id	cluster_id	cluster_name	select	label
A0A6I8TAI0	1	U-01	aegypti	Ae. aegypti
A0A6I8TAI2	1	U-01	aegypti	Ae. aegypti
A0A6I8TAI8	1	U-01	aegypti	Ae. aegypti
A0A6I8TAI9	1	U-01	aegypti	Ae. aegypti
A0A6I8TAJ1	0	unassigned	aegypti	Ae. aegypti
A0A6I8TAJ2	1	U-01	aegypti	Ae. aegypti
A0A6I8TAJ8	1	U-01	aegypti	Ae. aegypti
A0A6I8TAK4	1	U-01	aegypti	Ae. aegypti
A0A6I8TAK7	1	U-01	aegypti	Ae. aegypti
A0A6I8TAK8	1	U-01	aegypti	Ae. aegypti
A0A6I8TAK9	1	U-01	aegypti	Ae. aegypti
A0A6I8TAM0	1	U-01	aegypti	Ae. aegypti
A0A6I8TAM6	1	U-01	aegypti	Ae. aegypti
A0A6I8TAM7	0	unassigned	aegypti	Ae. aegypti
A0A6I8TAN0	1	U-01	aegypti	Ae. aegypti
A0A6I8TAN9	0	unassigned	aegypti	Ae. aegypti
A0A6I8TAP0	1	U-01	aegypti	Ae. aegypti
A0A6I8TAQ3	0	unassigned	aegypti	Ae. aegypti
A0A6I8TAS1	1	U-01	aegypti	Ae. aegypti
A0A6I8TAS4	1	U-01	aegypti	Ae. aegypti
A0A6I8TAS6	1	U-01	aegypti	Ae. aegypti
A0A6I8TAT9	1	U-01	aegypti	Ae. aegypti
A0A6I8TAU0	1	U-01	aegypti	Ae. aegypti
A0A6I8TAU1	1	U-01	aegypti	Ae. aegypti
A0A6I8TAU3	1	U-01	aegypti	Ae. aegypti
A0A6I8TAU6	1	U-01	aegypti	Ae. aegypti
A0A6I8TAU8	1	U-01	aegypti	Ae. aegypti
A0A6I8TAV1	1	U-01	aegypti	Ae. aegypti
A0A6I8TAV3	1	U-01	aegypti	Ae. aegypti
A0A6I8TAV6	1	U-01	aegypti	Ae. aegypti
A0A6I8TAV8	1	U-01	aegypti	Ae. aegypti
A0A6I8TAW3	1	U-01	aegypti	Ae. aegypti
A0A6I8TAW6	1	U-01	aegypti	Ae. aegypti
A0A6I8TAW7	1	U-01	aegypti	Ae. aegypti
A0A6I8TAW8	1	U-01	aegypti	Ae. aegypti
A0A6I8TAW9	1	U-01	aegypti	Ae. aegypti
A0A6I8TAX3	1	U-01	aegypti	Ae. aegypti
A0A6I8TAX7	0	unassigned	aegypti	Ae. aegypti
A0A6I8TAX8	1	U-01	aegypti	Ae. aegypti
A0A6I8TAY6	1	U-01	aegypti	Ae. aegypti
A0A6I8TAY9	1	U-01	aegypti	Ae. aegypti
A0A6I8TAZ9	1	U-01	aegypti	Ae. aegypti
A0A6I8TB06	1	U-01	aegypti	Ae. aegypti
A0A6I8TB07	1	U-01	aegypti	Ae. aegypti
A0A6I8TB08	1	U-01	aegypti	Ae. aegypti
A0A6I8TB13	1	U-01	aegypti	Ae. aegypti
A0A6I8TB17	1	U-01	aegypti	Ae. aegypti
A0A6I8TB35	1	U-01	aegypti	Ae. aegypti
A0A6I8TB38	1	U-01	aegypti	Ae. aegypti
A0A6I8TB39	1	U-01	aegypti	Ae. aegypti
A0A6I8TB45	1	U-01	aegypti	Ae. aegypti
A0A6I8TB55	1	U-01	aegypti	Ae. aegypti
A0A6I8TB60	1	U-01	aegypti	Ae. aegypti
A0A6I8TB61	1	U-01	aegypti	Ae. aegypti
A0A6I8TB63	2	U-02	aegypti	Ae. aegypti
A0A6I8TB68	1	U-01	aegypti	Ae. aegypti
A0A6I8TB72	1	U-01	aegypti	Ae. aegypti
A0A6I8TB78	1	U-01	aegypti	Ae. aegypti
A0A6I8TB84	2	U-02	aegypti	Ae. aegypti
A0A6I8TB85	1	U-01	aegypti	Ae. aegypti
A0A6I8TB86	1	U-01	aegypti	Ae. aegypti
A0A6I8TB92	1	U-01	aegypti	Ae. aegypti
A0A6I8TB96	2	U-02	aegypti	Ae. aegypti
A0A6I8TB99	2	U-02	aegypti	Ae. aegypti
A0A6I8TBA3	1	U-01	aegypti	Ae. aegypti
A0A6I8TBA4	2	U-02	aegypti	Ae. aegypti
A0A6I8TBA9	1	U-01	aegypti	Ae. aegypti
A0A6I8TBB2	1	U-01	aegypti	Ae. aegypti
A0A6I8TBB6	1	U-01	aegypti	Ae. aegypti
A0A6I8TBB7	0	unassigned	aegypti	Ae. aegypti
A0A6I8TBC4	1	U-01	aegypti	Ae. aegypti
A0A6I8TBC6	2	U-02	aegypti	Ae. aegypti
A0A6I8TBC7	1	U-01	aegypti	Ae. aegypti
A0A6I8TBC9	2	U-02	aegypti	Ae. aegypti
A0A6I8TBD0	2	U-02	aegypti	Ae. aegypti
A0A6I8TBE3	1	U-01	aegypti	Ae. aegypti
A0A6I8TBE8	1	U-01	aegypti	Ae. aegypti
A0A6I8TBE9	1	U-01	aegypti	Ae. aegypti
A0A6I8TBF3	0	unassigned	aegypti	Ae. aegypti
A0A6I8TBF6	1	U-01	aegypti	Ae. aegypti
A0A6I8TBF7	0	unassigned	aegypti	Ae. aegypti
A0A6I8TBG0	0	unassigned	aegypti	Ae. aegypti
A0A6I8TBG4	2	U-02	aegypti	Ae. aegypti
A0A6I8TBG8	1	U-01	aegypti	Ae. aegypti
A0A6I8TBH9	1	U-01	aegypti	Ae. aegypti
A0A6I8TBI5	1	U-01	aegypti	Ae. aegypti
A0A6I8TBI9	2	U-02	aegypti	Ae. aegypti
A0A6I8TBJ4	1	U-01	aegypti	Ae. aegypti
A0A6I8TBK2	1	U-01	aegypti	Ae. aegypti
A0A6I8TBK3	1	U-01	aegypti	Ae. aegypti
A0A6I8TBK9	2	U-02	aegypti	Ae. aegypti
A0A6I8TBL6	1	U-01	aegypti	Ae. aegypti
A0A6I8TBL9	1	U-01	aegypti	Ae. aegypti
A0A6I8TBM3	1	U-01	aegypti	Ae. aegypti
A0A6I8TBM6	2	U-02	aegypti	Ae. aegypti
A0A6I8TBN6	1	U-01	aegypti	Ae. aegypti
A0A6I8TBN7	2	U-02	aegypti	Ae. aegypti
A0A6I8TBN8	1	U-01	aegypti	Ae. aegypti
A0A6I8TBQ0	1	U-01	aegypti	Ae. aegypti
A0A6I8TBQ8	1	U-01	aegypti	Ae. aegypti
A0A903USJ6	1	U-01	aegypti	Ae. aegypti
A0A903USL6	1	U-01	aegypti	Ae. aegypti
A0A903USX0	2	U-02	aegypti	Ae. aegypti
A0A903UT22	2	U-02	aegypti	Ae. aegypti
A0A903UT36	1	U-01	aegypti	Ae. aegypti
A0A903UT81	1	U-01	aegypti	Ae. aegypti
A0A903UT98	1	U-01	aegypti	Ae. aegypti
A0A903UTA3	0	unassigned	aegypti	Ae. aegypti
A0A903UTH9	1	U-01	aegypti	Ae. aegypti
A0A903UTI3	1	U-01	aegypti	Ae. aegypti
A0A903UTM0	1	U-01	aegypti	Ae. aegypti
A0A903UTM5	1	U-01	aegypti	Ae. aegypti
A0A903UTN9	1	U-01	aegypti	Ae. aegypti
A0A903UTP2	1	U-01	aegypti	Ae. aegypti
A0A903UTX1	1	U-01	aegypti	Ae. aegypti
A0A903UTY4	1	U-01	aegypti	Ae. aegypti
A0A903UU00	1	U-01	aegypti	Ae. aegypti
A0A903UU26	1	U-01	aegypti	Ae. aegypti
A0A903UUG4	1	U-01	aegypti	Ae. aegypti
A0A903UUJ4	1	U-01	aegypti	Ae. aegypti
A0A903UUL9	1	U-01	aegypti	Ae. aegypti
A0A903UUM8	1	U-01	aegypti	Ae. aegypti
A0A903UUU2	0	unassigned	aegypti	Ae. aegypti
A0A903UUU3	1	U-01	aegypti	Ae. aegypti
A0A903UUV5	1	U-01	aegypti	Ae. aegypti
A0A903UV08	2	U-02	aegypti	Ae. aegypti
A0A903UV14	1	U-01	aegypti	Ae. aegypti
A0A903UV55	1	U-01	aegypti	Ae. aegypti
A0A903UV80	1	U-01	aegypti	Ae. aegypti
A0A903UV86	1	U-01	aegypti	Ae. aegypti
A0A903UVA8	1	U-01	aegypti	Ae. aegypti
A0A903UVT1	2	U-02	aegypti	Ae. aegypti
A0A903UVX0	1	U-01	aegypti	Ae. aegypti
A0A903UW21	1	U-01	aegypti	Ae. aegypti
A0A903UWF1	2	U-02	aegypti	Ae. aegypti
A0A903UWI4	1	U-01	aegypti	Ae. aegypti
A0A903UWU0	1	U-01	aegypti	Ae. aegypti
A0A903UWW5	2	U-02	aegypti	Ae. aegypti
A0A903UWX1	1	U-01	aegypti	Ae. aegypti
A0A903UWX4	1	U-01	aegypti	Ae. aegypti
A0A903UWY5	1	U-01	aegypti	Ae. aegypti
A0A903UWY6	0	unassigned	aegypti	Ae. aegypti
A0A903UWY9	1	U-01	aegypti	Ae. aegypti
A0A903UX01	2	U-02	aegypti	Ae. aegypti
A0A903UX20	1	U-01	aegypti	Ae. aegypti
A0A903UX31	1	U-01	aegypti	Ae. aegypti
A0A903UX33	0	unassigned	aegypti	Ae. aegypti
A0A903UXH1	1	U-01	aegypti	Ae. aegypti
A0A903UXH6	1	U-01	aegypti	Ae. aegypti
A0A903UXI0	1	U-01	aegypti	Ae. aegypti
A0A903UXI5	2	U-02	aegypti	Ae. aegypti
A0A903UXI7	2	U-02	aegypti	Ae. aegypti
A0A903UXK8	2	U-02	aegypti	Ae. aegypti
A0A903UXN3	1	U-01	aegypti	Ae. aegypti
A0A903UXT8	2	U-02	aegypti	Ae. aegypti
A0A903UY39	1	U-01	aegypti	Ae. aegypti
A0A903UY76	1	U-01	aegypti	Ae. aegypti
A0A903UY91	1	U-01	aegypti	Ae. aegypti
A0A903UYA9	2	U-02	aegypti	Ae. aegypti
A0A903UYF4	1	U-01	aegypti	Ae. aegypti
A0A903UYG1	0	unassigned	aegypti	Ae. aegypti
A0A903UYI8	1	U-01	aegypti	Ae. aegypti
A0A903UYI9	1	U-01	aegypti	Ae. aegypti
A0A903UYK2	0	unassigned	aegypti	Ae. aegypti
A0A903UYL6	1	U-01	aegypti	Ae. aegypti
A0A903UYL8	1	U-01	aegypti	Ae. aegypti
A0A903UYM2	1	U-01	aegypti	Ae. aegypti
A0A903UYQ9	1	U-01	aegypti	Ae. aegypti
A0A903UYS2	1	U-01	aegypti	Ae. aegypti
A0A903UYS3	1	U-01	aegypti	Ae. aegypti
A0A903UYU4	1	U-01	aegypti	Ae. aegypti
A0A903UYV4	1	U-01	aegypti	Ae. aegypti
A0A903UYY5	2	U-02	aegypti	Ae. aegypti
A0A903UZ08	1	U-01	aegypti	Ae. aegypti
A0A903UZ22	2	U-02	aegypti	Ae. aegypti
A0A903UZ34	1	U-01	aegypti	Ae. aegypti
A0A903UZ40	1	U-01	aegypti	Ae. aegypti
A0A903UZ52	1	U-01	aegypti	Ae. aegypti
A0A903UZA2	1	U-01	aegypti	Ae. aegypti
A0A903UZA4	1	U-01	aegypti	Ae. aegypti
A0A903UZB2	1	U-01	aegypti	Ae. aegypti
A0A903UZD3	0	unassigned	aegypti	Ae. aegypti
A0A903UZF8	1	U-01	aegypti	Ae. aegypti
A0A903UZG7	1	U-01	aegypti	Ae. aegypti
A0A903UZI2	1	U-01	aegypti	Ae. aegypti
A0A903UZJ6	2	U-02	aegypti	Ae. aegypti
A0A903UZJ8	1	U-01	aegypti	Ae. aegypti
A0A903UZK2	1	U-01	aegypti	Ae. aegypti
A0A903UZK5	1	U-01	aegypti	Ae. aegypti
Q16IJ3	1	U-01	aegypti	Ae. aegypti
Q16IK4	1	U-01	aegypti	Ae. aegypti
Q16IW1	1	U-01	aegypti	Ae. aegypti
Q16IW3	0	unassigned	aegypti	Ae. aegypti
Q16J86	1	U-01	aegypti	Ae. aegypti
Q16J98	1	U-01	aegypti	Ae. aegypti
Q16JA1	1	U-01	aegypti	Ae. aegypti
Q16JQ4	1	U-01	aegypti	Ae. aegypti
Q16JS5	1	U-01	aegypti	Ae. aegypti
Q16JS8	1	U-01	aegypti	Ae. aegypti
Q16K18	1	U-01	aegypti	Ae. aegypti
A0A6I8TJD7	1	U-01	aegypti	Ae. aegypti
A0A6I8TJE0	1	U-01	aegypti	Ae. aegypti
A0A6I8TJE3	1	U-01	aegypti	Ae. aegypti
A0A6I8TJE6	1	U-01	aegypti	Ae. aegypti
A0A6I8TJF2	1	U-01	aegypti	Ae. aegypti
A0A6I8TJG2	1	U-01	aegypti	Ae. aegypti
A0A6I8TJG5	1	U-01	aegypti	Ae. aegypti
A0A6I8TJG8	1	U-01	aegypti	Ae. aegypti
A0A6I8TJH2	1	U-01	aegypti	Ae. aegypti
A0A6I8TJH5	1	U-01	aegypti	Ae. aegypti
A0A6I8TJH8	1	U-01	aegypti	Ae. aegypti
A0A6I8TJH9	1	U-01	aegypti	Ae. aegypti
A0A6I8TJI8	2	U-02	aegypti	Ae. aegypti
A0A6I8TJI9	1	U-01	aegypti	Ae. aegypti
A0A6I8TJJ5	1	U-01	aegypti	Ae. aegypti
A0A6I8TJJ7	1	U-01	aegypti	Ae. aegypti
A0A6I8TJK0	2	U-02	aegypti	Ae. aegypti
A0A6I8TJK1	1	U-01	aegypti	Ae. aegypti
A0A6I8TJK7	1	U-01	aegypti	Ae. aegypti
A0A6I8TJK9	0	unassigned	aegypti	Ae. aegypti
A0A6I8TJL3	0	unassigned	aegypti	Ae. aegypti
A0A6I8TJL5	1	U-01	aegypti	Ae. aegypti
A0A6I8TJL6	0	unassigned	aegypti	Ae. aegypti
A0A6I8TJL9	1	U-01	aegypti	Ae. aegypti
A0A6I8TJM0	1	U-01	aegypti	Ae. aegypti
A0A6I8TJM4	0	unassigned	aegypti	Ae. aegypti
A0A6I8TJM5	1	U-01	aegypti	Ae. aegypti
A0A6I8TJM9	0	unassigned	aegypti	Ae. aegypti
A0A6I8TJP2	1	U-01	aegypti	Ae. aegypti
A0A6I8TJP6	1	U-01	aegypti	Ae. aegypti
A0A6I8TJP9	0	unassigned	aegypti	Ae. aegypti
A0A6I8TJQ2	1	U-01	aegypti	Ae. aegypti
A0A6I8TJQ3	2	U-02	aegypti	Ae. aegypti
A0A6I8TJQ4	0	unassigned	aegypti	Ae. aegypti
A0A6I8TJQ7	2	U-02	aegypti	Ae. aegypti
A0A6I8TJR1	1	U-01	aegypti	Ae. aegypti
A0A6I8TJR2	1	U-01	aegypti	Ae. aegypti
A0A6I8TJR4	1	U-01	aegypti	Ae. aegypti
A0A6I8TJR8	1	U-01	aegypti	Ae. aegypti
A0A6I8TJS8	0	unassigned	aegypti	Ae. aegypti
A0A6I8TJT4	0	unassigned	aegypti	Ae. aegypti
A0A6I8TJT8	1	U-01	aegypti	Ae. aegypti
A0A6I8TJU0	0	unassigned	aegypti	Ae. aegypti
A0A6I8TJU7	0	unassigned	aegypti	Ae. aegypti
A0A6I8TJV3	0	unassigned	aegypti	Ae. aegypti
A0A6I8TJV7	0	unassigned	aegypti	Ae. aegypti
A0A6I8TJV9	1	U-01	aegypti	Ae. aegypti
A0A6I8TJW0	1	U-01	aegypti	Ae. aegypti
A0A6I8TJW2	0	unassigned	aegypti	Ae. aegypti
A0A6I8TJW4	1	U-01	aegypti	Ae. aegypti
A0A6I8TJW5	0	unassigned	aegypti	Ae. aegypti
A0A6I8TJW7	1	U-01	aegypti	Ae. aegypti
A0A6I8TJX3	0	unassigned	aegypti	Ae. aegypti
A0A6I8TJX7	1	U-01	aegypti	Ae. aegypti
A0A6I8TJX9	0	unassigned	aegypti	Ae. aegypti
A0A6I8TJY0	0	unassigned	aegypti	Ae. aegypti
A0A6I8TJY1	1	U-01	aegypti	Ae. aegypti
A0A6I8TJY6	0	unassigned	aegypti	Ae. aegypti
A0A6I8TJY9	0	unassigned	aegypti	Ae. aegypti
A0A6I8TJZ3	1	U-01	aegypti	Ae. aegypti
A0A6I8TJZ4	2	U-02	aegypti	Ae. aegypti
A0A6I8TJZ9	1	U-01	aegypti	Ae. aegypti
A0A6I8TK16	1	U-01	aegypti	Ae. aegypti
A0A6I8TK21	1	U-01	aegypti	Ae. aegypti
A0A6I8TK24	0	unassigned	aegypti	Ae. aegypti
A0A6I8TK26	1	U-01	aegypti	Ae. aegypti
A0A6I8TK28	1	U-01	aegypti	Ae. aegypti
A0A6I8TK33	1	U-01	aegypti	Ae. aegypti
A0A6I8TK35	2	U-02	aegypti	Ae. aegypti
A0A6I8TK38	1	U-01	aegypti	Ae. aegypti
A0A6I8TK40	2	U-02	aegypti	Ae. aegypti
A0A6I8TK43	1	U-01	aegypti	Ae. aegypti
A0A6I8TK48	0	unassigned	aegypti	Ae. aegypti
A0A6I8TK53	1	U-01	aegypti	Ae. aegypti
A0A6I8TK59	1	U-01	aegypti	Ae. aegypti
A0A6I8TK61	2	U-02	aegypti	Ae. aegypti
A0A6I8TK65	0	unassigned	aegypti	Ae. aegypti
A0A6I8TK66	2	U-02	aegypti	Ae. aegypti
A0A6I8TK69	1	U-01	aegypti	Ae. aegypti
A0A6I8TK78	0	unassigned	aegypti	Ae. aegypti
A0A6I8TK79	0	unassigned	aegypti	Ae. aegypti
A0A6I8TK83	0	unassigned	aegypti	Ae. aegypti
A0A6I8TK84	1	U-01	aegypti	Ae. aegypti
A0A6I8TK86	2	U-02	aegypti	Ae. aegypti
A0A6I8TK95	2	U-02	aegypti	Ae. aegypti
A0A6I8TKA1	1	U-01	aegypti	Ae. aegypti
A0A6I8TKA6	1	U-01	aegypti	Ae. aegypti
A0A6I8TKA7	1	U-01	aegypti	Ae. aegypti
A0A6I8TKA9	1	U-01	aegypti	Ae. aegypti
A0A6I8TKC1	2	U-02	aegypti	Ae. aegypti
A0A6I8TKC8	0	unassigned	aegypti	Ae. aegypti
A0A6I8TKD2	1	U-01	aegypti	Ae. aegypti
A0A6I8TKD9	1	U-01	aegypti	Ae. aegypti
A0A6I8TKE0	1	U-01	aegypti	Ae. aegypti
A0A6I8TKE3	1	U-01	aegypti	Ae. aegypti
A0A6I8TKE6	1	U-01	aegypti	Ae. aegypti
A0A6I8TKE8	1	U-01	aegypti	Ae. aegypti
A0A6I8TKF0	1	U-01	aegypti	Ae. aegypti
A0A6I8TKF1	2	U-02	aegypti	Ae. aegypti
A0A6I8TKF3	2	U-02	aegypti	Ae. aegypti
A0A6I8TLP9	1	U-01	aegypti	Ae. aegypti
A0A6I8TLR1	1	U-01	aegypti	Ae. aegypti
A0A6I8TLR9	1	U-01	aegypti	Ae. aegypti
A0A6I8TLT8	1	U-01	aegypti	Ae. aegypti
A0A6I8TLX0	1	U-01	aegypti	Ae. aegypti
A0A6I8TM30	1	U-01	aegypti	Ae. aegypti
A0A6I8TM34	1	U-01	aegypti	Ae. aegypti
A0A6I8TM87	1	U-01	aegypti	Ae. aegypti
A0A6I8TMA6	1	U-01	aegypti	Ae. aegypti
A0A6I8TMB1	1	U-01	aegypti	Ae. aegypti
A0A6I8TMI4	1	U-01	aegypti	Ae. aegypti
A0A6I8TMI8	1	U-01	aegypti	Ae. aegypti
A0A6I8TMJ9	1	U-01	aegypti	Ae. aegypti
A0A6I8TMN7	2	U-02	aegypti	Ae. aegypti
A0A6I8TMP3	1	U-01	aegypti	Ae. aegypti
A0A6I8TMR1	1	U-01	aegypti	Ae. aegypti
A0A6I8TMR7	1	U-01	aegypti	Ae. aegypti
A0A6I8TMT0	2	U-02	aegypti	Ae. aegypti
A0A6I8TN45	1	U-01	aegypti	Ae. aegypti
A0A6I8TN70	1	U-01	aegypti	Ae. aegypti
A0A6I8TNA1	1	U-01	aegypti	Ae. aegypti
A0A6I8TNC4	2	U-02	aegypti	Ae. aegypti
A0A6I8TND0	1	U-01	aegypti	Ae. aegypti
A0A6I8TNE0	1	U-01	aegypti	Ae. aegypti
A0A6I8TNF2	1	U-01	aegypti	Ae. aegypti
A0A6I8TNG5	0	unassigned	aegypti	Ae. aegypti
A0A6I8TNH7	1	U-01	aegypti	Ae. aegypti
A0A6I8TNN4	1	U-01	aegypti	Ae. aegypti
A0A6I8TP02	1	U-01	aegypti	Ae. aegypti
A0A6I8TP10	1	U-01	aegypti	Ae. aegypti
A0A6I8TP24	1	U-01	aegypti	Ae. aegypti
A0A6I8TP51	1	U-01	aegypti	Ae. aegypti
A0A6I8TP77	1	U-01	aegypti	Ae. aegypti
A0A6I8TP78	2	U-02	aegypti	Ae. aegypti
A0A6I8TPA5	0	unassigned	aegypti	Ae. aegypti
A0A6I8TPA8	1	U-01	aegypti	Ae. aegypti
A0A6I8TPB2	1	U-01	aegypti	Ae. aegypti
A0A6I8TPF8	1	U-01	aegypti	Ae. aegypti
A0A6I8TPI8	0	unassigned	aegypti	Ae. aegypti
A0A6I8TPP0	2	U-02	aegypti	Ae. aegypti
A0A6I8TPU1	1	U-01	aegypti	Ae. aegypti
A0A6I8TPU6	1	U-01	aegypti	Ae. aegypti
A0A6I8TPW0	1	U-01	aegypti	Ae. aegypti
A0A6I8TPW9	1	U-01	aegypti	Ae. aegypti
A0A6I8TQ25	1	U-01	aegypti	Ae. aegypti
A0A6I8TQ64	1	U-01	aegypti	Ae. aegypti
A0A6I8TQ65	1	U-01	aegypti	Ae. aegypti
A0A6I8TQ66	2	U-02	aegypti	Ae. aegypti
A0A6I8TQ80	1	U-01	aegypti	Ae. aegypti
A0A6I8TQ89	1	U-01	aegypti	Ae. aegypti
A0A6I8TQA0	1	U-01	aegypti	Ae. aegypti
A0A6I8TQE7	1	U-01	aegypti	Ae. aegypti
A0A6I8TQF4	1	U-01	aegypti	Ae. aegypti
A0A6I8TQG6	1	U-01	aegypti	Ae. aegypti
A0A6I8TQI1	1	U-01	aegypti	Ae. aegypti
A0A6I8TQN0	1	U-01	aegypti	Ae. aegypti
A0A6I8TQP6	1	U-01	aegypti	Ae. aegypti
A0A6I8TQW2	0	unassigned	aegypti	Ae. aegypti
A0A6I8TQW7	0	unassigned	aegypti	Ae. aegypti
A0A6I8TQX9	1	U-01	aegypti	Ae. aegypti
A0A6I8TQZ0	1	U-01	aegypti	Ae. aegypti
A0A6I8TR02	2	U-02	aegypti	Ae. aegypti
A0A6I8TR27	1	U-01	aegypti	Ae. aegypti
A0A6I8TR30	1	U-01	aegypti	Ae. aegypti
A0A6I8TR76	1	U-01	aegypti	Ae. aegypti
A0A6I8TRA4	1	U-01	aegypti	Ae. aegypti
A0A6I8TRJ2	2	U-02	aegypti	Ae. aegypti
A0A6I8TRK2	1	U-01	aegypti	Ae. aegypti
A0A6I8TRL9	1	U-01	aegypti	Ae. aegypti
A0A6I8TRM6	1	U-01	aegypti	Ae. aegypti
A0A6I8TRN0	1	U-01	aegypti	Ae. aegypti
A0A6I8TFX4	2	U-02	aegypti	Ae. aegypti
A0A6I8TFX5	1	U-01	aegypti	Ae. aegypti
A0A6I8TFY7	1	U-01	aegypti	Ae. aegypti
A0A6I8TFZ0	1	U-01	aegypti	Ae. aegypti
A0A6I8TFZ6	1	U-01	aegypti	Ae. aegypti
A0A6I8TFZ7	1	U-01	aegypti	Ae. aegypti
A0A6I8TG08	1	U-01	aegypti	Ae. aegypti
A0A6I8TG13	1	U-01	aegypti	Ae. aegypti
A0A6I8TG15	1	U-01	aegypti	Ae. aegypti
A0A6I8TG18	2	U-02	aegypti	Ae. aegypti
A0A6I8TG24	2	U-02	aegypti	Ae. aegypti
A0A6I8TG26	1	U-01	aegypti	Ae. aegypti
A0A6I8TG29	1	U-01	aegypti	Ae. aegypti
A0A6I8TG30	1	U-01	aegypti	Ae. aegypti
A0A6I8TG41	1	U-01	aegypti	Ae. aegypti
A0A6I8TG42	1	U-01	aegypti	Ae. aegypti
A0A6I8TG43	2	U-02	aegypti	Ae. aegypti
A0A6I8TG51	1	U-01	aegypti	Ae. aegypti
A0A6I8TG58	0	unassigned	aegypti	Ae. aegypti
A0A6I8TG62	1	U-01	aegypti	Ae. aegypti
A0A6I8TG64	1	U-01	aegypti	Ae. aegypti
A0A6I8TG66	2	U-02	aegypti	Ae. aegypti
A0A6I8TG68	1	U-01	aegypti	Ae. aegypti
A0A6I8TG73	1	U-01	aegypti	Ae. aegypti
A0A6I8TG74	1	U-01	aegypti	Ae. aegypti
A0A6I8TG75	1	U-01	aegypti	Ae. aegypti
A0A6I8TG83	2	U-02	aegypti	Ae. aegypti
A0A6I8TG86	1	U-01	aegypti	Ae. aegypti
A0A6I8TG89	2	U-02	aegypti	Ae. aegypti
A0A6I8TQ74	1	U-01	aegypti	Ae. aegypti
A0A6I8TQ77	0	unassigned	aegypti	Ae. aegypti
A0A6I8TQ81	2	U-02	aegypti	Ae. aegypti
A0A6I8TQ84	1	U-01	aegypti	Ae. aegypti
A0A6I8TQ88	1	U-01	aegypti	Ae. aegypti
A0A6I8TQ90	1	U-01	aegypti	Ae. aegypti
A0A6I8TQ91	1	U-01	aegypti	Ae. aegypti
A0A6I8TQ92	1	U-01	aegypti	Ae. aegypti
A0A6I8TQ96	2	U-02	aegypti	Ae. aegypti
A0A6I8TQA1	1	U-01	aegypti	Ae. aegypti
A0A6I8TQA5	1	U-01	aegypti	Ae. aegypti
A0A6I8TQA6	0	unassigned	aegypti	Ae. aegypti
A0A6I8TQA8	2	U-02	aegypti	Ae. aegypti
A0A6I8TQA9	2	U-02	aegypti	Ae. aegypti
A0A6I8TQB1	2	U-02	aegypti	Ae. aegypti
A0A6I8TQB2	1	U-01	aegypti	Ae. aegypti
A0A6I8TQB6	1	U-01	aegypti	Ae. aegypti
A0A6I8TQC0	1	U-01	aegypti	Ae. aegypti
A0A6I8TQC4	1	U-01	aegypti	Ae. aegypti
A0A6I8TQC5	1	U-01	aegypti	Ae. aegypti
A0A6I8TQC7	1	U-01	aegypti	Ae. aegypti
A0A6I8TQD2	1	U-01	aegypti	Ae. aegypti
A0A6I8TQD5	1	U-01	aegypti	Ae. aegypti
A0A6I8TQE0	2	U-02	aegypti	Ae. aegypti
A0A6I8TQE4	1	U-01	aegypti	Ae. aegypti
A0A6I8TQF5	0	unassigned	aegypti	Ae. aegypti
A0A6I8TQF9	1	U-01	aegypti	Ae. aegypti
A0A6I8TQG0	2	U-02	aegypti	Ae. aegypti
A0A6I8TQG2	0	unassigned	aegypti	Ae. aegypti
A0A6I8TQG5	1	U-01	aegypti	Ae. aegypti
A0A6I8TQG8	1	U-01	aegypti	Ae. aegypti
A0A6I8TQG9	0	unassigned	aegypti	Ae. aegypti
A0A6I8TQH1	1	U-01	aegypti	Ae. aegypti
A0A6I8TQH4	0	unassigned	aegypti	Ae. aegypti
A0A6I8TQH8	0	unassigned	aegypti	Ae. aegypti
A0A6I8TQH9	2	U-02	aegypti	Ae. aegypti
A0A6I8TQI3	1	U-01	aegypti	Ae. aegypti
A0A6I8TQI9	2	U-02	aegypti	Ae. aegypti
A0A6I8TQJ5	0	unassigned	aegypti	Ae. aegypti
A0A6I8TQJ8	2	U-02	aegypti	Ae. aegypti
A0A6I8TQK3	1	U-01	aegypti	Ae. aegypti
A0A6I8TQK4	1	U-01	aegypti	Ae. aegypti
A0A6I8TQK5	1	U-01	aegypti	Ae. aegypti
A0A6I8TQK6	1	U-01	aegypti	Ae. aegypti
A0A6I8TQK8	1	U-01	aegypti	Ae. aegypti
A0A6I8TQK9	2	U-02	aegypti	Ae. aegypti
A0A6I8TQL0	2	U-02	aegypti	Ae. aegypti
A0A6I8TQL4	1	U-01	aegypti	Ae. aegypti
A0A6I8TQL6	1	U-01	aegypti	Ae. aegypti
A0A6I8TQM9	1	U-01	aegypti	Ae. aegypti
A0A6I8TQN4	0	unassigned	aegypti	Ae. aegypti
A0A6I8TQN9	1	U-01	aegypti	Ae. aegypti
A0A6I8TQP0	2	U-02	aegypti	Ae. aegypti
A0A6I8TQP2	1	U-01	aegypti	Ae. aegypti
A0A6I8TQP3	1	U-01	aegypti	Ae. aegypti
A0A6I8TQQ1	0	unassigned	aegypti	Ae. aegypti
A0A6I8TQR4	2	U-02	aegypti	Ae. aegypti
A0A6I8TQR5	1	U-01	aegypti	Ae. aegypti
A0A6I8TQR7	1	U-01	aegypti	Ae. aegypti
A0A6I8TQR8	0	unassigned	aegypti	Ae. aegypti
A0A6I8TQS0	1	U-01	aegypti	Ae. aegypti
A0A6I8TQS1	0	unassigned	aegypti	Ae. aegypti
A0A6I8TQS3	2	U-02	aegypti	Ae. aegypti
A0A6I8TQS8	2	U-02	aegypti	Ae. aegypti
A0A6I8TQT3	1	U-01	aegypti	Ae. aegypti
A0A6I8TQT5	1	U-01	aegypti	Ae. aegypti
A0A6I8TQT6	2	U-02	aegypti	Ae. aegypti
A0A6I8TQU2	0	unassigned	aegypti	Ae. aegypti
A0A6I8TQU3	0	unassigned	aegypti	Ae. aegypti
A0A6I8TQU9	2	U-02	aegypti	Ae. aegypti
A0A6I8TQV2	2	U-02	aegypti	Ae. aegypti
A0A6I8TQV6	2	U-02	aegypti	Ae. aegypti
A0A6I8TQV7	1	U-01	aegypti	Ae. aegypti
A0A6I8TQW3	2	U-02	aegypti	Ae. aegypti
A0A6I8TQW6	2	U-02	aegypti	Ae. aegypti
A0A6I8TQW8	1	U-01	aegypti	Ae. aegypti
A0A6I8TQW9	2	U-02	aegypti	Ae. aegypti
A0A6I8TQX5	1	U-01	aegypti	Ae. aegypti
A0A6I8TQX6	1	U-01	aegypti	Ae. aegypti
A0A6I8TQY0	1	U-01	aegypti	Ae. aegypti
A0A6I8TQY2	1	U-01	aegypti	Ae. aegypti
A0A6I8TQY7	1	U-01	aegypti	Ae. aegypti
A0A6I8TQY9	1	U-01	aegypti	Ae. aegypti
A0A6I8TQZ1	1	U-01	aegypti	Ae. aegypti
A0A6I8TQZ3	1	U-01	aegypti	Ae. aegypti
A0A6I8TQZ8	1	U-01	aegypti	Ae. aegypti
A0A6I8TR00	1	U-01	aegypti	Ae. aegypti
A0A6I8TR04	1	U-01	aegypti	Ae. aegypti
A0A6I8TR05	2	U-02	aegypti	Ae. aegypti
A0A6I8TR08	1	U-01	aegypti	Ae. aegypti
A0A6I8TR10	1	U-01	aegypti	Ae. aegypti
A0A6I8TR11	1	U-01	aegypti	Ae. aegypti
A0A6I8TR15	1	U-01	aegypti	Ae. aegypti
A0A6I8TR17	2	U-02	aegypti	Ae. aegypti
A0A6I8TR18	1	U-01	aegypti	Ae. aegypti
A0A6I8TR19	1	U-01	aegypti	Ae. aegypti
A0A6I8TR21	1	U-01	aegypti	Ae. aegypti
A0A6I8TR24	1	U-01	aegypti	Ae. aegypti
A0A6I8TR26	1	U-01	aegypti	Ae. aegypti
A0A6I8TR29	2	U-02	aegypti	Ae. aegypti
A0A6I8TW83	0	unassigned	aegypti	Ae. aegypti
A0A6I8TW85	2	U-02	aegypti	Ae. aegypti
A0A6I8TW88	1	U-01	aegypti	Ae. aegypti
A0A6I8TW93	1	U-01	aegypti	Ae. aegypti
A0A6I8TW96	0	unassigned	aegypti	Ae. aegypti
A0A6I8TWA5	2	U-02	aegypti	Ae. aegypti
A0A6I8TWA7	0	unassigned	aegypti	Ae. aegypti
A0A6I8TZ43	1	U-01	aegypti	Ae. aegypti
A0A6I8TZ49	1	U-01	aegypti	Ae. aegypti
A0A6I8TZ50	1	U-01	aegypti	Ae. aegypti
A0A6I8TZ51	1	U-01	aegypti	Ae. aegypti
A0A6I8TZ58	1	U-01	aegypti	Ae. aegypti
A0A6I8TZ60	1	U-01	aegypti	Ae. aegypti
A0A6I8TZ67	1	U-01	aegypti	Ae. aegypti
A0A6I8TZ69	1	U-01	aegypti	Ae. aegypti
A0A6I8TZ71	1	U-01	aegypti	Ae. aegypti
A0A6I8TZ77	2	U-02	aegypti	Ae. aegypti
A0A6I8TZ78	1	U-01	aegypti	Ae. aegypti
A0A6I8TZ79	1	U-01	aegypti	Ae. aegypti
A0A6I8TZ80	2	U-02	aegypti	Ae. aegypti
A0A6I8TZ83	1	U-01	aegypti	Ae. aegypti
A0A6I8TZ94	1	U-01	aegypti	Ae. aegypti
A0A6I8TZ98	1	U-01	aegypti	Ae. aegypti
A0A6I8TZA0	1	U-01	aegypti	Ae. aegypti
A0A6I8TZA1	1	U-01	aegypti	Ae. aegypti
A0A6I8TZB2	1	U-01	aegypti	Ae. aegypti
A0A6I8TZB5	2	U-02	aegypti	Ae. aegypti
A0A6I8TZB8	1	U-01	aegypti	Ae. aegypti
A0A6I8TZC1	1	U-01	aegypti	Ae. aegypti
A0A6I8TZC8	1	U-01	aegypti	Ae. aegypti
A0A6I8TZD0	1	U-01	aegypti	Ae. aegypti
A0A6I8TZE0	1	U-01	aegypti	Ae. aegypti
A0A6I8TZE1	2	U-02	aegypti	Ae. aegypti
A0A6I8TZE2	2	U-02	aegypti	Ae. aegypti
A0A6I8TZE5	1	U-01	aegypti	Ae. aegypti
A0A6I8TZE8	1	U-01	aegypti	Ae. aegypti
A0A6I8TZF0	0	unassigned	aegypti	Ae. aegypti
A0A6I8TZF3	2	U-02	aegypti	Ae. aegypti
A0A6I8TZF4	0	unassigned	aegypti	Ae. aegypti
A0A6I8TZG1	1	U-01	aegypti	Ae. aegypti
A0A6I8TZG7	1	U-01	aegypti	Ae. aegypti
A0A6I8TZH6	1	U-01	aegypti	Ae. aegypti
A0A6I8TZH7	1	U-01	aegypti	Ae. aegypti
A0A6I8TZI0	0	unassigned	aegypti	Ae. aegypti
A0A6I8TZI4	1	U-01	aegypti	Ae. aegypti
A0A6I8TZK2	1	U-01	aegypti	Ae. aegypti
A0A6I8TZK6	1	U-01	aegypti	Ae. aegypti
A0A6I8TZL2	1	U-01	aegypti	Ae. aegypti
A0A6I8TZL8	2	U-02	aegypti	Ae. aegypti
A0A6I8TZM3	2	U-02	aegypti	Ae. aegypti
A0A6I8TZM4	1	U-01	aegypti	Ae. aegypti
A0A6I8TZM7	1	U-01	aegypti	Ae. aegypti
A0A6I8TZM8	1	U-01	aegypti	Ae. aegypti
A0A6I8TZN1	1	U-01	aegypti	Ae. aegypti
A0A6I8TZN3	1	U-01	aegypti	Ae. aegypti
A0A6I8TZN7	1	U-01	aegypti	Ae. aegypti
A0A6I8TZQ7	1	U-01	aegypti	Ae. aegypti
A0A6I8TZQ8	0	unassigned	aegypti	Ae. aegypti
A0A6I8TZQ9	1	U-01	aegypti	Ae. aegypti
A0A6I8TZR1	1	U-01	aegypti	Ae. aegypti
A0A6I8TZR2	1	U-01	aegypti	Ae. aegypti
A0A6I8TZR3	1	U-01	aegypti	Ae. aegypti
A0A6I8TZR4	1	U-01	aegypti	Ae. aegypti
A0A6I8TZR5	1	U-01	aegypti	Ae. aegypti
A0A6I8TZR7	1	U-01	aegypti	Ae. aegypti
A0A6I8TZS0	1	U-01	aegypti	Ae. aegypti
A0A6I8TZS7	2	U-02	aegypti	Ae. aegypti
A0A6I8TZT4	1	U-01	aegypti	Ae. aegypti
A0A6I8TZT6	1	U-01	aegypti	Ae. aegypti
A0A6I8TZT7	2	U-02	aegypti	Ae. aegypti
A0A6I8TZV4	1	U-01	aegypti	Ae. aegypti
A0A6I8TZV6	1	U-01	aegypti	Ae. aegypti
A0A6I8TZW9	1	U-01	aegypti	Ae. aegypti
A0A6I8TZX0	0	unassigned	aegypti	Ae. aegypti
A0A6I8TZX2	1	U-01	aegypti	Ae. aegypti
A0A6I8TZX8	1	U-01	aegypti	Ae. aegypti
A0A6I8TZX9	1	U-01	aegypti	Ae. aegypti
A0A6I8TZY0	2	U-02	aegypti	Ae. aegypti
A0A6I8TZY9	1	U-01	aegypti	Ae. aegypti
A0A6I8U003	2	U-02	aegypti	Ae. aegypti
A0A6I8U005	1	U-01	aegypti	Ae. aegypti
A0A6I8U015	1	U-01	aegypti	Ae. aegypti
A0A6I8U024	1	U-01	aegypti	Ae. aegypti
A0A6I8U026	2	U-02	aegypti	Ae. aegypti
A0A6I8U027	0	unassigned	aegypti	Ae. aegypti
A0A6I8U035	1	U-01	aegypti	Ae. aegypti
A0A6I8U036	1	U-01	aegypti	Ae. aegypti
A0A6I8U039	1	U-01	aegypti	Ae. aegypti
A0A6I8U054	1	U-01	aegypti	Ae. aegypti
A0A6I8U057	2	U-02	aegypti	Ae. aegypti
A0A6I8U071	0	unassigned	aegypti	Ae. aegypti
A0A6I8U081	1	U-01	aegypti	Ae. aegypti
A0A6I8U086	1	U-01	aegypti	Ae. aegypti
A0A6I8U090	1	U-01	aegypti	Ae. aegypti
A0A6I8U093	1	U-01	aegypti	Ae. aegypti
A0A6I8U094	1	U-01	aegypti	Ae. aegypti
A0A6I8U095	2	U-02	aegypti	Ae. aegypti
A0A6I8U098	1	U-01	aegypti	Ae. aegypti
A0A6I8U0A1	1	U-01	aegypti	Ae. aegypti
A0A6I8U0A3	1	U-01	aegypti	Ae. aegypti
A0A6I8TY24	1	U-01	aegypti	Ae. aegypti
A0A6I8TY28	2	U-02	aegypti	Ae. aegypti
A0A6I8TY29	1	U-01	aegypti	Ae. aegypti
A0A6I8TY30	0	unassigned	aegypti	Ae. aegypti
A0A6I8TY32	2	U-02	aegypti	Ae. aegypti
A0A6I8TY37	1	U-01	aegypti	Ae. aegypti
A0A6I8TY38	0	unassigned	aegypti	Ae. aegypti
A0A6I8TY41	0	unassigned	aegypti	Ae. aegypti
A0A6I8TY42	1	U-01	aegypti	Ae. aegypti
A0A6I8TY44	0	unassigned	aegypti	Ae. aegypti
A0A6I8TY49	1	U-01	aegypti	Ae. aegypti
A0A6I8TY51	1	U-01	aegypti	Ae. aegypti
A0A6I8TY54	1	U-01	aegypti	Ae. aegypti
A0A6I8TY57	1	U-01	aegypti	Ae. aegypti
A0A6I8TY60	1	U-01	aegypti	Ae. aegypti
A0A6I8TY61	2	U-02	aegypti	Ae. aegypti
A0A6I8TY62	1	U-01	aegypti	Ae. aegypti
A0A6I8TY63	0	unassigned	aegypti	Ae. aegypti
A0A6I8TY68	1	U-01	aegypti	Ae. aegypti
A0A6I8TY69	2	U-02	aegypti	Ae. aegypti
A0A6I8TY71	2	U-02	aegypti	Ae. aegypti
A0A6I8TY72	0	unassigned	aegypti	Ae. aegypti
A0A6I8TY73	1	U-01	aegypti	Ae. aegypti
A0A6I8TY76	1	U-01	aegypti	Ae. aegypti
A0A6I8TY78	1	U-01	aegypti	Ae. aegypti
A0A6I8TY82	2	U-02	aegypti	Ae. aegypti
A0A6I8TY83	1	U-01	aegypti	Ae. aegypti
A0A6I8TY86	1	U-01	aegypti	Ae. aegypti
A0A6I8TY93	1	U-01	aegypti	Ae. aegypti
A0A6I8TY94	1	U-01	aegypti	Ae. aegypti
A0A6I8TY96	2	U-02	aegypti	Ae. aegypti
A0A6I8TY97	2	U-02	aegypti	Ae. aegypti
A0A6I8TY98	1	U-01	aegypti	Ae. aegypti
A0A6I8TY99	0	unassigned	aegypti	Ae. aegypti
A0A6I8TYA1	1	U-01	aegypti	Ae. aegypti
A0A6I8TYA2	0	unassigned	aegypti	Ae. aegypti
A0A6I8TYA3	1	U-01	aegypti	Ae. aegypti
A0A6I8TYA7	1	U-01	aegypti	Ae. aegypti
A0A6I8TYB0	1	U-01	aegypti	Ae. aegypti
A0A6I8TYB3	2	U-02	aegypti	Ae. aegypti
A0A6I8TYB5	1	U-01	aegypti	Ae. aegypti
A0A6I8TYC0	0	unassigned	aegypti	Ae. aegypti
A0A6I8TYC2	2	U-02	aegypti	Ae. aegypti
A0A6I8TYC3	1	U-01	aegypti	Ae. aegypti
A0A6I8TYC4	0	unassigned	aegypti	Ae. aegypti
A0A6I8TYC6	1	U-01	aegypti	Ae. aegypti
A0A6I8TYD0	0	unassigned	aegypti	Ae. aegypti
A0A6I8TYD1	2	U-02	aegypti	Ae. aegypti
A0A6I8TYD2	1	U-01	aegypti	Ae. aegypti
A0A6I8TYD3	0	unassigned	aegypti	Ae. aegypti
A0A6I8TYD5	1	U-01	aegypti	Ae. aegypti
A0A6I8TYE0	1	U-01	aegypti	Ae. aegypti
A0A6I8TYE2	1	U-01	aegypti	Ae. aegypti
A0A6I8TYE9	0	unassigned	aegypti	Ae. aegypti
A0A6I8TYF2	0	unassigned	aegypti	Ae. aegypti
A0A6I8TYF4	1	U-01	aegypti	Ae. aegypti
A0A6I8TYF6	1	U-01	aegypti	Ae. aegypti
A0A6I8TYG0	1	U-01	aegypti	Ae. aegypti
A0A6I8TYG1	1	U-01	aegypti	Ae. aegypti
A0A6I8TYG4	1	U-01	aegypti	Ae. aegypti
A0A6I8TYH1	1	U-01	aegypti	Ae. aegypti
A0A6I8TYH6	1	U-01	aegypti	Ae. aegypti
A0A6I8TYI0	0	unassigned	aegypti	Ae. aegypti
A0A6I8TYI3	1	U-01	aegypti	Ae. aegypti
A0A6I8TYI9	1	U-01	aegypti	Ae. aegypti
A0A6I8TYJ2	1	U-01	aegypti	Ae. aegypti
A0A6I8TYJ3	1	U-01	aegypti	Ae. aegypti
A0A6I8TYJ4	2	U-02	aegypti	Ae. aegypti
A0A6I8TYJ5	2	U-02	aegypti	Ae. aegypti
A0A6I8TYK2	1	U-01	aegypti	Ae. aegypti
A0A6I8TYK7	1	U-01	aegypti	Ae. aegypti
A0A6I8TYK8	1	U-01	aegypti	Ae. aegypti
A0A6I8TYK9	0	unassigned	aegypti	Ae. aegypti
A0A6I8TYL0	1	U-01	aegypti	Ae. aegypti
A0A6I8TYL6	1	U-01	aegypti	Ae. aegypti
A0A6I8TYM0	0	unassigned	aegypti	Ae. aegypti
A0A6I8TYM7	1	U-01	aegypti	Ae. aegypti
A0A6I8TYM8	1	U-01	aegypti	Ae. aegypti
A0A6I8TYN6	1	U-01	aegypti	Ae. aegypti
A0A6I8TYN7	2	U-02	aegypti	Ae. aegypti
A0A6I8TYN9	1	U-01	aegypti	Ae. aegypti
A0A6I8TYP0	2	U-02	aegypti	Ae. aegypti
A0A6I8TYP2	1	U-01	aegypti	Ae. aegypti
A0A6I8TYP3	0	unassigned	aegypti	Ae. aegypti
A0A6I8TYP5	0	unassigned	aegypti	Ae. aegypti
A0A6I8TYQ6	2	U-02	aegypti	Ae. aegypti
A0A6I8TYQ7	2	U-02	aegypti	Ae. aegypti
A0A6I8TYR1	1	U-01	aegypti	Ae. aegypti
A0A6I8TYR2	2	U-02	aegypti	Ae. aegypti
A0A6I8TYR5	1	U-01	aegypti	Ae. aegypti
A0A6I8TYR7	0	unassigned	aegypti	Ae. aegypti
A0A6I8TYS0	1	U-01	aegypti	Ae. aegypti
A0A6I8TYS3	1	U-01	aegypti	Ae. aegypti
A0A6I8TYS4	1	U-01	aegypti	Ae. aegypti
A0A6I8TYS5	2	U-02	aegypti	Ae. aegypti
A0A6I8TYT4	1	U-01	aegypti	Ae. aegypti
A0A6I8TYT5	1	U-01	aegypti	Ae. aegypti
A0A6I8TYT6	1	U-01	aegypti	Ae. aegypti
A0A6I8TYU2	1	U-01	aegypti	Ae. aegypti
A0A6I8TYU4	2	U-02	aegypti	Ae. aegypti
A0A6I8TZM0	0	unassigned	aegypti	Ae. aegypti
A0A6I8TZM2	1	U-01	aegypti	Ae. aegypti
A0A6I8TZM9	1	U-01	aegypti	Ae. aegypti
A0A6I8TZN0	2	U-02	aegypti	Ae. aegypti
A0A6I8TZN4	1	U-01	aegypti	Ae. aegypti
A0A6I8TZN5	1	U-01	aegypti	Ae. aegypti
A0A6I8TZN6	0	unassigned	aegypti	Ae. aegypti
A0A6I8TZP1	1	U-01	aegypti	Ae. aegypti
A0A6I8TZP2	0	unassigned	aegypti	Ae. aegypti
A0A6I8TZP4	0	unassigned	aegypti	Ae. aegypti
A0A6I8TZP7	1	U-01	aegypti	Ae. aegypti
A0A6I8TZP8	1	U-01	aegypti	Ae. aegypti
A0A6I8TZQ0	1	U-01	aegypti	Ae. aegypti
A0A6I8TZQ3	2	U-02	aegypti	Ae. aegypti
A0A6I8TZQ5	1	U-01	aegypti	Ae. aegypti
A0A6I8TZQ6	0	unassigned	aegypti	Ae. aegypti
A0A6I8TZR0	1	U-01	aegypti	Ae. aegypti
A0A6I8TZR8	1	U-01	aegypti	Ae. aegypti
A0A6I8TZS1	1	U-01	aegypti	Ae. aegypti
A0A6I8TZS3	0	unassigned	aegypti	Ae. aegypti
A0A6I8TZS5	1	U-01	aegypti	Ae. aegypti
A0A6I8TZS6	1	U-01	aegypti	Ae. aegypti
A0A6I8TZT1	1	U-01	aegypti	Ae. aegypti
A0A6I8TZT2	2	U-02	aegypti	Ae. aegypti
A0A6I8TZT5	0	unassigned	aegypti	Ae. aegypti
A0A6I8TZT8	2	U-02	aegypti	Ae. aegypti
A0A6I8TZU2	1	U-01	aegypti	Ae. aegypti
A0A6I8TZU3	1	U-01	aegypti	Ae. aegypti
A0A6I8TZU4	1	U-01	aegypti	Ae. aegypti
A0A6I8TZU9	1	U-01	aegypti	Ae. aegypti
A0A6I8TZV0	1	U-01	aegypti	Ae. aegypti
A0A6I8TZV2	1	U-01	aegypti	Ae. aegypti
A0A6I8TZV3	1	U-01	aegypti	Ae. aegypti
A0A6I8TZV7	1	U-01	aegypti	Ae. aegypti
A0A6I8TZV9	1	U-01	aegypti	Ae. aegypti
A0A6I8TZW0	1	U-01	aegypti	Ae. aegypti
A0A6I8TZW1	2	U-02	aegypti	Ae. aegypti
A0A6I8TZW2	1	U-01	aegypti	Ae. aegypti
A0A6I8TZW3	2	U-02	aegypti	Ae. aegypti
A0A6I8TZW4	2	U-02	aegypti	Ae. aegypti
A0A6I8TZW5	1	U-01	aegypti	Ae. aegypti
A0A6I8TZW6	0	unassigned	aegypti	Ae. aegypti
A0A6I8TZW7	2	U-02	aegypti	Ae. aegypti
A0A6I8TZW8	1	U-01	aegypti	Ae. aegypti
A0A6I8TZX5	2	U-02	aegypti	Ae. aegypti
A0A6I8TZX7	1	U-01	aegypti	Ae. aegypti
A0A6I8TZY1	1	U-01	aegypti	Ae. aegypti
A0A6I8TZY3	1	U-01	aegypti	Ae. aegypti
A0A6I8TZZ0	1	U-01	aegypti	Ae. aegypti
A0A6I8TZZ2	1	U-01	aegypti	Ae. aegypti
A0A6I8TZZ3	1	U-01	aegypti	Ae. aegypti
A0A6I8TZZ4	1	U-01	aegypti	Ae. aegypti
A0A6I8TZZ5	2	U-02	aegypti	Ae. aegypti
A0A6I8U000	1	U-01	aegypti	Ae. aegypti
A0A6I8U002	1	U-01	aegypti	Ae. aegypti
A0A6I8U006	2	U-02	aegypti	Ae. aegypti
A0A6I8U009	2	U-02	aegypti	Ae. aegypti
A0A6I8U010	2	U-02	aegypti	Ae. aegypti
A0A6I8U012	1	U-01	aegypti	Ae. aegypti
A0A6I8U014	1	U-01	aegypti	Ae. aegypti
A0A6I8U017	2	U-02	aegypti	Ae. aegypti
A0A6I8U018	2	U-02	aegypti	Ae. aegypti
A0A6I8U020	1	U-01	aegypti	Ae. aegypti
A0A6I8U022	1	U-01	aegypti	Ae. aegypti
A0A6I8U023	1	U-01	aegypti	Ae. aegypti
A0A6I8U028	0	unassigned	aegypti	Ae. aegypti
A0A6I8U029	1	U-01	aegypti	Ae. aegypti
A0A6I8U031	2	U-02	aegypti	Ae. aegypti
A0A6I8U033	1	U-01	aegypti	Ae. aegypti
A0A6I8U038	1	U-01	aegypti	Ae. aegypti
A0A6I8U040	2	U-02	aegypti	Ae. aegypti
A0A6I8U042	0	unassigned	aegypti	Ae. aegypti
A0A6I8U043	1	U-01	aegypti	Ae. aegypti
A0A6I8U044	0	unassigned	aegypti	Ae. aegypti
A0A6I8U047	2	U-02	aegypti	Ae. aegypti
A0A6I8U048	0	unassigned	aegypti	Ae. aegypti
A0A6I8U050	2	U-02	aegypti	Ae. aegypti
A0A6I8U052	1	U-01	aegypti	Ae. aegypti
A0A6I8U053	1	U-01	aegypti	Ae. aegypti
A0A6I8U055	1	U-01	aegypti	Ae. aegypti
A0A6I8U056	0	unassigned	aegypti	Ae. aegypti
A0A6I8U058	2	U-02	aegypti	Ae. aegypti
A0A6I8U059	1	U-01	aegypti	Ae. aegypti
A0A6I8U060	1	U-01	aegypti	Ae. aegypti
A0A6I8U061	1	U-01	aegypti	Ae. aegypti
A0A6I8U062	0	unassigned	aegypti	Ae. aegypti
A0A1S4FK52	1	U-01	aegypti	Ae. aegypti
A0A1S4FKF6	1	U-01	aegypti	Ae. aegypti
A0A1S4FKJ6	2	U-02	aegypti	Ae. aegypti
A0A1S4FKQ2	1	U-01	aegypti	Ae. aegypti
A0A1S4FKZ3	1	U-01	aegypti	Ae. aegypti
A0A1S4FLB4	2	U-02	aegypti	Ae. aegypti
A0A1S4FLB8	1	U-01	aegypti	Ae. aegypti
A0A1S4FLD6	2	U-02	aegypti	Ae. aegypti
A0A1S4FLR5	2	U-02	aegypti	Ae. aegypti
A0A1S4FM21	1	U-01	aegypti	Ae. aegypti
A0A1S4FM28	1	U-01	aegypti	Ae. aegypti
A0A1S4FM92	1	U-01	aegypti	Ae. aegypti
A0A1S4FMB2	1	U-01	aegypti	Ae. aegypti
A0A1S4FME5	1	U-01	aegypti	Ae. aegypti
A0A1S4FL85	1	U-01	aegypti	Ae. aegypti
A0A1S4FLA7	0	unassigned	aegypti	Ae. aegypti
A0A1S4FLB1	1	U-01	aegypti	Ae. aegypti
A0A1S4FLC4	0	unassigned	aegypti	Ae. aegypti
A0A1S4FLF2	1	U-01	aegypti	Ae. aegypti
A0A1S4FLF4	0	unassigned	aegypti	Ae. aegypti
A0A1S4FLG4	1	U-01	aegypti	Ae. aegypti
A0A1S4FLG7	2	U-02	aegypti	Ae. aegypti
A0A1S4FLH6	1	U-01	aegypti	Ae. aegypti
A0A1S4FLI1	2	U-02	aegypti	Ae. aegypti
A0A1S4FLI5	2	U-02	aegypti	Ae. aegypti
A0A1S4FLJ3	2	U-02	aegypti	Ae. aegypti
A0A1S4FLJ6	2	U-02	aegypti	Ae. aegypti
A0A1S4FLJ7	0	unassigned	aegypti	Ae. aegypti
A0A1S4FLL1	2	U-02	aegypti	Ae. aegypti
A0A1S4FLM0	1	U-01	aegypti	Ae. aegypti
A0A1S4FLM1	1	U-01	aegypti	Ae. aegypti
A0A1S4FLM4	2	U-02	aegypti	Ae. aegypti
A0A1S4FLM5	1	U-01	aegypti	Ae. aegypti
A0A1S4FLM7	2	U-02	aegypti	Ae. aegypti
A0A1S4FLN2	0	unassigned	aegypti	Ae. aegypti
A0A1S4FLQ0	1	U-01	aegypti	Ae. aegypti
A0A1S4FLR2	1	U-01	aegypti	Ae. aegypti
A0A1S4FLS1	2	U-02	aegypti	Ae. aegypti
A0A1S4FLS6	1	U-01	aegypti	Ae. aegypti
A0A1S4FLV6	1	U-01	aegypti	Ae. aegypti
A0A1S4FLW1	1	U-01	aegypti	Ae. aegypti
A0A1S4FLW2	0	unassigned	aegypti	Ae. aegypti
A0A1S4FLW7	1	U-01	aegypti	Ae. aegypti
A0A1S4FLX1	1	U-01	aegypti	Ae. aegypti
A0A1S4FLX5	1	U-01	aegypti	Ae. aegypti
A0A1S4FLY9	1	U-01	aegypti	Ae. aegypti
A0A1S4FLZ1	1	U-01	aegypti	Ae. aegypti
A0A1S4FLZ4	1	U-01	aegypti	Ae. aegypti
A0A1S4FM26	1	U-01	aegypti	Ae. aegypti
A0A1S4FM27	1	U-01	aegypti	Ae. aegypti
A0A1S4FM55	1	U-01	aegypti	Ae. aegypti
A0A1S4FM58	1	U-01	aegypti	Ae. aegypti
A0A1S4FM73	1	U-01	aegypti	Ae. aegypti
A0A1S4FM77	1	U-01	aegypti	Ae. aegypti
A0A1S4FM78	1	U-01	aegypti	Ae. aegypti
A0A1S4FM88	2	U-02	aegypti	Ae. aegypti
A0A1S4FM94	1	U-01	aegypti	Ae. aegypti
A0A1S4FMA0	1	U-01	aegypti	Ae. aegypti
A0A1S4FMB0	2	U-02	aegypti	Ae. aegypti
A0A1S4FMB4	2	U-02	aegypti	Ae. aegypti
A0A1S4FMB6	1	U-01	aegypti	Ae. aegypti
A0A1S4FMB9	1	U-01	aegypti	Ae. aegypti
A0A1S4FME4	1	U-01	aegypti	Ae. aegypti
A0A1S4FME9	1	U-01	aegypti	Ae. aegypti
A0A1S4FMF4	1	U-01	aegypti	Ae. aegypti
A0A1S4FMF5	1	U-01	aegypti	Ae. aegypti
A0A1S4FMF9	1	U-01	aegypti	Ae. aegypti
A0A1S4FMH3	1	U-01	aegypti	Ae. aegypti
A0A1S4FMI3	2	U-02	aegypti	Ae. aegypti
A0A1S4FMK1	1	U-01	aegypti	Ae. aegypti
A0A1S4FML3	1	U-01	aegypti	Ae. aegypti
A0A1S4FMM4	0	unassigned	aegypti	Ae. aegypti
A0A1S4FMN5	0	unassigned	aegypti	Ae. aegypti
A0A1S4FMP9	2	U-02	aegypti	Ae. aegypti
A0A1S4FMQ1	2	U-02	aegypti	Ae. aegypti
A0A1S4FMQ5	1	U-01	aegypti	Ae. aegypti
A0A1S4FMR0	2	U-02	aegypti	Ae. aegypti
A0A1S4FMR9	2	U-02	aegypti	Ae. aegypti
A0A1S4FMS0	2	U-02	aegypti	Ae. aegypti
A0A1S4FMS9	1	U-01	aegypti	Ae. aegypti
A0A1S4FMU2	1	U-01	aegypti	Ae. aegypti
A0A1S4FMU4	1	U-01	aegypti	Ae. aegypti
A0A1S4FMU7	1	U-01	aegypti	Ae. aegypti
A0A1S4FMV7	1	U-01	aegypti	Ae. aegypti
A0A1S4FMW6	1	U-01	aegypti	Ae. aegypti
A0A1S4FMY2	2	U-02	aegypti	Ae. aegypti
A0A1S4FN23	1	U-01	aegypti	Ae. aegypti
A0A1S4FN24	1	U-01	aegypti	Ae. aegypti
A0A1S4FN33	1	U-01	aegypti	Ae. aegypti
A0A1S4FN34	1	U-01	aegypti	Ae. aegypti
A0A1S4FN36	2	U-02	aegypti	Ae. aegypti
A0A1S4FN37	1	U-01	aegypti	Ae. aegypti
A0A1S4FN40	1	U-01	aegypti	Ae. aegypti
A0A1S4FN45	1	U-01	aegypti	Ae. aegypti
A0A1S4FN54	1	U-01	aegypti	Ae. aegypti
A0A1S4FN67	1	U-01	aegypti	Ae. aegypti
A0A1S4FN68	2	U-02	aegypti	Ae. aegypti
A0A1S4FN75	2	U-02	aegypti	Ae. aegypti
A0A1S4FN96	1	U-01	aegypti	Ae. aegypti
A0A1S4FNA1	1	U-01	aegypti	Ae. aegypti
A0A1S4FNA2	1	U-01	aegypti	Ae. aegypti
A0A1S4FNB2	1	U-01	aegypti	Ae. aegypti
A0A1S4FNB7	2	U-02	aegypti	Ae. aegypti
A0A1S4FNB9	1	U-01	aegypti	Ae. aegypti
A0A1S4FNC1	2	U-02	aegypti	Ae. aegypti
A0A1S4FNC5	1	U-01	aegypti	Ae. aegypti
A0A1S4FNC9	2	U-02	aegypti	Ae. aegypti
A0A1S4FND8	1	U-01	aegypti	Ae. aegypti
A0A1S4FNE7	1	U-01	aegypti	Ae. aegypti
A0A1S4FNF4	1	U-01	aegypti	Ae. aegypti
A0A1S4FNF7	1	U-01	aegypti	Ae. aegypti
A0A1S4FNG5	1	U-01	aegypti	Ae. aegypti
A0A1S4FNH2	2	U-02	aegypti	Ae. aegypti
A0A1S4FNJ4	2	U-02	aegypti	Ae. aegypti
A0A1S4FTQ3	1	U-01	aegypti	Ae. aegypti
A0A1S4FTQ4	1	U-01	aegypti	Ae. aegypti
A0A1S4FTQ5	0	unassigned	aegypti	Ae. aegypti
A0A1S4FTR9	1	U-01	aegypti	Ae. aegypti
A0A1S4FTS7	1	U-01	aegypti	Ae. aegypti
A0A1S4FTS9	1	U-01	aegypti	Ae. aegypti
A0A1S4FTT5	2	U-02	aegypti	Ae. aegypti
A0A1S4FTU0	2	U-02	aegypti	Ae. aegypti
A0A1S4FTV7	2	U-02	aegypti	Ae. aegypti
A0A1S4FTW0	1	U-01	aegypti	Ae. aegypti
A0A1S4FTX6	1	U-01	aegypti	Ae. aegypti
A0A1S4FTY7	2	U-02	aegypti	Ae. aegypti
A0A1S4FTY8	1	U-01	aegypti	Ae. aegypti
A0A1S4FTZ7	1	U-01	aegypti	Ae. aegypti
A0A1S4FU09	2	U-02	aegypti	Ae. aegypti
A0A1S4FU15	1	U-01	aegypti	Ae. aegypti
A0A1S4FU19	1	U-01	aegypti	Ae. aegypti
A0A1S4FU23	1	U-01	aegypti	Ae. aegypti
A0A1S4FU24	1	U-01	aegypti	Ae. aegypti
A0A1S4FU26	2	U-02	aegypti	Ae. aegypti
A0A1S4FU27	1	U-01	aegypti	Ae. aegypti
A0A1S4FU31	1	U-01	aegypti	Ae. aegypti
A0A1S4FU33	1	U-01	aegypti	Ae. aegypti
A0A1S4FU38	1	U-01	aegypti	Ae. aegypti
A0A1S4FU54	0	unassigned	aegypti	Ae. aegypti
A0A1S4FU61	0	unassigned	aegypti	Ae. aegypti
A0A1S4FU67	2	U-02	aegypti	Ae. aegypti
A0A1S4FUA0	0	unassigned	aegypti	Ae. aegypti
A0A1S4FUA2	1	U-01	aegypti	Ae. aegypti
A0A1S4FUB1	1	U-01	aegypti	Ae. aegypti
A0A1S4FUC2	1	U-01	aegypti	Ae. aegypti
A0A1S4FUC6	1	U-01	aegypti	Ae. aegypti
A0A1S4FUC8	0	unassigned	aegypti	Ae. aegypti
A0A1S4FUD5	1	U-01	aegypti	Ae. aegypti
A0A1S4FUD6	0	unassigned	aegypti	Ae. aegypti
A0A1S4FUE6	1	U-01	aegypti	Ae. aegypti
A0A1S4FUF5	1	U-01	aegypti	Ae. aegypti
A0A1S4FUG3	1	U-01	aegypti	Ae. aegypti
A0A1S4FUI4	1	U-01	aegypti	Ae. aegypti
A0A1S4FUI5	1	U-01	aegypti	Ae. aegypti
A0A1S4FUI9	2	U-02	aegypti	Ae. aegypti
A0A1S4FUK0	1	U-01	aegypti	Ae. aegypti
A0A1S4FUK5	2	U-02	aegypti	Ae. aegypti
A0A1S4FUK9	0	unassigned	aegypti	Ae. aegypti
A0A1S4FUM4	1	U-01	aegypti	Ae. aegypti
A0A1S4FUN2	2	U-02	aegypti	Ae. aegypti
A0A1S4FUP1	0	unassigned	aegypti	Ae. aegypti
A0A1S4FUP4	1	U-01	aegypti	Ae. aegypti
A0A1S4FUQ7	1	U-01	aegypti	Ae. aegypti
A0A1S4FUQ8	1	U-01	aegypti	Ae. aegypti
A0A1S4FUR0	2	U-02	aegypti	Ae. aegypti
A0A1S4FUS9	1	U-01	aegypti	Ae. aegypti
A0A1S4FUT0	0	unassigned	aegypti	Ae. aegypti
A0A1S4FUU3	1	U-01	aegypti	Ae. aegypti
A0A1S4FUV2	1	U-01	aegypti	Ae. aegypti
A0A1S4FUV6	1	U-01	aegypti	Ae. aegypti
A0A1S4FUX7	1	U-01	aegypti	Ae. aegypti
A0A1S4FUY3	0	unassigned	aegypti	Ae. aegypti
A0A1S4FUZ7	0	unassigned	aegypti	Ae. aegypti
A0A1S4FV12	1	U-01	aegypti	Ae. aegypti
A0A1S4FV24	1	U-01	aegypti	Ae. aegypti
A0A1S4FV29	1	U-01	aegypti	Ae. aegypti
A0A1S4FV38	2	U-02	aegypti	Ae. aegypti
A0A1S4FV48	2	U-02	aegypti	Ae. aegypti
A0A1S4FV60	0	unassigned	aegypti	Ae. aegypti
A0A1S4FV69	1	U-01	aegypti	Ae. aegypti
A0A1S4FV76	0	unassigned	aegypti	Ae. aegypti
A0A1S4FV85	0	unassigned	aegypti	Ae. aegypti
A0A1S4FV86	1	U-01	aegypti	Ae. aegypti
A0A1S4FV93	1	U-01	aegypti	Ae. aegypti
A0A1S4FVD1	2	U-02	aegypti	Ae. aegypti
A0A1S4FVD2	1	U-01	aegypti	Ae. aegypti
A0A1S4FVE1	1	U-01	aegypti	Ae. aegypti
A0A1S4FVG0	1	U-01	aegypti	Ae. aegypti
A0A1S4FVG6	1	U-01	aegypti	Ae. aegypti
A0A1S4FVH6	1	U-01	aegypti	Ae. aegypti
A0A1S4FVI2	1	U-01	aegypti	Ae. aegypti
A0A1S4FVL0	1	U-01	aegypti	Ae. aegypti
A0A1S4FVL8	0	unassigned	aegypti	Ae. aegypti
A0A1S4FVN4	2	U-02	aegypti	Ae. aegypti
A0A1S4FVP3	1	U-01	aegypti	Ae. aegypti
A0A1S4FVQ3	1	U-01	aegypti	Ae. aegypti
A0A1S4FVQ5	1	U-01	aegypti	Ae. aegypti
A0A1S4FVR1	2	U-02	aegypti	Ae. aegypti
A0A1S4FVR9	1	U-01	aegypti	Ae. aegypti
A0A1S4FVT3	1	U-01	aegypti	Ae. aegypti
A0A1S4FVU8	2	U-02	aegypti	Ae. aegypti
A0A1S4FVV5	1	U-01	aegypti	Ae. aegypti
A0A1S4FVW1	1	U-01	aegypti	Ae. aegypti
A0A1S4FVW2	1	U-01	aegypti	Ae. aegypti
A0A1S4FVX0	1	U-01	aegypti	Ae. aegypti
A0A1S4FVX3	0	unassigned	aegypti	Ae. aegypti
A0A1S4FVY7	1	U-01	aegypti	Ae. aegypti
A0A1S4FVZ7	2	U-02	aegypti	Ae. aegypti
A0A1S4FW08	1	U-01	aegypti	Ae. aegypti
A0A1S4FW12	1	U-01	aegypti	Ae. aegypti
A0A1S4FW17	1	U-01	aegypti	Ae. aegypti
A0A1S4FW25	2	U-02	aegypti	Ae. aegypti
A0A1S4FW30	1	U-01	aegypti	Ae. aegypti
A0A1S4FW35	1	U-01	aegypti	Ae. aegypti
A0A1S4G0M3	1	U-01	aegypti	Ae. aegypti
A0A1S4G0M7	1	U-01	aegypti	Ae. aegypti
A0A1S4G0N6	2	U-02	aegypti	Ae. aegypti
A0A1S4G0P1	1	U-01	aegypti	Ae. aegypti
A0A1S4G0R1	1	U-01	aegypti	Ae. aegypti
A0A1S4G0S0	0	unassigned	aegypti	Ae. aegypti
A0A1S4G0S6	2	U-02	aegypti	Ae. aegypti
A0A1S4G0T0	1	U-01	aegypti	Ae. aegypti
A0A1S4G0T1	1	U-01	aegypti	Ae. aegypti
A0A1S4G0T4	0	unassigned	aegypti	Ae. aegypti
A0A1S4G0U4	1	U-01	aegypti	Ae. aegypti
A0A1S4G0W8	1	U-01	aegypti	Ae. aegypti
A0A1S4G0X1	2	U-02	aegypti	Ae. aegypti
A0A1S4G0Y6	0	unassigned	aegypti	Ae. aegypti
A0A1S4G0Z7	1	U-01	aegypti	Ae. aegypti
A0A1S4G131	0	unassigned	aegypti	Ae. aegypti
A0A1S4G138	0	unassigned	aegypti	Ae. aegypti
A0A1S4G142	1	U-01	aegypti	Ae. aegypti
A0A1S4G145	2	U-02	aegypti	Ae. aegypti
A0A1S4G151	2	U-02	aegypti	Ae. aegypti
A0A1S4G154	1	U-01	aegypti	Ae. aegypti
A0A1S4G155	2	U-02	aegypti	Ae. aegypti
A0A1S4G178	1	U-01	aegypti	Ae. aegypti
A0A1S4G180	0	unassigned	aegypti	Ae. aegypti
A0A1S4G1A0	1	U-01	aegypti	Ae. aegypti
A0A1S4G1A5	2	U-02	aegypti	Ae. aegypti
A0A1S4G1A8	1	U-01	aegypti	Ae. aegypti
A0A1S4G1F0	1	U-01	aegypti	Ae. aegypti
A0A1S4G1G5	0	unassigned	aegypti	Ae. aegypti
A0A1S4G1G7	0	unassigned	aegypti	Ae. aegypti
A0A1S4G1R1	1	U-01	aegypti	Ae. aegypti
A0A1S4G1S0	1	U-01	aegypti	Ae. aegypti
A0A1S4G1S2	1	U-01	aegypti	Ae. aegypti
A0A1S4G1S5	0	unassigned	aegypti	Ae. aegypti
A0A1S4G1T0	1	U-01	aegypti	Ae. aegypti
A0A1S4G1T2	1	U-01	aegypti	Ae. aegypti
A0A1S4G1U2	1	U-01	aegypti	Ae. aegypti
A0A1S4G1U3	0	unassigned	aegypti	Ae. aegypti
A0A1S4G1U6	1	U-01	aegypti	Ae. aegypti
A0A1S4G1W8	1	U-01	aegypti	Ae. aegypti
A0A1S4G1X1	1	U-01	aegypti	Ae. aegypti
A0A1S4G1X2	1	U-01	aegypti	Ae. aegypti
A0A1S4G1X7	1	U-01	aegypti	Ae. aegypti
A0A1S4G1Y5	1	U-01	aegypti	Ae. aegypti
A0A1S4G1Z0	1	U-01	aegypti	Ae. aegypti
A0A1S4G200	1	U-01	aegypti	Ae. aegypti
A0A1S4G202	1	U-01	aegypti	Ae. aegypti
A0A1S4G203	0	unassigned	aegypti	Ae. aegypti
A0A1S4G216	1	U-01	aegypti	Ae. aegypti
A0A1S4G225	1	U-01	aegypti	Ae. aegypti
A0A1S4G263	1	U-01	aegypti	Ae. aegypti
A0A1S4G275	1	U-01	aegypti	Ae. aegypti
A0A1S4G286	2	U-02	aegypti	Ae. aegypti
A0A6I8U064	1	U-01	aegypti	Ae. aegypti
A0A6I8U065	0	unassigned	aegypti	Ae. aegypti
A0A6I8U066	1	U-01	aegypti	Ae. aegypti
A0A6I8U068	2	U-02	aegypti	Ae. aegypti
A0A6I8U072	1	U-01	aegypti	Ae. aegypti
A0A6I8U075	0	unassigned	aegypti	Ae. aegypti
A0A6I8U079	2	U-02	aegypti	Ae. aegypti
A0A6I8U080	2	U-02	aegypti	Ae. aegypti
A0A6I8U082	1	U-01	aegypti	Ae. aegypti
A0A6I8U083	1	U-01	aegypti	Ae. aegypti
A0A6I8U084	0	unassigned	aegypti	Ae. aegypti
A0A6I8U085	1	U-01	aegypti	Ae. aegypti
A0A6I8U087	1	U-01	aegypti	Ae. aegypti
A0A6I8U088	2	U-02	aegypti	Ae. aegypti
A0A6I8U092	1	U-01	aegypti	Ae. aegypti
A0A6I8U097	1	U-01	aegypti	Ae. aegypti
A0A6I8U0A4	2	U-02	aegypti	Ae. aegypti
A0A6I8U0A5	1	U-01	aegypti	Ae. aegypti
A0A6I8U0A6	1	U-01	aegypti	Ae. aegypti
A0A6I8U0A9	1	U-01	aegypti	Ae. aegypti
A0A6I8U0B1	2	U-02	aegypti	Ae. aegypti
A0A6I8U0B3	1	U-01	aegypti	Ae. aegypti
A0A6I8U0B4	0	unassigned	aegypti	Ae. aegypti
A0A6I8U0B5	0	unassigned	aegypti	Ae. aegypti
A0A6I8U0B6	1	U-01	aegypti	Ae. aegypti
A0A6I8U0C0	1	U-01	aegypti	Ae. aegypti
A0A6I8U0C1	0	unassigned	aegypti	Ae. aegypti
A0A6I8U0C2	0	unassigned	aegypti	Ae. aegypti
A0A6I8U0C8	1	U-01	aegypti	Ae. aegypti
A0A6I8U0D0	0	unassigned	aegypti	Ae. aegypti
A0A6I8U0D3	1	U-01	aegypti	Ae. aegypti
A0A6I8U0D6	2	U-02	aegypti	Ae. aegypti
A0A6I8U0D7	1	U-01	aegypti	Ae. aegypti
A0A6I8U0D8	1	U-01	aegypti	Ae. aegypti
A0A6I8U0E2	1	U-01	aegypti	Ae. aegypti
A0A6I8U0E4	1	U-01	aegypti	Ae. aegypti
A0A6I8U0E5	2	U-02	aegypti	Ae. aegypti
A0A6I8U0F2	1	U-01	aegypti	Ae. aegypti
A0A6I8U0F3	1	U-01	aegypti	Ae. aegypti
A0A6I8U0F4	0	unassigned	aegypti	Ae. aegypti
A0A6I8U0F5	0	unassigned	aegypti	Ae. aegypti
A0A6I8U0F7	0	unassigned	aegypti	Ae. aegypti
A0A6I8U0G0	0	unassigned	aegypti	Ae. aegypti
A0A6I8U0G5	1	U-01	aegypti	Ae. aegypti
A0A6I8U0G6	0	unassigned	aegypti	Ae. aegypti
A0A6I8U0H5	1	U-01	aegypti	Ae. aegypti
A0A6I8U0H7	1	U-01	aegypti	Ae. aegypti
A0A6I8U0H9	0	unassigned	aegypti	Ae. aegypti
A0A6I8U0I0	1	U-01	aegypti	Ae. aegypti
A0A6I8U0I1	2	U-02	aegypti	Ae. aegypti
A0A6I8U0I2	1	U-01	aegypti	Ae. aegypti
A0A6I8U0I3	1	U-01	aegypti	Ae. aegypti
A0A6I8U0I6	1	U-01	aegypti	Ae. aegypti
A0A6I8U0I7	2	U-02	aegypti	Ae. aegypti
A0A6I8U0I8	0	unassigned	aegypti	Ae. aegypti
A0A6I8U0J0	1	U-01	aegypti	Ae. aegypti
A0A6I8U0J1	1	U-01	aegypti	Ae. aegypti
A0A6I8U0J4	1	U-01	aegypti	Ae. aegypti
A0A6I8U0J5	0	unassigned	aegypti	Ae. aegypti
A0A6I8U0J6	1	U-01	aegypti	Ae. aegypti
A0A6I8U0J7	2	U-02	aegypti	Ae. aegypti
A0A6I8U0J8	1	U-01	aegypti	Ae. aegypti
A0A6I8U0J9	0	unassigned	aegypti	Ae. aegypti
A0A6I8U0K0	1	U-01	aegypti	Ae. aegypti
A0A6I8U0K1	1	U-01	aegypti	Ae. aegypti
A0A6I8U0K4	2	U-02	aegypti	Ae. aegypti
A0A6I8U0K6	2	U-02	aegypti	Ae. aegypti
A0A6I8U0K7	2	U-02	aegypti	Ae. aegypti
A0A6I8U0K8	1	U-01	aegypti	Ae. aegypti
A0A6I8U0L1	2	U-02	aegypti	Ae. aegypti
A0A6I8U0L3	1	U-01	aegypti	Ae. aegypti
A0A6I8U0L4	1	U-01	aegypti	Ae. aegypti
A0A6I8U0L6	1	U-01	aegypti	Ae. aegypti
A0A6I8U0L7	2	U-02	aegypti	Ae. aegypti
A0A6I8U0L9	2	U-02	aegypti	Ae. aegypti
A0A6I8U0M0	2	U-02	aegypti	Ae. aegypti
A0A6I8U0M5	1	U-01	aegypti	Ae. aegypti
A0A6I8U0N0	2	U-02	aegypti	Ae. aegypti
A0A6I8U0N1	2	U-02	aegypti	Ae. aegypti
A0A6I8U0N3	0	unassigned	aegypti	Ae. aegypti
A0A6I8U0P6	1	U-01	aegypti	Ae. aegypti
A0A6I8U0P9	2	U-02	aegypti	Ae. aegypti
A0A6I8U0Q0	1	U-01	aegypti	Ae. aegypti
A0A6I8U0Q1	1	U-01	aegypti	Ae. aegypti
A0A6I8U0Q2	1	U-01	aegypti	Ae. aegypti
A0A6I8U0Q3	2	U-02	aegypti	Ae. aegypti
A0A6I8U0Q4	1	U-01	aegypti	Ae. aegypti
A0A6I8U0Q7	1	U-01	aegypti	Ae. aegypti
A0A6I8U0R2	1	U-01	aegypti	Ae. aegypti
A0A6I8U0R3	2	U-02	aegypti	Ae. aegypti
A0A6I8U0R4	1	U-01	aegypti	Ae. aegypti
A0A6I8U0R5	1	U-01	aegypti	Ae. aegypti
A0A6I8U0R8	1	U-01	aegypti	Ae. aegypti
A0A6I8U0S6	1	U-01	aegypti	Ae. aegypti
A0A6I8U0S7	1	U-01	aegypti	Ae. aegypti
A0A6I8U0S8	2	U-02	aegypti	Ae. aegypti
A0A6I8U0S9	1	U-01	aegypti	Ae. aegypti
A0A6I8U0T2	0	unassigned	aegypti	Ae. aegypti
A0A6I8U0T4	1	U-01	aegypti	Ae. aegypti
A0A6I8U0T7	2	U-02	aegypti	Ae. aegypti
A0A6I8U0T8	1	U-01	aegypti	Ae. aegypti
A0A6I8U0T9	1	U-01	aegypti	Ae. aegypti
A0A6I8U0U0	0	unassigned	aegypti	Ae. aegypti
A0A6I8U0U1	1	U-01	aegypti	Ae. aegypti
A0A6I8U0U2	1	U-01	aegypti	Ae. aegypti
A0A6I8U0U6	1	U-01	aegypti	Ae. aegypti
A0A6I8U0U7	2	U-02	aegypti	Ae. aegypti
A0A6I8U0V4	2	U-02	aegypti	Ae. aegypti
A0A6I8U0V7	2	U-02	aegypti	Ae. aegypti
A0A6I8U0W1	1	U-01	aegypti	Ae. aegypti
A0A6I8U0W2	0	unassigned	aegypti	Ae. aegypti
A0A6I8U0W4	2	U-02	aegypti	Ae. aegypti
A0A6I8U0W6	1	U-01	aegypti	Ae. aegypti
A0A6I8U0X0	1	U-01	aegypti	Ae. aegypti
A0A6I8U0X2	1	U-01	aegypti	Ae. aegypti
A0A6I8U0X3	1	U-01	aegypti	Ae. aegypti
A0A6I8U0X7	1	U-01	aegypti	Ae. aegypti
A0A6I8U0Y0	2	U-02	aegypti	Ae. aegypti
A0A6I8U0Y1	0	unassigned	aegypti	Ae. aegypti
A0A6I8U0Y2	1	U-01	aegypti	Ae. aegypti
A0A6I8U0Y4	2	U-02	aegypti	Ae. aegypti
A0A6I8U0Y6	1	U-01	aegypti	Ae. aegypti
A0A6I8U0Y9	1	U-01	aegypti	Ae. aegypti
A0A6I8U0Z0	1	U-01	aegypti	Ae. aegypti
A0A6I8U0Z1	1	U-01	aegypti	Ae. aegypti
A0A6I8U0Z3	2	U-02	aegypti	Ae. aegypti
A0A6I8U0Z5	0	unassigned	aegypti	Ae. aegypti
A0A6I8U0Z7	0	unassigned	aegypti	Ae. aegypti
A0A6I8U100	0	unassigned	aegypti	Ae. aegypti
A0A6I8U102	1	U-01	aegypti	Ae. aegypti
A0A6I8U106	1	U-01	aegypti	Ae. aegypti
A0A6I8U107	1	U-01	aegypti	Ae. aegypti
A0A6I8U109	1	U-01	aegypti	Ae. aegypti
A0A6I8U110	1	U-01	aegypti	Ae. aegypti
A0A6I8U111	1	U-01	aegypti	Ae. aegypti
A0A6I8U112	1	U-01	aegypti	Ae. aegypti
A0A6I8U115	1	U-01	aegypti	Ae. aegypti
A0A6I8U116	1	U-01	aegypti	Ae. aegypti
A0A6I8U117	1	U-01	aegypti	Ae. aegypti
A0A6I8U118	2	U-02	aegypti	Ae. aegypti
A0A6I8U119	2	U-02	aegypti	Ae. aegypti
A0A6I8U120	1	U-01	aegypti	Ae. aegypti
A0A6I8U121	1	U-01	aegypti	Ae. aegypti
A0A6I8U122	2	U-02	aegypti	Ae. aegypti
A0A6I8U123	1	U-01	aegypti	Ae. aegypti
A0A6I8U127	0	unassigned	aegypti	Ae. aegypti
A0A6I8U129	1	U-01	aegypti	Ae. aegypti
A0A6I8U131	2	U-02	aegypti	Ae. aegypti
A0A6I8U135	1	U-01	aegypti	Ae. aegypti
A0A6I8U138	1	U-01	aegypti	Ae. aegypti
A0A6I8U141	1	U-01	aegypti	Ae. aegypti
A0A6I8U143	1	U-01	aegypti	Ae. aegypti
A0A6I8U144	1	U-01	aegypti	Ae. aegypti
A0A6I8U146	1	U-01	aegypti	Ae. aegypti
A0A6I8U147	0	unassigned	aegypti	Ae. aegypti
A0A6I8U151	1	U-01	aegypti	Ae. aegypti
A0A6I8U152	0	unassigned	aegypti	Ae. aegypti
A0A6I8U158	2	U-02	aegypti	Ae. aegypti
A0A6I8U159	1	U-01	aegypti	Ae. aegypti
A0A6I8U160	1	U-01	aegypti	Ae. aegypti
A0A6I8U164	1	U-01	aegypti	Ae. aegypti
A0A6I8U165	1	U-01	aegypti	Ae. aegypti
A0A6I8U168	2	U-02	aegypti	Ae. aegypti
A0A6I8U169	2	U-02	aegypti	Ae. aegypti
A0A6I8U173	0	unassigned	aegypti	Ae. aegypti
A0A6I8U175	1	U-01	aegypti	Ae. aegypti
A0A6I8U180	1	U-01	aegypti	Ae. aegypti
A0A6I8U182	0	unassigned	aegypti	Ae. aegypti
A0A6I8U184	1	U-01	aegypti	Ae. aegypti
A0A6I8U185	0	unassigned	aegypti	Ae. aegypti
A0A6I8U190	1	U-01	aegypti	Ae. aegypti
A0A6I8U193	2	U-02	aegypti	Ae. aegypti
A0A6I8U195	1	U-01	aegypti	Ae. aegypti
A0A6I8U198	1	U-01	aegypti	Ae. aegypti
A0A6I8U1A0	2	U-02	aegypti	Ae. aegypti
A0A6I8U1A2	1	U-01	aegypti	Ae. aegypti
A0A6I8U1A3	1	U-01	aegypti	Ae. aegypti
A0A6I8U1A4	1	U-01	aegypti	Ae. aegypti
A0A6I8U1A5	2	U-02	aegypti	Ae. aegypti
A0A6I8U1A6	1	U-01	aegypti	Ae. aegypti
A0A6I8U1A8	2	U-02	aegypti	Ae. aegypti
A0A6I8U1B2	1	U-01	aegypti	Ae. aegypti
A0A6I8U1B4	1	U-01	aegypti	Ae. aegypti
A0A6I8U1B7	1	U-01	aegypti	Ae. aegypti
A0A6I8U1C1	2	U-02	aegypti	Ae. aegypti
A0A6I8U1C2	1	U-01	aegypti	Ae. aegypti
A0A6I8U1C3	0	unassigned	aegypti	Ae. aegypti
A0A6I8U1C5	1	U-01	aegypti	Ae. aegypti
A0A6I8U1D4	2	U-02	aegypti	Ae. aegypti
A0A6I8U1D5	1	U-01	aegypti	Ae. aegypti
A0A6I8U1D7	1	U-01	aegypti	Ae. aegypti
A0A6I8U1D9	1	U-01	aegypti	Ae. aegypti
A0A6I8U1E0	0	unassigned	aegypti	Ae. aegypti
A0A6I8U1E4	0	unassigned	aegypti	Ae. aegypti
A0A6I8U1E6	1	U-01	aegypti	Ae. aegypti
A0A6I8U1F0	1	U-01	aegypti	Ae. aegypti
A0A6I8U1F4	0	unassigned	aegypti	Ae. aegypti
A0A6I8U1F5	1	U-01	aegypti	Ae. aegypti
A0A6I8U1F7	1	U-01	aegypti	Ae. aegypti
A0A6I8U1F9	0	unassigned	aegypti	Ae. aegypti
A0A6I8U1G0	2	U-02	aegypti	Ae. aegypti
A0A6I8U1G4	1	U-01	aegypti	Ae. aegypti
A0A6I8U1G5	1	U-01	aegypti	Ae. aegypti
A0A6I8U1G7	1	U-01	aegypti	Ae. aegypti
A0A6I8U1G9	1	U-01	aegypti	Ae. aegypti
A0A6I8U1H0	1	U-01	aegypti	Ae. aegypti
A0A6I8U1H2	0	unassigned	aegypti	Ae. aegypti
A0A6I8U1H3	0	unassigned	aegypti	Ae. aegypti
A0A6I8U1H4	1	U-01	aegypti	Ae. aegypti
A0A6I8U1I0	1	U-01	aegypti	Ae. aegypti
A0A6I8U1I3	1	U-01	aegypti	Ae. aegypti
A0A6I8U1I6	1	U-01	aegypti	Ae. aegypti
A0A6I8U1I7	1	U-01	aegypti	Ae. aegypti
A0A6I8U1I8	1	U-01	aegypti	Ae. aegypti
A0A6I8U1J1	0	unassigned	aegypti	Ae. aegypti
A0A6I8U1J3	1	U-01	aegypti	Ae. aegypti
A0A6I8U1J4	1	U-01	aegypti	Ae. aegypti
A0A6I8U1J8	0	unassigned	aegypti	Ae. aegypti
A0A6I8U1J9	1	U-01	aegypti	Ae. aegypti
A0A6I8U1K2	0	unassigned	aegypti	Ae. aegypti
A0A6I8U1K3	0	unassigned	aegypti	Ae. aegypti
A0A6I8U1K4	1	U-01	aegypti	Ae. aegypti
A0A6I8U1K5	2	U-02	aegypti	Ae. aegypti
A0A6I8U1K6	2	U-02	aegypti	Ae. aegypti
A0A6I8U1K9	0	unassigned	aegypti	Ae. aegypti
A0A6I8U1L0	1	U-01	aegypti	Ae. aegypti
A0A6I8U1L1	2	U-02	aegypti	Ae. aegypti
A0A6I8U1L2	0	unassigned	aegypti	Ae. aegypti
A0A6I8U1L9	2	U-02	aegypti	Ae. aegypti
A0A6I8U1M0	1	U-01	aegypti	Ae. aegypti
A0A6I8U1M1	1	U-01	aegypti	Ae. aegypti
A0A6I8U1M4	2	U-02	aegypti	Ae. aegypti
A0A6I8U1M6	1	U-01	aegypti	Ae. aegypti
A0A6I8U1M7	2	U-02	aegypti	Ae. aegypti
A0A6I8U1M8	1	U-01	aegypti	Ae. aegypti
A0A6I8U1M9	1	U-01	aegypti	Ae. aegypti
A0A6I8U1N2	1	U-01	aegypti	Ae. aegypti
A0A6I8U1N3	2	U-02	aegypti	Ae. aegypti
A0A6I8U1N5	1	U-01	aegypti	Ae. aegypti
A0A6I8U1N6	1	U-01	aegypti	Ae. aegypti
A0A6I8U1N9	1	U-01	aegypti	Ae. aegypti
A0A6I8U1P2	1	U-01	aegypti	Ae. aegypti
A0A6I8U1P4	1	U-01	aegypti	Ae. aegypti
A0A6I8U1P8	2	U-02	aegypti	Ae. aegypti
A0A6I8U1P9	0	unassigned	aegypti	Ae. aegypti
A0A6I8U1Q0	1	U-01	aegypti	Ae. aegypti
A0A6I8U1Q1	1	U-01	aegypti	Ae. aegypti
A0A6I8U1Q2	1	U-01	aegypti	Ae. aegypti
A0A6I8U1Q3	0	unassigned	aegypti	Ae. aegypti
A0A6I8U1Q7	0	unassigned	aegypti	Ae. aegypti
A0A6I8U1Q9	2	U-02	aegypti	Ae. aegypti
A0A6I8U1R2	0	unassigned	aegypti	Ae. aegypti
A0A6I8U1R7	2	U-02	aegypti	Ae. aegypti
A0A6I8U1R8	1	U-01	aegypti	Ae. aegypti
A0A6I8U1R9	1	U-01	aegypti	Ae. aegypti
A0A6I8U1S2	1	U-01	aegypti	Ae. aegypti
A0A6I8U1S3	1	U-01	aegypti	Ae. aegypti
A0A6I8U1S4	1	U-01	aegypti	Ae. aegypti
A0A6I8U1S6	1	U-01	aegypti	Ae. aegypti
A0A6I8U1S8	0	unassigned	aegypti	Ae. aegypti
A0A6I8U1T1	1	U-01	aegypti	Ae. aegypti
A0A6I8U1T3	0	unassigned	aegypti	Ae. aegypti
A0A6I8U1T5	1	U-01	aegypti	Ae. aegypti
A0A6I8U1T9	0	unassigned	aegypti	Ae. aegypti
A0A6I8U1U3	1	U-01	aegypti	Ae. aegypti
A0A6I8U1U8	1	U-01	aegypti	Ae. aegypti
A0A6I8U1V2	0	unassigned	aegypti	Ae. aegypti
A0A6I8U1V3	2	U-02	aegypti	Ae. aegypti
A0A6I8U1V7	1	U-01	aegypti	Ae. aegypti
A0A6I8U1W1	0	unassigned	aegypti	Ae. aegypti
A0A6I8U1W4	0	unassigned	aegypti	Ae. aegypti
A0A6I8U1W5	2	U-02	aegypti	Ae. aegypti
A0A6I8U1W9	0	unassigned	aegypti	Ae. aegypti
A0A6I8U1X0	1	U-01	aegypti	Ae. aegypti
A0A6I8U1X6	0	unassigned	aegypti	Ae. aegypti
A0A6I8U1X7	1	U-01	aegypti	Ae. aegypti
A0A6I8U1X8	1	U-01	aegypti	Ae. aegypti
A0A6I8U1Y0	2	U-02	aegypti	Ae. aegypti
A0A6I8U1Y1	1	U-01	aegypti	Ae. aegypti
A0A6I8U1Y2	1	U-01	aegypti	Ae. aegypti
A0A6I8U1Y3	1	U-01	aegypti	Ae. aegypti
A0A6I8U1Y4	1	U-01	aegypti	Ae. aegypti
A0A6I8U1Y6	1	U-01	aegypti	Ae. aegypti
A0A6I8U1Y9	1	U-01	aegypti	Ae. aegypti
A0A6I8U1Z2	1	U-01	aegypti	Ae. aegypti
A0A6I8U1Z4	2	U-02	aegypti	Ae. aegypti
A0A6I8U1Z5	2	U-02	aegypti	Ae. aegypti
A0A6I8U1Z8	1	U-01	aegypti	Ae. aegypti
A0A6I8U200	2	U-02	aegypti	Ae. aegypti
A0A6I8U202	1	U-01	aegypti	Ae. aegypti
A0A6I8U204	0	unassigned	aegypti	Ae. aegypti
A0A6I8U208	2	U-02	aegypti	Ae. aegypti
A0A6I8U210	0	unassigned	aegypti	Ae. aegypti
A0A6I8U212	2	U-02	aegypti	Ae. aegypti
A0A6I8U213	0	unassigned	aegypti	Ae. aegypti
A0A6I8U214	1	U-01	aegypti	Ae. aegypti
A0A6I8U215	0	unassigned	aegypti	Ae. aegypti
A0A6I8U217	1	U-01	aegypti	Ae. aegypti
A0A6I8U223	1	U-01	aegypti	Ae. aegypti
A0A6I8U230	1	U-01	aegypti	Ae. aegypti
A0A6I8U237	1	U-01	aegypti	Ae. aegypti
A0A6I8U239	1	U-01	aegypti	Ae. aegypti
A0A6I8U241	0	unassigned	aegypti	Ae. aegypti
A0A6I8U243	1	U-01	aegypti	Ae. aegypti
A0A6I8U246	1	U-01	aegypti	Ae. aegypti
A0A6I8U248	0	unassigned	aegypti	Ae. aegypti
A0A6I8U250	1	U-01	aegypti	Ae. aegypti
A0A6I8U251	1	U-01	aegypti	Ae. aegypti
A0A6I8U254	1	U-01	aegypti	Ae. aegypti
A0A6I8U256	0	unassigned	aegypti	Ae. aegypti
A0A6I8U257	2	U-02	aegypti	Ae. aegypti
A0A6I8U259	2	U-02	aegypti	Ae. aegypti
A0A6I8U260	1	U-01	aegypti	Ae. aegypti
A0A6I8U261	1	U-01	aegypti	Ae. aegypti
A0A6I8U262	1	U-01	aegypti	Ae. aegypti
A0A6I8U264	1	U-01	aegypti	Ae. aegypti
A0A6I8U265	0	unassigned	aegypti	Ae. aegypti
A0A6I8U266	0	unassigned	aegypti	Ae. aegypti
A0A6I8U271	2	U-02	aegypti	Ae. aegypti
A0A6I8U276	1	U-01	aegypti	Ae. aegypti
A0A6I8U280	1	U-01	aegypti	Ae. aegypti
A0A6I8U282	0	unassigned	aegypti	Ae. aegypti
A0A6I8U285	0	unassigned	aegypti	Ae. aegypti
A0A6I8U286	1	U-01	aegypti	Ae. aegypti
A0A6I8U287	1	U-01	aegypti	Ae. aegypti
A0A6I8U288	1	U-01	aegypti	Ae. aegypti
A0A6I8U289	1	U-01	aegypti	Ae. aegypti
A0A6I8U293	2	U-02	aegypti	Ae. aegypti
A0A6I8U296	1	U-01	aegypti	Ae. aegypti
A0A6I8U297	1	U-01	aegypti	Ae. aegypti
A0A6I8U298	1	U-01	aegypti	Ae. aegypti
A0A6I8U2A1	1	U-01	aegypti	Ae. aegypti
A0A6I8U2A2	1	U-01	aegypti	Ae. aegypti
A0A6I8U2A7	1	U-01	aegypti	Ae. aegypti
A0A6I8U2B0	1	U-01	aegypti	Ae. aegypti
A0A6I8U2B4	1	U-01	aegypti	Ae. aegypti
A0A6I8U2B6	1	U-01	aegypti	Ae. aegypti
A0A6I8U2B7	0	unassigned	aegypti	Ae. aegypti
A0A6I8U2B9	1	U-01	aegypti	Ae. aegypti
A0A6I8U2C1	1	U-01	aegypti	Ae. aegypti
A0A6I8U2C2	1	U-01	aegypti	Ae. aegypti
A0A6I8U2C3	0	unassigned	aegypti	Ae. aegypti
A0A6I8U2C5	0	unassigned	aegypti	Ae. aegypti
A0A6I8U2C6	2	U-02	aegypti	Ae. aegypti
A0A6I8U2C7	2	U-02	aegypti	Ae. aegypti
A0A6I8U2C8	0	unassigned	aegypti	Ae. aegypti
A0A6I8U2D5	0	unassigned	aegypti	Ae. aegypti
A0A6I8T3G0	1	U-01	aegypti	Ae. aegypti
A0A6I8T3G1	2	U-02	aegypti	Ae. aegypti
A0A6I8T3G7	2	U-02	aegypti	Ae. aegypti
A0A6I8T3H1	0	unassigned	aegypti	Ae. aegypti
A0A6I8T3H4	1	U-01	aegypti	Ae. aegypti
A0A6I8T3I4	1	U-01	aegypti	Ae. aegypti
A0A6I8T3I6	2	U-02	aegypti	Ae. aegypti
A0A6I8T3I9	1	U-01	aegypti	Ae. aegypti
A0A6I8T3J0	1	U-01	aegypti	Ae. aegypti
A0A6I8T3J7	1	U-01	aegypti	Ae. aegypti
A0A6I8T3J8	2	U-02	aegypti	Ae. aegypti
A0A6I8T3K0	1	U-01	aegypti	Ae. aegypti
A0A6I8T3K7	1	U-01	aegypti	Ae. aegypti
A0A6I8T3K8	1	U-01	aegypti	Ae. aegypti
A0A6I8T3L2	1	U-01	aegypti	Ae. aegypti
A0A6I8T3L8	1	U-01	aegypti	Ae. aegypti
A0A6I8T3M4	1	U-01	aegypti	Ae. aegypti
A0A6I8T3M5	2	U-02	aegypti	Ae. aegypti
A0A6I8T3M8	1	U-01	aegypti	Ae. aegypti
A0A6I8T3N0	1	U-01	aegypti	Ae. aegypti
A0A6I8T3N5	1	U-01	aegypti	Ae. aegypti
A0A6I8T3N8	1	U-01	aegypti	Ae. aegypti
A0A6I8T3P3	1	U-01	aegypti	Ae. aegypti
A0A6I8T3P7	1	U-01	aegypti	Ae. aegypti
A0A6I8T3P8	1	U-01	aegypti	Ae. aegypti
A0A6I8T3P9	2	U-02	aegypti	Ae. aegypti
A0A6I8T3Q4	1	U-01	aegypti	Ae. aegypti
A0A6I8T3Q5	2	U-02	aegypti	Ae. aegypti
A0A6I8T3R0	2	U-02	aegypti	Ae. aegypti
A0A6I8T3R3	2	U-02	aegypti	Ae. aegypti
A0A6I8T3R4	1	U-01	aegypti	Ae. aegypti
A0A6I8T3R6	1	U-01	aegypti	Ae. aegypti
A0A6I8T3R9	1	U-01	aegypti	Ae. aegypti
A0A6I8T3S2	1	U-01	aegypti	Ae. aegypti
A0A6I8T3S5	1	U-01	aegypti	Ae. aegypti
A0A6I8T3T2	1	U-01	aegypti	Ae. aegypti
A0A6I8T3T8	2	U-02	aegypti	Ae. aegypti
A0A6I8T3T9	1	U-01	aegypti	Ae. aegypti
A0A6I8T3U1	2	U-02	aegypti	Ae. aegypti
A0A6I8T3U6	1	U-01	aegypti	Ae. aegypti
A0A6I8T3V3	1	U-01	aegypti	Ae. aegypti
A0A6I8T3V4	1	U-01	aegypti	Ae. aegypti
A0A6I8T3V6	2	U-02	aegypti	Ae. aegypti
A0A6I8T3V8	1	U-01	aegypti	Ae. aegypti
A0A6I8T3W0	1	U-01	aegypti	Ae. aegypti
A0A6I8T3W1	0	unassigned	aegypti	Ae. aegypti
A0A6I8T3W2	1	U-01	aegypti	Ae. aegypti
A0A6I8T3W4	2	U-02	aegypti	Ae. aegypti
A0A6I8T3W8	1	U-01	aegypti	Ae. aegypti
A0A6I8T3W9	1	U-01	aegypti	Ae. aegypti
A0A6I8T3X5	1	U-01	aegypti	Ae. aegypti
A0A6I8T3Y4	2	U-02	aegypti	Ae. aegypti
A0A6I8T3Y7	1	U-01	aegypti	Ae. aegypti
A0A6I8T3Y8	1	U-01	aegypti	Ae. aegypti
A0A6I8T3Y9	1	U-01	aegypti	Ae. aegypti
A0A6I8T3Z2	1	U-01	aegypti	Ae. aegypti
A0A6I8T3Z3	1	U-01	aegypti	Ae. aegypti
A0A6I8T3Z4	1	U-01	aegypti	Ae. aegypti
A0A6I8T3Z5	1	U-01	aegypti	Ae. aegypti
A0A6I8T3Z7	1	U-01	aegypti	Ae. aegypti
A0A6I8T3Z8	0	unassigned	aegypti	Ae. aegypti
A0A6I8T401	1	U-01	aegypti	Ae. aegypti
A0A6I8T407	1	U-01	aegypti	Ae. aegypti
A0A6I8T409	1	U-01	aegypti	Ae. aegypti
A0A6I8T410	1	U-01	aegypti	Ae. aegypti
A0A6I8T414	1	U-01	aegypti	Ae. aegypti
A0A6I8T418	2	U-02	aegypti	Ae. aegypti
A0A6I8T421	1	U-01	aegypti	Ae. aegypti
A0A6I8T422	1	U-01	aegypti	Ae. aegypti
A0A6I8T424	1	U-01	aegypti	Ae. aegypti
A0A6I8T432	1	U-01	aegypti	Ae. aegypti
A0A6I8T434	2	U-02	aegypti	Ae. aegypti
A0A6I8T436	2	U-02	aegypti	Ae. aegypti
A0A6I8T437	1	U-01	aegypti	Ae. aegypti
A0A6I8T438	1	U-01	aegypti	Ae. aegypti
A0A6I8T441	1	U-01	aegypti	Ae. aegypti
A0A6I8T443	2	U-02	aegypti	Ae. aegypti
A0A6I8T446	1	U-01	aegypti	Ae. aegypti
A0A6I8T447	1	U-01	aegypti	Ae. aegypti
A0A6I8T449	2	U-02	aegypti	Ae. aegypti
A0A6I8T454	1	U-01	aegypti	Ae. aegypti
A0A6I8T457	1	U-01	aegypti	Ae. aegypti
A0A6I8T458	1	U-01	aegypti	Ae. aegypti
A0A6I8T461	1	U-01	aegypti	Ae. aegypti
A0A6I8T464	1	U-01	aegypti	Ae. aegypti
A0A6I8T468	2	U-02	aegypti	Ae. aegypti
A0A6I8T470	1	U-01	aegypti	Ae. aegypti
A0A6I8T471	1	U-01	aegypti	Ae. aegypti
A0A6I8T474	0	unassigned	aegypti	Ae. aegypti
A0A6I8T484	1	U-01	aegypti	Ae. aegypti
A0A6I8T490	1	U-01	aegypti	Ae. aegypti
A0A6I8T495	1	U-01	aegypti	Ae. aegypti
A0A6I8T496	1	U-01	aegypti	Ae. aegypti
A0A6I8T4A2	1	U-01	aegypti	Ae. aegypti
A0A6I8T4B3	1	U-01	aegypti	Ae. aegypti
A0A6I8T4B6	1	U-01	aegypti	Ae. aegypti
A0A6I8T4C1	1	U-01	aegypti	Ae. aegypti
A0A6I8T4C3	0	unassigned	aegypti	Ae. aegypti
A0A6I8T4C4	1	U-01	aegypti	Ae. aegypti
A0A6I8T4C5	1	U-01	aegypti	Ae. aegypti
A0A6I8T4C8	1	U-01	aegypti	Ae. aegypti
A0A6I8T4C9	1	U-01	aegypti	Ae. aegypti
A0A6I8T4D3	1	U-01	aegypti	Ae. aegypti
A0A6I8T4D4	1	U-01	aegypti	Ae. aegypti
A0A6I8T4E2	2	U-02	aegypti	Ae. aegypti
A0A6I8T4E5	1	U-01	aegypti	Ae. aegypti
A0A6I8T4F0	1	U-01	aegypti	Ae. aegypti
A0A6I8T4F8	1	U-01	aegypti	Ae. aegypti
A0A6I8T4G1	1	U-01	aegypti	Ae. aegypti
A0A6I8T4H2	1	U-01	aegypti	Ae. aegypti
A0A6I8T4H5	1	U-01	aegypti	Ae. aegypti
A0A6I8T4H7	1	U-01	aegypti	Ae. aegypti
A0A6I8T4I0	1	U-01	aegypti	Ae. aegypti
A0A6I8T4I3	1	U-01	aegypti	Ae. aegypti
A0A6I8T4I4	1	U-01	aegypti	Ae. aegypti
A0A6I8T4I5	1	U-01	aegypti	Ae. aegypti
A0A6I8T4I6	1	U-01	aegypti	Ae. aegypti
A0A6I8T4J1	1	U-01	aegypti	Ae. aegypti
A0A6I8T4J8	1	U-01	aegypti	Ae. aegypti
A0A6I8T4K1	1	U-01	aegypti	Ae. aegypti
A0A6I8T4K2	1	U-01	aegypti	Ae. aegypti
A0A6I8T4K3	1	U-01	aegypti	Ae. aegypti
A0A6I8T4K7	1	U-01	aegypti	Ae. aegypti
A0A6I8T4K9	2	U-02	aegypti	Ae. aegypti
A0A6I8T4L1	1	U-01	aegypti	Ae. aegypti
A0A6I8T4L2	1	U-01	aegypti	Ae. aegypti
A0A6I8T4L3	1	U-01	aegypti	Ae. aegypti
A0A6I8T4L8	1	U-01	aegypti	Ae. aegypti
A0A6I8T4L9	1	U-01	aegypti	Ae. aegypti
A0A6I8T4M5	0	unassigned	aegypti	Ae. aegypti
A0A6I8T4M6	1	U-01	aegypti	Ae. aegypti
A0A6I8T4N9	0	unassigned	aegypti	Ae. aegypti
A0A6I8T4P0	1	U-01	aegypti	Ae. aegypti
A0A6I8T4P7	1	U-01	aegypti	Ae. aegypti
A0A6I8T4P9	1	U-01	aegypti	Ae. aegypti
A0A6I8T4Q0	1	U-01	aegypti	Ae. aegypti
A0A6I8T4Q1	1	U-01	aegypti	Ae. aegypti
A0A6I8T4Q3	2	U-02	aegypti	Ae. aegypti
A0A6I8T4Q5	1	U-01	aegypti	Ae. aegypti
A0A6I8T4Q7	0	unassigned	aegypti	Ae. aegypti
A0A6I8T4Q9	1	U-01	aegypti	Ae. aegypti
A0A6I8T4R0	1	U-01	aegypti	Ae. aegypti
A0A6I8T4R1	1	U-01	aegypti	Ae. aegypti
A0A6I8T4R4	1	U-01	aegypti	Ae. aegypti
A0A6I8T4R5	1	U-01	aegypti	Ae. aegypti
A0A6I8T4S0	1	U-01	aegypti	Ae. aegypti
A0A6I8T4S6	1	U-01	aegypti	Ae. aegypti
A0A6I8T4T0	2	U-02	aegypti	Ae. aegypti
A0A6I8T4T3	1	U-01	aegypti	Ae. aegypti
A0A6I8T4T6	1	U-01	aegypti	Ae. aegypti
A0A6I8T4T8	1	U-01	aegypti	Ae. aegypti
A0A6I8T4U3	2	U-02	aegypti	Ae. aegypti
A0A6I8T4U6	2	U-02	aegypti	Ae. aegypti
A0A6I8T4U7	1	U-01	aegypti	Ae. aegypti
A0A6I8T4V0	1	U-01	aegypti	Ae. aegypti
A0A6I8T4V1	1	U-01	aegypti	Ae. aegypti
A0A6I8T4V2	1	U-01	aegypti	Ae. aegypti
A0A6I8T4V4	1	U-01	aegypti	Ae. aegypti
A0A6I8T4W5	1	U-01	aegypti	Ae. aegypti
A0A6I8T4W6	1	U-01	aegypti	Ae. aegypti
A0A6I8T4W9	2	U-02	aegypti	Ae. aegypti
A0A6I8T4X3	2	U-02	aegypti	Ae. aegypti
A0A6I8T4X4	1	U-01	aegypti	Ae. aegypti
A0A6I8T4X8	1	U-01	aegypti	Ae. aegypti
A0A6I8T4Y3	0	unassigned	aegypti	Ae. aegypti
A0A6I8T4Y5	0	unassigned	aegypti	Ae. aegypti
A0A6I8T4Y7	1	U-01	aegypti	Ae. aegypti
A0A6I8T4Y9	1	U-01	aegypti	Ae. aegypti
A0A6I8T4Z1	1	U-01	aegypti	Ae. aegypti
A0A6I8T4Z4	1	U-01	aegypti	Ae. aegypti
A0A6I8T4Z6	1	U-01	aegypti	Ae. aegypti
A0A6I8T4Z9	0	unassigned	aegypti	Ae. aegypti
A0A6I8T505	0	unassigned	aegypti	Ae. aegypti
A0A6I8T510	1	U-01	aegypti	Ae. aegypti
A0A6I8T511	1	U-01	aegypti	Ae. aegypti
A0A6I8T512	1	U-01	aegypti	Ae. aegypti
A0A6I8T518	0	unassigned	aegypti	Ae. aegypti
A0A6I8T524	1	U-01	aegypti	Ae. aegypti
A0A6I8T525	0	unassigned	aegypti	Ae. aegypti
A0A6I8T539	1	U-01	aegypti	Ae. aegypti
A0A6I8T546	0	unassigned	aegypti	Ae. aegypti
A0A6I8T552	1	U-01	aegypti	Ae. aegypti
A0A6I8T555	0	unassigned	aegypti	Ae. aegypti
A0A6I8T559	0	unassigned	aegypti	Ae. aegypti
A0A6I8T573	0	unassigned	aegypti	Ae. aegypti
A0A6I8T579	0	unassigned	aegypti	Ae. aegypti
A0A6I8T580	1	U-01	aegypti	Ae. aegypti
A0A6I8T581	0	unassigned	aegypti	Ae. aegypti
A0A6I8T588	1	U-01	aegypti	Ae. aegypti
A0A6I8T591	2	U-02	aegypti	Ae. aegypti
A0A6I8T595	1	U-01	aegypti	Ae. aegypti
A0A6I8T5A4	1	U-01	aegypti	Ae. aegypti
A0A6I8T5A7	1	U-01	aegypti	Ae. aegypti
A0A6I8T5B3	1	U-01	aegypti	Ae. aegypti
A0A6I8T5B4	1	U-01	aegypti	Ae. aegypti
A0A6I8T5C5	1	U-01	aegypti	Ae. aegypti
A0A6I8T5C8	2	U-02	aegypti	Ae. aegypti
A0A6I8T5C9	0	unassigned	aegypti	Ae. aegypti
A0A6I8T5D1	1	U-01	aegypti	Ae. aegypti
A0A6I8T5D4	1	U-01	aegypti	Ae. aegypti
A0A6I8T5D8	1	U-01	aegypti	Ae. aegypti
A0A6I8T5E5	0	unassigned	aegypti	Ae. aegypti
A0A6I8T5E6	1	U-01	aegypti	Ae. aegypti
A0A6I8T5F0	0	unassigned	aegypti	Ae. aegypti
A0A6I8T5F5	1	U-01	aegypti	Ae. aegypti
A0A6I8T5G0	1	U-01	aegypti	Ae. aegypti
A0A6I8T5G3	1	U-01	aegypti	Ae. aegypti
A0A6I8T5G5	2	U-02	aegypti	Ae. aegypti
A0A6I8T5G7	1	U-01	aegypti	Ae. aegypti
A0A6I8T5H2	1	U-01	aegypti	Ae. aegypti
A0A6I8T5H4	1	U-01	aegypti	Ae. aegypti
A0A6I8T5H9	2	U-02	aegypti	Ae. aegypti
A0A6I8T5I5	1	U-01	aegypti	Ae. aegypti
A0A6I8T5I6	1	U-01	aegypti	Ae. aegypti
A0A6I8T5J4	1	U-01	aegypti	Ae. aegypti
A0A6I8T5J6	1	U-01	aegypti	Ae. aegypti
A0A6I8T5K3	2	U-02	aegypti	Ae. aegypti
A0A6I8T5K5	1	U-01	aegypti	Ae. aegypti
A0A6I8T5L4	1	U-01	aegypti	Ae. aegypti
A0A6I8T5L7	0	unassigned	aegypti	Ae. aegypti
A0A6I8T5L8	0	unassigned	aegypti	Ae. aegypti
A0A6I8T5M1	0	unassigned	aegypti	Ae. aegypti
A0A6I8T5M2	1	U-01	aegypti	Ae. aegypti
A0A6I8T5M3	0	unassigned	aegypti	Ae. aegypti
A0A6I8T5M6	0	unassigned	aegypti	Ae. aegypti
A0A6I8T5M9	0	unassigned	aegypti	Ae. aegypti
A0A6I8T5P7	2	U-02	aegypti	Ae. aegypti
A0A6I8T5P8	0	unassigned	aegypti	Ae. aegypti
A0A6I8T5Q5	1	U-01	aegypti	Ae. aegypti
A0A6I8T5Q9	1	U-01	aegypti	Ae. aegypti
A0A6I8T5R0	1	U-01	aegypti	Ae. aegypti
A0A6I8T5R2	1	U-01	aegypti	Ae. aegypti
A0A6I8T5R6	1	U-01	aegypti	Ae. aegypti
A0A6I8T5R8	0	unassigned	aegypti	Ae. aegypti
A0A6I8T5R9	1	U-01	aegypti	Ae. aegypti
A0A6I8T5S4	2	U-02	aegypti	Ae. aegypti
A0A6I8T5S8	1	U-01	aegypti	Ae. aegypti
A0A6I8T5T2	1	U-01	aegypti	Ae. aegypti
A0A6I8T5T5	1	U-01	aegypti	Ae. aegypti
A0A6I8T5T8	1	U-01	aegypti	Ae. aegypti
A0A6I8T5U0	0	unassigned	aegypti	Ae. aegypti
A0A6I8T5U2	1	U-01	aegypti	Ae. aegypti
A0A6I8T5U5	1	U-01	aegypti	Ae. aegypti
A0A6I8T5U7	1	U-01	aegypti	Ae. aegypti
A0A6I8T5V0	1	U-01	aegypti	Ae. aegypti
A0A6I8T5V2	1	U-01	aegypti	Ae. aegypti
A0A6I8T5V7	1	U-01	aegypti	Ae. aegypti
A0A6I8T5V8	1	U-01	aegypti	Ae. aegypti
A0A6I8T5W3	2	U-02	aegypti	Ae. aegypti
A0A6I8T5W4	1	U-01	aegypti	Ae. aegypti
A0A6I8T5W5	1	U-01	aegypti	Ae. aegypti
A0A6I8T5W9	0	unassigned	aegypti	Ae. aegypti
A0A6I8T5X0	1	U-01	aegypti	Ae. aegypti
A0A6I8T5X6	0	unassigned	aegypti	Ae. aegypti
A0A6I8T5X7	1	U-01	aegypti	Ae. aegypti
A0A6I8T5X9	0	unassigned	aegypti	Ae. aegypti
A0A6I8T5Y2	1	U-01	aegypti	Ae. aegypti
A0A6I8T5Y4	1	U-01	aegypti	Ae. aegypti
A0A6I8T5Y7	0	unassigned	aegypti	Ae. aegypti
A0A6I8T5Y8	1	U-01	aegypti	Ae. aegypti
A0A6I8T5Z1	2	U-02	aegypti	Ae. aegypti
A0A6I8T5Z3	1	U-01	aegypti	Ae. aegypti
A0A6I8T5Z6	1	U-01	aegypti	Ae. aegypti
A0A6I8T5Z9	1	U-01	aegypti	Ae. aegypti
A0A6I8T600	1	U-01	aegypti	Ae. aegypti
A0A6I8T605	0	unassigned	aegypti	Ae. aegypti
A0A6I8T608	1	U-01	aegypti	Ae. aegypti
A0A6I8T619	1	U-01	aegypti	Ae. aegypti
A0A6I8T623	1	U-01	aegypti	Ae. aegypti
A0A6I8T625	0	unassigned	aegypti	Ae. aegypti
A0A6I8T626	2	U-02	aegypti	Ae. aegypti
A0A6I8T628	1	U-01	aegypti	Ae. aegypti
A0A6I8T631	1	U-01	aegypti	Ae. aegypti
A0A6I8T634	1	U-01	aegypti	Ae. aegypti
A0A6I8T637	2	U-02	aegypti	Ae. aegypti
A0A6I8T640	1	U-01	aegypti	Ae. aegypti
A0A6I8T641	1	U-01	aegypti	Ae. aegypti
A0A6I8T644	1	U-01	aegypti	Ae. aegypti
A0A6I8T647	1	U-01	aegypti	Ae. aegypti
A0A6I8T650	1	U-01	aegypti	Ae. aegypti
A0A6I8T651	1	U-01	aegypti	Ae. aegypti
A0A6I8T652	1	U-01	aegypti	Ae. aegypti
A0A6I8T657	1	U-01	aegypti	Ae. aegypti
A0A6I8T664	0	unassigned	aegypti	Ae. aegypti
A0A6I8T672	0	unassigned	aegypti	Ae. aegypti
A0A6I8T677	2	U-02	aegypti	Ae. aegypti
A0A6I8T686	1	U-01	aegypti	Ae. aegypti
A0A6I8T689	1	U-01	aegypti	Ae. aegypti
A0A6I8T691	1	U-01	aegypti	Ae. aegypti
A0A6I8T694	1	U-01	aegypti	Ae. aegypti
A0A6I8T6A1	1	U-01	aegypti	Ae. aegypti
A0A6I8T6A7	2	U-02	aegypti	Ae. aegypti
A0A6I8T6B0	1	U-01	aegypti	Ae. aegypti
A0A6I8T6B3	1	U-01	aegypti	Ae. aegypti
A0A6I8T6C4	1	U-01	aegypti	Ae. aegypti
A0A6I8T6E1	2	U-02	aegypti	Ae. aegypti
A0A6I8T6E3	1	U-01	aegypti	Ae. aegypti
A0A6I8T6E7	1	U-01	aegypti	Ae. aegypti
A0A6I8T6E8	1	U-01	aegypti	Ae. aegypti
A0A6I8T6F9	1	U-01	aegypti	Ae. aegypti
A0A6I8TVB5	1	U-01	aegypti	Ae. aegypti
A0A6I8TVB7	0	unassigned	aegypti	Ae. aegypti
A0A6I8TVB9	1	U-01	aegypti	Ae. aegypti
A0A6I8TVC4	1	U-01	aegypti	Ae. aegypti
A0A6I8TVC7	1	U-01	aegypti	Ae. aegypti
A0A6I8TVC8	2	U-02	aegypti	Ae. aegypti
A0A6I8TVC9	0	unassigned	aegypti	Ae. aegypti
A0A6I8TVD1	1	U-01	aegypti	Ae. aegypti
A0A6I8TVE4	1	U-01	aegypti	Ae. aegypti
A0A6I8TVE5	1	U-01	aegypti	Ae. aegypti
A0A6I8TVF0	1	U-01	aegypti	Ae. aegypti
A0A6I8TVF2	1	U-01	aegypti	Ae. aegypti
A0A6I8TVF8	2	U-02	aegypti	Ae. aegypti
A0A6I8TVG0	1	U-01	aegypti	Ae. aegypti
A0A6I8TVG1	1	U-01	aegypti	Ae. aegypti
A0A6I8TVG3	1	U-01	aegypti	Ae. aegypti
A0A6I8TVG4	1	U-01	aegypti	Ae. aegypti
A0A6I8TVG8	1	U-01	aegypti	Ae. aegypti
A0A6I8TVG9	0	unassigned	aegypti	Ae. aegypti
A0A6I8TVH0	0	unassigned	aegypti	Ae. aegypti
A0A6I8TVH6	2	U-02	aegypti	Ae. aegypti
A0A6I8TVI1	0	unassigned	aegypti	Ae. aegypti
A0A6I8TVI3	1	U-01	aegypti	Ae. aegypti
A0A6I8TVI4	1	U-01	aegypti	Ae. aegypti
A0A6I8TVI5	1	U-01	aegypti	Ae. aegypti
A0A6I8TVI8	0	unassigned	aegypti	Ae. aegypti
A0A6I8TVJ0	1	U-01	aegypti	Ae. aegypti
A0A6I8TVJ3	1	U-01	aegypti	Ae. aegypti
A0A6I8TVJ5	1	U-01	aegypti	Ae. aegypti
A0A6I8TVJ9	1	U-01	aegypti	Ae. aegypti
A0A6I8TVK0	1	U-01	aegypti	Ae. aegypti
A0A6I8TVK6	1	U-01	aegypti	Ae. aegypti
A0A6I8TVL0	0	unassigned	aegypti	Ae. aegypti
A0A6I8TVL3	2	U-02	aegypti	Ae. aegypti
A0A6I8TVL5	2	U-02	aegypti	Ae. aegypti
A0A6I8TVL6	1	U-01	aegypti	Ae. aegypti
A0A6I8TVM3	2	U-02	aegypti	Ae. aegypti
A0A6I8TVM4	1	U-01	aegypti	Ae. aegypti
A0A6I8TVM9	1	U-01	aegypti	Ae. aegypti
A0A6I8TVN3	0	unassigned	aegypti	Ae. aegypti
A0A6I8TVN5	1	U-01	aegypti	Ae. aegypti
A0A6I8TVN6	1	U-01	aegypti	Ae. aegypti
A0A6I8TVN7	0	unassigned	aegypti	Ae. aegypti
A0A6I8TVP1	1	U-01	aegypti	Ae. aegypti
A0A6I8TVP4	1	U-01	aegypti	Ae. aegypti
A0A6I8TVP6	2	U-02	aegypti	Ae. aegypti
A0A6I8TVP9	1	U-01	aegypti	Ae. aegypti
A0A6I8TVQ0	1	U-01	aegypti	Ae. aegypti
A0A6I8TVQ5	1	U-01	aegypti	Ae. aegypti
A0A6I8TVQ9	1	U-01	aegypti	Ae. aegypti
A0A6I8TVR1	2	U-02	aegypti	Ae. aegypti
A0A6I8TVR3	1	U-01	aegypti	Ae. aegypti
A0A6I8TVR8	1	U-01	aegypti	Ae. aegypti
A0A6I8TVS1	2	U-02	aegypti	Ae. aegypti
A0A6I8TVS4	1	U-01	aegypti	Ae. aegypti
A0A6I8TVS5	0	unassigned	aegypti	Ae. aegypti
A0A6I8TVS7	1	U-01	aegypti	Ae. aegypti
A0A6I8TVS8	0	unassigned	aegypti	Ae. aegypti
A0A6I8TVT3	0	unassigned	aegypti	Ae. aegypti
A0A6I8TVT6	2	U-02	aegypti	Ae. aegypti
A0A6I8TVU1	2	U-02	aegypti	Ae. aegypti
A0A6I8TVU3	2	U-02	aegypti	Ae. aegypti
A0A6I8TVU4	0	unassigned	aegypti	Ae. aegypti
A0A6I8TVV0	1	U-01	aegypti	Ae. aegypti
A0A6I8TVV2	1	U-01	aegypti	Ae. aegypti
A0A6I8TVV7	1	U-01	aegypti	Ae. aegypti
A0A6I8TVW0	2	U-02	aegypti	Ae. aegypti
A0A6I8TVW3	1	U-01	aegypti	Ae. aegypti
A0A6I8TVW4	2	U-02	aegypti	Ae. aegypti
A0A6I8TVW7	1	U-01	aegypti	Ae. aegypti
A0A6I8TVW9	1	U-01	aegypti	Ae. aegypti
A0A6I8TVX3	1	U-01	aegypti	Ae. aegypti
A0A6I8TVY6	2	U-02	aegypti	Ae. aegypti
A0A6I8TVY7	1	U-01	aegypti	Ae. aegypti
A0A6I8TVY8	1	U-01	aegypti	Ae. aegypti
A0A6I8TVY9	2	U-02	aegypti	Ae. aegypti
A0A6I8TVZ6	2	U-02	aegypti	Ae. aegypti
A0A6I8TW10	1	U-01	aegypti	Ae. aegypti
A0A6I8TW11	1	U-01	aegypti	Ae. aegypti
A0A6I8TW17	1	U-01	aegypti	Ae. aegypti
A0A6I8TW18	2	U-02	aegypti	Ae. aegypti
A0A6I8TW20	0	unassigned	aegypti	Ae. aegypti
A0A6I8TW22	1	U-01	aegypti	Ae. aegypti
A0A6I8TW25	0	unassigned	aegypti	Ae. aegypti
A0A6I8TW29	1	U-01	aegypti	Ae. aegypti
A0A6I8TW36	0	unassigned	aegypti	Ae. aegypti
A0A6I8TW44	1	U-01	aegypti	Ae. aegypti
A0A6I8TW47	1	U-01	aegypti	Ae. aegypti
A0A6I8TW53	0	unassigned	aegypti	Ae. aegypti
A0A6I8TW57	0	unassigned	aegypti	Ae. aegypti
A0A6I8TW58	0	unassigned	aegypti	Ae. aegypti
A0A6I8TW59	0	unassigned	aegypti	Ae. aegypti
A0A6I8TW62	1	U-01	aegypti	Ae. aegypti
A0A6I8TW65	0	unassigned	aegypti	Ae. aegypti
A0A6I8TW70	0	unassigned	aegypti	Ae. aegypti
A0A6I8TW72	0	unassigned	aegypti	Ae. aegypti
A0A6I8TW76	0	unassigned	aegypti	Ae. aegypti
A0A6I8TW87	0	unassigned	aegypti	Ae. aegypti
A0A6I8TW90	2	U-02	aegypti	Ae. aegypti
A0A6I8TW92	1	U-01	aegypti	Ae. aegypti
A0A6I8TW95	1	U-01	aegypti	Ae. aegypti
A0A6I8TWA8	2	U-02	aegypti	Ae. aegypti
A0A6I8TWC0	1	U-01	aegypti	Ae. aegypti
A0A6I8TWC3	1	U-01	aegypti	Ae. aegypti
A0A6I8TWC6	1	U-01	aegypti	Ae. aegypti
A0A6I8TWC9	1	U-01	aegypti	Ae. aegypti
A0A6I8TWD6	1	U-01	aegypti	Ae. aegypti
A0A6I8TWE1	2	U-02	aegypti	Ae. aegypti
A0A6I8TWE5	1	U-01	aegypti	Ae. aegypti
A0A6I8TWF3	1	U-01	aegypti	Ae. aegypti
A0A6I8TWF5	1	U-01	aegypti	Ae. aegypti
A0A6I8TWF7	0	unassigned	aegypti	Ae. aegypti
A0A6I8TWG0	1	U-01	aegypti	Ae. aegypti
A0A6I8TWG5	1	U-01	aegypti	Ae. aegypti
A0A6I8TWH1	1	U-01	aegypti	Ae. aegypti
A0A6I8TWH2	1	U-01	aegypti	Ae. aegypti
A0A6I8TWH5	0	unassigned	aegypti	Ae. aegypti
A0A6I8TWI0	2	U-02	aegypti	Ae. aegypti
A0A6I8TWI2	1	U-01	aegypti	Ae. aegypti
A0A6I8TWI4	1	U-01	aegypti	Ae. aegypti
A0A6I8TWI7	0	unassigned	aegypti	Ae. aegypti
A0A6I8TWI8	2	U-02	aegypti	Ae. aegypti
A0A6I8TWJ1	1	U-01	aegypti	Ae. aegypti
A0A6I8TWK2	1	U-01	aegypti	Ae. aegypti
A0A6I8TWK7	1	U-01	aegypti	Ae. aegypti
A0A6I8TWK8	1	U-01	aegypti	Ae. aegypti
A0A6I8TWL0	1	U-01	aegypti	Ae. aegypti
A0A6I8TWL1	1	U-01	aegypti	Ae. aegypti
A0A6I8TWL4	1	U-01	aegypti	Ae. aegypti
A0A6I8TWL5	0	unassigned	aegypti	Ae. aegypti
A0A6I8TWM0	1	U-01	aegypti	Ae. aegypti
A0A6I8TWM1	0	unassigned	aegypti	Ae. aegypti
A0A6I8TWM8	2	U-02	aegypti	Ae. aegypti
A0A6I8TWN0	1	U-01	aegypti	Ae. aegypti
A0A6I8TWN7	0	unassigned	aegypti	Ae. aegypti
A0A6I8TWP1	1	U-01	aegypti	Ae. aegypti
A0A6I8TWP2	1	U-01	aegypti	Ae. aegypti
A0A6I8TWQ3	0	unassigned	aegypti	Ae. aegypti
A0A6I8TWR0	2	U-02	aegypti	Ae. aegypti
A0A6I8TWR1	1	U-01	aegypti	Ae. aegypti
A0A6I8TWR2	1	U-01	aegypti	Ae. aegypti
A0A6I8TWR6	0	unassigned	aegypti	Ae. aegypti
A0A6I8TWR8	1	U-01	aegypti	Ae. aegypti
A0A6I8TWS1	2	U-02	aegypti	Ae. aegypti
A0A6I8TWS9	1	U-01	aegypti	Ae. aegypti
A0A6I8TWT1	1	U-01	aegypti	Ae. aegypti
A0A6I8TWT4	1	U-01	aegypti	Ae. aegypti
A0A6I8TWT6	1	U-01	aegypti	Ae. aegypti
A0A6I8TWT8	0	unassigned	aegypti	Ae. aegypti
A0A6I8TWU8	2	U-02	aegypti	Ae. aegypti
A0A6I8TWV7	1	U-01	aegypti	Ae. aegypti
A0A6I8TWV8	1	U-01	aegypti	Ae. aegypti
A0A6I8TWW0	1	U-01	aegypti	Ae. aegypti
A0A6I8TWW7	1	U-01	aegypti	Ae. aegypti
A0A6I8TWW8	1	U-01	aegypti	Ae. aegypti
A0A6I8TWX3	0	unassigned	aegypti	Ae. aegypti
A0A6I8TWX4	1	U-01	aegypti	Ae. aegypti
A0A6I8TWX7	2	U-02	aegypti	Ae. aegypti
A0A6I8TWY1	2	U-02	aegypti	Ae. aegypti
A0A6I8TWZ2	1	U-01	aegypti	Ae. aegypti
A0A6I8TX09	0	unassigned	aegypti	Ae. aegypti
A0A6I8TX13	1	U-01	aegypti	Ae. aegypti
A0A6I8TX18	0	unassigned	aegypti	Ae. aegypti
A0A6I8TX21	1	U-01	aegypti	Ae. aegypti
A0A6I8TX34	2	U-02	aegypti	Ae. aegypti
A0A6I8TX36	1	U-01	aegypti	Ae. aegypti
A0A6I8TX43	2	U-02	aegypti	Ae. aegypti
A0A6I8TX50	1	U-01	aegypti	Ae. aegypti
A0A6I8TX56	1	U-01	aegypti	Ae. aegypti
A0A6I8TX65	2	U-02	aegypti	Ae. aegypti
A0A6I8TX68	0	unassigned	aegypti	Ae. aegypti
A0A6I8TX69	1	U-01	aegypti	Ae. aegypti
A0A6I8TX75	1	U-01	aegypti	Ae. aegypti
A0A6I8TX79	1	U-01	aegypti	Ae. aegypti
A0A6I8TX81	1	U-01	aegypti	Ae. aegypti
A0A6I8TX83	1	U-01	aegypti	Ae. aegypti
A0A6I8TX88	1	U-01	aegypti	Ae. aegypti
A0A6I8TX90	1	U-01	aegypti	Ae. aegypti
A0A6I8TX91	1	U-01	aegypti	Ae. aegypti
A0A6I8TX94	1	U-01	aegypti	Ae. aegypti
A0A6I8TX95	1	U-01	aegypti	Ae. aegypti
A0A6I8TX99	1	U-01	aegypti	Ae. aegypti
A0A6I8TXA2	2	U-02	aegypti	Ae. aegypti
A0A6I8TXA5	1	U-01	aegypti	Ae. aegypti
A0A6I8TXB0	1	U-01	aegypti	Ae. aegypti
A0A6I8TXB6	2	U-02	aegypti	Ae. aegypti
A0A6I8TXB9	1	U-01	aegypti	Ae. aegypti
A0A6I8TXC0	2	U-02	aegypti	Ae. aegypti
A0A6I8TXC2	2	U-02	aegypti	Ae. aegypti
A0A6I8TXC3	0	unassigned	aegypti	Ae. aegypti
A0A6I8TXC4	1	U-01	aegypti	Ae. aegypti
A0A6I8TXC5	1	U-01	aegypti	Ae. aegypti
A0A6I8TXC9	1	U-01	aegypti	Ae. aegypti
A0A6I8TXD0	1	U-01	aegypti	Ae. aegypti
A0A6I8TXD3	2	U-02	aegypti	Ae. aegypti
A0A6I8TXD4	1	U-01	aegypti	Ae. aegypti
A0A6I8TXD6	1	U-01	aegypti	Ae. aegypti
A0A6I8TXD8	1	U-01	aegypti	Ae. aegypti
A0A6I8TXE2	2	U-02	aegypti	Ae. aegypti
A0A6I8TXE4	1	U-01	aegypti	Ae. aegypti
A0A6I8TXG0	1	U-01	aegypti	Ae. aegypti
A0A6I8TXG2	1	U-01	aegypti	Ae. aegypti
A0A6I8TXG6	1	U-01	aegypti	Ae. aegypti
A0A6I8TXH0	1	U-01	aegypti	Ae. aegypti
A0A6I8TXH1	1	U-01	aegypti	Ae. aegypti
A0A6I8TXH2	1	U-01	aegypti	Ae. aegypti
A0A6I8TXH3	1	U-01	aegypti	Ae. aegypti
A0A6I8TXH4	1	U-01	aegypti	Ae. aegypti
A0A6I8TXH7	1	U-01	aegypti	Ae. aegypti
A0A6I8TXI4	2	U-02	aegypti	Ae. aegypti
A0A6I8TXI6	1	U-01	aegypti	Ae. aegypti
A0A6I8TXJ1	1	U-01	aegypti	Ae. aegypti
A0A6I8TXJ6	1	U-01	aegypti	Ae. aegypti
A0A6I8TXJ7	1	U-01	aegypti	Ae. aegypti
A0A6I8TXJ8	1	U-01	aegypti	Ae. aegypti
A0A6I8TXK1	1	U-01	aegypti	Ae. aegypti
A0A6I8TXK3	0	unassigned	aegypti	Ae. aegypti
A0A6I8TXK6	0	unassigned	aegypti	Ae. aegypti
A0A6I8TXK9	1	U-01	aegypti	Ae. aegypti
A0A6I8TXL2	2	U-02	aegypti	Ae. aegypti
A0A6I8TXM0	1	U-01	aegypti	Ae. aegypti
A0A6I8TXM2	0	unassigned	aegypti	Ae. aegypti
A0A6I8TXN0	1	U-01	aegypti	Ae. aegypti
A0A6I8TXN4	1	U-01	aegypti	Ae. aegypti
A0A6I8TXP4	1	U-01	aegypti	Ae. aegypti
A0A6I8TXQ4	1	U-01	aegypti	Ae. aegypti
A0A6I8TXQ5	1	U-01	aegypti	Ae. aegypti
A0A6I8TXQ8	1	U-01	aegypti	Ae. aegypti
A0A6I8TXR0	2	U-02	aegypti	Ae. aegypti
A0A6I8TXR2	0	unassigned	aegypti	Ae. aegypti
A0A6I8TXR3	1	U-01	aegypti	Ae. aegypti
A0A6I8TXR9	1	U-01	aegypti	Ae. aegypti
A0A6I8TXS1	0	unassigned	aegypti	Ae. aegypti
A0A6I8TXS9	2	U-02	aegypti	Ae. aegypti
A0A6I8TXT2	1	U-01	aegypti	Ae. aegypti
A0A6I8TXT3	1	U-01	aegypti	Ae. aegypti
A0A6I8TXU7	1	U-01	aegypti	Ae. aegypti
A0A6I8TXV1	1	U-01	aegypti	Ae. aegypti
A0A6I8TXV4	1	U-01	aegypti	Ae. aegypti
A0A6I8TXV9	1	U-01	aegypti	Ae. aegypti
A0A6I8TXW0	2	U-02	aegypti	Ae. aegypti
A0A6I8TXW3	1	U-01	aegypti	Ae. aegypti
A0A6I8TXW4	1	U-01	aegypti	Ae. aegypti
A0A6I8TXW8	2	U-02	aegypti	Ae. aegypti
A0A6I8TXX0	2	U-02	aegypti	Ae. aegypti
A0A6I8TXX3	2	U-02	aegypti	Ae. aegypti
A0A6I8TXX4	1	U-01	aegypti	Ae. aegypti
A0A6I8TXX5	0	unassigned	aegypti	Ae. aegypti
A0A6I8TXX8	1	U-01	aegypti	Ae. aegypti
A0A6I8TXY3	1	U-01	aegypti	Ae. aegypti
A0A6I8TXY8	1	U-01	aegypti	Ae. aegypti
A0A6I8TXZ0	2	U-02	aegypti	Ae. aegypti
A0A6I8TXZ2	1	U-01	aegypti	Ae. aegypti
A0A6I8TXZ5	1	U-01	aegypti	Ae. aegypti
A0A6I8TXZ7	1	U-01	aegypti	Ae. aegypti
A0A6I8TXZ8	0	unassigned	aegypti	Ae. aegypti
A0A6I8TY03	1	U-01	aegypti	Ae. aegypti
A0A6I8TY06	1	U-01	aegypti	Ae. aegypti
A0A6I8TY07	1	U-01	aegypti	Ae. aegypti
A0A6I8TY09	0	unassigned	aegypti	Ae. aegypti
A0A6I8TY10	1	U-01	aegypti	Ae. aegypti
A0A6I8TY12	1	U-01	aegypti	Ae. aegypti
A0A6I8TY13	1	U-01	aegypti	Ae. aegypti
A0A1S4EYF9	1	U-01	aegypti	Ae. aegypti
A0A1S4EYG4	1	U-01	aegypti	Ae. aegypti
A0A1S4EYG9	1	U-01	aegypti	Ae. aegypti
A0A1S4EYH1	1	U-01	aegypti	Ae. aegypti
A0A1S4EYJ9	2	U-02	aegypti	Ae. aegypti
A0A1S4EYK0	2	U-02	aegypti	Ae. aegypti
A0A1S4EYK4	1	U-01	aegypti	Ae. aegypti
A0A1S4EYL4	1	U-01	aegypti	Ae. aegypti
A0A1S4EYN0	1	U-01	aegypti	Ae. aegypti
A0A1S4EYN6	2	U-02	aegypti	Ae. aegypti
A0A1S4EYP7	1	U-01	aegypti	Ae. aegypti
A0A1S4EYR4	2	U-02	aegypti	Ae. aegypti
A0A1S4EYS5	1	U-01	aegypti	Ae. aegypti
A0A1S4EYT1	1	U-01	aegypti	Ae. aegypti
A0A1S4EYW8	1	U-01	aegypti	Ae. aegypti
A0A1S4EYX3	1	U-01	aegypti	Ae. aegypti
A0A1S4EYX6	1	U-01	aegypti	Ae. aegypti
A0A1S4EYY1	1	U-01	aegypti	Ae. aegypti
A0A1S4EYY2	1	U-01	aegypti	Ae. aegypti
A0A1S4EYY5	1	U-01	aegypti	Ae. aegypti
A0A1S4EYY6	1	U-01	aegypti	Ae. aegypti
A0A1S4EYZ4	1	U-01	aegypti	Ae. aegypti
A0A1S4EZ06	1	U-01	aegypti	Ae. aegypti
A0A1S4EZ22	0	unassigned	aegypti	Ae. aegypti
A0A1S4EZ30	1	U-01	aegypti	Ae. aegypti
A0A1S4EZ44	1	U-01	aegypti	Ae. aegypti
A0A1S4EZ49	2	U-02	aegypti	Ae. aegypti
A0A1S4EZ54	2	U-02	aegypti	Ae. aegypti
A0A1S4EZ62	2	U-02	aegypti	Ae. aegypti
A0A1S4EZD2	1	U-01	aegypti	Ae. aegypti
A0A1S4EZE3	2	U-02	aegypti	Ae. aegypti
A0A1S4EZF4	1	U-01	aegypti	Ae. aegypti
A0A1S4EZF6	1	U-01	aegypti	Ae. aegypti
A0A1S4EZG9	1	U-01	aegypti	Ae. aegypti
A0A1S4EZH4	2	U-02	aegypti	Ae. aegypti
A0A1S4EZH5	1	U-01	aegypti	Ae. aegypti
A0A1S4EZI4	2	U-02	aegypti	Ae. aegypti
A0A8W7I9V5	2	U-02	aegypti	Ae. aegypti
A0A8W7IA80	2	U-02	aegypti	Ae. aegypti
A0A8W7IAP2	1	U-01	aegypti	Ae. aegypti
A0A8W7IBY4	1	U-01	aegypti	Ae. aegypti
A0A8W7ICM9	1	U-01	aegypti	Ae. aegypti
A0A8W7ID81	1	U-01	aegypti	Ae. aegypti
A0A8W7IDT4	1	U-01	aegypti	Ae. aegypti
A0A8W7IHG4	1	U-01	aegypti	Ae. aegypti
A0A8W7IJJ4	2	U-02	aegypti	Ae. aegypti
A0A8W7IKG7	1	U-01	aegypti	Ae. aegypti
A0A8W7IKL2	1	U-01	aegypti	Ae. aegypti
A0A8W7IPA9	0	unassigned	aegypti	Ae. aegypti
A0A8W7IPU4	1	U-01	aegypti	Ae. aegypti
A0A8W7IRP8	1	U-01	aegypti	Ae. aegypti
A0A8W7IRZ0	2	U-02	aegypti	Ae. aegypti
A0A8W7ISG9	1	U-01	aegypti	Ae. aegypti
A0A8W7ISI7	1	U-01	aegypti	Ae. aegypti
A0A8W7IT03	1	U-01	aegypti	Ae. aegypti
A0A8W7IT89	1	U-01	aegypti	Ae. aegypti
A0A8W7IUK4	1	U-01	aegypti	Ae. aegypti
A0A8W7IWI3	0	unassigned	aegypti	Ae. aegypti
A0A8W7IWI9	1	U-01	aegypti	Ae. aegypti
A0A8W7IWX3	1	U-01	aegypti	Ae. aegypti
A0A8W7IX06	2	U-02	aegypti	Ae. aegypti
A0A8W7IXD0	2	U-02	aegypti	Ae. aegypti
A0A8W7IYD4	1	U-01	aegypti	Ae. aegypti
A0A8W7IZA6	1	U-01	aegypti	Ae. aegypti
A0A8W7J043	1	U-01	aegypti	Ae. aegypti
A0A8W7J0A7	1	U-01	aegypti	Ae. aegypti
A0A8W7J0C0	1	U-01	aegypti	Ae. aegypti
A0A8W7J2E6	1	U-01	aegypti	Ae. aegypti
A0A8W7J2P8	1	U-01	aegypti	Ae. aegypti
A0A8W7J3G5	2	U-02	aegypti	Ae. aegypti
A0A8W7J4S0	1	U-01	aegypti	Ae. aegypti
A0A8W7J4T6	1	U-01	aegypti	Ae. aegypti
A0A8W7J765	1	U-01	aegypti	Ae. aegypti
A0A903TK63	1	U-01	aegypti	Ae. aegypti
A0A903TK70	1	U-01	aegypti	Ae. aegypti
A0A903TK71	2	U-02	aegypti	Ae. aegypti
A0A903TKD2	2	U-02	aegypti	Ae. aegypti
A0A903TKK0	1	U-01	aegypti	Ae. aegypti
A0A903TKK5	2	U-02	aegypti	Ae. aegypti
A0A903TKM9	1	U-01	aegypti	Ae. aegypti
A0A903TKN7	1	U-01	aegypti	Ae. aegypti
A0A903TKS5	1	U-01	aegypti	Ae. aegypti
A0A903TKU3	1	U-01	aegypti	Ae. aegypti
A0A903TKU8	0	unassigned	aegypti	Ae. aegypti
A0A903TL04	1	U-01	aegypti	Ae. aegypti
A0A903TL69	2	U-02	aegypti	Ae. aegypti
A0A903TL80	1	U-01	aegypti	Ae. aegypti
A0A903TLB8	2	U-02	aegypti	Ae. aegypti
A0A903TLE7	1	U-01	aegypti	Ae. aegypti
A0A903TLH9	2	U-02	aegypti	Ae. aegypti
A0A903TLM3	2	U-02	aegypti	Ae. aegypti
A0A903TLT5	1	U-01	aegypti	Ae. aegypti
A0A903TLX2	1	U-01	aegypti	Ae. aegypti
A0A903TM14	1	U-01	aegypti	Ae. aegypti
A0A903TM24	2	U-02	aegypti	Ae. aegypti
A0A903TM55	1	U-01	aegypti	Ae. aegypti
A0A903TML2	1	U-01	aegypti	Ae. aegypti
A0A903TMQ2	1	U-01	aegypti	Ae. aegypti
A0A903TMQ6	1	U-01	aegypti	Ae. aegypti
A0A903TMR3	2	U-02	aegypti	Ae. aegypti
A0A903TMU8	1	U-01	aegypti	Ae. aegypti
A0A903TMX1	1	U-01	aegypti	Ae. aegypti
A0A903V5G4	0	unassigned	aegypti	Ae. aegypti
A0A903V5I6	1	U-01	aegypti	Ae. aegypti
A0A903V5J2	1	U-01	aegypti	Ae. aegypti
A0A903V5L5	1	U-01	aegypti	Ae. aegypti
A0A903V5M9	1	U-01	aegypti	Ae. aegypti
A0A903V5Q5	2	U-02	aegypti	Ae. aegypti
A0A903V5W3	2	U-02	aegypti	Ae. aegypti
A0A903V5X6	1	U-01	aegypti	Ae. aegypti
A0A903V5Y5	2	U-02	aegypti	Ae. aegypti
A0A903V618	1	U-01	aegypti	Ae. aegypti
A0A903V632	1	U-01	aegypti	Ae. aegypti
A0A903V647	1	U-01	aegypti	Ae. aegypti
A0A903V648	2	U-02	aegypti	Ae. aegypti
A0A903V697	0	unassigned	aegypti	Ae. aegypti
A0A903V6D2	2	U-02	aegypti	Ae. aegypti
A0A903V6D3	1	U-01	aegypti	Ae. aegypti
A0A903V6E0	1	U-01	aegypti	Ae. aegypti
A0A903V6E8	1	U-01	aegypti	Ae. aegypti
A0A903V6F1	1	U-01	aegypti	Ae. aegypti
A0A903V6H9	1	U-01	aegypti	Ae. aegypti
A0A903V6I6	1	U-01	aegypti	Ae. aegypti
A0A903V6I9	1	U-01	aegypti	Ae. aegypti
A0A903V6J1	1	U-01	aegypti	Ae. aegypti
A0A903V6M8	2	U-02	aegypti	Ae. aegypti
A0A903V6P8	1	U-01	aegypti	Ae. aegypti
A0A903V6S2	1	U-01	aegypti	Ae. aegypti
A0A903V6V2	1	U-01	aegypti	Ae. aegypti
A0A903V704	1	U-01	aegypti	Ae. aegypti
A0A903V736	2	U-02	aegypti	Ae. aegypti
A0A903V739	1	U-01	aegypti	Ae. aegypti
A0A903V755	1	U-01	aegypti	Ae. aegypti
A0A903V775	2	U-02	aegypti	Ae. aegypti
A0A903V784	1	U-01	aegypti	Ae. aegypti
A0A903V7A9	2	U-02	aegypti	Ae. aegypti
A0A903V7B3	1	U-01	aegypti	Ae. aegypti
A0A6I8TF74	1	U-01	aegypti	Ae. aegypti
A0A6I8TF78	0	unassigned	aegypti	Ae. aegypti
A0A6I8TF81	1	U-01	aegypti	Ae. aegypti
A0A6I8TF85	1	U-01	aegypti	Ae. aegypti
A0A6I8TF86	1	U-01	aegypti	Ae. aegypti
A0A6I8TF87	1	U-01	aegypti	Ae. aegypti
A0A6I8TF88	1	U-01	aegypti	Ae. aegypti
A0A6I8TF89	1	U-01	aegypti	Ae. aegypti
A0A6I8TF90	1	U-01	aegypti	Ae. aegypti
A0A6I8TF96	1	U-01	aegypti	Ae. aegypti
A0A6I8TFA3	1	U-01	aegypti	Ae. aegypti
A0A6I8TFA4	1	U-01	aegypti	Ae. aegypti
A0A6I8TFA7	1	U-01	aegypti	Ae. aegypti
A0A6I8TFB4	0	unassigned	aegypti	Ae. aegypti
A0A6I8TFB8	0	unassigned	aegypti	Ae. aegypti
A0A6I8TFB9	1	U-01	aegypti	Ae. aegypti
A0A6I8TFC1	1	U-01	aegypti	Ae. aegypti
A0A6I8TFC2	1	U-01	aegypti	Ae. aegypti
A0A6I8TFC3	2	U-02	aegypti	Ae. aegypti
A0A6I8TFC4	0	unassigned	aegypti	Ae. aegypti
A0A6I8TFC9	1	U-01	aegypti	Ae. aegypti
A0A6I8TFD3	1	U-01	aegypti	Ae. aegypti
A0A6I8TFD4	1	U-01	aegypti	Ae. aegypti
A0A6I8TFD9	1	U-01	aegypti	Ae. aegypti
A0A6I8TFE3	2	U-02	aegypti	Ae. aegypti
A0A6I8TFF0	2	U-02	aegypti	Ae. aegypti
A0A6I8TFF1	1	U-01	aegypti	Ae. aegypti
A0A6I8TFF4	1	U-01	aegypti	Ae. aegypti
A0A6I8TFF5	1	U-01	aegypti	Ae. aegypti
A0A6I8TFF6	1	U-01	aegypti	Ae. aegypti
A0A6I8TFF9	1	U-01	aegypti	Ae. aegypti
A0A6I8TFG0	1	U-01	aegypti	Ae. aegypti
A0A6I8TFG7	1	U-01	aegypti	Ae. aegypti
A0A6I8TFG8	0	unassigned	aegypti	Ae. aegypti
A0A6I8TFH2	1	U-01	aegypti	Ae. aegypti
A0A6I8TFI5	1	U-01	aegypti	Ae. aegypti
A0A6I8TFI7	1	U-01	aegypti	Ae. aegypti
A0A6I8TFJ3	1	U-01	aegypti	Ae. aegypti
A0A6I8TFJ4	1	U-01	aegypti	Ae. aegypti
A0A6I8TFJ5	1	U-01	aegypti	Ae. aegypti
A0A6I8TFJ6	0	unassigned	aegypti	Ae. aegypti
A0A6I8TFJ7	1	U-01	aegypti	Ae. aegypti
A0A6I8TFJ9	1	U-01	aegypti	Ae. aegypti
A0A6I8TFK4	1	U-01	aegypti	Ae. aegypti
A0A6I8TFK5	1	U-01	aegypti	Ae. aegypti
A0A6I8TFK6	1	U-01	aegypti	Ae. aegypti
A0A6I8TFL4	1	U-01	aegypti	Ae. aegypti
A0A6I8TFL8	1	U-01	aegypti	Ae. aegypti
A0A6I8TFM0	1	U-01	aegypti	Ae. aegypti
A0A6I8TFM2	2	U-02	aegypti	Ae. aegypti
A0A6I8TFM4	1	U-01	aegypti	Ae. aegypti
A0A6I8TFM6	1	U-01	aegypti	Ae. aegypti
A0A6I8TFN8	1	U-01	aegypti	Ae. aegypti
A0A6I8TFN9	1	U-01	aegypti	Ae. aegypti
A0A6I8TFP1	1	U-01	aegypti	Ae. aegypti
A0A6I8TFP9	1	U-01	aegypti	Ae. aegypti
A0A6I8TFR2	1	U-01	aegypti	Ae. aegypti
A0A6I8TFR3	1	U-01	aegypti	Ae. aegypti
A0A6I8TFR5	1	U-01	aegypti	Ae. aegypti
A0A6I8TFS3	2	U-02	aegypti	Ae. aegypti
A0A6I8TFS9	1	U-01	aegypti	Ae. aegypti
A0A6I8TFT1	1	U-01	aegypti	Ae. aegypti
A0A6I8TFT2	2	U-02	aegypti	Ae. aegypti
A0A6I8TFT6	1	U-01	aegypti	Ae. aegypti
A0A6I8TFU3	1	U-01	aegypti	Ae. aegypti
A0A6I8TFU5	1	U-01	aegypti	Ae. aegypti
A0A6I8TFU8	1	U-01	aegypti	Ae. aegypti
A0A6I8TFV5	1	U-01	aegypti	Ae. aegypti
A0A6I8TFV6	1	U-01	aegypti	Ae. aegypti
A0A6I8TFV8	1	U-01	aegypti	Ae. aegypti
A0A6I8TFW1	2	U-02	aegypti	Ae. aegypti
A0A6I8TFW6	0	unassigned	aegypti	Ae. aegypti
A0A6I8TFW7	1	U-01	aegypti	Ae. aegypti
A0A6I8TLA4	1	U-01	aegypti	Ae. aegypti
A0A6I8TLA6	0	unassigned	aegypti	Ae. aegypti
A0A6I8TLB1	2	U-02	aegypti	Ae. aegypti
A0A6I8TLB2	1	U-01	aegypti	Ae. aegypti
A0A6I8TLB5	1	U-01	aegypti	Ae. aegypti
A0A6I8TLB7	1	U-01	aegypti	Ae. aegypti
A0A6I8TLC1	1	U-01	aegypti	Ae. aegypti
A0A6I8TLC5	1	U-01	aegypti	Ae. aegypti
A0A6I8TLC6	1	U-01	aegypti	Ae. aegypti
A0A6I8TLC7	1	U-01	aegypti	Ae. aegypti
A0A6I8TLD0	0	unassigned	aegypti	Ae. aegypti
A0A6I8TLD1	1	U-01	aegypti	Ae. aegypti
A0A6I8TLD3	1	U-01	aegypti	Ae. aegypti
A0A6I8TLD5	1	U-01	aegypti	Ae. aegypti
A0A6I8TLD7	1	U-01	aegypti	Ae. aegypti
A0A6I8TLD9	1	U-01	aegypti	Ae. aegypti
A0A6I8TLE0	1	U-01	aegypti	Ae. aegypti
A0A6I8TLE3	1	U-01	aegypti	Ae. aegypti
A0A6I8TLE7	1	U-01	aegypti	Ae. aegypti
A0A6I8TLF4	1	U-01	aegypti	Ae. aegypti
A0A6I8TLF5	0	unassigned	aegypti	Ae. aegypti
A0A6I8TLF9	1	U-01	aegypti	Ae. aegypti
A0A6I8TLG5	1	U-01	aegypti	Ae. aegypti
A0A6I8TLH0	1	U-01	aegypti	Ae. aegypti
A0A6I8TLH5	1	U-01	aegypti	Ae. aegypti
A0A6I8TLH7	2	U-02	aegypti	Ae. aegypti
A0A6I8TLI1	2	U-02	aegypti	Ae. aegypti
A0A1S4FR10	0	unassigned	aegypti	Ae. aegypti
A0A1S4FR12	1	U-01	aegypti	Ae. aegypti
A0A1S4FR20	0	unassigned	aegypti	Ae. aegypti
A0A1S4FR38	0	unassigned	aegypti	Ae. aegypti
A0A1S4FR48	1	U-01	aegypti	Ae. aegypti
A0A1S4FR62	2	U-02	aegypti	Ae. aegypti
A0A1S4FRB0	1	U-01	aegypti	Ae. aegypti
A0A1S4FRB3	1	U-01	aegypti	Ae. aegypti
A0A1S4FRB5	2	U-02	aegypti	Ae. aegypti
A0A1S4FRD8	1	U-01	aegypti	Ae. aegypti
A0A1S4FRE5	1	U-01	aegypti	Ae. aegypti
A0A1S4FRE6	1	U-01	aegypti	Ae. aegypti
A0A1S4FRF0	1	U-01	aegypti	Ae. aegypti
A0A1S4FRG6	1	U-01	aegypti	Ae. aegypti
A0A1S4FRH0	0	unassigned	aegypti	Ae. aegypti
A0A1S4FRH3	1	U-01	aegypti	Ae. aegypti
A0A1S4FRI6	1	U-01	aegypti	Ae. aegypti
A0A1S4FRI7	2	U-02	aegypti	Ae. aegypti
A0A1S4FRJ7	2	U-02	aegypti	Ae. aegypti
A0A1S4FRK9	0	unassigned	aegypti	Ae. aegypti
A0A1S4FRL2	1	U-01	aegypti	Ae. aegypti
A0A1S4FRL4	2	U-02	aegypti	Ae. aegypti
A0A1S4FRL5	1	U-01	aegypti	Ae. aegypti
A0A1S4FRM1	2	U-02	aegypti	Ae. aegypti
A0A1S4FRM6	1	U-01	aegypti	Ae. aegypti
A0A1S4FRM8	0	unassigned	aegypti	Ae. aegypti
A0A1S4FRM9	1	U-01	aegypti	Ae. aegypti
A0A1S4FRN8	1	U-01	aegypti	Ae. aegypti
A0A1S4FRQ8	1	U-01	aegypti	Ae. aegypti
A0A1S4FRU1	1	U-01	aegypti	Ae. aegypti
A0A1S4FRV4	1	U-01	aegypti	Ae. aegypti
A0A1S4FRY5	2	U-02	aegypti	Ae. aegypti
A0A1S4FRZ1	2	U-02	aegypti	Ae. aegypti
A0A1S4FS11	2	U-02	aegypti	Ae. aegypti
A0A1S4FS14	2	U-02	aegypti	Ae. aegypti
A0A1S4FS16	2	U-02	aegypti	Ae. aegypti
A0A1S4FS45	1	U-01	aegypti	Ae. aegypti
A0A1S4FS49	1	U-01	aegypti	Ae. aegypti
A0A1S4FS50	2	U-02	aegypti	Ae. aegypti
A0A1S4FS60	1	U-01	aegypti	Ae. aegypti
A0A1S4FS63	1	U-01	aegypti	Ae. aegypti
A0A1S4FS85	1	U-01	aegypti	Ae. aegypti
A0A1S4FSA3	1	U-01	aegypti	Ae. aegypti
A0A1S4FSA6	2	U-02	aegypti	Ae. aegypti
A0A1S4FSB6	2	U-02	aegypti	Ae. aegypti
A0A1S4FSD8	1	U-01	aegypti	Ae. aegypti
A0A1S4FSE1	1	U-01	aegypti	Ae. aegypti
A0A1S4FSE8	1	U-01	aegypti	Ae. aegypti
A0A1S4FSE9	2	U-02	aegypti	Ae. aegypti
A0A1S4FSG2	1	U-01	aegypti	Ae. aegypti
A0A1S4FSG7	2	U-02	aegypti	Ae. aegypti
A0A1S4FSH2	1	U-01	aegypti	Ae. aegypti
A0A1S4FSI4	0	unassigned	aegypti	Ae. aegypti
A0A1S4FSK3	2	U-02	aegypti	Ae. aegypti
A0A1S4FSL0	2	U-02	aegypti	Ae. aegypti
A0A1S4FSM2	2	U-02	aegypti	Ae. aegypti
A0A1S4FSN6	1	U-01	aegypti	Ae. aegypti
A0A1S4FSQ2	1	U-01	aegypti	Ae. aegypti
A0A1S4FSQ9	0	unassigned	aegypti	Ae. aegypti
A0A1S4FST0	2	U-02	aegypti	Ae. aegypti
A0A1S4FSU4	1	U-01	aegypti	Ae. aegypti
A0A1S4FSU8	1	U-01	aegypti	Ae. aegypti
A0A1S4FSV5	2	U-02	aegypti	Ae. aegypti
A0A1S4FSW1	1	U-01	aegypti	Ae. aegypti
A0A1S4FSX2	2	U-02	aegypti	Ae. aegypti
A0A1S4FSX4	0	unassigned	aegypti	Ae. aegypti
A0A1S4FSX7	1	U-01	aegypti	Ae. aegypti
A0A1S4FSX8	1	U-01	aegypti	Ae. aegypti
A0A1S4FSZ4	1	U-01	aegypti	Ae. aegypti
A0A1S4FT25	1	U-01	aegypti	Ae. aegypti
A0A1S4FT32	2	U-02	aegypti	Ae. aegypti
A0A1S4FT34	1	U-01	aegypti	Ae. aegypti
A0A1S4FT38	0	unassigned	aegypti	Ae. aegypti
A0A1S4FT60	1	U-01	aegypti	Ae. aegypti
A0A1S4FT83	0	unassigned	aegypti	Ae. aegypti
A0A1S4FT89	0	unassigned	aegypti	Ae. aegypti
A0A1S4FT91	2	U-02	aegypti	Ae. aegypti
A0A1S4FT94	0	unassigned	aegypti	Ae. aegypti
A0A1S4FTA0	0	unassigned	aegypti	Ae. aegypti
A0A1S4FTC4	2	U-02	aegypti	Ae. aegypti
A0A1S4FTC9	2	U-02	aegypti	Ae. aegypti
A0A1S4FTD6	1	U-01	aegypti	Ae. aegypti
A0A1S4FTD8	2	U-02	aegypti	Ae. aegypti
A0A1S4FTE7	0	unassigned	aegypti	Ae. aegypti
A0A1S4FTG8	2	U-02	aegypti	Ae. aegypti
A0A1S4FTH1	0	unassigned	aegypti	Ae. aegypti
A0A1S4FTH6	1	U-01	aegypti	Ae. aegypti
A0A1S4FTI5	2	U-02	aegypti	Ae. aegypti
A0A1S4FTI6	1	U-01	aegypti	Ae. aegypti
A0A1S4FTI8	2	U-02	aegypti	Ae. aegypti
A0A1S4FTL2	0	unassigned	aegypti	Ae. aegypti
A0A1S4FTL7	2	U-02	aegypti	Ae. aegypti
A0A1S4FTM4	0	unassigned	aegypti	Ae. aegypti
A0A1S4FTM6	2	U-02	aegypti	Ae. aegypti
A0A1S4FTM9	1	U-01	aegypti	Ae. aegypti
A0A1S4FTN2	1	U-01	aegypti	Ae. aegypti
A0A1S4FTN8	1	U-01	aegypti	Ae. aegypti
A0A1S4FTP1	1	U-01	aegypti	Ae. aegypti
A0A1S4FTP3	1	U-01	aegypti	Ae. aegypti
A0A1S4FTQ1	1	U-01	aegypti	Ae. aegypti
A0A6I8U8T6	0	unassigned	aegypti	Ae. aegypti
A0A6I8U8T8	2	U-02	aegypti	Ae. aegypti
A0A6I8U8T9	0	unassigned	aegypti	Ae. aegypti
A0A6I8U8U2	0	unassigned	aegypti	Ae. aegypti
A0A6I8U8U5	1	U-01	aegypti	Ae. aegypti
A0A6I8U8V5	2	U-02	aegypti	Ae. aegypti
A0A6I8U8V7	1	U-01	aegypti	Ae. aegypti
A0A6I8U8V9	1	U-01	aegypti	Ae. aegypti
A0A6I8U8W1	0	unassigned	aegypti	Ae. aegypti
A0A6I8U8W3	1	U-01	aegypti	Ae. aegypti
A0A6I8U8W8	0	unassigned	aegypti	Ae. aegypti
A0A6I8U8X2	1	U-01	aegypti	Ae. aegypti
A0A6I8U8X4	1	U-01	aegypti	Ae. aegypti
A0A6I8U8Y7	1	U-01	aegypti	Ae. aegypti
A0A6I8U8Y8	1	U-01	aegypti	Ae. aegypti
A0A6I8U8Y9	2	U-02	aegypti	Ae. aegypti
A0A6I8U8Z2	2	U-02	aegypti	Ae. aegypti
A0A6I8U8Z8	1	U-01	aegypti	Ae. aegypti
A0A6I8U8Z9	1	U-01	aegypti	Ae. aegypti
A0A6I8U907	1	U-01	aegypti	Ae. aegypti
A0A6I8U908	1	U-01	aegypti	Ae. aegypti
A0A6I8U909	1	U-01	aegypti	Ae. aegypti
A0A6I8U914	2	U-02	aegypti	Ae. aegypti
A0A6I8U924	1	U-01	aegypti	Ae. aegypti
A0A6I8U926	1	U-01	aegypti	Ae. aegypti
A0A6I8U929	1	U-01	aegypti	Ae. aegypti
A0A6I8U931	1	U-01	aegypti	Ae. aegypti
A0A6I8U937	1	U-01	aegypti	Ae. aegypti
A0A6I8U939	1	U-01	aegypti	Ae. aegypti
A0A6I8U941	0	unassigned	aegypti	Ae. aegypti
A0A6I8U950	2	U-02	aegypti	Ae. aegypti
A0A6I8U952	2	U-02	aegypti	Ae. aegypti
A0A6I8U955	1	U-01	aegypti	Ae. aegypti
A0A6I8U956	1	U-01	aegypti	Ae. aegypti
A0A6I8U960	1	U-01	aegypti	Ae. aegypti
A0A6I8U964	0	unassigned	aegypti	Ae. aegypti
A0A6I8U977	1	U-01	aegypti	Ae. aegypti
A0A6I8U978	1	U-01	aegypti	Ae. aegypti
A0A6I8U9C1	1	U-01	aegypti	Ae. aegypti
A0A6I8U9C6	2	U-02	aegypti	Ae. aegypti
A0A6I8U9D6	0	unassigned	aegypti	Ae. aegypti
A0A6I8U9D7	1	U-01	aegypti	Ae. aegypti
A0A6I8U9D8	0	unassigned	aegypti	Ae. aegypti
A0A6I8U9E0	0	unassigned	aegypti	Ae. aegypti
A0A6I8U9E2	0	unassigned	aegypti	Ae. aegypti
A0A6I8U9E4	0	unassigned	aegypti	Ae. aegypti
A0A6I8U9E5	0	unassigned	aegypti	Ae. aegypti
A0A6I8U9E6	0	unassigned	aegypti	Ae. aegypti
A0A6I8U9E8	0	unassigned	aegypti	Ae. aegypti
A0A6I8U9F0	0	unassigned	aegypti	Ae. aegypti
A0A6I8U9F2	0	unassigned	aegypti	Ae. aegypti
A0A6I8U9F6	1	U-01	aegypti	Ae. aegypti
A0A1S4G292	1	U-01	aegypti	Ae. aegypti
A0A1S4G2A9	1	U-01	aegypti	Ae. aegypti
A0A1S4G2B3	1	U-01	aegypti	Ae. aegypti
A0A1S4G2C0	1	U-01	aegypti	Ae. aegypti
A0A1S4G2C4	1	U-01	aegypti	Ae. aegypti
A0A1S4G2C9	1	U-01	aegypti	Ae. aegypti
A0A1S4G2D1	1	U-01	aegypti	Ae. aegypti
A0A1S4G2E4	2	U-02	aegypti	Ae. aegypti
A0A1S4G2E5	2	U-02	aegypti	Ae. aegypti
A0A1S4G2H6	1	U-01	aegypti	Ae. aegypti
A0A1S4G2L3	2	U-02	aegypti	Ae. aegypti
A0A1S4G2N0	1	U-01	aegypti	Ae. aegypti
A0A1S4G2N2	1	U-01	aegypti	Ae. aegypti
A0A1S4G2P3	2	U-02	aegypti	Ae. aegypti
A0A1S4G2Q0	1	U-01	aegypti	Ae. aegypti
A0A1S4G2S1	0	unassigned	aegypti	Ae. aegypti
A0A1S4G2T5	0	unassigned	aegypti	Ae. aegypti
A0A1S4G2T6	0	unassigned	aegypti	Ae. aegypti
A0A1S4G2V0	1	U-01	aegypti	Ae. aegypti
A0A1S4G2V1	1	U-01	aegypti	Ae. aegypti
A0A1S4G2W5	1	U-01	aegypti	Ae. aegypti
A0A1S4G2W9	1	U-01	aegypti	Ae. aegypti
A0A1S4G303	1	U-01	aegypti	Ae. aegypti
A0A1S4G317	2	U-02	aegypti	Ae. aegypti
A0A1S4G328	2	U-02	aegypti	Ae. aegypti
A0A1S4G334	2	U-02	aegypti	Ae. aegypti
A0A1S4G343	2	U-02	aegypti	Ae. aegypti
A0A1S4G347	0	unassigned	aegypti	Ae. aegypti
A0A1S4G351	1	U-01	aegypti	Ae. aegypti
A0A1S4G380	1	U-01	aegypti	Ae. aegypti
A0A1S4G381	1	U-01	aegypti	Ae. aegypti
A0A1S4G391	1	U-01	aegypti	Ae. aegypti
A0A1S4G3C9	1	U-01	aegypti	Ae. aegypti
A0A1S4G3E2	1	U-01	aegypti	Ae. aegypti
A0A1S4G3F7	0	unassigned	aegypti	Ae. aegypti
A0A1S4G3G8	2	U-02	aegypti	Ae. aegypti
A0A1S4G3H5	2	U-02	aegypti	Ae. aegypti
A0A1S4G3L3	2	U-02	aegypti	Ae. aegypti
A0A1S4G3N8	2	U-02	aegypti	Ae. aegypti
A0A1S4G3N9	1	U-01	aegypti	Ae. aegypti
A0A1S4G3P3	2	U-02	aegypti	Ae. aegypti
A0A1S4G3T1	0	unassigned	aegypti	Ae. aegypti
A0A1S4G3U4	2	U-02	aegypti	Ae. aegypti
A0A1S4G3U6	1	U-01	aegypti	Ae. aegypti
A0A1S4G3V8	1	U-01	aegypti	Ae. aegypti
A0A1S4G3W4	2	U-02	aegypti	Ae. aegypti
A0A1S4G3W8	2	U-02	aegypti	Ae. aegypti
A0A1S4G3Y0	1	U-01	aegypti	Ae. aegypti
A0A1S4G401	1	U-01	aegypti	Ae. aegypti
A0A1S4G444	1	U-01	aegypti	Ae. aegypti
A0A1S4G449	1	U-01	aegypti	Ae. aegypti
A0A1S4G452	1	U-01	aegypti	Ae. aegypti
A0A1S4G463	2	U-02	aegypti	Ae. aegypti
A0A1S4G465	2	U-02	aegypti	Ae. aegypti
A0A1S4G482	2	U-02	aegypti	Ae. aegypti
A0A1S4G491	2	U-02	aegypti	Ae. aegypti
A0A1S4G4F9	2	U-02	aegypti	Ae. aegypti
A0A1S4G4H1	1	U-01	aegypti	Ae. aegypti
A0A1S4G4H3	0	unassigned	aegypti	Ae. aegypti
A0A1S4G4M3	1	U-01	aegypti	Ae. aegypti
A0A1S4G4N8	2	U-02	aegypti	Ae. aegypti
A0A1S4G4P0	2	U-02	aegypti	Ae. aegypti
A0A1S4G4Q0	1	U-01	aegypti	Ae. aegypti
A0A1S4G4R0	1	U-01	aegypti	Ae. aegypti
A0A1S4G4R5	1	U-01	aegypti	Ae. aegypti
A0A1S4G4T2	2	U-02	aegypti	Ae. aegypti
A0A1S4G4U5	1	U-01	aegypti	Ae. aegypti
A0A1S4G4V1	1	U-01	aegypti	Ae. aegypti
A0A1S4G4V6	1	U-01	aegypti	Ae. aegypti
A0A1S4G4Z6	1	U-01	aegypti	Ae. aegypti
A0A1S4G4Z7	1	U-01	aegypti	Ae. aegypti
A0A1S4G509	0	unassigned	aegypti	Ae. aegypti
A0A1S4G512	1	U-01	aegypti	Ae. aegypti
A0A1S4G522	2	U-02	aegypti	Ae. aegypti
A0A1S4G533	2	U-02	aegypti	Ae. aegypti
A0A1S4G560	1	U-01	aegypti	Ae. aegypti
A0A1S4G565	1	U-01	aegypti	Ae. aegypti
A0A1S4G569	2	U-02	aegypti	Ae. aegypti
A0A1S4G574	1	U-01	aegypti	Ae. aegypti
A0A1S4G596	1	U-01	aegypti	Ae. aegypti
A0A1S4G5C4	1	U-01	aegypti	Ae. aegypti
A0A1S4G5E5	1	U-01	aegypti	Ae. aegypti
A0A1S4G5F3	1	U-01	aegypti	Ae. aegypti
A0A1S4G5F6	1	U-01	aegypti	Ae. aegypti
A0A1S4G5F8	1	U-01	aegypti	Ae. aegypti
A0A1S4G5G2	2	U-02	aegypti	Ae. aegypti
A0A1S4G5G6	1	U-01	aegypti	Ae. aegypti
A0A1S4G5M1	1	U-01	aegypti	Ae. aegypti
A0A1S4G5R7	1	U-01	aegypti	Ae. aegypti
A0A1S4G5S2	1	U-01	aegypti	Ae. aegypti
A0A1S4G5S4	1	U-01	aegypti	Ae. aegypti
A0A1S4G5W4	1	U-01	aegypti	Ae. aegypti
A0A1S4G5Y4	0	unassigned	aegypti	Ae. aegypti
A0A1S4G5Z1	1	U-01	aegypti	Ae. aegypti
A0A1S4G5Z6	1	U-01	aegypti	Ae. aegypti
A0A1S4G607	1	U-01	aegypti	Ae. aegypti
A0A1S4G628	1	U-01	aegypti	Ae. aegypti
A0A1S4G694	2	U-02	aegypti	Ae. aegypti
A0A1S4G6D1	1	U-01	aegypti	Ae. aegypti
A0A1S4G6E1	2	U-02	aegypti	Ae. aegypti
A0A1S4G6E4	1	U-01	aegypti	Ae. aegypti
A0A1S4G6E5	1	U-01	aegypti	Ae. aegypti
A0A1S4G6F8	2	U-02	aegypti	Ae. aegypti
A0A1S4G6G7	1	U-01	aegypti	Ae. aegypti
A0A1S4G6J3	1	U-01	aegypti	Ae. aegypti
A0A1S4G6K4	1	U-01	aegypti	Ae. aegypti
A0A1S4G6L7	2	U-02	aegypti	Ae. aegypti
A0A1S4G6M3	1	U-01	aegypti	Ae. aegypti
A0A1S4G6N2	0	unassigned	aegypti	Ae. aegypti
A0A1S4G6N6	0	unassigned	aegypti	Ae. aegypti
A0A1S4G6P9	2	U-02	aegypti	Ae. aegypti
A0A1S4G6S9	1	U-01	aegypti	Ae. aegypti
A0A1S4G6U5	1	U-01	aegypti	Ae. aegypti
A0A1S4G6V7	1	U-01	aegypti	Ae. aegypti
A0A1S4G6W6	2	U-02	aegypti	Ae. aegypti
A0A1S4G705	1	U-01	aegypti	Ae. aegypti
A0A1S4G709	1	U-01	aegypti	Ae. aegypti
A0A1S4G717	2	U-02	aegypti	Ae. aegypti
A0A1S4G777	2	U-02	aegypti	Ae. aegypti
A0A1S4G7A1	1	U-01	aegypti	Ae. aegypti
A0A1S4G7A8	2	U-02	aegypti	Ae. aegypti
A0A1S4G7B5	1	U-01	aegypti	Ae. aegypti
A0A1S4G7B9	1	U-01	aegypti	Ae. aegypti
A0A1S4G7C1	0	unassigned	aegypti	Ae. aegypti
A0A1S4G7D2	2	U-02	aegypti	Ae. aegypti
A0A1S4G7E5	1	U-01	aegypti	Ae. aegypti
A0A1S4G7E6	2	U-02	aegypti	Ae. aegypti
A0A1S4G7E8	1	U-01	aegypti	Ae. aegypti
A0A1S4G7H9	1	U-01	aegypti	Ae. aegypti
A0A1S4G7I8	0	unassigned	aegypti	Ae. aegypti
A0A1S4G7J7	1	U-01	aegypti	Ae. aegypti
A0A1S4G7J9	1	U-01	aegypti	Ae. aegypti
A0A1S4G7K1	2	U-02	aegypti	Ae. aegypti
A0A1S4G7K5	1	U-01	aegypti	Ae. aegypti
A0A1S4G7L2	0	unassigned	aegypti	Ae. aegypti
A0A1S4G7L6	1	U-01	aegypti	Ae. aegypti
A0A1S4G7M0	1	U-01	aegypti	Ae. aegypti
A0A1S4G7M5	1	U-01	aegypti	Ae. aegypti
A0A1S4G7N3	1	U-01	aegypti	Ae. aegypti
A0A1S4G7P5	1	U-01	aegypti	Ae. aegypti
A0A1S4G7R6	0	unassigned	aegypti	Ae. aegypti
A0A1S4G7S6	1	U-01	aegypti	Ae. aegypti
A0A1S4G7S9	2	U-02	aegypti	Ae. aegypti
A0A1S4G7T5	1	U-01	aegypti	Ae. aegypti
A0A1S4G7V0	2	U-02	aegypti	Ae. aegypti
A0A1S4G7V7	1	U-01	aegypti	Ae. aegypti
A0A1S4G7X2	1	U-01	aegypti	Ae. aegypti
A0A1S4G7X8	1	U-01	aegypti	Ae. aegypti
A0A1S4G7Z3	1	U-01	aegypti	Ae. aegypti
A0A1S4G826	1	U-01	aegypti	Ae. aegypti
A0A1S4G883	1	U-01	aegypti	Ae. aegypti
A0A2C9GG37	2	U-02	aegypti	Ae. aegypti
A0A2C9GG47	1	U-01	aegypti	Ae. aegypti
A0A2I4HY34	1	U-01	aegypti	Ae. aegypti
A0A6E8P7P5	2	U-02	aegypti	Ae. aegypti
A0A6E8P7Q7	2	U-02	aegypti	Ae. aegypti
A0A6E8P7S5	1	U-01	aegypti	Ae. aegypti
A0A6E8P7S8	2	U-02	aegypti	Ae. aegypti
A0A6E8P7U5	2	U-02	aegypti	Ae. aegypti
A0A6E8P7V7	2	U-02	aegypti	Ae. aegypti
A0A6E8P7X0	1	U-01	aegypti	Ae. aegypti
A0A6E8P7X9	0	unassigned	aegypti	Ae. aegypti
A0A6E8P7Y8	2	U-02	aegypti	Ae. aegypti
A0A6E8P7Z7	2	U-02	aegypti	Ae. aegypti
A0A6E8P802	2	U-02	aegypti	Ae. aegypti
A0A6E8P811	1	U-01	aegypti	Ae. aegypti
A0A6E8P816	2	U-02	aegypti	Ae. aegypti
A0A6E8P832	1	U-01	aegypti	Ae. aegypti
A0A6E8P844	2	U-02	aegypti	Ae. aegypti
A0A6E8P847	1	U-01	aegypti	Ae. aegypti
A0A6E8P866	2	U-02	aegypti	Ae. aegypti
A0A6E8P890	2	U-02	aegypti	Ae. aegypti
A0A6E8P8A6	2	U-02	aegypti	Ae. aegypti
A0A6E8PGD1	1	U-01	aegypti	Ae. aegypti
A0A6E8PGE7	1	U-01	aegypti	Ae. aegypti
A0A6E8PGG2	2	U-02	aegypti	Ae. aegypti
A0A6E8PGH8	2	U-02	aegypti	Ae. aegypti
A0A6E8PGI8	2	U-02	aegypti	Ae. aegypti
A0A6E8PGM2	1	U-01	aegypti	Ae. aegypti
A0A6E8PGP9	0	unassigned	aegypti	Ae. aegypti
A0A6E8PGR4	2	U-02	aegypti	Ae. aegypti
A0A6E8PGU3	2	U-02	aegypti	Ae. aegypti
A0A6E8PJ29	0	unassigned	aegypti	Ae. aegypti
A0A6E8PJ57	2	U-02	aegypti	Ae. aegypti
A0A6E8PJ89	1	U-01	aegypti	Ae. aegypti
A0A6E8PJ98	1	U-01	aegypti	Ae. aegypti
A0A6E8PJB1	0	unassigned	aegypti	Ae. aegypti
A0A6E8PJC1	0	unassigned	aegypti	Ae. aegypti
A0A6E8PJC9	2	U-02	aegypti	Ae. aegypti
A0A6E8PJD8	2	U-02	aegypti	Ae. aegypti
A0A6E8PJF0	2	U-02	aegypti	Ae. aegypti
A0A6E8PLC1	2	U-02	aegypti	Ae. aegypti
A0A6E8PLC3	2	U-02	aegypti	Ae. aegypti
A0A6E8PLC8	1	U-01	aegypti	Ae. aegypti
A0A6E8PLD3	1	U-01	aegypti	Ae. aegypti
A0A6E8PLD7	1	U-01	aegypti	Ae. aegypti
A0A6E8PLD9	2	U-02	aegypti	Ae. aegypti
A0A6I8T2U2	2	U-02	aegypti	Ae. aegypti
A0A6I8T2U4	2	U-02	aegypti	Ae. aegypti
A0A6I8T2U7	0	unassigned	aegypti	Ae. aegypti
A0A6I8T2U8	0	unassigned	aegypti	Ae. aegypti
A0A6I8T2U9	1	U-01	aegypti	Ae. aegypti
A0A6I8T2V0	2	U-02	aegypti	Ae. aegypti
A0A6I8T2V1	2	U-02	aegypti	Ae. aegypti
A0A6I8T2V2	1	U-01	aegypti	Ae. aegypti
A0A6I8T2V3	1	U-01	aegypti	Ae. aegypti
A0A6I8T2V6	2	U-02	aegypti	Ae. aegypti
A0A6I8T2W0	2	U-02	aegypti	Ae. aegypti
A0A6I8T2W1	2	U-02	aegypti	Ae. aegypti
A0A6I8T2W2	1	U-01	aegypti	Ae. aegypti
A0A6I8T2W3	2	U-02	aegypti	Ae. aegypti
A0A6I8T2W4	2	U-02	aegypti	Ae. aegypti
A0A6I8T2W6	2	U-02	aegypti	Ae. aegypti
A0A6I8T2W7	2	U-02	aegypti	Ae. aegypti
A0A6I8T2Y3	1	U-01	aegypti	Ae. aegypti
A0A6I8T307	1	U-01	aegypti	Ae. aegypti
A0A6I8T315	2	U-02	aegypti	Ae. aegypti
A0A6I8T316	1	U-01	aegypti	Ae. aegypti
A0A6I8T320	1	U-01	aegypti	Ae. aegypti
A0A6I8T323	1	U-01	aegypti	Ae. aegypti
A0A6I8T324	2	U-02	aegypti	Ae. aegypti
A0A6I8T328	2	U-02	aegypti	Ae. aegypti
A0A6I8T334	2	U-02	aegypti	Ae. aegypti
A0A6I8T339	0	unassigned	aegypti	Ae. aegypti
A0A6I8T354	1	U-01	aegypti	Ae. aegypti
A0A6I8T357	0	unassigned	aegypti	Ae. aegypti
A0A6I8T360	1	U-01	aegypti	Ae. aegypti
A0A6I8T364	1	U-01	aegypti	Ae. aegypti
A0A6I8T367	2	U-02	aegypti	Ae. aegypti
A0A6I8T373	1	U-01	aegypti	Ae. aegypti
A0A6I8T377	1	U-01	aegypti	Ae. aegypti
A0A6I8T397	1	U-01	aegypti	Ae. aegypti
A0A6I8T398	2	U-02	aegypti	Ae. aegypti
A0A6I8T3A1	2	U-02	aegypti	Ae. aegypti
A0A6I8T3A5	1	U-01	aegypti	Ae. aegypti
A0A6I8T3B1	1	U-01	aegypti	Ae. aegypti
A0A6I8T3C1	2	U-02	aegypti	Ae. aegypti
A0A6I8T3C4	2	U-02	aegypti	Ae. aegypti
A0A6I8T3D1	1	U-01	aegypti	Ae. aegypti
A0A6I8T3D2	0	unassigned	aegypti	Ae. aegypti
A0A6I8T3D5	1	U-01	aegypti	Ae. aegypti
A0A6I8T3E3	1	U-01	aegypti	Ae. aegypti
A0A6I8T3E7	0	unassigned	aegypti	Ae. aegypti
A0A6I8T3F2	1	U-01	aegypti	Ae. aegypti
A0A6I8T3F3	1	U-01	aegypti	Ae. aegypti
A0A6I8T3F4	1	U-01	aegypti	Ae. aegypti
A0A6I8T3F7	1	U-01	aegypti	Ae. aegypti
A0A6I8T3F9	1	U-01	aegypti	Ae. aegypti
A0A1S4FKC0	2	U-02	aegypti	Ae. aegypti
A0A1S4FKC1	0	unassigned	aegypti	Ae. aegypti
A0A1S4FKC4	1	U-01	aegypti	Ae. aegypti
A0A1S4FKC5	2	U-02	aegypti	Ae. aegypti
A0A1S4FKC7	2	U-02	aegypti	Ae. aegypti
A0A1S4FKD1	0	unassigned	aegypti	Ae. aegypti
A0A1S4FKF2	1	U-01	aegypti	Ae. aegypti
A0A1S4FKG6	1	U-01	aegypti	Ae. aegypti
A0A1S4FKH1	0	unassigned	aegypti	Ae. aegypti
A0A1S4FKH8	2	U-02	aegypti	Ae. aegypti
A0A1S4FKI6	1	U-01	aegypti	Ae. aegypti
A0A1S4FKK3	2	U-02	aegypti	Ae. aegypti
A0A1S4FKL4	1	U-01	aegypti	Ae. aegypti
A0A1S4FKL9	0	unassigned	aegypti	Ae. aegypti
A0A6I8TSF4	2	U-02	aegypti	Ae. aegypti
A0A6I8TSF5	2	U-02	aegypti	Ae. aegypti
A0A6I8TSF9	1	U-01	aegypti	Ae. aegypti
A0A6I8TSG3	2	U-02	aegypti	Ae. aegypti
A0A6I8TSG7	0	unassigned	aegypti	Ae. aegypti
A0A6I8TSG9	1	U-01	aegypti	Ae. aegypti
A0A6I8TSH9	0	unassigned	aegypti	Ae. aegypti
A0A6I8TSI3	0	unassigned	aegypti	Ae. aegypti
A0A6I8TSI6	2	U-02	aegypti	Ae. aegypti
A0A6I8TSI8	1	U-01	aegypti	Ae. aegypti
A0A6I8TSI9	2	U-02	aegypti	Ae. aegypti
A0A6I8TSJ2	1	U-01	aegypti	Ae. aegypti
A0A6I8TSJ3	0	unassigned	aegypti	Ae. aegypti
A0A6I8TSJ5	1	U-01	aegypti	Ae. aegypti
A0A6I8TSJ9	1	U-01	aegypti	Ae. aegypti
A0A6I8TSK5	1	U-01	aegypti	Ae. aegypti
A0A6I8TSK7	1	U-01	aegypti	Ae. aegypti
A0A6I8TSL5	1	U-01	aegypti	Ae. aegypti
A0A6I8TSL7	1	U-01	aegypti	Ae. aegypti
A0A6I8TSL9	1	U-01	aegypti	Ae. aegypti
A0A6I8TSM0	1	U-01	aegypti	Ae. aegypti
A0A6I8TSM2	2	U-02	aegypti	Ae. aegypti
A0A6I8TSM4	1	U-01	aegypti	Ae. aegypti
A0A6I8TSM8	2	U-02	aegypti	Ae. aegypti
A0A6I8TSN0	1	U-01	aegypti	Ae. aegypti
A0A6I8TSN2	1	U-01	aegypti	Ae. aegypti
A0A6I8TSN7	1	U-01	aegypti	Ae. aegypti
A0A6I8TSQ0	2	U-02	aegypti	Ae. aegypti
A0A6I8TSQ4	1	U-01	aegypti	Ae. aegypti
A0A6I8TSR0	1	U-01	aegypti	Ae. aegypti
A0A6I8TSR1	1	U-01	aegypti	Ae. aegypti
A0A6I8TSR2	1	U-01	aegypti	Ae. aegypti
A0A6I8TSR4	1	U-01	aegypti	Ae. aegypti
A0A6I8TSR5	1	U-01	aegypti	Ae. aegypti
A0A6I8TSR9	1	U-01	aegypti	Ae. aegypti
A0A6I8TSS0	1	U-01	aegypti	Ae. aegypti
A0A6I8TSS4	1	U-01	aegypti	Ae. aegypti
A0A6I8TSS6	1	U-01	aegypti	Ae. aegypti
A0A6I8TSS9	1	U-01	aegypti	Ae. aegypti
A0A6I8TST0	1	U-01	aegypti	Ae. aegypti
A0A6I8TST1	1	U-01	aegypti	Ae. aegypti
A0A6I8TST4	1	U-01	aegypti	Ae. aegypti
A0A6I8TST5	1	U-01	aegypti	Ae. aegypti
A0A6I8TST9	2	U-02	aegypti	Ae. aegypti
A0A6I8TSU0	1	U-01	aegypti	Ae. aegypti
A0A6I8TSU1	1	U-01	aegypti	Ae. aegypti
A0A6I8TSU2	1	U-01	aegypti	Ae. aegypti
A0A6I8TSU6	1	U-01	aegypti	Ae. aegypti
A0A6I8TSU7	1	U-01	aegypti	Ae. aegypti
A0A6I8TSU8	1	U-01	aegypti	Ae. aegypti
A0A6I8TSV0	1	U-01	aegypti	Ae. aegypti
A0A6I8TSW0	1	U-01	aegypti	Ae. aegypti
A0A6I8TSW1	2	U-02	aegypti	Ae. aegypti
A0A6I8TSW8	1	U-01	aegypti	Ae. aegypti
A0A6I8TSX1	1	U-01	aegypti	Ae. aegypti
A0A6I8TSX2	1	U-01	aegypti	Ae. aegypti
A0A6I8TSX3	1	U-01	aegypti	Ae. aegypti
A0A6I8TSX7	2	U-02	aegypti	Ae. aegypti
A0A6I8TSY0	2	U-02	aegypti	Ae. aegypti
A0A6I8TSY5	1	U-01	aegypti	Ae. aegypti
A0A6I8TSY7	1	U-01	aegypti	Ae. aegypti
A0A6I8TSY8	1	U-01	aegypti	Ae. aegypti
A0A6I8TSZ0	1	U-01	aegypti	Ae. aegypti
A0A6I8TSZ5	1	U-01	aegypti	Ae. aegypti
A0A6I8TT04	1	U-01	aegypti	Ae. aegypti
A0A6I8TT05	2	U-02	aegypti	Ae. aegypti
A0A6I8TT08	2	U-02	aegypti	Ae. aegypti
A0A6I8TT13	2	U-02	aegypti	Ae. aegypti
A0A6I8TT15	2	U-02	aegypti	Ae. aegypti
A0A6I8TT20	1	U-01	aegypti	Ae. aegypti
A0A6I8TT22	0	unassigned	aegypti	Ae. aegypti
A0A6I8TT24	1	U-01	aegypti	Ae. aegypti
A0A6I8TT25	1	U-01	aegypti	Ae. aegypti
A0A6I8TT31	2	U-02	aegypti	Ae. aegypti
A0A6I8TT37	1	U-01	aegypti	Ae. aegypti
A0A6I8TT39	1	U-01	aegypti	Ae. aegypti
A0A6I8TT41	2	U-02	aegypti	Ae. aegypti
A0A6I8TT42	0	unassigned	aegypti	Ae. aegypti
A0A6I8TT46	0	unassigned	aegypti	Ae. aegypti
A0A6I8TT51	2	U-02	aegypti	Ae. aegypti
A0A6I8TT54	1	U-01	aegypti	Ae. aegypti
A0A6I8TT55	0	unassigned	aegypti	Ae. aegypti
A0A6I8TT62	2	U-02	aegypti	Ae. aegypti
A0A6I8TT63	1	U-01	aegypti	Ae. aegypti
A0A6I8TT68	1	U-01	aegypti	Ae. aegypti
A0A6I8TT70	1	U-01	aegypti	Ae. aegypti
A0A6I8TT72	1	U-01	aegypti	Ae. aegypti
A0A6I8TT74	1	U-01	aegypti	Ae. aegypti
A0A6I8TT81	2	U-02	aegypti	Ae. aegypti
A0A6I8TT82	2	U-02	aegypti	Ae. aegypti
A0A6I8TT88	2	U-02	aegypti	Ae. aegypti
A0A6I8TT92	1	U-01	aegypti	Ae. aegypti
A0A6I8TT93	0	unassigned	aegypti	Ae. aegypti
A0A6I8TTA0	0	unassigned	aegypti	Ae. aegypti
A0A6I8TTA3	2	U-02	aegypti	Ae. aegypti
A0A6I8TTA4	1	U-01	aegypti	Ae. aegypti
A0A6I8TTB3	1	U-01	aegypti	Ae. aegypti
A0A6I8TTB6	1	U-01	aegypti	Ae. aegypti
A0A6I8TTC3	0	unassigned	aegypti	Ae. aegypti
A0A6I8TTC7	0	unassigned	aegypti	Ae. aegypti
A0A6I8TTC8	0	unassigned	aegypti	Ae. aegypti
A0A6I8TTD1	1	U-01	aegypti	Ae. aegypti
A0A6I8TTD2	1	U-01	aegypti	Ae. aegypti
A0A6I8TTD3	1	U-01	aegypti	Ae. aegypti
A0A6I8TTD4	0	unassigned	aegypti	Ae. aegypti
A0A6I8TTD9	1	U-01	aegypti	Ae. aegypti
A0A6I8TTE1	1	U-01	aegypti	Ae. aegypti
A0A6I8TTE5	1	U-01	aegypti	Ae. aegypti
A0A6I8TTF3	1	U-01	aegypti	Ae. aegypti
A0A6I8TTF4	1	U-01	aegypti	Ae. aegypti
A0A6I8TTF5	1	U-01	aegypti	Ae. aegypti
A0A6I8TTF8	1	U-01	aegypti	Ae. aegypti
A0A6I8TTG1	1	U-01	aegypti	Ae. aegypti
A0A6I8TTG5	0	unassigned	aegypti	Ae. aegypti
A0A6I8TTG9	1	U-01	aegypti	Ae. aegypti
A0A6I8TTH3	1	U-01	aegypti	Ae. aegypti
A0A6I8TTH5	1	U-01	aegypti	Ae. aegypti
A0A6I8TTI7	1	U-01	aegypti	Ae. aegypti
A0A6I8TTJ7	0	unassigned	aegypti	Ae. aegypti
A0A6I8TTK3	0	unassigned	aegypti	Ae. aegypti
A0A6I8TTK4	1	U-01	aegypti	Ae. aegypti
A0A6I8TTK6	1	U-01	aegypti	Ae. aegypti
A0A6I8TTL3	1	U-01	aegypti	Ae. aegypti
A0A6I8TTL4	0	unassigned	aegypti	Ae. aegypti
A0A6I8TTM4	1	U-01	aegypti	Ae. aegypti
A0A6I8TTM6	0	unassigned	aegypti	Ae. aegypti
A0A6I8TTM9	2	U-02	aegypti	Ae. aegypti
A0A6I8TTN3	1	U-01	aegypti	Ae. aegypti
A0A6I8TTN4	2	U-02	aegypti	Ae. aegypti
A0A6I8TTN9	2	U-02	aegypti	Ae. aegypti
A0A6I8TTP9	1	U-01	aegypti	Ae. aegypti
A0A6I8TTQ4	1	U-01	aegypti	Ae. aegypti
A0A6I8TTQ5	0	unassigned	aegypti	Ae. aegypti
A0A6I8TTR2	1	U-01	aegypti	Ae. aegypti
A0A6I8TTR3	1	U-01	aegypti	Ae. aegypti
A0A6I8TTR5	1	U-01	aegypti	Ae. aegypti
A0A6I8TTS7	1	U-01	aegypti	Ae. aegypti
A0A6I8TTS9	2	U-02	aegypti	Ae. aegypti
A0A6I8TTT0	1	U-01	aegypti	Ae. aegypti
A0A6I8TTT4	1	U-01	aegypti	Ae. aegypti
A0A6I8TTT6	1	U-01	aegypti	Ae. aegypti
A0A6I8TTT8	1	U-01	aegypti	Ae. aegypti
A0A6I8TTU2	1	U-01	aegypti	Ae. aegypti
A0A6I8TTU5	2	U-02	aegypti	Ae. aegypti
A0A6I8TTV0	0	unassigned	aegypti	Ae. aegypti
A0A6I8TTV1	1	U-01	aegypti	Ae. aegypti
A0A6I8TTV6	1	U-01	aegypti	Ae. aegypti
A0A6I8TTV7	2	U-02	aegypti	Ae. aegypti
A0A6I8TTV8	1	U-01	aegypti	Ae. aegypti
A0A6I8TTV9	1	U-01	aegypti	Ae. aegypti
A0A6I8TTW0	1	U-01	aegypti	Ae. aegypti
A0A6I8TTW5	1	U-01	aegypti	Ae. aegypti
A0A6I8TTW6	1	U-01	aegypti	Ae. aegypti
A0A6I8TTW8	2	U-02	aegypti	Ae. aegypti
A0A6I8TTX2	1	U-01	aegypti	Ae. aegypti
A0A6I8TTX4	1	U-01	aegypti	Ae. aegypti
A0A6I8TTX5	1	U-01	aegypti	Ae. aegypti
A0A6I8TTX7	1	U-01	aegypti	Ae. aegypti
A0A6I8TTX8	1	U-01	aegypti	Ae. aegypti
A0A6I8TTX9	1	U-01	aegypti	Ae. aegypti
A0A6I8TTY0	2	U-02	aegypti	Ae. aegypti
A0A6I8TTY1	0	unassigned	aegypti	Ae. aegypti
A0A6I8TTY4	1	U-01	aegypti	Ae. aegypti
A0A6I8TTY6	0	unassigned	aegypti	Ae. aegypti
A0A6I8TTY8	2	U-02	aegypti	Ae. aegypti
A0A6I8TTZ1	2	U-02	aegypti	Ae. aegypti
A0A6I8TTZ3	0	unassigned	aegypti	Ae. aegypti
A0A6I8TTZ7	1	U-01	aegypti	Ae. aegypti
A0A6I8TTZ8	0	unassigned	aegypti	Ae. aegypti
A0A6I8TU05	1	U-01	aegypti	Ae. aegypti
A0A6I8TU11	1	U-01	aegypti	Ae. aegypti
A0A6I8TU12	1	U-01	aegypti	Ae. aegypti
A0A6I8TU13	1	U-01	aegypti	Ae. aegypti
A0A6I8TU15	1	U-01	aegypti	Ae. aegypti
A0A6I8TU18	1	U-01	aegypti	Ae. aegypti
A0A6I8TU28	0	unassigned	aegypti	Ae. aegypti
A0A6I8TU36	2	U-02	aegypti	Ae. aegypti
A0A6I8TU39	1	U-01	aegypti	Ae. aegypti
A0A6I8TU44	1	U-01	aegypti	Ae. aegypti
A0A6I8TU53	0	unassigned	aegypti	Ae. aegypti
A0A6I8TU56	2	U-02	aegypti	Ae. aegypti
A0A6I8TU57	1	U-01	aegypti	Ae. aegypti
A0A6I8TU59	1	U-01	aegypti	Ae. aegypti
A0A6I8TU63	1	U-01	aegypti	Ae. aegypti
A0A6I8TU64	0	unassigned	aegypti	Ae. aegypti
A0A6I8TU66	2	U-02	aegypti	Ae. aegypti
A0A6I8TU70	0	unassigned	aegypti	Ae. aegypti
A0A6I8TU71	1	U-01	aegypti	Ae. aegypti
A0A6I8TU74	0	unassigned	aegypti	Ae. aegypti
A0A6I8TU77	2	U-02	aegypti	Ae. aegypti
A0A6I8TU78	0	unassigned	aegypti	Ae. aegypti
A0A6I8TU83	2	U-02	aegypti	Ae. aegypti
A0A6I8TU95	1	U-01	aegypti	Ae. aegypti
A0A6I8TU97	1	U-01	aegypti	Ae. aegypti
A0A6I8TUA9	1	U-01	aegypti	Ae. aegypti
A0A6I8TUB8	0	unassigned	aegypti	Ae. aegypti
A0A6I8TUB9	1	U-01	aegypti	Ae. aegypti
A0A6I8TUD4	0	unassigned	aegypti	Ae. aegypti
A0A6I8TUD7	1	U-01	aegypti	Ae. aegypti
A0A6I8TUE1	1	U-01	aegypti	Ae. aegypti
A0A6I8TUE2	2	U-02	aegypti	Ae. aegypti
A0A6I8TUE3	1	U-01	aegypti	Ae. aegypti
A0A6I8TUE7	2	U-02	aegypti	Ae. aegypti
A0A6I8TUE8	2	U-02	aegypti	Ae. aegypti
A0A6I8TUF5	1	U-01	aegypti	Ae. aegypti
A0A6I8TUF7	0	unassigned	aegypti	Ae. aegypti
A0A6I8TUG1	1	U-01	aegypti	Ae. aegypti
A0A6I8TUG5	1	U-01	aegypti	Ae. aegypti
A0A6I8TUG6	1	U-01	aegypti	Ae. aegypti
A0A6I8TUG7	2	U-02	aegypti	Ae. aegypti
A0A6I8TUG8	1	U-01	aegypti	Ae. aegypti
A0A6I8TUH0	1	U-01	aegypti	Ae. aegypti
A0A6I8TUH5	2	U-02	aegypti	Ae. aegypti
A0A6I8TUH6	1	U-01	aegypti	Ae. aegypti
A0A6I8TUH8	1	U-01	aegypti	Ae. aegypti
A0A6I8TUI0	1	U-01	aegypti	Ae. aegypti
A0A6I8TUI2	2	U-02	aegypti	Ae. aegypti
A0A6I8TUI6	1	U-01	aegypti	Ae. aegypti
A0A6I8TUJ9	1	U-01	aegypti	Ae. aegypti
A0A6I8TUK7	2	U-02	aegypti	Ae. aegypti
A0A6I8TUL2	2	U-02	aegypti	Ae. aegypti
A0A6I8TUL6	1	U-01	aegypti	Ae. aegypti
A0A6I8TUL9	1	U-01	aegypti	Ae. aegypti
A0A6I8TUM4	1	U-01	aegypti	Ae. aegypti
A0A6I8TUN0	1	U-01	aegypti	Ae. aegypti
A0A6I8TUN8	1	U-01	aegypti	Ae. aegypti
A0A6I8TUP2	1	U-01	aegypti	Ae. aegypti
A0A6I8TUP3	1	U-01	aegypti	Ae. aegypti
A0A6I8TUP6	1	U-01	aegypti	Ae. aegypti
A0A6I8TUQ2	1	U-01	aegypti	Ae. aegypti
A0A6I8TUQ3	1	U-01	aegypti	Ae. aegypti
A0A6I8TUQ4	1	U-01	aegypti	Ae. aegypti
A0A6I8TUS4	1	U-01	aegypti	Ae. aegypti
A0A6I8TUS8	1	U-01	aegypti	Ae. aegypti
A0A6I8TUS9	1	U-01	aegypti	Ae. aegypti
A0A6I8TUT6	1	U-01	aegypti	Ae. aegypti
A0A6I8TUU2	1	U-01	aegypti	Ae. aegypti
A0A6I8TUU3	1	U-01	aegypti	Ae. aegypti
A0A6I8TUU8	1	U-01	aegypti	Ae. aegypti
A0A6I8TUU9	1	U-01	aegypti	Ae. aegypti
A0A6I8TUV7	1	U-01	aegypti	Ae. aegypti
A0A6I8TUW9	1	U-01	aegypti	Ae. aegypti
A0A6I8TUX8	2	U-02	aegypti	Ae. aegypti
A0A6I8TUY0	2	U-02	aegypti	Ae. aegypti
A0A6I8TUZ1	0	unassigned	aegypti	Ae. aegypti
A0A6I8TUZ2	0	unassigned	aegypti	Ae. aegypti
A0A6I8TV00	1	U-01	aegypti	Ae. aegypti
A0A6I8TV02	1	U-01	aegypti	Ae. aegypti
A0A6I8TV05	2	U-02	aegypti	Ae. aegypti
A0A6I8TV06	1	U-01	aegypti	Ae. aegypti
A0A6I8TV07	0	unassigned	aegypti	Ae. aegypti
A0A6I8TV12	0	unassigned	aegypti	Ae. aegypti
A0A6I8TV13	1	U-01	aegypti	Ae. aegypti
A0A6I8TV16	0	unassigned	aegypti	Ae. aegypti
A0A6I8TV19	1	U-01	aegypti	Ae. aegypti
A0A6I8TV22	0	unassigned	aegypti	Ae. aegypti
A0A6I8TV27	2	U-02	aegypti	Ae. aegypti
A0A6I8TV28	0	unassigned	aegypti	Ae. aegypti
A0A6I8TV31	1	U-01	aegypti	Ae. aegypti
A0A6I8TV33	2	U-02	aegypti	Ae. aegypti
A0A6I8TV34	1	U-01	aegypti	Ae. aegypti
A0A6I8TV37	1	U-01	aegypti	Ae. aegypti
A0A6I8TV39	1	U-01	aegypti	Ae. aegypti
A0A6I8TV40	0	unassigned	aegypti	Ae. aegypti
A0A6I8TV41	0	unassigned	aegypti	Ae. aegypti
A0A6I8TV43	1	U-01	aegypti	Ae. aegypti
A0A6I8TV44	0	unassigned	aegypti	Ae. aegypti
A0A6I8TV46	0	unassigned	aegypti	Ae. aegypti
A0A6I8TV48	1	U-01	aegypti	Ae. aegypti
A0A6I8TV51	0	unassigned	aegypti	Ae. aegypti
A0A6I8TV55	1	U-01	aegypti	Ae. aegypti
A0A6I8TV56	1	U-01	aegypti	Ae. aegypti
A0A6I8TV57	1	U-01	aegypti	Ae. aegypti
A0A6I8TV61	0	unassigned	aegypti	Ae. aegypti
A0A6I8TV75	2	U-02	aegypti	Ae. aegypti
A0A6I8TV85	1	U-01	aegypti	Ae. aegypti
A0A6I8TV86	0	unassigned	aegypti	Ae. aegypti
A0A6I8TV88	1	U-01	aegypti	Ae. aegypti
A0A6I8TV89	1	U-01	aegypti	Ae. aegypti
A0A6I8TV90	1	U-01	aegypti	Ae. aegypti
A0A6I8TV97	1	U-01	aegypti	Ae. aegypti
A0A6I8TVA0	1	U-01	aegypti	Ae. aegypti
A0A6I8TVA1	1	U-01	aegypti	Ae. aegypti
A0A6I8TVA2	0	unassigned	aegypti	Ae. aegypti
A0A6I8TVB0	2	U-02	aegypti	Ae. aegypti
A0A6I8TVB4	0	unassigned	aegypti	Ae. aegypti
A0A903VCS8	2	U-02	aegypti	Ae. aegypti
A0A903VCT7	1	U-01	aegypti	Ae. aegypti
A0A903VCV6	1	U-01	aegypti	Ae. aegypti
A0A903VCV9	2	U-02	aegypti	Ae. aegypti
A0A903VCY6	1	U-01	aegypti	Ae. aegypti
A0A903VD09	1	U-01	aegypti	Ae. aegypti
A0A903VD43	1	U-01	aegypti	Ae. aegypti
A0A903VD48	2	U-02	aegypti	Ae. aegypti
A0A903VD62	1	U-01	aegypti	Ae. aegypti
A0A903VD72	1	U-01	aegypti	Ae. aegypti
A0A903VD89	1	U-01	aegypti	Ae. aegypti
A0A903VD93	2	U-02	aegypti	Ae. aegypti
A0A903VDA9	2	U-02	aegypti	Ae. aegypti
A0A903VDB3	1	U-01	aegypti	Ae. aegypti
A0A903VDB7	1	U-01	aegypti	Ae. aegypti
A0A903VDB8	1	U-01	aegypti	Ae. aegypti
A0A903VDG0	2	U-02	aegypti	Ae. aegypti
A0A903VDJ5	2	U-02	aegypti	Ae. aegypti
A0A903VDK1	1	U-01	aegypti	Ae. aegypti
A0A903VDM1	1	U-01	aegypti	Ae. aegypti
A0A903VDM2	0	unassigned	aegypti	Ae. aegypti
A0A903VDN5	1	U-01	aegypti	Ae. aegypti
A0A903VDR4	1	U-01	aegypti	Ae. aegypti
A0A903VDS6	1	U-01	aegypti	Ae. aegypti
A0A903VDV0	1	U-01	aegypti	Ae. aegypti
A0A903VE09	1	U-01	aegypti	Ae. aegypti
A0A903VE23	1	U-01	aegypti	Ae. aegypti
A0A903VE35	1	U-01	aegypti	Ae. aegypti
A0A903VE52	1	U-01	aegypti	Ae. aegypti
A0A903VEA1	2	U-02	aegypti	Ae. aegypti
A0A903VEI0	1	U-01	aegypti	Ae. aegypti
A0A903VEQ5	0	unassigned	aegypti	Ae. aegypti
A0A903VET9	1	U-01	aegypti	Ae. aegypti
A0A903VEU8	0	unassigned	aegypti	Ae. aegypti
A0A903VEV0	1	U-01	aegypti	Ae. aegypti
A0A903VEV8	1	U-01	aegypti	Ae. aegypti
A0A903VEY7	1	U-01	aegypti	Ae. aegypti
A0A903VF02	1	U-01	aegypti	Ae. aegypti
A0A903VF14	1	U-01	aegypti	Ae. aegypti
A0A903VF55	1	U-01	aegypti	Ae. aegypti
A0A903VF67	1	U-01	aegypti	Ae. aegypti
A0A903VFA2	1	U-01	aegypti	Ae. aegypti
A0A903VFB1	2	U-02	aegypti	Ae. aegypti
A0A903VFB4	1	U-01	aegypti	Ae. aegypti
A0A903VFF3	2	U-02	aegypti	Ae. aegypti
A0A903VFG3	2	U-02	aegypti	Ae. aegypti
A0A903VFH0	1	U-01	aegypti	Ae. aegypti
A0A903VKW4	2	U-02	aegypti	Ae. aegypti
A0A903VKZ7	1	U-01	aegypti	Ae. aegypti
A0A903VL15	1	U-01	aegypti	Ae. aegypti
A0A903VL23	1	U-01	aegypti	Ae. aegypti
A0A903VL27	0	unassigned	aegypti	Ae. aegypti
A0A903VL31	0	unassigned	aegypti	Ae. aegypti
A0A903VL53	1	U-01	aegypti	Ae. aegypti
A0A903VL55	1	U-01	aegypti	Ae. aegypti
A0A903VL97	1	U-01	aegypti	Ae. aegypti
A0A903VLE2	0	unassigned	aegypti	Ae. aegypti
A0A903VLG5	0	unassigned	aegypti	Ae. aegypti
A0A903VLL9	1	U-01	aegypti	Ae. aegypti
A0A903VLR5	1	U-01	aegypti	Ae. aegypti
A0A903VLU1	1	U-01	aegypti	Ae. aegypti
A0A903VLW5	1	U-01	aegypti	Ae. aegypti
A0A903VM23	0	unassigned	aegypti	Ae. aegypti
A0A903VM44	1	U-01	aegypti	Ae. aegypti
A0A903VM63	1	U-01	aegypti	Ae. aegypti
A0A903VM94	1	U-01	aegypti	Ae. aegypti
A0A903VME9	2	U-02	aegypti	Ae. aegypti
A0A903VMF1	1	U-01	aegypti	Ae. aegypti
A0A903VMF6	1	U-01	aegypti	Ae. aegypti
A0A903VMH3	0	unassigned	aegypti	Ae. aegypti
A0A903VMI2	1	U-01	aegypti	Ae. aegypti
A0A903VMK0	1	U-01	aegypti	Ae. aegypti
A0A903VMS0	1	U-01	aegypti	Ae. aegypti
A0A903VMU1	1	U-01	aegypti	Ae. aegypti
A0A903VMX0	0	unassigned	aegypti	Ae. aegypti
A0A903VN88	1	U-01	aegypti	Ae. aegypti
A0A903VNA7	1	U-01	aegypti	Ae. aegypti
A0A903VNB1	1	U-01	aegypti	Ae. aegypti
A0A903VNM4	1	U-01	aegypti	Ae. aegypti
A0A903VNU0	1	U-01	aegypti	Ae. aegypti
A0A903VNV6	1	U-01	aegypti	Ae. aegypti
A0A903VNW7	1	U-01	aegypti	Ae. aegypti
A0A903VNZ5	2	U-02	aegypti	Ae. aegypti
A0A903VP14	1	U-01	aegypti	Ae. aegypti
A0A903VP47	1	U-01	aegypti	Ae. aegypti
A0A903VP71	1	U-01	aegypti	Ae. aegypti
A0A903VP82	1	U-01	aegypti	Ae. aegypti
A0A903VPB9	1	U-01	aegypti	Ae. aegypti
A0A903VPF4	1	U-01	aegypti	Ae. aegypti
A0A903VPJ3	0	unassigned	aegypti	Ae. aegypti
A0A903VPJ9	1	U-01	aegypti	Ae. aegypti
A0A903VPL3	1	U-01	aegypti	Ae. aegypti
A0A903VPN9	1	U-01	aegypti	Ae. aegypti
A0A903VPS9	1	U-01	aegypti	Ae. aegypti
A0A903VPV7	1	U-01	aegypti	Ae. aegypti
A0A903VPV9	1	U-01	aegypti	Ae. aegypti
A0A903VPW6	1	U-01	aegypti	Ae. aegypti
A0A903VQ04	1	U-01	aegypti	Ae. aegypti
A0A903VQ59	2	U-02	aegypti	Ae. aegypti
A0A903VQ68	1	U-01	aegypti	Ae. aegypti
A0A6I8TPR7	1	U-01	aegypti	Ae. aegypti
A0A6I8TPR9	1	U-01	aegypti	Ae. aegypti
A0A6I8TPS4	1	U-01	aegypti	Ae. aegypti
A0A6I8TPS7	2	U-02	aegypti	Ae. aegypti
A0A6I8TPT2	2	U-02	aegypti	Ae. aegypti
A0A6I8TPT3	1	U-01	aegypti	Ae. aegypti
A0A6I8TPT4	1	U-01	aegypti	Ae. aegypti
A0A6I8TPT6	1	U-01	aegypti	Ae. aegypti
A0A6I8TPT7	0	unassigned	aegypti	Ae. aegypti
A0A6I8TPU0	2	U-02	aegypti	Ae. aegypti
A0A6I8TPU2	1	U-01	aegypti	Ae. aegypti
A0A6I8TPU3	1	U-01	aegypti	Ae. aegypti
A0A6I8TPU4	1	U-01	aegypti	Ae. aegypti
A0A6I8TPU7	2	U-02	aegypti	Ae. aegypti
A0A6I8TPU9	1	U-01	aegypti	Ae. aegypti
A0A6I8TPV3	1	U-01	aegypti	Ae. aegypti
A0A6I8TPW4	1	U-01	aegypti	Ae. aegypti
A0A6I8TPW8	1	U-01	aegypti	Ae. aegypti
A0A6I8TPX3	1	U-01	aegypti	Ae. aegypti
A0A6I8TPX4	1	U-01	aegypti	Ae. aegypti
A0A6I8TPY2	1	U-01	aegypti	Ae. aegypti
A0A6I8TPY9	2	U-02	aegypti	Ae. aegypti
A0A6I8TQ03	2	U-02	aegypti	Ae. aegypti
A0A6I8TQ05	2	U-02	aegypti	Ae. aegypti
A0A6I8TQ07	1	U-01	aegypti	Ae. aegypti
A0A6I8TQ09	2	U-02	aegypti	Ae. aegypti
A0A6I8TQ12	2	U-02	aegypti	Ae. aegypti
A0A6I8TQ18	1	U-01	aegypti	Ae. aegypti
A0A6I8TQ19	1	U-01	aegypti	Ae. aegypti
A0A6I8TQ20	1	U-01	aegypti	Ae. aegypti
A0A6I8TQ21	1	U-01	aegypti	Ae. aegypti
A0A6I8TQ27	1	U-01	aegypti	Ae. aegypti
A0A6I8TQ31	1	U-01	aegypti	Ae. aegypti
A0A6I8TQ32	1	U-01	aegypti	Ae. aegypti
A0A6I8TQ33	2	U-02	aegypti	Ae. aegypti
A0A6I8TQ44	1	U-01	aegypti	Ae. aegypti
A0A6I8TQ46	1	U-01	aegypti	Ae. aegypti
A0A6I8TQ52	1	U-01	aegypti	Ae. aegypti
A0A6I8TQ53	1	U-01	aegypti	Ae. aegypti
A0A6I8TX35	0	unassigned	aegypti	Ae. aegypti
A0A6I8TX37	0	unassigned	aegypti	Ae. aegypti
A0A6I8TX39	0	unassigned	aegypti	Ae. aegypti
A0A6I8TX41	1	U-01	aegypti	Ae. aegypti
A0A6I8TX42	0	unassigned	aegypti	Ae. aegypti
A0A6I8TX44	0	unassigned	aegypti	Ae. aegypti
A0A6I8TX47	0	unassigned	aegypti	Ae. aegypti
A0A6I8TX49	0	unassigned	aegypti	Ae. aegypti
A0A6I8TX54	1	U-01	aegypti	Ae. aegypti
A0A6I8TX60	0	unassigned	aegypti	Ae. aegypti
A0A6I8TX61	1	U-01	aegypti	Ae. aegypti
A0A6I8TX62	1	U-01	aegypti	Ae. aegypti
A0A6I8TX63	1	U-01	aegypti	Ae. aegypti
A0A6I8TX66	1	U-01	aegypti	Ae. aegypti
A0A6I8TX70	1	U-01	aegypti	Ae. aegypti
A0A6I8TX73	1	U-01	aegypti	Ae. aegypti
A0A6I8TX76	1	U-01	aegypti	Ae. aegypti
A0A6I8TX77	1	U-01	aegypti	Ae. aegypti
A0A6I8TX80	1	U-01	aegypti	Ae. aegypti
A0A6I8TX85	1	U-01	aegypti	Ae. aegypti
A0A6I8TX86	1	U-01	aegypti	Ae. aegypti
A0A6I8TX93	1	U-01	aegypti	Ae. aegypti
A0A6I8TXA1	1	U-01	aegypti	Ae. aegypti
A0A6I8TXA3	1	U-01	aegypti	Ae. aegypti
A0A6I8TXA8	1	U-01	aegypti	Ae. aegypti
A0A6I8TXB3	1	U-01	aegypti	Ae. aegypti
A0A6I8TXB4	1	U-01	aegypti	Ae. aegypti
A0A6I8TXC1	1	U-01	aegypti	Ae. aegypti
A0A6I8TXC6	2	U-02	aegypti	Ae. aegypti
A0A6I8TXC7	2	U-02	aegypti	Ae. aegypti
A0A6I8TXD2	2	U-02	aegypti	Ae. aegypti
A0A6I8TXD7	1	U-01	aegypti	Ae. aegypti
A0A6I8TXE1	1	U-01	aegypti	Ae. aegypti
A0A6I8TXE6	1	U-01	aegypti	Ae. aegypti
A0A6I8TXE7	1	U-01	aegypti	Ae. aegypti
A0A6I8TXF1	1	U-01	aegypti	Ae. aegypti
A0A6I8TXF9	1	U-01	aegypti	Ae. aegypti
A0A6I8TXG1	1	U-01	aegypti	Ae. aegypti
A0A6I8TXG4	1	U-01	aegypti	Ae. aegypti
A0A6I8TXG7	1	U-01	aegypti	Ae. aegypti
A0A6I8TXG8	0	unassigned	aegypti	Ae. aegypti
A0A6I8TXG9	1	U-01	aegypti	Ae. aegypti
A0A6I8TXI1	1	U-01	aegypti	Ae. aegypti
A0A6I8TXI3	0	unassigned	aegypti	Ae. aegypti
A0A6I8TXI5	1	U-01	aegypti	Ae. aegypti
A0A6I8TXI7	1	U-01	aegypti	Ae. aegypti
A0A6I8TXI9	1	U-01	aegypti	Ae. aegypti
A0A6I8TXJ5	1	U-01	aegypti	Ae. aegypti
A0A6I8TXK4	1	U-01	aegypti	Ae. aegypti
A0A6I8TXK8	2	U-02	aegypti	Ae. aegypti
A0A6I8TXM3	1	U-01	aegypti	Ae. aegypti
A0A6I8TXM9	1	U-01	aegypti	Ae. aegypti
A0A6I8TXN1	1	U-01	aegypti	Ae. aegypti
A0A6I8TXN3	1	U-01	aegypti	Ae. aegypti
A0A6I8TXN6	1	U-01	aegypti	Ae. aegypti
A0A6I8TXP0	1	U-01	aegypti	Ae. aegypti
A0A6I8TXP8	1	U-01	aegypti	Ae. aegypti
A0A6I8TXP9	2	U-02	aegypti	Ae. aegypti
A0A6I8TXQ1	2	U-02	aegypti	Ae. aegypti
A0A6I8TXR5	1	U-01	aegypti	Ae. aegypti
A0A6I8TXS4	1	U-01	aegypti	Ae. aegypti
A0A6I8TLH1	1	U-01	aegypti	Ae. aegypti
A0A6I8TLH9	2	U-02	aegypti	Ae. aegypti
A0A6I8TLI0	2	U-02	aegypti	Ae. aegypti
A0A6I8TLI9	0	unassigned	aegypti	Ae. aegypti
A0A6I8TLJ0	2	U-02	aegypti	Ae. aegypti
A0A6I8TLJ1	1	U-01	aegypti	Ae. aegypti
A0A6I8TLJ3	1	U-01	aegypti	Ae. aegypti
A0A6I8TLK2	1	U-01	aegypti	Ae. aegypti
A0A6I8TLK3	2	U-02	aegypti	Ae. aegypti
A0A6I8TLL5	1	U-01	aegypti	Ae. aegypti
A0A6I8TLL7	2	U-02	aegypti	Ae. aegypti
A0A6I8TLM0	0	unassigned	aegypti	Ae. aegypti
A0A6I8TLM1	1	U-01	aegypti	Ae. aegypti
A0A6I8TLM3	1	U-01	aegypti	Ae. aegypti
A0A6I8TLM5	2	U-02	aegypti	Ae. aegypti
A0A6I8TLM6	0	unassigned	aegypti	Ae. aegypti
A0A6I8TLM8	2	U-02	aegypti	Ae. aegypti
A0A6I8TLN1	1	U-01	aegypti	Ae. aegypti
A0A6I8TLN3	1	U-01	aegypti	Ae. aegypti
A0A6I8TLN5	1	U-01	aegypti	Ae. aegypti
A0A6I8TLN6	1	U-01	aegypti	Ae. aegypti
A0A6I8TLN9	1	U-01	aegypti	Ae. aegypti
A0A6I8TLP2	0	unassigned	aegypti	Ae. aegypti
A0A6I8TLP7	1	U-01	aegypti	Ae. aegypti
A0A6I8TLQ0	2	U-02	aegypti	Ae. aegypti
A0A6I8TLQ7	1	U-01	aegypti	Ae. aegypti
A0A6I8TLR0	1	U-01	aegypti	Ae. aegypti
A0A6I8TLR2	1	U-01	aegypti	Ae. aegypti
A0A6I8TLR4	1	U-01	aegypti	Ae. aegypti
A0A6I8TLR7	1	U-01	aegypti	Ae. aegypti
A0A6I8TLR8	1	U-01	aegypti	Ae. aegypti
A0A6I8TLS0	1	U-01	aegypti	Ae. aegypti
A0A6I8TLS3	1	U-01	aegypti	Ae. aegypti
A0A6I8TLS5	1	U-01	aegypti	Ae. aegypti
A0A6I8TLS7	1	U-01	aegypti	Ae. aegypti
A0A6I8TLT2	1	U-01	aegypti	Ae. aegypti
A0A6I8TLT5	1	U-01	aegypti	Ae. aegypti
A0A6I8TLU1	1	U-01	aegypti	Ae. aegypti
A0A6I8TLU5	2	U-02	aegypti	Ae. aegypti
A0A6I8TLV0	0	unassigned	aegypti	Ae. aegypti
A0A6I8TLV3	1	U-01	aegypti	Ae. aegypti
A0A6I8TLV5	1	U-01	aegypti	Ae. aegypti
A0A6I8TLV6	1	U-01	aegypti	Ae. aegypti
A0A6I8TLV9	2	U-02	aegypti	Ae. aegypti
A0A6I8TLW1	1	U-01	aegypti	Ae. aegypti
A0A6I8TLW3	0	unassigned	aegypti	Ae. aegypti
A0A6I8TLW5	1	U-01	aegypti	Ae. aegypti
A0A6I8TLW8	1	U-01	aegypti	Ae. aegypti
A0A6I8TLW9	2	U-02	aegypti	Ae. aegypti
A0A6I8TLX1	1	U-01	aegypti	Ae. aegypti
A0A6I8TLX2	1	U-01	aegypti	Ae. aegypti
A0A6I8TLX3	1	U-01	aegypti	Ae. aegypti
A0A6I8TLX4	1	U-01	aegypti	Ae. aegypti
A0A6I8TLX5	1	U-01	aegypti	Ae. aegypti
A0A6I8TLX6	1	U-01	aegypti	Ae. aegypti
A0A6I8TLX8	1	U-01	aegypti	Ae. aegypti
A0A6I8TLY0	1	U-01	aegypti	Ae. aegypti
A0A6I8TLY2	0	unassigned	aegypti	Ae. aegypti
A0A6I8TLY4	1	U-01	aegypti	Ae. aegypti
A0A6I8TLY9	2	U-02	aegypti	Ae. aegypti
A0A6I8TLZ3	1	U-01	aegypti	Ae. aegypti
A0A6I8TLZ8	1	U-01	aegypti	Ae. aegypti
A0A6I8TLZ9	1	U-01	aegypti	Ae. aegypti
A0A6I8TM06	1	U-01	aegypti	Ae. aegypti
A0A6I8TM09	1	U-01	aegypti	Ae. aegypti
A0A6I8TM11	0	unassigned	aegypti	Ae. aegypti
A0A6I8TM12	1	U-01	aegypti	Ae. aegypti
A0A6I8TM13	1	U-01	aegypti	Ae. aegypti
A0A6I8TM14	1	U-01	aegypti	Ae. aegypti
A0A6I8TM15	0	unassigned	aegypti	Ae. aegypti
A0A6I8TM17	0	unassigned	aegypti	Ae. aegypti
A0A6I8TM19	1	U-01	aegypti	Ae. aegypti
A0A6I8TM21	1	U-01	aegypti	Ae. aegypti
A0A6I8TM22	2	U-02	aegypti	Ae. aegypti
A0A6I8TM26	1	U-01	aegypti	Ae. aegypti
A0A6I8TM31	1	U-01	aegypti	Ae. aegypti
A0A6I8TM32	1	U-01	aegypti	Ae. aegypti
A0A6I8TM35	1	U-01	aegypti	Ae. aegypti
A0A6I8TM36	0	unassigned	aegypti	Ae. aegypti
A0A6I8TM37	1	U-01	aegypti	Ae. aegypti
A0A6I8TM40	2	U-02	aegypti	Ae. aegypti
A0A6I8TM41	1	U-01	aegypti	Ae. aegypti
A0A6I8TM43	1	U-01	aegypti	Ae. aegypti
A0A6I8TM46	1	U-01	aegypti	Ae. aegypti
A0A6I8TM57	1	U-01	aegypti	Ae. aegypti
A0A6I8TM62	1	U-01	aegypti	Ae. aegypti
A0A6I8TM64	1	U-01	aegypti	Ae. aegypti
A0A6I8TM65	2	U-02	aegypti	Ae. aegypti
A0A6I8TM71	1	U-01	aegypti	Ae. aegypti
A0A6I8TM73	2	U-02	aegypti	Ae. aegypti
A0A6I8TM77	1	U-01	aegypti	Ae. aegypti
A0A6I8TM81	0	unassigned	aegypti	Ae. aegypti
A0A6I8TM82	1	U-01	aegypti	Ae. aegypti
A0A6I8TM83	2	U-02	aegypti	Ae. aegypti
A0A6I8TM85	2	U-02	aegypti	Ae. aegypti
A0A6I8TM86	1	U-01	aegypti	Ae. aegypti
A0A6I8TM90	1	U-01	aegypti	Ae. aegypti
A0A6I8TM91	0	unassigned	aegypti	Ae. aegypti
A0A6I8TM92	1	U-01	aegypti	Ae. aegypti
A0A6I8TMA0	1	U-01	aegypti	Ae. aegypti
A0A903UJC3	1	U-01	aegypti	Ae. aegypti
A0A903UJG4	2	U-02	aegypti	Ae. aegypti
A0A903UJH7	1	U-01	aegypti	Ae. aegypti
A0A903UJJ4	1	U-01	aegypti	Ae. aegypti
A0A903UJK4	2	U-02	aegypti	Ae. aegypti
A0A903UJR5	1	U-01	aegypti	Ae. aegypti
A0A903UJT1	2	U-02	aegypti	Ae. aegypti
A0A903UJT2	0	unassigned	aegypti	Ae. aegypti
A0A903UJZ6	1	U-01	aegypti	Ae. aegypti
A0A903UK25	1	U-01	aegypti	Ae. aegypti
A0A903UKA7	2	U-02	aegypti	Ae. aegypti
A0A903UKE5	1	U-01	aegypti	Ae. aegypti
A0A903UKE6	1	U-01	aegypti	Ae. aegypti
A0A903UKG3	2	U-02	aegypti	Ae. aegypti
A0A903UKI3	1	U-01	aegypti	Ae. aegypti
A0A903UKM9	1	U-01	aegypti	Ae. aegypti
A0A903UKZ3	1	U-01	aegypti	Ae. aegypti
A0A903UL04	1	U-01	aegypti	Ae. aegypti
A0A903UL11	1	U-01	aegypti	Ae. aegypti
A0A903UL24	1	U-01	aegypti	Ae. aegypti
A0A903UL48	1	U-01	aegypti	Ae. aegypti
A0A903UL49	2	U-02	aegypti	Ae. aegypti
A0A903UL77	1	U-01	aegypti	Ae. aegypti
A0A903UL88	1	U-01	aegypti	Ae. aegypti
A0A903ULA1	1	U-01	aegypti	Ae. aegypti
A0A903ULA6	2	U-02	aegypti	Ae. aegypti
A0A903ULB7	2	U-02	aegypti	Ae. aegypti
A0A903ULF2	1	U-01	aegypti	Ae. aegypti
A0A903ULG7	1	U-01	aegypti	Ae. aegypti
A0A903ULK8	0	unassigned	aegypti	Ae. aegypti
A0A903ULQ7	1	U-01	aegypti	Ae. aegypti
A0A903ULS3	2	U-02	aegypti	Ae. aegypti
A0A903UM44	0	unassigned	aegypti	Ae. aegypti
A0A903UM98	1	U-01	aegypti	Ae. aegypti
A0A903UME3	1	U-01	aegypti	Ae. aegypti
A0A903UMI1	0	unassigned	aegypti	Ae. aegypti
A0A903UMJ6	0	unassigned	aegypti	Ae. aegypti
A0A903UMQ5	1	U-01	aegypti	Ae. aegypti
A0A903UMT2	2	U-02	aegypti	Ae. aegypti
A0A903UMW1	1	U-01	aegypti	Ae. aegypti
A0A903UN09	1	U-01	aegypti	Ae. aegypti
A0A903UN18	1	U-01	aegypti	Ae. aegypti
A0A903UN93	1	U-01	aegypti	Ae. aegypti
A0A903UNA4	1	U-01	aegypti	Ae. aegypti
A0A903UNC7	1	U-01	aegypti	Ae. aegypti
A0A903UNF3	1	U-01	aegypti	Ae. aegypti
A0A903UNF4	2	U-02	aegypti	Ae. aegypti
A0A903UNH4	1	U-01	aegypti	Ae. aegypti
A0A903UNL6	1	U-01	aegypti	Ae. aegypti
A0A903UNN6	2	U-02	aegypti	Ae. aegypti
A0A903UNX6	2	U-02	aegypti	Ae. aegypti
A0A903UNY5	1	U-01	aegypti	Ae. aegypti
A0A903UP15	1	U-01	aegypti	Ae. aegypti
A0A903UP31	1	U-01	aegypti	Ae. aegypti
A0A903UP39	2	U-02	aegypti	Ae. aegypti
A0A903UP43	1	U-01	aegypti	Ae. aegypti
A0A903UP65	2	U-02	aegypti	Ae. aegypti
A0A903UPC9	1	U-01	aegypti	Ae. aegypti
A0A903UPF9	1	U-01	aegypti	Ae. aegypti
A0A903UPH2	1	U-01	aegypti	Ae. aegypti
A0A903UPI9	1	U-01	aegypti	Ae. aegypti
A0A903UPJ7	1	U-01	aegypti	Ae. aegypti
A0A903UPK3	1	U-01	aegypti	Ae. aegypti
A0A903UPW9	1	U-01	aegypti	Ae. aegypti
A0A903UPY2	1	U-01	aegypti	Ae. aegypti
A0A903UQ19	2	U-02	aegypti	Ae. aegypti
A0A903UQ80	1	U-01	aegypti	Ae. aegypti
A0A903UQC0	1	U-01	aegypti	Ae. aegypti
A0A903UQC1	2	U-02	aegypti	Ae. aegypti
A0A903UQH9	1	U-01	aegypti	Ae. aegypti
A0A903UQJ2	1	U-01	aegypti	Ae. aegypti
A0A903UQJ3	1	U-01	aegypti	Ae. aegypti
A0A903UQK9	2	U-02	aegypti	Ae. aegypti
A0A903URH5	2	U-02	aegypti	Ae. aegypti
A0A903URJ6	1	U-01	aegypti	Ae. aegypti
A0A903URR3	1	U-01	aegypti	Ae. aegypti
A0A903URU9	1	U-01	aegypti	Ae. aegypti
A0A903URW2	1	U-01	aegypti	Ae. aegypti
A0A903URX6	1	U-01	aegypti	Ae. aegypti
A0A903URZ5	1	U-01	aegypti	Ae. aegypti
A0A903URZ8	1	U-01	aegypti	Ae. aegypti
A0A903US08	1	U-01	aegypti	Ae. aegypti
A0A903US11	1	U-01	aegypti	Ae. aegypti
A0A903US31	1	U-01	aegypti	Ae. aegypti
A0A903US58	1	U-01	aegypti	Ae. aegypti
A0A903US72	1	U-01	aegypti	Ae. aegypti
A0A903USC9	1	U-01	aegypti	Ae. aegypti
A0A903USK7	1	U-01	aegypti	Ae. aegypti
A0A903USN7	2	U-02	aegypti	Ae. aegypti
A0A903UST4	2	U-02	aegypti	Ae. aegypti
A0A903USW0	1	U-01	aegypti	Ae. aegypti
A0A903USW7	1	U-01	aegypti	Ae. aegypti
A0A903UT66	1	U-01	aegypti	Ae. aegypti
A0A903UTL9	1	U-01	aegypti	Ae. aegypti
A0A903UTQ6	1	U-01	aegypti	Ae. aegypti
A0A903UTV4	1	U-01	aegypti	Ae. aegypti
A0A903UU31	0	unassigned	aegypti	Ae. aegypti
A0A903UU83	0	unassigned	aegypti	Ae. aegypti
A0A903UUA3	1	U-01	aegypti	Ae. aegypti
A0A903UUA4	2	U-02	aegypti	Ae. aegypti
A0A903UUC6	1	U-01	aegypti	Ae. aegypti
A0A903UUX7	0	unassigned	aegypti	Ae. aegypti
A0A903UUZ4	1	U-01	aegypti	Ae. aegypti
A0A903UUZ9	1	U-01	aegypti	Ae. aegypti
A0A903UV07	1	U-01	aegypti	Ae. aegypti
A0A903UV60	2	U-02	aegypti	Ae. aegypti
A0A903UV68	1	U-01	aegypti	Ae. aegypti
A0A903UV75	1	U-01	aegypti	Ae. aegypti
A0A903UVH7	0	unassigned	aegypti	Ae. aegypti
A0A903UVY1	1	U-01	aegypti	Ae. aegypti
A0A903UVZ2	2	U-02	aegypti	Ae. aegypti
A0A903UW46	2	U-02	aegypti	Ae. aegypti
A0A903UW85	1	U-01	aegypti	Ae. aegypti
A0A903UWA1	1	U-01	aegypti	Ae. aegypti
A0A903UWD1	2	U-02	aegypti	Ae. aegypti
A0A903UWE6	1	U-01	aegypti	Ae. aegypti
A0A903UWG6	1	U-01	aegypti	Ae. aegypti
A0A903UWI9	1	U-01	aegypti	Ae. aegypti
A0A903UWK2	1	U-01	aegypti	Ae. aegypti
A0A903UWW6	1	U-01	aegypti	Ae. aegypti
A0A903UWX3	2	U-02	aegypti	Ae. aegypti
A0A903UX22	1	U-01	aegypti	Ae. aegypti
A0A903UX96	1	U-01	aegypti	Ae. aegypti
A0A903UXA3	2	U-02	aegypti	Ae. aegypti
A0A903UXB4	0	unassigned	aegypti	Ae. aegypti
A0A903UXB7	2	U-02	aegypti	Ae. aegypti
A0A903UXC5	2	U-02	aegypti	Ae. aegypti
A0A903UXJ3	2	U-02	aegypti	Ae. aegypti
A0A903UXM0	1	U-01	aegypti	Ae. aegypti
A0A903UXM4	1	U-01	aegypti	Ae. aegypti
A0A903UXM6	1	U-01	aegypti	Ae. aegypti
A0A903UXS9	1	U-01	aegypti	Ae. aegypti
A0A903UXU0	1	U-01	aegypti	Ae. aegypti
A0A903UY09	1	U-01	aegypti	Ae. aegypti
A0A903UY62	1	U-01	aegypti	Ae. aegypti
A0A903UY86	2	U-02	aegypti	Ae. aegypti
A0A903UY97	2	U-02	aegypti	Ae. aegypti
A0A903UYA2	2	U-02	aegypti	Ae. aegypti
A0A903UYA3	0	unassigned	aegypti	Ae. aegypti
A0A903UYE6	2	U-02	aegypti	Ae. aegypti
A0A903UYG2	2	U-02	aegypti	Ae. aegypti
A0A903UYJ3	1	U-01	aegypti	Ae. aegypti
A0A903UYJ4	1	U-01	aegypti	Ae. aegypti
A0A903UYK4	1	U-01	aegypti	Ae. aegypti
A0A903UYL1	1	U-01	aegypti	Ae. aegypti
A0A903UYN1	2	U-02	aegypti	Ae. aegypti
A0A903UYR0	1	U-01	aegypti	Ae. aegypti
A0A903UYR2	1	U-01	aegypti	Ae. aegypti
A0A903UYT7	1	U-01	aegypti	Ae. aegypti
A0A903UYU2	2	U-02	aegypti	Ae. aegypti
A0A903UYU8	2	U-02	aegypti	Ae. aegypti
A0A903UYV2	1	U-01	aegypti	Ae. aegypti
A0A903UYV3	1	U-01	aegypti	Ae. aegypti
A0A903UYV5	0	unassigned	aegypti	Ae. aegypti
A0A903UYV8	1	U-01	aegypti	Ae. aegypti
A0A903UZ07	1	U-01	aegypti	Ae. aegypti
A0A903UZ14	1	U-01	aegypti	Ae. aegypti
A0A903UZ36	2	U-02	aegypti	Ae. aegypti
A0A903UZ67	0	unassigned	aegypti	Ae. aegypti
A0A903UZ69	0	unassigned	aegypti	Ae. aegypti
A0A903UZ70	1	U-01	aegypti	Ae. aegypti
A0A903UZ81	1	U-01	aegypti	Ae. aegypti
A0A903UZC5	2	U-02	aegypti	Ae. aegypti
A0A903UZJ2	2	U-02	aegypti	Ae. aegypti
A0A903UZJ5	0	unassigned	aegypti	Ae. aegypti
A0A903UZL1	1	U-01	aegypti	Ae. aegypti
A0A903UZL7	0	unassigned	aegypti	Ae. aegypti
A0A903UZP1	1	U-01	aegypti	Ae. aegypti
A0A903UZP4	1	U-01	aegypti	Ae. aegypti
A0A903UZQ4	1	U-01	aegypti	Ae. aegypti
A0A903UZS8	1	U-01	aegypti	Ae. aegypti
A0A903V0E2	1	U-01	aegypti	Ae. aegypti
A0A903V0G6	2	U-02	aegypti	Ae. aegypti
A0A903V0N0	2	U-02	aegypti	Ae. aegypti
A0A903V0U9	1	U-01	aegypti	Ae. aegypti
A0A903V104	1	U-01	aegypti	Ae. aegypti
A0A903V105	1	U-01	aegypti	Ae. aegypti
A0A903V109	2	U-02	aegypti	Ae. aegypti
A0A903V147	1	U-01	aegypti	Ae. aegypti
A0A903V173	0	unassigned	aegypti	Ae. aegypti
A0A903V174	1	U-01	aegypti	Ae. aegypti
A0A903V1A3	0	unassigned	aegypti	Ae. aegypti
A0A903V1B6	1	U-01	aegypti	Ae. aegypti
A0A903V1C4	1	U-01	aegypti	Ae. aegypti
A0A903V1D1	1	U-01	aegypti	Ae. aegypti
A0A903V1D7	1	U-01	aegypti	Ae. aegypti
A0A903V1D8	1	U-01	aegypti	Ae. aegypti
A0A903V1H0	1	U-01	aegypti	Ae. aegypti
A0A903V1H1	1	U-01	aegypti	Ae. aegypti
A0A903V1I4	1	U-01	aegypti	Ae. aegypti
A0A903V1M7	1	U-01	aegypti	Ae. aegypti
A0A903V1P1	1	U-01	aegypti	Ae. aegypti
A0A903V1Q5	2	U-02	aegypti	Ae. aegypti
A0A903V1S0	1	U-01	aegypti	Ae. aegypti
A0A903V1Y7	1	U-01	aegypti	Ae. aegypti
A0A903V1Z3	1	U-01	aegypti	Ae. aegypti
A0A903V1Z4	1	U-01	aegypti	Ae. aegypti
A0A903V216	1	U-01	aegypti	Ae. aegypti
A0A903V228	0	unassigned	aegypti	Ae. aegypti
A0A903V271	2	U-02	aegypti	Ae. aegypti
A0A903V2D3	2	U-02	aegypti	Ae. aegypti
A0A903V2H3	1	U-01	aegypti	Ae. aegypti
A0A903V2R9	1	U-01	aegypti	Ae. aegypti
A0A903V334	1	U-01	aegypti	Ae. aegypti
A0A903V361	0	unassigned	aegypti	Ae. aegypti
A0A903V376	2	U-02	aegypti	Ae. aegypti
A0A903V384	1	U-01	aegypti	Ae. aegypti
A0A903V3H1	2	U-02	aegypti	Ae. aegypti
A0A903V3J6	1	U-01	aegypti	Ae. aegypti
A0A903V3L7	1	U-01	aegypti	Ae. aegypti
A0A903V3R5	1	U-01	aegypti	Ae. aegypti
A0A903V3X0	1	U-01	aegypti	Ae. aegypti
A0A903V3X9	2	U-02	aegypti	Ae. aegypti
A0A903V3Z6	1	U-01	aegypti	Ae. aegypti
A0A903V420	1	U-01	aegypti	Ae. aegypti
A0A903V478	1	U-01	aegypti	Ae. aegypti
A0A903V4B5	2	U-02	aegypti	Ae. aegypti
A0A903V4G3	2	U-02	aegypti	Ae. aegypti
A0A903V4I1	2	U-02	aegypti	Ae. aegypti
A0A903V4K8	1	U-01	aegypti	Ae. aegypti
A0A903V4M9	1	U-01	aegypti	Ae. aegypti
A0A903V4N8	0	unassigned	aegypti	Ae. aegypti
A0A903V4Q2	1	U-01	aegypti	Ae. aegypti
A0A903V4R1	1	U-01	aegypti	Ae. aegypti
A0A903V4R7	1	U-01	aegypti	Ae. aegypti
A0A903V4T2	1	U-01	aegypti	Ae. aegypti
A0A903V4Z8	1	U-01	aegypti	Ae. aegypti
A0A903V568	1	U-01	aegypti	Ae. aegypti
A0A903V5A4	1	U-01	aegypti	Ae. aegypti
A0A903V5B9	1	U-01	aegypti	Ae. aegypti
A0A903V5D8	1	U-01	aegypti	Ae. aegypti
A0A903V5F4	1	U-01	aegypti	Ae. aegypti
A0A903V5K6	1	U-01	aegypti	Ae. aegypti
A0A903V5N6	1	U-01	aegypti	Ae. aegypti
A0A903V5X2	0	unassigned	aegypti	Ae. aegypti
A0A903V5Z1	1	U-01	aegypti	Ae. aegypti
A0A903V635	1	U-01	aegypti	Ae. aegypti
A0A903V6F9	1	U-01	aegypti	Ae. aegypti
A0A903V6H1	1	U-01	aegypti	Ae. aegypti
A0A903V6J6	1	U-01	aegypti	Ae. aegypti
A0A903V6K1	1	U-01	aegypti	Ae. aegypti
A0A903V6L3	1	U-01	aegypti	Ae. aegypti
A0A903V6M1	1	U-01	aegypti	Ae. aegypti
A0A903V6M7	1	U-01	aegypti	Ae. aegypti
A0A903V6P1	0	unassigned	aegypti	Ae. aegypti
A0A903V6Q1	1	U-01	aegypti	Ae. aegypti
A0A903V6S4	1	U-01	aegypti	Ae. aegypti
A0A903V6Z0	1	U-01	aegypti	Ae. aegypti
A0A903V6Z1	1	U-01	aegypti	Ae. aegypti
A0A903V6Z5	1	U-01	aegypti	Ae. aegypti
A0A903V6Z6	0	unassigned	aegypti	Ae. aegypti
A0A903V707	2	U-02	aegypti	Ae. aegypti
A0A903V715	2	U-02	aegypti	Ae. aegypti
A0A903V731	2	U-02	aegypti	Ae. aegypti
A0A903V733	1	U-01	aegypti	Ae. aegypti
A0A903V767	2	U-02	aegypti	Ae. aegypti
A0A903V7A0	0	unassigned	aegypti	Ae. aegypti
A0A903V7A4	1	U-01	aegypti	Ae. aegypti
A0A903V7F1	2	U-02	aegypti	Ae. aegypti
A0A903V7F2	1	U-01	aegypti	Ae. aegypti
A0A903V7F7	1	U-01	aegypti	Ae. aegypti
A0A903V7H2	2	U-02	aegypti	Ae. aegypti
A0A903V7P3	2	U-02	aegypti	Ae. aegypti
A0A903V7P7	1	U-01	aegypti	Ae. aegypti
A0A903V7P8	1	U-01	aegypti	Ae. aegypti
A0A903V808	1	U-01	aegypti	Ae. aegypti
A0A903V832	1	U-01	aegypti	Ae. aegypti
A0A903V838	2	U-02	aegypti	Ae. aegypti
A0A903V880	2	U-02	aegypti	Ae. aegypti
A0A903V8B8	1	U-01	aegypti	Ae. aegypti
A0A903V8C2	1	U-01	aegypti	Ae. aegypti
A0A903V8D5	1	U-01	aegypti	Ae. aegypti
A0A903V8J9	1	U-01	aegypti	Ae. aegypti
A0A903V8K2	1	U-01	aegypti	Ae. aegypti
A0A903V8L2	1	U-01	aegypti	Ae. aegypti
A0A903V8R5	1	U-01	aegypti	Ae. aegypti
A0A903V8T9	1	U-01	aegypti	Ae. aegypti
A0A903V8V4	1	U-01	aegypti	Ae. aegypti
A0A903V8W1	1	U-01	aegypti	Ae. aegypti
A0A903V8X1	2	U-02	aegypti	Ae. aegypti
A0A903V8X3	0	unassigned	aegypti	Ae. aegypti
A0A903V900	1	U-01	aegypti	Ae. aegypti
A0A903V913	1	U-01	aegypti	Ae. aegypti
A0A903V963	1	U-01	aegypti	Ae. aegypti
A0A903V976	1	U-01	aegypti	Ae. aegypti
A0A903V978	1	U-01	aegypti	Ae. aegypti
A0A903V9A2	1	U-01	aegypti	Ae. aegypti
A0A903V9E7	1	U-01	aegypti	Ae. aegypti
A0A903V9F8	2	U-02	aegypti	Ae. aegypti
A0A903V9H0	2	U-02	aegypti	Ae. aegypti
A0A903V9L5	1	U-01	aegypti	Ae. aegypti
A0A903V9P6	1	U-01	aegypti	Ae. aegypti
A0A903V9T8	1	U-01	aegypti	Ae. aegypti
A0A903V9V4	0	unassigned	aegypti	Ae. aegypti
A0A903V9V9	1	U-01	aegypti	Ae. aegypti
A0A903V9W1	1	U-01	aegypti	Ae. aegypti
A0A903V9W4	2	U-02	aegypti	Ae. aegypti
A0A903V9W6	1	U-01	aegypti	Ae. aegypti
A0A903VA13	1	U-01	aegypti	Ae. aegypti
A0A903VA37	0	unassigned	aegypti	Ae. aegypti
A0A903VAC5	0	unassigned	aegypti	Ae. aegypti
A0A903VAD1	0	unassigned	aegypti	Ae. aegypti
A0A903VAD4	0	unassigned	aegypti	Ae. aegypti
A0A903VAE0	1	U-01	aegypti	Ae. aegypti
A0A903VAG4	0	unassigned	aegypti	Ae. aegypti
A0A903VAG7	1	U-01	aegypti	Ae. aegypti
A0A903VAJ4	0	unassigned	aegypti	Ae. aegypti
A0A903VAK2	1	U-01	aegypti	Ae. aegypti
A0A903VAK7	1	U-01	aegypti	Ae. aegypti
A0A903VAL5	1	U-01	aegypti	Ae. aegypti
A0A903VAL6	1	U-01	aegypti	Ae. aegypti
A0A903VAM0	1	U-01	aegypti	Ae. aegypti
A0A903VAM2	1	U-01	aegypti	Ae. aegypti
A0A903VAM7	2	U-02	aegypti	Ae. aegypti
A0A903VAQ0	1	U-01	aegypti	Ae. aegypti
A0A903VAR1	1	U-01	aegypti	Ae. aegypti
A0A903VAT3	1	U-01	aegypti	Ae. aegypti
A0A903VAU4	0	unassigned	aegypti	Ae. aegypti
A0A903VAU8	1	U-01	aegypti	Ae. aegypti
A0A903VAV7	1	U-01	aegypti	Ae. aegypti
A0A903VAY3	1	U-01	aegypti	Ae. aegypti
A0A903VAZ3	2	U-02	aegypti	Ae. aegypti
A0A903VAZ7	2	U-02	aegypti	Ae. aegypti
A0A903VB39	1	U-01	aegypti	Ae. aegypti
A0A903VB67	1	U-01	aegypti	Ae. aegypti
A0A903VB87	1	U-01	aegypti	Ae. aegypti
A0A903VBB1	1	U-01	aegypti	Ae. aegypti
A0A903VBE3	2	U-02	aegypti	Ae. aegypti
A0A903VBL0	1	U-01	aegypti	Ae. aegypti
A0A903VBS6	1	U-01	aegypti	Ae. aegypti
A0A903VBU3	2	U-02	aegypti	Ae. aegypti
A0A903VBW4	1	U-01	aegypti	Ae. aegypti
A0A903VBW7	1	U-01	aegypti	Ae. aegypti
A0A903VBY4	1	U-01	aegypti	Ae. aegypti
Q17IR6	1	U-01	aegypti	Ae. aegypti
Q17IS2	1	U-01	aegypti	Ae. aegypti
Q17J64	2	U-02	aegypti	Ae. aegypti
Q17JE4	1	U-01	aegypti	Ae. aegypti
Q17JX8	1	U-01	aegypti	Ae. aegypti
Q17K27	1	U-01	aegypti	Ae. aegypti
Q17KS4	1	U-01	aegypti	Ae. aegypti
Q17KS5	1	U-01	aegypti	Ae. aegypti
Q17KW5	2	U-02	aegypti	Ae. aegypti
Q17KZ8	1	U-01	aegypti	Ae. aegypti
Q17L24	1	U-01	aegypti	Ae. aegypti
Q17L94	1	U-01	aegypti	Ae. aegypti
Q17LN4	1	U-01	aegypti	Ae. aegypti
Q17LW0	1	U-01	aegypti	Ae. aegypti
Q17LY0	1	U-01	aegypti	Ae. aegypti
Q17M10	1	U-01	aegypti	Ae. aegypti
Q17M50	1	U-01	aegypti	Ae. aegypti
Q17M80	1	U-01	aegypti	Ae. aegypti
Q17ME6	1	U-01	aegypti	Ae. aegypti
Q17MG8	1	U-01	aegypti	Ae. aegypti
Q17ML5	1	U-01	aegypti	Ae. aegypti
Q17MZ6	1	U-01	aegypti	Ae. aegypti
Q17N24	2	U-02	aegypti	Ae. aegypti
Q17N69	1	U-01	aegypti	Ae. aegypti
Q17N85	1	U-01	aegypti	Ae. aegypti
Q17NA9	1	U-01	aegypti	Ae. aegypti
Q17NH0	1	U-01	aegypti	Ae. aegypti
Q17NJ8	1	U-01	aegypti	Ae. aegypti
Q17NM3	1	U-01	aegypti	Ae. aegypti
Q17NM7	1	U-01	aegypti	Ae. aegypti
Q17NR1	2	U-02	aegypti	Ae. aegypti
Q17NS5	1	U-01	aegypti	Ae. aegypti
Q17NX6	0	unassigned	aegypti	Ae. aegypti
Q17NY6	1	U-01	aegypti	Ae. aegypti
Q17PR3	1	U-01	aegypti	Ae. aegypti
Q17PW7	1	U-01	aegypti	Ae. aegypti
Q17PZ6	1	U-01	aegypti	Ae. aegypti
Q17Q06	1	U-01	aegypti	Ae. aegypti
Q17Q32	2	U-02	aegypti	Ae. aegypti
Q17Q71	1	U-01	aegypti	Ae. aegypti
Q1DGL5	1	U-01	aegypti	Ae. aegypti
Q1DGL6	1	U-01	aegypti	Ae. aegypti
Q1HQF2	1	U-01	aegypti	Ae. aegypti
Q1HQK0	1	U-01	aegypti	Ae. aegypti
Q1HQN4	1	U-01	aegypti	Ae. aegypti
Q1HR47	1	U-01	aegypti	Ae. aegypti
Q1HRV8	1	U-01	aegypti	Ae. aegypti
Q6A2E2	2	U-02	aegypti	Ae. aegypti
Q8MP00	2	U-02	aegypti	Ae. aegypti
Q8T9T4	2	U-02	aegypti	Ae. aegypti
Q8WQL0	1	U-01	aegypti	Ae. aegypti
Q95P51	1	U-01	aegypti	Ae. aegypti
Q9NHW7	1	U-01	aegypti	Ae. aegypti
A0A023PMT2	2	U-02	aegypti	Ae. aegypti
A0A1S4EUN3	1	U-01	aegypti	Ae. aegypti
A0A1S4EUN4	1	U-01	aegypti	Ae. aegypti
A0A1S4EUQ1	1	U-01	aegypti	Ae. aegypti
A0A1S4EUR2	2	U-02	aegypti	Ae. aegypti
A0A1S4EUS8	1	U-01	aegypti	Ae. aegypti
A0A1S4EUS9	1	U-01	aegypti	Ae. aegypti
A0A1S4EUT2	1	U-01	aegypti	Ae. aegypti
A0A1S4EUW4	2	U-02	aegypti	Ae. aegypti
A0A1S4EUX1	0	unassigned	aegypti	Ae. aegypti
A0A1S4EUY3	1	U-01	aegypti	Ae. aegypti
A0A1S4EUZ6	1	U-01	aegypti	Ae. aegypti
A0A1S4EV05	1	U-01	aegypti	Ae. aegypti
A0A6I8TNS0	0	unassigned	aegypti	Ae. aegypti
A0A6I8TNS1	1	U-01	aegypti	Ae. aegypti
A0A6I8TNS7	0	unassigned	aegypti	Ae. aegypti
A0A6I8TNS8	1	U-01	aegypti	Ae. aegypti
A0A6I8TNT0	1	U-01	aegypti	Ae. aegypti
A0A6I8TNT3	2	U-02	aegypti	Ae. aegypti
A0A6I8TNT7	2	U-02	aegypti	Ae. aegypti
A0A6I8TNT9	1	U-01	aegypti	Ae. aegypti
A0A6I8TNU6	1	U-01	aegypti	Ae. aegypti
A0A6I8TNU7	1	U-01	aegypti	Ae. aegypti
A0A6I8TNU8	1	U-01	aegypti	Ae. aegypti
A0A6I8TNV2	2	U-02	aegypti	Ae. aegypti
A0A6I8TNV9	2	U-02	aegypti	Ae. aegypti
A0A6I8TNW1	1	U-01	aegypti	Ae. aegypti
A0A6I8TNW6	1	U-01	aegypti	Ae. aegypti
A0A6I8TNX0	1	U-01	aegypti	Ae. aegypti
A0A6I8TNX4	1	U-01	aegypti	Ae. aegypti
A0A6I8TNX5	1	U-01	aegypti	Ae. aegypti
A0A6I8TNX7	1	U-01	aegypti	Ae. aegypti
A0A6I8TNY1	1	U-01	aegypti	Ae. aegypti
A0A6I8TNY4	1	U-01	aegypti	Ae. aegypti
A0A6I8TNY7	1	U-01	aegypti	Ae. aegypti
A0A6I8TNZ0	1	U-01	aegypti	Ae. aegypti
A0A6I8TNZ1	1	U-01	aegypti	Ae. aegypti
A0A6I8TNZ4	2	U-02	aegypti	Ae. aegypti
A0A6I8TNZ5	2	U-02	aegypti	Ae. aegypti
A0A6I8TNZ6	1	U-01	aegypti	Ae. aegypti
A0A6I8TNZ7	0	unassigned	aegypti	Ae. aegypti
A0A6I8TNZ9	1	U-01	aegypti	Ae. aegypti
A0A6I8TP00	1	U-01	aegypti	Ae. aegypti
A0A6I8TP01	1	U-01	aegypti	Ae. aegypti
A0A6I8TP06	1	U-01	aegypti	Ae. aegypti
A0A6I8TP07	1	U-01	aegypti	Ae. aegypti
A0A6I8TP12	2	U-02	aegypti	Ae. aegypti
A0A6I8TP13	2	U-02	aegypti	Ae. aegypti
A0A6I8TP15	2	U-02	aegypti	Ae. aegypti
A0A6I8TP20	1	U-01	aegypti	Ae. aegypti
A0A6I8TP21	1	U-01	aegypti	Ae. aegypti
A0A6I8TP23	1	U-01	aegypti	Ae. aegypti
A0A6I8TP34	1	U-01	aegypti	Ae. aegypti
A0A6I8TP35	1	U-01	aegypti	Ae. aegypti
A0A6I8TP38	1	U-01	aegypti	Ae. aegypti
A0A6I8TP39	2	U-02	aegypti	Ae. aegypti
A0A6I8TP40	1	U-01	aegypti	Ae. aegypti
A0A6I8TP43	1	U-01	aegypti	Ae. aegypti
A0A6I8TP48	2	U-02	aegypti	Ae. aegypti
A0A6I8TP56	2	U-02	aegypti	Ae. aegypti
A0A6I8TP59	1	U-01	aegypti	Ae. aegypti
A0A6I8TP60	1	U-01	aegypti	Ae. aegypti
A0A6I8TP63	0	unassigned	aegypti	Ae. aegypti
A0A6I8TP65	1	U-01	aegypti	Ae. aegypti
A0A6I8TP71	1	U-01	aegypti	Ae. aegypti
A0A6I8TP73	1	U-01	aegypti	Ae. aegypti
A0A6I8TP74	1	U-01	aegypti	Ae. aegypti
A0A6I8TP76	1	U-01	aegypti	Ae. aegypti
A0A6I8TP79	1	U-01	aegypti	Ae. aegypti
A0A6I8TP80	1	U-01	aegypti	Ae. aegypti
A0A6I8TP81	1	U-01	aegypti	Ae. aegypti
A0A6I8TP83	1	U-01	aegypti	Ae. aegypti
A0A6I8TP88	1	U-01	aegypti	Ae. aegypti
A0A6I8TP89	2	U-02	aegypti	Ae. aegypti
A0A6I8TP91	2	U-02	aegypti	Ae. aegypti
A0A6I8TP93	2	U-02	aegypti	Ae. aegypti
A0A6I8TP98	1	U-01	aegypti	Ae. aegypti
A0A6I8TPA0	1	U-01	aegypti	Ae. aegypti
A0A6I8TPA3	1	U-01	aegypti	Ae. aegypti
A0A6I8TPA7	1	U-01	aegypti	Ae. aegypti
A0A6I8TPA9	1	U-01	aegypti	Ae. aegypti
A0A6I8TPB0	1	U-01	aegypti	Ae. aegypti
A0A6I8TPB3	1	U-01	aegypti	Ae. aegypti
A0A6I8TPB4	2	U-02	aegypti	Ae. aegypti
A0A6I8TPB8	1	U-01	aegypti	Ae. aegypti
A0A6I8TPC3	1	U-01	aegypti	Ae. aegypti
A0A6I8TPC4	1	U-01	aegypti	Ae. aegypti
A0A6I8TPC7	1	U-01	aegypti	Ae. aegypti
A0A6I8TPC8	0	unassigned	aegypti	Ae. aegypti
A0A6I8TPD2	1	U-01	aegypti	Ae. aegypti
A0A6I8TPD3	1	U-01	aegypti	Ae. aegypti
A0A6I8TPD8	2	U-02	aegypti	Ae. aegypti
A0A6I8TPD9	1	U-01	aegypti	Ae. aegypti
A0A6I8TPE6	1	U-01	aegypti	Ae. aegypti
A0A6I8TPE7	1	U-01	aegypti	Ae. aegypti
A0A6I8TPF1	1	U-01	aegypti	Ae. aegypti
A0A6I8TPG0	0	unassigned	aegypti	Ae. aegypti
A0A6I8TPG3	1	U-01	aegypti	Ae. aegypti
A0A6I8TPG6	1	U-01	aegypti	Ae. aegypti
A0A6I8TPG7	1	U-01	aegypti	Ae. aegypti
A0A6I8TPG9	1	U-01	aegypti	Ae. aegypti
A0A6I8TPH4	0	unassigned	aegypti	Ae. aegypti
A0A6I8TPH9	1	U-01	aegypti	Ae. aegypti
A0A6I8TPI0	1	U-01	aegypti	Ae. aegypti
A0A6I8TPI2	1	U-01	aegypti	Ae. aegypti
A0A6I8TPI9	1	U-01	aegypti	Ae. aegypti
A0A6I8TPJ0	1	U-01	aegypti	Ae. aegypti
A0A6I8TPJ3	1	U-01	aegypti	Ae. aegypti
A0A6I8TPJ4	1	U-01	aegypti	Ae. aegypti
A0A6I8TPJ8	1	U-01	aegypti	Ae. aegypti
A0A6I8TPK1	0	unassigned	aegypti	Ae. aegypti
A0A6I8TPK4	1	U-01	aegypti	Ae. aegypti
A0A6I8TPK5	0	unassigned	aegypti	Ae. aegypti
A0A6I8TPK6	2	U-02	aegypti	Ae. aegypti
A0A6I8TPK7	1	U-01	aegypti	Ae. aegypti
A0A6I8TPK8	1	U-01	aegypti	Ae. aegypti
A0A6I8TPK9	2	U-02	aegypti	Ae. aegypti
A0A6I8TPL5	1	U-01	aegypti	Ae. aegypti
A0A6I8TPL6	1	U-01	aegypti	Ae. aegypti
A0A6I8TPN0	1	U-01	aegypti	Ae. aegypti
A0A6I8TPN2	2	U-02	aegypti	Ae. aegypti
A0A6I8TPN3	0	unassigned	aegypti	Ae. aegypti
A0A6I8TPN6	2	U-02	aegypti	Ae. aegypti
A0A6I8TPN7	1	U-01	aegypti	Ae. aegypti
A0A6I8TPN8	1	U-01	aegypti	Ae. aegypti
A0A6I8TPQ1	2	U-02	aegypti	Ae. aegypti
A0A6I8TPQ2	1	U-01	aegypti	Ae. aegypti
A0A6I8TPQ6	2	U-02	aegypti	Ae. aegypti
A0A6I8TPQ8	1	U-01	aegypti	Ae. aegypti
A0A6I8TPR2	1	U-01	aegypti	Ae. aegypti
A0A6I8TPR4	1	U-01	aegypti	Ae. aegypti
A0A6I8TPR5	2	U-02	aegypti	Ae. aegypti
A0A6I8TPS0	1	U-01	aegypti	Ae. aegypti
A0A6I8TPS1	0	unassigned	aegypti	Ae. aegypti
A0A6I8T399	1	U-01	aegypti	Ae. aegypti
A0A6I8T3A0	2	U-02	aegypti	Ae. aegypti
A0A6I8T3A2	1	U-01	aegypti	Ae. aegypti
A0A6I8T3A6	1	U-01	aegypti	Ae. aegypti
A0A6I8T3A7	1	U-01	aegypti	Ae. aegypti
A0A6I8T3B0	0	unassigned	aegypti	Ae. aegypti
A0A6I8T3B6	1	U-01	aegypti	Ae. aegypti
A0A6I8T3C0	1	U-01	aegypti	Ae. aegypti
A0A6I8T3C6	1	U-01	aegypti	Ae. aegypti
A0A6I8T3C7	1	U-01	aegypti	Ae. aegypti
A0A6I8T3C8	1	U-01	aegypti	Ae. aegypti
A0A6I8T3D9	1	U-01	aegypti	Ae. aegypti
A0A6I8T3E0	2	U-02	aegypti	Ae. aegypti
A0A6I8T3E1	2	U-02	aegypti	Ae. aegypti
A0A6I8T3E2	1	U-01	aegypti	Ae. aegypti
A0A6I8T3E4	2	U-02	aegypti	Ae. aegypti
A0A6I8T3E8	1	U-01	aegypti	Ae. aegypti
A0A6I8T3F6	1	U-01	aegypti	Ae. aegypti
A0A6I8T3F8	1	U-01	aegypti	Ae. aegypti
A0A6I8T3G4	1	U-01	aegypti	Ae. aegypti
A0A6I8T3H2	1	U-01	aegypti	Ae. aegypti
A0A6I8T3H3	0	unassigned	aegypti	Ae. aegypti
A0A6I8T3H5	1	U-01	aegypti	Ae. aegypti
A0A6I8T3H8	1	U-01	aegypti	Ae. aegypti
A0A6I8T3H9	0	unassigned	aegypti	Ae. aegypti
A0A6I8T3I2	1	U-01	aegypti	Ae. aegypti
A0A6I8T3I5	0	unassigned	aegypti	Ae. aegypti
A0A6I8T3I8	1	U-01	aegypti	Ae. aegypti
A0A6I8T3J2	1	U-01	aegypti	Ae. aegypti
A0A6I8T3J4	1	U-01	aegypti	Ae. aegypti
A0A6I8T3K4	1	U-01	aegypti	Ae. aegypti
A0A6I8T3L3	2	U-02	aegypti	Ae. aegypti
A0A6I8T3L4	2	U-02	aegypti	Ae. aegypti
A0A6I8T3L9	1	U-01	aegypti	Ae. aegypti
A0A6I8T3M1	1	U-01	aegypti	Ae. aegypti
A0A6I8T3M7	2	U-02	aegypti	Ae. aegypti
A0A6I8T3M9	1	U-01	aegypti	Ae. aegypti
A0A6I8T3N3	1	U-01	aegypti	Ae. aegypti
A0A6I8T3N4	2	U-02	aegypti	Ae. aegypti
A0A6I8T3N6	1	U-01	aegypti	Ae. aegypti
A0A6I8T3N7	2	U-02	aegypti	Ae. aegypti
A0A6I8T3P0	1	U-01	aegypti	Ae. aegypti
A0A6I8T3P4	2	U-02	aegypti	Ae. aegypti
A0A6I8T3P6	1	U-01	aegypti	Ae. aegypti
A0A6I8T3Q0	1	U-01	aegypti	Ae. aegypti
A0A6I8T3Q2	1	U-01	aegypti	Ae. aegypti
A0A6I8T3R7	1	U-01	aegypti	Ae. aegypti
A0A6I8T3R8	1	U-01	aegypti	Ae. aegypti
A0A6I8T3S3	2	U-02	aegypti	Ae. aegypti
A0A6I8T3S7	2	U-02	aegypti	Ae. aegypti
A0A6I8T3T1	2	U-02	aegypti	Ae. aegypti
A0A6I8T3T4	2	U-02	aegypti	Ae. aegypti
A0A6I8T3T6	1	U-01	aegypti	Ae. aegypti
A0A6I8T3U0	2	U-02	aegypti	Ae. aegypti
A0A6I8T3U2	1	U-01	aegypti	Ae. aegypti
A0A6I8T3U5	1	U-01	aegypti	Ae. aegypti
A0A6I8T3U7	1	U-01	aegypti	Ae. aegypti
A0A6I8T3U9	1	U-01	aegypti	Ae. aegypti
A0A6I8T3V2	1	U-01	aegypti	Ae. aegypti
A0A6I8T3V5	1	U-01	aegypti	Ae. aegypti
A0A6I8T3V9	2	U-02	aegypti	Ae. aegypti
A0A6I8T3W3	2	U-02	aegypti	Ae. aegypti
A0A6I8T3W6	2	U-02	aegypti	Ae. aegypti
A0A6I8T3W7	1	U-01	aegypti	Ae. aegypti
A0A6I8T3X0	1	U-01	aegypti	Ae. aegypti
A0A6I8T3X1	1	U-01	aegypti	Ae. aegypti
A0A6I8T3X7	1	U-01	aegypti	Ae. aegypti
A0A6I8T3Y5	1	U-01	aegypti	Ae. aegypti
A0A6I8T3Z6	1	U-01	aegypti	Ae. aegypti
A0A6I8T3Z9	1	U-01	aegypti	Ae. aegypti
A0A6I8T402	1	U-01	aegypti	Ae. aegypti
A0A6I8T403	1	U-01	aegypti	Ae. aegypti
A0A6I8T406	1	U-01	aegypti	Ae. aegypti
A0A6I8T408	1	U-01	aegypti	Ae. aegypti
A0A6I8T412	2	U-02	aegypti	Ae. aegypti
A0A6I8T425	2	U-02	aegypti	Ae. aegypti
A0A6I8T427	2	U-02	aegypti	Ae. aegypti
A0A6I8T430	1	U-01	aegypti	Ae. aegypti
A0A6I8T435	1	U-01	aegypti	Ae. aegypti
A0A6I8T448	1	U-01	aegypti	Ae. aegypti
A0A6I8T459	1	U-01	aegypti	Ae. aegypti
A0A6I8T460	1	U-01	aegypti	Ae. aegypti
A0A6I8T463	2	U-02	aegypti	Ae. aegypti
A0A6I8T465	1	U-01	aegypti	Ae. aegypti
A0A6I8T469	1	U-01	aegypti	Ae. aegypti
A0A6I8T475	0	unassigned	aegypti	Ae. aegypti
A0A6I8T477	1	U-01	aegypti	Ae. aegypti
A0A6I8T478	2	U-02	aegypti	Ae. aegypti
A0A6I8T479	1	U-01	aegypti	Ae. aegypti
A0A6I8T481	1	U-01	aegypti	Ae. aegypti
A0A6I8T482	1	U-01	aegypti	Ae. aegypti
A0A6I8T483	2	U-02	aegypti	Ae. aegypti
A0A6I8TCD2	1	U-01	aegypti	Ae. aegypti
A0A6I8TCD3	1	U-01	aegypti	Ae. aegypti
A0A6I8TCD4	1	U-01	aegypti	Ae. aegypti
A0A6I8TCD8	1	U-01	aegypti	Ae. aegypti
A0A6I8TCE3	2	U-02	aegypti	Ae. aegypti
A0A6I8TCE6	1	U-01	aegypti	Ae. aegypti
A0A6I8TCE7	2	U-02	aegypti	Ae. aegypti
A0A6I8TCE8	1	U-01	aegypti	Ae. aegypti
A0A6I8TCF3	1	U-01	aegypti	Ae. aegypti
A0A6I8TCF8	1	U-01	aegypti	Ae. aegypti
A0A6I8TCG6	1	U-01	aegypti	Ae. aegypti
A0A6I8TCG8	2	U-02	aegypti	Ae. aegypti
A0A6I8TCG9	1	U-01	aegypti	Ae. aegypti
A0A6I8TCH3	2	U-02	aegypti	Ae. aegypti
A0A6I8TCH4	1	U-01	aegypti	Ae. aegypti
A0A6I8TCH8	1	U-01	aegypti	Ae. aegypti
A0A6I8TCH9	1	U-01	aegypti	Ae. aegypti
A0A6I8TCI4	1	U-01	aegypti	Ae. aegypti
A0A6I8TCJ1	2	U-02	aegypti	Ae. aegypti
A0A6I8TCJ2	1	U-01	aegypti	Ae. aegypti
A0A6I8TCJ7	1	U-01	aegypti	Ae. aegypti
A0A6I8TCJ8	2	U-02	aegypti	Ae. aegypti
A0A6I8TCJ9	2	U-02	aegypti	Ae. aegypti
A0A6I8TCK1	1	U-01	aegypti	Ae. aegypti
A0A6I8TCK9	1	U-01	aegypti	Ae. aegypti
A0A6I8TCL1	1	U-01	aegypti	Ae. aegypti
A0A6I8TCL6	0	unassigned	aegypti	Ae. aegypti
A0A6I8TCL9	1	U-01	aegypti	Ae. aegypti
A0A6I8TCM0	1	U-01	aegypti	Ae. aegypti
A0A6I8TCM3	1	U-01	aegypti	Ae. aegypti
A0A6I8TCM5	2	U-02	aegypti	Ae. aegypti
A0A6I8TCN3	1	U-01	aegypti	Ae. aegypti
A0A6I8TCN5	1	U-01	aegypti	Ae. aegypti
A0A6I8TCN6	1	U-01	aegypti	Ae. aegypti
A0A6I8TCN7	1	U-01	aegypti	Ae. aegypti
A0A6I8TCP2	1	U-01	aegypti	Ae. aegypti
A0A6I8TCP9	1	U-01	aegypti	Ae. aegypti
A0A6I8TCQ2	2	U-02	aegypti	Ae. aegypti
A0A6I8TCQ3	1	U-01	aegypti	Ae. aegypti
A0A6I8TCR0	1	U-01	aegypti	Ae. aegypti
A0A6I8TCR1	1	U-01	aegypti	Ae. aegypti
A0A6I8TCR6	1	U-01	aegypti	Ae. aegypti
A0A6I8TCR8	1	U-01	aegypti	Ae. aegypti
A0A6I8TCS1	0	unassigned	aegypti	Ae. aegypti
A0A6I8TCS3	2	U-02	aegypti	Ae. aegypti
A0A6I8TCS5	1	U-01	aegypti	Ae. aegypti
A0A6I8TCS8	1	U-01	aegypti	Ae. aegypti
A0A6I8TCS9	2	U-02	aegypti	Ae. aegypti
A0A6I8TCT1	1	U-01	aegypti	Ae. aegypti
A0A6I8TCT2	1	U-01	aegypti	Ae. aegypti
A0A6I8TCT6	1	U-01	aegypti	Ae. aegypti
A0A6I8TCT8	1	U-01	aegypti	Ae. aegypti
A0A6I8TCU2	0	unassigned	aegypti	Ae. aegypti
A0A6I8TCV0	2	U-02	aegypti	Ae. aegypti
A0A6I8TCV4	1	U-01	aegypti	Ae. aegypti
A0A6I8TCV5	1	U-01	aegypti	Ae. aegypti
A0A6I8TCV7	1	U-01	aegypti	Ae. aegypti
A0A6I8TCW0	1	U-01	aegypti	Ae. aegypti
A0A6I8TCW3	1	U-01	aegypti	Ae. aegypti
A0A6I8TCW4	2	U-02	aegypti	Ae. aegypti
A0A6I8TCW8	1	U-01	aegypti	Ae. aegypti
A0A6I8TCX0	1	U-01	aegypti	Ae. aegypti
A0A6I8TCX1	1	U-01	aegypti	Ae. aegypti
A0A6I8TCX3	2	U-02	aegypti	Ae. aegypti
A0A6I8TCY1	1	U-01	aegypti	Ae. aegypti
A0A6I8TCY2	1	U-01	aegypti	Ae. aegypti
A0A6I8TCY9	1	U-01	aegypti	Ae. aegypti
A0A6I8TCZ0	1	U-01	aegypti	Ae. aegypti
A0A6I8TCZ5	1	U-01	aegypti	Ae. aegypti
A0A6I8TCZ9	1	U-01	aegypti	Ae. aegypti
A0A6I8TD00	1	U-01	aegypti	Ae. aegypti
A0A6I8TD01	1	U-01	aegypti	Ae. aegypti
A0A6I8TD04	1	U-01	aegypti	Ae. aegypti
A0A6I8TD08	1	U-01	aegypti	Ae. aegypti
A0A6I8TD11	1	U-01	aegypti	Ae. aegypti
A0A6I8TD14	2	U-02	aegypti	Ae. aegypti
A0A6I8TD19	2	U-02	aegypti	Ae. aegypti
A0A6I8TD21	1	U-01	aegypti	Ae. aegypti
A0A6I8TD22	2	U-02	aegypti	Ae. aegypti
A0A6I8TD23	1	U-01	aegypti	Ae. aegypti
A0A6I8TD25	1	U-01	aegypti	Ae. aegypti
A0A6I8TD26	2	U-02	aegypti	Ae. aegypti
A0A6I8TD27	1	U-01	aegypti	Ae. aegypti
A0A6I8TD33	2	U-02	aegypti	Ae. aegypti
A0A6I8TD37	1	U-01	aegypti	Ae. aegypti
A0A6I8TD39	1	U-01	aegypti	Ae. aegypti
A0A6I8TD45	2	U-02	aegypti	Ae. aegypti
Q17CV6	1	U-01	aegypti	Ae. aegypti
Q17CV7	1	U-01	aegypti	Ae. aegypti
Q17D00	2	U-02	aegypti	Ae. aegypti
Q17D30	1	U-01	aegypti	Ae. aegypti
Q17D32	2	U-02	aegypti	Ae. aegypti
Q17D33	1	U-01	aegypti	Ae. aegypti
Q17D36	2	U-02	aegypti	Ae. aegypti
Q17D59	1	U-01	aegypti	Ae. aegypti
Q17D62	1	U-01	aegypti	Ae. aegypti
Q17D71	1	U-01	aegypti	Ae. aegypti
Q17D83	0	unassigned	aegypti	Ae. aegypti
Q17D88	1	U-01	aegypti	Ae. aegypti
Q17D89	1	U-01	aegypti	Ae. aegypti
Q17D91	1	U-01	aegypti	Ae. aegypti
Q17D95	1	U-01	aegypti	Ae. aegypti
Q17D98	1	U-01	aegypti	Ae. aegypti
Q17DA3	1	U-01	aegypti	Ae. aegypti
Q17DC6	1	U-01	aegypti	Ae. aegypti
Q17DC9	1	U-01	aegypti	Ae. aegypti
Q17DE3	1	U-01	aegypti	Ae. aegypti
Q17DE6	1	U-01	aegypti	Ae. aegypti
Q17DF2	1	U-01	aegypti	Ae. aegypti
Q17DG0	1	U-01	aegypti	Ae. aegypti
Q17DH0	1	U-01	aegypti	Ae. aegypti
Q17DI7	1	U-01	aegypti	Ae. aegypti
Q17DJ1	1	U-01	aegypti	Ae. aegypti
Q17DJ3	1	U-01	aegypti	Ae. aegypti
Q17DJ4	1	U-01	aegypti	Ae. aegypti
Q17DK2	1	U-01	aegypti	Ae. aegypti
Q17DK4	1	U-01	aegypti	Ae. aegypti
Q17DK6	1	U-01	aegypti	Ae. aegypti
Q17DM0	2	U-02	aegypti	Ae. aegypti
Q17DM1	2	U-02	aegypti	Ae. aegypti
Q17DP2	1	U-01	aegypti	Ae. aegypti
Q17DS4	1	U-01	aegypti	Ae. aegypti
Q17DT0	1	U-01	aegypti	Ae. aegypti
Q17DT3	1	U-01	aegypti	Ae. aegypti
Q17DU6	1	U-01	aegypti	Ae. aegypti
Q17DV3	1	U-01	aegypti	Ae. aegypti
Q17DV9	2	U-02	aegypti	Ae. aegypti
Q17DW1	2	U-02	aegypti	Ae. aegypti
Q17DX2	0	unassigned	aegypti	Ae. aegypti
Q17DX3	1	U-01	aegypti	Ae. aegypti
Q17DX4	1	U-01	aegypti	Ae. aegypti
Q17DY2	1	U-01	aegypti	Ae. aegypti
Q17DZ2	0	unassigned	aegypti	Ae. aegypti
Q17E09	1	U-01	aegypti	Ae. aegypti
Q17E10	1	U-01	aegypti	Ae. aegypti
Q17E22	1	U-01	aegypti	Ae. aegypti
Q17E26	1	U-01	aegypti	Ae. aegypti
Q17E28	1	U-01	aegypti	Ae. aegypti
Q17E29	1	U-01	aegypti	Ae. aegypti
Q17E46	1	U-01	aegypti	Ae. aegypti
Q17E47	1	U-01	aegypti	Ae. aegypti
Q17E67	1	U-01	aegypti	Ae. aegypti
Q17E72	1	U-01	aegypti	Ae. aegypti
Q17E81	1	U-01	aegypti	Ae. aegypti
Q17E82	1	U-01	aegypti	Ae. aegypti
Q17E84	1	U-01	aegypti	Ae. aegypti
Q17E91	1	U-01	aegypti	Ae. aegypti
Q17EA3	1	U-01	aegypti	Ae. aegypti
Q17ED1	1	U-01	aegypti	Ae. aegypti
Q17ED3	1	U-01	aegypti	Ae. aegypti
Q17EH5	1	U-01	aegypti	Ae. aegypti
Q17EH6	1	U-01	aegypti	Ae. aegypti
Q17EJ1	1	U-01	aegypti	Ae. aegypti
Q17EN4	1	U-01	aegypti	Ae. aegypti
Q17EQ1	1	U-01	aegypti	Ae. aegypti
Q17EQ5	1	U-01	aegypti	Ae. aegypti
Q17ER2	1	U-01	aegypti	Ae. aegypti
Q17ER3	1	U-01	aegypti	Ae. aegypti
Q17ES2	1	U-01	aegypti	Ae. aegypti
Q17EU6	1	U-01	aegypti	Ae. aegypti
Q17EV4	1	U-01	aegypti	Ae. aegypti
Q17EW3	1	U-01	aegypti	Ae. aegypti
Q17EY1	0	unassigned	aegypti	Ae. aegypti
Q17F22	1	U-01	aegypti	Ae. aegypti
Q17F23	1	U-01	aegypti	Ae. aegypti
Q17F44	1	U-01	aegypti	Ae. aegypti
Q17F50	1	U-01	aegypti	Ae. aegypti
Q17F60	1	U-01	aegypti	Ae. aegypti
Q17F62	1	U-01	aegypti	Ae. aegypti
Q17F70	1	U-01	aegypti	Ae. aegypti
Q17F78	1	U-01	aegypti	Ae. aegypti
Q17FA3	1	U-01	aegypti	Ae. aegypti
Q17FB0	1	U-01	aegypti	Ae. aegypti
Q17FB6	1	U-01	aegypti	Ae. aegypti
Q17FB8	2	U-02	aegypti	Ae. aegypti
Q17FD3	1	U-01	aegypti	Ae. aegypti
Q17FD7	1	U-01	aegypti	Ae. aegypti
Q17FE2	1	U-01	aegypti	Ae. aegypti
Q17FE3	1	U-01	aegypti	Ae. aegypti
Q17FF1	1	U-01	aegypti	Ae. aegypti
Q17FF2	1	U-01	aegypti	Ae. aegypti
Q17FF4	1	U-01	aegypti	Ae. aegypti
Q17FH6	1	U-01	aegypti	Ae. aegypti
Q17FH9	1	U-01	aegypti	Ae. aegypti
Q17FI8	1	U-01	aegypti	Ae. aegypti
Q17FJ6	1	U-01	aegypti	Ae. aegypti
Q17FK0	1	U-01	aegypti	Ae. aegypti
Q17FK9	1	U-01	aegypti	Ae. aegypti
Q17FL5	1	U-01	aegypti	Ae. aegypti
Q17FM2	1	U-01	aegypti	Ae. aegypti
Q17FM5	1	U-01	aegypti	Ae. aegypti
Q17FQ0	0	unassigned	aegypti	Ae. aegypti
Q17FR9	1	U-01	aegypti	Ae. aegypti
Q17FT2	1	U-01	aegypti	Ae. aegypti
Q17FY5	1	U-01	aegypti	Ae. aegypti
Q17FZ4	1	U-01	aegypti	Ae. aegypti
Q17FZ7	1	U-01	aegypti	Ae. aegypti
Q17G40	2	U-02	aegypti	Ae. aegypti
Q17G41	2	U-02	aegypti	Ae. aegypti
Q17G43	2	U-02	aegypti	Ae. aegypti
Q17G64	1	U-01	aegypti	Ae. aegypti
Q17G65	1	U-01	aegypti	Ae. aegypti
Q17G90	1	U-01	aegypti	Ae. aegypti
Q17G96	1	U-01	aegypti	Ae. aegypti
Q17GA0	1	U-01	aegypti	Ae. aegypti
Q17GB4	0	unassigned	aegypti	Ae. aegypti
Q17GC6	1	U-01	aegypti	Ae. aegypti
Q17GF2	1	U-01	aegypti	Ae. aegypti
Q17GH2	1	U-01	aegypti	Ae. aegypti
Q17GH9	1	U-01	aegypti	Ae. aegypti
Q17GI2	1	U-01	aegypti	Ae. aegypti
Q17GJ0	1	U-01	aegypti	Ae. aegypti
Q17GJ1	1	U-01	aegypti	Ae. aegypti
Q17GJ8	1	U-01	aegypti	Ae. aegypti
Q17GK3	1	U-01	aegypti	Ae. aegypti
Q17GK6	2	U-02	aegypti	Ae. aegypti
Q17GK7	2	U-02	aegypti	Ae. aegypti
Q17GP3	1	U-01	aegypti	Ae. aegypti
Q17GP9	1	U-01	aegypti	Ae. aegypti
Q17GR6	1	U-01	aegypti	Ae. aegypti
Q17GV8	1	U-01	aegypti	Ae. aegypti
Q17GX0	1	U-01	aegypti	Ae. aegypti
Q17GX1	1	U-01	aegypti	Ae. aegypti
Q17GX9	1	U-01	aegypti	Ae. aegypti
Q17GZ9	1	U-01	aegypti	Ae. aegypti
Q17H02	1	U-01	aegypti	Ae. aegypti
Q17H04	1	U-01	aegypti	Ae. aegypti
Q17H12	1	U-01	aegypti	Ae. aegypti
Q17H13	1	U-01	aegypti	Ae. aegypti
Q17H36	1	U-01	aegypti	Ae. aegypti
Q17H41	1	U-01	aegypti	Ae. aegypti
Q17H43	1	U-01	aegypti	Ae. aegypti
Q17H62	2	U-02	aegypti	Ae. aegypti
Q17H99	1	U-01	aegypti	Ae. aegypti
Q17HA1	0	unassigned	aegypti	Ae. aegypti
Q17HF0	1	U-01	aegypti	Ae. aegypti
Q17HG4	1	U-01	aegypti	Ae. aegypti
Q17HH4	1	U-01	aegypti	Ae. aegypti
Q17HH5	1	U-01	aegypti	Ae. aegypti
Q17HI5	2	U-02	aegypti	Ae. aegypti
Q17HI6	2	U-02	aegypti	Ae. aegypti
Q17HI8	2	U-02	aegypti	Ae. aegypti
Q17HK2	0	unassigned	aegypti	Ae. aegypti
Q17HK4	0	unassigned	aegypti	Ae. aegypti
Q17HK5	1	U-01	aegypti	Ae. aegypti
Q17HM0	0	unassigned	aegypti	Ae. aegypti
Q17HM5	0	unassigned	aegypti	Ae. aegypti
Q17HP3	2	U-02	aegypti	Ae. aegypti
Q17HP5	2	U-02	aegypti	Ae. aegypti
Q17HY2	1	U-01	aegypti	Ae. aegypti
Q17I05	1	U-01	aegypti	Ae. aegypti
Q17I25	1	U-01	aegypti	Ae. aegypti
Q17I30	2	U-02	aegypti	Ae. aegypti
Q17I34	2	U-02	aegypti	Ae. aegypti
Q17I46	1	U-01	aegypti	Ae. aegypti
Q17I54	0	unassigned	aegypti	Ae. aegypti
Q17I94	1	U-01	aegypti	Ae. aegypti
Q17I95	1	U-01	aegypti	Ae. aegypti
Q17I96	1	U-01	aegypti	Ae. aegypti
Q17I99	1	U-01	aegypti	Ae. aegypti
Q17IC3	1	U-01	aegypti	Ae. aegypti
Q17IC9	1	U-01	aegypti	Ae. aegypti
Q17ID4	1	U-01	aegypti	Ae. aegypti
Q17IE3	1	U-01	aegypti	Ae. aegypti
Q17IG9	2	U-02	aegypti	Ae. aegypti
Q17II7	1	U-01	aegypti	Ae. aegypti
Q17IJ1	1	U-01	aegypti	Ae. aegypti
Q17IM0	1	U-01	aegypti	Ae. aegypti
Q17IM1	1	U-01	aegypti	Ae. aegypti
Q17IM7	1	U-01	aegypti	Ae. aegypti
Q17IN5	1	U-01	aegypti	Ae. aegypti
Q17IP9	2	U-02	aegypti	Ae. aegypti
Q17IQ0	2	U-02	aegypti	Ae. aegypti
Q17IQ1	0	unassigned	aegypti	Ae. aegypti
Q17IQ2	0	unassigned	aegypti	Ae. aegypti
Q17IR8	1	U-01	aegypti	Ae. aegypti
Q17IU2	1	U-01	aegypti	Ae. aegypti
Q17IV3	1	U-01	aegypti	Ae. aegypti
Q17IW3	1	U-01	aegypti	Ae. aegypti
Q17J10	1	U-01	aegypti	Ae. aegypti
Q17J37	1	U-01	aegypti	Ae. aegypti
Q17J41	0	unassigned	aegypti	Ae. aegypti
Q17J46	2	U-02	aegypti	Ae. aegypti
Q17J47	1	U-01	aegypti	Ae. aegypti
Q17J51	1	U-01	aegypti	Ae. aegypti
Q17J52	1	U-01	aegypti	Ae. aegypti
Q17J58	1	U-01	aegypti	Ae. aegypti
Q17J59	1	U-01	aegypti	Ae. aegypti
Q17J61	2	U-02	aegypti	Ae. aegypti
Q17J62	1	U-01	aegypti	Ae. aegypti
Q17J88	1	U-01	aegypti	Ae. aegypti
Q17JB0	0	unassigned	aegypti	Ae. aegypti
Q17JB6	1	U-01	aegypti	Ae. aegypti
Q17JB7	1	U-01	aegypti	Ae. aegypti
Q17JC2	1	U-01	aegypti	Ae. aegypti
Q17JD8	1	U-01	aegypti	Ae. aegypti
Q17JE1	1	U-01	aegypti	Ae. aegypti
Q17JE5	1	U-01	aegypti	Ae. aegypti
Q17JE6	1	U-01	aegypti	Ae. aegypti
Q17JE8	0	unassigned	aegypti	Ae. aegypti
Q17JE9	1	U-01	aegypti	Ae. aegypti
Q17JG2	2	U-02	aegypti	Ae. aegypti
Q17JG3	1	U-01	aegypti	Ae. aegypti
Q17JK7	1	U-01	aegypti	Ae. aegypti
Q17JP1	1	U-01	aegypti	Ae. aegypti
Q17JQ7	1	U-01	aegypti	Ae. aegypti
Q17JR9	1	U-01	aegypti	Ae. aegypti
Q17JT4	1	U-01	aegypti	Ae. aegypti
Q17JV8	1	U-01	aegypti	Ae. aegypti
Q17JZ4	1	U-01	aegypti	Ae. aegypti
Q17K09	1	U-01	aegypti	Ae. aegypti
Q17K49	1	U-01	aegypti	Ae. aegypti
Q17K53	0	unassigned	aegypti	Ae. aegypti
Q17K57	1	U-01	aegypti	Ae. aegypti
Q17K60	1	U-01	aegypti	Ae. aegypti
Q17K62	1	U-01	aegypti	Ae. aegypti
Q17KA7	1	U-01	aegypti	Ae. aegypti
Q17KB4	1	U-01	aegypti	Ae. aegypti
Q17KE6	1	U-01	aegypti	Ae. aegypti
Q17KF0	1	U-01	aegypti	Ae. aegypti
Q17KG4	2	U-02	aegypti	Ae. aegypti
Q17KG6	2	U-02	aegypti	Ae. aegypti
Q17KI6	1	U-01	aegypti	Ae. aegypti
Q17KL5	1	U-01	aegypti	Ae. aegypti
Q17KM1	1	U-01	aegypti	Ae. aegypti
Q17KM2	1	U-01	aegypti	Ae. aegypti
Q17KM8	1	U-01	aegypti	Ae. aegypti
Q17KQ2	1	U-01	aegypti	Ae. aegypti
Q17KT1	1	U-01	aegypti	Ae. aegypti
Q17KT9	2	U-02	aegypti	Ae. aegypti
Q17KU7	1	U-01	aegypti	Ae. aegypti
Q17KU9	1	U-01	aegypti	Ae. aegypti
Q17KV3	1	U-01	aegypti	Ae. aegypti
Q17KY0	1	U-01	aegypti	Ae. aegypti
Q17KY9	0	unassigned	aegypti	Ae. aegypti
Q17L20	2	U-02	aegypti	Ae. aegypti
Q17L26	1	U-01	aegypti	Ae. aegypti
Q17L29	1	U-01	aegypti	Ae. aegypti
Q17L30	1	U-01	aegypti	Ae. aegypti
Q17L34	1	U-01	aegypti	Ae. aegypti
Q17L37	2	U-02	aegypti	Ae. aegypti
Q17L39	1	U-01	aegypti	Ae. aegypti
Q17L50	1	U-01	aegypti	Ae. aegypti
Q17L78	1	U-01	aegypti	Ae. aegypti
Q17L83	1	U-01	aegypti	Ae. aegypti
Q17L84	1	U-01	aegypti	Ae. aegypti
Q17L85	2	U-02	aegypti	Ae. aegypti
Q17L86	1	U-01	aegypti	Ae. aegypti
Q17L88	1	U-01	aegypti	Ae. aegypti
Q17L91	1	U-01	aegypti	Ae. aegypti
Q17L95	1	U-01	aegypti	Ae. aegypti
Q17LA3	1	U-01	aegypti	Ae. aegypti
Q17LB2	1	U-01	aegypti	Ae. aegypti
Q17LB3	1	U-01	aegypti	Ae. aegypti
Q17LD2	1	U-01	aegypti	Ae. aegypti
Q17LF3	1	U-01	aegypti	Ae. aegypti
Q17LF4	1	U-01	aegypti	Ae. aegypti
Q17LI5	2	U-02	aegypti	Ae. aegypti
Q17LI8	1	U-01	aegypti	Ae. aegypti
Q17LJ1	1	U-01	aegypti	Ae. aegypti
Q17LJ2	1	U-01	aegypti	Ae. aegypti
Q17LJ4	1	U-01	aegypti	Ae. aegypti
Q17LJ5	1	U-01	aegypti	Ae. aegypti
Q17LK1	1	U-01	aegypti	Ae. aegypti
Q17LN5	1	U-01	aegypti	Ae. aegypti
Q17LP8	1	U-01	aegypti	Ae. aegypti
Q17LR4	2	U-02	aegypti	Ae. aegypti
Q17LR9	1	U-01	aegypti	Ae. aegypti
Q17LU1	2	U-02	aegypti	Ae. aegypti
Q17LV9	2	U-02	aegypti	Ae. aegypti
Q17LW3	1	U-01	aegypti	Ae. aegypti
Q17LW4	2	U-02	aegypti	Ae. aegypti
Q17LY1	1	U-01	aegypti	Ae. aegypti
Q17LY3	0	unassigned	aegypti	Ae. aegypti
Q17LZ2	1	U-01	aegypti	Ae. aegypti
Q17M00	1	U-01	aegypti	Ae. aegypti
Q17M01	1	U-01	aegypti	Ae. aegypti
Q17M02	1	U-01	aegypti	Ae. aegypti
Q17M03	1	U-01	aegypti	Ae. aegypti
Q17M26	1	U-01	aegypti	Ae. aegypti
Q17M49	1	U-01	aegypti	Ae. aegypti
Q17M63	2	U-02	aegypti	Ae. aegypti
Q17M65	1	U-01	aegypti	Ae. aegypti
Q17M79	1	U-01	aegypti	Ae. aegypti
Q17M85	1	U-01	aegypti	Ae. aegypti
Q17MD4	1	U-01	aegypti	Ae. aegypti
Q17MD5	1	U-01	aegypti	Ae. aegypti
Q16EV7	1	U-01	aegypti	Ae. aegypti
Q16F10	1	U-01	aegypti	Ae. aegypti
Q16F38	1	U-01	aegypti	Ae. aegypti
Q16F51	1	U-01	aegypti	Ae. aegypti
Q16F58	0	unassigned	aegypti	Ae. aegypti
Q16F80	1	U-01	aegypti	Ae. aegypti
Q16FA9	1	U-01	aegypti	Ae. aegypti
Q16FB6	1	U-01	aegypti	Ae. aegypti
Q16FF8	1	U-01	aegypti	Ae. aegypti
Q16FH9	1	U-01	aegypti	Ae. aegypti
Q16FI0	1	U-01	aegypti	Ae. aegypti
Q16FJ6	0	unassigned	aegypti	Ae. aegypti
Q16FJ8	1	U-01	aegypti	Ae. aegypti
Q16FL3	1	U-01	aegypti	Ae. aegypti
Q16FL6	1	U-01	aegypti	Ae. aegypti
Q16FQ0	0	unassigned	aegypti	Ae. aegypti
Q16FX2	0	unassigned	aegypti	Ae. aegypti
Q16FX3	0	unassigned	aegypti	Ae. aegypti
Q16FX4	0	unassigned	aegypti	Ae. aegypti
Q16FY8	2	U-02	aegypti	Ae. aegypti
Q16FZ8	1	U-01	aegypti	Ae. aegypti
Q16G12	2	U-02	aegypti	Ae. aegypti
Q16G14	1	U-01	aegypti	Ae. aegypti
Q16G28	0	unassigned	aegypti	Ae. aegypti
Q16G31	1	U-01	aegypti	Ae. aegypti
Q16G33	2	U-02	aegypti	Ae. aegypti
Q16G35	2	U-02	aegypti	Ae. aegypti
Q16G43	1	U-01	aegypti	Ae. aegypti
Q16G71	1	U-01	aegypti	Ae. aegypti
A0A6I8T6M5	0	unassigned	aegypti	Ae. aegypti
A0A6I8T6M7	1	U-01	aegypti	Ae. aegypti
A0A6I8T6M8	0	unassigned	aegypti	Ae. aegypti
A0A6I8T6N3	2	U-02	aegypti	Ae. aegypti
A0A6I8T6P2	2	U-02	aegypti	Ae. aegypti
A0A6I8T6P4	1	U-01	aegypti	Ae. aegypti
A0A6I8T6Q9	1	U-01	aegypti	Ae. aegypti
A0A6I8T6R0	1	U-01	aegypti	Ae. aegypti
A0A6I8T6R1	1	U-01	aegypti	Ae. aegypti
A0A6I8T6R3	1	U-01	aegypti	Ae. aegypti
A0A6I8T6R4	1	U-01	aegypti	Ae. aegypti
A0A6I8T6S0	2	U-02	aegypti	Ae. aegypti
A0A6I8T6S1	1	U-01	aegypti	Ae. aegypti
A0A6I8T6S3	2	U-02	aegypti	Ae. aegypti
A0A6I8T6S5	1	U-01	aegypti	Ae. aegypti
A0A6I8T6T2	2	U-02	aegypti	Ae. aegypti
A0A6I8T6T3	2	U-02	aegypti	Ae. aegypti
A0A6I8T6U7	0	unassigned	aegypti	Ae. aegypti
A0A6I8T6U9	2	U-02	aegypti	Ae. aegypti
A0A6I8T6V1	2	U-02	aegypti	Ae. aegypti
A0A6I8T6V2	2	U-02	aegypti	Ae. aegypti
A0A6I8T6W0	1	U-01	aegypti	Ae. aegypti
A0A6I8T6W2	1	U-01	aegypti	Ae. aegypti
A0A6I8T6W7	0	unassigned	aegypti	Ae. aegypti
A0A6I8T6W8	0	unassigned	aegypti	Ae. aegypti
A0A6I8T6X1	0	unassigned	aegypti	Ae. aegypti
A0A6I8T6X2	0	unassigned	aegypti	Ae. aegypti
A0A6I8T6X6	0	unassigned	aegypti	Ae. aegypti
A0A6I8T6X7	0	unassigned	aegypti	Ae. aegypti
A0A6I8T6X8	1	U-01	aegypti	Ae. aegypti
A0A6I8T6Y1	1	U-01	aegypti	Ae. aegypti
A0A6I8T6Y4	0	unassigned	aegypti	Ae. aegypti
A0A6I8T6Y6	1	U-01	aegypti	Ae. aegypti
A0A6I8T6Y8	1	U-01	aegypti	Ae. aegypti
A0A6I8T6Y9	2	U-02	aegypti	Ae. aegypti
A0A6I8T6Z5	2	U-02	aegypti	Ae. aegypti
A0A6I8T6Z8	0	unassigned	aegypti	Ae. aegypti
A0A6I8T700	0	unassigned	aegypti	Ae. aegypti
A0A6I8T702	2	U-02	aegypti	Ae. aegypti
A0A6I8T709	1	U-01	aegypti	Ae. aegypti
A0A6I8T713	1	U-01	aegypti	Ae. aegypti
A0A6I8T714	0	unassigned	aegypti	Ae. aegypti
A0A6I8T725	2	U-02	aegypti	Ae. aegypti
A0A6I8T732	1	U-01	aegypti	Ae. aegypti
A0A6I8T742	1	U-01	aegypti	Ae. aegypti
A0A6I8T745	1	U-01	aegypti	Ae. aegypti
A0A6I8T746	1	U-01	aegypti	Ae. aegypti
A0A6I8T747	1	U-01	aegypti	Ae. aegypti
A0A6I8T751	0	unassigned	aegypti	Ae. aegypti
A0A6I8T752	0	unassigned	aegypti	Ae. aegypti
A0A6I8T758	0	unassigned	aegypti	Ae. aegypti
A0A6I8T762	0	unassigned	aegypti	Ae. aegypti
A0A6I8T763	1	U-01	aegypti	Ae. aegypti
A0A6I8T765	1	U-01	aegypti	Ae. aegypti
A0A6I8T767	1	U-01	aegypti	Ae. aegypti
A0A6I8T768	0	unassigned	aegypti	Ae. aegypti
A0A6I8T769	1	U-01	aegypti	Ae. aegypti
A0A6I8T773	1	U-01	aegypti	Ae. aegypti
A0A6I8T774	1	U-01	aegypti	Ae. aegypti
A0A6I8T775	1	U-01	aegypti	Ae. aegypti
A0A6I8T783	1	U-01	aegypti	Ae. aegypti
A0A6I8T786	1	U-01	aegypti	Ae. aegypti
A0A6I8T793	1	U-01	aegypti	Ae. aegypti
A0A6I8T795	2	U-02	aegypti	Ae. aegypti
A0A6I8T797	1	U-01	aegypti	Ae. aegypti
A0A6I8T798	1	U-01	aegypti	Ae. aegypti
A0A6I8T7A1	1	U-01	aegypti	Ae. aegypti
A0A6I8T7A3	1	U-01	aegypti	Ae. aegypti
A0A6I8T7A4	1	U-01	aegypti	Ae. aegypti
A0A6I8T7A7	1	U-01	aegypti	Ae. aegypti
A0A6I8T7A8	1	U-01	aegypti	Ae. aegypti
A0A6I8U9X6	1	U-01	aegypti	Ae. aegypti
A0A6I8U9Y0	1	U-01	aegypti	Ae. aegypti
A0A6I8U9Z2	1	U-01	aegypti	Ae. aegypti
A0A6I8U9Z4	1	U-01	aegypti	Ae. aegypti
A0A6I8UA00	1	U-01	aegypti	Ae. aegypti
A0A6I8UA01	1	U-01	aegypti	Ae. aegypti
A0A6I8UA17	2	U-02	aegypti	Ae. aegypti
A0A6I8UA58	1	U-01	aegypti	Ae. aegypti
A0A6I8UA69	1	U-01	aegypti	Ae. aegypti
A0A6R5GXW5	1	U-01	aegypti	Ae. aegypti
A0A6R5GZS9	1	U-01	aegypti	Ae. aegypti
A0A6I8TQ54	2	U-02	aegypti	Ae. aegypti
A0A6I8TQ57	0	unassigned	aegypti	Ae. aegypti
A0A6I8TQ61	0	unassigned	aegypti	Ae. aegypti
A0A6I8TQ63	1	U-01	aegypti	Ae. aegypti
A0A6I8TQ67	0	unassigned	aegypti	Ae. aegypti
A0A6I8TQ71	1	U-01	aegypti	Ae. aegypti
A0A6I8TQ72	0	unassigned	aegypti	Ae. aegypti
A0A6I8TQ78	1	U-01	aegypti	Ae. aegypti
A0A6I8TQ82	0	unassigned	aegypti	Ae. aegypti
A0A6I8TQ83	1	U-01	aegypti	Ae. aegypti
A0A6I8TQ87	1	U-01	aegypti	Ae. aegypti
A0A6I8TQ95	1	U-01	aegypti	Ae. aegypti
A0A6I8TQ97	1	U-01	aegypti	Ae. aegypti
A0A6I8TQ99	2	U-02	aegypti	Ae. aegypti
A0A6I8TQA2	1	U-01	aegypti	Ae. aegypti
A0A6I8TQA4	1	U-01	aegypti	Ae. aegypti
A0A6I8TQA7	1	U-01	aegypti	Ae. aegypti
A0A6I8TQB0	0	unassigned	aegypti	Ae. aegypti
A0A6I8TQB4	1	U-01	aegypti	Ae. aegypti
A0A6I8TQB8	1	U-01	aegypti	Ae. aegypti
A0A6I8TQB9	0	unassigned	aegypti	Ae. aegypti
A0A6I8TQC1	0	unassigned	aegypti	Ae. aegypti
A0A6I8TQC2	2	U-02	aegypti	Ae. aegypti
A0A6I8TQC6	0	unassigned	aegypti	Ae. aegypti
A0A6I8TQC8	1	U-01	aegypti	Ae. aegypti
A0A6I8TQC9	1	U-01	aegypti	Ae. aegypti
A0A6I8TQD3	1	U-01	aegypti	Ae. aegypti
A0A6I8TQD6	1	U-01	aegypti	Ae. aegypti
A0A6I8TQD7	0	unassigned	aegypti	Ae. aegypti
A0A6I8TQD8	1	U-01	aegypti	Ae. aegypti
A0A6I8TQE3	1	U-01	aegypti	Ae. aegypti
A0A6I8TQE5	2	U-02	aegypti	Ae. aegypti
A0A6I8TQE6	1	U-01	aegypti	Ae. aegypti
A0A6I8TQG4	0	unassigned	aegypti	Ae. aegypti
A0A6I8TQG7	1	U-01	aegypti	Ae. aegypti
A0A6I8TQH0	0	unassigned	aegypti	Ae. aegypti
A0A6I8TQH7	0	unassigned	aegypti	Ae. aegypti
A0A6I8TQI0	1	U-01	aegypti	Ae. aegypti
A0A6I8TQI2	0	unassigned	aegypti	Ae. aegypti
A0A6I8TQI5	0	unassigned	aegypti	Ae. aegypti
A0A6I8TQI7	0	unassigned	aegypti	Ae. aegypti
A0A6I8TQI8	0	unassigned	aegypti	Ae. aegypti
A0A6I8TQJ0	0	unassigned	aegypti	Ae. aegypti
A0A6I8TQJ1	0	unassigned	aegypti	Ae. aegypti
A0A6I8TQJ2	0	unassigned	aegypti	Ae. aegypti
A0A6I8TQJ3	0	unassigned	aegypti	Ae. aegypti
A0A6I8TQJ6	0	unassigned	aegypti	Ae. aegypti
A0A6I8TQJ7	1	U-01	aegypti	Ae. aegypti
A0A6I8TQK0	1	U-01	aegypti	Ae. aegypti
A0A6I8TQK1	1	U-01	aegypti	Ae. aegypti
A0A6I8TQL1	1	U-01	aegypti	Ae. aegypti
A0A6I8TQM1	1	U-01	aegypti	Ae. aegypti
A0A6I8TQM8	2	U-02	aegypti	Ae. aegypti
A0A6I8TQN2	1	U-01	aegypti	Ae. aegypti
A0A6I8TQN3	1	U-01	aegypti	Ae. aegypti
A0A6I8TQN6	1	U-01	aegypti	Ae. aegypti
A0A6I8TQN7	0	unassigned	aegypti	Ae. aegypti
A0A6I8TQP1	1	U-01	aegypti	Ae. aegypti
A0A6I8TQP4	1	U-01	aegypti	Ae. aegypti
A0A6I8TQP7	2	U-02	aegypti	Ae. aegypti
A0A6I8TQQ2	1	U-01	aegypti	Ae. aegypti
A0A6I8TQQ3	1	U-01	aegypti	Ae. aegypti
A0A6I8TQQ4	0	unassigned	aegypti	Ae. aegypti
A0A6I8TQQ6	1	U-01	aegypti	Ae. aegypti
A0A6I8TQQ7	0	unassigned	aegypti	Ae. aegypti
A0A6I8TQQ9	0	unassigned	aegypti	Ae. aegypti
A0A6I8TQR0	1	U-01	aegypti	Ae. aegypti
A0A6I8TQR1	1	U-01	aegypti	Ae. aegypti
A0A6I8TQR2	0	unassigned	aegypti	Ae. aegypti
A0A6I8TQR3	0	unassigned	aegypti	Ae. aegypti
A0A6I8TQR6	1	U-01	aegypti	Ae. aegypti
A0A6I8TQR9	1	U-01	aegypti	Ae. aegypti
A0A6I8TQS2	1	U-01	aegypti	Ae. aegypti
A0A6I8TQS5	1	U-01	aegypti	Ae. aegypti
A0A6I8TQT0	1	U-01	aegypti	Ae. aegypti
A0A6I8TQT1	1	U-01	aegypti	Ae. aegypti
A0A6I8TQT4	1	U-01	aegypti	Ae. aegypti
A0A6I8TQT7	0	unassigned	aegypti	Ae. aegypti
A0A6I8TQT9	1	U-01	aegypti	Ae. aegypti
A0A6I8TQU0	1	U-01	aegypti	Ae. aegypti
A0A6I8TQU4	1	U-01	aegypti	Ae. aegypti
A0A6I8TQU5	2	U-02	aegypti	Ae. aegypti
A0A6I8TQU8	1	U-01	aegypti	Ae. aegypti
A0A6I8TQV0	1	U-01	aegypti	Ae. aegypti
A0A6I8TQV4	0	unassigned	aegypti	Ae. aegypti
A0A6I8TQV9	1	U-01	aegypti	Ae. aegypti
A0A6I8TQW4	1	U-01	aegypti	Ae. aegypti
A0A6I8TQW5	1	U-01	aegypti	Ae. aegypti
A0A6I8TQX0	1	U-01	aegypti	Ae. aegypti
A0A6I8TCX2	1	U-01	aegypti	Ae. aegypti
A0A6I8TCX5	1	U-01	aegypti	Ae. aegypti
A0A6I8TCX6	1	U-01	aegypti	Ae. aegypti
A0A6I8TCX7	2	U-02	aegypti	Ae. aegypti
A0A6I8TCY3	1	U-01	aegypti	Ae. aegypti
A0A6I8TCY8	1	U-01	aegypti	Ae. aegypti
A0A6I8TCZ6	1	U-01	aegypti	Ae. aegypti
A0A6I8TD07	2	U-02	aegypti	Ae. aegypti
A0A6I8TD10	2	U-02	aegypti	Ae. aegypti
A0A6I8TD13	0	unassigned	aegypti	Ae. aegypti
A0A6I8TD15	1	U-01	aegypti	Ae. aegypti
A0A6I8TD31	1	U-01	aegypti	Ae. aegypti
A0A6I8TD34	1	U-01	aegypti	Ae. aegypti
A0A6I8TD35	1	U-01	aegypti	Ae. aegypti
A0A6I8TD38	1	U-01	aegypti	Ae. aegypti
A0A6I8TD40	1	U-01	aegypti	Ae. aegypti
A0A6I8TD42	1	U-01	aegypti	Ae. aegypti
A0A6I8TD47	1	U-01	aegypti	Ae. aegypti
A0A6I8TD50	2	U-02	aegypti	Ae. aegypti
A0A6I8TD54	1	U-01	aegypti	Ae. aegypti
A0A6I8TD59	1	U-01	aegypti	Ae. aegypti
A0A6I8TD62	1	U-01	aegypti	Ae. aegypti
A0A6I8TD70	0	unassigned	aegypti	Ae. aegypti
A0A6I8TD72	1	U-01	aegypti	Ae. aegypti
A0A6I8TD73	0	unassigned	aegypti	Ae. aegypti
A0A6I8TD77	0	unassigned	aegypti	Ae. aegypti
A0A6I8TD78	1	U-01	aegypti	Ae. aegypti
A0A6I8TD81	0	unassigned	aegypti	Ae. aegypti
A0A6I8TD84	0	unassigned	aegypti	Ae. aegypti
A0A6I8TD87	0	unassigned	aegypti	Ae. aegypti
A0A6I8TD89	0	unassigned	aegypti	Ae. aegypti
A0A6I8TD90	1	U-01	aegypti	Ae. aegypti
A0A6I8TD92	1	U-01	aegypti	Ae. aegypti
A0A6I8TD95	2	U-02	aegypti	Ae. aegypti
A0A6I8TD96	0	unassigned	aegypti	Ae. aegypti
A0A6I8TD97	1	U-01	aegypti	Ae. aegypti
A0A6I8TD99	1	U-01	aegypti	Ae. aegypti
A0A6I8TDA7	1	U-01	aegypti	Ae. aegypti
A0A6I8TDB0	2	U-02	aegypti	Ae. aegypti
A0A6I8TDC5	1	U-01	aegypti	Ae. aegypti
A0A6I8TDC7	2	U-02	aegypti	Ae. aegypti
A0A6I8TDD1	1	U-01	aegypti	Ae. aegypti
A0A6I8TDD2	0	unassigned	aegypti	Ae. aegypti
A0A6I8TDD3	0	unassigned	aegypti	Ae. aegypti
A0A6I8TDD8	1	U-01	aegypti	Ae. aegypti
A0A6I8TDG2	1	U-01	aegypti	Ae. aegypti
A0A6I8TDH1	1	U-01	aegypti	Ae. aegypti
A0A6I8TDH2	2	U-02	aegypti	Ae. aegypti
A0A6I8TDH4	2	U-02	aegypti	Ae. aegypti
A0A6I8TDH6	2	U-02	aegypti	Ae. aegypti
A0A6I8TDI7	2	U-02	aegypti	Ae. aegypti
A0A6I8TDI8	1	U-01	aegypti	Ae. aegypti
A0A6I8TDI9	1	U-01	aegypti	Ae. aegypti
A0A6I8TDJ0	1	U-01	aegypti	Ae. aegypti
A0A6I8TDJ4	1	U-01	aegypti	Ae. aegypti
A0A6I8TDJ8	1	U-01	aegypti	Ae. aegypti
A0A6I8TDK3	1	U-01	aegypti	Ae. aegypti
A0A6I8TDK9	1	U-01	aegypti	Ae. aegypti
A0A6I8TDL9	2	U-02	aegypti	Ae. aegypti
A0A6I8TDM2	1	U-01	aegypti	Ae. aegypti
A0A6I8TDM3	1	U-01	aegypti	Ae. aegypti
A0A6I8TDM4	0	unassigned	aegypti	Ae. aegypti
A0A6I8TDM9	1	U-01	aegypti	Ae. aegypti
A0A6I8TDN3	1	U-01	aegypti	Ae. aegypti
A0A6I8TDN6	1	U-01	aegypti	Ae. aegypti
A0A6I8TDP0	1	U-01	aegypti	Ae. aegypti
A0A6I8TDP8	2	U-02	aegypti	Ae. aegypti
A0A6I8TDP9	2	U-02	aegypti	Ae. aegypti
A0A6I8TDQ5	0	unassigned	aegypti	Ae. aegypti
A0A6I8TDR4	2	U-02	aegypti	Ae. aegypti
A0A1S4F4A6	2	U-02	aegypti	Ae. aegypti
A0A1S4F4B0	2	U-02	aegypti	Ae. aegypti
A0A1S4F4D5	1	U-01	aegypti	Ae. aegypti
A0A1S4F4E4	1	U-01	aegypti	Ae. aegypti
A0A1S4F4E9	2	U-02	aegypti	Ae. aegypti
A0A1S4F4H1	1	U-01	aegypti	Ae. aegypti
A0A1S4F4H4	0	unassigned	aegypti	Ae. aegypti
A0A1S4F4H5	1	U-01	aegypti	Ae. aegypti
A0A1S4F4I5	1	U-01	aegypti	Ae. aegypti
A0A1S4F4L2	1	U-01	aegypti	Ae. aegypti
A0A1S4F4L7	1	U-01	aegypti	Ae. aegypti
A0A1S4F4M1	1	U-01	aegypti	Ae. aegypti
A0A1S4F4M7	1	U-01	aegypti	Ae. aegypti
A0A1S4F4N4	1	U-01	aegypti	Ae. aegypti
A0A1S4F4N5	2	U-02	aegypti	Ae. aegypti
A0A1S4F4P4	1	U-01	aegypti	Ae. aegypti
A0A1S4F4P5	2	U-02	aegypti	Ae. aegypti
A0A1S4F4P6	1	U-01	aegypti	Ae. aegypti
A0A1S4F4Q9	1	U-01	aegypti	Ae. aegypti
A0A1S4F4R7	2	U-02	aegypti	Ae. aegypti
A0A1S4F4V1	1	U-01	aegypti	Ae. aegypti
A0A1S4F4V4	1	U-01	aegypti	Ae. aegypti
A0A1S4F4W5	1	U-01	aegypti	Ae. aegypti
A0A1S4F4X7	1	U-01	aegypti	Ae. aegypti
A0A1S4F4X8	1	U-01	aegypti	Ae. aegypti
A0A1S4F502	1	U-01	aegypti	Ae. aegypti
A0A1S4F520	1	U-01	aegypti	Ae. aegypti
A0A1S4F524	1	U-01	aegypti	Ae. aegypti
A0A1S4F557	1	U-01	aegypti	Ae. aegypti
A0A1S4F559	1	U-01	aegypti	Ae. aegypti
A0A6I8T5T7	1	U-01	aegypti	Ae. aegypti
A0A6I8T5U3	1	U-01	aegypti	Ae. aegypti
A0A6I8T5U6	1	U-01	aegypti	Ae. aegypti
A0A6I8T5U9	1	U-01	aegypti	Ae. aegypti
A0A6I8T5V1	1	U-01	aegypti	Ae. aegypti
A0A6I8T5V5	1	U-01	aegypti	Ae. aegypti
A0A6I8T5W0	1	U-01	aegypti	Ae. aegypti
A0A6I8T5W2	1	U-01	aegypti	Ae. aegypti
A0A6I8T5W6	1	U-01	aegypti	Ae. aegypti
A0A6I8T5X8	1	U-01	aegypti	Ae. aegypti
A0A6I8T5Y3	1	U-01	aegypti	Ae. aegypti
A0A6I8T5Z0	1	U-01	aegypti	Ae. aegypti
A0A6I8T5Z4	1	U-01	aegypti	Ae. aegypti
A0A6I8TGV7	2	U-02	aegypti	Ae. aegypti
A0A6I8TGW1	2	U-02	aegypti	Ae. aegypti
A0A6I8TGW2	0	unassigned	aegypti	Ae. aegypti
A0A6I8TGW4	1	U-01	aegypti	Ae. aegypti
A0A6I8TGW5	2	U-02	aegypti	Ae. aegypti
A0A6I8TGX2	0	unassigned	aegypti	Ae. aegypti
A0A6I8TGX3	1	U-01	aegypti	Ae. aegypti
A0A6I8TGX4	0	unassigned	aegypti	Ae. aegypti
A0A6I8TGX5	1	U-01	aegypti	Ae. aegypti
A0A6I8TGX6	1	U-01	aegypti	Ae. aegypti
A0A6I8TGX7	0	unassigned	aegypti	Ae. aegypti
A0A6I8TGX9	0	unassigned	aegypti	Ae. aegypti
A0A6I8TGY2	0	unassigned	aegypti	Ae. aegypti
A0A6I8TGY4	1	U-01	aegypti	Ae. aegypti
A0A6I8TGY8	1	U-01	aegypti	Ae. aegypti
A0A6I8TGY9	1	U-01	aegypti	Ae. aegypti
A0A6I8TGZ3	2	U-02	aegypti	Ae. aegypti
A0A6I8TGZ4	1	U-01	aegypti	Ae. aegypti
A0A6I8TGZ6	2	U-02	aegypti	Ae. aegypti
A0A6I8TH04	2	U-02	aegypti	Ae. aegypti
A0A6I8TH05	1	U-01	aegypti	Ae. aegypti
A0A6I8TH08	1	U-01	aegypti	Ae. aegypti
A0A6I8TH14	2	U-02	aegypti	Ae. aegypti
A0A6I8TH16	2	U-02	aegypti	Ae. aegypti
A0A6I8TH17	0	unassigned	aegypti	Ae. aegypti
A0A6I8TH19	1	U-01	aegypti	Ae. aegypti
A0A6I8TH24	0	unassigned	aegypti	Ae. aegypti
A0A6I8TH29	0	unassigned	aegypti	Ae. aegypti
A0A6I8TH33	1	U-01	aegypti	Ae. aegypti
A0A6I8TH39	1	U-01	aegypti	Ae. aegypti
A0A6I8TH43	1	U-01	aegypti	Ae. aegypti
A0A6I8TH44	1	U-01	aegypti	Ae. aegypti
A0A6I8TH46	1	U-01	aegypti	Ae. aegypti
A0A6I8TH47	1	U-01	aegypti	Ae. aegypti
A0A6I8TH48	1	U-01	aegypti	Ae. aegypti
A0A6I8TH52	0	unassigned	aegypti	Ae. aegypti
A0A6I8TH57	0	unassigned	aegypti	Ae. aegypti
A0A6I8TH58	1	U-01	aegypti	Ae. aegypti
A0A6I8TH60	1	U-01	aegypti	Ae. aegypti
A0A6I8TH72	1	U-01	aegypti	Ae. aegypti
A0A6I8TH75	1	U-01	aegypti	Ae. aegypti
A0A6I8TH84	1	U-01	aegypti	Ae. aegypti
A0A6I8TH87	1	U-01	aegypti	Ae. aegypti
A0A6I8TH88	0	unassigned	aegypti	Ae. aegypti
A0A6I8TH90	1	U-01	aegypti	Ae. aegypti
A0A6I8TH94	1	U-01	aegypti	Ae. aegypti
A0A6I8TH95	1	U-01	aegypti	Ae. aegypti
A0A6I8TH98	1	U-01	aegypti	Ae. aegypti
A0A6I8THA1	1	U-01	aegypti	Ae. aegypti
A0A6I8THB1	1	U-01	aegypti	Ae. aegypti
A0A6I8THB4	1	U-01	aegypti	Ae. aegypti
A0A6I8THC0	2	U-02	aegypti	Ae. aegypti
A0A6I8THC2	1	U-01	aegypti	Ae. aegypti
A0A6I8THC3	1	U-01	aegypti	Ae. aegypti
A0A6I8THC4	1	U-01	aegypti	Ae. aegypti
A0A6I8THC5	2	U-02	aegypti	Ae. aegypti
A0A6I8THC7	1	U-01	aegypti	Ae. aegypti
A0A6I8THD5	1	U-01	aegypti	Ae. aegypti
A0A6I8THD6	1	U-01	aegypti	Ae. aegypti
A0A6I8THE7	1	U-01	aegypti	Ae. aegypti
A0A6I8THF2	1	U-01	aegypti	Ae. aegypti
A0A6I8THF3	1	U-01	aegypti	Ae. aegypti
A0A6I8THF8	1	U-01	aegypti	Ae. aegypti
A0A6I8THF9	1	U-01	aegypti	Ae. aegypti
A0A6I8THG4	0	unassigned	aegypti	Ae. aegypti
A0A6I8THG6	1	U-01	aegypti	Ae. aegypti
A0A6I8THH0	1	U-01	aegypti	Ae. aegypti
A0A6I8THH2	2	U-02	aegypti	Ae. aegypti
A0A6I8THH4	1	U-01	aegypti	Ae. aegypti
A0A6I8THH7	1	U-01	aegypti	Ae. aegypti
A0A6I8THI0	1	U-01	aegypti	Ae. aegypti
A0A6I8THI2	0	unassigned	aegypti	Ae. aegypti
A0A6I8THI4	1	U-01	aegypti	Ae. aegypti
A0A6I8THI7	1	U-01	aegypti	Ae. aegypti
A0A6I8THJ0	2	U-02	aegypti	Ae. aegypti
A0A6I8THJ4	1	U-01	aegypti	Ae. aegypti
A0A6I8THJ7	2	U-02	aegypti	Ae. aegypti
A0A6I8THK1	2	U-02	aegypti	Ae. aegypti
A0A6I8THK6	0	unassigned	aegypti	Ae. aegypti
A0A6I8THK7	1	U-01	aegypti	Ae. aegypti
A0A6I8THK9	0	unassigned	aegypti	Ae. aegypti
A0A6I8THL0	0	unassigned	aegypti	Ae. aegypti
A0A6I8THL3	0	unassigned	aegypti	Ae. aegypti
A0A6I8THL4	0	unassigned	aegypti	Ae. aegypti
A0A6I8THL8	0	unassigned	aegypti	Ae. aegypti
A0A6I8THL9	0	unassigned	aegypti	Ae. aegypti
A0A6I8THM1	1	U-01	aegypti	Ae. aegypti
A0A6I8THM2	0	unassigned	aegypti	Ae. aegypti
A0A6I8THN1	1	U-01	aegypti	Ae. aegypti
A0A6I8THN6	2	U-02	aegypti	Ae. aegypti
A0A6I8TQY6	1	U-01	aegypti	Ae. aegypti
A0A6I8TQY8	1	U-01	aegypti	Ae. aegypti
A0A6I8TQZ5	2	U-02	aegypti	Ae. aegypti
A0A6I8TQZ7	1	U-01	aegypti	Ae. aegypti
A0A6I8TQZ9	1	U-01	aegypti	Ae. aegypti
A0A6I8TR01	2	U-02	aegypti	Ae. aegypti
A0A6I8TR06	1	U-01	aegypti	Ae. aegypti
A0A6I8TR09	2	U-02	aegypti	Ae. aegypti
A0A6I8TR23	0	unassigned	aegypti	Ae. aegypti
A0A6I8TR25	1	U-01	aegypti	Ae. aegypti
A0A6I8TR28	1	U-01	aegypti	Ae. aegypti
A0A6I8TR31	1	U-01	aegypti	Ae. aegypti
A0A6I8TR38	1	U-01	aegypti	Ae. aegypti
A0A6I8TR43	0	unassigned	aegypti	Ae. aegypti
A0A6I8TR46	1	U-01	aegypti	Ae. aegypti
A0A6I8TR48	1	U-01	aegypti	Ae. aegypti
A0A6I8TR51	1	U-01	aegypti	Ae. aegypti
A0A6I8TR52	1	U-01	aegypti	Ae. aegypti
A0A6I8TR55	0	unassigned	aegypti	Ae. aegypti
A0A6I8TR57	1	U-01	aegypti	Ae. aegypti
A0A6I8TR59	1	U-01	aegypti	Ae. aegypti
A0A6I8TR60	0	unassigned	aegypti	Ae. aegypti
A0A6I8TR63	1	U-01	aegypti	Ae. aegypti
A0A6I8TR64	1	U-01	aegypti	Ae. aegypti
A0A6I8TR66	1	U-01	aegypti	Ae. aegypti
A0A6I8TR67	2	U-02	aegypti	Ae. aegypti
A0A6I8TR70	1	U-01	aegypti	Ae. aegypti
A0A6I8TR72	1	U-01	aegypti	Ae. aegypti
A0A6I8TR75	0	unassigned	aegypti	Ae. aegypti
A0A6I8TR77	1	U-01	aegypti	Ae. aegypti
A0A6I8TR79	1	U-01	aegypti	Ae. aegypti
A0A6I8TR80	0	unassigned	aegypti	Ae. aegypti
A0A6I8TR81	1	U-01	aegypti	Ae. aegypti
A0A6I8TR82	1	U-01	aegypti	Ae. aegypti
A0A6I8TR85	0	unassigned	aegypti	Ae. aegypti
A0A6I8TR88	2	U-02	aegypti	Ae. aegypti
A0A6I8TR94	1	U-01	aegypti	Ae. aegypti
A0A6I8TR96	1	U-01	aegypti	Ae. aegypti
A0A6I8TR97	0	unassigned	aegypti	Ae. aegypti
A0A6I8TRA0	1	U-01	aegypti	Ae. aegypti
A0A6I8TRA2	1	U-01	aegypti	Ae. aegypti
A0A6I8TRA3	0	unassigned	aegypti	Ae. aegypti
A0A6I8TRA8	0	unassigned	aegypti	Ae. aegypti
A0A6I8TRA9	1	U-01	aegypti	Ae. aegypti
A0A6I8TRB1	1	U-01	aegypti	Ae. aegypti
A0A6I8TRB4	1	U-01	aegypti	Ae. aegypti
A0A6I8TRB7	1	U-01	aegypti	Ae. aegypti
A0A6I8TRB9	1	U-01	aegypti	Ae. aegypti
A0A6I8TRC0	2	U-02	aegypti	Ae. aegypti
A0A6I8TRC3	1	U-01	aegypti	Ae. aegypti
A0A6I8TRC5	1	U-01	aegypti	Ae. aegypti
A0A6I8TRC6	1	U-01	aegypti	Ae. aegypti
A0A6I8TRC7	1	U-01	aegypti	Ae. aegypti
A0A6I8TRC8	2	U-02	aegypti	Ae. aegypti
A0A6I8TRE3	2	U-02	aegypti	Ae. aegypti
A0A6I8TRE5	0	unassigned	aegypti	Ae. aegypti
A0A6I8TRE6	0	unassigned	aegypti	Ae. aegypti
A0A6I8TRE8	1	U-01	aegypti	Ae. aegypti
A0A6I8TRE9	1	U-01	aegypti	Ae. aegypti
A0A6I8TRF1	0	unassigned	aegypti	Ae. aegypti
A0A6I8TRF6	1	U-01	aegypti	Ae. aegypti
A0A6I8TRF8	0	unassigned	aegypti	Ae. aegypti
A0A6I8TRG0	1	U-01	aegypti	Ae. aegypti
A0A6I8TRG1	2	U-02	aegypti	Ae. aegypti
A0A6I8TRG6	0	unassigned	aegypti	Ae. aegypti
A0A6I8TRG8	0	unassigned	aegypti	Ae. aegypti
A0A6I8TRH4	1	U-01	aegypti	Ae. aegypti
A0A6I8TRH5	0	unassigned	aegypti	Ae. aegypti
A0A6I8TRH6	2	U-02	aegypti	Ae. aegypti
A0A6I8TRH9	1	U-01	aegypti	Ae. aegypti
A0A6I8TRI1	0	unassigned	aegypti	Ae. aegypti
A0A6I8TRI3	2	U-02	aegypti	Ae. aegypti
A0A6I8TRI4	1	U-01	aegypti	Ae. aegypti
A0A6I8TRI5	1	U-01	aegypti	Ae. aegypti
A0A6I8TRI6	0	unassigned	aegypti	Ae. aegypti
A0A6I8TRI7	1	U-01	aegypti	Ae. aegypti
A0A6I8TRJ0	1	U-01	aegypti	Ae. aegypti
A0A6I8TRJ1	0	unassigned	aegypti	Ae. aegypti
A0A6I8TRJ4	1	U-01	aegypti	Ae. aegypti
A0A6I8TRJ8	0	unassigned	aegypti	Ae. aegypti
A0A6I8TRK8	1	U-01	aegypti	Ae. aegypti
A0A6I8TRK9	1	U-01	aegypti	Ae. aegypti
A0A6I8TRL1	1	U-01	aegypti	Ae. aegypti
A0A6I8TRL2	2	U-02	aegypti	Ae. aegypti
A0A6I8TRL3	2	U-02	aegypti	Ae. aegypti
A0A6I8TRL5	1	U-01	aegypti	Ae. aegypti
A0A6I8TRM2	1	U-01	aegypti	Ae. aegypti
A0A6I8TRM3	1	U-01	aegypti	Ae. aegypti
A0A6I8TRM4	1	U-01	aegypti	Ae. aegypti
A0A6I8TRM9	1	U-01	aegypti	Ae. aegypti
A0A6I8TRN6	2	U-02	aegypti	Ae. aegypti
A0A6I8TRP0	0	unassigned	aegypti	Ae. aegypti
A0A6I8TRP1	2	U-02	aegypti	Ae. aegypti
A0A6I8TRP2	1	U-01	aegypti	Ae. aegypti
A0A6I8TRP5	1	U-01	aegypti	Ae. aegypti
A0A6I8TRP8	1	U-01	aegypti	Ae. aegypti
A0A6I8TU91	1	U-01	aegypti	Ae. aegypti
A0A6I8TU94	0	unassigned	aegypti	Ae. aegypti
A0A6I8TUA1	0	unassigned	aegypti	Ae. aegypti
A0A6I8TUA4	1	U-01	aegypti	Ae. aegypti
A0A6I8TUA7	1	U-01	aegypti	Ae. aegypti
A0A6I8TUB2	0	unassigned	aegypti	Ae. aegypti
A0A6I8TUB4	1	U-01	aegypti	Ae. aegypti
A0A6I8TUB7	0	unassigned	aegypti	Ae. aegypti
A0A6I8TUC3	0	unassigned	aegypti	Ae. aegypti
A0A6I8TUC4	0	unassigned	aegypti	Ae. aegypti
A0A6I8TUC8	0	unassigned	aegypti	Ae. aegypti
A0A6I8TUD0	1	U-01	aegypti	Ae. aegypti
A0A6I8TUD1	1	U-01	aegypti	Ae. aegypti
A0A6I8TUD3	1	U-01	aegypti	Ae. aegypti
A0A6I8TUD6	1	U-01	aegypti	Ae. aegypti
A0A6I8TUE0	1	U-01	aegypti	Ae. aegypti
A0A6I8TUE6	1	U-01	aegypti	Ae. aegypti
A0A6I8TUE9	1	U-01	aegypti	Ae. aegypti
A0A6I8TUF0	0	unassigned	aegypti	Ae. aegypti
A0A6I8TUF1	2	U-02	aegypti	Ae. aegypti
A0A6I8TUF2	1	U-01	aegypti	Ae. aegypti
A0A6I8TUF6	1	U-01	aegypti	Ae. aegypti
A0A6I8TUF8	1	U-01	aegypti	Ae. aegypti
A0A6I8TUF9	1	U-01	aegypti	Ae. aegypti
A0A6I8TUG3	1	U-01	aegypti	Ae. aegypti
A0A6I8TUG9	1	U-01	aegypti	Ae. aegypti
A0A6I8TUH3	1	U-01	aegypti	Ae. aegypti
A0A6I8TUH4	1	U-01	aegypti	Ae. aegypti
A0A6I8TUI3	1	U-01	aegypti	Ae. aegypti
A0A6I8TUI4	1	U-01	aegypti	Ae. aegypti
A0A6I8TUI5	2	U-02	aegypti	Ae. aegypti
A0A6I8TUI8	1	U-01	aegypti	Ae. aegypti
A0A6I8TUJ0	0	unassigned	aegypti	Ae. aegypti
A0A6I8TUJ1	1	U-01	aegypti	Ae. aegypti
A0A6I8TUJ6	0	unassigned	aegypti	Ae. aegypti
A0A6I8TUJ8	0	unassigned	aegypti	Ae. aegypti
A0A6I8TUK2	0	unassigned	aegypti	Ae. aegypti
A0A6I8TUK3	1	U-01	aegypti	Ae. aegypti
A0A6I8TUK4	1	U-01	aegypti	Ae. aegypti
A0A6I8TUK9	2	U-02	aegypti	Ae. aegypti
A0A6I8TUM0	0	unassigned	aegypti	Ae. aegypti
A0A6I8TUM9	1	U-01	aegypti	Ae. aegypti
A0A6I8TUN4	1	U-01	aegypti	Ae. aegypti
A0A6I8TUN5	1	U-01	aegypti	Ae. aegypti
A0A6I8TUN6	1	U-01	aegypti	Ae. aegypti
A0A6I8TUN9	1	U-01	aegypti	Ae. aegypti
A0A6I8TUP1	1	U-01	aegypti	Ae. aegypti
A0A6I8TUP4	1	U-01	aegypti	Ae. aegypti
A0A6I8TUQ0	1	U-01	aegypti	Ae. aegypti
A0A6I8TUR6	1	U-01	aegypti	Ae. aegypti
A0A6I8TUR9	1	U-01	aegypti	Ae. aegypti
A0A6I8TUS2	0	unassigned	aegypti	Ae. aegypti
A0A6I8TUS3	2	U-02	aegypti	Ae. aegypti
A0A6I8TUS5	2	U-02	aegypti	Ae. aegypti
A0A6I8TUS6	1	U-01	aegypti	Ae. aegypti
A0A6I8TUS7	0	unassigned	aegypti	Ae. aegypti
A0A6I8TUT5	0	unassigned	aegypti	Ae. aegypti
A0A6I8TUT8	1	U-01	aegypti	Ae. aegypti
A0A6I8TUT9	1	U-01	aegypti	Ae. aegypti
A0A6I8TUU1	1	U-01	aegypti	Ae. aegypti
A0A6I8TUU5	1	U-01	aegypti	Ae. aegypti
A0A6I8TUU7	2	U-02	aegypti	Ae. aegypti
A0A6I8TUV0	2	U-02	aegypti	Ae. aegypti
A0A6I8TUV4	1	U-01	aegypti	Ae. aegypti
A0A6I8TUV5	1	U-01	aegypti	Ae. aegypti
A0A6I8TUV8	1	U-01	aegypti	Ae. aegypti
A0A6I8TUW5	0	unassigned	aegypti	Ae. aegypti
A0A6I8TUX1	1	U-01	aegypti	Ae. aegypti
A0A6I8TUX4	1	U-01	aegypti	Ae. aegypti
A0A6I8TUX7	1	U-01	aegypti	Ae. aegypti
A0A6I8TUY4	1	U-01	aegypti	Ae. aegypti
A0A6I8TUY6	1	U-01	aegypti	Ae. aegypti
A0A6I8TUY9	1	U-01	aegypti	Ae. aegypti
A0A6I8TUZ0	1	U-01	aegypti	Ae. aegypti
A0A6I8TUZ5	1	U-01	aegypti	Ae. aegypti
A0A6I8TUZ7	1	U-01	aegypti	Ae. aegypti
A0A6I8TUZ8	1	U-01	aegypti	Ae. aegypti
A0A6I8TUZ9	1	U-01	aegypti	Ae. aegypti
A0A6I8TV04	1	U-01	aegypti	Ae. aegypti
A0A6I8TV20	1	U-01	aegypti	Ae. aegypti
A0A6I8TV25	2	U-02	aegypti	Ae. aegypti
A0A6I8TV38	1	U-01	aegypti	Ae. aegypti
A0A6I8TV42	1	U-01	aegypti	Ae. aegypti
A0A6I8TV45	1	U-01	aegypti	Ae. aegypti
A0A6I8TV49	1	U-01	aegypti	Ae. aegypti
A0A6I8TV50	1	U-01	aegypti	Ae. aegypti
A0A6I8TV52	1	U-01	aegypti	Ae. aegypti
A0A6I8TV54	0	unassigned	aegypti	Ae. aegypti
A0A6I8TV58	1	U-01	aegypti	Ae. aegypti
A0A6I8TV59	2	U-02	aegypti	Ae. aegypti
A0A6I8TV63	1	U-01	aegypti	Ae. aegypti
A0A6I8TV65	1	U-01	aegypti	Ae. aegypti
A0A6I8TV66	1	U-01	aegypti	Ae. aegypti
A0A6I8TV70	1	U-01	aegypti	Ae. aegypti
A0A6I8TV74	1	U-01	aegypti	Ae. aegypti
Q17IT3	0	unassigned	aegypti	Ae. aegypti
Q17IT7	1	U-01	aegypti	Ae. aegypti
Q17IV0	1	U-01	aegypti	Ae. aegypti
Q17IV6	1	U-01	aegypti	Ae. aegypti
Q17IW0	1	U-01	aegypti	Ae. aegypti
Q17IX3	2	U-02	aegypti	Ae. aegypti
A0A6I8U843	1	U-01	aegypti	Ae. aegypti
A0A6I8U844	1	U-01	aegypti	Ae. aegypti
A0A6I8U861	0	unassigned	aegypti	Ae. aegypti
A0A6I8U862	1	U-01	aegypti	Ae. aegypti
A0A6I8U864	2	U-02	aegypti	Ae. aegypti
A0A6I8U865	1	U-01	aegypti	Ae. aegypti
A0A6I8U868	2	U-02	aegypti	Ae. aegypti
A0A6I8U869	1	U-01	aegypti	Ae. aegypti
A0A6I8U870	2	U-02	aegypti	Ae. aegypti
A0A6I8U871	1	U-01	aegypti	Ae. aegypti
A0A6I8U874	1	U-01	aegypti	Ae. aegypti
A0A6I8U875	1	U-01	aegypti	Ae. aegypti
A0A6I8U877	2	U-02	aegypti	Ae. aegypti
A0A6I8U878	2	U-02	aegypti	Ae. aegypti
A0A6I8U879	2	U-02	aegypti	Ae. aegypti
A0A6I8U880	1	U-01	aegypti	Ae. aegypti
A0A6I8U881	2	U-02	aegypti	Ae. aegypti
A0A6I8U885	1	U-01	aegypti	Ae. aegypti
A0A6I8U887	1	U-01	aegypti	Ae. aegypti
A0A6I8U889	2	U-02	aegypti	Ae. aegypti
A0A6I8U891	1	U-01	aegypti	Ae. aegypti
A0A6I8U898	1	U-01	aegypti	Ae. aegypti
A0A6I8U899	1	U-01	aegypti	Ae. aegypti
A0A6I8U8A1	2	U-02	aegypti	Ae. aegypti
A0A6I8U8A5	1	U-01	aegypti	Ae. aegypti
A0A6I8U8A7	1	U-01	aegypti	Ae. aegypti
A0A6I8U8A9	1	U-01	aegypti	Ae. aegypti
A0A6I8U8B2	1	U-01	aegypti	Ae. aegypti
A0A6I8U8B4	0	unassigned	aegypti	Ae. aegypti
A0A6I8U8B6	1	U-01	aegypti	Ae. aegypti
A0A6I8U8B7	1	U-01	aegypti	Ae. aegypti
A0A6I8U8B9	2	U-02	aegypti	Ae. aegypti
A0A6I8U8C4	2	U-02	aegypti	Ae. aegypti
A0A6I8U8C9	1	U-01	aegypti	Ae. aegypti
A0A6I8U8D0	2	U-02	aegypti	Ae. aegypti
A0A6I8U8D2	0	unassigned	aegypti	Ae. aegypti
A0A6I8U8D3	1	U-01	aegypti	Ae. aegypti
A0A6I8U8D7	1	U-01	aegypti	Ae. aegypti
A0A6I8U8D8	1	U-01	aegypti	Ae. aegypti
A0A6I8U8E1	2	U-02	aegypti	Ae. aegypti
A0A6I8U8E3	1	U-01	aegypti	Ae. aegypti
A0A6I8U8E4	2	U-02	aegypti	Ae. aegypti
A0A6I8U8E6	2	U-02	aegypti	Ae. aegypti
A0A6I8U8E8	1	U-01	aegypti	Ae. aegypti
A0A6I8U8F1	1	U-01	aegypti	Ae. aegypti
A0A6I8U8F3	1	U-01	aegypti	Ae. aegypti
A0A6I8U8F6	1	U-01	aegypti	Ae. aegypti
A0A6I8U8F7	1	U-01	aegypti	Ae. aegypti
A0A6I8U8G1	2	U-02	aegypti	Ae. aegypti
A0A6I8U8G2	0	unassigned	aegypti	Ae. aegypti
A0A6I8U8G4	0	unassigned	aegypti	Ae. aegypti
A0A6I8U8G6	2	U-02	aegypti	Ae. aegypti
A0A6I8U8G7	1	U-01	aegypti	Ae. aegypti
A0A6I8U8H0	2	U-02	aegypti	Ae. aegypti
A0A6I8U8H1	1	U-01	aegypti	Ae. aegypti
A0A6I8U8H2	1	U-01	aegypti	Ae. aegypti
A0A6I8U8H3	0	unassigned	aegypti	Ae. aegypti
A0A6I8U8H4	1	U-01	aegypti	Ae. aegypti
A0A6I8U8H6	1	U-01	aegypti	Ae. aegypti
A0A6I8U8I1	1	U-01	aegypti	Ae. aegypti
A0A6I8U8I2	0	unassigned	aegypti	Ae. aegypti
A0A6I8U8I3	1	U-01	aegypti	Ae. aegypti
A0A6I8U8I4	1	U-01	aegypti	Ae. aegypti
A0A6I8U8J5	1	U-01	aegypti	Ae. aegypti
A0A6I8U8J6	0	unassigned	aegypti	Ae. aegypti
A0A6I8U8J7	0	unassigned	aegypti	Ae. aegypti
A0A6I8U8K2	1	U-01	aegypti	Ae. aegypti
A0A6I8U8K5	0	unassigned	aegypti	Ae. aegypti
A0A6I8U8K6	1	U-01	aegypti	Ae. aegypti
A0A6I8U8K7	1	U-01	aegypti	Ae. aegypti
A0A6I8U8K8	1	U-01	aegypti	Ae. aegypti
A0A6I8U8K9	1	U-01	aegypti	Ae. aegypti
A0A6I8U8L3	1	U-01	aegypti	Ae. aegypti
A0A6I8U8M1	1	U-01	aegypti	Ae. aegypti
A0A6I8U8M2	1	U-01	aegypti	Ae. aegypti
A0A6I8U8M3	1	U-01	aegypti	Ae. aegypti
A0A6I8U8M9	2	U-02	aegypti	Ae. aegypti
A0A6I8U8N1	0	unassigned	aegypti	Ae. aegypti
A0A6I8U8N2	2	U-02	aegypti	Ae. aegypti
A0A6I8U8N3	1	U-01	aegypti	Ae. aegypti
A0A6I8U8N5	1	U-01	aegypti	Ae. aegypti
A0A6I8U8N6	2	U-02	aegypti	Ae. aegypti
A0A6I8U8N8	1	U-01	aegypti	Ae. aegypti
A0A6I8U8P0	0	unassigned	aegypti	Ae. aegypti
A0A6I8U8P2	2	U-02	aegypti	Ae. aegypti
A0A6I8U8P4	1	U-01	aegypti	Ae. aegypti
A0A6I8U8Q2	1	U-01	aegypti	Ae. aegypti
A0A6I8U8Q3	0	unassigned	aegypti	Ae. aegypti
A0A6I8U8Q5	2	U-02	aegypti	Ae. aegypti
A0A6I8U8Q7	2	U-02	aegypti	Ae. aegypti
A0A6I8U8Q9	1	U-01	aegypti	Ae. aegypti
A0A6I8U8R4	1	U-01	aegypti	Ae. aegypti
A0A6I8U8R6	1	U-01	aegypti	Ae. aegypti
A0A6I8U8R7	1	U-01	aegypti	Ae. aegypti
A0A6I8U8R9	1	U-01	aegypti	Ae. aegypti
A0A6I8U8S0	1	U-01	aegypti	Ae. aegypti
A0A6I8U8S2	1	U-01	aegypti	Ae. aegypti
A0A6I8U8S4	0	unassigned	aegypti	Ae. aegypti
A0A6I8U8S6	0	unassigned	aegypti	Ae. aegypti
A0A6I8U8S9	1	U-01	aegypti	Ae. aegypti
A0A6I8U8T4	1	U-01	aegypti	Ae. aegypti
A0A6I8U8T5	1	U-01	aegypti	Ae. aegypti
A0A6I8U8U1	1	U-01	aegypti	Ae. aegypti
A0A6I8U8U3	1	U-01	aegypti	Ae. aegypti
A0A6I8U8U4	1	U-01	aegypti	Ae. aegypti
A0A6I8U8U8	1	U-01	aegypti	Ae. aegypti
A0A6I8U8V1	1	U-01	aegypti	Ae. aegypti
A0A6I8U8V3	2	U-02	aegypti	Ae. aegypti
A0A6I8U8V6	1	U-01	aegypti	Ae. aegypti
A0A6I8U8V8	0	unassigned	aegypti	Ae. aegypti
A0A6I8U8W0	2	U-02	aegypti	Ae. aegypti
A0A6I8U8W4	1	U-01	aegypti	Ae. aegypti
A0A6I8U8W7	2	U-02	aegypti	Ae. aegypti
A0A6I8U8X0	0	unassigned	aegypti	Ae. aegypti
A0A6I8U8X6	2	U-02	aegypti	Ae. aegypti
A0A6I8U8X8	0	unassigned	aegypti	Ae. aegypti
A0A6I8U8X9	2	U-02	aegypti	Ae. aegypti
A0A6I8U8Y0	1	U-01	aegypti	Ae. aegypti
A0A6I8U8Y1	1	U-01	aegypti	Ae. aegypti
A0A6I8U8Y2	1	U-01	aegypti	Ae. aegypti
A0A6I8U8Y3	1	U-01	aegypti	Ae. aegypti
A0A6I8U8Y4	1	U-01	aegypti	Ae. aegypti
A0A6I8U8Y6	1	U-01	aegypti	Ae. aegypti
A0A6I8U8Z0	1	U-01	aegypti	Ae. aegypti
A0A6I8U8Z4	0	unassigned	aegypti	Ae. aegypti
A0A6I8U8Z6	1	U-01	aegypti	Ae. aegypti
A0A6I8U900	0	unassigned	aegypti	Ae. aegypti
A0A6I8U903	1	U-01	aegypti	Ae. aegypti
A0A6I8U905	1	U-01	aegypti	Ae. aegypti
A0A6I8U911	1	U-01	aegypti	Ae. aegypti
A0A6I8U912	1	U-01	aegypti	Ae. aegypti
A0A6I8U916	2	U-02	aegypti	Ae. aegypti
A0A6I8U918	1	U-01	aegypti	Ae. aegypti
A0A6I8U919	1	U-01	aegypti	Ae. aegypti
A0A6I8U921	1	U-01	aegypti	Ae. aegypti
A0A6I8U923	1	U-01	aegypti	Ae. aegypti
A0A6I8U925	0	unassigned	aegypti	Ae. aegypti
A0A6I8U928	1	U-01	aegypti	Ae. aegypti
A0A6I8U934	1	U-01	aegypti	Ae. aegypti
A0A6I8U938	2	U-02	aegypti	Ae. aegypti
A0A6I8U943	2	U-02	aegypti	Ae. aegypti
A0A6I8U945	1	U-01	aegypti	Ae. aegypti
A0A6I8U946	0	unassigned	aegypti	Ae. aegypti
A0A6I8U947	0	unassigned	aegypti	Ae. aegypti
A0A6I8U948	2	U-02	aegypti	Ae. aegypti
A0A6I8U953	1	U-01	aegypti	Ae. aegypti
A0A6I8U954	1	U-01	aegypti	Ae. aegypti
A0A6I8U958	0	unassigned	aegypti	Ae. aegypti
A0A6I8U961	1	U-01	aegypti	Ae. aegypti
A0A6I8U962	1	U-01	aegypti	Ae. aegypti
A0A6I8U969	2	U-02	aegypti	Ae. aegypti
A0A6I8U970	1	U-01	aegypti	Ae. aegypti
A0A6I8U972	0	unassigned	aegypti	Ae. aegypti
A0A6I8U974	1	U-01	aegypti	Ae. aegypti
A0A6I8U975	0	unassigned	aegypti	Ae. aegypti
A0A6I8U984	1	U-01	aegypti	Ae. aegypti
A0A6I8U985	0	unassigned	aegypti	Ae. aegypti
A0A6I8U988	1	U-01	aegypti	Ae. aegypti
A0A6I8U989	2	U-02	aegypti	Ae. aegypti
A0A6I8U990	1	U-01	aegypti	Ae. aegypti
A0A6I8U991	1	U-01	aegypti	Ae. aegypti
A0A6I8U992	0	unassigned	aegypti	Ae. aegypti
A0A6I8U994	1	U-01	aegypti	Ae. aegypti
A0A6I8U996	2	U-02	aegypti	Ae. aegypti
A0A6I8U9A0	1	U-01	aegypti	Ae. aegypti
A0A6I8U9A1	1	U-01	aegypti	Ae. aegypti
A0A6I8U9A2	1	U-01	aegypti	Ae. aegypti
A0A6I8U9A3	1	U-01	aegypti	Ae. aegypti
A0A6I8U9A4	2	U-02	aegypti	Ae. aegypti
A0A6I8U9A7	1	U-01	aegypti	Ae. aegypti
A0A6I8U9B2	1	U-01	aegypti	Ae. aegypti
A0A6I8U9B3	2	U-02	aegypti	Ae. aegypti
A0A6I8U9B6	1	U-01	aegypti	Ae. aegypti
A0A6I8U9B8	0	unassigned	aegypti	Ae. aegypti
A0A6I8U9C0	1	U-01	aegypti	Ae. aegypti
A0A6I8U9C2	1	U-01	aegypti	Ae. aegypti
A0A6I8U9C3	1	U-01	aegypti	Ae. aegypti
A0A6I8U9C4	1	U-01	aegypti	Ae. aegypti
A0A6I8U9C5	1	U-01	aegypti	Ae. aegypti
A0A6I8U9C9	2	U-02	aegypti	Ae. aegypti
A0A6I8U9D1	0	unassigned	aegypti	Ae. aegypti
A0A6I8U9D2	0	unassigned	aegypti	Ae. aegypti
A0A1S4EWW7	2	U-02	aegypti	Ae. aegypti
A0A1S4EY19	1	U-01	aegypti	Ae. aegypti
A0A1S4EY29	1	U-01	aegypti	Ae. aegypti
A0A1S4F020	2	U-02	aegypti	Ae. aegypti
A0A1S4F0I0	2	U-02	aegypti	Ae. aegypti
A0A1S4F133	1	U-01	aegypti	Ae. aegypti
A0A1S4F156	1	U-01	aegypti	Ae. aegypti
A0A1S4F552	1	U-01	aegypti	Ae. aegypti
A0A1S4FIQ7	1	U-01	aegypti	Ae. aegypti
A0A1S4FIT0	1	U-01	aegypti	Ae. aegypti
A0A1S4FKF5	1	U-01	aegypti	Ae. aegypti
A0A1S4FPC9	2	U-02	aegypti	Ae. aegypti
A0A1S4FQ20	2	U-02	aegypti	Ae. aegypti
A0A1S4FWB3	1	U-01	aegypti	Ae. aegypti
A0A1S4FWJ8	1	U-01	aegypti	Ae. aegypti
A0A1S4G0T2	1	U-01	aegypti	Ae. aegypti
A0A6E8P876	1	U-01	aegypti	Ae. aegypti
A0A6I8TCE0	1	U-01	aegypti	Ae. aegypti
A0A6I8TIN5	1	U-01	aegypti	Ae. aegypti
A0A6I8TKY9	1	U-01	aegypti	Ae. aegypti
A0A6I8TT53	2	U-02	aegypti	Ae. aegypti
A0A6I8TTQ9	1	U-01	aegypti	Ae. aegypti
A0A6I8U1P5	2	U-02	aegypti	Ae. aegypti
A0A6I8U3K6	2	U-02	aegypti	Ae. aegypti
A0A6I8U463	1	U-01	aegypti	Ae. aegypti
A0A6I8U4G9	1	U-01	aegypti	Ae. aegypti
A0A6I8U5Y2	0	unassigned	aegypti	Ae. aegypti
A0A8W7IJM6	1	U-01	aegypti	Ae. aegypti
A0A8W7J1A3	1	U-01	aegypti	Ae. aegypti
A0A903V0N1	1	U-01	aegypti	Ae. aegypti
O01949	2	U-02	aegypti	Ae. aegypti
P13080	2	U-02	aegypti	Ae. aegypti
P18153	2	U-02	aegypti	Ae. aegypti
P49880	1	U-01	aegypti	Ae. aegypti
P50635	2	U-02	aegypti	Ae. aegypti
P82600	2	U-02	aegypti	Ae. aegypti
Q0IG34	1	U-01	aegypti	Ae. aegypti
Q16EI9	0	unassigned	aegypti	Ae. aegypti
Q17BX3	1	U-01	aegypti	Ae. aegypti
Q17BX4	1	U-01	aegypti	Ae. aegypti
Q17CS8	1	U-01	aegypti	Ae. aegypti
Q1HRL7	2	U-02	aegypti	Ae. aegypti
Q3LSM4	1	U-01	aegypti	Ae. aegypti
Q86PM2	1	U-01	aegypti	Ae. aegypti
Q93105	2	U-02	aegypti	Ae. aegypti
A0A1S4EVL6	1	U-01	aegypti	Ae. aegypti
A0A1S4F1Z7	0	unassigned	aegypti	Ae. aegypti
A0A1S4F2F7	1	U-01	aegypti	Ae. aegypti
A0A1S4F2V5	1	U-01	aegypti	Ae. aegypti
A0A1S4F362	2	U-02	aegypti	Ae. aegypti
A0A1S4F8J4	1	U-01	aegypti	Ae. aegypti
A0A1S4F8R0	1	U-01	aegypti	Ae. aegypti
A0A1S4FD88	2	U-02	aegypti	Ae. aegypti
A0A1S4FGH1	2	U-02	aegypti	Ae. aegypti
A0A1S4FLZ0	1	U-01	aegypti	Ae. aegypti
A0A1S4FM01	1	U-01	aegypti	Ae. aegypti
A0A1S4FM06	1	U-01	aegypti	Ae. aegypti
A0A1S4FP90	1	U-01	aegypti	Ae. aegypti
A0A1S4FWE5	2	U-02	aegypti	Ae. aegypti
A0A1S4G0K9	1	U-01	aegypti	Ae. aegypti
A0A6I8T3A4	2	U-02	aegypti	Ae. aegypti
A0A6I8T3A9	2	U-02	aegypti	Ae. aegypti
A0A6I8T3C2	2	U-02	aegypti	Ae. aegypti
A0A6I8T3D8	2	U-02	aegypti	Ae. aegypti
A0A6I8T3F1	2	U-02	aegypti	Ae. aegypti
A0A6I8T3F5	2	U-02	aegypti	Ae. aegypti
A0A6I8T3J9	1	U-01	aegypti	Ae. aegypti
A0A6I8T3L6	2	U-02	aegypti	Ae. aegypti
A0A6I8T560	1	U-01	aegypti	Ae. aegypti
A0A6I8T566	1	U-01	aegypti	Ae. aegypti
A0A6I8T569	1	U-01	aegypti	Ae. aegypti
A0A6I8T575	1	U-01	aegypti	Ae. aegypti
A0A6I8T577	1	U-01	aegypti	Ae. aegypti
A0A6I8T598	1	U-01	aegypti	Ae. aegypti
A0A6I8T5I0	1	U-01	aegypti	Ae. aegypti
A0A6I8T827	1	U-01	aegypti	Ae. aegypti
A0A6I8T919	1	U-01	aegypti	Ae. aegypti
A0A6I8TBG6	2	U-02	aegypti	Ae. aegypti
A0A6I8TBG9	1	U-01	aegypti	Ae. aegypti
A0A6I8TCU0	1	U-01	aegypti	Ae. aegypti
A0A6I8TDB1	1	U-01	aegypti	Ae. aegypti
A0A6I8TDP2	1	U-01	aegypti	Ae. aegypti
A0A6I8TEU0	2	U-02	aegypti	Ae. aegypti
A0A6I8TFT5	1	U-01	aegypti	Ae. aegypti
A0A6I8TGF2	2	U-02	aegypti	Ae. aegypti
A0A6I8TGP4	1	U-01	aegypti	Ae. aegypti
A0A6I8TGP5	1	U-01	aegypti	Ae. aegypti
A0A6I8TGW7	1	U-01	aegypti	Ae. aegypti
A0A6I8TI61	2	U-02	aegypti	Ae. aegypti
A0A6I8TIX3	1	U-01	aegypti	Ae. aegypti
A0A6I8TJ18	1	U-01	aegypti	Ae. aegypti
A0A6I8TJA7	1	U-01	aegypti	Ae. aegypti
A0A1S4G772	0	unassigned	aegypti	Ae. aegypti
A0A1S4G788	0	unassigned	aegypti	Ae. aegypti
A0A1S4G7B4	0	unassigned	aegypti	Ae. aegypti
A0A1S4G7D5	2	U-02	aegypti	Ae. aegypti
A0A1S4G7G2	0	unassigned	aegypti	Ae. aegypti
A0A1S4G7H4	2	U-02	aegypti	Ae. aegypti
A0A1S4G7I1	0	unassigned	aegypti	Ae. aegypti
A0A1S4G7I9	0	unassigned	aegypti	Ae. aegypti
A0A1S4G7J2	1	U-01	aegypti	Ae. aegypti
A0A1S4G7J3	1	U-01	aegypti	Ae. aegypti
A0A1S4G7J8	1	U-01	aegypti	Ae. aegypti
A0A1S4G7K8	1	U-01	aegypti	Ae. aegypti
A0A1S4G7L3	1	U-01	aegypti	Ae. aegypti
A0A1S4G7M1	0	unassigned	aegypti	Ae. aegypti
A0A1S4G7M3	1	U-01	aegypti	Ae. aegypti
A0A1S4G7M6	1	U-01	aegypti	Ae. aegypti
A0A1S4G7P6	1	U-01	aegypti	Ae. aegypti
A0A1S4G7Q6	1	U-01	aegypti	Ae. aegypti
A0A1S4G7Q7	1	U-01	aegypti	Ae. aegypti
A0A1S4G7R1	2	U-02	aegypti	Ae. aegypti
A0A1S4G7V5	1	U-01	aegypti	Ae. aegypti
A0A1S4G7Y1	1	U-01	aegypti	Ae. aegypti
A0A1S4G7Z7	0	unassigned	aegypti	Ae. aegypti
A0A1S4G816	0	unassigned	aegypti	Ae. aegypti
A0A1S4G840	1	U-01	aegypti	Ae. aegypti
A0A1S4G848	1	U-01	aegypti	Ae. aegypti
A0A6I8U5F0	1	U-01	aegypti	Ae. aegypti
A0A6I8U5G3	0	unassigned	aegypti	Ae. aegypti
A0A6I8U5G9	1	U-01	aegypti	Ae. aegypti
A0A6I8U5H3	1	U-01	aegypti	Ae. aegypti
A0A6I8U5H5	0	unassigned	aegypti	Ae. aegypti
A0A6I8U5H7	1	U-01	aegypti	Ae. aegypti
A0A6I8U5H9	0	unassigned	aegypti	Ae. aegypti
A0A6I8U5I2	2	U-02	aegypti	Ae. aegypti
A0A6I8U5I3	0	unassigned	aegypti	Ae. aegypti
A0A6I8U5I4	1	U-01	aegypti	Ae. aegypti
A0A6I8U5I7	0	unassigned	aegypti	Ae. aegypti
A0A6I8U5I8	1	U-01	aegypti	Ae. aegypti
A0A6I8U5I9	1	U-01	aegypti	Ae. aegypti
A0A6I8U5J3	0	unassigned	aegypti	Ae. aegypti
A0A6I8U5J7	1	U-01	aegypti	Ae. aegypti
A0A6I8U5J8	0	unassigned	aegypti	Ae. aegypti
A0A6I8U5J9	1	U-01	aegypti	Ae. aegypti
A0A6I8U5K3	1	U-01	aegypti	Ae. aegypti
A0A6I8U5L0	1	U-01	aegypti	Ae. aegypti
A0A6I8U5L2	2	U-02	aegypti	Ae. aegypti
A0A6I8U5L5	1	U-01	aegypti	Ae. aegypti
A0A6I8U5L6	1	U-01	aegypti	Ae. aegypti
A0A6I8U5M3	1	U-01	aegypti	Ae. aegypti
A0A6I8U5M8	1	U-01	aegypti	Ae. aegypti
A0A6I8U5N4	1	U-01	aegypti	Ae. aegypti
A0A6I8U5N6	1	U-01	aegypti	Ae. aegypti
A0A6I8U5N7	2	U-02	aegypti	Ae. aegypti
A0A6I8U5P0	2	U-02	aegypti	Ae. aegypti
A0A6I8U5P4	0	unassigned	aegypti	Ae. aegypti
A0A6I8U5P7	1	U-01	aegypti	Ae. aegypti
A0A6I8U5Q3	1	U-01	aegypti	Ae. aegypti
A0A6I8U5Q4	1	U-01	aegypti	Ae. aegypti
A0A6I8U5Q5	0	unassigned	aegypti	Ae. aegypti
A0A6I8U5Q8	1	U-01	aegypti	Ae. aegypti
A0A6I8U5R2	0	unassigned	aegypti	Ae. aegypti
A0A6I8U5R4	1	U-01	aegypti	Ae. aegypti
A0A6I8U5R8	2	U-02	aegypti	Ae. aegypti
A0A6I8U5S4	1	U-01	aegypti	Ae. aegypti
A0A6I8U5T1	1	U-01	aegypti	Ae. aegypti
A0A6I8U5T7	1	U-01	aegypti	Ae. aegypti
A0A6I8U5V1	1	U-01	aegypti	Ae. aegypti
A0A6I8U5V3	1	U-01	aegypti	Ae. aegypti
A0A6I8U5W0	1	U-01	aegypti	Ae. aegypti
A0A6I8U767	2	U-02	aegypti	Ae. aegypti
A0A6I8U772	1	U-01	aegypti	Ae. aegypti
A0A6I8U781	1	U-01	aegypti	Ae. aegypti
A0A6I8U786	1	U-01	aegypti	Ae. aegypti
A0A6I8U788	1	U-01	aegypti	Ae. aegypti
A0A6I8U789	1	U-01	aegypti	Ae. aegypti
A0A6I8U790	1	U-01	aegypti	Ae. aegypti
A0A6I8U791	1	U-01	aegypti	Ae. aegypti
A0A6I8U796	0	unassigned	aegypti	Ae. aegypti
A0A6I8U7A6	1	U-01	aegypti	Ae. aegypti
A0A6I8U7B1	1	U-01	aegypti	Ae. aegypti
A0A6I8U7B2	2	U-02	aegypti	Ae. aegypti
A0A6I8U7B3	1	U-01	aegypti	Ae. aegypti
A0A6I8U7B6	1	U-01	aegypti	Ae. aegypti
A0A6I8U7B7	1	U-01	aegypti	Ae. aegypti
A0A6I8U7B9	1	U-01	aegypti	Ae. aegypti
A0A6I8U7C9	1	U-01	aegypti	Ae. aegypti
A0A6I8U7D0	0	unassigned	aegypti	Ae. aegypti
A0A6I8U7D6	0	unassigned	aegypti	Ae. aegypti
A0A6I8U7D9	0	unassigned	aegypti	Ae. aegypti
A0A6I8U7E1	1	U-01	aegypti	Ae. aegypti
A0A6I8U7E2	0	unassigned	aegypti	Ae. aegypti
A0A6I8U7E3	2	U-02	aegypti	Ae. aegypti
A0A6I8U7E4	0	unassigned	aegypti	Ae. aegypti
A0A6I8U7E5	1	U-01	aegypti	Ae. aegypti
A0A6I8U7E7	0	unassigned	aegypti	Ae. aegypti
A0A6I8U7H4	1	U-01	aegypti	Ae. aegypti
A0A6I8U7H8	1	U-01	aegypti	Ae. aegypti
A0A6I8U7I2	1	U-01	aegypti	Ae. aegypti
A0A6I8U7I4	1	U-01	aegypti	Ae. aegypti
A0A6I8U7I5	1	U-01	aegypti	Ae. aegypti
A0A6I8U7I6	1	U-01	aegypti	Ae. aegypti
A0A6I8U7I7	1	U-01	aegypti	Ae. aegypti
A0A6I8U7I8	1	U-01	aegypti	Ae. aegypti
A0A6I8U7J1	1	U-01	aegypti	Ae. aegypti
A0A6I8U7J2	2	U-02	aegypti	Ae. aegypti
A0A6I8U7J3	1	U-01	aegypti	Ae. aegypti
A0A6I8U7J4	1	U-01	aegypti	Ae. aegypti
A0A6I8U7J5	0	unassigned	aegypti	Ae. aegypti
A0A6I8U7K5	1	U-01	aegypti	Ae. aegypti
A0A6I8U7K7	1	U-01	aegypti	Ae. aegypti
A0A6I8U7L2	1	U-01	aegypti	Ae. aegypti
A0A6I8U7L3	1	U-01	aegypti	Ae. aegypti
A0A6I8U7M5	1	U-01	aegypti	Ae. aegypti
A0A6I8U7M7	1	U-01	aegypti	Ae. aegypti
A0A6I8U7N3	1	U-01	aegypti	Ae. aegypti
A0A6I8U7N4	2	U-02	aegypti	Ae. aegypti
A0A6I8U7N8	2	U-02	aegypti	Ae. aegypti
A0A6I8U7N9	2	U-02	aegypti	Ae. aegypti
A0A6I8U7P0	1	U-01	aegypti	Ae. aegypti
A0A6I8U7P4	1	U-01	aegypti	Ae. aegypti
A0A6I8U7Q6	2	U-02	aegypti	Ae. aegypti
A0A6I8U7S3	1	U-01	aegypti	Ae. aegypti
A0A6I8U7S6	1	U-01	aegypti	Ae. aegypti
A0A6I8U7T0	1	U-01	aegypti	Ae. aegypti
A0A6I8U7T7	1	U-01	aegypti	Ae. aegypti
A0A6I8U7T9	2	U-02	aegypti	Ae. aegypti
A0A6I8U7U2	1	U-01	aegypti	Ae. aegypti
A0A6I8U7U5	1	U-01	aegypti	Ae. aegypti
A0A6I8U7V5	1	U-01	aegypti	Ae. aegypti
A0A6I8U7V9	2	U-02	aegypti	Ae. aegypti
A0A6I8U7W1	1	U-01	aegypti	Ae. aegypti
A0A6I8U7W5	2	U-02	aegypti	Ae. aegypti
A0A6I8U7Y2	0	unassigned	aegypti	Ae. aegypti
A0A6I8U7Y5	1	U-01	aegypti	Ae. aegypti
A0A6I8U7Y7	1	U-01	aegypti	Ae. aegypti
A0A6I8U7Z0	1	U-01	aegypti	Ae. aegypti
A0A6I8U7Z1	2	U-02	aegypti	Ae. aegypti
A0A6I8U7Z6	1	U-01	aegypti	Ae. aegypti
A0A6I8U7Z8	1	U-01	aegypti	Ae. aegypti
A0A6I8U800	2	U-02	aegypti	Ae. aegypti
A0A6I8U810	1	U-01	aegypti	Ae. aegypti
A0A6I8U811	1	U-01	aegypti	Ae. aegypti
A0A6I8U817	1	U-01	aegypti	Ae. aegypti
A0A6I8U820	1	U-01	aegypti	Ae. aegypti
A0A6I8U821	1	U-01	aegypti	Ae. aegypti
A0A6I8U827	1	U-01	aegypti	Ae. aegypti
A0A6I8U831	0	unassigned	aegypti	Ae. aegypti
A0A6I8U838	1	U-01	aegypti	Ae. aegypti
A0A6I8U841	2	U-02	aegypti	Ae. aegypti
A0A6I8U848	1	U-01	aegypti	Ae. aegypti
A0A6I8U851	1	U-01	aegypti	Ae. aegypti
A0A6I8U853	1	U-01	aegypti	Ae. aegypti
A0A6I8U854	1	U-01	aegypti	Ae. aegypti
A0A6I8U858	0	unassigned	aegypti	Ae. aegypti
A0A6I8U863	1	U-01	aegypti	Ae. aegypti
A0A6I8U866	1	U-01	aegypti	Ae. aegypti
A0A6I8U867	0	unassigned	aegypti	Ae. aegypti
A0A6I8U873	1	U-01	aegypti	Ae. aegypti
A0A6I8U876	1	U-01	aegypti	Ae. aegypti
A0A6I8U888	1	U-01	aegypti	Ae. aegypti
A0A6I8U890	1	U-01	aegypti	Ae. aegypti
A0A6I8U892	1	U-01	aegypti	Ae. aegypti
A0A6I8U895	1	U-01	aegypti	Ae. aegypti
A0A6I8U896	1	U-01	aegypti	Ae. aegypti
A0A6I8U8A3	1	U-01	aegypti	Ae. aegypti
A0A6I8U8A4	1	U-01	aegypti	Ae. aegypti
A0A6R5HR86	1	U-01	aegypti	Ae. aegypti
A0A6R5HTB0	1	U-01	aegypti	Ae. aegypti
A0A6R5HUQ4	1	U-01	aegypti	Ae. aegypti
A0A6R5HUR3	1	U-01	aegypti	Ae. aegypti
A0A6R5HW50	1	U-01	aegypti	Ae. aegypti
A0A6R5HWZ4	1	U-01	aegypti	Ae. aegypti
A0A6R5HXJ7	1	U-01	aegypti	Ae. aegypti
A0A6R5HY42	1	U-01	aegypti	Ae. aegypti
A0A6R5HYH1	2	U-02	aegypti	Ae. aegypti
A0A6R5HYI9	1	U-01	aegypti	Ae. aegypti
A0A6R5I075	2	U-02	aegypti	Ae. aegypti
A0A6R5I0J7	1	U-01	aegypti	Ae. aegypti
A0A6R5I1V0	1	U-01	aegypti	Ae. aegypti
A0A6R5I1X8	2	U-02	aegypti	Ae. aegypti
A0A6R5I2T4	2	U-02	aegypti	Ae. aegypti
A0A6R5I472	1	U-01	aegypti	Ae. aegypti
A0A6R5I4G5	0	unassigned	aegypti	Ae. aegypti
A0A6R5I4M5	1	U-01	aegypti	Ae. aegypti
A0A6R5I528	1	U-01	aegypti	Ae. aegypti
A0A6R5I529	0	unassigned	aegypti	Ae. aegypti
A0A6R5I923	1	U-01	aegypti	Ae. aegypti
A0A6R5I9D8	2	U-02	aegypti	Ae. aegypti
A0A6R5IBQ1	1	U-01	aegypti	Ae. aegypti
A0A6R5IC08	1	U-01	aegypti	Ae. aegypti
A0A6R5IEF5	1	U-01	aegypti	Ae. aegypti
A0A6R5IIT1	1	U-01	aegypti	Ae. aegypti
A0A6R5IJ99	1	U-01	aegypti	Ae. aegypti
A0A6R5IK67	1	U-01	aegypti	Ae. aegypti
A0A6R5ILP1	2	U-02	aegypti	Ae. aegypti
A0A6R8GFX8	2	U-02	aegypti	Ae. aegypti
A0A6R8GGJ6	1	U-01	aegypti	Ae. aegypti
A0A6R8GID0	1	U-01	aegypti	Ae. aegypti
A0A6R8GJR6	2	U-02	aegypti	Ae. aegypti
A0A6R8GKF3	1	U-01	aegypti	Ae. aegypti
A0A6R8GKN3	1	U-01	aegypti	Ae. aegypti
A0A6R8GKW0	1	U-01	aegypti	Ae. aegypti
A0A6R8GL27	1	U-01	aegypti	Ae. aegypti
A0A6R8GM88	1	U-01	aegypti	Ae. aegypti
A0A6R8GMP9	1	U-01	aegypti	Ae. aegypti
A0A6R8GMQ1	1	U-01	aegypti	Ae. aegypti
A0A6R8GPG1	0	unassigned	aegypti	Ae. aegypti
A0A6R8GRZ7	1	U-01	aegypti	Ae. aegypti
A0A6R8KLB2	1	U-01	aegypti	Ae. aegypti
A0A6S4FNA3	2	U-02	aegypti	Ae. aegypti
A0A6S4FP63	1	U-01	aegypti	Ae. aegypti
A0A6S4FPQ2	2	U-02	aegypti	Ae. aegypti
A0A6S4FQK7	2	U-02	aegypti	Ae. aegypti
A0A7M4G698	1	U-01	aegypti	Ae. aegypti
A0A7M4GHS5	1	U-01	aegypti	Ae. aegypti
A0A7M4GRL0	1	U-01	aegypti	Ae. aegypti
A0A7M4GS40	1	U-01	aegypti	Ae. aegypti
A0A7N4YH55	1	U-01	aegypti	Ae. aegypti
A0A8W7H096	1	U-01	aegypti	Ae. aegypti
A0A8W7H2T1	1	U-01	aegypti	Ae. aegypti
A0A8W7H335	1	U-01	aegypti	Ae. aegypti
A0A8W7H3E5	1	U-01	aegypti	Ae. aegypti
A0A8W7H3N2	0	unassigned	aegypti	Ae. aegypti
A0A8W7H3U3	1	U-01	aegypti	Ae. aegypti
A0A8W7H423	1	U-01	aegypti	Ae. aegypti
A0A8W7H499	1	U-01	aegypti	Ae. aegypti
A0A8W7H4M6	1	U-01	aegypti	Ae. aegypti
A0A8W7H5G4	2	U-02	aegypti	Ae. aegypti
A0A8W7H5U9	0	unassigned	aegypti	Ae. aegypti
A0A8W7H6U7	1	U-01	aegypti	Ae. aegypti
A0A8W7H945	1	U-01	aegypti	Ae. aegypti
A0A8W7H9M5	1	U-01	aegypti	Ae. aegypti
A0A8W7H9Z3	1	U-01	aegypti	Ae. aegypti
A0A8W7HAS3	1	U-01	aegypti	Ae. aegypti
A0A8W7HDE2	1	U-01	aegypti	Ae. aegypti
A0A8W7HDE5	1	U-01	aegypti	Ae. aegypti
A0A8W7HDR5	1	U-01	aegypti	Ae. aegypti
A0A8W7HEJ8	1	U-01	aegypti	Ae. aegypti
A0A8W7HGH5	1	U-01	aegypti	Ae. aegypti
A0A8W7HH65	1	U-01	aegypti	Ae. aegypti
A0A8W7HHB5	2	U-02	aegypti	Ae. aegypti
A0A8W7HIA1	1	U-01	aegypti	Ae. aegypti
A0A8W7HJM4	1	U-01	aegypti	Ae. aegypti
A0A8W7HJQ0	1	U-01	aegypti	Ae. aegypti
A0A8W7HKY7	1	U-01	aegypti	Ae. aegypti
A0A8W7HLF0	1	U-01	aegypti	Ae. aegypti
A0A8W7HLX1	1	U-01	aegypti	Ae. aegypti
A0A8W7HMA3	1	U-01	aegypti	Ae. aegypti
A0A8W7HMD6	2	U-02	aegypti	Ae. aegypti
A0A8W7HND9	1	U-01	aegypti	Ae. aegypti
A0A8W7HNN6	1	U-01	aegypti	Ae. aegypti
A0A8W7HNT3	2	U-02	aegypti	Ae. aegypti
A0A8W7HNW5	1	U-01	aegypti	Ae. aegypti
A0A8W7HRH0	1	U-01	aegypti	Ae. aegypti
A0A8W7HRX2	2	U-02	aegypti	Ae. aegypti
A0A8W7HS34	1	U-01	aegypti	Ae. aegypti
A0A8W7HSP8	1	U-01	aegypti	Ae. aegypti
A0A903U1M4	1	U-01	aegypti	Ae. aegypti
A0A903U235	1	U-01	aegypti	Ae. aegypti
A0A903U259	1	U-01	aegypti	Ae. aegypti
A0A903U2C5	2	U-02	aegypti	Ae. aegypti
A0A903U2D5	1	U-01	aegypti	Ae. aegypti
A0A903U2U8	1	U-01	aegypti	Ae. aegypti
A0A903U2Z5	1	U-01	aegypti	Ae. aegypti
A0A903U385	1	U-01	aegypti	Ae. aegypti
A0A903U3C9	0	unassigned	aegypti	Ae. aegypti
A0A903U3D1	0	unassigned	aegypti	Ae. aegypti
A0A903U3J5	1	U-01	aegypti	Ae. aegypti
A0A903U3Q8	1	U-01	aegypti	Ae. aegypti
A0A903U3S8	1	U-01	aegypti	Ae. aegypti
A0A903U3U1	1	U-01	aegypti	Ae. aegypti
A0A903U3V7	1	U-01	aegypti	Ae. aegypti
A0A903U3W1	1	U-01	aegypti	Ae. aegypti
A0A903U408	1	U-01	aegypti	Ae. aegypti
A0A903U473	1	U-01	aegypti	Ae. aegypti
A0A903U4A8	1	U-01	aegypti	Ae. aegypti
A0A903U4C8	2	U-02	aegypti	Ae. aegypti
A0A903U4J3	1	U-01	aegypti	Ae. aegypti
A0A903U4S3	1	U-01	aegypti	Ae. aegypti
A0A903U4Z9	1	U-01	aegypti	Ae. aegypti
A0A903U5J3	1	U-01	aegypti	Ae. aegypti
A0A903U5K7	0	unassigned	aegypti	Ae. aegypti
A0A903U5N2	1	U-01	aegypti	Ae. aegypti
A0A903U5V6	1	U-01	aegypti	Ae. aegypti
A0A903U621	1	U-01	aegypti	Ae. aegypti
A0A903U626	1	U-01	aegypti	Ae. aegypti
A0A903U672	1	U-01	aegypti	Ae. aegypti
A0A903U6C3	2	U-02	aegypti	Ae. aegypti
A0A903U6Q2	1	U-01	aegypti	Ae. aegypti
A0A903U6X8	1	U-01	aegypti	Ae. aegypti
A0A903U733	1	U-01	aegypti	Ae. aegypti
A0A903U755	2	U-02	aegypti	Ae. aegypti
A0A903U790	2	U-02	aegypti	Ae. aegypti
A0A903U7G8	1	U-01	aegypti	Ae. aegypti
A0A903U7P6	1	U-01	aegypti	Ae. aegypti
A0A903U7R8	1	U-01	aegypti	Ae. aegypti
A0A903U7Z3	1	U-01	aegypti	Ae. aegypti
A0A903U8B7	1	U-01	aegypti	Ae. aegypti
A0A903U8E4	1	U-01	aegypti	Ae. aegypti
A0A903U8G7	1	U-01	aegypti	Ae. aegypti
A0A903U8L5	1	U-01	aegypti	Ae. aegypti
A0A903U8S8	2	U-02	aegypti	Ae. aegypti
A0A903U8X8	1	U-01	aegypti	Ae. aegypti
A0A903U8Z8	2	U-02	aegypti	Ae. aegypti
A0A903U939	2	U-02	aegypti	Ae. aegypti
A0A903U949	1	U-01	aegypti	Ae. aegypti
A0A903U9A8	1	U-01	aegypti	Ae. aegypti
A0A903U9B4	1	U-01	aegypti	Ae. aegypti
A0A903U9C1	2	U-02	aegypti	Ae. aegypti
A0A903U9N8	1	U-01	aegypti	Ae. aegypti
A0A903U9P6	1	U-01	aegypti	Ae. aegypti
A0A903U9Q2	1	U-01	aegypti	Ae. aegypti
A0A903U9T8	1	U-01	aegypti	Ae. aegypti
A0A903U9W1	1	U-01	aegypti	Ae. aegypti
A0A903U9X7	1	U-01	aegypti	Ae. aegypti
A0A903UA01	1	U-01	aegypti	Ae. aegypti
A0A903UA32	1	U-01	aegypti	Ae. aegypti
A0A903UA56	1	U-01	aegypti	Ae. aegypti
A0A903UAA5	1	U-01	aegypti	Ae. aegypti
A0A903UAE5	1	U-01	aegypti	Ae. aegypti
A0A903UAF5	2	U-02	aegypti	Ae. aegypti
A0A903UAP8	1	U-01	aegypti	Ae. aegypti
A0A903UAR4	1	U-01	aegypti	Ae. aegypti
A0A903UAX1	1	U-01	aegypti	Ae. aegypti
A0A903UB87	1	U-01	aegypti	Ae. aegypti
A0A903UBF3	1	U-01	aegypti	Ae. aegypti
Q16UJ3	1	U-01	aegypti	Ae. aegypti
Q16UP2	2	U-02	aegypti	Ae. aegypti
Q16UP3	2	U-02	aegypti	Ae. aegypti
Q16UQ7	1	U-01	aegypti	Ae. aegypti
Q16US7	1	U-01	aegypti	Ae. aegypti
Q16UV9	2	U-02	aegypti	Ae. aegypti
Q16UW1	1	U-01	aegypti	Ae. aegypti
Q16UX5	1	U-01	aegypti	Ae. aegypti
Q16UX6	1	U-01	aegypti	Ae. aegypti
Q16UY0	1	U-01	aegypti	Ae. aegypti
Q16UY3	1	U-01	aegypti	Ae. aegypti
Q16V07	1	U-01	aegypti	Ae. aegypti
Q16V41	1	U-01	aegypti	Ae. aegypti
Q16V53	2	U-02	aegypti	Ae. aegypti
Q16V56	1	U-01	aegypti	Ae. aegypti
Q16V68	1	U-01	aegypti	Ae. aegypti
Q16V69	1	U-01	aegypti	Ae. aegypti
Q16VA4	1	U-01	aegypti	Ae. aegypti
Q16VC1	1	U-01	aegypti	Ae. aegypti
Q16VF9	1	U-01	aegypti	Ae. aegypti
Q16VJ7	1	U-01	aegypti	Ae. aegypti
Q16VJ9	1	U-01	aegypti	Ae. aegypti
Q16VK0	1	U-01	aegypti	Ae. aegypti
Q16VK9	2	U-02	aegypti	Ae. aegypti
Q16VQ2	1	U-01	aegypti	Ae. aegypti
Q16VR4	1	U-01	aegypti	Ae. aegypti
Q16VR5	1	U-01	aegypti	Ae. aegypti
Q16VT9	1	U-01	aegypti	Ae. aegypti
Q16VU1	1	U-01	aegypti	Ae. aegypti
Q16VU6	2	U-02	aegypti	Ae. aegypti
Q16VW7	1	U-01	aegypti	Ae. aegypti
Q16VW8	1	U-01	aegypti	Ae. aegypti
Q16VW9	1	U-01	aegypti	Ae. aegypti
Q16VZ4	1	U-01	aegypti	Ae. aegypti
Q16VZ6	1	U-01	aegypti	Ae. aegypti
Q16W00	1	U-01	aegypti	Ae. aegypti
Q16W03	1	U-01	aegypti	Ae. aegypti
Q16W11	1	U-01	aegypti	Ae. aegypti
Q16W35	1	U-01	aegypti	Ae. aegypti
Q16W77	1	U-01	aegypti	Ae. aegypti
Q16W92	1	U-01	aegypti	Ae. aegypti
Q16WA1	1	U-01	aegypti	Ae. aegypti
Q16WA6	1	U-01	aegypti	Ae. aegypti
Q16WB0	1	U-01	aegypti	Ae. aegypti
Q16WD5	1	U-01	aegypti	Ae. aegypti
Q16WE8	1	U-01	aegypti	Ae. aegypti
Q16WF0	1	U-01	aegypti	Ae. aegypti
Q16WI0	0	unassigned	aegypti	Ae. aegypti
Q16WI1	0	unassigned	aegypti	Ae. aegypti
Q16WI2	0	unassigned	aegypti	Ae. aegypti
Q16WJ4	2	U-02	aegypti	Ae. aegypti
Q16WJ7	2	U-02	aegypti	Ae. aegypti
Q16WJ9	1	U-01	aegypti	Ae. aegypti
Q16WK0	1	U-01	aegypti	Ae. aegypti
Q16WK3	1	U-01	aegypti	Ae. aegypti
Q16WN3	2	U-02	aegypti	Ae. aegypti
Q16WP2	1	U-01	aegypti	Ae. aegypti
Q16WP3	1	U-01	aegypti	Ae. aegypti
Q16WQ4	0	unassigned	aegypti	Ae. aegypti
Q16WQ6	0	unassigned	aegypti	Ae. aegypti
Q16WQ8	0	unassigned	aegypti	Ae. aegypti
Q16WQ9	0	unassigned	aegypti	Ae. aegypti
Q16WR1	0	unassigned	aegypti	Ae. aegypti
Q16WR5	0	unassigned	aegypti	Ae. aegypti
Q16WR6	0	unassigned	aegypti	Ae. aegypti
Q16WR7	0	unassigned	aegypti	Ae. aegypti
Q16WR8	0	unassigned	aegypti	Ae. aegypti
Q16WR9	0	unassigned	aegypti	Ae. aegypti
Q16WS0	0	unassigned	aegypti	Ae. aegypti
Q16WS1	0	unassigned	aegypti	Ae. aegypti
Q16WS2	0	unassigned	aegypti	Ae. aegypti
Q16WT5	1	U-01	aegypti	Ae. aegypti
Q16WU7	2	U-02	aegypti	Ae. aegypti
Q16WV4	1	U-01	aegypti	Ae. aegypti
Q16WX8	1	U-01	aegypti	Ae. aegypti
Q16WX9	0	unassigned	aegypti	Ae. aegypti
Q16WY4	1	U-01	aegypti	Ae. aegypti
Q16X15	1	U-01	aegypti	Ae. aegypti
Q16X17	1	U-01	aegypti	Ae. aegypti
Q16X78	1	U-01	aegypti	Ae. aegypti
Q16X80	1	U-01	aegypti	Ae. aegypti
Q16X95	1	U-01	aegypti	Ae. aegypti
Q16X99	1	U-01	aegypti	Ae. aegypti
Q16XA1	1	U-01	aegypti	Ae. aegypti
Q16XB9	0	unassigned	aegypti	Ae. aegypti
Q16XF8	1	U-01	aegypti	Ae. aegypti
Q16XF9	1	U-01	aegypti	Ae. aegypti
Q16XG2	0	unassigned	aegypti	Ae. aegypti
Q16XG8	1	U-01	aegypti	Ae. aegypti
Q16XJ8	1	U-01	aegypti	Ae. aegypti
Q16XK0	1	U-01	aegypti	Ae. aegypti
Q16XK3	1	U-01	aegypti	Ae. aegypti
Q16XT2	1	U-01	aegypti	Ae. aegypti
Q16XU0	2	U-02	aegypti	Ae. aegypti
Q16XU2	2	U-02	aegypti	Ae. aegypti
Q16XU3	1	U-01	aegypti	Ae. aegypti
Q16XU4	1	U-01	aegypti	Ae. aegypti
Q16XW9	1	U-01	aegypti	Ae. aegypti
Q16XX1	1	U-01	aegypti	Ae. aegypti
Q16XX2	1	U-01	aegypti	Ae. aegypti
Q17GU7	2	U-02	aegypti	Ae. aegypti
Q17GV4	2	U-02	aegypti	Ae. aegypti
Q17GV9	1	U-01	aegypti	Ae. aegypti
Q17GW4	1	U-01	aegypti	Ae. aegypti
Q17GY5	1	U-01	aegypti	Ae. aegypti
Q17GY6	1	U-01	aegypti	Ae. aegypti
Q17H03	1	U-01	aegypti	Ae. aegypti
Q17H33	2	U-02	aegypti	Ae. aegypti
Q17H34	1	U-01	aegypti	Ae. aegypti
Q17H35	1	U-01	aegypti	Ae. aegypti
Q17H70	1	U-01	aegypti	Ae. aegypti
Q17H72	0	unassigned	aegypti	Ae. aegypti
Q17H73	0	unassigned	aegypti	Ae. aegypti
Q17H77	0	unassigned	aegypti	Ae. aegypti
Q17H78	0	unassigned	aegypti	Ae. aegypti
Q17H82	0	unassigned	aegypti	Ae. aegypti
Q17H85	1	U-01	aegypti	Ae. aegypti
Q17HC4	2	U-02	aegypti	Ae. aegypti
Q17HC6	1	U-01	aegypti	Ae. aegypti
Q17HC7	1	U-01	aegypti	Ae. aegypti
Q17HD7	2	U-02	aegypti	Ae. aegypti
Q17HE0	0	unassigned	aegypti	Ae. aegypti
Q17HE7	1	U-01	aegypti	Ae. aegypti
Q17HE8	1	U-01	aegypti	Ae. aegypti
Q17HE9	1	U-01	aegypti	Ae. aegypti
Q17HG3	2	U-02	aegypti	Ae. aegypti
Q17HG8	2	U-02	aegypti	Ae. aegypti
Q17HH1	2	U-02	aegypti	Ae. aegypti
Q17HH8	1	U-01	aegypti	Ae. aegypti
Q17HH9	1	U-01	aegypti	Ae. aegypti
Q17HI0	1	U-01	aegypti	Ae. aegypti
Q17HI1	1	U-01	aegypti	Ae. aegypti
Q17HJ3	1	U-01	aegypti	Ae. aegypti
Q17HJ4	1	U-01	aegypti	Ae. aegypti
Q17HJ5	1	U-01	aegypti	Ae. aegypti
Q17HL5	1	U-01	aegypti	Ae. aegypti
Q17HM9	2	U-02	aegypti	Ae. aegypti
Q17HN6	2	U-02	aegypti	Ae. aegypti
Q17HP0	1	U-01	aegypti	Ae. aegypti
Q17HP6	1	U-01	aegypti	Ae. aegypti
Q17HQ8	1	U-01	aegypti	Ae. aegypti
Q17HR3	1	U-01	aegypti	Ae. aegypti
Q17HR7	2	U-02	aegypti	Ae. aegypti
Q17HR9	2	U-02	aegypti	Ae. aegypti
Q17HS4	2	U-02	aegypti	Ae. aegypti
Q17HT1	2	U-02	aegypti	Ae. aegypti
Q17HU7	1	U-01	aegypti	Ae. aegypti
Q17HW2	1	U-01	aegypti	Ae. aegypti
Q17HX1	1	U-01	aegypti	Ae. aegypti
Q17HY3	1	U-01	aegypti	Ae. aegypti
Q17HZ7	1	U-01	aegypti	Ae. aegypti
Q17I12	2	U-02	aegypti	Ae. aegypti
Q17I16	1	U-01	aegypti	Ae. aegypti
Q17I37	1	U-01	aegypti	Ae. aegypti
Q17I57	0	unassigned	aegypti	Ae. aegypti
Q17I74	1	U-01	aegypti	Ae. aegypti
Q17I75	1	U-01	aegypti	Ae. aegypti
Q17I77	1	U-01	aegypti	Ae. aegypti
Q17I78	1	U-01	aegypti	Ae. aegypti
Q17I80	1	U-01	aegypti	Ae. aegypti
Q17I90	1	U-01	aegypti	Ae. aegypti
Q17IB9	1	U-01	aegypti	Ae. aegypti
Q17IC4	1	U-01	aegypti	Ae. aegypti
Q17IE6	1	U-01	aegypti	Ae. aegypti
Q17IE7	1	U-01	aegypti	Ae. aegypti
Q17IE9	1	U-01	aegypti	Ae. aegypti
Q17IF5	1	U-01	aegypti	Ae. aegypti
Q17IG8	1	U-01	aegypti	Ae. aegypti
Q17IH6	1	U-01	aegypti	Ae. aegypti
Q17IH8	1	U-01	aegypti	Ae. aegypti
Q17IJ9	1	U-01	aegypti	Ae. aegypti
Q17IL3	0	unassigned	aegypti	Ae. aegypti
Q17IL4	0	unassigned	aegypti	Ae. aegypti
Q17IM2	1	U-01	aegypti	Ae. aegypti
Q17IM3	1	U-01	aegypti	Ae. aegypti
Q17IM9	1	U-01	aegypti	Ae. aegypti
Q17IN0	1	U-01	aegypti	Ae. aegypti
Q17IN1	1	U-01	aegypti	Ae. aegypti
Q17IN6	1	U-01	aegypti	Ae. aegypti
Q17IP2	1	U-01	aegypti	Ae. aegypti
Q17IP3	1	U-01	aegypti	Ae. aegypti
Q17IP5	0	unassigned	aegypti	Ae. aegypti
Q17IQ3	2	U-02	aegypti	Ae. aegypti
Q17IQ4	1	U-01	aegypti	Ae. aegypti
Q17IQ9	2	U-02	aegypti	Ae. aegypti
Q17IR0	2	U-02	aegypti	Ae. aegypti
Q17IT0	1	U-01	aegypti	Ae. aegypti
A0A6I8TRS1	1	U-01	aegypti	Ae. aegypti
A0A6I8TRS5	1	U-01	aegypti	Ae. aegypti
A0A6I8TRS8	2	U-02	aegypti	Ae. aegypti
A0A6I8TRX1	1	U-01	aegypti	Ae. aegypti
A0A6I8TRX9	1	U-01	aegypti	Ae. aegypti
A0A6I8TRY3	1	U-01	aegypti	Ae. aegypti
A0A6I8TS34	2	U-02	aegypti	Ae. aegypti
A0A6I8TSB8	2	U-02	aegypti	Ae. aegypti
A0A6I8TSG2	1	U-01	aegypti	Ae. aegypti
A0A6I8TSG8	1	U-01	aegypti	Ae. aegypti
A0A6I8TSH4	1	U-01	aegypti	Ae. aegypti
A0A6I8TSJ0	1	U-01	aegypti	Ae. aegypti
A0A6I8TSJ8	1	U-01	aegypti	Ae. aegypti
Q16PF7	1	U-01	aegypti	Ae. aegypti
Q16PF9	1	U-01	aegypti	Ae. aegypti
Q16PG0	1	U-01	aegypti	Ae. aegypti
Q16PH9	1	U-01	aegypti	Ae. aegypti
Q16PI0	1	U-01	aegypti	Ae. aegypti
Q16PM9	1	U-01	aegypti	Ae. aegypti
Q16PN5	1	U-01	aegypti	Ae. aegypti
Q16PP2	1	U-01	aegypti	Ae. aegypti
Q16PR0	1	U-01	aegypti	Ae. aegypti
Q16PR6	2	U-02	aegypti	Ae. aegypti
Q16PR8	2	U-02	aegypti	Ae. aegypti
Q16PS0	2	U-02	aegypti	Ae. aegypti
Q16PS3	2	U-02	aegypti	Ae. aegypti
Q16PS5	2	U-02	aegypti	Ae. aegypti
Q16PS6	2	U-02	aegypti	Ae. aegypti
Q16PT4	1	U-01	aegypti	Ae. aegypti
Q16PU6	1	U-01	aegypti	Ae. aegypti
Q16PY5	1	U-01	aegypti	Ae. aegypti
Q16Q31	1	U-01	aegypti	Ae. aegypti
Q16Q38	1	U-01	aegypti	Ae. aegypti
Q16Q43	1	U-01	aegypti	Ae. aegypti
Q16Q53	1	U-01	aegypti	Ae. aegypti
Q16Q55	1	U-01	aegypti	Ae. aegypti
Q16Q66	1	U-01	aegypti	Ae. aegypti
Q16Q68	1	U-01	aegypti	Ae. aegypti
Q16Q69	1	U-01	aegypti	Ae. aegypti
Q16Q70	1	U-01	aegypti	Ae. aegypti
Q16Q81	1	U-01	aegypti	Ae. aegypti
Q16Q83	0	unassigned	aegypti	Ae. aegypti
Q16Q94	1	U-01	aegypti	Ae. aegypti
Q16Q99	1	U-01	aegypti	Ae. aegypti
Q16QA1	1	U-01	aegypti	Ae. aegypti
Q16QC7	1	U-01	aegypti	Ae. aegypti
Q16QD6	2	U-02	aegypti	Ae. aegypti
Q16QD7	2	U-02	aegypti	Ae. aegypti
Q16QE6	1	U-01	aegypti	Ae. aegypti
Q16QE7	0	unassigned	aegypti	Ae. aegypti
Q16QE9	0	unassigned	aegypti	Ae. aegypti
Q16QF1	0	unassigned	aegypti	Ae. aegypti
Q16QF4	1	U-01	aegypti	Ae. aegypti
Q16QG8	1	U-01	aegypti	Ae. aegypti
Q16QG9	1	U-01	aegypti	Ae. aegypti
Q16QH0	1	U-01	aegypti	Ae. aegypti
Q16QI1	1	U-01	aegypti	Ae. aegypti
Q16QK7	1	U-01	aegypti	Ae. aegypti
Q16QL1	1	U-01	aegypti	Ae. aegypti
Q16QM2	1	U-01	aegypti	Ae. aegypti
Q16QN4	1	U-01	aegypti	Ae. aegypti
Q16QN5	2	U-02	aegypti	Ae. aegypti
Q16QN6	1	U-01	aegypti	Ae. aegypti
Q16QR1	1	U-01	aegypti	Ae. aegypti
Q16QR4	1	U-01	aegypti	Ae. aegypti
Q16QS0	1	U-01	aegypti	Ae. aegypti
Q16QS3	1	U-01	aegypti	Ae. aegypti
Q16QT3	1	U-01	aegypti	Ae. aegypti
Q16QW8	1	U-01	aegypti	Ae. aegypti
Q16QW9	1	U-01	aegypti	Ae. aegypti
Q16QX0	2	U-02	aegypti	Ae. aegypti
Q16QY9	1	U-01	aegypti	Ae. aegypti
Q16QZ2	1	U-01	aegypti	Ae. aegypti
Q16QZ6	2	U-02	aegypti	Ae. aegypti
Q16QZ8	1	U-01	aegypti	Ae. aegypti
Q16R00	1	U-01	aegypti	Ae. aegypti
Q16R02	1	U-01	aegypti	Ae. aegypti
Q16R31	1	U-01	aegypti	Ae. aegypti
Q16R36	1	U-01	aegypti	Ae. aegypti
Q16R37	1	U-01	aegypti	Ae. aegypti
Q16R44	1	U-01	aegypti	Ae. aegypti
Q16R53	1	U-01	aegypti	Ae. aegypti
Q16R72	1	U-01	aegypti	Ae. aegypti
Q16R73	1	U-01	aegypti	Ae. aegypti
Q16R79	1	U-01	aegypti	Ae. aegypti
Q16R90	2	U-02	aegypti	Ae. aegypti
Q16RB5	1	U-01	aegypti	Ae. aegypti
Q16RC6	1	U-01	aegypti	Ae. aegypti
Q16RE9	1	U-01	aegypti	Ae. aegypti
Q16RF4	1	U-01	aegypti	Ae. aegypti
Q16RF5	1	U-01	aegypti	Ae. aegypti
Q16RF9	1	U-01	aegypti	Ae. aegypti
Q16RH4	1	U-01	aegypti	Ae. aegypti
Q16RI1	1	U-01	aegypti	Ae. aegypti
Q16RI3	1	U-01	aegypti	Ae. aegypti
Q16RI5	2	U-02	aegypti	Ae. aegypti
Q16RK1	1	U-01	aegypti	Ae. aegypti
Q16RL8	1	U-01	aegypti	Ae. aegypti
Q16RM5	1	U-01	aegypti	Ae. aegypti
Q16RM6	1	U-01	aegypti	Ae. aegypti
Q16RN9	2	U-02	aegypti	Ae. aegypti
Q16RP1	1	U-01	aegypti	Ae. aegypti
Q16RP8	1	U-01	aegypti	Ae. aegypti
Q16RQ9	1	U-01	aegypti	Ae. aegypti
Q16RR7	1	U-01	aegypti	Ae. aegypti
Q16RS5	0	unassigned	aegypti	Ae. aegypti
Q16RS6	1	U-01	aegypti	Ae. aegypti
Q16RS7	0	unassigned	aegypti	Ae. aegypti
Q16RS8	0	unassigned	aegypti	Ae. aegypti
Q16RS9	1	U-01	aegypti	Ae. aegypti
Q16RU0	1	U-01	aegypti	Ae. aegypti
Q16RU1	1	U-01	aegypti	Ae. aegypti
Q16RU2	1	U-01	aegypti	Ae. aegypti
A0A903UP34	1	U-01	aegypti	Ae. aegypti
A0A903UP91	1	U-01	aegypti	Ae. aegypti
A0A903UPI4	1	U-01	aegypti	Ae. aegypti
A0A903UPJ5	1	U-01	aegypti	Ae. aegypti
A0A903UPJ6	1	U-01	aegypti	Ae. aegypti
A0A903UPJ8	2	U-02	aegypti	Ae. aegypti
A0A903UPP4	2	U-02	aegypti	Ae. aegypti
A0A903UPQ0	1	U-01	aegypti	Ae. aegypti
A0A903UPR4	1	U-01	aegypti	Ae. aegypti
A0A903UPT8	1	U-01	aegypti	Ae. aegypti
A0A903UPU7	1	U-01	aegypti	Ae. aegypti
A0A903UPV1	1	U-01	aegypti	Ae. aegypti
A0A903UQ14	1	U-01	aegypti	Ae. aegypti
A0A903UQ73	1	U-01	aegypti	Ae. aegypti
A0A903UQA3	1	U-01	aegypti	Ae. aegypti
A0A903UQA6	1	U-01	aegypti	Ae. aegypti
A0A903UQD5	0	unassigned	aegypti	Ae. aegypti
A0A903UQR6	2	U-02	aegypti	Ae. aegypti
A0A903UQS0	2	U-02	aegypti	Ae. aegypti
A0A903UQX9	1	U-01	aegypti	Ae. aegypti
A0A903UR25	1	U-01	aegypti	Ae. aegypti
A0A903UR49	1	U-01	aegypti	Ae. aegypti
A0A903UR54	1	U-01	aegypti	Ae. aegypti
A0A903UR77	1	U-01	aegypti	Ae. aegypti
A0A903URL6	1	U-01	aegypti	Ae. aegypti
A0A903URM2	1	U-01	aegypti	Ae. aegypti
A0A903URN3	1	U-01	aegypti	Ae. aegypti
A0A903URQ4	1	U-01	aegypti	Ae. aegypti
A0A903UZL9	2	U-02	aegypti	Ae. aegypti
A0A903UZN5	2	U-02	aegypti	Ae. aegypti
A0A903UZP6	2	U-02	aegypti	Ae. aegypti
A0A903UZR4	2	U-02	aegypti	Ae. aegypti
A0A903UZT3	1	U-01	aegypti	Ae. aegypti
A0A903UZT7	1	U-01	aegypti	Ae. aegypti
A0A903UZU2	2	U-02	aegypti	Ae. aegypti
A0A903UZW1	0	unassigned	aegypti	Ae. aegypti
A0A903UZX1	1	U-01	aegypti	Ae. aegypti
A0A903UZX5	1	U-01	aegypti	Ae. aegypti
A0A903UZY6	0	unassigned	aegypti	Ae. aegypti
A0A903UZZ2	1	U-01	aegypti	Ae. aegypti
A0A903UZZ8	1	U-01	aegypti	Ae. aegypti
A0A903V002	2	U-02	aegypti	Ae. aegypti
A0A903V012	1	U-01	aegypti	Ae. aegypti
A0A903V036	0	unassigned	aegypti	Ae. aegypti
A0A903V0B3	1	U-01	aegypti	Ae. aegypti
A0A903V0I9	1	U-01	aegypti	Ae. aegypti
A0A903V0J5	1	U-01	aegypti	Ae. aegypti
A0A903V0K8	0	unassigned	aegypti	Ae. aegypti
A0A903V0L0	1	U-01	aegypti	Ae. aegypti
A0A903V0L7	1	U-01	aegypti	Ae. aegypti
A0A903V0W9	1	U-01	aegypti	Ae. aegypti
A0A903V0Z6	1	U-01	aegypti	Ae. aegypti
A0A903V103	2	U-02	aegypti	Ae. aegypti
A0A903V116	1	U-01	aegypti	Ae. aegypti
A0A903V126	1	U-01	aegypti	Ae. aegypti
A0A903V127	1	U-01	aegypti	Ae. aegypti
A0A903V180	1	U-01	aegypti	Ae. aegypti
A0A903V1B3	1	U-01	aegypti	Ae. aegypti
A0A903V1C1	1	U-01	aegypti	Ae. aegypti
A0A903V1C5	1	U-01	aegypti	Ae. aegypti
A0A903V1C7	1	U-01	aegypti	Ae. aegypti
A0A903V1F0	2	U-02	aegypti	Ae. aegypti
A0A903V1K4	1	U-01	aegypti	Ae. aegypti
A0A903V1L3	1	U-01	aegypti	Ae. aegypti
A0A903V1M9	1	U-01	aegypti	Ae. aegypti
A0A903V1R0	0	unassigned	aegypti	Ae. aegypti
A0A903V1S7	1	U-01	aegypti	Ae. aegypti
A0A903V222	1	U-01	aegypti	Ae. aegypti
A0A903V260	2	U-02	aegypti	Ae. aegypti
A0A903V272	1	U-01	aegypti	Ae. aegypti
A0A903V280	1	U-01	aegypti	Ae. aegypti
A0A903V284	1	U-01	aegypti	Ae. aegypti
A0A903V2B4	1	U-01	aegypti	Ae. aegypti
A0A903V2J0	1	U-01	aegypti	Ae. aegypti
A0A903V2M6	2	U-02	aegypti	Ae. aegypti
A0A903V2S4	0	unassigned	aegypti	Ae. aegypti
A0A903V2T1	2	U-02	aegypti	Ae. aegypti
A0A903V2T4	0	unassigned	aegypti	Ae. aegypti
A0A903V2T5	1	U-01	aegypti	Ae. aegypti
A0A903V2T8	1	U-01	aegypti	Ae. aegypti
A0A903V2U0	1	U-01	aegypti	Ae. aegypti
A0A903V2X0	0	unassigned	aegypti	Ae. aegypti
A0A903V2X6	1	U-01	aegypti	Ae. aegypti
A0A903V2Z2	1	U-01	aegypti	Ae. aegypti
A0A903V328	1	U-01	aegypti	Ae. aegypti
A0A903V333	1	U-01	aegypti	Ae. aegypti
A0A903V350	1	U-01	aegypti	Ae. aegypti
A0A903V380	1	U-01	aegypti	Ae. aegypti
A0A903V3B0	2	U-02	aegypti	Ae. aegypti
A0A903V3B1	1	U-01	aegypti	Ae. aegypti
A0A903V3G1	1	U-01	aegypti	Ae. aegypti
A0A903V3H5	0	unassigned	aegypti	Ae. aegypti
A0A903V3K5	1	U-01	aegypti	Ae. aegypti
A0A903V3L0	1	U-01	aegypti	Ae. aegypti
A0A903V3L9	1	U-01	aegypti	Ae. aegypti
A0A903V3N2	1	U-01	aegypti	Ae. aegypti
A0A903V3P9	1	U-01	aegypti	Ae. aegypti
A0A903V3U7	1	U-01	aegypti	Ae. aegypti
A0A903V3V0	1	U-01	aegypti	Ae. aegypti
A0A903V3V9	1	U-01	aegypti	Ae. aegypti
A0A6I8TKF5	1	U-01	aegypti	Ae. aegypti
A0A6I8TKG1	1	U-01	aegypti	Ae. aegypti
A0A6I8TKG6	0	unassigned	aegypti	Ae. aegypti
A0A6I8TKG8	1	U-01	aegypti	Ae. aegypti
A0A6I8TKH2	1	U-01	aegypti	Ae. aegypti
A0A6I8TKH4	0	unassigned	aegypti	Ae. aegypti
A0A6I8TKH5	2	U-02	aegypti	Ae. aegypti
A0A6I8TKI1	1	U-01	aegypti	Ae. aegypti
A0A6I8TKI3	2	U-02	aegypti	Ae. aegypti
A0A6I8TKI4	1	U-01	aegypti	Ae. aegypti
A0A6I8TKI6	1	U-01	aegypti	Ae. aegypti
A0A6I8TKJ1	1	U-01	aegypti	Ae. aegypti
A0A6I8TKJ3	1	U-01	aegypti	Ae. aegypti
A0A6I8TKJ5	2	U-02	aegypti	Ae. aegypti
A0A6I8TKJ7	2	U-02	aegypti	Ae. aegypti
A0A6I8TKK0	1	U-01	aegypti	Ae. aegypti
A0A6I8TKK1	0	unassigned	aegypti	Ae. aegypti
A0A6I8TKL3	1	U-01	aegypti	Ae. aegypti
A0A6I8TKL6	1	U-01	aegypti	Ae. aegypti
A0A6I8TKL7	2	U-02	aegypti	Ae. aegypti
A0A6I8TKL9	1	U-01	aegypti	Ae. aegypti
A0A6I8TKM2	1	U-01	aegypti	Ae. aegypti
A0A6I8TKM7	1	U-01	aegypti	Ae. aegypti
A0A6I8TKM9	2	U-02	aegypti	Ae. aegypti
A0A6I8TKN0	1	U-01	aegypti	Ae. aegypti
A0A6I8TKN1	2	U-02	aegypti	Ae. aegypti
A0A6I8TKN5	1	U-01	aegypti	Ae. aegypti
A0A6I8TKN9	1	U-01	aegypti	Ae. aegypti
A0A6I8TKP0	1	U-01	aegypti	Ae. aegypti
A0A6I8TKP1	1	U-01	aegypti	Ae. aegypti
A0A6I8TKP3	0	unassigned	aegypti	Ae. aegypti
A0A6I8TKP6	0	unassigned	aegypti	Ae. aegypti
A0A6I8TKQ2	1	U-01	aegypti	Ae. aegypti
A0A6I8TKQ4	1	U-01	aegypti	Ae. aegypti
A0A6I8TKR0	1	U-01	aegypti	Ae. aegypti
A0A6I8TKR2	1	U-01	aegypti	Ae. aegypti
A0A6I8TKS7	0	unassigned	aegypti	Ae. aegypti
A0A6I8TKU4	1	U-01	aegypti	Ae. aegypti
A0A6I8TKV6	1	U-01	aegypti	Ae. aegypti
A0A6I8TKW1	2	U-02	aegypti	Ae. aegypti
A0A6I8TKX0	1	U-01	aegypti	Ae. aegypti
A0A6I8TKX2	1	U-01	aegypti	Ae. aegypti
A0A6I8TKX4	1	U-01	aegypti	Ae. aegypti
A0A6I8TKX7	1	U-01	aegypti	Ae. aegypti
A0A6I8TKY2	1	U-01	aegypti	Ae. aegypti
A0A6I8TKY4	1	U-01	aegypti	Ae. aegypti
A0A6I8TKZ5	2	U-02	aegypti	Ae. aegypti
A0A6I8TKZ7	2	U-02	aegypti	Ae. aegypti
A0A6I8TKZ9	1	U-01	aegypti	Ae. aegypti
A0A6I8TL00	1	U-01	aegypti	Ae. aegypti
A0A6I8TL01	2	U-02	aegypti	Ae. aegypti
A0A6I8TL16	2	U-02	aegypti	Ae. aegypti
A0A6I8TL17	1	U-01	aegypti	Ae. aegypti
A0A6I8TL19	0	unassigned	aegypti	Ae. aegypti
A0A6I8TL20	2	U-02	aegypti	Ae. aegypti
A0A6I8TL23	1	U-01	aegypti	Ae. aegypti
A0A6I8TL27	0	unassigned	aegypti	Ae. aegypti
A0A6I8TL31	2	U-02	aegypti	Ae. aegypti
A0A6I8TL33	2	U-02	aegypti	Ae. aegypti
A0A6I8TL39	1	U-01	aegypti	Ae. aegypti
A0A6I8TL42	1	U-01	aegypti	Ae. aegypti
A0A6I8TL44	1	U-01	aegypti	Ae. aegypti
A0A6I8TL48	1	U-01	aegypti	Ae. aegypti
A0A6I8TL52	1	U-01	aegypti	Ae. aegypti
A0A6I8TL55	0	unassigned	aegypti	Ae. aegypti
A0A6I8TL59	0	unassigned	aegypti	Ae. aegypti
A0A6I8TL60	1	U-01	aegypti	Ae. aegypti
A0A6I8TL61	0	unassigned	aegypti	Ae. aegypti
A0A6I8TL62	2	U-02	aegypti	Ae. aegypti
A0A6I8TL63	1	U-01	aegypti	Ae. aegypti
A0A6I8TL64	0	unassigned	aegypti	Ae. aegypti
A0A6I8TL65	2	U-02	aegypti	Ae. aegypti
A0A6I8TL68	0	unassigned	aegypti	Ae. aegypti
A0A6I8TL73	0	unassigned	aegypti	Ae. aegypti
A0A6I8TL75	1	U-01	aegypti	Ae. aegypti
A0A6I8TL77	1	U-01	aegypti	Ae. aegypti
A0A6I8TL79	0	unassigned	aegypti	Ae. aegypti
A0A6I8TL87	0	unassigned	aegypti	Ae. aegypti
A0A6I8TL92	1	U-01	aegypti	Ae. aegypti
A0A6I8TL93	0	unassigned	aegypti	Ae. aegypti
A0A6I8TL96	1	U-01	aegypti	Ae. aegypti
A0A6I8TL98	1	U-01	aegypti	Ae. aegypti
A0A6I8TL99	0	unassigned	aegypti	Ae. aegypti
A0A6I8TLA8	2	U-02	aegypti	Ae. aegypti
A0A6I8TLB3	1	U-01	aegypti	Ae. aegypti
A0A6I8TLB6	1	U-01	aegypti	Ae. aegypti
A0A6I8TLB8	1	U-01	aegypti	Ae. aegypti
A0A6I8TLC0	2	U-02	aegypti	Ae. aegypti
A0A6I8TLC2	0	unassigned	aegypti	Ae. aegypti
A0A6I8TLC4	1	U-01	aegypti	Ae. aegypti
A0A6I8TLC9	1	U-01	aegypti	Ae. aegypti
A0A6I8TLD2	1	U-01	aegypti	Ae. aegypti
A0A6I8TLD4	1	U-01	aegypti	Ae. aegypti
A0A6I8TLE4	1	U-01	aegypti	Ae. aegypti
A0A6I8TLE6	1	U-01	aegypti	Ae. aegypti
A0A6I8TLE8	2	U-02	aegypti	Ae. aegypti
A0A6I8TLG0	1	U-01	aegypti	Ae. aegypti
A0A6I8TLG1	1	U-01	aegypti	Ae. aegypti
A0A6I8TLG2	1	U-01	aegypti	Ae. aegypti
A0A6I8TLG8	1	U-01	aegypti	Ae. aegypti
Q17DF9	1	U-01	aegypti	Ae. aegypti
Q17DH1	1	U-01	aegypti	Ae. aegypti
Q17DK7	1	U-01	aegypti	Ae. aegypti
Q17DK8	1	U-01	aegypti	Ae. aegypti
Q17DL1	1	U-01	aegypti	Ae. aegypti
Q17DM8	1	U-01	aegypti	Ae. aegypti
Q17DM9	1	U-01	aegypti	Ae. aegypti
Q17DN0	1	U-01	aegypti	Ae. aegypti
Q17DN2	1	U-01	aegypti	Ae. aegypti
Q17DN6	1	U-01	aegypti	Ae. aegypti
Q17DN9	1	U-01	aegypti	Ae. aegypti
Q17DP5	1	U-01	aegypti	Ae. aegypti
Q17DQ0	2	U-02	aegypti	Ae. aegypti
Q17DS3	1	U-01	aegypti	Ae. aegypti
Q17DS9	0	unassigned	aegypti	Ae. aegypti
Q17DT2	1	U-01	aegypti	Ae. aegypti
Q17DT5	1	U-01	aegypti	Ae. aegypti
Q17DU4	1	U-01	aegypti	Ae. aegypti
Q17DU5	1	U-01	aegypti	Ae. aegypti
Q17DW7	1	U-01	aegypti	Ae. aegypti
Q17DX6	1	U-01	aegypti	Ae. aegypti
Q17DY1	2	U-02	aegypti	Ae. aegypti
Q17E02	1	U-01	aegypti	Ae. aegypti
Q17E27	1	U-01	aegypti	Ae. aegypti
Q17E49	1	U-01	aegypti	Ae. aegypti
Q17E60	1	U-01	aegypti	Ae. aegypti
Q17E61	1	U-01	aegypti	Ae. aegypti
Q17E71	1	U-01	aegypti	Ae. aegypti
Q17E76	2	U-02	aegypti	Ae. aegypti
Q17E77	2	U-02	aegypti	Ae. aegypti
Q17E78	1	U-01	aegypti	Ae. aegypti
Q17EA0	1	U-01	aegypti	Ae. aegypti
Q17EA1	1	U-01	aegypti	Ae. aegypti
Q17EA2	1	U-01	aegypti	Ae. aegypti
Q17EA7	0	unassigned	aegypti	Ae. aegypti
Q17EB3	1	U-01	aegypti	Ae. aegypti
Q17EB6	1	U-01	aegypti	Ae. aegypti
Q17EK5	1	U-01	aegypti	Ae. aegypti
Q17EN6	0	unassigned	aegypti	Ae. aegypti
Q17EN7	1	U-01	aegypti	Ae. aegypti
Q17EN8	1	U-01	aegypti	Ae. aegypti
Q17ET5	1	U-01	aegypti	Ae. aegypti
Q17ET6	1	U-01	aegypti	Ae. aegypti
Q17ET7	1	U-01	aegypti	Ae. aegypti
Q17EU3	1	U-01	aegypti	Ae. aegypti
Q17EV3	1	U-01	aegypti	Ae. aegypti
Q17EV5	1	U-01	aegypti	Ae. aegypti
Q17F01	1	U-01	aegypti	Ae. aegypti
Q17F42	1	U-01	aegypti	Ae. aegypti
Q17F51	1	U-01	aegypti	Ae. aegypti
Q17F66	1	U-01	aegypti	Ae. aegypti
Q17F92	1	U-01	aegypti	Ae. aegypti
Q17FB9	1	U-01	aegypti	Ae. aegypti
Q17FC3	1	U-01	aegypti	Ae. aegypti
Q17FC9	2	U-02	aegypti	Ae. aegypti
Q17FE1	1	U-01	aegypti	Ae. aegypti
Q17FE6	2	U-02	aegypti	Ae. aegypti
Q17FE7	2	U-02	aegypti	Ae. aegypti
Q17FH8	1	U-01	aegypti	Ae. aegypti
Q17FI3	2	U-02	aegypti	Ae. aegypti
Q17FI4	1	U-01	aegypti	Ae. aegypti
Q17FJ1	1	U-01	aegypti	Ae. aegypti
Q17FL2	1	U-01	aegypti	Ae. aegypti
Q17FM1	1	U-01	aegypti	Ae. aegypti
Q17FN6	1	U-01	aegypti	Ae. aegypti
Q17FN7	0	unassigned	aegypti	Ae. aegypti
Q17FN8	1	U-01	aegypti	Ae. aegypti
Q17FP3	1	U-01	aegypti	Ae. aegypti
Q17FP4	1	U-01	aegypti	Ae. aegypti
Q17FP7	1	U-01	aegypti	Ae. aegypti
Q17FP8	0	unassigned	aegypti	Ae. aegypti
Q17FQ9	0	unassigned	aegypti	Ae. aegypti
Q17FX9	0	unassigned	aegypti	Ae. aegypti
Q17FY3	1	U-01	aegypti	Ae. aegypti
Q17G03	1	U-01	aegypti	Ae. aegypti
Q17G11	0	unassigned	aegypti	Ae. aegypti
Q17G12	0	unassigned	aegypti	Ae. aegypti
Q17G13	0	unassigned	aegypti	Ae. aegypti
Q17G14	0	unassigned	aegypti	Ae. aegypti
Q17G16	0	unassigned	aegypti	Ae. aegypti
Q17G30	0	unassigned	aegypti	Ae. aegypti
Q17G39	2	U-02	aegypti	Ae. aegypti
Q17G45	1	U-01	aegypti	Ae. aegypti
Q17G46	1	U-01	aegypti	Ae. aegypti
Q17G50	1	U-01	aegypti	Ae. aegypti
Q17G84	1	U-01	aegypti	Ae. aegypti
Q17GA2	2	U-02	aegypti	Ae. aegypti
Q17GA8	1	U-01	aegypti	Ae. aegypti
Q17GB9	1	U-01	aegypti	Ae. aegypti
Q17GC7	2	U-02	aegypti	Ae. aegypti
Q17GC8	2	U-02	aegypti	Ae. aegypti
Q17GG1	2	U-02	aegypti	Ae. aegypti
Q17GH0	1	U-01	aegypti	Ae. aegypti
Q17GK1	1	U-01	aegypti	Ae. aegypti
Q17GL3	2	U-02	aegypti	Ae. aegypti
Q17GL4	2	U-02	aegypti	Ae. aegypti
Q17GL7	2	U-02	aegypti	Ae. aegypti
Q17GM4	1	U-01	aegypti	Ae. aegypti
Q17GP8	1	U-01	aegypti	Ae. aegypti
Q17GT6	1	U-01	aegypti	Ae. aegypti
A0A1S4FZU0	2	U-02	aegypti	Ae. aegypti
A0A1S4FZV0	1	U-01	aegypti	Ae. aegypti
A0A1S4FZX7	1	U-01	aegypti	Ae. aegypti
A0A1S4FZY7	2	U-02	aegypti	Ae. aegypti
A0A1S4FZZ5	1	U-01	aegypti	Ae. aegypti
A0A1S4G002	1	U-01	aegypti	Ae. aegypti
A0A1S4G004	1	U-01	aegypti	Ae. aegypti
A0A1S4G028	2	U-02	aegypti	Ae. aegypti
A0A1S4G030	1	U-01	aegypti	Ae. aegypti
A0A1S4G065	1	U-01	aegypti	Ae. aegypti
A0A1S4G076	1	U-01	aegypti	Ae. aegypti
A0A1S4G077	1	U-01	aegypti	Ae. aegypti
A0A1S4G0A8	1	U-01	aegypti	Ae. aegypti
A0A1S4G0C8	1	U-01	aegypti	Ae. aegypti
A0A1S4G0H1	1	U-01	aegypti	Ae. aegypti
A0A1S4G0L3	2	U-02	aegypti	Ae. aegypti
A0A1S4G0M8	1	U-01	aegypti	Ae. aegypti
A0A1S4G0N4	1	U-01	aegypti	Ae. aegypti
A0A1S4G0Q2	1	U-01	aegypti	Ae. aegypti
A0A1S4G0R7	1	U-01	aegypti	Ae. aegypti
A0A1S4G0S1	1	U-01	aegypti	Ae. aegypti
A0A1S4G0S2	1	U-01	aegypti	Ae. aegypti
A0A1S4G0U3	1	U-01	aegypti	Ae. aegypti
A0A1S4G0U5	0	unassigned	aegypti	Ae. aegypti
A0A1S4G0X7	2	U-02	aegypti	Ae. aegypti
A0A1S4G0Y3	2	U-02	aegypti	Ae. aegypti
A0A1S4G0Y5	1	U-01	aegypti	Ae. aegypti
A0A1S4G0Z0	0	unassigned	aegypti	Ae. aegypti
A0A1S4G125	1	U-01	aegypti	Ae. aegypti
A0A1S4G126	1	U-01	aegypti	Ae. aegypti
A0A1S4G159	1	U-01	aegypti	Ae. aegypti
A0A1S4G168	1	U-01	aegypti	Ae. aegypti
A0A1S4G185	1	U-01	aegypti	Ae. aegypti
A0A1S4G1A7	1	U-01	aegypti	Ae. aegypti
A0A1S4G1B1	1	U-01	aegypti	Ae. aegypti
A0A1S4G1E4	1	U-01	aegypti	Ae. aegypti
A0A1S4G1F2	0	unassigned	aegypti	Ae. aegypti
A0A1S4G1G1	2	U-02	aegypti	Ae. aegypti
A0A1S4G1H9	1	U-01	aegypti	Ae. aegypti
A0A1S4G1J0	1	U-01	aegypti	Ae. aegypti
A0A1S4G1K4	1	U-01	aegypti	Ae. aegypti
A0A1S4G1L8	1	U-01	aegypti	Ae. aegypti
A0A1S4G1N2	1	U-01	aegypti	Ae. aegypti
A0A1S4G1N7	2	U-02	aegypti	Ae. aegypti
A0A1S4G1Z9	1	U-01	aegypti	Ae. aegypti
A0A1S4G206	2	U-02	aegypti	Ae. aegypti
A0A1S4G210	1	U-01	aegypti	Ae. aegypti
A0A1S4G215	1	U-01	aegypti	Ae. aegypti
A0A1S4G218	2	U-02	aegypti	Ae. aegypti
A0A1S4G219	2	U-02	aegypti	Ae. aegypti
A0A1S4G240	1	U-01	aegypti	Ae. aegypti
A0A1S4G242	0	unassigned	aegypti	Ae. aegypti
A0A1S4G245	2	U-02	aegypti	Ae. aegypti
A0A1S4G252	0	unassigned	aegypti	Ae. aegypti
A0A1S4G255	1	U-01	aegypti	Ae. aegypti
A0A1S4G257	0	unassigned	aegypti	Ae. aegypti
A0A1S4G260	1	U-01	aegypti	Ae. aegypti
A0A1S4G262	0	unassigned	aegypti	Ae. aegypti
A0A6I8T6U3	1	U-01	aegypti	Ae. aegypti
A0A6I8T6U4	1	U-01	aegypti	Ae. aegypti
A0A6I8T6U6	1	U-01	aegypti	Ae. aegypti
A0A6I8T6V4	2	U-02	aegypti	Ae. aegypti
A0A6I8T6V6	1	U-01	aegypti	Ae. aegypti
A0A6I8T6V7	0	unassigned	aegypti	Ae. aegypti
A0A6I8T6V8	2	U-02	aegypti	Ae. aegypti
A0A6I8T6V9	2	U-02	aegypti	Ae. aegypti
A0A6I8T6W1	2	U-02	aegypti	Ae. aegypti
A0A6I8T6W3	1	U-01	aegypti	Ae. aegypti
A0A6I8T6W5	2	U-02	aegypti	Ae. aegypti
A0A6I8T6W6	1	U-01	aegypti	Ae. aegypti
A0A6I8T6X3	1	U-01	aegypti	Ae. aegypti
A0A6I8T6X4	1	U-01	aegypti	Ae. aegypti
A0A6I8T6X5	1	U-01	aegypti	Ae. aegypti
A0A6I8T6Y2	2	U-02	aegypti	Ae. aegypti
A0A6I8T6Z0	2	U-02	aegypti	Ae. aegypti
A0A6I8T6Z3	1	U-01	aegypti	Ae. aegypti
A0A6I8T6Z4	1	U-01	aegypti	Ae. aegypti
A0A6I8T6Z7	1	U-01	aegypti	Ae. aegypti
A0A6I8T704	0	unassigned	aegypti	Ae. aegypti
A0A6I8T705	1	U-01	aegypti	Ae. aegypti
A0A6I8T710	0	unassigned	aegypti	Ae. aegypti
A0A6I8T711	1	U-01	aegypti	Ae. aegypti
A0A6I8T715	1	U-01	aegypti	Ae. aegypti
A0A6I8T717	2	U-02	aegypti	Ae. aegypti
A0A6I8T719	1	U-01	aegypti	Ae. aegypti
A0A6I8T726	1	U-01	aegypti	Ae. aegypti
A0A6I8T727	2	U-02	aegypti	Ae. aegypti
A0A6I8T731	1	U-01	aegypti	Ae. aegypti
A0A6I8T733	1	U-01	aegypti	Ae. aegypti
A0A6I8T734	1	U-01	aegypti	Ae. aegypti
A0A6I8T743	2	U-02	aegypti	Ae. aegypti
A0A6I8T750	2	U-02	aegypti	Ae. aegypti
A0A6I8T754	1	U-01	aegypti	Ae. aegypti
A0A6I8T756	1	U-01	aegypti	Ae. aegypti
A0A6I8T757	1	U-01	aegypti	Ae. aegypti
A0A6I8T759	1	U-01	aegypti	Ae. aegypti
A0A6I8T760	1	U-01	aegypti	Ae. aegypti
A0A6I8T776	1	U-01	aegypti	Ae. aegypti
A0A6I8T777	1	U-01	aegypti	Ae. aegypti
A0A6I8T778	1	U-01	aegypti	Ae. aegypti
A0A6I8TRZ9	1	U-01	aegypti	Ae. aegypti
A0A6I8TS04	1	U-01	aegypti	Ae. aegypti
A0A6I8TS14	1	U-01	aegypti	Ae. aegypti
A0A6I8TS28	0	unassigned	aegypti	Ae. aegypti
A0A6I8TS37	2	U-02	aegypti	Ae. aegypti
A0A6I8TS38	0	unassigned	aegypti	Ae. aegypti
A0A6I8TS41	0	unassigned	aegypti	Ae. aegypti
A0A6I8TS48	2	U-02	aegypti	Ae. aegypti
A0A6I8TS53	1	U-01	aegypti	Ae. aegypti
A0A6I8TS58	2	U-02	aegypti	Ae. aegypti
A0A6I8TS59	1	U-01	aegypti	Ae. aegypti
A0A6I8TS63	1	U-01	aegypti	Ae. aegypti
A0A6I8TS69	1	U-01	aegypti	Ae. aegypti
A0A6I8TS70	1	U-01	aegypti	Ae. aegypti
A0A6I8TS71	0	unassigned	aegypti	Ae. aegypti
A0A6I8TS72	2	U-02	aegypti	Ae. aegypti
A0A6I8TS73	2	U-02	aegypti	Ae. aegypti
A0A6I8TS80	1	U-01	aegypti	Ae. aegypti
A0A6I8TS82	1	U-01	aegypti	Ae. aegypti
A0A6I8TS89	1	U-01	aegypti	Ae. aegypti
A0A6I8TS93	1	U-01	aegypti	Ae. aegypti
A0A6I8TS94	0	unassigned	aegypti	Ae. aegypti
A0A6I8TS96	2	U-02	aegypti	Ae. aegypti
A0A6I8TS97	2	U-02	aegypti	Ae. aegypti
A0A6I8TSA3	0	unassigned	aegypti	Ae. aegypti
A0A6I8TSA6	1	U-01	aegypti	Ae. aegypti
A0A6I8TSA7	0	unassigned	aegypti	Ae. aegypti
A0A6I8TSA9	2	U-02	aegypti	Ae. aegypti
A0A6I8TSB0	1	U-01	aegypti	Ae. aegypti
A0A6I8TSB1	1	U-01	aegypti	Ae. aegypti
A0A6I8TSB5	2	U-02	aegypti	Ae. aegypti
A0A6I8TSD5	1	U-01	aegypti	Ae. aegypti
A0A6I8TSD6	1	U-01	aegypti	Ae. aegypti
A0A6I8TSE0	1	U-01	aegypti	Ae. aegypti
A0A6I8TSE8	1	U-01	aegypti	Ae. aegypti
A0A6I8TKL5	1	U-01	aegypti	Ae. aegypti
A0A6I8TL56	2	U-02	aegypti	Ae. aegypti
A0A6I8TMH6	1	U-01	aegypti	Ae. aegypti
A0A6I8TMQ9	1	U-01	aegypti	Ae. aegypti
A0A6I8TNY0	1	U-01	aegypti	Ae. aegypti
A0A6I8TP05	2	U-02	aegypti	Ae. aegypti
A0A6I8TPG4	1	U-01	aegypti	Ae. aegypti
A0A6I8TPN5	1	U-01	aegypti	Ae. aegypti
A0A6I8TQH2	1	U-01	aegypti	Ae. aegypti
A0A6I8TRN5	1	U-01	aegypti	Ae. aegypti
A0A6I8TSA5	1	U-01	aegypti	Ae. aegypti
A0A6I8TSS3	1	U-01	aegypti	Ae. aegypti
A0A6I8TUR2	1	U-01	aegypti	Ae. aegypti
A0A6I8TWI5	2	U-02	aegypti	Ae. aegypti
A0A6I8TXJ0	1	U-01	aegypti	Ae. aegypti
A0A6I8TXJ4	1	U-01	aegypti	Ae. aegypti
A0A6I8TZA5	1	U-01	aegypti	Ae. aegypti
A0A6I8TZJ5	2	U-02	aegypti	Ae. aegypti
A0A6I8TZR6	1	U-01	aegypti	Ae. aegypti
A0A6I8U0H0	1	U-01	aegypti	Ae. aegypti
A0A6I8U0P0	1	U-01	aegypti	Ae. aegypti
A0A6I8U6C3	2	U-02	aegypti	Ae. aegypti
A0A6I8U6R3	2	U-02	aegypti	Ae. aegypti
A0A6I8U6U9	1	U-01	aegypti	Ae. aegypti
A0A6I8U7U7	2	U-02	aegypti	Ae. aegypti
A0A6R5I8C8	2	U-02	aegypti	Ae. aegypti
A0A903TL44	2	U-02	aegypti	Ae. aegypti
A0A903TL73	2	U-02	aegypti	Ae. aegypti
A0A903U8I9	1	U-01	aegypti	Ae. aegypti
A0A903UC22	2	U-02	aegypti	Ae. aegypti
A0A903UIF7	1	U-01	aegypti	Ae. aegypti
A0A903UK36	1	U-01	aegypti	Ae. aegypti
A0A903UPZ1	1	U-01	aegypti	Ae. aegypti
A0A903V4V6	1	U-01	aegypti	Ae. aegypti
A0A903V5R9	1	U-01	aegypti	Ae. aegypti
A0A903V5S5	1	U-01	aegypti	Ae. aegypti
A0A903V8T0	2	U-02	aegypti	Ae. aegypti
A0A903VR95	1	U-01	aegypti	Ae. aegypti
B0FWC7	0	unassigned	aegypti	Ae. aegypti
D2WKD9	1	U-01	aegypti	Ae. aegypti
J9HGJ1	2	U-02	aegypti	Ae. aegypti
J9HSC3	1	U-01	aegypti	Ae. aegypti
P19425	2	U-02	aegypti	Ae. aegypti
P29786	2	U-02	aegypti	Ae. aegypti
P41822	2	U-02	aegypti	Ae. aegypti
P42634	2	U-02	aegypti	Ae. aegypti
P42660	2	U-02	aegypti	Ae. aegypti
P53354	2	U-02	aegypti	Ae. aegypti
P81602	2	U-02	aegypti	Ae. aegypti
P81603	2	U-02	aegypti	Ae. aegypti
P82592	2	U-02	aegypti	Ae. aegypti
Q03168	1	U-01	aegypti	Ae. aegypti
Q0IF93	2	U-02	aegypti	Ae. aegypti
Q16927	2	U-02	aegypti	Ae. aegypti
Q16F48	1	U-01	aegypti	Ae. aegypti
Q16HW7	1	U-01	aegypti	Ae. aegypti
Q16P83	1	U-01	aegypti	Ae. aegypti
Q16S21	1	U-01	aegypti	Ae. aegypti
Q16SB2	1	U-01	aegypti	Ae. aegypti
Q16X92	1	U-01	aegypti	Ae. aegypti
Q16Y40	1	U-01	aegypti	Ae. aegypti
Q16YG0	1	U-01	aegypti	Ae. aegypti
Q170J7	1	U-01	aegypti	Ae. aegypti
Q171S4	1	U-01	aegypti	Ae. aegypti
Q172F2	2	U-02	aegypti	Ae. aegypti
A0A903VJD0	2	U-02	aegypti	Ae. aegypti
A0A903VJF9	1	U-01	aegypti	Ae. aegypti
A0A903VJI7	0	unassigned	aegypti	Ae. aegypti
A0A903VJM6	1	U-01	aegypti	Ae. aegypti
A0A903VJN9	2	U-02	aegypti	Ae. aegypti
A0A903VJQ7	1	U-01	aegypti	Ae. aegypti
A0A903VJS9	2	U-02	aegypti	Ae. aegypti
A0A903VJU0	1	U-01	aegypti	Ae. aegypti
A0A903VJU6	0	unassigned	aegypti	Ae. aegypti
A0A903VJW0	0	unassigned	aegypti	Ae. aegypti
A0A903VJX2	1	U-01	aegypti	Ae. aegypti
A0A903VK40	1	U-01	aegypti	Ae. aegypti
A0A903VK49	1	U-01	aegypti	Ae. aegypti
A0A903VK51	1	U-01	aegypti	Ae. aegypti
A0A903VK54	2	U-02	aegypti	Ae. aegypti
A0A903VK85	1	U-01	aegypti	Ae. aegypti
A0A903VKC8	1	U-01	aegypti	Ae. aegypti
A0A903VKD0	1	U-01	aegypti	Ae. aegypti
A0A903VKD9	2	U-02	aegypti	Ae. aegypti
A0A903VKE3	1	U-01	aegypti	Ae. aegypti
A0A903VKF5	1	U-01	aegypti	Ae. aegypti
A0A903VKG9	1	U-01	aegypti	Ae. aegypti
A0A903VKH3	1	U-01	aegypti	Ae. aegypti
A0A903VKJ0	1	U-01	aegypti	Ae. aegypti
A0A903VKK6	2	U-02	aegypti	Ae. aegypti
A0A903VKL5	1	U-01	aegypti	Ae. aegypti
A0A903VKM3	2	U-02	aegypti	Ae. aegypti
A0A903VKN8	2	U-02	aegypti	Ae. aegypti
A0A903VKP9	1	U-01	aegypti	Ae. aegypti
A0A903VKQ5	1	U-01	aegypti	Ae. aegypti
A0A903VKR5	1	U-01	aegypti	Ae. aegypti
A0A903VKT2	2	U-02	aegypti	Ae. aegypti
A0A903VKX8	1	U-01	aegypti	Ae. aegypti
A0A903VL11	0	unassigned	aegypti	Ae. aegypti
A0A903VL18	0	unassigned	aegypti	Ae. aegypti
A0A903VL41	1	U-01	aegypti	Ae. aegypti
A0A903VL49	1	U-01	aegypti	Ae. aegypti
A0A903VL61	1	U-01	aegypti	Ae. aegypti
A0A903VL87	1	U-01	aegypti	Ae. aegypti
A0A903VL91	1	U-01	aegypti	Ae. aegypti
A0A903VLA2	0	unassigned	aegypti	Ae. aegypti
A0A903VLB3	2	U-02	aegypti	Ae. aegypti
A0A903VLC2	1	U-01	aegypti	Ae. aegypti
A0A903VLD5	1	U-01	aegypti	Ae. aegypti
A0A903VLE5	1	U-01	aegypti	Ae. aegypti
A0A903VLG7	1	U-01	aegypti	Ae. aegypti
A0A903VLH6	2	U-02	aegypti	Ae. aegypti
A0A903VLH8	1	U-01	aegypti	Ae. aegypti
A0A903VLI1	1	U-01	aegypti	Ae. aegypti
A0A903VLI9	1	U-01	aegypti	Ae. aegypti
A0A903VLJ4	1	U-01	aegypti	Ae. aegypti
A0A903VLJ8	1	U-01	aegypti	Ae. aegypti
A0A903VLL0	1	U-01	aegypti	Ae. aegypti
A0A903VLM5	1	U-01	aegypti	Ae. aegypti
A0A903VLP6	1	U-01	aegypti	Ae. aegypti
A0A903VLP8	1	U-01	aegypti	Ae. aegypti
A0A903VLV8	0	unassigned	aegypti	Ae. aegypti
A0A903VLW3	1	U-01	aegypti	Ae. aegypti
A0A903VLX2	1	U-01	aegypti	Ae. aegypti
A0A903VLZ4	2	U-02	aegypti	Ae. aegypti
A0A903VLZ5	1	U-01	aegypti	Ae. aegypti
A0A903VLZ8	1	U-01	aegypti	Ae. aegypti
A0A903VM08	1	U-01	aegypti	Ae. aegypti
A0A903VM47	1	U-01	aegypti	Ae. aegypti
A0A903VM48	1	U-01	aegypti	Ae. aegypti
A0A903VM51	1	U-01	aegypti	Ae. aegypti
A0A903VM60	1	U-01	aegypti	Ae. aegypti
A0A903VMA3	1	U-01	aegypti	Ae. aegypti
A0A903VMB0	1	U-01	aegypti	Ae. aegypti
A0A903VMC5	1	U-01	aegypti	Ae. aegypti
A0A903VMI1	1	U-01	aegypti	Ae. aegypti
A0A903VMM3	1	U-01	aegypti	Ae. aegypti
A0A903VMM7	1	U-01	aegypti	Ae. aegypti
A0A903VMM9	1	U-01	aegypti	Ae. aegypti
A0A903VMQ4	1	U-01	aegypti	Ae. aegypti
A0A903VMR3	0	unassigned	aegypti	Ae. aegypti
A0A903VMS3	1	U-01	aegypti	Ae. aegypti
A0A903VMS5	1	U-01	aegypti	Ae. aegypti
A0A903VMT2	1	U-01	aegypti	Ae. aegypti
A0A903VMU5	0	unassigned	aegypti	Ae. aegypti
A0A903VMU8	1	U-01	aegypti	Ae. aegypti
A0A903VMV0	2	U-02	aegypti	Ae. aegypti
A0A903VMW8	1	U-01	aegypti	Ae. aegypti
A0A903VMY0	1	U-01	aegypti	Ae. aegypti
A0A903VMY3	1	U-01	aegypti	Ae. aegypti
A0A903VN27	1	U-01	aegypti	Ae. aegypti
A0A903VN54	2	U-02	aegypti	Ae. aegypti
A0A903VN55	2	U-02	aegypti	Ae. aegypti
A0A903VN56	1	U-01	aegypti	Ae. aegypti
A0A903VN87	1	U-01	aegypti	Ae. aegypti
A0A903VN98	1	U-01	aegypti	Ae. aegypti
A0A903VNC4	1	U-01	aegypti	Ae. aegypti
A0A903VND0	2	U-02	aegypti	Ae. aegypti
A0A903VNE2	1	U-01	aegypti	Ae. aegypti
A0A903VNH5	2	U-02	aegypti	Ae. aegypti
A0A903VNI8	1	U-01	aegypti	Ae. aegypti
A0A903VNK0	1	U-01	aegypti	Ae. aegypti
A0A903VNM7	1	U-01	aegypti	Ae. aegypti
A0A903VNS7	2	U-02	aegypti	Ae. aegypti
A0A903VNT3	1	U-01	aegypti	Ae. aegypti
A0A903VNT5	0	unassigned	aegypti	Ae. aegypti
A0A903VNT9	0	unassigned	aegypti	Ae. aegypti
A0A903VNV1	1	U-01	aegypti	Ae. aegypti
A0A903VNX0	1	U-01	aegypti	Ae. aegypti
A0A903VNY4	1	U-01	aegypti	Ae. aegypti
A0A903VP24	1	U-01	aegypti	Ae. aegypti
A0A903VP34	1	U-01	aegypti	Ae. aegypti
A0A903VP42	1	U-01	aegypti	Ae. aegypti
A0A903VP48	1	U-01	aegypti	Ae. aegypti
A0A903VP55	1	U-01	aegypti	Ae. aegypti
A0A903VP63	1	U-01	aegypti	Ae. aegypti
A0A903VP65	1	U-01	aegypti	Ae. aegypti
A0A903VP69	1	U-01	aegypti	Ae. aegypti
A0A903VP91	1	U-01	aegypti	Ae. aegypti
A0A903VPA5	1	U-01	aegypti	Ae. aegypti
A0A903VPA6	1	U-01	aegypti	Ae. aegypti
A0A903VPA9	0	unassigned	aegypti	Ae. aegypti
A0A903VPB3	2	U-02	aegypti	Ae. aegypti
A0A903VPB7	1	U-01	aegypti	Ae. aegypti
A0A903VPD3	0	unassigned	aegypti	Ae. aegypti
A0A903VPG3	1	U-01	aegypti	Ae. aegypti
A0A903VPH4	1	U-01	aegypti	Ae. aegypti
A0A903VPI0	1	U-01	aegypti	Ae. aegypti
A0A903VPJ5	1	U-01	aegypti	Ae. aegypti
A0A903VPJ7	1	U-01	aegypti	Ae. aegypti
A0A903VPK2	1	U-01	aegypti	Ae. aegypti
A0A903VPM0	2	U-02	aegypti	Ae. aegypti
A0A903VPM5	1	U-01	aegypti	Ae. aegypti
A0A903VPN0	1	U-01	aegypti	Ae. aegypti
A0A903VPQ6	1	U-01	aegypti	Ae. aegypti
A0A903VPR9	2	U-02	aegypti	Ae. aegypti
A0A903VPV4	0	unassigned	aegypti	Ae. aegypti
A0A903VPX8	1	U-01	aegypti	Ae. aegypti
A0A903VPZ9	2	U-02	aegypti	Ae. aegypti
A0A903VQ03	2	U-02	aegypti	Ae. aegypti
A0A903VQ09	1	U-01	aegypti	Ae. aegypti
A0A903VQ15	1	U-01	aegypti	Ae. aegypti
A0A903VQ24	1	U-01	aegypti	Ae. aegypti
A0A903VQ30	1	U-01	aegypti	Ae. aegypti
A0A903VQ38	1	U-01	aegypti	Ae. aegypti
A0A903VQ62	1	U-01	aegypti	Ae. aegypti
A0A903VQ70	1	U-01	aegypti	Ae. aegypti
A0A903VQA0	1	U-01	aegypti	Ae. aegypti
A0A903VQN4	0	unassigned	aegypti	Ae. aegypti
A0A903VQP6	1	U-01	aegypti	Ae. aegypti
A0A903VQQ0	1	U-01	aegypti	Ae. aegypti
A0A903VQQ3	1	U-01	aegypti	Ae. aegypti
A0A903VQR5	1	U-01	aegypti	Ae. aegypti
A0A903VQX6	1	U-01	aegypti	Ae. aegypti
A0A903VQX8	2	U-02	aegypti	Ae. aegypti
A0A903VQY9	1	U-01	aegypti	Ae. aegypti
A0A903VR02	2	U-02	aegypti	Ae. aegypti
A0A903VR05	1	U-01	aegypti	Ae. aegypti
A0A903VR06	1	U-01	aegypti	Ae. aegypti
A0A903VR09	0	unassigned	aegypti	Ae. aegypti
A0A903VR42	1	U-01	aegypti	Ae. aegypti
A0A903VR58	1	U-01	aegypti	Ae. aegypti
A0A903VR67	0	unassigned	aegypti	Ae. aegypti
A0A903VR68	1	U-01	aegypti	Ae. aegypti
A0A903VR96	1	U-01	aegypti	Ae. aegypti
A0A903VRA2	1	U-01	aegypti	Ae. aegypti
A0A903VRA8	1	U-01	aegypti	Ae. aegypti
A0A903VRD4	1	U-01	aegypti	Ae. aegypti
A0A903VRJ7	1	U-01	aegypti	Ae. aegypti
A0A903VRL5	1	U-01	aegypti	Ae. aegypti
A0A903VRN0	1	U-01	aegypti	Ae. aegypti
A0A903VRN6	1	U-01	aegypti	Ae. aegypti
A0A903VRS5	1	U-01	aegypti	Ae. aegypti
A0A903VRT4	1	U-01	aegypti	Ae. aegypti
A0A903VRV9	1	U-01	aegypti	Ae. aegypti
A0A903VRY6	1	U-01	aegypti	Ae. aegypti
A0A903VRY8	1	U-01	aegypti	Ae. aegypti
A0A903VRZ0	0	unassigned	aegypti	Ae. aegypti
A0A903VRZ6	0	unassigned	aegypti	Ae. aegypti
A0A903VS59	1	U-01	aegypti	Ae. aegypti
A0A903VS89	1	U-01	aegypti	Ae. aegypti
A0A903VS92	1	U-01	aegypti	Ae. aegypti
A0A903VS99	1	U-01	aegypti	Ae. aegypti
A0A903VSC3	1	U-01	aegypti	Ae. aegypti
A0A903VSG3	1	U-01	aegypti	Ae. aegypti
A0A903VSH0	1	U-01	aegypti	Ae. aegypti
A0A903VSH8	1	U-01	aegypti	Ae. aegypti
A0A903VSH9	1	U-01	aegypti	Ae. aegypti
A0A903VSK4	0	unassigned	aegypti	Ae. aegypti
A0A903VSP4	1	U-01	aegypti	Ae. aegypti
A0A903VSR5	1	U-01	aegypti	Ae. aegypti
A0A903VSV6	2	U-02	aegypti	Ae. aegypti
A0A903VSW4	1	U-01	aegypti	Ae. aegypti
A0A903VT14	1	U-01	aegypti	Ae. aegypti
A0A903VT43	1	U-01	aegypti	Ae. aegypti
A0A903VT45	1	U-01	aegypti	Ae. aegypti
A0A903VT46	2	U-02	aegypti	Ae. aegypti
A0A903VT63	1	U-01	aegypti	Ae. aegypti
A0A903VTD9	1	U-01	aegypti	Ae. aegypti
A0A903VTE3	1	U-01	aegypti	Ae. aegypti
A0A903VTF3	0	unassigned	aegypti	Ae. aegypti
A0A903VTF6	0	unassigned	aegypti	Ae. aegypti
A0A903VTG1	1	U-01	aegypti	Ae. aegypti
A0A903VTK6	1	U-01	aegypti	Ae. aegypti
A0A903VTL6	2	U-02	aegypti	Ae. aegypti
A0A903VTL7	1	U-01	aegypti	Ae. aegypti
A0A903VTM1	1	U-01	aegypti	Ae. aegypti
A0A903VTP2	0	unassigned	aegypti	Ae. aegypti
A0A903VTP8	0	unassigned	aegypti	Ae. aegypti
A0A903VTQ1	1	U-01	aegypti	Ae. aegypti
A0A903VTQ3	0	unassigned	aegypti	Ae. aegypti
A0A903VTQ4	2	U-02	aegypti	Ae. aegypti
A0A903VTQ6	2	U-02	aegypti	Ae. aegypti
A0A903VTQ9	2	U-02	aegypti	Ae. aegypti
A0A903VTR4	1	U-01	aegypti	Ae. aegypti
A0A903VTR6	1	U-01	aegypti	Ae. aegypti
A0A903VTS1	2	U-02	aegypti	Ae. aegypti
A0A903VTS4	2	U-02	aegypti	Ae. aegypti
A0A903VTS6	2	U-02	aegypti	Ae. aegypti
A0A903VTT5	0	unassigned	aegypti	Ae. aegypti
A0A903VTU6	1	U-01	aegypti	Ae. aegypti
A0A903VTX0	2	U-02	aegypti	Ae. aegypti
A0A903VTY2	1	U-01	aegypti	Ae. aegypti
A0A903VTY9	1	U-01	aegypti	Ae. aegypti
A0A903VTZ1	0	unassigned	aegypti	Ae. aegypti
A0A903VU03	1	U-01	aegypti	Ae. aegypti
A0A903VU08	1	U-01	aegypti	Ae. aegypti
A0A903VU28	1	U-01	aegypti	Ae. aegypti
A0A903VU35	1	U-01	aegypti	Ae. aegypti
A0A903VU42	0	unassigned	aegypti	Ae. aegypti
A0A903VU79	2	U-02	aegypti	Ae. aegypti
A0A903VUB7	2	U-02	aegypti	Ae. aegypti
A0A903VUE7	1	U-01	aegypti	Ae. aegypti
A0A903VUG3	1	U-01	aegypti	Ae. aegypti
A0A903VUG5	2	U-02	aegypti	Ae. aegypti
A0A903VUG9	0	unassigned	aegypti	Ae. aegypti
A0A903VUH2	1	U-01	aegypti	Ae. aegypti
A0A903VUH8	2	U-02	aegypti	Ae. aegypti
A0A903VUI2	0	unassigned	aegypti	Ae. aegypti
A0A903VUI3	1	U-01	aegypti	Ae. aegypti
A0A903VUI7	2	U-02	aegypti	Ae. aegypti
A0A903VUJ0	2	U-02	aegypti	Ae. aegypti
A0A903VUK6	1	U-01	aegypti	Ae. aegypti
A0A903VUL0	0	unassigned	aegypti	Ae. aegypti
A0A903VUN3	1	U-01	aegypti	Ae. aegypti
A0A903VUQ0	0	unassigned	aegypti	Ae. aegypti
A0A903VUS3	1	U-01	aegypti	Ae. aegypti
A0A903VUU9	1	U-01	aegypti	Ae. aegypti
A0A903VUX3	1	U-01	aegypti	Ae. aegypti
A0A903VV39	1	U-01	aegypti	Ae. aegypti
A0A903VV63	1	U-01	aegypti	Ae. aegypti
A0A903VV78	1	U-01	aegypti	Ae. aegypti
A0A903VVA8	1	U-01	aegypti	Ae. aegypti
A0A903VVB2	0	unassigned	aegypti	Ae. aegypti
A0A903VVB5	0	unassigned	aegypti	Ae. aegypti
A0A903VVB9	0	unassigned	aegypti	Ae. aegypti
A0A903VVC0	0	unassigned	aegypti	Ae. aegypti
A0A903VVC4	2	U-02	aegypti	Ae. aegypti
A0A903VVC9	1	U-01	aegypti	Ae. aegypti
A0A903VVD3	2	U-02	aegypti	Ae. aegypti
A0A903VVD8	1	U-01	aegypti	Ae. aegypti
A0A903VVE5	2	U-02	aegypti	Ae. aegypti
A0A903VVF2	0	unassigned	aegypti	Ae. aegypti
A0A903VVK2	0	unassigned	aegypti	Ae. aegypti
A0A903VVK3	1	U-01	aegypti	Ae. aegypti
A0A903VVK6	2	U-02	aegypti	Ae. aegypti
A0A903VVL0	2	U-02	aegypti	Ae. aegypti
A0A903VVL5	0	unassigned	aegypti	Ae. aegypti
A0A903VVM0	1	U-01	aegypti	Ae. aegypti
A0A903VVM2	1	U-01	aegypti	Ae. aegypti
A0A903VVM5	0	unassigned	aegypti	Ae. aegypti
A0A903VVN0	2	U-02	aegypti	Ae. aegypti
A0A903VVN4	2	U-02	aegypti	Ae. aegypti
A0A903VVP3	2	U-02	aegypti	Ae. aegypti
A0A903VVZ9	0	unassigned	aegypti	Ae. aegypti
A0A903VWH2	2	U-02	aegypti	Ae. aegypti
A0A903VWH7	1	U-01	aegypti	Ae. aegypti
A0A903VWI2	0	unassigned	aegypti	Ae. aegypti
A0A903VWI7	1	U-01	aegypti	Ae. aegypti
A0A903VWJ2	0	unassigned	aegypti	Ae. aegypti
A0A903VWK2	2	U-02	aegypti	Ae. aegypti
A0A903VWK7	1	U-01	aegypti	Ae. aegypti
A0A903VWL2	2	U-02	aegypti	Ae. aegypti
A0A903VWL7	2	U-02	aegypti	Ae. aegypti
A0ACM8PZ22	2	U-02	aegypti	Ae. aegypti
A0ACM8RFR8	1	U-01	aegypti	Ae. aegypti
J9E8X2	1	U-01	aegypti	Ae. aegypti
J9E908	1	U-01	aegypti	Ae. aegypti
J9E921	2	U-02	aegypti	Ae. aegypti
J9E937	2	U-02	aegypti	Ae. aegypti
J9E949	2	U-02	aegypti	Ae. aegypti
J9E9E5	1	U-01	aegypti	Ae. aegypti
J9E9H7	2	U-02	aegypti	Ae. aegypti
J9E9Q3	1	U-01	aegypti	Ae. aegypti
J9EA61	1	U-01	aegypti	Ae. aegypti
J9EAK6	2	U-02	aegypti	Ae. aegypti
J9EAM5	1	U-01	aegypti	Ae. aegypti
J9EB36	1	U-01	aegypti	Ae. aegypti
J9EBS3	1	U-01	aegypti	Ae. aegypti
J9EBU0	2	U-02	aegypti	Ae. aegypti
J9HF12	2	U-02	aegypti	Ae. aegypti
J9HFG0	2	U-02	aegypti	Ae. aegypti
J9HFZ2	1	U-01	aegypti	Ae. aegypti
J9HG40	1	U-01	aegypti	Ae. aegypti
J9HGA1	1	U-01	aegypti	Ae. aegypti
Q17PX4	2	U-02	aegypti	Ae. aegypti
Q17PZ5	1	U-01	aegypti	Ae. aegypti
Q17PZ7	2	U-02	aegypti	Ae. aegypti
Q17Q02	0	unassigned	aegypti	Ae. aegypti
Q17Q10	1	U-01	aegypti	Ae. aegypti
Q17Q15	1	U-01	aegypti	Ae. aegypti
Q17Q19	0	unassigned	aegypti	Ae. aegypti
Q17Q22	1	U-01	aegypti	Ae. aegypti
Q17Q33	1	U-01	aegypti	Ae. aegypti
Q17Q37	1	U-01	aegypti	Ae. aegypti
Q17Q67	2	U-02	aegypti	Ae. aegypti
Q17Q68	2	U-02	aegypti	Ae. aegypti
Q17Q75	2	U-02	aegypti	Ae. aegypti
Q1DGF2	1	U-01	aegypti	Ae. aegypti
Q1DGF7	1	U-01	aegypti	Ae. aegypti
Q1DGG6	0	unassigned	aegypti	Ae. aegypti
Q1DGN0	2	U-02	aegypti	Ae. aegypti
Q1DGP0	2	U-02	aegypti	Ae. aegypti
Q1DGR2	1	U-01	aegypti	Ae. aegypti
Q1DGY4	1	U-01	aegypti	Ae. aegypti
Q1DGY5	0	unassigned	aegypti	Ae. aegypti
Q1DGZ4	0	unassigned	aegypti	Ae. aegypti
Q1DH11	0	unassigned	aegypti	Ae. aegypti
Q1DH17	1	U-01	aegypti	Ae. aegypti
Q1DH31	2	U-02	aegypti	Ae. aegypti
Q1DH72	1	U-01	aegypti	Ae. aegypti
Q6QNY2	1	U-01	aegypti	Ae. aegypti
Q8STC4	2	U-02	aegypti	Ae. aegypti
Q9GYW1	0	unassigned	aegypti	Ae. aegypti
A0A1S4EVW3	1	U-01	aegypti	Ae. aegypti
A0A1S4EVW6	1	U-01	aegypti	Ae. aegypti
A0A1S4EVX2	1	U-01	aegypti	Ae. aegypti
A0A1S4EW06	1	U-01	aegypti	Ae. aegypti
A0A1S4EW18	1	U-01	aegypti	Ae. aegypti
A0A1S4EW29	1	U-01	aegypti	Ae. aegypti
A0A1S4EW32	2	U-02	aegypti	Ae. aegypti
A0A1S4EW38	1	U-01	aegypti	Ae. aegypti
A0A1S4EW56	2	U-02	aegypti	Ae. aegypti
A0A1S4EW60	1	U-01	aegypti	Ae. aegypti
A0A1S4EW65	1	U-01	aegypti	Ae. aegypti
A0A1S4EW81	2	U-02	aegypti	Ae. aegypti
A0A1S4EW90	1	U-01	aegypti	Ae. aegypti
A0A1S4EW99	1	U-01	aegypti	Ae. aegypti
A0A1S4EWA8	1	U-01	aegypti	Ae. aegypti
A0A1S4EWC7	1	U-01	aegypti	Ae. aegypti
A0A1S4EWD3	1	U-01	aegypti	Ae. aegypti
A0A1S4EWD4	1	U-01	aegypti	Ae. aegypti
A0A1S4EWG0	1	U-01	aegypti	Ae. aegypti
A0A1S4EWG7	2	U-02	aegypti	Ae. aegypti
A0A1S4EWI6	0	unassigned	aegypti	Ae. aegypti
A0A1S4EWJ9	2	U-02	aegypti	Ae. aegypti
A0A1S4EWK0	0	unassigned	aegypti	Ae. aegypti
A0A1S4EWL5	1	U-01	aegypti	Ae. aegypti
A0A1S4EWL9	1	U-01	aegypti	Ae. aegypti
A0A1S4EWM8	1	U-01	aegypti	Ae. aegypti
A0A1S4EWM9	1	U-01	aegypti	Ae. aegypti
A0A1S4EWP2	2	U-02	aegypti	Ae. aegypti
A0A1S4EWP4	1	U-01	aegypti	Ae. aegypti
A0A1S4EWR2	1	U-01	aegypti	Ae. aegypti
A0A1S4EWS2	1	U-01	aegypti	Ae. aegypti
A0A1S4EWS6	2	U-02	aegypti	Ae. aegypti
A0A1S4EWT4	1	U-01	aegypti	Ae. aegypti
A0A1S4EWT7	1	U-01	aegypti	Ae. aegypti
A0A1S4EWV2	1	U-01	aegypti	Ae. aegypti
A0A1S4EWV8	1	U-01	aegypti	Ae. aegypti
A0A1S4EWW5	2	U-02	aegypti	Ae. aegypti
A0A1S4EWW8	1	U-01	aegypti	Ae. aegypti
A0A1S4EWX0	2	U-02	aegypti	Ae. aegypti
A0A1S4EWY6	1	U-01	aegypti	Ae. aegypti
A0A1S4EWZ3	1	U-01	aegypti	Ae. aegypti
A0A1S4EWZ9	1	U-01	aegypti	Ae. aegypti
A0A1S4EX08	1	U-01	aegypti	Ae. aegypti
A0A1S4EX13	1	U-01	aegypti	Ae. aegypti
A0A1S4EX18	1	U-01	aegypti	Ae. aegypti
A0A1S4EX19	2	U-02	aegypti	Ae. aegypti
A0A1S4EX36	1	U-01	aegypti	Ae. aegypti
A0A1S4EX56	2	U-02	aegypti	Ae. aegypti
A0A1S4EX68	1	U-01	aegypti	Ae. aegypti
A0A1S4EX74	2	U-02	aegypti	Ae. aegypti
A0A1S4EX80	1	U-01	aegypti	Ae. aegypti
A0A1S4EXB5	1	U-01	aegypti	Ae. aegypti
A0A1S4EXB7	2	U-02	aegypti	Ae. aegypti
A0A1S4EXC3	1	U-01	aegypti	Ae. aegypti
A0A1S4EXD1	2	U-02	aegypti	Ae. aegypti
A0A1S4EXG3	1	U-01	aegypti	Ae. aegypti
A0A1S4EXH8	1	U-01	aegypti	Ae. aegypti
A0A1S4EXJ7	2	U-02	aegypti	Ae. aegypti
A0A1S4EXL4	1	U-01	aegypti	Ae. aegypti
A0A1S4EXM3	1	U-01	aegypti	Ae. aegypti
A0A1S4EXN6	0	unassigned	aegypti	Ae. aegypti
A0A1S4EXN8	0	unassigned	aegypti	Ae. aegypti
A0A1S4EXN9	2	U-02	aegypti	Ae. aegypti
A0A1S4EXP8	0	unassigned	aegypti	Ae. aegypti
A0A1S4EXQ0	1	U-01	aegypti	Ae. aegypti
A0A1S4EXQ4	1	U-01	aegypti	Ae. aegypti
A0A1S4EXQ5	1	U-01	aegypti	Ae. aegypti
A0A1S4EXR0	2	U-02	aegypti	Ae. aegypti
A0A1S4EXR7	0	unassigned	aegypti	Ae. aegypti
A0A1S4EXR8	1	U-01	aegypti	Ae. aegypti
A0A1S4EXS1	0	unassigned	aegypti	Ae. aegypti
A0A1S4EXT0	1	U-01	aegypti	Ae. aegypti
A0A1S4EXT8	1	U-01	aegypti	Ae. aegypti
A0A1S4EXU1	2	U-02	aegypti	Ae. aegypti
A0A1S4EXV8	1	U-01	aegypti	Ae. aegypti
A0A1S4EXW4	1	U-01	aegypti	Ae. aegypti
A0A1S4EXX8	2	U-02	aegypti	Ae. aegypti
A0A1S4EXY0	1	U-01	aegypti	Ae. aegypti
A0A1S4EXY1	1	U-01	aegypti	Ae. aegypti
A0A1S4EXY8	2	U-02	aegypti	Ae. aegypti
A0A1S4EXZ0	1	U-01	aegypti	Ae. aegypti
A0A1S4EXZ1	2	U-02	aegypti	Ae. aegypti
A0A1S4EXZ7	1	U-01	aegypti	Ae. aegypti
A0A1S4EY08	1	U-01	aegypti	Ae. aegypti
A0A1S4EY11	1	U-01	aegypti	Ae. aegypti
A0A1S4EY15	1	U-01	aegypti	Ae. aegypti
A0A1S4EY16	1	U-01	aegypti	Ae. aegypti
A0A1S4EY17	2	U-02	aegypti	Ae. aegypti
A0A1S4EY18	2	U-02	aegypti	Ae. aegypti
A0A1S4EY49	1	U-01	aegypti	Ae. aegypti
A0A1S4EY51	1	U-01	aegypti	Ae. aegypti
A0A1S4EY53	2	U-02	aegypti	Ae. aegypti
A0A1S4EY59	0	unassigned	aegypti	Ae. aegypti
A0A1S4EY68	1	U-01	aegypti	Ae. aegypti
A0A1S4EYA3	2	U-02	aegypti	Ae. aegypti
A0A1S4EYB5	0	unassigned	aegypti	Ae. aegypti
A0A1S4EYC9	1	U-01	aegypti	Ae. aegypti
A0A1S4EYE4	0	unassigned	aegypti	Ae. aegypti
A0A1S4EYF0	1	U-01	aegypti	Ae. aegypti
A0A6I8TAJ6	1	U-01	aegypti	Ae. aegypti
A0A6I8TAK0	2	U-02	aegypti	Ae. aegypti
A0A6I8TAK2	2	U-02	aegypti	Ae. aegypti
A0A6I8TAK3	2	U-02	aegypti	Ae. aegypti
A0A6I8TAK6	1	U-01	aegypti	Ae. aegypti
A0A6I8TAL4	1	U-01	aegypti	Ae. aegypti
A0A6I8TAL6	2	U-02	aegypti	Ae. aegypti
A0A6I8TAM1	1	U-01	aegypti	Ae. aegypti
A0A6I8TAM5	2	U-02	aegypti	Ae. aegypti
A0A6I8TAN1	1	U-01	aegypti	Ae. aegypti
A0A6I8TAN2	1	U-01	aegypti	Ae. aegypti
A0A6I8TAN3	1	U-01	aegypti	Ae. aegypti
A0A6I8TAN4	1	U-01	aegypti	Ae. aegypti
A0A6I8TAN6	2	U-02	aegypti	Ae. aegypti
A0A6I8TAN8	1	U-01	aegypti	Ae. aegypti
A0A6I8TAP2	1	U-01	aegypti	Ae. aegypti
A0A6I8TAP5	1	U-01	aegypti	Ae. aegypti
A0A6I8TAP6	2	U-02	aegypti	Ae. aegypti
A0A6I8TAQ0	1	U-01	aegypti	Ae. aegypti
A0A6I8TAQ1	2	U-02	aegypti	Ae. aegypti
A0A6I8TAQ2	1	U-01	aegypti	Ae. aegypti
A0A6I8TAQ5	2	U-02	aegypti	Ae. aegypti
A0A6I8TAQ6	1	U-01	aegypti	Ae. aegypti
A0A6I8TAQ8	1	U-01	aegypti	Ae. aegypti
A0A6I8TAR0	1	U-01	aegypti	Ae. aegypti
A0A6I8TAR4	1	U-01	aegypti	Ae. aegypti
A0A6I8TAR7	2	U-02	aegypti	Ae. aegypti
A0A6I8TAR8	1	U-01	aegypti	Ae. aegypti
A0A6I8TAR9	1	U-01	aegypti	Ae. aegypti
A0A6I8TAS0	1	U-01	aegypti	Ae. aegypti
A0A6I8TAS3	2	U-02	aegypti	Ae. aegypti
A0A6I8TAS8	1	U-01	aegypti	Ae. aegypti
A0A6I8TAS9	1	U-01	aegypti	Ae. aegypti
A0A6I8TAT0	1	U-01	aegypti	Ae. aegypti
A0A6I8TAT1	1	U-01	aegypti	Ae. aegypti
A0A6I8TAT4	1	U-01	aegypti	Ae. aegypti
A0A6I8TAT6	1	U-01	aegypti	Ae. aegypti
A0A6I8TAT7	1	U-01	aegypti	Ae. aegypti
A0A6I8TAU2	1	U-01	aegypti	Ae. aegypti
A0A6I8TAU7	1	U-01	aegypti	Ae. aegypti
A0A6I8TAV2	1	U-01	aegypti	Ae. aegypti
A0A6I8TAV4	1	U-01	aegypti	Ae. aegypti
A0A6I8TAW5	1	U-01	aegypti	Ae. aegypti
A0A6I8TAX9	1	U-01	aegypti	Ae. aegypti
A0A6I8TAY8	1	U-01	aegypti	Ae. aegypti
A0A6I8TAZ1	1	U-01	aegypti	Ae. aegypti
A0A6I8TAZ4	1	U-01	aegypti	Ae. aegypti
A0A6I8TAZ5	0	unassigned	aegypti	Ae. aegypti
A0A6I8TAZ7	1	U-01	aegypti	Ae. aegypti
A0A6I8TB01	1	U-01	aegypti	Ae. aegypti
A0A6I8TB02	1	U-01	aegypti	Ae. aegypti
A0A6I8TB04	1	U-01	aegypti	Ae. aegypti
A0A6I8TB09	2	U-02	aegypti	Ae. aegypti
A0A6I8TB11	1	U-01	aegypti	Ae. aegypti
A0A6I8TB12	1	U-01	aegypti	Ae. aegypti
A0A6I8TB14	2	U-02	aegypti	Ae. aegypti
A0A6I8TB26	2	U-02	aegypti	Ae. aegypti
A0A6I8TB27	1	U-01	aegypti	Ae. aegypti
A0A6I8TB31	2	U-02	aegypti	Ae. aegypti
A0A6I8TB32	1	U-01	aegypti	Ae. aegypti
A0A6I8TB33	1	U-01	aegypti	Ae. aegypti
A0A6I8TB37	2	U-02	aegypti	Ae. aegypti
A0A6I8TB40	1	U-01	aegypti	Ae. aegypti
A0A6I8TB44	1	U-01	aegypti	Ae. aegypti
A0A6I8TB48	2	U-02	aegypti	Ae. aegypti
A0A6I8TB50	1	U-01	aegypti	Ae. aegypti
A0A6I8TB51	1	U-01	aegypti	Ae. aegypti
A0A6I8TB53	1	U-01	aegypti	Ae. aegypti
A0A6I8TB54	1	U-01	aegypti	Ae. aegypti
A0A6I8TB58	2	U-02	aegypti	Ae. aegypti
A0A6I8TB62	2	U-02	aegypti	Ae. aegypti
A0A6I8TB65	1	U-01	aegypti	Ae. aegypti
A0A6I8TB66	1	U-01	aegypti	Ae. aegypti
A0A6I8TB70	1	U-01	aegypti	Ae. aegypti
A0A6I8TB73	1	U-01	aegypti	Ae. aegypti
A0A6I8TB76	1	U-01	aegypti	Ae. aegypti
A0A6I8TB77	1	U-01	aegypti	Ae. aegypti
A0A6I8TB80	1	U-01	aegypti	Ae. aegypti
A0A6I8TB87	1	U-01	aegypti	Ae. aegypti
A0A6I8TB89	1	U-01	aegypti	Ae. aegypti
A0A6I8TB93	1	U-01	aegypti	Ae. aegypti
A0A6I8TB94	2	U-02	aegypti	Ae. aegypti
A0A6I8TB97	1	U-01	aegypti	Ae. aegypti
A0A6I8TBB3	2	U-02	aegypti	Ae. aegypti
A0A6I8TBB5	1	U-01	aegypti	Ae. aegypti
A0A6I8TBB8	2	U-02	aegypti	Ae. aegypti
A0A6I8TBC8	0	unassigned	aegypti	Ae. aegypti
A0A6I8TBD3	0	unassigned	aegypti	Ae. aegypti
A0A6I8TBD7	2	U-02	aegypti	Ae. aegypti
A0A6I8TBD8	0	unassigned	aegypti	Ae. aegypti
A0A6I8TBD9	1	U-01	aegypti	Ae. aegypti
A0A6I8TBE4	1	U-01	aegypti	Ae. aegypti
A0A6I8TBF0	1	U-01	aegypti	Ae. aegypti
A0A6I8TBF5	0	unassigned	aegypti	Ae. aegypti
A0A6I8TBF9	2	U-02	aegypti	Ae. aegypti
A0A6I8TBG3	1	U-01	aegypti	Ae. aegypti
A0A1S4F478	2	U-02	aegypti	Ae. aegypti
A0A1S4F482	2	U-02	aegypti	Ae. aegypti
A0A1S4F485	1	U-01	aegypti	Ae. aegypti
A0A1S4F488	2	U-02	aegypti	Ae. aegypti
A0A1S4F490	2	U-02	aegypti	Ae. aegypti
A0A1S4F498	1	U-01	aegypti	Ae. aegypti
A0A1S4F4A0	2	U-02	aegypti	Ae. aegypti
A0A1S4F4A1	2	U-02	aegypti	Ae. aegypti
A0A1S4F4A2	0	unassigned	aegypti	Ae. aegypti
A0A1S4F4B7	1	U-01	aegypti	Ae. aegypti
A0A1S4F4C4	2	U-02	aegypti	Ae. aegypti
A0A1S4F4C8	1	U-01	aegypti	Ae. aegypti
A0A1S4F4E8	1	U-01	aegypti	Ae. aegypti
A0A1S4F4H3	2	U-02	aegypti	Ae. aegypti
A0A1S4F4I3	2	U-02	aegypti	Ae. aegypti
A0A1S4F4I6	0	unassigned	aegypti	Ae. aegypti
A0A1S4F4I8	2	U-02	aegypti	Ae. aegypti
A0A1S4F4I9	1	U-01	aegypti	Ae. aegypti
A0A1S4F4J0	1	U-01	aegypti	Ae. aegypti
A0A1S4F4J7	2	U-02	aegypti	Ae. aegypti
A0A1S4F4K6	1	U-01	aegypti	Ae. aegypti
A0A1S4F4K8	2	U-02	aegypti	Ae. aegypti
A0A1S4F4L9	2	U-02	aegypti	Ae. aegypti
A0A1S4F4N0	2	U-02	aegypti	Ae. aegypti
A0A1S4F4N2	1	U-01	aegypti	Ae. aegypti
A0A1S4F4P2	1	U-01	aegypti	Ae. aegypti
A0A1S4F4P8	2	U-02	aegypti	Ae. aegypti
A0A1S4F4R0	1	U-01	aegypti	Ae. aegypti
A0A1S4F4R2	0	unassigned	aegypti	Ae. aegypti
A0A1S4F4R5	2	U-02	aegypti	Ae. aegypti
A0A1S4F4R6	0	unassigned	aegypti	Ae. aegypti
A0A1S4F4S0	0	unassigned	aegypti	Ae. aegypti
A0A1S4F4S2	1	U-01	aegypti	Ae. aegypti
A0A1S4F4S6	1	U-01	aegypti	Ae. aegypti
A0A1S4F4T2	2	U-02	aegypti	Ae. aegypti
A0A1S4F4U0	1	U-01	aegypti	Ae. aegypti
A0A1S4F4U3	2	U-02	aegypti	Ae. aegypti
A0A1S4F4U9	1	U-01	aegypti	Ae. aegypti
A0A1S4F4V3	1	U-01	aegypti	Ae. aegypti
A0A1S4F4W0	0	unassigned	aegypti	Ae. aegypti
A0A1S4F4W1	1	U-01	aegypti	Ae. aegypti
A0A1S4F4W9	1	U-01	aegypti	Ae. aegypti
A0A1S4F4X2	2	U-02	aegypti	Ae. aegypti
A0A1S4F4Y5	2	U-02	aegypti	Ae. aegypti
A0A1S4F4Y7	1	U-01	aegypti	Ae. aegypti
A0A1S4F4Y8	1	U-01	aegypti	Ae. aegypti
A0A1S4F4Y9	1	U-01	aegypti	Ae. aegypti
A0A1S4F4Z5	1	U-01	aegypti	Ae. aegypti
A0A1S4F4Z8	1	U-01	aegypti	Ae. aegypti
A0A1S4F507	2	U-02	aegypti	Ae. aegypti
A0A1S4F514	1	U-01	aegypti	Ae. aegypti
A0A1S4F519	2	U-02	aegypti	Ae. aegypti
A0A1S4F521	1	U-01	aegypti	Ae. aegypti
A0A1S4F532	0	unassigned	aegypti	Ae. aegypti
A0A1S4F537	1	U-01	aegypti	Ae. aegypti
A0A1S4F541	1	U-01	aegypti	Ae. aegypti
A0A1S4F549	1	U-01	aegypti	Ae. aegypti
A0A1S4F556	0	unassigned	aegypti	Ae. aegypti
A0A1S4F576	2	U-02	aegypti	Ae. aegypti
A0A1S4F585	1	U-01	aegypti	Ae. aegypti
A0A1S4F591	1	U-01	aegypti	Ae. aegypti
A0A1S4F592	1	U-01	aegypti	Ae. aegypti
A0A1S4F599	1	U-01	aegypti	Ae. aegypti
A0A1S4F5B3	1	U-01	aegypti	Ae. aegypti
A0A1S4F5B6	0	unassigned	aegypti	Ae. aegypti
A0A1S4F5B7	1	U-01	aegypti	Ae. aegypti
A0A1S4F5C5	1	U-01	aegypti	Ae. aegypti
A0A1S4F5C9	0	unassigned	aegypti	Ae. aegypti
A0A1S4F5D7	2	U-02	aegypti	Ae. aegypti
A0A1S4F5F3	2	U-02	aegypti	Ae. aegypti
A0A1S4F5G2	1	U-01	aegypti	Ae. aegypti
A0A1S4F5G4	0	unassigned	aegypti	Ae. aegypti
A0A1S4F5I6	1	U-01	aegypti	Ae. aegypti
A0A1S4F5J1	1	U-01	aegypti	Ae. aegypti
A0A1S4F5J5	1	U-01	aegypti	Ae. aegypti
A0A1S4F5K0	0	unassigned	aegypti	Ae. aegypti
Q0IFG0	2	U-02	aegypti	Ae. aegypti
Q0IFI3	1	U-01	aegypti	Ae. aegypti
Q0IFK9	1	U-01	aegypti	Ae. aegypti
Q0IFN1	1	U-01	aegypti	Ae. aegypti
Q0IFP0	1	U-01	aegypti	Ae. aegypti
Q0IFQ7	1	U-01	aegypti	Ae. aegypti
Q0IFR0	2	U-02	aegypti	Ae. aegypti
Q0IFR2	1	U-01	aegypti	Ae. aegypti
Q0IFT4	2	U-02	aegypti	Ae. aegypti
Q0IFU5	1	U-01	aegypti	Ae. aegypti
Q0IFV7	2	U-02	aegypti	Ae. aegypti
Q0IFW2	1	U-01	aegypti	Ae. aegypti
Q0IFW8	1	U-01	aegypti	Ae. aegypti
Q0IFX1	1	U-01	aegypti	Ae. aegypti
Q0IFX7	2	U-02	aegypti	Ae. aegypti
Q0IFX8	2	U-02	aegypti	Ae. aegypti
Q0IFZ6	1	U-01	aegypti	Ae. aegypti
Q0IFZ7	1	U-01	aegypti	Ae. aegypti
Q0IG02	1	U-01	aegypti	Ae. aegypti
Q0IG07	2	U-02	aegypti	Ae. aegypti
Q0IG19	1	U-01	aegypti	Ae. aegypti
Q0IG31	1	U-01	aegypti	Ae. aegypti
Q0IG96	0	unassigned	aegypti	Ae. aegypti
Q0IG97	0	unassigned	aegypti	Ae. aegypti
Q0IG98	0	unassigned	aegypti	Ae. aegypti
Q0IGA6	1	U-01	aegypti	Ae. aegypti
Q0IGD1	1	U-01	aegypti	Ae. aegypti
Q0IGD5	2	U-02	aegypti	Ae. aegypti
Q0IGD8	2	U-02	aegypti	Ae. aegypti
Q0IGE6	1	U-01	aegypti	Ae. aegypti
Q0IGF5	1	U-01	aegypti	Ae. aegypti
Q16E82	1	U-01	aegypti	Ae. aegypti
Q16EB6	0	unassigned	aegypti	Ae. aegypti
Q16EB7	0	unassigned	aegypti	Ae. aegypti
Q16EE5	1	U-01	aegypti	Ae. aegypti
Q16EH6	2	U-02	aegypti	Ae. aegypti
Q16EI0	2	U-02	aegypti	Ae. aegypti
Q16EI6	2	U-02	aegypti	Ae. aegypti
Q16EK0	1	U-01	aegypti	Ae. aegypti
Q16EL8	1	U-01	aegypti	Ae. aegypti
Q16EN9	1	U-01	aegypti	Ae. aegypti
Q16EQ3	1	U-01	aegypti	Ae. aegypti
Q16EQ6	1	U-01	aegypti	Ae. aegypti
Q16ER7	1	U-01	aegypti	Ae. aegypti
Q16ES6	1	U-01	aegypti	Ae. aegypti
Q16EV1	1	U-01	aegypti	Ae. aegypti
Q16EV5	1	U-01	aegypti	Ae. aegypti
Q16F18	1	U-01	aegypti	Ae. aegypti
Q16FA4	2	U-02	aegypti	Ae. aegypti
Q16FB3	2	U-02	aegypti	Ae. aegypti
Q16FB5	2	U-02	aegypti	Ae. aegypti
Q16FC8	1	U-01	aegypti	Ae. aegypti
Q16FC9	1	U-01	aegypti	Ae. aegypti
Q16FD1	1	U-01	aegypti	Ae. aegypti
Q16FF9	0	unassigned	aegypti	Ae. aegypti
Q16FH2	1	U-01	aegypti	Ae. aegypti
Q16FI1	1	U-01	aegypti	Ae. aegypti
Q16FI7	1	U-01	aegypti	Ae. aegypti
Q16FJ7	1	U-01	aegypti	Ae. aegypti
Q16FK6	1	U-01	aegypti	Ae. aegypti
Q16FL8	1	U-01	aegypti	Ae. aegypti
Q16FN3	1	U-01	aegypti	Ae. aegypti
Q16FN4	1	U-01	aegypti	Ae. aegypti
Q16FP3	2	U-02	aegypti	Ae. aegypti
Q16FS1	1	U-01	aegypti	Ae. aegypti
Q16FZ9	1	U-01	aegypti	Ae. aegypti
Q16G15	1	U-01	aegypti	Ae. aegypti
Q16G37	1	U-01	aegypti	Ae. aegypti
Q16G81	1	U-01	aegypti	Ae. aegypti
Q16G82	1	U-01	aegypti	Ae. aegypti
Q16G90	1	U-01	aegypti	Ae. aegypti
Q16G93	1	U-01	aegypti	Ae. aegypti
Q16G94	1	U-01	aegypti	Ae. aegypti
Q16G98	1	U-01	aegypti	Ae. aegypti
Q16G99	1	U-01	aegypti	Ae. aegypti
Q16GB9	0	unassigned	aegypti	Ae. aegypti
Q16GC0	2	U-02	aegypti	Ae. aegypti
Q16GD5	0	unassigned	aegypti	Ae. aegypti
Q16Q25	0	unassigned	aegypti	Ae. aegypti
Q16Q41	1	U-01	aegypti	Ae. aegypti
Q16Q45	0	unassigned	aegypti	Ae. aegypti
Q16Q50	1	U-01	aegypti	Ae. aegypti
Q16Q51	2	U-02	aegypti	Ae. aegypti
Q16Q56	1	U-01	aegypti	Ae. aegypti
Q16Q71	1	U-01	aegypti	Ae. aegypti
Q16Q72	2	U-02	aegypti	Ae. aegypti
Q16Q73	2	U-02	aegypti	Ae. aegypti
Q16Q93	0	unassigned	aegypti	Ae. aegypti
Q16QB2	1	U-01	aegypti	Ae. aegypti
Q16QD8	1	U-01	aegypti	Ae. aegypti
Q16QE3	1	U-01	aegypti	Ae. aegypti
Q16QE5	0	unassigned	aegypti	Ae. aegypti
Q16QH5	1	U-01	aegypti	Ae. aegypti
Q16QI6	1	U-01	aegypti	Ae. aegypti
Q16QJ8	2	U-02	aegypti	Ae. aegypti
Q16QJ9	2	U-02	aegypti	Ae. aegypti
Q16QK1	1	U-01	aegypti	Ae. aegypti
Q16QL8	1	U-01	aegypti	Ae. aegypti
Q16QM7	1	U-01	aegypti	Ae. aegypti
Q16QN1	0	unassigned	aegypti	Ae. aegypti
Q16QN8	1	U-01	aegypti	Ae. aegypti
Q16QP3	2	U-02	aegypti	Ae. aegypti
Q16QP9	1	U-01	aegypti	Ae. aegypti
Q16QQ2	1	U-01	aegypti	Ae. aegypti
Q16QR3	1	U-01	aegypti	Ae. aegypti
Q16QR9	1	U-01	aegypti	Ae. aegypti
Q16QS4	1	U-01	aegypti	Ae. aegypti
Q16QU1	0	unassigned	aegypti	Ae. aegypti
Q16QU2	1	U-01	aegypti	Ae. aegypti
Q16QU4	1	U-01	aegypti	Ae. aegypti
Q16QU6	1	U-01	aegypti	Ae. aegypti
Q16QV4	2	U-02	aegypti	Ae. aegypti
Q16QW0	1	U-01	aegypti	Ae. aegypti
Q16QW4	1	U-01	aegypti	Ae. aegypti
Q16QZ1	1	U-01	aegypti	Ae. aegypti
Q16QZ4	1	U-01	aegypti	Ae. aegypti
Q16QZ5	1	U-01	aegypti	Ae. aegypti
Q16QZ7	1	U-01	aegypti	Ae. aegypti
Q16R05	1	U-01	aegypti	Ae. aegypti
Q16R22	1	U-01	aegypti	Ae. aegypti
Q16R42	1	U-01	aegypti	Ae. aegypti
Q16R66	2	U-02	aegypti	Ae. aegypti
Q16R76	1	U-01	aegypti	Ae. aegypti
Q16R78	1	U-01	aegypti	Ae. aegypti
Q16R97	2	U-02	aegypti	Ae. aegypti
Q16RA2	2	U-02	aegypti	Ae. aegypti
Q16RA3	1	U-01	aegypti	Ae. aegypti
Q16RB9	0	unassigned	aegypti	Ae. aegypti
Q16RC0	0	unassigned	aegypti	Ae. aegypti
Q16RD3	0	unassigned	aegypti	Ae. aegypti
Q16RF0	1	U-01	aegypti	Ae. aegypti
Q16RG0	1	U-01	aegypti	Ae. aegypti
Q16RG2	2	U-02	aegypti	Ae. aegypti
Q16RH2	1	U-01	aegypti	Ae. aegypti
Q16RH5	1	U-01	aegypti	Ae. aegypti
Q16RH6	0	unassigned	aegypti	Ae. aegypti
Q16RH7	0	unassigned	aegypti	Ae. aegypti
Q16RM0	1	U-01	aegypti	Ae. aegypti
Q16RM7	1	U-01	aegypti	Ae. aegypti
Q16RN1	2	U-02	aegypti	Ae. aegypti
Q16RP0	1	U-01	aegypti	Ae. aegypti
Q16RQ7	2	U-02	aegypti	Ae. aegypti
Q16RT0	1	U-01	aegypti	Ae. aegypti
Q16RV2	0	unassigned	aegypti	Ae. aegypti
Q16RV3	1	U-01	aegypti	Ae. aegypti
Q16RW3	1	U-01	aegypti	Ae. aegypti
Q16RX7	0	unassigned	aegypti	Ae. aegypti
Q16RZ9	1	U-01	aegypti	Ae. aegypti
Q16S01	1	U-01	aegypti	Ae. aegypti
Q16S02	1	U-01	aegypti	Ae. aegypti
Q16S31	1	U-01	aegypti	Ae. aegypti
Q16S36	1	U-01	aegypti	Ae. aegypti
Q16S65	1	U-01	aegypti	Ae. aegypti
Q16S71	2	U-02	aegypti	Ae. aegypti
Q16S74	2	U-02	aegypti	Ae. aegypti
Q16S81	0	unassigned	aegypti	Ae. aegypti
Q16S91	0	unassigned	aegypti	Ae. aegypti
Q16S93	1	U-01	aegypti	Ae. aegypti
Q16S98	1	U-01	aegypti	Ae. aegypti
Q16S99	1	U-01	aegypti	Ae. aegypti
Q16SA6	1	U-01	aegypti	Ae. aegypti
Q16SB5	2	U-02	aegypti	Ae. aegypti
Q16SD1	2	U-02	aegypti	Ae. aegypti
Q16SD2	2	U-02	aegypti	Ae. aegypti
Q16SD3	2	U-02	aegypti	Ae. aegypti
Q16SE6	1	U-01	aegypti	Ae. aegypti
Q16SH2	1	U-01	aegypti	Ae. aegypti
Q16SI5	0	unassigned	aegypti	Ae. aegypti
Q16SJ1	0	unassigned	aegypti	Ae. aegypti
Q16SJ2	0	unassigned	aegypti	Ae. aegypti
Q16SK0	0	unassigned	aegypti	Ae. aegypti
Q16SL0	1	U-01	aegypti	Ae. aegypti
Q16SL2	0	unassigned	aegypti	Ae. aegypti
Q16SM0	1	U-01	aegypti	Ae. aegypti
Q16SM2	1	U-01	aegypti	Ae. aegypti
Q16SP3	1	U-01	aegypti	Ae. aegypti
Q16SQ2	2	U-02	aegypti	Ae. aegypti
Q16SS4	1	U-01	aegypti	Ae. aegypti
Q16SU9	1	U-01	aegypti	Ae. aegypti
Q16SV8	1	U-01	aegypti	Ae. aegypti
Q16SY5	1	U-01	aegypti	Ae. aegypti
Q16SZ4	1	U-01	aegypti	Ae. aegypti
Q16T00	1	U-01	aegypti	Ae. aegypti
Q16T03	0	unassigned	aegypti	Ae. aegypti
Q16T09	0	unassigned	aegypti	Ae. aegypti
Q16T29	1	U-01	aegypti	Ae. aegypti
Q16T32	1	U-01	aegypti	Ae. aegypti
Q16T37	1	U-01	aegypti	Ae. aegypti
Q16T80	1	U-01	aegypti	Ae. aegypti
Q16T85	1	U-01	aegypti	Ae. aegypti
Q16T87	1	U-01	aegypti	Ae. aegypti
Q16T88	1	U-01	aegypti	Ae. aegypti
Q16T89	0	unassigned	aegypti	Ae. aegypti
Q16T95	1	U-01	aegypti	Ae. aegypti
Q16TA0	1	U-01	aegypti	Ae. aegypti
Q16TA3	2	U-02	aegypti	Ae. aegypti
Q16TB8	1	U-01	aegypti	Ae. aegypti
Q16TC4	1	U-01	aegypti	Ae. aegypti
Q16TE2	2	U-02	aegypti	Ae. aegypti
Q16TE4	0	unassigned	aegypti	Ae. aegypti
Q16TE5	2	U-02	aegypti	Ae. aegypti
Q16TF0	1	U-01	aegypti	Ae. aegypti
Q16TF5	1	U-01	aegypti	Ae. aegypti
Q16TI7	1	U-01	aegypti	Ae. aegypti
Q16TJ6	1	U-01	aegypti	Ae. aegypti
Q16TK1	1	U-01	aegypti	Ae. aegypti
Q16TK2	1	U-01	aegypti	Ae. aegypti
Q16TL5	1	U-01	aegypti	Ae. aegypti
Q16TL6	1	U-01	aegypti	Ae. aegypti
Q16TN4	1	U-01	aegypti	Ae. aegypti
Q16TN9	1	U-01	aegypti	Ae. aegypti
Q16TQ1	1	U-01	aegypti	Ae. aegypti
Q16TS6	1	U-01	aegypti	Ae. aegypti
Q16TS9	1	U-01	aegypti	Ae. aegypti
Q16TT0	1	U-01	aegypti	Ae. aegypti
Q16TT2	2	U-02	aegypti	Ae. aegypti
Q16TV0	1	U-01	aegypti	Ae. aegypti
Q16TV3	1	U-01	aegypti	Ae. aegypti
Q16TW1	1	U-01	aegypti	Ae. aegypti
Q16TW3	1	U-01	aegypti	Ae. aegypti
Q16TW5	1	U-01	aegypti	Ae. aegypti
Q16TX7	1	U-01	aegypti	Ae. aegypti
Q16TY5	1	U-01	aegypti	Ae. aegypti
Q16TY6	1	U-01	aegypti	Ae. aegypti
Q16TZ3	1	U-01	aegypti	Ae. aegypti
Q16TZ5	1	U-01	aegypti	Ae. aegypti
Q16TZ6	1	U-01	aegypti	Ae. aegypti
Q16U05	1	U-01	aegypti	Ae. aegypti
Q16U12	1	U-01	aegypti	Ae. aegypti
Q16U18	2	U-02	aegypti	Ae. aegypti
Q16U21	1	U-01	aegypti	Ae. aegypti
Q16U27	1	U-01	aegypti	Ae. aegypti
Q16U59	0	unassigned	aegypti	Ae. aegypti
Q16U72	2	U-02	aegypti	Ae. aegypti
Q16U94	1	U-01	aegypti	Ae. aegypti
Q16UA6	1	U-01	aegypti	Ae. aegypti
Q16UA8	1	U-01	aegypti	Ae. aegypti
Q16UD3	1	U-01	aegypti	Ae. aegypti
Q16UD6	1	U-01	aegypti	Ae. aegypti
Q16UD7	1	U-01	aegypti	Ae. aegypti
Q16UD8	1	U-01	aegypti	Ae. aegypti
Q16UL2	2	U-02	aegypti	Ae. aegypti
Q16UL4	2	U-02	aegypti	Ae. aegypti
Q16UM4	2	U-02	aegypti	Ae. aegypti
Q16UM8	2	U-02	aegypti	Ae. aegypti
Q16UN1	2	U-02	aegypti	Ae. aegypti
Q16UN2	2	U-02	aegypti	Ae. aegypti
Q16UN7	1	U-01	aegypti	Ae. aegypti
Q16UN8	1	U-01	aegypti	Ae. aegypti
Q16UP0	1	U-01	aegypti	Ae. aegypti
Q16UP1	1	U-01	aegypti	Ae. aegypti
Q16UR7	1	U-01	aegypti	Ae. aegypti
Q16UT4	2	U-02	aegypti	Ae. aegypti
Q16UT5	2	U-02	aegypti	Ae. aegypti
Q16UT6	2	U-02	aegypti	Ae. aegypti
Q16UT7	2	U-02	aegypti	Ae. aegypti
Q16UU0	2	U-02	aegypti	Ae. aegypti
Q16UU2	2	U-02	aegypti	Ae. aegypti
Q16UU3	2	U-02	aegypti	Ae. aegypti
Q16UU4	2	U-02	aegypti	Ae. aegypti
Q16UV8	1	U-01	aegypti	Ae. aegypti
Q16UW3	1	U-01	aegypti	Ae. aegypti
Q16UX3	1	U-01	aegypti	Ae. aegypti
Q16UX4	1	U-01	aegypti	Ae. aegypti
Q16UX8	2	U-02	aegypti	Ae. aegypti
Q16UY2	1	U-01	aegypti	Ae. aegypti
Q16UY4	2	U-02	aegypti	Ae. aegypti
Q16UZ2	1	U-01	aegypti	Ae. aegypti
Q16UZ3	1	U-01	aegypti	Ae. aegypti
Q16UZ4	1	U-01	aegypti	Ae. aegypti
Q16V27	1	U-01	aegypti	Ae. aegypti
Q16V38	1	U-01	aegypti	Ae. aegypti
Q16V50	1	U-01	aegypti	Ae. aegypti
Q16V54	2	U-02	aegypti	Ae. aegypti
Q16V64	1	U-01	aegypti	Ae. aegypti
Q16V70	1	U-01	aegypti	Ae. aegypti
Q16V72	1	U-01	aegypti	Ae. aegypti
Q16V74	2	U-02	aegypti	Ae. aegypti
Q16V90	1	U-01	aegypti	Ae. aegypti
Q16V93	2	U-02	aegypti	Ae. aegypti
Q16VA0	2	U-02	aegypti	Ae. aegypti
Q16VA3	1	U-01	aegypti	Ae. aegypti
Q16VA5	1	U-01	aegypti	Ae. aegypti
Q16VE2	2	U-02	aegypti	Ae. aegypti
Q16VE3	2	U-02	aegypti	Ae. aegypti
Q16VI3	2	U-02	aegypti	Ae. aegypti
Q16VI5	2	U-02	aegypti	Ae. aegypti
Q16VI6	2	U-02	aegypti	Ae. aegypti
Q16VJ8	1	U-01	aegypti	Ae. aegypti
Q16VK1	2	U-02	aegypti	Ae. aegypti
Q16VN1	1	U-01	aegypti	Ae. aegypti
Q16VS2	1	U-01	aegypti	Ae. aegypti
Q16VT7	2	U-02	aegypti	Ae. aegypti
Q16VV2	2	U-02	aegypti	Ae. aegypti
Q16VV9	1	U-01	aegypti	Ae. aegypti
Q16VW0	1	U-01	aegypti	Ae. aegypti
Q16VX7	1	U-01	aegypti	Ae. aegypti
Q16VZ7	1	U-01	aegypti	Ae. aegypti
Q16VZ9	1	U-01	aegypti	Ae. aegypti
Q16W10	0	unassigned	aegypti	Ae. aegypti
Q16XX4	1	U-01	aegypti	Ae. aegypti
Q16XX5	1	U-01	aegypti	Ae. aegypti
Q16Y28	1	U-01	aegypti	Ae. aegypti
Q16Y38	1	U-01	aegypti	Ae. aegypti
Q16Y42	1	U-01	aegypti	Ae. aegypti
Q16Y49	1	U-01	aegypti	Ae. aegypti
Q16Y74	0	unassigned	aegypti	Ae. aegypti
Q16Y79	1	U-01	aegypti	Ae. aegypti
Q16YA4	1	U-01	aegypti	Ae. aegypti
Q16YB4	1	U-01	aegypti	Ae. aegypti
Q16YC5	2	U-02	aegypti	Ae. aegypti
Q16YD0	1	U-01	aegypti	Ae. aegypti
Q16YG4	2	U-02	aegypti	Ae. aegypti
Q16YH0	1	U-01	aegypti	Ae. aegypti
Q16YJ2	0	unassigned	aegypti	Ae. aegypti
Q16YJ9	1	U-01	aegypti	Ae. aegypti
Q16YK8	1	U-01	aegypti	Ae. aegypti
Q16YL3	1	U-01	aegypti	Ae. aegypti
Q16YN1	1	U-01	aegypti	Ae. aegypti
Q16YN4	1	U-01	aegypti	Ae. aegypti
Q16YQ3	1	U-01	aegypti	Ae. aegypti
Q16YR8	0	unassigned	aegypti	Ae. aegypti
Q16YV3	1	U-01	aegypti	Ae. aegypti
Q16YW1	1	U-01	aegypti	Ae. aegypti
Q16YX8	1	U-01	aegypti	Ae. aegypti
Q16Z06	1	U-01	aegypti	Ae. aegypti
Q16Z13	0	unassigned	aegypti	Ae. aegypti
Q16Z21	1	U-01	aegypti	Ae. aegypti
Q16Z35	1	U-01	aegypti	Ae. aegypti
Q16Z37	2	U-02	aegypti	Ae. aegypti
Q16Z50	1	U-01	aegypti	Ae. aegypti
Q16Z52	1	U-01	aegypti	Ae. aegypti
Q16ZD8	1	U-01	aegypti	Ae. aegypti
Q16ZE6	2	U-02	aegypti	Ae. aegypti
Q16ZF0	2	U-02	aegypti	Ae. aegypti
Q16ZF3	2	U-02	aegypti	Ae. aegypti
Q16ZG5	1	U-01	aegypti	Ae. aegypti
Q16ZH0	2	U-02	aegypti	Ae. aegypti
Q16ZH3	1	U-01	aegypti	Ae. aegypti
Q16ZI0	1	U-01	aegypti	Ae. aegypti
Q16ZI4	1	U-01	aegypti	Ae. aegypti
Q16ZJ2	1	U-01	aegypti	Ae. aegypti
Q16ZJ3	1	U-01	aegypti	Ae. aegypti
Q16ZJ6	0	unassigned	aegypti	Ae. aegypti
Q16ZK5	2	U-02	aegypti	Ae. aegypti
Q16ZK8	1	U-01	aegypti	Ae. aegypti
Q16ZL0	1	U-01	aegypti	Ae. aegypti
Q16ZL1	1	U-01	aegypti	Ae. aegypti
Q16ZL3	1	U-01	aegypti	Ae. aegypti
Q16ZN4	1	U-01	aegypti	Ae. aegypti
Q16ZN9	1	U-01	aegypti	Ae. aegypti
Q16ZP2	1	U-01	aegypti	Ae. aegypti
Q16ZP3	1	U-01	aegypti	Ae. aegypti
Q16ZQ9	1	U-01	aegypti	Ae. aegypti
Q16ZR8	1	U-01	aegypti	Ae. aegypti
Q16ZS3	1	U-01	aegypti	Ae. aegypti
Q16ZT5	1	U-01	aegypti	Ae. aegypti
Q16ZT6	1	U-01	aegypti	Ae. aegypti
Q16ZT7	1	U-01	aegypti	Ae. aegypti
Q16ZX4	1	U-01	aegypti	Ae. aegypti
Q16ZZ2	0	unassigned	aegypti	Ae. aegypti
Q170C2	1	U-01	aegypti	Ae. aegypti
Q170C6	0	unassigned	aegypti	Ae. aegypti
Q170C8	0	unassigned	aegypti	Ae. aegypti
Q170C9	0	unassigned	aegypti	Ae. aegypti
Q170E3	2	U-02	aegypti	Ae. aegypti
Q170F2	1	U-01	aegypti	Ae. aegypti
Q170F3	1	U-01	aegypti	Ae. aegypti
Q170F9	2	U-02	aegypti	Ae. aegypti
Q170L2	1	U-01	aegypti	Ae. aegypti
Q170L4	2	U-02	aegypti	Ae. aegypti
Q170L5	1	U-01	aegypti	Ae. aegypti
Q170M0	1	U-01	aegypti	Ae. aegypti
Q170N2	1	U-01	aegypti	Ae. aegypti
Q170P3	1	U-01	aegypti	Ae. aegypti
Q170R5	1	U-01	aegypti	Ae. aegypti
Q170S2	1	U-01	aegypti	Ae. aegypti
Q170S9	0	unassigned	aegypti	Ae. aegypti
Q170T2	0	unassigned	aegypti	Ae. aegypti
Q170T4	0	unassigned	aegypti	Ae. aegypti
Q170T5	1	U-01	aegypti	Ae. aegypti
Q170T7	0	unassigned	aegypti	Ae. aegypti
Q170U7	1	U-01	aegypti	Ae. aegypti
Q170U8	1	U-01	aegypti	Ae. aegypti
Q170V7	1	U-01	aegypti	Ae. aegypti
Q170Z5	1	U-01	aegypti	Ae. aegypti
Q170Z8	1	U-01	aegypti	Ae. aegypti
Q170Z9	1	U-01	aegypti	Ae. aegypti
Q171B3	1	U-01	aegypti	Ae. aegypti
Q171B6	1	U-01	aegypti	Ae. aegypti
Q171B7	1	U-01	aegypti	Ae. aegypti
Q171C2	1	U-01	aegypti	Ae. aegypti
Q171C6	1	U-01	aegypti	Ae. aegypti
Q171C7	1	U-01	aegypti	Ae. aegypti
Q171D2	1	U-01	aegypti	Ae. aegypti
Q171F0	1	U-01	aegypti	Ae. aegypti
Q171F6	1	U-01	aegypti	Ae. aegypti
Q171F8	1	U-01	aegypti	Ae. aegypti
Q171F9	2	U-02	aegypti	Ae. aegypti
Q171G2	1	U-01	aegypti	Ae. aegypti
A0A903V3W0	0	unassigned	aegypti	Ae. aegypti
A0A903V403	1	U-01	aegypti	Ae. aegypti
A0A903V457	1	U-01	aegypti	Ae. aegypti
A0A903V477	1	U-01	aegypti	Ae. aegypti
A0A903V479	0	unassigned	aegypti	Ae. aegypti
A0A903V4A7	1	U-01	aegypti	Ae. aegypti
A0A903V4A9	1	U-01	aegypti	Ae. aegypti
A0A903V4G5	1	U-01	aegypti	Ae. aegypti
A0A903V4J0	1	U-01	aegypti	Ae. aegypti
A0A903V4P7	2	U-02	aegypti	Ae. aegypti
A0A903V4Q1	2	U-02	aegypti	Ae. aegypti
A0A903V4Q6	1	U-01	aegypti	Ae. aegypti
A0A903V4Q9	1	U-01	aegypti	Ae. aegypti
A0A903V4R6	1	U-01	aegypti	Ae. aegypti
A0A903V4T0	1	U-01	aegypti	Ae. aegypti
A0A903V4Y5	0	unassigned	aegypti	Ae. aegypti
A0A903V4Y8	0	unassigned	aegypti	Ae. aegypti
A0A903V543	1	U-01	aegypti	Ae. aegypti
A0A903V553	1	U-01	aegypti	Ae. aegypti
A0A903V591	2	U-02	aegypti	Ae. aegypti
A0A903V594	2	U-02	aegypti	Ae. aegypti
A0A903V5A5	1	U-01	aegypti	Ae. aegypti
A0A903V5C6	1	U-01	aegypti	Ae. aegypti
A0A903V5G2	1	U-01	aegypti	Ae. aegypti
A0A903VFI7	1	U-01	aegypti	Ae. aegypti
A0A903VFM6	1	U-01	aegypti	Ae. aegypti
A0A903VFM8	1	U-01	aegypti	Ae. aegypti
A0A903VFP5	1	U-01	aegypti	Ae. aegypti
A0A903VFQ6	2	U-02	aegypti	Ae. aegypti
A0A903VFQ9	2	U-02	aegypti	Ae. aegypti
A0A903VFT4	1	U-01	aegypti	Ae. aegypti
A0A903VG30	2	U-02	aegypti	Ae. aegypti
A0A903VG64	1	U-01	aegypti	Ae. aegypti
A0A903VG95	1	U-01	aegypti	Ae. aegypti
A0A903VGB0	2	U-02	aegypti	Ae. aegypti
A0A903VGB7	1	U-01	aegypti	Ae. aegypti
A0A903VGC1	1	U-01	aegypti	Ae. aegypti
A0A903VGC2	1	U-01	aegypti	Ae. aegypti
A0A903VGC3	2	U-02	aegypti	Ae. aegypti
A0A903VGD9	1	U-01	aegypti	Ae. aegypti
A0A903VGJ6	1	U-01	aegypti	Ae. aegypti
A0A903VGM6	1	U-01	aegypti	Ae. aegypti
A0A903VGP2	1	U-01	aegypti	Ae. aegypti
A0A903VGR3	1	U-01	aegypti	Ae. aegypti
A0A903VGU3	1	U-01	aegypti	Ae. aegypti
A0A903VGU7	1	U-01	aegypti	Ae. aegypti
A0A903VGW9	1	U-01	aegypti	Ae. aegypti
A0A903VH07	1	U-01	aegypti	Ae. aegypti
A0A903VH09	2	U-02	aegypti	Ae. aegypti
A0A903VH53	2	U-02	aegypti	Ae. aegypti
A0A903VH69	1	U-01	aegypti	Ae. aegypti
A0A903VH82	1	U-01	aegypti	Ae. aegypti
A0A903VHE5	1	U-01	aegypti	Ae. aegypti
A0A903VHF6	1	U-01	aegypti	Ae. aegypti
A0A903VHI0	1	U-01	aegypti	Ae. aegypti
A0A903VHK7	1	U-01	aegypti	Ae. aegypti
A0A903VHL3	1	U-01	aegypti	Ae. aegypti
A0A903VHM0	1	U-01	aegypti	Ae. aegypti
A0A903VHN6	2	U-02	aegypti	Ae. aegypti
A0A903VHQ2	1	U-01	aegypti	Ae. aegypti
A0A903VHQ7	0	unassigned	aegypti	Ae. aegypti
A0A903VHT2	1	U-01	aegypti	Ae. aegypti
A0A903VHT4	1	U-01	aegypti	Ae. aegypti
A0A903VHT8	1	U-01	aegypti	Ae. aegypti
A0A903VHY2	0	unassigned	aegypti	Ae. aegypti
A0A903VHY4	0	unassigned	aegypti	Ae. aegypti
A0A903VHZ1	1	U-01	aegypti	Ae. aegypti
A0A903VHZ8	0	unassigned	aegypti	Ae. aegypti
A0A903VI07	0	unassigned	aegypti	Ae. aegypti
A0A903VI38	1	U-01	aegypti	Ae. aegypti
A0A903VI71	1	U-01	aegypti	Ae. aegypti
A0A903VI79	2	U-02	aegypti	Ae. aegypti
A0A903VI98	1	U-01	aegypti	Ae. aegypti
A0A903VIA0	1	U-01	aegypti	Ae. aegypti
A0A903VID1	1	U-01	aegypti	Ae. aegypti
A0A903VIG3	2	U-02	aegypti	Ae. aegypti
A0A903VIG7	1	U-01	aegypti	Ae. aegypti
A0A903VIH4	1	U-01	aegypti	Ae. aegypti
A0A903VII0	0	unassigned	aegypti	Ae. aegypti
A0A903VII8	0	unassigned	aegypti	Ae. aegypti
A0A903VIJ6	1	U-01	aegypti	Ae. aegypti
A0A903VIR7	1	U-01	aegypti	Ae. aegypti
A0A903VIT1	2	U-02	aegypti	Ae. aegypti
A0A903VIT8	1	U-01	aegypti	Ae. aegypti
A0A903VIT9	1	U-01	aegypti	Ae. aegypti
A0A903VIV3	0	unassigned	aegypti	Ae. aegypti
A0A903VIV4	1	U-01	aegypti	Ae. aegypti
A0A903VJ14	1	U-01	aegypti	Ae. aegypti
A0A903VJ17	1	U-01	aegypti	Ae. aegypti
A0A903VJ34	1	U-01	aegypti	Ae. aegypti
A0A903VJA6	1	U-01	aegypti	Ae. aegypti
A0A903VJC9	1	U-01	aegypti	Ae. aegypti
A0A903VJF1	2	U-02	aegypti	Ae. aegypti
A0A903VJF4	0	unassigned	aegypti	Ae. aegypti
A0A903VJJ4	1	U-01	aegypti	Ae. aegypti
A0A903VJM2	1	U-01	aegypti	Ae. aegypti
A0A903VJQ5	1	U-01	aegypti	Ae. aegypti
A0A903VJS2	1	U-01	aegypti	Ae. aegypti
A0A903VJS8	1	U-01	aegypti	Ae. aegypti
A0A903VJU1	2	U-02	aegypti	Ae. aegypti
A0A6I8TH31	1	U-01	aegypti	Ae. aegypti
A0A6I8TH37	2	U-02	aegypti	Ae. aegypti
A0A6I8TH38	0	unassigned	aegypti	Ae. aegypti
A0A6I8TH42	2	U-02	aegypti	Ae. aegypti
A0A6I8TH45	0	unassigned	aegypti	Ae. aegypti
A0A6I8TH49	2	U-02	aegypti	Ae. aegypti
A0A6I8TH62	1	U-01	aegypti	Ae. aegypti
A0A6I8TH70	1	U-01	aegypti	Ae. aegypti
A0A6I8TH73	0	unassigned	aegypti	Ae. aegypti
A0A6I8TH78	1	U-01	aegypti	Ae. aegypti
A0A6I8TH81	1	U-01	aegypti	Ae. aegypti
A0A6I8TH83	1	U-01	aegypti	Ae. aegypti
A0A6I8TH85	1	U-01	aegypti	Ae. aegypti
A0A6I8TH86	2	U-02	aegypti	Ae. aegypti
A0A6I8TH93	1	U-01	aegypti	Ae. aegypti
A0A6I8TH97	1	U-01	aegypti	Ae. aegypti
A0A6I8THA5	1	U-01	aegypti	Ae. aegypti
A0A6I8THB2	1	U-01	aegypti	Ae. aegypti
A0A6I8THB6	1	U-01	aegypti	Ae. aegypti
A0A6I8THC6	1	U-01	aegypti	Ae. aegypti
A0A6I8THC8	1	U-01	aegypti	Ae. aegypti
A0A6I8THC9	1	U-01	aegypti	Ae. aegypti
A0A6I8THD2	1	U-01	aegypti	Ae. aegypti
A0A6I8THD3	1	U-01	aegypti	Ae. aegypti
A0A6I8THE0	1	U-01	aegypti	Ae. aegypti
A0A6I8THE1	2	U-02	aegypti	Ae. aegypti
A0A6I8THE2	1	U-01	aegypti	Ae. aegypti
A0A6I8THE3	1	U-01	aegypti	Ae. aegypti
A0A6I8THE6	1	U-01	aegypti	Ae. aegypti
A0A6I8THF4	1	U-01	aegypti	Ae. aegypti
A0A6I8THF7	1	U-01	aegypti	Ae. aegypti
A0A6I8THG0	1	U-01	aegypti	Ae. aegypti
A0A6I8THG5	1	U-01	aegypti	Ae. aegypti
A0A6I8THG8	1	U-01	aegypti	Ae. aegypti
A0A6I8THG9	1	U-01	aegypti	Ae. aegypti
A0A6I8THH8	1	U-01	aegypti	Ae. aegypti
A0A6I8THI6	1	U-01	aegypti	Ae. aegypti
A0A6I8THJ1	1	U-01	aegypti	Ae. aegypti
A0A6I8THJ6	0	unassigned	aegypti	Ae. aegypti
A0A6I8THK0	1	U-01	aegypti	Ae. aegypti
A0A6I8THK3	1	U-01	aegypti	Ae. aegypti
A0A6I8THK5	1	U-01	aegypti	Ae. aegypti
A0A6I8THM0	1	U-01	aegypti	Ae. aegypti
A0A6I8THM3	2	U-02	aegypti	Ae. aegypti
A0A6I8THM6	2	U-02	aegypti	Ae. aegypti
A0A6I8THM9	1	U-01	aegypti	Ae. aegypti
A0A6I8THN3	1	U-01	aegypti	Ae. aegypti
A0A6I8THN4	2	U-02	aegypti	Ae. aegypti
A0A6I8THP0	1	U-01	aegypti	Ae. aegypti
A0A6I8THP5	1	U-01	aegypti	Ae. aegypti
A0A6I8THP8	1	U-01	aegypti	Ae. aegypti
A0A6I8THQ2	1	U-01	aegypti	Ae. aegypti
A0A6I8THR3	1	U-01	aegypti	Ae. aegypti
A0A6I8THT0	1	U-01	aegypti	Ae. aegypti
A0A6I8THU6	1	U-01	aegypti	Ae. aegypti
A0A6I8THU7	1	U-01	aegypti	Ae. aegypti
A0A6I8THV3	1	U-01	aegypti	Ae. aegypti
A0A6I8THV8	1	U-01	aegypti	Ae. aegypti
A0A6I8THW0	1	U-01	aegypti	Ae. aegypti
A0A6I8THW4	1	U-01	aegypti	Ae. aegypti
A0A6I8THW5	1	U-01	aegypti	Ae. aegypti
A0A6I8THW7	1	U-01	aegypti	Ae. aegypti
A0A6I8THX6	1	U-01	aegypti	Ae. aegypti
A0A6I8THX7	1	U-01	aegypti	Ae. aegypti
A0A6I8THY5	1	U-01	aegypti	Ae. aegypti
A0A6I8THZ1	2	U-02	aegypti	Ae. aegypti
A0A6I8THZ5	1	U-01	aegypti	Ae. aegypti
A0A6I8THZ6	1	U-01	aegypti	Ae. aegypti
A0A6I8TI00	1	U-01	aegypti	Ae. aegypti
A0A6I8TI03	1	U-01	aegypti	Ae. aegypti
A0A6I8TI04	1	U-01	aegypti	Ae. aegypti
A0A6I8TI08	1	U-01	aegypti	Ae. aegypti
A0A6I8TI13	1	U-01	aegypti	Ae. aegypti
A0A6I8TI20	0	unassigned	aegypti	Ae. aegypti
A0A6I8TI24	1	U-01	aegypti	Ae. aegypti
A0A6I8TI28	1	U-01	aegypti	Ae. aegypti
A0A6I8TI35	1	U-01	aegypti	Ae. aegypti
A0A6I8TI38	1	U-01	aegypti	Ae. aegypti
A0A6I8TI39	0	unassigned	aegypti	Ae. aegypti
A0A6I8TI44	1	U-01	aegypti	Ae. aegypti
A0A6I8TI50	1	U-01	aegypti	Ae. aegypti
A0A6I8TI55	1	U-01	aegypti	Ae. aegypti
A0A6I8TI58	1	U-01	aegypti	Ae. aegypti
A0A6I8TI63	1	U-01	aegypti	Ae. aegypti
A0A6I8TI74	1	U-01	aegypti	Ae. aegypti
A0A6I8TI93	1	U-01	aegypti	Ae. aegypti
A0A6I8TI97	1	U-01	aegypti	Ae. aegypti
A0A6I8TIA0	1	U-01	aegypti	Ae. aegypti
A0A6I8TIB2	0	unassigned	aegypti	Ae. aegypti
A0A6I8TIB7	1	U-01	aegypti	Ae. aegypti
A0A6I8TIB9	1	U-01	aegypti	Ae. aegypti
A0A6I8TIC3	1	U-01	aegypti	Ae. aegypti
A0A6I8TIC8	2	U-02	aegypti	Ae. aegypti
A0A6I8TID1	1	U-01	aegypti	Ae. aegypti
A0A6I8TID2	1	U-01	aegypti	Ae. aegypti
A0A6I8TID3	1	U-01	aegypti	Ae. aegypti
A0A6I8TID5	1	U-01	aegypti	Ae. aegypti
A0A6I8TID7	1	U-01	aegypti	Ae. aegypti
A0A6I8TIE3	1	U-01	aegypti	Ae. aegypti
A0A6I8TIE4	1	U-01	aegypti	Ae. aegypti
A0A6I8TSK3	1	U-01	aegypti	Ae. aegypti
A0A6I8TSM6	1	U-01	aegypti	Ae. aegypti
A0A6I8TSP2	1	U-01	aegypti	Ae. aegypti
A0A6I8TSQ1	1	U-01	aegypti	Ae. aegypti
A0A6I8TSR6	1	U-01	aegypti	Ae. aegypti
A0A6I8TSS2	1	U-01	aegypti	Ae. aegypti
A0A6I8TSV3	2	U-02	aegypti	Ae. aegypti
A0A6I8TSX5	2	U-02	aegypti	Ae. aegypti
A0A6I8TSY4	1	U-01	aegypti	Ae. aegypti
A0A6I8TT23	1	U-01	aegypti	Ae. aegypti
A0A6I8TT45	1	U-01	aegypti	Ae. aegypti
A0A6I8TT66	1	U-01	aegypti	Ae. aegypti
A0A6I8TT73	1	U-01	aegypti	Ae. aegypti
A0A6I8TT90	1	U-01	aegypti	Ae. aegypti
A0A6I8TT94	1	U-01	aegypti	Ae. aegypti
A0A6I8TTA1	1	U-01	aegypti	Ae. aegypti
A0A6I8TTA6	1	U-01	aegypti	Ae. aegypti
A0A6I8TTA7	1	U-01	aegypti	Ae. aegypti
A0A6I8TTE2	2	U-02	aegypti	Ae. aegypti
A0A6I8TTF7	1	U-01	aegypti	Ae. aegypti
A0A6I8TTH7	1	U-01	aegypti	Ae. aegypti
A0A6I8TTI4	1	U-01	aegypti	Ae. aegypti
A0A6I8TTI8	1	U-01	aegypti	Ae. aegypti
A0A6I8TTJ1	1	U-01	aegypti	Ae. aegypti
A0A6I8TTK0	1	U-01	aegypti	Ae. aegypti
A0A6I8TTP3	1	U-01	aegypti	Ae. aegypti
A0A6I8TTP8	1	U-01	aegypti	Ae. aegypti
A0A6I8TTS1	1	U-01	aegypti	Ae. aegypti
A0A6I8TTU4	1	U-01	aegypti	Ae. aegypti
A0A6I8TTV5	1	U-01	aegypti	Ae. aegypti
A0A6I8TTX1	2	U-02	aegypti	Ae. aegypti
A0A6I8TU07	1	U-01	aegypti	Ae. aegypti
A0A6I8TU38	2	U-02	aegypti	Ae. aegypti
A0A6I8TU52	1	U-01	aegypti	Ae. aegypti
A0A6I8TU58	1	U-01	aegypti	Ae. aegypti
A0A6I8TU61	1	U-01	aegypti	Ae. aegypti
A0A6I8TU62	2	U-02	aegypti	Ae. aegypti
A0A6I8TU75	1	U-01	aegypti	Ae. aegypti
A0A6I8TU81	1	U-01	aegypti	Ae. aegypti
A0A6I8TU92	1	U-01	aegypti	Ae. aegypti
A0A6I8TUB5	1	U-01	aegypti	Ae. aegypti
A0A6I8TUC0	1	U-01	aegypti	Ae. aegypti
A0A6I8TUC6	1	U-01	aegypti	Ae. aegypti
A0A6I8TUD2	1	U-01	aegypti	Ae. aegypti
A0A6I8TUG0	1	U-01	aegypti	Ae. aegypti
A0A6I8TUG2	1	U-01	aegypti	Ae. aegypti
A0A6I8TUI1	1	U-01	aegypti	Ae. aegypti
A0A6I8TUI7	1	U-01	aegypti	Ae. aegypti
A0A6I8TUJ3	1	U-01	aegypti	Ae. aegypti
A0A6I8TUL8	1	U-01	aegypti	Ae. aegypti
A0A6I8TUM6	1	U-01	aegypti	Ae. aegypti
A0A6I8TUP9	1	U-01	aegypti	Ae. aegypti
A0A6I8TUQ5	1	U-01	aegypti	Ae. aegypti
A0A6I8TUR1	1	U-01	aegypti	Ae. aegypti
A0A6I8TUW1	1	U-01	aegypti	Ae. aegypti
A0A6I8TUW7	1	U-01	aegypti	Ae. aegypti
A0A6I8TUX3	1	U-01	aegypti	Ae. aegypti
A0A6I8TUY7	2	U-02	aegypti	Ae. aegypti
A0A6I8TV26	1	U-01	aegypti	Ae. aegypti
A0A6I8TV32	1	U-01	aegypti	Ae. aegypti
A0A6I8TV47	1	U-01	aegypti	Ae. aegypti
A0A6I8TV53	1	U-01	aegypti	Ae. aegypti
A0A6I8TV62	1	U-01	aegypti	Ae. aegypti
A0A6I8TV64	2	U-02	aegypti	Ae. aegypti
A0A6I8TV67	1	U-01	aegypti	Ae. aegypti
A0A6I8TV79	2	U-02	aegypti	Ae. aegypti
A0A6I8TV81	2	U-02	aegypti	Ae. aegypti
A0A6I8TV83	1	U-01	aegypti	Ae. aegypti
A0A6I8TV99	1	U-01	aegypti	Ae. aegypti
A0A6I8TVA3	1	U-01	aegypti	Ae. aegypti
A0A6I8TVA5	1	U-01	aegypti	Ae. aegypti
A0A6I8TVC5	1	U-01	aegypti	Ae. aegypti
A0A6I8TVE7	2	U-02	aegypti	Ae. aegypti
A0A6I8TVE8	1	U-01	aegypti	Ae. aegypti
A0A6I8TVF3	1	U-01	aegypti	Ae. aegypti
A0A6I8TVF4	1	U-01	aegypti	Ae. aegypti
A0A6I8TVH3	1	U-01	aegypti	Ae. aegypti
A0A6I8TKT5	1	U-01	aegypti	Ae. aegypti
A0A6I8TKV5	1	U-01	aegypti	Ae. aegypti
A0A6I8TKW4	1	U-01	aegypti	Ae. aegypti
A0A6I8TKZ3	1	U-01	aegypti	Ae. aegypti
A0A6I8TL29	1	U-01	aegypti	Ae. aegypti
A0A6I8TL38	1	U-01	aegypti	Ae. aegypti
A0A6I8TL53	2	U-02	aegypti	Ae. aegypti
A0A6I8TL54	2	U-02	aegypti	Ae. aegypti
A0A6I8TL69	1	U-01	aegypti	Ae. aegypti
A0A6I8TL70	1	U-01	aegypti	Ae. aegypti
A0A6I8TL71	1	U-01	aegypti	Ae. aegypti
A0A6I8TL95	1	U-01	aegypti	Ae. aegypti
A0A6I8TLA0	2	U-02	aegypti	Ae. aegypti
A0A6I8TLA5	2	U-02	aegypti	Ae. aegypti
A0A6I8TLA7	1	U-01	aegypti	Ae. aegypti
A0A6I8TLE5	1	U-01	aegypti	Ae. aegypti
A0A6I8TLE9	2	U-02	aegypti	Ae. aegypti
A0A6I8TLF3	1	U-01	aegypti	Ae. aegypti
A0A6I8TLH4	2	U-02	aegypti	Ae. aegypti
A0A6I8TLI4	2	U-02	aegypti	Ae. aegypti
A0A6I8TLJ5	2	U-02	aegypti	Ae. aegypti
A0A6I8TLL8	2	U-02	aegypti	Ae. aegypti
A0A6I8TLP5	1	U-01	aegypti	Ae. aegypti
A0A6I8TR33	1	U-01	aegypti	Ae. aegypti
A0A6I8TR34	0	unassigned	aegypti	Ae. aegypti
A0A6I8TR35	2	U-02	aegypti	Ae. aegypti
A0A6I8TR36	1	U-01	aegypti	Ae. aegypti
A0A6I8TR39	0	unassigned	aegypti	Ae. aegypti
A0A6I8TR40	1	U-01	aegypti	Ae. aegypti
A0A6I8TR41	1	U-01	aegypti	Ae. aegypti
A0A6I8TR42	0	unassigned	aegypti	Ae. aegypti
A0A6I8TR47	0	unassigned	aegypti	Ae. aegypti
A0A6I8TR49	1	U-01	aegypti	Ae. aegypti
A0A6I8TR53	1	U-01	aegypti	Ae. aegypti
A0A6I8TR54	1	U-01	aegypti	Ae. aegypti
A0A6I8TR61	1	U-01	aegypti	Ae. aegypti
A0A6I8TR65	1	U-01	aegypti	Ae. aegypti
A0A6I8TR68	2	U-02	aegypti	Ae. aegypti
A0A6I8TR71	0	unassigned	aegypti	Ae. aegypti
A0A6I8TR74	1	U-01	aegypti	Ae. aegypti
A0A6I8TR78	1	U-01	aegypti	Ae. aegypti
A0A6I8TR83	1	U-01	aegypti	Ae. aegypti
A0A6I8TR86	1	U-01	aegypti	Ae. aegypti
A0A6I8TR87	2	U-02	aegypti	Ae. aegypti
A0A6I8TR89	2	U-02	aegypti	Ae. aegypti
A0A6I8TR91	1	U-01	aegypti	Ae. aegypti
A0A6I8TR92	1	U-01	aegypti	Ae. aegypti
A0A6I8TR93	2	U-02	aegypti	Ae. aegypti
A0A6I8TR98	0	unassigned	aegypti	Ae. aegypti
A0A6I8TR99	1	U-01	aegypti	Ae. aegypti
A0A6I8TRA1	1	U-01	aegypti	Ae. aegypti
A0A6I8TRA5	1	U-01	aegypti	Ae. aegypti
A0A6I8TRA6	2	U-02	aegypti	Ae. aegypti
A0A6I8TRB3	1	U-01	aegypti	Ae. aegypti
A0A6I8TRB5	0	unassigned	aegypti	Ae. aegypti
A0A6I8TRC4	1	U-01	aegypti	Ae. aegypti
A0A6I8TRC9	0	unassigned	aegypti	Ae. aegypti
A0A6I8TRD5	1	U-01	aegypti	Ae. aegypti
A0A6I8TRD6	2	U-02	aegypti	Ae. aegypti
A0A6I8TRD7	1	U-01	aegypti	Ae. aegypti
A0A6I8TRD8	1	U-01	aegypti	Ae. aegypti
A0A6I8TRD9	1	U-01	aegypti	Ae. aegypti
A0A6I8TRE0	1	U-01	aegypti	Ae. aegypti
A0A6I8TRE1	1	U-01	aegypti	Ae. aegypti
A0A6I8TRE2	1	U-01	aegypti	Ae. aegypti
A0A6I8TRE7	1	U-01	aegypti	Ae. aegypti
A0A6I8TRF0	1	U-01	aegypti	Ae. aegypti
A0A6I8TRF2	1	U-01	aegypti	Ae. aegypti
A0A6I8TRF4	1	U-01	aegypti	Ae. aegypti
A0A6I8TRF5	2	U-02	aegypti	Ae. aegypti
A0A6I8TRF7	2	U-02	aegypti	Ae. aegypti
A0A6I8TRG4	1	U-01	aegypti	Ae. aegypti
A0A6I8TRG9	2	U-02	aegypti	Ae. aegypti
A0A6I8TRH0	1	U-01	aegypti	Ae. aegypti
A0A6I8TRH3	2	U-02	aegypti	Ae. aegypti
A0A6I8TRH7	2	U-02	aegypti	Ae. aegypti
A0A6I8TRH8	1	U-01	aegypti	Ae. aegypti
A0A6I8TRI0	0	unassigned	aegypti	Ae. aegypti
A0A6I8TRI2	1	U-01	aegypti	Ae. aegypti
A0A6I8TRI9	1	U-01	aegypti	Ae. aegypti
A0A6I8TRK4	1	U-01	aegypti	Ae. aegypti
A0A6I8TRL0	0	unassigned	aegypti	Ae. aegypti
A0A6I8TRL4	0	unassigned	aegypti	Ae. aegypti
A0A6I8TRL6	1	U-01	aegypti	Ae. aegypti
A0A6I8TRM5	0	unassigned	aegypti	Ae. aegypti
A0A6I8TRN3	1	U-01	aegypti	Ae. aegypti
A0A6I8TRN4	1	U-01	aegypti	Ae. aegypti
A0A6I8TRN7	2	U-02	aegypti	Ae. aegypti
A0A6I8TRP6	1	U-01	aegypti	Ae. aegypti
A0A6I8TRP7	1	U-01	aegypti	Ae. aegypti
A0A6I8TRQ0	1	U-01	aegypti	Ae. aegypti
A0A6I8TRQ4	1	U-01	aegypti	Ae. aegypti
A0A6I8TRR2	1	U-01	aegypti	Ae. aegypti
A0A6I8TRR7	1	U-01	aegypti	Ae. aegypti
A0A6I8TRS3	1	U-01	aegypti	Ae. aegypti
A0A6I8TRS4	1	U-01	aegypti	Ae. aegypti
A0A6I8TRS9	1	U-01	aegypti	Ae. aegypti
A0A6I8TRT0	1	U-01	aegypti	Ae. aegypti
A0A6I8TRT3	1	U-01	aegypti	Ae. aegypti
A0A6I8TRT4	1	U-01	aegypti	Ae. aegypti
A0A6I8TRT6	1	U-01	aegypti	Ae. aegypti
A0A6I8TRT8	1	U-01	aegypti	Ae. aegypti
A0A6I8TRT9	1	U-01	aegypti	Ae. aegypti
A0A6I8TRU1	1	U-01	aegypti	Ae. aegypti
A0A6I8TRU2	1	U-01	aegypti	Ae. aegypti
A0A6I8TRU5	1	U-01	aegypti	Ae. aegypti
A0A6I8TRU8	2	U-02	aegypti	Ae. aegypti
A0A6I8TRV1	1	U-01	aegypti	Ae. aegypti
A0A6I8TRV2	0	unassigned	aegypti	Ae. aegypti
A0A6I8TRV3	1	U-01	aegypti	Ae. aegypti
A0A6I8TRV5	0	unassigned	aegypti	Ae. aegypti
A0A6I8TRV8	1	U-01	aegypti	Ae. aegypti
A0A6I8TRW2	1	U-01	aegypti	Ae. aegypti
A0A6I8TRW3	0	unassigned	aegypti	Ae. aegypti
A0A6I8TRW8	1	U-01	aegypti	Ae. aegypti
A0A6I8TRW9	1	U-01	aegypti	Ae. aegypti
A0A6I8TRX3	2	U-02	aegypti	Ae. aegypti
A0A6I8TRX7	1	U-01	aegypti	Ae. aegypti
A0A6I8TRY1	1	U-01	aegypti	Ae. aegypti
A0A6I8TRY5	0	unassigned	aegypti	Ae. aegypti
A0A6I8TRY6	2	U-02	aegypti	Ae. aegypti
A0A6I8TRY7	1	U-01	aegypti	Ae. aegypti
A0A6I8TRZ4	1	U-01	aegypti	Ae. aegypti
Q172K2	1	U-01	aegypti	Ae. aegypti
Q174R2	1	U-01	aegypti	Ae. aegypti
Q176B8	1	U-01	aegypti	Ae. aegypti
Q177X0	1	U-01	aegypti	Ae. aegypti
Q177X1	1	U-01	aegypti	Ae. aegypti
Q178M1	1	U-01	aegypti	Ae. aegypti
Q178U6	0	unassigned	aegypti	Ae. aegypti
Q17A75	1	U-01	aegypti	Ae. aegypti
Q17BU3	1	U-01	aegypti	Ae. aegypti
Q17CA7	1	U-01	aegypti	Ae. aegypti
Q17F11	1	U-01	aegypti	Ae. aegypti
Q17HI3	1	U-01	aegypti	Ae. aegypti
Q17J02	1	U-01	aegypti	Ae. aegypti
Q17N72	1	U-01	aegypti	Ae. aegypti
Q17NZ6	0	unassigned	aegypti	Ae. aegypti
Q17P71	1	U-01	aegypti	Ae. aegypti
Q8WPC2	2	U-02	aegypti	Ae. aegypti
A0A0F6MY85	1	U-01	aegypti	Ae. aegypti
A0A1S4EUN6	1	U-01	aegypti	Ae. aegypti
A0A1S4EUR4	2	U-02	aegypti	Ae. aegypti
A0A1S4EUR7	2	U-02	aegypti	Ae. aegypti
A0A1S4EUW3	1	U-01	aegypti	Ae. aegypti
A0A1S4EUY4	2	U-02	aegypti	Ae. aegypti
A0A1S4EVA6	2	U-02	aegypti	Ae. aegypti
A0A1S4EVD4	1	U-01	aegypti	Ae. aegypti
A0A1S4EW88	1	U-01	aegypti	Ae. aegypti
A0A1S4EWA7	2	U-02	aegypti	Ae. aegypti
A0A1S4EWA9	2	U-02	aegypti	Ae. aegypti
A0A1S4EX29	1	U-01	aegypti	Ae. aegypti
A0A1S4EXL5	1	U-01	aegypti	Ae. aegypti
A0A1S4EXT2	1	U-01	aegypti	Ae. aegypti
A0A1S4EXV6	1	U-01	aegypti	Ae. aegypti
A0A6I8T8L2	1	U-01	aegypti	Ae. aegypti
A0A6I8T8M5	0	unassigned	aegypti	Ae. aegypti
A0A6I8T8M7	1	U-01	aegypti	Ae. aegypti
A0A6I8T8N1	1	U-01	aegypti	Ae. aegypti
A0A6I8T8N2	2	U-02	aegypti	Ae. aegypti
A0A6I8T8N4	1	U-01	aegypti	Ae. aegypti
A0A6I8T8N5	1	U-01	aegypti	Ae. aegypti
A0A6I8T8N7	2	U-02	aegypti	Ae. aegypti
A0A6I8T8N9	1	U-01	aegypti	Ae. aegypti
A0A6I8T8P0	1	U-01	aegypti	Ae. aegypti
A0A6I8T8P3	1	U-01	aegypti	Ae. aegypti
A0A6I8T8Q8	0	unassigned	aegypti	Ae. aegypti
A0A6I8T8R3	0	unassigned	aegypti	Ae. aegypti
A0A6I8T8R5	1	U-01	aegypti	Ae. aegypti
A0A6I8T8R9	0	unassigned	aegypti	Ae. aegypti
A0A6I8T8S3	1	U-01	aegypti	Ae. aegypti
A0A6I8T8S4	0	unassigned	aegypti	Ae. aegypti
A0A6I8T8S5	1	U-01	aegypti	Ae. aegypti
A0A6I8T8S6	0	unassigned	aegypti	Ae. aegypti
A0A6I8T8T0	2	U-02	aegypti	Ae. aegypti
A0A6I8T8T2	1	U-01	aegypti	Ae. aegypti
A0A6I8T8T5	1	U-01	aegypti	Ae. aegypti
A0A6I8T8T7	2	U-02	aegypti	Ae. aegypti
A0A6I8T8U0	2	U-02	aegypti	Ae. aegypti
A0A6I8T8U1	1	U-01	aegypti	Ae. aegypti
A0A6I8T8U3	1	U-01	aegypti	Ae. aegypti
A0A6I8T8U5	1	U-01	aegypti	Ae. aegypti
A0A6I8T8U8	1	U-01	aegypti	Ae. aegypti
A0A6I8T8W1	1	U-01	aegypti	Ae. aegypti
A0A6I8T8W5	1	U-01	aegypti	Ae. aegypti
A0A6I8T8W6	1	U-01	aegypti	Ae. aegypti
A0A6I8T8W8	1	U-01	aegypti	Ae. aegypti
A0A6I8T8X0	1	U-01	aegypti	Ae. aegypti
A0A6I8T8X6	1	U-01	aegypti	Ae. aegypti
A0A6I8T8X9	1	U-01	aegypti	Ae. aegypti
A0A6I8T8Y0	0	unassigned	aegypti	Ae. aegypti
A0A6I8T8Y3	1	U-01	aegypti	Ae. aegypti
A0A6I8T8Y6	1	U-01	aegypti	Ae. aegypti
A0A6I8T8Y7	2	U-02	aegypti	Ae. aegypti
A0A6I8T8Z3	1	U-01	aegypti	Ae. aegypti
A0A6I8T904	1	U-01	aegypti	Ae. aegypti
A0A6I8T909	2	U-02	aegypti	Ae. aegypti
A0A6I8T910	1	U-01	aegypti	Ae. aegypti
A0A6I8T912	1	U-01	aegypti	Ae. aegypti
A0A6I8T915	2	U-02	aegypti	Ae. aegypti
A0A6I8T916	1	U-01	aegypti	Ae. aegypti
A0A6I8T918	1	U-01	aegypti	Ae. aegypti
A0A6I8T924	0	unassigned	aegypti	Ae. aegypti
A0A6I8T927	2	U-02	aegypti	Ae. aegypti
A0A6I8T931	1	U-01	aegypti	Ae. aegypti
A0A6I8T936	1	U-01	aegypti	Ae. aegypti
A0A6I8T942	1	U-01	aegypti	Ae. aegypti
A0A6I8T944	1	U-01	aegypti	Ae. aegypti
A0A6I8T950	1	U-01	aegypti	Ae. aegypti
A0A6I8T957	1	U-01	aegypti	Ae. aegypti
A0A6I8T959	2	U-02	aegypti	Ae. aegypti
A0A6I8T964	1	U-01	aegypti	Ae. aegypti
A0A6I8T965	2	U-02	aegypti	Ae. aegypti
A0A6I8T970	0	unassigned	aegypti	Ae. aegypti
A0A6I8T978	1	U-01	aegypti	Ae. aegypti
A0A6I8T983	1	U-01	aegypti	Ae. aegypti
A0A6I8T994	1	U-01	aegypti	Ae. aegypti
A0A6I8T996	1	U-01	aegypti	Ae. aegypti
A0A6I8T999	1	U-01	aegypti	Ae. aegypti
A0A6I8T9A2	2	U-02	aegypti	Ae. aegypti
A0A6I8T9A6	1	U-01	aegypti	Ae. aegypti
A0A6I8T9B0	1	U-01	aegypti	Ae. aegypti
A0A6I8T9B5	1	U-01	aegypti	Ae. aegypti
A0A6I8U5W7	1	U-01	aegypti	Ae. aegypti
A0A6I8U5W9	1	U-01	aegypti	Ae. aegypti
A0A6I8U5X1	0	unassigned	aegypti	Ae. aegypti
A0A6I8U5X6	0	unassigned	aegypti	Ae. aegypti
A0A6I8U5Y5	0	unassigned	aegypti	Ae. aegypti
A0A6I8U5Z8	1	U-01	aegypti	Ae. aegypti
A0A6I8U600	0	unassigned	aegypti	Ae. aegypti
A0A6I8U601	0	unassigned	aegypti	Ae. aegypti
A0A6I8U614	2	U-02	aegypti	Ae. aegypti
A0A6I8U617	1	U-01	aegypti	Ae. aegypti
A0A6I8U622	1	U-01	aegypti	Ae. aegypti
A0A6I8U625	1	U-01	aegypti	Ae. aegypti
A0A6I8U634	1	U-01	aegypti	Ae. aegypti
A0A6I8U636	1	U-01	aegypti	Ae. aegypti
A0A6I8U637	1	U-01	aegypti	Ae. aegypti
A0A6I8U646	1	U-01	aegypti	Ae. aegypti
A0A6I8U650	1	U-01	aegypti	Ae. aegypti
A0A6I8U652	1	U-01	aegypti	Ae. aegypti
A0A6I8U660	0	unassigned	aegypti	Ae. aegypti
A0A6I8U662	0	unassigned	aegypti	Ae. aegypti
A0A6I8U664	0	unassigned	aegypti	Ae. aegypti
A0A6I8U667	0	unassigned	aegypti	Ae. aegypti
A0A6I8U669	1	U-01	aegypti	Ae. aegypti
A0A6I8U671	0	unassigned	aegypti	Ae. aegypti
A0A6I8U672	0	unassigned	aegypti	Ae. aegypti
A0A6I8U674	0	unassigned	aegypti	Ae. aegypti
A0A6I8U676	1	U-01	aegypti	Ae. aegypti
A0A6I8U677	0	unassigned	aegypti	Ae. aegypti
A0A6I8U678	1	U-01	aegypti	Ae. aegypti
A0A6I8U679	0	unassigned	aegypti	Ae. aegypti
A0A6I8U690	1	U-01	aegypti	Ae. aegypti
A0A6I8U694	1	U-01	aegypti	Ae. aegypti
A0A6I8U6A3	1	U-01	aegypti	Ae. aegypti
A0A6I8U6A5	1	U-01	aegypti	Ae. aegypti
A0A6I8U6A6	1	U-01	aegypti	Ae. aegypti
A0A6I8U6A7	2	U-02	aegypti	Ae. aegypti
A0A6I8U6B3	1	U-01	aegypti	Ae. aegypti
A0A6I8U6B4	2	U-02	aegypti	Ae. aegypti
A0A6I8U6D0	1	U-01	aegypti	Ae. aegypti
A0A6I8U6D5	1	U-01	aegypti	Ae. aegypti
A0A6I8U6D8	2	U-02	aegypti	Ae. aegypti
A0A6I8U6E3	0	unassigned	aegypti	Ae. aegypti
A0A6I8U6E7	1	U-01	aegypti	Ae. aegypti
A0A6I8U6E9	1	U-01	aegypti	Ae. aegypti
A0A6I8U6F0	1	U-01	aegypti	Ae. aegypti
A0A6I8U6F1	0	unassigned	aegypti	Ae. aegypti
A0A6I8U6F5	1	U-01	aegypti	Ae. aegypti
A0A6I8U6F7	2	U-02	aegypti	Ae. aegypti
A0A6I8U6G1	1	U-01	aegypti	Ae. aegypti
A0A6I8U6G2	1	U-01	aegypti	Ae. aegypti
A0A6I8U6G9	1	U-01	aegypti	Ae. aegypti
A0A6I8U6H3	1	U-01	aegypti	Ae. aegypti
A0A6I8U6I0	1	U-01	aegypti	Ae. aegypti
A0A6I8U6I1	2	U-02	aegypti	Ae. aegypti
A0A6I8U6I2	2	U-02	aegypti	Ae. aegypti
A0A6I8U6I4	2	U-02	aegypti	Ae. aegypti
A0A6I8U6J0	1	U-01	aegypti	Ae. aegypti
A0A6I8U6J2	2	U-02	aegypti	Ae. aegypti
A0A6I8U6L0	2	U-02	aegypti	Ae. aegypti
A0A6I8U6L1	1	U-01	aegypti	Ae. aegypti
A0A6I8U6L3	0	unassigned	aegypti	Ae. aegypti
A0A6I8U6L4	0	unassigned	aegypti	Ae. aegypti
A0A6I8U6N7	1	U-01	aegypti	Ae. aegypti
A0A6I8U6P2	1	U-01	aegypti	Ae. aegypti
A0A6I8U6P6	1	U-01	aegypti	Ae. aegypti
A0A6I8U6P8	1	U-01	aegypti	Ae. aegypti
A0A6I8U6Q5	1	U-01	aegypti	Ae. aegypti
A0A6I8U6Q6	1	U-01	aegypti	Ae. aegypti
A0A6I8U6Q9	1	U-01	aegypti	Ae. aegypti
A0A6I8U6S4	1	U-01	aegypti	Ae. aegypti
A0A6I8U6S7	1	U-01	aegypti	Ae. aegypti
A0A6I8U6S8	1	U-01	aegypti	Ae. aegypti
A0A6I8U6T6	1	U-01	aegypti	Ae. aegypti
A0A6I8U6T9	1	U-01	aegypti	Ae. aegypti
A0A6I8U6U2	2	U-02	aegypti	Ae. aegypti
A0A6I8U6U4	1	U-01	aegypti	Ae. aegypti
A0A6I8U6U7	1	U-01	aegypti	Ae. aegypti
A0A6I8U6U8	1	U-01	aegypti	Ae. aegypti
A0A6I8U6V0	1	U-01	aegypti	Ae. aegypti
A0A6I8U6V9	1	U-01	aegypti	Ae. aegypti
A0A6I8U6W1	0	unassigned	aegypti	Ae. aegypti
A0A6I8U6X6	1	U-01	aegypti	Ae. aegypti
A0A6I8U6X7	1	U-01	aegypti	Ae. aegypti
A0A6I8U6X9	1	U-01	aegypti	Ae. aegypti
A0A6I8U6Z4	1	U-01	aegypti	Ae. aegypti
A0A6I8U6Z7	1	U-01	aegypti	Ae. aegypti
A0A6I8U700	1	U-01	aegypti	Ae. aegypti
A0A6I8U701	2	U-02	aegypti	Ae. aegypti
A0A6I8U705	1	U-01	aegypti	Ae. aegypti
A0A6I8U711	1	U-01	aegypti	Ae. aegypti
A0A6I8U719	1	U-01	aegypti	Ae. aegypti
A0A6I8U722	2	U-02	aegypti	Ae. aegypti
A0A6I8U727	2	U-02	aegypti	Ae. aegypti
A0A6I8U730	1	U-01	aegypti	Ae. aegypti
A0A6I8U741	1	U-01	aegypti	Ae. aegypti
A0A6I8U749	1	U-01	aegypti	Ae. aegypti
A0A6I8U752	1	U-01	aegypti	Ae. aegypti
A0A6I8TY14	0	unassigned	aegypti	Ae. aegypti
A0A6I8TY20	1	U-01	aegypti	Ae. aegypti
A0A6I8TY23	1	U-01	aegypti	Ae. aegypti
A0A6I8TLI2	2	U-02	aegypti	Ae. aegypti
A0A6I8TLI7	0	unassigned	aegypti	Ae. aegypti
A0A6I8TLI8	1	U-01	aegypti	Ae. aegypti
A0A6I8TLJ2	1	U-01	aegypti	Ae. aegypti
A0A6I8TLJ4	1	U-01	aegypti	Ae. aegypti
A0A6I8TLJ7	1	U-01	aegypti	Ae. aegypti
A0A6I8TLJ9	1	U-01	aegypti	Ae. aegypti
A0A6I8TLK4	1	U-01	aegypti	Ae. aegypti
A0A6I8TLK7	1	U-01	aegypti	Ae. aegypti
A0A6I8TLL3	2	U-02	aegypti	Ae. aegypti
A0A6I8TLL4	1	U-01	aegypti	Ae. aegypti
A0A6I8TLL6	1	U-01	aegypti	Ae. aegypti
A0A6I8TLM4	0	unassigned	aegypti	Ae. aegypti
A0A6I8TLM7	1	U-01	aegypti	Ae. aegypti
A0A6I8TLM9	0	unassigned	aegypti	Ae. aegypti
A0A6I8TLN4	0	unassigned	aegypti	Ae. aegypti
A0A6I8TLN7	1	U-01	aegypti	Ae. aegypti
A0A6I8TLN8	1	U-01	aegypti	Ae. aegypti
A0A6I8TLP0	0	unassigned	aegypti	Ae. aegypti
A0A6I8TLP1	1	U-01	aegypti	Ae. aegypti
A0A6I8TLP8	1	U-01	aegypti	Ae. aegypti
A0A6I8TLQ1	1	U-01	aegypti	Ae. aegypti
A0A6I8TLQ9	1	U-01	aegypti	Ae. aegypti
A0A6I8TLR5	1	U-01	aegypti	Ae. aegypti
A0A6I8TLR6	1	U-01	aegypti	Ae. aegypti
A0A6I8TLS1	2	U-02	aegypti	Ae. aegypti
A0A6I8TLS2	1	U-01	aegypti	Ae. aegypti
A0A6I8TLS8	1	U-01	aegypti	Ae. aegypti
A0A6I8TLT0	2	U-02	aegypti	Ae. aegypti
A0A6I8TLT1	1	U-01	aegypti	Ae. aegypti
A0A6I8TLT6	2	U-02	aegypti	Ae. aegypti
A0A6I8TLU2	2	U-02	aegypti	Ae. aegypti
A0A6I8TLU3	1	U-01	aegypti	Ae. aegypti
A0A6I8TLU9	2	U-02	aegypti	Ae. aegypti
A0A6I8TLV1	1	U-01	aegypti	Ae. aegypti
A0A6I8TLV2	1	U-01	aegypti	Ae. aegypti
A0A6I8TLV7	2	U-02	aegypti	Ae. aegypti
A0A6I8TLW0	1	U-01	aegypti	Ae. aegypti
A0A6I8TLW2	1	U-01	aegypti	Ae. aegypti
A0A6I8TLW6	2	U-02	aegypti	Ae. aegypti
A0A6I8TLX7	1	U-01	aegypti	Ae. aegypti
A0A6I8TLX9	1	U-01	aegypti	Ae. aegypti
A0A6I8TLY8	1	U-01	aegypti	Ae. aegypti
A0A6I8TLZ1	1	U-01	aegypti	Ae. aegypti
A0A6I8TM01	2	U-02	aegypti	Ae. aegypti
A0A6I8TM08	1	U-01	aegypti	Ae. aegypti
A0A6I8TM16	1	U-01	aegypti	Ae. aegypti
A0A6I8TM20	1	U-01	aegypti	Ae. aegypti
A0A6I8TM24	1	U-01	aegypti	Ae. aegypti
A0A6I8TM25	1	U-01	aegypti	Ae. aegypti
A0A6I8TM28	1	U-01	aegypti	Ae. aegypti
A0A6I8TM29	1	U-01	aegypti	Ae. aegypti
A0A6I8TM33	1	U-01	aegypti	Ae. aegypti
A0A6I8TM39	1	U-01	aegypti	Ae. aegypti
A0A6I8TM49	1	U-01	aegypti	Ae. aegypti
A0A6I8TM50	2	U-02	aegypti	Ae. aegypti
A0A6I8TM52	1	U-01	aegypti	Ae. aegypti
A0A6I8TM58	2	U-02	aegypti	Ae. aegypti
A0A6I8TM59	1	U-01	aegypti	Ae. aegypti
A0A6I8TM67	2	U-02	aegypti	Ae. aegypti
A0A6I8TM72	0	unassigned	aegypti	Ae. aegypti
A0A6I8TM74	1	U-01	aegypti	Ae. aegypti
A0A6I8TM78	2	U-02	aegypti	Ae. aegypti
A0A6I8TM79	1	U-01	aegypti	Ae. aegypti
A0A6I8TM84	2	U-02	aegypti	Ae. aegypti
A0A6I8TM89	1	U-01	aegypti	Ae. aegypti
A0A6I8TM93	1	U-01	aegypti	Ae. aegypti
A0A1S4FKN1	0	unassigned	aegypti	Ae. aegypti
A0A1S4FKN5	1	U-01	aegypti	Ae. aegypti
A0A1S4FKN6	1	U-01	aegypti	Ae. aegypti
A0A1S4FKP2	2	U-02	aegypti	Ae. aegypti
A0A1S4FKP7	2	U-02	aegypti	Ae. aegypti
A0A1S4FKP9	2	U-02	aegypti	Ae. aegypti
A0A1S4FKR4	1	U-01	aegypti	Ae. aegypti
A0A1S4FKR9	1	U-01	aegypti	Ae. aegypti
A0A1S4FKS0	1	U-01	aegypti	Ae. aegypti
A0A1S4FKS4	1	U-01	aegypti	Ae. aegypti
A0A1S4FKT2	1	U-01	aegypti	Ae. aegypti
A0A1S4FKT6	1	U-01	aegypti	Ae. aegypti
A0A1S4FKV8	2	U-02	aegypti	Ae. aegypti
A0A1S4FKX0	1	U-01	aegypti	Ae. aegypti
A0A1S4FKX2	2	U-02	aegypti	Ae. aegypti
A0A1S4FKX5	2	U-02	aegypti	Ae. aegypti
A0A1S4FKX7	2	U-02	aegypti	Ae. aegypti
A0A1S4FKX8	0	unassigned	aegypti	Ae. aegypti
A0A1S4FKY9	0	unassigned	aegypti	Ae. aegypti
A0A1S4FL04	0	unassigned	aegypti	Ae. aegypti
A0A1S4FL07	0	unassigned	aegypti	Ae. aegypti
A0A1S4FL08	0	unassigned	aegypti	Ae. aegypti
A0A1S4FL17	2	U-02	aegypti	Ae. aegypti
A0A1S4FL24	0	unassigned	aegypti	Ae. aegypti
A0A1S4FL46	0	unassigned	aegypti	Ae. aegypti
A0A1S4FL53	1	U-01	aegypti	Ae. aegypti
A0A1S4FL54	2	U-02	aegypti	Ae. aegypti
A0A1S4FL55	1	U-01	aegypti	Ae. aegypti
A0A1S4FL58	1	U-01	aegypti	Ae. aegypti
A0A1S4FL61	0	unassigned	aegypti	Ae. aegypti
A0A1S4FL64	1	U-01	aegypti	Ae. aegypti
A0A1S4FL74	2	U-02	aegypti	Ae. aegypti
A0A1S4FL81	0	unassigned	aegypti	Ae. aegypti
A0A6I8T9E9	0	unassigned	aegypti	Ae. aegypti
A0A6I8T9F5	1	U-01	aegypti	Ae. aegypti
A0A6I8T9F6	1	U-01	aegypti	Ae. aegypti
A0A6I8T9F8	2	U-02	aegypti	Ae. aegypti
A0A6I8T9G3	2	U-02	aegypti	Ae. aegypti
A0A6I8T9G6	1	U-01	aegypti	Ae. aegypti
A0A6I8T9G9	1	U-01	aegypti	Ae. aegypti
A0A6I8T9H1	1	U-01	aegypti	Ae. aegypti
A0A6I8T9H3	1	U-01	aegypti	Ae. aegypti
A0A6I8T9H4	2	U-02	aegypti	Ae. aegypti
A0A6I8T9H6	1	U-01	aegypti	Ae. aegypti
A0A6I8T9I1	1	U-01	aegypti	Ae. aegypti
A0A6I8T9I9	2	U-02	aegypti	Ae. aegypti
A0A6I8T9J4	2	U-02	aegypti	Ae. aegypti
A0A6I8T9K7	2	U-02	aegypti	Ae. aegypti
A0A6I8T9L4	1	U-01	aegypti	Ae. aegypti
A0A6I8T9L5	1	U-01	aegypti	Ae. aegypti
A0A6I8T9M3	1	U-01	aegypti	Ae. aegypti
A0A6I8T9N2	1	U-01	aegypti	Ae. aegypti
A0A6I8T9N3	1	U-01	aegypti	Ae. aegypti
A0A6I8T9N5	1	U-01	aegypti	Ae. aegypti
A0A6I8T9N7	0	unassigned	aegypti	Ae. aegypti
A0A6I8T9N8	2	U-02	aegypti	Ae. aegypti
A0A6I8T9P8	1	U-01	aegypti	Ae. aegypti
A0A6I8T9R0	2	U-02	aegypti	Ae. aegypti
A0A6I8T9R9	1	U-01	aegypti	Ae. aegypti
A0A6I8T9S2	1	U-01	aegypti	Ae. aegypti
A0A6I8T9S8	1	U-01	aegypti	Ae. aegypti
A0A6I8T9T5	1	U-01	aegypti	Ae. aegypti
A0A6I8T9T7	1	U-01	aegypti	Ae. aegypti
A0A6I8T9U2	1	U-01	aegypti	Ae. aegypti
A0A6I8T9U9	1	U-01	aegypti	Ae. aegypti
A0A6I8T9V5	1	U-01	aegypti	Ae. aegypti
A0A6I8T9V7	1	U-01	aegypti	Ae. aegypti
A0A6I8T9V8	1	U-01	aegypti	Ae. aegypti
A0A6I8T9W0	1	U-01	aegypti	Ae. aegypti
A0A6I8T9W2	1	U-01	aegypti	Ae. aegypti
A0A6I8T9W4	2	U-02	aegypti	Ae. aegypti
A0A6I8T9W5	1	U-01	aegypti	Ae. aegypti
A0A6I8T9W9	1	U-01	aegypti	Ae. aegypti
A0A6I8T9X1	1	U-01	aegypti	Ae. aegypti
A0A6I8T9X3	1	U-01	aegypti	Ae. aegypti
A0A6I8T9X5	1	U-01	aegypti	Ae. aegypti
A0A6I8T9Y2	1	U-01	aegypti	Ae. aegypti
A0A6I8T9Y5	1	U-01	aegypti	Ae. aegypti
A0A6I8T9Y6	1	U-01	aegypti	Ae. aegypti
A0A6I8T9Y7	1	U-01	aegypti	Ae. aegypti
A0A6I8T9Y9	1	U-01	aegypti	Ae. aegypti
A0A6I8T9Z0	1	U-01	aegypti	Ae. aegypti
A0A6I8T9Z1	1	U-01	aegypti	Ae. aegypti
A0A6I8T9Z2	1	U-01	aegypti	Ae. aegypti
A0A6I8T9Z5	1	U-01	aegypti	Ae. aegypti
A0A6I8TA03	0	unassigned	aegypti	Ae. aegypti
A0A6I8TA05	0	unassigned	aegypti	Ae. aegypti
A0A6I8TA07	1	U-01	aegypti	Ae. aegypti
A0A6I8TA08	1	U-01	aegypti	Ae. aegypti
A0A6I8TA15	2	U-02	aegypti	Ae. aegypti
A0A6I8TA18	1	U-01	aegypti	Ae. aegypti
A0A6I8TA24	1	U-01	aegypti	Ae. aegypti
A0A6I8TA25	1	U-01	aegypti	Ae. aegypti
A0A6I8TA27	1	U-01	aegypti	Ae. aegypti
A0A6I8TA28	1	U-01	aegypti	Ae. aegypti
A0A6I8TA30	2	U-02	aegypti	Ae. aegypti
A0A6I8TA34	1	U-01	aegypti	Ae. aegypti
A0A6I8TA47	1	U-01	aegypti	Ae. aegypti
A0A6I8TA51	1	U-01	aegypti	Ae. aegypti
A0A6I8TA65	2	U-02	aegypti	Ae. aegypti
A0A6I8TA74	2	U-02	aegypti	Ae. aegypti
A0A6I8TA75	1	U-01	aegypti	Ae. aegypti
A0A6I8TA76	1	U-01	aegypti	Ae. aegypti
A0A6I8TA83	1	U-01	aegypti	Ae. aegypti
A0A6I8TA87	1	U-01	aegypti	Ae. aegypti
A0A6I8TA88	1	U-01	aegypti	Ae. aegypti
A0A6I8TAA2	0	unassigned	aegypti	Ae. aegypti
A0A6I8TAA3	1	U-01	aegypti	Ae. aegypti
A0A6I8TAA4	1	U-01	aegypti	Ae. aegypti
A0A6I8TAA6	2	U-02	aegypti	Ae. aegypti
A0A6I8TAB1	1	U-01	aegypti	Ae. aegypti
A0A6I8TAB2	1	U-01	aegypti	Ae. aegypti
A0A6I8TAB5	0	unassigned	aegypti	Ae. aegypti
A0A6I8TAC0	1	U-01	aegypti	Ae. aegypti
A0A6I8TAC5	0	unassigned	aegypti	Ae. aegypti
A0A6I8TAC8	1	U-01	aegypti	Ae. aegypti
A0A6I8TAC9	0	unassigned	aegypti	Ae. aegypti
A0A6I8TAD0	1	U-01	aegypti	Ae. aegypti
A0A6I8TAD3	1	U-01	aegypti	Ae. aegypti
A0A6I8TAD5	1	U-01	aegypti	Ae. aegypti
A0A6I8TAD6	1	U-01	aegypti	Ae. aegypti
A0A6I8TAD7	1	U-01	aegypti	Ae. aegypti
A0A6I8TAD9	1	U-01	aegypti	Ae. aegypti
A0A6I8TAE1	0	unassigned	aegypti	Ae. aegypti
A0A6I8TAE3	1	U-01	aegypti	Ae. aegypti
A0A6I8TAE9	1	U-01	aegypti	Ae. aegypti
A0A6I8TAF6	1	U-01	aegypti	Ae. aegypti
A0A6I8TAF9	1	U-01	aegypti	Ae. aegypti
A0A6I8TAG0	0	unassigned	aegypti	Ae. aegypti
A0A6I8TAG3	1	U-01	aegypti	Ae. aegypti
A0A6I8TAG7	2	U-02	aegypti	Ae. aegypti
A0A6I8TAH0	1	U-01	aegypti	Ae. aegypti
A0A6I8TAH2	1	U-01	aegypti	Ae. aegypti
A0A6I8U1H9	1	U-01	aegypti	Ae. aegypti
A0A903TN63	1	U-01	aegypti	Ae. aegypti
A0A903TN72	2	U-02	aegypti	Ae. aegypti
A0A903TN73	1	U-01	aegypti	Ae. aegypti
A0A903TNJ7	2	U-02	aegypti	Ae. aegypti
A0A903TNM3	2	U-02	aegypti	Ae. aegypti
A0A903TNR5	1	U-01	aegypti	Ae. aegypti
A0A903TNS2	1	U-01	aegypti	Ae. aegypti
A0A903TNZ7	1	U-01	aegypti	Ae. aegypti
A0A903TP33	2	U-02	aegypti	Ae. aegypti
A0A903TPA6	2	U-02	aegypti	Ae. aegypti
A0A903TPE7	0	unassigned	aegypti	Ae. aegypti
A0A903TPH2	1	U-01	aegypti	Ae. aegypti
A0A903TPK8	1	U-01	aegypti	Ae. aegypti
A0A903TPM6	1	U-01	aegypti	Ae. aegypti
A0A903TPY8	2	U-02	aegypti	Ae. aegypti
A0A903TQ02	1	U-01	aegypti	Ae. aegypti
A0A903TQ25	1	U-01	aegypti	Ae. aegypti
A0A903TQG7	1	U-01	aegypti	Ae. aegypti
A0A903TQT1	1	U-01	aegypti	Ae. aegypti
A0A903TQZ2	1	U-01	aegypti	Ae. aegypti
A0A903TR02	1	U-01	aegypti	Ae. aegypti
A0A903TR18	1	U-01	aegypti	Ae. aegypti
A0A903TRB8	1	U-01	aegypti	Ae. aegypti
A0A903TRD5	2	U-02	aegypti	Ae. aegypti
A0A903TRJ6	1	U-01	aegypti	Ae. aegypti
A0A903TRN1	1	U-01	aegypti	Ae. aegypti
A0A903TRN5	1	U-01	aegypti	Ae. aegypti
A0A903TRQ0	1	U-01	aegypti	Ae. aegypti
A0A903TSJ9	2	U-02	aegypti	Ae. aegypti
A0A903TSK0	0	unassigned	aegypti	Ae. aegypti
A0A903TSM4	2	U-02	aegypti	Ae. aegypti
A0A903TSW6	2	U-02	aegypti	Ae. aegypti
A0A903TSY4	2	U-02	aegypti	Ae. aegypti
A0A903TT45	1	U-01	aegypti	Ae. aegypti
A0A903TT64	2	U-02	aegypti	Ae. aegypti
A0A903TTI1	2	U-02	aegypti	Ae. aegypti
A0A903TTM5	1	U-01	aegypti	Ae. aegypti
A0A903TTN0	2	U-02	aegypti	Ae. aegypti
A0A903TTY0	1	U-01	aegypti	Ae. aegypti
A0A903TU18	2	U-02	aegypti	Ae. aegypti
A0A903TU52	0	unassigned	aegypti	Ae. aegypti
A0A903TU55	1	U-01	aegypti	Ae. aegypti
A0A903TU76	1	U-01	aegypti	Ae. aegypti
A0A903TU87	1	U-01	aegypti	Ae. aegypti
A0A903TUF1	1	U-01	aegypti	Ae. aegypti
A0A903TUI8	1	U-01	aegypti	Ae. aegypti
A0A903TUX8	1	U-01	aegypti	Ae. aegypti
A0A903TV21	2	U-02	aegypti	Ae. aegypti
A0A903TV37	1	U-01	aegypti	Ae. aegypti
A0A903TVF3	1	U-01	aegypti	Ae. aegypti
A0A903TVG2	1	U-01	aegypti	Ae. aegypti
A0A903TVH8	1	U-01	aegypti	Ae. aegypti
A0A903TVJ9	1	U-01	aegypti	Ae. aegypti
A0A903TVN8	1	U-01	aegypti	Ae. aegypti
A0A903TVR2	1	U-01	aegypti	Ae. aegypti
A0A903TVV5	1	U-01	aegypti	Ae. aegypti
A0A903TVV9	1	U-01	aegypti	Ae. aegypti
A0A903TW78	1	U-01	aegypti	Ae. aegypti
A0A903TWE3	1	U-01	aegypti	Ae. aegypti
A0A903TWM4	1	U-01	aegypti	Ae. aegypti
A0A903TWW0	1	U-01	aegypti	Ae. aegypti
A0A903TWX7	1	U-01	aegypti	Ae. aegypti
A0A903TWZ0	1	U-01	aegypti	Ae. aegypti
A0A903TWZ1	1	U-01	aegypti	Ae. aegypti
A0A903TX25	1	U-01	aegypti	Ae. aegypti
A0A903TX30	1	U-01	aegypti	Ae. aegypti
A0A903TX64	1	U-01	aegypti	Ae. aegypti
A0A903TX81	1	U-01	aegypti	Ae. aegypti
A0A903TX84	1	U-01	aegypti	Ae. aegypti
A0A903TXD0	2	U-02	aegypti	Ae. aegypti
A0A903TXN6	1	U-01	aegypti	Ae. aegypti
A0A903TXQ3	1	U-01	aegypti	Ae. aegypti
A0A903TYK1	1	U-01	aegypti	Ae. aegypti
A0A903TYL4	1	U-01	aegypti	Ae. aegypti
A0A903TYS2	1	U-01	aegypti	Ae. aegypti
A0A903TYV2	1	U-01	aegypti	Ae. aegypti
A0A903TYW5	1	U-01	aegypti	Ae. aegypti
A0A903TZ13	1	U-01	aegypti	Ae. aegypti
A0A903TZ68	0	unassigned	aegypti	Ae. aegypti
A0A903TZA6	1	U-01	aegypti	Ae. aegypti
A0A903TZN8	1	U-01	aegypti	Ae. aegypti
A0A903TZP1	1	U-01	aegypti	Ae. aegypti
A0A903TZU2	1	U-01	aegypti	Ae. aegypti
A0A903TZY8	2	U-02	aegypti	Ae. aegypti
A0A903U001	1	U-01	aegypti	Ae. aegypti
A0A903U045	1	U-01	aegypti	Ae. aegypti
A0A903U0D7	2	U-02	aegypti	Ae. aegypti
A0A903U0E6	2	U-02	aegypti	Ae. aegypti
A0A903U119	0	unassigned	aegypti	Ae. aegypti
A0A903U140	1	U-01	aegypti	Ae. aegypti
A0A903U182	1	U-01	aegypti	Ae. aegypti
A0A903U190	0	unassigned	aegypti	Ae. aegypti
A0A903U194	1	U-01	aegypti	Ae. aegypti
A0A903U1B5	2	U-02	aegypti	Ae. aegypti
A0A903U1G9	2	U-02	aegypti	Ae. aegypti
A0A903US27	2	U-02	aegypti	Ae. aegypti
A0A903USD4	1	U-01	aegypti	Ae. aegypti
A0A903USG2	1	U-01	aegypti	Ae. aegypti
A0A903USI9	1	U-01	aegypti	Ae. aegypti
A0A903V7D0	2	U-02	aegypti	Ae. aegypti
A0A903V7D1	1	U-01	aegypti	Ae. aegypti
A0A903V7D8	1	U-01	aegypti	Ae. aegypti
A0A903V7E4	1	U-01	aegypti	Ae. aegypti
A0A903V7E5	1	U-01	aegypti	Ae. aegypti
A0A903V7E9	0	unassigned	aegypti	Ae. aegypti
A0A903V7H4	1	U-01	aegypti	Ae. aegypti
A0A903V7H5	1	U-01	aegypti	Ae. aegypti
A0A903V7I2	1	U-01	aegypti	Ae. aegypti
A0A903V7I6	1	U-01	aegypti	Ae. aegypti
A0A903V7L1	1	U-01	aegypti	Ae. aegypti
A0A903V7P2	1	U-01	aegypti	Ae. aegypti
A0A903V7P5	2	U-02	aegypti	Ae. aegypti
A0A903V7T5	1	U-01	aegypti	Ae. aegypti
A0A903V7W7	1	U-01	aegypti	Ae. aegypti
A0A903V7Y1	1	U-01	aegypti	Ae. aegypti
A0A903V816	1	U-01	aegypti	Ae. aegypti
A0A903V829	1	U-01	aegypti	Ae. aegypti
A0A903V875	1	U-01	aegypti	Ae. aegypti
A0A903V886	1	U-01	aegypti	Ae. aegypti
A0A903V8B4	1	U-01	aegypti	Ae. aegypti
A0A903V8B7	1	U-01	aegypti	Ae. aegypti
A0A903V8D8	1	U-01	aegypti	Ae. aegypti
A0A903V8D9	0	unassigned	aegypti	Ae. aegypti
A0A903V8E8	1	U-01	aegypti	Ae. aegypti
A0A903V8F0	1	U-01	aegypti	Ae. aegypti
A0A903V8H6	0	unassigned	aegypti	Ae. aegypti
A0A903V8L5	0	unassigned	aegypti	Ae. aegypti
A0A903V8X6	1	U-01	aegypti	Ae. aegypti
A0A903V8Y8	1	U-01	aegypti	Ae. aegypti
A0A903V909	1	U-01	aegypti	Ae. aegypti
A0A903V925	2	U-02	aegypti	Ae. aegypti
A0A903V926	1	U-01	aegypti	Ae. aegypti
A0A903V935	0	unassigned	aegypti	Ae. aegypti
A0A903V949	2	U-02	aegypti	Ae. aegypti
A0A903V957	1	U-01	aegypti	Ae. aegypti
A0A903V969	2	U-02	aegypti	Ae. aegypti
A0A903V977	2	U-02	aegypti	Ae. aegypti
A0A903V989	1	U-01	aegypti	Ae. aegypti
A0A903V994	1	U-01	aegypti	Ae. aegypti
A0A903V9A0	2	U-02	aegypti	Ae. aegypti
A0A903V9A8	2	U-02	aegypti	Ae. aegypti
A0A903V9B0	2	U-02	aegypti	Ae. aegypti
A0A903V9B3	1	U-01	aegypti	Ae. aegypti
A0A903V9E9	1	U-01	aegypti	Ae. aegypti
A0A903V9F0	1	U-01	aegypti	Ae. aegypti
A0A903V9J0	1	U-01	aegypti	Ae. aegypti
A0A903V9M3	1	U-01	aegypti	Ae. aegypti
A0A903V9Q3	1	U-01	aegypti	Ae. aegypti
A0A903V9S1	1	U-01	aegypti	Ae. aegypti
A0A903V9S2	1	U-01	aegypti	Ae. aegypti
A0A903V9T1	2	U-02	aegypti	Ae. aegypti
A0A903V9V7	2	U-02	aegypti	Ae. aegypti
A0A903V9Z5	1	U-01	aegypti	Ae. aegypti
A0A903VA26	1	U-01	aegypti	Ae. aegypti
A0A903VA56	1	U-01	aegypti	Ae. aegypti
A0A903VA83	0	unassigned	aegypti	Ae. aegypti
A0A903VAB1	1	U-01	aegypti	Ae. aegypti
A0A903VAC0	1	U-01	aegypti	Ae. aegypti
A0A903VAD5	1	U-01	aegypti	Ae. aegypti
A0A903VAG0	0	unassigned	aegypti	Ae. aegypti
A0A903VAG5	1	U-01	aegypti	Ae. aegypti
A0A903VAJ0	1	U-01	aegypti	Ae. aegypti
A0A903VAJ1	1	U-01	aegypti	Ae. aegypti
A0A903VAJ9	1	U-01	aegypti	Ae. aegypti
A0A903VAQ4	1	U-01	aegypti	Ae. aegypti
A0A903VAT6	2	U-02	aegypti	Ae. aegypti
A0A903VAW0	1	U-01	aegypti	Ae. aegypti
A0A903VAY5	2	U-02	aegypti	Ae. aegypti
A0A903VB38	1	U-01	aegypti	Ae. aegypti
A0A903VB65	1	U-01	aegypti	Ae. aegypti
A0A903VB89	2	U-02	aegypti	Ae. aegypti
A0A903VBB7	1	U-01	aegypti	Ae. aegypti
A0A903VBE9	1	U-01	aegypti	Ae. aegypti
A0A903VBF8	1	U-01	aegypti	Ae. aegypti
A0A903VBG1	1	U-01	aegypti	Ae. aegypti
A0A903VBH4	1	U-01	aegypti	Ae. aegypti
A0A903VBI9	1	U-01	aegypti	Ae. aegypti
A0A903VBJ0	2	U-02	aegypti	Ae. aegypti
A0A903VBP4	1	U-01	aegypti	Ae. aegypti
A0A903VBT6	1	U-01	aegypti	Ae. aegypti
A0A903VBU1	2	U-02	aegypti	Ae. aegypti
A0A903VBU8	1	U-01	aegypti	Ae. aegypti
A0A903VBW0	1	U-01	aegypti	Ae. aegypti
A0A903VBW5	1	U-01	aegypti	Ae. aegypti
A0A903VBX1	1	U-01	aegypti	Ae. aegypti
A0A903VBX3	2	U-02	aegypti	Ae. aegypti
A0A903VBX9	2	U-02	aegypti	Ae. aegypti
A0A903VBZ5	0	unassigned	aegypti	Ae. aegypti
A0A903VBZ6	1	U-01	aegypti	Ae. aegypti
A0A903VC50	1	U-01	aegypti	Ae. aegypti
A0A903VC75	1	U-01	aegypti	Ae. aegypti
A0A903VC76	1	U-01	aegypti	Ae. aegypti
A0A903VC78	1	U-01	aegypti	Ae. aegypti
A0A903VCA4	1	U-01	aegypti	Ae. aegypti
A0A903VCF6	2	U-02	aegypti	Ae. aegypti
A0A903VCI5	2	U-02	aegypti	Ae. aegypti
A0A903VCI9	1	U-01	aegypti	Ae. aegypti
A0A903VCJ4	2	U-02	aegypti	Ae. aegypti
A0A903VCP2	2	U-02	aegypti	Ae. aegypti
A0A6I8TB19	2	U-02	aegypti	Ae. aegypti
A0A6I8TB20	1	U-01	aegypti	Ae. aegypti
A0A6I8TBC1	1	U-01	aegypti	Ae. aegypti
A0A6I8TBC2	1	U-01	aegypti	Ae. aegypti
A0A6I8TBC5	1	U-01	aegypti	Ae. aegypti
A0A6I8TBE5	2	U-02	aegypti	Ae. aegypti
A0A6I8TBE6	1	U-01	aegypti	Ae. aegypti
A0A6I8TBF1	1	U-01	aegypti	Ae. aegypti
A0A6I8TBL4	1	U-01	aegypti	Ae. aegypti
A0A6I8TBL7	2	U-02	aegypti	Ae. aegypti
A0A6I8TBP5	1	U-01	aegypti	Ae. aegypti
A0A6I8TBR3	1	U-01	aegypti	Ae. aegypti
A0A6I8TBS4	2	U-02	aegypti	Ae. aegypti
A0A6I8TBU3	1	U-01	aegypti	Ae. aegypti
A0A6I8TBW0	1	U-01	aegypti	Ae. aegypti
A0A6I8TBW1	1	U-01	aegypti	Ae. aegypti
A0A6I8TBX2	2	U-02	aegypti	Ae. aegypti
A0A6I8TBX9	1	U-01	aegypti	Ae. aegypti
A0A6I8TBZ4	1	U-01	aegypti	Ae. aegypti
A0A6I8TC17	1	U-01	aegypti	Ae. aegypti
A0A6I8TC34	1	U-01	aegypti	Ae. aegypti
A0A6I8TC36	2	U-02	aegypti	Ae. aegypti
A0A6I8TC48	2	U-02	aegypti	Ae. aegypti
A0A6I8TC70	1	U-01	aegypti	Ae. aegypti
A0A6I8TCC4	1	U-01	aegypti	Ae. aegypti
A0A6I8TCF7	1	U-01	aegypti	Ae. aegypti
A0A6I8TCN2	1	U-01	aegypti	Ae. aegypti
A0A6I8TCQ7	1	U-01	aegypti	Ae. aegypti
A0A6I8TCT0	2	U-02	aegypti	Ae. aegypti
A0A6I8TCV3	1	U-01	aegypti	Ae. aegypti
A0A6I8T5Z8	1	U-01	aegypti	Ae. aegypti
A0A6I8T601	1	U-01	aegypti	Ae. aegypti
A0A6I8T602	1	U-01	aegypti	Ae. aegypti
A0A6I8T603	1	U-01	aegypti	Ae. aegypti
A0A6I8T606	1	U-01	aegypti	Ae. aegypti
A0A6I8T607	1	U-01	aegypti	Ae. aegypti
A0A6I8T609	1	U-01	aegypti	Ae. aegypti
A0A6I8T610	1	U-01	aegypti	Ae. aegypti
A0A6I8T611	1	U-01	aegypti	Ae. aegypti
A0A6I8T616	2	U-02	aegypti	Ae. aegypti
A0A6I8T618	2	U-02	aegypti	Ae. aegypti
A0A6I8T630	1	U-01	aegypti	Ae. aegypti
A0A6I8T636	1	U-01	aegypti	Ae. aegypti
A0A6I8T638	1	U-01	aegypti	Ae. aegypti
A0A6I8T639	1	U-01	aegypti	Ae. aegypti
A0A6I8T642	1	U-01	aegypti	Ae. aegypti
A0A6I8T643	1	U-01	aegypti	Ae. aegypti
A0A6I8T645	2	U-02	aegypti	Ae. aegypti
A0A6I8T654	0	unassigned	aegypti	Ae. aegypti
A0A6I8T659	1	U-01	aegypti	Ae. aegypti
A0A6I8T660	1	U-01	aegypti	Ae. aegypti
A0A6I8T663	1	U-01	aegypti	Ae. aegypti
A0A6I8T670	2	U-02	aegypti	Ae. aegypti
A0A6I8T671	2	U-02	aegypti	Ae. aegypti
A0A6I8T673	1	U-01	aegypti	Ae. aegypti
A0A6I8T674	1	U-01	aegypti	Ae. aegypti
A0A6I8T675	1	U-01	aegypti	Ae. aegypti
A0A6I8T676	2	U-02	aegypti	Ae. aegypti
A0A6I8T678	1	U-01	aegypti	Ae. aegypti
A0A6I8T683	1	U-01	aegypti	Ae. aegypti
A0A6I8T688	1	U-01	aegypti	Ae. aegypti
A0A6I8T690	1	U-01	aegypti	Ae. aegypti
A0A6I8T693	1	U-01	aegypti	Ae. aegypti
A0A6I8T695	1	U-01	aegypti	Ae. aegypti
A0A6I8T699	2	U-02	aegypti	Ae. aegypti
A0A6I8T6A2	1	U-01	aegypti	Ae. aegypti
A0A6I8T6A3	1	U-01	aegypti	Ae. aegypti
A0A6I8T6A4	1	U-01	aegypti	Ae. aegypti
A0A6I8T6B2	2	U-02	aegypti	Ae. aegypti
A0A6I8T6B4	2	U-02	aegypti	Ae. aegypti
A0A6I8T6B6	1	U-01	aegypti	Ae. aegypti
A0A6I8T6B9	0	unassigned	aegypti	Ae. aegypti
A0A6I8T6C2	1	U-01	aegypti	Ae. aegypti
A0A6I8T6C7	2	U-02	aegypti	Ae. aegypti
A0A6I8T6C9	1	U-01	aegypti	Ae. aegypti
A0A6I8T6D7	1	U-01	aegypti	Ae. aegypti
A0A6I8T6D9	1	U-01	aegypti	Ae. aegypti
A0A6I8T6F1	1	U-01	aegypti	Ae. aegypti
A0A6I8T6F5	1	U-01	aegypti	Ae. aegypti
A0A6I8T6F8	1	U-01	aegypti	Ae. aegypti
A0A6I8T6G0	1	U-01	aegypti	Ae. aegypti
A0A6I8T6G2	0	unassigned	aegypti	Ae. aegypti
A0A6I8T6G5	1	U-01	aegypti	Ae. aegypti
A0A6I8T6G8	1	U-01	aegypti	Ae. aegypti
A0A6I8T6H6	1	U-01	aegypti	Ae. aegypti
A0A6I8T6H9	1	U-01	aegypti	Ae. aegypti
A0A6I8T6I4	1	U-01	aegypti	Ae. aegypti
A0A6I8T6I5	1	U-01	aegypti	Ae. aegypti
A0A6I8T6J0	0	unassigned	aegypti	Ae. aegypti
A0A6I8T6J1	1	U-01	aegypti	Ae. aegypti
A0A6I8T6J4	1	U-01	aegypti	Ae. aegypti
A0A6I8T6J6	0	unassigned	aegypti	Ae. aegypti
A0A6I8T6J9	0	unassigned	aegypti	Ae. aegypti
A0A6I8T6K2	1	U-01	aegypti	Ae. aegypti
A0A6I8T6K3	2	U-02	aegypti	Ae. aegypti
A0A6I8T6K4	2	U-02	aegypti	Ae. aegypti
A0A6I8T6K6	0	unassigned	aegypti	Ae. aegypti
A0A6I8T6K7	0	unassigned	aegypti	Ae. aegypti
A0A6I8T6L1	2	U-02	aegypti	Ae. aegypti
A0A6I8T6L8	0	unassigned	aegypti	Ae. aegypti
A0A6I8T6L9	1	U-01	aegypti	Ae. aegypti
A0A6I8T6M1	1	U-01	aegypti	Ae. aegypti
A0A6I8T6M2	1	U-01	aegypti	Ae. aegypti
A0A6I8T6M4	1	U-01	aegypti	Ae. aegypti
A0A6I8T6M6	1	U-01	aegypti	Ae. aegypti
A0A6I8T6N1	1	U-01	aegypti	Ae. aegypti
A0A6I8T6N4	1	U-01	aegypti	Ae. aegypti
A0A6I8T6N5	1	U-01	aegypti	Ae. aegypti
A0A6I8T6N6	1	U-01	aegypti	Ae. aegypti
A0A6I8T6N7	1	U-01	aegypti	Ae. aegypti
A0A6I8T6N8	1	U-01	aegypti	Ae. aegypti
A0A6I8T6P0	1	U-01	aegypti	Ae. aegypti
A0A6I8T6Q1	1	U-01	aegypti	Ae. aegypti
A0A6I8T6Q4	2	U-02	aegypti	Ae. aegypti
A0A6I8T6Q7	1	U-01	aegypti	Ae. aegypti
A0A6I8T6Q8	1	U-01	aegypti	Ae. aegypti
A0A6I8T6R5	1	U-01	aegypti	Ae. aegypti
A0A6I8T6R7	2	U-02	aegypti	Ae. aegypti
A0A6I8T6S2	0	unassigned	aegypti	Ae. aegypti
A0A6I8T6S4	0	unassigned	aegypti	Ae. aegypti
A0A6I8T6S8	0	unassigned	aegypti	Ae. aegypti
A0A6I8T6T0	0	unassigned	aegypti	Ae. aegypti
A0A6I8T6T5	1	U-01	aegypti	Ae. aegypti
A0A6I8T6U0	1	U-01	aegypti	Ae. aegypti
A0A6I8T6U2	1	U-01	aegypti	Ae. aegypti
A0A6I8TGV0	1	U-01	aegypti	Ae. aegypti
A0A6I8TGV4	1	U-01	aegypti	Ae. aegypti
A0A6I8TH11	1	U-01	aegypti	Ae. aegypti
A0A6I8TH26	1	U-01	aegypti	Ae. aegypti
A0A6I8TH40	1	U-01	aegypti	Ae. aegypti
A0A6I8TH79	1	U-01	aegypti	Ae. aegypti
A0A6I8TH96	1	U-01	aegypti	Ae. aegypti
A0A6I8THA0	1	U-01	aegypti	Ae. aegypti
A0A6I8THA6	1	U-01	aegypti	Ae. aegypti
A0A6I8THB0	1	U-01	aegypti	Ae. aegypti
A0A6I8THD0	1	U-01	aegypti	Ae. aegypti
A0A6I8THF0	1	U-01	aegypti	Ae. aegypti
A0A6I8THF6	1	U-01	aegypti	Ae. aegypti
A0A6I8THH6	1	U-01	aegypti	Ae. aegypti
A0A6I8THI1	1	U-01	aegypti	Ae. aegypti
A0A6I8THL5	1	U-01	aegypti	Ae. aegypti
A0A6I8THQ0	1	U-01	aegypti	Ae. aegypti
A0A6I8THQ4	1	U-01	aegypti	Ae. aegypti
A0A6I8THQ6	1	U-01	aegypti	Ae. aegypti
A0A6I8THU4	1	U-01	aegypti	Ae. aegypti
A0A6I8THU8	1	U-01	aegypti	Ae. aegypti
A0A6I8THV7	1	U-01	aegypti	Ae. aegypti
A0A6I8THZ0	1	U-01	aegypti	Ae. aegypti
A0A6I8THZ2	1	U-01	aegypti	Ae. aegypti
A0A6I8THZ7	1	U-01	aegypti	Ae. aegypti
A0A6I8TI42	1	U-01	aegypti	Ae. aegypti
A0A6I8TI71	1	U-01	aegypti	Ae. aegypti
A0A6I8TI73	1	U-01	aegypti	Ae. aegypti
A0A6I8TI83	1	U-01	aegypti	Ae. aegypti
A0A6I8TI96	1	U-01	aegypti	Ae. aegypti
A0A6I8TIA7	1	U-01	aegypti	Ae. aegypti
A0A6I8TIB1	1	U-01	aegypti	Ae. aegypti
A0A6I8TIE5	1	U-01	aegypti	Ae. aegypti
A0A6I8TIG2	2	U-02	aegypti	Ae. aegypti
A0A6I8TIJ6	2	U-02	aegypti	Ae. aegypti
A0A6I8TIL7	1	U-01	aegypti	Ae. aegypti
A0A6I8TIN7	1	U-01	aegypti	Ae. aegypti
A0A6I8TIN9	1	U-01	aegypti	Ae. aegypti
A0A6I8TIP3	1	U-01	aegypti	Ae. aegypti
A0A6I8TIP6	1	U-01	aegypti	Ae. aegypti
A0A6I8TIP8	1	U-01	aegypti	Ae. aegypti
A0A6I8TIQ2	1	U-01	aegypti	Ae. aegypti
A0A6I8TIQ3	1	U-01	aegypti	Ae. aegypti
A0A6I8TIU8	1	U-01	aegypti	Ae. aegypti
A0A6I8TIX5	1	U-01	aegypti	Ae. aegypti
A0A6I8TIY1	1	U-01	aegypti	Ae. aegypti
A0A6I8TJ02	1	U-01	aegypti	Ae. aegypti
A0A6I8TJ09	2	U-02	aegypti	Ae. aegypti
A0A6I8TJ12	1	U-01	aegypti	Ae. aegypti
A0A6I8TJ15	1	U-01	aegypti	Ae. aegypti
A0A6I8TJ29	1	U-01	aegypti	Ae. aegypti
A0A6I8TJ32	1	U-01	aegypti	Ae. aegypti
A0A6I8TJ53	2	U-02	aegypti	Ae. aegypti
A0A6I8TJ65	2	U-02	aegypti	Ae. aegypti
A0A6I8TJ76	1	U-01	aegypti	Ae. aegypti
A0A6I8TJ79	1	U-01	aegypti	Ae. aegypti
A0A6I8TJF8	1	U-01	aegypti	Ae. aegypti
A0A6I8TJG0	1	U-01	aegypti	Ae. aegypti
A0A6I8TJG7	2	U-02	aegypti	Ae. aegypti
A0A6I8TJI1	1	U-01	aegypti	Ae. aegypti
A0A6I8TJJ0	1	U-01	aegypti	Ae. aegypti
A0A6I8TJJ6	1	U-01	aegypti	Ae. aegypti
A0A6I8TJJ8	1	U-01	aegypti	Ae. aegypti
A0A6I8TJN8	1	U-01	aegypti	Ae. aegypti
A0A6I8TJQ9	1	U-01	aegypti	Ae. aegypti
A0A6I8TJS2	1	U-01	aegypti	Ae. aegypti
A0A6I8TJU6	1	U-01	aegypti	Ae. aegypti
A0A6I8TJV6	1	U-01	aegypti	Ae. aegypti
A0A6I8TJY2	1	U-01	aegypti	Ae. aegypti
A0A6I8TJZ6	1	U-01	aegypti	Ae. aegypti
A0A6I8TK02	1	U-01	aegypti	Ae. aegypti
A0A6I8TK05	1	U-01	aegypti	Ae. aegypti
A0A6I8TK14	1	U-01	aegypti	Ae. aegypti
A0A6I8TK27	1	U-01	aegypti	Ae. aegypti
A0A6I8TK29	1	U-01	aegypti	Ae. aegypti
A0A6I8TK32	1	U-01	aegypti	Ae. aegypti
A0A6I8TK49	2	U-02	aegypti	Ae. aegypti
A0A6I8TK55	2	U-02	aegypti	Ae. aegypti
A0A6I8TK56	1	U-01	aegypti	Ae. aegypti
A0A6I8TK62	1	U-01	aegypti	Ae. aegypti
A0A6I8TK63	1	U-01	aegypti	Ae. aegypti
A0A6I8TK68	1	U-01	aegypti	Ae. aegypti
A0A6I8TK88	1	U-01	aegypti	Ae. aegypti
A0A6I8TKC2	1	U-01	aegypti	Ae. aegypti
A0A6I8TKC7	1	U-01	aegypti	Ae. aegypti
A0A6I8TKF6	1	U-01	aegypti	Ae. aegypti
A0A6I8TKJ4	1	U-01	aegypti	Ae. aegypti
A0A6I8TKK6	1	U-01	aegypti	Ae. aegypti
A0A6I8TKP9	1	U-01	aegypti	Ae. aegypti
A0A6I8TKQ7	1	U-01	aegypti	Ae. aegypti
A0A6I8TKR5	1	U-01	aegypti	Ae. aegypti
A0A6I8TKS0	1	U-01	aegypti	Ae. aegypti
A0A6I8T531	2	U-02	aegypti	Ae. aegypti
A0A6I8T533	2	U-02	aegypti	Ae. aegypti
A0A6I8T536	1	U-01	aegypti	Ae. aegypti
A0A6I8T541	1	U-01	aegypti	Ae. aegypti
A0A6I8T542	2	U-02	aegypti	Ae. aegypti
A0A6I8T544	2	U-02	aegypti	Ae. aegypti
A0A6I8T547	1	U-01	aegypti	Ae. aegypti
A0A6I8T548	1	U-01	aegypti	Ae. aegypti
A0A6I8T551	1	U-01	aegypti	Ae. aegypti
A0A6I8T554	1	U-01	aegypti	Ae. aegypti
A0A6I8T556	1	U-01	aegypti	Ae. aegypti
A0A6I8T557	0	unassigned	aegypti	Ae. aegypti
A0A6I8T564	1	U-01	aegypti	Ae. aegypti
A0A6I8T567	1	U-01	aegypti	Ae. aegypti
A0A6I8T568	2	U-02	aegypti	Ae. aegypti
A0A6I8T571	1	U-01	aegypti	Ae. aegypti
A0A6I8T576	2	U-02	aegypti	Ae. aegypti
A0A6I8T578	1	U-01	aegypti	Ae. aegypti
A0A6I8T582	1	U-01	aegypti	Ae. aegypti
A0A6I8T583	1	U-01	aegypti	Ae. aegypti
A0A6I8T584	1	U-01	aegypti	Ae. aegypti
A0A6I8T589	1	U-01	aegypti	Ae. aegypti
A0A6I8T593	1	U-01	aegypti	Ae. aegypti
A0A6I8T596	1	U-01	aegypti	Ae. aegypti
A0A6I8T597	2	U-02	aegypti	Ae. aegypti
A0A6I8T5A0	1	U-01	aegypti	Ae. aegypti
A0A6I8T5A1	1	U-01	aegypti	Ae. aegypti
A0A6I8T5A5	1	U-01	aegypti	Ae. aegypti
A0A6I8T5A8	1	U-01	aegypti	Ae. aegypti
A0A6I8T5A9	1	U-01	aegypti	Ae. aegypti
A0A6I8T5B0	0	unassigned	aegypti	Ae. aegypti
A0A6I8T5B2	0	unassigned	aegypti	Ae. aegypti
A0A6I8T5B8	1	U-01	aegypti	Ae. aegypti
A0A6I8T5B9	1	U-01	aegypti	Ae. aegypti
A0A6I8T5C1	1	U-01	aegypti	Ae. aegypti
A0A6I8T5C3	2	U-02	aegypti	Ae. aegypti
A0A6I8T5C4	1	U-01	aegypti	Ae. aegypti
A0A6I8T5D0	1	U-01	aegypti	Ae. aegypti
A0A6I8T5D2	2	U-02	aegypti	Ae. aegypti
A0A6I8T5D3	1	U-01	aegypti	Ae. aegypti
A0A6I8T5D9	2	U-02	aegypti	Ae. aegypti
A0A6I8T5E1	1	U-01	aegypti	Ae. aegypti
A0A6I8T5E2	1	U-01	aegypti	Ae. aegypti
A0A6I8T5E3	1	U-01	aegypti	Ae. aegypti
A0A6I8T5E7	1	U-01	aegypti	Ae. aegypti
A0A6I8T5E8	1	U-01	aegypti	Ae. aegypti
A0A6I8T5E9	1	U-01	aegypti	Ae. aegypti
A0A6I8T5F1	1	U-01	aegypti	Ae. aegypti
A0A6I8T5F8	1	U-01	aegypti	Ae. aegypti
A0A6I8T5G6	1	U-01	aegypti	Ae. aegypti
A0A6I8T5H0	2	U-02	aegypti	Ae. aegypti
A0A6I8T5H1	1	U-01	aegypti	Ae. aegypti
A0A6I8T5H5	1	U-01	aegypti	Ae. aegypti
A0A6I8T5H7	2	U-02	aegypti	Ae. aegypti
A0A6I8T5I3	0	unassigned	aegypti	Ae. aegypti
A0A6I8T5I4	1	U-01	aegypti	Ae. aegypti
A0A6I8T5I8	0	unassigned	aegypti	Ae. aegypti
A0A6I8T5I9	0	unassigned	aegypti	Ae. aegypti
A0A6I8T5J5	2	U-02	aegypti	Ae. aegypti
A0A6I8T5J7	1	U-01	aegypti	Ae. aegypti
A0A6I8T5J8	1	U-01	aegypti	Ae. aegypti
A0A6I8T5K0	0	unassigned	aegypti	Ae. aegypti
A0A6I8T5K4	1	U-01	aegypti	Ae. aegypti
A0A6I8T5K7	2	U-02	aegypti	Ae. aegypti
A0A6I8T5K8	1	U-01	aegypti	Ae. aegypti
A0A6I8T5L0	1	U-01	aegypti	Ae. aegypti
A0A6I8T5L3	1	U-01	aegypti	Ae. aegypti
A0A6I8T5L6	2	U-02	aegypti	Ae. aegypti
A0A6I8T5L9	1	U-01	aegypti	Ae. aegypti
A0A6I8T5M0	1	U-01	aegypti	Ae. aegypti
A0A6I8T5M5	1	U-01	aegypti	Ae. aegypti
A0A6I8T5N4	1	U-01	aegypti	Ae. aegypti
A0A6I8T5N9	1	U-01	aegypti	Ae. aegypti
A0A6I8T5P3	1	U-01	aegypti	Ae. aegypti
A0A6I8T5P4	1	U-01	aegypti	Ae. aegypti
A0A6I8T5R1	1	U-01	aegypti	Ae. aegypti
A0A6I8T5R5	1	U-01	aegypti	Ae. aegypti
A0A6I8T5S1	2	U-02	aegypti	Ae. aegypti
A0A6I8T5S2	1	U-01	aegypti	Ae. aegypti
A0A6I8T5S5	2	U-02	aegypti	Ae. aegypti
A0A6I8T5S9	1	U-01	aegypti	Ae. aegypti
A0A6I8T5T0	1	U-01	aegypti	Ae. aegypti
A0A6I8T5T3	2	U-02	aegypti	Ae. aegypti
A0A6I8U5M9	2	U-02	aegypti	Ae. aegypti
A0A6I8U5N0	1	U-01	aegypti	Ae. aegypti
A0A6I8U5N2	0	unassigned	aegypti	Ae. aegypti
A0A6I8U5N3	1	U-01	aegypti	Ae. aegypti
A0A6I8U5N5	1	U-01	aegypti	Ae. aegypti
A0A6I8U5N9	1	U-01	aegypti	Ae. aegypti
A0A6I8U5P1	2	U-02	aegypti	Ae. aegypti
A0A6I8U5P3	0	unassigned	aegypti	Ae. aegypti
A0A6I8U5P5	1	U-01	aegypti	Ae. aegypti
A0A6I8U5P8	2	U-02	aegypti	Ae. aegypti
A0A6I8U5P9	0	unassigned	aegypti	Ae. aegypti
A0A6I8U5Q0	1	U-01	aegypti	Ae. aegypti
A0A6I8U5Q6	2	U-02	aegypti	Ae. aegypti
A0A6I8U5Q7	1	U-01	aegypti	Ae. aegypti
A0A6I8U5Q9	2	U-02	aegypti	Ae. aegypti
A0A6I8U5R0	1	U-01	aegypti	Ae. aegypti
A0A6I8U5R1	1	U-01	aegypti	Ae. aegypti
A0A6I8U5R3	1	U-01	aegypti	Ae. aegypti
A0A6I8U5R5	2	U-02	aegypti	Ae. aegypti
A0A6I8U5R6	0	unassigned	aegypti	Ae. aegypti
A0A6I8U5R7	1	U-01	aegypti	Ae. aegypti
A0A6I8U5R9	0	unassigned	aegypti	Ae. aegypti
A0A6I8U5S0	0	unassigned	aegypti	Ae. aegypti
A0A6I8U5S2	1	U-01	aegypti	Ae. aegypti
A0A6I8U5S3	2	U-02	aegypti	Ae. aegypti
A0A6I8U5S6	1	U-01	aegypti	Ae. aegypti
A0A6I8U5S8	1	U-01	aegypti	Ae. aegypti
A0A6I8U5S9	2	U-02	aegypti	Ae. aegypti
A0A6I8U5T0	1	U-01	aegypti	Ae. aegypti
A0A6I8U5T2	2	U-02	aegypti	Ae. aegypti
A0A6I8U5T4	2	U-02	aegypti	Ae. aegypti
A0A6I8U5T5	1	U-01	aegypti	Ae. aegypti
A0A6I8U5T6	1	U-01	aegypti	Ae. aegypti
A0A6I8U5T8	2	U-02	aegypti	Ae. aegypti
A0A6I8U5T9	1	U-01	aegypti	Ae. aegypti
A0A6I8U5U0	1	U-01	aegypti	Ae. aegypti
A0A6I8U5U1	2	U-02	aegypti	Ae. aegypti
A0A6I8U5U2	1	U-01	aegypti	Ae. aegypti
A0A6I8U5U3	1	U-01	aegypti	Ae. aegypti
A0A6I8U5U5	0	unassigned	aegypti	Ae. aegypti
A0A6I8U5U7	2	U-02	aegypti	Ae. aegypti
A0A6I8U5U8	1	U-01	aegypti	Ae. aegypti
A0A6I8U5U9	0	unassigned	aegypti	Ae. aegypti
A0A6I8U5V0	1	U-01	aegypti	Ae. aegypti
A0A6I8U5V2	0	unassigned	aegypti	Ae. aegypti
A0A6I8U5V4	0	unassigned	aegypti	Ae. aegypti
A0A6I8U5V6	1	U-01	aegypti	Ae. aegypti
A0A6I8U5V7	2	U-02	aegypti	Ae. aegypti
A0A6I8U5V8	1	U-01	aegypti	Ae. aegypti
A0A6I8U5V9	2	U-02	aegypti	Ae. aegypti
A0A6I8U5W2	1	U-01	aegypti	Ae. aegypti
A0A6I8U5W3	1	U-01	aegypti	Ae. aegypti
A0A6I8U5W6	1	U-01	aegypti	Ae. aegypti
A0A6I8U5W8	1	U-01	aegypti	Ae. aegypti
A0A6I8U5X0	1	U-01	aegypti	Ae. aegypti
A0A6I8U5X5	1	U-01	aegypti	Ae. aegypti
A0A6I8U5X7	0	unassigned	aegypti	Ae. aegypti
A0A6I8U5Y0	2	U-02	aegypti	Ae. aegypti
A0A6I8U5Y1	2	U-02	aegypti	Ae. aegypti
A0A6I8U5Y3	1	U-01	aegypti	Ae. aegypti
A0A6I8U5Y6	2	U-02	aegypti	Ae. aegypti
A0A6I8U5Y8	1	U-01	aegypti	Ae. aegypti
A0A6I8U5Z1	2	U-02	aegypti	Ae. aegypti
A0A6I8U5Z2	1	U-01	aegypti	Ae. aegypti
A0A6I8U5Z3	1	U-01	aegypti	Ae. aegypti
A0A6I8U5Z4	1	U-01	aegypti	Ae. aegypti
A0A6I8U5Z5	1	U-01	aegypti	Ae. aegypti
A0A6I8U5Z6	1	U-01	aegypti	Ae. aegypti
A0A6I8U5Z7	0	unassigned	aegypti	Ae. aegypti
A0A6I8U603	1	U-01	aegypti	Ae. aegypti
A0A6I8U606	0	unassigned	aegypti	Ae. aegypti
A0A6I8U608	1	U-01	aegypti	Ae. aegypti
A0A6I8U611	0	unassigned	aegypti	Ae. aegypti
A0A6I8U613	1	U-01	aegypti	Ae. aegypti
A0A6I8U615	1	U-01	aegypti	Ae. aegypti
A0A6I8U618	2	U-02	aegypti	Ae. aegypti
A0A6I8U621	1	U-01	aegypti	Ae. aegypti
A0A6I8U624	1	U-01	aegypti	Ae. aegypti
A0A6I8U626	1	U-01	aegypti	Ae. aegypti
A0A6I8U627	0	unassigned	aegypti	Ae. aegypti
A0A6I8U628	0	unassigned	aegypti	Ae. aegypti
A0A6I8U630	1	U-01	aegypti	Ae. aegypti
A0A6I8U635	2	U-02	aegypti	Ae. aegypti
A0A6I8U638	1	U-01	aegypti	Ae. aegypti
A0A6I8U639	1	U-01	aegypti	Ae. aegypti
A0A6I8U641	2	U-02	aegypti	Ae. aegypti
A0A6I8U642	1	U-01	aegypti	Ae. aegypti
A0A6I8U643	0	unassigned	aegypti	Ae. aegypti
A0A6I8U645	1	U-01	aegypti	Ae. aegypti
A0A6I8U648	1	U-01	aegypti	Ae. aegypti
A0A6I8U649	1	U-01	aegypti	Ae. aegypti
A0A6I8U651	1	U-01	aegypti	Ae. aegypti
A0A6I8U655	0	unassigned	aegypti	Ae. aegypti
A0A6I8U656	1	U-01	aegypti	Ae. aegypti
A0A6I8U657	1	U-01	aegypti	Ae. aegypti
A0A6I8U659	1	U-01	aegypti	Ae. aegypti
A0A6I8U663	1	U-01	aegypti	Ae. aegypti
A0A6I8U665	1	U-01	aegypti	Ae. aegypti
A0A6I8U668	0	unassigned	aegypti	Ae. aegypti
A0A6I8U673	0	unassigned	aegypti	Ae. aegypti
A0A6I8U675	1	U-01	aegypti	Ae. aegypti
A0A6I8U680	2	U-02	aegypti	Ae. aegypti
A0A6I8U681	1	U-01	aegypti	Ae. aegypti
A0A6I8U682	2	U-02	aegypti	Ae. aegypti
A0A6I8U683	1	U-01	aegypti	Ae. aegypti
A0A6I8U684	2	U-02	aegypti	Ae. aegypti
A0A6I8U686	1	U-01	aegypti	Ae. aegypti
A0A6I8U688	1	U-01	aegypti	Ae. aegypti
A0A6I8U691	0	unassigned	aegypti	Ae. aegypti
A0A6I8U692	2	U-02	aegypti	Ae. aegypti
A0A6I8U695	1	U-01	aegypti	Ae. aegypti
A0A6I8U696	0	unassigned	aegypti	Ae. aegypti
A0A6I8U698	1	U-01	aegypti	Ae. aegypti
A0A6I8U699	1	U-01	aegypti	Ae. aegypti
A0A6I8U6A1	1	U-01	aegypti	Ae. aegypti
A0A6I8U6A2	1	U-01	aegypti	Ae. aegypti
A0A6I8U6A8	0	unassigned	aegypti	Ae. aegypti
A0A6I8U6A9	1	U-01	aegypti	Ae. aegypti
A0A6I8U6B0	2	U-02	aegypti	Ae. aegypti
A0A6I8U6B2	2	U-02	aegypti	Ae. aegypti
A0A6I8U6B5	1	U-01	aegypti	Ae. aegypti
A0A6I8U6B8	0	unassigned	aegypti	Ae. aegypti
A0A6I8U6B9	1	U-01	aegypti	Ae. aegypti
A0A6I8U6C4	0	unassigned	aegypti	Ae. aegypti
A0A6I8U6C5	1	U-01	aegypti	Ae. aegypti
A0A6I8U6C6	1	U-01	aegypti	Ae. aegypti
A0A6I8U6C7	1	U-01	aegypti	Ae. aegypti
A0A6I8U6C8	1	U-01	aegypti	Ae. aegypti
A0A6I8U6C9	1	U-01	aegypti	Ae. aegypti
A0A6I8U6D2	2	U-02	aegypti	Ae. aegypti
A0A6I8U6D3	1	U-01	aegypti	Ae. aegypti
A0A6I8U6D4	1	U-01	aegypti	Ae. aegypti
A0A6I8U6D6	1	U-01	aegypti	Ae. aegypti
A0A6I8U6D9	1	U-01	aegypti	Ae. aegypti
A0A6I8U6E0	1	U-01	aegypti	Ae. aegypti
A0A6I8U6E1	2	U-02	aegypti	Ae. aegypti
A0A6I8U6E2	2	U-02	aegypti	Ae. aegypti
A0A6I8U6E4	0	unassigned	aegypti	Ae. aegypti
A0A6I8U6E8	1	U-01	aegypti	Ae. aegypti
A0A6I8U6F2	2	U-02	aegypti	Ae. aegypti
A0A6I8U6F3	2	U-02	aegypti	Ae. aegypti
A0A6I8U6F4	1	U-01	aegypti	Ae. aegypti
A0A6I8U6F6	1	U-01	aegypti	Ae. aegypti
A0A6I8U6F8	2	U-02	aegypti	Ae. aegypti
A0A6I8U6F9	1	U-01	aegypti	Ae. aegypti
A0A6I8U6G0	1	U-01	aegypti	Ae. aegypti
A0A6I8U6G3	1	U-01	aegypti	Ae. aegypti
A0A6I8U6G4	1	U-01	aegypti	Ae. aegypti
A0A6I8U6G5	0	unassigned	aegypti	Ae. aegypti
A0A6I8U6G6	2	U-02	aegypti	Ae. aegypti
A0A6I8U6G7	1	U-01	aegypti	Ae. aegypti
A0A6I8U6G8	0	unassigned	aegypti	Ae. aegypti
A0A6I8U6H0	1	U-01	aegypti	Ae. aegypti
A0A6I8U6H2	1	U-01	aegypti	Ae. aegypti
A0A6I8U6H5	1	U-01	aegypti	Ae. aegypti
A0A6I8U6H7	1	U-01	aegypti	Ae. aegypti
A0A6I8U6H9	1	U-01	aegypti	Ae. aegypti
A0A6I8U6I6	1	U-01	aegypti	Ae. aegypti
A0A6I8U6J5	1	U-01	aegypti	Ae. aegypti
A0A6I8U6J9	0	unassigned	aegypti	Ae. aegypti
A0A6I8U6K3	0	unassigned	aegypti	Ae. aegypti
A0A6I8U6K6	2	U-02	aegypti	Ae. aegypti
A0A6I8U6K8	1	U-01	aegypti	Ae. aegypti
A0A6I8U6L9	1	U-01	aegypti	Ae. aegypti
A0A6I8U6M1	2	U-02	aegypti	Ae. aegypti
A0A6I8U6M2	1	U-01	aegypti	Ae. aegypti
A0A6I8U6N1	1	U-01	aegypti	Ae. aegypti
A0A6I8U6N3	2	U-02	aegypti	Ae. aegypti
A0A6I8U6N5	1	U-01	aegypti	Ae. aegypti
A0A6I8U6N6	1	U-01	aegypti	Ae. aegypti
A0A6I8U6N8	1	U-01	aegypti	Ae. aegypti
A0A6I8U6N9	0	unassigned	aegypti	Ae. aegypti
A0A6I8U6P0	0	unassigned	aegypti	Ae. aegypti
A0A6I8U6P3	1	U-01	aegypti	Ae. aegypti
A0A6I8U6P5	2	U-02	aegypti	Ae. aegypti
A0A6I8U6Q1	1	U-01	aegypti	Ae. aegypti
A0A6I8U6Q2	0	unassigned	aegypti	Ae. aegypti
A0A6I8U6Q8	2	U-02	aegypti	Ae. aegypti
A0A6I8U6R0	1	U-01	aegypti	Ae. aegypti
A0A6I8U6R1	1	U-01	aegypti	Ae. aegypti
A0A6I8U6R2	1	U-01	aegypti	Ae. aegypti
A0A6I8U6R4	1	U-01	aegypti	Ae. aegypti
A0A6I8U6R5	1	U-01	aegypti	Ae. aegypti
A0A6I8U6R6	1	U-01	aegypti	Ae. aegypti
A0A6I8U6R7	1	U-01	aegypti	Ae. aegypti
A0A6I8U6S0	0	unassigned	aegypti	Ae. aegypti
A0A6I8U6S1	1	U-01	aegypti	Ae. aegypti
A0A6I8U6S2	1	U-01	aegypti	Ae. aegypti
A0A6I8U6S3	1	U-01	aegypti	Ae. aegypti
A0A6I8U6S5	1	U-01	aegypti	Ae. aegypti
A0A6I8U6S6	1	U-01	aegypti	Ae. aegypti
A0A6I8U6T1	0	unassigned	aegypti	Ae. aegypti
A0A6I8U6T2	1	U-01	aegypti	Ae. aegypti
A0A6I8U6T7	2	U-02	aegypti	Ae. aegypti
A0A6I8U6U0	1	U-01	aegypti	Ae. aegypti
A0A6I8U6U3	1	U-01	aegypti	Ae. aegypti
A0A6I8U7G8	2	U-02	aegypti	Ae. aegypti
A0A6I8U7H1	1	U-01	aegypti	Ae. aegypti
A0A6I8U7H3	0	unassigned	aegypti	Ae. aegypti
A0A6I8U7H5	0	unassigned	aegypti	Ae. aegypti
A0A6I8U7H7	1	U-01	aegypti	Ae. aegypti
A0A6I8U7I1	1	U-01	aegypti	Ae. aegypti
A0A6I8U7I9	1	U-01	aegypti	Ae. aegypti
A0A6I8U7J6	1	U-01	aegypti	Ae. aegypti
A0A6I8U7J7	1	U-01	aegypti	Ae. aegypti
A0A6I8U7J8	0	unassigned	aegypti	Ae. aegypti
A0A6I8U7J9	0	unassigned	aegypti	Ae. aegypti
A0A6I8U7K0	1	U-01	aegypti	Ae. aegypti
A0A6I8U7K2	1	U-01	aegypti	Ae. aegypti
A0A6I8U7K4	2	U-02	aegypti	Ae. aegypti
A0A6I8U7K6	1	U-01	aegypti	Ae. aegypti
A0A6I8U7L0	2	U-02	aegypti	Ae. aegypti
A0A6I8U7L4	1	U-01	aegypti	Ae. aegypti
A0A6I8U7L5	1	U-01	aegypti	Ae. aegypti
A0A6I8U7L6	1	U-01	aegypti	Ae. aegypti
A0A6I8U7L7	1	U-01	aegypti	Ae. aegypti
A0A6I8U7L8	2	U-02	aegypti	Ae. aegypti
A0A6I8U7M1	2	U-02	aegypti	Ae. aegypti
A0A6I8U7M3	1	U-01	aegypti	Ae. aegypti
A0A6I8U7M4	1	U-01	aegypti	Ae. aegypti
A0A6I8U7M6	1	U-01	aegypti	Ae. aegypti
A0A6I8U7M8	1	U-01	aegypti	Ae. aegypti
A0A6I8U7M9	2	U-02	aegypti	Ae. aegypti
A0A6I8U7N1	1	U-01	aegypti	Ae. aegypti
A0A6I8U7N2	2	U-02	aegypti	Ae. aegypti
A0A6I8U7N5	1	U-01	aegypti	Ae. aegypti
A0A6I8U7N6	0	unassigned	aegypti	Ae. aegypti
A0A6I8U7P1	1	U-01	aegypti	Ae. aegypti
A0A6I8U7P7	1	U-01	aegypti	Ae. aegypti
A0A6I8U7P9	2	U-02	aegypti	Ae. aegypti
A0A6I8U7Q0	0	unassigned	aegypti	Ae. aegypti
A0A6I8U7Q3	0	unassigned	aegypti	Ae. aegypti
A0A6I8U7Q4	1	U-01	aegypti	Ae. aegypti
A0A6I8U7Q7	1	U-01	aegypti	Ae. aegypti
A0A6I8U7Q9	2	U-02	aegypti	Ae. aegypti
A0A6I8U7R0	0	unassigned	aegypti	Ae. aegypti
A0A6I8U7R1	1	U-01	aegypti	Ae. aegypti
A0A6I8U7R2	1	U-01	aegypti	Ae. aegypti
A0A6I8U7R4	0	unassigned	aegypti	Ae. aegypti
A0A6I8U7R5	0	unassigned	aegypti	Ae. aegypti
A0A6I8U7R8	2	U-02	aegypti	Ae. aegypti
A0A6I8U7S0	2	U-02	aegypti	Ae. aegypti
A0A6I8U7S2	0	unassigned	aegypti	Ae. aegypti
A0A6I8U7S4	2	U-02	aegypti	Ae. aegypti
A0A6I8U7T1	1	U-01	aegypti	Ae. aegypti
A0A6I8U7T5	1	U-01	aegypti	Ae. aegypti
A0A6I8U7T8	2	U-02	aegypti	Ae. aegypti
A0A6I8U7U4	0	unassigned	aegypti	Ae. aegypti
A0A6I8U7V0	2	U-02	aegypti	Ae. aegypti
A0A6I8U7V2	1	U-01	aegypti	Ae. aegypti
A0A6I8U7V3	2	U-02	aegypti	Ae. aegypti
A0A6I8U7V6	1	U-01	aegypti	Ae. aegypti
A0A6I8U7V7	2	U-02	aegypti	Ae. aegypti
A0A6I8U7V8	1	U-01	aegypti	Ae. aegypti
A0A6I8U7W2	1	U-01	aegypti	Ae. aegypti
A0A6I8U7W3	2	U-02	aegypti	Ae. aegypti
A0A6I8U7W7	1	U-01	aegypti	Ae. aegypti
A0A6I8U7W8	1	U-01	aegypti	Ae. aegypti
A0A6I8U7X0	1	U-01	aegypti	Ae. aegypti
A0A6I8U7X1	1	U-01	aegypti	Ae. aegypti
A0A6I8U7X3	1	U-01	aegypti	Ae. aegypti
A0A6I8U7X4	1	U-01	aegypti	Ae. aegypti
A0A6I8U7X5	2	U-02	aegypti	Ae. aegypti
A0A6I8U7X6	1	U-01	aegypti	Ae. aegypti
A0A6I8U7X7	0	unassigned	aegypti	Ae. aegypti
A0A6I8U7X9	0	unassigned	aegypti	Ae. aegypti
A0A6I8U7Y1	1	U-01	aegypti	Ae. aegypti
A0A6I8U7Y4	1	U-01	aegypti	Ae. aegypti
A0A6I8U7Y6	1	U-01	aegypti	Ae. aegypti
A0A6I8U7Y8	1	U-01	aegypti	Ae. aegypti
A0A6I8U7Z3	1	U-01	aegypti	Ae. aegypti
A0A6I8U7Z4	1	U-01	aegypti	Ae. aegypti
A0A6I8U7Z5	1	U-01	aegypti	Ae. aegypti
A0A6I8U7Z7	0	unassigned	aegypti	Ae. aegypti
A0A6I8U7Z9	0	unassigned	aegypti	Ae. aegypti
A0A6I8U801	1	U-01	aegypti	Ae. aegypti
A0A6I8U802	1	U-01	aegypti	Ae. aegypti
A0A6I8U803	2	U-02	aegypti	Ae. aegypti
A0A6I8U805	1	U-01	aegypti	Ae. aegypti
A0A6I8U806	1	U-01	aegypti	Ae. aegypti
A0A6I8U808	1	U-01	aegypti	Ae. aegypti
A0A6I8U809	2	U-02	aegypti	Ae. aegypti
A0A6I8U812	0	unassigned	aegypti	Ae. aegypti
A0A6I8U813	1	U-01	aegypti	Ae. aegypti
A0A6I8U814	0	unassigned	aegypti	Ae. aegypti
A0A6I8U815	1	U-01	aegypti	Ae. aegypti
A0A6I8U816	0	unassigned	aegypti	Ae. aegypti
A0A6I8U819	0	unassigned	aegypti	Ae. aegypti
A0A6I8U822	1	U-01	aegypti	Ae. aegypti
A0A6I8U823	0	unassigned	aegypti	Ae. aegypti
A0A6I8U825	2	U-02	aegypti	Ae. aegypti
A0A6I8U828	2	U-02	aegypti	Ae. aegypti
A0A6I8U830	1	U-01	aegypti	Ae. aegypti
A0A6I8U832	2	U-02	aegypti	Ae. aegypti
A0A6I8U833	2	U-02	aegypti	Ae. aegypti
A0A6I8U834	2	U-02	aegypti	Ae. aegypti
A0A6I8U835	1	U-01	aegypti	Ae. aegypti
A0A6I8U836	1	U-01	aegypti	Ae. aegypti
A0A6I8U840	0	unassigned	aegypti	Ae. aegypti
A0A6I8U842	1	U-01	aegypti	Ae. aegypti
A0A1S4FKH5	1	U-01	aegypti	Ae. aegypti
A0A1S4FKI0	1	U-01	aegypti	Ae. aegypti
A0A1S4FKI7	1	U-01	aegypti	Ae. aegypti
A0A1S4FKJ4	1	U-01	aegypti	Ae. aegypti
A0A1S4FKJ7	1	U-01	aegypti	Ae. aegypti
A0A1S4FKK7	1	U-01	aegypti	Ae. aegypti
A0A1S4FKM4	2	U-02	aegypti	Ae. aegypti
A0A1S4FKP0	2	U-02	aegypti	Ae. aegypti
A0A1S4FKP8	2	U-02	aegypti	Ae. aegypti
A0A1S4FKR3	2	U-02	aegypti	Ae. aegypti
A0A1S4FKR6	1	U-01	aegypti	Ae. aegypti
A0A1S4FKS5	2	U-02	aegypti	Ae. aegypti
A0A1S4FKW4	1	U-01	aegypti	Ae. aegypti
A0A1S4FKW7	1	U-01	aegypti	Ae. aegypti
A0A1S4FKY4	1	U-01	aegypti	Ae. aegypti
A0A1S4FL01	1	U-01	aegypti	Ae. aegypti
A0A1S4FL37	1	U-01	aegypti	Ae. aegypti
A0A1S4FL75	1	U-01	aegypti	Ae. aegypti
A0A1S4FL91	0	unassigned	aegypti	Ae. aegypti
A0A1S4FL93	1	U-01	aegypti	Ae. aegypti
A0A1S4FL98	1	U-01	aegypti	Ae. aegypti
A0A1S4FL99	1	U-01	aegypti	Ae. aegypti
A0A1S4FLA5	1	U-01	aegypti	Ae. aegypti
A0A1S4FLE3	0	unassigned	aegypti	Ae. aegypti
A0A1S4FLF9	0	unassigned	aegypti	Ae. aegypti
A0A1S4FLG0	1	U-01	aegypti	Ae. aegypti
A0A1S4FLG3	1	U-01	aegypti	Ae. aegypti
A0A1S4FLG8	1	U-01	aegypti	Ae. aegypti
A0A1S4FLH5	1	U-01	aegypti	Ae. aegypti
A0A1S4FLI0	2	U-02	aegypti	Ae. aegypti
A0A1S4FLI2	1	U-01	aegypti	Ae. aegypti
A0A1S4FLI6	2	U-02	aegypti	Ae. aegypti
A0A1S4FLI9	1	U-01	aegypti	Ae. aegypti
A0A1S4FLK0	1	U-01	aegypti	Ae. aegypti
A0A1S4FLP7	1	U-01	aegypti	Ae. aegypti
A0A1S4FLP9	1	U-01	aegypti	Ae. aegypti
A0A1S4FLR3	0	unassigned	aegypti	Ae. aegypti
A0A1S4FLV3	1	U-01	aegypti	Ae. aegypti
A0A1S4FLW5	1	U-01	aegypti	Ae. aegypti
A0A1S4FLW8	1	U-01	aegypti	Ae. aegypti
A0A1S4FLW9	1	U-01	aegypti	Ae. aegypti
A0A1S4FLY4	1	U-01	aegypti	Ae. aegypti
A0A1S4FM07	1	U-01	aegypti	Ae. aegypti
A0A1S4FM29	2	U-02	aegypti	Ae. aegypti
A0A1S4FM46	2	U-02	aegypti	Ae. aegypti
A0A1S4FM51	1	U-01	aegypti	Ae. aegypti
A0A1S4FM63	1	U-01	aegypti	Ae. aegypti
A0A1S4FM64	2	U-02	aegypti	Ae. aegypti
A0A1S4FM74	1	U-01	aegypti	Ae. aegypti
A0A1S4FM79	1	U-01	aegypti	Ae. aegypti
A0A1S4FMA1	1	U-01	aegypti	Ae. aegypti
A0A1S4FMB3	1	U-01	aegypti	Ae. aegypti
A0A1S4FMF6	2	U-02	aegypti	Ae. aegypti
A0A1S4FMF7	1	U-01	aegypti	Ae. aegypti
A0A1S4FMH1	1	U-01	aegypti	Ae. aegypti
Q16YK1	1	U-01	aegypti	Ae. aegypti
Q16YK4	1	U-01	aegypti	Ae. aegypti
Q16YK5	1	U-01	aegypti	Ae. aegypti
Q16YQ5	1	U-01	aegypti	Ae. aegypti
Q16YQ8	1	U-01	aegypti	Ae. aegypti
Q16YY2	1	U-01	aegypti	Ae. aegypti
Q16ZA9	2	U-02	aegypti	Ae. aegypti
Q16ZC1	1	U-01	aegypti	Ae. aegypti
Q16ZN6	1	U-01	aegypti	Ae. aegypti
Q16ZP1	1	U-01	aegypti	Ae. aegypti
Q170R4	1	U-01	aegypti	Ae. aegypti
Q170T9	2	U-02	aegypti	Ae. aegypti
Q171C3	1	U-01	aegypti	Ae. aegypti
Q171H3	1	U-01	aegypti	Ae. aegypti
Q172E2	1	U-01	aegypti	Ae. aegypti
Q172Q6	1	U-01	aegypti	Ae. aegypti
Q172S2	1	U-01	aegypti	Ae. aegypti
Q172W0	1	U-01	aegypti	Ae. aegypti
Q173G6	1	U-01	aegypti	Ae. aegypti
Q173M7	1	U-01	aegypti	Ae. aegypti
Q174A3	1	U-01	aegypti	Ae. aegypti
Q174B4	1	U-01	aegypti	Ae. aegypti
Q174F2	1	U-01	aegypti	Ae. aegypti
Q174F3	1	U-01	aegypti	Ae. aegypti
Q174I2	1	U-01	aegypti	Ae. aegypti
Q174N0	1	U-01	aegypti	Ae. aegypti
Q174N2	1	U-01	aegypti	Ae. aegypti
Q174T8	1	U-01	aegypti	Ae. aegypti
Q174Z9	1	U-01	aegypti	Ae. aegypti
Q175B8	1	U-01	aegypti	Ae. aegypti
Q175F8	1	U-01	aegypti	Ae. aegypti
Q175G5	1	U-01	aegypti	Ae. aegypti
Q175G6	1	U-01	aegypti	Ae. aegypti
Q176B3	1	U-01	aegypti	Ae. aegypti
Q176C0	1	U-01	aegypti	Ae. aegypti
Q176N8	1	U-01	aegypti	Ae. aegypti
Q177H0	1	U-01	aegypti	Ae. aegypti
Q177M5	1	U-01	aegypti	Ae. aegypti
Q177P3	1	U-01	aegypti	Ae. aegypti
Q177S1	1	U-01	aegypti	Ae. aegypti
Q178X6	1	U-01	aegypti	Ae. aegypti
Q178X7	1	U-01	aegypti	Ae. aegypti
Q178Z5	1	U-01	aegypti	Ae. aegypti
Q179D2	2	U-02	aegypti	Ae. aegypti
Q179E8	1	U-01	aegypti	Ae. aegypti
Q179L9	1	U-01	aegypti	Ae. aegypti
Q179X0	2	U-02	aegypti	Ae. aegypti
Q179Z8	1	U-01	aegypti	Ae. aegypti
Q17A05	1	U-01	aegypti	Ae. aegypti
Q17A58	1	U-01	aegypti	Ae. aegypti
Q17A88	2	U-02	aegypti	Ae. aegypti
Q17AF4	1	U-01	aegypti	Ae. aegypti
Q17AN2	1	U-01	aegypti	Ae. aegypti
Q17AP0	1	U-01	aegypti	Ae. aegypti
Q17AR4	1	U-01	aegypti	Ae. aegypti
Q17AT2	1	U-01	aegypti	Ae. aegypti
Q17AU0	1	U-01	aegypti	Ae. aegypti
Q17AU9	1	U-01	aegypti	Ae. aegypti
Q17B56	1	U-01	aegypti	Ae. aegypti
Q17B76	2	U-02	aegypti	Ae. aegypti
Q17BD9	2	U-02	aegypti	Ae. aegypti
Q17BG4	2	U-02	aegypti	Ae. aegypti
Q17BQ8	1	U-01	aegypti	Ae. aegypti
Q17BU7	1	U-01	aegypti	Ae. aegypti
Q17BZ1	1	U-01	aegypti	Ae. aegypti
Q17C01	1	U-01	aegypti	Ae. aegypti
Q17CJ5	1	U-01	aegypti	Ae. aegypti
Q17D87	1	U-01	aegypti	Ae. aegypti
Q17DB4	1	U-01	aegypti	Ae. aegypti
Q17DG5	1	U-01	aegypti	Ae. aegypti
Q17DJ9	1	U-01	aegypti	Ae. aegypti
Q17DK5	1	U-01	aegypti	Ae. aegypti
Q17DN5	1	U-01	aegypti	Ae. aegypti
Q17DN8	1	U-01	aegypti	Ae. aegypti
Q17DX5	1	U-01	aegypti	Ae. aegypti
Q17E14	1	U-01	aegypti	Ae. aegypti
Q17E86	1	U-01	aegypti	Ae. aegypti
Q17ET4	1	U-01	aegypti	Ae. aegypti
Q17EU4	1	U-01	aegypti	Ae. aegypti
Q17EU8	1	U-01	aegypti	Ae. aegypti
Q17FP1	1	U-01	aegypti	Ae. aegypti
Q17G75	1	U-01	aegypti	Ae. aegypti
Q17GI1	1	U-01	aegypti	Ae. aegypti
Q17GK4	2	U-02	aegypti	Ae. aegypti
Q17GM7	1	U-01	aegypti	Ae. aegypti
Q17GS9	1	U-01	aegypti	Ae. aegypti
Q17GT4	1	U-01	aegypti	Ae. aegypti
Q17GT5	1	U-01	aegypti	Ae. aegypti
Q17H38	1	U-01	aegypti	Ae. aegypti
Q17H91	1	U-01	aegypti	Ae. aegypti
Q17HK7	2	U-02	aegypti	Ae. aegypti
Q17HL0	1	U-01	aegypti	Ae. aegypti
Q17HP8	2	U-02	aegypti	Ae. aegypti
Q17HW3	1	U-01	aegypti	Ae. aegypti
Q17II2	2	U-02	aegypti	Ae. aegypti
Q17IJ3	1	U-01	aegypti	Ae. aegypti
Q17IK9	1	U-01	aegypti	Ae. aegypti
Q17IM5	1	U-01	aegypti	Ae. aegypti
Q17IN4	1	U-01	aegypti	Ae. aegypti
A0A6I8U1I1	1	U-01	aegypti	Ae. aegypti
A0A6I8U1I5	1	U-01	aegypti	Ae. aegypti
A0A6I8U1J2	0	unassigned	aegypti	Ae. aegypti
A0A6I8U1J5	1	U-01	aegypti	Ae. aegypti
A0A6I8U1J6	2	U-02	aegypti	Ae. aegypti
A0A6I8U1K7	1	U-01	aegypti	Ae. aegypti
A0A6I8U1K8	1	U-01	aegypti	Ae. aegypti
A0A6I8U1L4	0	unassigned	aegypti	Ae. aegypti
A0A6I8U1L6	0	unassigned	aegypti	Ae. aegypti
A0A6I8U1M2	1	U-01	aegypti	Ae. aegypti
A0A6I8U1M3	1	U-01	aegypti	Ae. aegypti
A0A6I8U1N1	2	U-02	aegypti	Ae. aegypti
A0A6I8U1P1	1	U-01	aegypti	Ae. aegypti
A0A6I8U1P3	1	U-01	aegypti	Ae. aegypti
A0A6I8U1P7	2	U-02	aegypti	Ae. aegypti
A0A6I8U1Q4	1	U-01	aegypti	Ae. aegypti
A0A6I8U1Q5	1	U-01	aegypti	Ae. aegypti
A0A6I8U1R0	1	U-01	aegypti	Ae. aegypti
A0A6I8U1R1	1	U-01	aegypti	Ae. aegypti
A0A6I8U1R4	1	U-01	aegypti	Ae. aegypti
A0A6I8U1S0	1	U-01	aegypti	Ae. aegypti
A0A6I8U1S1	0	unassigned	aegypti	Ae. aegypti
A0A6I8U1S5	1	U-01	aegypti	Ae. aegypti
A0A6I8U1S7	1	U-01	aegypti	Ae. aegypti
A0A6I8U1T0	1	U-01	aegypti	Ae. aegypti
A0A6I8U1T6	1	U-01	aegypti	Ae. aegypti
A0A6I8U1U2	1	U-01	aegypti	Ae. aegypti
A0A6I8U1U9	1	U-01	aegypti	Ae. aegypti
A0A6I8U1V0	2	U-02	aegypti	Ae. aegypti
A0A6I8U1V4	1	U-01	aegypti	Ae. aegypti
A0A6I8U1V6	0	unassigned	aegypti	Ae. aegypti
A0A6I8U1V8	1	U-01	aegypti	Ae. aegypti
A0A6I8U1W0	2	U-02	aegypti	Ae. aegypti
A0A6I8U1W2	1	U-01	aegypti	Ae. aegypti
A0A6I8U1W3	1	U-01	aegypti	Ae. aegypti
A0A6I8U1W8	2	U-02	aegypti	Ae. aegypti
A0A6I8U1X5	2	U-02	aegypti	Ae. aegypti
A0A6I8U1Y5	1	U-01	aegypti	Ae. aegypti
A0A6I8U1Y8	1	U-01	aegypti	Ae. aegypti
A0A6I8U1Z1	1	U-01	aegypti	Ae. aegypti
A0A6I8U201	1	U-01	aegypti	Ae. aegypti
A0A6I8U203	1	U-01	aegypti	Ae. aegypti
A0A6I8U211	1	U-01	aegypti	Ae. aegypti
A0A6I8U218	2	U-02	aegypti	Ae. aegypti
A0A6I8U220	1	U-01	aegypti	Ae. aegypti
A0A6I8U222	1	U-01	aegypti	Ae. aegypti
A0A6I8U224	1	U-01	aegypti	Ae. aegypti
A0A6I8U226	0	unassigned	aegypti	Ae. aegypti
A0A6I8U227	1	U-01	aegypti	Ae. aegypti
A0A6I8U229	1	U-01	aegypti	Ae. aegypti
A0A6I8U232	1	U-01	aegypti	Ae. aegypti
A0A6I8U240	1	U-01	aegypti	Ae. aegypti
A0A6I8U244	1	U-01	aegypti	Ae. aegypti
A0A6I8U245	1	U-01	aegypti	Ae. aegypti
A0A6I8U247	1	U-01	aegypti	Ae. aegypti
A0A6I8U253	1	U-01	aegypti	Ae. aegypti
A0A6I8U255	1	U-01	aegypti	Ae. aegypti
A0A6I8U263	1	U-01	aegypti	Ae. aegypti
A0A6I8U267	1	U-01	aegypti	Ae. aegypti
A0A6I8U268	1	U-01	aegypti	Ae. aegypti
A0A6I8U272	0	unassigned	aegypti	Ae. aegypti
A0A6I8U277	1	U-01	aegypti	Ae. aegypti
A0A6I8U278	1	U-01	aegypti	Ae. aegypti
A0A6I8U279	1	U-01	aegypti	Ae. aegypti
A0A6I8U299	1	U-01	aegypti	Ae. aegypti
A0A6I8U2A4	1	U-01	aegypti	Ae. aegypti
A0A6I8U2A6	2	U-02	aegypti	Ae. aegypti
A0A6I8U2B3	1	U-01	aegypti	Ae. aegypti
A0A6I8U2B5	2	U-02	aegypti	Ae. aegypti
A0A6I8U2C0	1	U-01	aegypti	Ae. aegypti
A0A6I8U2C4	1	U-01	aegypti	Ae. aegypti
A0A6I8U2C9	1	U-01	aegypti	Ae. aegypti
A0A6I8U2D0	0	unassigned	aegypti	Ae. aegypti
A0A6I8U2D4	2	U-02	aegypti	Ae. aegypti
A0A6I8U2D6	0	unassigned	aegypti	Ae. aegypti
A0A6I8U2D7	1	U-01	aegypti	Ae. aegypti
A0A6I8U2E6	1	U-01	aegypti	Ae. aegypti
A0A6I8U2E7	1	U-01	aegypti	Ae. aegypti
A0A6I8U2E8	0	unassigned	aegypti	Ae. aegypti
A0A6I8U2E9	1	U-01	aegypti	Ae. aegypti
A0A6I8U2F0	1	U-01	aegypti	Ae. aegypti
A0A6I8U2F1	0	unassigned	aegypti	Ae. aegypti
A0A6I8U2F4	1	U-01	aegypti	Ae. aegypti
A0A6I8U2F8	1	U-01	aegypti	Ae. aegypti
A0A6I8U2I2	0	unassigned	aegypti	Ae. aegypti
A0A6I8U2I3	2	U-02	aegypti	Ae. aegypti
A0A6I8U2J1	1	U-01	aegypti	Ae. aegypti
A0A6I8U2J2	1	U-01	aegypti	Ae. aegypti
A0A6I8U2J8	0	unassigned	aegypti	Ae. aegypti
A0A6I8U2J9	1	U-01	aegypti	Ae. aegypti
A0A6I8U2K4	0	unassigned	aegypti	Ae. aegypti
A0A6I8U2K5	2	U-02	aegypti	Ae. aegypti
A0A6I8U2K6	0	unassigned	aegypti	Ae. aegypti
A0A6I8U2K9	0	unassigned	aegypti	Ae. aegypti
A0A6I8U2L2	0	unassigned	aegypti	Ae. aegypti
A0A6I8U4V9	1	U-01	aegypti	Ae. aegypti
A0A6I8U4W0	1	U-01	aegypti	Ae. aegypti
A0A6I8U4W1	1	U-01	aegypti	Ae. aegypti
A0A6I8U4W3	1	U-01	aegypti	Ae. aegypti
A0A6I8U4W4	1	U-01	aegypti	Ae. aegypti
A0A6I8U4W5	2	U-02	aegypti	Ae. aegypti
A0A6I8U4W6	1	U-01	aegypti	Ae. aegypti
A0A6I8U4X0	1	U-01	aegypti	Ae. aegypti
A0A6I8U4X8	1	U-01	aegypti	Ae. aegypti
A0A6I8U4X9	1	U-01	aegypti	Ae. aegypti
A0A6I8U4Y2	1	U-01	aegypti	Ae. aegypti
A0A6I8U4Y4	1	U-01	aegypti	Ae. aegypti
A0A6I8U4Y8	0	unassigned	aegypti	Ae. aegypti
A0A6I8U4Z3	0	unassigned	aegypti	Ae. aegypti
A0A6I8U4Z4	1	U-01	aegypti	Ae. aegypti
A0A6I8U4Z7	1	U-01	aegypti	Ae. aegypti
A0A6I8U4Z9	2	U-02	aegypti	Ae. aegypti
A0A6I8U502	1	U-01	aegypti	Ae. aegypti
A0A6I8U505	1	U-01	aegypti	Ae. aegypti
A0A6I8U517	2	U-02	aegypti	Ae. aegypti
A0A6I8U520	1	U-01	aegypti	Ae. aegypti
A0A6I8U527	1	U-01	aegypti	Ae. aegypti
A0A6I8U530	1	U-01	aegypti	Ae. aegypti
A0A6I8U531	1	U-01	aegypti	Ae. aegypti
A0A6I8U532	2	U-02	aegypti	Ae. aegypti
A0A6I8U534	1	U-01	aegypti	Ae. aegypti
A0A6I8U537	2	U-02	aegypti	Ae. aegypti
A0A6I8U539	1	U-01	aegypti	Ae. aegypti
A0A6I8U543	1	U-01	aegypti	Ae. aegypti
A0A6I8U544	2	U-02	aegypti	Ae. aegypti
A0A6I8U545	1	U-01	aegypti	Ae. aegypti
A0A6I8U549	2	U-02	aegypti	Ae. aegypti
A0A6I8U550	1	U-01	aegypti	Ae. aegypti
A0A6I8U555	2	U-02	aegypti	Ae. aegypti
A0A6I8U561	1	U-01	aegypti	Ae. aegypti
A0A6I8U569	1	U-01	aegypti	Ae. aegypti
A0A6I8U571	1	U-01	aegypti	Ae. aegypti
A0A6I8U587	1	U-01	aegypti	Ae. aegypti
A0A6I8U589	2	U-02	aegypti	Ae. aegypti
A0A6I8U593	0	unassigned	aegypti	Ae. aegypti
A0A6I8U596	1	U-01	aegypti	Ae. aegypti
A0A6I8U597	1	U-01	aegypti	Ae. aegypti
A0A6I8U5A0	1	U-01	aegypti	Ae. aegypti
A0A6I8U5B0	1	U-01	aegypti	Ae. aegypti
A0A6I8U5B5	1	U-01	aegypti	Ae. aegypti
A0A6I8U5B9	2	U-02	aegypti	Ae. aegypti
A0A6I8U5C9	1	U-01	aegypti	Ae. aegypti
A0A6I8U5D0	1	U-01	aegypti	Ae. aegypti
A0A6I8U5E3	2	U-02	aegypti	Ae. aegypti
A0A6I8U5E5	1	U-01	aegypti	Ae. aegypti
A0A6I8U5E6	1	U-01	aegypti	Ae. aegypti
A0A6I8TN94	1	U-01	aegypti	Ae. aegypti
A0A6I8TN97	1	U-01	aegypti	Ae. aegypti
A0A6I8TN99	1	U-01	aegypti	Ae. aegypti
A0A6I8TNA0	1	U-01	aegypti	Ae. aegypti
A0A6I8TNA4	2	U-02	aegypti	Ae. aegypti
A0A6I8TNA7	1	U-01	aegypti	Ae. aegypti
A0A6I8TNB2	2	U-02	aegypti	Ae. aegypti
A0A6I8TNB3	1	U-01	aegypti	Ae. aegypti
A0A6I8TNB8	1	U-01	aegypti	Ae. aegypti
A0A6I8TNC0	1	U-01	aegypti	Ae. aegypti
A0A6I8TNC2	1	U-01	aegypti	Ae. aegypti
A0A6I8TNC7	1	U-01	aegypti	Ae. aegypti
A0A6I8TNC9	0	unassigned	aegypti	Ae. aegypti
A0A6I8TND2	1	U-01	aegypti	Ae. aegypti
A0A6I8TND9	1	U-01	aegypti	Ae. aegypti
A0A6I8TNE3	1	U-01	aegypti	Ae. aegypti
A0A6I8TNE4	1	U-01	aegypti	Ae. aegypti
A0A6I8TNE5	1	U-01	aegypti	Ae. aegypti
A0A6I8TNE6	2	U-02	aegypti	Ae. aegypti
A0A6I8TNE7	1	U-01	aegypti	Ae. aegypti
A0A6I8TNE8	2	U-02	aegypti	Ae. aegypti
A0A6I8TNF0	2	U-02	aegypti	Ae. aegypti
A0A6I8TNF6	1	U-01	aegypti	Ae. aegypti
A0A6I8TNF7	1	U-01	aegypti	Ae. aegypti
A0A6I8TNF8	1	U-01	aegypti	Ae. aegypti
A0A6I8TNG0	1	U-01	aegypti	Ae. aegypti
A0A6I8TNG1	1	U-01	aegypti	Ae. aegypti
A0A6I8TNH6	1	U-01	aegypti	Ae. aegypti
A0A6I8TNH9	1	U-01	aegypti	Ae. aegypti
A0A6I8TNI7	1	U-01	aegypti	Ae. aegypti
A0A6I8TNJ0	2	U-02	aegypti	Ae. aegypti
A0A6I8TNJ2	1	U-01	aegypti	Ae. aegypti
A0A6I8TNK6	1	U-01	aegypti	Ae. aegypti
A0A6I8TNK7	1	U-01	aegypti	Ae. aegypti
A0A6I8TNL0	1	U-01	aegypti	Ae. aegypti
A0A6I8TNL1	1	U-01	aegypti	Ae. aegypti
A0A6I8TNL3	1	U-01	aegypti	Ae. aegypti
A0A6I8TNM0	1	U-01	aegypti	Ae. aegypti
A0A6I8TNM6	2	U-02	aegypti	Ae. aegypti
A0A6I8TNM9	2	U-02	aegypti	Ae. aegypti
A0A6I8TNN3	1	U-01	aegypti	Ae. aegypti
A0A6I8TNP4	1	U-01	aegypti	Ae. aegypti
A0A6I8TNQ1	1	U-01	aegypti	Ae. aegypti
A0A6I8TNQ3	1	U-01	aegypti	Ae. aegypti
A0A6I8TNQ6	1	U-01	aegypti	Ae. aegypti
A0A6I8TNQ9	1	U-01	aegypti	Ae. aegypti
A0A6I8TNR3	1	U-01	aegypti	Ae. aegypti
A0A6I8TNR4	1	U-01	aegypti	Ae. aegypti
A0A6I8TNR7	1	U-01	aegypti	Ae. aegypti
A0A6I8TNR9	1	U-01	aegypti	Ae. aegypti
A0A6I8TNS2	1	U-01	aegypti	Ae. aegypti
A0A6I8TNS4	1	U-01	aegypti	Ae. aegypti
A0A6I8TNS5	1	U-01	aegypti	Ae. aegypti
A0A6I8TNS9	1	U-01	aegypti	Ae. aegypti
A0A6I8TNT2	2	U-02	aegypti	Ae. aegypti
A0A6I8TNU9	2	U-02	aegypti	Ae. aegypti
A0A6I8TNV1	0	unassigned	aegypti	Ae. aegypti
A0A6I8TNV7	0	unassigned	aegypti	Ae. aegypti
A0A6I8TNX9	2	U-02	aegypti	Ae. aegypti
A0A6I8TNY2	1	U-01	aegypti	Ae. aegypti
A0A6I8TNY3	0	unassigned	aegypti	Ae. aegypti
A0A6I8TNY6	1	U-01	aegypti	Ae. aegypti
A0A6I8TNY9	1	U-01	aegypti	Ae. aegypti
A0A6I8TNZ3	2	U-02	aegypti	Ae. aegypti
A0A6I8TP08	1	U-01	aegypti	Ae. aegypti
A0A6I8TP17	1	U-01	aegypti	Ae. aegypti
A0A6I8TP37	1	U-01	aegypti	Ae. aegypti
A0A6I8TP46	1	U-01	aegypti	Ae. aegypti
A0A6I8TP55	1	U-01	aegypti	Ae. aegypti
A0A6I8TP58	1	U-01	aegypti	Ae. aegypti
A0A6I8TP62	1	U-01	aegypti	Ae. aegypti
A0A6I8TP64	2	U-02	aegypti	Ae. aegypti
A0A6I8TP69	2	U-02	aegypti	Ae. aegypti
A0A6I8TP84	1	U-01	aegypti	Ae. aegypti
A0A6I8TP85	1	U-01	aegypti	Ae. aegypti
A0A6I8TP87	1	U-01	aegypti	Ae. aegypti
A0A6I8TP92	0	unassigned	aegypti	Ae. aegypti
A0A6I8TP96	1	U-01	aegypti	Ae. aegypti
A0A6I8TY52	1	U-01	aegypti	Ae. aegypti
A0A6I8TY79	1	U-01	aegypti	Ae. aegypti
A0A6I8TY80	1	U-01	aegypti	Ae. aegypti
A0A6I8TY84	1	U-01	aegypti	Ae. aegypti
A0A6I8TY87	2	U-02	aegypti	Ae. aegypti
A0A6I8TY88	1	U-01	aegypti	Ae. aegypti
A0A6I8TY91	0	unassigned	aegypti	Ae. aegypti
A0A6I8TY95	1	U-01	aegypti	Ae. aegypti
A0A6I8TYA9	1	U-01	aegypti	Ae. aegypti
A0A6I8TYB8	2	U-02	aegypti	Ae. aegypti
A0A6I8TYC1	0	unassigned	aegypti	Ae. aegypti
A0A6I8TYC7	1	U-01	aegypti	Ae. aegypti
A0A6I8TYD8	1	U-01	aegypti	Ae. aegypti
A0A6I8TYE1	2	U-02	aegypti	Ae. aegypti
A0A6I8TYE4	2	U-02	aegypti	Ae. aegypti
A0A6I8TYE6	0	unassigned	aegypti	Ae. aegypti
A0A6I8TYE7	2	U-02	aegypti	Ae. aegypti
A0A6I8TYF0	1	U-01	aegypti	Ae. aegypti
A0A6I8TYF1	1	U-01	aegypti	Ae. aegypti
A0A6I8TYF5	2	U-02	aegypti	Ae. aegypti
A0A6I8TYF7	2	U-02	aegypti	Ae. aegypti
A0A6I8TYF9	1	U-01	aegypti	Ae. aegypti
A0A1S4FMI0	1	U-01	aegypti	Ae. aegypti
A0A1S4FMN1	1	U-01	aegypti	Ae. aegypti
A0A1S4FNL7	1	U-01	aegypti	Ae. aegypti
A0A1S4FNX4	1	U-01	aegypti	Ae. aegypti
A0A1S4FNZ8	1	U-01	aegypti	Ae. aegypti
A0A1S4FP27	1	U-01	aegypti	Ae. aegypti
A0A1S4FPY6	1	U-01	aegypti	Ae. aegypti
A0A1S4FQ34	1	U-01	aegypti	Ae. aegypti
A0A1S4FQ70	1	U-01	aegypti	Ae. aegypti
A0A1S4FQS0	1	U-01	aegypti	Ae. aegypti
A0A1S4FSD2	1	U-01	aegypti	Ae. aegypti
A0A1S4FSG8	1	U-01	aegypti	Ae. aegypti
A0A1S4FST9	1	U-01	aegypti	Ae. aegypti
A0A1S4FSU7	1	U-01	aegypti	Ae. aegypti
A0A1S4FT61	2	U-02	aegypti	Ae. aegypti
A0A1S4FTM8	1	U-01	aegypti	Ae. aegypti
A0A1S4FUB0	1	U-01	aegypti	Ae. aegypti
A0A1S4FUH0	1	U-01	aegypti	Ae. aegypti
A0A1S4FUM8	1	U-01	aegypti	Ae. aegypti
A0A1S4FUR9	1	U-01	aegypti	Ae. aegypti
A0A1S4FUS1	2	U-02	aegypti	Ae. aegypti
A0A1S4FUT2	1	U-01	aegypti	Ae. aegypti
A0A1S4FUY0	1	U-01	aegypti	Ae. aegypti
A0A1S4FVA0	1	U-01	aegypti	Ae. aegypti
A0A1S4FVE5	1	U-01	aegypti	Ae. aegypti
A0A1S4FVR0	1	U-01	aegypti	Ae. aegypti
A0A1S4FVX1	2	U-02	aegypti	Ae. aegypti
A0A1S4FWI6	1	U-01	aegypti	Ae. aegypti
A0A1S4FWP1	1	U-01	aegypti	Ae. aegypti
A0A1S4FX45	1	U-01	aegypti	Ae. aegypti
A0A1S4FX55	2	U-02	aegypti	Ae. aegypti
A0A1S4FX57	1	U-01	aegypti	Ae. aegypti
A0A1S4FXG8	1	U-01	aegypti	Ae. aegypti
A0A1S4FXH1	2	U-02	aegypti	Ae. aegypti
A0A1S4FXK0	1	U-01	aegypti	Ae. aegypti
A0A1S4FXK1	2	U-02	aegypti	Ae. aegypti
A0A1S4FYQ8	1	U-01	aegypti	Ae. aegypti
A0A1S4FYT3	1	U-01	aegypti	Ae. aegypti
A0A1S4G009	1	U-01	aegypti	Ae. aegypti
A0A1S4G1P4	1	U-01	aegypti	Ae. aegypti
A0A1S4G1Z5	2	U-02	aegypti	Ae. aegypti
A0A1S4G2A6	1	U-01	aegypti	Ae. aegypti
A0A1S4G2F8	1	U-01	aegypti	Ae. aegypti
A0A1S4G2P1	1	U-01	aegypti	Ae. aegypti
A0A1S4G2Y2	1	U-01	aegypti	Ae. aegypti
A0A1S4G3C1	2	U-02	aegypti	Ae. aegypti
A0A1S4G3W5	2	U-02	aegypti	Ae. aegypti
A0A1S4G4E5	1	U-01	aegypti	Ae. aegypti
A0A1S4G664	1	U-01	aegypti	Ae. aegypti
A0A1S4G6X2	1	U-01	aegypti	Ae. aegypti
A0A1S4G739	1	U-01	aegypti	Ae. aegypti
A0A1S4G770	1	U-01	aegypti	Ae. aegypti
A0A1S4G779	1	U-01	aegypti	Ae. aegypti
A0A1S4G7G5	1	U-01	aegypti	Ae. aegypti
A0A1S4G7L8	1	U-01	aegypti	Ae. aegypti
A0A1S4G862	1	U-01	aegypti	Ae. aegypti
A0A1S4G890	0	unassigned	aegypti	Ae. aegypti
A0A2L0VBG2	1	U-01	aegypti	Ae. aegypti
A0A6E8N6I8	1	U-01	aegypti	Ae. aegypti
A0A6E8P5R0	1	U-01	aegypti	Ae. aegypti
A0A6E8PJP9	1	U-01	aegypti	Ae. aegypti
A0A6I8T2U3	1	U-01	aegypti	Ae. aegypti
A0A6I8T2X0	2	U-02	aegypti	Ae. aegypti
A0A6I8T2Z6	1	U-01	aegypti	Ae. aegypti
A0A6I8T2Z9	1	U-01	aegypti	Ae. aegypti
A0A6I8T303	1	U-01	aegypti	Ae. aegypti
A0A6I8T342	2	U-02	aegypti	Ae. aegypti
A0A6I8T344	2	U-02	aegypti	Ae. aegypti
A0A6I8T366	1	U-01	aegypti	Ae. aegypti
A0A6I8T378	1	U-01	aegypti	Ae. aegypti
A0A6I8T380	1	U-01	aegypti	Ae. aegypti
A0A6I8T382	1	U-01	aegypti	Ae. aegypti
A0A6I8T3B7	2	U-02	aegypti	Ae. aegypti
A0A6I8T3F0	1	U-01	aegypti	Ae. aegypti
A0A6I8T3I7	1	U-01	aegypti	Ae. aegypti
A0A6I8T3K9	1	U-01	aegypti	Ae. aegypti
A0A6I8T3P2	1	U-01	aegypti	Ae. aegypti
A0A6I8T3P5	2	U-02	aegypti	Ae. aegypti
A0A6I8T3Q7	1	U-01	aegypti	Ae. aegypti
A0A6I8TEY4	1	U-01	aegypti	Ae. aegypti
A0A6I8TEZ2	2	U-02	aegypti	Ae. aegypti
A0A6I8TEZ8	1	U-01	aegypti	Ae. aegypti
A0A6I8TF02	2	U-02	aegypti	Ae. aegypti
A0A6I8TF04	1	U-01	aegypti	Ae. aegypti
A0A6I8TF10	0	unassigned	aegypti	Ae. aegypti
A0A6I8TF11	1	U-01	aegypti	Ae. aegypti
A0A6I8TF13	0	unassigned	aegypti	Ae. aegypti
A0A6I8TF14	1	U-01	aegypti	Ae. aegypti
A0A6I8TF20	1	U-01	aegypti	Ae. aegypti
A0A6I8TF24	1	U-01	aegypti	Ae. aegypti
A0A6I8TF25	1	U-01	aegypti	Ae. aegypti
A0A6I8TF26	1	U-01	aegypti	Ae. aegypti
A0A6I8TF27	1	U-01	aegypti	Ae. aegypti
A0A6I8TF29	1	U-01	aegypti	Ae. aegypti
A0A6I8TF35	1	U-01	aegypti	Ae. aegypti
A0A6I8TF49	1	U-01	aegypti	Ae. aegypti
A0A6I8TF51	1	U-01	aegypti	Ae. aegypti
A0A6I8TF65	1	U-01	aegypti	Ae. aegypti
A0A6I8TF66	0	unassigned	aegypti	Ae. aegypti
A0A6I8TF69	1	U-01	aegypti	Ae. aegypti
A0A1S4FNK3	1	U-01	aegypti	Ae. aegypti
A0A1S4FNK8	2	U-02	aegypti	Ae. aegypti
A0A1S4FNL9	1	U-01	aegypti	Ae. aegypti
A0A1S4FNM2	1	U-01	aegypti	Ae. aegypti
A0A1S4FNP0	1	U-01	aegypti	Ae. aegypti
A0A1S4FNP7	0	unassigned	aegypti	Ae. aegypti
A0A1S4FNR6	1	U-01	aegypti	Ae. aegypti
A0A1S4FNR8	1	U-01	aegypti	Ae. aegypti
A0A1S4FNT9	1	U-01	aegypti	Ae. aegypti
A0A1S4FNU3	1	U-01	aegypti	Ae. aegypti
A0A1S4FNV2	1	U-01	aegypti	Ae. aegypti
A0A1S4FNV8	1	U-01	aegypti	Ae. aegypti
A0A1S4FNW5	1	U-01	aegypti	Ae. aegypti
A0A1S4FNX0	1	U-01	aegypti	Ae. aegypti
A0A1S4FNX6	1	U-01	aegypti	Ae. aegypti
A0A1S4FNY3	1	U-01	aegypti	Ae. aegypti
A0A1S4FNY9	1	U-01	aegypti	Ae. aegypti
A0A1S4FP03	1	U-01	aegypti	Ae. aegypti
A0A1S4FP15	1	U-01	aegypti	Ae. aegypti
A0A1S4FP17	1	U-01	aegypti	Ae. aegypti
A0A1S4FP19	1	U-01	aegypti	Ae. aegypti
A0A1S4FP26	1	U-01	aegypti	Ae. aegypti
A0A1S4FP31	1	U-01	aegypti	Ae. aegypti
A0A1S4FP33	2	U-02	aegypti	Ae. aegypti
A0A1S4FP49	0	unassigned	aegypti	Ae. aegypti
A0A1S4FP56	0	unassigned	aegypti	Ae. aegypti
A0A1S4FP57	0	unassigned	aegypti	Ae. aegypti
A0A1S4FP73	1	U-01	aegypti	Ae. aegypti
A0A1S4FP75	1	U-01	aegypti	Ae. aegypti
A0A1S4FP86	1	U-01	aegypti	Ae. aegypti
A0A1S4FP91	1	U-01	aegypti	Ae. aegypti
A0A1S4FPA0	1	U-01	aegypti	Ae. aegypti
A0A1S4FPB2	1	U-01	aegypti	Ae. aegypti
A0A1S4FPB3	2	U-02	aegypti	Ae. aegypti
A0A1S4FPC2	0	unassigned	aegypti	Ae. aegypti
A0A1S4FPC3	2	U-02	aegypti	Ae. aegypti
A0A1S4FPD2	1	U-01	aegypti	Ae. aegypti
A0A1S4FPE8	1	U-01	aegypti	Ae. aegypti
A0A1S4FPF0	0	unassigned	aegypti	Ae. aegypti
A0A1S4FPF4	1	U-01	aegypti	Ae. aegypti
A0A1S4FPF7	1	U-01	aegypti	Ae. aegypti
A0A1S4FPG9	1	U-01	aegypti	Ae. aegypti
A0A1S4FPH2	1	U-01	aegypti	Ae. aegypti
A0A1S4FPH3	1	U-01	aegypti	Ae. aegypti
A0A1S4FPI0	1	U-01	aegypti	Ae. aegypti
A0A1S4FPI1	1	U-01	aegypti	Ae. aegypti
A0A1S4FPI3	1	U-01	aegypti	Ae. aegypti
A0A1S4FPI7	1	U-01	aegypti	Ae. aegypti
A0A1S4FPI9	1	U-01	aegypti	Ae. aegypti
A0A1S4FPJ2	1	U-01	aegypti	Ae. aegypti
A0A1S4FPJ9	1	U-01	aegypti	Ae. aegypti
A0A1S4FPN5	1	U-01	aegypti	Ae. aegypti
A0A1S4FPN8	2	U-02	aegypti	Ae. aegypti
A0A1S4FPP4	1	U-01	aegypti	Ae. aegypti
A0A1S4FPP6	1	U-01	aegypti	Ae. aegypti
A0A1S4FPP9	1	U-01	aegypti	Ae. aegypti
A0A1S4FPQ4	1	U-01	aegypti	Ae. aegypti
A0A1S4FPQ8	1	U-01	aegypti	Ae. aegypti
A0A1S4FPR5	2	U-02	aegypti	Ae. aegypti
A0A1S4FPR6	0	unassigned	aegypti	Ae. aegypti
A0A1S4FPS6	0	unassigned	aegypti	Ae. aegypti
A0A1S4FPT6	1	U-01	aegypti	Ae. aegypti
A0A1S4FPU2	1	U-01	aegypti	Ae. aegypti
A0A1S4FPU7	1	U-01	aegypti	Ae. aegypti
A0A1S4FPV5	0	unassigned	aegypti	Ae. aegypti
A0A1S4FPW1	1	U-01	aegypti	Ae. aegypti
A0A1S4FPX9	1	U-01	aegypti	Ae. aegypti
A0A1S4FPY4	0	unassigned	aegypti	Ae. aegypti
A0A1S4FQ03	1	U-01	aegypti	Ae. aegypti
A0A1S4FQ43	1	U-01	aegypti	Ae. aegypti
A0A1S4FQ56	1	U-01	aegypti	Ae. aegypti
A0A1S4FQA2	1	U-01	aegypti	Ae. aegypti
A0A1S4FQA8	1	U-01	aegypti	Ae. aegypti
A0A1S4FQB2	1	U-01	aegypti	Ae. aegypti
A0A1S4FQB3	1	U-01	aegypti	Ae. aegypti
A0A1S4FQC6	1	U-01	aegypti	Ae. aegypti
A0A1S4FQD4	2	U-02	aegypti	Ae. aegypti
A0A1S4FQD7	1	U-01	aegypti	Ae. aegypti
A0A1S4FQE2	1	U-01	aegypti	Ae. aegypti
A0A1S4FQE8	0	unassigned	aegypti	Ae. aegypti
A0A1S4FQG2	0	unassigned	aegypti	Ae. aegypti
A0A1S4FQI2	1	U-01	aegypti	Ae. aegypti
A0A1S4FQK1	0	unassigned	aegypti	Ae. aegypti
A0A1S4FQL5	1	U-01	aegypti	Ae. aegypti
A0A1S4FQM4	1	U-01	aegypti	Ae. aegypti
A0A1S4FQN6	1	U-01	aegypti	Ae. aegypti
A0A1S4FQP8	0	unassigned	aegypti	Ae. aegypti
A0A1S4FQQ9	0	unassigned	aegypti	Ae. aegypti
A0A1S4FQS2	1	U-01	aegypti	Ae. aegypti
A0A1S4FQT4	2	U-02	aegypti	Ae. aegypti
A0A1S4FQU3	1	U-01	aegypti	Ae. aegypti
A0A1S4FQV0	2	U-02	aegypti	Ae. aegypti
A0A1S4FQW8	1	U-01	aegypti	Ae. aegypti
A0A1S4FQY1	1	U-01	aegypti	Ae. aegypti
A0A1S4FQY8	0	unassigned	aegypti	Ae. aegypti
A0A1S4FQY9	0	unassigned	aegypti	Ae. aegypti
A0A1S4FQZ1	1	U-01	aegypti	Ae. aegypti
A0A1S4FQZ3	0	unassigned	aegypti	Ae. aegypti
A0A1S4FQZ9	0	unassigned	aegypti	Ae. aegypti
A0A1S4FR04	0	unassigned	aegypti	Ae. aegypti
A0A1S4FW39	2	U-02	aegypti	Ae. aegypti
A0A1S4FW41	1	U-01	aegypti	Ae. aegypti
A0A1S4FW49	1	U-01	aegypti	Ae. aegypti
A0A1S4FW61	1	U-01	aegypti	Ae. aegypti
A0A1S4FW64	1	U-01	aegypti	Ae. aegypti
A0A1S4FW67	2	U-02	aegypti	Ae. aegypti
A0A1S4FW73	2	U-02	aegypti	Ae. aegypti
A0A1S4FW76	1	U-01	aegypti	Ae. aegypti
A0A1S4FW87	1	U-01	aegypti	Ae. aegypti
A0A1S4FW90	1	U-01	aegypti	Ae. aegypti
A0A1S4FW99	1	U-01	aegypti	Ae. aegypti
A0A1S4FWA1	1	U-01	aegypti	Ae. aegypti
A0A1S4FWA2	1	U-01	aegypti	Ae. aegypti
A0A1S4FWB6	0	unassigned	aegypti	Ae. aegypti
A0A1S4FWC0	1	U-01	aegypti	Ae. aegypti
A0A1S4FWC1	1	U-01	aegypti	Ae. aegypti
A0A1S4FWC2	2	U-02	aegypti	Ae. aegypti
A0A1S4FWC3	1	U-01	aegypti	Ae. aegypti
A0A1S4FWD1	2	U-02	aegypti	Ae. aegypti
A0A1S4FWD6	0	unassigned	aegypti	Ae. aegypti
A0A1S4FWF1	2	U-02	aegypti	Ae. aegypti
A0A1S4FWF4	0	unassigned	aegypti	Ae. aegypti
A0A1S4FWF6	2	U-02	aegypti	Ae. aegypti
A0A1S4FWG2	1	U-01	aegypti	Ae. aegypti
A0A1S4FWG8	1	U-01	aegypti	Ae. aegypti
A0A1S4FWH7	2	U-02	aegypti	Ae. aegypti
A0A1S4FWJ3	1	U-01	aegypti	Ae. aegypti
A0A1S4FWJ4	2	U-02	aegypti	Ae. aegypti
A0A1S4FWK0	2	U-02	aegypti	Ae. aegypti
A0A1S4FWK4	1	U-01	aegypti	Ae. aegypti
A0A1S4FWK5	2	U-02	aegypti	Ae. aegypti
A0A1S4FWK8	1	U-01	aegypti	Ae. aegypti
A0A1S4FWK9	2	U-02	aegypti	Ae. aegypti
A0A1S4FWM6	1	U-01	aegypti	Ae. aegypti
A0A1S4FWM9	1	U-01	aegypti	Ae. aegypti
A0A1S4FWP2	2	U-02	aegypti	Ae. aegypti
A0A1S4FWP8	2	U-02	aegypti	Ae. aegypti
A0A1S4FWQ4	1	U-01	aegypti	Ae. aegypti
A0A1S4FWQ6	1	U-01	aegypti	Ae. aegypti
A0A1S4FWR9	1	U-01	aegypti	Ae. aegypti
A0A1S4FWS3	1	U-01	aegypti	Ae. aegypti
A0A1S4FWT0	1	U-01	aegypti	Ae. aegypti
A0A1S4FWT6	1	U-01	aegypti	Ae. aegypti
A0A1S4FWU5	2	U-02	aegypti	Ae. aegypti
A0A1S4FWV0	1	U-01	aegypti	Ae. aegypti
A0A1S4FWV3	1	U-01	aegypti	Ae. aegypti
A0A1S4FWV4	2	U-02	aegypti	Ae. aegypti
A0A1S4FWX6	1	U-01	aegypti	Ae. aegypti
A0A1S4FWX8	2	U-02	aegypti	Ae. aegypti
A0A1S4FWY8	1	U-01	aegypti	Ae. aegypti
A0A1S4FWZ2	1	U-01	aegypti	Ae. aegypti
A0A1S4FX02	2	U-02	aegypti	Ae. aegypti
A0A1S4FX26	2	U-02	aegypti	Ae. aegypti
A0A1S4FX28	1	U-01	aegypti	Ae. aegypti
A0A1S4FX30	2	U-02	aegypti	Ae. aegypti
A0A1S4FX36	1	U-01	aegypti	Ae. aegypti
A0A1S4FX39	2	U-02	aegypti	Ae. aegypti
A0A1S4FX40	2	U-02	aegypti	Ae. aegypti
A0A1S4FX43	2	U-02	aegypti	Ae. aegypti
A0A1S4FX62	1	U-01	aegypti	Ae. aegypti
A0A1S4FX66	0	unassigned	aegypti	Ae. aegypti
A0A1S4FX72	1	U-01	aegypti	Ae. aegypti
A0A1S4FX74	1	U-01	aegypti	Ae. aegypti
A0A1S4FX83	2	U-02	aegypti	Ae. aegypti
A0A1S4FX85	2	U-02	aegypti	Ae. aegypti
A0A1S4FX89	1	U-01	aegypti	Ae. aegypti
A0A1S4FX93	1	U-01	aegypti	Ae. aegypti
A0A1S4FX94	1	U-01	aegypti	Ae. aegypti
A0A1S4FXB6	1	U-01	aegypti	Ae. aegypti
A0A1S4FXB9	0	unassigned	aegypti	Ae. aegypti
A0A1S4FXC1	1	U-01	aegypti	Ae. aegypti
A0A1S4FXD6	1	U-01	aegypti	Ae. aegypti
A0A1S4FXD7	1	U-01	aegypti	Ae. aegypti
A0A1S4FXD8	1	U-01	aegypti	Ae. aegypti
A0A1S4FXE2	1	U-01	aegypti	Ae. aegypti
A0A1S4FXE5	1	U-01	aegypti	Ae. aegypti
A0A1S4FXE6	1	U-01	aegypti	Ae. aegypti
A0A1S4FXF6	0	unassigned	aegypti	Ae. aegypti
A0A1S4FXG2	1	U-01	aegypti	Ae. aegypti
A0A1S4FXG9	0	unassigned	aegypti	Ae. aegypti
A0A1S4FXJ7	1	U-01	aegypti	Ae. aegypti
A0A1S4FXL3	2	U-02	aegypti	Ae. aegypti
A0A1S4FXL7	1	U-01	aegypti	Ae. aegypti
A0A1S4FXM5	1	U-01	aegypti	Ae. aegypti
A0A1S4FXN3	2	U-02	aegypti	Ae. aegypti
A0A1S4FXN6	1	U-01	aegypti	Ae. aegypti
A0A1S4FXP0	1	U-01	aegypti	Ae. aegypti
A0A1S4FXP3	2	U-02	aegypti	Ae. aegypti
A0A1S4FXQ0	1	U-01	aegypti	Ae. aegypti
A0A1S4FXQ2	1	U-01	aegypti	Ae. aegypti
A0A1S4FXS6	2	U-02	aegypti	Ae. aegypti
A0A1S4FXV9	2	U-02	aegypti	Ae. aegypti
A0A1S4FXW2	1	U-01	aegypti	Ae. aegypti
A0A1S4FXX5	0	unassigned	aegypti	Ae. aegypti
A0A1S4FXY4	1	U-01	aegypti	Ae. aegypti
A0A1S4FXZ0	0	unassigned	aegypti	Ae. aegypti
A0A1S4FY19	1	U-01	aegypti	Ae. aegypti
A0A1S4FY56	1	U-01	aegypti	Ae. aegypti
A0A1S4FY59	1	U-01	aegypti	Ae. aegypti
A0A1S4FY71	1	U-01	aegypti	Ae. aegypti
A0A1S4FY72	2	U-02	aegypti	Ae. aegypti
A0A1S4FY88	1	U-01	aegypti	Ae. aegypti
A0A1S4FY92	1	U-01	aegypti	Ae. aegypti
A0A1S4FY99	1	U-01	aegypti	Ae. aegypti
A0A1S4FYA5	1	U-01	aegypti	Ae. aegypti
A0A1S4FYA7	1	U-01	aegypti	Ae. aegypti
A0A1S4FYA9	1	U-01	aegypti	Ae. aegypti
A0A1S4FYB9	1	U-01	aegypti	Ae. aegypti
A0A1S4FYC9	2	U-02	aegypti	Ae. aegypti
A0A1S4FYD1	1	U-01	aegypti	Ae. aegypti
A0A1S4FYD2	2	U-02	aegypti	Ae. aegypti
A0A1S4FYE0	2	U-02	aegypti	Ae. aegypti
A0A1S4FYE2	2	U-02	aegypti	Ae. aegypti
A0A1S4FYF4	1	U-01	aegypti	Ae. aegypti
A0A1S4FYG8	1	U-01	aegypti	Ae. aegypti
A0A1S4FYI9	1	U-01	aegypti	Ae. aegypti
A0A1S4FYK9	1	U-01	aegypti	Ae. aegypti
A0A1S4FYM2	1	U-01	aegypti	Ae. aegypti
A0A1S4FYP1	0	unassigned	aegypti	Ae. aegypti
A0A1S4FYP2	2	U-02	aegypti	Ae. aegypti
A0A1S4FYP4	0	unassigned	aegypti	Ae. aegypti
A0A1S4FYQ1	2	U-02	aegypti	Ae. aegypti
A0A1S4FYQ3	1	U-01	aegypti	Ae. aegypti
A0A1S4FYR7	1	U-01	aegypti	Ae. aegypti
A0A1S4FYR8	1	U-01	aegypti	Ae. aegypti
A0A1S4FYS1	1	U-01	aegypti	Ae. aegypti
A0A1S4FYS9	1	U-01	aegypti	Ae. aegypti
A0A1S4FYT2	1	U-01	aegypti	Ae. aegypti
A0A1S4FYU2	1	U-01	aegypti	Ae. aegypti
A0A1S4FYY2	1	U-01	aegypti	Ae. aegypti
A0A1S4FYY6	1	U-01	aegypti	Ae. aegypti
A0A1S4FYZ3	1	U-01	aegypti	Ae. aegypti
A0A1S4FYZ8	2	U-02	aegypti	Ae. aegypti
A0A1S4FYZ9	1	U-01	aegypti	Ae. aegypti
A0A1S4FZ01	2	U-02	aegypti	Ae. aegypti
A0A1S4FZ06	2	U-02	aegypti	Ae. aegypti
A0A1S4FZ09	1	U-01	aegypti	Ae. aegypti
A0A1S4FZ11	0	unassigned	aegypti	Ae. aegypti
A0A1S4FZ13	2	U-02	aegypti	Ae. aegypti
A0A1S4FZ17	2	U-02	aegypti	Ae. aegypti
A0A1S4FZ34	2	U-02	aegypti	Ae. aegypti
A0A1S4FZ38	1	U-01	aegypti	Ae. aegypti
A0A1S4FZ41	1	U-01	aegypti	Ae. aegypti
A0A1S4FZ50	1	U-01	aegypti	Ae. aegypti
A0A1S4FZ55	1	U-01	aegypti	Ae. aegypti
A0A1S4FZ64	2	U-02	aegypti	Ae. aegypti
A0A1S4FZ65	1	U-01	aegypti	Ae. aegypti
A0A1S4FZ78	1	U-01	aegypti	Ae. aegypti
A0A1S4FZ80	0	unassigned	aegypti	Ae. aegypti
A0A1S4FZ85	0	unassigned	aegypti	Ae. aegypti
A0A1S4FZ87	0	unassigned	aegypti	Ae. aegypti
A0A1S4FZ89	0	unassigned	aegypti	Ae. aegypti
A0A1S4FZB3	0	unassigned	aegypti	Ae. aegypti
A0A1S4FZB7	0	unassigned	aegypti	Ae. aegypti
A0A1S4FZC4	0	unassigned	aegypti	Ae. aegypti
A0A1S4FZC8	1	U-01	aegypti	Ae. aegypti
A0A1S4FZE2	0	unassigned	aegypti	Ae. aegypti
A0A1S4FZF3	1	U-01	aegypti	Ae. aegypti
A0A1S4FZG7	0	unassigned	aegypti	Ae. aegypti
A0A1S4FZG9	1	U-01	aegypti	Ae. aegypti
A0A1S4FZH1	2	U-02	aegypti	Ae. aegypti
A0A1S4FZH7	1	U-01	aegypti	Ae. aegypti
A0A1S4FZI2	1	U-01	aegypti	Ae. aegypti
A0A1S4FZI7	1	U-01	aegypti	Ae. aegypti
A0A1S4FZI9	2	U-02	aegypti	Ae. aegypti
A0A1S4FZJ3	0	unassigned	aegypti	Ae. aegypti
A0A1S4FZL4	1	U-01	aegypti	Ae. aegypti
A0A1S4FZL8	1	U-01	aegypti	Ae. aegypti
A0A1S4FZM3	1	U-01	aegypti	Ae. aegypti
A0A1S4FZN6	2	U-02	aegypti	Ae. aegypti
A0A1S4FZQ1	2	U-02	aegypti	Ae. aegypti
A0A1S4FZR7	0	unassigned	aegypti	Ae. aegypti
A0A1S4FZS2	0	unassigned	aegypti	Ae. aegypti
A0A1S4FZS7	0	unassigned	aegypti	Ae. aegypti
A0A1S4FZU8	1	U-01	aegypti	Ae. aegypti
A0A1S4FZU9	1	U-01	aegypti	Ae. aegypti
A0A1S4FZV2	1	U-01	aegypti	Ae. aegypti
A0A1S4FZW7	0	unassigned	aegypti	Ae. aegypti
A0A1S4FZX0	1	U-01	aegypti	Ae. aegypti
A0A1S4FZY0	0	unassigned	aegypti	Ae. aegypti
A0A1S4G001	1	U-01	aegypti	Ae. aegypti
A0A1S4G019	2	U-02	aegypti	Ae. aegypti
A0A1S4G026	1	U-01	aegypti	Ae. aegypti
A0A1S4G031	1	U-01	aegypti	Ae. aegypti
A0A1S4G041	1	U-01	aegypti	Ae. aegypti
A0A1S4G069	1	U-01	aegypti	Ae. aegypti
A0A1S4G074	1	U-01	aegypti	Ae. aegypti
A0A1S4G078	2	U-02	aegypti	Ae. aegypti
A0A1S4G091	2	U-02	aegypti	Ae. aegypti
A0A1S4G0A0	2	U-02	aegypti	Ae. aegypti
A0A1S4G0A5	1	U-01	aegypti	Ae. aegypti
A0A1S4G0A6	1	U-01	aegypti	Ae. aegypti
A0A1S4G0B0	2	U-02	aegypti	Ae. aegypti
A0A1S4G0D1	1	U-01	aegypti	Ae. aegypti
A0A1S4G0D8	1	U-01	aegypti	Ae. aegypti
A0A1S4G0E1	1	U-01	aegypti	Ae. aegypti
A0A1S4G0E3	1	U-01	aegypti	Ae. aegypti
A0A1S4G0E9	1	U-01	aegypti	Ae. aegypti
A0A1S4G0H4	0	unassigned	aegypti	Ae. aegypti
A0A1S4G0L1	2	U-02	aegypti	Ae. aegypti
A0A6I8TE17	1	U-01	aegypti	Ae. aegypti
A0A6I8TE20	1	U-01	aegypti	Ae. aegypti
A0A6I8TE22	2	U-02	aegypti	Ae. aegypti
A0A6I8TE23	1	U-01	aegypti	Ae. aegypti
A0A6I8TE28	1	U-01	aegypti	Ae. aegypti
A0A6I8TE33	2	U-02	aegypti	Ae. aegypti
A0A6I8TE38	2	U-02	aegypti	Ae. aegypti
A0A6I8TE39	1	U-01	aegypti	Ae. aegypti
A0A6I8TE41	2	U-02	aegypti	Ae. aegypti
A0A6I8TE46	1	U-01	aegypti	Ae. aegypti
A0A6I8TE47	1	U-01	aegypti	Ae. aegypti
A0A6I8TE55	1	U-01	aegypti	Ae. aegypti
A0A6I8TE61	1	U-01	aegypti	Ae. aegypti
A0A6I8TE64	1	U-01	aegypti	Ae. aegypti
A0A6I8TE67	1	U-01	aegypti	Ae. aegypti
A0A6I8TE69	2	U-02	aegypti	Ae. aegypti
A0A6I8TE72	1	U-01	aegypti	Ae. aegypti
A0A6I8TE78	2	U-02	aegypti	Ae. aegypti
A0A6I8TE80	1	U-01	aegypti	Ae. aegypti
A0A6I8TE85	1	U-01	aegypti	Ae. aegypti
A0A6I8TE87	0	unassigned	aegypti	Ae. aegypti
A0A6I8TE88	1	U-01	aegypti	Ae. aegypti
A0A6I8TE93	1	U-01	aegypti	Ae. aegypti
A0A6I8TE95	1	U-01	aegypti	Ae. aegypti
A0A6I8TEA3	1	U-01	aegypti	Ae. aegypti
A0A6I8TEA6	1	U-01	aegypti	Ae. aegypti
A0A6I8TEA7	0	unassigned	aegypti	Ae. aegypti
A0A6I8TEC2	1	U-01	aegypti	Ae. aegypti
A0A6I8TEC4	1	U-01	aegypti	Ae. aegypti
A0A6I8TEC6	1	U-01	aegypti	Ae. aegypti
A0A6I8TEC8	1	U-01	aegypti	Ae. aegypti
A0A6I8TED3	1	U-01	aegypti	Ae. aegypti
A0A6I8TED4	1	U-01	aegypti	Ae. aegypti
A0A6I8TED7	2	U-02	aegypti	Ae. aegypti
A0A6I8TEE0	2	U-02	aegypti	Ae. aegypti
A0A6I8TEE1	1	U-01	aegypti	Ae. aegypti
A0A6I8TEE3	1	U-01	aegypti	Ae. aegypti
A0A6I8TEE9	1	U-01	aegypti	Ae. aegypti
A0A6I8TEF2	1	U-01	aegypti	Ae. aegypti
A0A6I8TEF7	1	U-01	aegypti	Ae. aegypti
A0A6I8TEG1	1	U-01	aegypti	Ae. aegypti
A0A6I8TEG4	1	U-01	aegypti	Ae. aegypti
A0A6I8TEG9	1	U-01	aegypti	Ae. aegypti
A0A6I8TEH1	1	U-01	aegypti	Ae. aegypti
A0A6I8TEH3	1	U-01	aegypti	Ae. aegypti
A0A6I8TEH6	1	U-01	aegypti	Ae. aegypti
A0A6I8TEI2	1	U-01	aegypti	Ae. aegypti
A0A6I8TEI4	1	U-01	aegypti	Ae. aegypti
A0A6I8TEI7	1	U-01	aegypti	Ae. aegypti
A0A6I8TEJ1	1	U-01	aegypti	Ae. aegypti
A0A6I8TEJ2	1	U-01	aegypti	Ae. aegypti
A0A6I8TEJ6	1	U-01	aegypti	Ae. aegypti
A0A6I8TEJ7	1	U-01	aegypti	Ae. aegypti
A0A6I8TEK4	1	U-01	aegypti	Ae. aegypti
A0A6I8TEK5	1	U-01	aegypti	Ae. aegypti
A0A6I8TEK6	1	U-01	aegypti	Ae. aegypti
A0A6I8TEK7	1	U-01	aegypti	Ae. aegypti
A0A6I8TEL8	1	U-01	aegypti	Ae. aegypti
A0A6I8TEL9	2	U-02	aegypti	Ae. aegypti
A0A6I8TEM5	0	unassigned	aegypti	Ae. aegypti
A0A6I8TEP0	1	U-01	aegypti	Ae. aegypti
A0A6I8TEP1	2	U-02	aegypti	Ae. aegypti
A0A6I8TEP2	1	U-01	aegypti	Ae. aegypti
A0A6I8TEP6	1	U-01	aegypti	Ae. aegypti
A0A6I8TEQ0	2	U-02	aegypti	Ae. aegypti
A0A6I8TEQ1	1	U-01	aegypti	Ae. aegypti
A0A6I8TEQ2	0	unassigned	aegypti	Ae. aegypti
A0A6I8TER1	1	U-01	aegypti	Ae. aegypti
A0A6I8TER2	0	unassigned	aegypti	Ae. aegypti
A0A6I8TER5	0	unassigned	aegypti	Ae. aegypti
A0A6I8TER7	1	U-01	aegypti	Ae. aegypti
A0A6I8TER8	0	unassigned	aegypti	Ae. aegypti
A0A6I8TET0	2	U-02	aegypti	Ae. aegypti
A0A6I8TET2	2	U-02	aegypti	Ae. aegypti
A0A6I8TET7	1	U-01	aegypti	Ae. aegypti
A0A6I8TET8	1	U-01	aegypti	Ae. aegypti
A0A6I8TEU3	1	U-01	aegypti	Ae. aegypti
A0A6I8TEU4	1	U-01	aegypti	Ae. aegypti
A0A6I8TEU9	0	unassigned	aegypti	Ae. aegypti
A0A6I8TEV3	1	U-01	aegypti	Ae. aegypti
A0A6I8TEV6	1	U-01	aegypti	Ae. aegypti
A0A6I8TEV7	2	U-02	aegypti	Ae. aegypti
A0A6I8TEW8	1	U-01	aegypti	Ae. aegypti
A0A6I8TEX2	0	unassigned	aegypti	Ae. aegypti
A0A6I8TEX8	1	U-01	aegypti	Ae. aegypti
A0A6I8TEY0	1	U-01	aegypti	Ae. aegypti
A0A6I8TN54	2	U-02	aegypti	Ae. aegypti
A0A6I8TN55	0	unassigned	aegypti	Ae. aegypti
A0A6I8TN60	1	U-01	aegypti	Ae. aegypti
A0A6I8TN61	2	U-02	aegypti	Ae. aegypti
A0A6I8TN62	1	U-01	aegypti	Ae. aegypti
A0A6I8TN66	1	U-01	aegypti	Ae. aegypti
A0A6I8TN71	2	U-02	aegypti	Ae. aegypti
A0A6I8TN81	1	U-01	aegypti	Ae. aegypti
A0A6I8TN82	1	U-01	aegypti	Ae. aegypti
A0A6I8TN84	2	U-02	aegypti	Ae. aegypti
A0A6I8TN85	1	U-01	aegypti	Ae. aegypti
A0A6I8TN86	1	U-01	aegypti	Ae. aegypti
A0A6I8TN87	1	U-01	aegypti	Ae. aegypti
A0A6I8TN88	2	U-02	aegypti	Ae. aegypti
A0A6I8TJF0	1	U-01	aegypti	Ae. aegypti
A0A6I8TJF1	2	U-02	aegypti	Ae. aegypti
A0A6I8TJF3	1	U-01	aegypti	Ae. aegypti
A0A6I8TJF4	1	U-01	aegypti	Ae. aegypti
A0A6I8TJF6	1	U-01	aegypti	Ae. aegypti
A0A6I8TJF9	1	U-01	aegypti	Ae. aegypti
A0A6I8TJG1	1	U-01	aegypti	Ae. aegypti
A0A6I8TJG3	1	U-01	aegypti	Ae. aegypti
A0A6I8TJH1	1	U-01	aegypti	Ae. aegypti
A0A6I8TJH3	1	U-01	aegypti	Ae. aegypti
A0A6I8TJH4	2	U-02	aegypti	Ae. aegypti
A0A6I8TJH6	1	U-01	aegypti	Ae. aegypti
A0A6I8TJH7	1	U-01	aegypti	Ae. aegypti
A0A6I8TJI2	1	U-01	aegypti	Ae. aegypti
A0A6I8TJI4	1	U-01	aegypti	Ae. aegypti
A0A6I8TJI6	2	U-02	aegypti	Ae. aegypti
A0A6I8TJI7	1	U-01	aegypti	Ae. aegypti
A0A6I8TJJ1	1	U-01	aegypti	Ae. aegypti
A0A6I8TJJ3	1	U-01	aegypti	Ae. aegypti
A0A6I8TJJ9	1	U-01	aegypti	Ae. aegypti
A0A6I8TT98	1	U-01	aegypti	Ae. aegypti
A0A6I8TTA9	1	U-01	aegypti	Ae. aegypti
A0A6I8TTB0	1	U-01	aegypti	Ae. aegypti
A0A6I8TTB5	1	U-01	aegypti	Ae. aegypti
A0A6I8TTB7	1	U-01	aegypti	Ae. aegypti
A0A6I8TTB9	0	unassigned	aegypti	Ae. aegypti
A0A6I8TTC0	1	U-01	aegypti	Ae. aegypti
A0A6I8TTC1	1	U-01	aegypti	Ae. aegypti
A0A6I8TTC2	1	U-01	aegypti	Ae. aegypti
A0A6I8TTC4	1	U-01	aegypti	Ae. aegypti
A0A6I8TTC6	1	U-01	aegypti	Ae. aegypti
A0A6I8TTC9	1	U-01	aegypti	Ae. aegypti
A0A6I8TTD8	1	U-01	aegypti	Ae. aegypti
A0A6I8TTE0	1	U-01	aegypti	Ae. aegypti
A0A6I8TTE3	1	U-01	aegypti	Ae. aegypti
A0A6I8TTE6	1	U-01	aegypti	Ae. aegypti
A0A6I8TTE8	1	U-01	aegypti	Ae. aegypti
A0A6I8TTF0	0	unassigned	aegypti	Ae. aegypti
A0A6I8TTF2	2	U-02	aegypti	Ae. aegypti
A0A6I8TTF6	0	unassigned	aegypti	Ae. aegypti
A0A6I8TTG6	1	U-01	aegypti	Ae. aegypti
A0A6I8TTG7	2	U-02	aegypti	Ae. aegypti
A0A6I8TTG8	1	U-01	aegypti	Ae. aegypti
A0A6I8TTH0	1	U-01	aegypti	Ae. aegypti
A0A6I8TTH4	0	unassigned	aegypti	Ae. aegypti
A0A6I8TTH6	1	U-01	aegypti	Ae. aegypti
A0A6I8TTI0	1	U-01	aegypti	Ae. aegypti
A0A6I8TTI1	1	U-01	aegypti	Ae. aegypti
A0A6I8TTI6	1	U-01	aegypti	Ae. aegypti
A0A6I8TTI9	1	U-01	aegypti	Ae. aegypti
A0A6I8TTJ2	1	U-01	aegypti	Ae. aegypti
A0A6I8TTJ4	1	U-01	aegypti	Ae. aegypti
A0A6I8TTJ9	1	U-01	aegypti	Ae. aegypti
A0A6I8TTK2	1	U-01	aegypti	Ae. aegypti
A0A6I8TTK5	1	U-01	aegypti	Ae. aegypti
A0A6I8TTK8	1	U-01	aegypti	Ae. aegypti
A0A6I8TTL0	1	U-01	aegypti	Ae. aegypti
A0A6I8TTL1	1	U-01	aegypti	Ae. aegypti
A0A6I8TTL8	1	U-01	aegypti	Ae. aegypti
A0A6I8TTM5	1	U-01	aegypti	Ae. aegypti
A0A6I8TTM8	1	U-01	aegypti	Ae. aegypti
A0A6I8TTN1	1	U-01	aegypti	Ae. aegypti
A0A6I8TTN7	2	U-02	aegypti	Ae. aegypti
A0A6I8TTN8	1	U-01	aegypti	Ae. aegypti
A0A6I8TTP4	2	U-02	aegypti	Ae. aegypti
A0A6I8TTP6	0	unassigned	aegypti	Ae. aegypti
A0A6I8TTQ0	2	U-02	aegypti	Ae. aegypti
A0A6I8TTQ1	0	unassigned	aegypti	Ae. aegypti
A0A6I8TTQ2	1	U-01	aegypti	Ae. aegypti
A0A6I8TTR1	1	U-01	aegypti	Ae. aegypti
A0A6I8TTR6	2	U-02	aegypti	Ae. aegypti
A0A6I8TTR8	1	U-01	aegypti	Ae. aegypti
A0A6I8TTR9	2	U-02	aegypti	Ae. aegypti
A0A6I8TTS0	2	U-02	aegypti	Ae. aegypti
A0A6I8TTS2	1	U-01	aegypti	Ae. aegypti
A0A6I8TTS5	1	U-01	aegypti	Ae. aegypti
A0A6I8TTS8	1	U-01	aegypti	Ae. aegypti
A0A6I8TTT7	1	U-01	aegypti	Ae. aegypti
A0A6I8TTU0	1	U-01	aegypti	Ae. aegypti
A0A6I8TTV3	1	U-01	aegypti	Ae. aegypti
A0A6I8TTW2	2	U-02	aegypti	Ae. aegypti
A0A6I8TTW3	1	U-01	aegypti	Ae. aegypti
A0A6I8TTX0	2	U-02	aegypti	Ae. aegypti
A0A6I8TTX6	1	U-01	aegypti	Ae. aegypti
A0A6I8TTY5	1	U-01	aegypti	Ae. aegypti
A0A6I8TTY9	0	unassigned	aegypti	Ae. aegypti
A0A6I8TTZ2	1	U-01	aegypti	Ae. aegypti
A0A6I8TTZ4	0	unassigned	aegypti	Ae. aegypti
A0A6I8TTZ5	1	U-01	aegypti	Ae. aegypti
A0A6I8TTZ6	1	U-01	aegypti	Ae. aegypti
A0A6I8TU02	1	U-01	aegypti	Ae. aegypti
A0A6I8TU03	1	U-01	aegypti	Ae. aegypti
A0A6I8TU04	0	unassigned	aegypti	Ae. aegypti
A0A6I8TU10	0	unassigned	aegypti	Ae. aegypti
A0A6I8TU14	0	unassigned	aegypti	Ae. aegypti
A0A6I8TU24	2	U-02	aegypti	Ae. aegypti
A0A6I8TU25	1	U-01	aegypti	Ae. aegypti
A0A6I8TU26	0	unassigned	aegypti	Ae. aegypti
A0A6I8TU31	0	unassigned	aegypti	Ae. aegypti
A0A6I8TU37	2	U-02	aegypti	Ae. aegypti
A0A6I8TYU6	1	U-01	aegypti	Ae. aegypti
A0A6I8TYU7	1	U-01	aegypti	Ae. aegypti
A0A6I8TYV6	1	U-01	aegypti	Ae. aegypti
A0A6I8TYV7	1	U-01	aegypti	Ae. aegypti
A0A6I8TYW0	2	U-02	aegypti	Ae. aegypti
A0A6I8TYW1	1	U-01	aegypti	Ae. aegypti
A0A6I8TYW3	1	U-01	aegypti	Ae. aegypti
A0A6I8TYW5	1	U-01	aegypti	Ae. aegypti
A0A6I8TYW7	1	U-01	aegypti	Ae. aegypti
A0A6I8TYW9	0	unassigned	aegypti	Ae. aegypti
A0A6I8TYX0	1	U-01	aegypti	Ae. aegypti
A0A6I8TYX7	1	U-01	aegypti	Ae. aegypti
A0A6I8TYY0	1	U-01	aegypti	Ae. aegypti
A0A6I8TYY1	0	unassigned	aegypti	Ae. aegypti
A0A6I8TYY2	1	U-01	aegypti	Ae. aegypti
A0A6I8TYY4	1	U-01	aegypti	Ae. aegypti
A0A6I8TYZ0	2	U-02	aegypti	Ae. aegypti
A0A6I8TYZ1	1	U-01	aegypti	Ae. aegypti
A0A6I8TYZ5	1	U-01	aegypti	Ae. aegypti
A0A6I8TZ04	1	U-01	aegypti	Ae. aegypti
A0A6I8TZ05	1	U-01	aegypti	Ae. aegypti
A0A6I8TZ12	1	U-01	aegypti	Ae. aegypti
A0A6I8TZ23	1	U-01	aegypti	Ae. aegypti
A0A6I8TZ25	1	U-01	aegypti	Ae. aegypti
A0A6I8TZ27	2	U-02	aegypti	Ae. aegypti
A0A6I8TZ30	2	U-02	aegypti	Ae. aegypti
A0A6I8TZ32	1	U-01	aegypti	Ae. aegypti
A0A6I8TZ33	0	unassigned	aegypti	Ae. aegypti
A0A6I8TZ36	1	U-01	aegypti	Ae. aegypti
A0A6I8TZ37	1	U-01	aegypti	Ae. aegypti
A0A6I8TZ45	1	U-01	aegypti	Ae. aegypti
A0A6I8TZ46	1	U-01	aegypti	Ae. aegypti
A0A6I8TZ48	1	U-01	aegypti	Ae. aegypti
A0A6I8TZ53	2	U-02	aegypti	Ae. aegypti
A0A6I8TZ59	1	U-01	aegypti	Ae. aegypti
A0A6I8TZ64	1	U-01	aegypti	Ae. aegypti
A0A6I8TZ66	1	U-01	aegypti	Ae. aegypti
A0A6I8TZ68	0	unassigned	aegypti	Ae. aegypti
A0A6I8TZ70	1	U-01	aegypti	Ae. aegypti
A0A6I8TZ72	1	U-01	aegypti	Ae. aegypti
A0A6I8TZ75	1	U-01	aegypti	Ae. aegypti
A0A6I8TZ76	0	unassigned	aegypti	Ae. aegypti
A0A6I8TZ81	1	U-01	aegypti	Ae. aegypti
A0A6I8TZ82	1	U-01	aegypti	Ae. aegypti
A0A6I8TZ84	2	U-02	aegypti	Ae. aegypti
A0A6I8TZ89	2	U-02	aegypti	Ae. aegypti
A0A6I8TZ91	1	U-01	aegypti	Ae. aegypti
A0A6I8TZ97	1	U-01	aegypti	Ae. aegypti
A0A6I8TZ99	2	U-02	aegypti	Ae. aegypti
A0A6I8TZA2	2	U-02	aegypti	Ae. aegypti
A0A6I8TZA4	1	U-01	aegypti	Ae. aegypti
A0A6I8TZA8	1	U-01	aegypti	Ae. aegypti
A0A6I8TZB1	2	U-02	aegypti	Ae. aegypti
A0A6I8TZB6	1	U-01	aegypti	Ae. aegypti
A0A6I8TZC2	2	U-02	aegypti	Ae. aegypti
A0A6I8TZC3	1	U-01	aegypti	Ae. aegypti
A0A6I8TZC7	2	U-02	aegypti	Ae. aegypti
A0A6I8TZC9	1	U-01	aegypti	Ae. aegypti
A0A6I8TZD2	1	U-01	aegypti	Ae. aegypti
A0A6I8TZD5	1	U-01	aegypti	Ae. aegypti
A0A6I8TZD8	2	U-02	aegypti	Ae. aegypti
A0A6I8TZE4	1	U-01	aegypti	Ae. aegypti
A0A6I8TZE6	1	U-01	aegypti	Ae. aegypti
A0A6I8TZF5	1	U-01	aegypti	Ae. aegypti
A0A6I8TZF6	0	unassigned	aegypti	Ae. aegypti
A0A6I8TZF8	2	U-02	aegypti	Ae. aegypti
A0A6I8TZF9	0	unassigned	aegypti	Ae. aegypti
A0A6I8TZG0	1	U-01	aegypti	Ae. aegypti
A0A6I8TZG2	0	unassigned	aegypti	Ae. aegypti
A0A6I8TZG5	0	unassigned	aegypti	Ae. aegypti
A0A6I8TZG6	1	U-01	aegypti	Ae. aegypti
A0A6I8TZG9	1	U-01	aegypti	Ae. aegypti
A0A6I8TZH0	1	U-01	aegypti	Ae. aegypti
A0A6I8TZH1	2	U-02	aegypti	Ae. aegypti
A0A6I8TZH2	1	U-01	aegypti	Ae. aegypti
A0A6I8TZH5	1	U-01	aegypti	Ae. aegypti
A0A6I8TZH8	2	U-02	aegypti	Ae. aegypti
A0A6I8TZH9	1	U-01	aegypti	Ae. aegypti
A0A6I8TZI2	1	U-01	aegypti	Ae. aegypti
A0A6I8TZI3	1	U-01	aegypti	Ae. aegypti
A0A6I8TZI5	0	unassigned	aegypti	Ae. aegypti
A0A6I8TZI6	1	U-01	aegypti	Ae. aegypti
A0A6I8TZI7	1	U-01	aegypti	Ae. aegypti
A0A6I8TZI8	1	U-01	aegypti	Ae. aegypti
A0A6I8TZI9	0	unassigned	aegypti	Ae. aegypti
A0A6I8TZJ1	2	U-02	aegypti	Ae. aegypti
A0A6I8TZJ4	0	unassigned	aegypti	Ae. aegypti
A0A6I8TZJ7	1	U-01	aegypti	Ae. aegypti
A0A6I8TZJ9	0	unassigned	aegypti	Ae. aegypti
A0A6I8TZK3	1	U-01	aegypti	Ae. aegypti
A0A6I8TZK5	1	U-01	aegypti	Ae. aegypti
A0A6I8TZK7	2	U-02	aegypti	Ae. aegypti
A0A6I8TZK8	1	U-01	aegypti	Ae. aegypti
A0A6I8TZK9	1	U-01	aegypti	Ae. aegypti
A0A6I8TZL0	2	U-02	aegypti	Ae. aegypti
A0A6I8TZL1	2	U-02	aegypti	Ae. aegypti
A0A6I8TZL3	1	U-01	aegypti	Ae. aegypti
A0A6I8TZL4	1	U-01	aegypti	Ae. aegypti
A0A6I8TZL6	2	U-02	aegypti	Ae. aegypti
A0A6I8TZL9	1	U-01	aegypti	Ae. aegypti
Q16N26	1	U-01	aegypti	Ae. aegypti
Q16N39	1	U-01	aegypti	Ae. aegypti
Q16N41	1	U-01	aegypti	Ae. aegypti
Q16N59	1	U-01	aegypti	Ae. aegypti
Q16N61	1	U-01	aegypti	Ae. aegypti
Q16N62	1	U-01	aegypti	Ae. aegypti
Q16NA4	1	U-01	aegypti	Ae. aegypti
Q16NA5	0	unassigned	aegypti	Ae. aegypti
Q16NA6	1	U-01	aegypti	Ae. aegypti
Q16NB0	1	U-01	aegypti	Ae. aegypti
Q16NC2	1	U-01	aegypti	Ae. aegypti
Q16NC7	1	U-01	aegypti	Ae. aegypti
Q16NE8	2	U-02	aegypti	Ae. aegypti
Q16NF4	1	U-01	aegypti	Ae. aegypti
Q16NF7	1	U-01	aegypti	Ae. aegypti
Q16NG9	1	U-01	aegypti	Ae. aegypti
Q16NH0	1	U-01	aegypti	Ae. aegypti
Q16NH3	1	U-01	aegypti	Ae. aegypti
Q16NH7	1	U-01	aegypti	Ae. aegypti
Q16NI0	1	U-01	aegypti	Ae. aegypti
Q16NI1	2	U-02	aegypti	Ae. aegypti
Q16NI7	1	U-01	aegypti	Ae. aegypti
Q16NK0	1	U-01	aegypti	Ae. aegypti
Q16NL7	1	U-01	aegypti	Ae. aegypti
Q16NL8	1	U-01	aegypti	Ae. aegypti
Q16NP6	1	U-01	aegypti	Ae. aegypti
Q16NR4	2	U-02	aegypti	Ae. aegypti
Q16NS2	1	U-01	aegypti	Ae. aegypti
Q16NS4	1	U-01	aegypti	Ae. aegypti
Q16NV2	1	U-01	aegypti	Ae. aegypti
Q16NW0	1	U-01	aegypti	Ae. aegypti
Q16NX6	1	U-01	aegypti	Ae. aegypti
Q16P07	2	U-02	aegypti	Ae. aegypti
Q16P09	2	U-02	aegypti	Ae. aegypti
Q16P10	1	U-01	aegypti	Ae. aegypti
Q16P12	1	U-01	aegypti	Ae. aegypti
Q16P13	1	U-01	aegypti	Ae. aegypti
Q16P17	1	U-01	aegypti	Ae. aegypti
Q16P63	1	U-01	aegypti	Ae. aegypti
Q16P65	1	U-01	aegypti	Ae. aegypti
Q16P68	1	U-01	aegypti	Ae. aegypti
Q16P69	1	U-01	aegypti	Ae. aegypti
Q16P74	2	U-02	aegypti	Ae. aegypti
Q16P81	1	U-01	aegypti	Ae. aegypti
Q16P98	0	unassigned	aegypti	Ae. aegypti
Q16PA2	1	U-01	aegypti	Ae. aegypti
Q16PA3	2	U-02	aegypti	Ae. aegypti
Q16PA5	1	U-01	aegypti	Ae. aegypti
Q16PB1	1	U-01	aegypti	Ae. aegypti
Q16PF6	1	U-01	aegypti	Ae. aegypti
Q16PG1	1	U-01	aegypti	Ae. aegypti
Q16PG4	1	U-01	aegypti	Ae. aegypti
Q16PG5	1	U-01	aegypti	Ae. aegypti
Q16PG7	1	U-01	aegypti	Ae. aegypti
Q16PH2	2	U-02	aegypti	Ae. aegypti
Q16PI2	1	U-01	aegypti	Ae. aegypti
Q16PP1	1	U-01	aegypti	Ae. aegypti
Q16PQ6	1	U-01	aegypti	Ae. aegypti
Q16PS9	1	U-01	aegypti	Ae. aegypti
Q16PW8	2	U-02	aegypti	Ae. aegypti
Q16PY9	1	U-01	aegypti	Ae. aegypti
Q16PZ6	1	U-01	aegypti	Ae. aegypti
Q16PZ8	1	U-01	aegypti	Ae. aegypti
Q16Q00	1	U-01	aegypti	Ae. aegypti
Q16Q09	2	U-02	aegypti	Ae. aegypti
A0A903V6G5	1	U-01	aegypti	Ae. aegypti
A0A903V6V4	1	U-01	aegypti	Ae. aegypti
A0A903V6W1	1	U-01	aegypti	Ae. aegypti
A0A903V6X6	2	U-02	aegypti	Ae. aegypti
A0A903V7C1	2	U-02	aegypti	Ae. aegypti
A0A903V7T9	1	U-01	aegypti	Ae. aegypti
A0A903V7W5	2	U-02	aegypti	Ae. aegypti
A0A903V842	1	U-01	aegypti	Ae. aegypti
A0A903V8C1	1	U-01	aegypti	Ae. aegypti
A0A903V8C7	1	U-01	aegypti	Ae. aegypti
A0A903V8J1	2	U-02	aegypti	Ae. aegypti
A0A903V8N4	1	U-01	aegypti	Ae. aegypti
A0A903V980	1	U-01	aegypti	Ae. aegypti
A0A903V9C9	2	U-02	aegypti	Ae. aegypti
A0A903V9U2	2	U-02	aegypti	Ae. aegypti
A0A903V9W0	1	U-01	aegypti	Ae. aegypti
A0A903V9Z8	1	U-01	aegypti	Ae. aegypti
A0A903VAJ5	1	U-01	aegypti	Ae. aegypti
A0A903VAX2	1	U-01	aegypti	Ae. aegypti
A0A903VB85	1	U-01	aegypti	Ae. aegypti
A0A903VCZ1	1	U-01	aegypti	Ae. aegypti
A0A903VDC1	1	U-01	aegypti	Ae. aegypti
A0A903VFB5	1	U-01	aegypti	Ae. aegypti
A0A903VFB9	1	U-01	aegypti	Ae. aegypti
A0A903VFV5	2	U-02	aegypti	Ae. aegypti
A0A903VFV6	1	U-01	aegypti	Ae. aegypti
A0A903VGT2	1	U-01	aegypti	Ae. aegypti
A0A903VH16	1	U-01	aegypti	Ae. aegypti
A0A903VH84	1	U-01	aegypti	Ae. aegypti
A0A903VHD0	2	U-02	aegypti	Ae. aegypti
A0A903VHG3	2	U-02	aegypti	Ae. aegypti
A0A903VIK9	1	U-01	aegypti	Ae. aegypti
A0A903VJ85	2	U-02	aegypti	Ae. aegypti
A0A903VJS4	1	U-01	aegypti	Ae. aegypti
A0A903VM22	1	U-01	aegypti	Ae. aegypti
A0A903VM37	1	U-01	aegypti	Ae. aegypti
A0A903VM91	1	U-01	aegypti	Ae. aegypti
A0A903VMD1	2	U-02	aegypti	Ae. aegypti
A0A903VNN4	1	U-01	aegypti	Ae. aegypti
A0A903VNP2	2	U-02	aegypti	Ae. aegypti
A0A903VP00	2	U-02	aegypti	Ae. aegypti
A0A903VPD1	1	U-01	aegypti	Ae. aegypti
A0A903VPI4	1	U-01	aegypti	Ae. aegypti
A0A903VQX3	1	U-01	aegypti	Ae. aegypti
A0A903VR38	1	U-01	aegypti	Ae. aegypti
A0A903VUH6	1	U-01	aegypti	Ae. aegypti
A0SIX6	2	U-02	aegypti	Ae. aegypti
A2I859	1	U-01	aegypti	Ae. aegypti
B0FWD7	0	unassigned	aegypti	Ae. aegypti
C3U0S3	2	U-02	aegypti	Ae. aegypti
J9EBF5	1	U-01	aegypti	Ae. aegypti
J9HF21	1	U-01	aegypti	Ae. aegypti
J9HGP0	1	U-01	aegypti	Ae. aegypti
J9HS06	1	U-01	aegypti	Ae. aegypti
J9HT37	1	U-01	aegypti	Ae. aegypti
J9HYM2	1	U-01	aegypti	Ae. aegypti
J9HZ85	1	U-01	aegypti	Ae. aegypti
O02036	2	U-02	aegypti	Ae. aegypti
O16109	1	U-01	aegypti	Ae. aegypti
P29552	1	U-01	aegypti	Ae. aegypti
P29787	2	U-02	aegypti	Ae. aegypti
P49128	1	U-01	aegypti	Ae. aegypti
P50692	0	unassigned	aegypti	Ae. aegypti
P85316	2	U-02	aegypti	Ae. aegypti
Q0C782	1	U-01	aegypti	Ae. aegypti
Q0C7C3	1	U-01	aegypti	Ae. aegypti
Q0IE95	1	U-01	aegypti	Ae. aegypti
Q0IEB2	1	U-01	aegypti	Ae. aegypti
Q0IEC7	1	U-01	aegypti	Ae. aegypti
Q0IEN3	1	U-01	aegypti	Ae. aegypti
Q0IEY3	1	U-01	aegypti	Ae. aegypti
Q0IF52	1	U-01	aegypti	Ae. aegypti
Q0IF73	1	U-01	aegypti	Ae. aegypti
Q0IF85	2	U-02	aegypti	Ae. aegypti
Q0IFH8	1	U-01	aegypti	Ae. aegypti
Q0IFL2	1	U-01	aegypti	Ae. aegypti
Q0IFR9	1	U-01	aegypti	Ae. aegypti
Q0IFX5	1	U-01	aegypti	Ae. aegypti
Q0IFY6	1	U-01	aegypti	Ae. aegypti
Q0IFZ2	1	U-01	aegypti	Ae. aegypti
Q0IG21	1	U-01	aegypti	Ae. aegypti
Q0IGE4	1	U-01	aegypti	Ae. aegypti
Q16FA7	2	U-02	aegypti	Ae. aegypti
Q16FJ9	1	U-01	aegypti	Ae. aegypti
Q16FL7	1	U-01	aegypti	Ae. aegypti
Q16FT5	1	U-01	aegypti	Ae. aegypti
Q16FU0	1	U-01	aegypti	Ae. aegypti
Q16GH0	1	U-01	aegypti	Ae. aegypti
Q16GS5	1	U-01	aegypti	Ae. aegypti
Q16HE8	1	U-01	aegypti	Ae. aegypti
Q16HL1	1	U-01	aegypti	Ae. aegypti
Q16I17	1	U-01	aegypti	Ae. aegypti
Q16IB4	1	U-01	aegypti	Ae. aegypti
Q16ID8	2	U-02	aegypti	Ae. aegypti
Q16IE1	1	U-01	aegypti	Ae. aegypti
Q16IH1	1	U-01	aegypti	Ae. aegypti
Q16IJ2	1	U-01	aegypti	Ae. aegypti
A0A6I8U3N9	2	U-02	aegypti	Ae. aegypti
A0A6I8U3Q5	2	U-02	aegypti	Ae. aegypti
A0A6I8U3R1	1	U-01	aegypti	Ae. aegypti
A0A6I8U3R6	0	unassigned	aegypti	Ae. aegypti
A0A6I8U3R8	1	U-01	aegypti	Ae. aegypti
A0A6I8U3R9	0	unassigned	aegypti	Ae. aegypti
A0A6I8U3S0	1	U-01	aegypti	Ae. aegypti
A0A6I8U3S1	1	U-01	aegypti	Ae. aegypti
A0A6I8U3S2	0	unassigned	aegypti	Ae. aegypti
A0A6I8U3S3	1	U-01	aegypti	Ae. aegypti
A0A6I8U3S5	2	U-02	aegypti	Ae. aegypti
A0A6I8U3S7	1	U-01	aegypti	Ae. aegypti
A0A6I8U3T0	1	U-01	aegypti	Ae. aegypti
A0A6I8U3T5	1	U-01	aegypti	Ae. aegypti
A0A6I8U3U5	1	U-01	aegypti	Ae. aegypti
A0A6I8U3V1	1	U-01	aegypti	Ae. aegypti
A0A6I8U3V2	1	U-01	aegypti	Ae. aegypti
A0A6I8U3V5	1	U-01	aegypti	Ae. aegypti
A0A6I8U3V9	1	U-01	aegypti	Ae. aegypti
A0A6I8U3W0	2	U-02	aegypti	Ae. aegypti
A0A6I8U3W1	1	U-01	aegypti	Ae. aegypti
A0A6I8U3W9	1	U-01	aegypti	Ae. aegypti
A0A6I8U3X3	1	U-01	aegypti	Ae. aegypti
A0A6I8U3X7	1	U-01	aegypti	Ae. aegypti
A0A6I8U3X8	0	unassigned	aegypti	Ae. aegypti
A0A6I8U3Y0	1	U-01	aegypti	Ae. aegypti
A0A6I8U3Y4	1	U-01	aegypti	Ae. aegypti
A0A6I8U3Z0	1	U-01	aegypti	Ae. aegypti
A0A6I8U3Z3	1	U-01	aegypti	Ae. aegypti
A0A6I8U3Z4	1	U-01	aegypti	Ae. aegypti
A0A6I8U3Z5	1	U-01	aegypti	Ae. aegypti
A0A6I8U3Z7	1	U-01	aegypti	Ae. aegypti
A0A6I8U3Z9	1	U-01	aegypti	Ae. aegypti
A0A6I8U407	1	U-01	aegypti	Ae. aegypti
A0A6I8U416	1	U-01	aegypti	Ae. aegypti
A0A6I8U418	1	U-01	aegypti	Ae. aegypti
A0A6I8U419	1	U-01	aegypti	Ae. aegypti
A0A6I8U427	1	U-01	aegypti	Ae. aegypti
A0A6I8U432	1	U-01	aegypti	Ae. aegypti
A0A6I8U433	1	U-01	aegypti	Ae. aegypti
A0A6I8U436	1	U-01	aegypti	Ae. aegypti
A0A6I8U437	1	U-01	aegypti	Ae. aegypti
A0A6I8U446	1	U-01	aegypti	Ae. aegypti
A0A6I8U452	0	unassigned	aegypti	Ae. aegypti
A0A6I8U460	1	U-01	aegypti	Ae. aegypti
A0A6I8U468	1	U-01	aegypti	Ae. aegypti
A0A6I8U470	2	U-02	aegypti	Ae. aegypti
A0A6I8U476	2	U-02	aegypti	Ae. aegypti
A0A6I8U489	2	U-02	aegypti	Ae. aegypti
A0A6I8U490	1	U-01	aegypti	Ae. aegypti
A0A6I8U497	2	U-02	aegypti	Ae. aegypti
A0A6I8U499	1	U-01	aegypti	Ae. aegypti
A0A6I8U4B3	1	U-01	aegypti	Ae. aegypti
A0A6I8U4D2	2	U-02	aegypti	Ae. aegypti
A0A6I8U4D6	0	unassigned	aegypti	Ae. aegypti
A0A6I8U4E0	0	unassigned	aegypti	Ae. aegypti
A0A6I8U4E5	0	unassigned	aegypti	Ae. aegypti
A0A6I8U4E7	1	U-01	aegypti	Ae. aegypti
A0A6I8U4E8	1	U-01	aegypti	Ae. aegypti
A0A6I8U4F0	0	unassigned	aegypti	Ae. aegypti
A0A6I8U4F1	1	U-01	aegypti	Ae. aegypti
A0A6I8U4F5	0	unassigned	aegypti	Ae. aegypti
A0A6I8U4F7	2	U-02	aegypti	Ae. aegypti
A0A6I8U4F8	1	U-01	aegypti	Ae. aegypti
A0A6I8U4G0	1	U-01	aegypti	Ae. aegypti
A0A6I8U4G2	1	U-01	aegypti	Ae. aegypti
A0A6I8U4G5	1	U-01	aegypti	Ae. aegypti
A0A6I8U4H0	0	unassigned	aegypti	Ae. aegypti
A0A6I8U4H4	1	U-01	aegypti	Ae. aegypti
A0A6I8U4H9	0	unassigned	aegypti	Ae. aegypti
A0A6I8U4J5	1	U-01	aegypti	Ae. aegypti
A0A6I8U4K1	1	U-01	aegypti	Ae. aegypti
A0A6I8U4K5	1	U-01	aegypti	Ae. aegypti
A0A6I8U4L0	0	unassigned	aegypti	Ae. aegypti
A0A6I8U4L1	1	U-01	aegypti	Ae. aegypti
A0A6I8U4L8	1	U-01	aegypti	Ae. aegypti
A0A6I8U4M3	1	U-01	aegypti	Ae. aegypti
A0A6I8U4M4	1	U-01	aegypti	Ae. aegypti
A0A6I8U4M5	1	U-01	aegypti	Ae. aegypti
A0A6I8U4N0	2	U-02	aegypti	Ae. aegypti
A0A6I8U4N7	1	U-01	aegypti	Ae. aegypti
A0A6I8U4P0	1	U-01	aegypti	Ae. aegypti
A0A6I8U4P3	1	U-01	aegypti	Ae. aegypti
A0A6I8U4Q0	1	U-01	aegypti	Ae. aegypti
A0A6I8U4Q2	1	U-01	aegypti	Ae. aegypti
A0A6I8U4Q6	1	U-01	aegypti	Ae. aegypti
A0A6I8U4Q7	1	U-01	aegypti	Ae. aegypti
A0A6I8U4Q9	1	U-01	aegypti	Ae. aegypti
A0A6I8U4R4	1	U-01	aegypti	Ae. aegypti
A0A6I8U4S0	1	U-01	aegypti	Ae. aegypti
A0A6I8U4S1	1	U-01	aegypti	Ae. aegypti
A0A6I8U4S8	1	U-01	aegypti	Ae. aegypti
A0A6I8U4S9	1	U-01	aegypti	Ae. aegypti
A0A6I8U4T1	1	U-01	aegypti	Ae. aegypti
A0A6I8U4V3	2	U-02	aegypti	Ae. aegypti
A0A6I8U4V4	1	U-01	aegypti	Ae. aegypti
A0A6I8U4V6	1	U-01	aegypti	Ae. aegypti
A0A6I8U8B0	2	U-02	aegypti	Ae. aegypti
A0A6I8U8C0	1	U-01	aegypti	Ae. aegypti
A0A6I8U8C1	1	U-01	aegypti	Ae. aegypti
A0A6I8U8C7	1	U-01	aegypti	Ae. aegypti
A0A6I8U8C8	1	U-01	aegypti	Ae. aegypti
A0A6I8U8D4	1	U-01	aegypti	Ae. aegypti
A0A6I8U8D5	1	U-01	aegypti	Ae. aegypti
A0A6I8U8D9	1	U-01	aegypti	Ae. aegypti
A0A6I8U8E0	1	U-01	aegypti	Ae. aegypti
A0A6I8U8E2	1	U-01	aegypti	Ae. aegypti
A0A6I8U8E9	1	U-01	aegypti	Ae. aegypti
A0A6I8U8F5	2	U-02	aegypti	Ae. aegypti
A0A6I8U8F8	1	U-01	aegypti	Ae. aegypti
A0A6I8U8F9	2	U-02	aegypti	Ae. aegypti
A0A6I8U8G9	1	U-01	aegypti	Ae. aegypti
A0A6I8U8H8	1	U-01	aegypti	Ae. aegypti
A0A6I8U8I0	1	U-01	aegypti	Ae. aegypti
A0A6I8U8I6	1	U-01	aegypti	Ae. aegypti
A0A6I8U8J1	1	U-01	aegypti	Ae. aegypti
A0A6I8U8J3	1	U-01	aegypti	Ae. aegypti
A0A6I8U8J8	1	U-01	aegypti	Ae. aegypti
A0A6I8U8K3	2	U-02	aegypti	Ae. aegypti
A0A6I8U8K4	2	U-02	aegypti	Ae. aegypti
A0A6I8U8L8	1	U-01	aegypti	Ae. aegypti
A0A6I8U8M8	1	U-01	aegypti	Ae. aegypti
A0A6I8U8N9	2	U-02	aegypti	Ae. aegypti
A0A6I8U8P3	1	U-01	aegypti	Ae. aegypti
A0A6I8U8P6	1	U-01	aegypti	Ae. aegypti
A0A6I8U8P8	1	U-01	aegypti	Ae. aegypti
A0A6I8U8P9	1	U-01	aegypti	Ae. aegypti
A0A6I8U8Q1	2	U-02	aegypti	Ae. aegypti
A0A6I8U8Q8	1	U-01	aegypti	Ae. aegypti
A0A6I8U8R0	0	unassigned	aegypti	Ae. aegypti
A0A6I8U8R2	0	unassigned	aegypti	Ae. aegypti
A0A6I8U8R5	0	unassigned	aegypti	Ae. aegypti
A0A6I8U8S1	1	U-01	aegypti	Ae. aegypti
A0A6I8U8S7	0	unassigned	aegypti	Ae. aegypti
A0A6I8U8S8	1	U-01	aegypti	Ae. aegypti
A0A6I8U8T0	0	unassigned	aegypti	Ae. aegypti
A0A6I8U8T1	1	U-01	aegypti	Ae. aegypti
A0A6I8U8T3	0	unassigned	aegypti	Ae. aegypti
A0A1S4FDD6	1	U-01	aegypti	Ae. aegypti
A0A1S4FDE0	1	U-01	aegypti	Ae. aegypti
A0A1S4FDF4	1	U-01	aegypti	Ae. aegypti
A0A1S4FDF9	2	U-02	aegypti	Ae. aegypti
A0A1S4FDG8	2	U-02	aegypti	Ae. aegypti
A0A1S4FDI1	2	U-02	aegypti	Ae. aegypti
A0A1S4FDJ0	1	U-01	aegypti	Ae. aegypti
A0A1S4FDJ1	0	unassigned	aegypti	Ae. aegypti
A0A1S4FDJ7	1	U-01	aegypti	Ae. aegypti
A0A1S4FDK3	0	unassigned	aegypti	Ae. aegypti
A0A1S4FDK5	1	U-01	aegypti	Ae. aegypti
A0A1S4FDK8	1	U-01	aegypti	Ae. aegypti
A0A1S4FDM2	0	unassigned	aegypti	Ae. aegypti
A0A1S4FDT7	1	U-01	aegypti	Ae. aegypti
A0A1S4FDU9	1	U-01	aegypti	Ae. aegypti
A0A1S4FDV5	1	U-01	aegypti	Ae. aegypti
A0A1S4FDV9	1	U-01	aegypti	Ae. aegypti
A0A1S4FDW4	1	U-01	aegypti	Ae. aegypti
A0A1S4FDY9	1	U-01	aegypti	Ae. aegypti
A0A1S4FDZ7	1	U-01	aegypti	Ae. aegypti
A0A1S4FE07	2	U-02	aegypti	Ae. aegypti
A0A1S4FE13	2	U-02	aegypti	Ae. aegypti
A0A1S4FE21	2	U-02	aegypti	Ae. aegypti
A0A1S4FE22	1	U-01	aegypti	Ae. aegypti
A0A1S4FE25	1	U-01	aegypti	Ae. aegypti
A0A1S4FE32	1	U-01	aegypti	Ae. aegypti
A0A1S4FE35	1	U-01	aegypti	Ae. aegypti
A0A1S4FE41	1	U-01	aegypti	Ae. aegypti
A0A1S4FE42	1	U-01	aegypti	Ae. aegypti
A0A1S4FE51	2	U-02	aegypti	Ae. aegypti
A0A1S4FE59	1	U-01	aegypti	Ae. aegypti
A0A1S4FE62	1	U-01	aegypti	Ae. aegypti
A0A1S4FE70	1	U-01	aegypti	Ae. aegypti
A0A1S4FE78	0	unassigned	aegypti	Ae. aegypti
A0A1S4FE87	1	U-01	aegypti	Ae. aegypti
A0A1S4FE88	2	U-02	aegypti	Ae. aegypti
A0A1S4FEA1	1	U-01	aegypti	Ae. aegypti
A0A1S4FEA3	1	U-01	aegypti	Ae. aegypti
A0A1S4FEB3	1	U-01	aegypti	Ae. aegypti
A0A1S4FEC0	0	unassigned	aegypti	Ae. aegypti
A0A1S4FEC1	1	U-01	aegypti	Ae. aegypti
A0A1S4FED7	0	unassigned	aegypti	Ae. aegypti
A0A1S4FEE3	2	U-02	aegypti	Ae. aegypti
A0A1S4FEE6	1	U-01	aegypti	Ae. aegypti
A0A1S4FEE8	0	unassigned	aegypti	Ae. aegypti
A0A1S4FEG0	1	U-01	aegypti	Ae. aegypti
A0A1S4FEG5	0	unassigned	aegypti	Ae. aegypti
A0A1S4FEH4	2	U-02	aegypti	Ae. aegypti
A0A1S4FEI1	0	unassigned	aegypti	Ae. aegypti
A0A1S4FEI9	1	U-01	aegypti	Ae. aegypti
A0A1S4FEK0	2	U-02	aegypti	Ae. aegypti
A0A1S4FEK7	1	U-01	aegypti	Ae. aegypti
A0A1S4FEL5	1	U-01	aegypti	Ae. aegypti
A0A1S4FEN2	1	U-01	aegypti	Ae. aegypti
A0A1S4FEN5	0	unassigned	aegypti	Ae. aegypti
A0A1S4FEN8	0	unassigned	aegypti	Ae. aegypti
A0A1S4FEP1	1	U-01	aegypti	Ae. aegypti
A0A1S4FEP6	1	U-01	aegypti	Ae. aegypti
A0A1S4FEQ8	1	U-01	aegypti	Ae. aegypti
A0A1S4FES5	1	U-01	aegypti	Ae. aegypti
A0A1S4FES6	1	U-01	aegypti	Ae. aegypti
A0A1S4FET1	0	unassigned	aegypti	Ae. aegypti
A0A1S4FEU9	1	U-01	aegypti	Ae. aegypti
A0A1S4FEV4	1	U-01	aegypti	Ae. aegypti
A0A1S4FEV5	1	U-01	aegypti	Ae. aegypti
A0A1S4FEX1	2	U-02	aegypti	Ae. aegypti
A0A1S4FEX9	2	U-02	aegypti	Ae. aegypti
A0A1S4FEY0	1	U-01	aegypti	Ae. aegypti
A0A1S4FEY5	0	unassigned	aegypti	Ae. aegypti
A0A1S4FEZ2	0	unassigned	aegypti	Ae. aegypti
A0A1S4FEZ7	1	U-01	aegypti	Ae. aegypti
A0A1S4FF40	1	U-01	aegypti	Ae. aegypti
A0A1S4FF42	2	U-02	aegypti	Ae. aegypti
A0A1S4FF62	1	U-01	aegypti	Ae. aegypti
A0A1S4FF73	2	U-02	aegypti	Ae. aegypti
A0A1S4FF76	1	U-01	aegypti	Ae. aegypti
A0A1S4FF78	1	U-01	aegypti	Ae. aegypti
A0A1S4FF89	1	U-01	aegypti	Ae. aegypti
A0A1S4FFA2	1	U-01	aegypti	Ae. aegypti
A0A1S4FFB7	2	U-02	aegypti	Ae. aegypti
A0A1S4FFC6	2	U-02	aegypti	Ae. aegypti
A0A1S4FFC7	1	U-01	aegypti	Ae. aegypti
A0A1S4FFE1	2	U-02	aegypti	Ae. aegypti
A0A1S4FFG8	0	unassigned	aegypti	Ae. aegypti
A0A1S4FFG9	0	unassigned	aegypti	Ae. aegypti
A0A1S4FFH3	1	U-01	aegypti	Ae. aegypti
A0A1S4FFI7	1	U-01	aegypti	Ae. aegypti
A0A1S4FFJ5	2	U-02	aegypti	Ae. aegypti
A0A1S4FFJ8	1	U-01	aegypti	Ae. aegypti
A0A1S4FFJ9	1	U-01	aegypti	Ae. aegypti
A0A1S4FFK1	1	U-01	aegypti	Ae. aegypti
A0A1S4FFK3	1	U-01	aegypti	Ae. aegypti
A0A1S4FFK9	1	U-01	aegypti	Ae. aegypti
A0A1S4FFL2	1	U-01	aegypti	Ae. aegypti
A0A1S4FFL5	1	U-01	aegypti	Ae. aegypti
A0A1S4FFL7	1	U-01	aegypti	Ae. aegypti
A0A1S4FFL9	1	U-01	aegypti	Ae. aegypti
A0A1S4FFM6	2	U-02	aegypti	Ae. aegypti
A0A1S4FFM7	1	U-01	aegypti	Ae. aegypti
A0A1S4FFM9	1	U-01	aegypti	Ae. aegypti
A0A1S4FFN0	0	unassigned	aegypti	Ae. aegypti
A0A1S4FFP6	1	U-01	aegypti	Ae. aegypti
A0A1S4FFP8	1	U-01	aegypti	Ae. aegypti
A0A1S4FFQ1	0	unassigned	aegypti	Ae. aegypti
A0A1S4FFQ2	0	unassigned	aegypti	Ae. aegypti
A0A1S4FFQ6	1	U-01	aegypti	Ae. aegypti
A0A1S4FFQ8	1	U-01	aegypti	Ae. aegypti
A0A1S4FFR1	1	U-01	aegypti	Ae. aegypti
A0A1S4FFR4	1	U-01	aegypti	Ae. aegypti
A0A1S4FFS0	2	U-02	aegypti	Ae. aegypti
A0A1S4FFS2	2	U-02	aegypti	Ae. aegypti
A0A1S4FFS5	1	U-01	aegypti	Ae. aegypti
A0A1S4FFS8	1	U-01	aegypti	Ae. aegypti
A0A1S4FFS9	1	U-01	aegypti	Ae. aegypti
A0A1S4FFT3	2	U-02	aegypti	Ae. aegypti
A0A1S4FFU4	1	U-01	aegypti	Ae. aegypti
A0A1S4FFU6	1	U-01	aegypti	Ae. aegypti
A0A1S4FFW1	0	unassigned	aegypti	Ae. aegypti
A0A1S4FFW7	0	unassigned	aegypti	Ae. aegypti
A0A1S4FFX1	1	U-01	aegypti	Ae. aegypti
A0A1S4FFX2	1	U-01	aegypti	Ae. aegypti
A0A1S4FFX4	1	U-01	aegypti	Ae. aegypti
A0A1S4FFY2	1	U-01	aegypti	Ae. aegypti
A0A1S4FG14	1	U-01	aegypti	Ae. aegypti
A0A1S4FG16	0	unassigned	aegypti	Ae. aegypti
A0A1S4FG33	1	U-01	aegypti	Ae. aegypti
A0A1S4FG36	2	U-02	aegypti	Ae. aegypti
A0A1S4FG44	1	U-01	aegypti	Ae. aegypti
A0A1S4FG50	2	U-02	aegypti	Ae. aegypti
A0A1S4FG60	0	unassigned	aegypti	Ae. aegypti
A0A1S4FG69	1	U-01	aegypti	Ae. aegypti
A0A1S4FG90	1	U-01	aegypti	Ae. aegypti
A0A1S4FGA1	1	U-01	aegypti	Ae. aegypti
A0A1S4FGA5	1	U-01	aegypti	Ae. aegypti
A0A1S4FGA8	1	U-01	aegypti	Ae. aegypti
A0A1S4FGF0	1	U-01	aegypti	Ae. aegypti
A0A1S4FGF4	1	U-01	aegypti	Ae. aegypti
A0A1S4FGF8	1	U-01	aegypti	Ae. aegypti
A0A1S4FGJ8	2	U-02	aegypti	Ae. aegypti
A0A1S4FGK1	1	U-01	aegypti	Ae. aegypti
A0A1S4FGL0	0	unassigned	aegypti	Ae. aegypti
A0A1S4FGL2	1	U-01	aegypti	Ae. aegypti
A0A1S4FGM1	0	unassigned	aegypti	Ae. aegypti
A0A1S4FGN5	1	U-01	aegypti	Ae. aegypti
A0A1S4FGP7	1	U-01	aegypti	Ae. aegypti
A0A1S4FGT6	1	U-01	aegypti	Ae. aegypti
A0A1S4FGV5	0	unassigned	aegypti	Ae. aegypti
A0A1S4FGY1	2	U-02	aegypti	Ae. aegypti
A0A1S4FGZ7	2	U-02	aegypti	Ae. aegypti
A0A1S4FH03	1	U-01	aegypti	Ae. aegypti
A0A1S4FH04	1	U-01	aegypti	Ae. aegypti
A0A1S4FH43	1	U-01	aegypti	Ae. aegypti
A0A1S4FH45	1	U-01	aegypti	Ae. aegypti
A0A1S4FH47	2	U-02	aegypti	Ae. aegypti
A0A1S4FH58	0	unassigned	aegypti	Ae. aegypti
A0A1S4FH67	1	U-01	aegypti	Ae. aegypti
A0A1S4FH88	2	U-02	aegypti	Ae. aegypti
A0A1S4FHA3	2	U-02	aegypti	Ae. aegypti
A0A1S4FHC0	2	U-02	aegypti	Ae. aegypti
A0A1S4FHC9	1	U-01	aegypti	Ae. aegypti
A0A1S4FHD1	1	U-01	aegypti	Ae. aegypti
A0A1S4FHD2	1	U-01	aegypti	Ae. aegypti
A0A1S4FHD7	1	U-01	aegypti	Ae. aegypti
A0A1S4FHE6	1	U-01	aegypti	Ae. aegypti
A0A1S4FHG2	1	U-01	aegypti	Ae. aegypti
A0A1S4FHG6	1	U-01	aegypti	Ae. aegypti
A0A1S4FHH8	1	U-01	aegypti	Ae. aegypti
A0A1S4FHH9	0	unassigned	aegypti	Ae. aegypti
A0A1S4FHI9	0	unassigned	aegypti	Ae. aegypti
A0A1S4FHJ0	1	U-01	aegypti	Ae. aegypti
A0A1S4FHJ3	1	U-01	aegypti	Ae. aegypti
A0A1S4FHJ9	1	U-01	aegypti	Ae. aegypti
A0A1S4FHK0	1	U-01	aegypti	Ae. aegypti
A0A1S4FHK5	1	U-01	aegypti	Ae. aegypti
A0A1S4FHL2	1	U-01	aegypti	Ae. aegypti
A0A1S4FHL5	1	U-01	aegypti	Ae. aegypti
A0A1S4FHL8	1	U-01	aegypti	Ae. aegypti
A0A1S4FHN3	2	U-02	aegypti	Ae. aegypti
A0A1S4FHN5	1	U-01	aegypti	Ae. aegypti
A0A1S4FHP6	1	U-01	aegypti	Ae. aegypti
A0A1S4FHP9	2	U-02	aegypti	Ae. aegypti
A0A1S4FHQ6	1	U-01	aegypti	Ae. aegypti
A0A1S4FHQ9	0	unassigned	aegypti	Ae. aegypti
A0A1S4FHR4	1	U-01	aegypti	Ae. aegypti
A0A1S4FHR7	1	U-01	aegypti	Ae. aegypti
A0A1S4FHT5	1	U-01	aegypti	Ae. aegypti
A0A1S4FHU5	1	U-01	aegypti	Ae. aegypti
A0A1S4FHX5	1	U-01	aegypti	Ae. aegypti
A0A1S4FHX9	1	U-01	aegypti	Ae. aegypti
A0A1S4FHZ1	0	unassigned	aegypti	Ae. aegypti
A0A1S4FI11	1	U-01	aegypti	Ae. aegypti
A0A1S4FI14	2	U-02	aegypti	Ae. aegypti
A0A1S4FI16	1	U-01	aegypti	Ae. aegypti
A0A1S4FI17	2	U-02	aegypti	Ae. aegypti
A0A1S4FI24	1	U-01	aegypti	Ae. aegypti
A0A1S4FI30	1	U-01	aegypti	Ae. aegypti
A0A1S4FI33	0	unassigned	aegypti	Ae. aegypti
A0A1S4FI42	0	unassigned	aegypti	Ae. aegypti
A0A1S4FI45	2	U-02	aegypti	Ae. aegypti
A0A1S4FI48	2	U-02	aegypti	Ae. aegypti
A0A1S4FI53	0	unassigned	aegypti	Ae. aegypti
A0A1S4FI56	1	U-01	aegypti	Ae. aegypti
A0A1S4FI57	1	U-01	aegypti	Ae. aegypti
A0A1S4FI78	1	U-01	aegypti	Ae. aegypti
A0A1S4FI79	0	unassigned	aegypti	Ae. aegypti
A0A1S4FI90	0	unassigned	aegypti	Ae. aegypti
A0A1S4FI93	0	unassigned	aegypti	Ae. aegypti
A0A1S4FI94	0	unassigned	aegypti	Ae. aegypti
A0A1S4FIB2	1	U-01	aegypti	Ae. aegypti
A0A1S4FIC6	1	U-01	aegypti	Ae. aegypti
A0A1S4FID1	1	U-01	aegypti	Ae. aegypti
A0A1S4FIE1	2	U-02	aegypti	Ae. aegypti
A0A1S4FIG4	2	U-02	aegypti	Ae. aegypti
A0A1S4FIH4	1	U-01	aegypti	Ae. aegypti
A0A1S4FIH6	1	U-01	aegypti	Ae. aegypti
A0A1S4FII0	1	U-01	aegypti	Ae. aegypti
A0A1S4FII3	1	U-01	aegypti	Ae. aegypti
A0A1S4FII5	1	U-01	aegypti	Ae. aegypti
A0A1S4FII7	1	U-01	aegypti	Ae. aegypti
A0A1S4FIJ0	1	U-01	aegypti	Ae. aegypti
A0A1S4FIK0	1	U-01	aegypti	Ae. aegypti
A0A1S4FIK3	2	U-02	aegypti	Ae. aegypti
A0A1S4FIK6	0	unassigned	aegypti	Ae. aegypti
A0A1S4FIL2	1	U-01	aegypti	Ae. aegypti
A0A1S4FIL6	2	U-02	aegypti	Ae. aegypti
A0A1S4FIM8	1	U-01	aegypti	Ae. aegypti
A0A1S4FIN3	1	U-01	aegypti	Ae. aegypti
A0A1S4FIQ6	2	U-02	aegypti	Ae. aegypti
A0A1S4FIR4	1	U-01	aegypti	Ae. aegypti
A0A1S4FIR6	1	U-01	aegypti	Ae. aegypti
A0A1S4FIS9	2	U-02	aegypti	Ae. aegypti
A0A1S4FIT4	1	U-01	aegypti	Ae. aegypti
A0A1S4FIT7	2	U-02	aegypti	Ae. aegypti
A0A1S4FIU5	1	U-01	aegypti	Ae. aegypti
A0A1S4FIV8	1	U-01	aegypti	Ae. aegypti
A0A1S4FIW1	2	U-02	aegypti	Ae. aegypti
A0A1S4FIY3	1	U-01	aegypti	Ae. aegypti
A0A1S4FIY5	0	unassigned	aegypti	Ae. aegypti
A0A1S4FIY6	1	U-01	aegypti	Ae. aegypti
A0A1S4FIZ8	2	U-02	aegypti	Ae. aegypti
A0A1S4FJ04	2	U-02	aegypti	Ae. aegypti
A0A1S4FJ08	0	unassigned	aegypti	Ae. aegypti
A0A1S4FJ14	0	unassigned	aegypti	Ae. aegypti
A0A1S4FJ19	0	unassigned	aegypti	Ae. aegypti
A0A1S4FJ32	2	U-02	aegypti	Ae. aegypti
A0A1S4FJ33	1	U-01	aegypti	Ae. aegypti
A0A1S4FJ35	2	U-02	aegypti	Ae. aegypti
A0A1S4FJ37	2	U-02	aegypti	Ae. aegypti
A0A1S4FJ52	1	U-01	aegypti	Ae. aegypti
A0A1S4FJ65	2	U-02	aegypti	Ae. aegypti
A0A1S4FJ76	1	U-01	aegypti	Ae. aegypti
A0A1S4FJA2	0	unassigned	aegypti	Ae. aegypti
A0A1S4FJA4	1	U-01	aegypti	Ae. aegypti
A0A1S4FJA6	1	U-01	aegypti	Ae. aegypti
A0A1S4FJB1	0	unassigned	aegypti	Ae. aegypti
A0A1S4FJB2	2	U-02	aegypti	Ae. aegypti
A0A1S4FJC8	2	U-02	aegypti	Ae. aegypti
A0A1S4FJC9	1	U-01	aegypti	Ae. aegypti
A0A1S4FJD7	1	U-01	aegypti	Ae. aegypti
A0A1S4FJE2	0	unassigned	aegypti	Ae. aegypti
A0A1S4FJE6	1	U-01	aegypti	Ae. aegypti
A0A1S4FJE7	2	U-02	aegypti	Ae. aegypti
A0A1S4FJF8	1	U-01	aegypti	Ae. aegypti
A0A1S4FJG6	1	U-01	aegypti	Ae. aegypti
A0A1S4FJG9	1	U-01	aegypti	Ae. aegypti
A0A1S4FJH6	1	U-01	aegypti	Ae. aegypti
A0A1S4FJH9	1	U-01	aegypti	Ae. aegypti
A0A1S4FJK5	1	U-01	aegypti	Ae. aegypti
A0A1S4FJL0	2	U-02	aegypti	Ae. aegypti
A0A1S4FJM0	1	U-01	aegypti	Ae. aegypti
A0A1S4FJM2	1	U-01	aegypti	Ae. aegypti
A0A1S4FJM4	0	unassigned	aegypti	Ae. aegypti
A0A1S4FJN0	1	U-01	aegypti	Ae. aegypti
A0A1S4FJN1	1	U-01	aegypti	Ae. aegypti
A0A1S4FJN7	2	U-02	aegypti	Ae. aegypti
A0A1S4FJP0	1	U-01	aegypti	Ae. aegypti
A0A1S4FJP8	1	U-01	aegypti	Ae. aegypti
A0A1S4FJQ3	1	U-01	aegypti	Ae. aegypti
A0A1S4FJS6	1	U-01	aegypti	Ae. aegypti
A0A1S4FJU1	1	U-01	aegypti	Ae. aegypti
A0A1S4FJV9	1	U-01	aegypti	Ae. aegypti
A0A1S4FJW2	1	U-01	aegypti	Ae. aegypti
A0A1S4FK05	1	U-01	aegypti	Ae. aegypti
A0A1S4FK08	1	U-01	aegypti	Ae. aegypti
A0A1S4FK14	1	U-01	aegypti	Ae. aegypti
A0A1S4FK39	0	unassigned	aegypti	Ae. aegypti
A0A1S4FK40	1	U-01	aegypti	Ae. aegypti
A0A1S4FK50	1	U-01	aegypti	Ae. aegypti
A0A1S4FK67	2	U-02	aegypti	Ae. aegypti
A0A1S4FK72	1	U-01	aegypti	Ae. aegypti
A0A1S4FK75	2	U-02	aegypti	Ae. aegypti
A0A1S4FK76	1	U-01	aegypti	Ae. aegypti
A0A1S4FK79	1	U-01	aegypti	Ae. aegypti
A0A1S4FK89	1	U-01	aegypti	Ae. aegypti
A0A1S4FK94	0	unassigned	aegypti	Ae. aegypti
A0A1S4FK95	1	U-01	aegypti	Ae. aegypti
A0A1S4FK96	2	U-02	aegypti	Ae. aegypti
A0A1S4FKA2	1	U-01	aegypti	Ae. aegypti
A0A1S4FKA4	1	U-01	aegypti	Ae. aegypti
A0A1S4FKB0	1	U-01	aegypti	Ae. aegypti
A0A1S4FNN0	1	U-01	aegypti	Ae. aegypti
A0A1S4FNN7	1	U-01	aegypti	Ae. aegypti
A0A1S4FNN9	1	U-01	aegypti	Ae. aegypti
A0A1S4FNP2	1	U-01	aegypti	Ae. aegypti
A0A1S4FNP4	1	U-01	aegypti	Ae. aegypti
A0A1S4FNR4	0	unassigned	aegypti	Ae. aegypti
A0A1S4FNU9	1	U-01	aegypti	Ae. aegypti
A0A1S4FNY8	1	U-01	aegypti	Ae. aegypti
A0A1S4FNZ1	1	U-01	aegypti	Ae. aegypti
A0A1S4FNZ2	1	U-01	aegypti	Ae. aegypti
A0A1S4FP05	1	U-01	aegypti	Ae. aegypti
A0A1S4FP08	1	U-01	aegypti	Ae. aegypti
A0A1S4FP24	1	U-01	aegypti	Ae. aegypti
A0A1S4FP34	1	U-01	aegypti	Ae. aegypti
A0A1S4FP38	1	U-01	aegypti	Ae. aegypti
A0A1S4FP41	1	U-01	aegypti	Ae. aegypti
A0A1S4FP42	1	U-01	aegypti	Ae. aegypti
A0A1S4FP45	1	U-01	aegypti	Ae. aegypti
A0A1S4FP70	2	U-02	aegypti	Ae. aegypti
A0A1S4FP71	1	U-01	aegypti	Ae. aegypti
A0A1S4FPD7	1	U-01	aegypti	Ae. aegypti
A0A1S4FPF2	1	U-01	aegypti	Ae. aegypti
A0A1S4FPF3	1	U-01	aegypti	Ae. aegypti
A0A1S4FPG4	2	U-02	aegypti	Ae. aegypti
A0A1S4FPI2	0	unassigned	aegypti	Ae. aegypti
A0A1S4FPJ3	2	U-02	aegypti	Ae. aegypti
A0A1S4FPK8	1	U-01	aegypti	Ae. aegypti
A0A1S4FPM1	1	U-01	aegypti	Ae. aegypti
A0A1S4FPM8	0	unassigned	aegypti	Ae. aegypti
A0A1S4FPW8	1	U-01	aegypti	Ae. aegypti
A0A1S4FPX4	1	U-01	aegypti	Ae. aegypti
A0A1S4FPZ1	1	U-01	aegypti	Ae. aegypti
A0A1S4FQ15	1	U-01	aegypti	Ae. aegypti
A0A1S4FQ18	0	unassigned	aegypti	Ae. aegypti
A0A1S4FQ25	1	U-01	aegypti	Ae. aegypti
A0A1S4FQ28	1	U-01	aegypti	Ae. aegypti
A0A1S4FQ35	1	U-01	aegypti	Ae. aegypti
A0A1S4FQ37	2	U-02	aegypti	Ae. aegypti
A0A1S4FQ39	1	U-01	aegypti	Ae. aegypti
A0A1S4FQ40	1	U-01	aegypti	Ae. aegypti
A0A1S4FQ74	0	unassigned	aegypti	Ae. aegypti
A0A1S4FQ86	1	U-01	aegypti	Ae. aegypti
A0A1S4FQ87	0	unassigned	aegypti	Ae. aegypti
A0A1S4FQA7	2	U-02	aegypti	Ae. aegypti
A0A1S4FQD9	1	U-01	aegypti	Ae. aegypti
A0A1S4FQE1	2	U-02	aegypti	Ae. aegypti
A0A1S4FQE9	0	unassigned	aegypti	Ae. aegypti
A0A1S4FQF5	0	unassigned	aegypti	Ae. aegypti
A0A1S4FQG0	1	U-01	aegypti	Ae. aegypti
A0A1S4FQG3	1	U-01	aegypti	Ae. aegypti
A0A1S4FQH3	1	U-01	aegypti	Ae. aegypti
A0A1S4FQJ4	1	U-01	aegypti	Ae. aegypti
A0A1S4FQJ5	1	U-01	aegypti	Ae. aegypti
A0A1S4FQK4	2	U-02	aegypti	Ae. aegypti
A0A1S4FQK7	1	U-01	aegypti	Ae. aegypti
A0A1S4FQL2	1	U-01	aegypti	Ae. aegypti
A0A1S4FQM5	1	U-01	aegypti	Ae. aegypti
A0A1S4FQP4	2	U-02	aegypti	Ae. aegypti
A0A1S4FQR0	1	U-01	aegypti	Ae. aegypti
A0A1S4FQR3	1	U-01	aegypti	Ae. aegypti
A0A1S4FQS3	1	U-01	aegypti	Ae. aegypti
A0A1S4FQS6	2	U-02	aegypti	Ae. aegypti
A0A1S4FQU6	1	U-01	aegypti	Ae. aegypti
A0A1S4FQV5	1	U-01	aegypti	Ae. aegypti
A0A1S4FQW4	1	U-01	aegypti	Ae. aegypti
A0A1S4FQW7	1	U-01	aegypti	Ae. aegypti
A0A1S4FQW9	1	U-01	aegypti	Ae. aegypti
A0A1S4FR01	1	U-01	aegypti	Ae. aegypti
A0A1S4FUB3	1	U-01	aegypti	Ae. aegypti
A0A1S4FUB6	1	U-01	aegypti	Ae. aegypti
A0A1S4FUB7	2	U-02	aegypti	Ae. aegypti
A0A1S4FUE4	1	U-01	aegypti	Ae. aegypti
A0A1S4FUE7	1	U-01	aegypti	Ae. aegypti
A0A1S4FUH2	1	U-01	aegypti	Ae. aegypti
A0A1S4FUI2	1	U-01	aegypti	Ae. aegypti
A0A1S4FUI3	1	U-01	aegypti	Ae. aegypti
A0A1S4FUJ0	0	unassigned	aegypti	Ae. aegypti
A0A1S4FUJ8	1	U-01	aegypti	Ae. aegypti
A0A1S4FUL0	2	U-02	aegypti	Ae. aegypti
A0A1S4FUL6	1	U-01	aegypti	Ae. aegypti
A0A1S4FUL7	1	U-01	aegypti	Ae. aegypti
A0A1S4FUL9	1	U-01	aegypti	Ae. aegypti
A0A1S4FUM7	0	unassigned	aegypti	Ae. aegypti
A0A1S4FUP6	2	U-02	aegypti	Ae. aegypti
A0A1S4FUQ5	1	U-01	aegypti	Ae. aegypti
A0A1S4FUR4	1	U-01	aegypti	Ae. aegypti
A0A1S4FUR5	0	unassigned	aegypti	Ae. aegypti
A0A1S4FUS7	0	unassigned	aegypti	Ae. aegypti
A0A1S4FUY4	1	U-01	aegypti	Ae. aegypti
A0A1S4FUZ1	0	unassigned	aegypti	Ae. aegypti
A0A1S4FV06	1	U-01	aegypti	Ae. aegypti
A0A1S4FV26	1	U-01	aegypti	Ae. aegypti
A0A1S4FV37	2	U-02	aegypti	Ae. aegypti
A0A1S4FV45	2	U-02	aegypti	Ae. aegypti
A0A1S4FV52	2	U-02	aegypti	Ae. aegypti
A0A1S4FV54	2	U-02	aegypti	Ae. aegypti
A0A1S4FVA8	2	U-02	aegypti	Ae. aegypti
A0A1S4FVC8	1	U-01	aegypti	Ae. aegypti
A0A1S4FVD3	1	U-01	aegypti	Ae. aegypti
A0A1S4FVD9	1	U-01	aegypti	Ae. aegypti
A0A1S4FVE0	1	U-01	aegypti	Ae. aegypti
A0A1S4FVG5	1	U-01	aegypti	Ae. aegypti
A0A1S4FVI1	1	U-01	aegypti	Ae. aegypti
A0A1S4FVJ0	1	U-01	aegypti	Ae. aegypti
A0A1S4FVK1	0	unassigned	aegypti	Ae. aegypti
A0A1S4FVM5	1	U-01	aegypti	Ae. aegypti
A0A1S4FVN0	1	U-01	aegypti	Ae. aegypti
A0A1S4FVP6	1	U-01	aegypti	Ae. aegypti
A0A1S4FVR6	0	unassigned	aegypti	Ae. aegypti
A0A1S4FVS7	1	U-01	aegypti	Ae. aegypti
A0A1S4FVT1	2	U-02	aegypti	Ae. aegypti
A0A1S4FVT6	1	U-01	aegypti	Ae. aegypti
A0A1S4FVU1	1	U-01	aegypti	Ae. aegypti
A0A1S4FVU5	1	U-01	aegypti	Ae. aegypti
A0A1S4FVV7	1	U-01	aegypti	Ae. aegypti
A0A1S4FVW0	2	U-02	aegypti	Ae. aegypti
A0A1S4FVW5	1	U-01	aegypti	Ae. aegypti
A0A1S4FVX9	1	U-01	aegypti	Ae. aegypti
A0A1S4FVY8	1	U-01	aegypti	Ae. aegypti
A0A1S4FW00	1	U-01	aegypti	Ae. aegypti
A0A1S4FW40	1	U-01	aegypti	Ae. aegypti
A0A1S4FW98	1	U-01	aegypti	Ae. aegypti
A0A1S4FWB7	1	U-01	aegypti	Ae. aegypti
A0A1S4FWB9	1	U-01	aegypti	Ae. aegypti
A0A1S4FWD0	0	unassigned	aegypti	Ae. aegypti
A0A1S4FWG0	2	U-02	aegypti	Ae. aegypti
A0A1S4FWG9	1	U-01	aegypti	Ae. aegypti
A0A1S4FWH1	1	U-01	aegypti	Ae. aegypti
A0A1S4FWH2	0	unassigned	aegypti	Ae. aegypti
A0A1S4FWI2	1	U-01	aegypti	Ae. aegypti
A0A1S4FWM4	1	U-01	aegypti	Ae. aegypti
A0A1S4FWP6	1	U-01	aegypti	Ae. aegypti
A0A1S4FWP9	1	U-01	aegypti	Ae. aegypti
A0A1S4FWT8	1	U-01	aegypti	Ae. aegypti
A0A1S4FWU1	1	U-01	aegypti	Ae. aegypti
A0A1S4FWV5	1	U-01	aegypti	Ae. aegypti
A0A1S4FWW4	2	U-02	aegypti	Ae. aegypti
A0A1S4FWW5	1	U-01	aegypti	Ae. aegypti
A0A1S4FWX3	1	U-01	aegypti	Ae. aegypti
A0A1S4FWY9	1	U-01	aegypti	Ae. aegypti
A0A1S4FWZ8	2	U-02	aegypti	Ae. aegypti
A0A1S4FX07	0	unassigned	aegypti	Ae. aegypti
A0A1S4FX13	1	U-01	aegypti	Ae. aegypti
A0A1S4FX34	0	unassigned	aegypti	Ae. aegypti
A0A1S4FX41	0	unassigned	aegypti	Ae. aegypti
A0A1S4FX52	1	U-01	aegypti	Ae. aegypti
A0A1S4FXA3	2	U-02	aegypti	Ae. aegypti
A0A1S4FXA4	1	U-01	aegypti	Ae. aegypti
A0A1S4FXE3	1	U-01	aegypti	Ae. aegypti
A0A1S4FXH0	1	U-01	aegypti	Ae. aegypti
A0A1S4FXI3	2	U-02	aegypti	Ae. aegypti
A0A1S4FXK3	1	U-01	aegypti	Ae. aegypti
A0A1S4FXL9	2	U-02	aegypti	Ae. aegypti
A0A1S4FXP9	1	U-01	aegypti	Ae. aegypti
A0A1S4FXW5	1	U-01	aegypti	Ae. aegypti
A0A1S4FXY5	1	U-01	aegypti	Ae. aegypti
A0A1S4FXY7	2	U-02	aegypti	Ae. aegypti
A0A1S4FXZ9	1	U-01	aegypti	Ae. aegypti
A0A1S4FY17	1	U-01	aegypti	Ae. aegypti
A0A1S4FY35	1	U-01	aegypti	Ae. aegypti
A0A1S4FY63	1	U-01	aegypti	Ae. aegypti
A0A1S4FY86	2	U-02	aegypti	Ae. aegypti
A0A1S4FY93	1	U-01	aegypti	Ae. aegypti
A0A1S4FYA1	0	unassigned	aegypti	Ae. aegypti
A0A1S4FYB6	0	unassigned	aegypti	Ae. aegypti
A0A1S4FYB8	2	U-02	aegypti	Ae. aegypti
A0A1S4FYC2	1	U-01	aegypti	Ae. aegypti
A0A6I8TDK0	1	U-01	aegypti	Ae. aegypti
A0A6I8TDK1	1	U-01	aegypti	Ae. aegypti
A0A6I8TDK2	1	U-01	aegypti	Ae. aegypti
A0A6I8TDK4	1	U-01	aegypti	Ae. aegypti
A0A6I8TDK8	2	U-02	aegypti	Ae. aegypti
A0A6I8TDL4	1	U-01	aegypti	Ae. aegypti
A0A6I8TDL6	2	U-02	aegypti	Ae. aegypti
A0A6I8TDL8	0	unassigned	aegypti	Ae. aegypti
A0A6I8TDN2	1	U-01	aegypti	Ae. aegypti
A0A6I8TDN9	2	U-02	aegypti	Ae. aegypti
A0A6I8TDP3	2	U-02	aegypti	Ae. aegypti
A0A6I8TDP4	1	U-01	aegypti	Ae. aegypti
A0A6I8TDQ3	1	U-01	aegypti	Ae. aegypti
A0A6I8TDQ4	1	U-01	aegypti	Ae. aegypti
A0A6I8TDQ7	1	U-01	aegypti	Ae. aegypti
A0A6I8TDQ9	1	U-01	aegypti	Ae. aegypti
A0A6I8TDR6	1	U-01	aegypti	Ae. aegypti
A0A6I8TDS1	1	U-01	aegypti	Ae. aegypti
A0A6I8TDS2	1	U-01	aegypti	Ae. aegypti
A0A6I8TDS3	1	U-01	aegypti	Ae. aegypti
A0A6I8TDS4	1	U-01	aegypti	Ae. aegypti
A0A6I8TDS8	2	U-02	aegypti	Ae. aegypti
A0A6I8TDT0	1	U-01	aegypti	Ae. aegypti
A0A6I8TDT2	1	U-01	aegypti	Ae. aegypti
A0A6I8TDT5	1	U-01	aegypti	Ae. aegypti
A0A6I8TDT6	1	U-01	aegypti	Ae. aegypti
A0A6I8TDT8	2	U-02	aegypti	Ae. aegypti
A0A6I8TDT9	1	U-01	aegypti	Ae. aegypti
A0A6I8TDU2	0	unassigned	aegypti	Ae. aegypti
A0A6I8TDU5	1	U-01	aegypti	Ae. aegypti
A0A6I8TDU6	2	U-02	aegypti	Ae. aegypti
A0A6I8TDU8	1	U-01	aegypti	Ae. aegypti
A0A6I8TDU9	1	U-01	aegypti	Ae. aegypti
A0A6I8TDV2	1	U-01	aegypti	Ae. aegypti
A0A6I8TDV3	0	unassigned	aegypti	Ae. aegypti
A0A6I8TDV5	1	U-01	aegypti	Ae. aegypti
A0A6I8TDV6	2	U-02	aegypti	Ae. aegypti
A0A6I8TDW4	1	U-01	aegypti	Ae. aegypti
A0A6I8TDW6	2	U-02	aegypti	Ae. aegypti
A0A6I8TDX1	1	U-01	aegypti	Ae. aegypti
A0A6I8TDX3	2	U-02	aegypti	Ae. aegypti
A0A6I8TDX7	1	U-01	aegypti	Ae. aegypti
A0A6I8TDZ1	1	U-01	aegypti	Ae. aegypti
A0A6I8TDZ3	1	U-01	aegypti	Ae. aegypti
A0A6I8TDZ7	2	U-02	aegypti	Ae. aegypti
A0A6I8TDZ8	1	U-01	aegypti	Ae. aegypti
A0A6I8TE00	1	U-01	aegypti	Ae. aegypti
A0A6I8TPA1	0	unassigned	aegypti	Ae. aegypti
A0A6I8TPA2	1	U-01	aegypti	Ae. aegypti
A0A6I8TPA6	0	unassigned	aegypti	Ae. aegypti
A0A6I8TPB1	0	unassigned	aegypti	Ae. aegypti
A0A6I8TPB5	1	U-01	aegypti	Ae. aegypti
A0A6I8TPB6	1	U-01	aegypti	Ae. aegypti
A0A6I8TPB7	1	U-01	aegypti	Ae. aegypti
A0A6I8TPB9	1	U-01	aegypti	Ae. aegypti
A0A6I8TPC0	1	U-01	aegypti	Ae. aegypti
A0A6I8TPC2	1	U-01	aegypti	Ae. aegypti
A0A6I8TPC5	0	unassigned	aegypti	Ae. aegypti
A0A6I8TPC6	1	U-01	aegypti	Ae. aegypti
A0A6I8TPC9	0	unassigned	aegypti	Ae. aegypti
A0A6I8TPD1	1	U-01	aegypti	Ae. aegypti
A0A6I8TPD5	1	U-01	aegypti	Ae. aegypti
A0A6I8TPD7	2	U-02	aegypti	Ae. aegypti
A0A6I8TPE0	1	U-01	aegypti	Ae. aegypti
A0A6I8TPE2	1	U-01	aegypti	Ae. aegypti
A0A6I8TPE4	1	U-01	aegypti	Ae. aegypti
A0A6I8TPE8	0	unassigned	aegypti	Ae. aegypti
A0A6I8TPE9	1	U-01	aegypti	Ae. aegypti
A0A6I8TPF4	1	U-01	aegypti	Ae. aegypti
A0A6I8TPG2	1	U-01	aegypti	Ae. aegypti
A0A6I8TPG5	1	U-01	aegypti	Ae. aegypti
A0A6I8TPH0	2	U-02	aegypti	Ae. aegypti
A0A6I8TPH2	0	unassigned	aegypti	Ae. aegypti
A0A6I8TPH3	1	U-01	aegypti	Ae. aegypti
A0A6I8TPH5	1	U-01	aegypti	Ae. aegypti
A0A6I8TPH7	0	unassigned	aegypti	Ae. aegypti
A0A6I8TPI1	1	U-01	aegypti	Ae. aegypti
A0A6I8TPI3	0	unassigned	aegypti	Ae. aegypti
A0A6I8TPI4	1	U-01	aegypti	Ae. aegypti
A0A6I8TPI5	1	U-01	aegypti	Ae. aegypti
A0A6I8TPJ6	1	U-01	aegypti	Ae. aegypti
A0A6I8TPJ9	1	U-01	aegypti	Ae. aegypti
A0A6I8TPL3	2	U-02	aegypti	Ae. aegypti
A0A6I8TPL7	1	U-01	aegypti	Ae. aegypti
A0A6I8TPM4	1	U-01	aegypti	Ae. aegypti
A0A6I8TPM7	2	U-02	aegypti	Ae. aegypti
A0A6I8TPN9	1	U-01	aegypti	Ae. aegypti
A0A6I8TPP2	1	U-01	aegypti	Ae. aegypti
A0A6I8TPP3	0	unassigned	aegypti	Ae. aegypti
A0A6I8TPP5	0	unassigned	aegypti	Ae. aegypti
A0A6I8TPP6	1	U-01	aegypti	Ae. aegypti
A0A6I8TPP7	1	U-01	aegypti	Ae. aegypti
A0A6I8TPP8	1	U-01	aegypti	Ae. aegypti
A0A6I8TPQ0	0	unassigned	aegypti	Ae. aegypti
A0A6I8TPQ4	1	U-01	aegypti	Ae. aegypti
A0A6I8TPQ5	0	unassigned	aegypti	Ae. aegypti
A0A6I8TPQ9	0	unassigned	aegypti	Ae. aegypti
A0A6I8TPR0	1	U-01	aegypti	Ae. aegypti
A0A6I8TPR1	0	unassigned	aegypti	Ae. aegypti
A0A6I8TPR3	2	U-02	aegypti	Ae. aegypti
A0A6I8TF18	1	U-01	aegypti	Ae. aegypti
A0A6I8TF21	0	unassigned	aegypti	Ae. aegypti
A0A6I8TF30	1	U-01	aegypti	Ae. aegypti
A0A6I8TF31	0	unassigned	aegypti	Ae. aegypti
A0A6I8TF32	2	U-02	aegypti	Ae. aegypti
A0A6I8TF33	1	U-01	aegypti	Ae. aegypti
A0A6I8TF36	0	unassigned	aegypti	Ae. aegypti
A0A6I8TF38	1	U-01	aegypti	Ae. aegypti
A0A6I8TF39	1	U-01	aegypti	Ae. aegypti
A0A6I8TF41	1	U-01	aegypti	Ae. aegypti
A0A6I8TF43	1	U-01	aegypti	Ae. aegypti
A0A6I8TF45	1	U-01	aegypti	Ae. aegypti
A0A6I8TF46	2	U-02	aegypti	Ae. aegypti
A0A6I8TF47	2	U-02	aegypti	Ae. aegypti
A0A6I8TF48	1	U-01	aegypti	Ae. aegypti
A0A6I8TF53	2	U-02	aegypti	Ae. aegypti
A0A6I8TF56	2	U-02	aegypti	Ae. aegypti
A0A6I8TF58	0	unassigned	aegypti	Ae. aegypti
A0A6I8TF67	1	U-01	aegypti	Ae. aegypti
A0A6I8TF72	1	U-01	aegypti	Ae. aegypti
A0A6I8TF75	1	U-01	aegypti	Ae. aegypti
A0A6I8TF76	1	U-01	aegypti	Ae. aegypti
A0A6I8TF77	0	unassigned	aegypti	Ae. aegypti
A0A6I8TF79	1	U-01	aegypti	Ae. aegypti
A0A6I8TF91	1	U-01	aegypti	Ae. aegypti
A0A6I8TF93	0	unassigned	aegypti	Ae. aegypti
A0A6I8TF94	1	U-01	aegypti	Ae. aegypti
A0A6I8TF97	1	U-01	aegypti	Ae. aegypti
A0A6I8TF98	1	U-01	aegypti	Ae. aegypti
A0A6I8TFA6	1	U-01	aegypti	Ae. aegypti
A0A6I8TFA8	1	U-01	aegypti	Ae. aegypti
A0A6I8TFB0	1	U-01	aegypti	Ae. aegypti
A0A6I8TFB2	2	U-02	aegypti	Ae. aegypti
A0A6I8TFB6	1	U-01	aegypti	Ae. aegypti
A0A6I8TFB7	1	U-01	aegypti	Ae. aegypti
A0A6I8TFC8	1	U-01	aegypti	Ae. aegypti
A0A6I8TFD6	1	U-01	aegypti	Ae. aegypti
A0A6I8TFE4	1	U-01	aegypti	Ae. aegypti
A0A6I8TFE5	1	U-01	aegypti	Ae. aegypti
A0A6I8TFE6	1	U-01	aegypti	Ae. aegypti
A0A6I8TFE7	2	U-02	aegypti	Ae. aegypti
A0A6I8TFF3	1	U-01	aegypti	Ae. aegypti
A0A6I8TFF7	1	U-01	aegypti	Ae. aegypti
A0A6I8TFH1	2	U-02	aegypti	Ae. aegypti
A0A6I8TFH4	2	U-02	aegypti	Ae. aegypti
A0A6I8TFH5	2	U-02	aegypti	Ae. aegypti
A0A6I8TFH6	2	U-02	aegypti	Ae. aegypti
A0A6I8TFH7	0	unassigned	aegypti	Ae. aegypti
A0A6I8TFH8	0	unassigned	aegypti	Ae. aegypti
A0A6I8TFH9	1	U-01	aegypti	Ae. aegypti
A0A6I8TFI0	2	U-02	aegypti	Ae. aegypti
A0A6I8TFI2	2	U-02	aegypti	Ae. aegypti
A0A6I8TFI4	1	U-01	aegypti	Ae. aegypti
A0A6I8TFI6	1	U-01	aegypti	Ae. aegypti
A0A6I8TFI8	1	U-01	aegypti	Ae. aegypti
A0A6I8TFI9	1	U-01	aegypti	Ae. aegypti
A0A6I8TFJ2	1	U-01	aegypti	Ae. aegypti
A0A6I8TFJ8	1	U-01	aegypti	Ae. aegypti
A0A6I8TFK7	1	U-01	aegypti	Ae. aegypti
A0A6I8TFK9	1	U-01	aegypti	Ae. aegypti
A0A6I8TFL0	0	unassigned	aegypti	Ae. aegypti
A0A6I8TFL1	2	U-02	aegypti	Ae. aegypti
A0A6I8TFL5	1	U-01	aegypti	Ae. aegypti
A0A6I8TFL6	1	U-01	aegypti	Ae. aegypti
A0A6I8TFM3	2	U-02	aegypti	Ae. aegypti
A0A6I8TFM8	0	unassigned	aegypti	Ae. aegypti
A0A6I8TFN2	1	U-01	aegypti	Ae. aegypti
A0A6I8TFN4	0	unassigned	aegypti	Ae. aegypti
A0A6I8TFP5	0	unassigned	aegypti	Ae. aegypti
A0A6I8TFP6	1	U-01	aegypti	Ae. aegypti
A0A6I8TFP7	1	U-01	aegypti	Ae. aegypti
A0A6I8TFQ0	2	U-02	aegypti	Ae. aegypti
A0A6I8TFQ1	1	U-01	aegypti	Ae. aegypti
A0A6I8TFQ5	1	U-01	aegypti	Ae. aegypti
A0A6I8TFQ6	2	U-02	aegypti	Ae. aegypti
A0A6I8TFR9	1	U-01	aegypti	Ae. aegypti
A0A6I8TFS0	2	U-02	aegypti	Ae. aegypti
A0A6I8TFS1	1	U-01	aegypti	Ae. aegypti
A0A6I8TFS4	1	U-01	aegypti	Ae. aegypti
A0A6I8TFS5	1	U-01	aegypti	Ae. aegypti
A0A6I8TFS6	2	U-02	aegypti	Ae. aegypti
A0A6I8TFU0	1	U-01	aegypti	Ae. aegypti
A0A6I8TFU1	1	U-01	aegypti	Ae. aegypti
A0A6I8TFU2	0	unassigned	aegypti	Ae. aegypti
A0A6I8TFU7	1	U-01	aegypti	Ae. aegypti
A0A6I8TFV0	1	U-01	aegypti	Ae. aegypti
A0A6I8TFV3	1	U-01	aegypti	Ae. aegypti
A0A6I8TFV9	1	U-01	aegypti	Ae. aegypti
A0A6I8TFW0	1	U-01	aegypti	Ae. aegypti
A0A6I8TFW4	1	U-01	aegypti	Ae. aegypti
A0A6I8TFW8	1	U-01	aegypti	Ae. aegypti
A0A6I8TFX6	1	U-01	aegypti	Ae. aegypti
A0A6I8TFX7	1	U-01	aegypti	Ae. aegypti
A0A6I8TFX9	2	U-02	aegypti	Ae. aegypti
A0A6I8TFY0	1	U-01	aegypti	Ae. aegypti
A0A6I8TFY2	1	U-01	aegypti	Ae. aegypti
A0A6I8TFY4	1	U-01	aegypti	Ae. aegypti
A0A6I8TFY8	0	unassigned	aegypti	Ae. aegypti
A0A6I8TFY9	0	unassigned	aegypti	Ae. aegypti
A0A6I8TFZ1	1	U-01	aegypti	Ae. aegypti
A0A6I8U6Y9	2	U-02	aegypti	Ae. aegypti
A0A6I8U6Z0	1	U-01	aegypti	Ae. aegypti
A0A6I8U6Z1	1	U-01	aegypti	Ae. aegypti
A0A6I8U6Z3	1	U-01	aegypti	Ae. aegypti
A0A6I8U6Z5	2	U-02	aegypti	Ae. aegypti
A0A6I8U704	0	unassigned	aegypti	Ae. aegypti
A0A6I8U706	1	U-01	aegypti	Ae. aegypti
A0A6I8U708	1	U-01	aegypti	Ae. aegypti
A0A6I8U712	1	U-01	aegypti	Ae. aegypti
A0A6I8U713	2	U-02	aegypti	Ae. aegypti
A0A6I8U714	1	U-01	aegypti	Ae. aegypti
A0A6I8U716	1	U-01	aegypti	Ae. aegypti
A0A6I8U717	1	U-01	aegypti	Ae. aegypti
A0A6I8U721	2	U-02	aegypti	Ae. aegypti
A0A6I8U729	1	U-01	aegypti	Ae. aegypti
A0A6I8U731	0	unassigned	aegypti	Ae. aegypti
A0A6I8U733	1	U-01	aegypti	Ae. aegypti
A0A6I8U734	1	U-01	aegypti	Ae. aegypti
A0A6I8U736	1	U-01	aegypti	Ae. aegypti
A0A6I8U739	0	unassigned	aegypti	Ae. aegypti
A0A6I8U742	1	U-01	aegypti	Ae. aegypti
A0A6I8U744	1	U-01	aegypti	Ae. aegypti
A0A6I8U745	0	unassigned	aegypti	Ae. aegypti
A0A6I8U746	1	U-01	aegypti	Ae. aegypti
A0A6I8U747	0	unassigned	aegypti	Ae. aegypti
A0A6I8U750	1	U-01	aegypti	Ae. aegypti
A0A6I8U753	1	U-01	aegypti	Ae. aegypti
A0A6I8U754	1	U-01	aegypti	Ae. aegypti
A0A6I8U755	1	U-01	aegypti	Ae. aegypti
A0A6I8U756	0	unassigned	aegypti	Ae. aegypti
A0A6I8U757	1	U-01	aegypti	Ae. aegypti
A0A6I8U758	2	U-02	aegypti	Ae. aegypti
A0A6I8U761	2	U-02	aegypti	Ae. aegypti
A0A6I8U762	0	unassigned	aegypti	Ae. aegypti
A0A6I8U765	2	U-02	aegypti	Ae. aegypti
A0A6I8U768	2	U-02	aegypti	Ae. aegypti
A0A6I8U774	2	U-02	aegypti	Ae. aegypti
A0A6I8U776	1	U-01	aegypti	Ae. aegypti
A0A6I8U777	1	U-01	aegypti	Ae. aegypti
A0A6I8U780	0	unassigned	aegypti	Ae. aegypti
A0A6I8U783	2	U-02	aegypti	Ae. aegypti
A0A6I8U785	1	U-01	aegypti	Ae. aegypti
A0A6I8U787	0	unassigned	aegypti	Ae. aegypti
A0A6I8U792	2	U-02	aegypti	Ae. aegypti
A0A6I8U793	1	U-01	aegypti	Ae. aegypti
A0A6I8U794	1	U-01	aegypti	Ae. aegypti
A0A6I8U795	1	U-01	aegypti	Ae. aegypti
A0A6I8U797	0	unassigned	aegypti	Ae. aegypti
A0A6I8U799	1	U-01	aegypti	Ae. aegypti
A0A6I8U7A0	1	U-01	aegypti	Ae. aegypti
A0A6I8U7A1	0	unassigned	aegypti	Ae. aegypti
A0A6I8U7A3	1	U-01	aegypti	Ae. aegypti
A0A6I8U7A4	1	U-01	aegypti	Ae. aegypti
A0A6I8U7A5	2	U-02	aegypti	Ae. aegypti
A0A6I8U7A8	0	unassigned	aegypti	Ae. aegypti
A0A6I8U7B4	0	unassigned	aegypti	Ae. aegypti
A0A6I8U7B5	1	U-01	aegypti	Ae. aegypti
A0A6I8U7C0	1	U-01	aegypti	Ae. aegypti
A0A6I8U7C1	0	unassigned	aegypti	Ae. aegypti
A0A6I8U7C2	1	U-01	aegypti	Ae. aegypti
A0A6I8U7C3	1	U-01	aegypti	Ae. aegypti
A0A6I8U7C4	0	unassigned	aegypti	Ae. aegypti
A0A6I8U7C5	2	U-02	aegypti	Ae. aegypti
A0A6I8U7C7	1	U-01	aegypti	Ae. aegypti
A0A6I8U7C8	1	U-01	aegypti	Ae. aegypti
A0A6I8U7D2	1	U-01	aegypti	Ae. aegypti
A0A6I8U7D3	0	unassigned	aegypti	Ae. aegypti
A0A6I8U7D7	1	U-01	aegypti	Ae. aegypti
A0A6I8U7D8	1	U-01	aegypti	Ae. aegypti
A0A6I8U7E6	1	U-01	aegypti	Ae. aegypti
A0A6I8U7E8	1	U-01	aegypti	Ae. aegypti
A0A6I8U7F0	1	U-01	aegypti	Ae. aegypti
A0A6I8U7F1	1	U-01	aegypti	Ae. aegypti
A0A6I8U7F2	1	U-01	aegypti	Ae. aegypti
A0A6I8U7F6	1	U-01	aegypti	Ae. aegypti
A0A6I8U7F8	2	U-02	aegypti	Ae. aegypti
A0A6I8U7G0	1	U-01	aegypti	Ae. aegypti
A0A6I8U7G1	2	U-02	aegypti	Ae. aegypti
A0A6I8U7G3	1	U-01	aegypti	Ae. aegypti
A0A6I8U7G4	2	U-02	aegypti	Ae. aegypti
A0A6I8U7G5	2	U-02	aegypti	Ae. aegypti
A0A6I8U9D3	1	U-01	aegypti	Ae. aegypti
A0A6I8U9D4	2	U-02	aegypti	Ae. aegypti
A0A6I8U9D5	1	U-01	aegypti	Ae. aegypti
A0A6I8U9D9	2	U-02	aegypti	Ae. aegypti
A0A6I8U9E1	1	U-01	aegypti	Ae. aegypti
A0A6I8U9E3	1	U-01	aegypti	Ae. aegypti
A0A6I8U9E9	1	U-01	aegypti	Ae. aegypti
A0A6I8U9F1	2	U-02	aegypti	Ae. aegypti
A0A6I8U9F4	2	U-02	aegypti	Ae. aegypti
A0A6I8U9G1	1	U-01	aegypti	Ae. aegypti
A0A6I8U9G8	1	U-01	aegypti	Ae. aegypti
A0A6I8U9G9	1	U-01	aegypti	Ae. aegypti
A0A6I8U9H1	2	U-02	aegypti	Ae. aegypti
A0A6I8U9H4	0	unassigned	aegypti	Ae. aegypti
A0A6I8U9H5	0	unassigned	aegypti	Ae. aegypti
A0A6I8U9H6	2	U-02	aegypti	Ae. aegypti
A0A6I8U9H7	2	U-02	aegypti	Ae. aegypti
A0A6I8U9I0	1	U-01	aegypti	Ae. aegypti
A0A6I8U9I1	0	unassigned	aegypti	Ae. aegypti
A0A6I8U9I2	0	unassigned	aegypti	Ae. aegypti
A0A6I8U9I6	0	unassigned	aegypti	Ae. aegypti
A0A6I8U9I7	1	U-01	aegypti	Ae. aegypti
A0A6I8U9J1	0	unassigned	aegypti	Ae. aegypti
A0A6I8U9J2	1	U-01	aegypti	Ae. aegypti
A0A6I8U9J7	1	U-01	aegypti	Ae. aegypti
A0A6I8U9J8	1	U-01	aegypti	Ae. aegypti
A0A6I8U9K0	1	U-01	aegypti	Ae. aegypti
A0A6I8U9K2	1	U-01	aegypti	Ae. aegypti
A0A6I8U9K7	1	U-01	aegypti	Ae. aegypti
A0A6I8U9L0	1	U-01	aegypti	Ae. aegypti
A0A6I8U9L2	2	U-02	aegypti	Ae. aegypti
A0A6I8U9L3	0	unassigned	aegypti	Ae. aegypti
A0A6I8U9L5	1	U-01	aegypti	Ae. aegypti
A0A6I8U9L9	1	U-01	aegypti	Ae. aegypti
A0A6I8U9M0	1	U-01	aegypti	Ae. aegypti
A0A6I8U9M1	1	U-01	aegypti	Ae. aegypti
A0A6I8U9M3	1	U-01	aegypti	Ae. aegypti
A0A6I8U9M5	2	U-02	aegypti	Ae. aegypti
A0A6I8U9M7	1	U-01	aegypti	Ae. aegypti
A0A6I8U9N1	1	U-01	aegypti	Ae. aegypti
A0A6I8U9N8	1	U-01	aegypti	Ae. aegypti
A0A6I8U9N9	1	U-01	aegypti	Ae. aegypti
A0A6I8U9P2	1	U-01	aegypti	Ae. aegypti
A0A6I8U9P3	1	U-01	aegypti	Ae. aegypti
A0A6I8U9P5	1	U-01	aegypti	Ae. aegypti
A0A6I8U9Q0	1	U-01	aegypti	Ae. aegypti
A0A6I8U9Q1	1	U-01	aegypti	Ae. aegypti
A0A6I8U9Q2	1	U-01	aegypti	Ae. aegypti
A0A6I8U9Q4	2	U-02	aegypti	Ae. aegypti
A0A6I8U9Q5	0	unassigned	aegypti	Ae. aegypti
A0A6I8U9Q9	0	unassigned	aegypti	Ae. aegypti
A0A6I8U9R0	0	unassigned	aegypti	Ae. aegypti
A0A6I8U9R2	1	U-01	aegypti	Ae. aegypti
A0A6I8U9R4	1	U-01	aegypti	Ae. aegypti
A0A6I8U9R7	1	U-01	aegypti	Ae. aegypti
A0A6I8U9R8	1	U-01	aegypti	Ae. aegypti
A0A6I8U9S0	1	U-01	aegypti	Ae. aegypti
A0A6I8U9S2	1	U-01	aegypti	Ae. aegypti
A0A6I8U9S3	1	U-01	aegypti	Ae. aegypti
A0A6I8U9S6	1	U-01	aegypti	Ae. aegypti
A0A6I8U9S7	1	U-01	aegypti	Ae. aegypti
A0A6I8U9S8	1	U-01	aegypti	Ae. aegypti
A0A6I8U9T1	0	unassigned	aegypti	Ae. aegypti
A0A6I8U9T2	1	U-01	aegypti	Ae. aegypti
A0A6I8U9T6	1	U-01	aegypti	Ae. aegypti
A0A6I8U9T7	1	U-01	aegypti	Ae. aegypti
A0A6I8U9U1	1	U-01	aegypti	Ae. aegypti
A0A6I8U9U2	0	unassigned	aegypti	Ae. aegypti
A0A6I8U9U4	0	unassigned	aegypti	Ae. aegypti
A0A6I8U9U6	0	unassigned	aegypti	Ae. aegypti
A0A6I8U9U9	1	U-01	aegypti	Ae. aegypti
A0A6I8U9V1	1	U-01	aegypti	Ae. aegypti
A0A6I8U9V8	1	U-01	aegypti	Ae. aegypti
A0A6I8U9W1	1	U-01	aegypti	Ae. aegypti
A0A6I8U9W4	1	U-01	aegypti	Ae. aegypti
A0A6I8U9W7	1	U-01	aegypti	Ae. aegypti
A0A6I8U9X0	2	U-02	aegypti	Ae. aegypti
A0A6I8U9X1	2	U-02	aegypti	Ae. aegypti
A0A6I8U9X3	0	unassigned	aegypti	Ae. aegypti
A0A6I8U9X7	1	U-01	aegypti	Ae. aegypti
A0A6I8U9X8	1	U-01	aegypti	Ae. aegypti
A0A6I8U9X9	1	U-01	aegypti	Ae. aegypti
A0A6I8U9Y4	2	U-02	aegypti	Ae. aegypti
A0A6I8U9Y5	1	U-01	aegypti	Ae. aegypti
A0A6I8U9Y7	1	U-01	aegypti	Ae. aegypti
A0A6I8U9Y9	1	U-01	aegypti	Ae. aegypti
A0A6I8U9Z3	1	U-01	aegypti	Ae. aegypti
A0A6I8U9Z5	1	U-01	aegypti	Ae. aegypti
A0A6I8U9Z6	1	U-01	aegypti	Ae. aegypti
A0A6I8U9Z8	1	U-01	aegypti	Ae. aegypti
A0A6I8UA02	1	U-01	aegypti	Ae. aegypti
A0A6I8UA06	1	U-01	aegypti	Ae. aegypti
A0A6I8UA09	2	U-02	aegypti	Ae. aegypti
A0A6I8UA10	1	U-01	aegypti	Ae. aegypti
A0A6I8UA15	1	U-01	aegypti	Ae. aegypti
A0A6I8UA19	1	U-01	aegypti	Ae. aegypti
A0A6I8UA21	1	U-01	aegypti	Ae. aegypti
A0A6I8UA26	1	U-01	aegypti	Ae. aegypti
A0A6I8UA27	1	U-01	aegypti	Ae. aegypti
A0A6I8UA37	1	U-01	aegypti	Ae. aegypti
A0A6I8UA38	1	U-01	aegypti	Ae. aegypti
A0A6I8UA39	1	U-01	aegypti	Ae. aegypti
A0A6I8UA41	0	unassigned	aegypti	Ae. aegypti
A0A6I8UA47	1	U-01	aegypti	Ae. aegypti
A0A6I8UA48	1	U-01	aegypti	Ae. aegypti
A0A6I8UA49	2	U-02	aegypti	Ae. aegypti
A0A6I8UA50	1	U-01	aegypti	Ae. aegypti
A0A6I8UA51	1	U-01	aegypti	Ae. aegypti
A0A6I8UA54	0	unassigned	aegypti	Ae. aegypti
A0A6I8UA55	2	U-02	aegypti	Ae. aegypti
A0A6I8UA56	0	unassigned	aegypti	Ae. aegypti
A0A6I8UA57	1	U-01	aegypti	Ae. aegypti
A0A6I8UA63	2	U-02	aegypti	Ae. aegypti
A0A6I8UA64	1	U-01	aegypti	Ae. aegypti
A0A6I8UA65	1	U-01	aegypti	Ae. aegypti
A0A6I8UA71	2	U-02	aegypti	Ae. aegypti
A0A6I8UA72	2	U-02	aegypti	Ae. aegypti
A0A6R5GXV4	2	U-02	aegypti	Ae. aegypti
A0A6R5GYA7	1	U-01	aegypti	Ae. aegypti
A0A6R5GZB2	2	U-02	aegypti	Ae. aegypti
A0A6R5GZE7	1	U-01	aegypti	Ae. aegypti
A0A6R5H1C4	1	U-01	aegypti	Ae. aegypti
A0A6R5H469	1	U-01	aegypti	Ae. aegypti
A0A6R5H595	2	U-02	aegypti	Ae. aegypti
A0A6R5H596	1	U-01	aegypti	Ae. aegypti
A0A6R5H6I1	0	unassigned	aegypti	Ae. aegypti
A0A6R5H8E9	1	U-01	aegypti	Ae. aegypti
A0A6R5HAG4	1	U-01	aegypti	Ae. aegypti
A0A6R5HAP5	1	U-01	aegypti	Ae. aegypti
A0A6R5HDQ0	1	U-01	aegypti	Ae. aegypti
A0A6R5HJ12	1	U-01	aegypti	Ae. aegypti
A0A6R5HJ42	1	U-01	aegypti	Ae. aegypti
A0A6R5HJW9	1	U-01	aegypti	Ae. aegypti
A0A6R5HK66	1	U-01	aegypti	Ae. aegypti
A0A6R5HLE4	1	U-01	aegypti	Ae. aegypti
A0A6R5HM39	1	U-01	aegypti	Ae. aegypti
A0A6R5HP32	1	U-01	aegypti	Ae. aegypti
A0A6R5HRJ7	2	U-02	aegypti	Ae. aegypti
A0A6R5HSM5	1	U-01	aegypti	Ae. aegypti
A0A6R5HSW5	1	U-01	aegypti	Ae. aegypti
A0A6R5HUS3	1	U-01	aegypti	Ae. aegypti
A0A6R5HUT9	2	U-02	aegypti	Ae. aegypti
A0A6R5HVJ1	1	U-01	aegypti	Ae. aegypti
A0A6R5HW69	1	U-01	aegypti	Ae. aegypti
A0A6R5HYW8	0	unassigned	aegypti	Ae. aegypti
A0A6R5HZA0	1	U-01	aegypti	Ae. aegypti
A0A6R5HZB5	2	U-02	aegypti	Ae. aegypti
A0A6R5I0K4	1	U-01	aegypti	Ae. aegypti
A0A6R5I0K7	2	U-02	aegypti	Ae. aegypti
A0A6R5I0L7	1	U-01	aegypti	Ae. aegypti
A0A6R5I0X0	1	U-01	aegypti	Ae. aegypti
A0A6R5I1A1	0	unassigned	aegypti	Ae. aegypti
A0A6R5I1G6	1	U-01	aegypti	Ae. aegypti
A0A6R5I1L6	1	U-01	aegypti	Ae. aegypti
A0A6R5I232	1	U-01	aegypti	Ae. aegypti
A0A6R5I375	1	U-01	aegypti	Ae. aegypti
A0A6R5I4H7	1	U-01	aegypti	Ae. aegypti
A0A6R5I5V1	1	U-01	aegypti	Ae. aegypti
A0A6R5I6Y6	1	U-01	aegypti	Ae. aegypti
A0A6R5I784	1	U-01	aegypti	Ae. aegypti
A0A6R5I8N7	1	U-01	aegypti	Ae. aegypti
A0A6R5I8T8	2	U-02	aegypti	Ae. aegypti
A0A6R5I9B0	1	U-01	aegypti	Ae. aegypti
A0A6R5I9W9	1	U-01	aegypti	Ae. aegypti
A0A6R5IBC4	0	unassigned	aegypti	Ae. aegypti
A0A6R5IE97	1	U-01	aegypti	Ae. aegypti
A0A6R5IGW3	0	unassigned	aegypti	Ae. aegypti
A0A6R5IJ18	1	U-01	aegypti	Ae. aegypti
A0A6R5IKT8	1	U-01	aegypti	Ae. aegypti
A0A6R5ILE7	1	U-01	aegypti	Ae. aegypti
A0A6R5IQX6	2	U-02	aegypti	Ae. aegypti
A0A6R8GEB1	1	U-01	aegypti	Ae. aegypti
A0A6R8GG01	1	U-01	aegypti	Ae. aegypti
A0A6R8GGQ6	1	U-01	aegypti	Ae. aegypti
A0A6R8GIM8	2	U-02	aegypti	Ae. aegypti
A0A6R8GIT5	1	U-01	aegypti	Ae. aegypti
A0A6R8GJK7	1	U-01	aegypti	Ae. aegypti
A0A6R8GKW9	1	U-01	aegypti	Ae. aegypti
A0A6R8GL99	1	U-01	aegypti	Ae. aegypti
A0A6R8GM13	1	U-01	aegypti	Ae. aegypti
A0A6R8GM31	1	U-01	aegypti	Ae. aegypti
A0A6R8GMI1	1	U-01	aegypti	Ae. aegypti
A0A6R8GN46	1	U-01	aegypti	Ae. aegypti
A0A6R8GPU3	1	U-01	aegypti	Ae. aegypti
A0A6R8GT87	1	U-01	aegypti	Ae. aegypti
A0A6R8GXD8	1	U-01	aegypti	Ae. aegypti
A0A6R8KFF3	1	U-01	aegypti	Ae. aegypti
A0A6R8KG41	1	U-01	aegypti	Ae. aegypti
A0A6R8KJ41	0	unassigned	aegypti	Ae. aegypti
A0A6R8KKC9	0	unassigned	aegypti	Ae. aegypti
A0A6S4FMF9	2	U-02	aegypti	Ae. aegypti
A0A6S4FN27	1	U-01	aegypti	Ae. aegypti
A0A6S4FNC5	1	U-01	aegypti	Ae. aegypti
A0A6S4FRA7	1	U-01	aegypti	Ae. aegypti
A0A7M4GB28	1	U-01	aegypti	Ae. aegypti
A0A7M4GFB4	1	U-01	aegypti	Ae. aegypti
A0A7M4H271	1	U-01	aegypti	Ae. aegypti
A0A7N3WGF6	1	U-01	aegypti	Ae. aegypti
A0A7N3WGV3	1	U-01	aegypti	Ae. aegypti
A0A7N4YH63	1	U-01	aegypti	Ae. aegypti
A0A8W7GZ47	1	U-01	aegypti	Ae. aegypti
A0A8W7GZC5	2	U-02	aegypti	Ae. aegypti
A0A8W7GZH4	1	U-01	aegypti	Ae. aegypti
A0A8W7H1J1	1	U-01	aegypti	Ae. aegypti
A0A8W7H3I0	1	U-01	aegypti	Ae. aegypti
A0A8W7H4I9	1	U-01	aegypti	Ae. aegypti
A0A8W7H4T3	1	U-01	aegypti	Ae. aegypti
A0A8W7H527	0	unassigned	aegypti	Ae. aegypti
A0A8W7H549	0	unassigned	aegypti	Ae. aegypti
A0A8W7H886	1	U-01	aegypti	Ae. aegypti
A0A8W7HBN6	1	U-01	aegypti	Ae. aegypti
A0A8W7HBV2	1	U-01	aegypti	Ae. aegypti
A0A8W7HD26	2	U-02	aegypti	Ae. aegypti
A0A8W7HEJ9	1	U-01	aegypti	Ae. aegypti
A0A8W7HF01	1	U-01	aegypti	Ae. aegypti
A0A8W7HF39	1	U-01	aegypti	Ae. aegypti
A0A8W7HG78	1	U-01	aegypti	Ae. aegypti
A0A8W7HGC2	1	U-01	aegypti	Ae. aegypti
A0A8W7HH86	1	U-01	aegypti	Ae. aegypti
A0A6I8TX51	1	U-01	aegypti	Ae. aegypti
A0A6I8TX55	1	U-01	aegypti	Ae. aegypti
A0A6I8TX72	1	U-01	aegypti	Ae. aegypti
A0A6I8TX96	2	U-02	aegypti	Ae. aegypti
A0A6I8TXH6	1	U-01	aegypti	Ae. aegypti
A0A6I8TXJ3	2	U-02	aegypti	Ae. aegypti
A0A6I8TXK0	1	U-01	aegypti	Ae. aegypti
A0A6I8TXN8	1	U-01	aegypti	Ae. aegypti
A0A6I8TXP7	1	U-01	aegypti	Ae. aegypti
A0A6I8TXQ9	2	U-02	aegypti	Ae. aegypti
A0A6I8TXV0	1	U-01	aegypti	Ae. aegypti
A0A6I8TXY9	1	U-01	aegypti	Ae. aegypti
A0A6I8TY36	1	U-01	aegypti	Ae. aegypti
A0A6I8TY40	1	U-01	aegypti	Ae. aegypti
A0A6I8TY55	1	U-01	aegypti	Ae. aegypti
A0A6I8TY56	1	U-01	aegypti	Ae. aegypti
A0A6I8TY70	1	U-01	aegypti	Ae. aegypti
A0A6I8TYA4	2	U-02	aegypti	Ae. aegypti
A0A6I8TYA8	2	U-02	aegypti	Ae. aegypti
A0A6I8TYB2	2	U-02	aegypti	Ae. aegypti
A0A6I8TYD4	2	U-02	aegypti	Ae. aegypti
A0A6I8TYE3	1	U-01	aegypti	Ae. aegypti
A0A6I8TYE5	1	U-01	aegypti	Ae. aegypti
A0A6I8TYF3	1	U-01	aegypti	Ae. aegypti
A0A6I8TYJ6	1	U-01	aegypti	Ae. aegypti
A0A6I8TYM4	1	U-01	aegypti	Ae. aegypti
A0A6I8TYR9	1	U-01	aegypti	Ae. aegypti
A0A6I8TYS7	1	U-01	aegypti	Ae. aegypti
A0A6I8TYV9	1	U-01	aegypti	Ae. aegypti
A0A6I8TYX6	1	U-01	aegypti	Ae. aegypti
A0A6I8TYZ3	1	U-01	aegypti	Ae. aegypti
A0A6I8TZ03	1	U-01	aegypti	Ae. aegypti
A0A6I8TZ17	1	U-01	aegypti	Ae. aegypti
A0A6I8TZ56	2	U-02	aegypti	Ae. aegypti
A0A6I8TZD3	1	U-01	aegypti	Ae. aegypti
A0A6I8TZD4	1	U-01	aegypti	Ae. aegypti
A0A6I8TZN2	1	U-01	aegypti	Ae. aegypti
A0A6I8TZS8	1	U-01	aegypti	Ae. aegypti
A0A6I8TZU5	1	U-01	aegypti	Ae. aegypti
A0A6I8TZU6	1	U-01	aegypti	Ae. aegypti
A0A6I8TZY4	1	U-01	aegypti	Ae. aegypti
A0A6I8TZZ6	1	U-01	aegypti	Ae. aegypti
A0A6I8U019	2	U-02	aegypti	Ae. aegypti
A0A6I8U037	2	U-02	aegypti	Ae. aegypti
A0A6I8U0K9	1	U-01	aegypti	Ae. aegypti
A0A6I8U0N8	1	U-01	aegypti	Ae. aegypti
A0A6I8U0P3	1	U-01	aegypti	Ae. aegypti
A0A6I8U0V9	1	U-01	aegypti	Ae. aegypti
A0A6I8U113	0	unassigned	aegypti	Ae. aegypti
A0A6I8U1B9	1	U-01	aegypti	Ae. aegypti
A0A6I8U1D3	1	U-01	aegypti	Ae. aegypti
A0A6I8U1L8	1	U-01	aegypti	Ae. aegypti
A0A6I8T9K8	1	U-01	aegypti	Ae. aegypti
A0A6I8T9L2	1	U-01	aegypti	Ae. aegypti
A0A6I8T9L7	1	U-01	aegypti	Ae. aegypti
A0A6I8T9M0	1	U-01	aegypti	Ae. aegypti
A0A6I8T9M5	1	U-01	aegypti	Ae. aegypti
A0A6I8T9M7	1	U-01	aegypti	Ae. aegypti
A0A6I8T9M9	1	U-01	aegypti	Ae. aegypti
A0A6I8T9N0	1	U-01	aegypti	Ae. aegypti
A0A6I8T9N9	2	U-02	aegypti	Ae. aegypti
A0A6I8T9P0	1	U-01	aegypti	Ae. aegypti
A0A6I8T9P3	1	U-01	aegypti	Ae. aegypti
A0A6I8T9P4	1	U-01	aegypti	Ae. aegypti
A0A6I8T9P6	1	U-01	aegypti	Ae. aegypti
A0A6I8T9Q3	1	U-01	aegypti	Ae. aegypti
A0A6I8T9Q7	1	U-01	aegypti	Ae. aegypti
A0A6I8T9Q8	1	U-01	aegypti	Ae. aegypti
A0A6I8T9R2	1	U-01	aegypti	Ae. aegypti
A0A6I8T9R3	1	U-01	aegypti	Ae. aegypti
A0A6I8T9R5	1	U-01	aegypti	Ae. aegypti
A0A6I8T9S5	1	U-01	aegypti	Ae. aegypti
A0A6I8T9S7	2	U-02	aegypti	Ae. aegypti
A0A6I8T9T6	1	U-01	aegypti	Ae. aegypti
A0A6I8T9T8	2	U-02	aegypti	Ae. aegypti
A0A6I8T9U0	1	U-01	aegypti	Ae. aegypti
A0A6I8T9U1	1	U-01	aegypti	Ae. aegypti
A0A6I8T9U4	1	U-01	aegypti	Ae. aegypti
A0A6I8T9U5	1	U-01	aegypti	Ae. aegypti
A0A6I8T9V1	1	U-01	aegypti	Ae. aegypti
A0A6I8T9V2	1	U-01	aegypti	Ae. aegypti
A0A6I8T9V3	1	U-01	aegypti	Ae. aegypti
A0A6I8T9W3	1	U-01	aegypti	Ae. aegypti
A0A6I8T9W6	1	U-01	aegypti	Ae. aegypti
A0A6I8T9X4	2	U-02	aegypti	Ae. aegypti
A0A6I8T9X6	1	U-01	aegypti	Ae. aegypti
A0A6I8T9Y0	1	U-01	aegypti	Ae. aegypti
A0A6I8T9Y1	1	U-01	aegypti	Ae. aegypti
A0A6I8T9Y3	1	U-01	aegypti	Ae. aegypti
A0A6I8T9Z3	1	U-01	aegypti	Ae. aegypti
A0A6I8T9Z4	1	U-01	aegypti	Ae. aegypti
A0A6I8T9Z9	1	U-01	aegypti	Ae. aegypti
A0A6I8TA06	1	U-01	aegypti	Ae. aegypti
A0A6I8TA10	2	U-02	aegypti	Ae. aegypti
A0A6I8TA12	1	U-01	aegypti	Ae. aegypti
A0A6I8TA16	1	U-01	aegypti	Ae. aegypti
A0A6I8TA21	1	U-01	aegypti	Ae. aegypti
A0A6I8TA26	1	U-01	aegypti	Ae. aegypti
A0A6I8TA33	1	U-01	aegypti	Ae. aegypti
A0A6I8TA35	1	U-01	aegypti	Ae. aegypti
A0A6I8TA39	1	U-01	aegypti	Ae. aegypti
A0A6I8TA44	1	U-01	aegypti	Ae. aegypti
A0A6I8TA50	1	U-01	aegypti	Ae. aegypti
A0A6I8TA52	1	U-01	aegypti	Ae. aegypti
A0A6I8TA53	1	U-01	aegypti	Ae. aegypti
A0A6I8TA55	1	U-01	aegypti	Ae. aegypti
A0A6I8TA56	1	U-01	aegypti	Ae. aegypti
A0A6I8TA57	2	U-02	aegypti	Ae. aegypti
A0A6I8TA61	1	U-01	aegypti	Ae. aegypti
A0A6I8TA64	1	U-01	aegypti	Ae. aegypti
A0A6I8TA66	1	U-01	aegypti	Ae. aegypti
A0A6I8TA69	1	U-01	aegypti	Ae. aegypti
A0A6I8TA70	1	U-01	aegypti	Ae. aegypti
A0A6I8TA73	1	U-01	aegypti	Ae. aegypti
A0A6I8TA78	1	U-01	aegypti	Ae. aegypti
A0A6I8TA85	0	unassigned	aegypti	Ae. aegypti
A0A6I8TA86	1	U-01	aegypti	Ae. aegypti
A0A6I8TA89	2	U-02	aegypti	Ae. aegypti
A0A6I8TA90	0	unassigned	aegypti	Ae. aegypti
A0A6I8TA93	1	U-01	aegypti	Ae. aegypti
A0A6I8TA95	1	U-01	aegypti	Ae. aegypti
A0A6I8TA97	2	U-02	aegypti	Ae. aegypti
A0A6I8TA98	1	U-01	aegypti	Ae. aegypti
A0A6I8TAA0	1	U-01	aegypti	Ae. aegypti
A0A6I8TAA9	1	U-01	aegypti	Ae. aegypti
A0A6I8TAB3	2	U-02	aegypti	Ae. aegypti
A0A6I8TAB6	1	U-01	aegypti	Ae. aegypti
A0A6I8TAB7	1	U-01	aegypti	Ae. aegypti
A0A6I8TAB8	1	U-01	aegypti	Ae. aegypti
A0A6I8TAB9	1	U-01	aegypti	Ae. aegypti
A0A6I8TAC2	2	U-02	aegypti	Ae. aegypti
A0A6I8TAC3	2	U-02	aegypti	Ae. aegypti
A0A6I8TAC7	1	U-01	aegypti	Ae. aegypti
A0A6I8TAD8	0	unassigned	aegypti	Ae. aegypti
A0A6I8TAE0	2	U-02	aegypti	Ae. aegypti
A0A6I8TAE7	2	U-02	aegypti	Ae. aegypti
A0A6I8TAG2	1	U-01	aegypti	Ae. aegypti
A0A6I8TAG8	1	U-01	aegypti	Ae. aegypti
A0A6I8TAG9	1	U-01	aegypti	Ae. aegypti
A0A6I8TAH1	1	U-01	aegypti	Ae. aegypti
A0A6I8TAH4	2	U-02	aegypti	Ae. aegypti
A0A6I8TAI1	1	U-01	aegypti	Ae. aegypti
A0A6I8TAI3	1	U-01	aegypti	Ae. aegypti
A0A6I8TAI4	1	U-01	aegypti	Ae. aegypti
A0A6I8TAJ3	1	U-01	aegypti	Ae. aegypti
A0A6I8TAJ5	1	U-01	aegypti	Ae. aegypti
A0A1S4EYB9	2	U-02	aegypti	Ae. aegypti
A0A1S4EYD4	2	U-02	aegypti	Ae. aegypti
A0A1S4EYD5	2	U-02	aegypti	Ae. aegypti
A0A1S4EYD7	0	unassigned	aegypti	Ae. aegypti
A0A1S4EYE2	2	U-02	aegypti	Ae. aegypti
A0A1S4EYE5	2	U-02	aegypti	Ae. aegypti
A0A1S4EYE7	0	unassigned	aegypti	Ae. aegypti
A0A1S4EYG8	1	U-01	aegypti	Ae. aegypti
A0A1S4EYH3	1	U-01	aegypti	Ae. aegypti
A0A1S4EYI7	1	U-01	aegypti	Ae. aegypti
A0A1S4EYI9	2	U-02	aegypti	Ae. aegypti
A0A1S4EYJ7	2	U-02	aegypti	Ae. aegypti
A0A1S4EYK6	1	U-01	aegypti	Ae. aegypti
A0A1S4EYM3	2	U-02	aegypti	Ae. aegypti
A0A1S4EYM9	0	unassigned	aegypti	Ae. aegypti
A0A1S4EYN5	2	U-02	aegypti	Ae. aegypti
A0A1S4EYP2	1	U-01	aegypti	Ae. aegypti
A0A1S4EYS0	1	U-01	aegypti	Ae. aegypti
A0A1S4EYS4	1	U-01	aegypti	Ae. aegypti
A0A1S4EYT7	1	U-01	aegypti	Ae. aegypti
A0A1S4EYU0	1	U-01	aegypti	Ae. aegypti
A0A1S4EYU2	0	unassigned	aegypti	Ae. aegypti
A0A1S4EYV0	1	U-01	aegypti	Ae. aegypti
A0A1S4EYW7	1	U-01	aegypti	Ae. aegypti
A0A1S4EYW9	1	U-01	aegypti	Ae. aegypti
A0A1S4EYX8	1	U-01	aegypti	Ae. aegypti
A0A1S4EYZ6	1	U-01	aegypti	Ae. aegypti
A0A1S4EYZ8	1	U-01	aegypti	Ae. aegypti
A0A1S4EZ13	0	unassigned	aegypti	Ae. aegypti
A0A1S4EZ29	2	U-02	aegypti	Ae. aegypti
A0A1S4EZ45	1	U-01	aegypti	Ae. aegypti
A0A1S4EZ47	1	U-01	aegypti	Ae. aegypti
A0A1S4EZ55	1	U-01	aegypti	Ae. aegypti
A0A1S4EZ69	1	U-01	aegypti	Ae. aegypti
A0A1S4EZ80	1	U-01	aegypti	Ae. aegypti
A0A1S4EZ85	1	U-01	aegypti	Ae. aegypti
A0A1S4EZ95	1	U-01	aegypti	Ae. aegypti
A0A1S4EZ99	1	U-01	aegypti	Ae. aegypti
A0A1S4EZA3	1	U-01	aegypti	Ae. aegypti
A0A1S4EZA7	1	U-01	aegypti	Ae. aegypti
A0A1S4EZB3	1	U-01	aegypti	Ae. aegypti
A0A1S4EZB6	1	U-01	aegypti	Ae. aegypti
A0A1S4EZB8	2	U-02	aegypti	Ae. aegypti
A0A1S4EZB9	2	U-02	aegypti	Ae. aegypti
A0A1S4EZC7	1	U-01	aegypti	Ae. aegypti
A0A1S4EZC9	1	U-01	aegypti	Ae. aegypti
A0A1S4EZD3	1	U-01	aegypti	Ae. aegypti
A0A1S4EZF1	2	U-02	aegypti	Ae. aegypti
A0A1S4EZF7	2	U-02	aegypti	Ae. aegypti
A0A1S4EZH3	2	U-02	aegypti	Ae. aegypti
A0A1S4EZI1	1	U-01	aegypti	Ae. aegypti
A0A1S4EZL5	1	U-01	aegypti	Ae. aegypti
A0A1S4EZM0	2	U-02	aegypti	Ae. aegypti
A0A1S4EZM8	1	U-01	aegypti	Ae. aegypti
A0A1S4EZM9	1	U-01	aegypti	Ae. aegypti
A0A1S4EZN3	2	U-02	aegypti	Ae. aegypti
A0A1S4EZN6	2	U-02	aegypti	Ae. aegypti
A0A1S4EZN9	1	U-01	aegypti	Ae. aegypti
A0A1S4EZP3	1	U-01	aegypti	Ae. aegypti
A0A1S4EZP6	1	U-01	aegypti	Ae. aegypti
A0A1S4EZP8	1	U-01	aegypti	Ae. aegypti
A0A1S4EZP9	1	U-01	aegypti	Ae. aegypti
A0A1S4EZQ7	1	U-01	aegypti	Ae. aegypti
A0A1S4EZR1	1	U-01	aegypti	Ae. aegypti
A0A1S4EZT7	1	U-01	aegypti	Ae. aegypti
A0A1S4EZU1	1	U-01	aegypti	Ae. aegypti
A0A1S4EZV0	0	unassigned	aegypti	Ae. aegypti
A0A1S4EZV3	1	U-01	aegypti	Ae. aegypti
A0A1S4EZV4	1	U-01	aegypti	Ae. aegypti
A0A1S4EZW3	1	U-01	aegypti	Ae. aegypti
A0A1S4EZX0	1	U-01	aegypti	Ae. aegypti
A0A1S4EZX5	2	U-02	aegypti	Ae. aegypti
A0A1S4EZY9	1	U-01	aegypti	Ae. aegypti
A0A1S4EZZ0	1	U-01	aegypti	Ae. aegypti
A0A1S4EZZ1	1	U-01	aegypti	Ae. aegypti
A0A1S4F001	1	U-01	aegypti	Ae. aegypti
A0A1S4F003	1	U-01	aegypti	Ae. aegypti
A0A1S4F012	1	U-01	aegypti	Ae. aegypti
A0A1S4F013	1	U-01	aegypti	Ae. aegypti
A0A1S4F022	1	U-01	aegypti	Ae. aegypti
A0A1S4F024	1	U-01	aegypti	Ae. aegypti
A0A1S4F032	1	U-01	aegypti	Ae. aegypti
A0A1S4F033	1	U-01	aegypti	Ae. aegypti
A0A1S4F034	1	U-01	aegypti	Ae. aegypti
A0A1S4F042	2	U-02	aegypti	Ae. aegypti
A0A1S4F047	1	U-01	aegypti	Ae. aegypti
A0A1S4F061	1	U-01	aegypti	Ae. aegypti
A0A1S4F065	2	U-02	aegypti	Ae. aegypti
A0A1S4F068	2	U-02	aegypti	Ae. aegypti
A0A1S4F072	1	U-01	aegypti	Ae. aegypti
A0A1S4F083	1	U-01	aegypti	Ae. aegypti
A0A1S4F084	1	U-01	aegypti	Ae. aegypti
A0A1S4F085	1	U-01	aegypti	Ae. aegypti
A0A1S4F0A1	1	U-01	aegypti	Ae. aegypti
A0A1S4F0A2	1	U-01	aegypti	Ae. aegypti
A0A1S4F0A8	0	unassigned	aegypti	Ae. aegypti
A0A1S4F0B6	1	U-01	aegypti	Ae. aegypti
A0A1S4F0C3	2	U-02	aegypti	Ae. aegypti
A0A1S4F0D2	0	unassigned	aegypti	Ae. aegypti
A0A1S4F0D6	1	U-01	aegypti	Ae. aegypti
A0A1S4F0F0	1	U-01	aegypti	Ae. aegypti
A0A1S4F0I6	1	U-01	aegypti	Ae. aegypti
A0A1S4F0J3	1	U-01	aegypti	Ae. aegypti
A0A1S4F0M2	2	U-02	aegypti	Ae. aegypti
A0A1S4F0M8	1	U-01	aegypti	Ae. aegypti
A0A1S4F0P2	1	U-01	aegypti	Ae. aegypti
A0A1S4F0P4	1	U-01	aegypti	Ae. aegypti
A0A1S4F0P7	1	U-01	aegypti	Ae. aegypti
A0A1S4F0Q4	1	U-01	aegypti	Ae. aegypti
A0A1S4F0Q9	2	U-02	aegypti	Ae. aegypti
A0A1S4F0R5	1	U-01	aegypti	Ae. aegypti
A0A1S4F0S4	1	U-01	aegypti	Ae. aegypti
A0A1S4F0T1	0	unassigned	aegypti	Ae. aegypti
A0A1S4F0V1	1	U-01	aegypti	Ae. aegypti
A0A1S4F0W6	1	U-01	aegypti	Ae. aegypti
A0A1S4F0W8	1	U-01	aegypti	Ae. aegypti
A0A1S4F0X5	1	U-01	aegypti	Ae. aegypti
A0A1S4F0X8	2	U-02	aegypti	Ae. aegypti
A0A1S4F0Y3	1	U-01	aegypti	Ae. aegypti
A0A1S4F0Z3	1	U-01	aegypti	Ae. aegypti
A0A1S4F0Z9	1	U-01	aegypti	Ae. aegypti
A0A1S4F110	2	U-02	aegypti	Ae. aegypti
A0A1S4F114	2	U-02	aegypti	Ae. aegypti
A0A1S4F118	0	unassigned	aegypti	Ae. aegypti
A0A1S4F130	0	unassigned	aegypti	Ae. aegypti
A0A1S4F137	1	U-01	aegypti	Ae. aegypti
A0A1S4F138	1	U-01	aegypti	Ae. aegypti
A0A1S4F155	2	U-02	aegypti	Ae. aegypti
A0A1S4F161	2	U-02	aegypti	Ae. aegypti
A0A1S4F165	1	U-01	aegypti	Ae. aegypti
A0A1S4F170	2	U-02	aegypti	Ae. aegypti
A0A1S4F173	2	U-02	aegypti	Ae. aegypti
A0A1S4F191	2	U-02	aegypti	Ae. aegypti
A0A1S4F195	2	U-02	aegypti	Ae. aegypti
A0A1S4F196	1	U-01	aegypti	Ae. aegypti
A0A1S4F1C2	2	U-02	aegypti	Ae. aegypti
A0A1S4F1C7	1	U-01	aegypti	Ae. aegypti
A0A1S4F1E9	1	U-01	aegypti	Ae. aegypti
A0A1S4F1G7	1	U-01	aegypti	Ae. aegypti
A0A1S4F1G8	1	U-01	aegypti	Ae. aegypti
A0A1S4F1H5	1	U-01	aegypti	Ae. aegypti
A0A1S4F1J1	1	U-01	aegypti	Ae. aegypti
A0A1S4F1K6	1	U-01	aegypti	Ae. aegypti
A0A1S4F1M1	2	U-02	aegypti	Ae. aegypti
A0A1S4F1N1	1	U-01	aegypti	Ae. aegypti
A0A1S4F1N2	1	U-01	aegypti	Ae. aegypti
A0A1S4F1N3	1	U-01	aegypti	Ae. aegypti
A0A1S4F1N5	1	U-01	aegypti	Ae. aegypti
A0A1S4F1N7	1	U-01	aegypti	Ae. aegypti
A0A1S4F1N8	1	U-01	aegypti	Ae. aegypti
A0A1S4F1P1	1	U-01	aegypti	Ae. aegypti
A0A1S4F1P2	1	U-01	aegypti	Ae. aegypti
A0A1S4F1Q1	1	U-01	aegypti	Ae. aegypti
A0A1S4F1Q5	1	U-01	aegypti	Ae. aegypti
A0A6I8TIC9	1	U-01	aegypti	Ae. aegypti
A0A6I8TID0	1	U-01	aegypti	Ae. aegypti
A0A6I8TID4	1	U-01	aegypti	Ae. aegypti
A0A6I8TIF6	1	U-01	aegypti	Ae. aegypti
A0A6I8TIF7	1	U-01	aegypti	Ae. aegypti
A0A6I8TIG5	1	U-01	aegypti	Ae. aegypti
A0A6I8TIG6	2	U-02	aegypti	Ae. aegypti
A0A6I8TIH9	1	U-01	aegypti	Ae. aegypti
A0A6I8TII0	1	U-01	aegypti	Ae. aegypti
A0A6I8TII3	1	U-01	aegypti	Ae. aegypti
A0A6I8TIK8	2	U-02	aegypti	Ae. aegypti
A0A6I8TRP9	1	U-01	aegypti	Ae. aegypti
A0A6I8TRQ2	2	U-02	aegypti	Ae. aegypti
A0A6I8TRQ9	1	U-01	aegypti	Ae. aegypti
A0A6I8TRR8	2	U-02	aegypti	Ae. aegypti
A0A6I8TRS6	2	U-02	aegypti	Ae. aegypti
A0A6I8TRT1	1	U-01	aegypti	Ae. aegypti
A0A6I8TRT2	1	U-01	aegypti	Ae. aegypti
A0A6I8TRT5	1	U-01	aegypti	Ae. aegypti
A0A6I8TRU0	1	U-01	aegypti	Ae. aegypti
A0A6I8TRU6	2	U-02	aegypti	Ae. aegypti
A0A6I8TRU7	1	U-01	aegypti	Ae. aegypti
A0A6I8TRU9	1	U-01	aegypti	Ae. aegypti
A0A6I8TRV0	1	U-01	aegypti	Ae. aegypti
A0A6I8TRV4	0	unassigned	aegypti	Ae. aegypti
A0A6I8TRW0	1	U-01	aegypti	Ae. aegypti
A0A6I8TRW1	0	unassigned	aegypti	Ae. aegypti
A0A6I8TRW7	0	unassigned	aegypti	Ae. aegypti
A0A6I8TRX2	0	unassigned	aegypti	Ae. aegypti
A0A6I8TRX5	2	U-02	aegypti	Ae. aegypti
A0A6I8TRX6	0	unassigned	aegypti	Ae. aegypti
A0A6I8TRX8	1	U-01	aegypti	Ae. aegypti
A0A6I8TRY0	1	U-01	aegypti	Ae. aegypti
A0A6I8TRY8	1	U-01	aegypti	Ae. aegypti
A0A6I8TRZ0	0	unassigned	aegypti	Ae. aegypti
A0A6I8TRZ1	0	unassigned	aegypti	Ae. aegypti
A0A6I8TRZ3	1	U-01	aegypti	Ae. aegypti
A0A6I8TRZ6	0	unassigned	aegypti	Ae. aegypti
A0A6I8TRZ7	0	unassigned	aegypti	Ae. aegypti
A0A6I8TRZ8	1	U-01	aegypti	Ae. aegypti
A0A6I8TS00	1	U-01	aegypti	Ae. aegypti
A0A6I8TS02	0	unassigned	aegypti	Ae. aegypti
A0A6I8TS03	0	unassigned	aegypti	Ae. aegypti
A0A6I8TS06	1	U-01	aegypti	Ae. aegypti
A0A6I8TS08	2	U-02	aegypti	Ae. aegypti
A0A6I8TS09	0	unassigned	aegypti	Ae. aegypti
A0A6I8TS15	0	unassigned	aegypti	Ae. aegypti
A0A6I8TS16	0	unassigned	aegypti	Ae. aegypti
A0A6I8TS19	0	unassigned	aegypti	Ae. aegypti
A0A6I8TS22	2	U-02	aegypti	Ae. aegypti
A0A6I8TS23	1	U-01	aegypti	Ae. aegypti
A0A6I8TS24	0	unassigned	aegypti	Ae. aegypti
A0A6I8TS26	0	unassigned	aegypti	Ae. aegypti
A0A6I8TS27	2	U-02	aegypti	Ae. aegypti
A0A6I8TS30	1	U-01	aegypti	Ae. aegypti
A0A6I8TS31	0	unassigned	aegypti	Ae. aegypti
A0A6I8TS32	0	unassigned	aegypti	Ae. aegypti
A0A6I8TS35	0	unassigned	aegypti	Ae. aegypti
A0A6I8TS39	1	U-01	aegypti	Ae. aegypti
A0A6I8TS40	1	U-01	aegypti	Ae. aegypti
A0A6I8TS42	0	unassigned	aegypti	Ae. aegypti
A0A6I8TS43	1	U-01	aegypti	Ae. aegypti
A0A6I8TS45	0	unassigned	aegypti	Ae. aegypti
A0A6I8TS46	1	U-01	aegypti	Ae. aegypti
A0A6I8TS47	2	U-02	aegypti	Ae. aegypti
A0A6I8TS50	1	U-01	aegypti	Ae. aegypti
A0A6I8TS51	0	unassigned	aegypti	Ae. aegypti
A0A6I8TS54	1	U-01	aegypti	Ae. aegypti
A0A6I8TS55	1	U-01	aegypti	Ae. aegypti
A0A6I8TS56	1	U-01	aegypti	Ae. aegypti
A0A6I8TS57	0	unassigned	aegypti	Ae. aegypti
A0A6I8TS60	2	U-02	aegypti	Ae. aegypti
A0A6I8TS62	0	unassigned	aegypti	Ae. aegypti
A0A6I8TS74	2	U-02	aegypti	Ae. aegypti
A0A6I8TS75	1	U-01	aegypti	Ae. aegypti
A0A6I8TS77	1	U-01	aegypti	Ae. aegypti
A0A6I8TS79	1	U-01	aegypti	Ae. aegypti
A0A6I8TS81	1	U-01	aegypti	Ae. aegypti
A0A6I8TS83	1	U-01	aegypti	Ae. aegypti
A0A6I8TS86	1	U-01	aegypti	Ae. aegypti
A0A6I8TS87	1	U-01	aegypti	Ae. aegypti
A0A6I8TS92	1	U-01	aegypti	Ae. aegypti
A0A6I8TSA0	1	U-01	aegypti	Ae. aegypti
A0A6I8TSA1	0	unassigned	aegypti	Ae. aegypti
A0A6I8TSB2	1	U-01	aegypti	Ae. aegypti
A0A6I8TSB6	0	unassigned	aegypti	Ae. aegypti
A0A6I8TSB7	0	unassigned	aegypti	Ae. aegypti
A0A6I8TSB9	2	U-02	aegypti	Ae. aegypti
A0A6I8TSC0	0	unassigned	aegypti	Ae. aegypti
A0A6I8TSC1	1	U-01	aegypti	Ae. aegypti
A0A6I8TSC2	0	unassigned	aegypti	Ae. aegypti
A0A6I8TSC3	0	unassigned	aegypti	Ae. aegypti
A0A6I8TSC4	1	U-01	aegypti	Ae. aegypti
A0A6I8TSC5	0	unassigned	aegypti	Ae. aegypti
A0A6I8TSC8	0	unassigned	aegypti	Ae. aegypti
A0A6I8TSC9	0	unassigned	aegypti	Ae. aegypti
A0A6I8TSD0	0	unassigned	aegypti	Ae. aegypti
A0A6I8TSD1	1	U-01	aegypti	Ae. aegypti
A0A6I8TSD2	0	unassigned	aegypti	Ae. aegypti
A0A6I8TSD4	0	unassigned	aegypti	Ae. aegypti
A0A6I8TSD7	0	unassigned	aegypti	Ae. aegypti
A0A6I8TSD8	0	unassigned	aegypti	Ae. aegypti
A0A6I8TSD9	1	U-01	aegypti	Ae. aegypti
A0A6I8TSE3	2	U-02	aegypti	Ae. aegypti
A0A6I8TSE5	0	unassigned	aegypti	Ae. aegypti
A0A6I8TSE6	1	U-01	aegypti	Ae. aegypti
A0A6I8TSE7	0	unassigned	aegypti	Ae. aegypti
A0A6I8TSE9	1	U-01	aegypti	Ae. aegypti
A0A6I8TSF0	0	unassigned	aegypti	Ae. aegypti
A0A6I8TSF1	0	unassigned	aegypti	Ae. aegypti
A0A6I8TWB1	1	U-01	aegypti	Ae. aegypti
A0A6I8TWB2	0	unassigned	aegypti	Ae. aegypti
A0A6I8TWB5	1	U-01	aegypti	Ae. aegypti
A0A6I8TWB6	1	U-01	aegypti	Ae. aegypti
A0A6I8TWB8	1	U-01	aegypti	Ae. aegypti
A0A6I8TWB9	0	unassigned	aegypti	Ae. aegypti
A0A6I8TWC2	0	unassigned	aegypti	Ae. aegypti
A0A6I8TWC5	1	U-01	aegypti	Ae. aegypti
A0A6I8TWC7	0	unassigned	aegypti	Ae. aegypti
A0A6I8TWC8	1	U-01	aegypti	Ae. aegypti
A0A6I8TWD0	0	unassigned	aegypti	Ae. aegypti
A0A6I8TWD2	0	unassigned	aegypti	Ae. aegypti
A0A6I8TWD3	1	U-01	aegypti	Ae. aegypti
A0A6I8TWD5	2	U-02	aegypti	Ae. aegypti
A0A6I8TWD7	0	unassigned	aegypti	Ae. aegypti
A0A6I8TWD9	1	U-01	aegypti	Ae. aegypti
A0A6I8TWE3	2	U-02	aegypti	Ae. aegypti
A0A6I8TWE9	1	U-01	aegypti	Ae. aegypti
A0A6I8TWF8	1	U-01	aegypti	Ae. aegypti
A0A6I8TWG2	1	U-01	aegypti	Ae. aegypti
A0A6I8TWG7	1	U-01	aegypti	Ae. aegypti
A0A6I8TWG9	1	U-01	aegypti	Ae. aegypti
A0A6I8TWH6	1	U-01	aegypti	Ae. aegypti
A0A6I8TWI1	2	U-02	aegypti	Ae. aegypti
A0A6I8TWJ2	1	U-01	aegypti	Ae. aegypti
A0A6I8TWJ3	2	U-02	aegypti	Ae. aegypti
A0A6I8TWJ4	1	U-01	aegypti	Ae. aegypti
A0A6I8TWJ5	1	U-01	aegypti	Ae. aegypti
A0A6I8TWK3	1	U-01	aegypti	Ae. aegypti
A0A6I8TWK5	2	U-02	aegypti	Ae. aegypti
A0A6I8TWK6	0	unassigned	aegypti	Ae. aegypti
A0A6I8TWL2	0	unassigned	aegypti	Ae. aegypti
A0A6I8TWL6	1	U-01	aegypti	Ae. aegypti
A0A6I8TWL7	1	U-01	aegypti	Ae. aegypti
A0A6I8TWL8	0	unassigned	aegypti	Ae. aegypti
A0A6I8TWM4	1	U-01	aegypti	Ae. aegypti
A0A6I8TWM5	1	U-01	aegypti	Ae. aegypti
A0A6I8TWM6	0	unassigned	aegypti	Ae. aegypti
A0A6I8TWM7	1	U-01	aegypti	Ae. aegypti
A0A6I8TWM9	0	unassigned	aegypti	Ae. aegypti
A0A6I8TWN2	1	U-01	aegypti	Ae. aegypti
A0A6I8TWN3	1	U-01	aegypti	Ae. aegypti
A0A6I8TWN4	2	U-02	aegypti	Ae. aegypti
A0A6I8TWN5	1	U-01	aegypti	Ae. aegypti
A0A6I8TWN8	2	U-02	aegypti	Ae. aegypti
A0A6I8TWN9	0	unassigned	aegypti	Ae. aegypti
A0A6I8TWP4	1	U-01	aegypti	Ae. aegypti
A0A6I8TWP6	1	U-01	aegypti	Ae. aegypti
A0A6I8TWP7	1	U-01	aegypti	Ae. aegypti
A0A6I8TWP8	1	U-01	aegypti	Ae. aegypti
A0A6I8TWQ1	1	U-01	aegypti	Ae. aegypti
A0A6I8TWQ5	2	U-02	aegypti	Ae. aegypti
A0A6I8TWR5	0	unassigned	aegypti	Ae. aegypti
A0A6I8TWR7	1	U-01	aegypti	Ae. aegypti
A0A6I8TWR9	1	U-01	aegypti	Ae. aegypti
A0A6I8TWS3	1	U-01	aegypti	Ae. aegypti
A0A6I8TWT2	1	U-01	aegypti	Ae. aegypti
A0A6I8TWT7	1	U-01	aegypti	Ae. aegypti
A0A6I8TWU0	2	U-02	aegypti	Ae. aegypti
A0A6I8TWU3	1	U-01	aegypti	Ae. aegypti
A0A6I8TWU4	1	U-01	aegypti	Ae. aegypti
A0A6I8TWU9	2	U-02	aegypti	Ae. aegypti
A0A6I8TWV3	1	U-01	aegypti	Ae. aegypti
A0A6I8TWW5	1	U-01	aegypti	Ae. aegypti
A0A6I8TWW9	1	U-01	aegypti	Ae. aegypti
A0A6I8TWX0	1	U-01	aegypti	Ae. aegypti
A0A6I8TWX2	1	U-01	aegypti	Ae. aegypti
A0A6I8TWX6	1	U-01	aegypti	Ae. aegypti
A0A6I8TWY4	1	U-01	aegypti	Ae. aegypti
A0A6I8TWY6	2	U-02	aegypti	Ae. aegypti
A0A6I8TWY7	1	U-01	aegypti	Ae. aegypti
A0A6I8TWY8	1	U-01	aegypti	Ae. aegypti
A0A6I8TWY9	1	U-01	aegypti	Ae. aegypti
A0A6I8TWZ3	1	U-01	aegypti	Ae. aegypti
A0A6I8TWZ4	1	U-01	aegypti	Ae. aegypti
A0A6I8TWZ7	1	U-01	aegypti	Ae. aegypti
A0A6I8TWZ8	1	U-01	aegypti	Ae. aegypti
A0A6I8TWZ9	1	U-01	aegypti	Ae. aegypti
A0A6I8TX00	0	unassigned	aegypti	Ae. aegypti
A0A6I8TX03	1	U-01	aegypti	Ae. aegypti
A0A6I8TX04	0	unassigned	aegypti	Ae. aegypti
A0A6I8TX05	2	U-02	aegypti	Ae. aegypti
A0A6I8TX10	1	U-01	aegypti	Ae. aegypti
A0A6I8TX11	1	U-01	aegypti	Ae. aegypti
A0A6I8TX14	0	unassigned	aegypti	Ae. aegypti
A0A6I8TX15	1	U-01	aegypti	Ae. aegypti
A0A6I8TX17	0	unassigned	aegypti	Ae. aegypti
A0A6I8TX19	1	U-01	aegypti	Ae. aegypti
A0A6I8TX20	0	unassigned	aegypti	Ae. aegypti
A0A6I8TX22	0	unassigned	aegypti	Ae. aegypti
A0A6I8TX23	1	U-01	aegypti	Ae. aegypti
A0A6I8TX25	0	unassigned	aegypti	Ae. aegypti
A0A6I8TX26	0	unassigned	aegypti	Ae. aegypti
A0A6I8TX29	0	unassigned	aegypti	Ae. aegypti
A0A6I8TX30	0	unassigned	aegypti	Ae. aegypti
A0A6I8TX33	0	unassigned	aegypti	Ae. aegypti
A0A6I8TD09	1	U-01	aegypti	Ae. aegypti
A0A6I8TD24	1	U-01	aegypti	Ae. aegypti
A0A6I8TD30	1	U-01	aegypti	Ae. aegypti
A0A6I8TD93	1	U-01	aegypti	Ae. aegypti
A0A6I8TDA9	1	U-01	aegypti	Ae. aegypti
A0A6I8TDC0	2	U-02	aegypti	Ae. aegypti
A0A6I8TDD7	1	U-01	aegypti	Ae. aegypti
A0A6I8TDE4	1	U-01	aegypti	Ae. aegypti
A0A6I8TDF0	2	U-02	aegypti	Ae. aegypti
A0A6I8TDG4	1	U-01	aegypti	Ae. aegypti
A0A6I8TDJ1	2	U-02	aegypti	Ae. aegypti
A0A6I8TDJ5	1	U-01	aegypti	Ae. aegypti
A0A6I8TDJ9	1	U-01	aegypti	Ae. aegypti
A0A6I8TDL3	1	U-01	aegypti	Ae. aegypti
A0A6I8TDM5	1	U-01	aegypti	Ae. aegypti
A0A6I8TDN4	1	U-01	aegypti	Ae. aegypti
A0A6I8TDN8	2	U-02	aegypti	Ae. aegypti
A0A6I8TDP1	1	U-01	aegypti	Ae. aegypti
A0A6I8TDP5	1	U-01	aegypti	Ae. aegypti
A0A6I8TDS6	1	U-01	aegypti	Ae. aegypti
A0A6I8TDY5	1	U-01	aegypti	Ae. aegypti
A0A6I8TDZ0	1	U-01	aegypti	Ae. aegypti
A0A6I8TDZ6	1	U-01	aegypti	Ae. aegypti
A0A6I8TE04	1	U-01	aegypti	Ae. aegypti
A0A6I8TE27	1	U-01	aegypti	Ae. aegypti
A0A6I8TE32	1	U-01	aegypti	Ae. aegypti
A0A6I8TE44	2	U-02	aegypti	Ae. aegypti
A0A6I8TE48	1	U-01	aegypti	Ae. aegypti
A0A6I8TE49	1	U-01	aegypti	Ae. aegypti
A0A6I8TE53	1	U-01	aegypti	Ae. aegypti
A0A6I8TE68	1	U-01	aegypti	Ae. aegypti
A0A6I8TEA9	1	U-01	aegypti	Ae. aegypti
A0A6I8TEC3	1	U-01	aegypti	Ae. aegypti
A0A6I8TEE2	2	U-02	aegypti	Ae. aegypti
A0A6I8TEK9	2	U-02	aegypti	Ae. aegypti
A0A6I8TEL2	2	U-02	aegypti	Ae. aegypti
A0A6I8TEM4	2	U-02	aegypti	Ae. aegypti
A0A6I8TEM7	1	U-01	aegypti	Ae. aegypti
A0A6I8TEN4	1	U-01	aegypti	Ae. aegypti
A0A6I8TES4	2	U-02	aegypti	Ae. aegypti
A0A6I8TET9	1	U-01	aegypti	Ae. aegypti
A0A6I8TEU2	1	U-01	aegypti	Ae. aegypti
A0A6I8TEU5	1	U-01	aegypti	Ae. aegypti
A0A6I8TEU8	1	U-01	aegypti	Ae. aegypti
A0A6I8TEW3	2	U-02	aegypti	Ae. aegypti
A0A6I8TEX6	1	U-01	aegypti	Ae. aegypti
A0A6I8TEZ6	1	U-01	aegypti	Ae. aegypti
A0A6I8TF19	1	U-01	aegypti	Ae. aegypti
A0A6I8TF22	1	U-01	aegypti	Ae. aegypti
A0A6I8TF55	1	U-01	aegypti	Ae. aegypti
A0A6I8TF95	1	U-01	aegypti	Ae. aegypti
A0A6I8TFB3	1	U-01	aegypti	Ae. aegypti
A0A6I8TFD1	1	U-01	aegypti	Ae. aegypti
A0A6I8TFD5	1	U-01	aegypti	Ae. aegypti
A0A6I8TFD8	1	U-01	aegypti	Ae. aegypti
A0A6I8TFE1	1	U-01	aegypti	Ae. aegypti
A0A6I8TFG3	1	U-01	aegypti	Ae. aegypti
A0A6I8TFI1	1	U-01	aegypti	Ae. aegypti
A0A6I8TFQ9	1	U-01	aegypti	Ae. aegypti
A0A6I8TFR6	1	U-01	aegypti	Ae. aegypti
A0A6I8TFS8	1	U-01	aegypti	Ae. aegypti
A0A6I8TFT3	1	U-01	aegypti	Ae. aegypti
A0A6I8TFT4	1	U-01	aegypti	Ae. aegypti
A0A6I8TFT7	1	U-01	aegypti	Ae. aegypti
A0A6I8TFU6	0	unassigned	aegypti	Ae. aegypti
A0A6I8TFU9	0	unassigned	aegypti	Ae. aegypti
A0A6I8TFV4	1	U-01	aegypti	Ae. aegypti
A0A6I8TFV7	1	U-01	aegypti	Ae. aegypti
A0A6I8TFX8	1	U-01	aegypti	Ae. aegypti
A0A6I8TFY6	1	U-01	aegypti	Ae. aegypti
A0A6I8TFZ8	1	U-01	aegypti	Ae. aegypti
A0A6I8TG07	1	U-01	aegypti	Ae. aegypti
A0A6I8TG36	1	U-01	aegypti	Ae. aegypti
A0A6I8TG44	1	U-01	aegypti	Ae. aegypti
A0A6I8TG45	1	U-01	aegypti	Ae. aegypti
A0A6I8TG63	1	U-01	aegypti	Ae. aegypti
A0A6I8TG69	1	U-01	aegypti	Ae. aegypti
A0A6I8TGA3	1	U-01	aegypti	Ae. aegypti
A0A6I8TGA5	2	U-02	aegypti	Ae. aegypti
A0A6I8TGA6	1	U-01	aegypti	Ae. aegypti
A0A6I8TGA7	1	U-01	aegypti	Ae. aegypti
A0A6I8TGB4	1	U-01	aegypti	Ae. aegypti
A0A6I8TGB5	2	U-02	aegypti	Ae. aegypti
A0A6I8TGB7	1	U-01	aegypti	Ae. aegypti
A0A6I8TGC4	1	U-01	aegypti	Ae. aegypti
A0A6I8TGD2	1	U-01	aegypti	Ae. aegypti
A0A6I8TGE0	1	U-01	aegypti	Ae. aegypti
A0A6I8TGM5	1	U-01	aegypti	Ae. aegypti
A0A6I8TGP2	1	U-01	aegypti	Ae. aegypti
A0A6I8TGU9	1	U-01	aegypti	Ae. aegypti
Q173V3	0	unassigned	aegypti	Ae. aegypti
Q173V4	0	unassigned	aegypti	Ae. aegypti
Q173V5	0	unassigned	aegypti	Ae. aegypti
Q173W0	2	U-02	aegypti	Ae. aegypti
A0A6I8TBR5	1	U-01	aegypti	Ae. aegypti
A0A6I8TBR8	1	U-01	aegypti	Ae. aegypti
A0A6I8TBR9	2	U-02	aegypti	Ae. aegypti
A0A6I8TBT1	1	U-01	aegypti	Ae. aegypti
A0A6I8TBT3	1	U-01	aegypti	Ae. aegypti
A0A6I8TBT4	2	U-02	aegypti	Ae. aegypti
A0A6I8TBU1	0	unassigned	aegypti	Ae. aegypti
A0A6I8TBU5	1	U-01	aegypti	Ae. aegypti
A0A6I8TBV1	1	U-01	aegypti	Ae. aegypti
A0A6I8TBV2	1	U-01	aegypti	Ae. aegypti
A0A6I8TBV4	1	U-01	aegypti	Ae. aegypti
A0A6I8TBV7	1	U-01	aegypti	Ae. aegypti
A0A6I8TBW3	1	U-01	aegypti	Ae. aegypti
A0A6I8TBW5	1	U-01	aegypti	Ae. aegypti
A0A6I8TBW6	1	U-01	aegypti	Ae. aegypti
A0A6I8TBW9	2	U-02	aegypti	Ae. aegypti
A0A6I8TBX1	1	U-01	aegypti	Ae. aegypti
A0A6I8TBX6	1	U-01	aegypti	Ae. aegypti
A0A6I8TBX8	1	U-01	aegypti	Ae. aegypti
A0A6I8TBY3	1	U-01	aegypti	Ae. aegypti
A0A6I8TBY8	1	U-01	aegypti	Ae. aegypti
A0A6I8TBY9	2	U-02	aegypti	Ae. aegypti
A0A6I8TBZ2	1	U-01	aegypti	Ae. aegypti
A0A6I8TBZ8	1	U-01	aegypti	Ae. aegypti
A0A6I8TC00	1	U-01	aegypti	Ae. aegypti
A0A6I8TC06	1	U-01	aegypti	Ae. aegypti
A0A6I8TC12	1	U-01	aegypti	Ae. aegypti
A0A6I8TC14	1	U-01	aegypti	Ae. aegypti
A0A6I8TC20	1	U-01	aegypti	Ae. aegypti
A0A6I8TC24	1	U-01	aegypti	Ae. aegypti
A0A6I8TC28	1	U-01	aegypti	Ae. aegypti
A0A6I8TC37	2	U-02	aegypti	Ae. aegypti
A0A6I8TC38	1	U-01	aegypti	Ae. aegypti
A0A6I8TC41	1	U-01	aegypti	Ae. aegypti
A0A6I8TC58	1	U-01	aegypti	Ae. aegypti
A0A6I8TC61	2	U-02	aegypti	Ae. aegypti
A0A6I8TC63	0	unassigned	aegypti	Ae. aegypti
A0A6I8TC67	1	U-01	aegypti	Ae. aegypti
A0A6I8TC68	1	U-01	aegypti	Ae. aegypti
A0A6I8TC80	1	U-01	aegypti	Ae. aegypti
A0A6I8TC81	1	U-01	aegypti	Ae. aegypti
A0A6I8TC82	1	U-01	aegypti	Ae. aegypti
A0A6I8TC87	1	U-01	aegypti	Ae. aegypti
A0A6I8TC91	1	U-01	aegypti	Ae. aegypti
A0A6I8TC93	1	U-01	aegypti	Ae. aegypti
A0A6I8TC94	1	U-01	aegypti	Ae. aegypti
A0A6I8TC97	1	U-01	aegypti	Ae. aegypti
A0A6I8TCA7	1	U-01	aegypti	Ae. aegypti
A0A6I8TCB7	1	U-01	aegypti	Ae. aegypti
A0A6I8TCB9	0	unassigned	aegypti	Ae. aegypti
A0A6I8TCC1	2	U-02	aegypti	Ae. aegypti
A0A6I8TCC9	1	U-01	aegypti	Ae. aegypti
A0A6I8TCD7	1	U-01	aegypti	Ae. aegypti
A0A6I8TCD9	1	U-01	aegypti	Ae. aegypti
A0A6I8TCE1	1	U-01	aegypti	Ae. aegypti
A0A6I8TCE2	1	U-01	aegypti	Ae. aegypti
A0A6I8TCE5	1	U-01	aegypti	Ae. aegypti
A0A6I8TCF6	2	U-02	aegypti	Ae. aegypti
A0A6I8TCF9	2	U-02	aegypti	Ae. aegypti
A0A6I8TCG4	2	U-02	aegypti	Ae. aegypti
A0A6I8TCH1	2	U-02	aegypti	Ae. aegypti
A0A6I8TCI2	2	U-02	aegypti	Ae. aegypti
A0A6I8TCI5	1	U-01	aegypti	Ae. aegypti
A0A6I8TCI7	1	U-01	aegypti	Ae. aegypti
A0A6I8TCI8	1	U-01	aegypti	Ae. aegypti
A0A6I8TCJ5	1	U-01	aegypti	Ae. aegypti
A0A6I8TCJ6	1	U-01	aegypti	Ae. aegypti
A0A6I8TCK4	2	U-02	aegypti	Ae. aegypti
A0A6I8TCL2	1	U-01	aegypti	Ae. aegypti
A0A6I8TCL3	1	U-01	aegypti	Ae. aegypti
A0A6I8TCM4	1	U-01	aegypti	Ae. aegypti
A0A6I8TCM6	1	U-01	aegypti	Ae. aegypti
A0A6I8TCM7	1	U-01	aegypti	Ae. aegypti
A0A6I8TCM9	1	U-01	aegypti	Ae. aegypti
A0A6I8TCN9	2	U-02	aegypti	Ae. aegypti
A0A6I8TCP0	1	U-01	aegypti	Ae. aegypti
A0A6I8TCP1	1	U-01	aegypti	Ae. aegypti
A0A6I8TCP5	1	U-01	aegypti	Ae. aegypti
A0A6I8TCQ1	2	U-02	aegypti	Ae. aegypti
A0A6I8TCQ5	2	U-02	aegypti	Ae. aegypti
A0A6I8TCQ6	2	U-02	aegypti	Ae. aegypti
A0A6I8TCQ8	1	U-01	aegypti	Ae. aegypti
A0A6I8TCQ9	1	U-01	aegypti	Ae. aegypti
A0A6I8TCR2	1	U-01	aegypti	Ae. aegypti
A0A6I8TCR3	1	U-01	aegypti	Ae. aegypti
A0A6I8TCR5	1	U-01	aegypti	Ae. aegypti
A0A6I8TCR9	1	U-01	aegypti	Ae. aegypti
A0A6I8TCS6	1	U-01	aegypti	Ae. aegypti
A0A6I8TCS7	0	unassigned	aegypti	Ae. aegypti
A0A6I8TCT5	1	U-01	aegypti	Ae. aegypti
A0A6I8TCU1	1	U-01	aegypti	Ae. aegypti
A0A6I8TCU3	1	U-01	aegypti	Ae. aegypti
A0A6I8TCU6	1	U-01	aegypti	Ae. aegypti
A0A6I8TCU7	1	U-01	aegypti	Ae. aegypti
A0A6I8TCU8	2	U-02	aegypti	Ae. aegypti
A0A6I8TCU9	2	U-02	aegypti	Ae. aegypti
A0A6I8TCV8	0	unassigned	aegypti	Ae. aegypti
A0A6I8TCW2	0	unassigned	aegypti	Ae. aegypti
A0A6I8TCW5	2	U-02	aegypti	Ae. aegypti
A0A6I8TCW7	1	U-01	aegypti	Ae. aegypti
A0A903VQ73	1	U-01	aegypti	Ae. aegypti
A0A903VQ90	1	U-01	aegypti	Ae. aegypti
A0A903VQC2	2	U-02	aegypti	Ae. aegypti
A0A903VQD3	1	U-01	aegypti	Ae. aegypti
A0A903VQF4	0	unassigned	aegypti	Ae. aegypti
A0A903VQG1	1	U-01	aegypti	Ae. aegypti
A0A903VQG3	1	U-01	aegypti	Ae. aegypti
A0A903VQP0	0	unassigned	aegypti	Ae. aegypti
A0A903VQP4	0	unassigned	aegypti	Ae. aegypti
A0A903VQU2	1	U-01	aegypti	Ae. aegypti
A0A903VQW0	1	U-01	aegypti	Ae. aegypti
A0A903VQW4	1	U-01	aegypti	Ae. aegypti
A0A903VQW7	1	U-01	aegypti	Ae. aegypti
A0A903VR20	0	unassigned	aegypti	Ae. aegypti
A0A903VR44	1	U-01	aegypti	Ae. aegypti
A0A903VR46	2	U-02	aegypti	Ae. aegypti
A0A903VR75	1	U-01	aegypti	Ae. aegypti
A0A903VR79	0	unassigned	aegypti	Ae. aegypti
A0A903VRB9	1	U-01	aegypti	Ae. aegypti
A0A903VRC6	0	unassigned	aegypti	Ae. aegypti
A0A903VRC7	1	U-01	aegypti	Ae. aegypti
A0A903VRD2	1	U-01	aegypti	Ae. aegypti
A0A903VRG1	1	U-01	aegypti	Ae. aegypti
A0A903VRH6	1	U-01	aegypti	Ae. aegypti
A0A903VRH7	2	U-02	aegypti	Ae. aegypti
A0A903VRL2	0	unassigned	aegypti	Ae. aegypti
A0A903VRM7	1	U-01	aegypti	Ae. aegypti
A0A903VRN4	1	U-01	aegypti	Ae. aegypti
A0A903VRU3	1	U-01	aegypti	Ae. aegypti
A0A903VRW8	1	U-01	aegypti	Ae. aegypti
A0A903VRX1	2	U-02	aegypti	Ae. aegypti
A0A903VRY2	1	U-01	aegypti	Ae. aegypti
A0A903VS36	1	U-01	aegypti	Ae. aegypti
A0A903VS40	1	U-01	aegypti	Ae. aegypti
A0A903VS44	2	U-02	aegypti	Ae. aegypti
A0A903VS56	1	U-01	aegypti	Ae. aegypti
A0A903VS71	1	U-01	aegypti	Ae. aegypti
A0A903VS91	1	U-01	aegypti	Ae. aegypti
A0A903VSC1	1	U-01	aegypti	Ae. aegypti
A0A903VSE9	1	U-01	aegypti	Ae. aegypti
A0A903VSF9	2	U-02	aegypti	Ae. aegypti
A0A903VSM0	1	U-01	aegypti	Ae. aegypti
A0A903VSN1	1	U-01	aegypti	Ae. aegypti
A0A903VSR4	1	U-01	aegypti	Ae. aegypti
A0A903VSR7	1	U-01	aegypti	Ae. aegypti
A0A903VT41	1	U-01	aegypti	Ae. aegypti
A0A903VT49	1	U-01	aegypti	Ae. aegypti
A0A903VT60	1	U-01	aegypti	Ae. aegypti
A0A903VTB3	0	unassigned	aegypti	Ae. aegypti
A0A903VTB4	0	unassigned	aegypti	Ae. aegypti
A0A903VTB5	1	U-01	aegypti	Ae. aegypti
A0A903VTF8	1	U-01	aegypti	Ae. aegypti
A0A903VTI0	2	U-02	aegypti	Ae. aegypti
A0A903VTJ0	1	U-01	aegypti	Ae. aegypti
A0A903VTM9	1	U-01	aegypti	Ae. aegypti
A0A903VTR1	1	U-01	aegypti	Ae. aegypti
A0A903VTR8	2	U-02	aegypti	Ae. aegypti
A0A903VTV0	1	U-01	aegypti	Ae. aegypti
A0A903VTX1	2	U-02	aegypti	Ae. aegypti
A0A903VU18	0	unassigned	aegypti	Ae. aegypti
A0A903VU29	1	U-01	aegypti	Ae. aegypti
A0A903VU75	0	unassigned	aegypti	Ae. aegypti
A0A903VU96	1	U-01	aegypti	Ae. aegypti
A0A903VUA4	1	U-01	aegypti	Ae. aegypti
A0A903VUE9	2	U-02	aegypti	Ae. aegypti
A0A903VUK0	1	U-01	aegypti	Ae. aegypti
A0A903VUM8	1	U-01	aegypti	Ae. aegypti
A0A903VUR3	1	U-01	aegypti	Ae. aegypti
A0A903VUT4	1	U-01	aegypti	Ae. aegypti
A0A903VV33	1	U-01	aegypti	Ae. aegypti
A0A903VVE1	0	unassigned	aegypti	Ae. aegypti
A0A903VVN8	1	U-01	aegypti	Ae. aegypti
A0A903VVP8	1	U-01	aegypti	Ae. aegypti
A0A903VW25	1	U-01	aegypti	Ae. aegypti
A0A903VW35	1	U-01	aegypti	Ae. aegypti
A0A913WNI7	2	U-02	aegypti	Ae. aegypti
A0A913WNL9	1	U-01	aegypti	Ae. aegypti
A0A9I2V9L6	1	U-01	aegypti	Ae. aegypti
B0FWC6	0	unassigned	aegypti	Ae. aegypti
B0FWC9	0	unassigned	aegypti	Ae. aegypti
B0FWD1	0	unassigned	aegypti	Ae. aegypti
B0FWD2	0	unassigned	aegypti	Ae. aegypti
B0FWD3	0	unassigned	aegypti	Ae. aegypti
B0FWD5	0	unassigned	aegypti	Ae. aegypti
B0FWD6	0	unassigned	aegypti	Ae. aegypti
B0FWD8	0	unassigned	aegypti	Ae. aegypti
J9E9C4	1	U-01	aegypti	Ae. aegypti
J9E9F1	1	U-01	aegypti	Ae. aegypti
J9E9G6	0	unassigned	aegypti	Ae. aegypti
J9E9J9	1	U-01	aegypti	Ae. aegypti
J9E9P7	2	U-02	aegypti	Ae. aegypti
J9EAN1	1	U-01	aegypti	Ae. aegypti
J9EAN8	2	U-02	aegypti	Ae. aegypti
J9EBE9	1	U-01	aegypti	Ae. aegypti
J9HEV6	0	unassigned	aegypti	Ae. aegypti
J9HF68	2	U-02	aegypti	Ae. aegypti
J9HF91	1	U-01	aegypti	Ae. aegypti
J9HFD7	1	U-01	aegypti	Ae. aegypti
J9HFH0	1	U-01	aegypti	Ae. aegypti
J9HFH4	1	U-01	aegypti	Ae. aegypti
A0A6I8U2D8	1	U-01	aegypti	Ae. aegypti
A0A6I8U2D9	1	U-01	aegypti	Ae. aegypti
A0A6I8U2E3	0	unassigned	aegypti	Ae. aegypti
A0A6I8U2E4	1	U-01	aegypti	Ae. aegypti
A0A6I8U2E5	1	U-01	aegypti	Ae. aegypti
A0A6I8U2F2	1	U-01	aegypti	Ae. aegypti
A0A6I8U2F3	1	U-01	aegypti	Ae. aegypti
A0A6I8U2F5	0	unassigned	aegypti	Ae. aegypti
A0A6I8U2F6	0	unassigned	aegypti	Ae. aegypti
A0A6I8U2F7	0	unassigned	aegypti	Ae. aegypti
A0A6I8U2G0	1	U-01	aegypti	Ae. aegypti
A0A6I8U2G1	1	U-01	aegypti	Ae. aegypti
A0A6I8U2G9	1	U-01	aegypti	Ae. aegypti
A0A6I8U2H0	0	unassigned	aegypti	Ae. aegypti
A0A6I8U2H3	1	U-01	aegypti	Ae. aegypti
A0A6I8U2H5	1	U-01	aegypti	Ae. aegypti
A0A6I8U2H7	1	U-01	aegypti	Ae. aegypti
A0A6I8U2H9	1	U-01	aegypti	Ae. aegypti
A0A6I8U2I0	2	U-02	aegypti	Ae. aegypti
A0A6I8U2I1	1	U-01	aegypti	Ae. aegypti
A0A6I8U2I7	1	U-01	aegypti	Ae. aegypti
A0A6I8U2I8	1	U-01	aegypti	Ae. aegypti
A0A6I8U2J0	0	unassigned	aegypti	Ae. aegypti
A0A6I8U2J3	2	U-02	aegypti	Ae. aegypti
A0A6I8U2J4	1	U-01	aegypti	Ae. aegypti
A0A6I8U2J5	1	U-01	aegypti	Ae. aegypti
A0A6I8U2J7	1	U-01	aegypti	Ae. aegypti
A0A6I8U2K0	2	U-02	aegypti	Ae. aegypti
A0A6I8U2K2	1	U-01	aegypti	Ae. aegypti
A0A6I8U2K3	2	U-02	aegypti	Ae. aegypti
A0A6I8U2K8	1	U-01	aegypti	Ae. aegypti
A0A6I8U2L1	1	U-01	aegypti	Ae. aegypti
A0A6I8U2L6	1	U-01	aegypti	Ae. aegypti
A0A6I8U2L7	0	unassigned	aegypti	Ae. aegypti
A0A6I8U2M1	1	U-01	aegypti	Ae. aegypti
A0A6I8U2M4	1	U-01	aegypti	Ae. aegypti
A0A6I8U2M5	0	unassigned	aegypti	Ae. aegypti
A0A6I8U2M7	0	unassigned	aegypti	Ae. aegypti
A0A6I8U2M8	1	U-01	aegypti	Ae. aegypti
A0A6I8U2N1	1	U-01	aegypti	Ae. aegypti
A0A6I8U2N3	2	U-02	aegypti	Ae. aegypti
A0A6I8U2N6	2	U-02	aegypti	Ae. aegypti
A0A6I8U2N8	2	U-02	aegypti	Ae. aegypti
A0A6I8U2P0	1	U-01	aegypti	Ae. aegypti
A0A6I8U2P2	0	unassigned	aegypti	Ae. aegypti
A0A6I8U2P3	2	U-02	aegypti	Ae. aegypti
A0A6I8U2P8	0	unassigned	aegypti	Ae. aegypti
A0A6I8U2Q3	2	U-02	aegypti	Ae. aegypti
A0A6I8U2Q8	1	U-01	aegypti	Ae. aegypti
A0A6I8U2R6	0	unassigned	aegypti	Ae. aegypti
A0A6I8U2S4	1	U-01	aegypti	Ae. aegypti
A0A6I8U2S7	1	U-01	aegypti	Ae. aegypti
A0A6I8U2S8	1	U-01	aegypti	Ae. aegypti
A0A6I8U2T0	0	unassigned	aegypti	Ae. aegypti
A0A6I8U2T1	1	U-01	aegypti	Ae. aegypti
A0A6I8U2T5	2	U-02	aegypti	Ae. aegypti
A0A6I8U2T6	1	U-01	aegypti	Ae. aegypti
A0A6I8U2T7	1	U-01	aegypti	Ae. aegypti
A0A6I8U2U1	1	U-01	aegypti	Ae. aegypti
A0A6I8U2U2	0	unassigned	aegypti	Ae. aegypti
A0A6I8U2U3	2	U-02	aegypti	Ae. aegypti
A0A6I8U2U6	0	unassigned	aegypti	Ae. aegypti
A0A6I8U2U8	1	U-01	aegypti	Ae. aegypti
A0A6I8U2V3	2	U-02	aegypti	Ae. aegypti
A0A6I8U2V5	1	U-01	aegypti	Ae. aegypti
A0A6I8U2W0	1	U-01	aegypti	Ae. aegypti
A0A6I8U2W1	0	unassigned	aegypti	Ae. aegypti
A0A6I8U2W6	1	U-01	aegypti	Ae. aegypti
A0A6I8U2W8	1	U-01	aegypti	Ae. aegypti
A0A6I8U2X0	1	U-01	aegypti	Ae. aegypti
A0A6I8U2X2	2	U-02	aegypti	Ae. aegypti
A0A6I8U2X3	0	unassigned	aegypti	Ae. aegypti
A0A6I8U2X4	2	U-02	aegypti	Ae. aegypti
A0A6I8U2X5	1	U-01	aegypti	Ae. aegypti
A0A6I8U2X6	1	U-01	aegypti	Ae. aegypti
A0A6I8U2X7	1	U-01	aegypti	Ae. aegypti
A0A6I8U2X8	2	U-02	aegypti	Ae. aegypti
A0A6I8U2Y7	1	U-01	aegypti	Ae. aegypti
A0A6I8U2Y8	2	U-02	aegypti	Ae. aegypti
A0A6I8U2Y9	2	U-02	aegypti	Ae. aegypti
A0A6I8U2Z1	2	U-02	aegypti	Ae. aegypti
A0A6I8U2Z3	2	U-02	aegypti	Ae. aegypti
A0A6I8U2Z7	1	U-01	aegypti	Ae. aegypti
A0A6I8U2Z8	1	U-01	aegypti	Ae. aegypti
A0A6I8U2Z9	1	U-01	aegypti	Ae. aegypti
A0A6I8U300	1	U-01	aegypti	Ae. aegypti
A0A6I8U302	0	unassigned	aegypti	Ae. aegypti
A0A6I8U303	1	U-01	aegypti	Ae. aegypti
A0A6I8U304	2	U-02	aegypti	Ae. aegypti
A0A6I8U307	1	U-01	aegypti	Ae. aegypti
A0A6I8U308	1	U-01	aegypti	Ae. aegypti
A0A6I8U310	1	U-01	aegypti	Ae. aegypti
A0A6I8U312	2	U-02	aegypti	Ae. aegypti
A0A6I8U314	1	U-01	aegypti	Ae. aegypti
A0A6I8U315	2	U-02	aegypti	Ae. aegypti
A0A6I8U316	0	unassigned	aegypti	Ae. aegypti
A0A6I8U318	0	unassigned	aegypti	Ae. aegypti
A0A6I8U319	2	U-02	aegypti	Ae. aegypti
A0A6I8U323	0	unassigned	aegypti	Ae. aegypti
A0A6I8U325	0	unassigned	aegypti	Ae. aegypti
A0A6I8U327	2	U-02	aegypti	Ae. aegypti
A0A6I8U330	0	unassigned	aegypti	Ae. aegypti
A0A6I8U332	1	U-01	aegypti	Ae. aegypti
A0A6I8U334	1	U-01	aegypti	Ae. aegypti
A0A6I8U338	1	U-01	aegypti	Ae. aegypti
A0A6I8U339	1	U-01	aegypti	Ae. aegypti
A0A6I8U341	0	unassigned	aegypti	Ae. aegypti
A0A6I8U343	2	U-02	aegypti	Ae. aegypti
A0A6I8U344	1	U-01	aegypti	Ae. aegypti
A0A6I8U345	2	U-02	aegypti	Ae. aegypti
A0A6I8U346	1	U-01	aegypti	Ae. aegypti
A0A6I8U348	1	U-01	aegypti	Ae. aegypti
A0A6I8U350	0	unassigned	aegypti	Ae. aegypti
A0A6I8U354	1	U-01	aegypti	Ae. aegypti
A0A6I8U355	0	unassigned	aegypti	Ae. aegypti
A0A6I8U356	0	unassigned	aegypti	Ae. aegypti
A0A6I8U357	1	U-01	aegypti	Ae. aegypti
A0A6I8U358	1	U-01	aegypti	Ae. aegypti
A0A6I8U359	0	unassigned	aegypti	Ae. aegypti
A0A6I8U361	1	U-01	aegypti	Ae. aegypti
A0A6I8U362	1	U-01	aegypti	Ae. aegypti
A0A6I8U363	1	U-01	aegypti	Ae. aegypti
A0A6I8U366	0	unassigned	aegypti	Ae. aegypti
A0A6I8U367	1	U-01	aegypti	Ae. aegypti
A0A6I8U368	2	U-02	aegypti	Ae. aegypti
A0A6I8U369	1	U-01	aegypti	Ae. aegypti
A0A6I8U374	1	U-01	aegypti	Ae. aegypti
A0A6I8U375	1	U-01	aegypti	Ae. aegypti
A0A6I8U376	0	unassigned	aegypti	Ae. aegypti
A0A6I8U379	2	U-02	aegypti	Ae. aegypti
A0A6I8U383	1	U-01	aegypti	Ae. aegypti
A0A6I8U386	0	unassigned	aegypti	Ae. aegypti
A0A6I8U393	1	U-01	aegypti	Ae. aegypti
A0A6I8U394	1	U-01	aegypti	Ae. aegypti
A0A6I8U395	1	U-01	aegypti	Ae. aegypti
A0A6I8U398	1	U-01	aegypti	Ae. aegypti
A0A6I8U3A2	0	unassigned	aegypti	Ae. aegypti
A0A6I8U3A4	1	U-01	aegypti	Ae. aegypti
A0A6I8U3A9	1	U-01	aegypti	Ae. aegypti
A0A6I8U3B0	1	U-01	aegypti	Ae. aegypti
A0A6I8U3B5	1	U-01	aegypti	Ae. aegypti
A0A6I8U3B9	1	U-01	aegypti	Ae. aegypti
A0A6I8U3C0	1	U-01	aegypti	Ae. aegypti
A0A6I8U3C1	1	U-01	aegypti	Ae. aegypti
A0A6I8U3C2	1	U-01	aegypti	Ae. aegypti
A0A6I8U3C6	1	U-01	aegypti	Ae. aegypti
A0A6I8U3C9	1	U-01	aegypti	Ae. aegypti
A0A6I8U3D0	2	U-02	aegypti	Ae. aegypti
A0A6I8U3D2	1	U-01	aegypti	Ae. aegypti
A0A6I8U3D4	1	U-01	aegypti	Ae. aegypti
A0A6I8U3D7	1	U-01	aegypti	Ae. aegypti
A0A6I8U3E0	0	unassigned	aegypti	Ae. aegypti
A0A6I8U3E1	0	unassigned	aegypti	Ae. aegypti
A0A6I8U3E2	1	U-01	aegypti	Ae. aegypti
A0A6I8U3E6	1	U-01	aegypti	Ae. aegypti
A0A6I8U3E8	1	U-01	aegypti	Ae. aegypti
A0A6I8U3E9	1	U-01	aegypti	Ae. aegypti
A0A6I8U3F2	0	unassigned	aegypti	Ae. aegypti
A0A6I8U3F4	1	U-01	aegypti	Ae. aegypti
A0A6I8U3F5	2	U-02	aegypti	Ae. aegypti
A0A6I8U3F8	2	U-02	aegypti	Ae. aegypti
A0A6I8U3G2	1	U-01	aegypti	Ae. aegypti
A0A6I8U3G3	1	U-01	aegypti	Ae. aegypti
A0A6I8U3G4	0	unassigned	aegypti	Ae. aegypti
A0A6I8U3G5	1	U-01	aegypti	Ae. aegypti
A0A6I8U3G8	2	U-02	aegypti	Ae. aegypti
A0A6I8U3G9	2	U-02	aegypti	Ae. aegypti
A0A6I8U3H1	1	U-01	aegypti	Ae. aegypti
A0A6I8U3H4	1	U-01	aegypti	Ae. aegypti
A0A6I8U3H5	2	U-02	aegypti	Ae. aegypti
A0A6I8U3I0	1	U-01	aegypti	Ae. aegypti
A0A6I8U3I3	2	U-02	aegypti	Ae. aegypti
A0A6I8U3I7	1	U-01	aegypti	Ae. aegypti
A0A6I8U3I9	1	U-01	aegypti	Ae. aegypti
A0A6I8U3J1	1	U-01	aegypti	Ae. aegypti
A0A6I8U3J5	1	U-01	aegypti	Ae. aegypti
A0A6I8U3J6	2	U-02	aegypti	Ae. aegypti
A0A6I8U3J9	2	U-02	aegypti	Ae. aegypti
A0A6I8U3K1	1	U-01	aegypti	Ae. aegypti
A0A6I8U3K3	1	U-01	aegypti	Ae. aegypti
A0A6I8U3K4	1	U-01	aegypti	Ae. aegypti
A0A6I8U3K5	1	U-01	aegypti	Ae. aegypti
A0A6I8U3K7	1	U-01	aegypti	Ae. aegypti
A0A6I8U3K8	2	U-02	aegypti	Ae. aegypti
A0A6I8U3K9	1	U-01	aegypti	Ae. aegypti
A0A6I8U3L0	1	U-01	aegypti	Ae. aegypti
A0A6I8U3L1	0	unassigned	aegypti	Ae. aegypti
A0A6I8U3L2	1	U-01	aegypti	Ae. aegypti
A0A6I8U3L3	1	U-01	aegypti	Ae. aegypti
A0A6I8U3L4	2	U-02	aegypti	Ae. aegypti
A0A6I8U3L5	1	U-01	aegypti	Ae. aegypti
A0A6I8U3L7	1	U-01	aegypti	Ae. aegypti
A0A6I8U3L8	2	U-02	aegypti	Ae. aegypti
A0A6I8U3M2	1	U-01	aegypti	Ae. aegypti
A0A6I8U3M3	1	U-01	aegypti	Ae. aegypti
A0A6I8U3M6	1	U-01	aegypti	Ae. aegypti
A0A6I8U3M7	1	U-01	aegypti	Ae. aegypti
A0A6I8U3M9	0	unassigned	aegypti	Ae. aegypti
A0A6I8U3N0	0	unassigned	aegypti	Ae. aegypti
A0A6I8U3N3	1	U-01	aegypti	Ae. aegypti
A0A6I8U3N4	2	U-02	aegypti	Ae. aegypti
A0A6I8U3N5	1	U-01	aegypti	Ae. aegypti
A0A6I8U3P6	1	U-01	aegypti	Ae. aegypti
A0A6I8U3P8	2	U-02	aegypti	Ae. aegypti
A0A6I8U3P9	1	U-01	aegypti	Ae. aegypti
A0A6I8U3Q0	1	U-01	aegypti	Ae. aegypti
A0A6I8U3Q1	2	U-02	aegypti	Ae. aegypti
A0A6I8U3Q3	1	U-01	aegypti	Ae. aegypti
A0A6I8U3Q9	2	U-02	aegypti	Ae. aegypti
A0A6I8U3R2	0	unassigned	aegypti	Ae. aegypti
A0A6I8U3R3	1	U-01	aegypti	Ae. aegypti
A0A6I8U3R4	2	U-02	aegypti	Ae. aegypti
A0A6I8U3R7	0	unassigned	aegypti	Ae. aegypti
A0A6I8U3S9	1	U-01	aegypti	Ae. aegypti
A0A6I8U3T1	1	U-01	aegypti	Ae. aegypti
A0A6I8U3T2	2	U-02	aegypti	Ae. aegypti
A0A6I8U3T4	1	U-01	aegypti	Ae. aegypti
A0A6I8U3T7	1	U-01	aegypti	Ae. aegypti
A0A6I8U3T8	0	unassigned	aegypti	Ae. aegypti
A0A6I8U3U0	1	U-01	aegypti	Ae. aegypti
A0A6I8U3U1	1	U-01	aegypti	Ae. aegypti
A0A6I8U3U3	1	U-01	aegypti	Ae. aegypti
A0A6I8U3U4	1	U-01	aegypti	Ae. aegypti
A0A6I8U3U6	2	U-02	aegypti	Ae. aegypti
A0A6I8U3U7	1	U-01	aegypti	Ae. aegypti
A0A6I8U3U9	1	U-01	aegypti	Ae. aegypti
A0A6I8U3V0	1	U-01	aegypti	Ae. aegypti
A0A6I8U3V4	1	U-01	aegypti	Ae. aegypti
A0A6I8U3V6	1	U-01	aegypti	Ae. aegypti
A0A6I8U3V7	1	U-01	aegypti	Ae. aegypti
A0A6I8U3V8	2	U-02	aegypti	Ae. aegypti
A0A6I8U3W2	1	U-01	aegypti	Ae. aegypti
A0A6I8U3W3	1	U-01	aegypti	Ae. aegypti
A0A6I8U3W4	1	U-01	aegypti	Ae. aegypti
A0A6I8U3W5	1	U-01	aegypti	Ae. aegypti
A0A6I8U3W6	1	U-01	aegypti	Ae. aegypti
A0A6I8U3W7	0	unassigned	aegypti	Ae. aegypti
A0A6I8U3W8	0	unassigned	aegypti	Ae. aegypti
A0A6I8U3X1	2	U-02	aegypti	Ae. aegypti
A0A6I8U3X2	0	unassigned	aegypti	Ae. aegypti
A0A6I8U3X4	1	U-01	aegypti	Ae. aegypti
A0A6I8T8R6	1	U-01	aegypti	Ae. aegypti
A0A6I8T8R7	1	U-01	aegypti	Ae. aegypti
A0A6I8T8S1	1	U-01	aegypti	Ae. aegypti
A0A6I8T8V1	2	U-02	aegypti	Ae. aegypti
A0A6I8T8W3	2	U-02	aegypti	Ae. aegypti
A0A6I8T8X4	1	U-01	aegypti	Ae. aegypti
A0A6I8T8Y1	1	U-01	aegypti	Ae. aegypti
A0A6I8T8Y4	1	U-01	aegypti	Ae. aegypti
A0A6I8T8Y9	1	U-01	aegypti	Ae. aegypti
A0A6I8T8Z2	1	U-01	aegypti	Ae. aegypti
A0A6I8T8Z8	1	U-01	aegypti	Ae. aegypti
A0A6I8T913	1	U-01	aegypti	Ae. aegypti
A0A6I8T9A5	1	U-01	aegypti	Ae. aegypti
A0A6I8T9A7	1	U-01	aegypti	Ae. aegypti
A0A6I8T9C7	1	U-01	aegypti	Ae. aegypti
A0A6I8T9D1	1	U-01	aegypti	Ae. aegypti
A0A6I8T9E0	2	U-02	aegypti	Ae. aegypti
A0A6I8T9E1	1	U-01	aegypti	Ae. aegypti
A0A6I8T9F0	1	U-01	aegypti	Ae. aegypti
A0A6I8T9F2	1	U-01	aegypti	Ae. aegypti
A0A6I8T9G1	1	U-01	aegypti	Ae. aegypti
A0A6I8T9H0	1	U-01	aegypti	Ae. aegypti
A0A6I8T9H7	1	U-01	aegypti	Ae. aegypti
A0A6I8T9I5	1	U-01	aegypti	Ae. aegypti
A0A6I8T9I7	2	U-02	aegypti	Ae. aegypti
A0A6I8T9J7	1	U-01	aegypti	Ae. aegypti
A0A6I8T9J8	1	U-01	aegypti	Ae. aegypti
A0A6I8T9K2	1	U-01	aegypti	Ae. aegypti
A0A6I8T9L3	1	U-01	aegypti	Ae. aegypti
A0A6I8T9P7	1	U-01	aegypti	Ae. aegypti
A0A6I8T9Q2	1	U-01	aegypti	Ae. aegypti
A0A6I8T9Q4	1	U-01	aegypti	Ae. aegypti
A0A6I8T9Q6	1	U-01	aegypti	Ae. aegypti
A0A6I8T9V0	1	U-01	aegypti	Ae. aegypti
A0A6I8T9X9	2	U-02	aegypti	Ae. aegypti
A0A6I8TA04	1	U-01	aegypti	Ae. aegypti
A0A6I8TA11	1	U-01	aegypti	Ae. aegypti
A0A6I8TA14	1	U-01	aegypti	Ae. aegypti
A0A6I8TA31	1	U-01	aegypti	Ae. aegypti
A0A6I8TA38	1	U-01	aegypti	Ae. aegypti
A0A6I8TA40	1	U-01	aegypti	Ae. aegypti
A0A6I8TA42	1	U-01	aegypti	Ae. aegypti
A0A6I8TA46	1	U-01	aegypti	Ae. aegypti
A0A6I8TA62	2	U-02	aegypti	Ae. aegypti
A0A6I8TA68	1	U-01	aegypti	Ae. aegypti
A0A6I8TA82	1	U-01	aegypti	Ae. aegypti
A0A6I8TA99	1	U-01	aegypti	Ae. aegypti
A0A6I8TAA7	1	U-01	aegypti	Ae. aegypti
A0A6I8TAB4	1	U-01	aegypti	Ae. aegypti
A0A6I8TAE8	1	U-01	aegypti	Ae. aegypti
A0A6I8TAF0	1	U-01	aegypti	Ae. aegypti
A0A6I8TAF4	1	U-01	aegypti	Ae. aegypti
A0A6I8TAL2	1	U-01	aegypti	Ae. aegypti
A0A6I8TAP7	1	U-01	aegypti	Ae. aegypti
A0A6I8TAP9	1	U-01	aegypti	Ae. aegypti
A0A6I8TAV9	1	U-01	aegypti	Ae. aegypti
A0A6I8TAX6	1	U-01	aegypti	Ae. aegypti
A0A6I8TAY4	1	U-01	aegypti	Ae. aegypti
A0A6I8TB10	1	U-01	aegypti	Ae. aegypti
A0A6I8T6G1	2	U-02	aegypti	Ae. aegypti
A0A6I8T6G3	1	U-01	aegypti	Ae. aegypti
A0A6I8T6G4	2	U-02	aegypti	Ae. aegypti
A0A6I8T6G6	0	unassigned	aegypti	Ae. aegypti
A0A6I8T6G7	1	U-01	aegypti	Ae. aegypti
A0A6I8T6H1	1	U-01	aegypti	Ae. aegypti
A0A6I8T6H4	1	U-01	aegypti	Ae. aegypti
A0A6I8T6H5	1	U-01	aegypti	Ae. aegypti
A0A6I8T6H7	0	unassigned	aegypti	Ae. aegypti
A0A6I8T6I0	0	unassigned	aegypti	Ae. aegypti
A0A6I8T6I3	1	U-01	aegypti	Ae. aegypti
A0A6I8T6J3	1	U-01	aegypti	Ae. aegypti
A0A6I8T6J7	2	U-02	aegypti	Ae. aegypti
A0A6I8T6J8	0	unassigned	aegypti	Ae. aegypti
A0A6I8T6K1	0	unassigned	aegypti	Ae. aegypti
A0A6I8T6K5	1	U-01	aegypti	Ae. aegypti
A0A6I8T6L0	2	U-02	aegypti	Ae. aegypti
A0A6I8T6L2	1	U-01	aegypti	Ae. aegypti
A0A6I8T6L4	2	U-02	aegypti	Ae. aegypti
A0A6I8T6L5	1	U-01	aegypti	Ae. aegypti
A0A6I8U3X5	0	unassigned	aegypti	Ae. aegypti
A0A6I8U3Y1	2	U-02	aegypti	Ae. aegypti
A0A6I8U3Y2	2	U-02	aegypti	Ae. aegypti
A0A6I8U3Y3	1	U-01	aegypti	Ae. aegypti
A0A6I8U3Y5	1	U-01	aegypti	Ae. aegypti
A0A6I8U3Y6	1	U-01	aegypti	Ae. aegypti
A0A6I8U3Y7	1	U-01	aegypti	Ae. aegypti
A0A6I8U3Y9	0	unassigned	aegypti	Ae. aegypti
A0A6I8U3Z8	1	U-01	aegypti	Ae. aegypti
A0A6I8U400	1	U-01	aegypti	Ae. aegypti
A0A6I8U402	1	U-01	aegypti	Ae. aegypti
A0A6I8U403	1	U-01	aegypti	Ae. aegypti
A0A6I8U404	1	U-01	aegypti	Ae. aegypti
A0A6I8U408	1	U-01	aegypti	Ae. aegypti
A0A6I8U409	1	U-01	aegypti	Ae. aegypti
A0A6I8U410	0	unassigned	aegypti	Ae. aegypti
A0A6I8U413	1	U-01	aegypti	Ae. aegypti
A0A6I8U415	1	U-01	aegypti	Ae. aegypti
A0A6I8U417	2	U-02	aegypti	Ae. aegypti
A0A6I8U421	1	U-01	aegypti	Ae. aegypti
A0A6I8U422	1	U-01	aegypti	Ae. aegypti
A0A6I8U423	1	U-01	aegypti	Ae. aegypti
A0A6I8U424	2	U-02	aegypti	Ae. aegypti
A0A6I8U425	2	U-02	aegypti	Ae. aegypti
A0A6I8U426	1	U-01	aegypti	Ae. aegypti
A0A6I8U428	1	U-01	aegypti	Ae. aegypti
A0A6I8U429	1	U-01	aegypti	Ae. aegypti
A0A6I8U438	0	unassigned	aegypti	Ae. aegypti
A0A6I8U439	2	U-02	aegypti	Ae. aegypti
A0A6I8U440	1	U-01	aegypti	Ae. aegypti
A0A6I8U442	1	U-01	aegypti	Ae. aegypti
A0A6I8U443	2	U-02	aegypti	Ae. aegypti
A0A6I8U444	2	U-02	aegypti	Ae. aegypti
A0A6I8U445	0	unassigned	aegypti	Ae. aegypti
A0A6I8U447	2	U-02	aegypti	Ae. aegypti
A0A6I8U449	1	U-01	aegypti	Ae. aegypti
A0A6I8U451	1	U-01	aegypti	Ae. aegypti
A0A6I8U453	2	U-02	aegypti	Ae. aegypti
A0A6I8U454	1	U-01	aegypti	Ae. aegypti
A0A6I8U457	1	U-01	aegypti	Ae. aegypti
A0A6I8U461	1	U-01	aegypti	Ae. aegypti
A0A6I8U462	2	U-02	aegypti	Ae. aegypti
A0A6I8U464	1	U-01	aegypti	Ae. aegypti
A0A6I8U467	1	U-01	aegypti	Ae. aegypti
A0A6I8U471	0	unassigned	aegypti	Ae. aegypti
A0A6I8U472	1	U-01	aegypti	Ae. aegypti
A0A6I8U473	1	U-01	aegypti	Ae. aegypti
A0A6I8U474	1	U-01	aegypti	Ae. aegypti
A0A6I8U475	2	U-02	aegypti	Ae. aegypti
A0A6I8U478	1	U-01	aegypti	Ae. aegypti
A0A6I8U479	2	U-02	aegypti	Ae. aegypti
A0A6I8U481	1	U-01	aegypti	Ae. aegypti
A0A6I8U482	0	unassigned	aegypti	Ae. aegypti
A0A6I8U483	0	unassigned	aegypti	Ae. aegypti
A0A6I8U484	1	U-01	aegypti	Ae. aegypti
A0A6I8U485	1	U-01	aegypti	Ae. aegypti
A0A6I8U486	2	U-02	aegypti	Ae. aegypti
A0A6I8U487	2	U-02	aegypti	Ae. aegypti
A0A6I8U488	1	U-01	aegypti	Ae. aegypti
A0A6I8U491	1	U-01	aegypti	Ae. aegypti
A0A6I8U492	1	U-01	aegypti	Ae. aegypti
A0A6I8U493	1	U-01	aegypti	Ae. aegypti
A0A6I8U498	1	U-01	aegypti	Ae. aegypti
A0A6I8U4A0	0	unassigned	aegypti	Ae. aegypti
A0A6I8U4A1	1	U-01	aegypti	Ae. aegypti
A0A6I8U4A4	1	U-01	aegypti	Ae. aegypti
A0A6I8U4A6	2	U-02	aegypti	Ae. aegypti
A0A6I8U4A8	2	U-02	aegypti	Ae. aegypti
A0A6I8U4A9	2	U-02	aegypti	Ae. aegypti
A0A6I8U4B4	1	U-01	aegypti	Ae. aegypti
A0A6I8U4B5	0	unassigned	aegypti	Ae. aegypti
A0A6I8U4B6	0	unassigned	aegypti	Ae. aegypti
A0A6I8U4B7	1	U-01	aegypti	Ae. aegypti
A0A6I8U4B8	1	U-01	aegypti	Ae. aegypti
A0A6I8U4B9	1	U-01	aegypti	Ae. aegypti
A0A6I8U4C0	1	U-01	aegypti	Ae. aegypti
A0A6I8U4C1	1	U-01	aegypti	Ae. aegypti
A0A6I8U4C2	1	U-01	aegypti	Ae. aegypti
A0A6I8U4C3	0	unassigned	aegypti	Ae. aegypti
A0A6I8U4C5	1	U-01	aegypti	Ae. aegypti
A0A6I8U4C6	0	unassigned	aegypti	Ae. aegypti
A0A6I8U4C7	1	U-01	aegypti	Ae. aegypti
A0A6I8U4C8	1	U-01	aegypti	Ae. aegypti
A0A6I8U4C9	1	U-01	aegypti	Ae. aegypti
A0A6I8U4D0	2	U-02	aegypti	Ae. aegypti
A0A6I8U4D1	1	U-01	aegypti	Ae. aegypti
A0A6I8U4D4	1	U-01	aegypti	Ae. aegypti
A0A6I8U4D5	1	U-01	aegypti	Ae. aegypti
A0A6I8U4D7	0	unassigned	aegypti	Ae. aegypti
A0A6I8U4E6	1	U-01	aegypti	Ae. aegypti
A0A6I8U4F2	2	U-02	aegypti	Ae. aegypti
A0A6I8U4F3	2	U-02	aegypti	Ae. aegypti
A0A6I8U4F6	1	U-01	aegypti	Ae. aegypti
A0A6I8U4F9	1	U-01	aegypti	Ae. aegypti
A0A6I8U4G1	1	U-01	aegypti	Ae. aegypti
A0A6I8U4G4	0	unassigned	aegypti	Ae. aegypti
A0A6I8U4G6	2	U-02	aegypti	Ae. aegypti
A0A6I8U4G7	0	unassigned	aegypti	Ae. aegypti
A0A6I8U4G8	1	U-01	aegypti	Ae. aegypti
A0A6I8U4H1	2	U-02	aegypti	Ae. aegypti
A0A6I8U4H2	1	U-01	aegypti	Ae. aegypti
A0A6I8U4H5	1	U-01	aegypti	Ae. aegypti
A0A6I8U4H6	2	U-02	aegypti	Ae. aegypti
A0A6I8U4H7	2	U-02	aegypti	Ae. aegypti
A0A6I8U4H8	1	U-01	aegypti	Ae. aegypti
A0A6I8U4I0	1	U-01	aegypti	Ae. aegypti
A0A6I8U4I1	0	unassigned	aegypti	Ae. aegypti
A0A6I8U4I4	1	U-01	aegypti	Ae. aegypti
A0A6I8U4I5	0	unassigned	aegypti	Ae. aegypti
A0A6I8U4I6	0	unassigned	aegypti	Ae. aegypti
A0A6I8U4I8	2	U-02	aegypti	Ae. aegypti
A0A6I8U4J0	1	U-01	aegypti	Ae. aegypti
A0A6I8U4J2	2	U-02	aegypti	Ae. aegypti
A0A6I8U4J4	1	U-01	aegypti	Ae. aegypti
A0A6I8U4J7	1	U-01	aegypti	Ae. aegypti
A0A6I8U4J8	0	unassigned	aegypti	Ae. aegypti
A0A6I8U4K2	2	U-02	aegypti	Ae. aegypti
A0A6I8U4K4	2	U-02	aegypti	Ae. aegypti
A0A6I8U4K6	2	U-02	aegypti	Ae. aegypti
A0A6I8U4K8	1	U-01	aegypti	Ae. aegypti
A0A6I8U4L4	1	U-01	aegypti	Ae. aegypti
A0A6I8U4L5	1	U-01	aegypti	Ae. aegypti
A0A6I8U4M0	1	U-01	aegypti	Ae. aegypti
A0A6I8U4M1	0	unassigned	aegypti	Ae. aegypti
A0A6I8U4M2	1	U-01	aegypti	Ae. aegypti
A0A6I8U4M7	2	U-02	aegypti	Ae. aegypti
A0A6I8U4M8	1	U-01	aegypti	Ae. aegypti
A0A6I8U4N1	1	U-01	aegypti	Ae. aegypti
A0A6I8U4N2	2	U-02	aegypti	Ae. aegypti
A0A6I8U4N3	1	U-01	aegypti	Ae. aegypti
A0A6I8U4N5	0	unassigned	aegypti	Ae. aegypti
A0A6I8U4N6	2	U-02	aegypti	Ae. aegypti
A0A6I8U4N8	2	U-02	aegypti	Ae. aegypti
A0A6I8U4P2	1	U-01	aegypti	Ae. aegypti
A0A6I8U4P4	2	U-02	aegypti	Ae. aegypti
A0A6I8U4P5	1	U-01	aegypti	Ae. aegypti
A0A6I8U4P6	0	unassigned	aegypti	Ae. aegypti
A0A6I8U4P8	0	unassigned	aegypti	Ae. aegypti
A0A6I8U4P9	1	U-01	aegypti	Ae. aegypti
A0A6I8U4Q1	1	U-01	aegypti	Ae. aegypti
A0A6I8U4Q3	2	U-02	aegypti	Ae. aegypti
A0A6I8U4Q4	2	U-02	aegypti	Ae. aegypti
A0A6I8U4Q5	1	U-01	aegypti	Ae. aegypti
A0A6I8U4Q8	1	U-01	aegypti	Ae. aegypti
A0A6I8U4R0	1	U-01	aegypti	Ae. aegypti
A0A6I8U4R1	1	U-01	aegypti	Ae. aegypti
A0A6I8U4R2	1	U-01	aegypti	Ae. aegypti
A0A6I8U4R3	0	unassigned	aegypti	Ae. aegypti
A0A6I8U4R5	1	U-01	aegypti	Ae. aegypti
A0A6I8U4R6	1	U-01	aegypti	Ae. aegypti
A0A6I8U4R7	1	U-01	aegypti	Ae. aegypti
A0A6I8U4R8	1	U-01	aegypti	Ae. aegypti
A0A6I8U4S2	2	U-02	aegypti	Ae. aegypti
A0A6I8U4S7	1	U-01	aegypti	Ae. aegypti
A0A6I8U4T0	1	U-01	aegypti	Ae. aegypti
A0A6I8U4T4	0	unassigned	aegypti	Ae. aegypti
A0A6I8U4T5	2	U-02	aegypti	Ae. aegypti
A0A6I8U4T7	1	U-01	aegypti	Ae. aegypti
A0A6I8U4T8	2	U-02	aegypti	Ae. aegypti
A0A6I8U4T9	1	U-01	aegypti	Ae. aegypti
A0A6I8U4U0	2	U-02	aegypti	Ae. aegypti
A0A6I8U4U1	1	U-01	aegypti	Ae. aegypti
A0A6I8U4U3	2	U-02	aegypti	Ae. aegypti
A0A6I8U4U5	1	U-01	aegypti	Ae. aegypti
A0A6I8U4U6	1	U-01	aegypti	Ae. aegypti
A0A6I8U4U7	2	U-02	aegypti	Ae. aegypti
A0A6I8U4U8	0	unassigned	aegypti	Ae. aegypti
A0A6I8U4U9	1	U-01	aegypti	Ae. aegypti
A0A6I8U4V1	0	unassigned	aegypti	Ae. aegypti
A0A6I8U4V5	1	U-01	aegypti	Ae. aegypti
A0A6I8U4V8	1	U-01	aegypti	Ae. aegypti
A0A6I8U4W2	1	U-01	aegypti	Ae. aegypti
A0A6I8U4W7	1	U-01	aegypti	Ae. aegypti
A0A6I8U4W8	1	U-01	aegypti	Ae. aegypti
A0A6I8U4X2	1	U-01	aegypti	Ae. aegypti
A0A6I8U4X3	1	U-01	aegypti	Ae. aegypti
A0A6I8U4X4	1	U-01	aegypti	Ae. aegypti
A0A6I8U4X6	1	U-01	aegypti	Ae. aegypti
A0A6I8U4X7	1	U-01	aegypti	Ae. aegypti
A0A6I8U4Y1	1	U-01	aegypti	Ae. aegypti
A0A6I8U4Z2	0	unassigned	aegypti	Ae. aegypti
A0A6I8U4Z5	1	U-01	aegypti	Ae. aegypti
A0A6I8U4Z8	2	U-02	aegypti	Ae. aegypti
A0A6I8U500	2	U-02	aegypti	Ae. aegypti
A0A6I8U504	1	U-01	aegypti	Ae. aegypti
A0A6I8U509	0	unassigned	aegypti	Ae. aegypti
A0A6I8U512	1	U-01	aegypti	Ae. aegypti
A0A6I8U513	2	U-02	aegypti	Ae. aegypti
A0A6I8U514	1	U-01	aegypti	Ae. aegypti
A0A6I8U515	0	unassigned	aegypti	Ae. aegypti
A0A6I8U516	0	unassigned	aegypti	Ae. aegypti
A0A6I8U518	1	U-01	aegypti	Ae. aegypti
A0A6I8U522	1	U-01	aegypti	Ae. aegypti
A0A6I8U524	0	unassigned	aegypti	Ae. aegypti
A0A6I8U525	2	U-02	aegypti	Ae. aegypti
A0A6I8U529	2	U-02	aegypti	Ae. aegypti
A0A6I8U535	1	U-01	aegypti	Ae. aegypti
A0A6I8U538	2	U-02	aegypti	Ae. aegypti
A0A6I8U541	2	U-02	aegypti	Ae. aegypti
A0A6I8U546	2	U-02	aegypti	Ae. aegypti
A0A6I8U547	2	U-02	aegypti	Ae. aegypti
A0A6I8U548	1	U-01	aegypti	Ae. aegypti
A0A6I8U552	2	U-02	aegypti	Ae. aegypti
A0A6I8U553	1	U-01	aegypti	Ae. aegypti
A0A6I8U556	1	U-01	aegypti	Ae. aegypti
A0A6I8U558	2	U-02	aegypti	Ae. aegypti
A0A6I8U559	0	unassigned	aegypti	Ae. aegypti
A0A6I8U562	1	U-01	aegypti	Ae. aegypti
A0A6I8U563	0	unassigned	aegypti	Ae. aegypti
A0A6I8U564	1	U-01	aegypti	Ae. aegypti
A0A6I8U566	2	U-02	aegypti	Ae. aegypti
A0A6I8U567	1	U-01	aegypti	Ae. aegypti
A0A6I8U572	2	U-02	aegypti	Ae. aegypti
A0A6I8U574	1	U-01	aegypti	Ae. aegypti
A0A6I8U577	2	U-02	aegypti	Ae. aegypti
A0A6I8U581	1	U-01	aegypti	Ae. aegypti
A0A6I8U582	2	U-02	aegypti	Ae. aegypti
A0A6I8U585	0	unassigned	aegypti	Ae. aegypti
A0A6I8U586	1	U-01	aegypti	Ae. aegypti
A0A6I8U588	1	U-01	aegypti	Ae. aegypti
A0A6I8U590	0	unassigned	aegypti	Ae. aegypti
A0A6I8U594	1	U-01	aegypti	Ae. aegypti
A0A6I8U595	1	U-01	aegypti	Ae. aegypti
A0A6I8U598	1	U-01	aegypti	Ae. aegypti
A0A6I8U5A2	1	U-01	aegypti	Ae. aegypti
A0A6I8U5A4	1	U-01	aegypti	Ae. aegypti
A0A6I8U5A5	2	U-02	aegypti	Ae. aegypti
A0A6I8U5A6	1	U-01	aegypti	Ae. aegypti
A0A6I8U5A7	0	unassigned	aegypti	Ae. aegypti
A0A6I8U5A8	2	U-02	aegypti	Ae. aegypti
A0A6I8U5A9	2	U-02	aegypti	Ae. aegypti
A0A6I8U5B3	1	U-01	aegypti	Ae. aegypti
A0A6I8U5B4	2	U-02	aegypti	Ae. aegypti
A0A6I8U5B6	1	U-01	aegypti	Ae. aegypti
A0A6I8U5B7	1	U-01	aegypti	Ae. aegypti
A0A6I8U5B8	1	U-01	aegypti	Ae. aegypti
A0A6I8U5C0	1	U-01	aegypti	Ae. aegypti
A0A6I8U5C1	1	U-01	aegypti	Ae. aegypti
A0A6I8U5C5	0	unassigned	aegypti	Ae. aegypti
A0A6I8U5C6	1	U-01	aegypti	Ae. aegypti
A0A6I8U5C7	0	unassigned	aegypti	Ae. aegypti
A0A6I8U5C8	1	U-01	aegypti	Ae. aegypti
A0A6I8U5D1	1	U-01	aegypti	Ae. aegypti
A0A6I8U5D3	2	U-02	aegypti	Ae. aegypti
A0A6I8U5D4	0	unassigned	aegypti	Ae. aegypti
A0A6I8U5D6	0	unassigned	aegypti	Ae. aegypti
A0A6I8U5D7	1	U-01	aegypti	Ae. aegypti
A0A6I8U5E0	1	U-01	aegypti	Ae. aegypti
A0A6I8U5E2	1	U-01	aegypti	Ae. aegypti
A0A6I8U5E4	1	U-01	aegypti	Ae. aegypti
A0A6I8U5E7	1	U-01	aegypti	Ae. aegypti
A0A6I8U5E8	0	unassigned	aegypti	Ae. aegypti
A0A6I8U5E9	2	U-02	aegypti	Ae. aegypti
A0A6I8U5F1	2	U-02	aegypti	Ae. aegypti
A0A6I8U5F4	1	U-01	aegypti	Ae. aegypti
A0A6I8U5F5	2	U-02	aegypti	Ae. aegypti
A0A6I8U5F6	2	U-02	aegypti	Ae. aegypti
A0A6I8U5F7	1	U-01	aegypti	Ae. aegypti
A0A6I8U5F9	0	unassigned	aegypti	Ae. aegypti
A0A6I8U5G1	0	unassigned	aegypti	Ae. aegypti
A0A6I8U5G5	0	unassigned	aegypti	Ae. aegypti
A0A6I8U5G7	1	U-01	aegypti	Ae. aegypti
A0A6I8U5G8	1	U-01	aegypti	Ae. aegypti
A0A6I8U5H0	1	U-01	aegypti	Ae. aegypti
A0A6I8U5H2	0	unassigned	aegypti	Ae. aegypti
A0A6I8U5H4	1	U-01	aegypti	Ae. aegypti
A0A6I8U5H6	2	U-02	aegypti	Ae. aegypti
A0A6I8U5H8	2	U-02	aegypti	Ae. aegypti
A0A6I8U5J5	2	U-02	aegypti	Ae. aegypti
A0A6I8U5K1	1	U-01	aegypti	Ae. aegypti
A0A6I8U5K2	1	U-01	aegypti	Ae. aegypti
A0A6I8U5K7	2	U-02	aegypti	Ae. aegypti
A0A6I8U5L1	1	U-01	aegypti	Ae. aegypti
A0A6I8U5L4	0	unassigned	aegypti	Ae. aegypti
A0A6I8U5L7	1	U-01	aegypti	Ae. aegypti
A0A6I8U5L9	1	U-01	aegypti	Ae. aegypti
A0A6I8U5M0	0	unassigned	aegypti	Ae. aegypti
A0A6I8U5M2	2	U-02	aegypti	Ae. aegypti
A0A6I8U5M5	1	U-01	aegypti	Ae. aegypti
A0A6I8U5M6	1	U-01	aegypti	Ae. aegypti
A0A1S4EZJ8	1	U-01	aegypti	Ae. aegypti
A0A1S4EZK6	1	U-01	aegypti	Ae. aegypti
A0A1S4EZL6	1	U-01	aegypti	Ae. aegypti
A0A1S4EZM7	1	U-01	aegypti	Ae. aegypti
A0A1S4EZP2	1	U-01	aegypti	Ae. aegypti
A0A1S4EZP4	1	U-01	aegypti	Ae. aegypti
A0A1S4EZR6	1	U-01	aegypti	Ae. aegypti
A0A1S4EZS0	1	U-01	aegypti	Ae. aegypti
A0A1S4EZS3	1	U-01	aegypti	Ae. aegypti
A0A1S4EZU4	1	U-01	aegypti	Ae. aegypti
A0A1S4EZV6	0	unassigned	aegypti	Ae. aegypti
A0A1S4EZX1	2	U-02	aegypti	Ae. aegypti
A0A1S4EZX6	2	U-02	aegypti	Ae. aegypti
A0A1S4EZY3	1	U-01	aegypti	Ae. aegypti
A0A1S4EZY6	1	U-01	aegypti	Ae. aegypti
A0A1S4EZZ4	2	U-02	aegypti	Ae. aegypti
A0A1S4EZZ8	1	U-01	aegypti	Ae. aegypti
A0A1S4F000	1	U-01	aegypti	Ae. aegypti
A0A1S4F007	2	U-02	aegypti	Ae. aegypti
A0A1S4F010	2	U-02	aegypti	Ae. aegypti
A0A1S4F031	1	U-01	aegypti	Ae. aegypti
A0A1S4F041	1	U-01	aegypti	Ae. aegypti
A0A1S4F048	1	U-01	aegypti	Ae. aegypti
A0A1S4F056	0	unassigned	aegypti	Ae. aegypti
A0A1S4F059	2	U-02	aegypti	Ae. aegypti
A0A1S4F063	2	U-02	aegypti	Ae. aegypti
A0A1S4F066	1	U-01	aegypti	Ae. aegypti
A0A1S4F074	1	U-01	aegypti	Ae. aegypti
A0A1S4F075	1	U-01	aegypti	Ae. aegypti
A0A1S4F082	1	U-01	aegypti	Ae. aegypti
A0A1S4F086	0	unassigned	aegypti	Ae. aegypti
A0A1S4F0A3	1	U-01	aegypti	Ae. aegypti
A0A1S4F0A4	1	U-01	aegypti	Ae. aegypti
A0A1S4F0A6	2	U-02	aegypti	Ae. aegypti
A0A1S4F0C0	1	U-01	aegypti	Ae. aegypti
A0A1S4F0C7	1	U-01	aegypti	Ae. aegypti
A0A1S4F0C9	1	U-01	aegypti	Ae. aegypti
A0A1S4F0D7	1	U-01	aegypti	Ae. aegypti
A0A1S4F0E1	1	U-01	aegypti	Ae. aegypti
A0A1S4F0E7	1	U-01	aegypti	Ae. aegypti
A0A1S4F0F3	2	U-02	aegypti	Ae. aegypti
A0A1S4F0F9	2	U-02	aegypti	Ae. aegypti
A0A1S4F0H4	1	U-01	aegypti	Ae. aegypti
A0A1S4F0K3	0	unassigned	aegypti	Ae. aegypti
A0A1S4F0L5	1	U-01	aegypti	Ae. aegypti
A0A1S4F0Q2	1	U-01	aegypti	Ae. aegypti
A0A1S4F0S3	0	unassigned	aegypti	Ae. aegypti
A0A1S4F0T4	2	U-02	aegypti	Ae. aegypti
A0A1S4F0V4	1	U-01	aegypti	Ae. aegypti
A0A1S4F0V8	1	U-01	aegypti	Ae. aegypti
A0A1S4F0X0	1	U-01	aegypti	Ae. aegypti
A0A1S4F0X9	1	U-01	aegypti	Ae. aegypti
A0A1S4F0Y0	1	U-01	aegypti	Ae. aegypti
A0A1S4F0Z2	1	U-01	aegypti	Ae. aegypti
A0A1S4F0Z5	1	U-01	aegypti	Ae. aegypti
A0A1S4F113	2	U-02	aegypti	Ae. aegypti
A0A1S4F115	1	U-01	aegypti	Ae. aegypti
A0A1S4F117	1	U-01	aegypti	Ae. aegypti
A0A1S4F145	1	U-01	aegypti	Ae. aegypti
A0A1S4F147	1	U-01	aegypti	Ae. aegypti
A0A1S4F169	1	U-01	aegypti	Ae. aegypti
A0A1S4F177	0	unassigned	aegypti	Ae. aegypti
A0A1S4F1A4	1	U-01	aegypti	Ae. aegypti
A0A1S4F1C1	1	U-01	aegypti	Ae. aegypti
A0A1S4F1D9	1	U-01	aegypti	Ae. aegypti
A0A1S4F1H7	1	U-01	aegypti	Ae. aegypti
A0A1S4F1I0	2	U-02	aegypti	Ae. aegypti
A0A1S4F1I2	1	U-01	aegypti	Ae. aegypti
A0A1S4F1I8	1	U-01	aegypti	Ae. aegypti
A0A1S4F1K4	1	U-01	aegypti	Ae. aegypti
A0A1S4F1L5	1	U-01	aegypti	Ae. aegypti
A0A1S4F1M6	2	U-02	aegypti	Ae. aegypti
A0A1S4F1N0	2	U-02	aegypti	Ae. aegypti
A0A1S4F1P0	1	U-01	aegypti	Ae. aegypti
A0A1S4F1P7	1	U-01	aegypti	Ae. aegypti
A0A1S4F1Q4	1	U-01	aegypti	Ae. aegypti
A0A1S4F1W0	1	U-01	aegypti	Ae. aegypti
A0A1S4F1W4	1	U-01	aegypti	Ae. aegypti
A0A1S4F1X0	1	U-01	aegypti	Ae. aegypti
A0A1S4F1X2	1	U-01	aegypti	Ae. aegypti
A0A1S4F1X7	1	U-01	aegypti	Ae. aegypti
A0A1S4F1X8	1	U-01	aegypti	Ae. aegypti
A0A1S4F1Y3	1	U-01	aegypti	Ae. aegypti
A0A1S4F1Y6	2	U-02	aegypti	Ae. aegypti
A0A1S4F206	1	U-01	aegypti	Ae. aegypti
A0A1S4F242	1	U-01	aegypti	Ae. aegypti
A0A1S4F244	1	U-01	aegypti	Ae. aegypti
A0A1S4F252	2	U-02	aegypti	Ae. aegypti
A0A1S4F286	2	U-02	aegypti	Ae. aegypti
A0A1S4F293	2	U-02	aegypti	Ae. aegypti
A0A1S4F295	1	U-01	aegypti	Ae. aegypti
A0A1S4F2A2	2	U-02	aegypti	Ae. aegypti
A0A1S4F2C8	1	U-01	aegypti	Ae. aegypti
A0A1S4F2E1	2	U-02	aegypti	Ae. aegypti
A0A1S4F2E2	2	U-02	aegypti	Ae. aegypti
A0A1S4F2E3	2	U-02	aegypti	Ae. aegypti
A0A1S4F2G7	2	U-02	aegypti	Ae. aegypti
A0A1S4F2H3	2	U-02	aegypti	Ae. aegypti
A0A1S4F2J1	2	U-02	aegypti	Ae. aegypti
A0A1S4F2J5	2	U-02	aegypti	Ae. aegypti
A0A1S4F2K0	0	unassigned	aegypti	Ae. aegypti
A0A1S4F2Q5	1	U-01	aegypti	Ae. aegypti
A0A1S4F2R2	1	U-01	aegypti	Ae. aegypti
A0A1S4F2T7	1	U-01	aegypti	Ae. aegypti
A0A1S4F2T8	1	U-01	aegypti	Ae. aegypti
A0A1S4F2U8	1	U-01	aegypti	Ae. aegypti
A0A1S4F2W9	1	U-01	aegypti	Ae. aegypti
A0A1S4F2X2	1	U-01	aegypti	Ae. aegypti
A0A1S4F2X8	0	unassigned	aegypti	Ae. aegypti
A0A1S4F2Y3	1	U-01	aegypti	Ae. aegypti
A0A1S4F2Y4	1	U-01	aegypti	Ae. aegypti
A0A1S4F2Y9	1	U-01	aegypti	Ae. aegypti
A0A1S4F2Z2	1	U-01	aegypti	Ae. aegypti
A0A1S4F2Z6	1	U-01	aegypti	Ae. aegypti
A0A1S4F308	1	U-01	aegypti	Ae. aegypti
A0A1S4F309	1	U-01	aegypti	Ae. aegypti
A0A1S4F318	2	U-02	aegypti	Ae. aegypti
A0A1S4F324	1	U-01	aegypti	Ae. aegypti
A0A1S4F327	1	U-01	aegypti	Ae. aegypti
A0A1S4F331	1	U-01	aegypti	Ae. aegypti
A0A1S4F345	1	U-01	aegypti	Ae. aegypti
A0A1S4F379	2	U-02	aegypti	Ae. aegypti
A0A1S4F387	1	U-01	aegypti	Ae. aegypti
A0A1S4F388	1	U-01	aegypti	Ae. aegypti
A0A1S4F3C2	2	U-02	aegypti	Ae. aegypti
A0A1S4F3C3	1	U-01	aegypti	Ae. aegypti
A0A1S4F3D2	1	U-01	aegypti	Ae. aegypti
A0A1S4F3D8	1	U-01	aegypti	Ae. aegypti
A0A1S4F3E3	2	U-02	aegypti	Ae. aegypti
A0A1S4F3F0	2	U-02	aegypti	Ae. aegypti
A0A1S4F3F9	1	U-01	aegypti	Ae. aegypti
A0A1S4F3G0	2	U-02	aegypti	Ae. aegypti
A0A1S4F3G3	1	U-01	aegypti	Ae. aegypti
A0A1S4F3G4	1	U-01	aegypti	Ae. aegypti
A0A1S4F3I7	0	unassigned	aegypti	Ae. aegypti
A0A1S4F3L2	2	U-02	aegypti	Ae. aegypti
A0A1S4F3L6	1	U-01	aegypti	Ae. aegypti
A0A1S4F3M2	2	U-02	aegypti	Ae. aegypti
A0A1S4F3P5	1	U-01	aegypti	Ae. aegypti
A0A1S4F3R3	1	U-01	aegypti	Ae. aegypti
A0A1S4F3S1	2	U-02	aegypti	Ae. aegypti
A0A1S4F3S5	1	U-01	aegypti	Ae. aegypti
A0A1S4F3T9	1	U-01	aegypti	Ae. aegypti
A0A1S4F3V0	0	unassigned	aegypti	Ae. aegypti
A0A1S4F3W7	1	U-01	aegypti	Ae. aegypti
A0A1S4F3X1	2	U-02	aegypti	Ae. aegypti
A0A1S4F3X2	1	U-01	aegypti	Ae. aegypti
A0A1S4F3Y5	1	U-01	aegypti	Ae. aegypti
A0A1S4F3Y9	1	U-01	aegypti	Ae. aegypti
A0A1S4F3Z0	1	U-01	aegypti	Ae. aegypti
A0A1S4F3Z8	1	U-01	aegypti	Ae. aegypti
A0A1S4F429	1	U-01	aegypti	Ae. aegypti
A0A1S4F470	2	U-02	aegypti	Ae. aegypti
A0A1S4F472	1	U-01	aegypti	Ae. aegypti
A0A1S4F477	1	U-01	aegypti	Ae. aegypti
A0A1S4F483	1	U-01	aegypti	Ae. aegypti
A0A1S4F493	2	U-02	aegypti	Ae. aegypti
A0A1S4F4A4	2	U-02	aegypti	Ae. aegypti
A0A1S4F4A5	1	U-01	aegypti	Ae. aegypti
A0A1S4FA26	1	U-01	aegypti	Ae. aegypti
A0A1S4FA34	1	U-01	aegypti	Ae. aegypti
A0A1S4FA52	2	U-02	aegypti	Ae. aegypti
A0A1S4FA55	1	U-01	aegypti	Ae. aegypti
A0A1S4FA91	1	U-01	aegypti	Ae. aegypti
A0A1S4FAC5	1	U-01	aegypti	Ae. aegypti
A0A1S4FAI3	2	U-02	aegypti	Ae. aegypti
A0A1S4FAK9	1	U-01	aegypti	Ae. aegypti
A0A1S4FAM3	1	U-01	aegypti	Ae. aegypti
A0A1S4FAM4	2	U-02	aegypti	Ae. aegypti
A0A1S4FAN0	1	U-01	aegypti	Ae. aegypti
A0A1S4FAP5	1	U-01	aegypti	Ae. aegypti
A0A1S4FAQ9	1	U-01	aegypti	Ae. aegypti
A0A1S4FAR2	1	U-01	aegypti	Ae. aegypti
A0A1S4FAR7	0	unassigned	aegypti	Ae. aegypti
A0A1S4FAR8	1	U-01	aegypti	Ae. aegypti
A0A1S4FAS9	1	U-01	aegypti	Ae. aegypti
A0A1S4FAT2	1	U-01	aegypti	Ae. aegypti
A0A1S4FAU2	2	U-02	aegypti	Ae. aegypti
A0A1S4FAU3	1	U-01	aegypti	Ae. aegypti
A0A1S4FAZ9	1	U-01	aegypti	Ae. aegypti
A0A1S4FB01	1	U-01	aegypti	Ae. aegypti
A0A1S4FB14	2	U-02	aegypti	Ae. aegypti
A0A1S4FB16	1	U-01	aegypti	Ae. aegypti
A0A1S4FB18	1	U-01	aegypti	Ae. aegypti
A0A1S4FB43	1	U-01	aegypti	Ae. aegypti
A0A1S4FB44	1	U-01	aegypti	Ae. aegypti
A0A1S4FB49	2	U-02	aegypti	Ae. aegypti
A0A1S4FB76	1	U-01	aegypti	Ae. aegypti
A0A1S4FB77	1	U-01	aegypti	Ae. aegypti
A0A1S4FB78	1	U-01	aegypti	Ae. aegypti
A0A1S4FB92	1	U-01	aegypti	Ae. aegypti
A0A1S4FBA6	2	U-02	aegypti	Ae. aegypti
A0A1S4FBB8	2	U-02	aegypti	Ae. aegypti
A0A1S4FBC6	0	unassigned	aegypti	Ae. aegypti
A0A1S4FBF5	1	U-01	aegypti	Ae. aegypti
A0A1S4FBG0	1	U-01	aegypti	Ae. aegypti
A0A1S4FBH7	1	U-01	aegypti	Ae. aegypti
A0A1S4FBH9	0	unassigned	aegypti	Ae. aegypti
A0A1S4FBJ4	1	U-01	aegypti	Ae. aegypti
A0A1S4FBK4	1	U-01	aegypti	Ae. aegypti
A0A1S4FBK9	1	U-01	aegypti	Ae. aegypti
A0A1S4FBM2	1	U-01	aegypti	Ae. aegypti
A0A1S4FBN2	1	U-01	aegypti	Ae. aegypti
A0A1S4FBP0	1	U-01	aegypti	Ae. aegypti
A0A1S4FBP6	1	U-01	aegypti	Ae. aegypti
A0A1S4FBQ3	1	U-01	aegypti	Ae. aegypti
A0A1S4FBQ7	1	U-01	aegypti	Ae. aegypti
A0A1S4FBS2	2	U-02	aegypti	Ae. aegypti
A0A1S4FBS3	1	U-01	aegypti	Ae. aegypti
A0A1S4FBS5	1	U-01	aegypti	Ae. aegypti
A0A1S4FBT0	1	U-01	aegypti	Ae. aegypti
A0A1S4FBT4	1	U-01	aegypti	Ae. aegypti
A0A1S4FBT8	2	U-02	aegypti	Ae. aegypti
A0A1S4FBU7	1	U-01	aegypti	Ae. aegypti
A0A1S4FBV6	1	U-01	aegypti	Ae. aegypti
A0A1S4FBX1	1	U-01	aegypti	Ae. aegypti
A0A1S4FBX8	1	U-01	aegypti	Ae. aegypti
A0A1S4FC12	1	U-01	aegypti	Ae. aegypti
A0A1S4FC19	1	U-01	aegypti	Ae. aegypti
A0A1S4FC31	1	U-01	aegypti	Ae. aegypti
A0A1S4FC32	1	U-01	aegypti	Ae. aegypti
A0A1S4FC48	1	U-01	aegypti	Ae. aegypti
A0A1S4FCA1	0	unassigned	aegypti	Ae. aegypti
A0A1S4FCC0	1	U-01	aegypti	Ae. aegypti
A0A1S4FCD3	0	unassigned	aegypti	Ae. aegypti
A0A1S4FCD9	2	U-02	aegypti	Ae. aegypti
A0A1S4FCE3	1	U-01	aegypti	Ae. aegypti
A0A1S4FCE4	1	U-01	aegypti	Ae. aegypti
A0A1S4FCF4	1	U-01	aegypti	Ae. aegypti
A0A1S4FCG3	1	U-01	aegypti	Ae. aegypti
A0A1S4FCK2	1	U-01	aegypti	Ae. aegypti
A0A1S4FCK3	1	U-01	aegypti	Ae. aegypti
A0A1S4FCL9	0	unassigned	aegypti	Ae. aegypti
A0A1S4FCM2	1	U-01	aegypti	Ae. aegypti
A0A1S4FCM3	2	U-02	aegypti	Ae. aegypti
A0A1S4FCM5	1	U-01	aegypti	Ae. aegypti
A0A1S4FCN3	2	U-02	aegypti	Ae. aegypti
A0A1S4FCR2	2	U-02	aegypti	Ae. aegypti
A0A1S4FCR8	2	U-02	aegypti	Ae. aegypti
A0A1S4FCS4	1	U-01	aegypti	Ae. aegypti
A0A1S4FCU8	1	U-01	aegypti	Ae. aegypti
A0A1S4FCV3	1	U-01	aegypti	Ae. aegypti
A0A1S4FCW5	1	U-01	aegypti	Ae. aegypti
A0A1S4FCX1	1	U-01	aegypti	Ae. aegypti
A0A1S4FCX4	2	U-02	aegypti	Ae. aegypti
A0A1S4FCY1	0	unassigned	aegypti	Ae. aegypti
A0A1S4FCZ7	2	U-02	aegypti	Ae. aegypti
A0A1S4FD04	1	U-01	aegypti	Ae. aegypti
A0A1S4FD07	1	U-01	aegypti	Ae. aegypti
A0A1S4FD34	1	U-01	aegypti	Ae. aegypti
A0A1S4FD61	2	U-02	aegypti	Ae. aegypti
A0A1S4FD86	1	U-01	aegypti	Ae. aegypti
A0A1S4FD93	1	U-01	aegypti	Ae. aegypti
A0A1S4FDC9	2	U-02	aegypti	Ae. aegypti
A0A1S4FDD2	2	U-02	aegypti	Ae. aegypti
A0A1S4FDE9	1	U-01	aegypti	Ae. aegypti
A0A1S4FJ71	1	U-01	aegypti	Ae. aegypti
A0A1S4FJA9	2	U-02	aegypti	Ae. aegypti
A0A1S4FJC1	2	U-02	aegypti	Ae. aegypti
A0A1S4FJC5	1	U-01	aegypti	Ae. aegypti
A0A1S4FJE8	1	U-01	aegypti	Ae. aegypti
A0A1S4FJF0	1	U-01	aegypti	Ae. aegypti
A0A1S4FJJ3	1	U-01	aegypti	Ae. aegypti
A0A1S4FJK7	1	U-01	aegypti	Ae. aegypti
A0A1S4FJL7	1	U-01	aegypti	Ae. aegypti
A0A1S4FJM3	2	U-02	aegypti	Ae. aegypti
A0A1S4FJM7	1	U-01	aegypti	Ae. aegypti
A0A1S4FJR2	1	U-01	aegypti	Ae. aegypti
A0A1S4FJR8	0	unassigned	aegypti	Ae. aegypti
A0A1S4FJS0	0	unassigned	aegypti	Ae. aegypti
A0A1S4FJS3	0	unassigned	aegypti	Ae. aegypti
A0A1S4FJS4	0	unassigned	aegypti	Ae. aegypti
A0A1S4FJT1	2	U-02	aegypti	Ae. aegypti
A0A1S4FJT6	2	U-02	aegypti	Ae. aegypti
A0A1S4FJT9	1	U-01	aegypti	Ae. aegypti
A0A1S4FJU4	1	U-01	aegypti	Ae. aegypti
A0A1S4FJV2	1	U-01	aegypti	Ae. aegypti
A0A1S4FJV6	0	unassigned	aegypti	Ae. aegypti
A0A1S4FJW4	1	U-01	aegypti	Ae. aegypti
A0A1S4FJW6	0	unassigned	aegypti	Ae. aegypti
A0A1S4FJW9	2	U-02	aegypti	Ae. aegypti
A0A1S4FJX5	1	U-01	aegypti	Ae. aegypti
A0A1S4FJX6	1	U-01	aegypti	Ae. aegypti
A0A1S4FJX8	2	U-02	aegypti	Ae. aegypti
A0A1S4FJY1	2	U-02	aegypti	Ae. aegypti
A0A1S4FJY6	2	U-02	aegypti	Ae. aegypti
A0A1S4FJZ0	1	U-01	aegypti	Ae. aegypti
A0A1S4FJZ4	1	U-01	aegypti	Ae. aegypti
A0A1S4FJZ8	1	U-01	aegypti	Ae. aegypti
A0A1S4FK06	2	U-02	aegypti	Ae. aegypti
A0A1S4FK36	1	U-01	aegypti	Ae. aegypti
A0A1S4FK62	1	U-01	aegypti	Ae. aegypti
A0A1S4FK68	1	U-01	aegypti	Ae. aegypti
A0A1S4FK88	2	U-02	aegypti	Ae. aegypti
A0A1S4FK97	1	U-01	aegypti	Ae. aegypti
A0A1S4FK99	1	U-01	aegypti	Ae. aegypti
A0A1S4FKA5	1	U-01	aegypti	Ae. aegypti
A0A1S4FKB1	1	U-01	aegypti	Ae. aegypti
A0A1S4FKD8	2	U-02	aegypti	Ae. aegypti
A0A1S4FKH4	1	U-01	aegypti	Ae. aegypti
A0A6I8T3R1	2	U-02	aegypti	Ae. aegypti
A0A6I8T3S8	1	U-01	aegypti	Ae. aegypti
A0A6I8T3S9	1	U-01	aegypti	Ae. aegypti
A0A6I8T3T3	1	U-01	aegypti	Ae. aegypti
A0A6I8T3T7	1	U-01	aegypti	Ae. aegypti
A0A6I8T3X3	1	U-01	aegypti	Ae. aegypti
A0A6I8T3X6	2	U-02	aegypti	Ae. aegypti
A0A6I8T3X9	2	U-02	aegypti	Ae. aegypti
A0A6I8T3Y0	1	U-01	aegypti	Ae. aegypti
A0A6I8T404	1	U-01	aegypti	Ae. aegypti
A0A6I8T413	1	U-01	aegypti	Ae. aegypti
A0A6I8T416	1	U-01	aegypti	Ae. aegypti
A0A6I8T429	1	U-01	aegypti	Ae. aegypti
A0A6I8T4D0	1	U-01	aegypti	Ae. aegypti
A0A6I8T4D1	1	U-01	aegypti	Ae. aegypti
A0A6I8T4E7	1	U-01	aegypti	Ae. aegypti
A0A6I8T4H1	1	U-01	aegypti	Ae. aegypti
A0A6I8T4H9	2	U-02	aegypti	Ae. aegypti
A0A6I8T4P2	1	U-01	aegypti	Ae. aegypti
A0A6I8T4S9	1	U-01	aegypti	Ae. aegypti
A0A6I8T4U5	1	U-01	aegypti	Ae. aegypti
A0A6I8T4Y6	1	U-01	aegypti	Ae. aegypti
A0A6I8T529	1	U-01	aegypti	Ae. aegypti
A0A6I8T537	2	U-02	aegypti	Ae. aegypti
A0A6I8T562	1	U-01	aegypti	Ae. aegypti
A0A6I8T5C7	2	U-02	aegypti	Ae. aegypti
A0A6I8T5D5	2	U-02	aegypti	Ae. aegypti
A0A6I8T5F9	1	U-01	aegypti	Ae. aegypti
A0A6I8T5H3	2	U-02	aegypti	Ae. aegypti
A0A6I8T5J2	2	U-02	aegypti	Ae. aegypti
A0A6I8T5K6	1	U-01	aegypti	Ae. aegypti
A0A6I8T5P2	1	U-01	aegypti	Ae. aegypti
A0A6I8T5Q0	2	U-02	aegypti	Ae. aegypti
A0A6I8T5Q7	1	U-01	aegypti	Ae. aegypti
A0A6I8T5V6	1	U-01	aegypti	Ae. aegypti
A0A6I8T5W8	2	U-02	aegypti	Ae. aegypti
A0A6I8T604	1	U-01	aegypti	Ae. aegypti
A0A6I8T620	2	U-02	aegypti	Ae. aegypti
A0A6I8T635	1	U-01	aegypti	Ae. aegypti
A0A6I8T646	1	U-01	aegypti	Ae. aegypti
A0A6I8T665	1	U-01	aegypti	Ae. aegypti
A0A6I8T667	1	U-01	aegypti	Ae. aegypti
A0A6I8T685	1	U-01	aegypti	Ae. aegypti
A0A6I8T687	1	U-01	aegypti	Ae. aegypti
A0A6I8T6B5	1	U-01	aegypti	Ae. aegypti
A0A6I8T6C8	2	U-02	aegypti	Ae. aegypti
A0A6I8T6I7	2	U-02	aegypti	Ae. aegypti
A0A6I8T6J2	2	U-02	aegypti	Ae. aegypti
A0A6I8T6L7	2	U-02	aegypti	Ae. aegypti
A0A6I8T6M3	2	U-02	aegypti	Ae. aegypti
A0A6I8T6M9	1	U-01	aegypti	Ae. aegypti
A0A6I8T6P6	1	U-01	aegypti	Ae. aegypti
A0A6I8T6P9	0	unassigned	aegypti	Ae. aegypti
A0A6I8T6S6	2	U-02	aegypti	Ae. aegypti
A0A6I8T6Z9	1	U-01	aegypti	Ae. aegypti
A0A6I8T708	2	U-02	aegypti	Ae. aegypti
A0A6I8T716	1	U-01	aegypti	Ae. aegypti
A0A6I8T721	1	U-01	aegypti	Ae. aegypti
A0A6I8T737	1	U-01	aegypti	Ae. aegypti
A0A6I8T741	2	U-02	aegypti	Ae. aegypti
A0A6I8T748	1	U-01	aegypti	Ae. aegypti
A0A6I8T781	1	U-01	aegypti	Ae. aegypti
A0A6I8T794	1	U-01	aegypti	Ae. aegypti
A0A6I8T7C1	1	U-01	aegypti	Ae. aegypti
A0A6I8T7C2	1	U-01	aegypti	Ae. aegypti
A0A6I8T7C5	1	U-01	aegypti	Ae. aegypti
A0A6I8T7D2	1	U-01	aegypti	Ae. aegypti
A0A6I8T7D3	1	U-01	aegypti	Ae. aegypti
A0A6I8T7D7	1	U-01	aegypti	Ae. aegypti
A0A6I8T7J9	1	U-01	aegypti	Ae. aegypti
A0A6I8T7K6	1	U-01	aegypti	Ae. aegypti
A0A6I8T7T7	1	U-01	aegypti	Ae. aegypti
A0A6I8T7X1	2	U-02	aegypti	Ae. aegypti
A0A6I8T856	2	U-02	aegypti	Ae. aegypti
A0A6I8T860	1	U-01	aegypti	Ae. aegypti
A0A6I8T866	2	U-02	aegypti	Ae. aegypti
A0A6I8T870	2	U-02	aegypti	Ae. aegypti
A0A6I8T871	1	U-01	aegypti	Ae. aegypti
A0A6I8T897	1	U-01	aegypti	Ae. aegypti
A0A6I8T8B3	1	U-01	aegypti	Ae. aegypti
A0A6I8T8C3	1	U-01	aegypti	Ae. aegypti
A0A6I8T8C6	1	U-01	aegypti	Ae. aegypti
A0A6I8T8D6	2	U-02	aegypti	Ae. aegypti
A0A6I8T8E6	1	U-01	aegypti	Ae. aegypti
A0A6I8T8F8	1	U-01	aegypti	Ae. aegypti
A0A6I8T8G6	1	U-01	aegypti	Ae. aegypti
A0A6I8T8H4	1	U-01	aegypti	Ae. aegypti
A0A6I8T8N8	1	U-01	aegypti	Ae. aegypti
A0A6I8T8P4	1	U-01	aegypti	Ae. aegypti
A0A6I8T8P5	1	U-01	aegypti	Ae. aegypti
A0A6I8T8P9	1	U-01	aegypti	Ae. aegypti
A0A6I8T8Q1	1	U-01	aegypti	Ae. aegypti
A0A6I8T8Q6	1	U-01	aegypti	Ae. aegypti
A0A6I8T8Q7	1	U-01	aegypti	Ae. aegypti
A0A6I8T8R0	1	U-01	aegypti	Ae. aegypti
A0A6I8T8R1	1	U-01	aegypti	Ae. aegypti
A0A6I8TE05	1	U-01	aegypti	Ae. aegypti
A0A6I8TE07	1	U-01	aegypti	Ae. aegypti
A0A6I8TE10	1	U-01	aegypti	Ae. aegypti
A0A6I8TE12	1	U-01	aegypti	Ae. aegypti
Q16HC3	1	U-01	aegypti	Ae. aegypti
Q16HD8	1	U-01	aegypti	Ae. aegypti
Q16HE3	1	U-01	aegypti	Ae. aegypti
Q16HG7	1	U-01	aegypti	Ae. aegypti
Q16HH9	1	U-01	aegypti	Ae. aegypti
Q16HI0	0	unassigned	aegypti	Ae. aegypti
Q16HK2	1	U-01	aegypti	Ae. aegypti
Q16HK5	1	U-01	aegypti	Ae. aegypti
Q16HK6	1	U-01	aegypti	Ae. aegypti
Q16HL9	1	U-01	aegypti	Ae. aegypti
Q16HN1	1	U-01	aegypti	Ae. aegypti
Q16HN4	1	U-01	aegypti	Ae. aegypti
Q16HN7	1	U-01	aegypti	Ae. aegypti
Q16HN8	1	U-01	aegypti	Ae. aegypti
Q16HR3	1	U-01	aegypti	Ae. aegypti
Q16HS1	1	U-01	aegypti	Ae. aegypti
Q16HS9	1	U-01	aegypti	Ae. aegypti
Q16HU0	1	U-01	aegypti	Ae. aegypti
Q16HU3	1	U-01	aegypti	Ae. aegypti
Q16HU4	1	U-01	aegypti	Ae. aegypti
Q16HY6	1	U-01	aegypti	Ae. aegypti
Q16I25	1	U-01	aegypti	Ae. aegypti
Q16I28	1	U-01	aegypti	Ae. aegypti
Q16I34	2	U-02	aegypti	Ae. aegypti
Q16I47	0	unassigned	aegypti	Ae. aegypti
Q16I53	1	U-01	aegypti	Ae. aegypti
Q16I64	1	U-01	aegypti	Ae. aegypti
Q16I79	2	U-02	aegypti	Ae. aegypti
Q16I84	1	U-01	aegypti	Ae. aegypti
Q16I97	1	U-01	aegypti	Ae. aegypti
Q16IA1	1	U-01	aegypti	Ae. aegypti
Q16IA8	1	U-01	aegypti	Ae. aegypti
Q16IF1	1	U-01	aegypti	Ae. aegypti
Q16II6	1	U-01	aegypti	Ae. aegypti
Q16II8	1	U-01	aegypti	Ae. aegypti
Q16IJ0	2	U-02	aegypti	Ae. aegypti
Q16IJ6	1	U-01	aegypti	Ae. aegypti
Q16IK9	1	U-01	aegypti	Ae. aegypti
Q16IS6	0	unassigned	aegypti	Ae. aegypti
Q16IS8	0	unassigned	aegypti	Ae. aegypti
Q16IT8	0	unassigned	aegypti	Ae. aegypti
Q16IU7	1	U-01	aegypti	Ae. aegypti
Q16IU9	1	U-01	aegypti	Ae. aegypti
Q16IV0	1	U-01	aegypti	Ae. aegypti
Q16IV9	1	U-01	aegypti	Ae. aegypti
Q16IW9	2	U-02	aegypti	Ae. aegypti
Q16IY4	1	U-01	aegypti	Ae. aegypti
Q16J03	1	U-01	aegypti	Ae. aegypti
Q16J04	1	U-01	aegypti	Ae. aegypti
Q16J18	1	U-01	aegypti	Ae. aegypti
Q16J30	1	U-01	aegypti	Ae. aegypti
Q16J32	1	U-01	aegypti	Ae. aegypti
Q16J70	2	U-02	aegypti	Ae. aegypti
Q16JA2	1	U-01	aegypti	Ae. aegypti
Q16JA9	1	U-01	aegypti	Ae. aegypti
Q16JB1	1	U-01	aegypti	Ae. aegypti
Q16JB8	2	U-02	aegypti	Ae. aegypti
Q16JD4	1	U-01	aegypti	Ae. aegypti
Q16JF7	0	unassigned	aegypti	Ae. aegypti
Q16JG0	0	unassigned	aegypti	Ae. aegypti
Q16JG1	0	unassigned	aegypti	Ae. aegypti
Q16JG2	0	unassigned	aegypti	Ae. aegypti
Q16JI4	1	U-01	aegypti	Ae. aegypti
Q16JJ2	1	U-01	aegypti	Ae. aegypti
Q16JJ7	1	U-01	aegypti	Ae. aegypti
Q16JK1	1	U-01	aegypti	Ae. aegypti
Q16JL4	1	U-01	aegypti	Ae. aegypti
Q16JM9	2	U-02	aegypti	Ae. aegypti
Q16JP3	1	U-01	aegypti	Ae. aegypti
Q16JP5	1	U-01	aegypti	Ae. aegypti
Q16JP7	1	U-01	aegypti	Ae. aegypti
Q16JR8	1	U-01	aegypti	Ae. aegypti
Q16JS3	1	U-01	aegypti	Ae. aegypti
Q16JS4	1	U-01	aegypti	Ae. aegypti
Q16JS6	1	U-01	aegypti	Ae. aegypti
Q16JV7	1	U-01	aegypti	Ae. aegypti
Q16JX7	1	U-01	aegypti	Ae. aegypti
Q16JX8	1	U-01	aegypti	Ae. aegypti
Q16JY6	2	U-02	aegypti	Ae. aegypti
Q16K07	1	U-01	aegypti	Ae. aegypti
Q16K15	1	U-01	aegypti	Ae. aegypti
Q16K23	1	U-01	aegypti	Ae. aegypti
Q16K40	1	U-01	aegypti	Ae. aegypti
Q16K50	1	U-01	aegypti	Ae. aegypti
Q16K51	1	U-01	aegypti	Ae. aegypti
Q16K67	1	U-01	aegypti	Ae. aegypti
Q16K72	1	U-01	aegypti	Ae. aegypti
Q16K89	1	U-01	aegypti	Ae. aegypti
Q16K94	1	U-01	aegypti	Ae. aegypti
Q16K96	1	U-01	aegypti	Ae. aegypti
Q16K97	1	U-01	aegypti	Ae. aegypti
Q16K98	2	U-02	aegypti	Ae. aegypti
Q16K99	1	U-01	aegypti	Ae. aegypti
Q16KA9	1	U-01	aegypti	Ae. aegypti
Q16KB3	0	unassigned	aegypti	Ae. aegypti
Q16KC5	2	U-02	aegypti	Ae. aegypti
Q16KE2	2	U-02	aegypti	Ae. aegypti
Q16KI2	1	U-01	aegypti	Ae. aegypti
Q16KI3	1	U-01	aegypti	Ae. aegypti
Q16KI5	1	U-01	aegypti	Ae. aegypti
Q171I9	1	U-01	aegypti	Ae. aegypti
Q171K0	2	U-02	aegypti	Ae. aegypti
Q171L2	2	U-02	aegypti	Ae. aegypti
Q171N9	1	U-01	aegypti	Ae. aegypti
Q171P3	1	U-01	aegypti	Ae. aegypti
Q171P7	2	U-02	aegypti	Ae. aegypti
Q171Q5	1	U-01	aegypti	Ae. aegypti
Q171Q8	1	U-01	aegypti	Ae. aegypti
Q171S5	1	U-01	aegypti	Ae. aegypti
Q171U7	1	U-01	aegypti	Ae. aegypti
Q171W2	2	U-02	aegypti	Ae. aegypti
Q171Y0	1	U-01	aegypti	Ae. aegypti
Q171Y1	1	U-01	aegypti	Ae. aegypti
Q171Y8	1	U-01	aegypti	Ae. aegypti
Q171Y9	1	U-01	aegypti	Ae. aegypti
Q171Z0	1	U-01	aegypti	Ae. aegypti
Q171Z8	1	U-01	aegypti	Ae. aegypti
Q172A0	0	unassigned	aegypti	Ae. aegypti
Q172C0	1	U-01	aegypti	Ae. aegypti
Q172C8	1	U-01	aegypti	Ae. aegypti
Q172D6	1	U-01	aegypti	Ae. aegypti
Q172F3	1	U-01	aegypti	Ae. aegypti
Q172F9	1	U-01	aegypti	Ae. aegypti
Q172G3	1	U-01	aegypti	Ae. aegypti
Q172I1	1	U-01	aegypti	Ae. aegypti
Q172I2	1	U-01	aegypti	Ae. aegypti
Q172K6	1	U-01	aegypti	Ae. aegypti
Q172P2	1	U-01	aegypti	Ae. aegypti
Q172P3	1	U-01	aegypti	Ae. aegypti
Q172Q8	1	U-01	aegypti	Ae. aegypti
Q172R0	1	U-01	aegypti	Ae. aegypti
Q172R4	1	U-01	aegypti	Ae. aegypti
Q172T3	1	U-01	aegypti	Ae. aegypti
Q172T7	1	U-01	aegypti	Ae. aegypti
Q172U0	1	U-01	aegypti	Ae. aegypti
Q172X2	1	U-01	aegypti	Ae. aegypti
Q172Y1	1	U-01	aegypti	Ae. aegypti
Q172Y9	1	U-01	aegypti	Ae. aegypti
Q172Z1	1	U-01	aegypti	Ae. aegypti
Q172Z9	1	U-01	aegypti	Ae. aegypti
Q173D4	1	U-01	aegypti	Ae. aegypti
Q173F1	1	U-01	aegypti	Ae. aegypti
Q173J1	1	U-01	aegypti	Ae. aegypti
Q173L2	1	U-01	aegypti	Ae. aegypti
Q173M3	1	U-01	aegypti	Ae. aegypti
Q173N6	1	U-01	aegypti	Ae. aegypti
Q173N8	1	U-01	aegypti	Ae. aegypti
Q173P2	1	U-01	aegypti	Ae. aegypti
Q173P3	1	U-01	aegypti	Ae. aegypti
Q173P6	1	U-01	aegypti	Ae. aegypti
Q173Q8	2	U-02	aegypti	Ae. aegypti
Q173Q9	1	U-01	aegypti	Ae. aegypti
Q173R1	1	U-01	aegypti	Ae. aegypti
Q173R5	1	U-01	aegypti	Ae. aegypti
Q173U8	1	U-01	aegypti	Ae. aegypti
Q173U9	1	U-01	aegypti	Ae. aegypti
A0A6R5HBB7	1	U-01	aegypti	Ae. aegypti
A0A6R5HFP6	1	U-01	aegypti	Ae. aegypti
A0A6R5HGP7	1	U-01	aegypti	Ae. aegypti
A0A6R5HMJ9	1	U-01	aegypti	Ae. aegypti
A0A6R5HV49	1	U-01	aegypti	Ae. aegypti
A0A6R5I1F9	1	U-01	aegypti	Ae. aegypti
A0A6R5I1G8	1	U-01	aegypti	Ae. aegypti
A0A6R5I1L5	1	U-01	aegypti	Ae. aegypti
A0A6R5I3G4	1	U-01	aegypti	Ae. aegypti
A0A6R5I3N1	1	U-01	aegypti	Ae. aegypti
A0A6R5I480	2	U-02	aegypti	Ae. aegypti
A0A6R5I5G1	1	U-01	aegypti	Ae. aegypti
A0A6R5I7I4	1	U-01	aegypti	Ae. aegypti
A0A6R5I810	1	U-01	aegypti	Ae. aegypti
A0A6R8GHQ5	1	U-01	aegypti	Ae. aegypti
A0A6R8GQV4	1	U-01	aegypti	Ae. aegypti
A0A6R8GRR5	0	unassigned	aegypti	Ae. aegypti
A0A6R8H194	1	U-01	aegypti	Ae. aegypti
A0A6R8KFA2	1	U-01	aegypti	Ae. aegypti
A0A6S4FMQ4	1	U-01	aegypti	Ae. aegypti
A0A6S4FMR8	1	U-01	aegypti	Ae. aegypti
A0A7N4YH62	1	U-01	aegypti	Ae. aegypti
A0A8W7HPP3	1	U-01	aegypti	Ae. aegypti
A0A8W7I2S7	2	U-02	aegypti	Ae. aegypti
A0A8W7I5X8	1	U-01	aegypti	Ae. aegypti
A0A8W7IA07	1	U-01	aegypti	Ae. aegypti
A0A8W7IIL7	1	U-01	aegypti	Ae. aegypti
A0A8W7IJ58	1	U-01	aegypti	Ae. aegypti
A0A8W7IMT7	1	U-01	aegypti	Ae. aegypti
A0A8W7IP25	1	U-01	aegypti	Ae. aegypti
A0A8W7IPM4	2	U-02	aegypti	Ae. aegypti
A0A8W7IU87	0	unassigned	aegypti	Ae. aegypti
A0A8W7J883	1	U-01	aegypti	Ae. aegypti
A0A903TLP6	2	U-02	aegypti	Ae. aegypti
A0A903TLZ4	1	U-01	aegypti	Ae. aegypti
A0A903TNQ4	2	U-02	aegypti	Ae. aegypti
A0A903TNR0	2	U-02	aegypti	Ae. aegypti
A0A903TP49	1	U-01	aegypti	Ae. aegypti
A0A903TR42	1	U-01	aegypti	Ae. aegypti
A0A903TTP5	2	U-02	aegypti	Ae. aegypti
A0A903TUC4	1	U-01	aegypti	Ae. aegypti
A0A903TUF2	1	U-01	aegypti	Ae. aegypti
A0A903TWF6	1	U-01	aegypti	Ae. aegypti
A0A903TWV8	1	U-01	aegypti	Ae. aegypti
A0A6I8TFZ2	1	U-01	aegypti	Ae. aegypti
A0A6I8TFZ3	0	unassigned	aegypti	Ae. aegypti
A0A6I8TFZ5	1	U-01	aegypti	Ae. aegypti
A0A6I8TG01	1	U-01	aegypti	Ae. aegypti
A0A6I8TG04	1	U-01	aegypti	Ae. aegypti
A0A6I8TG06	1	U-01	aegypti	Ae. aegypti
A0A6I8TG09	2	U-02	aegypti	Ae. aegypti
A0A6I8TG10	1	U-01	aegypti	Ae. aegypti
A0A6I8TG12	2	U-02	aegypti	Ae. aegypti
A0A6I8TG19	0	unassigned	aegypti	Ae. aegypti
A0A6I8TG22	2	U-02	aegypti	Ae. aegypti
A0A6I8TG31	0	unassigned	aegypti	Ae. aegypti
A0A6I8TG32	1	U-01	aegypti	Ae. aegypti
A0A6I8TG37	1	U-01	aegypti	Ae. aegypti
A0A6I8TG39	1	U-01	aegypti	Ae. aegypti
A0A6I8TG40	1	U-01	aegypti	Ae. aegypti
A0A6I8TG46	1	U-01	aegypti	Ae. aegypti
A0A6I8TG47	1	U-01	aegypti	Ae. aegypti
A0A6I8TG48	2	U-02	aegypti	Ae. aegypti
A0A6I8TG52	1	U-01	aegypti	Ae. aegypti
A0A6I8TG53	1	U-01	aegypti	Ae. aegypti
A0A6I8TG59	1	U-01	aegypti	Ae. aegypti
A0A6I8TG65	1	U-01	aegypti	Ae. aegypti
A0A6I8TG67	1	U-01	aegypti	Ae. aegypti
A0A6I8TG72	1	U-01	aegypti	Ae. aegypti
A0A6I8TG76	1	U-01	aegypti	Ae. aegypti
A0A6I8TG77	1	U-01	aegypti	Ae. aegypti
A0A6I8TG80	1	U-01	aegypti	Ae. aegypti
A0A6I8TG81	1	U-01	aegypti	Ae. aegypti
A0A6I8TG87	1	U-01	aegypti	Ae. aegypti
A0A6I8TG93	1	U-01	aegypti	Ae. aegypti
A0A6I8TG94	1	U-01	aegypti	Ae. aegypti
A0A6I8TG96	1	U-01	aegypti	Ae. aegypti
A0A6I8TG97	1	U-01	aegypti	Ae. aegypti
A0A6I8TG98	1	U-01	aegypti	Ae. aegypti
A0A6I8TG99	2	U-02	aegypti	Ae. aegypti
A0A6I8TGA0	0	unassigned	aegypti	Ae. aegypti
A0A6I8TGA1	1	U-01	aegypti	Ae. aegypti
A0A6I8TGB0	1	U-01	aegypti	Ae. aegypti
A0A6I8TGB1	2	U-02	aegypti	Ae. aegypti
A0A6I8TGB2	1	U-01	aegypti	Ae. aegypti
A0A6I8TGB6	1	U-01	aegypti	Ae. aegypti
A0A6I8TGC2	1	U-01	aegypti	Ae. aegypti
A0A6I8TGC5	1	U-01	aegypti	Ae. aegypti
A0A6I8TGC6	1	U-01	aegypti	Ae. aegypti
A0A6I8TGC7	1	U-01	aegypti	Ae. aegypti
A0A6I8TGC8	1	U-01	aegypti	Ae. aegypti
A0A6I8TGC9	1	U-01	aegypti	Ae. aegypti
A0A6I8TGD0	1	U-01	aegypti	Ae. aegypti
A0A6I8TGD1	1	U-01	aegypti	Ae. aegypti
A0A6I8TGD4	1	U-01	aegypti	Ae. aegypti
A0A6I8TGD9	1	U-01	aegypti	Ae. aegypti
A0A6I8TGE2	1	U-01	aegypti	Ae. aegypti
A0A6I8TGF1	1	U-01	aegypti	Ae. aegypti
A0A6I8TGF9	1	U-01	aegypti	Ae. aegypti
A0A6I8TGG1	1	U-01	aegypti	Ae. aegypti
A0A6I8TGG3	1	U-01	aegypti	Ae. aegypti
A0A6I8TGG7	1	U-01	aegypti	Ae. aegypti
A0A6I8TGH5	1	U-01	aegypti	Ae. aegypti
A0A6I8TGH6	0	unassigned	aegypti	Ae. aegypti
A0A6I8TGI6	1	U-01	aegypti	Ae. aegypti
A0A6I8TGI7	1	U-01	aegypti	Ae. aegypti
A0A6I8TGJ3	0	unassigned	aegypti	Ae. aegypti
A0A6I8TGK5	1	U-01	aegypti	Ae. aegypti
A0A6I8TGK6	1	U-01	aegypti	Ae. aegypti
A0A6I8TGL0	1	U-01	aegypti	Ae. aegypti
A0A6I8TGL2	1	U-01	aegypti	Ae. aegypti
A0A6I8TGM4	2	U-02	aegypti	Ae. aegypti
A0A6I8TGN9	1	U-01	aegypti	Ae. aegypti
A0A6I8TGP7	2	U-02	aegypti	Ae. aegypti
A0A6I8TGQ5	0	unassigned	aegypti	Ae. aegypti
A0A6I8TGQ6	1	U-01	aegypti	Ae. aegypti
A0A6I8TGR1	1	U-01	aegypti	Ae. aegypti
A0A6I8TGR5	2	U-02	aegypti	Ae. aegypti
A0A6I8TGS9	1	U-01	aegypti	Ae. aegypti
A0A6I8TGT2	1	U-01	aegypti	Ae. aegypti
A0A6I8TGT8	1	U-01	aegypti	Ae. aegypti
A0A6I8TGU2	1	U-01	aegypti	Ae. aegypti
A0A6I8TGU3	2	U-02	aegypti	Ae. aegypti
A0A6I8TGV2	1	U-01	aegypti	Ae. aegypti
A0A6I8TGV5	2	U-02	aegypti	Ae. aegypti
A0A6I8TGV9	1	U-01	aegypti	Ae. aegypti
A0A6I8TGW3	1	U-01	aegypti	Ae. aegypti
A0A6I8TGW6	1	U-01	aegypti	Ae. aegypti
A0A6I8TGW8	1	U-01	aegypti	Ae. aegypti
A0A6I8TGX1	1	U-01	aegypti	Ae. aegypti
A0A6I8TGY1	1	U-01	aegypti	Ae. aegypti
A0A6I8TGY6	2	U-02	aegypti	Ae. aegypti
A0A6I8TGY7	0	unassigned	aegypti	Ae. aegypti
A0A6I8TGZ8	1	U-01	aegypti	Ae. aegypti
A0A6I8TGZ9	1	U-01	aegypti	Ae. aegypti
A0A6I8TH00	0	unassigned	aegypti	Ae. aegypti
A0A6I8TH02	1	U-01	aegypti	Ae. aegypti
A0A6I8TH03	0	unassigned	aegypti	Ae. aegypti
A0A6I8TH18	1	U-01	aegypti	Ae. aegypti
A0A6I8TH21	1	U-01	aegypti	Ae. aegypti
A0A6I8TH22	0	unassigned	aegypti	Ae. aegypti
A0A6I8TH23	2	U-02	aegypti	Ae. aegypti
A0A6I8TH25	1	U-01	aegypti	Ae. aegypti
A0A6I8TH27	2	U-02	aegypti	Ae. aegypti
Q178B2	2	U-02	aegypti	Ae. aegypti
Q178B5	2	U-02	aegypti	Ae. aegypti
Q178C4	1	U-01	aegypti	Ae. aegypti
Q178C5	1	U-01	aegypti	Ae. aegypti
Q178D3	1	U-01	aegypti	Ae. aegypti
Q178E3	1	U-01	aegypti	Ae. aegypti
Q178F0	1	U-01	aegypti	Ae. aegypti
Q178G1	0	unassigned	aegypti	Ae. aegypti
Q178H5	1	U-01	aegypti	Ae. aegypti
Q178I5	1	U-01	aegypti	Ae. aegypti
Q178L4	1	U-01	aegypti	Ae. aegypti
Q178L8	1	U-01	aegypti	Ae. aegypti
Q178U0	2	U-02	aegypti	Ae. aegypti
Q178U1	2	U-02	aegypti	Ae. aegypti
Q178U2	2	U-02	aegypti	Ae. aegypti
Q178U5	0	unassigned	aegypti	Ae. aegypti
Q178W4	0	unassigned	aegypti	Ae. aegypti
Q178X2	1	U-01	aegypti	Ae. aegypti
Q178X3	1	U-01	aegypti	Ae. aegypti
Q178Y5	2	U-02	aegypti	Ae. aegypti
Q178Y6	2	U-02	aegypti	Ae. aegypti
Q178Y7	1	U-01	aegypti	Ae. aegypti
Q178Z0	2	U-02	aegypti	Ae. aegypti
Q178Z4	1	U-01	aegypti	Ae. aegypti
Q178Z6	1	U-01	aegypti	Ae. aegypti
Q178Z7	1	U-01	aegypti	Ae. aegypti
Q179A0	2	U-02	aegypti	Ae. aegypti
Q179A2	0	unassigned	aegypti	Ae. aegypti
Q179A3	0	unassigned	aegypti	Ae. aegypti
Q179A4	0	unassigned	aegypti	Ae. aegypti
Q179A6	0	unassigned	aegypti	Ae. aegypti
Q179D9	2	U-02	aegypti	Ae. aegypti
Q179F2	1	U-01	aegypti	Ae. aegypti
Q179H4	2	U-02	aegypti	Ae. aegypti
Q179J2	1	U-01	aegypti	Ae. aegypti
Q179L7	0	unassigned	aegypti	Ae. aegypti
Q179L8	0	unassigned	aegypti	Ae. aegypti
Q179M1	2	U-02	aegypti	Ae. aegypti
Q179N3	1	U-01	aegypti	Ae. aegypti
Q179S6	1	U-01	aegypti	Ae. aegypti
Q179T4	1	U-01	aegypti	Ae. aegypti
Q179T5	2	U-02	aegypti	Ae. aegypti
Q179U8	1	U-01	aegypti	Ae. aegypti
Q179V9	1	U-01	aegypti	Ae. aegypti
Q179W6	0	unassigned	aegypti	Ae. aegypti
Q179W8	0	unassigned	aegypti	Ae. aegypti
Q179X7	1	U-01	aegypti	Ae. aegypti
Q179X9	1	U-01	aegypti	Ae. aegypti
Q179Y1	1	U-01	aegypti	Ae. aegypti
Q179Z1	1	U-01	aegypti	Ae. aegypti
Q179Z6	1	U-01	aegypti	Ae. aegypti
Q179Z7	1	U-01	aegypti	Ae. aegypti
Q17A32	1	U-01	aegypti	Ae. aegypti
Q17A35	1	U-01	aegypti	Ae. aegypti
Q17A57	1	U-01	aegypti	Ae. aegypti
Q17A63	0	unassigned	aegypti	Ae. aegypti
Q17A64	2	U-02	aegypti	Ae. aegypti
Q17A83	1	U-01	aegypti	Ae. aegypti
Q17A85	1	U-01	aegypti	Ae. aegypti
Q17A95	1	U-01	aegypti	Ae. aegypti
Q17A96	1	U-01	aegypti	Ae. aegypti
Q17AC1	0	unassigned	aegypti	Ae. aegypti
Q17AF3	2	U-02	aegypti	Ae. aegypti
Q17AF5	1	U-01	aegypti	Ae. aegypti
Q17AF8	1	U-01	aegypti	Ae. aegypti
Q17AG2	1	U-01	aegypti	Ae. aegypti
Q17AI3	1	U-01	aegypti	Ae. aegypti
Q17AI4	1	U-01	aegypti	Ae. aegypti
Q17AI6	1	U-01	aegypti	Ae. aegypti
Q17AK2	1	U-01	aegypti	Ae. aegypti
Q17AK3	1	U-01	aegypti	Ae. aegypti
Q17AK9	1	U-01	aegypti	Ae. aegypti
Q17AP6	1	U-01	aegypti	Ae. aegypti
Q17AQ8	1	U-01	aegypti	Ae. aegypti
Q17AR2	1	U-01	aegypti	Ae. aegypti
Q17AR3	1	U-01	aegypti	Ae. aegypti
Q17AR7	1	U-01	aegypti	Ae. aegypti
Q17AS4	1	U-01	aegypti	Ae. aegypti
Q17AT6	1	U-01	aegypti	Ae. aegypti
Q17AT7	1	U-01	aegypti	Ae. aegypti
Q17AV0	2	U-02	aegypti	Ae. aegypti
Q17AV9	2	U-02	aegypti	Ae. aegypti
Q17AW0	2	U-02	aegypti	Ae. aegypti
Q17AX0	1	U-01	aegypti	Ae. aegypti
Q17AY3	1	U-01	aegypti	Ae. aegypti
Q17AZ0	1	U-01	aegypti	Ae. aegypti
Q17AZ1	1	U-01	aegypti	Ae. aegypti
Q17B09	1	U-01	aegypti	Ae. aegypti
Q17B11	1	U-01	aegypti	Ae. aegypti
Q17B22	1	U-01	aegypti	Ae. aegypti
Q17B47	1	U-01	aegypti	Ae. aegypti
Q17B60	1	U-01	aegypti	Ae. aegypti
Q17B74	1	U-01	aegypti	Ae. aegypti
Q17B93	1	U-01	aegypti	Ae. aegypti
Q17BA0	2	U-02	aegypti	Ae. aegypti
Q17BA1	2	U-02	aegypti	Ae. aegypti
Q17BA2	0	unassigned	aegypti	Ae. aegypti
Q17BB1	1	U-01	aegypti	Ae. aegypti
Q17BB2	0	unassigned	aegypti	Ae. aegypti
Q17BB5	0	unassigned	aegypti	Ae. aegypti
A0A6I8TG90	1	U-01	aegypti	Ae. aegypti
A0A6I8TG95	1	U-01	aegypti	Ae. aegypti
A0A6I8TGA4	1	U-01	aegypti	Ae. aegypti
A0A6I8TGA9	2	U-02	aegypti	Ae. aegypti
A0A6I8TGB3	1	U-01	aegypti	Ae. aegypti
A0A6I8TGC0	1	U-01	aegypti	Ae. aegypti
A0A6I8TGC3	1	U-01	aegypti	Ae. aegypti
A0A6I8TGD8	0	unassigned	aegypti	Ae. aegypti
A0A6I8TGE1	0	unassigned	aegypti	Ae. aegypti
A0A6I8TGE3	0	unassigned	aegypti	Ae. aegypti
A0A6I8TGE8	0	unassigned	aegypti	Ae. aegypti
A0A6I8TGE9	2	U-02	aegypti	Ae. aegypti
A0A6I8TGF0	2	U-02	aegypti	Ae. aegypti
A0A6I8TGF3	0	unassigned	aegypti	Ae. aegypti
A0A6I8TGF6	2	U-02	aegypti	Ae. aegypti
A0A6I8TGF7	0	unassigned	aegypti	Ae. aegypti
A0A6I8TGF8	2	U-02	aegypti	Ae. aegypti
A0A6I8TGG4	0	unassigned	aegypti	Ae. aegypti
A0A6I8TGH3	0	unassigned	aegypti	Ae. aegypti
A0A6I8TGH7	1	U-01	aegypti	Ae. aegypti
A0A6I8TGH8	0	unassigned	aegypti	Ae. aegypti
A0A6I8TGH9	0	unassigned	aegypti	Ae. aegypti
A0A6I8TGI2	0	unassigned	aegypti	Ae. aegypti
A0A6I8TGI8	2	U-02	aegypti	Ae. aegypti
A0A6I8TGI9	2	U-02	aegypti	Ae. aegypti
A0A6I8TGJ0	1	U-01	aegypti	Ae. aegypti
A0A6I8TGJ1	2	U-02	aegypti	Ae. aegypti
A0A6I8TGJ4	2	U-02	aegypti	Ae. aegypti
A0A6I8TGJ6	1	U-01	aegypti	Ae. aegypti
A0A6I8TGJ9	1	U-01	aegypti	Ae. aegypti
A0A6I8TGK1	1	U-01	aegypti	Ae. aegypti
A0A6I8TGK2	1	U-01	aegypti	Ae. aegypti
A0A6I8TGK3	1	U-01	aegypti	Ae. aegypti
A0A6I8TGK4	0	unassigned	aegypti	Ae. aegypti
A0A6I8TGK7	0	unassigned	aegypti	Ae. aegypti
A0A6I8TGK8	1	U-01	aegypti	Ae. aegypti
A0A6I8TGL1	1	U-01	aegypti	Ae. aegypti
A0A6I8TGL3	2	U-02	aegypti	Ae. aegypti
A0A6I8TGL5	1	U-01	aegypti	Ae. aegypti
A0A6I8TGL8	1	U-01	aegypti	Ae. aegypti
A0A6I8TGL9	2	U-02	aegypti	Ae. aegypti
A0A6I8TGM3	2	U-02	aegypti	Ae. aegypti
A0A6I8TGM9	1	U-01	aegypti	Ae. aegypti
A0A6I8TGN1	2	U-02	aegypti	Ae. aegypti
A0A6I8TGN5	2	U-02	aegypti	Ae. aegypti
A0A6I8TGN6	1	U-01	aegypti	Ae. aegypti
A0A6I8TGP6	1	U-01	aegypti	Ae. aegypti
A0A6I8TGP8	0	unassigned	aegypti	Ae. aegypti
A0A6I8TGP9	1	U-01	aegypti	Ae. aegypti
A0A6I8TGQ2	0	unassigned	aegypti	Ae. aegypti
A0A6I8TGQ4	0	unassigned	aegypti	Ae. aegypti
A0A6I8TGQ8	1	U-01	aegypti	Ae. aegypti
A0A6I8TGQ9	1	U-01	aegypti	Ae. aegypti
A0A6I8TGR0	2	U-02	aegypti	Ae. aegypti
A0A6I8TGR6	1	U-01	aegypti	Ae. aegypti
A0A6I8TGS5	1	U-01	aegypti	Ae. aegypti
A0A6I8TGS7	2	U-02	aegypti	Ae. aegypti
A0A6I8TGT1	1	U-01	aegypti	Ae. aegypti
A0A6I8TGT4	1	U-01	aegypti	Ae. aegypti
A0A6I8TGT5	2	U-02	aegypti	Ae. aegypti
A0A6I8TGT6	0	unassigned	aegypti	Ae. aegypti
A0A6I8TGT9	1	U-01	aegypti	Ae. aegypti
A0A6I8TGU0	0	unassigned	aegypti	Ae. aegypti
A0A6I8TGU5	1	U-01	aegypti	Ae. aegypti
A0A6I8TGU8	1	U-01	aegypti	Ae. aegypti
A0A6I8TGV6	1	U-01	aegypti	Ae. aegypti
A0A1S4FGQ8	2	U-02	aegypti	Ae. aegypti
A0A1S4FGS8	1	U-01	aegypti	Ae. aegypti
A0A1S4FGT1	1	U-01	aegypti	Ae. aegypti
A0A1S4FGU0	1	U-01	aegypti	Ae. aegypti
A0A1S4FGV6	1	U-01	aegypti	Ae. aegypti
A0A1S4FGY9	2	U-02	aegypti	Ae. aegypti
A0A1S4FGZ1	1	U-01	aegypti	Ae. aegypti
A0A1S4FGZ3	2	U-02	aegypti	Ae. aegypti
A0A1S4FGZ8	2	U-02	aegypti	Ae. aegypti
A0A1S4FH11	1	U-01	aegypti	Ae. aegypti
A0A1S4FH12	1	U-01	aegypti	Ae. aegypti
A0A1S4FH15	1	U-01	aegypti	Ae. aegypti
A0A1S4FH28	1	U-01	aegypti	Ae. aegypti
A0A1S4FH30	1	U-01	aegypti	Ae. aegypti
A0A1S4FH42	1	U-01	aegypti	Ae. aegypti
A0A1S4FH50	2	U-02	aegypti	Ae. aegypti
A0A1S4FH51	1	U-01	aegypti	Ae. aegypti
A0A1S4FH70	1	U-01	aegypti	Ae. aegypti
A0A1S4FH77	2	U-02	aegypti	Ae. aegypti
A0A1S4FH78	1	U-01	aegypti	Ae. aegypti
A0A1S4FH83	2	U-02	aegypti	Ae. aegypti
A0A1S4FH89	1	U-01	aegypti	Ae. aegypti
A0A1S4FH91	2	U-02	aegypti	Ae. aegypti
A0A1S4FH94	2	U-02	aegypti	Ae. aegypti
A0A1S4FH97	1	U-01	aegypti	Ae. aegypti
A0A1S4FHA0	1	U-01	aegypti	Ae. aegypti
A0A1S4FHA2	1	U-01	aegypti	Ae. aegypti
A0A1S4FHC3	1	U-01	aegypti	Ae. aegypti
A0A1S4FHC5	1	U-01	aegypti	Ae. aegypti
A0A1S4FHE0	1	U-01	aegypti	Ae. aegypti
A0A1S4FHE4	1	U-01	aegypti	Ae. aegypti
A0A1S4FHF8	1	U-01	aegypti	Ae. aegypti
A0A1S4FHG3	1	U-01	aegypti	Ae. aegypti
A0A1S4FHG8	1	U-01	aegypti	Ae. aegypti
A0A6I8TJZ8	1	U-01	aegypti	Ae. aegypti
A0A6I8TK00	1	U-01	aegypti	Ae. aegypti
A0A6I8TK01	1	U-01	aegypti	Ae. aegypti
A0A6I8TK03	1	U-01	aegypti	Ae. aegypti
A0A6I8TK06	1	U-01	aegypti	Ae. aegypti
A0A6I8TK07	1	U-01	aegypti	Ae. aegypti
A0A6I8TK08	1	U-01	aegypti	Ae. aegypti
A0A6I8TK10	1	U-01	aegypti	Ae. aegypti
A0A6I8TK20	1	U-01	aegypti	Ae. aegypti
A0A6I8TK22	2	U-02	aegypti	Ae. aegypti
A0A6I8TK23	2	U-02	aegypti	Ae. aegypti
A0A6I8TK31	2	U-02	aegypti	Ae. aegypti
A0A6I8TK34	1	U-01	aegypti	Ae. aegypti
A0A6I8TK37	1	U-01	aegypti	Ae. aegypti
A0A6I8TK39	1	U-01	aegypti	Ae. aegypti
A0A6I8TK41	1	U-01	aegypti	Ae. aegypti
A0A6I8TK44	2	U-02	aegypti	Ae. aegypti
A0A6I8TK45	1	U-01	aegypti	Ae. aegypti
A0A6I8TK46	2	U-02	aegypti	Ae. aegypti
A0A6I8TK47	1	U-01	aegypti	Ae. aegypti
A0A6I8TK50	1	U-01	aegypti	Ae. aegypti
A0A6I8TK52	1	U-01	aegypti	Ae. aegypti
A0A6I8TK54	1	U-01	aegypti	Ae. aegypti
A0A6I8TK57	1	U-01	aegypti	Ae. aegypti
A0A6I8TK58	1	U-01	aegypti	Ae. aegypti
A0A6I8TK64	1	U-01	aegypti	Ae. aegypti
A0A6I8TK70	1	U-01	aegypti	Ae. aegypti
A0A6I8TK71	1	U-01	aegypti	Ae. aegypti
A0A6I8TK74	1	U-01	aegypti	Ae. aegypti
A0A6I8TK76	2	U-02	aegypti	Ae. aegypti
A0A6I8TK77	1	U-01	aegypti	Ae. aegypti
A0A6I8TK82	2	U-02	aegypti	Ae. aegypti
A0A6I8TK89	1	U-01	aegypti	Ae. aegypti
A0A6I8TK90	1	U-01	aegypti	Ae. aegypti
A0A6I8TK91	1	U-01	aegypti	Ae. aegypti
A0A6I8TK93	1	U-01	aegypti	Ae. aegypti
A0A6I8TK97	1	U-01	aegypti	Ae. aegypti
A0A6I8TKA0	1	U-01	aegypti	Ae. aegypti
A0A6I8TKA3	1	U-01	aegypti	Ae. aegypti
A0A6I8TKA4	0	unassigned	aegypti	Ae. aegypti
A0A6I8TKA8	1	U-01	aegypti	Ae. aegypti
A0A6I8TKB3	2	U-02	aegypti	Ae. aegypti
A0A6I8TKB6	1	U-01	aegypti	Ae. aegypti
A0A6I8TKB9	1	U-01	aegypti	Ae. aegypti
A0A6I8TKC6	0	unassigned	aegypti	Ae. aegypti
A0A6I8TKC9	1	U-01	aegypti	Ae. aegypti
A0A6I8TKD5	1	U-01	aegypti	Ae. aegypti
A0A6I8TPS3	0	unassigned	aegypti	Ae. aegypti
A0A6I8TPS5	0	unassigned	aegypti	Ae. aegypti
A0A6I8TPS6	1	U-01	aegypti	Ae. aegypti
A0A6I8TPS9	1	U-01	aegypti	Ae. aegypti
A0A6I8TPT5	1	U-01	aegypti	Ae. aegypti
A0A6I8TPT9	2	U-02	aegypti	Ae. aegypti
A0A6I8TPU5	1	U-01	aegypti	Ae. aegypti
A0A6I8TPU8	1	U-01	aegypti	Ae. aegypti
A0A6I8TPV2	1	U-01	aegypti	Ae. aegypti
A0A6I8TPV4	2	U-02	aegypti	Ae. aegypti
A0A6I8TPV5	1	U-01	aegypti	Ae. aegypti
A0A6I8TPV6	2	U-02	aegypti	Ae. aegypti
A0A6I8TPV8	0	unassigned	aegypti	Ae. aegypti
A0A6I8TPV9	1	U-01	aegypti	Ae. aegypti
A0A6I8TPW2	1	U-01	aegypti	Ae. aegypti
A0A6I8TPW3	1	U-01	aegypti	Ae. aegypti
A0A6I8TPW6	1	U-01	aegypti	Ae. aegypti
A0A6I8TPX0	1	U-01	aegypti	Ae. aegypti
A0A6I8TPX1	1	U-01	aegypti	Ae. aegypti
A0A6I8TPX7	1	U-01	aegypti	Ae. aegypti
A0A6I8TPX8	2	U-02	aegypti	Ae. aegypti
A0A6I8TPX9	1	U-01	aegypti	Ae. aegypti
A0A6I8TPY1	0	unassigned	aegypti	Ae. aegypti
A0A6I8TPY4	2	U-02	aegypti	Ae. aegypti
A0A6I8TPY6	2	U-02	aegypti	Ae. aegypti
A0A6I8TPZ0	1	U-01	aegypti	Ae. aegypti
A0A6I8TPZ4	1	U-01	aegypti	Ae. aegypti
A0A6I8TPZ9	1	U-01	aegypti	Ae. aegypti
A0A6I8TQ01	2	U-02	aegypti	Ae. aegypti
A0A6I8TQ08	2	U-02	aegypti	Ae. aegypti
A0A6I8TQ10	1	U-01	aegypti	Ae. aegypti
A0A6I8TQ15	0	unassigned	aegypti	Ae. aegypti
A0A6I8TQ16	2	U-02	aegypti	Ae. aegypti
A0A6I8TQ17	2	U-02	aegypti	Ae. aegypti
A0A6I8TQ22	1	U-01	aegypti	Ae. aegypti
A0A6I8TQ23	2	U-02	aegypti	Ae. aegypti
A0A6I8TQ24	0	unassigned	aegypti	Ae. aegypti
A0A6I8TQ37	1	U-01	aegypti	Ae. aegypti
A0A6I8TQ38	1	U-01	aegypti	Ae. aegypti
A0A6I8TQ40	1	U-01	aegypti	Ae. aegypti
A0A6I8TQ42	0	unassigned	aegypti	Ae. aegypti
A0A6I8TQ43	1	U-01	aegypti	Ae. aegypti
A0A6I8TQ47	1	U-01	aegypti	Ae. aegypti
A0A6I8TQ50	2	U-02	aegypti	Ae. aegypti
A0A6I8TQ51	1	U-01	aegypti	Ae. aegypti
A0A6I8TQ55	2	U-02	aegypti	Ae. aegypti
A0A6I8TQ56	1	U-01	aegypti	Ae. aegypti
A0A6I8TQ58	1	U-01	aegypti	Ae. aegypti
A0A6I8TQ60	1	U-01	aegypti	Ae. aegypti
A0A6I8TQ62	1	U-01	aegypti	Ae. aegypti
A0A6I8TQ68	1	U-01	aegypti	Ae. aegypti
A0A6I8TQ69	2	U-02	aegypti	Ae. aegypti
A0A6I8TQ70	0	unassigned	aegypti	Ae. aegypti
A0A6I8TU41	0	unassigned	aegypti	Ae. aegypti
A0A6I8TU47	0	unassigned	aegypti	Ae. aegypti
A0A6I8TU48	2	U-02	aegypti	Ae. aegypti
A0A6I8TU49	1	U-01	aegypti	Ae. aegypti
A0A6I8TU51	1	U-01	aegypti	Ae. aegypti
A0A6I8TU60	1	U-01	aegypti	Ae. aegypti
A0A6I8TU73	2	U-02	aegypti	Ae. aegypti
A0A6I8TU76	0	unassigned	aegypti	Ae. aegypti
A0A6I8TU79	1	U-01	aegypti	Ae. aegypti
A0A6I8TU82	0	unassigned	aegypti	Ae. aegypti
A0A6I8TU84	1	U-01	aegypti	Ae. aegypti
A0A6I8TU88	0	unassigned	aegypti	Ae. aegypti
A0A6I8TU89	1	U-01	aegypti	Ae. aegypti
A0A6I8TU90	1	U-01	aegypti	Ae. aegypti
A0A6I8TV92	0	unassigned	aegypti	Ae. aegypti
A0A6I8TV93	1	U-01	aegypti	Ae. aegypti
A0A6I8TV98	0	unassigned	aegypti	Ae. aegypti
A0A6I8TVA6	2	U-02	aegypti	Ae. aegypti
A0A6I8TVA8	1	U-01	aegypti	Ae. aegypti
A0A6I8TVB8	1	U-01	aegypti	Ae. aegypti
A0A6I8TVC1	1	U-01	aegypti	Ae. aegypti
A0A6I8TVD2	2	U-02	aegypti	Ae. aegypti
A0A6I8TVD6	1	U-01	aegypti	Ae. aegypti
A0A6I8TVD9	2	U-02	aegypti	Ae. aegypti
A0A6I8TVE1	1	U-01	aegypti	Ae. aegypti
A0A6I8TVE6	1	U-01	aegypti	Ae. aegypti
A0A6I8TVF5	1	U-01	aegypti	Ae. aegypti
A0A6I8TVF7	1	U-01	aegypti	Ae. aegypti
A0A6I8TVF9	2	U-02	aegypti	Ae. aegypti
A0A6I8TVG2	0	unassigned	aegypti	Ae. aegypti
A0A6I8TVG7	2	U-02	aegypti	Ae. aegypti
A0A6I8TVH1	0	unassigned	aegypti	Ae. aegypti
A0A6I8TVH2	1	U-01	aegypti	Ae. aegypti
A0A6I8TVH4	2	U-02	aegypti	Ae. aegypti
A0A6I8TVI0	2	U-02	aegypti	Ae. aegypti
A0A6I8TVI2	1	U-01	aegypti	Ae. aegypti
A0A6I8TVI6	1	U-01	aegypti	Ae. aegypti
A0A6I8TVI7	1	U-01	aegypti	Ae. aegypti
A0A6I8TVJ1	2	U-02	aegypti	Ae. aegypti
A0A6I8TVJ2	1	U-01	aegypti	Ae. aegypti
A0A6I8TVJ4	1	U-01	aegypti	Ae. aegypti
A0A6I8TVK7	1	U-01	aegypti	Ae. aegypti
A0A6I8TVK8	1	U-01	aegypti	Ae. aegypti
A0A6I8TVK9	1	U-01	aegypti	Ae. aegypti
A0A6I8TVL2	1	U-01	aegypti	Ae. aegypti
A0A6I8TVL4	0	unassigned	aegypti	Ae. aegypti
A0A6I8TVL7	1	U-01	aegypti	Ae. aegypti
A0A6I8TVL8	1	U-01	aegypti	Ae. aegypti
A0A6I8TVL9	1	U-01	aegypti	Ae. aegypti
A0A6I8TVM1	1	U-01	aegypti	Ae. aegypti
A0A6I8TVM5	1	U-01	aegypti	Ae. aegypti
A0A6I8TVM6	0	unassigned	aegypti	Ae. aegypti
A0A6I8TVM7	2	U-02	aegypti	Ae. aegypti
A0A6I8TVM8	1	U-01	aegypti	Ae. aegypti
A0A6I8TVN9	1	U-01	aegypti	Ae. aegypti
A0A6I8TVP3	1	U-01	aegypti	Ae. aegypti
A0A6I8TVP7	1	U-01	aegypti	Ae. aegypti
A0A6I8TVP8	1	U-01	aegypti	Ae. aegypti
A0A6I8TVQ3	1	U-01	aegypti	Ae. aegypti
A0A6I8TVR7	1	U-01	aegypti	Ae. aegypti
A0A6I8TVS0	1	U-01	aegypti	Ae. aegypti
A0A6I8TVS2	1	U-01	aegypti	Ae. aegypti
A0A6I8TVS3	1	U-01	aegypti	Ae. aegypti
A0A6I8TVS9	1	U-01	aegypti	Ae. aegypti
A0A6I8TVT4	1	U-01	aegypti	Ae. aegypti
A0A6I8TVT5	1	U-01	aegypti	Ae. aegypti
A0A6I8TVT7	1	U-01	aegypti	Ae. aegypti
A0A6I8TVT8	1	U-01	aegypti	Ae. aegypti
A0A6I8TVT9	1	U-01	aegypti	Ae. aegypti
A0A6I8TVU5	1	U-01	aegypti	Ae. aegypti
A0A6I8TVV6	1	U-01	aegypti	Ae. aegypti
A0A6I8TVV8	2	U-02	aegypti	Ae. aegypti
A0A6I8TVX5	1	U-01	aegypti	Ae. aegypti
A0A6I8TVX9	1	U-01	aegypti	Ae. aegypti
A0A6I8TVZ0	1	U-01	aegypti	Ae. aegypti
A0A6I8TVZ5	2	U-02	aegypti	Ae. aegypti
A0A6I8TVZ7	1	U-01	aegypti	Ae. aegypti
A0A6I8TW00	1	U-01	aegypti	Ae. aegypti
A0A6I8TW01	1	U-01	aegypti	Ae. aegypti
A0A6I8TW03	1	U-01	aegypti	Ae. aegypti
A0A6I8TW06	1	U-01	aegypti	Ae. aegypti
A0A6I8TW08	1	U-01	aegypti	Ae. aegypti
A0A6I8TW14	1	U-01	aegypti	Ae. aegypti
A0A6I8TW15	2	U-02	aegypti	Ae. aegypti
A0A6I8TW19	2	U-02	aegypti	Ae. aegypti
A0A6I8TW24	1	U-01	aegypti	Ae. aegypti
A0A6I8TW30	0	unassigned	aegypti	Ae. aegypti
A0A6I8TW32	1	U-01	aegypti	Ae. aegypti
A0A6I8TW37	1	U-01	aegypti	Ae. aegypti
A0A6I8TW38	1	U-01	aegypti	Ae. aegypti
A0A6I8TW40	0	unassigned	aegypti	Ae. aegypti
A0A6I8TW41	0	unassigned	aegypti	Ae. aegypti
A0A6I8TW46	0	unassigned	aegypti	Ae. aegypti
A0A6I8TW48	2	U-02	aegypti	Ae. aegypti
A0A6I8TW55	0	unassigned	aegypti	Ae. aegypti
A0A6I8TW64	1	U-01	aegypti	Ae. aegypti
A0A6I8TW67	1	U-01	aegypti	Ae. aegypti
A0A6I8TW68	1	U-01	aegypti	Ae. aegypti
A0A6I8TW73	0	unassigned	aegypti	Ae. aegypti
A0A6I8TW75	1	U-01	aegypti	Ae. aegypti
Q16KL0	1	U-01	aegypti	Ae. aegypti
Q16KL2	1	U-01	aegypti	Ae. aegypti
Q16KM2	1	U-01	aegypti	Ae. aegypti
Q16KQ4	1	U-01	aegypti	Ae. aegypti
Q16KQ6	1	U-01	aegypti	Ae. aegypti
Q16KR4	1	U-01	aegypti	Ae. aegypti
Q16KR8	1	U-01	aegypti	Ae. aegypti
Q16KS8	2	U-02	aegypti	Ae. aegypti
Q16KT6	1	U-01	aegypti	Ae. aegypti
Q16KW4	2	U-02	aegypti	Ae. aegypti
Q16KX3	1	U-01	aegypti	Ae. aegypti
Q16KZ2	1	U-01	aegypti	Ae. aegypti
Q16KZ4	2	U-02	aegypti	Ae. aegypti
Q16L42	1	U-01	aegypti	Ae. aegypti
Q16L49	0	unassigned	aegypti	Ae. aegypti
Q16L51	0	unassigned	aegypti	Ae. aegypti
Q16L82	1	U-01	aegypti	Ae. aegypti
Q16LC6	1	U-01	aegypti	Ae. aegypti
Q16LE3	1	U-01	aegypti	Ae. aegypti
Q16LE4	1	U-01	aegypti	Ae. aegypti
Q16LE7	1	U-01	aegypti	Ae. aegypti
Q16LG1	1	U-01	aegypti	Ae. aegypti
Q16LJ4	1	U-01	aegypti	Ae. aegypti
Q16LU4	1	U-01	aegypti	Ae. aegypti
Q16LU6	1	U-01	aegypti	Ae. aegypti
Q16LV9	1	U-01	aegypti	Ae. aegypti
Q16LW1	1	U-01	aegypti	Ae. aegypti
Q16LW7	1	U-01	aegypti	Ae. aegypti
Q16LW9	1	U-01	aegypti	Ae. aegypti
Q16LY2	1	U-01	aegypti	Ae. aegypti
Q16LZ3	1	U-01	aegypti	Ae. aegypti
Q16M46	1	U-01	aegypti	Ae. aegypti
Q16M87	1	U-01	aegypti	Ae. aegypti
Q16MB4	1	U-01	aegypti	Ae. aegypti
Q16MC6	2	U-02	aegypti	Ae. aegypti
Q16ME4	1	U-01	aegypti	Ae. aegypti
Q16MG4	1	U-01	aegypti	Ae. aegypti
Q16MG7	1	U-01	aegypti	Ae. aegypti
Q16MK2	1	U-01	aegypti	Ae. aegypti
Q16MN4	1	U-01	aegypti	Ae. aegypti
Q16MR9	1	U-01	aegypti	Ae. aegypti
Q16MS5	1	U-01	aegypti	Ae. aegypti
Q16MT1	1	U-01	aegypti	Ae. aegypti
Q16MT2	1	U-01	aegypti	Ae. aegypti
Q16MT3	1	U-01	aegypti	Ae. aegypti
Q16MY0	1	U-01	aegypti	Ae. aegypti
Q16MY7	0	unassigned	aegypti	Ae. aegypti
Q16N14	1	U-01	aegypti	Ae. aegypti
Q16N19	1	U-01	aegypti	Ae. aegypti
Q16N36	1	U-01	aegypti	Ae. aegypti
Q16N38	1	U-01	aegypti	Ae. aegypti
Q16N58	1	U-01	aegypti	Ae. aegypti
Q16N66	1	U-01	aegypti	Ae. aegypti
Q16N67	1	U-01	aegypti	Ae. aegypti
Q16N77	2	U-02	aegypti	Ae. aegypti
Q16N82	1	U-01	aegypti	Ae. aegypti
Q16NB4	1	U-01	aegypti	Ae. aegypti
Q16NC0	1	U-01	aegypti	Ae. aegypti
Q16NC6	1	U-01	aegypti	Ae. aegypti
Q16NC8	1	U-01	aegypti	Ae. aegypti
Q16ND1	1	U-01	aegypti	Ae. aegypti
Q16ND7	1	U-01	aegypti	Ae. aegypti
Q16NF2	1	U-01	aegypti	Ae. aegypti
Q16NF3	1	U-01	aegypti	Ae. aegypti
Q16NF8	1	U-01	aegypti	Ae. aegypti
Q16NG0	1	U-01	aegypti	Ae. aegypti
Q16NH4	1	U-01	aegypti	Ae. aegypti
Q16NH5	1	U-01	aegypti	Ae. aegypti
Q16NI4	0	unassigned	aegypti	Ae. aegypti
Q16NJ6	1	U-01	aegypti	Ae. aegypti
Q16NJ8	1	U-01	aegypti	Ae. aegypti
Q16NL1	1	U-01	aegypti	Ae. aegypti
Q16NL9	1	U-01	aegypti	Ae. aegypti
Q16NN0	1	U-01	aegypti	Ae. aegypti
Q16NP1	1	U-01	aegypti	Ae. aegypti
Q16NP2	0	unassigned	aegypti	Ae. aegypti
Q16NR0	1	U-01	aegypti	Ae. aegypti
Q16NR2	2	U-02	aegypti	Ae. aegypti
Q16NS5	1	U-01	aegypti	Ae. aegypti
Q16NS8	1	U-01	aegypti	Ae. aegypti
Q16NU0	1	U-01	aegypti	Ae. aegypti
Q16NX8	1	U-01	aegypti	Ae. aegypti
Q16NZ8	1	U-01	aegypti	Ae. aegypti
Q16P18	1	U-01	aegypti	Ae. aegypti
Q16P29	1	U-01	aegypti	Ae. aegypti
Q16P30	1	U-01	aegypti	Ae. aegypti
Q16P32	1	U-01	aegypti	Ae. aegypti
Q16P33	1	U-01	aegypti	Ae. aegypti
Q16P41	0	unassigned	aegypti	Ae. aegypti
Q16P46	0	unassigned	aegypti	Ae. aegypti
Q16P53	0	unassigned	aegypti	Ae. aegypti
Q16P57	1	U-01	aegypti	Ae. aegypti
Q16P59	1	U-01	aegypti	Ae. aegypti
Q16P70	1	U-01	aegypti	Ae. aegypti
Q16PD3	1	U-01	aegypti	Ae. aegypti
Q16PD4	1	U-01	aegypti	Ae. aegypti
Q16PE8	1	U-01	aegypti	Ae. aegypti
Q16PF0	2	U-02	aegypti	Ae. aegypti
Q16PF2	1	U-01	aegypti	Ae. aegypti
Q16PF3	1	U-01	aegypti	Ae. aegypti
A0A903TX93	1	U-01	aegypti	Ae. aegypti
A0A903TZG6	1	U-01	aegypti	Ae. aegypti
A0A903U0W8	1	U-01	aegypti	Ae. aegypti
A0A903U1A9	2	U-02	aegypti	Ae. aegypti
A0A903U2U2	1	U-01	aegypti	Ae. aegypti
A0A903U3D5	1	U-01	aegypti	Ae. aegypti
A0A903U3T8	1	U-01	aegypti	Ae. aegypti
A0A903U4W7	1	U-01	aegypti	Ae. aegypti
A0A903U540	2	U-02	aegypti	Ae. aegypti
A0A903U727	1	U-01	aegypti	Ae. aegypti
A0A903U950	1	U-01	aegypti	Ae. aegypti
A0A903UA75	1	U-01	aegypti	Ae. aegypti
A0A903UAE4	1	U-01	aegypti	Ae. aegypti
A0A903UCU5	1	U-01	aegypti	Ae. aegypti
A0A903UDC5	1	U-01	aegypti	Ae. aegypti
A0A903UDH7	1	U-01	aegypti	Ae. aegypti
A0A903UDN8	1	U-01	aegypti	Ae. aegypti
A0A903UDT6	1	U-01	aegypti	Ae. aegypti
A0A903UDZ5	1	U-01	aegypti	Ae. aegypti
A0A903UEF6	1	U-01	aegypti	Ae. aegypti
A0A903UHK9	1	U-01	aegypti	Ae. aegypti
A0A903UHX7	1	U-01	aegypti	Ae. aegypti
A0A903UI13	1	U-01	aegypti	Ae. aegypti
A0A903UIQ6	1	U-01	aegypti	Ae. aegypti
A0A903UKB1	2	U-02	aegypti	Ae. aegypti
A0A903UL91	1	U-01	aegypti	Ae. aegypti
A0A903ULV5	2	U-02	aegypti	Ae. aegypti
A0A903ULW5	2	U-02	aegypti	Ae. aegypti
A0A903UML3	1	U-01	aegypti	Ae. aegypti
A0A903URB8	1	U-01	aegypti	Ae. aegypti
A0A903US69	1	U-01	aegypti	Ae. aegypti
A0A903USE2	1	U-01	aegypti	Ae. aegypti
A0A903UTF9	1	U-01	aegypti	Ae. aegypti
A0A903UTH3	1	U-01	aegypti	Ae. aegypti
A0A903UTR2	1	U-01	aegypti	Ae. aegypti
A0A903UTW6	1	U-01	aegypti	Ae. aegypti
A0A903UW90	0	unassigned	aegypti	Ae. aegypti
A0A903UXK4	1	U-01	aegypti	Ae. aegypti
A0A903UXV0	1	U-01	aegypti	Ae. aegypti
A0A903UXX6	1	U-01	aegypti	Ae. aegypti
A0A903UZ88	1	U-01	aegypti	Ae. aegypti
A0A903UZM4	2	U-02	aegypti	Ae. aegypti
A0A903V0A7	2	U-02	aegypti	Ae. aegypti
A0A903V0B9	1	U-01	aegypti	Ae. aegypti
A0A903V1K8	1	U-01	aegypti	Ae. aegypti
A0A903V1L2	1	U-01	aegypti	Ae. aegypti
A0A903V2H7	1	U-01	aegypti	Ae. aegypti
A0A903V2H9	1	U-01	aegypti	Ae. aegypti
A0A903V2Q7	1	U-01	aegypti	Ae. aegypti
A0A903V325	2	U-02	aegypti	Ae. aegypti
A0A903V3A2	1	U-01	aegypti	Ae. aegypti
A0A903V3D3	1	U-01	aegypti	Ae. aegypti
A0A903V3Q3	1	U-01	aegypti	Ae. aegypti
A0A903V413	2	U-02	aegypti	Ae. aegypti
A0A903V4S2	1	U-01	aegypti	Ae. aegypti
A0A903V5S2	1	U-01	aegypti	Ae. aegypti
A0A6I8TD55	0	unassigned	aegypti	Ae. aegypti
A0A6I8TD58	2	U-02	aegypti	Ae. aegypti
A0A6I8TD61	2	U-02	aegypti	Ae. aegypti
A0A6I8TD64	1	U-01	aegypti	Ae. aegypti
A0A6I8TD67	1	U-01	aegypti	Ae. aegypti
A0A6I8TD69	1	U-01	aegypti	Ae. aegypti
A0A6I8TD71	1	U-01	aegypti	Ae. aegypti
A0A6I8TD74	1	U-01	aegypti	Ae. aegypti
A0A6I8TD79	1	U-01	aegypti	Ae. aegypti
A0A6I8TD83	2	U-02	aegypti	Ae. aegypti
A0A6I8TD85	1	U-01	aegypti	Ae. aegypti
A0A6I8TD86	1	U-01	aegypti	Ae. aegypti
A0A6I8TD91	1	U-01	aegypti	Ae. aegypti
A0A6I8TD98	2	U-02	aegypti	Ae. aegypti
A0A6I8TDA4	1	U-01	aegypti	Ae. aegypti
A0A6I8TDB2	1	U-01	aegypti	Ae. aegypti
A0A6I8TDB3	1	U-01	aegypti	Ae. aegypti
A0A6I8TDB8	1	U-01	aegypti	Ae. aegypti
A0A6I8TDB9	1	U-01	aegypti	Ae. aegypti
A0A6I8TDC3	1	U-01	aegypti	Ae. aegypti
A0A6I8TDC6	1	U-01	aegypti	Ae. aegypti
A0A6I8TDD0	1	U-01	aegypti	Ae. aegypti
A0A6I8TDD6	1	U-01	aegypti	Ae. aegypti
A0A6I8TDD9	0	unassigned	aegypti	Ae. aegypti
A0A6I8TDE1	1	U-01	aegypti	Ae. aegypti
A0A6I8TDE2	1	U-01	aegypti	Ae. aegypti
A0A6I8TDE5	1	U-01	aegypti	Ae. aegypti
A0A6I8TDE9	1	U-01	aegypti	Ae. aegypti
A0A6I8TDF2	1	U-01	aegypti	Ae. aegypti
A0A6I8TDF3	1	U-01	aegypti	Ae. aegypti
A0A6I8TDF4	1	U-01	aegypti	Ae. aegypti
A0A6I8TDF5	2	U-02	aegypti	Ae. aegypti
A0A6I8TDF7	1	U-01	aegypti	Ae. aegypti
A0A6I8TDF9	1	U-01	aegypti	Ae. aegypti
A0A6I8TDG0	1	U-01	aegypti	Ae. aegypti
A0A6I8TDG1	1	U-01	aegypti	Ae. aegypti
A0A6I8TDG5	0	unassigned	aegypti	Ae. aegypti
A0A6I8TDG6	1	U-01	aegypti	Ae. aegypti
A0A6I8TDG8	1	U-01	aegypti	Ae. aegypti
A0A6I8TDG9	1	U-01	aegypti	Ae. aegypti
A0A6I8TDH3	1	U-01	aegypti	Ae. aegypti
A0A6I8TDH9	1	U-01	aegypti	Ae. aegypti
A0A6I8TDI2	1	U-01	aegypti	Ae. aegypti
A0A6I8TDJ6	1	U-01	aegypti	Ae. aegypti
A0A6I8TDY8	1	U-01	aegypti	Ae. aegypti
A0A6I8TDY9	0	unassigned	aegypti	Ae. aegypti
A0A6I8TDZ9	1	U-01	aegypti	Ae. aegypti
A0A6I8TE02	2	U-02	aegypti	Ae. aegypti
A0A6I8TE06	1	U-01	aegypti	Ae. aegypti
A0A6I8TE08	1	U-01	aegypti	Ae. aegypti
A0A6I8TE09	0	unassigned	aegypti	Ae. aegypti
A0A6I8TE11	1	U-01	aegypti	Ae. aegypti
A0A6I8TE14	1	U-01	aegypti	Ae. aegypti
A0A6I8TE16	1	U-01	aegypti	Ae. aegypti
A0A6I8TE19	1	U-01	aegypti	Ae. aegypti
A0A6I8TE21	2	U-02	aegypti	Ae. aegypti
A0A6I8TE29	1	U-01	aegypti	Ae. aegypti
A0A6I8TE31	1	U-01	aegypti	Ae. aegypti
A0A6I8TE35	1	U-01	aegypti	Ae. aegypti
A0A6I8TE36	1	U-01	aegypti	Ae. aegypti
A0A6I8TE37	1	U-01	aegypti	Ae. aegypti
A0A6I8TE66	1	U-01	aegypti	Ae. aegypti
A0A6I8TE70	1	U-01	aegypti	Ae. aegypti
A0A6I8TE73	1	U-01	aegypti	Ae. aegypti
A0A6I8TE75	1	U-01	aegypti	Ae. aegypti
A0A6I8TE76	1	U-01	aegypti	Ae. aegypti
A0A6I8TE77	2	U-02	aegypti	Ae. aegypti
A0A6I8TE79	1	U-01	aegypti	Ae. aegypti
A0A6I8TE89	1	U-01	aegypti	Ae. aegypti
A0A6I8TE96	0	unassigned	aegypti	Ae. aegypti
A0A6I8TE98	1	U-01	aegypti	Ae. aegypti
A0A6I8TEA1	0	unassigned	aegypti	Ae. aegypti
A0A6I8TEB0	1	U-01	aegypti	Ae. aegypti
A0A6I8TEB3	1	U-01	aegypti	Ae. aegypti
A0A6I8TEB7	1	U-01	aegypti	Ae. aegypti
A0A6I8TEC0	1	U-01	aegypti	Ae. aegypti
A0A6I8TED0	1	U-01	aegypti	Ae. aegypti
A0A6I8TED1	1	U-01	aegypti	Ae. aegypti
A0A6I8TED5	1	U-01	aegypti	Ae. aegypti
A0A6I8TED8	1	U-01	aegypti	Ae. aegypti
A0A6I8TEE7	1	U-01	aegypti	Ae. aegypti
A0A6I8TEF0	1	U-01	aegypti	Ae. aegypti
A0A6I8TEF1	2	U-02	aegypti	Ae. aegypti
A0A6I8TEF8	1	U-01	aegypti	Ae. aegypti
A0A6I8TEF9	1	U-01	aegypti	Ae. aegypti
A0A6I8TEG0	1	U-01	aegypti	Ae. aegypti
A0A6I8TEG2	1	U-01	aegypti	Ae. aegypti
A0A6I8TEG3	1	U-01	aegypti	Ae. aegypti
A0A6I8TEH2	1	U-01	aegypti	Ae. aegypti
A0A6I8TEH5	1	U-01	aegypti	Ae. aegypti
A0A6I8TEI0	0	unassigned	aegypti	Ae. aegypti
A0A6I8TEI1	0	unassigned	aegypti	Ae. aegypti
A0A6I8TEI5	1	U-01	aegypti	Ae. aegypti
A0A6I8TEI6	2	U-02	aegypti	Ae. aegypti
A0A6I8TEJ4	1	U-01	aegypti	Ae. aegypti
A0A6I8TEJ5	1	U-01	aegypti	Ae. aegypti
A0A6I8TEJ8	1	U-01	aegypti	Ae. aegypti
A0A6I8TEK0	1	U-01	aegypti	Ae. aegypti
A0A6I8TEK1	1	U-01	aegypti	Ae. aegypti
A0A6I8TEK2	0	unassigned	aegypti	Ae. aegypti
A0A6I8TEK8	1	U-01	aegypti	Ae. aegypti
A0A6I8TEL1	0	unassigned	aegypti	Ae. aegypti
A0A6I8TEL6	1	U-01	aegypti	Ae. aegypti
A0A6I8TEM1	1	U-01	aegypti	Ae. aegypti
A0A6I8TEM2	1	U-01	aegypti	Ae. aegypti
A0A6I8TEM3	1	U-01	aegypti	Ae. aegypti
A0A6I8TEM6	1	U-01	aegypti	Ae. aegypti
A0A6I8TEM8	1	U-01	aegypti	Ae. aegypti
A0A6I8TEM9	1	U-01	aegypti	Ae. aegypti
A0A6I8TEN0	2	U-02	aegypti	Ae. aegypti
A0A6I8TEN1	1	U-01	aegypti	Ae. aegypti
A0A6I8TEN2	0	unassigned	aegypti	Ae. aegypti
A0A6I8TEN6	1	U-01	aegypti	Ae. aegypti
A0A6I8TEN8	2	U-02	aegypti	Ae. aegypti
A0A6I8TEP4	1	U-01	aegypti	Ae. aegypti
A0A6I8TEP5	2	U-02	aegypti	Ae. aegypti
A0A6I8TEP8	1	U-01	aegypti	Ae. aegypti
A0A6I8TEQ3	0	unassigned	aegypti	Ae. aegypti
A0A6I8TEQ8	0	unassigned	aegypti	Ae. aegypti
A0A6I8TER3	1	U-01	aegypti	Ae. aegypti
A0A6I8TER4	2	U-02	aegypti	Ae. aegypti
A0A6I8TES7	1	U-01	aegypti	Ae. aegypti
A0A6I8TES8	1	U-01	aegypti	Ae. aegypti
A0A6I8TES9	2	U-02	aegypti	Ae. aegypti
A0A6I8TET4	1	U-01	aegypti	Ae. aegypti
A0A6I8TET5	1	U-01	aegypti	Ae. aegypti
A0A6I8TEU6	1	U-01	aegypti	Ae. aegypti
A0A6I8TEV0	1	U-01	aegypti	Ae. aegypti
A0A6I8TEV8	1	U-01	aegypti	Ae. aegypti
A0A6I8TEV9	1	U-01	aegypti	Ae. aegypti
A0A6I8TEW1	1	U-01	aegypti	Ae. aegypti
A0A6I8TEW6	1	U-01	aegypti	Ae. aegypti
A0A6I8TEX0	1	U-01	aegypti	Ae. aegypti
A0A6I8TEX3	1	U-01	aegypti	Ae. aegypti
A0A6I8TEX4	1	U-01	aegypti	Ae. aegypti
A0A6I8TEY6	1	U-01	aegypti	Ae. aegypti
A0A6I8TEZ1	1	U-01	aegypti	Ae. aegypti
A0A6I8TEZ5	1	U-01	aegypti	Ae. aegypti
A0A6I8TEZ7	2	U-02	aegypti	Ae. aegypti
A0A6I8TEZ9	0	unassigned	aegypti	Ae. aegypti
A0A6I8TF00	1	U-01	aegypti	Ae. aegypti
A0A6I8TF01	1	U-01	aegypti	Ae. aegypti
A0A6I8TF06	1	U-01	aegypti	Ae. aegypti
A0A6I8TF07	1	U-01	aegypti	Ae. aegypti
Q174U3	1	U-01	aegypti	Ae. aegypti
Q174W1	1	U-01	aegypti	Ae. aegypti
Q174X8	0	unassigned	aegypti	Ae. aegypti
Q174Y3	1	U-01	aegypti	Ae. aegypti
Q174Z2	1	U-01	aegypti	Ae. aegypti
Q174Z3	1	U-01	aegypti	Ae. aegypti
Q174Z6	1	U-01	aegypti	Ae. aegypti
Q174Z7	1	U-01	aegypti	Ae. aegypti
Q175A8	0	unassigned	aegypti	Ae. aegypti
Q175C9	1	U-01	aegypti	Ae. aegypti
Q175D8	2	U-02	aegypti	Ae. aegypti
Q175G4	0	unassigned	aegypti	Ae. aegypti
Q175G8	1	U-01	aegypti	Ae. aegypti
Q175H0	1	U-01	aegypti	Ae. aegypti
Q175H3	2	U-02	aegypti	Ae. aegypti
Q175H5	1	U-01	aegypti	Ae. aegypti
Q175H7	1	U-01	aegypti	Ae. aegypti
Q175H8	1	U-01	aegypti	Ae. aegypti
Q175I5	1	U-01	aegypti	Ae. aegypti
Q175I6	1	U-01	aegypti	Ae. aegypti
Q175K5	1	U-01	aegypti	Ae. aegypti
Q175N0	1	U-01	aegypti	Ae. aegypti
Q175N5	2	U-02	aegypti	Ae. aegypti
Q175Q4	1	U-01	aegypti	Ae. aegypti
Q175Q7	1	U-01	aegypti	Ae. aegypti
Q175Q8	1	U-01	aegypti	Ae. aegypti
Q175S7	1	U-01	aegypti	Ae. aegypti
Q175S8	1	U-01	aegypti	Ae. aegypti
Q175S9	1	U-01	aegypti	Ae. aegypti
Q175T1	1	U-01	aegypti	Ae. aegypti
Q175U0	1	U-01	aegypti	Ae. aegypti
Q175U6	1	U-01	aegypti	Ae. aegypti
Q175V6	1	U-01	aegypti	Ae. aegypti
Q175V7	1	U-01	aegypti	Ae. aegypti
Q175W1	1	U-01	aegypti	Ae. aegypti
Q175X0	1	U-01	aegypti	Ae. aegypti
Q175X5	2	U-02	aegypti	Ae. aegypti
Q175Y0	1	U-01	aegypti	Ae. aegypti
Q175Y1	2	U-02	aegypti	Ae. aegypti
Q175Y2	1	U-01	aegypti	Ae. aegypti
Q175Y6	2	U-02	aegypti	Ae. aegypti
Q175Y8	1	U-01	aegypti	Ae. aegypti
Q176B6	2	U-02	aegypti	Ae. aegypti
Q176D3	1	U-01	aegypti	Ae. aegypti
Q176H4	2	U-02	aegypti	Ae. aegypti
Q176I8	1	U-01	aegypti	Ae. aegypti
Q176J0	1	U-01	aegypti	Ae. aegypti
Q176J5	2	U-02	aegypti	Ae. aegypti
Q176J6	1	U-01	aegypti	Ae. aegypti
Q176J7	1	U-01	aegypti	Ae. aegypti
Q176K0	1	U-01	aegypti	Ae. aegypti
Q176K1	1	U-01	aegypti	Ae. aegypti
Q176K3	1	U-01	aegypti	Ae. aegypti
Q176K5	1	U-01	aegypti	Ae. aegypti
Q176K6	1	U-01	aegypti	Ae. aegypti
Q176L4	1	U-01	aegypti	Ae. aegypti
Q176L7	1	U-01	aegypti	Ae. aegypti
Q176M5	1	U-01	aegypti	Ae. aegypti
Q176N4	2	U-02	aegypti	Ae. aegypti
Q176Q2	1	U-01	aegypti	Ae. aegypti
Q176Q3	1	U-01	aegypti	Ae. aegypti
Q176Q4	2	U-02	aegypti	Ae. aegypti
Q176V2	2	U-02	aegypti	Ae. aegypti
Q176V9	1	U-01	aegypti	Ae. aegypti
Q176W0	1	U-01	aegypti	Ae. aegypti
Q176W1	1	U-01	aegypti	Ae. aegypti
Q176W2	1	U-01	aegypti	Ae. aegypti
Q177B2	1	U-01	aegypti	Ae. aegypti
Q177C1	1	U-01	aegypti	Ae. aegypti
Q177D2	1	U-01	aegypti	Ae. aegypti
Q177G9	1	U-01	aegypti	Ae. aegypti
Q177H2	2	U-02	aegypti	Ae. aegypti
Q177H8	1	U-01	aegypti	Ae. aegypti
Q177I2	2	U-02	aegypti	Ae. aegypti
Q177J1	1	U-01	aegypti	Ae. aegypti
Q177K3	2	U-02	aegypti	Ae. aegypti
Q177L0	0	unassigned	aegypti	Ae. aegypti
Q177L7	2	U-02	aegypti	Ae. aegypti
Q177M1	1	U-01	aegypti	Ae. aegypti
Q177M3	1	U-01	aegypti	Ae. aegypti
Q177M8	1	U-01	aegypti	Ae. aegypti
Q177N0	1	U-01	aegypti	Ae. aegypti
Q177P1	1	U-01	aegypti	Ae. aegypti
Q177P4	1	U-01	aegypti	Ae. aegypti
Q177Q3	1	U-01	aegypti	Ae. aegypti
Q177Q4	1	U-01	aegypti	Ae. aegypti
Q177Q5	0	unassigned	aegypti	Ae. aegypti
Q177Q6	1	U-01	aegypti	Ae. aegypti
Q177R5	1	U-01	aegypti	Ae. aegypti
Q177S8	1	U-01	aegypti	Ae. aegypti
Q177U1	1	U-01	aegypti	Ae. aegypti
Q177V8	1	U-01	aegypti	Ae. aegypti
Q177W5	1	U-01	aegypti	Ae. aegypti
Q177Y4	1	U-01	aegypti	Ae. aegypti
Q178A0	1	U-01	aegypti	Ae. aegypti
Q178A4	2	U-02	aegypti	Ae. aegypti
Q178A6	1	U-01	aegypti	Ae. aegypti
Q178A7	1	U-01	aegypti	Ae. aegypti
Q178A8	1	U-01	aegypti	Ae. aegypti
Q178A9	1	U-01	aegypti	Ae. aegypti
A0A1S4FHG9	1	U-01	aegypti	Ae. aegypti
A0A1S4FHH5	1	U-01	aegypti	Ae. aegypti
A0A1S4FHI0	1	U-01	aegypti	Ae. aegypti
A0A1S4FHI5	1	U-01	aegypti	Ae. aegypti
A0A1S4FHJ2	2	U-02	aegypti	Ae. aegypti
A0A1S4FHK7	0	unassigned	aegypti	Ae. aegypti
A0A1S4FHM3	1	U-01	aegypti	Ae. aegypti
A0A1S4FHM8	1	U-01	aegypti	Ae. aegypti
A0A1S4FHP0	0	unassigned	aegypti	Ae. aegypti
A0A1S4FHP3	2	U-02	aegypti	Ae. aegypti
A0A1S4FHU9	1	U-01	aegypti	Ae. aegypti
A0A1S4FHY1	1	U-01	aegypti	Ae. aegypti
A0A1S4FHZ2	1	U-01	aegypti	Ae. aegypti
A0A1S4FHZ7	1	U-01	aegypti	Ae. aegypti
A0A1S4FI01	1	U-01	aegypti	Ae. aegypti
A0A1S4FI02	1	U-01	aegypti	Ae. aegypti
A0A1S4FI03	1	U-01	aegypti	Ae. aegypti
A0A1S4FI06	1	U-01	aegypti	Ae. aegypti
A0A1S4FI31	1	U-01	aegypti	Ae. aegypti
A0A1S4FI34	0	unassigned	aegypti	Ae. aegypti
A0A1S4FI35	1	U-01	aegypti	Ae. aegypti
A0A1S4FI40	2	U-02	aegypti	Ae. aegypti
A0A1S4FI49	2	U-02	aegypti	Ae. aegypti
A0A1S4FI52	1	U-01	aegypti	Ae. aegypti
A0A1S4FI55	2	U-02	aegypti	Ae. aegypti
A0A1S4FI59	1	U-01	aegypti	Ae. aegypti
A0A1S4FI63	0	unassigned	aegypti	Ae. aegypti
A0A1S4FI67	1	U-01	aegypti	Ae. aegypti
A0A1S4FI95	1	U-01	aegypti	Ae. aegypti
A0A1S4FI97	1	U-01	aegypti	Ae. aegypti
A0A1S4FIA8	1	U-01	aegypti	Ae. aegypti
A0A1S4FIB3	0	unassigned	aegypti	Ae. aegypti
A0A1S4FIB7	0	unassigned	aegypti	Ae. aegypti
A0A1S4FID2	2	U-02	aegypti	Ae. aegypti
A0A1S4FIE9	1	U-01	aegypti	Ae. aegypti
A0A1S4FIF8	1	U-01	aegypti	Ae. aegypti
A0A1S4FIG3	1	U-01	aegypti	Ae. aegypti
A0A1S4FIG7	1	U-01	aegypti	Ae. aegypti
A0A1S4FIH1	2	U-02	aegypti	Ae. aegypti
A0A1S4FIH2	0	unassigned	aegypti	Ae. aegypti
A0A1S4FII2	1	U-01	aegypti	Ae. aegypti
A0A1S4FIL0	1	U-01	aegypti	Ae. aegypti
A0A1S4FIL4	1	U-01	aegypti	Ae. aegypti
A0A1S4FIM3	2	U-02	aegypti	Ae. aegypti
A0A1S4FIN1	1	U-01	aegypti	Ae. aegypti
A0A1S4FIN9	1	U-01	aegypti	Ae. aegypti
A0A1S4FIP9	1	U-01	aegypti	Ae. aegypti
A0A1S4FIQ8	2	U-02	aegypti	Ae. aegypti
A0A1S4FIS6	2	U-02	aegypti	Ae. aegypti
A0A1S4FIT8	1	U-01	aegypti	Ae. aegypti
A0A1S4FIU2	1	U-01	aegypti	Ae. aegypti
A0A1S4FIV7	1	U-01	aegypti	Ae. aegypti
A0A1S4FIX3	2	U-02	aegypti	Ae. aegypti
A0A1S4FIX8	2	U-02	aegypti	Ae. aegypti
A0A1S4FIY1	1	U-01	aegypti	Ae. aegypti
A0A1S4FIY2	2	U-02	aegypti	Ae. aegypti
A0A1S4FJ16	1	U-01	aegypti	Ae. aegypti
A0A1S4FJ24	1	U-01	aegypti	Ae. aegypti
A0A1S4FJ31	1	U-01	aegypti	Ae. aegypti
A0A1S4FJ46	1	U-01	aegypti	Ae. aegypti
A0A1S4FJ51	1	U-01	aegypti	Ae. aegypti
A0A1S4FJ60	1	U-01	aegypti	Ae. aegypti
A0A1S4FJ63	1	U-01	aegypti	Ae. aegypti
A0A1S4FR14	1	U-01	aegypti	Ae. aegypti
A0A1S4FR31	2	U-02	aegypti	Ae. aegypti
A0A1S4FR40	1	U-01	aegypti	Ae. aegypti
A0A1S4FR72	0	unassigned	aegypti	Ae. aegypti
A0A1S4FR73	0	unassigned	aegypti	Ae. aegypti
A0A1S4FR84	2	U-02	aegypti	Ae. aegypti
A0A1S4FR97	1	U-01	aegypti	Ae. aegypti
A0A1S4FRA0	1	U-01	aegypti	Ae. aegypti
A0A1S4FRB1	1	U-01	aegypti	Ae. aegypti
A0A1S4FRB2	2	U-02	aegypti	Ae. aegypti
A0A1S4FRB8	1	U-01	aegypti	Ae. aegypti
A0A1S4FRB9	1	U-01	aegypti	Ae. aegypti
A0A1S4FRC9	1	U-01	aegypti	Ae. aegypti
A0A1S4FRE8	2	U-02	aegypti	Ae. aegypti
A0A1S4FRG9	1	U-01	aegypti	Ae. aegypti
A0A1S4FRH7	1	U-01	aegypti	Ae. aegypti
A0A1S4FRI2	2	U-02	aegypti	Ae. aegypti
A0A1S4FRI5	1	U-01	aegypti	Ae. aegypti
A0A1S4FRK7	2	U-02	aegypti	Ae. aegypti
A0A1S4FRK8	1	U-01	aegypti	Ae. aegypti
A0A1S4FRL1	1	U-01	aegypti	Ae. aegypti
A0A1S4FRM5	2	U-02	aegypti	Ae. aegypti
A0A1S4FRN1	1	U-01	aegypti	Ae. aegypti
A0A1S4FRN4	1	U-01	aegypti	Ae. aegypti
A0A1S4FRT1	1	U-01	aegypti	Ae. aegypti
A0A1S4FRT9	1	U-01	aegypti	Ae. aegypti
A0A1S4FRU7	1	U-01	aegypti	Ae. aegypti
A0A1S4FRU9	1	U-01	aegypti	Ae. aegypti
A0A1S4FRV3	1	U-01	aegypti	Ae. aegypti
A0A1S4FRV7	1	U-01	aegypti	Ae. aegypti
A0A1S4FRX2	1	U-01	aegypti	Ae. aegypti
A0A1S4FS00	1	U-01	aegypti	Ae. aegypti
A0A1S4FS12	2	U-02	aegypti	Ae. aegypti
A0A1S4FS27	1	U-01	aegypti	Ae. aegypti
A0A1S4FS81	1	U-01	aegypti	Ae. aegypti
A0A1S4FS86	1	U-01	aegypti	Ae. aegypti
A0A1S4FS90	1	U-01	aegypti	Ae. aegypti
A0A1S4EV16	1	U-01	aegypti	Ae. aegypti
A0A1S4EV17	1	U-01	aegypti	Ae. aegypti
A0A1S4EV34	1	U-01	aegypti	Ae. aegypti
A0A1S4EV35	1	U-01	aegypti	Ae. aegypti
A0A1S4EV41	1	U-01	aegypti	Ae. aegypti
A0A1S4EV45	1	U-01	aegypti	Ae. aegypti
A0A1S4EV46	1	U-01	aegypti	Ae. aegypti
A0A1S4EV62	1	U-01	aegypti	Ae. aegypti
A0A1S4EV63	1	U-01	aegypti	Ae. aegypti
A0A1S4EV75	1	U-01	aegypti	Ae. aegypti
A0A1S4EV77	1	U-01	aegypti	Ae. aegypti
A0A1S4EV87	2	U-02	aegypti	Ae. aegypti
A0A1S4EV92	1	U-01	aegypti	Ae. aegypti
A0A1S4EV93	1	U-01	aegypti	Ae. aegypti
A0A1S4EVA3	2	U-02	aegypti	Ae. aegypti
A0A1S4EVA4	1	U-01	aegypti	Ae. aegypti
A0A1S4EVC2	1	U-01	aegypti	Ae. aegypti
A0A1S4EVD5	0	unassigned	aegypti	Ae. aegypti
A0A1S4EVF3	1	U-01	aegypti	Ae. aegypti
A0A1S4EVF4	0	unassigned	aegypti	Ae. aegypti
A0A1S4EVG6	1	U-01	aegypti	Ae. aegypti
A0A1S4EVJ0	1	U-01	aegypti	Ae. aegypti
A0A1S4EVJ5	1	U-01	aegypti	Ae. aegypti
A0A1S4EVK8	1	U-01	aegypti	Ae. aegypti
A0A1S4EVL9	1	U-01	aegypti	Ae. aegypti
A0A1S4EVP9	1	U-01	aegypti	Ae. aegypti
A0A1S4EVR7	1	U-01	aegypti	Ae. aegypti
A0A1S4EVR8	1	U-01	aegypti	Ae. aegypti
A0A1S4EVT0	1	U-01	aegypti	Ae. aegypti
A0A1S4EVU6	1	U-01	aegypti	Ae. aegypti
A0A1S4EVV2	1	U-01	aegypti	Ae. aegypti
A0A1S4EVV7	1	U-01	aegypti	Ae. aegypti
A0A1S4EVW1	1	U-01	aegypti	Ae. aegypti
A0A6I8T487	2	U-02	aegypti	Ae. aegypti
A0A6I8T493	1	U-01	aegypti	Ae. aegypti
A0A6I8T494	2	U-02	aegypti	Ae. aegypti
A0A6I8T499	1	U-01	aegypti	Ae. aegypti
A0A6I8T4A0	2	U-02	aegypti	Ae. aegypti
A0A6I8T4A3	1	U-01	aegypti	Ae. aegypti
A0A6I8T4A4	1	U-01	aegypti	Ae. aegypti
A0A6I8T4A8	1	U-01	aegypti	Ae. aegypti
A0A6I8T4A9	2	U-02	aegypti	Ae. aegypti
A0A6I8T4B0	1	U-01	aegypti	Ae. aegypti
A0A6I8T4B4	2	U-02	aegypti	Ae. aegypti
A0A6I8T4C2	2	U-02	aegypti	Ae. aegypti
A0A6I8T4C6	2	U-02	aegypti	Ae. aegypti
A0A6I8T4D2	2	U-02	aegypti	Ae. aegypti
A0A6I8T4D5	1	U-01	aegypti	Ae. aegypti
A0A6I8T4D8	1	U-01	aegypti	Ae. aegypti
A0A6I8T4E0	1	U-01	aegypti	Ae. aegypti
A0A6I8T4E1	1	U-01	aegypti	Ae. aegypti
A0A6I8T4E4	2	U-02	aegypti	Ae. aegypti
A0A6I8T4E6	2	U-02	aegypti	Ae. aegypti
A0A6I8T4E8	1	U-01	aegypti	Ae. aegypti
A0A6I8T4E9	2	U-02	aegypti	Ae. aegypti
A0A6I8T4F1	1	U-01	aegypti	Ae. aegypti
A0A6I8T4F2	2	U-02	aegypti	Ae. aegypti
A0A6I8T4F3	1	U-01	aegypti	Ae. aegypti
A0A6I8T4F4	2	U-02	aegypti	Ae. aegypti
A0A6I8T4F7	1	U-01	aegypti	Ae. aegypti
A0A6I8T4F9	1	U-01	aegypti	Ae. aegypti
A0A6I8T4G0	2	U-02	aegypti	Ae. aegypti
A0A6I8T4G2	1	U-01	aegypti	Ae. aegypti
A0A6I8T4G3	0	unassigned	aegypti	Ae. aegypti
A0A6I8T4G4	1	U-01	aegypti	Ae. aegypti
A0A6I8T4G7	1	U-01	aegypti	Ae. aegypti
A0A6I8T4G8	1	U-01	aegypti	Ae. aegypti
A0A6I8T4H6	2	U-02	aegypti	Ae. aegypti
A0A6I8T4H8	1	U-01	aegypti	Ae. aegypti
A0A6I8T4I2	2	U-02	aegypti	Ae. aegypti
A0A6I8T4I7	1	U-01	aegypti	Ae. aegypti
A0A6I8T4I8	1	U-01	aegypti	Ae. aegypti
A0A6I8T4I9	1	U-01	aegypti	Ae. aegypti
A0A6I8T4J2	1	U-01	aegypti	Ae. aegypti
A0A6I8T4J5	2	U-02	aegypti	Ae. aegypti
A0A6I8T4J6	2	U-02	aegypti	Ae. aegypti
A0A6I8T4J7	2	U-02	aegypti	Ae. aegypti
A0A6I8T4K0	2	U-02	aegypti	Ae. aegypti
A0A6I8T4K4	1	U-01	aegypti	Ae. aegypti
A0A6I8T4K5	1	U-01	aegypti	Ae. aegypti
A0A6I8T4K6	1	U-01	aegypti	Ae. aegypti
A0A6I8T4K8	1	U-01	aegypti	Ae. aegypti
A0A6I8T4L4	1	U-01	aegypti	Ae. aegypti
A0A6I8T4L7	1	U-01	aegypti	Ae. aegypti
A0A6I8T4M0	2	U-02	aegypti	Ae. aegypti
A0A6I8T4M3	1	U-01	aegypti	Ae. aegypti
A0A6I8T4M8	1	U-01	aegypti	Ae. aegypti
A0A6I8T4N0	1	U-01	aegypti	Ae. aegypti
A0A6I8T4N4	2	U-02	aegypti	Ae. aegypti
A0A6I8T4N7	1	U-01	aegypti	Ae. aegypti
A0A6I8T4N8	2	U-02	aegypti	Ae. aegypti
A0A6I8T4P5	1	U-01	aegypti	Ae. aegypti
A0A6I8T4P8	1	U-01	aegypti	Ae. aegypti
A0A6I8T4Q2	1	U-01	aegypti	Ae. aegypti
A0A6I8T4Q6	1	U-01	aegypti	Ae. aegypti
A0A6I8T4Q8	2	U-02	aegypti	Ae. aegypti
A0A6I8T4R2	1	U-01	aegypti	Ae. aegypti
A0A6I8T4R6	1	U-01	aegypti	Ae. aegypti
A0A6I8T4R7	1	U-01	aegypti	Ae. aegypti
A0A6I8T4R9	0	unassigned	aegypti	Ae. aegypti
A0A6I8T4S4	1	U-01	aegypti	Ae. aegypti
A0A6I8T4S5	1	U-01	aegypti	Ae. aegypti
A0A6I8T4T2	1	U-01	aegypti	Ae. aegypti
A0A6I8T4U8	1	U-01	aegypti	Ae. aegypti
A0A6I8T4U9	1	U-01	aegypti	Ae. aegypti
A0A6I8T4V7	1	U-01	aegypti	Ae. aegypti
A0A6I8T4V9	1	U-01	aegypti	Ae. aegypti
A0A6I8T4W3	1	U-01	aegypti	Ae. aegypti
A0A6I8T4X0	1	U-01	aegypti	Ae. aegypti
A0A6I8T4X9	1	U-01	aegypti	Ae. aegypti
A0A6I8T4Y0	1	U-01	aegypti	Ae. aegypti
A0A6I8T4Y1	1	U-01	aegypti	Ae. aegypti
A0A6I8T4Y8	1	U-01	aegypti	Ae. aegypti
A0A6I8T4Z8	2	U-02	aegypti	Ae. aegypti
A0A6I8T501	1	U-01	aegypti	Ae. aegypti
A0A6I8T503	1	U-01	aegypti	Ae. aegypti
A0A6I8T504	1	U-01	aegypti	Ae. aegypti
A0A6I8T509	1	U-01	aegypti	Ae. aegypti
A0A6I8T513	1	U-01	aegypti	Ae. aegypti
A0A6I8T514	2	U-02	aegypti	Ae. aegypti
A0A6I8T515	1	U-01	aegypti	Ae. aegypti
A0A6I8T519	1	U-01	aegypti	Ae. aegypti
A0A6I8T520	1	U-01	aegypti	Ae. aegypti
A0A6I8T521	1	U-01	aegypti	Ae. aegypti
A0A6I8T522	1	U-01	aegypti	Ae. aegypti
A0A6I8T523	1	U-01	aegypti	Ae. aegypti
A0A6I8T526	1	U-01	aegypti	Ae. aegypti
A0A903VC12	2	U-02	aegypti	Ae. aegypti
A0A903VC17	1	U-01	aegypti	Ae. aegypti
A0A903VC22	1	U-01	aegypti	Ae. aegypti
A0A903VC26	1	U-01	aegypti	Ae. aegypti
A0A903VC40	1	U-01	aegypti	Ae. aegypti
A0A903VC43	1	U-01	aegypti	Ae. aegypti
A0A903VC49	1	U-01	aegypti	Ae. aegypti
A0A903VC56	0	unassigned	aegypti	Ae. aegypti
A0A903VC61	1	U-01	aegypti	Ae. aegypti
A0A903VC63	1	U-01	aegypti	Ae. aegypti
A0A903VC69	2	U-02	aegypti	Ae. aegypti
A0A903VC83	2	U-02	aegypti	Ae. aegypti
A0A903VCB2	2	U-02	aegypti	Ae. aegypti
A0A903VCC5	1	U-01	aegypti	Ae. aegypti
A0A903VCE1	1	U-01	aegypti	Ae. aegypti
A0A903VCG6	1	U-01	aegypti	Ae. aegypti
A0A903VCH9	1	U-01	aegypti	Ae. aegypti
A0A903VCI3	1	U-01	aegypti	Ae. aegypti
A0A903VCK7	1	U-01	aegypti	Ae. aegypti
A0A903VCL2	1	U-01	aegypti	Ae. aegypti
A0A903VCM8	1	U-01	aegypti	Ae. aegypti
A0A903VCP3	1	U-01	aegypti	Ae. aegypti
A0A903VCR5	1	U-01	aegypti	Ae. aegypti
A0A903VCS4	1	U-01	aegypti	Ae. aegypti
A0A903VCV0	1	U-01	aegypti	Ae. aegypti
A0A903VCV8	1	U-01	aegypti	Ae. aegypti
A0A903VCW7	2	U-02	aegypti	Ae. aegypti
A0A903VCX4	1	U-01	aegypti	Ae. aegypti
A0A903VCY9	1	U-01	aegypti	Ae. aegypti
A0A903VD07	1	U-01	aegypti	Ae. aegypti
A0A903VD10	2	U-02	aegypti	Ae. aegypti
A0A903VD33	2	U-02	aegypti	Ae. aegypti
A0A903VD50	2	U-02	aegypti	Ae. aegypti
A0A903VD67	0	unassigned	aegypti	Ae. aegypti
A0A903VD79	1	U-01	aegypti	Ae. aegypti
A0A903VDA7	1	U-01	aegypti	Ae. aegypti
A0A903VDF5	2	U-02	aegypti	Ae. aegypti
A0A903VDK4	1	U-01	aegypti	Ae. aegypti
A0A903VDK8	1	U-01	aegypti	Ae. aegypti
A0A903VDM6	1	U-01	aegypti	Ae. aegypti
A0A903VDN0	1	U-01	aegypti	Ae. aegypti
A0A903VDP0	1	U-01	aegypti	Ae. aegypti
A0A903VDP3	1	U-01	aegypti	Ae. aegypti
A0A903VDQ0	1	U-01	aegypti	Ae. aegypti
A0A903VDR1	2	U-02	aegypti	Ae. aegypti
A0A903VDS0	1	U-01	aegypti	Ae. aegypti
A0A903VDS8	2	U-02	aegypti	Ae. aegypti
A0A903VDW8	1	U-01	aegypti	Ae. aegypti
A0A903VDW9	0	unassigned	aegypti	Ae. aegypti
A0A903VDY0	1	U-01	aegypti	Ae. aegypti
A0A903VDY1	0	unassigned	aegypti	Ae. aegypti
A0A903VDY2	1	U-01	aegypti	Ae. aegypti
A0A903VDY8	1	U-01	aegypti	Ae. aegypti
A0A903VE00	2	U-02	aegypti	Ae. aegypti
A0A903VE42	1	U-01	aegypti	Ae. aegypti
A0A903VE64	1	U-01	aegypti	Ae. aegypti
A0A903VEA5	1	U-01	aegypti	Ae. aegypti
A0A903VEA6	2	U-02	aegypti	Ae. aegypti
A0A903VEB3	2	U-02	aegypti	Ae. aegypti
A0A903VEC4	0	unassigned	aegypti	Ae. aegypti
A0A903VEE6	1	U-01	aegypti	Ae. aegypti
A0A903VEE9	1	U-01	aegypti	Ae. aegypti
A0A903VEI5	1	U-01	aegypti	Ae. aegypti
A0A903VEI7	1	U-01	aegypti	Ae. aegypti
A0A903VEM0	2	U-02	aegypti	Ae. aegypti
A0A903VEM8	1	U-01	aegypti	Ae. aegypti
A0A903VEM9	1	U-01	aegypti	Ae. aegypti
A0A903VEN3	1	U-01	aegypti	Ae. aegypti
A0A903VEN7	1	U-01	aegypti	Ae. aegypti
A0A903VEN8	1	U-01	aegypti	Ae. aegypti
A0A903VER7	1	U-01	aegypti	Ae. aegypti
A0A903VEU2	1	U-01	aegypti	Ae. aegypti
A0A903VEV6	1	U-01	aegypti	Ae. aegypti
A0A903VEW6	1	U-01	aegypti	Ae. aegypti
A0A903VEX8	1	U-01	aegypti	Ae. aegypti
A0A903VF06	1	U-01	aegypti	Ae. aegypti
A0A903VF25	1	U-01	aegypti	Ae. aegypti
A0A903VF61	1	U-01	aegypti	Ae. aegypti
A0A903VFB2	1	U-01	aegypti	Ae. aegypti
A0A903VFB7	1	U-01	aegypti	Ae. aegypti
A0A903VFE6	2	U-02	aegypti	Ae. aegypti
A0A903VFF4	1	U-01	aegypti	Ae. aegypti
A0A903VFG4	1	U-01	aegypti	Ae. aegypti
A0A903VFG7	1	U-01	aegypti	Ae. aegypti
A0A903VFJ5	1	U-01	aegypti	Ae. aegypti
A0A903VFL9	0	unassigned	aegypti	Ae. aegypti
A0A903VFM2	2	U-02	aegypti	Ae. aegypti
A0A903VFR8	1	U-01	aegypti	Ae. aegypti
A0A903VFU1	1	U-01	aegypti	Ae. aegypti
A0A903VFU9	1	U-01	aegypti	Ae. aegypti
A0A903VFW1	1	U-01	aegypti	Ae. aegypti
A0A903VFW3	1	U-01	aegypti	Ae. aegypti
A0A903VFW4	1	U-01	aegypti	Ae. aegypti
A0A903VFW9	2	U-02	aegypti	Ae. aegypti
A0A903VFY5	1	U-01	aegypti	Ae. aegypti
A0A903VFZ7	1	U-01	aegypti	Ae. aegypti
A0A903VG09	1	U-01	aegypti	Ae. aegypti
A0A903VG19	0	unassigned	aegypti	Ae. aegypti
A0A903VG61	1	U-01	aegypti	Ae. aegypti
A0A903VG67	2	U-02	aegypti	Ae. aegypti
A0A903VG70	1	U-01	aegypti	Ae. aegypti
A0A903VG77	1	U-01	aegypti	Ae. aegypti
A0A903VG86	2	U-02	aegypti	Ae. aegypti
A0A903VG87	2	U-02	aegypti	Ae. aegypti
A0A903VG90	1	U-01	aegypti	Ae. aegypti
A0A903VGA3	1	U-01	aegypti	Ae. aegypti
A0A903VGB1	1	U-01	aegypti	Ae. aegypti
A0A903VGB9	1	U-01	aegypti	Ae. aegypti
A0A903VGC0	1	U-01	aegypti	Ae. aegypti
A0A903VGC4	0	unassigned	aegypti	Ae. aegypti
A0A903VGD1	2	U-02	aegypti	Ae. aegypti
A0A903VGE4	0	unassigned	aegypti	Ae. aegypti
A0A903VGG0	1	U-01	aegypti	Ae. aegypti
A0A903VGG1	1	U-01	aegypti	Ae. aegypti
A0A903VGH6	1	U-01	aegypti	Ae. aegypti
A0A903VGI4	1	U-01	aegypti	Ae. aegypti
A0A903VGK7	0	unassigned	aegypti	Ae. aegypti
A0A903VGK9	1	U-01	aegypti	Ae. aegypti
A0A903VGL3	1	U-01	aegypti	Ae. aegypti
A0A903VGL7	1	U-01	aegypti	Ae. aegypti
A0A903VGN8	1	U-01	aegypti	Ae. aegypti
A0A903VGP8	0	unassigned	aegypti	Ae. aegypti
A0A903VGS0	1	U-01	aegypti	Ae. aegypti
A0A903VGS4	1	U-01	aegypti	Ae. aegypti
A0A903VGS9	0	unassigned	aegypti	Ae. aegypti
A0A903VGY4	1	U-01	aegypti	Ae. aegypti
A0A903VH01	1	U-01	aegypti	Ae. aegypti
A0A903VH11	1	U-01	aegypti	Ae. aegypti
A0A903VH20	1	U-01	aegypti	Ae. aegypti
A0A903VH31	1	U-01	aegypti	Ae. aegypti
A0A903VH43	1	U-01	aegypti	Ae. aegypti
A0A903VH44	1	U-01	aegypti	Ae. aegypti
A0A903VH49	1	U-01	aegypti	Ae. aegypti
A0A903VH74	1	U-01	aegypti	Ae. aegypti
A0A903VHF3	1	U-01	aegypti	Ae. aegypti
A0A903VHH4	1	U-01	aegypti	Ae. aegypti
A0A903VHI1	1	U-01	aegypti	Ae. aegypti
A0A903VHJ4	1	U-01	aegypti	Ae. aegypti
A0A903VHN7	0	unassigned	aegypti	Ae. aegypti
A0A903VHP3	1	U-01	aegypti	Ae. aegypti
A0A903VHQ0	1	U-01	aegypti	Ae. aegypti
A0A903VHR1	1	U-01	aegypti	Ae. aegypti
A0A903VHS7	1	U-01	aegypti	Ae. aegypti
A0A903VHT0	1	U-01	aegypti	Ae. aegypti
A0A903VHT7	2	U-02	aegypti	Ae. aegypti
A0A903VHU2	1	U-01	aegypti	Ae. aegypti
A0A903VHU9	1	U-01	aegypti	Ae. aegypti
A0A903VHV7	2	U-02	aegypti	Ae. aegypti
A0A903VHX3	1	U-01	aegypti	Ae. aegypti
A0A903VHZ6	0	unassigned	aegypti	Ae. aegypti
A0A903VI64	1	U-01	aegypti	Ae. aegypti
A0A903VI92	0	unassigned	aegypti	Ae. aegypti
A0A903VI97	1	U-01	aegypti	Ae. aegypti
A0A903VI99	1	U-01	aegypti	Ae. aegypti
A0A903VIA3	1	U-01	aegypti	Ae. aegypti
A0A903VIG4	1	U-01	aegypti	Ae. aegypti
A0A903VIJ2	2	U-02	aegypti	Ae. aegypti
A0A903VIJ8	0	unassigned	aegypti	Ae. aegypti
A0A903VIK3	1	U-01	aegypti	Ae. aegypti
A0A903VIL9	0	unassigned	aegypti	Ae. aegypti
A0A903VIM0	1	U-01	aegypti	Ae. aegypti
A0A903VIN8	1	U-01	aegypti	Ae. aegypti
A0A903VIP8	1	U-01	aegypti	Ae. aegypti
A0A903VIS2	1	U-01	aegypti	Ae. aegypti
A0A903VIY0	1	U-01	aegypti	Ae. aegypti
A0A903VJ26	1	U-01	aegypti	Ae. aegypti
A0A903VJ40	1	U-01	aegypti	Ae. aegypti
A0A903VJ45	1	U-01	aegypti	Ae. aegypti
A0A903VJ56	1	U-01	aegypti	Ae. aegypti
A0A903VJ68	1	U-01	aegypti	Ae. aegypti
A0A903VJ71	0	unassigned	aegypti	Ae. aegypti
A0A903VJ97	1	U-01	aegypti	Ae. aegypti
A0A903VJC1	1	U-01	aegypti	Ae. aegypti
A0A6I8TD46	1	U-01	aegypti	Ae. aegypti
A0A6I8TD48	2	U-02	aegypti	Ae. aegypti
A0A6I8TD51	1	U-01	aegypti	Ae. aegypti
A0A6I8TD52	1	U-01	aegypti	Ae. aegypti
A0A6I8TKD8	1	U-01	aegypti	Ae. aegypti
A0A6I8TKE2	0	unassigned	aegypti	Ae. aegypti
A0A6I8TKE4	1	U-01	aegypti	Ae. aegypti
A0A6I8TKF7	2	U-02	aegypti	Ae. aegypti
A0A6I8TKF9	1	U-01	aegypti	Ae. aegypti
A0A6I8TKG2	1	U-01	aegypti	Ae. aegypti
A0A6I8TKG5	1	U-01	aegypti	Ae. aegypti
A0A6I8TKH0	1	U-01	aegypti	Ae. aegypti
A0A6I8TKH3	1	U-01	aegypti	Ae. aegypti
A0A6I8TKH6	1	U-01	aegypti	Ae. aegypti
A0A6I8TKH7	1	U-01	aegypti	Ae. aegypti
A0A6I8TKI0	0	unassigned	aegypti	Ae. aegypti
A0A6I8TKI2	1	U-01	aegypti	Ae. aegypti
A0A6I8TKI7	1	U-01	aegypti	Ae. aegypti
A0A6I8TKK3	1	U-01	aegypti	Ae. aegypti
A0A6I8TKK7	1	U-01	aegypti	Ae. aegypti
A0A6I8TKK8	0	unassigned	aegypti	Ae. aegypti
A0A6I8TKL0	1	U-01	aegypti	Ae. aegypti
A0A6I8TKL1	1	U-01	aegypti	Ae. aegypti
A0A6I8TKL8	1	U-01	aegypti	Ae. aegypti
A0A6I8TKM5	1	U-01	aegypti	Ae. aegypti
A0A6I8TKN2	1	U-01	aegypti	Ae. aegypti
A0A6I8TKP7	0	unassigned	aegypti	Ae. aegypti
A0A6I8TKP8	1	U-01	aegypti	Ae. aegypti
A0A6I8TKQ0	0	unassigned	aegypti	Ae. aegypti
A0A6I8TKQ1	1	U-01	aegypti	Ae. aegypti
A0A6I8TKQ5	1	U-01	aegypti	Ae. aegypti
A0A6I8TKQ8	0	unassigned	aegypti	Ae. aegypti
A0A6I8TKQ9	0	unassigned	aegypti	Ae. aegypti
A0A6I8TKR4	0	unassigned	aegypti	Ae. aegypti
A0A6I8TKR8	0	unassigned	aegypti	Ae. aegypti
A0A6I8TKR9	0	unassigned	aegypti	Ae. aegypti
A0A6I8TKS1	0	unassigned	aegypti	Ae. aegypti
A0A6I8TKS2	1	U-01	aegypti	Ae. aegypti
A0A6I8TKS4	1	U-01	aegypti	Ae. aegypti
A0A6I8TKS5	0	unassigned	aegypti	Ae. aegypti
A0A6I8TKS8	1	U-01	aegypti	Ae. aegypti
A0A6I8TKS9	1	U-01	aegypti	Ae. aegypti
A0A6I8TKT0	0	unassigned	aegypti	Ae. aegypti
A0A6I8TKT3	2	U-02	aegypti	Ae. aegypti
A0A6I8TKU0	1	U-01	aegypti	Ae. aegypti
A0A6I8TKU3	1	U-01	aegypti	Ae. aegypti
A0A6I8TKU5	1	U-01	aegypti	Ae. aegypti
A0A6I8TKU6	1	U-01	aegypti	Ae. aegypti
A0A6I8TKU8	0	unassigned	aegypti	Ae. aegypti
A0A6I8TKU9	1	U-01	aegypti	Ae. aegypti
A0A6I8TKV0	1	U-01	aegypti	Ae. aegypti
A0A6I8TKV2	1	U-01	aegypti	Ae. aegypti
A0A6I8TKV3	2	U-02	aegypti	Ae. aegypti
A0A6I8TKV8	2	U-02	aegypti	Ae. aegypti
A0A6I8TKW0	1	U-01	aegypti	Ae. aegypti
A0A6I8TKW3	1	U-01	aegypti	Ae. aegypti
A0A6I8TKW6	1	U-01	aegypti	Ae. aegypti
A0A6I8TKW7	1	U-01	aegypti	Ae. aegypti
A0A6I8TKW8	1	U-01	aegypti	Ae. aegypti
A0A6I8TKW9	1	U-01	aegypti	Ae. aegypti
A0A6I8TKX3	1	U-01	aegypti	Ae. aegypti
A0A6I8TKX8	1	U-01	aegypti	Ae. aegypti
A0A6I8TKY1	1	U-01	aegypti	Ae. aegypti
A0A6I8TKZ0	1	U-01	aegypti	Ae. aegypti
A0A6I8TKZ2	1	U-01	aegypti	Ae. aegypti
A0A6I8TKZ4	1	U-01	aegypti	Ae. aegypti
A0A6I8TL04	2	U-02	aegypti	Ae. aegypti
A0A6I8TL06	0	unassigned	aegypti	Ae. aegypti
A0A6I8TL07	1	U-01	aegypti	Ae. aegypti
A0A6I8TL09	2	U-02	aegypti	Ae. aegypti
A0A6I8TL12	2	U-02	aegypti	Ae. aegypti
A0A6I8TL24	1	U-01	aegypti	Ae. aegypti
A0A6I8TL28	1	U-01	aegypti	Ae. aegypti
A0A6I8TL30	0	unassigned	aegypti	Ae. aegypti
A0A6I8TL34	1	U-01	aegypti	Ae. aegypti
A0A6I8TL36	2	U-02	aegypti	Ae. aegypti
A0A6I8TL40	2	U-02	aegypti	Ae. aegypti
A0A6I8TL41	1	U-01	aegypti	Ae. aegypti
A0A6I8TL45	2	U-02	aegypti	Ae. aegypti
A0A6I8TL46	2	U-02	aegypti	Ae. aegypti
A0A6I8TL50	0	unassigned	aegypti	Ae. aegypti
A0A6I8TL51	1	U-01	aegypti	Ae. aegypti
A0A6I8TL66	1	U-01	aegypti	Ae. aegypti
A0A6I8TL78	2	U-02	aegypti	Ae. aegypti
A0A6I8TL80	1	U-01	aegypti	Ae. aegypti
A0A6I8TL81	1	U-01	aegypti	Ae. aegypti
A0A6I8TL82	2	U-02	aegypti	Ae. aegypti
A0A6I8TL83	1	U-01	aegypti	Ae. aegypti
A0A6I8TL84	1	U-01	aegypti	Ae. aegypti
A0A6I8TL85	1	U-01	aegypti	Ae. aegypti
A0A6I8TL88	1	U-01	aegypti	Ae. aegypti
A0A6I8TL89	1	U-01	aegypti	Ae. aegypti
A0A6I8TL91	1	U-01	aegypti	Ae. aegypti
A0A6I8TLA1	2	U-02	aegypti	Ae. aegypti
A0A6I8TSF6	0	unassigned	aegypti	Ae. aegypti
A0A6I8TSF8	0	unassigned	aegypti	Ae. aegypti
A0A6I8TSG1	0	unassigned	aegypti	Ae. aegypti
A0A6I8TSG5	0	unassigned	aegypti	Ae. aegypti
A0A6I8TSG6	1	U-01	aegypti	Ae. aegypti
A0A6I8TSH0	0	unassigned	aegypti	Ae. aegypti
A0A6I8TSH1	1	U-01	aegypti	Ae. aegypti
A0A6I8TSH2	1	U-01	aegypti	Ae. aegypti
A0A6I8TSH3	1	U-01	aegypti	Ae. aegypti
A0A6I8TSH6	0	unassigned	aegypti	Ae. aegypti
A0A6I8TSH7	2	U-02	aegypti	Ae. aegypti
A0A6I8TSH8	1	U-01	aegypti	Ae. aegypti
A0A6I8TSI0	1	U-01	aegypti	Ae. aegypti
A0A6I8TSI4	1	U-01	aegypti	Ae. aegypti
A0A6I8TSI7	1	U-01	aegypti	Ae. aegypti
A0A6I8TSJ7	0	unassigned	aegypti	Ae. aegypti
A0A6I8TSK0	2	U-02	aegypti	Ae. aegypti
A0A6I8TSK1	0	unassigned	aegypti	Ae. aegypti
A0A6I8TSK2	1	U-01	aegypti	Ae. aegypti
A0A6I8TSK6	0	unassigned	aegypti	Ae. aegypti
A0A6I8TSK8	1	U-01	aegypti	Ae. aegypti
A0A6I8TSK9	1	U-01	aegypti	Ae. aegypti
A0A6I8TSL0	2	U-02	aegypti	Ae. aegypti
A0A6I8TSL1	1	U-01	aegypti	Ae. aegypti
A0A6I8TSL2	2	U-02	aegypti	Ae. aegypti
A0A6I8TSL3	0	unassigned	aegypti	Ae. aegypti
A0A6I8TSL4	2	U-02	aegypti	Ae. aegypti
A0A6I8TSL8	0	unassigned	aegypti	Ae. aegypti
A0A6I8TSM1	0	unassigned	aegypti	Ae. aegypti
A0A6I8TSM3	1	U-01	aegypti	Ae. aegypti
A0A6I8TSM5	0	unassigned	aegypti	Ae. aegypti
A0A6I8TSN1	0	unassigned	aegypti	Ae. aegypti
A0A6I8TSN3	2	U-02	aegypti	Ae. aegypti
A0A6I8TSN6	0	unassigned	aegypti	Ae. aegypti
A0A6I8TSP1	0	unassigned	aegypti	Ae. aegypti
A0A6I8TSP6	1	U-01	aegypti	Ae. aegypti
A0A6I8TSQ3	1	U-01	aegypti	Ae. aegypti
A0A6I8TSQ6	1	U-01	aegypti	Ae. aegypti
A0A6I8TSQ7	2	U-02	aegypti	Ae. aegypti
A0A6I8TSQ8	1	U-01	aegypti	Ae. aegypti
A0A6I8TSR3	1	U-01	aegypti	Ae. aegypti
A0A6I8TSS7	1	U-01	aegypti	Ae. aegypti
A0A6I8TST2	1	U-01	aegypti	Ae. aegypti
A0A6I8TST7	1	U-01	aegypti	Ae. aegypti
A0A6I8TSU9	2	U-02	aegypti	Ae. aegypti
A0A6I8TSV1	1	U-01	aegypti	Ae. aegypti
A0A6I8TSV2	1	U-01	aegypti	Ae. aegypti
A0A6I8TSV5	1	U-01	aegypti	Ae. aegypti
A0A6I8TSV7	1	U-01	aegypti	Ae. aegypti
A0A6I8TSW4	0	unassigned	aegypti	Ae. aegypti
A0A6I8TSW5	2	U-02	aegypti	Ae. aegypti
A0A6I8TSW7	1	U-01	aegypti	Ae. aegypti
A0A6I8TSW9	1	U-01	aegypti	Ae. aegypti
A0A6I8TSX4	1	U-01	aegypti	Ae. aegypti
A0A6I8TSX8	1	U-01	aegypti	Ae. aegypti
A0A6I8TSY1	1	U-01	aegypti	Ae. aegypti
A0A6I8TSY2	1	U-01	aegypti	Ae. aegypti
A0A6I8TSY6	1	U-01	aegypti	Ae. aegypti
A0A6I8TSZ2	1	U-01	aegypti	Ae. aegypti
A0A6I8TSZ4	1	U-01	aegypti	Ae. aegypti
A0A6I8TSZ7	0	unassigned	aegypti	Ae. aegypti
A0A6I8TSZ8	2	U-02	aegypti	Ae. aegypti
A0A6I8TT01	1	U-01	aegypti	Ae. aegypti
A0A6I8TT03	1	U-01	aegypti	Ae. aegypti
A0A6I8TT06	2	U-02	aegypti	Ae. aegypti
A0A6I8TT07	1	U-01	aegypti	Ae. aegypti
A0A6I8TT09	1	U-01	aegypti	Ae. aegypti
A0A6I8TT11	1	U-01	aegypti	Ae. aegypti
A0A6I8TT14	1	U-01	aegypti	Ae. aegypti
A0A6I8TT16	1	U-01	aegypti	Ae. aegypti
A0A6I8TT17	1	U-01	aegypti	Ae. aegypti
A0A6I8TT27	1	U-01	aegypti	Ae. aegypti
A0A6I8TT30	1	U-01	aegypti	Ae. aegypti
A0A6I8TT32	1	U-01	aegypti	Ae. aegypti
A0A6I8TT34	1	U-01	aegypti	Ae. aegypti
A0A6I8TT35	1	U-01	aegypti	Ae. aegypti
A0A6I8TT36	0	unassigned	aegypti	Ae. aegypti
A0A6I8TT38	1	U-01	aegypti	Ae. aegypti
A0A6I8TT40	1	U-01	aegypti	Ae. aegypti
A0A6I8TT49	1	U-01	aegypti	Ae. aegypti
A0A6I8TT50	1	U-01	aegypti	Ae. aegypti
A0A6I8TT52	2	U-02	aegypti	Ae. aegypti
A0A6I8TT58	1	U-01	aegypti	Ae. aegypti
A0A6I8TT60	1	U-01	aegypti	Ae. aegypti
A0A6I8TT61	0	unassigned	aegypti	Ae. aegypti
A0A6I8TT67	0	unassigned	aegypti	Ae. aegypti
A0A6I8TT71	0	unassigned	aegypti	Ae. aegypti
A0A6I8TT75	1	U-01	aegypti	Ae. aegypti
A0A6I8TT76	1	U-01	aegypti	Ae. aegypti
A0A6I8TT77	1	U-01	aegypti	Ae. aegypti
A0A6I8TT78	1	U-01	aegypti	Ae. aegypti
A0A6I8TT80	1	U-01	aegypti	Ae. aegypti
A0A6I8TT84	2	U-02	aegypti	Ae. aegypti
A0A6I8TT96	1	U-01	aegypti	Ae. aegypti
Q17ME1	1	U-01	aegypti	Ae. aegypti
Q17ME2	1	U-01	aegypti	Ae. aegypti
Q17MF7	1	U-01	aegypti	Ae. aegypti
Q17MG7	1	U-01	aegypti	Ae. aegypti
Q17MH7	1	U-01	aegypti	Ae. aegypti
Q17MJ8	1	U-01	aegypti	Ae. aegypti
Q17MK0	1	U-01	aegypti	Ae. aegypti
Q17ML6	1	U-01	aegypti	Ae. aegypti
Q17MM2	0	unassigned	aegypti	Ae. aegypti
Q17MM5	1	U-01	aegypti	Ae. aegypti
Q17MM7	1	U-01	aegypti	Ae. aegypti
Q17MM8	1	U-01	aegypti	Ae. aegypti
Q17MN4	0	unassigned	aegypti	Ae. aegypti
Q17MN6	2	U-02	aegypti	Ae. aegypti
Q17MP7	2	U-02	aegypti	Ae. aegypti
Q17MQ0	1	U-01	aegypti	Ae. aegypti
Q17MQ3	1	U-01	aegypti	Ae. aegypti
Q17MQ6	1	U-01	aegypti	Ae. aegypti
Q17MQ7	1	U-01	aegypti	Ae. aegypti
Q17MR5	1	U-01	aegypti	Ae. aegypti
Q17MR9	1	U-01	aegypti	Ae. aegypti
Q17MS4	1	U-01	aegypti	Ae. aegypti
Q17MT9	2	U-02	aegypti	Ae. aegypti
Q17MU3	2	U-02	aegypti	Ae. aegypti
Q17MW7	1	U-01	aegypti	Ae. aegypti
Q17MX8	2	U-02	aegypti	Ae. aegypti
Q17MZ3	2	U-02	aegypti	Ae. aegypti
Q17N01	2	U-02	aegypti	Ae. aegypti
Q17N02	1	U-01	aegypti	Ae. aegypti
Q17N03	1	U-01	aegypti	Ae. aegypti
Q17N14	1	U-01	aegypti	Ae. aegypti
Q17N27	1	U-01	aegypti	Ae. aegypti
Q17N53	1	U-01	aegypti	Ae. aegypti
Q17NB8	1	U-01	aegypti	Ae. aegypti
Q17NC0	0	unassigned	aegypti	Ae. aegypti
Q17NC2	1	U-01	aegypti	Ae. aegypti
Q17NC3	1	U-01	aegypti	Ae. aegypti
Q17NC6	1	U-01	aegypti	Ae. aegypti
Q17NC9	1	U-01	aegypti	Ae. aegypti
Q17ND1	1	U-01	aegypti	Ae. aegypti
Q17NE2	0	unassigned	aegypti	Ae. aegypti
Q17NI5	1	U-01	aegypti	Ae. aegypti
Q17NJ2	0	unassigned	aegypti	Ae. aegypti
Q17NK0	1	U-01	aegypti	Ae. aegypti
Q17NK4	1	U-01	aegypti	Ae. aegypti
Q17NK6	1	U-01	aegypti	Ae. aegypti
Q17NK7	1	U-01	aegypti	Ae. aegypti
Q17NL3	1	U-01	aegypti	Ae. aegypti
Q17NL4	1	U-01	aegypti	Ae. aegypti
Q17NM9	1	U-01	aegypti	Ae. aegypti
Q17NN3	1	U-01	aegypti	Ae. aegypti
Q17NP9	2	U-02	aegypti	Ae. aegypti
Q17NT0	1	U-01	aegypti	Ae. aegypti
Q17NT3	1	U-01	aegypti	Ae. aegypti
Q17NV5	1	U-01	aegypti	Ae. aegypti
Q17NW4	2	U-02	aegypti	Ae. aegypti
Q17NX1	2	U-02	aegypti	Ae. aegypti
Q17NX7	0	unassigned	aegypti	Ae. aegypti
Q17NY7	1	U-01	aegypti	Ae. aegypti
Q17NZ2	2	U-02	aegypti	Ae. aegypti
Q17P03	1	U-01	aegypti	Ae. aegypti
Q17P04	1	U-01	aegypti	Ae. aegypti
Q17P06	1	U-01	aegypti	Ae. aegypti
Q17P30	1	U-01	aegypti	Ae. aegypti
Q17P32	2	U-02	aegypti	Ae. aegypti
Q17P37	1	U-01	aegypti	Ae. aegypti
Q17P58	1	U-01	aegypti	Ae. aegypti
Q17P84	1	U-01	aegypti	Ae. aegypti
Q17P85	1	U-01	aegypti	Ae. aegypti
Q17P86	1	U-01	aegypti	Ae. aegypti
Q17P91	1	U-01	aegypti	Ae. aegypti
Q17PA0	1	U-01	aegypti	Ae. aegypti
Q17PA1	1	U-01	aegypti	Ae. aegypti
Q17PB4	1	U-01	aegypti	Ae. aegypti
Q17PB7	1	U-01	aegypti	Ae. aegypti
Q17PB9	1	U-01	aegypti	Ae. aegypti
Q17PC1	1	U-01	aegypti	Ae. aegypti
Q17PC5	1	U-01	aegypti	Ae. aegypti
Q17PC6	1	U-01	aegypti	Ae. aegypti
Q17PC7	1	U-01	aegypti	Ae. aegypti
Q17PD1	1	U-01	aegypti	Ae. aegypti
Q17PD2	0	unassigned	aegypti	Ae. aegypti
Q17PG0	2	U-02	aegypti	Ae. aegypti
Q17PG1	2	U-02	aegypti	Ae. aegypti
Q17PG6	0	unassigned	aegypti	Ae. aegypti
Q17PG7	0	unassigned	aegypti	Ae. aegypti
Q17PH5	1	U-01	aegypti	Ae. aegypti
Q17PH8	1	U-01	aegypti	Ae. aegypti
Q17PK3	2	U-02	aegypti	Ae. aegypti
Q17PL4	2	U-02	aegypti	Ae. aegypti
Q17PM1	1	U-01	aegypti	Ae. aegypti
Q17PM2	1	U-01	aegypti	Ae. aegypti
Q17PM6	1	U-01	aegypti	Ae. aegypti
Q17PM9	0	unassigned	aegypti	Ae. aegypti
Q17PN1	1	U-01	aegypti	Ae. aegypti
Q17PN8	1	U-01	aegypti	Ae. aegypti
Q17PP1	1	U-01	aegypti	Ae. aegypti
Q17PR8	1	U-01	aegypti	Ae. aegypti
Q17PT2	1	U-01	aegypti	Ae. aegypti
Q17PT4	1	U-01	aegypti	Ae. aegypti
Q17PT5	2	U-02	aegypti	Ae. aegypti
Q17PU1	1	U-01	aegypti	Ae. aegypti
Q17PU3	1	U-01	aegypti	Ae. aegypti
Q17PU4	1	U-01	aegypti	Ae. aegypti
Q17PU6	1	U-01	aegypti	Ae. aegypti
Q17PV1	2	U-02	aegypti	Ae. aegypti
Q17PV6	1	U-01	aegypti	Ae. aegypti
Q17PV7	1	U-01	aegypti	Ae. aegypti
Q17PW3	1	U-01	aegypti	Ae. aegypti
Q17PW6	1	U-01	aegypti	Ae. aegypti
Q17PX2	2	U-02	aegypti	Ae. aegypti
Q17PX3	2	U-02	aegypti	Ae. aegypti
Q17MD6	1	U-01	aegypti	Ae. aegypti
Q17MF2	1	U-01	aegypti	Ae. aegypti
Q17MG9	1	U-01	aegypti	Ae. aegypti
Q17MI0	1	U-01	aegypti	Ae. aegypti
Q17MI4	1	U-01	aegypti	Ae. aegypti
Q17MI5	1	U-01	aegypti	Ae. aegypti
Q17MI7	1	U-01	aegypti	Ae. aegypti
Q17MK2	1	U-01	aegypti	Ae. aegypti
Q17MK6	1	U-01	aegypti	Ae. aegypti
Q17MN7	2	U-02	aegypti	Ae. aegypti
Q17MN9	2	U-02	aegypti	Ae. aegypti
Q17MQ1	1	U-01	aegypti	Ae. aegypti
Q17MQ9	1	U-01	aegypti	Ae. aegypti
Q17MR0	1	U-01	aegypti	Ae. aegypti
Q17MR1	1	U-01	aegypti	Ae. aegypti
Q17MR4	1	U-01	aegypti	Ae. aegypti
Q17MR7	1	U-01	aegypti	Ae. aegypti
Q17MT0	0	unassigned	aegypti	Ae. aegypti
Q17MV8	1	U-01	aegypti	Ae. aegypti
Q17MY8	1	U-01	aegypti	Ae. aegypti
Q17MZ1	1	U-01	aegypti	Ae. aegypti
Q17MZ2	1	U-01	aegypti	Ae. aegypti
Q17MZ5	1	U-01	aegypti	Ae. aegypti
Q17MZ8	1	U-01	aegypti	Ae. aegypti
Q17N22	1	U-01	aegypti	Ae. aegypti
Q17N23	2	U-02	aegypti	Ae. aegypti
Q17N26	2	U-02	aegypti	Ae. aegypti
Q17N32	1	U-01	aegypti	Ae. aegypti
Q17N34	1	U-01	aegypti	Ae. aegypti
Q17N40	1	U-01	aegypti	Ae. aegypti
Q17N54	1	U-01	aegypti	Ae. aegypti
Q17N55	1	U-01	aegypti	Ae. aegypti
Q17N60	1	U-01	aegypti	Ae. aegypti
Q17N63	1	U-01	aegypti	Ae. aegypti
Q17N71	1	U-01	aegypti	Ae. aegypti
Q17N79	1	U-01	aegypti	Ae. aegypti
Q17NG5	1	U-01	aegypti	Ae. aegypti
Q17NG8	1	U-01	aegypti	Ae. aegypti
Q17NG9	1	U-01	aegypti	Ae. aegypti
Q17NH9	1	U-01	aegypti	Ae. aegypti
Q17NI6	1	U-01	aegypti	Ae. aegypti
Q17NJ1	0	unassigned	aegypti	Ae. aegypti
Q17NL0	1	U-01	aegypti	Ae. aegypti
Q17NL5	2	U-02	aegypti	Ae. aegypti
Q17NL6	2	U-02	aegypti	Ae. aegypti
Q17NL7	2	U-02	aegypti	Ae. aegypti
Q17NL8	2	U-02	aegypti	Ae. aegypti
Q17NM0	2	U-02	aegypti	Ae. aegypti
Q17NM2	1	U-01	aegypti	Ae. aegypti
Q17NM5	0	unassigned	aegypti	Ae. aegypti
Q17NN4	1	U-01	aegypti	Ae. aegypti
Q17NP0	1	U-01	aegypti	Ae. aegypti
Q17NP2	0	unassigned	aegypti	Ae. aegypti
Q17NP4	0	unassigned	aegypti	Ae. aegypti
Q17NR4	2	U-02	aegypti	Ae. aegypti
Q17NS8	2	U-02	aegypti	Ae. aegypti
Q17NT7	1	U-01	aegypti	Ae. aegypti
Q17NT9	1	U-01	aegypti	Ae. aegypti
Q17NU0	1	U-01	aegypti	Ae. aegypti
Q17NU1	1	U-01	aegypti	Ae. aegypti
Q17NV8	1	U-01	aegypti	Ae. aegypti
Q17NY9	1	U-01	aegypti	Ae. aegypti
Q17NZ1	2	U-02	aegypti	Ae. aegypti
Q17P00	1	U-01	aegypti	Ae. aegypti
Q17P07	1	U-01	aegypti	Ae. aegypti
Q17P27	1	U-01	aegypti	Ae. aegypti
Q17P41	2	U-02	aegypti	Ae. aegypti
Q17P42	1	U-01	aegypti	Ae. aegypti
Q17P45	1	U-01	aegypti	Ae. aegypti
Q17P68	1	U-01	aegypti	Ae. aegypti
Q17P87	1	U-01	aegypti	Ae. aegypti
Q17P89	1	U-01	aegypti	Ae. aegypti
Q17P90	1	U-01	aegypti	Ae. aegypti
Q17P99	1	U-01	aegypti	Ae. aegypti
Q17PA5	1	U-01	aegypti	Ae. aegypti
Q17PC9	2	U-02	aegypti	Ae. aegypti
Q17PE0	0	unassigned	aegypti	Ae. aegypti
Q17PE2	0	unassigned	aegypti	Ae. aegypti
Q17PF0	1	U-01	aegypti	Ae. aegypti
Q17PG4	1	U-01	aegypti	Ae. aegypti
Q17PH7	1	U-01	aegypti	Ae. aegypti
Q17PI0	1	U-01	aegypti	Ae. aegypti
Q17PJ1	1	U-01	aegypti	Ae. aegypti
Q17PJ5	1	U-01	aegypti	Ae. aegypti
Q17PJ6	1	U-01	aegypti	Ae. aegypti
Q17PM3	1	U-01	aegypti	Ae. aegypti
Q17PM4	1	U-01	aegypti	Ae. aegypti
Q17PM5	2	U-02	aegypti	Ae. aegypti
Q17PP0	1	U-01	aegypti	Ae. aegypti
Q17PQ1	1	U-01	aegypti	Ae. aegypti
Q17PQ5	1	U-01	aegypti	Ae. aegypti
Q17PR1	1	U-01	aegypti	Ae. aegypti
Q17PR6	1	U-01	aegypti	Ae. aegypti
Q17PS2	2	U-02	aegypti	Ae. aegypti
Q17PT6	1	U-01	aegypti	Ae. aegypti
Q17PU2	1	U-01	aegypti	Ae. aegypti
Q17PU5	2	U-02	aegypti	Ae. aegypti
Q17PW1	1	U-01	aegypti	Ae. aegypti
Q17PW2	2	U-02	aegypti	Ae. aegypti
Q17PZ2	1	U-01	aegypti	Ae. aegypti
Q17PZ8	1	U-01	aegypti	Ae. aegypti
Q17PZ9	1	U-01	aegypti	Ae. aegypti
Q17Q11	1	U-01	aegypti	Ae. aegypti
Q17Q14	1	U-01	aegypti	Ae. aegypti
Q17Q20	0	unassigned	aegypti	Ae. aegypti
Q17Q39	1	U-01	aegypti	Ae. aegypti
Q17Q43	1	U-01	aegypti	Ae. aegypti
Q17Q54	1	U-01	aegypti	Ae. aegypti
Q17Q72	1	U-01	aegypti	Ae. aegypti
Q1DGP2	1	U-01	aegypti	Ae. aegypti
Q1DGZ3	2	U-02	aegypti	Ae. aegypti
Q1DH70	1	U-01	aegypti	Ae. aegypti
Q1HQF8	1	U-01	aegypti	Ae. aegypti
Q1HQK8	1	U-01	aegypti	Ae. aegypti
Q1HQU2	1	U-01	aegypti	Ae. aegypti
Q1HQY6	1	U-01	aegypti	Ae. aegypti
Q1HR20	0	unassigned	aegypti	Ae. aegypti
Q1HR24	1	U-01	aegypti	Ae. aegypti
Q1HR36	1	U-01	aegypti	Ae. aegypti
Q1HR62	1	U-01	aegypti	Ae. aegypti
Q1HR65	1	U-01	aegypti	Ae. aegypti
Q1HR79	0	unassigned	aegypti	Ae. aegypti
Q1HRR3	1	U-01	aegypti	Ae. aegypti
Q1HRS5	0	unassigned	aegypti	Ae. aegypti
Q1HRT4	1	U-01	aegypti	Ae. aegypti
Q1HRV4	1	U-01	aegypti	Ae. aegypti
Q5Q126	1	U-01	aegypti	Ae. aegypti
Q8T9V8	2	U-02	aegypti	Ae. aegypti
Q93104	1	U-01	aegypti	Ae. aegypti
Q95NQ3	1	U-01	aegypti	Ae. aegypti
Q9GN74	1	U-01	aegypti	Ae. aegypti
Q9GNE2	1	U-01	aegypti	Ae. aegypti
Q9NB49	2	U-02	aegypti	Ae. aegypti
Q9TX11	2	U-02	aegypti	Ae. aegypti
Q9U761	1	U-01	aegypti	Ae. aegypti
A0A1S4EUN7	0	unassigned	aegypti	Ae. aegypti
A0A1S4EUP3	1	U-01	aegypti	Ae. aegypti
A0A1S4EUP4	1	U-01	aegypti	Ae. aegypti
A0A1S4EUP8	0	unassigned	aegypti	Ae. aegypti
A0A1S4EUQ2	2	U-02	aegypti	Ae. aegypti
A0A1S4EUQ4	1	U-01	aegypti	Ae. aegypti
A0A1S4EUQ6	2	U-02	aegypti	Ae. aegypti
A0A1S4EUQ9	1	U-01	aegypti	Ae. aegypti
A0A1S4EUR9	2	U-02	aegypti	Ae. aegypti
A0A1S4EUS3	2	U-02	aegypti	Ae. aegypti
A0A1S4EUS5	1	U-01	aegypti	Ae. aegypti
A0A1S4EUS7	2	U-02	aegypti	Ae. aegypti
A0A1S4EUT4	2	U-02	aegypti	Ae. aegypti
A0A1S4EUT5	1	U-01	aegypti	Ae. aegypti
A0A1S4EUU5	2	U-02	aegypti	Ae. aegypti
A0A1S4EUV1	1	U-01	aegypti	Ae. aegypti
A0A1S4EUV7	0	unassigned	aegypti	Ae. aegypti
A0A1S4EUW0	0	unassigned	aegypti	Ae. aegypti
A0A1S4EUW9	2	U-02	aegypti	Ae. aegypti
A0A1S4EUX8	2	U-02	aegypti	Ae. aegypti
A0A1S4EUY1	1	U-01	aegypti	Ae. aegypti
A0A1S4EUY5	1	U-01	aegypti	Ae. aegypti
A0A1S4EUY7	0	unassigned	aegypti	Ae. aegypti
A0A1S4EV00	2	U-02	aegypti	Ae. aegypti
A0A1S4EV27	1	U-01	aegypti	Ae. aegypti
A0A1S4EV40	1	U-01	aegypti	Ae. aegypti
A0A1S4EV42	1	U-01	aegypti	Ae. aegypti
A0A1S4EV81	1	U-01	aegypti	Ae. aegypti
A0A1S4EV88	1	U-01	aegypti	Ae. aegypti
A0A1S4EV95	1	U-01	aegypti	Ae. aegypti
A0A1S4EVB8	1	U-01	aegypti	Ae. aegypti
A0A1S4EVC0	1	U-01	aegypti	Ae. aegypti
A0A1S4EVC1	2	U-02	aegypti	Ae. aegypti
A0A1S4EVE3	2	U-02	aegypti	Ae. aegypti
A0A1S4EVE5	1	U-01	aegypti	Ae. aegypti
A0A1S4EVF5	1	U-01	aegypti	Ae. aegypti
A0A1S4EVH7	2	U-02	aegypti	Ae. aegypti
A0A1S4EVI0	1	U-01	aegypti	Ae. aegypti
A0A1S4EVI9	1	U-01	aegypti	Ae. aegypti
A0A1S4EVK1	2	U-02	aegypti	Ae. aegypti
A0A1S4EVL3	1	U-01	aegypti	Ae. aegypti
A0A1S4EVM1	1	U-01	aegypti	Ae. aegypti
A0A1S4EVN5	2	U-02	aegypti	Ae. aegypti
A0A1S4EVQ4	1	U-01	aegypti	Ae. aegypti
A0A1S4EVQ7	0	unassigned	aegypti	Ae. aegypti
A0A1S4EVR6	1	U-01	aegypti	Ae. aegypti
A0A1S4EVS6	0	unassigned	aegypti	Ae. aegypti
A0A1S4EVT1	1	U-01	aegypti	Ae. aegypti
A0A1S4EVT9	1	U-01	aegypti	Ae. aegypti
A0A1S4EVU9	2	U-02	aegypti	Ae. aegypti
A0A1S4EVV1	1	U-01	aegypti	Ae. aegypti
A0A1S4EVV8	1	U-01	aegypti	Ae. aegypti
A0A1S4EVW0	1	U-01	aegypti	Ae. aegypti
A0A1S4EVX5	1	U-01	aegypti	Ae. aegypti
A0A1S4EVY2	1	U-01	aegypti	Ae. aegypti
A0A1S4EW20	0	unassigned	aegypti	Ae. aegypti
A0A1S4EW44	1	U-01	aegypti	Ae. aegypti
A0A1S4EW46	2	U-02	aegypti	Ae. aegypti
A0A1S4EW64	1	U-01	aegypti	Ae. aegypti
A0A1S4EW68	0	unassigned	aegypti	Ae. aegypti
A0A1S4EW79	2	U-02	aegypti	Ae. aegypti
A0A1S4EW93	1	U-01	aegypti	Ae. aegypti
A0A1S4EWB6	2	U-02	aegypti	Ae. aegypti
A0A1S4EWD2	2	U-02	aegypti	Ae. aegypti
A0A1S4EWE6	2	U-02	aegypti	Ae. aegypti
A0A1S4EWH0	0	unassigned	aegypti	Ae. aegypti
A0A1S4EWH2	0	unassigned	aegypti	Ae. aegypti
A0A1S4EWH6	1	U-01	aegypti	Ae. aegypti
A0A1S4EWJ6	1	U-01	aegypti	Ae. aegypti
A0A1S4EWJ7	2	U-02	aegypti	Ae. aegypti
A0A1S4EWJ8	1	U-01	aegypti	Ae. aegypti
A0A1S4EWL4	1	U-01	aegypti	Ae. aegypti
A0A1S4EWM0	1	U-01	aegypti	Ae. aegypti
A0A1S4EWM1	1	U-01	aegypti	Ae. aegypti
A0A1S4EWM2	0	unassigned	aegypti	Ae. aegypti
A0A1S4EWP1	1	U-01	aegypti	Ae. aegypti
A0A1S4EWR0	1	U-01	aegypti	Ae. aegypti
A0A1S4EWR3	0	unassigned	aegypti	Ae. aegypti
A0A1S4EWR4	1	U-01	aegypti	Ae. aegypti
A0A1S4EWR8	0	unassigned	aegypti	Ae. aegypti
A0A1S4EWS1	1	U-01	aegypti	Ae. aegypti
A0A1S4EWU8	1	U-01	aegypti	Ae. aegypti
A0A1S4EWU9	2	U-02	aegypti	Ae. aegypti
A0A1S4EWV3	1	U-01	aegypti	Ae. aegypti
A0A1S4EWX2	1	U-01	aegypti	Ae. aegypti
A0A1S4EWY1	1	U-01	aegypti	Ae. aegypti
A0A1S4EWY2	1	U-01	aegypti	Ae. aegypti
A0A1S4EX01	2	U-02	aegypti	Ae. aegypti
A0A1S4EX06	0	unassigned	aegypti	Ae. aegypti
A0A1S4EX07	2	U-02	aegypti	Ae. aegypti
A0A1S4EX10	2	U-02	aegypti	Ae. aegypti
A0A1S4EX12	2	U-02	aegypti	Ae. aegypti
A0A1S4EX22	2	U-02	aegypti	Ae. aegypti
A0A1S4EX30	0	unassigned	aegypti	Ae. aegypti
A0A1S4EX31	2	U-02	aegypti	Ae. aegypti
A0A1S4EX33	2	U-02	aegypti	Ae. aegypti
A0A1S4EX41	1	U-01	aegypti	Ae. aegypti
A0A1S4EX46	2	U-02	aegypti	Ae. aegypti
A0A1S4EX53	1	U-01	aegypti	Ae. aegypti
A0A1S4EX54	2	U-02	aegypti	Ae. aegypti
A0A1S4EX65	1	U-01	aegypti	Ae. aegypti
A0A1S4EX76	1	U-01	aegypti	Ae. aegypti
A0A1S4EX77	2	U-02	aegypti	Ae. aegypti
A0A1S4EX81	2	U-02	aegypti	Ae. aegypti
A0A1S4EX85	2	U-02	aegypti	Ae. aegypti
A0A1S4EX93	1	U-01	aegypti	Ae. aegypti
A0A1S4EX97	1	U-01	aegypti	Ae. aegypti
A0A1S4EXB6	1	U-01	aegypti	Ae. aegypti
A0A1S4EXE0	2	U-02	aegypti	Ae. aegypti
A0A1S4EXF5	0	unassigned	aegypti	Ae. aegypti
A0A1S4EXH1	1	U-01	aegypti	Ae. aegypti
A0A1S4EXH4	1	U-01	aegypti	Ae. aegypti
A0A1S4EXI8	1	U-01	aegypti	Ae. aegypti
A0A1S4EXJ6	1	U-01	aegypti	Ae. aegypti
A0A1S4EXK4	1	U-01	aegypti	Ae. aegypti
A0A1S4EXK6	0	unassigned	aegypti	Ae. aegypti
A0A1S4EXK9	2	U-02	aegypti	Ae. aegypti
A0A1S4EXM5	0	unassigned	aegypti	Ae. aegypti
A0A1S4EXN2	2	U-02	aegypti	Ae. aegypti
A0A1S4EXP4	1	U-01	aegypti	Ae. aegypti
A0A1S4EXQ7	1	U-01	aegypti	Ae. aegypti
A0A1S4EXR5	1	U-01	aegypti	Ae. aegypti
A0A1S4EXT1	1	U-01	aegypti	Ae. aegypti
A0A1S4EXT4	1	U-01	aegypti	Ae. aegypti
A0A1S4EXW2	2	U-02	aegypti	Ae. aegypti
A0A1S4EXW3	1	U-01	aegypti	Ae. aegypti
A0A1S4EXW9	1	U-01	aegypti	Ae. aegypti
A0A1S4EXX2	1	U-01	aegypti	Ae. aegypti
A0A1S4EXZ5	2	U-02	aegypti	Ae. aegypti
A0A1S4EY14	2	U-02	aegypti	Ae. aegypti
A0A1S4EY23	1	U-01	aegypti	Ae. aegypti
A0A1S4EY33	1	U-01	aegypti	Ae. aegypti
A0A1S4EY35	1	U-01	aegypti	Ae. aegypti
A0A1S4EY45	2	U-02	aegypti	Ae. aegypti
A0A1S4EY46	1	U-01	aegypti	Ae. aegypti
A0A1S4EY58	2	U-02	aegypti	Ae. aegypti
A0A1S4EY63	2	U-02	aegypti	Ae. aegypti
A0A1S4EY70	1	U-01	aegypti	Ae. aegypti
A0A1S4EY72	1	U-01	aegypti	Ae. aegypti
A0A1S4EY78	1	U-01	aegypti	Ae. aegypti
A0A1S4EY79	1	U-01	aegypti	Ae. aegypti
A0A1S4EY80	1	U-01	aegypti	Ae. aegypti
A0A1S4EY86	2	U-02	aegypti	Ae. aegypti
A0A1S4EY92	1	U-01	aegypti	Ae. aegypti
A0A1S4EYB6	2	U-02	aegypti	Ae. aegypti
Q0IEW5	1	U-01	aegypti	Ae. aegypti
Q0IEZ9	1	U-01	aegypti	Ae. aegypti
Q0IF18	1	U-01	aegypti	Ae. aegypti
Q0IF19	1	U-01	aegypti	Ae. aegypti
Q0IF20	1	U-01	aegypti	Ae. aegypti
Q0IF21	1	U-01	aegypti	Ae. aegypti
Q0IF33	2	U-02	aegypti	Ae. aegypti
Q0IF43	1	U-01	aegypti	Ae. aegypti
Q0IF57	1	U-01	aegypti	Ae. aegypti
Q0IF68	1	U-01	aegypti	Ae. aegypti
Q0IF74	1	U-01	aegypti	Ae. aegypti
Q0IF90	1	U-01	aegypti	Ae. aegypti
Q0IFB1	1	U-01	aegypti	Ae. aegypti
Q0IFB2	1	U-01	aegypti	Ae. aegypti
Q0IFB3	1	U-01	aegypti	Ae. aegypti
Q0IFB6	1	U-01	aegypti	Ae. aegypti
Q0IFD3	1	U-01	aegypti	Ae. aegypti
Q0IFD7	1	U-01	aegypti	Ae. aegypti
Q0IFF1	1	U-01	aegypti	Ae. aegypti
Q0IFF9	1	U-01	aegypti	Ae. aegypti
A0A6I8T7B0	2	U-02	aegypti	Ae. aegypti
A0A6I8T7B4	1	U-01	aegypti	Ae. aegypti
A0A6I8T7B7	1	U-01	aegypti	Ae. aegypti
A0A6I8T7C4	0	unassigned	aegypti	Ae. aegypti
A0A6I8T7C7	1	U-01	aegypti	Ae. aegypti
A0A6I8T7C8	1	U-01	aegypti	Ae. aegypti
A0A6I8T7C9	0	unassigned	aegypti	Ae. aegypti
A0A6I8T7D5	1	U-01	aegypti	Ae. aegypti
A0A6I8T7E0	1	U-01	aegypti	Ae. aegypti
A0A6I8T7E3	1	U-01	aegypti	Ae. aegypti
A0A6I8T7E4	1	U-01	aegypti	Ae. aegypti
A0A6I8T7E6	2	U-02	aegypti	Ae. aegypti
A0A6I8T7E8	1	U-01	aegypti	Ae. aegypti
A0A6I8T7E9	1	U-01	aegypti	Ae. aegypti
A0A6I8T7F0	0	unassigned	aegypti	Ae. aegypti
A0A6I8T7F1	0	unassigned	aegypti	Ae. aegypti
A0A6I8T7F4	1	U-01	aegypti	Ae. aegypti
A0A6I8T7F8	1	U-01	aegypti	Ae. aegypti
A0A6I8T7F9	0	unassigned	aegypti	Ae. aegypti
A0A6I8T7G0	0	unassigned	aegypti	Ae. aegypti
A0A6I8T7G2	1	U-01	aegypti	Ae. aegypti
A0A6I8T7G5	0	unassigned	aegypti	Ae. aegypti
A0A6I8T7G7	1	U-01	aegypti	Ae. aegypti
A0A6I8T7G8	1	U-01	aegypti	Ae. aegypti
A0A6I8T7G9	0	unassigned	aegypti	Ae. aegypti
A0A6I8T7H1	2	U-02	aegypti	Ae. aegypti
A0A6I8T7H4	0	unassigned	aegypti	Ae. aegypti
A0A6I8T7H5	0	unassigned	aegypti	Ae. aegypti
A0A6I8T7H6	1	U-01	aegypti	Ae. aegypti
A0A6I8T7H9	1	U-01	aegypti	Ae. aegypti
A0A6I8T7I3	0	unassigned	aegypti	Ae. aegypti
A0A6I8T7I5	0	unassigned	aegypti	Ae. aegypti
A0A6I8T7I7	0	unassigned	aegypti	Ae. aegypti
A0A6I8T7I8	1	U-01	aegypti	Ae. aegypti
A0A6I8T7I9	2	U-02	aegypti	Ae. aegypti
A0A6I8T7J1	0	unassigned	aegypti	Ae. aegypti
A0A6I8T7J5	0	unassigned	aegypti	Ae. aegypti
A0A6I8T7J6	0	unassigned	aegypti	Ae. aegypti
A0A6I8T7L5	1	U-01	aegypti	Ae. aegypti
A0A6I8T7L7	2	U-02	aegypti	Ae. aegypti
A0A6I8T7L8	1	U-01	aegypti	Ae. aegypti
A0A6I8T7M0	0	unassigned	aegypti	Ae. aegypti
A0A6I8T7N0	2	U-02	aegypti	Ae. aegypti
A0A6I8T7N3	0	unassigned	aegypti	Ae. aegypti
A0A6I8T7N6	1	U-01	aegypti	Ae. aegypti
A0A6I8T7N9	0	unassigned	aegypti	Ae. aegypti
A0A6I8T7P3	0	unassigned	aegypti	Ae. aegypti
A0A6I8T7P6	1	U-01	aegypti	Ae. aegypti
A0A6I8T7P7	2	U-02	aegypti	Ae. aegypti
A0A6I8T7P9	1	U-01	aegypti	Ae. aegypti
A0A6I8T7Q1	1	U-01	aegypti	Ae. aegypti
A0A6I8T7Q4	1	U-01	aegypti	Ae. aegypti
A0A6I8T7Q5	1	U-01	aegypti	Ae. aegypti
A0A6I8T7Q7	1	U-01	aegypti	Ae. aegypti
A0A6I8T7Q9	1	U-01	aegypti	Ae. aegypti
A0A6I8T7R8	1	U-01	aegypti	Ae. aegypti
A0A6I8T7R9	1	U-01	aegypti	Ae. aegypti
A0A6I8T7S3	1	U-01	aegypti	Ae. aegypti
A0A6I8T7S7	1	U-01	aegypti	Ae. aegypti
A0A6I8T7T1	2	U-02	aegypti	Ae. aegypti
A0A6I8T7T8	1	U-01	aegypti	Ae. aegypti
A0A6I8T7V1	1	U-01	aegypti	Ae. aegypti
A0A6I8T7V6	1	U-01	aegypti	Ae. aegypti
A0A6I8T7V7	2	U-02	aegypti	Ae. aegypti
A0A6I8T7V9	1	U-01	aegypti	Ae. aegypti
A0A6I8T7W5	2	U-02	aegypti	Ae. aegypti
A0A6I8T7W6	1	U-01	aegypti	Ae. aegypti
A0A6I8T7W8	1	U-01	aegypti	Ae. aegypti
A0A6I8T7X0	1	U-01	aegypti	Ae. aegypti
A0A6I8T7X5	1	U-01	aegypti	Ae. aegypti
A0A6I8T7Y0	1	U-01	aegypti	Ae. aegypti
A0A6I8T7Y1	1	U-01	aegypti	Ae. aegypti
A0A6I8T7Y7	1	U-01	aegypti	Ae. aegypti
A0A6I8T7Y9	0	unassigned	aegypti	Ae. aegypti
A0A6I8T7Z5	1	U-01	aegypti	Ae. aegypti
A0A6I8T7Z7	0	unassigned	aegypti	Ae. aegypti
A0A6I8T800	1	U-01	aegypti	Ae. aegypti
A0A6I8T802	0	unassigned	aegypti	Ae. aegypti
A0A6I8T803	2	U-02	aegypti	Ae. aegypti
A0A6I8T808	1	U-01	aegypti	Ae. aegypti
A0A6I8T809	1	U-01	aegypti	Ae. aegypti
A0A6I8T815	1	U-01	aegypti	Ae. aegypti
A0A6I8T825	1	U-01	aegypti	Ae. aegypti
A0A6I8T830	1	U-01	aegypti	Ae. aegypti
A0A6I8T833	2	U-02	aegypti	Ae. aegypti
A0A6I8T834	1	U-01	aegypti	Ae. aegypti
A0A6I8T836	2	U-02	aegypti	Ae. aegypti
A0A6I8T841	2	U-02	aegypti	Ae. aegypti
A0A6I8T842	1	U-01	aegypti	Ae. aegypti
A0A6I8T846	2	U-02	aegypti	Ae. aegypti
A0A6I8T851	1	U-01	aegypti	Ae. aegypti
A0A6I8T857	1	U-01	aegypti	Ae. aegypti
A0A6I8T858	1	U-01	aegypti	Ae. aegypti
A0A6I8T868	1	U-01	aegypti	Ae. aegypti
A0A6I8T883	1	U-01	aegypti	Ae. aegypti
A0A6I8T884	1	U-01	aegypti	Ae. aegypti
A0A6I8T888	2	U-02	aegypti	Ae. aegypti
A0A6I8T893	1	U-01	aegypti	Ae. aegypti
A0A6I8T8B1	1	U-01	aegypti	Ae. aegypti
A0A6I8T8B4	0	unassigned	aegypti	Ae. aegypti
Q16KH8	1	U-01	aegypti	Ae. aegypti
Q16KI0	1	U-01	aegypti	Ae. aegypti
Q16L31	2	U-02	aegypti	Ae. aegypti
Q16L48	1	U-01	aegypti	Ae. aegypti
Q16L96	1	U-01	aegypti	Ae. aegypti
Q16LN3	1	U-01	aegypti	Ae. aegypti
Q16LR4	1	U-01	aegypti	Ae. aegypti
Q16LS4	1	U-01	aegypti	Ae. aegypti
Q16LW2	1	U-01	aegypti	Ae. aegypti
Q16MG9	1	U-01	aegypti	Ae. aegypti
Q16MQ9	2	U-02	aegypti	Ae. aegypti
Q16MW6	1	U-01	aegypti	Ae. aegypti
Q16N28	1	U-01	aegypti	Ae. aegypti
Q16N80	2	U-02	aegypti	Ae. aegypti
Q16NE9	2	U-02	aegypti	Ae. aegypti
Q16NG2	2	U-02	aegypti	Ae. aegypti
Q16NT9	1	U-01	aegypti	Ae. aegypti
Q16NX0	1	U-01	aegypti	Ae. aegypti
Q16NZ4	1	U-01	aegypti	Ae. aegypti
Q16P20	1	U-01	aegypti	Ae. aegypti
Q16P64	1	U-01	aegypti	Ae. aegypti
Q16P87	1	U-01	aegypti	Ae. aegypti
Q16P90	1	U-01	aegypti	Ae. aegypti
Q16PI3	2	U-02	aegypti	Ae. aegypti
Q16PL8	1	U-01	aegypti	Ae. aegypti
Q16PT5	1	U-01	aegypti	Ae. aegypti
Q16QH3	2	U-02	aegypti	Ae. aegypti
Q16QL3	1	U-01	aegypti	Ae. aegypti
Q16QR6	1	U-01	aegypti	Ae. aegypti
Q16QY8	2	U-02	aegypti	Ae. aegypti
Q16QZ9	1	U-01	aegypti	Ae. aegypti
Q16R40	1	U-01	aegypti	Ae. aegypti
Q16RH3	1	U-01	aegypti	Ae. aegypti
Q16RY7	2	U-02	aegypti	Ae. aegypti
Q16RZ0	1	U-01	aegypti	Ae. aegypti
Q16S00	1	U-01	aegypti	Ae. aegypti
Q16S14	1	U-01	aegypti	Ae. aegypti
Q16SS2	1	U-01	aegypti	Ae. aegypti
Q16SS3	1	U-01	aegypti	Ae. aegypti
Q16T40	2	U-02	aegypti	Ae. aegypti
Q16TA2	1	U-01	aegypti	Ae. aegypti
Q16TA7	1	U-01	aegypti	Ae. aegypti
Q16TZ0	1	U-01	aegypti	Ae. aegypti
Q16U52	1	U-01	aegypti	Ae. aegypti
Q16UA0	2	U-02	aegypti	Ae. aegypti
Q16UF8	1	U-01	aegypti	Ae. aegypti
Q16UG2	1	U-01	aegypti	Ae. aegypti
Q16UJ8	1	U-01	aegypti	Ae. aegypti
Q16UN6	1	U-01	aegypti	Ae. aegypti
Q16UP5	1	U-01	aegypti	Ae. aegypti
Q16V01	1	U-01	aegypti	Ae. aegypti
Q16V02	1	U-01	aegypti	Ae. aegypti
Q16V52	1	U-01	aegypti	Ae. aegypti
Q16VB1	1	U-01	aegypti	Ae. aegypti
Q16VC0	1	U-01	aegypti	Ae. aegypti
Q16VC2	1	U-01	aegypti	Ae. aegypti
Q16VD3	0	unassigned	aegypti	Ae. aegypti
Q16VF0	1	U-01	aegypti	Ae. aegypti
Q16VW4	1	U-01	aegypti	Ae. aegypti
Q16W01	1	U-01	aegypti	Ae. aegypti
Q16W06	1	U-01	aegypti	Ae. aegypti
Q16W09	1	U-01	aegypti	Ae. aegypti
Q16W22	1	U-01	aegypti	Ae. aegypti
Q16W24	1	U-01	aegypti	Ae. aegypti
Q16W73	1	U-01	aegypti	Ae. aegypti
Q16WB3	1	U-01	aegypti	Ae. aegypti
Q16WU6	1	U-01	aegypti	Ae. aegypti
Q16WV3	1	U-01	aegypti	Ae. aegypti
Q16WY5	1	U-01	aegypti	Ae. aegypti
Q16XQ8	1	U-01	aegypti	Ae. aegypti
Q16XQ9	1	U-01	aegypti	Ae. aegypti
Q16XV7	1	U-01	aegypti	Ae. aegypti
Q16XZ1	1	U-01	aegypti	Ae. aegypti
Q16Y34	1	U-01	aegypti	Ae. aegypti
Q16Y75	1	U-01	aegypti	Ae. aegypti
Q16Y76	1	U-01	aegypti	Ae. aegypti
Q16Y81	1	U-01	aegypti	Ae. aegypti
Q16YA8	1	U-01	aegypti	Ae. aegypti
Q16YA9	1	U-01	aegypti	Ae. aegypti
Q16YB3	1	U-01	aegypti	Ae. aegypti
Q16YE2	2	U-02	aegypti	Ae. aegypti
Q16YE7	2	U-02	aegypti	Ae. aegypti
Q16YF1	1	U-01	aegypti	Ae. aegypti
A0A6I8TDR8	1	U-01	aegypti	Ae. aegypti
A0A6I8TDR9	1	U-01	aegypti	Ae. aegypti
A0A6I8TDS7	2	U-02	aegypti	Ae. aegypti
A0A6I8TDS9	1	U-01	aegypti	Ae. aegypti
A0A6I8TDT1	1	U-01	aegypti	Ae. aegypti
A0A6I8TDT4	1	U-01	aegypti	Ae. aegypti
A0A6I8TDU0	1	U-01	aegypti	Ae. aegypti
A0A6I8TDU1	2	U-02	aegypti	Ae. aegypti
A0A6I8TDV0	1	U-01	aegypti	Ae. aegypti
A0A6I8TDV7	1	U-01	aegypti	Ae. aegypti
A0A6I8TDV9	2	U-02	aegypti	Ae. aegypti
A0A6I8TDW0	1	U-01	aegypti	Ae. aegypti
A0A6I8TDW8	1	U-01	aegypti	Ae. aegypti
A0A6I8TDW9	1	U-01	aegypti	Ae. aegypti
A0A6I8TDX2	1	U-01	aegypti	Ae. aegypti
A0A6I8TDX8	1	U-01	aegypti	Ae. aegypti
A0A6I8TDX9	2	U-02	aegypti	Ae. aegypti
A0A6I8TMA1	1	U-01	aegypti	Ae. aegypti
A0A6I8TMA2	1	U-01	aegypti	Ae. aegypti
A0A6I8TMA4	1	U-01	aegypti	Ae. aegypti
A0A6I8TMA9	1	U-01	aegypti	Ae. aegypti
Q16XV0	2	U-02	aegypti	Ae. aegypti
Q16XV4	1	U-01	aegypti	Ae. aegypti
Q16XW3	1	U-01	aegypti	Ae. aegypti
Q16XW4	1	U-01	aegypti	Ae. aegypti
Q16XW5	1	U-01	aegypti	Ae. aegypti
Q16XX0	2	U-02	aegypti	Ae. aegypti
Q16XY5	0	unassigned	aegypti	Ae. aegypti
Q16XY7	1	U-01	aegypti	Ae. aegypti
Q16Y03	1	U-01	aegypti	Ae. aegypti
Q16Y09	1	U-01	aegypti	Ae. aegypti
Q16Y12	2	U-02	aegypti	Ae. aegypti
Q16Y29	1	U-01	aegypti	Ae. aegypti
Q16Y47	1	U-01	aegypti	Ae. aegypti
Q16Y57	1	U-01	aegypti	Ae. aegypti
Q16Y59	1	U-01	aegypti	Ae. aegypti
Q16Y60	1	U-01	aegypti	Ae. aegypti
Q16Y62	1	U-01	aegypti	Ae. aegypti
Q16Y67	1	U-01	aegypti	Ae. aegypti
Q16Y71	1	U-01	aegypti	Ae. aegypti
Q16Y94	2	U-02	aegypti	Ae. aegypti
Q16Y95	2	U-02	aegypti	Ae. aegypti
Q16YA7	2	U-02	aegypti	Ae. aegypti
Q16YB1	1	U-01	aegypti	Ae. aegypti
Q16YC3	1	U-01	aegypti	Ae. aegypti
Q16YC6	1	U-01	aegypti	Ae. aegypti
Q16YD5	1	U-01	aegypti	Ae. aegypti
Q16YE0	1	U-01	aegypti	Ae. aegypti
Q16YF0	1	U-01	aegypti	Ae. aegypti
Q16YG1	1	U-01	aegypti	Ae. aegypti
Q16YH2	0	unassigned	aegypti	Ae. aegypti
Q16YL7	1	U-01	aegypti	Ae. aegypti
Q16YM5	1	U-01	aegypti	Ae. aegypti
Q16YM8	2	U-02	aegypti	Ae. aegypti
Q16YN5	1	U-01	aegypti	Ae. aegypti
Q16YN6	1	U-01	aegypti	Ae. aegypti
Q16YP3	2	U-02	aegypti	Ae. aegypti
Q16YQ1	1	U-01	aegypti	Ae. aegypti
Q16YS5	1	U-01	aegypti	Ae. aegypti
Q16YS8	2	U-02	aegypti	Ae. aegypti
Q16YU9	0	unassigned	aegypti	Ae. aegypti
Q16YW6	1	U-01	aegypti	Ae. aegypti
Q16YW8	2	U-02	aegypti	Ae. aegypti
Q16Z09	1	U-01	aegypti	Ae. aegypti
Q16Z10	0	unassigned	aegypti	Ae. aegypti
Q16Z19	1	U-01	aegypti	Ae. aegypti
Q16Z20	1	U-01	aegypti	Ae. aegypti
Q16Z39	1	U-01	aegypti	Ae. aegypti
Q16Z53	1	U-01	aegypti	Ae. aegypti
Q16Z72	1	U-01	aegypti	Ae. aegypti
Q16Z74	1	U-01	aegypti	Ae. aegypti
Q16Z75	0	unassigned	aegypti	Ae. aegypti
Q16Z77	0	unassigned	aegypti	Ae. aegypti
Q16Z99	0	unassigned	aegypti	Ae. aegypti
Q16ZA0	0	unassigned	aegypti	Ae. aegypti
Q16ZB8	1	U-01	aegypti	Ae. aegypti
Q16ZB9	2	U-02	aegypti	Ae. aegypti
Q16ZC3	1	U-01	aegypti	Ae. aegypti
Q16ZD7	1	U-01	aegypti	Ae. aegypti
Q16ZE9	2	U-02	aegypti	Ae. aegypti
Q16ZG7	1	U-01	aegypti	Ae. aegypti
Q16ZI7	1	U-01	aegypti	Ae. aegypti
Q16ZI8	1	U-01	aegypti	Ae. aegypti
Q16ZJ0	0	unassigned	aegypti	Ae. aegypti
Q16ZJ4	0	unassigned	aegypti	Ae. aegypti
Q16ZJ5	0	unassigned	aegypti	Ae. aegypti
Q16ZJ7	0	unassigned	aegypti	Ae. aegypti
Q16ZJ8	0	unassigned	aegypti	Ae. aegypti
Q16ZK0	0	unassigned	aegypti	Ae. aegypti
Q16ZK3	0	unassigned	aegypti	Ae. aegypti
Q16ZK6	1	U-01	aegypti	Ae. aegypti
Q16ZM2	0	unassigned	aegypti	Ae. aegypti
Q16ZN8	1	U-01	aegypti	Ae. aegypti
Q16ZQ7	1	U-01	aegypti	Ae. aegypti
Q16ZT0	1	U-01	aegypti	Ae. aegypti
Q16ZT8	1	U-01	aegypti	Ae. aegypti
Q16ZV7	1	U-01	aegypti	Ae. aegypti
Q16ZW9	1	U-01	aegypti	Ae. aegypti
Q16ZX0	1	U-01	aegypti	Ae. aegypti
Q16ZZ3	1	U-01	aegypti	Ae. aegypti
Q16ZZ4	2	U-02	aegypti	Ae. aegypti
Q170C1	1	U-01	aegypti	Ae. aegypti
Q170D7	1	U-01	aegypti	Ae. aegypti
Q170F4	1	U-01	aegypti	Ae. aegypti
Q170F6	1	U-01	aegypti	Ae. aegypti
Q170J6	1	U-01	aegypti	Ae. aegypti
Q170K3	1	U-01	aegypti	Ae. aegypti
Q170K7	1	U-01	aegypti	Ae. aegypti
Q170L0	1	U-01	aegypti	Ae. aegypti
Q170L1	1	U-01	aegypti	Ae. aegypti
Q170M1	1	U-01	aegypti	Ae. aegypti
Q170S1	1	U-01	aegypti	Ae. aegypti
Q170T1	0	unassigned	aegypti	Ae. aegypti
Q170U5	1	U-01	aegypti	Ae. aegypti
Q170U6	1	U-01	aegypti	Ae. aegypti
Q170V3	1	U-01	aegypti	Ae. aegypti
Q170V8	0	unassigned	aegypti	Ae. aegypti
A0A8W7HIH9	1	U-01	aegypti	Ae. aegypti
A0A8W7HKC9	2	U-02	aegypti	Ae. aegypti
A0A8W7HKI6	1	U-01	aegypti	Ae. aegypti
A0A8W7HLA9	1	U-01	aegypti	Ae. aegypti
A0A8W7HLH8	1	U-01	aegypti	Ae. aegypti
A0A8W7HLP0	1	U-01	aegypti	Ae. aegypti
A0A8W7HR86	1	U-01	aegypti	Ae. aegypti
A0A8W7HSH1	1	U-01	aegypti	Ae. aegypti
A0A8W7HV05	1	U-01	aegypti	Ae. aegypti
A0A8W7HVH7	1	U-01	aegypti	Ae. aegypti
A0A8W7HWF4	1	U-01	aegypti	Ae. aegypti
A0A8W7HX77	1	U-01	aegypti	Ae. aegypti
A0A8W7HXJ3	1	U-01	aegypti	Ae. aegypti
A0A8W7HYP9	1	U-01	aegypti	Ae. aegypti
A0A8W7HYT1	1	U-01	aegypti	Ae. aegypti
A0A8W7HZ94	1	U-01	aegypti	Ae. aegypti
A0A8W7HZJ7	2	U-02	aegypti	Ae. aegypti
A0A8W7I0R9	2	U-02	aegypti	Ae. aegypti
A0A8W7I0W0	1	U-01	aegypti	Ae. aegypti
A0A8W7I2N2	2	U-02	aegypti	Ae. aegypti
A0A8W7I2Z4	1	U-01	aegypti	Ae. aegypti
A0A8W7I375	1	U-01	aegypti	Ae. aegypti
A0A8W7I3W6	0	unassigned	aegypti	Ae. aegypti
A0A8W7I4H1	1	U-01	aegypti	Ae. aegypti
A0A8W7I566	2	U-02	aegypti	Ae. aegypti
A0A8W7I5Y4	1	U-01	aegypti	Ae. aegypti
A0A8W7I7C0	1	U-01	aegypti	Ae. aegypti
A0A8W7I7N3	0	unassigned	aegypti	Ae. aegypti
A0A8W7IA43	2	U-02	aegypti	Ae. aegypti
A0A8W7IA61	1	U-01	aegypti	Ae. aegypti
A0A8W7IAF4	1	U-01	aegypti	Ae. aegypti
A0A8W7IAP5	1	U-01	aegypti	Ae. aegypti
A0A8W7IB49	1	U-01	aegypti	Ae. aegypti
A0A8W7IB50	1	U-01	aegypti	Ae. aegypti
A0A8W7ICL8	1	U-01	aegypti	Ae. aegypti
A0A8W7IEX4	1	U-01	aegypti	Ae. aegypti
A0A8W7IF17	1	U-01	aegypti	Ae. aegypti
A0A8W7IF61	1	U-01	aegypti	Ae. aegypti
A0A8W7IIY8	1	U-01	aegypti	Ae. aegypti
A0A8W7IKA4	1	U-01	aegypti	Ae. aegypti
A0A8W7IMD1	2	U-02	aegypti	Ae. aegypti
A0A8W7IP33	1	U-01	aegypti	Ae. aegypti
A0A8W7IQP8	1	U-01	aegypti	Ae. aegypti
A0A8W7IQX4	1	U-01	aegypti	Ae. aegypti
A0A8W7IRH6	1	U-01	aegypti	Ae. aegypti
A0A8W7IRR6	0	unassigned	aegypti	Ae. aegypti
A0A8W7ISC7	1	U-01	aegypti	Ae. aegypti
A0A8W7ISI3	1	U-01	aegypti	Ae. aegypti
A0A8W7ISS6	2	U-02	aegypti	Ae. aegypti
A0A8W7ITW8	0	unassigned	aegypti	Ae. aegypti
A0A8W7IUG5	1	U-01	aegypti	Ae. aegypti
A0A8W7IVY3	1	U-01	aegypti	Ae. aegypti
A0A8W7IWQ2	1	U-01	aegypti	Ae. aegypti
A0A8W7IX83	0	unassigned	aegypti	Ae. aegypti
A0A8W7IXS8	2	U-02	aegypti	Ae. aegypti
A0A8W7IXU1	0	unassigned	aegypti	Ae. aegypti
A0A8W7IYW5	1	U-01	aegypti	Ae. aegypti
A0A8W7J0T2	1	U-01	aegypti	Ae. aegypti
A0A8W7J1H7	1	U-01	aegypti	Ae. aegypti
A0A8W7J1P6	1	U-01	aegypti	Ae. aegypti
A0A8W7J309	1	U-01	aegypti	Ae. aegypti
A0A8W7J382	1	U-01	aegypti	Ae. aegypti
A0A8W7J3S5	1	U-01	aegypti	Ae. aegypti
A0A8W7J543	1	U-01	aegypti	Ae. aegypti
A0A8W7J5S0	1	U-01	aegypti	Ae. aegypti
A0A8W7J5U7	1	U-01	aegypti	Ae. aegypti
A0A8W7J6E1	1	U-01	aegypti	Ae. aegypti
A0A8W7J7U4	1	U-01	aegypti	Ae. aegypti
A0A8W7J893	1	U-01	aegypti	Ae. aegypti
A0A8W7J8D3	1	U-01	aegypti	Ae. aegypti
A0A8W7J8K6	1	U-01	aegypti	Ae. aegypti
A0A8W7J8L6	2	U-02	aegypti	Ae. aegypti
A0A8W7J8M6	1	U-01	aegypti	Ae. aegypti
A0A8W7J8X0	2	U-02	aegypti	Ae. aegypti
A0A903TK06	2	U-02	aegypti	Ae. aegypti
A0A903TK29	2	U-02	aegypti	Ae. aegypti
A0A903TK62	1	U-01	aegypti	Ae. aegypti
A0A903TKF7	1	U-01	aegypti	Ae. aegypti
A0A903TL31	1	U-01	aegypti	Ae. aegypti
A0A903TL48	1	U-01	aegypti	Ae. aegypti
A0A903TLD5	1	U-01	aegypti	Ae. aegypti
A0A903TLG5	1	U-01	aegypti	Ae. aegypti
A0A903TLH8	1	U-01	aegypti	Ae. aegypti
A0A903TLN5	1	U-01	aegypti	Ae. aegypti
A0A903TLP7	1	U-01	aegypti	Ae. aegypti
A0A903TLR9	1	U-01	aegypti	Ae. aegypti
A0A903TLS4	1	U-01	aegypti	Ae. aegypti
A0A903TLS7	0	unassigned	aegypti	Ae. aegypti
A0A903TLS9	0	unassigned	aegypti	Ae. aegypti
A0A903TLU4	2	U-02	aegypti	Ae. aegypti
A0A903TLV2	1	U-01	aegypti	Ae. aegypti
A0A903TM65	1	U-01	aegypti	Ae. aegypti
A0A903TMV4	1	U-01	aegypti	Ae. aegypti
A0A903TN41	1	U-01	aegypti	Ae. aegypti
A0A903TN94	1	U-01	aegypti	Ae. aegypti
A0A903TNT5	1	U-01	aegypti	Ae. aegypti
A0A903TP56	1	U-01	aegypti	Ae. aegypti
A0A903TP57	1	U-01	aegypti	Ae. aegypti
A0A903TP76	0	unassigned	aegypti	Ae. aegypti
A0A903TP92	1	U-01	aegypti	Ae. aegypti
A0A903TP97	1	U-01	aegypti	Ae. aegypti
A0A903TPF8	1	U-01	aegypti	Ae. aegypti
A0A903TPQ7	1	U-01	aegypti	Ae. aegypti
A0A903TQ11	2	U-02	aegypti	Ae. aegypti
A0A903TQD7	2	U-02	aegypti	Ae. aegypti
A0A903TQH0	0	unassigned	aegypti	Ae. aegypti
A0A903TQL0	1	U-01	aegypti	Ae. aegypti
A0A903TQM3	1	U-01	aegypti	Ae. aegypti
A0A903TQP7	1	U-01	aegypti	Ae. aegypti
A0A903TR23	1	U-01	aegypti	Ae. aegypti
A0A903TRE6	1	U-01	aegypti	Ae. aegypti
A0A903TS62	2	U-02	aegypti	Ae. aegypti
A0A903TSF7	1	U-01	aegypti	Ae. aegypti
A0A903TSG6	1	U-01	aegypti	Ae. aegypti
A0A903TSH0	1	U-01	aegypti	Ae. aegypti
A0A903TSM0	1	U-01	aegypti	Ae. aegypti
A0A903TSM5	0	unassigned	aegypti	Ae. aegypti
A0A903TT03	1	U-01	aegypti	Ae. aegypti
A0A903TT69	1	U-01	aegypti	Ae. aegypti
A0A903TTC7	1	U-01	aegypti	Ae. aegypti
A0A903TTF8	1	U-01	aegypti	Ae. aegypti
A0A903TTM1	1	U-01	aegypti	Ae. aegypti
A0A903TTN7	1	U-01	aegypti	Ae. aegypti
A0A903TTP2	0	unassigned	aegypti	Ae. aegypti
A0A903TTT3	2	U-02	aegypti	Ae. aegypti
A0A903TTX8	1	U-01	aegypti	Ae. aegypti
A0A903TU11	2	U-02	aegypti	Ae. aegypti
A0A903TU77	1	U-01	aegypti	Ae. aegypti
A0A903TUC5	0	unassigned	aegypti	Ae. aegypti
A0A903TUN4	1	U-01	aegypti	Ae. aegypti
A0A903TV05	1	U-01	aegypti	Ae. aegypti
A0A903TV58	1	U-01	aegypti	Ae. aegypti
A0A903TV61	1	U-01	aegypti	Ae. aegypti
A0A903TVB5	0	unassigned	aegypti	Ae. aegypti
A0A903TW04	1	U-01	aegypti	Ae. aegypti
A0A903TW11	1	U-01	aegypti	Ae. aegypti
A0A903TW30	2	U-02	aegypti	Ae. aegypti
A0A903TW66	0	unassigned	aegypti	Ae. aegypti
A0A903TW87	1	U-01	aegypti	Ae. aegypti
A0A903TWG8	1	U-01	aegypti	Ae. aegypti
A0A903TWN3	1	U-01	aegypti	Ae. aegypti
A0A903TWU9	1	U-01	aegypti	Ae. aegypti
A0A903TWV4	1	U-01	aegypti	Ae. aegypti
A0A903TX10	1	U-01	aegypti	Ae. aegypti
A0A903TX32	1	U-01	aegypti	Ae. aegypti
A0A903TX65	1	U-01	aegypti	Ae. aegypti
A0A903TXS3	1	U-01	aegypti	Ae. aegypti
A0A903TXX6	0	unassigned	aegypti	Ae. aegypti
A0A903TY09	2	U-02	aegypti	Ae. aegypti
A0A903TY56	1	U-01	aegypti	Ae. aegypti
A0A903TY94	1	U-01	aegypti	Ae. aegypti
A0A903TYA9	1	U-01	aegypti	Ae. aegypti
A0A903TYJ6	2	U-02	aegypti	Ae. aegypti
A0A903TYR8	1	U-01	aegypti	Ae. aegypti
A0A903TYW3	1	U-01	aegypti	Ae. aegypti
A0A903TYX3	2	U-02	aegypti	Ae. aegypti
A0A903TZ17	1	U-01	aegypti	Ae. aegypti
A0A903TZ62	1	U-01	aegypti	Ae. aegypti
A0A903TZN0	2	U-02	aegypti	Ae. aegypti
A0A903TZS6	1	U-01	aegypti	Ae. aegypti
A0A903U000	2	U-02	aegypti	Ae. aegypti
A0A903U0A4	1	U-01	aegypti	Ae. aegypti
A0A903U0A7	1	U-01	aegypti	Ae. aegypti
A0A903U0S0	2	U-02	aegypti	Ae. aegypti
A0A903U107	0	unassigned	aegypti	Ae. aegypti
A0A903U109	2	U-02	aegypti	Ae. aegypti
A0A903U121	2	U-02	aegypti	Ae. aegypti
A0A903U150	2	U-02	aegypti	Ae. aegypti
A0A903U152	2	U-02	aegypti	Ae. aegypti
A0A903U1L4	1	U-01	aegypti	Ae. aegypti
A0A903U1M6	1	U-01	aegypti	Ae. aegypti
A0A903U1M8	2	U-02	aegypti	Ae. aegypti
A0A903U1Y7	2	U-02	aegypti	Ae. aegypti
A0A903U203	0	unassigned	aegypti	Ae. aegypti
A0A903U241	1	U-01	aegypti	Ae. aegypti
A0A903U281	1	U-01	aegypti	Ae. aegypti
A0A903U295	0	unassigned	aegypti	Ae. aegypti
A0A903U2A5	1	U-01	aegypti	Ae. aegypti
A0A903U2F4	1	U-01	aegypti	Ae. aegypti
A0A903U2G0	1	U-01	aegypti	Ae. aegypti
A0A903U2M8	1	U-01	aegypti	Ae. aegypti
A0A903U2M9	1	U-01	aegypti	Ae. aegypti
A0A903U2N3	1	U-01	aegypti	Ae. aegypti
A0A903U2P7	1	U-01	aegypti	Ae. aegypti
A0A903U2V8	1	U-01	aegypti	Ae. aegypti
A0A903U2Z3	1	U-01	aegypti	Ae. aegypti
A0A903U303	1	U-01	aegypti	Ae. aegypti
A0A903U309	1	U-01	aegypti	Ae. aegypti
A0A903U3H6	1	U-01	aegypti	Ae. aegypti
A0A903U3I1	1	U-01	aegypti	Ae. aegypti
A0A903U3R2	0	unassigned	aegypti	Ae. aegypti
A0A903U411	1	U-01	aegypti	Ae. aegypti
A0A903U422	1	U-01	aegypti	Ae. aegypti
A0A903U435	0	unassigned	aegypti	Ae. aegypti
A0A903U438	2	U-02	aegypti	Ae. aegypti
A0A903U4G6	0	unassigned	aegypti	Ae. aegypti
A0A903U4G8	1	U-01	aegypti	Ae. aegypti
A0A903U4H1	0	unassigned	aegypti	Ae. aegypti
A0A903U4H5	1	U-01	aegypti	Ae. aegypti
A0A903U4L2	1	U-01	aegypti	Ae. aegypti
A0A903U4L6	1	U-01	aegypti	Ae. aegypti
A0A903U4Q9	0	unassigned	aegypti	Ae. aegypti
A0A903U4V6	1	U-01	aegypti	Ae. aegypti
A0A903U4X0	2	U-02	aegypti	Ae. aegypti
A0A903U531	1	U-01	aegypti	Ae. aegypti
A0A903U538	1	U-01	aegypti	Ae. aegypti
A0A903U577	2	U-02	aegypti	Ae. aegypti
A0A903U5D0	1	U-01	aegypti	Ae. aegypti
A0A903U5H1	1	U-01	aegypti	Ae. aegypti
A0A903U5J2	1	U-01	aegypti	Ae. aegypti
A0A903U5Z9	1	U-01	aegypti	Ae. aegypti
A0A903U6B5	1	U-01	aegypti	Ae. aegypti
A0A903U6Y3	2	U-02	aegypti	Ae. aegypti
A0A903U724	2	U-02	aegypti	Ae. aegypti
A0A903U7C5	2	U-02	aegypti	Ae. aegypti
A0A903U7M0	1	U-01	aegypti	Ae. aegypti
A0A903U7R5	1	U-01	aegypti	Ae. aegypti
A0A903U7T8	1	U-01	aegypti	Ae. aegypti
A0A903U7V3	1	U-01	aegypti	Ae. aegypti
A0A903U7Y2	2	U-02	aegypti	Ae. aegypti
A0A903U840	1	U-01	aegypti	Ae. aegypti
A0A903U862	1	U-01	aegypti	Ae. aegypti
A0A903U864	1	U-01	aegypti	Ae. aegypti
A0A903U895	1	U-01	aegypti	Ae. aegypti
A0A903U8H4	1	U-01	aegypti	Ae. aegypti
A0A903U8I7	1	U-01	aegypti	Ae. aegypti
A0A903U8P0	0	unassigned	aegypti	Ae. aegypti
A0A903U8S7	2	U-02	aegypti	Ae. aegypti
A0A903U9C2	1	U-01	aegypti	Ae. aegypti
A0A903U9N3	1	U-01	aegypti	Ae. aegypti
A0A903U9S5	1	U-01	aegypti	Ae. aegypti
A0A903U9S7	1	U-01	aegypti	Ae. aegypti
A0A903UA42	0	unassigned	aegypti	Ae. aegypti
A0A903UA43	1	U-01	aegypti	Ae. aegypti
A0A903UA59	1	U-01	aegypti	Ae. aegypti
A0A903UA98	1	U-01	aegypti	Ae. aegypti
A0A903UAC4	2	U-02	aegypti	Ae. aegypti
A0A903UAC7	1	U-01	aegypti	Ae. aegypti
A0A903UAE6	1	U-01	aegypti	Ae. aegypti
A0A903UAP6	2	U-02	aegypti	Ae. aegypti
A0A903UAS1	2	U-02	aegypti	Ae. aegypti
A0A903UAT1	2	U-02	aegypti	Ae. aegypti
A0A903UB88	1	U-01	aegypti	Ae. aegypti
A0A903UBF4	1	U-01	aegypti	Ae. aegypti
A0A903UBL2	1	U-01	aegypti	Ae. aegypti
A0A903UBW1	1	U-01	aegypti	Ae. aegypti
A0A903UBW6	0	unassigned	aegypti	Ae. aegypti
A0A903UBX6	1	U-01	aegypti	Ae. aegypti
A0A903UC09	1	U-01	aegypti	Ae. aegypti
A0A903UCD7	1	U-01	aegypti	Ae. aegypti
A0A903UCF4	1	U-01	aegypti	Ae. aegypti
A0A903UCF8	1	U-01	aegypti	Ae. aegypti
A0A903UCS3	1	U-01	aegypti	Ae. aegypti
A0A903UDE7	0	unassigned	aegypti	Ae. aegypti
A0A903UDJ0	1	U-01	aegypti	Ae. aegypti
A0A903UDK6	2	U-02	aegypti	Ae. aegypti
A0A903UDM0	0	unassigned	aegypti	Ae. aegypti
A0A903UDQ5	1	U-01	aegypti	Ae. aegypti
A0A903UDU4	1	U-01	aegypti	Ae. aegypti
A0A903UDZ7	1	U-01	aegypti	Ae. aegypti
A0A903UE76	1	U-01	aegypti	Ae. aegypti
A0A903UEQ4	0	unassigned	aegypti	Ae. aegypti
A0A903UF34	1	U-01	aegypti	Ae. aegypti
A0A903UF55	1	U-01	aegypti	Ae. aegypti
A0A903UF67	1	U-01	aegypti	Ae. aegypti
A0A903UF69	1	U-01	aegypti	Ae. aegypti
A0A903UFB4	2	U-02	aegypti	Ae. aegypti
A0A903UFF7	0	unassigned	aegypti	Ae. aegypti
A0A903UFG4	2	U-02	aegypti	Ae. aegypti
A0A903UFI9	1	U-01	aegypti	Ae. aegypti
A0A903UFL3	1	U-01	aegypti	Ae. aegypti
A0A903UFM1	1	U-01	aegypti	Ae. aegypti
A0A903UFQ5	1	U-01	aegypti	Ae. aegypti
A0A903UFU4	0	unassigned	aegypti	Ae. aegypti
A0A903UFX4	1	U-01	aegypti	Ae. aegypti
A0A903UFX5	1	U-01	aegypti	Ae. aegypti
A0A903UG12	0	unassigned	aegypti	Ae. aegypti
A0A903UG34	0	unassigned	aegypti	Ae. aegypti
A0A903UG47	1	U-01	aegypti	Ae. aegypti
A0A903UG63	1	U-01	aegypti	Ae. aegypti
A0A903UG96	1	U-01	aegypti	Ae. aegypti
A0A903UGE3	1	U-01	aegypti	Ae. aegypti
A0A903UGJ9	0	unassigned	aegypti	Ae. aegypti
A0A903UGN7	1	U-01	aegypti	Ae. aegypti
A0A903UGQ6	1	U-01	aegypti	Ae. aegypti
A0A903UH91	2	U-02	aegypti	Ae. aegypti
A0A903UHN0	2	U-02	aegypti	Ae. aegypti
A0A903UHQ3	1	U-01	aegypti	Ae. aegypti
A0A903UHT6	1	U-01	aegypti	Ae. aegypti
A0A903UI01	1	U-01	aegypti	Ae. aegypti
A0A903UIC5	2	U-02	aegypti	Ae. aegypti
A0A903UIC8	1	U-01	aegypti	Ae. aegypti
A0A903UIG4	1	U-01	aegypti	Ae. aegypti
A0A903UIH1	1	U-01	aegypti	Ae. aegypti
A0A903UII6	2	U-02	aegypti	Ae. aegypti
A0A903UIN1	0	unassigned	aegypti	Ae. aegypti
A0A903UIN5	2	U-02	aegypti	Ae. aegypti
A0A903UJ15	1	U-01	aegypti	Ae. aegypti
A0A903UJ36	1	U-01	aegypti	Ae. aegypti
A0A903UJ71	2	U-02	aegypti	Ae. aegypti
A0A1S4F1R2	1	U-01	aegypti	Ae. aegypti
A0A1S4F1R4	0	unassigned	aegypti	Ae. aegypti
A0A1S4F1S9	1	U-01	aegypti	Ae. aegypti
A0A1S4F1V0	1	U-01	aegypti	Ae. aegypti
A0A1S4F1X6	0	unassigned	aegypti	Ae. aegypti
A0A1S4F1X9	1	U-01	aegypti	Ae. aegypti
A0A1S4F1Y5	1	U-01	aegypti	Ae. aegypti
A0A1S4F1Z4	0	unassigned	aegypti	Ae. aegypti
A0A1S4F202	1	U-01	aegypti	Ae. aegypti
A0A1S4F207	2	U-02	aegypti	Ae. aegypti
A0A1S4F209	0	unassigned	aegypti	Ae. aegypti
A0A1S4F211	1	U-01	aegypti	Ae. aegypti
A0A1S4F221	2	U-02	aegypti	Ae. aegypti
A0A1S4F225	2	U-02	aegypti	Ae. aegypti
A0A1S4F235	0	unassigned	aegypti	Ae. aegypti
A0A1S4F236	2	U-02	aegypti	Ae. aegypti
A0A1S4F238	2	U-02	aegypti	Ae. aegypti
A0A1S4F243	2	U-02	aegypti	Ae. aegypti
A0A1S4F250	1	U-01	aegypti	Ae. aegypti
A0A1S4F251	2	U-02	aegypti	Ae. aegypti
A0A1S4F253	1	U-01	aegypti	Ae. aegypti
A0A1S4F278	2	U-02	aegypti	Ae. aegypti
A0A1S4F287	2	U-02	aegypti	Ae. aegypti
A0A1S4F2A5	1	U-01	aegypti	Ae. aegypti
A0A1S4F2A6	2	U-02	aegypti	Ae. aegypti
A0A1S4F2B0	1	U-01	aegypti	Ae. aegypti
A0A1S4F2B4	2	U-02	aegypti	Ae. aegypti
A0A1S4F2C3	1	U-01	aegypti	Ae. aegypti
A0A1S4F2D5	2	U-02	aegypti	Ae. aegypti
A0A1S4F2D9	1	U-01	aegypti	Ae. aegypti
A0A1S4F2E7	2	U-02	aegypti	Ae. aegypti
A0A1S4F2F1	2	U-02	aegypti	Ae. aegypti
A0A1S4F2H0	2	U-02	aegypti	Ae. aegypti
A0A1S4F2H6	2	U-02	aegypti	Ae. aegypti
A0A1S4F2H8	0	unassigned	aegypti	Ae. aegypti
A0A1S4F2I4	2	U-02	aegypti	Ae. aegypti
A0A1S4F2I5	2	U-02	aegypti	Ae. aegypti
A0A1S4F2J0	1	U-01	aegypti	Ae. aegypti
A0A1S4F2K1	0	unassigned	aegypti	Ae. aegypti
A0A1S4F2K6	2	U-02	aegypti	Ae. aegypti
A0A1S4F2L2	0	unassigned	aegypti	Ae. aegypti
A0A1S4F2L4	1	U-01	aegypti	Ae. aegypti
A0A1S4F2N4	2	U-02	aegypti	Ae. aegypti
A0A1S4F2P0	0	unassigned	aegypti	Ae. aegypti
A0A1S4F2P4	2	U-02	aegypti	Ae. aegypti
A0A1S4F2R5	2	U-02	aegypti	Ae. aegypti
A0A1S4F2S0	1	U-01	aegypti	Ae. aegypti
A0A1S4F2S8	1	U-01	aegypti	Ae. aegypti
A0A1S4F2T3	1	U-01	aegypti	Ae. aegypti
A0A1S4F2U1	0	unassigned	aegypti	Ae. aegypti
A0A1S4F2U2	0	unassigned	aegypti	Ae. aegypti
A0A1S4F2U6	1	U-01	aegypti	Ae. aegypti
A0A1S4F2V2	0	unassigned	aegypti	Ae. aegypti
A0A1S4F2V6	0	unassigned	aegypti	Ae. aegypti
A0A1S4F2V9	2	U-02	aegypti	Ae. aegypti
A0A1S4F2W0	0	unassigned	aegypti	Ae. aegypti
A0A1S4F2W2	1	U-01	aegypti	Ae. aegypti
A0A1S4F2X5	1	U-01	aegypti	Ae. aegypti
A0A1S4F2X6	1	U-01	aegypti	Ae. aegypti
A0A1S4F2Y2	1	U-01	aegypti	Ae. aegypti
A0A1S4F2Z3	0	unassigned	aegypti	Ae. aegypti
A0A1S4F2Z9	0	unassigned	aegypti	Ae. aegypti
A0A1S4F301	1	U-01	aegypti	Ae. aegypti
A0A1S4F302	0	unassigned	aegypti	Ae. aegypti
A0A1S4F312	0	unassigned	aegypti	Ae. aegypti
A0A1S4F313	1	U-01	aegypti	Ae. aegypti
A0A1S4F320	1	U-01	aegypti	Ae. aegypti
A0A1S4F326	0	unassigned	aegypti	Ae. aegypti
A0A1S4F332	1	U-01	aegypti	Ae. aegypti
A0A1S4F340	1	U-01	aegypti	Ae. aegypti
A0A1S4F341	1	U-01	aegypti	Ae. aegypti
A0A1S4F343	1	U-01	aegypti	Ae. aegypti
A0A1S4F347	1	U-01	aegypti	Ae. aegypti
A0A1S4F356	2	U-02	aegypti	Ae. aegypti
A0A1S4F357	1	U-01	aegypti	Ae. aegypti
A0A1S4F392	1	U-01	aegypti	Ae. aegypti
A0A1S4F395	1	U-01	aegypti	Ae. aegypti
A0A1S4F397	2	U-02	aegypti	Ae. aegypti
A0A1S4F3A0	2	U-02	aegypti	Ae. aegypti
A0A1S4F3A2	2	U-02	aegypti	Ae. aegypti
A0A1S4F3A3	1	U-01	aegypti	Ae. aegypti
A0A1S4F3A4	2	U-02	aegypti	Ae. aegypti
A0A1S4F3A6	1	U-01	aegypti	Ae. aegypti
A0A1S4F3B9	1	U-01	aegypti	Ae. aegypti
A0A1S4F3C0	1	U-01	aegypti	Ae. aegypti
A0A1S4F3D0	1	U-01	aegypti	Ae. aegypti
A0A1S4F3D5	1	U-01	aegypti	Ae. aegypti
A0A1S4F3D9	0	unassigned	aegypti	Ae. aegypti
A0A1S4F3E9	1	U-01	aegypti	Ae. aegypti
A0A1S4F3F1	2	U-02	aegypti	Ae. aegypti
A0A1S4F3F3	0	unassigned	aegypti	Ae. aegypti
A0A1S4F3G7	0	unassigned	aegypti	Ae. aegypti
A0A1S4F3H2	1	U-01	aegypti	Ae. aegypti
A0A1S4F3H3	0	unassigned	aegypti	Ae. aegypti
A0A1S4F3I3	1	U-01	aegypti	Ae. aegypti
A0A1S4F3I6	1	U-01	aegypti	Ae. aegypti
A0A1S4F3J3	2	U-02	aegypti	Ae. aegypti
A0A1S4F3J8	1	U-01	aegypti	Ae. aegypti
A0A1S4F3K1	1	U-01	aegypti	Ae. aegypti
A0A1S4F3K2	1	U-01	aegypti	Ae. aegypti
A0A1S4F3K8	1	U-01	aegypti	Ae. aegypti
A0A1S4F3N2	1	U-01	aegypti	Ae. aegypti
A0A1S4F3P2	2	U-02	aegypti	Ae. aegypti
A0A1S4F3P7	1	U-01	aegypti	Ae. aegypti
A0A1S4F3P9	1	U-01	aegypti	Ae. aegypti
A0A1S4F3Q2	0	unassigned	aegypti	Ae. aegypti
A0A1S4F3Q7	0	unassigned	aegypti	Ae. aegypti
A0A1S4F3R1	2	U-02	aegypti	Ae. aegypti
A0A1S4F3R4	1	U-01	aegypti	Ae. aegypti
A0A1S4F3R6	1	U-01	aegypti	Ae. aegypti
A0A1S4F3S0	2	U-02	aegypti	Ae. aegypti
A0A1S4F3U0	1	U-01	aegypti	Ae. aegypti
A0A1S4F3V3	0	unassigned	aegypti	Ae. aegypti
A0A1S4F3V7	1	U-01	aegypti	Ae. aegypti
A0A1S4F3V8	0	unassigned	aegypti	Ae. aegypti
A0A1S4F3W2	1	U-01	aegypti	Ae. aegypti
A0A1S4F3W3	1	U-01	aegypti	Ae. aegypti
A0A1S4F3W5	1	U-01	aegypti	Ae. aegypti
A0A1S4F3X9	2	U-02	aegypti	Ae. aegypti
A0A1S4F3Y2	0	unassigned	aegypti	Ae. aegypti
A0A1S4F3Y4	1	U-01	aegypti	Ae. aegypti
A0A1S4F3Y8	2	U-02	aegypti	Ae. aegypti
A0A1S4F3Z5	1	U-01	aegypti	Ae. aegypti
A0A1S4F400	0	unassigned	aegypti	Ae. aegypti
A0A1S4F410	0	unassigned	aegypti	Ae. aegypti
A0A1S4F422	2	U-02	aegypti	Ae. aegypti
A0A1S4F424	2	U-02	aegypti	Ae. aegypti
A0A1S4F434	1	U-01	aegypti	Ae. aegypti
A0A1S4F436	0	unassigned	aegypti	Ae. aegypti
A0A1S4F438	1	U-01	aegypti	Ae. aegypti
A0A1S4F440	2	U-02	aegypti	Ae. aegypti
A0A1S4F441	0	unassigned	aegypti	Ae. aegypti
A0A1S4F445	2	U-02	aegypti	Ae. aegypti
A0A1S4F452	2	U-02	aegypti	Ae. aegypti
A0A1S4F453	1	U-01	aegypti	Ae. aegypti
A0A1S4F454	2	U-02	aegypti	Ae. aegypti
A0A1S4F456	1	U-01	aegypti	Ae. aegypti
A0A1S4F464	2	U-02	aegypti	Ae. aegypti
A0A1S4F467	1	U-01	aegypti	Ae. aegypti
A0A1S4F471	0	unassigned	aegypti	Ae. aegypti
A0A1S4F473	1	U-01	aegypti	Ae. aegypti
A0A6I8TMB2	1	U-01	aegypti	Ae. aegypti
A0A6I8TMC9	2	U-02	aegypti	Ae. aegypti
A0A6I8TMD0	1	U-01	aegypti	Ae. aegypti
A0A6I8TMD6	1	U-01	aegypti	Ae. aegypti
A0A6I8TME0	1	U-01	aegypti	Ae. aegypti
A0A6I8TME6	1	U-01	aegypti	Ae. aegypti
A0A6I8TME9	1	U-01	aegypti	Ae. aegypti
A0A6I8TMF4	1	U-01	aegypti	Ae. aegypti
A0A6I8TMF8	1	U-01	aegypti	Ae. aegypti
A0A6I8TMF9	1	U-01	aegypti	Ae. aegypti
A0A6I8TMG2	2	U-02	aegypti	Ae. aegypti
A0A6I8TMG5	1	U-01	aegypti	Ae. aegypti
A0A6I8TMG7	1	U-01	aegypti	Ae. aegypti
A0A6I8TMH1	1	U-01	aegypti	Ae. aegypti
A0A6I8TMH5	0	unassigned	aegypti	Ae. aegypti
A0A6I8TMH7	1	U-01	aegypti	Ae. aegypti
A0A6I8TMI0	2	U-02	aegypti	Ae. aegypti
A0A6I8TMI2	1	U-01	aegypti	Ae. aegypti
A0A6I8TMI5	1	U-01	aegypti	Ae. aegypti
A0A6I8TMI6	1	U-01	aegypti	Ae. aegypti
A0A6I8TMJ4	2	U-02	aegypti	Ae. aegypti
A0A6I8TMJ6	1	U-01	aegypti	Ae. aegypti
A0A6I8TMJ8	1	U-01	aegypti	Ae. aegypti
A0A6I8TMK8	1	U-01	aegypti	Ae. aegypti
A0A6I8TML2	1	U-01	aegypti	Ae. aegypti
A0A6I8TML6	1	U-01	aegypti	Ae. aegypti
A0A6I8TML8	0	unassigned	aegypti	Ae. aegypti
A0A6I8TMM1	1	U-01	aegypti	Ae. aegypti
A0A6I8TMM4	1	U-01	aegypti	Ae. aegypti
A0A6I8TMN0	1	U-01	aegypti	Ae. aegypti
A0A6I8TMN2	1	U-01	aegypti	Ae. aegypti
A0A6I8TMN5	1	U-01	aegypti	Ae. aegypti
A0A6I8TMN9	1	U-01	aegypti	Ae. aegypti
A0A6I8TMP5	1	U-01	aegypti	Ae. aegypti
A0A6I8TMP7	2	U-02	aegypti	Ae. aegypti
A0A6I8TMR5	1	U-01	aegypti	Ae. aegypti
A0A6I8TMS5	1	U-01	aegypti	Ae. aegypti
A0A6I8TMS9	1	U-01	aegypti	Ae. aegypti
A0A6I8TMT1	1	U-01	aegypti	Ae. aegypti
A0A6I8TMT7	1	U-01	aegypti	Ae. aegypti
A0A6I8TMT9	1	U-01	aegypti	Ae. aegypti
A0A6I8TMU0	1	U-01	aegypti	Ae. aegypti
A0A6I8TMU2	1	U-01	aegypti	Ae. aegypti
A0A6I8TMU4	2	U-02	aegypti	Ae. aegypti
A0A6I8TMU7	1	U-01	aegypti	Ae. aegypti
A0A6I8TMU8	1	U-01	aegypti	Ae. aegypti
A0A6I8TMV0	1	U-01	aegypti	Ae. aegypti
A0A6I8TMV1	1	U-01	aegypti	Ae. aegypti
A0A6I8TMV4	2	U-02	aegypti	Ae. aegypti
A0A6I8TMV8	1	U-01	aegypti	Ae. aegypti
A0A6I8TMW0	1	U-01	aegypti	Ae. aegypti
A0A6I8TMW2	1	U-01	aegypti	Ae. aegypti
A0A6I8TMX1	1	U-01	aegypti	Ae. aegypti
A0A6I8TMX2	1	U-01	aegypti	Ae. aegypti
A0A6I8TMX3	1	U-01	aegypti	Ae. aegypti
A0A6I8TMX6	1	U-01	aegypti	Ae. aegypti
A0A6I8TMX7	1	U-01	aegypti	Ae. aegypti
A0A6I8TMX8	2	U-02	aegypti	Ae. aegypti
A0A6I8TMX9	1	U-01	aegypti	Ae. aegypti
A0A6I8TMY0	2	U-02	aegypti	Ae. aegypti
A0A6I8TMY1	1	U-01	aegypti	Ae. aegypti
A0A6I8TMY3	2	U-02	aegypti	Ae. aegypti
A0A6I8TMY9	1	U-01	aegypti	Ae. aegypti
A0A6I8TMZ0	1	U-01	aegypti	Ae. aegypti
A0A6I8TMZ4	2	U-02	aegypti	Ae. aegypti
A0A6I8TMZ5	1	U-01	aegypti	Ae. aegypti
A0A6I8TN02	1	U-01	aegypti	Ae. aegypti
A0A6I8TN04	2	U-02	aegypti	Ae. aegypti
A0A6I8TN05	1	U-01	aegypti	Ae. aegypti
A0A6I8TN08	1	U-01	aegypti	Ae. aegypti
A0A6I8TN09	1	U-01	aegypti	Ae. aegypti
A0A6I8TN14	1	U-01	aegypti	Ae. aegypti
A0A6I8TN18	2	U-02	aegypti	Ae. aegypti
A0A6I8TN19	1	U-01	aegypti	Ae. aegypti
A0A6I8TN21	1	U-01	aegypti	Ae. aegypti
A0A6I8TN24	1	U-01	aegypti	Ae. aegypti
A0A6I8TN29	1	U-01	aegypti	Ae. aegypti
A0A6I8TN33	1	U-01	aegypti	Ae. aegypti
A0A6I8TN34	1	U-01	aegypti	Ae. aegypti
A0A6I8TN37	1	U-01	aegypti	Ae. aegypti
A0A6I8TN40	1	U-01	aegypti	Ae. aegypti
A0A6I8TN41	1	U-01	aegypti	Ae. aegypti
A0A6I8TN48	1	U-01	aegypti	Ae. aegypti
A0A6I8TN49	1	U-01	aegypti	Ae. aegypti
A0A6I8TN50	1	U-01	aegypti	Ae. aegypti
A0A6I8TN52	2	U-02	aegypti	Ae. aegypti
A0A6I8TN58	0	unassigned	aegypti	Ae. aegypti
A0A6I8TN64	1	U-01	aegypti	Ae. aegypti
A0A6I8TN69	1	U-01	aegypti	Ae. aegypti
A0A6I8TN72	1	U-01	aegypti	Ae. aegypti
A0A6I8TN75	1	U-01	aegypti	Ae. aegypti
A0A6I8TN77	1	U-01	aegypti	Ae. aegypti
A0A6I8TN78	1	U-01	aegypti	Ae. aegypti
A0A6I8TN79	1	U-01	aegypti	Ae. aegypti
A0A6I8TN83	1	U-01	aegypti	Ae. aegypti
A0A6I8TN89	1	U-01	aegypti	Ae. aegypti
A0A6I8TN90	1	U-01	aegypti	Ae. aegypti
A0A6I8TN91	0	unassigned	aegypti	Ae. aegypti
A0A6I8TN95	1	U-01	aegypti	Ae. aegypti
A0A6I8TN98	1	U-01	aegypti	Ae. aegypti
A0A6I8TNA9	1	U-01	aegypti	Ae. aegypti
A0A6I8TNB0	1	U-01	aegypti	Ae. aegypti
A0A6I8TNB1	0	unassigned	aegypti	Ae. aegypti
A0A6I8TNB5	0	unassigned	aegypti	Ae. aegypti
A0A6I8TNB6	0	unassigned	aegypti	Ae. aegypti
A0A6I8TNC3	0	unassigned	aegypti	Ae. aegypti
A0A6I8TNC5	0	unassigned	aegypti	Ae. aegypti
A0A6I8TND1	0	unassigned	aegypti	Ae. aegypti
A0A6I8TND3	2	U-02	aegypti	Ae. aegypti
A0A6I8TND4	0	unassigned	aegypti	Ae. aegypti
A0A6I8TND6	1	U-01	aegypti	Ae. aegypti
A0A6I8TNE9	0	unassigned	aegypti	Ae. aegypti
A0A6I8TNF1	2	U-02	aegypti	Ae. aegypti
A0A6I8TNF3	1	U-01	aegypti	Ae. aegypti
A0A6I8TNF5	1	U-01	aegypti	Ae. aegypti
A0A6I8TNG2	1	U-01	aegypti	Ae. aegypti
A0A6I8TNG4	1	U-01	aegypti	Ae. aegypti
A0A6I8TNG8	1	U-01	aegypti	Ae. aegypti
A0A6I8TNG9	1	U-01	aegypti	Ae. aegypti
A0A6I8TNH0	1	U-01	aegypti	Ae. aegypti
A0A6I8TNH2	1	U-01	aegypti	Ae. aegypti
A0A6I8TNI3	1	U-01	aegypti	Ae. aegypti
A0A6I8TNI9	0	unassigned	aegypti	Ae. aegypti
A0A6I8TNJ4	1	U-01	aegypti	Ae. aegypti
A0A6I8TNJ6	2	U-02	aegypti	Ae. aegypti
A0A6I8TNJ7	1	U-01	aegypti	Ae. aegypti
A0A6I8TNJ9	1	U-01	aegypti	Ae. aegypti
A0A6I8TNK1	1	U-01	aegypti	Ae. aegypti
A0A6I8TNK2	1	U-01	aegypti	Ae. aegypti
A0A6I8TNK5	1	U-01	aegypti	Ae. aegypti
A0A6I8TNK8	2	U-02	aegypti	Ae. aegypti
A0A6I8TNK9	1	U-01	aegypti	Ae. aegypti
A0A6I8TNL4	2	U-02	aegypti	Ae. aegypti
A0A6I8TNL6	1	U-01	aegypti	Ae. aegypti
A0A6I8TNL7	1	U-01	aegypti	Ae. aegypti
A0A6I8TNL8	2	U-02	aegypti	Ae. aegypti
A0A6I8TNL9	1	U-01	aegypti	Ae. aegypti
A0A6I8TNM2	0	unassigned	aegypti	Ae. aegypti
A0A6I8TNM3	1	U-01	aegypti	Ae. aegypti
A0A6I8TNM8	2	U-02	aegypti	Ae. aegypti
A0A6I8TNN1	1	U-01	aegypti	Ae. aegypti
A0A6I8TNN5	2	U-02	aegypti	Ae. aegypti
A0A6I8TNN6	2	U-02	aegypti	Ae. aegypti
A0A6I8TNN7	1	U-01	aegypti	Ae. aegypti
A0A6I8TNN8	1	U-01	aegypti	Ae. aegypti
A0A6I8TNP0	0	unassigned	aegypti	Ae. aegypti
A0A6I8TNP1	1	U-01	aegypti	Ae. aegypti
A0A6I8TNP2	0	unassigned	aegypti	Ae. aegypti
A0A6I8TNP5	1	U-01	aegypti	Ae. aegypti
A0A6I8TNP6	0	unassigned	aegypti	Ae. aegypti
A0A6I8TNP8	1	U-01	aegypti	Ae. aegypti
A0A6I8TNQ0	2	U-02	aegypti	Ae. aegypti
A0A6I8TNQ2	1	U-01	aegypti	Ae. aegypti
A0A6I8TNQ4	1	U-01	aegypti	Ae. aegypti
A0A6I8TNQ5	1	U-01	aegypti	Ae. aegypti
A0A6I8TNQ7	0	unassigned	aegypti	Ae. aegypti
A0A6I8TNQ8	1	U-01	aegypti	Ae. aegypti
A0A6I8TNR0	1	U-01	aegypti	Ae. aegypti
A0A6I8TNR5	1	U-01	aegypti	Ae. aegypti
Q173X0	1	U-01	aegypti	Ae. aegypti
Q173X5	1	U-01	aegypti	Ae. aegypti
Q173Y9	1	U-01	aegypti	Ae. aegypti
Q173Z6	2	U-02	aegypti	Ae. aegypti
Q173Z7	2	U-02	aegypti	Ae. aegypti
Q173Z9	1	U-01	aegypti	Ae. aegypti
Q174A1	1	U-01	aegypti	Ae. aegypti
Q174C2	1	U-01	aegypti	Ae. aegypti
Q174D3	1	U-01	aegypti	Ae. aegypti
Q174D7	1	U-01	aegypti	Ae. aegypti
Q174E0	1	U-01	aegypti	Ae. aegypti
Q174E3	2	U-02	aegypti	Ae. aegypti
Q174H3	1	U-01	aegypti	Ae. aegypti
Q174I7	1	U-01	aegypti	Ae. aegypti
Q174K1	1	U-01	aegypti	Ae. aegypti
Q174K2	1	U-01	aegypti	Ae. aegypti
Q174K5	1	U-01	aegypti	Ae. aegypti
Q174K7	1	U-01	aegypti	Ae. aegypti
Q174L1	0	unassigned	aegypti	Ae. aegypti
Q174L5	1	U-01	aegypti	Ae. aegypti
Q174N9	1	U-01	aegypti	Ae. aegypti
Q174P1	1	U-01	aegypti	Ae. aegypti
Q174Q1	1	U-01	aegypti	Ae. aegypti
Q174Q3	1	U-01	aegypti	Ae. aegypti
Q174Q5	1	U-01	aegypti	Ae. aegypti
Q174Q8	1	U-01	aegypti	Ae. aegypti
Q174R4	1	U-01	aegypti	Ae. aegypti
Q174T2	0	unassigned	aegypti	Ae. aegypti
Q174T3	0	unassigned	aegypti	Ae. aegypti
Q174T4	0	unassigned	aegypti	Ae. aegypti
Q174T7	1	U-01	aegypti	Ae. aegypti
Q174T9	1	U-01	aegypti	Ae. aegypti
Q174U0	0	unassigned	aegypti	Ae. aegypti
Q174U8	1	U-01	aegypti	Ae. aegypti
Q174W6	1	U-01	aegypti	Ae. aegypti
Q174X0	1	U-01	aegypti	Ae. aegypti
Q174X1	1	U-01	aegypti	Ae. aegypti
Q174X3	1	U-01	aegypti	Ae. aegypti
Q174X5	1	U-01	aegypti	Ae. aegypti
Q174X6	1	U-01	aegypti	Ae. aegypti
Q174Y1	1	U-01	aegypti	Ae. aegypti
Q174Y9	1	U-01	aegypti	Ae. aegypti
Q174Z8	1	U-01	aegypti	Ae. aegypti
Q175A4	1	U-01	aegypti	Ae. aegypti
Q175A5	1	U-01	aegypti	Ae. aegypti
Q175A6	1	U-01	aegypti	Ae. aegypti
Q175A7	1	U-01	aegypti	Ae. aegypti
Q175B2	1	U-01	aegypti	Ae. aegypti
Q175B6	1	U-01	aegypti	Ae. aegypti
Q175F3	1	U-01	aegypti	Ae. aegypti
Q175H1	1	U-01	aegypti	Ae. aegypti
Q175H4	1	U-01	aegypti	Ae. aegypti
Q175I0	1	U-01	aegypti	Ae. aegypti
Q175I3	1	U-01	aegypti	Ae. aegypti
Q175I8	2	U-02	aegypti	Ae. aegypti
Q175L0	1	U-01	aegypti	Ae. aegypti
Q175Q3	1	U-01	aegypti	Ae. aegypti
Q175S0	2	U-02	aegypti	Ae. aegypti
Q175S2	2	U-02	aegypti	Ae. aegypti
Q175U3	2	U-02	aegypti	Ae. aegypti
Q175U5	1	U-01	aegypti	Ae. aegypti
Q175U7	1	U-01	aegypti	Ae. aegypti
Q175U9	1	U-01	aegypti	Ae. aegypti
Q175V9	1	U-01	aegypti	Ae. aegypti
Q175W5	1	U-01	aegypti	Ae. aegypti
Q175W7	0	unassigned	aegypti	Ae. aegypti
Q175W8	0	unassigned	aegypti	Ae. aegypti
Q175W9	1	U-01	aegypti	Ae. aegypti
Q175X8	1	U-01	aegypti	Ae. aegypti
Q176A8	1	U-01	aegypti	Ae. aegypti
Q176A9	1	U-01	aegypti	Ae. aegypti
Q176B0	1	U-01	aegypti	Ae. aegypti
Q176C1	1	U-01	aegypti	Ae. aegypti
Q176C2	1	U-01	aegypti	Ae. aegypti
Q176C3	1	U-01	aegypti	Ae. aegypti
Q176C4	1	U-01	aegypti	Ae. aegypti
Q176C9	1	U-01	aegypti	Ae. aegypti
Q176D0	1	U-01	aegypti	Ae. aegypti
Q176D1	1	U-01	aegypti	Ae. aegypti
Q176D2	1	U-01	aegypti	Ae. aegypti
Q176D5	2	U-02	aegypti	Ae. aegypti
Q176D9	2	U-02	aegypti	Ae. aegypti
Q176G2	1	U-01	aegypti	Ae. aegypti
Q176H9	2	U-02	aegypti	Ae. aegypti
Q176I2	1	U-01	aegypti	Ae. aegypti
Q176I3	2	U-02	aegypti	Ae. aegypti
Q176I5	1	U-01	aegypti	Ae. aegypti
Q176J4	2	U-02	aegypti	Ae. aegypti
Q176J9	1	U-01	aegypti	Ae. aegypti
Q176L8	2	U-02	aegypti	Ae. aegypti
Q176M6	1	U-01	aegypti	Ae. aegypti
Q176R1	1	U-01	aegypti	Ae. aegypti
Q176S8	1	U-01	aegypti	Ae. aegypti
Q176S9	1	U-01	aegypti	Ae. aegypti
Q176T5	1	U-01	aegypti	Ae. aegypti
Q176V0	1	U-01	aegypti	Ae. aegypti
Q176V4	0	unassigned	aegypti	Ae. aegypti
Q176W6	2	U-02	aegypti	Ae. aegypti
Q176W7	2	U-02	aegypti	Ae. aegypti
Q176W9	1	U-01	aegypti	Ae. aegypti
Q177A7	1	U-01	aegypti	Ae. aegypti
Q177A9	1	U-01	aegypti	Ae. aegypti
Q177B1	2	U-02	aegypti	Ae. aegypti
Q177B5	1	U-01	aegypti	Ae. aegypti
Q177C2	1	U-01	aegypti	Ae. aegypti
Q177C9	1	U-01	aegypti	Ae. aegypti
Q177E2	1	U-01	aegypti	Ae. aegypti
Q177F9	1	U-01	aegypti	Ae. aegypti
Q177G0	1	U-01	aegypti	Ae. aegypti
Q177G4	1	U-01	aegypti	Ae. aegypti
Q177G6	1	U-01	aegypti	Ae. aegypti
Q177G7	1	U-01	aegypti	Ae. aegypti
Q177G8	1	U-01	aegypti	Ae. aegypti
Q177H6	1	U-01	aegypti	Ae. aegypti
Q177I6	1	U-01	aegypti	Ae. aegypti
Q177I9	1	U-01	aegypti	Ae. aegypti
Q177J0	1	U-01	aegypti	Ae. aegypti
Q177J8	1	U-01	aegypti	Ae. aegypti
Q177M4	1	U-01	aegypti	Ae. aegypti
Q177P8	1	U-01	aegypti	Ae. aegypti
Q177R1	1	U-01	aegypti	Ae. aegypti
Q177R6	0	unassigned	aegypti	Ae. aegypti
Q177S3	1	U-01	aegypti	Ae. aegypti
Q177S6	1	U-01	aegypti	Ae. aegypti
Q177S7	1	U-01	aegypti	Ae. aegypti
Q177U0	2	U-02	aegypti	Ae. aegypti
Q177U5	1	U-01	aegypti	Ae. aegypti
Q177V7	1	U-01	aegypti	Ae. aegypti
Q177W9	1	U-01	aegypti	Ae. aegypti
Q177X4	0	unassigned	aegypti	Ae. aegypti
Q177Y5	1	U-01	aegypti	Ae. aegypti
Q177Z0	1	U-01	aegypti	Ae. aegypti
Q178A5	1	U-01	aegypti	Ae. aegypti
Q178B7	1	U-01	aegypti	Ae. aegypti
Q178E1	1	U-01	aegypti	Ae. aegypti
Q178E6	1	U-01	aegypti	Ae. aegypti
Q178G7	1	U-01	aegypti	Ae. aegypti
Q178G8	1	U-01	aegypti	Ae. aegypti
Q178H0	1	U-01	aegypti	Ae. aegypti
Q178I1	0	unassigned	aegypti	Ae. aegypti
Q178J2	1	U-01	aegypti	Ae. aegypti
Q178J5	1	U-01	aegypti	Ae. aegypti
Q178L3	1	U-01	aegypti	Ae. aegypti
Q178L7	1	U-01	aegypti	Ae. aegypti
Q178M6	1	U-01	aegypti	Ae. aegypti
Q178N2	1	U-01	aegypti	Ae. aegypti
Q178R6	1	U-01	aegypti	Ae. aegypti
Q178T8	0	unassigned	aegypti	Ae. aegypti
Q178U3	0	unassigned	aegypti	Ae. aegypti
Q178U8	1	U-01	aegypti	Ae. aegypti
Q178U9	1	U-01	aegypti	Ae. aegypti
Q178V4	2	U-02	aegypti	Ae. aegypti
Q178V8	2	U-02	aegypti	Ae. aegypti
Q178W1	2	U-02	aegypti	Ae. aegypti
Q178X5	1	U-01	aegypti	Ae. aegypti
Q178Y1	1	U-01	aegypti	Ae. aegypti
Q179A1	1	U-01	aegypti	Ae. aegypti
Q179B4	1	U-01	aegypti	Ae. aegypti
Q179B9	0	unassigned	aegypti	Ae. aegypti
Q179F4	1	U-01	aegypti	Ae. aegypti
Q179F9	1	U-01	aegypti	Ae. aegypti
Q179G8	0	unassigned	aegypti	Ae. aegypti
Q179G9	0	unassigned	aegypti	Ae. aegypti
Q179H3	1	U-01	aegypti	Ae. aegypti
Q179I3	2	U-02	aegypti	Ae. aegypti
Q179I4	2	U-02	aegypti	Ae. aegypti
Q179I6	2	U-02	aegypti	Ae. aegypti
Q179I8	2	U-02	aegypti	Ae. aegypti
Q179I9	2	U-02	aegypti	Ae. aegypti
Q179J0	2	U-02	aegypti	Ae. aegypti
Q179J8	1	U-01	aegypti	Ae. aegypti
Q179J9	1	U-01	aegypti	Ae. aegypti
Q179M8	1	U-01	aegypti	Ae. aegypti
Q179R9	2	U-02	aegypti	Ae. aegypti
Q179S1	1	U-01	aegypti	Ae. aegypti
Q179S9	1	U-01	aegypti	Ae. aegypti
Q179T0	1	U-01	aegypti	Ae. aegypti
Q179X8	1	U-01	aegypti	Ae. aegypti
Q179Y9	1	U-01	aegypti	Ae. aegypti
Q179Z5	1	U-01	aegypti	Ae. aegypti
Q17A03	2	U-02	aegypti	Ae. aegypti
Q17A06	1	U-01	aegypti	Ae. aegypti
Q17A23	1	U-01	aegypti	Ae. aegypti
Q17A27	1	U-01	aegypti	Ae. aegypti
Q17A38	1	U-01	aegypti	Ae. aegypti
Q17A41	1	U-01	aegypti	Ae. aegypti
Q17A42	1	U-01	aegypti	Ae. aegypti
Q17A43	1	U-01	aegypti	Ae. aegypti
Q17A44	1	U-01	aegypti	Ae. aegypti
Q17A45	1	U-01	aegypti	Ae. aegypti
Q17A51	0	unassigned	aegypti	Ae. aegypti
Q17A52	0	unassigned	aegypti	Ae. aegypti
Q17A53	0	unassigned	aegypti	Ae. aegypti
Q17A54	1	U-01	aegypti	Ae. aegypti
Q17A56	1	U-01	aegypti	Ae. aegypti
Q17A67	1	U-01	aegypti	Ae. aegypti
Q17A97	1	U-01	aegypti	Ae. aegypti
Q17A98	1	U-01	aegypti	Ae. aegypti
Q17AA0	1	U-01	aegypti	Ae. aegypti
Q17AB8	1	U-01	aegypti	Ae. aegypti
Q17AB9	1	U-01	aegypti	Ae. aegypti
Q17AC0	1	U-01	aegypti	Ae. aegypti
Q17AG0	1	U-01	aegypti	Ae. aegypti
Q17AG6	1	U-01	aegypti	Ae. aegypti
Q17AG8	1	U-01	aegypti	Ae. aegypti
Q17AJ2	1	U-01	aegypti	Ae. aegypti
Q17AJ3	1	U-01	aegypti	Ae. aegypti
Q17AJ7	1	U-01	aegypti	Ae. aegypti
Q17AN4	2	U-02	aegypti	Ae. aegypti
Q17AP8	1	U-01	aegypti	Ae. aegypti
Q17AR5	1	U-01	aegypti	Ae. aegypti
Q17AS1	2	U-02	aegypti	Ae. aegypti
Q17AX1	1	U-01	aegypti	Ae. aegypti
Q17AX3	1	U-01	aegypti	Ae. aegypti
Q17AY7	1	U-01	aegypti	Ae. aegypti
Q17AZ3	0	unassigned	aegypti	Ae. aegypti
Q17B00	1	U-01	aegypti	Ae. aegypti
Q17B03	2	U-02	aegypti	Ae. aegypti
Q17B05	1	U-01	aegypti	Ae. aegypti
Q17B42	1	U-01	aegypti	Ae. aegypti
Q17B45	1	U-01	aegypti	Ae. aegypti
Q17B46	1	U-01	aegypti	Ae. aegypti
Q17B53	1	U-01	aegypti	Ae. aegypti
Q17B57	1	U-01	aegypti	Ae. aegypti
Q17B90	1	U-01	aegypti	Ae. aegypti
Q17BA4	1	U-01	aegypti	Ae. aegypti
Q17BA6	2	U-02	aegypti	Ae. aegypti
Q17BA8	1	U-01	aegypti	Ae. aegypti
Q17BA9	1	U-01	aegypti	Ae. aegypti
Q17BB0	1	U-01	aegypti	Ae. aegypti
Q17BB3	1	U-01	aegypti	Ae. aegypti
Q17BB4	1	U-01	aegypti	Ae. aegypti
Q17BB7	1	U-01	aegypti	Ae. aegypti
Q17BB8	1	U-01	aegypti	Ae. aegypti
Q17BC2	1	U-01	aegypti	Ae. aegypti
Q17BE1	1	U-01	aegypti	Ae. aegypti
Q17BE2	2	U-02	aegypti	Ae. aegypti
Q17BE4	2	U-02	aegypti	Ae. aegypti
Q17BE5	1	U-01	aegypti	Ae. aegypti
Q17BE9	1	U-01	aegypti	Ae. aegypti
Q17BG0	1	U-01	aegypti	Ae. aegypti
Q17BG1	1	U-01	aegypti	Ae. aegypti
Q17BI0	1	U-01	aegypti	Ae. aegypti
Q17BI1	1	U-01	aegypti	Ae. aegypti
Q17BK5	1	U-01	aegypti	Ae. aegypti
Q17BL1	2	U-02	aegypti	Ae. aegypti
Q17BL6	1	U-01	aegypti	Ae. aegypti
Q17BL7	1	U-01	aegypti	Ae. aegypti
Q17BN4	1	U-01	aegypti	Ae. aegypti
Q17BN9	1	U-01	aegypti	Ae. aegypti
Q17BP3	1	U-01	aegypti	Ae. aegypti
Q17BP4	1	U-01	aegypti	Ae. aegypti
Q17BQ1	0	unassigned	aegypti	Ae. aegypti
Q17BS5	1	U-01	aegypti	Ae. aegypti
Q17BS7	0	unassigned	aegypti	Ae. aegypti
Q17BT9	1	U-01	aegypti	Ae. aegypti
Q17BV0	1	U-01	aegypti	Ae. aegypti
Q17BX1	1	U-01	aegypti	Ae. aegypti
Q17BX2	1	U-01	aegypti	Ae. aegypti
Q17BY1	1	U-01	aegypti	Ae. aegypti
Q17BY2	1	U-01	aegypti	Ae. aegypti
Q17BY3	1	U-01	aegypti	Ae. aegypti
Q17BY4	1	U-01	aegypti	Ae. aegypti
Q17BY9	1	U-01	aegypti	Ae. aegypti
Q17BZ8	1	U-01	aegypti	Ae. aegypti
Q17C24	1	U-01	aegypti	Ae. aegypti
Q17C29	1	U-01	aegypti	Ae. aegypti
Q17C36	1	U-01	aegypti	Ae. aegypti
Q17C43	1	U-01	aegypti	Ae. aegypti
Q17C44	2	U-02	aegypti	Ae. aegypti
Q17C45	1	U-01	aegypti	Ae. aegypti
Q17C71	1	U-01	aegypti	Ae. aegypti
Q17C72	1	U-01	aegypti	Ae. aegypti
Q17C74	1	U-01	aegypti	Ae. aegypti
Q17C79	1	U-01	aegypti	Ae. aegypti
Q17C80	1	U-01	aegypti	Ae. aegypti
Q17CE6	1	U-01	aegypti	Ae. aegypti
Q17CE7	1	U-01	aegypti	Ae. aegypti
Q17CF0	1	U-01	aegypti	Ae. aegypti
Q17CH9	1	U-01	aegypti	Ae. aegypti
Q17CI5	1	U-01	aegypti	Ae. aegypti
Q17CK2	1	U-01	aegypti	Ae. aegypti
Q17CL5	1	U-01	aegypti	Ae. aegypti
Q17CL6	1	U-01	aegypti	Ae. aegypti
Q17CP2	1	U-01	aegypti	Ae. aegypti
Q17CP8	2	U-02	aegypti	Ae. aegypti
Q17CQ5	1	U-01	aegypti	Ae. aegypti
Q17CQ6	1	U-01	aegypti	Ae. aegypti
Q17CQ7	1	U-01	aegypti	Ae. aegypti
Q17CQ8	1	U-01	aegypti	Ae. aegypti
Q17CR7	1	U-01	aegypti	Ae. aegypti
Q17CS9	1	U-01	aegypti	Ae. aegypti
Q17CT0	1	U-01	aegypti	Ae. aegypti
Q17CT4	1	U-01	aegypti	Ae. aegypti
Q17CT5	1	U-01	aegypti	Ae. aegypti
Q17CT6	1	U-01	aegypti	Ae. aegypti
Q17CT7	1	U-01	aegypti	Ae. aegypti
Q17CU6	1	U-01	aegypti	Ae. aegypti
Q17CV2	2	U-02	aegypti	Ae. aegypti
Q17CV4	1	U-01	aegypti	Ae. aegypti
J9HFM9	0	unassigned	aegypti	Ae. aegypti
J9HFX8	1	U-01	aegypti	Ae. aegypti
J9HGS4	1	U-01	aegypti	Ae. aegypti
J9HHL7	0	unassigned	aegypti	Ae. aegypti
J9HHP4	1	U-01	aegypti	Ae. aegypti
J9HHX8	1	U-01	aegypti	Ae. aegypti
J9HI66	2	U-02	aegypti	Ae. aegypti
J9HID6	0	unassigned	aegypti	Ae. aegypti
J9HIW3	2	U-02	aegypti	Ae. aegypti
J9HJF8	2	U-02	aegypti	Ae. aegypti
J9HS29	2	U-02	aegypti	Ae. aegypti
J9HS73	1	U-01	aegypti	Ae. aegypti
J9HSC0	1	U-01	aegypti	Ae. aegypti
J9HSL2	1	U-01	aegypti	Ae. aegypti
J9HSZ2	2	U-02	aegypti	Ae. aegypti
J9HT92	1	U-01	aegypti	Ae. aegypti
J9HTA3	0	unassigned	aegypti	Ae. aegypti
J9HTQ2	1	U-01	aegypti	Ae. aegypti
J9HYG1	1	U-01	aegypti	Ae. aegypti
J9HYQ9	1	U-01	aegypti	Ae. aegypti
J9HZ33	1	U-01	aegypti	Ae. aegypti
J9HZ50	1	U-01	aegypti	Ae. aegypti
J9HZ76	0	unassigned	aegypti	Ae. aegypti
J9HZW5	1	U-01	aegypti	Ae. aegypti
O16110	1	U-01	aegypti	Ae. aegypti
P62251	1	U-01	aegypti	Ae. aegypti
Q0C727	1	U-01	aegypti	Ae. aegypti
Q0C728	1	U-01	aegypti	Ae. aegypti
Q0C739	1	U-01	aegypti	Ae. aegypti
Q0C785	1	U-01	aegypti	Ae. aegypti
Q0C7C4	1	U-01	aegypti	Ae. aegypti
Q0IE94	1	U-01	aegypti	Ae. aegypti
Q0IE96	1	U-01	aegypti	Ae. aegypti
Q0IEA0	1	U-01	aegypti	Ae. aegypti
Q0IED9	1	U-01	aegypti	Ae. aegypti
Q0IEE6	1	U-01	aegypti	Ae. aegypti
Q0IEF0	1	U-01	aegypti	Ae. aegypti
Q0IEG8	1	U-01	aegypti	Ae. aegypti
Q0IEH6	1	U-01	aegypti	Ae. aegypti
Q0IEH7	1	U-01	aegypti	Ae. aegypti
Q0IEI9	1	U-01	aegypti	Ae. aegypti
Q0IEJ1	1	U-01	aegypti	Ae. aegypti
Q0IEM0	1	U-01	aegypti	Ae. aegypti
Q0IEM1	1	U-01	aegypti	Ae. aegypti
Q0IEM7	1	U-01	aegypti	Ae. aegypti
Q0IES1	2	U-02	aegypti	Ae. aegypti
Q0IEU1	1	U-01	aegypti	Ae. aegypti
Q0IEW8	1	U-01	aegypti	Ae. aegypti
Q0IEX0	1	U-01	aegypti	Ae. aegypti
Q0IEY6	2	U-02	aegypti	Ae. aegypti
Q0IF00	1	U-01	aegypti	Ae. aegypti
Q0IF22	2	U-02	aegypti	Ae. aegypti
Q0IF50	1	U-01	aegypti	Ae. aegypti
Q0IF64	1	U-01	aegypti	Ae. aegypti
Q0IF69	1	U-01	aegypti	Ae. aegypti
Q0IF72	1	U-01	aegypti	Ae. aegypti
Q0IF81	2	U-02	aegypti	Ae. aegypti
Q0IF82	2	U-02	aegypti	Ae. aegypti
Q0IF83	2	U-02	aegypti	Ae. aegypti
Q0IF89	0	unassigned	aegypti	Ae. aegypti
Q0IFA2	1	U-01	aegypti	Ae. aegypti
Q0IFA9	1	U-01	aegypti	Ae. aegypti
Q0IFB0	1	U-01	aegypti	Ae. aegypti
Q0IFB5	1	U-01	aegypti	Ae. aegypti
Q0IFD0	1	U-01	aegypti	Ae. aegypti
Q0IFG8	1	U-01	aegypti	Ae. aegypti
Q0IFH7	1	U-01	aegypti	Ae. aegypti
Q0IFL5	1	U-01	aegypti	Ae. aegypti
Q0IFP7	2	U-02	aegypti	Ae. aegypti
Q0IFQ3	1	U-01	aegypti	Ae. aegypti
Q0IFQ4	1	U-01	aegypti	Ae. aegypti
Q0IFR5	1	U-01	aegypti	Ae. aegypti
Q0IFU3	1	U-01	aegypti	Ae. aegypti
Q0IFW0	1	U-01	aegypti	Ae. aegypti
Q0IFW3	1	U-01	aegypti	Ae. aegypti
Q0IFX3	1	U-01	aegypti	Ae. aegypti
Q0IFY3	1	U-01	aegypti	Ae. aegypti
Q0IFY4	1	U-01	aegypti	Ae. aegypti
Q0IFZ1	1	U-01	aegypti	Ae. aegypti
Q0IFZ5	1	U-01	aegypti	Ae. aegypti
Q0IG01	1	U-01	aegypti	Ae. aegypti
Q0IG08	0	unassigned	aegypti	Ae. aegypti
Q0IG18	1	U-01	aegypti	Ae. aegypti
Q0IG22	1	U-01	aegypti	Ae. aegypti
Q0IG24	1	U-01	aegypti	Ae. aegypti
Q0IG33	1	U-01	aegypti	Ae. aegypti
Q0IGB3	1	U-01	aegypti	Ae. aegypti
Q0IGC7	1	U-01	aegypti	Ae. aegypti
Q0IGE5	1	U-01	aegypti	Ae. aegypti
Q0IGF6	1	U-01	aegypti	Ae. aegypti
Q0IGF8	1	U-01	aegypti	Ae. aegypti
Q0PHP3	1	U-01	aegypti	Ae. aegypti
Q16E85	1	U-01	aegypti	Ae. aegypti
Q16EF6	1	U-01	aegypti	Ae. aegypti
Q16EG3	1	U-01	aegypti	Ae. aegypti
Q16EK3	1	U-01	aegypti	Ae. aegypti
Q16EQ1	1	U-01	aegypti	Ae. aegypti
Q16EQ7	1	U-01	aegypti	Ae. aegypti
Q16ET8	2	U-02	aegypti	Ae. aegypti
Q16EU5	1	U-01	aegypti	Ae. aegypti
A0A6I8TXT5	2	U-02	aegypti	Ae. aegypti
A0A6I8TXT8	1	U-01	aegypti	Ae. aegypti
A0A6I8TXT9	1	U-01	aegypti	Ae. aegypti
A0A6I8TXU2	1	U-01	aegypti	Ae. aegypti
A0A6I8TXU3	2	U-02	aegypti	Ae. aegypti
A0A6I8TXU5	1	U-01	aegypti	Ae. aegypti
A0A6I8TXV2	1	U-01	aegypti	Ae. aegypti
A0A6I8TXV7	1	U-01	aegypti	Ae. aegypti
A0A6I8TXW1	1	U-01	aegypti	Ae. aegypti
A0A6I8TXW5	1	U-01	aegypti	Ae. aegypti
A0A6I8TXW6	1	U-01	aegypti	Ae. aegypti
A0A6I8TXW7	1	U-01	aegypti	Ae. aegypti
A0A6I8TXX1	1	U-01	aegypti	Ae. aegypti
A0A6I8TXX6	1	U-01	aegypti	Ae. aegypti
A0A6I8TXX7	1	U-01	aegypti	Ae. aegypti
A0A6I8TXX9	1	U-01	aegypti	Ae. aegypti
A0A6I8TXY0	0	unassigned	aegypti	Ae. aegypti
A0A6I8TXY7	1	U-01	aegypti	Ae. aegypti
A0A6I8TXZ1	1	U-01	aegypti	Ae. aegypti
A0A6I8TXZ4	1	U-01	aegypti	Ae. aegypti
A0A6I8TXZ6	1	U-01	aegypti	Ae. aegypti
A0A6I8TXZ9	2	U-02	aegypti	Ae. aegypti
A0A6I8TY02	1	U-01	aegypti	Ae. aegypti
A0A6I8TY04	1	U-01	aegypti	Ae. aegypti
A0A6I8TY16	1	U-01	aegypti	Ae. aegypti
A0A6I8TY17	1	U-01	aegypti	Ae. aegypti
A0A6I8TY18	1	U-01	aegypti	Ae. aegypti
A0A6I8TY19	0	unassigned	aegypti	Ae. aegypti
A0A6I8TY22	0	unassigned	aegypti	Ae. aegypti
A0A6I8TY27	2	U-02	aegypti	Ae. aegypti
A0A6I8TY31	1	U-01	aegypti	Ae. aegypti
A0A6I8TY35	2	U-02	aegypti	Ae. aegypti
A0A6I8TY39	1	U-01	aegypti	Ae. aegypti
A0A6I8TY45	1	U-01	aegypti	Ae. aegypti
A0A6I8TY48	1	U-01	aegypti	Ae. aegypti
A0A6I8U9G2	0	unassigned	aegypti	Ae. aegypti
A0A6I8U9G3	1	U-01	aegypti	Ae. aegypti
A0A6I8U9H2	1	U-01	aegypti	Ae. aegypti
A0A6I8U9H3	1	U-01	aegypti	Ae. aegypti
A0A6I8U9I3	2	U-02	aegypti	Ae. aegypti
A0A6I8U9I5	2	U-02	aegypti	Ae. aegypti
A0A6I8U9I8	1	U-01	aegypti	Ae. aegypti
A0A6I8U9J0	1	U-01	aegypti	Ae. aegypti
A0A6I8U9J3	1	U-01	aegypti	Ae. aegypti
A0A6I8U9J5	1	U-01	aegypti	Ae. aegypti
A0A6I8U9K1	1	U-01	aegypti	Ae. aegypti
A0A6I8U9K5	1	U-01	aegypti	Ae. aegypti
A0A6I8U9K9	1	U-01	aegypti	Ae. aegypti
A0A6I8U9L1	1	U-01	aegypti	Ae. aegypti
A0A6I8U9L4	1	U-01	aegypti	Ae. aegypti
A0A6I8U9M2	0	unassigned	aegypti	Ae. aegypti
A0A6I8U9M6	2	U-02	aegypti	Ae. aegypti
A0A6I8U9M9	2	U-02	aegypti	Ae. aegypti
A0A6I8U9N2	1	U-01	aegypti	Ae. aegypti
A0A6I8U9N3	1	U-01	aegypti	Ae. aegypti
A0A6I8U9N4	1	U-01	aegypti	Ae. aegypti
A0A6I8U9N5	1	U-01	aegypti	Ae. aegypti
A0A6I8U9N6	1	U-01	aegypti	Ae. aegypti
A0A6I8U9N7	1	U-01	aegypti	Ae. aegypti
A0A6I8U9P0	1	U-01	aegypti	Ae. aegypti
A0A6I8U9P8	1	U-01	aegypti	Ae. aegypti
A0A6I8U9P9	2	U-02	aegypti	Ae. aegypti
A0A6I8U9Q3	1	U-01	aegypti	Ae. aegypti
A0A6I8U9R6	1	U-01	aegypti	Ae. aegypti
A0A6I8U9S1	2	U-02	aegypti	Ae. aegypti
A0A6I8U9S5	1	U-01	aegypti	Ae. aegypti
A0A6I8U9T3	2	U-02	aegypti	Ae. aegypti
A0A6I8U9T4	1	U-01	aegypti	Ae. aegypti
A0A6I8U9T5	1	U-01	aegypti	Ae. aegypti
A0A6I8U9T8	2	U-02	aegypti	Ae. aegypti
A0A6I8U9U0	1	U-01	aegypti	Ae. aegypti
A0A6I8U9U7	2	U-02	aegypti	Ae. aegypti
A0A6I8U9U8	0	unassigned	aegypti	Ae. aegypti
A0A6I8U9V0	1	U-01	aegypti	Ae. aegypti
A0A6I8U9V2	1	U-01	aegypti	Ae. aegypti
A0A6I8U9W2	1	U-01	aegypti	Ae. aegypti
A0A6I8U9W3	1	U-01	aegypti	Ae. aegypti
A0A6I8U9W8	1	U-01	aegypti	Ae. aegypti
A0A6I8U9X2	2	U-02	aegypti	Ae. aegypti
A0A6I8U9X4	1	U-01	aegypti	Ae. aegypti
A0A6I8U9X5	1	U-01	aegypti	Ae. aegypti
A0A6I8U9Y2	1	U-01	aegypti	Ae. aegypti
A0A6I8U9Y6	1	U-01	aegypti	Ae. aegypti
A0A6I8U9Y8	0	unassigned	aegypti	Ae. aegypti
A0A6I8U9Z0	2	U-02	aegypti	Ae. aegypti
A0A6I8U9Z1	2	U-02	aegypti	Ae. aegypti
A0A6I8U9Z7	1	U-01	aegypti	Ae. aegypti
A0A6I8U9Z9	2	U-02	aegypti	Ae. aegypti
A0A6I8UA05	1	U-01	aegypti	Ae. aegypti
A0A6I8UA07	1	U-01	aegypti	Ae. aegypti
A0A6I8UA08	2	U-02	aegypti	Ae. aegypti
A0A6I8UA18	0	unassigned	aegypti	Ae. aegypti
A0A6I8UA25	2	U-02	aegypti	Ae. aegypti
A0A6I8UA28	0	unassigned	aegypti	Ae. aegypti
A0A6I8UA29	0	unassigned	aegypti	Ae. aegypti
A0A6I8UA30	0	unassigned	aegypti	Ae. aegypti
A0A6I8UA31	0	unassigned	aegypti	Ae. aegypti
A0A6I8UA32	0	unassigned	aegypti	Ae. aegypti
A0A6I8UA33	0	unassigned	aegypti	Ae. aegypti
A0A6I8UA34	0	unassigned	aegypti	Ae. aegypti
A0A6I8TYG5	1	U-01	aegypti	Ae. aegypti
A0A6I8TYG7	0	unassigned	aegypti	Ae. aegypti
A0A6I8TYG9	1	U-01	aegypti	Ae. aegypti
A0A6I8TYH0	1	U-01	aegypti	Ae. aegypti
A0A6I8TYH3	2	U-02	aegypti	Ae. aegypti
A0A6I8TYH5	1	U-01	aegypti	Ae. aegypti
A0A6I8TYH7	1	U-01	aegypti	Ae. aegypti
A0A6I8TYH8	1	U-01	aegypti	Ae. aegypti
A0A6I8TYH9	1	U-01	aegypti	Ae. aegypti
A0A6I8TYI2	1	U-01	aegypti	Ae. aegypti
A0A6I8TYI4	1	U-01	aegypti	Ae. aegypti
A0A6I8TYI6	1	U-01	aegypti	Ae. aegypti
A0A6I8TYI7	1	U-01	aegypti	Ae. aegypti
A0A6I8TYI8	1	U-01	aegypti	Ae. aegypti
A0A6I8TYJ0	1	U-01	aegypti	Ae. aegypti
A0A6I8TYK1	2	U-02	aegypti	Ae. aegypti
A0A6I8TYK3	1	U-01	aegypti	Ae. aegypti
A0A6I8TYK4	0	unassigned	aegypti	Ae. aegypti
A0A6I8TYK5	1	U-01	aegypti	Ae. aegypti
A0A6I8TYL1	1	U-01	aegypti	Ae. aegypti
A0A6I8TYL5	2	U-02	aegypti	Ae. aegypti
A0A6I8TYM1	1	U-01	aegypti	Ae. aegypti
A0A6I8TYM5	0	unassigned	aegypti	Ae. aegypti
A0A6I8TYM9	0	unassigned	aegypti	Ae. aegypti
A0A6I8TYN0	1	U-01	aegypti	Ae. aegypti
A0A6I8TYN2	2	U-02	aegypti	Ae. aegypti
A0A6I8TYN5	1	U-01	aegypti	Ae. aegypti
A0A6I8TYP4	1	U-01	aegypti	Ae. aegypti
A0A6I8TYP8	1	U-01	aegypti	Ae. aegypti
A0A6I8TYQ0	1	U-01	aegypti	Ae. aegypti
A0A6I8TYQ2	0	unassigned	aegypti	Ae. aegypti
A0A6I8TYQ5	1	U-01	aegypti	Ae. aegypti
A0A6I8TYR8	2	U-02	aegypti	Ae. aegypti
A0A6I8TYS2	0	unassigned	aegypti	Ae. aegypti
A0A6I8TYS6	1	U-01	aegypti	Ae. aegypti
A0A6I8TYS9	1	U-01	aegypti	Ae. aegypti
A0A6I8TYT0	2	U-02	aegypti	Ae. aegypti
A0A6I8TYT1	2	U-02	aegypti	Ae. aegypti
A0A6I8TYT2	0	unassigned	aegypti	Ae. aegypti
A0A6I8TYT3	1	U-01	aegypti	Ae. aegypti
A0A6I8TYT7	1	U-01	aegypti	Ae. aegypti
A0A6I8TYT9	1	U-01	aegypti	Ae. aegypti
A0A6I8TYU1	1	U-01	aegypti	Ae. aegypti
A0A6I8TYU3	1	U-01	aegypti	Ae. aegypti
A0A6I8TYV5	1	U-01	aegypti	Ae. aegypti
A0A6I8TYV8	1	U-01	aegypti	Ae. aegypti
A0A6I8TYW4	1	U-01	aegypti	Ae. aegypti
A0A6I8TYW6	1	U-01	aegypti	Ae. aegypti
A0A6I8TYW8	2	U-02	aegypti	Ae. aegypti
A0A6I8TYX2	1	U-01	aegypti	Ae. aegypti
A0A6I8TYX4	2	U-02	aegypti	Ae. aegypti
A0A6I8TYX8	0	unassigned	aegypti	Ae. aegypti
A0A6I8TYY7	0	unassigned	aegypti	Ae. aegypti
A0A6I8TYY9	1	U-01	aegypti	Ae. aegypti
A0A6I8TYZ2	0	unassigned	aegypti	Ae. aegypti
A0A6I8TYZ6	0	unassigned	aegypti	Ae. aegypti
A0A6I8TYZ7	2	U-02	aegypti	Ae. aegypti
A0A6I8TYZ9	1	U-01	aegypti	Ae. aegypti
A0A6I8TZ02	0	unassigned	aegypti	Ae. aegypti
A0A6I8TZ06	2	U-02	aegypti	Ae. aegypti
A0A6I8TZ07	0	unassigned	aegypti	Ae. aegypti
A0A6I8TZ08	1	U-01	aegypti	Ae. aegypti
A0A6I8TZ11	1	U-01	aegypti	Ae. aegypti
A0A6I8TZ14	0	unassigned	aegypti	Ae. aegypti
A0A6I8TZ18	1	U-01	aegypti	Ae. aegypti
A0A6I8TZ19	1	U-01	aegypti	Ae. aegypti
A0A6I8TZ20	0	unassigned	aegypti	Ae. aegypti
A0A6I8TZ24	0	unassigned	aegypti	Ae. aegypti
A0A6I8TZ29	2	U-02	aegypti	Ae. aegypti
A0A6I8TZ31	2	U-02	aegypti	Ae. aegypti
A0A6I8TZ34	1	U-01	aegypti	Ae. aegypti
A0A6I8TZ35	0	unassigned	aegypti	Ae. aegypti
A0A6I8TZ38	1	U-01	aegypti	Ae. aegypti
A0A6I8TZ39	1	U-01	aegypti	Ae. aegypti
A0A6I8TZ41	1	U-01	aegypti	Ae. aegypti
A0A6I8TZ42	1	U-01	aegypti	Ae. aegypti
A0A8W7HU70	1	U-01	aegypti	Ae. aegypti
A0A8W7HUG7	1	U-01	aegypti	Ae. aegypti
A0A8W7HUH9	1	U-01	aegypti	Ae. aegypti
A0A8W7HVC0	1	U-01	aegypti	Ae. aegypti
A0A8W7HW23	1	U-01	aegypti	Ae. aegypti
A0A8W7HXP8	1	U-01	aegypti	Ae. aegypti
A0A8W7HYP6	2	U-02	aegypti	Ae. aegypti
A0A8W7HZG8	1	U-01	aegypti	Ae. aegypti
A0A8W7HZG9	1	U-01	aegypti	Ae. aegypti
A0A8W7HZK6	1	U-01	aegypti	Ae. aegypti
A0A8W7I120	0	unassigned	aegypti	Ae. aegypti
A0A8W7I135	1	U-01	aegypti	Ae. aegypti
A0A8W7I1S8	1	U-01	aegypti	Ae. aegypti
A0A8W7I250	1	U-01	aegypti	Ae. aegypti
A0A8W7I2Q5	1	U-01	aegypti	Ae. aegypti
A0A8W7I380	1	U-01	aegypti	Ae. aegypti
A0A8W7I3H0	1	U-01	aegypti	Ae. aegypti
A0A8W7I477	2	U-02	aegypti	Ae. aegypti
A0A8W7I6N1	1	U-01	aegypti	Ae. aegypti
A0A8W7I848	1	U-01	aegypti	Ae. aegypti
A0A8W7I8F4	1	U-01	aegypti	Ae. aegypti
A0A8W7I8G0	1	U-01	aegypti	Ae. aegypti
A0A8W7I8M7	1	U-01	aegypti	Ae. aegypti
A0A8W7I9M7	0	unassigned	aegypti	Ae. aegypti
A0A903VJU4	1	U-01	aegypti	Ae. aegypti
A0A903VJV4	1	U-01	aegypti	Ae. aegypti
A0A903VJV7	2	U-02	aegypti	Ae. aegypti
A0A903VK07	1	U-01	aegypti	Ae. aegypti
A0A903VK20	2	U-02	aegypti	Ae. aegypti
A0A903VK47	1	U-01	aegypti	Ae. aegypti
A0A903VKB6	1	U-01	aegypti	Ae. aegypti
A0A903VKC3	1	U-01	aegypti	Ae. aegypti
A0A903VKD2	1	U-01	aegypti	Ae. aegypti
A0A903VKD6	0	unassigned	aegypti	Ae. aegypti
A0A903VKH0	1	U-01	aegypti	Ae. aegypti
A0A903VKH2	1	U-01	aegypti	Ae. aegypti
A0A903VKK7	1	U-01	aegypti	Ae. aegypti
A0A903VKP0	2	U-02	aegypti	Ae. aegypti
A0A903VKP5	2	U-02	aegypti	Ae. aegypti
A0A903VKS3	2	U-02	aegypti	Ae. aegypti
A0A6I8U1N4	1	U-01	aegypti	Ae. aegypti
A0A6I8U1P0	1	U-01	aegypti	Ae. aegypti
A0A6I8U1U7	1	U-01	aegypti	Ae. aegypti
A0A6I8U1X1	1	U-01	aegypti	Ae. aegypti
A0A6I8U1X3	1	U-01	aegypti	Ae. aegypti
A0A6I8U1X4	1	U-01	aegypti	Ae. aegypti
A0A6I8U1Z6	0	unassigned	aegypti	Ae. aegypti
A0A6I8U284	1	U-01	aegypti	Ae. aegypti
A0A6I8U2H1	1	U-01	aegypti	Ae. aegypti
A0A6I8U2H4	1	U-01	aegypti	Ae. aegypti
A0A6I8U2K1	1	U-01	aegypti	Ae. aegypti
A0A6I8U2N7	1	U-01	aegypti	Ae. aegypti
A0A6I8U2N9	1	U-01	aegypti	Ae. aegypti
A0A6I8U2Q0	2	U-02	aegypti	Ae. aegypti
A0A6I8U2R9	1	U-01	aegypti	Ae. aegypti
A0A6I8U2W7	1	U-01	aegypti	Ae. aegypti
A0A6I8U2Y1	1	U-01	aegypti	Ae. aegypti
A0A6I8U324	1	U-01	aegypti	Ae. aegypti
A0A6I8U3F1	1	U-01	aegypti	Ae. aegypti
A0A6I8U3N8	1	U-01	aegypti	Ae. aegypti
A0A6I8U3Q8	1	U-01	aegypti	Ae. aegypti
A0A6I8U3R0	2	U-02	aegypti	Ae. aegypti
A0A6I8U3X0	0	unassigned	aegypti	Ae. aegypti
A0A6I8U458	1	U-01	aegypti	Ae. aegypti
A0A6I8U465	1	U-01	aegypti	Ae. aegypti
A0A6I8U496	1	U-01	aegypti	Ae. aegypti
A0A6I8U4J1	1	U-01	aegypti	Ae. aegypti
A0A6I8U4J9	1	U-01	aegypti	Ae. aegypti
A0A6I8U4K0	2	U-02	aegypti	Ae. aegypti
A0A6I8U4L3	1	U-01	aegypti	Ae. aegypti
A0A6I8U4T6	1	U-01	aegypti	Ae. aegypti
A0A6I8U4V0	2	U-02	aegypti	Ae. aegypti
A0A6I8U501	1	U-01	aegypti	Ae. aegypti
A0A6I8U506	1	U-01	aegypti	Ae. aegypti
A0A6I8U526	0	unassigned	aegypti	Ae. aegypti
A0A6I8U540	1	U-01	aegypti	Ae. aegypti
A0A6I8U583	1	U-01	aegypti	Ae. aegypti
A0A6I8U5D2	2	U-02	aegypti	Ae. aegypti
A0A6I8U5P2	2	U-02	aegypti	Ae. aegypti
A0A6I8U5X2	1	U-01	aegypti	Ae. aegypti
A0A6I8U5X4	1	U-01	aegypti	Ae. aegypti
A0A6I8U602	1	U-01	aegypti	Ae. aegypti
A0A6I8U629	1	U-01	aegypti	Ae. aegypti
A0A6I8U6B7	2	U-02	aegypti	Ae. aegypti
A0A6I8U6C0	1	U-01	aegypti	Ae. aegypti
A0A6I8U6K0	1	U-01	aegypti	Ae. aegypti
A0A6I8U6K7	1	U-01	aegypti	Ae. aegypti
A0A6I8U6N0	1	U-01	aegypti	Ae. aegypti
A0A6I8U6V1	1	U-01	aegypti	Ae. aegypti
A0A6I8U6Y5	1	U-01	aegypti	Ae. aegypti
A0A6I8U723	0	unassigned	aegypti	Ae. aegypti
A0A6I8U732	1	U-01	aegypti	Ae. aegypti
A0A6I8U735	1	U-01	aegypti	Ae. aegypti
A0A6I8U778	1	U-01	aegypti	Ae. aegypti
A0A6I8U779	2	U-02	aegypti	Ae. aegypti
A0A6I8U782	1	U-01	aegypti	Ae. aegypti
A0A6I8U7H6	2	U-02	aegypti	Ae. aegypti
A0A6I8U7I3	1	U-01	aegypti	Ae. aegypti
A0A6I8U7U6	1	U-01	aegypti	Ae. aegypti
A0A6I8U7X8	2	U-02	aegypti	Ae. aegypti
A0A6I8U7Z2	1	U-01	aegypti	Ae. aegypti
A0A6I8U846	1	U-01	aegypti	Ae. aegypti
A0A6I8U847	1	U-01	aegypti	Ae. aegypti
A0A6I8U849	1	U-01	aegypti	Ae. aegypti
A0A6I8U8B5	1	U-01	aegypti	Ae. aegypti
A0A6I8U8B8	1	U-01	aegypti	Ae. aegypti
A0A6I8U8C5	1	U-01	aegypti	Ae. aegypti
A0A6I8U8H5	1	U-01	aegypti	Ae. aegypti
A0A6I8U8H7	1	U-01	aegypti	Ae. aegypti
A0A6I8U8H9	1	U-01	aegypti	Ae. aegypti
A0A6I8U8L5	1	U-01	aegypti	Ae. aegypti
A0A6I8U8L9	1	U-01	aegypti	Ae. aegypti
A0A6I8U8M6	1	U-01	aegypti	Ae. aegypti
A0A6I8U8W6	1	U-01	aegypti	Ae. aegypti
A0A6I8U8X1	1	U-01	aegypti	Ae. aegypti
A0A6I8U913	1	U-01	aegypti	Ae. aegypti
A0A6I8U920	1	U-01	aegypti	Ae. aegypti
A0A6I8U971	1	U-01	aegypti	Ae. aegypti
A0A6I8U995	1	U-01	aegypti	Ae. aegypti
A0A6I8U9D0	1	U-01	aegypti	Ae. aegypti
A0A6I8U9P7	2	U-02	aegypti	Ae. aegypti
A0A6I8U9R9	2	U-02	aegypti	Ae. aegypti
A0A6I8U9S9	1	U-01	aegypti	Ae. aegypti
A0A6I8U9V3	1	U-01	aegypti	Ae. aegypti
Q170W6	0	unassigned	aegypti	Ae. aegypti
Q170Y4	1	U-01	aegypti	Ae. aegypti
Q170Y9	1	U-01	aegypti	Ae. aegypti
Q171D0	0	unassigned	aegypti	Ae. aegypti
Q171F3	1	U-01	aegypti	Ae. aegypti
Q171F5	0	unassigned	aegypti	Ae. aegypti
Q171G1	1	U-01	aegypti	Ae. aegypti
Q171G4	2	U-02	aegypti	Ae. aegypti
Q171G7	1	U-01	aegypti	Ae. aegypti
Q171H7	1	U-01	aegypti	Ae. aegypti
Q171N8	1	U-01	aegypti	Ae. aegypti
Q171P2	1	U-01	aegypti	Ae. aegypti
Q171Q6	1	U-01	aegypti	Ae. aegypti
Q171R3	1	U-01	aegypti	Ae. aegypti
Q171R4	1	U-01	aegypti	Ae. aegypti
Q171S3	1	U-01	aegypti	Ae. aegypti
Q171S6	1	U-01	aegypti	Ae. aegypti
Q171S7	1	U-01	aegypti	Ae. aegypti
Q171T2	2	U-02	aegypti	Ae. aegypti
Q171T3	1	U-01	aegypti	Ae. aegypti
Q171U6	1	U-01	aegypti	Ae. aegypti
Q171V6	1	U-01	aegypti	Ae. aegypti
Q171X7	1	U-01	aegypti	Ae. aegypti
Q171Z1	1	U-01	aegypti	Ae. aegypti
Q171Z9	1	U-01	aegypti	Ae. aegypti
Q172A3	0	unassigned	aegypti	Ae. aegypti
Q172B3	1	U-01	aegypti	Ae. aegypti
Q172C9	1	U-01	aegypti	Ae. aegypti
Q172D1	1	U-01	aegypti	Ae. aegypti
Q172D2	1	U-01	aegypti	Ae. aegypti
Q172D9	0	unassigned	aegypti	Ae. aegypti
Q172E4	1	U-01	aegypti	Ae. aegypti
Q172F5	1	U-01	aegypti	Ae. aegypti
Q172F8	1	U-01	aegypti	Ae. aegypti
Q172I6	1	U-01	aegypti	Ae. aegypti
Q172K4	1	U-01	aegypti	Ae. aegypti
Q172K7	1	U-01	aegypti	Ae. aegypti
Q172L0	1	U-01	aegypti	Ae. aegypti
Q172L5	1	U-01	aegypti	Ae. aegypti
Q172M0	1	U-01	aegypti	Ae. aegypti
Q172M7	1	U-01	aegypti	Ae. aegypti
Q172N4	1	U-01	aegypti	Ae. aegypti
Q172N7	2	U-02	aegypti	Ae. aegypti
Q172P1	1	U-01	aegypti	Ae. aegypti
Q172Q0	0	unassigned	aegypti	Ae. aegypti
Q172Q1	2	U-02	aegypti	Ae. aegypti
Q172R6	1	U-01	aegypti	Ae. aegypti
Q172U3	1	U-01	aegypti	Ae. aegypti
Q172V5	0	unassigned	aegypti	Ae. aegypti
Q172V6	1	U-01	aegypti	Ae. aegypti
Q172W3	2	U-02	aegypti	Ae. aegypti
Q173B0	1	U-01	aegypti	Ae. aegypti
Q173C2	1	U-01	aegypti	Ae. aegypti
Q173C7	0	unassigned	aegypti	Ae. aegypti
Q173C8	0	unassigned	aegypti	Ae. aegypti
Q173G7	1	U-01	aegypti	Ae. aegypti
Q173G8	1	U-01	aegypti	Ae. aegypti
Q173H4	0	unassigned	aegypti	Ae. aegypti
Q173I6	0	unassigned	aegypti	Ae. aegypti
Q173J3	1	U-01	aegypti	Ae. aegypti
Q173L3	1	U-01	aegypti	Ae. aegypti
Q173M0	1	U-01	aegypti	Ae. aegypti
Q173M6	1	U-01	aegypti	Ae. aegypti
Q173N7	1	U-01	aegypti	Ae. aegypti
Q173P1	1	U-01	aegypti	Ae. aegypti
Q173P7	1	U-01	aegypti	Ae. aegypti
Q173Q2	2	U-02	aegypti	Ae. aegypti
Q173Q3	2	U-02	aegypti	Ae. aegypti
Q173Q4	2	U-02	aegypti	Ae. aegypti
Q173R2	1	U-01	aegypti	Ae. aegypti
Q173S6	1	U-01	aegypti	Ae. aegypti
Q173T5	1	U-01	aegypti	Ae. aegypti
Q173U3	1	U-01	aegypti	Ae. aegypti
Q173U5	1	U-01	aegypti	Ae. aegypti
Q173V7	1	U-01	aegypti	Ae. aegypti
Q173V8	1	U-01	aegypti	Ae. aegypti
Q173W9	1	U-01	aegypti	Ae. aegypti
Q173X7	1	U-01	aegypti	Ae. aegypti
Q173Y3	2	U-02	aegypti	Ae. aegypti
Q173Y4	1	U-01	aegypti	Ae. aegypti
Q173Y5	1	U-01	aegypti	Ae. aegypti
Q173Y6	1	U-01	aegypti	Ae. aegypti
Q173Y7	1	U-01	aegypti	Ae. aegypti
Q173Z8	1	U-01	aegypti	Ae. aegypti
Q174A0	1	U-01	aegypti	Ae. aegypti
Q174C6	1	U-01	aegypti	Ae. aegypti
Q174F0	1	U-01	aegypti	Ae. aegypti
Q174G0	1	U-01	aegypti	Ae. aegypti
Q174G1	1	U-01	aegypti	Ae. aegypti
Q174G6	1	U-01	aegypti	Ae. aegypti
Q174G8	1	U-01	aegypti	Ae. aegypti
Q174G9	1	U-01	aegypti	Ae. aegypti
Q174H7	1	U-01	aegypti	Ae. aegypti
Q174I0	1	U-01	aegypti	Ae. aegypti
Q174J1	1	U-01	aegypti	Ae. aegypti
Q174K0	2	U-02	aegypti	Ae. aegypti
Q174K3	0	unassigned	aegypti	Ae. aegypti
Q174M1	1	U-01	aegypti	Ae. aegypti
Q174N3	1	U-01	aegypti	Ae. aegypti
Q174Q7	1	U-01	aegypti	Ae. aegypti
Q16RU3	1	U-01	aegypti	Ae. aegypti
Q16RW0	1	U-01	aegypti	Ae. aegypti
Q16RW1	0	unassigned	aegypti	Ae. aegypti
Q16RX1	1	U-01	aegypti	Ae. aegypti
Q16RX6	1	U-01	aegypti	Ae. aegypti
Q16RY3	1	U-01	aegypti	Ae. aegypti
Q16RY8	2	U-02	aegypti	Ae. aegypti
Q16RY9	1	U-01	aegypti	Ae. aegypti
Q16RZ1	2	U-02	aegypti	Ae. aegypti
Q16RZ2	2	U-02	aegypti	Ae. aegypti
Q16S11	2	U-02	aegypti	Ae. aegypti
Q16S24	1	U-01	aegypti	Ae. aegypti
Q16S25	1	U-01	aegypti	Ae. aegypti
Q16S26	2	U-02	aegypti	Ae. aegypti
Q16S34	2	U-02	aegypti	Ae. aegypti
Q16S47	1	U-01	aegypti	Ae. aegypti
Q16S54	1	U-01	aegypti	Ae. aegypti
Q16S97	1	U-01	aegypti	Ae. aegypti
Q16SB6	1	U-01	aegypti	Ae. aegypti
Q16SE5	1	U-01	aegypti	Ae. aegypti
Q16SE7	1	U-01	aegypti	Ae. aegypti
Q16SG8	1	U-01	aegypti	Ae. aegypti
Q16SH1	1	U-01	aegypti	Ae. aegypti
Q16SH3	1	U-01	aegypti	Ae. aegypti
Q16SH5	1	U-01	aegypti	Ae. aegypti
Q16SH6	0	unassigned	aegypti	Ae. aegypti
Q16SL9	1	U-01	aegypti	Ae. aegypti
Q16SN5	2	U-02	aegypti	Ae. aegypti
Q16SQ5	2	U-02	aegypti	Ae. aegypti
Q16SS0	1	U-01	aegypti	Ae. aegypti
Q16ST5	1	U-01	aegypti	Ae. aegypti
Q16SU4	1	U-01	aegypti	Ae. aegypti
Q16SV5	2	U-02	aegypti	Ae. aegypti
Q16SW7	1	U-01	aegypti	Ae. aegypti
Q16SX3	1	U-01	aegypti	Ae. aegypti
Q16SY9	1	U-01	aegypti	Ae. aegypti
Q16SZ9	1	U-01	aegypti	Ae. aegypti
Q16T01	1	U-01	aegypti	Ae. aegypti
Q16T07	0	unassigned	aegypti	Ae. aegypti
Q16T08	0	unassigned	aegypti	Ae. aegypti
Q16T11	0	unassigned	aegypti	Ae. aegypti
Q16T15	1	U-01	aegypti	Ae. aegypti
Q16T18	1	U-01	aegypti	Ae. aegypti
Q16T24	1	U-01	aegypti	Ae. aegypti
Q16T27	1	U-01	aegypti	Ae. aegypti
Q16T31	1	U-01	aegypti	Ae. aegypti
Q16T33	1	U-01	aegypti	Ae. aegypti
Q16T41	2	U-02	aegypti	Ae. aegypti
Q16T49	2	U-02	aegypti	Ae. aegypti
Q16T51	1	U-01	aegypti	Ae. aegypti
Q16T53	1	U-01	aegypti	Ae. aegypti
Q16T83	1	U-01	aegypti	Ae. aegypti
Q16T84	1	U-01	aegypti	Ae. aegypti
Q16T92	1	U-01	aegypti	Ae. aegypti
Q16T93	1	U-01	aegypti	Ae. aegypti
Q16T94	1	U-01	aegypti	Ae. aegypti
Q16T97	1	U-01	aegypti	Ae. aegypti
Q16TC0	1	U-01	aegypti	Ae. aegypti
Q16TC3	0	unassigned	aegypti	Ae. aegypti
Q16TE0	2	U-02	aegypti	Ae. aegypti
Q16TF2	1	U-01	aegypti	Ae. aegypti
Q16TI5	1	U-01	aegypti	Ae. aegypti
Q16TI6	1	U-01	aegypti	Ae. aegypti
Q16TJ0	1	U-01	aegypti	Ae. aegypti
Q16TJ1	1	U-01	aegypti	Ae. aegypti
Q16TJ7	1	U-01	aegypti	Ae. aegypti
Q16TJ8	1	U-01	aegypti	Ae. aegypti
Q16TL3	1	U-01	aegypti	Ae. aegypti
Q16TM5	1	U-01	aegypti	Ae. aegypti
Q16TN5	1	U-01	aegypti	Ae. aegypti
Q16TS0	2	U-02	aegypti	Ae. aegypti
Q16TS1	2	U-02	aegypti	Ae. aegypti
Q16TS8	1	U-01	aegypti	Ae. aegypti
Q16TU7	1	U-01	aegypti	Ae. aegypti
Q16TU8	1	U-01	aegypti	Ae. aegypti
Q16TV8	1	U-01	aegypti	Ae. aegypti
Q16TX1	1	U-01	aegypti	Ae. aegypti
Q16TY2	1	U-01	aegypti	Ae. aegypti
Q16TY4	1	U-01	aegypti	Ae. aegypti
Q16TZ7	1	U-01	aegypti	Ae. aegypti
Q16TZ9	1	U-01	aegypti	Ae. aegypti
Q16U06	1	U-01	aegypti	Ae. aegypti
Q16U07	1	U-01	aegypti	Ae. aegypti
Q16U08	1	U-01	aegypti	Ae. aegypti
Q16U15	1	U-01	aegypti	Ae. aegypti
Q16U25	1	U-01	aegypti	Ae. aegypti
Q16U49	1	U-01	aegypti	Ae. aegypti
Q16U64	1	U-01	aegypti	Ae. aegypti
Q16U78	1	U-01	aegypti	Ae. aegypti
Q16UA2	1	U-01	aegypti	Ae. aegypti
Q16UA3	1	U-01	aegypti	Ae. aegypti
Q16UA4	1	U-01	aegypti	Ae. aegypti
Q16UB0	1	U-01	aegypti	Ae. aegypti
Q16UB1	1	U-01	aegypti	Ae. aegypti
Q16UB2	1	U-01	aegypti	Ae. aegypti
Q16UC3	1	U-01	aegypti	Ae. aegypti
Q16UD1	1	U-01	aegypti	Ae. aegypti
Q16UG1	1	U-01	aegypti	Ae. aegypti
Q16UH5	1	U-01	aegypti	Ae. aegypti
Q16UH6	1	U-01	aegypti	Ae. aegypti
A0A6I8TQX2	2	U-02	aegypti	Ae. aegypti
A0A6I8TQX4	1	U-01	aegypti	Ae. aegypti
A0A6I8TQX7	1	U-01	aegypti	Ae. aegypti
A0A6I8TQX8	1	U-01	aegypti	Ae. aegypti
A0A6I8TQY3	1	U-01	aegypti	Ae. aegypti
A0A6I8TQY4	1	U-01	aegypti	Ae. aegypti
A0A6I8U0B2	1	U-01	aegypti	Ae. aegypti
A0A6I8U0B8	1	U-01	aegypti	Ae. aegypti
A0A6I8U0B9	1	U-01	aegypti	Ae. aegypti
A0A6I8U0C5	1	U-01	aegypti	Ae. aegypti
A0A6I8U0C6	2	U-02	aegypti	Ae. aegypti
A0A6I8U0D2	0	unassigned	aegypti	Ae. aegypti
A0A6I8U0D5	1	U-01	aegypti	Ae. aegypti
A0A6I8U0E0	1	U-01	aegypti	Ae. aegypti
A0A6I8U0E1	2	U-02	aegypti	Ae. aegypti
A0A6I8U0E9	1	U-01	aegypti	Ae. aegypti
A0A6I8U0F0	1	U-01	aegypti	Ae. aegypti
A0A6I8U0F8	1	U-01	aegypti	Ae. aegypti
A0A6I8U0F9	1	U-01	aegypti	Ae. aegypti
A0A6I8U0G2	1	U-01	aegypti	Ae. aegypti
A0A6I8U0G3	1	U-01	aegypti	Ae. aegypti
A0A6I8U0G8	1	U-01	aegypti	Ae. aegypti
A0A6I8U0H3	1	U-01	aegypti	Ae. aegypti
A0A6I8U0H6	1	U-01	aegypti	Ae. aegypti
A0A6I8U0I4	2	U-02	aegypti	Ae. aegypti
A0A6I8U0I9	1	U-01	aegypti	Ae. aegypti
A0A6I8U0L8	1	U-01	aegypti	Ae. aegypti
A0A6I8U0M1	1	U-01	aegypti	Ae. aegypti
A0A6I8U0M8	1	U-01	aegypti	Ae. aegypti
A0A6I8U0P2	2	U-02	aegypti	Ae. aegypti
A0A6I8U0P5	1	U-01	aegypti	Ae. aegypti
A0A6I8U0P8	1	U-01	aegypti	Ae. aegypti
A0A6I8U0Q6	2	U-02	aegypti	Ae. aegypti
A0A6I8U0R0	2	U-02	aegypti	Ae. aegypti
A0A6I8U0R9	0	unassigned	aegypti	Ae. aegypti
A0A6I8U0S0	1	U-01	aegypti	Ae. aegypti
A0A6I8U0S2	1	U-01	aegypti	Ae. aegypti
A0A6I8U0S3	1	U-01	aegypti	Ae. aegypti
A0A6I8U0S5	2	U-02	aegypti	Ae. aegypti
A0A6I8U0T0	1	U-01	aegypti	Ae. aegypti
A0A6I8U0T5	1	U-01	aegypti	Ae. aegypti
A0A6I8U0T6	1	U-01	aegypti	Ae. aegypti
A0A6I8U0U3	2	U-02	aegypti	Ae. aegypti
A0A6I8U0U8	1	U-01	aegypti	Ae. aegypti
A0A6I8U0U9	1	U-01	aegypti	Ae. aegypti
A0A6I8U0V1	1	U-01	aegypti	Ae. aegypti
A0A6I8U0V2	1	U-01	aegypti	Ae. aegypti
A0A6I8U0V3	1	U-01	aegypti	Ae. aegypti
A0A6I8U0V6	1	U-01	aegypti	Ae. aegypti
A0A6I8U0W0	1	U-01	aegypti	Ae. aegypti
A0A6I8U0W3	2	U-02	aegypti	Ae. aegypti
A0A6I8U0X1	1	U-01	aegypti	Ae. aegypti
A0A6I8U0X4	1	U-01	aegypti	Ae. aegypti
A0A6I8U0X8	1	U-01	aegypti	Ae. aegypti
A0A6I8U0X9	1	U-01	aegypti	Ae. aegypti
A0A6I8U0Y3	1	U-01	aegypti	Ae. aegypti
A0A6I8U0Y7	1	U-01	aegypti	Ae. aegypti
A0A6I8U0Z6	1	U-01	aegypti	Ae. aegypti
A0A6I8U0Z8	1	U-01	aegypti	Ae. aegypti
A0A6I8U0Z9	2	U-02	aegypti	Ae. aegypti
A0A6I8U125	2	U-02	aegypti	Ae. aegypti
A0A6I8U128	0	unassigned	aegypti	Ae. aegypti
A0A6I8U130	0	unassigned	aegypti	Ae. aegypti
A0A6I8U132	0	unassigned	aegypti	Ae. aegypti
A0A6I8U133	1	U-01	aegypti	Ae. aegypti
A0A6I8U134	2	U-02	aegypti	Ae. aegypti
A0A6I8U136	1	U-01	aegypti	Ae. aegypti
A0A6I8U142	2	U-02	aegypti	Ae. aegypti
A0A6I8U145	1	U-01	aegypti	Ae. aegypti
A0A6I8U148	1	U-01	aegypti	Ae. aegypti
A0A6I8U153	0	unassigned	aegypti	Ae. aegypti
A0A6I8U157	1	U-01	aegypti	Ae. aegypti
A0A6I8U161	1	U-01	aegypti	Ae. aegypti
A0A6I8U162	1	U-01	aegypti	Ae. aegypti
A0A6I8U163	2	U-02	aegypti	Ae. aegypti
A0A6I8U171	1	U-01	aegypti	Ae. aegypti
A0A6I8U178	2	U-02	aegypti	Ae. aegypti
A0A6I8U179	1	U-01	aegypti	Ae. aegypti
A0A6I8U181	0	unassigned	aegypti	Ae. aegypti
A0A6I8U183	1	U-01	aegypti	Ae. aegypti
A0A6I8U187	1	U-01	aegypti	Ae. aegypti
A0A6I8U188	1	U-01	aegypti	Ae. aegypti
A0A6I8U189	1	U-01	aegypti	Ae. aegypti
A0A6I8U192	0	unassigned	aegypti	Ae. aegypti
A0A6I8U194	1	U-01	aegypti	Ae. aegypti
A0A6I8U196	1	U-01	aegypti	Ae. aegypti
A0A6I8U199	0	unassigned	aegypti	Ae. aegypti
A0A6I8U1A1	2	U-02	aegypti	Ae. aegypti
A0A6I8U1A9	1	U-01	aegypti	Ae. aegypti
A0A6I8U1B0	1	U-01	aegypti	Ae. aegypti
A0A6I8U1B3	1	U-01	aegypti	Ae. aegypti
A0A6I8U1B5	1	U-01	aegypti	Ae. aegypti
A0A6I8U1C0	1	U-01	aegypti	Ae. aegypti
A0A6I8U1C4	1	U-01	aegypti	Ae. aegypti
A0A6I8U1C7	2	U-02	aegypti	Ae. aegypti
A0A6I8U1E1	1	U-01	aegypti	Ae. aegypti
A0A6I8U1E3	2	U-02	aegypti	Ae. aegypti
A0A6I8U1E9	1	U-01	aegypti	Ae. aegypti
A0A6I8U1G2	1	U-01	aegypti	Ae. aegypti
A0A6I8U1G8	2	U-02	aegypti	Ae. aegypti
Q17IX4	2	U-02	aegypti	Ae. aegypti
Q17IX5	2	U-02	aegypti	Ae. aegypti
Q17IX6	2	U-02	aegypti	Ae. aegypti
Q17IX7	2	U-02	aegypti	Ae. aegypti
Q17IX9	2	U-02	aegypti	Ae. aegypti
Q17IY0	2	U-02	aegypti	Ae. aegypti
Q17IY1	2	U-02	aegypti	Ae. aegypti
Q17IY4	2	U-02	aegypti	Ae. aegypti
Q17IY6	2	U-02	aegypti	Ae. aegypti
Q17IY9	2	U-02	aegypti	Ae. aegypti
Q17IZ2	2	U-02	aegypti	Ae. aegypti
Q17J14	0	unassigned	aegypti	Ae. aegypti
Q17J36	1	U-01	aegypti	Ae. aegypti
Q17J42	1	U-01	aegypti	Ae. aegypti
Q17J45	1	U-01	aegypti	Ae. aegypti
Q17J49	1	U-01	aegypti	Ae. aegypti
Q17J50	1	U-01	aegypti	Ae. aegypti
Q17J53	2	U-02	aegypti	Ae. aegypti
Q17J60	1	U-01	aegypti	Ae. aegypti
Q17J69	2	U-02	aegypti	Ae. aegypti
Q17J70	0	unassigned	aegypti	Ae. aegypti
Q17J75	2	U-02	aegypti	Ae. aegypti
Q17J76	2	U-02	aegypti	Ae. aegypti
Q17JC3	1	U-01	aegypti	Ae. aegypti
Q17JE7	2	U-02	aegypti	Ae. aegypti
Q17JF6	1	U-01	aegypti	Ae. aegypti
Q17JG0	1	U-01	aegypti	Ae. aegypti
Q17JG4	1	U-01	aegypti	Ae. aegypti
Q17JH7	0	unassigned	aegypti	Ae. aegypti
Q17JH8	0	unassigned	aegypti	Ae. aegypti
Q17JI1	0	unassigned	aegypti	Ae. aegypti
Q17JI2	0	unassigned	aegypti	Ae. aegypti
Q17JI5	0	unassigned	aegypti	Ae. aegypti
Q17JI6	0	unassigned	aegypti	Ae. aegypti
Q17JI7	0	unassigned	aegypti	Ae. aegypti
Q17JI8	0	unassigned	aegypti	Ae. aegypti
Q17JI9	0	unassigned	aegypti	Ae. aegypti
Q17JJ1	0	unassigned	aegypti	Ae. aegypti
Q17JJ2	0	unassigned	aegypti	Ae. aegypti
Q17JJ5	0	unassigned	aegypti	Ae. aegypti
Q17JJ6	0	unassigned	aegypti	Ae. aegypti
Q17JJ7	0	unassigned	aegypti	Ae. aegypti
Q17JJ8	0	unassigned	aegypti	Ae. aegypti
Q17JK0	0	unassigned	aegypti	Ae. aegypti
Q17JK1	0	unassigned	aegypti	Ae. aegypti
Q17JK2	0	unassigned	aegypti	Ae. aegypti
Q17JK3	0	unassigned	aegypti	Ae. aegypti
Q17JK4	0	unassigned	aegypti	Ae. aegypti
Q17JK5	0	unassigned	aegypti	Ae. aegypti
Q17JK6	0	unassigned	aegypti	Ae. aegypti
Q17JK8	0	unassigned	aegypti	Ae. aegypti
Q17JK9	2	U-02	aegypti	Ae. aegypti
Q17JL3	0	unassigned	aegypti	Ae. aegypti
Q17JM1	2	U-02	aegypti	Ae. aegypti
Q17JN6	0	unassigned	aegypti	Ae. aegypti
Q17JP0	1	U-01	aegypti	Ae. aegypti
Q17JP2	1	U-01	aegypti	Ae. aegypti
Q17JU1	1	U-01	aegypti	Ae. aegypti
Q17JV2	2	U-02	aegypti	Ae. aegypti
Q17JV7	1	U-01	aegypti	Ae. aegypti
Q17JV9	1	U-01	aegypti	Ae. aegypti
Q17JW9	1	U-01	aegypti	Ae. aegypti
Q17JZ5	1	U-01	aegypti	Ae. aegypti
Q17JZ6	1	U-01	aegypti	Ae. aegypti
Q17K03	1	U-01	aegypti	Ae. aegypti
Q17K08	1	U-01	aegypti	Ae. aegypti
Q17K21	1	U-01	aegypti	Ae. aegypti
Q17K22	1	U-01	aegypti	Ae. aegypti
Q17K23	1	U-01	aegypti	Ae. aegypti
Q17K30	2	U-02	aegypti	Ae. aegypti
Q17K31	2	U-02	aegypti	Ae. aegypti
Q17K32	1	U-01	aegypti	Ae. aegypti
Q17K42	1	U-01	aegypti	Ae. aegypti
Q17K52	1	U-01	aegypti	Ae. aegypti
Q17K58	1	U-01	aegypti	Ae. aegypti
Q17K61	2	U-02	aegypti	Ae. aegypti
Q17K63	1	U-01	aegypti	Ae. aegypti
Q17K84	1	U-01	aegypti	Ae. aegypti
Q17K96	1	U-01	aegypti	Ae. aegypti
Q17KA4	1	U-01	aegypti	Ae. aegypti
Q17KA5	1	U-01	aegypti	Ae. aegypti
Q17KC6	0	unassigned	aegypti	Ae. aegypti
Q17KC7	0	unassigned	aegypti	Ae. aegypti
Q17KD0	2	U-02	aegypti	Ae. aegypti
Q17KD3	0	unassigned	aegypti	Ae. aegypti
Q17KD4	1	U-01	aegypti	Ae. aegypti
Q17KD9	1	U-01	aegypti	Ae. aegypti
Q17KE1	1	U-01	aegypti	Ae. aegypti
Q17KF1	1	U-01	aegypti	Ae. aegypti
Q17KF2	0	unassigned	aegypti	Ae. aegypti
Q17KF3	2	U-02	aegypti	Ae. aegypti
Q17KG0	1	U-01	aegypti	Ae. aegypti
Q17KG3	1	U-01	aegypti	Ae. aegypti
Q17KG9	1	U-01	aegypti	Ae. aegypti
Q17KH0	1	U-01	aegypti	Ae. aegypti
Q17KH1	1	U-01	aegypti	Ae. aegypti
Q17KH3	1	U-01	aegypti	Ae. aegypti
Q17KH5	1	U-01	aegypti	Ae. aegypti
Q17KH9	2	U-02	aegypti	Ae. aegypti
Q17KI0	2	U-02	aegypti	Ae. aegypti
Q17KI1	2	U-02	aegypti	Ae. aegypti
Q17KI2	2	U-02	aegypti	Ae. aegypti
Q17KI4	1	U-01	aegypti	Ae. aegypti
Q17KJ1	1	U-01	aegypti	Ae. aegypti
Q17KJ2	1	U-01	aegypti	Ae. aegypti
Q17KJ6	2	U-02	aegypti	Ae. aegypti
Q17KK6	1	U-01	aegypti	Ae. aegypti
Q17KL9	1	U-01	aegypti	Ae. aegypti
Q17KM5	2	U-02	aegypti	Ae. aegypti
Q17KN6	1	U-01	aegypti	Ae. aegypti
Q17KN7	1	U-01	aegypti	Ae. aegypti
Q17KN8	1	U-01	aegypti	Ae. aegypti
Q17KR8	0	unassigned	aegypti	Ae. aegypti
Q17KS1	1	U-01	aegypti	Ae. aegypti
Q17KS7	1	U-01	aegypti	Ae. aegypti
Q17KT6	1	U-01	aegypti	Ae. aegypti
Q17KU5	2	U-02	aegypti	Ae. aegypti
Q17KV1	1	U-01	aegypti	Ae. aegypti
Q17KW0	1	U-01	aegypti	Ae. aegypti
Q17KW9	0	unassigned	aegypti	Ae. aegypti
Q17KX0	0	unassigned	aegypti	Ae. aegypti
Q17KY8	2	U-02	aegypti	Ae. aegypti
Q17KZ3	1	U-01	aegypti	Ae. aegypti
Q17KZ6	1	U-01	aegypti	Ae. aegypti
Q17L04	2	U-02	aegypti	Ae. aegypti
Q17L23	1	U-01	aegypti	Ae. aegypti
Q17L28	1	U-01	aegypti	Ae. aegypti
Q17L41	1	U-01	aegypti	Ae. aegypti
Q17L53	1	U-01	aegypti	Ae. aegypti
Q17LA8	1	U-01	aegypti	Ae. aegypti
Q17LC2	0	unassigned	aegypti	Ae. aegypti
Q17LC3	0	unassigned	aegypti	Ae. aegypti
Q17LC4	0	unassigned	aegypti	Ae. aegypti
Q17LD6	1	U-01	aegypti	Ae. aegypti
Q17LD7	1	U-01	aegypti	Ae. aegypti
Q17LE1	1	U-01	aegypti	Ae. aegypti
Q17LF6	2	U-02	aegypti	Ae. aegypti
Q17LG1	1	U-01	aegypti	Ae. aegypti
Q17LG9	1	U-01	aegypti	Ae. aegypti
Q17LH0	1	U-01	aegypti	Ae. aegypti
Q17LH1	1	U-01	aegypti	Ae. aegypti
Q17LH2	1	U-01	aegypti	Ae. aegypti
Q17LH4	1	U-01	aegypti	Ae. aegypti
Q17LH5	1	U-01	aegypti	Ae. aegypti
Q17LH6	1	U-01	aegypti	Ae. aegypti
Q17LH8	1	U-01	aegypti	Ae. aegypti
Q17LI1	1	U-01	aegypti	Ae. aegypti
Q17LI2	1	U-01	aegypti	Ae. aegypti
Q17LJ3	1	U-01	aegypti	Ae. aegypti
Q17LJ7	1	U-01	aegypti	Ae. aegypti
Q17LK2	0	unassigned	aegypti	Ae. aegypti
Q17LK7	0	unassigned	aegypti	Ae. aegypti
Q17LL1	0	unassigned	aegypti	Ae. aegypti
Q17LL6	2	U-02	aegypti	Ae. aegypti
Q17LM2	2	U-02	aegypti	Ae. aegypti
Q17LM3	2	U-02	aegypti	Ae. aegypti
Q17LN6	1	U-01	aegypti	Ae. aegypti
Q17LP0	1	U-01	aegypti	Ae. aegypti
Q17LQ8	2	U-02	aegypti	Ae. aegypti
Q17LQ9	2	U-02	aegypti	Ae. aegypti
Q17LR0	2	U-02	aegypti	Ae. aegypti
Q17LR1	2	U-02	aegypti	Ae. aegypti
Q17LR2	2	U-02	aegypti	Ae. aegypti
Q17LR8	1	U-01	aegypti	Ae. aegypti
Q17LS5	1	U-01	aegypti	Ae. aegypti
Q17LW2	1	U-01	aegypti	Ae. aegypti
Q17LW5	1	U-01	aegypti	Ae. aegypti
Q17LW7	1	U-01	aegypti	Ae. aegypti
Q17LX1	1	U-01	aegypti	Ae. aegypti
Q17LX3	1	U-01	aegypti	Ae. aegypti
Q17LX4	1	U-01	aegypti	Ae. aegypti
Q17LX9	1	U-01	aegypti	Ae. aegypti
Q17LZ3	1	U-01	aegypti	Ae. aegypti
Q17M07	1	U-01	aegypti	Ae. aegypti
Q17M09	1	U-01	aegypti	Ae. aegypti
Q17M11	1	U-01	aegypti	Ae. aegypti
Q17M12	1	U-01	aegypti	Ae. aegypti
Q17M20	1	U-01	aegypti	Ae. aegypti
Q17M27	1	U-01	aegypti	Ae. aegypti
Q17M81	1	U-01	aegypti	Ae. aegypti
Q17M82	1	U-01	aegypti	Ae. aegypti
Q17M86	2	U-02	aegypti	Ae. aegypti
Q17MA2	1	U-01	aegypti	Ae. aegypti
Q17MA4	2	U-02	aegypti	Ae. aegypti
Q17MA6	1	U-01	aegypti	Ae. aegypti
Q17MB3	0	unassigned	aegypti	Ae. aegypti
Q17MC2	1	U-01	aegypti	Ae. aegypti
Q17MC4	1	U-01	aegypti	Ae. aegypti
Q17MD7	1	U-01	aegypti	Ae. aegypti
A0A1S4G264	1	U-01	aegypti	Ae. aegypti
A0A1S4G267	0	unassigned	aegypti	Ae. aegypti
A0A1S4G2B1	0	unassigned	aegypti	Ae. aegypti
A0A1S4G2C1	0	unassigned	aegypti	Ae. aegypti
A0A1S4G2D6	1	U-01	aegypti	Ae. aegypti
A0A1S4G2E0	1	U-01	aegypti	Ae. aegypti
A0A1S4G2F0	1	U-01	aegypti	Ae. aegypti
A0A1S4G2F7	1	U-01	aegypti	Ae. aegypti
A0A1S4G2H7	0	unassigned	aegypti	Ae. aegypti
A0A1S4G2N6	1	U-01	aegypti	Ae. aegypti
A0A1S4G2Q4	1	U-01	aegypti	Ae. aegypti
A0A1S4G2T1	0	unassigned	aegypti	Ae. aegypti
A0A1S4G2U4	1	U-01	aegypti	Ae. aegypti
A0A1S4G2V5	1	U-01	aegypti	Ae. aegypti
A0A1S4G2W6	1	U-01	aegypti	Ae. aegypti
A0A1S4G2Y4	1	U-01	aegypti	Ae. aegypti
A0A1S4G2Z2	1	U-01	aegypti	Ae. aegypti
A0A1S4G308	1	U-01	aegypti	Ae. aegypti
A0A1S4G309	0	unassigned	aegypti	Ae. aegypti
A0A1S4G312	1	U-01	aegypti	Ae. aegypti
A0A1S4G323	1	U-01	aegypti	Ae. aegypti
A0A1S4G373	2	U-02	aegypti	Ae. aegypti
A0A1S4G385	1	U-01	aegypti	Ae. aegypti
A0A1S4G396	1	U-01	aegypti	Ae. aegypti
A0A1S4G3A6	2	U-02	aegypti	Ae. aegypti
A0A1S4G3A9	1	U-01	aegypti	Ae. aegypti
A0A1S4G3C4	1	U-01	aegypti	Ae. aegypti
A0A1S4G3D1	2	U-02	aegypti	Ae. aegypti
A0A1S4G3J5	1	U-01	aegypti	Ae. aegypti
A0A1S4G3P5	1	U-01	aegypti	Ae. aegypti
A0A1S4G3R8	1	U-01	aegypti	Ae. aegypti
A0A1S4G3S4	0	unassigned	aegypti	Ae. aegypti
A0A1S4G3Z8	2	U-02	aegypti	Ae. aegypti
A0A1S4G4B6	2	U-02	aegypti	Ae. aegypti
A0A1S4G4G5	1	U-01	aegypti	Ae. aegypti
A0A1S4G4H0	2	U-02	aegypti	Ae. aegypti
A0A1S4G4J1	2	U-02	aegypti	Ae. aegypti
A0A1S4G4J9	2	U-02	aegypti	Ae. aegypti
A0A1S4G4N1	1	U-01	aegypti	Ae. aegypti
A0A1S4G4T0	2	U-02	aegypti	Ae. aegypti
A0A1S4G4V7	1	U-01	aegypti	Ae. aegypti
A0A1S4G4Y5	1	U-01	aegypti	Ae. aegypti
A0A1S4G507	1	U-01	aegypti	Ae. aegypti
A0A1S4G553	1	U-01	aegypti	Ae. aegypti
A0A1S4G556	1	U-01	aegypti	Ae. aegypti
A0A1S4G576	0	unassigned	aegypti	Ae. aegypti
A0A1S4G584	0	unassigned	aegypti	Ae. aegypti
A0A1S4G585	2	U-02	aegypti	Ae. aegypti
A0A1S4G5A2	1	U-01	aegypti	Ae. aegypti
A0A1S4G5E2	1	U-01	aegypti	Ae. aegypti
A0A1S4G5J1	1	U-01	aegypti	Ae. aegypti
A0A1S4G5J5	1	U-01	aegypti	Ae. aegypti
A0A1S4G5K8	1	U-01	aegypti	Ae. aegypti
A0A1S4G5L9	1	U-01	aegypti	Ae. aegypti
A0A1S4G5N6	1	U-01	aegypti	Ae. aegypti
A0A1S4G5Q1	1	U-01	aegypti	Ae. aegypti
A0A1S4G5Q2	1	U-01	aegypti	Ae. aegypti
A0A1S4G5Q4	2	U-02	aegypti	Ae. aegypti
A0A1S4G5Q7	1	U-01	aegypti	Ae. aegypti
A0A1S4G5Q8	1	U-01	aegypti	Ae. aegypti
A0A1S4G5Q9	2	U-02	aegypti	Ae. aegypti
A0A1S4G5R5	0	unassigned	aegypti	Ae. aegypti
A0A1S4G5S5	1	U-01	aegypti	Ae. aegypti
A0A1S4G5U6	1	U-01	aegypti	Ae. aegypti
A0A1S4G5W3	1	U-01	aegypti	Ae. aegypti
A0A1S4G5W6	1	U-01	aegypti	Ae. aegypti
A0A1S4G5Y5	1	U-01	aegypti	Ae. aegypti
A0A1S4G631	0	unassigned	aegypti	Ae. aegypti
A0A1S4G635	1	U-01	aegypti	Ae. aegypti
A0A1S4G638	1	U-01	aegypti	Ae. aegypti
A0A1S4G665	1	U-01	aegypti	Ae. aegypti
A0A1S4G685	1	U-01	aegypti	Ae. aegypti
A0A1S4G6B7	1	U-01	aegypti	Ae. aegypti
A0A1S4G6D0	2	U-02	aegypti	Ae. aegypti
A0A1S4G6K0	0	unassigned	aegypti	Ae. aegypti
A0A1S4G6K7	0	unassigned	aegypti	Ae. aegypti
A0A1S4G6K8	0	unassigned	aegypti	Ae. aegypti
A0A1S4G6L4	1	U-01	aegypti	Ae. aegypti
A0A1S4G6L9	1	U-01	aegypti	Ae. aegypti
A0A1S4G6N3	0	unassigned	aegypti	Ae. aegypti
A0A1S4G6N7	1	U-01	aegypti	Ae. aegypti
A0A1S4G6N8	1	U-01	aegypti	Ae. aegypti
A0A1S4G6P0	0	unassigned	aegypti	Ae. aegypti
A0A1S4G6Q1	1	U-01	aegypti	Ae. aegypti
A0A1S4G6T6	1	U-01	aegypti	Ae. aegypti
A0A1S4G6U0	1	U-01	aegypti	Ae. aegypti
A0A1S4G6V3	0	unassigned	aegypti	Ae. aegypti
A0A1S4G6Y0	1	U-01	aegypti	Ae. aegypti
A0A1S4G707	1	U-01	aegypti	Ae. aegypti
A0A1S4G712	1	U-01	aegypti	Ae. aegypti
A0A1S4G723	2	U-02	aegypti	Ae. aegypti
A0A1S4G731	2	U-02	aegypti	Ae. aegypti
A0A1S4G735	1	U-01	aegypti	Ae. aegypti
A0A1S4G742	0	unassigned	aegypti	Ae. aegypti
A0A1S4G757	0	unassigned	aegypti	Ae. aegypti
A0A6I8U6U6	1	U-01	aegypti	Ae. aegypti
A0A6I8U6V4	1	U-01	aegypti	Ae. aegypti
A0A6I8U6V5	1	U-01	aegypti	Ae. aegypti
A0A6I8U6V7	2	U-02	aegypti	Ae. aegypti
A0A6I8U6W0	0	unassigned	aegypti	Ae. aegypti
A0A6I8U6W2	2	U-02	aegypti	Ae. aegypti
A0A6I8U6W3	0	unassigned	aegypti	Ae. aegypti
A0A6I8U6W6	1	U-01	aegypti	Ae. aegypti
A0A6I8U6W8	0	unassigned	aegypti	Ae. aegypti
A0A6I8U6W9	2	U-02	aegypti	Ae. aegypti
A0A6I8U6X0	1	U-01	aegypti	Ae. aegypti
A0A6I8U6X1	1	U-01	aegypti	Ae. aegypti
A0A6I8U6X4	0	unassigned	aegypti	Ae. aegypti
A0A6I8U6X5	0	unassigned	aegypti	Ae. aegypti
A0A6I8U6Y0	2	U-02	aegypti	Ae. aegypti
A0A6I8U6Y7	2	U-02	aegypti	Ae. aegypti
A0A1S4G869	1	U-01	aegypti	Ae. aegypti
A0A1S4G879	1	U-01	aegypti	Ae. aegypti
A0A2C9GG51	2	U-02	aegypti	Ae. aegypti
A0A2C9GG53	2	U-02	aegypti	Ae. aegypti
A0A2C9GGD1	1	U-01	aegypti	Ae. aegypti
A0A2C9GGD5	1	U-01	aegypti	Ae. aegypti
A0A6E8P7U3	2	U-02	aegypti	Ae. aegypti
A0A6E8P860	0	unassigned	aegypti	Ae. aegypti
A0A6E8PGW1	2	U-02	aegypti	Ae. aegypti
A0A6E8PL02	2	U-02	aegypti	Ae. aegypti
A0A6E8PLD5	2	U-02	aegypti	Ae. aegypti
A0A6E8PLE2	2	U-02	aegypti	Ae. aegypti
A0A6I8T2U5	1	U-01	aegypti	Ae. aegypti
A0A6I8T2V5	1	U-01	aegypti	Ae. aegypti
A0A6I8T2V7	1	U-01	aegypti	Ae. aegypti
A0A6I8T2V8	1	U-01	aegypti	Ae. aegypti
A0A6I8T2V9	1	U-01	aegypti	Ae. aegypti
A0A6I8T2W5	1	U-01	aegypti	Ae. aegypti
A0A6I8T2W8	0	unassigned	aegypti	Ae. aegypti
A0A6I8T2W9	0	unassigned	aegypti	Ae. aegypti
A0A6I8T2X2	1	U-01	aegypti	Ae. aegypti
A0A6I8T2X4	1	U-01	aegypti	Ae. aegypti
A0A6I8T2X6	1	U-01	aegypti	Ae. aegypti
A0A6I8T2Y5	1	U-01	aegypti	Ae. aegypti
A0A6I8T2Y7	1	U-01	aegypti	Ae. aegypti
A0A6I8T2Y8	1	U-01	aegypti	Ae. aegypti
A0A6I8T2Y9	1	U-01	aegypti	Ae. aegypti
A0A6I8T2Z0	1	U-01	aegypti	Ae. aegypti
A0A6I8T2Z1	1	U-01	aegypti	Ae. aegypti
A0A6I8T2Z2	1	U-01	aegypti	Ae. aegypti
A0A6I8T2Z3	1	U-01	aegypti	Ae. aegypti
A0A6I8T2Z4	1	U-01	aegypti	Ae. aegypti
A0A6I8T2Z5	1	U-01	aegypti	Ae. aegypti
A0A6I8T2Z7	1	U-01	aegypti	Ae. aegypti
A0A6I8T2Z8	1	U-01	aegypti	Ae. aegypti
A0A6I8T301	1	U-01	aegypti	Ae. aegypti
A0A6I8T305	1	U-01	aegypti	Ae. aegypti
A0A6I8T310	1	U-01	aegypti	Ae. aegypti
A0A6I8T311	1	U-01	aegypti	Ae. aegypti
A0A6I8T312	2	U-02	aegypti	Ae. aegypti
A0A6I8T327	1	U-01	aegypti	Ae. aegypti
A0A6I8T329	2	U-02	aegypti	Ae. aegypti
A0A6I8T333	1	U-01	aegypti	Ae. aegypti
A0A6I8T336	2	U-02	aegypti	Ae. aegypti
A0A6I8T337	2	U-02	aegypti	Ae. aegypti
A0A6I8T338	1	U-01	aegypti	Ae. aegypti
A0A6I8T340	1	U-01	aegypti	Ae. aegypti
A0A6I8T343	2	U-02	aegypti	Ae. aegypti
A0A6I8T346	1	U-01	aegypti	Ae. aegypti
A0A6I8T347	2	U-02	aegypti	Ae. aegypti
A0A6I8T348	1	U-01	aegypti	Ae. aegypti
A0A6I8T353	1	U-01	aegypti	Ae. aegypti
A0A6I8T355	1	U-01	aegypti	Ae. aegypti
A0A6I8T356	0	unassigned	aegypti	Ae. aegypti
A0A6I8T358	1	U-01	aegypti	Ae. aegypti
A0A6I8T359	1	U-01	aegypti	Ae. aegypti
A0A6I8T361	1	U-01	aegypti	Ae. aegypti
A0A6I8T362	2	U-02	aegypti	Ae. aegypti
A0A6I8T368	1	U-01	aegypti	Ae. aegypti
A0A6I8T371	2	U-02	aegypti	Ae. aegypti
A0A6I8T372	2	U-02	aegypti	Ae. aegypti
A0A6I8T374	1	U-01	aegypti	Ae. aegypti
A0A6I8T379	1	U-01	aegypti	Ae. aegypti
A0A6I8T383	0	unassigned	aegypti	Ae. aegypti
A0A6I8T384	1	U-01	aegypti	Ae. aegypti
A0A6I8T391	2	U-02	aegypti	Ae. aegypti
A0A6I8T392	2	U-02	aegypti	Ae. aegypti
A0A6I8T395	0	unassigned	aegypti	Ae. aegypti
A0A6I8T396	0	unassigned	aegypti	Ae. aegypti
A0A6I8TBH0	2	U-02	aegypti	Ae. aegypti
A0A6I8TBH3	1	U-01	aegypti	Ae. aegypti
A0A6I8TBH8	1	U-01	aegypti	Ae. aegypti
A0A6I8TBI1	2	U-02	aegypti	Ae. aegypti
A0A6I8TBI4	1	U-01	aegypti	Ae. aegypti
A0A6I8TBI7	2	U-02	aegypti	Ae. aegypti
A0A6I8TBJ0	1	U-01	aegypti	Ae. aegypti
A0A6I8TBJ2	2	U-02	aegypti	Ae. aegypti
A0A6I8TBJ9	1	U-01	aegypti	Ae. aegypti
A0A6I8TBK0	2	U-02	aegypti	Ae. aegypti
A0A6I8TBK1	1	U-01	aegypti	Ae. aegypti
A0A6I8TBK5	1	U-01	aegypti	Ae. aegypti
A0A6I8TBK6	1	U-01	aegypti	Ae. aegypti
A0A6I8TBK8	1	U-01	aegypti	Ae. aegypti
A0A6I8TBL0	1	U-01	aegypti	Ae. aegypti
A0A6I8TBL2	1	U-01	aegypti	Ae. aegypti
A0A6I8TBM0	1	U-01	aegypti	Ae. aegypti
A0A6I8TBM1	1	U-01	aegypti	Ae. aegypti
A0A6I8TBM2	2	U-02	aegypti	Ae. aegypti
A0A6I8TBM4	1	U-01	aegypti	Ae. aegypti
A0A6I8TBN2	1	U-01	aegypti	Ae. aegypti
A0A6I8TBN5	1	U-01	aegypti	Ae. aegypti
A0A6I8TBN9	1	U-01	aegypti	Ae. aegypti
A0A6I8TBP0	1	U-01	aegypti	Ae. aegypti
A0A6I8TBP2	1	U-01	aegypti	Ae. aegypti
A0A6I8TBP8	1	U-01	aegypti	Ae. aegypti
A0A6I8TBQ4	1	U-01	aegypti	Ae. aegypti
A0A6I8TBQ7	1	U-01	aegypti	Ae. aegypti
A0A6I8TBQ9	2	U-02	aegypti	Ae. aegypti
A0A6I8TBR0	2	U-02	aegypti	Ae. aegypti
A0A6I8TBR6	1	U-01	aegypti	Ae. aegypti
A0A6I8TBS1	1	U-01	aegypti	Ae. aegypti
A0A6I8TBS3	1	U-01	aegypti	Ae. aegypti
A0A6I8TBS6	0	unassigned	aegypti	Ae. aegypti
A0A6I8TBS8	0	unassigned	aegypti	Ae. aegypti
A0A6I8TBS9	1	U-01	aegypti	Ae. aegypti
A0A6I8TBT0	1	U-01	aegypti	Ae. aegypti
A0A6I8TBT6	1	U-01	aegypti	Ae. aegypti
A0A6I8TBT8	1	U-01	aegypti	Ae. aegypti
A0A6I8TBU0	1	U-01	aegypti	Ae. aegypti
A0A6I8TBU8	1	U-01	aegypti	Ae. aegypti
A0A6I8TBU9	0	unassigned	aegypti	Ae. aegypti
A0A6I8TBV0	2	U-02	aegypti	Ae. aegypti
A0A6I8TBV3	2	U-02	aegypti	Ae. aegypti
A0A6I8TBV5	1	U-01	aegypti	Ae. aegypti
A0A6I8TBW4	2	U-02	aegypti	Ae. aegypti
A0A6I8TBW7	2	U-02	aegypti	Ae. aegypti
A0A6I8TBX3	1	U-01	aegypti	Ae. aegypti
A0A6I8TBX4	1	U-01	aegypti	Ae. aegypti
A0A6I8TBX7	2	U-02	aegypti	Ae. aegypti
A0A6I8TBY4	1	U-01	aegypti	Ae. aegypti
A0A6I8TBZ3	1	U-01	aegypti	Ae. aegypti
A0A6I8TBZ6	1	U-01	aegypti	Ae. aegypti
A0A6I8TC07	1	U-01	aegypti	Ae. aegypti
A0A6I8TC08	1	U-01	aegypti	Ae. aegypti
A0A6I8TC16	1	U-01	aegypti	Ae. aegypti
A0A6I8TC18	1	U-01	aegypti	Ae. aegypti
A0A6I8TC21	2	U-02	aegypti	Ae. aegypti
A0A6I8TC25	1	U-01	aegypti	Ae. aegypti
A0A6I8TC27	1	U-01	aegypti	Ae. aegypti
A0A6I8TC29	2	U-02	aegypti	Ae. aegypti
A0A6I8TC30	2	U-02	aegypti	Ae. aegypti
A0A6I8TC35	1	U-01	aegypti	Ae. aegypti
A0A6I8TC40	0	unassigned	aegypti	Ae. aegypti
A0A6I8TC44	1	U-01	aegypti	Ae. aegypti
A0A6I8TC45	0	unassigned	aegypti	Ae. aegypti
A0A6I8TC46	1	U-01	aegypti	Ae. aegypti
A0A6I8TC50	1	U-01	aegypti	Ae. aegypti
A0A6I8TC53	1	U-01	aegypti	Ae. aegypti
A0A6I8TC54	1	U-01	aegypti	Ae. aegypti
A0A6I8TC56	2	U-02	aegypti	Ae. aegypti
A0A6I8TC60	2	U-02	aegypti	Ae. aegypti
A0A6I8TC64	1	U-01	aegypti	Ae. aegypti
A0A6I8TC65	1	U-01	aegypti	Ae. aegypti
A0A6I8TC69	1	U-01	aegypti	Ae. aegypti
A0A6I8TC71	0	unassigned	aegypti	Ae. aegypti
A0A6I8TC72	1	U-01	aegypti	Ae. aegypti
A0A6I8TC73	0	unassigned	aegypti	Ae. aegypti
A0A6I8TC74	1	U-01	aegypti	Ae. aegypti
A0A6I8TC77	1	U-01	aegypti	Ae. aegypti
A0A6I8TC79	1	U-01	aegypti	Ae. aegypti
A0A6I8TC85	1	U-01	aegypti	Ae. aegypti
A0A6I8TC89	1	U-01	aegypti	Ae. aegypti
A0A6I8TC98	0	unassigned	aegypti	Ae. aegypti
A0A6I8TCA0	1	U-01	aegypti	Ae. aegypti
A0A6I8TCA1	1	U-01	aegypti	Ae. aegypti
A0A6I8TCA4	2	U-02	aegypti	Ae. aegypti
A0A6I8TCA8	1	U-01	aegypti	Ae. aegypti
A0A6I8TCA9	1	U-01	aegypti	Ae. aegypti
A0A6I8TCB0	1	U-01	aegypti	Ae. aegypti
A0A6I8TCB1	1	U-01	aegypti	Ae. aegypti
A0A6I8TCB2	1	U-01	aegypti	Ae. aegypti
A0A6I8TCC2	1	U-01	aegypti	Ae. aegypti
A0A6I8TCC6	1	U-01	aegypti	Ae. aegypti
A0A6I8TCD0	1	U-01	aegypti	Ae. aegypti
A0A6I8TM94	1	U-01	aegypti	Ae. aegypti
A0A6I8TM95	1	U-01	aegypti	Ae. aegypti
A0A6I8TM96	1	U-01	aegypti	Ae. aegypti
A0A6I8TM98	1	U-01	aegypti	Ae. aegypti
A0A6I8TMB3	2	U-02	aegypti	Ae. aegypti
A0A6I8TMB4	1	U-01	aegypti	Ae. aegypti
A0A6I8TMB5	1	U-01	aegypti	Ae. aegypti
A0A6I8TMB7	1	U-01	aegypti	Ae. aegypti
A0A6I8TMC0	0	unassigned	aegypti	Ae. aegypti
A0A6I8TMC1	1	U-01	aegypti	Ae. aegypti
A0A6I8TMC5	1	U-01	aegypti	Ae. aegypti
A0A6I8TMC6	1	U-01	aegypti	Ae. aegypti
A0A6I8TMC7	0	unassigned	aegypti	Ae. aegypti
A0A6I8TMD1	0	unassigned	aegypti	Ae. aegypti
A0A6I8TMD3	1	U-01	aegypti	Ae. aegypti
A0A6I8TMD7	1	U-01	aegypti	Ae. aegypti
A0A6I8TMD8	1	U-01	aegypti	Ae. aegypti
A0A6I8TME1	0	unassigned	aegypti	Ae. aegypti
A0A6I8TME2	1	U-01	aegypti	Ae. aegypti
A0A6I8TME4	0	unassigned	aegypti	Ae. aegypti
A0A6I8TME7	0	unassigned	aegypti	Ae. aegypti
A0A6I8TME8	2	U-02	aegypti	Ae. aegypti
A0A6I8TMF0	0	unassigned	aegypti	Ae. aegypti
A0A6I8TMF5	0	unassigned	aegypti	Ae. aegypti
A0A6I8TMG0	0	unassigned	aegypti	Ae. aegypti
A0A6I8TMG1	2	U-02	aegypti	Ae. aegypti
A0A6I8TMG3	1	U-01	aegypti	Ae. aegypti
A0A6I8TMG6	1	U-01	aegypti	Ae. aegypti
A0A6I8TMG8	2	U-02	aegypti	Ae. aegypti
A0A6I8TMH2	2	U-02	aegypti	Ae. aegypti
A0A6I8TMH9	1	U-01	aegypti	Ae. aegypti
A0A6I8TMI3	0	unassigned	aegypti	Ae. aegypti
A0A6I8TMI7	0	unassigned	aegypti	Ae. aegypti
A0A6I8TMI9	2	U-02	aegypti	Ae. aegypti
A0A6I8TMJ0	1	U-01	aegypti	Ae. aegypti
A0A6I8TMK0	1	U-01	aegypti	Ae. aegypti
A0A6I8TMK3	2	U-02	aegypti	Ae. aegypti
A0A6I8TMK5	1	U-01	aegypti	Ae. aegypti
A0A6I8TMK6	2	U-02	aegypti	Ae. aegypti
A0A6I8TMK9	1	U-01	aegypti	Ae. aegypti
A0A6I8TML0	0	unassigned	aegypti	Ae. aegypti
A0A6I8TML3	1	U-01	aegypti	Ae. aegypti
A0A6I8TML4	0	unassigned	aegypti	Ae. aegypti
A0A6I8TMM3	2	U-02	aegypti	Ae. aegypti
A0A6I8TMM5	1	U-01	aegypti	Ae. aegypti
A0A6I8TMM7	1	U-01	aegypti	Ae. aegypti
A0A6I8TMN3	1	U-01	aegypti	Ae. aegypti
A0A6I8TMN8	1	U-01	aegypti	Ae. aegypti
A0A6I8TMP2	1	U-01	aegypti	Ae. aegypti
A0A6I8TMP9	2	U-02	aegypti	Ae. aegypti
A0A6I8TMQ2	2	U-02	aegypti	Ae. aegypti
A0A6I8TMQ3	1	U-01	aegypti	Ae. aegypti
A0A6I8TMQ5	1	U-01	aegypti	Ae. aegypti
A0A6I8TMR0	1	U-01	aegypti	Ae. aegypti
A0A6I8TMR9	1	U-01	aegypti	Ae. aegypti
A0A6I8TMS0	1	U-01	aegypti	Ae. aegypti
A0A6I8TMS1	1	U-01	aegypti	Ae. aegypti
A0A6I8TMS2	1	U-01	aegypti	Ae. aegypti
A0A6I8TMS6	1	U-01	aegypti	Ae. aegypti
A0A6I8TMT4	2	U-02	aegypti	Ae. aegypti
A0A6I8TMT6	1	U-01	aegypti	Ae. aegypti
A0A6I8TMU1	1	U-01	aegypti	Ae. aegypti
A0A6I8TMU5	1	U-01	aegypti	Ae. aegypti
A0A6I8TMU6	1	U-01	aegypti	Ae. aegypti
A0A6I8TMV2	1	U-01	aegypti	Ae. aegypti
A0A6I8TMV3	1	U-01	aegypti	Ae. aegypti
A0A6I8TMV6	0	unassigned	aegypti	Ae. aegypti
A0A6I8TMW1	1	U-01	aegypti	Ae. aegypti
A0A6I8TMW3	1	U-01	aegypti	Ae. aegypti
A0A6I8TMW4	1	U-01	aegypti	Ae. aegypti
A0A6I8TMW8	1	U-01	aegypti	Ae. aegypti
A0A6I8TMX0	1	U-01	aegypti	Ae. aegypti
A0A6I8TMX5	1	U-01	aegypti	Ae. aegypti
A0A6I8TMY2	1	U-01	aegypti	Ae. aegypti
A0A6I8TMY4	1	U-01	aegypti	Ae. aegypti
A0A6I8TMY5	1	U-01	aegypti	Ae. aegypti
A0A6I8TMZ6	1	U-01	aegypti	Ae. aegypti
A0A6I8TMZ7	1	U-01	aegypti	Ae. aegypti
A0A6I8TMZ8	2	U-02	aegypti	Ae. aegypti
A0A6I8TN00	1	U-01	aegypti	Ae. aegypti
A0A6I8TN06	0	unassigned	aegypti	Ae. aegypti
A0A6I8TN07	1	U-01	aegypti	Ae. aegypti
A0A6I8TN11	1	U-01	aegypti	Ae. aegypti
A0A6I8TN13	1	U-01	aegypti	Ae. aegypti
A0A6I8TN16	1	U-01	aegypti	Ae. aegypti
A0A6I8TN22	1	U-01	aegypti	Ae. aegypti
A0A6I8TN23	1	U-01	aegypti	Ae. aegypti
A0A6I8TN27	1	U-01	aegypti	Ae. aegypti
A0A6I8TN28	1	U-01	aegypti	Ae. aegypti
A0A6I8TN35	1	U-01	aegypti	Ae. aegypti
A0A6I8TN38	1	U-01	aegypti	Ae. aegypti
A0A6I8TN42	2	U-02	aegypti	Ae. aegypti
A0A6I8TN44	1	U-01	aegypti	Ae. aegypti
A0A6I8TN47	1	U-01	aegypti	Ae. aegypti
A0A6I8TVH8	1	U-01	aegypti	Ae. aegypti
A0A6I8TVJ6	1	U-01	aegypti	Ae. aegypti
A0A6I8TVK1	1	U-01	aegypti	Ae. aegypti
A0A6I8TVK3	2	U-02	aegypti	Ae. aegypti
A0A6I8TVM0	1	U-01	aegypti	Ae. aegypti
A0A6I8TVP2	1	U-01	aegypti	Ae. aegypti
A0A6I8TVR5	2	U-02	aegypti	Ae. aegypti
A0A6I8TVV9	1	U-01	aegypti	Ae. aegypti
A0A6I8TVY0	1	U-01	aegypti	Ae. aegypti
A0A6I8TVY4	1	U-01	aegypti	Ae. aegypti
A0A6I8TVY5	1	U-01	aegypti	Ae. aegypti
A0A6I8TW35	1	U-01	aegypti	Ae. aegypti
A0A6I8TW42	1	U-01	aegypti	Ae. aegypti
A0A6I8TW54	1	U-01	aegypti	Ae. aegypti
A0A6I8TW60	1	U-01	aegypti	Ae. aegypti
A0A6I8TW69	1	U-01	aegypti	Ae. aegypti
A0A6I8TW74	1	U-01	aegypti	Ae. aegypti
A0A6I8TW77	1	U-01	aegypti	Ae. aegypti
A0A6I8TW84	1	U-01	aegypti	Ae. aegypti
A0A6I8TW89	1	U-01	aegypti	Ae. aegypti
A0A6I8TW97	1	U-01	aegypti	Ae. aegypti
A0A6I8TW99	2	U-02	aegypti	Ae. aegypti
A0A6I8TWA2	1	U-01	aegypti	Ae. aegypti
A0A6I8TWA9	1	U-01	aegypti	Ae. aegypti
A0A6I8TWB3	1	U-01	aegypti	Ae. aegypti
A0A6I8TWB7	1	U-01	aegypti	Ae. aegypti
A0A6I8TWE0	1	U-01	aegypti	Ae. aegypti
A0A6I8TWF2	1	U-01	aegypti	Ae. aegypti
A0A6I8TWF6	1	U-01	aegypti	Ae. aegypti
A0A6I8TWJ6	2	U-02	aegypti	Ae. aegypti
A0A6I8TWK1	2	U-02	aegypti	Ae. aegypti
A0A6I8TWL3	1	U-01	aegypti	Ae. aegypti
A0A6I8TWP9	1	U-01	aegypti	Ae. aegypti
A0A6I8TWQ7	1	U-01	aegypti	Ae. aegypti
A0A6I8TWS2	1	U-01	aegypti	Ae. aegypti
A0A6I8TWS5	2	U-02	aegypti	Ae. aegypti
A0A6I8TWS6	1	U-01	aegypti	Ae. aegypti
A0A6I8TWT0	1	U-01	aegypti	Ae. aegypti
A0A6I8TWV2	1	U-01	aegypti	Ae. aegypti
A0A6I8TWV4	2	U-02	aegypti	Ae. aegypti
A0A6I8TWW6	1	U-01	aegypti	Ae. aegypti
A0A6I8TX01	1	U-01	aegypti	Ae. aegypti
A0A903UBL1	1	U-01	aegypti	Ae. aegypti
A0A903UBL8	2	U-02	aegypti	Ae. aegypti
A0A903UBT9	1	U-01	aegypti	Ae. aegypti
A0A903UBX2	1	U-01	aegypti	Ae. aegypti
A0A903UBX9	1	U-01	aegypti	Ae. aegypti
A0A903UC11	1	U-01	aegypti	Ae. aegypti
A0A903UC20	1	U-01	aegypti	Ae. aegypti
A0A903UC24	1	U-01	aegypti	Ae. aegypti
A0A903UCE7	1	U-01	aegypti	Ae. aegypti
A0A903UCF6	1	U-01	aegypti	Ae. aegypti
A0A903UCI8	0	unassigned	aegypti	Ae. aegypti
A0A903UCM1	1	U-01	aegypti	Ae. aegypti
A0A903UCM5	1	U-01	aegypti	Ae. aegypti
A0A903UCP7	2	U-02	aegypti	Ae. aegypti
A0A903UCU7	1	U-01	aegypti	Ae. aegypti
A0A903UD83	0	unassigned	aegypti	Ae. aegypti
A0A903UDB3	1	U-01	aegypti	Ae. aegypti
A0A903UDL9	1	U-01	aegypti	Ae. aegypti
A0A903UDM3	2	U-02	aegypti	Ae. aegypti
A0A903UDR5	2	U-02	aegypti	Ae. aegypti
A0A903UE79	1	U-01	aegypti	Ae. aegypti
A0A903UEC9	1	U-01	aegypti	Ae. aegypti
A0A903UEH1	1	U-01	aegypti	Ae. aegypti
A0A903UEH4	1	U-01	aegypti	Ae. aegypti
A0A903UEJ1	1	U-01	aegypti	Ae. aegypti
A0A903UEK4	1	U-01	aegypti	Ae. aegypti
A0A903UEU2	2	U-02	aegypti	Ae. aegypti
A0A1S4EXX0	1	U-01	aegypti	Ae. aegypti
A0A1S4EY07	1	U-01	aegypti	Ae. aegypti
A0A1S4EY37	1	U-01	aegypti	Ae. aegypti
A0A1S4EYM4	1	U-01	aegypti	Ae. aegypti
A0A1S4EYP3	1	U-01	aegypti	Ae. aegypti
A0A1S4EYR2	1	U-01	aegypti	Ae. aegypti
A0A1S4EZ75	1	U-01	aegypti	Ae. aegypti
A0A1S4EZ97	2	U-02	aegypti	Ae. aegypti
A0A1S4EZF9	1	U-01	aegypti	Ae. aegypti
A0A1S4EZY5	1	U-01	aegypti	Ae. aegypti
A0A1S4F0B9	1	U-01	aegypti	Ae. aegypti
A0A1S4F0L4	1	U-01	aegypti	Ae. aegypti
A0A1S4F0N0	1	U-01	aegypti	Ae. aegypti
A0A1S4F0P9	1	U-01	aegypti	Ae. aegypti
A0A1S4F0Q7	1	U-01	aegypti	Ae. aegypti
A0A1S4F0R9	2	U-02	aegypti	Ae. aegypti
A0A1S4F159	1	U-01	aegypti	Ae. aegypti
A0A1S4F1D4	1	U-01	aegypti	Ae. aegypti
A0A1S4F1D7	2	U-02	aegypti	Ae. aegypti
A0A1S4F1J9	2	U-02	aegypti	Ae. aegypti
A0A1S4F1W5	2	U-02	aegypti	Ae. aegypti
A0A1S4F219	2	U-02	aegypti	Ae. aegypti
A0A1S4F231	2	U-02	aegypti	Ae. aegypti
A0A1S4F280	2	U-02	aegypti	Ae. aegypti
A0A1S4F2I9	1	U-01	aegypti	Ae. aegypti
A0A1S4F2J6	1	U-01	aegypti	Ae. aegypti
A0A1S4F2X0	1	U-01	aegypti	Ae. aegypti
A0A1S4F323	1	U-01	aegypti	Ae. aegypti
A0A1S4F338	1	U-01	aegypti	Ae. aegypti
A0A1S4F342	1	U-01	aegypti	Ae. aegypti
A0A1S4F3N8	1	U-01	aegypti	Ae. aegypti
A0A1S4F3T4	1	U-01	aegypti	Ae. aegypti
A0A1S4F432	1	U-01	aegypti	Ae. aegypti
A0A1S4F444	2	U-02	aegypti	Ae. aegypti
A0A1S4F525	1	U-01	aegypti	Ae. aegypti
A0A1S4F550	1	U-01	aegypti	Ae. aegypti
A0A1S4F5T3	1	U-01	aegypti	Ae. aegypti
A0A1S4F672	1	U-01	aegypti	Ae. aegypti
A0A1S4F6C2	1	U-01	aegypti	Ae. aegypti
A0A1S4F6J0	1	U-01	aegypti	Ae. aegypti
A0A1S4F6S3	1	U-01	aegypti	Ae. aegypti
A0A1S4F700	2	U-02	aegypti	Ae. aegypti
A0A1S4F7E9	1	U-01	aegypti	Ae. aegypti
A0A1S4F7L5	1	U-01	aegypti	Ae. aegypti
A0A1S4F7Q0	1	U-01	aegypti	Ae. aegypti
A0A1S4F7R6	1	U-01	aegypti	Ae. aegypti
A0A1S4F804	1	U-01	aegypti	Ae. aegypti
A0A1S4F874	1	U-01	aegypti	Ae. aegypti
A0A1S4F890	1	U-01	aegypti	Ae. aegypti
A0A1S4F8D7	1	U-01	aegypti	Ae. aegypti
A0A1S4F8F0	1	U-01	aegypti	Ae. aegypti
A0A1S4F8J6	1	U-01	aegypti	Ae. aegypti
A0A1S4F8T1	1	U-01	aegypti	Ae. aegypti
A0A1S4F8V0	1	U-01	aegypti	Ae. aegypti
A0A1S4F8Y6	1	U-01	aegypti	Ae. aegypti
A0A1S4F9D6	1	U-01	aegypti	Ae. aegypti
A0A1S4F9I5	1	U-01	aegypti	Ae. aegypti
A0A1S4F9X3	1	U-01	aegypti	Ae. aegypti
A0A1S4FAE2	1	U-01	aegypti	Ae. aegypti
A0A1S4FB03	1	U-01	aegypti	Ae. aegypti
A0A1S4FB89	2	U-02	aegypti	Ae. aegypti
A0A1S4FBD7	1	U-01	aegypti	Ae. aegypti
A0A1S4FBL3	2	U-02	aegypti	Ae. aegypti
A0A1S4FBT5	2	U-02	aegypti	Ae. aegypti
A0A1S4FBV4	1	U-01	aegypti	Ae. aegypti
A0A1S4FBX9	2	U-02	aegypti	Ae. aegypti
A0A1S4FCP1	1	U-01	aegypti	Ae. aegypti
A0A1S4FCR0	2	U-02	aegypti	Ae. aegypti
A0A1S4FD31	1	U-01	aegypti	Ae. aegypti
A0A1S4FDA2	1	U-01	aegypti	Ae. aegypti
A0A1S4FDG4	2	U-02	aegypti	Ae. aegypti
A0A1S4FDS5	1	U-01	aegypti	Ae. aegypti
A0A1S4FE53	1	U-01	aegypti	Ae. aegypti
A0A1S4FEB1	1	U-01	aegypti	Ae. aegypti
A0A1S4FEE7	2	U-02	aegypti	Ae. aegypti
A0A1S4FEH1	2	U-02	aegypti	Ae. aegypti
A0A1S4FF65	1	U-01	aegypti	Ae. aegypti
A0A1S4FFD5	1	U-01	aegypti	Ae. aegypti
A0A1S4FFJ2	2	U-02	aegypti	Ae. aegypti
A0A1S4FFU1	1	U-01	aegypti	Ae. aegypti
A0A1S4FG70	1	U-01	aegypti	Ae. aegypti
A0A1S4FGC2	1	U-01	aegypti	Ae. aegypti
A0A1S4FGD0	1	U-01	aegypti	Ae. aegypti
A0A1S4FGV4	2	U-02	aegypti	Ae. aegypti
A0A1S4FH65	1	U-01	aegypti	Ae. aegypti
A0A1S4FHI7	1	U-01	aegypti	Ae. aegypti
A0A1S4FHU1	1	U-01	aegypti	Ae. aegypti
A0A1S4FHU8	1	U-01	aegypti	Ae. aegypti
A0A1S4FHV9	2	U-02	aegypti	Ae. aegypti
A0A1S4FI83	2	U-02	aegypti	Ae. aegypti
A0A1S4FIM9	2	U-02	aegypti	Ae. aegypti
A0A1S4FIN5	2	U-02	aegypti	Ae. aegypti
A0A1S4FIV9	1	U-01	aegypti	Ae. aegypti
A0A1S4FJ21	1	U-01	aegypti	Ae. aegypti
A0A1S4FJ87	1	U-01	aegypti	Ae. aegypti
A0A1S4FJA5	1	U-01	aegypti	Ae. aegypti
A0A1S4FJQ9	1	U-01	aegypti	Ae. aegypti
A0A1S4FJY4	1	U-01	aegypti	Ae. aegypti
A0A1S4FJZ7	1	U-01	aegypti	Ae. aegypti
A0A6I8T7S1	1	U-01	aegypti	Ae. aegypti
A0A6I8T7S4	1	U-01	aegypti	Ae. aegypti
A0A6I8T7S5	1	U-01	aegypti	Ae. aegypti
A0A6I8T7S6	1	U-01	aegypti	Ae. aegypti
A0A6I8T7S8	1	U-01	aegypti	Ae. aegypti
A0A6I8T7T0	1	U-01	aegypti	Ae. aegypti
A0A6I8T7T2	1	U-01	aegypti	Ae. aegypti
A0A6I8T7T3	1	U-01	aegypti	Ae. aegypti
A0A6I8T7T4	1	U-01	aegypti	Ae. aegypti
A0A6I8T7T9	1	U-01	aegypti	Ae. aegypti
A0A6I8T7U0	1	U-01	aegypti	Ae. aegypti
A0A6I8T7U1	1	U-01	aegypti	Ae. aegypti
A0A6I8T7U4	1	U-01	aegypti	Ae. aegypti
A0A6I8T7U7	1	U-01	aegypti	Ae. aegypti
A0A6I8T7W0	1	U-01	aegypti	Ae. aegypti
A0A6I8T7W1	2	U-02	aegypti	Ae. aegypti
A0A6I8T7W2	1	U-01	aegypti	Ae. aegypti
A0A6I8T7W4	1	U-01	aegypti	Ae. aegypti
A0A6I8T7W9	1	U-01	aegypti	Ae. aegypti
A0A6I8T7X3	2	U-02	aegypti	Ae. aegypti
A0A6I8T7Y3	1	U-01	aegypti	Ae. aegypti
A0A6I8T7Y5	2	U-02	aegypti	Ae. aegypti
A0A6I8T7Y8	2	U-02	aegypti	Ae. aegypti
A0A6I8T7Z0	1	U-01	aegypti	Ae. aegypti
A0A6I8T7Z6	2	U-02	aegypti	Ae. aegypti
A0A6I8T801	1	U-01	aegypti	Ae. aegypti
A0A6I8T805	1	U-01	aegypti	Ae. aegypti
A0A6I8T806	1	U-01	aegypti	Ae. aegypti
A0A6I8T811	1	U-01	aegypti	Ae. aegypti
A0A6I8T814	1	U-01	aegypti	Ae. aegypti
A0A6I8T816	1	U-01	aegypti	Ae. aegypti
A0A6I8T818	1	U-01	aegypti	Ae. aegypti
A0A6I8T822	1	U-01	aegypti	Ae. aegypti
A0A6I8T823	1	U-01	aegypti	Ae. aegypti
A0A6I8T824	2	U-02	aegypti	Ae. aegypti
A0A6I8T829	1	U-01	aegypti	Ae. aegypti
A0A6I8T832	1	U-01	aegypti	Ae. aegypti
A0A6I8T847	2	U-02	aegypti	Ae. aegypti
A0A6I8T848	1	U-01	aegypti	Ae. aegypti
A0A6I8T852	1	U-01	aegypti	Ae. aegypti
A0A6I8T855	1	U-01	aegypti	Ae. aegypti
A0A6I8T859	2	U-02	aegypti	Ae. aegypti
A0A6I8T861	0	unassigned	aegypti	Ae. aegypti
A0A6I8T862	1	U-01	aegypti	Ae. aegypti
A0A6I8T865	0	unassigned	aegypti	Ae. aegypti
A0A6I8T867	1	U-01	aegypti	Ae. aegypti
A0A6I8T876	1	U-01	aegypti	Ae. aegypti
A0A6I8T879	1	U-01	aegypti	Ae. aegypti
A0A6I8T881	1	U-01	aegypti	Ae. aegypti
A0A6I8T882	2	U-02	aegypti	Ae. aegypti
A0A6I8T885	1	U-01	aegypti	Ae. aegypti
A0A6I8T886	1	U-01	aegypti	Ae. aegypti
A0A6I8T890	1	U-01	aegypti	Ae. aegypti
A0A6I8T891	2	U-02	aegypti	Ae. aegypti
A0A6I8T892	2	U-02	aegypti	Ae. aegypti
A0A6I8T895	0	unassigned	aegypti	Ae. aegypti
A0A6I8T899	1	U-01	aegypti	Ae. aegypti
A0A6I8T8A0	1	U-01	aegypti	Ae. aegypti
A0A6I8T8A1	2	U-02	aegypti	Ae. aegypti
A0A6I8T8A3	1	U-01	aegypti	Ae. aegypti
A0A6I8T8A7	1	U-01	aegypti	Ae. aegypti
A0A6I8T8B0	1	U-01	aegypti	Ae. aegypti
A0A6I8T8B6	2	U-02	aegypti	Ae. aegypti
A0A6I8T8B9	1	U-01	aegypti	Ae. aegypti
A0A6I8T8C0	1	U-01	aegypti	Ae. aegypti
A0A6I8T8C1	1	U-01	aegypti	Ae. aegypti
A0A6I8T8C5	1	U-01	aegypti	Ae. aegypti
A0A6I8T8D8	1	U-01	aegypti	Ae. aegypti
A0A6I8T8E0	1	U-01	aegypti	Ae. aegypti
A0A6I8T8E2	2	U-02	aegypti	Ae. aegypti
A0A6I8T8E4	0	unassigned	aegypti	Ae. aegypti
A0A6I8T8E7	1	U-01	aegypti	Ae. aegypti
A0A6I8T8F5	1	U-01	aegypti	Ae. aegypti
A0A6I8T8G7	1	U-01	aegypti	Ae. aegypti
A0A6I8T8G8	1	U-01	aegypti	Ae. aegypti
A0A6I8T8H2	2	U-02	aegypti	Ae. aegypti
A0A6I8T8H3	0	unassigned	aegypti	Ae. aegypti
A0A6I8T8H5	1	U-01	aegypti	Ae. aegypti
A0A6I8T8H6	0	unassigned	aegypti	Ae. aegypti
A0A6I8T8H7	1	U-01	aegypti	Ae. aegypti
A0A6I8T8H8	0	unassigned	aegypti	Ae. aegypti
A0A6I8T8I1	0	unassigned	aegypti	Ae. aegypti
A0A6I8T8I2	1	U-01	aegypti	Ae. aegypti
A0A6I8T8I3	2	U-02	aegypti	Ae. aegypti
A0A6I8T8I6	1	U-01	aegypti	Ae. aegypti
A0A6I8T8I7	2	U-02	aegypti	Ae. aegypti
A0A6I8T8I9	0	unassigned	aegypti	Ae. aegypti
A0A6I8T8J5	2	U-02	aegypti	Ae. aegypti
A0A6I8T8J7	2	U-02	aegypti	Ae. aegypti
A0A6I8T8K5	1	U-01	aegypti	Ae. aegypti
A0A6I8T8K6	1	U-01	aegypti	Ae. aegypti
A0A6I8THN9	1	U-01	aegypti	Ae. aegypti
A0A6I8THP1	2	U-02	aegypti	Ae. aegypti
A0A6I8THP2	0	unassigned	aegypti	Ae. aegypti
A0A6I8THP3	1	U-01	aegypti	Ae. aegypti
A0A6I8THP4	1	U-01	aegypti	Ae. aegypti
A0A6I8THP6	0	unassigned	aegypti	Ae. aegypti
A0A6I8THP7	2	U-02	aegypti	Ae. aegypti
A0A6I8THQ1	0	unassigned	aegypti	Ae. aegypti
A0A6I8THQ3	0	unassigned	aegypti	Ae. aegypti
A0A6I8THQ5	0	unassigned	aegypti	Ae. aegypti
A0A6I8THQ8	0	unassigned	aegypti	Ae. aegypti
A0A6I8THQ9	0	unassigned	aegypti	Ae. aegypti
A0A6I8THR0	0	unassigned	aegypti	Ae. aegypti
A0A6I8THR1	2	U-02	aegypti	Ae. aegypti
A0A6I8THR5	0	unassigned	aegypti	Ae. aegypti
A0A6I8THR6	2	U-02	aegypti	Ae. aegypti
A0A6I8THR7	0	unassigned	aegypti	Ae. aegypti
A0A6I8THR9	2	U-02	aegypti	Ae. aegypti
A0A6I8THS1	0	unassigned	aegypti	Ae. aegypti
A0A6I8THS3	0	unassigned	aegypti	Ae. aegypti
A0A6I8THS7	0	unassigned	aegypti	Ae. aegypti
A0A6I8THS9	1	U-01	aegypti	Ae. aegypti
A0A6I8THT5	1	U-01	aegypti	Ae. aegypti
A0A6I8THT7	2	U-02	aegypti	Ae. aegypti
A0A6I8THT8	1	U-01	aegypti	Ae. aegypti
A0A6I8THU0	1	U-01	aegypti	Ae. aegypti
A0A6I8THU2	1	U-01	aegypti	Ae. aegypti
A0A6I8THU3	2	U-02	aegypti	Ae. aegypti
A0A6I8THV1	1	U-01	aegypti	Ae. aegypti
A0A6I8THV4	2	U-02	aegypti	Ae. aegypti
A0A6I8THV6	2	U-02	aegypti	Ae. aegypti
A0A6I8THV9	1	U-01	aegypti	Ae. aegypti
A0A6I8THW1	1	U-01	aegypti	Ae. aegypti
A0A6I8THW2	1	U-01	aegypti	Ae. aegypti
A0A6I8THW6	2	U-02	aegypti	Ae. aegypti
A0A6I8THX0	1	U-01	aegypti	Ae. aegypti
A0A6I8THX9	1	U-01	aegypti	Ae. aegypti
A0A6I8THY2	1	U-01	aegypti	Ae. aegypti
A0A6I8THY3	1	U-01	aegypti	Ae. aegypti
A0A6I8THY4	2	U-02	aegypti	Ae. aegypti
A0A6I8THY8	0	unassigned	aegypti	Ae. aegypti
A0A6I8TI05	0	unassigned	aegypti	Ae. aegypti
A0A6I8TI07	1	U-01	aegypti	Ae. aegypti
A0A6I8TI10	1	U-01	aegypti	Ae. aegypti
A0A6I8TI11	0	unassigned	aegypti	Ae. aegypti
A0A6I8TI15	1	U-01	aegypti	Ae. aegypti
A0A6I8TI16	1	U-01	aegypti	Ae. aegypti
A0A6I8TI17	1	U-01	aegypti	Ae. aegypti
A0A6I8TI23	1	U-01	aegypti	Ae. aegypti
A0A6I8TI26	1	U-01	aegypti	Ae. aegypti
A0A6I8TI27	1	U-01	aegypti	Ae. aegypti
A0A6I8TI30	1	U-01	aegypti	Ae. aegypti
A0A6I8TI32	2	U-02	aegypti	Ae. aegypti
A0A6I8TI43	1	U-01	aegypti	Ae. aegypti
A0A6I8TI47	1	U-01	aegypti	Ae. aegypti
A0A6I8TI48	1	U-01	aegypti	Ae. aegypti
A0A6I8TI52	1	U-01	aegypti	Ae. aegypti
A0A6I8TI57	1	U-01	aegypti	Ae. aegypti
A0A6I8TI64	1	U-01	aegypti	Ae. aegypti
A0A6I8TI65	0	unassigned	aegypti	Ae. aegypti
A0A6I8TI66	0	unassigned	aegypti	Ae. aegypti
A0A6I8TI68	1	U-01	aegypti	Ae. aegypti
A0A6I8TI69	1	U-01	aegypti	Ae. aegypti
A0A6I8TI70	0	unassigned	aegypti	Ae. aegypti
A0A6I8TI80	1	U-01	aegypti	Ae. aegypti
A0A6I8TI81	1	U-01	aegypti	Ae. aegypti
A0A6I8TI85	1	U-01	aegypti	Ae. aegypti
A0A6I8TI87	1	U-01	aegypti	Ae. aegypti
A0A6I8TI91	1	U-01	aegypti	Ae. aegypti
A0A6I8TI92	1	U-01	aegypti	Ae. aegypti
A0A6I8TI94	1	U-01	aegypti	Ae. aegypti
A0A6I8TI95	1	U-01	aegypti	Ae. aegypti
A0A6I8TIA3	1	U-01	aegypti	Ae. aegypti
A0A6I8TIA4	0	unassigned	aegypti	Ae. aegypti
A0A6I8TIA5	2	U-02	aegypti	Ae. aegypti
A0A6I8TIA6	1	U-01	aegypti	Ae. aegypti
A0A6I8TIB0	0	unassigned	aegypti	Ae. aegypti
A0A6I8TIB5	0	unassigned	aegypti	Ae. aegypti
A0A6I8TIB8	1	U-01	aegypti	Ae. aegypti
A0A6I8TIC0	0	unassigned	aegypti	Ae. aegypti
A0A6I8TIC1	0	unassigned	aegypti	Ae. aegypti
A0A6I8TIC2	1	U-01	aegypti	Ae. aegypti
A0A6I8TIC5	0	unassigned	aegypti	Ae. aegypti
A0A1S4F568	1	U-01	aegypti	Ae. aegypti
A0A1S4F571	1	U-01	aegypti	Ae. aegypti
A0A1S4F580	2	U-02	aegypti	Ae. aegypti
A0A1S4F584	1	U-01	aegypti	Ae. aegypti
A0A1S4F586	1	U-01	aegypti	Ae. aegypti
A0A1S4F589	2	U-02	aegypti	Ae. aegypti
A0A1S4F595	1	U-01	aegypti	Ae. aegypti
A0A1S4F5A3	1	U-01	aegypti	Ae. aegypti
A0A1S4F5B4	1	U-01	aegypti	Ae. aegypti
A0A1S4F5C1	1	U-01	aegypti	Ae. aegypti
A0A1S4F5C8	1	U-01	aegypti	Ae. aegypti
A0A1S4F5D4	1	U-01	aegypti	Ae. aegypti
A0A1S4F5D9	2	U-02	aegypti	Ae. aegypti
A0A1S4F5E2	0	unassigned	aegypti	Ae. aegypti
A0A1S4F5E8	2	U-02	aegypti	Ae. aegypti
A0A1S4F5G1	2	U-02	aegypti	Ae. aegypti
A0A1S4F5G7	1	U-01	aegypti	Ae. aegypti
A0A1S4F5H5	1	U-01	aegypti	Ae. aegypti
A0A1S4F5I2	2	U-02	aegypti	Ae. aegypti
A0A1S4F5I3	1	U-01	aegypti	Ae. aegypti
A0A1S4F5J8	2	U-02	aegypti	Ae. aegypti
A0A1S4F5K5	1	U-01	aegypti	Ae. aegypti
A0A1S4F5K6	0	unassigned	aegypti	Ae. aegypti
A0A1S4F5K9	1	U-01	aegypti	Ae. aegypti
A0A1S4F5L1	1	U-01	aegypti	Ae. aegypti
A0A1S4F5L7	1	U-01	aegypti	Ae. aegypti
A0A1S4F5M2	2	U-02	aegypti	Ae. aegypti
A0A1S4F5M5	0	unassigned	aegypti	Ae. aegypti
A0A1S4F5N1	1	U-01	aegypti	Ae. aegypti
A0A1S4F5N6	2	U-02	aegypti	Ae. aegypti
A0A1S4F5P0	1	U-01	aegypti	Ae. aegypti
A0A1S4F5S1	1	U-01	aegypti	Ae. aegypti
A0A1S4F5S5	1	U-01	aegypti	Ae. aegypti
A0A1S4F5U4	2	U-02	aegypti	Ae. aegypti
A0A1S4F5U6	1	U-01	aegypti	Ae. aegypti
A0A1S4F5X6	1	U-01	aegypti	Ae. aegypti
A0A1S4F5Y1	0	unassigned	aegypti	Ae. aegypti
A0A1S4F5Z5	2	U-02	aegypti	Ae. aegypti
A0A1S4F5Z7	2	U-02	aegypti	Ae. aegypti
A0A1S4F601	1	U-01	aegypti	Ae. aegypti
A0A1S4F611	2	U-02	aegypti	Ae. aegypti
A0A1S4F613	1	U-01	aegypti	Ae. aegypti
A0A1S4F617	1	U-01	aegypti	Ae. aegypti
A0A1S4F623	1	U-01	aegypti	Ae. aegypti
A0A1S4F625	1	U-01	aegypti	Ae. aegypti
A0A1S4F628	1	U-01	aegypti	Ae. aegypti
A0A1S4F637	1	U-01	aegypti	Ae. aegypti
A0A1S4F657	0	unassigned	aegypti	Ae. aegypti
A0A1S4F673	1	U-01	aegypti	Ae. aegypti
A0A1S4F676	2	U-02	aegypti	Ae. aegypti
A0A1S4F6B0	1	U-01	aegypti	Ae. aegypti
A0A1S4F6B7	1	U-01	aegypti	Ae. aegypti
A0A1S4F6D3	1	U-01	aegypti	Ae. aegypti
A0A1S4F6K5	1	U-01	aegypti	Ae. aegypti
A0A1S4F6L4	1	U-01	aegypti	Ae. aegypti
A0A1S4F6L9	1	U-01	aegypti	Ae. aegypti
A0A1S4F6N7	1	U-01	aegypti	Ae. aegypti
A0A1S4F6R8	1	U-01	aegypti	Ae. aegypti
A0A1S4F6S5	1	U-01	aegypti	Ae. aegypti
A0A1S4F6T0	1	U-01	aegypti	Ae. aegypti
A0A1S4F6T1	1	U-01	aegypti	Ae. aegypti
A0A1S4F6U1	1	U-01	aegypti	Ae. aegypti
A0A1S4F6U9	2	U-02	aegypti	Ae. aegypti
A0A1S4F729	1	U-01	aegypti	Ae. aegypti
A0A1S4F753	1	U-01	aegypti	Ae. aegypti
A0A1S4F764	1	U-01	aegypti	Ae. aegypti
A0A1S4F769	1	U-01	aegypti	Ae. aegypti
A0A1S4F772	1	U-01	aegypti	Ae. aegypti
A0A1S4F797	1	U-01	aegypti	Ae. aegypti
Q16G85	1	U-01	aegypti	Ae. aegypti
Q16GA1	1	U-01	aegypti	Ae. aegypti
Q16GD8	0	unassigned	aegypti	Ae. aegypti
Q16GD9	0	unassigned	aegypti	Ae. aegypti
Q16GE0	0	unassigned	aegypti	Ae. aegypti
Q16GE2	1	U-01	aegypti	Ae. aegypti
Q16GK8	1	U-01	aegypti	Ae. aegypti
Q16GN9	1	U-01	aegypti	Ae. aegypti
Q16GR5	0	unassigned	aegypti	Ae. aegypti
Q16GS1	1	U-01	aegypti	Ae. aegypti
Q16GS2	1	U-01	aegypti	Ae. aegypti
Q16GS4	1	U-01	aegypti	Ae. aegypti
Q16GV1	1	U-01	aegypti	Ae. aegypti
Q16GV5	1	U-01	aegypti	Ae. aegypti
Q16GV7	1	U-01	aegypti	Ae. aegypti
Q16H01	1	U-01	aegypti	Ae. aegypti
Q16H06	1	U-01	aegypti	Ae. aegypti
Q16H18	2	U-02	aegypti	Ae. aegypti
Q16H24	1	U-01	aegypti	Ae. aegypti
Q16H28	1	U-01	aegypti	Ae. aegypti
Q16H37	1	U-01	aegypti	Ae. aegypti
Q16H40	1	U-01	aegypti	Ae. aegypti
Q16H45	1	U-01	aegypti	Ae. aegypti
Q16H50	1	U-01	aegypti	Ae. aegypti
Q16H60	1	U-01	aegypti	Ae. aegypti
Q16H63	1	U-01	aegypti	Ae. aegypti
Q16H66	2	U-02	aegypti	Ae. aegypti
Q16H67	2	U-02	aegypti	Ae. aegypti
Q16H69	2	U-02	aegypti	Ae. aegypti
Q16H73	1	U-01	aegypti	Ae. aegypti
Q16H86	2	U-02	aegypti	Ae. aegypti
A0A6I8UA35	0	unassigned	aegypti	Ae. aegypti
A0A6I8UA36	0	unassigned	aegypti	Ae. aegypti
A0A6I8UA43	1	U-01	aegypti	Ae. aegypti
A0A6I8UA52	1	U-01	aegypti	Ae. aegypti
A0A6I8UA62	2	U-02	aegypti	Ae. aegypti
A0A6I8UA67	2	U-02	aegypti	Ae. aegypti
A0A6R5GZ94	1	U-01	aegypti	Ae. aegypti
A0A6R5H0K1	1	U-01	aegypti	Ae. aegypti
A0A6R5H3G9	1	U-01	aegypti	Ae. aegypti
A0A6R5H5D5	1	U-01	aegypti	Ae. aegypti
A0A6R5H626	2	U-02	aegypti	Ae. aegypti
A0A6R5H650	1	U-01	aegypti	Ae. aegypti
A0A6R5H7X0	0	unassigned	aegypti	Ae. aegypti
A0A6R5H9L1	1	U-01	aegypti	Ae. aegypti
A0A6R5HAD6	1	U-01	aegypti	Ae. aegypti
A0A6R5HC48	2	U-02	aegypti	Ae. aegypti
A0A6R5HCN0	1	U-01	aegypti	Ae. aegypti
A0A6R5HDM3	2	U-02	aegypti	Ae. aegypti
A0A6R5HE97	1	U-01	aegypti	Ae. aegypti
A0A6R5HEK6	1	U-01	aegypti	Ae. aegypti
A0A6R5HEY3	1	U-01	aegypti	Ae. aegypti
A0A6R5HG07	2	U-02	aegypti	Ae. aegypti
A0A6R5HG64	1	U-01	aegypti	Ae. aegypti
A0A6R5HGG7	1	U-01	aegypti	Ae. aegypti
A0A6R5HIP0	1	U-01	aegypti	Ae. aegypti
A0A6R5HJA5	1	U-01	aegypti	Ae. aegypti
A0A6R5HL31	1	U-01	aegypti	Ae. aegypti
A0A6R5HL85	1	U-01	aegypti	Ae. aegypti
A0A6R5HLN2	1	U-01	aegypti	Ae. aegypti
A0A6R5HP02	0	unassigned	aegypti	Ae. aegypti
A0A6R5HPK1	1	U-01	aegypti	Ae. aegypti
A0A6R5HPP1	1	U-01	aegypti	Ae. aegypti
A0A903UF19	1	U-01	aegypti	Ae. aegypti
A0A903UFI0	1	U-01	aegypti	Ae. aegypti
A0A903UFK8	1	U-01	aegypti	Ae. aegypti
A0A903UFP8	1	U-01	aegypti	Ae. aegypti
A0A903UFU2	0	unassigned	aegypti	Ae. aegypti
A0A903UFY5	1	U-01	aegypti	Ae. aegypti
A0A903UG15	1	U-01	aegypti	Ae. aegypti
A0A903UG40	1	U-01	aegypti	Ae. aegypti
A0A903UGC8	2	U-02	aegypti	Ae. aegypti
A0A903UGF9	1	U-01	aegypti	Ae. aegypti
A0A903UGJ7	1	U-01	aegypti	Ae. aegypti
A0A903UGQ8	0	unassigned	aegypti	Ae. aegypti
A0A903UGZ5	0	unassigned	aegypti	Ae. aegypti
A0A903UH00	1	U-01	aegypti	Ae. aegypti
A0A903UH37	1	U-01	aegypti	Ae. aegypti
A0A903UHB1	1	U-01	aegypti	Ae. aegypti
A0A903UHB7	1	U-01	aegypti	Ae. aegypti
A0A903UHD1	1	U-01	aegypti	Ae. aegypti
A0A903UHD9	0	unassigned	aegypti	Ae. aegypti
A0A903UHR5	0	unassigned	aegypti	Ae. aegypti
A0A903UHT3	1	U-01	aegypti	Ae. aegypti
A0A903UHT4	1	U-01	aegypti	Ae. aegypti
A0A903UHU1	1	U-01	aegypti	Ae. aegypti
A0A903UI43	1	U-01	aegypti	Ae. aegypti
A0A903UI78	1	U-01	aegypti	Ae. aegypti
A0A903UI89	1	U-01	aegypti	Ae. aegypti
A0A903UIA1	1	U-01	aegypti	Ae. aegypti
A0A903UIC7	1	U-01	aegypti	Ae. aegypti
A0A903UID7	1	U-01	aegypti	Ae. aegypti
A0A903UIM7	0	unassigned	aegypti	Ae. aegypti
A0A903UIS2	1	U-01	aegypti	Ae. aegypti
A0A903UIT0	2	U-02	aegypti	Ae. aegypti
A0A903UIW1	0	unassigned	aegypti	Ae. aegypti
A0A903UJ32	1	U-01	aegypti	Ae. aegypti
A0A903UJ93	1	U-01	aegypti	Ae. aegypti
A0A903UJF2	1	U-01	aegypti	Ae. aegypti
A0A903UJK1	1	U-01	aegypti	Ae. aegypti
A0A903UJK6	1	U-01	aegypti	Ae. aegypti
A0A903UK54	0	unassigned	aegypti	Ae. aegypti
A0A903UK56	0	unassigned	aegypti	Ae. aegypti
A0A903UK99	2	U-02	aegypti	Ae. aegypti
A0A903UKI0	1	U-01	aegypti	Ae. aegypti
A0A903UKQ8	1	U-01	aegypti	Ae. aegypti
A0A903UKX7	1	U-01	aegypti	Ae. aegypti
A0A903UKZ0	1	U-01	aegypti	Ae. aegypti
A0A903UL67	1	U-01	aegypti	Ae. aegypti
A0A903ULR0	1	U-01	aegypti	Ae. aegypti
A0A903ULU0	1	U-01	aegypti	Ae. aegypti
A0A903ULY0	1	U-01	aegypti	Ae. aegypti
A0A903UM00	1	U-01	aegypti	Ae. aegypti
A0A903UM14	1	U-01	aegypti	Ae. aegypti
A0A903UM16	1	U-01	aegypti	Ae. aegypti
A0A903UM20	1	U-01	aegypti	Ae. aegypti
A0A903UM28	1	U-01	aegypti	Ae. aegypti
A0A903UM34	1	U-01	aegypti	Ae. aegypti
A0A903UMA6	1	U-01	aegypti	Ae. aegypti
A0A903UMD6	1	U-01	aegypti	Ae. aegypti
A0A903UMK5	1	U-01	aegypti	Ae. aegypti
A0A903UMP3	1	U-01	aegypti	Ae. aegypti
A0A903UMR0	0	unassigned	aegypti	Ae. aegypti
A0A903UMS9	0	unassigned	aegypti	Ae. aegypti
A0A903UN26	1	U-01	aegypti	Ae. aegypti
A0A903UN31	1	U-01	aegypti	Ae. aegypti
A0A903UN44	2	U-02	aegypti	Ae. aegypti
A0A903UN91	1	U-01	aegypti	Ae. aegypti
A0A903UNQ3	1	U-01	aegypti	Ae. aegypti
A0A903UNT7	1	U-01	aegypti	Ae. aegypti
A0A903UNW9	1	U-01	aegypti	Ae. aegypti
A0A6I8TIE6	1	U-01	aegypti	Ae. aegypti
A0A6I8TIE7	0	unassigned	aegypti	Ae. aegypti
A0A6I8TIF0	1	U-01	aegypti	Ae. aegypti
A0A6I8TIF2	1	U-01	aegypti	Ae. aegypti
A0A6I8TIF4	1	U-01	aegypti	Ae. aegypti
A0A6I8TIG0	1	U-01	aegypti	Ae. aegypti
A0A6I8TIG1	1	U-01	aegypti	Ae. aegypti
A0A6I8TIG3	1	U-01	aegypti	Ae. aegypti
A0A6I8TIG7	0	unassigned	aegypti	Ae. aegypti
A0A6I8TIG8	1	U-01	aegypti	Ae. aegypti
A0A6I8TIH2	1	U-01	aegypti	Ae. aegypti
A0A6I8TIH4	1	U-01	aegypti	Ae. aegypti
A0A6I8TIH7	1	U-01	aegypti	Ae. aegypti
A0A6I8TIH8	2	U-02	aegypti	Ae. aegypti
A0A6I8TII7	1	U-01	aegypti	Ae. aegypti
A0A6I8TII9	1	U-01	aegypti	Ae. aegypti
A0A6I8TIJ4	2	U-02	aegypti	Ae. aegypti
A0A6I8TIJ5	1	U-01	aegypti	Ae. aegypti
A0A6I8TIJ7	2	U-02	aegypti	Ae. aegypti
A0A6I8TIJ9	1	U-01	aegypti	Ae. aegypti
A0A6I8TIK0	0	unassigned	aegypti	Ae. aegypti
A0A6I8TIK4	1	U-01	aegypti	Ae. aegypti
A0A6I8TIK6	1	U-01	aegypti	Ae. aegypti
A0A6I8TIK9	1	U-01	aegypti	Ae. aegypti
A0A6I8TIL5	1	U-01	aegypti	Ae. aegypti
A0A6I8TIL8	0	unassigned	aegypti	Ae. aegypti
A0A6I8TIM0	1	U-01	aegypti	Ae. aegypti
A0A6I8TIM1	0	unassigned	aegypti	Ae. aegypti
A0A6I8TIM2	0	unassigned	aegypti	Ae. aegypti
A0A6I8TIM3	1	U-01	aegypti	Ae. aegypti
A0A6I8TIN4	1	U-01	aegypti	Ae. aegypti
A0A6I8TIP2	1	U-01	aegypti	Ae. aegypti
A0A6I8TIP4	0	unassigned	aegypti	Ae. aegypti
A0A6I8TIP7	1	U-01	aegypti	Ae. aegypti
A0A6I8TIQ5	1	U-01	aegypti	Ae. aegypti
A0A6I8TIQ7	1	U-01	aegypti	Ae. aegypti
A0A6I8TIR2	1	U-01	aegypti	Ae. aegypti
A0A6I8TIR6	1	U-01	aegypti	Ae. aegypti
A0A6I8TIR8	1	U-01	aegypti	Ae. aegypti
A0A6I8TIS3	1	U-01	aegypti	Ae. aegypti
A0A6I8TIS5	1	U-01	aegypti	Ae. aegypti
A0A6I8TIS6	1	U-01	aegypti	Ae. aegypti
A0A6I8TIS7	1	U-01	aegypti	Ae. aegypti
A0A6I8TIT3	1	U-01	aegypti	Ae. aegypti
A0A6I8TIT6	1	U-01	aegypti	Ae. aegypti
A0A6I8TIT7	1	U-01	aegypti	Ae. aegypti
A0A6I8TIT9	1	U-01	aegypti	Ae. aegypti
A0A6I8TIU5	0	unassigned	aegypti	Ae. aegypti
A0A6I8TIV0	1	U-01	aegypti	Ae. aegypti
A0A6I8TIV5	2	U-02	aegypti	Ae. aegypti
A0A6I8TIV9	2	U-02	aegypti	Ae. aegypti
A0A6I8TIW0	2	U-02	aegypti	Ae. aegypti
A0A6I8TIW3	2	U-02	aegypti	Ae. aegypti
A0A6I8TIW5	1	U-01	aegypti	Ae. aegypti
A0A6I8TIW6	2	U-02	aegypti	Ae. aegypti
A0A6I8TIW7	2	U-02	aegypti	Ae. aegypti
A0A6I8TIW9	1	U-01	aegypti	Ae. aegypti
A0A6I8TIX1	1	U-01	aegypti	Ae. aegypti
A0A6I8TIX6	1	U-01	aegypti	Ae. aegypti
A0A6I8TIY2	1	U-01	aegypti	Ae. aegypti
A0A6I8TIZ2	1	U-01	aegypti	Ae. aegypti
A0A6I8TIZ5	2	U-02	aegypti	Ae. aegypti
A0A6I8TIZ9	2	U-02	aegypti	Ae. aegypti
A0A6I8TJ01	2	U-02	aegypti	Ae. aegypti
A0A6I8TJ07	1	U-01	aegypti	Ae. aegypti
A0A6I8TJ08	1	U-01	aegypti	Ae. aegypti
A0A6I8TJ13	0	unassigned	aegypti	Ae. aegypti
A0A6I8TJ17	2	U-02	aegypti	Ae. aegypti
A0A6I8TJ23	1	U-01	aegypti	Ae. aegypti
A0A6I8TJ36	1	U-01	aegypti	Ae. aegypti
A0A6I8TJ37	1	U-01	aegypti	Ae. aegypti
A0A6I8TJ40	1	U-01	aegypti	Ae. aegypti
A0A6I8TJ45	1	U-01	aegypti	Ae. aegypti
A0A6I8TJ47	1	U-01	aegypti	Ae. aegypti
A0A6I8TJ50	1	U-01	aegypti	Ae. aegypti
A0A6I8TJ58	1	U-01	aegypti	Ae. aegypti
A0A6I8TJ59	1	U-01	aegypti	Ae. aegypti
A0A6I8TJ61	1	U-01	aegypti	Ae. aegypti
A0A6I8TJ63	1	U-01	aegypti	Ae. aegypti
A0A6I8TJ64	0	unassigned	aegypti	Ae. aegypti
A0A6I8TJ69	0	unassigned	aegypti	Ae. aegypti
A0A6I8TJ70	1	U-01	aegypti	Ae. aegypti
A0A6I8TJ93	0	unassigned	aegypti	Ae. aegypti
A0A6I8TJ95	1	U-01	aegypti	Ae. aegypti
A0A6I8TJ98	1	U-01	aegypti	Ae. aegypti
A0A6I8TJ99	1	U-01	aegypti	Ae. aegypti
A0A6I8TJA0	0	unassigned	aegypti	Ae. aegypti
A0A6I8TJA3	1	U-01	aegypti	Ae. aegypti
A0A6I8TJA5	0	unassigned	aegypti	Ae. aegypti
A0A6I8TJB0	0	unassigned	aegypti	Ae. aegypti
A0A6I8TJB4	2	U-02	aegypti	Ae. aegypti
A0A6I8TJB5	0	unassigned	aegypti	Ae. aegypti
A0A6I8TJC0	0	unassigned	aegypti	Ae. aegypti
A0A6I8TJC3	1	U-01	aegypti	Ae. aegypti
A0A6I8TJC4	2	U-02	aegypti	Ae. aegypti
A0A6I8TJC5	0	unassigned	aegypti	Ae. aegypti
A0A6I8TJC6	1	U-01	aegypti	Ae. aegypti
A0A6I8TJC7	2	U-02	aegypti	Ae. aegypti
A0A6I8TJC9	1	U-01	aegypti	Ae. aegypti
A0A6I8TJD1	1	U-01	aegypti	Ae. aegypti
Q17BB6	0	unassigned	aegypti	Ae. aegypti
Q17BC1	2	U-02	aegypti	Ae. aegypti
Q17BD1	1	U-01	aegypti	Ae. aegypti
Q17BE8	1	U-01	aegypti	Ae. aegypti
Q17BG3	2	U-02	aegypti	Ae. aegypti
Q17BG8	1	U-01	aegypti	Ae. aegypti
Q17BH5	2	U-02	aegypti	Ae. aegypti
Q17BK7	2	U-02	aegypti	Ae. aegypti
Q17BL8	1	U-01	aegypti	Ae. aegypti
Q17BL9	0	unassigned	aegypti	Ae. aegypti
Q17BM2	2	U-02	aegypti	Ae. aegypti
Q17BM8	0	unassigned	aegypti	Ae. aegypti
Q17BN2	2	U-02	aegypti	Ae. aegypti
Q17BN5	1	U-01	aegypti	Ae. aegypti
Q17BN6	1	U-01	aegypti	Ae. aegypti
Q17BN7	2	U-02	aegypti	Ae. aegypti
Q17BP9	2	U-02	aegypti	Ae. aegypti
Q17BQ6	1	U-01	aegypti	Ae. aegypti
Q17BR0	2	U-02	aegypti	Ae. aegypti
Q17BR1	2	U-02	aegypti	Ae. aegypti
Q17BU8	1	U-01	aegypti	Ae. aegypti
Q17BU9	1	U-01	aegypti	Ae. aegypti
Q17BW2	2	U-02	aegypti	Ae. aegypti
Q17BZ9	2	U-02	aegypti	Ae. aegypti
Q17C00	2	U-02	aegypti	Ae. aegypti
Q17C02	2	U-02	aegypti	Ae. aegypti
Q17C03	2	U-02	aegypti	Ae. aegypti
Q17C04	2	U-02	aegypti	Ae. aegypti
Q17C06	0	unassigned	aegypti	Ae. aegypti
Q17C08	0	unassigned	aegypti	Ae. aegypti
Q17C09	0	unassigned	aegypti	Ae. aegypti
Q17C11	0	unassigned	aegypti	Ae. aegypti
Q17C12	2	U-02	aegypti	Ae. aegypti
Q17C13	2	U-02	aegypti	Ae. aegypti
Q17C14	2	U-02	aegypti	Ae. aegypti
Q17C15	2	U-02	aegypti	Ae. aegypti
Q17C16	2	U-02	aegypti	Ae. aegypti
Q17C17	2	U-02	aegypti	Ae. aegypti
Q17C20	2	U-02	aegypti	Ae. aegypti
Q17C26	2	U-02	aegypti	Ae. aegypti
Q17C28	2	U-02	aegypti	Ae. aegypti
Q17C35	1	U-01	aegypti	Ae. aegypti
Q17C46	1	U-01	aegypti	Ae. aegypti
Q17C70	0	unassigned	aegypti	Ae. aegypti
Q17C83	1	U-01	aegypti	Ae. aegypti
Q17C86	1	U-01	aegypti	Ae. aegypti
Q17C87	1	U-01	aegypti	Ae. aegypti
Q17CB3	1	U-01	aegypti	Ae. aegypti
Q17CD7	2	U-02	aegypti	Ae. aegypti
Q17CE1	2	U-02	aegypti	Ae. aegypti
Q17CE5	2	U-02	aegypti	Ae. aegypti
Q17CG5	1	U-01	aegypti	Ae. aegypti
Q17CH2	1	U-01	aegypti	Ae. aegypti
Q17CH3	1	U-01	aegypti	Ae. aegypti
Q17CI0	1	U-01	aegypti	Ae. aegypti
Q17CI4	1	U-01	aegypti	Ae. aegypti
Q17CK3	1	U-01	aegypti	Ae. aegypti
Q17CK7	2	U-02	aegypti	Ae. aegypti
Q17CL1	2	U-02	aegypti	Ae. aegypti
Q17CL7	1	U-01	aegypti	Ae. aegypti
Q17CM3	1	U-01	aegypti	Ae. aegypti
Q17CQ0	1	U-01	aegypti	Ae. aegypti
Q17CR6	1	U-01	aegypti	Ae. aegypti
Q17CT1	1	U-01	aegypti	Ae. aegypti
Q17CU1	2	U-02	aegypti	Ae. aegypti
Q17CU7	1	U-01	aegypti	Ae. aegypti
Q17CU8	1	U-01	aegypti	Ae. aegypti
Q17CU9	1	U-01	aegypti	Ae. aegypti
Q17CV0	1	U-01	aegypti	Ae. aegypti
Q17CV3	1	U-01	aegypti	Ae. aegypti
Q17CV8	1	U-01	aegypti	Ae. aegypti
Q17CX4	1	U-01	aegypti	Ae. aegypti
Q17D06	1	U-01	aegypti	Ae. aegypti
Q17D08	1	U-01	aegypti	Ae. aegypti
Q17D34	1	U-01	aegypti	Ae. aegypti
Q17D37	2	U-02	aegypti	Ae. aegypti
Q17D39	2	U-02	aegypti	Ae. aegypti
Q17D46	1	U-01	aegypti	Ae. aegypti
Q17D52	1	U-01	aegypti	Ae. aegypti
Q17D54	1	U-01	aegypti	Ae. aegypti
Q17D55	1	U-01	aegypti	Ae. aegypti
Q17D56	1	U-01	aegypti	Ae. aegypti
Q17D57	1	U-01	aegypti	Ae. aegypti
Q17D61	1	U-01	aegypti	Ae. aegypti
Q17D63	0	unassigned	aegypti	Ae. aegypti
Q17D69	1	U-01	aegypti	Ae. aegypti
Q17D76	1	U-01	aegypti	Ae. aegypti
Q17D81	1	U-01	aegypti	Ae. aegypti
Q17D84	2	U-02	aegypti	Ae. aegypti
Q17D93	2	U-02	aegypti	Ae. aegypti
Q17D94	1	U-01	aegypti	Ae. aegypti
Q17D99	1	U-01	aegypti	Ae. aegypti
Q17DA0	1	U-01	aegypti	Ae. aegypti
Q17DA8	2	U-02	aegypti	Ae. aegypti
Q17DC7	1	U-01	aegypti	Ae. aegypti
Q17DD3	1	U-01	aegypti	Ae. aegypti
Q17DD4	1	U-01	aegypti	Ae. aegypti
Q17DD5	1	U-01	aegypti	Ae. aegypti
Q17DE4	1	U-01	aegypti	Ae. aegypti
Q17DF6	0	unassigned	aegypti	Ae. aegypti
A0A1S4FSA4	1	U-01	aegypti	Ae. aegypti
A0A1S4FSA7	1	U-01	aegypti	Ae. aegypti
A0A1S4FSD1	1	U-01	aegypti	Ae. aegypti
A0A1S4FSD5	1	U-01	aegypti	Ae. aegypti
A0A1S4FSF8	1	U-01	aegypti	Ae. aegypti
A0A1S4FSH8	1	U-01	aegypti	Ae. aegypti
A0A1S4FSI1	1	U-01	aegypti	Ae. aegypti
A0A1S4FSJ1	1	U-01	aegypti	Ae. aegypti
A0A1S4FSJ4	1	U-01	aegypti	Ae. aegypti
A0A1S4FSL6	1	U-01	aegypti	Ae. aegypti
A0A1S4FSP5	1	U-01	aegypti	Ae. aegypti
A0A1S4FSQ1	1	U-01	aegypti	Ae. aegypti
A0A1S4FST1	2	U-02	aegypti	Ae. aegypti
A0A1S4FSU0	1	U-01	aegypti	Ae. aegypti
A0A1S4FSU1	1	U-01	aegypti	Ae. aegypti
A0A1S4FSV9	1	U-01	aegypti	Ae. aegypti
A0A1S4FSW9	2	U-02	aegypti	Ae. aegypti
A0A1S4FSX6	1	U-01	aegypti	Ae. aegypti
A0A1S4FT07	1	U-01	aegypti	Ae. aegypti
A0A1S4FT08	1	U-01	aegypti	Ae. aegypti
A0A1S4FT31	2	U-02	aegypti	Ae. aegypti
A0A1S4FT50	1	U-01	aegypti	Ae. aegypti
A0A1S4FT51	1	U-01	aegypti	Ae. aegypti
A0A1S4FT56	2	U-02	aegypti	Ae. aegypti
A0A1S4FT72	1	U-01	aegypti	Ae. aegypti
A0A1S4FT81	1	U-01	aegypti	Ae. aegypti
A0A1S4FTA4	1	U-01	aegypti	Ae. aegypti
A0A1S4FTA7	1	U-01	aegypti	Ae. aegypti
A0A1S4FTC3	1	U-01	aegypti	Ae. aegypti
A0A1S4FTJ0	1	U-01	aegypti	Ae. aegypti
A0A1S4FTJ1	1	U-01	aegypti	Ae. aegypti
A0A1S4FTJ5	1	U-01	aegypti	Ae. aegypti
A0A1S4FTK0	1	U-01	aegypti	Ae. aegypti
A0A1S4FTK4	1	U-01	aegypti	Ae. aegypti
A0A1S4FTK5	1	U-01	aegypti	Ae. aegypti
A0A1S4FTL6	1	U-01	aegypti	Ae. aegypti
A0A1S4FTM2	1	U-01	aegypti	Ae. aegypti
A0A1S4FTN1	2	U-02	aegypti	Ae. aegypti
A0A1S4FTP5	1	U-01	aegypti	Ae. aegypti
A0A1S4FTP8	2	U-02	aegypti	Ae. aegypti
A0A1S4FTR7	2	U-02	aegypti	Ae. aegypti
A0A1S4FTS0	1	U-01	aegypti	Ae. aegypti
A0A1S4FTS1	0	unassigned	aegypti	Ae. aegypti
A0A1S4FTW3	1	U-01	aegypti	Ae. aegypti
A0A1S4FTX3	1	U-01	aegypti	Ae. aegypti
A0A1S4FTX4	1	U-01	aegypti	Ae. aegypti
A0A1S4FTX9	1	U-01	aegypti	Ae. aegypti
A0A1S4FTY0	2	U-02	aegypti	Ae. aegypti
A0A1S4FU02	1	U-01	aegypti	Ae. aegypti
A0A1S4FU18	2	U-02	aegypti	Ae. aegypti
A0A1S4FU22	1	U-01	aegypti	Ae. aegypti
A0A1S4FU28	1	U-01	aegypti	Ae. aegypti
A0A1S4FU41	0	unassigned	aegypti	Ae. aegypti
A0A1S4FU45	2	U-02	aegypti	Ae. aegypti
A0A1S4FU48	0	unassigned	aegypti	Ae. aegypti
A0A1S4FU51	1	U-01	aegypti	Ae. aegypti
A0A1S4FU57	1	U-01	aegypti	Ae. aegypti
A0A1S4FU64	1	U-01	aegypti	Ae. aegypti
A0A1S4FU78	2	U-02	aegypti	Ae. aegypti
A0A1S4FU89	2	U-02	aegypti	Ae. aegypti
A0A1S4FUA6	1	U-01	aegypti	Ae. aegypti
A0A1S4FYD0	1	U-01	aegypti	Ae. aegypti
A0A1S4FYD4	1	U-01	aegypti	Ae. aegypti
A0A1S4FYE1	2	U-02	aegypti	Ae. aegypti
A0A1S4FYE7	1	U-01	aegypti	Ae. aegypti
A0A1S4FYH1	1	U-01	aegypti	Ae. aegypti
A0A1S4FYI0	1	U-01	aegypti	Ae. aegypti
A0A1S4FYI3	1	U-01	aegypti	Ae. aegypti
A0A1S4FYI5	1	U-01	aegypti	Ae. aegypti
A0A1S4FYJ0	1	U-01	aegypti	Ae. aegypti
A0A1S4FYL3	1	U-01	aegypti	Ae. aegypti
A0A1S4FYM0	1	U-01	aegypti	Ae. aegypti
A0A1S4FYM1	1	U-01	aegypti	Ae. aegypti
A0A1S4FYP7	1	U-01	aegypti	Ae. aegypti
A0A1S4FYV0	0	unassigned	aegypti	Ae. aegypti
A0A1S4FYV3	2	U-02	aegypti	Ae. aegypti
A0A1S4FYW4	1	U-01	aegypti	Ae. aegypti
A0A1S4FYX1	0	unassigned	aegypti	Ae. aegypti
A0A1S4FYY1	1	U-01	aegypti	Ae. aegypti
A0A1S4FYY4	1	U-01	aegypti	Ae. aegypti
A0A1S4FYZ4	2	U-02	aegypti	Ae. aegypti
A0A1S4FZ03	2	U-02	aegypti	Ae. aegypti
A0A1S4FZ07	1	U-01	aegypti	Ae. aegypti
A0A1S4FZ18	2	U-02	aegypti	Ae. aegypti
A0A1S4FZ27	1	U-01	aegypti	Ae. aegypti
A0A1S4FZ39	2	U-02	aegypti	Ae. aegypti
A0A1S4FZ69	2	U-02	aegypti	Ae. aegypti
A0A1S4FZB6	1	U-01	aegypti	Ae. aegypti
A0A1S4FZB8	0	unassigned	aegypti	Ae. aegypti
A0A1S4FZD5	1	U-01	aegypti	Ae. aegypti
A0A1S4FZE7	0	unassigned	aegypti	Ae. aegypti
A0A1S4FZG6	1	U-01	aegypti	Ae. aegypti
A0A1S4FZG8	1	U-01	aegypti	Ae. aegypti
A0A1S4FZH5	1	U-01	aegypti	Ae. aegypti
A0A1S4FZI4	1	U-01	aegypti	Ae. aegypti
A0A1S4FZI6	2	U-02	aegypti	Ae. aegypti
A0A1S4FZL3	1	U-01	aegypti	Ae. aegypti
A0A1S4FZN3	1	U-01	aegypti	Ae. aegypti
A0A1S4FZQ4	1	U-01	aegypti	Ae. aegypti
A0A1S4FZR2	1	U-01	aegypti	Ae. aegypti
A0A6I8T779	2	U-02	aegypti	Ae. aegypti
A0A6I8T784	2	U-02	aegypti	Ae. aegypti
A0A6I8T785	2	U-02	aegypti	Ae. aegypti
A0A6I8T787	1	U-01	aegypti	Ae. aegypti
A0A6I8T796	0	unassigned	aegypti	Ae. aegypti
A0A6I8T7A2	0	unassigned	aegypti	Ae. aegypti
A0A6I8T7B2	1	U-01	aegypti	Ae. aegypti
A0A6I8T7B5	1	U-01	aegypti	Ae. aegypti
A0A6I8T7C3	1	U-01	aegypti	Ae. aegypti
A0A6I8T7D0	1	U-01	aegypti	Ae. aegypti
A0A6I8T7D6	1	U-01	aegypti	Ae. aegypti
A0A6I8T7E2	1	U-01	aegypti	Ae. aegypti
A0A6I8T7E7	1	U-01	aegypti	Ae. aegypti
A0A6I8T7F2	1	U-01	aegypti	Ae. aegypti
A0A6I8T7F6	1	U-01	aegypti	Ae. aegypti
A0A6I8T7F7	0	unassigned	aegypti	Ae. aegypti
A0A6I8T7G3	1	U-01	aegypti	Ae. aegypti
A0A6I8T7G4	1	U-01	aegypti	Ae. aegypti
A0A6I8T7G6	1	U-01	aegypti	Ae. aegypti
A0A6I8T7I0	1	U-01	aegypti	Ae. aegypti
A0A6I8T7I1	1	U-01	aegypti	Ae. aegypti
A0A6I8T7I4	2	U-02	aegypti	Ae. aegypti
A0A6I8T7I6	1	U-01	aegypti	Ae. aegypti
A0A6I8T7J0	2	U-02	aegypti	Ae. aegypti
A0A6I8T7J4	1	U-01	aegypti	Ae. aegypti
A0A6I8T7J7	2	U-02	aegypti	Ae. aegypti
A0A6I8T7J8	1	U-01	aegypti	Ae. aegypti
A0A6I8T7K0	1	U-01	aegypti	Ae. aegypti
A0A6I8T7K1	1	U-01	aegypti	Ae. aegypti
A0A6I8T7K2	1	U-01	aegypti	Ae. aegypti
A0A6I8T7K3	2	U-02	aegypti	Ae. aegypti
A0A6I8T7K7	2	U-02	aegypti	Ae. aegypti
A0A6I8T7K9	1	U-01	aegypti	Ae. aegypti
A0A6I8T7L1	1	U-01	aegypti	Ae. aegypti
A0A6I8T7L2	1	U-01	aegypti	Ae. aegypti
A0A6I8T7L3	2	U-02	aegypti	Ae. aegypti
A0A6I8T7L4	1	U-01	aegypti	Ae. aegypti
A0A6I8T7M3	1	U-01	aegypti	Ae. aegypti
A0A6I8T7M4	1	U-01	aegypti	Ae. aegypti
A0A6I8T7M6	1	U-01	aegypti	Ae. aegypti
A0A6I8T7M7	2	U-02	aegypti	Ae. aegypti
A0A6I8T7M9	1	U-01	aegypti	Ae. aegypti
A0A6I8T7N2	1	U-01	aegypti	Ae. aegypti
A0A6I8T7N4	1	U-01	aegypti	Ae. aegypti
A0A6I8T7N5	1	U-01	aegypti	Ae. aegypti
A0A6I8T7N8	1	U-01	aegypti	Ae. aegypti
A0A6I8T7P5	1	U-01	aegypti	Ae. aegypti
A0A6I8T7P8	1	U-01	aegypti	Ae. aegypti
A0A6I8T7Q2	2	U-02	aegypti	Ae. aegypti
A0A6I8T7Q6	1	U-01	aegypti	Ae. aegypti
A0A6I8T7R2	1	U-01	aegypti	Ae. aegypti
A0A6I8T7R7	2	U-02	aegypti	Ae. aegypti
A0A6I8TJK4	1	U-01	aegypti	Ae. aegypti
A0A6I8TJK5	1	U-01	aegypti	Ae. aegypti
A0A6I8TJK6	1	U-01	aegypti	Ae. aegypti
A0A6I8TJL1	1	U-01	aegypti	Ae. aegypti
A0A6I8TJL4	1	U-01	aegypti	Ae. aegypti
A0A6I8TJL7	1	U-01	aegypti	Ae. aegypti
A0A6I8TJM8	0	unassigned	aegypti	Ae. aegypti
A0A6I8TJN1	0	unassigned	aegypti	Ae. aegypti
A0A6I8TJN4	2	U-02	aegypti	Ae. aegypti
A0A6I8TJN5	1	U-01	aegypti	Ae. aegypti
A0A6I8TJN6	1	U-01	aegypti	Ae. aegypti
A0A6I8TJN7	1	U-01	aegypti	Ae. aegypti
A0A6I8TJP0	1	U-01	aegypti	Ae. aegypti
A0A6I8TJP8	1	U-01	aegypti	Ae. aegypti
A0A6I8TJQ5	1	U-01	aegypti	Ae. aegypti
A0A6I8TJQ6	2	U-02	aegypti	Ae. aegypti
A0A6I8TJR0	1	U-01	aegypti	Ae. aegypti
A0A6I8TJR3	0	unassigned	aegypti	Ae. aegypti
A0A6I8TJR5	1	U-01	aegypti	Ae. aegypti
A0A6I8TJR7	1	U-01	aegypti	Ae. aegypti
A0A6I8TJR9	1	U-01	aegypti	Ae. aegypti
A0A6I8TJS1	1	U-01	aegypti	Ae. aegypti
A0A6I8TJS5	1	U-01	aegypti	Ae. aegypti
A0A6I8TJS6	2	U-02	aegypti	Ae. aegypti
A0A6I8TJS7	1	U-01	aegypti	Ae. aegypti
A0A6I8TJS9	1	U-01	aegypti	Ae. aegypti
A0A6I8TJT0	2	U-02	aegypti	Ae. aegypti
A0A6I8TJT3	2	U-02	aegypti	Ae. aegypti
A0A6I8TJT5	2	U-02	aegypti	Ae. aegypti
A0A6I8TJT6	1	U-01	aegypti	Ae. aegypti
A0A6I8TJT9	2	U-02	aegypti	Ae. aegypti
A0A6I8TJU2	1	U-01	aegypti	Ae. aegypti
A0A6I8TJU5	1	U-01	aegypti	Ae. aegypti
A0A6I8TJU8	1	U-01	aegypti	Ae. aegypti
A0A6I8TJU9	1	U-01	aegypti	Ae. aegypti
A0A6I8TJV4	2	U-02	aegypti	Ae. aegypti
A0A6I8TJV5	1	U-01	aegypti	Ae. aegypti
A0A6I8TJW1	1	U-01	aegypti	Ae. aegypti
A0A6I8TJW3	1	U-01	aegypti	Ae. aegypti
A0A6I8TJW6	1	U-01	aegypti	Ae. aegypti
A0A6I8TJW8	1	U-01	aegypti	Ae. aegypti
A0A6I8TJW9	0	unassigned	aegypti	Ae. aegypti
A0A6I8TJX1	1	U-01	aegypti	Ae. aegypti
A0A6I8TJX5	1	U-01	aegypti	Ae. aegypti
A0A6I8TJY4	1	U-01	aegypti	Ae. aegypti
A0A6I8TJY5	0	unassigned	aegypti	Ae. aegypti
A0A6I8TJY7	1	U-01	aegypti	Ae. aegypti
A0A6I8TJY8	1	U-01	aegypti	Ae. aegypti
A0A6I8T9B9	1	U-01	aegypti	Ae. aegypti
A0A6I8T9C0	1	U-01	aegypti	Ae. aegypti
A0A6I8T9D6	1	U-01	aegypti	Ae. aegypti
A0A6I8T9E2	1	U-01	aegypti	Ae. aegypti
A0A6I8T9F1	1	U-01	aegypti	Ae. aegypti
A0A6I8T9F4	1	U-01	aegypti	Ae. aegypti
A0A6I8T9F7	1	U-01	aegypti	Ae. aegypti
A0A6I8T9F9	1	U-01	aegypti	Ae. aegypti
A0A6I8T9G0	1	U-01	aegypti	Ae. aegypti
A0A6I8T9G2	1	U-01	aegypti	Ae. aegypti
A0A6I8T9G5	1	U-01	aegypti	Ae. aegypti
A0A6I8T9G8	1	U-01	aegypti	Ae. aegypti
A0A6I8T9H2	2	U-02	aegypti	Ae. aegypti
A0A6I8T9H5	1	U-01	aegypti	Ae. aegypti
A0A6I8T9H8	1	U-01	aegypti	Ae. aegypti
A0A6I8T9H9	1	U-01	aegypti	Ae. aegypti
A0A6I8T9I6	1	U-01	aegypti	Ae. aegypti
A0A6I8T9J1	2	U-02	aegypti	Ae. aegypti
A0A6I8T9J9	1	U-01	aegypti	Ae. aegypti
A0A6I8T9K0	2	U-02	aegypti	Ae. aegypti
A0A6I8T9K3	0	unassigned	aegypti	Ae. aegypti
A0A6I8T9K5	1	U-01	aegypti	Ae. aegypti
A0A6I8TIM4	1	U-01	aegypti	Ae. aegypti
A0A6I8TIM5	2	U-02	aegypti	Ae. aegypti
A0A6I8TIM6	1	U-01	aegypti	Ae. aegypti
A0A6I8TIN0	2	U-02	aegypti	Ae. aegypti
A0A6I8TIN1	1	U-01	aegypti	Ae. aegypti
A0A6I8TIN3	1	U-01	aegypti	Ae. aegypti
A0A6I8TIN8	1	U-01	aegypti	Ae. aegypti
A0A6I8TIR1	2	U-02	aegypti	Ae. aegypti
A0A6I8TIR4	1	U-01	aegypti	Ae. aegypti
A0A6I8TIR5	1	U-01	aegypti	Ae. aegypti
A0A6I8TIR7	1	U-01	aegypti	Ae. aegypti
A0A6I8TIS0	1	U-01	aegypti	Ae. aegypti
A0A6I8TIS8	1	U-01	aegypti	Ae. aegypti
A0A6I8TIS9	1	U-01	aegypti	Ae. aegypti
A0A6I8TIT2	1	U-01	aegypti	Ae. aegypti
A0A6I8TIT8	1	U-01	aegypti	Ae. aegypti
A0A6I8TIU6	1	U-01	aegypti	Ae. aegypti
A0A6I8TIU7	1	U-01	aegypti	Ae. aegypti
A0A6I8TIU9	1	U-01	aegypti	Ae. aegypti
A0A6I8TIV1	1	U-01	aegypti	Ae. aegypti
A0A6I8TIV3	1	U-01	aegypti	Ae. aegypti
A0A6I8TIV4	0	unassigned	aegypti	Ae. aegypti
A0A6I8TIV7	2	U-02	aegypti	Ae. aegypti
A0A6I8TIX2	1	U-01	aegypti	Ae. aegypti
A0A6I8TIX7	0	unassigned	aegypti	Ae. aegypti
A0A6I8TIX9	1	U-01	aegypti	Ae. aegypti
A0A6I8TIY0	0	unassigned	aegypti	Ae. aegypti
A0A6I8TIY5	1	U-01	aegypti	Ae. aegypti
A0A6I8TIY7	0	unassigned	aegypti	Ae. aegypti
A0A6I8TIZ0	0	unassigned	aegypti	Ae. aegypti
A0A6I8TIZ4	0	unassigned	aegypti	Ae. aegypti
A0A6I8TJ00	0	unassigned	aegypti	Ae. aegypti
A0A6I8TJ03	1	U-01	aegypti	Ae. aegypti
A0A6I8TJ10	0	unassigned	aegypti	Ae. aegypti
A0A6I8TJ11	1	U-01	aegypti	Ae. aegypti
A0A6I8TJ14	1	U-01	aegypti	Ae. aegypti
A0A6I8TJ16	1	U-01	aegypti	Ae. aegypti
A0A6I8TJ19	1	U-01	aegypti	Ae. aegypti
A0A6I8TJ20	1	U-01	aegypti	Ae. aegypti
A0A6I8TJ21	0	unassigned	aegypti	Ae. aegypti
A0A6I8TJ24	1	U-01	aegypti	Ae. aegypti
A0A6I8TJ25	1	U-01	aegypti	Ae. aegypti
A0A6I8TJ27	1	U-01	aegypti	Ae. aegypti
A0A6I8TJ28	1	U-01	aegypti	Ae. aegypti
A0A6I8TJ34	1	U-01	aegypti	Ae. aegypti
A0A6I8TJ35	0	unassigned	aegypti	Ae. aegypti
A0A6I8TJ46	2	U-02	aegypti	Ae. aegypti
A0A6I8TJ48	2	U-02	aegypti	Ae. aegypti
A0A6I8TJ51	1	U-01	aegypti	Ae. aegypti
A0A6I8TJ54	1	U-01	aegypti	Ae. aegypti
A0A6I8TJ55	2	U-02	aegypti	Ae. aegypti
A0A6I8TJ56	1	U-01	aegypti	Ae. aegypti
A0A6I8TJ57	0	unassigned	aegypti	Ae. aegypti
A0A6I8TJ60	1	U-01	aegypti	Ae. aegypti
A0A6I8TJ67	1	U-01	aegypti	Ae. aegypti
A0A6I8TJ68	1	U-01	aegypti	Ae. aegypti
A0A6I8TJ74	1	U-01	aegypti	Ae. aegypti
A0A6I8TJ78	1	U-01	aegypti	Ae. aegypti
A0A6I8TJ86	1	U-01	aegypti	Ae. aegypti
A0A6I8TJ87	2	U-02	aegypti	Ae. aegypti
A0A6I8TJ88	1	U-01	aegypti	Ae. aegypti
A0A6I8TJ91	1	U-01	aegypti	Ae. aegypti
A0A6I8TJA1	1	U-01	aegypti	Ae. aegypti
A0A6I8TJA2	1	U-01	aegypti	Ae. aegypti
A0A6I8TJA8	1	U-01	aegypti	Ae. aegypti
A0A6I8TJB1	1	U-01	aegypti	Ae. aegypti
A0A6I8TJB2	1	U-01	aegypti	Ae. aegypti
A0A6I8TJB3	1	U-01	aegypti	Ae. aegypti
A0A6I8TJB6	1	U-01	aegypti	Ae. aegypti
A0A6I8TJB7	1	U-01	aegypti	Ae. aegypti
A0A6I8TJC1	1	U-01	aegypti	Ae. aegypti
A0A6I8TJC2	1	U-01	aegypti	Ae. aegypti
A0A6I8TJD3	1	U-01	aegypti	Ae. aegypti
A0A6I8TJE1	2	U-02	aegypti	Ae. aegypti
A0A6I8TJE2	1	U-01	aegypti	Ae. aegypti
A0A6I8TJE5	1	U-01	aegypti	Ae. aegypti
A0A6I8TJE8	1	U-01	aegypti	Ae. aegypti
A0A6I8TJE9	1	U-01	aegypti	Ae. aegypti
A0A6I8T8B7	1	U-01	aegypti	Ae. aegypti
A0A6I8T8B8	2	U-02	aegypti	Ae. aegypti
A0A6I8T8C4	1	U-01	aegypti	Ae. aegypti
A0A6I8T8C7	1	U-01	aegypti	Ae. aegypti
A0A6I8T8C8	1	U-01	aegypti	Ae. aegypti
A0A6I8T8D2	1	U-01	aegypti	Ae. aegypti
A0A6I8T8D4	1	U-01	aegypti	Ae. aegypti
A0A6I8T8D5	1	U-01	aegypti	Ae. aegypti
A0A6I8T8E1	1	U-01	aegypti	Ae. aegypti
A0A6I8T8E3	1	U-01	aegypti	Ae. aegypti
A0A6I8T8E5	1	U-01	aegypti	Ae. aegypti
A0A6I8T8E9	1	U-01	aegypti	Ae. aegypti
A0A6I8T8F0	1	U-01	aegypti	Ae. aegypti
A0A6I8T8F3	2	U-02	aegypti	Ae. aegypti
A0A6I8T8F4	1	U-01	aegypti	Ae. aegypti
A0A6I8T8F6	1	U-01	aegypti	Ae. aegypti
A0A6I8T8F7	1	U-01	aegypti	Ae. aegypti
A0A6I8T8F9	1	U-01	aegypti	Ae. aegypti
A0A6I8T8G2	1	U-01	aegypti	Ae. aegypti
A0A6I8T8G9	1	U-01	aegypti	Ae. aegypti
A0A6I8T8H9	1	U-01	aegypti	Ae. aegypti
A0A6I8T8I8	1	U-01	aegypti	Ae. aegypti
A0A6I8T8J0	1	U-01	aegypti	Ae. aegypti
A0A6I8T8J3	1	U-01	aegypti	Ae. aegypti
A0A6I8T8J8	1	U-01	aegypti	Ae. aegypti
A0A6I8T8J9	1	U-01	aegypti	Ae. aegypti
A0A6I8T8K3	1	U-01	aegypti	Ae. aegypti
A0A6I8T8K4	2	U-02	aegypti	Ae. aegypti
A0A6I8T8L0	1	U-01	aegypti	Ae. aegypti
A0A6I8T8L3	1	U-01	aegypti	Ae. aegypti
A0A6I8T8L5	1	U-01	aegypti	Ae. aegypti
A0A6I8T8L6	0	unassigned	aegypti	Ae. aegypti
A0A6I8T8L8	0	unassigned	aegypti	Ae. aegypti
A0A6I8T8M0	1	U-01	aegypti	Ae. aegypti
A0A6I8T8M1	1	U-01	aegypti	Ae. aegypti
A0A6I8T8M3	0	unassigned	aegypti	Ae. aegypti
A0A6I8T8M4	2	U-02	aegypti	Ae. aegypti
A0A6I8T8M8	2	U-02	aegypti	Ae. aegypti
A0A6I8T8N0	1	U-01	aegypti	Ae. aegypti
A0A6I8T8P1	1	U-01	aegypti	Ae. aegypti
A0A6I8T8P6	1	U-01	aegypti	Ae. aegypti
A0A6I8T8P7	1	U-01	aegypti	Ae. aegypti
A0A6I8T8Q0	1	U-01	aegypti	Ae. aegypti
A0A6I8T8Q3	1	U-01	aegypti	Ae. aegypti
A0A6I8T8Q4	1	U-01	aegypti	Ae. aegypti
A0A6I8T8Q5	1	U-01	aegypti	Ae. aegypti
A0A6I8T8S9	1	U-01	aegypti	Ae. aegypti
A0A6I8T8T3	2	U-02	aegypti	Ae. aegypti
A0A6I8T8T6	1	U-01	aegypti	Ae. aegypti
A0A6I8T8T8	1	U-01	aegypti	Ae. aegypti
A0A6I8T8T9	1	U-01	aegypti	Ae. aegypti
A0A6I8T8U4	2	U-02	aegypti	Ae. aegypti
A0A6I8T8U6	2	U-02	aegypti	Ae. aegypti
A0A6I8T8U7	1	U-01	aegypti	Ae. aegypti
A0A6I8T8U9	0	unassigned	aegypti	Ae. aegypti
A0A6I8T8V3	2	U-02	aegypti	Ae. aegypti
A0A6I8T8V4	1	U-01	aegypti	Ae. aegypti
A0A6I8T8V6	1	U-01	aegypti	Ae. aegypti
A0A6I8T8V8	1	U-01	aegypti	Ae. aegypti
A0A6I8T8V9	1	U-01	aegypti	Ae. aegypti
A0A6I8T8W0	1	U-01	aegypti	Ae. aegypti
A0A6I8T8W4	1	U-01	aegypti	Ae. aegypti
A0A6I8T8W7	2	U-02	aegypti	Ae. aegypti
A0A6I8T8X1	1	U-01	aegypti	Ae. aegypti
A0A6I8T8X2	1	U-01	aegypti	Ae. aegypti
A0A6I8T8X3	2	U-02	aegypti	Ae. aegypti
A0A6I8T8X7	2	U-02	aegypti	Ae. aegypti
A0A6I8T8Y2	2	U-02	aegypti	Ae. aegypti
A0A6I8T903	1	U-01	aegypti	Ae. aegypti
A0A6I8T908	1	U-01	aegypti	Ae. aegypti
A0A6I8T911	2	U-02	aegypti	Ae. aegypti
A0A6I8T914	1	U-01	aegypti	Ae. aegypti
A0A6I8T920	1	U-01	aegypti	Ae. aegypti
A0A6I8T925	2	U-02	aegypti	Ae. aegypti
A0A6I8T928	2	U-02	aegypti	Ae. aegypti
A0A6I8T932	2	U-02	aegypti	Ae. aegypti
A0A6I8T933	1	U-01	aegypti	Ae. aegypti
A0A6I8T935	1	U-01	aegypti	Ae. aegypti
A0A6I8T937	0	unassigned	aegypti	Ae. aegypti
A0A6I8T939	1	U-01	aegypti	Ae. aegypti
A0A6I8T940	1	U-01	aegypti	Ae. aegypti
A0A6I8T943	1	U-01	aegypti	Ae. aegypti
A0A6I8T949	1	U-01	aegypti	Ae. aegypti
A0A6I8T951	1	U-01	aegypti	Ae. aegypti
A0A6I8T952	2	U-02	aegypti	Ae. aegypti
A0A6I8T969	1	U-01	aegypti	Ae. aegypti
A0A6I8T971	2	U-02	aegypti	Ae. aegypti
A0A6I8T990	1	U-01	aegypti	Ae. aegypti
A0A6I8T991	1	U-01	aegypti	Ae. aegypti
A0A6I8T992	1	U-01	aegypti	Ae. aegypti
A0A6I8T997	1	U-01	aegypti	Ae. aegypti
A0A6I8T9A4	1	U-01	aegypti	Ae. aegypti
A0A6I8T9B1	0	unassigned	aegypti	Ae. aegypti
A0A6I8T9B3	2	U-02	aegypti	Ae. aegypti
A0A6I8T9B8	1	U-01	aegypti	Ae. aegypti
A0A6I8T9C4	1	U-01	aegypti	Ae. aegypti
A0A6I8T9D2	1	U-01	aegypti	Ae. aegypti
A0A6I8T9E3	1	U-01	aegypti	Ae. aegypti
A0A6I8T9E4	1	U-01	aegypti	Ae. aegypti
A0A6I8T9E5	1	U-01	aegypti	Ae. aegypti
A0A6I8U0A7	1	U-01	aegypti	Ae. aegypti
A0A6I8U0A8	1	U-01	aegypti	Ae. aegypti
A0A6I8U0B0	0	unassigned	aegypti	Ae. aegypti
A0A6I8U2L4	0	unassigned	aegypti	Ae. aegypti
A0A6I8U2L5	0	unassigned	aegypti	Ae. aegypti
A0A6I8U2L8	0	unassigned	aegypti	Ae. aegypti
A0A6I8U2L9	1	U-01	aegypti	Ae. aegypti
A0A6I8U2M0	1	U-01	aegypti	Ae. aegypti
A0A6I8U2M6	1	U-01	aegypti	Ae. aegypti
A0A6I8U2M9	0	unassigned	aegypti	Ae. aegypti
A0A6I8U2N4	1	U-01	aegypti	Ae. aegypti
A0A6I8U2P5	1	U-01	aegypti	Ae. aegypti
A0A6I8U2P9	1	U-01	aegypti	Ae. aegypti
A0A6I8U2Q4	2	U-02	aegypti	Ae. aegypti
A0A6I8U2Q5	1	U-01	aegypti	Ae. aegypti
A0A6I8U2R2	0	unassigned	aegypti	Ae. aegypti
A0A6I8U2R7	1	U-01	aegypti	Ae. aegypti
A0A6I8U2R8	0	unassigned	aegypti	Ae. aegypti
A0A6I8U2S0	1	U-01	aegypti	Ae. aegypti
A0A6I8U2S2	1	U-01	aegypti	Ae. aegypti
A0A6I8U2S3	1	U-01	aegypti	Ae. aegypti
A0A6I8U2S5	1	U-01	aegypti	Ae. aegypti
A0A6I8U2S6	1	U-01	aegypti	Ae. aegypti
A0A6I8U2T2	1	U-01	aegypti	Ae. aegypti
A0A6I8U2T3	1	U-01	aegypti	Ae. aegypti
A0A6I8U2T4	1	U-01	aegypti	Ae. aegypti
A0A6I8U2T8	1	U-01	aegypti	Ae. aegypti
A0A6I8U2T9	2	U-02	aegypti	Ae. aegypti
A0A6I8U2U4	1	U-01	aegypti	Ae. aegypti
A0A6I8U2V1	1	U-01	aegypti	Ae. aegypti
A0A6I8U2V9	1	U-01	aegypti	Ae. aegypti
A0A6I8U2W4	0	unassigned	aegypti	Ae. aegypti
A0A6I8U2W5	2	U-02	aegypti	Ae. aegypti
A0A6I8U2W9	1	U-01	aegypti	Ae. aegypti
A0A6I8U2X1	1	U-01	aegypti	Ae. aegypti
A0A6I8U2X9	1	U-01	aegypti	Ae. aegypti
A0A6I8U2Y2	1	U-01	aegypti	Ae. aegypti
A0A6I8U2Y3	1	U-01	aegypti	Ae. aegypti
A0A6I8U2Y4	2	U-02	aegypti	Ae. aegypti
A0A6I8U2Y5	1	U-01	aegypti	Ae. aegypti
A0A6I8U2Y6	1	U-01	aegypti	Ae. aegypti
A0A6I8U301	2	U-02	aegypti	Ae. aegypti
A0A6I8U311	1	U-01	aegypti	Ae. aegypti
A0A6I8U313	1	U-01	aegypti	Ae. aegypti
A0A6I8U320	1	U-01	aegypti	Ae. aegypti
A0A6I8U321	1	U-01	aegypti	Ae. aegypti
A0A6I8U326	1	U-01	aegypti	Ae. aegypti
A0A6I8U331	1	U-01	aegypti	Ae. aegypti
A0A6I8U335	1	U-01	aegypti	Ae. aegypti
A0A6I8U337	1	U-01	aegypti	Ae. aegypti
A0A6I8U340	1	U-01	aegypti	Ae. aegypti
A0A6I8U342	2	U-02	aegypti	Ae. aegypti
A0A6I8U351	1	U-01	aegypti	Ae. aegypti
A0A6I8U352	1	U-01	aegypti	Ae. aegypti
A0A6I8U353	1	U-01	aegypti	Ae. aegypti
A0A6I8U360	1	U-01	aegypti	Ae. aegypti
A0A6I8U364	0	unassigned	aegypti	Ae. aegypti
A0A6I8U372	2	U-02	aegypti	Ae. aegypti
A0A6I8U377	1	U-01	aegypti	Ae. aegypti
A0A6I8U381	1	U-01	aegypti	Ae. aegypti
A0A6I8U382	1	U-01	aegypti	Ae. aegypti
A0A6I8U384	1	U-01	aegypti	Ae. aegypti
A0A6I8U385	0	unassigned	aegypti	Ae. aegypti
A0A6I8U387	1	U-01	aegypti	Ae. aegypti
A0A6I8U392	1	U-01	aegypti	Ae. aegypti
A0A6I8U396	1	U-01	aegypti	Ae. aegypti
A0A6I8U397	1	U-01	aegypti	Ae. aegypti
A0A6I8U3A0	1	U-01	aegypti	Ae. aegypti
A0A6I8U3A1	2	U-02	aegypti	Ae. aegypti
A0A6I8U3A3	2	U-02	aegypti	Ae. aegypti
A0A6I8U3A5	2	U-02	aegypti	Ae. aegypti
A0A6I8U3A6	1	U-01	aegypti	Ae. aegypti
A0A6I8U3A7	0	unassigned	aegypti	Ae. aegypti
A0A6I8U3A8	1	U-01	aegypti	Ae. aegypti
A0A6I8U3B1	1	U-01	aegypti	Ae. aegypti
A0A6I8U3B3	1	U-01	aegypti	Ae. aegypti
A0A6I8U3B4	2	U-02	aegypti	Ae. aegypti
A0A6I8U3B6	1	U-01	aegypti	Ae. aegypti
A0A6I8U3B7	1	U-01	aegypti	Ae. aegypti
A0A6I8U3B8	1	U-01	aegypti	Ae. aegypti
A0A6I8U3D9	2	U-02	aegypti	Ae. aegypti
A0A6I8U3E4	1	U-01	aegypti	Ae. aegypti
A0A6I8U3E7	1	U-01	aegypti	Ae. aegypti
A0A6I8U3F0	1	U-01	aegypti	Ae. aegypti
A0A6I8U3F7	1	U-01	aegypti	Ae. aegypti
A0A6I8U3G7	0	unassigned	aegypti	Ae. aegypti
A0A6I8U3H0	1	U-01	aegypti	Ae. aegypti
A0A6I8U3H2	1	U-01	aegypti	Ae. aegypti
A0A6I8U3H7	0	unassigned	aegypti	Ae. aegypti
A0A6I8U3H8	2	U-02	aegypti	Ae. aegypti
A0A6I8U3I4	0	unassigned	aegypti	Ae. aegypti
A0A6I8U3J2	0	unassigned	aegypti	Ae. aegypti
A0A6I8U3K2	1	U-01	aegypti	Ae. aegypti
A0A6I8U3L6	1	U-01	aegypti	Ae. aegypti
A0A6I8U3L9	1	U-01	aegypti	Ae. aegypti
A0A6I8U3M1	1	U-01	aegypti	Ae. aegypti
A0A6I8U3M4	1	U-01	aegypti	Ae. aegypti
A0A6I8U3M5	1	U-01	aegypti	Ae. aegypti
A0A6I8U3N2	1	U-01	aegypti	Ae. aegypti
A0A6I8U3N6	1	U-01	aegypti	Ae. aegypti
J9HGP5	1	U-01	aegypti	Ae. aegypti
J9HGY8	0	unassigned	aegypti	Ae. aegypti
J9HGZ2	1	U-01	aegypti	Ae. aegypti
J9HH04	2	U-02	aegypti	Ae. aegypti
J9HHN1	2	U-02	aegypti	Ae. aegypti
J9HIH1	1	U-01	aegypti	Ae. aegypti
J9HIN3	0	unassigned	aegypti	Ae. aegypti
J9HIY3	2	U-02	aegypti	Ae. aegypti
J9HJF6	2	U-02	aegypti	Ae. aegypti
J9HJG7	1	U-01	aegypti	Ae. aegypti
J9HJJ1	1	U-01	aegypti	Ae. aegypti
J9HJK5	1	U-01	aegypti	Ae. aegypti
J9HSE1	1	U-01	aegypti	Ae. aegypti
J9HSX8	0	unassigned	aegypti	Ae. aegypti
J9HTV7	1	U-01	aegypti	Ae. aegypti
J9HU14	2	U-02	aegypti	Ae. aegypti
J9HY30	1	U-01	aegypti	Ae. aegypti
J9HY53	2	U-02	aegypti	Ae. aegypti
J9HY92	2	U-02	aegypti	Ae. aegypti
J9HYC4	1	U-01	aegypti	Ae. aegypti
J9HZX6	1	U-01	aegypti	Ae. aegypti
J9I092	2	U-02	aegypti	Ae. aegypti
Q0C747	2	U-02	aegypti	Ae. aegypti
Q0C749	2	U-02	aegypti	Ae. aegypti
Q0C750	2	U-02	aegypti	Ae. aegypti
Q0C751	2	U-02	aegypti	Ae. aegypti
Q0C784	1	U-01	aegypti	Ae. aegypti
Q0C794	0	unassigned	aegypti	Ae. aegypti
Q0C7A8	1	U-01	aegypti	Ae. aegypti
Q0C7B3	1	U-01	aegypti	Ae. aegypti
Q0C7C7	2	U-02	aegypti	Ae. aegypti
Q0IE88	1	U-01	aegypti	Ae. aegypti
Q0IEA1	1	U-01	aegypti	Ae. aegypti
Q0IEA6	2	U-02	aegypti	Ae. aegypti
Q0IEB8	1	U-01	aegypti	Ae. aegypti
Q0IEC8	1	U-01	aegypti	Ae. aegypti
Q0IEC9	1	U-01	aegypti	Ae. aegypti
Q0IED1	1	U-01	aegypti	Ae. aegypti
Q0IEE3	1	U-01	aegypti	Ae. aegypti
Q0IEE4	1	U-01	aegypti	Ae. aegypti
Q0IEE5	1	U-01	aegypti	Ae. aegypti
Q0IEE8	1	U-01	aegypti	Ae. aegypti
Q0IEF1	1	U-01	aegypti	Ae. aegypti
Q0IEG0	2	U-02	aegypti	Ae. aegypti
Q0IEG1	1	U-01	aegypti	Ae. aegypti
Q0IEG6	1	U-01	aegypti	Ae. aegypti
Q0IEG7	1	U-01	aegypti	Ae. aegypti
Q0IEH0	1	U-01	aegypti	Ae. aegypti
Q0IEH3	0	unassigned	aegypti	Ae. aegypti
Q0IEH4	0	unassigned	aegypti	Ae. aegypti
Q0IEH8	1	U-01	aegypti	Ae. aegypti
Q0IEI7	2	U-02	aegypti	Ae. aegypti
Q0IEI8	1	U-01	aegypti	Ae. aegypti
Q0IEJ5	0	unassigned	aegypti	Ae. aegypti
Q0IEJ7	1	U-01	aegypti	Ae. aegypti
Q0IEK2	1	U-01	aegypti	Ae. aegypti
Q0IEK3	1	U-01	aegypti	Ae. aegypti
Q0IEK6	1	U-01	aegypti	Ae. aegypti
Q0IEM3	1	U-01	aegypti	Ae. aegypti
Q0IEM6	0	unassigned	aegypti	Ae. aegypti
Q0IEQ8	1	U-01	aegypti	Ae. aegypti
Q0IEQ9	0	unassigned	aegypti	Ae. aegypti
Q0IER5	1	U-01	aegypti	Ae. aegypti
Q0IES0	1	U-01	aegypti	Ae. aegypti
Q0IES3	1	U-01	aegypti	Ae. aegypti
Q0IES7	1	U-01	aegypti	Ae. aegypti
Q0IES8	1	U-01	aegypti	Ae. aegypti
Q0IET2	0	unassigned	aegypti	Ae. aegypti
Q0IET3	0	unassigned	aegypti	Ae. aegypti
Q0IET4	0	unassigned	aegypti	Ae. aegypti
Q0IET5	0	unassigned	aegypti	Ae. aegypti
Q0IEV8	1	U-01	aegypti	Ae. aegypti
Q16GG6	0	unassigned	aegypti	Ae. aegypti
Q16GI3	2	U-02	aegypti	Ae. aegypti
Q16GJ2	1	U-01	aegypti	Ae. aegypti
Q16GL6	1	U-01	aegypti	Ae. aegypti
Q16GP1	2	U-02	aegypti	Ae. aegypti
Q16GR0	1	U-01	aegypti	Ae. aegypti
Q16GS0	1	U-01	aegypti	Ae. aegypti
Q16GT4	2	U-02	aegypti	Ae. aegypti
Q16GT7	1	U-01	aegypti	Ae. aegypti
Q16GT9	1	U-01	aegypti	Ae. aegypti
Q16GU0	2	U-02	aegypti	Ae. aegypti
Q16GV3	1	U-01	aegypti	Ae. aegypti
Q16GV8	1	U-01	aegypti	Ae. aegypti
Q16GW4	1	U-01	aegypti	Ae. aegypti
Q16GW5	1	U-01	aegypti	Ae. aegypti
Q16GW6	1	U-01	aegypti	Ae. aegypti
Q16GW7	1	U-01	aegypti	Ae. aegypti
Q16GX1	1	U-01	aegypti	Ae. aegypti
Q16GZ2	1	U-01	aegypti	Ae. aegypti
Q16H07	1	U-01	aegypti	Ae. aegypti
Q16H12	1	U-01	aegypti	Ae. aegypti
Q16H22	1	U-01	aegypti	Ae. aegypti
Q16H35	2	U-02	aegypti	Ae. aegypti
Q16H36	2	U-02	aegypti	Ae. aegypti
Q16H46	1	U-01	aegypti	Ae. aegypti
Q16H48	1	U-01	aegypti	Ae. aegypti
Q16H52	1	U-01	aegypti	Ae. aegypti
Q16H59	1	U-01	aegypti	Ae. aegypti
Q16H70	2	U-02	aegypti	Ae. aegypti
Q16HB5	2	U-02	aegypti	Ae. aegypti
Q16HB6	1	U-01	aegypti	Ae. aegypti
Q16HB9	2	U-02	aegypti	Ae. aegypti
Q16HC2	2	U-02	aegypti	Ae. aegypti
Q16HC9	1	U-01	aegypti	Ae. aegypti
Q16HD7	1	U-01	aegypti	Ae. aegypti
Q16HE5	1	U-01	aegypti	Ae. aegypti
Q16HG3	1	U-01	aegypti	Ae. aegypti
Q16HH3	1	U-01	aegypti	Ae. aegypti
Q16HH6	1	U-01	aegypti	Ae. aegypti
Q16HI2	1	U-01	aegypti	Ae. aegypti
Q16HJ6	1	U-01	aegypti	Ae. aegypti
Q16HJ8	1	U-01	aegypti	Ae. aegypti
Q16HK0	1	U-01	aegypti	Ae. aegypti
Q16HK1	1	U-01	aegypti	Ae. aegypti
Q16HK7	0	unassigned	aegypti	Ae. aegypti
Q16HN2	1	U-01	aegypti	Ae. aegypti
Q16HP0	2	U-02	aegypti	Ae. aegypti
Q16HS3	1	U-01	aegypti	Ae. aegypti
Q16HU6	1	U-01	aegypti	Ae. aegypti
Q16HV0	2	U-02	aegypti	Ae. aegypti
Q16HV2	1	U-01	aegypti	Ae. aegypti
Q16HV6	1	U-01	aegypti	Ae. aegypti
Q16HW2	1	U-01	aegypti	Ae. aegypti
Q16HX0	0	unassigned	aegypti	Ae. aegypti
Q16HY2	0	unassigned	aegypti	Ae. aegypti
Q16HZ3	1	U-01	aegypti	Ae. aegypti
Q16HZ6	1	U-01	aegypti	Ae. aegypti
Q16I05	1	U-01	aegypti	Ae. aegypti
Q16I49	2	U-02	aegypti	Ae. aegypti
Q16I54	1	U-01	aegypti	Ae. aegypti
Q16I55	0	unassigned	aegypti	Ae. aegypti
Q16I56	2	U-02	aegypti	Ae. aegypti
Q16I65	1	U-01	aegypti	Ae. aegypti
Q16I66	1	U-01	aegypti	Ae. aegypti
Q16I68	1	U-01	aegypti	Ae. aegypti
Q16I71	1	U-01	aegypti	Ae. aegypti
Q16I73	1	U-01	aegypti	Ae. aegypti
Q16I77	1	U-01	aegypti	Ae. aegypti
Q16I91	1	U-01	aegypti	Ae. aegypti
Q16IA9	1	U-01	aegypti	Ae. aegypti
Q16IB5	1	U-01	aegypti	Ae. aegypti
Q16IB6	1	U-01	aegypti	Ae. aegypti
Q16IC2	2	U-02	aegypti	Ae. aegypti
Q16IC8	1	U-01	aegypti	Ae. aegypti
Q16IE0	1	U-01	aegypti	Ae. aegypti
Q16IF9	1	U-01	aegypti	Ae. aegypti
Q16IG0	1	U-01	aegypti	Ae. aegypti
Q16IG4	2	U-02	aegypti	Ae. aegypti
Q16IH8	1	U-01	aegypti	Ae. aegypti
Q16II0	2	U-02	aegypti	Ae. aegypti
Q16IJ8	1	U-01	aegypti	Ae. aegypti
Q16IJ9	1	U-01	aegypti	Ae. aegypti
Q16IL6	2	U-02	aegypti	Ae. aegypti
Q16IL8	1	U-01	aegypti	Ae. aegypti
Q16IL9	1	U-01	aegypti	Ae. aegypti
Q16IM1	1	U-01	aegypti	Ae. aegypti
Q16IM4	1	U-01	aegypti	Ae. aegypti
Q16IM7	1	U-01	aegypti	Ae. aegypti
Q16IM9	2	U-02	aegypti	Ae. aegypti
Q16IR6	1	U-01	aegypti	Ae. aegypti
Q16IR8	2	U-02	aegypti	Ae. aegypti
Q16IS5	1	U-01	aegypti	Ae. aegypti
Q16IT1	0	unassigned	aegypti	Ae. aegypti
Q16IT3	0	unassigned	aegypti	Ae. aegypti
Q16IX3	0	unassigned	aegypti	Ae. aegypti
Q16IX6	0	unassigned	aegypti	Ae. aegypti
Q16IX9	0	unassigned	aegypti	Ae. aegypti
Q16IY2	2	U-02	aegypti	Ae. aegypti
Q16IY6	0	unassigned	aegypti	Ae. aegypti
Q16J02	1	U-01	aegypti	Ae. aegypti
Q16J07	1	U-01	aegypti	Ae. aegypti
Q16J20	1	U-01	aegypti	Ae. aegypti
Q16J25	1	U-01	aegypti	Ae. aegypti
Q16J34	1	U-01	aegypti	Ae. aegypti
Q16J37	1	U-01	aegypti	Ae. aegypti
Q16J50	2	U-02	aegypti	Ae. aegypti
Q16J54	2	U-02	aegypti	Ae. aegypti
Q16J55	2	U-02	aegypti	Ae. aegypti
Q16J85	1	U-01	aegypti	Ae. aegypti
Q16J88	1	U-01	aegypti	Ae. aegypti
Q16J92	1	U-01	aegypti	Ae. aegypti
Q16JC0	1	U-01	aegypti	Ae. aegypti
Q16JF6	0	unassigned	aegypti	Ae. aegypti
Q16JF8	0	unassigned	aegypti	Ae. aegypti
Q16JF9	0	unassigned	aegypti	Ae. aegypti
Q16JH1	1	U-01	aegypti	Ae. aegypti
Q16JI0	2	U-02	aegypti	Ae. aegypti
Q16JN8	1	U-01	aegypti	Ae. aegypti
Q16JP4	1	U-01	aegypti	Ae. aegypti
Q16JP6	1	U-01	aegypti	Ae. aegypti
Q16JP9	1	U-01	aegypti	Ae. aegypti
Q16JQ3	1	U-01	aegypti	Ae. aegypti
Q16JV1	1	U-01	aegypti	Ae. aegypti
Q16JV8	1	U-01	aegypti	Ae. aegypti
Q16JW2	1	U-01	aegypti	Ae. aegypti
Q16JW3	1	U-01	aegypti	Ae. aegypti
Q16JZ1	1	U-01	aegypti	Ae. aegypti
Q16K06	1	U-01	aegypti	Ae. aegypti
Q16K14	1	U-01	aegypti	Ae. aegypti
Q16K31	1	U-01	aegypti	Ae. aegypti
Q16K33	0	unassigned	aegypti	Ae. aegypti
Q16K34	0	unassigned	aegypti	Ae. aegypti
Q16K36	0	unassigned	aegypti	Ae. aegypti
Q16K46	1	U-01	aegypti	Ae. aegypti
Q16K73	1	U-01	aegypti	Ae. aegypti
Q16K75	1	U-01	aegypti	Ae. aegypti
Q16K79	0	unassigned	aegypti	Ae. aegypti
Q16K90	2	U-02	aegypti	Ae. aegypti
Q16KA3	1	U-01	aegypti	Ae. aegypti
Q16KB0	2	U-02	aegypti	Ae. aegypti
Q16KB2	0	unassigned	aegypti	Ae. aegypti
Q16KB5	1	U-01	aegypti	Ae. aegypti
Q16KB9	2	U-02	aegypti	Ae. aegypti
Q16KC2	1	U-01	aegypti	Ae. aegypti
Q16KH4	1	U-01	aegypti	Ae. aegypti
Q16KJ6	1	U-01	aegypti	Ae. aegypti
Q16KK6	2	U-02	aegypti	Ae. aegypti
Q16KL4	1	U-01	aegypti	Ae. aegypti
Q16KM0	1	U-01	aegypti	Ae. aegypti
Q16KN5	1	U-01	aegypti	Ae. aegypti
Q16KR2	2	U-02	aegypti	Ae. aegypti
Q16KR3	2	U-02	aegypti	Ae. aegypti
Q16KU4	0	unassigned	aegypti	Ae. aegypti
Q16KU7	1	U-01	aegypti	Ae. aegypti
Q16KU8	1	U-01	aegypti	Ae. aegypti
Q16KU9	1	U-01	aegypti	Ae. aegypti
Q16KV5	1	U-01	aegypti	Ae. aegypti
Q16KX5	1	U-01	aegypti	Ae. aegypti
Q16KX6	1	U-01	aegypti	Ae. aegypti
Q16KY3	2	U-02	aegypti	Ae. aegypti
Q16L63	1	U-01	aegypti	Ae. aegypti
Q16L74	1	U-01	aegypti	Ae. aegypti
Q16L91	2	U-02	aegypti	Ae. aegypti
Q16L93	0	unassigned	aegypti	Ae. aegypti
Q16L94	0	unassigned	aegypti	Ae. aegypti
Q16LC9	1	U-01	aegypti	Ae. aegypti
Q16LD2	1	U-01	aegypti	Ae. aegypti
Q16LD4	1	U-01	aegypti	Ae. aegypti
Q16LD6	1	U-01	aegypti	Ae. aegypti
Q16LD7	1	U-01	aegypti	Ae. aegypti
Q16LD8	1	U-01	aegypti	Ae. aegypti
Q16LG3	1	U-01	aegypti	Ae. aegypti
Q16LG6	1	U-01	aegypti	Ae. aegypti
Q16LG9	2	U-02	aegypti	Ae. aegypti
Q16LH0	2	U-02	aegypti	Ae. aegypti
Q16LH2	2	U-02	aegypti	Ae. aegypti
Q16LH3	2	U-02	aegypti	Ae. aegypti
Q16LH5	2	U-02	aegypti	Ae. aegypti
Q16LH6	2	U-02	aegypti	Ae. aegypti
Q16LH8	2	U-02	aegypti	Ae. aegypti
Q16LI1	2	U-02	aegypti	Ae. aegypti
Q16LI9	1	U-01	aegypti	Ae. aegypti
Q16LJ9	1	U-01	aegypti	Ae. aegypti
Q16LN8	1	U-01	aegypti	Ae. aegypti
Q16LQ5	2	U-02	aegypti	Ae. aegypti
Q16LR0	2	U-02	aegypti	Ae. aegypti
Q16LR3	1	U-01	aegypti	Ae. aegypti
Q16LS0	1	U-01	aegypti	Ae. aegypti
Q16LS7	0	unassigned	aegypti	Ae. aegypti
Q16LU8	1	U-01	aegypti	Ae. aegypti
Q16LX4	1	U-01	aegypti	Ae. aegypti
Q16LZ9	1	U-01	aegypti	Ae. aegypti
Q16M30	1	U-01	aegypti	Ae. aegypti
Q16M56	1	U-01	aegypti	Ae. aegypti
Q16M60	1	U-01	aegypti	Ae. aegypti
Q16M75	1	U-01	aegypti	Ae. aegypti
Q16M78	1	U-01	aegypti	Ae. aegypti
Q16M92	1	U-01	aegypti	Ae. aegypti
Q16M99	1	U-01	aegypti	Ae. aegypti
Q16MB1	1	U-01	aegypti	Ae. aegypti
Q16MB3	1	U-01	aegypti	Ae. aegypti
Q16MC0	1	U-01	aegypti	Ae. aegypti
Q16MC3	0	unassigned	aegypti	Ae. aegypti
Q16ME3	1	U-01	aegypti	Ae. aegypti
Q16ME9	1	U-01	aegypti	Ae. aegypti
Q16MG5	1	U-01	aegypti	Ae. aegypti
Q16MJ9	1	U-01	aegypti	Ae. aegypti
Q16ML1	1	U-01	aegypti	Ae. aegypti
Q16ML2	1	U-01	aegypti	Ae. aegypti
Q16ML8	0	unassigned	aegypti	Ae. aegypti
Q16MM3	1	U-01	aegypti	Ae. aegypti
Q16MM4	0	unassigned	aegypti	Ae. aegypti
Q16MM8	1	U-01	aegypti	Ae. aegypti
Q16MN2	2	U-02	aegypti	Ae. aegypti
Q16MP9	1	U-01	aegypti	Ae. aegypti
Q16MQ2	2	U-02	aegypti	Ae. aegypti
Q16MQ5	0	unassigned	aegypti	Ae. aegypti
Q16MQ6	0	unassigned	aegypti	Ae. aegypti
Q16MR2	1	U-01	aegypti	Ae. aegypti
Q16MR3	1	U-01	aegypti	Ae. aegypti
Q16MS0	1	U-01	aegypti	Ae. aegypti
Q16MS7	2	U-02	aegypti	Ae. aegypti
Q16MZ4	2	U-02	aegypti	Ae. aegypti
Q16MZ6	1	U-01	aegypti	Ae. aegypti
Q16MZ7	1	U-01	aegypti	Ae. aegypti
Q16N17	1	U-01	aegypti	Ae. aegypti
Q16N18	1	U-01	aegypti	Ae. aegypti
Q16N24	1	U-01	aegypti	Ae. aegypti
A0A1S4F5K8	0	unassigned	aegypti	Ae. aegypti
A0A1S4F5L8	2	U-02	aegypti	Ae. aegypti
A0A1S4F5M7	1	U-01	aegypti	Ae. aegypti
A0A1S4F5N8	1	U-01	aegypti	Ae. aegypti
A0A1S4F5P9	1	U-01	aegypti	Ae. aegypti
A0A1S4F5Q6	1	U-01	aegypti	Ae. aegypti
A0A1S4F5Q7	2	U-02	aegypti	Ae. aegypti
A0A1S4F5R1	1	U-01	aegypti	Ae. aegypti
A0A1S4F5S8	1	U-01	aegypti	Ae. aegypti
A0A1S4F5T1	1	U-01	aegypti	Ae. aegypti
A0A1S4F5U0	2	U-02	aegypti	Ae. aegypti
A0A1S4F5V5	1	U-01	aegypti	Ae. aegypti
A0A1S4F5W6	1	U-01	aegypti	Ae. aegypti
A0A1S4F5W8	1	U-01	aegypti	Ae. aegypti
A0A1S4F5X3	0	unassigned	aegypti	Ae. aegypti
A0A1S4F5Z1	1	U-01	aegypti	Ae. aegypti
A0A1S4F5Z9	2	U-02	aegypti	Ae. aegypti
A0A1S4F604	1	U-01	aegypti	Ae. aegypti
A0A1S4F616	2	U-02	aegypti	Ae. aegypti
A0A1S4F620	2	U-02	aegypti	Ae. aegypti
A0A1S4F645	1	U-01	aegypti	Ae. aegypti
A0A1S4F648	1	U-01	aegypti	Ae. aegypti
A0A1S4F659	1	U-01	aegypti	Ae. aegypti
A0A1S4F660	2	U-02	aegypti	Ae. aegypti
A0A1S4F682	2	U-02	aegypti	Ae. aegypti
A0A1S4F685	1	U-01	aegypti	Ae. aegypti
A0A1S4F691	2	U-02	aegypti	Ae. aegypti
A0A1S4F694	1	U-01	aegypti	Ae. aegypti
A0A1S4F696	1	U-01	aegypti	Ae. aegypti
A0A1S4F6B5	1	U-01	aegypti	Ae. aegypti
A0A1S4F6C0	2	U-02	aegypti	Ae. aegypti
A0A1S4F6C5	2	U-02	aegypti	Ae. aegypti
A0A1S4F6C6	1	U-01	aegypti	Ae. aegypti
A0A1S4F6C7	1	U-01	aegypti	Ae. aegypti
A0A1S4F6C9	1	U-01	aegypti	Ae. aegypti
A0A1S4F6D1	2	U-02	aegypti	Ae. aegypti
A0A1S4F6D6	2	U-02	aegypti	Ae. aegypti
A0A1S4F6E3	1	U-01	aegypti	Ae. aegypti
A0A1S4F6F0	1	U-01	aegypti	Ae. aegypti
A0A1S4F6F4	2	U-02	aegypti	Ae. aegypti
A0A1S4F6G4	2	U-02	aegypti	Ae. aegypti
A0A1S4F6I4	2	U-02	aegypti	Ae. aegypti
A0A1S4F6J1	1	U-01	aegypti	Ae. aegypti
A0A1S4F6J3	2	U-02	aegypti	Ae. aegypti
A0A1S4F6J7	2	U-02	aegypti	Ae. aegypti
A0A1S4F6K4	1	U-01	aegypti	Ae. aegypti
A0A1S4F6K9	0	unassigned	aegypti	Ae. aegypti
A0A1S4F6M5	0	unassigned	aegypti	Ae. aegypti
A0A1S4F6P0	1	U-01	aegypti	Ae. aegypti
A0A1S4F6P5	1	U-01	aegypti	Ae. aegypti
A0A1S4F6P9	1	U-01	aegypti	Ae. aegypti
A0A1S4F6R2	2	U-02	aegypti	Ae. aegypti
A0A1S4F6R7	1	U-01	aegypti	Ae. aegypti
A0A1S4F6T6	1	U-01	aegypti	Ae. aegypti
A0A1S4F6V3	1	U-01	aegypti	Ae. aegypti
A0A1S4F6V4	1	U-01	aegypti	Ae. aegypti
A0A1S4F6X6	2	U-02	aegypti	Ae. aegypti
A0A1S4F6Y1	1	U-01	aegypti	Ae. aegypti
A0A1S4F6Y8	2	U-02	aegypti	Ae. aegypti
A0A1S4F6Z0	1	U-01	aegypti	Ae. aegypti
A0A1S4F711	1	U-01	aegypti	Ae. aegypti
A0A1S4F713	2	U-02	aegypti	Ae. aegypti
A0A1S4F716	1	U-01	aegypti	Ae. aegypti
A0A1S4F763	2	U-02	aegypti	Ae. aegypti
A0A1S4F780	1	U-01	aegypti	Ae. aegypti
A0A1S4F781	1	U-01	aegypti	Ae. aegypti
A0A1S4F788	2	U-02	aegypti	Ae. aegypti
A0A1S4F7C0	1	U-01	aegypti	Ae. aegypti
A0A1S4F7C4	1	U-01	aegypti	Ae. aegypti
A0A1S4F7C5	1	U-01	aegypti	Ae. aegypti
A0A1S4F7C9	2	U-02	aegypti	Ae. aegypti
A0A1S4F7D5	1	U-01	aegypti	Ae. aegypti
A0A1S4F7D7	2	U-02	aegypti	Ae. aegypti
A0A1S4F7E6	1	U-01	aegypti	Ae. aegypti
A0A1S4F7F1	2	U-02	aegypti	Ae. aegypti
A0A1S4F7F5	1	U-01	aegypti	Ae. aegypti
A0A1S4F7F7	1	U-01	aegypti	Ae. aegypti
A0A1S4F7H2	2	U-02	aegypti	Ae. aegypti
A0A1S4F7H7	1	U-01	aegypti	Ae. aegypti
A0A1S4F7I9	1	U-01	aegypti	Ae. aegypti
A0A1S4F7J0	1	U-01	aegypti	Ae. aegypti
A0A1S4F7J2	1	U-01	aegypti	Ae. aegypti
A0A1S4F7M8	2	U-02	aegypti	Ae. aegypti
A0A1S4F7M9	1	U-01	aegypti	Ae. aegypti
A0A1S4F7Q1	2	U-02	aegypti	Ae. aegypti
A0A1S4F7T0	1	U-01	aegypti	Ae. aegypti
A0A1S4F7U1	1	U-01	aegypti	Ae. aegypti
A0A1S4F7U5	0	unassigned	aegypti	Ae. aegypti
A0A1S4F7U6	2	U-02	aegypti	Ae. aegypti
A0A1S4F7U7	0	unassigned	aegypti	Ae. aegypti
A0A1S4F7V2	2	U-02	aegypti	Ae. aegypti
A0A1S4F7W4	1	U-01	aegypti	Ae. aegypti
A0A1S4F7W5	1	U-01	aegypti	Ae. aegypti
A0A1S4F7W8	1	U-01	aegypti	Ae. aegypti
A0A1S4F7Y3	1	U-01	aegypti	Ae. aegypti
A0A1S4F7Y5	1	U-01	aegypti	Ae. aegypti
A0A1S4F7Y8	0	unassigned	aegypti	Ae. aegypti
A0A1S4F7Z8	2	U-02	aegypti	Ae. aegypti
A0A1S4F801	1	U-01	aegypti	Ae. aegypti
A0A1S4F802	1	U-01	aegypti	Ae. aegypti
A0A1S4F817	1	U-01	aegypti	Ae. aegypti
A0A1S4F821	1	U-01	aegypti	Ae. aegypti
A0A1S4F828	1	U-01	aegypti	Ae. aegypti
A0A1S4F833	1	U-01	aegypti	Ae. aegypti
A0A1S4F843	2	U-02	aegypti	Ae. aegypti
A0A1S4F848	1	U-01	aegypti	Ae. aegypti
A0A1S4F865	2	U-02	aegypti	Ae. aegypti
A0A1S4F866	1	U-01	aegypti	Ae. aegypti
A0A1S4F867	1	U-01	aegypti	Ae. aegypti
A0A1S4F875	1	U-01	aegypti	Ae. aegypti
A0A1S4F896	1	U-01	aegypti	Ae. aegypti
A0A1S4F897	1	U-01	aegypti	Ae. aegypti
A0A1S4F8A2	2	U-02	aegypti	Ae. aegypti
A0A1S4F8A8	1	U-01	aegypti	Ae. aegypti
A0A1S4F8B0	1	U-01	aegypti	Ae. aegypti
A0A1S4F8B6	1	U-01	aegypti	Ae. aegypti
A0A1S4F8C0	2	U-02	aegypti	Ae. aegypti
A0A1S4F8C4	1	U-01	aegypti	Ae. aegypti
A0A1S4F8C7	1	U-01	aegypti	Ae. aegypti
A0A1S4F8D5	1	U-01	aegypti	Ae. aegypti
A0A1S4F8D8	1	U-01	aegypti	Ae. aegypti
A0A1S4F8E6	1	U-01	aegypti	Ae. aegypti
A0A1S4F8F1	1	U-01	aegypti	Ae. aegypti
A0A1S4F8F3	0	unassigned	aegypti	Ae. aegypti
A0A1S4F8G3	2	U-02	aegypti	Ae. aegypti
A0A1S4F8G7	2	U-02	aegypti	Ae. aegypti
A0A1S4F8I0	2	U-02	aegypti	Ae. aegypti
A0A1S4F8I5	1	U-01	aegypti	Ae. aegypti
A0A1S4F8I8	2	U-02	aegypti	Ae. aegypti
A0A1S4F8I9	2	U-02	aegypti	Ae. aegypti
A0A1S4F8K8	0	unassigned	aegypti	Ae. aegypti
A0A1S4F8K9	0	unassigned	aegypti	Ae. aegypti
A0A1S4F8M2	1	U-01	aegypti	Ae. aegypti
A0A1S4F8M7	1	U-01	aegypti	Ae. aegypti
A0A1S4F8Q1	1	U-01	aegypti	Ae. aegypti
A0A1S4F8R1	1	U-01	aegypti	Ae. aegypti
A0A1S4F8R8	2	U-02	aegypti	Ae. aegypti
A0A1S4F8S4	1	U-01	aegypti	Ae. aegypti
A0A1S4F8U3	2	U-02	aegypti	Ae. aegypti
A0A1S4F8U8	1	U-01	aegypti	Ae. aegypti
A0A1S4F8Z0	1	U-01	aegypti	Ae. aegypti
A0A1S4F8Z9	2	U-02	aegypti	Ae. aegypti
A0A1S4F906	2	U-02	aegypti	Ae. aegypti
A0A1S4F923	2	U-02	aegypti	Ae. aegypti
A0A1S4F947	0	unassigned	aegypti	Ae. aegypti
A0A1S4F948	1	U-01	aegypti	Ae. aegypti
A0A1S4F951	1	U-01	aegypti	Ae. aegypti
A0A1S4F966	1	U-01	aegypti	Ae. aegypti
A0A1S4F979	1	U-01	aegypti	Ae. aegypti
A0A1S4F988	2	U-02	aegypti	Ae. aegypti
A0A1S4F990	1	U-01	aegypti	Ae. aegypti
A0A1S4F995	1	U-01	aegypti	Ae. aegypti
A0A1S4F9A0	0	unassigned	aegypti	Ae. aegypti
A0A1S4F9A7	2	U-02	aegypti	Ae. aegypti
A0A1S4F9B2	2	U-02	aegypti	Ae. aegypti
A0A1S4F9B6	1	U-01	aegypti	Ae. aegypti
A0A1S4F9C0	2	U-02	aegypti	Ae. aegypti
A0A1S4F9C9	1	U-01	aegypti	Ae. aegypti
A0A1S4F9D8	1	U-01	aegypti	Ae. aegypti
A0A1S4F9F4	1	U-01	aegypti	Ae. aegypti
A0A1S4F9G0	1	U-01	aegypti	Ae. aegypti
A0A1S4F9H9	1	U-01	aegypti	Ae. aegypti
A0A1S4F9I2	2	U-02	aegypti	Ae. aegypti
A0A1S4F9I7	1	U-01	aegypti	Ae. aegypti
A0A1S4F9M2	0	unassigned	aegypti	Ae. aegypti
A0A1S4F9M9	1	U-01	aegypti	Ae. aegypti
A0A1S4F9N7	1	U-01	aegypti	Ae. aegypti
A0A1S4F9Q5	1	U-01	aegypti	Ae. aegypti
A0A1S4F9T2	1	U-01	aegypti	Ae. aegypti
A0A1S4F9U0	1	U-01	aegypti	Ae. aegypti
A0A1S4F9W5	1	U-01	aegypti	Ae. aegypti
A0A1S4F9X1	1	U-01	aegypti	Ae. aegypti
A0A1S4F9Y6	1	U-01	aegypti	Ae. aegypti
A0A1S4F9Y8	1	U-01	aegypti	Ae. aegypti
A0A1S4F9Z9	1	U-01	aegypti	Ae. aegypti
A0A1S4FA09	1	U-01	aegypti	Ae. aegypti
A0A1S4FA24	1	U-01	aegypti	Ae. aegypti
A0A1S4FA36	1	U-01	aegypti	Ae. aegypti
A0A1S4FA61	1	U-01	aegypti	Ae. aegypti
A0A1S4FA62	1	U-01	aegypti	Ae. aegypti
A0A1S4FA64	1	U-01	aegypti	Ae. aegypti
A0A1S4FA71	2	U-02	aegypti	Ae. aegypti
A0A1S4FA78	1	U-01	aegypti	Ae. aegypti
A0A1S4FA79	1	U-01	aegypti	Ae. aegypti
A0A1S4FA80	1	U-01	aegypti	Ae. aegypti
A0A1S4FA93	1	U-01	aegypti	Ae. aegypti
A0A1S4FAE9	2	U-02	aegypti	Ae. aegypti
A0A1S4FAF5	1	U-01	aegypti	Ae. aegypti
A0A1S4FAF9	1	U-01	aegypti	Ae. aegypti
A0A1S4FAG4	1	U-01	aegypti	Ae. aegypti
A0A1S4FAG7	1	U-01	aegypti	Ae. aegypti
A0A1S4FAH9	1	U-01	aegypti	Ae. aegypti
A0A1S4FAJ6	1	U-01	aegypti	Ae. aegypti
A0A1S4FAN3	1	U-01	aegypti	Ae. aegypti
A0A1S4FAN8	1	U-01	aegypti	Ae. aegypti
A0A1S4FAP2	1	U-01	aegypti	Ae. aegypti
A0A1S4FAQ0	1	U-01	aegypti	Ae. aegypti
A0A1S4FAQ6	1	U-01	aegypti	Ae. aegypti
A0A1S4FAV1	1	U-01	aegypti	Ae. aegypti
A0A1S4FAV3	1	U-01	aegypti	Ae. aegypti
A0A1S4FAW0	0	unassigned	aegypti	Ae. aegypti
A0A1S4FAW4	1	U-01	aegypti	Ae. aegypti
A0A1S4FAX1	1	U-01	aegypti	Ae. aegypti
A0A1S4FAY4	1	U-01	aegypti	Ae. aegypti
A0A1S4FAZ3	2	U-02	aegypti	Ae. aegypti
A0A1S4FB05	1	U-01	aegypti	Ae. aegypti
A0A1S4FB11	0	unassigned	aegypti	Ae. aegypti
A0A1S4FB19	1	U-01	aegypti	Ae. aegypti
A0A1S4FB35	1	U-01	aegypti	Ae. aegypti
A0A1S4FB41	0	unassigned	aegypti	Ae. aegypti
A0A1S4FB48	2	U-02	aegypti	Ae. aegypti
A0A1S4FB50	1	U-01	aegypti	Ae. aegypti
A0A1S4FB54	1	U-01	aegypti	Ae. aegypti
A0A1S4FB56	1	U-01	aegypti	Ae. aegypti
A0A1S4FB72	2	U-02	aegypti	Ae. aegypti
A0A1S4FB80	1	U-01	aegypti	Ae. aegypti
A0A1S4FB83	2	U-02	aegypti	Ae. aegypti
A0A1S4FBA3	1	U-01	aegypti	Ae. aegypti
A0A1S4FBA7	2	U-02	aegypti	Ae. aegypti
A0A1S4FBC0	1	U-01	aegypti	Ae. aegypti
A0A1S4FBD9	1	U-01	aegypti	Ae. aegypti
A0A1S4FBE7	1	U-01	aegypti	Ae. aegypti
A0A1S4FBG7	1	U-01	aegypti	Ae. aegypti
A0A1S4FBH4	2	U-02	aegypti	Ae. aegypti
A0A1S4FBI3	2	U-02	aegypti	Ae. aegypti
A0A1S4FBK6	1	U-01	aegypti	Ae. aegypti
A0A1S4FBL0	2	U-02	aegypti	Ae. aegypti
A0A1S4FBL5	1	U-01	aegypti	Ae. aegypti
A0A1S4FBL6	1	U-01	aegypti	Ae. aegypti
A0A1S4FBM6	2	U-02	aegypti	Ae. aegypti
A0A1S4FBN8	1	U-01	aegypti	Ae. aegypti
A0A1S4FBQ2	1	U-01	aegypti	Ae. aegypti
A0A1S4FBQ4	2	U-02	aegypti	Ae. aegypti
A0A1S4FBQ8	1	U-01	aegypti	Ae. aegypti
A0A1S4FBQ9	1	U-01	aegypti	Ae. aegypti
A0A1S4FBR0	1	U-01	aegypti	Ae. aegypti
A0A1S4FBR2	0	unassigned	aegypti	Ae. aegypti
A0A1S4FBR5	1	U-01	aegypti	Ae. aegypti
A0A1S4FBT2	1	U-01	aegypti	Ae. aegypti
A0A1S4FBV1	1	U-01	aegypti	Ae. aegypti
A0A1S4FBV7	1	U-01	aegypti	Ae. aegypti
A0A1S4FBW1	1	U-01	aegypti	Ae. aegypti
A0A1S4FBW4	1	U-01	aegypti	Ae. aegypti
A0A1S4FBW5	2	U-02	aegypti	Ae. aegypti
A0A1S4FBW8	1	U-01	aegypti	Ae. aegypti
A0A1S4FBX0	1	U-01	aegypti	Ae. aegypti
A0A1S4FBZ8	1	U-01	aegypti	Ae. aegypti
A0A1S4FC20	1	U-01	aegypti	Ae. aegypti
A0A1S4FC24	0	unassigned	aegypti	Ae. aegypti
A0A1S4FC43	2	U-02	aegypti	Ae. aegypti
A0A1S4FC44	1	U-01	aegypti	Ae. aegypti
A0A1S4FC72	0	unassigned	aegypti	Ae. aegypti
A0A1S4FC93	1	U-01	aegypti	Ae. aegypti
A0A1S4FCA4	2	U-02	aegypti	Ae. aegypti
A0A1S4FCB2	1	U-01	aegypti	Ae. aegypti
A0A1S4FCC1	1	U-01	aegypti	Ae. aegypti
A0A1S4FCD7	2	U-02	aegypti	Ae. aegypti
A0A1S4FCE2	1	U-01	aegypti	Ae. aegypti
A0A1S4FCG8	1	U-01	aegypti	Ae. aegypti
A0A1S4FCI9	2	U-02	aegypti	Ae. aegypti
A0A1S4FCJ1	1	U-01	aegypti	Ae. aegypti
A0A1S4FCJ9	2	U-02	aegypti	Ae. aegypti
A0A1S4FCK0	1	U-01	aegypti	Ae. aegypti
A0A1S4FCK4	1	U-01	aegypti	Ae. aegypti
A0A1S4FCK9	2	U-02	aegypti	Ae. aegypti
A0A1S4FCP8	1	U-01	aegypti	Ae. aegypti
A0A1S4FCP9	1	U-01	aegypti	Ae. aegypti
A0A1S4FCR3	2	U-02	aegypti	Ae. aegypti
A0A1S4FCR6	1	U-01	aegypti	Ae. aegypti
A0A1S4FCS3	0	unassigned	aegypti	Ae. aegypti
A0A1S4FCS8	1	U-01	aegypti	Ae. aegypti
A0A1S4FCT3	1	U-01	aegypti	Ae. aegypti
A0A1S4FCU7	2	U-02	aegypti	Ae. aegypti
A0A1S4FCV1	2	U-02	aegypti	Ae. aegypti
A0A1S4FCV7	1	U-01	aegypti	Ae. aegypti
A0A1S4FCV9	1	U-01	aegypti	Ae. aegypti
A0A1S4FCW4	1	U-01	aegypti	Ae. aegypti
A0A1S4FCX0	0	unassigned	aegypti	Ae. aegypti
A0A1S4FCX3	2	U-02	aegypti	Ae. aegypti
A0A1S4FCX5	2	U-02	aegypti	Ae. aegypti
A0A1S4FCX7	1	U-01	aegypti	Ae. aegypti
A0A1S4FCX8	1	U-01	aegypti	Ae. aegypti
A0A1S4FD00	1	U-01	aegypti	Ae. aegypti
A0A1S4FD08	1	U-01	aegypti	Ae. aegypti
A0A1S4FD16	1	U-01	aegypti	Ae. aegypti
A0A1S4FD18	1	U-01	aegypti	Ae. aegypti
A0A1S4FD25	2	U-02	aegypti	Ae. aegypti
A0A1S4FD29	1	U-01	aegypti	Ae. aegypti
A0A1S4FD36	1	U-01	aegypti	Ae. aegypti
A0A1S4FD44	1	U-01	aegypti	Ae. aegypti
A0A1S4FD45	2	U-02	aegypti	Ae. aegypti
A0A1S4FD52	1	U-01	aegypti	Ae. aegypti
A0A1S4FD62	1	U-01	aegypti	Ae. aegypti
A0A1S4FD67	1	U-01	aegypti	Ae. aegypti
A0A1S4FD74	1	U-01	aegypti	Ae. aegypti
A0A1S4FD78	2	U-02	aegypti	Ae. aegypti
A0A1S4FDA6	2	U-02	aegypti	Ae. aegypti
A0A1S4FDB1	2	U-02	aegypti	Ae. aegypti
A0A1S4FDB4	1	U-01	aegypti	Ae. aegypti
A0A1S4FDC7	2	U-02	aegypti	Ae. aegypti
Q16W13	0	unassigned	aegypti	Ae. aegypti
Q16W17	1	U-01	aegypti	Ae. aegypti
Q16W23	1	U-01	aegypti	Ae. aegypti
Q16W49	1	U-01	aegypti	Ae. aegypti
Q16W50	1	U-01	aegypti	Ae. aegypti
Q16W54	2	U-02	aegypti	Ae. aegypti
Q16W68	1	U-01	aegypti	Ae. aegypti
Q16W79	1	U-01	aegypti	Ae. aegypti
Q16W93	1	U-01	aegypti	Ae. aegypti
Q16WA8	1	U-01	aegypti	Ae. aegypti
Q16WD3	1	U-01	aegypti	Ae. aegypti
Q16WD6	1	U-01	aegypti	Ae. aegypti
Q16WF1	2	U-02	aegypti	Ae. aegypti
Q16WI7	1	U-01	aegypti	Ae. aegypti
Q16WK2	1	U-01	aegypti	Ae. aegypti
Q16WK6	1	U-01	aegypti	Ae. aegypti
Q16WK7	1	U-01	aegypti	Ae. aegypti
Q16WM3	1	U-01	aegypti	Ae. aegypti
Q16WM5	2	U-02	aegypti	Ae. aegypti
Q16WN0	1	U-01	aegypti	Ae. aegypti
Q16WN9	0	unassigned	aegypti	Ae. aegypti
Q16WP1	2	U-02	aegypti	Ae. aegypti
Q16WP4	0	unassigned	aegypti	Ae. aegypti
Q16WP5	1	U-01	aegypti	Ae. aegypti
Q16WT1	1	U-01	aegypti	Ae. aegypti
Q16WV5	1	U-01	aegypti	Ae. aegypti
Q16WX3	1	U-01	aegypti	Ae. aegypti
Q16WX6	1	U-01	aegypti	Ae. aegypti
Q16WY0	2	U-02	aegypti	Ae. aegypti
Q16WY9	1	U-01	aegypti	Ae. aegypti
Q16X29	2	U-02	aegypti	Ae. aegypti
Q16X30	0	unassigned	aegypti	Ae. aegypti
Q16X45	0	unassigned	aegypti	Ae. aegypti
Q16X46	0	unassigned	aegypti	Ae. aegypti
Q16X49	0	unassigned	aegypti	Ae. aegypti
Q16X50	0	unassigned	aegypti	Ae. aegypti
Q16X58	2	U-02	aegypti	Ae. aegypti
Q16X60	0	unassigned	aegypti	Ae. aegypti
Q16X62	0	unassigned	aegypti	Ae. aegypti
Q16X69	0	unassigned	aegypti	Ae. aegypti
Q16X77	0	unassigned	aegypti	Ae. aegypti
Q16X83	1	U-01	aegypti	Ae. aegypti
Q16X97	1	U-01	aegypti	Ae. aegypti
Q16XB0	1	U-01	aegypti	Ae. aegypti
Q16XE6	1	U-01	aegypti	Ae. aegypti
Q16XF2	1	U-01	aegypti	Ae. aegypti
Q16XH4	0	unassigned	aegypti	Ae. aegypti
Q16XH5	0	unassigned	aegypti	Ae. aegypti
Q16XJ9	1	U-01	aegypti	Ae. aegypti
Q16XK1	1	U-01	aegypti	Ae. aegypti
Q16XK2	1	U-01	aegypti	Ae. aegypti
Q16XK7	1	U-01	aegypti	Ae. aegypti
Q16XL7	1	U-01	aegypti	Ae. aegypti
Q16XM1	2	U-02	aegypti	Ae. aegypti
Q16XM2	2	U-02	aegypti	Ae. aegypti
Q16XM5	1	U-01	aegypti	Ae. aegypti
Q16XN3	0	unassigned	aegypti	Ae. aegypti
Q16XN5	1	U-01	aegypti	Ae. aegypti
Q16XN6	1	U-01	aegypti	Ae. aegypti
Q16XN7	2	U-02	aegypti	Ae. aegypti
Q16XP0	1	U-01	aegypti	Ae. aegypti
Q16XP1	1	U-01	aegypti	Ae. aegypti
Q16XP6	1	U-01	aegypti	Ae. aegypti
Q16XP8	1	U-01	aegypti	Ae. aegypti
Q16XP9	1	U-01	aegypti	Ae. aegypti
Q16XQ0	1	U-01	aegypti	Ae. aegypti
Q16XR7	1	U-01	aegypti	Ae. aegypti
Q16XR8	1	U-01	aegypti	Ae. aegypti
Q16XR9	1	U-01	aegypti	Ae. aegypti
Q16XS9	1	U-01	aegypti	Ae. aegypti
Q16XU7	1	U-01	aegypti	Ae. aegypti
A0A1S4F7A1	1	U-01	aegypti	Ae. aegypti
A0A1S4F7C1	1	U-01	aegypti	Ae. aegypti
A0A1S4F7D3	1	U-01	aegypti	Ae. aegypti
A0A1S4F7F6	2	U-02	aegypti	Ae. aegypti
A0A1S4F7G0	2	U-02	aegypti	Ae. aegypti
A0A1S4F7G5	1	U-01	aegypti	Ae. aegypti
A0A1S4F7H9	2	U-02	aegypti	Ae. aegypti
A0A1S4F7I3	1	U-01	aegypti	Ae. aegypti
A0A1S4F7K0	1	U-01	aegypti	Ae. aegypti
A0A1S4F7L8	1	U-01	aegypti	Ae. aegypti
A0A1S4F7M2	1	U-01	aegypti	Ae. aegypti
A0A1S4F7M6	1	U-01	aegypti	Ae. aegypti
A0A1S4F7Q8	1	U-01	aegypti	Ae. aegypti
A0A1S4F7R8	1	U-01	aegypti	Ae. aegypti
A0A1S4F7T3	1	U-01	aegypti	Ae. aegypti
A0A1S4F7T6	1	U-01	aegypti	Ae. aegypti
A0A1S4F7U9	1	U-01	aegypti	Ae. aegypti
A0A1S4F7V4	2	U-02	aegypti	Ae. aegypti
A0A1S4F7V9	1	U-01	aegypti	Ae. aegypti
A0A1S4F800	2	U-02	aegypti	Ae. aegypti
A0A1S4F805	1	U-01	aegypti	Ae. aegypti
A0A1S4F806	1	U-01	aegypti	Ae. aegypti
A0A1S4F823	2	U-02	aegypti	Ae. aegypti
A0A1S4F832	1	U-01	aegypti	Ae. aegypti
A0A1S4F840	1	U-01	aegypti	Ae. aegypti
A0A1S4F842	1	U-01	aegypti	Ae. aegypti
A0A1S4F853	1	U-01	aegypti	Ae. aegypti
A0A1S4F854	2	U-02	aegypti	Ae. aegypti
A0A1S4F859	2	U-02	aegypti	Ae. aegypti
A0A1S4F862	1	U-01	aegypti	Ae. aegypti
A0A1S4F873	1	U-01	aegypti	Ae. aegypti
A0A1S4F880	1	U-01	aegypti	Ae. aegypti
A0A1S4F884	1	U-01	aegypti	Ae. aegypti
A0A1S4F886	2	U-02	aegypti	Ae. aegypti
A0A1S4F898	2	U-02	aegypti	Ae. aegypti
A0A1S4F8B2	1	U-01	aegypti	Ae. aegypti
A0A1S4F8B3	1	U-01	aegypti	Ae. aegypti
A0A1S4F8B5	1	U-01	aegypti	Ae. aegypti
A0A1S4F8D1	1	U-01	aegypti	Ae. aegypti
A0A1S4F8D2	1	U-01	aegypti	Ae. aegypti
A0A1S4F8E0	1	U-01	aegypti	Ae. aegypti
A0A1S4F8E1	1	U-01	aegypti	Ae. aegypti
A0A1S4F8E3	1	U-01	aegypti	Ae. aegypti
A0A1S4F8E7	1	U-01	aegypti	Ae. aegypti
A0A1S4F8F8	1	U-01	aegypti	Ae. aegypti
A0A1S4F8H6	1	U-01	aegypti	Ae. aegypti
A0A1S4F8H7	1	U-01	aegypti	Ae. aegypti
A0A1S4F8L0	1	U-01	aegypti	Ae. aegypti
A0A1S4F8N0	1	U-01	aegypti	Ae. aegypti
A0A1S4F8Q2	1	U-01	aegypti	Ae. aegypti
A0A1S4F8R4	1	U-01	aegypti	Ae. aegypti
A0A1S4F8R5	1	U-01	aegypti	Ae. aegypti
A0A1S4F8R7	1	U-01	aegypti	Ae. aegypti
A0A1S4F8T9	1	U-01	aegypti	Ae. aegypti
A0A1S4F8W1	2	U-02	aegypti	Ae. aegypti
A0A1S4F8W4	1	U-01	aegypti	Ae. aegypti
A0A1S4F8Y1	0	unassigned	aegypti	Ae. aegypti
A0A1S4F900	1	U-01	aegypti	Ae. aegypti
A0A1S4F904	2	U-02	aegypti	Ae. aegypti
A0A1S4F932	0	unassigned	aegypti	Ae. aegypti
A0A1S4F933	1	U-01	aegypti	Ae. aegypti
A0A1S4F942	1	U-01	aegypti	Ae. aegypti
A0A1S4F943	0	unassigned	aegypti	Ae. aegypti
A0A1S4F953	1	U-01	aegypti	Ae. aegypti
A0A1S4F957	1	U-01	aegypti	Ae. aegypti
A0A1S4F958	1	U-01	aegypti	Ae. aegypti
A0A1S4F960	1	U-01	aegypti	Ae. aegypti
A0A1S4F963	1	U-01	aegypti	Ae. aegypti
A0A1S4F969	1	U-01	aegypti	Ae. aegypti
A0A1S4F972	1	U-01	aegypti	Ae. aegypti
A0A1S4F994	1	U-01	aegypti	Ae. aegypti
A0A1S4F996	1	U-01	aegypti	Ae. aegypti
A0A1S4F9B5	1	U-01	aegypti	Ae. aegypti
A0A1S4F9C5	0	unassigned	aegypti	Ae. aegypti
A0A1S4F9C7	0	unassigned	aegypti	Ae. aegypti
A0A1S4F9D3	0	unassigned	aegypti	Ae. aegypti
A0A1S4F9D7	2	U-02	aegypti	Ae. aegypti
A0A1S4F9E4	1	U-01	aegypti	Ae. aegypti
A0A1S4F9E6	1	U-01	aegypti	Ae. aegypti
A0A1S4F9G8	1	U-01	aegypti	Ae. aegypti
A0A1S4F9H1	1	U-01	aegypti	Ae. aegypti
A0A1S4F9H4	1	U-01	aegypti	Ae. aegypti
A0A1S4F9J1	2	U-02	aegypti	Ae. aegypti
A0A1S4F9K6	1	U-01	aegypti	Ae. aegypti
A0A1S4F9L7	1	U-01	aegypti	Ae. aegypti
A0A1S4F9P1	1	U-01	aegypti	Ae. aegypti
A0A1S4F9Q0	1	U-01	aegypti	Ae. aegypti
A0A1S4F9T1	1	U-01	aegypti	Ae. aegypti
A0A1S4F9T9	2	U-02	aegypti	Ae. aegypti
A0A1S4F9U8	2	U-02	aegypti	Ae. aegypti
A0A1S4F9V0	1	U-01	aegypti	Ae. aegypti
A0A1S4F9V2	1	U-01	aegypti	Ae. aegypti
A0A1S4F9V4	1	U-01	aegypti	Ae. aegypti
A0A1S4F9W4	1	U-01	aegypti	Ae. aegypti
A0A1S4F9Z0	1	U-01	aegypti	Ae. aegypti
A0A1S4F9Z2	1	U-01	aegypti	Ae. aegypti
A0A1S4F9Z4	1	U-01	aegypti	Ae. aegypti
A0A1S4FA08	1	U-01	aegypti	Ae. aegypti
A0A1S4FA14	1	U-01	aegypti	Ae. aegypti
A0A1S4FDG3	2	U-02	aegypti	Ae. aegypti
A0A1S4FDH3	2	U-02	aegypti	Ae. aegypti
A0A1S4FDH4	1	U-01	aegypti	Ae. aegypti
A0A1S4FDH5	1	U-01	aegypti	Ae. aegypti
A0A1S4FDI2	1	U-01	aegypti	Ae. aegypti
A0A1S4FDJ6	2	U-02	aegypti	Ae. aegypti
A0A1S4FDK1	1	U-01	aegypti	Ae. aegypti
A0A1S4FDL6	1	U-01	aegypti	Ae. aegypti
A0A1S4FDN6	1	U-01	aegypti	Ae. aegypti
A0A1S4FDP5	1	U-01	aegypti	Ae. aegypti
A0A1S4FDQ3	1	U-01	aegypti	Ae. aegypti
A0A1S4FDQ4	0	unassigned	aegypti	Ae. aegypti
A0A1S4FDS7	1	U-01	aegypti	Ae. aegypti
A0A1S4FDV3	1	U-01	aegypti	Ae. aegypti
A0A1S4FDV4	1	U-01	aegypti	Ae. aegypti
A0A1S4FDW3	1	U-01	aegypti	Ae. aegypti
A0A1S4FDW5	2	U-02	aegypti	Ae. aegypti
A0A1S4FDZ4	1	U-01	aegypti	Ae. aegypti
A0A1S4FE16	1	U-01	aegypti	Ae. aegypti
A0A1S4FE52	1	U-01	aegypti	Ae. aegypti
A0A1S4FE68	1	U-01	aegypti	Ae. aegypti
A0A1S4FE82	2	U-02	aegypti	Ae. aegypti
A0A1S4FE94	1	U-01	aegypti	Ae. aegypti
A0A1S4FE99	1	U-01	aegypti	Ae. aegypti
A0A1S4FEA2	1	U-01	aegypti	Ae. aegypti
A0A1S4FEA7	1	U-01	aegypti	Ae. aegypti
A0A1S4FEA8	1	U-01	aegypti	Ae. aegypti
A0A1S4FEB0	0	unassigned	aegypti	Ae. aegypti
A0A1S4FEB5	2	U-02	aegypti	Ae. aegypti
A0A1S4FEB7	2	U-02	aegypti	Ae. aegypti
A0A1S4FEB8	1	U-01	aegypti	Ae. aegypti
A0A1S4FEC3	1	U-01	aegypti	Ae. aegypti
A0A1S4FEC4	1	U-01	aegypti	Ae. aegypti
A0A1S4FEC8	2	U-02	aegypti	Ae. aegypti
A0A1S4FED3	2	U-02	aegypti	Ae. aegypti
A0A1S4FED4	1	U-01	aegypti	Ae. aegypti
A0A1S4FEE2	2	U-02	aegypti	Ae. aegypti
A0A1S4FEE5	1	U-01	aegypti	Ae. aegypti
A0A1S4FEH5	1	U-01	aegypti	Ae. aegypti
A0A1S4FEH6	2	U-02	aegypti	Ae. aegypti
A0A1S4FEH7	1	U-01	aegypti	Ae. aegypti
A0A1S4FEI3	1	U-01	aegypti	Ae. aegypti
A0A1S4FEJ4	1	U-01	aegypti	Ae. aegypti
A0A1S4FEK1	1	U-01	aegypti	Ae. aegypti
A0A1S4FEK6	1	U-01	aegypti	Ae. aegypti
A0A1S4FEQ4	1	U-01	aegypti	Ae. aegypti
A0A1S4FES7	0	unassigned	aegypti	Ae. aegypti
A0A1S4FEV1	1	U-01	aegypti	Ae. aegypti
A0A1S4FEV3	1	U-01	aegypti	Ae. aegypti
A0A1S4FEX2	2	U-02	aegypti	Ae. aegypti
A0A1S4FEX4	1	U-01	aegypti	Ae. aegypti
A0A1S4FEZ4	2	U-02	aegypti	Ae. aegypti
A0A1S4FF11	1	U-01	aegypti	Ae. aegypti
A0A1S4FF13	2	U-02	aegypti	Ae. aegypti
A0A1S4FF18	1	U-01	aegypti	Ae. aegypti
A0A1S4FF23	1	U-01	aegypti	Ae. aegypti
A0A1S4FF27	1	U-01	aegypti	Ae. aegypti
A0A1S4FF58	2	U-02	aegypti	Ae. aegypti
A0A1S4FF60	1	U-01	aegypti	Ae. aegypti
A0A1S4FF72	1	U-01	aegypti	Ae. aegypti
A0A1S4FF81	0	unassigned	aegypti	Ae. aegypti
A0A1S4FFA1	1	U-01	aegypti	Ae. aegypti
A0A1S4FFD3	1	U-01	aegypti	Ae. aegypti
A0A1S4FFD8	1	U-01	aegypti	Ae. aegypti
A0A1S4FFF8	1	U-01	aegypti	Ae. aegypti
A0A1S4FFG0	1	U-01	aegypti	Ae. aegypti
A0A1S4FFG7	1	U-01	aegypti	Ae. aegypti
A0A1S4FFI4	0	unassigned	aegypti	Ae. aegypti
A0A1S4FFL0	1	U-01	aegypti	Ae. aegypti
A0A1S4FFL3	2	U-02	aegypti	Ae. aegypti
A0A1S4FFN2	1	U-01	aegypti	Ae. aegypti
A0A1S4FFR8	1	U-01	aegypti	Ae. aegypti
A0A1S4FFU9	1	U-01	aegypti	Ae. aegypti
A0A1S4FFW2	1	U-01	aegypti	Ae. aegypti
A0A1S4FFY7	1	U-01	aegypti	Ae. aegypti
A0A1S4FFY8	1	U-01	aegypti	Ae. aegypti
A0A1S4FFZ2	2	U-02	aegypti	Ae. aegypti
A0A1S4FFZ9	1	U-01	aegypti	Ae. aegypti
A0A1S4FG03	2	U-02	aegypti	Ae. aegypti
A0A1S4FG25	0	unassigned	aegypti	Ae. aegypti
A0A1S4FG64	1	U-01	aegypti	Ae. aegypti
A0A1S4FG68	1	U-01	aegypti	Ae. aegypti
A0A1S4FG83	1	U-01	aegypti	Ae. aegypti
A0A1S4FG94	1	U-01	aegypti	Ae. aegypti
A0A1S4FG96	1	U-01	aegypti	Ae. aegypti
A0A1S4FGB2	0	unassigned	aegypti	Ae. aegypti
A0A1S4FGC7	2	U-02	aegypti	Ae. aegypti
A0A1S4FGC8	1	U-01	aegypti	Ae. aegypti
A0A1S4FGH0	2	U-02	aegypti	Ae. aegypti
A0A1S4FGI0	1	U-01	aegypti	Ae. aegypti
A0A1S4FGI2	1	U-01	aegypti	Ae. aegypti
A0A1S4FGJ3	1	U-01	aegypti	Ae. aegypti
A0A1S4FGL8	1	U-01	aegypti	Ae. aegypti
A0A1S4FGL9	1	U-01	aegypti	Ae. aegypti
A0A1S4FGM7	1	U-01	aegypti	Ae. aegypti
A0A1S4FGM8	2	U-02	aegypti	Ae. aegypti
A0A1S4FGP2	1	U-01	aegypti	Ae. aegypti
A0A1S4FGP8	2	U-02	aegypti	Ae. aegypti
A0A1S4FGQ0	1	U-01	aegypti	Ae. aegypti
A0A1S4FGQ2	1	U-01	aegypti	Ae. aegypti
A0A1S4FMH8	0	unassigned	aegypti	Ae. aegypti
A0A1S4FMJ9	0	unassigned	aegypti	Ae. aegypti
A0A1S4FMM0	1	U-01	aegypti	Ae. aegypti
A0A1S4FMM7	2	U-02	aegypti	Ae. aegypti
A0A1S4FMN3	2	U-02	aegypti	Ae. aegypti
A0A1S4FMN4	1	U-01	aegypti	Ae. aegypti
A0A1S4FMP6	2	U-02	aegypti	Ae. aegypti
A0A1S4FMR5	1	U-01	aegypti	Ae. aegypti
A0A1S4FMR7	1	U-01	aegypti	Ae. aegypti
A0A1S4FMS2	1	U-01	aegypti	Ae. aegypti
A0A1S4FMS7	2	U-02	aegypti	Ae. aegypti
A0A1S4FMT5	1	U-01	aegypti	Ae. aegypti
A0A1S4FMU6	2	U-02	aegypti	Ae. aegypti
A0A1S4FMU8	2	U-02	aegypti	Ae. aegypti
A0A1S4FMU9	2	U-02	aegypti	Ae. aegypti
A0A1S4FMV1	1	U-01	aegypti	Ae. aegypti
A0A1S4FMW0	0	unassigned	aegypti	Ae. aegypti
A0A1S4FMX5	1	U-01	aegypti	Ae. aegypti
A0A1S4FMY0	0	unassigned	aegypti	Ae. aegypti
A0A1S4FMZ3	1	U-01	aegypti	Ae. aegypti
A0A1S4FN10	2	U-02	aegypti	Ae. aegypti
A0A1S4FN28	1	U-01	aegypti	Ae. aegypti
A0A1S4FN42	1	U-01	aegypti	Ae. aegypti
A0A1S4FN66	1	U-01	aegypti	Ae. aegypti
A0A1S4FN98	1	U-01	aegypti	Ae. aegypti
A0A1S4FNF8	1	U-01	aegypti	Ae. aegypti
A0A1S4FNK9	1	U-01	aegypti	Ae. aegypti
A0A1S4FNL0	1	U-01	aegypti	Ae. aegypti
A0A1S4FNL5	2	U-02	aegypti	Ae. aegypti
A0A1S4FNL8	1	U-01	aegypti	Ae. aegypti
