id	cluster_id	cluster_name	select	label
A0A9P0HFE1	2	U-02	viridula	N. viridula
A0A9P0HFE3	2	U-02	viridula	N. viridula
A0A9P0HFE4	1	U-01	viridula	N. viridula
A0A9P0HFE5	1	U-01	viridula	N. viridula
A0A9P0HFE6	2	U-02	viridula	N. viridula
A0A9P0HFE7	0	unassigned	viridula	N. viridula
A0A9P0HFE8	1	U-01	viridula	N. viridula
A0A9P0HFF2	0	unassigned	viridula	N. viridula
A0A9P0HFF3	1	U-01	viridula	N. viridula
A0A9P0HFF6	4	U-04	viridula	N. viridula
A0A9P0HFF7	2	U-02	viridula	N. viridula
A0A9P0HFG2	2	U-02	viridula	N. viridula
A0A9P0HFG3	2	U-02	viridula	N. viridula
A0A9P0HFG5	1	U-01	viridula	N. viridula
A0A9P0HFH0	1	U-01	viridula	N. viridula
A0A9P0HFH1	1	U-01	viridula	N. viridula
A0A9P0HFH2	0	unassigned	viridula	N. viridula
A0A9P0HFH4	2	U-02	viridula	N. viridula
A0A9P0HFH7	0	unassigned	viridula	N. viridula
A0A9P0HFH9	1	U-01	viridula	N. viridula
A0A9P0HFI0	1	U-01	viridula	N. viridula
A0A9P0HFI3	4	U-04	viridula	N. viridula
A0A9P0HFI5	0	unassigned	viridula	N. viridula
A0A9P0HFI6	1	U-01	viridula	N. viridula
A0A9P0HFI7	0	unassigned	viridula	N. viridula
A0A9P0HFJ0	1	U-01	viridula	N. viridula
A0A9P0HFJ1	1	U-01	viridula	N. viridula
A0A9P0HFJ2	2	U-02	viridula	N. viridula
A0A9P0HFJ3	1	U-01	viridula	N. viridula
A0A9P0HFJ5	1	U-01	viridula	N. viridula
A0A9P0HFJ6	1	U-01	viridula	N. viridula
A0A9P0HFJ9	0	unassigned	viridula	N. viridula
A0A9P0HFK0	0	unassigned	viridula	N. viridula
A0A9P0HFK2	1	U-01	viridula	N. viridula
A0A9P0HFK3	1	U-01	viridula	N. viridula
A0A9P0HFK5	1	U-01	viridula	N. viridula
A0A9P0HFK6	0	unassigned	viridula	N. viridula
A0A9P0HFK8	1	U-01	viridula	N. viridula
A0A9P0HFK9	0	unassigned	viridula	N. viridula
A0A9P0HFL0	2	U-02	viridula	N. viridula
A0A9P0HFL1	4	U-04	viridula	N. viridula
A0A9P0HFL2	2	U-02	viridula	N. viridula
A0A9P0HFL4	2	U-02	viridula	N. viridula
A0A9P0HFL6	1	U-01	viridula	N. viridula
A0A9P0HFL7	1	U-01	viridula	N. viridula
A0A9P0HFL9	2	U-02	viridula	N. viridula
A0A9P0HFM1	1	U-01	viridula	N. viridula
A0A9P0HFM2	0	unassigned	viridula	N. viridula
A0A9P0HFM4	1	U-01	viridula	N. viridula
A0A9P0HFM5	1	U-01	viridula	N. viridula
A0A9P0HFM6	1	U-01	viridula	N. viridula
A0A9P0HFM8	2	U-02	viridula	N. viridula
A0A9P0HFN0	2	U-02	viridula	N. viridula
A0A9P0HFN2	0	unassigned	viridula	N. viridula
A0A9P0HFN4	1	U-01	viridula	N. viridula
A0A9P0HFN6	1	U-01	viridula	N. viridula
A0A9P0HFN8	1	U-01	viridula	N. viridula
A0A9P0HFP0	2	U-02	viridula	N. viridula
A0A9P0HFP2	1	U-01	viridula	N. viridula
A0A9P0HFP3	1	U-01	viridula	N. viridula
A0A9P0HFP4	0	unassigned	viridula	N. viridula
A0A9P0HFP5	1	U-01	viridula	N. viridula
A0A9P0HFP6	1	U-01	viridula	N. viridula
A0A9P0HFP8	1	U-01	viridula	N. viridula
A0A9P0HFP9	1	U-01	viridula	N. viridula
A0A9P0HFQ1	2	U-02	viridula	N. viridula
A0A9P0HFQ2	1	U-01	viridula	N. viridula
A0A9P0HFQ3	1	U-01	viridula	N. viridula
A0A9P0HFQ5	1	U-01	viridula	N. viridula
A0A9P0HFQ6	2	U-02	viridula	N. viridula
A0A9P0HFQ8	2	U-02	viridula	N. viridula
A0A9P0HFR1	0	unassigned	viridula	N. viridula
A0A9P0HFR2	1	U-01	viridula	N. viridula
A0A9P0HFR5	0	unassigned	viridula	N. viridula
A0A9P0HFR7	3	U-03	viridula	N. viridula
A0A9P0HFR9	1	U-01	viridula	N. viridula
A0A9P0HFS0	1	U-01	viridula	N. viridula
A0A9P0HFS2	1	U-01	viridula	N. viridula
A0A9P0HFS5	2	U-02	viridula	N. viridula
A0A9P0HFS6	1	U-01	viridula	N. viridula
A0A9P0HFS7	1	U-01	viridula	N. viridula
A0A9P0HFS9	1	U-01	viridula	N. viridula
A0A9P0HFT1	2	U-02	viridula	N. viridula
A0A9P0HFT3	0	unassigned	viridula	N. viridula
A0A9P0HFT4	1	U-01	viridula	N. viridula
A0A9P0HFT5	0	unassigned	viridula	N. viridula
A0A9P0HFT8	1	U-01	viridula	N. viridula
A0A9P0HFU1	2	U-02	viridula	N. viridula
A0A9P0HFU3	1	U-01	viridula	N. viridula
A0A9P0HFU4	1	U-01	viridula	N. viridula
A0A9P0HFU6	4	U-04	viridula	N. viridula
A0A9P0HFU8	1	U-01	viridula	N. viridula
A0A9P0HFU9	1	U-01	viridula	N. viridula
A0A9P0HFV0	2	U-02	viridula	N. viridula
A0A9P0HFV1	0	unassigned	viridula	N. viridula
A0A9P0HFV2	0	unassigned	viridula	N. viridula
A0A9P0HFV4	2	U-02	viridula	N. viridula
A0A9P0HFV5	1	U-01	viridula	N. viridula
A0A9P0HFV6	1	U-01	viridula	N. viridula
A0A9P0HFV8	1	U-01	viridula	N. viridula
A0A9P0E718	1	U-01	viridula	N. viridula
A0A9P0E723	1	U-01	viridula	N. viridula
A0A9P0E724	1	U-01	viridula	N. viridula
A0A9P0E725	1	U-01	viridula	N. viridula
A0A9P0E731	1	U-01	viridula	N. viridula
A0A9P0E734	4	U-04	viridula	N. viridula
A0A9P0E736	1	U-01	viridula	N. viridula
A0A9P0E740	3	U-03	viridula	N. viridula
A0A9P0E741	1	U-01	viridula	N. viridula
A0A9P0E744	1	U-01	viridula	N. viridula
A0A9P0E745	1	U-01	viridula	N. viridula
A0A9P0E746	1	U-01	viridula	N. viridula
A0A9P0E747	1	U-01	viridula	N. viridula
A0A9P0E754	0	unassigned	viridula	N. viridula
A0A9P0E756	1	U-01	viridula	N. viridula
A0A9P0E757	1	U-01	viridula	N. viridula
A0A9P0E758	1	U-01	viridula	N. viridula
A0A9P0E766	1	U-01	viridula	N. viridula
A0A9P0E769	1	U-01	viridula	N. viridula
A0A9P0E773	1	U-01	viridula	N. viridula
A0A9P0E774	1	U-01	viridula	N. viridula
A0A9P0E777	1	U-01	viridula	N. viridula
A0A9P0E779	1	U-01	viridula	N. viridula
A0A9P0E782	1	U-01	viridula	N. viridula
A0A9P0E785	1	U-01	viridula	N. viridula
A0A9P0E787	3	U-03	viridula	N. viridula
A0A9P0E789	1	U-01	viridula	N. viridula
A0A9P0E792	1	U-01	viridula	N. viridula
A0A9P0E793	1	U-01	viridula	N. viridula
A0A9P0EAU3	1	U-01	viridula	N. viridula
A0A9P0EAU4	1	U-01	viridula	N. viridula
A0A9P0EAU7	1	U-01	viridula	N. viridula
A0A9P0EAV1	1	U-01	viridula	N. viridula
A0A9P0EAV4	1	U-01	viridula	N. viridula
A0A9P0EAW8	1	U-01	viridula	N. viridula
A0A9P0EAX1	1	U-01	viridula	N. viridula
A0A9P0EAX2	4	U-04	viridula	N. viridula
A0A9P0EAX3	1	U-01	viridula	N. viridula
A0A9P0EAX9	1	U-01	viridula	N. viridula
A0A9P0EAY3	1	U-01	viridula	N. viridula
A0A9P0EAY7	3	U-03	viridula	N. viridula
A0A9P0EAY8	1	U-01	viridula	N. viridula
A0A9P0EAZ0	1	U-01	viridula	N. viridula
A0A9P0EAZ4	1	U-01	viridula	N. viridula
A0A9P0EAZ6	3	U-03	viridula	N. viridula
A0A9P0EAZ7	1	U-01	viridula	N. viridula
A0A9P0EAZ8	3	U-03	viridula	N. viridula
A0A9P0EB07	0	unassigned	viridula	N. viridula
A0A9P0EB08	1	U-01	viridula	N. viridula
A0A9P0EB13	1	U-01	viridula	N. viridula
A0A9P0EB16	1	U-01	viridula	N. viridula
A0A9P0EB24	1	U-01	viridula	N. viridula
A0A9P0EB26	3	U-03	viridula	N. viridula
A0A9P0EB34	1	U-01	viridula	N. viridula
A0A9P0EB37	1	U-01	viridula	N. viridula
A0A9P0EB42	1	U-01	viridula	N. viridula
A0A9P0EB44	1	U-01	viridula	N. viridula
A0A9P0EB45	3	U-03	viridula	N. viridula
A0A9P0EB56	0	unassigned	viridula	N. viridula
A0A9P0EB66	4	U-04	viridula	N. viridula
A0A9P0EB68	1	U-01	viridula	N. viridula
A0A9P0EB74	1	U-01	viridula	N. viridula
A0A9P0EB75	1	U-01	viridula	N. viridula
A0A9P0EB77	1	U-01	viridula	N. viridula
A0A9P0EB93	0	unassigned	viridula	N. viridula
A0A9P0EBA5	1	U-01	viridula	N. viridula
A0A9P0EBA8	4	U-04	viridula	N. viridula
A0A9P0EBB1	4	U-04	viridula	N. viridula
A0A9P0EBB3	1	U-01	viridula	N. viridula
A0A9P0EBB8	1	U-01	viridula	N. viridula
A0A9P0EBC4	1	U-01	viridula	N. viridula
A0A9P0EBD1	0	unassigned	viridula	N. viridula
A0A9P0EBD2	1	U-01	viridula	N. viridula
A0A9P0EBD4	1	U-01	viridula	N. viridula
A0A9P0EBD9	4	U-04	viridula	N. viridula
A0A9P0EBE2	1	U-01	viridula	N. viridula
A0A9P0EBF1	1	U-01	viridula	N. viridula
A0A9P0EBF9	4	U-04	viridula	N. viridula
A0A9P0EBG5	1	U-01	viridula	N. viridula
A0A9P0EBG9	1	U-01	viridula	N. viridula
A0A9P0EBH7	1	U-01	viridula	N. viridula
A0A9P0EBI3	1	U-01	viridula	N. viridula
A0A9P0EBJ1	1	U-01	viridula	N. viridula
A0A9P0EBK8	1	U-01	viridula	N. viridula
A0A9P0EBL2	1	U-01	viridula	N. viridula
A0A9P0EBL3	1	U-01	viridula	N. viridula
A0A9P0EBM2	1	U-01	viridula	N. viridula
A0A9P0EBN7	1	U-01	viridula	N. viridula
A0A9P0EBP0	1	U-01	viridula	N. viridula
A0A9P0EBP2	1	U-01	viridula	N. viridula
A0A9P0EBP5	0	unassigned	viridula	N. viridula
A0A9P0EBQ0	1	U-01	viridula	N. viridula
A0A9P0EBQ3	1	U-01	viridula	N. viridula
A0A9P0EBQ4	2	U-02	viridula	N. viridula
A0A9P0EBS1	1	U-01	viridula	N. viridula
A0A9P0EBS3	3	U-03	viridula	N. viridula
A0A9P0EBS4	1	U-01	viridula	N. viridula
A0A9P0EBS8	1	U-01	viridula	N. viridula
A0A9P0EBT9	1	U-01	viridula	N. viridula
A0A9P0EBU1	1	U-01	viridula	N. viridula
A0A9P0EBU6	1	U-01	viridula	N. viridula
A0A9P0EBU9	1	U-01	viridula	N. viridula
A0A9P0EBV2	1	U-01	viridula	N. viridula
A0A9P0EBW1	1	U-01	viridula	N. viridula
A0A9P0EBW3	1	U-01	viridula	N. viridula
A0A9P0EBW6	1	U-01	viridula	N. viridula
A0A9P0EBW7	1	U-01	viridula	N. viridula
A0A9P0EBX2	4	U-04	viridula	N. viridula
A0A9P0EBX6	1	U-01	viridula	N. viridula
A0A9P0EBX9	3	U-03	viridula	N. viridula
A0A9P0EBY4	1	U-01	viridula	N. viridula
A0A9P0EBY7	1	U-01	viridula	N. viridula
A0A9P0EBZ2	1	U-01	viridula	N. viridula
A0A9P0EC01	3	U-03	viridula	N. viridula
A0A9P0EC02	0	unassigned	viridula	N. viridula
A0A9P0EC03	3	U-03	viridula	N. viridula
A0A9P0EC04	1	U-01	viridula	N. viridula
A0A9P0EC06	3	U-03	viridula	N. viridula
A0A9P0EC09	1	U-01	viridula	N. viridula
A0A9P0EC11	0	unassigned	viridula	N. viridula
A0A9P0EC19	1	U-01	viridula	N. viridula
A0A9P0EC20	4	U-04	viridula	N. viridula
A0A9P0EC21	1	U-01	viridula	N. viridula
A0A9P0EC22	1	U-01	viridula	N. viridula
A0A9P0EC27	1	U-01	viridula	N. viridula
A0A9P0EC28	3	U-03	viridula	N. viridula
A0A9P0H196	0	unassigned	viridula	N. viridula
A0A9P0H199	0	unassigned	viridula	N. viridula
A0A9P0H1A4	0	unassigned	viridula	N. viridula
A0A9P0H1A5	1	U-01	viridula	N. viridula
A0A9P0H1A9	1	U-01	viridula	N. viridula
A0A9P0H1B1	0	unassigned	viridula	N. viridula
A0A9P0H1B2	1	U-01	viridula	N. viridula
A0A9P0H1B3	1	U-01	viridula	N. viridula
A0A9P0H1B6	1	U-01	viridula	N. viridula
A0A9P0H1C2	4	U-04	viridula	N. viridula
A0A9P0H1C4	1	U-01	viridula	N. viridula
A0A9P0H1D1	3	U-03	viridula	N. viridula
A0A9P0H1D6	1	U-01	viridula	N. viridula
A0A9P0H1E2	1	U-01	viridula	N. viridula
A0A9P0H1E4	4	U-04	viridula	N. viridula
A0A9P0H1F0	1	U-01	viridula	N. viridula
A0A9P0H1F2	1	U-01	viridula	N. viridula
A0A9P0H1F8	1	U-01	viridula	N. viridula
A0A9P0H1G2	1	U-01	viridula	N. viridula
A0A9P0H1G3	0	unassigned	viridula	N. viridula
A0A9P0H1G6	1	U-01	viridula	N. viridula
A0A9P0H1G7	1	U-01	viridula	N. viridula
A0A9P0H1H3	1	U-01	viridula	N. viridula
A0A9P0H1H6	4	U-04	viridula	N. viridula
A0A9P0H1I0	1	U-01	viridula	N. viridula
A0A9P0H1J3	1	U-01	viridula	N. viridula
A0A9P0H1K1	1	U-01	viridula	N. viridula
A0A9P0H1L9	1	U-01	viridula	N. viridula
A0A9P0H1M0	1	U-01	viridula	N. viridula
A0A9P0H1M2	4	U-04	viridula	N. viridula
A0A9P0H1M3	1	U-01	viridula	N. viridula
A0A9P0H1M4	1	U-01	viridula	N. viridula
A0A9P0H1M8	0	unassigned	viridula	N. viridula
A0A9P0H1M9	1	U-01	viridula	N. viridula
A0A9P0H1N4	1	U-01	viridula	N. viridula
A0A9P0H1N5	1	U-01	viridula	N. viridula
A0A9P0H1N6	1	U-01	viridula	N. viridula
A0A9P0H1N8	1	U-01	viridula	N. viridula
A0A9P0H1N9	1	U-01	viridula	N. viridula
A0A9P0H1P0	1	U-01	viridula	N. viridula
A0A9P0H1P1	1	U-01	viridula	N. viridula
A0A9P0H1P6	1	U-01	viridula	N. viridula
A0A9P0H1P8	4	U-04	viridula	N. viridula
A0A9P0H1P9	1	U-01	viridula	N. viridula
A0A9P0H1Q2	1	U-01	viridula	N. viridula
A0A9P0H1Q5	1	U-01	viridula	N. viridula
A0A9P0H1R1	0	unassigned	viridula	N. viridula
A0A9P0H1R3	1	U-01	viridula	N. viridula
A0A9P0H1R6	4	U-04	viridula	N. viridula
A0A9P0H1S2	1	U-01	viridula	N. viridula
A0A9P0H1S6	4	U-04	viridula	N. viridula
A0A9P0H1S7	1	U-01	viridula	N. viridula
A0A9P0H1S8	4	U-04	viridula	N. viridula
A0A9P0H1T1	1	U-01	viridula	N. viridula
A0A9P0H1T6	1	U-01	viridula	N. viridula
A0A9P0H1T7	0	unassigned	viridula	N. viridula
A0A9P0H1T8	1	U-01	viridula	N. viridula
A0A9P0H1V2	1	U-01	viridula	N. viridula
A0A9P0H1V7	3	U-03	viridula	N. viridula
A0A9P0H1V8	1	U-01	viridula	N. viridula
A0A9P0H1W7	3	U-03	viridula	N. viridula
A0A9P0H1W9	1	U-01	viridula	N. viridula
A0A9P0H1X4	1	U-01	viridula	N. viridula
A0A9P0H1X6	1	U-01	viridula	N. viridula
A0A9P0H1X8	1	U-01	viridula	N. viridula
A0A9P0H1X9	1	U-01	viridula	N. viridula
A0A9P0H1Y2	0	unassigned	viridula	N. viridula
A0A9P0H1Y3	1	U-01	viridula	N. viridula
A0A9P0H1Y7	3	U-03	viridula	N. viridula
A0A9P0H1Z5	1	U-01	viridula	N. viridula
A0A9P0H1Z8	1	U-01	viridula	N. viridula
A0A9P0H200	1	U-01	viridula	N. viridula
A0A9P0H204	0	unassigned	viridula	N. viridula
A0A9P0H208	1	U-01	viridula	N. viridula
A0A9P0H209	0	unassigned	viridula	N. viridula
A0A9P0H211	1	U-01	viridula	N. viridula
A0A9P0H215	1	U-01	viridula	N. viridula
A0A9P0H216	1	U-01	viridula	N. viridula
A0A9P0H220	1	U-01	viridula	N. viridula
A0A9P0H221	3	U-03	viridula	N. viridula
A0A9P0H223	1	U-01	viridula	N. viridula
A0A9P0H224	1	U-01	viridula	N. viridula
A0A9P0H226	0	unassigned	viridula	N. viridula
A0A9P0H227	1	U-01	viridula	N. viridula
A0A9P0H230	1	U-01	viridula	N. viridula
A0A9P0H233	1	U-01	viridula	N. viridula
A0A9P0H235	1	U-01	viridula	N. viridula
A0A9P0H236	0	unassigned	viridula	N. viridula
A0A9P0H237	1	U-01	viridula	N. viridula
A0A9P0H238	1	U-01	viridula	N. viridula
A0A9P0H243	0	unassigned	viridula	N. viridula
A0A9P0H246	1	U-01	viridula	N. viridula
A0A9P0H248	0	unassigned	viridula	N. viridula
A0A9P0H251	0	unassigned	viridula	N. viridula
A0A9P0H254	1	U-01	viridula	N. viridula
A0A9P0H255	0	unassigned	viridula	N. viridula
A0A9P0H256	1	U-01	viridula	N. viridula
A0A9P0MRZ1	1	U-01	viridula	N. viridula
A0A9P0MRZ3	2	U-02	viridula	N. viridula
A0A9P0MRZ4	2	U-02	viridula	N. viridula
A0A9P0MRZ6	1	U-01	viridula	N. viridula
A0A9P0MRZ7	0	unassigned	viridula	N. viridula
A0A9P0MS01	0	unassigned	viridula	N. viridula
A0A9P0MS04	3	U-03	viridula	N. viridula
A0A9P0MS05	1	U-01	viridula	N. viridula
A0A9P0MS07	1	U-01	viridula	N. viridula
A0A9P0MS08	2	U-02	viridula	N. viridula
A0A9P0MS10	1	U-01	viridula	N. viridula
A0A9P0MS11	1	U-01	viridula	N. viridula
A0A9P0MS12	0	unassigned	viridula	N. viridula
A0A9P0MS13	1	U-01	viridula	N. viridula
A0A9P0MS16	1	U-01	viridula	N. viridula
A0A9P0MS17	3	U-03	viridula	N. viridula
A0A9P0MS19	1	U-01	viridula	N. viridula
A0A9P0MS20	2	U-02	viridula	N. viridula
A0A9P0MS22	2	U-02	viridula	N. viridula
A0A9P0MS23	1	U-01	viridula	N. viridula
A0A9P0MS26	1	U-01	viridula	N. viridula
A0A9P0MS27	1	U-01	viridula	N. viridula
A0A9P0MS28	1	U-01	viridula	N. viridula
A0A9P0MS29	2	U-02	viridula	N. viridula
A0A9P0MS31	2	U-02	viridula	N. viridula
A0A9P0MS33	2	U-02	viridula	N. viridula
A0A9P0MS39	1	U-01	viridula	N. viridula
A0A9P0MS41	1	U-01	viridula	N. viridula
A0A9P0MS42	0	unassigned	viridula	N. viridula
A0A9P0MS44	3	U-03	viridula	N. viridula
A0A9P0MS45	1	U-01	viridula	N. viridula
A0A9P0MS48	1	U-01	viridula	N. viridula
A0A9P0MS50	1	U-01	viridula	N. viridula
A0A9P0MS51	4	U-04	viridula	N. viridula
A0A9P0MS52	1	U-01	viridula	N. viridula
A0A9P0MS53	1	U-01	viridula	N. viridula
A0A9P0MS58	2	U-02	viridula	N. viridula
A0A9P0MS61	2	U-02	viridula	N. viridula
A0A9P0MS62	1	U-01	viridula	N. viridula
A0A9P0MS65	2	U-02	viridula	N. viridula
A0A9P0MS67	2	U-02	viridula	N. viridula
A0A9P0MS68	1	U-01	viridula	N. viridula
A0A9P0MS69	1	U-01	viridula	N. viridula
A0A9P0MS70	1	U-01	viridula	N. viridula
A0A9P0MS74	4	U-04	viridula	N. viridula
A0A9P0MS75	1	U-01	viridula	N. viridula
A0A9P0MS78	1	U-01	viridula	N. viridula
A0A9P0MS79	0	unassigned	viridula	N. viridula
A0A9P0MS81	2	U-02	viridula	N. viridula
A0A9P0MS84	2	U-02	viridula	N. viridula
A0A9P0MS85	2	U-02	viridula	N. viridula
A0A9P0MS86	1	U-01	viridula	N. viridula
A0A9P0MS87	1	U-01	viridula	N. viridula
A0A9P0MS88	1	U-01	viridula	N. viridula
A0A9P0MS89	0	unassigned	viridula	N. viridula
A0A9P0MS92	2	U-02	viridula	N. viridula
A0A9P0MS93	1	U-01	viridula	N. viridula
A0A9P0MS95	4	U-04	viridula	N. viridula
A0A9P0MS96	1	U-01	viridula	N. viridula
A0A9P0MS97	2	U-02	viridula	N. viridula
A0A9P0MS98	1	U-01	viridula	N. viridula
A0A9P0MSA1	1	U-01	viridula	N. viridula
A0A9P0MSA2	2	U-02	viridula	N. viridula
A0A9P0MSA3	1	U-01	viridula	N. viridula
A0A9P0MSA5	0	unassigned	viridula	N. viridula
A0A9P0MSA6	2	U-02	viridula	N. viridula
A0A9P0MSA8	0	unassigned	viridula	N. viridula
A0A9P0MSA9	0	unassigned	viridula	N. viridula
A0A9P0MSB0	2	U-02	viridula	N. viridula
A0A9P0MSB1	1	U-01	viridula	N. viridula
A0A9P0MSB3	1	U-01	viridula	N. viridula
A0A9P0MSB4	0	unassigned	viridula	N. viridula
A0A9P0MSB6	1	U-01	viridula	N. viridula
A0A9P0MSB8	1	U-01	viridula	N. viridula
A0A9P0MSC0	1	U-01	viridula	N. viridula
A0A9P0MSC3	1	U-01	viridula	N. viridula
A0A9P0MSC4	1	U-01	viridula	N. viridula
A0A9P0MQD6	0	unassigned	viridula	N. viridula
A0A9P0MQD8	0	unassigned	viridula	N. viridula
A0A9P0MQD9	1	U-01	viridula	N. viridula
A0A9P0MQE0	2	U-02	viridula	N. viridula
A0A9P0MQE2	2	U-02	viridula	N. viridula
A0A9P0MQE4	2	U-02	viridula	N. viridula
A0A9P0MQE7	1	U-01	viridula	N. viridula
A0A9P0MQE9	1	U-01	viridula	N. viridula
A0A9P0MQF0	0	unassigned	viridula	N. viridula
A0A9P0MQF1	0	unassigned	viridula	N. viridula
A0A9P0MQF3	2	U-02	viridula	N. viridula
A0A9P0MQF6	2	U-02	viridula	N. viridula
A0A9P0MQF7	4	U-04	viridula	N. viridula
A0A9P0MQF8	4	U-04	viridula	N. viridula
A0A9P0MQG0	0	unassigned	viridula	N. viridula
A0A9P0MQG4	2	U-02	viridula	N. viridula
A0A9P0MQG6	1	U-01	viridula	N. viridula
A0A9P0MQG8	0	unassigned	viridula	N. viridula
A0A9P0MQG9	1	U-01	viridula	N. viridula
A0A9P0MQH1	2	U-02	viridula	N. viridula
A0A9P0MQH8	3	U-03	viridula	N. viridula
A0A9P0MQH9	2	U-02	viridula	N. viridula
A0A9P0MQI0	4	U-04	viridula	N. viridula
A0A9P0MQI3	0	unassigned	viridula	N. viridula
A0A9P0MQI4	1	U-01	viridula	N. viridula
A0A9P0MQI5	0	unassigned	viridula	N. viridula
A0A9P0MQI6	1	U-01	viridula	N. viridula
A0A9P0MQI7	2	U-02	viridula	N. viridula
A0A9P0MQI8	1	U-01	viridula	N. viridula
A0A9P0MQI9	2	U-02	viridula	N. viridula
A0A9P0MQJ0	3	U-03	viridula	N. viridula
A0A9P0MQJ1	1	U-01	viridula	N. viridula
A0A9P0MQJ4	1	U-01	viridula	N. viridula
A0A9P0MQJ5	0	unassigned	viridula	N. viridula
A0A9P0MQJ8	3	U-03	viridula	N. viridula
A0A9P0MQJ9	1	U-01	viridula	N. viridula
A0A9P0MQK0	0	unassigned	viridula	N. viridula
A0A9P0MQK2	1	U-01	viridula	N. viridula
A0A9P0MQK3	2	U-02	viridula	N. viridula
A0A9P0MQK4	1	U-01	viridula	N. viridula
A0A9P0MQK5	0	unassigned	viridula	N. viridula
A0A9P0MQK8	2	U-02	viridula	N. viridula
A0A9P0MQK9	1	U-01	viridula	N. viridula
A0A9P0MQL0	2	U-02	viridula	N. viridula
A0A9P0MQL1	2	U-02	viridula	N. viridula
A0A9P0MQL3	1	U-01	viridula	N. viridula
A0A9P0MQL4	2	U-02	viridula	N. viridula
A0A9P0MQL5	2	U-02	viridula	N. viridula
A0A9P0MQL7	0	unassigned	viridula	N. viridula
A0A9P0MQL9	2	U-02	viridula	N. viridula
A0A9P0MQM0	2	U-02	viridula	N. viridula
A0A9P0MQM1	1	U-01	viridula	N. viridula
A0A9P0MQM2	0	unassigned	viridula	N. viridula
A0A9P0MQM7	1	U-01	viridula	N. viridula
A0A9P0MQM8	2	U-02	viridula	N. viridula
A0A9P0MQM9	1	U-01	viridula	N. viridula
A0A9P0MQN0	1	U-01	viridula	N. viridula
A0A9P0MQN1	2	U-02	viridula	N. viridula
A0A9P0MQN2	1	U-01	viridula	N. viridula
A0A9P0MQN3	1	U-01	viridula	N. viridula
A0A9P0MQN4	2	U-02	viridula	N. viridula
A0A9P0MQN5	1	U-01	viridula	N. viridula
A0A9P0MQN7	1	U-01	viridula	N. viridula
A0A9P0MQN9	1	U-01	viridula	N. viridula
A0A9P0MQP0	2	U-02	viridula	N. viridula
A0A9P0MQP3	1	U-01	viridula	N. viridula
A0A9P0MQP4	1	U-01	viridula	N. viridula
A0A9P0MQP6	2	U-02	viridula	N. viridula
A0A9P0MQP7	1	U-01	viridula	N. viridula
A0A9P0MQP8	2	U-02	viridula	N. viridula
A0A9P0MQQ1	1	U-01	viridula	N. viridula
A0A9P0MQQ2	1	U-01	viridula	N. viridula
A0A9P0MQQ4	0	unassigned	viridula	N. viridula
A0A9P0MQQ5	2	U-02	viridula	N. viridula
A0A9P0MQQ6	2	U-02	viridula	N. viridula
A0A9P0MQQ7	2	U-02	viridula	N. viridula
A0A9P0MQQ8	2	U-02	viridula	N. viridula
A0A9P0MQR0	2	U-02	viridula	N. viridula
A0A9P0MQR1	0	unassigned	viridula	N. viridula
A0A9P0MQR3	3	U-03	viridula	N. viridula
A0A9P0MQR5	0	unassigned	viridula	N. viridula
A0A9P0MQR6	2	U-02	viridula	N. viridula
A0A9P0MQR9	0	unassigned	viridula	N. viridula
A0A9P0MQS0	2	U-02	viridula	N. viridula
A0A9P0MQS2	4	U-04	viridula	N. viridula
A0A9P0MQS3	1	U-01	viridula	N. viridula
A0A9P0MQS4	0	unassigned	viridula	N. viridula
A0A9P0MQS5	1	U-01	viridula	N. viridula
A0A9P0MQS6	3	U-03	viridula	N. viridula
A0A9P0MQS8	0	unassigned	viridula	N. viridula
A0A9P0MQS9	2	U-02	viridula	N. viridula
A0A9P0MQT1	2	U-02	viridula	N. viridula
A0A9P0MQT2	3	U-03	viridula	N. viridula
A0A9P0MQT3	4	U-04	viridula	N. viridula
A0A9P0MQT5	0	unassigned	viridula	N. viridula
A0A9P0MQT6	1	U-01	viridula	N. viridula
A0A9P0MQT7	1	U-01	viridula	N. viridula
A0A9P0MQT9	0	unassigned	viridula	N. viridula
A0A9P0MQU0	1	U-01	viridula	N. viridula
A0A9P0MQU1	1	U-01	viridula	N. viridula
A0A9P0MQU2	4	U-04	viridula	N. viridula
A0A9P0MQU3	1	U-01	viridula	N. viridula
A0A9P0MQU5	0	unassigned	viridula	N. viridula
A0A9P0MQU7	1	U-01	viridula	N. viridula
A0A9P0MQU9	1	U-01	viridula	N. viridula
A0A9P0MQV1	2	U-02	viridula	N. viridula
A0A9P0MQV2	2	U-02	viridula	N. viridula
A0A9P0MQV6	1	U-01	viridula	N. viridula
A0A9P0MQV8	2	U-02	viridula	N. viridula
A0A9P0MQV9	1	U-01	viridula	N. viridula
A0A9P0MQW0	2	U-02	viridula	N. viridula
A0A9P0MQW1	1	U-01	viridula	N. viridula
A0A9P0MQW3	2	U-02	viridula	N. viridula
A0A9P0MQW4	2	U-02	viridula	N. viridula
A0A9P0MQW6	1	U-01	viridula	N. viridula
A0A9P0MQW7	1	U-01	viridula	N. viridula
A0A9P0MQX0	1	U-01	viridula	N. viridula
A0A9P0MQX2	1	U-01	viridula	N. viridula
A0A9P0MQX4	1	U-01	viridula	N. viridula
A0A9P0MQX5	0	unassigned	viridula	N. viridula
A0A9P0MQX6	1	U-01	viridula	N. viridula
A0A9P0MQX7	0	unassigned	viridula	N. viridula
A0A9P0MQY1	1	U-01	viridula	N. viridula
A0A9P0MQY2	1	U-01	viridula	N. viridula
A0A9P0MQY3	1	U-01	viridula	N. viridula
A0A9P0MQY5	4	U-04	viridula	N. viridula
A0A9P0MQY6	1	U-01	viridula	N. viridula
A0A9P0MQY7	2	U-02	viridula	N. viridula
A0A9P0MQZ0	0	unassigned	viridula	N. viridula
A0A9P0MQZ1	1	U-01	viridula	N. viridula
A0A9P0MQZ2	0	unassigned	viridula	N. viridula
A0A9P0MQZ3	0	unassigned	viridula	N. viridula
A0A9P0MQZ4	1	U-01	viridula	N. viridula
A0A9P0MQZ5	2	U-02	viridula	N. viridula
A0A9P0MQZ9	1	U-01	viridula	N. viridula
A0A9P0MR00	2	U-02	viridula	N. viridula
A0A9P0MR01	1	U-01	viridula	N. viridula
A0A9P0MR02	1	U-01	viridula	N. viridula
A0A9P0MR03	1	U-01	viridula	N. viridula
A0A9P0MR04	1	U-01	viridula	N. viridula
A0A9P0MR05	1	U-01	viridula	N. viridula
A0A9P0MR06	1	U-01	viridula	N. viridula
A0A9P0MR08	0	unassigned	viridula	N. viridula
A0A9P0MR11	2	U-02	viridula	N. viridula
A0A9P0MR12	1	U-01	viridula	N. viridula
A0A9P0MR13	1	U-01	viridula	N. viridula
A0A9P0MR15	1	U-01	viridula	N. viridula
A0A9P0MR16	2	U-02	viridula	N. viridula
A0A9P0MR17	2	U-02	viridula	N. viridula
A0A9P0MR18	1	U-01	viridula	N. viridula
A0A9P0MR19	1	U-01	viridula	N. viridula
A0A9P0MR21	1	U-01	viridula	N. viridula
A0A9P0MR22	3	U-03	viridula	N. viridula
A0A9P0MR23	1	U-01	viridula	N. viridula
A0A9P0MR24	1	U-01	viridula	N. viridula
A0A9P0MR26	2	U-02	viridula	N. viridula
A0A9P0MR27	1	U-01	viridula	N. viridula
A0A9P0MR28	2	U-02	viridula	N. viridula
A0A9P0MR29	1	U-01	viridula	N. viridula
A0A9P0MR32	1	U-01	viridula	N. viridula
A0A9P0MR35	1	U-01	viridula	N. viridula
A0A9P0MR36	1	U-01	viridula	N. viridula
A0A9P0MR37	1	U-01	viridula	N. viridula
A0A9P0MR39	2	U-02	viridula	N. viridula
A0A9P0MR43	1	U-01	viridula	N. viridula
A0A9P0MR45	1	U-01	viridula	N. viridula
A0A9P0MR46	2	U-02	viridula	N. viridula
A0A9P0MR47	1	U-01	viridula	N. viridula
A0A9P0MR50	2	U-02	viridula	N. viridula
A0A9P0MR51	0	unassigned	viridula	N. viridula
A0A9P0MR53	1	U-01	viridula	N. viridula
A0A9P0MR55	1	U-01	viridula	N. viridula
A0A9P0MR59	1	U-01	viridula	N. viridula
A0A9P0MR60	1	U-01	viridula	N. viridula
A0A9P0MR62	2	U-02	viridula	N. viridula
A0A9P0MR64	2	U-02	viridula	N. viridula
A0A9P0MR65	1	U-01	viridula	N. viridula
A0A9P0MR67	2	U-02	viridula	N. viridula
A0A9P0MR70	1	U-01	viridula	N. viridula
A0A9P0MR76	1	U-01	viridula	N. viridula
A0A9P0MR78	1	U-01	viridula	N. viridula
A0A9P0MR79	1	U-01	viridula	N. viridula
A0A9P0MR81	1	U-01	viridula	N. viridula
A0A9P0MR82	1	U-01	viridula	N. viridula
A0A9P0MR83	1	U-01	viridula	N. viridula
A0A9P0MR86	1	U-01	viridula	N. viridula
A0A9P0MR90	0	unassigned	viridula	N. viridula
A0A9P0MR91	1	U-01	viridula	N. viridula
A0A9P0MR93	2	U-02	viridula	N. viridula
A0A9P0MR94	1	U-01	viridula	N. viridula
A0A9P0MR96	2	U-02	viridula	N. viridula
A0A9P0MR97	1	U-01	viridula	N. viridula
A0A9P0MR99	3	U-03	viridula	N. viridula
A0A9P0MRA0	0	unassigned	viridula	N. viridula
A0A9P0MRA2	1	U-01	viridula	N. viridula
A0A9P0MRA3	1	U-01	viridula	N. viridula
A0A9P0MRA8	1	U-01	viridula	N. viridula
A0A9P0MRB0	2	U-02	viridula	N. viridula
A0A9P0MRB1	1	U-01	viridula	N. viridula
A0A9P0MRB2	2	U-02	viridula	N. viridula
A0A9P0MRB3	4	U-04	viridula	N. viridula
A0A9P0MRB4	2	U-02	viridula	N. viridula
A0A9P0MRB5	2	U-02	viridula	N. viridula
A0A9P0MRB7	1	U-01	viridula	N. viridula
A0A9P0MRB9	3	U-03	viridula	N. viridula
A0A9P0MRC0	1	U-01	viridula	N. viridula
A0A9P0MRC2	1	U-01	viridula	N. viridula
A0A9P0MRC3	1	U-01	viridula	N. viridula
A0A9P0MRC5	2	U-02	viridula	N. viridula
A0A9P0MRC6	1	U-01	viridula	N. viridula
A0A9P0MRC7	1	U-01	viridula	N. viridula
A0A9P0MRC8	1	U-01	viridula	N. viridula
A0A9P0MRC9	1	U-01	viridula	N. viridula
A0A9P0MRD0	1	U-01	viridula	N. viridula
A0A9P0MRD2	3	U-03	viridula	N. viridula
A0A9P0MRD3	2	U-02	viridula	N. viridula
A0A9P0MRD6	3	U-03	viridula	N. viridula
A0A9P0MRD8	1	U-01	viridula	N. viridula
A0A9P0MRD9	0	unassigned	viridula	N. viridula
A0A9P0MRE0	2	U-02	viridula	N. viridula
A0A9P0MRE1	4	U-04	viridula	N. viridula
A0A9P0MRE3	1	U-01	viridula	N. viridula
A0A9P0MRE4	2	U-02	viridula	N. viridula
A0A9P0MRE5	0	unassigned	viridula	N. viridula
A0A9P0MRE6	2	U-02	viridula	N. viridula
A0A9P0MRE9	0	unassigned	viridula	N. viridula
A0A9P0MRF1	4	U-04	viridula	N. viridula
A0A9P0MRF3	1	U-01	viridula	N. viridula
A0A9P0MRF4	1	U-01	viridula	N. viridula
A0A9P0MRF8	1	U-01	viridula	N. viridula
A0A9P0MRF9	1	U-01	viridula	N. viridula
A0A9P0MRG0	2	U-02	viridula	N. viridula
A0A9P0MRG2	1	U-01	viridula	N. viridula
A0A9P0MRG3	2	U-02	viridula	N. viridula
A0A9P0MRG6	1	U-01	viridula	N. viridula
A0A9P0MRG7	1	U-01	viridula	N. viridula
A0A9P0MRG8	0	unassigned	viridula	N. viridula
A0A9P0MRG9	1	U-01	viridula	N. viridula
A0A9P0MRH1	1	U-01	viridula	N. viridula
A0A9P0MRH2	1	U-01	viridula	N. viridula
A0A9P0MRH3	2	U-02	viridula	N. viridula
A0A9P0MRH4	1	U-01	viridula	N. viridula
A0A9P0MRH5	0	unassigned	viridula	N. viridula
A0A9P0MRH6	4	U-04	viridula	N. viridula
A0A9P0MRH8	1	U-01	viridula	N. viridula
A0A9P0MRH9	2	U-02	viridula	N. viridula
A0A9P0MRI0	1	U-01	viridula	N. viridula
A0A9P0MRI1	4	U-04	viridula	N. viridula
A0A9P0MRI4	1	U-01	viridula	N. viridula
A0A9P0MRI5	3	U-03	viridula	N. viridula
A0A9P0MRI9	3	U-03	viridula	N. viridula
A0A9P0MRJ1	1	U-01	viridula	N. viridula
A0A9P0MRJ2	1	U-01	viridula	N. viridula
A0A9P0MRJ3	3	U-03	viridula	N. viridula
A0A9P0MRJ7	1	U-01	viridula	N. viridula
A0A9P0MRJ9	1	U-01	viridula	N. viridula
A0A9P0MRK0	3	U-03	viridula	N. viridula
A0A9P0MRK1	2	U-02	viridula	N. viridula
A0A9P0MRK2	2	U-02	viridula	N. viridula
A0A9P0MRK4	1	U-01	viridula	N. viridula
A0A9P0MRK5	0	unassigned	viridula	N. viridula
A0A9P0MRK8	1	U-01	viridula	N. viridula
A0A9P0MRL0	1	U-01	viridula	N. viridula
A0A9P0MRL1	1	U-01	viridula	N. viridula
A0A9P0MRL3	3	U-03	viridula	N. viridula
A0A9P0MRL7	2	U-02	viridula	N. viridula
A0A9P0MRL8	1	U-01	viridula	N. viridula
A0A9P0MRM0	2	U-02	viridula	N. viridula
A0A9P0MRM1	1	U-01	viridula	N. viridula
A0A9P0MRM7	2	U-02	viridula	N. viridula
A0A9P0MRM8	1	U-01	viridula	N. viridula
A0A9P0MRN0	1	U-01	viridula	N. viridula
A0A9P0MRN1	2	U-02	viridula	N. viridula
A0A9P0MRN2	1	U-01	viridula	N. viridula
A0A9P0MRN3	1	U-01	viridula	N. viridula
A0A9P0MRN9	1	U-01	viridula	N. viridula
A0A9P0MRP0	1	U-01	viridula	N. viridula
A0A9P0MRP1	1	U-01	viridula	N. viridula
A0A9P0MRP2	1	U-01	viridula	N. viridula
A0A9P0MRP3	1	U-01	viridula	N. viridula
A0A9P0MRP5	2	U-02	viridula	N. viridula
A0A9P0MRP6	0	unassigned	viridula	N. viridula
A0A9P0MRP7	1	U-01	viridula	N. viridula
A0A9P0MRP9	1	U-01	viridula	N. viridula
A0A9P0MRQ0	2	U-02	viridula	N. viridula
A0A9P0MRQ1	4	U-04	viridula	N. viridula
A0A9P0MRQ2	1	U-01	viridula	N. viridula
A0A9P0MRQ3	1	U-01	viridula	N. viridula
A0A9P0MRQ6	1	U-01	viridula	N. viridula
A0A9P0MRQ9	1	U-01	viridula	N. viridula
A0A9P0MRR1	0	unassigned	viridula	N. viridula
A0A9P0MRR2	1	U-01	viridula	N. viridula
A0A9P0MRR3	2	U-02	viridula	N. viridula
A0A9P0MRR4	1	U-01	viridula	N. viridula
A0A9P0MRR7	3	U-03	viridula	N. viridula
A0A9P0MRR8	2	U-02	viridula	N. viridula
A0A9P0MRR9	1	U-01	viridula	N. viridula
A0A9P0MRS0	2	U-02	viridula	N. viridula
A0A9P0MRS1	2	U-02	viridula	N. viridula
A0A9P0MRS2	2	U-02	viridula	N. viridula
A0A9P0H6Q2	1	U-01	viridula	N. viridula
A0A9P0H6Q7	1	U-01	viridula	N. viridula
A0A9P0H6Q8	1	U-01	viridula	N. viridula
A0A9P0H6R3	1	U-01	viridula	N. viridula
A0A9P0H6R4	1	U-01	viridula	N. viridula
A0A9P0H6R9	1	U-01	viridula	N. viridula
A0A9P0H6S0	1	U-01	viridula	N. viridula
A0A9P0H6S5	1	U-01	viridula	N. viridula
A0A9P0H6S8	1	U-01	viridula	N. viridula
A0A9P0H6S9	1	U-01	viridula	N. viridula
A0A9P0H6T0	1	U-01	viridula	N. viridula
A0A9P0H6U1	1	U-01	viridula	N. viridula
A0A9P0H6U8	1	U-01	viridula	N. viridula
A0A9P0H6V2	1	U-01	viridula	N. viridula
A0A9P0H6W5	1	U-01	viridula	N. viridula
A0A9P0H6W7	4	U-04	viridula	N. viridula
A0A9P0H6W8	1	U-01	viridula	N. viridula
A0A9P0H6X4	1	U-01	viridula	N. viridula
A0A9P0H6X6	3	U-03	viridula	N. viridula
A0A9P0H6Z0	0	unassigned	viridula	N. viridula
A0A9P0H6Z4	0	unassigned	viridula	N. viridula
A0A9P0H6Z9	1	U-01	viridula	N. viridula
A0A9P0H702	1	U-01	viridula	N. viridula
A0A9P0H705	1	U-01	viridula	N. viridula
A0A9P0H709	1	U-01	viridula	N. viridula
A0A9P0H711	0	unassigned	viridula	N. viridula
A0A9P0H715	1	U-01	viridula	N. viridula
A0A9P0H724	1	U-01	viridula	N. viridula
A0A9P0H725	1	U-01	viridula	N. viridula
A0A9P0H728	0	unassigned	viridula	N. viridula
A0A9P0H729	1	U-01	viridula	N. viridula
A0A9P0H731	4	U-04	viridula	N. viridula
A0A9P0H739	3	U-03	viridula	N. viridula
A0A9P0H752	3	U-03	viridula	N. viridula
A0A9P0H754	1	U-01	viridula	N. viridula
A0A9P0H755	1	U-01	viridula	N. viridula
A0A9P0H756	4	U-04	viridula	N. viridula
A0A9P0H758	1	U-01	viridula	N. viridula
A0A9P0H760	1	U-01	viridula	N. viridula
A0A9P0H761	1	U-01	viridula	N. viridula
A0A9P0H773	4	U-04	viridula	N. viridula
A0A9P0H775	0	unassigned	viridula	N. viridula
A0A9P0H777	1	U-01	viridula	N. viridula
A0A9P0H780	3	U-03	viridula	N. viridula
A0A9P0H796	4	U-04	viridula	N. viridula
A0A9P0H799	1	U-01	viridula	N. viridula
A0A9P0H7A0	1	U-01	viridula	N. viridula
A0A9P0H7A4	1	U-01	viridula	N. viridula
A0A9P0H7A6	1	U-01	viridula	N. viridula
A0A9P0H7A8	1	U-01	viridula	N. viridula
A0A9P0H7B0	1	U-01	viridula	N. viridula
A0A9P0H7B3	1	U-01	viridula	N. viridula
A0A9P0H7B6	1	U-01	viridula	N. viridula
A0A9P0H7C0	1	U-01	viridula	N. viridula
A0A9P0H7C3	0	unassigned	viridula	N. viridula
A0A9P0H7C7	1	U-01	viridula	N. viridula
A0A9P0H7C9	4	U-04	viridula	N. viridula
A0A9P0H7D2	1	U-01	viridula	N. viridula
A0A9P0H7D8	1	U-01	viridula	N. viridula
A0A9P0H7E2	1	U-01	viridula	N. viridula
A0A9P0H7E5	3	U-03	viridula	N. viridula
A0A9P0H7E9	1	U-01	viridula	N. viridula
A0A9P0H7F2	1	U-01	viridula	N. viridula
A0A9P0H7F5	1	U-01	viridula	N. viridula
A0A9P0H7F8	3	U-03	viridula	N. viridula
A0A9P0H7G3	1	U-01	viridula	N. viridula
A0A9P0H7G5	1	U-01	viridula	N. viridula
A0A9P0H7H4	3	U-03	viridula	N. viridula
A0A9P0H7H9	1	U-01	viridula	N. viridula
A0A9P0H7I1	4	U-04	viridula	N. viridula
A0A9P0H7I2	1	U-01	viridula	N. viridula
A0A9P0H7I3	1	U-01	viridula	N. viridula
A0A9P0H7I4	4	U-04	viridula	N. viridula
A0A9P0H7I6	1	U-01	viridula	N. viridula
A0A9P0H7I8	3	U-03	viridula	N. viridula
A0A9P0H7J1	1	U-01	viridula	N. viridula
A0A9P0H7J4	1	U-01	viridula	N. viridula
A0A9P0H7J5	3	U-03	viridula	N. viridula
A0A9P0HLZ7	0	unassigned	viridula	N. viridula
A0A9P0HLZ8	1	U-01	viridula	N. viridula
A0A9P0HM00	1	U-01	viridula	N. viridula
A0A9P0HM03	3	U-03	viridula	N. viridula
A0A9P0HM10	4	U-04	viridula	N. viridula
A0A9P0HM16	4	U-04	viridula	N. viridula
A0A9P0HM17	0	unassigned	viridula	N. viridula
A0A9P0HM18	1	U-01	viridula	N. viridula
A0A9P0HM20	1	U-01	viridula	N. viridula
A0A9P0HM22	1	U-01	viridula	N. viridula
A0A9P0HM25	1	U-01	viridula	N. viridula
A0A9P0HM26	1	U-01	viridula	N. viridula
A0A9P0HM27	3	U-03	viridula	N. viridula
A0A9P0HM30	1	U-01	viridula	N. viridula
A0A9P0HM33	1	U-01	viridula	N. viridula
A0A9P0HM39	1	U-01	viridula	N. viridula
A0A9P0HM40	1	U-01	viridula	N. viridula
A0A9P0HM43	1	U-01	viridula	N. viridula
A0A9P0HM46	4	U-04	viridula	N. viridula
A0A9P0HM47	1	U-01	viridula	N. viridula
A0A9P0HM48	1	U-01	viridula	N. viridula
A0A9P0HM49	3	U-03	viridula	N. viridula
A0A9P0HM51	0	unassigned	viridula	N. viridula
A0A9P0HM55	1	U-01	viridula	N. viridula
A0A9P0HM61	0	unassigned	viridula	N. viridula
A0A9P0HM67	1	U-01	viridula	N. viridula
A0A9P0HM76	1	U-01	viridula	N. viridula
A0A9P0HM79	1	U-01	viridula	N. viridula
A0A9P0HM90	1	U-01	viridula	N. viridula
A0A9P0HM93	1	U-01	viridula	N. viridula
A0A9P0HM97	1	U-01	viridula	N. viridula
A0A9P0HMA5	3	U-03	viridula	N. viridula
A0A9P0HMA6	1	U-01	viridula	N. viridula
A0A9P0HMB3	1	U-01	viridula	N. viridula
A0A9P0HMB7	1	U-01	viridula	N. viridula
A0A9P0HMC1	1	U-01	viridula	N. viridula
A0A9P0HME0	1	U-01	viridula	N. viridula
A0A9P0HME9	1	U-01	viridula	N. viridula
A0A9P0HMF7	4	U-04	viridula	N. viridula
A0A9P0HMF8	3	U-03	viridula	N. viridula
A0A9P0HMG0	1	U-01	viridula	N. viridula
A0A9P0HMG1	3	U-03	viridula	N. viridula
A0A9P0HMG5	1	U-01	viridula	N. viridula
A0A9P0HMG8	1	U-01	viridula	N. viridula
A0A9P0HMH4	1	U-01	viridula	N. viridula
A0A9P0HMH7	0	unassigned	viridula	N. viridula
A0A9P0HMH8	1	U-01	viridula	N. viridula
A0A9P0HMI8	1	U-01	viridula	N. viridula
A0A9P0HMJ1	1	U-01	viridula	N. viridula
A0A9P0HMJ4	1	U-01	viridula	N. viridula
A0A9P0HMK1	4	U-04	viridula	N. viridula
A0A9P0HMK5	1	U-01	viridula	N. viridula
A0A9P0HMM5	1	U-01	viridula	N. viridula
A0A9P0HMM8	1	U-01	viridula	N. viridula
A0A9P0HMN1	1	U-01	viridula	N. viridula
A0A9P0HMN4	1	U-01	viridula	N. viridula
A0A9P0HMP1	4	U-04	viridula	N. viridula
A0A9P0HMP5	1	U-01	viridula	N. viridula
A0A9P0HMQ2	3	U-03	viridula	N. viridula
A0A9P0HMQ5	0	unassigned	viridula	N. viridula
A0A9P0HMR7	3	U-03	viridula	N. viridula
A0A9P0HMR9	0	unassigned	viridula	N. viridula
A0A9P0HMS0	1	U-01	viridula	N. viridula
A0A9P0HMS2	1	U-01	viridula	N. viridula
A0A9P0HMS3	1	U-01	viridula	N. viridula
A0A9P0HMS4	3	U-03	viridula	N. viridula
A0A9P0HMS9	1	U-01	viridula	N. viridula
A0A9P0HMT5	1	U-01	viridula	N. viridula
A0A9P0HMT8	1	U-01	viridula	N. viridula
A0A9P0HMU0	3	U-03	viridula	N. viridula
A0A9P0HMU2	3	U-03	viridula	N. viridula
A0A9P0HMU4	1	U-01	viridula	N. viridula
A0A9P0HMU6	1	U-01	viridula	N. viridula
A0A9P0HMU9	1	U-01	viridula	N. viridula
A0A9P0HMV1	1	U-01	viridula	N. viridula
A0A9P0HMV2	1	U-01	viridula	N. viridula
A0A9P0HMV8	1	U-01	viridula	N. viridula
A0A9P0HMW5	1	U-01	viridula	N. viridula
A0A9P0HMW6	1	U-01	viridula	N. viridula
A0A9P0HMX5	1	U-01	viridula	N. viridula
A0A9P0HMY0	1	U-01	viridula	N. viridula
A0A9P0HMY9	1	U-01	viridula	N. viridula
A0A9P0HMZ1	4	U-04	viridula	N. viridula
A0A9P0HMZ2	1	U-01	viridula	N. viridula
A0A9P0HMZ4	4	U-04	viridula	N. viridula
A0A9P0HMZ8	1	U-01	viridula	N. viridula
A0A9P0HN00	1	U-01	viridula	N. viridula
A0A9P0HN02	1	U-01	viridula	N. viridula
A0A9P0HN04	1	U-01	viridula	N. viridula
A0A9P0HN11	0	unassigned	viridula	N. viridula
A0A9P0HN18	1	U-01	viridula	N. viridula
A0A9P0HN22	1	U-01	viridula	N. viridula
A0A9P0HN34	3	U-03	viridula	N. viridula
A0A9P0HN43	4	U-04	viridula	N. viridula
A0A9P0HN52	1	U-01	viridula	N. viridula
A0A9P0HN53	1	U-01	viridula	N. viridula
A0A9P0HN58	1	U-01	viridula	N. viridula
A0A9P0HN64	1	U-01	viridula	N. viridula
A0A9P0MPT7	1	U-01	viridula	N. viridula
A0A9P0MPT9	4	U-04	viridula	N. viridula
A0A9P0MPU2	1	U-01	viridula	N. viridula
A0A9P0MPU5	1	U-01	viridula	N. viridula
A0A9P0MPU7	3	U-03	viridula	N. viridula
A0A9P0MPU9	1	U-01	viridula	N. viridula
A0A9P0MPV0	1	U-01	viridula	N. viridula
A0A9P0MPV1	1	U-01	viridula	N. viridula
A0A9P0MPV2	1	U-01	viridula	N. viridula
A0A9P0MPV6	0	unassigned	viridula	N. viridula
A0A9P0MPW0	1	U-01	viridula	N. viridula
A0A9P0MPW2	3	U-03	viridula	N. viridula
A0A9P0MPW9	1	U-01	viridula	N. viridula
A0A9P0MPX0	0	unassigned	viridula	N. viridula
A0A9P0MPX1	3	U-03	viridula	N. viridula
A0A9P0MPX4	3	U-03	viridula	N. viridula
A0A9P0MPY0	1	U-01	viridula	N. viridula
A0A9P0MPY1	3	U-03	viridula	N. viridula
A0A9P0MPY2	1	U-01	viridula	N. viridula
A0A9P0MPY7	1	U-01	viridula	N. viridula
A0A9P0MPY8	1	U-01	viridula	N. viridula
A0A9P0MPZ3	3	U-03	viridula	N. viridula
A0A9P0MQ00	1	U-01	viridula	N. viridula
A0A9P0MQ04	1	U-01	viridula	N. viridula
A0A9P0MQ06	1	U-01	viridula	N. viridula
A0A9P0MQ08	1	U-01	viridula	N. viridula
A0A9P0MQ11	3	U-03	viridula	N. viridula
A0A9P0MQ16	1	U-01	viridula	N. viridula
A0A9P0MQ21	1	U-01	viridula	N. viridula
A0A9P0MQ29	3	U-03	viridula	N. viridula
A0A9P0MQ40	1	U-01	viridula	N. viridula
A0A9P0MQ41	3	U-03	viridula	N. viridula
A0A9P0MQ43	1	U-01	viridula	N. viridula
A0A9P0MQ49	4	U-04	viridula	N. viridula
A0A9P0MQ50	3	U-03	viridula	N. viridula
A0A9P0MQ51	3	U-03	viridula	N. viridula
A0A9P0MQ53	3	U-03	viridula	N. viridula
A0A9P0MQ55	1	U-01	viridula	N. viridula
A0A9P0MQ57	1	U-01	viridula	N. viridula
A0A9P0MQ58	1	U-01	viridula	N. viridula
A0A9P0MQ59	3	U-03	viridula	N. viridula
A0A9P0MQ60	1	U-01	viridula	N. viridula
A0A9P0MQ64	1	U-01	viridula	N. viridula
A0A9P0MQ67	3	U-03	viridula	N. viridula
A0A9P0MQ69	1	U-01	viridula	N. viridula
A0A9P0MQ74	1	U-01	viridula	N. viridula
A0A9P0MQ75	1	U-01	viridula	N. viridula
A0A9P0MQ76	1	U-01	viridula	N. viridula
A0A9P0MQ79	0	unassigned	viridula	N. viridula
A0A9P0MQ86	1	U-01	viridula	N. viridula
A0A9P0MQ87	1	U-01	viridula	N. viridula
A0A9P0MQ88	3	U-03	viridula	N. viridula
A0A9P0MQ92	1	U-01	viridula	N. viridula
A0A9P0MQ93	1	U-01	viridula	N. viridula
A0A9P0MQ94	1	U-01	viridula	N. viridula
A0A9P0MQ98	3	U-03	viridula	N. viridula
A0A9P0MQA0	1	U-01	viridula	N. viridula
A0A9P0MQA2	0	unassigned	viridula	N. viridula
A0A9P0MQA8	1	U-01	viridula	N. viridula
A0A9P0MQC6	1	U-01	viridula	N. viridula
A0A9P0MQC8	1	U-01	viridula	N. viridula
A0A9P0MQD2	3	U-03	viridula	N. viridula
A0A9P0MQD7	1	U-01	viridula	N. viridula
A0A9P0MQE1	1	U-01	viridula	N. viridula
A0A9P0MQE3	1	U-01	viridula	N. viridula
A0A9P0MQE5	3	U-03	viridula	N. viridula
A0A9P0MQE6	1	U-01	viridula	N. viridula
A0A9P0MQE8	1	U-01	viridula	N. viridula
A0A9P0MQF4	3	U-03	viridula	N. viridula
A0A9P0MQF5	3	U-03	viridula	N. viridula
A0A9P0MQF9	3	U-03	viridula	N. viridula
A0A9P0MQG1	3	U-03	viridula	N. viridula
A0A9P0MQG2	3	U-03	viridula	N. viridula
A0A9P0MQG3	1	U-01	viridula	N. viridula
A0A9P0MQG5	0	unassigned	viridula	N. viridula
A0A9P0MQG7	3	U-03	viridula	N. viridula
A0A9P0MQH2	4	U-04	viridula	N. viridula
A0A9P0MQH3	1	U-01	viridula	N. viridula
A0A9P0MQH4	1	U-01	viridula	N. viridula
A0A9P0MQH5	3	U-03	viridula	N. viridula
A0A9P0MQH6	3	U-03	viridula	N. viridula
A0A9P0MQH7	1	U-01	viridula	N. viridula
A0A9P0MQI1	1	U-01	viridula	N. viridula
A0A9P0MQI2	1	U-01	viridula	N. viridula
A0A9P0MQJ2	3	U-03	viridula	N. viridula
A0A9P0MQJ3	3	U-03	viridula	N. viridula
A0A9P0MQJ7	1	U-01	viridula	N. viridula
A0A9P0MQK1	1	U-01	viridula	N. viridula
A0A9P0MQK6	1	U-01	viridula	N. viridula
A0A9P0MQK7	3	U-03	viridula	N. viridula
A0A9P0MQL2	4	U-04	viridula	N. viridula
A0A9P0MQL6	1	U-01	viridula	N. viridula
A0A9P0MQL8	1	U-01	viridula	N. viridula
A0A9P0MQM3	1	U-01	viridula	N. viridula
A0A9P0MQM4	3	U-03	viridula	N. viridula
A0A9P0MQM5	4	U-04	viridula	N. viridula
A0A9P0MQN6	3	U-03	viridula	N. viridula
A0A9P0DYJ5	1	U-01	viridula	N. viridula
A0A9P0DYK0	1	U-01	viridula	N. viridula
A0A9P0DYK8	2	U-02	viridula	N. viridula
A0A9P0DYL6	2	U-02	viridula	N. viridula
A0A9P0DYL7	1	U-01	viridula	N. viridula
A0A9P0DYM6	2	U-02	viridula	N. viridula
A0A9P0DYM7	2	U-02	viridula	N. viridula
A0A9P0DYN1	1	U-01	viridula	N. viridula
A0A9P0DYN4	1	U-01	viridula	N. viridula
A0A9P0DYN7	0	unassigned	viridula	N. viridula
A0A9P0DYP3	1	U-01	viridula	N. viridula
A0A9P0DYQ1	1	U-01	viridula	N. viridula
A0A9P0DYQ2	1	U-01	viridula	N. viridula
A0A9P0DYQ3	2	U-02	viridula	N. viridula
A0A9P0DYR2	1	U-01	viridula	N. viridula
A0A9P0DYR3	1	U-01	viridula	N. viridula
A0A9P0DYS0	4	U-04	viridula	N. viridula
A0A9P0DYS1	2	U-02	viridula	N. viridula
A0A9P0DYS7	1	U-01	viridula	N. viridula
A0A9P0DYS8	2	U-02	viridula	N. viridula
A0A9P0DYT8	2	U-02	viridula	N. viridula
A0A9P0DYU3	2	U-02	viridula	N. viridula
A0A9P0DYU5	1	U-01	viridula	N. viridula
A0A9P0DYU6	3	U-03	viridula	N. viridula
A0A9P0DYV3	1	U-01	viridula	N. viridula
A0A9P0DYV6	1	U-01	viridula	N. viridula
A0A9P0DYW3	1	U-01	viridula	N. viridula
A0A9P0MRL2	1	U-01	viridula	N. viridula
A0A9P0MRL4	3	U-03	viridula	N. viridula
A0A9P0MRL5	1	U-01	viridula	N. viridula
A0A9P0MRL6	3	U-03	viridula	N. viridula
A0A9P0MRL9	1	U-01	viridula	N. viridula
A0A9P0MRM3	1	U-01	viridula	N. viridula
A0A9P0MRM4	1	U-01	viridula	N. viridula
A0A9P0MRM5	1	U-01	viridula	N. viridula
A0A9P0MRM6	4	U-04	viridula	N. viridula
A0A9P0MRM9	1	U-01	viridula	N. viridula
A0A9P0MRN4	1	U-01	viridula	N. viridula
A0A9P0MRN5	4	U-04	viridula	N. viridula
A0A9P0MRN6	1	U-01	viridula	N. viridula
A0A9P0MRN7	1	U-01	viridula	N. viridula
A0A9P0MRP4	1	U-01	viridula	N. viridula
A0A9P0MRP8	0	unassigned	viridula	N. viridula
A0A9P0MRQ5	1	U-01	viridula	N. viridula
A0A9P0MRQ7	1	U-01	viridula	N. viridula
A0A9P0MRQ8	0	unassigned	viridula	N. viridula
A0A9P0MRR0	1	U-01	viridula	N. viridula
A0A9P0MRR5	1	U-01	viridula	N. viridula
A0A9P0MRR6	1	U-01	viridula	N. viridula
A0A9P0MRS3	1	U-01	viridula	N. viridula
A0A9P0MRS9	1	U-01	viridula	N. viridula
A0A9P0MRT0	1	U-01	viridula	N. viridula
A0A9P0MRT1	0	unassigned	viridula	N. viridula
A0A9P0MRT2	1	U-01	viridula	N. viridula
A0A9P0MRT4	3	U-03	viridula	N. viridula
A0A9P0MRT5	4	U-04	viridula	N. viridula
A0A9P0MRT9	0	unassigned	viridula	N. viridula
A0A9P0MRU0	1	U-01	viridula	N. viridula
A0A9P0MRU5	3	U-03	viridula	N. viridula
A0A9P0MRU6	4	U-04	viridula	N. viridula
A0A9P0MRU9	1	U-01	viridula	N. viridula
A0A9P0MRV0	1	U-01	viridula	N. viridula
A0A9P0MRV3	1	U-01	viridula	N. viridula
A0A9P0MRV9	1	U-01	viridula	N. viridula
A0A9P0MRW0	0	unassigned	viridula	N. viridula
A0A9P0MRW2	1	U-01	viridula	N. viridula
A0A9P0MRX1	1	U-01	viridula	N. viridula
A0A9P0MRX5	3	U-03	viridula	N. viridula
A0A9P0MRX8	3	U-03	viridula	N. viridula
A0A9P0MRY5	1	U-01	viridula	N. viridula
A0A9P0MRY7	0	unassigned	viridula	N. viridula
A0A9P0MRY9	1	U-01	viridula	N. viridula
A0A9P0MRZ0	3	U-03	viridula	N. viridula
A0A9P0MRZ5	0	unassigned	viridula	N. viridula
A0A9P0MRZ8	1	U-01	viridula	N. viridula
A0A9P0MRZ9	1	U-01	viridula	N. viridula
A0A9P0MS00	1	U-01	viridula	N. viridula
A0A9P0MS02	1	U-01	viridula	N. viridula
A0A9P0MS03	1	U-01	viridula	N. viridula
A0A9P0MS06	1	U-01	viridula	N. viridula
A0A9P0MS09	1	U-01	viridula	N. viridula
A0A9P0MS14	3	U-03	viridula	N. viridula
A0A9P0MS15	1	U-01	viridula	N. viridula
A0A9P0MS25	0	unassigned	viridula	N. viridula
A0A9P0MS30	1	U-01	viridula	N. viridula
A0A9P0MS32	4	U-04	viridula	N. viridula
A0A9P0MS35	1	U-01	viridula	N. viridula
A0A9P0MS36	4	U-04	viridula	N. viridula
A0A9P0MS37	0	unassigned	viridula	N. viridula
A0A9P0MS40	1	U-01	viridula	N. viridula
A0A9P0MS46	1	U-01	viridula	N. viridula
A0A9P0MS47	1	U-01	viridula	N. viridula
A0A9P0MS54	4	U-04	viridula	N. viridula
A0A9P0MS56	1	U-01	viridula	N. viridula
A0A9P0MS57	3	U-03	viridula	N. viridula
A0A9P0MS59	1	U-01	viridula	N. viridula
A0A9P0MS60	1	U-01	viridula	N. viridula
A0A9P0MS63	4	U-04	viridula	N. viridula
A0A9P0MS64	1	U-01	viridula	N. viridula
A0A9P0MS71	1	U-01	viridula	N. viridula
A0A9P0MS72	3	U-03	viridula	N. viridula
A0A9P0MS73	3	U-03	viridula	N. viridula
A0A9P0MS76	1	U-01	viridula	N. viridula
A0A9P0MS77	1	U-01	viridula	N. viridula
A0A9P0MS80	1	U-01	viridula	N. viridula
A0A9P0MS82	1	U-01	viridula	N. viridula
A0A9P0MS91	3	U-03	viridula	N. viridula
A0A9P0MS94	1	U-01	viridula	N. viridula
A0A9P0MSA0	1	U-01	viridula	N. viridula
A0A9P0MSA4	3	U-03	viridula	N. viridula
A0A9P0MSA7	1	U-01	viridula	N. viridula
A0A9P0MSB5	1	U-01	viridula	N. viridula
A0A9P0MSB7	1	U-01	viridula	N. viridula
A0A9P0MSB9	0	unassigned	viridula	N. viridula
A0A9P0MSC2	4	U-04	viridula	N. viridula
A0A9P0MSC8	0	unassigned	viridula	N. viridula
A0A9P0MSD3	1	U-01	viridula	N. viridula
A0A9P0MSD4	4	U-04	viridula	N. viridula
A0A9P0MSD5	1	U-01	viridula	N. viridula
A0A9P0MU59	1	U-01	viridula	N. viridula
A0A9P0MU62	1	U-01	viridula	N. viridula
A0A9P0MU66	3	U-03	viridula	N. viridula
A0A9P0MU74	1	U-01	viridula	N. viridula
A0A9P0MU75	4	U-04	viridula	N. viridula
A0A9P0MU77	0	unassigned	viridula	N. viridula
A0A9P0MU86	1	U-01	viridula	N. viridula
A0A9P0MU88	1	U-01	viridula	N. viridula
A0A9P0H8Z5	1	U-01	viridula	N. viridula
A0A9P0H8Z6	1	U-01	viridula	N. viridula
A0A9P0H8Z7	0	unassigned	viridula	N. viridula
A0A9P0H900	1	U-01	viridula	N. viridula
A0A9P0H905	0	unassigned	viridula	N. viridula
A0A9P0H924	1	U-01	viridula	N. viridula
A0A9P0H925	3	U-03	viridula	N. viridula
A0A9P0H926	1	U-01	viridula	N. viridula
A0A9P0H928	1	U-01	viridula	N. viridula
A0A9P0H929	1	U-01	viridula	N. viridula
A0A9P0H932	1	U-01	viridula	N. viridula
A0A9P0H941	1	U-01	viridula	N. viridula
A0A9P0H944	1	U-01	viridula	N. viridula
A0A9P0H948	1	U-01	viridula	N. viridula
A0A9P0H949	1	U-01	viridula	N. viridula
A0A9P0H951	1	U-01	viridula	N. viridula
A0A9P0H952	4	U-04	viridula	N. viridula
A0A9P0H954	1	U-01	viridula	N. viridula
A0A9P0H957	1	U-01	viridula	N. viridula
A0A9P0H961	1	U-01	viridula	N. viridula
A0A9P0H962	0	unassigned	viridula	N. viridula
A0A9P0H965	0	unassigned	viridula	N. viridula
A0A9P0H966	1	U-01	viridula	N. viridula
A0A9P0H969	3	U-03	viridula	N. viridula
A0A9P0H976	1	U-01	viridula	N. viridula
A0A9P0H980	1	U-01	viridula	N. viridula
A0A9P0H981	1	U-01	viridula	N. viridula
A0A9P0H985	1	U-01	viridula	N. viridula
A0A9P0H987	1	U-01	viridula	N. viridula
A0A9P0H992	1	U-01	viridula	N. viridula
A0A9P0H9A1	4	U-04	viridula	N. viridula
A0A9P0H9B0	1	U-01	viridula	N. viridula
A0A9P0H9B1	1	U-01	viridula	N. viridula
A0A9P0H9C0	0	unassigned	viridula	N. viridula
A0A9P0H9C3	1	U-01	viridula	N. viridula
A0A9P0H9C6	1	U-01	viridula	N. viridula
A0A9P0H9C7	1	U-01	viridula	N. viridula
A0A9P0H9C9	1	U-01	viridula	N. viridula
A0A9P0H9D0	1	U-01	viridula	N. viridula
A0A9P0H9D3	4	U-04	viridula	N. viridula
A0A9P0H9D4	1	U-01	viridula	N. viridula
A0A9P0H9D6	4	U-04	viridula	N. viridula
A0A9P0H9D8	1	U-01	viridula	N. viridula
A0A9P0H9E3	0	unassigned	viridula	N. viridula
A0A9P0H9E4	1	U-01	viridula	N. viridula
A0A9P0H9E8	1	U-01	viridula	N. viridula
A0A9P0H9E9	1	U-01	viridula	N. viridula
A0A9P0HHF5	2	U-02	viridula	N. viridula
A0A9P0HHF6	1	U-01	viridula	N. viridula
A0A9P0HHF7	1	U-01	viridula	N. viridula
A0A9P0HHF9	1	U-01	viridula	N. viridula
A0A9P0HHG4	1	U-01	viridula	N. viridula
A0A9P0HHG5	1	U-01	viridula	N. viridula
A0A9P0HHG7	4	U-04	viridula	N. viridula
A0A9P0HHG9	1	U-01	viridula	N. viridula
A0A9P0HHH0	1	U-01	viridula	N. viridula
A0A9P0HHH1	1	U-01	viridula	N. viridula
A0A9P0HHH2	1	U-01	viridula	N. viridula
A0A9P0HHH3	2	U-02	viridula	N. viridula
A0A9P0HHH4	2	U-02	viridula	N. viridula
A0A9P0HHH5	1	U-01	viridula	N. viridula
A0A9P0HHH7	2	U-02	viridula	N. viridula
A0A9P0HHH9	2	U-02	viridula	N. viridula
A0A9P0HHI0	4	U-04	viridula	N. viridula
A0A9P0HHI1	4	U-04	viridula	N. viridula
A0A9P0HHI2	1	U-01	viridula	N. viridula
A0A9P0HHI3	1	U-01	viridula	N. viridula
A0A9P0HHI4	1	U-01	viridula	N. viridula
A0A9P0HHI5	2	U-02	viridula	N. viridula
A0A9P0HHI6	1	U-01	viridula	N. viridula
A0A9P0HHI9	1	U-01	viridula	N. viridula
A0A9P0HHJ0	4	U-04	viridula	N. viridula
A0A9P0HHJ2	0	unassigned	viridula	N. viridula
A0A9P0HHJ3	0	unassigned	viridula	N. viridula
A0A9P0HHJ5	0	unassigned	viridula	N. viridula
A0A9P0HHJ6	1	U-01	viridula	N. viridula
A0A9P0HHJ7	1	U-01	viridula	N. viridula
A0A9P0HHK0	2	U-02	viridula	N. viridula
A0A9P0HHK3	2	U-02	viridula	N. viridula
A0A9P0HHK4	1	U-01	viridula	N. viridula
A0A9P0HHK5	1	U-01	viridula	N. viridula
A0A9P0HHK6	1	U-01	viridula	N. viridula
A0A9P0HHK7	4	U-04	viridula	N. viridula
A0A9P0HHK8	1	U-01	viridula	N. viridula
A0A9P0HHK9	2	U-02	viridula	N. viridula
A0A9P0HHL3	1	U-01	viridula	N. viridula
A0A9P0HHL4	2	U-02	viridula	N. viridula
A0A9P0HHL6	1	U-01	viridula	N. viridula
A0A9P0HHL7	1	U-01	viridula	N. viridula
A0A9P0HHL8	0	unassigned	viridula	N. viridula
A0A9P0HHL9	1	U-01	viridula	N. viridula
A0A9P0HHM0	2	U-02	viridula	N. viridula
A0A9P0HHM2	2	U-02	viridula	N. viridula
A0A9P0HHM3	0	unassigned	viridula	N. viridula
A0A9P0HHM5	1	U-01	viridula	N. viridula
A0A9P0HHM6	0	unassigned	viridula	N. viridula
A0A9P0HHM8	1	U-01	viridula	N. viridula
A0A9P0HHM9	1	U-01	viridula	N. viridula
A0A9P0HHN1	1	U-01	viridula	N. viridula
A0A9P0HHN4	2	U-02	viridula	N. viridula
A0A9P0HQK3	1	U-01	viridula	N. viridula
A0A9P0HQK4	0	unassigned	viridula	N. viridula
A0A9P0HQK7	1	U-01	viridula	N. viridula
A0A9P0HQK8	3	U-03	viridula	N. viridula
A0A9P0HQL3	4	U-04	viridula	N. viridula
A0A9P0HQL6	1	U-01	viridula	N. viridula
A0A9P0HQL7	1	U-01	viridula	N. viridula
A0A9P0HQL8	0	unassigned	viridula	N. viridula
A0A9P0HQM3	1	U-01	viridula	N. viridula
A0A9P0HQM8	1	U-01	viridula	N. viridula
A0A9P0HQM9	1	U-01	viridula	N. viridula
A0A9P0HQN1	1	U-01	viridula	N. viridula
A0A9P0HQN4	3	U-03	viridula	N. viridula
A0A9P0HQN6	4	U-04	viridula	N. viridula
A0A9P0HQN8	3	U-03	viridula	N. viridula
A0A9P0HQP0	3	U-03	viridula	N. viridula
A0A9P0HQP1	1	U-01	viridula	N. viridula
A0A9P0HQP6	1	U-01	viridula	N. viridula
A0A9P0HQP7	1	U-01	viridula	N. viridula
A0A9P0HQP8	4	U-04	viridula	N. viridula
A0A9P0HQQ0	3	U-03	viridula	N. viridula
A0A9P0HQQ3	0	unassigned	viridula	N. viridula
A0A9P0HQQ4	1	U-01	viridula	N. viridula
A0A9P0HQS2	4	U-04	viridula	N. viridula
A0A9P0HQS8	1	U-01	viridula	N. viridula
A0A9P0HQT0	1	U-01	viridula	N. viridula
A0A9P0MMN6	3	U-03	viridula	N. viridula
A0A9P0MMP2	3	U-03	viridula	N. viridula
A0A9P0MMP4	1	U-01	viridula	N. viridula
A0A9P0MMP6	1	U-01	viridula	N. viridula
A0A9P0MMQ0	1	U-01	viridula	N. viridula
A0A9P0MMQ1	1	U-01	viridula	N. viridula
A0A9P0MMQ8	1	U-01	viridula	N. viridula
A0A9P0MMS2	1	U-01	viridula	N. viridula
A0A9P0MMS3	0	unassigned	viridula	N. viridula
A0A9P0MMS7	3	U-03	viridula	N. viridula
A0A9P0MMT1	1	U-01	viridula	N. viridula
A0A9P0MMT6	1	U-01	viridula	N. viridula
A0A9P0MMT7	1	U-01	viridula	N. viridula
A0A9P0MMU1	0	unassigned	viridula	N. viridula
A0A9P0MMU7	1	U-01	viridula	N. viridula
A0A9P0MMW4	3	U-03	viridula	N. viridula
A0A9P0MMW6	0	unassigned	viridula	N. viridula
A0A9P0MMW9	4	U-04	viridula	N. viridula
A0A9P0MMX1	1	U-01	viridula	N. viridula
A0A9P0MMX2	4	U-04	viridula	N. viridula
A0A9P0MMX6	3	U-03	viridula	N. viridula
A0A9P0MMX8	1	U-01	viridula	N. viridula
A0A9P0MMY2	3	U-03	viridula	N. viridula
A0A9P0MMY6	1	U-01	viridula	N. viridula
A0A9P0MMZ1	4	U-04	viridula	N. viridula
A0A9P0MMZ9	1	U-01	viridula	N. viridula
A0A9P0MN10	0	unassigned	viridula	N. viridula
A0A9P0MN13	1	U-01	viridula	N. viridula
A0A9P0MN15	1	U-01	viridula	N. viridula
A0A9P0MN21	1	U-01	viridula	N. viridula
A0A9P0MN47	1	U-01	viridula	N. viridula
A0A9P0MN55	0	unassigned	viridula	N. viridula
A0A9P0MN60	1	U-01	viridula	N. viridula
A0A9P0MN62	1	U-01	viridula	N. viridula
A0A9P0MN71	1	U-01	viridula	N. viridula
A0A9P0MN84	1	U-01	viridula	N. viridula
A0A9P0MN86	1	U-01	viridula	N. viridula
A0A9P0MN93	1	U-01	viridula	N. viridula
A0A9P0MN95	1	U-01	viridula	N. viridula
A0A9P0MNA0	1	U-01	viridula	N. viridula
A0A9P0MNA4	1	U-01	viridula	N. viridula
A0A9P0MNB8	1	U-01	viridula	N. viridula
A0A9P0MNC3	1	U-01	viridula	N. viridula
A0A9P0MNC7	1	U-01	viridula	N. viridula
A0A9P0MND0	1	U-01	viridula	N. viridula
A0A9P0MND1	3	U-03	viridula	N. viridula
A0A9P0MND3	1	U-01	viridula	N. viridula
A0A9P0MND5	1	U-01	viridula	N. viridula
A0A9P0MNF0	1	U-01	viridula	N. viridula
A0A9P0MNF8	4	U-04	viridula	N. viridula
A0A9P0MNG2	1	U-01	viridula	N. viridula
A0A9P0MNG9	1	U-01	viridula	N. viridula
A0A9P0MNH3	1	U-01	viridula	N. viridula
A0A9P0MNH5	1	U-01	viridula	N. viridula
A0A9P0MNI0	1	U-01	viridula	N. viridula
A0A9P0MNI1	1	U-01	viridula	N. viridula
A0A9P0MNI6	1	U-01	viridula	N. viridula
A0A9P0MNI8	1	U-01	viridula	N. viridula
A0A9P0MNJ2	1	U-01	viridula	N. viridula
A0A9P0MNJ6	1	U-01	viridula	N. viridula
A0A9P0MNK0	1	U-01	viridula	N. viridula
A0A9P0MNK1	1	U-01	viridula	N. viridula
A0A9P0MNK6	1	U-01	viridula	N. viridula
A0A9P0MNK7	3	U-03	viridula	N. viridula
A0A9P0MNL1	1	U-01	viridula	N. viridula
A0A9P0MNL2	0	unassigned	viridula	N. viridula
A0A9P0MNL3	1	U-01	viridula	N. viridula
A0A9P0MNL7	1	U-01	viridula	N. viridula
A0A9P0MNL8	1	U-01	viridula	N. viridula
A0A9P0MNL9	1	U-01	viridula	N. viridula
A0A9P0MNM4	1	U-01	viridula	N. viridula
A0A9P0MNN0	1	U-01	viridula	N. viridula
A0A9P0MNN4	1	U-01	viridula	N. viridula
A0A9P0MNP2	1	U-01	viridula	N. viridula
A0A9P0H5L7	1	U-01	viridula	N. viridula
A0A9P0H5L9	1	U-01	viridula	N. viridula
A0A9P0H5M0	4	U-04	viridula	N. viridula
A0A9P0H5M3	4	U-04	viridula	N. viridula
A0A9P0H5M5	1	U-01	viridula	N. viridula
A0A9P0H5N1	0	unassigned	viridula	N. viridula
A0A9P0H5N3	1	U-01	viridula	N. viridula
A0A9P0H5N5	0	unassigned	viridula	N. viridula
A0A9P0H5N9	1	U-01	viridula	N. viridula
A0A9P0H5P0	1	U-01	viridula	N. viridula
A0A9P0H5P2	1	U-01	viridula	N. viridula
A0A9P0HHG1	1	U-01	viridula	N. viridula
A0A9P0HHG2	1	U-01	viridula	N. viridula
A0A9P0HHG3	1	U-01	viridula	N. viridula
A0A9P0HHG8	1	U-01	viridula	N. viridula
A0A9P0HHH6	1	U-01	viridula	N. viridula
A0A9P0HHI7	1	U-01	viridula	N. viridula
A0A9P0HHI8	1	U-01	viridula	N. viridula
A0A9P0HHJ1	1	U-01	viridula	N. viridula
A0A9P0HHJ4	1	U-01	viridula	N. viridula
A0A9P0HHJ9	1	U-01	viridula	N. viridula
A0A9P0HHK1	3	U-03	viridula	N. viridula
A0A9P0HHL0	1	U-01	viridula	N. viridula
A0A9P0HHL1	0	unassigned	viridula	N. viridula
A0A9P0HHL2	1	U-01	viridula	N. viridula
A0A9P0HHL5	1	U-01	viridula	N. viridula
A0A9P0HHM1	4	U-04	viridula	N. viridula
A0A9P0HHM4	1	U-01	viridula	N. viridula
A0A9P0HHM7	1	U-01	viridula	N. viridula
A0A9P0HHN2	1	U-01	viridula	N. viridula
A0A9P0HHN3	1	U-01	viridula	N. viridula
A0A9P0HHP2	4	U-04	viridula	N. viridula
A0A9P0HHP4	0	unassigned	viridula	N. viridula
A0A9P0HHP5	1	U-01	viridula	N. viridula
A0A9P0HHP6	1	U-01	viridula	N. viridula
A0A9P0HHQ0	4	U-04	viridula	N. viridula
A0A9P0HHQ3	0	unassigned	viridula	N. viridula
A0A9P0HHR0	3	U-03	viridula	N. viridula
A0A9P0HHR9	4	U-04	viridula	N. viridula
A0A9P0HHS0	3	U-03	viridula	N. viridula
A0A9P0HHS3	1	U-01	viridula	N. viridula
A0A9P0HHS4	3	U-03	viridula	N. viridula
A0A9P0HHS6	3	U-03	viridula	N. viridula
A0A9P0HHT2	1	U-01	viridula	N. viridula
A0A9P0HHT5	1	U-01	viridula	N. viridula
A0A9P0HHT6	1	U-01	viridula	N. viridula
A0A9P0HHU2	1	U-01	viridula	N. viridula
A0A9P0HHU6	1	U-01	viridula	N. viridula
A0A9P0HHU7	0	unassigned	viridula	N. viridula
A0A9P0HHU9	4	U-04	viridula	N. viridula
A0A9P0HHV4	1	U-01	viridula	N. viridula
A0A9P0HHV6	1	U-01	viridula	N. viridula
A0A9P0HHV7	1	U-01	viridula	N. viridula
A0A9P0HHW0	4	U-04	viridula	N. viridula
A0A9P0HHW2	1	U-01	viridula	N. viridula
A0A9P0HHW5	1	U-01	viridula	N. viridula
A0A9P0HHX0	0	unassigned	viridula	N. viridula
A0A9P0HHX2	1	U-01	viridula	N. viridula
A0A9P0HHX3	1	U-01	viridula	N. viridula
A0A9P0HHX7	0	unassigned	viridula	N. viridula
A0A9P0HHX9	1	U-01	viridula	N. viridula
A0A9P0HHY3	1	U-01	viridula	N. viridula
A0A9P0HHY7	3	U-03	viridula	N. viridula
A0A9P0HHY9	1	U-01	viridula	N. viridula
A0A9P0HHZ0	1	U-01	viridula	N. viridula
A0A9P0HHZ7	1	U-01	viridula	N. viridula
A0A9P0HI03	1	U-01	viridula	N. viridula
A0A9P0HI10	1	U-01	viridula	N. viridula
A0A9P0HI11	3	U-03	viridula	N. viridula
A0A9P0HI13	1	U-01	viridula	N. viridula
A0A9P0HI15	1	U-01	viridula	N. viridula
A0A9P0HI16	1	U-01	viridula	N. viridula
A0A9P0HI17	1	U-01	viridula	N. viridula
A0A9P0HI19	1	U-01	viridula	N. viridula
A0A9P0HI20	1	U-01	viridula	N. viridula
A0A9P0HI22	3	U-03	viridula	N. viridula
A0A9P0HI23	3	U-03	viridula	N. viridula
A0A9P0HI28	1	U-01	viridula	N. viridula
A0A9P0HI37	1	U-01	viridula	N. viridula
A0A9P0HI45	1	U-01	viridula	N. viridula
A0A9P0HI50	3	U-03	viridula	N. viridula
A0A9P0HI51	1	U-01	viridula	N. viridula
A0A9P0HI52	1	U-01	viridula	N. viridula
A0A9P0HI60	3	U-03	viridula	N. viridula
A0A9P0HI61	0	unassigned	viridula	N. viridula
A0A9P0HI66	4	U-04	viridula	N. viridula
A0A9P0HI67	1	U-01	viridula	N. viridula
A0A9P0HI68	1	U-01	viridula	N. viridula
A0A9P0HI74	0	unassigned	viridula	N. viridula
A0A9P0HI75	3	U-03	viridula	N. viridula
A0A9P0HI79	1	U-01	viridula	N. viridula
A0A9P0HI82	1	U-01	viridula	N. viridula
A0A9P0HI85	1	U-01	viridula	N. viridula
A0A9P0HI86	1	U-01	viridula	N. viridula
A0A9P0HI90	1	U-01	viridula	N. viridula
A0A9P0HI96	1	U-01	viridula	N. viridula
A0A9P0HI99	1	U-01	viridula	N. viridula
A0A9P0HIA2	1	U-01	viridula	N. viridula
A0A9P0HIA6	3	U-03	viridula	N. viridula
A0A9P0HIA7	3	U-03	viridula	N. viridula
A0A9P0EE39	1	U-01	viridula	N. viridula
A0A9P0EE41	1	U-01	viridula	N. viridula
A0A9P0EE44	1	U-01	viridula	N. viridula
A0A9P0EE46	1	U-01	viridula	N. viridula
A0A9P0EE47	1	U-01	viridula	N. viridula
A0A9P0EE48	2	U-02	viridula	N. viridula
A0A9P0EE53	1	U-01	viridula	N. viridula
A0A9P0EE54	1	U-01	viridula	N. viridula
A0A9P0EE58	1	U-01	viridula	N. viridula
A0A9P0EE61	1	U-01	viridula	N. viridula
A0A9P0EE63	0	unassigned	viridula	N. viridula
A0A9P0EE64	1	U-01	viridula	N. viridula
A0A9P0EE71	0	unassigned	viridula	N. viridula
A0A9P0EE72	0	unassigned	viridula	N. viridula
A0A9P0EE74	1	U-01	viridula	N. viridula
A0A9P0EE75	1	U-01	viridula	N. viridula
A0A9P0EE76	4	U-04	viridula	N. viridula
A0A9P0EE80	1	U-01	viridula	N. viridula
A0A9P0EE82	0	unassigned	viridula	N. viridula
A0A9P0EE83	4	U-04	viridula	N. viridula
A0A9P0EE84	3	U-03	viridula	N. viridula
A0A9P0EE86	3	U-03	viridula	N. viridula
A0A9P0EE87	2	U-02	viridula	N. viridula
A0A9P0EE93	2	U-02	viridula	N. viridula
A0A9P0EE95	2	U-02	viridula	N. viridula
A0A9P0EE96	0	unassigned	viridula	N. viridula
A0A9P0EE99	2	U-02	viridula	N. viridula
A0A9P0EEA2	4	U-04	viridula	N. viridula
A0A9P0EEA6	4	U-04	viridula	N. viridula
A0A9P0EEA9	3	U-03	viridula	N. viridula
A0A9P0EEB0	2	U-02	viridula	N. viridula
A0A9P0EEB5	4	U-04	viridula	N. viridula
A0A9P0EEB6	1	U-01	viridula	N. viridula
A0A9P0EEB8	1	U-01	viridula	N. viridula
A0A9P0EEC0	2	U-02	viridula	N. viridula
A0A9P0EEC5	2	U-02	viridula	N. viridula
A0A9P0EED0	2	U-02	viridula	N. viridula
A0A9P0EED4	2	U-02	viridula	N. viridula
A0A9P0EED5	1	U-01	viridula	N. viridula
A0A9P0EED6	2	U-02	viridula	N. viridula
A0A9P0EEE2	4	U-04	viridula	N. viridula
A0A9P0EEE3	2	U-02	viridula	N. viridula
A0A9P0EEE5	1	U-01	viridula	N. viridula
A0A9P0EEF2	1	U-01	viridula	N. viridula
A0A9P0EEF3	0	unassigned	viridula	N. viridula
A0A9P0EEF4	3	U-03	viridula	N. viridula
A0A9P0EEF6	1	U-01	viridula	N. viridula
A0A9P0EEF7	1	U-01	viridula	N. viridula
A0A9P0EEF8	2	U-02	viridula	N. viridula
A0A9P0EEG3	1	U-01	viridula	N. viridula
A0A9P0EEG5	0	unassigned	viridula	N. viridula
A0A9P0EEG8	0	unassigned	viridula	N. viridula
A0A9P0EEH1	1	U-01	viridula	N. viridula
A0A9P0EEH3	0	unassigned	viridula	N. viridula
A0A9P0EEH5	4	U-04	viridula	N. viridula
A0A9P0EEH6	2	U-02	viridula	N. viridula
A0A9P0EEH7	1	U-01	viridula	N. viridula
A0A9P0EEI0	0	unassigned	viridula	N. viridula
A0A9P0EEI2	1	U-01	viridula	N. viridula
A0A9P0EEJ0	1	U-01	viridula	N. viridula
A0A9P0EEJ1	1	U-01	viridula	N. viridula
A0A9P0EEJ3	2	U-02	viridula	N. viridula
A0A9P0EEJ6	0	unassigned	viridula	N. viridula
A0A9P0EEJ8	0	unassigned	viridula	N. viridula
A0A9P0EEK0	1	U-01	viridula	N. viridula
A0A9P0EEK4	1	U-01	viridula	N. viridula
A0A9P0EEK5	1	U-01	viridula	N. viridula
A0A9P0EEK8	1	U-01	viridula	N. viridula
A0A9P0EEL2	1	U-01	viridula	N. viridula
A0A9P0EEL3	3	U-03	viridula	N. viridula
A0A9P0EEL5	1	U-01	viridula	N. viridula
A0A9P0EEL9	0	unassigned	viridula	N. viridula
A0A9P0EEM0	1	U-01	viridula	N. viridula
A0A9P0EEM1	2	U-02	viridula	N. viridula
A0A9P0EEM3	4	U-04	viridula	N. viridula
A0A9P0EEM4	2	U-02	viridula	N. viridula
A0A9P0EEM9	1	U-01	viridula	N. viridula
A0A9P0EEN4	2	U-02	viridula	N. viridula
A0A9P0EEN5	2	U-02	viridula	N. viridula
A0A9P0EEN8	0	unassigned	viridula	N. viridula
A0A9P0EEP2	1	U-01	viridula	N. viridula
A0A9P0EEP5	2	U-02	viridula	N. viridula
A0A9P0EEP7	1	U-01	viridula	N. viridula
A0A9P0EEP8	1	U-01	viridula	N. viridula
A0A9P0EEQ1	1	U-01	viridula	N. viridula
A0A9P0EEQ3	2	U-02	viridula	N. viridula
A0A9P0EEQ4	0	unassigned	viridula	N. viridula
A0A9P0EEQ5	2	U-02	viridula	N. viridula
A0A9P0EER5	2	U-02	viridula	N. viridula
A0A9P0EER7	2	U-02	viridula	N. viridula
A0A9P0EER8	0	unassigned	viridula	N. viridula
A0A9P0EES3	3	U-03	viridula	N. viridula
A0A9P0EES9	0	unassigned	viridula	N. viridula
A0A9P0EET1	2	U-02	viridula	N. viridula
A0A9P0EET4	4	U-04	viridula	N. viridula
A0A9P0EET8	1	U-01	viridula	N. viridula
A0A9P0EET9	2	U-02	viridula	N. viridula
A0A9P0EEU1	2	U-02	viridula	N. viridula
A0A9P0EEU7	1	U-01	viridula	N. viridula
A0A9P0EEU9	1	U-01	viridula	N. viridula
A0A9P0MXG8	2	U-02	viridula	N. viridula
A0A9P0MXH0	2	U-02	viridula	N. viridula
A0A9P0MXH2	3	U-03	viridula	N. viridula
A0A9P0MXH5	2	U-02	viridula	N. viridula
A0A9P0MXH6	1	U-01	viridula	N. viridula
A0A9P0MXH9	2	U-02	viridula	N. viridula
A0A9P0MXI0	1	U-01	viridula	N. viridula
A0A9P0MXI2	0	unassigned	viridula	N. viridula
A0A9P0MXI5	1	U-01	viridula	N. viridula
A0A9P0MXI6	3	U-03	viridula	N. viridula
A0A9P0MXI7	4	U-04	viridula	N. viridula
A0A9P0MXJ6	1	U-01	viridula	N. viridula
A0A9P0MXJ7	2	U-02	viridula	N. viridula
A0A9P0MXK1	1	U-01	viridula	N. viridula
A0A9P0MXK2	0	unassigned	viridula	N. viridula
A0A9P0MXK5	2	U-02	viridula	N. viridula
A0A9P0MXL1	0	unassigned	viridula	N. viridula
A0A9P0MXL2	1	U-01	viridula	N. viridula
A0A9P0MXL7	1	U-01	viridula	N. viridula
A0A9P0MXM0	1	U-01	viridula	N. viridula
A0A9P0MXM1	2	U-02	viridula	N. viridula
A0A9P0MXM2	4	U-04	viridula	N. viridula
A0A9P0MXM9	1	U-01	viridula	N. viridula
A0A9P0MXN1	1	U-01	viridula	N. viridula
A0A9P0MXN3	1	U-01	viridula	N. viridula
A0A9P0MXN4	2	U-02	viridula	N. viridula
A0A9P0MXN6	1	U-01	viridula	N. viridula
A0A9P0MXP1	1	U-01	viridula	N. viridula
A0A9P0MXP2	1	U-01	viridula	N. viridula
A0A9P0MXP4	0	unassigned	viridula	N. viridula
A0A9P0MXP8	2	U-02	viridula	N. viridula
A0A9P0MXQ0	4	U-04	viridula	N. viridula
A0A9P0MXQ5	2	U-02	viridula	N. viridula
A0A9P0MXQ8	2	U-02	viridula	N. viridula
A0A9P0MXR0	1	U-01	viridula	N. viridula
A0A9P0MXR3	4	U-04	viridula	N. viridula
A0A9P0MXR5	0	unassigned	viridula	N. viridula
A0A9P0MXR8	1	U-01	viridula	N. viridula
A0A9P0MXS0	1	U-01	viridula	N. viridula
A0A9P0MXS4	4	U-04	viridula	N. viridula
A0A9P0MXS5	2	U-02	viridula	N. viridula
A0A9P0MXS7	2	U-02	viridula	N. viridula
A0A9P0MXS9	1	U-01	viridula	N. viridula
A0A9P0MXT0	2	U-02	viridula	N. viridula
A0A9P0MXT2	0	unassigned	viridula	N. viridula
A0A9P0MXT3	1	U-01	viridula	N. viridula
A0A9P0MXT4	3	U-03	viridula	N. viridula
A0A9P0MXT7	1	U-01	viridula	N. viridula
A0A9P0MXU0	1	U-01	viridula	N. viridula
A0A9P0MXU2	1	U-01	viridula	N. viridula
A0A9P0MXU8	1	U-01	viridula	N. viridula
A0A9P0MXV0	0	unassigned	viridula	N. viridula
A0A9P0MXV2	0	unassigned	viridula	N. viridula
A0A9P0MXV3	4	U-04	viridula	N. viridula
A0A9P0MXV5	2	U-02	viridula	N. viridula
A0A9P0MXV6	0	unassigned	viridula	N. viridula
A0A9P0MXW0	1	U-01	viridula	N. viridula
A0A9P0MXW4	1	U-01	viridula	N. viridula
A0A9P0MXW5	0	unassigned	viridula	N. viridula
A0A9P0MXW6	3	U-03	viridula	N. viridula
A0A9P0MXX0	1	U-01	viridula	N. viridula
A0A9P0MXX1	2	U-02	viridula	N. viridula
A0A9P0MXX4	3	U-03	viridula	N. viridula
A0A9P0MXX5	1	U-01	viridula	N. viridula
A0A9P0MXX6	1	U-01	viridula	N. viridula
A0A9P0MXY0	1	U-01	viridula	N. viridula
A0A9P0MXY1	2	U-02	viridula	N. viridula
A0A9P0MXY4	1	U-01	viridula	N. viridula
A0A9P0MXY6	2	U-02	viridula	N. viridula
A0A9P0MXY9	1	U-01	viridula	N. viridula
A0A9P0MXZ0	2	U-02	viridula	N. viridula
A0A9P0MXZ3	1	U-01	viridula	N. viridula
A0A9P0MXZ5	1	U-01	viridula	N. viridula
A0A9P0MXZ8	2	U-02	viridula	N. viridula
A0A9P0MY00	1	U-01	viridula	N. viridula
A0A9P0MY09	1	U-01	viridula	N. viridula
A0A9P0MY12	1	U-01	viridula	N. viridula
A0A9P0MY14	3	U-03	viridula	N. viridula
A0A9P0MY16	2	U-02	viridula	N. viridula
A0A9P0MY19	2	U-02	viridula	N. viridula
A0A9P0MY20	0	unassigned	viridula	N. viridula
A0A9P0MY24	2	U-02	viridula	N. viridula
A0A9P0MY25	2	U-02	viridula	N. viridula
A0A9P0MY26	1	U-01	viridula	N. viridula
A0A9P0MY29	4	U-04	viridula	N. viridula
A0A9P0MY30	1	U-01	viridula	N. viridula
A0A9P0MY32	1	U-01	viridula	N. viridula
A0A9P0MY34	1	U-01	viridula	N. viridula
A0A9P0MY39	1	U-01	viridula	N. viridula
A0A9P0MY44	0	unassigned	viridula	N. viridula
A0A9P0MY50	2	U-02	viridula	N. viridula
A0A9P0MY53	1	U-01	viridula	N. viridula
A0A9P0MY54	1	U-01	viridula	N. viridula
A0A9P0MY58	2	U-02	viridula	N. viridula
A0A9P0MY59	1	U-01	viridula	N. viridula
A0A9P0MY63	2	U-02	viridula	N. viridula
A0A9P0MY64	1	U-01	viridula	N. viridula
A0A9P0MY72	2	U-02	viridula	N. viridula
A0A9P0MY74	3	U-03	viridula	N. viridula
A0A9P0MY77	3	U-03	viridula	N. viridula
A0A9P0HHN5	2	U-02	viridula	N. viridula
A0A9P0HHN6	1	U-01	viridula	N. viridula
A0A9P0HHN7	1	U-01	viridula	N. viridula
A0A9P0HHN8	2	U-02	viridula	N. viridula
A0A9P0HHN9	1	U-01	viridula	N. viridula
A0A9P0HHP0	0	unassigned	viridula	N. viridula
A0A9P0HHP1	1	U-01	viridula	N. viridula
A0A9P0HHP3	0	unassigned	viridula	N. viridula
A0A9P0HHP7	0	unassigned	viridula	N. viridula
A0A9P0HHP8	1	U-01	viridula	N. viridula
A0A9P0HHP9	1	U-01	viridula	N. viridula
A0A9P0HHQ1	1	U-01	viridula	N. viridula
A0A9P0HHQ2	0	unassigned	viridula	N. viridula
A0A9P0HHQ4	2	U-02	viridula	N. viridula
A0A9P0HHQ5	2	U-02	viridula	N. viridula
A0A9P0HHQ7	2	U-02	viridula	N. viridula
A0A9P0HHQ8	1	U-01	viridula	N. viridula
A0A9P0HHQ9	1	U-01	viridula	N. viridula
A0A9P0HHR1	0	unassigned	viridula	N. viridula
A0A9P0HHR2	3	U-03	viridula	N. viridula
A0A9P0HHR3	1	U-01	viridula	N. viridula
A0A9P0HHR4	0	unassigned	viridula	N. viridula
A0A9P0HHR5	3	U-03	viridula	N. viridula
A0A9P0HHR6	2	U-02	viridula	N. viridula
A0A9P0HHR7	3	U-03	viridula	N. viridula
A0A9P0HHR8	2	U-02	viridula	N. viridula
A0A9P0HHS1	4	U-04	viridula	N. viridula
A0A9P0HHS2	4	U-04	viridula	N. viridula
A0A9P0HHS5	1	U-01	viridula	N. viridula
A0A9P0HHS7	2	U-02	viridula	N. viridula
A0A9P0HHS8	2	U-02	viridula	N. viridula
A0A9P0HHS9	1	U-01	viridula	N. viridula
A0A9P0HHT0	4	U-04	viridula	N. viridula
A0A9P0HHT1	1	U-01	viridula	N. viridula
A0A9P0HHT3	0	unassigned	viridula	N. viridula
A0A9P0HHT4	1	U-01	viridula	N. viridula
A0A9P0HHT7	2	U-02	viridula	N. viridula
A0A9P0HHT9	1	U-01	viridula	N. viridula
A0A9P0HHU0	1	U-01	viridula	N. viridula
A0A9P0HHU3	1	U-01	viridula	N. viridula
A0A9P0HHU4	1	U-01	viridula	N. viridula
A0A9P0HHU5	2	U-02	viridula	N. viridula
A0A9P0HHU8	0	unassigned	viridula	N. viridula
A0A9P0HHV1	1	U-01	viridula	N. viridula
A0A9P0HHV2	1	U-01	viridula	N. viridula
A0A9P0HHV3	1	U-01	viridula	N. viridula
A0A9P0HIB1	1	U-01	viridula	N. viridula
A0A9P0HIB2	1	U-01	viridula	N. viridula
A0A9P0HIB4	2	U-02	viridula	N. viridula
A0A9P0HIB5	2	U-02	viridula	N. viridula
A0A9P0HIB7	2	U-02	viridula	N. viridula
A0A9P0HIB8	2	U-02	viridula	N. viridula
A0A9P0HIC0	2	U-02	viridula	N. viridula
A0A9P0HIC1	3	U-03	viridula	N. viridula
A0A9P0HIC2	1	U-01	viridula	N. viridula
A0A9P0HIC3	1	U-01	viridula	N. viridula
A0A9P0HIC5	0	unassigned	viridula	N. viridula
A0A9P0HIC6	1	U-01	viridula	N. viridula
A0A9P0HIC7	1	U-01	viridula	N. viridula
A0A9P0HIC8	1	U-01	viridula	N. viridula
A0A9P0HID0	1	U-01	viridula	N. viridula
A0A9P0HID2	1	U-01	viridula	N. viridula
A0A9P0HID3	1	U-01	viridula	N. viridula
A0A9P0HID5	1	U-01	viridula	N. viridula
A0A9P0HID7	1	U-01	viridula	N. viridula
A0A9P0HID8	1	U-01	viridula	N. viridula
A0A9P0HID9	0	unassigned	viridula	N. viridula
A0A9P0HIE0	1	U-01	viridula	N. viridula
A0A9P0HIE1	0	unassigned	viridula	N. viridula
A0A9P0HIE2	0	unassigned	viridula	N. viridula
A0A9P0HIE3	1	U-01	viridula	N. viridula
A0A9P0HIE4	1	U-01	viridula	N. viridula
A0A9P0HIE5	1	U-01	viridula	N. viridula
A0A9P0HIE8	1	U-01	viridula	N. viridula
A0A9P0HIE9	4	U-04	viridula	N. viridula
A0A9P0HIF0	1	U-01	viridula	N. viridula
A0A9P0HIF1	0	unassigned	viridula	N. viridula
A0A9P0HIF2	1	U-01	viridula	N. viridula
A0A9P0HIF5	1	U-01	viridula	N. viridula
A0A9P0HIF6	1	U-01	viridula	N. viridula
A0A9P0HIF8	1	U-01	viridula	N. viridula
A0A9P0HIG1	2	U-02	viridula	N. viridula
A0A9P0HIG2	1	U-01	viridula	N. viridula
A0A9P0HIG3	1	U-01	viridula	N. viridula
A0A9P0HIG5	2	U-02	viridula	N. viridula
A0A9P0HIG6	2	U-02	viridula	N. viridula
A0A9P0HIG7	1	U-01	viridula	N. viridula
A0A9P0HIH4	2	U-02	viridula	N. viridula
A0A9P0HIH5	0	unassigned	viridula	N. viridula
A0A9P0HIH6	4	U-04	viridula	N. viridula
A0A9P0HIH7	1	U-01	viridula	N. viridula
A0A9P0HIH8	1	U-01	viridula	N. viridula
A0A9P0HIH9	2	U-02	viridula	N. viridula
A0A9P0HII0	2	U-02	viridula	N. viridula
A0A9P0HII1	3	U-03	viridula	N. viridula
A0A9P0HII3	1	U-01	viridula	N. viridula
A0A9P0HII4	1	U-01	viridula	N. viridula
A0A9P0HII7	2	U-02	viridula	N. viridula
A0A9P0HII8	3	U-03	viridula	N. viridula
A0A9P0HIJ0	1	U-01	viridula	N. viridula
A0A9P0H6P0	2	U-02	viridula	N. viridula
A0A9P0H6P1	2	U-02	viridula	N. viridula
A0A9P0H6P2	1	U-01	viridula	N. viridula
A0A9P0H6P5	0	unassigned	viridula	N. viridula
A0A9P0H6P8	1	U-01	viridula	N. viridula
A0A9P0H6P9	2	U-02	viridula	N. viridula
A0A9P0H6Q0	0	unassigned	viridula	N. viridula
A0A9P0H6Q3	1	U-01	viridula	N. viridula
A0A9P0H6Q4	2	U-02	viridula	N. viridula
A0A9P0H6Q5	1	U-01	viridula	N. viridula
A0A9P0H6Q6	0	unassigned	viridula	N. viridula
A0A9P0H6Q9	0	unassigned	viridula	N. viridula
A0A9P0H6R1	1	U-01	viridula	N. viridula
A0A9P0H6R2	0	unassigned	viridula	N. viridula
A0A9P0H6R5	1	U-01	viridula	N. viridula
A0A9P0H6R6	1	U-01	viridula	N. viridula
A0A9P0H6R8	1	U-01	viridula	N. viridula
A0A9P0H6S1	1	U-01	viridula	N. viridula
A0A9P0H6S2	1	U-01	viridula	N. viridula
A0A9P0H6S3	1	U-01	viridula	N. viridula
A0A9P0H6S4	2	U-02	viridula	N. viridula
A0A9P0H6S6	2	U-02	viridula	N. viridula
A0A9P0H6S7	2	U-02	viridula	N. viridula
A0A9P0H6T1	2	U-02	viridula	N. viridula
A0A9P0H6T2	2	U-02	viridula	N. viridula
A0A9P0H6T3	1	U-01	viridula	N. viridula
A0A9P0H6T4	1	U-01	viridula	N. viridula
A0A9P0H6T5	0	unassigned	viridula	N. viridula
A0A9P0H6T6	0	unassigned	viridula	N. viridula
A0A9P0H6T8	1	U-01	viridula	N. viridula
A0A9P0H6T9	1	U-01	viridula	N. viridula
A0A9P0H6U0	1	U-01	viridula	N. viridula
A0A9P0H6U4	1	U-01	viridula	N. viridula
A0A9P0H6U5	1	U-01	viridula	N. viridula
A0A9P0H6U6	1	U-01	viridula	N. viridula
A0A9P0H6U7	2	U-02	viridula	N. viridula
A0A9P0H6U9	1	U-01	viridula	N. viridula
A0A9P0H6V0	3	U-03	viridula	N. viridula
A0A9P0H6V1	1	U-01	viridula	N. viridula
A0A9P0H6V3	1	U-01	viridula	N. viridula
A0A9P0H6V4	1	U-01	viridula	N. viridula
A0A9P0H6V5	1	U-01	viridula	N. viridula
A0A9P0H6V6	1	U-01	viridula	N. viridula
A0A9P0H6V7	0	unassigned	viridula	N. viridula
A0A9P0H6V8	1	U-01	viridula	N. viridula
A0A9P0H6V9	1	U-01	viridula	N. viridula
A0A9P0H6W0	3	U-03	viridula	N. viridula
A0A9P0H6W2	1	U-01	viridula	N. viridula
A0A9P0H6W3	2	U-02	viridula	N. viridula
A0A9P0H6W4	2	U-02	viridula	N. viridula
A0A9P0H6W6	1	U-01	viridula	N. viridula
A0A9P0H6W9	1	U-01	viridula	N. viridula
A0A9P0H6X0	1	U-01	viridula	N. viridula
A0A9P0H6X1	1	U-01	viridula	N. viridula
A0A9P0H6X3	0	unassigned	viridula	N. viridula
A0A9P0H6X5	1	U-01	viridula	N. viridula
A0A9P0H6X7	2	U-02	viridula	N. viridula
A0A9P0H6X8	1	U-01	viridula	N. viridula
A0A9P0H6X9	4	U-04	viridula	N. viridula
A0A9P0H6Y0	1	U-01	viridula	N. viridula
A0A9P0H6Y1	1	U-01	viridula	N. viridula
A0A9P0H6Y2	1	U-01	viridula	N. viridula
A0A9P0H6Y3	1	U-01	viridula	N. viridula
A0A9P0H6Y4	2	U-02	viridula	N. viridula
A0A9P0H6Y5	2	U-02	viridula	N. viridula
A0A9P0H6Y6	1	U-01	viridula	N. viridula
A0A9P0H6Y7	2	U-02	viridula	N. viridula
A0A9P0H6Y8	1	U-01	viridula	N. viridula
A0A9P0H6Y9	2	U-02	viridula	N. viridula
A0A9P0H6Z1	1	U-01	viridula	N. viridula
A0A9P0H6Z2	2	U-02	viridula	N. viridula
A0A9P0H6Z3	2	U-02	viridula	N. viridula
A0A9P0H6Z5	1	U-01	viridula	N. viridula
A0A9P0H6Z6	1	U-01	viridula	N. viridula
A0A9P0H6Z7	1	U-01	viridula	N. viridula
A0A9P0H6Z8	2	U-02	viridula	N. viridula
A0A9P0H700	1	U-01	viridula	N. viridula
A0A9P0H701	2	U-02	viridula	N. viridula
A0A9P0H703	1	U-01	viridula	N. viridula
A0A9P0H704	3	U-03	viridula	N. viridula
A0A9P0H706	0	unassigned	viridula	N. viridula
A0A9P0H707	2	U-02	viridula	N. viridula
A0A9P0H708	1	U-01	viridula	N. viridula
A0A9P0H710	3	U-03	viridula	N. viridula
A0A9P0H712	2	U-02	viridula	N. viridula
A0A9P0H713	2	U-02	viridula	N. viridula
A0A9P0H714	2	U-02	viridula	N. viridula
A0A9P0H716	2	U-02	viridula	N. viridula
A0A9P0H717	1	U-01	viridula	N. viridula
A0A9P0H718	0	unassigned	viridula	N. viridula
A0A9P0H719	0	unassigned	viridula	N. viridula
A0A9P0H720	1	U-01	viridula	N. viridula
A0A9P0H721	1	U-01	viridula	N. viridula
A0A9P0H722	2	U-02	viridula	N. viridula
A0A9P0H723	2	U-02	viridula	N. viridula
A0A9P0H726	1	U-01	viridula	N. viridula
A0A9P0H727	3	U-03	viridula	N. viridula
A0A9P0H730	1	U-01	viridula	N. viridula
A0A9P0H732	4	U-04	viridula	N. viridula
A0A9P0H733	4	U-04	viridula	N. viridula
A0A9P0H734	1	U-01	viridula	N. viridula
A0A9P0H735	3	U-03	viridula	N. viridula
A0A9P0H736	4	U-04	viridula	N. viridula
A0A9P0H737	1	U-01	viridula	N. viridula
A0A9P0H738	0	unassigned	viridula	N. viridula
A0A9P0H740	0	unassigned	viridula	N. viridula
A0A9P0H741	1	U-01	viridula	N. viridula
A0A9P0H742	4	U-04	viridula	N. viridula
A0A9P0H743	1	U-01	viridula	N. viridula
A0A9P0H744	2	U-02	viridula	N. viridula
A0A9P0H745	2	U-02	viridula	N. viridula
A0A9P0H746	2	U-02	viridula	N. viridula
A0A9P0H747	2	U-02	viridula	N. viridula
A0A9P0H748	2	U-02	viridula	N. viridula
A0A9P0H749	2	U-02	viridula	N. viridula
A0A9P0H750	4	U-04	viridula	N. viridula
A0A9P0H751	2	U-02	viridula	N. viridula
A0A9P0H753	1	U-01	viridula	N. viridula
A0A9P0H757	1	U-01	viridula	N. viridula
A0A9P0H759	4	U-04	viridula	N. viridula
A0A9P0H762	1	U-01	viridula	N. viridula
A0A9P0H764	2	U-02	viridula	N. viridula
A0A9P0H765	1	U-01	viridula	N. viridula
A0A9P0H766	1	U-01	viridula	N. viridula
A0A9P0H767	2	U-02	viridula	N. viridula
A0A9P0H768	1	U-01	viridula	N. viridula
A0A9P0H769	4	U-04	viridula	N. viridula
A0A9P0H770	1	U-01	viridula	N. viridula
A0A9P0H771	1	U-01	viridula	N. viridula
A0A9P0H772	2	U-02	viridula	N. viridula
A0A9P0H774	1	U-01	viridula	N. viridula
A0A9P0H776	2	U-02	viridula	N. viridula
A0A9P0H778	1	U-01	viridula	N. viridula
A0A9P0H779	1	U-01	viridula	N. viridula
A0A9P0H781	1	U-01	viridula	N. viridula
A0A9P0H782	1	U-01	viridula	N. viridula
A0A9P0H783	4	U-04	viridula	N. viridula
A0A9P0H784	2	U-02	viridula	N. viridula
A0A9P0H785	1	U-01	viridula	N. viridula
A0A9P0H786	1	U-01	viridula	N. viridula
A0A9P0H787	1	U-01	viridula	N. viridula
A0A9P0H789	4	U-04	viridula	N. viridula
A0A9P0H790	1	U-01	viridula	N. viridula
A0A9P0H791	2	U-02	viridula	N. viridula
A0A9P0H792	2	U-02	viridula	N. viridula
A0A9P0H793	0	unassigned	viridula	N. viridula
A0A9P0H794	1	U-01	viridula	N. viridula
A0A9P0H795	1	U-01	viridula	N. viridula
A0A9P0H797	1	U-01	viridula	N. viridula
A0A9P0H798	2	U-02	viridula	N. viridula
A0A9P0H7A1	1	U-01	viridula	N. viridula
A0A9P0H7A2	1	U-01	viridula	N. viridula
A0A9P0H7A3	1	U-01	viridula	N. viridula
A0A9P0H7A5	1	U-01	viridula	N. viridula
A0A9P0H7A7	0	unassigned	viridula	N. viridula
A0A9P0H7B1	3	U-03	viridula	N. viridula
A0A9P0H7B2	1	U-01	viridula	N. viridula
A0A9P0H7B4	1	U-01	viridula	N. viridula
A0A9P0H7B5	2	U-02	viridula	N. viridula
A0A9P0H7B7	1	U-01	viridula	N. viridula
A0A9P0H7B8	1	U-01	viridula	N. viridula
A0A9P0H7B9	3	U-03	viridula	N. viridula
A0A9P0H7C1	0	unassigned	viridula	N. viridula
A0A9P0H7C2	2	U-02	viridula	N. viridula
A0A9P0H7C4	1	U-01	viridula	N. viridula
A0A9P0H7C6	1	U-01	viridula	N. viridula
A0A9P0H7C8	2	U-02	viridula	N. viridula
A0A9P0H7D0	3	U-03	viridula	N. viridula
A0A9P0H7D1	2	U-02	viridula	N. viridula
A0A9P0H7D3	2	U-02	viridula	N. viridula
A0A9P0H7D4	1	U-01	viridula	N. viridula
A0A9P0H7D5	1	U-01	viridula	N. viridula
A0A9P0H7D6	2	U-02	viridula	N. viridula
A0A9P0H7D7	1	U-01	viridula	N. viridula
A0A9P0H7D9	1	U-01	viridula	N. viridula
A0A9P0H7E0	1	U-01	viridula	N. viridula
A0A9P0H7E1	2	U-02	viridula	N. viridula
A0A9P0H7E3	3	U-03	viridula	N. viridula
A0A9P0H7E4	4	U-04	viridula	N. viridula
A0A9P0H7E6	4	U-04	viridula	N. viridula
A0A9P0H7E7	1	U-01	viridula	N. viridula
A0A9P0H7E8	1	U-01	viridula	N. viridula
A0A9P0H7F0	1	U-01	viridula	N. viridula
A0A9P0H7F1	1	U-01	viridula	N. viridula
A0A9P0H7F3	2	U-02	viridula	N. viridula
A0A9P0H7F4	4	U-04	viridula	N. viridula
A0A9P0H7F6	2	U-02	viridula	N. viridula
A0A9P0H7F7	4	U-04	viridula	N. viridula
A0A9P0H7F9	1	U-01	viridula	N. viridula
A0A9P0H7G0	1	U-01	viridula	N. viridula
A0A9P0H7G1	4	U-04	viridula	N. viridula
A0A9P0H7G2	4	U-04	viridula	N. viridula
A0A9P0H7G4	2	U-02	viridula	N. viridula
A0A9P0H7G8	1	U-01	viridula	N. viridula
A0A9P0H7G9	4	U-04	viridula	N. viridula
A0A9P0H7H0	2	U-02	viridula	N. viridula
A0A9P0H7H1	1	U-01	viridula	N. viridula
A0A9P0H7H2	1	U-01	viridula	N. viridula
A0A9P0H7H3	1	U-01	viridula	N. viridula
A0A9P0H7H5	1	U-01	viridula	N. viridula
A0A9P0H7H6	2	U-02	viridula	N. viridula
A0A9P0H7H7	1	U-01	viridula	N. viridula
A0A9P0H7H8	1	U-01	viridula	N. viridula
A0A9P0H7I0	1	U-01	viridula	N. viridula
A0A9P0H7I5	1	U-01	viridula	N. viridula
A0A9P0H7I7	1	U-01	viridula	N. viridula
A0A9P0H7J0	1	U-01	viridula	N. viridula
A0A9P0H7J2	2	U-02	viridula	N. viridula
A0A9P0H7J3	4	U-04	viridula	N. viridula
A0A9P0H7J6	1	U-01	viridula	N. viridula
A0A9P0H7J8	0	unassigned	viridula	N. viridula
A0A9P0H7J9	1	U-01	viridula	N. viridula
A0A9P0H7K2	2	U-02	viridula	N. viridula
A0A9P0H7K3	4	U-04	viridula	N. viridula
A0A9P0H7K4	4	U-04	viridula	N. viridula
A0A9P0H7K7	4	U-04	viridula	N. viridula
A0A9P0H7K9	2	U-02	viridula	N. viridula
A0A9P0H7L1	2	U-02	viridula	N. viridula
A0A9P0H7L2	1	U-01	viridula	N. viridula
A0A9P0H7L3	2	U-02	viridula	N. viridula
A0A9P0H7L4	1	U-01	viridula	N. viridula
A0A9P0H7L5	1	U-01	viridula	N. viridula
A0A9P0H7L6	1	U-01	viridula	N. viridula
A0A9P0H7L7	2	U-02	viridula	N. viridula
A0A9P0H7L8	2	U-02	viridula	N. viridula
A0A9P0H7L9	1	U-01	viridula	N. viridula
A0A9P0H7M0	1	U-01	viridula	N. viridula
A0A9P0H7M2	1	U-01	viridula	N. viridula
A0A9P0H7M3	1	U-01	viridula	N. viridula
A0A9P0H7M4	1	U-01	viridula	N. viridula
A0A9P0H7M5	1	U-01	viridula	N. viridula
A0A9P0H7M7	4	U-04	viridula	N. viridula
A0A9P0H7M8	1	U-01	viridula	N. viridula
A0A9P0H7N0	2	U-02	viridula	N. viridula
A0A9P0H7N1	2	U-02	viridula	N. viridula
A0A9P0H7N3	1	U-01	viridula	N. viridula
A0A9P0H7N4	2	U-02	viridula	N. viridula
A0A9P0H7N5	0	unassigned	viridula	N. viridula
A0A9P0H7N7	1	U-01	viridula	N. viridula
A0A9P0H7N8	1	U-01	viridula	N. viridula
A0A9P0H7N9	1	U-01	viridula	N. viridula
A0A9P0H7P0	1	U-01	viridula	N. viridula
A0A9P0H7P1	1	U-01	viridula	N. viridula
A0A9P0H7P2	1	U-01	viridula	N. viridula
A0A9P0H7P4	0	unassigned	viridula	N. viridula
A0A9P0H7P7	2	U-02	viridula	N. viridula
A0A9P0H7P8	1	U-01	viridula	N. viridula
A0A9P0H7Q1	4	U-04	viridula	N. viridula
A0A9P0H7Q2	0	unassigned	viridula	N. viridula
A0A9P0H7Q3	1	U-01	viridula	N. viridula
A0A9P0H7Q4	2	U-02	viridula	N. viridula
A0A9P0H7Q6	1	U-01	viridula	N. viridula
A0A9P0H7Q7	0	unassigned	viridula	N. viridula
A0A9P0H7Q8	0	unassigned	viridula	N. viridula
A0A9P0H7R1	1	U-01	viridula	N. viridula
A0A9P0H7R2	1	U-01	viridula	N. viridula
A0A9P0H7R3	2	U-02	viridula	N. viridula
A0A9P0H7R4	1	U-01	viridula	N. viridula
A0A9P0H7R6	0	unassigned	viridula	N. viridula
A0A9P0H7S0	1	U-01	viridula	N. viridula
A0A9P0H7S2	1	U-01	viridula	N. viridula
A0A9P0H7S5	0	unassigned	viridula	N. viridula
A0A9P0H7S7	2	U-02	viridula	N. viridula
A0A9P0H7S8	1	U-01	viridula	N. viridula
A0A9P0H7S9	2	U-02	viridula	N. viridula
A0A9P0H7T0	0	unassigned	viridula	N. viridula
A0A9P0H7T2	1	U-01	viridula	N. viridula
A0A9P0H7T4	1	U-01	viridula	N. viridula
A0A9P0H7T5	0	unassigned	viridula	N. viridula
A0A9P0H7T6	1	U-01	viridula	N. viridula
A0A9P0H7T8	1	U-01	viridula	N. viridula
A0A9P0H7U0	2	U-02	viridula	N. viridula
A0A9P0H7U2	0	unassigned	viridula	N. viridula
A0A9P0H7U3	1	U-01	viridula	N. viridula
A0A9P0H7U4	2	U-02	viridula	N. viridula
A0A9P0H7U5	1	U-01	viridula	N. viridula
A0A9P0H7U7	2	U-02	viridula	N. viridula
A0A9P0H7U9	0	unassigned	viridula	N. viridula
A0A9P0H7V1	1	U-01	viridula	N. viridula
A0A9P0H7V2	1	U-01	viridula	N. viridula
A0A9P0H7V4	1	U-01	viridula	N. viridula
A0A9P0H7V5	3	U-03	viridula	N. viridula
A0A9P0H7V8	4	U-04	viridula	N. viridula
A0A9P0H7V9	1	U-01	viridula	N. viridula
A0A9P0H7W1	3	U-03	viridula	N. viridula
A0A9P0H7W2	2	U-02	viridula	N. viridula
A0A9P0H7W3	2	U-02	viridula	N. viridula
A0A9P0H7W6	3	U-03	viridula	N. viridula
A0A9P0H7W7	1	U-01	viridula	N. viridula
A0A9P0H7X1	1	U-01	viridula	N. viridula
A0A9P0H7X3	0	unassigned	viridula	N. viridula
A0A9P0H7X4	1	U-01	viridula	N. viridula
A0A9P0H7X5	1	U-01	viridula	N. viridula
A0A9P0H7X6	3	U-03	viridula	N. viridula
A0A9P0H7X9	1	U-01	viridula	N. viridula
A0A9P0H7Y0	1	U-01	viridula	N. viridula
A0A9P0H7Y2	1	U-01	viridula	N. viridula
A0A9P0H7Y3	1	U-01	viridula	N. viridula
A0A9P0H7Y6	1	U-01	viridula	N. viridula
A0A9P0H7Y9	1	U-01	viridula	N. viridula
A0A9P0MVZ8	2	U-02	viridula	N. viridula
A0A9P0MVZ9	2	U-02	viridula	N. viridula
A0A9P0MW03	1	U-01	viridula	N. viridula
A0A9P0MW06	2	U-02	viridula	N. viridula
A0A9P0MW08	1	U-01	viridula	N. viridula
A0A9P0MW10	2	U-02	viridula	N. viridula
A0A9P0MW11	0	unassigned	viridula	N. viridula
A0A9P0MW13	1	U-01	viridula	N. viridula
A0A9P0MW16	0	unassigned	viridula	N. viridula
A0A9P0MW17	1	U-01	viridula	N. viridula
A0A9P0MW19	1	U-01	viridula	N. viridula
A0A9P0MW20	3	U-03	viridula	N. viridula
A0A9P0MW22	1	U-01	viridula	N. viridula
A0A9P0MW23	2	U-02	viridula	N. viridula
A0A9P0MW25	1	U-01	viridula	N. viridula
A0A9P0MW27	1	U-01	viridula	N. viridula
A0A9P0MW28	1	U-01	viridula	N. viridula
A0A9P0MW29	0	unassigned	viridula	N. viridula
A0A9P0MW30	1	U-01	viridula	N. viridula
A0A9P0MW32	2	U-02	viridula	N. viridula
A0A9P0MW34	1	U-01	viridula	N. viridula
A0A9P0MW35	0	unassigned	viridula	N. viridula
A0A9P0MW40	1	U-01	viridula	N. viridula
A0A9P0MW43	2	U-02	viridula	N. viridula
A0A9P0MW47	2	U-02	viridula	N. viridula
A0A9P0MW49	1	U-01	viridula	N. viridula
A0A9P0MW52	4	U-04	viridula	N. viridula
A0A9P0MW53	1	U-01	viridula	N. viridula
A0A9P0MW54	0	unassigned	viridula	N. viridula
A0A9P0GYQ1	4	U-04	viridula	N. viridula
A0A9P0GYR6	1	U-01	viridula	N. viridula
A0A9P0GYR9	1	U-01	viridula	N. viridula
A0A9P0GYS1	1	U-01	viridula	N. viridula
A0A9P0GYS9	1	U-01	viridula	N. viridula
A0A9P0GYT0	1	U-01	viridula	N. viridula
A0A9P0GYT1	1	U-01	viridula	N. viridula
A0A9P0GYT6	1	U-01	viridula	N. viridula
A0A9P0GYU1	3	U-03	viridula	N. viridula
A0A9P0GYV0	1	U-01	viridula	N. viridula
A0A9P0GYV2	1	U-01	viridula	N. viridula
A0A9P0GYV5	1	U-01	viridula	N. viridula
A0A9P0GYV7	1	U-01	viridula	N. viridula
A0A9P0GYW0	1	U-01	viridula	N. viridula
A0A9P0GYX3	4	U-04	viridula	N. viridula
A0A9P0GYX7	1	U-01	viridula	N. viridula
A0A9P0GYX8	1	U-01	viridula	N. viridula
A0A9P0GYY1	1	U-01	viridula	N. viridula
A0A9P0GYY3	1	U-01	viridula	N. viridula
A0A9P0GYY5	1	U-01	viridula	N. viridula
A0A9P0GYZ0	1	U-01	viridula	N. viridula
A0A9P0GYZ5	1	U-01	viridula	N. viridula
A0A9P0GYZ8	1	U-01	viridula	N. viridula
A0A9P0GZ03	1	U-01	viridula	N. viridula
A0A9P0GZ04	1	U-01	viridula	N. viridula
A0A9P0GZ06	1	U-01	viridula	N. viridula
A0A9P0GZ17	1	U-01	viridula	N. viridula
A0A9P0GZ23	1	U-01	viridula	N. viridula
A0A9P0GZ24	1	U-01	viridula	N. viridula
A0A9P0GZ33	0	unassigned	viridula	N. viridula
A0A9P0GZ34	0	unassigned	viridula	N. viridula
A0A9P0GZ38	3	U-03	viridula	N. viridula
A0A9P0GZ50	0	unassigned	viridula	N. viridula
A0A9P0GZ60	1	U-01	viridula	N. viridula
A0A9P0GZ65	1	U-01	viridula	N. viridula
A0A9P0GZ79	0	unassigned	viridula	N. viridula
A0A9P0GZ82	1	U-01	viridula	N. viridula
A0A9P0GZ89	1	U-01	viridula	N. viridula
A0A9P0GZ90	3	U-03	viridula	N. viridula
A0A9P0GZ94	1	U-01	viridula	N. viridula
A0A9P0GZA5	1	U-01	viridula	N. viridula
A0A9P0GZA9	1	U-01	viridula	N. viridula
A0A9P0GZB0	1	U-01	viridula	N. viridula
A0A9P0GZB3	1	U-01	viridula	N. viridula
A0A9P0GZC5	3	U-03	viridula	N. viridula
A0A9P0GZC8	1	U-01	viridula	N. viridula
A0A9P0GZD3	1	U-01	viridula	N. viridula
A0A9P0GZD7	1	U-01	viridula	N. viridula
A0A9P0GZD8	1	U-01	viridula	N. viridula
A0A9P0GZE2	1	U-01	viridula	N. viridula
A0A9P0GZE3	1	U-01	viridula	N. viridula
A0A9P0GZE5	1	U-01	viridula	N. viridula
A0A9P0GZF9	4	U-04	viridula	N. viridula
A0A9P0GZG4	1	U-01	viridula	N. viridula
A0A9P0GZH9	1	U-01	viridula	N. viridula
A0A9P0GZI7	3	U-03	viridula	N. viridula
A0A9P0GZI8	0	unassigned	viridula	N. viridula
A0A9P0GZJ8	3	U-03	viridula	N. viridula
A0A9P0GZK0	4	U-04	viridula	N. viridula
A0A9P0GZK9	3	U-03	viridula	N. viridula
A0A9P0GZL0	1	U-01	viridula	N. viridula
A0A9P0GZL7	1	U-01	viridula	N. viridula
A0A9P0GZL9	1	U-01	viridula	N. viridula
A0A9P0GZM4	0	unassigned	viridula	N. viridula
A0A9P0GZM5	1	U-01	viridula	N. viridula
A0A9P0GZM8	1	U-01	viridula	N. viridula
A0A9P0GZN1	1	U-01	viridula	N. viridula
A0A9P0GZN5	1	U-01	viridula	N. viridula
A0A9P0GZP6	0	unassigned	viridula	N. viridula
A0A9P0GZP9	1	U-01	viridula	N. viridula
A0A9P0GZQ6	1	U-01	viridula	N. viridula
A0A9P0GZR3	0	unassigned	viridula	N. viridula
A0A9P0GZR5	1	U-01	viridula	N. viridula
A0A9P0GZR8	0	unassigned	viridula	N. viridula
A0A9P0GZS0	0	unassigned	viridula	N. viridula
A0A9P0GZS5	1	U-01	viridula	N. viridula
A0A9P0GZS6	1	U-01	viridula	N. viridula
A0A9P0GZS7	1	U-01	viridula	N. viridula
A0A9P0GZT0	1	U-01	viridula	N. viridula
A0A9P0GZT5	1	U-01	viridula	N. viridula
A0A9P0GZU0	1	U-01	viridula	N. viridula
A0A9P0GZV0	1	U-01	viridula	N. viridula
A0A9P0GZV3	1	U-01	viridula	N. viridula
A0A9P0GZV9	1	U-01	viridula	N. viridula
A0A9P0GZW3	0	unassigned	viridula	N. viridula
A0A9P0GZW4	1	U-01	viridula	N. viridula
A0A9P0GZW9	1	U-01	viridula	N. viridula
A0A9P0GZX7	1	U-01	viridula	N. viridula
A0A9P0GZX9	4	U-04	viridula	N. viridula
A0A9P0GZY2	1	U-01	viridula	N. viridula
A0A9P0GZY4	1	U-01	viridula	N. viridula
A0A9P0GZZ0	1	U-01	viridula	N. viridula
A0A9P0GZZ2	1	U-01	viridula	N. viridula
A0A9P0H008	1	U-01	viridula	N. viridula
A0A9P0H013	4	U-04	viridula	N. viridula
A0A9P0H014	1	U-01	viridula	N. viridula
A0A9P0H017	1	U-01	viridula	N. viridula
A0A9P0H5P3	1	U-01	viridula	N. viridula
A0A9P0H5P4	1	U-01	viridula	N. viridula
A0A9P0H5P6	4	U-04	viridula	N. viridula
A0A9P0H5Q0	0	unassigned	viridula	N. viridula
A0A9P0H5Q2	0	unassigned	viridula	N. viridula
A0A9P0H5Q7	1	U-01	viridula	N. viridula
A0A9P0H5Q8	0	unassigned	viridula	N. viridula
A0A9P0H5Q9	0	unassigned	viridula	N. viridula
A0A9P0H5R1	1	U-01	viridula	N. viridula
A0A9P0H5R3	1	U-01	viridula	N. viridula
A0A9P0H5R5	1	U-01	viridula	N. viridula
A0A9P0H5R7	1	U-01	viridula	N. viridula
A0A9P0H5S3	1	U-01	viridula	N. viridula
A0A9P0H5S4	3	U-03	viridula	N. viridula
A0A9P0H5S5	4	U-04	viridula	N. viridula
A0A9P0H5S6	3	U-03	viridula	N. viridula
A0A9P0H5S8	1	U-01	viridula	N. viridula
A0A9P0H5S9	1	U-01	viridula	N. viridula
A0A9P0H5U2	3	U-03	viridula	N. viridula
A0A9P0H5U4	1	U-01	viridula	N. viridula
A0A9P0H5V0	0	unassigned	viridula	N. viridula
A0A9P0H5V2	1	U-01	viridula	N. viridula
A0A9P0H5V3	0	unassigned	viridula	N. viridula
A0A9P0H5V8	1	U-01	viridula	N. viridula
A0A9P0H5W1	1	U-01	viridula	N. viridula
A0A9P0H5W5	1	U-01	viridula	N. viridula
A0A9P0H5W6	1	U-01	viridula	N. viridula
A0A9P0H5X0	3	U-03	viridula	N. viridula
A0A9P0H5X2	3	U-03	viridula	N. viridula
A0A9P0H5X3	0	unassigned	viridula	N. viridula
A0A9P0H5Y0	1	U-01	viridula	N. viridula
A0A9P0H5Y1	4	U-04	viridula	N. viridula
A0A9P0H5Y2	0	unassigned	viridula	N. viridula
A0A9P0H5Y6	0	unassigned	viridula	N. viridula
A0A9P0H5Z4	0	unassigned	viridula	N. viridula
A0A9P0H5Z7	1	U-01	viridula	N. viridula
A0A9P0H601	3	U-03	viridula	N. viridula
A0A9P0H603	1	U-01	viridula	N. viridula
A0A9P0H608	1	U-01	viridula	N. viridula
A0A9P0H609	1	U-01	viridula	N. viridula
A0A9P0H610	1	U-01	viridula	N. viridula
A0A9P0H614	1	U-01	viridula	N. viridula
A0A9P0H617	1	U-01	viridula	N. viridula
A0A9P0H619	1	U-01	viridula	N. viridula
A0A9P0H620	1	U-01	viridula	N. viridula
A0A9P0H626	1	U-01	viridula	N. viridula
A0A9P0H635	1	U-01	viridula	N. viridula
A0A9P0H636	1	U-01	viridula	N. viridula
A0A9P0H638	1	U-01	viridula	N. viridula
A0A9P0H642	3	U-03	viridula	N. viridula
A0A9P0H645	3	U-03	viridula	N. viridula
A0A9P0H646	1	U-01	viridula	N. viridula
A0A9P0H647	1	U-01	viridula	N. viridula
A0A9P0H649	1	U-01	viridula	N. viridula
A0A9P0H650	1	U-01	viridula	N. viridula
A0A9P0H658	1	U-01	viridula	N. viridula
A0A9P0H659	1	U-01	viridula	N. viridula
A0A9P0H663	1	U-01	viridula	N. viridula
A0A9P0H674	1	U-01	viridula	N. viridula
A0A9P0H675	3	U-03	viridula	N. viridula
A0A9P0H677	4	U-04	viridula	N. viridula
A0A9P0H678	0	unassigned	viridula	N. viridula
A0A9P0H683	1	U-01	viridula	N. viridula
A0A9P0H686	3	U-03	viridula	N. viridula
A0A9P0H688	1	U-01	viridula	N. viridula
A0A9P0H693	1	U-01	viridula	N. viridula
A0A9P0H695	4	U-04	viridula	N. viridula
A0A9P0H698	1	U-01	viridula	N. viridula
A0A9P0H6A1	3	U-03	viridula	N. viridula
A0A9P0H6A3	1	U-01	viridula	N. viridula
A0A9P0H6B0	1	U-01	viridula	N. viridula
A0A9P0H6B1	1	U-01	viridula	N. viridula
A0A9P0H6B4	1	U-01	viridula	N. viridula
A0A9P0H6B5	1	U-01	viridula	N. viridula
A0A9P0H6B6	1	U-01	viridula	N. viridula
A0A9P0H6B7	1	U-01	viridula	N. viridula
A0A9P0H6B9	1	U-01	viridula	N. viridula
A0A9P0H6C7	1	U-01	viridula	N. viridula
A0A9P0H6C9	1	U-01	viridula	N. viridula
A0A9P0H6D4	2	U-02	viridula	N. viridula
A0A9P0H6D7	3	U-03	viridula	N. viridula
A0A9P0H6E2	1	U-01	viridula	N. viridula
A0A9P0H6E6	0	unassigned	viridula	N. viridula
A0A9P0H6E8	1	U-01	viridula	N. viridula
A0A9P0H6F1	3	U-03	viridula	N. viridula
A0A9P0H6F7	1	U-01	viridula	N. viridula
A0A9P0H6G0	1	U-01	viridula	N. viridula
A0A9P0H6G3	1	U-01	viridula	N. viridula
A0A9P0H6G4	1	U-01	viridula	N. viridula
A0A9P0H6G7	3	U-03	viridula	N. viridula
A0A9P0H6H0	1	U-01	viridula	N. viridula
A0A9P0H6H1	1	U-01	viridula	N. viridula
A0A9P0H6H2	0	unassigned	viridula	N. viridula
A0A9P0H6H3	1	U-01	viridula	N. viridula
A0A9P0H6I0	1	U-01	viridula	N. viridula
A0A9P0H6I2	1	U-01	viridula	N. viridula
A0A9P0H6I6	1	U-01	viridula	N. viridula
A0A9P0H6I7	1	U-01	viridula	N. viridula
A0A9P0HKZ3	1	U-01	viridula	N. viridula
A0A9P0HKZ6	1	U-01	viridula	N. viridula
A0A9P0HL00	1	U-01	viridula	N. viridula
A0A9P0HL13	1	U-01	viridula	N. viridula
A0A9P0HL14	4	U-04	viridula	N. viridula
A0A9P0HL15	1	U-01	viridula	N. viridula
A0A9P0HL18	1	U-01	viridula	N. viridula
A0A9P0HL21	1	U-01	viridula	N. viridula
A0A9P0HL27	1	U-01	viridula	N. viridula
A0A9P0HL35	3	U-03	viridula	N. viridula
A0A9P0HL36	1	U-01	viridula	N. viridula
A0A9P0HL39	1	U-01	viridula	N. viridula
A0A9P0HL43	1	U-01	viridula	N. viridula
A0A9P0HL50	1	U-01	viridula	N. viridula
A0A9P0HL51	1	U-01	viridula	N. viridula
A0A9P0HL65	1	U-01	viridula	N. viridula
A0A9P0HL66	3	U-03	viridula	N. viridula
A0A9P0HL75	1	U-01	viridula	N. viridula
A0A9P0HL81	1	U-01	viridula	N. viridula
A0A9P0HL83	1	U-01	viridula	N. viridula
A0A9P0HL84	3	U-03	viridula	N. viridula
A0A9P0HL91	1	U-01	viridula	N. viridula
A0A9P0HLA3	1	U-01	viridula	N. viridula
A0A9P0HLA4	1	U-01	viridula	N. viridula
A0A9P0HLA6	1	U-01	viridula	N. viridula
A0A9P0HLB0	1	U-01	viridula	N. viridula
A0A9P0HLC4	1	U-01	viridula	N. viridula
A0A9P0HLC8	0	unassigned	viridula	N. viridula
A0A9P0HLC9	0	unassigned	viridula	N. viridula
A0A9P0HLD4	3	U-03	viridula	N. viridula
A0A9P0HLE2	1	U-01	viridula	N. viridula
A0A9P0HLE4	3	U-03	viridula	N. viridula
A0A9P0HLE7	1	U-01	viridula	N. viridula
A0A9P0HLF0	1	U-01	viridula	N. viridula
A0A9P0HLF2	1	U-01	viridula	N. viridula
A0A9P0HLG1	1	U-01	viridula	N. viridula
A0A9P0HLG5	1	U-01	viridula	N. viridula
A0A9P0HLG8	1	U-01	viridula	N. viridula
A0A9P0HLH0	0	unassigned	viridula	N. viridula
A0A9P0HLH2	1	U-01	viridula	N. viridula
A0A9P0HLH4	1	U-01	viridula	N. viridula
A0A9P0HLH9	1	U-01	viridula	N. viridula
A0A9P0HLI1	3	U-03	viridula	N. viridula
A0A9P0HLI2	1	U-01	viridula	N. viridula
A0A9P0HLI4	1	U-01	viridula	N. viridula
A0A9P0HLI6	1	U-01	viridula	N. viridula
A0A9P0HLI7	1	U-01	viridula	N. viridula
A0A9P0HLI9	1	U-01	viridula	N. viridula
A0A9P0HLJ1	1	U-01	viridula	N. viridula
A0A9P0HLJ2	1	U-01	viridula	N. viridula
A0A9P0HLJ7	1	U-01	viridula	N. viridula
A0A9P0HLK0	1	U-01	viridula	N. viridula
A0A9P0HLK2	1	U-01	viridula	N. viridula
A0A9P0HLK4	1	U-01	viridula	N. viridula
A0A9P0HLK6	0	unassigned	viridula	N. viridula
A0A9P0HLL0	1	U-01	viridula	N. viridula
A0A9P0HLL1	1	U-01	viridula	N. viridula
A0A9P0HLL6	1	U-01	viridula	N. viridula
A0A9P0HLM0	3	U-03	viridula	N. viridula
A0A9P0HLM5	1	U-01	viridula	N. viridula
A0A9P0HLM7	1	U-01	viridula	N. viridula
A0A9P0HLN2	1	U-01	viridula	N. viridula
A0A9P0HLN5	1	U-01	viridula	N. viridula
A0A9P0HLN7	1	U-01	viridula	N. viridula
A0A9P0HLP0	1	U-01	viridula	N. viridula
A0A9P0HLP4	1	U-01	viridula	N. viridula
A0A9P0HLQ6	1	U-01	viridula	N. viridula
A0A9P0HLQ7	1	U-01	viridula	N. viridula
A0A9P0HLR1	1	U-01	viridula	N. viridula
A0A9P0HLR5	4	U-04	viridula	N. viridula
A0A9P0HLS2	3	U-03	viridula	N. viridula
A0A9P0HLS7	1	U-01	viridula	N. viridula
A0A9P0HLS9	1	U-01	viridula	N. viridula
A0A9P0HLT0	1	U-01	viridula	N. viridula
A0A9P0HLT1	1	U-01	viridula	N. viridula
A0A9P0HLT2	1	U-01	viridula	N. viridula
A0A9P0MJJ0	1	U-01	viridula	N. viridula
A0A9P0MJJ2	1	U-01	viridula	N. viridula
A0A9P0MJJ4	0	unassigned	viridula	N. viridula
A0A9P0MJK0	1	U-01	viridula	N. viridula
A0A9P0MJK4	0	unassigned	viridula	N. viridula
A0A9P0MJL0	1	U-01	viridula	N. viridula
A0A9P0MJL4	2	U-02	viridula	N. viridula
A0A9P0MJM1	2	U-02	viridula	N. viridula
A0A9P0MJM4	4	U-04	viridula	N. viridula
A0A9P0MJN1	1	U-01	viridula	N. viridula
A0A9P0MJP9	3	U-03	viridula	N. viridula
A0A9P0MJQ0	2	U-02	viridula	N. viridula
A0A9P0MJQ4	2	U-02	viridula	N. viridula
A0A9P0MJQ9	1	U-01	viridula	N. viridula
A0A9P0MJR3	1	U-01	viridula	N. viridula
A0A9P0MJR8	2	U-02	viridula	N. viridula
A0A9P0MJS3	1	U-01	viridula	N. viridula
A0A9P0MJS7	0	unassigned	viridula	N. viridula
A0A9P0MJT8	1	U-01	viridula	N. viridula
A0A9P0MJU2	0	unassigned	viridula	N. viridula
A0A9P0MJU8	1	U-01	viridula	N. viridula
A0A9P0MJV8	1	U-01	viridula	N. viridula
A0A9P0MJW2	1	U-01	viridula	N. viridula
A0A9P0MJW9	2	U-02	viridula	N. viridula
A0A9P0MJX3	1	U-01	viridula	N. viridula
A0A9P0MJX8	2	U-02	viridula	N. viridula
A0A9P0MJX9	2	U-02	viridula	N. viridula
A0A9P0MJY7	1	U-01	viridula	N. viridula
A0A9P0MJZ0	2	U-02	viridula	N. viridula
A0A9P0MJZ2	1	U-01	viridula	N. viridula
A0A9P0MJZ7	1	U-01	viridula	N. viridula
A0A9P0MK00	1	U-01	viridula	N. viridula
A0A9P0MK02	1	U-01	viridula	N. viridula
A0A9P0MK09	1	U-01	viridula	N. viridula
A0A9P0MK22	1	U-01	viridula	N. viridula
A0A9P0MK24	0	unassigned	viridula	N. viridula
A0A9P0MK32	1	U-01	viridula	N. viridula
A0A9P0MK38	1	U-01	viridula	N. viridula
A0A9P0MK45	1	U-01	viridula	N. viridula
A0A9P0MK51	1	U-01	viridula	N. viridula
A0A9P0MK53	0	unassigned	viridula	N. viridula
A0A9P0MK58	2	U-02	viridula	N. viridula
A0A9P0MK60	2	U-02	viridula	N. viridula
A0A9P0MK66	4	U-04	viridula	N. viridula
A0A9P0MK75	2	U-02	viridula	N. viridula
A0A9P0MK76	1	U-01	viridula	N. viridula
A0A9P0MK81	2	U-02	viridula	N. viridula
A0A9P0MK86	3	U-03	viridula	N. viridula
A0A9P0MK91	2	U-02	viridula	N. viridula
A0A9P0MK92	1	U-01	viridula	N. viridula
A0A9P0MKA5	2	U-02	viridula	N. viridula
A0A9P0MKB0	1	U-01	viridula	N. viridula
A0A9P0MKB1	1	U-01	viridula	N. viridula
A0A9P0MKB2	1	U-01	viridula	N. viridula
A0A9P0MKC0	1	U-01	viridula	N. viridula
A0A9P0MKC2	1	U-01	viridula	N. viridula
A0A9P0MKC7	2	U-02	viridula	N. viridula
A0A9P0MKD0	2	U-02	viridula	N. viridula
A0A9P0MKD5	1	U-01	viridula	N. viridula
A0A9P0MKE1	1	U-01	viridula	N. viridula
A0A9P0MKE2	1	U-01	viridula	N. viridula
A0A9P0MKE5	1	U-01	viridula	N. viridula
A0A9P0MKF0	1	U-01	viridula	N. viridula
A0A9P0MKF2	0	unassigned	viridula	N. viridula
A0A9P0MKF6	1	U-01	viridula	N. viridula
A0A9P0MKF8	2	U-02	viridula	N. viridula
A0A9P0MKF9	1	U-01	viridula	N. viridula
A0A9P0MKG8	0	unassigned	viridula	N. viridula
A0A9P0MKH0	4	U-04	viridula	N. viridula
A0A9P0MKH6	0	unassigned	viridula	N. viridula
A0A9P0MKI2	3	U-03	viridula	N. viridula
A0A9P0MKI4	1	U-01	viridula	N. viridula
A0A9P0MKI8	2	U-02	viridula	N. viridula
A0A9P0MKJ0	1	U-01	viridula	N. viridula
A0A9P0MKJ4	2	U-02	viridula	N. viridula
A0A9P0MKJ8	1	U-01	viridula	N. viridula
A0A9P0MKK1	3	U-03	viridula	N. viridula
A0A9P0MKK6	0	unassigned	viridula	N. viridula
A0A9P0MKL5	1	U-01	viridula	N. viridula
A0A9P0MKM0	1	U-01	viridula	N. viridula
A0A9P0MKN0	1	U-01	viridula	N. viridula
A0A9P0MKP4	1	U-01	viridula	N. viridula
A0A9P0MKP5	0	unassigned	viridula	N. viridula
A0A9P0MKQ4	1	U-01	viridula	N. viridula
A0A9P0MKQ5	1	U-01	viridula	N. viridula
A0A9P0MKR5	1	U-01	viridula	N. viridula
A0A9P0MKR9	1	U-01	viridula	N. viridula
A0A9P0MKS5	2	U-02	viridula	N. viridula
A0A9P0MKT6	0	unassigned	viridula	N. viridula
A0A9P0MKU6	1	U-01	viridula	N. viridula
A0A9P0MKU7	1	U-01	viridula	N. viridula
A0A9P0MKV1	2	U-02	viridula	N. viridula
A0A9P0MKV7	4	U-04	viridula	N. viridula
A0A9P0MKW0	0	unassigned	viridula	N. viridula
A0A9P0MKW4	4	U-04	viridula	N. viridula
A0A9P0MKW6	1	U-01	viridula	N. viridula
A0A9P0MKX4	1	U-01	viridula	N. viridula
A0A9P0MKY0	4	U-04	viridula	N. viridula
A0A9P0MKY4	2	U-02	viridula	N. viridula
A0A9P0MKY5	0	unassigned	viridula	N. viridula
A0A9P0MKZ1	1	U-01	viridula	N. viridula
A0A9P0MKZ5	1	U-01	viridula	N. viridula
A0A9P0ML03	0	unassigned	viridula	N. viridula
A0A9P0ML04	2	U-02	viridula	N. viridula
A0A9P0ML06	1	U-01	viridula	N. viridula
A0A9P0ML10	1	U-01	viridula	N. viridula
A0A9P0ML11	1	U-01	viridula	N. viridula
A0A9P0ML14	1	U-01	viridula	N. viridula
A0A9P0ML15	1	U-01	viridula	N. viridula
A0A9P0ML16	2	U-02	viridula	N. viridula
A0A9P0ML17	1	U-01	viridula	N. viridula
A0A9P0ML22	1	U-01	viridula	N. viridula
A0A9P0ML35	1	U-01	viridula	N. viridula
A0A9P0ML36	1	U-01	viridula	N. viridula
A0A9P0ML40	1	U-01	viridula	N. viridula
A0A9P0ML42	1	U-01	viridula	N. viridula
A0A9P0ML50	2	U-02	viridula	N. viridula
A0A9P0ML52	1	U-01	viridula	N. viridula
A0A9P0ML57	1	U-01	viridula	N. viridula
A0A9P0ML58	3	U-03	viridula	N. viridula
A0A9P0ML62	1	U-01	viridula	N. viridula
A0A9P0ML67	1	U-01	viridula	N. viridula
A0A9P0ML72	1	U-01	viridula	N. viridula
A0A9P0ML78	1	U-01	viridula	N. viridula
A0A9P0ML81	1	U-01	viridula	N. viridula
A0A9P0ML88	1	U-01	viridula	N. viridula
A0A9P0ML89	2	U-02	viridula	N. viridula
A0A9P0ML90	2	U-02	viridula	N. viridula
A0A9P0ML91	1	U-01	viridula	N. viridula
A0A9P0ML98	2	U-02	viridula	N. viridula
A0A9P0MLA0	1	U-01	viridula	N. viridula
A0A9P0MLA5	2	U-02	viridula	N. viridula
A0A9P0MLA6	1	U-01	viridula	N. viridula
A0A9P0MLA9	0	unassigned	viridula	N. viridula
A0A9P0MLB3	1	U-01	viridula	N. viridula
A0A9P0MLB5	3	U-03	viridula	N. viridula
A0A9P0MLB7	2	U-02	viridula	N. viridula
A0A9P0MLB8	1	U-01	viridula	N. viridula
A0A9P0MLC5	0	unassigned	viridula	N. viridula
A0A9P0MLC6	0	unassigned	viridula	N. viridula
A0A9P0MLD3	1	U-01	viridula	N. viridula
A0A9P0MLD8	3	U-03	viridula	N. viridula
A0A9P0MLE3	1	U-01	viridula	N. viridula
A0A9P0MLE7	1	U-01	viridula	N. viridula
A0A9P0MLF2	3	U-03	viridula	N. viridula
A0A9P0MLF3	4	U-04	viridula	N. viridula
A0A9P0MLF8	1	U-01	viridula	N. viridula
A0A9P0MLF9	2	U-02	viridula	N. viridula
A0A9P0MLG1	1	U-01	viridula	N. viridula
A0A9P0MLG3	1	U-01	viridula	N. viridula
A0A9P0MLG7	0	unassigned	viridula	N. viridula
A0A9P0MLG9	1	U-01	viridula	N. viridula
A0A9P0MLH1	3	U-03	viridula	N. viridula
A0A9P0MLH8	1	U-01	viridula	N. viridula
A0A9P0MLI0	1	U-01	viridula	N. viridula
A0A9P0MLI2	2	U-02	viridula	N. viridula
A0A9P0MLI4	1	U-01	viridula	N. viridula
A0A9P0MLI7	2	U-02	viridula	N. viridula
A0A9P0MLJ4	0	unassigned	viridula	N. viridula
A0A9P0MLJ7	3	U-03	viridula	N. viridula
A0A9P0MLK0	2	U-02	viridula	N. viridula
A0A9P0MLK4	1	U-01	viridula	N. viridula
A0A9P0MLK6	1	U-01	viridula	N. viridula
A0A9P0MLL0	1	U-01	viridula	N. viridula
A0A9P0MLL3	1	U-01	viridula	N. viridula
A0A9P0MLL4	4	U-04	viridula	N. viridula
A0A9P0MLM0	1	U-01	viridula	N. viridula
A0A9P0MLM1	1	U-01	viridula	N. viridula
A0A9P0MLM3	1	U-01	viridula	N. viridula
A0A9P0MLM5	1	U-01	viridula	N. viridula
A0A9P0MLM7	2	U-02	viridula	N. viridula
A0A9P0MLN0	4	U-04	viridula	N. viridula
A0A9P0MLN4	1	U-01	viridula	N. viridula
A0A9P0MLN7	1	U-01	viridula	N. viridula
A0A9P0MLP0	2	U-02	viridula	N. viridula
A0A9P0MLP5	1	U-01	viridula	N. viridula
A0A9P0MLP7	2	U-02	viridula	N. viridula
A0A9P0MLP9	1	U-01	viridula	N. viridula
A0A9P0MLQ4	2	U-02	viridula	N. viridula
A0A9P0MLQ5	4	U-04	viridula	N. viridula
A0A9P0MLQ7	0	unassigned	viridula	N. viridula
A0A9P0MLQ9	1	U-01	viridula	N. viridula
A0A9P0MLR0	2	U-02	viridula	N. viridula
A0A9P0MLR3	2	U-02	viridula	N. viridula
A0A9P0MLR5	2	U-02	viridula	N. viridula
A0A9P0MLR7	1	U-01	viridula	N. viridula
A0A9P0MLS6	1	U-01	viridula	N. viridula
A0A9P0MLS7	2	U-02	viridula	N. viridula
A0A9P0MLT3	1	U-01	viridula	N. viridula
A0A9P0MLT7	0	unassigned	viridula	N. viridula
A0A9P0MLU3	1	U-01	viridula	N. viridula
A0A9P0MLV3	2	U-02	viridula	N. viridula
A0A9P0MLV4	2	U-02	viridula	N. viridula
A0A9P0MLV5	1	U-01	viridula	N. viridula
A0A9P0MLV6	1	U-01	viridula	N. viridula
A0A9P0MLW4	2	U-02	viridula	N. viridula
A0A9P0MLW5	1	U-01	viridula	N. viridula
A0A9P0MLW6	1	U-01	viridula	N. viridula
A0A9P0MLX2	1	U-01	viridula	N. viridula
A0A9P0MLX3	1	U-01	viridula	N. viridula
A0A9P0MLX5	1	U-01	viridula	N. viridula
A0A9P0MLX7	4	U-04	viridula	N. viridula
A0A9P0MLY2	1	U-01	viridula	N. viridula
A0A9P0MLY3	1	U-01	viridula	N. viridula
A0A9P0MLY6	1	U-01	viridula	N. viridula
A0A9P0MLZ0	1	U-01	viridula	N. viridula
A0A9P0MLZ3	1	U-01	viridula	N. viridula
A0A9P0MLZ4	2	U-02	viridula	N. viridula
A0A9P0MLZ5	1	U-01	viridula	N. viridula
A0A9P0MLZ9	2	U-02	viridula	N. viridula
A0A9P0MM01	1	U-01	viridula	N. viridula
A0A9P0MM03	1	U-01	viridula	N. viridula
A0A9P0MM05	1	U-01	viridula	N. viridula
A0A9P0MM09	1	U-01	viridula	N. viridula
A0A9P0MM12	2	U-02	viridula	N. viridula
A0A9P0MM15	0	unassigned	viridula	N. viridula
A0A9P0MM19	1	U-01	viridula	N. viridula
A0A9P0MM23	2	U-02	viridula	N. viridula
A0A9P0MM25	0	unassigned	viridula	N. viridula
A0A9P0MM28	3	U-03	viridula	N. viridula
A0A9P0MM34	2	U-02	viridula	N. viridula
A0A9P0MM35	2	U-02	viridula	N. viridula
A0A9P0MM40	2	U-02	viridula	N. viridula
A0A9P0MM45	1	U-01	viridula	N. viridula
A0A9P0MM47	1	U-01	viridula	N. viridula
A0A9P0MM48	0	unassigned	viridula	N. viridula
A0A9P0MM50	2	U-02	viridula	N. viridula
A0A9P0MM54	0	unassigned	viridula	N. viridula
A0A9P0MM56	2	U-02	viridula	N. viridula
A0A9P0MM58	2	U-02	viridula	N. viridula
A0A9P0MM66	2	U-02	viridula	N. viridula
A0A9P0MM67	1	U-01	viridula	N. viridula
A0A9P0MM71	1	U-01	viridula	N. viridula
A0A9P0MM75	0	unassigned	viridula	N. viridula
A0A9P0MM76	0	unassigned	viridula	N. viridula
A0A9P0MM80	2	U-02	viridula	N. viridula
A0A9P0MM85	2	U-02	viridula	N. viridula
A0A9P0MM86	0	unassigned	viridula	N. viridula
A0A9P0MM91	3	U-03	viridula	N. viridula
A0A9P0MM96	1	U-01	viridula	N. viridula
A0A9P0MM98	0	unassigned	viridula	N. viridula
A0A9P0MMA0	2	U-02	viridula	N. viridula
A0A9P0MMA6	2	U-02	viridula	N. viridula
A0A9P0MMA8	0	unassigned	viridula	N. viridula
A0A9P0MMA9	2	U-02	viridula	N. viridula
A0A9P0MMB2	1	U-01	viridula	N. viridula
A0A9P0MMB4	0	unassigned	viridula	N. viridula
A0A9P0MMB7	1	U-01	viridula	N. viridula
A0A9P0MMC0	1	U-01	viridula	N. viridula
A0A9P0MMC2	1	U-01	viridula	N. viridula
A0A9P0MMC4	2	U-02	viridula	N. viridula
A0A9P0MMC5	1	U-01	viridula	N. viridula
A0A9P0MMC9	2	U-02	viridula	N. viridula
A0A9P0MMD1	2	U-02	viridula	N. viridula
A0A9P0MMD3	1	U-01	viridula	N. viridula
A0A9P0MMD4	1	U-01	viridula	N. viridula
A0A9P0MMD5	1	U-01	viridula	N. viridula
A0A9P0MMD6	2	U-02	viridula	N. viridula
A0A9P0MME2	1	U-01	viridula	N. viridula
A0A9P0MME3	2	U-02	viridula	N. viridula
A0A9P0MME6	1	U-01	viridula	N. viridula
A0A9P0MMF0	0	unassigned	viridula	N. viridula
A0A9P0MMF1	0	unassigned	viridula	N. viridula
A0A9P0MMF2	2	U-02	viridula	N. viridula
A0A9P0MMF6	1	U-01	viridula	N. viridula
A0A9P0MMF7	1	U-01	viridula	N. viridula
A0A9P0MMF8	1	U-01	viridula	N. viridula
A0A9P0MMG0	2	U-02	viridula	N. viridula
A0A9P0MMG5	2	U-02	viridula	N. viridula
A0A9P0MMG6	1	U-01	viridula	N. viridula
A0A9P0MMG8	2	U-02	viridula	N. viridula
A0A9P0MMG9	2	U-02	viridula	N. viridula
A0A9P0MMH3	0	unassigned	viridula	N. viridula
A0A9P0MMH4	1	U-01	viridula	N. viridula
A0A9P0MMH9	0	unassigned	viridula	N. viridula
A0A9P0MMI3	0	unassigned	viridula	N. viridula
A0A9P0MMI4	2	U-02	viridula	N. viridula
A0A9P0MMI5	3	U-03	viridula	N. viridula
A0A9P0MMJ0	1	U-01	viridula	N. viridula
A0A9P0MMJ1	0	unassigned	viridula	N. viridula
A0A9P0MMJ8	1	U-01	viridula	N. viridula
A0A9P0MMK1	1	U-01	viridula	N. viridula
A0A9P0MMK2	1	U-01	viridula	N. viridula
A0A9P0MMK5	2	U-02	viridula	N. viridula
A0A9P0MMK6	1	U-01	viridula	N. viridula
A0A9P0MMK8	1	U-01	viridula	N. viridula
A0A9P0MMK9	1	U-01	viridula	N. viridula
A0A9P0MML0	2	U-02	viridula	N. viridula
A0A9P0MML4	2	U-02	viridula	N. viridula
A0A9P0MML6	1	U-01	viridula	N. viridula
A0A9P0MML8	1	U-01	viridula	N. viridula
A0A9P0MML9	1	U-01	viridula	N. viridula
A0A9P0MMM7	1	U-01	viridula	N. viridula
A0A9P0MMN0	4	U-04	viridula	N. viridula
A0A9P0MMN5	1	U-01	viridula	N. viridula
A0A9P0MMN7	1	U-01	viridula	N. viridula
A0A9P0MMP1	1	U-01	viridula	N. viridula
A0A9P0MMP3	0	unassigned	viridula	N. viridula
A0A9P0MMP9	0	unassigned	viridula	N. viridula
A0A9P0MMQ2	1	U-01	viridula	N. viridula
A0A9P0MKU5	1	U-01	viridula	N. viridula
A0A9P0ML26	1	U-01	viridula	N. viridula
A0A9P0ML30	4	U-04	viridula	N. viridula
A0A9P0ML71	1	U-01	viridula	N. viridula
A0A9P0MLC8	1	U-01	viridula	N. viridula
A0A9P0MLS3	1	U-01	viridula	N. viridula
A0A9P0MLU8	1	U-01	viridula	N. viridula
A0A9P0MLV8	3	U-03	viridula	N. viridula
A0A9P0MM24	1	U-01	viridula	N. viridula
A0A9P0MM57	0	unassigned	viridula	N. viridula
A0A9P0MM65	1	U-01	viridula	N. viridula
A0A9P0MM69	1	U-01	viridula	N. viridula
A0A9P0MMD8	1	U-01	viridula	N. viridula
A0A9P0MMG1	4	U-04	viridula	N. viridula
A0A9P0MMI8	3	U-03	viridula	N. viridula
A0A9P0MMN3	1	U-01	viridula	N. viridula
A0A9P0MMR1	3	U-03	viridula	N. viridula
A0A9P0MMR2	3	U-03	viridula	N. viridula
A0A9P0MN36	1	U-01	viridula	N. viridula
A0A9P0MNE4	1	U-01	viridula	N. viridula
A0A9P0MNV0	1	U-01	viridula	N. viridula
A0A9P0MNV1	1	U-01	viridula	N. viridula
A0A9P0MNV4	3	U-03	viridula	N. viridula
A0A9P0MNX2	1	U-01	viridula	N. viridula
A0A9P0MP02	1	U-01	viridula	N. viridula
A0A9P0MP12	1	U-01	viridula	N. viridula
A0A9P0MP74	1	U-01	viridula	N. viridula
A0A9P0MP81	0	unassigned	viridula	N. viridula
A0A9P0MPC4	1	U-01	viridula	N. viridula
A0A9P0MPD7	0	unassigned	viridula	N. viridula
A0A9P0MPH3	1	U-01	viridula	N. viridula
A0A9P0MPH8	1	U-01	viridula	N. viridula
A0A9P0MPI4	0	unassigned	viridula	N. viridula
A0A9P0MPI5	3	U-03	viridula	N. viridula
A0A9P0MPI9	3	U-03	viridula	N. viridula
A0A9P0MPK6	1	U-01	viridula	N. viridula
A0A9P0MPM6	1	U-01	viridula	N. viridula
A0A9P0MPP9	1	U-01	viridula	N. viridula
A0A9P0MPR9	4	U-04	viridula	N. viridula
A0A9P0MPT2	1	U-01	viridula	N. viridula
A0A9P0MPX7	1	U-01	viridula	N. viridula
A0A9P0MQ18	0	unassigned	viridula	N. viridula
A0A9P0MQ20	1	U-01	viridula	N. viridula
A0A9P0MQ54	1	U-01	viridula	N. viridula
A0A9P0MQ73	1	U-01	viridula	N. viridula
A0A9P0MQ80	1	U-01	viridula	N. viridula
A0A9P0MQD5	1	U-01	viridula	N. viridula
A0A9P0MQJ6	1	U-01	viridula	N. viridula
A0A9P0MQM6	3	U-03	viridula	N. viridula
A0A9P0MQW2	3	U-03	viridula	N. viridula
A0A9P0MQX8	1	U-01	viridula	N. viridula
A0A9P0MR66	1	U-01	viridula	N. viridula
A0A9P0MR80	1	U-01	viridula	N. viridula
A0A9P0MRA1	1	U-01	viridula	N. viridula
A0A9P0MRA7	1	U-01	viridula	N. viridula
A0A9P0MRE8	1	U-01	viridula	N. viridula
A0A9P0MRF7	1	U-01	viridula	N. viridula
A0A9P0MRH7	1	U-01	viridula	N. viridula
A0A9P0MRI3	1	U-01	viridula	N. viridula
A0A9P0MRM2	1	U-01	viridula	N. viridula
A0A9P0MRQ4	1	U-01	viridula	N. viridula
A0A9P0MRS7	4	U-04	viridula	N. viridula
A0A9P0MRZ2	1	U-01	viridula	N. viridula
A0A9P0MS21	1	U-01	viridula	N. viridula
A0A9P0MS24	1	U-01	viridula	N. viridula
A0A9P0MS34	3	U-03	viridula	N. viridula
A0A9P0MS38	1	U-01	viridula	N. viridula
A0A9P0MS49	1	U-01	viridula	N. viridula
A0A9P0MS55	4	U-04	viridula	N. viridula
A0A9P0MS90	1	U-01	viridula	N. viridula
A0A9P0MS99	1	U-01	viridula	N. viridula
A0A9P0MSB2	3	U-03	viridula	N. viridula
A0A9P0MSC1	1	U-01	viridula	N. viridula
A0A9P0MSF0	1	U-01	viridula	N. viridula
A0A9P0HEE6	1	U-01	viridula	N. viridula
A0A9P0HEE8	2	U-02	viridula	N. viridula
A0A9P0HEF0	2	U-02	viridula	N. viridula
A0A9P0HEF1	0	unassigned	viridula	N. viridula
A0A9P0HEF2	2	U-02	viridula	N. viridula
A0A9P0HEF3	1	U-01	viridula	N. viridula
A0A9P0HEF4	2	U-02	viridula	N. viridula
A0A9P0HEF8	0	unassigned	viridula	N. viridula
A0A9P0HEF9	1	U-01	viridula	N. viridula
A0A9P0HEG0	3	U-03	viridula	N. viridula
A0A9P0HEG2	2	U-02	viridula	N. viridula
A0A9P0HEG6	1	U-01	viridula	N. viridula
A0A9P0HEG7	2	U-02	viridula	N. viridula
A0A9P0HEG8	2	U-02	viridula	N. viridula
A0A9P0HEG9	1	U-01	viridula	N. viridula
A0A9P0HEH0	2	U-02	viridula	N. viridula
A0A9P0HEH1	1	U-01	viridula	N. viridula
A0A9P0HEH2	1	U-01	viridula	N. viridula
A0A9P0HEH5	0	unassigned	viridula	N. viridula
A0A9P0HEH7	1	U-01	viridula	N. viridula
A0A9P0HEH8	1	U-01	viridula	N. viridula
A0A9P0HEH9	0	unassigned	viridula	N. viridula
A0A9P0HEI2	2	U-02	viridula	N. viridula
A0A9P0HEI3	1	U-01	viridula	N. viridula
A0A9P0HEI4	2	U-02	viridula	N. viridula
A0A9P0HEI8	0	unassigned	viridula	N. viridula
A0A9P0HCL5	4	U-04	viridula	N. viridula
A0A9P0HCL9	1	U-01	viridula	N. viridula
A0A9P0HCM2	1	U-01	viridula	N. viridula
A0A9P0HCM6	1	U-01	viridula	N. viridula
A0A9P0HCM8	0	unassigned	viridula	N. viridula
A0A9P0HCN0	1	U-01	viridula	N. viridula
A0A9P0HCN4	1	U-01	viridula	N. viridula
A0A9P0HCN5	3	U-03	viridula	N. viridula
A0A9P0HCN8	1	U-01	viridula	N. viridula
A0A9P0HCN9	3	U-03	viridula	N. viridula
A0A9P0HCP3	0	unassigned	viridula	N. viridula
A0A9P0HCQ8	4	U-04	viridula	N. viridula
A0A9P0HCR1	3	U-03	viridula	N. viridula
A0A9P0HCR3	0	unassigned	viridula	N. viridula
A0A9P0HCR9	1	U-01	viridula	N. viridula
A0A9P0HCS0	1	U-01	viridula	N. viridula
A0A9P0HCS2	1	U-01	viridula	N. viridula
A0A9P0HCS8	1	U-01	viridula	N. viridula
A0A9P0HCS9	1	U-01	viridula	N. viridula
A0A9P0HCT3	1	U-01	viridula	N. viridula
A0A9P0HCT5	1	U-01	viridula	N. viridula
A0A9P0HCU5	3	U-03	viridula	N. viridula
A0A9P0HCV0	3	U-03	viridula	N. viridula
A0A9P0HCV2	0	unassigned	viridula	N. viridula
A0A9P0HCV3	1	U-01	viridula	N. viridula
A0A9P0HCV7	1	U-01	viridula	N. viridula
A0A9P0HCW1	1	U-01	viridula	N. viridula
A0A9P0HPX4	1	U-01	viridula	N. viridula
A0A9P0HPX7	1	U-01	viridula	N. viridula
A0A9P0HPY3	1	U-01	viridula	N. viridula
A0A9P0HPZ0	1	U-01	viridula	N. viridula
A0A9P0HPZ2	1	U-01	viridula	N. viridula
A0A9P0HPZ3	1	U-01	viridula	N. viridula
A0A9P0HPZ4	4	U-04	viridula	N. viridula
A0A9P0HPZ8	1	U-01	viridula	N. viridula
A0A9P0HPZ9	3	U-03	viridula	N. viridula
A0A9P0HQ07	1	U-01	viridula	N. viridula
A0A9P0HQ11	1	U-01	viridula	N. viridula
A0A9P0HQ12	1	U-01	viridula	N. viridula
A0A9P0HQ16	1	U-01	viridula	N. viridula
A0A9P0HQ17	1	U-01	viridula	N. viridula
A0A9P0HQ20	1	U-01	viridula	N. viridula
A0A9P0HQ21	3	U-03	viridula	N. viridula
A0A9P0HQ22	1	U-01	viridula	N. viridula
A0A9P0HQ25	1	U-01	viridula	N. viridula
A0A9P0HQ26	4	U-04	viridula	N. viridula
A0A9P0HQ29	1	U-01	viridula	N. viridula
A0A9P0HQ38	1	U-01	viridula	N. viridula
A0A9P0HQ39	1	U-01	viridula	N. viridula
A0A9P0HQ49	1	U-01	viridula	N. viridula
A0A9P0HQ54	4	U-04	viridula	N. viridula
A0A9P0HQ59	1	U-01	viridula	N. viridula
A0A9P0HQ60	1	U-01	viridula	N. viridula
A0A9P0HQ64	1	U-01	viridula	N. viridula
A0A9P0HQ68	1	U-01	viridula	N. viridula
A0A9P0HQ73	1	U-01	viridula	N. viridula
A0A9P0HQ74	1	U-01	viridula	N. viridula
A0A9P0HQ77	1	U-01	viridula	N. viridula
A0A9P0HQ79	1	U-01	viridula	N. viridula
A0A9P0HQ82	0	unassigned	viridula	N. viridula
A0A9P0HQ89	1	U-01	viridula	N. viridula
A0A9P0HQ97	1	U-01	viridula	N. viridula
A0A9P0HQA0	1	U-01	viridula	N. viridula
A0A9P0HQA1	0	unassigned	viridula	N. viridula
A0A9P0HQA2	1	U-01	viridula	N. viridula
A0A9P0HQA3	3	U-03	viridula	N. viridula
A0A9P0HQA4	4	U-04	viridula	N. viridula
A0A9P0HQA6	1	U-01	viridula	N. viridula
A0A9P0HQB5	4	U-04	viridula	N. viridula
A0A9P0HQC0	0	unassigned	viridula	N. viridula
A0A9P0HQC1	0	unassigned	viridula	N. viridula
A0A9P0HQC6	3	U-03	viridula	N. viridula
A0A9P0HQC7	1	U-01	viridula	N. viridula
A0A9P0HQD1	1	U-01	viridula	N. viridula
A0A9P0HQD5	1	U-01	viridula	N. viridula
A0A9P0HQE0	1	U-01	viridula	N. viridula
A0A9P0HQE3	1	U-01	viridula	N. viridula
A0A9P0HQE4	1	U-01	viridula	N. viridula
A0A9P0HQE6	1	U-01	viridula	N. viridula
A0A9P0HQF0	3	U-03	viridula	N. viridula
A0A9P0HQF3	1	U-01	viridula	N. viridula
A0A9P0HQF4	0	unassigned	viridula	N. viridula
A0A9P0HQF5	1	U-01	viridula	N. viridula
A0A9P0HQF6	1	U-01	viridula	N. viridula
A0A9P0HQF9	1	U-01	viridula	N. viridula
A0A9P0HQG5	1	U-01	viridula	N. viridula
A0A9P0HQG7	3	U-03	viridula	N. viridula
A0A9P0HQG9	1	U-01	viridula	N. viridula
A0A9P0HQH1	1	U-01	viridula	N. viridula
A0A9P0HQH6	1	U-01	viridula	N. viridula
A0A9P0HQH8	1	U-01	viridula	N. viridula
A0A9P0HQI2	1	U-01	viridula	N. viridula
A0A9P0HQI3	4	U-04	viridula	N. viridula
A0A9P0HQI5	1	U-01	viridula	N. viridula
A0A9P0HQI6	1	U-01	viridula	N. viridula
A0A9P0HQJ2	4	U-04	viridula	N. viridula
A0A9P0HQJ5	3	U-03	viridula	N. viridula
A0A9P0HQJ7	1	U-01	viridula	N. viridula
A0A9P0HQK0	1	U-01	viridula	N. viridula
A0A9P0HQK1	4	U-04	viridula	N. viridula
A0A9P0HPV6	2	U-02	viridula	N. viridula
A0A9P0HPV7	2	U-02	viridula	N. viridula
A0A9P0HPV9	2	U-02	viridula	N. viridula
A0A9P0HPW0	0	unassigned	viridula	N. viridula
A0A9P0HPW1	2	U-02	viridula	N. viridula
A0A9P0HPW2	2	U-02	viridula	N. viridula
A0A9P0HPW4	0	unassigned	viridula	N. viridula
A0A9P0HPW5	1	U-01	viridula	N. viridula
A0A9P0HPW8	4	U-04	viridula	N. viridula
A0A9P0HPW9	0	unassigned	viridula	N. viridula
A0A9P0HPX0	4	U-04	viridula	N. viridula
A0A9P0HPX1	1	U-01	viridula	N. viridula
A0A9P0HPX2	1	U-01	viridula	N. viridula
A0A9P0HPX3	0	unassigned	viridula	N. viridula
A0A9P0HPX5	2	U-02	viridula	N. viridula
A0A9P0HPX6	3	U-03	viridula	N. viridula
A0A9P0HPX8	2	U-02	viridula	N. viridula
A0A9P0HPX9	2	U-02	viridula	N. viridula
A0A9P0HPY0	2	U-02	viridula	N. viridula
A0A9P0HPY1	1	U-01	viridula	N. viridula
A0A9P0HPY2	1	U-01	viridula	N. viridula
A0A9P0HPY4	2	U-02	viridula	N. viridula
A0A9P0HPY5	1	U-01	viridula	N. viridula
A0A9P0HPY6	1	U-01	viridula	N. viridula
A0A9P0HPY7	0	unassigned	viridula	N. viridula
A0A9P0HPY8	2	U-02	viridula	N. viridula
A0A9P0HPY9	2	U-02	viridula	N. viridula
A0A9P0HPZ1	3	U-03	viridula	N. viridula
A0A9P0HPZ5	3	U-03	viridula	N. viridula
A0A9P0HPZ6	1	U-01	viridula	N. viridula
A0A9P0HPZ7	1	U-01	viridula	N. viridula
A0A9P0HQ00	1	U-01	viridula	N. viridula
A0A9P0HQ01	2	U-02	viridula	N. viridula
A0A9P0HQ02	1	U-01	viridula	N. viridula
A0A9P0HQ03	1	U-01	viridula	N. viridula
A0A9P0HQ04	1	U-01	viridula	N. viridula
A0A9P0HQ05	1	U-01	viridula	N. viridula
A0A9P0HQ08	1	U-01	viridula	N. viridula
A0A9P0HQ09	1	U-01	viridula	N. viridula
A0A9P0HQ13	0	unassigned	viridula	N. viridula
A0A9P0HQ14	1	U-01	viridula	N. viridula
A0A9P0HQ15	2	U-02	viridula	N. viridula
A0A9P0HQ18	1	U-01	viridula	N. viridula
A0A9P0HQ19	4	U-04	viridula	N. viridula
A0A9P0HQ23	2	U-02	viridula	N. viridula
A0A9P0HQ24	1	U-01	viridula	N. viridula
A0A9P0HQ27	1	U-01	viridula	N. viridula
A0A9P0HQ28	1	U-01	viridula	N. viridula
A0A9P0HQ31	2	U-02	viridula	N. viridula
A0A9P0HQ32	2	U-02	viridula	N. viridula
A0A9P0HQ33	2	U-02	viridula	N. viridula
A0A9P0HQ34	0	unassigned	viridula	N. viridula
A0A9P0HQ35	1	U-01	viridula	N. viridula
A0A9P0HQ36	1	U-01	viridula	N. viridula
A0A9P0HQ37	3	U-03	viridula	N. viridula
A0A9P0HQ40	0	unassigned	viridula	N. viridula
A0A9P0HQ41	2	U-02	viridula	N. viridula
A0A9P0HQ42	2	U-02	viridula	N. viridula
A0A9P0HQ43	1	U-01	viridula	N. viridula
A0A9P0HQ45	1	U-01	viridula	N. viridula
A0A9P0HQ47	1	U-01	viridula	N. viridula
A0A9P0HQ48	1	U-01	viridula	N. viridula
A0A9P0HQ50	1	U-01	viridula	N. viridula
A0A9P0HQ51	1	U-01	viridula	N. viridula
A0A9P0HQ52	1	U-01	viridula	N. viridula
A0A9P0HQ53	1	U-01	viridula	N. viridula
A0A9P0HQ55	0	unassigned	viridula	N. viridula
A0A9P0HQ56	0	unassigned	viridula	N. viridula
A0A9P0HQ57	1	U-01	viridula	N. viridula
A0A9P0HQ58	1	U-01	viridula	N. viridula
A0A9P0HQ61	1	U-01	viridula	N. viridula
A0A9P0HQ62	2	U-02	viridula	N. viridula
A0A9P0HQ63	1	U-01	viridula	N. viridula
A0A9P0HQ65	1	U-01	viridula	N. viridula
A0A9P0HQ66	1	U-01	viridula	N. viridula
A0A9P0HQ67	1	U-01	viridula	N. viridula
A0A9P0HQ69	2	U-02	viridula	N. viridula
A0A9P0HQ70	1	U-01	viridula	N. viridula
A0A9P0HQ71	1	U-01	viridula	N. viridula
A0A9P0HQ72	1	U-01	viridula	N. viridula
A0A9P0HQ75	2	U-02	viridula	N. viridula
A0A9P0HQ76	1	U-01	viridula	N. viridula
A0A9P0HQ78	1	U-01	viridula	N. viridula
A0A9P0HQ80	2	U-02	viridula	N. viridula
A0A9P0HQ81	1	U-01	viridula	N. viridula
A0A9P0HQ83	1	U-01	viridula	N. viridula
A0A9P0HQ84	0	unassigned	viridula	N. viridula
A0A9P0HQ85	1	U-01	viridula	N. viridula
A0A9P0E799	1	U-01	viridula	N. viridula
A0A9P0E7A1	1	U-01	viridula	N. viridula
A0A9P0E7A2	1	U-01	viridula	N. viridula
A0A9P0E7A6	1	U-01	viridula	N. viridula
A0A9P0E7B1	0	unassigned	viridula	N. viridula
A0A9P0E7B2	4	U-04	viridula	N. viridula
A0A9P0E7B5	1	U-01	viridula	N. viridula
A0A9P0E7B7	1	U-01	viridula	N. viridula
A0A9P0E7C1	1	U-01	viridula	N. viridula
A0A9P0E7D8	0	unassigned	viridula	N. viridula
A0A9P0E7E2	1	U-01	viridula	N. viridula
A0A9P0E7E8	1	U-01	viridula	N. viridula
A0A9P0H2H4	3	U-03	viridula	N. viridula
A0A9P0H2I3	3	U-03	viridula	N. viridula
A0A9P0H2I9	1	U-01	viridula	N. viridula
A0A9P0H2J7	4	U-04	viridula	N. viridula
A0A9P0H2J8	1	U-01	viridula	N. viridula
A0A9P0H2K8	1	U-01	viridula	N. viridula
A0A9P0H2L0	1	U-01	viridula	N. viridula
A0A9P0H2L1	3	U-03	viridula	N. viridula
A0A9P0H2N3	3	U-03	viridula	N. viridula
A0A9P0H2N6	1	U-01	viridula	N. viridula
A0A9P0H2P0	0	unassigned	viridula	N. viridula
A0A9P0H2P4	0	unassigned	viridula	N. viridula
A0A9P0H2P6	0	unassigned	viridula	N. viridula
A0A9P0H2P9	1	U-01	viridula	N. viridula
A0A9P0H2Q4	1	U-01	viridula	N. viridula
A0A9P0H2Q9	0	unassigned	viridula	N. viridula
A0A9P0H2S1	3	U-03	viridula	N. viridula
A0A9P0H2S3	1	U-01	viridula	N. viridula
A0A9P0H2S4	1	U-01	viridula	N. viridula
A0A9P0H2T0	1	U-01	viridula	N. viridula
A0A9P0H2T1	1	U-01	viridula	N. viridula
A0A9P0H2T2	1	U-01	viridula	N. viridula
A0A9P0H2T3	1	U-01	viridula	N. viridula
A0A9P0H2T5	1	U-01	viridula	N. viridula
A0A9P0H2T7	1	U-01	viridula	N. viridula
A0A9P0H2U0	3	U-03	viridula	N. viridula
A0A9P0H2U2	1	U-01	viridula	N. viridula
A0A9P0H2U7	1	U-01	viridula	N. viridula
A0A9P0H2V0	1	U-01	viridula	N. viridula
A0A9P0H2V8	1	U-01	viridula	N. viridula
A0A9P0H2W1	1	U-01	viridula	N. viridula
A0A9P0H2W3	3	U-03	viridula	N. viridula
A0A9P0H2W4	1	U-01	viridula	N. viridula
A0A9P0H2W6	3	U-03	viridula	N. viridula
A0A9P0H2W9	4	U-04	viridula	N. viridula
A0A9P0H2X4	1	U-01	viridula	N. viridula
A0A9P0H2X8	1	U-01	viridula	N. viridula
A0A9P0H2X9	1	U-01	viridula	N. viridula
A0A9P0H2Y0	1	U-01	viridula	N. viridula
A0A9P0H2Y2	1	U-01	viridula	N. viridula
A0A9P0H2Z2	1	U-01	viridula	N. viridula
A0A9P0H2Z6	1	U-01	viridula	N. viridula
A0A9P0H2Z9	1	U-01	viridula	N. viridula
A0A9P0H300	0	unassigned	viridula	N. viridula
A0A9P0H302	0	unassigned	viridula	N. viridula
A0A9P0H305	1	U-01	viridula	N. viridula
A0A9P0H307	1	U-01	viridula	N. viridula
A0A9P0H308	1	U-01	viridula	N. viridula
A0A9P0H309	1	U-01	viridula	N. viridula
A0A9P0H313	1	U-01	viridula	N. viridula
A0A9P0H326	1	U-01	viridula	N. viridula
A0A9P0H330	1	U-01	viridula	N. viridula
A0A9P0H333	1	U-01	viridula	N. viridula
A0A9P0H334	1	U-01	viridula	N. viridula
A0A9P0H336	1	U-01	viridula	N. viridula
A0A9P0H341	1	U-01	viridula	N. viridula
A0A9P0H343	1	U-01	viridula	N. viridula
A0A9P0H345	1	U-01	viridula	N. viridula
A0A9P0H347	4	U-04	viridula	N. viridula
A0A9P0H348	1	U-01	viridula	N. viridula
A0A9P0H353	1	U-01	viridula	N. viridula
A0A9P0H360	1	U-01	viridula	N. viridula
A0A9P0H362	1	U-01	viridula	N. viridula
A0A9P0H363	1	U-01	viridula	N. viridula
A0A9P0H365	1	U-01	viridula	N. viridula
A0A9P0H366	3	U-03	viridula	N. viridula
A0A9P0H367	1	U-01	viridula	N. viridula
A0A9P0HA76	1	U-01	viridula	N. viridula
A0A9P0HA79	1	U-01	viridula	N. viridula
A0A9P0HA81	3	U-03	viridula	N. viridula
A0A9P0HA82	3	U-03	viridula	N. viridula
A0A9P0HA85	1	U-01	viridula	N. viridula
A0A9P0HA88	1	U-01	viridula	N. viridula
A0A9P0HA93	1	U-01	viridula	N. viridula
A0A9P0HA95	3	U-03	viridula	N. viridula
A0A9P0HAA8	1	U-01	viridula	N. viridula
A0A9P0HAB6	1	U-01	viridula	N. viridula
A0A9P0HAB8	1	U-01	viridula	N. viridula
A0A9P0HAB9	3	U-03	viridula	N. viridula
A0A9P0HAC0	1	U-01	viridula	N. viridula
A0A9P0HAC3	3	U-03	viridula	N. viridula
A0A9P0HAC6	1	U-01	viridula	N. viridula
A0A9P0HAD2	1	U-01	viridula	N. viridula
A0A9P0HAD5	3	U-03	viridula	N. viridula
A0A9P0HAD7	1	U-01	viridula	N. viridula
A0A9P0HAD9	3	U-03	viridula	N. viridula
A0A9P0HAE5	3	U-03	viridula	N. viridula
A0A9P0HAE6	4	U-04	viridula	N. viridula
A0A9P0HAE7	1	U-01	viridula	N. viridula
A0A9P0HAF0	0	unassigned	viridula	N. viridula
A0A9P0HAF1	0	unassigned	viridula	N. viridula
A0A9P0HAF2	0	unassigned	viridula	N. viridula
A0A9P0HAF4	3	U-03	viridula	N. viridula
A0A9P0HAF5	3	U-03	viridula	N. viridula
A0A9P0HAG4	1	U-01	viridula	N. viridula
A0A9P0HAH0	4	U-04	viridula	N. viridula
A0A9P0HAH2	1	U-01	viridula	N. viridula
A0A9P0HAH3	4	U-04	viridula	N. viridula
A0A9P0HAI1	1	U-01	viridula	N. viridula
A0A9P0HAI2	0	unassigned	viridula	N. viridula
A0A9P0HB35	1	U-01	viridula	N. viridula
A0A9P0HB38	1	U-01	viridula	N. viridula
A0A9P0HB42	1	U-01	viridula	N. viridula
A0A9P0HB44	1	U-01	viridula	N. viridula
A0A9P0HB45	1	U-01	viridula	N. viridula
A0A9P0HB48	1	U-01	viridula	N. viridula
A0A9P0HB49	1	U-01	viridula	N. viridula
A0A9P0HB51	1	U-01	viridula	N. viridula
A0A9P0HB55	1	U-01	viridula	N. viridula
A0A9P0HB56	1	U-01	viridula	N. viridula
A0A9P0HB62	0	unassigned	viridula	N. viridula
A0A9P0HB72	1	U-01	viridula	N. viridula
A0A9P0HB74	1	U-01	viridula	N. viridula
A0A9P0HB90	1	U-01	viridula	N. viridula
A0A9P0HB99	1	U-01	viridula	N. viridula
A0A9P0HBA0	1	U-01	viridula	N. viridula
A0A9P0HBA4	3	U-03	viridula	N. viridula
A0A9P0HBB8	1	U-01	viridula	N. viridula
A0A9P0HBB9	1	U-01	viridula	N. viridula
A0A9P0HBC3	0	unassigned	viridula	N. viridula
A0A9P0HBC6	1	U-01	viridula	N. viridula
A0A9P0HBC8	1	U-01	viridula	N. viridula
A0A9P0HBC9	1	U-01	viridula	N. viridula
A0A9P0HBD3	1	U-01	viridula	N. viridula
A0A9P0HBD5	1	U-01	viridula	N. viridula
A0A9P0HBD6	1	U-01	viridula	N. viridula
A0A9P0HBD9	1	U-01	viridula	N. viridula
A0A9P0HBE6	1	U-01	viridula	N. viridula
A0A9P0HBE7	1	U-01	viridula	N. viridula
A0A9P0HBF0	3	U-03	viridula	N. viridula
A0A9P0HBF4	4	U-04	viridula	N. viridula
A0A9P0HBF6	1	U-01	viridula	N. viridula
A0A9P0HBF8	3	U-03	viridula	N. viridula
A0A9P0HBG5	1	U-01	viridula	N. viridula
A0A9P0HBG6	2	U-02	viridula	N. viridula
A0A9P0HBG7	1	U-01	viridula	N. viridula
A0A9P0HBG8	1	U-01	viridula	N. viridula
A0A9P0HBG9	1	U-01	viridula	N. viridula
A0A9P0HBH1	3	U-03	viridula	N. viridula
A0A9P0HBH3	1	U-01	viridula	N. viridula
A0A9P0HBH4	1	U-01	viridula	N. viridula
A0A9P0HBH5	4	U-04	viridula	N. viridula
A0A9P0HBH6	3	U-03	viridula	N. viridula
A0A9P0HBH7	1	U-01	viridula	N. viridula
A0A9P0HBI2	1	U-01	viridula	N. viridula
A0A9P0HBI3	1	U-01	viridula	N. viridula
A0A9P0HBI4	1	U-01	viridula	N. viridula
A0A9P0HBI5	3	U-03	viridula	N. viridula
A0A9P0HBI9	1	U-01	viridula	N. viridula
A0A9P0HBJ1	1	U-01	viridula	N. viridula
A0A9P0HBJ6	0	unassigned	viridula	N. viridula
A0A9P0HBJ9	4	U-04	viridula	N. viridula
A0A9P0HBK3	1	U-01	viridula	N. viridula
A0A9P0HBK4	1	U-01	viridula	N. viridula
A0A9P0HBL5	0	unassigned	viridula	N. viridula
A0A9P0HBM6	0	unassigned	viridula	N. viridula
A0A9P0HBM7	3	U-03	viridula	N. viridula
A0A9P0HBN7	1	U-01	viridula	N. viridula
A0A9P0HBP2	1	U-01	viridula	N. viridula
A0A9P0HBP3	1	U-01	viridula	N. viridula
A0A9P0HBQ3	1	U-01	viridula	N. viridula
A0A9P0HBQ4	4	U-04	viridula	N. viridula
A0A9P0HBR0	1	U-01	viridula	N. viridula
A0A9P0HBR3	3	U-03	viridula	N. viridula
A0A9P0HBR7	1	U-01	viridula	N. viridula
A0A9P0HBR9	3	U-03	viridula	N. viridula
A0A9P0HBS3	1	U-01	viridula	N. viridula
A0A9P0HBS7	1	U-01	viridula	N. viridula
A0A9P0HBS9	1	U-01	viridula	N. viridula
A0A9P0HBT0	1	U-01	viridula	N. viridula
A0A9P0HBU0	1	U-01	viridula	N. viridula
A0A9P0HBU6	1	U-01	viridula	N. viridula
A0A9P0HBU8	1	U-01	viridula	N. viridula
A0A9P0HBU9	1	U-01	viridula	N. viridula
A0A9P0HBV0	1	U-01	viridula	N. viridula
A0A9P0HBV1	1	U-01	viridula	N. viridula
A0A9P0HBV2	1	U-01	viridula	N. viridula
A0A9P0HBV5	1	U-01	viridula	N. viridula
A0A9P0HBW6	1	U-01	viridula	N. viridula
A0A9P0HBW8	1	U-01	viridula	N. viridula
A0A9P0HBX2	4	U-04	viridula	N. viridula
A0A9P0HBX7	1	U-01	viridula	N. viridula
A0A9P0HBX8	1	U-01	viridula	N. viridula
A0A9P0HBY3	1	U-01	viridula	N. viridula
A0A9P0HBY4	1	U-01	viridula	N. viridula
A0A9P0HBY7	1	U-01	viridula	N. viridula
A0A9P0HBY8	1	U-01	viridula	N. viridula
A0A9P0HBZ3	4	U-04	viridula	N. viridula
A0A9P0HBZ4	1	U-01	viridula	N. viridula
A0A9P0HBZ5	1	U-01	viridula	N. viridula
A0A9P0HC00	1	U-01	viridula	N. viridula
A0A9P0HC01	1	U-01	viridula	N. viridula
A0A9P0HC09	1	U-01	viridula	N. viridula
A0A9P0HC17	4	U-04	viridula	N. viridula
A0A9P0HC19	1	U-01	viridula	N. viridula
A0A9P0HN66	1	U-01	viridula	N. viridula
A0A9P0HN73	0	unassigned	viridula	N. viridula
A0A9P0HN78	1	U-01	viridula	N. viridula
A0A9P0HN80	1	U-01	viridula	N. viridula
A0A9P0HN82	0	unassigned	viridula	N. viridula
A0A9P0DWK3	4	U-04	viridula	N. viridula
A0A9P0DWM0	0	unassigned	viridula	N. viridula
A0A9P0DWN0	4	U-04	viridula	N. viridula
A0A9P0DWU4	1	U-01	viridula	N. viridula
A0A9P0DWW4	0	unassigned	viridula	N. viridula
A0A9P0DWZ3	1	U-01	viridula	N. viridula
A0A9P0DX25	4	U-04	viridula	N. viridula
A0A9P0DX35	1	U-01	viridula	N. viridula
A0A9P0DX36	1	U-01	viridula	N. viridula
A0A9P0DX48	1	U-01	viridula	N. viridula
A0A9P0DX49	1	U-01	viridula	N. viridula
A0A9P0DX57	1	U-01	viridula	N. viridula
A0A9P0DX59	3	U-03	viridula	N. viridula
A0A9P0DX69	4	U-04	viridula	N. viridula
A0A9P0DX79	1	U-01	viridula	N. viridula
A0A9P0HIF3	1	U-01	viridula	N. viridula
A0A9P0HIF7	4	U-04	viridula	N. viridula
A0A9P0HIF9	1	U-01	viridula	N. viridula
A0A9P0HIG0	1	U-01	viridula	N. viridula
A0A9P0HIG4	1	U-01	viridula	N. viridula
A0A9P0HIG8	1	U-01	viridula	N. viridula
A0A9P0HIH0	1	U-01	viridula	N. viridula
A0A9P0HIH2	1	U-01	viridula	N. viridula
A0A9P0HII2	1	U-01	viridula	N. viridula
A0A9P0HII5	1	U-01	viridula	N. viridula
A0A9P0HII6	1	U-01	viridula	N. viridula
A0A9P0HIJ6	3	U-03	viridula	N. viridula
A0A9P0HIJ8	1	U-01	viridula	N. viridula
A0A9P0HIK0	1	U-01	viridula	N. viridula
A0A9P0HIK3	1	U-01	viridula	N. viridula
A0A9P0HIL1	1	U-01	viridula	N. viridula
A0A9P0HIL2	1	U-01	viridula	N. viridula
A0A9P0HIL6	0	unassigned	viridula	N. viridula
A0A9P0HIL7	1	U-01	viridula	N. viridula
A0A9P0HIL8	1	U-01	viridula	N. viridula
A0A9P0HIM3	1	U-01	viridula	N. viridula
A0A9P0HIM6	4	U-04	viridula	N. viridula
A0A9P0HIN0	1	U-01	viridula	N. viridula
A0A9P0HIN2	1	U-01	viridula	N. viridula
A0A9P0HIN5	1	U-01	viridula	N. viridula
A0A9P0HIP1	0	unassigned	viridula	N. viridula
A0A9P0HIP2	1	U-01	viridula	N. viridula
A0A9P0HIP3	0	unassigned	viridula	N. viridula
A0A9P0HIP5	1	U-01	viridula	N. viridula
A0A9P0HIP6	1	U-01	viridula	N. viridula
A0A9P0HIQ3	0	unassigned	viridula	N. viridula
A0A9P0HIQ6	1	U-01	viridula	N. viridula
A0A9P0HIQ7	1	U-01	viridula	N. viridula
A0A9P0HIR1	1	U-01	viridula	N. viridula
A0A9P0HIR3	1	U-01	viridula	N. viridula
A0A9P0HIR4	1	U-01	viridula	N. viridula
A0A9P0HIS1	4	U-04	viridula	N. viridula
A0A9P0HIS2	1	U-01	viridula	N. viridula
A0A9P0HIS3	1	U-01	viridula	N. viridula
A0A9P0HIS7	1	U-01	viridula	N. viridula
A0A9P0HIT5	1	U-01	viridula	N. viridula
A0A9P0HIT6	1	U-01	viridula	N. viridula
A0A9P0HIT8	1	U-01	viridula	N. viridula
A0A9P0HIT9	1	U-01	viridula	N. viridula
A0A9P0HIU2	1	U-01	viridula	N. viridula
A0A9P0HIU3	1	U-01	viridula	N. viridula
A0A9P0HIU4	1	U-01	viridula	N. viridula
A0A9P0HIU7	3	U-03	viridula	N. viridula
A0A9P0HIV3	1	U-01	viridula	N. viridula
A0A9P0HIV4	1	U-01	viridula	N. viridula
A0A9P0HIV5	1	U-01	viridula	N. viridula
A0A9P0HIW1	1	U-01	viridula	N. viridula
A0A9P0HIW4	1	U-01	viridula	N. viridula
A0A9P0HIW5	1	U-01	viridula	N. viridula
A0A9P0HIW6	1	U-01	viridula	N. viridula
A0A9P0HIX1	1	U-01	viridula	N. viridula
A0A9P0HIX7	3	U-03	viridula	N. viridula
A0A9P0HIX9	1	U-01	viridula	N. viridula
A0A9P0HIY1	1	U-01	viridula	N. viridula
A0A9P0HIY3	4	U-04	viridula	N. viridula
A0A9P0HIY6	1	U-01	viridula	N. viridula
A0A9P0HIZ0	1	U-01	viridula	N. viridula
A0A9P0HIZ2	1	U-01	viridula	N. viridula
A0A9P0HIZ3	1	U-01	viridula	N. viridula
A0A9P0HIZ8	4	U-04	viridula	N. viridula
A0A9P0HIZ9	1	U-01	viridula	N. viridula
A0A9P0HJ04	4	U-04	viridula	N. viridula
A0A9P0HJ08	0	unassigned	viridula	N. viridula
A0A9P0HJ10	1	U-01	viridula	N. viridula
A0A9P0HJ15	1	U-01	viridula	N. viridula
A0A9P0HJ17	0	unassigned	viridula	N. viridula
A0A9P0HJ21	1	U-01	viridula	N. viridula
A0A9P0HJ22	1	U-01	viridula	N. viridula
A0A9P0HJ23	3	U-03	viridula	N. viridula
A0A9P0HJ25	1	U-01	viridula	N. viridula
A0A9P0HJ36	1	U-01	viridula	N. viridula
A0A9P0HJ39	3	U-03	viridula	N. viridula
A0A9P0HJ43	1	U-01	viridula	N. viridula
A0A9P0HJ44	1	U-01	viridula	N. viridula
A0A9P0HJ49	1	U-01	viridula	N. viridula
A0A9P0HJ50	3	U-03	viridula	N. viridula
A0A9P0HJ52	3	U-03	viridula	N. viridula
A0A9P0HJ53	1	U-01	viridula	N. viridula
A0A9P0HJ54	1	U-01	viridula	N. viridula
A0A9P0HJ55	1	U-01	viridula	N. viridula
A0A9P0HJ59	1	U-01	viridula	N. viridula
A0A9P0HJ61	0	unassigned	viridula	N. viridula
A0A9P0HJ64	1	U-01	viridula	N. viridula
A0A9P0HJ65	1	U-01	viridula	N. viridula
A0A9P0HJ67	1	U-01	viridula	N. viridula
A0A9P0HJ70	0	unassigned	viridula	N. viridula
A0A9P0HJ74	1	U-01	viridula	N. viridula
A0A9P0HJ76	0	unassigned	viridula	N. viridula
A0A9P0HJ78	0	unassigned	viridula	N. viridula
A0A9P0HJ83	0	unassigned	viridula	N. viridula
A0A9P0HJ84	1	U-01	viridula	N. viridula
A0A9P0HJ89	1	U-01	viridula	N. viridula
A0A9P0HJ92	4	U-04	viridula	N. viridula
A0A9P0MKS9	1	U-01	viridula	N. viridula
A0A9P0MKT9	1	U-01	viridula	N. viridula
A0A9P0MKV5	0	unassigned	viridula	N. viridula
A0A9P0MKW9	0	unassigned	viridula	N. viridula
A0A9P0MKX0	0	unassigned	viridula	N. viridula
A0A9P0MKX5	0	unassigned	viridula	N. viridula
A0A9P0MKX6	1	U-01	viridula	N. viridula
A0A9P0MKZ3	0	unassigned	viridula	N. viridula
A0A9P0MKZ4	1	U-01	viridula	N. viridula
A0A9P0ML01	1	U-01	viridula	N. viridula
A0A9P0ML24	1	U-01	viridula	N. viridula
A0A9P0ML25	1	U-01	viridula	N. viridula
A0A9P0ML27	1	U-01	viridula	N. viridula
A0A9P0ML34	1	U-01	viridula	N. viridula
A0A9P0ML38	1	U-01	viridula	N. viridula
A0A9P0ML46	3	U-03	viridula	N. viridula
A0A9P0ML47	1	U-01	viridula	N. viridula
A0A9P0ML48	0	unassigned	viridula	N. viridula
A0A9P0ML56	1	U-01	viridula	N. viridula
A0A9P0ML60	1	U-01	viridula	N. viridula
A0A9P0ML66	1	U-01	viridula	N. viridula
A0A9P0ML68	1	U-01	viridula	N. viridula
A0A9P0ML74	4	U-04	viridula	N. viridula
A0A9P0ML82	4	U-04	viridula	N. viridula
A0A9P0ML86	1	U-01	viridula	N. viridula
A0A9P0ML95	1	U-01	viridula	N. viridula
A0A9P0ML99	0	unassigned	viridula	N. viridula
A0A9P0MLA7	0	unassigned	viridula	N. viridula
A0A9P0MLB2	4	U-04	viridula	N. viridula
A0A9P0MLC4	1	U-01	viridula	N. viridula
A0A9P0MLD2	0	unassigned	viridula	N. viridula
A0A9P0MLD6	4	U-04	viridula	N. viridula
A0A9P0MLD9	1	U-01	viridula	N. viridula
A0A9P0MLE8	1	U-01	viridula	N. viridula
A0A9P0MLE9	1	U-01	viridula	N. viridula
A0A9P0MLF7	1	U-01	viridula	N. viridula
A0A9P0MLH2	0	unassigned	viridula	N. viridula
A0A9P0MLH7	1	U-01	viridula	N. viridula
A0A9P0MLI6	1	U-01	viridula	N. viridula
A0A9P0MLJ2	1	U-01	viridula	N. viridula
A0A9P0MLJ3	1	U-01	viridula	N. viridula
A0A9P0MLJ6	3	U-03	viridula	N. viridula
A0A9P0MLK3	1	U-01	viridula	N. viridula
A0A9P0MLK8	1	U-01	viridula	N. viridula
A0A9P0MLL2	1	U-01	viridula	N. viridula
A0A9P0MLL7	1	U-01	viridula	N. viridula
A0A9P0MLN1	1	U-01	viridula	N. viridula
A0A9P0MLN5	0	unassigned	viridula	N. viridula
A0A9P0MLN9	1	U-01	viridula	N. viridula
A0A9P0MLP4	0	unassigned	viridula	N. viridula
A0A9P0MLP8	1	U-01	viridula	N. viridula
A0A9P0MLR4	3	U-03	viridula	N. viridula
A0A9P0MLR9	1	U-01	viridula	N. viridula
A0A9P0MLS5	0	unassigned	viridula	N. viridula
A0A9P0MLS8	1	U-01	viridula	N. viridula
A0A9P0MLT2	3	U-03	viridula	N. viridula
A0A9P0MLT4	1	U-01	viridula	N. viridula
A0A9P0MLT9	1	U-01	viridula	N. viridula
A0A9P0MLU2	1	U-01	viridula	N. viridula
A0A9P0MLU6	1	U-01	viridula	N. viridula
A0A9P0MLW3	1	U-01	viridula	N. viridula
A0A9P0MLW8	1	U-01	viridula	N. viridula
A0A9P0MLY5	1	U-01	viridula	N. viridula
A0A9P0MLZ1	0	unassigned	viridula	N. viridula
A0A9P0MM00	1	U-01	viridula	N. viridula
A0A9P0MM10	0	unassigned	viridula	N. viridula
A0A9P0MM14	0	unassigned	viridula	N. viridula
A0A9P0MM21	1	U-01	viridula	N. viridula
A0A9P0MM32	1	U-01	viridula	N. viridula
A0A9P0MM33	1	U-01	viridula	N. viridula
A0A9P0MM38	1	U-01	viridula	N. viridula
A0A9P0MM43	1	U-01	viridula	N. viridula
A0A9P0MM61	3	U-03	viridula	N. viridula
A0A9P0MM77	3	U-03	viridula	N. viridula
A0A9P0MM81	1	U-01	viridula	N. viridula
A0A9P0MM88	1	U-01	viridula	N. viridula
A0A9P0MMA2	3	U-03	viridula	N. viridula
A0A9P0MMA5	1	U-01	viridula	N. viridula
A0A9P0MMB5	1	U-01	viridula	N. viridula
A0A9P0MMC6	1	U-01	viridula	N. viridula
A0A9P0MME4	1	U-01	viridula	N. viridula
A0A9P0MME8	1	U-01	viridula	N. viridula
A0A9P0MMG4	1	U-01	viridula	N. viridula
A0A9P0MMH1	1	U-01	viridula	N. viridula
A0A9P0MMH6	1	U-01	viridula	N. viridula
A0A9P0MMH7	1	U-01	viridula	N. viridula
A0A9P0MMI2	1	U-01	viridula	N. viridula
A0A9P0MMJ2	3	U-03	viridula	N. viridula
A0A9P0MMJ3	3	U-03	viridula	N. viridula
A0A9P0MMJ7	1	U-01	viridula	N. viridula
A0A9P0MMJ9	1	U-01	viridula	N. viridula
A0A9P0MML2	1	U-01	viridula	N. viridula
A0A9P0MMM0	1	U-01	viridula	N. viridula
A0A9P0MMM2	4	U-04	viridula	N. viridula
A0A9P0MMM4	1	U-01	viridula	N. viridula
A0A9P0MMM5	1	U-01	viridula	N. viridula
A0A9P0MMM9	3	U-03	viridula	N. viridula
A0A9P0H697	1	U-01	viridula	N. viridula
A0A9P0H699	1	U-01	viridula	N. viridula
A0A9P0H6A0	3	U-03	viridula	N. viridula
A0A9P0H6A2	3	U-03	viridula	N. viridula
A0A9P0H6A4	1	U-01	viridula	N. viridula
A0A9P0H6A6	0	unassigned	viridula	N. viridula
A0A9P0H6A7	1	U-01	viridula	N. viridula
A0A9P0H6A8	1	U-01	viridula	N. viridula
A0A9P0H6A9	1	U-01	viridula	N. viridula
A0A9P0H6B2	1	U-01	viridula	N. viridula
A0A9P0H6B3	1	U-01	viridula	N. viridula
A0A9P0H6B8	1	U-01	viridula	N. viridula
A0A9P0H6C0	2	U-02	viridula	N. viridula
A0A9P0H6C1	2	U-02	viridula	N. viridula
A0A9P0H6C2	0	unassigned	viridula	N. viridula
A0A9P0H6C3	1	U-01	viridula	N. viridula
A0A9P0H6C4	1	U-01	viridula	N. viridula
A0A9P0H6C5	1	U-01	viridula	N. viridula
A0A9P0H6C6	2	U-02	viridula	N. viridula
A0A9P0H6C8	1	U-01	viridula	N. viridula
A0A9P0H6D0	2	U-02	viridula	N. viridula
A0A9P0H6D1	0	unassigned	viridula	N. viridula
A0A9P0H6D2	1	U-01	viridula	N. viridula
A0A9P0H6D3	1	U-01	viridula	N. viridula
A0A9P0H6D5	2	U-02	viridula	N. viridula
A0A9P0H6D6	1	U-01	viridula	N. viridula
A0A9P0H6D8	2	U-02	viridula	N. viridula
A0A9P0H6D9	1	U-01	viridula	N. viridula
A0A9P0H6E0	1	U-01	viridula	N. viridula
A0A9P0H6E1	2	U-02	viridula	N. viridula
A0A9P0H6E3	2	U-02	viridula	N. viridula
A0A9P0H6E4	2	U-02	viridula	N. viridula
A0A9P0H6E5	1	U-01	viridula	N. viridula
A0A9P0H6E7	2	U-02	viridula	N. viridula
A0A9P0H6F0	1	U-01	viridula	N. viridula
A0A9P0H6F2	1	U-01	viridula	N. viridula
A0A9P0H6F3	1	U-01	viridula	N. viridula
A0A9P0H6F4	1	U-01	viridula	N. viridula
A0A9P0H6F5	1	U-01	viridula	N. viridula
A0A9P0H6F6	1	U-01	viridula	N. viridula
A0A9P0H6F8	2	U-02	viridula	N. viridula
A0A9P0H6F9	2	U-02	viridula	N. viridula
A0A9P0H6G1	1	U-01	viridula	N. viridula
A0A9P0H6G2	1	U-01	viridula	N. viridula
A0A9P0H6G5	4	U-04	viridula	N. viridula
A0A9P0H6G8	2	U-02	viridula	N. viridula
A0A9P0H6G9	2	U-02	viridula	N. viridula
A0A9P0H6H4	4	U-04	viridula	N. viridula
A0A9P0H6H5	1	U-01	viridula	N. viridula
A0A9P0H6H6	1	U-01	viridula	N. viridula
A0A9P0H6H7	0	unassigned	viridula	N. viridula
A0A9P0H6H8	2	U-02	viridula	N. viridula
A0A9P0H6H9	1	U-01	viridula	N. viridula
A0A9P0H6I1	1	U-01	viridula	N. viridula
A0A9P0H6I3	1	U-01	viridula	N. viridula
A0A9P0H6I4	1	U-01	viridula	N. viridula
A0A9P0H6I5	2	U-02	viridula	N. viridula
A0A9P0H6I8	1	U-01	viridula	N. viridula
A0A9P0H6J0	1	U-01	viridula	N. viridula
A0A9P0H6J1	1	U-01	viridula	N. viridula
A0A9P0H6J4	1	U-01	viridula	N. viridula
A0A9P0H6J5	1	U-01	viridula	N. viridula
A0A9P0H6J7	1	U-01	viridula	N. viridula
A0A9P0H6J8	1	U-01	viridula	N. viridula
A0A9P0H6J9	0	unassigned	viridula	N. viridula
A0A9P0H6K0	1	U-01	viridula	N. viridula
A0A9P0H6K1	1	U-01	viridula	N. viridula
A0A9P0H6K3	1	U-01	viridula	N. viridula
A0A9P0H6K4	2	U-02	viridula	N. viridula
A0A9P0H6K5	1	U-01	viridula	N. viridula
A0A9P0H6K7	1	U-01	viridula	N. viridula
A0A9P0H6K9	0	unassigned	viridula	N. viridula
A0A9P0H6L0	3	U-03	viridula	N. viridula
A0A9P0H6L3	0	unassigned	viridula	N. viridula
A0A9P0H6L4	1	U-01	viridula	N. viridula
A0A9P0H6L5	2	U-02	viridula	N. viridula
A0A9P0H6L6	3	U-03	viridula	N. viridula
A0A9P0H6L9	0	unassigned	viridula	N. viridula
A0A9P0H6M1	1	U-01	viridula	N. viridula
A0A9P0H6M4	1	U-01	viridula	N. viridula
A0A9P0H6M5	1	U-01	viridula	N. viridula
A0A9P0H6M7	0	unassigned	viridula	N. viridula
A0A9P0H6N0	2	U-02	viridula	N. viridula
A0A9P0H6N2	1	U-01	viridula	N. viridula
A0A9P0H6N3	1	U-01	viridula	N. viridula
A0A9P0H6N4	2	U-02	viridula	N. viridula
A0A9P0H6N5	1	U-01	viridula	N. viridula
A0A9P0H6N6	1	U-01	viridula	N. viridula
A0A9P0H6N7	1	U-01	viridula	N. viridula
A0A9P0H6N9	2	U-02	viridula	N. viridula
A0A9P0MUI5	0	unassigned	viridula	N. viridula
A0A9P0MUI6	1	U-01	viridula	N. viridula
A0A9P0MUI7	1	U-01	viridula	N. viridula
A0A9P0MUI8	4	U-04	viridula	N. viridula
A0A9P0MUJ0	1	U-01	viridula	N. viridula
A0A9P0MUJ3	1	U-01	viridula	N. viridula
A0A9P0MUJ6	2	U-02	viridula	N. viridula
A0A9P0MUJ8	1	U-01	viridula	N. viridula
A0A9P0MUJ9	4	U-04	viridula	N. viridula
A0A9P0MUK0	2	U-02	viridula	N. viridula
A0A9P0MUK2	1	U-01	viridula	N. viridula
A0A9P0MUK3	2	U-02	viridula	N. viridula
A0A9P0MUK4	2	U-02	viridula	N. viridula
A0A9P0MUK5	0	unassigned	viridula	N. viridula
A0A9P0MUK6	1	U-01	viridula	N. viridula
A0A9P0MUK8	2	U-02	viridula	N. viridula
A0A9P0MUK9	1	U-01	viridula	N. viridula
A0A9P0MUL1	4	U-04	viridula	N. viridula
A0A9P0MUL5	2	U-02	viridula	N. viridula
A0A9P0MUL7	2	U-02	viridula	N. viridula
A0A9P0MUL8	1	U-01	viridula	N. viridula
A0A9P0MUL9	2	U-02	viridula	N. viridula
A0A9P0MUM1	1	U-01	viridula	N. viridula
A0A9P0MUM2	1	U-01	viridula	N. viridula
A0A9P0MUM4	3	U-03	viridula	N. viridula
A0A9P0MUM5	0	unassigned	viridula	N. viridula
A0A9P0MUM8	2	U-02	viridula	N. viridula
A0A9P0MUN0	2	U-02	viridula	N. viridula
A0A9P0MUN1	2	U-02	viridula	N. viridula
A0A9P0MUN2	2	U-02	viridula	N. viridula
A0A9P0MUN3	1	U-01	viridula	N. viridula
A0A9P0MUN4	2	U-02	viridula	N. viridula
A0A9P0MUN6	1	U-01	viridula	N. viridula
A0A9P0MUN7	3	U-03	viridula	N. viridula
A0A9P0MUN8	2	U-02	viridula	N. viridula
A0A9P0MUP0	2	U-02	viridula	N. viridula
A0A9P0MUP4	1	U-01	viridula	N. viridula
A0A9P0MUP5	1	U-01	viridula	N. viridula
A0A9P0MUP7	4	U-04	viridula	N. viridula
A0A9P0MUP8	1	U-01	viridula	N. viridula
A0A9P0MUP9	1	U-01	viridula	N. viridula
A0A9P0MUQ0	2	U-02	viridula	N. viridula
A0A9P0MUQ3	1	U-01	viridula	N. viridula
A0A9P0MUQ4	4	U-04	viridula	N. viridula
A0A9P0MUQ5	0	unassigned	viridula	N. viridula
A0A9P0MUQ6	1	U-01	viridula	N. viridula
A0A9P0MUQ7	2	U-02	viridula	N. viridula
A0A9P0MUQ8	1	U-01	viridula	N. viridula
A0A9P0MUQ9	3	U-03	viridula	N. viridula
A0A9P0MUR0	1	U-01	viridula	N. viridula
A0A9P0MUR1	2	U-02	viridula	N. viridula
A0A9P0MUR5	0	unassigned	viridula	N. viridula
A0A9P0MUR6	1	U-01	viridula	N. viridula
A0A9P0MUR9	1	U-01	viridula	N. viridula
A0A9P0MUS0	1	U-01	viridula	N. viridula
A0A9P0MUS2	1	U-01	viridula	N. viridula
A0A9P0MUS3	4	U-04	viridula	N. viridula
A0A9P0MUS5	4	U-04	viridula	N. viridula
A0A9P0MUS6	0	unassigned	viridula	N. viridula
A0A9P0MUS7	1	U-01	viridula	N. viridula
A0A9P0MUS8	1	U-01	viridula	N. viridula
A0A9P0MUS9	0	unassigned	viridula	N. viridula
A0A9P0MUT1	2	U-02	viridula	N. viridula
A0A9P0MUT2	1	U-01	viridula	N. viridula
A0A9P0MUT3	1	U-01	viridula	N. viridula
A0A9P0MUT4	2	U-02	viridula	N. viridula
A0A9P0MUT5	2	U-02	viridula	N. viridula
A0A9P0MUT7	1	U-01	viridula	N. viridula
A0A9P0MUT8	1	U-01	viridula	N. viridula
A0A9P0MUT9	1	U-01	viridula	N. viridula
A0A9P0MUU0	2	U-02	viridula	N. viridula
A0A9P0MUU2	1	U-01	viridula	N. viridula
A0A9P0MUU3	2	U-02	viridula	N. viridula
A0A9P0MUU4	1	U-01	viridula	N. viridula
A0A9P0MUU5	1	U-01	viridula	N. viridula
A0A9P0MUU7	1	U-01	viridula	N. viridula
A0A9P0MUV0	1	U-01	viridula	N. viridula
A0A9P0MUV3	4	U-04	viridula	N. viridula
A0A9P0MUV6	2	U-02	viridula	N. viridula
A0A9P0MUV7	1	U-01	viridula	N. viridula
A0A9P0MUW0	2	U-02	viridula	N. viridula
A0A9P0MUW1	4	U-04	viridula	N. viridula
A0A9P0MUW4	1	U-01	viridula	N. viridula
A0A9P0MUW6	2	U-02	viridula	N. viridula
A0A9P0MUW7	2	U-02	viridula	N. viridula
A0A9P0MUX0	3	U-03	viridula	N. viridula
A0A9P0MUX1	1	U-01	viridula	N. viridula
A0A9P0MUX4	1	U-01	viridula	N. viridula
A0A9P0MUX5	2	U-02	viridula	N. viridula
A0A9P0MUX8	1	U-01	viridula	N. viridula
A0A9P0MUX9	2	U-02	viridula	N. viridula
A0A9P0MUY1	1	U-01	viridula	N. viridula
A0A9P0MUY2	3	U-03	viridula	N. viridula
A0A9P0MUY4	1	U-01	viridula	N. viridula
A0A9P0MUY7	2	U-02	viridula	N. viridula
A0A9P0MUY8	0	unassigned	viridula	N. viridula
A0A9P0MUY9	1	U-01	viridula	N. viridula
A0A9P0MUZ0	3	U-03	viridula	N. viridula
A0A9P0MUZ1	2	U-02	viridula	N. viridula
A0A9P0MUZ2	1	U-01	viridula	N. viridula
A0A9P0MUZ3	1	U-01	viridula	N. viridula
A0A9P0MUZ5	1	U-01	viridula	N. viridula
A0A9P0MUZ6	1	U-01	viridula	N. viridula
A0A9P0MUZ7	2	U-02	viridula	N. viridula
A0A9P0MUZ9	1	U-01	viridula	N. viridula
A0A9P0MV02	1	U-01	viridula	N. viridula
A0A9P0MV04	2	U-02	viridula	N. viridula
A0A9P0MV05	0	unassigned	viridula	N. viridula
A0A9P0MV06	0	unassigned	viridula	N. viridula
A0A9P0MV07	1	U-01	viridula	N. viridula
A0A9P0MV08	3	U-03	viridula	N. viridula
A0A9P0MV10	1	U-01	viridula	N. viridula
A0A9P0MV13	2	U-02	viridula	N. viridula
A0A9P0MV14	1	U-01	viridula	N. viridula
A0A9P0MV15	2	U-02	viridula	N. viridula
A0A9P0MV16	1	U-01	viridula	N. viridula
A0A9P0MV19	2	U-02	viridula	N. viridula
A0A9P0MV20	1	U-01	viridula	N. viridula
A0A9P0MV22	1	U-01	viridula	N. viridula
A0A9P0MV23	2	U-02	viridula	N. viridula
A0A9P0MV24	0	unassigned	viridula	N. viridula
A0A9P0MV26	1	U-01	viridula	N. viridula
A0A9P0MV29	2	U-02	viridula	N. viridula
A0A9P0MV30	2	U-02	viridula	N. viridula
A0A9P0MV31	2	U-02	viridula	N. viridula
A0A9P0MV32	0	unassigned	viridula	N. viridula
A0A9P0MV34	1	U-01	viridula	N. viridula
A0A9P0MV36	2	U-02	viridula	N. viridula
A0A9P0MV37	1	U-01	viridula	N. viridula
A0A9P0MV43	4	U-04	viridula	N. viridula
A0A9P0MV44	1	U-01	viridula	N. viridula
A0A9P0MV45	2	U-02	viridula	N. viridula
A0A9P0MV46	2	U-02	viridula	N. viridula
A0A9P0MV47	1	U-01	viridula	N. viridula
A0A9P0MV48	1	U-01	viridula	N. viridula
A0A9P0MV50	1	U-01	viridula	N. viridula
A0A9P0MV54	1	U-01	viridula	N. viridula
A0A9P0MV55	2	U-02	viridula	N. viridula
A0A9P0MV56	2	U-02	viridula	N. viridula
A0A9P0MV58	2	U-02	viridula	N. viridula
A0A9P0MV60	2	U-02	viridula	N. viridula
A0A9P0MV61	2	U-02	viridula	N. viridula
A0A9P0MV63	1	U-01	viridula	N. viridula
A0A9P0MV64	1	U-01	viridula	N. viridula
A0A9P0MV66	2	U-02	viridula	N. viridula
A0A9P0MV71	1	U-01	viridula	N. viridula
A0A9P0MV72	1	U-01	viridula	N. viridula
A0A9P0MV74	1	U-01	viridula	N. viridula
A0A9P0MV76	1	U-01	viridula	N. viridula
A0A9P0MV77	1	U-01	viridula	N. viridula
A0A9P0MV78	2	U-02	viridula	N. viridula
A0A9P0MV80	1	U-01	viridula	N. viridula
A0A9P0MV81	2	U-02	viridula	N. viridula
A0A9P0MV82	3	U-03	viridula	N. viridula
A0A9P0MV83	0	unassigned	viridula	N. viridula
A0A9P0MV86	0	unassigned	viridula	N. viridula
A0A9P0MV87	2	U-02	viridula	N. viridula
A0A9P0MV90	1	U-01	viridula	N. viridula
A0A9P0MV91	1	U-01	viridula	N. viridula
A0A9P0MV93	1	U-01	viridula	N. viridula
A0A9P0MV94	0	unassigned	viridula	N. viridula
A0A9P0MV95	0	unassigned	viridula	N. viridula
A0A9P0MV97	3	U-03	viridula	N. viridula
A0A9P0MV98	1	U-01	viridula	N. viridula
A0A9P0MV99	3	U-03	viridula	N. viridula
A0A9P0MVA0	1	U-01	viridula	N. viridula
A0A9P0MVA5	1	U-01	viridula	N. viridula
A0A9P0MVA7	2	U-02	viridula	N. viridula
A0A9P0MVA8	1	U-01	viridula	N. viridula
A0A9P0MVB0	1	U-01	viridula	N. viridula
A0A9P0MVB1	3	U-03	viridula	N. viridula
A0A9P0MVB3	1	U-01	viridula	N. viridula
A0A9P0MVB5	0	unassigned	viridula	N. viridula
A0A9P0MVB6	1	U-01	viridula	N. viridula
A0A9P0MVB7	2	U-02	viridula	N. viridula
A0A9P0MVC2	1	U-01	viridula	N. viridula
A0A9P0MVC5	1	U-01	viridula	N. viridula
A0A9P0MVC6	0	unassigned	viridula	N. viridula
A0A9P0MVC9	1	U-01	viridula	N. viridula
A0A9P0MVD1	1	U-01	viridula	N. viridula
A0A9P0MVD2	1	U-01	viridula	N. viridula
A0A9P0MVD9	3	U-03	viridula	N. viridula
A0A9P0MVE0	1	U-01	viridula	N. viridula
A0A9P0MVE2	1	U-01	viridula	N. viridula
A0A9P0MVE3	1	U-01	viridula	N. viridula
A0A9P0MVE8	0	unassigned	viridula	N. viridula
A0A9P0MVF1	2	U-02	viridula	N. viridula
A0A9P0MVF2	2	U-02	viridula	N. viridula
A0A9P0MVF3	2	U-02	viridula	N. viridula
A0A9P0MVF6	3	U-03	viridula	N. viridula
A0A9P0MVF7	2	U-02	viridula	N. viridula
A0A9P0MVF8	2	U-02	viridula	N. viridula
A0A9P0MVG0	1	U-01	viridula	N. viridula
A0A9P0MVG1	1	U-01	viridula	N. viridula
A0A9P0MVG6	0	unassigned	viridula	N. viridula
A0A9P0MVG7	1	U-01	viridula	N. viridula
A0A9P0MVG9	1	U-01	viridula	N. viridula
A0A9P0MVH0	4	U-04	viridula	N. viridula
A0A9P0MVH1	1	U-01	viridula	N. viridula
A0A9P0MVH2	2	U-02	viridula	N. viridula
A0A9P0MVH4	3	U-03	viridula	N. viridula
A0A9P0MVH5	0	unassigned	viridula	N. viridula
A0A9P0MVH6	1	U-01	viridula	N. viridula
A0A9P0MVH9	1	U-01	viridula	N. viridula
A0A9P0MVI0	0	unassigned	viridula	N. viridula
A0A9P0MVI5	1	U-01	viridula	N. viridula
A0A9P0MVI6	1	U-01	viridula	N. viridula
A0A9P0MVI7	2	U-02	viridula	N. viridula
A0A9P0MVI9	1	U-01	viridula	N. viridula
A0A9P0MVJ0	2	U-02	viridula	N. viridula
A0A9P0MVJ2	1	U-01	viridula	N. viridula
A0A9P0MVJ4	1	U-01	viridula	N. viridula
A0A9P0MVJ5	4	U-04	viridula	N. viridula
A0A9P0MVJ6	4	U-04	viridula	N. viridula
A0A9P0MVJ7	1	U-01	viridula	N. viridula
A0A9P0MVK0	1	U-01	viridula	N. viridula
A0A9P0MVK1	2	U-02	viridula	N. viridula
A0A9P0MVK2	1	U-01	viridula	N. viridula
A0A9P0MVK4	2	U-02	viridula	N. viridula
A0A9P0MVK5	1	U-01	viridula	N. viridula
A0A9P0MVK6	2	U-02	viridula	N. viridula
A0A9P0MVK9	0	unassigned	viridula	N. viridula
A0A9P0MVL0	1	U-01	viridula	N. viridula
A0A9P0MVL1	2	U-02	viridula	N. viridula
A0A9P0MVL2	2	U-02	viridula	N. viridula
A0A9P0MVL4	1	U-01	viridula	N. viridula
A0A9P0MVL6	1	U-01	viridula	N. viridula
A0A9P0MVL8	2	U-02	viridula	N. viridula
A0A9P0MVL9	2	U-02	viridula	N. viridula
A0A9P0MVM0	0	unassigned	viridula	N. viridula
A0A9P0MVM3	3	U-03	viridula	N. viridula
A0A9P0MVM4	2	U-02	viridula	N. viridula
A0A9P0MVM8	0	unassigned	viridula	N. viridula
A0A9P0MVM9	2	U-02	viridula	N. viridula
A0A9P0MVN0	1	U-01	viridula	N. viridula
A0A9P0MVN1	1	U-01	viridula	N. viridula
A0A9P0MVN3	2	U-02	viridula	N. viridula
A0A9P0MVN4	1	U-01	viridula	N. viridula
A0A9P0MVN7	0	unassigned	viridula	N. viridula
A0A9P0MVN8	0	unassigned	viridula	N. viridula
A0A9P0MVN9	2	U-02	viridula	N. viridula
A0A9P0MVP2	1	U-01	viridula	N. viridula
A0A9P0MVP3	2	U-02	viridula	N. viridula
A0A9P0MVP4	2	U-02	viridula	N. viridula
A0A9P0MVP6	4	U-04	viridula	N. viridula
A0A9P0MVP9	2	U-02	viridula	N. viridula
A0A9P0MVQ1	2	U-02	viridula	N. viridula
A0A9P0MVQ2	0	unassigned	viridula	N. viridula
A0A9P0MVQ4	2	U-02	viridula	N. viridula
A0A9P0MVQ6	4	U-04	viridula	N. viridula
A0A9P0MVQ8	0	unassigned	viridula	N. viridula
A0A9P0MVQ9	1	U-01	viridula	N. viridula
A0A9P0MVR1	1	U-01	viridula	N. viridula
A0A9P0MVR2	0	unassigned	viridula	N. viridula
A0A9P0MVR7	1	U-01	viridula	N. viridula
A0A9P0MVR8	1	U-01	viridula	N. viridula
A0A9P0MVR9	2	U-02	viridula	N. viridula
A0A9P0MVS1	2	U-02	viridula	N. viridula
A0A9P0MVS2	1	U-01	viridula	N. viridula
A0A9P0MVS4	2	U-02	viridula	N. viridula
A0A9P0MVS9	3	U-03	viridula	N. viridula
A0A9P0MVT3	2	U-02	viridula	N. viridula
A0A9P0MVT6	4	U-04	viridula	N. viridula
A0A9P0MVT9	0	unassigned	viridula	N. viridula
A0A9P0MVU1	3	U-03	viridula	N. viridula
A0A9P0MVU2	1	U-01	viridula	N. viridula
A0A9P0MVU6	4	U-04	viridula	N. viridula
A0A9P0MVU7	1	U-01	viridula	N. viridula
A0A9P0MVU9	0	unassigned	viridula	N. viridula
A0A9P0MVV0	1	U-01	viridula	N. viridula
A0A9P0MVV1	2	U-02	viridula	N. viridula
A0A9P0MVV2	4	U-04	viridula	N. viridula
A0A9P0MVV3	1	U-01	viridula	N. viridula
A0A9P0MVV4	1	U-01	viridula	N. viridula
A0A9P0MVV6	0	unassigned	viridula	N. viridula
A0A9P0MVV7	0	unassigned	viridula	N. viridula
A0A9P0MVV9	1	U-01	viridula	N. viridula
A0A9P0MVW0	1	U-01	viridula	N. viridula
A0A9P0MVW1	1	U-01	viridula	N. viridula
A0A9P0MVW4	3	U-03	viridula	N. viridula
A0A9P0MVW5	1	U-01	viridula	N. viridula
A0A9P0MVW7	1	U-01	viridula	N. viridula
A0A9P0MVW9	1	U-01	viridula	N. viridula
A0A9P0MVX0	2	U-02	viridula	N. viridula
A0A9P0MVX1	2	U-02	viridula	N. viridula
A0A9P0MVX4	2	U-02	viridula	N. viridula
A0A9P0MVX5	2	U-02	viridula	N. viridula
A0A9P0MVX6	2	U-02	viridula	N. viridula
A0A9P0MVX8	0	unassigned	viridula	N. viridula
A0A9P0MVY0	1	U-01	viridula	N. viridula
A0A9P0MVY1	0	unassigned	viridula	N. viridula
A0A9P0MVY5	1	U-01	viridula	N. viridula
A0A9P0MVY7	2	U-02	viridula	N. viridula
A0A9P0MVY8	2	U-02	viridula	N. viridula
A0A9P0MVZ1	2	U-02	viridula	N. viridula
A0A9P0MVZ2	2	U-02	viridula	N. viridula
A0A9P0MVZ3	4	U-04	viridula	N. viridula
A0A9P0MVZ4	1	U-01	viridula	N. viridula
A0A9P0MVZ6	1	U-01	viridula	N. viridula
A0A9P0MVZ7	2	U-02	viridula	N. viridula
A0A9P0E616	1	U-01	viridula	N. viridula
A0A9P0E620	2	U-02	viridula	N. viridula
A0A9P0E621	1	U-01	viridula	N. viridula
A0A9P0E623	1	U-01	viridula	N. viridula
A0A9P0E624	1	U-01	viridula	N. viridula
A0A9P0E626	2	U-02	viridula	N. viridula
A0A9P0E629	1	U-01	viridula	N. viridula
A0A9P0E630	1	U-01	viridula	N. viridula
A0A9P0E631	2	U-02	viridula	N. viridula
A0A9P0E632	2	U-02	viridula	N. viridula
A0A9P0E634	1	U-01	viridula	N. viridula
A0A9P0E636	1	U-01	viridula	N. viridula
A0A9P0E637	1	U-01	viridula	N. viridula
A0A9P0E644	2	U-02	viridula	N. viridula
A0A9P0E645	0	unassigned	viridula	N. viridula
A0A9P0E647	2	U-02	viridula	N. viridula
A0A9P0E650	1	U-01	viridula	N. viridula
A0A9P0E651	3	U-03	viridula	N. viridula
A0A9P0E653	0	unassigned	viridula	N. viridula
A0A9P0E655	1	U-01	viridula	N. viridula
A0A9P0E657	1	U-01	viridula	N. viridula
A0A9P0E660	1	U-01	viridula	N. viridula
A0A9P0E664	0	unassigned	viridula	N. viridula
A0A9P0E665	0	unassigned	viridula	N. viridula
A0A9P0E666	1	U-01	viridula	N. viridula
A0A9P0E668	2	U-02	viridula	N. viridula
A0A9P0E671	1	U-01	viridula	N. viridula
A0A9P0E672	1	U-01	viridula	N. viridula
A0A9P0E674	0	unassigned	viridula	N. viridula
A0A9P0E675	2	U-02	viridula	N. viridula
A0A9P0E676	0	unassigned	viridula	N. viridula
A0A9P0E677	1	U-01	viridula	N. viridula
A0A9P0E679	1	U-01	viridula	N. viridula
A0A9P0E681	4	U-04	viridula	N. viridula
A0A9P0E682	3	U-03	viridula	N. viridula
A0A9P0E683	1	U-01	viridula	N. viridula
A0A9P0E686	2	U-02	viridula	N. viridula
A0A9P0E687	4	U-04	viridula	N. viridula
A0A9P0E688	1	U-01	viridula	N. viridula
A0A9P0E691	4	U-04	viridula	N. viridula
A0A9P0E693	0	unassigned	viridula	N. viridula
A0A9P0E697	1	U-01	viridula	N. viridula
A0A9P0E699	3	U-03	viridula	N. viridula
A0A9P0E6A2	1	U-01	viridula	N. viridula
A0A9P0E6A4	1	U-01	viridula	N. viridula
A0A9P0E6A6	1	U-01	viridula	N. viridula
A0A9P0E6A8	3	U-03	viridula	N. viridula
A0A9P0E6A9	1	U-01	viridula	N. viridula
A0A9P0E6B0	0	unassigned	viridula	N. viridula
A0A9P0E6B2	1	U-01	viridula	N. viridula
A0A9P0E6B3	1	U-01	viridula	N. viridula
A0A9P0E6B5	2	U-02	viridula	N. viridula
A0A9P0E6B7	2	U-02	viridula	N. viridula
A0A9P0E6B9	0	unassigned	viridula	N. viridula
A0A9P0E6C0	0	unassigned	viridula	N. viridula
A0A9P0E6C2	4	U-04	viridula	N. viridula
A0A9P0E6C3	2	U-02	viridula	N. viridula
A0A9P0E6C4	3	U-03	viridula	N. viridula
A0A9P0E6C7	0	unassigned	viridula	N. viridula
A0A9P0E6C8	2	U-02	viridula	N. viridula
A0A9P0E6C9	1	U-01	viridula	N. viridula
A0A9P0E6D0	0	unassigned	viridula	N. viridula
A0A9P0E6D1	1	U-01	viridula	N. viridula
A0A9P0E6D5	1	U-01	viridula	N. viridula
A0A9P0E6D6	2	U-02	viridula	N. viridula
A0A9P0E6D8	0	unassigned	viridula	N. viridula
A0A9P0E6E1	2	U-02	viridula	N. viridula
A0A9P0E6E4	2	U-02	viridula	N. viridula
A0A9P0E6E6	0	unassigned	viridula	N. viridula
A0A9P0E6E7	4	U-04	viridula	N. viridula
A0A9P0E6E8	3	U-03	viridula	N. viridula
A0A9P0E6F0	0	unassigned	viridula	N. viridula
A0A9P0E6F1	0	unassigned	viridula	N. viridula
A0A9P0E6F3	1	U-01	viridula	N. viridula
A0A9P0E6F4	1	U-01	viridula	N. viridula
A0A9P0E6F8	1	U-01	viridula	N. viridula
A0A9P0E6F9	1	U-01	viridula	N. viridula
A0A9P0E6G0	2	U-02	viridula	N. viridula
A0A9P0E6G1	1	U-01	viridula	N. viridula
A0A9P0E6G3	1	U-01	viridula	N. viridula
A0A9P0E6H0	1	U-01	viridula	N. viridula
A0A9P0E6H1	2	U-02	viridula	N. viridula
A0A9P0E6H4	1	U-01	viridula	N. viridula
A0A9P0E6H6	1	U-01	viridula	N. viridula
A0A9P0E6H7	1	U-01	viridula	N. viridula
A0A9P0E6H8	1	U-01	viridula	N. viridula
A0A9P0E6I1	0	unassigned	viridula	N. viridula
A0A9P0E6I2	2	U-02	viridula	N. viridula
A0A9P0E6I3	2	U-02	viridula	N. viridula
A0A9P0E6I4	1	U-01	viridula	N. viridula
A0A9P0E6I5	2	U-02	viridula	N. viridula
A0A9P0E6I6	1	U-01	viridula	N. viridula
A0A9P0E6I7	1	U-01	viridula	N. viridula
A0A9P0E6I8	1	U-01	viridula	N. viridula
A0A9P0E6J0	0	unassigned	viridula	N. viridula
A0A9P0E6J1	2	U-02	viridula	N. viridula
A0A9P0E6J2	3	U-03	viridula	N. viridula
A0A9P0E6J3	1	U-01	viridula	N. viridula
A0A9P0E6J4	4	U-04	viridula	N. viridula
A0A9P0E6J5	1	U-01	viridula	N. viridula
A0A9P0E6J6	3	U-03	viridula	N. viridula
A0A9P0E6J7	1	U-01	viridula	N. viridula
A0A9P0E6J8	0	unassigned	viridula	N. viridula
A0A9P0E6K2	2	U-02	viridula	N. viridula
A0A9P0E6K4	1	U-01	viridula	N. viridula
A0A9P0E6K5	3	U-03	viridula	N. viridula
A0A9P0E6K6	1	U-01	viridula	N. viridula
A0A9P0E6K8	1	U-01	viridula	N. viridula
A0A9P0E6K9	0	unassigned	viridula	N. viridula
A0A9P0E6L0	2	U-02	viridula	N. viridula
A0A9P0E6L1	2	U-02	viridula	N. viridula
A0A9P0E6L2	2	U-02	viridula	N. viridula
A0A9P0E6L3	0	unassigned	viridula	N. viridula
A0A9P0E6L4	0	unassigned	viridula	N. viridula
A0A9P0E6L5	4	U-04	viridula	N. viridula
A0A9P0E6L6	1	U-01	viridula	N. viridula
A0A9P0E6L8	0	unassigned	viridula	N. viridula
A0A9P0E6L9	2	U-02	viridula	N. viridula
A0A9P0E6M0	3	U-03	viridula	N. viridula
A0A9P0E6M2	3	U-03	viridula	N. viridula
A0A9P0E6M3	2	U-02	viridula	N. viridula
A0A9P0E6M4	1	U-01	viridula	N. viridula
A0A9P0E6M5	2	U-02	viridula	N. viridula
A0A9P0E6M6	1	U-01	viridula	N. viridula
A0A9P0E6M7	0	unassigned	viridula	N. viridula
A0A9P0E6M8	1	U-01	viridula	N. viridula
A0A9P0E6M9	1	U-01	viridula	N. viridula
A0A9P0E6N0	4	U-04	viridula	N. viridula
A0A9P0E6N1	3	U-03	viridula	N. viridula
A0A9P0E6N2	1	U-01	viridula	N. viridula
A0A9P0E6N4	2	U-02	viridula	N. viridula
A0A9P0E6N5	3	U-03	viridula	N. viridula
A0A9P0E6P2	1	U-01	viridula	N. viridula
A0A9P0E6P4	1	U-01	viridula	N. viridula
A0A9P0E6P5	2	U-02	viridula	N. viridula
A0A9P0E6P9	2	U-02	viridula	N. viridula
A0A9P0E6Q0	2	U-02	viridula	N. viridula
A0A9P0E6Q2	2	U-02	viridula	N. viridula
A0A9P0E6Q4	1	U-01	viridula	N. viridula
A0A9P0E6Q7	1	U-01	viridula	N. viridula
A0A9P0E6Q8	3	U-03	viridula	N. viridula
A0A9P0E6Q9	2	U-02	viridula	N. viridula
A0A9P0E6R0	4	U-04	viridula	N. viridula
A0A9P0E6R1	0	unassigned	viridula	N. viridula
A0A9P0E6R2	2	U-02	viridula	N. viridula
A0A9P0E6R3	2	U-02	viridula	N. viridula
A0A9P0E6R4	2	U-02	viridula	N. viridula
A0A9P0E6R5	1	U-01	viridula	N. viridula
A0A9P0E6R6	2	U-02	viridula	N. viridula
A0A9P0E6R9	1	U-01	viridula	N. viridula
A0A9P0E6S0	2	U-02	viridula	N. viridula
A0A9P0E6S5	1	U-01	viridula	N. viridula
A0A9P0E6S6	1	U-01	viridula	N. viridula
A0A9P0E6S8	0	unassigned	viridula	N. viridula
A0A9P0E6T2	2	U-02	viridula	N. viridula
A0A9P0E6T7	1	U-01	viridula	N. viridula
A0A9P0E6U0	1	U-01	viridula	N. viridula
A0A9P0E6U1	1	U-01	viridula	N. viridula
A0A9P0E6U2	0	unassigned	viridula	N. viridula
A0A9P0E6U3	1	U-01	viridula	N. viridula
A0A9P0E6U4	2	U-02	viridula	N. viridula
A0A9P0E6U5	1	U-01	viridula	N. viridula
A0A9P0E6U7	1	U-01	viridula	N. viridula
A0A9P0E6U8	1	U-01	viridula	N. viridula
A0A9P0E6V2	2	U-02	viridula	N. viridula
A0A9P0E6V3	1	U-01	viridula	N. viridula
A0A9P0E6V5	1	U-01	viridula	N. viridula
A0A9P0E6V8	1	U-01	viridula	N. viridula
A0A9P0E6V9	1	U-01	viridula	N. viridula
A0A9P0E6W3	1	U-01	viridula	N. viridula
A0A9P0E6W4	2	U-02	viridula	N. viridula
A0A9P0E6W6	2	U-02	viridula	N. viridula
A0A9P0E6W8	1	U-01	viridula	N. viridula
A0A9P0E6X0	1	U-01	viridula	N. viridula
A0A9P0E6X1	1	U-01	viridula	N. viridula
A0A9P0E6X3	1	U-01	viridula	N. viridula
A0A9P0E6X4	4	U-04	viridula	N. viridula
A0A9P0E6X5	2	U-02	viridula	N. viridula
A0A9P0E6X6	4	U-04	viridula	N. viridula
A0A9P0E6X7	2	U-02	viridula	N. viridula
A0A9P0E6X8	2	U-02	viridula	N. viridula
A0A9P0E6Y0	0	unassigned	viridula	N. viridula
A0A9P0E6Y1	2	U-02	viridula	N. viridula
A0A9P0E6Y2	0	unassigned	viridula	N. viridula
A0A9P0E6Y4	1	U-01	viridula	N. viridula
A0A9P0E6Y5	1	U-01	viridula	N. viridula
A0A9P0E6Y6	1	U-01	viridula	N. viridula
A0A9P0E6Y7	2	U-02	viridula	N. viridula
A0A9P0E6Y9	3	U-03	viridula	N. viridula
A0A9P0E6Z0	2	U-02	viridula	N. viridula
A0A9P0E6Z1	1	U-01	viridula	N. viridula
A0A9P0E6Z2	0	unassigned	viridula	N. viridula
A0A9P0E6Z4	0	unassigned	viridula	N. viridula
A0A9P0E6Z6	2	U-02	viridula	N. viridula
A0A9P0E6Z8	2	U-02	viridula	N. viridula
A0A9P0E6Z9	2	U-02	viridula	N. viridula
A0A9P0E702	1	U-01	viridula	N. viridula
A0A9P0E703	1	U-01	viridula	N. viridula
A0A9P0E707	1	U-01	viridula	N. viridula
A0A9P0E710	1	U-01	viridula	N. viridula
A0A9P0E711	1	U-01	viridula	N. viridula
A0A9P0E712	0	unassigned	viridula	N. viridula
A0A9P0E713	0	unassigned	viridula	N. viridula
A0A9P0E715	2	U-02	viridula	N. viridula
A0A9P0E716	0	unassigned	viridula	N. viridula
A0A9P0E717	4	U-04	viridula	N. viridula
A0A9P0E719	2	U-02	viridula	N. viridula
A0A9P0E720	1	U-01	viridula	N. viridula
A0A9P0E721	1	U-01	viridula	N. viridula
A0A9P0E722	1	U-01	viridula	N. viridula
A0A9P0E726	2	U-02	viridula	N. viridula
A0A9P0E727	4	U-04	viridula	N. viridula
A0A9P0E729	3	U-03	viridula	N. viridula
A0A9P0E730	2	U-02	viridula	N. viridula
A0A9P0E732	1	U-01	viridula	N. viridula
A0A9P0E733	1	U-01	viridula	N. viridula
A0A9P0E735	4	U-04	viridula	N. viridula
A0A9P0E737	1	U-01	viridula	N. viridula
A0A9P0E738	2	U-02	viridula	N. viridula
A0A9P0E742	1	U-01	viridula	N. viridula
A0A9P0E743	1	U-01	viridula	N. viridula
A0A9P0E748	0	unassigned	viridula	N. viridula
A0A9P0E749	2	U-02	viridula	N. viridula
A0A9P0E750	1	U-01	viridula	N. viridula
A0A9P0E751	1	U-01	viridula	N. viridula
A0A9P0E752	1	U-01	viridula	N. viridula
A0A9P0E753	0	unassigned	viridula	N. viridula
A0A9P0E755	2	U-02	viridula	N. viridula
A0A9P0E759	2	U-02	viridula	N. viridula
A0A9P0E760	2	U-02	viridula	N. viridula
A0A9P0E761	1	U-01	viridula	N. viridula
A0A9P0E762	4	U-04	viridula	N. viridula
A0A9P0E763	2	U-02	viridula	N. viridula
A0A9P0E764	0	unassigned	viridula	N. viridula
A0A9P0E765	0	unassigned	viridula	N. viridula
A0A9P0E767	1	U-01	viridula	N. viridula
A0A9P0E768	3	U-03	viridula	N. viridula
A0A9P0E771	1	U-01	viridula	N. viridula
A0A9P0E772	1	U-01	viridula	N. viridula
A0A9P0E775	1	U-01	viridula	N. viridula
A0A9P0E776	1	U-01	viridula	N. viridula
A0A9P0E780	1	U-01	viridula	N. viridula
A0A9P0E781	2	U-02	viridula	N. viridula
A0A9P0E783	1	U-01	viridula	N. viridula
A0A9P0E784	1	U-01	viridula	N. viridula
A0A9P0E786	1	U-01	viridula	N. viridula
A0A9P0E790	2	U-02	viridula	N. viridula
A0A9P0E791	1	U-01	viridula	N. viridula
A0A9P0E794	1	U-01	viridula	N. viridula
A0A9P0E796	3	U-03	viridula	N. viridula
A0A9P0E797	2	U-02	viridula	N. viridula
A0A9P0E798	1	U-01	viridula	N. viridula
A0A9P0E7A0	1	U-01	viridula	N. viridula
A0A9P0E7A3	1	U-01	viridula	N. viridula
A0A9P0E7A4	1	U-01	viridula	N. viridula
A0A9P0E7A5	2	U-02	viridula	N. viridula
A0A9P0E7A7	1	U-01	viridula	N. viridula
A0A9P0E7A8	1	U-01	viridula	N. viridula
A0A9P0E7B3	2	U-02	viridula	N. viridula
A0A9P0E7B4	1	U-01	viridula	N. viridula
A0A9P0MIY1	2	U-02	viridula	N. viridula
A0A9P0MIY3	2	U-02	viridula	N. viridula
A0A9P0MIY9	2	U-02	viridula	N. viridula
A0A9P0MIZ0	1	U-01	viridula	N. viridula
A0A9P0MJ02	3	U-03	viridula	N. viridula
A0A9P0MJ03	0	unassigned	viridula	N. viridula
A0A9P0MJ11	1	U-01	viridula	N. viridula
A0A9P0MJ13	1	U-01	viridula	N. viridula
A0A9P0MJ21	1	U-01	viridula	N. viridula
A0A9P0MJ22	1	U-01	viridula	N. viridula
A0A9P0MJ24	1	U-01	viridula	N. viridula
A0A9P0MJ31	1	U-01	viridula	N. viridula
A0A9P0MJ32	1	U-01	viridula	N. viridula
A0A9P0MJ35	1	U-01	viridula	N. viridula
A0A9P0MJ40	1	U-01	viridula	N. viridula
A0A9P0MJ42	2	U-02	viridula	N. viridula
A0A9P0MJ47	1	U-01	viridula	N. viridula
A0A9P0MJ51	1	U-01	viridula	N. viridula
A0A9P0MJ62	1	U-01	viridula	N. viridula
A0A9P0MJ67	1	U-01	viridula	N. viridula
A0A9P0MJ70	1	U-01	viridula	N. viridula
A0A9P0MJ87	1	U-01	viridula	N. viridula
A0A9P0MJ95	2	U-02	viridula	N. viridula
A0A9P0MJ98	1	U-01	viridula	N. viridula
A0A9P0MJA6	1	U-01	viridula	N. viridula
A0A9P0MJA9	2	U-02	viridula	N. viridula
A0A9P0MJB3	2	U-02	viridula	N. viridula
A0A9P0MJC9	0	unassigned	viridula	N. viridula
A0A9P0MJD2	1	U-01	viridula	N. viridula
A0A9P0MJD8	0	unassigned	viridula	N. viridula
A0A9P0MJE3	4	U-04	viridula	N. viridula
A0A9P0MJE4	2	U-02	viridula	N. viridula
A0A9P0MJF4	0	unassigned	viridula	N. viridula
A0A9P0MJG0	4	U-04	viridula	N. viridula
A0A9P0MJG2	1	U-01	viridula	N. viridula
A0A9P0MJG4	1	U-01	viridula	N. viridula
A0A9P0MJG7	4	U-04	viridula	N. viridula
A0A9P0MJH4	3	U-03	viridula	N. viridula
A0A9P0MJI0	2	U-02	viridula	N. viridula
A0A9P0MJI2	1	U-01	viridula	N. viridula
A0A9P0HV27	1	U-01	viridula	N. viridula
A0A9P0HV35	1	U-01	viridula	N. viridula
A0A9P0HV37	3	U-03	viridula	N. viridula
A0A9P0HV44	1	U-01	viridula	N. viridula
A0A9P0HV57	1	U-01	viridula	N. viridula
A0A9P0HV64	3	U-03	viridula	N. viridula
A0A9P0HV78	4	U-04	viridula	N. viridula
A0A9P0HV89	1	U-01	viridula	N. viridula
A0A9P0HV99	4	U-04	viridula	N. viridula
A0A9P0HVA5	1	U-01	viridula	N. viridula
A0A9P0HVB8	1	U-01	viridula	N. viridula
A0A9P0HVD6	1	U-01	viridula	N. viridula
A0A9P0HVE9	0	unassigned	viridula	N. viridula
A0A9P0HVF6	1	U-01	viridula	N. viridula
A0A9P0HVG4	4	U-04	viridula	N. viridula
A0A9P0HVG5	1	U-01	viridula	N. viridula
A0A9P0HVL3	1	U-01	viridula	N. viridula
A0A9P0HVQ6	4	U-04	viridula	N. viridula
A0A9P0HVR4	1	U-01	viridula	N. viridula
A0A9P0HVV9	1	U-01	viridula	N. viridula
A0A9P0HVY2	0	unassigned	viridula	N. viridula
A0A9P0HVZ3	1	U-01	viridula	N. viridula
A0A9P0MCS1	1	U-01	viridula	N. viridula
A0A9P0MCU7	0	unassigned	viridula	N. viridula
A0A9P0MCV6	0	unassigned	viridula	N. viridula
A0A9P0MCZ9	0	unassigned	viridula	N. viridula
A0A9P0MD08	4	U-04	viridula	N. viridula
A0A9P0MD17	1	U-01	viridula	N. viridula
A0A9P0MD26	4	U-04	viridula	N. viridula
A0A9P0MD35	1	U-01	viridula	N. viridula
A0A9P0MD45	1	U-01	viridula	N. viridula
A0A9P0MD80	1	U-01	viridula	N. viridula
A0A9P0MD89	1	U-01	viridula	N. viridula
A0A9P0MD99	3	U-03	viridula	N. viridula
A0A9P0MDB7	0	unassigned	viridula	N. viridula
A0A9P0MDF6	0	unassigned	viridula	N. viridula
A0A9P0MDU1	1	U-01	viridula	N. viridula
A0A9P0MDX8	1	U-01	viridula	N. viridula
A0A9P0MDY7	4	U-04	viridula	N. viridula
A0A9P0ME04	3	U-03	viridula	N. viridula
A0A9P0ME52	1	U-01	viridula	N. viridula
A0A9P0MEC2	1	U-01	viridula	N. viridula
A0A9P0MEF8	4	U-04	viridula	N. viridula
A0A9P0MEG7	1	U-01	viridula	N. viridula
A0A9P0MEK7	1	U-01	viridula	N. viridula
A0A9P0MEQ1	1	U-01	viridula	N. viridula
A0A9P0MEV1	1	U-01	viridula	N. viridula
A0A9P0MF36	1	U-01	viridula	N. viridula
A0A9P0MF48	1	U-01	viridula	N. viridula
A0A9P0MF64	0	unassigned	viridula	N. viridula
A0A9P0MFB6	1	U-01	viridula	N. viridula
A0A9P0MFC7	1	U-01	viridula	N. viridula
A0A9P0MFD8	1	U-01	viridula	N. viridula
A0A9P0MFE8	1	U-01	viridula	N. viridula
A0A9P0MFI4	1	U-01	viridula	N. viridula
A0A9P0MFJ4	4	U-04	viridula	N. viridula
A0A9P0MFL0	1	U-01	viridula	N. viridula
A0A9P0MFL6	4	U-04	viridula	N. viridula
A0A9P0MFP3	1	U-01	viridula	N. viridula
A0A9P0MFS2	1	U-01	viridula	N. viridula
A0A9P0MFY4	1	U-01	viridula	N. viridula
A0A9P0MFZ2	0	unassigned	viridula	N. viridula
A0A9P0MG28	3	U-03	viridula	N. viridula
A0A9P0MGA7	1	U-01	viridula	N. viridula
A0A9P0MGI2	3	U-03	viridula	N. viridula
A0A9P0MGT5	1	U-01	viridula	N. viridula
A0A9P0MGV3	1	U-01	viridula	N. viridula
A0A9P0MGZ3	1	U-01	viridula	N. viridula
A0A9P0MH07	1	U-01	viridula	N. viridula
A0A9P0MH17	1	U-01	viridula	N. viridula
A0A9P0MH30	1	U-01	viridula	N. viridula
A0A9P0MH39	4	U-04	viridula	N. viridula
A0A9P0MH60	4	U-04	viridula	N. viridula
A0A9P0MH63	1	U-01	viridula	N. viridula
A0A9P0MH71	1	U-01	viridula	N. viridula
A0A9P0MH99	1	U-01	viridula	N. viridula
A0A9P0MHB3	1	U-01	viridula	N. viridula
A0A9P0MHB5	1	U-01	viridula	N. viridula
A0A9P0MHC3	1	U-01	viridula	N. viridula
A0A9P0MHD4	1	U-01	viridula	N. viridula
A0A9P0MHD6	3	U-03	viridula	N. viridula
A0A9P0MHE4	0	unassigned	viridula	N. viridula
A0A9P0MHF5	0	unassigned	viridula	N. viridula
A0A9P0MHG3	1	U-01	viridula	N. viridula
A0A9P0MHI7	1	U-01	viridula	N. viridula
A0A9P0MHJ6	0	unassigned	viridula	N. viridula
A0A9P0MHK3	1	U-01	viridula	N. viridula
A0A9P0MHL2	1	U-01	viridula	N. viridula
A0A9P0MHM5	4	U-04	viridula	N. viridula
A0A9P0MHM8	1	U-01	viridula	N. viridula
A0A9P0MHN3	0	unassigned	viridula	N. viridula
A0A9P0MHP2	1	U-01	viridula	N. viridula
A0A9P0MHP3	1	U-01	viridula	N. viridula
A0A9P0MRJ5	1	U-01	viridula	N. viridula
A0A9P0MRJ6	1	U-01	viridula	N. viridula
A0A9P0MRJ8	3	U-03	viridula	N. viridula
A0A9P0MRK3	0	unassigned	viridula	N. viridula
A0A9P0MRK6	1	U-01	viridula	N. viridula
A0A9P0MRK7	1	U-01	viridula	N. viridula
A0A9P0MRK9	1	U-01	viridula	N. viridula
A0A9P0H145	0	unassigned	viridula	N. viridula
A0A9P0H146	1	U-01	viridula	N. viridula
A0A9P0H147	1	U-01	viridula	N. viridula
A0A9P0H148	2	U-02	viridula	N. viridula
A0A9P0H149	3	U-03	viridula	N. viridula
A0A9P0H150	1	U-01	viridula	N. viridula
A0A9P0H152	2	U-02	viridula	N. viridula
A0A9P0H153	1	U-01	viridula	N. viridula
A0A9P0H156	1	U-01	viridula	N. viridula
A0A9P0H158	2	U-02	viridula	N. viridula
A0A9P0H160	1	U-01	viridula	N. viridula
A0A9P0H162	1	U-01	viridula	N. viridula
A0A9P0H163	1	U-01	viridula	N. viridula
A0A9P0H165	1	U-01	viridula	N. viridula
A0A9P0H170	1	U-01	viridula	N. viridula
A0A9P0H172	2	U-02	viridula	N. viridula
A0A9P0H174	0	unassigned	viridula	N. viridula
A0A9P0H177	2	U-02	viridula	N. viridula
A0A9P0H179	1	U-01	viridula	N. viridula
A0A9P0H182	1	U-01	viridula	N. viridula
A0A9P0H183	1	U-01	viridula	N. viridula
A0A9P0H184	0	unassigned	viridula	N. viridula
A0A9P0H187	2	U-02	viridula	N. viridula
A0A9P0H188	1	U-01	viridula	N. viridula
A0A9P0H189	2	U-02	viridula	N. viridula
A0A9P0H190	1	U-01	viridula	N. viridula
A0A9P0H191	2	U-02	viridula	N. viridula
A0A9P0H192	2	U-02	viridula	N. viridula
A0A9P0H194	1	U-01	viridula	N. viridula
A0A9P0H195	1	U-01	viridula	N. viridula
A0A9P0H197	0	unassigned	viridula	N. viridula
A0A9P0H198	1	U-01	viridula	N. viridula
A0A9P0H1A0	4	U-04	viridula	N. viridula
A0A9P0H1A2	0	unassigned	viridula	N. viridula
A0A9P0H1A6	1	U-01	viridula	N. viridula
A0A9P0H1A7	3	U-03	viridula	N. viridula
A0A9P0H1A8	2	U-02	viridula	N. viridula
A0A9P0H1B0	1	U-01	viridula	N. viridula
A0A9P0H1B4	2	U-02	viridula	N. viridula
A0A9P0H1B5	1	U-01	viridula	N. viridula
A0A9P0H1B7	0	unassigned	viridula	N. viridula
A0A9P0H1B8	1	U-01	viridula	N. viridula
A0A9P0H1C0	2	U-02	viridula	N. viridula
A0A9P0H1C1	1	U-01	viridula	N. viridula
A0A9P0H1C5	1	U-01	viridula	N. viridula
A0A9P0H1C6	1	U-01	viridula	N. viridula
A0A9P0H1C8	1	U-01	viridula	N. viridula
A0A9P0H1C9	4	U-04	viridula	N. viridula
A0A9P0H1D0	0	unassigned	viridula	N. viridula
A0A9P0H1D2	0	unassigned	viridula	N. viridula
A0A9P0H1D3	1	U-01	viridula	N. viridula
A0A9P0H1D4	2	U-02	viridula	N. viridula
A0A9P0H1D7	1	U-01	viridula	N. viridula
A0A9P0H1D8	2	U-02	viridula	N. viridula
A0A9P0H1D9	4	U-04	viridula	N. viridula
A0A9P0H1E0	1	U-01	viridula	N. viridula
A0A9P0H1E1	0	unassigned	viridula	N. viridula
A0A9P0H1E3	0	unassigned	viridula	N. viridula
A0A9P0H1E5	4	U-04	viridula	N. viridula
A0A9P0H1E7	1	U-01	viridula	N. viridula
A0A9P0H1E8	2	U-02	viridula	N. viridula
A0A9P0H1F1	0	unassigned	viridula	N. viridula
A0A9P0H1F3	1	U-01	viridula	N. viridula
A0A9P0H1F4	2	U-02	viridula	N. viridula
A0A9P0H1F5	1	U-01	viridula	N. viridula
A0A9P0H1F6	0	unassigned	viridula	N. viridula
A0A9P0H1F7	4	U-04	viridula	N. viridula
A0A9P0H1F9	1	U-01	viridula	N. viridula
A0A9P0H1G0	1	U-01	viridula	N. viridula
A0A9P0H1G1	3	U-03	viridula	N. viridula
A0A9P0H1G4	3	U-03	viridula	N. viridula
A0A9P0H1G5	0	unassigned	viridula	N. viridula
A0A9P0H1G8	2	U-02	viridula	N. viridula
A0A9P0H1G9	2	U-02	viridula	N. viridula
A0A9P0H1H0	1	U-01	viridula	N. viridula
A0A9P0H1H1	2	U-02	viridula	N. viridula
A0A9P0H1H4	1	U-01	viridula	N. viridula
A0A9P0H1H8	1	U-01	viridula	N. viridula
A0A9P0H1H9	1	U-01	viridula	N. viridula
A0A9P0H1I1	1	U-01	viridula	N. viridula
A0A9P0H1I2	1	U-01	viridula	N. viridula
A0A9P0H1I4	0	unassigned	viridula	N. viridula
A0A9P0H1I5	2	U-02	viridula	N. viridula
A0A9P0H1I6	1	U-01	viridula	N. viridula
A0A9P0H1I7	3	U-03	viridula	N. viridula
A0A9P0H1I8	1	U-01	viridula	N. viridula
A0A9P0H1I9	2	U-02	viridula	N. viridula
A0A9P0H1J0	2	U-02	viridula	N. viridula
A0A9P0H1J1	1	U-01	viridula	N. viridula
A0A9P0H1J2	1	U-01	viridula	N. viridula
A0A9P0H1J4	1	U-01	viridula	N. viridula
A0A9P0H1J5	1	U-01	viridula	N. viridula
A0A9P0H1J6	2	U-02	viridula	N. viridula
A0A9P0H1J7	1	U-01	viridula	N. viridula
A0A9P0H1J8	1	U-01	viridula	N. viridula
A0A9P0H1J9	0	unassigned	viridula	N. viridula
A0A9P0H1K0	0	unassigned	viridula	N. viridula
A0A9P0H1K2	0	unassigned	viridula	N. viridula
A0A9P0H1K3	2	U-02	viridula	N. viridula
A0A9P0H1K4	1	U-01	viridula	N. viridula
A0A9P0HRH8	1	U-01	viridula	N. viridula
A0A9P0HRI3	1	U-01	viridula	N. viridula
A0A9P0HRI5	1	U-01	viridula	N. viridula
A0A9P0HRI6	1	U-01	viridula	N. viridula
A0A9P0HRI9	1	U-01	viridula	N. viridula
A0A9P0HRJ5	1	U-01	viridula	N. viridula
A0A9P0HMN3	2	U-02	viridula	N. viridula
A0A9P0HMN5	1	U-01	viridula	N. viridula
A0A9P0HMN6	2	U-02	viridula	N. viridula
A0A9P0HMN8	1	U-01	viridula	N. viridula
A0A9P0HMN9	1	U-01	viridula	N. viridula
A0A9P0HMP0	1	U-01	viridula	N. viridula
A0A9P0HMP2	2	U-02	viridula	N. viridula
A0A9P0HMP3	2	U-02	viridula	N. viridula
A0A9P0HMP4	2	U-02	viridula	N. viridula
A0A9P0HMP6	1	U-01	viridula	N. viridula
A0A9P0HMP7	2	U-02	viridula	N. viridula
A0A9P0HMP8	1	U-01	viridula	N. viridula
A0A9P0HMP9	2	U-02	viridula	N. viridula
A0A9P0HMQ0	2	U-02	viridula	N. viridula
A0A9P0HMQ1	3	U-03	viridula	N. viridula
A0A9P0HMQ3	1	U-01	viridula	N. viridula
A0A9P0HMQ4	2	U-02	viridula	N. viridula
A0A9P0HMQ6	2	U-02	viridula	N. viridula
A0A9P0HMQ7	1	U-01	viridula	N. viridula
A0A9P0HMQ8	2	U-02	viridula	N. viridula
A0A9P0HMQ9	1	U-01	viridula	N. viridula
A0A9P0HMR0	1	U-01	viridula	N. viridula
A0A9P0HMR1	2	U-02	viridula	N. viridula
A0A9P0HMR2	3	U-03	viridula	N. viridula
A0A9P0HMR3	1	U-01	viridula	N. viridula
A0A9P0HMR4	2	U-02	viridula	N. viridula
A0A9P0HMR5	2	U-02	viridula	N. viridula
A0A9P0HMR6	1	U-01	viridula	N. viridula
A0A9P0HMR8	1	U-01	viridula	N. viridula
A0A9P0HMS1	1	U-01	viridula	N. viridula
A0A9P0HMS5	2	U-02	viridula	N. viridula
A0A9P0HMS6	1	U-01	viridula	N. viridula
A0A9P0HMS7	1	U-01	viridula	N. viridula
A0A9P0HMS8	1	U-01	viridula	N. viridula
A0A9P0HMT0	4	U-04	viridula	N. viridula
A0A9P0HMT1	1	U-01	viridula	N. viridula
A0A9P0HMT2	2	U-02	viridula	N. viridula
A0A9P0HMT3	2	U-02	viridula	N. viridula
A0A9P0HMT4	2	U-02	viridula	N. viridula
A0A9P0HMT6	2	U-02	viridula	N. viridula
A0A9P0HMT7	2	U-02	viridula	N. viridula
A0A9P0HMT9	2	U-02	viridula	N. viridula
A0A9P0HMU1	4	U-04	viridula	N. viridula
A0A9P0HMU3	1	U-01	viridula	N. viridula
A0A9P0HMU7	1	U-01	viridula	N. viridula
A0A9P0HMU8	0	unassigned	viridula	N. viridula
A0A9P0HMV0	2	U-02	viridula	N. viridula
A0A9P0HMV3	2	U-02	viridula	N. viridula
A0A9P0HMV4	1	U-01	viridula	N. viridula
A0A9P0HMV5	1	U-01	viridula	N. viridula
A0A9P0HMV6	2	U-02	viridula	N. viridula
A0A9P0HMV7	1	U-01	viridula	N. viridula
A0A9P0HMV9	1	U-01	viridula	N. viridula
A0A9P0HMW0	1	U-01	viridula	N. viridula
A0A9P0HMW1	1	U-01	viridula	N. viridula
A0A9P0HMW2	3	U-03	viridula	N. viridula
A0A9P0HMW3	2	U-02	viridula	N. viridula
A0A9P0HMW4	1	U-01	viridula	N. viridula
A0A9P0HMW7	2	U-02	viridula	N. viridula
A0A9P0HMW8	2	U-02	viridula	N. viridula
A0A9P0HMW9	0	unassigned	viridula	N. viridula
A0A9P0HMX0	3	U-03	viridula	N. viridula
A0A9P0HMX1	1	U-01	viridula	N. viridula
A0A9P0HMX2	3	U-03	viridula	N. viridula
A0A9P0HMX3	3	U-03	viridula	N. viridula
A0A9P0HMX4	2	U-02	viridula	N. viridula
A0A9P0HMX6	1	U-01	viridula	N. viridula
A0A9P0HMX8	2	U-02	viridula	N. viridula
A0A9P0HMX9	3	U-03	viridula	N. viridula
A0A9P0HMY1	4	U-04	viridula	N. viridula
A0A9P0HMY3	2	U-02	viridula	N. viridula
A0A9P0HMY4	2	U-02	viridula	N. viridula
A0A9P0HMY5	1	U-01	viridula	N. viridula
A0A9P0HMY6	3	U-03	viridula	N. viridula
A0A9P0HMY7	1	U-01	viridula	N. viridula
A0A9P0HMY8	1	U-01	viridula	N. viridula
A0A9P0HMZ0	1	U-01	viridula	N. viridula
A0A9P0HMZ3	2	U-02	viridula	N. viridula
A0A9P0HMZ5	2	U-02	viridula	N. viridula
A0A9P0HMZ6	1	U-01	viridula	N. viridula
A0A9P0HMZ7	1	U-01	viridula	N. viridula
A0A9P0HMZ9	1	U-01	viridula	N. viridula
A0A9P0HN03	4	U-04	viridula	N. viridula
A0A9P0HN05	1	U-01	viridula	N. viridula
A0A9P0HN06	1	U-01	viridula	N. viridula
A0A9P0HN07	3	U-03	viridula	N. viridula
A0A9P0HN08	1	U-01	viridula	N. viridula
A0A9P0HN09	1	U-01	viridula	N. viridula
A0A9P0HN10	1	U-01	viridula	N. viridula
A0A9P0HN12	2	U-02	viridula	N. viridula
A0A9P0HN13	2	U-02	viridula	N. viridula
A0A9P0HN14	1	U-01	viridula	N. viridula
A0A9P0HN15	3	U-03	viridula	N. viridula
A0A9P0HN16	1	U-01	viridula	N. viridula
A0A9P0EIY1	1	U-01	viridula	N. viridula
A0A9P0EIY7	1	U-01	viridula	N. viridula
A0A9P0EJ10	3	U-03	viridula	N. viridula
A0A9P0EJ32	1	U-01	viridula	N. viridula
A0A9P0GUH4	1	U-01	viridula	N. viridula
A0A9P0GUH9	2	U-02	viridula	N. viridula
A0A9P0GUL3	1	U-01	viridula	N. viridula
A0A9P0GUM2	1	U-01	viridula	N. viridula
A0A9P0GUN8	1	U-01	viridula	N. viridula
A0A9P0GUP8	1	U-01	viridula	N. viridula
A0A9P0GUQ3	2	U-02	viridula	N. viridula
A0A9P0GUR4	1	U-01	viridula	N. viridula
A0A9P0GUR9	2	U-02	viridula	N. viridula
A0A9P0GUS5	1	U-01	viridula	N. viridula
A0A9P0GUT0	1	U-01	viridula	N. viridula
A0A9P0GUU0	1	U-01	viridula	N. viridula
A0A9P0GUV0	1	U-01	viridula	N. viridula
A0A9P0GUV5	1	U-01	viridula	N. viridula
A0A9P0GUV9	2	U-02	viridula	N. viridula
A0A9P0GUW9	2	U-02	viridula	N. viridula
A0A9P0GUY4	1	U-01	viridula	N. viridula
A0A9P0GUY9	2	U-02	viridula	N. viridula
A0A9P0GUZ4	3	U-03	viridula	N. viridula
A0A9P0GV04	1	U-01	viridula	N. viridula
A0A9P0GV19	1	U-01	viridula	N. viridula
A0A9P0GV24	1	U-01	viridula	N. viridula
A0A9P0GV29	1	U-01	viridula	N. viridula
A0A9P0GV38	2	U-02	viridula	N. viridula
A0A9P0GV58	2	U-02	viridula	N. viridula
A0A9P0GV74	1	U-01	viridula	N. viridula
A0A9P0GV78	0	unassigned	viridula	N. viridula
A0A9P0GV88	1	U-01	viridula	N. viridula
A0A9P0GV92	1	U-01	viridula	N. viridula
A0A9P0GV98	0	unassigned	viridula	N. viridula
A0A9P0GVA3	1	U-01	viridula	N. viridula
A0A9P0GVA7	2	U-02	viridula	N. viridula
A0A9P0GVB2	2	U-02	viridula	N. viridula
A0A9P0GVC9	1	U-01	viridula	N. viridula
A0A9P0GVD8	1	U-01	viridula	N. viridula
A0A9P0GVE8	3	U-03	viridula	N. viridula
A0A9P0GVF9	1	U-01	viridula	N. viridula
A0A9P0GVG4	1	U-01	viridula	N. viridula
A0A9P0GVG9	2	U-02	viridula	N. viridula
A0A9P0GVH4	0	unassigned	viridula	N. viridula
A0A9P0GVI0	1	U-01	viridula	N. viridula
A0A9P0GVI5	1	U-01	viridula	N. viridula
A0A9P0GVJ9	2	U-02	viridula	N. viridula
A0A9P0GVK4	2	U-02	viridula	N. viridula
A0A9P0GVL4	2	U-02	viridula	N. viridula
A0A9P0GVL9	1	U-01	viridula	N. viridula
A0A9P0GVM4	1	U-01	viridula	N. viridula
A0A9P0GVP6	4	U-04	viridula	N. viridula
A0A9P0GVP9	4	U-04	viridula	N. viridula
A0A9P0GVQ9	1	U-01	viridula	N. viridula
A0A9P0GVR5	1	U-01	viridula	N. viridula
A0A9P0GVU6	1	U-01	viridula	N. viridula
A0A9P0GVV3	2	U-02	viridula	N. viridula
A0A9P0GVW6	1	U-01	viridula	N. viridula
A0A9P0GVY2	1	U-01	viridula	N. viridula
A0A9P0GVY7	1	U-01	viridula	N. viridula
A0A9P0GVZ3	1	U-01	viridula	N. viridula
A0A9P0GW03	1	U-01	viridula	N. viridula
A0A9P0GW14	2	U-02	viridula	N. viridula
A0A9P0GW24	2	U-02	viridula	N. viridula
A0A9P0GW31	1	U-01	viridula	N. viridula
A0A9P0GW52	0	unassigned	viridula	N. viridula
A0A9P0GW62	1	U-01	viridula	N. viridula
A0A9P0GW76	1	U-01	viridula	N. viridula
A0A9P0GW86	1	U-01	viridula	N. viridula
A0A9P0GW91	1	U-01	viridula	N. viridula
A0A9P0GW96	1	U-01	viridula	N. viridula
A0A9P0GW99	1	U-01	viridula	N. viridula
A0A9P0GWA4	1	U-01	viridula	N. viridula
A0A9P0GWA6	2	U-02	viridula	N. viridula
A0A9P0GWB1	4	U-04	viridula	N. viridula
A0A9P0GWB4	0	unassigned	viridula	N. viridula
A0A9P0GWB6	1	U-01	viridula	N. viridula
A0A9P0GWC1	2	U-02	viridula	N. viridula
A0A9P0GWC6	2	U-02	viridula	N. viridula
A0A9P0GWD0	2	U-02	viridula	N. viridula
A0A9P0GWD1	1	U-01	viridula	N. viridula
A0A9P0GWD6	1	U-01	viridula	N. viridula
A0A9P0GWD9	1	U-01	viridula	N. viridula
A0A9P0GWE0	1	U-01	viridula	N. viridula
A0A9P0GWE4	1	U-01	viridula	N. viridula
A0A9P0GWE5	1	U-01	viridula	N. viridula
A0A9P0GWE9	2	U-02	viridula	N. viridula
A0A9P0GWF0	1	U-01	viridula	N. viridula
A0A9P0GWF4	1	U-01	viridula	N. viridula
A0A9P0GWF5	1	U-01	viridula	N. viridula
A0A9P0GWF9	1	U-01	viridula	N. viridula
A0A9P0GWG4	1	U-01	viridula	N. viridula
A0A9P0GWG7	4	U-04	viridula	N. viridula
A0A9P0GWG9	1	U-01	viridula	N. viridula
A0A9P0GWH8	1	U-01	viridula	N. viridula
A0A9P0GWI3	2	U-02	viridula	N. viridula
A0A9P0GWI6	1	U-01	viridula	N. viridula
A0A9P0GWI8	1	U-01	viridula	N. viridula
A0A9P0GWJ3	1	U-01	viridula	N. viridula
A0A9P0GWJ4	1	U-01	viridula	N. viridula
A0A9P0HRY7	1	U-01	viridula	N. viridula
A0A9P0HRY9	1	U-01	viridula	N. viridula
A0A9P0HRZ1	1	U-01	viridula	N. viridula
A0A9P0HRZ2	1	U-01	viridula	N. viridula
A0A9P0HRZ3	1	U-01	viridula	N. viridula
A0A9P0HRZ4	1	U-01	viridula	N. viridula
A0A9P0HRZ6	4	U-04	viridula	N. viridula
A0A9P0HRZ9	3	U-03	viridula	N. viridula
A0A9P0HS02	1	U-01	viridula	N. viridula
A0A9P0HS04	3	U-03	viridula	N. viridula
A0A9P0HS07	0	unassigned	viridula	N. viridula
A0A9P0HS09	3	U-03	viridula	N. viridula
A0A9P0HS12	3	U-03	viridula	N. viridula
A0A9P0HS18	1	U-01	viridula	N. viridula
A0A9P0HS23	1	U-01	viridula	N. viridula
A0A9P0HS25	1	U-01	viridula	N. viridula
A0A9P0HS27	4	U-04	viridula	N. viridula
A0A9P0HS28	4	U-04	viridula	N. viridula
A0A9P0HS29	1	U-01	viridula	N. viridula
A0A9P0HS37	1	U-01	viridula	N. viridula
A0A9P0HS40	1	U-01	viridula	N. viridula
A0A9P0HS44	1	U-01	viridula	N. viridula
A0A9P0HS49	1	U-01	viridula	N. viridula
A0A9P0HS51	1	U-01	viridula	N. viridula
A0A9P0HS52	1	U-01	viridula	N. viridula
A0A9P0HS59	1	U-01	viridula	N. viridula
A0A9P0HS63	0	unassigned	viridula	N. viridula
A0A9P0HS72	1	U-01	viridula	N. viridula
A0A9P0HS73	1	U-01	viridula	N. viridula
A0A9P0HS76	4	U-04	viridula	N. viridula
A0A9P0HS83	1	U-01	viridula	N. viridula
A0A9P0HS84	1	U-01	viridula	N. viridula
A0A9P0HS85	3	U-03	viridula	N. viridula
A0A9P0HS90	1	U-01	viridula	N. viridula
A0A9P0HS97	3	U-03	viridula	N. viridula
A0A9P0HS99	1	U-01	viridula	N. viridula
A0A9P0HSA0	3	U-03	viridula	N. viridula
A0A9P0HSA4	1	U-01	viridula	N. viridula
A0A9P0HSA6	1	U-01	viridula	N. viridula
A0A9P0HSA9	1	U-01	viridula	N. viridula
A0A9P0HSB4	1	U-01	viridula	N. viridula
A0A9P0HSB9	1	U-01	viridula	N. viridula
A0A9P0HSC0	1	U-01	viridula	N. viridula
A0A9P0HSC7	0	unassigned	viridula	N. viridula
A0A9P0HSC9	1	U-01	viridula	N. viridula
A0A9P0HSD1	1	U-01	viridula	N. viridula
A0A9P0HSD6	1	U-01	viridula	N. viridula
A0A9P0HSD8	4	U-04	viridula	N. viridula
A0A9P0HSE1	1	U-01	viridula	N. viridula
A0A9P0HSE3	4	U-04	viridula	N. viridula
A0A9P0HSE4	1	U-01	viridula	N. viridula
A0A9P0HSE5	1	U-01	viridula	N. viridula
A0A9P0HSE7	1	U-01	viridula	N. viridula
A0A9P0HSE9	1	U-01	viridula	N. viridula
A0A9P0HSF0	1	U-01	viridula	N. viridula
A0A9P0HSF6	1	U-01	viridula	N. viridula
A0A9P0HSF7	3	U-03	viridula	N. viridula
A0A9P0HSF8	0	unassigned	viridula	N. viridula
A0A9P0HSG0	3	U-03	viridula	N. viridula
A0A9P0H4V4	1	U-01	viridula	N. viridula
A0A9P0H4V5	3	U-03	viridula	N. viridula
A0A9P0H4V9	1	U-01	viridula	N. viridula
A0A9P0H4W0	1	U-01	viridula	N. viridula
A0A9P0H4W1	1	U-01	viridula	N. viridula
A0A9P0H4W2	0	unassigned	viridula	N. viridula
A0A9P0H4W3	1	U-01	viridula	N. viridula
A0A9P0H4W4	2	U-02	viridula	N. viridula
A0A9P0H4W5	4	U-04	viridula	N. viridula
A0A9P0H4W6	2	U-02	viridula	N. viridula
A0A9P0H4W7	2	U-02	viridula	N. viridula
A0A9P0H4W8	1	U-01	viridula	N. viridula
A0A9P0H4X3	2	U-02	viridula	N. viridula
A0A9P0H4X4	2	U-02	viridula	N. viridula
A0A9P0H4X5	1	U-01	viridula	N. viridula
A0A9P0H4X7	1	U-01	viridula	N. viridula
A0A9P0H4Y0	1	U-01	viridula	N. viridula
A0A9P0H4Y1	2	U-02	viridula	N. viridula
A0A9P0H4Y2	2	U-02	viridula	N. viridula
A0A9P0H4Y3	0	unassigned	viridula	N. viridula
A0A9P0H4Y4	1	U-01	viridula	N. viridula
A0A9P0H4Y5	2	U-02	viridula	N. viridula
A0A9P0H4Y7	2	U-02	viridula	N. viridula
A0A9P0H4Y8	1	U-01	viridula	N. viridula
A0A9P0H4Z0	3	U-03	viridula	N. viridula
A0A9P0H4Z1	0	unassigned	viridula	N. viridula
A0A9P0H4Z2	1	U-01	viridula	N. viridula
A0A9P0H4Z3	2	U-02	viridula	N. viridula
A0A9P0H4Z5	1	U-01	viridula	N. viridula
A0A9P0H4Z6	0	unassigned	viridula	N. viridula
A0A9P0H4Z7	1	U-01	viridula	N. viridula
A0A9P0H4Z8	1	U-01	viridula	N. viridula
A0A9P0H4Z9	2	U-02	viridula	N. viridula
A0A9P0H500	2	U-02	viridula	N. viridula
A0A9P0H501	2	U-02	viridula	N. viridula
A0A9P0H502	1	U-01	viridula	N. viridula
A0A9P0H514	2	U-02	viridula	N. viridula
A0A9P0H516	2	U-02	viridula	N. viridula
A0A9P0H517	2	U-02	viridula	N. viridula
A0A9P0H518	2	U-02	viridula	N. viridula
A0A9P0H519	2	U-02	viridula	N. viridula
A0A9P0HRE5	1	U-01	viridula	N. viridula
A0A9P0HRE7	1	U-01	viridula	N. viridula
A0A9P0HRE8	0	unassigned	viridula	N. viridula
A0A9P0HRE9	1	U-01	viridula	N. viridula
A0A9P0HRF0	0	unassigned	viridula	N. viridula
A0A9P0HRF1	1	U-01	viridula	N. viridula
A0A9P0HRF2	2	U-02	viridula	N. viridula
A0A9P0HRF3	4	U-04	viridula	N. viridula
A0A9P0HRF4	1	U-01	viridula	N. viridula
A0A9P0HRF5	1	U-01	viridula	N. viridula
A0A9P0HRF9	1	U-01	viridula	N. viridula
A0A9P0HRG1	3	U-03	viridula	N. viridula
A0A9P0HRG2	2	U-02	viridula	N. viridula
A0A9P0HRG3	1	U-01	viridula	N. viridula
A0A9P0HRG4	2	U-02	viridula	N. viridula
A0A9P0HRG5	1	U-01	viridula	N. viridula
A0A9P0HRG8	0	unassigned	viridula	N. viridula
A0A9P0HRH0	1	U-01	viridula	N. viridula
A0A9P0HRH3	1	U-01	viridula	N. viridula
A0A9P0HRH4	0	unassigned	viridula	N. viridula
A0A9P0HRH6	1	U-01	viridula	N. viridula
A0A9P0HRH7	1	U-01	viridula	N. viridula
A0A9P0HRH9	4	U-04	viridula	N. viridula
A0A9P0HRI1	1	U-01	viridula	N. viridula
A0A9P0HRI2	1	U-01	viridula	N. viridula
A0A9P0HRI4	0	unassigned	viridula	N. viridula
A0A9P0HRI7	3	U-03	viridula	N. viridula
A0A9P0HRI8	2	U-02	viridula	N. viridula
A0A9P0HRJ0	3	U-03	viridula	N. viridula
A0A9P0HRJ1	2	U-02	viridula	N. viridula
A0A9P0HRJ2	2	U-02	viridula	N. viridula
A0A9P0HRJ3	2	U-02	viridula	N. viridula
A0A9P0HRJ4	1	U-01	viridula	N. viridula
A0A9P0HRJ6	1	U-01	viridula	N. viridula
A0A9P0HRJ7	1	U-01	viridula	N. viridula
A0A9P0HRJ8	2	U-02	viridula	N. viridula
A0A9P0HRK1	1	U-01	viridula	N. viridula
A0A9P0HRK2	1	U-01	viridula	N. viridula
A0A9P0HRK3	1	U-01	viridula	N. viridula
A0A9P0HRK5	3	U-03	viridula	N. viridula
A0A9P0HRK6	2	U-02	viridula	N. viridula
A0A9P0HRK7	2	U-02	viridula	N. viridula
A0A9P0HRK9	2	U-02	viridula	N. viridula
A0A9P0HRL0	0	unassigned	viridula	N. viridula
A0A9P0HRL3	0	unassigned	viridula	N. viridula
A0A9P0HRL4	1	U-01	viridula	N. viridula
A0A9P0HRL5	2	U-02	viridula	N. viridula
A0A9P0HRL6	3	U-03	viridula	N. viridula
A0A9P0HRL7	1	U-01	viridula	N. viridula
A0A9P0HRL9	0	unassigned	viridula	N. viridula
A0A9P0HRM2	1	U-01	viridula	N. viridula
A0A9P0HRM3	2	U-02	viridula	N. viridula
A0A9P0HRM4	1	U-01	viridula	N. viridula
A0A9P0HRM5	3	U-03	viridula	N. viridula
A0A9P0HRM6	2	U-02	viridula	N. viridula
A0A9P0HRM7	1	U-01	viridula	N. viridula
A0A9P0HRN1	3	U-03	viridula	N. viridula
A0A9P0HRN2	2	U-02	viridula	N. viridula
A0A9P0HRN4	1	U-01	viridula	N. viridula
A0A9P0HRN5	1	U-01	viridula	N. viridula
A0A9P0HRN7	2	U-02	viridula	N. viridula
A0A9P0HRP1	0	unassigned	viridula	N. viridula
A0A9P0HRP2	2	U-02	viridula	N. viridula
A0A9P0HRP4	2	U-02	viridula	N. viridula
A0A9P0HRP5	2	U-02	viridula	N. viridula
A0A9P0HRP6	4	U-04	viridula	N. viridula
A0A9P0HRP7	1	U-01	viridula	N. viridula
A0A9P0HRQ0	1	U-01	viridula	N. viridula
A0A9P0HRQ2	2	U-02	viridula	N. viridula
A0A9P0HRQ4	0	unassigned	viridula	N. viridula
A0A9P0HRQ5	3	U-03	viridula	N. viridula
A0A9P0HRQ6	2	U-02	viridula	N. viridula
A0A9P0HRQ7	1	U-01	viridula	N. viridula
A0A9P0HRR0	1	U-01	viridula	N. viridula
A0A9P0HRR1	1	U-01	viridula	N. viridula
A0A9P0HRR3	3	U-03	viridula	N. viridula
A0A9P0HRR6	3	U-03	viridula	N. viridula
A0A9P0HRR7	1	U-01	viridula	N. viridula
A0A9P0HRR8	1	U-01	viridula	N. viridula
A0A9P0HRR9	2	U-02	viridula	N. viridula
A0A9P0HRS0	1	U-01	viridula	N. viridula
A0A9P0HRS1	1	U-01	viridula	N. viridula
A0A9P0HRS2	0	unassigned	viridula	N. viridula
A0A9P0HRS3	1	U-01	viridula	N. viridula
A0A9P0HRS4	0	unassigned	viridula	N. viridula
A0A9P0HRS6	1	U-01	viridula	N. viridula
A0A9P0HRS8	4	U-04	viridula	N. viridula
A0A9P0HRT4	2	U-02	viridula	N. viridula
A0A9P0HRT5	1	U-01	viridula	N. viridula
A0A9P0HRT8	2	U-02	viridula	N. viridula
A0A9P0HRT9	1	U-01	viridula	N. viridula
A0A9P0HRU0	1	U-01	viridula	N. viridula
A0A9P0HRU1	3	U-03	viridula	N. viridula
A0A9P0HRU2	2	U-02	viridula	N. viridula
A0A9P0HRU4	1	U-01	viridula	N. viridula
A0A9P0HRU5	1	U-01	viridula	N. viridula
A0A9P0HRU7	1	U-01	viridula	N. viridula
A0A9P0HRU8	1	U-01	viridula	N. viridula
A0A9P0HRU9	1	U-01	viridula	N. viridula
A0A9P0HRV1	2	U-02	viridula	N. viridula
A0A9P0HSR7	0	unassigned	viridula	N. viridula
A0A9P0HSR8	1	U-01	viridula	N. viridula
A0A9P0HSR9	2	U-02	viridula	N. viridula
A0A9P0HSS0	0	unassigned	viridula	N. viridula
A0A9P0HSS1	2	U-02	viridula	N. viridula
A0A9P0HSS2	4	U-04	viridula	N. viridula
A0A9P0HSS3	2	U-02	viridula	N. viridula
A0A9P0HSS4	2	U-02	viridula	N. viridula
A0A9P0HSS5	2	U-02	viridula	N. viridula
A0A9P0HSS9	4	U-04	viridula	N. viridula
A0A9P0HST0	1	U-01	viridula	N. viridula
A0A9P0HST1	1	U-01	viridula	N. viridula
A0A9P0HST2	1	U-01	viridula	N. viridula
A0A9P0HST3	1	U-01	viridula	N. viridula
A0A9P0HST4	4	U-04	viridula	N. viridula
A0A9P0HST5	0	unassigned	viridula	N. viridula
A0A9P0HST6	3	U-03	viridula	N. viridula
A0A9P0HST7	1	U-01	viridula	N. viridula
A0A9P0HST8	2	U-02	viridula	N. viridula
A0A9P0HST9	1	U-01	viridula	N. viridula
A0A9P0HSU3	4	U-04	viridula	N. viridula
A0A9P0HSU5	2	U-02	viridula	N. viridula
A0A9P0HSU7	3	U-03	viridula	N. viridula
A0A9P0HSU8	1	U-01	viridula	N. viridula
A0A9P0HSV0	0	unassigned	viridula	N. viridula
A0A9P0HSV5	2	U-02	viridula	N. viridula
A0A9P0HSV7	0	unassigned	viridula	N. viridula
A0A9P0HSV9	0	unassigned	viridula	N. viridula
A0A9P0HSW0	1	U-01	viridula	N. viridula
A0A9P0HSW2	1	U-01	viridula	N. viridula
A0A9P0HSW3	1	U-01	viridula	N. viridula
A0A9P0HSW4	2	U-02	viridula	N. viridula
A0A9P0HSW5	1	U-01	viridula	N. viridula
A0A9P0HSW8	2	U-02	viridula	N. viridula
A0A9P0HSW9	1	U-01	viridula	N. viridula
A0A9P0HSX1	2	U-02	viridula	N. viridula
A0A9P0HSX4	1	U-01	viridula	N. viridula
A0A9P0HSX7	1	U-01	viridula	N. viridula
A0A9P0HSX8	1	U-01	viridula	N. viridula
A0A9P0HSX9	0	unassigned	viridula	N. viridula
A0A9P0HSY3	0	unassigned	viridula	N. viridula
A0A9P0HSY8	1	U-01	viridula	N. viridula
A0A9P0HSZ0	2	U-02	viridula	N. viridula
A0A9P0HSZ1	2	U-02	viridula	N. viridula
A0A9P0HSZ3	4	U-04	viridula	N. viridula
A0A9P0HSZ5	1	U-01	viridula	N. viridula
A0A9P0HSZ7	2	U-02	viridula	N. viridula
A0A9P0E5A0	1	U-01	viridula	N. viridula
A0A9P0E5A1	0	unassigned	viridula	N. viridula
A0A9P0E5A9	4	U-04	viridula	N. viridula
A0A9P0E5B9	1	U-01	viridula	N. viridula
A0A9P0E5C4	0	unassigned	viridula	N. viridula
A0A9P0E5C5	1	U-01	viridula	N. viridula
A0A9P0E5C8	1	U-01	viridula	N. viridula
A0A9P0E5D8	1	U-01	viridula	N. viridula
A0A9P0E5E8	1	U-01	viridula	N. viridula
A0A9P0E5F0	1	U-01	viridula	N. viridula
A0A9P0E5G1	0	unassigned	viridula	N. viridula
A0A9P0E5G7	1	U-01	viridula	N. viridula
A0A9P0E5H0	1	U-01	viridula	N. viridula
A0A9P0E5H6	0	unassigned	viridula	N. viridula
A0A9P0E5I3	0	unassigned	viridula	N. viridula
A0A9P0E5I5	3	U-03	viridula	N. viridula
A0A9P0E5I6	1	U-01	viridula	N. viridula
A0A9P0E5I8	2	U-02	viridula	N. viridula
A0A9P0E5J0	4	U-04	viridula	N. viridula
A0A9P0E5J8	0	unassigned	viridula	N. viridula
A0A9P0E5J9	3	U-03	viridula	N. viridula
A0A9P0E5K9	1	U-01	viridula	N. viridula
A0A9P0E5L8	1	U-01	viridula	N. viridula
A0A9P0E5M3	0	unassigned	viridula	N. viridula
A0A9P0E5M8	1	U-01	viridula	N. viridula
A0A9P0E5P0	4	U-04	viridula	N. viridula
A0A9P0E5P3	1	U-01	viridula	N. viridula
A0A9P0E5P4	1	U-01	viridula	N. viridula
A0A9P0E5P8	0	unassigned	viridula	N. viridula
A0A9P0E5P9	1	U-01	viridula	N. viridula
A0A9P0E5Q3	4	U-04	viridula	N. viridula
A0A9P0E5Q8	1	U-01	viridula	N. viridula
A0A9P0E5Q9	3	U-03	viridula	N. viridula
A0A9P0E5R4	1	U-01	viridula	N. viridula
A0A9P0E5R6	1	U-01	viridula	N. viridula
A0A9P0E5R8	1	U-01	viridula	N. viridula
A0A9P0E5S0	3	U-03	viridula	N. viridula
A0A9P0E5S3	1	U-01	viridula	N. viridula
A0A9P0E5S6	3	U-03	viridula	N. viridula
A0A9P0E5S9	1	U-01	viridula	N. viridula
A0A9P0E5T2	1	U-01	viridula	N. viridula
A0A9P0E5T7	4	U-04	viridula	N. viridula
A0A9P0E5T8	1	U-01	viridula	N. viridula
A0A9P0E5U8	3	U-03	viridula	N. viridula
A0A9P0E5U9	1	U-01	viridula	N. viridula
A0A9P0E5V1	1	U-01	viridula	N. viridula
A0A9P0E5V7	1	U-01	viridula	N. viridula
A0A9P0E5V8	1	U-01	viridula	N. viridula
A0A9P0E5W5	1	U-01	viridula	N. viridula
A0A9P0E5W9	3	U-03	viridula	N. viridula
A0A9P0E5X0	1	U-01	viridula	N. viridula
A0A9P0E5X8	3	U-03	viridula	N. viridula
A0A9P0E5X9	1	U-01	viridula	N. viridula
A0A9P0E7G2	0	unassigned	viridula	N. viridula
A0A9P0E7G3	1	U-01	viridula	N. viridula
A0A9P0E7G4	1	U-01	viridula	N. viridula
A0A9P0E7G5	2	U-02	viridula	N. viridula
A0A9P0E7G7	2	U-02	viridula	N. viridula
A0A9P0E7H0	1	U-01	viridula	N. viridula
A0A9P0E7H1	2	U-02	viridula	N. viridula
A0A9P0E7H2	3	U-03	viridula	N. viridula
A0A9P0E7H3	2	U-02	viridula	N. viridula
A0A9P0E7H4	2	U-02	viridula	N. viridula
A0A9P0E7H6	0	unassigned	viridula	N. viridula
A0A9P0E7H8	4	U-04	viridula	N. viridula
A0A9P0E7H9	2	U-02	viridula	N. viridula
A0A9P0E7I0	1	U-01	viridula	N. viridula
A0A9P0E7I1	0	unassigned	viridula	N. viridula
A0A9P0E7I2	1	U-01	viridula	N. viridula
A0A9P0E7I3	0	unassigned	viridula	N. viridula
A0A9P0E7I4	3	U-03	viridula	N. viridula
A0A9P0E7I5	0	unassigned	viridula	N. viridula
A0A9P0E7I6	3	U-03	viridula	N. viridula
A0A9P0E7I8	2	U-02	viridula	N. viridula
A0A9P0E7J0	1	U-01	viridula	N. viridula
A0A9P0E7J2	0	unassigned	viridula	N. viridula
A0A9P0E7J3	1	U-01	viridula	N. viridula
A0A9P0E7J4	1	U-01	viridula	N. viridula
A0A9P0E7J6	1	U-01	viridula	N. viridula
A0A9P0E7J7	2	U-02	viridula	N. viridula
A0A9P0E7J9	1	U-01	viridula	N. viridula
A0A9P0E7K1	0	unassigned	viridula	N. viridula
A0A9P0E7K2	1	U-01	viridula	N. viridula
A0A9P0E7K3	1	U-01	viridula	N. viridula
A0A9P0E7K5	1	U-01	viridula	N. viridula
A0A9P0E7K7	1	U-01	viridula	N. viridula
A0A9P0E7K8	1	U-01	viridula	N. viridula
A0A9P0E7K9	0	unassigned	viridula	N. viridula
A0A9P0E7L0	1	U-01	viridula	N. viridula
A0A9P0E7L1	1	U-01	viridula	N. viridula
A0A9P0E7L2	2	U-02	viridula	N. viridula
A0A9P0E7L4	0	unassigned	viridula	N. viridula
A0A9P0E7L5	1	U-01	viridula	N. viridula
A0A9P0E7L6	4	U-04	viridula	N. viridula
A0A9P0E7L8	2	U-02	viridula	N. viridula
A0A9P0E7M2	1	U-01	viridula	N. viridula
A0A9P0E7M3	1	U-01	viridula	N. viridula
A0A9P0E7M4	3	U-03	viridula	N. viridula
A0A9P0E7M5	0	unassigned	viridula	N. viridula
A0A9P0E7M7	0	unassigned	viridula	N. viridula
A0A9P0E7M9	2	U-02	viridula	N. viridula
A0A9P0E7N1	0	unassigned	viridula	N. viridula
A0A9P0E7N2	0	unassigned	viridula	N. viridula
A0A9P0E7N3	0	unassigned	viridula	N. viridula
A0A9P0E7N4	0	unassigned	viridula	N. viridula
A0A9P0E7N5	0	unassigned	viridula	N. viridula
A0A9P0E7N6	3	U-03	viridula	N. viridula
A0A9P0E7N8	1	U-01	viridula	N. viridula
A0A9P0E7N9	2	U-02	viridula	N. viridula
A0A9P0E7P0	1	U-01	viridula	N. viridula
A0A9P0E7P1	0	unassigned	viridula	N. viridula
A0A9P0E7P5	2	U-02	viridula	N. viridula
A0A9P0E7P6	1	U-01	viridula	N. viridula
A0A9P0E7P7	0	unassigned	viridula	N. viridula
A0A9P0E7P8	2	U-02	viridula	N. viridula
A0A9P0E7P9	0	unassigned	viridula	N. viridula
A0A9P0E7Q0	2	U-02	viridula	N. viridula
A0A9P0E7Q2	0	unassigned	viridula	N. viridula
A0A9P0E7Q3	3	U-03	viridula	N. viridula
A0A9P0E7Q5	0	unassigned	viridula	N. viridula
A0A9P0E7Q6	0	unassigned	viridula	N. viridula
A0A9P0E7Q7	4	U-04	viridula	N. viridula
A0A9P0E7Q8	2	U-02	viridula	N. viridula
A0A9P0E7Q9	2	U-02	viridula	N. viridula
A0A9P0E7R0	0	unassigned	viridula	N. viridula
A0A9P0E7R6	1	U-01	viridula	N. viridula
A0A9P0E7R7	0	unassigned	viridula	N. viridula
A0A9P0E7R8	1	U-01	viridula	N. viridula
A0A9P0E7R9	1	U-01	viridula	N. viridula
A0A9P0E7S1	2	U-02	viridula	N. viridula
A0A9P0E7S2	1	U-01	viridula	N. viridula
A0A9P0E7S3	1	U-01	viridula	N. viridula
A0A9P0E7S6	2	U-02	viridula	N. viridula
A0A9P0E7S9	0	unassigned	viridula	N. viridula
A0A9P0E7T1	2	U-02	viridula	N. viridula
A0A9P0E7T2	1	U-01	viridula	N. viridula
A0A9P0E7T3	1	U-01	viridula	N. viridula
A0A9P0E7T5	1	U-01	viridula	N. viridula
A0A9P0E7T8	2	U-02	viridula	N. viridula
A0A9P0E7T9	1	U-01	viridula	N. viridula
A0A9P0E7U1	2	U-02	viridula	N. viridula
A0A9P0E7U3	1	U-01	viridula	N. viridula
A0A9P0E7U4	1	U-01	viridula	N. viridula
A0A9P0E7U9	2	U-02	viridula	N. viridula
A0A9P0E7V0	1	U-01	viridula	N. viridula
A0A9P0E7V4	1	U-01	viridula	N. viridula
A0A9P0E7V7	1	U-01	viridula	N. viridula
A0A9P0E7V8	0	unassigned	viridula	N. viridula
A0A9P0E7W0	1	U-01	viridula	N. viridula
A0A9P0E7W1	2	U-02	viridula	N. viridula
A0A9P0E7W2	1	U-01	viridula	N. viridula
A0A9P0E7W3	2	U-02	viridula	N. viridula
A0A9P0E7W4	4	U-04	viridula	N. viridula
A0A9P0E7W6	2	U-02	viridula	N. viridula
A0A9P0E7W7	1	U-01	viridula	N. viridula
A0A9P0E7W9	1	U-01	viridula	N. viridula
A0A9P0E7X2	1	U-01	viridula	N. viridula
A0A9P0E7X4	1	U-01	viridula	N. viridula
A0A9P0E7X5	0	unassigned	viridula	N. viridula
A0A9P0E7X7	1	U-01	viridula	N. viridula
A0A9P0E7Y2	1	U-01	viridula	N. viridula
A0A9P0E7Y3	0	unassigned	viridula	N. viridula
A0A9P0E7Y4	2	U-02	viridula	N. viridula
A0A9P0E7Y7	0	unassigned	viridula	N. viridula
A0A9P0E7Z0	1	U-01	viridula	N. viridula
A0A9P0E7Z2	1	U-01	viridula	N. viridula
A0A9P0E7Z4	1	U-01	viridula	N. viridula
A0A9P0E7Z5	1	U-01	viridula	N. viridula
A0A9P0E7Z6	2	U-02	viridula	N. viridula
A0A9P0E7Z9	1	U-01	viridula	N. viridula
A0A9P0E800	1	U-01	viridula	N. viridula
A0A9P0E801	1	U-01	viridula	N. viridula
A0A9P0E802	1	U-01	viridula	N. viridula
A0A9P0E803	2	U-02	viridula	N. viridula
A0A9P0E806	1	U-01	viridula	N. viridula
A0A9P0E808	1	U-01	viridula	N. viridula
A0A9P0E809	1	U-01	viridula	N. viridula
A0A9P0E810	1	U-01	viridula	N. viridula
A0A9P0E811	3	U-03	viridula	N. viridula
A0A9P0E814	4	U-04	viridula	N. viridula
A0A9P0E815	1	U-01	viridula	N. viridula
A0A9P0E817	1	U-01	viridula	N. viridula
A0A9P0E818	1	U-01	viridula	N. viridula
A0A9P0E819	2	U-02	viridula	N. viridula
A0A9P0E820	2	U-02	viridula	N. viridula
A0A9P0E821	1	U-01	viridula	N. viridula
A0A9P0E822	0	unassigned	viridula	N. viridula
A0A9P0E824	1	U-01	viridula	N. viridula
A0A9P0E825	1	U-01	viridula	N. viridula
A0A9P0E826	1	U-01	viridula	N. viridula
A0A9P0E827	2	U-02	viridula	N. viridula
A0A9P0E828	2	U-02	viridula	N. viridula
A0A9P0E832	2	U-02	viridula	N. viridula
A0A9P0E833	1	U-01	viridula	N. viridula
A0A9P0E834	1	U-01	viridula	N. viridula
A0A9P0E836	2	U-02	viridula	N. viridula
A0A9P0E841	1	U-01	viridula	N. viridula
A0A9P0E842	1	U-01	viridula	N. viridula
A0A9P0E843	2	U-02	viridula	N. viridula
A0A9P0E844	0	unassigned	viridula	N. viridula
A0A9P0E845	0	unassigned	viridula	N. viridula
A0A9P0E846	2	U-02	viridula	N. viridula
A0A9P0E847	2	U-02	viridula	N. viridula
A0A9P0E849	0	unassigned	viridula	N. viridula
A0A9P0E851	1	U-01	viridula	N. viridula
A0A9P0E854	2	U-02	viridula	N. viridula
A0A9P0E855	1	U-01	viridula	N. viridula
A0A9P0E858	1	U-01	viridula	N. viridula
A0A9P0E861	3	U-03	viridula	N. viridula
A0A9P0E862	1	U-01	viridula	N. viridula
A0A9P0E863	1	U-01	viridula	N. viridula
A0A9P0E867	1	U-01	viridula	N. viridula
A0A9P0E868	2	U-02	viridula	N. viridula
A0A9P0E872	1	U-01	viridula	N. viridula
A0A9P0E873	1	U-01	viridula	N. viridula
A0A9P0E874	2	U-02	viridula	N. viridula
A0A9P0E876	1	U-01	viridula	N. viridula
A0A9P0E877	1	U-01	viridula	N. viridula
A0A9P0E879	2	U-02	viridula	N. viridula
A0A9P0E880	2	U-02	viridula	N. viridula
A0A9P0E881	1	U-01	viridula	N. viridula
A0A9P0E882	1	U-01	viridula	N. viridula
A0A9P0E883	1	U-01	viridula	N. viridula
A0A9P0E884	2	U-02	viridula	N. viridula
A0A9P0E885	2	U-02	viridula	N. viridula
A0A9P0E886	1	U-01	viridula	N. viridula
A0A9P0E890	0	unassigned	viridula	N. viridula
A0A9P0E891	2	U-02	viridula	N. viridula
A0A9P0E892	2	U-02	viridula	N. viridula
A0A9P0E893	1	U-01	viridula	N. viridula
A0A9P0E898	1	U-01	viridula	N. viridula
A0A9P0E899	1	U-01	viridula	N. viridula
A0A9P0E8A1	1	U-01	viridula	N. viridula
A0A9P0E8A2	1	U-01	viridula	N. viridula
A0A9P0E8A3	0	unassigned	viridula	N. viridula
A0A9P0E8A4	2	U-02	viridula	N. viridula
A0A9P0E8A5	2	U-02	viridula	N. viridula
A0A9P0E8A6	0	unassigned	viridula	N. viridula
A0A9P0E8A8	1	U-01	viridula	N. viridula
A0A9P0E8A9	1	U-01	viridula	N. viridula
A0A9P0E8B0	1	U-01	viridula	N. viridula
A0A9P0E8B1	2	U-02	viridula	N. viridula
A0A9P0E8B3	4	U-04	viridula	N. viridula
A0A9P0E8B4	1	U-01	viridula	N. viridula
A0A9P0E8B6	1	U-01	viridula	N. viridula
A0A9P0E8B7	2	U-02	viridula	N. viridula
A0A9P0E8B8	0	unassigned	viridula	N. viridula
A0A9P0E8B9	1	U-01	viridula	N. viridula
A0A9P0E8C0	1	U-01	viridula	N. viridula
A0A9P0E8C3	1	U-01	viridula	N. viridula
A0A9P0E8C4	1	U-01	viridula	N. viridula
A0A9P0E8C6	1	U-01	viridula	N. viridula
A0A9P0E8C7	2	U-02	viridula	N. viridula
A0A9P0E8C8	0	unassigned	viridula	N. viridula
A0A9P0E8C9	1	U-01	viridula	N. viridula
A0A9P0E8D0	1	U-01	viridula	N. viridula
A0A9P0E8D1	2	U-02	viridula	N. viridula
A0A9P0E8D3	4	U-04	viridula	N. viridula
A0A9P0E8D5	1	U-01	viridula	N. viridula
A0A9P0E8D7	1	U-01	viridula	N. viridula
A0A9P0E8D9	1	U-01	viridula	N. viridula
A0A9P0E8E0	1	U-01	viridula	N. viridula
A0A9P0E8E1	0	unassigned	viridula	N. viridula
A0A9P0E8E3	1	U-01	viridula	N. viridula
A0A9P0E8E4	0	unassigned	viridula	N. viridula
A0A9P0E8E5	1	U-01	viridula	N. viridula
A0A9P0E8E7	1	U-01	viridula	N. viridula
A0A9P0E8E9	2	U-02	viridula	N. viridula
A0A9P0E8F0	2	U-02	viridula	N. viridula
A0A9P0E8F2	1	U-01	viridula	N. viridula
A0A9P0E8F3	1	U-01	viridula	N. viridula
A0A9P0E8F4	1	U-01	viridula	N. viridula
A0A9P0E8F5	2	U-02	viridula	N. viridula
A0A9P0E8F6	1	U-01	viridula	N. viridula
A0A9P0E8F7	1	U-01	viridula	N. viridula
A0A9P0E8F8	2	U-02	viridula	N. viridula
A0A9P0E8G0	0	unassigned	viridula	N. viridula
A0A9P0E8G2	1	U-01	viridula	N. viridula
A0A9P0E8G4	1	U-01	viridula	N. viridula
A0A9P0E8G5	2	U-02	viridula	N. viridula
A0A9P0E8G8	3	U-03	viridula	N. viridula
A0A9P0E8G9	1	U-01	viridula	N. viridula
A0A9P0E8H0	0	unassigned	viridula	N. viridula
A0A9P0E8H2	1	U-01	viridula	N. viridula
A0A9P0E8H3	2	U-02	viridula	N. viridula
A0A9P0E8H5	1	U-01	viridula	N. viridula
A0A9P0E8H7	3	U-03	viridula	N. viridula
A0A9P0E8I1	0	unassigned	viridula	N. viridula
A0A9P0E8I2	1	U-01	viridula	N. viridula
A0A9P0E8I4	1	U-01	viridula	N. viridula
A0A9P0E8J1	3	U-03	viridula	N. viridula
A0A9P0E8J2	2	U-02	viridula	N. viridula
A0A9P0E8J3	2	U-02	viridula	N. viridula
A0A9P0E8J4	2	U-02	viridula	N. viridula
A0A9P0E8J5	0	unassigned	viridula	N. viridula
A0A9P0E8J7	3	U-03	viridula	N. viridula
A0A9P0E8J9	1	U-01	viridula	N. viridula
A0A9P0E8K0	2	U-02	viridula	N. viridula
A0A9P0E8K1	1	U-01	viridula	N. viridula
A0A9P0E8K4	3	U-03	viridula	N. viridula
A0A9P0E8K6	1	U-01	viridula	N. viridula
A0A9P0E8K7	4	U-04	viridula	N. viridula
A0A9P0E8K9	3	U-03	viridula	N. viridula
A0A9P0E8L1	0	unassigned	viridula	N. viridula
A0A9P0E8L2	1	U-01	viridula	N. viridula
A0A9P0E8L3	1	U-01	viridula	N. viridula
A0A9P0E8L6	1	U-01	viridula	N. viridula
A0A9P0E8L8	1	U-01	viridula	N. viridula
A0A9P0E8M0	1	U-01	viridula	N. viridula
A0A9P0E8M1	1	U-01	viridula	N. viridula
A0A9P0E8M2	1	U-01	viridula	N. viridula
A0A9P0E8M3	3	U-03	viridula	N. viridula
A0A9P0E8M4	1	U-01	viridula	N. viridula
A0A9P0E8M6	4	U-04	viridula	N. viridula
A0A9P0E8M7	3	U-03	viridula	N. viridula
A0A9P0E8M9	2	U-02	viridula	N. viridula
A0A9P0E8N1	3	U-03	viridula	N. viridula
A0A9P0E8N5	1	U-01	viridula	N. viridula
A0A9P0E8N7	2	U-02	viridula	N. viridula
A0A9P0E8N8	2	U-02	viridula	N. viridula
A0A9P0E8N9	2	U-02	viridula	N. viridula
A0A9P0E8P2	1	U-01	viridula	N. viridula
A0A9P0E8P3	2	U-02	viridula	N. viridula
A0A9P0E8P5	1	U-01	viridula	N. viridula
A0A9P0E8P7	1	U-01	viridula	N. viridula
A0A9P0E8P9	1	U-01	viridula	N. viridula
A0A9P0E8Q0	2	U-02	viridula	N. viridula
A0A9P0E8Q1	1	U-01	viridula	N. viridula
A0A9P0E8Q5	1	U-01	viridula	N. viridula
A0A9P0E8Q7	3	U-03	viridula	N. viridula
A0A9P0E8Q8	3	U-03	viridula	N. viridula
A0A9P0E8R2	1	U-01	viridula	N. viridula
A0A9P0E8R3	3	U-03	viridula	N. viridula
A0A9P0E8R4	1	U-01	viridula	N. viridula
A0A9P0E8R5	3	U-03	viridula	N. viridula
A0A9P0E8R6	0	unassigned	viridula	N. viridula
A0A9P0E8R7	4	U-04	viridula	N. viridula
A0A9P0E8S3	2	U-02	viridula	N. viridula
A0A9P0E8S4	3	U-03	viridula	N. viridula
A0A9P0E8S5	2	U-02	viridula	N. viridula
A0A9P0E8S6	2	U-02	viridula	N. viridula
A0A9P0E8S7	1	U-01	viridula	N. viridula
A0A9P0E8S8	3	U-03	viridula	N. viridula
A0A9P0E8T1	2	U-02	viridula	N. viridula
A0A9P0E8T2	1	U-01	viridula	N. viridula
A0A9P0E8T3	1	U-01	viridula	N. viridula
A0A9P0E8T4	1	U-01	viridula	N. viridula
A0A9P0E8T7	2	U-02	viridula	N. viridula
A0A9P0E8T9	3	U-03	viridula	N. viridula
A0A9P0E8U1	3	U-03	viridula	N. viridula
A0A9P0E8U2	1	U-01	viridula	N. viridula
A0A9P0E8U3	3	U-03	viridula	N. viridula
A0A9P0E8U5	2	U-02	viridula	N. viridula
A0A9P0E515	2	U-02	viridula	N. viridula
A0A9P0E517	2	U-02	viridula	N. viridula
A0A9P0E518	0	unassigned	viridula	N. viridula
A0A9P0E520	2	U-02	viridula	N. viridula
A0A9P0E521	0	unassigned	viridula	N. viridula
A0A9P0E522	2	U-02	viridula	N. viridula
A0A9P0E524	2	U-02	viridula	N. viridula
A0A9P0E525	4	U-04	viridula	N. viridula
A0A9P0E528	1	U-01	viridula	N. viridula
A0A9P0E531	1	U-01	viridula	N. viridula
A0A9P0E533	1	U-01	viridula	N. viridula
A0A9P0E534	1	U-01	viridula	N. viridula
A0A9P0E535	2	U-02	viridula	N. viridula
A0A9P0E537	1	U-01	viridula	N. viridula
A0A9P0E539	0	unassigned	viridula	N. viridula
A0A9P0E541	1	U-01	viridula	N. viridula
A0A9P0E542	1	U-01	viridula	N. viridula
A0A9P0E543	1	U-01	viridula	N. viridula
A0A9P0E544	2	U-02	viridula	N. viridula
A0A9P0E545	4	U-04	viridula	N. viridula
A0A9P0E548	1	U-01	viridula	N. viridula
A0A9P0E550	1	U-01	viridula	N. viridula
A0A9P0E551	2	U-02	viridula	N. viridula
A0A9P0E552	2	U-02	viridula	N. viridula
A0A9P0E553	1	U-01	viridula	N. viridula
A0A9P0E554	1	U-01	viridula	N. viridula
A0A9P0E555	0	unassigned	viridula	N. viridula
A0A9P0E558	0	unassigned	viridula	N. viridula
A0A9P0E561	0	unassigned	viridula	N. viridula
A0A9P0E562	0	unassigned	viridula	N. viridula
A0A9P0E563	1	U-01	viridula	N. viridula
A0A9P0E564	0	unassigned	viridula	N. viridula
A0A9P0E565	2	U-02	viridula	N. viridula
A0A9P0E567	1	U-01	viridula	N. viridula
A0A9P0E568	1	U-01	viridula	N. viridula
A0A9P0E569	3	U-03	viridula	N. viridula
A0A9P0E570	1	U-01	viridula	N. viridula
A0A9P0E571	1	U-01	viridula	N. viridula
A0A9P0E572	3	U-03	viridula	N. viridula
A0A9P0E573	2	U-02	viridula	N. viridula
A0A9P0E574	1	U-01	viridula	N. viridula
A0A9P0E575	2	U-02	viridula	N. viridula
A0A9P0E577	1	U-01	viridula	N. viridula
A0A9P0E579	0	unassigned	viridula	N. viridula
A0A9P0E580	1	U-01	viridula	N. viridula
A0A9P0E582	3	U-03	viridula	N. viridula
A0A9P0E585	2	U-02	viridula	N. viridula
A0A9P0E586	2	U-02	viridula	N. viridula
A0A9P0E587	1	U-01	viridula	N. viridula
A0A9P0E588	2	U-02	viridula	N. viridula
A0A9P0E589	1	U-01	viridula	N. viridula
A0A9P0E590	1	U-01	viridula	N. viridula
A0A9P0E591	1	U-01	viridula	N. viridula
A0A9P0E592	2	U-02	viridula	N. viridula
A0A9P0E593	1	U-01	viridula	N. viridula
A0A9P0E594	2	U-02	viridula	N. viridula
A0A9P0E595	2	U-02	viridula	N. viridula
A0A9P0E598	1	U-01	viridula	N. viridula
A0A9P0E599	1	U-01	viridula	N. viridula
A0A9P0E5A2	2	U-02	viridula	N. viridula
A0A9P0E5A3	3	U-03	viridula	N. viridula
A0A9P0E5A4	1	U-01	viridula	N. viridula
A0A9P0E5A5	1	U-01	viridula	N. viridula
A0A9P0E5A7	4	U-04	viridula	N. viridula
A0A9P0E5A8	0	unassigned	viridula	N. viridula
A0A9P0E5B0	1	U-01	viridula	N. viridula
A0A9P0E5B1	1	U-01	viridula	N. viridula
A0A9P0E5B2	1	U-01	viridula	N. viridula
A0A9P0E5B3	0	unassigned	viridula	N. viridula
A0A9P0E5B4	2	U-02	viridula	N. viridula
A0A9P0E5B5	1	U-01	viridula	N. viridula
A0A9P0E5B6	1	U-01	viridula	N. viridula
A0A9P0E5B8	1	U-01	viridula	N. viridula
A0A9P0E5C0	1	U-01	viridula	N. viridula
A0A9P0E5C1	1	U-01	viridula	N. viridula
A0A9P0E5C2	1	U-01	viridula	N. viridula
A0A9P0E5C3	1	U-01	viridula	N. viridula
A0A9P0E5C9	2	U-02	viridula	N. viridula
A0A9P0E5D0	0	unassigned	viridula	N. viridula
A0A9P0E5D1	1	U-01	viridula	N. viridula
A0A9P0E5D2	2	U-02	viridula	N. viridula
A0A9P0E5D3	2	U-02	viridula	N. viridula
A0A9P0E5D4	2	U-02	viridula	N. viridula
A0A9P0E5D5	1	U-01	viridula	N. viridula
A0A9P0E5D6	2	U-02	viridula	N. viridula
A0A9P0E5D7	1	U-01	viridula	N. viridula
A0A9P0E5E0	2	U-02	viridula	N. viridula
A0A9P0E5E1	2	U-02	viridula	N. viridula
A0A9P0E5E2	1	U-01	viridula	N. viridula
A0A9P0E5E3	2	U-02	viridula	N. viridula
A0A9P0E5E4	1	U-01	viridula	N. viridula
A0A9P0E5E5	1	U-01	viridula	N. viridula
A0A9P0E5E6	1	U-01	viridula	N. viridula
A0A9P0E5E7	0	unassigned	viridula	N. viridula
A0A9P0E5F1	3	U-03	viridula	N. viridula
A0A9P0E5F2	0	unassigned	viridula	N. viridula
A0A9P0E5F3	3	U-03	viridula	N. viridula
A0A9P0E5F4	1	U-01	viridula	N. viridula
A0A9P0E5F5	1	U-01	viridula	N. viridula
A0A9P0E5F6	0	unassigned	viridula	N. viridula
A0A9P0E5F7	1	U-01	viridula	N. viridula
A0A9P0E5F8	0	unassigned	viridula	N. viridula
A0A9P0E5F9	1	U-01	viridula	N. viridula
A0A9P0E5G2	2	U-02	viridula	N. viridula
A0A9P0E5G3	2	U-02	viridula	N. viridula
A0A9P0E5G4	1	U-01	viridula	N. viridula
A0A9P0E5G6	1	U-01	viridula	N. viridula
A0A9P0E5G8	1	U-01	viridula	N. viridula
A0A9P0E5G9	3	U-03	viridula	N. viridula
A0A9P0E5H2	4	U-04	viridula	N. viridula
A0A9P0E5H3	1	U-01	viridula	N. viridula
A0A9P0E5H4	1	U-01	viridula	N. viridula
A0A9P0E5H5	1	U-01	viridula	N. viridula
A0A9P0E5H7	2	U-02	viridula	N. viridula
A0A9P0E5H9	1	U-01	viridula	N. viridula
A0A9P0E5I0	1	U-01	viridula	N. viridula
A0A9P0E5I2	0	unassigned	viridula	N. viridula
A0A9P0E5I4	4	U-04	viridula	N. viridula
A0A9P0E5I7	0	unassigned	viridula	N. viridula
A0A9P0E5I9	1	U-01	viridula	N. viridula
A0A9P0E5J1	2	U-02	viridula	N. viridula
A0A9P0E5J3	1	U-01	viridula	N. viridula
A0A9P0E5J4	1	U-01	viridula	N. viridula
A0A9P0E5J5	1	U-01	viridula	N. viridula
A0A9P0E5J6	1	U-01	viridula	N. viridula
A0A9P0E5J7	0	unassigned	viridula	N. viridula
A0A9P0E5K0	1	U-01	viridula	N. viridula
A0A9P0E5K1	1	U-01	viridula	N. viridula
A0A9P0E5K2	1	U-01	viridula	N. viridula
A0A9P0E5K3	1	U-01	viridula	N. viridula
A0A9P0E5K5	4	U-04	viridula	N. viridula
A0A9P0E5K6	2	U-02	viridula	N. viridula
A0A9P0E5K7	2	U-02	viridula	N. viridula
A0A9P0E5K8	1	U-01	viridula	N. viridula
A0A9P0E5L0	1	U-01	viridula	N. viridula
A0A9P0E5L1	2	U-02	viridula	N. viridula
A0A9P0E5L2	2	U-02	viridula	N. viridula
A0A9P0E5L4	1	U-01	viridula	N. viridula
A0A9P0E5L5	2	U-02	viridula	N. viridula
A0A9P0E5L6	1	U-01	viridula	N. viridula
A0A9P0E5L7	1	U-01	viridula	N. viridula
A0A9P0E5L9	2	U-02	viridula	N. viridula
A0A9P0E5M0	1	U-01	viridula	N. viridula
A0A9P0E5M1	1	U-01	viridula	N. viridula
A0A9P0E5M2	0	unassigned	viridula	N. viridula
A0A9P0E5M6	1	U-01	viridula	N. viridula
A0A9P0E5M7	1	U-01	viridula	N. viridula
A0A9P0E5M9	1	U-01	viridula	N. viridula
A0A9P0E5N0	1	U-01	viridula	N. viridula
A0A9P0E5N1	1	U-01	viridula	N. viridula
A0A9P0E5N2	4	U-04	viridula	N. viridula
A0A9P0E5N3	1	U-01	viridula	N. viridula
A0A9P0E5N4	3	U-03	viridula	N. viridula
A0A9P0E5N6	0	unassigned	viridula	N. viridula
A0A9P0E5N7	2	U-02	viridula	N. viridula
A0A9P0E5N8	1	U-01	viridula	N. viridula
A0A9P0E5P2	2	U-02	viridula	N. viridula
A0A9P0E5P6	1	U-01	viridula	N. viridula
A0A9P0E5P7	1	U-01	viridula	N. viridula
A0A9P0E5Q1	1	U-01	viridula	N. viridula
A0A9P0E5Q2	1	U-01	viridula	N. viridula
A0A9P0E5Q6	0	unassigned	viridula	N. viridula
A0A9P0E5Q7	2	U-02	viridula	N. viridula
A0A9P0E5R0	3	U-03	viridula	N. viridula
A0A9P0E5R1	2	U-02	viridula	N. viridula
A0A9P0E5R2	1	U-01	viridula	N. viridula
A0A9P0E5R3	1	U-01	viridula	N. viridula
A0A9P0E5R5	1	U-01	viridula	N. viridula
A0A9P0E5R7	2	U-02	viridula	N. viridula
A0A9P0E5S1	1	U-01	viridula	N. viridula
A0A9P0E5S4	2	U-02	viridula	N. viridula
A0A9P0E5S5	1	U-01	viridula	N. viridula
A0A9P0E5S7	3	U-03	viridula	N. viridula
A0A9P0E5S8	3	U-03	viridula	N. viridula
A0A9P0E5T0	1	U-01	viridula	N. viridula
A0A9P0E5T3	2	U-02	viridula	N. viridula
A0A9P0E5T4	1	U-01	viridula	N. viridula
A0A9P0E5T5	0	unassigned	viridula	N. viridula
A0A9P0E5T6	1	U-01	viridula	N. viridula
A0A9P0E5T9	3	U-03	viridula	N. viridula
A0A9P0E5U0	2	U-02	viridula	N. viridula
A0A9P0E5U3	0	unassigned	viridula	N. viridula
A0A9P0E5U4	2	U-02	viridula	N. viridula
A0A9P0E5U5	1	U-01	viridula	N. viridula
A0A9P0E5U6	1	U-01	viridula	N. viridula
A0A9P0E5U7	0	unassigned	viridula	N. viridula
A0A9P0E5V0	1	U-01	viridula	N. viridula
A0A9P0E5V3	4	U-04	viridula	N. viridula
A0A9P0E5V4	2	U-02	viridula	N. viridula
A0A9P0E5V5	0	unassigned	viridula	N. viridula
A0A9P0E5V6	3	U-03	viridula	N. viridula
A0A9P0E5V9	1	U-01	viridula	N. viridula
A0A9P0HA92	4	U-04	viridula	N. viridula
A0A9P0HA94	1	U-01	viridula	N. viridula
A0A9P0HA96	2	U-02	viridula	N. viridula
A0A9P0HA97	2	U-02	viridula	N. viridula
A0A9P0HA98	2	U-02	viridula	N. viridula
A0A9P0HAA0	4	U-04	viridula	N. viridula
A0A9P0HAA1	1	U-01	viridula	N. viridula
A0A9P0HAA2	2	U-02	viridula	N. viridula
A0A9P0HAA3	1	U-01	viridula	N. viridula
A0A9P0HAA4	2	U-02	viridula	N. viridula
A0A9P0HAA5	1	U-01	viridula	N. viridula
A0A9P0HAA6	2	U-02	viridula	N. viridula
A0A9P0HAA7	3	U-03	viridula	N. viridula
A0A9P0HAA9	2	U-02	viridula	N. viridula
A0A9P0HAB0	1	U-01	viridula	N. viridula
A0A9P0HAB1	1	U-01	viridula	N. viridula
A0A9P0HAB2	1	U-01	viridula	N. viridula
A0A9P0HAB3	2	U-02	viridula	N. viridula
A0A9P0HAB5	2	U-02	viridula	N. viridula
A0A9P0HAC1	2	U-02	viridula	N. viridula
A0A9P0HAC2	4	U-04	viridula	N. viridula
A0A9P0HAC4	1	U-01	viridula	N. viridula
A0A9P0HAC5	4	U-04	viridula	N. viridula
A0A9P0HAC7	1	U-01	viridula	N. viridula
A0A9P0HAC8	2	U-02	viridula	N. viridula
A0A9P0HAD0	2	U-02	viridula	N. viridula
A0A9P0HAD1	1	U-01	viridula	N. viridula
A0A9P0HAD3	1	U-01	viridula	N. viridula
A0A9P0HAD4	0	unassigned	viridula	N. viridula
A0A9P0HAD6	2	U-02	viridula	N. viridula
A0A9P0HAE0	1	U-01	viridula	N. viridula
A0A9P0HAE1	4	U-04	viridula	N. viridula
A0A9P0HAE2	2	U-02	viridula	N. viridula
A0A9P0HAE3	3	U-03	viridula	N. viridula
A0A9P0HAE4	4	U-04	viridula	N. viridula
A0A9P0HAE8	1	U-01	viridula	N. viridula
A0A9P0HAE9	2	U-02	viridula	N. viridula
A0A9P0HAF3	1	U-01	viridula	N. viridula
A0A9P0HAF6	0	unassigned	viridula	N. viridula
A0A9P0HAF7	1	U-01	viridula	N. viridula
A0A9P0HAF9	4	U-04	viridula	N. viridula
A0A9P0HAG0	2	U-02	viridula	N. viridula
A0A9P0HAG1	2	U-02	viridula	N. viridula
A0A9P0HAG2	1	U-01	viridula	N. viridula
A0A9P0HAG3	2	U-02	viridula	N. viridula
A0A9P0HAG5	2	U-02	viridula	N. viridula
A0A9P0HAG7	0	unassigned	viridula	N. viridula
A0A9P0HAG8	1	U-01	viridula	N. viridula
A0A9P0HAG9	0	unassigned	viridula	N. viridula
A0A9P0HAH5	2	U-02	viridula	N. viridula
A0A9P0HAH6	2	U-02	viridula	N. viridula
A0A9P0HAH7	1	U-01	viridula	N. viridula
A0A9P0HAH8	1	U-01	viridula	N. viridula
A0A9P0HAH9	0	unassigned	viridula	N. viridula
A0A9P0HAI0	1	U-01	viridula	N. viridula
A0A9P0HAI3	1	U-01	viridula	N. viridula
A0A9P0HAI7	0	unassigned	viridula	N. viridula
A0A9P0HAI8	4	U-04	viridula	N. viridula
A0A9P0HAI9	1	U-01	viridula	N. viridula
A0A9P0HAJ0	1	U-01	viridula	N. viridula
A0A9P0HAJ1	1	U-01	viridula	N. viridula
A0A9P0HAJ3	1	U-01	viridula	N. viridula
A0A9P0HAJ4	4	U-04	viridula	N. viridula
A0A9P0HAJ5	2	U-02	viridula	N. viridula
A0A9P0HAJ6	2	U-02	viridula	N. viridula
A0A9P0HAJ7	0	unassigned	viridula	N. viridula
A0A9P0HAJ9	2	U-02	viridula	N. viridula
A0A9P0HAK1	1	U-01	viridula	N. viridula
A0A9P0HAK3	4	U-04	viridula	N. viridula
A0A9P0HAK4	1	U-01	viridula	N. viridula
A0A9P0HAK5	0	unassigned	viridula	N. viridula
A0A9P0HAK6	0	unassigned	viridula	N. viridula
A0A9P0HAK7	3	U-03	viridula	N. viridula
A0A9P0HAK8	4	U-04	viridula	N. viridula
A0A9P0HAL0	1	U-01	viridula	N. viridula
A0A9P0HAL1	1	U-01	viridula	N. viridula
A0A9P0HAL3	0	unassigned	viridula	N. viridula
A0A9P0HAL4	2	U-02	viridula	N. viridula
A0A9P0HAL5	2	U-02	viridula	N. viridula
A0A9P0HAL6	1	U-01	viridula	N. viridula
A0A9P0HAL7	1	U-01	viridula	N. viridula
A0A9P0HAL8	3	U-03	viridula	N. viridula
A0A9P0HAL9	1	U-01	viridula	N. viridula
A0A9P0HAM1	1	U-01	viridula	N. viridula
A0A9P0HAM4	2	U-02	viridula	N. viridula
A0A9P0HAM6	4	U-04	viridula	N. viridula
A0A9P0HAM9	1	U-01	viridula	N. viridula
A0A9P0HAN0	1	U-01	viridula	N. viridula
A0A9P0HAN1	1	U-01	viridula	N. viridula
A0A9P0HAN2	1	U-01	viridula	N. viridula
A0A9P0HAN3	1	U-01	viridula	N. viridula
A0A9P0HAN6	2	U-02	viridula	N. viridula
A0A9P0HAN7	1	U-01	viridula	N. viridula
A0A9P0HAN8	2	U-02	viridula	N. viridula
A0A9P0HAN9	1	U-01	viridula	N. viridula
A0A9P0HAP1	2	U-02	viridula	N. viridula
A0A9P0HAP6	1	U-01	viridula	N. viridula
A0A9P0HAP7	1	U-01	viridula	N. viridula
A0A9P0HAQ2	1	U-01	viridula	N. viridula
A0A9P0HAQ3	0	unassigned	viridula	N. viridula
A0A9P0HAQ6	4	U-04	viridula	N. viridula
A0A9P0HAQ8	1	U-01	viridula	N. viridula
A0A9P0HAR2	2	U-02	viridula	N. viridula
A0A9P0HAR3	1	U-01	viridula	N. viridula
A0A9P0HAR5	1	U-01	viridula	N. viridula
A0A9P0HAR6	0	unassigned	viridula	N. viridula
A0A9P0HAR7	4	U-04	viridula	N. viridula
A0A9P0HAR8	0	unassigned	viridula	N. viridula
A0A9P0HM81	1	U-01	viridula	N. viridula
A0A9P0HM82	4	U-04	viridula	N. viridula
A0A9P0HM83	1	U-01	viridula	N. viridula
A0A9P0HM85	4	U-04	viridula	N. viridula
A0A9P0HM86	1	U-01	viridula	N. viridula
A0A9P0HM87	1	U-01	viridula	N. viridula
A0A9P0HM88	1	U-01	viridula	N. viridula
A0A9P0HM91	2	U-02	viridula	N. viridula
A0A9P0HM92	2	U-02	viridula	N. viridula
A0A9P0HM94	4	U-04	viridula	N. viridula
A0A9P0HM95	2	U-02	viridula	N. viridula
A0A9P0HM96	0	unassigned	viridula	N. viridula
A0A9P0HM98	2	U-02	viridula	N. viridula
A0A9P0HM99	1	U-01	viridula	N. viridula
A0A9P0HMA0	1	U-01	viridula	N. viridula
A0A9P0HMA1	2	U-02	viridula	N. viridula
A0A9P0HMA2	1	U-01	viridula	N. viridula
A0A9P0HMA3	2	U-02	viridula	N. viridula
A0A9P0HMA4	2	U-02	viridula	N. viridula
A0A9P0HMA7	2	U-02	viridula	N. viridula
A0A9P0HMA8	4	U-04	viridula	N. viridula
A0A9P0HMA9	0	unassigned	viridula	N. viridula
A0A9P0HMB0	1	U-01	viridula	N. viridula
A0A9P0HMB2	0	unassigned	viridula	N. viridula
A0A9P0HMB4	2	U-02	viridula	N. viridula
A0A9P0HMB5	1	U-01	viridula	N. viridula
A0A9P0HMB8	1	U-01	viridula	N. viridula
A0A9P0HMB9	1	U-01	viridula	N. viridula
A0A9P0HMC0	1	U-01	viridula	N. viridula
A0A9P0HMC2	1	U-01	viridula	N. viridula
A0A9P0HMC3	1	U-01	viridula	N. viridula
A0A9P0HMC4	1	U-01	viridula	N. viridula
A0A9P0HMC5	2	U-02	viridula	N. viridula
A0A9P0HMC7	2	U-02	viridula	N. viridula
A0A9P0HMC8	2	U-02	viridula	N. viridula
A0A9P0HMC9	4	U-04	viridula	N. viridula
A0A9P0HMD0	2	U-02	viridula	N. viridula
A0A9P0HMD1	2	U-02	viridula	N. viridula
A0A9P0HMD2	1	U-01	viridula	N. viridula
A0A9P0HMD3	2	U-02	viridula	N. viridula
A0A9P0HMD4	4	U-04	viridula	N. viridula
A0A9P0HMD5	2	U-02	viridula	N. viridula
A0A9P0HMD6	1	U-01	viridula	N. viridula
A0A9P0HMD7	1	U-01	viridula	N. viridula
A0A9P0HMD8	1	U-01	viridula	N. viridula
A0A9P0HMD9	1	U-01	viridula	N. viridula
A0A9P0HME1	1	U-01	viridula	N. viridula
A0A9P0HME2	2	U-02	viridula	N. viridula
A0A9P0HME3	2	U-02	viridula	N. viridula
A0A9P0HME4	0	unassigned	viridula	N. viridula
A0A9P0HME5	3	U-03	viridula	N. viridula
A0A9P0HME6	2	U-02	viridula	N. viridula
A0A9P0HME7	1	U-01	viridula	N. viridula
A0A9P0HME8	1	U-01	viridula	N. viridula
A0A9P0HMF0	3	U-03	viridula	N. viridula
A0A9P0HMF1	2	U-02	viridula	N. viridula
A0A9P0HMF2	2	U-02	viridula	N. viridula
A0A9P0HMF3	3	U-03	viridula	N. viridula
A0A9P0HMF4	1	U-01	viridula	N. viridula
A0A9P0HMF5	1	U-01	viridula	N. viridula
A0A9P0HMF6	2	U-02	viridula	N. viridula
A0A9P0HMF9	1	U-01	viridula	N. viridula
A0A9P0HMG2	0	unassigned	viridula	N. viridula
A0A9P0HMG4	0	unassigned	viridula	N. viridula
A0A9P0HMG6	1	U-01	viridula	N. viridula
A0A9P0HMG7	2	U-02	viridula	N. viridula
A0A9P0HMG9	1	U-01	viridula	N. viridula
A0A9P0HMH2	1	U-01	viridula	N. viridula
A0A9P0HMH3	2	U-02	viridula	N. viridula
A0A9P0HMH5	0	unassigned	viridula	N. viridula
A0A9P0HMH6	0	unassigned	viridula	N. viridula
A0A9P0HMH9	1	U-01	viridula	N. viridula
A0A9P0HMI0	1	U-01	viridula	N. viridula
A0A9P0HMI1	2	U-02	viridula	N. viridula
A0A9P0HMI2	1	U-01	viridula	N. viridula
A0A9P0HMI3	1	U-01	viridula	N. viridula
A0A9P0HMI4	0	unassigned	viridula	N. viridula
A0A9P0HMI5	1	U-01	viridula	N. viridula
A0A9P0HMI6	2	U-02	viridula	N. viridula
A0A9P0HMI7	1	U-01	viridula	N. viridula
A0A9P0HMJ0	2	U-02	viridula	N. viridula
A0A9P0HMJ2	4	U-04	viridula	N. viridula
A0A9P0HMJ3	2	U-02	viridula	N. viridula
A0A9P0HMJ6	3	U-03	viridula	N. viridula
A0A9P0HMJ7	2	U-02	viridula	N. viridula
A0A9P0HMJ8	1	U-01	viridula	N. viridula
A0A9P0HMJ9	1	U-01	viridula	N. viridula
A0A9P0HMK0	1	U-01	viridula	N. viridula
A0A9P0HMK2	1	U-01	viridula	N. viridula
A0A9P0HMK3	2	U-02	viridula	N. viridula
A0A9P0HMK4	1	U-01	viridula	N. viridula
A0A9P0HMK6	2	U-02	viridula	N. viridula
A0A9P0HMK7	1	U-01	viridula	N. viridula
A0A9P0HMK8	1	U-01	viridula	N. viridula
A0A9P0HMK9	3	U-03	viridula	N. viridula
A0A9P0HML0	2	U-02	viridula	N. viridula
A0A9P0HML1	1	U-01	viridula	N. viridula
A0A9P0HML2	3	U-03	viridula	N. viridula
A0A9P0HML3	2	U-02	viridula	N. viridula
A0A9P0HML4	1	U-01	viridula	N. viridula
A0A9P0HML5	3	U-03	viridula	N. viridula
A0A9P0HML6	2	U-02	viridula	N. viridula
A0A9P0HML7	1	U-01	viridula	N. viridula
A0A9P0HML8	2	U-02	viridula	N. viridula
A0A9P0HML9	1	U-01	viridula	N. viridula
A0A9P0HMM0	1	U-01	viridula	N. viridula
A0A9P0HMM1	1	U-01	viridula	N. viridula
A0A9P0HMM3	4	U-04	viridula	N. viridula
A0A9P0HMM4	1	U-01	viridula	N. viridula
A0A9P0HMM6	2	U-02	viridula	N. viridula
A0A9P0HMM7	4	U-04	viridula	N. viridula
A0A9P0HMM9	0	unassigned	viridula	N. viridula
A0A9P0HMN0	1	U-01	viridula	N. viridula
A0A9P0HMN2	2	U-02	viridula	N. viridula
A0A9P0HEP5	4	U-04	viridula	N. viridula
A0A9P0HEP6	0	unassigned	viridula	N. viridula
A0A9P0HEQ1	1	U-01	viridula	N. viridula
A0A9P0HEQ2	1	U-01	viridula	N. viridula
A0A9P0HEQ5	1	U-01	viridula	N. viridula
A0A9P0HER5	3	U-03	viridula	N. viridula
A0A9P0HES0	1	U-01	viridula	N. viridula
A0A9P0HES3	3	U-03	viridula	N. viridula
A0A9P0HES4	0	unassigned	viridula	N. viridula
A0A9P0HES7	1	U-01	viridula	N. viridula
A0A9P0HES9	1	U-01	viridula	N. viridula
A0A9P0HET9	0	unassigned	viridula	N. viridula
A0A9P0HEU0	1	U-01	viridula	N. viridula
A0A9P0HEU3	3	U-03	viridula	N. viridula
A0A9P0HEV2	1	U-01	viridula	N. viridula
A0A9P0HEV3	0	unassigned	viridula	N. viridula
A0A9P0HEV4	3	U-03	viridula	N. viridula
A0A9P0HEW2	0	unassigned	viridula	N. viridula
A0A9P0HEW3	1	U-01	viridula	N. viridula
A0A9P0HEW4	1	U-01	viridula	N. viridula
A0A9P0HEW7	1	U-01	viridula	N. viridula
A0A9P0HEX1	1	U-01	viridula	N. viridula
A0A9P0HEX2	1	U-01	viridula	N. viridula
A0A9P0HEX5	1	U-01	viridula	N. viridula
A0A9P0HEX8	1	U-01	viridula	N. viridula
A0A9P0HEY0	1	U-01	viridula	N. viridula
A0A9P0HEY1	1	U-01	viridula	N. viridula
A0A9P0HEY2	0	unassigned	viridula	N. viridula
A0A9P0HEY8	1	U-01	viridula	N. viridula
A0A9P0HEZ7	1	U-01	viridula	N. viridula
A0A9P0HEZ9	3	U-03	viridula	N. viridula
A0A9P0HF00	1	U-01	viridula	N. viridula
A0A9P0HF03	1	U-01	viridula	N. viridula
A0A9P0HF04	1	U-01	viridula	N. viridula
A0A9P0HF05	1	U-01	viridula	N. viridula
A0A9P0HF15	1	U-01	viridula	N. viridula
A0A9P0HF16	1	U-01	viridula	N. viridula
A0A9P0HF24	1	U-01	viridula	N. viridula
A0A9P0HF27	3	U-03	viridula	N. viridula
A0A9P0HF40	3	U-03	viridula	N. viridula
A0A9P0HF45	1	U-01	viridula	N. viridula
A0A9P0HF55	1	U-01	viridula	N. viridula
A0A9P0HF58	1	U-01	viridula	N. viridula
A0A9P0HF60	1	U-01	viridula	N. viridula
A0A9P0HF71	0	unassigned	viridula	N. viridula
A0A9P0HF72	1	U-01	viridula	N. viridula
A0A9P0HF82	4	U-04	viridula	N. viridula
A0A9P0HF87	0	unassigned	viridula	N. viridula
A0A9P0HF90	1	U-01	viridula	N. viridula
A0A9P0HF91	1	U-01	viridula	N. viridula
A0A9P0HF95	1	U-01	viridula	N. viridula
A0A9P0HF99	4	U-04	viridula	N. viridula
A0A9P0HFA1	1	U-01	viridula	N. viridula
A0A9P0HFA3	1	U-01	viridula	N. viridula
A0A9P0HFA5	1	U-01	viridula	N. viridula
A0A9P0HFA7	3	U-03	viridula	N. viridula
A0A9P0HFB2	1	U-01	viridula	N. viridula
A0A9P0HFB8	0	unassigned	viridula	N. viridula
A0A9P0HFC0	0	unassigned	viridula	N. viridula
A0A9P0HFC6	0	unassigned	viridula	N. viridula
A0A9P0HFD2	3	U-03	viridula	N. viridula
A0A9P0HFD9	1	U-01	viridula	N. viridula
A0A9P0HFE2	1	U-01	viridula	N. viridula
A0A9P0HFE9	0	unassigned	viridula	N. viridula
A0A9P0HFF1	3	U-03	viridula	N. viridula
A0A9P0HFF4	1	U-01	viridula	N. viridula
A0A9P0HFF5	1	U-01	viridula	N. viridula
A0A9P0HFF8	1	U-01	viridula	N. viridula
A0A9P0HFF9	3	U-03	viridula	N. viridula
A0A9P0HFG0	3	U-03	viridula	N. viridula
A0A9P0HFG1	4	U-04	viridula	N. viridula
A0A9P0HFG4	1	U-01	viridula	N. viridula
A0A9P0HFG6	0	unassigned	viridula	N. viridula
A0A9P0HFG7	1	U-01	viridula	N. viridula
A0A9P0HFG8	1	U-01	viridula	N. viridula
A0A9P0HFH3	1	U-01	viridula	N. viridula
A0A9P0HFH6	1	U-01	viridula	N. viridula
A0A9P0HFH8	0	unassigned	viridula	N. viridula
A0A9P0HFI1	3	U-03	viridula	N. viridula
A0A9P0HFI4	1	U-01	viridula	N. viridula
A0A9P0HFJ4	1	U-01	viridula	N. viridula
A0A9P0HFJ8	1	U-01	viridula	N. viridula
A0A9P0HFK1	0	unassigned	viridula	N. viridula
A0A9P0HP17	1	U-01	viridula	N. viridula
A0A9P0HP22	3	U-03	viridula	N. viridula
A0A9P0HP24	4	U-04	viridula	N. viridula
A0A9P0HP25	1	U-01	viridula	N. viridula
A0A9P0HP30	1	U-01	viridula	N. viridula
A0A9P0HP31	1	U-01	viridula	N. viridula
A0A9P0HP33	1	U-01	viridula	N. viridula
A0A9P0HP35	4	U-04	viridula	N. viridula
A0A9P0HP37	1	U-01	viridula	N. viridula
A0A9P0HP40	1	U-01	viridula	N. viridula
A0A9P0HP41	1	U-01	viridula	N. viridula
A0A9P0HP44	3	U-03	viridula	N. viridula
A0A9P0HP51	1	U-01	viridula	N. viridula
A0A9P0HP53	3	U-03	viridula	N. viridula
A0A9P0HP55	1	U-01	viridula	N. viridula
A0A9P0HP68	1	U-01	viridula	N. viridula
A0A9P0HP70	1	U-01	viridula	N. viridula
A0A9P0H0K3	1	U-01	viridula	N. viridula
A0A9P0H0K7	1	U-01	viridula	N. viridula
A0A9P0H0K8	4	U-04	viridula	N. viridula
A0A9P0H0L2	1	U-01	viridula	N. viridula
A0A9P0H0L3	3	U-03	viridula	N. viridula
A0A9P0H0L4	2	U-02	viridula	N. viridula
A0A9P0H0L6	2	U-02	viridula	N. viridula
A0A9P0H0L7	2	U-02	viridula	N. viridula
A0A9P0H0L8	1	U-01	viridula	N. viridula
A0A9P0H0L9	1	U-01	viridula	N. viridula
A0A9P0H0M0	2	U-02	viridula	N. viridula
A0A9P0H0M4	1	U-01	viridula	N. viridula
A0A9P0H0M5	1	U-01	viridula	N. viridula
A0A9P0H0N0	1	U-01	viridula	N. viridula
A0A9P0H0N2	1	U-01	viridula	N. viridula
A0A9P0H0N3	1	U-01	viridula	N. viridula
A0A9P0H0N4	1	U-01	viridula	N. viridula
A0A9P0H0N5	2	U-02	viridula	N. viridula
A0A9P0H0N8	2	U-02	viridula	N. viridula
A0A9P0H0P2	4	U-04	viridula	N. viridula
A0A9P0H0P6	2	U-02	viridula	N. viridula
A0A9P0H0P7	1	U-01	viridula	N. viridula
A0A9P0H0P9	2	U-02	viridula	N. viridula
A0A9P0H0Q0	1	U-01	viridula	N. viridula
A0A9P0H0Q2	4	U-04	viridula	N. viridula
A0A9P0H0Q3	1	U-01	viridula	N. viridula
A0A9P0H0Q4	2	U-02	viridula	N. viridula
A0A9P0H0Q5	1	U-01	viridula	N. viridula
A0A9P0H0Q7	1	U-01	viridula	N. viridula
A0A9P0H0Q8	2	U-02	viridula	N. viridula
A0A9P0H0Q9	1	U-01	viridula	N. viridula
A0A9P0H0R5	3	U-03	viridula	N. viridula
A0A9P0H0R6	2	U-02	viridula	N. viridula
A0A9P0H0R7	1	U-01	viridula	N. viridula
A0A9P0H0R9	1	U-01	viridula	N. viridula
A0A9P0H0S0	2	U-02	viridula	N. viridula
A0A9P0H0S3	1	U-01	viridula	N. viridula
A0A9P0H0S4	1	U-01	viridula	N. viridula
A0A9P0H0S8	1	U-01	viridula	N. viridula
A0A9P0H0S9	2	U-02	viridula	N. viridula
A0A9P0H0T0	1	U-01	viridula	N. viridula
A0A9P0H0T3	1	U-01	viridula	N. viridula
A0A9P0H0T4	1	U-01	viridula	N. viridula
A0A9P0H0T6	1	U-01	viridula	N. viridula
A0A9P0H0U0	1	U-01	viridula	N. viridula
A0A9P0H0U6	1	U-01	viridula	N. viridula
A0A9P0H0U9	2	U-02	viridula	N. viridula
A0A9P0H0V0	1	U-01	viridula	N. viridula
A0A9P0H0V3	0	unassigned	viridula	N. viridula
A0A9P0H0V4	0	unassigned	viridula	N. viridula
A0A9P0H0V7	1	U-01	viridula	N. viridula
A0A9P0H0V8	4	U-04	viridula	N. viridula
A0A9P0H0W1	1	U-01	viridula	N. viridula
A0A9P0H0W4	2	U-02	viridula	N. viridula
A0A9P0H0W6	2	U-02	viridula	N. viridula
A0A9P0H0X1	1	U-01	viridula	N. viridula
A0A9P0H0X2	1	U-01	viridula	N. viridula
A0A9P0H0X3	1	U-01	viridula	N. viridula
A0A9P0H0X6	2	U-02	viridula	N. viridula
A0A9P0H0X7	0	unassigned	viridula	N. viridula
A0A9P0H0X8	3	U-03	viridula	N. viridula
A0A9P0H0X9	1	U-01	viridula	N. viridula
A0A9P0H0Y3	3	U-03	viridula	N. viridula
A0A9P0H0Y4	2	U-02	viridula	N. viridula
A0A9P0H0Y6	0	unassigned	viridula	N. viridula
A0A9P0H0Y7	1	U-01	viridula	N. viridula
A0A9P0H0Y9	3	U-03	viridula	N. viridula
A0A9P0H0Z1	1	U-01	viridula	N. viridula
A0A9P0H0Z3	2	U-02	viridula	N. viridula
A0A9P0H0Z4	1	U-01	viridula	N. viridula
A0A9P0H0Z6	3	U-03	viridula	N. viridula
A0A9P0H0Z9	2	U-02	viridula	N. viridula
A0A9P0H101	1	U-01	viridula	N. viridula
A0A9P0H103	1	U-01	viridula	N. viridula
A0A9P0H104	2	U-02	viridula	N. viridula
A0A9P0H106	1	U-01	viridula	N. viridula
A0A9P0H107	1	U-01	viridula	N. viridula
A0A9P0H108	2	U-02	viridula	N. viridula
A0A9P0H109	1	U-01	viridula	N. viridula
A0A9P0H111	2	U-02	viridula	N. viridula
A0A9P0H112	1	U-01	viridula	N. viridula
A0A9P0H113	1	U-01	viridula	N. viridula
A0A9P0H115	2	U-02	viridula	N. viridula
A0A9P0H117	1	U-01	viridula	N. viridula
A0A9P0H119	1	U-01	viridula	N. viridula
A0A9P0H121	1	U-01	viridula	N. viridula
A0A9P0H124	1	U-01	viridula	N. viridula
A0A9P0H125	0	unassigned	viridula	N. viridula
A0A9P0H126	1	U-01	viridula	N. viridula
A0A9P0H129	1	U-01	viridula	N. viridula
A0A9P0H130	1	U-01	viridula	N. viridula
A0A9P0H131	1	U-01	viridula	N. viridula
A0A9P0H132	1	U-01	viridula	N. viridula
A0A9P0H133	2	U-02	viridula	N. viridula
A0A9P0H134	1	U-01	viridula	N. viridula
A0A9P0H137	2	U-02	viridula	N. viridula
A0A9P0H139	1	U-01	viridula	N. viridula
A0A9P0H140	2	U-02	viridula	N. viridula
A0A9P0H142	1	U-01	viridula	N. viridula
A0A9P0H144	1	U-01	viridula	N. viridula
A0A9P0HPE7	3	U-03	viridula	N. viridula
A0A9P0HPE9	3	U-03	viridula	N. viridula
A0A9P0HPF0	1	U-01	viridula	N. viridula
A0A9P0HPF1	2	U-02	viridula	N. viridula
A0A9P0HPF2	0	unassigned	viridula	N. viridula
A0A9P0HPF3	2	U-02	viridula	N. viridula
A0A9P0HPF5	2	U-02	viridula	N. viridula
A0A9P0HPF6	1	U-01	viridula	N. viridula
A0A9P0HPF8	3	U-03	viridula	N. viridula
A0A9P0HPG0	1	U-01	viridula	N. viridula
A0A9P0HPG1	1	U-01	viridula	N. viridula
A0A9P0HPG2	3	U-03	viridula	N. viridula
A0A9P0HPG3	3	U-03	viridula	N. viridula
A0A9P0HPG4	1	U-01	viridula	N. viridula
A0A9P0HPG5	1	U-01	viridula	N. viridula
A0A9P0HPG7	1	U-01	viridula	N. viridula
A0A9P0HPG8	1	U-01	viridula	N. viridula
A0A9P0HPG9	2	U-02	viridula	N. viridula
A0A9P0HPH3	3	U-03	viridula	N. viridula
A0A9P0HPH6	3	U-03	viridula	N. viridula
A0A9P0HPH9	1	U-01	viridula	N. viridula
A0A9P0HPI0	1	U-01	viridula	N. viridula
A0A9P0HPI2	2	U-02	viridula	N. viridula
A0A9P0HPI4	4	U-04	viridula	N. viridula
A0A9P0HPI6	1	U-01	viridula	N. viridula
A0A9P0HPI9	1	U-01	viridula	N. viridula
A0A9P0HPJ0	1	U-01	viridula	N. viridula
A0A9P0HPJ1	1	U-01	viridula	N. viridula
A0A9P0HPJ3	1	U-01	viridula	N. viridula
A0A9P0HPJ4	1	U-01	viridula	N. viridula
A0A9P0HPJ5	1	U-01	viridula	N. viridula
A0A9P0HPJ6	2	U-02	viridula	N. viridula
A0A9P0HPJ7	1	U-01	viridula	N. viridula
A0A9P0HPK0	2	U-02	viridula	N. viridula
A0A9P0HPK3	1	U-01	viridula	N. viridula
A0A9P0HPK4	1	U-01	viridula	N. viridula
A0A9P0HPK6	2	U-02	viridula	N. viridula
A0A9P0HPK7	1	U-01	viridula	N. viridula
A0A9P0HPK9	2	U-02	viridula	N. viridula
A0A9P0HPL1	0	unassigned	viridula	N. viridula
A0A9P0HPL2	2	U-02	viridula	N. viridula
A0A9P0HPL3	2	U-02	viridula	N. viridula
A0A9P0HPL4	1	U-01	viridula	N. viridula
A0A9P0HPL5	4	U-04	viridula	N. viridula
A0A9P0HPL7	1	U-01	viridula	N. viridula
A0A9P0HPL8	1	U-01	viridula	N. viridula
A0A9P0HPM3	1	U-01	viridula	N. viridula
A0A9P0HPM4	2	U-02	viridula	N. viridula
A0A9P0HPM5	1	U-01	viridula	N. viridula
A0A9P0HPM8	3	U-03	viridula	N. viridula
A0A9P0HPN0	2	U-02	viridula	N. viridula
A0A9P0HPN1	4	U-04	viridula	N. viridula
A0A9P0HPN3	0	unassigned	viridula	N. viridula
A0A9P0HPN4	1	U-01	viridula	N. viridula
A0A9P0HPN5	3	U-03	viridula	N. viridula
A0A9P0HPN7	4	U-04	viridula	N. viridula
A0A9P0HPP0	3	U-03	viridula	N. viridula
A0A9P0HPP1	4	U-04	viridula	N. viridula
A0A9P0HPP2	1	U-01	viridula	N. viridula
A0A9P0HPP4	2	U-02	viridula	N. viridula
A0A9P0HPP5	1	U-01	viridula	N. viridula
A0A9P0HPP8	1	U-01	viridula	N. viridula
A0A9P0HPQ1	4	U-04	viridula	N. viridula
A0A9P0HPQ2	1	U-01	viridula	N. viridula
A0A9P0HPQ3	1	U-01	viridula	N. viridula
A0A9P0HPQ5	1	U-01	viridula	N. viridula
A0A9P0HPQ7	1	U-01	viridula	N. viridula
A0A9P0HPQ8	2	U-02	viridula	N. viridula
A0A9P0HPQ9	1	U-01	viridula	N. viridula
A0A9P0HPR3	1	U-01	viridula	N. viridula
A0A9P0HPR4	3	U-03	viridula	N. viridula
A0A9P0HPR7	1	U-01	viridula	N. viridula
A0A9P0HPR8	0	unassigned	viridula	N. viridula
A0A9P0HPR9	2	U-02	viridula	N. viridula
A0A9P0HPS1	1	U-01	viridula	N. viridula
A0A9P0HPS3	2	U-02	viridula	N. viridula
A0A9P0HPS5	1	U-01	viridula	N. viridula
A0A9P0HPS6	2	U-02	viridula	N. viridula
A0A9P0HPS7	2	U-02	viridula	N. viridula
A0A9P0HPS8	2	U-02	viridula	N. viridula
A0A9P0HPT0	1	U-01	viridula	N. viridula
A0A9P0HPT1	2	U-02	viridula	N. viridula
A0A9P0HPT3	2	U-02	viridula	N. viridula
A0A9P0HPT5	1	U-01	viridula	N. viridula
A0A9P0HPT7	2	U-02	viridula	N. viridula
A0A9P0HPT8	2	U-02	viridula	N. viridula
A0A9P0HPT9	1	U-01	viridula	N. viridula
A0A9P0HPU0	1	U-01	viridula	N. viridula
A0A9P0HPU1	2	U-02	viridula	N. viridula
A0A9P0HPU2	2	U-02	viridula	N. viridula
A0A9P0HPU4	1	U-01	viridula	N. viridula
A0A9P0HPU5	1	U-01	viridula	N. viridula
A0A9P0HPU7	0	unassigned	viridula	N. viridula
A0A9P0HPU8	4	U-04	viridula	N. viridula
A0A9P0HPU9	0	unassigned	viridula	N. viridula
A0A9P0HPV0	2	U-02	viridula	N. viridula
A0A9P0HPV1	2	U-02	viridula	N. viridula
A0A9P0HPV3	0	unassigned	viridula	N. viridula
A0A9P0HPV4	1	U-01	viridula	N. viridula
A0A9P0HPV5	1	U-01	viridula	N. viridula
A0A9P0EA35	1	U-01	viridula	N. viridula
A0A9P0EA38	0	unassigned	viridula	N. viridula
A0A9P0EA41	1	U-01	viridula	N. viridula
A0A9P0EA43	1	U-01	viridula	N. viridula
A0A9P0EA44	1	U-01	viridula	N. viridula
A0A9P0EA47	1	U-01	viridula	N. viridula
A0A9P0EA58	1	U-01	viridula	N. viridula
A0A9P0EA60	0	unassigned	viridula	N. viridula
A0A9P0EA61	1	U-01	viridula	N. viridula
A0A9P0EA67	3	U-03	viridula	N. viridula
A0A9P0EA68	1	U-01	viridula	N. viridula
A0A9P0EA71	1	U-01	viridula	N. viridula
A0A9P0EA75	1	U-01	viridula	N. viridula
A0A9P0EA78	1	U-01	viridula	N. viridula
A0A9P0EA83	3	U-03	viridula	N. viridula
A0A9P0EA85	3	U-03	viridula	N. viridula
A0A9P0EA88	0	unassigned	viridula	N. viridula
A0A9P0EA96	1	U-01	viridula	N. viridula
A0A9P0EA97	1	U-01	viridula	N. viridula
A0A9P0EA98	1	U-01	viridula	N. viridula
A0A9P0EAA6	1	U-01	viridula	N. viridula
A0A9P0EAB5	0	unassigned	viridula	N. viridula
A0A9P0EAC2	0	unassigned	viridula	N. viridula
A0A9P0EAD2	3	U-03	viridula	N. viridula
A0A9P0EAD3	1	U-01	viridula	N. viridula
A0A9P0EAD7	1	U-01	viridula	N. viridula
A0A9P0EAD8	1	U-01	viridula	N. viridula
A0A9P0EAD9	1	U-01	viridula	N. viridula
A0A9P0EAF0	4	U-04	viridula	N. viridula
A0A9P0EAF1	1	U-01	viridula	N. viridula
A0A9P0EAG1	1	U-01	viridula	N. viridula
A0A9P0EAG2	0	unassigned	viridula	N. viridula
A0A9P0EAG4	1	U-01	viridula	N. viridula
A0A9P0EAG7	0	unassigned	viridula	N. viridula
A0A9P0EAH6	4	U-04	viridula	N. viridula
A0A9P0EAH7	0	unassigned	viridula	N. viridula
A0A9P0EAI1	4	U-04	viridula	N. viridula
A0A9P0EAI2	0	unassigned	viridula	N. viridula
A0A9P0EAI8	4	U-04	viridula	N. viridula
A0A9P0EAJ2	0	unassigned	viridula	N. viridula
A0A9P0EAJ3	1	U-01	viridula	N. viridula
A0A9P0EAJ8	3	U-03	viridula	N. viridula
A0A9P0EAJ9	1	U-01	viridula	N. viridula
A0A9P0EAK1	1	U-01	viridula	N. viridula
A0A9P0EAK2	0	unassigned	viridula	N. viridula
A0A9P0EAK3	3	U-03	viridula	N. viridula
A0A9P0EAL7	1	U-01	viridula	N. viridula
A0A9P0EAL8	1	U-01	viridula	N. viridula
A0A9P0EAM5	1	U-01	viridula	N. viridula
A0A9P0EAM6	1	U-01	viridula	N. viridula
A0A9P0EAM8	1	U-01	viridula	N. viridula
A0A9P0EAN2	1	U-01	viridula	N. viridula
A0A9P0EAN5	1	U-01	viridula	N. viridula
A0A9P0EAN8	3	U-03	viridula	N. viridula
A0A9P0EAP2	1	U-01	viridula	N. viridula
A0A9P0EAP7	1	U-01	viridula	N. viridula
A0A9P0EAP8	4	U-04	viridula	N. viridula
A0A9P0EAQ1	1	U-01	viridula	N. viridula
A0A9P0EAR0	0	unassigned	viridula	N. viridula
A0A9P0EAR1	1	U-01	viridula	N. viridula
A0A9P0EAR4	1	U-01	viridula	N. viridula
A0A9P0EAR6	1	U-01	viridula	N. viridula
A0A9P0EAR7	4	U-04	viridula	N. viridula
A0A9P0EAS1	1	U-01	viridula	N. viridula
A0A9P0EAS4	1	U-01	viridula	N. viridula
A0A9P0EAT1	1	U-01	viridula	N. viridula
A0A9P0EAT3	1	U-01	viridula	N. viridula
A0A9P0EAT4	4	U-04	viridula	N. viridula
A0A9P0EAT7	3	U-03	viridula	N. viridula
A0A9P0EAT8	1	U-01	viridula	N. viridula
A0A9P0H257	1	U-01	viridula	N. viridula
A0A9P0H263	3	U-03	viridula	N. viridula
A0A9P0H267	3	U-03	viridula	N. viridula
A0A9P0H269	4	U-04	viridula	N. viridula
A0A9P0H271	0	unassigned	viridula	N. viridula
A0A9P0H272	0	unassigned	viridula	N. viridula
A0A9P0H280	0	unassigned	viridula	N. viridula
A0A9P0H284	4	U-04	viridula	N. viridula
A0A9P0H285	1	U-01	viridula	N. viridula
A0A9P0H289	4	U-04	viridula	N. viridula
A0A9P0H291	4	U-04	viridula	N. viridula
A0A9P0H292	4	U-04	viridula	N. viridula
A0A9P0H293	1	U-01	viridula	N. viridula
A0A9P0H298	1	U-01	viridula	N. viridula
A0A9P0H2A2	1	U-01	viridula	N. viridula
A0A9P0H2A4	3	U-03	viridula	N. viridula
A0A9P0H2A9	1	U-01	viridula	N. viridula
A0A9P0H2B7	1	U-01	viridula	N. viridula
A0A9P0H2C2	1	U-01	viridula	N. viridula
A0A9P0H2C8	3	U-03	viridula	N. viridula
A0A9P0H2D1	3	U-03	viridula	N. viridula
A0A9P0H2D5	4	U-04	viridula	N. viridula
A0A9P0H2E7	4	U-04	viridula	N. viridula
A0A9P0H2E9	0	unassigned	viridula	N. viridula
A0A9P0H2F3	1	U-01	viridula	N. viridula
A0A9P0H2F7	1	U-01	viridula	N. viridula
A0A9P0H2F9	1	U-01	viridula	N. viridula
A0A9P0H2G3	1	U-01	viridula	N. viridula
A0A9P0H2H0	4	U-04	viridula	N. viridula
A0A9P0H2H3	1	U-01	viridula	N. viridula
A0A9P0E095	0	unassigned	viridula	N. viridula
A0A9P0E0A3	0	unassigned	viridula	N. viridula
A0A9P0E0A4	1	U-01	viridula	N. viridula
A0A9P0E0B0	1	U-01	viridula	N. viridula
A0A9P0E0B2	3	U-03	viridula	N. viridula
A0A9P0E0B3	1	U-01	viridula	N. viridula
A0A9P0E0B4	2	U-02	viridula	N. viridula
A0A9P0E0C0	2	U-02	viridula	N. viridula
A0A9P0E0C2	0	unassigned	viridula	N. viridula
A0A9P0E0D3	2	U-02	viridula	N. viridula
A0A9P0E0D5	1	U-01	viridula	N. viridula
A0A9P0E0D6	1	U-01	viridula	N. viridula
A0A9P0E0E1	1	U-01	viridula	N. viridula
A0A9P0E0E2	3	U-03	viridula	N. viridula
A0A9P0E0E5	2	U-02	viridula	N. viridula
A0A9P0E0E8	1	U-01	viridula	N. viridula
A0A9P0E0F0	1	U-01	viridula	N. viridula
A0A9P0E0F2	2	U-02	viridula	N. viridula
A0A9P0E0G0	2	U-02	viridula	N. viridula
A0A9P0E0G3	3	U-03	viridula	N. viridula
A0A9P0E0G9	1	U-01	viridula	N. viridula
A0A9P0E0H2	1	U-01	viridula	N. viridula
A0A9P0E0H3	2	U-02	viridula	N. viridula
A0A9P0E0I8	2	U-02	viridula	N. viridula
A0A9P0E0I9	2	U-02	viridula	N. viridula
A0A9P0E0J3	1	U-01	viridula	N. viridula
A0A9P0E0K2	1	U-01	viridula	N. viridula
A0A9P0E0K7	0	unassigned	viridula	N. viridula
A0A9P0E0K8	1	U-01	viridula	N. viridula
A0A9P0E0L0	1	U-01	viridula	N. viridula
A0A9P0E0L3	1	U-01	viridula	N. viridula
A0A9P0E0L6	1	U-01	viridula	N. viridula
A0A9P0E0L8	1	U-01	viridula	N. viridula
A0A9P0E0L9	3	U-03	viridula	N. viridula
A0A9P0E0M8	1	U-01	viridula	N. viridula
A0A9P0E0M9	1	U-01	viridula	N. viridula
A0A9P0E0N5	4	U-04	viridula	N. viridula
A0A9P0E0N7	1	U-01	viridula	N. viridula
A0A9P0E0P4	1	U-01	viridula	N. viridula
A0A9P0E0P9	4	U-04	viridula	N. viridula
A0A9P0E0Q1	1	U-01	viridula	N. viridula
A0A9P0E0Q4	1	U-01	viridula	N. viridula
A0A9P0E0Q5	2	U-02	viridula	N. viridula
A0A9P0E0R3	3	U-03	viridula	N. viridula
A0A9P0E0R8	1	U-01	viridula	N. viridula
A0A9P0E0S0	2	U-02	viridula	N. viridula
A0A9P0E0S9	1	U-01	viridula	N. viridula
A0A9P0E0T0	1	U-01	viridula	N. viridula
A0A9P0E0T1	1	U-01	viridula	N. viridula
A0A9P0E0T4	1	U-01	viridula	N. viridula
A0A9P0E0T7	1	U-01	viridula	N. viridula
A0A9P0E0T9	1	U-01	viridula	N. viridula
A0A9P0E0U3	1	U-01	viridula	N. viridula
A0A9P0E0U4	2	U-02	viridula	N. viridula
A0A9P0E0V3	1	U-01	viridula	N. viridula
A0A9P0E0V6	1	U-01	viridula	N. viridula
A0A9P0E0W1	0	unassigned	viridula	N. viridula
A0A9P0E0W3	1	U-01	viridula	N. viridula
A0A9P0E0W8	1	U-01	viridula	N. viridula
A0A9P0E0X0	1	U-01	viridula	N. viridula
A0A9P0E0X4	1	U-01	viridula	N. viridula
A0A9P0E0X6	4	U-04	viridula	N. viridula
A0A9P0E0Y2	3	U-03	viridula	N. viridula
A0A9P0E0Y4	1	U-01	viridula	N. viridula
A0A9P0E0Y6	2	U-02	viridula	N. viridula
A0A9P0E0Z2	3	U-03	viridula	N. viridula
A0A9P0E0Z7	0	unassigned	viridula	N. viridula
A0A9P0E101	1	U-01	viridula	N. viridula
A0A9P0E105	3	U-03	viridula	N. viridula
A0A9P0E107	2	U-02	viridula	N. viridula
A0A9P0E108	1	U-01	viridula	N. viridula
A0A9P0E112	1	U-01	viridula	N. viridula
A0A9P0E117	1	U-01	viridula	N. viridula
A0A9P0E118	1	U-01	viridula	N. viridula
A0A9P0E127	2	U-02	viridula	N. viridula
A0A9P0E128	0	unassigned	viridula	N. viridula
A0A9P0E132	1	U-01	viridula	N. viridula
A0A9P0E148	1	U-01	viridula	N. viridula
A0A9P0E150	1	U-01	viridula	N. viridula
A0A9P0E157	1	U-01	viridula	N. viridula
A0A9P0E158	2	U-02	viridula	N. viridula
A0A9P0E160	3	U-03	viridula	N. viridula
A0A9P0E167	1	U-01	viridula	N. viridula
A0A9P0E169	4	U-04	viridula	N. viridula
A0A9P0E175	1	U-01	viridula	N. viridula
A0A9P0E179	4	U-04	viridula	N. viridula
A0A9P0E185	1	U-01	viridula	N. viridula
A0A9P0E187	2	U-02	viridula	N. viridula
A0A9P0E190	1	U-01	viridula	N. viridula
A0A9P0E192	2	U-02	viridula	N. viridula
A0A9P0E197	4	U-04	viridula	N. viridula
A0A9P0E1A0	3	U-03	viridula	N. viridula
A0A9P0E1A4	1	U-01	viridula	N. viridula
A0A9P0E1B6	1	U-01	viridula	N. viridula
A0A9P0E1C2	3	U-03	viridula	N. viridula
A0A9P0E1C3	2	U-02	viridula	N. viridula
A0A9P0E1C6	1	U-01	viridula	N. viridula
A0A9P0E1C9	2	U-02	viridula	N. viridula
A0A9P0E1D2	1	U-01	viridula	N. viridula
A0A9P0E1D4	0	unassigned	viridula	N. viridula
A0A9P0E1D5	3	U-03	viridula	N. viridula
A0A9P0E1D8	1	U-01	viridula	N. viridula
A0A9P0E1F1	4	U-04	viridula	N. viridula
A0A9P0E1F8	4	U-04	viridula	N. viridula
A0A9P0E1G3	0	unassigned	viridula	N. viridula
A0A9P0E1G4	0	unassigned	viridula	N. viridula
A0A9P0E1G6	1	U-01	viridula	N. viridula
A0A9P0E1H0	0	unassigned	viridula	N. viridula
A0A9P0E1H6	0	unassigned	viridula	N. viridula
A0A9P0E1H8	2	U-02	viridula	N. viridula
A0A9P0E1I4	1	U-01	viridula	N. viridula
A0A9P0E1I7	2	U-02	viridula	N. viridula
A0A9P0E1I8	3	U-03	viridula	N. viridula
A0A9P0E1J6	1	U-01	viridula	N. viridula
A0A9P0E1J8	1	U-01	viridula	N. viridula
A0A9P0E1K4	2	U-02	viridula	N. viridula
A0A9P0E1K6	0	unassigned	viridula	N. viridula
A0A9P0E1K7	1	U-01	viridula	N. viridula
A0A9P0E1L4	1	U-01	viridula	N. viridula
A0A9P0E1L8	2	U-02	viridula	N. viridula
A0A9P0E1L9	1	U-01	viridula	N. viridula
A0A9P0E1M2	1	U-01	viridula	N. viridula
A0A9P0E1M3	4	U-04	viridula	N. viridula
A0A9P0E1M4	1	U-01	viridula	N. viridula
A0A9P0E1M8	1	U-01	viridula	N. viridula
A0A9P0E1N1	1	U-01	viridula	N. viridula
A0A9P0E1N3	3	U-03	viridula	N. viridula
A0A9P0E1N4	1	U-01	viridula	N. viridula
A0A9P0E1N6	1	U-01	viridula	N. viridula
A0A9P0E1N7	1	U-01	viridula	N. viridula
A0A9P0E1P1	1	U-01	viridula	N. viridula
A0A9P0E1P2	1	U-01	viridula	N. viridula
A0A9P0E1P3	1	U-01	viridula	N. viridula
A0A9P0E1P4	1	U-01	viridula	N. viridula
A0A9P0E1P8	1	U-01	viridula	N. viridula
A0A9P0E1Q3	2	U-02	viridula	N. viridula
A0A9P0E1Q4	2	U-02	viridula	N. viridula
A0A9P0E1Q6	1	U-01	viridula	N. viridula
A0A9P0E1Q8	2	U-02	viridula	N. viridula
A0A9P0E1R2	3	U-03	viridula	N. viridula
A0A9P0E1R3	2	U-02	viridula	N. viridula
A0A9P0E1R5	1	U-01	viridula	N. viridula
A0A9P0E1S1	2	U-02	viridula	N. viridula
A0A9P0E1S5	1	U-01	viridula	N. viridula
A0A9P0E1S8	2	U-02	viridula	N. viridula
A0A9P0E1T3	3	U-03	viridula	N. viridula
A0A9P0E1T6	1	U-01	viridula	N. viridula
A0A9P0E1T7	1	U-01	viridula	N. viridula
A0A9P0E1U1	2	U-02	viridula	N. viridula
A0A9P0E1U3	1	U-01	viridula	N. viridula
A0A9P0E1U4	2	U-02	viridula	N. viridula
A0A9P0E1U5	4	U-04	viridula	N. viridula
A0A9P0E1U6	2	U-02	viridula	N. viridula
A0A9P0E1U7	1	U-01	viridula	N. viridula
A0A9P0E1V3	1	U-01	viridula	N. viridula
A0A9P0E1V4	1	U-01	viridula	N. viridula
A0A9P0E1V5	0	unassigned	viridula	N. viridula
A0A9P0E1V6	2	U-02	viridula	N. viridula
A0A9P0E1W4	3	U-03	viridula	N. viridula
A0A9P0E1W5	2	U-02	viridula	N. viridula
A0A9P0E1W7	2	U-02	viridula	N. viridula
A0A9P0E1X2	1	U-01	viridula	N. viridula
A0A9P0E1X4	0	unassigned	viridula	N. viridula
A0A9P0E1X5	2	U-02	viridula	N. viridula
A0A9P0E1Y1	1	U-01	viridula	N. viridula
A0A9P0E1Y2	2	U-02	viridula	N. viridula
A0A9P0E1Y5	1	U-01	viridula	N. viridula
A0A9P0E1Y7	1	U-01	viridula	N. viridula
A0A9P0E1Z0	1	U-01	viridula	N. viridula
A0A9P0E1Z2	2	U-02	viridula	N. viridula
A0A9P0E364	2	U-02	viridula	N. viridula
A0A9P0E365	3	U-03	viridula	N. viridula
A0A9P0E367	1	U-01	viridula	N. viridula
A0A9P0E372	1	U-01	viridula	N. viridula
A0A9P0E374	1	U-01	viridula	N. viridula
A0A9P0E376	1	U-01	viridula	N. viridula
A0A9P0E378	1	U-01	viridula	N. viridula
A0A9P0E383	1	U-01	viridula	N. viridula
A0A9P0E384	1	U-01	viridula	N. viridula
A0A9P0E387	1	U-01	viridula	N. viridula
A0A9P0E388	2	U-02	viridula	N. viridula
A0A9P0E389	4	U-04	viridula	N. viridula
A0A9P0E392	2	U-02	viridula	N. viridula
A0A9P0E395	0	unassigned	viridula	N. viridula
A0A9P0E396	2	U-02	viridula	N. viridula
A0A9P0E3A2	1	U-01	viridula	N. viridula
A0A9P0E3A3	1	U-01	viridula	N. viridula
A0A9P0E3A6	1	U-01	viridula	N. viridula
A0A9P0E3A8	1	U-01	viridula	N. viridula
A0A9P0E3B0	2	U-02	viridula	N. viridula
A0A9P0E3B1	1	U-01	viridula	N. viridula
A0A9P0E3B5	1	U-01	viridula	N. viridula
A0A9P0E3B7	3	U-03	viridula	N. viridula
A0A9P0E3B8	0	unassigned	viridula	N. viridula
A0A9P0E3C1	2	U-02	viridula	N. viridula
A0A9P0E3C3	2	U-02	viridula	N. viridula
A0A9P0E3C4	2	U-02	viridula	N. viridula
A0A9P0E3C5	2	U-02	viridula	N. viridula
A0A9P0E3C9	2	U-02	viridula	N. viridula
A0A9P0E3D2	0	unassigned	viridula	N. viridula
A0A9P0E3D5	1	U-01	viridula	N. viridula
A0A9P0E3D9	2	U-02	viridula	N. viridula
A0A9P0E3E2	1	U-01	viridula	N. viridula
A0A9P0E3E5	1	U-01	viridula	N. viridula
A0A9P0E3E6	2	U-02	viridula	N. viridula
A0A9P0E3F0	2	U-02	viridula	N. viridula
A0A9P0E3F2	2	U-02	viridula	N. viridula
A0A9P0E3F5	1	U-01	viridula	N. viridula
A0A9P0E3F6	0	unassigned	viridula	N. viridula
A0A9P0E3F9	0	unassigned	viridula	N. viridula
A0A9P0E3G2	1	U-01	viridula	N. viridula
A0A9P0E3G3	0	unassigned	viridula	N. viridula
A0A9P0E3G4	2	U-02	viridula	N. viridula
A0A9P0E3G5	2	U-02	viridula	N. viridula
A0A9P0E3H0	1	U-01	viridula	N. viridula
A0A9P0E3H3	1	U-01	viridula	N. viridula
A0A9P0E3H6	2	U-02	viridula	N. viridula
A0A9P0E3H8	2	U-02	viridula	N. viridula
A0A9P0E3I0	1	U-01	viridula	N. viridula
A0A9P0E3I1	1	U-01	viridula	N. viridula
A0A9P0E3I5	2	U-02	viridula	N. viridula
A0A9P0E3J4	0	unassigned	viridula	N. viridula
A0A9P0E3J5	0	unassigned	viridula	N. viridula
A0A9P0E3J8	1	U-01	viridula	N. viridula
A0A9P0E3K1	1	U-01	viridula	N. viridula
A0A9P0E3K3	2	U-02	viridula	N. viridula
A0A9P0E3K4	1	U-01	viridula	N. viridula
A0A9P0E3K5	1	U-01	viridula	N. viridula
A0A9P0E3L3	1	U-01	viridula	N. viridula
A0A9P0E3L5	1	U-01	viridula	N. viridula
A0A9P0E3L9	1	U-01	viridula	N. viridula
A0A9P0E3M0	0	unassigned	viridula	N. viridula
A0A9P0E3M1	2	U-02	viridula	N. viridula
A0A9P0E3M7	1	U-01	viridula	N. viridula
A0A9P0E3M8	1	U-01	viridula	N. viridula
A0A9P0E3N0	1	U-01	viridula	N. viridula
A0A9P0E3N1	0	unassigned	viridula	N. viridula
A0A9P0E3N2	1	U-01	viridula	N. viridula
A0A9P0E3N4	2	U-02	viridula	N. viridula
A0A9P0E3N8	1	U-01	viridula	N. viridula
A0A9P0E3N9	1	U-01	viridula	N. viridula
A0A9P0E3P2	2	U-02	viridula	N. viridula
A0A9P0E3P3	0	unassigned	viridula	N. viridula
A0A9P0E3P4	1	U-01	viridula	N. viridula
A0A9P0E3P7	1	U-01	viridula	N. viridula
A0A9P0E3P8	2	U-02	viridula	N. viridula
A0A9P0E3Q0	1	U-01	viridula	N. viridula
A0A9P0E3Q1	2	U-02	viridula	N. viridula
A0A9P0E3Q3	1	U-01	viridula	N. viridula
A0A9P0E3Q5	1	U-01	viridula	N. viridula
A0A9P0E3Q7	1	U-01	viridula	N. viridula
A0A9P0E3Q8	2	U-02	viridula	N. viridula
A0A9P0E3R3	2	U-02	viridula	N. viridula
A0A9P0E3R4	1	U-01	viridula	N. viridula
A0A9P0E3R5	1	U-01	viridula	N. viridula
A0A9P0E3R7	2	U-02	viridula	N. viridula
A0A9P0E3R9	4	U-04	viridula	N. viridula
A0A9P0E3S1	1	U-01	viridula	N. viridula
A0A9P0E3S2	1	U-01	viridula	N. viridula
A0A9P0E3S8	1	U-01	viridula	N. viridula
A0A9P0E3S9	2	U-02	viridula	N. viridula
A0A9P0E3T1	2	U-02	viridula	N. viridula
A0A9P0E3T2	1	U-01	viridula	N. viridula
A0A9P0E3T4	3	U-03	viridula	N. viridula
A0A9P0E3T7	1	U-01	viridula	N. viridula
A0A9P0E3T8	1	U-01	viridula	N. viridula
A0A9P0E3T9	1	U-01	viridula	N. viridula
A0A9P0E3U1	0	unassigned	viridula	N. viridula
A0A9P0DXA0	1	U-01	viridula	N. viridula
A0A9P0DXA6	3	U-03	viridula	N. viridula
A0A9P0DXC8	1	U-01	viridula	N. viridula
A0A9P0DXF3	3	U-03	viridula	N. viridula
A0A9P0DXH7	1	U-01	viridula	N. viridula
A0A9P0DXJ4	3	U-03	viridula	N. viridula
A0A9P0DXK6	1	U-01	viridula	N. viridula
A0A9P0DXK7	1	U-01	viridula	N. viridula
A0A9P0DXM7	0	unassigned	viridula	N. viridula
A0A9P0DXP3	0	unassigned	viridula	N. viridula
A0A9P0DXQ0	0	unassigned	viridula	N. viridula
A0A9P0DXR0	1	U-01	viridula	N. viridula
A0A9P0DXT0	0	unassigned	viridula	N. viridula
A0A9P0DXT5	1	U-01	viridula	N. viridula
A0A9P0DXU2	3	U-03	viridula	N. viridula
A0A9P0DXU7	0	unassigned	viridula	N. viridula
A0A9P0DXV1	1	U-01	viridula	N. viridula
A0A9P0DXY0	1	U-01	viridula	N. viridula
A0A9P0DXZ1	4	U-04	viridula	N. viridula
A0A9P0DY10	1	U-01	viridula	N. viridula
A0A9P0DY47	1	U-01	viridula	N. viridula
A0A9P0DY59	3	U-03	viridula	N. viridula
A0A9P0DY67	1	U-01	viridula	N. viridula
A0A9P0DY72	3	U-03	viridula	N. viridula
A0A9P0DYB8	4	U-04	viridula	N. viridula
A0A9P0DYB9	1	U-01	viridula	N. viridula
A0A9P0DYD6	1	U-01	viridula	N. viridula
A0A9P0DYD7	1	U-01	viridula	N. viridula
A0A9P0DYE9	0	unassigned	viridula	N. viridula
A0A9P0DYG4	1	U-01	viridula	N. viridula
A0A9P0DYH1	1	U-01	viridula	N. viridula
A0A9P0DYH3	3	U-03	viridula	N. viridula
A0A9P0EDB7	0	unassigned	viridula	N. viridula
A0A9P0EDB8	2	U-02	viridula	N. viridula
A0A9P0EDB9	1	U-01	viridula	N. viridula
A0A9P0EDC0	1	U-01	viridula	N. viridula
A0A9P0EDC1	1	U-01	viridula	N. viridula
A0A9P0EDC4	0	unassigned	viridula	N. viridula
A0A9P0EDC8	1	U-01	viridula	N. viridula
A0A9P0EDD0	4	U-04	viridula	N. viridula
A0A9P0EDD2	1	U-01	viridula	N. viridula
A0A9P0EDD5	1	U-01	viridula	N. viridula
A0A9P0EDD6	1	U-01	viridula	N. viridula
A0A9P0EDD8	1	U-01	viridula	N. viridula
A0A9P0EDE0	1	U-01	viridula	N. viridula
A0A9P0EDE2	1	U-01	viridula	N. viridula
A0A9P0EDE5	1	U-01	viridula	N. viridula
A0A9P0EDE6	2	U-02	viridula	N. viridula
A0A9P0EDE7	1	U-01	viridula	N. viridula
A0A9P0EDF2	2	U-02	viridula	N. viridula
A0A9P0EDF8	1	U-01	viridula	N. viridula
A0A9P0EDG0	1	U-01	viridula	N. viridula
A0A9P0EDG2	1	U-01	viridula	N. viridula
A0A9P0EDG5	1	U-01	viridula	N. viridula
A0A9P0EDG7	1	U-01	viridula	N. viridula
A0A9P0EDG9	1	U-01	viridula	N. viridula
A0A9P0EDH1	1	U-01	viridula	N. viridula
A0A9P0EDH2	1	U-01	viridula	N. viridula
A0A9P0EDH6	2	U-02	viridula	N. viridula
A0A9P0EDH7	1	U-01	viridula	N. viridula
A0A9P0EDH8	1	U-01	viridula	N. viridula
A0A9P0EDI2	0	unassigned	viridula	N. viridula
A0A9P0EDI5	3	U-03	viridula	N. viridula
A0A9P0EDI6	2	U-02	viridula	N. viridula
A0A9P0EDI8	1	U-01	viridula	N. viridula
A0A9P0EDJ1	3	U-03	viridula	N. viridula
A0A9P0EDJ3	2	U-02	viridula	N. viridula
A0A9P0EDJ7	2	U-02	viridula	N. viridula
A0A9P0EDJ8	0	unassigned	viridula	N. viridula
A0A9P0EDJ9	1	U-01	viridula	N. viridula
A0A9P0EDK0	1	U-01	viridula	N. viridula
A0A9P0EDK2	0	unassigned	viridula	N. viridula
A0A9P0EDK9	2	U-02	viridula	N. viridula
A0A9P0EDL0	1	U-01	viridula	N. viridula
A0A9P0EDL1	4	U-04	viridula	N. viridula
A0A9P0EDL3	1	U-01	viridula	N. viridula
A0A9P0EDL6	1	U-01	viridula	N. viridula
A0A9P0EDL7	3	U-03	viridula	N. viridula
A0A9P0EDL8	3	U-03	viridula	N. viridula
A0A9P0EDL9	1	U-01	viridula	N. viridula
A0A9P0EDM3	2	U-02	viridula	N. viridula
A0A9P0EDM8	1	U-01	viridula	N. viridula
A0A9P0EDN1	0	unassigned	viridula	N. viridula
A0A9P0EDN3	2	U-02	viridula	N. viridula
A0A9P0EDN4	2	U-02	viridula	N. viridula
A0A9P0EDN7	1	U-01	viridula	N. viridula
A0A9P0EDN8	2	U-02	viridula	N. viridula
A0A9P0EDP3	1	U-01	viridula	N. viridula
A0A9P0EDP5	2	U-02	viridula	N. viridula
A0A9P0EDP6	1	U-01	viridula	N. viridula
A0A9P0EDP7	3	U-03	viridula	N. viridula
A0A9P0EDQ3	1	U-01	viridula	N. viridula
A0A9P0EDQ4	2	U-02	viridula	N. viridula
A0A9P0EDQ6	3	U-03	viridula	N. viridula
A0A9P0EDQ7	2	U-02	viridula	N. viridula
A0A9P0EDQ8	1	U-01	viridula	N. viridula
A0A9P0EDR0	2	U-02	viridula	N. viridula
A0A9P0EDR2	3	U-03	viridula	N. viridula
A0A9P0EDR3	1	U-01	viridula	N. viridula
A0A9P0EDR8	2	U-02	viridula	N. viridula
A0A9P0EDS0	1	U-01	viridula	N. viridula
A0A9P0EDS2	3	U-03	viridula	N. viridula
A0A9P0EDS3	0	unassigned	viridula	N. viridula
A0A9P0EDT0	0	unassigned	viridula	N. viridula
A0A9P0EDT2	2	U-02	viridula	N. viridula
A0A9P0EDT3	2	U-02	viridula	N. viridula
A0A9P0EDT4	1	U-01	viridula	N. viridula
A0A9P0EDT5	0	unassigned	viridula	N. viridula
A0A9P0EDT8	2	U-02	viridula	N. viridula
A0A9P0EDT9	2	U-02	viridula	N. viridula
A0A9P0EDU0	1	U-01	viridula	N. viridula
A0A9P0EDU1	1	U-01	viridula	N. viridula
A0A9P0EDU2	2	U-02	viridula	N. viridula
A0A9P0EDU4	1	U-01	viridula	N. viridula
A0A9P0EDU7	1	U-01	viridula	N. viridula
A0A9P0EDV2	2	U-02	viridula	N. viridula
A0A9P0EDV3	1	U-01	viridula	N. viridula
A0A9P0EDV4	4	U-04	viridula	N. viridula
A0A9P0EDV7	0	unassigned	viridula	N. viridula
A0A9P0EDV8	0	unassigned	viridula	N. viridula
A0A9P0EDW1	2	U-02	viridula	N. viridula
A0A9P0EDW2	1	U-01	viridula	N. viridula
A0A9P0EDW4	1	U-01	viridula	N. viridula
A0A9P0EDX6	1	U-01	viridula	N. viridula
A0A9P0EDX8	2	U-02	viridula	N. viridula
A0A9P0EDX9	1	U-01	viridula	N. viridula
A0A9P0EDY2	2	U-02	viridula	N. viridula
A0A9P0EDY3	1	U-01	viridula	N. viridula
A0A9P0EDY8	1	U-01	viridula	N. viridula
A0A9P0EDZ0	2	U-02	viridula	N. viridula
A0A9P0EDZ2	2	U-02	viridula	N. viridula
A0A9P0EDZ5	1	U-01	viridula	N. viridula
A0A9P0HFK4	0	unassigned	viridula	N. viridula
A0A9P0HFL3	1	U-01	viridula	N. viridula
A0A9P0HFL5	0	unassigned	viridula	N. viridula
A0A9P0HFL8	1	U-01	viridula	N. viridula
A0A9P0HFM0	1	U-01	viridula	N. viridula
A0A9P0HFM3	3	U-03	viridula	N. viridula
A0A9P0HFM7	0	unassigned	viridula	N. viridula
A0A9P0HFM9	1	U-01	viridula	N. viridula
A0A9P0HFN3	1	U-01	viridula	N. viridula
A0A9P0HFN5	4	U-04	viridula	N. viridula
A0A9P0HFN7	1	U-01	viridula	N. viridula
A0A9P0HFN9	3	U-03	viridula	N. viridula
A0A9P0HFQ0	1	U-01	viridula	N. viridula
A0A9P0HFQ4	3	U-03	viridula	N. viridula
A0A9P0HFQ9	1	U-01	viridula	N. viridula
A0A9P0HFR0	1	U-01	viridula	N. viridula
A0A9P0HFR3	3	U-03	viridula	N. viridula
A0A9P0HFR4	1	U-01	viridula	N. viridula
A0A9P0HFR6	1	U-01	viridula	N. viridula
A0A9P0HFR8	1	U-01	viridula	N. viridula
A0A9P0HFS1	1	U-01	viridula	N. viridula
A0A9P0HFS3	1	U-01	viridula	N. viridula
A0A9P0HFT0	1	U-01	viridula	N. viridula
A0A9P0HFT6	1	U-01	viridula	N. viridula
A0A9P0HFT7	1	U-01	viridula	N. viridula
A0A9P0HFU0	1	U-01	viridula	N. viridula
A0A9P0HFU2	1	U-01	viridula	N. viridula
A0A9P0HFU5	1	U-01	viridula	N. viridula
A0A9P0HFU7	1	U-01	viridula	N. viridula
A0A9P0HFV3	1	U-01	viridula	N. viridula
A0A9P0HFV7	1	U-01	viridula	N. viridula
A0A9P0HFW1	3	U-03	viridula	N. viridula
A0A9P0HFW2	1	U-01	viridula	N. viridula
A0A9P0HFW5	4	U-04	viridula	N. viridula
A0A9P0HFW6	1	U-01	viridula	N. viridula
A0A9P0HFX2	1	U-01	viridula	N. viridula
A0A9P0HFX6	1	U-01	viridula	N. viridula
A0A9P0HFX7	1	U-01	viridula	N. viridula
A0A9P0HFX9	1	U-01	viridula	N. viridula
A0A9P0HFY2	1	U-01	viridula	N. viridula
A0A9P0HFY3	3	U-03	viridula	N. viridula
A0A9P0HFY9	3	U-03	viridula	N. viridula
A0A9P0HFZ2	1	U-01	viridula	N. viridula
A0A9P0HFZ6	4	U-04	viridula	N. viridula
A0A9P0HG00	0	unassigned	viridula	N. viridula
A0A9P0HG02	3	U-03	viridula	N. viridula
A0A9P0HG05	0	unassigned	viridula	N. viridula
A0A9P0HG06	4	U-04	viridula	N. viridula
A0A9P0HG10	0	unassigned	viridula	N. viridula
A0A9P0HG21	1	U-01	viridula	N. viridula
A0A9P0HG23	1	U-01	viridula	N. viridula
A0A9P0HG25	0	unassigned	viridula	N. viridula
A0A9P0HG29	4	U-04	viridula	N. viridula
A0A9P0HG31	1	U-01	viridula	N. viridula
A0A9P0HG34	1	U-01	viridula	N. viridula
A0A9P0HG37	1	U-01	viridula	N. viridula
A0A9P0HG38	0	unassigned	viridula	N. viridula
A0A9P0HG45	1	U-01	viridula	N. viridula
A0A9P0HG47	0	unassigned	viridula	N. viridula
A0A9P0HG49	3	U-03	viridula	N. viridula
A0A9P0HG52	1	U-01	viridula	N. viridula
A0A9P0HG53	1	U-01	viridula	N. viridula
A0A9P0HG56	1	U-01	viridula	N. viridula
A0A9P0HG63	1	U-01	viridula	N. viridula
A0A9P0HG64	3	U-03	viridula	N. viridula
A0A9P0HG66	1	U-01	viridula	N. viridula
A0A9P0HG72	1	U-01	viridula	N. viridula
A0A9P0HG77	1	U-01	viridula	N. viridula
A0A9P0HG83	1	U-01	viridula	N. viridula
A0A9P0HG90	1	U-01	viridula	N. viridula
A0A9P0HG92	4	U-04	viridula	N. viridula
A0A9P0HG93	1	U-01	viridula	N. viridula
A0A9P0HG94	1	U-01	viridula	N. viridula
A0A9P0HG96	1	U-01	viridula	N. viridula
A0A9P0HG98	1	U-01	viridula	N. viridula
A0A9P0HGA2	1	U-01	viridula	N. viridula
A0A9P0HGA3	1	U-01	viridula	N. viridula
A0A9P0HGA6	4	U-04	viridula	N. viridula
A0A9P0HGA9	1	U-01	viridula	N. viridula
A0A9P0HGC2	1	U-01	viridula	N. viridula
A0A9P0HGC3	1	U-01	viridula	N. viridula
A0A9P0HGC6	1	U-01	viridula	N. viridula
A0A9P0HGD0	4	U-04	viridula	N. viridula
A0A9P0HGD3	1	U-01	viridula	N. viridula
A0A9P0HGD5	1	U-01	viridula	N. viridula
A0A9P0HGD6	1	U-01	viridula	N. viridula
A0A9P0HGD9	1	U-01	viridula	N. viridula
A0A9P0HGE0	1	U-01	viridula	N. viridula
A0A9P0HGE1	3	U-03	viridula	N. viridula
A0A9P0HGE4	1	U-01	viridula	N. viridula
A0A9P0HGE7	1	U-01	viridula	N. viridula
A0A9P0HGE8	0	unassigned	viridula	N. viridula
A0A9P0HGF0	1	U-01	viridula	N. viridula
A0A9P0HGF8	1	U-01	viridula	N. viridula
A0A9P0HGG3	0	unassigned	viridula	N. viridula
A0A9P0HGG5	1	U-01	viridula	N. viridula
A0A9P0HGH1	0	unassigned	viridula	N. viridula
A0A9P0HGH4	1	U-01	viridula	N. viridula
A0A9P0HTK1	4	U-04	viridula	N. viridula
A0A9P0HTK7	3	U-03	viridula	N. viridula
A0A9P0HTK8	1	U-01	viridula	N. viridula
A0A9P0HTL0	1	U-01	viridula	N. viridula
A0A9P0HTL2	4	U-04	viridula	N. viridula
A0A9P0HTL4	1	U-01	viridula	N. viridula
A0A9P0HTM6	1	U-01	viridula	N. viridula
A0A9P0HTM8	1	U-01	viridula	N. viridula
A0A9P0HTN5	3	U-03	viridula	N. viridula
A0A9P0HTP2	1	U-01	viridula	N. viridula
A0A9P0HTP3	3	U-03	viridula	N. viridula
A0A9P0HTP4	1	U-01	viridula	N. viridula
A0A9P0HTP6	1	U-01	viridula	N. viridula
A0A9P0HTQ0	3	U-03	viridula	N. viridula
A0A9P0HTQ1	3	U-03	viridula	N. viridula
A0A9P0HTQ9	3	U-03	viridula	N. viridula
A0A9P0HTR0	1	U-01	viridula	N. viridula
A0A9P0HTR6	1	U-01	viridula	N. viridula
A0A9P0HTR7	1	U-01	viridula	N. viridula
A0A9P0HTS5	1	U-01	viridula	N. viridula
A0A9P0HTT1	1	U-01	viridula	N. viridula
A0A9P0HTT9	1	U-01	viridula	N. viridula
A0A9P0HTU9	1	U-01	viridula	N. viridula
A0A9P0HTV0	4	U-04	viridula	N. viridula
A0A9P0HTV4	1	U-01	viridula	N. viridula
A0A9P0HTV7	0	unassigned	viridula	N. viridula
A0A9P0HTV8	3	U-03	viridula	N. viridula
A0A9P0HTW4	1	U-01	viridula	N. viridula
A0A9P0HTW6	1	U-01	viridula	N. viridula
A0A9P0HTW8	1	U-01	viridula	N. viridula
A0A9P0HTX1	1	U-01	viridula	N. viridula
A0A9P0HTX2	1	U-01	viridula	N. viridula
A0A9P0HTX5	1	U-01	viridula	N. viridula
A0A9P0HTX7	3	U-03	viridula	N. viridula
A0A9P0HTY0	1	U-01	viridula	N. viridula
A0A9P0HTY8	3	U-03	viridula	N. viridula
A0A9P0HTY9	4	U-04	viridula	N. viridula
A0A9P0HTZ0	4	U-04	viridula	N. viridula
A0A9P0HU16	4	U-04	viridula	N. viridula
A0A9P0HU17	3	U-03	viridula	N. viridula
A0A9P0HU18	1	U-01	viridula	N. viridula
A0A9P0HU19	4	U-04	viridula	N. viridula
A0A9P0HU29	1	U-01	viridula	N. viridula
A0A9P0HU30	1	U-01	viridula	N. viridula
A0A9P0HU34	1	U-01	viridula	N. viridula
A0A9P0HU36	3	U-03	viridula	N. viridula
A0A9P0HU37	4	U-04	viridula	N. viridula
A0A9P0HU49	1	U-01	viridula	N. viridula
A0A9P0HU57	1	U-01	viridula	N. viridula
A0A9P0HU63	1	U-01	viridula	N. viridula
A0A9P0HU67	1	U-01	viridula	N. viridula
A0A9P0HU74	1	U-01	viridula	N. viridula
A0A9P0HU78	4	U-04	viridula	N. viridula
A0A9P0HU81	1	U-01	viridula	N. viridula
A0A9P0HU91	1	U-01	viridula	N. viridula
A0A9P0HU96	1	U-01	viridula	N. viridula
A0A9P0HU98	1	U-01	viridula	N. viridula
A0A9P0HUA2	3	U-03	viridula	N. viridula
A0A9P0HUA7	3	U-03	viridula	N. viridula
A0A9P0HUB2	1	U-01	viridula	N. viridula
A0A9P0HUB4	1	U-01	viridula	N. viridula
A0A9P0HUB6	1	U-01	viridula	N. viridula
A0A9P0HUB9	1	U-01	viridula	N. viridula
A0A9P0HUC2	3	U-03	viridula	N. viridula
A0A9P0HUC3	4	U-04	viridula	N. viridula
A0A9P0HUC5	1	U-01	viridula	N. viridula
A0A9P0HUD9	2	U-02	viridula	N. viridula
A0A9P0HUE1	4	U-04	viridula	N. viridula
A0A9P0HUE3	1	U-01	viridula	N. viridula
A0A9P0HUE4	0	unassigned	viridula	N. viridula
A0A9P0HUE8	3	U-03	viridula	N. viridula
A0A9P0HUF1	4	U-04	viridula	N. viridula
A0A9P0HUG7	1	U-01	viridula	N. viridula
A0A9P0HUH9	1	U-01	viridula	N. viridula
A0A9P0HUI0	4	U-04	viridula	N. viridula
A0A9P0HUI3	1	U-01	viridula	N. viridula
A0A9P0HUI5	1	U-01	viridula	N. viridula
A0A9P0HUI9	1	U-01	viridula	N. viridula
A0A9P0HUJ3	4	U-04	viridula	N. viridula
A0A9P0HUK9	1	U-01	viridula	N. viridula
A0A9P0HUL1	1	U-01	viridula	N. viridula
A0A9P0HUL6	1	U-01	viridula	N. viridula
A0A9P0HUL9	4	U-04	viridula	N. viridula
A0A9P0HUM6	0	unassigned	viridula	N. viridula
A0A9P0HUM9	0	unassigned	viridula	N. viridula
A0A9P0HUP3	1	U-01	viridula	N. viridula
A0A9P0HUP6	3	U-03	viridula	N. viridula
A0A9P0HUQ6	0	unassigned	viridula	N. viridula
A0A9P0HUT2	4	U-04	viridula	N. viridula
A0A9P0HUT3	1	U-01	viridula	N. viridula
A0A9P0HUT6	1	U-01	viridula	N. viridula
A0A9P0HUU0	1	U-01	viridula	N. viridula
A0A9P0HUV0	1	U-01	viridula	N. viridula
A0A9P0HUV2	3	U-03	viridula	N. viridula
A0A9P0HUV4	1	U-01	viridula	N. viridula
A0A9P0HUW1	1	U-01	viridula	N. viridula
A0A9P0HUW2	3	U-03	viridula	N. viridula
A0A9P0HUW4	3	U-03	viridula	N. viridula
A0A9P0HUX7	4	U-04	viridula	N. viridula
A0A9P0MV28	4	U-04	viridula	N. viridula
A0A9P0MV33	1	U-01	viridula	N. viridula
A0A9P0MV35	4	U-04	viridula	N. viridula
A0A9P0H9Z7	1	U-01	viridula	N. viridula
A0A9P0HA00	1	U-01	viridula	N. viridula
A0A9P0HA02	1	U-01	viridula	N. viridula
A0A9P0HA08	1	U-01	viridula	N. viridula
A0A9P0HA10	3	U-03	viridula	N. viridula
A0A9P0HA12	1	U-01	viridula	N. viridula
A0A9P0HA14	1	U-01	viridula	N. viridula
A0A9P0HA20	3	U-03	viridula	N. viridula
A0A9P0HA23	4	U-04	viridula	N. viridula
A0A9P0HA25	1	U-01	viridula	N. viridula
A0A9P0HA29	1	U-01	viridula	N. viridula
A0A9P0HA32	1	U-01	viridula	N. viridula
A0A9P0HA33	0	unassigned	viridula	N. viridula
A0A9P0HA36	3	U-03	viridula	N. viridula
A0A9P0HA41	1	U-01	viridula	N. viridula
A0A9P0HA45	1	U-01	viridula	N. viridula
A0A9P0HA46	0	unassigned	viridula	N. viridula
A0A9P0HA48	0	unassigned	viridula	N. viridula
A0A9P0HA52	1	U-01	viridula	N. viridula
A0A9P0HA54	1	U-01	viridula	N. viridula
A0A9P0HA55	1	U-01	viridula	N. viridula
A0A9P0HA57	1	U-01	viridula	N. viridula
A0A9P0HA61	3	U-03	viridula	N. viridula
A0A9P0HA63	1	U-01	viridula	N. viridula
A0A9P0HA65	3	U-03	viridula	N. viridula
A0A9P0HA68	1	U-01	viridula	N. viridula
A0A9P0HA69	1	U-01	viridula	N. viridula
A0A9P0HA70	1	U-01	viridula	N. viridula
A0A9P0HA73	3	U-03	viridula	N. viridula
A0A9P0HJN5	1	U-01	viridula	N. viridula
A0A9P0HJN7	1	U-01	viridula	N. viridula
A0A9P0HJN8	1	U-01	viridula	N. viridula
A0A9P0HJP3	1	U-01	viridula	N. viridula
A0A9P0HJP8	1	U-01	viridula	N. viridula
A0A9P0HJP9	0	unassigned	viridula	N. viridula
A0A9P0HJQ1	0	unassigned	viridula	N. viridula
A0A9P0HJQ2	1	U-01	viridula	N. viridula
A0A9P0HJQ3	2	U-02	viridula	N. viridula
A0A9P0HJQ4	1	U-01	viridula	N. viridula
A0A9P0HJQ5	2	U-02	viridula	N. viridula
A0A9P0HJQ6	2	U-02	viridula	N. viridula
A0A9P0HJQ7	1	U-01	viridula	N. viridula
A0A9P0HJQ9	2	U-02	viridula	N. viridula
A0A9P0HJR1	1	U-01	viridula	N. viridula
A0A9P0HJR2	1	U-01	viridula	N. viridula
A0A9P0HJR3	2	U-02	viridula	N. viridula
A0A9P0HJR4	0	unassigned	viridula	N. viridula
A0A9P0HJR5	2	U-02	viridula	N. viridula
A0A9P0HJR8	1	U-01	viridula	N. viridula
A0A9P0HJR9	1	U-01	viridula	N. viridula
A0A9P0HJS0	1	U-01	viridula	N. viridula
A0A9P0HJS2	1	U-01	viridula	N. viridula
A0A9P0HJS3	4	U-04	viridula	N. viridula
A0A9P0HJS4	3	U-03	viridula	N. viridula
A0A9P0HJS5	1	U-01	viridula	N. viridula
A0A9P0HJS6	1	U-01	viridula	N. viridula
A0A9P0HJS7	1	U-01	viridula	N. viridula
A0A9P0HJS9	3	U-03	viridula	N. viridula
A0A9P0HJT3	1	U-01	viridula	N. viridula
A0A9P0HJT7	2	U-02	viridula	N. viridula
A0A9P0HJU2	1	U-01	viridula	N. viridula
A0A9P0HJU3	1	U-01	viridula	N. viridula
A0A9P0HJU4	1	U-01	viridula	N. viridula
A0A9P0HJU7	2	U-02	viridula	N. viridula
A0A9P0HJU8	1	U-01	viridula	N. viridula
A0A9P0HJU9	1	U-01	viridula	N. viridula
A0A9P0HJV0	3	U-03	viridula	N. viridula
A0A9P0HJV2	1	U-01	viridula	N. viridula
A0A9P0HJV3	2	U-02	viridula	N. viridula
A0A9P0HJV4	0	unassigned	viridula	N. viridula
A0A9P0HJV8	2	U-02	viridula	N. viridula
A0A9P0HJV9	3	U-03	viridula	N. viridula
A0A9P0HJW1	0	unassigned	viridula	N. viridula
A0A9P0HJW3	2	U-02	viridula	N. viridula
A0A9P0HJW5	1	U-01	viridula	N. viridula
A0A9P0HJW6	1	U-01	viridula	N. viridula
A0A9P0HJW7	0	unassigned	viridula	N. viridula
A0A9P0HJW9	1	U-01	viridula	N. viridula
A0A9P0HJX3	1	U-01	viridula	N. viridula
A0A9P0HJX4	3	U-03	viridula	N. viridula
A0A9P0HJX5	2	U-02	viridula	N. viridula
A0A9P0HJX6	1	U-01	viridula	N. viridula
A0A9P0HJX7	1	U-01	viridula	N. viridula
A0A9P0HJX9	3	U-03	viridula	N. viridula
A0A9P0HJY3	1	U-01	viridula	N. viridula
A0A9P0HJY5	1	U-01	viridula	N. viridula
A0A9P0HJY7	2	U-02	viridula	N. viridula
A0A9P0HJY8	2	U-02	viridula	N. viridula
A0A9P0HJY9	2	U-02	viridula	N. viridula
A0A9P0HJZ1	4	U-04	viridula	N. viridula
A0A9P0HJZ2	1	U-01	viridula	N. viridula
A0A9P0HJZ3	1	U-01	viridula	N. viridula
A0A9P0HJZ4	1	U-01	viridula	N. viridula
A0A9P0HJZ5	2	U-02	viridula	N. viridula
A0A9P0HJZ6	1	U-01	viridula	N. viridula
A0A9P0HJZ7	1	U-01	viridula	N. viridula
A0A9P0HJZ8	2	U-02	viridula	N. viridula
A0A9P0HK01	1	U-01	viridula	N. viridula
A0A9P0HK04	1	U-01	viridula	N. viridula
A0A9P0HK05	1	U-01	viridula	N. viridula
A0A9P0HK06	1	U-01	viridula	N. viridula
A0A9P0HK07	1	U-01	viridula	N. viridula
A0A9P0HK10	1	U-01	viridula	N. viridula
A0A9P0HK11	1	U-01	viridula	N. viridula
A0A9P0HK12	1	U-01	viridula	N. viridula
A0A9P0HK14	4	U-04	viridula	N. viridula
A0A9P0HK17	1	U-01	viridula	N. viridula
A0A9P0HK20	1	U-01	viridula	N. viridula
A0A9P0HK22	1	U-01	viridula	N. viridula
A0A9P0HK23	2	U-02	viridula	N. viridula
A0A9P0HK24	2	U-02	viridula	N. viridula
A0A9P0HK25	3	U-03	viridula	N. viridula
A0A9P0HK26	2	U-02	viridula	N. viridula
A0A9P0HK27	2	U-02	viridula	N. viridula
A0A9P0HK28	1	U-01	viridula	N. viridula
A0A9P0HK29	1	U-01	viridula	N. viridula
A0A9P0HK30	1	U-01	viridula	N. viridula
A0A9P0HK33	1	U-01	viridula	N. viridula
A0A9P0HK34	2	U-02	viridula	N. viridula
A0A9P0HK35	1	U-01	viridula	N. viridula
A0A9P0HK36	2	U-02	viridula	N. viridula
A0A9P0HK37	2	U-02	viridula	N. viridula
A0A9P0HK38	1	U-01	viridula	N. viridula
A0A9P0HK39	1	U-01	viridula	N. viridula
A0A9P0HK40	0	unassigned	viridula	N. viridula
A0A9P0HK42	4	U-04	viridula	N. viridula
A0A9P0HK43	2	U-02	viridula	N. viridula
A0A9P0HK44	2	U-02	viridula	N. viridula
A0A9P0HK45	0	unassigned	viridula	N. viridula
A0A9P0HK46	2	U-02	viridula	N. viridula
A0A9P0HK48	1	U-01	viridula	N. viridula
A0A9P0HK49	2	U-02	viridula	N. viridula
A0A9P0HK50	2	U-02	viridula	N. viridula
A0A9P0HK51	2	U-02	viridula	N. viridula
A0A9P0HK53	1	U-01	viridula	N. viridula
A0A9P0HK54	1	U-01	viridula	N. viridula
A0A9P0HK55	2	U-02	viridula	N. viridula
A0A9P0HK56	1	U-01	viridula	N. viridula
A0A9P0HK58	3	U-03	viridula	N. viridula
A0A9P0HK59	1	U-01	viridula	N. viridula
A0A9P0HK60	1	U-01	viridula	N. viridula
A0A9P0HK64	2	U-02	viridula	N. viridula
A0A9P0HK65	1	U-01	viridula	N. viridula
A0A9P0HK66	2	U-02	viridula	N. viridula
A0A9P0HK68	1	U-01	viridula	N. viridula
A0A9P0HK69	1	U-01	viridula	N. viridula
A0A9P0HK70	1	U-01	viridula	N. viridula
A0A9P0HK72	1	U-01	viridula	N. viridula
A0A9P0HK73	1	U-01	viridula	N. viridula
A0A9P0HK74	3	U-03	viridula	N. viridula
A0A9P0HK76	1	U-01	viridula	N. viridula
A0A9P0HK83	1	U-01	viridula	N. viridula
A0A9P0HK84	2	U-02	viridula	N. viridula
A0A9P0HK85	1	U-01	viridula	N. viridula
A0A9P0HK86	1	U-01	viridula	N. viridula
A0A9P0HK88	1	U-01	viridula	N. viridula
A0A9P0HK89	1	U-01	viridula	N. viridula
A0A9P0HK90	1	U-01	viridula	N. viridula
A0A9P0HK91	0	unassigned	viridula	N. viridula
A0A9P0HK92	1	U-01	viridula	N. viridula
A0A9P0HK94	1	U-01	viridula	N. viridula
A0A9P0HK95	1	U-01	viridula	N. viridula
A0A9P0HK96	4	U-04	viridula	N. viridula
A0A9P0HK98	2	U-02	viridula	N. viridula
A0A9P0HK99	0	unassigned	viridula	N. viridula
A0A9P0HKA0	1	U-01	viridula	N. viridula
A0A9P0HKA1	1	U-01	viridula	N. viridula
A0A9P0HKA2	2	U-02	viridula	N. viridula
A0A9P0HKA3	1	U-01	viridula	N. viridula
A0A9P0HKA4	1	U-01	viridula	N. viridula
A0A9P0HKA5	1	U-01	viridula	N. viridula
A0A9P0HKA7	3	U-03	viridula	N. viridula
A0A9P0HKA9	2	U-02	viridula	N. viridula
A0A9P0HKB0	0	unassigned	viridula	N. viridula
A0A9P0HKB1	3	U-03	viridula	N. viridula
A0A9P0HKB5	2	U-02	viridula	N. viridula
A0A9P0HKB7	1	U-01	viridula	N. viridula
A0A9P0HKB8	2	U-02	viridula	N. viridula
A0A9P0HKC0	1	U-01	viridula	N. viridula
A0A9P0HKC1	1	U-01	viridula	N. viridula
A0A9P0HKC2	4	U-04	viridula	N. viridula
A0A9P0HKC4	0	unassigned	viridula	N. viridula
A0A9P0HKC5	1	U-01	viridula	N. viridula
A0A9P0HKC6	1	U-01	viridula	N. viridula
A0A9P0HKC7	1	U-01	viridula	N. viridula
A0A9P0HKC8	2	U-02	viridula	N. viridula
A0A9P0HKD0	1	U-01	viridula	N. viridula
A0A9P0HKD3	2	U-02	viridula	N. viridula
A0A9P0HKD5	0	unassigned	viridula	N. viridula
A0A9P0HKD7	1	U-01	viridula	N. viridula
A0A9P0HKD8	2	U-02	viridula	N. viridula
A0A9P0HKE0	1	U-01	viridula	N. viridula
A0A9P0HKE2	1	U-01	viridula	N. viridula
A0A9P0HKE3	2	U-02	viridula	N. viridula
A0A9P0HKE4	1	U-01	viridula	N. viridula
A0A9P0HKE7	1	U-01	viridula	N. viridula
A0A9P0HKF0	4	U-04	viridula	N. viridula
A0A9P0HKF1	1	U-01	viridula	N. viridula
A0A9P0HKF5	1	U-01	viridula	N. viridula
A0A9P0HKF6	1	U-01	viridula	N. viridula
A0A9P0HKF7	1	U-01	viridula	N. viridula
A0A9P0HKF8	1	U-01	viridula	N. viridula
A0A9P0HKF9	3	U-03	viridula	N. viridula
A0A9P0HKG0	1	U-01	viridula	N. viridula
A0A9P0HKG1	2	U-02	viridula	N. viridula
A0A9P0HKG2	2	U-02	viridula	N. viridula
A0A9P0HKG3	1	U-01	viridula	N. viridula
A0A9P0HKG4	0	unassigned	viridula	N. viridula
A0A9P0HKG5	1	U-01	viridula	N. viridula
A0A9P0HKG8	2	U-02	viridula	N. viridula
A0A9P0HKG9	1	U-01	viridula	N. viridula
A0A9P0HKH1	1	U-01	viridula	N. viridula
A0A9P0HKH2	1	U-01	viridula	N. viridula
A0A9P0HKH3	0	unassigned	viridula	N. viridula
A0A9P0HKH4	2	U-02	viridula	N. viridula
A0A9P0HKH6	1	U-01	viridula	N. viridula
A0A9P0HKH7	1	U-01	viridula	N. viridula
A0A9P0HKH8	2	U-02	viridula	N. viridula
A0A9P0HKI0	1	U-01	viridula	N. viridula
A0A9P0HKI3	0	unassigned	viridula	N. viridula
A0A9P0HKI4	2	U-02	viridula	N. viridula
A0A9P0HKI5	2	U-02	viridula	N. viridula
A0A9P0HKI8	2	U-02	viridula	N. viridula
A0A9P0HKJ1	2	U-02	viridula	N. viridula
A0A9P0HKJ2	2	U-02	viridula	N. viridula
A0A9P0HKJ6	1	U-01	viridula	N. viridula
A0A9P0HKJ8	4	U-04	viridula	N. viridula
A0A9P0HKK2	2	U-02	viridula	N. viridula
A0A9P0HKK3	1	U-01	viridula	N. viridula
A0A9P0HKK4	1	U-01	viridula	N. viridula
A0A9P0HKK7	1	U-01	viridula	N. viridula
A0A9P0HKK8	1	U-01	viridula	N. viridula
A0A9P0HKK9	2	U-02	viridula	N. viridula
A0A9P0HKL1	3	U-03	viridula	N. viridula
A0A9P0HKL2	1	U-01	viridula	N. viridula
A0A9P0HKL5	1	U-01	viridula	N. viridula
A0A9P0HKL6	3	U-03	viridula	N. viridula
A0A9P0HKL8	1	U-01	viridula	N. viridula
A0A9P0HKM0	1	U-01	viridula	N. viridula
A0A9P0HKM2	1	U-01	viridula	N. viridula
A0A9P0HKM3	2	U-02	viridula	N. viridula
A0A9P0HKM5	1	U-01	viridula	N. viridula
A0A9P0HKM6	1	U-01	viridula	N. viridula
A0A9P0HKM7	1	U-01	viridula	N. viridula
A0A9P0HKN2	1	U-01	viridula	N. viridula
A0A9P0HKN3	1	U-01	viridula	N. viridula
A0A9P0HKN5	1	U-01	viridula	N. viridula
A0A9P0HKN6	0	unassigned	viridula	N. viridula
A0A9P0HKN8	3	U-03	viridula	N. viridula
A0A9P0HKP1	1	U-01	viridula	N. viridula
A0A9P0HKP2	1	U-01	viridula	N. viridula
A0A9P0HKP3	1	U-01	viridula	N. viridula
A0A9P0HKP4	1	U-01	viridula	N. viridula
A0A9P0HKP5	2	U-02	viridula	N. viridula
A0A9P0HKP6	1	U-01	viridula	N. viridula
A0A9P0HKP8	1	U-01	viridula	N. viridula
A0A9P0HKP9	2	U-02	viridula	N. viridula
A0A9P0HKQ0	1	U-01	viridula	N. viridula
A0A9P0HKQ1	1	U-01	viridula	N. viridula
A0A9P0HKQ2	1	U-01	viridula	N. viridula
A0A9P0HKQ4	1	U-01	viridula	N. viridula
A0A9P0HKQ6	2	U-02	viridula	N. viridula
A0A9P0HKQ7	1	U-01	viridula	N. viridula
A0A9P0HKQ8	1	U-01	viridula	N. viridula
A0A9P0HKQ9	1	U-01	viridula	N. viridula
A0A9P0HKR3	2	U-02	viridula	N. viridula
A0A9P0HKR7	1	U-01	viridula	N. viridula
A0A9P0HKR8	1	U-01	viridula	N. viridula
A0A9P0HKR9	2	U-02	viridula	N. viridula
A0A9P0HKS1	1	U-01	viridula	N. viridula
A0A9P0HKS2	1	U-01	viridula	N. viridula
A0A9P0HKS3	4	U-04	viridula	N. viridula
A0A9P0HKS4	1	U-01	viridula	N. viridula
A0A9P0HKS5	2	U-02	viridula	N. viridula
A0A9P0HKS8	1	U-01	viridula	N. viridula
A0A9P0HKT1	1	U-01	viridula	N. viridula
A0A9P0HKT2	1	U-01	viridula	N. viridula
A0A9P0HKT3	2	U-02	viridula	N. viridula
A0A9P0HKT4	1	U-01	viridula	N. viridula
A0A9P0HKT5	2	U-02	viridula	N. viridula
A0A9P0HKT6	1	U-01	viridula	N. viridula
A0A9P0HKT7	1	U-01	viridula	N. viridula
A0A9P0HKU1	3	U-03	viridula	N. viridula
A0A9P0HKU2	2	U-02	viridula	N. viridula
A0A9P0HKU7	1	U-01	viridula	N. viridula
A0A9P0HKU8	4	U-04	viridula	N. viridula
A0A9P0HKV1	2	U-02	viridula	N. viridula
A0A9P0HKV2	1	U-01	viridula	N. viridula
A0A9P0HKV4	0	unassigned	viridula	N. viridula
A0A9P0HKV5	1	U-01	viridula	N. viridula
A0A9P0HKV6	1	U-01	viridula	N. viridula
A0A9P0HKV7	2	U-02	viridula	N. viridula
A0A9P0HKV8	2	U-02	viridula	N. viridula
A0A9P0HKW1	1	U-01	viridula	N. viridula
A0A9P0HKW3	0	unassigned	viridula	N. viridula
A0A9P0HKW4	4	U-04	viridula	N. viridula
A0A9P0HKW5	1	U-01	viridula	N. viridula
A0A9P0HKW6	1	U-01	viridula	N. viridula
A0A9P0HKW7	1	U-01	viridula	N. viridula
A0A9P0HKW8	1	U-01	viridula	N. viridula
A0A9P0H2Z0	1	U-01	viridula	N. viridula
A0A9P0H2Z8	1	U-01	viridula	N. viridula
A0A9P0H327	1	U-01	viridula	N. viridula
A0A9P0H338	1	U-01	viridula	N. viridula
A0A9P0H340	1	U-01	viridula	N. viridula
A0A9P0H349	1	U-01	viridula	N. viridula
A0A9P0H350	1	U-01	viridula	N. viridula
A0A9P0H355	1	U-01	viridula	N. viridula
A0A9P0H3F5	3	U-03	viridula	N. viridula
A0A9P0H3J3	1	U-01	viridula	N. viridula
A0A9P0H3N5	3	U-03	viridula	N. viridula
A0A9P0H3S2	1	U-01	viridula	N. viridula
A0A9P0H3V9	1	U-01	viridula	N. viridula
A0A9P0H3W4	1	U-01	viridula	N. viridula
A0A9P0H425	1	U-01	viridula	N. viridula
A0A9P0H466	1	U-01	viridula	N. viridula
A0A9P0H4A5	1	U-01	viridula	N. viridula
A0A9P0H4B5	3	U-03	viridula	N. viridula
A0A9P0H4B7	1	U-01	viridula	N. viridula
A0A9P0H4F1	1	U-01	viridula	N. viridula
A0A9P0H4F9	3	U-03	viridula	N. viridula
A0A9P0H4H4	1	U-01	viridula	N. viridula
A0A9P0H4J8	3	U-03	viridula	N. viridula
A0A9P0H4L3	1	U-01	viridula	N. viridula
A0A9P0H4M5	1	U-01	viridula	N. viridula
A0A9P0H4S5	1	U-01	viridula	N. viridula
A0A9P0H4S8	3	U-03	viridula	N. viridula
A0A9P0H4V8	3	U-03	viridula	N. viridula
A0A9P0H4X1	1	U-01	viridula	N. viridula
A0A9P0H4X8	1	U-01	viridula	N. viridula
A0A9P0H530	1	U-01	viridula	N. viridula
A0A9P0H576	1	U-01	viridula	N. viridula
A0A9P0H5C3	1	U-01	viridula	N. viridula
A0A9P0H5M2	1	U-01	viridula	N. viridula
A0A9P0H676	1	U-01	viridula	N. viridula
A0A9P0H679	1	U-01	viridula	N. viridula
A0A9P0H6A5	1	U-01	viridula	N. viridula
A0A9P0H6J2	1	U-01	viridula	N. viridula
A0A9P0H6M2	1	U-01	viridula	N. viridula
A0A9P0H6R7	1	U-01	viridula	N. viridula
A0A9P0H6W1	1	U-01	viridula	N. viridula
A0A9P0H7A9	1	U-01	viridula	N. viridula
A0A9P0H7I9	3	U-03	viridula	N. viridula
A0A9P0H7M6	1	U-01	viridula	N. viridula
A0A9P0H7N6	1	U-01	viridula	N. viridula
A0A9P0H7P9	1	U-01	viridula	N. viridula
A0A9P0H7S6	1	U-01	viridula	N. viridula
A0A9P0H7Z2	3	U-03	viridula	N. viridula
A0A9P0H8B2	1	U-01	viridula	N. viridula
A0A9P0H8G8	1	U-01	viridula	N. viridula
A0A9P0H8H5	1	U-01	viridula	N. viridula
A0A9P0H8I5	1	U-01	viridula	N. viridula
A0A9P0H8X2	1	U-01	viridula	N. viridula
A0A9P0H939	1	U-01	viridula	N. viridula
A0A9P0H988	1	U-01	viridula	N. viridula
A0A9P0H997	1	U-01	viridula	N. viridula
A0A9P0H9M9	1	U-01	viridula	N. viridula
A0A9P0H9R3	1	U-01	viridula	N. viridula
A0A9P0H9R9	1	U-01	viridula	N. viridula
A0A9P0H9W1	1	U-01	viridula	N. viridula
A0A9P0H9X8	1	U-01	viridula	N. viridula
A0A9P0HA13	1	U-01	viridula	N. viridula
A0A9P0HA15	1	U-01	viridula	N. viridula
A0A9P0HA16	1	U-01	viridula	N. viridula
A0A9P0HA35	1	U-01	viridula	N. viridula
A0A9P0HA37	1	U-01	viridula	N. viridula
A0A9P0HA59	1	U-01	viridula	N. viridula
A0A9P0HA71	1	U-01	viridula	N. viridula
A0A9P0HA74	1	U-01	viridula	N. viridula
A0A9P0HA80	1	U-01	viridula	N. viridula
A0A9P0HA99	1	U-01	viridula	N. viridula
A0A9P0HAB4	4	U-04	viridula	N. viridula
A0A9P0HAB7	4	U-04	viridula	N. viridula
A0A9P0HAH1	1	U-01	viridula	N. viridula
A0A9P0HAH4	4	U-04	viridula	N. viridula
A0A9P0HAJ2	1	U-01	viridula	N. viridula
A0A9P0HAL2	4	U-04	viridula	N. viridula
A0A9P0HAP5	1	U-01	viridula	N. viridula
A0A9P0HCW3	1	U-01	viridula	N. viridula
A0A9P0HCW4	1	U-01	viridula	N. viridula
A0A9P0HCW7	1	U-01	viridula	N. viridula
A0A9P0HCX0	1	U-01	viridula	N. viridula
A0A9P0HCX2	0	unassigned	viridula	N. viridula
A0A9P0HCX8	1	U-01	viridula	N. viridula
A0A9P0HCY0	1	U-01	viridula	N. viridula
A0A9P0HCY5	1	U-01	viridula	N. viridula
A0A9P0HCY7	1	U-01	viridula	N. viridula
A0A9P0HCY8	1	U-01	viridula	N. viridula
A0A9P0HCZ5	1	U-01	viridula	N. viridula
A0A9P0HCZ7	4	U-04	viridula	N. viridula
A0A9P0HCZ8	4	U-04	viridula	N. viridula
A0A9P0HD00	1	U-01	viridula	N. viridula
A0A9P0HD02	0	unassigned	viridula	N. viridula
A0A9P0HD03	1	U-01	viridula	N. viridula
A0A9P0HD05	0	unassigned	viridula	N. viridula
A0A9P0HD07	1	U-01	viridula	N. viridula
A0A9P0HD09	4	U-04	viridula	N. viridula
A0A9P0HD12	1	U-01	viridula	N. viridula
A0A9P0HD15	1	U-01	viridula	N. viridula
A0A9P0HD20	1	U-01	viridula	N. viridula
A0A9P0H225	1	U-01	viridula	N. viridula
A0A9P0H228	1	U-01	viridula	N. viridula
A0A9P0H229	1	U-01	viridula	N. viridula
A0A9P0H231	4	U-04	viridula	N. viridula
A0A9P0H232	3	U-03	viridula	N. viridula
A0A9P0H234	2	U-02	viridula	N. viridula
A0A9P0H239	1	U-01	viridula	N. viridula
A0A9P0H240	2	U-02	viridula	N. viridula
A0A9P0H241	1	U-01	viridula	N. viridula
A0A9P0H242	2	U-02	viridula	N. viridula
A0A9P0H244	0	unassigned	viridula	N. viridula
A0A9P0H245	1	U-01	viridula	N. viridula
A0A9P0H247	2	U-02	viridula	N. viridula
A0A9P0H249	1	U-01	viridula	N. viridula
A0A9P0H250	1	U-01	viridula	N. viridula
A0A9P0H252	2	U-02	viridula	N. viridula
A0A9P0H253	1	U-01	viridula	N. viridula
A0A9P0H258	1	U-01	viridula	N. viridula
A0A9P0H259	1	U-01	viridula	N. viridula
A0A9P0H260	1	U-01	viridula	N. viridula
A0A9P0H261	2	U-02	viridula	N. viridula
A0A9P0H262	1	U-01	viridula	N. viridula
A0A9P0H264	0	unassigned	viridula	N. viridula
A0A9P0H266	1	U-01	viridula	N. viridula
A0A9P0H268	0	unassigned	viridula	N. viridula
A0A9P0H273	1	U-01	viridula	N. viridula
A0A9P0H274	0	unassigned	viridula	N. viridula
A0A9P0H275	1	U-01	viridula	N. viridula
A0A9P0HC26	3	U-03	viridula	N. viridula
A0A9P0HC27	1	U-01	viridula	N. viridula
A0A9P0HC28	3	U-03	viridula	N. viridula
A0A9P0HC31	1	U-01	viridula	N. viridula
A0A9P0HC33	1	U-01	viridula	N. viridula
A0A9P0HC34	1	U-01	viridula	N. viridula
A0A9P0HC35	1	U-01	viridula	N. viridula
A0A9P0HC38	1	U-01	viridula	N. viridula
A0A9P0HC39	1	U-01	viridula	N. viridula
A0A9P0HC42	1	U-01	viridula	N. viridula
A0A9P0HC43	1	U-01	viridula	N. viridula
A0A9P0HC44	1	U-01	viridula	N. viridula
A0A9P0HC55	1	U-01	viridula	N. viridula
A0A9P0HC56	3	U-03	viridula	N. viridula
A0A9P0HC57	1	U-01	viridula	N. viridula
A0A9P0HC60	0	unassigned	viridula	N. viridula
A0A9P0HC62	1	U-01	viridula	N. viridula
A0A9P0HC64	0	unassigned	viridula	N. viridula
A0A9P0HC68	1	U-01	viridula	N. viridula
A0A9P0HC69	1	U-01	viridula	N. viridula
A0A9P0HC70	1	U-01	viridula	N. viridula
A0A9P0HC71	1	U-01	viridula	N. viridula
A0A9P0HC72	1	U-01	viridula	N. viridula
A0A9P0HC75	1	U-01	viridula	N. viridula
A0A9P0HC76	1	U-01	viridula	N. viridula
A0A9P0HC80	0	unassigned	viridula	N. viridula
A0A9P0HC81	4	U-04	viridula	N. viridula
A0A9P0HC84	1	U-01	viridula	N. viridula
A0A9P0HC85	0	unassigned	viridula	N. viridula
A0A9P0HC88	4	U-04	viridula	N. viridula
A0A9P0HC90	4	U-04	viridula	N. viridula
A0A9P0HC91	0	unassigned	viridula	N. viridula
A0A9P0HC96	1	U-01	viridula	N. viridula
A0A9P0HC98	1	U-01	viridula	N. viridula
A0A9P0HCA0	1	U-01	viridula	N. viridula
A0A9P0HCA4	0	unassigned	viridula	N. viridula
A0A9P0HCA6	1	U-01	viridula	N. viridula
A0A9P0HCA9	4	U-04	viridula	N. viridula
A0A9P0HCB1	1	U-01	viridula	N. viridula
A0A9P0HCB3	1	U-01	viridula	N. viridula
A0A9P0HCB4	1	U-01	viridula	N. viridula
A0A9P0HCB5	1	U-01	viridula	N. viridula
A0A9P0HCC0	4	U-04	viridula	N. viridula
A0A9P0HCC1	1	U-01	viridula	N. viridula
A0A9P0HCC2	1	U-01	viridula	N. viridula
A0A9P0HCC4	1	U-01	viridula	N. viridula
A0A9P0HCC5	3	U-03	viridula	N. viridula
A0A9P0HCC7	1	U-01	viridula	N. viridula
A0A9P0HCD0	1	U-01	viridula	N. viridula
A0A9P0HCD2	1	U-01	viridula	N. viridula
A0A9P0HCD5	1	U-01	viridula	N. viridula
A0A9P0HCD6	1	U-01	viridula	N. viridula
A0A9P0HCD7	1	U-01	viridula	N. viridula
A0A9P0HCD8	1	U-01	viridula	N. viridula
A0A9P0HCE0	1	U-01	viridula	N. viridula
A0A9P0HCE5	1	U-01	viridula	N. viridula
A0A9P0HCE7	1	U-01	viridula	N. viridula
A0A9P0HCF2	3	U-03	viridula	N. viridula
A0A9P0HCG0	1	U-01	viridula	N. viridula
A0A9P0HCG2	1	U-01	viridula	N. viridula
A0A9P0HCG6	0	unassigned	viridula	N. viridula
A0A9P0HCH7	1	U-01	viridula	N. viridula
A0A9P0HCH9	3	U-03	viridula	N. viridula
A0A9P0HCI3	1	U-01	viridula	N. viridula
A0A9P0HCI9	0	unassigned	viridula	N. viridula
A0A9P0HCJ3	3	U-03	viridula	N. viridula
A0A9P0HCJ4	1	U-01	viridula	N. viridula
A0A9P0HCJ5	1	U-01	viridula	N. viridula
A0A9P0HCK5	0	unassigned	viridula	N. viridula
A0A9P0HCK9	3	U-03	viridula	N. viridula
A0A9P0HCL2	1	U-01	viridula	N. viridula
A0A9P0HCL4	1	U-01	viridula	N. viridula
A0A9P0E7H5	1	U-01	viridula	N. viridula
A0A9P0E7H7	1	U-01	viridula	N. viridula
A0A9P0E7I7	1	U-01	viridula	N. viridula
A0A9P0E7I9	1	U-01	viridula	N. viridula
A0A9P0E7J1	1	U-01	viridula	N. viridula
A0A9P0E7J5	4	U-04	viridula	N. viridula
A0A9P0E7J8	1	U-01	viridula	N. viridula
A0A9P0E7K0	1	U-01	viridula	N. viridula
A0A9P0E7K4	1	U-01	viridula	N. viridula
A0A9P0E7K6	3	U-03	viridula	N. viridula
A0A9P0E7L7	1	U-01	viridula	N. viridula
A0A9P0E7L9	1	U-01	viridula	N. viridula
A0A9P0E7M1	3	U-03	viridula	N. viridula
A0A9P0E7M6	1	U-01	viridula	N. viridula
A0A9P0E7M8	1	U-01	viridula	N. viridula
A0A9P0E7N0	3	U-03	viridula	N. viridula
A0A9P0E7P2	1	U-01	viridula	N. viridula
A0A9P0E7P3	1	U-01	viridula	N. viridula
A0A9P0E7P4	1	U-01	viridula	N. viridula
A0A9P0E7Q1	1	U-01	viridula	N. viridula
A0A9P0E7Q4	4	U-04	viridula	N. viridula
A0A9P0E7R1	1	U-01	viridula	N. viridula
A0A9P0E7R3	1	U-01	viridula	N. viridula
A0A9P0E7R5	1	U-01	viridula	N. viridula
A0A9P0E7S4	1	U-01	viridula	N. viridula
A0A9P0E7S5	1	U-01	viridula	N. viridula
A0A9P0E7S7	3	U-03	viridula	N. viridula
A0A9P0E7T0	3	U-03	viridula	N. viridula
A0A9P0E7T4	4	U-04	viridula	N. viridula
A0A9P0E7T7	1	U-01	viridula	N. viridula
A0A9P0E7U0	1	U-01	viridula	N. viridula
A0A9P0E7U5	1	U-01	viridula	N. viridula
A0A9P0E7U7	0	unassigned	viridula	N. viridula
A0A9P0E7V2	1	U-01	viridula	N. viridula
A0A9P0E7V3	1	U-01	viridula	N. viridula
A0A9P0E7V6	1	U-01	viridula	N. viridula
A0A9P0E7W8	3	U-03	viridula	N. viridula
A0A9P0E7X1	1	U-01	viridula	N. viridula
A0A9P0E7X6	1	U-01	viridula	N. viridula
A0A9P0E7X8	1	U-01	viridula	N. viridula
A0A9P0E7X9	4	U-04	viridula	N. viridula
A0A9P0E7Y0	1	U-01	viridula	N. viridula
A0A9P0E7Y5	1	U-01	viridula	N. viridula
A0A9P0E7Y8	1	U-01	viridula	N. viridula
A0A9P0E7Z3	3	U-03	viridula	N. viridula
A0A9P0E7Z7	1	U-01	viridula	N. viridula
A0A9P0E804	1	U-01	viridula	N. viridula
A0A9P0E812	1	U-01	viridula	N. viridula
A0A9P0E813	1	U-01	viridula	N. viridula
A0A9P0E829	1	U-01	viridula	N. viridula
A0A9P0E831	1	U-01	viridula	N. viridula
A0A9P0E835	4	U-04	viridula	N. viridula
A0A9P0E837	1	U-01	viridula	N. viridula
A0A9P0E839	1	U-01	viridula	N. viridula
A0A9P0E848	0	unassigned	viridula	N. viridula
A0A9P0E852	0	unassigned	viridula	N. viridula
A0A9P0E853	1	U-01	viridula	N. viridula
A0A9P0E856	1	U-01	viridula	N. viridula
A0A9P0E857	1	U-01	viridula	N. viridula
A0A9P0E859	1	U-01	viridula	N. viridula
A0A9P0E864	3	U-03	viridula	N. viridula
A0A9P0E865	1	U-01	viridula	N. viridula
A0A9P0E869	1	U-01	viridula	N. viridula
A0A9P0E871	1	U-01	viridula	N. viridula
A0A9P0E875	1	U-01	viridula	N. viridula
A0A9P0E888	1	U-01	viridula	N. viridula
A0A9P0E889	1	U-01	viridula	N. viridula
A0A9P0E894	1	U-01	viridula	N. viridula
A0A9P0E895	1	U-01	viridula	N. viridula
A0A9P0E896	4	U-04	viridula	N. viridula
A0A9P0E8A0	3	U-03	viridula	N. viridula
A0A9P0E8B2	1	U-01	viridula	N. viridula
A0A9P0E8C1	1	U-01	viridula	N. viridula
A0A9P0E8D4	1	U-01	viridula	N. viridula
A0A9P0E8D8	3	U-03	viridula	N. viridula
A0A9P0E8E8	4	U-04	viridula	N. viridula
A0A9P0E8F9	1	U-01	viridula	N. viridula
A0A9P0E8G3	1	U-01	viridula	N. viridula
A0A9P0E8H4	1	U-01	viridula	N. viridula
A0A9P0E8H6	1	U-01	viridula	N. viridula
A0A9P0E8H8	1	U-01	viridula	N. viridula
A0A9P0E8I3	3	U-03	viridula	N. viridula
A0A9P0E8I5	1	U-01	viridula	N. viridula
A0A9P0E8I8	1	U-01	viridula	N. viridula
A0A9P0E8I9	1	U-01	viridula	N. viridula
A0A9P0GWC4	1	U-01	viridula	N. viridula
A0A9P0GWD4	1	U-01	viridula	N. viridula
A0A9P0GWG3	1	U-01	viridula	N. viridula
A0A9P0GWH2	1	U-01	viridula	N. viridula
A0A9P0GWH3	4	U-04	viridula	N. viridula
A0A9P0GWH7	1	U-01	viridula	N. viridula
A0A9P0GWI1	1	U-01	viridula	N. viridula
A0A9P0GWI9	1	U-01	viridula	N. viridula
A0A9P0GWK3	1	U-01	viridula	N. viridula
A0A9P0GWM8	1	U-01	viridula	N. viridula
A0A9P0GWM9	0	unassigned	viridula	N. viridula
A0A9P0GWQ4	1	U-01	viridula	N. viridula
A0A9P0GWR7	1	U-01	viridula	N. viridula
A0A9P0GWS0	1	U-01	viridula	N. viridula
A0A9P0GWS4	4	U-04	viridula	N. viridula
A0A9P0HKH0	4	U-04	viridula	N. viridula
A0A9P0HKH5	1	U-01	viridula	N. viridula
A0A9P0HKH9	1	U-01	viridula	N. viridula
A0A9P0HKI1	0	unassigned	viridula	N. viridula
A0A9P0HKI2	1	U-01	viridula	N. viridula
A0A9P0HKI6	0	unassigned	viridula	N. viridula
A0A9P0HKI7	1	U-01	viridula	N. viridula
A0A9P0HKI9	1	U-01	viridula	N. viridula
A0A9P0HKJ0	0	unassigned	viridula	N. viridula
A0A9P0HKJ3	1	U-01	viridula	N. viridula
A0A9P0HKJ4	1	U-01	viridula	N. viridula
A0A9P0HKJ5	1	U-01	viridula	N. viridula
A0A9P0HKJ9	4	U-04	viridula	N. viridula
A0A9P0HKK0	0	unassigned	viridula	N. viridula
A0A9P0HKK1	1	U-01	viridula	N. viridula
A0A9P0HKK5	0	unassigned	viridula	N. viridula
A0A9P0HKK6	1	U-01	viridula	N. viridula
A0A9P0HKL0	1	U-01	viridula	N. viridula
A0A9P0HKL3	1	U-01	viridula	N. viridula
A0A9P0HKL4	3	U-03	viridula	N. viridula
A0A9P0HKL9	1	U-01	viridula	N. viridula
A0A9P0HKM1	1	U-01	viridula	N. viridula
A0A9P0HKM4	1	U-01	viridula	N. viridula
A0A9P0HKM8	1	U-01	viridula	N. viridula
A0A9P0HKM9	1	U-01	viridula	N. viridula
A0A9P0HKN1	1	U-01	viridula	N. viridula
A0A9P0HKN4	1	U-01	viridula	N. viridula
A0A9P0HKN7	0	unassigned	viridula	N. viridula
A0A9P0HKN9	1	U-01	viridula	N. viridula
A0A9P0HKP0	1	U-01	viridula	N. viridula
A0A9P0HKP7	0	unassigned	viridula	N. viridula
A0A9P0HKQ3	1	U-01	viridula	N. viridula
A0A9P0HKQ5	1	U-01	viridula	N. viridula
A0A9P0HKR0	3	U-03	viridula	N. viridula
A0A9P0HKR1	1	U-01	viridula	N. viridula
A0A9P0HKR2	3	U-03	viridula	N. viridula
A0A9P0HKR4	4	U-04	viridula	N. viridula
A0A9P0HKR5	0	unassigned	viridula	N. viridula
A0A9P0HKS0	1	U-01	viridula	N. viridula
A0A9P0HKS6	3	U-03	viridula	N. viridula
A0A9P0HKS7	1	U-01	viridula	N. viridula
A0A9P0HKS9	1	U-01	viridula	N. viridula
A0A9P0HKT0	1	U-01	viridula	N. viridula
A0A9P0HKT8	4	U-04	viridula	N. viridula
A0A9P0HKT9	1	U-01	viridula	N. viridula
A0A9P0HKU0	3	U-03	viridula	N. viridula
A0A9P0HKU3	1	U-01	viridula	N. viridula
A0A9P0HKU4	4	U-04	viridula	N. viridula
A0A9P0HKU5	1	U-01	viridula	N. viridula
A0A9P0HKU6	4	U-04	viridula	N. viridula
A0A9P0HKU9	1	U-01	viridula	N. viridula
A0A9P0HKV3	1	U-01	viridula	N. viridula
A0A9P0HKV9	1	U-01	viridula	N. viridula
A0A9P0HKW0	1	U-01	viridula	N. viridula
A0A9P0HKW2	4	U-04	viridula	N. viridula
A0A9P0HKX0	1	U-01	viridula	N. viridula
A0A9P0HKX2	0	unassigned	viridula	N. viridula
A0A9P0HKX9	1	U-01	viridula	N. viridula
A0A9P0HKY2	4	U-04	viridula	N. viridula
A0A9P0HKY7	1	U-01	viridula	N. viridula
A0A9P0HKY9	1	U-01	viridula	N. viridula
A0A9P0HRJ9	1	U-01	viridula	N. viridula
A0A9P0HRK0	1	U-01	viridula	N. viridula
A0A9P0HRK4	4	U-04	viridula	N. viridula
A0A9P0HRK8	3	U-03	viridula	N. viridula
A0A9P0HRL1	3	U-03	viridula	N. viridula
A0A9P0HRM0	0	unassigned	viridula	N. viridula
A0A9P0HRM1	1	U-01	viridula	N. viridula
A0A9P0HRM8	1	U-01	viridula	N. viridula
A0A9P0HRN0	1	U-01	viridula	N. viridula
A0A9P0HRN3	1	U-01	viridula	N. viridula
A0A9P0HRN6	1	U-01	viridula	N. viridula
A0A9P0HRN8	1	U-01	viridula	N. viridula
A0A9P0HRN9	1	U-01	viridula	N. viridula
A0A9P0HRP3	1	U-01	viridula	N. viridula
A0A9P0HRP8	3	U-03	viridula	N. viridula
A0A9P0HRP9	1	U-01	viridula	N. viridula
A0A9P0HRQ1	1	U-01	viridula	N. viridula
A0A9P0HRQ3	1	U-01	viridula	N. viridula
A0A9P0HRQ8	1	U-01	viridula	N. viridula
A0A9P0HRQ9	0	unassigned	viridula	N. viridula
A0A9P0HRR2	4	U-04	viridula	N. viridula
A0A9P0HRR5	1	U-01	viridula	N. viridula
A0A9P0HRS7	0	unassigned	viridula	N. viridula
A0A9P0HRS9	1	U-01	viridula	N. viridula
A0A9P0HRT2	1	U-01	viridula	N. viridula
A0A9P0HRT3	1	U-01	viridula	N. viridula
A0A9P0HRT6	1	U-01	viridula	N. viridula
A0A9P0HRT7	4	U-04	viridula	N. viridula
A0A9P0HRU3	1	U-01	viridula	N. viridula
A0A9P0HRU6	1	U-01	viridula	N. viridula
A0A9P0HRV0	1	U-01	viridula	N. viridula
A0A9P0HRV7	1	U-01	viridula	N. viridula
A0A9P0HRV9	1	U-01	viridula	N. viridula
A0A9P0HRW0	3	U-03	viridula	N. viridula
A0A9P0HRX0	1	U-01	viridula	N. viridula
A0A9P0HRX4	1	U-01	viridula	N. viridula
A0A9P0HRX5	3	U-03	viridula	N. viridula
A0A9P0HRY2	1	U-01	viridula	N. viridula
A0A9P0HRY5	1	U-01	viridula	N. viridula
A0A9P0HQW3	1	U-01	viridula	N. viridula
A0A9P0HQW7	2	U-02	viridula	N. viridula
A0A9P0HQW8	1	U-01	viridula	N. viridula
A0A9P0HQW9	1	U-01	viridula	N. viridula
A0A9P0HQX0	3	U-03	viridula	N. viridula
A0A9P0HQX1	2	U-02	viridula	N. viridula
A0A9P0HQX3	2	U-02	viridula	N. viridula
A0A9P0HQX4	1	U-01	viridula	N. viridula
A0A9P0HQX5	1	U-01	viridula	N. viridula
A0A9P0HQX6	2	U-02	viridula	N. viridula
A0A9P0HQX8	1	U-01	viridula	N. viridula
A0A9P0HQX9	4	U-04	viridula	N. viridula
A0A9P0HQY0	4	U-04	viridula	N. viridula
A0A9P0HQY1	2	U-02	viridula	N. viridula
A0A9P0HQY2	2	U-02	viridula	N. viridula
A0A9P0HQY3	1	U-01	viridula	N. viridula
A0A9P0HQY4	1	U-01	viridula	N. viridula
A0A9P0HQY7	2	U-02	viridula	N. viridula
A0A9P0HQY8	2	U-02	viridula	N. viridula
A0A9P0HQY9	3	U-03	viridula	N. viridula
A0A9P0HQZ0	2	U-02	viridula	N. viridula
A0A9P0HQZ1	1	U-01	viridula	N. viridula
A0A9P0HQZ2	2	U-02	viridula	N. viridula
A0A9P0HQZ3	1	U-01	viridula	N. viridula
A0A9P0HQZ6	4	U-04	viridula	N. viridula
A0A9P0HQZ7	1	U-01	viridula	N. viridula
A0A9P0HQZ8	2	U-02	viridula	N. viridula
A0A9P0HR00	1	U-01	viridula	N. viridula
A0A9P0HR01	1	U-01	viridula	N. viridula
A0A9P0HR02	0	unassigned	viridula	N. viridula
A0A9P0HR04	1	U-01	viridula	N. viridula
A0A9P0HR06	1	U-01	viridula	N. viridula
A0A9P0HR08	2	U-02	viridula	N. viridula
A0A9P0HR12	2	U-02	viridula	N. viridula
A0A9P0HR16	2	U-02	viridula	N. viridula
A0A9P0HR24	1	U-01	viridula	N. viridula
A0A9P0HR25	1	U-01	viridula	N. viridula
A0A9P0HR29	2	U-02	viridula	N. viridula
A0A9P0HR30	1	U-01	viridula	N. viridula
A0A9P0HR31	2	U-02	viridula	N. viridula
A0A9P0HR34	1	U-01	viridula	N. viridula
A0A9P0HR35	0	unassigned	viridula	N. viridula
A0A9P0HR36	0	unassigned	viridula	N. viridula
A0A9P0HR37	1	U-01	viridula	N. viridula
A0A9P0HR39	1	U-01	viridula	N. viridula
A0A9P0HR44	1	U-01	viridula	N. viridula
A0A9P0HR45	1	U-01	viridula	N. viridula
A0A9P0HR46	2	U-02	viridula	N. viridula
A0A9P0HR49	1	U-01	viridula	N. viridula
A0A9P0HR51	2	U-02	viridula	N. viridula
A0A9P0HR52	2	U-02	viridula	N. viridula
A0A9P0HR54	2	U-02	viridula	N. viridula
A0A9P0HR57	1	U-01	viridula	N. viridula
A0A9P0HR58	1	U-01	viridula	N. viridula
A0A9P0HR59	3	U-03	viridula	N. viridula
A0A9P0HR60	1	U-01	viridula	N. viridula
A0A9P0HR62	1	U-01	viridula	N. viridula
A0A9P0HR65	1	U-01	viridula	N. viridula
A0A9P0HR66	1	U-01	viridula	N. viridula
A0A9P0HR67	2	U-02	viridula	N. viridula
A0A9P0HR69	2	U-02	viridula	N. viridula
A0A9P0HR72	1	U-01	viridula	N. viridula
A0A9P0HR74	1	U-01	viridula	N. viridula
A0A9P0HR75	1	U-01	viridula	N. viridula
A0A9P0HR76	1	U-01	viridula	N. viridula
A0A9P0HR77	1	U-01	viridula	N. viridula
A0A9P0HR80	0	unassigned	viridula	N. viridula
A0A9P0HR82	1	U-01	viridula	N. viridula
A0A9P0HR84	1	U-01	viridula	N. viridula
A0A9P0HR85	2	U-02	viridula	N. viridula
A0A9P0HR86	0	unassigned	viridula	N. viridula
A0A9P0HR89	3	U-03	viridula	N. viridula
A0A9P0HR90	1	U-01	viridula	N. viridula
A0A9P0HR93	0	unassigned	viridula	N. viridula
A0A9P0HR99	1	U-01	viridula	N. viridula
A0A9P0HRA1	1	U-01	viridula	N. viridula
A0A9P0HRA2	0	unassigned	viridula	N. viridula
A0A9P0HRA3	1	U-01	viridula	N. viridula
A0A9P0HRA4	1	U-01	viridula	N. viridula
A0A9P0HRA6	1	U-01	viridula	N. viridula
A0A9P0HRA8	1	U-01	viridula	N. viridula
A0A9P0HRB1	0	unassigned	viridula	N. viridula
A0A9P0HRB3	1	U-01	viridula	N. viridula
A0A9P0HRB4	3	U-03	viridula	N. viridula
A0A9P0HRB5	2	U-02	viridula	N. viridula
A0A9P0HRB6	1	U-01	viridula	N. viridula
A0A9P0HRB7	2	U-02	viridula	N. viridula
A0A9P0HRC0	1	U-01	viridula	N. viridula
A0A9P0HRC1	1	U-01	viridula	N. viridula
A0A9P0HRC2	1	U-01	viridula	N. viridula
A0A9P0HRC3	1	U-01	viridula	N. viridula
A0A9P0HRC4	1	U-01	viridula	N. viridula
A0A9P0HRC5	2	U-02	viridula	N. viridula
A0A9P0HRC6	1	U-01	viridula	N. viridula
A0A9P0HRD1	1	U-01	viridula	N. viridula
A0A9P0HRD2	1	U-01	viridula	N. viridula
A0A9P0HRD5	1	U-01	viridula	N. viridula
A0A9P0HRD6	1	U-01	viridula	N. viridula
A0A9P0HRD9	2	U-02	viridula	N. viridula
A0A9P0HRE1	1	U-01	viridula	N. viridula
A0A9P0HRV2	2	U-02	viridula	N. viridula
A0A9P0HRV3	2	U-02	viridula	N. viridula
A0A9P0HRV4	3	U-03	viridula	N. viridula
A0A9P0HRV5	4	U-04	viridula	N. viridula
A0A9P0HRV6	0	unassigned	viridula	N. viridula
A0A9P0HRV8	0	unassigned	viridula	N. viridula
A0A9P0HRW1	1	U-01	viridula	N. viridula
A0A9P0HRW2	1	U-01	viridula	N. viridula
A0A9P0HRW3	3	U-03	viridula	N. viridula
A0A9P0HRW4	2	U-02	viridula	N. viridula
A0A9P0HRW5	3	U-03	viridula	N. viridula
A0A9P0HRW6	0	unassigned	viridula	N. viridula
A0A9P0HRW8	2	U-02	viridula	N. viridula
A0A9P0HRW9	2	U-02	viridula	N. viridula
A0A9P0HRX1	1	U-01	viridula	N. viridula
A0A9P0HRX2	1	U-01	viridula	N. viridula
A0A9P0HRX3	1	U-01	viridula	N. viridula
A0A9P0HRX6	2	U-02	viridula	N. viridula
A0A9P0HRX7	2	U-02	viridula	N. viridula
A0A9P0HRX8	2	U-02	viridula	N. viridula
A0A9P0HRY0	1	U-01	viridula	N. viridula
A0A9P0HRY1	1	U-01	viridula	N. viridula
A0A9P0HRY3	0	unassigned	viridula	N. viridula
A0A9P0HRY4	0	unassigned	viridula	N. viridula
A0A9P0HRY6	0	unassigned	viridula	N. viridula
A0A9P0HRY8	0	unassigned	viridula	N. viridula
A0A9P0HRZ0	1	U-01	viridula	N. viridula
A0A9P0HRZ5	1	U-01	viridula	N. viridula
A0A9P0HRZ7	2	U-02	viridula	N. viridula
A0A9P0HRZ8	1	U-01	viridula	N. viridula
A0A9P0HS00	1	U-01	viridula	N. viridula
A0A9P0HS01	2	U-02	viridula	N. viridula
A0A9P0HS03	2	U-02	viridula	N. viridula
A0A9P0HS05	0	unassigned	viridula	N. viridula
A0A9P0HS06	0	unassigned	viridula	N. viridula
A0A9P0HS08	1	U-01	viridula	N. viridula
A0A9P0HS10	0	unassigned	viridula	N. viridula
A0A9P0HS11	1	U-01	viridula	N. viridula
A0A9P0HS13	2	U-02	viridula	N. viridula
A0A9P0HS14	1	U-01	viridula	N. viridula
A0A9P0HS15	2	U-02	viridula	N. viridula
A0A9P0HS16	2	U-02	viridula	N. viridula
A0A9P0HS17	2	U-02	viridula	N. viridula
A0A9P0HS20	0	unassigned	viridula	N. viridula
A0A9P0HS21	3	U-03	viridula	N. viridula
A0A9P0HS24	4	U-04	viridula	N. viridula
A0A9P0HS26	1	U-01	viridula	N. viridula
A0A9P0HS31	0	unassigned	viridula	N. viridula
A0A9P0HS32	1	U-01	viridula	N. viridula
A0A9P0HS33	1	U-01	viridula	N. viridula
A0A9P0HS35	2	U-02	viridula	N. viridula
A0A9P0HS36	1	U-01	viridula	N. viridula
A0A9P0HS38	4	U-04	viridula	N. viridula
A0A9P0HS39	2	U-02	viridula	N. viridula
A0A9P0HS41	1	U-01	viridula	N. viridula
A0A9P0HS42	3	U-03	viridula	N. viridula
A0A9P0HS43	1	U-01	viridula	N. viridula
A0A9P0HS45	3	U-03	viridula	N. viridula
A0A9P0HS46	1	U-01	viridula	N. viridula
A0A9P0HS47	2	U-02	viridula	N. viridula
A0A9P0HS48	0	unassigned	viridula	N. viridula
A0A9P0HS50	3	U-03	viridula	N. viridula
A0A9P0HS53	1	U-01	viridula	N. viridula
A0A9P0HS55	2	U-02	viridula	N. viridula
A0A9P0HS56	2	U-02	viridula	N. viridula
A0A9P0HS57	1	U-01	viridula	N. viridula
A0A9P0HS58	0	unassigned	viridula	N. viridula
A0A9P0HS60	1	U-01	viridula	N. viridula
A0A9P0HS61	3	U-03	viridula	N. viridula
A0A9P0HS62	1	U-01	viridula	N. viridula
A0A9P0HS64	1	U-01	viridula	N. viridula
A0A9P0HS65	1	U-01	viridula	N. viridula
A0A9P0HS66	2	U-02	viridula	N. viridula
A0A9P0HS67	0	unassigned	viridula	N. viridula
A0A9P0HS68	3	U-03	viridula	N. viridula
A0A9P0HS69	2	U-02	viridula	N. viridula
A0A9P0HS70	1	U-01	viridula	N. viridula
A0A9P0HS71	1	U-01	viridula	N. viridula
A0A9P0HS74	3	U-03	viridula	N. viridula
A0A9P0HS78	2	U-02	viridula	N. viridula
A0A9P0HS79	1	U-01	viridula	N. viridula
A0A9P0HS80	2	U-02	viridula	N. viridula
A0A9P0HS81	1	U-01	viridula	N. viridula
A0A9P0HS82	2	U-02	viridula	N. viridula
A0A9P0HS86	1	U-01	viridula	N. viridula
A0A9P0HS87	1	U-01	viridula	N. viridula
A0A9P0HS88	2	U-02	viridula	N. viridula
A0A9P0HS89	1	U-01	viridula	N. viridula
A0A9P0HS91	1	U-01	viridula	N. viridula
A0A9P0HS92	3	U-03	viridula	N. viridula
A0A9P0HS93	2	U-02	viridula	N. viridula
A0A9P0HS94	0	unassigned	viridula	N. viridula
A0A9P0HS95	1	U-01	viridula	N. viridula
A0A9P0HS96	3	U-03	viridula	N. viridula
A0A9P0HS98	0	unassigned	viridula	N. viridula
A0A9P0HSA1	2	U-02	viridula	N. viridula
A0A9P0HSA2	1	U-01	viridula	N. viridula
A0A9P0HSA3	0	unassigned	viridula	N. viridula
A0A9P0HSA5	1	U-01	viridula	N. viridula
A0A9P0HSA7	3	U-03	viridula	N. viridula
A0A9P0E5Y4	3	U-03	viridula	N. viridula
A0A9P0E5Y5	1	U-01	viridula	N. viridula
A0A9P0E5Y8	1	U-01	viridula	N. viridula
A0A9P0E5Z0	1	U-01	viridula	N. viridula
A0A9P0E5Z4	4	U-04	viridula	N. viridula
A0A9P0E5Z5	1	U-01	viridula	N. viridula
A0A9P0E615	1	U-01	viridula	N. viridula
A0A9P0E617	1	U-01	viridula	N. viridula
A0A9P0E619	0	unassigned	viridula	N. viridula
A0A9P0E622	1	U-01	viridula	N. viridula
A0A9P0E625	1	U-01	viridula	N. viridula
A0A9P0E627	1	U-01	viridula	N. viridula
A0A9P0E633	1	U-01	viridula	N. viridula
A0A9P0E639	1	U-01	viridula	N. viridula
A0A9P0E641	4	U-04	viridula	N. viridula
A0A9P0E642	1	U-01	viridula	N. viridula
A0A9P0E643	1	U-01	viridula	N. viridula
A0A9P0E646	1	U-01	viridula	N. viridula
A0A9P0E652	1	U-01	viridula	N. viridula
A0A9P0E654	0	unassigned	viridula	N. viridula
A0A9P0E656	1	U-01	viridula	N. viridula
A0A9P0E658	0	unassigned	viridula	N. viridula
A0A9P0E661	0	unassigned	viridula	N. viridula
A0A9P0E662	3	U-03	viridula	N. viridula
A0A9P0E663	1	U-01	viridula	N. viridula
A0A9P0E667	3	U-03	viridula	N. viridula
A0A9P0E669	0	unassigned	viridula	N. viridula
A0A9P0E678	1	U-01	viridula	N. viridula
A0A9P0E684	1	U-01	viridula	N. viridula
A0A9P0E685	1	U-01	viridula	N. viridula
A0A9P0E690	1	U-01	viridula	N. viridula
A0A9P0E692	1	U-01	viridula	N. viridula
A0A9P0E694	1	U-01	viridula	N. viridula
A0A9P0E698	1	U-01	viridula	N. viridula
A0A9P0E6A5	3	U-03	viridula	N. viridula
A0A9P0E6A7	3	U-03	viridula	N. viridula
A0A9P0E6B4	1	U-01	viridula	N. viridula
A0A9P0E6B6	1	U-01	viridula	N. viridula
A0A9P0E6B8	1	U-01	viridula	N. viridula
A0A9P0E6C5	1	U-01	viridula	N. viridula
A0A9P0E6C6	0	unassigned	viridula	N. viridula
A0A9P0E6D2	1	U-01	viridula	N. viridula
A0A9P0E6D4	1	U-01	viridula	N. viridula
A0A9P0E6D7	1	U-01	viridula	N. viridula
A0A9P0E6D9	1	U-01	viridula	N. viridula
A0A9P0E8J0	1	U-01	viridula	N. viridula
A0A9P0E8K2	1	U-01	viridula	N. viridula
A0A9P0E8K8	0	unassigned	viridula	N. viridula
A0A9P0E8L5	1	U-01	viridula	N. viridula
A0A9P0E8L7	4	U-04	viridula	N. viridula
A0A9P0E8L9	1	U-01	viridula	N. viridula
A0A9P0E8M8	4	U-04	viridula	N. viridula
A0A9P0E8N2	1	U-01	viridula	N. viridula
A0A9P0E8N4	1	U-01	viridula	N. viridula
A0A9P0E8P0	1	U-01	viridula	N. viridula
A0A9P0E8P4	1	U-01	viridula	N. viridula
A0A9P0E8P6	1	U-01	viridula	N. viridula
A0A9P0E8Q3	1	U-01	viridula	N. viridula
A0A9P0E8Q4	3	U-03	viridula	N. viridula
A0A9P0E8Q6	0	unassigned	viridula	N. viridula
A0A9P0E8R1	1	U-01	viridula	N. viridula
A0A9P0E8R8	0	unassigned	viridula	N. viridula
A0A9P0E8R9	1	U-01	viridula	N. viridula
A0A9P0E8S1	4	U-04	viridula	N. viridula
A0A9P0E8S2	1	U-01	viridula	N. viridula
A0A9P0E8T5	0	unassigned	viridula	N. viridula
A0A9P0E8T6	4	U-04	viridula	N. viridula
A0A9P0E8T8	3	U-03	viridula	N. viridula
A0A9P0E8U4	1	U-01	viridula	N. viridula
A0A9P0E8U8	1	U-01	viridula	N. viridula
A0A9P0E8V4	1	U-01	viridula	N. viridula
A0A9P0E8V9	1	U-01	viridula	N. viridula
A0A9P0E8W3	3	U-03	viridula	N. viridula
A0A9P0E8W6	1	U-01	viridula	N. viridula
A0A9P0E8X0	1	U-01	viridula	N. viridula
A0A9P0E8X3	1	U-01	viridula	N. viridula
A0A9P0E8X5	1	U-01	viridula	N. viridula
A0A9P0E8Y0	3	U-03	viridula	N. viridula
A0A9P0E8Y1	3	U-03	viridula	N. viridula
A0A9P0E8Y3	4	U-04	viridula	N. viridula
A0A9P0E8Y7	0	unassigned	viridula	N. viridula
A0A9P0E8Y8	1	U-01	viridula	N. viridula
A0A9P0E8Z3	4	U-04	viridula	N. viridula
A0A9P0E903	1	U-01	viridula	N. viridula
A0A9P0E908	3	U-03	viridula	N. viridula
A0A9P0E913	1	U-01	viridula	N. viridula
A0A9P0E914	1	U-01	viridula	N. viridula
A0A9P0E916	3	U-03	viridula	N. viridula
A0A9P0E917	4	U-04	viridula	N. viridula
A0A9P0E920	1	U-01	viridula	N. viridula
A0A9P0E923	0	unassigned	viridula	N. viridula
A0A9P0E929	1	U-01	viridula	N. viridula
A0A9P0E934	1	U-01	viridula	N. viridula
A0A9P0E938	3	U-03	viridula	N. viridula
A0A9P0E940	3	U-03	viridula	N. viridula
A0A9P0E947	1	U-01	viridula	N. viridula
A0A9P0E951	1	U-01	viridula	N. viridula
A0A9P0E956	1	U-01	viridula	N. viridula
A0A9P0E964	0	unassigned	viridula	N. viridula
A0A9P0E965	1	U-01	viridula	N. viridula
A0A9P0HBY0	2	U-02	viridula	N. viridula
A0A9P0HBY1	1	U-01	viridula	N. viridula
A0A9P0HBY2	0	unassigned	viridula	N. viridula
A0A9P0HBY5	0	unassigned	viridula	N. viridula
A0A9P0HBY6	1	U-01	viridula	N. viridula
A0A9P0HBZ0	1	U-01	viridula	N. viridula
A0A9P0HBZ1	0	unassigned	viridula	N. viridula
A0A9P0HBZ2	0	unassigned	viridula	N. viridula
A0A9P0HBZ6	3	U-03	viridula	N. viridula
A0A9P0HBZ8	0	unassigned	viridula	N. viridula
A0A9P0HBZ9	1	U-01	viridula	N. viridula
A0A9P0HC02	2	U-02	viridula	N. viridula
A0A9P0HC03	2	U-02	viridula	N. viridula
A0A9P0HC04	1	U-01	viridula	N. viridula
A0A9P0HC05	1	U-01	viridula	N. viridula
A0A9P0HC06	1	U-01	viridula	N. viridula
A0A9P0HC07	3	U-03	viridula	N. viridula
A0A9P0HC08	0	unassigned	viridula	N. viridula
A0A9P0HC10	1	U-01	viridula	N. viridula
A0A9P0HC11	2	U-02	viridula	N. viridula
A0A9P0HC12	0	unassigned	viridula	N. viridula
A0A9P0HC13	1	U-01	viridula	N. viridula
A0A9P0HC14	1	U-01	viridula	N. viridula
A0A9P0HC16	2	U-02	viridula	N. viridula
A0A9P0HC18	1	U-01	viridula	N. viridula
A0A9P0HC20	1	U-01	viridula	N. viridula
A0A9P0HC21	1	U-01	viridula	N. viridula
A0A9P0HC22	2	U-02	viridula	N. viridula
A0A9P0HC23	2	U-02	viridula	N. viridula
A0A9P0HC24	2	U-02	viridula	N. viridula
A0A9P0HC25	0	unassigned	viridula	N. viridula
A0A9P0HC29	2	U-02	viridula	N. viridula
A0A9P0HC30	1	U-01	viridula	N. viridula
A0A9P0HC32	1	U-01	viridula	N. viridula
A0A9P0HC36	1	U-01	viridula	N. viridula
A0A9P0HC37	2	U-02	viridula	N. viridula
A0A9P0HC40	0	unassigned	viridula	N. viridula
A0A9P0HC41	2	U-02	viridula	N. viridula
A0A9P0HC45	1	U-01	viridula	N. viridula
A0A9P0HC47	0	unassigned	viridula	N. viridula
A0A9P0HC48	2	U-02	viridula	N. viridula
A0A9P0HC49	2	U-02	viridula	N. viridula
A0A9P0HC50	4	U-04	viridula	N. viridula
A0A9P0HC51	0	unassigned	viridula	N. viridula
A0A9P0HC52	1	U-01	viridula	N. viridula
A0A9P0HC53	0	unassigned	viridula	N. viridula
A0A9P0HC58	2	U-02	viridula	N. viridula
A0A9P0HC61	3	U-03	viridula	N. viridula
A0A9P0HC63	0	unassigned	viridula	N. viridula
A0A9P0HC65	2	U-02	viridula	N. viridula
A0A9P0HC66	1	U-01	viridula	N. viridula
A0A9P0HC67	0	unassigned	viridula	N. viridula
A0A9P0HC73	2	U-02	viridula	N. viridula
A0A9P0HC74	1	U-01	viridula	N. viridula
A0A9P0HC77	2	U-02	viridula	N. viridula
A0A9P0HC78	4	U-04	viridula	N. viridula
A0A9P0HC79	2	U-02	viridula	N. viridula
A0A9P0HC82	1	U-01	viridula	N. viridula
A0A9P0HC83	2	U-02	viridula	N. viridula
A0A9P0HC86	1	U-01	viridula	N. viridula
A0A9P0HC87	0	unassigned	viridula	N. viridula
A0A9P0HC89	1	U-01	viridula	N. viridula
A0A9P0HC92	1	U-01	viridula	N. viridula
A0A9P0HC93	0	unassigned	viridula	N. viridula
A0A9P0HC94	1	U-01	viridula	N. viridula
A0A9P0HC95	1	U-01	viridula	N. viridula
A0A9P0HC97	2	U-02	viridula	N. viridula
A0A9P0HC99	2	U-02	viridula	N. viridula
A0A9P0HCA1	1	U-01	viridula	N. viridula
A0A9P0HCA2	2	U-02	viridula	N. viridula
A0A9P0HCA3	2	U-02	viridula	N. viridula
A0A9P0HCA5	2	U-02	viridula	N. viridula
A0A9P0HCA7	0	unassigned	viridula	N. viridula
A0A9P0HCA8	1	U-01	viridula	N. viridula
A0A9P0HCB0	1	U-01	viridula	N. viridula
A0A9P0HCB2	1	U-01	viridula	N. viridula
A0A9P0HCB6	1	U-01	viridula	N. viridula
A0A9P0HCB7	1	U-01	viridula	N. viridula
A0A9P0HCB8	1	U-01	viridula	N. viridula
A0A9P0HCB9	2	U-02	viridula	N. viridula
A0A9P0HCC3	1	U-01	viridula	N. viridula
A0A9P0HCC6	0	unassigned	viridula	N. viridula
A0A9P0HCC8	1	U-01	viridula	N. viridula
A0A9P0HCC9	3	U-03	viridula	N. viridula
A0A9P0HCD1	0	unassigned	viridula	N. viridula
A0A9P0HCD3	0	unassigned	viridula	N. viridula
A0A9P0HCD4	1	U-01	viridula	N. viridula
A0A9P0HCD9	2	U-02	viridula	N. viridula
A0A9P0HCE1	0	unassigned	viridula	N. viridula
A0A9P0HCE2	1	U-01	viridula	N. viridula
A0A9P0HCE3	1	U-01	viridula	N. viridula
A0A9P0HCE4	2	U-02	viridula	N. viridula
A0A9P0HCE6	2	U-02	viridula	N. viridula
A0A9P0HCE8	1	U-01	viridula	N. viridula
A0A9P0HCE9	2	U-02	viridula	N. viridula
A0A9P0HCF0	2	U-02	viridula	N. viridula
A0A9P0HCF1	1	U-01	viridula	N. viridula
A0A9P0HCF3	1	U-01	viridula	N. viridula
A0A9P0HCF4	1	U-01	viridula	N. viridula
A0A9P0HCF5	1	U-01	viridula	N. viridula
A0A9P0HCU9	4	U-04	viridula	N. viridula
A0A9P0HCV1	1	U-01	viridula	N. viridula
A0A9P0HCV4	1	U-01	viridula	N. viridula
A0A9P0HCV6	2	U-02	viridula	N. viridula
A0A9P0HCV8	2	U-02	viridula	N. viridula
A0A9P0HCV9	1	U-01	viridula	N. viridula
A0A9P0HCW0	1	U-01	viridula	N. viridula
A0A9P0HCW2	0	unassigned	viridula	N. viridula
A0A9P0HCW5	0	unassigned	viridula	N. viridula
A0A9P0HCW6	0	unassigned	viridula	N. viridula
A0A9P0HCW8	1	U-01	viridula	N. viridula
A0A9P0HCW9	1	U-01	viridula	N. viridula
A0A9P0HCX1	2	U-02	viridula	N. viridula
A0A9P0HCX3	3	U-03	viridula	N. viridula
A0A9P0HCX5	2	U-02	viridula	N. viridula
A0A9P0HCX6	2	U-02	viridula	N. viridula
A0A9P0HCX7	0	unassigned	viridula	N. viridula
A0A9P0HCX9	4	U-04	viridula	N. viridula
A0A9P0HCY1	3	U-03	viridula	N. viridula
A0A9P0HCY2	1	U-01	viridula	N. viridula
A0A9P0HCY3	4	U-04	viridula	N. viridula
A0A9P0HCY4	2	U-02	viridula	N. viridula
A0A9P0HCY6	1	U-01	viridula	N. viridula
A0A9P0HCY9	2	U-02	viridula	N. viridula
A0A9P0HCZ1	0	unassigned	viridula	N. viridula
A0A9P0HCZ2	3	U-03	viridula	N. viridula
A0A9P0HCZ3	2	U-02	viridula	N. viridula
A0A9P0HCZ4	2	U-02	viridula	N. viridula
A0A9P0HCZ9	2	U-02	viridula	N. viridula
A0A9P0HD01	3	U-03	viridula	N. viridula
A0A9P0HD04	1	U-01	viridula	N. viridula
A0A9P0HD08	4	U-04	viridula	N. viridula
A0A9P0HD10	1	U-01	viridula	N. viridula
A0A9P0HD11	2	U-02	viridula	N. viridula
A0A9P0HD13	0	unassigned	viridula	N. viridula
A0A9P0HD14	0	unassigned	viridula	N. viridula
A0A9P0HD16	1	U-01	viridula	N. viridula
A0A9P0HD17	2	U-02	viridula	N. viridula
A0A9P0HD18	2	U-02	viridula	N. viridula
A0A9P0HD19	1	U-01	viridula	N. viridula
A0A9P0HD21	0	unassigned	viridula	N. viridula
A0A9P0HD22	3	U-03	viridula	N. viridula
A0A9P0HD24	1	U-01	viridula	N. viridula
A0A9P0HD26	3	U-03	viridula	N. viridula
A0A9P0HD28	0	unassigned	viridula	N. viridula
A0A9P0HD29	1	U-01	viridula	N. viridula
A0A9P0HD32	1	U-01	viridula	N. viridula
A0A9P0HD33	0	unassigned	viridula	N. viridula
A0A9P0HD34	2	U-02	viridula	N. viridula
A0A9P0HD36	2	U-02	viridula	N. viridula
A0A9P0HD37	1	U-01	viridula	N. viridula
A0A9P0HD39	1	U-01	viridula	N. viridula
A0A9P0HD40	2	U-02	viridula	N. viridula
A0A9P0HD41	4	U-04	viridula	N. viridula
A0A9P0HD43	0	unassigned	viridula	N. viridula
A0A9P0HD44	2	U-02	viridula	N. viridula
A0A9P0HD48	2	U-02	viridula	N. viridula
A0A9P0HD49	3	U-03	viridula	N. viridula
A0A9P0HD50	0	unassigned	viridula	N. viridula
A0A9P0HD51	1	U-01	viridula	N. viridula
A0A9P0HD52	3	U-03	viridula	N. viridula
A0A9P0HD54	0	unassigned	viridula	N. viridula
A0A9P0HD55	2	U-02	viridula	N. viridula
A0A9P0HD56	1	U-01	viridula	N. viridula
A0A9P0HD59	3	U-03	viridula	N. viridula
A0A9P0HD60	2	U-02	viridula	N. viridula
A0A9P0HD61	2	U-02	viridula	N. viridula
A0A9P0HD62	3	U-03	viridula	N. viridula
A0A9P0HD63	1	U-01	viridula	N. viridula
A0A9P0HD64	2	U-02	viridula	N. viridula
A0A9P0HD65	1	U-01	viridula	N. viridula
A0A9P0HD70	1	U-01	viridula	N. viridula
A0A9P0HD72	2	U-02	viridula	N. viridula
A0A9P0HD73	0	unassigned	viridula	N. viridula
A0A9P0HD76	3	U-03	viridula	N. viridula
A0A9P0HD77	2	U-02	viridula	N. viridula
A0A9P0HD78	3	U-03	viridula	N. viridula
A0A9P0HD79	2	U-02	viridula	N. viridula
A0A9P0HD81	2	U-02	viridula	N. viridula
A0A9P0HD82	1	U-01	viridula	N. viridula
A0A9P0HD86	1	U-01	viridula	N. viridula
A0A9P0HD87	2	U-02	viridula	N. viridula
A0A9P0HD88	2	U-02	viridula	N. viridula
A0A9P0HD90	2	U-02	viridula	N. viridula
A0A9P0HD91	2	U-02	viridula	N. viridula
A0A9P0HD98	2	U-02	viridula	N. viridula
A0A9P0HD99	2	U-02	viridula	N. viridula
A0A9P0HDA0	2	U-02	viridula	N. viridula
A0A9P0HDA2	1	U-01	viridula	N. viridula
A0A9P0HDA3	1	U-01	viridula	N. viridula
A0A9P0HDA4	0	unassigned	viridula	N. viridula
A0A9P0HDA5	2	U-02	viridula	N. viridula
A0A9P0HDA6	3	U-03	viridula	N. viridula
A0A9P0HDA7	2	U-02	viridula	N. viridula
A0A9P0HDA8	1	U-01	viridula	N. viridula
A0A9P0HDA9	0	unassigned	viridula	N. viridula
A0A9P0HDB0	1	U-01	viridula	N. viridula
A0A9P0HDB1	2	U-02	viridula	N. viridula
A0A9P0HDB2	3	U-03	viridula	N. viridula
A0A9P0HDB3	2	U-02	viridula	N. viridula
A0A9P0HDB6	2	U-02	viridula	N. viridula
A0A9P0HDB7	0	unassigned	viridula	N. viridula
A0A9P0HDC0	2	U-02	viridula	N. viridula
A0A9P0HDC2	1	U-01	viridula	N. viridula
A0A9P0HDC3	3	U-03	viridula	N. viridula
A0A9P0HDC4	3	U-03	viridula	N. viridula
A0A9P0HDC5	0	unassigned	viridula	N. viridula
A0A9P0HDC7	1	U-01	viridula	N. viridula
A0A9P0HDC9	2	U-02	viridula	N. viridula
A0A9P0HDD0	0	unassigned	viridula	N. viridula
A0A9P0HDD1	1	U-01	viridula	N. viridula
A0A9P0HDD2	2	U-02	viridula	N. viridula
A0A9P0HDD4	2	U-02	viridula	N. viridula
A0A9P0HDD5	2	U-02	viridula	N. viridula
A0A9P0HDD6	2	U-02	viridula	N. viridula
A0A9P0HDE2	1	U-01	viridula	N. viridula
A0A9P0HDE3	1	U-01	viridula	N. viridula
A0A9P0HDE5	1	U-01	viridula	N. viridula
A0A9P0HDE6	2	U-02	viridula	N. viridula
A0A9P0HDE9	3	U-03	viridula	N. viridula
A0A9P0HDF2	1	U-01	viridula	N. viridula
A0A9P0HDF3	3	U-03	viridula	N. viridula
A0A9P0HDF5	3	U-03	viridula	N. viridula
A0A9P0HDF7	1	U-01	viridula	N. viridula
A0A9P0HDF8	0	unassigned	viridula	N. viridula
A0A9P0HDF9	1	U-01	viridula	N. viridula
A0A9P0HDG1	4	U-04	viridula	N. viridula
A0A9P0HDG3	1	U-01	viridula	N. viridula
A0A9P0HDG5	2	U-02	viridula	N. viridula
A0A9P0HDG6	1	U-01	viridula	N. viridula
A0A9P0HDG7	1	U-01	viridula	N. viridula
A0A9P0HDG8	0	unassigned	viridula	N. viridula
A0A9P0HDG9	1	U-01	viridula	N. viridula
A0A9P0HDH1	4	U-04	viridula	N. viridula
A0A9P0HDH3	2	U-02	viridula	N. viridula
A0A9P0HDH5	2	U-02	viridula	N. viridula
A0A9P0HDH6	1	U-01	viridula	N. viridula
A0A9P0HDH7	2	U-02	viridula	N. viridula
A0A9P0HDH8	3	U-03	viridula	N. viridula
A0A9P0HDH9	1	U-01	viridula	N. viridula
A0A9P0HDI0	1	U-01	viridula	N. viridula
A0A9P0HDI1	2	U-02	viridula	N. viridula
A0A9P0HDI4	2	U-02	viridula	N. viridula
A0A9P0HDI5	3	U-03	viridula	N. viridula
A0A9P0HDI8	1	U-01	viridula	N. viridula
A0A9P0HDJ0	4	U-04	viridula	N. viridula
A0A9P0HDJ1	2	U-02	viridula	N. viridula
A0A9P0HDJ3	2	U-02	viridula	N. viridula
A0A9P0HDJ4	2	U-02	viridula	N. viridula
A0A9P0HDJ5	3	U-03	viridula	N. viridula
A0A9P0HDJ7	0	unassigned	viridula	N. viridula
A0A9P0HDJ8	3	U-03	viridula	N. viridula
A0A9P0HDJ9	2	U-02	viridula	N. viridula
A0A9P0HDK0	2	U-02	viridula	N. viridula
A0A9P0HDK1	2	U-02	viridula	N. viridula
A0A9P0HDK2	2	U-02	viridula	N. viridula
A0A9P0HDK3	1	U-01	viridula	N. viridula
A0A9P0HDK4	1	U-01	viridula	N. viridula
A0A9P0HDK5	4	U-04	viridula	N. viridula
A0A9P0HDK6	1	U-01	viridula	N. viridula
A0A9P0HDL1	2	U-02	viridula	N. viridula
A0A9P0HDL2	1	U-01	viridula	N. viridula
A0A9P0HDL4	1	U-01	viridula	N. viridula
A0A9P0HDL5	2	U-02	viridula	N. viridula
A0A9P0HDL6	1	U-01	viridula	N. viridula
A0A9P0HDL7	1	U-01	viridula	N. viridula
A0A9P0HDL9	2	U-02	viridula	N. viridula
A0A9P0HDM1	4	U-04	viridula	N. viridula
A0A9P0HDM2	2	U-02	viridula	N. viridula
A0A9P0HDM5	1	U-01	viridula	N. viridula
A0A9P0HDM6	2	U-02	viridula	N. viridula
A0A9P0HDM7	0	unassigned	viridula	N. viridula
A0A9P0HDM9	1	U-01	viridula	N. viridula
A0A9P0HDN0	2	U-02	viridula	N. viridula
A0A9P0HDN1	2	U-02	viridula	N. viridula
A0A9P0HDN2	1	U-01	viridula	N. viridula
A0A9P0HDN4	4	U-04	viridula	N. viridula
A0A9P0HDN5	0	unassigned	viridula	N. viridula
A0A9P0HDN8	1	U-01	viridula	N. viridula
A0A9P0HDN9	2	U-02	viridula	N. viridula
A0A9P0HDP3	1	U-01	viridula	N. viridula
A0A9P0HDP4	1	U-01	viridula	N. viridula
A0A9P0HDP5	1	U-01	viridula	N. viridula
A0A9P0HDP6	1	U-01	viridula	N. viridula
A0A9P0HDP8	1	U-01	viridula	N. viridula
A0A9P0HDQ0	2	U-02	viridula	N. viridula
A0A9P0HDQ1	4	U-04	viridula	N. viridula
A0A9P0HDQ5	2	U-02	viridula	N. viridula
A0A9P0HDQ7	4	U-04	viridula	N. viridula
A0A9P0HDQ8	1	U-01	viridula	N. viridula
A0A9P0HDR0	1	U-01	viridula	N. viridula
A0A9P0HDR2	1	U-01	viridula	N. viridula
A0A9P0HDR3	1	U-01	viridula	N. viridula
A0A9P0HDR5	0	unassigned	viridula	N. viridula
A0A9P0HDR6	2	U-02	viridula	N. viridula
A0A9P0HDR8	4	U-04	viridula	N. viridula
A0A9P0HDS0	2	U-02	viridula	N. viridula
A0A9P0HDS4	1	U-01	viridula	N. viridula
A0A9P0HDS5	1	U-01	viridula	N. viridula
A0A9P0HDS7	2	U-02	viridula	N. viridula
A0A9P0HDS8	3	U-03	viridula	N. viridula
A0A9P0HDT1	1	U-01	viridula	N. viridula
A0A9P0HDT2	2	U-02	viridula	N. viridula
A0A9P0HDT5	1	U-01	viridula	N. viridula
A0A9P0HDT7	1	U-01	viridula	N. viridula
A0A9P0HDT9	1	U-01	viridula	N. viridula
A0A9P0HDU0	2	U-02	viridula	N. viridula
A0A9P0HDU3	2	U-02	viridula	N. viridula
A0A9P0HDU4	2	U-02	viridula	N. viridula
A0A9P0HDU5	1	U-01	viridula	N. viridula
A0A9P0HDU7	1	U-01	viridula	N. viridula
A0A9P0HDU9	2	U-02	viridula	N. viridula
A0A9P0HDV0	1	U-01	viridula	N. viridula
A0A9P0HDV2	1	U-01	viridula	N. viridula
A0A9P0HDV3	1	U-01	viridula	N. viridula
A0A9P0HDV5	1	U-01	viridula	N. viridula
A0A9P0HDV6	2	U-02	viridula	N. viridula
A0A9P0HDV7	1	U-01	viridula	N. viridula
A0A9P0HDV8	1	U-01	viridula	N. viridula
A0A9P0HDV9	1	U-01	viridula	N. viridula
A0A9P0HDW1	1	U-01	viridula	N. viridula
A0A9P0HDW2	4	U-04	viridula	N. viridula
A0A9P0HDW3	3	U-03	viridula	N. viridula
A0A9P0HDW5	2	U-02	viridula	N. viridula
A0A9P0HDW6	2	U-02	viridula	N. viridula
A0A9P0HDW7	3	U-03	viridula	N. viridula
A0A9P0HDW8	1	U-01	viridula	N. viridula
A0A9P0HDW9	2	U-02	viridula	N. viridula
A0A9P0HDX0	1	U-01	viridula	N. viridula
A0A9P0HDX1	2	U-02	viridula	N. viridula
A0A9P0HDX4	1	U-01	viridula	N. viridula
A0A9P0HDX6	3	U-03	viridula	N. viridula
A0A9P0HDX7	2	U-02	viridula	N. viridula
A0A9P0HDX8	2	U-02	viridula	N. viridula
A0A9P0HDX9	3	U-03	viridula	N. viridula
A0A9P0HDY0	1	U-01	viridula	N. viridula
A0A9P0HDY1	4	U-04	viridula	N. viridula
A0A9P0HDY6	0	unassigned	viridula	N. viridula
A0A9P0HDY7	2	U-02	viridula	N. viridula
A0A9P0HDY8	1	U-01	viridula	N. viridula
A0A9P0HDY9	2	U-02	viridula	N. viridula
A0A9P0HDZ0	1	U-01	viridula	N. viridula
A0A9P0HDZ1	1	U-01	viridula	N. viridula
A0A9P0HDZ3	1	U-01	viridula	N. viridula
A0A9P0HDZ6	3	U-03	viridula	N. viridula
A0A9P0HDZ7	0	unassigned	viridula	N. viridula
A0A9P0HDZ8	1	U-01	viridula	N. viridula
A0A9P0HE03	1	U-01	viridula	N. viridula
A0A9P0HE06	1	U-01	viridula	N. viridula
A0A9P0HE08	2	U-02	viridula	N. viridula
A0A9P0HE09	2	U-02	viridula	N. viridula
A0A9P0HE14	1	U-01	viridula	N. viridula
A0A9P0HE15	1	U-01	viridula	N. viridula
A0A9P0HE16	1	U-01	viridula	N. viridula
A0A9P0HE18	2	U-02	viridula	N. viridula
A0A9P0HE19	0	unassigned	viridula	N. viridula
A0A9P0HE21	2	U-02	viridula	N. viridula
A0A9P0HE23	1	U-01	viridula	N. viridula
A0A9P0HE24	1	U-01	viridula	N. viridula
A0A9P0HE25	1	U-01	viridula	N. viridula
A0A9P0HE26	1	U-01	viridula	N. viridula
A0A9P0HE27	1	U-01	viridula	N. viridula
A0A9P0HE28	1	U-01	viridula	N. viridula
A0A9P0HE29	0	unassigned	viridula	N. viridula
A0A9P0HE30	1	U-01	viridula	N. viridula
A0A9P0HE32	4	U-04	viridula	N. viridula
A0A9P0HE34	2	U-02	viridula	N. viridula
A0A9P0HE35	1	U-01	viridula	N. viridula
A0A9P0HE36	4	U-04	viridula	N. viridula
A0A9P0HE37	1	U-01	viridula	N. viridula
A0A9P0HE39	3	U-03	viridula	N. viridula
A0A9P0HE41	1	U-01	viridula	N. viridula
A0A9P0HE42	1	U-01	viridula	N. viridula
A0A9P0HE43	3	U-03	viridula	N. viridula
A0A9P0HE46	2	U-02	viridula	N. viridula
A0A9P0HE48	2	U-02	viridula	N. viridula
A0A9P0HE50	1	U-01	viridula	N. viridula
A0A9P0HE51	2	U-02	viridula	N. viridula
A0A9P0HE53	3	U-03	viridula	N. viridula
A0A9P0HE54	3	U-03	viridula	N. viridula
A0A9P0HE55	2	U-02	viridula	N. viridula
A0A9P0HE58	3	U-03	viridula	N. viridula
A0A9P0HE61	1	U-01	viridula	N. viridula
A0A9P0HE63	0	unassigned	viridula	N. viridula
A0A9P0HE66	2	U-02	viridula	N. viridula
A0A9P0HE68	1	U-01	viridula	N. viridula
A0A9P0HE69	2	U-02	viridula	N. viridula
A0A9P0HE72	1	U-01	viridula	N. viridula
A0A9P0HE75	1	U-01	viridula	N. viridula
A0A9P0HE76	1	U-01	viridula	N. viridula
A0A9P0HE78	1	U-01	viridula	N. viridula
A0A9P0HE79	1	U-01	viridula	N. viridula
A0A9P0HE81	2	U-02	viridula	N. viridula
A0A9P0HE83	2	U-02	viridula	N. viridula
A0A9P0HE84	1	U-01	viridula	N. viridula
A0A9P0HE86	1	U-01	viridula	N. viridula
A0A9P0HE87	1	U-01	viridula	N. viridula
A0A9P0HE90	1	U-01	viridula	N. viridula
A0A9P0HE94	2	U-02	viridula	N. viridula
A0A9P0HE97	1	U-01	viridula	N. viridula
A0A9P0E8U6	1	U-01	viridula	N. viridula
A0A9P0E8U7	4	U-04	viridula	N. viridula
A0A9P0E8U9	2	U-02	viridula	N. viridula
A0A9P0E8V2	2	U-02	viridula	N. viridula
A0A9P0E8V3	1	U-01	viridula	N. viridula
A0A9P0E8V5	2	U-02	viridula	N. viridula
A0A9P0E8V6	2	U-02	viridula	N. viridula
A0A9P0E8V7	2	U-02	viridula	N. viridula
A0A9P0E8W0	1	U-01	viridula	N. viridula
A0A9P0E8W1	2	U-02	viridula	N. viridula
A0A9P0E8W2	4	U-04	viridula	N. viridula
A0A9P0E8W4	1	U-01	viridula	N. viridula
A0A9P0E8W5	1	U-01	viridula	N. viridula
A0A9P0E8W7	1	U-01	viridula	N. viridula
A0A9P0E8W8	1	U-01	viridula	N. viridula
A0A9P0E8X1	1	U-01	viridula	N. viridula
A0A9P0E8X2	0	unassigned	viridula	N. viridula
A0A9P0E8X4	1	U-01	viridula	N. viridula
A0A9P0E8X6	2	U-02	viridula	N. viridula
A0A9P0E8X7	2	U-02	viridula	N. viridula
A0A9P0E8X9	1	U-01	viridula	N. viridula
A0A9P0E8Y2	3	U-03	viridula	N. viridula
A0A9P0E8Y4	3	U-03	viridula	N. viridula
A0A9P0E8Y6	1	U-01	viridula	N. viridula
A0A9P0E8Y9	1	U-01	viridula	N. viridula
A0A9P0E8Z0	0	unassigned	viridula	N. viridula
A0A9P0E8Z2	2	U-02	viridula	N. viridula
A0A9P0E8Z4	1	U-01	viridula	N. viridula
A0A9P0E8Z5	2	U-02	viridula	N. viridula
A0A9P0E8Z7	3	U-03	viridula	N. viridula
A0A9P0E8Z8	1	U-01	viridula	N. viridula
A0A9P0E8Z9	2	U-02	viridula	N. viridula
A0A9P0E900	1	U-01	viridula	N. viridula
A0A9P0E901	2	U-02	viridula	N. viridula
A0A9P0E902	2	U-02	viridula	N. viridula
A0A9P0E904	4	U-04	viridula	N. viridula
A0A9P0E905	1	U-01	viridula	N. viridula
A0A9P0E909	1	U-01	viridula	N. viridula
A0A9P0E910	3	U-03	viridula	N. viridula
A0A9P0E911	2	U-02	viridula	N. viridula
A0A9P0E912	0	unassigned	viridula	N. viridula
A0A9P0E918	1	U-01	viridula	N. viridula
A0A9P0E919	1	U-01	viridula	N. viridula
A0A9P0E921	2	U-02	viridula	N. viridula
A0A9P0E925	0	unassigned	viridula	N. viridula
A0A9P0E926	1	U-01	viridula	N. viridula
A0A9P0E928	2	U-02	viridula	N. viridula
A0A9P0E930	1	U-01	viridula	N. viridula
A0A9P0E931	1	U-01	viridula	N. viridula
A0A9P0E932	4	U-04	viridula	N. viridula
A0A9P0E935	1	U-01	viridula	N. viridula
A0A9P0E936	0	unassigned	viridula	N. viridula
A0A9P0E937	1	U-01	viridula	N. viridula
A0A9P0E939	1	U-01	viridula	N. viridula
A0A9P0E941	2	U-02	viridula	N. viridula
A0A9P0E942	2	U-02	viridula	N. viridula
A0A9P0E944	3	U-03	viridula	N. viridula
A0A9P0E946	1	U-01	viridula	N. viridula
A0A9P0E948	1	U-01	viridula	N. viridula
A0A9P0E949	1	U-01	viridula	N. viridula
A0A9P0E950	1	U-01	viridula	N. viridula
A0A9P0E952	2	U-02	viridula	N. viridula
A0A9P0E954	1	U-01	viridula	N. viridula
A0A9P0E955	1	U-01	viridula	N. viridula
A0A9P0E957	1	U-01	viridula	N. viridula
A0A9P0E958	3	U-03	viridula	N. viridula
A0A9P0E959	2	U-02	viridula	N. viridula
A0A9P0E960	1	U-01	viridula	N. viridula
A0A9P0E961	3	U-03	viridula	N. viridula
A0A9P0E966	0	unassigned	viridula	N. viridula
A0A9P0E967	1	U-01	viridula	N. viridula
A0A9P0E968	0	unassigned	viridula	N. viridula
A0A9P0E969	2	U-02	viridula	N. viridula
A0A9P0E970	1	U-01	viridula	N. viridula
A0A9P0E973	1	U-01	viridula	N. viridula
A0A9P0E975	2	U-02	viridula	N. viridula
A0A9P0E976	2	U-02	viridula	N. viridula
A0A9P0E977	3	U-03	viridula	N. viridula
A0A9P0E978	1	U-01	viridula	N. viridula
A0A9P0E979	1	U-01	viridula	N. viridula
A0A9P0E980	1	U-01	viridula	N. viridula
A0A9P0E982	2	U-02	viridula	N. viridula
A0A9P0E983	3	U-03	viridula	N. viridula
A0A9P0E984	1	U-01	viridula	N. viridula
A0A9P0E985	2	U-02	viridula	N. viridula
A0A9P0E987	1	U-01	viridula	N. viridula
A0A9P0E988	2	U-02	viridula	N. viridula
A0A9P0E989	1	U-01	viridula	N. viridula
A0A9P0E990	2	U-02	viridula	N. viridula
A0A9P0E993	2	U-02	viridula	N. viridula
A0A9P0E994	1	U-01	viridula	N. viridula
A0A9P0E995	1	U-01	viridula	N. viridula
A0A9P0E998	1	U-01	viridula	N. viridula
A0A9P0E999	1	U-01	viridula	N. viridula
A0A9P0E9A3	2	U-02	viridula	N. viridula
A0A9P0E9A5	1	U-01	viridula	N. viridula
A0A9P0E9A7	4	U-04	viridula	N. viridula
A0A9P0E9B0	0	unassigned	viridula	N. viridula
A0A9P0E9B1	1	U-01	viridula	N. viridula
A0A9P0E9B3	1	U-01	viridula	N. viridula
A0A9P0E9B4	3	U-03	viridula	N. viridula
A0A9P0E9B7	1	U-01	viridula	N. viridula
A0A9P0E9B8	4	U-04	viridula	N. viridula
A0A9P0E9C0	4	U-04	viridula	N. viridula
A0A9P0E9C1	2	U-02	viridula	N. viridula
A0A9P0E9C2	1	U-01	viridula	N. viridula
A0A9P0E9C3	4	U-04	viridula	N. viridula
A0A9P0E9C4	1	U-01	viridula	N. viridula
A0A9P0E9C5	1	U-01	viridula	N. viridula
A0A9P0E9C6	0	unassigned	viridula	N. viridula
A0A9P0E9C7	0	unassigned	viridula	N. viridula
A0A9P0E9C8	1	U-01	viridula	N. viridula
A0A9P0E9D0	0	unassigned	viridula	N. viridula
A0A9P0E9D1	4	U-04	viridula	N. viridula
A0A9P0E9D2	0	unassigned	viridula	N. viridula
A0A9P0E9D6	1	U-01	viridula	N. viridula
A0A9P0E9D7	1	U-01	viridula	N. viridula
A0A9P0E9D8	1	U-01	viridula	N. viridula
A0A9P0E9E1	0	unassigned	viridula	N. viridula
A0A9P0E9E2	0	unassigned	viridula	N. viridula
A0A9P0E9E3	0	unassigned	viridula	N. viridula
A0A9P0E9E4	1	U-01	viridula	N. viridula
A0A9P0E9E5	3	U-03	viridula	N. viridula
A0A9P0E9E6	2	U-02	viridula	N. viridula
A0A9P0E9E7	0	unassigned	viridula	N. viridula
A0A9P0E9F0	2	U-02	viridula	N. viridula
A0A9P0E9F1	1	U-01	viridula	N. viridula
A0A9P0E9F3	1	U-01	viridula	N. viridula
A0A9P0E9F4	1	U-01	viridula	N. viridula
A0A9P0E9F6	1	U-01	viridula	N. viridula
A0A9P0E9F8	2	U-02	viridula	N. viridula
A0A9P0E9G0	3	U-03	viridula	N. viridula
A0A9P0E9G2	2	U-02	viridula	N. viridula
A0A9P0E9G5	1	U-01	viridula	N. viridula
A0A9P0E9H0	0	unassigned	viridula	N. viridula
A0A9P0E9H1	0	unassigned	viridula	N. viridula
A0A9P0E9H2	2	U-02	viridula	N. viridula
A0A9P0E9H7	1	U-01	viridula	N. viridula
A0A9P0E9H8	1	U-01	viridula	N. viridula
A0A9P0E9H9	1	U-01	viridula	N. viridula
A0A9P0E9I0	0	unassigned	viridula	N. viridula
A0A9P0E9I4	1	U-01	viridula	N. viridula
A0A9P0E9I5	1	U-01	viridula	N. viridula
A0A9P0E9I6	1	U-01	viridula	N. viridula
A0A9P0E9I7	2	U-02	viridula	N. viridula
A0A9P0E9I8	4	U-04	viridula	N. viridula
A0A9P0E9J0	1	U-01	viridula	N. viridula
A0A9P0E9J1	1	U-01	viridula	N. viridula
A0A9P0E9J5	2	U-02	viridula	N. viridula
A0A9P0E9J6	0	unassigned	viridula	N. viridula
A0A9P0E9J7	1	U-01	viridula	N. viridula
A0A9P0E9J8	1	U-01	viridula	N. viridula
A0A9P0E9J9	4	U-04	viridula	N. viridula
A0A9P0E9K2	1	U-01	viridula	N. viridula
A0A9P0E9K3	1	U-01	viridula	N. viridula
A0A9P0E9K6	1	U-01	viridula	N. viridula
A0A9P0E9K7	1	U-01	viridula	N. viridula
A0A9P0E9L0	1	U-01	viridula	N. viridula
A0A9P0E9L2	0	unassigned	viridula	N. viridula
A0A9P0E9L3	2	U-02	viridula	N. viridula
A0A9P0E9L4	1	U-01	viridula	N. viridula
A0A9P0E9L5	2	U-02	viridula	N. viridula
A0A9P0E9L6	3	U-03	viridula	N. viridula
A0A9P0E9L9	1	U-01	viridula	N. viridula
A0A9P0E9M1	3	U-03	viridula	N. viridula
A0A9P0E9M2	0	unassigned	viridula	N. viridula
A0A9P0E9M4	2	U-02	viridula	N. viridula
A0A9P0E9M5	1	U-01	viridula	N. viridula
A0A9P0E9M6	2	U-02	viridula	N. viridula
A0A9P0E9M7	1	U-01	viridula	N. viridula
A0A9P0E9N3	1	U-01	viridula	N. viridula
A0A9P0E9N4	1	U-01	viridula	N. viridula
A0A9P0E9N5	1	U-01	viridula	N. viridula
A0A9P0E9N7	2	U-02	viridula	N. viridula
A0A9P0E9P0	1	U-01	viridula	N. viridula
A0A9P0E9P2	1	U-01	viridula	N. viridula
A0A9P0E9P3	2	U-02	viridula	N. viridula
A0A9P0E9P5	2	U-02	viridula	N. viridula
A0A9P0E9P6	1	U-01	viridula	N. viridula
A0A9P0E9P7	2	U-02	viridula	N. viridula
A0A9P0E9P8	4	U-04	viridula	N. viridula
A0A9P0E9Q1	2	U-02	viridula	N. viridula
A0A9P0E9Q2	1	U-01	viridula	N. viridula
A0A9P0E9Q3	1	U-01	viridula	N. viridula
A0A9P0E9Q4	1	U-01	viridula	N. viridula
A0A9P0E9Q7	1	U-01	viridula	N. viridula
A0A9P0E9Q8	2	U-02	viridula	N. viridula
A0A9P0E9R0	2	U-02	viridula	N. viridula
A0A9P0E9R1	1	U-01	viridula	N. viridula
A0A9P0E9R2	1	U-01	viridula	N. viridula
A0A9P0E9R3	1	U-01	viridula	N. viridula
A0A9P0E9R4	0	unassigned	viridula	N. viridula
A0A9P0E9R5	1	U-01	viridula	N. viridula
A0A9P0E9R6	0	unassigned	viridula	N. viridula
A0A9P0E9R8	4	U-04	viridula	N. viridula
A0A9P0E9S0	4	U-04	viridula	N. viridula
A0A9P0E9S1	2	U-02	viridula	N. viridula
A0A9P0E9S2	2	U-02	viridula	N. viridula
A0A9P0E9S4	1	U-01	viridula	N. viridula
A0A9P0E9S5	1	U-01	viridula	N. viridula
A0A9P0E9S7	1	U-01	viridula	N. viridula
A0A9P0E9T0	3	U-03	viridula	N. viridula
A0A9P0E9T1	0	unassigned	viridula	N. viridula
A0A9P0E9T2	1	U-01	viridula	N. viridula
A0A9P0E9T4	2	U-02	viridula	N. viridula
A0A9P0E9T5	1	U-01	viridula	N. viridula
A0A9P0E9T7	1	U-01	viridula	N. viridula
A0A9P0E9T9	2	U-02	viridula	N. viridula
A0A9P0E9U0	4	U-04	viridula	N. viridula
A0A9P0E9U2	1	U-01	viridula	N. viridula
A0A9P0E9U3	1	U-01	viridula	N. viridula
A0A9P0E9U4	2	U-02	viridula	N. viridula
A0A9P0E9U5	2	U-02	viridula	N. viridula
A0A9P0E9U9	2	U-02	viridula	N. viridula
A0A9P0E9V0	2	U-02	viridula	N. viridula
A0A9P0E9V1	0	unassigned	viridula	N. viridula
A0A9P0E9V3	2	U-02	viridula	N. viridula
A0A9P0E9V4	2	U-02	viridula	N. viridula
A0A9P0E9V6	1	U-01	viridula	N. viridula
A0A9P0E9V8	2	U-02	viridula	N. viridula
A0A9P0E9V9	4	U-04	viridula	N. viridula
A0A9P0E9W0	2	U-02	viridula	N. viridula
A0A9P0E9W2	2	U-02	viridula	N. viridula
A0A9P0E9W3	2	U-02	viridula	N. viridula
A0A9P0E9W6	1	U-01	viridula	N. viridula
A0A9P0E9W8	1	U-01	viridula	N. viridula
A0A9P0E9X0	2	U-02	viridula	N. viridula
A0A9P0E9X2	1	U-01	viridula	N. viridula
A0A9P0E9X3	3	U-03	viridula	N. viridula
A0A9P0E9X4	2	U-02	viridula	N. viridula
A0A9P0E9X8	1	U-01	viridula	N. viridula
A0A9P0E9Y0	0	unassigned	viridula	N. viridula
A0A9P0E9Y1	2	U-02	viridula	N. viridula
A0A9P0E9Y2	2	U-02	viridula	N. viridula
A0A9P0E9Y4	4	U-04	viridula	N. viridula
A0A9P0E9Y6	0	unassigned	viridula	N. viridula
A0A9P0E9Y7	4	U-04	viridula	N. viridula
A0A9P0E9Y9	1	U-01	viridula	N. viridula
A0A9P0E9Z0	1	U-01	viridula	N. viridula
A0A9P0E9Z1	2	U-02	viridula	N. viridula
A0A9P0E9Z2	1	U-01	viridula	N. viridula
A0A9P0E9Z3	1	U-01	viridula	N. viridula
A0A9P0E9Z4	1	U-01	viridula	N. viridula
A0A9P0EA00	1	U-01	viridula	N. viridula
A0A9P0EA01	2	U-02	viridula	N. viridula
A0A9P0EA02	2	U-02	viridula	N. viridula
A0A9P0EA03	1	U-01	viridula	N. viridula
A0A9P0EA04	2	U-02	viridula	N. viridula
A0A9P0EA07	1	U-01	viridula	N. viridula
A0A9P0EA09	1	U-01	viridula	N. viridula
A0A9P0EA10	0	unassigned	viridula	N. viridula
A0A9P0EA11	1	U-01	viridula	N. viridula
A0A9P0EA13	0	unassigned	viridula	N. viridula
A0A9P0EA14	2	U-02	viridula	N. viridula
A0A9P0EA16	1	U-01	viridula	N. viridula
A0A9P0EA19	2	U-02	viridula	N. viridula
A0A9P0EA20	4	U-04	viridula	N. viridula
A0A9P0EA21	4	U-04	viridula	N. viridula
A0A9P0EA22	4	U-04	viridula	N. viridula
A0A9P0EA23	1	U-01	viridula	N. viridula
A0A9P0EA25	1	U-01	viridula	N. viridula
A0A9P0EA26	1	U-01	viridula	N. viridula
A0A9P0EA27	1	U-01	viridula	N. viridula
A0A9P0EA29	1	U-01	viridula	N. viridula
A0A9P0EA30	1	U-01	viridula	N. viridula
A0A9P0EA31	1	U-01	viridula	N. viridula
A0A9P0EA32	1	U-01	viridula	N. viridula
A0A9P0EA33	1	U-01	viridula	N. viridula
A0A9P0EA36	1	U-01	viridula	N. viridula
A0A9P0EA39	1	U-01	viridula	N. viridula
A0A9P0EA40	1	U-01	viridula	N. viridula
A0A9P0EA42	2	U-02	viridula	N. viridula
A0A9P0EA45	1	U-01	viridula	N. viridula
A0A9P0EA48	2	U-02	viridula	N. viridula
A0A9P0EA49	2	U-02	viridula	N. viridula
A0A9P0EA50	1	U-01	viridula	N. viridula
A0A9P0EA53	1	U-01	viridula	N. viridula
A0A9P0EA54	0	unassigned	viridula	N. viridula
A0A9P0EA56	1	U-01	viridula	N. viridula
A0A9P0EA57	1	U-01	viridula	N. viridula
A0A9P0EA59	1	U-01	viridula	N. viridula
A0A9P0EA62	3	U-03	viridula	N. viridula
A0A9P0EA63	1	U-01	viridula	N. viridula
A0A9P0EA65	0	unassigned	viridula	N. viridula
A0A9P0EA66	1	U-01	viridula	N. viridula
A0A9P0EA69	4	U-04	viridula	N. viridula
A0A9P0EA70	2	U-02	viridula	N. viridula
A0A9P0EA73	2	U-02	viridula	N. viridula
A0A9P0EA74	0	unassigned	viridula	N. viridula
A0A9P0EA76	4	U-04	viridula	N. viridula
A0A9P0EA79	4	U-04	viridula	N. viridula
A0A9P0EA80	1	U-01	viridula	N. viridula
A0A9P0EA84	0	unassigned	viridula	N. viridula
A0A9P0EA89	0	unassigned	viridula	N. viridula
A0A9P0EA91	2	U-02	viridula	N. viridula
A0A9P0EA93	0	unassigned	viridula	N. viridula
A0A9P0EA94	1	U-01	viridula	N. viridula
A0A9P0EA95	1	U-01	viridula	N. viridula
A0A9P0EA99	0	unassigned	viridula	N. viridula
A0A9P0EAA0	2	U-02	viridula	N. viridula
A0A9P0HAS0	2	U-02	viridula	N. viridula
A0A9P0HAS4	2	U-02	viridula	N. viridula
A0A9P0HAS5	0	unassigned	viridula	N. viridula
A0A9P0HAS6	1	U-01	viridula	N. viridula
A0A9P0HAS8	1	U-01	viridula	N. viridula
A0A9P0HAS9	1	U-01	viridula	N. viridula
A0A9P0HAT1	1	U-01	viridula	N. viridula
A0A9P0HAT2	4	U-04	viridula	N. viridula
A0A9P0HAT3	2	U-02	viridula	N. viridula
A0A9P0HAT4	2	U-02	viridula	N. viridula
A0A9P0HAT6	2	U-02	viridula	N. viridula
A0A9P0HAT7	2	U-02	viridula	N. viridula
A0A9P0HAT8	1	U-01	viridula	N. viridula
A0A9P0HAT9	1	U-01	viridula	N. viridula
A0A9P0HAU0	1	U-01	viridula	N. viridula
A0A9P0HAU1	0	unassigned	viridula	N. viridula
A0A9P0HAU2	1	U-01	viridula	N. viridula
A0A9P0HAU3	4	U-04	viridula	N. viridula
A0A9P0HAU5	2	U-02	viridula	N. viridula
A0A9P0HAU6	4	U-04	viridula	N. viridula
A0A9P0HAU8	2	U-02	viridula	N. viridula
A0A9P0HAU9	2	U-02	viridula	N. viridula
A0A9P0HAV4	2	U-02	viridula	N. viridula
A0A9P0HAV5	2	U-02	viridula	N. viridula
A0A9P0HAV6	2	U-02	viridula	N. viridula
A0A9P0HAV8	4	U-04	viridula	N. viridula
A0A9P0HAV9	1	U-01	viridula	N. viridula
A0A9P0HAW0	4	U-04	viridula	N. viridula
A0A9P0HAW1	4	U-04	viridula	N. viridula
A0A9P0HAW5	1	U-01	viridula	N. viridula
A0A9P0HAW6	1	U-01	viridula	N. viridula
A0A9P0HAW7	3	U-03	viridula	N. viridula
A0A9P0HAX0	4	U-04	viridula	N. viridula
A0A9P0HAX1	1	U-01	viridula	N. viridula
A0A9P0HAX2	3	U-03	viridula	N. viridula
A0A9P0HAX5	1	U-01	viridula	N. viridula
A0A9P0HAX6	1	U-01	viridula	N. viridula
A0A9P0HAX8	4	U-04	viridula	N. viridula
A0A9P0HAX9	2	U-02	viridula	N. viridula
A0A9P0HAY3	0	unassigned	viridula	N. viridula
A0A9P0HAY5	1	U-01	viridula	N. viridula
A0A9P0HAY7	0	unassigned	viridula	N. viridula
A0A9P0HAY8	2	U-02	viridula	N. viridula
A0A9P0HAZ0	0	unassigned	viridula	N. viridula
A0A9P0HAZ2	1	U-01	viridula	N. viridula
A0A9P0HAZ3	1	U-01	viridula	N. viridula
A0A9P0HAZ4	2	U-02	viridula	N. viridula
A0A9P0HAZ5	1	U-01	viridula	N. viridula
A0A9P0HAZ9	2	U-02	viridula	N. viridula
A0A9P0HB00	0	unassigned	viridula	N. viridula
A0A9P0HB01	1	U-01	viridula	N. viridula
A0A9P0HB04	1	U-01	viridula	N. viridula
A0A9P0HB05	2	U-02	viridula	N. viridula
A0A9P0HB10	1	U-01	viridula	N. viridula
A0A9P0HB11	2	U-02	viridula	N. viridula
A0A9P0HB14	2	U-02	viridula	N. viridula
A0A9P0HB15	3	U-03	viridula	N. viridula
A0A9P0HB16	1	U-01	viridula	N. viridula
A0A9P0HB17	3	U-03	viridula	N. viridula
A0A9P0HB19	2	U-02	viridula	N. viridula
A0A9P0HB20	2	U-02	viridula	N. viridula
A0A9P0HB21	1	U-01	viridula	N. viridula
A0A9P0HB22	2	U-02	viridula	N. viridula
A0A9P0HB23	1	U-01	viridula	N. viridula
A0A9P0HB25	4	U-04	viridula	N. viridula
A0A9P0HB26	2	U-02	viridula	N. viridula
A0A9P0HB28	2	U-02	viridula	N. viridula
A0A9P0HB30	0	unassigned	viridula	N. viridula
A0A9P0HB36	1	U-01	viridula	N. viridula
A0A9P0HB37	1	U-01	viridula	N. viridula
A0A9P0HB39	4	U-04	viridula	N. viridula
A0A9P0HB40	1	U-01	viridula	N. viridula
A0A9P0HB41	1	U-01	viridula	N. viridula
A0A9P0HB43	4	U-04	viridula	N. viridula
A0A9P0HB46	3	U-03	viridula	N. viridula
A0A9P0HB47	1	U-01	viridula	N. viridula
A0A9P0HB50	2	U-02	viridula	N. viridula
A0A9P0HB52	1	U-01	viridula	N. viridula
A0A9P0HB53	1	U-01	viridula	N. viridula
A0A9P0HB54	1	U-01	viridula	N. viridula
A0A9P0HB57	1	U-01	viridula	N. viridula
A0A9P0HB58	0	unassigned	viridula	N. viridula
A0A9P0HB60	1	U-01	viridula	N. viridula
A0A9P0HB61	4	U-04	viridula	N. viridula
A0A9P0HB64	2	U-02	viridula	N. viridula
A0A9P0HB65	4	U-04	viridula	N. viridula
A0A9P0HB66	2	U-02	viridula	N. viridula
A0A9P0HB67	2	U-02	viridula	N. viridula
A0A9P0HB68	1	U-01	viridula	N. viridula
A0A9P0HB69	1	U-01	viridula	N. viridula
A0A9P0HB70	2	U-02	viridula	N. viridula
A0A9P0HB71	2	U-02	viridula	N. viridula
A0A9P0HB73	2	U-02	viridula	N. viridula
A0A9P0HB75	4	U-04	viridula	N. viridula
A0A9P0HB76	1	U-01	viridula	N. viridula
A0A9P0HB77	2	U-02	viridula	N. viridula
A0A9P0HB78	1	U-01	viridula	N. viridula
A0A9P0HB79	1	U-01	viridula	N. viridula
A0A9P0HB80	1	U-01	viridula	N. viridula
A0A9P0HB82	1	U-01	viridula	N. viridula
A0A9P0HB83	2	U-02	viridula	N. viridula
A0A9P0HB85	1	U-01	viridula	N. viridula
A0A9P0HB86	3	U-03	viridula	N. viridula
A0A9P0HB87	3	U-03	viridula	N. viridula
A0A9P0HB88	2	U-02	viridula	N. viridula
A0A9P0HB89	2	U-02	viridula	N. viridula
A0A9P0HB94	2	U-02	viridula	N. viridula
A0A9P0HB95	2	U-02	viridula	N. viridula
A0A9P0HB96	4	U-04	viridula	N. viridula
A0A9P0HB97	2	U-02	viridula	N. viridula
A0A9P0HB98	1	U-01	viridula	N. viridula
A0A9P0HBA1	2	U-02	viridula	N. viridula
A0A9P0HBA5	0	unassigned	viridula	N. viridula
A0A9P0HBA6	1	U-01	viridula	N. viridula
A0A9P0HBA7	1	U-01	viridula	N. viridula
A0A9P0HBA8	1	U-01	viridula	N. viridula
A0A9P0HBA9	2	U-02	viridula	N. viridula
A0A9P0HBB0	1	U-01	viridula	N. viridula
A0A9P0HBB1	0	unassigned	viridula	N. viridula
A0A9P0HBB2	2	U-02	viridula	N. viridula
A0A9P0HBB3	1	U-01	viridula	N. viridula
A0A9P0HBB4	2	U-02	viridula	N. viridula
A0A9P0HBB5	3	U-03	viridula	N. viridula
A0A9P0HBB6	2	U-02	viridula	N. viridula
A0A9P0HBC0	2	U-02	viridula	N. viridula
A0A9P0HBC1	2	U-02	viridula	N. viridula
A0A9P0HBC4	1	U-01	viridula	N. viridula
A0A9P0HBC5	1	U-01	viridula	N. viridula
A0A9P0HBC7	2	U-02	viridula	N. viridula
A0A9P0HBD0	2	U-02	viridula	N. viridula
A0A9P0HBD1	1	U-01	viridula	N. viridula
A0A9P0HBD2	2	U-02	viridula	N. viridula
A0A9P0HBD4	1	U-01	viridula	N. viridula
A0A9P0HBD7	1	U-01	viridula	N. viridula
A0A9P0HBD8	1	U-01	viridula	N. viridula
A0A9P0HBE0	1	U-01	viridula	N. viridula
A0A9P0HBE1	1	U-01	viridula	N. viridula
A0A9P0HBE2	1	U-01	viridula	N. viridula
A0A9P0HBE3	3	U-03	viridula	N. viridula
A0A9P0HBE4	2	U-02	viridula	N. viridula
A0A9P0HBE8	2	U-02	viridula	N. viridula
A0A9P0HBE9	0	unassigned	viridula	N. viridula
A0A9P0HBF2	2	U-02	viridula	N. viridula
A0A9P0HBF3	1	U-01	viridula	N. viridula
A0A9P0HBF7	2	U-02	viridula	N. viridula
A0A9P0HBG0	1	U-01	viridula	N. viridula
A0A9P0HBG2	1	U-01	viridula	N. viridula
A0A9P0HBH0	1	U-01	viridula	N. viridula
A0A9P0HBH2	4	U-04	viridula	N. viridula
A0A9P0HBH9	1	U-01	viridula	N. viridula
A0A9P0HBI0	1	U-01	viridula	N. viridula
A0A9P0HBI1	2	U-02	viridula	N. viridula
A0A9P0HBI6	4	U-04	viridula	N. viridula
A0A9P0HBJ0	1	U-01	viridula	N. viridula
A0A9P0HBJ2	4	U-04	viridula	N. viridula
A0A9P0HBJ3	2	U-02	viridula	N. viridula
A0A9P0HBJ4	3	U-03	viridula	N. viridula
A0A9P0HBJ5	2	U-02	viridula	N. viridula
A0A9P0HBJ8	2	U-02	viridula	N. viridula
A0A9P0HBK0	0	unassigned	viridula	N. viridula
A0A9P0HBK1	0	unassigned	viridula	N. viridula
A0A9P0HBK2	1	U-01	viridula	N. viridula
A0A9P0HBK5	4	U-04	viridula	N. viridula
A0A9P0HBK6	2	U-02	viridula	N. viridula
A0A9P0HBK7	2	U-02	viridula	N. viridula
A0A9P0HBK8	2	U-02	viridula	N. viridula
A0A9P0HBK9	1	U-01	viridula	N. viridula
A0A9P0HBL1	1	U-01	viridula	N. viridula
A0A9P0HBL2	0	unassigned	viridula	N. viridula
A0A9P0HBL3	2	U-02	viridula	N. viridula
A0A9P0HBL6	2	U-02	viridula	N. viridula
A0A9P0HBL7	2	U-02	viridula	N. viridula
A0A9P0HBL8	1	U-01	viridula	N. viridula
A0A9P0HBL9	2	U-02	viridula	N. viridula
A0A9P0HBM0	2	U-02	viridula	N. viridula
A0A9P0HBM1	1	U-01	viridula	N. viridula
A0A9P0HBM2	3	U-03	viridula	N. viridula
A0A9P0HBM3	2	U-02	viridula	N. viridula
A0A9P0HBM4	3	U-03	viridula	N. viridula
A0A9P0HBM5	1	U-01	viridula	N. viridula
A0A9P0HBM9	0	unassigned	viridula	N. viridula
A0A9P0HBN0	1	U-01	viridula	N. viridula
A0A9P0HBN2	1	U-01	viridula	N. viridula
A0A9P0HBN3	4	U-04	viridula	N. viridula
A0A9P0HBN4	1	U-01	viridula	N. viridula
A0A9P0H374	1	U-01	viridula	N. viridula
A0A9P0H375	3	U-03	viridula	N. viridula
A0A9P0H377	0	unassigned	viridula	N. viridula
A0A9P0H382	1	U-01	viridula	N. viridula
A0A9P0H386	0	unassigned	viridula	N. viridula
A0A9P0H389	1	U-01	viridula	N. viridula
A0A9P0H390	1	U-01	viridula	N. viridula
A0A9P0H396	3	U-03	viridula	N. viridula
A0A9P0H399	4	U-04	viridula	N. viridula
A0A9P0H3A2	1	U-01	viridula	N. viridula
A0A9P0H3A4	1	U-01	viridula	N. viridula
A0A9P0H3D4	1	U-01	viridula	N. viridula
A0A9P0H3D5	3	U-03	viridula	N. viridula
A0A9P0H3D6	3	U-03	viridula	N. viridula
A0A9P0H3D9	1	U-01	viridula	N. viridula
A0A9P0H3E8	1	U-01	viridula	N. viridula
A0A9P0H3F0	1	U-01	viridula	N. viridula
A0A9P0H3F1	1	U-01	viridula	N. viridula
A0A9P0H3F2	3	U-03	viridula	N. viridula
A0A9P0H3F4	1	U-01	viridula	N. viridula
A0A9P0H3F7	3	U-03	viridula	N. viridula
A0A9P0H3F9	1	U-01	viridula	N. viridula
A0A9P0H3G3	1	U-01	viridula	N. viridula
A0A9P0H3G4	1	U-01	viridula	N. viridula
A0A9P0H3G7	1	U-01	viridula	N. viridula
A0A9P0H3G8	1	U-01	viridula	N. viridula
A0A9P0H3H2	3	U-03	viridula	N. viridula
A0A9P0H3H4	4	U-04	viridula	N. viridula
A0A9P0H3H6	4	U-04	viridula	N. viridula
A0A9P0H3H8	1	U-01	viridula	N. viridula
A0A9P0H3I1	1	U-01	viridula	N. viridula
A0A9P0H3I3	3	U-03	viridula	N. viridula
A0A9P0H3I6	1	U-01	viridula	N. viridula
A0A9P0H3I8	1	U-01	viridula	N. viridula
A0A9P0H3J4	1	U-01	viridula	N. viridula
A0A9P0H3J5	1	U-01	viridula	N. viridula
A0A9P0H3J6	3	U-03	viridula	N. viridula
A0A9P0H3J8	3	U-03	viridula	N. viridula
A0A9P0H3J9	1	U-01	viridula	N. viridula
A0A9P0H3K2	1	U-01	viridula	N. viridula
A0A9P0H3K7	1	U-01	viridula	N. viridula
A0A9P0H3K8	1	U-01	viridula	N. viridula
A0A9P0H3K9	1	U-01	viridula	N. viridula
A0A9P0H3L1	1	U-01	viridula	N. viridula
A0A9P0H3M3	1	U-01	viridula	N. viridula
A0A9P0H3M6	1	U-01	viridula	N. viridula
A0A9P0H3N1	1	U-01	viridula	N. viridula
A0A9P0H3N6	0	unassigned	viridula	N. viridula
A0A9P0H3P0	0	unassigned	viridula	N. viridula
A0A9P0H3P4	1	U-01	viridula	N. viridula
A0A9P0H3P5	3	U-03	viridula	N. viridula
A0A9P0H3P7	1	U-01	viridula	N. viridula
A0A9P0H3P8	3	U-03	viridula	N. viridula
A0A9P0H3Q1	1	U-01	viridula	N. viridula
A0A9P0H3Q2	0	unassigned	viridula	N. viridula
A0A9P0H3Q4	1	U-01	viridula	N. viridula
A0A9P0H3Q7	3	U-03	viridula	N. viridula
A0A9P0H3Q8	1	U-01	viridula	N. viridula
A0A9P0H3R0	1	U-01	viridula	N. viridula
A0A9P0H3R2	3	U-03	viridula	N. viridula
A0A9P0H3R3	1	U-01	viridula	N. viridula
A0A9P0H3R4	1	U-01	viridula	N. viridula
A0A9P0H3R5	1	U-01	viridula	N. viridula
A0A9P0H3R7	0	unassigned	viridula	N. viridula
A0A9P0H3R9	1	U-01	viridula	N. viridula
A0A9P0H3S1	1	U-01	viridula	N. viridula
A0A9P0H3S4	1	U-01	viridula	N. viridula
A0A9P0H3S5	1	U-01	viridula	N. viridula
A0A9P0H3S9	1	U-01	viridula	N. viridula
A0A9P0H3T1	1	U-01	viridula	N. viridula
A0A9P0H3T3	1	U-01	viridula	N. viridula
A0A9P0H3T5	3	U-03	viridula	N. viridula
A0A9P0H3T6	1	U-01	viridula	N. viridula
A0A9P0H3U3	3	U-03	viridula	N. viridula
A0A9P0H3U8	1	U-01	viridula	N. viridula
A0A9P0H3V0	3	U-03	viridula	N. viridula
A0A9P0H3V4	1	U-01	viridula	N. viridula
A0A9P0H3V7	0	unassigned	viridula	N. viridula
A0A9P0H3W7	1	U-01	viridula	N. viridula
A0A9P0H3X7	1	U-01	viridula	N. viridula
A0A9P0H3X8	1	U-01	viridula	N. viridula
A0A9P0H3Y0	1	U-01	viridula	N. viridula
A0A9P0H3Y4	3	U-03	viridula	N. viridula
A0A9P0H3Y6	1	U-01	viridula	N. viridula
A0A9P0H3Z6	3	U-03	viridula	N. viridula
A0A9P0H3Z7	3	U-03	viridula	N. viridula
A0A9P0H400	1	U-01	viridula	N. viridula
A0A9P0H401	0	unassigned	viridula	N. viridula
A0A9P0H402	1	U-01	viridula	N. viridula
A0A9P0H406	1	U-01	viridula	N. viridula
A0A9P0H410	1	U-01	viridula	N. viridula
A0A9P0H413	1	U-01	viridula	N. viridula
A0A9P0H416	1	U-01	viridula	N. viridula
A0A9P0H417	1	U-01	viridula	N. viridula
A0A9P0H426	1	U-01	viridula	N. viridula
A0A9P0H427	1	U-01	viridula	N. viridula
A0A9P0H428	1	U-01	viridula	N. viridula
A0A9P0H431	1	U-01	viridula	N. viridula
A0A9P0H433	1	U-01	viridula	N. viridula
A0A9P0HDQ9	3	U-03	viridula	N. viridula
A0A9P0HDR1	1	U-01	viridula	N. viridula
A0A9P0HDR4	1	U-01	viridula	N. viridula
A0A9P0HDR7	1	U-01	viridula	N. viridula
A0A9P0HDR9	3	U-03	viridula	N. viridula
A0A9P0HDS1	1	U-01	viridula	N. viridula
A0A9P0HDS2	1	U-01	viridula	N. viridula
A0A9P0HDS3	3	U-03	viridula	N. viridula
A0A9P0HDS6	1	U-01	viridula	N. viridula
A0A9P0HDT0	0	unassigned	viridula	N. viridula
A0A9P0HDT3	1	U-01	viridula	N. viridula
A0A9P0HDT6	1	U-01	viridula	N. viridula
A0A9P0HDT8	1	U-01	viridula	N. viridula
A0A9P0HDU1	3	U-03	viridula	N. viridula
A0A9P0HDU2	0	unassigned	viridula	N. viridula
A0A9P0HDU8	1	U-01	viridula	N. viridula
A0A9P0HFV9	0	unassigned	viridula	N. viridula
A0A9P0HFW0	2	U-02	viridula	N. viridula
A0A9P0HFW3	0	unassigned	viridula	N. viridula
A0A9P0HFW4	1	U-01	viridula	N. viridula
A0A9P0HFW7	1	U-01	viridula	N. viridula
A0A9P0HFW8	0	unassigned	viridula	N. viridula
A0A9P0HFW9	1	U-01	viridula	N. viridula
A0A9P0HFX0	1	U-01	viridula	N. viridula
A0A9P0HFX1	2	U-02	viridula	N. viridula
A0A9P0HFX3	0	unassigned	viridula	N. viridula
A0A9P0HFX5	0	unassigned	viridula	N. viridula
A0A9P0HFX8	1	U-01	viridula	N. viridula
A0A9P0HFY0	2	U-02	viridula	N. viridula
A0A9P0HFY1	0	unassigned	viridula	N. viridula
A0A9P0HFY4	1	U-01	viridula	N. viridula
A0A9P0HFY5	1	U-01	viridula	N. viridula
A0A9P0HFY6	2	U-02	viridula	N. viridula
A0A9P0HFY8	1	U-01	viridula	N. viridula
A0A9P0HFZ0	3	U-03	viridula	N. viridula
A0A9P0HFZ1	0	unassigned	viridula	N. viridula
A0A9P0HFZ3	0	unassigned	viridula	N. viridula
A0A9P0HFZ4	1	U-01	viridula	N. viridula
A0A9P0HFZ5	1	U-01	viridula	N. viridula
A0A9P0HFZ7	2	U-02	viridula	N. viridula
A0A9P0HFZ8	1	U-01	viridula	N. viridula
A0A9P0HFZ9	2	U-02	viridula	N. viridula
A0A9P0HG01	1	U-01	viridula	N. viridula
A0A9P0HG03	1	U-01	viridula	N. viridula
A0A9P0HG04	1	U-01	viridula	N. viridula
A0A9P0HG08	1	U-01	viridula	N. viridula
A0A9P0HG09	1	U-01	viridula	N. viridula
A0A9P0HG11	0	unassigned	viridula	N. viridula
A0A9P0HG12	2	U-02	viridula	N. viridula
A0A9P0HG13	1	U-01	viridula	N. viridula
A0A9P0HG14	1	U-01	viridula	N. viridula
A0A9P0HG15	0	unassigned	viridula	N. viridula
A0A9P0HG16	3	U-03	viridula	N. viridula
A0A9P0HG17	1	U-01	viridula	N. viridula
A0A9P0HG19	2	U-02	viridula	N. viridula
A0A9P0HG20	1	U-01	viridula	N. viridula
A0A9P0HG22	1	U-01	viridula	N. viridula
A0A9P0HG24	0	unassigned	viridula	N. viridula
A0A9P0HG26	1	U-01	viridula	N. viridula
A0A9P0HG27	2	U-02	viridula	N. viridula
A0A9P0HG28	1	U-01	viridula	N. viridula
A0A9P0HG30	1	U-01	viridula	N. viridula
A0A9P0HG32	1	U-01	viridula	N. viridula
A0A9P0HG33	1	U-01	viridula	N. viridula
A0A9P0HG35	0	unassigned	viridula	N. viridula
A0A9P0HG36	1	U-01	viridula	N. viridula
A0A9P0HG39	1	U-01	viridula	N. viridula
A0A9P0HG40	2	U-02	viridula	N. viridula
A0A9P0HG41	0	unassigned	viridula	N. viridula
A0A9P0HG42	1	U-01	viridula	N. viridula
A0A9P0HG43	1	U-01	viridula	N. viridula
A0A9P0HG44	1	U-01	viridula	N. viridula
A0A9P0HG46	1	U-01	viridula	N. viridula
A0A9P0HG48	1	U-01	viridula	N. viridula
A0A9P0HG50	3	U-03	viridula	N. viridula
A0A9P0HG51	1	U-01	viridula	N. viridula
A0A9P0HG54	1	U-01	viridula	N. viridula
A0A9P0HG55	1	U-01	viridula	N. viridula
A0A9P0HG57	2	U-02	viridula	N. viridula
A0A9P0HG58	1	U-01	viridula	N. viridula
A0A9P0HG59	0	unassigned	viridula	N. viridula
A0A9P0HG60	0	unassigned	viridula	N. viridula
A0A9P0HG61	3	U-03	viridula	N. viridula
A0A9P0HG62	2	U-02	viridula	N. viridula
A0A9P0HG65	0	unassigned	viridula	N. viridula
A0A9P0HG67	0	unassigned	viridula	N. viridula
A0A9P0HG68	2	U-02	viridula	N. viridula
A0A9P0HG69	1	U-01	viridula	N. viridula
A0A9P0HG70	4	U-04	viridula	N. viridula
A0A9P0HG71	0	unassigned	viridula	N. viridula
A0A9P0HG73	1	U-01	viridula	N. viridula
A0A9P0HG74	1	U-01	viridula	N. viridula
A0A9P0HG75	1	U-01	viridula	N. viridula
A0A9P0HG76	1	U-01	viridula	N. viridula
A0A9P0HG78	2	U-02	viridula	N. viridula
A0A9P0HG79	1	U-01	viridula	N. viridula
A0A9P0HG80	1	U-01	viridula	N. viridula
A0A9P0HG81	0	unassigned	viridula	N. viridula
A0A9P0HG82	1	U-01	viridula	N. viridula
A0A9P0HG84	3	U-03	viridula	N. viridula
A0A9P0HG86	0	unassigned	viridula	N. viridula
A0A9P0HG88	0	unassigned	viridula	N. viridula
A0A9P0HG89	2	U-02	viridula	N. viridula
A0A9P0HG91	1	U-01	viridula	N. viridula
A0A9P0HG95	1	U-01	viridula	N. viridula
A0A9P0HG97	1	U-01	viridula	N. viridula
A0A9P0HG99	1	U-01	viridula	N. viridula
A0A9P0HGA1	0	unassigned	viridula	N. viridula
A0A9P0HGA4	0	unassigned	viridula	N. viridula
A0A9P0HGA5	1	U-01	viridula	N. viridula
A0A9P0HGA7	1	U-01	viridula	N. viridula
A0A9P0HGA8	3	U-03	viridula	N. viridula
A0A9P0HGB1	0	unassigned	viridula	N. viridula
A0A9P0HGB2	2	U-02	viridula	N. viridula
A0A9P0HGB4	1	U-01	viridula	N. viridula
A0A9P0HGB5	1	U-01	viridula	N. viridula
A0A9P0HEZ8	1	U-01	viridula	N. viridula
A0A9P0HF01	1	U-01	viridula	N. viridula
A0A9P0HF02	1	U-01	viridula	N. viridula
A0A9P0HF06	4	U-04	viridula	N. viridula
A0A9P0HF07	1	U-01	viridula	N. viridula
A0A9P0HF09	1	U-01	viridula	N. viridula
A0A9P0HF10	1	U-01	viridula	N. viridula
A0A9P0HF11	2	U-02	viridula	N. viridula
A0A9P0HF12	1	U-01	viridula	N. viridula
A0A9P0HF13	0	unassigned	viridula	N. viridula
A0A9P0HF14	2	U-02	viridula	N. viridula
A0A9P0HF17	2	U-02	viridula	N. viridula
A0A9P0HF18	1	U-01	viridula	N. viridula
A0A9P0HF20	1	U-01	viridula	N. viridula
A0A9P0HF22	2	U-02	viridula	N. viridula
A0A9P0HF23	4	U-04	viridula	N. viridula
A0A9P0HF25	2	U-02	viridula	N. viridula
A0A9P0HF26	1	U-01	viridula	N. viridula
A0A9P0HF28	1	U-01	viridula	N. viridula
A0A9P0HF29	2	U-02	viridula	N. viridula
A0A9P0HF30	1	U-01	viridula	N. viridula
A0A9P0HF31	1	U-01	viridula	N. viridula
A0A9P0HF32	2	U-02	viridula	N. viridula
A0A9P0HF33	1	U-01	viridula	N. viridula
A0A9P0HF34	1	U-01	viridula	N. viridula
A0A9P0HF35	1	U-01	viridula	N. viridula
A0A9P0HF36	0	unassigned	viridula	N. viridula
A0A9P0HF37	1	U-01	viridula	N. viridula
A0A9P0HF38	1	U-01	viridula	N. viridula
A0A9P0HF39	1	U-01	viridula	N. viridula
A0A9P0HF42	1	U-01	viridula	N. viridula
A0A9P0HF43	1	U-01	viridula	N. viridula
A0A9P0HF44	2	U-02	viridula	N. viridula
A0A9P0HF46	1	U-01	viridula	N. viridula
A0A9P0HF47	0	unassigned	viridula	N. viridula
A0A9P0HF48	4	U-04	viridula	N. viridula
A0A9P0HF49	2	U-02	viridula	N. viridula
A0A9P0HF50	1	U-01	viridula	N. viridula
A0A9P0HF51	1	U-01	viridula	N. viridula
A0A9P0HF52	1	U-01	viridula	N. viridula
A0A9P0HF53	1	U-01	viridula	N. viridula
A0A9P0HF54	0	unassigned	viridula	N. viridula
A0A9P0HF57	2	U-02	viridula	N. viridula
A0A9P0HF59	1	U-01	viridula	N. viridula
A0A9P0HF62	2	U-02	viridula	N. viridula
A0A9P0HF63	1	U-01	viridula	N. viridula
A0A9P0HF64	4	U-04	viridula	N. viridula
A0A9P0HF65	4	U-04	viridula	N. viridula
A0A9P0HF66	1	U-01	viridula	N. viridula
A0A9P0HF67	1	U-01	viridula	N. viridula
A0A9P0HF68	2	U-02	viridula	N. viridula
A0A9P0HF69	0	unassigned	viridula	N. viridula
A0A9P0HF70	0	unassigned	viridula	N. viridula
A0A9P0HF73	2	U-02	viridula	N. viridula
A0A9P0HF74	1	U-01	viridula	N. viridula
A0A9P0HF75	4	U-04	viridula	N. viridula
A0A9P0HF76	1	U-01	viridula	N. viridula
A0A9P0HF77	0	unassigned	viridula	N. viridula
A0A9P0HF78	1	U-01	viridula	N. viridula
A0A9P0HF79	1	U-01	viridula	N. viridula
A0A9P0HF80	1	U-01	viridula	N. viridula
A0A9P0HF81	0	unassigned	viridula	N. viridula
A0A9P0HF83	2	U-02	viridula	N. viridula
A0A9P0HF84	1	U-01	viridula	N. viridula
A0A9P0HF85	2	U-02	viridula	N. viridula
A0A9P0HF86	0	unassigned	viridula	N. viridula
A0A9P0HF88	2	U-02	viridula	N. viridula
A0A9P0HF89	1	U-01	viridula	N. viridula
A0A9P0HF92	1	U-01	viridula	N. viridula
A0A9P0HF93	1	U-01	viridula	N. viridula
A0A9P0HF94	1	U-01	viridula	N. viridula
A0A9P0HF96	1	U-01	viridula	N. viridula
A0A9P0HF97	1	U-01	viridula	N. viridula
A0A9P0HFA2	0	unassigned	viridula	N. viridula
A0A9P0HFA4	1	U-01	viridula	N. viridula
A0A9P0HFA6	1	U-01	viridula	N. viridula
A0A9P0HFA8	0	unassigned	viridula	N. viridula
A0A9P0HFB0	2	U-02	viridula	N. viridula
A0A9P0HFB1	1	U-01	viridula	N. viridula
A0A9P0HFB3	2	U-02	viridula	N. viridula
A0A9P0HFB4	0	unassigned	viridula	N. viridula
A0A9P0HFB5	2	U-02	viridula	N. viridula
A0A9P0HFB6	2	U-02	viridula	N. viridula
A0A9P0HFB7	1	U-01	viridula	N. viridula
A0A9P0HFB9	2	U-02	viridula	N. viridula
A0A9P0HFC1	1	U-01	viridula	N. viridula
A0A9P0HFC2	1	U-01	viridula	N. viridula
A0A9P0HFC3	2	U-02	viridula	N. viridula
A0A9P0HFC4	1	U-01	viridula	N. viridula
A0A9P0HFC5	4	U-04	viridula	N. viridula
A0A9P0HFC9	0	unassigned	viridula	N. viridula
A0A9P0HFD0	2	U-02	viridula	N. viridula
A0A9P0HFD1	2	U-02	viridula	N. viridula
A0A9P0HFD3	1	U-01	viridula	N. viridula
A0A9P0HFD4	1	U-01	viridula	N. viridula
A0A9P0HFD5	1	U-01	viridula	N. viridula
A0A9P0HFD6	1	U-01	viridula	N. viridula
A0A9P0HFD7	4	U-04	viridula	N. viridula
A0A9P0HFD8	1	U-01	viridula	N. viridula
A0A9P0HFE0	0	unassigned	viridula	N. viridula
A0A9P0GY24	1	U-01	viridula	N. viridula
A0A9P0GY28	2	U-02	viridula	N. viridula
A0A9P0GY38	4	U-04	viridula	N. viridula
A0A9P0GY44	0	unassigned	viridula	N. viridula
A0A9P0GY46	1	U-01	viridula	N. viridula
A0A9P0GY49	1	U-01	viridula	N. viridula
A0A9P0GY51	0	unassigned	viridula	N. viridula
A0A9P0GY56	1	U-01	viridula	N. viridula
A0A9P0GY57	1	U-01	viridula	N. viridula
A0A9P0GY61	1	U-01	viridula	N. viridula
A0A9P0GY62	0	unassigned	viridula	N. viridula
A0A9P0GY66	1	U-01	viridula	N. viridula
A0A9P0GY67	0	unassigned	viridula	N. viridula
A0A9P0GY72	1	U-01	viridula	N. viridula
A0A9P0GY74	1	U-01	viridula	N. viridula
A0A9P0GY82	1	U-01	viridula	N. viridula
A0A9P0GY87	1	U-01	viridula	N. viridula
A0A9P0GY89	3	U-03	viridula	N. viridula
A0A9P0GY97	3	U-03	viridula	N. viridula
A0A9P0GY98	1	U-01	viridula	N. viridula
A0A9P0GYA2	3	U-03	viridula	N. viridula
A0A9P0GYA4	1	U-01	viridula	N. viridula
A0A9P0GYA5	2	U-02	viridula	N. viridula
A0A9P0GYB0	0	unassigned	viridula	N. viridula
A0A9P0GYB4	1	U-01	viridula	N. viridula
A0A9P0GYC1	1	U-01	viridula	N. viridula
A0A9P0GYC8	0	unassigned	viridula	N. viridula
A0A9P0GYD1	1	U-01	viridula	N. viridula
A0A9P0GYD3	1	U-01	viridula	N. viridula
A0A9P0GYD4	2	U-02	viridula	N. viridula
A0A9P0GYE3	1	U-01	viridula	N. viridula
A0A9P0GYE4	1	U-01	viridula	N. viridula
A0A9P0GYE8	1	U-01	viridula	N. viridula
A0A9P0GYF3	0	unassigned	viridula	N. viridula
A0A9P0GYF4	1	U-01	viridula	N. viridula
A0A9P0GYF9	3	U-03	viridula	N. viridula
A0A9P0GYG3	1	U-01	viridula	N. viridula
A0A9P0GYG4	0	unassigned	viridula	N. viridula
A0A9P0GYG6	2	U-02	viridula	N. viridula
A0A9P0GYG7	2	U-02	viridula	N. viridula
A0A9P0GYH0	2	U-02	viridula	N. viridula
A0A9P0GYH1	2	U-02	viridula	N. viridula
A0A9P0GYH8	2	U-02	viridula	N. viridula
A0A9P0GYI0	1	U-01	viridula	N. viridula
A0A9P0GYI3	0	unassigned	viridula	N. viridula
A0A9P0GYI9	1	U-01	viridula	N. viridula
A0A9P0GYJ3	1	U-01	viridula	N. viridula
A0A9P0GYJ8	2	U-02	viridula	N. viridula
A0A9P0GYJ9	1	U-01	viridula	N. viridula
A0A9P0GYK3	3	U-03	viridula	N. viridula
A0A9P0GYK4	2	U-02	viridula	N. viridula
A0A9P0GYK9	2	U-02	viridula	N. viridula
A0A9P0GYL3	1	U-01	viridula	N. viridula
A0A9P0GYM5	2	U-02	viridula	N. viridula
A0A9P0GYN0	0	unassigned	viridula	N. viridula
A0A9P0GYN1	1	U-01	viridula	N. viridula
A0A9P0GYN6	1	U-01	viridula	N. viridula
A0A9P0GYN8	0	unassigned	viridula	N. viridula
A0A9P0GYP6	4	U-04	viridula	N. viridula
A0A9P0GYP8	1	U-01	viridula	N. viridula
A0A9P0GYQ3	1	U-01	viridula	N. viridula
A0A9P0GYQ4	2	U-02	viridula	N. viridula
A0A9P0GYQ7	1	U-01	viridula	N. viridula
A0A9P0GYQ8	1	U-01	viridula	N. viridula
A0A9P0GYQ9	1	U-01	viridula	N. viridula
A0A9P0GYR2	4	U-04	viridula	N. viridula
A0A9P0GYR3	1	U-01	viridula	N. viridula
A0A9P0GYR4	2	U-02	viridula	N. viridula
A0A9P0GYR8	1	U-01	viridula	N. viridula
A0A9P0GYS5	0	unassigned	viridula	N. viridula
A0A9P0GYS6	1	U-01	viridula	N. viridula
A0A9P0GYT4	0	unassigned	viridula	N. viridula
A0A9P0GYT9	1	U-01	viridula	N. viridula
A0A9P0GYU2	1	U-01	viridula	N. viridula
A0A9P0GYU4	1	U-01	viridula	N. viridula
A0A9P0GYU6	1	U-01	viridula	N. viridula
A0A9P0GYU7	1	U-01	viridula	N. viridula
A0A9P0GYV1	1	U-01	viridula	N. viridula
A0A9P0GYV6	1	U-01	viridula	N. viridula
A0A9P0GYW1	1	U-01	viridula	N. viridula
A0A9P0GYW2	1	U-01	viridula	N. viridula
A0A9P0GYW5	1	U-01	viridula	N. viridula
A0A9P0GYW6	2	U-02	viridula	N. viridula
A0A9P0GYX0	1	U-01	viridula	N. viridula
A0A9P0GYX2	2	U-02	viridula	N. viridula
A0A9P0GYX5	3	U-03	viridula	N. viridula
A0A9P0GYY0	2	U-02	viridula	N. viridula
A0A9P0GYY8	3	U-03	viridula	N. viridula
A0A9P0GYY9	1	U-01	viridula	N. viridula
A0A9P0GYZ3	1	U-01	viridula	N. viridula
A0A9P0GYZ4	1	U-01	viridula	N. viridula
A0A9P0GYZ9	0	unassigned	viridula	N. viridula
A0A9P0GZ07	1	U-01	viridula	N. viridula
A0A9P0GZ09	2	U-02	viridula	N. viridula
A0A9P0GZ11	0	unassigned	viridula	N. viridula
A0A9P0GZ12	2	U-02	viridula	N. viridula
A0A9P0GZ13	0	unassigned	viridula	N. viridula
A0A9P0GZ18	0	unassigned	viridula	N. viridula
A0A9P0GZ21	2	U-02	viridula	N. viridula
A0A9P0GZ25	1	U-01	viridula	N. viridula
A0A9P0HNH3	0	unassigned	viridula	N. viridula
A0A9P0HNH5	2	U-02	viridula	N. viridula
A0A9P0HNH7	2	U-02	viridula	N. viridula
A0A9P0HNI0	2	U-02	viridula	N. viridula
A0A9P0HNI1	1	U-01	viridula	N. viridula
A0A9P0HNI2	1	U-01	viridula	N. viridula
A0A9P0HNI3	1	U-01	viridula	N. viridula
A0A9P0HNI4	2	U-02	viridula	N. viridula
A0A9P0HNI5	1	U-01	viridula	N. viridula
A0A9P0HNI6	1	U-01	viridula	N. viridula
A0A9P0HNI8	0	unassigned	viridula	N. viridula
A0A9P0HNI9	1	U-01	viridula	N. viridula
A0A9P0HNJ0	3	U-03	viridula	N. viridula
A0A9P0HNJ1	1	U-01	viridula	N. viridula
A0A9P0HNJ2	2	U-02	viridula	N. viridula
A0A9P0HNJ3	1	U-01	viridula	N. viridula
A0A9P0HNJ4	2	U-02	viridula	N. viridula
A0A9P0HNJ7	3	U-03	viridula	N. viridula
A0A9P0HNJ8	1	U-01	viridula	N. viridula
A0A9P0HNJ9	2	U-02	viridula	N. viridula
A0A9P0HNK0	1	U-01	viridula	N. viridula
A0A9P0HNK2	2	U-02	viridula	N. viridula
A0A9P0HNK3	4	U-04	viridula	N. viridula
A0A9P0HNK4	2	U-02	viridula	N. viridula
A0A9P0HNK5	1	U-01	viridula	N. viridula
A0A9P0HNK6	2	U-02	viridula	N. viridula
A0A9P0HNK7	1	U-01	viridula	N. viridula
A0A9P0HNL1	1	U-01	viridula	N. viridula
A0A9P0HNL2	1	U-01	viridula	N. viridula
A0A9P0HNL5	1	U-01	viridula	N. viridula
A0A9P0HNL6	0	unassigned	viridula	N. viridula
A0A9P0HNL7	0	unassigned	viridula	N. viridula
A0A9P0HNL8	0	unassigned	viridula	N. viridula
A0A9P0HNM0	1	U-01	viridula	N. viridula
A0A9P0HNM2	2	U-02	viridula	N. viridula
A0A9P0HNM3	1	U-01	viridula	N. viridula
A0A9P0HNM4	1	U-01	viridula	N. viridula
A0A9P0HNM5	1	U-01	viridula	N. viridula
A0A9P0HNN0	1	U-01	viridula	N. viridula
A0A9P0HNN2	1	U-01	viridula	N. viridula
A0A9P0HNN3	1	U-01	viridula	N. viridula
A0A9P0HNN4	2	U-02	viridula	N. viridula
A0A9P0HNN7	0	unassigned	viridula	N. viridula
A0A9P0HNN8	3	U-03	viridula	N. viridula
A0A9P0HNN9	2	U-02	viridula	N. viridula
A0A9P0HNP0	1	U-01	viridula	N. viridula
A0A9P0HNP2	1	U-01	viridula	N. viridula
A0A9P0HNP3	1	U-01	viridula	N. viridula
A0A9P0HNP4	3	U-03	viridula	N. viridula
A0A9P0HNP7	2	U-02	viridula	N. viridula
A0A9P0HNP8	2	U-02	viridula	N. viridula
A0A9P0HNQ0	1	U-01	viridula	N. viridula
A0A9P0HNQ1	2	U-02	viridula	N. viridula
A0A9P0HNQ3	0	unassigned	viridula	N. viridula
A0A9P0HNQ4	1	U-01	viridula	N. viridula
A0A9P0HNQ5	1	U-01	viridula	N. viridula
A0A9P0HNQ6	1	U-01	viridula	N. viridula
A0A9P0HNQ9	1	U-01	viridula	N. viridula
A0A9P0HNR1	1	U-01	viridula	N. viridula
A0A9P0HNR2	1	U-01	viridula	N. viridula
A0A9P0HNR3	1	U-01	viridula	N. viridula
A0A9P0HNR4	1	U-01	viridula	N. viridula
A0A9P0HNR7	1	U-01	viridula	N. viridula
A0A9P0HNR9	2	U-02	viridula	N. viridula
A0A9P0HNS1	2	U-02	viridula	N. viridula
A0A9P0HNS3	1	U-01	viridula	N. viridula
A0A9P0HNS4	1	U-01	viridula	N. viridula
A0A9P0HNS7	2	U-02	viridula	N. viridula
A0A9P0HNS8	1	U-01	viridula	N. viridula
A0A9P0HNS9	3	U-03	viridula	N. viridula
A0A9P0HNT0	2	U-02	viridula	N. viridula
A0A9P0HNT1	1	U-01	viridula	N. viridula
A0A9P0HNT2	3	U-03	viridula	N. viridula
A0A9P0HNT5	2	U-02	viridula	N. viridula
A0A9P0HNT6	1	U-01	viridula	N. viridula
A0A9P0HNT7	1	U-01	viridula	N. viridula
A0A9P0HNU4	1	U-01	viridula	N. viridula
A0A9P0HNU5	1	U-01	viridula	N. viridula
A0A9P0HNU6	2	U-02	viridula	N. viridula
A0A9P0HNU9	3	U-03	viridula	N. viridula
A0A9P0HNV0	1	U-01	viridula	N. viridula
A0A9P0HNV1	2	U-02	viridula	N. viridula
A0A9P0HNV2	2	U-02	viridula	N. viridula
A0A9P0HNV4	3	U-03	viridula	N. viridula
A0A9P0HNV7	1	U-01	viridula	N. viridula
A0A9P0HNV8	1	U-01	viridula	N. viridula
A0A9P0HNV9	1	U-01	viridula	N. viridula
A0A9P0HNW1	2	U-02	viridula	N. viridula
A0A9P0HNW2	2	U-02	viridula	N. viridula
A0A9P0HNW3	1	U-01	viridula	N. viridula
A0A9P0HNW4	4	U-04	viridula	N. viridula
A0A9P0HNW5	1	U-01	viridula	N. viridula
A0A9P0HNW6	1	U-01	viridula	N. viridula
A0A9P0HNW7	1	U-01	viridula	N. viridula
A0A9P0HNX0	1	U-01	viridula	N. viridula
A0A9P0HNX1	1	U-01	viridula	N. viridula
A0A9P0HNX2	2	U-02	viridula	N. viridula
A0A9P0HNX3	1	U-01	viridula	N. viridula
A0A9P0HNX4	1	U-01	viridula	N. viridula
A0A9P0HNX5	1	U-01	viridula	N. viridula
A0A9P0ME71	2	U-02	viridula	N. viridula
A0A9P0ME81	1	U-01	viridula	N. viridula
A0A9P0ME89	2	U-02	viridula	N. viridula
A0A9P0ME99	1	U-01	viridula	N. viridula
A0A9P0MEA7	1	U-01	viridula	N. viridula
A0A9P0MEB3	2	U-02	viridula	N. viridula
A0A9P0MEE2	1	U-01	viridula	N. viridula
A0A9P0MEF0	2	U-02	viridula	N. viridula
A0A9P0MEH7	3	U-03	viridula	N. viridula
A0A9P0MEJ7	2	U-02	viridula	N. viridula
A0A9P0MEL7	1	U-01	viridula	N. viridula
A0A9P0MEN3	2	U-02	viridula	N. viridula
A0A9P0MEP2	1	U-01	viridula	N. viridula
A0A9P0MER2	1	U-01	viridula	N. viridula
A0A9P0MES2	2	U-02	viridula	N. viridula
A0A9P0MET3	3	U-03	viridula	N. viridula
A0A9P0MEU2	1	U-01	viridula	N. viridula
A0A9P0MEV9	1	U-01	viridula	N. viridula
A0A9P0MEW9	1	U-01	viridula	N. viridula
A0A9P0MEX9	2	U-02	viridula	N. viridula
A0A9P0MEY9	3	U-03	viridula	N. viridula
A0A9P0MF10	2	U-02	viridula	N. viridula
A0A9P0MF20	4	U-04	viridula	N. viridula
A0A9P0MF29	1	U-01	viridula	N. viridula
A0A9P0MF54	1	U-01	viridula	N. viridula
A0A9P0MF74	3	U-03	viridula	N. viridula
A0A9P0MF85	1	U-01	viridula	N. viridula
A0A9P0MF95	1	U-01	viridula	N. viridula
A0A9P0MFA6	1	U-01	viridula	N. viridula
A0A9P0MFG6	3	U-03	viridula	N. viridula
A0A9P0MFH6	0	unassigned	viridula	N. viridula
A0A9P0MFK3	2	U-02	viridula	N. viridula
A0A9P0MFM6	3	U-03	viridula	N. viridula
A0A9P0MFN6	1	U-01	viridula	N. viridula
A0A9P0MFQ3	1	U-01	viridula	N. viridula
A0A9P0MFR2	1	U-01	viridula	N. viridula
A0A9P0MFT2	1	U-01	viridula	N. viridula
A0A9P0MFU1	0	unassigned	viridula	N. viridula
A0A9P0MFV1	1	U-01	viridula	N. viridula
A0A9P0MFW0	1	U-01	viridula	N. viridula
A0A9P0MFX5	1	U-01	viridula	N. viridula
A0A9P0MFZ9	2	U-02	viridula	N. viridula
A0A9P0MG18	1	U-01	viridula	N. viridula
A0A9P0MG41	1	U-01	viridula	N. viridula
A0A9P0MG51	1	U-01	viridula	N. viridula
A0A9P0MG61	2	U-02	viridula	N. viridula
A0A9P0MG71	0	unassigned	viridula	N. viridula
A0A9P0MG80	0	unassigned	viridula	N. viridula
A0A9P0MG90	1	U-01	viridula	N. viridula
A0A9P0MGA0	3	U-03	viridula	N. viridula
A0A9P0MGB7	1	U-01	viridula	N. viridula
A0A9P0MGC4	4	U-04	viridula	N. viridula
A0A9P0MGD4	2	U-02	viridula	N. viridula
A0A9P0MGE5	0	unassigned	viridula	N. viridula
A0A9P0MGG5	0	unassigned	viridula	N. viridula
A0A9P0MGH3	2	U-02	viridula	N. viridula
A0A9P0MGJ1	1	U-01	viridula	N. viridula
A0A9P0MGK1	1	U-01	viridula	N. viridula
A0A9P0MGK8	0	unassigned	viridula	N. viridula
A0A9P0MGL8	0	unassigned	viridula	N. viridula
A0A9P0MGM7	0	unassigned	viridula	N. viridula
A0A9P0MGN7	4	U-04	viridula	N. viridula
A0A9P0MGQ6	1	U-01	viridula	N. viridula
A0A9P0MGR6	1	U-01	viridula	N. viridula
A0A9P0MGS6	1	U-01	viridula	N. viridula
A0A9P0MGU3	2	U-02	viridula	N. viridula
A0A9P0MGU9	1	U-01	viridula	N. viridula
A0A9P0MGV8	1	U-01	viridula	N. viridula
A0A9P0MGW2	2	U-02	viridula	N. viridula
A0A9P0MGW6	1	U-01	viridula	N. viridula
A0A9P0MGX1	4	U-04	viridula	N. viridula
A0A9P0MGX6	0	unassigned	viridula	N. viridula
A0A9P0MGY0	1	U-01	viridula	N. viridula
A0A9P0MGY5	4	U-04	viridula	N. viridula
A0A9P0MGZ0	1	U-01	viridula	N. viridula
A0A9P0MGZ9	1	U-01	viridula	N. viridula
A0A9P0MH03	2	U-02	viridula	N. viridula
A0A9P0MH14	1	U-01	viridula	N. viridula
A0A9P0MH22	1	U-01	viridula	N. viridula
A0A9P0MH26	3	U-03	viridula	N. viridula
A0A9P0MH46	0	unassigned	viridula	N. viridula
A0A9P0MH50	1	U-01	viridula	N. viridula
A0A9P0MH54	1	U-01	viridula	N. viridula
A0A9P0MH74	0	unassigned	viridula	N. viridula
A0A9P0MH83	1	U-01	viridula	N. viridula
A0A9P0MH90	2	U-02	viridula	N. viridula
A0A9P0MH94	1	U-01	viridula	N. viridula
A0A9P0MHA4	0	unassigned	viridula	N. viridula
A0A9P0MHA8	1	U-01	viridula	N. viridula
A0A9P0MHB6	1	U-01	viridula	N. viridula
A0A9P0MHC5	0	unassigned	viridula	N. viridula
A0A9P0MHC6	1	U-01	viridula	N. viridula
A0A9P0MHD5	1	U-01	viridula	N. viridula
A0A9P0MHE2	0	unassigned	viridula	N. viridula
A0A9P0MHE5	2	U-02	viridula	N. viridula
A0A9P0MHE9	4	U-04	viridula	N. viridula
A0A9P0MHF8	1	U-01	viridula	N. viridula
A0A9P0MHG6	2	U-02	viridula	N. viridula
A0A9P0MHG7	1	U-01	viridula	N. viridula
A0A9P0MHH3	1	U-01	viridula	N. viridula
A0A9P0MHH6	2	U-02	viridula	N. viridula
A0A9P0MHH7	2	U-02	viridula	N. viridula
A0A9P0MHI6	1	U-01	viridula	N. viridula
A0A9P0MHJ2	1	U-01	viridula	N. viridula
A0A9P0MHK4	1	U-01	viridula	N. viridula
A0A9P0MHK5	1	U-01	viridula	N. viridula
A0A9P0MHL3	1	U-01	viridula	N. viridula
A0A9P0MHL6	1	U-01	viridula	N. viridula
A0A9P0MHN2	3	U-03	viridula	N. viridula
A0A9P0MHN8	2	U-02	viridula	N. viridula
A0A9P0MHP8	1	U-01	viridula	N. viridula
A0A9P0MHQ0	2	U-02	viridula	N. viridula
A0A9P0MHQ4	1	U-01	viridula	N. viridula
A0A9P0MHR6	1	U-01	viridula	N. viridula
A0A9P0MHR9	2	U-02	viridula	N. viridula
A0A9P0MHT1	1	U-01	viridula	N. viridula
A0A9P0MHT5	2	U-02	viridula	N. viridula
A0A9P0MHT7	3	U-03	viridula	N. viridula
A0A9P0MHU1	1	U-01	viridula	N. viridula
A0A9P0MHV8	1	U-01	viridula	N. viridula
A0A9P0MHW3	1	U-01	viridula	N. viridula
A0A9P0MHW6	1	U-01	viridula	N. viridula
A0A9P0MHX3	1	U-01	viridula	N. viridula
A0A9P0MHX5	1	U-01	viridula	N. viridula
A0A9P0MHY1	1	U-01	viridula	N. viridula
A0A9P0MHZ3	1	U-01	viridula	N. viridula
A0A9P0MI03	4	U-04	viridula	N. viridula
A0A9P0MI13	2	U-02	viridula	N. viridula
A0A9P0MI14	2	U-02	viridula	N. viridula
A0A9P0MI17	1	U-01	viridula	N. viridula
A0A9P0MI25	0	unassigned	viridula	N. viridula
A0A9P0MI34	3	U-03	viridula	N. viridula
A0A9P0MI46	0	unassigned	viridula	N. viridula
A0A9P0MI52	1	U-01	viridula	N. viridula
A0A9P0MI56	1	U-01	viridula	N. viridula
A0A9P0MI67	2	U-02	viridula	N. viridula
A0A9P0MI72	1	U-01	viridula	N. viridula
A0A9P0MI74	1	U-01	viridula	N. viridula
A0A9P0MI80	0	unassigned	viridula	N. viridula
A0A9P0MI85	1	U-01	viridula	N. viridula
A0A9P0MI89	4	U-04	viridula	N. viridula
A0A9P0MI92	2	U-02	viridula	N. viridula
A0A9P0MIA1	1	U-01	viridula	N. viridula
A0A9P0MIA3	0	unassigned	viridula	N. viridula
A0A9P0MIB0	1	U-01	viridula	N. viridula
A0A9P0MIB8	3	U-03	viridula	N. viridula
A0A9P0MIC0	1	U-01	viridula	N. viridula
A0A9P0MIC3	1	U-01	viridula	N. viridula
A0A9P0MIC6	1	U-01	viridula	N. viridula
A0A9P0MID1	1	U-01	viridula	N. viridula
A0A9P0MID5	1	U-01	viridula	N. viridula
A0A9P0MID6	1	U-01	viridula	N. viridula
A0A9P0MID9	2	U-02	viridula	N. viridula
A0A9P0MIE8	2	U-02	viridula	N. viridula
A0A9P0MIF4	1	U-01	viridula	N. viridula
A0A9P0MIF9	1	U-01	viridula	N. viridula
A0A9P0MIG4	4	U-04	viridula	N. viridula
A0A9P0MIG9	2	U-02	viridula	N. viridula
A0A9P0MIH9	1	U-01	viridula	N. viridula
A0A9P0MII0	2	U-02	viridula	N. viridula
A0A9P0MIJ0	2	U-02	viridula	N. viridula
A0A9P0MIJ5	0	unassigned	viridula	N. viridula
A0A9P0MIK3	4	U-04	viridula	N. viridula
A0A9P0MIL2	2	U-02	viridula	N. viridula
A0A9P0MIL7	2	U-02	viridula	N. viridula
A0A9P0MIL8	2	U-02	viridula	N. viridula
A0A9P0MIM1	1	U-01	viridula	N. viridula
A0A9P0MIM6	1	U-01	viridula	N. viridula
A0A9P0MIM8	0	unassigned	viridula	N. viridula
A0A9P0MIN8	1	U-01	viridula	N. viridula
A0A9P0MIP4	1	U-01	viridula	N. viridula
A0A9P0MIP5	1	U-01	viridula	N. viridula
A0A9P0MIP6	2	U-02	viridula	N. viridula
A0A9P0MIQ3	2	U-02	viridula	N. viridula
A0A9P0MIQ5	1	U-01	viridula	N. viridula
A0A9P0MIR6	1	U-01	viridula	N. viridula
A0A9P0MIS3	3	U-03	viridula	N. viridula
A0A9P0MIS4	1	U-01	viridula	N. viridula
A0A9P0MIS7	2	U-02	viridula	N. viridula
A0A9P0MIT5	1	U-01	viridula	N. viridula
A0A9P0MIU1	2	U-02	viridula	N. viridula
A0A9P0MIU4	1	U-01	viridula	N. viridula
A0A9P0MIU6	2	U-02	viridula	N. viridula
A0A9P0MIU9	2	U-02	viridula	N. viridula
A0A9P0MIV3	0	unassigned	viridula	N. viridula
A0A9P0MIV6	2	U-02	viridula	N. viridula
A0A9P0MIW2	1	U-01	viridula	N. viridula
A0A9P0MIW4	2	U-02	viridula	N. viridula
A0A9P0MIW8	1	U-01	viridula	N. viridula
A0A9P0MIX1	2	U-02	viridula	N. viridula
A0A9P0MIY0	1	U-01	viridula	N. viridula
A0A9P0H436	1	U-01	viridula	N. viridula
A0A9P0H440	1	U-01	viridula	N. viridula
A0A9P0H442	3	U-03	viridula	N. viridula
A0A9P0H445	1	U-01	viridula	N. viridula
A0A9P0H446	1	U-01	viridula	N. viridula
A0A9P0H450	1	U-01	viridula	N. viridula
A0A9P0H453	1	U-01	viridula	N. viridula
A0A9P0H455	1	U-01	viridula	N. viridula
A0A9P0H456	1	U-01	viridula	N. viridula
A0A9P0H457	1	U-01	viridula	N. viridula
A0A9P0H458	1	U-01	viridula	N. viridula
A0A9P0H460	3	U-03	viridula	N. viridula
A0A9P0H465	1	U-01	viridula	N. viridula
A0A9P0H468	3	U-03	viridula	N. viridula
A0A9P0H475	4	U-04	viridula	N. viridula
A0A9P0H483	1	U-01	viridula	N. viridula
A0A9P0H484	1	U-01	viridula	N. viridula
A0A9P0H486	3	U-03	viridula	N. viridula
A0A9P0H493	1	U-01	viridula	N. viridula
A0A9P0H495	4	U-04	viridula	N. viridula
A0A9P0H4A1	4	U-04	viridula	N. viridula
A0A9P0H4A7	1	U-01	viridula	N. viridula
A0A9P0H4B0	1	U-01	viridula	N. viridula
A0A9P0H4B1	1	U-01	viridula	N. viridula
A0A9P0H4C1	4	U-04	viridula	N. viridula
A0A9P0H4C5	1	U-01	viridula	N. viridula
A0A9P0H4C8	4	U-04	viridula	N. viridula
A0A9P0H4D0	1	U-01	viridula	N. viridula
A0A9P0H4D3	1	U-01	viridula	N. viridula
A0A9P0H4D5	1	U-01	viridula	N. viridula
A0A9P0H4D6	3	U-03	viridula	N. viridula
A0A9P0H4D7	1	U-01	viridula	N. viridula
A0A9P0H4D9	1	U-01	viridula	N. viridula
A0A9P0H4E6	1	U-01	viridula	N. viridula
A0A9P0H4F5	1	U-01	viridula	N. viridula
A0A9P0H4F6	1	U-01	viridula	N. viridula
A0A9P0H4G1	0	unassigned	viridula	N. viridula
A0A9P0H4G2	4	U-04	viridula	N. viridula
A0A9P0H4G3	0	unassigned	viridula	N. viridula
A0A9P0H4G4	1	U-01	viridula	N. viridula
A0A9P0H4G5	1	U-01	viridula	N. viridula
A0A9P0H4G6	1	U-01	viridula	N. viridula
A0A9P0H4G7	1	U-01	viridula	N. viridula
A0A9P0H4G9	1	U-01	viridula	N. viridula
A0A9P0H4I1	1	U-01	viridula	N. viridula
A0A9P0H4I2	1	U-01	viridula	N. viridula
A0A9P0H4I5	1	U-01	viridula	N. viridula
A0A9P0H4I7	0	unassigned	viridula	N. viridula
A0A9P0H4J0	4	U-04	viridula	N. viridula
A0A9P0H4J1	1	U-01	viridula	N. viridula
A0A9P0H4J3	3	U-03	viridula	N. viridula
A0A9P0H4J5	1	U-01	viridula	N. viridula
A0A9P0H4J6	0	unassigned	viridula	N. viridula
A0A9P0H4J7	1	U-01	viridula	N. viridula
A0A9P0H4L5	0	unassigned	viridula	N. viridula
A0A9P0H4L9	1	U-01	viridula	N. viridula
A0A9P0H4M0	3	U-03	viridula	N. viridula
A0A9P0H4M3	1	U-01	viridula	N. viridula
A0A9P0H4M6	1	U-01	viridula	N. viridula
A0A9P0H4M7	1	U-01	viridula	N. viridula
A0A9P0H4M8	1	U-01	viridula	N. viridula
A0A9P0H4N3	0	unassigned	viridula	N. viridula
A0A9P0H4N4	3	U-03	viridula	N. viridula
A0A9P0H4N7	1	U-01	viridula	N. viridula
A0A9P0H4P0	1	U-01	viridula	N. viridula
A0A9P0H4P5	1	U-01	viridula	N. viridula
A0A9P0H4P8	3	U-03	viridula	N. viridula
A0A9P0H4Q4	0	unassigned	viridula	N. viridula
A0A9P0H4Q8	1	U-01	viridula	N. viridula
A0A9P0H4Q9	1	U-01	viridula	N. viridula
A0A9P0H4R1	1	U-01	viridula	N. viridula
A0A9P0H4R3	4	U-04	viridula	N. viridula
A0A9P0H4R6	3	U-03	viridula	N. viridula
A0A9P0H4R8	1	U-01	viridula	N. viridula
A0A9P0H4S0	3	U-03	viridula	N. viridula
A0A9P0H4S3	1	U-01	viridula	N. viridula
A0A9P0H4S6	1	U-01	viridula	N. viridula
A0A9P0H4T0	1	U-01	viridula	N. viridula
A0A9P0H4T2	1	U-01	viridula	N. viridula
A0A9P0H4T3	3	U-03	viridula	N. viridula
A0A9P0H4T8	3	U-03	viridula	N. viridula
A0A9P0H4U0	0	unassigned	viridula	N. viridula
A0A9P0H4U1	1	U-01	viridula	N. viridula
A0A9P0H4U2	1	U-01	viridula	N. viridula
A0A9P0H4V1	1	U-01	viridula	N. viridula
A0A9P0H4V2	3	U-03	viridula	N. viridula
A0A9P0H4V6	0	unassigned	viridula	N. viridula
A0A9P0H4V7	1	U-01	viridula	N. viridula
A0A9P0H4W9	3	U-03	viridula	N. viridula
A0A9P0H4X0	1	U-01	viridula	N. viridula
A0A9P0H4X2	1	U-01	viridula	N. viridula
A0A9P0H4X6	3	U-03	viridula	N. viridula
A0A9P0H4X9	1	U-01	viridula	N. viridula
A0A9P0H4Y6	1	U-01	viridula	N. viridula
A0A9P0H4Y9	1	U-01	viridula	N. viridula
A0A9P0H4Z4	1	U-01	viridula	N. viridula
A0A9P0H503	1	U-01	viridula	N. viridula
A0A9P0H504	3	U-03	viridula	N. viridula
A0A9P0HGH5	1	U-01	viridula	N. viridula
A0A9P0HGI0	1	U-01	viridula	N. viridula
A0A9P0HGI2	1	U-01	viridula	N. viridula
A0A9P0HGI4	1	U-01	viridula	N. viridula
A0A9P0HGI6	1	U-01	viridula	N. viridula
A0A9P0HGI7	4	U-04	viridula	N. viridula
A0A9P0HGJ0	0	unassigned	viridula	N. viridula
A0A9P0HGJ6	1	U-01	viridula	N. viridula
A0A9P0HGJ7	1	U-01	viridula	N. viridula
A0A9P0HGK2	1	U-01	viridula	N. viridula
A0A9P0HGK4	1	U-01	viridula	N. viridula
A0A9P0EDB4	1	U-01	viridula	N. viridula
A0A9P0EDC6	1	U-01	viridula	N. viridula
A0A9P0EDC7	0	unassigned	viridula	N. viridula
A0A9P0EDD7	1	U-01	viridula	N. viridula
A0A9P0EDE9	1	U-01	viridula	N. viridula
A0A9P0EDF0	0	unassigned	viridula	N. viridula
A0A9P0EDF1	3	U-03	viridula	N. viridula
A0A9P0EDF4	4	U-04	viridula	N. viridula
A0A9P0EDF7	1	U-01	viridula	N. viridula
A0A9P0EDG1	4	U-04	viridula	N. viridula
A0A9P0EDH0	3	U-03	viridula	N. viridula
A0A9P0EDH5	1	U-01	viridula	N. viridula
A0A9P0EDH9	1	U-01	viridula	N. viridula
A0A9P0EDI1	1	U-01	viridula	N. viridula
A0A9P0EDJ0	3	U-03	viridula	N. viridula
A0A9P0EDJ5	1	U-01	viridula	N. viridula
A0A9P0EDK1	1	U-01	viridula	N. viridula
A0A9P0EDK5	3	U-03	viridula	N. viridula
A0A9P0EDK7	1	U-01	viridula	N. viridula
A0A9P0EDK8	1	U-01	viridula	N. viridula
A0A9P0EDM1	4	U-04	viridula	N. viridula
A0A9P0EDM2	1	U-01	viridula	N. viridula
A0A9P0EDM5	1	U-01	viridula	N. viridula
A0A9P0EDN5	3	U-03	viridula	N. viridula
A0A9P0EDP0	1	U-01	viridula	N. viridula
A0A9P0EDP2	3	U-03	viridula	N. viridula
A0A9P0EDP8	0	unassigned	viridula	N. viridula
A0A9P0EDQ0	1	U-01	viridula	N. viridula
A0A9P0EDR4	0	unassigned	viridula	N. viridula
A0A9P0EDR5	1	U-01	viridula	N. viridula
A0A9P0EDR6	1	U-01	viridula	N. viridula
A0A9P0EDS4	0	unassigned	viridula	N. viridula
A0A9P0EDS5	0	unassigned	viridula	N. viridula
A0A9P0EDS6	1	U-01	viridula	N. viridula
A0A9P0EDS8	0	unassigned	viridula	N. viridula
A0A9P0EDU9	1	U-01	viridula	N. viridula
A0A9P0EDV0	1	U-01	viridula	N. viridula
A0A9P0EDV9	1	U-01	viridula	N. viridula
A0A9P0EDW8	1	U-01	viridula	N. viridula
A0A9P0EDW9	1	U-01	viridula	N. viridula
A0A9P0EDX0	1	U-01	viridula	N. viridula
A0A9P0EDX2	1	U-01	viridula	N. viridula
A0A9P0EDX4	1	U-01	viridula	N. viridula
A0A9P0EDY0	1	U-01	viridula	N. viridula
A0A9P0EDY1	1	U-01	viridula	N. viridula
A0A9P0EDZ1	1	U-01	viridula	N. viridula
A0A9P0EDZ4	0	unassigned	viridula	N. viridula
A0A9P0EE04	1	U-01	viridula	N. viridula
A0A9P0EE05	1	U-01	viridula	N. viridula
A0A9P0EE14	1	U-01	viridula	N. viridula
A0A9P0EE23	0	unassigned	viridula	N. viridula
A0A9P0EE24	1	U-01	viridula	N. viridula
A0A9P0EE26	1	U-01	viridula	N. viridula
A0A9P0EE28	1	U-01	viridula	N. viridula
A0A9P0EE34	1	U-01	viridula	N. viridula
A0A9P0EE36	1	U-01	viridula	N. viridula
A0A9P0EE51	0	unassigned	viridula	N. viridula
A0A9P0EE57	1	U-01	viridula	N. viridula
A0A9P0EE62	1	U-01	viridula	N. viridula
A0A9P0EE66	1	U-01	viridula	N. viridula
A0A9P0EE68	1	U-01	viridula	N. viridula
A0A9P0EE73	3	U-03	viridula	N. viridula
A0A9P0EE91	3	U-03	viridula	N. viridula
A0A9P0EE98	1	U-01	viridula	N. viridula
A0A9P0EEA5	3	U-03	viridula	N. viridula
A0A9P0EEA8	3	U-03	viridula	N. viridula
A0A9P0EEB3	1	U-01	viridula	N. viridula
A0A9P0EEC3	1	U-01	viridula	N. viridula
A0A9P0EEC6	3	U-03	viridula	N. viridula
A0A9P0EEC8	1	U-01	viridula	N. viridula
A0A9P0EED3	1	U-01	viridula	N. viridula
A0A9P0EED7	3	U-03	viridula	N. viridula
A0A9P0EED8	1	U-01	viridula	N. viridula
A0A9P0EEE4	4	U-04	viridula	N. viridula
A0A9P0EEE7	1	U-01	viridula	N. viridula
A0A9P0EEE8	1	U-01	viridula	N. viridula
A0A9P0EEG2	1	U-01	viridula	N. viridula
A0A9P0EEG4	1	U-01	viridula	N. viridula
A0A9P0EEH4	1	U-01	viridula	N. viridula
A0A9P0EEI5	1	U-01	viridula	N. viridula
A0A9P0EEI7	1	U-01	viridula	N. viridula
A0A9P0EEI8	1	U-01	viridula	N. viridula
A0A9P0EEJ4	1	U-01	viridula	N. viridula
A0A9P0EEK1	3	U-03	viridula	N. viridula
A0A9P0EEK2	1	U-01	viridula	N. viridula
A0A9P0EEL0	1	U-01	viridula	N. viridula
A0A9P0EEL4	1	U-01	viridula	N. viridula
A0A9P0EEM5	1	U-01	viridula	N. viridula
A0A9P0EEN2	1	U-01	viridula	N. viridula
A0A9P0EEN3	1	U-01	viridula	N. viridula
A0A9P0EEN7	4	U-04	viridula	N. viridula
A0A9P0EEP3	1	U-01	viridula	N. viridula
A0A9P0EEP4	1	U-01	viridula	N. viridula
A0A9P0EEQ8	1	U-01	viridula	N. viridula
A0A9P0EER1	1	U-01	viridula	N. viridula
A0A9P0EER3	1	U-01	viridula	N. viridula
A0A9P0EES1	1	U-01	viridula	N. viridula
A0A9P0EES7	1	U-01	viridula	N. viridula
A0A9P0EET2	1	U-01	viridula	N. viridula
A0A9P0EEU2	1	U-01	viridula	N. viridula
A0A9P0EEU5	1	U-01	viridula	N. viridula
A0A9P0EEV6	4	U-04	viridula	N. viridula
A0A9P0EEV8	1	U-01	viridula	N. viridula
A0A9P0EEW4	1	U-01	viridula	N. viridula
A0A9P0EEW6	3	U-03	viridula	N. viridula
A0A9P0EEX7	1	U-01	viridula	N. viridula
A0A9P0EEY2	0	unassigned	viridula	N. viridula
A0A9P0EEY9	3	U-03	viridula	N. viridula
A0A9P0EAJ4	3	U-03	viridula	N. viridula
A0A9P0EAJ5	1	U-01	viridula	N. viridula
A0A9P0EAJ7	1	U-01	viridula	N. viridula
A0A9P0EAK0	0	unassigned	viridula	N. viridula
A0A9P0EAK5	3	U-03	viridula	N. viridula
A0A9P0EAK6	1	U-01	viridula	N. viridula
A0A9P0EAK7	3	U-03	viridula	N. viridula
A0A9P0EAK8	2	U-02	viridula	N. viridula
A0A9P0EAK9	2	U-02	viridula	N. viridula
A0A9P0EAL0	2	U-02	viridula	N. viridula
A0A9P0EAL1	1	U-01	viridula	N. viridula
A0A9P0EAL2	1	U-01	viridula	N. viridula
A0A9P0EAL3	1	U-01	viridula	N. viridula
A0A9P0EAL6	1	U-01	viridula	N. viridula
A0A9P0EAM1	1	U-01	viridula	N. viridula
A0A9P0EAM2	2	U-02	viridula	N. viridula
A0A9P0EAM3	1	U-01	viridula	N. viridula
A0A9P0EAM4	2	U-02	viridula	N. viridula
A0A9P0EAM7	1	U-01	viridula	N. viridula
A0A9P0EAN3	1	U-01	viridula	N. viridula
A0A9P0EAN4	1	U-01	viridula	N. viridula
A0A9P0EAN6	1	U-01	viridula	N. viridula
A0A9P0EAN7	3	U-03	viridula	N. viridula
A0A9P0EAP0	1	U-01	viridula	N. viridula
A0A9P0EAP1	0	unassigned	viridula	N. viridula
A0A9P0EAP3	0	unassigned	viridula	N. viridula
A0A9P0EAP4	1	U-01	viridula	N. viridula
A0A9P0EAP5	1	U-01	viridula	N. viridula
A0A9P0EAP9	1	U-01	viridula	N. viridula
A0A9P0EAQ0	1	U-01	viridula	N. viridula
A0A9P0EAQ3	4	U-04	viridula	N. viridula
A0A9P0EAQ5	1	U-01	viridula	N. viridula
A0A9P0EAQ6	0	unassigned	viridula	N. viridula
A0A9P0EAQ7	1	U-01	viridula	N. viridula
A0A9P0EAQ8	0	unassigned	viridula	N. viridula
A0A9P0EAQ9	0	unassigned	viridula	N. viridula
A0A9P0EAR2	1	U-01	viridula	N. viridula
A0A9P0EAR5	1	U-01	viridula	N. viridula
A0A9P0EAR8	2	U-02	viridula	N. viridula
A0A9P0EAR9	1	U-01	viridula	N. viridula
A0A9P0EAS0	2	U-02	viridula	N. viridula
A0A9P0EAS2	2	U-02	viridula	N. viridula
A0A9P0EAS6	1	U-01	viridula	N. viridula
A0A9P0EAS7	1	U-01	viridula	N. viridula
A0A9P0EAS8	3	U-03	viridula	N. viridula
A0A9P0EAS9	1	U-01	viridula	N. viridula
A0A9P0EAT0	1	U-01	viridula	N. viridula
A0A9P0EAT5	1	U-01	viridula	N. viridula
A0A9P0EAT6	1	U-01	viridula	N. viridula
A0A9P0EAT9	1	U-01	viridula	N. viridula
A0A9P0EAU0	3	U-03	viridula	N. viridula
A0A9P0EAU2	3	U-03	viridula	N. viridula
A0A9P0EAU5	1	U-01	viridula	N. viridula
A0A9P0EAU8	1	U-01	viridula	N. viridula
A0A9P0EAU9	0	unassigned	viridula	N. viridula
A0A9P0EAV0	3	U-03	viridula	N. viridula
A0A9P0EAV3	0	unassigned	viridula	N. viridula
A0A9P0EAV5	0	unassigned	viridula	N. viridula
A0A9P0EAV6	0	unassigned	viridula	N. viridula
A0A9P0EAV8	1	U-01	viridula	N. viridula
A0A9P0EAV9	2	U-02	viridula	N. viridula
A0A9P0EAW0	2	U-02	viridula	N. viridula
A0A9P0EAW1	1	U-01	viridula	N. viridula
A0A9P0EAW2	3	U-03	viridula	N. viridula
A0A9P0EAW3	2	U-02	viridula	N. viridula
A0A9P0EAW4	2	U-02	viridula	N. viridula
A0A9P0EAW5	1	U-01	viridula	N. viridula
A0A9P0EAW7	1	U-01	viridula	N. viridula
A0A9P0EAW9	0	unassigned	viridula	N. viridula
A0A9P0EAX4	2	U-02	viridula	N. viridula
A0A9P0EAX5	2	U-02	viridula	N. viridula
A0A9P0EAX7	1	U-01	viridula	N. viridula
A0A9P0EAX8	3	U-03	viridula	N. viridula
A0A9P0EAY0	1	U-01	viridula	N. viridula
A0A9P0EAY1	0	unassigned	viridula	N. viridula
A0A9P0EAY2	1	U-01	viridula	N. viridula
A0A9P0EAY4	2	U-02	viridula	N. viridula
A0A9P0EAY9	1	U-01	viridula	N. viridula
A0A9P0EAZ1	2	U-02	viridula	N. viridula
A0A9P0EAZ2	1	U-01	viridula	N. viridula
A0A9P0EAZ3	1	U-01	viridula	N. viridula
A0A9P0EB00	1	U-01	viridula	N. viridula
A0A9P0EB01	0	unassigned	viridula	N. viridula
A0A9P0EB02	1	U-01	viridula	N. viridula
A0A9P0EB03	2	U-02	viridula	N. viridula
A0A9P0EB06	4	U-04	viridula	N. viridula
A0A9P0EB09	2	U-02	viridula	N. viridula
A0A9P0EB10	2	U-02	viridula	N. viridula
A0A9P0EB11	1	U-01	viridula	N. viridula
A0A9P0EB14	2	U-02	viridula	N. viridula
A0A9P0EB15	0	unassigned	viridula	N. viridula
A0A9P0EB17	1	U-01	viridula	N. viridula
A0A9P0EB18	1	U-01	viridula	N. viridula
A0A9P0EB19	2	U-02	viridula	N. viridula
A0A9P0EB21	3	U-03	viridula	N. viridula
A0A9P0EB22	2	U-02	viridula	N. viridula
A0A9P0EB23	2	U-02	viridula	N. viridula
A0A9P0EB25	1	U-01	viridula	N. viridula
A0A9P0EB27	1	U-01	viridula	N. viridula
A0A9P0EB28	0	unassigned	viridula	N. viridula
A0A9P0EB29	3	U-03	viridula	N. viridula
A0A9P0EB31	1	U-01	viridula	N. viridula
A0A9P0EB32	1	U-01	viridula	N. viridula
A0A9P0EB33	4	U-04	viridula	N. viridula
A0A9P0EB35	2	U-02	viridula	N. viridula
A0A9P0EB36	1	U-01	viridula	N. viridula
A0A9P0EB38	1	U-01	viridula	N. viridula
A0A9P0EB40	3	U-03	viridula	N. viridula
A0A9P0EB41	4	U-04	viridula	N. viridula
A0A9P0EB43	2	U-02	viridula	N. viridula
A0A9P0EB46	2	U-02	viridula	N. viridula
A0A9P0EB47	3	U-03	viridula	N. viridula
A0A9P0EB49	1	U-01	viridula	N. viridula
A0A9P0EB50	2	U-02	viridula	N. viridula
A0A9P0EB51	2	U-02	viridula	N. viridula
A0A9P0EB52	4	U-04	viridula	N. viridula
A0A9P0EB53	0	unassigned	viridula	N. viridula
A0A9P0EB55	2	U-02	viridula	N. viridula
A0A9P0EB57	1	U-01	viridula	N. viridula
A0A9P0EB58	1	U-01	viridula	N. viridula
A0A9P0EB59	1	U-01	viridula	N. viridula
A0A9P0EB60	1	U-01	viridula	N. viridula
A0A9P0EB62	2	U-02	viridula	N. viridula
A0A9P0EB64	0	unassigned	viridula	N. viridula
A0A9P0EB65	0	unassigned	viridula	N. viridula
A0A9P0EB67	1	U-01	viridula	N. viridula
A0A9P0EB69	1	U-01	viridula	N. viridula
A0A9P0EB70	1	U-01	viridula	N. viridula
A0A9P0EB71	4	U-04	viridula	N. viridula
A0A9P0EB78	2	U-02	viridula	N. viridula
A0A9P0EB79	0	unassigned	viridula	N. viridula
A0A9P0EB80	2	U-02	viridula	N. viridula
A0A9P0EB83	1	U-01	viridula	N. viridula
A0A9P0EB84	1	U-01	viridula	N. viridula
A0A9P0EB85	1	U-01	viridula	N. viridula
A0A9P0EB86	2	U-02	viridula	N. viridula
A0A9P0EB88	3	U-03	viridula	N. viridula
A0A9P0EB90	2	U-02	viridula	N. viridula
A0A9P0EB91	2	U-02	viridula	N. viridula
A0A9P0EB92	1	U-01	viridula	N. viridula
A0A9P0EB94	1	U-01	viridula	N. viridula
A0A9P0EB95	3	U-03	viridula	N. viridula
A0A9P0EB96	3	U-03	viridula	N. viridula
A0A9P0EB99	1	U-01	viridula	N. viridula
A0A9P0EBA0	0	unassigned	viridula	N. viridula
A0A9P0EBA1	2	U-02	viridula	N. viridula
A0A9P0EBA2	2	U-02	viridula	N. viridula
A0A9P0EBA3	2	U-02	viridula	N. viridula
A0A9P0EBA4	2	U-02	viridula	N. viridula
A0A9P0EBA7	2	U-02	viridula	N. viridula
A0A9P0EBB0	3	U-03	viridula	N. viridula
A0A9P0EBB2	0	unassigned	viridula	N. viridula
A0A9P0EBB7	1	U-01	viridula	N. viridula
A0A9P0EBC0	1	U-01	viridula	N. viridula
A0A9P0EBC1	1	U-01	viridula	N. viridula
A0A9P0EBC2	0	unassigned	viridula	N. viridula
A0A9P0EBC3	1	U-01	viridula	N. viridula
A0A9P0EBC6	1	U-01	viridula	N. viridula
A0A9P0EBC7	3	U-03	viridula	N. viridula
A0A9P0EBC8	1	U-01	viridula	N. viridula
A0A9P0EBD0	1	U-01	viridula	N. viridula
A0A9P0EBD3	2	U-02	viridula	N. viridula
A0A9P0EBD6	0	unassigned	viridula	N. viridula
A0A9P0EBD7	2	U-02	viridula	N. viridula
A0A9P0EBD8	0	unassigned	viridula	N. viridula
A0A9P0EBE1	1	U-01	viridula	N. viridula
A0A9P0EBE3	1	U-01	viridula	N. viridula
A0A9P0EBE4	2	U-02	viridula	N. viridula
A0A9P0EBE6	1	U-01	viridula	N. viridula
A0A9P0EBE7	2	U-02	viridula	N. viridula
A0A9P0EBE8	1	U-01	viridula	N. viridula
A0A9P0EBE9	1	U-01	viridula	N. viridula
A0A9P0EBF2	1	U-01	viridula	N. viridula
A0A9P0EBF3	1	U-01	viridula	N. viridula
A0A9P0EBF4	1	U-01	viridula	N. viridula
A0A9P0EBF6	2	U-02	viridula	N. viridula
A0A9P0EBF7	4	U-04	viridula	N. viridula
A0A9P0EBF8	2	U-02	viridula	N. viridula
A0A9P0EBG0	2	U-02	viridula	N. viridula
A0A9P0EBG1	1	U-01	viridula	N. viridula
A0A9P0EBG4	3	U-03	viridula	N. viridula
A0A9P0EBG6	2	U-02	viridula	N. viridula
A0A9P0EBG8	1	U-01	viridula	N. viridula
A0A9P0EBH0	1	U-01	viridula	N. viridula
A0A9P0EBH2	2	U-02	viridula	N. viridula
A0A9P0EBH4	1	U-01	viridula	N. viridula
A0A9P0EBH5	1	U-01	viridula	N. viridula
A0A9P0EBH6	2	U-02	viridula	N. viridula
A0A9P0EBH8	0	unassigned	viridula	N. viridula
A0A9P0EBH9	1	U-01	viridula	N. viridula
A0A9P0EBI0	2	U-02	viridula	N. viridula
A0A9P0EBI4	1	U-01	viridula	N. viridula
A0A9P0H2U8	2	U-02	viridula	N. viridula
A0A9P0H2V1	1	U-01	viridula	N. viridula
A0A9P0H2V2	2	U-02	viridula	N. viridula
A0A9P0H2V3	1	U-01	viridula	N. viridula
A0A9P0H2V4	2	U-02	viridula	N. viridula
A0A9P0H2V5	2	U-02	viridula	N. viridula
A0A9P0H2V6	2	U-02	viridula	N. viridula
A0A9P0H2V7	1	U-01	viridula	N. viridula
A0A9P0H2V9	2	U-02	viridula	N. viridula
A0A9P0H2W0	2	U-02	viridula	N. viridula
A0A9P0H2W2	2	U-02	viridula	N. viridula
A0A9P0H2W5	2	U-02	viridula	N. viridula
A0A9P0H2W7	1	U-01	viridula	N. viridula
A0A9P0H2W8	2	U-02	viridula	N. viridula
A0A9P0H2X0	1	U-01	viridula	N. viridula
A0A9P0H2X1	1	U-01	viridula	N. viridula
A0A9P0H2X2	2	U-02	viridula	N. viridula
A0A9P0H2X3	2	U-02	viridula	N. viridula
A0A9P0H2X5	1	U-01	viridula	N. viridula
A0A9P0H2X6	2	U-02	viridula	N. viridula
A0A9P0H2X7	4	U-04	viridula	N. viridula
A0A9P0H2Y1	0	unassigned	viridula	N. viridula
A0A9P0H2Y3	1	U-01	viridula	N. viridula
A0A9P0H2Y5	1	U-01	viridula	N. viridula
A0A9P0H2Y6	1	U-01	viridula	N. viridula
A0A9P0H2Y7	1	U-01	viridula	N. viridula
A0A9P0H2Y8	1	U-01	viridula	N. viridula
A0A9P0H2Y9	1	U-01	viridula	N. viridula
A0A9P0H2Z1	1	U-01	viridula	N. viridula
A0A9P0H2Z4	1	U-01	viridula	N. viridula
A0A9P0H2Z5	1	U-01	viridula	N. viridula
A0A9P0H2Z7	2	U-02	viridula	N. viridula
A0A9P0H301	0	unassigned	viridula	N. viridula
A0A9P0H303	2	U-02	viridula	N. viridula
A0A9P0H304	1	U-01	viridula	N. viridula
A0A9P0H306	1	U-01	viridula	N. viridula
A0A9P0H310	1	U-01	viridula	N. viridula
A0A9P0H311	2	U-02	viridula	N. viridula
A0A9P0H312	3	U-03	viridula	N. viridula
A0A9P0H314	2	U-02	viridula	N. viridula
A0A9P0H315	1	U-01	viridula	N. viridula
A0A9P0H316	2	U-02	viridula	N. viridula
A0A9P0H317	1	U-01	viridula	N. viridula
A0A9P0H318	3	U-03	viridula	N. viridula
A0A9P0H319	0	unassigned	viridula	N. viridula
A0A9P0H320	1	U-01	viridula	N. viridula
A0A9P0H321	1	U-01	viridula	N. viridula
A0A9P0H322	2	U-02	viridula	N. viridula
A0A9P0H323	1	U-01	viridula	N. viridula
A0A9P0H324	2	U-02	viridula	N. viridula
A0A9P0H325	2	U-02	viridula	N. viridula
A0A9P0H328	0	unassigned	viridula	N. viridula
A0A9P0H329	0	unassigned	viridula	N. viridula
A0A9P0H331	1	U-01	viridula	N. viridula
A0A9P0H332	3	U-03	viridula	N. viridula
A0A9P0H335	2	U-02	viridula	N. viridula
A0A9P0H337	2	U-02	viridula	N. viridula
A0A9P0H339	4	U-04	viridula	N. viridula
A0A9P0H342	2	U-02	viridula	N. viridula
A0A9P0H344	1	U-01	viridula	N. viridula
A0A9P0H346	0	unassigned	viridula	N. viridula
A0A9P0H351	0	unassigned	viridula	N. viridula
A0A9P0H352	1	U-01	viridula	N. viridula
A0A9P0H354	2	U-02	viridula	N. viridula
A0A9P0H356	0	unassigned	viridula	N. viridula
A0A9P0H357	1	U-01	viridula	N. viridula
A0A9P0H358	1	U-01	viridula	N. viridula
A0A9P0H359	1	U-01	viridula	N. viridula
A0A9P0H361	1	U-01	viridula	N. viridula
A0A9P0H364	2	U-02	viridula	N. viridula
A0A9P0H368	0	unassigned	viridula	N. viridula
A0A9P0H369	0	unassigned	viridula	N. viridula
A0A9P0H370	1	U-01	viridula	N. viridula
A0A9P0H371	1	U-01	viridula	N. viridula
A0A9P0H372	1	U-01	viridula	N. viridula
A0A9P0H373	1	U-01	viridula	N. viridula
A0A9P0H376	3	U-03	viridula	N. viridula
A0A9P0H378	1	U-01	viridula	N. viridula
A0A9P0H379	4	U-04	viridula	N. viridula
A0A9P0H380	1	U-01	viridula	N. viridula
A0A9P0H381	1	U-01	viridula	N. viridula
A0A9P0H383	2	U-02	viridula	N. viridula
A0A9P0H385	2	U-02	viridula	N. viridula
A0A9P0H387	1	U-01	viridula	N. viridula
A0A9P0H388	2	U-02	viridula	N. viridula
A0A9P0H391	2	U-02	viridula	N. viridula
A0A9P0H392	2	U-02	viridula	N. viridula
A0A9P0H393	2	U-02	viridula	N. viridula
A0A9P0H394	1	U-01	viridula	N. viridula
A0A9P0H395	2	U-02	viridula	N. viridula
A0A9P0H397	2	U-02	viridula	N. viridula
A0A9P0H398	1	U-01	viridula	N. viridula
A0A9P0H3A0	2	U-02	viridula	N. viridula
A0A9P0H3A1	1	U-01	viridula	N. viridula
A0A9P0H3A3	1	U-01	viridula	N. viridula
A0A9P0H3A5	1	U-01	viridula	N. viridula
A0A9P0H3A6	3	U-03	viridula	N. viridula
A0A9P0H3A7	1	U-01	viridula	N. viridula
A0A9P0H3A8	0	unassigned	viridula	N. viridula
A0A9P0H3A9	1	U-01	viridula	N. viridula
A0A9P0H3B0	0	unassigned	viridula	N. viridula
A0A9P0H3B1	1	U-01	viridula	N. viridula
A0A9P0H3B3	1	U-01	viridula	N. viridula
A0A9P0H3B4	0	unassigned	viridula	N. viridula
A0A9P0H3B5	1	U-01	viridula	N. viridula
A0A9P0H3B6	2	U-02	viridula	N. viridula
A0A9P0H3B7	2	U-02	viridula	N. viridula
A0A9P0H3B8	0	unassigned	viridula	N. viridula
A0A9P0H3B9	1	U-01	viridula	N. viridula
A0A9P0H3C0	2	U-02	viridula	N. viridula
A0A9P0H3C1	0	unassigned	viridula	N. viridula
A0A9P0H3C2	3	U-03	viridula	N. viridula
A0A9P0H3C3	1	U-01	viridula	N. viridula
A0A9P0H3C4	1	U-01	viridula	N. viridula
A0A9P0H3C5	0	unassigned	viridula	N. viridula
A0A9P0H3C6	2	U-02	viridula	N. viridula
A0A9P0H3C7	2	U-02	viridula	N. viridula
A0A9P0H3C8	1	U-01	viridula	N. viridula
A0A9P0H3C9	1	U-01	viridula	N. viridula
A0A9P0H3D0	1	U-01	viridula	N. viridula
A0A9P0H3D1	1	U-01	viridula	N. viridula
A0A9P0H3D2	1	U-01	viridula	N. viridula
A0A9P0H3D3	0	unassigned	viridula	N. viridula
A0A9P0H3D7	3	U-03	viridula	N. viridula
A0A9P0H3D8	0	unassigned	viridula	N. viridula
A0A9P0H3E0	2	U-02	viridula	N. viridula
A0A9P0H3E1	2	U-02	viridula	N. viridula
A0A9P0H3E2	1	U-01	viridula	N. viridula
A0A9P0H3E3	1	U-01	viridula	N. viridula
A0A9P0H3E4	3	U-03	viridula	N. viridula
A0A9P0H3E6	1	U-01	viridula	N. viridula
A0A9P0H3E7	1	U-01	viridula	N. viridula
A0A9P0H3E9	1	U-01	viridula	N. viridula
A0A9P0H3F3	2	U-02	viridula	N. viridula
A0A9P0H3F6	1	U-01	viridula	N. viridula
A0A9P0H3F8	2	U-02	viridula	N. viridula
A0A9P0H3G0	1	U-01	viridula	N. viridula
A0A9P0H3G1	2	U-02	viridula	N. viridula
A0A9P0H3G2	1	U-01	viridula	N. viridula
A0A9P0H3G5	1	U-01	viridula	N. viridula
A0A9P0H3G6	1	U-01	viridula	N. viridula
A0A9P0H3G9	1	U-01	viridula	N. viridula
A0A9P0H3H0	0	unassigned	viridula	N. viridula
A0A9P0H3H1	2	U-02	viridula	N. viridula
A0A9P0H3H3	4	U-04	viridula	N. viridula
A0A9P0H3H5	1	U-01	viridula	N. viridula
A0A9P0H3H7	1	U-01	viridula	N. viridula
A0A9P0H3H9	2	U-02	viridula	N. viridula
A0A9P0H3I0	1	U-01	viridula	N. viridula
A0A9P0H3I2	2	U-02	viridula	N. viridula
A0A9P0H3I4	2	U-02	viridula	N. viridula
A0A9P0H3I5	1	U-01	viridula	N. viridula
A0A9P0H3I7	2	U-02	viridula	N. viridula
A0A9P0H3I9	1	U-01	viridula	N. viridula
A0A9P0H3J0	1	U-01	viridula	N. viridula
A0A9P0H3J1	1	U-01	viridula	N. viridula
A0A9P0H3J2	4	U-04	viridula	N. viridula
A0A9P0H3J7	2	U-02	viridula	N. viridula
A0A9P0H3K0	2	U-02	viridula	N. viridula
A0A9P0H3K1	1	U-01	viridula	N. viridula
A0A9P0H3K3	2	U-02	viridula	N. viridula
A0A9P0H3K4	2	U-02	viridula	N. viridula
A0A9P0H3K5	0	unassigned	viridula	N. viridula
A0A9P0H3K6	2	U-02	viridula	N. viridula
A0A9P0H3L0	2	U-02	viridula	N. viridula
A0A9P0H3L2	2	U-02	viridula	N. viridula
A0A9P0H3L3	2	U-02	viridula	N. viridula
A0A9P0H3L4	1	U-01	viridula	N. viridula
A0A9P0H3L5	1	U-01	viridula	N. viridula
A0A9P0H3L6	2	U-02	viridula	N. viridula
A0A9P0H3L7	1	U-01	viridula	N. viridula
A0A9P0H3L8	3	U-03	viridula	N. viridula
A0A9P0H3L9	1	U-01	viridula	N. viridula
A0A9P0H3M0	1	U-01	viridula	N. viridula
A0A9P0H3M1	3	U-03	viridula	N. viridula
A0A9P0H3M2	0	unassigned	viridula	N. viridula
A0A9P0H3M4	3	U-03	viridula	N. viridula
A0A9P0H3M5	1	U-01	viridula	N. viridula
A0A9P0H3M7	0	unassigned	viridula	N. viridula
A0A9P0H3M8	2	U-02	viridula	N. viridula
A0A9P0H3M9	1	U-01	viridula	N. viridula
A0A9P0H3N0	4	U-04	viridula	N. viridula
A0A9P0H3N2	1	U-01	viridula	N. viridula
A0A9P0H3N3	2	U-02	viridula	N. viridula
A0A9P0H3N4	1	U-01	viridula	N. viridula
A0A9P0H3N7	2	U-02	viridula	N. viridula
A0A9P0H3N8	1	U-01	viridula	N. viridula
A0A9P0H3N9	2	U-02	viridula	N. viridula
A0A9P0H3P1	2	U-02	viridula	N. viridula
A0A9P0H3P2	1	U-01	viridula	N. viridula
A0A9P0H3P3	1	U-01	viridula	N. viridula
A0A9P0H3P6	0	unassigned	viridula	N. viridula
A0A9P0H3P9	2	U-02	viridula	N. viridula
A0A9P0H3Q0	1	U-01	viridula	N. viridula
A0A9P0H3Q3	2	U-02	viridula	N. viridula
A0A9P0H3Q5	0	unassigned	viridula	N. viridula
A0A9P0H3Q6	1	U-01	viridula	N. viridula
A0A9P0H3Q9	1	U-01	viridula	N. viridula
A0A9P0H3R1	1	U-01	viridula	N. viridula
A0A9P0H3R6	1	U-01	viridula	N. viridula
A0A9P0H3R8	4	U-04	viridula	N. viridula
A0A9P0H3S0	2	U-02	viridula	N. viridula
A0A9P0H3S3	2	U-02	viridula	N. viridula
A0A9P0H3S6	4	U-04	viridula	N. viridula
A0A9P0H3S7	2	U-02	viridula	N. viridula
A0A9P0H3S8	1	U-01	viridula	N. viridula
A0A9P0H3T0	1	U-01	viridula	N. viridula
A0A9P0H3T2	0	unassigned	viridula	N. viridula
A0A9P0H3T4	3	U-03	viridula	N. viridula
A0A9P0H3T7	1	U-01	viridula	N. viridula
A0A9P0H3T8	2	U-02	viridula	N. viridula
A0A9P0H3T9	1	U-01	viridula	N. viridula
A0A9P0H3U0	2	U-02	viridula	N. viridula
A0A9P0H3U1	1	U-01	viridula	N. viridula
A0A9P0H3U2	1	U-01	viridula	N. viridula
A0A9P0H3U4	2	U-02	viridula	N. viridula
A0A9P0H3U5	1	U-01	viridula	N. viridula
A0A9P0H3U6	1	U-01	viridula	N. viridula
A0A9P0H3U7	1	U-01	viridula	N. viridula
A0A9P0H3U9	2	U-02	viridula	N. viridula
A0A9P0H3V1	1	U-01	viridula	N. viridula
A0A9P0H3V2	1	U-01	viridula	N. viridula
A0A9P0H3V5	1	U-01	viridula	N. viridula
A0A9P0H3V6	1	U-01	viridula	N. viridula
A0A9P0H3V8	0	unassigned	viridula	N. viridula
A0A9P0H3W0	1	U-01	viridula	N. viridula
A0A9P0H3W1	0	unassigned	viridula	N. viridula
A0A9P0H3W3	2	U-02	viridula	N. viridula
A0A9P0H3W5	2	U-02	viridula	N. viridula
A0A9P0H3W6	1	U-01	viridula	N. viridula
A0A9P0H3W8	2	U-02	viridula	N. viridula
A0A9P0H3W9	1	U-01	viridula	N. viridula
A0A9P0H3X0	1	U-01	viridula	N. viridula
A0A9P0H3X1	2	U-02	viridula	N. viridula
A0A9P0H3X2	1	U-01	viridula	N. viridula
A0A9P0H3X3	4	U-04	viridula	N. viridula
A0A9P0H3X4	1	U-01	viridula	N. viridula
A0A9P0H3X5	2	U-02	viridula	N. viridula
A0A9P0H3X6	3	U-03	viridula	N. viridula
A0A9P0H3X9	0	unassigned	viridula	N. viridula
A0A9P0H3Y1	1	U-01	viridula	N. viridula
A0A9P0H3Y2	2	U-02	viridula	N. viridula
A0A9P0H3Y3	2	U-02	viridula	N. viridula
A0A9P0H3Y5	1	U-01	viridula	N. viridula
A0A9P0H3Y7	3	U-03	viridula	N. viridula
A0A9P0H3Y8	3	U-03	viridula	N. viridula
A0A9P0H3Y9	2	U-02	viridula	N. viridula
A0A9P0H3Z0	1	U-01	viridula	N. viridula
A0A9P0H3Z1	1	U-01	viridula	N. viridula
A0A9P0H3Z2	1	U-01	viridula	N. viridula
A0A9P0H3Z3	2	U-02	viridula	N. viridula
A0A9P0H3Z4	3	U-03	viridula	N. viridula
A0A9P0H3Z5	2	U-02	viridula	N. viridula
A0A9P0H3Z8	3	U-03	viridula	N. viridula
A0A9P0H3Z9	1	U-01	viridula	N. viridula
A0A9P0H403	2	U-02	viridula	N. viridula
A0A9P0H404	1	U-01	viridula	N. viridula
A0A9P0H405	1	U-01	viridula	N. viridula
A0A9P0H407	2	U-02	viridula	N. viridula
A0A9P0H408	1	U-01	viridula	N. viridula
A0A9P0H409	2	U-02	viridula	N. viridula
A0A9P0H414	2	U-02	viridula	N. viridula
A0A9P0H415	2	U-02	viridula	N. viridula
A0A9P0H418	0	unassigned	viridula	N. viridula
A0A9P0H419	1	U-01	viridula	N. viridula
A0A9P0H420	0	unassigned	viridula	N. viridula
A0A9P0H421	1	U-01	viridula	N. viridula
A0A9P0H422	2	U-02	viridula	N. viridula
A0A9P0H423	1	U-01	viridula	N. viridula
A0A9P0H424	1	U-01	viridula	N. viridula
A0A9P0H429	2	U-02	viridula	N. viridula
A0A9P0H430	1	U-01	viridula	N. viridula
A0A9P0H432	2	U-02	viridula	N. viridula
A0A9P0H434	0	unassigned	viridula	N. viridula
A0A9P0H437	1	U-01	viridula	N. viridula
A0A9P0H438	1	U-01	viridula	N. viridula
A0A9P0H439	1	U-01	viridula	N. viridula
A0A9P0H441	1	U-01	viridula	N. viridula
A0A9P0H443	1	U-01	viridula	N. viridula
A0A9P0H444	2	U-02	viridula	N. viridula
A0A9P0H447	3	U-03	viridula	N. viridula
A0A9P0H449	1	U-01	viridula	N. viridula
A0A9P0H452	1	U-01	viridula	N. viridula
A0A9P0H454	1	U-01	viridula	N. viridula
A0A9P0H459	0	unassigned	viridula	N. viridula
A0A9P0H461	1	U-01	viridula	N. viridula
A0A9P0H462	1	U-01	viridula	N. viridula
A0A9P0H463	4	U-04	viridula	N. viridula
A0A9P0H464	2	U-02	viridula	N. viridula
A0A9P0H467	1	U-01	viridula	N. viridula
A0A9P0H469	1	U-01	viridula	N. viridula
A0A9P0H470	1	U-01	viridula	N. viridula
A0A9P0H471	2	U-02	viridula	N. viridula
A0A9P0H472	2	U-02	viridula	N. viridula
A0A9P0H473	3	U-03	viridula	N. viridula
A0A9P0H474	1	U-01	viridula	N. viridula
A0A9P0H476	0	unassigned	viridula	N. viridula
A0A9P0H477	1	U-01	viridula	N. viridula
A0A9P0H478	1	U-01	viridula	N. viridula
A0A9P0H480	1	U-01	viridula	N. viridula
A0A9P0HP71	3	U-03	viridula	N. viridula
A0A9P0HP75	1	U-01	viridula	N. viridula
A0A9P0HP77	3	U-03	viridula	N. viridula
A0A9P0HP80	4	U-04	viridula	N. viridula
A0A9P0HP82	1	U-01	viridula	N. viridula
A0A9P0HP86	1	U-01	viridula	N. viridula
A0A9P0HP87	4	U-04	viridula	N. viridula
A0A9P0HP90	3	U-03	viridula	N. viridula
A0A9P0HP91	1	U-01	viridula	N. viridula
A0A9P0HP98	1	U-01	viridula	N. viridula
A0A9P0HP99	1	U-01	viridula	N. viridula
A0A9P0HPA5	3	U-03	viridula	N. viridula
A0A9P0HPA9	1	U-01	viridula	N. viridula
A0A9P0HPB1	1	U-01	viridula	N. viridula
A0A9P0HPB2	1	U-01	viridula	N. viridula
A0A9P0HPB4	1	U-01	viridula	N. viridula
A0A9P0HPC0	1	U-01	viridula	N. viridula
A0A9P0HPC5	1	U-01	viridula	N. viridula
A0A9P0HPC6	4	U-04	viridula	N. viridula
A0A9P0HPC7	1	U-01	viridula	N. viridula
A0A9P0HPD1	1	U-01	viridula	N. viridula
A0A9P0HPD2	1	U-01	viridula	N. viridula
A0A9P0HPD4	1	U-01	viridula	N. viridula
A0A9P0HPD6	1	U-01	viridula	N. viridula
A0A9P0HPD7	3	U-03	viridula	N. viridula
A0A9P0HPE0	1	U-01	viridula	N. viridula
A0A9P0HPE1	1	U-01	viridula	N. viridula
A0A9P0HPE2	1	U-01	viridula	N. viridula
A0A9P0HPE4	1	U-01	viridula	N. viridula
A0A9P0HPE8	1	U-01	viridula	N. viridula
A0A9P0HPF4	0	unassigned	viridula	N. viridula
A0A9P0HPF7	3	U-03	viridula	N. viridula
A0A9P0HPF9	4	U-04	viridula	N. viridula
A0A9P0HPG6	1	U-01	viridula	N. viridula
A0A9P0HPH0	1	U-01	viridula	N. viridula
A0A9P0HPH2	1	U-01	viridula	N. viridula
A0A9P0HPH5	1	U-01	viridula	N. viridula
A0A9P0HPH7	1	U-01	viridula	N. viridula
A0A9P0HPH8	1	U-01	viridula	N. viridula
A0A9P0HPI1	1	U-01	viridula	N. viridula
A0A9P0HPI3	1	U-01	viridula	N. viridula
A0A9P0HPI5	1	U-01	viridula	N. viridula
A0A9P0HPI7	1	U-01	viridula	N. viridula
A0A9P0HPI8	3	U-03	viridula	N. viridula
A0A9P0HPJ2	1	U-01	viridula	N. viridula
A0A9P0HPJ9	3	U-03	viridula	N. viridula
A0A9P0HPK1	3	U-03	viridula	N. viridula
A0A9P0HPK2	0	unassigned	viridula	N. viridula
A0A9P0HPK5	3	U-03	viridula	N. viridula
A0A9P0HPK8	0	unassigned	viridula	N. viridula
A0A9P0HPL0	1	U-01	viridula	N. viridula
A0A9P0HPL9	3	U-03	viridula	N. viridula
A0A9P0HPM0	4	U-04	viridula	N. viridula
A0A9P0HPM1	1	U-01	viridula	N. viridula
A0A9P0HPM2	1	U-01	viridula	N. viridula
A0A9P0HPM7	4	U-04	viridula	N. viridula
A0A9P0HPN2	0	unassigned	viridula	N. viridula
A0A9P0HPN8	1	U-01	viridula	N. viridula
A0A9P0HPN9	1	U-01	viridula	N. viridula
A0A9P0HPP6	1	U-01	viridula	N. viridula
A0A9P0HPP7	1	U-01	viridula	N. viridula
A0A9P0HPP9	1	U-01	viridula	N. viridula
A0A9P0HPQ0	1	U-01	viridula	N. viridula
A0A9P0HPQ4	3	U-03	viridula	N. viridula
A0A9P0HPQ6	1	U-01	viridula	N. viridula
A0A9P0HPR0	3	U-03	viridula	N. viridula
A0A9P0HPR1	1	U-01	viridula	N. viridula
A0A9P0HPR2	3	U-03	viridula	N. viridula
A0A9P0HPR5	1	U-01	viridula	N. viridula
A0A9P0HPR6	1	U-01	viridula	N. viridula
A0A9P0HPS0	4	U-04	viridula	N. viridula
A0A9P0HPS4	1	U-01	viridula	N. viridula
A0A9P0HPS9	1	U-01	viridula	N. viridula
A0A9P0HPT2	1	U-01	viridula	N. viridula
A0A9P0HPU3	1	U-01	viridula	N. viridula
A0A9P0HPU6	1	U-01	viridula	N. viridula
A0A9P0HPV2	3	U-03	viridula	N. viridula
A0A9P0HPV8	1	U-01	viridula	N. viridula
A0A9P0HPW3	1	U-01	viridula	N. viridula
A0A9P0HPW6	3	U-03	viridula	N. viridula
A0A9P0HPW7	1	U-01	viridula	N. viridula
A0A9P0MHR0	1	U-01	viridula	N. viridula
A0A9P0MHS5	1	U-01	viridula	N. viridula
A0A9P0MHS6	1	U-01	viridula	N. viridula
A0A9P0MHU2	1	U-01	viridula	N. viridula
A0A9P0MHU6	0	unassigned	viridula	N. viridula
A0A9P0MHV1	3	U-03	viridula	N. viridula
A0A9P0MHV3	0	unassigned	viridula	N. viridula
A0A9P0MHW1	1	U-01	viridula	N. viridula
A0A9P0MHX1	0	unassigned	viridula	N. viridula
A0A9P0MHY3	1	U-01	viridula	N. viridula
A0A9P0MHY5	1	U-01	viridula	N. viridula
A0A9P0MHZ1	1	U-01	viridula	N. viridula
A0A9P0MHZ4	1	U-01	viridula	N. viridula
A0A9P0MHZ7	1	U-01	viridula	N. viridula
A0A9P0MI04	1	U-01	viridula	N. viridula
A0A9P0MI08	1	U-01	viridula	N. viridula
A0A9P0MI23	4	U-04	viridula	N. viridula
A0A9P0MI24	1	U-01	viridula	N. viridula
A0A9P0MI41	3	U-03	viridula	N. viridula
A0A9P0HJH7	2	U-02	viridula	N. viridula
A0A9P0HJH8	1	U-01	viridula	N. viridula
A0A9P0HJH9	3	U-03	viridula	N. viridula
A0A9P0HJI2	2	U-02	viridula	N. viridula
A0A9P0HJI3	2	U-02	viridula	N. viridula
A0A9P0HJI4	0	unassigned	viridula	N. viridula
A0A9P0HJI5	1	U-01	viridula	N. viridula
A0A9P0HJI9	1	U-01	viridula	N. viridula
A0A9P0HJJ0	1	U-01	viridula	N. viridula
A0A9P0HJJ3	0	unassigned	viridula	N. viridula
A0A9P0HJJ4	3	U-03	viridula	N. viridula
A0A9P0HJJ5	1	U-01	viridula	N. viridula
A0A9P0HJJ6	1	U-01	viridula	N. viridula
A0A9P0HJJ9	1	U-01	viridula	N. viridula
A0A9P0HJK0	1	U-01	viridula	N. viridula
A0A9P0HJK2	1	U-01	viridula	N. viridula
A0A9P0HJK3	1	U-01	viridula	N. viridula
A0A9P0HJK4	1	U-01	viridula	N. viridula
A0A9P0HJK5	1	U-01	viridula	N. viridula
A0A9P0HJK7	2	U-02	viridula	N. viridula
A0A9P0HJK8	2	U-02	viridula	N. viridula
A0A9P0HJK9	1	U-01	viridula	N. viridula
A0A9P0HJL0	3	U-03	viridula	N. viridula
A0A9P0HJL1	1	U-01	viridula	N. viridula
A0A9P0HJL2	1	U-01	viridula	N. viridula
A0A9P0HJL5	1	U-01	viridula	N. viridula
A0A9P0HJL6	0	unassigned	viridula	N. viridula
A0A9P0HJL7	1	U-01	viridula	N. viridula
A0A9P0HJL8	4	U-04	viridula	N. viridula
A0A9P0HJM0	1	U-01	viridula	N. viridula
A0A9P0HJM1	1	U-01	viridula	N. viridula
A0A9P0HJM2	1	U-01	viridula	N. viridula
A0A9P0HJM3	1	U-01	viridula	N. viridula
A0A9P0HJM4	2	U-02	viridula	N. viridula
A0A9P0HJM6	2	U-02	viridula	N. viridula
A0A9P0HJM7	1	U-01	viridula	N. viridula
A0A9P0HJM8	1	U-01	viridula	N. viridula
A0A9P0HJM9	1	U-01	viridula	N. viridula
A0A9P0HJN0	1	U-01	viridula	N. viridula
A0A9P0HJN2	2	U-02	viridula	N. viridula
A0A9P0HJN3	1	U-01	viridula	N. viridula
A0A9P0E1V7	1	U-01	viridula	N. viridula
A0A9P0E1X9	1	U-01	viridula	N. viridula
A0A9P0E1Y9	1	U-01	viridula	N. viridula
A0A9P0E1Z9	3	U-03	viridula	N. viridula
A0A9P0E2E5	3	U-03	viridula	N. viridula
A0A9P0E2J6	1	U-01	viridula	N. viridula
A0A9P0E2N6	1	U-01	viridula	N. viridula
A0A9P0E2S7	1	U-01	viridula	N. viridula
A0A9P0E366	1	U-01	viridula	N. viridula
A0A9P0E381	1	U-01	viridula	N. viridula
A0A9P0E3D1	1	U-01	viridula	N. viridula
A0A9P0E3D8	3	U-03	viridula	N. viridula
A0A9P0E3E9	1	U-01	viridula	N. viridula
A0A9P0E3I8	1	U-01	viridula	N. viridula
A0A9P0E3K8	0	unassigned	viridula	N. viridula
A0A9P0E3M2	1	U-01	viridula	N. viridula
A0A9P0E3M4	1	U-01	viridula	N. viridula
A0A9P0E3N3	3	U-03	viridula	N. viridula
A0A9P0E3S5	4	U-04	viridula	N. viridula
A0A9P0E3X7	1	U-01	viridula	N. viridula
A0A9P0E406	1	U-01	viridula	N. viridula
A0A9P0E442	0	unassigned	viridula	N. viridula
A0A9P0E4F8	1	U-01	viridula	N. viridula
A0A9P0E4I0	1	U-01	viridula	N. viridula
A0A9P0E4L4	0	unassigned	viridula	N. viridula
A0A9P0E4Q4	1	U-01	viridula	N. viridula
A0A9P0E4W5	1	U-01	viridula	N. viridula
A0A9P0E4X3	4	U-04	viridula	N. viridula
A0A9P0E526	1	U-01	viridula	N. viridula
A0A9P0E529	1	U-01	viridula	N. viridula
A0A9P0E578	4	U-04	viridula	N. viridula
A0A9P0E583	3	U-03	viridula	N. viridula
A0A9P0E5C6	1	U-01	viridula	N. viridula
A0A9P0E5G5	1	U-01	viridula	N. viridula
A0A9P0E5H8	1	U-01	viridula	N. viridula
A0A9P0E5M5	1	U-01	viridula	N. viridula
A0A9P0E5N9	3	U-03	viridula	N. viridula
A0A9P0E5Q0	1	U-01	viridula	N. viridula
A0A9P0E5R9	1	U-01	viridula	N. viridula
A0A9P0E5U2	1	U-01	viridula	N. viridula
A0A9P0E600	1	U-01	viridula	N. viridula
A0A9P0E604	1	U-01	viridula	N. viridula
A0A9P0E635	1	U-01	viridula	N. viridula
A0A9P0E640	4	U-04	viridula	N. viridula
A0A9P0E649	1	U-01	viridula	N. viridula
A0A9P0E696	1	U-01	viridula	N. viridula
A0A9P0E6A3	1	U-01	viridula	N. viridula
A0A9P0E6G9	1	U-01	viridula	N. viridula
A0A9P0E6I0	1	U-01	viridula	N. viridula
A0A9P0E6J9	1	U-01	viridula	N. viridula
A0A9P0E6N8	1	U-01	viridula	N. viridula
A0A9P0E6P3	1	U-01	viridula	N. viridula
A0A9P0E6P7	1	U-01	viridula	N. viridula
A0A9P0E6R7	1	U-01	viridula	N. viridula
A0A9P0E739	3	U-03	viridula	N. viridula
A0A9P0E770	1	U-01	viridula	N. viridula
A0A9P0E795	1	U-01	viridula	N. viridula
A0A9P0E7A9	1	U-01	viridula	N. viridula
A0A9P0E7C0	1	U-01	viridula	N. viridula
A0A9P0HN17	1	U-01	viridula	N. viridula
A0A9P0HN19	3	U-03	viridula	N. viridula
A0A9P0HN20	1	U-01	viridula	N. viridula
A0A9P0HN21	2	U-02	viridula	N. viridula
A0A9P0HN23	1	U-01	viridula	N. viridula
A0A9P0HN24	1	U-01	viridula	N. viridula
A0A9P0HN25	1	U-01	viridula	N. viridula
A0A9P0HN27	1	U-01	viridula	N. viridula
A0A9P0HN28	1	U-01	viridula	N. viridula
A0A9P0HN29	1	U-01	viridula	N. viridula
A0A9P0HN30	1	U-01	viridula	N. viridula
A0A9P0HN31	0	unassigned	viridula	N. viridula
A0A9P0HN32	1	U-01	viridula	N. viridula
A0A9P0HN33	1	U-01	viridula	N. viridula
A0A9P0HN35	2	U-02	viridula	N. viridula
A0A9P0HN36	1	U-01	viridula	N. viridula
A0A9P0HN37	3	U-03	viridula	N. viridula
A0A9P0HN38	1	U-01	viridula	N. viridula
A0A9P0HN39	1	U-01	viridula	N. viridula
A0A9P0HN40	3	U-03	viridula	N. viridula
A0A9P0HN41	2	U-02	viridula	N. viridula
A0A9P0HN42	2	U-02	viridula	N. viridula
A0A9P0HN44	1	U-01	viridula	N. viridula
A0A9P0HN45	0	unassigned	viridula	N. viridula
A0A9P0HN46	1	U-01	viridula	N. viridula
A0A9P0HN47	1	U-01	viridula	N. viridula
A0A9P0HN48	4	U-04	viridula	N. viridula
A0A9P0HN50	0	unassigned	viridula	N. viridula
A0A9P0HN51	2	U-02	viridula	N. viridula
A0A9P0HN54	1	U-01	viridula	N. viridula
A0A9P0HN56	1	U-01	viridula	N. viridula
A0A9P0HN57	1	U-01	viridula	N. viridula
A0A9P0HN59	1	U-01	viridula	N. viridula
A0A9P0HN60	1	U-01	viridula	N. viridula
A0A9P0HN61	1	U-01	viridula	N. viridula
A0A9P0HN62	1	U-01	viridula	N. viridula
A0A9P0HN63	1	U-01	viridula	N. viridula
A0A9P0HN65	1	U-01	viridula	N. viridula
A0A9P0HN67	1	U-01	viridula	N. viridula
A0A9P0HN68	2	U-02	viridula	N. viridula
A0A9P0HN69	2	U-02	viridula	N. viridula
A0A9P0HN70	1	U-01	viridula	N. viridula
A0A9P0HN72	3	U-03	viridula	N. viridula
A0A9P0HN74	1	U-01	viridula	N. viridula
A0A9P0HN75	0	unassigned	viridula	N. viridula
A0A9P0HN76	1	U-01	viridula	N. viridula
A0A9P0HN79	2	U-02	viridula	N. viridula
A0A9P0HN81	2	U-02	viridula	N. viridula
A0A9P0HN83	2	U-02	viridula	N. viridula
A0A9P0HN85	0	unassigned	viridula	N. viridula
A0A9P0HN89	1	U-01	viridula	N. viridula
A0A9P0HN90	1	U-01	viridula	N. viridula
A0A9P0HN91	2	U-02	viridula	N. viridula
A0A9P0HN93	2	U-02	viridula	N. viridula
A0A9P0HN95	1	U-01	viridula	N. viridula
A0A9P0HN99	3	U-03	viridula	N. viridula
A0A9P0HNA0	0	unassigned	viridula	N. viridula
A0A9P0HNA1	1	U-01	viridula	N. viridula
A0A9P0HNA3	2	U-02	viridula	N. viridula
A0A9P0HNA4	1	U-01	viridula	N. viridula
A0A9P0HNA5	1	U-01	viridula	N. viridula
A0A9P0HNA7	1	U-01	viridula	N. viridula
A0A9P0HNA8	0	unassigned	viridula	N. viridula
A0A9P0HNB0	1	U-01	viridula	N. viridula
A0A9P0HNB1	2	U-02	viridula	N. viridula
A0A9P0HNB2	1	U-01	viridula	N. viridula
A0A9P0HNB4	2	U-02	viridula	N. viridula
A0A9P0HNB5	1	U-01	viridula	N. viridula
A0A9P0HNB6	1	U-01	viridula	N. viridula
A0A9P0HNB7	1	U-01	viridula	N. viridula
A0A9P0HNC1	1	U-01	viridula	N. viridula
A0A9P0HNC4	1	U-01	viridula	N. viridula
A0A9P0HNC5	2	U-02	viridula	N. viridula
A0A9P0HNC7	0	unassigned	viridula	N. viridula
A0A9P0HNC8	1	U-01	viridula	N. viridula
A0A9P0HNC9	1	U-01	viridula	N. viridula
A0A9P0HND1	0	unassigned	viridula	N. viridula
A0A9P0HND2	1	U-01	viridula	N. viridula
A0A9P0HND3	4	U-04	viridula	N. viridula
A0A9P0HND5	1	U-01	viridula	N. viridula
A0A9P0HND6	1	U-01	viridula	N. viridula
A0A9P0HND8	0	unassigned	viridula	N. viridula
A0A9P0HND9	1	U-01	viridula	N. viridula
A0A9P0HNE1	2	U-02	viridula	N. viridula
A0A9P0HNE2	1	U-01	viridula	N. viridula
A0A9P0HNE3	1	U-01	viridula	N. viridula
A0A9P0HNE4	1	U-01	viridula	N. viridula
A0A9P0HNE9	1	U-01	viridula	N. viridula
A0A9P0HNF1	2	U-02	viridula	N. viridula
A0A9P0HNF3	1	U-01	viridula	N. viridula
A0A9P0HNF4	1	U-01	viridula	N. viridula
A0A9P0HNF7	2	U-02	viridula	N. viridula
A0A9P0HNF8	1	U-01	viridula	N. viridula
A0A9P0HNF9	1	U-01	viridula	N. viridula
A0A9P0HNG0	1	U-01	viridula	N. viridula
A0A9P0HNG2	1	U-01	viridula	N. viridula
A0A9P0HNG3	0	unassigned	viridula	N. viridula
A0A9P0HNG5	1	U-01	viridula	N. viridula
A0A9P0HNG8	3	U-03	viridula	N. viridula
A0A9P0HNH1	1	U-01	viridula	N. viridula
A0A9P0GWJ8	3	U-03	viridula	N. viridula
A0A9P0GWJ9	1	U-01	viridula	N. viridula
A0A9P0GWK7	2	U-02	viridula	N. viridula
A0A9P0GWK8	2	U-02	viridula	N. viridula
A0A9P0GWL1	1	U-01	viridula	N. viridula
A0A9P0GWL3	1	U-01	viridula	N. viridula
A0A9P0GWL5	0	unassigned	viridula	N. viridula
A0A9P0GWM0	0	unassigned	viridula	N. viridula
A0A9P0GWM3	1	U-01	viridula	N. viridula
A0A9P0GWM4	4	U-04	viridula	N. viridula
A0A9P0GWN3	1	U-01	viridula	N. viridula
A0A9P0GWN6	2	U-02	viridula	N. viridula
A0A9P0GWN8	3	U-03	viridula	N. viridula
A0A9P0GWP5	1	U-01	viridula	N. viridula
A0A9P0GWQ0	2	U-02	viridula	N. viridula
A0A9P0GWQ3	1	U-01	viridula	N. viridula
A0A9P0GWR0	1	U-01	viridula	N. viridula
A0A9P0GWR2	2	U-02	viridula	N. viridula
A0A9P0GWR5	1	U-01	viridula	N. viridula
A0A9P0GWS2	1	U-01	viridula	N. viridula
A0A9P0GWS7	1	U-01	viridula	N. viridula
A0A9P0GWS8	2	U-02	viridula	N. viridula
A0A9P0GWT1	1	U-01	viridula	N. viridula
A0A9P0GWU1	1	U-01	viridula	N. viridula
A0A9P0GWU4	1	U-01	viridula	N. viridula
A0A9P0GWU6	2	U-02	viridula	N. viridula
A0A9P0GWU9	1	U-01	viridula	N. viridula
A0A9P0GWV5	0	unassigned	viridula	N. viridula
A0A9P0GWV6	2	U-02	viridula	N. viridula
A0A9P0GWW1	0	unassigned	viridula	N. viridula
A0A9P0GWW5	2	U-02	viridula	N. viridula
A0A9P0GWW6	1	U-01	viridula	N. viridula
A0A9P0GWX1	2	U-02	viridula	N. viridula
A0A9P0GWX3	3	U-03	viridula	N. viridula
A0A9P0GWX6	1	U-01	viridula	N. viridula
A0A9P0GWY0	1	U-01	viridula	N. viridula
A0A9P0GWY1	4	U-04	viridula	N. viridula
A0A9P0GWZ0	1	U-01	viridula	N. viridula
A0A9P0GWZ1	2	U-02	viridula	N. viridula
A0A9P0GX01	0	unassigned	viridula	N. viridula
A0A9P0GX05	1	U-01	viridula	N. viridula
A0A9P0GX06	1	U-01	viridula	N. viridula
A0A9P0GX15	2	U-02	viridula	N. viridula
A0A9P0GX17	3	U-03	viridula	N. viridula
A0A9P0GX22	0	unassigned	viridula	N. viridula
A0A9P0GX27	2	U-02	viridula	N. viridula
A0A9P0GX37	1	U-01	viridula	N. viridula
A0A9P0GX40	2	U-02	viridula	N. viridula
A0A9P0GX44	0	unassigned	viridula	N. viridula
A0A9P0GX48	1	U-01	viridula	N. viridula
A0A9P0GX52	1	U-01	viridula	N. viridula
A0A9P0GX54	3	U-03	viridula	N. viridula
A0A9P0GX58	2	U-02	viridula	N. viridula
A0A9P0GX63	2	U-02	viridula	N. viridula
A0A9P0GX68	2	U-02	viridula	N. viridula
A0A9P0GX69	1	U-01	viridula	N. viridula
A0A9P0GX72	2	U-02	viridula	N. viridula
A0A9P0GX74	4	U-04	viridula	N. viridula
A0A9P0GX78	1	U-01	viridula	N. viridula
A0A9P0GX83	1	U-01	viridula	N. viridula
A0A9P0GX86	1	U-01	viridula	N. viridula
A0A9P0GX91	1	U-01	viridula	N. viridula
A0A9P0GX92	1	U-01	viridula	N. viridula
A0A9P0GX96	2	U-02	viridula	N. viridula
A0A9P0GXA5	0	unassigned	viridula	N. viridula
A0A9P0GXA8	0	unassigned	viridula	N. viridula
A0A9P0GXB0	3	U-03	viridula	N. viridula
A0A9P0GXB3	1	U-01	viridula	N. viridula
A0A9P0GXB5	0	unassigned	viridula	N. viridula
A0A9P0GXB8	2	U-02	viridula	N. viridula
A0A9P0GXC6	3	U-03	viridula	N. viridula
A0A9P0GXC9	1	U-01	viridula	N. viridula
A0A9P0GXD1	1	U-01	viridula	N. viridula
A0A9P0GXD4	4	U-04	viridula	N. viridula
A0A9P0GXD5	1	U-01	viridula	N. viridula
A0A9P0GXD8	4	U-04	viridula	N. viridula
A0A9P0EEZ0	0	unassigned	viridula	N. viridula
A0A9P0EEZ2	1	U-01	viridula	N. viridula
A0A9P0EEZ6	3	U-03	viridula	N. viridula
A0A9P0EF08	1	U-01	viridula	N. viridula
A0A9P0EF09	1	U-01	viridula	N. viridula
A0A9P0EF16	1	U-01	viridula	N. viridula
A0A9P0EF22	1	U-01	viridula	N. viridula
A0A9P0EF24	1	U-01	viridula	N. viridula
A0A9P0EF41	3	U-03	viridula	N. viridula
A0A9P0EF50	3	U-03	viridula	N. viridula
A0A9P0EF53	1	U-01	viridula	N. viridula
A0A9P0EF66	0	unassigned	viridula	N. viridula
A0A9P0EF70	3	U-03	viridula	N. viridula
A0A9P0EF81	4	U-04	viridula	N. viridula
A0A9P0EF82	1	U-01	viridula	N. viridula
A0A9P0EF83	3	U-03	viridula	N. viridula
A0A9P0EF91	1	U-01	viridula	N. viridula
A0A9P0EF92	1	U-01	viridula	N. viridula
A0A9P0EFA2	1	U-01	viridula	N. viridula
A0A9P0EFB3	1	U-01	viridula	N. viridula
A0A9P0EFB4	1	U-01	viridula	N. viridula
A0A9P0EFB8	1	U-01	viridula	N. viridula
A0A9P0EFC1	1	U-01	viridula	N. viridula
A0A9P0EFC5	1	U-01	viridula	N. viridula
A0A9P0H520	2	U-02	viridula	N. viridula
A0A9P0H521	1	U-01	viridula	N. viridula
A0A9P0H523	1	U-01	viridula	N. viridula
A0A9P0H525	0	unassigned	viridula	N. viridula
A0A9P0H526	2	U-02	viridula	N. viridula
A0A9P0H527	0	unassigned	viridula	N. viridula
A0A9P0H528	1	U-01	viridula	N. viridula
A0A9P0H529	2	U-02	viridula	N. viridula
A0A9P0H532	4	U-04	viridula	N. viridula
A0A9P0H533	1	U-01	viridula	N. viridula
A0A9P0H534	1	U-01	viridula	N. viridula
A0A9P0H535	1	U-01	viridula	N. viridula
A0A9P0H536	1	U-01	viridula	N. viridula
A0A9P0H539	2	U-02	viridula	N. viridula
A0A9P0H544	1	U-01	viridula	N. viridula
A0A9P0H545	3	U-03	viridula	N. viridula
A0A9P0H547	2	U-02	viridula	N. viridula
A0A9P0H549	1	U-01	viridula	N. viridula
A0A9P0H551	1	U-01	viridula	N. viridula
A0A9P0H554	3	U-03	viridula	N. viridula
A0A9P0H555	1	U-01	viridula	N. viridula
A0A9P0H558	1	U-01	viridula	N. viridula
A0A9P0H560	1	U-01	viridula	N. viridula
A0A9P0H561	1	U-01	viridula	N. viridula
A0A9P0H562	1	U-01	viridula	N. viridula
A0A9P0H563	4	U-04	viridula	N. viridula
A0A9P0H564	0	unassigned	viridula	N. viridula
A0A9P0H565	1	U-01	viridula	N. viridula
A0A9P0H566	1	U-01	viridula	N. viridula
A0A9P0H567	1	U-01	viridula	N. viridula
A0A9P0H568	1	U-01	viridula	N. viridula
A0A9P0H572	1	U-01	viridula	N. viridula
A0A9P0H573	1	U-01	viridula	N. viridula
A0A9P0H574	1	U-01	viridula	N. viridula
A0A9P0H575	1	U-01	viridula	N. viridula
A0A9P0H577	1	U-01	viridula	N. viridula
A0A9P0H578	1	U-01	viridula	N. viridula
A0A9P0H582	2	U-02	viridula	N. viridula
A0A9P0H583	2	U-02	viridula	N. viridula
A0A9P0H584	1	U-01	viridula	N. viridula
A0A9P0H586	1	U-01	viridula	N. viridula
A0A9P0H587	1	U-01	viridula	N. viridula
A0A9P0H590	2	U-02	viridula	N. viridula
A0A9P0H595	1	U-01	viridula	N. viridula
A0A9P0H598	1	U-01	viridula	N. viridula
A0A9P0H599	2	U-02	viridula	N. viridula
A0A9P0H5A1	1	U-01	viridula	N. viridula
A0A9P0H5A2	2	U-02	viridula	N. viridula
A0A9P0H5A4	1	U-01	viridula	N. viridula
A0A9P0H5A5	1	U-01	viridula	N. viridula
A0A9P0H5A6	1	U-01	viridula	N. viridula
A0A9P0H5A7	1	U-01	viridula	N. viridula
A0A9P0H5B1	1	U-01	viridula	N. viridula
A0A9P0H5B3	1	U-01	viridula	N. viridula
A0A9P0H5B4	1	U-01	viridula	N. viridula
A0A9P0H5B8	2	U-02	viridula	N. viridula
A0A9P0H5C0	1	U-01	viridula	N. viridula
A0A9P0H5C1	1	U-01	viridula	N. viridula
A0A9P0H5C2	3	U-03	viridula	N. viridula
A0A9P0H5C6	0	unassigned	viridula	N. viridula
A0A9P0H5C7	1	U-01	viridula	N. viridula
A0A9P0H5D0	1	U-01	viridula	N. viridula
A0A9P0H5D2	1	U-01	viridula	N. viridula
A0A9P0H5D3	1	U-01	viridula	N. viridula
A0A9P0H5D6	1	U-01	viridula	N. viridula
A0A9P0H5D7	3	U-03	viridula	N. viridula
A0A9P0H5D8	0	unassigned	viridula	N. viridula
A0A9P0H5D9	1	U-01	viridula	N. viridula
A0A9P0H5E0	2	U-02	viridula	N. viridula
A0A9P0H5E1	2	U-02	viridula	N. viridula
A0A9P0H5E2	1	U-01	viridula	N. viridula
A0A9P0H5E5	1	U-01	viridula	N. viridula
A0A9P0H5E9	1	U-01	viridula	N. viridula
A0A9P0H5F2	1	U-01	viridula	N. viridula
A0A9P0H5F3	1	U-01	viridula	N. viridula
A0A9P0H5F4	1	U-01	viridula	N. viridula
A0A9P0H5F5	2	U-02	viridula	N. viridula
A0A9P0H5F6	2	U-02	viridula	N. viridula
A0A9P0H5F8	1	U-01	viridula	N. viridula
A0A9P0H5G0	2	U-02	viridula	N. viridula
A0A9P0H5G5	2	U-02	viridula	N. viridula
A0A9P0H5G6	1	U-01	viridula	N. viridula
A0A9P0H5H0	2	U-02	viridula	N. viridula
A0A9P0H5H1	1	U-01	viridula	N. viridula
A0A9P0H5H3	2	U-02	viridula	N. viridula
A0A9P0H5H5	1	U-01	viridula	N. viridula
A0A9P0H5H7	2	U-02	viridula	N. viridula
A0A9P0H5H8	0	unassigned	viridula	N. viridula
A0A9P0H5H9	1	U-01	viridula	N. viridula
A0A9P0H5I0	1	U-01	viridula	N. viridula
A0A9P0H5I1	1	U-01	viridula	N. viridula
A0A9P0H5I5	1	U-01	viridula	N. viridula
A0A9P0H5I6	4	U-04	viridula	N. viridula
A0A9P0H5I7	1	U-01	viridula	N. viridula
A0A9P0H5I8	1	U-01	viridula	N. viridula
A0A9P0H5I9	1	U-01	viridula	N. viridula
A0A9P0H5J1	0	unassigned	viridula	N. viridula
A0A9P0H5J2	1	U-01	viridula	N. viridula
A0A9P0H5J6	1	U-01	viridula	N. viridula
A0A9P0H5J7	1	U-01	viridula	N. viridula
A0A9P0HQF2	1	U-01	viridula	N. viridula
A0A9P0HQF7	3	U-03	viridula	N. viridula
A0A9P0HQF8	1	U-01	viridula	N. viridula
A0A9P0HQG0	1	U-01	viridula	N. viridula
A0A9P0HQG1	1	U-01	viridula	N. viridula
A0A9P0HQG2	1	U-01	viridula	N. viridula
A0A9P0HQG3	0	unassigned	viridula	N. viridula
A0A9P0HQG4	2	U-02	viridula	N. viridula
A0A9P0HQG6	1	U-01	viridula	N. viridula
A0A9P0HQG8	1	U-01	viridula	N. viridula
A0A9P0HQH0	2	U-02	viridula	N. viridula
A0A9P0HQH2	1	U-01	viridula	N. viridula
A0A9P0HQH3	2	U-02	viridula	N. viridula
A0A9P0HQH4	1	U-01	viridula	N. viridula
A0A9P0HQH5	1	U-01	viridula	N. viridula
A0A9P0HQH7	1	U-01	viridula	N. viridula
A0A9P0HQH9	1	U-01	viridula	N. viridula
A0A9P0HQI0	2	U-02	viridula	N. viridula
A0A9P0HQI1	0	unassigned	viridula	N. viridula
A0A9P0HQI4	2	U-02	viridula	N. viridula
A0A9P0HQI7	1	U-01	viridula	N. viridula
A0A9P0HQI8	2	U-02	viridula	N. viridula
A0A9P0HQI9	0	unassigned	viridula	N. viridula
A0A9P0HQJ0	4	U-04	viridula	N. viridula
A0A9P0HQJ1	2	U-02	viridula	N. viridula
A0A9P0HQJ3	1	U-01	viridula	N. viridula
A0A9P0HQJ4	1	U-01	viridula	N. viridula
A0A9P0HQJ6	1	U-01	viridula	N. viridula
A0A9P0HQJ8	1	U-01	viridula	N. viridula
A0A9P0HQJ9	1	U-01	viridula	N. viridula
A0A9P0HQK2	2	U-02	viridula	N. viridula
A0A9P0HQK5	2	U-02	viridula	N. viridula
A0A9P0HQK6	2	U-02	viridula	N. viridula
A0A9P0HQK9	1	U-01	viridula	N. viridula
A0A9P0HQL0	2	U-02	viridula	N. viridula
A0A9P0HQL1	1	U-01	viridula	N. viridula
A0A9P0HQL2	1	U-01	viridula	N. viridula
A0A9P0HQL4	1	U-01	viridula	N. viridula
A0A9P0HQL5	1	U-01	viridula	N. viridula
A0A9P0HQL9	1	U-01	viridula	N. viridula
A0A9P0HQM0	2	U-02	viridula	N. viridula
A0A9P0HQM1	1	U-01	viridula	N. viridula
A0A9P0HQM2	1	U-01	viridula	N. viridula
A0A9P0HQM4	3	U-03	viridula	N. viridula
A0A9P0HQM5	1	U-01	viridula	N. viridula
A0A9P0HQM6	1	U-01	viridula	N. viridula
A0A9P0HQN0	1	U-01	viridula	N. viridula
A0A9P0HQN2	2	U-02	viridula	N. viridula
A0A9P0HQN3	1	U-01	viridula	N. viridula
A0A9P0HQN7	2	U-02	viridula	N. viridula
A0A9P0HQN9	3	U-03	viridula	N. viridula
A0A9P0HQP3	0	unassigned	viridula	N. viridula
A0A9P0HQP4	1	U-01	viridula	N. viridula
A0A9P0HQP5	1	U-01	viridula	N. viridula
A0A9P0HQP9	1	U-01	viridula	N. viridula
A0A9P0HQQ1	1	U-01	viridula	N. viridula
A0A9P0HQQ2	4	U-04	viridula	N. viridula
A0A9P0HQQ5	2	U-02	viridula	N. viridula
A0A9P0HQQ6	1	U-01	viridula	N. viridula
A0A9P0HQQ7	1	U-01	viridula	N. viridula
A0A9P0HQQ8	1	U-01	viridula	N. viridula
A0A9P0HQQ9	1	U-01	viridula	N. viridula
A0A9P0HQR0	1	U-01	viridula	N. viridula
A0A9P0HQR1	1	U-01	viridula	N. viridula
A0A9P0HQR2	1	U-01	viridula	N. viridula
A0A9P0HQR3	1	U-01	viridula	N. viridula
A0A9P0HQR4	1	U-01	viridula	N. viridula
A0A9P0HQR5	2	U-02	viridula	N. viridula
A0A9P0HQR6	1	U-01	viridula	N. viridula
A0A9P0HQR7	3	U-03	viridula	N. viridula
A0A9P0HQR8	1	U-01	viridula	N. viridula
A0A9P0HQR9	1	U-01	viridula	N. viridula
A0A9P0HQS0	2	U-02	viridula	N. viridula
A0A9P0HQS1	2	U-02	viridula	N. viridula
A0A9P0HQS3	1	U-01	viridula	N. viridula
A0A9P0HQS5	1	U-01	viridula	N. viridula
A0A9P0HQS6	1	U-01	viridula	N. viridula
A0A9P0HQS7	1	U-01	viridula	N. viridula
A0A9P0HQS9	3	U-03	viridula	N. viridula
A0A9P0HQT2	1	U-01	viridula	N. viridula
A0A9P0HQT3	1	U-01	viridula	N. viridula
A0A9P0HQT4	2	U-02	viridula	N. viridula
A0A9P0HQT5	3	U-03	viridula	N. viridula
A0A9P0HQT6	1	U-01	viridula	N. viridula
A0A9P0HQT7	4	U-04	viridula	N. viridula
A0A9P0HQT9	3	U-03	viridula	N. viridula
A0A9P0HQU0	2	U-02	viridula	N. viridula
A0A9P0HQU2	1	U-01	viridula	N. viridula
A0A9P0HQU3	4	U-04	viridula	N. viridula
A0A9P0HQU5	1	U-01	viridula	N. viridula
A0A9P0HQU6	1	U-01	viridula	N. viridula
A0A9P0HQU7	2	U-02	viridula	N. viridula
A0A9P0HQU8	1	U-01	viridula	N. viridula
A0A9P0HQV0	1	U-01	viridula	N. viridula
A0A9P0HQV1	2	U-02	viridula	N. viridula
A0A9P0HQV2	1	U-01	viridula	N. viridula
A0A9P0HQV3	2	U-02	viridula	N. viridula
A0A9P0HQV6	1	U-01	viridula	N. viridula
A0A9P0HQV7	2	U-02	viridula	N. viridula
A0A9P0HQV9	1	U-01	viridula	N. viridula
A0A9P0HD23	1	U-01	viridula	N. viridula
A0A9P0HD25	0	unassigned	viridula	N. viridula
A0A9P0HD27	0	unassigned	viridula	N. viridula
A0A9P0HD30	1	U-01	viridula	N. viridula
A0A9P0HD31	0	unassigned	viridula	N. viridula
A0A9P0HD38	1	U-01	viridula	N. viridula
A0A9P0HD42	3	U-03	viridula	N. viridula
A0A9P0HD46	1	U-01	viridula	N. viridula
A0A9P0HD47	1	U-01	viridula	N. viridula
A0A9P0HD53	4	U-04	viridula	N. viridula
A0A9P0HD57	1	U-01	viridula	N. viridula
A0A9P0HD58	3	U-03	viridula	N. viridula
A0A9P0HD66	1	U-01	viridula	N. viridula
A0A9P0HD67	1	U-01	viridula	N. viridula
A0A9P0HD68	4	U-04	viridula	N. viridula
A0A9P0HD69	1	U-01	viridula	N. viridula
A0A9P0HD74	4	U-04	viridula	N. viridula
A0A9P0HD75	3	U-03	viridula	N. viridula
A0A9P0HD80	0	unassigned	viridula	N. viridula
A0A9P0HD83	1	U-01	viridula	N. viridula
A0A9P0HD84	1	U-01	viridula	N. viridula
A0A9P0HD85	1	U-01	viridula	N. viridula
A0A9P0HD89	1	U-01	viridula	N. viridula
A0A9P0HD92	1	U-01	viridula	N. viridula
A0A9P0HD93	1	U-01	viridula	N. viridula
A0A9P0HD94	1	U-01	viridula	N. viridula
A0A9P0HD95	1	U-01	viridula	N. viridula
A0A9P0HD96	4	U-04	viridula	N. viridula
A0A9P0HD97	4	U-04	viridula	N. viridula
A0A9P0HDA1	4	U-04	viridula	N. viridula
A0A9P0HDB4	1	U-01	viridula	N. viridula
A0A9P0HDB8	1	U-01	viridula	N. viridula
A0A9P0HDB9	1	U-01	viridula	N. viridula
A0A9P0HDC6	1	U-01	viridula	N. viridula
A0A9P0HDC8	1	U-01	viridula	N. viridula
A0A9P0HDD3	3	U-03	viridula	N. viridula
A0A9P0HDD7	1	U-01	viridula	N. viridula
A0A9P0HDD8	1	U-01	viridula	N. viridula
A0A9P0HDD9	1	U-01	viridula	N. viridula
A0A9P0HDE0	1	U-01	viridula	N. viridula
A0A9P0HDE1	1	U-01	viridula	N. viridula
A0A9P0HDE4	1	U-01	viridula	N. viridula
A0A9P0HDE7	0	unassigned	viridula	N. viridula
A0A9P0HDE8	1	U-01	viridula	N. viridula
A0A9P0HDF0	1	U-01	viridula	N. viridula
A0A9P0HDF1	1	U-01	viridula	N. viridula
A0A9P0HDF4	3	U-03	viridula	N. viridula
A0A9P0HDG0	1	U-01	viridula	N. viridula
A0A9P0HDH0	1	U-01	viridula	N. viridula
A0A9P0HDH2	0	unassigned	viridula	N. viridula
A0A9P0HDH4	1	U-01	viridula	N. viridula
A0A9P0HDI2	1	U-01	viridula	N. viridula
A0A9P0HDI3	1	U-01	viridula	N. viridula
A0A9P0HDI7	1	U-01	viridula	N. viridula
A0A9P0HDI9	1	U-01	viridula	N. viridula
A0A9P0HDJ2	1	U-01	viridula	N. viridula
A0A9P0HDJ6	1	U-01	viridula	N. viridula
A0A9P0HDK7	0	unassigned	viridula	N. viridula
A0A9P0HDK8	1	U-01	viridula	N. viridula
A0A9P0HDK9	1	U-01	viridula	N. viridula
A0A9P0HDL0	4	U-04	viridula	N. viridula
A0A9P0HDL3	1	U-01	viridula	N. viridula
A0A9P0HDL8	1	U-01	viridula	N. viridula
A0A9P0HDM0	1	U-01	viridula	N. viridula
A0A9P0HDM3	1	U-01	viridula	N. viridula
A0A9P0HDM4	0	unassigned	viridula	N. viridula
A0A9P0HDM8	0	unassigned	viridula	N. viridula
A0A9P0HDN6	1	U-01	viridula	N. viridula
A0A9P0HDN7	1	U-01	viridula	N. viridula
A0A9P0HDP0	0	unassigned	viridula	N. viridula
A0A9P0HDP1	3	U-03	viridula	N. viridula
A0A9P0HDP2	0	unassigned	viridula	N. viridula
A0A9P0HDP7	1	U-01	viridula	N. viridula
A0A9P0HDQ2	1	U-01	viridula	N. viridula
A0A9P0HDQ3	1	U-01	viridula	N. viridula
A0A9P0HDQ4	0	unassigned	viridula	N. viridula
A0A9P0HDQ6	1	U-01	viridula	N. viridula
A0A9P0MW59	0	unassigned	viridula	N. viridula
A0A9P0MW61	3	U-03	viridula	N. viridula
A0A9P0MW62	2	U-02	viridula	N. viridula
A0A9P0MW63	1	U-01	viridula	N. viridula
A0A9P0MW67	4	U-04	viridula	N. viridula
A0A9P0MW69	1	U-01	viridula	N. viridula
A0A9P0MW72	2	U-02	viridula	N. viridula
A0A9P0MW73	2	U-02	viridula	N. viridula
A0A9P0MW76	1	U-01	viridula	N. viridula
A0A9P0MW77	1	U-01	viridula	N. viridula
A0A9P0MW78	2	U-02	viridula	N. viridula
A0A9P0MW81	2	U-02	viridula	N. viridula
A0A9P0MW82	2	U-02	viridula	N. viridula
A0A9P0MW83	2	U-02	viridula	N. viridula
A0A9P0MW84	2	U-02	viridula	N. viridula
A0A9P0MW86	2	U-02	viridula	N. viridula
A0A9P0MW87	2	U-02	viridula	N. viridula
A0A9P0MW89	1	U-01	viridula	N. viridula
A0A9P0MW91	0	unassigned	viridula	N. viridula
A0A9P0MW93	3	U-03	viridula	N. viridula
A0A9P0MW94	0	unassigned	viridula	N. viridula
A0A9P0MW95	0	unassigned	viridula	N. viridula
A0A9P0MW98	1	U-01	viridula	N. viridula
A0A9P0E7C3	1	U-01	viridula	N. viridula
A0A9P0E7D1	1	U-01	viridula	N. viridula
A0A9P0E7G8	1	U-01	viridula	N. viridula
A0A9P0E7M0	3	U-03	viridula	N. viridula
A0A9P0E7R4	1	U-01	viridula	N. viridula
A0A9P0E7U2	1	U-01	viridula	N. viridula
A0A9P0E7U8	1	U-01	viridula	N. viridula
A0A9P0E7V5	1	U-01	viridula	N. viridula
A0A9P0E7X0	4	U-04	viridula	N. viridula
A0A9P0E7Y6	1	U-01	viridula	N. viridula
A0A9P0E805	3	U-03	viridula	N. viridula
A0A9P0E838	1	U-01	viridula	N. viridula
A0A9P0E8D2	1	U-01	viridula	N. viridula
A0A9P0E8H9	4	U-04	viridula	N. viridula
A0A9P0E8I6	1	U-01	viridula	N. viridula
A0A9P0E8K3	1	U-01	viridula	N. viridula
A0A9P0E8L0	1	U-01	viridula	N. viridula
A0A9P0E8P8	1	U-01	viridula	N. viridula
A0A9P0E8S9	1	U-01	viridula	N. viridula
A0A9P0E963	1	U-01	viridula	N. viridula
A0A9P0E971	3	U-03	viridula	N. viridula
A0A9P0E9D3	1	U-01	viridula	N. viridula
A0A9P0E9D4	4	U-04	viridula	N. viridula
A0A9P0E9F5	1	U-01	viridula	N. viridula
A0A9P0E9G7	1	U-01	viridula	N. viridula
A0A9P0E9M8	1	U-01	viridula	N. viridula
A0A9P0E9Z6	1	U-01	viridula	N. viridula
A0A9P0E9Z9	1	U-01	viridula	N. viridula
A0A9P0EA52	4	U-04	viridula	N. viridula
A0A9P0EA86	1	U-01	viridula	N. viridula
A0A9P0EA87	1	U-01	viridula	N. viridula
A0A9P0EA90	1	U-01	viridula	N. viridula
A0A9P0EAD4	1	U-01	viridula	N. viridula
A0A9P0EAD6	1	U-01	viridula	N. viridula
A0A9P0EAG5	3	U-03	viridula	N. viridula
A0A9P0EAI3	1	U-01	viridula	N. viridula
A0A9P0EAI4	1	U-01	viridula	N. viridula
A0A9P0EAM9	1	U-01	viridula	N. viridula
A0A9P0EAQ2	1	U-01	viridula	N. viridula
A0A9P0EAS5	1	U-01	viridula	N. viridula
A0A9P0GXE3	1	U-01	viridula	N. viridula
A0A9P0GXE5	4	U-04	viridula	N. viridula
A0A9P0GXE8	2	U-02	viridula	N. viridula
A0A9P0GXF3	1	U-01	viridula	N. viridula
A0A9P0GXF6	1	U-01	viridula	N. viridula
A0A9P0GXG2	3	U-03	viridula	N. viridula
A0A9P0GXG6	0	unassigned	viridula	N. viridula
A0A9P0GXH1	2	U-02	viridula	N. viridula
A0A9P0GXI0	1	U-01	viridula	N. viridula
A0A9P0GXI2	0	unassigned	viridula	N. viridula
A0A9P0GXI6	2	U-02	viridula	N. viridula
A0A9P0GXI7	1	U-01	viridula	N. viridula
A0A9P0GXJ9	1	U-01	viridula	N. viridula
A0A9P0GXK4	2	U-02	viridula	N. viridula
A0A9P0GXK8	2	U-02	viridula	N. viridula
A0A9P0GXL3	1	U-01	viridula	N. viridula
A0A9P0GXL9	0	unassigned	viridula	N. viridula
A0A9P0GXM0	1	U-01	viridula	N. viridula
A0A9P0GXN9	0	unassigned	viridula	N. viridula
A0A9P0GXP3	1	U-01	viridula	N. viridula
A0A9P0GXP4	0	unassigned	viridula	N. viridula
A0A9P0GXP8	3	U-03	viridula	N. viridula
A0A9P0GXQ1	1	U-01	viridula	N. viridula
A0A9P0GXQ6	1	U-01	viridula	N. viridula
A0A9P0GXR1	1	U-01	viridula	N. viridula
A0A9P0GXR4	2	U-02	viridula	N. viridula
A0A9P0GXR6	1	U-01	viridula	N. viridula
A0A9P0GXR9	2	U-02	viridula	N. viridula
A0A9P0GXS1	1	U-01	viridula	N. viridula
A0A9P0GXS5	1	U-01	viridula	N. viridula
A0A9P0GXS9	1	U-01	viridula	N. viridula
A0A9P0GXT0	0	unassigned	viridula	N. viridula
A0A9P0GXT5	1	U-01	viridula	N. viridula
A0A9P0GXT9	1	U-01	viridula	N. viridula
A0A9P0GXU1	2	U-02	viridula	N. viridula
A0A9P0GXU8	2	U-02	viridula	N. viridula
A0A9P0GXV1	1	U-01	viridula	N. viridula
A0A9P0GXV3	2	U-02	viridula	N. viridula
A0A9P0GXV7	0	unassigned	viridula	N. viridula
A0A9P0GXV8	1	U-01	viridula	N. viridula
A0A9P0GXW0	1	U-01	viridula	N. viridula
A0A9P0GXW3	2	U-02	viridula	N. viridula
A0A9P0GXW8	1	U-01	viridula	N. viridula
A0A9P0GXX0	1	U-01	viridula	N. viridula
A0A9P0GXX8	1	U-01	viridula	N. viridula
A0A9P0GXX9	2	U-02	viridula	N. viridula
A0A9P0GXY4	2	U-02	viridula	N. viridula
A0A9P0GXY6	1	U-01	viridula	N. viridula
A0A9P0GXY9	1	U-01	viridula	N. viridula
A0A9P0GXZ1	1	U-01	viridula	N. viridula
A0A9P0GXZ6	1	U-01	viridula	N. viridula
A0A9P0GXZ7	1	U-01	viridula	N. viridula
A0A9P0GY01	1	U-01	viridula	N. viridula
A0A9P0GY02	3	U-03	viridula	N. viridula
A0A9P0GY06	1	U-01	viridula	N. viridula
A0A9P0GY07	2	U-02	viridula	N. viridula
A0A9P0GY10	1	U-01	viridula	N. viridula
A0A9P0GY14	1	U-01	viridula	N. viridula
A0A9P0GY19	3	U-03	viridula	N. viridula
A0A9P0GY23	1	U-01	viridula	N. viridula
A0A9P0H7Z4	1	U-01	viridula	N. viridula
A0A9P0H7Z7	2	U-02	viridula	N. viridula
A0A9P0H7Z8	0	unassigned	viridula	N. viridula
A0A9P0H7Z9	2	U-02	viridula	N. viridula
A0A9P0H800	2	U-02	viridula	N. viridula
A0A9P0H802	0	unassigned	viridula	N. viridula
A0A9P0H805	1	U-01	viridula	N. viridula
A0A9P0H808	1	U-01	viridula	N. viridula
A0A9P0H809	4	U-04	viridula	N. viridula
A0A9P0H810	1	U-01	viridula	N. viridula
A0A9P0H811	0	unassigned	viridula	N. viridula
A0A9P0H812	1	U-01	viridula	N. viridula
A0A9P0H813	1	U-01	viridula	N. viridula
A0A9P0H815	2	U-02	viridula	N. viridula
A0A9P0H817	1	U-01	viridula	N. viridula
A0A9P0H820	3	U-03	viridula	N. viridula
A0A9P0H822	0	unassigned	viridula	N. viridula
A0A9P0H824	1	U-01	viridula	N. viridula
A0A9P0H825	1	U-01	viridula	N. viridula
A0A9P0H826	2	U-02	viridula	N. viridula
A0A9P0H827	1	U-01	viridula	N. viridula
A0A9P0H828	1	U-01	viridula	N. viridula
A0A9P0H830	2	U-02	viridula	N. viridula
A0A9P0H831	1	U-01	viridula	N. viridula
A0A9P0H834	1	U-01	viridula	N. viridula
A0A9P0H836	3	U-03	viridula	N. viridula
A0A9P0H837	1	U-01	viridula	N. viridula
A0A9P0H838	1	U-01	viridula	N. viridula
A0A9P0H841	1	U-01	viridula	N. viridula
A0A9P0H843	2	U-02	viridula	N. viridula
A0A9P0H844	3	U-03	viridula	N. viridula
A0A9P0H845	1	U-01	viridula	N. viridula
A0A9P0H846	0	unassigned	viridula	N. viridula
A0A9P0H847	1	U-01	viridula	N. viridula
A0A9P0H849	1	U-01	viridula	N. viridula
A0A9P0H851	1	U-01	viridula	N. viridula
A0A9P0H852	1	U-01	viridula	N. viridula
A0A9P0H854	1	U-01	viridula	N. viridula
A0A9P0H855	1	U-01	viridula	N. viridula
A0A9P0H856	4	U-04	viridula	N. viridula
A0A9P0H857	1	U-01	viridula	N. viridula
A0A9P0H858	1	U-01	viridula	N. viridula
A0A9P0H859	0	unassigned	viridula	N. viridula
A0A9P0H860	1	U-01	viridula	N. viridula
A0A9P0H861	1	U-01	viridula	N. viridula
A0A9P0H863	1	U-01	viridula	N. viridula
A0A9P0H865	1	U-01	viridula	N. viridula
A0A9P0H866	1	U-01	viridula	N. viridula
A0A9P0H867	1	U-01	viridula	N. viridula
A0A9P0H868	1	U-01	viridula	N. viridula
A0A9P0H870	1	U-01	viridula	N. viridula
A0A9P0H871	1	U-01	viridula	N. viridula
A0A9P0H874	1	U-01	viridula	N. viridula
A0A9P0H875	3	U-03	viridula	N. viridula
A0A9P0H876	1	U-01	viridula	N. viridula
A0A9P0H877	2	U-02	viridula	N. viridula
A0A9P0H878	1	U-01	viridula	N. viridula
A0A9P0H879	1	U-01	viridula	N. viridula
A0A9P0H882	0	unassigned	viridula	N. viridula
A0A9P0H883	1	U-01	viridula	N. viridula
A0A9P0H884	1	U-01	viridula	N. viridula
A0A9P0H885	1	U-01	viridula	N. viridula
A0A9P0H887	3	U-03	viridula	N. viridula
A0A9P0H888	1	U-01	viridula	N. viridula
A0A9P0H890	3	U-03	viridula	N. viridula
A0A9P0H892	2	U-02	viridula	N. viridula
A0A9P0H894	1	U-01	viridula	N. viridula
A0A9P0H895	0	unassigned	viridula	N. viridula
A0A9P0H896	0	unassigned	viridula	N. viridula
A0A9P0H8A0	1	U-01	viridula	N. viridula
A0A9P0H8A2	3	U-03	viridula	N. viridula
A0A9P0H8A3	3	U-03	viridula	N. viridula
A0A9P0H8A7	1	U-01	viridula	N. viridula
A0A9P0H8A8	3	U-03	viridula	N. viridula
A0A9P0H8B3	1	U-01	viridula	N. viridula
A0A9P0H8B6	1	U-01	viridula	N. viridula
A0A9P0H8B7	1	U-01	viridula	N. viridula
A0A9P0H8B8	3	U-03	viridula	N. viridula
A0A9P0H8B9	1	U-01	viridula	N. viridula
A0A9P0H8C0	1	U-01	viridula	N. viridula
A0A9P0H8C1	1	U-01	viridula	N. viridula
A0A9P0H8C3	1	U-01	viridula	N. viridula
A0A9P0H8C4	1	U-01	viridula	N. viridula
A0A9P0H8C5	1	U-01	viridula	N. viridula
A0A9P0H8C7	1	U-01	viridula	N. viridula
A0A9P0H8C8	1	U-01	viridula	N. viridula
A0A9P0H8D0	1	U-01	viridula	N. viridula
A0A9P0H8D1	2	U-02	viridula	N. viridula
A0A9P0H8D2	4	U-04	viridula	N. viridula
A0A9P0H8D3	1	U-01	viridula	N. viridula
A0A9P0H8D4	3	U-03	viridula	N. viridula
A0A9P0H8D6	2	U-02	viridula	N. viridula
A0A9P0H8D7	2	U-02	viridula	N. viridula
A0A9P0H8E0	0	unassigned	viridula	N. viridula
A0A9P0H8E1	0	unassigned	viridula	N. viridula
A0A9P0H8E2	1	U-01	viridula	N. viridula
A0A9P0H8E3	1	U-01	viridula	N. viridula
A0A9P0H8E4	1	U-01	viridula	N. viridula
A0A9P0H8E5	1	U-01	viridula	N. viridula
A0A9P0H8E6	3	U-03	viridula	N. viridula
A0A9P0H8E7	2	U-02	viridula	N. viridula
A0A9P0H8E8	1	U-01	viridula	N. viridula
A0A9P0H8E9	1	U-01	viridula	N. viridula
A0A9P0H8F0	2	U-02	viridula	N. viridula
A0A9P0H8F1	0	unassigned	viridula	N. viridula
A0A9P0H8F2	1	U-01	viridula	N. viridula
A0A9P0H8F4	2	U-02	viridula	N. viridula
A0A9P0H8F5	2	U-02	viridula	N. viridula
A0A9P0H8F6	1	U-01	viridula	N. viridula
A0A9P0H8F9	1	U-01	viridula	N. viridula
A0A9P0H8G0	2	U-02	viridula	N. viridula
A0A9P0H8G1	0	unassigned	viridula	N. viridula
A0A9P0H8G3	4	U-04	viridula	N. viridula
A0A9P0H8G4	0	unassigned	viridula	N. viridula
A0A9P0H8G6	1	U-01	viridula	N. viridula
A0A9P0H8G7	1	U-01	viridula	N. viridula
A0A9P0H8H2	0	unassigned	viridula	N. viridula
A0A9P0H8H4	4	U-04	viridula	N. viridula
A0A9P0H8H6	0	unassigned	viridula	N. viridula
A0A9P0H8H8	0	unassigned	viridula	N. viridula
A0A9P0H8H9	1	U-01	viridula	N. viridula
A0A9P0H8I0	1	U-01	viridula	N. viridula
A0A9P0H8I1	1	U-01	viridula	N. viridula
A0A9P0H8I3	3	U-03	viridula	N. viridula
A0A9P0H8I9	1	U-01	viridula	N. viridula
A0A9P0H8J0	0	unassigned	viridula	N. viridula
A0A9P0H8J3	1	U-01	viridula	N. viridula
A0A9P0H8J5	2	U-02	viridula	N. viridula
A0A9P0H8J7	1	U-01	viridula	N. viridula
A0A9P0H8J8	2	U-02	viridula	N. viridula
A0A9P0H8K0	1	U-01	viridula	N. viridula
A0A9P0H8K2	2	U-02	viridula	N. viridula
A0A9P0H8K3	0	unassigned	viridula	N. viridula
A0A9P0H8K4	2	U-02	viridula	N. viridula
A0A9P0H8K5	1	U-01	viridula	N. viridula
A0A9P0H8K6	0	unassigned	viridula	N. viridula
A0A9P0H8K7	1	U-01	viridula	N. viridula
A0A9P0H8K9	0	unassigned	viridula	N. viridula
A0A9P0H8L0	4	U-04	viridula	N. viridula
A0A9P0H8L1	2	U-02	viridula	N. viridula
A0A9P0H8L2	3	U-03	viridula	N. viridula
A0A9P0H8L4	0	unassigned	viridula	N. viridula
A0A9P0H8L5	1	U-01	viridula	N. viridula
A0A9P0H8L7	1	U-01	viridula	N. viridula
A0A9P0H8L9	2	U-02	viridula	N. viridula
A0A9P0H8M0	1	U-01	viridula	N. viridula
A0A9P0H8M3	3	U-03	viridula	N. viridula
A0A9P0H8M4	2	U-02	viridula	N. viridula
A0A9P0H8M5	1	U-01	viridula	N. viridula
A0A9P0H8M6	1	U-01	viridula	N. viridula
A0A9P0H8M7	2	U-02	viridula	N. viridula
A0A9P0H8M8	0	unassigned	viridula	N. viridula
A0A9P0H8M9	1	U-01	viridula	N. viridula
A0A9P0H8N0	1	U-01	viridula	N. viridula
A0A9P0H8N1	1	U-01	viridula	N. viridula
A0A9P0H8N3	1	U-01	viridula	N. viridula
A0A9P0H8N4	2	U-02	viridula	N. viridula
A0A9P0H8N5	0	unassigned	viridula	N. viridula
A0A9P0H8N6	1	U-01	viridula	N. viridula
A0A9P0H8N7	0	unassigned	viridula	N. viridula
A0A9P0H8N9	2	U-02	viridula	N. viridula
A0A9P0H8P1	0	unassigned	viridula	N. viridula
A0A9P0H8P4	1	U-01	viridula	N. viridula
A0A9P0H8P5	1	U-01	viridula	N. viridula
A0A9P0H8P6	1	U-01	viridula	N. viridula
A0A9P0H8P7	3	U-03	viridula	N. viridula
A0A9P0H8P8	0	unassigned	viridula	N. viridula
A0A9P0H8Q0	2	U-02	viridula	N. viridula
A0A9P0H8Q1	0	unassigned	viridula	N. viridula
A0A9P0H8Q5	1	U-01	viridula	N. viridula
A0A9P0H8Q7	0	unassigned	viridula	N. viridula
A0A9P0H8Q8	1	U-01	viridula	N. viridula
A0A9P0H8R0	2	U-02	viridula	N. viridula
A0A9P0H8R1	2	U-02	viridula	N. viridula
A0A9P0H8R3	0	unassigned	viridula	N. viridula
A0A9P0H8R4	1	U-01	viridula	N. viridula
A0A9P0H8R5	0	unassigned	viridula	N. viridula
A0A9P0H8R6	4	U-04	viridula	N. viridula
A0A9P0H8R8	2	U-02	viridula	N. viridula
A0A9P0H8R9	1	U-01	viridula	N. viridula
A0A9P0H8S0	2	U-02	viridula	N. viridula
A0A9P0H8S2	1	U-01	viridula	N. viridula
A0A9P0H8S3	1	U-01	viridula	N. viridula
A0A9P0H8S4	0	unassigned	viridula	N. viridula
A0A9P0H8S5	2	U-02	viridula	N. viridula
A0A9P0H8S6	1	U-01	viridula	N. viridula
A0A9P0H8S9	0	unassigned	viridula	N. viridula
A0A9P0H8T0	3	U-03	viridula	N. viridula
A0A9P0H8T1	0	unassigned	viridula	N. viridula
A0A9P0H8T4	2	U-02	viridula	N. viridula
A0A9P0H8T6	0	unassigned	viridula	N. viridula
A0A9P0H8T9	1	U-01	viridula	N. viridula
A0A9P0H8U0	1	U-01	viridula	N. viridula
A0A9P0H8U2	1	U-01	viridula	N. viridula
A0A9P0H8U3	0	unassigned	viridula	N. viridula
A0A9P0H8U4	1	U-01	viridula	N. viridula
A0A9P0H8U5	0	unassigned	viridula	N. viridula
A0A9P0H8U8	0	unassigned	viridula	N. viridula
A0A9P0H8V0	2	U-02	viridula	N. viridula
A0A9P0HT00	1	U-01	viridula	N. viridula
A0A9P0HT02	3	U-03	viridula	N. viridula
A0A9P0HT03	2	U-02	viridula	N. viridula
A0A9P0HT04	1	U-01	viridula	N. viridula
A0A9P0HT07	1	U-01	viridula	N. viridula
A0A9P0HT10	1	U-01	viridula	N. viridula
A0A9P0HT11	1	U-01	viridula	N. viridula
A0A9P0HT14	2	U-02	viridula	N. viridula
A0A9P0HT16	2	U-02	viridula	N. viridula
A0A9P0HT17	2	U-02	viridula	N. viridula
A0A9P0HT19	1	U-01	viridula	N. viridula
A0A9P0HT20	3	U-03	viridula	N. viridula
A0A9P0HT23	3	U-03	viridula	N. viridula
A0A9P0HT24	1	U-01	viridula	N. viridula
A0A9P0HT26	1	U-01	viridula	N. viridula
A0A9P0HT28	0	unassigned	viridula	N. viridula
A0A9P0HT29	2	U-02	viridula	N. viridula
A0A9P0HT31	2	U-02	viridula	N. viridula
A0A9P0HT33	1	U-01	viridula	N. viridula
A0A9P0HT34	2	U-02	viridula	N. viridula
A0A9P0HT35	1	U-01	viridula	N. viridula
A0A9P0HT39	1	U-01	viridula	N. viridula
A0A9P0HT40	1	U-01	viridula	N. viridula
A0A9P0HT42	2	U-02	viridula	N. viridula
A0A9P0HT43	1	U-01	viridula	N. viridula
A0A9P0HT44	3	U-03	viridula	N. viridula
A0A9P0HT47	0	unassigned	viridula	N. viridula
A0A9P0HT48	1	U-01	viridula	N. viridula
A0A9P0HT49	1	U-01	viridula	N. viridula
A0A9P0HT50	2	U-02	viridula	N. viridula
A0A9P0HT52	3	U-03	viridula	N. viridula
A0A9P0HT53	1	U-01	viridula	N. viridula
A0A9P0HT54	0	unassigned	viridula	N. viridula
A0A9P0HT55	2	U-02	viridula	N. viridula
A0A9P0HT58	0	unassigned	viridula	N. viridula
A0A9P0HT60	2	U-02	viridula	N. viridula
A0A9P0HT64	1	U-01	viridula	N. viridula
A0A9P0HT66	0	unassigned	viridula	N. viridula
A0A9P0HT69	2	U-02	viridula	N. viridula
A0A9P0HT71	0	unassigned	viridula	N. viridula
A0A9P0HT72	2	U-02	viridula	N. viridula
A0A9P0HT73	1	U-01	viridula	N. viridula
A0A9P0HT75	2	U-02	viridula	N. viridula
A0A9P0HT76	4	U-04	viridula	N. viridula
A0A9P0HT77	1	U-01	viridula	N. viridula
A0A9P0HT78	1	U-01	viridula	N. viridula
A0A9P0HT81	4	U-04	viridula	N. viridula
A0A9P0HT83	3	U-03	viridula	N. viridula
A0A9P0HT85	1	U-01	viridula	N. viridula
A0A9P0HT86	0	unassigned	viridula	N. viridula
A0A9P0HT89	0	unassigned	viridula	N. viridula
A0A9P0HT92	2	U-02	viridula	N. viridula
A0A9P0HT94	2	U-02	viridula	N. viridula
A0A9P0HT95	1	U-01	viridula	N. viridula
A0A9P0HT97	2	U-02	viridula	N. viridula
A0A9P0HT98	3	U-03	viridula	N. viridula
A0A9P0HTA2	1	U-01	viridula	N. viridula
A0A9P0HTA4	1	U-01	viridula	N. viridula
A0A9P0HTA5	2	U-02	viridula	N. viridula
A0A9P0HTA7	3	U-03	viridula	N. viridula
A0A9P0HTA8	1	U-01	viridula	N. viridula
A0A9P0HTA9	3	U-03	viridula	N. viridula
A0A9P0HTB4	2	U-02	viridula	N. viridula
A0A9P0HTB6	3	U-03	viridula	N. viridula
A0A9P0HTB7	1	U-01	viridula	N. viridula
A0A9P0HTB8	2	U-02	viridula	N. viridula
A0A9P0HTB9	1	U-01	viridula	N. viridula
A0A9P0HTC0	1	U-01	viridula	N. viridula
A0A9P0HTC3	2	U-02	viridula	N. viridula
A0A9P0HTC5	1	U-01	viridula	N. viridula
A0A9P0HTC6	2	U-02	viridula	N. viridula
A0A9P0HTC7	0	unassigned	viridula	N. viridula
A0A9P0HTC9	3	U-03	viridula	N. viridula
A0A9P0HTD1	1	U-01	viridula	N. viridula
A0A9P0HTD6	2	U-02	viridula	N. viridula
A0A9P0HTD9	0	unassigned	viridula	N. viridula
A0A9P0HTE0	2	U-02	viridula	N. viridula
A0A9P0HTE1	0	unassigned	viridula	N. viridula
A0A9P0HTE7	2	U-02	viridula	N. viridula
A0A9P0HTE9	1	U-01	viridula	N. viridula
A0A9P0HTF3	2	U-02	viridula	N. viridula
A0A9P0HTF6	2	U-02	viridula	N. viridula
A0A9P0HTF7	1	U-01	viridula	N. viridula
A0A9P0HTF8	0	unassigned	viridula	N. viridula
A0A9P0HTF9	2	U-02	viridula	N. viridula
A0A9P0HTG0	1	U-01	viridula	N. viridula
A0A9P0HTG2	2	U-02	viridula	N. viridula
A0A9P0HTG3	1	U-01	viridula	N. viridula
A0A9P0HTG5	4	U-04	viridula	N. viridula
A0A9P0HTG7	1	U-01	viridula	N. viridula
A0A9P0HTG8	1	U-01	viridula	N. viridula
A0A9P0HTH1	2	U-02	viridula	N. viridula
A0A9P0HTH3	2	U-02	viridula	N. viridula
A0A9P0HTH6	3	U-03	viridula	N. viridula
A0A9P0HTH8	1	U-01	viridula	N. viridula
A0A9P0HTH9	1	U-01	viridula	N. viridula
A0A9P0HTI2	2	U-02	viridula	N. viridula
A0A9P0HTI3	3	U-03	viridula	N. viridula
A0A9P0HTI4	1	U-01	viridula	N. viridula
A0A9P0HTI5	2	U-02	viridula	N. viridula
A0A9P0HTI6	2	U-02	viridula	N. viridula
A0A9P0HLT3	3	U-03	viridula	N. viridula
A0A9P0HLT4	1	U-01	viridula	N. viridula
A0A9P0HLT6	0	unassigned	viridula	N. viridula
A0A9P0HLU1	1	U-01	viridula	N. viridula
A0A9P0HLU3	4	U-04	viridula	N. viridula
A0A9P0HLU7	1	U-01	viridula	N. viridula
A0A9P0HLU8	1	U-01	viridula	N. viridula
A0A9P0HLV0	4	U-04	viridula	N. viridula
A0A9P0HLV1	1	U-01	viridula	N. viridula
A0A9P0HLV5	1	U-01	viridula	N. viridula
A0A9P0HLV7	1	U-01	viridula	N. viridula
A0A9P0HLV9	1	U-01	viridula	N. viridula
A0A9P0HLW5	3	U-03	viridula	N. viridula
A0A9P0HLX0	1	U-01	viridula	N. viridula
A0A9P0HLX4	1	U-01	viridula	N. viridula
A0A9P0HLX6	3	U-03	viridula	N. viridula
A0A9P0HLY0	4	U-04	viridula	N. viridula
A0A9P0HLY3	1	U-01	viridula	N. viridula
A0A9P0HLY5	1	U-01	viridula	N. viridula
A0A9P0HLZ4	1	U-01	viridula	N. viridula
A0A9P0HLZ5	4	U-04	viridula	N. viridula
A0A9P0MNY7	1	U-01	viridula	N. viridula
A0A9P0MNY8	1	U-01	viridula	N. viridula
A0A9P0MNZ1	1	U-01	viridula	N. viridula
A0A9P0MNZ2	4	U-04	viridula	N. viridula
A0A9P0MNZ4	1	U-01	viridula	N. viridula
A0A9P0MP04	1	U-01	viridula	N. viridula
A0A9P0MP06	0	unassigned	viridula	N. viridula
A0A9P0MP10	1	U-01	viridula	N. viridula
A0A9P0MP14	1	U-01	viridula	N. viridula
A0A9P0MP19	1	U-01	viridula	N. viridula
A0A9P0MP24	1	U-01	viridula	N. viridula
A0A9P0MP26	1	U-01	viridula	N. viridula
A0A9P0MP27	1	U-01	viridula	N. viridula
A0A9P0MP34	1	U-01	viridula	N. viridula
A0A9P0MP44	1	U-01	viridula	N. viridula
A0A9P0MP47	1	U-01	viridula	N. viridula
A0A9P0MP48	1	U-01	viridula	N. viridula
A0A9P0MP49	1	U-01	viridula	N. viridula
A0A9P0MP51	1	U-01	viridula	N. viridula
A0A9P0MP52	1	U-01	viridula	N. viridula
A0A9P0MP54	1	U-01	viridula	N. viridula
A0A9P0MP61	1	U-01	viridula	N. viridula
A0A9P0MP62	4	U-04	viridula	N. viridula
A0A9P0MP65	1	U-01	viridula	N. viridula
A0A9P0MP66	4	U-04	viridula	N. viridula
A0A9P0MP71	0	unassigned	viridula	N. viridula
A0A9P0MP73	1	U-01	viridula	N. viridula
A0A9P0MP75	1	U-01	viridula	N. viridula
A0A9P0MP76	3	U-03	viridula	N. viridula
A0A9P0MP77	1	U-01	viridula	N. viridula
A0A9P0MP78	1	U-01	viridula	N. viridula
A0A9P0MP89	3	U-03	viridula	N. viridula
A0A9P0MP91	1	U-01	viridula	N. viridula
A0A9P0MP96	1	U-01	viridula	N. viridula
A0A9P0MP98	0	unassigned	viridula	N. viridula
A0A9P0MPA2	0	unassigned	viridula	N. viridula
A0A9P0MPA4	1	U-01	viridula	N. viridula
A0A9P0MPA6	1	U-01	viridula	N. viridula
A0A9P0MPB5	4	U-04	viridula	N. viridula
A0A9P0MPB8	0	unassigned	viridula	N. viridula
A0A9P0MPC1	1	U-01	viridula	N. viridula
A0A9P0MPC2	4	U-04	viridula	N. viridula
A0A9P0MPC6	0	unassigned	viridula	N. viridula
A0A9P0MPC7	0	unassigned	viridula	N. viridula
A0A9P0MPC9	1	U-01	viridula	N. viridula
A0A9P0MPD1	1	U-01	viridula	N. viridula
A0A9P0MPD4	0	unassigned	viridula	N. viridula
A0A9P0MPD5	1	U-01	viridula	N. viridula
A0A9P0MPD6	4	U-04	viridula	N. viridula
A0A9P0MPD8	1	U-01	viridula	N. viridula
A0A9P0MPE4	1	U-01	viridula	N. viridula
A0A9P0MPE5	1	U-01	viridula	N. viridula
A0A9P0MPE8	1	U-01	viridula	N. viridula
A0A9P0MPF0	1	U-01	viridula	N. viridula
A0A9P0MPF2	4	U-04	viridula	N. viridula
A0A9P0MPF3	1	U-01	viridula	N. viridula
A0A9P0MPF5	1	U-01	viridula	N. viridula
A0A9P0MPF8	0	unassigned	viridula	N. viridula
A0A9P0MPG2	1	U-01	viridula	N. viridula
A0A9P0MPG5	3	U-03	viridula	N. viridula
A0A9P0MPG7	1	U-01	viridula	N. viridula
A0A9P0MPG8	1	U-01	viridula	N. viridula
A0A9P0MPG9	1	U-01	viridula	N. viridula
A0A9P0MPH1	1	U-01	viridula	N. viridula
A0A9P0MPH4	2	U-02	viridula	N. viridula
A0A9P0MPH6	1	U-01	viridula	N. viridula
A0A9P0MPI1	1	U-01	viridula	N. viridula
A0A9P0MPI6	0	unassigned	viridula	N. viridula
A0A9P0MPJ0	0	unassigned	viridula	N. viridula
A0A9P0MPJ3	4	U-04	viridula	N. viridula
A0A9P0MPJ5	0	unassigned	viridula	N. viridula
A0A9P0MPK3	0	unassigned	viridula	N. viridula
A0A9P0MPL1	3	U-03	viridula	N. viridula
A0A9P0MPL4	1	U-01	viridula	N. viridula
A0A9P0MPM3	3	U-03	viridula	N. viridula
A0A9P0MPM4	3	U-03	viridula	N. viridula
A0A9P0MPM7	4	U-04	viridula	N. viridula
A0A9P0MPM9	1	U-01	viridula	N. viridula
A0A9P0MPN1	4	U-04	viridula	N. viridula
A0A9P0MPN4	1	U-01	viridula	N. viridula
A0A9P0MPN8	1	U-01	viridula	N. viridula
A0A9P0MPN9	1	U-01	viridula	N. viridula
A0A9P0MPP5	1	U-01	viridula	N. viridula
A0A9P0MPP7	0	unassigned	viridula	N. viridula
A0A9P0MPP8	1	U-01	viridula	N. viridula
A0A9P0MPQ0	3	U-03	viridula	N. viridula
A0A9P0MPQ1	3	U-03	viridula	N. viridula
A0A9P0MPQ5	3	U-03	viridula	N. viridula
A0A9P0MPQ6	0	unassigned	viridula	N. viridula
A0A9P0MPQ7	1	U-01	viridula	N. viridula
A0A9P0MPQ8	1	U-01	viridula	N. viridula
A0A9P0MPQ9	0	unassigned	viridula	N. viridula
A0A9P0MPR4	1	U-01	viridula	N. viridula
A0A9P0MPR7	1	U-01	viridula	N. viridula
A0A9P0MPS1	0	unassigned	viridula	N. viridula
A0A9P0MPS2	1	U-01	viridula	N. viridula
A0A9P0MPS5	1	U-01	viridula	N. viridula
A0A9P0MPS8	1	U-01	viridula	N. viridula
A0A9P0MPT4	3	U-03	viridula	N. viridula
A0A9P0MXF1	1	U-01	viridula	N. viridula
A0A9P0MXF5	1	U-01	viridula	N. viridula
A0A9P0MXF8	4	U-04	viridula	N. viridula
A0A9P0MXG0	4	U-04	viridula	N. viridula
A0A9P0MXG1	1	U-01	viridula	N. viridula
A0A9P0MXG7	1	U-01	viridula	N. viridula
A0A9P0MXH3	1	U-01	viridula	N. viridula
A0A9P0MXJ0	3	U-03	viridula	N. viridula
A0A9P0MXJ2	1	U-01	viridula	N. viridula
A0A9P0MXJ4	3	U-03	viridula	N. viridula
A0A9P0MXK6	3	U-03	viridula	N. viridula
A0A9P0MXK7	1	U-01	viridula	N. viridula
A0A9P0MXL5	1	U-01	viridula	N. viridula
A0A9P0MXL6	1	U-01	viridula	N. viridula
A0A9P0MXM6	1	U-01	viridula	N. viridula
A0A9P0MXM7	4	U-04	viridula	N. viridula
A0A9P0MXN8	1	U-01	viridula	N. viridula
A0A9P0MXN9	4	U-04	viridula	N. viridula
A0A9P0MXP6	1	U-01	viridula	N. viridula
A0A9P0MXP9	1	U-01	viridula	N. viridula
A0A9P0MXQ3	1	U-01	viridula	N. viridula
A0A9P0MXQ4	1	U-01	viridula	N. viridula
A0A9P0MXQ9	3	U-03	viridula	N. viridula
A0A9P0MXR9	3	U-03	viridula	N. viridula
A0A9P0MXS2	1	U-01	viridula	N. viridula
A0A9P0MXT8	4	U-04	viridula	N. viridula
A0A9P0MXU3	1	U-01	viridula	N. viridula
A0A9P0MXU6	1	U-01	viridula	N. viridula
A0A9P0MXV4	1	U-01	viridula	N. viridula
A0A9P0MXV9	1	U-01	viridula	N. viridula
A0A9P0MXW1	1	U-01	viridula	N. viridula
A0A9P0MXW9	0	unassigned	viridula	N. viridula
A0A9P0MXX9	1	U-01	viridula	N. viridula
A0A9P0MXY5	3	U-03	viridula	N. viridula
A0A9P0MXZ9	3	U-03	viridula	N. viridula
A0A9P0MY02	3	U-03	viridula	N. viridula
A0A9P0MY04	4	U-04	viridula	N. viridula
A0A9P0MY05	1	U-01	viridula	N. viridula
A0A9P0MY07	1	U-01	viridula	N. viridula
A0A9P0MY10	3	U-03	viridula	N. viridula
A0A9P0MY15	1	U-01	viridula	N. viridula
A0A9P0MY40	1	U-01	viridula	N. viridula
A0A9P0MY68	1	U-01	viridula	N. viridula
A0A9P0MY69	1	U-01	viridula	N. viridula
A0A9P0MY85	1	U-01	viridula	N. viridula
A0A9P0MY90	3	U-03	viridula	N. viridula
A0A9P0MY96	1	U-01	viridula	N. viridula
A0A9P0MYA0	1	U-01	viridula	N. viridula
A0A9P0MYA5	3	U-03	viridula	N. viridula
A0A9P0MYB3	4	U-04	viridula	N. viridula
A0A9P0MYB8	4	U-04	viridula	N. viridula
A0A9P0MYC3	3	U-03	viridula	N. viridula
A0A9P0MYC9	1	U-01	viridula	N. viridula
A0A9P0MYE1	1	U-01	viridula	N. viridula
A0A9P0MYF2	3	U-03	viridula	N. viridula
A0A9P0MYI8	4	U-04	viridula	N. viridula
A0A9P0MYJ9	1	U-01	viridula	N. viridula
A0A9P0MYK4	3	U-03	viridula	N. viridula
A0A9P0MYM0	3	U-03	viridula	N. viridula
A0A9P0MYM9	3	U-03	viridula	N. viridula
A0A9P0MYN9	1	U-01	viridula	N. viridula
A0A9P0MYQ4	1	U-01	viridula	N. viridula
A0A9P0MYQ9	1	U-01	viridula	N. viridula
A0A9P0MYT1	1	U-01	viridula	N. viridula
A0A9P0MYT6	3	U-03	viridula	N. viridula
A0A9P0MYW5	3	U-03	viridula	N. viridula
A0A9P0MYX7	3	U-03	viridula	N. viridula
A0A9P0MYY8	1	U-01	viridula	N. viridula
A0A9P0MZ08	3	U-03	viridula	N. viridula
A0A9P0MZ82	0	unassigned	viridula	N. viridula
A0A9P0MZ86	0	unassigned	viridula	N. viridula
A0A9P0MZA0	1	U-01	viridula	N. viridula
A0A9P0MZA4	0	unassigned	viridula	N. viridula
A0A9P0MZB7	1	U-01	viridula	N. viridula
A0A9P0MZC2	1	U-01	viridula	N. viridula
A0A9P0MZF7	1	U-01	viridula	N. viridula
A0A9P0MZG7	4	U-04	viridula	N. viridula
A0A9P0MZI2	1	U-01	viridula	N. viridula
A0A9P0MZI7	0	unassigned	viridula	N. viridula
A0A9P0MZK7	1	U-01	viridula	N. viridula
A0A9P0MZL3	1	U-01	viridula	N. viridula
A0A9P0MZN6	4	U-04	viridula	N. viridula
A0A9P0MZP1	1	U-01	viridula	N. viridula
A0A9P0DUY2	1	U-01	viridula	N. viridula
A0A9P0DV05	4	U-04	viridula	N. viridula
A0A9P0DV35	2	U-02	viridula	N. viridula
A0A9P0DV45	2	U-02	viridula	N. viridula
A0A9P0DV75	1	U-01	viridula	N. viridula
A0A9P0DV95	0	unassigned	viridula	N. viridula
A0A9P0DVB2	1	U-01	viridula	N. viridula
A0A9P0DVD5	3	U-03	viridula	N. viridula
A0A9P0DVE4	1	U-01	viridula	N. viridula
A0A9P0DVF3	1	U-01	viridula	N. viridula
A0A9P0DVI5	4	U-04	viridula	N. viridula
A0A9P0DVJ5	2	U-02	viridula	N. viridula
A0A9P0DVK3	1	U-01	viridula	N. viridula
A0A9P0DVP6	1	U-01	viridula	N. viridula
A0A9P0DVS1	1	U-01	viridula	N. viridula
A0A9P0H8V1	4	U-04	viridula	N. viridula
A0A9P0H8V2	2	U-02	viridula	N. viridula
A0A9P0H8V3	1	U-01	viridula	N. viridula
A0A9P0H8V4	4	U-04	viridula	N. viridula
A0A9P0H8V5	0	unassigned	viridula	N. viridula
A0A9P0H8V6	2	U-02	viridula	N. viridula
A0A9P0H8V8	3	U-03	viridula	N. viridula
A0A9P0H8W0	1	U-01	viridula	N. viridula
A0A9P0H8W1	1	U-01	viridula	N. viridula
A0A9P0H8W2	1	U-01	viridula	N. viridula
A0A9P0H8W4	2	U-02	viridula	N. viridula
A0A9P0H8W5	1	U-01	viridula	N. viridula
A0A9P0H8W7	2	U-02	viridula	N. viridula
A0A9P0H8W8	1	U-01	viridula	N. viridula
A0A9P0H8W9	2	U-02	viridula	N. viridula
A0A9P0H8X0	1	U-01	viridula	N. viridula
A0A9P0H8X5	1	U-01	viridula	N. viridula
A0A9P0H8X6	1	U-01	viridula	N. viridula
A0A9P0H8X7	4	U-04	viridula	N. viridula
A0A9P0H8X8	1	U-01	viridula	N. viridula
A0A9P0H8X9	1	U-01	viridula	N. viridula
A0A9P0H8Y0	3	U-03	viridula	N. viridula
A0A9P0H8Y1	0	unassigned	viridula	N. viridula
A0A9P0H8Y2	1	U-01	viridula	N. viridula
A0A9P0H8Y3	1	U-01	viridula	N. viridula
A0A9P0H8Y4	0	unassigned	viridula	N. viridula
A0A9P0H8Y5	1	U-01	viridula	N. viridula
A0A9P0H8Y6	1	U-01	viridula	N. viridula
A0A9P0H8Y8	1	U-01	viridula	N. viridula
A0A9P0H8Z2	1	U-01	viridula	N. viridula
A0A9P0H8Z4	1	U-01	viridula	N. viridula
A0A9P0H8Z8	0	unassigned	viridula	N. viridula
A0A9P0H8Z9	3	U-03	viridula	N. viridula
A0A9P0H901	2	U-02	viridula	N. viridula
A0A9P0H902	1	U-01	viridula	N. viridula
A0A9P0H903	1	U-01	viridula	N. viridula
A0A9P0H904	0	unassigned	viridula	N. viridula
A0A9P0H906	1	U-01	viridula	N. viridula
A0A9P0H907	1	U-01	viridula	N. viridula
A0A9P0H908	1	U-01	viridula	N. viridula
A0A9P0H909	2	U-02	viridula	N. viridula
A0A9P0H910	2	U-02	viridula	N. viridula
A0A9P0H911	1	U-01	viridula	N. viridula
A0A9P0H912	0	unassigned	viridula	N. viridula
A0A9P0H913	1	U-01	viridula	N. viridula
A0A9P0H914	1	U-01	viridula	N. viridula
A0A9P0H915	1	U-01	viridula	N. viridula
A0A9P0H916	1	U-01	viridula	N. viridula
A0A9P0H917	1	U-01	viridula	N. viridula
A0A9P0H918	0	unassigned	viridula	N. viridula
A0A9P0H919	0	unassigned	viridula	N. viridula
A0A9P0H920	2	U-02	viridula	N. viridula
A0A9P0H921	1	U-01	viridula	N. viridula
A0A9P0H922	1	U-01	viridula	N. viridula
A0A9P0H923	1	U-01	viridula	N. viridula
A0A9P0H927	1	U-01	viridula	N. viridula
A0A9P0H930	1	U-01	viridula	N. viridula
A0A9P0H931	2	U-02	viridula	N. viridula
A0A9P0H934	1	U-01	viridula	N. viridula
A0A9P0H935	0	unassigned	viridula	N. viridula
A0A9P0H936	3	U-03	viridula	N. viridula
A0A9P0H937	1	U-01	viridula	N. viridula
A0A9P0H938	0	unassigned	viridula	N. viridula
A0A9P0H940	1	U-01	viridula	N. viridula
A0A9P0H942	0	unassigned	viridula	N. viridula
A0A9P0H943	1	U-01	viridula	N. viridula
A0A9P0H945	2	U-02	viridula	N. viridula
A0A9P0H946	1	U-01	viridula	N. viridula
A0A9P0H947	1	U-01	viridula	N. viridula
A0A9P0H953	1	U-01	viridula	N. viridula
A0A9P0H955	1	U-01	viridula	N. viridula
A0A9P0H956	2	U-02	viridula	N. viridula
A0A9P0H958	1	U-01	viridula	N. viridula
A0A9P0H959	2	U-02	viridula	N. viridula
A0A9P0H960	0	unassigned	viridula	N. viridula
A0A9P0H963	0	unassigned	viridula	N. viridula
A0A9P0H964	0	unassigned	viridula	N. viridula
A0A9P0H967	0	unassigned	viridula	N. viridula
A0A9P0H968	2	U-02	viridula	N. viridula
A0A9P0H970	2	U-02	viridula	N. viridula
A0A9P0H971	0	unassigned	viridula	N. viridula
A0A9P0H972	1	U-01	viridula	N. viridula
A0A9P0MMQ4	2	U-02	viridula	N. viridula
A0A9P0MMQ7	1	U-01	viridula	N. viridula
A0A9P0MMQ9	1	U-01	viridula	N. viridula
A0A9P0MMR4	2	U-02	viridula	N. viridula
A0A9P0MMR6	0	unassigned	viridula	N. viridula
A0A9P0MMR7	2	U-02	viridula	N. viridula
A0A9P0MMS5	2	U-02	viridula	N. viridula
A0A9P0MMS8	1	U-01	viridula	N. viridula
A0A9P0MMS9	0	unassigned	viridula	N. viridula
A0A9P0MMT0	1	U-01	viridula	N. viridula
A0A9P0MMT5	1	U-01	viridula	N. viridula
A0A9P0MMT8	1	U-01	viridula	N. viridula
A0A9P0MMU3	2	U-02	viridula	N. viridula
A0A9P0MMU6	0	unassigned	viridula	N. viridula
A0A9P0MMU8	1	U-01	viridula	N. viridula
A0A9P0MMV0	4	U-04	viridula	N. viridula
A0A9P0MMV3	4	U-04	viridula	N. viridula
A0A9P0MMV4	4	U-04	viridula	N. viridula
A0A9P0MMV5	1	U-01	viridula	N. viridula
A0A9P0MMV6	1	U-01	viridula	N. viridula
A0A9P0MMV8	1	U-01	viridula	N. viridula
A0A9P0MMW1	2	U-02	viridula	N. viridula
A0A9P0MMW2	3	U-03	viridula	N. viridula
A0A9P0MMW5	1	U-01	viridula	N. viridula
A0A9P0MMW8	4	U-04	viridula	N. viridula
A0A9P0MMX4	1	U-01	viridula	N. viridula
A0A9P0MMX9	0	unassigned	viridula	N. viridula
A0A9P0MMY0	2	U-02	viridula	N. viridula
A0A9P0MMY4	2	U-02	viridula	N. viridula
A0A9P0MMY7	0	unassigned	viridula	N. viridula
A0A9P0MMY8	3	U-03	viridula	N. viridula
A0A9P0MMZ0	2	U-02	viridula	N. viridula
A0A9P0MMZ4	2	U-02	viridula	N. viridula
A0A9P0MMZ5	4	U-04	viridula	N. viridula
A0A9P0MMZ7	1	U-01	viridula	N. viridula
A0A9P0MMZ8	0	unassigned	viridula	N. viridula
A0A9P0MN02	2	U-02	viridula	N. viridula
A0A9P0MN03	0	unassigned	viridula	N. viridula
A0A9P0MN04	2	U-02	viridula	N. viridula
A0A9P0MN11	1	U-01	viridula	N. viridula
A0A9P0MN14	3	U-03	viridula	N. viridula
A0A9P0MN18	1	U-01	viridula	N. viridula
A0A9P0MN20	1	U-01	viridula	N. viridula
A0A9P0MN22	1	U-01	viridula	N. viridula
A0A9P0MN23	1	U-01	viridula	N. viridula
A0A9P0MN25	1	U-01	viridula	N. viridula
A0A9P0MN28	1	U-01	viridula	N. viridula
A0A9P0MN29	2	U-02	viridula	N. viridula
A0A9P0MN30	1	U-01	viridula	N. viridula
A0A9P0MN31	0	unassigned	viridula	N. viridula
A0A9P0MN32	1	U-01	viridula	N. viridula
A0A9P0MN37	1	U-01	viridula	N. viridula
A0A9P0MN38	0	unassigned	viridula	N. viridula
A0A9P0MN40	0	unassigned	viridula	N. viridula
A0A9P0MN44	4	U-04	viridula	N. viridula
A0A9P0MN46	2	U-02	viridula	N. viridula
A0A9P0MN50	3	U-03	viridula	N. viridula
A0A9P0MN52	2	U-02	viridula	N. viridula
A0A9P0MN53	2	U-02	viridula	N. viridula
A0A9P0MN54	1	U-01	viridula	N. viridula
A0A9P0MN58	1	U-01	viridula	N. viridula
A0A9P0MN61	3	U-03	viridula	N. viridula
A0A9P0MN63	1	U-01	viridula	N. viridula
A0A9P0MN65	2	U-02	viridula	N. viridula
A0A9P0MN68	0	unassigned	viridula	N. viridula
A0A9P0MN69	1	U-01	viridula	N. viridula
A0A9P0MN70	1	U-01	viridula	N. viridula
A0A9P0MN73	2	U-02	viridula	N. viridula
A0A9P0MN77	1	U-01	viridula	N. viridula
A0A9P0MN78	4	U-04	viridula	N. viridula
A0A9P0MN79	0	unassigned	viridula	N. viridula
A0A9P0MN81	0	unassigned	viridula	N. viridula
A0A9P0MN85	1	U-01	viridula	N. viridula
A0A9P0MN87	2	U-02	viridula	N. viridula
A0A9P0MN89	2	U-02	viridula	N. viridula
A0A9P0MN94	1	U-01	viridula	N. viridula
A0A9P0MNA1	1	U-01	viridula	N. viridula
A0A9P0MNA3	2	U-02	viridula	N. viridula
A0A9P0MNA5	1	U-01	viridula	N. viridula
A0A9P0MNA8	2	U-02	viridula	N. viridula
A0A9P0MNA9	0	unassigned	viridula	N. viridula
A0A9P0MNB1	1	U-01	viridula	N. viridula
A0A9P0MNB2	1	U-01	viridula	N. viridula
A0A9P0MNB6	1	U-01	viridula	N. viridula
A0A9P0MNB9	0	unassigned	viridula	N. viridula
A0A9P0MNC1	1	U-01	viridula	N. viridula
A0A9P0MNC2	1	U-01	viridula	N. viridula
A0A9P0MNC6	1	U-01	viridula	N. viridula
A0A9P0MND4	1	U-01	viridula	N. viridula
A0A9P0MND7	0	unassigned	viridula	N. viridula
A0A9P0MND9	1	U-01	viridula	N. viridula
A0A9P0MNE0	1	U-01	viridula	N. viridula
A0A9P0MNE2	1	U-01	viridula	N. viridula
A0A9P0MNE6	1	U-01	viridula	N. viridula
A0A9P0MNE7	1	U-01	viridula	N. viridula
A0A9P0MNE8	1	U-01	viridula	N. viridula
A0A9P0MNF1	1	U-01	viridula	N. viridula
A0A9P0MNF3	2	U-02	viridula	N. viridula
A0A9P0MNF4	3	U-03	viridula	N. viridula
A0A9P0MNF5	2	U-02	viridula	N. viridula
A0A9P0MNF7	3	U-03	viridula	N. viridula
A0A9P0MNF9	4	U-04	viridula	N. viridula
A0A9P0MNG1	0	unassigned	viridula	N. viridula
A0A9P0MNG4	2	U-02	viridula	N. viridula
A0A9P0MNG5	1	U-01	viridula	N. viridula
A0A9P0MNG6	1	U-01	viridula	N. viridula
A0A9P0MNG8	1	U-01	viridula	N. viridula
A0A9P0MNH1	2	U-02	viridula	N. viridula
A0A9P0MNH2	2	U-02	viridula	N. viridula
A0A9P0MNH6	1	U-01	viridula	N. viridula
A0A9P0MNH7	1	U-01	viridula	N. viridula
A0A9P0MNH9	1	U-01	viridula	N. viridula
A0A9P0MNI2	2	U-02	viridula	N. viridula
A0A9P0MNI3	2	U-02	viridula	N. viridula
A0A9P0MNI7	1	U-01	viridula	N. viridula
A0A9P0MNI9	1	U-01	viridula	N. viridula
A0A9P0MNJ3	1	U-01	viridula	N. viridula
A0A9P0MNJ4	0	unassigned	viridula	N. viridula
A0A9P0MNJ7	1	U-01	viridula	N. viridula
A0A9P0MNJ9	1	U-01	viridula	N. viridula
A0A9P0MNK3	1	U-01	viridula	N. viridula
A0A9P0MNK4	1	U-01	viridula	N. viridula
A0A9P0MNK8	1	U-01	viridula	N. viridula
A0A9P0MNK9	1	U-01	viridula	N. viridula
A0A9P0MNL4	1	U-01	viridula	N. viridula
A0A9P0MNL5	2	U-02	viridula	N. viridula
A0A9P0MNM0	2	U-02	viridula	N. viridula
A0A9P0MNM2	4	U-04	viridula	N. viridula
A0A9P0MNM3	1	U-01	viridula	N. viridula
A0A9P0MNM5	2	U-02	viridula	N. viridula
A0A9P0MNM6	0	unassigned	viridula	N. viridula
A0A9P0MNM8	0	unassigned	viridula	N. viridula
A0A9P0MNM9	1	U-01	viridula	N. viridula
A0A9P0MNN1	1	U-01	viridula	N. viridula
A0A9P0MNN2	2	U-02	viridula	N. viridula
A0A9P0MNN5	1	U-01	viridula	N. viridula
A0A9P0MNN6	1	U-01	viridula	N. viridula
A0A9P0MNN7	2	U-02	viridula	N. viridula
A0A9P0MNN8	1	U-01	viridula	N. viridula
A0A9P0MNP0	0	unassigned	viridula	N. viridula
A0A9P0MNP1	1	U-01	viridula	N. viridula
A0A9P0MNP4	2	U-02	viridula	N. viridula
A0A9P0MNP6	1	U-01	viridula	N. viridula
A0A9P0MNP7	1	U-01	viridula	N. viridula
A0A9P0MNP8	2	U-02	viridula	N. viridula
A0A9P0MNQ0	1	U-01	viridula	N. viridula
A0A9P0MNQ2	1	U-01	viridula	N. viridula
A0A9P0MNQ4	4	U-04	viridula	N. viridula
A0A9P0MNQ5	1	U-01	viridula	N. viridula
A0A9P0MNQ6	1	U-01	viridula	N. viridula
A0A9P0MNQ7	1	U-01	viridula	N. viridula
A0A9P0MNQ8	4	U-04	viridula	N. viridula
A0A9P0MNR1	3	U-03	viridula	N. viridula
A0A9P0MNR3	1	U-01	viridula	N. viridula
A0A9P0MNR4	3	U-03	viridula	N. viridula
A0A9P0MNR6	1	U-01	viridula	N. viridula
A0A9P0MNR7	2	U-02	viridula	N. viridula
A0A9P0MNR8	0	unassigned	viridula	N. viridula
A0A9P0MNS0	1	U-01	viridula	N. viridula
A0A9P0MNS1	2	U-02	viridula	N. viridula
A0A9P0MNS2	1	U-01	viridula	N. viridula
A0A9P0MNS3	1	U-01	viridula	N. viridula
A0A9P0MNS4	1	U-01	viridula	N. viridula
A0A9P0MNS7	1	U-01	viridula	N. viridula
A0A9P0MNS8	1	U-01	viridula	N. viridula
A0A9P0MNS9	1	U-01	viridula	N. viridula
A0A9P0MNT2	2	U-02	viridula	N. viridula
A0A9P0MNT4	1	U-01	viridula	N. viridula
A0A9P0MNT8	1	U-01	viridula	N. viridula
A0A9P0MNT9	1	U-01	viridula	N. viridula
A0A9P0MNU2	0	unassigned	viridula	N. viridula
A0A9P0MNU4	1	U-01	viridula	N. viridula
A0A9P0MNU5	1	U-01	viridula	N. viridula
A0A9P0MNU6	2	U-02	viridula	N. viridula
A0A9P0MNU7	1	U-01	viridula	N. viridula
A0A9P0MNU8	1	U-01	viridula	N. viridula
A0A9P0MNV2	1	U-01	viridula	N. viridula
A0A9P0MNV5	1	U-01	viridula	N. viridula
A0A9P0MNV6	2	U-02	viridula	N. viridula
A0A9P0MNV7	1	U-01	viridula	N. viridula
A0A9P0MNV8	2	U-02	viridula	N. viridula
A0A9P0MNV9	1	U-01	viridula	N. viridula
A0A9P0MNW0	1	U-01	viridula	N. viridula
A0A9P0MNW1	0	unassigned	viridula	N. viridula
A0A9P0MNW2	1	U-01	viridula	N. viridula
A0A9P0MNW3	4	U-04	viridula	N. viridula
A0A9P0MNW4	1	U-01	viridula	N. viridula
A0A9P0MNW5	2	U-02	viridula	N. viridula
A0A9P0MNW6	4	U-04	viridula	N. viridula
A0A9P0MNW9	3	U-03	viridula	N. viridula
A0A9P0MNX1	1	U-01	viridula	N. viridula
A0A9P0MNX3	1	U-01	viridula	N. viridula
A0A9P0MNX4	1	U-01	viridula	N. viridula
A0A9P0MNX5	1	U-01	viridula	N. viridula
A0A9P0MNX6	2	U-02	viridula	N. viridula
A0A9P0MNX7	1	U-01	viridula	N. viridula
A0A9P0MNX9	2	U-02	viridula	N. viridula
A0A9P0MNY0	0	unassigned	viridula	N. viridula
A0A9P0MNY1	0	unassigned	viridula	N. viridula
A0A9P0MNY3	2	U-02	viridula	N. viridula
A0A9P0MNY5	1	U-01	viridula	N. viridula
A0A9P0MNY6	1	U-01	viridula	N. viridula
A0A9P0MNZ0	3	U-03	viridula	N. viridula
A0A9P0MNZ3	1	U-01	viridula	N. viridula
A0A9P0MNZ5	1	U-01	viridula	N. viridula
A0A9P0MNZ6	0	unassigned	viridula	N. viridula
A0A9P0MNZ7	2	U-02	viridula	N. viridula
A0A9P0MNZ8	1	U-01	viridula	N. viridula
A0A9P0MNZ9	1	U-01	viridula	N. viridula
A0A9P0MP05	2	U-02	viridula	N. viridula
A0A9P0MP08	0	unassigned	viridula	N. viridula
A0A9P0MP09	1	U-01	viridula	N. viridula
A0A9P0MP11	1	U-01	viridula	N. viridula
A0A9P0MP13	2	U-02	viridula	N. viridula
A0A9P0MP15	2	U-02	viridula	N. viridula
A0A9P0MP16	2	U-02	viridula	N. viridula
A0A9P0MP17	4	U-04	viridula	N. viridula
A0A9P0MP18	2	U-02	viridula	N. viridula
A0A9P0MP20	1	U-01	viridula	N. viridula
A0A9P0MP21	1	U-01	viridula	N. viridula
A0A9P0MP22	1	U-01	viridula	N. viridula
A0A9P0MP23	2	U-02	viridula	N. viridula
A0A9P0MP25	4	U-04	viridula	N. viridula
A0A9P0MP28	1	U-01	viridula	N. viridula
A0A9P0MP29	1	U-01	viridula	N. viridula
A0A9P0MP30	2	U-02	viridula	N. viridula
A0A9P0MP31	1	U-01	viridula	N. viridula
A0A9P0MP32	1	U-01	viridula	N. viridula
A0A9P0MP33	2	U-02	viridula	N. viridula
A0A9P0MP35	2	U-02	viridula	N. viridula
A0A9P0MP36	4	U-04	viridula	N. viridula
A0A9P0MP38	1	U-01	viridula	N. viridula
A0A9P0MP39	1	U-01	viridula	N. viridula
A0A9P0MP40	1	U-01	viridula	N. viridula
A0A9P0MP41	0	unassigned	viridula	N. viridula
A0A9P0MP42	0	unassigned	viridula	N. viridula
A0A9P0MP43	3	U-03	viridula	N. viridula
A0A9P0MP45	2	U-02	viridula	N. viridula
A0A9P0MP46	2	U-02	viridula	N. viridula
A0A9P0MP50	0	unassigned	viridula	N. viridula
A0A9P0MP53	1	U-01	viridula	N. viridula
A0A9P0MP55	2	U-02	viridula	N. viridula
A0A9P0MP56	3	U-03	viridula	N. viridula
A0A9P0MP57	3	U-03	viridula	N. viridula
A0A9P0MP58	1	U-01	viridula	N. viridula
A0A9P0MP59	1	U-01	viridula	N. viridula
A0A9P0MP60	1	U-01	viridula	N. viridula
A0A9P0MP63	1	U-01	viridula	N. viridula
A0A9P0MP64	0	unassigned	viridula	N. viridula
A0A9P0MP67	2	U-02	viridula	N. viridula
A0A9P0H7J7	1	U-01	viridula	N. viridula
A0A9P0H7K0	1	U-01	viridula	N. viridula
A0A9P0H7K1	4	U-04	viridula	N. viridula
A0A9P0H7K6	0	unassigned	viridula	N. viridula
A0A9P0H7K8	0	unassigned	viridula	N. viridula
A0A9P0H7L0	1	U-01	viridula	N. viridula
A0A9P0H7M1	4	U-04	viridula	N. viridula
A0A9P0H7M9	1	U-01	viridula	N. viridula
A0A9P0H7N2	1	U-01	viridula	N. viridula
A0A9P0H7P5	1	U-01	viridula	N. viridula
A0A9P0H7P6	3	U-03	viridula	N. viridula
A0A9P0H7Q0	3	U-03	viridula	N. viridula
A0A9P0H7Q5	4	U-04	viridula	N. viridula
A0A9P0H7Q9	1	U-01	viridula	N. viridula
A0A9P0H7R5	1	U-01	viridula	N. viridula
A0A9P0H7R7	1	U-01	viridula	N. viridula
A0A9P0H7R8	0	unassigned	viridula	N. viridula
A0A9P0H7S1	3	U-03	viridula	N. viridula
A0A9P0H7S3	1	U-01	viridula	N. viridula
A0A9P0H7S4	1	U-01	viridula	N. viridula
A0A9P0H7T3	0	unassigned	viridula	N. viridula
A0A9P0H7T7	0	unassigned	viridula	N. viridula
A0A9P0H7T9	1	U-01	viridula	N. viridula
A0A9P0H7U1	4	U-04	viridula	N. viridula
A0A9P0H7U6	3	U-03	viridula	N. viridula
A0A9P0H7V0	1	U-01	viridula	N. viridula
A0A9P0H7V3	1	U-01	viridula	N. viridula
A0A9P0H7W0	3	U-03	viridula	N. viridula
A0A9P0H7W4	1	U-01	viridula	N. viridula
A0A9P0H7W8	3	U-03	viridula	N. viridula
A0A9P0H7W9	1	U-01	viridula	N. viridula
A0A9P0H7X0	1	U-01	viridula	N. viridula
A0A9P0H7X2	3	U-03	viridula	N. viridula
A0A9P0H7X8	1	U-01	viridula	N. viridula
A0A9P0H7Y1	1	U-01	viridula	N. viridula
A0A9P0H7Y4	3	U-03	viridula	N. viridula
A0A9P0H7Y5	1	U-01	viridula	N. viridula
A0A9P0H7Y7	3	U-03	viridula	N. viridula
A0A9P0H7Y8	4	U-04	viridula	N. viridula
A0A9P0H7Z0	0	unassigned	viridula	N. viridula
A0A9P0H7Z3	1	U-01	viridula	N. viridula
A0A9P0H7Z5	3	U-03	viridula	N. viridula
A0A9P0H7Z6	1	U-01	viridula	N. viridula
A0A9P0H801	4	U-04	viridula	N. viridula
A0A9P0H804	1	U-01	viridula	N. viridula
A0A9P0H806	0	unassigned	viridula	N. viridula
A0A9P0H807	0	unassigned	viridula	N. viridula
A0A9P0H814	4	U-04	viridula	N. viridula
A0A9P0H816	4	U-04	viridula	N. viridula
A0A9P0H818	0	unassigned	viridula	N. viridula
A0A9P0E6T9	1	U-01	viridula	N. viridula
A0A9P0ECW2	1	U-01	viridula	N. viridula
A0A9P0H085	1	U-01	viridula	N. viridula
A0A9P0H1S5	1	U-01	viridula	N. viridula
A0A9P0H1V6	4	U-04	viridula	N. viridula
A0A9P0H384	1	U-01	viridula	N. viridula
A0A9P0H5L4	1	U-01	viridula	N. viridula
A0A9P0H9R0	1	U-01	viridula	N. viridula
A0A9P0HA40	1	U-01	viridula	N. viridula
A0A9P0HBB7	4	U-04	viridula	N. viridula
A0A9P0HBG1	1	U-01	viridula	N. viridula
A0A9P0HBT5	4	U-04	viridula	N. viridula
A0A9P0HCL3	1	U-01	viridula	N. viridula
A0A9P0HFY7	1	U-01	viridula	N. viridula
A0A9P0HGI3	3	U-03	viridula	N. viridula
A0A9P0HM53	1	U-01	viridula	N. viridula
A0A9P0HNA2	1	U-01	viridula	N. viridula
A0A9P0HNC6	1	U-01	viridula	N. viridula
A0A9P0HPA1	1	U-01	viridula	N. viridula
A0A9P0MLX8	1	U-01	viridula	N. viridula
A0A9P0MM94	1	U-01	viridula	N. viridula
A0A9P0MPJ6	1	U-01	viridula	N. viridula
A0A9P0MW45	3	U-03	viridula	N. viridula
A0A9P0DW14	1	U-01	viridula	N. viridula
A0A9P0DZD3	3	U-03	viridula	N. viridula
A0A9P0E040	1	U-01	viridula	N. viridula
A0A9P0E382	3	U-03	viridula	N. viridula
A0A9P0E3Y9	1	U-01	viridula	N. viridula
A0A9P0E5P1	1	U-01	viridula	N. viridula
A0A9P0E6P6	1	U-01	viridula	N. viridula
A0A9P0E8G7	1	U-01	viridula	N. viridula
A0A9P0E9Y3	1	U-01	viridula	N. viridula
A0A9P0E9Z5	1	U-01	viridula	N. viridula
A0A9P0ECI7	3	U-03	viridula	N. viridula
A0A9P0ED61	1	U-01	viridula	N. viridula
A0A9P0EFD5	1	U-01	viridula	N. viridula
A0A9P0GUX4	1	U-01	viridula	N. viridula
A0A9P0GWP0	1	U-01	viridula	N. viridula
A0A9P0GZK2	3	U-03	viridula	N. viridula
A0A9P0H1V3	3	U-03	viridula	N. viridula
A0A9P0H8Z3	1	U-01	viridula	N. viridula
A0A9P0H9Q9	1	U-01	viridula	N. viridula
A0A9P0HA28	0	unassigned	viridula	N. viridula
A0A9P0HA86	1	U-01	viridula	N. viridula
A0A9P0HAP9	1	U-01	viridula	N. viridula
A0A9P0HBG3	1	U-01	viridula	N. viridula
A0A9P0HCV5	1	U-01	viridula	N. viridula
A0A9P0HDC1	1	U-01	viridula	N. viridula
A0A9P0HDI6	4	U-04	viridula	N. viridula
A0A9P0HEA6	1	U-01	viridula	N. viridula
A0A9P0HGJ1	1	U-01	viridula	N. viridula
A0A9P0HGJ4	1	U-01	viridula	N. viridula
A0A9P0HHB9	1	U-01	viridula	N. viridula
A0A9P0HJ56	3	U-03	viridula	N. viridula
A0A9P0HKB4	1	U-01	viridula	N. viridula
A0A9P0HLR7	1	U-01	viridula	N. viridula
A0A9P0HNR6	1	U-01	viridula	N. viridula
A0A9P0HSC3	1	U-01	viridula	N. viridula
A0A9P0MHI2	1	U-01	viridula	N. viridula
A0A9P0MI33	0	unassigned	viridula	N. viridula
A0A9P0MLE1	1	U-01	viridula	N. viridula
A0A9P0MMR9	0	unassigned	viridula	N. viridula
A0A9P0MNT1	4	U-04	viridula	N. viridula
A0A9P0MNY9	4	U-04	viridula	N. viridula
A0A9P0MS43	1	U-01	viridula	N. viridula
A0A9P0MTH4	4	U-04	viridula	N. viridula
A0A9P0MTL4	1	U-01	viridula	N. viridula
A0A9P0MU12	1	U-01	viridula	N. viridula
A0A9P0MUK1	1	U-01	viridula	N. viridula
A0A9P0MWQ8	1	U-01	viridula	N. viridula
A0A9P0MXU5	1	U-01	viridula	N. viridula
A0A9P0DWY4	1	U-01	viridula	N. viridula
A0A9P0DX74	1	U-01	viridula	N. viridula
A0A9P0DX84	1	U-01	viridula	N. viridula
A0A9P0DXG5	1	U-01	viridula	N. viridula
A0A9P0DXY6	4	U-04	viridula	N. viridula
A0A9P0DY89	1	U-01	viridula	N. viridula
A0A9P0DYF7	1	U-01	viridula	N. viridula
A0A9P0DYT7	1	U-01	viridula	N. viridula
A0A9P0DYZ0	1	U-01	viridula	N. viridula
A0A9P0DZ05	1	U-01	viridula	N. viridula
A0A9P0DZB2	3	U-03	viridula	N. viridula
A0A9P0DZG7	1	U-01	viridula	N. viridula
A0A9P0DZI5	1	U-01	viridula	N. viridula
A0A9P0DZJ0	1	U-01	viridula	N. viridula
A0A9P0DZJ5	1	U-01	viridula	N. viridula
A0A9P0DZT8	1	U-01	viridula	N. viridula
A0A9P0DZZ6	1	U-01	viridula	N. viridula
A0A9P0E038	1	U-01	viridula	N. viridula
A0A9P0E0C7	4	U-04	viridula	N. viridula
A0A9P0E0J8	1	U-01	viridula	N. viridula
A0A9P0E0M5	1	U-01	viridula	N. viridula
A0A9P0E136	1	U-01	viridula	N. viridula
A0A9P0E146	1	U-01	viridula	N. viridula
A0A9P0E178	1	U-01	viridula	N. viridula
A0A9P0E1A9	4	U-04	viridula	N. viridula
A0A9P0E1N2	4	U-04	viridula	N. viridula
A0A9P0E1Q1	1	U-01	viridula	N. viridula
A0A9P0HB33	0	unassigned	viridula	N. viridula
A0A9P0HB34	1	U-01	viridula	N. viridula
A0A9P0MNP3	1	U-01	viridula	N. viridula
A0A9P0MNP9	1	U-01	viridula	N. viridula
A0A9P0MNQ3	1	U-01	viridula	N. viridula
A0A9P0MNR0	3	U-03	viridula	N. viridula
A0A9P0MNR2	1	U-01	viridula	N. viridula
A0A9P0MNR9	1	U-01	viridula	N. viridula
A0A9P0MNS5	1	U-01	viridula	N. viridula
A0A9P0MNS6	1	U-01	viridula	N. viridula
A0A9P0MNT0	0	unassigned	viridula	N. viridula
A0A9P0MNT3	1	U-01	viridula	N. viridula
A0A9P0MNT5	1	U-01	viridula	N. viridula
A0A9P0MNT6	1	U-01	viridula	N. viridula
A0A9P0MNT7	3	U-03	viridula	N. viridula
A0A9P0MNU0	3	U-03	viridula	N. viridula
A0A9P0MNU1	1	U-01	viridula	N. viridula
A0A9P0MNU3	3	U-03	viridula	N. viridula
A0A9P0MNU9	1	U-01	viridula	N. viridula
A0A9P0MNV3	1	U-01	viridula	N. viridula
A0A9P0MNW7	4	U-04	viridula	N. viridula
A0A9P0MNW8	3	U-03	viridula	N. viridula
A0A9P0MNX0	4	U-04	viridula	N. viridula
A0A9P0MNX8	1	U-01	viridula	N. viridula
A0A9P0MNY2	3	U-03	viridula	N. viridula
A0A9P0MNY4	1	U-01	viridula	N. viridula
A0A9P0MQN8	1	U-01	viridula	N. viridula
A0A9P0MQP1	1	U-01	viridula	N. viridula
A0A9P0MQP2	3	U-03	viridula	N. viridula
A0A9P0MQP5	1	U-01	viridula	N. viridula
A0A9P0MQP9	1	U-01	viridula	N. viridula
A0A9P0MQQ0	1	U-01	viridula	N. viridula
A0A9P0MQQ3	1	U-01	viridula	N. viridula
A0A9P0MQQ9	1	U-01	viridula	N. viridula
A0A9P0MQR2	1	U-01	viridula	N. viridula
A0A9P0MQR4	1	U-01	viridula	N. viridula
A0A9P0MQR7	4	U-04	viridula	N. viridula
A0A9P0MQR8	3	U-03	viridula	N. viridula
A0A9P0MQS1	1	U-01	viridula	N. viridula
A0A9P0MQS7	1	U-01	viridula	N. viridula
A0A9P0MQT0	1	U-01	viridula	N. viridula
A0A9P0MQT4	1	U-01	viridula	N. viridula
A0A9P0MQT8	1	U-01	viridula	N. viridula
A0A9P0MQU4	3	U-03	viridula	N. viridula
A0A9P0MQU6	1	U-01	viridula	N. viridula
A0A9P0MQU8	1	U-01	viridula	N. viridula
A0A9P0MQV0	4	U-04	viridula	N. viridula
A0A9P0MQV3	1	U-01	viridula	N. viridula
A0A9P0MQV5	1	U-01	viridula	N. viridula
A0A9P0MQV7	1	U-01	viridula	N. viridula
A0A9P0MQW5	1	U-01	viridula	N. viridula
A0A9P0MQW8	0	unassigned	viridula	N. viridula
A0A9P0MQX1	0	unassigned	viridula	N. viridula
A0A9P0MQX3	1	U-01	viridula	N. viridula
A0A9P0MQX9	1	U-01	viridula	N. viridula
A0A9P0MQY0	0	unassigned	viridula	N. viridula
A0A9P0MQY4	4	U-04	viridula	N. viridula
A0A9P0MQY9	1	U-01	viridula	N. viridula
A0A9P0MR07	1	U-01	viridula	N. viridula
A0A9P0MR09	1	U-01	viridula	N. viridula
A0A9P0MR10	1	U-01	viridula	N. viridula
A0A9P0MR20	1	U-01	viridula	N. viridula
A0A9P0MR25	1	U-01	viridula	N. viridula
A0A9P0MR30	1	U-01	viridula	N. viridula
A0A9P0MR31	1	U-01	viridula	N. viridula
A0A9P0MR33	1	U-01	viridula	N. viridula
A0A9P0MR34	4	U-04	viridula	N. viridula
A0A9P0MR38	1	U-01	viridula	N. viridula
A0A9P0MR41	3	U-03	viridula	N. viridula
A0A9P0MR42	1	U-01	viridula	N. viridula
A0A9P0MR44	1	U-01	viridula	N. viridula
A0A9P0MR48	3	U-03	viridula	N. viridula
A0A9P0MR49	4	U-04	viridula	N. viridula
A0A9P0MR52	0	unassigned	viridula	N. viridula
A0A9P0MR54	0	unassigned	viridula	N. viridula
A0A9P0MR56	4	U-04	viridula	N. viridula
A0A9P0MR58	1	U-01	viridula	N. viridula
A0A9P0MR61	0	unassigned	viridula	N. viridula
A0A9P0MR63	1	U-01	viridula	N. viridula
A0A9P0MR68	1	U-01	viridula	N. viridula
A0A9P0MR69	0	unassigned	viridula	N. viridula
A0A9P0MR71	1	U-01	viridula	N. viridula
A0A9P0MR72	1	U-01	viridula	N. viridula
A0A9P0MR73	4	U-04	viridula	N. viridula
A0A9P0MR74	1	U-01	viridula	N. viridula
A0A9P0MR75	4	U-04	viridula	N. viridula
A0A9P0MR77	1	U-01	viridula	N. viridula
A0A9P0MR84	1	U-01	viridula	N. viridula
A0A9P0MR85	1	U-01	viridula	N. viridula
A0A9P0MR87	1	U-01	viridula	N. viridula
A0A9P0MR88	1	U-01	viridula	N. viridula
A0A9P0MR89	4	U-04	viridula	N. viridula
A0A9P0MR92	1	U-01	viridula	N. viridula
A0A9P0MR95	1	U-01	viridula	N. viridula
A0A9P0MR98	1	U-01	viridula	N. viridula
A0A9P0MRA4	1	U-01	viridula	N. viridula
A0A9P0MRA5	0	unassigned	viridula	N. viridula
A0A9P0MRA6	0	unassigned	viridula	N. viridula
A0A9P0MRA9	1	U-01	viridula	N. viridula
A0A9P0MRB6	3	U-03	viridula	N. viridula
A0A9P0MRB8	1	U-01	viridula	N. viridula
A0A9P0MRC1	1	U-01	viridula	N. viridula
A0A9P0GWT4	1	U-01	viridula	N. viridula
A0A9P0GWT6	1	U-01	viridula	N. viridula
A0A9P0GWT9	1	U-01	viridula	N. viridula
A0A9P0GWV1	1	U-01	viridula	N. viridula
A0A9P0GWW0	1	U-01	viridula	N. viridula
A0A9P0GWW8	1	U-01	viridula	N. viridula
A0A9P0GWX8	1	U-01	viridula	N. viridula
A0A9P0GWY5	1	U-01	viridula	N. viridula
A0A9P0GWZ5	1	U-01	viridula	N. viridula
A0A9P0GWZ6	1	U-01	viridula	N. viridula
A0A9P0GX00	3	U-03	viridula	N. viridula
A0A9P0GX10	4	U-04	viridula	N. viridula
A0A9P0GX11	1	U-01	viridula	N. viridula
A0A9P0GX23	3	U-03	viridula	N. viridula
A0A9P0GX28	1	U-01	viridula	N. viridula
A0A9P0GX34	1	U-01	viridula	N. viridula
A0A9P0GX43	1	U-01	viridula	N. viridula
A0A9P0GX47	1	U-01	viridula	N. viridula
A0A9P0GX59	1	U-01	viridula	N. viridula
A0A9P0GX64	1	U-01	viridula	N. viridula
A0A9P0GX77	3	U-03	viridula	N. viridula
A0A9P0GX82	1	U-01	viridula	N. viridula
A0A9P0GX88	4	U-04	viridula	N. viridula
A0A9P0GX97	1	U-01	viridula	N. viridula
A0A9P0GXA1	0	unassigned	viridula	N. viridula
A0A9P0GXA2	1	U-01	viridula	N. viridula
A0A9P0GXC0	1	U-01	viridula	N. viridula
A0A9P0GXC5	4	U-04	viridula	N. viridula
A0A9P0GXE0	0	unassigned	viridula	N. viridula
A0A9P0GXF0	3	U-03	viridula	N. viridula
A0A9P0GXF8	1	U-01	viridula	N. viridula
A0A9P0GXG3	3	U-03	viridula	N. viridula
A0A9P0GXH0	1	U-01	viridula	N. viridula
A0A9P0GXH6	1	U-01	viridula	N. viridula
A0A9P0GXJ3	1	U-01	viridula	N. viridula
A0A9P0GXJ5	1	U-01	viridula	N. viridula
A0A9P0GXJ8	3	U-03	viridula	N. viridula
A0A9P0GXM4	4	U-04	viridula	N. viridula
A0A9P0GXM5	1	U-01	viridula	N. viridula
A0A9P0GXM8	1	U-01	viridula	N. viridula
A0A9P0GXN0	1	U-01	viridula	N. viridula
A0A9P0GXN3	0	unassigned	viridula	N. viridula
A0A9P0GXN4	1	U-01	viridula	N. viridula
A0A9P0GXN8	1	U-01	viridula	N. viridula
A0A9P0GXP9	4	U-04	viridula	N. viridula
A0A9P0GXQ9	1	U-01	viridula	N. viridula
A0A9P0GXU6	0	unassigned	viridula	N. viridula
A0A9P0GXW5	1	U-01	viridula	N. viridula
A0A9P0GXX3	1	U-01	viridula	N. viridula
A0A9P0GXX4	1	U-01	viridula	N. viridula
A0A9P0GXY2	1	U-01	viridula	N. viridula
A0A9P0GXZ2	1	U-01	viridula	N. viridula
A0A9P0GY12	3	U-03	viridula	N. viridula
A0A9P0GY34	1	U-01	viridula	N. viridula
A0A9P0GY39	1	U-01	viridula	N. viridula
A0A9P0GY42	1	U-01	viridula	N. viridula
A0A9P0GY52	2	U-02	viridula	N. viridula
A0A9P0GY69	0	unassigned	viridula	N. viridula
A0A9P0GY77	0	unassigned	viridula	N. viridula
A0A9P0GY79	1	U-01	viridula	N. viridula
A0A9P0GY83	1	U-01	viridula	N. viridula
A0A9P0GY92	1	U-01	viridula	N. viridula
A0A9P0GY93	1	U-01	viridula	N. viridula
A0A9P0GYA9	3	U-03	viridula	N. viridula
A0A9P0GYB5	1	U-01	viridula	N. viridula
A0A9P0GYB8	0	unassigned	viridula	N. viridula
A0A9P0GYC3	1	U-01	viridula	N. viridula
A0A9P0GYC6	1	U-01	viridula	N. viridula
A0A9P0GYD9	1	U-01	viridula	N. viridula
A0A9P0GYE9	1	U-01	viridula	N. viridula
A0A9P0GYF8	1	U-01	viridula	N. viridula
A0A9P0GYH5	1	U-01	viridula	N. viridula
A0A9P0GYI4	1	U-01	viridula	N. viridula
A0A9P0GYI8	1	U-01	viridula	N. viridula
A0A9P0GYJ4	1	U-01	viridula	N. viridula
A0A9P0GYK8	4	U-04	viridula	N. viridula
A0A9P0GYL8	3	U-03	viridula	N. viridula
A0A9P0GYM0	4	U-04	viridula	N. viridula
A0A9P0GYM6	1	U-01	viridula	N. viridula
A0A9P0GYN5	1	U-01	viridula	N. viridula
A0A9P0GYP1	1	U-01	viridula	N. viridula
A0A9P0GYP3	1	U-01	viridula	N. viridula
A0A9P0GYP9	1	U-01	viridula	N. viridula
A0A9P0EDZ7	1	U-01	viridula	N. viridula
A0A9P0EE00	1	U-01	viridula	N. viridula
A0A9P0EE01	2	U-02	viridula	N. viridula
A0A9P0EE03	3	U-03	viridula	N. viridula
A0A9P0EE06	2	U-02	viridula	N. viridula
A0A9P0EE08	2	U-02	viridula	N. viridula
A0A9P0EE11	1	U-01	viridula	N. viridula
A0A9P0EE13	1	U-01	viridula	N. viridula
A0A9P0EE15	1	U-01	viridula	N. viridula
A0A9P0EE16	1	U-01	viridula	N. viridula
A0A9P0EE18	1	U-01	viridula	N. viridula
A0A9P0EE19	1	U-01	viridula	N. viridula
A0A9P0EE25	3	U-03	viridula	N. viridula
A0A9P0EE29	1	U-01	viridula	N. viridula
A0A9P0EE33	1	U-01	viridula	N. viridula
A0A9P0EE35	2	U-02	viridula	N. viridula
A0A9P0EE37	3	U-03	viridula	N. viridula
A0A9P0HAI4	1	U-01	viridula	N. viridula
A0A9P0HAI5	0	unassigned	viridula	N. viridula
A0A9P0HAJ8	1	U-01	viridula	N. viridula
A0A9P0HAK0	0	unassigned	viridula	N. viridula
A0A9P0HAK9	1	U-01	viridula	N. viridula
A0A9P0HAM0	1	U-01	viridula	N. viridula
A0A9P0HAM2	3	U-03	viridula	N. viridula
A0A9P0HAM3	1	U-01	viridula	N. viridula
A0A9P0HAM5	1	U-01	viridula	N. viridula
A0A9P0HAM7	1	U-01	viridula	N. viridula
A0A9P0HAM8	0	unassigned	viridula	N. viridula
A0A9P0HAN4	1	U-01	viridula	N. viridula
A0A9P0HAN5	0	unassigned	viridula	N. viridula
A0A9P0HAP0	1	U-01	viridula	N. viridula
A0A9P0HAP2	3	U-03	viridula	N. viridula
A0A9P0HAP3	1	U-01	viridula	N. viridula
A0A9P0HAP4	0	unassigned	viridula	N. viridula
A0A9P0HAP8	1	U-01	viridula	N. viridula
A0A9P0HAQ4	0	unassigned	viridula	N. viridula
A0A9P0HAQ5	4	U-04	viridula	N. viridula
A0A9P0HAQ7	1	U-01	viridula	N. viridula
A0A9P0HAR0	3	U-03	viridula	N. viridula
A0A9P0HAR1	1	U-01	viridula	N. viridula
A0A9P0HAR4	1	U-01	viridula	N. viridula
A0A9P0HAR9	4	U-04	viridula	N. viridula
A0A9P0HAS1	1	U-01	viridula	N. viridula
A0A9P0HAS2	1	U-01	viridula	N. viridula
A0A9P0HAS7	1	U-01	viridula	N. viridula
A0A9P0HAT0	3	U-03	viridula	N. viridula
A0A9P0HAT5	1	U-01	viridula	N. viridula
A0A9P0HAU4	1	U-01	viridula	N. viridula
A0A9P0HAU7	0	unassigned	viridula	N. viridula
A0A9P0HAV0	1	U-01	viridula	N. viridula
A0A9P0HAV1	1	U-01	viridula	N. viridula
A0A9P0HAV2	1	U-01	viridula	N. viridula
A0A9P0HAV3	1	U-01	viridula	N. viridula
A0A9P0HAV7	1	U-01	viridula	N. viridula
A0A9P0HAW3	1	U-01	viridula	N. viridula
A0A9P0HAW4	1	U-01	viridula	N. viridula
A0A9P0HAW8	1	U-01	viridula	N. viridula
A0A9P0HAX4	4	U-04	viridula	N. viridula
A0A9P0HAX7	1	U-01	viridula	N. viridula
A0A9P0HAY0	1	U-01	viridula	N. viridula
A0A9P0HAY1	0	unassigned	viridula	N. viridula
A0A9P0HAY2	1	U-01	viridula	N. viridula
A0A9P0HAY4	1	U-01	viridula	N. viridula
A0A9P0HAY6	1	U-01	viridula	N. viridula
A0A9P0HAY9	3	U-03	viridula	N. viridula
A0A9P0HAZ6	1	U-01	viridula	N. viridula
A0A9P0HAZ7	3	U-03	viridula	N. viridula
A0A9P0HAZ8	1	U-01	viridula	N. viridula
A0A9P0HB02	1	U-01	viridula	N. viridula
A0A9P0HB06	4	U-04	viridula	N. viridula
A0A9P0HB07	1	U-01	viridula	N. viridula
A0A9P0HB08	1	U-01	viridula	N. viridula
A0A9P0HB09	1	U-01	viridula	N. viridula
A0A9P0HB12	3	U-03	viridula	N. viridula
A0A9P0HB13	1	U-01	viridula	N. viridula
A0A9P0HB18	3	U-03	viridula	N. viridula
A0A9P0HB24	4	U-04	viridula	N. viridula
A0A9P0HB27	1	U-01	viridula	N. viridula
A0A9P0HB29	1	U-01	viridula	N. viridula
A0A9P0HB32	3	U-03	viridula	N. viridula
A0A9P0HK21	1	U-01	viridula	N. viridula
A0A9P0HK41	1	U-01	viridula	N. viridula
A0A9P0HK47	1	U-01	viridula	N. viridula
A0A9P0HK52	1	U-01	viridula	N. viridula
A0A9P0HK57	1	U-01	viridula	N. viridula
A0A9P0HK62	1	U-01	viridula	N. viridula
A0A9P0HK63	1	U-01	viridula	N. viridula
A0A9P0HK67	1	U-01	viridula	N. viridula
A0A9P0HK71	3	U-03	viridula	N. viridula
A0A9P0HK75	1	U-01	viridula	N. viridula
A0A9P0HK78	1	U-01	viridula	N. viridula
A0A9P0HK79	1	U-01	viridula	N. viridula
A0A9P0HK80	1	U-01	viridula	N. viridula
A0A9P0HK81	1	U-01	viridula	N. viridula
A0A9P0HK82	1	U-01	viridula	N. viridula
A0A9P0HK87	4	U-04	viridula	N. viridula
A0A9P0HK97	1	U-01	viridula	N. viridula
A0A9P0HKA6	1	U-01	viridula	N. viridula
A0A9P0HKB2	1	U-01	viridula	N. viridula
A0A9P0HKB3	1	U-01	viridula	N. viridula
A0A9P0HKB6	4	U-04	viridula	N. viridula
A0A9P0HKB9	1	U-01	viridula	N. viridula
A0A9P0HKC3	1	U-01	viridula	N. viridula
A0A9P0HKC9	1	U-01	viridula	N. viridula
A0A9P0HKD1	1	U-01	viridula	N. viridula
A0A9P0HKD2	0	unassigned	viridula	N. viridula
A0A9P0HKD6	0	unassigned	viridula	N. viridula
A0A9P0HKD9	3	U-03	viridula	N. viridula
A0A9P0HKE1	1	U-01	viridula	N. viridula
A0A9P0HKE5	1	U-01	viridula	N. viridula
A0A9P0HKE6	3	U-03	viridula	N. viridula
A0A9P0HKE8	1	U-01	viridula	N. viridula
A0A9P0HKE9	1	U-01	viridula	N. viridula
A0A9P0HKF2	4	U-04	viridula	N. viridula
A0A9P0HKF4	1	U-01	viridula	N. viridula
A0A9P0HKG6	4	U-04	viridula	N. viridula
A0A9P0HKG7	1	U-01	viridula	N. viridula
A0A9P0H611	0	unassigned	viridula	N. viridula
A0A9P0H612	3	U-03	viridula	N. viridula
A0A9P0H613	2	U-02	viridula	N. viridula
A0A9P0H615	3	U-03	viridula	N. viridula
A0A9P0H616	1	U-01	viridula	N. viridula
A0A9P0H618	0	unassigned	viridula	N. viridula
A0A9P0H621	0	unassigned	viridula	N. viridula
A0A9P0H622	1	U-01	viridula	N. viridula
A0A9P0H623	1	U-01	viridula	N. viridula
A0A9P0H624	1	U-01	viridula	N. viridula
A0A9P0H625	1	U-01	viridula	N. viridula
A0A9P0H627	2	U-02	viridula	N. viridula
A0A9P0H628	1	U-01	viridula	N. viridula
A0A9P0H629	1	U-01	viridula	N. viridula
A0A9P0H630	2	U-02	viridula	N. viridula
A0A9P0H631	2	U-02	viridula	N. viridula
A0A9P0H632	1	U-01	viridula	N. viridula
A0A9P0H633	3	U-03	viridula	N. viridula
A0A9P0H634	2	U-02	viridula	N. viridula
A0A9P0H637	0	unassigned	viridula	N. viridula
A0A9P0H639	3	U-03	viridula	N. viridula
A0A9P0H640	1	U-01	viridula	N. viridula
A0A9P0H641	2	U-02	viridula	N. viridula
A0A9P0H643	1	U-01	viridula	N. viridula
A0A9P0H644	1	U-01	viridula	N. viridula
A0A9P0H648	1	U-01	viridula	N. viridula
A0A9P0H651	1	U-01	viridula	N. viridula
A0A9P0H652	3	U-03	viridula	N. viridula
A0A9P0H653	2	U-02	viridula	N. viridula
A0A9P0H654	2	U-02	viridula	N. viridula
A0A9P0H655	1	U-01	viridula	N. viridula
A0A9P0H656	1	U-01	viridula	N. viridula
A0A9P0H657	2	U-02	viridula	N. viridula
A0A9P0H660	2	U-02	viridula	N. viridula
A0A9P0H661	1	U-01	viridula	N. viridula
A0A9P0H662	2	U-02	viridula	N. viridula
A0A9P0H664	2	U-02	viridula	N. viridula
A0A9P0H665	1	U-01	viridula	N. viridula
A0A9P0H666	1	U-01	viridula	N. viridula
A0A9P0H667	1	U-01	viridula	N. viridula
A0A9P0H668	2	U-02	viridula	N. viridula
A0A9P0H669	1	U-01	viridula	N. viridula
A0A9P0H670	1	U-01	viridula	N. viridula
A0A9P0H671	1	U-01	viridula	N. viridula
A0A9P0H672	1	U-01	viridula	N. viridula
A0A9P0H673	2	U-02	viridula	N. viridula
A0A9P0H680	1	U-01	viridula	N. viridula
A0A9P0H681	1	U-01	viridula	N. viridula
A0A9P0H682	2	U-02	viridula	N. viridula
A0A9P0H684	1	U-01	viridula	N. viridula
A0A9P0H685	1	U-01	viridula	N. viridula
A0A9P0H687	1	U-01	viridula	N. viridula
A0A9P0H689	2	U-02	viridula	N. viridula
A0A9P0H691	0	unassigned	viridula	N. viridula
A0A9P0H692	1	U-01	viridula	N. viridula
A0A9P0H694	2	U-02	viridula	N. viridula
A0A9P0H696	0	unassigned	viridula	N. viridula
A0A9P0HQ86	2	U-02	viridula	N. viridula
A0A9P0HQ87	2	U-02	viridula	N. viridula
A0A9P0HQ90	2	U-02	viridula	N. viridula
A0A9P0HQ91	2	U-02	viridula	N. viridula
A0A9P0HQ93	1	U-01	viridula	N. viridula
A0A9P0HQ94	4	U-04	viridula	N. viridula
A0A9P0HQ95	1	U-01	viridula	N. viridula
A0A9P0HQ96	1	U-01	viridula	N. viridula
A0A9P0HQ98	1	U-01	viridula	N. viridula
A0A9P0HQ99	2	U-02	viridula	N. viridula
A0A9P0HQA5	1	U-01	viridula	N. viridula
A0A9P0HQA7	1	U-01	viridula	N. viridula
A0A9P0HQA8	0	unassigned	viridula	N. viridula
A0A9P0HQA9	4	U-04	viridula	N. viridula
A0A9P0HQB0	4	U-04	viridula	N. viridula
A0A9P0HQB1	2	U-02	viridula	N. viridula
A0A9P0HQB2	2	U-02	viridula	N. viridula
A0A9P0HQB3	1	U-01	viridula	N. viridula
A0A9P0HQB6	1	U-01	viridula	N. viridula
A0A9P0HQB7	1	U-01	viridula	N. viridula
A0A9P0HQB8	1	U-01	viridula	N. viridula
A0A9P0HQB9	2	U-02	viridula	N. viridula
A0A9P0HQC2	1	U-01	viridula	N. viridula
A0A9P0HQC3	1	U-01	viridula	N. viridula
A0A9P0HQC4	2	U-02	viridula	N. viridula
A0A9P0HQC5	1	U-01	viridula	N. viridula
A0A9P0HQC8	1	U-01	viridula	N. viridula
A0A9P0HQC9	1	U-01	viridula	N. viridula
A0A9P0HQD0	3	U-03	viridula	N. viridula
A0A9P0HQD2	1	U-01	viridula	N. viridula
A0A9P0HQD3	2	U-02	viridula	N. viridula
A0A9P0HQD4	3	U-03	viridula	N. viridula
A0A9P0HQD6	1	U-01	viridula	N. viridula
A0A9P0HQD7	2	U-02	viridula	N. viridula
A0A9P0HQD8	1	U-01	viridula	N. viridula
A0A9P0HQD9	4	U-04	viridula	N. viridula
A0A9P0HQE1	1	U-01	viridula	N. viridula
A0A9P0HQE2	0	unassigned	viridula	N. viridula
A0A9P0HQE5	1	U-01	viridula	N. viridula
A0A9P0HQE7	1	U-01	viridula	N. viridula
A0A9P0HQE8	1	U-01	viridula	N. viridula
A0A9P0HQE9	2	U-02	viridula	N. viridula
A0A9P0HQF1	0	unassigned	viridula	N. viridula
A0A9P0DYH7	1	U-01	viridula	N. viridula
A0A9P0DYJ0	1	U-01	viridula	N. viridula
A0A9P0DYJ9	3	U-03	viridula	N. viridula
A0A9P0DYK6	1	U-01	viridula	N. viridula
A0A9P0DYL1	3	U-03	viridula	N. viridula
A0A9P0DYM1	0	unassigned	viridula	N. viridula
A0A9P0DYP4	1	U-01	viridula	N. viridula
A0A9P0DYS3	4	U-04	viridula	N. viridula
A0A9P0DYT3	4	U-04	viridula	N. viridula
A0A9P0DYV4	1	U-01	viridula	N. viridula
A0A9P0DYX4	1	U-01	viridula	N. viridula
A0A9P0DYY0	1	U-01	viridula	N. viridula
A0A9P0DYY3	1	U-01	viridula	N. viridula
A0A9P0DYZ5	4	U-04	viridula	N. viridula
A0A9P0DZ07	1	U-01	viridula	N. viridula
A0A9P0DZ15	0	unassigned	viridula	N. viridula
A0A9P0DZ37	1	U-01	viridula	N. viridula
A0A9P0DZ38	0	unassigned	viridula	N. viridula
A0A9P0DZ50	1	U-01	viridula	N. viridula
A0A9P0DZ60	0	unassigned	viridula	N. viridula
A0A9P0DZ68	1	U-01	viridula	N. viridula
A0A9P0DZ78	4	U-04	viridula	N. viridula
A0A9P0DZ82	1	U-01	viridula	N. viridula
A0A9P0DZ86	1	U-01	viridula	N. viridula
A0A9P0DZA5	1	U-01	viridula	N. viridula
A0A9P0DZE0	1	U-01	viridula	N. viridula
A0A9P0DZF1	1	U-01	viridula	N. viridula
A0A9P0DZG2	1	U-01	viridula	N. viridula
A0A9P0DZG8	1	U-01	viridula	N. viridula
A0A9P0DZH8	3	U-03	viridula	N. viridula
A0A9P0DZI7	1	U-01	viridula	N. viridula
A0A9P0DZJ9	1	U-01	viridula	N. viridula
A0A9P0DZK2	1	U-01	viridula	N. viridula
A0A9P0DZM0	1	U-01	viridula	N. viridula
A0A9P0DZM9	1	U-01	viridula	N. viridula
A0A9P0DZP0	1	U-01	viridula	N. viridula
A0A9P0DZP6	1	U-01	viridula	N. viridula
A0A9P0DZR7	0	unassigned	viridula	N. viridula
A0A9P0DZS6	1	U-01	viridula	N. viridula
A0A9P0DZU6	1	U-01	viridula	N. viridula
A0A9P0DZU7	0	unassigned	viridula	N. viridula
A0A9P0DZV0	1	U-01	viridula	N. viridula
A0A9P0DZV5	1	U-01	viridula	N. viridula
A0A9P0DZV8	1	U-01	viridula	N. viridula
A0A9P0DZW3	3	U-03	viridula	N. viridula
A0A9P0DZX5	1	U-01	viridula	N. viridula
A0A9P0DZX6	1	U-01	viridula	N. viridula
A0A9P0DZZ8	4	U-04	viridula	N. viridula
A0A9P0E016	0	unassigned	viridula	N. viridula
A0A9P0E020	1	U-01	viridula	N. viridula
A0A9P0E026	1	U-01	viridula	N. viridula
A0A9P0E058	1	U-01	viridula	N. viridula
A0A9P0E060	1	U-01	viridula	N. viridula
A0A9P0E069	3	U-03	viridula	N. viridula
A0A9P0E080	1	U-01	viridula	N. viridula
A0A9P0E081	1	U-01	viridula	N. viridula
A0A9P0E083	1	U-01	viridula	N. viridula
A0A9P0E0A1	1	U-01	viridula	N. viridula
A0A9P0E0C5	1	U-01	viridula	N. viridula
A0A9P0E0D0	3	U-03	viridula	N. viridula
A0A9P0E0F5	1	U-01	viridula	N. viridula
A0A9P0E0G1	1	U-01	viridula	N. viridula
A0A9P0E0H0	0	unassigned	viridula	N. viridula
A0A9P0E0H9	0	unassigned	viridula	N. viridula
A0A9P0E0I0	1	U-01	viridula	N. viridula
A0A9P0E0I2	1	U-01	viridula	N. viridula
A0A9P0E0I3	1	U-01	viridula	N. viridula
A0A9P0E0J2	1	U-01	viridula	N. viridula
A0A9P0E0M1	1	U-01	viridula	N. viridula
A0A9P0E0N0	1	U-01	viridula	N. viridula
A0A9P0E0N8	1	U-01	viridula	N. viridula
A0A9P0E0N9	0	unassigned	viridula	N. viridula
A0A9P0E0R0	1	U-01	viridula	N. viridula
A0A9P0E0R9	1	U-01	viridula	N. viridula
A0A9P0E0S1	1	U-01	viridula	N. viridula
A0A9P0E0S7	1	U-01	viridula	N. viridula
A0A9P0E0U1	1	U-01	viridula	N. viridula
A0A9P0E0U9	1	U-01	viridula	N. viridula
A0A9P0E0V1	1	U-01	viridula	N. viridula
A0A9P0E0V9	1	U-01	viridula	N. viridula
A0A9P0E0W6	4	U-04	viridula	N. viridula
A0A9P0E0X2	1	U-01	viridula	N. viridula
A0A9P0E0X9	1	U-01	viridula	N. viridula
A0A9P0E0Y9	1	U-01	viridula	N. viridula
A0A9P0E0Z1	1	U-01	viridula	N. viridula
A0A9P0E0Z5	1	U-01	viridula	N. viridula
A0A9P0E0Z9	1	U-01	viridula	N. viridula
A0A9P0E111	1	U-01	viridula	N. viridula
A0A9P0E137	4	U-04	viridula	N. viridula
A0A9P0E138	1	U-01	viridula	N. viridula
A0A9P0E141	3	U-03	viridula	N. viridula
A0A9P0E144	1	U-01	viridula	N. viridula
A0A9P0E151	1	U-01	viridula	N. viridula
A0A9P0E163	1	U-01	viridula	N. viridula
A0A9P0E170	1	U-01	viridula	N. viridula
A0A9P0E177	1	U-01	viridula	N. viridula
A0A9P0E188	0	unassigned	viridula	N. viridula
A0A9P0E195	1	U-01	viridula	N. viridula
A0A9P0E1A6	0	unassigned	viridula	N. viridula
A0A9P0E1B1	0	unassigned	viridula	N. viridula
A0A9P0E1B3	1	U-01	viridula	N. viridula
A0A9P0E1B9	1	U-01	viridula	N. viridula
A0A9P0E1E2	3	U-03	viridula	N. viridula
A0A9P0E1E5	1	U-01	viridula	N. viridula
A0A9P0E1E7	1	U-01	viridula	N. viridula
A0A9P0E1E9	1	U-01	viridula	N. viridula
A0A9P0E1F3	1	U-01	viridula	N. viridula
A0A9P0E1F7	4	U-04	viridula	N. viridula
A0A9P0E1G8	3	U-03	viridula	N. viridula
A0A9P0E1H3	1	U-01	viridula	N. viridula
A0A9P0E1H4	1	U-01	viridula	N. viridula
A0A9P0E1H7	1	U-01	viridula	N. viridula
A0A9P0E1I3	1	U-01	viridula	N. viridula
A0A9P0E1J3	1	U-01	viridula	N. viridula
A0A9P0E1J4	1	U-01	viridula	N. viridula
A0A9P0E1K3	1	U-01	viridula	N. viridula
A0A9P0E1L2	0	unassigned	viridula	N. viridula
A0A9P0E1M5	1	U-01	viridula	N. viridula
A0A9P0E1P5	1	U-01	viridula	N. viridula
A0A9P0E1Q2	1	U-01	viridula	N. viridula
A0A9P0E1R1	1	U-01	viridula	N. viridula
A0A9P0E1R6	1	U-01	viridula	N. viridula
A0A9P0E1R9	1	U-01	viridula	N. viridula
A0A9P0E1S0	1	U-01	viridula	N. viridula
A0A9P0E1S4	1	U-01	viridula	N. viridula
A0A9P0E1S6	1	U-01	viridula	N. viridula
A0A9P0E1T0	1	U-01	viridula	N. viridula
A0A9P0E1T4	2	U-02	viridula	N. viridula
A0A9P0E1T5	1	U-01	viridula	N. viridula
A0A9P0E1W2	1	U-01	viridula	N. viridula
A0A9P0E1W3	4	U-04	viridula	N. viridula
A0A9P0E1W6	0	unassigned	viridula	N. viridula
A0A9P0E1X6	4	U-04	viridula	N. viridula
A0A9P0E215	4	U-04	viridula	N. viridula
A0A9P0E222	0	unassigned	viridula	N. viridula
A0A9P0E223	4	U-04	viridula	N. viridula
A0A9P0E232	1	U-01	viridula	N. viridula
A0A9P0E236	0	unassigned	viridula	N. viridula
A0A9P0E244	1	U-01	viridula	N. viridula
A0A9P0E245	4	U-04	viridula	N. viridula
A0A9P0E251	1	U-01	viridula	N. viridula
A0A9P0E268	3	U-03	viridula	N. viridula
A0A9P0E269	1	U-01	viridula	N. viridula
A0A9P0E280	4	U-04	viridula	N. viridula
A0A9P0E282	0	unassigned	viridula	N. viridula
A0A9P0E289	1	U-01	viridula	N. viridula
A0A9P0E299	0	unassigned	viridula	N. viridula
A0A9P0E2A2	1	U-01	viridula	N. viridula
A0A9P0E2A3	1	U-01	viridula	N. viridula
A0A9P0E2A8	1	U-01	viridula	N. viridula
A0A9P0E2A9	1	U-01	viridula	N. viridula
A0A9P0E2B2	3	U-03	viridula	N. viridula
A0A9P0E2B6	1	U-01	viridula	N. viridula
A0A9P0E2C4	3	U-03	viridula	N. viridula
A0A9P0E2C7	0	unassigned	viridula	N. viridula
A0A9P0E2D9	1	U-01	viridula	N. viridula
A0A9P0E2E2	1	U-01	viridula	N. viridula
A0A9P0E2E9	1	U-01	viridula	N. viridula
A0A9P0E2F5	4	U-04	viridula	N. viridula
A0A9P0E2G7	1	U-01	viridula	N. viridula
A0A9P0E2H1	0	unassigned	viridula	N. viridula
A0A9P0E2H8	1	U-01	viridula	N. viridula
A0A9P0E2I3	1	U-01	viridula	N. viridula
A0A9P0E2I4	1	U-01	viridula	N. viridula
A0A9P0E2I7	1	U-01	viridula	N. viridula
A0A9P0E2J1	1	U-01	viridula	N. viridula
A0A9P0E2J8	1	U-01	viridula	N. viridula
A0A9P0E2K7	1	U-01	viridula	N. viridula
A0A9P0E2L2	1	U-01	viridula	N. viridula
A0A9P0E2L7	1	U-01	viridula	N. viridula
A0A9P0E2M0	3	U-03	viridula	N. viridula
A0A9P0E2N0	1	U-01	viridula	N. viridula
A0A9P0E2N8	1	U-01	viridula	N. viridula
A0A9P0E2N9	1	U-01	viridula	N. viridula
A0A9P0E2P0	1	U-01	viridula	N. viridula
A0A9P0E2P9	1	U-01	viridula	N. viridula
A0A9P0E2Q2	1	U-01	viridula	N. viridula
A0A9P0E2R6	1	U-01	viridula	N. viridula
A0A9P0E2R7	1	U-01	viridula	N. viridula
A0A9P0E2S1	0	unassigned	viridula	N. viridula
A0A9P0E2S5	1	U-01	viridula	N. viridula
A0A9P0E2S9	1	U-01	viridula	N. viridula
A0A9P0E2T2	0	unassigned	viridula	N. viridula
A0A9P0E2U2	1	U-01	viridula	N. viridula
A0A9P0E2U8	1	U-01	viridula	N. viridula
A0A9P0E2V2	1	U-01	viridula	N. viridula
A0A9P0E2V5	3	U-03	viridula	N. viridula
A0A9P0E2W2	1	U-01	viridula	N. viridula
A0A9P0E2W3	3	U-03	viridula	N. viridula
A0A9P0E2W4	0	unassigned	viridula	N. viridula
A0A9P0E2W5	1	U-01	viridula	N. viridula
A0A9P0E2W8	1	U-01	viridula	N. viridula
A0A9P0E2W9	1	U-01	viridula	N. viridula
A0A9P0E2X2	0	unassigned	viridula	N. viridula
A0A9P0E2X7	1	U-01	viridula	N. viridula
A0A9P0E2X8	3	U-03	viridula	N. viridula
A0A9P0E2Y3	1	U-01	viridula	N. viridula
A0A9P0E2Y4	4	U-04	viridula	N. viridula
A0A9P0E2Y7	1	U-01	viridula	N. viridula
A0A9P0E2Z7	1	U-01	viridula	N. viridula
A0A9P0E301	1	U-01	viridula	N. viridula
A0A9P0E302	1	U-01	viridula	N. viridula
A0A9P0E308	1	U-01	viridula	N. viridula
A0A9P0E311	1	U-01	viridula	N. viridula
A0A9P0E312	1	U-01	viridula	N. viridula
A0A9P0E339	1	U-01	viridula	N. viridula
A0A9P0E340	1	U-01	viridula	N. viridula
A0A9P0E342	0	unassigned	viridula	N. viridula
A0A9P0E345	1	U-01	viridula	N. viridula
A0A9P0E355	4	U-04	viridula	N. viridula
A0A9P0E356	1	U-01	viridula	N. viridula
A0A9P0E357	1	U-01	viridula	N. viridula
A0A9P0E362	1	U-01	viridula	N. viridula
A0A9P0E368	1	U-01	viridula	N. viridula
A0A9P0E373	1	U-01	viridula	N. viridula
A0A9P0E375	1	U-01	viridula	N. viridula
A0A9P0E386	0	unassigned	viridula	N. viridula
A0A9P0E393	1	U-01	viridula	N. viridula
A0A9P0E397	3	U-03	viridula	N. viridula
A0A9P0E3A1	1	U-01	viridula	N. viridula
A0A9P0E3A4	1	U-01	viridula	N. viridula
A0A9P0E3A7	0	unassigned	viridula	N. viridula
A0A9P0E3B3	1	U-01	viridula	N. viridula
A0A9P0E3B6	1	U-01	viridula	N. viridula
A0A9P0E3C0	1	U-01	viridula	N. viridula
A0A9P0E3C7	1	U-01	viridula	N. viridula
A0A9P0E3C8	1	U-01	viridula	N. viridula
A0A9P0E3D4	1	U-01	viridula	N. viridula
A0A9P0E3E3	1	U-01	viridula	N. viridula
A0A9P0E3E4	1	U-01	viridula	N. viridula
A0A9P0E3E8	1	U-01	viridula	N. viridula
A0A9P0E3F4	3	U-03	viridula	N. viridula
A0A9P0E3G0	1	U-01	viridula	N. viridula
A0A9P0E3G1	1	U-01	viridula	N. viridula
A0A9P0E3G9	3	U-03	viridula	N. viridula
A0A9P0E3H1	3	U-03	viridula	N. viridula
A0A9P0E3H4	3	U-03	viridula	N. viridula
A0A9P0E3I2	1	U-01	viridula	N. viridula
A0A9P0E3I3	1	U-01	viridula	N. viridula
A0A9P0E3I7	0	unassigned	viridula	N. viridula
A0A9P0E3J0	1	U-01	viridula	N. viridula
A0A9P0E3J2	1	U-01	viridula	N. viridula
A0A9P0E3J3	1	U-01	viridula	N. viridula
A0A9P0E3J7	1	U-01	viridula	N. viridula
A0A9P0E3K2	1	U-01	viridula	N. viridula
A0A9P0E3K6	3	U-03	viridula	N. viridula
A0A9P0E3L1	1	U-01	viridula	N. viridula
A0A9P0E3L2	1	U-01	viridula	N. viridula
A0A9P0E3L4	0	unassigned	viridula	N. viridula
A0A9P0E3M3	0	unassigned	viridula	N. viridula
A0A9P0E3P0	1	U-01	viridula	N. viridula
A0A9P0E3P1	1	U-01	viridula	N. viridula
A0A9P0E3Q9	1	U-01	viridula	N. viridula
A0A9P0E3R1	1	U-01	viridula	N. viridula
A0A9P0E3R8	1	U-01	viridula	N. viridula
A0A9P0E3S4	0	unassigned	viridula	N. viridula
A0A9P0E3T6	1	U-01	viridula	N. viridula
A0A9P0E3U2	4	U-04	viridula	N. viridula
A0A9P0E3U6	0	unassigned	viridula	N. viridula
A0A9P0E3U7	0	unassigned	viridula	N. viridula
A0A9P0E3V3	1	U-01	viridula	N. viridula
A0A9P0E3V8	1	U-01	viridula	N. viridula
A0A9P0E3W1	1	U-01	viridula	N. viridula
A0A9P0E3W6	1	U-01	viridula	N. viridula
A0A9P0E7B6	4	U-04	viridula	N. viridula
A0A9P0E7B8	1	U-01	viridula	N. viridula
A0A9P0E7B9	1	U-01	viridula	N. viridula
A0A9P0E7C2	1	U-01	viridula	N. viridula
A0A9P0E7C4	1	U-01	viridula	N. viridula
A0A9P0E7C5	0	unassigned	viridula	N. viridula
A0A9P0E7C6	3	U-03	viridula	N. viridula
A0A9P0E7C7	1	U-01	viridula	N. viridula
A0A9P0E7C8	2	U-02	viridula	N. viridula
A0A9P0E7C9	2	U-02	viridula	N. viridula
A0A9P0E7D0	3	U-03	viridula	N. viridula
A0A9P0E7D2	1	U-01	viridula	N. viridula
A0A9P0E7D3	2	U-02	viridula	N. viridula
A0A9P0E7D4	2	U-02	viridula	N. viridula
A0A9P0E7D5	4	U-04	viridula	N. viridula
A0A9P0E7D6	2	U-02	viridula	N. viridula
A0A9P0E7D7	4	U-04	viridula	N. viridula
A0A9P0E7D9	2	U-02	viridula	N. viridula
A0A9P0E7E0	1	U-01	viridula	N. viridula
A0A9P0E7E1	1	U-01	viridula	N. viridula
A0A9P0E7E3	2	U-02	viridula	N. viridula
A0A9P0E7E4	2	U-02	viridula	N. viridula
A0A9P0E7E5	0	unassigned	viridula	N. viridula
A0A9P0E7E6	2	U-02	viridula	N. viridula
A0A9P0E7E7	1	U-01	viridula	N. viridula
A0A9P0E7E9	2	U-02	viridula	N. viridula
A0A9P0E7F0	1	U-01	viridula	N. viridula
A0A9P0E7F1	1	U-01	viridula	N. viridula
A0A9P0E7F2	4	U-04	viridula	N. viridula
A0A9P0E7F3	1	U-01	viridula	N. viridula
A0A9P0E7F4	1	U-01	viridula	N. viridula
A0A9P0E7F5	2	U-02	viridula	N. viridula
A0A9P0E7F6	4	U-04	viridula	N. viridula
A0A9P0E7F9	2	U-02	viridula	N. viridula
A0A9P0E7G0	1	U-01	viridula	N. viridula
A0A9P0E7G1	2	U-02	viridula	N. viridula
A0A9P0MV38	1	U-01	viridula	N. viridula
A0A9P0MV39	3	U-03	viridula	N. viridula
A0A9P0MV41	1	U-01	viridula	N. viridula
A0A9P0MV42	1	U-01	viridula	N. viridula
A0A9P0MV49	1	U-01	viridula	N. viridula
A0A9P0MV51	4	U-04	viridula	N. viridula
A0A9P0MV52	4	U-04	viridula	N. viridula
A0A9P0MV53	4	U-04	viridula	N. viridula
A0A9P0MV57	1	U-01	viridula	N. viridula
A0A9P0MV59	1	U-01	viridula	N. viridula
A0A9P0MV65	1	U-01	viridula	N. viridula
A0A9P0MV67	1	U-01	viridula	N. viridula
A0A9P0MV68	4	U-04	viridula	N. viridula
A0A9P0MV69	1	U-01	viridula	N. viridula
A0A9P0MV75	1	U-01	viridula	N. viridula
A0A9P0MV79	1	U-01	viridula	N. viridula
A0A9P0MV84	0	unassigned	viridula	N. viridula
A0A9P0MV85	1	U-01	viridula	N. viridula
A0A9P0MV88	1	U-01	viridula	N. viridula
A0A9P0MV89	3	U-03	viridula	N. viridula
A0A9P0MV92	3	U-03	viridula	N. viridula
A0A9P0MV96	4	U-04	viridula	N. viridula
A0A9P0MVA1	1	U-01	viridula	N. viridula
A0A9P0MVA2	0	unassigned	viridula	N. viridula
A0A9P0MVA4	1	U-01	viridula	N. viridula
A0A9P0MVA6	1	U-01	viridula	N. viridula
A0A9P0MVB2	3	U-03	viridula	N. viridula
A0A9P0MVB8	1	U-01	viridula	N. viridula
A0A9P0MVC0	3	U-03	viridula	N. viridula
A0A9P0MVC1	1	U-01	viridula	N. viridula
A0A9P0MVD0	1	U-01	viridula	N. viridula
A0A9P0MVD4	1	U-01	viridula	N. viridula
A0A9P0MVD5	3	U-03	viridula	N. viridula
A0A9P0MVD6	1	U-01	viridula	N. viridula
A0A9P0MVD7	1	U-01	viridula	N. viridula
A0A9P0MVE1	3	U-03	viridula	N. viridula
A0A9P0MVE5	1	U-01	viridula	N. viridula
A0A9P0MVE6	1	U-01	viridula	N. viridula
A0A9P0MVE7	3	U-03	viridula	N. viridula
A0A9P0MVF0	1	U-01	viridula	N. viridula
A0A9P0MVF5	1	U-01	viridula	N. viridula
A0A9P0MVG2	1	U-01	viridula	N. viridula
A0A9P0MVG3	1	U-01	viridula	N. viridula
A0A9P0MVG5	1	U-01	viridula	N. viridula
A0A9P0MVH7	1	U-01	viridula	N. viridula
A0A9P0MVI1	1	U-01	viridula	N. viridula
A0A9P0MVI2	1	U-01	viridula	N. viridula
A0A9P0MVI4	1	U-01	viridula	N. viridula
A0A9P0MVJ1	3	U-03	viridula	N. viridula
A0A9P0MVM5	1	U-01	viridula	N. viridula
A0A9P0MVM7	1	U-01	viridula	N. viridula
A0A9P0MVN5	1	U-01	viridula	N. viridula
A0A9P0MVP5	1	U-01	viridula	N. viridula
A0A9P0MVP8	1	U-01	viridula	N. viridula
A0A9P0MVQ0	1	U-01	viridula	N. viridula
A0A9P0MVQ5	4	U-04	viridula	N. viridula
A0A9P0MVQ7	1	U-01	viridula	N. viridula
A0A9P0MVR3	1	U-01	viridula	N. viridula
A0A9P0MVR4	4	U-04	viridula	N. viridula
A0A9P0MVR6	1	U-01	viridula	N. viridula
A0A9P0MVS3	0	unassigned	viridula	N. viridula
A0A9P0MVS6	1	U-01	viridula	N. viridula
A0A9P0MVS7	1	U-01	viridula	N. viridula
A0A9P0MVS8	4	U-04	viridula	N. viridula
A0A9P0MVT1	1	U-01	viridula	N. viridula
A0A9P0MVT2	1	U-01	viridula	N. viridula
A0A9P0MVT4	1	U-01	viridula	N. viridula
A0A9P0MVT7	1	U-01	viridula	N. viridula
A0A9P0MVT8	1	U-01	viridula	N. viridula
A0A9P0MVU3	1	U-01	viridula	N. viridula
A0A9P0MVU4	0	unassigned	viridula	N. viridula
A0A9P0MVU8	1	U-01	viridula	N. viridula
A0A9P0MVW2	1	U-01	viridula	N. viridula
A0A9P0MVW6	1	U-01	viridula	N. viridula
A0A9P0MVX2	1	U-01	viridula	N. viridula
A0A9P0MVX9	3	U-03	viridula	N. viridula
A0A9P0MVY3	1	U-01	viridula	N. viridula
A0A9P0MVY4	3	U-03	viridula	N. viridula
A0A9P0MVY9	1	U-01	viridula	N. viridula
A0A9P0MW01	1	U-01	viridula	N. viridula
A0A9P0MW02	0	unassigned	viridula	N. viridula
A0A9P0MW04	1	U-01	viridula	N. viridula
A0A9P0MW07	1	U-01	viridula	N. viridula
A0A9P0MW24	1	U-01	viridula	N. viridula
A0A9P0MW33	0	unassigned	viridula	N. viridula
A0A9P0MW37	1	U-01	viridula	N. viridula
A0A9P0MW38	1	U-01	viridula	N. viridula
A0A9P0MW39	3	U-03	viridula	N. viridula
A0A9P0MW42	1	U-01	viridula	N. viridula
A0A9P0MW44	3	U-03	viridula	N. viridula
A0A9P0MW51	1	U-01	viridula	N. viridula
A0A9P0MW56	4	U-04	viridula	N. viridula
A0A9P0MW57	1	U-01	viridula	N. viridula
A0A9P0MW58	1	U-01	viridula	N. viridula
A0A9P0MW65	4	U-04	viridula	N. viridula
A0A9P0MW66	1	U-01	viridula	N. viridula
A0A9P0E1Z4	1	U-01	viridula	N. viridula
A0A9P0E1Z5	0	unassigned	viridula	N. viridula
A0A9P0E1Z8	1	U-01	viridula	N. viridula
A0A9P0E201	1	U-01	viridula	N. viridula
A0A9P0E203	1	U-01	viridula	N. viridula
A0A9P0E206	1	U-01	viridula	N. viridula
A0A9P0E207	1	U-01	viridula	N. viridula
A0A9P0E209	1	U-01	viridula	N. viridula
A0A9P0E210	1	U-01	viridula	N. viridula
A0A9P0E213	0	unassigned	viridula	N. viridula
A0A9P0E216	0	unassigned	viridula	N. viridula
A0A9P0E219	0	unassigned	viridula	N. viridula
A0A9P0E220	1	U-01	viridula	N. viridula
A0A9P0E224	1	U-01	viridula	N. viridula
A0A9P0E227	2	U-02	viridula	N. viridula
A0A9P0E230	4	U-04	viridula	N. viridula
A0A9P0E233	1	U-01	viridula	N. viridula
A0A9P0E234	1	U-01	viridula	N. viridula
A0A9P0E235	1	U-01	viridula	N. viridula
A0A9P0E237	1	U-01	viridula	N. viridula
A0A9P0E240	1	U-01	viridula	N. viridula
A0A9P0E241	2	U-02	viridula	N. viridula
A0A9P0E242	1	U-01	viridula	N. viridula
A0A9P0E246	2	U-02	viridula	N. viridula
A0A9P0E247	1	U-01	viridula	N. viridula
A0A9P0E249	1	U-01	viridula	N. viridula
A0A9P0E250	1	U-01	viridula	N. viridula
A0A9P0E253	1	U-01	viridula	N. viridula
A0A9P0E254	1	U-01	viridula	N. viridula
A0A9P0E255	2	U-02	viridula	N. viridula
A0A9P0E256	2	U-02	viridula	N. viridula
A0A9P0E259	2	U-02	viridula	N. viridula
A0A9P0E260	1	U-01	viridula	N. viridula
A0A9P0E262	0	unassigned	viridula	N. viridula
A0A9P0E263	1	U-01	viridula	N. viridula
A0A9P0E264	2	U-02	viridula	N. viridula
A0A9P0E265	1	U-01	viridula	N. viridula
A0A9P0E267	2	U-02	viridula	N. viridula
A0A9P0E270	3	U-03	viridula	N. viridula
A0A9P0E271	1	U-01	viridula	N. viridula
A0A9P0E273	1	U-01	viridula	N. viridula
A0A9P0E274	1	U-01	viridula	N. viridula
A0A9P0E276	2	U-02	viridula	N. viridula
A0A9P0E277	2	U-02	viridula	N. viridula
A0A9P0E279	2	U-02	viridula	N. viridula
A0A9P0E283	1	U-01	viridula	N. viridula
A0A9P0E284	0	unassigned	viridula	N. viridula
A0A9P0E287	4	U-04	viridula	N. viridula
A0A9P0E288	4	U-04	viridula	N. viridula
A0A9P0E290	1	U-01	viridula	N. viridula
A0A9P0E292	1	U-01	viridula	N. viridula
A0A9P0E293	2	U-02	viridula	N. viridula
A0A9P0E294	0	unassigned	viridula	N. viridula
A0A9P0E296	2	U-02	viridula	N. viridula
A0A9P0E298	1	U-01	viridula	N. viridula
A0A9P0E2A1	2	U-02	viridula	N. viridula
A0A9P0E2A5	2	U-02	viridula	N. viridula
A0A9P0E2B3	1	U-01	viridula	N. viridula
A0A9P0E2B4	0	unassigned	viridula	N. viridula
A0A9P0E2B8	4	U-04	viridula	N. viridula
A0A9P0E2B9	1	U-01	viridula	N. viridula
A0A9P0E2C0	4	U-04	viridula	N. viridula
A0A9P0E2C1	2	U-02	viridula	N. viridula
A0A9P0E2C3	3	U-03	viridula	N. viridula
A0A9P0E2C8	1	U-01	viridula	N. viridula
A0A9P0E2C9	1	U-01	viridula	N. viridula
A0A9P0E2D0	1	U-01	viridula	N. viridula
A0A9P0E2D2	1	U-01	viridula	N. viridula
A0A9P0E2D5	2	U-02	viridula	N. viridula
A0A9P0E2D6	1	U-01	viridula	N. viridula
A0A9P0E2D7	3	U-03	viridula	N. viridula
A0A9P0E2D8	1	U-01	viridula	N. viridula
A0A9P0E2E0	4	U-04	viridula	N. viridula
A0A9P0E2E6	1	U-01	viridula	N. viridula
A0A9P0E2E7	2	U-02	viridula	N. viridula
A0A9P0E2E8	1	U-01	viridula	N. viridula
A0A9P0E2F0	2	U-02	viridula	N. viridula
A0A9P0E2F1	1	U-01	viridula	N. viridula
A0A9P0E2F6	1	U-01	viridula	N. viridula
A0A9P0E2F7	3	U-03	viridula	N. viridula
A0A9P0E2F8	1	U-01	viridula	N. viridula
A0A9P0E2F9	2	U-02	viridula	N. viridula
A0A9P0E2G2	0	unassigned	viridula	N. viridula
A0A9P0E2G3	1	U-01	viridula	N. viridula
A0A9P0E2G4	1	U-01	viridula	N. viridula
A0A9P0E2G6	2	U-02	viridula	N. viridula
A0A9P0E2G8	2	U-02	viridula	N. viridula
A0A9P0E2G9	2	U-02	viridula	N. viridula
A0A9P0E2H3	1	U-01	viridula	N. viridula
A0A9P0E2H4	2	U-02	viridula	N. viridula
A0A9P0E2H5	1	U-01	viridula	N. viridula
A0A9P0E2H6	3	U-03	viridula	N. viridula
A0A9P0E2I1	1	U-01	viridula	N. viridula
A0A9P0E2I2	1	U-01	viridula	N. viridula
A0A9P0E2I5	1	U-01	viridula	N. viridula
A0A9P0E2I9	1	U-01	viridula	N. viridula
A0A9P0E2J2	1	U-01	viridula	N. viridula
A0A9P0E3U3	1	U-01	viridula	N. viridula
A0A9P0E3U8	1	U-01	viridula	N. viridula
A0A9P0E3U9	1	U-01	viridula	N. viridula
A0A9P0E3V1	1	U-01	viridula	N. viridula
A0A9P0E3V2	2	U-02	viridula	N. viridula
A0A9P0E3V5	1	U-01	viridula	N. viridula
A0A9P0E3V6	0	unassigned	viridula	N. viridula
A0A9P0E3V9	3	U-03	viridula	N. viridula
A0A9P0E3W2	2	U-02	viridula	N. viridula
A0A9P0E3W3	1	U-01	viridula	N. viridula
A0A9P0E3W4	2	U-02	viridula	N. viridula
A0A9P0E3W7	1	U-01	viridula	N. viridula
A0A9P0E3W8	1	U-01	viridula	N. viridula
A0A9P0E3W9	1	U-01	viridula	N. viridula
A0A9P0E3X2	4	U-04	viridula	N. viridula
A0A9P0E3X3	1	U-01	viridula	N. viridula
A0A9P0E3X4	3	U-03	viridula	N. viridula
A0A9P0E3Y0	3	U-03	viridula	N. viridula
A0A9P0E3Y1	1	U-01	viridula	N. viridula
A0A9P0E3Y4	0	unassigned	viridula	N. viridula
A0A9P0E3Y5	3	U-03	viridula	N. viridula
A0A9P0E3Y6	1	U-01	viridula	N. viridula
A0A9P0E3Z2	1	U-01	viridula	N. viridula
A0A9P0E3Z3	4	U-04	viridula	N. viridula
A0A9P0E3Z5	2	U-02	viridula	N. viridula
A0A9P0E3Z6	1	U-01	viridula	N. viridula
A0A9P0E3Z7	1	U-01	viridula	N. viridula
A0A9P0E3Z8	1	U-01	viridula	N. viridula
A0A9P0E403	4	U-04	viridula	N. viridula
A0A9P0E404	2	U-02	viridula	N. viridula
A0A9P0E405	1	U-01	viridula	N. viridula
A0A9P0E408	2	U-02	viridula	N. viridula
A0A9P0E410	2	U-02	viridula	N. viridula
A0A9P0E413	0	unassigned	viridula	N. viridula
A0A9P0E415	3	U-03	viridula	N. viridula
A0A9P0E416	1	U-01	viridula	N. viridula
A0A9P0E419	1	U-01	viridula	N. viridula
A0A9P0E422	2	U-02	viridula	N. viridula
A0A9P0E423	1	U-01	viridula	N. viridula
A0A9P0E425	2	U-02	viridula	N. viridula
A0A9P0E426	1	U-01	viridula	N. viridula
A0A9P0E427	2	U-02	viridula	N. viridula
A0A9P0E431	2	U-02	viridula	N. viridula
A0A9P0E432	0	unassigned	viridula	N. viridula
A0A9P0E433	3	U-03	viridula	N. viridula
A0A9P0E440	0	unassigned	viridula	N. viridula
A0A9P0E444	2	U-02	viridula	N. viridula
A0A9P0E445	0	unassigned	viridula	N. viridula
A0A9P0E447	2	U-02	viridula	N. viridula
A0A9P0E448	1	U-01	viridula	N. viridula
A0A9P0E449	1	U-01	viridula	N. viridula
A0A9P0E457	3	U-03	viridula	N. viridula
A0A9P0E458	4	U-04	viridula	N. viridula
A0A9P0E461	4	U-04	viridula	N. viridula
A0A9P0E462	1	U-01	viridula	N. viridula
A0A9P0E464	1	U-01	viridula	N. viridula
A0A9P0E466	0	unassigned	viridula	N. viridula
A0A9P0E467	1	U-01	viridula	N. viridula
A0A9P0E468	1	U-01	viridula	N. viridula
A0A9P0E471	1	U-01	viridula	N. viridula
A0A9P0E474	2	U-02	viridula	N. viridula
A0A9P0E476	0	unassigned	viridula	N. viridula
A0A9P0E477	2	U-02	viridula	N. viridula
A0A9P0E481	3	U-03	viridula	N. viridula
A0A9P0E483	1	U-01	viridula	N. viridula
A0A9P0E484	3	U-03	viridula	N. viridula
A0A9P0E486	0	unassigned	viridula	N. viridula
A0A9P0E491	1	U-01	viridula	N. viridula
A0A9P0E494	1	U-01	viridula	N. viridula
A0A9P0E498	3	U-03	viridula	N. viridula
A0A9P0E499	4	U-04	viridula	N. viridula
A0A9P0E4A0	3	U-03	viridula	N. viridula
A0A9P0E4A2	2	U-02	viridula	N. viridula
A0A9P0E4A5	1	U-01	viridula	N. viridula
A0A9P0E4A9	0	unassigned	viridula	N. viridula
A0A9P0E4B2	2	U-02	viridula	N. viridula
A0A9P0E4B3	4	U-04	viridula	N. viridula
A0A9P0E4B4	0	unassigned	viridula	N. viridula
A0A9P0E4B7	2	U-02	viridula	N. viridula
A0A9P0E4B8	2	U-02	viridula	N. viridula
A0A9P0E4B9	1	U-01	viridula	N. viridula
A0A9P0E4C0	1	U-01	viridula	N. viridula
A0A9P0E4C3	1	U-01	viridula	N. viridula
A0A9P0E4C4	2	U-02	viridula	N. viridula
A0A9P0E4C5	2	U-02	viridula	N. viridula
A0A9P0E4C7	2	U-02	viridula	N. viridula
A0A9P0E4D0	1	U-01	viridula	N. viridula
A0A9P0E4D1	3	U-03	viridula	N. viridula
A0A9P0E4D4	1	U-01	viridula	N. viridula
A0A9P0E4D5	4	U-04	viridula	N. viridula
A0A9P0E4D7	2	U-02	viridula	N. viridula
A0A9P0E4E1	1	U-01	viridula	N. viridula
A0A9P0E4E3	1	U-01	viridula	N. viridula
A0A9P0E4E4	1	U-01	viridula	N. viridula
A0A9P0E4E5	1	U-01	viridula	N. viridula
A0A9P0E4E8	0	unassigned	viridula	N. viridula
A0A9P0E4F1	2	U-02	viridula	N. viridula
A0A9P0E4F2	1	U-01	viridula	N. viridula
A0A9P0E4F3	1	U-01	viridula	N. viridula
A0A9P0E503	1	U-01	viridula	N. viridula
A0A9P0E504	1	U-01	viridula	N. viridula
A0A9P0E506	1	U-01	viridula	N. viridula
A0A9P0E509	2	U-02	viridula	N. viridula
A0A9P0E510	1	U-01	viridula	N. viridula
A0A9P0E511	2	U-02	viridula	N. viridula
A0A9P0E512	0	unassigned	viridula	N. viridula
A0A9P0E514	1	U-01	viridula	N. viridula
A0A9P0HKW9	1	U-01	viridula	N. viridula
A0A9P0HKX1	2	U-02	viridula	N. viridula
A0A9P0HKX3	1	U-01	viridula	N. viridula
A0A9P0HKX4	0	unassigned	viridula	N. viridula
A0A9P0HKX5	1	U-01	viridula	N. viridula
A0A9P0HKX6	2	U-02	viridula	N. viridula
A0A9P0HKX7	1	U-01	viridula	N. viridula
A0A9P0HKX8	3	U-03	viridula	N. viridula
A0A9P0HKY0	1	U-01	viridula	N. viridula
A0A9P0HKY1	1	U-01	viridula	N. viridula
A0A9P0HKY3	2	U-02	viridula	N. viridula
A0A9P0HKY5	1	U-01	viridula	N. viridula
A0A9P0HKY8	1	U-01	viridula	N. viridula
A0A9P0HKZ0	1	U-01	viridula	N. viridula
A0A9P0HKZ1	2	U-02	viridula	N. viridula
A0A9P0HKZ2	0	unassigned	viridula	N. viridula
A0A9P0HKZ4	1	U-01	viridula	N. viridula
A0A9P0HKZ5	2	U-02	viridula	N. viridula
A0A9P0HKZ7	1	U-01	viridula	N. viridula
A0A9P0HKZ8	1	U-01	viridula	N. viridula
A0A9P0HKZ9	1	U-01	viridula	N. viridula
A0A9P0HL01	1	U-01	viridula	N. viridula
A0A9P0HL02	1	U-01	viridula	N. viridula
A0A9P0HL03	2	U-02	viridula	N. viridula
A0A9P0HL04	0	unassigned	viridula	N. viridula
A0A9P0HL05	2	U-02	viridula	N. viridula
A0A9P0HL06	1	U-01	viridula	N. viridula
A0A9P0HL07	1	U-01	viridula	N. viridula
A0A9P0HL08	1	U-01	viridula	N. viridula
A0A9P0HL09	1	U-01	viridula	N. viridula
A0A9P0HL10	0	unassigned	viridula	N. viridula
A0A9P0HL11	1	U-01	viridula	N. viridula
A0A9P0HL12	2	U-02	viridula	N. viridula
A0A9P0HL16	1	U-01	viridula	N. viridula
A0A9P0HL17	1	U-01	viridula	N. viridula
A0A9P0HL19	4	U-04	viridula	N. viridula
A0A9P0HL20	2	U-02	viridula	N. viridula
A0A9P0HL22	3	U-03	viridula	N. viridula
A0A9P0HL23	3	U-03	viridula	N. viridula
A0A9P0HL24	1	U-01	viridula	N. viridula
A0A9P0HL25	2	U-02	viridula	N. viridula
A0A9P0HL26	1	U-01	viridula	N. viridula
A0A9P0HL28	1	U-01	viridula	N. viridula
A0A9P0HL29	0	unassigned	viridula	N. viridula
A0A9P0HL30	0	unassigned	viridula	N. viridula
A0A9P0HL31	1	U-01	viridula	N. viridula
A0A9P0HL32	2	U-02	viridula	N. viridula
A0A9P0HL33	1	U-01	viridula	N. viridula
A0A9P0HL34	2	U-02	viridula	N. viridula
A0A9P0HL37	2	U-02	viridula	N. viridula
A0A9P0HL38	1	U-01	viridula	N. viridula
A0A9P0HL40	1	U-01	viridula	N. viridula
A0A9P0HL41	2	U-02	viridula	N. viridula
A0A9P0HL42	1	U-01	viridula	N. viridula
A0A9P0HL44	1	U-01	viridula	N. viridula
A0A9P0HL45	2	U-02	viridula	N. viridula
A0A9P0HL46	1	U-01	viridula	N. viridula
A0A9P0HL48	0	unassigned	viridula	N. viridula
A0A9P0HL49	1	U-01	viridula	N. viridula
A0A9P0HL52	2	U-02	viridula	N. viridula
A0A9P0HL54	1	U-01	viridula	N. viridula
A0A9P0HL55	4	U-04	viridula	N. viridula
A0A9P0HL56	1	U-01	viridula	N. viridula
A0A9P0HL57	0	unassigned	viridula	N. viridula
A0A9P0HL58	2	U-02	viridula	N. viridula
A0A9P0HL59	1	U-01	viridula	N. viridula
A0A9P0HL60	2	U-02	viridula	N. viridula
A0A9P0HL61	3	U-03	viridula	N. viridula
A0A9P0HL62	1	U-01	viridula	N. viridula
A0A9P0HL63	4	U-04	viridula	N. viridula
A0A9P0HL64	2	U-02	viridula	N. viridula
A0A9P0HL67	1	U-01	viridula	N. viridula
A0A9P0HL68	0	unassigned	viridula	N. viridula
A0A9P0HL69	4	U-04	viridula	N. viridula
A0A9P0HL70	1	U-01	viridula	N. viridula
A0A9P0HL71	2	U-02	viridula	N. viridula
A0A9P0HL72	1	U-01	viridula	N. viridula
A0A9P0HL73	1	U-01	viridula	N. viridula
A0A9P0HL74	1	U-01	viridula	N. viridula
A0A9P0HL76	2	U-02	viridula	N. viridula
A0A9P0HL77	0	unassigned	viridula	N. viridula
A0A9P0HL78	1	U-01	viridula	N. viridula
A0A9P0HL79	0	unassigned	viridula	N. viridula
A0A9P0HL80	0	unassigned	viridula	N. viridula
A0A9P0HL85	3	U-03	viridula	N. viridula
A0A9P0HL86	2	U-02	viridula	N. viridula
A0A9P0HL87	1	U-01	viridula	N. viridula
A0A9P0HL88	2	U-02	viridula	N. viridula
A0A9P0HL89	4	U-04	viridula	N. viridula
A0A9P0HL90	1	U-01	viridula	N. viridula
A0A9P0HL92	3	U-03	viridula	N. viridula
A0A9P0HL93	1	U-01	viridula	N. viridula
A0A9P0HL94	0	unassigned	viridula	N. viridula
A0A9P0HL95	1	U-01	viridula	N. viridula
A0A9P0HL96	1	U-01	viridula	N. viridula
A0A9P0HL97	2	U-02	viridula	N. viridula
A0A9P0HL98	1	U-01	viridula	N. viridula
A0A9P0HL99	1	U-01	viridula	N. viridula
A0A9P0HLA0	1	U-01	viridula	N. viridula
A0A9P0HLA1	2	U-02	viridula	N. viridula
A0A9P0HLA5	1	U-01	viridula	N. viridula
A0A9P0HLA7	2	U-02	viridula	N. viridula
A0A9P0HLA8	2	U-02	viridula	N. viridula
A0A9P0HLB1	2	U-02	viridula	N. viridula
A0A9P0HLB3	0	unassigned	viridula	N. viridula
A0A9P0HLB4	1	U-01	viridula	N. viridula
A0A9P0HLB5	1	U-01	viridula	N. viridula
A0A9P0HLB6	2	U-02	viridula	N. viridula
A0A9P0HLB7	0	unassigned	viridula	N. viridula
A0A9P0HLB8	2	U-02	viridula	N. viridula
A0A9P0HLB9	1	U-01	viridula	N. viridula
A0A9P0HLC0	1	U-01	viridula	N. viridula
A0A9P0HLC1	2	U-02	viridula	N. viridula
A0A9P0HLC2	2	U-02	viridula	N. viridula
A0A9P0HLC3	1	U-01	viridula	N. viridula
A0A9P0HLC5	1	U-01	viridula	N. viridula
A0A9P0HLC6	1	U-01	viridula	N. viridula
A0A9P0HLC7	1	U-01	viridula	N. viridula
A0A9P0HLD0	1	U-01	viridula	N. viridula
A0A9P0HLD1	2	U-02	viridula	N. viridula
A0A9P0HLD2	1	U-01	viridula	N. viridula
A0A9P0HLD3	1	U-01	viridula	N. viridula
A0A9P0HLD5	2	U-02	viridula	N. viridula
A0A9P0HLD6	3	U-03	viridula	N. viridula
A0A9P0HLD8	0	unassigned	viridula	N. viridula
A0A9P0HLD9	1	U-01	viridula	N. viridula
A0A9P0HLE0	1	U-01	viridula	N. viridula
A0A9P0HLE1	1	U-01	viridula	N. viridula
A0A9P0HLE3	0	unassigned	viridula	N. viridula
A0A9P0HLE5	1	U-01	viridula	N. viridula
A0A9P0HLE6	1	U-01	viridula	N. viridula
A0A9P0HLE8	3	U-03	viridula	N. viridula
A0A9P0HLE9	4	U-04	viridula	N. viridula
A0A9P0HLF1	1	U-01	viridula	N. viridula
A0A9P0HLF3	1	U-01	viridula	N. viridula
A0A9P0HLF4	1	U-01	viridula	N. viridula
A0A9P0HLF5	2	U-02	viridula	N. viridula
A0A9P0HLF6	3	U-03	viridula	N. viridula
A0A9P0HLF7	1	U-01	viridula	N. viridula
A0A9P0HLF8	2	U-02	viridula	N. viridula
A0A9P0HLF9	1	U-01	viridula	N. viridula
A0A9P0HLG0	1	U-01	viridula	N. viridula
A0A9P0HLG2	1	U-01	viridula	N. viridula
A0A9P0HLG3	2	U-02	viridula	N. viridula
A0A9P0HLG4	1	U-01	viridula	N. viridula
A0A9P0HLG6	3	U-03	viridula	N. viridula
A0A9P0HLG7	0	unassigned	viridula	N. viridula
A0A9P0HLG9	1	U-01	viridula	N. viridula
A0A9P0HLH1	1	U-01	viridula	N. viridula
A0A9P0HLH3	1	U-01	viridula	N. viridula
A0A9P0HLH5	1	U-01	viridula	N. viridula
A0A9P0HLH7	1	U-01	viridula	N. viridula
A0A9P0HLI0	1	U-01	viridula	N. viridula
A0A9P0HLI3	1	U-01	viridula	N. viridula
A0A9P0HLI5	2	U-02	viridula	N. viridula
A0A9P0HLI8	2	U-02	viridula	N. viridula
A0A9P0HLJ0	1	U-01	viridula	N. viridula
A0A9P0HLJ3	4	U-04	viridula	N. viridula
A0A9P0HLJ4	1	U-01	viridula	N. viridula
A0A9P0HLJ5	0	unassigned	viridula	N. viridula
A0A9P0HLJ6	2	U-02	viridula	N. viridula
A0A9P0HLJ8	2	U-02	viridula	N. viridula
A0A9P0HLJ9	1	U-01	viridula	N. viridula
A0A9P0HLK1	2	U-02	viridula	N. viridula
A0A9P0HLK3	1	U-01	viridula	N. viridula
A0A9P0HLK5	2	U-02	viridula	N. viridula
A0A9P0HLK7	1	U-01	viridula	N. viridula
A0A9P0HLK8	1	U-01	viridula	N. viridula
A0A9P0HLK9	2	U-02	viridula	N. viridula
A0A9P0HLL2	1	U-01	viridula	N. viridula
A0A9P0HLL3	2	U-02	viridula	N. viridula
A0A9P0HLL4	2	U-02	viridula	N. viridula
A0A9P0HLL5	2	U-02	viridula	N. viridula
A0A9P0HLL7	0	unassigned	viridula	N. viridula
A0A9P0HLL8	3	U-03	viridula	N. viridula
A0A9P0HLL9	1	U-01	viridula	N. viridula
A0A9P0HLM1	0	unassigned	viridula	N. viridula
A0A9P0HLM2	3	U-03	viridula	N. viridula
A0A9P0HLM4	3	U-03	viridula	N. viridula
A0A9P0HLM6	4	U-04	viridula	N. viridula
A0A9P0HLM8	1	U-01	viridula	N. viridula
A0A9P0HLN0	1	U-01	viridula	N. viridula
A0A9P0HLN1	2	U-02	viridula	N. viridula
A0A9P0HLN3	1	U-01	viridula	N. viridula
A0A9P0HLN4	1	U-01	viridula	N. viridula
A0A9P0HLN8	1	U-01	viridula	N. viridula
A0A9P0HLN9	2	U-02	viridula	N. viridula
A0A9P0HLP1	2	U-02	viridula	N. viridula
A0A9P0HLP2	1	U-01	viridula	N. viridula
A0A9P0HLP3	3	U-03	viridula	N. viridula
A0A9P0HLP5	1	U-01	viridula	N. viridula
A0A9P0HLP6	3	U-03	viridula	N. viridula
A0A9P0HLP8	2	U-02	viridula	N. viridula
A0A9P0HLP9	1	U-01	viridula	N. viridula
A0A9P0HLQ1	1	U-01	viridula	N. viridula
A0A9P0HLQ3	1	U-01	viridula	N. viridula
A0A9P0HLQ4	1	U-01	viridula	N. viridula
A0A9P0HLQ5	1	U-01	viridula	N. viridula
A0A9P0HLQ8	2	U-02	viridula	N. viridula
A0A9P0HLQ9	4	U-04	viridula	N. viridula
A0A9P0HLR0	2	U-02	viridula	N. viridula
A0A9P0HLR2	1	U-01	viridula	N. viridula
A0A9P0HLR3	0	unassigned	viridula	N. viridula
A0A9P0HLR4	1	U-01	viridula	N. viridula
A0A9P0HLR6	0	unassigned	viridula	N. viridula
A0A9P0HLR8	1	U-01	viridula	N. viridula
A0A9P0HLR9	1	U-01	viridula	N. viridula
A0A9P0HLS0	1	U-01	viridula	N. viridula
A0A9P0HLS4	0	unassigned	viridula	N. viridula
A0A9P0HLS5	1	U-01	viridula	N. viridula
A0A9P0HLS6	2	U-02	viridula	N. viridula
A0A9P0HLS8	1	U-01	viridula	N. viridula
A0A9P0HLT5	2	U-02	viridula	N. viridula
A0A9P0HLT7	1	U-01	viridula	N. viridula
A0A9P0HLT8	1	U-01	viridula	N. viridula
A0A9P0HLT9	2	U-02	viridula	N. viridula
A0A9P0HLU0	1	U-01	viridula	N. viridula
A0A9P0HLU2	1	U-01	viridula	N. viridula
A0A9P0HLU4	1	U-01	viridula	N. viridula
A0A9P0HLU5	1	U-01	viridula	N. viridula
A0A9P0HLU9	1	U-01	viridula	N. viridula
A0A9P0HLV2	2	U-02	viridula	N. viridula
A0A9P0HLV3	2	U-02	viridula	N. viridula
A0A9P0HLV4	2	U-02	viridula	N. viridula
A0A9P0HLV6	1	U-01	viridula	N. viridula
A0A9P0HLV8	2	U-02	viridula	N. viridula
A0A9P0HLW0	1	U-01	viridula	N. viridula
A0A9P0HLW1	1	U-01	viridula	N. viridula
A0A9P0HLW2	1	U-01	viridula	N. viridula
A0A9P0HLW3	1	U-01	viridula	N. viridula
A0A9P0HLW4	1	U-01	viridula	N. viridula
A0A9P0HLW6	0	unassigned	viridula	N. viridula
A0A9P0HLW7	2	U-02	viridula	N. viridula
A0A9P0HLW8	1	U-01	viridula	N. viridula
A0A9P0HLW9	1	U-01	viridula	N. viridula
A0A9P0HLX1	3	U-03	viridula	N. viridula
A0A9P0HLX2	2	U-02	viridula	N. viridula
A0A9P0HLX5	1	U-01	viridula	N. viridula
A0A9P0HLX7	1	U-01	viridula	N. viridula
A0A9P0HLX8	1	U-01	viridula	N. viridula
A0A9P0HLX9	2	U-02	viridula	N. viridula
A0A9P0HLY1	1	U-01	viridula	N. viridula
A0A9P0HLY4	1	U-01	viridula	N. viridula
A0A9P0HLY6	1	U-01	viridula	N. viridula
A0A9P0HLY7	1	U-01	viridula	N. viridula
A0A9P0HLY8	1	U-01	viridula	N. viridula
A0A9P0HLY9	2	U-02	viridula	N. viridula
A0A9P0HLZ0	2	U-02	viridula	N. viridula
A0A9P0HLZ1	1	U-01	viridula	N. viridula
A0A9P0HLZ2	1	U-01	viridula	N. viridula
A0A9P0HLZ3	1	U-01	viridula	N. viridula
A0A9P0HLZ6	2	U-02	viridula	N. viridula
A0A9P0HLZ9	1	U-01	viridula	N. viridula
A0A9P0HM01	2	U-02	viridula	N. viridula
A0A9P0HM02	1	U-01	viridula	N. viridula
A0A9P0HM04	1	U-01	viridula	N. viridula
A0A9P0HM05	1	U-01	viridula	N. viridula
A0A9P0HM06	2	U-02	viridula	N. viridula
A0A9P0HM07	1	U-01	viridula	N. viridula
A0A9P0HM08	1	U-01	viridula	N. viridula
A0A9P0HM09	2	U-02	viridula	N. viridula
A0A9P0HM11	1	U-01	viridula	N. viridula
A0A9P0HM12	1	U-01	viridula	N. viridula
A0A9P0HM13	2	U-02	viridula	N. viridula
A0A9P0HM14	1	U-01	viridula	N. viridula
A0A9P0HM15	2	U-02	viridula	N. viridula
A0A9P0HM19	1	U-01	viridula	N. viridula
A0A9P0HM21	1	U-01	viridula	N. viridula
A0A9P0HM23	2	U-02	viridula	N. viridula
A0A9P0HM28	2	U-02	viridula	N. viridula
A0A9P0HM29	1	U-01	viridula	N. viridula
A0A9P0HM31	1	U-01	viridula	N. viridula
A0A9P0HM32	1	U-01	viridula	N. viridula
A0A9P0HM34	1	U-01	viridula	N. viridula
A0A9P0HM36	2	U-02	viridula	N. viridula
A0A9P0HM37	2	U-02	viridula	N. viridula
A0A9P0HM38	2	U-02	viridula	N. viridula
A0A9P0HM41	1	U-01	viridula	N. viridula
A0A9P0HM42	1	U-01	viridula	N. viridula
A0A9P0HM45	2	U-02	viridula	N. viridula
A0A9P0HM50	4	U-04	viridula	N. viridula
A0A9P0HM54	0	unassigned	viridula	N. viridula
A0A9P0HM56	2	U-02	viridula	N. viridula
A0A9P0HM57	2	U-02	viridula	N. viridula
A0A9P0HM58	0	unassigned	viridula	N. viridula
A0A9P0HM59	0	unassigned	viridula	N. viridula
A0A9P0HM60	2	U-02	viridula	N. viridula
A0A9P0HM62	0	unassigned	viridula	N. viridula
A0A9P0HM63	1	U-01	viridula	N. viridula
A0A9P0HM65	1	U-01	viridula	N. viridula
A0A9P0HM66	0	unassigned	viridula	N. viridula
A0A9P0HM70	2	U-02	viridula	N. viridula
A0A9P0HM71	1	U-01	viridula	N. viridula
A0A9P0HM72	1	U-01	viridula	N. viridula
A0A9P0HM73	1	U-01	viridula	N. viridula
A0A9P0HM74	3	U-03	viridula	N. viridula
A0A9P0HM75	1	U-01	viridula	N. viridula
A0A9P0HM77	1	U-01	viridula	N. viridula
A0A9P0HM78	2	U-02	viridula	N. viridula
A0A9P0HM80	1	U-01	viridula	N. viridula
A0A9P0HH71	1	U-01	viridula	N. viridula
A0A9P0HH73	0	unassigned	viridula	N. viridula
A0A9P0HH74	1	U-01	viridula	N. viridula
A0A9P0HH75	1	U-01	viridula	N. viridula
A0A9P0HH76	4	U-04	viridula	N. viridula
A0A9P0HH77	2	U-02	viridula	N. viridula
A0A9P0HH79	2	U-02	viridula	N. viridula
A0A9P0HH80	1	U-01	viridula	N. viridula
A0A9P0HH81	2	U-02	viridula	N. viridula
A0A9P0HH82	1	U-01	viridula	N. viridula
A0A9P0HH84	2	U-02	viridula	N. viridula
A0A9P0HH88	1	U-01	viridula	N. viridula
A0A9P0HH89	4	U-04	viridula	N. viridula
A0A9P0HH92	2	U-02	viridula	N. viridula
A0A9P0HH97	1	U-01	viridula	N. viridula
A0A9P0HH98	1	U-01	viridula	N. viridula
A0A9P0HH99	1	U-01	viridula	N. viridula
A0A9P0HHA1	0	unassigned	viridula	N. viridula
A0A9P0HHA3	2	U-02	viridula	N. viridula
A0A9P0HHA6	1	U-01	viridula	N. viridula
A0A9P0HHA7	1	U-01	viridula	N. viridula
A0A9P0HHA8	1	U-01	viridula	N. viridula
A0A9P0HHA9	1	U-01	viridula	N. viridula
A0A9P0HHB0	2	U-02	viridula	N. viridula
A0A9P0HHB2	4	U-04	viridula	N. viridula
A0A9P0HHB3	1	U-01	viridula	N. viridula
A0A9P0HHB4	3	U-03	viridula	N. viridula
A0A9P0HHB6	1	U-01	viridula	N. viridula
A0A9P0HHB7	4	U-04	viridula	N. viridula
A0A9P0HHC1	1	U-01	viridula	N. viridula
A0A9P0HHC5	4	U-04	viridula	N. viridula
A0A9P0HHC7	2	U-02	viridula	N. viridula
A0A9P0HHC8	2	U-02	viridula	N. viridula
A0A9P0HHC9	0	unassigned	viridula	N. viridula
A0A9P0HHD0	1	U-01	viridula	N. viridula
A0A9P0HHD1	1	U-01	viridula	N. viridula
A0A9P0HHD2	2	U-02	viridula	N. viridula
A0A9P0HHD4	2	U-02	viridula	N. viridula
A0A9P0HHD5	3	U-03	viridula	N. viridula
A0A9P0HHD6	1	U-01	viridula	N. viridula
A0A9P0HHD7	1	U-01	viridula	N. viridula
A0A9P0HHE1	1	U-01	viridula	N. viridula
A0A9P0HHE2	1	U-01	viridula	N. viridula
A0A9P0HHE4	3	U-03	viridula	N. viridula
A0A9P0HHE6	2	U-02	viridula	N. viridula
A0A9P0HHE7	1	U-01	viridula	N. viridula
A0A9P0HHE9	1	U-01	viridula	N. viridula
A0A9P0HHF0	1	U-01	viridula	N. viridula
A0A9P0HHF1	1	U-01	viridula	N. viridula
A0A9P0HHF2	1	U-01	viridula	N. viridula
A0A9P0HHF4	1	U-01	viridula	N. viridula
A0A9P0HHV5	1	U-01	viridula	N. viridula
A0A9P0HHV8	3	U-03	viridula	N. viridula
A0A9P0HHV9	0	unassigned	viridula	N. viridula
A0A9P0HHW1	2	U-02	viridula	N. viridula
A0A9P0HHW3	2	U-02	viridula	N. viridula
A0A9P0HHW4	3	U-03	viridula	N. viridula
A0A9P0HHW6	1	U-01	viridula	N. viridula
A0A9P0HHW7	0	unassigned	viridula	N. viridula
A0A9P0HHW8	3	U-03	viridula	N. viridula
A0A9P0HHW9	3	U-03	viridula	N. viridula
A0A9P0HHX1	1	U-01	viridula	N. viridula
A0A9P0HHX4	1	U-01	viridula	N. viridula
A0A9P0HHX5	1	U-01	viridula	N. viridula
A0A9P0HHX8	1	U-01	viridula	N. viridula
A0A9P0HHY0	2	U-02	viridula	N. viridula
A0A9P0HHY1	2	U-02	viridula	N. viridula
A0A9P0HHY2	1	U-01	viridula	N. viridula
A0A9P0HHY4	0	unassigned	viridula	N. viridula
A0A9P0HHY5	2	U-02	viridula	N. viridula
A0A9P0HHY8	1	U-01	viridula	N. viridula
A0A9P0HHZ1	2	U-02	viridula	N. viridula
A0A9P0HHZ2	1	U-01	viridula	N. viridula
A0A9P0HHZ3	1	U-01	viridula	N. viridula
A0A9P0HHZ4	2	U-02	viridula	N. viridula
A0A9P0HHZ5	1	U-01	viridula	N. viridula
A0A9P0HHZ6	2	U-02	viridula	N. viridula
A0A9P0HHZ8	1	U-01	viridula	N. viridula
A0A9P0HHZ9	1	U-01	viridula	N. viridula
A0A9P0HI00	0	unassigned	viridula	N. viridula
A0A9P0HI01	0	unassigned	viridula	N. viridula
A0A9P0HI02	1	U-01	viridula	N. viridula
A0A9P0HI04	1	U-01	viridula	N. viridula
A0A9P0HI06	2	U-02	viridula	N. viridula
A0A9P0HI07	2	U-02	viridula	N. viridula
A0A9P0HI08	1	U-01	viridula	N. viridula
A0A9P0HI09	4	U-04	viridula	N. viridula
A0A9P0HI12	2	U-02	viridula	N. viridula
A0A9P0HI14	1	U-01	viridula	N. viridula
A0A9P0HI21	0	unassigned	viridula	N. viridula
A0A9P0HI24	1	U-01	viridula	N. viridula
A0A9P0HI25	1	U-01	viridula	N. viridula
A0A9P0HI26	1	U-01	viridula	N. viridula
A0A9P0HI27	0	unassigned	viridula	N. viridula
A0A9P0HI29	1	U-01	viridula	N. viridula
A0A9P0HI30	1	U-01	viridula	N. viridula
A0A9P0HI32	1	U-01	viridula	N. viridula
A0A9P0HI33	1	U-01	viridula	N. viridula
A0A9P0HI36	1	U-01	viridula	N. viridula
A0A9P0HI38	2	U-02	viridula	N. viridula
A0A9P0MRC4	1	U-01	viridula	N. viridula
A0A9P0MRD1	3	U-03	viridula	N. viridula
A0A9P0MRD4	1	U-01	viridula	N. viridula
A0A9P0MRD7	1	U-01	viridula	N. viridula
A0A9P0MRE2	1	U-01	viridula	N. viridula
A0A9P0MRE7	1	U-01	viridula	N. viridula
A0A9P0MRF0	1	U-01	viridula	N. viridula
A0A9P0MRF2	1	U-01	viridula	N. viridula
A0A9P0MRF5	3	U-03	viridula	N. viridula
A0A9P0MRF6	3	U-03	viridula	N. viridula
A0A9P0MRG1	1	U-01	viridula	N. viridula
A0A9P0MRG4	1	U-01	viridula	N. viridula
A0A9P0MRG5	1	U-01	viridula	N. viridula
A0A9P0MRH0	1	U-01	viridula	N. viridula
A0A9P0MRI2	1	U-01	viridula	N. viridula
A0A9P0MRI6	1	U-01	viridula	N. viridula
A0A9P0MRI7	1	U-01	viridula	N. viridula
A0A9P0MRI8	1	U-01	viridula	N. viridula
A0A9P0MRJ0	1	U-01	viridula	N. viridula
A0A9P0MRJ4	4	U-04	viridula	N. viridula
A0A9P0MTA5	1	U-01	viridula	N. viridula
A0A9P0MTA7	1	U-01	viridula	N. viridula
A0A9P0MTA9	3	U-03	viridula	N. viridula
A0A9P0MTB1	1	U-01	viridula	N. viridula
A0A9P0MTB4	3	U-03	viridula	N. viridula
A0A9P0MTC1	4	U-04	viridula	N. viridula
A0A9P0MTC7	1	U-01	viridula	N. viridula
A0A9P0MTC9	1	U-01	viridula	N. viridula
A0A9P0MTD0	1	U-01	viridula	N. viridula
A0A9P0MTD3	1	U-01	viridula	N. viridula
A0A9P0MTD5	0	unassigned	viridula	N. viridula
A0A9P0MTD9	1	U-01	viridula	N. viridula
A0A9P0MTE0	1	U-01	viridula	N. viridula
A0A9P0MTE1	4	U-04	viridula	N. viridula
A0A9P0MTE5	1	U-01	viridula	N. viridula
A0A9P0MTE6	3	U-03	viridula	N. viridula
A0A9P0MTE7	3	U-03	viridula	N. viridula
A0A9P0MTF2	1	U-01	viridula	N. viridula
A0A9P0MTF8	1	U-01	viridula	N. viridula
A0A9P0MTF9	1	U-01	viridula	N. viridula
A0A9P0MTG0	0	unassigned	viridula	N. viridula
A0A9P0MTG1	1	U-01	viridula	N. viridula
A0A9P0MTG5	1	U-01	viridula	N. viridula
A0A9P0MTG8	1	U-01	viridula	N. viridula
A0A9P0MTH1	1	U-01	viridula	N. viridula
A0A9P0MTH3	3	U-03	viridula	N. viridula
A0A9P0MTI0	0	unassigned	viridula	N. viridula
A0A9P0MTI4	0	unassigned	viridula	N. viridula
A0A9P0MTJ3	1	U-01	viridula	N. viridula
A0A9P0MTJ6	1	U-01	viridula	N. viridula
A0A9P0MTK0	1	U-01	viridula	N. viridula
A0A9P0MTK3	1	U-01	viridula	N. viridula
A0A9P0MTK6	3	U-03	viridula	N. viridula
A0A9P0MTL0	1	U-01	viridula	N. viridula
A0A9P0MTL1	1	U-01	viridula	N. viridula
A0A9P0MTL2	1	U-01	viridula	N. viridula
A0A9P0MTL6	1	U-01	viridula	N. viridula
A0A9P0MTL7	1	U-01	viridula	N. viridula
A0A9P0MTM1	1	U-01	viridula	N. viridula
A0A9P0MTM4	1	U-01	viridula	N. viridula
A0A9P0MTN9	1	U-01	viridula	N. viridula
A0A9P0MTP1	1	U-01	viridula	N. viridula
A0A9P0MTP2	1	U-01	viridula	N. viridula
A0A9P0MTP3	1	U-01	viridula	N. viridula
A0A9P0MTP4	1	U-01	viridula	N. viridula
A0A9P0MTP5	4	U-04	viridula	N. viridula
A0A9P0MTQ1	1	U-01	viridula	N. viridula
A0A9P0MTQ5	1	U-01	viridula	N. viridula
A0A9P0MTQ6	1	U-01	viridula	N. viridula
A0A9P0MTQ7	1	U-01	viridula	N. viridula
A0A9P0MTQ9	1	U-01	viridula	N. viridula
A0A9P0MTR0	3	U-03	viridula	N. viridula
A0A9P0MTR1	1	U-01	viridula	N. viridula
A0A9P0MTR3	3	U-03	viridula	N. viridula
A0A9P0MTR4	1	U-01	viridula	N. viridula
A0A9P0MTR8	1	U-01	viridula	N. viridula
A0A9P0MTR9	0	unassigned	viridula	N. viridula
A0A9P0MTS3	0	unassigned	viridula	N. viridula
A0A9P0MTS4	1	U-01	viridula	N. viridula
A0A9P0MTS6	3	U-03	viridula	N. viridula
A0A9P0MTT4	0	unassigned	viridula	N. viridula
A0A9P0MTT7	1	U-01	viridula	N. viridula
A0A9P0MTT8	0	unassigned	viridula	N. viridula
A0A9P0MTU0	1	U-01	viridula	N. viridula
A0A9P0MTU1	1	U-01	viridula	N. viridula
A0A9P0MTU6	1	U-01	viridula	N. viridula
A0A9P0MTU7	1	U-01	viridula	N. viridula
A0A9P0MTU8	1	U-01	viridula	N. viridula
A0A9P0MTV0	1	U-01	viridula	N. viridula
A0A9P0MTV2	1	U-01	viridula	N. viridula
A0A9P0MTV8	1	U-01	viridula	N. viridula
A0A9P0MTV9	4	U-04	viridula	N. viridula
A0A9P0MTW1	3	U-03	viridula	N. viridula
A0A9P0MTW4	1	U-01	viridula	N. viridula
A0A9P0MTW9	1	U-01	viridula	N. viridula
A0A9P0MTX2	1	U-01	viridula	N. viridula
A0A9P0MTX3	1	U-01	viridula	N. viridula
A0A9P0MTX6	1	U-01	viridula	N. viridula
A0A9P0MTX7	3	U-03	viridula	N. viridula
A0A9P0MTX8	0	unassigned	viridula	N. viridula
A0A9P0MU92	3	U-03	viridula	N. viridula
A0A9P0MU95	1	U-01	viridula	N. viridula
A0A9P0MU96	1	U-01	viridula	N. viridula
A0A9P0MU97	3	U-03	viridula	N. viridula
A0A9P0MU99	1	U-01	viridula	N. viridula
A0A9P0MUA1	3	U-03	viridula	N. viridula
A0A9P0MUA2	0	unassigned	viridula	N. viridula
A0A9P0MUA4	1	U-01	viridula	N. viridula
A0A9P0MUB2	1	U-01	viridula	N. viridula
A0A9P0MUB4	1	U-01	viridula	N. viridula
A0A9P0MUB6	1	U-01	viridula	N. viridula
A0A9P0MUC6	3	U-03	viridula	N. viridula
A0A9P0MUC7	1	U-01	viridula	N. viridula
A0A9P0MUD0	3	U-03	viridula	N. viridula
A0A9P0MUD2	1	U-01	viridula	N. viridula
A0A9P0MUD5	1	U-01	viridula	N. viridula
A0A9P0MUE1	2	U-02	viridula	N. viridula
A0A9P0MUE2	1	U-01	viridula	N. viridula
A0A9P0MUE3	1	U-01	viridula	N. viridula
A0A9P0MUF0	1	U-01	viridula	N. viridula
A0A9P0MUF1	1	U-01	viridula	N. viridula
A0A9P0MUF3	3	U-03	viridula	N. viridula
A0A9P0MUF9	3	U-03	viridula	N. viridula
A0A9P0MUG7	1	U-01	viridula	N. viridula
A0A9P0MUH0	1	U-01	viridula	N. viridula
A0A9P0MUH1	1	U-01	viridula	N. viridula
A0A9P0MUH6	1	U-01	viridula	N. viridula
A0A9P0MUH8	1	U-01	viridula	N. viridula
A0A9P0MUI2	1	U-01	viridula	N. viridula
A0A9P0MUI4	1	U-01	viridula	N. viridula
A0A9P0MUJ1	3	U-03	viridula	N. viridula
A0A9P0MUJ2	1	U-01	viridula	N. viridula
A0A9P0MUJ7	1	U-01	viridula	N. viridula
A0A9P0MUK7	1	U-01	viridula	N. viridula
A0A9P0MUL0	1	U-01	viridula	N. viridula
A0A9P0MUL2	1	U-01	viridula	N. viridula
A0A9P0MUL3	3	U-03	viridula	N. viridula
A0A9P0MUL4	1	U-01	viridula	N. viridula
A0A9P0MUL6	0	unassigned	viridula	N. viridula
A0A9P0MUM0	1	U-01	viridula	N. viridula
A0A9P0MUM3	1	U-01	viridula	N. viridula
A0A9P0MUM6	1	U-01	viridula	N. viridula
A0A9P0MUM7	1	U-01	viridula	N. viridula
A0A9P0MUM9	4	U-04	viridula	N. viridula
A0A9P0MUN5	1	U-01	viridula	N. viridula
A0A9P0MUN9	1	U-01	viridula	N. viridula
A0A9P0MUP1	0	unassigned	viridula	N. viridula
A0A9P0MUP2	1	U-01	viridula	N. viridula
A0A9P0MUP6	3	U-03	viridula	N. viridula
A0A9P0MUQ1	1	U-01	viridula	N. viridula
A0A9P0MUQ2	1	U-01	viridula	N. viridula
A0A9P0MUR2	1	U-01	viridula	N. viridula
A0A9P0MUR3	3	U-03	viridula	N. viridula
A0A9P0MUR4	0	unassigned	viridula	N. viridula
A0A9P0MUR8	1	U-01	viridula	N. viridula
A0A9P0MUS1	4	U-04	viridula	N. viridula
A0A9P0MUS4	1	U-01	viridula	N. viridula
A0A9P0MUT6	1	U-01	viridula	N. viridula
A0A9P0MUU1	1	U-01	viridula	N. viridula
A0A9P0MUU6	1	U-01	viridula	N. viridula
A0A9P0MUU8	3	U-03	viridula	N. viridula
A0A9P0MUU9	0	unassigned	viridula	N. viridula
A0A9P0MUV1	1	U-01	viridula	N. viridula
A0A9P0MUV4	1	U-01	viridula	N. viridula
A0A9P0MUV5	1	U-01	viridula	N. viridula
A0A9P0MUV8	1	U-01	viridula	N. viridula
A0A9P0MUV9	1	U-01	viridula	N. viridula
A0A9P0MUW3	1	U-01	viridula	N. viridula
A0A9P0MUW5	1	U-01	viridula	N. viridula
A0A9P0MUW8	1	U-01	viridula	N. viridula
A0A9P0MUW9	1	U-01	viridula	N. viridula
A0A9P0MUX2	3	U-03	viridula	N. viridula
A0A9P0MUX3	1	U-01	viridula	N. viridula
A0A9P0MUX6	1	U-01	viridula	N. viridula
A0A9P0MUX7	1	U-01	viridula	N. viridula
A0A9P0MUY0	1	U-01	viridula	N. viridula
A0A9P0MUY3	1	U-01	viridula	N. viridula
A0A9P0MUY6	1	U-01	viridula	N. viridula
A0A9P0MV00	1	U-01	viridula	N. viridula
A0A9P0MV01	1	U-01	viridula	N. viridula
A0A9P0MV03	1	U-01	viridula	N. viridula
A0A9P0MV09	1	U-01	viridula	N. viridula
A0A9P0MV11	1	U-01	viridula	N. viridula
A0A9P0MV12	1	U-01	viridula	N. viridula
A0A9P0MV17	1	U-01	viridula	N. viridula
A0A9P0MV18	3	U-03	viridula	N. viridula
A0A9P0MV21	4	U-04	viridula	N. viridula
A0A9P0MV25	0	unassigned	viridula	N. viridula
A0A9P0EAU6	3	U-03	viridula	N. viridula
A0A9P0EAX0	1	U-01	viridula	N. viridula
A0A9P0EAY5	3	U-03	viridula	N. viridula
A0A9P0EAZ9	4	U-04	viridula	N. viridula
A0A9P0EB73	1	U-01	viridula	N. viridula
A0A9P0EB82	3	U-03	viridula	N. viridula
A0A9P0EBB4	3	U-03	viridula	N. viridula
A0A9P0EBB5	1	U-01	viridula	N. viridula
A0A9P0EBG7	1	U-01	viridula	N. viridula
A0A9P0EBJ5	4	U-04	viridula	N. viridula
A0A9P0EBK4	1	U-01	viridula	N. viridula
A0A9P0EBM7	1	U-01	viridula	N. viridula
A0A9P0MSC5	2	U-02	viridula	N. viridula
A0A9P0MSC6	1	U-01	viridula	N. viridula
A0A9P0MSC7	3	U-03	viridula	N. viridula
A0A9P0MSC9	1	U-01	viridula	N. viridula
A0A9P0MSD0	3	U-03	viridula	N. viridula
A0A9P0MSD1	1	U-01	viridula	N. viridula
A0A9P0MSD2	1	U-01	viridula	N. viridula
A0A9P0MSD7	1	U-01	viridula	N. viridula
A0A9P0MSD8	1	U-01	viridula	N. viridula
A0A9P0MSE0	1	U-01	viridula	N. viridula
A0A9P0MSE3	1	U-01	viridula	N. viridula
A0A9P0MSE4	1	U-01	viridula	N. viridula
A0A9P0MSE6	2	U-02	viridula	N. viridula
A0A9P0MSE7	1	U-01	viridula	N. viridula
A0A9P0MSE9	1	U-01	viridula	N. viridula
A0A9P0MSF1	2	U-02	viridula	N. viridula
A0A9P0MSF2	0	unassigned	viridula	N. viridula
A0A9P0MSF3	2	U-02	viridula	N. viridula
A0A9P0MSF5	3	U-03	viridula	N. viridula
A0A9P0MSG0	1	U-01	viridula	N. viridula
A0A9P0MSG1	1	U-01	viridula	N. viridula
A0A9P0MSG2	2	U-02	viridula	N. viridula
A0A9P0MSG4	2	U-02	viridula	N. viridula
A0A9P0MSG5	1	U-01	viridula	N. viridula
A0A9P0MSG6	1	U-01	viridula	N. viridula
A0A9P0MSG7	0	unassigned	viridula	N. viridula
A0A9P0MSH0	3	U-03	viridula	N. viridula
A0A9P0MSH1	0	unassigned	viridula	N. viridula
A0A9P0MSH3	2	U-02	viridula	N. viridula
A0A9P0MSH4	1	U-01	viridula	N. viridula
A0A9P0MSH5	4	U-04	viridula	N. viridula
A0A9P0MSH6	0	unassigned	viridula	N. viridula
A0A9P0MSH9	1	U-01	viridula	N. viridula
A0A9P0MSI0	2	U-02	viridula	N. viridula
A0A9P0MSI1	2	U-02	viridula	N. viridula
A0A9P0MSI2	1	U-01	viridula	N. viridula
A0A9P0MSI3	0	unassigned	viridula	N. viridula
A0A9P0MSI4	1	U-01	viridula	N. viridula
A0A9P0MSI5	2	U-02	viridula	N. viridula
A0A9P0MSI7	1	U-01	viridula	N. viridula
A0A9P0MSI8	2	U-02	viridula	N. viridula
A0A9P0MSI9	2	U-02	viridula	N. viridula
A0A9P0MSJ1	4	U-04	viridula	N. viridula
A0A9P0MSJ2	1	U-01	viridula	N. viridula
A0A9P0MSJ3	2	U-02	viridula	N. viridula
A0A9P0MSJ4	2	U-02	viridula	N. viridula
A0A9P0MSJ6	2	U-02	viridula	N. viridula
A0A9P0MSK0	0	unassigned	viridula	N. viridula
A0A9P0MSK1	1	U-01	viridula	N. viridula
A0A9P0MSK2	2	U-02	viridula	N. viridula
A0A9P0MSK3	0	unassigned	viridula	N. viridula
A0A9P0MSK5	2	U-02	viridula	N. viridula
A0A9P0MSK6	1	U-01	viridula	N. viridula
A0A9P0MSK8	0	unassigned	viridula	N. viridula
A0A9P0MSL0	1	U-01	viridula	N. viridula
A0A9P0MSL1	2	U-02	viridula	N. viridula
A0A9P0MSL2	2	U-02	viridula	N. viridula
A0A9P0MSL3	2	U-02	viridula	N. viridula
A0A9P0MSL5	2	U-02	viridula	N. viridula
A0A9P0MSL6	2	U-02	viridula	N. viridula
A0A9P0MSL7	1	U-01	viridula	N. viridula
A0A9P0MSL9	1	U-01	viridula	N. viridula
A0A9P0MSM1	3	U-03	viridula	N. viridula
A0A9P0MSM2	2	U-02	viridula	N. viridula
A0A9P0MSM3	1	U-01	viridula	N. viridula
A0A9P0MSM4	1	U-01	viridula	N. viridula
A0A9P0MSM5	1	U-01	viridula	N. viridula
A0A9P0MSM6	1	U-01	viridula	N. viridula
A0A9P0MSM7	1	U-01	viridula	N. viridula
A0A9P0MSN1	0	unassigned	viridula	N. viridula
A0A9P0MSN4	0	unassigned	viridula	N. viridula
A0A9P0MSN5	1	U-01	viridula	N. viridula
A0A9P0MSN6	1	U-01	viridula	N. viridula
A0A9P0MSN7	1	U-01	viridula	N. viridula
A0A9P0MSN8	4	U-04	viridula	N. viridula
A0A9P0MSN9	1	U-01	viridula	N. viridula
A0A9P0MSP0	2	U-02	viridula	N. viridula
A0A9P0MSP2	1	U-01	viridula	N. viridula
A0A9P0MSP4	1	U-01	viridula	N. viridula
A0A9P0MSP5	1	U-01	viridula	N. viridula
A0A9P0MSP6	3	U-03	viridula	N. viridula
A0A9P0MSP7	1	U-01	viridula	N. viridula
A0A9P0MSP9	2	U-02	viridula	N. viridula
A0A9P0MSQ1	1	U-01	viridula	N. viridula
A0A9P0MSQ2	2	U-02	viridula	N. viridula
A0A9P0MSQ3	2	U-02	viridula	N. viridula
A0A9P0MSQ6	0	unassigned	viridula	N. viridula
A0A9P0MSQ7	1	U-01	viridula	N. viridula
A0A9P0MSQ9	1	U-01	viridula	N. viridula
A0A9P0MSR0	2	U-02	viridula	N. viridula
A0A9P0MSR2	3	U-03	viridula	N. viridula
A0A9P0MSR3	1	U-01	viridula	N. viridula
A0A9P0MSR6	1	U-01	viridula	N. viridula
A0A9P0MSR7	3	U-03	viridula	N. viridula
A0A9P0MSR8	1	U-01	viridula	N. viridula
A0A9P0MSS0	2	U-02	viridula	N. viridula
A0A9P0MSS2	4	U-04	viridula	N. viridula
A0A9P0MSS7	1	U-01	viridula	N. viridula
A0A9P0MSS8	1	U-01	viridula	N. viridula
A0A9P0MST0	2	U-02	viridula	N. viridula
A0A9P0MST2	2	U-02	viridula	N. viridula
A0A9P0MST3	1	U-01	viridula	N. viridula
A0A9P0MST4	1	U-01	viridula	N. viridula
A0A9P0MST5	0	unassigned	viridula	N. viridula
A0A9P0MST8	1	U-01	viridula	N. viridula
A0A9P0MSU0	2	U-02	viridula	N. viridula
A0A9P0MSU2	3	U-03	viridula	N. viridula
A0A9P0MSU3	1	U-01	viridula	N. viridula
A0A9P0MSU4	2	U-02	viridula	N. viridula
A0A9P0MSU8	1	U-01	viridula	N. viridula
A0A9P0MSV0	2	U-02	viridula	N. viridula
A0A9P0MSV2	2	U-02	viridula	N. viridula
A0A9P0MSV3	1	U-01	viridula	N. viridula
A0A9P0MSV9	2	U-02	viridula	N. viridula
A0A9P0MSW0	0	unassigned	viridula	N. viridula
A0A9P0MSW1	1	U-01	viridula	N. viridula
A0A9P0MSW2	1	U-01	viridula	N. viridula
A0A9P0MSW3	1	U-01	viridula	N. viridula
A0A9P0MSW4	1	U-01	viridula	N. viridula
A0A9P0MSW6	1	U-01	viridula	N. viridula
A0A9P0MSW7	3	U-03	viridula	N. viridula
A0A9P0MSW8	1	U-01	viridula	N. viridula
A0A9P0MSW9	1	U-01	viridula	N. viridula
A0A9P0MSX0	2	U-02	viridula	N. viridula
A0A9P0MSX3	3	U-03	viridula	N. viridula
A0A9P0MSX4	1	U-01	viridula	N. viridula
A0A9P0MSX5	1	U-01	viridula	N. viridula
A0A9P0MSX9	1	U-01	viridula	N. viridula
A0A9P0MSY1	2	U-02	viridula	N. viridula
A0A9P0MSY2	1	U-01	viridula	N. viridula
A0A9P0MSY3	1	U-01	viridula	N. viridula
A0A9P0MSY6	1	U-01	viridula	N. viridula
A0A9P0MSY8	3	U-03	viridula	N. viridula
A0A9P0MSY9	1	U-01	viridula	N. viridula
A0A9P0MSZ0	3	U-03	viridula	N. viridula
A0A9P0MSZ1	1	U-01	viridula	N. viridula
A0A9P0MSZ2	1	U-01	viridula	N. viridula
A0A9P0MSZ3	1	U-01	viridula	N. viridula
A0A9P0MSZ5	2	U-02	viridula	N. viridula
A0A9P0MSZ6	1	U-01	viridula	N. viridula
A0A9P0MSZ7	1	U-01	viridula	N. viridula
A0A9P0MSZ9	1	U-01	viridula	N. viridula
A0A9P0MT02	1	U-01	viridula	N. viridula
A0A9P0MT05	1	U-01	viridula	N. viridula
A0A9P0MT06	1	U-01	viridula	N. viridula
A0A9P0MT08	1	U-01	viridula	N. viridula
A0A9P0MT11	4	U-04	viridula	N. viridula
A0A9P0MT12	1	U-01	viridula	N. viridula
A0A9P0MT13	1	U-01	viridula	N. viridula
A0A9P0MT14	1	U-01	viridula	N. viridula
A0A9P0MT16	3	U-03	viridula	N. viridula
A0A9P0MT17	2	U-02	viridula	N. viridula
A0A9P0MT18	1	U-01	viridula	N. viridula
A0A9P0MT19	1	U-01	viridula	N. viridula
A0A9P0MT23	0	unassigned	viridula	N. viridula
A0A9P0MT24	1	U-01	viridula	N. viridula
A0A9P0MT25	0	unassigned	viridula	N. viridula
A0A9P0MT27	1	U-01	viridula	N. viridula
A0A9P0MT30	1	U-01	viridula	N. viridula
A0A9P0MT31	0	unassigned	viridula	N. viridula
A0A9P0MT32	1	U-01	viridula	N. viridula
A0A9P0MT34	0	unassigned	viridula	N. viridula
A0A9P0MT35	1	U-01	viridula	N. viridula
A0A9P0MT36	2	U-02	viridula	N. viridula
A0A9P0MT37	1	U-01	viridula	N. viridula
A0A9P0MT39	1	U-01	viridula	N. viridula
A0A9P0MT40	1	U-01	viridula	N. viridula
A0A9P0MT41	0	unassigned	viridula	N. viridula
A0A9P0MT47	2	U-02	viridula	N. viridula
A0A9P0MT48	1	U-01	viridula	N. viridula
A0A9P0MT49	0	unassigned	viridula	N. viridula
A0A9P0MT50	2	U-02	viridula	N. viridula
A0A9P0MT51	1	U-01	viridula	N. viridula
A0A9P0MT54	1	U-01	viridula	N. viridula
A0A9P0MT55	0	unassigned	viridula	N. viridula
A0A9P0MT56	1	U-01	viridula	N. viridula
A0A9P0MT59	1	U-01	viridula	N. viridula
A0A9P0MT60	3	U-03	viridula	N. viridula
A0A9P0MT62	2	U-02	viridula	N. viridula
A0A9P0MT64	3	U-03	viridula	N. viridula
A0A9P0MT65	1	U-01	viridula	N. viridula
A0A9P0MT66	2	U-02	viridula	N. viridula
A0A9P0MT68	1	U-01	viridula	N. viridula
A0A9P0MT69	1	U-01	viridula	N. viridula
A0A9P0MT70	2	U-02	viridula	N. viridula
A0A9P0MT71	3	U-03	viridula	N. viridula
A0A9P0MT72	1	U-01	viridula	N. viridula
A0A9P0MT73	1	U-01	viridula	N. viridula
A0A9P0MT76	4	U-04	viridula	N. viridula
A0A9P0MT77	1	U-01	viridula	N. viridula
A0A9P0MT80	2	U-02	viridula	N. viridula
A0A9P0MT81	2	U-02	viridula	N. viridula
A0A9P0MT82	0	unassigned	viridula	N. viridula
A0A9P0MT83	2	U-02	viridula	N. viridula
A0A9P0MT85	0	unassigned	viridula	N. viridula
A0A9P0MT86	2	U-02	viridula	N. viridula
A0A9P0MT87	2	U-02	viridula	N. viridula
A0A9P0MT88	1	U-01	viridula	N. viridula
A0A9P0MT89	1	U-01	viridula	N. viridula
A0A9P0MT91	1	U-01	viridula	N. viridula
A0A9P0MT94	3	U-03	viridula	N. viridula
A0A9P0MT95	1	U-01	viridula	N. viridula
A0A9P0MT96	1	U-01	viridula	N. viridula
A0A9P0MT97	1	U-01	viridula	N. viridula
A0A9P0MT98	0	unassigned	viridula	N. viridula
A0A9P0MTA0	2	U-02	viridula	N. viridula
A0A9P0MTA1	0	unassigned	viridula	N. viridula
A0A9P0MTA2	2	U-02	viridula	N. viridula
A0A9P0MTA3	2	U-02	viridula	N. viridula
A0A9P0MTA4	1	U-01	viridula	N. viridula
A0A9P0MTA6	0	unassigned	viridula	N. viridula
A0A9P0MTA8	1	U-01	viridula	N. viridula
A0A9P0MTB0	1	U-01	viridula	N. viridula
A0A9P0MTB2	1	U-01	viridula	N. viridula
A0A9P0MTB5	1	U-01	viridula	N. viridula
A0A9P0MTB6	3	U-03	viridula	N. viridula
A0A9P0MTB7	2	U-02	viridula	N. viridula
A0A9P0MSF6	1	U-01	viridula	N. viridula
A0A9P0MSK7	1	U-01	viridula	N. viridula
A0A9P0MSN0	1	U-01	viridula	N. viridula
A0A9P0MSP8	1	U-01	viridula	N. viridula
A0A9P0MSR9	1	U-01	viridula	N. viridula
A0A9P0MT01	1	U-01	viridula	N. viridula
A0A9P0MT04	1	U-01	viridula	N. viridula
A0A9P0MT10	1	U-01	viridula	N. viridula
A0A9P0MT28	1	U-01	viridula	N. viridula
A0A9P0MTB3	1	U-01	viridula	N. viridula
A0A9P0MTD1	4	U-04	viridula	N. viridula
A0A9P0MTE8	1	U-01	viridula	N. viridula
A0A9P0MTG3	4	U-04	viridula	N. viridula
A0A9P0MTH6	1	U-01	viridula	N. viridula
A0A9P0MTN0	1	U-01	viridula	N. viridula
A0A9P0MTN3	4	U-04	viridula	N. viridula
A0A9P0MU44	4	U-04	viridula	N. viridula
A0A9P0MU64	1	U-01	viridula	N. viridula
A0A9P0MU84	0	unassigned	viridula	N. viridula
A0A9P0MU87	4	U-04	viridula	N. viridula
A0A9P0MUG9	1	U-01	viridula	N. viridula
A0A9P0MUJ4	1	U-01	viridula	N. viridula
A0A9P0MUP3	1	U-01	viridula	N. viridula
A0A9P0MUR7	1	U-01	viridula	N. viridula
A0A9P0MUT0	1	U-01	viridula	N. viridula
A0A9P0MUV2	4	U-04	viridula	N. viridula
A0A9P0MUY5	1	U-01	viridula	N. viridula
A0A9P0MUZ4	1	U-01	viridula	N. viridula
A0A9P0MV40	1	U-01	viridula	N. viridula
A0A9P0MV62	1	U-01	viridula	N. viridula
A0A9P0MV70	3	U-03	viridula	N. viridula
A0A9P0MVJ8	1	U-01	viridula	N. viridula
A0A9P0MVK7	0	unassigned	viridula	N. viridula
A0A9P0MVL5	1	U-01	viridula	N. viridula
A0A9P0MVM2	1	U-01	viridula	N. viridula
A0A9P0MVP0	4	U-04	viridula	N. viridula
A0A9P0MW15	1	U-01	viridula	N. viridula
A0A9P0MWC5	4	U-04	viridula	N. viridula
A0A9P0MWG2	1	U-01	viridula	N. viridula
A0A9P0MWJ6	1	U-01	viridula	N. viridula
A0A9P0MWJ8	1	U-01	viridula	N. viridula
A0A9P0MWS3	1	U-01	viridula	N. viridula
A0A9P0MWV9	4	U-04	viridula	N. viridula
A0A9P0MX18	1	U-01	viridula	N. viridula
A0A9P0MX56	3	U-03	viridula	N. viridula
A0A9P0MX68	3	U-03	viridula	N. viridula
A0A9P0MXB0	1	U-01	viridula	N. viridula
A0A9P0MXC3	1	U-01	viridula	N. viridula
A0A9P0MXI9	1	U-01	viridula	N. viridula
A0A9P0MXL0	1	U-01	viridula	N. viridula
A0A9P0MXM5	1	U-01	viridula	N. viridula
A0A9P0MXR4	1	U-01	viridula	N. viridula
A0A9P0MXZ1	1	U-01	viridula	N. viridula
A0A9P0MY35	3	U-03	viridula	N. viridula
A0A9P0MY49	1	U-01	viridula	N. viridula
A0A9P0MYC8	3	U-03	viridula	N. viridula
A0A9P0MZ91	1	U-01	viridula	N. viridula
A0A9P0MZJ2	1	U-01	viridula	N. viridula
A0A9P0MZR1	1	U-01	viridula	N. viridula
A0A9P0DV25	1	U-01	viridula	N. viridula
A0A9P0DV55	1	U-01	viridula	N. viridula
A0A9P0DV65	1	U-01	viridula	N. viridula
A0A9P0DV85	1	U-01	viridula	N. viridula
A0A9P0DVC2	4	U-04	viridula	N. viridula
A0A9P0DVG3	1	U-01	viridula	N. viridula
A0A9P0DVG9	1	U-01	viridula	N. viridula
A0A9P0DVL3	0	unassigned	viridula	N. viridula
A0A9P0DVM2	1	U-01	viridula	N. viridula
A0A9P0DVM9	1	U-01	viridula	N. viridula
A0A9P0DVN7	3	U-03	viridula	N. viridula
A0A9P0DVQ3	0	unassigned	viridula	N. viridula
A0A9P0DVR3	1	U-01	viridula	N. viridula
A0A9P0DVS7	1	U-01	viridula	N. viridula
A0A9P0DVU4	1	U-01	viridula	N. viridula
A0A9P0DVW3	3	U-03	viridula	N. viridula
A0A9P0DVY2	1	U-01	viridula	N. viridula
A0A9P0DVY9	1	U-01	viridula	N. viridula
A0A9P0DW47	1	U-01	viridula	N. viridula
A0A9P0DW91	1	U-01	viridula	N. viridula
A0A9P0DWA0	4	U-04	viridula	N. viridula
A0A9P0DWG5	0	unassigned	viridula	N. viridula
A0A9P0DWH5	1	U-01	viridula	N. viridula
A0A9P0DWI5	1	U-01	viridula	N. viridula
A0A9P0MRS4	3	U-03	viridula	N. viridula
A0A9P0MRS5	2	U-02	viridula	N. viridula
A0A9P0MRS6	1	U-01	viridula	N. viridula
A0A9P0MRS8	2	U-02	viridula	N. viridula
A0A9P0MRT3	1	U-01	viridula	N. viridula
A0A9P0MRT6	2	U-02	viridula	N. viridula
A0A9P0MRT7	3	U-03	viridula	N. viridula
A0A9P0MRT8	2	U-02	viridula	N. viridula
A0A9P0MRU1	2	U-02	viridula	N. viridula
A0A9P0MRU2	3	U-03	viridula	N. viridula
A0A9P0MRU3	2	U-02	viridula	N. viridula
A0A9P0MRU4	1	U-01	viridula	N. viridula
A0A9P0MRU7	2	U-02	viridula	N. viridula
A0A9P0MRU8	1	U-01	viridula	N. viridula
A0A9P0MRV1	1	U-01	viridula	N. viridula
A0A9P0MRV2	1	U-01	viridula	N. viridula
A0A9P0MRV4	4	U-04	viridula	N. viridula
A0A9P0MRV5	3	U-03	viridula	N. viridula
A0A9P0MRV6	1	U-01	viridula	N. viridula
A0A9P0MRV7	1	U-01	viridula	N. viridula
A0A9P0MRV8	1	U-01	viridula	N. viridula
A0A9P0MRW1	2	U-02	viridula	N. viridula
A0A9P0MRW3	1	U-01	viridula	N. viridula
A0A9P0MRW4	0	unassigned	viridula	N. viridula
A0A9P0MRW5	1	U-01	viridula	N. viridula
A0A9P0MRW7	4	U-04	viridula	N. viridula
A0A9P0MRW8	1	U-01	viridula	N. viridula
A0A9P0MRW9	0	unassigned	viridula	N. viridula
A0A9P0MRX0	0	unassigned	viridula	N. viridula
A0A9P0MRX2	1	U-01	viridula	N. viridula
A0A9P0MRX3	2	U-02	viridula	N. viridula
A0A9P0MRX4	3	U-03	viridula	N. viridula
A0A9P0MRX6	1	U-01	viridula	N. viridula
A0A9P0MRX7	1	U-01	viridula	N. viridula
A0A9P0MRY0	1	U-01	viridula	N. viridula
A0A9P0MRY1	1	U-01	viridula	N. viridula
A0A9P0MRY2	1	U-01	viridula	N. viridula
A0A9P0MRY3	1	U-01	viridula	N. viridula
A0A9P0MRY4	0	unassigned	viridula	N. viridula
A0A9P0MRY6	1	U-01	viridula	N. viridula
A0A9P0MRY8	1	U-01	viridula	N. viridula
A0A9P0MTB9	1	U-01	viridula	N. viridula
A0A9P0MTC0	0	unassigned	viridula	N. viridula
A0A9P0MTC2	4	U-04	viridula	N. viridula
A0A9P0MTC3	1	U-01	viridula	N. viridula
A0A9P0MTC4	1	U-01	viridula	N. viridula
A0A9P0MTC5	1	U-01	viridula	N. viridula
A0A9P0MTC6	2	U-02	viridula	N. viridula
A0A9P0MTC8	1	U-01	viridula	N. viridula
A0A9P0MTD2	2	U-02	viridula	N. viridula
A0A9P0MTD4	2	U-02	viridula	N. viridula
A0A9P0MTD6	2	U-02	viridula	N. viridula
A0A9P0MTD7	1	U-01	viridula	N. viridula
A0A9P0MTD8	1	U-01	viridula	N. viridula
A0A9P0MTE2	1	U-01	viridula	N. viridula
A0A9P0MTE3	1	U-01	viridula	N. viridula
A0A9P0MTE4	1	U-01	viridula	N. viridula
A0A9P0MTE9	2	U-02	viridula	N. viridula
A0A9P0MTF0	1	U-01	viridula	N. viridula
A0A9P0MTF1	1	U-01	viridula	N. viridula
A0A9P0MTF3	2	U-02	viridula	N. viridula
A0A9P0MTF4	1	U-01	viridula	N. viridula
A0A9P0MTF5	1	U-01	viridula	N. viridula
A0A9P0MTF6	3	U-03	viridula	N. viridula
A0A9P0MTF7	1	U-01	viridula	N. viridula
A0A9P0MTG2	3	U-03	viridula	N. viridula
A0A9P0MTG4	1	U-01	viridula	N. viridula
A0A9P0MTG6	0	unassigned	viridula	N. viridula
A0A9P0MTG7	0	unassigned	viridula	N. viridula
A0A9P0MTG9	1	U-01	viridula	N. viridula
A0A9P0MTH0	2	U-02	viridula	N. viridula
A0A9P0MTH2	4	U-04	viridula	N. viridula
A0A9P0MTH5	1	U-01	viridula	N. viridula
A0A9P0MTH7	2	U-02	viridula	N. viridula
A0A9P0MTH8	1	U-01	viridula	N. viridula
A0A9P0MTH9	1	U-01	viridula	N. viridula
A0A9P0MTI1	1	U-01	viridula	N. viridula
A0A9P0MTI2	2	U-02	viridula	N. viridula
A0A9P0MTI3	1	U-01	viridula	N. viridula
A0A9P0MTI5	2	U-02	viridula	N. viridula
A0A9P0MTI6	1	U-01	viridula	N. viridula
A0A9P0MTI7	1	U-01	viridula	N. viridula
A0A9P0MTI8	1	U-01	viridula	N. viridula
A0A9P0MTI9	4	U-04	viridula	N. viridula
A0A9P0MTJ0	1	U-01	viridula	N. viridula
A0A9P0MTJ1	0	unassigned	viridula	N. viridula
A0A9P0MTJ2	1	U-01	viridula	N. viridula
A0A9P0MTJ4	3	U-03	viridula	N. viridula
A0A9P0MTJ5	2	U-02	viridula	N. viridula
A0A9P0MTJ7	1	U-01	viridula	N. viridula
A0A9P0MTJ8	1	U-01	viridula	N. viridula
A0A9P0MTJ9	1	U-01	viridula	N. viridula
A0A9P0MTK1	1	U-01	viridula	N. viridula
A0A9P0MTK2	2	U-02	viridula	N. viridula
A0A9P0MTK4	2	U-02	viridula	N. viridula
A0A9P0MTK5	1	U-01	viridula	N. viridula
A0A9P0MTK7	1	U-01	viridula	N. viridula
A0A9P0MTK8	1	U-01	viridula	N. viridula
A0A9P0MTK9	1	U-01	viridula	N. viridula
A0A9P0MTL3	2	U-02	viridula	N. viridula
A0A9P0MTL5	2	U-02	viridula	N. viridula
A0A9P0MTL8	2	U-02	viridula	N. viridula
A0A9P0MTL9	2	U-02	viridula	N. viridula
A0A9P0MTM0	1	U-01	viridula	N. viridula
A0A9P0MTM2	1	U-01	viridula	N. viridula
A0A9P0MTM3	1	U-01	viridula	N. viridula
A0A9P0MTM5	2	U-02	viridula	N. viridula
A0A9P0MTM6	2	U-02	viridula	N. viridula
A0A9P0MTM7	2	U-02	viridula	N. viridula
A0A9P0MTM9	1	U-01	viridula	N. viridula
A0A9P0MTN1	3	U-03	viridula	N. viridula
A0A9P0MTN2	1	U-01	viridula	N. viridula
A0A9P0MTN4	2	U-02	viridula	N. viridula
A0A9P0MTN5	1	U-01	viridula	N. viridula
A0A9P0MTN6	1	U-01	viridula	N. viridula
A0A9P0MTN7	1	U-01	viridula	N. viridula
A0A9P0MTN8	2	U-02	viridula	N. viridula
A0A9P0MTP0	2	U-02	viridula	N. viridula
A0A9P0MTP6	1	U-01	viridula	N. viridula
A0A9P0MTP7	1	U-01	viridula	N. viridula
A0A9P0MTP8	0	unassigned	viridula	N. viridula
A0A9P0MTP9	1	U-01	viridula	N. viridula
A0A9P0MTQ0	2	U-02	viridula	N. viridula
A0A9P0MTQ3	0	unassigned	viridula	N. viridula
A0A9P0MTQ4	2	U-02	viridula	N. viridula
A0A9P0MTQ8	1	U-01	viridula	N. viridula
A0A9P0MTR2	1	U-01	viridula	N. viridula
A0A9P0MTR5	1	U-01	viridula	N. viridula
A0A9P0MTR6	1	U-01	viridula	N. viridula
A0A9P0MTR7	0	unassigned	viridula	N. viridula
A0A9P0MTS0	1	U-01	viridula	N. viridula
A0A9P0MTS1	1	U-01	viridula	N. viridula
A0A9P0MTS2	1	U-01	viridula	N. viridula
A0A9P0MTS5	1	U-01	viridula	N. viridula
A0A9P0MTS7	1	U-01	viridula	N. viridula
A0A9P0MTS8	0	unassigned	viridula	N. viridula
A0A9P0MTS9	1	U-01	viridula	N. viridula
A0A9P0MTT0	1	U-01	viridula	N. viridula
A0A9P0MTT1	3	U-03	viridula	N. viridula
A0A9P0MTT3	2	U-02	viridula	N. viridula
A0A9P0MTT5	0	unassigned	viridula	N. viridula
A0A9P0MTT6	1	U-01	viridula	N. viridula
A0A9P0MTT9	0	unassigned	viridula	N. viridula
A0A9P0MTU2	1	U-01	viridula	N. viridula
A0A9P0MTU3	1	U-01	viridula	N. viridula
A0A9P0MTU4	1	U-01	viridula	N. viridula
A0A9P0MTU5	4	U-04	viridula	N. viridula
A0A9P0MTU9	1	U-01	viridula	N. viridula
A0A9P0MTV3	1	U-01	viridula	N. viridula
A0A9P0MTV4	0	unassigned	viridula	N. viridula
A0A9P0MTV6	1	U-01	viridula	N. viridula
A0A9P0MTV7	4	U-04	viridula	N. viridula
A0A9P0MTW0	1	U-01	viridula	N. viridula
A0A9P0MTW2	3	U-03	viridula	N. viridula
A0A9P0MTW3	1	U-01	viridula	N. viridula
A0A9P0MTW5	3	U-03	viridula	N. viridula
A0A9P0MTW6	1	U-01	viridula	N. viridula
A0A9P0MTW7	1	U-01	viridula	N. viridula
A0A9P0MTW8	3	U-03	viridula	N. viridula
A0A9P0MTX0	1	U-01	viridula	N. viridula
A0A9P0MTX1	1	U-01	viridula	N. viridula
A0A9P0MTX4	2	U-02	viridula	N. viridula
A0A9P0MTX5	3	U-03	viridula	N. viridula
A0A9P0MTY0	3	U-03	viridula	N. viridula
A0A9P0MTY2	1	U-01	viridula	N. viridula
A0A9P0MTY4	0	unassigned	viridula	N. viridula
A0A9P0MTY5	1	U-01	viridula	N. viridula
A0A9P0MTY6	1	U-01	viridula	N. viridula
A0A9P0MTY7	1	U-01	viridula	N. viridula
A0A9P0MTY8	3	U-03	viridula	N. viridula
A0A9P0MTY9	1	U-01	viridula	N. viridula
A0A9P0MTZ0	1	U-01	viridula	N. viridula
A0A9P0MTZ1	1	U-01	viridula	N. viridula
A0A9P0MTZ2	3	U-03	viridula	N. viridula
A0A9P0MTZ4	1	U-01	viridula	N. viridula
A0A9P0MTZ5	2	U-02	viridula	N. viridula
A0A9P0MTZ6	1	U-01	viridula	N. viridula
A0A9P0MTZ7	2	U-02	viridula	N. viridula
A0A9P0MTZ8	1	U-01	viridula	N. viridula
A0A9P0MTZ9	2	U-02	viridula	N. viridula
A0A9P0MU01	2	U-02	viridula	N. viridula
A0A9P0MU03	2	U-02	viridula	N. viridula
A0A9P0MU04	1	U-01	viridula	N. viridula
A0A9P0MU05	0	unassigned	viridula	N. viridula
A0A9P0MU10	2	U-02	viridula	N. viridula
A0A9P0MU11	0	unassigned	viridula	N. viridula
A0A9P0MU13	1	U-01	viridula	N. viridula
A0A9P0MU14	1	U-01	viridula	N. viridula
A0A9P0MU15	0	unassigned	viridula	N. viridula
A0A9P0MU16	1	U-01	viridula	N. viridula
A0A9P0MU18	2	U-02	viridula	N. viridula
A0A9P0MU20	2	U-02	viridula	N. viridula
A0A9P0MU21	1	U-01	viridula	N. viridula
A0A9P0MU22	1	U-01	viridula	N. viridula
A0A9P0MU23	4	U-04	viridula	N. viridula
A0A9P0MU24	3	U-03	viridula	N. viridula
A0A9P0MU25	1	U-01	viridula	N. viridula
A0A9P0MU26	2	U-02	viridula	N. viridula
A0A9P0MU28	2	U-02	viridula	N. viridula
A0A9P0MU29	1	U-01	viridula	N. viridula
A0A9P0MU30	4	U-04	viridula	N. viridula
A0A9P0MU32	2	U-02	viridula	N. viridula
A0A9P0MU33	4	U-04	viridula	N. viridula
A0A9P0MU36	2	U-02	viridula	N. viridula
A0A9P0MU37	1	U-01	viridula	N. viridula
A0A9P0MU38	3	U-03	viridula	N. viridula
A0A9P0MU39	1	U-01	viridula	N. viridula
A0A9P0MU40	1	U-01	viridula	N. viridula
A0A9P0MU41	2	U-02	viridula	N. viridula
A0A9P0MU42	1	U-01	viridula	N. viridula
A0A9P0MU43	1	U-01	viridula	N. viridula
A0A9P0MU45	1	U-01	viridula	N. viridula
A0A9P0MU46	1	U-01	viridula	N. viridula
A0A9P0MU48	2	U-02	viridula	N. viridula
A0A9P0MU49	1	U-01	viridula	N. viridula
A0A9P0MU50	1	U-01	viridula	N. viridula
A0A9P0MU55	1	U-01	viridula	N. viridula
A0A9P0MU56	0	unassigned	viridula	N. viridula
A0A9P0MU57	2	U-02	viridula	N. viridula
A0A9P0MU58	3	U-03	viridula	N. viridula
A0A9P0MU60	1	U-01	viridula	N. viridula
A0A9P0MU61	1	U-01	viridula	N. viridula
A0A9P0MU63	1	U-01	viridula	N. viridula
A0A9P0MU65	1	U-01	viridula	N. viridula
A0A9P0MU67	2	U-02	viridula	N. viridula
A0A9P0MU68	1	U-01	viridula	N. viridula
A0A9P0MU69	2	U-02	viridula	N. viridula
A0A9P0MU70	1	U-01	viridula	N. viridula
A0A9P0MU72	1	U-01	viridula	N. viridula
A0A9P0MU73	1	U-01	viridula	N. viridula
A0A9P0MU76	0	unassigned	viridula	N. viridula
A0A9P0MU78	4	U-04	viridula	N. viridula
A0A9P0MU79	3	U-03	viridula	N. viridula
A0A9P0MU80	4	U-04	viridula	N. viridula
A0A9P0MU81	2	U-02	viridula	N. viridula
A0A9P0MU82	1	U-01	viridula	N. viridula
A0A9P0MU83	1	U-01	viridula	N. viridula
A0A9P0MU85	2	U-02	viridula	N. viridula
A0A9P0MU90	2	U-02	viridula	N. viridula
A0A9P0MU91	2	U-02	viridula	N. viridula
A0A9P0MU93	1	U-01	viridula	N. viridula
A0A9P0MU94	2	U-02	viridula	N. viridula
A0A9P0MU98	1	U-01	viridula	N. viridula
A0A9P0MUA0	1	U-01	viridula	N. viridula
A0A9P0MUA3	2	U-02	viridula	N. viridula
A0A9P0MUA5	1	U-01	viridula	N. viridula
A0A9P0MUA6	3	U-03	viridula	N. viridula
A0A9P0MUA7	2	U-02	viridula	N. viridula
A0A9P0MUA8	1	U-01	viridula	N. viridula
A0A9P0MUA9	2	U-02	viridula	N. viridula
A0A9P0MUB0	3	U-03	viridula	N. viridula
A0A9P0MUB1	2	U-02	viridula	N. viridula
A0A9P0MUB5	1	U-01	viridula	N. viridula
A0A9P0MUB7	0	unassigned	viridula	N. viridula
A0A9P0MUB8	2	U-02	viridula	N. viridula
A0A9P0MUB9	4	U-04	viridula	N. viridula
A0A9P0MUC0	1	U-01	viridula	N. viridula
A0A9P0MUC1	1	U-01	viridula	N. viridula
A0A9P0MUC2	0	unassigned	viridula	N. viridula
A0A9P0MUC3	2	U-02	viridula	N. viridula
A0A9P0MUC5	1	U-01	viridula	N. viridula
A0A9P0MUC8	0	unassigned	viridula	N. viridula
A0A9P0MUC9	3	U-03	viridula	N. viridula
A0A9P0MUD1	0	unassigned	viridula	N. viridula
A0A9P0MUD3	2	U-02	viridula	N. viridula
A0A9P0MUD4	0	unassigned	viridula	N. viridula
A0A9P0MUD6	3	U-03	viridula	N. viridula
A0A9P0MUD7	2	U-02	viridula	N. viridula
A0A9P0MUD8	1	U-01	viridula	N. viridula
A0A9P0MUD9	1	U-01	viridula	N. viridula
A0A9P0MUE0	2	U-02	viridula	N. viridula
A0A9P0MUE4	1	U-01	viridula	N. viridula
A0A9P0MUE5	0	unassigned	viridula	N. viridula
A0A9P0MUE6	1	U-01	viridula	N. viridula
A0A9P0MUE7	1	U-01	viridula	N. viridula
A0A9P0MUE8	2	U-02	viridula	N. viridula
A0A9P0MUE9	1	U-01	viridula	N. viridula
A0A9P0MUF2	1	U-01	viridula	N. viridula
A0A9P0MUF4	3	U-03	viridula	N. viridula
A0A9P0MUF5	1	U-01	viridula	N. viridula
A0A9P0MUF6	1	U-01	viridula	N. viridula
A0A9P0MUF7	4	U-04	viridula	N. viridula
A0A9P0MUF8	1	U-01	viridula	N. viridula
A0A9P0MUG0	1	U-01	viridula	N. viridula
A0A9P0MUG1	1	U-01	viridula	N. viridula
A0A9P0MUG2	2	U-02	viridula	N. viridula
A0A9P0MUG3	2	U-02	viridula	N. viridula
A0A9P0MUG4	1	U-01	viridula	N. viridula
A0A9P0MUG5	1	U-01	viridula	N. viridula
A0A9P0MUG6	1	U-01	viridula	N. viridula
A0A9P0MUG8	1	U-01	viridula	N. viridula
A0A9P0MUH2	1	U-01	viridula	N. viridula
A0A9P0MUH3	2	U-02	viridula	N. viridula
A0A9P0MUH4	1	U-01	viridula	N. viridula
A0A9P0MUH5	2	U-02	viridula	N. viridula
A0A9P0MUH7	1	U-01	viridula	N. viridula
A0A9P0MUH9	2	U-02	viridula	N. viridula
A0A9P0MUI0	1	U-01	viridula	N. viridula
A0A9P0MUI1	1	U-01	viridula	N. viridula
A0A9P0MUI3	1	U-01	viridula	N. viridula
A0A9P0DYW5	1	U-01	viridula	N. viridula
A0A9P0DYX1	0	unassigned	viridula	N. viridula
A0A9P0DYX5	1	U-01	viridula	N. viridula
A0A9P0DYY5	1	U-01	viridula	N. viridula
A0A9P0DYY9	4	U-04	viridula	N. viridula
A0A9P0DYZ7	2	U-02	viridula	N. viridula
A0A9P0DYZ8	2	U-02	viridula	N. viridula
A0A9P0DZ08	1	U-01	viridula	N. viridula
A0A9P0DZ16	2	U-02	viridula	N. viridula
A0A9P0DZ18	1	U-01	viridula	N. viridula
A0A9P0DZ25	2	U-02	viridula	N. viridula
A0A9P0DZ28	1	U-01	viridula	N. viridula
A0A9P0DZ35	3	U-03	viridula	N. viridula
A0A9P0DZ42	1	U-01	viridula	N. viridula
A0A9P0DZ46	0	unassigned	viridula	N. viridula
A0A9P0DZ47	1	U-01	viridula	N. viridula
A0A9P0DZ56	3	U-03	viridula	N. viridula
A0A9P0DZ59	1	U-01	viridula	N. viridula
A0A9P0DZ67	2	U-02	viridula	N. viridula
A0A9P0DZ71	1	U-01	viridula	N. viridula
A0A9P0DZ77	2	U-02	viridula	N. viridula
A0A9P0DZ91	1	U-01	viridula	N. viridula
A0A9P0DZ93	1	U-01	viridula	N. viridula
A0A9P0DZ96	0	unassigned	viridula	N. viridula
A0A9P0DZ98	1	U-01	viridula	N. viridula
A0A9P0DZA3	2	U-02	viridula	N. viridula
A0A9P0DZA7	2	U-02	viridula	N. viridula
A0A9P0DZB5	1	U-01	viridula	N. viridula
A0A9P0DZB9	2	U-02	viridula	N. viridula
A0A9P0DZC1	4	U-04	viridula	N. viridula
A0A9P0DZC3	2	U-02	viridula	N. viridula
A0A9P0DZC9	4	U-04	viridula	N. viridula
A0A9P0DZD1	0	unassigned	viridula	N. viridula
A0A9P0DZD9	1	U-01	viridula	N. viridula
A0A9P0DZE6	1	U-01	viridula	N. viridula
A0A9P0DZE9	1	U-01	viridula	N. viridula
A0A9P0DZF7	0	unassigned	viridula	N. viridula
A0A9P0DZH5	2	U-02	viridula	N. viridula
A0A9P0DZH7	3	U-03	viridula	N. viridula
A0A9P0DZK1	1	U-01	viridula	N. viridula
A0A9P0DZK8	2	U-02	viridula	N. viridula
A0A9P0DZL1	0	unassigned	viridula	N. viridula
A0A9P0DZL2	1	U-01	viridula	N. viridula
A0A9P0DZL9	1	U-01	viridula	N. viridula
A0A9P0DZM2	0	unassigned	viridula	N. viridula
A0A9P0DZN2	1	U-01	viridula	N. viridula
A0A9P0DZN6	0	unassigned	viridula	N. viridula
A0A9P0DZP5	0	unassigned	viridula	N. viridula
A0A9P0DZP7	0	unassigned	viridula	N. viridula
A0A9P0DZQ4	4	U-04	viridula	N. viridula
A0A9P0DZQ5	0	unassigned	viridula	N. viridula
A0A9P0DZQ7	2	U-02	viridula	N. viridula
A0A9P0DZR5	1	U-01	viridula	N. viridula
A0A9P0DZS8	1	U-01	viridula	N. viridula
A0A9P0DZS9	3	U-03	viridula	N. viridula
A0A9P0DZT6	1	U-01	viridula	N. viridula
A0A9P0DZT9	1	U-01	viridula	N. viridula
A0A9P0DZU5	1	U-01	viridula	N. viridula
A0A9P0DZV6	1	U-01	viridula	N. viridula
A0A9P0DZW5	1	U-01	viridula	N. viridula
A0A9P0DZW6	1	U-01	viridula	N. viridula
A0A9P0DZW8	1	U-01	viridula	N. viridula
A0A9P0DZX7	1	U-01	viridula	N. viridula
A0A9P0DZX8	1	U-01	viridula	N. viridula
A0A9P0DZY4	1	U-01	viridula	N. viridula
A0A9P0DZY5	2	U-02	viridula	N. viridula
A0A9P0DZY6	3	U-03	viridula	N. viridula
A0A9P0DZZ3	1	U-01	viridula	N. viridula
A0A9P0E2J3	2	U-02	viridula	N. viridula
A0A9P0E2J4	3	U-03	viridula	N. viridula
A0A9P0E2J5	2	U-02	viridula	N. viridula
A0A9P0E2K1	2	U-02	viridula	N. viridula
A0A9P0E2K2	1	U-01	viridula	N. viridula
A0A9P0E2K3	3	U-03	viridula	N. viridula
A0A9P0E2K4	0	unassigned	viridula	N. viridula
A0A9P0E2K5	2	U-02	viridula	N. viridula
A0A9P0E2K9	1	U-01	viridula	N. viridula
A0A9P0E2L1	2	U-02	viridula	N. viridula
A0A9P0E2L3	4	U-04	viridula	N. viridula
A0A9P0E2L4	3	U-03	viridula	N. viridula
A0A9P0E2L5	1	U-01	viridula	N. viridula
A0A9P0E2L8	3	U-03	viridula	N. viridula
A0A9P0E2L9	2	U-02	viridula	N. viridula
A0A9P0E2M1	1	U-01	viridula	N. viridula
A0A9P0E2M3	4	U-04	viridula	N. viridula
A0A9P0E2M4	3	U-03	viridula	N. viridula
A0A9P0E2M6	0	unassigned	viridula	N. viridula
A0A9P0E2M7	1	U-01	viridula	N. viridula
A0A9P0E2M9	3	U-03	viridula	N. viridula
A0A9P0E2N1	3	U-03	viridula	N. viridula
A0A9P0E2N3	2	U-02	viridula	N. viridula
A0A9P0E2N4	2	U-02	viridula	N. viridula
A0A9P0E2P1	1	U-01	viridula	N. viridula
A0A9P0E2P3	1	U-01	viridula	N. viridula
A0A9P0E2P5	1	U-01	viridula	N. viridula
A0A9P0E2Q1	0	unassigned	viridula	N. viridula
A0A9P0E2Q4	1	U-01	viridula	N. viridula
A0A9P0E2Q5	1	U-01	viridula	N. viridula
A0A9P0E2Q6	3	U-03	viridula	N. viridula
A0A9P0E2Q8	0	unassigned	viridula	N. viridula
A0A9P0E2R0	1	U-01	viridula	N. viridula
A0A9P0E2R2	1	U-01	viridula	N. viridula
A0A9P0E2R3	3	U-03	viridula	N. viridula
A0A9P0E2R4	1	U-01	viridula	N. viridula
A0A9P0E2R8	1	U-01	viridula	N. viridula
A0A9P0E2S2	1	U-01	viridula	N. viridula
A0A9P0E2S3	1	U-01	viridula	N. viridula
A0A9P0E2S4	0	unassigned	viridula	N. viridula
A0A9P0E2T0	1	U-01	viridula	N. viridula
A0A9P0E2T3	2	U-02	viridula	N. viridula
A0A9P0E2T4	1	U-01	viridula	N. viridula
A0A9P0E2T6	0	unassigned	viridula	N. viridula
A0A9P0E2T7	1	U-01	viridula	N. viridula
A0A9P0E2T9	2	U-02	viridula	N. viridula
A0A9P0E2U0	1	U-01	viridula	N. viridula
A0A9P0E2U3	1	U-01	viridula	N. viridula
A0A9P0E2U4	1	U-01	viridula	N. viridula
A0A9P0E2U6	1	U-01	viridula	N. viridula
A0A9P0E2U9	2	U-02	viridula	N. viridula
A0A9P0E2V0	1	U-01	viridula	N. viridula
A0A9P0E2V3	1	U-01	viridula	N. viridula
A0A9P0E2V7	2	U-02	viridula	N. viridula
A0A9P0E2V8	2	U-02	viridula	N. viridula
A0A9P0E2V9	1	U-01	viridula	N. viridula
A0A9P0E2W7	1	U-01	viridula	N. viridula
A0A9P0E2X1	2	U-02	viridula	N. viridula
A0A9P0E2X4	1	U-01	viridula	N. viridula
A0A9P0E2X5	3	U-03	viridula	N. viridula
A0A9P0E2X9	2	U-02	viridula	N. viridula
A0A9P0E2Y0	1	U-01	viridula	N. viridula
A0A9P0E2Y5	3	U-03	viridula	N. viridula
A0A9P0E2Y8	1	U-01	viridula	N. viridula
A0A9P0E2Y9	1	U-01	viridula	N. viridula
A0A9P0E2Z1	2	U-02	viridula	N. viridula
A0A9P0E2Z3	0	unassigned	viridula	N. viridula
A0A9P0E2Z4	1	U-01	viridula	N. viridula
A0A9P0E2Z6	0	unassigned	viridula	N. viridula
A0A9P0E2Z8	1	U-01	viridula	N. viridula
A0A9P0E2Z9	1	U-01	viridula	N. viridula
A0A9P0E303	2	U-02	viridula	N. viridula
A0A9P0E306	1	U-01	viridula	N. viridula
A0A9P0E307	1	U-01	viridula	N. viridula
A0A9P0E309	1	U-01	viridula	N. viridula
A0A9P0E310	2	U-02	viridula	N. viridula
A0A9P0E316	1	U-01	viridula	N. viridula
A0A9P0E318	1	U-01	viridula	N. viridula
A0A9P0E320	2	U-02	viridula	N. viridula
A0A9P0E321	3	U-03	viridula	N. viridula
A0A9P0E322	2	U-02	viridula	N. viridula
A0A9P0E323	1	U-01	viridula	N. viridula
A0A9P0E326	1	U-01	viridula	N. viridula
A0A9P0E328	2	U-02	viridula	N. viridula
A0A9P0E329	1	U-01	viridula	N. viridula
A0A9P0E330	2	U-02	viridula	N. viridula
A0A9P0E331	0	unassigned	viridula	N. viridula
A0A9P0E332	0	unassigned	viridula	N. viridula
A0A9P0E333	2	U-02	viridula	N. viridula
A0A9P0E337	1	U-01	viridula	N. viridula
A0A9P0E338	1	U-01	viridula	N. viridula
A0A9P0E344	2	U-02	viridula	N. viridula
A0A9P0E348	1	U-01	viridula	N. viridula
A0A9P0E349	1	U-01	viridula	N. viridula
A0A9P0E350	1	U-01	viridula	N. viridula
A0A9P0E352	1	U-01	viridula	N. viridula
A0A9P0E353	0	unassigned	viridula	N. viridula
A0A9P0E358	4	U-04	viridula	N. viridula
A0A9P0E360	1	U-01	viridula	N. viridula
A0A9P0E4F4	2	U-02	viridula	N. viridula
A0A9P0E4F5	2	U-02	viridula	N. viridula
A0A9P0E4G1	1	U-01	viridula	N. viridula
A0A9P0E4G2	1	U-01	viridula	N. viridula
A0A9P0E4G3	2	U-02	viridula	N. viridula
A0A9P0E4G4	1	U-01	viridula	N. viridula
A0A9P0E4G9	1	U-01	viridula	N. viridula
A0A9P0E4H0	1	U-01	viridula	N. viridula
A0A9P0E4H1	0	unassigned	viridula	N. viridula
A0A9P0E4H3	2	U-02	viridula	N. viridula
A0A9P0E4H5	2	U-02	viridula	N. viridula
A0A9P0E4H9	1	U-01	viridula	N. viridula
A0A9P0E4I1	1	U-01	viridula	N. viridula
A0A9P0E4I2	1	U-01	viridula	N. viridula
A0A9P0E4I3	0	unassigned	viridula	N. viridula
A0A9P0E4I4	2	U-02	viridula	N. viridula
A0A9P0E4I7	2	U-02	viridula	N. viridula
A0A9P0E4J1	3	U-03	viridula	N. viridula
A0A9P0E4J2	1	U-01	viridula	N. viridula
A0A9P0E4J3	1	U-01	viridula	N. viridula
A0A9P0E4J5	1	U-01	viridula	N. viridula
A0A9P0E4J6	1	U-01	viridula	N. viridula
A0A9P0E4K0	2	U-02	viridula	N. viridula
A0A9P0E4K2	1	U-01	viridula	N. viridula
A0A9P0E4K3	0	unassigned	viridula	N. viridula
A0A9P0E4K7	1	U-01	viridula	N. viridula
A0A9P0E4K8	0	unassigned	viridula	N. viridula
A0A9P0E4L0	0	unassigned	viridula	N. viridula
A0A9P0E4L1	2	U-02	viridula	N. viridula
A0A9P0E4L3	1	U-01	viridula	N. viridula
A0A9P0E4L8	1	U-01	viridula	N. viridula
A0A9P0E4M2	2	U-02	viridula	N. viridula
A0A9P0E4M6	3	U-03	viridula	N. viridula
A0A9P0E4M8	0	unassigned	viridula	N. viridula
A0A9P0E4M9	1	U-01	viridula	N. viridula
A0A9P0E4N2	1	U-01	viridula	N. viridula
A0A9P0E4N7	0	unassigned	viridula	N. viridula
A0A9P0E4N8	1	U-01	viridula	N. viridula
A0A9P0E4N9	1	U-01	viridula	N. viridula
A0A9P0E4P1	1	U-01	viridula	N. viridula
A0A9P0E4P5	1	U-01	viridula	N. viridula
A0A9P0E4P6	2	U-02	viridula	N. viridula
A0A9P0E4P8	1	U-01	viridula	N. viridula
A0A9P0E4P9	2	U-02	viridula	N. viridula
A0A9P0E4Q0	1	U-01	viridula	N. viridula
A0A9P0E4Q1	1	U-01	viridula	N. viridula
A0A9P0E4Q5	3	U-03	viridula	N. viridula
A0A9P0E4Q9	2	U-02	viridula	N. viridula
A0A9P0E4R0	2	U-02	viridula	N. viridula
A0A9P0E4R1	1	U-01	viridula	N. viridula
A0A9P0E4R2	0	unassigned	viridula	N. viridula
A0A9P0E4R3	1	U-01	viridula	N. viridula
A0A9P0E4R5	1	U-01	viridula	N. viridula
A0A9P0E4R8	1	U-01	viridula	N. viridula
A0A9P0E4S3	0	unassigned	viridula	N. viridula
A0A9P0E4S7	1	U-01	viridula	N. viridula
A0A9P0E4S8	1	U-01	viridula	N. viridula
A0A9P0E4T0	1	U-01	viridula	N. viridula
A0A9P0E4T1	1	U-01	viridula	N. viridula
A0A9P0E4T2	3	U-03	viridula	N. viridula
A0A9P0E4T3	2	U-02	viridula	N. viridula
A0A9P0E4T4	4	U-04	viridula	N. viridula
A0A9P0E4T8	1	U-01	viridula	N. viridula
A0A9P0E4T9	2	U-02	viridula	N. viridula
A0A9P0E4U0	1	U-01	viridula	N. viridula
A0A9P0E4U2	2	U-02	viridula	N. viridula
A0A9P0E4U3	2	U-02	viridula	N. viridula
A0A9P0E4U4	1	U-01	viridula	N. viridula
A0A9P0E4U7	0	unassigned	viridula	N. viridula
A0A9P0E4U9	1	U-01	viridula	N. viridula
A0A9P0E4V1	0	unassigned	viridula	N. viridula
A0A9P0E4V2	1	U-01	viridula	N. viridula
A0A9P0E4V8	1	U-01	viridula	N. viridula
A0A9P0E4W0	1	U-01	viridula	N. viridula
A0A9P0E4W1	0	unassigned	viridula	N. viridula
A0A9P0E4W2	2	U-02	viridula	N. viridula
A0A9P0E4W3	0	unassigned	viridula	N. viridula
A0A9P0E4W9	0	unassigned	viridula	N. viridula
A0A9P0E4X1	0	unassigned	viridula	N. viridula
A0A9P0E4X4	1	U-01	viridula	N. viridula
A0A9P0E4X5	1	U-01	viridula	N. viridula
A0A9P0E4X8	0	unassigned	viridula	N. viridula
A0A9P0E4Y3	1	U-01	viridula	N. viridula
A0A9P0E4Y4	2	U-02	viridula	N. viridula
A0A9P0E4Y5	4	U-04	viridula	N. viridula
A0A9P0E4Y6	1	U-01	viridula	N. viridula
A0A9P0E4Y9	2	U-02	viridula	N. viridula
A0A9P0E4Z0	1	U-01	viridula	N. viridula
A0A9P0E4Z1	0	unassigned	viridula	N. viridula
A0A9P0E4Z2	1	U-01	viridula	N. viridula
A0A9P0E4Z3	2	U-02	viridula	N. viridula
A0A9P0E4Z4	3	U-03	viridula	N. viridula
A0A9P0E4Z5	1	U-01	viridula	N. viridula
A0A9P0E4Z8	1	U-01	viridula	N. viridula
A0A9P0E4Z9	1	U-01	viridula	N. viridula
A0A9P0E501	1	U-01	viridula	N. viridula
A0A9P0E502	1	U-01	viridula	N. viridula
A0A9P0E5W0	1	U-01	viridula	N. viridula
A0A9P0E5W1	1	U-01	viridula	N. viridula
A0A9P0E5W2	0	unassigned	viridula	N. viridula
A0A9P0E5W3	1	U-01	viridula	N. viridula
A0A9P0E5W4	1	U-01	viridula	N. viridula
A0A9P0E5W7	2	U-02	viridula	N. viridula
A0A9P0E5X1	0	unassigned	viridula	N. viridula
A0A9P0E5X2	3	U-03	viridula	N. viridula
A0A9P0E5X3	3	U-03	viridula	N. viridula
A0A9P0E5X4	3	U-03	viridula	N. viridula
A0A9P0E5X5	4	U-04	viridula	N. viridula
A0A9P0E5X7	1	U-01	viridula	N. viridula
A0A9P0E5Y0	1	U-01	viridula	N. viridula
A0A9P0E5Y1	1	U-01	viridula	N. viridula
A0A9P0E5Y2	2	U-02	viridula	N. viridula
A0A9P0E5Y3	2	U-02	viridula	N. viridula
A0A9P0E5Y7	1	U-01	viridula	N. viridula
A0A9P0E5Y9	1	U-01	viridula	N. viridula
A0A9P0E5Z1	1	U-01	viridula	N. viridula
A0A9P0E5Z2	1	U-01	viridula	N. viridula
A0A9P0E5Z3	2	U-02	viridula	N. viridula
A0A9P0E5Z6	2	U-02	viridula	N. viridula
A0A9P0E5Z8	2	U-02	viridula	N. viridula
A0A9P0E5Z9	1	U-01	viridula	N. viridula
A0A9P0E601	2	U-02	viridula	N. viridula
A0A9P0E602	2	U-02	viridula	N. viridula
A0A9P0E603	3	U-03	viridula	N. viridula
A0A9P0E605	1	U-01	viridula	N. viridula
A0A9P0E606	2	U-02	viridula	N. viridula
A0A9P0E607	1	U-01	viridula	N. viridula
A0A9P0E608	3	U-03	viridula	N. viridula
A0A9P0E610	2	U-02	viridula	N. viridula
A0A9P0E611	1	U-01	viridula	N. viridula
A0A9P0E612	0	unassigned	viridula	N. viridula
A0A9P0E613	2	U-02	viridula	N. viridula
A0A9P0E614	4	U-04	viridula	N. viridula
A0A9P0MI44	3	U-03	viridula	N. viridula
A0A9P0MI55	1	U-01	viridula	N. viridula
A0A9P0MI64	1	U-01	viridula	N. viridula
A0A9P0MI70	1	U-01	viridula	N. viridula
A0A9P0MI81	1	U-01	viridula	N. viridula
A0A9P0MI99	3	U-03	viridula	N. viridula
A0A9P0MIA9	4	U-04	viridula	N. viridula
A0A9P0MIB3	1	U-01	viridula	N. viridula
A0A9P0MIE4	1	U-01	viridula	N. viridula
A0A9P0MIF3	3	U-03	viridula	N. viridula
A0A9P0MIF8	1	U-01	viridula	N. viridula
A0A9P0MIH7	1	U-01	viridula	N. viridula
A0A9P0MII6	1	U-01	viridula	N. viridula
A0A9P0MII8	1	U-01	viridula	N. viridula
A0A9P0MIK2	1	U-01	viridula	N. viridula
A0A9P0MIL0	3	U-03	viridula	N. viridula
A0A9P0MIL3	1	U-01	viridula	N. viridula
A0A9P0MIN6	1	U-01	viridula	N. viridula
A0A9P0MIQ6	1	U-01	viridula	N. viridula
A0A9P0MIR4	1	U-01	viridula	N. viridula
A0A9P0MIT2	1	U-01	viridula	N. viridula
A0A9P0MIT4	1	U-01	viridula	N. viridula
A0A9P0MIV9	3	U-03	viridula	N. viridula
A0A9P0MIX2	1	U-01	viridula	N. viridula
A0A9P0MIX5	1	U-01	viridula	N. viridula
A0A9P0MIZ3	1	U-01	viridula	N. viridula
A0A9P0MJ14	4	U-04	viridula	N. viridula
A0A9P0MJ49	0	unassigned	viridula	N. viridula
A0A9P0MJ61	4	U-04	viridula	N. viridula
A0A9P0MJ75	1	U-01	viridula	N. viridula
A0A9P0MJ77	1	U-01	viridula	N. viridula
A0A9P0MJ80	4	U-04	viridula	N. viridula
A0A9P0MJ85	4	U-04	viridula	N. viridula
A0A9P0MJ91	1	U-01	viridula	N. viridula
A0A9P0MJA0	1	U-01	viridula	N. viridula
A0A9P0MJB9	1	U-01	viridula	N. viridula
A0A9P0MJC0	1	U-01	viridula	N. viridula
A0A9P0MJC3	1	U-01	viridula	N. viridula
A0A9P0MJD4	1	U-01	viridula	N. viridula
A0A9P0MJF1	1	U-01	viridula	N. viridula
A0A9P0MJF3	1	U-01	viridula	N. viridula
A0A9P0MJH3	1	U-01	viridula	N. viridula
A0A9P0MJI4	4	U-04	viridula	N. viridula
A0A9P0MJK3	1	U-01	viridula	N. viridula
A0A9P0MJL5	1	U-01	viridula	N. viridula
A0A9P0MJM9	1	U-01	viridula	N. viridula
A0A9P0MJN3	4	U-04	viridula	N. viridula
A0A9P0MJP0	1	U-01	viridula	N. viridula
A0A9P0MJP4	1	U-01	viridula	N. viridula
A0A9P0MJR1	4	U-04	viridula	N. viridula
A0A9P0MJS0	1	U-01	viridula	N. viridula
A0A9P0MJS9	4	U-04	viridula	N. viridula
A0A9P0MJT7	1	U-01	viridula	N. viridula
A0A9P0MJU7	3	U-03	viridula	N. viridula
A0A9P0MJV4	0	unassigned	viridula	N. viridula
A0A9P0MJV9	4	U-04	viridula	N. viridula
A0A9P0MJW8	1	U-01	viridula	N. viridula
A0A9P0MJY4	1	U-01	viridula	N. viridula
A0A9P0MK10	1	U-01	viridula	N. viridula
A0A9P0MK13	1	U-01	viridula	N. viridula
A0A9P0MK19	1	U-01	viridula	N. viridula
A0A9P0MK29	1	U-01	viridula	N. viridula
A0A9P0MK34	1	U-01	viridula	N. viridula
A0A9P0MK65	4	U-04	viridula	N. viridula
A0A9P0MK70	3	U-03	viridula	N. viridula
A0A9P0MK95	0	unassigned	viridula	N. viridula
A0A9P0MKA0	1	U-01	viridula	N. viridula
A0A9P0MKC3	0	unassigned	viridula	N. viridula
A0A9P0MKD2	1	U-01	viridula	N. viridula
A0A9P0MKG6	1	U-01	viridula	N. viridula
A0A9P0MKH8	0	unassigned	viridula	N. viridula
A0A9P0MKK5	4	U-04	viridula	N. viridula
A0A9P0MKL0	4	U-04	viridula	N. viridula
A0A9P0MKL6	0	unassigned	viridula	N. viridula
A0A9P0MKM4	1	U-01	viridula	N. viridula
A0A9P0MKN4	0	unassigned	viridula	N. viridula
A0A9P0MKN9	0	unassigned	viridula	N. viridula
A0A9P0MKP8	1	U-01	viridula	N. viridula
A0A9P0MKQ9	1	U-01	viridula	N. viridula
A0A9P0MKR4	1	U-01	viridula	N. viridula
A0A9P0MKS4	1	U-01	viridula	N. viridula
A0A9P0H1H5	1	U-01	viridula	N. viridula
A0A9P0H1N7	1	U-01	viridula	N. viridula
A0A9P0H1R8	1	U-01	viridula	N. viridula
A0A9P0H1S0	4	U-04	viridula	N. viridula
A0A9P0H1U3	1	U-01	viridula	N. viridula
A0A9P0H1X7	1	U-01	viridula	N. viridula
A0A9P0H1Z3	1	U-01	viridula	N. viridula
A0A9P0H212	1	U-01	viridula	N. viridula
A0A9P0H217	1	U-01	viridula	N. viridula
A0A9P0H270	1	U-01	viridula	N. viridula
A0A9P0H2F0	1	U-01	viridula	N. viridula
A0A9P0H2G5	3	U-03	viridula	N. viridula
A0A9P0H2I0	1	U-01	viridula	N. viridula
A0A9P0H2I7	1	U-01	viridula	N. viridula
A0A9P0H2J1	1	U-01	viridula	N. viridula
A0A9P0H2L5	1	U-01	viridula	N. viridula
A0A9P0H2L6	1	U-01	viridula	N. viridula
A0A9P0H2N7	0	unassigned	viridula	N. viridula
A0A9P0H2Y4	1	U-01	viridula	N. viridula
A0A9P0H1K5	1	U-01	viridula	N. viridula
A0A9P0H1K6	1	U-01	viridula	N. viridula
A0A9P0H1K7	1	U-01	viridula	N. viridula
A0A9P0H1K8	1	U-01	viridula	N. viridula
A0A9P0H1K9	1	U-01	viridula	N. viridula
A0A9P0H1L0	1	U-01	viridula	N. viridula
A0A9P0H1L1	2	U-02	viridula	N. viridula
A0A9P0H1L2	1	U-01	viridula	N. viridula
A0A9P0H1L3	1	U-01	viridula	N. viridula
A0A9P0H1L4	1	U-01	viridula	N. viridula
A0A9P0H1L5	3	U-03	viridula	N. viridula
A0A9P0H1L6	1	U-01	viridula	N. viridula
A0A9P0H1L7	2	U-02	viridula	N. viridula
A0A9P0H1L8	1	U-01	viridula	N. viridula
A0A9P0H1M5	2	U-02	viridula	N. viridula
A0A9P0H1M6	1	U-01	viridula	N. viridula
A0A9P0H1M7	2	U-02	viridula	N. viridula
A0A9P0H1N0	1	U-01	viridula	N. viridula
A0A9P0H1N1	2	U-02	viridula	N. viridula
A0A9P0H1N2	1	U-01	viridula	N. viridula
A0A9P0H1N3	2	U-02	viridula	N. viridula
A0A9P0H1P2	2	U-02	viridula	N. viridula
A0A9P0H1P3	1	U-01	viridula	N. viridula
A0A9P0H1P4	2	U-02	viridula	N. viridula
A0A9P0H1P5	0	unassigned	viridula	N. viridula
A0A9P0H1P7	4	U-04	viridula	N. viridula
A0A9P0H1Q0	1	U-01	viridula	N. viridula
A0A9P0H1Q3	1	U-01	viridula	N. viridula
A0A9P0H1Q6	3	U-03	viridula	N. viridula
A0A9P0H1Q7	2	U-02	viridula	N. viridula
A0A9P0H1Q8	1	U-01	viridula	N. viridula
A0A9P0H1Q9	2	U-02	viridula	N. viridula
A0A9P0H1R0	2	U-02	viridula	N. viridula
A0A9P0H1R2	1	U-01	viridula	N. viridula
A0A9P0H1R4	0	unassigned	viridula	N. viridula
A0A9P0H1R5	1	U-01	viridula	N. viridula
A0A9P0H1R7	1	U-01	viridula	N. viridula
A0A9P0H1R9	2	U-02	viridula	N. viridula
A0A9P0H1S1	1	U-01	viridula	N. viridula
A0A9P0H1S3	1	U-01	viridula	N. viridula
A0A9P0H1S4	2	U-02	viridula	N. viridula
A0A9P0H1S9	2	U-02	viridula	N. viridula
A0A9P0H1T0	1	U-01	viridula	N. viridula
A0A9P0H1T2	1	U-01	viridula	N. viridula
A0A9P0H1T3	2	U-02	viridula	N. viridula
A0A9P0H1T4	2	U-02	viridula	N. viridula
A0A9P0H1T9	1	U-01	viridula	N. viridula
A0A9P0H1U0	2	U-02	viridula	N. viridula
A0A9P0H1U1	1	U-01	viridula	N. viridula
A0A9P0H1U2	0	unassigned	viridula	N. viridula
A0A9P0H1U4	1	U-01	viridula	N. viridula
A0A9P0H1U5	1	U-01	viridula	N. viridula
A0A9P0H1U6	2	U-02	viridula	N. viridula
A0A9P0H1U7	1	U-01	viridula	N. viridula
A0A9P0H1U8	2	U-02	viridula	N. viridula
A0A9P0H1U9	2	U-02	viridula	N. viridula
A0A9P0H1V0	2	U-02	viridula	N. viridula
A0A9P0H1V1	2	U-02	viridula	N. viridula
A0A9P0H1V4	2	U-02	viridula	N. viridula
A0A9P0H1V5	2	U-02	viridula	N. viridula
A0A9P0H1V9	1	U-01	viridula	N. viridula
A0A9P0H1W0	1	U-01	viridula	N. viridula
A0A9P0H1W1	0	unassigned	viridula	N. viridula
A0A9P0H1W2	2	U-02	viridula	N. viridula
A0A9P0H1W3	2	U-02	viridula	N. viridula
A0A9P0H1W4	1	U-01	viridula	N. viridula
A0A9P0H1W5	1	U-01	viridula	N. viridula
A0A9P0H1W6	1	U-01	viridula	N. viridula
A0A9P0H1W8	1	U-01	viridula	N. viridula
A0A9P0H1X0	2	U-02	viridula	N. viridula
A0A9P0H1X1	1	U-01	viridula	N. viridula
A0A9P0H1X2	1	U-01	viridula	N. viridula
A0A9P0H1X3	2	U-02	viridula	N. viridula
A0A9P0H1X5	1	U-01	viridula	N. viridula
A0A9P0H1Y0	2	U-02	viridula	N. viridula
A0A9P0H1Y1	3	U-03	viridula	N. viridula
A0A9P0H1Y4	2	U-02	viridula	N. viridula
A0A9P0H1Y5	1	U-01	viridula	N. viridula
A0A9P0H1Y6	1	U-01	viridula	N. viridula
A0A9P0H1Y8	2	U-02	viridula	N. viridula
A0A9P0H1Y9	2	U-02	viridula	N. viridula
A0A9P0H1Z0	0	unassigned	viridula	N. viridula
A0A9P0H1Z1	1	U-01	viridula	N. viridula
A0A9P0H1Z2	2	U-02	viridula	N. viridula
A0A9P0H1Z4	0	unassigned	viridula	N. viridula
A0A9P0H1Z6	2	U-02	viridula	N. viridula
A0A9P0H1Z7	2	U-02	viridula	N. viridula
A0A9P0H1Z9	0	unassigned	viridula	N. viridula
A0A9P0H201	0	unassigned	viridula	N. viridula
A0A9P0H202	2	U-02	viridula	N. viridula
A0A9P0H203	1	U-01	viridula	N. viridula
A0A9P0H205	1	U-01	viridula	N. viridula
A0A9P0H206	2	U-02	viridula	N. viridula
A0A9P0H207	3	U-03	viridula	N. viridula
A0A9P0H210	4	U-04	viridula	N. viridula
A0A9P0H213	2	U-02	viridula	N. viridula
A0A9P0H214	1	U-01	viridula	N. viridula
A0A9P0H218	2	U-02	viridula	N. viridula
A0A9P0H219	1	U-01	viridula	N. viridula
A0A9P0H222	2	U-02	viridula	N. viridula
A0A9P0HIB3	4	U-04	viridula	N. viridula
A0A9P0HIB6	4	U-04	viridula	N. viridula
A0A9P0HIB9	1	U-01	viridula	N. viridula
A0A9P0HIC4	3	U-03	viridula	N. viridula
A0A9P0HID1	0	unassigned	viridula	N. viridula
A0A9P0HID4	1	U-01	viridula	N. viridula
A0A9P0HID6	0	unassigned	viridula	N. viridula
A0A9P0HIE6	1	U-01	viridula	N. viridula
A0A9P0HIE7	4	U-04	viridula	N. viridula
A0A9P0HQT8	1	U-01	viridula	N. viridula
A0A9P0HQU4	1	U-01	viridula	N. viridula
A0A9P0HQU9	1	U-01	viridula	N. viridula
A0A9P0HQV4	1	U-01	viridula	N. viridula
A0A9P0HQV5	1	U-01	viridula	N. viridula
A0A9P0HQV8	1	U-01	viridula	N. viridula
A0A9P0HQW0	1	U-01	viridula	N. viridula
A0A9P0HQW1	1	U-01	viridula	N. viridula
A0A9P0HQW2	1	U-01	viridula	N. viridula
A0A9P0HQW4	3	U-03	viridula	N. viridula
A0A9P0HQW5	1	U-01	viridula	N. viridula
A0A9P0HQW6	4	U-04	viridula	N. viridula
A0A9P0HQY6	1	U-01	viridula	N. viridula
A0A9P0HQZ4	1	U-01	viridula	N. viridula
A0A9P0HQZ5	1	U-01	viridula	N. viridula
A0A9P0HQZ9	1	U-01	viridula	N. viridula
A0A9P0HR03	1	U-01	viridula	N. viridula
A0A9P0HR05	1	U-01	viridula	N. viridula
A0A9P0HR07	1	U-01	viridula	N. viridula
A0A9P0HR09	1	U-01	viridula	N. viridula
A0A9P0HR10	3	U-03	viridula	N. viridula
A0A9P0HR11	1	U-01	viridula	N. viridula
A0A9P0HR13	1	U-01	viridula	N. viridula
A0A9P0HR14	1	U-01	viridula	N. viridula
A0A9P0HR15	1	U-01	viridula	N. viridula
A0A9P0HR17	1	U-01	viridula	N. viridula
A0A9P0HR19	1	U-01	viridula	N. viridula
A0A9P0HR20	3	U-03	viridula	N. viridula
A0A9P0HR21	4	U-04	viridula	N. viridula
A0A9P0HR22	3	U-03	viridula	N. viridula
A0A9P0HR26	0	unassigned	viridula	N. viridula
A0A9P0HR27	0	unassigned	viridula	N. viridula
A0A9P0HR28	4	U-04	viridula	N. viridula
A0A9P0HR32	1	U-01	viridula	N. viridula
A0A9P0HR38	4	U-04	viridula	N. viridula
A0A9P0HR40	1	U-01	viridula	N. viridula
A0A9P0HR41	1	U-01	viridula	N. viridula
A0A9P0HR42	1	U-01	viridula	N. viridula
A0A9P0HR43	1	U-01	viridula	N. viridula
A0A9P0HR48	1	U-01	viridula	N. viridula
A0A9P0HR55	1	U-01	viridula	N. viridula
A0A9P0HR56	3	U-03	viridula	N. viridula
A0A9P0HR61	1	U-01	viridula	N. viridula
A0A9P0HR63	1	U-01	viridula	N. viridula
A0A9P0HR64	3	U-03	viridula	N. viridula
A0A9P0HR68	0	unassigned	viridula	N. viridula
A0A9P0HR70	1	U-01	viridula	N. viridula
A0A9P0HR73	1	U-01	viridula	N. viridula
A0A9P0HR78	3	U-03	viridula	N. viridula
A0A9P0HR79	1	U-01	viridula	N. viridula
A0A9P0HR81	1	U-01	viridula	N. viridula
A0A9P0HR83	0	unassigned	viridula	N. viridula
A0A9P0HR87	1	U-01	viridula	N. viridula
A0A9P0HR88	4	U-04	viridula	N. viridula
A0A9P0HR92	1	U-01	viridula	N. viridula
A0A9P0HR94	0	unassigned	viridula	N. viridula
A0A9P0HR95	1	U-01	viridula	N. viridula
A0A9P0HR96	4	U-04	viridula	N. viridula
A0A9P0HR97	1	U-01	viridula	N. viridula
A0A9P0HR98	1	U-01	viridula	N. viridula
A0A9P0HRA0	1	U-01	viridula	N. viridula
A0A9P0HRA5	1	U-01	viridula	N. viridula
A0A9P0HRA7	3	U-03	viridula	N. viridula
A0A9P0HRA9	1	U-01	viridula	N. viridula
A0A9P0HRB0	1	U-01	viridula	N. viridula
A0A9P0HRB2	1	U-01	viridula	N. viridula
A0A9P0HRB8	1	U-01	viridula	N. viridula
A0A9P0HRB9	3	U-03	viridula	N. viridula
A0A9P0HRC7	0	unassigned	viridula	N. viridula
A0A9P0HRC8	1	U-01	viridula	N. viridula
A0A9P0HRC9	1	U-01	viridula	N. viridula
A0A9P0HRD0	1	U-01	viridula	N. viridula
A0A9P0HRD3	0	unassigned	viridula	N. viridula
A0A9P0HRD4	0	unassigned	viridula	N. viridula
A0A9P0HRD7	4	U-04	viridula	N. viridula
A0A9P0HRD8	1	U-01	viridula	N. viridula
A0A9P0HRE0	4	U-04	viridula	N. viridula
A0A9P0HRE2	1	U-01	viridula	N. viridula
A0A9P0HRE3	4	U-04	viridula	N. viridula
A0A9P0HRE4	4	U-04	viridula	N. viridula
A0A9P0HRE6	1	U-01	viridula	N. viridula
A0A9P0HRF6	1	U-01	viridula	N. viridula
A0A9P0HRF7	1	U-01	viridula	N. viridula
A0A9P0HRF8	1	U-01	viridula	N. viridula
A0A9P0HRG0	3	U-03	viridula	N. viridula
A0A9P0HRG6	1	U-01	viridula	N. viridula
A0A9P0HRG7	1	U-01	viridula	N. viridula
A0A9P0HRG9	3	U-03	viridula	N. viridula
A0A9P0HRH1	4	U-04	viridula	N. viridula
A0A9P0HRH2	1	U-01	viridula	N. viridula
A0A9P0HRH5	1	U-01	viridula	N. viridula
A0A9P0EH05	0	unassigned	viridula	N. viridula
A0A9P0EH07	2	U-02	viridula	N. viridula
A0A9P0EH12	1	U-01	viridula	N. viridula
A0A9P0EH20	1	U-01	viridula	N. viridula
A0A9P0EH21	1	U-01	viridula	N. viridula
A0A9P0EH23	2	U-02	viridula	N. viridula
A0A9P0EH28	1	U-01	viridula	N. viridula
A0A9P0EH33	1	U-01	viridula	N. viridula
A0A9P0EH36	1	U-01	viridula	N. viridula
A0A9P0EH38	0	unassigned	viridula	N. viridula
A0A9P0EH47	1	U-01	viridula	N. viridula
A0A9P0EH49	3	U-03	viridula	N. viridula
A0A9P0EH51	1	U-01	viridula	N. viridula
A0A9P0EH56	0	unassigned	viridula	N. viridula
A0A9P0EH57	1	U-01	viridula	N. viridula
A0A9P0EH64	3	U-03	viridula	N. viridula
A0A9P0EH65	2	U-02	viridula	N. viridula
A0A9P0EH71	1	U-01	viridula	N. viridula
A0A9P0EH73	1	U-01	viridula	N. viridula
A0A9P0EH75	1	U-01	viridula	N. viridula
A0A9P0EH82	0	unassigned	viridula	N. viridula
A0A9P0EH83	4	U-04	viridula	N. viridula
A0A9P0EH90	1	U-01	viridula	N. viridula
A0A9P0EH92	1	U-01	viridula	N. viridula
A0A9P0EH99	1	U-01	viridula	N. viridula
A0A9P0EHA0	1	U-01	viridula	N. viridula
A0A9P0EHA1	1	U-01	viridula	N. viridula
A0A9P0EHA7	2	U-02	viridula	N. viridula
A0A9P0EHA8	1	U-01	viridula	N. viridula
A0A9P0EHA9	3	U-03	viridula	N. viridula
A0A9P0EHB5	1	U-01	viridula	N. viridula
A0A9P0EHB6	1	U-01	viridula	N. viridula
A0A9P0EHB7	1	U-01	viridula	N. viridula
A0A9P0EHC4	1	U-01	viridula	N. viridula
A0A9P0EHC6	0	unassigned	viridula	N. viridula
A0A9P0EHD2	2	U-02	viridula	N. viridula
A0A9P0EHE1	2	U-02	viridula	N. viridula
A0A9P0EHF0	1	U-01	viridula	N. viridula
A0A9P0EHF6	1	U-01	viridula	N. viridula
A0A9P0EHG3	1	U-01	viridula	N. viridula
A0A9P0EHG5	0	unassigned	viridula	N. viridula
A0A9P0EHH3	1	U-01	viridula	N. viridula
A0A9P0EHH5	1	U-01	viridula	N. viridula
A0A9P0EHH7	2	U-02	viridula	N. viridula
A0A9P0EHI1	1	U-01	viridula	N. viridula
A0A9P0EHI4	1	U-01	viridula	N. viridula
A0A9P0EHI5	1	U-01	viridula	N. viridula
A0A9P0EHJ2	2	U-02	viridula	N. viridula
A0A9P0EHJ9	2	U-02	viridula	N. viridula
A0A9P0EHK5	1	U-01	viridula	N. viridula
A0A9P0EHK8	1	U-01	viridula	N. viridula
A0A9P0EHM5	1	U-01	viridula	N. viridula
A0A9P0EHM7	0	unassigned	viridula	N. viridula
A0A9P0EHN2	1	U-01	viridula	N. viridula
A0A9P0EHN4	2	U-02	viridula	N. viridula
A0A9P0EHP0	2	U-02	viridula	N. viridula
A0A9P0EHP6	2	U-02	viridula	N. viridula
A0A9P0EHQ1	3	U-03	viridula	N. viridula
A0A9P0EHR5	1	U-01	viridula	N. viridula
A0A9P0EHS7	3	U-03	viridula	N. viridula
A0A9P0EHT2	2	U-02	viridula	N. viridula
A0A9P0EHT9	0	unassigned	viridula	N. viridula
A0A9P0EHU6	1	U-01	viridula	N. viridula
A0A9P0EHV8	1	U-01	viridula	N. viridula
A0A9P0EHX1	1	U-01	viridula	N. viridula
A0A9P0EHX8	2	U-02	viridula	N. viridula
A0A9P0EHZ6	2	U-02	viridula	N. viridula
A0A9P0EI02	0	unassigned	viridula	N. viridula
A0A9P0EI14	1	U-01	viridula	N. viridula
A0A9P0EI20	1	U-01	viridula	N. viridula
A0A9P0EI27	1	U-01	viridula	N. viridula
A0A9P0EI57	1	U-01	viridula	N. viridula
A0A9P0EI69	3	U-03	viridula	N. viridula
A0A9P0EI75	1	U-01	viridula	N. viridula
A0A9P0EI85	0	unassigned	viridula	N. viridula
A0A9P0EI90	1	U-01	viridula	N. viridula
A0A9P0EIA2	1	U-01	viridula	N. viridula
A0A9P0EIA8	2	U-02	viridula	N. viridula
A0A9P0EIB4	1	U-01	viridula	N. viridula
A0A9P0EIC0	1	U-01	viridula	N. viridula
A0A9P0EIC9	0	unassigned	viridula	N. viridula
A0A9P0EIF4	3	U-03	viridula	N. viridula
A0A9P0EIG0	2	U-02	viridula	N. viridula
A0A9P0EIG5	4	U-04	viridula	N. viridula
A0A9P0EIH6	1	U-01	viridula	N. viridula
A0A9P0EIJ9	1	U-01	viridula	N. viridula
A0A9P0EIK9	1	U-01	viridula	N. viridula
A0A9P0EIL5	1	U-01	viridula	N. viridula
A0A9P0EIM5	2	U-02	viridula	N. viridula
A0A9P0EIN0	2	U-02	viridula	N. viridula
A0A9P0EIN6	2	U-02	viridula	N. viridula
A0A9P0EIP2	1	U-01	viridula	N. viridula
A0A9P0EIQ4	2	U-02	viridula	N. viridula
A0A9P0EIS6	1	U-01	viridula	N. viridula
A0A9P0EIT2	0	unassigned	viridula	N. viridula
A0A9P0EIU5	1	U-01	viridula	N. viridula
A0A9P0EIV9	3	U-03	viridula	N. viridula
A0A9P0EIW4	1	U-01	viridula	N. viridula
A0A9P0EIW9	1	U-01	viridula	N. viridula
A0A9P0EIX5	3	U-03	viridula	N. viridula
A0A9P0MWW3	1	U-01	viridula	N. viridula
A0A9P0MWW7	1	U-01	viridula	N. viridula
A0A9P0MWW8	1	U-01	viridula	N. viridula
A0A9P0MWW9	1	U-01	viridula	N. viridula
A0A9P0MWX1	2	U-02	viridula	N. viridula
A0A9P0MWX2	2	U-02	viridula	N. viridula
A0A9P0MWX3	2	U-02	viridula	N. viridula
A0A9P0MWX4	2	U-02	viridula	N. viridula
A0A9P0MWX7	2	U-02	viridula	N. viridula
A0A9P0MWX9	2	U-02	viridula	N. viridula
A0A9P0MWY1	1	U-01	viridula	N. viridula
A0A9P0MWY3	2	U-02	viridula	N. viridula
A0A9P0MWY4	1	U-01	viridula	N. viridula
A0A9P0MWY5	1	U-01	viridula	N. viridula
A0A9P0MWY6	1	U-01	viridula	N. viridula
A0A9P0MWY8	1	U-01	viridula	N. viridula
A0A9P0MWZ0	0	unassigned	viridula	N. viridula
A0A9P0MWZ1	2	U-02	viridula	N. viridula
A0A9P0MWZ3	0	unassigned	viridula	N. viridula
A0A9P0MWZ4	3	U-03	viridula	N. viridula
A0A9P0MWZ8	1	U-01	viridula	N. viridula
A0A9P0MX01	3	U-03	viridula	N. viridula
A0A9P0MX02	0	unassigned	viridula	N. viridula
A0A9P0MX04	2	U-02	viridula	N. viridula
A0A9P0MX06	2	U-02	viridula	N. viridula
A0A9P0MX08	2	U-02	viridula	N. viridula
A0A9P0MX09	3	U-03	viridula	N. viridula
A0A9P0MX10	2	U-02	viridula	N. viridula
A0A9P0MX11	2	U-02	viridula	N. viridula
A0A9P0MX13	3	U-03	viridula	N. viridula
A0A9P0MX14	2	U-02	viridula	N. viridula
A0A9P0MX15	4	U-04	viridula	N. viridula
A0A9P0MX16	1	U-01	viridula	N. viridula
A0A9P0MX20	1	U-01	viridula	N. viridula
A0A9P0MX22	1	U-01	viridula	N. viridula
A0A9P0MX24	3	U-03	viridula	N. viridula
A0A9P0MX25	1	U-01	viridula	N. viridula
A0A9P0MX26	2	U-02	viridula	N. viridula
A0A9P0MX29	1	U-01	viridula	N. viridula
A0A9P0MX34	3	U-03	viridula	N. viridula
A0A9P0MX35	1	U-01	viridula	N. viridula
A0A9P0MX36	0	unassigned	viridula	N. viridula
A0A9P0MX39	1	U-01	viridula	N. viridula
A0A9P0MX40	1	U-01	viridula	N. viridula
A0A9P0MX41	0	unassigned	viridula	N. viridula
A0A9P0MX42	1	U-01	viridula	N. viridula
A0A9P0MX44	1	U-01	viridula	N. viridula
A0A9P0MX45	1	U-01	viridula	N. viridula
A0A9P0MX46	3	U-03	viridula	N. viridula
A0A9P0MX49	0	unassigned	viridula	N. viridula
A0A9P0MX50	1	U-01	viridula	N. viridula
A0A9P0MX51	1	U-01	viridula	N. viridula
A0A9P0MX52	1	U-01	viridula	N. viridula
A0A9P0MX57	1	U-01	viridula	N. viridula
A0A9P0MX59	1	U-01	viridula	N. viridula
A0A9P0MX60	1	U-01	viridula	N. viridula
A0A9P0MX64	4	U-04	viridula	N. viridula
A0A9P0MX65	1	U-01	viridula	N. viridula
A0A9P0MX66	1	U-01	viridula	N. viridula
A0A9P0MX69	1	U-01	viridula	N. viridula
A0A9P0MX70	1	U-01	viridula	N. viridula
A0A9P0MX71	4	U-04	viridula	N. viridula
A0A9P0MX72	1	U-01	viridula	N. viridula
A0A9P0MX74	2	U-02	viridula	N. viridula
A0A9P0MX75	1	U-01	viridula	N. viridula
A0A9P0MX76	1	U-01	viridula	N. viridula
A0A9P0MX79	1	U-01	viridula	N. viridula
A0A9P0MX80	1	U-01	viridula	N. viridula
A0A9P0MX81	2	U-02	viridula	N. viridula
A0A9P0MX82	1	U-01	viridula	N. viridula
A0A9P0MX84	2	U-02	viridula	N. viridula
A0A9P0MX85	2	U-02	viridula	N. viridula
A0A9P0MX86	0	unassigned	viridula	N. viridula
A0A9P0MX89	0	unassigned	viridula	N. viridula
A0A9P0MX90	3	U-03	viridula	N. viridula
A0A9P0MX92	4	U-04	viridula	N. viridula
A0A9P0MX94	3	U-03	viridula	N. viridula
A0A9P0MX95	2	U-02	viridula	N. viridula
A0A9P0MX96	1	U-01	viridula	N. viridula
A0A9P0MX97	2	U-02	viridula	N. viridula
A0A9P0MX98	0	unassigned	viridula	N. viridula
A0A9P0MXA0	4	U-04	viridula	N. viridula
A0A9P0MXA4	0	unassigned	viridula	N. viridula
A0A9P0MXA6	2	U-02	viridula	N. viridula
A0A9P0MXA9	1	U-01	viridula	N. viridula
A0A9P0MXB8	2	U-02	viridula	N. viridula
A0A9P0MXB9	2	U-02	viridula	N. viridula
A0A9P0MXC0	1	U-01	viridula	N. viridula
A0A9P0MXC4	3	U-03	viridula	N. viridula
A0A9P0MXC9	0	unassigned	viridula	N. viridula
A0A9P0MXD3	3	U-03	viridula	N. viridula
A0A9P0MXD4	2	U-02	viridula	N. viridula
A0A9P0MXD7	1	U-01	viridula	N. viridula
A0A9P0MXE1	0	unassigned	viridula	N. viridula
A0A9P0MXE2	2	U-02	viridula	N. viridula
A0A9P0MXE5	4	U-04	viridula	N. viridula
A0A9P0MXF0	2	U-02	viridula	N. viridula
A0A9P0MXF2	2	U-02	viridula	N. viridula
A0A9P0MXG3	2	U-02	viridula	N. viridula
A0A9P0MXG5	1	U-01	viridula	N. viridula
A0A9P0HJ07	2	U-02	viridula	N. viridula
A0A9P0HJ09	2	U-02	viridula	N. viridula
A0A9P0HJ11	2	U-02	viridula	N. viridula
A0A9P0HJ12	1	U-01	viridula	N. viridula
A0A9P0HJ13	2	U-02	viridula	N. viridula
A0A9P0HJ14	2	U-02	viridula	N. viridula
A0A9P0HJ16	0	unassigned	viridula	N. viridula
A0A9P0HJ20	1	U-01	viridula	N. viridula
A0A9P0HJ24	1	U-01	viridula	N. viridula
A0A9P0HJ26	2	U-02	viridula	N. viridula
A0A9P0HJ27	1	U-01	viridula	N. viridula
A0A9P0HJ28	0	unassigned	viridula	N. viridula
A0A9P0HJ29	0	unassigned	viridula	N. viridula
A0A9P0HJ30	3	U-03	viridula	N. viridula
A0A9P0HJ31	2	U-02	viridula	N. viridula
A0A9P0HJ32	1	U-01	viridula	N. viridula
A0A9P0HJ33	1	U-01	viridula	N. viridula
A0A9P0HJ34	1	U-01	viridula	N. viridula
A0A9P0HJ35	2	U-02	viridula	N. viridula
A0A9P0HJ37	2	U-02	viridula	N. viridula
A0A9P0HJ38	2	U-02	viridula	N. viridula
A0A9P0HJ40	4	U-04	viridula	N. viridula
A0A9P0HJ41	1	U-01	viridula	N. viridula
A0A9P0HJ42	3	U-03	viridula	N. viridula
A0A9P0HJ46	0	unassigned	viridula	N. viridula
A0A9P0HJ47	1	U-01	viridula	N. viridula
A0A9P0HJ48	1	U-01	viridula	N. viridula
A0A9P0HJ57	1	U-01	viridula	N. viridula
A0A9P0HJ58	2	U-02	viridula	N. viridula
A0A9P0HJ60	2	U-02	viridula	N. viridula
A0A9P0HJ63	3	U-03	viridula	N. viridula
A0A9P0HJ66	1	U-01	viridula	N. viridula
A0A9P0HJ68	1	U-01	viridula	N. viridula
A0A9P0HJ69	3	U-03	viridula	N. viridula
A0A9P0HJ71	2	U-02	viridula	N. viridula
A0A9P0HJ72	1	U-01	viridula	N. viridula
A0A9P0HJ73	2	U-02	viridula	N. viridula
A0A9P0HJ75	1	U-01	viridula	N. viridula
A0A9P0HJ79	1	U-01	viridula	N. viridula
A0A9P0HJ80	2	U-02	viridula	N. viridula
A0A9P0HJ81	0	unassigned	viridula	N. viridula
A0A9P0HJ82	1	U-01	viridula	N. viridula
A0A9P0HJ85	2	U-02	viridula	N. viridula
A0A9P0HJ86	1	U-01	viridula	N. viridula
A0A9P0HJ87	1	U-01	viridula	N. viridula
A0A9P0HJ88	1	U-01	viridula	N. viridula
A0A9P0HJ90	1	U-01	viridula	N. viridula
A0A9P0HJ91	1	U-01	viridula	N. viridula
A0A9P0HJ94	2	U-02	viridula	N. viridula
A0A9P0HJ95	4	U-04	viridula	N. viridula
A0A9P0HJ97	2	U-02	viridula	N. viridula
A0A9P0HJ98	1	U-01	viridula	N. viridula
A0A9P0HJ99	1	U-01	viridula	N. viridula
A0A9P0HJA1	0	unassigned	viridula	N. viridula
A0A9P0HJA4	3	U-03	viridula	N. viridula
A0A9P0HJA6	2	U-02	viridula	N. viridula
A0A9P0HJB0	2	U-02	viridula	N. viridula
A0A9P0HJB1	2	U-02	viridula	N. viridula
A0A9P0HJB4	2	U-02	viridula	N. viridula
A0A9P0HJB5	2	U-02	viridula	N. viridula
A0A9P0HJB7	2	U-02	viridula	N. viridula
A0A9P0HJB8	0	unassigned	viridula	N. viridula
A0A9P0HJC0	1	U-01	viridula	N. viridula
A0A9P0HJC1	2	U-02	viridula	N. viridula
A0A9P0HJC2	0	unassigned	viridula	N. viridula
A0A9P0HJC3	4	U-04	viridula	N. viridula
A0A9P0HJC4	1	U-01	viridula	N. viridula
A0A9P0HJC5	1	U-01	viridula	N. viridula
A0A9P0HJC6	3	U-03	viridula	N. viridula
A0A9P0HJD0	1	U-01	viridula	N. viridula
A0A9P0HJD2	2	U-02	viridula	N. viridula
A0A9P0HJD4	1	U-01	viridula	N. viridula
A0A9P0HJD6	1	U-01	viridula	N. viridula
A0A9P0HJD7	2	U-02	viridula	N. viridula
A0A9P0HJD8	0	unassigned	viridula	N. viridula
A0A9P0HJD9	2	U-02	viridula	N. viridula
A0A9P0HJE1	2	U-02	viridula	N. viridula
A0A9P0HJE2	4	U-04	viridula	N. viridula
A0A9P0HJE3	2	U-02	viridula	N. viridula
A0A9P0HJE5	1	U-01	viridula	N. viridula
A0A9P0HJE6	0	unassigned	viridula	N. viridula
A0A9P0HJE7	3	U-03	viridula	N. viridula
A0A9P0HJE8	1	U-01	viridula	N. viridula
A0A9P0HJF3	1	U-01	viridula	N. viridula
A0A9P0HJF5	4	U-04	viridula	N. viridula
A0A9P0HJF6	0	unassigned	viridula	N. viridula
A0A9P0HJF7	1	U-01	viridula	N. viridula
A0A9P0HJF8	1	U-01	viridula	N. viridula
A0A9P0HJF9	1	U-01	viridula	N. viridula
A0A9P0HJG0	1	U-01	viridula	N. viridula
A0A9P0HJG1	1	U-01	viridula	N. viridula
A0A9P0HJG2	1	U-01	viridula	N. viridula
A0A9P0HJG3	1	U-01	viridula	N. viridula
A0A9P0HJG4	1	U-01	viridula	N. viridula
A0A9P0HJG5	1	U-01	viridula	N. viridula
A0A9P0HJG6	2	U-02	viridula	N. viridula
A0A9P0HJG9	0	unassigned	viridula	N. viridula
A0A9P0HJH0	1	U-01	viridula	N. viridula
A0A9P0HJH3	2	U-02	viridula	N. viridula
A0A9P0HJH5	0	unassigned	viridula	N. viridula
A0A9P0EBS2	0	unassigned	viridula	N. viridula
A0A9P0EBT2	3	U-03	viridula	N. viridula
A0A9P0EBV5	1	U-01	viridula	N. viridula
A0A9P0EC60	0	unassigned	viridula	N. viridula
A0A9P0ECE2	1	U-01	viridula	N. viridula
A0A9P0ECK9	1	U-01	viridula	N. viridula
A0A9P0ECM0	1	U-01	viridula	N. viridula
A0A9P0ECT1	1	U-01	viridula	N. viridula
A0A9P0ED00	4	U-04	viridula	N. viridula
A0A9P0ED26	1	U-01	viridula	N. viridula
A0A9P0ED35	3	U-03	viridula	N. viridula
A0A9P0ED36	1	U-01	viridula	N. viridula
A0A9P0EDE1	1	U-01	viridula	N. viridula
A0A9P0EDF9	3	U-03	viridula	N. viridula
A0A9P0EDG6	1	U-01	viridula	N. viridula
A0A9P0EDM7	3	U-03	viridula	N. viridula
A0A9P0EDQ2	1	U-01	viridula	N. viridula
A0A9P0EE45	1	U-01	viridula	N. viridula
A0A9P0EE88	3	U-03	viridula	N. viridula
A0A9P0EEG6	1	U-01	viridula	N. viridula
A0A9P0EEN0	1	U-01	viridula	N. viridula
A0A9P0EES2	1	U-01	viridula	N. viridula
A0A9P0EEV0	1	U-01	viridula	N. viridula
A0A9P0EFA4	1	U-01	viridula	N. viridula
A0A9P0EFH7	1	U-01	viridula	N. viridula
A0A9P0EFK4	1	U-01	viridula	N. viridula
A0A9P0EFR6	1	U-01	viridula	N. viridula
A0A9P0EG72	1	U-01	viridula	N. viridula
A0A9P0EGT2	3	U-03	viridula	N. viridula
A0A9P0EGX1	1	U-01	viridula	N. viridula
A0A9P0EGZ0	1	U-01	viridula	N. viridula
A0A9P0EHD1	1	U-01	viridula	N. viridula
A0A9P0EHI9	0	unassigned	viridula	N. viridula
A0A9P0EHK0	4	U-04	viridula	N. viridula
A0A9P0EHS1	1	U-01	viridula	N. viridula
A0A9P0EIJ4	1	U-01	viridula	N. viridula
A0A9P0EIT9	0	unassigned	viridula	N. viridula
A0A9P0EJ16	1	U-01	viridula	N. viridula
A0A9P0GUM7	1	U-01	viridula	N. viridula
A0A9P0GV35	3	U-03	viridula	N. viridula
A0A9P0GVI9	1	U-01	viridula	N. viridula
A0A9P0GVQ4	1	U-01	viridula	N. viridula
A0A9P0GVX1	1	U-01	viridula	N. viridula
A0A9P0GW57	4	U-04	viridula	N. viridula
A0A9P0GW67	1	U-01	viridula	N. viridula
A0A9P0GWL8	1	U-01	viridula	N. viridula
A0A9P0GX32	1	U-01	viridula	N. viridula
A0A9P0GXG7	1	U-01	viridula	N. viridula
A0A9P0GXK3	1	U-01	viridula	N. viridula
A0A9P0GXT4	4	U-04	viridula	N. viridula
A0A9P0GXU3	1	U-01	viridula	N. viridula
A0A9P0GY33	1	U-01	viridula	N. viridula
A0A9P0GYL4	3	U-03	viridula	N. viridula
A0A9P0GYS4	1	U-01	viridula	N. viridula
A0A9P0GYT5	1	U-01	viridula	N. viridula
A0A9P0GYW9	1	U-01	viridula	N. viridula
A0A9P0GYY6	1	U-01	viridula	N. viridula
A0A9P0GZ16	1	U-01	viridula	N. viridula
A0A9P0GZ72	1	U-01	viridula	N. viridula
A0A9P0GZ85	1	U-01	viridula	N. viridula
A0A9P0GZA0	3	U-03	viridula	N. viridula
A0A9P0GZC0	1	U-01	viridula	N. viridula
A0A9P0GZF8	1	U-01	viridula	N. viridula
A0A9P0GZG0	1	U-01	viridula	N. viridula
A0A9P0GZM3	1	U-01	viridula	N. viridula
A0A9P0GZR9	3	U-03	viridula	N. viridula
A0A9P0GZU5	3	U-03	viridula	N. viridula
A0A9P0H041	1	U-01	viridula	N. viridula
A0A9P0H0I2	1	U-01	viridula	N. viridula
A0A9P0H0P8	3	U-03	viridula	N. viridula
A0A9P0H0T5	1	U-01	viridula	N. viridula
A0A9P0H0T9	3	U-03	viridula	N. viridula
A0A9P0H0U1	4	U-04	viridula	N. viridula
A0A9P0H0V1	4	U-04	viridula	N. viridula
A0A9P0H0Y1	1	U-01	viridula	N. viridula
A0A9P0H0Z2	1	U-01	viridula	N. viridula
A0A9P0H166	3	U-03	viridula	N. viridula
A0A9P0H178	1	U-01	viridula	N. viridula
A0A9P0H186	1	U-01	viridula	N. viridula
A0A9P0H1A1	1	U-01	viridula	N. viridula
A0A9P0H1C3	1	U-01	viridula	N. viridula
A0A9P0H1C7	4	U-04	viridula	N. viridula
A0A9P0H1E6	1	U-01	viridula	N. viridula
A0A9P0H1E9	0	unassigned	viridula	N. viridula
A0A9P0H1H2	1	U-01	viridula	N. viridula
A0A9P0HEJ9	3	U-03	viridula	N. viridula
A0A9P0HEK1	1	U-01	viridula	N. viridula
A0A9P0HEK5	1	U-01	viridula	N. viridula
A0A9P0HEK6	1	U-01	viridula	N. viridula
A0A9P0HEK9	1	U-01	viridula	N. viridula
A0A9P0HEL0	3	U-03	viridula	N. viridula
A0A9P0HEL2	0	unassigned	viridula	N. viridula
A0A9P0HEL9	3	U-03	viridula	N. viridula
A0A9P0HEM3	1	U-01	viridula	N. viridula
A0A9P0HEM4	1	U-01	viridula	N. viridula
A0A9P0HEN5	0	unassigned	viridula	N. viridula
A0A9P0HEN7	1	U-01	viridula	N. viridula
A0A9P0HEN8	1	U-01	viridula	N. viridula
A0A9P0HEP2	1	U-01	viridula	N. viridula
A0A9P0HEP4	1	U-01	viridula	N. viridula
A0A9P0MY80	0	unassigned	viridula	N. viridula
A0A9P0MY81	3	U-03	viridula	N. viridula
A0A9P0MY86	2	U-02	viridula	N. viridula
A0A9P0MY91	0	unassigned	viridula	N. viridula
A0A9P0MY95	1	U-01	viridula	N. viridula
A0A9P0MYA8	2	U-02	viridula	N. viridula
A0A9P0MYB0	2	U-02	viridula	N. viridula
A0A9P0MYB4	1	U-01	viridula	N. viridula
A0A9P0MYB9	4	U-04	viridula	N. viridula
A0A9P0MYC4	2	U-02	viridula	N. viridula
A0A9P0MYD1	1	U-01	viridula	N. viridula
A0A9P0MYD4	1	U-01	viridula	N. viridula
A0A9P0MYD6	1	U-01	viridula	N. viridula
A0A9P0MYD9	1	U-01	viridula	N. viridula
A0A9P0MYE3	1	U-01	viridula	N. viridula
A0A9P0MYE5	1	U-01	viridula	N. viridula
A0A9P0MYE7	0	unassigned	viridula	N. viridula
A0A9P0MYE9	0	unassigned	viridula	N. viridula
A0A9P0MYF4	0	unassigned	viridula	N. viridula
A0A9P0MYF7	4	U-04	viridula	N. viridula
A0A9P0MYF9	2	U-02	viridula	N. viridula
A0A9P0MYG2	2	U-02	viridula	N. viridula
A0A9P0MYG7	2	U-02	viridula	N. viridula
A0A9P0MYH2	1	U-01	viridula	N. viridula
A0A9P0MYH8	1	U-01	viridula	N. viridula
A0A9P0MYI3	1	U-01	viridula	N. viridula
A0A9P0MYJ3	0	unassigned	viridula	N. viridula
A0A9P0MYL0	1	U-01	viridula	N. viridula
A0A9P0MYM4	2	U-02	viridula	N. viridula
A0A9P0MYN4	0	unassigned	viridula	N. viridula
A0A9P0MYP4	2	U-02	viridula	N. viridula
A0A9P0MYQ0	1	U-01	viridula	N. viridula
A0A9P0MYR4	3	U-03	viridula	N. viridula
A0A9P0MYS0	0	unassigned	viridula	N. viridula
A0A9P0MYU8	2	U-02	viridula	N. viridula
A0A9P0MYV3	1	U-01	viridula	N. viridula
A0A9P0MYW0	2	U-02	viridula	N. viridula
A0A9P0MYX1	1	U-01	viridula	N. viridula
A0A9P0MYZ3	1	U-01	viridula	N. viridula
A0A9P0MYZ5	3	U-03	viridula	N. viridula
A0A9P0MZ03	1	U-01	viridula	N. viridula
A0A9P0MZ13	2	U-02	viridula	N. viridula
A0A9P0MZ17	1	U-01	viridula	N. viridula
A0A9P0MZ24	1	U-01	viridula	N. viridula
A0A9P0MZ27	1	U-01	viridula	N. viridula
A0A9P0MZ34	2	U-02	viridula	N. viridula
A0A9P0MZ38	1	U-01	viridula	N. viridula
A0A9P0MZ44	3	U-03	viridula	N. viridula
A0A9P0MZ49	4	U-04	viridula	N. viridula
A0A9P0MZ54	2	U-02	viridula	N. viridula
A0A9P0MZ58	3	U-03	viridula	N. viridula
A0A9P0MZ62	0	unassigned	viridula	N. viridula
A0A9P0MZ67	2	U-02	viridula	N. viridula
A0A9P0MZ72	2	U-02	viridula	N. viridula
A0A9P0MZ77	2	U-02	viridula	N. viridula
A0A9P0MZ95	1	U-01	viridula	N. viridula
A0A9P0MZA7	2	U-02	viridula	N. viridula
A0A9P0MZB2	1	U-01	viridula	N. viridula
A0A9P0MZC7	1	U-01	viridula	N. viridula
A0A9P0MZD2	2	U-02	viridula	N. viridula
A0A9P0MZD7	1	U-01	viridula	N. viridula
A0A9P0MZE1	4	U-04	viridula	N. viridula
A0A9P0MZE6	1	U-01	viridula	N. viridula
A0A9P0MZF2	1	U-01	viridula	N. viridula
A0A9P0MZG2	2	U-02	viridula	N. viridula
A0A9P0MZH2	3	U-03	viridula	N. viridula
A0A9P0MZH7	2	U-02	viridula	N. viridula
A0A9P0MZJ6	1	U-01	viridula	N. viridula
A0A9P0MZK3	0	unassigned	viridula	N. viridula
A0A9P0MZL6	3	U-03	viridula	N. viridula
A0A9P0MZM1	3	U-03	viridula	N. viridula
A0A9P0MZM6	2	U-02	viridula	N. viridula
A0A9P0MZP6	1	U-01	viridula	N. viridula
A0A9P0MZQ1	1	U-01	viridula	N. viridula
A0A9P0MZQ6	1	U-01	viridula	N. viridula
A0A9P0MZR6	1	U-01	viridula	N. viridula
A0A9P0MZS1	0	unassigned	viridula	N. viridula
A0A9P0MZS7	0	unassigned	viridula	N. viridula
A0A9P0HV97	4	U-04	viridula	N. viridula
A0A9P0HVF5	0	unassigned	viridula	N. viridula
A0A9P0MDI5	1	U-01	viridula	N. viridula
A0A9P0ME12	1	U-01	viridula	N. viridula
A0A9P0MG08	1	U-01	viridula	N. viridula
A0A9P0MGP7	4	U-04	viridula	N. viridula
A0A9P0MH34	3	U-03	viridula	N. viridula
A0A9P0MH79	1	U-01	viridula	N. viridula
A0A9P0MHF3	1	U-01	viridula	N. viridula
A0A9P0MHJ4	4	U-04	viridula	N. viridula
A0A9P0MHM2	1	U-01	viridula	N. viridula
A0A9P0MHS0	1	U-01	viridula	N. viridula
A0A9P0MI36	1	U-01	viridula	N. viridula
A0A9P0MI90	1	U-01	viridula	N. viridula
A0A9P0MIH4	1	U-01	viridula	N. viridula
A0A9P0MIJ7	3	U-03	viridula	N. viridula
A0A9P0MIR2	1	U-01	viridula	N. viridula
A0A9P0MIZ8	3	U-03	viridula	N. viridula
A0A9P0MK84	1	U-01	viridula	N. viridula
A0A9P0MKA1	1	U-01	viridula	N. viridula
A0A9P0MKM6	1	U-01	viridula	N. viridula
A0A9P0MKN5	0	unassigned	viridula	N. viridula
A0A9P0HE98	2	U-02	viridula	N. viridula
A0A9P0HE99	1	U-01	viridula	N. viridula
A0A9P0HEA0	2	U-02	viridula	N. viridula
A0A9P0HEA1	1	U-01	viridula	N. viridula
A0A9P0HEA2	0	unassigned	viridula	N. viridula
A0A9P0HEA3	3	U-03	viridula	N. viridula
A0A9P0HEA5	2	U-02	viridula	N. viridula
A0A9P0HEA7	1	U-01	viridula	N. viridula
A0A9P0HEA8	1	U-01	viridula	N. viridula
A0A9P0HEA9	2	U-02	viridula	N. viridula
A0A9P0HEB1	2	U-02	viridula	N. viridula
A0A9P0HEB2	1	U-01	viridula	N. viridula
A0A9P0HEB6	1	U-01	viridula	N. viridula
A0A9P0HEC0	2	U-02	viridula	N. viridula
A0A9P0HEC1	1	U-01	viridula	N. viridula
A0A9P0HEC2	1	U-01	viridula	N. viridula
A0A9P0HEC4	1	U-01	viridula	N. viridula
A0A9P0HEC6	1	U-01	viridula	N. viridula
A0A9P0HEC7	3	U-03	viridula	N. viridula
A0A9P0HEC8	2	U-02	viridula	N. viridula
A0A9P0HEC9	0	unassigned	viridula	N. viridula
A0A9P0HED0	1	U-01	viridula	N. viridula
A0A9P0HED1	2	U-02	viridula	N. viridula
A0A9P0HED2	3	U-03	viridula	N. viridula
A0A9P0HED3	1	U-01	viridula	N. viridula
A0A9P0HED5	1	U-01	viridula	N. viridula
A0A9P0HED7	4	U-04	viridula	N. viridula
A0A9P0HED8	1	U-01	viridula	N. viridula
A0A9P0HEE1	2	U-02	viridula	N. viridula
A0A9P0HEE2	2	U-02	viridula	N. viridula
A0A9P0HEE3	1	U-01	viridula	N. viridula
A0A9P0HEE4	2	U-02	viridula	N. viridula
A0A9P0HAQ0	1	U-01	viridula	N. viridula
A0A9P0HAQ9	1	U-01	viridula	N. viridula
A0A9P0HAW2	1	U-01	viridula	N. viridula
A0A9P0HAW9	1	U-01	viridula	N. viridula
A0A9P0HAX3	1	U-01	viridula	N. viridula
A0A9P0HAZ1	1	U-01	viridula	N. viridula
A0A9P0HB63	1	U-01	viridula	N. viridula
A0A9P0HBC2	1	U-01	viridula	N. viridula
A0A9P0HBE5	1	U-01	viridula	N. viridula
A0A9P0HBF1	1	U-01	viridula	N. viridula
A0A9P0HBF9	1	U-01	viridula	N. viridula
A0A9P0HBG4	1	U-01	viridula	N. viridula
A0A9P0HBM8	1	U-01	viridula	N. viridula
A0A9P0HBP7	1	U-01	viridula	N. viridula
A0A9P0HBT7	1	U-01	viridula	N. viridula
A0A9P0HBV4	3	U-03	viridula	N. viridula
A0A9P0HBV6	1	U-01	viridula	N. viridula
A0A9P0HC15	1	U-01	viridula	N. viridula
A0A9P0HC46	1	U-01	viridula	N. viridula
A0A9P0HCT7	1	U-01	viridula	N. viridula
A0A9P0HCX4	1	U-01	viridula	N. viridula
A0A9P0HCZ0	1	U-01	viridula	N. viridula
A0A9P0HD06	1	U-01	viridula	N. viridula
A0A9P0HD35	1	U-01	viridula	N. viridula
A0A9P0HD71	0	unassigned	viridula	N. viridula
A0A9P0HDB5	1	U-01	viridula	N. viridula
A0A9P0HDG2	0	unassigned	viridula	N. viridula
A0A9P0HDN3	1	U-01	viridula	N. viridula
A0A9P0HDS9	3	U-03	viridula	N. viridula
A0A9P0HDU6	0	unassigned	viridula	N. viridula
A0A9P0HDV1	1	U-01	viridula	N. viridula
A0A9P0HDW4	3	U-03	viridula	N. viridula
A0A9P0HDX2	4	U-04	viridula	N. viridula
A0A9P0HDY2	1	U-01	viridula	N. viridula
A0A9P0HE31	3	U-03	viridula	N. viridula
A0A9P0HEC5	4	U-04	viridula	N. viridula
A0A9P0HED6	1	U-01	viridula	N. viridula
A0A9P0HEF7	1	U-01	viridula	N. viridula
A0A9P0HEJ6	1	U-01	viridula	N. viridula
A0A9P0HEM6	1	U-01	viridula	N. viridula
A0A9P0HEP3	3	U-03	viridula	N. viridula
A0A9P0HER7	1	U-01	viridula	N. viridula
A0A9P0HEU5	1	U-01	viridula	N. viridula
A0A9P0HEX7	4	U-04	viridula	N. viridula
A0A9P0HF19	1	U-01	viridula	N. viridula
A0A9P0HF21	1	U-01	viridula	N. viridula
A0A9P0HF41	1	U-01	viridula	N. viridula
A0A9P0HFA0	1	U-01	viridula	N. viridula
A0A9P0HFA9	1	U-01	viridula	N. viridula
A0A9P0HFG9	1	U-01	viridula	N. viridula
A0A9P0HFI2	1	U-01	viridula	N. viridula
A0A9P0HFI8	1	U-01	viridula	N. viridula
A0A9P0HFK7	1	U-01	viridula	N. viridula
A0A9P0HFP7	1	U-01	viridula	N. viridula
A0A9P0HFQ7	0	unassigned	viridula	N. viridula
A0A9P0HFT2	1	U-01	viridula	N. viridula
A0A9P0HG07	0	unassigned	viridula	N. viridula
A0A9P0HG87	0	unassigned	viridula	N. viridula
A0A9P0HGA0	1	U-01	viridula	N. viridula
A0A9P0HGB0	1	U-01	viridula	N. viridula
A0A9P0HGF1	1	U-01	viridula	N. viridula
A0A9P0HGF7	1	U-01	viridula	N. viridula
A0A9P0HGM9	1	U-01	viridula	N. viridula
A0A9P0HGR3	1	U-01	viridula	N. viridula
A0A9P0HH07	3	U-03	viridula	N. viridula
A0A9P0HH55	1	U-01	viridula	N. viridula
A0A9P0HH91	1	U-01	viridula	N. viridula
A0A9P0HHC4	1	U-01	viridula	N. viridula
A0A9P0HHD9	1	U-01	viridula	N. viridula
A0A9P0HHE0	1	U-01	viridula	N. viridula
A0A9P0HHF3	1	U-01	viridula	N. viridula
A0A9P0HHF8	1	U-01	viridula	N. viridula
A0A9P0HHH8	4	U-04	viridula	N. viridula
A0A9P0HHJ8	1	U-01	viridula	N. viridula
A0A9P0HHQ6	1	U-01	viridula	N. viridula
A0A9P0HHU1	1	U-01	viridula	N. viridula
A0A9P0HHV0	1	U-01	viridula	N. viridula
A0A9P0HHY6	1	U-01	viridula	N. viridula
A0A9P0HI18	1	U-01	viridula	N. viridula
A0A9P0HI31	1	U-01	viridula	N. viridula
A0A9P0HI35	1	U-01	viridula	N. viridula
A0A9P0HI71	1	U-01	viridula	N. viridula
A0A9P0HIC9	1	U-01	viridula	N. viridula
A0A9P0HIF4	1	U-01	viridula	N. viridula
A0A9P0HIG9	1	U-01	viridula	N. viridula
A0A9P0HIH1	1	U-01	viridula	N. viridula
A0A9P0HIH3	1	U-01	viridula	N. viridula
A0A9P0HIK6	1	U-01	viridula	N. viridula
A0A9P0HIM5	1	U-01	viridula	N. viridula
A0A9P0HIT7	1	U-01	viridula	N. viridula
A0A9P0HIW3	1	U-01	viridula	N. viridula
A0A9P0HJ00	1	U-01	viridula	N. viridula
A0A9P0HJ18	1	U-01	viridula	N. viridula
A0A9P0HJ19	1	U-01	viridula	N. viridula
A0A9P0HJ45	1	U-01	viridula	N. viridula
A0A9P0HJ51	1	U-01	viridula	N. viridula
A0A9P0HJ62	4	U-04	viridula	N. viridula
A0A9P0HJF4	1	U-01	viridula	N. viridula
A0A9P0HJJ1	1	U-01	viridula	N. viridula
A0A9P0HJW8	1	U-01	viridula	N. viridula
A0A9P0E3X6	3	U-03	viridula	N. viridula
A0A9P0E3X9	1	U-01	viridula	N. viridula
A0A9P0E3Y2	1	U-01	viridula	N. viridula
A0A9P0E3Y7	3	U-03	viridula	N. viridula
A0A9P0E3Z4	3	U-03	viridula	N. viridula
A0A9P0E401	4	U-04	viridula	N. viridula
A0A9P0E412	3	U-03	viridula	N. viridula
A0A9P0E414	1	U-01	viridula	N. viridula
A0A9P0E420	1	U-01	viridula	N. viridula
A0A9P0E430	1	U-01	viridula	N. viridula
A0A9P0E435	1	U-01	viridula	N. viridula
A0A9P0E437	1	U-01	viridula	N. viridula
A0A9P0E438	1	U-01	viridula	N. viridula
A0A9P0E441	3	U-03	viridula	N. viridula
A0A9P0E451	1	U-01	viridula	N. viridula
A0A9P0E453	0	unassigned	viridula	N. viridula
A0A9P0E454	0	unassigned	viridula	N. viridula
A0A9P0E455	1	U-01	viridula	N. viridula
A0A9P0E463	1	U-01	viridula	N. viridula
A0A9P0E470	3	U-03	viridula	N. viridula
A0A9P0E473	1	U-01	viridula	N. viridula
A0A9P0E480	3	U-03	viridula	N. viridula
A0A9P0E488	4	U-04	viridula	N. viridula
A0A9P0E489	4	U-04	viridula	N. viridula
A0A9P0E490	1	U-01	viridula	N. viridula
A0A9P0E493	1	U-01	viridula	N. viridula
A0A9P0E4A1	1	U-01	viridula	N. viridula
A0A9P0E4A7	3	U-03	viridula	N. viridula
A0A9P0E4A8	3	U-03	viridula	N. viridula
A0A9P0E4B0	3	U-03	viridula	N. viridula
A0A9P0E4C8	1	U-01	viridula	N. viridula
A0A9P0E4D3	1	U-01	viridula	N. viridula
A0A9P0E4D9	4	U-04	viridula	N. viridula
A0A9P0E4E2	4	U-04	viridula	N. viridula
A0A9P0E4E7	1	U-01	viridula	N. viridula
A0A9P0E4G0	1	U-01	viridula	N. viridula
A0A9P0E4G5	1	U-01	viridula	N. viridula
A0A9P0E4H2	1	U-01	viridula	N. viridula
A0A9P0E4H4	3	U-03	viridula	N. viridula
A0A9P0E4I9	1	U-01	viridula	N. viridula
A0A9P0E4J0	0	unassigned	viridula	N. viridula
A0A9P0E4J9	1	U-01	viridula	N. viridula
A0A9P0E4K1	1	U-01	viridula	N. viridula
A0A9P0E4K5	1	U-01	viridula	N. viridula
A0A9P0E4L2	3	U-03	viridula	N. viridula
A0A9P0E4L7	0	unassigned	viridula	N. viridula
A0A9P0E4L9	1	U-01	viridula	N. viridula
A0A9P0E4M1	3	U-03	viridula	N. viridula
A0A9P0E4M3	1	U-01	viridula	N. viridula
A0A9P0E4M7	1	U-01	viridula	N. viridula
A0A9P0E4N1	1	U-01	viridula	N. viridula
A0A9P0E4N5	1	U-01	viridula	N. viridula
A0A9P0E4P2	3	U-03	viridula	N. viridula
A0A9P0E4P7	1	U-01	viridula	N. viridula
A0A9P0E4Q2	1	U-01	viridula	N. viridula
A0A9P0E4Q7	1	U-01	viridula	N. viridula
A0A9P0E4Q8	1	U-01	viridula	N. viridula
A0A9P0E4R7	1	U-01	viridula	N. viridula
A0A9P0E4R9	1	U-01	viridula	N. viridula
A0A9P0E4S0	1	U-01	viridula	N. viridula
A0A9P0E4S1	3	U-03	viridula	N. viridula
A0A9P0E4S2	3	U-03	viridula	N. viridula
A0A9P0E4S4	1	U-01	viridula	N. viridula
A0A9P0E4S9	1	U-01	viridula	N. viridula
A0A9P0E4T7	3	U-03	viridula	N. viridula
A0A9P0E4U1	1	U-01	viridula	N. viridula
A0A9P0E4U8	3	U-03	viridula	N. viridula
A0A9P0E4V0	1	U-01	viridula	N. viridula
A0A9P0E4V6	0	unassigned	viridula	N. viridula
A0A9P0E4V7	1	U-01	viridula	N. viridula
A0A9P0E4V9	1	U-01	viridula	N. viridula
A0A9P0E4W4	1	U-01	viridula	N. viridula
A0A9P0E4W6	1	U-01	viridula	N. viridula
A0A9P0E4W8	4	U-04	viridula	N. viridula
A0A9P0E4X0	3	U-03	viridula	N. viridula
A0A9P0E4X9	1	U-01	viridula	N. viridula
A0A9P0E4Y0	1	U-01	viridula	N. viridula
A0A9P0E4Y1	1	U-01	viridula	N. viridula
A0A9P0E4Y2	1	U-01	viridula	N. viridula
A0A9P0E4Y8	1	U-01	viridula	N. viridula
A0A9P0E4Z6	1	U-01	viridula	N. viridula
A0A9P0E500	1	U-01	viridula	N. viridula
A0A9P0E505	1	U-01	viridula	N. viridula
A0A9P0E508	4	U-04	viridula	N. viridula
A0A9P0E513	1	U-01	viridula	N. viridula
A0A9P0E519	1	U-01	viridula	N. viridula
A0A9P0E523	3	U-03	viridula	N. viridula
A0A9P0E530	1	U-01	viridula	N. viridula
A0A9P0E532	1	U-01	viridula	N. viridula
A0A9P0E538	1	U-01	viridula	N. viridula
A0A9P0E540	1	U-01	viridula	N. viridula
A0A9P0E546	1	U-01	viridula	N. viridula
A0A9P0E549	1	U-01	viridula	N. viridula
A0A9P0E556	3	U-03	viridula	N. viridula
A0A9P0E559	4	U-04	viridula	N. viridula
A0A9P0E560	1	U-01	viridula	N. viridula
A0A9P0E581	1	U-01	viridula	N. viridula
A0A9P0E597	1	U-01	viridula	N. viridula
A0A9P0E6E0	0	unassigned	viridula	N. viridula
A0A9P0E6E3	1	U-01	viridula	N. viridula
A0A9P0E6E9	1	U-01	viridula	N. viridula
A0A9P0E6F2	4	U-04	viridula	N. viridula
A0A9P0E6F5	1	U-01	viridula	N. viridula
A0A9P0E6F6	1	U-01	viridula	N. viridula
A0A9P0E6G2	1	U-01	viridula	N. viridula
A0A9P0E6G4	1	U-01	viridula	N. viridula
A0A9P0E6G5	3	U-03	viridula	N. viridula
A0A9P0E6G7	1	U-01	viridula	N. viridula
A0A9P0E6H2	1	U-01	viridula	N. viridula
A0A9P0E6H3	4	U-04	viridula	N. viridula
A0A9P0E6H5	1	U-01	viridula	N. viridula
A0A9P0E6I9	1	U-01	viridula	N. viridula
A0A9P0E6K0	3	U-03	viridula	N. viridula
A0A9P0E6K1	1	U-01	viridula	N. viridula
A0A9P0E6K3	3	U-03	viridula	N. viridula
A0A9P0E6K7	0	unassigned	viridula	N. viridula
A0A9P0E6L7	1	U-01	viridula	N. viridula
A0A9P0E6M1	0	unassigned	viridula	N. viridula
A0A9P0E6N3	1	U-01	viridula	N. viridula
A0A9P0E6N6	1	U-01	viridula	N. viridula
A0A9P0E6N7	1	U-01	viridula	N. viridula
A0A9P0E6P0	1	U-01	viridula	N. viridula
A0A9P0E6P1	1	U-01	viridula	N. viridula
A0A9P0E6P8	1	U-01	viridula	N. viridula
A0A9P0E6Q1	4	U-04	viridula	N. viridula
A0A9P0E6Q3	1	U-01	viridula	N. viridula
A0A9P0E6Q5	4	U-04	viridula	N. viridula
A0A9P0E6Q6	1	U-01	viridula	N. viridula
A0A9P0E6R8	1	U-01	viridula	N. viridula
A0A9P0E6S1	1	U-01	viridula	N. viridula
A0A9P0E6S2	1	U-01	viridula	N. viridula
A0A9P0E6S3	1	U-01	viridula	N. viridula
A0A9P0E6S4	1	U-01	viridula	N. viridula
A0A9P0E6S7	1	U-01	viridula	N. viridula
A0A9P0E6S9	1	U-01	viridula	N. viridula
A0A9P0E6T0	4	U-04	viridula	N. viridula
A0A9P0E6T1	1	U-01	viridula	N. viridula
A0A9P0E6T3	1	U-01	viridula	N. viridula
A0A9P0E6T4	3	U-03	viridula	N. viridula
A0A9P0E6T5	1	U-01	viridula	N. viridula
A0A9P0E6T6	3	U-03	viridula	N. viridula
A0A9P0E6T8	1	U-01	viridula	N. viridula
A0A9P0E6U6	0	unassigned	viridula	N. viridula
A0A9P0E6U9	1	U-01	viridula	N. viridula
A0A9P0E6V0	1	U-01	viridula	N. viridula
A0A9P0E6V1	4	U-04	viridula	N. viridula
A0A9P0E6V4	1	U-01	viridula	N. viridula
A0A9P0E6V7	1	U-01	viridula	N. viridula
A0A9P0E6W0	0	unassigned	viridula	N. viridula
A0A9P0E6W1	1	U-01	viridula	N. viridula
A0A9P0E6W2	3	U-03	viridula	N. viridula
A0A9P0E6W5	1	U-01	viridula	N. viridula
A0A9P0E6W7	1	U-01	viridula	N. viridula
A0A9P0E6W9	1	U-01	viridula	N. viridula
A0A9P0E6X2	4	U-04	viridula	N. viridula
A0A9P0E6X9	1	U-01	viridula	N. viridula
A0A9P0E6Y3	1	U-01	viridula	N. viridula
A0A9P0E6Z3	1	U-01	viridula	N. viridula
A0A9P0E6Z5	1	U-01	viridula	N. viridula
A0A9P0E6Z7	1	U-01	viridula	N. viridula
A0A9P0E700	1	U-01	viridula	N. viridula
A0A9P0E701	1	U-01	viridula	N. viridula
A0A9P0E704	1	U-01	viridula	N. viridula
A0A9P0E705	0	unassigned	viridula	N. viridula
A0A9P0E706	1	U-01	viridula	N. viridula
A0A9P0E708	1	U-01	viridula	N. viridula
A0A9P0E709	1	U-01	viridula	N. viridula
A0A9P0E714	1	U-01	viridula	N. viridula
A0A9P0EAA1	1	U-01	viridula	N. viridula
A0A9P0EAA2	1	U-01	viridula	N. viridula
A0A9P0EAA4	2	U-02	viridula	N. viridula
A0A9P0EAA5	3	U-03	viridula	N. viridula
A0A9P0EAA7	2	U-02	viridula	N. viridula
A0A9P0EAA9	0	unassigned	viridula	N. viridula
A0A9P0EAB0	0	unassigned	viridula	N. viridula
A0A9P0EAB2	0	unassigned	viridula	N. viridula
A0A9P0EAB3	1	U-01	viridula	N. viridula
A0A9P0EAB4	1	U-01	viridula	N. viridula
A0A9P0EAB6	1	U-01	viridula	N. viridula
A0A9P0EAB7	2	U-02	viridula	N. viridula
A0A9P0EAB8	1	U-01	viridula	N. viridula
A0A9P0EAB9	2	U-02	viridula	N. viridula
A0A9P0EAC0	0	unassigned	viridula	N. viridula
A0A9P0EAC1	2	U-02	viridula	N. viridula
A0A9P0EAC3	1	U-01	viridula	N. viridula
A0A9P0EAC4	1	U-01	viridula	N. viridula
A0A9P0EAC5	2	U-02	viridula	N. viridula
A0A9P0EAC6	1	U-01	viridula	N. viridula
A0A9P0EAC7	1	U-01	viridula	N. viridula
A0A9P0EAC8	1	U-01	viridula	N. viridula
A0A9P0EAC9	1	U-01	viridula	N. viridula
A0A9P0EAD1	3	U-03	viridula	N. viridula
A0A9P0EAD5	3	U-03	viridula	N. viridula
A0A9P0EAE0	1	U-01	viridula	N. viridula
A0A9P0EAE2	2	U-02	viridula	N. viridula
A0A9P0EAE3	2	U-02	viridula	N. viridula
A0A9P0EAE4	1	U-01	viridula	N. viridula
A0A9P0EAE5	1	U-01	viridula	N. viridula
A0A9P0EAE6	1	U-01	viridula	N. viridula
A0A9P0EAE7	2	U-02	viridula	N. viridula
A0A9P0EAE9	2	U-02	viridula	N. viridula
A0A9P0EAF2	1	U-01	viridula	N. viridula
A0A9P0EAF3	2	U-02	viridula	N. viridula
A0A9P0EAF4	2	U-02	viridula	N. viridula
A0A9P0EAF5	1	U-01	viridula	N. viridula
A0A9P0EAF6	2	U-02	viridula	N. viridula
A0A9P0EAF7	1	U-01	viridula	N. viridula
A0A9P0EAF9	2	U-02	viridula	N. viridula
A0A9P0EAG6	3	U-03	viridula	N. viridula
A0A9P0EAG8	1	U-01	viridula	N. viridula
A0A9P0EAG9	2	U-02	viridula	N. viridula
A0A9P0EAH1	1	U-01	viridula	N. viridula
A0A9P0EAH3	1	U-01	viridula	N. viridula
A0A9P0EAH4	3	U-03	viridula	N. viridula
A0A9P0EAH5	2	U-02	viridula	N. viridula
A0A9P0EAH8	2	U-02	viridula	N. viridula
A0A9P0EAH9	3	U-03	viridula	N. viridula
A0A9P0EAI5	1	U-01	viridula	N. viridula
A0A9P0EAI6	2	U-02	viridula	N. viridula
A0A9P0EAI7	2	U-02	viridula	N. viridula
A0A9P0EAI9	2	U-02	viridula	N. viridula
A0A9P0EAJ1	0	unassigned	viridula	N. viridula
A0A9P0MP68	2	U-02	viridula	N. viridula
A0A9P0MP69	3	U-03	viridula	N. viridula
A0A9P0MP70	1	U-01	viridula	N. viridula
A0A9P0MP72	2	U-02	viridula	N. viridula
A0A9P0MP79	1	U-01	viridula	N. viridula
A0A9P0MP80	0	unassigned	viridula	N. viridula
A0A9P0MP82	2	U-02	viridula	N. viridula
A0A9P0MP83	1	U-01	viridula	N. viridula
A0A9P0MP84	0	unassigned	viridula	N. viridula
A0A9P0MP85	2	U-02	viridula	N. viridula
A0A9P0MP86	1	U-01	viridula	N. viridula
A0A9P0MP87	1	U-01	viridula	N. viridula
A0A9P0MP88	2	U-02	viridula	N. viridula
A0A9P0MP90	1	U-01	viridula	N. viridula
A0A9P0MP92	4	U-04	viridula	N. viridula
A0A9P0MP93	2	U-02	viridula	N. viridula
A0A9P0MP94	1	U-01	viridula	N. viridula
A0A9P0MP95	0	unassigned	viridula	N. viridula
A0A9P0MP97	0	unassigned	viridula	N. viridula
A0A9P0MP99	2	U-02	viridula	N. viridula
A0A9P0MPA1	1	U-01	viridula	N. viridula
A0A9P0MPA3	1	U-01	viridula	N. viridula
A0A9P0MPA5	3	U-03	viridula	N. viridula
A0A9P0MPA7	4	U-04	viridula	N. viridula
A0A9P0MPA8	1	U-01	viridula	N. viridula
A0A9P0MPA9	0	unassigned	viridula	N. viridula
A0A9P0MPB0	1	U-01	viridula	N. viridula
A0A9P0MPB1	1	U-01	viridula	N. viridula
A0A9P0MPB2	3	U-03	viridula	N. viridula
A0A9P0MPB3	2	U-02	viridula	N. viridula
A0A9P0MPB4	2	U-02	viridula	N. viridula
A0A9P0MPB6	4	U-04	viridula	N. viridula
A0A9P0MPB7	2	U-02	viridula	N. viridula
A0A9P0MPB9	3	U-03	viridula	N. viridula
A0A9P0MPC0	1	U-01	viridula	N. viridula
A0A9P0MPC3	4	U-04	viridula	N. viridula
A0A9P0MPC5	1	U-01	viridula	N. viridula
A0A9P0MPD0	2	U-02	viridula	N. viridula
A0A9P0MPD2	2	U-02	viridula	N. viridula
A0A9P0MPD9	2	U-02	viridula	N. viridula
A0A9P0MPE0	1	U-01	viridula	N. viridula
A0A9P0MPE2	1	U-01	viridula	N. viridula
A0A9P0MPE3	1	U-01	viridula	N. viridula
A0A9P0MPE6	1	U-01	viridula	N. viridula
A0A9P0MPE7	1	U-01	viridula	N. viridula
A0A9P0MPE9	0	unassigned	viridula	N. viridula
A0A9P0MPF1	1	U-01	viridula	N. viridula
A0A9P0MPF4	2	U-02	viridula	N. viridula
A0A9P0MPF6	1	U-01	viridula	N. viridula
A0A9P0MPF7	1	U-01	viridula	N. viridula
A0A9P0MPF9	2	U-02	viridula	N. viridula
A0A9P0MPG0	1	U-01	viridula	N. viridula
A0A9P0MPG1	1	U-01	viridula	N. viridula
A0A9P0MPG3	1	U-01	viridula	N. viridula
A0A9P0MPG4	3	U-03	viridula	N. viridula
A0A9P0MPG6	1	U-01	viridula	N. viridula
A0A9P0MPH0	4	U-04	viridula	N. viridula
A0A9P0MPH2	1	U-01	viridula	N. viridula
A0A9P0MPH5	1	U-01	viridula	N. viridula
A0A9P0MPH7	1	U-01	viridula	N. viridula
A0A9P0MPH9	1	U-01	viridula	N. viridula
A0A9P0MPI0	1	U-01	viridula	N. viridula
A0A9P0MPI2	1	U-01	viridula	N. viridula
A0A9P0MPI3	4	U-04	viridula	N. viridula
A0A9P0MPI7	1	U-01	viridula	N. viridula
A0A9P0MPI8	2	U-02	viridula	N. viridula
A0A9P0MPJ1	2	U-02	viridula	N. viridula
A0A9P0MPJ2	0	unassigned	viridula	N. viridula
A0A9P0MPJ4	2	U-02	viridula	N. viridula
A0A9P0MPJ7	2	U-02	viridula	N. viridula
A0A9P0MPJ8	2	U-02	viridula	N. viridula
A0A9P0MPJ9	1	U-01	viridula	N. viridula
A0A9P0MPK0	2	U-02	viridula	N. viridula
A0A9P0MPK1	0	unassigned	viridula	N. viridula
A0A9P0MPK2	1	U-01	viridula	N. viridula
A0A9P0MPK4	1	U-01	viridula	N. viridula
A0A9P0MPK5	1	U-01	viridula	N. viridula
A0A9P0MPK7	1	U-01	viridula	N. viridula
A0A9P0MPK8	2	U-02	viridula	N. viridula
A0A9P0MPK9	1	U-01	viridula	N. viridula
A0A9P0MPL0	2	U-02	viridula	N. viridula
A0A9P0MPL2	1	U-01	viridula	N. viridula
A0A9P0MPL3	1	U-01	viridula	N. viridula
A0A9P0MPL5	2	U-02	viridula	N. viridula
A0A9P0MPL6	1	U-01	viridula	N. viridula
A0A9P0MPL7	1	U-01	viridula	N. viridula
A0A9P0MPL8	2	U-02	viridula	N. viridula
A0A9P0MPL9	0	unassigned	viridula	N. viridula
A0A9P0MPM0	1	U-01	viridula	N. viridula
A0A9P0MPM1	1	U-01	viridula	N. viridula
A0A9P0MPM2	2	U-02	viridula	N. viridula
A0A9P0MPM5	1	U-01	viridula	N. viridula
A0A9P0MPM8	1	U-01	viridula	N. viridula
A0A9P0MPN0	1	U-01	viridula	N. viridula
A0A9P0MPN2	1	U-01	viridula	N. viridula
A0A9P0MPN3	1	U-01	viridula	N. viridula
A0A9P0MPN5	2	U-02	viridula	N. viridula
A0A9P0MPN6	1	U-01	viridula	N. viridula
A0A9P0MPN7	2	U-02	viridula	N. viridula
A0A9P0MPP0	1	U-01	viridula	N. viridula
A0A9P0MPP1	2	U-02	viridula	N. viridula
A0A9P0MPP2	2	U-02	viridula	N. viridula
A0A9P0MPP3	1	U-01	viridula	N. viridula
A0A9P0MPP4	1	U-01	viridula	N. viridula
A0A9P0MPP6	1	U-01	viridula	N. viridula
A0A9P0MPQ2	3	U-03	viridula	N. viridula
A0A9P0MPQ3	2	U-02	viridula	N. viridula
A0A9P0MPQ4	1	U-01	viridula	N. viridula
A0A9P0MPR0	0	unassigned	viridula	N. viridula
A0A9P0MPR1	2	U-02	viridula	N. viridula
A0A9P0MPR2	1	U-01	viridula	N. viridula
A0A9P0MPR3	2	U-02	viridula	N. viridula
A0A9P0MPR5	2	U-02	viridula	N. viridula
A0A9P0MPR6	1	U-01	viridula	N. viridula
A0A9P0MPR8	2	U-02	viridula	N. viridula
A0A9P0MPS0	2	U-02	viridula	N. viridula
A0A9P0MPS3	2	U-02	viridula	N. viridula
A0A9P0MPS4	2	U-02	viridula	N. viridula
A0A9P0MPS6	1	U-01	viridula	N. viridula
A0A9P0MPS7	1	U-01	viridula	N. viridula
A0A9P0MPS9	2	U-02	viridula	N. viridula
A0A9P0MPT0	2	U-02	viridula	N. viridula
A0A9P0MPT1	3	U-03	viridula	N. viridula
A0A9P0MPT3	2	U-02	viridula	N. viridula
A0A9P0MPT5	4	U-04	viridula	N. viridula
A0A9P0MPT6	3	U-03	viridula	N. viridula
A0A9P0MPT8	1	U-01	viridula	N. viridula
A0A9P0MPU0	3	U-03	viridula	N. viridula
A0A9P0MPU1	1	U-01	viridula	N. viridula
A0A9P0MPU3	1	U-01	viridula	N. viridula
A0A9P0MPU6	2	U-02	viridula	N. viridula
A0A9P0MPU8	1	U-01	viridula	N. viridula
A0A9P0MPV3	2	U-02	viridula	N. viridula
A0A9P0MPV4	2	U-02	viridula	N. viridula
A0A9P0MPV5	0	unassigned	viridula	N. viridula
A0A9P0MPV7	1	U-01	viridula	N. viridula
A0A9P0MPV8	2	U-02	viridula	N. viridula
A0A9P0MPV9	2	U-02	viridula	N. viridula
A0A9P0MPW1	1	U-01	viridula	N. viridula
A0A9P0MPW3	1	U-01	viridula	N. viridula
A0A9P0MPW4	1	U-01	viridula	N. viridula
A0A9P0MPW5	1	U-01	viridula	N. viridula
A0A9P0MPW6	1	U-01	viridula	N. viridula
A0A9P0MPW7	2	U-02	viridula	N. viridula
A0A9P0MPW8	2	U-02	viridula	N. viridula
A0A9P0MPX2	2	U-02	viridula	N. viridula
A0A9P0MPX3	1	U-01	viridula	N. viridula
A0A9P0MPX5	4	U-04	viridula	N. viridula
A0A9P0MPX6	2	U-02	viridula	N. viridula
A0A9P0MPX8	1	U-01	viridula	N. viridula
A0A9P0MPX9	1	U-01	viridula	N. viridula
A0A9P0MPY3	1	U-01	viridula	N. viridula
A0A9P0MPY4	2	U-02	viridula	N. viridula
A0A9P0MPY5	2	U-02	viridula	N. viridula
A0A9P0MPY6	2	U-02	viridula	N. viridula
A0A9P0MPY9	2	U-02	viridula	N. viridula
A0A9P0MPZ0	2	U-02	viridula	N. viridula
A0A9P0MPZ1	3	U-03	viridula	N. viridula
A0A9P0MPZ2	1	U-01	viridula	N. viridula
A0A9P0MPZ4	1	U-01	viridula	N. viridula
A0A9P0MPZ5	1	U-01	viridula	N. viridula
A0A9P0MPZ6	1	U-01	viridula	N. viridula
A0A9P0MPZ7	1	U-01	viridula	N. viridula
A0A9P0MPZ8	1	U-01	viridula	N. viridula
A0A9P0MPZ9	2	U-02	viridula	N. viridula
A0A9P0MQ01	1	U-01	viridula	N. viridula
A0A9P0MQ02	1	U-01	viridula	N. viridula
A0A9P0MQ03	2	U-02	viridula	N. viridula
A0A9P0MQ05	1	U-01	viridula	N. viridula
A0A9P0MQ09	2	U-02	viridula	N. viridula
A0A9P0MQ10	1	U-01	viridula	N. viridula
A0A9P0MQ13	1	U-01	viridula	N. viridula
A0A9P0MQ14	2	U-02	viridula	N. viridula
A0A9P0MQ15	1	U-01	viridula	N. viridula
A0A9P0MQ17	2	U-02	viridula	N. viridula
A0A9P0MQ19	1	U-01	viridula	N. viridula
A0A9P0MQ22	1	U-01	viridula	N. viridula
A0A9P0MQ23	1	U-01	viridula	N. viridula
A0A9P0MQ24	2	U-02	viridula	N. viridula
A0A9P0MQ25	1	U-01	viridula	N. viridula
A0A9P0MQ26	2	U-02	viridula	N. viridula
A0A9P0MQ27	2	U-02	viridula	N. viridula
A0A9P0MQ28	2	U-02	viridula	N. viridula
A0A9P0MQ30	4	U-04	viridula	N. viridula
A0A9P0MQ31	1	U-01	viridula	N. viridula
A0A9P0MQ32	1	U-01	viridula	N. viridula
A0A9P0MQ33	1	U-01	viridula	N. viridula
A0A9P0MQ35	4	U-04	viridula	N. viridula
A0A9P0MQ36	2	U-02	viridula	N. viridula
A0A9P0MQ37	2	U-02	viridula	N. viridula
A0A9P0MQ38	2	U-02	viridula	N. viridula
A0A9P0MQ42	2	U-02	viridula	N. viridula
A0A9P0MQ44	1	U-01	viridula	N. viridula
A0A9P0MQ45	1	U-01	viridula	N. viridula
A0A9P0MQ46	4	U-04	viridula	N. viridula
A0A9P0MQ47	2	U-02	viridula	N. viridula
A0A9P0MQ48	1	U-01	viridula	N. viridula
A0A9P0MQ52	3	U-03	viridula	N. viridula
A0A9P0MQ56	0	unassigned	viridula	N. viridula
A0A9P0MQ61	1	U-01	viridula	N. viridula
A0A9P0MQ62	0	unassigned	viridula	N. viridula
A0A9P0MQ63	2	U-02	viridula	N. viridula
A0A9P0MQ65	2	U-02	viridula	N. viridula
A0A9P0MQ66	1	U-01	viridula	N. viridula
A0A9P0MQ68	1	U-01	viridula	N. viridula
A0A9P0MQ70	1	U-01	viridula	N. viridula
A0A9P0MQ71	1	U-01	viridula	N. viridula
A0A9P0MQ72	1	U-01	viridula	N. viridula
A0A9P0MQ78	2	U-02	viridula	N. viridula
A0A9P0MQ81	1	U-01	viridula	N. viridula
A0A9P0MQ83	1	U-01	viridula	N. viridula
A0A9P0MQ84	4	U-04	viridula	N. viridula
A0A9P0MQ85	4	U-04	viridula	N. viridula
A0A9P0MQ89	1	U-01	viridula	N. viridula
A0A9P0MQ90	1	U-01	viridula	N. viridula
A0A9P0MQ95	0	unassigned	viridula	N. viridula
A0A9P0MQ96	2	U-02	viridula	N. viridula
A0A9P0MQ97	1	U-01	viridula	N. viridula
A0A9P0MQ99	1	U-01	viridula	N. viridula
A0A9P0MQA1	2	U-02	viridula	N. viridula
A0A9P0MQA3	3	U-03	viridula	N. viridula
A0A9P0MQA4	1	U-01	viridula	N. viridula
A0A9P0MQA5	4	U-04	viridula	N. viridula
A0A9P0MQA6	3	U-03	viridula	N. viridula
A0A9P0MQA7	1	U-01	viridula	N. viridula
A0A9P0MQA9	1	U-01	viridula	N. viridula
A0A9P0MQB0	1	U-01	viridula	N. viridula
A0A9P0MQB1	1	U-01	viridula	N. viridula
A0A9P0MQB2	2	U-02	viridula	N. viridula
A0A9P0MQB3	2	U-02	viridula	N. viridula
A0A9P0MQB4	2	U-02	viridula	N. viridula
A0A9P0MQB5	1	U-01	viridula	N. viridula
A0A9P0MQB7	2	U-02	viridula	N. viridula
A0A9P0MQB8	1	U-01	viridula	N. viridula
A0A9P0MQB9	2	U-02	viridula	N. viridula
A0A9P0MQC0	0	unassigned	viridula	N. viridula
A0A9P0MQC2	1	U-01	viridula	N. viridula
A0A9P0MQC3	1	U-01	viridula	N. viridula
A0A9P0MQC4	1	U-01	viridula	N. viridula
A0A9P0MQC5	0	unassigned	viridula	N. viridula
A0A9P0MQC7	1	U-01	viridula	N. viridula
A0A9P0MQC9	0	unassigned	viridula	N. viridula
A0A9P0MQD0	0	unassigned	viridula	N. viridula
A0A9P0MQD1	1	U-01	viridula	N. viridula
A0A9P0MQD3	2	U-02	viridula	N. viridula
A0A9P0MQD4	1	U-01	viridula	N. viridula
A0A9P0HDV4	1	U-01	viridula	N. viridula
A0A9P0HDW0	0	unassigned	viridula	N. viridula
A0A9P0HDX3	1	U-01	viridula	N. viridula
A0A9P0HDX5	1	U-01	viridula	N. viridula
A0A9P0HDY3	0	unassigned	viridula	N. viridula
A0A9P0HDY4	1	U-01	viridula	N. viridula
A0A9P0HDY5	1	U-01	viridula	N. viridula
A0A9P0HDZ2	1	U-01	viridula	N. viridula
A0A9P0HDZ4	1	U-01	viridula	N. viridula
A0A9P0HDZ5	1	U-01	viridula	N. viridula
A0A9P0HDZ9	1	U-01	viridula	N. viridula
A0A9P0HE00	0	unassigned	viridula	N. viridula
A0A9P0HE01	0	unassigned	viridula	N. viridula
A0A9P0HE02	1	U-01	viridula	N. viridula
A0A9P0HE04	1	U-01	viridula	N. viridula
A0A9P0HE05	1	U-01	viridula	N. viridula
A0A9P0HE07	1	U-01	viridula	N. viridula
A0A9P0HE10	1	U-01	viridula	N. viridula
A0A9P0HE11	3	U-03	viridula	N. viridula
A0A9P0HE12	1	U-01	viridula	N. viridula
A0A9P0HE17	1	U-01	viridula	N. viridula
A0A9P0HE20	1	U-01	viridula	N. viridula
A0A9P0HE22	1	U-01	viridula	N. viridula
A0A9P0HE33	1	U-01	viridula	N. viridula
A0A9P0HE38	1	U-01	viridula	N. viridula
A0A9P0HE40	1	U-01	viridula	N. viridula
A0A9P0HE44	1	U-01	viridula	N. viridula
A0A9P0HE45	1	U-01	viridula	N. viridula
A0A9P0HE47	0	unassigned	viridula	N. viridula
A0A9P0HE49	1	U-01	viridula	N. viridula
A0A9P0HE52	0	unassigned	viridula	N. viridula
A0A9P0HE56	1	U-01	viridula	N. viridula
A0A9P0HE57	0	unassigned	viridula	N. viridula
A0A9P0HE60	1	U-01	viridula	N. viridula
A0A9P0HE62	1	U-01	viridula	N. viridula
A0A9P0HE64	1	U-01	viridula	N. viridula
A0A9P0HE65	3	U-03	viridula	N. viridula
A0A9P0HE67	3	U-03	viridula	N. viridula
A0A9P0HE70	0	unassigned	viridula	N. viridula
A0A9P0HE71	4	U-04	viridula	N. viridula
A0A9P0HE73	1	U-01	viridula	N. viridula
A0A9P0HE74	1	U-01	viridula	N. viridula
A0A9P0HE77	1	U-01	viridula	N. viridula
A0A9P0HE80	1	U-01	viridula	N. viridula
A0A9P0HE82	0	unassigned	viridula	N. viridula
A0A9P0HE85	3	U-03	viridula	N. viridula
A0A9P0HE88	0	unassigned	viridula	N. viridula
A0A9P0HE89	1	U-01	viridula	N. viridula
A0A9P0HE92	1	U-01	viridula	N. viridula
A0A9P0HE93	1	U-01	viridula	N. viridula
A0A9P0HE95	0	unassigned	viridula	N. viridula
A0A9P0HE96	1	U-01	viridula	N. viridula
A0A9P0HEA4	4	U-04	viridula	N. viridula
A0A9P0HEB0	3	U-03	viridula	N. viridula
A0A9P0HEB3	1	U-01	viridula	N. viridula
A0A9P0HEB5	3	U-03	viridula	N. viridula
A0A9P0HEB7	4	U-04	viridula	N. viridula
A0A9P0HEB8	3	U-03	viridula	N. viridula
A0A9P0HEB9	1	U-01	viridula	N. viridula
A0A9P0HEC3	0	unassigned	viridula	N. viridula
A0A9P0HED4	3	U-03	viridula	N. viridula
A0A9P0HED9	3	U-03	viridula	N. viridula
A0A9P0HEE5	1	U-01	viridula	N. viridula
A0A9P0HEE7	1	U-01	viridula	N. viridula
A0A9P0HEE9	1	U-01	viridula	N. viridula
A0A9P0HEF5	1	U-01	viridula	N. viridula
A0A9P0HEF6	1	U-01	viridula	N. viridula
A0A9P0HEG1	1	U-01	viridula	N. viridula
A0A9P0HEG3	1	U-01	viridula	N. viridula
A0A9P0HEG5	1	U-01	viridula	N. viridula
A0A9P0HEH3	3	U-03	viridula	N. viridula
A0A9P0HEH4	1	U-01	viridula	N. viridula
A0A9P0HEH6	1	U-01	viridula	N. viridula
A0A9P0HEI0	1	U-01	viridula	N. viridula
A0A9P0HEI1	1	U-01	viridula	N. viridula
A0A9P0HEI5	1	U-01	viridula	N. viridula
A0A9P0HEI6	0	unassigned	viridula	N. viridula
A0A9P0HEI7	4	U-04	viridula	N. viridula
A0A9P0HEI9	3	U-03	viridula	N. viridula
A0A9P0HEJ4	1	U-01	viridula	N. viridula
A0A9P0HEJ8	1	U-01	viridula	N. viridula
A0A9P0EH86	1	U-01	viridula	N. viridula
A0A9P0EH93	1	U-01	viridula	N. viridula
A0A9P0EHC3	1	U-01	viridula	N. viridula
A0A9P0EHD4	1	U-01	viridula	N. viridula
A0A9P0EHD9	3	U-03	viridula	N. viridula
A0A9P0EHE2	3	U-03	viridula	N. viridula
A0A9P0EHE7	1	U-01	viridula	N. viridula
A0A9P0EHE9	1	U-01	viridula	N. viridula
A0A9P0EHF8	1	U-01	viridula	N. viridula
A0A9P0EHG6	0	unassigned	viridula	N. viridula
A0A9P0EHH0	1	U-01	viridula	N. viridula
A0A9P0EHJ1	1	U-01	viridula	N. viridula
A0A9P0EHJ8	3	U-03	viridula	N. viridula
A0A9P0EHK3	1	U-01	viridula	N. viridula
A0A9P0EHL0	1	U-01	viridula	N. viridula
A0A9P0EHL4	1	U-01	viridula	N. viridula
A0A9P0EHL6	3	U-03	viridula	N. viridula
A0A9P0EHL9	1	U-01	viridula	N. viridula
A0A9P0EHM2	1	U-01	viridula	N. viridula
A0A9P0EHN9	3	U-03	viridula	N. viridula
A0A9P0EHP5	1	U-01	viridula	N. viridula
A0A9P0EHQ3	0	unassigned	viridula	N. viridula
A0A9P0EHQ8	3	U-03	viridula	N. viridula
A0A9P0EHR0	1	U-01	viridula	N. viridula
A0A9P0EHV2	1	U-01	viridula	N. viridula
A0A9P0EHW4	3	U-03	viridula	N. viridula
A0A9P0EHY4	4	U-04	viridula	N. viridula
A0A9P0EHZ1	1	U-01	viridula	N. viridula
A0A9P0EI33	0	unassigned	viridula	N. viridula
A0A9P0EI39	0	unassigned	viridula	N. viridula
A0A9P0EI45	1	U-01	viridula	N. viridula
A0A9P0EI51	1	U-01	viridula	N. viridula
A0A9P0EI63	1	U-01	viridula	N. viridula
A0A9P0EI96	1	U-01	viridula	N. viridula
A0A9P0EIC3	1	U-01	viridula	N. viridula
A0A9P0EID5	3	U-03	viridula	N. viridula
A0A9P0EIE1	3	U-03	viridula	N. viridula
A0A9P0EIE8	1	U-01	viridula	N. viridula
A0A9P0EIH0	3	U-03	viridula	N. viridula
A0A9P0EII2	1	U-01	viridula	N. viridula
A0A9P0EII8	1	U-01	viridula	N. viridula
A0A9P0EIK3	1	U-01	viridula	N. viridula
A0A9P0EIM1	1	U-01	viridula	N. viridula
A0A9P0EIP8	0	unassigned	viridula	N. viridula
A0A9P0EIR0	1	U-01	viridula	N. viridula
A0A9P0EIS0	4	U-04	viridula	N. viridula
A0A9P0EIV2	1	U-01	viridula	N. viridula
A0A9P0EIZ2	1	U-01	viridula	N. viridula
A0A9P0EIZ8	0	unassigned	viridula	N. viridula
A0A9P0EJ21	3	U-03	viridula	N. viridula
A0A9P0EJ26	1	U-01	viridula	N. viridula
A0A9P0EJ38	1	U-01	viridula	N. viridula
A0A9P0EJ45	0	unassigned	viridula	N. viridula
A0A9P0GUG4	3	U-03	viridula	N. viridula
A0A9P0GUG9	3	U-03	viridula	N. viridula
A0A9P0GUI5	1	U-01	viridula	N. viridula
A0A9P0GUJ0	1	U-01	viridula	N. viridula
A0A9P0GUJ5	1	U-01	viridula	N. viridula
A0A9P0GUK1	1	U-01	viridula	N. viridula
A0A9P0GUK6	1	U-01	viridula	N. viridula
A0A9P0GUL8	1	U-01	viridula	N. viridula
A0A9P0GUP3	1	U-01	viridula	N. viridula
A0A9P0GUQ8	1	U-01	viridula	N. viridula
A0A9P0GUU5	1	U-01	viridula	N. viridula
A0A9P0GUW4	0	unassigned	viridula	N. viridula
A0A9P0GUX9	1	U-01	viridula	N. viridula
A0A9P0GUZ9	1	U-01	viridula	N. viridula
A0A9P0GV09	4	U-04	viridula	N. viridula
A0A9P0GV14	1	U-01	viridula	N. viridula
A0A9P0GV44	1	U-01	viridula	N. viridula
A0A9P0GV47	0	unassigned	viridula	N. viridula
A0A9P0GV52	1	U-01	viridula	N. viridula
A0A9P0GV63	1	U-01	viridula	N. viridula
A0A9P0GV68	1	U-01	viridula	N. viridula
A0A9P0GV83	1	U-01	viridula	N. viridula
A0A9P0GVD3	1	U-01	viridula	N. viridula
A0A9P0GVE3	1	U-01	viridula	N. viridula
A0A9P0GVF3	1	U-01	viridula	N. viridula
A0A9P0GVJ4	1	U-01	viridula	N. viridula
A0A9P0GVK9	0	unassigned	viridula	N. viridula
A0A9P0GVN0	1	U-01	viridula	N. viridula
A0A9P0GVN6	4	U-04	viridula	N. viridula
A0A9P0GVP1	1	U-01	viridula	N. viridula
A0A9P0GVS0	1	U-01	viridula	N. viridula
A0A9P0GVS4	1	U-01	viridula	N. viridula
A0A9P0GVT5	1	U-01	viridula	N. viridula
A0A9P0GVV7	1	U-01	viridula	N. viridula
A0A9P0GVW1	1	U-01	viridula	N. viridula
A0A9P0GVX6	1	U-01	viridula	N. viridula
A0A9P0GVZ8	1	U-01	viridula	N. viridula
A0A9P0GW08	1	U-01	viridula	N. viridula
A0A9P0GW19	4	U-04	viridula	N. viridula
A0A9P0GW35	4	U-04	viridula	N. viridula
A0A9P0GW40	1	U-01	viridula	N. viridula
A0A9P0GW71	3	U-03	viridula	N. viridula
A0A9P0GW81	1	U-01	viridula	N. viridula
A0A9P0GWA1	1	U-01	viridula	N. viridula
A0A9P0GWA9	4	U-04	viridula	N. viridula
A0A9P0GWB9	1	U-01	viridula	N. viridula
A0A9P0H018	1	U-01	viridula	N. viridula
A0A9P0H021	1	U-01	viridula	N. viridula
A0A9P0H025	1	U-01	viridula	N. viridula
A0A9P0H035	1	U-01	viridula	N. viridula
A0A9P0H039	1	U-01	viridula	N. viridula
A0A9P0H046	1	U-01	viridula	N. viridula
A0A9P0H048	1	U-01	viridula	N. viridula
A0A9P0H061	1	U-01	viridula	N. viridula
A0A9P0H065	0	unassigned	viridula	N. viridula
A0A9P0H070	1	U-01	viridula	N. viridula
A0A9P0H072	1	U-01	viridula	N. viridula
A0A9P0H083	1	U-01	viridula	N. viridula
A0A9P0H089	0	unassigned	viridula	N. viridula
A0A9P0H092	3	U-03	viridula	N. viridula
A0A9P0H097	1	U-01	viridula	N. viridula
A0A9P0H0A3	1	U-01	viridula	N. viridula
A0A9P0H0A9	4	U-04	viridula	N. viridula
A0A9P0H0C0	0	unassigned	viridula	N. viridula
A0A9P0H0C2	1	U-01	viridula	N. viridula
A0A9P0H0C5	1	U-01	viridula	N. viridula
A0A9P0H0C8	1	U-01	viridula	N. viridula
A0A9P0H0D0	3	U-03	viridula	N. viridula
A0A9P0H0D4	1	U-01	viridula	N. viridula
A0A9P0H0D9	3	U-03	viridula	N. viridula
A0A9P0H0E0	1	U-01	viridula	N. viridula
A0A9P0H0E5	1	U-01	viridula	N. viridula
A0A9P0H0E8	0	unassigned	viridula	N. viridula
A0A9P0H0F3	1	U-01	viridula	N. viridula
A0A9P0H0F5	1	U-01	viridula	N. viridula
A0A9P0H0G8	1	U-01	viridula	N. viridula
A0A9P0H0H3	1	U-01	viridula	N. viridula
A0A9P0H0H5	4	U-04	viridula	N. viridula
A0A9P0H0H7	1	U-01	viridula	N. viridula
A0A9P0H0H8	1	U-01	viridula	N. viridula
A0A9P0H0I7	3	U-03	viridula	N. viridula
A0A9P0H0J7	1	U-01	viridula	N. viridula
A0A9P0H0J9	1	U-01	viridula	N. viridula
A0A9P0H0K5	1	U-01	viridula	N. viridula
A0A9P0H0K9	1	U-01	viridula	N. viridula
A0A9P0H0L1	1	U-01	viridula	N. viridula
A0A9P0H0M2	1	U-01	viridula	N. viridula
A0A9P0H0M3	0	unassigned	viridula	N. viridula
A0A9P0H0M7	0	unassigned	viridula	N. viridula
A0A9P0H0M8	4	U-04	viridula	N. viridula
A0A9P0H0M9	0	unassigned	viridula	N. viridula
A0A9P0H0N7	1	U-01	viridula	N. viridula
A0A9P0H0N9	1	U-01	viridula	N. viridula
A0A9P0H0P1	3	U-03	viridula	N. viridula
A0A9P0H0P3	1	U-01	viridula	N. viridula
A0A9P0H0P4	3	U-03	viridula	N. viridula
A0A9P0H0R0	1	U-01	viridula	N. viridula
A0A9P0H0R1	1	U-01	viridula	N. viridula
A0A9P0H0R3	1	U-01	viridula	N. viridula
A0A9P0H0R4	4	U-04	viridula	N. viridula
A0A9P0H0S1	1	U-01	viridula	N. viridula
A0A9P0H0S6	1	U-01	viridula	N. viridula
A0A9P0H0T1	1	U-01	viridula	N. viridula
A0A9P0H0T8	3	U-03	viridula	N. viridula
A0A9P0H0U3	1	U-01	viridula	N. viridula
A0A9P0H0U4	1	U-01	viridula	N. viridula
A0A9P0H0U5	1	U-01	viridula	N. viridula
A0A9P0H0U8	4	U-04	viridula	N. viridula
A0A9P0H0V5	1	U-01	viridula	N. viridula
A0A9P0H0V9	1	U-01	viridula	N. viridula
A0A9P0H0W2	1	U-01	viridula	N. viridula
A0A9P0H0W3	0	unassigned	viridula	N. viridula
A0A9P0H0W7	0	unassigned	viridula	N. viridula
A0A9P0H0W8	1	U-01	viridula	N. viridula
A0A9P0H0W9	4	U-04	viridula	N. viridula
A0A9P0H0X4	3	U-03	viridula	N. viridula
A0A9P0H0Y2	1	U-01	viridula	N. viridula
A0A9P0H0Y8	1	U-01	viridula	N. viridula
A0A9P0H0Z7	1	U-01	viridula	N. viridula
A0A9P0H0Z8	1	U-01	viridula	N. viridula
A0A9P0H102	3	U-03	viridula	N. viridula
A0A9P0H114	1	U-01	viridula	N. viridula
A0A9P0H118	3	U-03	viridula	N. viridula
A0A9P0H122	1	U-01	viridula	N. viridula
A0A9P0H127	4	U-04	viridula	N. viridula
A0A9P0H128	1	U-01	viridula	N. viridula
A0A9P0H135	1	U-01	viridula	N. viridula
A0A9P0H136	1	U-01	viridula	N. viridula
A0A9P0H141	1	U-01	viridula	N. viridula
A0A9P0H143	1	U-01	viridula	N. viridula
A0A9P0H154	1	U-01	viridula	N. viridula
A0A9P0H155	1	U-01	viridula	N. viridula
A0A9P0H159	1	U-01	viridula	N. viridula
A0A9P0H164	4	U-04	viridula	N. viridula
A0A9P0H167	3	U-03	viridula	N. viridula
A0A9P0H168	0	unassigned	viridula	N. viridula
A0A9P0H169	3	U-03	viridula	N. viridula
A0A9P0H171	1	U-01	viridula	N. viridula
A0A9P0H173	1	U-01	viridula	N. viridula
A0A9P0H175	1	U-01	viridula	N. viridula
A0A9P0H176	1	U-01	viridula	N. viridula
A0A9P0H180	1	U-01	viridula	N. viridula
A0A9P0H181	1	U-01	viridula	N. viridula
A0A9P0H185	0	unassigned	viridula	N. viridula
A0A9P0H193	1	U-01	viridula	N. viridula
A0A9P0H6I9	1	U-01	viridula	N. viridula
A0A9P0H6J3	1	U-01	viridula	N. viridula
A0A9P0H6J6	2	U-02	viridula	N. viridula
A0A9P0H6K2	1	U-01	viridula	N. viridula
A0A9P0H6K6	3	U-03	viridula	N. viridula
A0A9P0H6K8	1	U-01	viridula	N. viridula
A0A9P0H6L1	1	U-01	viridula	N. viridula
A0A9P0H6L2	1	U-01	viridula	N. viridula
A0A9P0H6L7	1	U-01	viridula	N. viridula
A0A9P0H6L8	1	U-01	viridula	N. viridula
A0A9P0H6M0	1	U-01	viridula	N. viridula
A0A9P0H6M3	1	U-01	viridula	N. viridula
A0A9P0H6M6	1	U-01	viridula	N. viridula
A0A9P0H6M8	3	U-03	viridula	N. viridula
A0A9P0H6M9	1	U-01	viridula	N. viridula
A0A9P0H6N1	1	U-01	viridula	N. viridula
A0A9P0H6N8	1	U-01	viridula	N. viridula
A0A9P0H6P4	1	U-01	viridula	N. viridula
A0A9P0H6P6	1	U-01	viridula	N. viridula
A0A9P0H6P7	1	U-01	viridula	N. viridula
A0A9P0H6Q1	1	U-01	viridula	N. viridula
A0A9P0HEJ0	2	U-02	viridula	N. viridula
A0A9P0HEJ1	1	U-01	viridula	N. viridula
A0A9P0HEJ2	1	U-01	viridula	N. viridula
A0A9P0HEJ3	1	U-01	viridula	N. viridula
A0A9P0HEJ5	2	U-02	viridula	N. viridula
A0A9P0HEJ7	3	U-03	viridula	N. viridula
A0A9P0HEK0	1	U-01	viridula	N. viridula
A0A9P0HEK2	1	U-01	viridula	N. viridula
A0A9P0HEK3	2	U-02	viridula	N. viridula
A0A9P0HEK4	1	U-01	viridula	N. viridula
A0A9P0HEK7	2	U-02	viridula	N. viridula
A0A9P0HEK8	3	U-03	viridula	N. viridula
A0A9P0HEL1	2	U-02	viridula	N. viridula
A0A9P0HEL3	1	U-01	viridula	N. viridula
A0A9P0HEL4	2	U-02	viridula	N. viridula
A0A9P0HEL5	1	U-01	viridula	N. viridula
A0A9P0HEL6	1	U-01	viridula	N. viridula
A0A9P0HEL7	0	unassigned	viridula	N. viridula
A0A9P0HEL8	2	U-02	viridula	N. viridula
A0A9P0HEM0	1	U-01	viridula	N. viridula
A0A9P0HEM1	2	U-02	viridula	N. viridula
A0A9P0HEM2	0	unassigned	viridula	N. viridula
A0A9P0HEM7	1	U-01	viridula	N. viridula
A0A9P0HEM8	1	U-01	viridula	N. viridula
A0A9P0HEN0	1	U-01	viridula	N. viridula
A0A9P0HEN1	1	U-01	viridula	N. viridula
A0A9P0HEN2	1	U-01	viridula	N. viridula
A0A9P0HEN3	1	U-01	viridula	N. viridula
A0A9P0HEN4	1	U-01	viridula	N. viridula
A0A9P0HEN6	1	U-01	viridula	N. viridula
A0A9P0HEN9	0	unassigned	viridula	N. viridula
A0A9P0HEP1	0	unassigned	viridula	N. viridula
A0A9P0HEP7	2	U-02	viridula	N. viridula
A0A9P0HEP8	1	U-01	viridula	N. viridula
A0A9P0HEP9	2	U-02	viridula	N. viridula
A0A9P0HEQ3	1	U-01	viridula	N. viridula
A0A9P0HEQ4	1	U-01	viridula	N. viridula
A0A9P0HEQ6	0	unassigned	viridula	N. viridula
A0A9P0HEQ7	1	U-01	viridula	N. viridula
A0A9P0HEQ8	1	U-01	viridula	N. viridula
A0A9P0HEQ9	4	U-04	viridula	N. viridula
A0A9P0HER0	1	U-01	viridula	N. viridula
A0A9P0HER1	1	U-01	viridula	N. viridula
A0A9P0HER2	0	unassigned	viridula	N. viridula
A0A9P0HER4	1	U-01	viridula	N. viridula
A0A9P0HER6	1	U-01	viridula	N. viridula
A0A9P0HER8	1	U-01	viridula	N. viridula
A0A9P0HER9	1	U-01	viridula	N. viridula
A0A9P0HES1	1	U-01	viridula	N. viridula
A0A9P0HES2	4	U-04	viridula	N. viridula
A0A9P0HES5	1	U-01	viridula	N. viridula
A0A9P0HES6	2	U-02	viridula	N. viridula
A0A9P0HES8	2	U-02	viridula	N. viridula
A0A9P0HET0	1	U-01	viridula	N. viridula
A0A9P0HET1	1	U-01	viridula	N. viridula
A0A9P0HET2	1	U-01	viridula	N. viridula
A0A9P0HET3	1	U-01	viridula	N. viridula
A0A9P0HET4	1	U-01	viridula	N. viridula
A0A9P0HET5	1	U-01	viridula	N. viridula
A0A9P0HET6	1	U-01	viridula	N. viridula
A0A9P0HET7	0	unassigned	viridula	N. viridula
A0A9P0HET8	2	U-02	viridula	N. viridula
A0A9P0HEU1	3	U-03	viridula	N. viridula
A0A9P0HEU2	1	U-01	viridula	N. viridula
A0A9P0HEU4	1	U-01	viridula	N. viridula
A0A9P0HEU6	1	U-01	viridula	N. viridula
A0A9P0HEU7	4	U-04	viridula	N. viridula
A0A9P0HEU8	2	U-02	viridula	N. viridula
A0A9P0HEU9	2	U-02	viridula	N. viridula
A0A9P0HEV0	2	U-02	viridula	N. viridula
A0A9P0HEV1	1	U-01	viridula	N. viridula
A0A9P0HEV5	4	U-04	viridula	N. viridula
A0A9P0HEV6	1	U-01	viridula	N. viridula
A0A9P0HEV7	2	U-02	viridula	N. viridula
A0A9P0HEV8	1	U-01	viridula	N. viridula
A0A9P0HEV9	1	U-01	viridula	N. viridula
A0A9P0HEW0	1	U-01	viridula	N. viridula
A0A9P0HEW1	2	U-02	viridula	N. viridula
A0A9P0HEW5	2	U-02	viridula	N. viridula
A0A9P0HEW6	2	U-02	viridula	N. viridula
A0A9P0HEW8	1	U-01	viridula	N. viridula
A0A9P0HEW9	3	U-03	viridula	N. viridula
A0A9P0HEX0	1	U-01	viridula	N. viridula
A0A9P0HEX3	1	U-01	viridula	N. viridula
A0A9P0HEX4	1	U-01	viridula	N. viridula
A0A9P0HEX6	0	unassigned	viridula	N. viridula
A0A9P0HEX9	1	U-01	viridula	N. viridula
A0A9P0HEY3	0	unassigned	viridula	N. viridula
A0A9P0HEY4	1	U-01	viridula	N. viridula
A0A9P0HEY5	1	U-01	viridula	N. viridula
A0A9P0HEY6	2	U-02	viridula	N. viridula
A0A9P0HEY7	1	U-01	viridula	N. viridula
A0A9P0HEY9	2	U-02	viridula	N. viridula
A0A9P0HEZ0	2	U-02	viridula	N. viridula
A0A9P0HEZ1	0	unassigned	viridula	N. viridula
A0A9P0HEZ2	0	unassigned	viridula	N. viridula
A0A9P0HEZ3	1	U-01	viridula	N. viridula
A0A9P0HEZ4	2	U-02	viridula	N. viridula
A0A9P0HEZ5	1	U-01	viridula	N. viridula
A0A9P0HEZ6	0	unassigned	viridula	N. viridula
A0A9P0HIJ1	1	U-01	viridula	N. viridula
A0A9P0HIJ2	1	U-01	viridula	N. viridula
A0A9P0HIJ3	0	unassigned	viridula	N. viridula
A0A9P0HIJ4	1	U-01	viridula	N. viridula
A0A9P0HIJ5	2	U-02	viridula	N. viridula
A0A9P0HIJ7	2	U-02	viridula	N. viridula
A0A9P0HIJ9	1	U-01	viridula	N. viridula
A0A9P0HIK1	2	U-02	viridula	N. viridula
A0A9P0HIK2	4	U-04	viridula	N. viridula
A0A9P0HIK4	1	U-01	viridula	N. viridula
A0A9P0HIK5	1	U-01	viridula	N. viridula
A0A9P0HIK7	1	U-01	viridula	N. viridula
A0A9P0HIK8	1	U-01	viridula	N. viridula
A0A9P0HIK9	2	U-02	viridula	N. viridula
A0A9P0HIL3	1	U-01	viridula	N. viridula
A0A9P0HIL4	1	U-01	viridula	N. viridula
A0A9P0HIL5	3	U-03	viridula	N. viridula
A0A9P0HIL9	1	U-01	viridula	N. viridula
A0A9P0HIM0	0	unassigned	viridula	N. viridula
A0A9P0HIM1	0	unassigned	viridula	N. viridula
A0A9P0HIM2	1	U-01	viridula	N. viridula
A0A9P0HIM4	1	U-01	viridula	N. viridula
A0A9P0HIM7	2	U-02	viridula	N. viridula
A0A9P0HIM8	2	U-02	viridula	N. viridula
A0A9P0HIM9	2	U-02	viridula	N. viridula
A0A9P0HIN1	2	U-02	viridula	N. viridula
A0A9P0HIN3	1	U-01	viridula	N. viridula
A0A9P0HIN4	2	U-02	viridula	N. viridula
A0A9P0HIN7	2	U-02	viridula	N. viridula
A0A9P0HIN9	1	U-01	viridula	N. viridula
A0A9P0HIP0	1	U-01	viridula	N. viridula
A0A9P0HIP4	4	U-04	viridula	N. viridula
A0A9P0HIP7	1	U-01	viridula	N. viridula
A0A9P0HIP8	1	U-01	viridula	N. viridula
A0A9P0HIQ0	2	U-02	viridula	N. viridula
A0A9P0HIQ1	0	unassigned	viridula	N. viridula
A0A9P0HIQ2	4	U-04	viridula	N. viridula
A0A9P0HIQ4	4	U-04	viridula	N. viridula
A0A9P0HIQ5	2	U-02	viridula	N. viridula
A0A9P0HIQ8	1	U-01	viridula	N. viridula
A0A9P0HIQ9	1	U-01	viridula	N. viridula
A0A9P0HIR0	1	U-01	viridula	N. viridula
A0A9P0HIR2	1	U-01	viridula	N. viridula
A0A9P0HIR5	1	U-01	viridula	N. viridula
A0A9P0HIR6	2	U-02	viridula	N. viridula
A0A9P0HIR7	2	U-02	viridula	N. viridula
A0A9P0HIR9	0	unassigned	viridula	N. viridula
A0A9P0HIS0	2	U-02	viridula	N. viridula
A0A9P0HIS4	4	U-04	viridula	N. viridula
A0A9P0HIS5	0	unassigned	viridula	N. viridula
A0A9P0HIS6	1	U-01	viridula	N. viridula
A0A9P0HIS8	1	U-01	viridula	N. viridula
A0A9P0HIS9	1	U-01	viridula	N. viridula
A0A9P0HIT0	1	U-01	viridula	N. viridula
A0A9P0HIT1	1	U-01	viridula	N. viridula
A0A9P0HIT2	3	U-03	viridula	N. viridula
A0A9P0HIT3	1	U-01	viridula	N. viridula
A0A9P0HIT4	2	U-02	viridula	N. viridula
A0A9P0HIU0	1	U-01	viridula	N. viridula
A0A9P0HIU1	1	U-01	viridula	N. viridula
A0A9P0HIU5	1	U-01	viridula	N. viridula
A0A9P0HIU6	1	U-01	viridula	N. viridula
A0A9P0HIU8	1	U-01	viridula	N. viridula
A0A9P0HIU9	1	U-01	viridula	N. viridula
A0A9P0HIV0	1	U-01	viridula	N. viridula
A0A9P0HIV1	1	U-01	viridula	N. viridula
A0A9P0HIV2	1	U-01	viridula	N. viridula
A0A9P0HIV6	0	unassigned	viridula	N. viridula
A0A9P0HIV7	1	U-01	viridula	N. viridula
A0A9P0HIV8	2	U-02	viridula	N. viridula
A0A9P0HIV9	1	U-01	viridula	N. viridula
A0A9P0HIW0	1	U-01	viridula	N. viridula
A0A9P0HIW2	1	U-01	viridula	N. viridula
A0A9P0HIW7	2	U-02	viridula	N. viridula
A0A9P0HIW8	1	U-01	viridula	N. viridula
A0A9P0HIW9	1	U-01	viridula	N. viridula
A0A9P0HIX0	1	U-01	viridula	N. viridula
A0A9P0HIX2	1	U-01	viridula	N. viridula
A0A9P0HIX3	0	unassigned	viridula	N. viridula
A0A9P0HIX4	1	U-01	viridula	N. viridula
A0A9P0HIX5	1	U-01	viridula	N. viridula
A0A9P0HIX6	3	U-03	viridula	N. viridula
A0A9P0HIX8	1	U-01	viridula	N. viridula
A0A9P0HIY0	2	U-02	viridula	N. viridula
A0A9P0HIY2	1	U-01	viridula	N. viridula
A0A9P0HIY4	2	U-02	viridula	N. viridula
A0A9P0HIY5	3	U-03	viridula	N. viridula
A0A9P0HIY7	4	U-04	viridula	N. viridula
A0A9P0HIY8	1	U-01	viridula	N. viridula
A0A9P0HIY9	2	U-02	viridula	N. viridula
A0A9P0HIZ1	2	U-02	viridula	N. viridula
A0A9P0HIZ4	1	U-01	viridula	N. viridula
A0A9P0HIZ5	1	U-01	viridula	N. viridula
A0A9P0HIZ6	1	U-01	viridula	N. viridula
A0A9P0HIZ7	1	U-01	viridula	N. viridula
A0A9P0HJ01	1	U-01	viridula	N. viridula
A0A9P0HJ02	2	U-02	viridula	N. viridula
A0A9P0HJ03	1	U-01	viridula	N. viridula
A0A9P0HJ05	1	U-01	viridula	N. viridula
A0A9P0HJ06	1	U-01	viridula	N. viridula
A0A9P0MTX9	3	U-03	viridula	N. viridula
A0A9P0MTY1	1	U-01	viridula	N. viridula
A0A9P0MTY3	1	U-01	viridula	N. viridula
A0A9P0MU00	1	U-01	viridula	N. viridula
A0A9P0MU02	1	U-01	viridula	N. viridula
A0A9P0MU07	1	U-01	viridula	N. viridula
A0A9P0MU08	1	U-01	viridula	N. viridula
A0A9P0MU09	1	U-01	viridula	N. viridula
A0A9P0MU17	1	U-01	viridula	N. viridula
A0A9P0MU19	1	U-01	viridula	N. viridula
A0A9P0MU27	1	U-01	viridula	N. viridula
A0A9P0MU31	3	U-03	viridula	N. viridula
A0A9P0MU34	1	U-01	viridula	N. viridula
A0A9P0MU35	1	U-01	viridula	N. viridula
A0A9P0MU47	3	U-03	viridula	N. viridula
A0A9P0MU51	1	U-01	viridula	N. viridula
A0A9P0MU52	1	U-01	viridula	N. viridula
A0A9P0MU53	1	U-01	viridula	N. viridula
A0A9P0MU54	1	U-01	viridula	N. viridula
A0A9P0MW68	3	U-03	viridula	N. viridula
A0A9P0MW71	3	U-03	viridula	N. viridula
A0A9P0MW74	0	unassigned	viridula	N. viridula
A0A9P0MW79	1	U-01	viridula	N. viridula
A0A9P0MW88	1	U-01	viridula	N. viridula
A0A9P0MW92	4	U-04	viridula	N. viridula
A0A9P0MW97	1	U-01	viridula	N. viridula
A0A9P0MW99	1	U-01	viridula	N. viridula
A0A9P0MWA5	3	U-03	viridula	N. viridula
A0A9P0MWA9	1	U-01	viridula	N. viridula
A0A9P0MWC7	1	U-01	viridula	N. viridula
A0A9P0MWC8	1	U-01	viridula	N. viridula
A0A9P0MWD0	1	U-01	viridula	N. viridula
A0A9P0MWD2	1	U-01	viridula	N. viridula
A0A9P0MWD3	1	U-01	viridula	N. viridula
A0A9P0MWD5	1	U-01	viridula	N. viridula
A0A9P0MWD7	1	U-01	viridula	N. viridula
A0A9P0MWE0	0	unassigned	viridula	N. viridula
A0A9P0MWE1	4	U-04	viridula	N. viridula
A0A9P0MWE7	1	U-01	viridula	N. viridula
A0A9P0MWE9	1	U-01	viridula	N. viridula
A0A9P0MWF3	1	U-01	viridula	N. viridula
A0A9P0MWF4	1	U-01	viridula	N. viridula
A0A9P0MWF8	3	U-03	viridula	N. viridula
A0A9P0MWG7	3	U-03	viridula	N. viridula
A0A9P0MWH5	1	U-01	viridula	N. viridula
A0A9P0MWH8	1	U-01	viridula	N. viridula
A0A9P0MWI4	1	U-01	viridula	N. viridula
A0A9P0MWI8	1	U-01	viridula	N. viridula
A0A9P0MWK3	0	unassigned	viridula	N. viridula
A0A9P0MWL0	4	U-04	viridula	N. viridula
A0A9P0MWL5	4	U-04	viridula	N. viridula
A0A9P0MWL7	0	unassigned	viridula	N. viridula
A0A9P0MWM0	3	U-03	viridula	N. viridula
A0A9P0MWM6	0	unassigned	viridula	N. viridula
A0A9P0MWM8	3	U-03	viridula	N. viridula
A0A9P0MWN1	1	U-01	viridula	N. viridula
A0A9P0MWN5	1	U-01	viridula	N. viridula
A0A9P0MWN6	1	U-01	viridula	N. viridula
A0A9P0MWN7	0	unassigned	viridula	N. viridula
A0A9P0MWN8	1	U-01	viridula	N. viridula
A0A9P0MWP2	1	U-01	viridula	N. viridula
A0A9P0MWP4	1	U-01	viridula	N. viridula
A0A9P0MWP6	1	U-01	viridula	N. viridula
A0A9P0MWP7	1	U-01	viridula	N. viridula
A0A9P0MWQ1	0	unassigned	viridula	N. viridula
A0A9P0MWQ6	1	U-01	viridula	N. viridula
A0A9P0MWQ9	1	U-01	viridula	N. viridula
A0A9P0MWR9	3	U-03	viridula	N. viridula
A0A9P0MWT0	1	U-01	viridula	N. viridula
A0A9P0MWT3	4	U-04	viridula	N. viridula
A0A9P0MWT5	1	U-01	viridula	N. viridula
A0A9P0MWT7	0	unassigned	viridula	N. viridula
A0A9P0MWT9	3	U-03	viridula	N. viridula
A0A9P0MWU3	1	U-01	viridula	N. viridula
A0A9P0MWU5	1	U-01	viridula	N. viridula
A0A9P0MWU7	1	U-01	viridula	N. viridula
A0A9P0MWU9	1	U-01	viridula	N. viridula
A0A9P0MWV0	1	U-01	viridula	N. viridula
A0A9P0MWV8	1	U-01	viridula	N. viridula
A0A9P0MWW4	1	U-01	viridula	N. viridula
A0A9P0MWW5	1	U-01	viridula	N. viridula
A0A9P0MWX8	1	U-01	viridula	N. viridula
A0A9P0MWY2	4	U-04	viridula	N. viridula
A0A9P0MWY9	1	U-01	viridula	N. viridula
A0A9P0MWZ5	1	U-01	viridula	N. viridula
A0A9P0MWZ6	1	U-01	viridula	N. viridula
A0A9P0MWZ9	1	U-01	viridula	N. viridula
A0A9P0MX00	1	U-01	viridula	N. viridula
A0A9P0MX05	1	U-01	viridula	N. viridula
A0A9P0MX19	3	U-03	viridula	N. viridula
A0A9P0MX21	0	unassigned	viridula	N. viridula
A0A9P0MX27	1	U-01	viridula	N. viridula
A0A9P0MX30	3	U-03	viridula	N. viridula
A0A9P0MX31	0	unassigned	viridula	N. viridula
A0A9P0MX32	4	U-04	viridula	N. viridula
A0A9P0MX37	1	U-01	viridula	N. viridula
A0A9P0MX47	1	U-01	viridula	N. viridula
A0A9P0MX54	4	U-04	viridula	N. viridula
A0A9P0MX55	4	U-04	viridula	N. viridula
A0A9P0MX62	1	U-01	viridula	N. viridula
A0A9P0HNX7	1	U-01	viridula	N. viridula
A0A9P0HNX8	1	U-01	viridula	N. viridula
A0A9P0HNX9	1	U-01	viridula	N. viridula
A0A9P0HNY0	2	U-02	viridula	N. viridula
A0A9P0HNY1	0	unassigned	viridula	N. viridula
A0A9P0HNY2	2	U-02	viridula	N. viridula
A0A9P0HNY4	1	U-01	viridula	N. viridula
A0A9P0HNY9	2	U-02	viridula	N. viridula
A0A9P0HNZ1	2	U-02	viridula	N. viridula
A0A9P0HNZ2	2	U-02	viridula	N. viridula
A0A9P0HNZ3	2	U-02	viridula	N. viridula
A0A9P0HNZ4	1	U-01	viridula	N. viridula
A0A9P0HNZ7	1	U-01	viridula	N. viridula
A0A9P0HNZ9	2	U-02	viridula	N. viridula
A0A9P0HP03	1	U-01	viridula	N. viridula
A0A9P0HP04	1	U-01	viridula	N. viridula
A0A9P0HP05	3	U-03	viridula	N. viridula
A0A9P0HP09	2	U-02	viridula	N. viridula
A0A9P0HP10	2	U-02	viridula	N. viridula
A0A9P0HP13	1	U-01	viridula	N. viridula
A0A9P0HP14	1	U-01	viridula	N. viridula
A0A9P0HP18	3	U-03	viridula	N. viridula
A0A9P0HP19	1	U-01	viridula	N. viridula
A0A9P0HP20	1	U-01	viridula	N. viridula
A0A9P0HP21	1	U-01	viridula	N. viridula
A0A9P0HP23	1	U-01	viridula	N. viridula
A0A9P0HP26	1	U-01	viridula	N. viridula
A0A9P0HP27	1	U-01	viridula	N. viridula
A0A9P0HP28	3	U-03	viridula	N. viridula
A0A9P0HP29	0	unassigned	viridula	N. viridula
A0A9P0HP32	2	U-02	viridula	N. viridula
A0A9P0HP34	2	U-02	viridula	N. viridula
A0A9P0HP36	1	U-01	viridula	N. viridula
A0A9P0HP38	2	U-02	viridula	N. viridula
A0A9P0HP39	1	U-01	viridula	N. viridula
A0A9P0HP45	2	U-02	viridula	N. viridula
A0A9P0HP46	1	U-01	viridula	N. viridula
A0A9P0HP47	2	U-02	viridula	N. viridula
A0A9P0HP48	1	U-01	viridula	N. viridula
A0A9P0HP50	1	U-01	viridula	N. viridula
A0A9P0HP52	1	U-01	viridula	N. viridula
A0A9P0HP54	1	U-01	viridula	N. viridula
A0A9P0HP56	1	U-01	viridula	N. viridula
A0A9P0HP57	2	U-02	viridula	N. viridula
A0A9P0HP58	1	U-01	viridula	N. viridula
A0A9P0HP59	2	U-02	viridula	N. viridula
A0A9P0HP60	2	U-02	viridula	N. viridula
A0A9P0HP61	3	U-03	viridula	N. viridula
A0A9P0HP62	2	U-02	viridula	N. viridula
A0A9P0HP63	0	unassigned	viridula	N. viridula
A0A9P0HP64	4	U-04	viridula	N. viridula
A0A9P0HP65	1	U-01	viridula	N. viridula
A0A9P0HP66	3	U-03	viridula	N. viridula
A0A9P0HP67	1	U-01	viridula	N. viridula
A0A9P0HP69	1	U-01	viridula	N. viridula
A0A9P0HP72	0	unassigned	viridula	N. viridula
A0A9P0HP73	2	U-02	viridula	N. viridula
A0A9P0HP74	1	U-01	viridula	N. viridula
A0A9P0HP76	0	unassigned	viridula	N. viridula
A0A9P0HP78	2	U-02	viridula	N. viridula
A0A9P0HP79	3	U-03	viridula	N. viridula
A0A9P0HP81	4	U-04	viridula	N. viridula
A0A9P0HP83	0	unassigned	viridula	N. viridula
A0A9P0HP84	1	U-01	viridula	N. viridula
A0A9P0HP85	2	U-02	viridula	N. viridula
A0A9P0HP88	4	U-04	viridula	N. viridula
A0A9P0HP92	1	U-01	viridula	N. viridula
A0A9P0HP93	1	U-01	viridula	N. viridula
A0A9P0HP94	1	U-01	viridula	N. viridula
A0A9P0HP95	2	U-02	viridula	N. viridula
A0A9P0HP96	2	U-02	viridula	N. viridula
A0A9P0HP97	1	U-01	viridula	N. viridula
A0A9P0HPA0	1	U-01	viridula	N. viridula
A0A9P0HPA2	1	U-01	viridula	N. viridula
A0A9P0HPA3	0	unassigned	viridula	N. viridula
A0A9P0HPA4	1	U-01	viridula	N. viridula
A0A9P0HPA6	2	U-02	viridula	N. viridula
A0A9P0HPA7	1	U-01	viridula	N. viridula
A0A9P0HPA8	1	U-01	viridula	N. viridula
A0A9P0HPB0	1	U-01	viridula	N. viridula
A0A9P0HPB3	1	U-01	viridula	N. viridula
A0A9P0HPB5	2	U-02	viridula	N. viridula
A0A9P0HPB6	2	U-02	viridula	N. viridula
A0A9P0HPB7	1	U-01	viridula	N. viridula
A0A9P0HPB8	1	U-01	viridula	N. viridula
A0A9P0HPB9	1	U-01	viridula	N. viridula
A0A9P0HPC1	1	U-01	viridula	N. viridula
A0A9P0HPC2	1	U-01	viridula	N. viridula
A0A9P0HPC3	1	U-01	viridula	N. viridula
A0A9P0HPC4	1	U-01	viridula	N. viridula
A0A9P0HPC8	1	U-01	viridula	N. viridula
A0A9P0HPC9	3	U-03	viridula	N. viridula
A0A9P0HPD0	0	unassigned	viridula	N. viridula
A0A9P0HPD3	1	U-01	viridula	N. viridula
A0A9P0HPD5	1	U-01	viridula	N. viridula
A0A9P0HPD8	1	U-01	viridula	N. viridula
A0A9P0HPD9	1	U-01	viridula	N. viridula
A0A9P0HPE3	1	U-01	viridula	N. viridula
A0A9P0HPE5	1	U-01	viridula	N. viridula
A0A9P0HPE6	2	U-02	viridula	N. viridula
A0A9P0EFX7	2	U-02	viridula	N. viridula
A0A9P0EFX8	1	U-01	viridula	N. viridula
A0A9P0EFY0	3	U-03	viridula	N. viridula
A0A9P0EFY8	4	U-04	viridula	N. viridula
A0A9P0EFZ2	1	U-01	viridula	N. viridula
A0A9P0EFZ4	1	U-01	viridula	N. viridula
A0A9P0EFZ6	1	U-01	viridula	N. viridula
A0A9P0EG02	1	U-01	viridula	N. viridula
A0A9P0EG05	1	U-01	viridula	N. viridula
A0A9P0EG10	3	U-03	viridula	N. viridula
A0A9P0EG14	1	U-01	viridula	N. viridula
A0A9P0EG18	0	unassigned	viridula	N. viridula
A0A9P0EG22	1	U-01	viridula	N. viridula
A0A9P0EG26	2	U-02	viridula	N. viridula
A0A9P0EG28	0	unassigned	viridula	N. viridula
A0A9P0EG29	1	U-01	viridula	N. viridula
A0A9P0EG37	1	U-01	viridula	N. viridula
A0A9P0EG42	1	U-01	viridula	N. viridula
A0A9P0EG44	1	U-01	viridula	N. viridula
A0A9P0EG48	1	U-01	viridula	N. viridula
A0A9P0EG53	2	U-02	viridula	N. viridula
A0A9P0EG56	2	U-02	viridula	N. viridula
A0A9P0EG57	1	U-01	viridula	N. viridula
A0A9P0EG60	2	U-02	viridula	N. viridula
A0A9P0EG64	0	unassigned	viridula	N. viridula
A0A9P0EG65	3	U-03	viridula	N. viridula
A0A9P0EG71	4	U-04	viridula	N. viridula
A0A9P0EG76	1	U-01	viridula	N. viridula
A0A9P0EG78	2	U-02	viridula	N. viridula
A0A9P0EG79	1	U-01	viridula	N. viridula
A0A9P0EG84	1	U-01	viridula	N. viridula
A0A9P0EG88	2	U-02	viridula	N. viridula
A0A9P0EG94	3	U-03	viridula	N. viridula
A0A9P0EG95	1	U-01	viridula	N. viridula
A0A9P0EG99	2	U-02	viridula	N. viridula
A0A9P0EGA1	1	U-01	viridula	N. viridula
A0A9P0EGA7	0	unassigned	viridula	N. viridula
A0A9P0EGA8	1	U-01	viridula	N. viridula
A0A9P0EGB5	4	U-04	viridula	N. viridula
A0A9P0EGB9	1	U-01	viridula	N. viridula
A0A9P0EGC2	1	U-01	viridula	N. viridula
A0A9P0EGC3	0	unassigned	viridula	N. viridula
A0A9P0EGC7	1	U-01	viridula	N. viridula
A0A9P0EGD3	1	U-01	viridula	N. viridula
A0A9P0EGD4	1	U-01	viridula	N. viridula
A0A9P0EGD6	0	unassigned	viridula	N. viridula
A0A9P0EGE0	0	unassigned	viridula	N. viridula
A0A9P0EGE3	1	U-01	viridula	N. viridula
A0A9P0EGE9	2	U-02	viridula	N. viridula
A0A9P0EGF2	2	U-02	viridula	N. viridula
A0A9P0EGG0	1	U-01	viridula	N. viridula
A0A9P0EGG7	1	U-01	viridula	N. viridula
A0A9P0EGG8	2	U-02	viridula	N. viridula
A0A9P0EGH2	2	U-02	viridula	N. viridula
A0A9P0EGH5	3	U-03	viridula	N. viridula
A0A9P0EGI0	2	U-02	viridula	N. viridula
A0A9P0EGI1	2	U-02	viridula	N. viridula
A0A9P0EGI3	1	U-01	viridula	N. viridula
A0A9P0EGI8	2	U-02	viridula	N. viridula
A0A9P0EGJ7	2	U-02	viridula	N. viridula
A0A9P0EGK1	2	U-02	viridula	N. viridula
A0A9P0EGK4	1	U-01	viridula	N. viridula
A0A9P0EGK8	2	U-02	viridula	N. viridula
A0A9P0EGL1	0	unassigned	viridula	N. viridula
A0A9P0EGM1	1	U-01	viridula	N. viridula
A0A9P0EGM6	1	U-01	viridula	N. viridula
A0A9P0EGM7	2	U-02	viridula	N. viridula
A0A9P0EGN4	3	U-03	viridula	N. viridula
A0A9P0EGN6	1	U-01	viridula	N. viridula
A0A9P0EGP2	1	U-01	viridula	N. viridula
A0A9P0EGP3	4	U-04	viridula	N. viridula
A0A9P0EGP4	2	U-02	viridula	N. viridula
A0A9P0EGQ1	1	U-01	viridula	N. viridula
A0A9P0EGQ8	3	U-03	viridula	N. viridula
A0A9P0EGQ9	2	U-02	viridula	N. viridula
A0A9P0EGR0	1	U-01	viridula	N. viridula
A0A9P0EGR5	1	U-01	viridula	N. viridula
A0A9P0EGS3	0	unassigned	viridula	N. viridula
A0A9P0EGS5	1	U-01	viridula	N. viridula
A0A9P0EGT0	1	U-01	viridula	N. viridula
A0A9P0EGT1	1	U-01	viridula	N. viridula
A0A9P0EGU0	0	unassigned	viridula	N. viridula
A0A9P0EGU7	1	U-01	viridula	N. viridula
A0A9P0EGU8	1	U-01	viridula	N. viridula
A0A9P0EGV3	2	U-02	viridula	N. viridula
A0A9P0EGV5	2	U-02	viridula	N. viridula
A0A9P0EGV7	3	U-03	viridula	N. viridula
A0A9P0EGW4	1	U-01	viridula	N. viridula
A0A9P0EGX0	1	U-01	viridula	N. viridula
A0A9P0EGX7	2	U-02	viridula	N. viridula
A0A9P0EGX8	1	U-01	viridula	N. viridula
A0A9P0EGX9	1	U-01	viridula	N. viridula
A0A9P0EGY4	1	U-01	viridula	N. viridula
A0A9P0EGY5	2	U-02	viridula	N. viridula
A0A9P0EGY7	4	U-04	viridula	N. viridula
A0A9P0EGZ3	0	unassigned	viridula	N. viridula
A0A9P0EGZ4	1	U-01	viridula	N. viridula
A0A9P0EGZ6	0	unassigned	viridula	N. viridula
A0A9P0EGZ7	1	U-01	viridula	N. viridula
A0A9P0EH00	1	U-01	viridula	N. viridula
A0A9P0HGK5	1	U-01	viridula	N. viridula
A0A9P0HGL3	3	U-03	viridula	N. viridula
A0A9P0HGL6	1	U-01	viridula	N. viridula
A0A9P0HGL7	1	U-01	viridula	N. viridula
A0A9P0HGL8	1	U-01	viridula	N. viridula
A0A9P0HGM2	1	U-01	viridula	N. viridula
A0A9P0HGP2	1	U-01	viridula	N. viridula
A0A9P0HGP3	3	U-03	viridula	N. viridula
A0A9P0HGP6	4	U-04	viridula	N. viridula
A0A9P0HGP7	0	unassigned	viridula	N. viridula
A0A9P0HGQ0	1	U-01	viridula	N. viridula
A0A9P0HGQ2	3	U-03	viridula	N. viridula
A0A9P0HGQ4	1	U-01	viridula	N. viridula
A0A9P0HGQ6	1	U-01	viridula	N. viridula
A0A9P0HGR2	1	U-01	viridula	N. viridula
A0A9P0HGR5	1	U-01	viridula	N. viridula
A0A9P0HGR7	1	U-01	viridula	N. viridula
A0A9P0HGR8	0	unassigned	viridula	N. viridula
A0A9P0HGS1	1	U-01	viridula	N. viridula
A0A9P0HGS8	1	U-01	viridula	N. viridula
A0A9P0HGT6	0	unassigned	viridula	N. viridula
A0A9P0HGT8	1	U-01	viridula	N. viridula
A0A9P0HGU4	1	U-01	viridula	N. viridula
A0A9P0HGU6	1	U-01	viridula	N. viridula
A0A9P0HGV0	0	unassigned	viridula	N. viridula
A0A9P0HGV1	4	U-04	viridula	N. viridula
A0A9P0HGV2	0	unassigned	viridula	N. viridula
A0A9P0HGV7	1	U-01	viridula	N. viridula
A0A9P0HGV9	1	U-01	viridula	N. viridula
A0A9P0HGW1	0	unassigned	viridula	N. viridula
A0A9P0HGW3	0	unassigned	viridula	N. viridula
A0A9P0HGW7	4	U-04	viridula	N. viridula
A0A9P0HGX3	4	U-04	viridula	N. viridula
A0A9P0HGX4	1	U-01	viridula	N. viridula
A0A9P0HGX7	1	U-01	viridula	N. viridula
A0A9P0HGX9	1	U-01	viridula	N. viridula
A0A9P0HGY9	0	unassigned	viridula	N. viridula
A0A9P0HGZ5	1	U-01	viridula	N. viridula
A0A9P0HGZ9	1	U-01	viridula	N. viridula
A0A9P0HH03	1	U-01	viridula	N. viridula
A0A9P0HH08	1	U-01	viridula	N. viridula
A0A9P0HH09	1	U-01	viridula	N. viridula
A0A9P0HH10	1	U-01	viridula	N. viridula
A0A9P0HH17	1	U-01	viridula	N. viridula
A0A9P0HH24	0	unassigned	viridula	N. viridula
A0A9P0HH38	1	U-01	viridula	N. viridula
A0A9P0HH40	1	U-01	viridula	N. viridula
A0A9P0HH41	1	U-01	viridula	N. viridula
A0A9P0HH43	1	U-01	viridula	N. viridula
A0A9P0HH44	1	U-01	viridula	N. viridula
A0A9P0HH46	1	U-01	viridula	N. viridula
A0A9P0HH50	1	U-01	viridula	N. viridula
A0A9P0HH54	1	U-01	viridula	N. viridula
A0A9P0HH58	4	U-04	viridula	N. viridula
A0A9P0HH68	1	U-01	viridula	N. viridula
A0A9P0HH69	4	U-04	viridula	N. viridula
A0A9P0HH72	1	U-01	viridula	N. viridula
A0A9P0HH78	1	U-01	viridula	N. viridula
A0A9P0HH83	1	U-01	viridula	N. viridula
A0A9P0HH85	1	U-01	viridula	N. viridula
A0A9P0HH86	1	U-01	viridula	N. viridula
A0A9P0HH87	1	U-01	viridula	N. viridula
A0A9P0HH90	1	U-01	viridula	N. viridula
A0A9P0HH93	1	U-01	viridula	N. viridula
A0A9P0HH94	1	U-01	viridula	N. viridula
A0A9P0HH95	1	U-01	viridula	N. viridula
A0A9P0HH96	0	unassigned	viridula	N. viridula
A0A9P0HHA0	1	U-01	viridula	N. viridula
A0A9P0HHA2	1	U-01	viridula	N. viridula
A0A9P0HHA4	1	U-01	viridula	N. viridula
A0A9P0HHA5	1	U-01	viridula	N. viridula
A0A9P0HHB1	1	U-01	viridula	N. viridula
A0A9P0HHB5	1	U-01	viridula	N. viridula
A0A9P0HHB8	1	U-01	viridula	N. viridula
A0A9P0HHC0	1	U-01	viridula	N. viridula
A0A9P0HHC3	1	U-01	viridula	N. viridula
A0A9P0HHC6	1	U-01	viridula	N. viridula
A0A9P0HHD3	1	U-01	viridula	N. viridula
A0A9P0HHD8	0	unassigned	viridula	N. viridula
A0A9P0HHE3	1	U-01	viridula	N. viridula
A0A9P0HHE5	1	U-01	viridula	N. viridula
A0A9P0HHE8	1	U-01	viridula	N. viridula
A0A9P0HHG0	4	U-04	viridula	N. viridula
A0A9P0HSG2	3	U-03	viridula	N. viridula
A0A9P0HSG6	3	U-03	viridula	N. viridula
A0A9P0HSG8	1	U-01	viridula	N. viridula
A0A9P0HSG9	1	U-01	viridula	N. viridula
A0A9P0HSH0	1	U-01	viridula	N. viridula
A0A9P0HSH1	4	U-04	viridula	N. viridula
A0A9P0HSH4	3	U-03	viridula	N. viridula
A0A9P0HSH6	4	U-04	viridula	N. viridula
A0A9P0HSH9	3	U-03	viridula	N. viridula
A0A9P0HSI1	1	U-01	viridula	N. viridula
A0A9P0HSI3	3	U-03	viridula	N. viridula
A0A9P0HSI4	3	U-03	viridula	N. viridula
A0A9P0HSJ0	1	U-01	viridula	N. viridula
A0A9P0HSJ7	1	U-01	viridula	N. viridula
A0A9P0HSJ9	1	U-01	viridula	N. viridula
A0A9P0HSK2	1	U-01	viridula	N. viridula
A0A9P0HSK8	1	U-01	viridula	N. viridula
A0A9P0HSL2	1	U-01	viridula	N. viridula
A0A9P0HSM3	3	U-03	viridula	N. viridula
A0A9P0HSM7	3	U-03	viridula	N. viridula
A0A9P0HSN2	1	U-01	viridula	N. viridula
A0A9P0HSN6	3	U-03	viridula	N. viridula
A0A9P0HSN7	3	U-03	viridula	N. viridula
A0A9P0HSP2	1	U-01	viridula	N. viridula
A0A9P0HSP9	1	U-01	viridula	N. viridula
A0A9P0HSQ0	1	U-01	viridula	N. viridula
A0A9P0HSQ6	0	unassigned	viridula	N. viridula
A0A9P0HSQ8	1	U-01	viridula	N. viridula
A0A9P0HSR1	4	U-04	viridula	N. viridula
A0A9P0HSR2	4	U-04	viridula	N. viridula
A0A9P0HSR4	1	U-01	viridula	N. viridula
A0A9P0HSS7	1	U-01	viridula	N. viridula
A0A9P0HSS8	0	unassigned	viridula	N. viridula
A0A9P0HSU0	1	U-01	viridula	N. viridula
A0A9P0HSU4	1	U-01	viridula	N. viridula
A0A9P0HSU6	1	U-01	viridula	N. viridula
A0A9P0HSU9	1	U-01	viridula	N. viridula
A0A9P0HSV2	4	U-04	viridula	N. viridula
A0A9P0HSV3	4	U-04	viridula	N. viridula
A0A9P0HSV4	1	U-01	viridula	N. viridula
A0A9P0HSW1	1	U-01	viridula	N. viridula
A0A9P0HSW7	1	U-01	viridula	N. viridula
A0A9P0HSX0	1	U-01	viridula	N. viridula
A0A9P0HSX2	1	U-01	viridula	N. viridula
A0A9P0HSX5	1	U-01	viridula	N. viridula
A0A9P0HSY0	1	U-01	viridula	N. viridula
A0A9P0HSY1	1	U-01	viridula	N. viridula
A0A9P0HSY2	3	U-03	viridula	N. viridula
A0A9P0HSY5	1	U-01	viridula	N. viridula
A0A9P0HSY7	3	U-03	viridula	N. viridula
A0A9P0HSZ2	1	U-01	viridula	N. viridula
A0A9P0HSZ9	1	U-01	viridula	N. viridula
A0A9P0HT01	1	U-01	viridula	N. viridula
A0A9P0HT05	4	U-04	viridula	N. viridula
A0A9P0HT09	3	U-03	viridula	N. viridula
A0A9P0HT12	0	unassigned	viridula	N. viridula
A0A9P0HT15	1	U-01	viridula	N. viridula
A0A9P0HT21	1	U-01	viridula	N. viridula
A0A9P0HT25	3	U-03	viridula	N. viridula
A0A9P0HT32	3	U-03	viridula	N. viridula
A0A9P0HT36	1	U-01	viridula	N. viridula
A0A9P0HT45	1	U-01	viridula	N. viridula
A0A9P0HT57	1	U-01	viridula	N. viridula
A0A9P0HT61	3	U-03	viridula	N. viridula
A0A9P0HT67	1	U-01	viridula	N. viridula
A0A9P0HT68	0	unassigned	viridula	N. viridula
A0A9P0HT79	0	unassigned	viridula	N. viridula
A0A9P0HT87	1	U-01	viridula	N. viridula
A0A9P0HT88	1	U-01	viridula	N. viridula
A0A9P0HT90	1	U-01	viridula	N. viridula
A0A9P0HT99	3	U-03	viridula	N. viridula
A0A9P0HTA0	1	U-01	viridula	N. viridula
A0A9P0HTA6	3	U-03	viridula	N. viridula
A0A9P0HTB0	1	U-01	viridula	N. viridula
A0A9P0HTB1	3	U-03	viridula	N. viridula
A0A9P0HTB5	1	U-01	viridula	N. viridula
A0A9P0HTC1	1	U-01	viridula	N. viridula
A0A9P0HTC8	1	U-01	viridula	N. viridula
A0A9P0HTD0	1	U-01	viridula	N. viridula
A0A9P0HTD4	1	U-01	viridula	N. viridula
A0A9P0HTD5	1	U-01	viridula	N. viridula
A0A9P0HTD7	1	U-01	viridula	N. viridula
A0A9P0HTE4	0	unassigned	viridula	N. viridula
A0A9P0HTE5	4	U-04	viridula	N. viridula
A0A9P0HTE6	1	U-01	viridula	N. viridula
A0A9P0HTE8	1	U-01	viridula	N. viridula
A0A9P0HTF0	1	U-01	viridula	N. viridula
A0A9P0HTF2	1	U-01	viridula	N. viridula
A0A9P0HTF4	0	unassigned	viridula	N. viridula
A0A9P0HTG6	1	U-01	viridula	N. viridula
A0A9P0HTG9	1	U-01	viridula	N. viridula
A0A9P0HTH2	4	U-04	viridula	N. viridula
A0A9P0HTH4	4	U-04	viridula	N. viridula
A0A9P0HTH5	4	U-04	viridula	N. viridula
A0A9P0HTI1	2	U-02	viridula	N. viridula
A0A9P0HTI7	3	U-03	viridula	N. viridula
A0A9P0HTI9	4	U-04	viridula	N. viridula
A0A9P0HTJ1	1	U-01	viridula	N. viridula
A0A9P0HTJ3	0	unassigned	viridula	N. viridula
A0A9P0MSD9	3	U-03	viridula	N. viridula
A0A9P0MSE1	1	U-01	viridula	N. viridula
A0A9P0MSE2	0	unassigned	viridula	N. viridula
A0A9P0MSE5	3	U-03	viridula	N. viridula
A0A9P0MSE8	1	U-01	viridula	N. viridula
A0A9P0MSF7	3	U-03	viridula	N. viridula
A0A9P0MSF8	1	U-01	viridula	N. viridula
A0A9P0MSF9	1	U-01	viridula	N. viridula
A0A9P0MSG3	1	U-01	viridula	N. viridula
A0A9P0MSG8	1	U-01	viridula	N. viridula
A0A9P0MSG9	1	U-01	viridula	N. viridula
A0A9P0MSH2	1	U-01	viridula	N. viridula
A0A9P0MSH7	4	U-04	viridula	N. viridula
A0A9P0MSI6	1	U-01	viridula	N. viridula
A0A9P0MSJ0	1	U-01	viridula	N. viridula
A0A9P0MSJ5	1	U-01	viridula	N. viridula
A0A9P0MSJ7	0	unassigned	viridula	N. viridula
A0A9P0MSJ8	1	U-01	viridula	N. viridula
A0A9P0MSJ9	1	U-01	viridula	N. viridula
A0A9P0MSK4	1	U-01	viridula	N. viridula
A0A9P0MSK9	1	U-01	viridula	N. viridula
A0A9P0MSL8	1	U-01	viridula	N. viridula
A0A9P0MSM0	4	U-04	viridula	N. viridula
A0A9P0MSM8	1	U-01	viridula	N. viridula
A0A9P0MSM9	1	U-01	viridula	N. viridula
A0A9P0MSN2	1	U-01	viridula	N. viridula
A0A9P0MSN3	1	U-01	viridula	N. viridula
A0A9P0MSP1	1	U-01	viridula	N. viridula
A0A9P0MSP3	1	U-01	viridula	N. viridula
A0A9P0MSQ0	1	U-01	viridula	N. viridula
A0A9P0MSQ4	1	U-01	viridula	N. viridula
A0A9P0MSQ5	1	U-01	viridula	N. viridula
A0A9P0MSQ8	3	U-03	viridula	N. viridula
A0A9P0MSR1	1	U-01	viridula	N. viridula
A0A9P0MSR4	1	U-01	viridula	N. viridula
A0A9P0MSR5	1	U-01	viridula	N. viridula
A0A9P0MSS1	1	U-01	viridula	N. viridula
A0A9P0MSS3	1	U-01	viridula	N. viridula
A0A9P0MSS4	1	U-01	viridula	N. viridula
A0A9P0MSS5	1	U-01	viridula	N. viridula
A0A9P0MSS6	1	U-01	viridula	N. viridula
A0A9P0MSS9	1	U-01	viridula	N. viridula
A0A9P0MST1	3	U-03	viridula	N. viridula
A0A9P0MST6	1	U-01	viridula	N. viridula
A0A9P0MST7	3	U-03	viridula	N. viridula
A0A9P0MST9	3	U-03	viridula	N. viridula
A0A9P0MSU1	1	U-01	viridula	N. viridula
A0A9P0MSU5	1	U-01	viridula	N. viridula
A0A9P0MSU6	1	U-01	viridula	N. viridula
A0A9P0MSU7	1	U-01	viridula	N. viridula
A0A9P0MSU9	1	U-01	viridula	N. viridula
A0A9P0MSV1	3	U-03	viridula	N. viridula
A0A9P0MSV4	1	U-01	viridula	N. viridula
A0A9P0MSV5	1	U-01	viridula	N. viridula
A0A9P0MSV7	4	U-04	viridula	N. viridula
A0A9P0MSV8	1	U-01	viridula	N. viridula
A0A9P0MSW5	1	U-01	viridula	N. viridula
A0A9P0MSX1	1	U-01	viridula	N. viridula
A0A9P0MSX2	3	U-03	viridula	N. viridula
A0A9P0MSX6	1	U-01	viridula	N. viridula
A0A9P0MSX7	0	unassigned	viridula	N. viridula
A0A9P0MSX8	4	U-04	viridula	N. viridula
A0A9P0MSY0	1	U-01	viridula	N. viridula
A0A9P0MSY4	3	U-03	viridula	N. viridula
A0A9P0MSY5	1	U-01	viridula	N. viridula
A0A9P0MSZ4	4	U-04	viridula	N. viridula
A0A9P0MSZ8	0	unassigned	viridula	N. viridula
A0A9P0MT00	0	unassigned	viridula	N. viridula
A0A9P0MT03	1	U-01	viridula	N. viridula
A0A9P0MT07	1	U-01	viridula	N. viridula
A0A9P0MT09	3	U-03	viridula	N. viridula
A0A9P0MT15	1	U-01	viridula	N. viridula
A0A9P0MT20	1	U-01	viridula	N. viridula
A0A9P0MT22	0	unassigned	viridula	N. viridula
A0A9P0MT26	0	unassigned	viridula	N. viridula
A0A9P0MT29	4	U-04	viridula	N. viridula
A0A9P0MT33	1	U-01	viridula	N. viridula
A0A9P0MT38	1	U-01	viridula	N. viridula
A0A9P0MT42	1	U-01	viridula	N. viridula
A0A9P0MT43	1	U-01	viridula	N. viridula
A0A9P0MT44	1	U-01	viridula	N. viridula
A0A9P0MT45	1	U-01	viridula	N. viridula
A0A9P0MT46	1	U-01	viridula	N. viridula
A0A9P0MT52	1	U-01	viridula	N. viridula
A0A9P0MT53	1	U-01	viridula	N. viridula
A0A9P0MT57	3	U-03	viridula	N. viridula
A0A9P0MT58	1	U-01	viridula	N. viridula
A0A9P0MT61	1	U-01	viridula	N. viridula
A0A9P0MT67	1	U-01	viridula	N. viridula
A0A9P0MT74	3	U-03	viridula	N. viridula
A0A9P0MT75	3	U-03	viridula	N. viridula
A0A9P0MT78	1	U-01	viridula	N. viridula
A0A9P0MT79	1	U-01	viridula	N. viridula
A0A9P0MT84	4	U-04	viridula	N. viridula
A0A9P0MT92	0	unassigned	viridula	N. viridula
A0A9P0MT93	1	U-01	viridula	N. viridula
A0A9P0MT99	1	U-01	viridula	N. viridula
A0A9P0E005	1	U-01	viridula	N. viridula
A0A9P0E009	4	U-04	viridula	N. viridula
A0A9P0E017	1	U-01	viridula	N. viridula
A0A9P0E021	0	unassigned	viridula	N. viridula
A0A9P0E029	1	U-01	viridula	N. viridula
A0A9P0E030	1	U-01	viridula	N. viridula
A0A9P0E031	4	U-04	viridula	N. viridula
A0A9P0E039	3	U-03	viridula	N. viridula
A0A9P0E045	1	U-01	viridula	N. viridula
A0A9P0E048	2	U-02	viridula	N. viridula
A0A9P0E050	2	U-02	viridula	N. viridula
A0A9P0E052	1	U-01	viridula	N. viridula
A0A9P0E059	0	unassigned	viridula	N. viridula
A0A9P0E062	1	U-01	viridula	N. viridula
A0A9P0E068	1	U-01	viridula	N. viridula
A0A9P0E070	2	U-02	viridula	N. viridula
A0A9P0E077	2	U-02	viridula	N. viridula
A0A9P0E085	1	U-01	viridula	N. viridula
A0A9P0E090	2	U-02	viridula	N. viridula
A0A9P0E092	2	U-02	viridula	N. viridula
A0A9P0E094	1	U-01	viridula	N. viridula
A0A9P0EBI5	1	U-01	viridula	N. viridula
A0A9P0EBI6	1	U-01	viridula	N. viridula
A0A9P0EBI7	1	U-01	viridula	N. viridula
A0A9P0EBI8	2	U-02	viridula	N. viridula
A0A9P0EBJ0	1	U-01	viridula	N. viridula
A0A9P0EBJ2	1	U-01	viridula	N. viridula
A0A9P0EBJ4	2	U-02	viridula	N. viridula
A0A9P0EBJ6	0	unassigned	viridula	N. viridula
A0A9P0EBJ7	2	U-02	viridula	N. viridula
A0A9P0EBJ8	1	U-01	viridula	N. viridula
A0A9P0EBK0	1	U-01	viridula	N. viridula
A0A9P0EBK1	1	U-01	viridula	N. viridula
A0A9P0EBK2	1	U-01	viridula	N. viridula
A0A9P0EBK3	1	U-01	viridula	N. viridula
A0A9P0EBK6	1	U-01	viridula	N. viridula
A0A9P0EBK7	2	U-02	viridula	N. viridula
A0A9P0EBL0	1	U-01	viridula	N. viridula
A0A9P0EBL1	0	unassigned	viridula	N. viridula
A0A9P0EBL4	1	U-01	viridula	N. viridula
A0A9P0EBL5	2	U-02	viridula	N. viridula
A0A9P0EBL6	1	U-01	viridula	N. viridula
A0A9P0EBL9	4	U-04	viridula	N. viridula
A0A9P0EBM0	1	U-01	viridula	N. viridula
A0A9P0EBM1	1	U-01	viridula	N. viridula
A0A9P0EBM4	2	U-02	viridula	N. viridula
A0A9P0EBM5	1	U-01	viridula	N. viridula
A0A9P0EBM8	1	U-01	viridula	N. viridula
A0A9P0EBN0	2	U-02	viridula	N. viridula
A0A9P0EBN2	0	unassigned	viridula	N. viridula
A0A9P0EBN3	2	U-02	viridula	N. viridula
A0A9P0EBN4	1	U-01	viridula	N. viridula
A0A9P0EBN5	1	U-01	viridula	N. viridula
A0A9P0EBN6	2	U-02	viridula	N. viridula
A0A9P0EBN8	1	U-01	viridula	N. viridula
A0A9P0EBP3	0	unassigned	viridula	N. viridula
A0A9P0EBP4	2	U-02	viridula	N. viridula
A0A9P0EBP6	0	unassigned	viridula	N. viridula
A0A9P0EBP7	1	U-01	viridula	N. viridula
A0A9P0EBP8	3	U-03	viridula	N. viridula
A0A9P0EBQ2	1	U-01	viridula	N. viridula
A0A9P0EBQ5	1	U-01	viridula	N. viridula
A0A9P0EBQ6	2	U-02	viridula	N. viridula
A0A9P0EBQ7	1	U-01	viridula	N. viridula
A0A9P0EBQ8	1	U-01	viridula	N. viridula
A0A9P0EBR1	0	unassigned	viridula	N. viridula
A0A9P0EBR2	2	U-02	viridula	N. viridula
A0A9P0EBR3	2	U-02	viridula	N. viridula
A0A9P0EBR5	2	U-02	viridula	N. viridula
A0A9P0EBR6	1	U-01	viridula	N. viridula
A0A9P0EBR7	1	U-01	viridula	N. viridula
A0A9P0EBR8	3	U-03	viridula	N. viridula
A0A9P0EBS6	1	U-01	viridula	N. viridula
A0A9P0EBS7	1	U-01	viridula	N. viridula
A0A9P0EBS9	0	unassigned	viridula	N. viridula
A0A9P0EBT1	1	U-01	viridula	N. viridula
A0A9P0EBT4	2	U-02	viridula	N. viridula
A0A9P0EBT5	1	U-01	viridula	N. viridula
A0A9P0EBT6	1	U-01	viridula	N. viridula
A0A9P0EBT7	1	U-01	viridula	N. viridula
A0A9P0EBT8	0	unassigned	viridula	N. viridula
A0A9P0EBU4	1	U-01	viridula	N. viridula
A0A9P0EBU5	2	U-02	viridula	N. viridula
A0A9P0EBU7	2	U-02	viridula	N. viridula
A0A9P0EBU8	1	U-01	viridula	N. viridula
A0A9P0EBV0	0	unassigned	viridula	N. viridula
A0A9P0EBV4	1	U-01	viridula	N. viridula
A0A9P0EBV6	1	U-01	viridula	N. viridula
A0A9P0EBV7	2	U-02	viridula	N. viridula
A0A9P0EBV8	0	unassigned	viridula	N. viridula
A0A9P0EBV9	0	unassigned	viridula	N. viridula
A0A9P0EBW0	2	U-02	viridula	N. viridula
A0A9P0EBW5	3	U-03	viridula	N. viridula
A0A9P0EBW8	0	unassigned	viridula	N. viridula
A0A9P0EBX0	1	U-01	viridula	N. viridula
A0A9P0EBX1	2	U-02	viridula	N. viridula
A0A9P0EBX4	1	U-01	viridula	N. viridula
A0A9P0EBX5	1	U-01	viridula	N. viridula
A0A9P0EBX7	2	U-02	viridula	N. viridula
A0A9P0EBX8	1	U-01	viridula	N. viridula
A0A9P0EBY0	2	U-02	viridula	N. viridula
A0A9P0EBY2	3	U-03	viridula	N. viridula
A0A9P0EBY3	3	U-03	viridula	N. viridula
A0A9P0EBY6	2	U-02	viridula	N. viridula
A0A9P0EBY9	2	U-02	viridula	N. viridula
A0A9P0EBZ0	2	U-02	viridula	N. viridula
A0A9P0EBZ4	0	unassigned	viridula	N. viridula
A0A9P0EBZ5	0	unassigned	viridula	N. viridula
A0A9P0EBZ6	1	U-01	viridula	N. viridula
A0A9P0EBZ9	2	U-02	viridula	N. viridula
A0A9P0EC00	1	U-01	viridula	N. viridula
A0A9P0EC07	1	U-01	viridula	N. viridula
A0A9P0EC10	3	U-03	viridula	N. viridula
A0A9P0EC12	2	U-02	viridula	N. viridula
A0A9P0EC13	2	U-02	viridula	N. viridula
A0A9P0EC15	1	U-01	viridula	N. viridula
A0A9P0EC17	1	U-01	viridula	N. viridula
A0A9P0EC23	0	unassigned	viridula	N. viridula
A0A9P0EC25	0	unassigned	viridula	N. viridula
A0A9P0EC26	0	unassigned	viridula	N. viridula
A0A9P0EC30	1	U-01	viridula	N. viridula
A0A9P0EC32	1	U-01	viridula	N. viridula
A0A9P0EC33	1	U-01	viridula	N. viridula
A0A9P0EC37	2	U-02	viridula	N. viridula
A0A9P0EC38	2	U-02	viridula	N. viridula
A0A9P0EC39	1	U-01	viridula	N. viridula
A0A9P0EC42	3	U-03	viridula	N. viridula
A0A9P0EC44	2	U-02	viridula	N. viridula
A0A9P0EC46	1	U-01	viridula	N. viridula
A0A9P0EC47	4	U-04	viridula	N. viridula
A0A9P0EC48	1	U-01	viridula	N. viridula
A0A9P0EC49	0	unassigned	viridula	N. viridula
A0A9P0EC50	1	U-01	viridula	N. viridula
A0A9P0EC56	1	U-01	viridula	N. viridula
A0A9P0EC57	1	U-01	viridula	N. viridula
A0A9P0EC59	0	unassigned	viridula	N. viridula
A0A9P0EC63	1	U-01	viridula	N. viridula
A0A9P0EC64	1	U-01	viridula	N. viridula
A0A9P0EC65	2	U-02	viridula	N. viridula
A0A9P0EC66	1	U-01	viridula	N. viridula
A0A9P0EC67	4	U-04	viridula	N. viridula
A0A9P0EC68	1	U-01	viridula	N. viridula
A0A9P0EC71	1	U-01	viridula	N. viridula
A0A9P0EC74	2	U-02	viridula	N. viridula
A0A9P0EC76	2	U-02	viridula	N. viridula
A0A9P0EC79	2	U-02	viridula	N. viridula
A0A9P0EC82	0	unassigned	viridula	N. viridula
A0A9P0EC83	2	U-02	viridula	N. viridula
A0A9P0EC85	1	U-01	viridula	N. viridula
A0A9P0EC86	3	U-03	viridula	N. viridula
A0A9P0EC88	1	U-01	viridula	N. viridula
A0A9P0EC93	1	U-01	viridula	N. viridula
A0A9P0EC94	1	U-01	viridula	N. viridula
A0A9P0EC95	2	U-02	viridula	N. viridula
A0A9P0EC96	2	U-02	viridula	N. viridula
A0A9P0EC99	0	unassigned	viridula	N. viridula
A0A9P0ECA5	0	unassigned	viridula	N. viridula
A0A9P0ECA7	1	U-01	viridula	N. viridula
A0A9P0ECB0	1	U-01	viridula	N. viridula
A0A9P0ECB4	1	U-01	viridula	N. viridula
A0A9P0ECB6	1	U-01	viridula	N. viridula
A0A9P0ECB8	1	U-01	viridula	N. viridula
A0A9P0ECB9	1	U-01	viridula	N. viridula
A0A9P0ECC0	4	U-04	viridula	N. viridula
A0A9P0ECC1	2	U-02	viridula	N. viridula
A0A9P0ECC2	1	U-01	viridula	N. viridula
A0A9P0ECC9	1	U-01	viridula	N. viridula
A0A9P0ECD0	3	U-03	viridula	N. viridula
A0A9P0ECD2	2	U-02	viridula	N. viridula
A0A9P0ECD6	0	unassigned	viridula	N. viridula
A0A9P0ECD7	1	U-01	viridula	N. viridula
A0A9P0ECD9	2	U-02	viridula	N. viridula
A0A9P0ECE0	1	U-01	viridula	N. viridula
A0A9P0ECE1	1	U-01	viridula	N. viridula
A0A9P0ECE4	1	U-01	viridula	N. viridula
A0A9P0ECE6	2	U-02	viridula	N. viridula
A0A9P0ECF0	2	U-02	viridula	N. viridula
A0A9P0ECF2	2	U-02	viridula	N. viridula
A0A9P0ECF3	1	U-01	viridula	N. viridula
A0A9P0ECF5	0	unassigned	viridula	N. viridula
A0A9P0ECF9	1	U-01	viridula	N. viridula
A0A9P0ECG0	0	unassigned	viridula	N. viridula
A0A9P0ECG2	2	U-02	viridula	N. viridula
A0A9P0ECG4	1	U-01	viridula	N. viridula
A0A9P0ECG5	0	unassigned	viridula	N. viridula
A0A9P0ECG8	2	U-02	viridula	N. viridula
A0A9P0ECH0	1	U-01	viridula	N. viridula
A0A9P0ECH1	1	U-01	viridula	N. viridula
A0A9P0ECH3	1	U-01	viridula	N. viridula
A0A9P0ECH4	2	U-02	viridula	N. viridula
A0A9P0ECH7	1	U-01	viridula	N. viridula
A0A9P0ECH9	1	U-01	viridula	N. viridula
A0A9P0ECI4	2	U-02	viridula	N. viridula
A0A9P0ECI9	2	U-02	viridula	N. viridula
A0A9P0ECJ0	1	U-01	viridula	N. viridula
A0A9P0ECJ5	2	U-02	viridula	N. viridula
A0A9P0ECJ6	2	U-02	viridula	N. viridula
A0A9P0ECJ8	3	U-03	viridula	N. viridula
A0A9P0ECJ9	1	U-01	viridula	N. viridula
A0A9P0ECK0	1	U-01	viridula	N. viridula
A0A9P0ECK1	1	U-01	viridula	N. viridula
A0A9P0ECK3	1	U-01	viridula	N. viridula
A0A9P0ECK6	3	U-03	viridula	N. viridula
A0A9P0ECK8	1	U-01	viridula	N. viridula
A0A9P0ECL0	1	U-01	viridula	N. viridula
A0A9P0ECL1	0	unassigned	viridula	N. viridula
A0A9P0ECL8	0	unassigned	viridula	N. viridula
A0A9P0ECM1	2	U-02	viridula	N. viridula
A0A9P0ECM2	4	U-04	viridula	N. viridula
A0A9P0ECM5	4	U-04	viridula	N. viridula
A0A9P0ECM6	1	U-01	viridula	N. viridula
A0A9P0ECM8	1	U-01	viridula	N. viridula
A0A9P0ECN0	4	U-04	viridula	N. viridula
A0A9P0ECN3	2	U-02	viridula	N. viridula
A0A9P0ECN4	2	U-02	viridula	N. viridula
A0A9P0ECN5	1	U-01	viridula	N. viridula
A0A9P0ECN7	1	U-01	viridula	N. viridula
A0A9P0ECP4	0	unassigned	viridula	N. viridula
A0A9P0ECP5	1	U-01	viridula	N. viridula
A0A9P0ECP6	1	U-01	viridula	N. viridula
A0A9P0ECP8	1	U-01	viridula	N. viridula
A0A9P0ECP9	0	unassigned	viridula	N. viridula
A0A9P0ECQ0	1	U-01	viridula	N. viridula
A0A9P0ECQ1	1	U-01	viridula	N. viridula
A0A9P0ECQ4	1	U-01	viridula	N. viridula
A0A9P0ECQ5	2	U-02	viridula	N. viridula
A0A9P0ECQ6	1	U-01	viridula	N. viridula
A0A9P0ECR0	1	U-01	viridula	N. viridula
A0A9P0ECR7	1	U-01	viridula	N. viridula
A0A9P0ECR8	1	U-01	viridula	N. viridula
A0A9P0ECS1	1	U-01	viridula	N. viridula
A0A9P0ECS2	1	U-01	viridula	N. viridula
A0A9P0ECS6	0	unassigned	viridula	N. viridula
A0A9P0ECS7	2	U-02	viridula	N. viridula
A0A9P0ECS8	0	unassigned	viridula	N. viridula
A0A9P0ECS9	2	U-02	viridula	N. viridula
A0A9P0ECT5	1	U-01	viridula	N. viridula
A0A9P0ECT6	1	U-01	viridula	N. viridula
A0A9P0ECT7	1	U-01	viridula	N. viridula
A0A9P0ECT9	2	U-02	viridula	N. viridula
A0A9P0ECU1	1	U-01	viridula	N. viridula
A0A9P0ECU6	1	U-01	viridula	N. viridula
A0A9P0ECU8	2	U-02	viridula	N. viridula
A0A9P0ECV1	3	U-03	viridula	N. viridula
A0A9P0ECV4	2	U-02	viridula	N. viridula
A0A9P0ECV5	2	U-02	viridula	N. viridula
A0A9P0ECV6	1	U-01	viridula	N. viridula
A0A9P0ECW0	1	U-01	viridula	N. viridula
A0A9P0ECW1	1	U-01	viridula	N. viridula
A0A9P0ECW4	1	U-01	viridula	N. viridula
A0A9P0ECW5	2	U-02	viridula	N. viridula
A0A9P0ECX0	1	U-01	viridula	N. viridula
A0A9P0ECX1	4	U-04	viridula	N. viridula
A0A9P0ECX2	1	U-01	viridula	N. viridula
A0A9P0ECX5	1	U-01	viridula	N. viridula
A0A9P0ECX8	1	U-01	viridula	N. viridula
A0A9P0ECY1	2	U-02	viridula	N. viridula
A0A9P0ECY3	2	U-02	viridula	N. viridula
A0A9P0ECY4	4	U-04	viridula	N. viridula
A0A9P0ECY5	2	U-02	viridula	N. viridula
A0A9P0ECY9	1	U-01	viridula	N. viridula
A0A9P0ECZ1	1	U-01	viridula	N. viridula
A0A9P0ECZ2	1	U-01	viridula	N. viridula
A0A9P0ECZ3	1	U-01	viridula	N. viridula
A0A9P0ECZ4	1	U-01	viridula	N. viridula
A0A9P0ECZ6	1	U-01	viridula	N. viridula
A0A9P0ECZ8	1	U-01	viridula	N. viridula
A0A9P0ED01	0	unassigned	viridula	N. viridula
A0A9P0ED02	1	U-01	viridula	N. viridula
A0A9P0ED05	1	U-01	viridula	N. viridula
A0A9P0ED07	1	U-01	viridula	N. viridula
A0A9P0ED08	2	U-02	viridula	N. viridula
A0A9P0ED09	1	U-01	viridula	N. viridula
A0A9P0ED13	1	U-01	viridula	N. viridula
A0A9P0ED14	0	unassigned	viridula	N. viridula
A0A9P0ED15	3	U-03	viridula	N. viridula
A0A9P0ED17	1	U-01	viridula	N. viridula
A0A9P0ED20	3	U-03	viridula	N. viridula
A0A9P0ED22	1	U-01	viridula	N. viridula
A0A9P0ED23	2	U-02	viridula	N. viridula
A0A9P0ED27	1	U-01	viridula	N. viridula
A0A9P0ED30	1	U-01	viridula	N. viridula
A0A9P0ED34	1	U-01	viridula	N. viridula
A0A9P0ED41	2	U-02	viridula	N. viridula
A0A9P0ED42	1	U-01	viridula	N. viridula
A0A9P0ED43	1	U-01	viridula	N. viridula
A0A9P0ED44	2	U-02	viridula	N. viridula
A0A9P0ED45	1	U-01	viridula	N. viridula
A0A9P0ED50	1	U-01	viridula	N. viridula
A0A9P0ED53	0	unassigned	viridula	N. viridula
A0A9P0ED57	2	U-02	viridula	N. viridula
A0A9P0ED60	1	U-01	viridula	N. viridula
A0A9P0ED62	1	U-01	viridula	N. viridula
A0A9P0ED66	1	U-01	viridula	N. viridula
A0A9P0ED69	1	U-01	viridula	N. viridula
A0A9P0ED70	2	U-02	viridula	N. viridula
A0A9P0ED71	1	U-01	viridula	N. viridula
A0A9P0ED72	1	U-01	viridula	N. viridula
A0A9P0ED75	3	U-03	viridula	N. viridula
A0A9P0ED77	1	U-01	viridula	N. viridula
A0A9P0ED80	2	U-02	viridula	N. viridula
A0A9P0ED81	2	U-02	viridula	N. viridula
A0A9P0ED83	2	U-02	viridula	N. viridula
A0A9P0ED85	1	U-01	viridula	N. viridula
A0A9P0ED88	1	U-01	viridula	N. viridula
A0A9P0ED89	2	U-02	viridula	N. viridula
A0A9P0ED91	1	U-01	viridula	N. viridula
A0A9P0ED92	1	U-01	viridula	N. viridula
A0A9P0ED94	2	U-02	viridula	N. viridula
A0A9P0ED95	1	U-01	viridula	N. viridula
A0A9P0ED97	1	U-01	viridula	N. viridula
A0A9P0ED98	1	U-01	viridula	N. viridula
A0A9P0EDA0	1	U-01	viridula	N. viridula
A0A9P0EDA2	1	U-01	viridula	N. viridula
A0A9P0EDA4	1	U-01	viridula	N. viridula
A0A9P0EDA5	1	U-01	viridula	N. viridula
A0A9P0EDA7	1	U-01	viridula	N. viridula
A0A9P0EDA8	1	U-01	viridula	N. viridula
A0A9P0EDB1	1	U-01	viridula	N. viridula
A0A9P0EDB3	3	U-03	viridula	N. viridula
A0A9P0EDB5	2	U-02	viridula	N. viridula
A0A9P0H481	1	U-01	viridula	N. viridula
A0A9P0H482	1	U-01	viridula	N. viridula
A0A9P0H485	1	U-01	viridula	N. viridula
A0A9P0H487	1	U-01	viridula	N. viridula
A0A9P0H488	1	U-01	viridula	N. viridula
A0A9P0H489	2	U-02	viridula	N. viridula
A0A9P0H490	1	U-01	viridula	N. viridula
A0A9P0H491	4	U-04	viridula	N. viridula
A0A9P0H492	0	unassigned	viridula	N. viridula
A0A9P0H496	2	U-02	viridula	N. viridula
A0A9P0H497	0	unassigned	viridula	N. viridula
A0A9P0H498	2	U-02	viridula	N. viridula
A0A9P0H499	1	U-01	viridula	N. viridula
A0A9P0H4A0	1	U-01	viridula	N. viridula
A0A9P0H4A2	2	U-02	viridula	N. viridula
A0A9P0H4A3	0	unassigned	viridula	N. viridula
A0A9P0H4A4	1	U-01	viridula	N. viridula
A0A9P0H4A6	2	U-02	viridula	N. viridula
A0A9P0H4A8	0	unassigned	viridula	N. viridula
A0A9P0H4A9	1	U-01	viridula	N. viridula
A0A9P0H4B2	1	U-01	viridula	N. viridula
A0A9P0H4B3	2	U-02	viridula	N. viridula
A0A9P0H4B4	1	U-01	viridula	N. viridula
A0A9P0H4B6	1	U-01	viridula	N. viridula
A0A9P0H4B9	1	U-01	viridula	N. viridula
A0A9P0H4C0	1	U-01	viridula	N. viridula
A0A9P0H4C2	1	U-01	viridula	N. viridula
A0A9P0H4C3	0	unassigned	viridula	N. viridula
A0A9P0H4C4	2	U-02	viridula	N. viridula
A0A9P0H4C6	3	U-03	viridula	N. viridula
A0A9P0H4C7	3	U-03	viridula	N. viridula
A0A9P0H4C9	1	U-01	viridula	N. viridula
A0A9P0H4D1	1	U-01	viridula	N. viridula
A0A9P0H4D2	2	U-02	viridula	N. viridula
A0A9P0H4D4	1	U-01	viridula	N. viridula
A0A9P0H4D8	2	U-02	viridula	N. viridula
A0A9P0H4E0	2	U-02	viridula	N. viridula
A0A9P0H4E1	2	U-02	viridula	N. viridula
A0A9P0H4E2	1	U-01	viridula	N. viridula
A0A9P0H4E3	3	U-03	viridula	N. viridula
A0A9P0H4E4	2	U-02	viridula	N. viridula
A0A9P0H4E5	0	unassigned	viridula	N. viridula
A0A9P0H4E7	1	U-01	viridula	N. viridula
A0A9P0H4E8	0	unassigned	viridula	N. viridula
A0A9P0H4E9	1	U-01	viridula	N. viridula
A0A9P0H4F2	0	unassigned	viridula	N. viridula
A0A9P0H4F3	2	U-02	viridula	N. viridula
A0A9P0H4F4	2	U-02	viridula	N. viridula
A0A9P0H4F7	4	U-04	viridula	N. viridula
A0A9P0H4F8	2	U-02	viridula	N. viridula
A0A9P0H4G0	0	unassigned	viridula	N. viridula
A0A9P0H4H0	2	U-02	viridula	N. viridula
A0A9P0H4H1	3	U-03	viridula	N. viridula
A0A9P0H4H2	0	unassigned	viridula	N. viridula
A0A9P0H4H3	3	U-03	viridula	N. viridula
A0A9P0H4H5	1	U-01	viridula	N. viridula
A0A9P0H4H6	2	U-02	viridula	N. viridula
A0A9P0H4H7	3	U-03	viridula	N. viridula
A0A9P0H4H8	1	U-01	viridula	N. viridula
A0A9P0H4H9	2	U-02	viridula	N. viridula
A0A9P0H4I0	0	unassigned	viridula	N. viridula
A0A9P0H4I3	4	U-04	viridula	N. viridula
A0A9P0H4I4	1	U-01	viridula	N. viridula
A0A9P0H4I6	2	U-02	viridula	N. viridula
A0A9P0H4I8	2	U-02	viridula	N. viridula
A0A9P0H4I9	1	U-01	viridula	N. viridula
A0A9P0H4J2	1	U-01	viridula	N. viridula
A0A9P0H4J4	0	unassigned	viridula	N. viridula
A0A9P0H4J9	1	U-01	viridula	N. viridula
A0A9P0H4K0	1	U-01	viridula	N. viridula
A0A9P0H4K1	2	U-02	viridula	N. viridula
A0A9P0H4K2	2	U-02	viridula	N. viridula
A0A9P0H4K3	1	U-01	viridula	N. viridula
A0A9P0H4K4	3	U-03	viridula	N. viridula
A0A9P0H4K5	1	U-01	viridula	N. viridula
A0A9P0H4K6	1	U-01	viridula	N. viridula
A0A9P0H4K7	1	U-01	viridula	N. viridula
A0A9P0H4K8	1	U-01	viridula	N. viridula
A0A9P0H4K9	2	U-02	viridula	N. viridula
A0A9P0H4L0	0	unassigned	viridula	N. viridula
A0A9P0H4L1	1	U-01	viridula	N. viridula
A0A9P0H4L2	1	U-01	viridula	N. viridula
A0A9P0H4L4	2	U-02	viridula	N. viridula
A0A9P0H4L6	2	U-02	viridula	N. viridula
A0A9P0H4L7	1	U-01	viridula	N. viridula
A0A9P0H4L8	1	U-01	viridula	N. viridula
A0A9P0H4M1	2	U-02	viridula	N. viridula
A0A9P0H4M2	1	U-01	viridula	N. viridula
A0A9P0H4M4	1	U-01	viridula	N. viridula
A0A9P0H4N0	2	U-02	viridula	N. viridula
A0A9P0H4N1	2	U-02	viridula	N. viridula
A0A9P0H4N2	2	U-02	viridula	N. viridula
A0A9P0H4N5	1	U-01	viridula	N. viridula
A0A9P0H4N6	1	U-01	viridula	N. viridula
A0A9P0H4N8	1	U-01	viridula	N. viridula
A0A9P0H4N9	2	U-02	viridula	N. viridula
A0A9P0H4P1	2	U-02	viridula	N. viridula
A0A9P0H4P2	3	U-03	viridula	N. viridula
A0A9P0H4P3	2	U-02	viridula	N. viridula
A0A9P0H4P4	1	U-01	viridula	N. viridula
A0A9P0H4P6	0	unassigned	viridula	N. viridula
A0A9P0H4P7	1	U-01	viridula	N. viridula
A0A9P0H4P9	1	U-01	viridula	N. viridula
A0A9P0H4Q0	1	U-01	viridula	N. viridula
A0A9P0H4Q1	1	U-01	viridula	N. viridula
A0A9P0H4Q2	1	U-01	viridula	N. viridula
A0A9P0H4Q3	4	U-04	viridula	N. viridula
A0A9P0H4Q5	2	U-02	viridula	N. viridula
A0A9P0H4Q6	1	U-01	viridula	N. viridula
A0A9P0H4Q7	0	unassigned	viridula	N. viridula
A0A9P0H4R0	2	U-02	viridula	N. viridula
A0A9P0H4R2	2	U-02	viridula	N. viridula
A0A9P0H4R4	1	U-01	viridula	N. viridula
A0A9P0H4R5	1	U-01	viridula	N. viridula
A0A9P0H4R9	1	U-01	viridula	N. viridula
A0A9P0H4S1	0	unassigned	viridula	N. viridula
A0A9P0H4S4	2	U-02	viridula	N. viridula
A0A9P0H4S7	3	U-03	viridula	N. viridula
A0A9P0H4S9	2	U-02	viridula	N. viridula
A0A9P0H4T1	2	U-02	viridula	N. viridula
A0A9P0H4T4	1	U-01	viridula	N. viridula
A0A9P0H4T5	0	unassigned	viridula	N. viridula
A0A9P0H4T6	2	U-02	viridula	N. viridula
A0A9P0H4T7	0	unassigned	viridula	N. viridula
A0A9P0H4T9	2	U-02	viridula	N. viridula
A0A9P0H4U3	2	U-02	viridula	N. viridula
A0A9P0H4U4	3	U-03	viridula	N. viridula
A0A9P0H4U5	2	U-02	viridula	N. viridula
A0A9P0H4U6	1	U-01	viridula	N. viridula
A0A9P0H4U7	0	unassigned	viridula	N. viridula
A0A9P0H4U8	3	U-03	viridula	N. viridula
A0A9P0H4U9	2	U-02	viridula	N. viridula
A0A9P0H4V0	2	U-02	viridula	N. viridula
A0A9P0HK15	1	U-01	viridula	N. viridula
A0A9P0HK31	1	U-01	viridula	N. viridula
A0A9P0HK93	0	unassigned	viridula	N. viridula
A0A9P0HKD4	1	U-01	viridula	N. viridula
A0A9P0HKF3	1	U-01	viridula	N. viridula
A0A9P0HKN0	1	U-01	viridula	N. viridula
A0A9P0HKY6	1	U-01	viridula	N. viridula
A0A9P0HL47	1	U-01	viridula	N. viridula
A0A9P0HL53	1	U-01	viridula	N. viridula
A0A9P0HLA2	1	U-01	viridula	N. viridula
A0A9P0HLB2	1	U-01	viridula	N. viridula
A0A9P0HLM9	1	U-01	viridula	N. viridula
A0A9P0HLN6	1	U-01	viridula	N. viridula
A0A9P0HLQ2	1	U-01	viridula	N. viridula
A0A9P0HLS1	3	U-03	viridula	N. viridula
A0A9P0HLU6	1	U-01	viridula	N. viridula
A0A9P0HLX3	1	U-01	viridula	N. viridula
A0A9P0HM35	1	U-01	viridula	N. viridula
A0A9P0HM44	3	U-03	viridula	N. viridula
A0A9P0HM64	1	U-01	viridula	N. viridula
A0A9P0HM89	1	U-01	viridula	N. viridula
A0A9P0HMB1	1	U-01	viridula	N. viridula
A0A9P0HMB6	1	U-01	viridula	N. viridula
A0A9P0HMI9	1	U-01	viridula	N. viridula
A0A9P0HMJ5	1	U-01	viridula	N. viridula
A0A9P0HMN7	1	U-01	viridula	N. viridula
A0A9P0HMX7	3	U-03	viridula	N. viridula
A0A9P0HN01	1	U-01	viridula	N. viridula
A0A9P0HN49	1	U-01	viridula	N. viridula
A0A9P0HN71	1	U-01	viridula	N. viridula
A0A9P0HND0	3	U-03	viridula	N. viridula
A0A9P0HNG1	1	U-01	viridula	N. viridula
A0A9P0HNH0	1	U-01	viridula	N. viridula
A0A9P0HNS2	1	U-01	viridula	N. viridula
A0A9P0HNY5	1	U-01	viridula	N. viridula
A0A9P0HP02	1	U-01	viridula	N. viridula
A0A9P0HP43	1	U-01	viridula	N. viridula
A0A9P0HP49	1	U-01	viridula	N. viridula
A0A9P0HP89	1	U-01	viridula	N. viridula
A0A9P0HPL6	1	U-01	viridula	N. viridula
A0A9P0HPM6	3	U-03	viridula	N. viridula
A0A9P0HPN6	1	U-01	viridula	N. viridula
A0A9P0HPP3	3	U-03	viridula	N. viridula
A0A9P0HPS2	1	U-01	viridula	N. viridula
A0A9P0HQ06	3	U-03	viridula	N. viridula
A0A9P0HQ10	1	U-01	viridula	N. viridula
A0A9P0HQ30	1	U-01	viridula	N. viridula
A0A9P0HQ44	4	U-04	viridula	N. viridula
A0A9P0HQ88	4	U-04	viridula	N. viridula
A0A9P0HQ92	1	U-01	viridula	N. viridula
A0A9P0HQB4	1	U-01	viridula	N. viridula
A0A9P0HQN5	1	U-01	viridula	N. viridula
A0A9P0HQP2	1	U-01	viridula	N. viridula
A0A9P0HQX7	1	U-01	viridula	N. viridula
A0A9P0HQY5	3	U-03	viridula	N. viridula
A0A9P0HR33	1	U-01	viridula	N. viridula
A0A9P0HR50	3	U-03	viridula	N. viridula
A0A9P0HR53	1	U-01	viridula	N. viridula
A0A9P0HR91	1	U-01	viridula	N. viridula
A0A9P0HRL8	1	U-01	viridula	N. viridula
A0A9P0HRM9	1	U-01	viridula	N. viridula
A0A9P0HRR4	1	U-01	viridula	N. viridula
A0A9P0HRS5	1	U-01	viridula	N. viridula
A0A9P0HRT0	1	U-01	viridula	N. viridula
A0A9P0HRW7	1	U-01	viridula	N. viridula
A0A9P0HRX9	1	U-01	viridula	N. viridula
A0A9P0HS22	4	U-04	viridula	N. viridula
A0A9P0HS30	1	U-01	viridula	N. viridula
A0A9P0HS34	1	U-01	viridula	N. viridula
A0A9P0HSE2	1	U-01	viridula	N. viridula
A0A9P0HSJ6	1	U-01	viridula	N. viridula
A0A9P0HSK0	1	U-01	viridula	N. viridula
A0A9P0HSN8	1	U-01	viridula	N. viridula
A0A9P0HSQ2	0	unassigned	viridula	N. viridula
A0A9P0HSQ7	4	U-04	viridula	N. viridula
A0A9P0HSZ4	1	U-01	viridula	N. viridula
A0A9P0HT62	4	U-04	viridula	N. viridula
A0A9P0HT63	4	U-04	viridula	N. viridula
A0A9P0HT82	1	U-01	viridula	N. viridula
A0A9P0HTD8	1	U-01	viridula	N. viridula
A0A9P0HTJ2	1	U-01	viridula	N. viridula
A0A9P0HTQ2	1	U-01	viridula	N. viridula
A0A9P0HU00	4	U-04	viridula	N. viridula
A0A9P0HU27	3	U-03	viridula	N. viridula
A0A9P0HU66	1	U-01	viridula	N. viridula
A0A9P0HU82	1	U-01	viridula	N. viridula
A0A9P0HU90	3	U-03	viridula	N. viridula
A0A9P0HUA8	1	U-01	viridula	N. viridula
A0A9P0HUD4	1	U-01	viridula	N. viridula
A0A9P0HUG0	4	U-04	viridula	N. viridula
A0A9P0HUG6	1	U-01	viridula	N. viridula
A0A9P0HUK5	4	U-04	viridula	N. viridula
A0A9P0HUR7	1	U-01	viridula	N. viridula
A0A9P0HUU2	1	U-01	viridula	N. viridula
A0A9P0HUU8	1	U-01	viridula	N. viridula
A0A9P0HV34	1	U-01	viridula	N. viridula
A0A9P0HV55	1	U-01	viridula	N. viridula
A0A9P0HV67	1	U-01	viridula	N. viridula
A0A9P0H9F0	3	U-03	viridula	N. viridula
A0A9P0H9F1	1	U-01	viridula	N. viridula
A0A9P0H9F4	1	U-01	viridula	N. viridula
A0A9P0H9F5	1	U-01	viridula	N. viridula
A0A9P0H9F6	3	U-03	viridula	N. viridula
A0A9P0H9F9	1	U-01	viridula	N. viridula
A0A9P0H9G1	4	U-04	viridula	N. viridula
A0A9P0H9G4	1	U-01	viridula	N. viridula
A0A9P0H9H0	0	unassigned	viridula	N. viridula
A0A9P0H9H1	1	U-01	viridula	N. viridula
A0A9P0H9H3	1	U-01	viridula	N. viridula
A0A9P0H9H4	3	U-03	viridula	N. viridula
A0A9P0H9H7	1	U-01	viridula	N. viridula
A0A9P0H9H9	1	U-01	viridula	N. viridula
A0A9P0H9I3	3	U-03	viridula	N. viridula
A0A9P0H9I8	1	U-01	viridula	N. viridula
A0A9P0H9I9	0	unassigned	viridula	N. viridula
A0A9P0H9J0	1	U-01	viridula	N. viridula
A0A9P0H9K2	3	U-03	viridula	N. viridula
A0A9P0H9K5	1	U-01	viridula	N. viridula
A0A9P0H9K9	1	U-01	viridula	N. viridula
A0A9P0H9L0	1	U-01	viridula	N. viridula
A0A9P0H9L5	1	U-01	viridula	N. viridula
A0A9P0H9L8	0	unassigned	viridula	N. viridula
A0A9P0H9M1	1	U-01	viridula	N. viridula
A0A9P0H9M3	1	U-01	viridula	N. viridula
A0A9P0H9M8	3	U-03	viridula	N. viridula
A0A9P0H9N4	0	unassigned	viridula	N. viridula
A0A9P0H9N5	1	U-01	viridula	N. viridula
A0A9P0H9N6	4	U-04	viridula	N. viridula
A0A9P0H9N8	1	U-01	viridula	N. viridula
A0A9P0H9P0	1	U-01	viridula	N. viridula
A0A9P0H9P1	4	U-04	viridula	N. viridula
A0A9P0H9P2	1	U-01	viridula	N. viridula
A0A9P0H9Q0	1	U-01	viridula	N. viridula
A0A9P0H9Q1	1	U-01	viridula	N. viridula
A0A9P0H9Q3	0	unassigned	viridula	N. viridula
A0A9P0H9Q5	0	unassigned	viridula	N. viridula
A0A9P0H9R2	0	unassigned	viridula	N. viridula
A0A9P0H9R6	1	U-01	viridula	N. viridula
A0A9P0H9S0	1	U-01	viridula	N. viridula
A0A9P0H9S4	1	U-01	viridula	N. viridula
A0A9P0H9S5	1	U-01	viridula	N. viridula
A0A9P0H9S6	1	U-01	viridula	N. viridula
A0A9P0H9S9	1	U-01	viridula	N. viridula
A0A9P0H9T1	0	unassigned	viridula	N. viridula
A0A9P0H9T5	0	unassigned	viridula	N. viridula
A0A9P0H9T7	1	U-01	viridula	N. viridula
A0A9P0H9T8	3	U-03	viridula	N. viridula
A0A9P0H9U0	1	U-01	viridula	N. viridula
A0A9P0H9U3	4	U-04	viridula	N. viridula
A0A9P0H9U4	0	unassigned	viridula	N. viridula
A0A9P0H9U6	1	U-01	viridula	N. viridula
A0A9P0H9U8	3	U-03	viridula	N. viridula
A0A9P0H9V0	3	U-03	viridula	N. viridula
A0A9P0H9V4	1	U-01	viridula	N. viridula
A0A9P0H9V5	1	U-01	viridula	N. viridula
A0A9P0H9W0	4	U-04	viridula	N. viridula
A0A9P0H9W5	1	U-01	viridula	N. viridula
A0A9P0H9W6	1	U-01	viridula	N. viridula
A0A9P0H9X0	0	unassigned	viridula	N. viridula
A0A9P0H9X2	1	U-01	viridula	N. viridula
A0A9P0H9X4	1	U-01	viridula	N. viridula
A0A9P0H9X5	1	U-01	viridula	N. viridula
A0A9P0H9X9	1	U-01	viridula	N. viridula
A0A9P0H9Y0	1	U-01	viridula	N. viridula
A0A9P0H9Y2	0	unassigned	viridula	N. viridula
A0A9P0H9Z1	0	unassigned	viridula	N. viridula
A0A9P0H9Z3	4	U-04	viridula	N. viridula
A0A9P0HN84	3	U-03	viridula	N. viridula
A0A9P0HN86	1	U-01	viridula	N. viridula
A0A9P0HN88	1	U-01	viridula	N. viridula
A0A9P0HN92	1	U-01	viridula	N. viridula
A0A9P0HN94	1	U-01	viridula	N. viridula
A0A9P0HN96	0	unassigned	viridula	N. viridula
A0A9P0HN97	0	unassigned	viridula	N. viridula
A0A9P0HN98	1	U-01	viridula	N. viridula
A0A9P0HNA6	3	U-03	viridula	N. viridula
A0A9P0HNA9	0	unassigned	viridula	N. viridula
A0A9P0HNB3	3	U-03	viridula	N. viridula
A0A9P0HNB8	4	U-04	viridula	N. viridula
A0A9P0HNB9	1	U-01	viridula	N. viridula
A0A9P0HNC0	3	U-03	viridula	N. viridula
A0A9P0HNC2	1	U-01	viridula	N. viridula
A0A9P0HND4	3	U-03	viridula	N. viridula
A0A9P0HND7	1	U-01	viridula	N. viridula
A0A9P0HNE0	1	U-01	viridula	N. viridula
A0A9P0HNE6	0	unassigned	viridula	N. viridula
A0A9P0HNE7	1	U-01	viridula	N. viridula
A0A9P0HNE8	1	U-01	viridula	N. viridula
A0A9P0HNF0	1	U-01	viridula	N. viridula
A0A9P0HNF2	3	U-03	viridula	N. viridula
A0A9P0HNF5	1	U-01	viridula	N. viridula
A0A9P0HNF6	1	U-01	viridula	N. viridula
A0A9P0HNG4	1	U-01	viridula	N. viridula
A0A9P0HNG6	4	U-04	viridula	N. viridula
A0A9P0HNG7	1	U-01	viridula	N. viridula
A0A9P0HNG9	4	U-04	viridula	N. viridula
A0A9P0HNH2	4	U-04	viridula	N. viridula
A0A9P0HNH6	1	U-01	viridula	N. viridula
A0A9P0HNH8	3	U-03	viridula	N. viridula
A0A9P0HNH9	1	U-01	viridula	N. viridula
A0A9P0HNI7	4	U-04	viridula	N. viridula
A0A9P0HNJ5	1	U-01	viridula	N. viridula
A0A9P0HNJ6	3	U-03	viridula	N. viridula
A0A9P0HNK1	1	U-01	viridula	N. viridula
A0A9P0HNK8	1	U-01	viridula	N. viridula
A0A9P0HNK9	3	U-03	viridula	N. viridula
A0A9P0HNL0	4	U-04	viridula	N. viridula
A0A9P0HNL3	1	U-01	viridula	N. viridula
A0A9P0HNL9	4	U-04	viridula	N. viridula
A0A9P0HNM1	1	U-01	viridula	N. viridula
A0A9P0HNM6	1	U-01	viridula	N. viridula
A0A9P0HNM7	1	U-01	viridula	N. viridula
A0A9P0HNM8	4	U-04	viridula	N. viridula
A0A9P0HNM9	1	U-01	viridula	N. viridula
A0A9P0HNN1	1	U-01	viridula	N. viridula
A0A9P0HNN5	1	U-01	viridula	N. viridula
A0A9P0HNN6	1	U-01	viridula	N. viridula
A0A9P0HNP1	0	unassigned	viridula	N. viridula
A0A9P0HNP5	1	U-01	viridula	N. viridula
A0A9P0HNP6	1	U-01	viridula	N. viridula
A0A9P0HNP9	1	U-01	viridula	N. viridula
A0A9P0HNQ2	1	U-01	viridula	N. viridula
A0A9P0HNQ7	0	unassigned	viridula	N. viridula
A0A9P0HNQ8	1	U-01	viridula	N. viridula
A0A9P0HNR0	1	U-01	viridula	N. viridula
A0A9P0HNR5	1	U-01	viridula	N. viridula
A0A9P0HNR8	1	U-01	viridula	N. viridula
A0A9P0HNS5	3	U-03	viridula	N. viridula
A0A9P0HNS6	1	U-01	viridula	N. viridula
A0A9P0HNT3	1	U-01	viridula	N. viridula
A0A9P0HNT4	4	U-04	viridula	N. viridula
A0A9P0HNT8	1	U-01	viridula	N. viridula
A0A9P0HNT9	1	U-01	viridula	N. viridula
A0A9P0HNU0	0	unassigned	viridula	N. viridula
A0A9P0HNU1	3	U-03	viridula	N. viridula
A0A9P0HNU2	1	U-01	viridula	N. viridula
A0A9P0HNU3	4	U-04	viridula	N. viridula
A0A9P0HNU7	4	U-04	viridula	N. viridula
A0A9P0HNV3	1	U-01	viridula	N. viridula
A0A9P0HNV6	1	U-01	viridula	N. viridula
A0A9P0HNW0	1	U-01	viridula	N. viridula
A0A9P0HNW8	1	U-01	viridula	N. viridula
A0A9P0HNW9	1	U-01	viridula	N. viridula
A0A9P0HNX6	1	U-01	viridula	N. viridula
A0A9P0HNY3	1	U-01	viridula	N. viridula
A0A9P0HNY6	1	U-01	viridula	N. viridula
A0A9P0HNY7	1	U-01	viridula	N. viridula
A0A9P0HNY8	4	U-04	viridula	N. viridula
A0A9P0HNZ0	1	U-01	viridula	N. viridula
A0A9P0HNZ5	0	unassigned	viridula	N. viridula
A0A9P0HNZ6	1	U-01	viridula	N. viridula
A0A9P0HP00	1	U-01	viridula	N. viridula
A0A9P0HP01	1	U-01	viridula	N. viridula
A0A9P0HP06	1	U-01	viridula	N. viridula
A0A9P0HP07	1	U-01	viridula	N. viridula
A0A9P0HP08	1	U-01	viridula	N. viridula
A0A9P0HP11	3	U-03	viridula	N. viridula
A0A9P0HP12	4	U-04	viridula	N. viridula
A0A9P0HP15	1	U-01	viridula	N. viridula
A0A9P0HP16	1	U-01	viridula	N. viridula
A0A9P0HUX9	1	U-01	viridula	N. viridula
A0A9P0HUY7	4	U-04	viridula	N. viridula
A0A9P0HUZ1	1	U-01	viridula	N. viridula
A0A9P0HUZ2	1	U-01	viridula	N. viridula
A0A9P0HV03	1	U-01	viridula	N. viridula
A0A9P0HV17	1	U-01	viridula	N. viridula
A0A9P0HV25	1	U-01	viridula	N. viridula
A0A9P0GZX3	1	U-01	viridula	N. viridula
A0A9P0GZX5	0	unassigned	viridula	N. viridula
A0A9P0GZY0	1	U-01	viridula	N. viridula
A0A9P0GZY5	1	U-01	viridula	N. viridula
A0A9P0GZY7	1	U-01	viridula	N. viridula
A0A9P0GZZ1	4	U-04	viridula	N. viridula
A0A9P0GZZ5	1	U-01	viridula	N. viridula
A0A9P0GZZ6	1	U-01	viridula	N. viridula
A0A9P0GZZ7	1	U-01	viridula	N. viridula
A0A9P0H000	0	unassigned	viridula	N. viridula
A0A9P0H002	0	unassigned	viridula	N. viridula
A0A9P0H005	0	unassigned	viridula	N. viridula
A0A9P0H006	1	U-01	viridula	N. viridula
A0A9P0H011	1	U-01	viridula	N. viridula
A0A9P0H019	2	U-02	viridula	N. viridula
A0A9P0H024	0	unassigned	viridula	N. viridula
A0A9P0H027	1	U-01	viridula	N. viridula
A0A9P0H029	0	unassigned	viridula	N. viridula
A0A9P0H030	2	U-02	viridula	N. viridula
A0A9P0H033	1	U-01	viridula	N. viridula
A0A9P0H034	0	unassigned	viridula	N. viridula
A0A9P0H038	2	U-02	viridula	N. viridula
A0A9P0H043	2	U-02	viridula	N. viridula
A0A9P0H044	1	U-01	viridula	N. viridula
A0A9P0H050	0	unassigned	viridula	N. viridula
A0A9P0H051	1	U-01	viridula	N. viridula
A0A9P0H053	0	unassigned	viridula	N. viridula
A0A9P0H055	1	U-01	viridula	N. viridula
A0A9P0H058	1	U-01	viridula	N. viridula
A0A9P0H060	1	U-01	viridula	N. viridula
A0A9P0H063	1	U-01	viridula	N. viridula
A0A9P0H067	1	U-01	viridula	N. viridula
A0A9P0H068	1	U-01	viridula	N. viridula
A0A9P0H075	1	U-01	viridula	N. viridula
A0A9P0H076	1	U-01	viridula	N. viridula
A0A9P0H079	3	U-03	viridula	N. viridula
A0A9P0H080	2	U-02	viridula	N. viridula
A0A9P0H081	1	U-01	viridula	N. viridula
A0A9P0H086	1	U-01	viridula	N. viridula
A0A9P0H090	1	U-01	viridula	N. viridula
A0A9P0H094	1	U-01	viridula	N. viridula
A0A9P0H095	1	U-01	viridula	N. viridula
A0A9P0H098	4	U-04	viridula	N. viridula
A0A9P0H099	0	unassigned	viridula	N. viridula
A0A9P0H0A1	2	U-02	viridula	N. viridula
A0A9P0H0A2	1	U-01	viridula	N. viridula
A0A9P0H0A4	1	U-01	viridula	N. viridula
A0A9P0H0A6	1	U-01	viridula	N. viridula
A0A9P0H0A7	3	U-03	viridula	N. viridula
A0A9P0H0B0	1	U-01	viridula	N. viridula
A0A9P0H0B1	0	unassigned	viridula	N. viridula
A0A9P0H0B2	1	U-01	viridula	N. viridula
A0A9P0H0B4	2	U-02	viridula	N. viridula
A0A9P0H0B5	1	U-01	viridula	N. viridula
A0A9P0H0B6	1	U-01	viridula	N. viridula
A0A9P0H0B7	0	unassigned	viridula	N. viridula
A0A9P0H0B9	1	U-01	viridula	N. viridula
A0A9P0H0C1	1	U-01	viridula	N. viridula
A0A9P0H0C4	2	U-02	viridula	N. viridula
A0A9P0H0C6	1	U-01	viridula	N. viridula
A0A9P0H0C9	4	U-04	viridula	N. viridula
A0A9P0H0D3	1	U-01	viridula	N. viridula
A0A9P0H0D5	1	U-01	viridula	N. viridula
A0A9P0H0D6	3	U-03	viridula	N. viridula
A0A9P0H0D8	1	U-01	viridula	N. viridula
A0A9P0H0E2	2	U-02	viridula	N. viridula
A0A9P0H0E3	1	U-01	viridula	N. viridula
A0A9P0H0E4	1	U-01	viridula	N. viridula
A0A9P0H0E7	1	U-01	viridula	N. viridula
A0A9P0H0E9	1	U-01	viridula	N. viridula
A0A9P0H0F0	2	U-02	viridula	N. viridula
A0A9P0H0F1	2	U-02	viridula	N. viridula
A0A9P0H0F4	2	U-02	viridula	N. viridula
A0A9P0H0F6	1	U-01	viridula	N. viridula
A0A9P0H0F8	1	U-01	viridula	N. viridula
A0A9P0H0F9	1	U-01	viridula	N. viridula
A0A9P0H0G0	0	unassigned	viridula	N. viridula
A0A9P0H0G2	2	U-02	viridula	N. viridula
A0A9P0H0G3	2	U-02	viridula	N. viridula
A0A9P0H0G4	2	U-02	viridula	N. viridula
A0A9P0H0G5	2	U-02	viridula	N. viridula
A0A9P0H0G7	2	U-02	viridula	N. viridula
A0A9P0H0G9	1	U-01	viridula	N. viridula
A0A9P0H0H0	1	U-01	viridula	N. viridula
A0A9P0H0H2	4	U-04	viridula	N. viridula
A0A9P0H0H6	2	U-02	viridula	N. viridula
A0A9P0H0I0	0	unassigned	viridula	N. viridula
A0A9P0H0I1	4	U-04	viridula	N. viridula
A0A9P0H0I5	2	U-02	viridula	N. viridula
A0A9P0H0I6	1	U-01	viridula	N. viridula
A0A9P0H0I8	4	U-04	viridula	N. viridula
A0A9P0H0I9	2	U-02	viridula	N. viridula
A0A9P0H0J0	2	U-02	viridula	N. viridula
A0A9P0H0J2	1	U-01	viridula	N. viridula
A0A9P0H0J3	2	U-02	viridula	N. viridula
A0A9P0H0J4	1	U-01	viridula	N. viridula
A0A9P0H0J5	1	U-01	viridula	N. viridula
A0A9P0H0J8	1	U-01	viridula	N. viridula
A0A9P0H0K0	0	unassigned	viridula	N. viridula
A0A9P0H0K2	1	U-01	viridula	N. viridula
A0A9P0MX77	1	U-01	viridula	N. viridula
A0A9P0MX87	4	U-04	viridula	N. viridula
A0A9P0MX99	1	U-01	viridula	N. viridula
A0A9P0MXA1	1	U-01	viridula	N. viridula
A0A9P0MXA5	1	U-01	viridula	N. viridula
A0A9P0MXB3	1	U-01	viridula	N. viridula
A0A9P0MXB4	1	U-01	viridula	N. viridula
A0A9P0MXB5	0	unassigned	viridula	N. viridula
A0A9P0MXC5	0	unassigned	viridula	N. viridula
A0A9P0MXC8	1	U-01	viridula	N. viridula
A0A9P0MXD1	1	U-01	viridula	N. viridula
A0A9P0MXD6	1	U-01	viridula	N. viridula
A0A9P0MXE0	1	U-01	viridula	N. viridula
A0A9P0MXE6	4	U-04	viridula	N. viridula
A0A9P0MXE7	1	U-01	viridula	N. viridula
A0A9P0DVT6	2	U-02	viridula	N. viridula
A0A9P0DVV2	1	U-01	viridula	N. viridula
A0A9P0DVZ4	3	U-03	viridula	N. viridula
A0A9P0DW04	3	U-03	viridula	N. viridula
A0A9P0DW20	1	U-01	viridula	N. viridula
A0A9P0DW31	1	U-01	viridula	N. viridula
A0A9P0DW39	1	U-01	viridula	N. viridula
A0A9P0DW55	1	U-01	viridula	N. viridula
A0A9P0DW63	0	unassigned	viridula	N. viridula
A0A9P0DW68	1	U-01	viridula	N. viridula
A0A9P0DW81	0	unassigned	viridula	N. viridula
A0A9P0DWB0	2	U-02	viridula	N. viridula
A0A9P0DWB9	1	U-01	viridula	N. viridula
A0A9P0DWC3	1	U-01	viridula	N. viridula
A0A9P0DWD1	1	U-01	viridula	N. viridula
A0A9P0DWE1	2	U-02	viridula	N. viridula
A0A9P0DWF1	2	U-02	viridula	N. viridula
A0A9P0DWF9	0	unassigned	viridula	N. viridula
A0A9P0DWJ7	1	U-01	viridula	N. viridula
A0A9P0DWL1	2	U-02	viridula	N. viridula
A0A9P0DWP0	4	U-04	viridula	N. viridula
A0A9P0DWQ0	0	unassigned	viridula	N. viridula
A0A9P0DWQ9	2	U-02	viridula	N. viridula
A0A9P0DWR8	1	U-01	viridula	N. viridula
A0A9P0DWS8	1	U-01	viridula	N. viridula
A0A9P0DWT5	2	U-02	viridula	N. viridula
A0A9P0DWV4	1	U-01	viridula	N. viridula
A0A9P0DWX3	0	unassigned	viridula	N. viridula
A0A9P0DWZ4	1	U-01	viridula	N. viridula
A0A9P0DX00	1	U-01	viridula	N. viridula
A0A9P0DX04	3	U-03	viridula	N. viridula
A0A9P0DX10	1	U-01	viridula	N. viridula
A0A9P0DX14	4	U-04	viridula	N. viridula
A0A9P0DX17	4	U-04	viridula	N. viridula
A0A9P0DX24	1	U-01	viridula	N. viridula
A0A9P0DX66	1	U-01	viridula	N. viridula
A0A9P0DX89	1	U-01	viridula	N. viridula
A0A9P0DX95	1	U-01	viridula	N. viridula
A0A9P0DXB0	1	U-01	viridula	N. viridula
A0A9P0DXB4	0	unassigned	viridula	N. viridula
A0A9P0DXC5	1	U-01	viridula	N. viridula
A0A9P0DXD4	0	unassigned	viridula	N. viridula
A0A9P0DXD7	4	U-04	viridula	N. viridula
A0A9P0DXE3	1	U-01	viridula	N. viridula
A0A9P0DXE5	1	U-01	viridula	N. viridula
A0A9P0DXF5	0	unassigned	viridula	N. viridula
A0A9P0DXG2	1	U-01	viridula	N. viridula
A0A9P0DXH3	1	U-01	viridula	N. viridula
A0A9P0DXI4	1	U-01	viridula	N. viridula
A0A9P0DXI5	1	U-01	viridula	N. viridula
A0A9P0DXJ5	1	U-01	viridula	N. viridula
A0A9P0DXL5	2	U-02	viridula	N. viridula
A0A9P0DXL8	0	unassigned	viridula	N. viridula
A0A9P0DXM5	4	U-04	viridula	N. viridula
A0A9P0DXN3	1	U-01	viridula	N. viridula
A0A9P0DXN6	1	U-01	viridula	N. viridula
A0A9P0DXP7	3	U-03	viridula	N. viridula
A0A9P0DXQ5	1	U-01	viridula	N. viridula
A0A9P0DXR5	1	U-01	viridula	N. viridula
A0A9P0DXS0	0	unassigned	viridula	N. viridula
A0A9P0DXV3	2	U-02	viridula	N. viridula
A0A9P0DXV9	1	U-01	viridula	N. viridula
A0A9P0DXW9	1	U-01	viridula	N. viridula
A0A9P0DXX5	0	unassigned	viridula	N. viridula
A0A9P0DXZ6	3	U-03	viridula	N. viridula
A0A9P0DY01	1	U-01	viridula	N. viridula
A0A9P0DY03	1	U-01	viridula	N. viridula
A0A9P0DY09	3	U-03	viridula	N. viridula
A0A9P0DY18	1	U-01	viridula	N. viridula
A0A9P0DY19	1	U-01	viridula	N. viridula
A0A9P0DY28	0	unassigned	viridula	N. viridula
A0A9P0DY38	4	U-04	viridula	N. viridula
A0A9P0DY39	2	U-02	viridula	N. viridula
A0A9P0DY48	3	U-03	viridula	N. viridula
A0A9P0DY56	1	U-01	viridula	N. viridula
A0A9P0DY64	1	U-01	viridula	N. viridula
A0A9P0DY79	1	U-01	viridula	N. viridula
A0A9P0DY81	1	U-01	viridula	N. viridula
A0A9P0DY91	0	unassigned	viridula	N. viridula
A0A9P0DY98	1	U-01	viridula	N. viridula
A0A9P0DYA2	2	U-02	viridula	N. viridula
A0A9P0DYA8	1	U-01	viridula	N. viridula
A0A9P0DYB1	1	U-01	viridula	N. viridula
A0A9P0DYB5	1	U-01	viridula	N. viridula
A0A9P0DYC6	1	U-01	viridula	N. viridula
A0A9P0HTJ5	2	U-02	viridula	N. viridula
A0A9P0HTJ6	1	U-01	viridula	N. viridula
A0A9P0HTJ8	1	U-01	viridula	N. viridula
A0A9P0HTK0	2	U-02	viridula	N. viridula
A0A9P0HTK2	1	U-01	viridula	N. viridula
A0A9P0HTK3	1	U-01	viridula	N. viridula
A0A9P0HTK4	2	U-02	viridula	N. viridula
A0A9P0HTK5	1	U-01	viridula	N. viridula
A0A9P0HTL1	2	U-02	viridula	N. viridula
A0A9P0HTL3	1	U-01	viridula	N. viridula
A0A9P0HTL5	2	U-02	viridula	N. viridula
A0A9P0HTL6	1	U-01	viridula	N. viridula
A0A9P0HTL8	3	U-03	viridula	N. viridula
A0A9P0HTM0	1	U-01	viridula	N. viridula
A0A9P0HTM1	1	U-01	viridula	N. viridula
A0A9P0HTM2	1	U-01	viridula	N. viridula
A0A9P0HTM3	2	U-02	viridula	N. viridula
A0A9P0HTM4	2	U-02	viridula	N. viridula
A0A9P0HTM5	1	U-01	viridula	N. viridula
A0A9P0HTN0	2	U-02	viridula	N. viridula
A0A9P0HTN1	3	U-03	viridula	N. viridula
A0A9P0HTN2	2	U-02	viridula	N. viridula
A0A9P0HTN3	2	U-02	viridula	N. viridula
A0A9P0HTN4	1	U-01	viridula	N. viridula
A0A9P0HTN6	0	unassigned	viridula	N. viridula
A0A9P0HTN9	1	U-01	viridula	N. viridula
A0A9P0HTP0	2	U-02	viridula	N. viridula
A0A9P0HTP1	1	U-01	viridula	N. viridula
A0A9P0HTP5	1	U-01	viridula	N. viridula
A0A9P0HTP9	2	U-02	viridula	N. viridula
A0A9P0HTQ3	1	U-01	viridula	N. viridula
A0A9P0HTQ4	2	U-02	viridula	N. viridula
A0A9P0HTQ5	1	U-01	viridula	N. viridula
A0A9P0HTQ7	1	U-01	viridula	N. viridula
A0A9P0HTR1	2	U-02	viridula	N. viridula
A0A9P0HTR2	3	U-03	viridula	N. viridula
A0A9P0HTR3	0	unassigned	viridula	N. viridula
A0A9P0HTR4	0	unassigned	viridula	N. viridula
A0A9P0HTR8	1	U-01	viridula	N. viridula
A0A9P0HTS0	1	U-01	viridula	N. viridula
A0A9P0HTS1	1	U-01	viridula	N. viridula
A0A9P0HTS2	2	U-02	viridula	N. viridula
A0A9P0HTS3	2	U-02	viridula	N. viridula
A0A9P0HTS4	1	U-01	viridula	N. viridula
A0A9P0HTS7	1	U-01	viridula	N. viridula
A0A9P0HTS8	2	U-02	viridula	N. viridula
A0A9P0HTT2	2	U-02	viridula	N. viridula
A0A9P0HTT3	3	U-03	viridula	N. viridula
A0A9P0HTT4	1	U-01	viridula	N. viridula
A0A9P0HTT6	1	U-01	viridula	N. viridula
A0A9P0HTT7	1	U-01	viridula	N. viridula
A0A9P0HTT8	1	U-01	viridula	N. viridula
A0A9P0HTU1	1	U-01	viridula	N. viridula
A0A9P0HTU2	1	U-01	viridula	N. viridula
A0A9P0HTU3	1	U-01	viridula	N. viridula
A0A9P0HTU5	2	U-02	viridula	N. viridula
A0A9P0HTU6	2	U-02	viridula	N. viridula
A0A9P0HTU7	0	unassigned	viridula	N. viridula
A0A9P0HTU8	0	unassigned	viridula	N. viridula
A0A9P0HTV2	2	U-02	viridula	N. viridula
A0A9P0HTV3	2	U-02	viridula	N. viridula
A0A9P0HTV6	1	U-01	viridula	N. viridula
A0A9P0HTV9	3	U-03	viridula	N. viridula
A0A9P0HTW0	1	U-01	viridula	N. viridula
A0A9P0HTW1	2	U-02	viridula	N. viridula
A0A9P0HTW2	2	U-02	viridula	N. viridula
A0A9P0HTW7	1	U-01	viridula	N. viridula
A0A9P0HTX0	1	U-01	viridula	N. viridula
A0A9P0HTX3	1	U-01	viridula	N. viridula
A0A9P0HTX6	3	U-03	viridula	N. viridula
A0A9P0HTX8	1	U-01	viridula	N. viridula
A0A9P0HTX9	2	U-02	viridula	N. viridula
A0A9P0HTY1	1	U-01	viridula	N. viridula
A0A9P0HTY2	3	U-03	viridula	N. viridula
A0A9P0HTY3	0	unassigned	viridula	N. viridula
A0A9P0HTY5	2	U-02	viridula	N. viridula
A0A9P0HTY6	1	U-01	viridula	N. viridula
A0A9P0HTY7	1	U-01	viridula	N. viridula
A0A9P0HTZ1	3	U-03	viridula	N. viridula
A0A9P0HTZ3	1	U-01	viridula	N. viridula
A0A9P0HTZ4	1	U-01	viridula	N. viridula
A0A9P0HTZ6	3	U-03	viridula	N. viridula
A0A9P0HTZ7	3	U-03	viridula	N. viridula
A0A9P0HTZ8	4	U-04	viridula	N. viridula
A0A9P0HTZ9	1	U-01	viridula	N. viridula
A0A9P0HU01	2	U-02	viridula	N. viridula
A0A9P0HU02	1	U-01	viridula	N. viridula
A0A9P0HU05	1	U-01	viridula	N. viridula
A0A9P0HU06	3	U-03	viridula	N. viridula
A0A9P0HU07	1	U-01	viridula	N. viridula
A0A9P0HU08	2	U-02	viridula	N. viridula
A0A9P0HU09	2	U-02	viridula	N. viridula
A0A9P0HU10	2	U-02	viridula	N. viridula
A0A9P0HU12	2	U-02	viridula	N. viridula
A0A9P0HU13	2	U-02	viridula	N. viridula
A0A9P0HU15	1	U-01	viridula	N. viridula
A0A9P0HU20	1	U-01	viridula	N. viridula
A0A9P0HU22	1	U-01	viridula	N. viridula
A0A9P0HU23	2	U-02	viridula	N. viridula
A0A9P0HU25	1	U-01	viridula	N. viridula
A0A9P0HU26	2	U-02	viridula	N. viridula
A0A9P0HU28	3	U-03	viridula	N. viridula
A0A9P0HU32	1	U-01	viridula	N. viridula
A0A9P0HU35	4	U-04	viridula	N. viridula
A0A9P0HU38	1	U-01	viridula	N. viridula
A0A9P0HU40	2	U-02	viridula	N. viridula
A0A9P0HU41	3	U-03	viridula	N. viridula
A0A9P0HU43	2	U-02	viridula	N. viridula
A0A9P0HU44	3	U-03	viridula	N. viridula
A0A9P0HU45	1	U-01	viridula	N. viridula
A0A9P0HU47	2	U-02	viridula	N. viridula
A0A9P0HU48	2	U-02	viridula	N. viridula
A0A9P0HU50	1	U-01	viridula	N. viridula
A0A9P0HU51	2	U-02	viridula	N. viridula
A0A9P0HU53	2	U-02	viridula	N. viridula
A0A9P0HU54	3	U-03	viridula	N. viridula
A0A9P0HU58	2	U-02	viridula	N. viridula
A0A9P0HU59	2	U-02	viridula	N. viridula
A0A9P0HU60	0	unassigned	viridula	N. viridula
A0A9P0HU61	1	U-01	viridula	N. viridula
A0A9P0HU65	1	U-01	viridula	N. viridula
A0A9P0HU68	1	U-01	viridula	N. viridula
A0A9P0HU69	1	U-01	viridula	N. viridula
A0A9P0HU70	2	U-02	viridula	N. viridula
A0A9P0HU72	1	U-01	viridula	N. viridula
A0A9P0HU75	4	U-04	viridula	N. viridula
A0A9P0HU76	2	U-02	viridula	N. viridula
A0A9P0HU77	2	U-02	viridula	N. viridula
A0A9P0HU80	2	U-02	viridula	N. viridula
A0A9P0HU83	1	U-01	viridula	N. viridula
A0A9P0HU84	1	U-01	viridula	N. viridula
A0A9P0HU85	4	U-04	viridula	N. viridula
A0A9P0HU87	1	U-01	viridula	N. viridula
A0A9P0HU88	2	U-02	viridula	N. viridula
A0A9P0HU92	1	U-01	viridula	N. viridula
A0A9P0HU93	2	U-02	viridula	N. viridula
A0A9P0HU95	2	U-02	viridula	N. viridula
A0A9P0HU97	2	U-02	viridula	N. viridula
A0A9P0HUA0	3	U-03	viridula	N. viridula
A0A9P0HUA1	1	U-01	viridula	N. viridula
A0A9P0HUA3	1	U-01	viridula	N. viridula
A0A9P0HUA5	1	U-01	viridula	N. viridula
A0A9P0HUB1	2	U-02	viridula	N. viridula
A0A9P0HUB3	1	U-01	viridula	N. viridula
A0A9P0HUB5	1	U-01	viridula	N. viridula
A0A9P0HUC1	2	U-02	viridula	N. viridula
A0A9P0HUC4	0	unassigned	viridula	N. viridula
A0A9P0HUC7	1	U-01	viridula	N. viridula
A0A9P0HUD0	1	U-01	viridula	N. viridula
A0A9P0HUD2	1	U-01	viridula	N. viridula
A0A9P0HUD3	3	U-03	viridula	N. viridula
A0A9P0HUD7	2	U-02	viridula	N. viridula
A0A9P0HUE0	2	U-02	viridula	N. viridula
A0A9P0HUE7	2	U-02	viridula	N. viridula
A0A9P0HUF0	1	U-01	viridula	N. viridula
A0A9P0HUF2	0	unassigned	viridula	N. viridula
A0A9P0HUF5	2	U-02	viridula	N. viridula
A0A9P0HUF7	1	U-01	viridula	N. viridula
A0A9P0HUF8	0	unassigned	viridula	N. viridula
A0A9P0HUG1	1	U-01	viridula	N. viridula
A0A9P0HUG2	0	unassigned	viridula	N. viridula
A0A9P0HUG9	2	U-02	viridula	N. viridula
A0A9P0HUH0	1	U-01	viridula	N. viridula
A0A9P0HUH3	1	U-01	viridula	N. viridula
A0A9P0HUH4	1	U-01	viridula	N. viridula
A0A9P0HUH6	0	unassigned	viridula	N. viridula
A0A9P0HUH8	1	U-01	viridula	N. viridula
A0A9P0HUI6	3	U-03	viridula	N. viridula
A0A9P0HUJ0	1	U-01	viridula	N. viridula
A0A9P0HUJ2	1	U-01	viridula	N. viridula
A0A9P0HUJ6	0	unassigned	viridula	N. viridula
A0A9P0HUJ9	2	U-02	viridula	N. viridula
A0A9P0HUK0	1	U-01	viridula	N. viridula
A0A9P0HUK1	2	U-02	viridula	N. viridula
A0A9P0HUK4	2	U-02	viridula	N. viridula
A0A9P0HUL0	2	U-02	viridula	N. viridula
A0A9P0HUL3	4	U-04	viridula	N. viridula
A0A9P0HUM1	2	U-02	viridula	N. viridula
A0A9P0HUM4	1	U-01	viridula	N. viridula
A0A9P0HUM5	1	U-01	viridula	N. viridula
A0A9P0HUN2	1	U-01	viridula	N. viridula
A0A9P0HUN3	2	U-02	viridula	N. viridula
A0A9P0HUN4	1	U-01	viridula	N. viridula
A0A9P0HUN6	1	U-01	viridula	N. viridula
A0A9P0HUN9	2	U-02	viridula	N. viridula
A0A9P0HUP1	3	U-03	viridula	N. viridula
A0A9P0HUP4	3	U-03	viridula	N. viridula
A0A9P0HUQ0	1	U-01	viridula	N. viridula
A0A9P0HUQ2	0	unassigned	viridula	N. viridula
A0A9P0HUQ4	1	U-01	viridula	N. viridula
A0A9P0HUQ5	1	U-01	viridula	N. viridula
A0A9P0HUQ9	0	unassigned	viridula	N. viridula
A0A9P0HUR3	0	unassigned	viridula	N. viridula
A0A9P0HUR4	2	U-02	viridula	N. viridula
A0A9P0HUR5	1	U-01	viridula	N. viridula
A0A9P0HUS0	1	U-01	viridula	N. viridula
A0A9P0HUS2	1	U-01	viridula	N. viridula
A0A9P0HUS3	1	U-01	viridula	N. viridula
A0A9P0HUS5	0	unassigned	viridula	N. viridula
A0A9P0HUS7	0	unassigned	viridula	N. viridula
A0A9P0HUT7	2	U-02	viridula	N. viridula
A0A9P0HUU4	1	U-01	viridula	N. viridula
A0A9P0HUU7	2	U-02	viridula	N. viridula
A0A9P0HUV8	1	U-01	viridula	N. viridula
A0A9P0HUW6	3	U-03	viridula	N. viridula
A0A9P0HUX0	4	U-04	viridula	N. viridula
A0A9P0HUX2	2	U-02	viridula	N. viridula
A0A9P0HUY1	2	U-02	viridula	N. viridula
A0A9P0HUY2	2	U-02	viridula	N. viridula
A0A9P0HUY9	4	U-04	viridula	N. viridula
A0A9P0HUZ7	1	U-01	viridula	N. viridula
A0A9P0HUZ8	2	U-02	viridula	N. viridula
A0A9P0HV04	2	U-02	viridula	N. viridula
A0A9P0HV07	4	U-04	viridula	N. viridula
A0A9P0HV09	1	U-01	viridula	N. viridula
A0A9P0HV12	1	U-01	viridula	N. viridula
A0A9P0HV14	2	U-02	viridula	N. viridula
A0A9P0HV19	2	U-02	viridula	N. viridula
A0A9P0HV24	1	U-01	viridula	N. viridula
A0A9P0HV28	1	U-01	viridula	N. viridula
A0A9P0HV38	1	U-01	viridula	N. viridula
A0A9P0HV45	2	U-02	viridula	N. viridula
A0A9P0HV47	1	U-01	viridula	N. viridula
A0A9P0HV48	1	U-01	viridula	N. viridula
A0A9P0HV53	1	U-01	viridula	N. viridula
A0A9P0HV58	1	U-01	viridula	N. viridula
A0A9P0HV65	2	U-02	viridula	N. viridula
A0A9P0HV68	1	U-01	viridula	N. viridula
A0A9P0HV75	1	U-01	viridula	N. viridula
A0A9P0HV76	3	U-03	viridula	N. viridula
A0A9P0HV77	2	U-02	viridula	N. viridula
A0A9P0HV85	1	U-01	viridula	N. viridula
A0A9P0HV86	0	unassigned	viridula	N. viridula
A0A9P0HV88	1	U-01	viridula	N. viridula
A0A9P0HV96	1	U-01	viridula	N. viridula
A0A9P0HV98	1	U-01	viridula	N. viridula
A0A9P0HVA6	1	U-01	viridula	N. viridula
A0A9P0HVA8	1	U-01	viridula	N. viridula
A0A9P0HVB0	1	U-01	viridula	N. viridula
A0A9P0HVB6	2	U-02	viridula	N. viridula
A0A9P0HVB9	2	U-02	viridula	N. viridula
A0A9P0HVC6	2	U-02	viridula	N. viridula
A0A9P0HVC8	1	U-01	viridula	N. viridula
A0A9P0HVD0	0	unassigned	viridula	N. viridula
A0A9P0HVD4	1	U-01	viridula	N. viridula
A0A9P0HVE4	2	U-02	viridula	N. viridula
A0A9P0HVF0	2	U-02	viridula	N. viridula
A0A9P0HVH3	0	unassigned	viridula	N. viridula
A0A9P0HVH5	1	U-01	viridula	N. viridula
A0A9P0HVI2	3	U-03	viridula	N. viridula
A0A9P0HVI7	1	U-01	viridula	N. viridula
A0A9P0HVJ2	1	U-01	viridula	N. viridula
A0A9P0HVJ9	1	U-01	viridula	N. viridula
A0A9P0HVK2	3	U-03	viridula	N. viridula
A0A9P0HVL0	1	U-01	viridula	N. viridula
A0A9P0HVM7	2	U-02	viridula	N. viridula
A0A9P0HVN8	2	U-02	viridula	N. viridula
A0A9P0HVP7	4	U-04	viridula	N. viridula
A0A9P0HVS4	3	U-03	viridula	N. viridula
A0A9P0HVT6	1	U-01	viridula	N. viridula
A0A9P0HVU8	1	U-01	viridula	N. viridula
A0A9P0HVX2	1	U-01	viridula	N. viridula
A0A9P0HW04	2	U-02	viridula	N. viridula
A0A9P0HW14	2	U-02	viridula	N. viridula
A0A9P0HW24	2	U-02	viridula	N. viridula
A0A9P0HW37	2	U-02	viridula	N. viridula
A0A9P0HW48	1	U-01	viridula	N. viridula
A0A9P0MCS9	1	U-01	viridula	N. viridula
A0A9P0MCT8	1	U-01	viridula	N. viridula
A0A9P0MCW5	4	U-04	viridula	N. viridula
A0A9P0MCX5	3	U-03	viridula	N. viridula
A0A9P0MCY1	2	U-02	viridula	N. viridula
A0A9P0MCZ0	0	unassigned	viridula	N. viridula
A0A9P0MD53	2	U-02	viridula	N. viridula
A0A9P0MD62	4	U-04	viridula	N. viridula
A0A9P0MD72	1	U-01	viridula	N. viridula
A0A9P0MDA9	1	U-01	viridula	N. viridula
A0A9P0MDC9	1	U-01	viridula	N. viridula
A0A9P0MDD9	2	U-02	viridula	N. viridula
A0A9P0MDE8	0	unassigned	viridula	N. viridula
A0A9P0MDG5	1	U-01	viridula	N. viridula
A0A9P0MDH5	1	U-01	viridula	N. viridula
A0A9P0MDJ4	3	U-03	viridula	N. viridula
A0A9P0MDK5	1	U-01	viridula	N. viridula
A0A9P0MDL5	2	U-02	viridula	N. viridula
A0A9P0MDM5	1	U-01	viridula	N. viridula
A0A9P0MDN5	0	unassigned	viridula	N. viridula
A0A9P0MDP3	2	U-02	viridula	N. viridula
A0A9P0MDQ2	1	U-01	viridula	N. viridula
A0A9P0MDR2	2	U-02	viridula	N. viridula
A0A9P0MDS2	1	U-01	viridula	N. viridula
A0A9P0MDT1	3	U-03	viridula	N. viridula
A0A9P0MDU9	1	U-01	viridula	N. viridula
A0A9P0MDV8	1	U-01	viridula	N. viridula
A0A9P0MDW8	1	U-01	viridula	N. viridula
A0A9P0MDZ7	0	unassigned	viridula	N. viridula
A0A9P0ME22	1	U-01	viridula	N. viridula
A0A9P0ME32	1	U-01	viridula	N. viridula
A0A9P0ME42	1	U-01	viridula	N. viridula
A0A9P0ME61	1	U-01	viridula	N. viridula
A0A9P0H973	0	unassigned	viridula	N. viridula
A0A9P0H974	1	U-01	viridula	N. viridula
A0A9P0H975	1	U-01	viridula	N. viridula
A0A9P0H977	1	U-01	viridula	N. viridula
A0A9P0H978	1	U-01	viridula	N. viridula
A0A9P0H979	1	U-01	viridula	N. viridula
A0A9P0H982	1	U-01	viridula	N. viridula
A0A9P0H983	1	U-01	viridula	N. viridula
A0A9P0H984	1	U-01	viridula	N. viridula
A0A9P0H986	1	U-01	viridula	N. viridula
A0A9P0H989	1	U-01	viridula	N. viridula
A0A9P0H990	4	U-04	viridula	N. viridula
A0A9P0H991	0	unassigned	viridula	N. viridula
A0A9P0H994	1	U-01	viridula	N. viridula
A0A9P0H995	0	unassigned	viridula	N. viridula
A0A9P0H996	1	U-01	viridula	N. viridula
A0A9P0H998	2	U-02	viridula	N. viridula
A0A9P0H999	1	U-01	viridula	N. viridula
A0A9P0H9A0	1	U-01	viridula	N. viridula
A0A9P0H9A2	1	U-01	viridula	N. viridula
A0A9P0H9A3	1	U-01	viridula	N. viridula
A0A9P0H9A4	1	U-01	viridula	N. viridula
A0A9P0H9A5	1	U-01	viridula	N. viridula
A0A9P0H9A6	1	U-01	viridula	N. viridula
A0A9P0H9A7	0	unassigned	viridula	N. viridula
A0A9P0H9A8	1	U-01	viridula	N. viridula
A0A9P0H9A9	2	U-02	viridula	N. viridula
A0A9P0H9B2	1	U-01	viridula	N. viridula
A0A9P0H9B3	2	U-02	viridula	N. viridula
A0A9P0H9B4	4	U-04	viridula	N. viridula
A0A9P0H9B5	1	U-01	viridula	N. viridula
A0A9P0H9B6	1	U-01	viridula	N. viridula
A0A9P0H9B7	1	U-01	viridula	N. viridula
A0A9P0H9B8	2	U-02	viridula	N. viridula
A0A9P0H9B9	0	unassigned	viridula	N. viridula
A0A9P0H9C2	1	U-01	viridula	N. viridula
A0A9P0H9C4	2	U-02	viridula	N. viridula
A0A9P0H9C5	0	unassigned	viridula	N. viridula
A0A9P0H9C8	3	U-03	viridula	N. viridula
A0A9P0H9D1	2	U-02	viridula	N. viridula
A0A9P0H9D2	1	U-01	viridula	N. viridula
A0A9P0H9D5	0	unassigned	viridula	N. viridula
A0A9P0H9D7	1	U-01	viridula	N. viridula
A0A9P0H9D9	1	U-01	viridula	N. viridula
A0A9P0H9E0	1	U-01	viridula	N. viridula
A0A9P0H9E1	1	U-01	viridula	N. viridula
A0A9P0H9E2	0	unassigned	viridula	N. viridula
A0A9P0H9E5	0	unassigned	viridula	N. viridula
A0A9P0H9E6	1	U-01	viridula	N. viridula
A0A9P0H9E7	3	U-03	viridula	N. viridula
A0A9P0H9F2	2	U-02	viridula	N. viridula
A0A9P0H9F3	1	U-01	viridula	N. viridula
A0A9P0H9F7	1	U-01	viridula	N. viridula
A0A9P0H9F8	0	unassigned	viridula	N. viridula
A0A9P0H9G0	2	U-02	viridula	N. viridula
A0A9P0H9G2	2	U-02	viridula	N. viridula
A0A9P0H9G3	3	U-03	viridula	N. viridula
A0A9P0H9G5	2	U-02	viridula	N. viridula
A0A9P0H9G6	1	U-01	viridula	N. viridula
A0A9P0H9G7	2	U-02	viridula	N. viridula
A0A9P0H9G8	2	U-02	viridula	N. viridula
A0A9P0H9G9	1	U-01	viridula	N. viridula
A0A9P0H9H2	2	U-02	viridula	N. viridula
A0A9P0H9H5	1	U-01	viridula	N. viridula
A0A9P0H9H6	1	U-01	viridula	N. viridula
A0A9P0H9H8	2	U-02	viridula	N. viridula
A0A9P0H9I0	1	U-01	viridula	N. viridula
A0A9P0H9I1	1	U-01	viridula	N. viridula
A0A9P0H9I2	2	U-02	viridula	N. viridula
A0A9P0H9I4	2	U-02	viridula	N. viridula
A0A9P0H9I5	1	U-01	viridula	N. viridula
A0A9P0H9I6	1	U-01	viridula	N. viridula
A0A9P0H9I7	1	U-01	viridula	N. viridula
A0A9P0H9J1	2	U-02	viridula	N. viridula
A0A9P0H9J2	1	U-01	viridula	N. viridula
A0A9P0H9J3	1	U-01	viridula	N. viridula
A0A9P0H9J4	2	U-02	viridula	N. viridula
A0A9P0H9J5	1	U-01	viridula	N. viridula
A0A9P0H9J6	1	U-01	viridula	N. viridula
A0A9P0H9J7	3	U-03	viridula	N. viridula
A0A9P0H9J8	1	U-01	viridula	N. viridula
A0A9P0H9J9	1	U-01	viridula	N. viridula
A0A9P0H9K0	1	U-01	viridula	N. viridula
A0A9P0H9K1	1	U-01	viridula	N. viridula
A0A9P0H9K3	1	U-01	viridula	N. viridula
A0A9P0H9K4	1	U-01	viridula	N. viridula
A0A9P0H9K6	2	U-02	viridula	N. viridula
A0A9P0H9K7	1	U-01	viridula	N. viridula
A0A9P0H9K8	2	U-02	viridula	N. viridula
A0A9P0H9L1	1	U-01	viridula	N. viridula
A0A9P0H9L2	2	U-02	viridula	N. viridula
A0A9P0H9L3	2	U-02	viridula	N. viridula
A0A9P0H9L4	2	U-02	viridula	N. viridula
A0A9P0H9L6	1	U-01	viridula	N. viridula
A0A9P0H9L7	2	U-02	viridula	N. viridula
A0A9P0H9L9	2	U-02	viridula	N. viridula
A0A9P0H9M0	1	U-01	viridula	N. viridula
A0A9P0H9M4	2	U-02	viridula	N. viridula
A0A9P0H9M5	2	U-02	viridula	N. viridula
A0A9P0H9M6	1	U-01	viridula	N. viridula
A0A9P0H9M7	2	U-02	viridula	N. viridula
A0A9P0H9N0	1	U-01	viridula	N. viridula
A0A9P0H9N1	2	U-02	viridula	N. viridula
A0A9P0H9N2	1	U-01	viridula	N. viridula
A0A9P0H9N3	2	U-02	viridula	N. viridula
A0A9P0H9N7	3	U-03	viridula	N. viridula
A0A9P0H9N9	2	U-02	viridula	N. viridula
A0A9P0H9P3	1	U-01	viridula	N. viridula
A0A9P0H9P4	2	U-02	viridula	N. viridula
A0A9P0H9P5	0	unassigned	viridula	N. viridula
A0A9P0H9P6	1	U-01	viridula	N. viridula
A0A9P0H9P7	1	U-01	viridula	N. viridula
A0A9P0H9P8	1	U-01	viridula	N. viridula
A0A9P0H9P9	2	U-02	viridula	N. viridula
A0A9P0H9Q2	2	U-02	viridula	N. viridula
A0A9P0H9Q4	2	U-02	viridula	N. viridula
A0A9P0H9Q6	1	U-01	viridula	N. viridula
A0A9P0H9Q7	1	U-01	viridula	N. viridula
A0A9P0H9Q8	2	U-02	viridula	N. viridula
A0A9P0H9R1	1	U-01	viridula	N. viridula
A0A9P0H9R4	1	U-01	viridula	N. viridula
A0A9P0H9R5	1	U-01	viridula	N. viridula
A0A9P0H9R7	1	U-01	viridula	N. viridula
A0A9P0H9R8	1	U-01	viridula	N. viridula
A0A9P0H9S1	2	U-02	viridula	N. viridula
A0A9P0H9S2	1	U-01	viridula	N. viridula
A0A9P0H9S3	0	unassigned	viridula	N. viridula
A0A9P0H9S7	1	U-01	viridula	N. viridula
A0A9P0H9S8	2	U-02	viridula	N. viridula
A0A9P0H9T0	3	U-03	viridula	N. viridula
A0A9P0H9T2	1	U-01	viridula	N. viridula
A0A9P0H9T3	2	U-02	viridula	N. viridula
A0A9P0H9T4	1	U-01	viridula	N. viridula
A0A9P0H9T6	2	U-02	viridula	N. viridula
A0A9P0H9T9	1	U-01	viridula	N. viridula
A0A9P0H9U1	1	U-01	viridula	N. viridula
A0A9P0H9U2	1	U-01	viridula	N. viridula
A0A9P0H9U5	2	U-02	viridula	N. viridula
A0A9P0H9U7	2	U-02	viridula	N. viridula
A0A9P0H9U9	1	U-01	viridula	N. viridula
A0A9P0H9V1	0	unassigned	viridula	N. viridula
A0A9P0H9V2	1	U-01	viridula	N. viridula
A0A9P0H9V3	1	U-01	viridula	N. viridula
A0A9P0H9V6	0	unassigned	viridula	N. viridula
A0A9P0H9V7	1	U-01	viridula	N. viridula
A0A9P0H9V8	3	U-03	viridula	N. viridula
A0A9P0H9V9	2	U-02	viridula	N. viridula
A0A9P0H9W2	4	U-04	viridula	N. viridula
A0A9P0H9W3	2	U-02	viridula	N. viridula
A0A9P0H9W4	1	U-01	viridula	N. viridula
A0A9P0H9W7	2	U-02	viridula	N. viridula
A0A9P0H9W8	1	U-01	viridula	N. viridula
A0A9P0H9W9	0	unassigned	viridula	N. viridula
A0A9P0H9X1	1	U-01	viridula	N. viridula
A0A9P0H9X3	1	U-01	viridula	N. viridula
A0A9P0H9X6	1	U-01	viridula	N. viridula
A0A9P0H9X7	1	U-01	viridula	N. viridula
A0A9P0H9Y1	1	U-01	viridula	N. viridula
A0A9P0H9Y3	1	U-01	viridula	N. viridula
A0A9P0H9Y4	1	U-01	viridula	N. viridula
A0A9P0H9Y5	1	U-01	viridula	N. viridula
A0A9P0H9Y6	2	U-02	viridula	N. viridula
A0A9P0H9Y7	2	U-02	viridula	N. viridula
A0A9P0H9Y8	1	U-01	viridula	N. viridula
A0A9P0H9Y9	3	U-03	viridula	N. viridula
A0A9P0H9Z0	1	U-01	viridula	N. viridula
A0A9P0H9Z2	1	U-01	viridula	N. viridula
A0A9P0H9Z4	2	U-02	viridula	N. viridula
A0A9P0H9Z5	1	U-01	viridula	N. viridula
A0A9P0H9Z6	1	U-01	viridula	N. viridula
A0A9P0H9Z8	1	U-01	viridula	N. viridula
A0A9P0H9Z9	2	U-02	viridula	N. viridula
A0A9P0HA01	1	U-01	viridula	N. viridula
A0A9P0HA03	1	U-01	viridula	N. viridula
A0A9P0HA04	1	U-01	viridula	N. viridula
A0A9P0HA05	1	U-01	viridula	N. viridula
A0A9P0HA06	2	U-02	viridula	N. viridula
A0A9P0HA07	1	U-01	viridula	N. viridula
A0A9P0HA09	4	U-04	viridula	N. viridula
A0A9P0HA11	1	U-01	viridula	N. viridula
A0A9P0HA17	2	U-02	viridula	N. viridula
A0A9P0HA18	1	U-01	viridula	N. viridula
A0A9P0HA19	1	U-01	viridula	N. viridula
A0A9P0HA21	1	U-01	viridula	N. viridula
A0A9P0HA24	3	U-03	viridula	N. viridula
A0A9P0HA26	2	U-02	viridula	N. viridula
A0A9P0HA27	1	U-01	viridula	N. viridula
A0A9P0HA30	0	unassigned	viridula	N. viridula
A0A9P0HA31	4	U-04	viridula	N. viridula
A0A9P0HA38	1	U-01	viridula	N. viridula
A0A9P0HA39	1	U-01	viridula	N. viridula
A0A9P0HA43	1	U-01	viridula	N. viridula
A0A9P0HA44	2	U-02	viridula	N. viridula
A0A9P0HA47	2	U-02	viridula	N. viridula
A0A9P0HA50	4	U-04	viridula	N. viridula
A0A9P0HA51	2	U-02	viridula	N. viridula
A0A9P0HA53	1	U-01	viridula	N. viridula
A0A9P0HA56	1	U-01	viridula	N. viridula
A0A9P0HA58	1	U-01	viridula	N. viridula
A0A9P0HA60	0	unassigned	viridula	N. viridula
A0A9P0HA62	2	U-02	viridula	N. viridula
A0A9P0HA64	1	U-01	viridula	N. viridula
A0A9P0HA66	0	unassigned	viridula	N. viridula
A0A9P0HA67	4	U-04	viridula	N. viridula
A0A9P0HA72	2	U-02	viridula	N. viridula
A0A9P0HA75	1	U-01	viridula	N. viridula
A0A9P0HA77	1	U-01	viridula	N. viridula
A0A9P0HA78	1	U-01	viridula	N. viridula
A0A9P0HA83	3	U-03	viridula	N. viridula
A0A9P0HA84	3	U-03	viridula	N. viridula
A0A9P0HA87	2	U-02	viridula	N. viridula
A0A9P0HA89	2	U-02	viridula	N. viridula
A0A9P0HA90	1	U-01	viridula	N. viridula
A0A9P0HA91	1	U-01	viridula	N. viridula
A0A9P0EC29	1	U-01	viridula	N. viridula
A0A9P0EC35	1	U-01	viridula	N. viridula
A0A9P0EC36	1	U-01	viridula	N. viridula
A0A9P0EC40	3	U-03	viridula	N. viridula
A0A9P0EC45	1	U-01	viridula	N. viridula
A0A9P0EC53	1	U-01	viridula	N. viridula
A0A9P0EC58	1	U-01	viridula	N. viridula
A0A9P0EC69	0	unassigned	viridula	N. viridula
A0A9P0EC73	0	unassigned	viridula	N. viridula
A0A9P0EC75	1	U-01	viridula	N. viridula
A0A9P0EC77	1	U-01	viridula	N. viridula
A0A9P0EC78	4	U-04	viridula	N. viridula
A0A9P0EC84	1	U-01	viridula	N. viridula
A0A9P0EC87	1	U-01	viridula	N. viridula
A0A9P0EC89	3	U-03	viridula	N. viridula
A0A9P0EC92	1	U-01	viridula	N. viridula
A0A9P0EC97	4	U-04	viridula	N. viridula
A0A9P0ECA1	1	U-01	viridula	N. viridula
A0A9P0ECA4	1	U-01	viridula	N. viridula
A0A9P0ECA6	1	U-01	viridula	N. viridula
A0A9P0ECA9	1	U-01	viridula	N. viridula
A0A9P0ECB2	1	U-01	viridula	N. viridula
A0A9P0ECB5	1	U-01	viridula	N. viridula
A0A9P0ECC6	1	U-01	viridula	N. viridula
A0A9P0ECC7	3	U-03	viridula	N. viridula
A0A9P0ECD1	1	U-01	viridula	N. viridula
A0A9P0ECD3	1	U-01	viridula	N. viridula
A0A9P0ECE5	1	U-01	viridula	N. viridula
A0A9P0ECE9	1	U-01	viridula	N. viridula
A0A9P0ECF6	3	U-03	viridula	N. viridula
A0A9P0ECG1	1	U-01	viridula	N. viridula
A0A9P0ECH5	4	U-04	viridula	N. viridula
A0A9P0ECH6	3	U-03	viridula	N. viridula
A0A9P0ECI1	1	U-01	viridula	N. viridula
A0A9P0ECI3	1	U-01	viridula	N. viridula
A0A9P0ECI5	1	U-01	viridula	N. viridula
A0A9P0ECI8	1	U-01	viridula	N. viridula
A0A9P0ECJ3	1	U-01	viridula	N. viridula
A0A9P0ECK7	1	U-01	viridula	N. viridula
A0A9P0ECL2	1	U-01	viridula	N. viridula
A0A9P0ECL6	1	U-01	viridula	N. viridula
A0A9P0ECL7	1	U-01	viridula	N. viridula
A0A9P0ECL9	0	unassigned	viridula	N. viridula
A0A9P0ECN2	1	U-01	viridula	N. viridula
A0A9P0ECN9	1	U-01	viridula	N. viridula
A0A9P0ECP0	1	U-01	viridula	N. viridula
A0A9P0ECP2	1	U-01	viridula	N. viridula
A0A9P0ECQ7	3	U-03	viridula	N. viridula
A0A9P0ECQ9	1	U-01	viridula	N. viridula
A0A9P0ECR1	1	U-01	viridula	N. viridula
A0A9P0ECR5	0	unassigned	viridula	N. viridula
A0A9P0ECR6	1	U-01	viridula	N. viridula
A0A9P0ECS5	1	U-01	viridula	N. viridula
A0A9P0ECT3	3	U-03	viridula	N. viridula
A0A9P0ECT8	1	U-01	viridula	N. viridula
A0A9P0ECU3	1	U-01	viridula	N. viridula
A0A9P0ECU4	1	U-01	viridula	N. viridula
A0A9P0ECU5	3	U-03	viridula	N. viridula
A0A9P0ECV0	3	U-03	viridula	N. viridula
A0A9P0ECV3	1	U-01	viridula	N. viridula
A0A9P0ECV7	1	U-01	viridula	N. viridula
A0A9P0ECW6	1	U-01	viridula	N. viridula
A0A9P0ECX3	3	U-03	viridula	N. viridula
A0A9P0ECX4	0	unassigned	viridula	N. viridula
A0A9P0ECX6	1	U-01	viridula	N. viridula
A0A9P0ECY6	3	U-03	viridula	N. viridula
A0A9P0ECZ0	4	U-04	viridula	N. viridula
A0A9P0ED03	3	U-03	viridula	N. viridula
A0A9P0ED16	3	U-03	viridula	N. viridula
A0A9P0ED25	1	U-01	viridula	N. viridula
A0A9P0ED29	1	U-01	viridula	N. viridula
A0A9P0ED32	1	U-01	viridula	N. viridula
A0A9P0ED37	1	U-01	viridula	N. viridula
A0A9P0ED46	4	U-04	viridula	N. viridula
A0A9P0ED49	1	U-01	viridula	N. viridula
A0A9P0ED52	0	unassigned	viridula	N. viridula
A0A9P0ED55	3	U-03	viridula	N. viridula
A0A9P0ED56	1	U-01	viridula	N. viridula
A0A9P0ED59	3	U-03	viridula	N. viridula
A0A9P0ED65	1	U-01	viridula	N. viridula
A0A9P0ED68	1	U-01	viridula	N. viridula
A0A9P0ED76	1	U-01	viridula	N. viridula
A0A9P0ED86	3	U-03	viridula	N. viridula
A0A9P0ED87	1	U-01	viridula	N. viridula
A0A9P0ED99	1	U-01	viridula	N. viridula
A0A9P0EDA9	1	U-01	viridula	N. viridula
A0A9P0H819	1	U-01	viridula	N. viridula
A0A9P0H821	1	U-01	viridula	N. viridula
A0A9P0H823	4	U-04	viridula	N. viridula
A0A9P0H829	1	U-01	viridula	N. viridula
A0A9P0H832	1	U-01	viridula	N. viridula
A0A9P0H833	1	U-01	viridula	N. viridula
A0A9P0H835	1	U-01	viridula	N. viridula
A0A9P0H839	3	U-03	viridula	N. viridula
A0A9P0H840	1	U-01	viridula	N. viridula
A0A9P0H842	1	U-01	viridula	N. viridula
A0A9P0H848	3	U-03	viridula	N. viridula
A0A9P0H850	3	U-03	viridula	N. viridula
A0A9P0H862	1	U-01	viridula	N. viridula
A0A9P0H864	1	U-01	viridula	N. viridula
A0A9P0H869	1	U-01	viridula	N. viridula
A0A9P0H873	3	U-03	viridula	N. viridula
A0A9P0H880	4	U-04	viridula	N. viridula
A0A9P0H881	1	U-01	viridula	N. viridula
A0A9P0H886	1	U-01	viridula	N. viridula
A0A9P0H889	4	U-04	viridula	N. viridula
A0A9P0H891	1	U-01	viridula	N. viridula
A0A9P0H893	1	U-01	viridula	N. viridula
A0A9P0H897	0	unassigned	viridula	N. viridula
A0A9P0H898	1	U-01	viridula	N. viridula
A0A9P0H899	1	U-01	viridula	N. viridula
A0A9P0H8A1	1	U-01	viridula	N. viridula
A0A9P0H8A4	3	U-03	viridula	N. viridula
A0A9P0H8A6	4	U-04	viridula	N. viridula
A0A9P0H8A9	1	U-01	viridula	N. viridula
A0A9P0H8B1	4	U-04	viridula	N. viridula
A0A9P0H8B4	1	U-01	viridula	N. viridula
A0A9P0H8B5	1	U-01	viridula	N. viridula
A0A9P0H8C2	0	unassigned	viridula	N. viridula
A0A9P0H8C6	1	U-01	viridula	N. viridula
A0A9P0H8C9	1	U-01	viridula	N. viridula
A0A9P0H8D5	1	U-01	viridula	N. viridula
A0A9P0H8D8	0	unassigned	viridula	N. viridula
A0A9P0H8D9	1	U-01	viridula	N. viridula
A0A9P0H8F3	4	U-04	viridula	N. viridula
A0A9P0H8F7	1	U-01	viridula	N. viridula
A0A9P0H8F8	1	U-01	viridula	N. viridula
A0A9P0H8G2	4	U-04	viridula	N. viridula
A0A9P0H8G5	1	U-01	viridula	N. viridula
A0A9P0H8G9	1	U-01	viridula	N. viridula
A0A9P0H8H0	3	U-03	viridula	N. viridula
A0A9P0H8H1	4	U-04	viridula	N. viridula
A0A9P0H8H3	3	U-03	viridula	N. viridula
A0A9P0HJ93	0	unassigned	viridula	N. viridula
A0A9P0HJ96	1	U-01	viridula	N. viridula
A0A9P0HJA0	0	unassigned	viridula	N. viridula
A0A9P0HJA2	1	U-01	viridula	N. viridula
A0A9P0HJA3	4	U-04	viridula	N. viridula
A0A9P0HJA5	1	U-01	viridula	N. viridula
A0A9P0HJA7	1	U-01	viridula	N. viridula
A0A9P0HJA8	1	U-01	viridula	N. viridula
A0A9P0HJA9	1	U-01	viridula	N. viridula
A0A9P0HJB2	4	U-04	viridula	N. viridula
A0A9P0HJB6	0	unassigned	viridula	N. viridula
A0A9P0HJB9	1	U-01	viridula	N. viridula
A0A9P0HJC7	1	U-01	viridula	N. viridula
A0A9P0HJC8	1	U-01	viridula	N. viridula
A0A9P0HJC9	1	U-01	viridula	N. viridula
A0A9P0HJD1	4	U-04	viridula	N. viridula
A0A9P0HJD3	1	U-01	viridula	N. viridula
A0A9P0HJE0	0	unassigned	viridula	N. viridula
A0A9P0HJE4	1	U-01	viridula	N. viridula
A0A9P0HJE9	1	U-01	viridula	N. viridula
A0A9P0HJF0	1	U-01	viridula	N. viridula
A0A9P0HJF1	1	U-01	viridula	N. viridula
A0A9P0HJF2	1	U-01	viridula	N. viridula
A0A9P0HJG7	1	U-01	viridula	N. viridula
A0A9P0HJG8	1	U-01	viridula	N. viridula
A0A9P0HJH1	1	U-01	viridula	N. viridula
A0A9P0HJH2	1	U-01	viridula	N. viridula
A0A9P0HJH4	1	U-01	viridula	N. viridula
A0A9P0HJH6	0	unassigned	viridula	N. viridula
A0A9P0HJI0	1	U-01	viridula	N. viridula
A0A9P0HJI6	1	U-01	viridula	N. viridula
A0A9P0HJI7	3	U-03	viridula	N. viridula
A0A9P0HJI8	1	U-01	viridula	N. viridula
A0A9P0HJJ2	0	unassigned	viridula	N. viridula
A0A9P0HJJ7	0	unassigned	viridula	N. viridula
A0A9P0HJJ8	1	U-01	viridula	N. viridula
A0A9P0HJK1	1	U-01	viridula	N. viridula
A0A9P0HJK6	4	U-04	viridula	N. viridula
A0A9P0HJL3	1	U-01	viridula	N. viridula
A0A9P0HJL4	3	U-03	viridula	N. viridula
A0A9P0HJL9	1	U-01	viridula	N. viridula
A0A9P0HJM5	3	U-03	viridula	N. viridula
A0A9P0HJN1	1	U-01	viridula	N. viridula
A0A9P0HJN4	1	U-01	viridula	N. viridula
A0A9P0HJN6	1	U-01	viridula	N. viridula
A0A9P0HJN9	1	U-01	viridula	N. viridula
A0A9P0HJP0	4	U-04	viridula	N. viridula
A0A9P0HJP1	3	U-03	viridula	N. viridula
A0A9P0HJP2	3	U-03	viridula	N. viridula
A0A9P0HJP4	1	U-01	viridula	N. viridula
A0A9P0HJP5	1	U-01	viridula	N. viridula
A0A9P0HJP6	1	U-01	viridula	N. viridula
A0A9P0HJP7	1	U-01	viridula	N. viridula
A0A9P0HJQ0	1	U-01	viridula	N. viridula
A0A9P0HJQ8	1	U-01	viridula	N. viridula
A0A9P0HJR0	1	U-01	viridula	N. viridula
A0A9P0HJR6	1	U-01	viridula	N. viridula
A0A9P0HJR7	1	U-01	viridula	N. viridula
A0A9P0HJS1	1	U-01	viridula	N. viridula
A0A9P0HJS8	1	U-01	viridula	N. viridula
A0A9P0HJT0	1	U-01	viridula	N. viridula
A0A9P0HJT1	0	unassigned	viridula	N. viridula
A0A9P0HJT2	1	U-01	viridula	N. viridula
A0A9P0HJT4	0	unassigned	viridula	N. viridula
A0A9P0HJT5	1	U-01	viridula	N. viridula
A0A9P0HJT6	0	unassigned	viridula	N. viridula
A0A9P0HJT8	3	U-03	viridula	N. viridula
A0A9P0HJT9	1	U-01	viridula	N. viridula
A0A9P0HJU0	1	U-01	viridula	N. viridula
A0A9P0HJU1	4	U-04	viridula	N. viridula
A0A9P0HJU5	1	U-01	viridula	N. viridula
A0A9P0HJU6	1	U-01	viridula	N. viridula
A0A9P0HJV1	3	U-03	viridula	N. viridula
A0A9P0HJV5	1	U-01	viridula	N. viridula
A0A9P0HJV6	1	U-01	viridula	N. viridula
A0A9P0HJV7	3	U-03	viridula	N. viridula
A0A9P0HJW0	0	unassigned	viridula	N. viridula
A0A9P0HJW2	3	U-03	viridula	N. viridula
A0A9P0HJW4	1	U-01	viridula	N. viridula
A0A9P0HJX0	1	U-01	viridula	N. viridula
A0A9P0HJX1	1	U-01	viridula	N. viridula
A0A9P0HJX2	1	U-01	viridula	N. viridula
A0A9P0HJX8	3	U-03	viridula	N. viridula
A0A9P0HJY0	1	U-01	viridula	N. viridula
A0A9P0HJY1	1	U-01	viridula	N. viridula
A0A9P0HJY2	1	U-01	viridula	N. viridula
A0A9P0HJY4	1	U-01	viridula	N. viridula
A0A9P0HJY6	1	U-01	viridula	N. viridula
A0A9P0HJZ0	1	U-01	viridula	N. viridula
A0A9P0HJZ9	3	U-03	viridula	N. viridula
A0A9P0HK00	1	U-01	viridula	N. viridula
A0A9P0HK02	1	U-01	viridula	N. viridula
A0A9P0HK03	1	U-01	viridula	N. viridula
A0A9P0HK08	1	U-01	viridula	N. viridula
A0A9P0HK09	1	U-01	viridula	N. viridula
A0A9P0HK13	4	U-04	viridula	N. viridula
A0A9P0HK16	0	unassigned	viridula	N. viridula
A0A9P0HK18	1	U-01	viridula	N. viridula
A0A9P0H276	0	unassigned	viridula	N. viridula
A0A9P0H277	1	U-01	viridula	N. viridula
A0A9P0H278	4	U-04	viridula	N. viridula
A0A9P0H279	0	unassigned	viridula	N. viridula
A0A9P0H281	0	unassigned	viridula	N. viridula
A0A9P0H282	1	U-01	viridula	N. viridula
A0A9P0H283	0	unassigned	viridula	N. viridula
A0A9P0H286	1	U-01	viridula	N. viridula
A0A9P0H287	1	U-01	viridula	N. viridula
A0A9P0H288	1	U-01	viridula	N. viridula
A0A9P0H290	1	U-01	viridula	N. viridula
A0A9P0H294	1	U-01	viridula	N. viridula
A0A9P0H295	1	U-01	viridula	N. viridula
A0A9P0H296	0	unassigned	viridula	N. viridula
A0A9P0H297	4	U-04	viridula	N. viridula
A0A9P0H299	2	U-02	viridula	N. viridula
A0A9P0H2A0	0	unassigned	viridula	N. viridula
A0A9P0H2A1	4	U-04	viridula	N. viridula
A0A9P0H2A3	1	U-01	viridula	N. viridula
A0A9P0H2A5	1	U-01	viridula	N. viridula
A0A9P0H2A7	3	U-03	viridula	N. viridula
A0A9P0H2A8	0	unassigned	viridula	N. viridula
A0A9P0H2B0	0	unassigned	viridula	N. viridula
A0A9P0H2B1	3	U-03	viridula	N. viridula
A0A9P0H2B2	2	U-02	viridula	N. viridula
A0A9P0H2B3	2	U-02	viridula	N. viridula
A0A9P0H2B4	1	U-01	viridula	N. viridula
A0A9P0H2B5	1	U-01	viridula	N. viridula
A0A9P0H2B6	1	U-01	viridula	N. viridula
A0A9P0H2B8	1	U-01	viridula	N. viridula
A0A9P0H2B9	1	U-01	viridula	N. viridula
A0A9P0H2C0	2	U-02	viridula	N. viridula
A0A9P0H2C1	0	unassigned	viridula	N. viridula
A0A9P0H2C3	1	U-01	viridula	N. viridula
A0A9P0H2C4	1	U-01	viridula	N. viridula
A0A9P0H2C5	1	U-01	viridula	N. viridula
A0A9P0H2C6	1	U-01	viridula	N. viridula
A0A9P0H2C7	1	U-01	viridula	N. viridula
A0A9P0H2C9	2	U-02	viridula	N. viridula
A0A9P0H2D0	1	U-01	viridula	N. viridula
A0A9P0H2D2	2	U-02	viridula	N. viridula
A0A9P0H2D3	2	U-02	viridula	N. viridula
A0A9P0H2D4	1	U-01	viridula	N. viridula
A0A9P0H2D8	2	U-02	viridula	N. viridula
A0A9P0H2D9	2	U-02	viridula	N. viridula
A0A9P0H2E0	2	U-02	viridula	N. viridula
A0A9P0H2E1	0	unassigned	viridula	N. viridula
A0A9P0H2E2	3	U-03	viridula	N. viridula
A0A9P0H2E4	1	U-01	viridula	N. viridula
A0A9P0H2E5	1	U-01	viridula	N. viridula
A0A9P0H2E6	1	U-01	viridula	N. viridula
A0A9P0H2E8	1	U-01	viridula	N. viridula
A0A9P0H2F1	4	U-04	viridula	N. viridula
A0A9P0H2F2	3	U-03	viridula	N. viridula
A0A9P0H2F4	2	U-02	viridula	N. viridula
A0A9P0H2F5	2	U-02	viridula	N. viridula
A0A9P0H2F6	2	U-02	viridula	N. viridula
A0A9P0H2F8	0	unassigned	viridula	N. viridula
A0A9P0H2G0	0	unassigned	viridula	N. viridula
A0A9P0H2G1	1	U-01	viridula	N. viridula
A0A9P0H2G2	1	U-01	viridula	N. viridula
A0A9P0H2G4	3	U-03	viridula	N. viridula
A0A9P0H2G6	1	U-01	viridula	N. viridula
A0A9P0H2G7	1	U-01	viridula	N. viridula
A0A9P0H2G8	1	U-01	viridula	N. viridula
A0A9P0H2G9	1	U-01	viridula	N. viridula
A0A9P0H2H1	2	U-02	viridula	N. viridula
A0A9P0H2H2	0	unassigned	viridula	N. viridula
A0A9P0H2H5	2	U-02	viridula	N. viridula
A0A9P0H2H6	1	U-01	viridula	N. viridula
A0A9P0H2H7	1	U-01	viridula	N. viridula
A0A9P0H2H8	0	unassigned	viridula	N. viridula
A0A9P0H2H9	2	U-02	viridula	N. viridula
A0A9P0H2I1	1	U-01	viridula	N. viridula
A0A9P0H2I2	1	U-01	viridula	N. viridula
A0A9P0H2I4	1	U-01	viridula	N. viridula
A0A9P0H2I5	1	U-01	viridula	N. viridula
A0A9P0H2I6	2	U-02	viridula	N. viridula
A0A9P0H2I8	1	U-01	viridula	N. viridula
A0A9P0H2J0	1	U-01	viridula	N. viridula
A0A9P0H2J2	2	U-02	viridula	N. viridula
A0A9P0H2J3	1	U-01	viridula	N. viridula
A0A9P0H2J4	2	U-02	viridula	N. viridula
A0A9P0H2J5	2	U-02	viridula	N. viridula
A0A9P0H2J6	1	U-01	viridula	N. viridula
A0A9P0H2J9	2	U-02	viridula	N. viridula
A0A9P0H2K0	2	U-02	viridula	N. viridula
A0A9P0H2K1	2	U-02	viridula	N. viridula
A0A9P0H2K2	1	U-01	viridula	N. viridula
A0A9P0H2K3	1	U-01	viridula	N. viridula
A0A9P0H2K4	1	U-01	viridula	N. viridula
A0A9P0H2K5	1	U-01	viridula	N. viridula
A0A9P0H2K6	2	U-02	viridula	N. viridula
A0A9P0H2K7	0	unassigned	viridula	N. viridula
A0A9P0H2K9	1	U-01	viridula	N. viridula
A0A9P0H2L2	1	U-01	viridula	N. viridula
A0A9P0H2L3	2	U-02	viridula	N. viridula
A0A9P0H2L4	0	unassigned	viridula	N. viridula
A0A9P0H2L8	1	U-01	viridula	N. viridula
A0A9P0H2L9	1	U-01	viridula	N. viridula
A0A9P0H2M0	1	U-01	viridula	N. viridula
A0A9P0H2M1	4	U-04	viridula	N. viridula
A0A9P0H2M2	4	U-04	viridula	N. viridula
A0A9P0H2M3	2	U-02	viridula	N. viridula
A0A9P0H2M4	1	U-01	viridula	N. viridula
A0A9P0H2M5	1	U-01	viridula	N. viridula
A0A9P0H2M6	1	U-01	viridula	N. viridula
A0A9P0H2M7	0	unassigned	viridula	N. viridula
A0A9P0H2M8	2	U-02	viridula	N. viridula
A0A9P0H2M9	1	U-01	viridula	N. viridula
A0A9P0H2N0	1	U-01	viridula	N. viridula
A0A9P0H2N1	2	U-02	viridula	N. viridula
A0A9P0H2N2	1	U-01	viridula	N. viridula
A0A9P0H2N5	2	U-02	viridula	N. viridula
A0A9P0H2N8	4	U-04	viridula	N. viridula
A0A9P0H2N9	2	U-02	viridula	N. viridula
A0A9P0H2P1	0	unassigned	viridula	N. viridula
A0A9P0H2P2	2	U-02	viridula	N. viridula
A0A9P0H2P3	1	U-01	viridula	N. viridula
A0A9P0H2P5	1	U-01	viridula	N. viridula
A0A9P0H2P7	4	U-04	viridula	N. viridula
A0A9P0H2P8	1	U-01	viridula	N. viridula
A0A9P0H2Q0	1	U-01	viridula	N. viridula
A0A9P0H2Q1	2	U-02	viridula	N. viridula
A0A9P0H2Q2	1	U-01	viridula	N. viridula
A0A9P0H2Q3	1	U-01	viridula	N. viridula
A0A9P0H2Q5	1	U-01	viridula	N. viridula
A0A9P0H2Q6	1	U-01	viridula	N. viridula
A0A9P0H2Q7	1	U-01	viridula	N. viridula
A0A9P0H2Q8	2	U-02	viridula	N. viridula
A0A9P0H2R0	1	U-01	viridula	N. viridula
A0A9P0H2R1	1	U-01	viridula	N. viridula
A0A9P0H2R2	3	U-03	viridula	N. viridula
A0A9P0H2R3	1	U-01	viridula	N. viridula
A0A9P0H2R4	0	unassigned	viridula	N. viridula
A0A9P0H2R5	2	U-02	viridula	N. viridula
A0A9P0H2R6	1	U-01	viridula	N. viridula
A0A9P0H2R7	1	U-01	viridula	N. viridula
A0A9P0H2R8	2	U-02	viridula	N. viridula
A0A9P0H2R9	0	unassigned	viridula	N. viridula
A0A9P0H2S0	0	unassigned	viridula	N. viridula
A0A9P0H2S2	3	U-03	viridula	N. viridula
A0A9P0H2S5	1	U-01	viridula	N. viridula
A0A9P0H2S6	1	U-01	viridula	N. viridula
A0A9P0H2S7	1	U-01	viridula	N. viridula
A0A9P0H2S8	2	U-02	viridula	N. viridula
A0A9P0H2S9	1	U-01	viridula	N. viridula
A0A9P0H2T4	1	U-01	viridula	N. viridula
A0A9P0H2T6	0	unassigned	viridula	N. viridula
A0A9P0H2T8	2	U-02	viridula	N. viridula
A0A9P0H2T9	4	U-04	viridula	N. viridula
A0A9P0H2U1	1	U-01	viridula	N. viridula
A0A9P0H2U3	2	U-02	viridula	N. viridula
A0A9P0H2U5	1	U-01	viridula	N. viridula
A0A9P0H2U6	1	U-01	viridula	N. viridula
A0A9P0HGB6	1	U-01	viridula	N. viridula
A0A9P0HGB7	1	U-01	viridula	N. viridula
A0A9P0HGB8	1	U-01	viridula	N. viridula
A0A9P0HGB9	3	U-03	viridula	N. viridula
A0A9P0HGC0	1	U-01	viridula	N. viridula
A0A9P0HGC1	1	U-01	viridula	N. viridula
A0A9P0HGC4	1	U-01	viridula	N. viridula
A0A9P0HGC7	0	unassigned	viridula	N. viridula
A0A9P0HGC8	1	U-01	viridula	N. viridula
A0A9P0HGC9	1	U-01	viridula	N. viridula
A0A9P0HGD1	1	U-01	viridula	N. viridula
A0A9P0HGD2	0	unassigned	viridula	N. viridula
A0A9P0HGD4	1	U-01	viridula	N. viridula
A0A9P0HGD7	1	U-01	viridula	N. viridula
A0A9P0HGD8	0	unassigned	viridula	N. viridula
A0A9P0HGE2	1	U-01	viridula	N. viridula
A0A9P0HGE3	1	U-01	viridula	N. viridula
A0A9P0HGE5	2	U-02	viridula	N. viridula
A0A9P0HGE6	1	U-01	viridula	N. viridula
A0A9P0HGE9	1	U-01	viridula	N. viridula
A0A9P0HGF2	1	U-01	viridula	N. viridula
A0A9P0HGF3	1	U-01	viridula	N. viridula
A0A9P0HGF4	2	U-02	viridula	N. viridula
A0A9P0HGF5	1	U-01	viridula	N. viridula
A0A9P0HGF6	1	U-01	viridula	N. viridula
A0A9P0HGF9	1	U-01	viridula	N. viridula
A0A9P0HGG0	1	U-01	viridula	N. viridula
A0A9P0HGG1	4	U-04	viridula	N. viridula
A0A9P0HGG2	2	U-02	viridula	N. viridula
A0A9P0HGG4	2	U-02	viridula	N. viridula
A0A9P0HGG6	2	U-02	viridula	N. viridula
A0A9P0HGG7	2	U-02	viridula	N. viridula
A0A9P0HGG8	1	U-01	viridula	N. viridula
A0A9P0HGG9	1	U-01	viridula	N. viridula
A0A9P0HGH0	1	U-01	viridula	N. viridula
A0A9P0HGH2	1	U-01	viridula	N. viridula
A0A9P0HGH3	3	U-03	viridula	N. viridula
A0A9P0HGH6	1	U-01	viridula	N. viridula
A0A9P0HGH7	1	U-01	viridula	N. viridula
A0A9P0HGH8	1	U-01	viridula	N. viridula
A0A9P0HGH9	0	unassigned	viridula	N. viridula
A0A9P0HGI1	1	U-01	viridula	N. viridula
A0A9P0HGI5	1	U-01	viridula	N. viridula
A0A9P0HGI8	1	U-01	viridula	N. viridula
A0A9P0HGI9	1	U-01	viridula	N. viridula
A0A9P0HGJ2	2	U-02	viridula	N. viridula
A0A9P0HGJ5	1	U-01	viridula	N. viridula
A0A9P0HGJ8	0	unassigned	viridula	N. viridula
A0A9P0HGJ9	2	U-02	viridula	N. viridula
A0A9P0HGK0	2	U-02	viridula	N. viridula
A0A9P0HGK1	1	U-01	viridula	N. viridula
A0A9P0HGK3	2	U-02	viridula	N. viridula
A0A9P0HGK6	1	U-01	viridula	N. viridula
A0A9P0HGK7	0	unassigned	viridula	N. viridula
A0A9P0HGK8	2	U-02	viridula	N. viridula
A0A9P0HGK9	1	U-01	viridula	N. viridula
A0A9P0HGL0	3	U-03	viridula	N. viridula
A0A9P0HGL1	1	U-01	viridula	N. viridula
A0A9P0HGL2	3	U-03	viridula	N. viridula
A0A9P0HGL4	1	U-01	viridula	N. viridula
A0A9P0HGL5	2	U-02	viridula	N. viridula
A0A9P0HGL9	1	U-01	viridula	N. viridula
A0A9P0HGM0	1	U-01	viridula	N. viridula
A0A9P0HGM1	1	U-01	viridula	N. viridula
A0A9P0HGM3	1	U-01	viridula	N. viridula
A0A9P0HGM4	1	U-01	viridula	N. viridula
A0A9P0HGM5	1	U-01	viridula	N. viridula
A0A9P0HGM6	1	U-01	viridula	N. viridula
A0A9P0HGM8	1	U-01	viridula	N. viridula
A0A9P0HGN0	1	U-01	viridula	N. viridula
A0A9P0HGN1	2	U-02	viridula	N. viridula
A0A9P0HGN2	3	U-03	viridula	N. viridula
A0A9P0HGN3	3	U-03	viridula	N. viridula
A0A9P0HGN4	1	U-01	viridula	N. viridula
A0A9P0HGN5	1	U-01	viridula	N. viridula
A0A9P0HGN6	1	U-01	viridula	N. viridula
A0A9P0HGN7	2	U-02	viridula	N. viridula
A0A9P0HGN8	1	U-01	viridula	N. viridula
A0A9P0HGP0	2	U-02	viridula	N. viridula
A0A9P0HGP1	1	U-01	viridula	N. viridula
A0A9P0HGP4	2	U-02	viridula	N. viridula
A0A9P0HGP5	1	U-01	viridula	N. viridula
A0A9P0HGP8	1	U-01	viridula	N. viridula
A0A9P0HGP9	1	U-01	viridula	N. viridula
A0A9P0HGQ1	1	U-01	viridula	N. viridula
A0A9P0HGQ3	3	U-03	viridula	N. viridula
A0A9P0HGQ5	1	U-01	viridula	N. viridula
A0A9P0HGQ7	4	U-04	viridula	N. viridula
A0A9P0HGQ8	3	U-03	viridula	N. viridula
A0A9P0HGQ9	1	U-01	viridula	N. viridula
A0A9P0HGR1	1	U-01	viridula	N. viridula
A0A9P0HGR4	1	U-01	viridula	N. viridula
A0A9P0HGR6	1	U-01	viridula	N. viridula
A0A9P0HGS0	1	U-01	viridula	N. viridula
A0A9P0HGS2	0	unassigned	viridula	N. viridula
A0A9P0HGS3	1	U-01	viridula	N. viridula
A0A9P0HGS4	1	U-01	viridula	N. viridula
A0A9P0HGS5	1	U-01	viridula	N. viridula
A0A9P0HGS6	1	U-01	viridula	N. viridula
A0A9P0HGS7	3	U-03	viridula	N. viridula
A0A9P0HGS9	1	U-01	viridula	N. viridula
A0A9P0HGT0	2	U-02	viridula	N. viridula
A0A9P0HGT1	1	U-01	viridula	N. viridula
A0A9P0HGT2	1	U-01	viridula	N. viridula
A0A9P0HGT3	4	U-04	viridula	N. viridula
A0A9P0HGT4	1	U-01	viridula	N. viridula
A0A9P0HGT5	1	U-01	viridula	N. viridula
A0A9P0HGT7	0	unassigned	viridula	N. viridula
A0A9P0HGT9	1	U-01	viridula	N. viridula
A0A9P0HGU0	1	U-01	viridula	N. viridula
A0A9P0HGU1	1	U-01	viridula	N. viridula
A0A9P0HGU2	1	U-01	viridula	N. viridula
A0A9P0HGU3	0	unassigned	viridula	N. viridula
A0A9P0HGU5	0	unassigned	viridula	N. viridula
A0A9P0HGU7	3	U-03	viridula	N. viridula
A0A9P0HGU8	2	U-02	viridula	N. viridula
A0A9P0HGU9	1	U-01	viridula	N. viridula
A0A9P0HGV3	2	U-02	viridula	N. viridula
A0A9P0HGV4	2	U-02	viridula	N. viridula
A0A9P0HGV5	0	unassigned	viridula	N. viridula
A0A9P0HGV6	2	U-02	viridula	N. viridula
A0A9P0HGV8	1	U-01	viridula	N. viridula
A0A9P0HGW0	1	U-01	viridula	N. viridula
A0A9P0HGW2	1	U-01	viridula	N. viridula
A0A9P0HGW4	3	U-03	viridula	N. viridula
A0A9P0HGW5	2	U-02	viridula	N. viridula
A0A9P0HGW6	1	U-01	viridula	N. viridula
A0A9P0HGW8	0	unassigned	viridula	N. viridula
A0A9P0HGW9	1	U-01	viridula	N. viridula
A0A9P0HGX0	2	U-02	viridula	N. viridula
A0A9P0HGX1	0	unassigned	viridula	N. viridula
A0A9P0HGX2	0	unassigned	viridula	N. viridula
A0A9P0HGX6	1	U-01	viridula	N. viridula
A0A9P0HGX8	1	U-01	viridula	N. viridula
A0A9P0HGY0	0	unassigned	viridula	N. viridula
A0A9P0HGY1	1	U-01	viridula	N. viridula
A0A9P0HGY3	1	U-01	viridula	N. viridula
A0A9P0HGY4	3	U-03	viridula	N. viridula
A0A9P0HGY5	2	U-02	viridula	N. viridula
A0A9P0HGY6	3	U-03	viridula	N. viridula
A0A9P0HGY7	1	U-01	viridula	N. viridula
A0A9P0HGY8	2	U-02	viridula	N. viridula
A0A9P0HGZ0	0	unassigned	viridula	N. viridula
A0A9P0HGZ1	1	U-01	viridula	N. viridula
A0A9P0HGZ2	1	U-01	viridula	N. viridula
A0A9P0HGZ4	1	U-01	viridula	N. viridula
A0A9P0HGZ6	2	U-02	viridula	N. viridula
A0A9P0HGZ7	1	U-01	viridula	N. viridula
A0A9P0HGZ8	1	U-01	viridula	N. viridula
A0A9P0HH00	2	U-02	viridula	N. viridula
A0A9P0HH01	1	U-01	viridula	N. viridula
A0A9P0HH02	3	U-03	viridula	N. viridula
A0A9P0HH04	0	unassigned	viridula	N. viridula
A0A9P0HH05	1	U-01	viridula	N. viridula
A0A9P0HH06	1	U-01	viridula	N. viridula
A0A9P0HH11	1	U-01	viridula	N. viridula
A0A9P0HH12	2	U-02	viridula	N. viridula
A0A9P0HH13	1	U-01	viridula	N. viridula
A0A9P0HH14	1	U-01	viridula	N. viridula
A0A9P0HH15	2	U-02	viridula	N. viridula
A0A9P0HH16	1	U-01	viridula	N. viridula
A0A9P0HH18	1	U-01	viridula	N. viridula
A0A9P0HH20	1	U-01	viridula	N. viridula
A0A9P0HH21	1	U-01	viridula	N. viridula
A0A9P0HH22	1	U-01	viridula	N. viridula
A0A9P0HH23	1	U-01	viridula	N. viridula
A0A9P0HH25	1	U-01	viridula	N. viridula
A0A9P0HH26	2	U-02	viridula	N. viridula
A0A9P0HH27	3	U-03	viridula	N. viridula
A0A9P0HH28	3	U-03	viridula	N. viridula
A0A9P0HH29	1	U-01	viridula	N. viridula
A0A9P0HH30	2	U-02	viridula	N. viridula
A0A9P0HH31	0	unassigned	viridula	N. viridula
A0A9P0HH32	2	U-02	viridula	N. viridula
A0A9P0HH33	1	U-01	viridula	N. viridula
A0A9P0HH34	1	U-01	viridula	N. viridula
A0A9P0HH35	1	U-01	viridula	N. viridula
A0A9P0HH36	2	U-02	viridula	N. viridula
A0A9P0HH37	1	U-01	viridula	N. viridula
A0A9P0HH39	2	U-02	viridula	N. viridula
A0A9P0HH42	1	U-01	viridula	N. viridula
A0A9P0HH45	1	U-01	viridula	N. viridula
A0A9P0HH47	0	unassigned	viridula	N. viridula
A0A9P0HH48	2	U-02	viridula	N. viridula
A0A9P0HH49	0	unassigned	viridula	N. viridula
A0A9P0HH51	1	U-01	viridula	N. viridula
A0A9P0HH52	3	U-03	viridula	N. viridula
A0A9P0HH53	1	U-01	viridula	N. viridula
A0A9P0HH56	3	U-03	viridula	N. viridula
A0A9P0HH57	0	unassigned	viridula	N. viridula
A0A9P0HH59	1	U-01	viridula	N. viridula
A0A9P0HH60	2	U-02	viridula	N. viridula
A0A9P0HH61	1	U-01	viridula	N. viridula
A0A9P0HH62	1	U-01	viridula	N. viridula
A0A9P0HH63	1	U-01	viridula	N. viridula
A0A9P0HH64	2	U-02	viridula	N. viridula
A0A9P0HH65	1	U-01	viridula	N. viridula
A0A9P0HH66	1	U-01	viridula	N. viridula
A0A9P0HH67	0	unassigned	viridula	N. viridula
A0A9P0HH70	4	U-04	viridula	N. viridula
A0A9P0GZ28	1	U-01	viridula	N. viridula
A0A9P0GZ29	1	U-01	viridula	N. viridula
A0A9P0GZ30	1	U-01	viridula	N. viridula
A0A9P0GZ36	1	U-01	viridula	N. viridula
A0A9P0GZ37	2	U-02	viridula	N. viridula
A0A9P0GZ41	0	unassigned	viridula	N. viridula
A0A9P0GZ43	1	U-01	viridula	N. viridula
A0A9P0GZ44	2	U-02	viridula	N. viridula
A0A9P0GZ46	1	U-01	viridula	N. viridula
A0A9P0GZ48	1	U-01	viridula	N. viridula
A0A9P0GZ51	1	U-01	viridula	N. viridula
A0A9P0GZ54	1	U-01	viridula	N. viridula
A0A9P0GZ55	1	U-01	viridula	N. viridula
A0A9P0GZ56	2	U-02	viridula	N. viridula
A0A9P0GZ59	2	U-02	viridula	N. viridula
A0A9P0GZ61	1	U-01	viridula	N. viridula
A0A9P0GZ64	1	U-01	viridula	N. viridula
A0A9P0GZ66	1	U-01	viridula	N. viridula
A0A9P0GZ69	0	unassigned	viridula	N. viridula
A0A9P0GZ70	1	U-01	viridula	N. viridula
A0A9P0GZ74	1	U-01	viridula	N. viridula
A0A9P0GZ75	1	U-01	viridula	N. viridula
A0A9P0GZ77	1	U-01	viridula	N. viridula
A0A9P0GZ80	1	U-01	viridula	N. viridula
A0A9P0GZ84	2	U-02	viridula	N. viridula
A0A9P0GZ87	1	U-01	viridula	N. viridula
A0A9P0GZ92	3	U-03	viridula	N. viridula
A0A9P0GZ95	3	U-03	viridula	N. viridula
A0A9P0GZ98	1	U-01	viridula	N. viridula
A0A9P0GZA3	2	U-02	viridula	N. viridula
A0A9P0GZA4	2	U-02	viridula	N. viridula
A0A9P0GZA8	1	U-01	viridula	N. viridula
A0A9P0GZB5	2	U-02	viridula	N. viridula
A0A9P0GZB8	1	U-01	viridula	N. viridula
A0A9P0GZB9	1	U-01	viridula	N. viridula
A0A9P0GZC3	2	U-02	viridula	N. viridula
A0A9P0GZC4	2	U-02	viridula	N. viridula
A0A9P0GZC9	2	U-02	viridula	N. viridula
A0A9P0GZD1	1	U-01	viridula	N. viridula
A0A9P0GZD4	1	U-01	viridula	N. viridula
A0A9P0GZD9	0	unassigned	viridula	N. viridula
A0A9P0GZE7	2	U-02	viridula	N. viridula
A0A9P0GZE8	1	U-01	viridula	N. viridula
A0A9P0GZF0	2	U-02	viridula	N. viridula
A0A9P0GZF3	1	U-01	viridula	N. viridula
A0A9P0GZF5	1	U-01	viridula	N. viridula
A0A9P0GZG2	1	U-01	viridula	N. viridula
A0A9P0GZG5	1	U-01	viridula	N. viridula
A0A9P0GZG7	1	U-01	viridula	N. viridula
A0A9P0GZG9	1	U-01	viridula	N. viridula
A0A9P0GZH1	1	U-01	viridula	N. viridula
A0A9P0GZH3	2	U-02	viridula	N. viridula
A0A9P0GZH4	1	U-01	viridula	N. viridula
A0A9P0GZH7	2	U-02	viridula	N. viridula
A0A9P0GZI2	1	U-01	viridula	N. viridula
A0A9P0GZI4	1	U-01	viridula	N. viridula
A0A9P0GZJ2	2	U-02	viridula	N. viridula
A0A9P0GZJ3	1	U-01	viridula	N. viridula
A0A9P0GZJ5	3	U-03	viridula	N. viridula
A0A9P0GZJ7	2	U-02	viridula	N. viridula
A0A9P0GZK4	3	U-03	viridula	N. viridula
A0A9P0GZK5	1	U-01	viridula	N. viridula
A0A9P0GZK7	2	U-02	viridula	N. viridula
A0A9P0GZL3	0	unassigned	viridula	N. viridula
A0A9P0GZL4	0	unassigned	viridula	N. viridula
A0A9P0GZL6	1	U-01	viridula	N. viridula
A0A9P0GZM1	2	U-02	viridula	N. viridula
A0A9P0GZM9	1	U-01	viridula	N. viridula
A0A9P0GZN3	3	U-03	viridula	N. viridula
A0A9P0GZN6	2	U-02	viridula	N. viridula
A0A9P0GZN9	1	U-01	viridula	N. viridula
A0A9P0GZP0	1	U-01	viridula	N. viridula
A0A9P0GZP1	1	U-01	viridula	N. viridula
A0A9P0GZP4	2	U-02	viridula	N. viridula
A0A9P0GZP5	2	U-02	viridula	N. viridula
A0A9P0GZQ0	1	U-01	viridula	N. viridula
A0A9P0GZQ1	2	U-02	viridula	N. viridula
A0A9P0GZQ4	4	U-04	viridula	N. viridula
A0A9P0GZQ5	1	U-01	viridula	N. viridula
A0A9P0GZQ9	1	U-01	viridula	N. viridula
A0A9P0GZR0	0	unassigned	viridula	N. viridula
A0A9P0GZR1	2	U-02	viridula	N. viridula
A0A9P0GZR6	1	U-01	viridula	N. viridula
A0A9P0GZS3	1	U-01	viridula	N. viridula
A0A9P0GZT1	3	U-03	viridula	N. viridula
A0A9P0GZT2	2	U-02	viridula	N. viridula
A0A9P0GZT6	2	U-02	viridula	N. viridula
A0A9P0GZT8	1	U-01	viridula	N. viridula
A0A9P0GZU1	2	U-02	viridula	N. viridula
A0A9P0GZU3	1	U-01	viridula	N. viridula
A0A9P0GZU7	1	U-01	viridula	N. viridula
A0A9P0GZU9	1	U-01	viridula	N. viridula
A0A9P0GZV2	1	U-01	viridula	N. viridula
A0A9P0GZV4	1	U-01	viridula	N. viridula
A0A9P0GZV7	3	U-03	viridula	N. viridula
A0A9P0GZV8	1	U-01	viridula	N. viridula
A0A9P0GZW2	1	U-01	viridula	N. viridula
A0A9P0GZW7	1	U-01	viridula	N. viridula
A0A9P0GZW8	1	U-01	viridula	N. viridula
A0A9P0GZX2	2	U-02	viridula	N. viridula
A0A9P0DYC7	1	U-01	viridula	N. viridula
A0A9P0DYC9	2	U-02	viridula	N. viridula
A0A9P0DYD9	3	U-03	viridula	N. viridula
A0A9P0DYE2	2	U-02	viridula	N. viridula
A0A9P0DYE8	3	U-03	viridula	N. viridula
A0A9P0DYF1	1	U-01	viridula	N. viridula
A0A9P0DYF9	4	U-04	viridula	N. viridula
A0A9P0DYG0	2	U-02	viridula	N. viridula
A0A9P0DYG8	2	U-02	viridula	N. viridula
A0A9P0DYI1	2	U-02	viridula	N. viridula
A0A9P0DYI3	1	U-01	viridula	N. viridula
A0A9P0DYI4	1	U-01	viridula	N. viridula
A0A9P0DYJ3	1	U-01	viridula	N. viridula
A0A9P0H505	3	U-03	viridula	N. viridula
A0A9P0H506	1	U-01	viridula	N. viridula
A0A9P0H507	1	U-01	viridula	N. viridula
A0A9P0H508	3	U-03	viridula	N. viridula
A0A9P0H509	0	unassigned	viridula	N. viridula
A0A9P0H510	1	U-01	viridula	N. viridula
A0A9P0H511	1	U-01	viridula	N. viridula
A0A9P0H512	1	U-01	viridula	N. viridula
A0A9P0H513	1	U-01	viridula	N. viridula
A0A9P0H515	1	U-01	viridula	N. viridula
A0A9P0H522	1	U-01	viridula	N. viridula
A0A9P0H524	1	U-01	viridula	N. viridula
A0A9P0H531	1	U-01	viridula	N. viridula
A0A9P0H537	1	U-01	viridula	N. viridula
A0A9P0H538	1	U-01	viridula	N. viridula
A0A9P0H540	1	U-01	viridula	N. viridula
A0A9P0H541	0	unassigned	viridula	N. viridula
A0A9P0H542	0	unassigned	viridula	N. viridula
A0A9P0H543	0	unassigned	viridula	N. viridula
A0A9P0H548	0	unassigned	viridula	N. viridula
A0A9P0H550	0	unassigned	viridula	N. viridula
A0A9P0H553	0	unassigned	viridula	N. viridula
A0A9P0H556	0	unassigned	viridula	N. viridula
A0A9P0H557	0	unassigned	viridula	N. viridula
A0A9P0H569	1	U-01	viridula	N. viridula
A0A9P0H570	1	U-01	viridula	N. viridula
A0A9P0H571	1	U-01	viridula	N. viridula
A0A9P0H579	1	U-01	viridula	N. viridula
A0A9P0H580	1	U-01	viridula	N. viridula
A0A9P0H581	1	U-01	viridula	N. viridula
A0A9P0H585	1	U-01	viridula	N. viridula
A0A9P0H588	1	U-01	viridula	N. viridula
A0A9P0H589	1	U-01	viridula	N. viridula
A0A9P0H591	1	U-01	viridula	N. viridula
A0A9P0H592	0	unassigned	viridula	N. viridula
A0A9P0H593	1	U-01	viridula	N. viridula
A0A9P0H594	0	unassigned	viridula	N. viridula
A0A9P0H596	0	unassigned	viridula	N. viridula
A0A9P0H597	1	U-01	viridula	N. viridula
A0A9P0H5A0	4	U-04	viridula	N. viridula
A0A9P0H5A3	0	unassigned	viridula	N. viridula
A0A9P0H5A8	1	U-01	viridula	N. viridula
A0A9P0H5A9	0	unassigned	viridula	N. viridula
A0A9P0H5B0	3	U-03	viridula	N. viridula
A0A9P0H5B2	1	U-01	viridula	N. viridula
A0A9P0H5B5	1	U-01	viridula	N. viridula
A0A9P0H5B6	1	U-01	viridula	N. viridula
A0A9P0H5B7	1	U-01	viridula	N. viridula
A0A9P0H5B9	1	U-01	viridula	N. viridula
A0A9P0H5C5	0	unassigned	viridula	N. viridula
A0A9P0H5C9	1	U-01	viridula	N. viridula
A0A9P0H5D1	1	U-01	viridula	N. viridula
A0A9P0H5D4	1	U-01	viridula	N. viridula
A0A9P0H5D5	1	U-01	viridula	N. viridula
A0A9P0H5E3	1	U-01	viridula	N. viridula
A0A9P0H5E4	1	U-01	viridula	N. viridula
A0A9P0H5E6	1	U-01	viridula	N. viridula
A0A9P0H5E7	1	U-01	viridula	N. viridula
A0A9P0H5E8	1	U-01	viridula	N. viridula
A0A9P0H5F0	4	U-04	viridula	N. viridula
A0A9P0H5F1	1	U-01	viridula	N. viridula
A0A9P0H5F7	1	U-01	viridula	N. viridula
A0A9P0H5F9	1	U-01	viridula	N. viridula
A0A9P0H5G1	1	U-01	viridula	N. viridula
A0A9P0H5G2	1	U-01	viridula	N. viridula
A0A9P0H5G3	3	U-03	viridula	N. viridula
A0A9P0H5G4	4	U-04	viridula	N. viridula
A0A9P0H5G7	1	U-01	viridula	N. viridula
A0A9P0H5G8	1	U-01	viridula	N. viridula
A0A9P0H5G9	1	U-01	viridula	N. viridula
A0A9P0H5H2	1	U-01	viridula	N. viridula
A0A9P0H5H4	1	U-01	viridula	N. viridula
A0A9P0H5H6	1	U-01	viridula	N. viridula
A0A9P0H5I2	1	U-01	viridula	N. viridula
A0A9P0H5I3	4	U-04	viridula	N. viridula
A0A9P0H5I4	1	U-01	viridula	N. viridula
A0A9P0H5J0	1	U-01	viridula	N. viridula
A0A9P0H5J3	4	U-04	viridula	N. viridula
A0A9P0H5J4	1	U-01	viridula	N. viridula
A0A9P0H5J8	1	U-01	viridula	N. viridula
A0A9P0H5K1	0	unassigned	viridula	N. viridula
A0A9P0H5K2	4	U-04	viridula	N. viridula
A0A9P0H5K4	1	U-01	viridula	N. viridula
A0A9P0H5K7	1	U-01	viridula	N. viridula
A0A9P0H5L1	0	unassigned	viridula	N. viridula
A0A9P0H5L2	0	unassigned	viridula	N. viridula
A0A9P0H5L6	0	unassigned	viridula	N. viridula
A0A9P0EEV4	0	unassigned	viridula	N. viridula
A0A9P0EEV7	1	U-01	viridula	N. viridula
A0A9P0EEW2	1	U-01	viridula	N. viridula
A0A9P0EEW9	1	U-01	viridula	N. viridula
A0A9P0EEX0	2	U-02	viridula	N. viridula
A0A9P0EEX1	2	U-02	viridula	N. viridula
A0A9P0EEX3	3	U-03	viridula	N. viridula
A0A9P0EEX9	1	U-01	viridula	N. viridula
A0A9P0EEY0	0	unassigned	viridula	N. viridula
A0A9P0EEY4	2	U-02	viridula	N. viridula
A0A9P0EEY8	1	U-01	viridula	N. viridula
A0A9P0EEZ8	1	U-01	viridula	N. viridula
A0A9P0EEZ9	2	U-02	viridula	N. viridula
A0A9P0EF00	1	U-01	viridula	N. viridula
A0A9P0EF02	2	U-02	viridula	N. viridula
A0A9P0EF03	1	U-01	viridula	N. viridula
A0A9P0EF11	1	U-01	viridula	N. viridula
A0A9P0EF12	2	U-02	viridula	N. viridula
A0A9P0EF18	1	U-01	viridula	N. viridula
A0A9P0EF21	1	U-01	viridula	N. viridula
A0A9P0EF23	2	U-02	viridula	N. viridula
A0A9P0EF28	1	U-01	viridula	N. viridula
A0A9P0EF31	3	U-03	viridula	N. viridula
A0A9P0EF32	1	U-01	viridula	N. viridula
A0A9P0EF33	2	U-02	viridula	N. viridula
A0A9P0EF36	1	U-01	viridula	N. viridula
A0A9P0EF39	1	U-01	viridula	N. viridula
A0A9P0EF42	2	U-02	viridula	N. viridula
A0A9P0EF43	1	U-01	viridula	N. viridula
A0A9P0EF47	3	U-03	viridula	N. viridula
A0A9P0EF49	1	U-01	viridula	N. viridula
A0A9P0EF51	1	U-01	viridula	N. viridula
A0A9P0EF56	2	U-02	viridula	N. viridula
A0A9P0EF60	1	U-01	viridula	N. viridula
A0A9P0EF61	2	U-02	viridula	N. viridula
A0A9P0EF62	2	U-02	viridula	N. viridula
A0A9P0EF63	0	unassigned	viridula	N. viridula
A0A9P0EF71	2	U-02	viridula	N. viridula
A0A9P0EF72	1	U-01	viridula	N. viridula
A0A9P0EF73	2	U-02	viridula	N. viridula
A0A9P0EF77	0	unassigned	viridula	N. viridula
A0A9P0EF80	2	U-02	viridula	N. viridula
A0A9P0EF87	3	U-03	viridula	N. viridula
A0A9P0EF90	0	unassigned	viridula	N. viridula
A0A9P0EF94	2	U-02	viridula	N. viridula
A0A9P0EF96	1	U-01	viridula	N. viridula
A0A9P0EF99	4	U-04	viridula	N. viridula
A0A9P0EFA1	0	unassigned	viridula	N. viridula
A0A9P0EFA6	0	unassigned	viridula	N. viridula
A0A9P0EFA8	2	U-02	viridula	N. viridula
A0A9P0EFB2	0	unassigned	viridula	N. viridula
A0A9P0EFB6	1	U-01	viridula	N. viridula
A0A9P0EFC0	3	U-03	viridula	N. viridula
A0A9P0EFC3	1	U-01	viridula	N. viridula
A0A9P0EFC7	1	U-01	viridula	N. viridula
A0A9P0EFD3	2	U-02	viridula	N. viridula
A0A9P0EFD8	2	U-02	viridula	N. viridula
A0A9P0EFE2	2	U-02	viridula	N. viridula
A0A9P0EFE5	1	U-01	viridula	N. viridula
A0A9P0EFE6	1	U-01	viridula	N. viridula
A0A9P0EFF0	2	U-02	viridula	N. viridula
A0A9P0EFF1	0	unassigned	viridula	N. viridula
A0A9P0EFF6	1	U-01	viridula	N. viridula
A0A9P0EFF9	1	U-01	viridula	N. viridula
A0A9P0EFG6	1	U-01	viridula	N. viridula
A0A9P0EFG9	1	U-01	viridula	N. viridula
A0A9P0EFH1	1	U-01	viridula	N. viridula
A0A9P0EFH3	1	U-01	viridula	N. viridula
A0A9P0EFH8	1	U-01	viridula	N. viridula
A0A9P0EFI7	2	U-02	viridula	N. viridula
A0A9P0EFI8	1	U-01	viridula	N. viridula
A0A9P0EFJ5	0	unassigned	viridula	N. viridula
A0A9P0EFJ6	1	U-01	viridula	N. viridula
A0A9P0EFK3	1	U-01	viridula	N. viridula
A0A9P0EFK5	1	U-01	viridula	N. viridula
A0A9P0EFL1	1	U-01	viridula	N. viridula
A0A9P0EFL2	1	U-01	viridula	N. viridula
A0A9P0EFL6	1	U-01	viridula	N. viridula
A0A9P0EFL9	3	U-03	viridula	N. viridula
A0A9P0EFM0	1	U-01	viridula	N. viridula
A0A9P0EFM5	1	U-01	viridula	N. viridula
A0A9P0EFM9	2	U-02	viridula	N. viridula
A0A9P0EFN3	1	U-01	viridula	N. viridula
A0A9P0EFN7	1	U-01	viridula	N. viridula
A0A9P0EFP2	2	U-02	viridula	N. viridula
A0A9P0EFP5	0	unassigned	viridula	N. viridula
A0A9P0EFQ2	2	U-02	viridula	N. viridula
A0A9P0EFQ4	2	U-02	viridula	N. viridula
A0A9P0EFQ9	0	unassigned	viridula	N. viridula
A0A9P0EFR1	1	U-01	viridula	N. viridula
A0A9P0EFR2	0	unassigned	viridula	N. viridula
A0A9P0EFS0	0	unassigned	viridula	N. viridula
A0A9P0EFS6	1	U-01	viridula	N. viridula
A0A9P0EFU4	1	U-01	viridula	N. viridula
A0A9P0EFU8	1	U-01	viridula	N. viridula
A0A9P0EFV4	2	U-02	viridula	N. viridula
A0A9P0EFW0	1	U-01	viridula	N. viridula
A0A9P0EFW1	1	U-01	viridula	N. viridula
A0A9P0EFW8	1	U-01	viridula	N. viridula
A0A9P0EFX3	1	U-01	viridula	N. viridula
A0A9P0EFC9	1	U-01	viridula	N. viridula
A0A9P0EFD1	1	U-01	viridula	N. viridula
A0A9P0EFD6	1	U-01	viridula	N. viridula
A0A9P0EFE1	1	U-01	viridula	N. viridula
A0A9P0EFG0	1	U-01	viridula	N. viridula
A0A9P0EFG2	1	U-01	viridula	N. viridula
A0A9P0EFG3	1	U-01	viridula	N. viridula
A0A9P0EFH4	4	U-04	viridula	N. viridula
A0A9P0EFI0	4	U-04	viridula	N. viridula
A0A9P0EFI2	3	U-03	viridula	N. viridula
A0A9P0EFI3	1	U-01	viridula	N. viridula
A0A9P0EFI9	2	U-02	viridula	N. viridula
A0A9P0EFJ7	1	U-01	viridula	N. viridula
A0A9P0EFM7	1	U-01	viridula	N. viridula
A0A9P0EFP4	3	U-03	viridula	N. viridula
A0A9P0EFQ0	1	U-01	viridula	N. viridula
A0A9P0EFR9	1	U-01	viridula	N. viridula
A0A9P0EFS7	3	U-03	viridula	N. viridula
A0A9P0EFT0	1	U-01	viridula	N. viridula
A0A9P0EFT3	3	U-03	viridula	N. viridula
A0A9P0EFT5	1	U-01	viridula	N. viridula
A0A9P0EFT8	4	U-04	viridula	N. viridula
A0A9P0EFV2	1	U-01	viridula	N. viridula
A0A9P0EFV7	1	U-01	viridula	N. viridula
A0A9P0EFW5	3	U-03	viridula	N. viridula
A0A9P0EFX0	4	U-04	viridula	N. viridula
A0A9P0EFY5	4	U-04	viridula	N. viridula
A0A9P0EFZ8	1	U-01	viridula	N. viridula
A0A9P0EG06	4	U-04	viridula	N. viridula
A0A9P0EG13	1	U-01	viridula	N. viridula
A0A9P0EG21	1	U-01	viridula	N. viridula
A0A9P0EG34	1	U-01	viridula	N. viridula
A0A9P0EG36	1	U-01	viridula	N. viridula
A0A9P0EG49	1	U-01	viridula	N. viridula
A0A9P0EG68	1	U-01	viridula	N. viridula
A0A9P0EG86	3	U-03	viridula	N. viridula
A0A9P0EG92	1	U-01	viridula	N. viridula
A0A9P0EGA5	1	U-01	viridula	N. viridula
A0A9P0EGB3	1	U-01	viridula	N. viridula
A0A9P0EGE4	1	U-01	viridula	N. viridula
A0A9P0EGF1	1	U-01	viridula	N. viridula
A0A9P0EGF6	0	unassigned	viridula	N. viridula
A0A9P0EGF9	1	U-01	viridula	N. viridula
A0A9P0EGG4	1	U-01	viridula	N. viridula
A0A9P0EGH6	1	U-01	viridula	N. viridula
A0A9P0EGI6	3	U-03	viridula	N. viridula
A0A9P0EGI9	1	U-01	viridula	N. viridula
A0A9P0EGJ3	1	U-01	viridula	N. viridula
A0A9P0EGJ6	1	U-01	viridula	N. viridula
A0A9P0EGK5	3	U-03	viridula	N. viridula
A0A9P0EGL3	1	U-01	viridula	N. viridula
A0A9P0EGL5	3	U-03	viridula	N. viridula
A0A9P0EGL9	1	U-01	viridula	N. viridula
A0A9P0EGM8	1	U-01	viridula	N. viridula
A0A9P0EGN5	1	U-01	viridula	N. viridula
A0A9P0EGQ0	0	unassigned	viridula	N. viridula
A0A9P0EGQ2	4	U-04	viridula	N. viridula
A0A9P0EGR7	0	unassigned	viridula	N. viridula
A0A9P0EGR8	1	U-01	viridula	N. viridula
A0A9P0EGS2	1	U-01	viridula	N. viridula
A0A9P0EGT7	3	U-03	viridula	N. viridula
A0A9P0EGT9	3	U-03	viridula	N. viridula
A0A9P0EGU6	1	U-01	viridula	N. viridula
A0A9P0EGW2	3	U-03	viridula	N. viridula
A0A9P0EGW3	1	U-01	viridula	N. viridula
A0A9P0EGW9	1	U-01	viridula	N. viridula
A0A9P0EH04	1	U-01	viridula	N. viridula
A0A9P0EH13	1	U-01	viridula	N. viridula
A0A9P0EH30	1	U-01	viridula	N. viridula
A0A9P0EH43	1	U-01	viridula	N. viridula
A0A9P0EH67	4	U-04	viridula	N. viridula
A0A9P0EH79	0	unassigned	viridula	N. viridula
A0A9P0E9Q0	1	U-01	viridula	N. viridula
A0A9P0E9Q5	1	U-01	viridula	N. viridula
A0A9P0E9Q6	1	U-01	viridula	N. viridula
A0A9P0E9R9	1	U-01	viridula	N. viridula
A0A9P0E9S3	1	U-01	viridula	N. viridula
A0A9P0E9S8	1	U-01	viridula	N. viridula
A0A9P0E9S9	1	U-01	viridula	N. viridula
A0A9P0E9T8	0	unassigned	viridula	N. viridula
A0A9P0E9U1	3	U-03	viridula	N. viridula
A0A9P0E9U7	4	U-04	viridula	N. viridula
A0A9P0E9U8	1	U-01	viridula	N. viridula
A0A9P0E9V2	3	U-03	viridula	N. viridula
A0A9P0E9V7	1	U-01	viridula	N. viridula
A0A9P0E9W1	4	U-04	viridula	N. viridula
A0A9P0E9W4	1	U-01	viridula	N. viridula
A0A9P0E9W7	1	U-01	viridula	N. viridula
A0A9P0E9W9	1	U-01	viridula	N. viridula
A0A9P0E9X5	3	U-03	viridula	N. viridula
A0A9P0E9X7	1	U-01	viridula	N. viridula
A0A9P0E9Y5	1	U-01	viridula	N. viridula
A0A9P0E9Z7	3	U-03	viridula	N. viridula
A0A9P0EA05	1	U-01	viridula	N. viridula
A0A9P0EA06	4	U-04	viridula	N. viridula
A0A9P0EA12	1	U-01	viridula	N. viridula
A0A9P0EA15	1	U-01	viridula	N. viridula
A0A9P0EA17	4	U-04	viridula	N. viridula
A0A9P0EA24	1	U-01	viridula	N. viridula
A0A9P0EA34	1	U-01	viridula	N. viridula
A0A9P0H5J9	1	U-01	viridula	N. viridula
A0A9P0H5K0	4	U-04	viridula	N. viridula
A0A9P0H5K3	1	U-01	viridula	N. viridula
A0A9P0H5K5	1	U-01	viridula	N. viridula
A0A9P0H5K6	1	U-01	viridula	N. viridula
A0A9P0H5K8	1	U-01	viridula	N. viridula
A0A9P0H5K9	1	U-01	viridula	N. viridula
A0A9P0H5L0	1	U-01	viridula	N. viridula
A0A9P0H5L3	3	U-03	viridula	N. viridula
A0A9P0H5L5	1	U-01	viridula	N. viridula
A0A9P0H5L8	0	unassigned	viridula	N. viridula
A0A9P0H5M1	2	U-02	viridula	N. viridula
A0A9P0H5M4	1	U-01	viridula	N. viridula
A0A9P0H5M6	1	U-01	viridula	N. viridula
A0A9P0H5M7	1	U-01	viridula	N. viridula
A0A9P0H5M8	1	U-01	viridula	N. viridula
A0A9P0H5M9	4	U-04	viridula	N. viridula
A0A9P0H5N0	1	U-01	viridula	N. viridula
A0A9P0H5N2	0	unassigned	viridula	N. viridula
A0A9P0H5N4	1	U-01	viridula	N. viridula
A0A9P0H5N6	2	U-02	viridula	N. viridula
A0A9P0H5N7	1	U-01	viridula	N. viridula
A0A9P0H5N8	3	U-03	viridula	N. viridula
A0A9P0H5P1	1	U-01	viridula	N. viridula
A0A9P0H5P5	2	U-02	viridula	N. viridula
A0A9P0H5P7	3	U-03	viridula	N. viridula
A0A9P0H5P8	1	U-01	viridula	N. viridula
A0A9P0H5P9	0	unassigned	viridula	N. viridula
A0A9P0H5Q1	1	U-01	viridula	N. viridula
A0A9P0H5Q3	2	U-02	viridula	N. viridula
A0A9P0H5Q4	1	U-01	viridula	N. viridula
A0A9P0H5Q5	1	U-01	viridula	N. viridula
A0A9P0H5Q6	3	U-03	viridula	N. viridula
A0A9P0H5R0	1	U-01	viridula	N. viridula
A0A9P0H5R2	0	unassigned	viridula	N. viridula
A0A9P0H5R4	1	U-01	viridula	N. viridula
A0A9P0H5R6	1	U-01	viridula	N. viridula
A0A9P0H5R8	2	U-02	viridula	N. viridula
A0A9P0H5R9	1	U-01	viridula	N. viridula
A0A9P0H5S1	0	unassigned	viridula	N. viridula
A0A9P0H5S2	2	U-02	viridula	N. viridula
A0A9P0H5S7	1	U-01	viridula	N. viridula
A0A9P0H5T0	2	U-02	viridula	N. viridula
A0A9P0H5T1	1	U-01	viridula	N. viridula
A0A9P0H5T2	1	U-01	viridula	N. viridula
A0A9P0H5T3	1	U-01	viridula	N. viridula
A0A9P0H5T4	2	U-02	viridula	N. viridula
A0A9P0H5T5	1	U-01	viridula	N. viridula
A0A9P0H5T6	3	U-03	viridula	N. viridula
A0A9P0H5T7	0	unassigned	viridula	N. viridula
A0A9P0H5T8	3	U-03	viridula	N. viridula
A0A9P0H5T9	1	U-01	viridula	N. viridula
A0A9P0H5U0	1	U-01	viridula	N. viridula
A0A9P0H5U1	3	U-03	viridula	N. viridula
A0A9P0H5U3	0	unassigned	viridula	N. viridula
A0A9P0H5U5	2	U-02	viridula	N. viridula
A0A9P0H5U6	3	U-03	viridula	N. viridula
A0A9P0H5U7	1	U-01	viridula	N. viridula
A0A9P0H5U8	1	U-01	viridula	N. viridula
A0A9P0H5U9	1	U-01	viridula	N. viridula
A0A9P0H5V1	1	U-01	viridula	N. viridula
A0A9P0H5V4	0	unassigned	viridula	N. viridula
A0A9P0H5V5	2	U-02	viridula	N. viridula
A0A9P0H5V6	0	unassigned	viridula	N. viridula
A0A9P0H5V7	1	U-01	viridula	N. viridula
A0A9P0H5V9	1	U-01	viridula	N. viridula
A0A9P0H5W0	3	U-03	viridula	N. viridula
A0A9P0H5W2	1	U-01	viridula	N. viridula
A0A9P0H5W3	0	unassigned	viridula	N. viridula
A0A9P0H5W4	0	unassigned	viridula	N. viridula
A0A9P0H5W7	1	U-01	viridula	N. viridula
A0A9P0H5W8	3	U-03	viridula	N. viridula
A0A9P0H5W9	1	U-01	viridula	N. viridula
A0A9P0H5X1	1	U-01	viridula	N. viridula
A0A9P0H5X4	1	U-01	viridula	N. viridula
A0A9P0H5X5	1	U-01	viridula	N. viridula
A0A9P0H5X6	1	U-01	viridula	N. viridula
A0A9P0H5X7	1	U-01	viridula	N. viridula
A0A9P0H5X8	1	U-01	viridula	N. viridula
A0A9P0H5X9	2	U-02	viridula	N. viridula
A0A9P0H5Y3	2	U-02	viridula	N. viridula
A0A9P0H5Y4	1	U-01	viridula	N. viridula
A0A9P0H5Y5	1	U-01	viridula	N. viridula
A0A9P0H5Y7	1	U-01	viridula	N. viridula
A0A9P0H5Y8	1	U-01	viridula	N. viridula
A0A9P0H5Y9	1	U-01	viridula	N. viridula
A0A9P0H5Z0	0	unassigned	viridula	N. viridula
A0A9P0H5Z1	2	U-02	viridula	N. viridula
A0A9P0H5Z2	3	U-03	viridula	N. viridula
A0A9P0H5Z3	2	U-02	viridula	N. viridula
A0A9P0H5Z5	1	U-01	viridula	N. viridula
A0A9P0H5Z6	2	U-02	viridula	N. viridula
A0A9P0H5Z8	3	U-03	viridula	N. viridula
A0A9P0H5Z9	1	U-01	viridula	N. viridula
A0A9P0H600	1	U-01	viridula	N. viridula
A0A9P0H602	2	U-02	viridula	N. viridula
A0A9P0H604	1	U-01	viridula	N. viridula
A0A9P0H605	4	U-04	viridula	N. viridula
A0A9P0H606	0	unassigned	viridula	N. viridula
A0A9P0H607	2	U-02	viridula	N. viridula
A0A9P0HSA8	3	U-03	viridula	N. viridula
A0A9P0HSB0	2	U-02	viridula	N. viridula
A0A9P0HSB1	1	U-01	viridula	N. viridula
A0A9P0HSB2	1	U-01	viridula	N. viridula
A0A9P0HSB3	1	U-01	viridula	N. viridula
A0A9P0HSB5	2	U-02	viridula	N. viridula
A0A9P0HSB6	2	U-02	viridula	N. viridula
A0A9P0HSB7	2	U-02	viridula	N. viridula
A0A9P0HSB8	2	U-02	viridula	N. viridula
A0A9P0HSC1	4	U-04	viridula	N. viridula
A0A9P0HSC2	1	U-01	viridula	N. viridula
A0A9P0HSC4	1	U-01	viridula	N. viridula
A0A9P0HSC5	1	U-01	viridula	N. viridula
A0A9P0HSC6	2	U-02	viridula	N. viridula
A0A9P0HSC8	2	U-02	viridula	N. viridula
A0A9P0HSD0	3	U-03	viridula	N. viridula
A0A9P0HSD2	3	U-03	viridula	N. viridula
A0A9P0HSD3	1	U-01	viridula	N. viridula
A0A9P0HSD4	2	U-02	viridula	N. viridula
A0A9P0HSD5	2	U-02	viridula	N. viridula
A0A9P0HSD7	0	unassigned	viridula	N. viridula
A0A9P0HSD9	2	U-02	viridula	N. viridula
A0A9P0HSE0	1	U-01	viridula	N. viridula
A0A9P0HSE6	1	U-01	viridula	N. viridula
A0A9P0HSE8	0	unassigned	viridula	N. viridula
A0A9P0HSF1	1	U-01	viridula	N. viridula
A0A9P0HSF2	2	U-02	viridula	N. viridula
A0A9P0HSF3	0	unassigned	viridula	N. viridula
A0A9P0HSF4	3	U-03	viridula	N. viridula
A0A9P0HSF5	2	U-02	viridula	N. viridula
A0A9P0HSF9	1	U-01	viridula	N. viridula
A0A9P0HSG1	2	U-02	viridula	N. viridula
A0A9P0HSG4	3	U-03	viridula	N. viridula
A0A9P0HSG5	2	U-02	viridula	N. viridula
A0A9P0HSG7	2	U-02	viridula	N. viridula
A0A9P0HSH2	2	U-02	viridula	N. viridula
A0A9P0HSH3	1	U-01	viridula	N. viridula
A0A9P0HSH5	1	U-01	viridula	N. viridula
A0A9P0HSH7	1	U-01	viridula	N. viridula
A0A9P0HSH8	2	U-02	viridula	N. viridula
A0A9P0HSI0	2	U-02	viridula	N. viridula
A0A9P0HSI2	2	U-02	viridula	N. viridula
A0A9P0HSI5	1	U-01	viridula	N. viridula
A0A9P0HSI6	1	U-01	viridula	N. viridula
A0A9P0HSI7	1	U-01	viridula	N. viridula
A0A9P0HSI8	2	U-02	viridula	N. viridula
A0A9P0HSI9	0	unassigned	viridula	N. viridula
A0A9P0HSJ1	3	U-03	viridula	N. viridula
A0A9P0HSJ2	3	U-03	viridula	N. viridula
A0A9P0HSJ3	2	U-02	viridula	N. viridula
A0A9P0HSJ4	2	U-02	viridula	N. viridula
A0A9P0HSJ5	1	U-01	viridula	N. viridula
A0A9P0HSJ8	4	U-04	viridula	N. viridula
A0A9P0HSK1	1	U-01	viridula	N. viridula
A0A9P0HSK3	1	U-01	viridula	N. viridula
A0A9P0HSK4	1	U-01	viridula	N. viridula
A0A9P0HSK5	1	U-01	viridula	N. viridula
A0A9P0HSK6	1	U-01	viridula	N. viridula
A0A9P0HSK7	2	U-02	viridula	N. viridula
A0A9P0HSK9	1	U-01	viridula	N. viridula
A0A9P0HSL0	0	unassigned	viridula	N. viridula
A0A9P0HSL1	1	U-01	viridula	N. viridula
A0A9P0HSL3	1	U-01	viridula	N. viridula
A0A9P0HSL4	2	U-02	viridula	N. viridula
A0A9P0HSL5	2	U-02	viridula	N. viridula
A0A9P0HSL6	1	U-01	viridula	N. viridula
A0A9P0HSL7	1	U-01	viridula	N. viridula
A0A9P0HSL8	0	unassigned	viridula	N. viridula
A0A9P0HSL9	2	U-02	viridula	N. viridula
A0A9P0HSM0	1	U-01	viridula	N. viridula
A0A9P0HSM1	1	U-01	viridula	N. viridula
A0A9P0HSM2	4	U-04	viridula	N. viridula
A0A9P0HSM4	2	U-02	viridula	N. viridula
A0A9P0HSM5	2	U-02	viridula	N. viridula
A0A9P0HSM6	0	unassigned	viridula	N. viridula
A0A9P0HSM8	2	U-02	viridula	N. viridula
A0A9P0HSM9	1	U-01	viridula	N. viridula
A0A9P0HSN0	3	U-03	viridula	N. viridula
A0A9P0HSN1	0	unassigned	viridula	N. viridula
A0A9P0HSN3	1	U-01	viridula	N. viridula
A0A9P0HSN4	2	U-02	viridula	N. viridula
A0A9P0HSN5	2	U-02	viridula	N. viridula
A0A9P0HSN9	2	U-02	viridula	N. viridula
A0A9P0HSP0	0	unassigned	viridula	N. viridula
A0A9P0HSP1	2	U-02	viridula	N. viridula
A0A9P0HSP3	1	U-01	viridula	N. viridula
A0A9P0HSP4	1	U-01	viridula	N. viridula
A0A9P0HSP5	1	U-01	viridula	N. viridula
A0A9P0HSP6	1	U-01	viridula	N. viridula
A0A9P0HSP7	1	U-01	viridula	N. viridula
A0A9P0HSP8	1	U-01	viridula	N. viridula
A0A9P0HSQ1	1	U-01	viridula	N. viridula
A0A9P0HSQ3	1	U-01	viridula	N. viridula
A0A9P0HSQ4	0	unassigned	viridula	N. viridula
A0A9P0HSQ5	1	U-01	viridula	N. viridula
A0A9P0HSQ9	2	U-02	viridula	N. viridula
A0A9P0HSR0	1	U-01	viridula	N. viridula
A0A9P0HSR3	0	unassigned	viridula	N. viridula
A0A9P0HSR5	1	U-01	viridula	N. viridula
A0A9P0HSR6	2	U-02	viridula	N. viridula
A0A9P0E974	1	U-01	viridula	N. viridula
A0A9P0E986	1	U-01	viridula	N. viridula
A0A9P0E992	1	U-01	viridula	N. viridula
A0A9P0E996	1	U-01	viridula	N. viridula
A0A9P0E9A0	1	U-01	viridula	N. viridula
A0A9P0E9A2	1	U-01	viridula	N. viridula
A0A9P0E9A4	1	U-01	viridula	N. viridula
A0A9P0E9A6	1	U-01	viridula	N. viridula
A0A9P0E9A8	3	U-03	viridula	N. viridula
A0A9P0E9B2	1	U-01	viridula	N. viridula
A0A9P0E9B5	4	U-04	viridula	N. viridula
A0A9P0E9B6	1	U-01	viridula	N. viridula
A0A9P0E9D5	1	U-01	viridula	N. viridula
A0A9P0E9E0	1	U-01	viridula	N. viridula
A0A9P0E9E8	1	U-01	viridula	N. viridula
A0A9P0E9F2	1	U-01	viridula	N. viridula
A0A9P0E9F9	4	U-04	viridula	N. viridula
A0A9P0E9G1	1	U-01	viridula	N. viridula
A0A9P0E9G3	1	U-01	viridula	N. viridula
A0A9P0E9G6	1	U-01	viridula	N. viridula
A0A9P0E9G8	3	U-03	viridula	N. viridula
A0A9P0E9G9	1	U-01	viridula	N. viridula
A0A9P0E9H4	0	unassigned	viridula	N. viridula
A0A9P0E9H5	1	U-01	viridula	N. viridula
A0A9P0E9H6	1	U-01	viridula	N. viridula
A0A9P0E9I1	1	U-01	viridula	N. viridula
A0A9P0E9I9	1	U-01	viridula	N. viridula
A0A9P0E9J3	3	U-03	viridula	N. viridula
A0A9P0E9J4	1	U-01	viridula	N. viridula
A0A9P0E9K0	3	U-03	viridula	N. viridula
A0A9P0E9K4	1	U-01	viridula	N. viridula
A0A9P0E9K8	1	U-01	viridula	N. viridula
A0A9P0E9K9	0	unassigned	viridula	N. viridula
A0A9P0E9L7	1	U-01	viridula	N. viridula
A0A9P0E9M3	1	U-01	viridula	N. viridula
A0A9P0E9M9	0	unassigned	viridula	N. viridula
A0A9P0E9N1	0	unassigned	viridula	N. viridula
A0A9P0E9N6	4	U-04	viridula	N. viridula
A0A9P0E9N8	3	U-03	viridula	N. viridula
A0A9P0E9P1	1	U-01	viridula	N. viridula
A0A9P0E9P4	1	U-01	viridula	N. viridula
A0A9P0HBN5	3	U-03	viridula	N. viridula
A0A9P0HBN6	2	U-02	viridula	N. viridula
A0A9P0HBN8	2	U-02	viridula	N. viridula
A0A9P0HBP0	2	U-02	viridula	N. viridula
A0A9P0HBP1	1	U-01	viridula	N. viridula
A0A9P0HBP4	3	U-03	viridula	N. viridula
A0A9P0HBP5	0	unassigned	viridula	N. viridula
A0A9P0HBP6	2	U-02	viridula	N. viridula
A0A9P0HBP8	1	U-01	viridula	N. viridula
A0A9P0HBP9	2	U-02	viridula	N. viridula
A0A9P0HBQ0	1	U-01	viridula	N. viridula
A0A9P0HBQ1	3	U-03	viridula	N. viridula
A0A9P0HBQ2	2	U-02	viridula	N. viridula
A0A9P0HBQ5	1	U-01	viridula	N. viridula
A0A9P0HBQ6	1	U-01	viridula	N. viridula
A0A9P0HBQ7	2	U-02	viridula	N. viridula
A0A9P0HBQ8	2	U-02	viridula	N. viridula
A0A9P0HBQ9	1	U-01	viridula	N. viridula
A0A9P0HBR1	1	U-01	viridula	N. viridula
A0A9P0HBR2	3	U-03	viridula	N. viridula
A0A9P0HBR4	2	U-02	viridula	N. viridula
A0A9P0HBR5	3	U-03	viridula	N. viridula
A0A9P0HBR6	0	unassigned	viridula	N. viridula
A0A9P0HBR8	4	U-04	viridula	N. viridula
A0A9P0HBS0	1	U-01	viridula	N. viridula
A0A9P0HBS2	4	U-04	viridula	N. viridula
A0A9P0HBS4	1	U-01	viridula	N. viridula
A0A9P0HBS5	1	U-01	viridula	N. viridula
A0A9P0HBS6	1	U-01	viridula	N. viridula
A0A9P0HBS8	4	U-04	viridula	N. viridula
A0A9P0HBT1	3	U-03	viridula	N. viridula
A0A9P0HBT2	1	U-01	viridula	N. viridula
A0A9P0HBT3	2	U-02	viridula	N. viridula
A0A9P0HBT4	1	U-01	viridula	N. viridula
A0A9P0HBT6	2	U-02	viridula	N. viridula
A0A9P0HBT8	1	U-01	viridula	N. viridula
A0A9P0HBT9	1	U-01	viridula	N. viridula
A0A9P0HBU1	1	U-01	viridula	N. viridula
A0A9P0HBU4	4	U-04	viridula	N. viridula
A0A9P0HBU5	3	U-03	viridula	N. viridula
A0A9P0HBU7	2	U-02	viridula	N. viridula
A0A9P0HBV3	1	U-01	viridula	N. viridula
A0A9P0HBV7	1	U-01	viridula	N. viridula
A0A9P0HBV8	3	U-03	viridula	N. viridula
A0A9P0HBV9	1	U-01	viridula	N. viridula
A0A9P0HBW0	1	U-01	viridula	N. viridula
A0A9P0HBW1	2	U-02	viridula	N. viridula
A0A9P0HBW2	0	unassigned	viridula	N. viridula
A0A9P0HBW3	1	U-01	viridula	N. viridula
A0A9P0HBW5	1	U-01	viridula	N. viridula
A0A9P0HBW7	2	U-02	viridula	N. viridula
A0A9P0HBW9	1	U-01	viridula	N. viridula
A0A9P0HBX0	0	unassigned	viridula	N. viridula
A0A9P0HBX1	0	unassigned	viridula	N. viridula
A0A9P0HBX3	2	U-02	viridula	N. viridula
A0A9P0HBX4	4	U-04	viridula	N. viridula
A0A9P0HBX5	2	U-02	viridula	N. viridula
A0A9P0HBX6	2	U-02	viridula	N. viridula
A0A9P0HBX9	1	U-01	viridula	N. viridula
A0A9P0HCF6	1	U-01	viridula	N. viridula
A0A9P0HCF7	2	U-02	viridula	N. viridula
A0A9P0HCF8	1	U-01	viridula	N. viridula
A0A9P0HCF9	0	unassigned	viridula	N. viridula
A0A9P0HCG1	4	U-04	viridula	N. viridula
A0A9P0HCG3	1	U-01	viridula	N. viridula
A0A9P0HCG4	0	unassigned	viridula	N. viridula
A0A9P0HCG5	1	U-01	viridula	N. viridula
A0A9P0HCG7	2	U-02	viridula	N. viridula
A0A9P0HCG8	0	unassigned	viridula	N. viridula
A0A9P0HCG9	1	U-01	viridula	N. viridula
A0A9P0HCH0	1	U-01	viridula	N. viridula
A0A9P0HCH1	2	U-02	viridula	N. viridula
A0A9P0HCH2	1	U-01	viridula	N. viridula
A0A9P0HCH3	1	U-01	viridula	N. viridula
A0A9P0HCH4	2	U-02	viridula	N. viridula
A0A9P0HCH5	4	U-04	viridula	N. viridula
A0A9P0HCH6	1	U-01	viridula	N. viridula
A0A9P0HCH8	1	U-01	viridula	N. viridula
A0A9P0HCI0	0	unassigned	viridula	N. viridula
A0A9P0HCI1	0	unassigned	viridula	N. viridula
A0A9P0HCI2	2	U-02	viridula	N. viridula
A0A9P0HCI4	1	U-01	viridula	N. viridula
A0A9P0HCI5	1	U-01	viridula	N. viridula
A0A9P0HCI6	1	U-01	viridula	N. viridula
A0A9P0HCI7	2	U-02	viridula	N. viridula
A0A9P0HCI8	2	U-02	viridula	N. viridula
A0A9P0HCJ0	2	U-02	viridula	N. viridula
A0A9P0HCJ1	2	U-02	viridula	N. viridula
A0A9P0HCJ2	1	U-01	viridula	N. viridula
A0A9P0HCJ6	0	unassigned	viridula	N. viridula
A0A9P0HCJ7	1	U-01	viridula	N. viridula
A0A9P0HCJ8	2	U-02	viridula	N. viridula
A0A9P0HCJ9	3	U-03	viridula	N. viridula
A0A9P0HCK0	1	U-01	viridula	N. viridula
A0A9P0HCK1	1	U-01	viridula	N. viridula
A0A9P0HCK2	1	U-01	viridula	N. viridula
A0A9P0HCK3	2	U-02	viridula	N. viridula
A0A9P0HCK4	1	U-01	viridula	N. viridula
A0A9P0HCK6	0	unassigned	viridula	N. viridula
A0A9P0HCK7	1	U-01	viridula	N. viridula
A0A9P0HCK8	3	U-03	viridula	N. viridula
A0A9P0HCL0	2	U-02	viridula	N. viridula
A0A9P0HCL1	2	U-02	viridula	N. viridula
A0A9P0HCL6	2	U-02	viridula	N. viridula
A0A9P0HCL7	1	U-01	viridula	N. viridula
A0A9P0HCL8	0	unassigned	viridula	N. viridula
A0A9P0HCM0	0	unassigned	viridula	N. viridula
A0A9P0HCM3	1	U-01	viridula	N. viridula
A0A9P0HCM4	2	U-02	viridula	N. viridula
A0A9P0HCM5	2	U-02	viridula	N. viridula
A0A9P0HCM7	1	U-01	viridula	N. viridula
A0A9P0HCM9	1	U-01	viridula	N. viridula
A0A9P0HCN1	1	U-01	viridula	N. viridula
A0A9P0HCN2	2	U-02	viridula	N. viridula
A0A9P0HCN6	2	U-02	viridula	N. viridula
A0A9P0HCN7	1	U-01	viridula	N. viridula
A0A9P0HCP0	1	U-01	viridula	N. viridula
A0A9P0HCP1	4	U-04	viridula	N. viridula
A0A9P0HCP2	0	unassigned	viridula	N. viridula
A0A9P0HCP4	0	unassigned	viridula	N. viridula
A0A9P0HCP5	4	U-04	viridula	N. viridula
A0A9P0HCP6	1	U-01	viridula	N. viridula
A0A9P0HCP7	2	U-02	viridula	N. viridula
A0A9P0HCP8	2	U-02	viridula	N. viridula
A0A9P0HCP9	1	U-01	viridula	N. viridula
A0A9P0HCQ0	1	U-01	viridula	N. viridula
A0A9P0HCQ1	2	U-02	viridula	N. viridula
A0A9P0HCQ2	1	U-01	viridula	N. viridula
A0A9P0HCQ3	0	unassigned	viridula	N. viridula
A0A9P0HCQ4	1	U-01	viridula	N. viridula
A0A9P0HCQ5	1	U-01	viridula	N. viridula
A0A9P0HCQ6	4	U-04	viridula	N. viridula
A0A9P0HCQ7	2	U-02	viridula	N. viridula
A0A9P0HCQ9	0	unassigned	viridula	N. viridula
A0A9P0HCR0	1	U-01	viridula	N. viridula
A0A9P0HCR2	1	U-01	viridula	N. viridula
A0A9P0HCR4	1	U-01	viridula	N. viridula
A0A9P0HCR5	0	unassigned	viridula	N. viridula
A0A9P0HCR6	4	U-04	viridula	N. viridula
A0A9P0HCR7	2	U-02	viridula	N. viridula
A0A9P0HCR8	1	U-01	viridula	N. viridula
A0A9P0HCS1	1	U-01	viridula	N. viridula
A0A9P0HCS3	1	U-01	viridula	N. viridula
A0A9P0HCS5	1	U-01	viridula	N. viridula
A0A9P0HCS6	1	U-01	viridula	N. viridula
A0A9P0HCT0	0	unassigned	viridula	N. viridula
A0A9P0HCT1	0	unassigned	viridula	N. viridula
A0A9P0HCT2	1	U-01	viridula	N. viridula
A0A9P0HCT4	2	U-02	viridula	N. viridula
A0A9P0HCT6	2	U-02	viridula	N. viridula
A0A9P0HCT9	3	U-03	viridula	N. viridula
A0A9P0HCU0	0	unassigned	viridula	N. viridula
A0A9P0HCU1	2	U-02	viridula	N. viridula
A0A9P0HCU2	1	U-01	viridula	N. viridula
A0A9P0HCU3	1	U-01	viridula	N. viridula
A0A9P0HCU4	3	U-03	viridula	N. viridula
A0A9P0HCU6	0	unassigned	viridula	N. viridula
A0A9P0HCU7	1	U-01	viridula	N. viridula
A0A9P0HCU8	2	U-02	viridula	N. viridula
A0A9P0MWA0	2	U-02	viridula	N. viridula
A0A9P0MWA2	1	U-01	viridula	N. viridula
A0A9P0MWA3	2	U-02	viridula	N. viridula
A0A9P0MWA4	1	U-01	viridula	N. viridula
A0A9P0MWA7	2	U-02	viridula	N. viridula
A0A9P0MWA8	2	U-02	viridula	N. viridula
A0A9P0MWB0	2	U-02	viridula	N. viridula
A0A9P0MWB2	2	U-02	viridula	N. viridula
A0A9P0MWB4	0	unassigned	viridula	N. viridula
A0A9P0MWB6	2	U-02	viridula	N. viridula
A0A9P0MWB7	4	U-04	viridula	N. viridula
A0A9P0MWB8	1	U-01	viridula	N. viridula
A0A9P0MWB9	3	U-03	viridula	N. viridula
A0A9P0MWC1	0	unassigned	viridula	N. viridula
A0A9P0MWC2	1	U-01	viridula	N. viridula
A0A9P0MWC3	0	unassigned	viridula	N. viridula
A0A9P0MWC6	0	unassigned	viridula	N. viridula
A0A9P0MWD1	2	U-02	viridula	N. viridula
A0A9P0MWD6	1	U-01	viridula	N. viridula
A0A9P0MWD8	0	unassigned	viridula	N. viridula
A0A9P0MWE2	0	unassigned	viridula	N. viridula
A0A9P0MWE4	1	U-01	viridula	N. viridula
A0A9P0MWE5	3	U-03	viridula	N. viridula
A0A9P0MWE6	2	U-02	viridula	N. viridula
A0A9P0MWF0	2	U-02	viridula	N. viridula
A0A9P0MWF5	2	U-02	viridula	N. viridula
A0A9P0MWF9	3	U-03	viridula	N. viridula
A0A9P0MWG0	1	U-01	viridula	N. viridula
A0A9P0MWG3	2	U-02	viridula	N. viridula
A0A9P0MWG4	3	U-03	viridula	N. viridula
A0A9P0MWG5	4	U-04	viridula	N. viridula
A0A9P0MWG8	1	U-01	viridula	N. viridula
A0A9P0MWG9	1	U-01	viridula	N. viridula
A0A9P0MWH0	1	U-01	viridula	N. viridula
A0A9P0MWH2	1	U-01	viridula	N. viridula
A0A9P0MWH3	0	unassigned	viridula	N. viridula
A0A9P0MWH4	3	U-03	viridula	N. viridula
A0A9P0MWH7	2	U-02	viridula	N. viridula
A0A9P0MWH9	0	unassigned	viridula	N. viridula
A0A9P0MWI0	1	U-01	viridula	N. viridula
A0A9P0MWI2	1	U-01	viridula	N. viridula
A0A9P0MWI3	2	U-02	viridula	N. viridula
A0A9P0MWI5	2	U-02	viridula	N. viridula
A0A9P0MWI7	2	U-02	viridula	N. viridula
A0A9P0MWI9	0	unassigned	viridula	N. viridula
A0A9P0MWJ0	1	U-01	viridula	N. viridula
A0A9P0MWJ1	2	U-02	viridula	N. viridula
A0A9P0MWJ3	1	U-01	viridula	N. viridula
A0A9P0MWJ4	4	U-04	viridula	N. viridula
A0A9P0MWJ9	1	U-01	viridula	N. viridula
A0A9P0MWK0	4	U-04	viridula	N. viridula
A0A9P0MWK1	1	U-01	viridula	N. viridula
A0A9P0MWK4	1	U-01	viridula	N. viridula
A0A9P0MWK5	1	U-01	viridula	N. viridula
A0A9P0MWK6	1	U-01	viridula	N. viridula
A0A9P0MWK9	4	U-04	viridula	N. viridula
A0A9P0MWL1	1	U-01	viridula	N. viridula
A0A9P0MWL3	3	U-03	viridula	N. viridula
A0A9P0MWL4	4	U-04	viridula	N. viridula
A0A9P0MWL6	1	U-01	viridula	N. viridula
A0A9P0MWL9	1	U-01	viridula	N. viridula
A0A9P0MWM3	2	U-02	viridula	N. viridula
A0A9P0MWM5	4	U-04	viridula	N. viridula
A0A9P0MWM7	1	U-01	viridula	N. viridula
A0A9P0MWN2	2	U-02	viridula	N. viridula
A0A9P0MWP1	1	U-01	viridula	N. viridula
A0A9P0MWP3	2	U-02	viridula	N. viridula
A0A9P0MWP8	1	U-01	viridula	N. viridula
A0A9P0MWP9	2	U-02	viridula	N. viridula
A0A9P0MWQ2	2	U-02	viridula	N. viridula
A0A9P0MWQ3	1	U-01	viridula	N. viridula
A0A9P0MWQ4	3	U-03	viridula	N. viridula
A0A9P0MWQ7	1	U-01	viridula	N. viridula
A0A9P0MWR1	1	U-01	viridula	N. viridula
A0A9P0MWR2	2	U-02	viridula	N. viridula
A0A9P0MWR3	3	U-03	viridula	N. viridula
A0A9P0MWR4	1	U-01	viridula	N. viridula
A0A9P0MWR5	1	U-01	viridula	N. viridula
A0A9P0MWR7	0	unassigned	viridula	N. viridula
A0A9P0MWR8	0	unassigned	viridula	N. viridula
A0A9P0MWS0	2	U-02	viridula	N. viridula
A0A9P0MWS2	1	U-01	viridula	N. viridula
A0A9P0MWS4	2	U-02	viridula	N. viridula
A0A9P0MWS6	1	U-01	viridula	N. viridula
A0A9P0MWS7	3	U-03	viridula	N. viridula
A0A9P0MWS8	1	U-01	viridula	N. viridula
A0A9P0MWT1	3	U-03	viridula	N. viridula
A0A9P0MWT2	1	U-01	viridula	N. viridula
A0A9P0MWT8	3	U-03	viridula	N. viridula
A0A9P0MWU0	4	U-04	viridula	N. viridula
A0A9P0MWU2	0	unassigned	viridula	N. viridula
A0A9P0MWU4	2	U-02	viridula	N. viridula
A0A9P0MWU8	1	U-01	viridula	N. viridula
A0A9P0MWV2	2	U-02	viridula	N. viridula
A0A9P0MWV3	2	U-02	viridula	N. viridula
A0A9P0MWV4	2	U-02	viridula	N. viridula
A0A9P0MWV5	1	U-01	viridula	N. viridula
A0A9P0MWV7	2	U-02	viridula	N. viridula
A0A9P0MWW0	1	U-01	viridula	N. viridula
A0A9P0MWW2	3	U-03	viridula	N. viridula
A0A9P0HI39	4	U-04	viridula	N. viridula
A0A9P0HI40	1	U-01	viridula	N. viridula
A0A9P0HI41	1	U-01	viridula	N. viridula
A0A9P0HI42	0	unassigned	viridula	N. viridula
A0A9P0HI43	1	U-01	viridula	N. viridula
A0A9P0HI44	0	unassigned	viridula	N. viridula
A0A9P0HI46	1	U-01	viridula	N. viridula
A0A9P0HI47	0	unassigned	viridula	N. viridula
A0A9P0HI48	1	U-01	viridula	N. viridula
A0A9P0HI49	1	U-01	viridula	N. viridula
A0A9P0HI53	1	U-01	viridula	N. viridula
A0A9P0HI54	1	U-01	viridula	N. viridula
A0A9P0HI55	2	U-02	viridula	N. viridula
A0A9P0HI56	1	U-01	viridula	N. viridula
A0A9P0HI57	2	U-02	viridula	N. viridula
A0A9P0HI58	1	U-01	viridula	N. viridula
A0A9P0HI59	1	U-01	viridula	N. viridula
A0A9P0HI62	1	U-01	viridula	N. viridula
A0A9P0HI63	2	U-02	viridula	N. viridula
A0A9P0HI64	1	U-01	viridula	N. viridula
A0A9P0HI65	2	U-02	viridula	N. viridula
A0A9P0HI69	4	U-04	viridula	N. viridula
A0A9P0HI70	0	unassigned	viridula	N. viridula
A0A9P0HI72	1	U-01	viridula	N. viridula
A0A9P0HI73	1	U-01	viridula	N. viridula
A0A9P0HI76	1	U-01	viridula	N. viridula
A0A9P0HI77	2	U-02	viridula	N. viridula
A0A9P0HI80	2	U-02	viridula	N. viridula
A0A9P0HI81	1	U-01	viridula	N. viridula
A0A9P0HI83	2	U-02	viridula	N. viridula
A0A9P0HI84	2	U-02	viridula	N. viridula
A0A9P0HI87	1	U-01	viridula	N. viridula
A0A9P0HI88	4	U-04	viridula	N. viridula
A0A9P0HI89	2	U-02	viridula	N. viridula
A0A9P0HI91	1	U-01	viridula	N. viridula
A0A9P0HI92	4	U-04	viridula	N. viridula
A0A9P0HI93	1	U-01	viridula	N. viridula
A0A9P0HI94	1	U-01	viridula	N. viridula
A0A9P0HI95	2	U-02	viridula	N. viridula
A0A9P0HI97	2	U-02	viridula	N. viridula
A0A9P0HI98	4	U-04	viridula	N. viridula
A0A9P0HIA0	2	U-02	viridula	N. viridula
A0A9P0HIA1	1	U-01	viridula	N. viridula
A0A9P0HIA3	0	unassigned	viridula	N. viridula
A0A9P0HIA4	0	unassigned	viridula	N. viridula
A0A9P0HIA5	1	U-01	viridula	N. viridula
A0A9P0HIA8	1	U-01	viridula	N. viridula
A0A9P0HIA9	2	U-02	viridula	N. viridula
A0A9P0HIB0	2	U-02	viridula	N. viridula
A0A9P0H8H7	1	U-01	viridula	N. viridula
A0A9P0H8I2	1	U-01	viridula	N. viridula
A0A9P0H8I4	1	U-01	viridula	N. viridula
A0A9P0H8I6	1	U-01	viridula	N. viridula
A0A9P0H8I7	1	U-01	viridula	N. viridula
A0A9P0H8I8	1	U-01	viridula	N. viridula
A0A9P0H8J1	1	U-01	viridula	N. viridula
A0A9P0H8J2	0	unassigned	viridula	N. viridula
A0A9P0H8J4	0	unassigned	viridula	N. viridula
A0A9P0H8J6	1	U-01	viridula	N. viridula
A0A9P0H8J9	3	U-03	viridula	N. viridula
A0A9P0H8K1	4	U-04	viridula	N. viridula
A0A9P0H8K8	4	U-04	viridula	N. viridula
A0A9P0H8L3	1	U-01	viridula	N. viridula
A0A9P0H8L6	1	U-01	viridula	N. viridula
A0A9P0H8L8	1	U-01	viridula	N. viridula
A0A9P0H8N2	1	U-01	viridula	N. viridula
A0A9P0H8N8	3	U-03	viridula	N. viridula
A0A9P0H8P0	3	U-03	viridula	N. viridula
A0A9P0H8P2	1	U-01	viridula	N. viridula
A0A9P0H8P3	1	U-01	viridula	N. viridula
A0A9P0H8P9	1	U-01	viridula	N. viridula
A0A9P0H8Q2	1	U-01	viridula	N. viridula
A0A9P0H8Q3	1	U-01	viridula	N. viridula
A0A9P0H8Q4	1	U-01	viridula	N. viridula
A0A9P0H8Q6	1	U-01	viridula	N. viridula
A0A9P0H8Q9	3	U-03	viridula	N. viridula
A0A9P0H8R2	4	U-04	viridula	N. viridula
A0A9P0H8R7	1	U-01	viridula	N. viridula
A0A9P0H8S1	1	U-01	viridula	N. viridula
A0A9P0H8S7	0	unassigned	viridula	N. viridula
A0A9P0H8S8	1	U-01	viridula	N. viridula
A0A9P0H8T2	4	U-04	viridula	N. viridula
A0A9P0H8T3	1	U-01	viridula	N. viridula
A0A9P0H8T5	1	U-01	viridula	N. viridula
A0A9P0H8T7	1	U-01	viridula	N. viridula
A0A9P0H8T8	3	U-03	viridula	N. viridula
A0A9P0H8U1	1	U-01	viridula	N. viridula
A0A9P0H8U6	3	U-03	viridula	N. viridula
A0A9P0H8U7	3	U-03	viridula	N. viridula
A0A9P0H8U9	1	U-01	viridula	N. viridula
A0A9P0H8V9	1	U-01	viridula	N. viridula
A0A9P0H8W3	1	U-01	viridula	N. viridula
A0A9P0H8W6	1	U-01	viridula	N. viridula
A0A9P0H8X1	3	U-03	viridula	N. viridula
A0A9P0H8X3	1	U-01	viridula	N. viridula
A0A9P0H8X4	1	U-01	viridula	N. viridula
A0A9P0H8Y7	1	U-01	viridula	N. viridula
A0A9P0H8Y9	3	U-03	viridula	N. viridula
A0A9P0H8Z0	1	U-01	viridula	N. viridula
A0A9P0H8Z1	1	U-01	viridula	N. viridula
