id	cluster_id	cluster_name	select	label
A0A1S4H070	1	U-01	gambiae	A. gambiae
A0A1S4H073	1	U-01	gambiae	A. gambiae
A0A1S4H076	1	U-01	gambiae	A. gambiae
A0A1S4H085	1	U-01	gambiae	A. gambiae
A0A1S4H086	1	U-01	gambiae	A. gambiae
A0A1S4H094	1	U-01	gambiae	A. gambiae
A0A1S4H096	1	U-01	gambiae	A. gambiae
A0A1S4H099	1	U-01	gambiae	A. gambiae
A0A1S4H0A4	1	U-01	gambiae	A. gambiae
A0A1S4H0A6	2	U-02	gambiae	A. gambiae
A0A1S4H0B1	1	U-01	gambiae	A. gambiae
A0A1S4H0B2	2	U-02	gambiae	A. gambiae
A0A1S4H0B3	1	U-01	gambiae	A. gambiae
A0A1S4H0C1	0	unassigned	gambiae	A. gambiae
A0A1S4H0C8	1	U-01	gambiae	A. gambiae
A0A1S4H0D6	1	U-01	gambiae	A. gambiae
A0A1S4H0E6	1	U-01	gambiae	A. gambiae
A0A1S4H0F0	0	unassigned	gambiae	A. gambiae
A0A1S4H0F2	0	unassigned	gambiae	A. gambiae
A0A1S4H0F6	1	U-01	gambiae	A. gambiae
A0A1S4H0F8	1	U-01	gambiae	A. gambiae
A0A1S4H0G1	1	U-01	gambiae	A. gambiae
A0A1S4H0G8	0	unassigned	gambiae	A. gambiae
A0A1S4H0H0	1	U-01	gambiae	A. gambiae
A0A1S4H0H6	2	U-02	gambiae	A. gambiae
A0A1S4H0I0	1	U-01	gambiae	A. gambiae
A0A1S4H0I6	1	U-01	gambiae	A. gambiae
A0A1S4H0J1	1	U-01	gambiae	A. gambiae
A0A1S4H0J2	1	U-01	gambiae	A. gambiae
A0A1S4H0J5	1	U-01	gambiae	A. gambiae
A0A1S4H0J8	1	U-01	gambiae	A. gambiae
A0A1S4H0K1	1	U-01	gambiae	A. gambiae
A0A1S4H0K2	2	U-02	gambiae	A. gambiae
A0A1S4H0K4	0	unassigned	gambiae	A. gambiae
A0A1S4H0K7	2	U-02	gambiae	A. gambiae
A0A1S4H0K9	1	U-01	gambiae	A. gambiae
A0A1S4H0L1	2	U-02	gambiae	A. gambiae
A0A1S4H0L3	1	U-01	gambiae	A. gambiae
A0A1S4H0L7	1	U-01	gambiae	A. gambiae
A0A1S4H0M3	1	U-01	gambiae	A. gambiae
A0A1S4H0M4	2	U-02	gambiae	A. gambiae
A0A1S4H0M6	1	U-01	gambiae	A. gambiae
A0A1S4H0N0	1	U-01	gambiae	A. gambiae
A0A1S4H0N3	1	U-01	gambiae	A. gambiae
A0A1S4H0N6	1	U-01	gambiae	A. gambiae
A0A1S4H0N7	1	U-01	gambiae	A. gambiae
A0A1S4H0P2	2	U-02	gambiae	A. gambiae
A0A1S4H0P3	1	U-01	gambiae	A. gambiae
A0A1S4H0P4	1	U-01	gambiae	A. gambiae
A0A1S4H0P9	2	U-02	gambiae	A. gambiae
A0A1S4H0Q2	1	U-01	gambiae	A. gambiae
A0A1S4H0Q5	1	U-01	gambiae	A. gambiae
A0A1S4H0Q6	1	U-01	gambiae	A. gambiae
A0A1S4H0Q8	1	U-01	gambiae	A. gambiae
A0A1S4H0R0	1	U-01	gambiae	A. gambiae
A0A1S4H0S0	2	U-02	gambiae	A. gambiae
A0A1S4H0S3	1	U-01	gambiae	A. gambiae
A0A1S4H0T0	1	U-01	gambiae	A. gambiae
A0A1S4H0T7	1	U-01	gambiae	A. gambiae
A0A1S4H0V0	1	U-01	gambiae	A. gambiae
A0A1S4H0V8	0	unassigned	gambiae	A. gambiae
A0A1S4H0W1	1	U-01	gambiae	A. gambiae
A0A1S4H0X3	1	U-01	gambiae	A. gambiae
A0A1S4H0X5	1	U-01	gambiae	A. gambiae
A0A1S4H0Z4	2	U-02	gambiae	A. gambiae
A0A1S4H115	2	U-02	gambiae	A. gambiae
A0A1S4H116	1	U-01	gambiae	A. gambiae
A0A1S4H130	1	U-01	gambiae	A. gambiae
A0A1S4H133	2	U-02	gambiae	A. gambiae
A0A1S4H134	1	U-01	gambiae	A. gambiae
A0A1S4H138	1	U-01	gambiae	A. gambiae
A0A1S4H140	1	U-01	gambiae	A. gambiae
A0A1S4H142	1	U-01	gambiae	A. gambiae
A0A1S4H143	1	U-01	gambiae	A. gambiae
A0A1S4H146	1	U-01	gambiae	A. gambiae
A0A1S4H148	0	unassigned	gambiae	A. gambiae
A0A1S4H154	0	unassigned	gambiae	A. gambiae
A0A1S4H158	1	U-01	gambiae	A. gambiae
A0A1S4H161	1	U-01	gambiae	A. gambiae
A0A1S4H166	1	U-01	gambiae	A. gambiae
A0A1S4H179	2	U-02	gambiae	A. gambiae
A0A1S4H198	1	U-01	gambiae	A. gambiae
A0A1S4H1A1	1	U-01	gambiae	A. gambiae
A0A1S4H1A3	1	U-01	gambiae	A. gambiae
A0A1S4H1A7	1	U-01	gambiae	A. gambiae
A0A1S4H1A8	1	U-01	gambiae	A. gambiae
A0A1S4H1B0	1	U-01	gambiae	A. gambiae
A0A1S4H1B4	2	U-02	gambiae	A. gambiae
A0A1S4H1B5	1	U-01	gambiae	A. gambiae
A0A1S4H1C0	1	U-01	gambiae	A. gambiae
A0A1S4H1C2	2	U-02	gambiae	A. gambiae
A0A1S4H1C5	1	U-01	gambiae	A. gambiae
A0A1S4H1C6	1	U-01	gambiae	A. gambiae
A0A1S4H1D0	1	U-01	gambiae	A. gambiae
A0A1S4H1D3	1	U-01	gambiae	A. gambiae
A0A1S4H1D5	1	U-01	gambiae	A. gambiae
A0A1S4H1D7	1	U-01	gambiae	A. gambiae
A0A1S4H1D9	2	U-02	gambiae	A. gambiae
A0A1S4H1E2	1	U-01	gambiae	A. gambiae
A0A1S4H1F1	1	U-01	gambiae	A. gambiae
Q7PRY4	1	U-01	gambiae	A. gambiae
Q7PRY6	1	U-01	gambiae	A. gambiae
Q7PRZ0	2	U-02	gambiae	A. gambiae
Q7PRZ2	1	U-01	gambiae	A. gambiae
Q7PRZ8	1	U-01	gambiae	A. gambiae
Q7PS02	1	U-01	gambiae	A. gambiae
Q7PS08	1	U-01	gambiae	A. gambiae
Q7PS09	1	U-01	gambiae	A. gambiae
Q7PS14	2	U-02	gambiae	A. gambiae
Q7PS21	1	U-01	gambiae	A. gambiae
Q7PS24	1	U-01	gambiae	A. gambiae
Q7PS25	1	U-01	gambiae	A. gambiae
Q7PS26	1	U-01	gambiae	A. gambiae
Q7PS28	2	U-02	gambiae	A. gambiae
Q7PS29	2	U-02	gambiae	A. gambiae
Q7PS33	1	U-01	gambiae	A. gambiae
Q7PS41	1	U-01	gambiae	A. gambiae
Q7PS45	1	U-01	gambiae	A. gambiae
Q7PS61	1	U-01	gambiae	A. gambiae
Q7PS66	1	U-01	gambiae	A. gambiae
Q7PS74	1	U-01	gambiae	A. gambiae
Q7PS75	2	U-02	gambiae	A. gambiae
Q7PS77	1	U-01	gambiae	A. gambiae
Q7PS87	1	U-01	gambiae	A. gambiae
Q7PS96	0	unassigned	gambiae	A. gambiae
Q7PS97	1	U-01	gambiae	A. gambiae
Q7PSA8	1	U-01	gambiae	A. gambiae
Q7PSA9	1	U-01	gambiae	A. gambiae
Q7PSC3	1	U-01	gambiae	A. gambiae
Q7PSD1	1	U-01	gambiae	A. gambiae
Q7PSH2	1	U-01	gambiae	A. gambiae
Q7PSI4	1	U-01	gambiae	A. gambiae
Q7PSJ1	1	U-01	gambiae	A. gambiae
Q7PSL0	1	U-01	gambiae	A. gambiae
Q7PSL3	1	U-01	gambiae	A. gambiae
Q7PSL6	1	U-01	gambiae	A. gambiae
Q7PSL7	1	U-01	gambiae	A. gambiae
Q7PSM3	1	U-01	gambiae	A. gambiae
Q7PSM8	2	U-02	gambiae	A. gambiae
Q7PSM9	2	U-02	gambiae	A. gambiae
Q7PSN3	1	U-01	gambiae	A. gambiae
Q7PSP6	1	U-01	gambiae	A. gambiae
Q7PSP8	1	U-01	gambiae	A. gambiae
Q7PSQ1	1	U-01	gambiae	A. gambiae
Q7PSR5	1	U-01	gambiae	A. gambiae
Q7PSR7	1	U-01	gambiae	A. gambiae
Q7PSR8	1	U-01	gambiae	A. gambiae
Q7PSR9	1	U-01	gambiae	A. gambiae
Q7PSV0	1	U-01	gambiae	A. gambiae
Q7PSV3	2	U-02	gambiae	A. gambiae
Q7PSV4	1	U-01	gambiae	A. gambiae
Q7PSW4	1	U-01	gambiae	A. gambiae
Q7PSX0	1	U-01	gambiae	A. gambiae
Q7PSX5	1	U-01	gambiae	A. gambiae
Q7PSX9	1	U-01	gambiae	A. gambiae
Q7PSZ2	1	U-01	gambiae	A. gambiae
Q7PSZ6	1	U-01	gambiae	A. gambiae
Q7PSZ7	1	U-01	gambiae	A. gambiae
Q7PSZ8	1	U-01	gambiae	A. gambiae
Q7PT00	1	U-01	gambiae	A. gambiae
Q7PT04	2	U-02	gambiae	A. gambiae
Q7PT18	1	U-01	gambiae	A. gambiae
Q7PT20	1	U-01	gambiae	A. gambiae
Q7PT23	2	U-02	gambiae	A. gambiae
Q7PT27	1	U-01	gambiae	A. gambiae
Q7PT29	1	U-01	gambiae	A. gambiae
Q7PT31	0	unassigned	gambiae	A. gambiae
Q7PT32	1	U-01	gambiae	A. gambiae
Q7PT33	1	U-01	gambiae	A. gambiae
Q7PT42	1	U-01	gambiae	A. gambiae
Q7PT48	2	U-02	gambiae	A. gambiae
Q7PT52	1	U-01	gambiae	A. gambiae
Q7PT53	1	U-01	gambiae	A. gambiae
Q7PT61	0	unassigned	gambiae	A. gambiae
Q7PT63	1	U-01	gambiae	A. gambiae
Q7Q0A7	1	U-01	gambiae	A. gambiae
Q7Q0C2	1	U-01	gambiae	A. gambiae
Q7Q0C5	2	U-02	gambiae	A. gambiae
Q7Q0D3	1	U-01	gambiae	A. gambiae
Q7Q0D5	1	U-01	gambiae	A. gambiae
Q7Q0D6	1	U-01	gambiae	A. gambiae
Q7Q0D7	2	U-02	gambiae	A. gambiae
Q7Q0D9	1	U-01	gambiae	A. gambiae
Q7Q0F9	1	U-01	gambiae	A. gambiae
Q7Q0G5	1	U-01	gambiae	A. gambiae
Q7Q0H5	1	U-01	gambiae	A. gambiae
Q7Q0H6	1	U-01	gambiae	A. gambiae
Q7Q0I7	1	U-01	gambiae	A. gambiae
Q7Q0I8	1	U-01	gambiae	A. gambiae
Q7Q0L5	1	U-01	gambiae	A. gambiae
Q7Q0M3	1	U-01	gambiae	A. gambiae
Q7Q0N1	1	U-01	gambiae	A. gambiae
Q7Q0N7	2	U-02	gambiae	A. gambiae
Q7Q0P4	1	U-01	gambiae	A. gambiae
Q7Q0Q0	1	U-01	gambiae	A. gambiae
Q7Q0Q5	1	U-01	gambiae	A. gambiae
Q7Q0S5	2	U-02	gambiae	A. gambiae
Q7Q0T3	1	U-01	gambiae	A. gambiae
Q7Q0T4	1	U-01	gambiae	A. gambiae
Q7Q0T5	1	U-01	gambiae	A. gambiae
A0NAU6	1	U-01	gambiae	A. gambiae
A0NAU7	1	U-01	gambiae	A. gambiae
A0NAV4	1	U-01	gambiae	A. gambiae
A0NAV5	0	unassigned	gambiae	A. gambiae
A0NAV7	1	U-01	gambiae	A. gambiae
A0NAW1	0	unassigned	gambiae	A. gambiae
A0NAW5	0	unassigned	gambiae	A. gambiae
A0NAW6	1	U-01	gambiae	A. gambiae
A0NAW7	0	unassigned	gambiae	A. gambiae
A0NAX0	1	U-01	gambiae	A. gambiae
A0NAX2	1	U-01	gambiae	A. gambiae
A0NAX4	0	unassigned	gambiae	A. gambiae
A0NAY0	1	U-01	gambiae	A. gambiae
A0NAZ0	1	U-01	gambiae	A. gambiae
A0NAZ1	0	unassigned	gambiae	A. gambiae
A0NAZ2	1	U-01	gambiae	A. gambiae
A0NAZ6	0	unassigned	gambiae	A. gambiae
A0NB02	1	U-01	gambiae	A. gambiae
A0NB09	2	U-02	gambiae	A. gambiae
A0NB10	0	unassigned	gambiae	A. gambiae
A0NB11	1	U-01	gambiae	A. gambiae
A0NB23	1	U-01	gambiae	A. gambiae
A0NB25	1	U-01	gambiae	A. gambiae
A0NB28	0	unassigned	gambiae	A. gambiae
A0NB33	1	U-01	gambiae	A. gambiae
A0NB34	0	unassigned	gambiae	A. gambiae
A0NB38	0	unassigned	gambiae	A. gambiae
A0NB39	1	U-01	gambiae	A. gambiae
A0NB41	1	U-01	gambiae	A. gambiae
A0NB44	1	U-01	gambiae	A. gambiae
A0NB46	1	U-01	gambiae	A. gambiae
A0NB47	1	U-01	gambiae	A. gambiae
A0NB48	1	U-01	gambiae	A. gambiae
A0NB52	1	U-01	gambiae	A. gambiae
A0NB53	1	U-01	gambiae	A. gambiae
A0NB56	1	U-01	gambiae	A. gambiae
A0NB63	1	U-01	gambiae	A. gambiae
A0NB67	0	unassigned	gambiae	A. gambiae
A0NB74	0	unassigned	gambiae	A. gambiae
A0NB98	1	U-01	gambiae	A. gambiae
A0NBA4	1	U-01	gambiae	A. gambiae
A0NBB7	1	U-01	gambiae	A. gambiae
A0NBB9	0	unassigned	gambiae	A. gambiae
A0NBC0	0	unassigned	gambiae	A. gambiae
A0NBC1	0	unassigned	gambiae	A. gambiae
A0NBC2	1	U-01	gambiae	A. gambiae
A0NBD3	1	U-01	gambiae	A. gambiae
A0NBD5	1	U-01	gambiae	A. gambiae
A0NBD8	0	unassigned	gambiae	A. gambiae
A0NBE4	1	U-01	gambiae	A. gambiae
A0NBF2	1	U-01	gambiae	A. gambiae
A0NBF5	0	unassigned	gambiae	A. gambiae
A0NBF6	2	U-02	gambiae	A. gambiae
A0NBF7	2	U-02	gambiae	A. gambiae
A0NBG0	2	U-02	gambiae	A. gambiae
A0NBG6	1	U-01	gambiae	A. gambiae
A0NBH7	1	U-01	gambiae	A. gambiae
A0NBI0	1	U-01	gambiae	A. gambiae
A0NBJ1	1	U-01	gambiae	A. gambiae
A0NBK6	1	U-01	gambiae	A. gambiae
A0NBK9	1	U-01	gambiae	A. gambiae
A0NBL1	2	U-02	gambiae	A. gambiae
A0NBL4	1	U-01	gambiae	A. gambiae
A0NBM1	1	U-01	gambiae	A. gambiae
A0NBM3	1	U-01	gambiae	A. gambiae
A0NBM4	0	unassigned	gambiae	A. gambiae
A0NBM6	1	U-01	gambiae	A. gambiae
A7USD6	1	U-01	gambiae	A. gambiae
A7USD8	1	U-01	gambiae	A. gambiae
A7USE0	1	U-01	gambiae	A. gambiae
A7USE2	2	U-02	gambiae	A. gambiae
A7USE4	1	U-01	gambiae	A. gambiae
A7USG2	1	U-01	gambiae	A. gambiae
A7USI1	1	U-01	gambiae	A. gambiae
A7USI3	1	U-01	gambiae	A. gambiae
A7USI4	1	U-01	gambiae	A. gambiae
A7USI6	2	U-02	gambiae	A. gambiae
A7USI7	1	U-01	gambiae	A. gambiae
A7USJ0	1	U-01	gambiae	A. gambiae
A7USK6	1	U-01	gambiae	A. gambiae
A7USL1	1	U-01	gambiae	A. gambiae
A7USL4	1	U-01	gambiae	A. gambiae
A7USL9	1	U-01	gambiae	A. gambiae
A7USN2	1	U-01	gambiae	A. gambiae
A7USN5	2	U-02	gambiae	A. gambiae
A7USP1	1	U-01	gambiae	A. gambiae
A7USP3	1	U-01	gambiae	A. gambiae
A7USP5	1	U-01	gambiae	A. gambiae
A7USP6	1	U-01	gambiae	A. gambiae
A7USP7	1	U-01	gambiae	A. gambiae
A7USQ8	1	U-01	gambiae	A. gambiae
A7USR2	1	U-01	gambiae	A. gambiae
A7USS2	1	U-01	gambiae	A. gambiae
A7USS4	2	U-02	gambiae	A. gambiae
A7USS8	1	U-01	gambiae	A. gambiae
A7UST1	1	U-01	gambiae	A. gambiae
A7UST5	1	U-01	gambiae	A. gambiae
A7USU3	2	U-02	gambiae	A. gambiae
A7USU5	1	U-01	gambiae	A. gambiae
A7USU7	1	U-01	gambiae	A. gambiae
Q7PMS0	1	U-01	gambiae	A. gambiae
Q7PMS2	1	U-01	gambiae	A. gambiae
Q7PMS7	1	U-01	gambiae	A. gambiae
Q7PMS9	1	U-01	gambiae	A. gambiae
Q7PMT0	1	U-01	gambiae	A. gambiae
Q7PMT7	1	U-01	gambiae	A. gambiae
Q7PMU0	1	U-01	gambiae	A. gambiae
Q7PMU3	1	U-01	gambiae	A. gambiae
Q7PMU4	1	U-01	gambiae	A. gambiae
Q7PMU6	1	U-01	gambiae	A. gambiae
Q7PMV3	2	U-02	gambiae	A. gambiae
Q7PMW1	1	U-01	gambiae	A. gambiae
Q7PMW6	2	U-02	gambiae	A. gambiae
Q7PMX2	1	U-01	gambiae	A. gambiae
Q7PMX9	1	U-01	gambiae	A. gambiae
Q7PMZ0	2	U-02	gambiae	A. gambiae
Q7PN12	1	U-01	gambiae	A. gambiae
Q7PN14	2	U-02	gambiae	A. gambiae
Q7PN15	1	U-01	gambiae	A. gambiae
Q7PN34	1	U-01	gambiae	A. gambiae
Q7PN86	2	U-02	gambiae	A. gambiae
Q7PNA2	1	U-01	gambiae	A. gambiae
Q7PNA9	1	U-01	gambiae	A. gambiae
Q7PNB0	1	U-01	gambiae	A. gambiae
Q7PNB3	2	U-02	gambiae	A. gambiae
Q7PNB4	0	unassigned	gambiae	A. gambiae
Q7PNB5	0	unassigned	gambiae	A. gambiae
Q7PNC0	1	U-01	gambiae	A. gambiae
Q7PNC3	1	U-01	gambiae	A. gambiae
Q7PND3	1	U-01	gambiae	A. gambiae
Q7PND9	1	U-01	gambiae	A. gambiae
Q7PNF3	1	U-01	gambiae	A. gambiae
Q7PNG4	1	U-01	gambiae	A. gambiae
Q7PNJ1	1	U-01	gambiae	A. gambiae
Q7PNJ2	1	U-01	gambiae	A. gambiae
Q7PNJ3	1	U-01	gambiae	A. gambiae
Q7PNJ4	1	U-01	gambiae	A. gambiae
Q7PNJ6	1	U-01	gambiae	A. gambiae
Q7PNJ7	1	U-01	gambiae	A. gambiae
Q7PNK0	1	U-01	gambiae	A. gambiae
Q7PNK3	1	U-01	gambiae	A. gambiae
Q7PNK5	1	U-01	gambiae	A. gambiae
Q7PNK6	1	U-01	gambiae	A. gambiae
Q7PNK8	1	U-01	gambiae	A. gambiae
Q7PT68	1	U-01	gambiae	A. gambiae
Q7PT71	1	U-01	gambiae	A. gambiae
Q7PT72	1	U-01	gambiae	A. gambiae
Q7PT77	1	U-01	gambiae	A. gambiae
Q7PT80	1	U-01	gambiae	A. gambiae
Q7PT87	1	U-01	gambiae	A. gambiae
Q7PT89	2	U-02	gambiae	A. gambiae
Q7PT94	2	U-02	gambiae	A. gambiae
Q7PT95	1	U-01	gambiae	A. gambiae
Q7PT96	1	U-01	gambiae	A. gambiae
Q7PTA1	1	U-01	gambiae	A. gambiae
Q7PTA7	1	U-01	gambiae	A. gambiae
Q7PTA8	1	U-01	gambiae	A. gambiae
Q7PTB1	1	U-01	gambiae	A. gambiae
Q7PTB2	1	U-01	gambiae	A. gambiae
Q7PTB4	1	U-01	gambiae	A. gambiae
Q7PTB5	1	U-01	gambiae	A. gambiae
Q7PTC1	1	U-01	gambiae	A. gambiae
Q7PTC5	1	U-01	gambiae	A. gambiae
Q7PTC8	1	U-01	gambiae	A. gambiae
Q7PTD0	1	U-01	gambiae	A. gambiae
Q7PTD2	1	U-01	gambiae	A. gambiae
Q7PTD5	1	U-01	gambiae	A. gambiae
Q7PTE3	1	U-01	gambiae	A. gambiae
Q7PTF2	2	U-02	gambiae	A. gambiae
Q7PTF4	1	U-01	gambiae	A. gambiae
Q7PTF6	2	U-02	gambiae	A. gambiae
Q7PTF9	1	U-01	gambiae	A. gambiae
Q7PTG1	1	U-01	gambiae	A. gambiae
Q7PTG5	1	U-01	gambiae	A. gambiae
Q7PTG6	1	U-01	gambiae	A. gambiae
Q7PTG7	1	U-01	gambiae	A. gambiae
Q7PTH4	1	U-01	gambiae	A. gambiae
Q7PTH5	1	U-01	gambiae	A. gambiae
Q7PTH9	1	U-01	gambiae	A. gambiae
Q7PTI1	1	U-01	gambiae	A. gambiae
Q7PTI2	1	U-01	gambiae	A. gambiae
Q7PTI4	1	U-01	gambiae	A. gambiae
Q7PTK2	1	U-01	gambiae	A. gambiae
Q7PTK3	1	U-01	gambiae	A. gambiae
Q7PTK7	1	U-01	gambiae	A. gambiae
Q7PTL0	1	U-01	gambiae	A. gambiae
Q7PTL6	1	U-01	gambiae	A. gambiae
Q7PTL7	1	U-01	gambiae	A. gambiae
Q7PTM8	1	U-01	gambiae	A. gambiae
Q7PTN0	1	U-01	gambiae	A. gambiae
Q7PTN1	1	U-01	gambiae	A. gambiae
Q7PTN2	1	U-01	gambiae	A. gambiae
Q7PTN3	1	U-01	gambiae	A. gambiae
Q7PTN4	1	U-01	gambiae	A. gambiae
Q7PTP5	1	U-01	gambiae	A. gambiae
Q7PTP8	1	U-01	gambiae	A. gambiae
Q7PTR1	1	U-01	gambiae	A. gambiae
Q7PTU5	2	U-02	gambiae	A. gambiae
Q7PTW4	1	U-01	gambiae	A. gambiae
Q7PTY9	1	U-01	gambiae	A. gambiae
A0A903X4V6	1	U-01	gambiae	A. gambiae
A0A903X5G8	1	U-01	gambiae	A. gambiae
A0A903X5P2	1	U-01	gambiae	A. gambiae
A0A903X605	1	U-01	gambiae	A. gambiae
A0A903X6E1	1	U-01	gambiae	A. gambiae
A0A903X6J2	1	U-01	gambiae	A. gambiae
A0A903X6L7	1	U-01	gambiae	A. gambiae
A0A903X7C6	1	U-01	gambiae	A. gambiae
A0A903X7D4	1	U-01	gambiae	A. gambiae
A0A903X8F7	1	U-01	gambiae	A. gambiae
A0A903X8L4	2	U-02	gambiae	A. gambiae
A0A903XBK2	1	U-01	gambiae	A. gambiae
A0A903XIN4	1	U-01	gambiae	A. gambiae
A0A903XIQ5	1	U-01	gambiae	A. gambiae
A0A903XJ40	1	U-01	gambiae	A. gambiae
A0A903XJY0	1	U-01	gambiae	A. gambiae
A0A903XKG6	1	U-01	gambiae	A. gambiae
A0A903XKI7	1	U-01	gambiae	A. gambiae
A0A903XL31	1	U-01	gambiae	A. gambiae
A0A903XLK9	1	U-01	gambiae	A. gambiae
A0A903XLN7	1	U-01	gambiae	A. gambiae
A0A903XLV8	1	U-01	gambiae	A. gambiae
A0A903XM31	1	U-01	gambiae	A. gambiae
A0A903XMT2	1	U-01	gambiae	A. gambiae
A0A903XN99	1	U-01	gambiae	A. gambiae
A0A903XNK0	1	U-01	gambiae	A. gambiae
A0A903XNN5	2	U-02	gambiae	A. gambiae
A0A903XNQ2	1	U-01	gambiae	A. gambiae
A0A903XRM8	1	U-01	gambiae	A. gambiae
A0A903XTT2	2	U-02	gambiae	A. gambiae
A0A903XUT9	1	U-01	gambiae	A. gambiae
A0A903XUW1	1	U-01	gambiae	A. gambiae
A0A903XVP4	1	U-01	gambiae	A. gambiae
A0NBM7	1	U-01	gambiae	A. gambiae
A0NBN0	1	U-01	gambiae	A. gambiae
A0NBN4	1	U-01	gambiae	A. gambiae
A0NBN7	1	U-01	gambiae	A. gambiae
A0NBP3	1	U-01	gambiae	A. gambiae
A0NBP7	2	U-02	gambiae	A. gambiae
A0NBP9	1	U-01	gambiae	A. gambiae
A0NBS0	0	unassigned	gambiae	A. gambiae
A0NBS2	1	U-01	gambiae	A. gambiae
A0NBT1	1	U-01	gambiae	A. gambiae
A0NBT8	1	U-01	gambiae	A. gambiae
A0NBV5	1	U-01	gambiae	A. gambiae
A0NBW0	1	U-01	gambiae	A. gambiae
A0NBW3	0	unassigned	gambiae	A. gambiae
A0NBW5	1	U-01	gambiae	A. gambiae
A0NBY2	1	U-01	gambiae	A. gambiae
A0NBY5	0	unassigned	gambiae	A. gambiae
A0NBZ3	1	U-01	gambiae	A. gambiae
A0NBZ7	1	U-01	gambiae	A. gambiae
A0NC08	1	U-01	gambiae	A. gambiae
A0NC19	0	unassigned	gambiae	A. gambiae
A0NC39	1	U-01	gambiae	A. gambiae
A0NC40	1	U-01	gambiae	A. gambiae
A0NC41	1	U-01	gambiae	A. gambiae
A0NC51	1	U-01	gambiae	A. gambiae
A0NC54	1	U-01	gambiae	A. gambiae
A0NC55	1	U-01	gambiae	A. gambiae
A0NC56	1	U-01	gambiae	A. gambiae
A0NC58	1	U-01	gambiae	A. gambiae
A0NC59	1	U-01	gambiae	A. gambiae
A0NC61	0	unassigned	gambiae	A. gambiae
A0NC68	1	U-01	gambiae	A. gambiae
A0NC86	1	U-01	gambiae	A. gambiae
A0NC91	0	unassigned	gambiae	A. gambiae
A0NC92	1	U-01	gambiae	A. gambiae
A0NCA6	1	U-01	gambiae	A. gambiae
A0NCB4	1	U-01	gambiae	A. gambiae
A0NCB5	1	U-01	gambiae	A. gambiae
A0NCC2	1	U-01	gambiae	A. gambiae
A0NCC5	1	U-01	gambiae	A. gambiae
A0NCC6	1	U-01	gambiae	A. gambiae
A0NCD3	1	U-01	gambiae	A. gambiae
A0NCF0	1	U-01	gambiae	A. gambiae
A0NCF1	0	unassigned	gambiae	A. gambiae
A0NCF2	0	unassigned	gambiae	A. gambiae
A0NCF8	1	U-01	gambiae	A. gambiae
A0NCG4	1	U-01	gambiae	A. gambiae
A0NCG5	1	U-01	gambiae	A. gambiae
A0NCH4	1	U-01	gambiae	A. gambiae
A0NCI3	1	U-01	gambiae	A. gambiae
A0NCI5	1	U-01	gambiae	A. gambiae
A0NCJ2	0	unassigned	gambiae	A. gambiae
A0NCJ3	1	U-01	gambiae	A. gambiae
A0NCN0	1	U-01	gambiae	A. gambiae
A0NCR8	1	U-01	gambiae	A. gambiae
A0NCS2	1	U-01	gambiae	A. gambiae
A0NCS8	1	U-01	gambiae	A. gambiae
A0NCS9	1	U-01	gambiae	A. gambiae
A0NCT8	0	unassigned	gambiae	A. gambiae
A0NCU3	2	U-02	gambiae	A. gambiae
A0NCV8	0	unassigned	gambiae	A. gambiae
A0NCW6	1	U-01	gambiae	A. gambiae
A0NCW8	1	U-01	gambiae	A. gambiae
A0NCW9	1	U-01	gambiae	A. gambiae
A0NCX2	1	U-01	gambiae	A. gambiae
A0NCX3	1	U-01	gambiae	A. gambiae
A0NCX4	0	unassigned	gambiae	A. gambiae
A0NGW4	0	unassigned	gambiae	A. gambiae
A0NGX8	1	U-01	gambiae	A. gambiae
A0NGY0	1	U-01	gambiae	A. gambiae
A0NGZ4	1	U-01	gambiae	A. gambiae
A0NH29	1	U-01	gambiae	A. gambiae
A0NH34	1	U-01	gambiae	A. gambiae
A0NH36	1	U-01	gambiae	A. gambiae
A0NH37	1	U-01	gambiae	A. gambiae
A0NH65	1	U-01	gambiae	A. gambiae
A0NH77	2	U-02	gambiae	A. gambiae
A0NH88	1	U-01	gambiae	A. gambiae
A7UUK5	1	U-01	gambiae	A. gambiae
A7UUL1	2	U-02	gambiae	A. gambiae
A7UUS2	1	U-01	gambiae	A. gambiae
A7UUS4	1	U-01	gambiae	A. gambiae
A7UUU9	1	U-01	gambiae	A. gambiae
A7UUV3	1	U-01	gambiae	A. gambiae
A7UUW1	1	U-01	gambiae	A. gambiae
A7UUW5	1	U-01	gambiae	A. gambiae
A7UUX0	1	U-01	gambiae	A. gambiae
A7UUX5	1	U-01	gambiae	A. gambiae
A7UUY2	1	U-01	gambiae	A. gambiae
A7UV01	1	U-01	gambiae	A. gambiae
A7UV15	1	U-01	gambiae	A. gambiae
A7UV16	1	U-01	gambiae	A. gambiae
A7UV17	1	U-01	gambiae	A. gambiae
A7UV29	1	U-01	gambiae	A. gambiae
A7UV30	1	U-01	gambiae	A. gambiae
A7UV31	1	U-01	gambiae	A. gambiae
A7UV32	1	U-01	gambiae	A. gambiae
A7UV33	1	U-01	gambiae	A. gambiae
A7UV38	2	U-02	gambiae	A. gambiae
A7UV45	1	U-01	gambiae	A. gambiae
A7UV46	1	U-01	gambiae	A. gambiae
A7UV55	1	U-01	gambiae	A. gambiae
A7UV56	1	U-01	gambiae	A. gambiae
A7UV77	1	U-01	gambiae	A. gambiae
A7UV96	1	U-01	gambiae	A. gambiae
A7UVC0	2	U-02	gambiae	A. gambiae
A7UVC5	0	unassigned	gambiae	A. gambiae
A7UVC9	1	U-01	gambiae	A. gambiae
A7UVF4	2	U-02	gambiae	A. gambiae
A7UVF5	2	U-02	gambiae	A. gambiae
A7UVG6	1	U-01	gambiae	A. gambiae
A7UVH8	2	U-02	gambiae	A. gambiae
A7UVH9	2	U-02	gambiae	A. gambiae
A7UVI9	1	U-01	gambiae	A. gambiae
A7UVJ5	1	U-01	gambiae	A. gambiae
A7UVJ6	1	U-01	gambiae	A. gambiae
A7UVJ7	2	U-02	gambiae	A. gambiae
A7UVK0	1	U-01	gambiae	A. gambiae
A7UVK2	2	U-02	gambiae	A. gambiae
A7UVK8	1	U-01	gambiae	A. gambiae
A7UVL3	1	U-01	gambiae	A. gambiae
A7UVL4	1	U-01	gambiae	A. gambiae
A7UVL5	1	U-01	gambiae	A. gambiae
A7UVM2	1	U-01	gambiae	A. gambiae
A7UVN1	1	U-01	gambiae	A. gambiae
A7UVN6	1	U-01	gambiae	A. gambiae
A7UVP8	1	U-01	gambiae	A. gambiae
A7UVQ1	1	U-01	gambiae	A. gambiae
A7UVQ4	2	U-02	gambiae	A. gambiae
A7UVQ5	2	U-02	gambiae	A. gambiae
A7UVQ6	2	U-02	gambiae	A. gambiae
A7UVQ8	2	U-02	gambiae	A. gambiae
A7UVR1	1	U-01	gambiae	A. gambiae
A7UVR7	1	U-01	gambiae	A. gambiae
A7UVR9	1	U-01	gambiae	A. gambiae
A7UVS0	1	U-01	gambiae	A. gambiae
A7UVS1	1	U-01	gambiae	A. gambiae
A8B1J8	1	U-01	gambiae	A. gambiae
B1Q287	1	U-01	gambiae	A. gambiae
B1Q297	1	U-01	gambiae	A. gambiae
B1Q298	1	U-01	gambiae	A. gambiae
C3VGF9	1	U-01	gambiae	A. gambiae
F5HIQ8	2	U-02	gambiae	A. gambiae
F5HIQ9	1	U-01	gambiae	A. gambiae
F5HIR1	1	U-01	gambiae	A. gambiae
F5HIS1	1	U-01	gambiae	A. gambiae
F5HIS6	1	U-01	gambiae	A. gambiae
F5HIS8	1	U-01	gambiae	A. gambiae
F5HIS9	1	U-01	gambiae	A. gambiae
F5HIT0	1	U-01	gambiae	A. gambiae
F5HIT2	1	U-01	gambiae	A. gambiae
F5HIU0	0	unassigned	gambiae	A. gambiae
F5HIU1	1	U-01	gambiae	A. gambiae
F5HIU3	1	U-01	gambiae	A. gambiae
F5HIW4	1	U-01	gambiae	A. gambiae
F5HIW8	1	U-01	gambiae	A. gambiae
F5HIX2	1	U-01	gambiae	A. gambiae
F5HIX3	1	U-01	gambiae	A. gambiae
F5HIX4	1	U-01	gambiae	A. gambiae
F5HIY0	1	U-01	gambiae	A. gambiae
F5HIY1	1	U-01	gambiae	A. gambiae
F5HIY3	1	U-01	gambiae	A. gambiae
F5HIZ5	1	U-01	gambiae	A. gambiae
F5HJ02	1	U-01	gambiae	A. gambiae
F5HJ09	1	U-01	gambiae	A. gambiae
F5HJ18	1	U-01	gambiae	A. gambiae
F5HJ21	1	U-01	gambiae	A. gambiae
A0A1S4GZH8	1	U-01	gambiae	A. gambiae
A0A1S4GZI2	1	U-01	gambiae	A. gambiae
A0A1S4GZI5	1	U-01	gambiae	A. gambiae
A0A1S4GZI6	1	U-01	gambiae	A. gambiae
A0A1S4GZI9	1	U-01	gambiae	A. gambiae
A0A1S4GZJ2	1	U-01	gambiae	A. gambiae
A0A1S4GZK4	1	U-01	gambiae	A. gambiae
A0A1S4GZK7	2	U-02	gambiae	A. gambiae
A0A1S4GZL6	1	U-01	gambiae	A. gambiae
A0A1S4GZM1	1	U-01	gambiae	A. gambiae
A0A1S4GZM9	1	U-01	gambiae	A. gambiae
A0A1S4GZN0	1	U-01	gambiae	A. gambiae
A0A1S4GZN2	1	U-01	gambiae	A. gambiae
A0A1S4GZN8	1	U-01	gambiae	A. gambiae
A0A1S4GZP1	1	U-01	gambiae	A. gambiae
A0A1S4GZQ0	1	U-01	gambiae	A. gambiae
A0A1S4GZQ2	2	U-02	gambiae	A. gambiae
A0A1S4GZQ5	1	U-01	gambiae	A. gambiae
A0A1S4GZQ6	1	U-01	gambiae	A. gambiae
A0A1S4GZR2	1	U-01	gambiae	A. gambiae
A0A1S4GZR4	1	U-01	gambiae	A. gambiae
A0A1S4GZR7	1	U-01	gambiae	A. gambiae
A0A1S4GZS1	1	U-01	gambiae	A. gambiae
A0A1S4GZS3	1	U-01	gambiae	A. gambiae
A0A1S4GZS6	2	U-02	gambiae	A. gambiae
A0A1S4GZS9	1	U-01	gambiae	A. gambiae
A0A1S4GZT2	0	unassigned	gambiae	A. gambiae
A0A1S4GZU0	1	U-01	gambiae	A. gambiae
A0A1S4GZU1	2	U-02	gambiae	A. gambiae
A0A1S4GZU2	1	U-01	gambiae	A. gambiae
A0A1S4GZU6	2	U-02	gambiae	A. gambiae
A0A1S4GZU7	1	U-01	gambiae	A. gambiae
A0A1S4GZV3	2	U-02	gambiae	A. gambiae
A0A1S4GZV8	1	U-01	gambiae	A. gambiae
A0A1S4GZW0	1	U-01	gambiae	A. gambiae
A0A1S4GZW1	1	U-01	gambiae	A. gambiae
A0A1S4GZW3	1	U-01	gambiae	A. gambiae
A0A1S4GZW6	1	U-01	gambiae	A. gambiae
A0A1S4GZW7	1	U-01	gambiae	A. gambiae
A0A1S4GZW8	1	U-01	gambiae	A. gambiae
A0A1S4GZX2	2	U-02	gambiae	A. gambiae
A0A1S4GZX7	2	U-02	gambiae	A. gambiae
A0A1S4GZX8	2	U-02	gambiae	A. gambiae
A0A1S4GZY1	1	U-01	gambiae	A. gambiae
A0A1S4GZY2	2	U-02	gambiae	A. gambiae
A0A1S4GZY3	1	U-01	gambiae	A. gambiae
A0A1S4GZY4	1	U-01	gambiae	A. gambiae
A0A1S4GZY8	1	U-01	gambiae	A. gambiae
A0A1S4GZZ4	1	U-01	gambiae	A. gambiae
A0A1S4GZZ7	2	U-02	gambiae	A. gambiae
A0A1S4H001	1	U-01	gambiae	A. gambiae
A0A1S4H006	1	U-01	gambiae	A. gambiae
A0A1S4H008	1	U-01	gambiae	A. gambiae
A0A1S4H015	1	U-01	gambiae	A. gambiae
A0A1S4H017	1	U-01	gambiae	A. gambiae
A0A1S4H023	1	U-01	gambiae	A. gambiae
A0A1S4H028	1	U-01	gambiae	A. gambiae
A0A1S4H030	1	U-01	gambiae	A. gambiae
A0A1S4H035	2	U-02	gambiae	A. gambiae
A0A1S4H042	1	U-01	gambiae	A. gambiae
A0A1S4H044	1	U-01	gambiae	A. gambiae
A0A1S4H045	1	U-01	gambiae	A. gambiae
A0A1S4H046	1	U-01	gambiae	A. gambiae
A0A1S4H056	2	U-02	gambiae	A. gambiae
A0A1S4H062	1	U-01	gambiae	A. gambiae
A0A1S4H064	2	U-02	gambiae	A. gambiae
A0A1S4H067	1	U-01	gambiae	A. gambiae
A0A1S4H068	1	U-01	gambiae	A. gambiae
A0A1S4H069	1	U-01	gambiae	A. gambiae
A0A1S4H074	0	unassigned	gambiae	A. gambiae
A0A1S4H081	1	U-01	gambiae	A. gambiae
A0A1S4H082	1	U-01	gambiae	A. gambiae
A0A1S4H083	1	U-01	gambiae	A. gambiae
A0A1S4H088	1	U-01	gambiae	A. gambiae
A0A1S4H090	1	U-01	gambiae	A. gambiae
A0A1S4H095	1	U-01	gambiae	A. gambiae
A0A1S4H0A1	1	U-01	gambiae	A. gambiae
A0A1S4H0A3	1	U-01	gambiae	A. gambiae
A0A1S4H0A7	1	U-01	gambiae	A. gambiae
A0A1S4H0B7	1	U-01	gambiae	A. gambiae
A0A1S4H0B8	1	U-01	gambiae	A. gambiae
A0A1S4H0C6	1	U-01	gambiae	A. gambiae
A0A1S4H0D0	2	U-02	gambiae	A. gambiae
A0A1S4H0D1	1	U-01	gambiae	A. gambiae
A0A1S4H0D2	1	U-01	gambiae	A. gambiae
A0A1S4H0D9	1	U-01	gambiae	A. gambiae
A0A1S4H0E2	2	U-02	gambiae	A. gambiae
A0A1S4H0E4	1	U-01	gambiae	A. gambiae
A0A1S4H0E7	1	U-01	gambiae	A. gambiae
A0A1S4H0F1	2	U-02	gambiae	A. gambiae
A0A1S4H0F4	1	U-01	gambiae	A. gambiae
A0A1S4H0F5	1	U-01	gambiae	A. gambiae
A0A1S4H0G4	1	U-01	gambiae	A. gambiae
A0A1S4H0G6	1	U-01	gambiae	A. gambiae
A0A1S4H0H3	2	U-02	gambiae	A. gambiae
A0A1S4H0H4	1	U-01	gambiae	A. gambiae
A0A1S4H0H8	2	U-02	gambiae	A. gambiae
A0A1S4H0H9	0	unassigned	gambiae	A. gambiae
A0A1S4H0I1	1	U-01	gambiae	A. gambiae
A0A1S4H590	1	U-01	gambiae	A. gambiae
Q7QAU4	1	U-01	gambiae	A. gambiae
Q7QAV0	1	U-01	gambiae	A. gambiae
Q7QAW1	1	U-01	gambiae	A. gambiae
Q7QAW2	2	U-02	gambiae	A. gambiae
Q7QAY6	2	U-02	gambiae	A. gambiae
Q7QAY7	2	U-02	gambiae	A. gambiae
Q7QB02	2	U-02	gambiae	A. gambiae
Q7QB03	1	U-01	gambiae	A. gambiae
Q7QB05	1	U-01	gambiae	A. gambiae
Q7QB09	1	U-01	gambiae	A. gambiae
Q7QB11	1	U-01	gambiae	A. gambiae
Q7QB12	1	U-01	gambiae	A. gambiae
Q7QB17	1	U-01	gambiae	A. gambiae
Q7QB23	1	U-01	gambiae	A. gambiae
Q7QB26	1	U-01	gambiae	A. gambiae
Q7QB28	1	U-01	gambiae	A. gambiae
Q7QB29	1	U-01	gambiae	A. gambiae
Q7QB33	1	U-01	gambiae	A. gambiae
Q7QB39	1	U-01	gambiae	A. gambiae
Q7QB40	1	U-01	gambiae	A. gambiae
Q7QB66	1	U-01	gambiae	A. gambiae
Q7QB69	1	U-01	gambiae	A. gambiae
Q7QB74	1	U-01	gambiae	A. gambiae
Q7QB75	1	U-01	gambiae	A. gambiae
Q7QB80	1	U-01	gambiae	A. gambiae
Q7QB84	1	U-01	gambiae	A. gambiae
Q7QB87	2	U-02	gambiae	A. gambiae
Q7QB90	1	U-01	gambiae	A. gambiae
Q7QB91	1	U-01	gambiae	A. gambiae
Q7QB93	1	U-01	gambiae	A. gambiae
Q7QB94	1	U-01	gambiae	A. gambiae
Q7QB95	1	U-01	gambiae	A. gambiae
Q7QB96	1	U-01	gambiae	A. gambiae
Q7QB98	1	U-01	gambiae	A. gambiae
Q7QBA3	1	U-01	gambiae	A. gambiae
Q7QBA6	2	U-02	gambiae	A. gambiae
Q7QBB1	1	U-01	gambiae	A. gambiae
Q7QBB2	1	U-01	gambiae	A. gambiae
Q7QBB4	1	U-01	gambiae	A. gambiae
Q7QBC2	1	U-01	gambiae	A. gambiae
Q7QBC4	1	U-01	gambiae	A. gambiae
Q7QBD5	1	U-01	gambiae	A. gambiae
Q7QBE0	1	U-01	gambiae	A. gambiae
Q7QBE2	1	U-01	gambiae	A. gambiae
Q7QBE6	1	U-01	gambiae	A. gambiae
Q7QBG2	1	U-01	gambiae	A. gambiae
Q7QBG9	1	U-01	gambiae	A. gambiae
Q7QBI4	1	U-01	gambiae	A. gambiae
Q7QBI6	1	U-01	gambiae	A. gambiae
Q7QBJ5	1	U-01	gambiae	A. gambiae
Q7QBJ6	1	U-01	gambiae	A. gambiae
Q7QBK1	1	U-01	gambiae	A. gambiae
Q7QBL0	1	U-01	gambiae	A. gambiae
Q7QBL5	1	U-01	gambiae	A. gambiae
Q7QBL7	1	U-01	gambiae	A. gambiae
Q7QBN4	1	U-01	gambiae	A. gambiae
Q7QBN7	1	U-01	gambiae	A. gambiae
Q7QBP1	1	U-01	gambiae	A. gambiae
Q7QBP5	1	U-01	gambiae	A. gambiae
Q7QBT5	1	U-01	gambiae	A. gambiae
Q7QBT7	1	U-01	gambiae	A. gambiae
Q7QBT8	1	U-01	gambiae	A. gambiae
Q7QBU2	1	U-01	gambiae	A. gambiae
Q7QBU7	1	U-01	gambiae	A. gambiae
Q7QBV3	2	U-02	gambiae	A. gambiae
Q7QBV6	1	U-01	gambiae	A. gambiae
Q7QBV8	1	U-01	gambiae	A. gambiae
Q7QBW1	1	U-01	gambiae	A. gambiae
Q7QBY5	2	U-02	gambiae	A. gambiae
Q7QBY7	1	U-01	gambiae	A. gambiae
Q7QBY8	1	U-01	gambiae	A. gambiae
Q7QBZ9	1	U-01	gambiae	A. gambiae
Q7QC04	1	U-01	gambiae	A. gambiae
Q7QC08	1	U-01	gambiae	A. gambiae
Q7QC14	1	U-01	gambiae	A. gambiae
Q7QC16	1	U-01	gambiae	A. gambiae
Q7QC17	1	U-01	gambiae	A. gambiae
Q7QC18	1	U-01	gambiae	A. gambiae
Q7QC19	1	U-01	gambiae	A. gambiae
Q7QC21	1	U-01	gambiae	A. gambiae
Q7QC22	1	U-01	gambiae	A. gambiae
Q7QC24	1	U-01	gambiae	A. gambiae
Q7QL36	1	U-01	gambiae	A. gambiae
Q7QL46	1	U-01	gambiae	A. gambiae
Q7QL57	1	U-01	gambiae	A. gambiae
Q7QL75	2	U-02	gambiae	A. gambiae
Q7QL84	1	U-01	gambiae	A. gambiae
Q7QL91	2	U-02	gambiae	A. gambiae
Q7QLA7	1	U-01	gambiae	A. gambiae
Q7QLC4	1	U-01	gambiae	A. gambiae
Q7QLC5	1	U-01	gambiae	A. gambiae
Q7QLE4	1	U-01	gambiae	A. gambiae
Q7QLE6	1	U-01	gambiae	A. gambiae
Q7QLF5	1	U-01	gambiae	A. gambiae
Q7QLH7	2	U-02	gambiae	A. gambiae
Q7QLJ3	2	U-02	gambiae	A. gambiae
Q7QLK2	1	U-01	gambiae	A. gambiae
Q7QLL5	1	U-01	gambiae	A. gambiae
Q7QM14	1	U-01	gambiae	A. gambiae
Q7QM48	0	unassigned	gambiae	A. gambiae
Q7QJC6	1	U-01	gambiae	A. gambiae
Q7QJC7	1	U-01	gambiae	A. gambiae
Q7QJE1	1	U-01	gambiae	A. gambiae
Q7QJE6	1	U-01	gambiae	A. gambiae
Q7QJE7	1	U-01	gambiae	A. gambiae
Q7QJE9	1	U-01	gambiae	A. gambiae
Q7QJF0	1	U-01	gambiae	A. gambiae
Q7QJF6	1	U-01	gambiae	A. gambiae
Q7QJF9	1	U-01	gambiae	A. gambiae
Q7QJG6	2	U-02	gambiae	A. gambiae
Q7QJG7	1	U-01	gambiae	A. gambiae
Q7QJG9	1	U-01	gambiae	A. gambiae
Q7QJH3	1	U-01	gambiae	A. gambiae
Q7QJH5	1	U-01	gambiae	A. gambiae
Q7QJH7	1	U-01	gambiae	A. gambiae
Q7QJH8	1	U-01	gambiae	A. gambiae
Q7QJI1	1	U-01	gambiae	A. gambiae
Q7QJI4	1	U-01	gambiae	A. gambiae
Q7QJJ2	1	U-01	gambiae	A. gambiae
Q7QJJ6	1	U-01	gambiae	A. gambiae
Q7QJJ8	2	U-02	gambiae	A. gambiae
Q7QJL3	1	U-01	gambiae	A. gambiae
Q7QJL8	1	U-01	gambiae	A. gambiae
Q7QJL9	1	U-01	gambiae	A. gambiae
Q7QJM2	1	U-01	gambiae	A. gambiae
Q7QJM3	1	U-01	gambiae	A. gambiae
Q7QJM4	1	U-01	gambiae	A. gambiae
Q7QJM5	1	U-01	gambiae	A. gambiae
Q7QJM6	1	U-01	gambiae	A. gambiae
Q7QJN1	1	U-01	gambiae	A. gambiae
Q7QJN8	1	U-01	gambiae	A. gambiae
A0A1S4GCP8	1	U-01	gambiae	A. gambiae
A0A1S4GCQ2	1	U-01	gambiae	A. gambiae
A0A1S4GCR0	1	U-01	gambiae	A. gambiae
A0A1S4GCR7	2	U-02	gambiae	A. gambiae
A0A1S4GCU3	2	U-02	gambiae	A. gambiae
A0A1S4GCY0	1	U-01	gambiae	A. gambiae
A0A1S4GCY7	1	U-01	gambiae	A. gambiae
A0A1S4GCZ1	1	U-01	gambiae	A. gambiae
A0A1S4GCZ5	2	U-02	gambiae	A. gambiae
A0A1S4GD00	1	U-01	gambiae	A. gambiae
A0A1S4GD03	2	U-02	gambiae	A. gambiae
A0A1S4GD04	1	U-01	gambiae	A. gambiae
A0A1S4GD09	1	U-01	gambiae	A. gambiae
A0A1S4GD11	1	U-01	gambiae	A. gambiae
A0A1S4GD25	1	U-01	gambiae	A. gambiae
A0A1S4GD40	2	U-02	gambiae	A. gambiae
A0A1S4GD44	2	U-02	gambiae	A. gambiae
A0A1S4GD63	2	U-02	gambiae	A. gambiae
A0A1S4GD66	1	U-01	gambiae	A. gambiae
A0A1S4GD78	1	U-01	gambiae	A. gambiae
A0A1S4GD80	2	U-02	gambiae	A. gambiae
A0A1S4GDA8	1	U-01	gambiae	A. gambiae
A0A1S4GDB2	2	U-02	gambiae	A. gambiae
A0A1S4GDB4	1	U-01	gambiae	A. gambiae
A0A1S4GDD7	1	U-01	gambiae	A. gambiae
A0A1S4GDE1	1	U-01	gambiae	A. gambiae
A0A1S4GDG6	1	U-01	gambiae	A. gambiae
A0A1S4GDI8	1	U-01	gambiae	A. gambiae
A0A1S4GDJ2	1	U-01	gambiae	A. gambiae
A0A1S4GDK9	1	U-01	gambiae	A. gambiae
A0A1S4GDL1	2	U-02	gambiae	A. gambiae
A0A1S4GDP2	1	U-01	gambiae	A. gambiae
A0A1S4GDQ8	1	U-01	gambiae	A. gambiae
A0A1S4GDR3	1	U-01	gambiae	A. gambiae
A0A1S4GDU2	1	U-01	gambiae	A. gambiae
A0A1S4GDW1	0	unassigned	gambiae	A. gambiae
A0A1S4GDW3	1	U-01	gambiae	A. gambiae
A0A1S4GDX2	1	U-01	gambiae	A. gambiae
A0A1S4GDZ5	1	U-01	gambiae	A. gambiae
A0A1S4GE35	1	U-01	gambiae	A. gambiae
A0A1S4GE47	1	U-01	gambiae	A. gambiae
A0A1S4GE64	2	U-02	gambiae	A. gambiae
A0A1S4GE67	1	U-01	gambiae	A. gambiae
A0A1S4GE75	1	U-01	gambiae	A. gambiae
A0A1S4GE86	1	U-01	gambiae	A. gambiae
A0A1S4GEA5	2	U-02	gambiae	A. gambiae
A0A1S4GEB3	1	U-01	gambiae	A. gambiae
A0A1S4GEE6	1	U-01	gambiae	A. gambiae
A0A1S4GEF6	1	U-01	gambiae	A. gambiae
A0A1S4GEL0	1	U-01	gambiae	A. gambiae
A0A1S4GEL5	2	U-02	gambiae	A. gambiae
A0A1S4GEL6	1	U-01	gambiae	A. gambiae
A0A1S4GEM2	1	U-01	gambiae	A. gambiae
A0A1S4GEM5	1	U-01	gambiae	A. gambiae
A0A1S4GEN0	1	U-01	gambiae	A. gambiae
A0A1S4GEN6	1	U-01	gambiae	A. gambiae
A0A1S4GEY0	1	U-01	gambiae	A. gambiae
A0A1S4GEY9	1	U-01	gambiae	A. gambiae
A0A1S4GF05	1	U-01	gambiae	A. gambiae
A0A1S4GF13	1	U-01	gambiae	A. gambiae
A0A1S4GF24	1	U-01	gambiae	A. gambiae
A0A1S4GF41	1	U-01	gambiae	A. gambiae
A0A1S4GF60	2	U-02	gambiae	A. gambiae
A0A1S4GF81	1	U-01	gambiae	A. gambiae
A0A1S4GF85	1	U-01	gambiae	A. gambiae
A0A1S4GF86	1	U-01	gambiae	A. gambiae
A0A1S4GFC1	1	U-01	gambiae	A. gambiae
A0A1S4GFD6	1	U-01	gambiae	A. gambiae
A0A1S4GFF9	2	U-02	gambiae	A. gambiae
Q7QF23	2	U-02	gambiae	A. gambiae
Q7QF43	1	U-01	gambiae	A. gambiae
Q7QF44	1	U-01	gambiae	A. gambiae
Q7QF45	1	U-01	gambiae	A. gambiae
Q7QF46	1	U-01	gambiae	A. gambiae
Q7QF57	1	U-01	gambiae	A. gambiae
Q7QF58	1	U-01	gambiae	A. gambiae
Q7QF62	1	U-01	gambiae	A. gambiae
Q7QF70	1	U-01	gambiae	A. gambiae
Q7QF73	1	U-01	gambiae	A. gambiae
Q7QF77	2	U-02	gambiae	A. gambiae
Q7QF78	1	U-01	gambiae	A. gambiae
Q7QF81	1	U-01	gambiae	A. gambiae
Q7QF85	2	U-02	gambiae	A. gambiae
Q7QF88	2	U-02	gambiae	A. gambiae
Q7QF92	1	U-01	gambiae	A. gambiae
Q7QFA2	1	U-01	gambiae	A. gambiae
Q7QFA4	1	U-01	gambiae	A. gambiae
Q7QFB0	1	U-01	gambiae	A. gambiae
Q7QFB3	1	U-01	gambiae	A. gambiae
Q7QFB4	1	U-01	gambiae	A. gambiae
Q7QFB5	1	U-01	gambiae	A. gambiae
Q7QFC4	1	U-01	gambiae	A. gambiae
A0A1S4H5V7	2	U-02	gambiae	A. gambiae
A0A1S4H5V9	1	U-01	gambiae	A. gambiae
A0A1S4H5W8	1	U-01	gambiae	A. gambiae
A0A1S4H5X1	1	U-01	gambiae	A. gambiae
A0A1S4H5X3	2	U-02	gambiae	A. gambiae
A0A1S4H5X4	1	U-01	gambiae	A. gambiae
A0A1S4H5X6	1	U-01	gambiae	A. gambiae
A0A1S4H5X9	1	U-01	gambiae	A. gambiae
A0A1S4H5Y5	2	U-02	gambiae	A. gambiae
A0A1S4H5Y6	1	U-01	gambiae	A. gambiae
A0A1S4H5Y8	2	U-02	gambiae	A. gambiae
A0A1S4H5Y9	1	U-01	gambiae	A. gambiae
A0A1S4H5Z1	1	U-01	gambiae	A. gambiae
A0A1S4H5Z3	1	U-01	gambiae	A. gambiae
A0A1S4H610	1	U-01	gambiae	A. gambiae
A0A1S4H614	1	U-01	gambiae	A. gambiae
A0A1S4H618	1	U-01	gambiae	A. gambiae
A0A1S4H620	1	U-01	gambiae	A. gambiae
A0A1S4H628	1	U-01	gambiae	A. gambiae
A0A1S4H633	1	U-01	gambiae	A. gambiae
A0A1S4H634	1	U-01	gambiae	A. gambiae
A0A1S4H635	1	U-01	gambiae	A. gambiae
A0A1S4H646	1	U-01	gambiae	A. gambiae
A0A1S4H647	1	U-01	gambiae	A. gambiae
A0A1S4H648	1	U-01	gambiae	A. gambiae
A0A1S4H652	1	U-01	gambiae	A. gambiae
A0A1S4H657	1	U-01	gambiae	A. gambiae
A0A1S4H658	1	U-01	gambiae	A. gambiae
A0A1S4H665	1	U-01	gambiae	A. gambiae
A0A1S4H681	2	U-02	gambiae	A. gambiae
A0A1S4H682	1	U-01	gambiae	A. gambiae
A0A1S4H690	2	U-02	gambiae	A. gambiae
A0A1S4H691	1	U-01	gambiae	A. gambiae
A0A1S4H695	1	U-01	gambiae	A. gambiae
A0A1S4H697	2	U-02	gambiae	A. gambiae
A0A1S4H698	2	U-02	gambiae	A. gambiae
A0A1S4H699	1	U-01	gambiae	A. gambiae
A0A1S4H6A2	1	U-01	gambiae	A. gambiae
A0A1S4H6A8	1	U-01	gambiae	A. gambiae
A0A1S4H6A9	1	U-01	gambiae	A. gambiae
A0A1S4H6B9	1	U-01	gambiae	A. gambiae
A0A1S4H6C1	1	U-01	gambiae	A. gambiae
A0A1S4H6C3	2	U-02	gambiae	A. gambiae
A0A1S4H6C8	2	U-02	gambiae	A. gambiae
A0A1S4H6D3	1	U-01	gambiae	A. gambiae
A0A1S4H6D7	2	U-02	gambiae	A. gambiae
A0A1S4H6D9	1	U-01	gambiae	A. gambiae
A0A1S4H6E8	1	U-01	gambiae	A. gambiae
A0A1S4H6F8	1	U-01	gambiae	A. gambiae
A0A1S4H6G5	2	U-02	gambiae	A. gambiae
A0A1S4H6I2	1	U-01	gambiae	A. gambiae
A0A1S4H6I8	1	U-01	gambiae	A. gambiae
A0A1S4H6J1	2	U-02	gambiae	A. gambiae
A0A1S4H6J6	1	U-01	gambiae	A. gambiae
A0A1S4H6J9	1	U-01	gambiae	A. gambiae
A0A1S4H6K0	1	U-01	gambiae	A. gambiae
A0A1S4H6K8	1	U-01	gambiae	A. gambiae
A0A1S4H6L0	2	U-02	gambiae	A. gambiae
A0A1S4H6M0	1	U-01	gambiae	A. gambiae
A0A1S4H6M5	1	U-01	gambiae	A. gambiae
A0A1S4H6M6	1	U-01	gambiae	A. gambiae
A0A1S4H6N2	2	U-02	gambiae	A. gambiae
A0A1S4H6N3	1	U-01	gambiae	A. gambiae
A0A1S4H6N6	1	U-01	gambiae	A. gambiae
A0A1S4H6N8	1	U-01	gambiae	A. gambiae
A0A1S4H6P1	2	U-02	gambiae	A. gambiae
A0A1S4H6P7	1	U-01	gambiae	A. gambiae
A0A1S4H6Q0	1	U-01	gambiae	A. gambiae
A0A1S4H6Q1	1	U-01	gambiae	A. gambiae
A0A1S4H6Q4	1	U-01	gambiae	A. gambiae
A0A1S4H6Q5	2	U-02	gambiae	A. gambiae
A0A1S4H6Q6	1	U-01	gambiae	A. gambiae
A0A1S4H6Q7	1	U-01	gambiae	A. gambiae
A0A1S4H6Q8	1	U-01	gambiae	A. gambiae
A0A1S4H6R6	1	U-01	gambiae	A. gambiae
A0A1S4H6R9	1	U-01	gambiae	A. gambiae
A0A1S4H6S1	2	U-02	gambiae	A. gambiae
A0ABK8F1M1	1	U-01	gambiae	A. gambiae
A0ABK8F1N1	1	U-01	gambiae	A. gambiae
A0ABK8F1R0	1	U-01	gambiae	A. gambiae
A0ABK8F1T5	2	U-02	gambiae	A. gambiae
A0ABK8F1W8	1	U-01	gambiae	A. gambiae
A0ABK8F1X1	2	U-02	gambiae	A. gambiae
A0ABK8F229	2	U-02	gambiae	A. gambiae
A0ABK8F238	1	U-01	gambiae	A. gambiae
A0ABK8F262	1	U-01	gambiae	A. gambiae
A0ABK8F2C4	1	U-01	gambiae	A. gambiae
A0ABK8F2G3	2	U-02	gambiae	A. gambiae
A0ABK8F2Q5	1	U-01	gambiae	A. gambiae
A0ABK8F2W7	1	U-01	gambiae	A. gambiae
A0ABK8F2Z6	1	U-01	gambiae	A. gambiae
A0ABK8F353	2	U-02	gambiae	A. gambiae
A0ABK8F364	1	U-01	gambiae	A. gambiae
A0ABK8F3D0	1	U-01	gambiae	A. gambiae
A0ABK8F3E7	1	U-01	gambiae	A. gambiae
A0ABK8F3G5	1	U-01	gambiae	A. gambiae
A0ABK8F3J9	1	U-01	gambiae	A. gambiae
A0ABK8F3P7	1	U-01	gambiae	A. gambiae
A0ABK8F3Q7	1	U-01	gambiae	A. gambiae
A0ABK8F3V3	2	U-02	gambiae	A. gambiae
A0ABK8F3V6	1	U-01	gambiae	A. gambiae
A0ABK8F3X6	1	U-01	gambiae	A. gambiae
A0ABK8F402	1	U-01	gambiae	A. gambiae
A0ABK8F403	1	U-01	gambiae	A. gambiae
A0ABK8F405	2	U-02	gambiae	A. gambiae
A0ABK8F413	1	U-01	gambiae	A. gambiae
A0ABK8F414	1	U-01	gambiae	A. gambiae
A0ABK8F416	2	U-02	gambiae	A. gambiae
A0ABK8F423	1	U-01	gambiae	A. gambiae
A0ABK8F429	1	U-01	gambiae	A. gambiae
A0ABK8F441	1	U-01	gambiae	A. gambiae
A0ABK8F449	1	U-01	gambiae	A. gambiae
A0ABK8F451	1	U-01	gambiae	A. gambiae
A0ABK8F459	1	U-01	gambiae	A. gambiae
A0ABK8F462	1	U-01	gambiae	A. gambiae
A0ABK8F479	1	U-01	gambiae	A. gambiae
A0ABK8F493	1	U-01	gambiae	A. gambiae
A0ABK8F4F5	1	U-01	gambiae	A. gambiae
A0ABK8F4G8	1	U-01	gambiae	A. gambiae
A0ABK8F4H9	1	U-01	gambiae	A. gambiae
A0ABK8F4K7	1	U-01	gambiae	A. gambiae
A0ABK8F4N8	1	U-01	gambiae	A. gambiae
A0ABK8F4Q2	2	U-02	gambiae	A. gambiae
A0ABK8F4S8	2	U-02	gambiae	A. gambiae
A0ABK8F9N4	1	U-01	gambiae	A. gambiae
A0ABK8F9N9	1	U-01	gambiae	A. gambiae
A0ABK8FB13	1	U-01	gambiae	A. gambiae
A0ABK8FB16	1	U-01	gambiae	A. gambiae
A0ABK8FDD8	1	U-01	gambiae	A. gambiae
A0ABK8FDG1	1	U-01	gambiae	A. gambiae
A0ABK8FDI4	1	U-01	gambiae	A. gambiae
A0ABK8FDI8	1	U-01	gambiae	A. gambiae
A0ABK8FDJ5	1	U-01	gambiae	A. gambiae
A0ABK8FDK8	1	U-01	gambiae	A. gambiae
A0ABK8FDP1	2	U-02	gambiae	A. gambiae
A0ABK8FDP4	2	U-02	gambiae	A. gambiae
A0ABK8FDP9	1	U-01	gambiae	A. gambiae
A0ABK8FDR0	2	U-02	gambiae	A. gambiae
A0ABK8FDR4	1	U-01	gambiae	A. gambiae
A0ABK8FDW8	1	U-01	gambiae	A. gambiae
A0ABK8FE04	1	U-01	gambiae	A. gambiae
A0ABK8FEA1	1	U-01	gambiae	A. gambiae
A0ABK8FEA8	1	U-01	gambiae	A. gambiae
A0ABK8FEF3	1	U-01	gambiae	A. gambiae
A0ABK8FEJ1	1	U-01	gambiae	A. gambiae
A0ABK8FEJ8	1	U-01	gambiae	A. gambiae
A0ABK8FEK9	1	U-01	gambiae	A. gambiae
A0ABK8FEU6	1	U-01	gambiae	A. gambiae
A0ABK8FEY5	1	U-01	gambiae	A. gambiae
A0ABK8FF40	1	U-01	gambiae	A. gambiae
A0ABK8FF68	1	U-01	gambiae	A. gambiae
A0ABK8FFH0	1	U-01	gambiae	A. gambiae
A0ABK8FFL9	1	U-01	gambiae	A. gambiae
A0ABK8FFN5	1	U-01	gambiae	A. gambiae
A0ABK8FFS3	1	U-01	gambiae	A. gambiae
A0ABK8FFT3	2	U-02	gambiae	A. gambiae
A0ABK8FFU0	1	U-01	gambiae	A. gambiae
A0ABK8FFW7	1	U-01	gambiae	A. gambiae
A0ABK8FFW9	1	U-01	gambiae	A. gambiae
A0NF64	0	unassigned	gambiae	A. gambiae
A0NF72	1	U-01	gambiae	A. gambiae
A0NF76	1	U-01	gambiae	A. gambiae
A0NF90	1	U-01	gambiae	A. gambiae
A0NF92	0	unassigned	gambiae	A. gambiae
A0NF98	2	U-02	gambiae	A. gambiae
A0NFA7	1	U-01	gambiae	A. gambiae
A0NFB1	0	unassigned	gambiae	A. gambiae
A0NFC0	1	U-01	gambiae	A. gambiae
A0NFC2	0	unassigned	gambiae	A. gambiae
A0NFC6	0	unassigned	gambiae	A. gambiae
A0NFD1	1	U-01	gambiae	A. gambiae
A0NFG5	1	U-01	gambiae	A. gambiae
A0NFG6	1	U-01	gambiae	A. gambiae
A0NFH5	1	U-01	gambiae	A. gambiae
A0NFJ2	1	U-01	gambiae	A. gambiae
A0NFJ3	1	U-01	gambiae	A. gambiae
A0NFJ4	0	unassigned	gambiae	A. gambiae
A0A453YY79	1	U-01	gambiae	A. gambiae
A0A453YYG1	1	U-01	gambiae	A. gambiae
A0A453YYI5	1	U-01	gambiae	A. gambiae
A0A453YYJ9	1	U-01	gambiae	A. gambiae
A0A453YYV1	2	U-02	gambiae	A. gambiae
A0A453YZ13	1	U-01	gambiae	A. gambiae
A0A453YZ37	1	U-01	gambiae	A. gambiae
A0A453YZ44	1	U-01	gambiae	A. gambiae
A0A453YZ55	1	U-01	gambiae	A. gambiae
A0A453YZ65	2	U-02	gambiae	A. gambiae
A0A453YZ74	1	U-01	gambiae	A. gambiae
A0A453YZ94	2	U-02	gambiae	A. gambiae
A0A453YZ98	1	U-01	gambiae	A. gambiae
A0A453YZB5	2	U-02	gambiae	A. gambiae
A0A453YZC2	2	U-02	gambiae	A. gambiae
A0A453YZF5	1	U-01	gambiae	A. gambiae
A0A453YZG9	1	U-01	gambiae	A. gambiae
A0A453YZH3	2	U-02	gambiae	A. gambiae
A0A453YZI1	2	U-02	gambiae	A. gambiae
A0A453YZI6	1	U-01	gambiae	A. gambiae
A0A453YZI7	1	U-01	gambiae	A. gambiae
A0A453YZI8	2	U-02	gambiae	A. gambiae
A0A453YZK1	2	U-02	gambiae	A. gambiae
A0A453YZK6	1	U-01	gambiae	A. gambiae
A0A453YZM8	1	U-01	gambiae	A. gambiae
A0A453YZN4	1	U-01	gambiae	A. gambiae
A0A453YZN9	1	U-01	gambiae	A. gambiae
A0A453YZP0	1	U-01	gambiae	A. gambiae
A0A453YZP1	1	U-01	gambiae	A. gambiae
A0A453YZP6	1	U-01	gambiae	A. gambiae
A0A453YZP7	1	U-01	gambiae	A. gambiae
A0A453YZR4	1	U-01	gambiae	A. gambiae
A0A453YZR8	1	U-01	gambiae	A. gambiae
A0A453YZT0	1	U-01	gambiae	A. gambiae
A0A453YZU7	1	U-01	gambiae	A. gambiae
A0A453YZU8	1	U-01	gambiae	A. gambiae
A0A453YZV1	1	U-01	gambiae	A. gambiae
A0A453YZV2	1	U-01	gambiae	A. gambiae
A0A453YZW5	1	U-01	gambiae	A. gambiae
A0A453YZW6	2	U-02	gambiae	A. gambiae
A0A453YZY2	1	U-01	gambiae	A. gambiae
A0A453YZY3	1	U-01	gambiae	A. gambiae
A0A453YZY7	1	U-01	gambiae	A. gambiae
A0A453YZZ3	1	U-01	gambiae	A. gambiae
A0A453YZZ4	1	U-01	gambiae	A. gambiae
A0A453YZZ7	1	U-01	gambiae	A. gambiae
A0A453YZZ8	1	U-01	gambiae	A. gambiae
A0A453Z000	1	U-01	gambiae	A. gambiae
A0A453Z003	1	U-01	gambiae	A. gambiae
A0A453Z005	1	U-01	gambiae	A. gambiae
A0A453Z012	2	U-02	gambiae	A. gambiae
A0A453Z015	1	U-01	gambiae	A. gambiae
A0A453Z016	2	U-02	gambiae	A. gambiae
A0A453Z017	1	U-01	gambiae	A. gambiae
A0A453Z022	1	U-01	gambiae	A. gambiae
A0A453Z028	1	U-01	gambiae	A. gambiae
A0A453Z031	1	U-01	gambiae	A. gambiae
A0A453Z037	1	U-01	gambiae	A. gambiae
A0A453Z041	1	U-01	gambiae	A. gambiae
A0A453Z042	1	U-01	gambiae	A. gambiae
A0A453Z057	1	U-01	gambiae	A. gambiae
A0A453Z063	1	U-01	gambiae	A. gambiae
A0NH90	1	U-01	gambiae	A. gambiae
A0NH95	1	U-01	gambiae	A. gambiae
A0NHA4	1	U-01	gambiae	A. gambiae
A0NHA8	1	U-01	gambiae	A. gambiae
A0NHC0	1	U-01	gambiae	A. gambiae
A0NHD2	1	U-01	gambiae	A. gambiae
A0NHD3	1	U-01	gambiae	A. gambiae
A0NHD6	1	U-01	gambiae	A. gambiae
A0T4G0	1	U-01	gambiae	A. gambiae
A0T4G5	1	U-01	gambiae	A. gambiae
A0T4G7	1	U-01	gambiae	A. gambiae
A7UQY9	0	unassigned	gambiae	A. gambiae
A7UQZ1	1	U-01	gambiae	A. gambiae
A7UR06	2	U-02	gambiae	A. gambiae
A7UR11	1	U-01	gambiae	A. gambiae
A7UR17	2	U-02	gambiae	A. gambiae
A7UR19	1	U-01	gambiae	A. gambiae
A7UR29	1	U-01	gambiae	A. gambiae
A7UR30	1	U-01	gambiae	A. gambiae
A7UR33	1	U-01	gambiae	A. gambiae
A7UR34	1	U-01	gambiae	A. gambiae
A7UR52	1	U-01	gambiae	A. gambiae
A7UR53	1	U-01	gambiae	A. gambiae
A7UR58	1	U-01	gambiae	A. gambiae
A7UR64	1	U-01	gambiae	A. gambiae
A7UR69	1	U-01	gambiae	A. gambiae
A7UR75	1	U-01	gambiae	A. gambiae
A7UR91	2	U-02	gambiae	A. gambiae
A7URA3	1	U-01	gambiae	A. gambiae
A7URA5	1	U-01	gambiae	A. gambiae
A7URB2	1	U-01	gambiae	A. gambiae
A7URB4	1	U-01	gambiae	A. gambiae
A7URB5	1	U-01	gambiae	A. gambiae
A7URE1	2	U-02	gambiae	A. gambiae
A7URE2	1	U-01	gambiae	A. gambiae
A7URE5	1	U-01	gambiae	A. gambiae
A7URE8	1	U-01	gambiae	A. gambiae
A7URF1	1	U-01	gambiae	A. gambiae
F5HKG4	1	U-01	gambiae	A. gambiae
F5HKG5	1	U-01	gambiae	A. gambiae
F5HKG6	1	U-01	gambiae	A. gambiae
F5HKG7	1	U-01	gambiae	A. gambiae
F5HKG8	1	U-01	gambiae	A. gambiae
F5HKG9	1	U-01	gambiae	A. gambiae
F5HKH0	1	U-01	gambiae	A. gambiae
F5HKH1	1	U-01	gambiae	A. gambiae
F5HKH2	1	U-01	gambiae	A. gambiae
F5HKH8	1	U-01	gambiae	A. gambiae
F5HKI6	1	U-01	gambiae	A. gambiae
F5HKI8	2	U-02	gambiae	A. gambiae
F5HKI9	1	U-01	gambiae	A. gambiae
F5HKJ6	0	unassigned	gambiae	A. gambiae
F5HKJ7	0	unassigned	gambiae	A. gambiae
F5HKK0	1	U-01	gambiae	A. gambiae
F5HKK3	1	U-01	gambiae	A. gambiae
F5HKK4	1	U-01	gambiae	A. gambiae
F5HKK8	1	U-01	gambiae	A. gambiae
F5HKK9	1	U-01	gambiae	A. gambiae
F5HKL4	1	U-01	gambiae	A. gambiae
F5HKL5	1	U-01	gambiae	A. gambiae
F5HKL9	1	U-01	gambiae	A. gambiae
F5HKM4	1	U-01	gambiae	A. gambiae
F5HKM5	1	U-01	gambiae	A. gambiae
F5HKN0	1	U-01	gambiae	A. gambiae
F5HKN1	1	U-01	gambiae	A. gambiae
F5HKN5	1	U-01	gambiae	A. gambiae
F5HKN7	1	U-01	gambiae	A. gambiae
F5HKP0	1	U-01	gambiae	A. gambiae
F5HKP1	1	U-01	gambiae	A. gambiae
F5HKP2	1	U-01	gambiae	A. gambiae
F5HKP3	1	U-01	gambiae	A. gambiae
F5HKP4	1	U-01	gambiae	A. gambiae
F5HKP7	0	unassigned	gambiae	A. gambiae
F5HKQ6	1	U-01	gambiae	A. gambiae
F5HKQ9	1	U-01	gambiae	A. gambiae
F5HKR1	1	U-01	gambiae	A. gambiae
F5HKR2	2	U-02	gambiae	A. gambiae
F5HKR3	2	U-02	gambiae	A. gambiae
F5HKR4	2	U-02	gambiae	A. gambiae
F5HKR5	2	U-02	gambiae	A. gambiae
F5HKR6	2	U-02	gambiae	A. gambiae
F5HKR7	2	U-02	gambiae	A. gambiae
F5HKR8	2	U-02	gambiae	A. gambiae
F5HKR9	2	U-02	gambiae	A. gambiae
F5HKS0	2	U-02	gambiae	A. gambiae
F5HKS1	2	U-02	gambiae	A. gambiae
F5HKS2	2	U-02	gambiae	A. gambiae
F5HKS3	2	U-02	gambiae	A. gambiae
F5HKS4	2	U-02	gambiae	A. gambiae
Q5TYE4	2	U-02	gambiae	A. gambiae
Q5TYE5	2	U-02	gambiae	A. gambiae
Q5TYE7	1	U-01	gambiae	A. gambiae
Q5TYF0	1	U-01	gambiae	A. gambiae
Q5TYG3	1	U-01	gambiae	A. gambiae
Q5TYG4	1	U-01	gambiae	A. gambiae
Q5TYH0	1	U-01	gambiae	A. gambiae
Q5TYH7	1	U-01	gambiae	A. gambiae
Q5TYI4	0	unassigned	gambiae	A. gambiae
Q5TYJ3	2	U-02	gambiae	A. gambiae
Q5TYJ6	0	unassigned	gambiae	A. gambiae
Q5XLG6	1	U-01	gambiae	A. gambiae
Q6IDW3	1	U-01	gambiae	A. gambiae
Q6IDW4	1	U-01	gambiae	A. gambiae
Q6IDW7	1	U-01	gambiae	A. gambiae
Q6IDX0	1	U-01	gambiae	A. gambiae
Q6IDX2	1	U-01	gambiae	A. gambiae
Q6IDX5	1	U-01	gambiae	A. gambiae
Q6IDX7	1	U-01	gambiae	A. gambiae
Q6IDX8	1	U-01	gambiae	A. gambiae
Q6IDY2	1	U-01	gambiae	A. gambiae
Q6IDY4	1	U-01	gambiae	A. gambiae
Q6IDY5	1	U-01	gambiae	A. gambiae
Q6IDY6	1	U-01	gambiae	A. gambiae
Q6IDZ1	1	U-01	gambiae	A. gambiae
Q6IDZ2	1	U-01	gambiae	A. gambiae
Q6IDZ7	1	U-01	gambiae	A. gambiae
Q6IDZ8	1	U-01	gambiae	A. gambiae
Q6IE01	1	U-01	gambiae	A. gambiae
Q6VPN3	0	unassigned	gambiae	A. gambiae
Q6VVG6	2	U-02	gambiae	A. gambiae
Q7PCP1	1	U-01	gambiae	A. gambiae
Q7PCP4	1	U-01	gambiae	A. gambiae
Q7PCR9	1	U-01	gambiae	A. gambiae
Q7PCS5	1	U-01	gambiae	A. gambiae
Q7PCT5	1	U-01	gambiae	A. gambiae
Q7PCV5	1	U-01	gambiae	A. gambiae
Q7PCY4	0	unassigned	gambiae	A. gambiae
Q7PCY9	1	U-01	gambiae	A. gambiae
Q7PCZ1	1	U-01	gambiae	A. gambiae
Q7PD30	1	U-01	gambiae	A. gambiae
Q7PD57	1	U-01	gambiae	A. gambiae
Q7PD60	1	U-01	gambiae	A. gambiae
Q7PD64	1	U-01	gambiae	A. gambiae
Q7PD78	1	U-01	gambiae	A. gambiae
Q7PDA8	1	U-01	gambiae	A. gambiae
Q7PDB0	2	U-02	gambiae	A. gambiae
Q7PDF4	1	U-01	gambiae	A. gambiae
Q7PDF6	1	U-01	gambiae	A. gambiae
A0A1S4GXD4	1	U-01	gambiae	A. gambiae
A0A1S4GXD6	1	U-01	gambiae	A. gambiae
A0A1S4GXD8	1	U-01	gambiae	A. gambiae
A0A1S4GXE3	1	U-01	gambiae	A. gambiae
A0A1S4GXE7	1	U-01	gambiae	A. gambiae
A0A1S4GXE8	1	U-01	gambiae	A. gambiae
A0A1S4GXF3	1	U-01	gambiae	A. gambiae
A0A1S4GXF4	1	U-01	gambiae	A. gambiae
A0A1S4GXF5	1	U-01	gambiae	A. gambiae
A0A1S4GXF6	1	U-01	gambiae	A. gambiae
A0A1S4GXF8	2	U-02	gambiae	A. gambiae
A0A1S4GXG1	1	U-01	gambiae	A. gambiae
A0A1S4GXG8	1	U-01	gambiae	A. gambiae
A0A1S4GXH2	1	U-01	gambiae	A. gambiae
A0A1S4GXI0	1	U-01	gambiae	A. gambiae
A0A1S4GXJ9	1	U-01	gambiae	A. gambiae
A0A1S4GXK2	2	U-02	gambiae	A. gambiae
A0A1S4GXK3	1	U-01	gambiae	A. gambiae
A0A1S4GXK7	0	unassigned	gambiae	A. gambiae
A0A1S4GXK8	1	U-01	gambiae	A. gambiae
A0A1S4GXK9	1	U-01	gambiae	A. gambiae
A0A1S4GXL1	1	U-01	gambiae	A. gambiae
A0A1S4GXL4	2	U-02	gambiae	A. gambiae
A0A1S4GXL8	0	unassigned	gambiae	A. gambiae
A0A1S4GXM0	1	U-01	gambiae	A. gambiae
A0A1S4GXM1	0	unassigned	gambiae	A. gambiae
A0A1S4GXM5	1	U-01	gambiae	A. gambiae
A0A1S4GXM8	1	U-01	gambiae	A. gambiae
A0A1S4GXN1	1	U-01	gambiae	A. gambiae
A0A1S4GXN2	1	U-01	gambiae	A. gambiae
A0A1S4GXN4	2	U-02	gambiae	A. gambiae
A0A1S4GXN6	1	U-01	gambiae	A. gambiae
A0A1S4GXP2	1	U-01	gambiae	A. gambiae
A0A1S4GXP4	1	U-01	gambiae	A. gambiae
A0A1S4GXP8	1	U-01	gambiae	A. gambiae
A0A1S4GXQ0	1	U-01	gambiae	A. gambiae
A0A1S4GXR1	1	U-01	gambiae	A. gambiae
A0A1S4GXR5	1	U-01	gambiae	A. gambiae
A0A1S4GYX2	1	U-01	gambiae	A. gambiae
A0A1S4GYX6	1	U-01	gambiae	A. gambiae
A0A1S4GYX9	1	U-01	gambiae	A. gambiae
A0A1S4GYY1	1	U-01	gambiae	A. gambiae
A0A1S4GYY2	1	U-01	gambiae	A. gambiae
A0A1S4GYY4	1	U-01	gambiae	A. gambiae
A0A1S4GYY5	2	U-02	gambiae	A. gambiae
A0A1S4GYZ0	1	U-01	gambiae	A. gambiae
A0A1S4GYZ3	1	U-01	gambiae	A. gambiae
A0A1S4GZ03	1	U-01	gambiae	A. gambiae
A0A1S4GZ09	1	U-01	gambiae	A. gambiae
A0A1S4GZ11	1	U-01	gambiae	A. gambiae
A0A1S4GZ12	1	U-01	gambiae	A. gambiae
A0A1S4GZ16	1	U-01	gambiae	A. gambiae
A0A1S4GZ17	1	U-01	gambiae	A. gambiae
A0A1S4GZ19	1	U-01	gambiae	A. gambiae
A0A1S4GZ26	1	U-01	gambiae	A. gambiae
A0A1S4GZ30	1	U-01	gambiae	A. gambiae
A0A1S4GZ32	1	U-01	gambiae	A. gambiae
A0A1S4GZ36	1	U-01	gambiae	A. gambiae
A0A1S4GZ37	1	U-01	gambiae	A. gambiae
A0A1S4GZ40	1	U-01	gambiae	A. gambiae
A0A1S4GZ62	1	U-01	gambiae	A. gambiae
A0A1S4GZ65	2	U-02	gambiae	A. gambiae
A0A1S4GZ67	1	U-01	gambiae	A. gambiae
A0A1S4GZ68	1	U-01	gambiae	A. gambiae
A0A1S4GZ69	1	U-01	gambiae	A. gambiae
A0A1S4GZ72	2	U-02	gambiae	A. gambiae
A0A1S4GZ75	1	U-01	gambiae	A. gambiae
A0A1S4GZ85	1	U-01	gambiae	A. gambiae
A0A1S4GZ86	2	U-02	gambiae	A. gambiae
A0A1S4GZ88	1	U-01	gambiae	A. gambiae
A0A1S4GZ91	1	U-01	gambiae	A. gambiae
A0A1S4GZA1	1	U-01	gambiae	A. gambiae
A0A1S4GZA3	1	U-01	gambiae	A. gambiae
A0A1S4GZA7	1	U-01	gambiae	A. gambiae
A0A1S4GZB4	1	U-01	gambiae	A. gambiae
A0A1S4GZD2	1	U-01	gambiae	A. gambiae
A0A1S4GZD5	1	U-01	gambiae	A. gambiae
A0A1S4GZD7	2	U-02	gambiae	A. gambiae
A0A1S4GZD8	1	U-01	gambiae	A. gambiae
A0A1S4GZE5	1	U-01	gambiae	A. gambiae
A0A1S4GZF1	1	U-01	gambiae	A. gambiae
A0A1S4GZF5	1	U-01	gambiae	A. gambiae
A0A1S4GZF6	1	U-01	gambiae	A. gambiae
A0A1S4GZF8	1	U-01	gambiae	A. gambiae
A0A1S4GZG4	1	U-01	gambiae	A. gambiae
A0A1S4GZI4	1	U-01	gambiae	A. gambiae
A0A1S4GZI7	1	U-01	gambiae	A. gambiae
A0A1S4GZJ0	1	U-01	gambiae	A. gambiae
A0A1S4GZJ3	1	U-01	gambiae	A. gambiae
A0A1S4GZJ5	2	U-02	gambiae	A. gambiae
A0A1S4GZJ6	1	U-01	gambiae	A. gambiae
A0A1S4GZJ8	2	U-02	gambiae	A. gambiae
A0A1S4GZJ9	1	U-01	gambiae	A. gambiae
A0A1S4GZK3	1	U-01	gambiae	A. gambiae
A0A1S4GZK5	1	U-01	gambiae	A. gambiae
A0A1S4GZK6	2	U-02	gambiae	A. gambiae
A0A1S4GZL2	1	U-01	gambiae	A. gambiae
A0A1S4GZL4	1	U-01	gambiae	A. gambiae
A0A1S4GZL7	1	U-01	gambiae	A. gambiae
A0A1S4GZL8	1	U-01	gambiae	A. gambiae
A0ABK8FV61	1	U-01	gambiae	A. gambiae
A0ABK8FV78	1	U-01	gambiae	A. gambiae
A0ABK8G1U2	2	U-02	gambiae	A. gambiae
A0ABK8G7Q2	1	U-01	gambiae	A. gambiae
A0ABK8G7S8	1	U-01	gambiae	A. gambiae
A0ABK8G8B0	1	U-01	gambiae	A. gambiae
A0NBE1	1	U-01	gambiae	A. gambiae
A0NBH3	1	U-01	gambiae	A. gambiae
A0NDA5	1	U-01	gambiae	A. gambiae
A0NDA9	2	U-02	gambiae	A. gambiae
A0NDB3	1	U-01	gambiae	A. gambiae
A0NDG6	2	U-02	gambiae	A. gambiae
A0NE94	2	U-02	gambiae	A. gambiae
A0NES8	2	U-02	gambiae	A. gambiae
A0NF88	1	U-01	gambiae	A. gambiae
A0NFV1	2	U-02	gambiae	A. gambiae
A0NG87	2	U-02	gambiae	A. gambiae
A0NH76	1	U-01	gambiae	A. gambiae
A0T4G1	1	U-01	gambiae	A. gambiae
A3E7Z8	1	U-01	gambiae	A. gambiae
A6MCV4	0	unassigned	gambiae	A. gambiae
A7UR07	1	U-01	gambiae	A. gambiae
A7URQ1	1	U-01	gambiae	A. gambiae
A7USG7	2	U-02	gambiae	A. gambiae
A7UTE1	1	U-01	gambiae	A. gambiae
A7UTL1	1	U-01	gambiae	A. gambiae
A7UTM6	2	U-02	gambiae	A. gambiae
A7UU04	1	U-01	gambiae	A. gambiae
A7UU20	1	U-01	gambiae	A. gambiae
A7UU73	1	U-01	gambiae	A. gambiae
A7UU74	1	U-01	gambiae	A. gambiae
A7UUP6	1	U-01	gambiae	A. gambiae
A7UUW7	1	U-01	gambiae	A. gambiae
A7UVF6	2	U-02	gambiae	A. gambiae
A7UVK1	2	U-02	gambiae	A. gambiae
F5HIQ7	2	U-02	gambiae	A. gambiae
F5HIR5	1	U-01	gambiae	A. gambiae
F5HIW5	2	U-02	gambiae	A. gambiae
F5HJ52	2	U-02	gambiae	A. gambiae
F5HJ98	1	U-01	gambiae	A. gambiae
F5HJE0	1	U-01	gambiae	A. gambiae
F5HJG2	1	U-01	gambiae	A. gambiae
F5HJL3	1	U-01	gambiae	A. gambiae
F5HJV6	1	U-01	gambiae	A. gambiae
F5HJW8	1	U-01	gambiae	A. gambiae
F5HK68	1	U-01	gambiae	A. gambiae
F5HKA6	1	U-01	gambiae	A. gambiae
F5HKB0	1	U-01	gambiae	A. gambiae
F5HKE1	1	U-01	gambiae	A. gambiae
F5HKK5	1	U-01	gambiae	A. gambiae
F5HKK6	1	U-01	gambiae	A. gambiae
F5HKL0	2	U-02	gambiae	A. gambiae
F5HKY0	2	U-02	gambiae	A. gambiae
F5HKZ0	1	U-01	gambiae	A. gambiae
F5HL08	1	U-01	gambiae	A. gambiae
F5HLC4	2	U-02	gambiae	A. gambiae
F5HLC5	2	U-02	gambiae	A. gambiae
F5HLE2	1	U-01	gambiae	A. gambiae
F5HLF1	2	U-02	gambiae	A. gambiae
F5HLF3	2	U-02	gambiae	A. gambiae
F5HLF4	2	U-02	gambiae	A. gambiae
F5HLF5	2	U-02	gambiae	A. gambiae
F5HLS4	1	U-01	gambiae	A. gambiae
F5HLY9	1	U-01	gambiae	A. gambiae
F5HM33	2	U-02	gambiae	A. gambiae
F5HM45	1	U-01	gambiae	A. gambiae
F5HM46	1	U-01	gambiae	A. gambiae
F5HM47	1	U-01	gambiae	A. gambiae
F5HM53	1	U-01	gambiae	A. gambiae
F5HM58	1	U-01	gambiae	A. gambiae
F5HM82	1	U-01	gambiae	A. gambiae
F5HMB9	1	U-01	gambiae	A. gambiae
F5HMC8	1	U-01	gambiae	A. gambiae
F5HMG9	1	U-01	gambiae	A. gambiae
F5HMM7	1	U-01	gambiae	A. gambiae
F5HMW1	1	U-01	gambiae	A. gambiae
F5HMX0	1	U-01	gambiae	A. gambiae
F5HMZ6	1	U-01	gambiae	A. gambiae
F5HN03	1	U-01	gambiae	A. gambiae
F7IVD7	1	U-01	gambiae	A. gambiae
O02350	2	U-02	gambiae	A. gambiae
O44248	1	U-01	gambiae	A. gambiae
O61470	1	U-01	gambiae	A. gambiae
O76483	0	unassigned	gambiae	A. gambiae
O76757	1	U-01	gambiae	A. gambiae
O77457	1	U-01	gambiae	A. gambiae
O77462	0	unassigned	gambiae	A. gambiae
O77473	0	unassigned	gambiae	A. gambiae
P0DP77	0	unassigned	gambiae	A. gambiae
P34834	0	unassigned	gambiae	A. gambiae
P34836	0	unassigned	gambiae	A. gambiae
P34840	0	unassigned	gambiae	A. gambiae
P34844	0	unassigned	gambiae	A. gambiae
P34852	0	unassigned	gambiae	A. gambiae
P34854	0	unassigned	gambiae	A. gambiae
P34858	0	unassigned	gambiae	A. gambiae
P35038	2	U-02	gambiae	A. gambiae
P35039	2	U-02	gambiae	A. gambiae
P35041	2	U-02	gambiae	A. gambiae
P46428	1	U-01	gambiae	A. gambiae
A0A1S4H1F4	1	U-01	gambiae	A. gambiae
A0A1S4H1G0	1	U-01	gambiae	A. gambiae
A0A1S4H1G9	1	U-01	gambiae	A. gambiae
A0A1S4H1H3	1	U-01	gambiae	A. gambiae
A0A1S4H1H4	1	U-01	gambiae	A. gambiae
A0A1S4H1I8	1	U-01	gambiae	A. gambiae
A0A1S4H1K1	1	U-01	gambiae	A. gambiae
A0A1S4H1L1	1	U-01	gambiae	A. gambiae
A0A1S4H1L5	1	U-01	gambiae	A. gambiae
A0A1S4H1M6	0	unassigned	gambiae	A. gambiae
A0A1S4H1Q7	1	U-01	gambiae	A. gambiae
A0A1S4H1R5	1	U-01	gambiae	A. gambiae
A0A1S4H1R6	1	U-01	gambiae	A. gambiae
A0A1S4H1S1	1	U-01	gambiae	A. gambiae
A0A1S4H1S7	2	U-02	gambiae	A. gambiae
A0A1S4H1S8	1	U-01	gambiae	A. gambiae
A0A1S4H1T7	1	U-01	gambiae	A. gambiae
A0A1S4H1V3	1	U-01	gambiae	A. gambiae
A0A1S4H1V5	1	U-01	gambiae	A. gambiae
A0A1S4H1V7	1	U-01	gambiae	A. gambiae
A0A1S4H1V8	1	U-01	gambiae	A. gambiae
A0A1S4H1W1	2	U-02	gambiae	A. gambiae
A0A1S4H1W6	1	U-01	gambiae	A. gambiae
A0A1S4H1X0	1	U-01	gambiae	A. gambiae
A0A1S4H1X6	2	U-02	gambiae	A. gambiae
A0A1S4H1X7	2	U-02	gambiae	A. gambiae
A0A1S4H1X8	2	U-02	gambiae	A. gambiae
A0A1S4H1Y3	1	U-01	gambiae	A. gambiae
A0A1S4H1Y6	2	U-02	gambiae	A. gambiae
A0A1S4H1Z0	1	U-01	gambiae	A. gambiae
A0A1S4H1Z8	2	U-02	gambiae	A. gambiae
A0A1S4H209	1	U-01	gambiae	A. gambiae
A0A1S4H214	1	U-01	gambiae	A. gambiae
A0A1S4H221	1	U-01	gambiae	A. gambiae
A0A1S4H222	1	U-01	gambiae	A. gambiae
A0A1S4H223	1	U-01	gambiae	A. gambiae
A0A1S4H225	1	U-01	gambiae	A. gambiae
A0A1S4H226	1	U-01	gambiae	A. gambiae
A0A1S4H237	1	U-01	gambiae	A. gambiae
A0A1S4H240	1	U-01	gambiae	A. gambiae
A0A1S4H246	1	U-01	gambiae	A. gambiae
A0A1S4H254	1	U-01	gambiae	A. gambiae
A0A1S4H260	1	U-01	gambiae	A. gambiae
A0A1S4H264	1	U-01	gambiae	A. gambiae
A0A1S4H271	1	U-01	gambiae	A. gambiae
A0A1S4H274	1	U-01	gambiae	A. gambiae
A0A1S4H286	1	U-01	gambiae	A. gambiae
A0A1S4H290	1	U-01	gambiae	A. gambiae
A0A1S4H293	1	U-01	gambiae	A. gambiae
A0A1S4H294	1	U-01	gambiae	A. gambiae
A0A1S4H297	2	U-02	gambiae	A. gambiae
A0A1S4H299	1	U-01	gambiae	A. gambiae
A0A1S4H2A4	2	U-02	gambiae	A. gambiae
A0A1S4H2A5	1	U-01	gambiae	A. gambiae
A0A1S4H2A9	2	U-02	gambiae	A. gambiae
A0A1S4H2B7	1	U-01	gambiae	A. gambiae
A0A1S4H2B8	2	U-02	gambiae	A. gambiae
A0A1S4H2C7	1	U-01	gambiae	A. gambiae
A0A1S4H2D0	1	U-01	gambiae	A. gambiae
A0A1S4H2D6	1	U-01	gambiae	A. gambiae
A0A1S4H2E6	1	U-01	gambiae	A. gambiae
A0A1S4H2E7	2	U-02	gambiae	A. gambiae
A0A1S4H2F8	1	U-01	gambiae	A. gambiae
A0A1S4H2G4	1	U-01	gambiae	A. gambiae
A0A1S4H2G7	1	U-01	gambiae	A. gambiae
A0A1S4H2H2	1	U-01	gambiae	A. gambiae
A0A1S4H2H3	1	U-01	gambiae	A. gambiae
A0A1S4H2H6	1	U-01	gambiae	A. gambiae
A0A1S4H2H9	1	U-01	gambiae	A. gambiae
A0A1S4H2I0	1	U-01	gambiae	A. gambiae
A0A1S4H2I3	1	U-01	gambiae	A. gambiae
A0A1S4H2I7	1	U-01	gambiae	A. gambiae
A0A1S4H2I8	2	U-02	gambiae	A. gambiae
A0A1S4H2J1	1	U-01	gambiae	A. gambiae
A0A1S4H2J3	1	U-01	gambiae	A. gambiae
A0A1S4H2J7	2	U-02	gambiae	A. gambiae
A0A1S4H2K0	1	U-01	gambiae	A. gambiae
A0A1S4H2K6	1	U-01	gambiae	A. gambiae
A0A1S4H2L1	2	U-02	gambiae	A. gambiae
A0A1S4H2L3	1	U-01	gambiae	A. gambiae
A0A1S4H2L7	1	U-01	gambiae	A. gambiae
A0A1S4H2L8	1	U-01	gambiae	A. gambiae
A0A1S4H2M4	2	U-02	gambiae	A. gambiae
A0A1S4H2M8	1	U-01	gambiae	A. gambiae
A0A1S4H2M9	1	U-01	gambiae	A. gambiae
A0A1S4H2N4	2	U-02	gambiae	A. gambiae
A0A1S4H2N5	1	U-01	gambiae	A. gambiae
A0A1S4H2N9	2	U-02	gambiae	A. gambiae
A0A1S4H2P4	1	U-01	gambiae	A. gambiae
A0A1S4H2P8	1	U-01	gambiae	A. gambiae
A0A1S4H2Q1	1	U-01	gambiae	A. gambiae
A0A1S4H2Q3	1	U-01	gambiae	A. gambiae
A0A1S4H2Q6	1	U-01	gambiae	A. gambiae
A0A1S4H2R2	1	U-01	gambiae	A. gambiae
A0A1S4H2R4	2	U-02	gambiae	A. gambiae
A0A1S4H2S2	2	U-02	gambiae	A. gambiae
A0A1S4H2S5	1	U-01	gambiae	A. gambiae
A0A1S4H2S8	2	U-02	gambiae	A. gambiae
A0A1S4H2T0	1	U-01	gambiae	A. gambiae
A0A1S4H2T1	1	U-01	gambiae	A. gambiae
Q7QEQ6	1	U-01	gambiae	A. gambiae
Q7QER2	1	U-01	gambiae	A. gambiae
Q7QER3	1	U-01	gambiae	A. gambiae
Q7QER6	1	U-01	gambiae	A. gambiae
Q7QES0	1	U-01	gambiae	A. gambiae
Q7QES3	1	U-01	gambiae	A. gambiae
Q7QES4	1	U-01	gambiae	A. gambiae
Q7QEU7	1	U-01	gambiae	A. gambiae
Q7QEV4	1	U-01	gambiae	A. gambiae
Q7QEV5	1	U-01	gambiae	A. gambiae
Q7QEW4	1	U-01	gambiae	A. gambiae
Q7QEW5	2	U-02	gambiae	A. gambiae
Q7QEW8	1	U-01	gambiae	A. gambiae
Q7QEX2	0	unassigned	gambiae	A. gambiae
Q7QEX3	0	unassigned	gambiae	A. gambiae
Q7QEX4	1	U-01	gambiae	A. gambiae
Q7QEX5	1	U-01	gambiae	A. gambiae
Q7QEX7	2	U-02	gambiae	A. gambiae
Q7QEX9	1	U-01	gambiae	A. gambiae
Q7QEY1	1	U-01	gambiae	A. gambiae
Q7QEY4	2	U-02	gambiae	A. gambiae
Q7QEY5	2	U-02	gambiae	A. gambiae
Q7QEY8	2	U-02	gambiae	A. gambiae
Q7QEY9	1	U-01	gambiae	A. gambiae
Q7QEZ9	1	U-01	gambiae	A. gambiae
Q7QF02	1	U-01	gambiae	A. gambiae
Q7QF05	1	U-01	gambiae	A. gambiae
Q7QF08	1	U-01	gambiae	A. gambiae
Q7QF12	1	U-01	gambiae	A. gambiae
Q7QF19	1	U-01	gambiae	A. gambiae
Q7QF25	1	U-01	gambiae	A. gambiae
Q7QF26	1	U-01	gambiae	A. gambiae
Q7QF28	2	U-02	gambiae	A. gambiae
Q7QF31	1	U-01	gambiae	A. gambiae
Q7QF34	0	unassigned	gambiae	A. gambiae
Q7QF37	1	U-01	gambiae	A. gambiae
Q7QF41	1	U-01	gambiae	A. gambiae
Q7QF50	1	U-01	gambiae	A. gambiae
Q7QF52	1	U-01	gambiae	A. gambiae
Q7QF54	1	U-01	gambiae	A. gambiae
Q7QF59	1	U-01	gambiae	A. gambiae
Q7QF61	1	U-01	gambiae	A. gambiae
Q7QF64	1	U-01	gambiae	A. gambiae
Q7QF66	1	U-01	gambiae	A. gambiae
Q7QF69	1	U-01	gambiae	A. gambiae
Q7QF89	1	U-01	gambiae	A. gambiae
Q7QF90	1	U-01	gambiae	A. gambiae
Q7QF98	2	U-02	gambiae	A. gambiae
Q7QFB7	1	U-01	gambiae	A. gambiae
Q7QFC1	1	U-01	gambiae	A. gambiae
Q7QFC6	1	U-01	gambiae	A. gambiae
Q7QFC9	1	U-01	gambiae	A. gambiae
Q7QFD0	1	U-01	gambiae	A. gambiae
Q7QFD2	1	U-01	gambiae	A. gambiae
Q7QFD4	1	U-01	gambiae	A. gambiae
Q7QFE0	1	U-01	gambiae	A. gambiae
Q7QFE4	1	U-01	gambiae	A. gambiae
Q7QFF0	1	U-01	gambiae	A. gambiae
Q7QFF6	1	U-01	gambiae	A. gambiae
Q7QFG1	1	U-01	gambiae	A. gambiae
Q7QFG6	1	U-01	gambiae	A. gambiae
Q7QFH1	2	U-02	gambiae	A. gambiae
Q7QFH4	1	U-01	gambiae	A. gambiae
Q7QFH7	1	U-01	gambiae	A. gambiae
Q7QFI1	1	U-01	gambiae	A. gambiae
Q7QFI2	1	U-01	gambiae	A. gambiae
Q7QFI3	1	U-01	gambiae	A. gambiae
Q7QFI8	1	U-01	gambiae	A. gambiae
Q7QFJ2	2	U-02	gambiae	A. gambiae
Q7QFJ5	1	U-01	gambiae	A. gambiae
Q7QFK2	2	U-02	gambiae	A. gambiae
Q7QFK4	1	U-01	gambiae	A. gambiae
Q7QFK5	2	U-02	gambiae	A. gambiae
A0A1S4G9F5	1	U-01	gambiae	A. gambiae
A0A1S4G9F6	1	U-01	gambiae	A. gambiae
A0A1S4G9G6	1	U-01	gambiae	A. gambiae
A0A1S4G9H5	1	U-01	gambiae	A. gambiae
A0A1S4G9I8	1	U-01	gambiae	A. gambiae
A0A1S4G9K2	1	U-01	gambiae	A. gambiae
A0A1S4G9L9	1	U-01	gambiae	A. gambiae
A0A1S4G9M6	2	U-02	gambiae	A. gambiae
A0A1S4G9M8	1	U-01	gambiae	A. gambiae
A0A1S4G9N4	1	U-01	gambiae	A. gambiae
A0A1S4G9N5	1	U-01	gambiae	A. gambiae
A0A1S4G9P7	1	U-01	gambiae	A. gambiae
A0A1S4G9R1	1	U-01	gambiae	A. gambiae
A0A1S4G9R8	1	U-01	gambiae	A. gambiae
A0A1S4G9U0	1	U-01	gambiae	A. gambiae
A0A1S4G9U5	1	U-01	gambiae	A. gambiae
A0A1S4G9V3	1	U-01	gambiae	A. gambiae
A0A1S4G9V5	1	U-01	gambiae	A. gambiae
A0A1S4G9W3	1	U-01	gambiae	A. gambiae
A0A1S4G9W5	1	U-01	gambiae	A. gambiae
A0A1S4G9X0	1	U-01	gambiae	A. gambiae
A0A1S4G9X7	1	U-01	gambiae	A. gambiae
A0A1S4G9Y7	2	U-02	gambiae	A. gambiae
A0A1S4GA12	2	U-02	gambiae	A. gambiae
A0A1S4GA13	1	U-01	gambiae	A. gambiae
A0A1S4GA18	1	U-01	gambiae	A. gambiae
A0A1S4GA24	2	U-02	gambiae	A. gambiae
Q380C2	0	unassigned	gambiae	A. gambiae
Q380C7	1	U-01	gambiae	A. gambiae
Q380F3	2	U-02	gambiae	A. gambiae
Q380F4	2	U-02	gambiae	A. gambiae
Q380G4	1	U-01	gambiae	A. gambiae
Q380G5	1	U-01	gambiae	A. gambiae
Q380G8	1	U-01	gambiae	A. gambiae
Q380I4	1	U-01	gambiae	A. gambiae
Q380K3	1	U-01	gambiae	A. gambiae
Q380L4	1	U-01	gambiae	A. gambiae
Q380N5	1	U-01	gambiae	A. gambiae
Q380P6	1	U-01	gambiae	A. gambiae
Q380Q2	1	U-01	gambiae	A. gambiae
Q380Q9	1	U-01	gambiae	A. gambiae
Q380R3	1	U-01	gambiae	A. gambiae
Q380S1	2	U-02	gambiae	A. gambiae
Q380S4	1	U-01	gambiae	A. gambiae
Q380U1	1	U-01	gambiae	A. gambiae
Q4JSB5	1	U-01	gambiae	A. gambiae
Q5TMH4	1	U-01	gambiae	A. gambiae
Q5TMI3	1	U-01	gambiae	A. gambiae
Q5TMJ9	1	U-01	gambiae	A. gambiae
Q5TMK2	1	U-01	gambiae	A. gambiae
Q5TML0	1	U-01	gambiae	A. gambiae
Q5TMM5	1	U-01	gambiae	A. gambiae
Q5TMT4	1	U-01	gambiae	A. gambiae
Q5TMU4	0	unassigned	gambiae	A. gambiae
Q5TMX3	1	U-01	gambiae	A. gambiae
Q5TMZ0	1	U-01	gambiae	A. gambiae
Q5TN05	0	unassigned	gambiae	A. gambiae
Q5TN25	1	U-01	gambiae	A. gambiae
Q5TN32	0	unassigned	gambiae	A. gambiae
Q5TN63	2	U-02	gambiae	A. gambiae
Q5TN65	2	U-02	gambiae	A. gambiae
Q5TN66	2	U-02	gambiae	A. gambiae
Q5TN67	2	U-02	gambiae	A. gambiae
Q5TN69	0	unassigned	gambiae	A. gambiae
Q5TN70	1	U-01	gambiae	A. gambiae
Q5TND7	2	U-02	gambiae	A. gambiae
Q5TNF5	2	U-02	gambiae	A. gambiae
Q5TNI2	2	U-02	gambiae	A. gambiae
Q5TNJ6	1	U-01	gambiae	A. gambiae
Q5TNK1	1	U-01	gambiae	A. gambiae
Q5TNL3	0	unassigned	gambiae	A. gambiae
Q5TNQ7	1	U-01	gambiae	A. gambiae
Q5TNR5	1	U-01	gambiae	A. gambiae
Q5TNX0	1	U-01	gambiae	A. gambiae
Q5TNY9	1	U-01	gambiae	A. gambiae
Q5TNZ0	1	U-01	gambiae	A. gambiae
Q5TNZ4	2	U-02	gambiae	A. gambiae
Q5TP02	1	U-01	gambiae	A. gambiae
Q5TP11	1	U-01	gambiae	A. gambiae
Q5TP55	1	U-01	gambiae	A. gambiae
Q5TP64	1	U-01	gambiae	A. gambiae
Q5TP84	2	U-02	gambiae	A. gambiae
Q5TP87	1	U-01	gambiae	A. gambiae
Q5TP90	1	U-01	gambiae	A. gambiae
Q5TPA0	1	U-01	gambiae	A. gambiae
Q5TPB0	1	U-01	gambiae	A. gambiae
Q5TPD4	1	U-01	gambiae	A. gambiae
Q5TPE9	1	U-01	gambiae	A. gambiae
Q5TPF2	0	unassigned	gambiae	A. gambiae
Q5TPJ2	1	U-01	gambiae	A. gambiae
Q5TPP1	1	U-01	gambiae	A. gambiae
Q7PKQ6	2	U-02	gambiae	A. gambiae
Q7PKR6	1	U-01	gambiae	A. gambiae
Q7PKT5	0	unassigned	gambiae	A. gambiae
Q7PKX8	0	unassigned	gambiae	A. gambiae
Q7PL00	1	U-01	gambiae	A. gambiae
Q7PL09	1	U-01	gambiae	A. gambiae
Q7PL10	1	U-01	gambiae	A. gambiae
Q7PL13	1	U-01	gambiae	A. gambiae
Q7PLY2	2	U-02	gambiae	A. gambiae
Q7PLY3	1	U-01	gambiae	A. gambiae
Q7PLZ9	1	U-01	gambiae	A. gambiae
Q7PM04	1	U-01	gambiae	A. gambiae
Q7PM15	1	U-01	gambiae	A. gambiae
Q7PM17	1	U-01	gambiae	A. gambiae
Q7PM18	1	U-01	gambiae	A. gambiae
Q7PM19	1	U-01	gambiae	A. gambiae
Q7PM31	1	U-01	gambiae	A. gambiae
Q7PM34	1	U-01	gambiae	A. gambiae
Q7PM41	1	U-01	gambiae	A. gambiae
Q7PM43	1	U-01	gambiae	A. gambiae
Q7PM44	1	U-01	gambiae	A. gambiae
Q7PM50	1	U-01	gambiae	A. gambiae
Q7PM59	1	U-01	gambiae	A. gambiae
Q7PM76	1	U-01	gambiae	A. gambiae
Q7PM78	1	U-01	gambiae	A. gambiae
Q7PMA0	1	U-01	gambiae	A. gambiae
Q7PMA7	1	U-01	gambiae	A. gambiae
Q7PMC2	1	U-01	gambiae	A. gambiae
Q7PMC7	1	U-01	gambiae	A. gambiae
Q7PMC8	1	U-01	gambiae	A. gambiae
Q7PME3	1	U-01	gambiae	A. gambiae
Q7PMH6	1	U-01	gambiae	A. gambiae
Q7PMI3	1	U-01	gambiae	A. gambiae
Q7PMJ4	1	U-01	gambiae	A. gambiae
Q7PMK3	1	U-01	gambiae	A. gambiae
Q7PMK7	1	U-01	gambiae	A. gambiae
Q7PTZ0	1	U-01	gambiae	A. gambiae
Q7PU09	1	U-01	gambiae	A. gambiae
Q7PU37	2	U-02	gambiae	A. gambiae
Q7PUA6	1	U-01	gambiae	A. gambiae
Q7PUB1	1	U-01	gambiae	A. gambiae
Q7PUB2	1	U-01	gambiae	A. gambiae
Q7PUB6	1	U-01	gambiae	A. gambiae
Q7PUB7	1	U-01	gambiae	A. gambiae
Q7PUB8	1	U-01	gambiae	A. gambiae
Q7PUC0	1	U-01	gambiae	A. gambiae
Q7PUC7	1	U-01	gambiae	A. gambiae
Q7PUC9	1	U-01	gambiae	A. gambiae
Q7PUD0	0	unassigned	gambiae	A. gambiae
Q7PUD7	1	U-01	gambiae	A. gambiae
Q7PUE1	1	U-01	gambiae	A. gambiae
Q7PUE2	1	U-01	gambiae	A. gambiae
Q7PUE4	1	U-01	gambiae	A. gambiae
Q7PUF2	1	U-01	gambiae	A. gambiae
Q7PUF5	1	U-01	gambiae	A. gambiae
Q7PUG7	1	U-01	gambiae	A. gambiae
Q7PUH4	0	unassigned	gambiae	A. gambiae
Q7PUI3	0	unassigned	gambiae	A. gambiae
Q7PUI4	1	U-01	gambiae	A. gambiae
Q7PUK4	1	U-01	gambiae	A. gambiae
Q7PUL2	1	U-01	gambiae	A. gambiae
Q7PUL3	1	U-01	gambiae	A. gambiae
Q7PUL7	1	U-01	gambiae	A. gambiae
Q7PUN2	1	U-01	gambiae	A. gambiae
Q7PUN3	1	U-01	gambiae	A. gambiae
Q7PUN5	2	U-02	gambiae	A. gambiae
Q7PUN7	1	U-01	gambiae	A. gambiae
Q7PUN8	1	U-01	gambiae	A. gambiae
Q7PUP2	1	U-01	gambiae	A. gambiae
Q7PUQ0	1	U-01	gambiae	A. gambiae
Q7PUQ5	1	U-01	gambiae	A. gambiae
Q7PUQ6	1	U-01	gambiae	A. gambiae
Q7PUQ7	1	U-01	gambiae	A. gambiae
Q7PUQ9	1	U-01	gambiae	A. gambiae
Q7PUR4	1	U-01	gambiae	A. gambiae
Q7PUR5	1	U-01	gambiae	A. gambiae
Q7PUR7	1	U-01	gambiae	A. gambiae
Q7PUS0	1	U-01	gambiae	A. gambiae
Q7PUS1	1	U-01	gambiae	A. gambiae
Q7PUS2	1	U-01	gambiae	A. gambiae
Q7Q2G7	1	U-01	gambiae	A. gambiae
Q7Q2G8	1	U-01	gambiae	A. gambiae
Q7Q2H5	2	U-02	gambiae	A. gambiae
Q7Q2H6	1	U-01	gambiae	A. gambiae
Q7Q2H8	1	U-01	gambiae	A. gambiae
Q7Q2I3	1	U-01	gambiae	A. gambiae
Q7Q2I8	1	U-01	gambiae	A. gambiae
Q7Q2J5	1	U-01	gambiae	A. gambiae
Q7Q2L3	1	U-01	gambiae	A. gambiae
Q7Q2L7	1	U-01	gambiae	A. gambiae
Q7Q2L9	1	U-01	gambiae	A. gambiae
Q7Q2M5	2	U-02	gambiae	A. gambiae
Q7Q2M6	1	U-01	gambiae	A. gambiae
Q7Q2N7	1	U-01	gambiae	A. gambiae
Q7Q2N8	1	U-01	gambiae	A. gambiae
Q7Q2P1	1	U-01	gambiae	A. gambiae
Q7Q2P4	1	U-01	gambiae	A. gambiae
Q7Q2Q0	1	U-01	gambiae	A. gambiae
Q7Q2R9	1	U-01	gambiae	A. gambiae
Q7Q2S1	1	U-01	gambiae	A. gambiae
Q7Q2S4	1	U-01	gambiae	A. gambiae
Q7Q2S5	1	U-01	gambiae	A. gambiae
Q7Q2S9	2	U-02	gambiae	A. gambiae
Q7Q2T3	1	U-01	gambiae	A. gambiae
Q7Q2U5	1	U-01	gambiae	A. gambiae
Q7Q2U7	1	U-01	gambiae	A. gambiae
Q7Q2V5	1	U-01	gambiae	A. gambiae
Q7Q2V6	1	U-01	gambiae	A. gambiae
Q7Q2W7	1	U-01	gambiae	A. gambiae
Q7Q2Y9	1	U-01	gambiae	A. gambiae
Q7Q2Z8	1	U-01	gambiae	A. gambiae
Q7Q316	2	U-02	gambiae	A. gambiae
Q7Q319	1	U-01	gambiae	A. gambiae
Q7Q320	0	unassigned	gambiae	A. gambiae
Q7Q331	1	U-01	gambiae	A. gambiae
Q7Q332	2	U-02	gambiae	A. gambiae
Q7Q339	1	U-01	gambiae	A. gambiae
Q7Q340	1	U-01	gambiae	A. gambiae
Q7Q348	2	U-02	gambiae	A. gambiae
Q7Q351	1	U-01	gambiae	A. gambiae
Q7Q371	1	U-01	gambiae	A. gambiae
Q7Q373	1	U-01	gambiae	A. gambiae
Q7Q389	1	U-01	gambiae	A. gambiae
Q7Q3A3	1	U-01	gambiae	A. gambiae
Q7Q3B0	2	U-02	gambiae	A. gambiae
Q7Q3B4	2	U-02	gambiae	A. gambiae
Q7Q3D6	1	U-01	gambiae	A. gambiae
Q7Q3D7	1	U-01	gambiae	A. gambiae
Q7Q3D8	1	U-01	gambiae	A. gambiae
Q7Q3D9	2	U-02	gambiae	A. gambiae
Q7Q3F7	1	U-01	gambiae	A. gambiae
Q7Q3G9	1	U-01	gambiae	A. gambiae
Q7Q3H9	1	U-01	gambiae	A. gambiae
Q7Q3I0	1	U-01	gambiae	A. gambiae
Q7Q3J6	1	U-01	gambiae	A. gambiae
Q7Q3K7	1	U-01	gambiae	A. gambiae
A0A3F2YYW7	2	U-02	gambiae	A. gambiae
A0A3F2YYW8	2	U-02	gambiae	A. gambiae
A0A3F2YYW9	2	U-02	gambiae	A. gambiae
A0A3F2YYX0	2	U-02	gambiae	A. gambiae
A0A3F2YYX2	2	U-02	gambiae	A. gambiae
A0A3F2YYX4	1	U-01	gambiae	A. gambiae
A0A453YNQ3	1	U-01	gambiae	A. gambiae
A0A453YNR8	1	U-01	gambiae	A. gambiae
A0A453YNZ5	1	U-01	gambiae	A. gambiae
A0A453YP03	1	U-01	gambiae	A. gambiae
A0A453YP83	2	U-02	gambiae	A. gambiae
A0A453YPH2	1	U-01	gambiae	A. gambiae
A0A453YPI3	1	U-01	gambiae	A. gambiae
A0A453YPL0	1	U-01	gambiae	A. gambiae
A0A453YQD6	1	U-01	gambiae	A. gambiae
A0A453YQJ5	1	U-01	gambiae	A. gambiae
A0A453YQK1	1	U-01	gambiae	A. gambiae
A0A453YR36	1	U-01	gambiae	A. gambiae
A0A453YRG9	1	U-01	gambiae	A. gambiae
A0A453YRH0	1	U-01	gambiae	A. gambiae
A0A453YRI6	1	U-01	gambiae	A. gambiae
A0A453YRK2	1	U-01	gambiae	A. gambiae
A0A453YRK3	1	U-01	gambiae	A. gambiae
A0A453YRP4	1	U-01	gambiae	A. gambiae
A0A453YS18	1	U-01	gambiae	A. gambiae
A0A453YS65	1	U-01	gambiae	A. gambiae
A0A453YS98	1	U-01	gambiae	A. gambiae
A0A453YSU0	1	U-01	gambiae	A. gambiae
A0A453YSV3	1	U-01	gambiae	A. gambiae
A0A453YSV8	1	U-01	gambiae	A. gambiae
A0A453YTB8	1	U-01	gambiae	A. gambiae
A0A453YTD9	2	U-02	gambiae	A. gambiae
A0A453YTF0	1	U-01	gambiae	A. gambiae
A0A453YTG4	1	U-01	gambiae	A. gambiae
A0A453YTJ1	1	U-01	gambiae	A. gambiae
A0A499FW53	1	U-01	gambiae	A. gambiae
A0A499FW69	1	U-01	gambiae	A. gambiae
A0A499FWA3	1	U-01	gambiae	A. gambiae
A0A499FWF0	1	U-01	gambiae	A. gambiae
A0A499FWV4	1	U-01	gambiae	A. gambiae
A0A499FWW7	1	U-01	gambiae	A. gambiae
A0A499FWX0	1	U-01	gambiae	A. gambiae
A0A499FWX3	1	U-01	gambiae	A. gambiae
A0A499FWX5	1	U-01	gambiae	A. gambiae
A0A499FWX8	0	unassigned	gambiae	A. gambiae
A0A499FWX9	2	U-02	gambiae	A. gambiae
A0A499FWY2	1	U-01	gambiae	A. gambiae
A0A499FWY5	1	U-01	gambiae	A. gambiae
A0A499FWY9	1	U-01	gambiae	A. gambiae
A0A499FWZ0	1	U-01	gambiae	A. gambiae
A0A499FWZ1	1	U-01	gambiae	A. gambiae
A0A499FWZ2	0	unassigned	gambiae	A. gambiae
A0A499FWZ4	2	U-02	gambiae	A. gambiae
A0A499FWZ6	1	U-01	gambiae	A. gambiae
A0A499FWZ8	2	U-02	gambiae	A. gambiae
A0A499FX05	0	unassigned	gambiae	A. gambiae
A0A499FX06	1	U-01	gambiae	A. gambiae
A0A499FX09	2	U-02	gambiae	A. gambiae
A0A499FX10	1	U-01	gambiae	A. gambiae
A0A499FX12	1	U-01	gambiae	A. gambiae
A0A499FX15	1	U-01	gambiae	A. gambiae
A0A499FX16	1	U-01	gambiae	A. gambiae
A0A499FX18	2	U-02	gambiae	A. gambiae
A0A499FX22	1	U-01	gambiae	A. gambiae
A0A499FX25	1	U-01	gambiae	A. gambiae
A0A499FX26	0	unassigned	gambiae	A. gambiae
A0A499FX28	2	U-02	gambiae	A. gambiae
A0A499FX31	1	U-01	gambiae	A. gambiae
A0A499FX34	1	U-01	gambiae	A. gambiae
A0A499FX36	1	U-01	gambiae	A. gambiae
A0A499FX40	1	U-01	gambiae	A. gambiae
A0A499FX42	1	U-01	gambiae	A. gambiae
A0A499FX46	2	U-02	gambiae	A. gambiae
A0A499FX48	2	U-02	gambiae	A. gambiae
A0A6I8TWS7	1	U-01	gambiae	A. gambiae
A0A6I8U6M8	1	U-01	gambiae	A. gambiae
A0A6I8U963	1	U-01	gambiae	A. gambiae
A0A6I8U9M8	1	U-01	gambiae	A. gambiae
A0A7N4YH67	1	U-01	gambiae	A. gambiae
A0A7N4YH70	1	U-01	gambiae	A. gambiae
A0A8W7R373	1	U-01	gambiae	A. gambiae
A0A8W7R3H9	0	unassigned	gambiae	A. gambiae
A0A8W7RE42	1	U-01	gambiae	A. gambiae
A0A8W7RTE4	1	U-01	gambiae	A. gambiae
A0A8W7S0A2	1	U-01	gambiae	A. gambiae
A0A8W7S5F2	1	U-01	gambiae	A. gambiae
A0A8W7S5F6	1	U-01	gambiae	A. gambiae
A0A8W7S8E0	1	U-01	gambiae	A. gambiae
A0A903WRE9	1	U-01	gambiae	A. gambiae
A0A903WRK2	1	U-01	gambiae	A. gambiae
A0A903WTB5	1	U-01	gambiae	A. gambiae
A0A903WVG8	1	U-01	gambiae	A. gambiae
A0A903WX86	1	U-01	gambiae	A. gambiae
A0A903WXV5	1	U-01	gambiae	A. gambiae
A0A903WZV9	1	U-01	gambiae	A. gambiae
A0A903X0C6	1	U-01	gambiae	A. gambiae
A0A903X4C5	1	U-01	gambiae	A. gambiae
A0A903X4J2	1	U-01	gambiae	A. gambiae
A0A903X4P6	1	U-01	gambiae	A. gambiae
A0A903X4U2	1	U-01	gambiae	A. gambiae
F5HJ36	2	U-02	gambiae	A. gambiae
F5HJ37	1	U-01	gambiae	A. gambiae
F5HJ38	1	U-01	gambiae	A. gambiae
F5HJ41	1	U-01	gambiae	A. gambiae
F5HJ47	1	U-01	gambiae	A. gambiae
F5HJ60	1	U-01	gambiae	A. gambiae
F5HJ63	0	unassigned	gambiae	A. gambiae
F5HJ72	1	U-01	gambiae	A. gambiae
F5HJ75	1	U-01	gambiae	A. gambiae
F5HJ76	1	U-01	gambiae	A. gambiae
Q5TSY3	1	U-01	gambiae	A. gambiae
Q5TSY4	1	U-01	gambiae	A. gambiae
Q5TSZ1	1	U-01	gambiae	A. gambiae
Q5TSZ5	1	U-01	gambiae	A. gambiae
Q5TSZ8	2	U-02	gambiae	A. gambiae
Q5TT03	0	unassigned	gambiae	A. gambiae
Q5TT14	1	U-01	gambiae	A. gambiae
Q5TT24	1	U-01	gambiae	A. gambiae
Q5TT36	1	U-01	gambiae	A. gambiae
Q5TT40	1	U-01	gambiae	A. gambiae
Q5TT42	2	U-02	gambiae	A. gambiae
Q5TT44	1	U-01	gambiae	A. gambiae
Q5TT51	1	U-01	gambiae	A. gambiae
Q5TT52	1	U-01	gambiae	A. gambiae
Q5TT53	1	U-01	gambiae	A. gambiae
Q5TT60	1	U-01	gambiae	A. gambiae
Q5TT67	1	U-01	gambiae	A. gambiae
Q5TT69	1	U-01	gambiae	A. gambiae
Q5TT70	1	U-01	gambiae	A. gambiae
Q5TTC9	1	U-01	gambiae	A. gambiae
Q5TTE5	0	unassigned	gambiae	A. gambiae
Q5TTF7	1	U-01	gambiae	A. gambiae
Q5TTG2	1	U-01	gambiae	A. gambiae
Q5TTG9	1	U-01	gambiae	A. gambiae
Q5TTH1	1	U-01	gambiae	A. gambiae
Q5TTH4	1	U-01	gambiae	A. gambiae
Q5TTP9	1	U-01	gambiae	A. gambiae
Q5TTQ2	1	U-01	gambiae	A. gambiae
Q5TTR1	1	U-01	gambiae	A. gambiae
Q5TTS3	1	U-01	gambiae	A. gambiae
Q5TTT3	1	U-01	gambiae	A. gambiae
Q5TTV0	2	U-02	gambiae	A. gambiae
Q5TTV1	2	U-02	gambiae	A. gambiae
Q5TTW4	1	U-01	gambiae	A. gambiae
Q5TTY0	1	U-01	gambiae	A. gambiae
Q5TU08	1	U-01	gambiae	A. gambiae
Q5TU31	2	U-02	gambiae	A. gambiae
Q5TU32	2	U-02	gambiae	A. gambiae
Q5TU37	1	U-01	gambiae	A. gambiae
Q5TU43	1	U-01	gambiae	A. gambiae
Q5TU47	1	U-01	gambiae	A. gambiae
Q5TU55	1	U-01	gambiae	A. gambiae
Q5TU56	1	U-01	gambiae	A. gambiae
Q5TUE9	1	U-01	gambiae	A. gambiae
Q5TUF1	1	U-01	gambiae	A. gambiae
Q5TUN1	1	U-01	gambiae	A. gambiae
Q5TUT5	1	U-01	gambiae	A. gambiae
Q5TUU1	1	U-01	gambiae	A. gambiae
Q5TUU4	1	U-01	gambiae	A. gambiae
Q5TUU8	1	U-01	gambiae	A. gambiae
Q5TUY3	1	U-01	gambiae	A. gambiae
Q5TUZ1	1	U-01	gambiae	A. gambiae
Q5TV18	1	U-01	gambiae	A. gambiae
Q5TV29	1	U-01	gambiae	A. gambiae
Q5TV61	1	U-01	gambiae	A. gambiae
Q5TV84	1	U-01	gambiae	A. gambiae
Q5TV94	1	U-01	gambiae	A. gambiae
Q5TV95	1	U-01	gambiae	A. gambiae
Q5TV96	1	U-01	gambiae	A. gambiae
Q5TVA7	1	U-01	gambiae	A. gambiae
Q5TVA9	1	U-01	gambiae	A. gambiae
Q5TVB0	0	unassigned	gambiae	A. gambiae
Q5TVB3	0	unassigned	gambiae	A. gambiae
Q5TVC7	1	U-01	gambiae	A. gambiae
Q5TVC9	1	U-01	gambiae	A. gambiae
Q5TVF0	2	U-02	gambiae	A. gambiae
Q5TVF2	1	U-01	gambiae	A. gambiae
Q5TVI1	1	U-01	gambiae	A. gambiae
Q5TVI8	2	U-02	gambiae	A. gambiae
Q5TVS6	2	U-02	gambiae	A. gambiae
Q5TVT3	1	U-01	gambiae	A. gambiae
Q5TVV2	1	U-01	gambiae	A. gambiae
Q5TVZ5	1	U-01	gambiae	A. gambiae
Q5TW40	1	U-01	gambiae	A. gambiae
Q5TW69	1	U-01	gambiae	A. gambiae
Q5TW82	2	U-02	gambiae	A. gambiae
Q5TW89	1	U-01	gambiae	A. gambiae
Q5TWB4	1	U-01	gambiae	A. gambiae
Q5TWB5	2	U-02	gambiae	A. gambiae
Q5TWD0	1	U-01	gambiae	A. gambiae
Q5TWE1	2	U-02	gambiae	A. gambiae
Q5TWF3	2	U-02	gambiae	A. gambiae
Q5TWF4	1	U-01	gambiae	A. gambiae
Q5TWF6	1	U-01	gambiae	A. gambiae
Q5TWF8	1	U-01	gambiae	A. gambiae
Q5TWL7	2	U-02	gambiae	A. gambiae
Q5TWN3	1	U-01	gambiae	A. gambiae
Q5TWP8	1	U-01	gambiae	A. gambiae
Q5TWQ4	2	U-02	gambiae	A. gambiae
Q5TWR0	1	U-01	gambiae	A. gambiae
A0A1S4G9C4	2	U-02	gambiae	A. gambiae
A0A1S4G9D1	2	U-02	gambiae	A. gambiae
A0A1S4G9D7	1	U-01	gambiae	A. gambiae
A0A1S4GKA0	1	U-01	gambiae	A. gambiae
A0A1S4GKA7	2	U-02	gambiae	A. gambiae
A0A1S4GKB0	2	U-02	gambiae	A. gambiae
A0A1S4GKC2	1	U-01	gambiae	A. gambiae
A0A1S4GKC8	1	U-01	gambiae	A. gambiae
A0A1S4GKE0	1	U-01	gambiae	A. gambiae
A0A1S4GKE2	1	U-01	gambiae	A. gambiae
A0A1S4GKE8	1	U-01	gambiae	A. gambiae
A0A1S4GKF6	2	U-02	gambiae	A. gambiae
A0A1S4GKG2	1	U-01	gambiae	A. gambiae
A0A1S4GKH1	1	U-01	gambiae	A. gambiae
A0A1S4GKK7	1	U-01	gambiae	A. gambiae
A0A1S4GKL3	1	U-01	gambiae	A. gambiae
A0A1S4GKL5	2	U-02	gambiae	A. gambiae
A0A1S4GKN1	1	U-01	gambiae	A. gambiae
A0A1S4GKP1	1	U-01	gambiae	A. gambiae
A0A1S4GKR2	2	U-02	gambiae	A. gambiae
A0A1S4GKS0	1	U-01	gambiae	A. gambiae
A0A1S4GKS3	1	U-01	gambiae	A. gambiae
A0A1S4GKS5	2	U-02	gambiae	A. gambiae
A0A1S4GKT5	1	U-01	gambiae	A. gambiae
A0A1S4GKU5	1	U-01	gambiae	A. gambiae
A0A1S4GKU8	1	U-01	gambiae	A. gambiae
A0A1S4GKX8	1	U-01	gambiae	A. gambiae
A0A1S4GKY2	1	U-01	gambiae	A. gambiae
A0A1S4GKY8	1	U-01	gambiae	A. gambiae
A0A1S4GKZ7	2	U-02	gambiae	A. gambiae
A0A1S4GKZ9	1	U-01	gambiae	A. gambiae
A0A1S4GL05	1	U-01	gambiae	A. gambiae
A0A1S4GL10	1	U-01	gambiae	A. gambiae
A0A1S4GL16	2	U-02	gambiae	A. gambiae
A0A1S4GL32	1	U-01	gambiae	A. gambiae
A0A1S4GL35	1	U-01	gambiae	A. gambiae
A0A1S4GL47	1	U-01	gambiae	A. gambiae
A0A1S4GL50	1	U-01	gambiae	A. gambiae
A0A1S4GL60	1	U-01	gambiae	A. gambiae
A0A1S4GL74	1	U-01	gambiae	A. gambiae
A0A1S4GL92	1	U-01	gambiae	A. gambiae
A0A1S4GLA5	1	U-01	gambiae	A. gambiae
A0A1S4GLB0	1	U-01	gambiae	A. gambiae
A0A1S4GLC0	1	U-01	gambiae	A. gambiae
A0A1S4GLE7	1	U-01	gambiae	A. gambiae
A0A1S4GLF9	1	U-01	gambiae	A. gambiae
A0A1S4GLG3	2	U-02	gambiae	A. gambiae
A0A1S4GLH7	1	U-01	gambiae	A. gambiae
A0A1S4GLI4	2	U-02	gambiae	A. gambiae
A0A1S4GLI8	2	U-02	gambiae	A. gambiae
A0A1S4GLM3	1	U-01	gambiae	A. gambiae
A0A1S4GLM6	1	U-01	gambiae	A. gambiae
A0A1S4GLN1	2	U-02	gambiae	A. gambiae
A0A1S4GLP0	2	U-02	gambiae	A. gambiae
A0A1S4GLP9	2	U-02	gambiae	A. gambiae
A0A1S4GLS1	2	U-02	gambiae	A. gambiae
A0A1S4GLS2	1	U-01	gambiae	A. gambiae
A0A1S4GLU4	1	U-01	gambiae	A. gambiae
A0A1S4GLU5	1	U-01	gambiae	A. gambiae
A0A1S4GLV1	1	U-01	gambiae	A. gambiae
A0A1S4GLV7	1	U-01	gambiae	A. gambiae
A0A1S4GLW4	1	U-01	gambiae	A. gambiae
A0A1S4GLX8	1	U-01	gambiae	A. gambiae
A0A1S4GLY5	1	U-01	gambiae	A. gambiae
A0A1S4GLY6	1	U-01	gambiae	A. gambiae
A0A1S4GLZ8	1	U-01	gambiae	A. gambiae
A0A1S4GM06	1	U-01	gambiae	A. gambiae
A0A1S4GM16	1	U-01	gambiae	A. gambiae
A0A1S4GM20	1	U-01	gambiae	A. gambiae
A0A1S4GM21	1	U-01	gambiae	A. gambiae
A0A1S4GM30	1	U-01	gambiae	A. gambiae
A0A1S4GM63	1	U-01	gambiae	A. gambiae
A0A1S4GM68	1	U-01	gambiae	A. gambiae
A0A1S4GM85	1	U-01	gambiae	A. gambiae
A0A1S4GM95	1	U-01	gambiae	A. gambiae
A0A1S4GMA1	1	U-01	gambiae	A. gambiae
A0A1S4GMA2	1	U-01	gambiae	A. gambiae
A0A1S4GMA4	2	U-02	gambiae	A. gambiae
A0A1S4GMA5	1	U-01	gambiae	A. gambiae
A0A1S4GMA8	1	U-01	gambiae	A. gambiae
A0A1S4GMB3	1	U-01	gambiae	A. gambiae
A0A1S4GMB5	1	U-01	gambiae	A. gambiae
A0A1S4GMD1	1	U-01	gambiae	A. gambiae
A0A1S4GMD2	1	U-01	gambiae	A. gambiae
A0A1S4GMD3	2	U-02	gambiae	A. gambiae
A0A1S4GMD4	1	U-01	gambiae	A. gambiae
A0A1S4GMD8	1	U-01	gambiae	A. gambiae
A0A1S4GME3	2	U-02	gambiae	A. gambiae
A0A1S4GMF6	1	U-01	gambiae	A. gambiae
A0A1S4GMF7	1	U-01	gambiae	A. gambiae
A0A1S4GMF9	1	U-01	gambiae	A. gambiae
A0A1S4GMG1	1	U-01	gambiae	A. gambiae
A0A1S4GMH7	1	U-01	gambiae	A. gambiae
A0A1S4GMJ9	1	U-01	gambiae	A. gambiae
A0A1S4GMK2	1	U-01	gambiae	A. gambiae
A0A1S4GMK5	1	U-01	gambiae	A. gambiae
A0A1S4GMK9	2	U-02	gambiae	A. gambiae
A0A1S4GML0	1	U-01	gambiae	A. gambiae
A0A1S4GMM3	2	U-02	gambiae	A. gambiae
A0A1S4GMM6	1	U-01	gambiae	A. gambiae
A0NDK9	0	unassigned	gambiae	A. gambiae
A0NDL1	1	U-01	gambiae	A. gambiae
A0NDL7	1	U-01	gambiae	A. gambiae
A0NDL8	2	U-02	gambiae	A. gambiae
A0NDM2	2	U-02	gambiae	A. gambiae
A0NDM6	1	U-01	gambiae	A. gambiae
A0NDN6	2	U-02	gambiae	A. gambiae
A0NDN7	1	U-01	gambiae	A. gambiae
A0NDP0	1	U-01	gambiae	A. gambiae
A0NDQ1	1	U-01	gambiae	A. gambiae
A0NDQ5	1	U-01	gambiae	A. gambiae
A0NDR1	1	U-01	gambiae	A. gambiae
A0NDT2	2	U-02	gambiae	A. gambiae
A0NDT4	1	U-01	gambiae	A. gambiae
A0NDX4	1	U-01	gambiae	A. gambiae
A0NDY1	0	unassigned	gambiae	A. gambiae
A0NDY3	0	unassigned	gambiae	A. gambiae
A0NDY8	0	unassigned	gambiae	A. gambiae
A0NDZ5	0	unassigned	gambiae	A. gambiae
A0NDZ8	1	U-01	gambiae	A. gambiae
A0NE01	0	unassigned	gambiae	A. gambiae
A0NE05	0	unassigned	gambiae	A. gambiae
A0NE12	1	U-01	gambiae	A. gambiae
A0NE15	1	U-01	gambiae	A. gambiae
A0NE17	1	U-01	gambiae	A. gambiae
A0NE21	0	unassigned	gambiae	A. gambiae
A0NE26	0	unassigned	gambiae	A. gambiae
A0NE29	0	unassigned	gambiae	A. gambiae
A0NE31	0	unassigned	gambiae	A. gambiae
A0NE33	1	U-01	gambiae	A. gambiae
A0NE38	0	unassigned	gambiae	A. gambiae
A0NE40	0	unassigned	gambiae	A. gambiae
A0NE44	0	unassigned	gambiae	A. gambiae
A0NE49	0	unassigned	gambiae	A. gambiae
A0NE68	0	unassigned	gambiae	A. gambiae
A0NE72	2	U-02	gambiae	A. gambiae
A0NE79	0	unassigned	gambiae	A. gambiae
A0NE89	1	U-01	gambiae	A. gambiae
A0NEA0	1	U-01	gambiae	A. gambiae
A0NEB0	1	U-01	gambiae	A. gambiae
A0NEB5	1	U-01	gambiae	A. gambiae
A0NEB6	1	U-01	gambiae	A. gambiae
A0NEC1	1	U-01	gambiae	A. gambiae
A0NEC2	1	U-01	gambiae	A. gambiae
A0NED3	1	U-01	gambiae	A. gambiae
A0NED9	2	U-02	gambiae	A. gambiae
A0NEE0	2	U-02	gambiae	A. gambiae
A0NEE1	1	U-01	gambiae	A. gambiae
A0NEE2	1	U-01	gambiae	A. gambiae
A0NEE6	1	U-01	gambiae	A. gambiae
A0NEF4	1	U-01	gambiae	A. gambiae
A0NEF6	1	U-01	gambiae	A. gambiae
A0NEF9	2	U-02	gambiae	A. gambiae
A0NEH4	1	U-01	gambiae	A. gambiae
A0NEH5	1	U-01	gambiae	A. gambiae
A0NEH6	1	U-01	gambiae	A. gambiae
A0NEI0	1	U-01	gambiae	A. gambiae
A0NEI9	2	U-02	gambiae	A. gambiae
A0NEJ4	1	U-01	gambiae	A. gambiae
A0NEJ6	1	U-01	gambiae	A. gambiae
A0NEK7	1	U-01	gambiae	A. gambiae
A0NEK8	1	U-01	gambiae	A. gambiae
A0NEL0	1	U-01	gambiae	A. gambiae
A0NEM2	1	U-01	gambiae	A. gambiae
A0NEN5	1	U-01	gambiae	A. gambiae
A0NEN6	1	U-01	gambiae	A. gambiae
A0NEP5	1	U-01	gambiae	A. gambiae
A0NEP6	1	U-01	gambiae	A. gambiae
A0NEQ2	1	U-01	gambiae	A. gambiae
A0NER5	1	U-01	gambiae	A. gambiae
A0NES5	1	U-01	gambiae	A. gambiae
A0NET0	2	U-02	gambiae	A. gambiae
A0NEU7	2	U-02	gambiae	A. gambiae
A0NEU8	1	U-01	gambiae	A. gambiae
A0NEV3	1	U-01	gambiae	A. gambiae
A0NEV4	1	U-01	gambiae	A. gambiae
A0NEV6	2	U-02	gambiae	A. gambiae
A0NEV7	2	U-02	gambiae	A. gambiae
A0NEV8	2	U-02	gambiae	A. gambiae
A0NEW1	1	U-01	gambiae	A. gambiae
A0NEX4	1	U-01	gambiae	A. gambiae
A0NEY1	0	unassigned	gambiae	A. gambiae
A0NEY2	1	U-01	gambiae	A. gambiae
A0NEY3	0	unassigned	gambiae	A. gambiae
A0NEZ8	1	U-01	gambiae	A. gambiae
A0NF02	0	unassigned	gambiae	A. gambiae
A0NF05	1	U-01	gambiae	A. gambiae
A0NF18	0	unassigned	gambiae	A. gambiae
A0NF19	1	U-01	gambiae	A. gambiae
A0NF45	1	U-01	gambiae	A. gambiae
A0NF46	2	U-02	gambiae	A. gambiae
A0NF51	2	U-02	gambiae	A. gambiae
A7UTN5	1	U-01	gambiae	A. gambiae
A7UTN8	1	U-01	gambiae	A. gambiae
A7UTP0	1	U-01	gambiae	A. gambiae
A7UTP3	1	U-01	gambiae	A. gambiae
A7UTP6	1	U-01	gambiae	A. gambiae
A7UTQ8	1	U-01	gambiae	A. gambiae
A7UTQ9	1	U-01	gambiae	A. gambiae
A7UTR7	1	U-01	gambiae	A. gambiae
A0A1S4G8A5	1	U-01	gambiae	A. gambiae
A0A1S4G8G7	1	U-01	gambiae	A. gambiae
A0A1S4G8M7	2	U-02	gambiae	A. gambiae
A0A1S4G8X9	1	U-01	gambiae	A. gambiae
A0A1S4G931	2	U-02	gambiae	A. gambiae
A0A1S4G932	1	U-01	gambiae	A. gambiae
A0A1S4G951	1	U-01	gambiae	A. gambiae
A0A1S4G9B5	1	U-01	gambiae	A. gambiae
A0A1S4G9E1	2	U-02	gambiae	A. gambiae
A0A1S4G9F9	1	U-01	gambiae	A. gambiae
A0A1S4G9J2	1	U-01	gambiae	A. gambiae
A0A1S4G9X9	1	U-01	gambiae	A. gambiae
A0A1S4G9Y2	1	U-01	gambiae	A. gambiae
A0A1S4G9Z3	1	U-01	gambiae	A. gambiae
A0A1S4GA38	1	U-01	gambiae	A. gambiae
A0A1S4GAY2	1	U-01	gambiae	A. gambiae
A0A1S4GB78	2	U-02	gambiae	A. gambiae
A0A1S4GBL6	1	U-01	gambiae	A. gambiae
A0A1S4GBS3	2	U-02	gambiae	A. gambiae
A0A1S4GC55	1	U-01	gambiae	A. gambiae
A0A1S4GC66	1	U-01	gambiae	A. gambiae
A0A1S4GCA2	1	U-01	gambiae	A. gambiae
A0A1S4GCD6	2	U-02	gambiae	A. gambiae
A0A1S4GCX4	1	U-01	gambiae	A. gambiae
A0A1S4GDC1	1	U-01	gambiae	A. gambiae
A0A1S4GDM8	1	U-01	gambiae	A. gambiae
A0A1S4GDW8	1	U-01	gambiae	A. gambiae
A0A1S4GE19	1	U-01	gambiae	A. gambiae
A0A1S4GEF1	1	U-01	gambiae	A. gambiae
A0A1S4GEG0	1	U-01	gambiae	A. gambiae
A0A1S4GEH8	1	U-01	gambiae	A. gambiae
A0A1S4GEJ6	1	U-01	gambiae	A. gambiae
A0A1S4GEQ1	1	U-01	gambiae	A. gambiae
A0A1S4GEY1	1	U-01	gambiae	A. gambiae
A0A1S4GEZ5	2	U-02	gambiae	A. gambiae
A0A1S4GF11	1	U-01	gambiae	A. gambiae
A0A1S4GF44	1	U-01	gambiae	A. gambiae
A0A1S4GFA4	1	U-01	gambiae	A. gambiae
A0A1S4GFB5	1	U-01	gambiae	A. gambiae
A0A1S4H471	1	U-01	gambiae	A. gambiae
A0A1S4H479	1	U-01	gambiae	A. gambiae
A0A1S4H483	2	U-02	gambiae	A. gambiae
A0A1S4H494	1	U-01	gambiae	A. gambiae
A0A1S4H495	1	U-01	gambiae	A. gambiae
A0A1S4H496	1	U-01	gambiae	A. gambiae
A0A1S4H4A7	1	U-01	gambiae	A. gambiae
A0A1S4H4B1	1	U-01	gambiae	A. gambiae
A0A1S4H4C1	1	U-01	gambiae	A. gambiae
A0A1S4H4C7	1	U-01	gambiae	A. gambiae
A0A1S4H4D4	1	U-01	gambiae	A. gambiae
A0A1S4H4D6	1	U-01	gambiae	A. gambiae
A0A1S4H4E0	1	U-01	gambiae	A. gambiae
A0A1S4H4E4	1	U-01	gambiae	A. gambiae
A0A1S4H4G9	1	U-01	gambiae	A. gambiae
A0A1S4H4H4	1	U-01	gambiae	A. gambiae
A0A1S4H4J2	1	U-01	gambiae	A. gambiae
A0A1S4H4K6	2	U-02	gambiae	A. gambiae
A0A1S4H4L9	2	U-02	gambiae	A. gambiae
A0A1S4H4M3	1	U-01	gambiae	A. gambiae
A0A1S4H4M9	1	U-01	gambiae	A. gambiae
A0A1S4H4P0	1	U-01	gambiae	A. gambiae
A0A1S4H4P1	1	U-01	gambiae	A. gambiae
A0A1S4H4P2	1	U-01	gambiae	A. gambiae
A0A1S4H4P8	1	U-01	gambiae	A. gambiae
A0A1S4H4Q3	1	U-01	gambiae	A. gambiae
A0A1S4H4R7	1	U-01	gambiae	A. gambiae
A0A1S4H4S8	1	U-01	gambiae	A. gambiae
A0A1S4H4U4	1	U-01	gambiae	A. gambiae
A0A1S4H4U5	2	U-02	gambiae	A. gambiae
A0A1S4H4U6	1	U-01	gambiae	A. gambiae
A0A1S4H4U8	1	U-01	gambiae	A. gambiae
A0A1S4H4W0	1	U-01	gambiae	A. gambiae
A0A1S4H4W1	1	U-01	gambiae	A. gambiae
A0A1S4H4W3	0	unassigned	gambiae	A. gambiae
A0A1S4H4W5	1	U-01	gambiae	A. gambiae
A0A1S4H4Y1	1	U-01	gambiae	A. gambiae
A0A1S4H4Y5	1	U-01	gambiae	A. gambiae
A0A1S4H4Z8	1	U-01	gambiae	A. gambiae
A0A1S4H506	2	U-02	gambiae	A. gambiae
A0A1S4H511	1	U-01	gambiae	A. gambiae
A0A1S4H513	1	U-01	gambiae	A. gambiae
A0A1S4H521	2	U-02	gambiae	A. gambiae
A0A1S4H530	1	U-01	gambiae	A. gambiae
A0A1S4H532	1	U-01	gambiae	A. gambiae
A0A1S4H547	1	U-01	gambiae	A. gambiae
A0A1S4H549	1	U-01	gambiae	A. gambiae
A0A1S4H558	2	U-02	gambiae	A. gambiae
A0A1S4H565	1	U-01	gambiae	A. gambiae
A0A1S4H566	1	U-01	gambiae	A. gambiae
A0A1S4H567	1	U-01	gambiae	A. gambiae
A0A1S4H571	2	U-02	gambiae	A. gambiae
A0A1S4H573	1	U-01	gambiae	A. gambiae
A0A1S4H575	1	U-01	gambiae	A. gambiae
A0A1S4H578	1	U-01	gambiae	A. gambiae
A0A1S4H580	1	U-01	gambiae	A. gambiae
A0A1S4H584	2	U-02	gambiae	A. gambiae
A0A1S4H585	1	U-01	gambiae	A. gambiae
A0A1S4H589	1	U-01	gambiae	A. gambiae
A0A1S4H5A2	1	U-01	gambiae	A. gambiae
A0A1S4H5A4	1	U-01	gambiae	A. gambiae
A0A1S4GFJ1	1	U-01	gambiae	A. gambiae
A0A1S4GFK6	1	U-01	gambiae	A. gambiae
A0A1S4GFK7	2	U-02	gambiae	A. gambiae
A0A1S4GFP5	1	U-01	gambiae	A. gambiae
A0A1S4GFQ5	1	U-01	gambiae	A. gambiae
A0A1S4GFR5	2	U-02	gambiae	A. gambiae
A0A1S4GFV9	1	U-01	gambiae	A. gambiae
A0A1S4GFW0	1	U-01	gambiae	A. gambiae
A0A1S4GFX6	1	U-01	gambiae	A. gambiae
A0A1S4GFY3	0	unassigned	gambiae	A. gambiae
A0A1S4GFY5	1	U-01	gambiae	A. gambiae
A0A1S4GG03	2	U-02	gambiae	A. gambiae
A0A1S4GG05	1	U-01	gambiae	A. gambiae
A0A1S4GG31	0	unassigned	gambiae	A. gambiae
A0A1S4GG34	1	U-01	gambiae	A. gambiae
A0A1S4GG41	0	unassigned	gambiae	A. gambiae
A0A1S4GG43	1	U-01	gambiae	A. gambiae
A0A1S4GG45	2	U-02	gambiae	A. gambiae
A0A1S4GG55	2	U-02	gambiae	A. gambiae
A0A1S4GG64	0	unassigned	gambiae	A. gambiae
A0A1S4GG66	1	U-01	gambiae	A. gambiae
A0A1S4GG92	1	U-01	gambiae	A. gambiae
A0A1S4GGC9	2	U-02	gambiae	A. gambiae
A0A1S4GGD0	0	unassigned	gambiae	A. gambiae
A0A1S4GGG6	1	U-01	gambiae	A. gambiae
A0A1S4GGH2	1	U-01	gambiae	A. gambiae
A0A1S4GGI5	1	U-01	gambiae	A. gambiae
A0A1S4GGL8	1	U-01	gambiae	A. gambiae
A0A1S4GGM9	2	U-02	gambiae	A. gambiae
A0A1S4GGS1	0	unassigned	gambiae	A. gambiae
A0A1S4GGT5	1	U-01	gambiae	A. gambiae
A0A1S4GS48	1	U-01	gambiae	A. gambiae
A0A1S4GS49	2	U-02	gambiae	A. gambiae
A0A1S4GS50	2	U-02	gambiae	A. gambiae
A0A1S4GS66	1	U-01	gambiae	A. gambiae
A0A1S4GS82	2	U-02	gambiae	A. gambiae
A0A1S4GS93	1	U-01	gambiae	A. gambiae
A0A1S4GSA9	1	U-01	gambiae	A. gambiae
A0A1S4GSB2	1	U-01	gambiae	A. gambiae
A0A1S4GSB8	1	U-01	gambiae	A. gambiae
A0A1S4GSC3	1	U-01	gambiae	A. gambiae
A0A1S4GSD6	1	U-01	gambiae	A. gambiae
A0A1S4GSE2	1	U-01	gambiae	A. gambiae
A0A1S4GSG3	1	U-01	gambiae	A. gambiae
A0A1S4GSG5	1	U-01	gambiae	A. gambiae
A0A1S4GSH6	2	U-02	gambiae	A. gambiae
A0A1S4GSI3	1	U-01	gambiae	A. gambiae
A0A1S4GSJ1	1	U-01	gambiae	A. gambiae
A0A1S4GSM1	1	U-01	gambiae	A. gambiae
A0A1S4GSN2	1	U-01	gambiae	A. gambiae
A0A1S4GSN6	2	U-02	gambiae	A. gambiae
A0A1S4GSQ9	1	U-01	gambiae	A. gambiae
A0A1S4GSR4	1	U-01	gambiae	A. gambiae
A0A1S4GSV3	1	U-01	gambiae	A. gambiae
A0A1S4GSW8	1	U-01	gambiae	A. gambiae
A0A1S4GSY7	2	U-02	gambiae	A. gambiae
A0A1S4GSZ5	1	U-01	gambiae	A. gambiae
A0A1S4GSZ7	2	U-02	gambiae	A. gambiae
A0A1S4GT00	1	U-01	gambiae	A. gambiae
A0A1S4GT02	1	U-01	gambiae	A. gambiae
A0A1S4GT08	1	U-01	gambiae	A. gambiae
A0A1S4GT12	1	U-01	gambiae	A. gambiae
A0A1S4GT17	2	U-02	gambiae	A. gambiae
A0A1S4GT19	2	U-02	gambiae	A. gambiae
A0A1S4GT22	1	U-01	gambiae	A. gambiae
A0A1S4GT32	1	U-01	gambiae	A. gambiae
A0A1S4GT48	2	U-02	gambiae	A. gambiae
A0A1S4GT52	1	U-01	gambiae	A. gambiae
A0A1S4GT84	2	U-02	gambiae	A. gambiae
A0A1S4GT96	2	U-02	gambiae	A. gambiae
A0A1S4GTB4	1	U-01	gambiae	A. gambiae
A0A1S4GTC6	2	U-02	gambiae	A. gambiae
A0A1S4GTD4	1	U-01	gambiae	A. gambiae
A0A1S4GTD7	2	U-02	gambiae	A. gambiae
A0A1S4GTG4	1	U-01	gambiae	A. gambiae
A0A1S4GTI0	1	U-01	gambiae	A. gambiae
A0A1S4GTI4	1	U-01	gambiae	A. gambiae
A0A1S4GTJ2	1	U-01	gambiae	A. gambiae
A0A1S4GTK9	1	U-01	gambiae	A. gambiae
A0A1S4GTL3	1	U-01	gambiae	A. gambiae
A0A1S4GTM3	1	U-01	gambiae	A. gambiae
A0A1S4GTM7	1	U-01	gambiae	A. gambiae
A0A1S4GTP6	2	U-02	gambiae	A. gambiae
A0A1S4GTS5	2	U-02	gambiae	A. gambiae
A0A1S4GTT4	1	U-01	gambiae	A. gambiae
A0A1S4GTV4	1	U-01	gambiae	A. gambiae
A0A1S4GTV6	1	U-01	gambiae	A. gambiae
A0A1S4GTW6	2	U-02	gambiae	A. gambiae
A0A1S4GTX6	1	U-01	gambiae	A. gambiae
A0A1S4GTZ4	2	U-02	gambiae	A. gambiae
A0A1S4GTZ5	1	U-01	gambiae	A. gambiae
A0A1S4GU00	1	U-01	gambiae	A. gambiae
A0A1S4GU03	0	unassigned	gambiae	A. gambiae
A0A1S4GU10	1	U-01	gambiae	A. gambiae
A0A1S4GU21	1	U-01	gambiae	A. gambiae
A0A1S4GU41	1	U-01	gambiae	A. gambiae
A0A1S4GU49	1	U-01	gambiae	A. gambiae
A0A1S4GU58	1	U-01	gambiae	A. gambiae
A0A1S4GU61	1	U-01	gambiae	A. gambiae
A0A1S4GU79	1	U-01	gambiae	A. gambiae
Q7PJR3	1	U-01	gambiae	A. gambiae
Q7PJV4	0	unassigned	gambiae	A. gambiae
Q7PJW3	1	U-01	gambiae	A. gambiae
Q7PK07	1	U-01	gambiae	A. gambiae
Q7PK57	0	unassigned	gambiae	A. gambiae
Q7PK60	0	unassigned	gambiae	A. gambiae
Q7PK61	0	unassigned	gambiae	A. gambiae
Q7PK66	0	unassigned	gambiae	A. gambiae
Q7PK69	0	unassigned	gambiae	A. gambiae
Q7PK70	0	unassigned	gambiae	A. gambiae
Q7PK96	0	unassigned	gambiae	A. gambiae
Q7PK99	1	U-01	gambiae	A. gambiae
Q7PKC0	0	unassigned	gambiae	A. gambiae
Q7PKC8	1	U-01	gambiae	A. gambiae
Q7PKC9	1	U-01	gambiae	A. gambiae
Q7PKD0	1	U-01	gambiae	A. gambiae
Q7PKD1	1	U-01	gambiae	A. gambiae
Q7PKD2	1	U-01	gambiae	A. gambiae
Q7PKD9	1	U-01	gambiae	A. gambiae
Q7PKJ6	1	U-01	gambiae	A. gambiae
Q7PKL4	1	U-01	gambiae	A. gambiae
Q7PKM7	1	U-01	gambiae	A. gambiae
Q7PKP5	1	U-01	gambiae	A. gambiae
Q7PKQ0	1	U-01	gambiae	A. gambiae
Q7PX57	1	U-01	gambiae	A. gambiae
Q7PX60	1	U-01	gambiae	A. gambiae
Q7PX62	1	U-01	gambiae	A. gambiae
Q7PX68	2	U-02	gambiae	A. gambiae
Q7PX78	1	U-01	gambiae	A. gambiae
Q7PX81	1	U-01	gambiae	A. gambiae
Q7PX82	1	U-01	gambiae	A. gambiae
Q7PX86	1	U-01	gambiae	A. gambiae
Q7PX89	1	U-01	gambiae	A. gambiae
Q7PX93	1	U-01	gambiae	A. gambiae
Q7PX99	1	U-01	gambiae	A. gambiae
Q7PXA6	1	U-01	gambiae	A. gambiae
Q7PXB0	1	U-01	gambiae	A. gambiae
Q7PXB4	1	U-01	gambiae	A. gambiae
Q7PXB6	1	U-01	gambiae	A. gambiae
Q7PXB8	1	U-01	gambiae	A. gambiae
Q7PXC1	1	U-01	gambiae	A. gambiae
Q7PXC8	1	U-01	gambiae	A. gambiae
Q7PXD2	1	U-01	gambiae	A. gambiae
Q7PXD4	2	U-02	gambiae	A. gambiae
Q7PXF6	1	U-01	gambiae	A. gambiae
Q7PXG2	2	U-02	gambiae	A. gambiae
Q7PXI2	1	U-01	gambiae	A. gambiae
Q7PXI7	1	U-01	gambiae	A. gambiae
Q7PXJ8	1	U-01	gambiae	A. gambiae
Q7PXJ9	1	U-01	gambiae	A. gambiae
Q7PXK6	1	U-01	gambiae	A. gambiae
Q7PXK7	1	U-01	gambiae	A. gambiae
Q7PXK8	1	U-01	gambiae	A. gambiae
Q7PXK9	1	U-01	gambiae	A. gambiae
Q7PXL1	1	U-01	gambiae	A. gambiae
Q7PXL2	1	U-01	gambiae	A. gambiae
Q7PXL8	2	U-02	gambiae	A. gambiae
Q7PXN4	1	U-01	gambiae	A. gambiae
Q7PXN5	1	U-01	gambiae	A. gambiae
Q7PXP3	1	U-01	gambiae	A. gambiae
Q7PXP5	1	U-01	gambiae	A. gambiae
Q7PXP6	1	U-01	gambiae	A. gambiae
Q7PXQ2	1	U-01	gambiae	A. gambiae
Q7PXQ3	1	U-01	gambiae	A. gambiae
Q7PXQ5	1	U-01	gambiae	A. gambiae
Q7PXQ8	1	U-01	gambiae	A. gambiae
Q7PXR1	1	U-01	gambiae	A. gambiae
Q7PXS9	1	U-01	gambiae	A. gambiae
Q7PXT1	1	U-01	gambiae	A. gambiae
Q7PXV7	1	U-01	gambiae	A. gambiae
Q7PXW0	2	U-02	gambiae	A. gambiae
Q7PXW2	1	U-01	gambiae	A. gambiae
Q7PXW4	1	U-01	gambiae	A. gambiae
Q7PXX1	1	U-01	gambiae	A. gambiae
Q7PXX3	1	U-01	gambiae	A. gambiae
Q7PXY5	1	U-01	gambiae	A. gambiae
Q7PXY6	1	U-01	gambiae	A. gambiae
Q7PXY7	0	unassigned	gambiae	A. gambiae
Q7PXY9	0	unassigned	gambiae	A. gambiae
Q7PXZ2	1	U-01	gambiae	A. gambiae
Q7PXZ3	1	U-01	gambiae	A. gambiae
Q7PXZ9	1	U-01	gambiae	A. gambiae
Q7PY24	1	U-01	gambiae	A. gambiae
Q7PY26	2	U-02	gambiae	A. gambiae
Q7PY36	2	U-02	gambiae	A. gambiae
Q7PY39	1	U-01	gambiae	A. gambiae
Q7PY42	1	U-01	gambiae	A. gambiae
Q7PY51	1	U-01	gambiae	A. gambiae
Q7PY71	1	U-01	gambiae	A. gambiae
Q7PY79	1	U-01	gambiae	A. gambiae
Q7PY80	1	U-01	gambiae	A. gambiae
Q7PYA3	2	U-02	gambiae	A. gambiae
Q7PYA5	1	U-01	gambiae	A. gambiae
Q7PYA6	2	U-02	gambiae	A. gambiae
Q7PYC7	1	U-01	gambiae	A. gambiae
Q7PYD7	1	U-01	gambiae	A. gambiae
Q7PYD9	1	U-01	gambiae	A. gambiae
Q7PYE0	1	U-01	gambiae	A. gambiae
Q7PYE1	1	U-01	gambiae	A. gambiae
Q7PYE5	1	U-01	gambiae	A. gambiae
Q7Q6R9	1	U-01	gambiae	A. gambiae
Q7Q6S0	2	U-02	gambiae	A. gambiae
Q7Q6S1	2	U-02	gambiae	A. gambiae
Q7Q6S2	2	U-02	gambiae	A. gambiae
Q7QCZ8	1	U-01	gambiae	A. gambiae
Q7QD00	1	U-01	gambiae	A. gambiae
Q7QD02	1	U-01	gambiae	A. gambiae
Q7QD03	1	U-01	gambiae	A. gambiae
Q7QD04	0	unassigned	gambiae	A. gambiae
Q7QD05	1	U-01	gambiae	A. gambiae
Q7QD17	1	U-01	gambiae	A. gambiae
Q7QD20	1	U-01	gambiae	A. gambiae
Q7QD21	2	U-02	gambiae	A. gambiae
Q7QD26	1	U-01	gambiae	A. gambiae
Q7QD27	1	U-01	gambiae	A. gambiae
Q7QD32	1	U-01	gambiae	A. gambiae
Q7QD35	2	U-02	gambiae	A. gambiae
Q7QD39	1	U-01	gambiae	A. gambiae
Q7QD42	1	U-01	gambiae	A. gambiae
Q7QD43	1	U-01	gambiae	A. gambiae
Q7QD47	1	U-01	gambiae	A. gambiae
Q7QD48	2	U-02	gambiae	A. gambiae
Q7QD49	1	U-01	gambiae	A. gambiae
Q7QD52	1	U-01	gambiae	A. gambiae
Q7QD57	1	U-01	gambiae	A. gambiae
Q7QD58	1	U-01	gambiae	A. gambiae
Q7QD68	1	U-01	gambiae	A. gambiae
Q7QD70	1	U-01	gambiae	A. gambiae
Q7QD78	1	U-01	gambiae	A. gambiae
Q7QD88	1	U-01	gambiae	A. gambiae
Q7QD89	1	U-01	gambiae	A. gambiae
Q7QD90	1	U-01	gambiae	A. gambiae
Q7QD96	2	U-02	gambiae	A. gambiae
Q7QD98	1	U-01	gambiae	A. gambiae
Q7QDA0	1	U-01	gambiae	A. gambiae
Q7QDA6	1	U-01	gambiae	A. gambiae
Q7QDB1	1	U-01	gambiae	A. gambiae
Q7QDB5	1	U-01	gambiae	A. gambiae
Q7QDB8	1	U-01	gambiae	A. gambiae
Q7QDC1	1	U-01	gambiae	A. gambiae
Q7QDC3	1	U-01	gambiae	A. gambiae
Q7QDC4	1	U-01	gambiae	A. gambiae
Q7QDD6	2	U-02	gambiae	A. gambiae
Q7QDD7	1	U-01	gambiae	A. gambiae
Q7QDE5	1	U-01	gambiae	A. gambiae
Q7QDE8	1	U-01	gambiae	A. gambiae
Q7QDF9	1	U-01	gambiae	A. gambiae
Q7QDG0	1	U-01	gambiae	A. gambiae
Q7QDG2	1	U-01	gambiae	A. gambiae
Q7QDG3	1	U-01	gambiae	A. gambiae
Q7QDG5	1	U-01	gambiae	A. gambiae
Q7QDG7	1	U-01	gambiae	A. gambiae
Q7QDH0	1	U-01	gambiae	A. gambiae
Q7QDI2	1	U-01	gambiae	A. gambiae
Q7QDI4	1	U-01	gambiae	A. gambiae
Q7QDI5	1	U-01	gambiae	A. gambiae
Q7QDI6	2	U-02	gambiae	A. gambiae
Q7QDI9	1	U-01	gambiae	A. gambiae
Q7QDJ1	1	U-01	gambiae	A. gambiae
Q7QDJ5	1	U-01	gambiae	A. gambiae
Q7QDJ6	1	U-01	gambiae	A. gambiae
Q7QDK1	1	U-01	gambiae	A. gambiae
Q7QDK2	1	U-01	gambiae	A. gambiae
Q7QDK5	1	U-01	gambiae	A. gambiae
Q7QDK8	1	U-01	gambiae	A. gambiae
Q7QDK9	1	U-01	gambiae	A. gambiae
Q7QDP0	1	U-01	gambiae	A. gambiae
Q7QDP9	1	U-01	gambiae	A. gambiae
Q7QDR1	1	U-01	gambiae	A. gambiae
Q7QDS0	1	U-01	gambiae	A. gambiae
Q7QDS4	2	U-02	gambiae	A. gambiae
Q7QDS9	1	U-01	gambiae	A. gambiae
Q7QDT2	1	U-01	gambiae	A. gambiae
Q7QDU2	1	U-01	gambiae	A. gambiae
Q7QDU8	1	U-01	gambiae	A. gambiae
Q7QDU9	1	U-01	gambiae	A. gambiae
Q7QDV5	1	U-01	gambiae	A. gambiae
Q7QDV6	2	U-02	gambiae	A. gambiae
Q7QDV7	1	U-01	gambiae	A. gambiae
Q7QDW3	1	U-01	gambiae	A. gambiae
Q7QDW7	1	U-01	gambiae	A. gambiae
Q7QDW8	1	U-01	gambiae	A. gambiae
Q7QDX1	1	U-01	gambiae	A. gambiae
Q7QDY7	1	U-01	gambiae	A. gambiae
Q7QDY9	2	U-02	gambiae	A. gambiae
Q7QDZ1	1	U-01	gambiae	A. gambiae
Q7QE09	1	U-01	gambiae	A. gambiae
Q7QE14	1	U-01	gambiae	A. gambiae
Q7QE29	1	U-01	gambiae	A. gambiae
Q7QE31	1	U-01	gambiae	A. gambiae
Q7QE37	1	U-01	gambiae	A. gambiae
Q7QE58	1	U-01	gambiae	A. gambiae
Q7QE63	0	unassigned	gambiae	A. gambiae
Q7QE71	1	U-01	gambiae	A. gambiae
Q7QE77	2	U-02	gambiae	A. gambiae
Q7QE81	1	U-01	gambiae	A. gambiae
Q7QE89	1	U-01	gambiae	A. gambiae
Q7QE90	1	U-01	gambiae	A. gambiae
Q7QE92	1	U-01	gambiae	A. gambiae
Q7QE95	1	U-01	gambiae	A. gambiae
Q5TTE1	1	U-01	gambiae	A. gambiae
Q5TTE3	1	U-01	gambiae	A. gambiae
Q5TTE4	2	U-02	gambiae	A. gambiae
Q5TTE9	1	U-01	gambiae	A. gambiae
Q5TTF6	1	U-01	gambiae	A. gambiae
Q5TTG0	1	U-01	gambiae	A. gambiae
Q5TTG8	1	U-01	gambiae	A. gambiae
Q5TTH6	1	U-01	gambiae	A. gambiae
Q5TTK9	1	U-01	gambiae	A. gambiae
Q5TTL0	1	U-01	gambiae	A. gambiae
Q5TTN3	2	U-02	gambiae	A. gambiae
Q5TTP0	1	U-01	gambiae	A. gambiae
Q5TTP2	1	U-01	gambiae	A. gambiae
Q5TTP5	1	U-01	gambiae	A. gambiae
Q5TTQ3	1	U-01	gambiae	A. gambiae
Q5TTQ6	1	U-01	gambiae	A. gambiae
Q5TTQ9	1	U-01	gambiae	A. gambiae
Q5TTR4	1	U-01	gambiae	A. gambiae
Q5TTR7	1	U-01	gambiae	A. gambiae
Q5TTR8	1	U-01	gambiae	A. gambiae
Q5TTS9	1	U-01	gambiae	A. gambiae
Q5TTT9	1	U-01	gambiae	A. gambiae
Q5TTW0	1	U-01	gambiae	A. gambiae
Q5TTW1	1	U-01	gambiae	A. gambiae
Q5TTW6	2	U-02	gambiae	A. gambiae
Q5TTX2	1	U-01	gambiae	A. gambiae
Q5TTX3	1	U-01	gambiae	A. gambiae
Q5TTX4	1	U-01	gambiae	A. gambiae
Q5TTY1	2	U-02	gambiae	A. gambiae
Q5TTY6	2	U-02	gambiae	A. gambiae
Q5TTY7	1	U-01	gambiae	A. gambiae
Q5TTY8	1	U-01	gambiae	A. gambiae
Q5TTZ0	2	U-02	gambiae	A. gambiae
Q5TTZ6	1	U-01	gambiae	A. gambiae
Q5TU11	1	U-01	gambiae	A. gambiae
Q5TU12	1	U-01	gambiae	A. gambiae
Q5TU15	2	U-02	gambiae	A. gambiae
Q5TU39	1	U-01	gambiae	A. gambiae
Q5TU46	1	U-01	gambiae	A. gambiae
Q5TU49	1	U-01	gambiae	A. gambiae
Q5TU54	2	U-02	gambiae	A. gambiae
Q5TU88	1	U-01	gambiae	A. gambiae
Q5TU94	1	U-01	gambiae	A. gambiae
Q5TU95	1	U-01	gambiae	A. gambiae
Q5TUB1	1	U-01	gambiae	A. gambiae
Q5TUD5	2	U-02	gambiae	A. gambiae
Q5TUE4	1	U-01	gambiae	A. gambiae
Q5TUF2	1	U-01	gambiae	A. gambiae
Q5TUI4	2	U-02	gambiae	A. gambiae
Q5TUK5	1	U-01	gambiae	A. gambiae
Q5TUL4	2	U-02	gambiae	A. gambiae
Q5TUN4	1	U-01	gambiae	A. gambiae
Q5TUN7	1	U-01	gambiae	A. gambiae
Q5TUP4	1	U-01	gambiae	A. gambiae
Q5TUQ0	1	U-01	gambiae	A. gambiae
Q5TUQ3	1	U-01	gambiae	A. gambiae
Q5TUQ4	0	unassigned	gambiae	A. gambiae
Q5TUU9	1	U-01	gambiae	A. gambiae
Q5TUV6	1	U-01	gambiae	A. gambiae
Q5TUX2	1	U-01	gambiae	A. gambiae
Q5TUY2	1	U-01	gambiae	A. gambiae
Q5TUY5	1	U-01	gambiae	A. gambiae
Q5TV14	1	U-01	gambiae	A. gambiae
Q5TV45	1	U-01	gambiae	A. gambiae
Q5TV62	1	U-01	gambiae	A. gambiae
Q5TV73	1	U-01	gambiae	A. gambiae
Q5TV93	2	U-02	gambiae	A. gambiae
Q5TVA2	1	U-01	gambiae	A. gambiae
Q5TVA5	1	U-01	gambiae	A. gambiae
Q5TVB9	1	U-01	gambiae	A. gambiae
Q5TVC0	1	U-01	gambiae	A. gambiae
Q5TVC1	1	U-01	gambiae	A. gambiae
Q5TVD0	1	U-01	gambiae	A. gambiae
Q5TVE6	2	U-02	gambiae	A. gambiae
Q5TVF7	1	U-01	gambiae	A. gambiae
Q5TVH1	1	U-01	gambiae	A. gambiae
Q5TVH2	1	U-01	gambiae	A. gambiae
Q5TVH5	2	U-02	gambiae	A. gambiae
Q5TVH6	1	U-01	gambiae	A. gambiae
Q5TVI6	1	U-01	gambiae	A. gambiae
Q7PTL4	1	U-01	gambiae	A. gambiae
Q7PTM4	1	U-01	gambiae	A. gambiae
Q7PTM6	1	U-01	gambiae	A. gambiae
Q7PTQ8	1	U-01	gambiae	A. gambiae
Q7PTR7	0	unassigned	gambiae	A. gambiae
Q7PTS8	1	U-01	gambiae	A. gambiae
Q7PTS9	1	U-01	gambiae	A. gambiae
Q7PTT5	1	U-01	gambiae	A. gambiae
Q7PTT6	2	U-02	gambiae	A. gambiae
Q7PTV1	1	U-01	gambiae	A. gambiae
Q7PTX4	1	U-01	gambiae	A. gambiae
Q7PTY3	1	U-01	gambiae	A. gambiae
Q7PU01	1	U-01	gambiae	A. gambiae
Q7PU15	1	U-01	gambiae	A. gambiae
Q7PU22	0	unassigned	gambiae	A. gambiae
Q7PU36	1	U-01	gambiae	A. gambiae
Q7PU88	2	U-02	gambiae	A. gambiae
Q7PU90	1	U-01	gambiae	A. gambiae
Q7PU99	1	U-01	gambiae	A. gambiae
Q7PUA2	1	U-01	gambiae	A. gambiae
A0A1S4GZE3	1	U-01	gambiae	A. gambiae
A0A1S4GZG0	2	U-02	gambiae	A. gambiae
A0A1S4GZG7	1	U-01	gambiae	A. gambiae
A0A1S4GZJ7	1	U-01	gambiae	A. gambiae
A0A1S4GZK0	1	U-01	gambiae	A. gambiae
A0A1S4GZL9	1	U-01	gambiae	A. gambiae
A0A1S4GZM3	2	U-02	gambiae	A. gambiae
A0A1S4GZR8	1	U-01	gambiae	A. gambiae
A0A1S4GZT1	1	U-01	gambiae	A. gambiae
A0A1S4GZW9	2	U-02	gambiae	A. gambiae
A0A1S4GZX1	1	U-01	gambiae	A. gambiae
A0A1S4H019	2	U-02	gambiae	A. gambiae
A0A1S4H039	1	U-01	gambiae	A. gambiae
A0A1S4H047	1	U-01	gambiae	A. gambiae
A0A1S4H063	1	U-01	gambiae	A. gambiae
A0A1S4H075	1	U-01	gambiae	A. gambiae
A0A1S4H0H7	1	U-01	gambiae	A. gambiae
A0A1S4H0L6	2	U-02	gambiae	A. gambiae
A0A1S4H0P1	2	U-02	gambiae	A. gambiae
A0A1S4H0R9	1	U-01	gambiae	A. gambiae
A0A1S4H0X0	1	U-01	gambiae	A. gambiae
A0A1S4H128	1	U-01	gambiae	A. gambiae
A0A1S4H136	1	U-01	gambiae	A. gambiae
A0A1S4H159	2	U-02	gambiae	A. gambiae
A0A1S4H170	2	U-02	gambiae	A. gambiae
A0A1S4H172	1	U-01	gambiae	A. gambiae
A0A1S4H1B2	1	U-01	gambiae	A. gambiae
A0A1S4H1D1	1	U-01	gambiae	A. gambiae
A0A1S4H1F2	1	U-01	gambiae	A. gambiae
A0A1S4H1H0	1	U-01	gambiae	A. gambiae
A0A1S4H1H7	1	U-01	gambiae	A. gambiae
A0A1S4H1I2	1	U-01	gambiae	A. gambiae
A0A1S4H1J7	1	U-01	gambiae	A. gambiae
A0A1S4H1K4	1	U-01	gambiae	A. gambiae
A0A1S4H1N3	1	U-01	gambiae	A. gambiae
A0A1S4H1N6	1	U-01	gambiae	A. gambiae
A0A1S4H1P5	1	U-01	gambiae	A. gambiae
A0A1S4H1T1	1	U-01	gambiae	A. gambiae
A0A1S4H1U1	2	U-02	gambiae	A. gambiae
A0A1S4H1V1	2	U-02	gambiae	A. gambiae
A0A1S4H219	1	U-01	gambiae	A. gambiae
A0A1S4H2F7	1	U-01	gambiae	A. gambiae
A0A1S4H2G0	1	U-01	gambiae	A. gambiae
A0A1S4H2L2	1	U-01	gambiae	A. gambiae
A0A1S4H2L5	1	U-01	gambiae	A. gambiae
A0A1S4H2L6	1	U-01	gambiae	A. gambiae
A0A1S4H2M1	1	U-01	gambiae	A. gambiae
A0A1S4H2N1	2	U-02	gambiae	A. gambiae
A0A1S4H2R3	2	U-02	gambiae	A. gambiae
A0A1S4H2R6	1	U-01	gambiae	A. gambiae
A0A1S4H2T5	1	U-01	gambiae	A. gambiae
A0A1S4H2T8	1	U-01	gambiae	A. gambiae
A0A1S4H2U9	2	U-02	gambiae	A. gambiae
A0A1S4H314	1	U-01	gambiae	A. gambiae
A0A1S4H329	0	unassigned	gambiae	A. gambiae
A0A1S4H331	1	U-01	gambiae	A. gambiae
A0A1S4H332	1	U-01	gambiae	A. gambiae
A0A1S4H333	0	unassigned	gambiae	A. gambiae
A0A1S4H334	0	unassigned	gambiae	A. gambiae
A0A1S4H338	0	unassigned	gambiae	A. gambiae
A0A1S4H339	0	unassigned	gambiae	A. gambiae
A0A1S4H350	0	unassigned	gambiae	A. gambiae
A0A1S4H355	0	unassigned	gambiae	A. gambiae
A0A1S4H365	1	U-01	gambiae	A. gambiae
A0A1S4H3A8	1	U-01	gambiae	A. gambiae
A0A1S4H3D7	2	U-02	gambiae	A. gambiae
A0A1S4H3D9	1	U-01	gambiae	A. gambiae
A0A1S4H3F2	1	U-01	gambiae	A. gambiae
A0A1S4H3G9	1	U-01	gambiae	A. gambiae
A0A1S4H3H5	1	U-01	gambiae	A. gambiae
A0A1S4H3K1	1	U-01	gambiae	A. gambiae
A0A1S4H3M5	1	U-01	gambiae	A. gambiae
A0A1S4H3W7	0	unassigned	gambiae	A. gambiae
A0A1S4H3X2	0	unassigned	gambiae	A. gambiae
A0A3F2YXS0	1	U-01	gambiae	A. gambiae
A0A3F2YY95	1	U-01	gambiae	A. gambiae
A0A3F2YYX5	1	U-01	gambiae	A. gambiae
A0A3F2YYX9	1	U-01	gambiae	A. gambiae
A0A453YNP8	2	U-02	gambiae	A. gambiae
A0A453YNX5	1	U-01	gambiae	A. gambiae
A0A453YP36	1	U-01	gambiae	A. gambiae
A0A453YSC4	1	U-01	gambiae	A. gambiae
A0A453YSM0	1	U-01	gambiae	A. gambiae
A0A453YSN6	1	U-01	gambiae	A. gambiae
A0A453YTT6	1	U-01	gambiae	A. gambiae
A0A453YV00	1	U-01	gambiae	A. gambiae
A0A453YXN8	1	U-01	gambiae	A. gambiae
A0A453YY93	2	U-02	gambiae	A. gambiae
A0A453YYL0	2	U-02	gambiae	A. gambiae
A0A453YZN7	1	U-01	gambiae	A. gambiae
A0A453YZP8	1	U-01	gambiae	A. gambiae
A0A453YZQ4	1	U-01	gambiae	A. gambiae
A0A453YZQ5	1	U-01	gambiae	A. gambiae
A0A453YZT8	1	U-01	gambiae	A. gambiae
A0A453YZU1	1	U-01	gambiae	A. gambiae
A0A453YZV7	1	U-01	gambiae	A. gambiae
A0A453YZX6	1	U-01	gambiae	A. gambiae
A0A453YZZ2	1	U-01	gambiae	A. gambiae
A0A453YZZ9	1	U-01	gambiae	A. gambiae
A0A453Z007	2	U-02	gambiae	A. gambiae
Q7QA65	1	U-01	gambiae	A. gambiae
Q7QA67	1	U-01	gambiae	A. gambiae
Q7QA71	2	U-02	gambiae	A. gambiae
Q7QA78	1	U-01	gambiae	A. gambiae
Q7QA79	0	unassigned	gambiae	A. gambiae
Q7QA85	1	U-01	gambiae	A. gambiae
Q7QA86	2	U-02	gambiae	A. gambiae
Q7QA87	1	U-01	gambiae	A. gambiae
Q7QA89	1	U-01	gambiae	A. gambiae
Q7QA92	1	U-01	gambiae	A. gambiae
Q7QAA0	1	U-01	gambiae	A. gambiae
Q7QAA1	1	U-01	gambiae	A. gambiae
Q7QAA4	1	U-01	gambiae	A. gambiae
Q7QAA6	1	U-01	gambiae	A. gambiae
Q7QAB6	1	U-01	gambiae	A. gambiae
Q7QAB9	1	U-01	gambiae	A. gambiae
Q7QAC0	2	U-02	gambiae	A. gambiae
Q7QAC3	1	U-01	gambiae	A. gambiae
Q7QAC5	1	U-01	gambiae	A. gambiae
Q7QAC9	2	U-02	gambiae	A. gambiae
Q7QAD1	1	U-01	gambiae	A. gambiae
Q7QAD2	1	U-01	gambiae	A. gambiae
Q7QAD5	1	U-01	gambiae	A. gambiae
Q7QAD6	1	U-01	gambiae	A. gambiae
Q7QAE1	1	U-01	gambiae	A. gambiae
Q7QAE3	1	U-01	gambiae	A. gambiae
Q7QAG9	1	U-01	gambiae	A. gambiae
Q7QAH3	1	U-01	gambiae	A. gambiae
Q7QAH4	1	U-01	gambiae	A. gambiae
Q7QAI2	1	U-01	gambiae	A. gambiae
Q7QAI3	1	U-01	gambiae	A. gambiae
Q7QAI5	1	U-01	gambiae	A. gambiae
Q7QAJ4	1	U-01	gambiae	A. gambiae
Q7QAJ6	1	U-01	gambiae	A. gambiae
Q7QAJ7	1	U-01	gambiae	A. gambiae
Q7QAJ8	2	U-02	gambiae	A. gambiae
Q7QAK5	1	U-01	gambiae	A. gambiae
Q7QAK7	1	U-01	gambiae	A. gambiae
Q7QAL3	1	U-01	gambiae	A. gambiae
Q7QAL8	1	U-01	gambiae	A. gambiae
Q7QAL9	1	U-01	gambiae	A. gambiae
Q7QAM1	2	U-02	gambiae	A. gambiae
Q7QAM5	2	U-02	gambiae	A. gambiae
Q7QAM6	1	U-01	gambiae	A. gambiae
Q7QAM8	1	U-01	gambiae	A. gambiae
Q7QAN3	1	U-01	gambiae	A. gambiae
Q7QAN4	0	unassigned	gambiae	A. gambiae
Q7QAN6	1	U-01	gambiae	A. gambiae
Q7QAN8	1	U-01	gambiae	A. gambiae
Q7QAN9	1	U-01	gambiae	A. gambiae
Q7QAP0	1	U-01	gambiae	A. gambiae
Q7QAP2	1	U-01	gambiae	A. gambiae
Q7QAP5	1	U-01	gambiae	A. gambiae
Q7QAP7	1	U-01	gambiae	A. gambiae
Q7QAP8	1	U-01	gambiae	A. gambiae
Q7QAP9	1	U-01	gambiae	A. gambiae
Q7QAQ2	1	U-01	gambiae	A. gambiae
Q7QAQ3	1	U-01	gambiae	A. gambiae
Q7QJQ3	1	U-01	gambiae	A. gambiae
Q7QJQ5	1	U-01	gambiae	A. gambiae
Q7QJQ9	1	U-01	gambiae	A. gambiae
Q7QJR9	2	U-02	gambiae	A. gambiae
Q7QJS1	1	U-01	gambiae	A. gambiae
Q7QJS7	2	U-02	gambiae	A. gambiae
Q7QJT5	1	U-01	gambiae	A. gambiae
Q7QJT8	1	U-01	gambiae	A. gambiae
Q7QJU2	1	U-01	gambiae	A. gambiae
Q7QJU5	1	U-01	gambiae	A. gambiae
Q7QJU9	1	U-01	gambiae	A. gambiae
Q7QJV2	2	U-02	gambiae	A. gambiae
Q7QJV4	1	U-01	gambiae	A. gambiae
Q7QJV5	1	U-01	gambiae	A. gambiae
Q7QJW0	2	U-02	gambiae	A. gambiae
Q7QJW6	2	U-02	gambiae	A. gambiae
Q7QJW7	1	U-01	gambiae	A. gambiae
Q7QJW9	1	U-01	gambiae	A. gambiae
Q7QJX0	1	U-01	gambiae	A. gambiae
Q7QJY4	1	U-01	gambiae	A. gambiae
Q7QJY5	1	U-01	gambiae	A. gambiae
Q7QJY9	1	U-01	gambiae	A. gambiae
Q7QJZ0	1	U-01	gambiae	A. gambiae
Q7QJZ4	1	U-01	gambiae	A. gambiae
Q7QJZ5	1	U-01	gambiae	A. gambiae
Q7QK00	1	U-01	gambiae	A. gambiae
Q7QK04	1	U-01	gambiae	A. gambiae
Q7QK06	1	U-01	gambiae	A. gambiae
Q7QK07	1	U-01	gambiae	A. gambiae
Q7QK13	1	U-01	gambiae	A. gambiae
Q7QK22	2	U-02	gambiae	A. gambiae
Q7QK27	1	U-01	gambiae	A. gambiae
Q7QK29	1	U-01	gambiae	A. gambiae
Q7QK39	0	unassigned	gambiae	A. gambiae
Q7QK40	1	U-01	gambiae	A. gambiae
Q7QK41	1	U-01	gambiae	A. gambiae
Q7QK43	1	U-01	gambiae	A. gambiae
Q7QK48	1	U-01	gambiae	A. gambiae
Q7QK49	1	U-01	gambiae	A. gambiae
Q7QK54	2	U-02	gambiae	A. gambiae
Q7QK57	1	U-01	gambiae	A. gambiae
Q7QK64	1	U-01	gambiae	A. gambiae
Q7PDF8	1	U-01	gambiae	A. gambiae
Q7PDG5	1	U-01	gambiae	A. gambiae
Q7PDG9	1	U-01	gambiae	A. gambiae
Q7PDI0	1	U-01	gambiae	A. gambiae
Q7PDI9	1	U-01	gambiae	A. gambiae
Q7PDW7	1	U-01	gambiae	A. gambiae
Q7PDX1	1	U-01	gambiae	A. gambiae
Q7PDX5	1	U-01	gambiae	A. gambiae
Q7PE03	1	U-01	gambiae	A. gambiae
Q7PE06	1	U-01	gambiae	A. gambiae
Q7PE08	1	U-01	gambiae	A. gambiae
Q7PE10	2	U-02	gambiae	A. gambiae
Q7PE28	1	U-01	gambiae	A. gambiae
Q7PE29	1	U-01	gambiae	A. gambiae
Q7PE48	1	U-01	gambiae	A. gambiae
Q7PE67	1	U-01	gambiae	A. gambiae
Q7PE69	1	U-01	gambiae	A. gambiae
Q7PE75	1	U-01	gambiae	A. gambiae
Q7PE82	1	U-01	gambiae	A. gambiae
Q7PEG2	1	U-01	gambiae	A. gambiae
Q7PEJ1	1	U-01	gambiae	A. gambiae
Q7PEL1	1	U-01	gambiae	A. gambiae
Q7PES5	0	unassigned	gambiae	A. gambiae
Q7PES6	1	U-01	gambiae	A. gambiae
Q7PEU2	1	U-01	gambiae	A. gambiae
Q7PEV2	1	U-01	gambiae	A. gambiae
Q7PF07	1	U-01	gambiae	A. gambiae
Q7PF15	2	U-02	gambiae	A. gambiae
Q7PF25	2	U-02	gambiae	A. gambiae
Q7PF34	0	unassigned	gambiae	A. gambiae
Q7PF68	1	U-01	gambiae	A. gambiae
Q7PF69	1	U-01	gambiae	A. gambiae
Q7PF81	1	U-01	gambiae	A. gambiae
Q7PF84	1	U-01	gambiae	A. gambiae
Q7PF98	1	U-01	gambiae	A. gambiae
Q7PFB5	2	U-02	gambiae	A. gambiae
Q7PFC2	1	U-01	gambiae	A. gambiae
Q7PFC9	1	U-01	gambiae	A. gambiae
Q7PFG2	1	U-01	gambiae	A. gambiae
Q7PFI0	1	U-01	gambiae	A. gambiae
Q7PFI1	1	U-01	gambiae	A. gambiae
Q7PFJ7	0	unassigned	gambiae	A. gambiae
Q7PFK4	0	unassigned	gambiae	A. gambiae
Q7PFL2	1	U-01	gambiae	A. gambiae
Q7PFN7	1	U-01	gambiae	A. gambiae
Q7PFP7	1	U-01	gambiae	A. gambiae
Q7PFP9	1	U-01	gambiae	A. gambiae
Q7PFR1	1	U-01	gambiae	A. gambiae
Q7PFT3	1	U-01	gambiae	A. gambiae
Q7PFT4	1	U-01	gambiae	A. gambiae
Q7PYV6	1	U-01	gambiae	A. gambiae
Q7PYW0	1	U-01	gambiae	A. gambiae
Q7PYX2	1	U-01	gambiae	A. gambiae
Q7PYY2	1	U-01	gambiae	A. gambiae
Q7PZ20	1	U-01	gambiae	A. gambiae
Q7PZ21	2	U-02	gambiae	A. gambiae
Q7PZ36	1	U-01	gambiae	A. gambiae
Q7PZ40	1	U-01	gambiae	A. gambiae
Q7PZ42	2	U-02	gambiae	A. gambiae
Q7PZ54	1	U-01	gambiae	A. gambiae
Q7PZ79	1	U-01	gambiae	A. gambiae
Q7PZ96	1	U-01	gambiae	A. gambiae
Q7PZ97	1	U-01	gambiae	A. gambiae
Q7PZA4	1	U-01	gambiae	A. gambiae
Q7PZA7	1	U-01	gambiae	A. gambiae
Q7PZC5	1	U-01	gambiae	A. gambiae
Q7PZF5	1	U-01	gambiae	A. gambiae
Q7PZF9	1	U-01	gambiae	A. gambiae
Q7PZH2	1	U-01	gambiae	A. gambiae
Q7PZI4	1	U-01	gambiae	A. gambiae
Q7PZJ9	1	U-01	gambiae	A. gambiae
Q7PZL1	1	U-01	gambiae	A. gambiae
Q7PZL4	1	U-01	gambiae	A. gambiae
Q7PZL6	0	unassigned	gambiae	A. gambiae
Q7PZP4	1	U-01	gambiae	A. gambiae
Q7PZR0	1	U-01	gambiae	A. gambiae
Q7PZR5	1	U-01	gambiae	A. gambiae
Q7PZT7	1	U-01	gambiae	A. gambiae
Q7PZW4	1	U-01	gambiae	A. gambiae
Q7PZX7	1	U-01	gambiae	A. gambiae
Q7PZY7	1	U-01	gambiae	A. gambiae
Q7Q020	1	U-01	gambiae	A. gambiae
Q7Q024	1	U-01	gambiae	A. gambiae
Q7Q026	1	U-01	gambiae	A. gambiae
Q7Q029	1	U-01	gambiae	A. gambiae
Q7Q031	1	U-01	gambiae	A. gambiae
Q7Q066	2	U-02	gambiae	A. gambiae
Q7Q080	1	U-01	gambiae	A. gambiae
Q7Q088	2	U-02	gambiae	A. gambiae
Q7Q0B2	1	U-01	gambiae	A. gambiae
Q7Q0B3	1	U-01	gambiae	A. gambiae
Q7Q0C3	1	U-01	gambiae	A. gambiae
Q7Q0C9	1	U-01	gambiae	A. gambiae
Q7Q0D1	1	U-01	gambiae	A. gambiae
Q7Q0D2	1	U-01	gambiae	A. gambiae
Q7Q0G7	1	U-01	gambiae	A. gambiae
Q7Q0H8	1	U-01	gambiae	A. gambiae
Q7Q0I3	1	U-01	gambiae	A. gambiae
Q7Q0I4	1	U-01	gambiae	A. gambiae
Q7Q0I9	2	U-02	gambiae	A. gambiae
A0A1S4GK64	1	U-01	gambiae	A. gambiae
A0A1S4GK91	1	U-01	gambiae	A. gambiae
A0A1S4GK99	1	U-01	gambiae	A. gambiae
A0A1S4GKB4	1	U-01	gambiae	A. gambiae
A0A1S4GKC3	1	U-01	gambiae	A. gambiae
A0A1S4GKC6	2	U-02	gambiae	A. gambiae
A0A1S4GKF2	1	U-01	gambiae	A. gambiae
A0A1S4GKG7	1	U-01	gambiae	A. gambiae
A0A1S4GKH5	1	U-01	gambiae	A. gambiae
A0A1S4GKI5	1	U-01	gambiae	A. gambiae
A0A1S4GKI9	2	U-02	gambiae	A. gambiae
A0A1S4GKL0	1	U-01	gambiae	A. gambiae
A0A1S4GKN6	1	U-01	gambiae	A. gambiae
A0A1S4GKP4	2	U-02	gambiae	A. gambiae
A0A1S4GKQ4	1	U-01	gambiae	A. gambiae
A0A1S4GKR8	1	U-01	gambiae	A. gambiae
A0A1S4GKS2	1	U-01	gambiae	A. gambiae
A0A1S4GKS8	2	U-02	gambiae	A. gambiae
A0A1S4GKT2	1	U-01	gambiae	A. gambiae
A0A1S4GKU6	1	U-01	gambiae	A. gambiae
A0A1S4GKV4	2	U-02	gambiae	A. gambiae
A0A1S4GKW3	1	U-01	gambiae	A. gambiae
A0A1S4GKW7	1	U-01	gambiae	A. gambiae
A0A1S4GKX7	1	U-01	gambiae	A. gambiae
A0A1S4GKY6	1	U-01	gambiae	A. gambiae
A0A1S4GL07	2	U-02	gambiae	A. gambiae
A0A1S4GL08	1	U-01	gambiae	A. gambiae
A0A1S4GL11	1	U-01	gambiae	A. gambiae
A0A1S4GL24	1	U-01	gambiae	A. gambiae
A0A1S4GL75	1	U-01	gambiae	A. gambiae
A0A1S4GL83	1	U-01	gambiae	A. gambiae
A0A1S4GL98	1	U-01	gambiae	A. gambiae
A0A1S4GLA3	1	U-01	gambiae	A. gambiae
A0A1S4GLB6	1	U-01	gambiae	A. gambiae
A0A1S4GLD9	1	U-01	gambiae	A. gambiae
A0A1S4GLE2	1	U-01	gambiae	A. gambiae
A0A1S4GLE5	2	U-02	gambiae	A. gambiae
A0A1S4GLF3	2	U-02	gambiae	A. gambiae
A0A1S4GLF5	2	U-02	gambiae	A. gambiae
A0A1S4GLG0	2	U-02	gambiae	A. gambiae
A0A1S4GWJ6	1	U-01	gambiae	A. gambiae
A0A1S4GWK0	1	U-01	gambiae	A. gambiae
A0A1S4GWK3	1	U-01	gambiae	A. gambiae
A0A1S4GWK4	1	U-01	gambiae	A. gambiae
A0A1S4GWK7	1	U-01	gambiae	A. gambiae
A0A1S4GWL9	1	U-01	gambiae	A. gambiae
A0A1S4GWM9	1	U-01	gambiae	A. gambiae
A0A1S4GWN0	2	U-02	gambiae	A. gambiae
A0A1S4GWN1	1	U-01	gambiae	A. gambiae
A0A1S4GWN4	1	U-01	gambiae	A. gambiae
A0A1S4GWP1	2	U-02	gambiae	A. gambiae
A0A1S4GWP2	1	U-01	gambiae	A. gambiae
A0A1S4GWP5	1	U-01	gambiae	A. gambiae
A0A1S4GWP9	1	U-01	gambiae	A. gambiae
A0A1S4GWQ0	1	U-01	gambiae	A. gambiae
A0A1S4GWQ1	2	U-02	gambiae	A. gambiae
A0A1S4GWQ3	1	U-01	gambiae	A. gambiae
A0A1S4GWR2	1	U-01	gambiae	A. gambiae
A0A1S4GWR3	1	U-01	gambiae	A. gambiae
A0A1S4GWR7	1	U-01	gambiae	A. gambiae
A0A1S4GWS4	1	U-01	gambiae	A. gambiae
A0A1S4GWS7	1	U-01	gambiae	A. gambiae
A0A1S4GWU5	1	U-01	gambiae	A. gambiae
A0A1S4GWV1	1	U-01	gambiae	A. gambiae
A0A1S4GWV3	2	U-02	gambiae	A. gambiae
A0A1S4GWV7	1	U-01	gambiae	A. gambiae
A0A1S4GWW3	1	U-01	gambiae	A. gambiae
A0A1S4GWW5	1	U-01	gambiae	A. gambiae
A0A1S4GWX1	1	U-01	gambiae	A. gambiae
A0A1S4GWX3	2	U-02	gambiae	A. gambiae
A0A1S4GWX6	1	U-01	gambiae	A. gambiae
A0A1S4GWX8	1	U-01	gambiae	A. gambiae
A0A1S4GWY1	2	U-02	gambiae	A. gambiae
A0A1S4GWY7	2	U-02	gambiae	A. gambiae
A0A1S4GWY8	1	U-01	gambiae	A. gambiae
A0A1S4GX09	1	U-01	gambiae	A. gambiae
A0A1S4GX11	1	U-01	gambiae	A. gambiae
A0A1S4GX12	1	U-01	gambiae	A. gambiae
A0A1S4GX13	1	U-01	gambiae	A. gambiae
A0A1S4GX14	1	U-01	gambiae	A. gambiae
A0A1S4GX19	1	U-01	gambiae	A. gambiae
A0A1S4GX20	1	U-01	gambiae	A. gambiae
A0A1S4GX23	1	U-01	gambiae	A. gambiae
A0A1S4GX27	1	U-01	gambiae	A. gambiae
A0A1S4GX35	1	U-01	gambiae	A. gambiae
A0A1S4GX40	1	U-01	gambiae	A. gambiae
A0A1S4GX42	1	U-01	gambiae	A. gambiae
A0A1S4GX64	1	U-01	gambiae	A. gambiae
A0A1S4GX67	2	U-02	gambiae	A. gambiae
A0A1S4GX70	1	U-01	gambiae	A. gambiae
A0A1S4GX77	1	U-01	gambiae	A. gambiae
A0A1S4GX92	1	U-01	gambiae	A. gambiae
A0A1S4GX94	1	U-01	gambiae	A. gambiae
A0A1S4GX95	1	U-01	gambiae	A. gambiae
A0A1S4GXA2	1	U-01	gambiae	A. gambiae
A0A1S4GXC0	2	U-02	gambiae	A. gambiae
A0A1S4GXC2	1	U-01	gambiae	A. gambiae
A0A1S4GXC4	1	U-01	gambiae	A. gambiae
A0A1S4GXC7	1	U-01	gambiae	A. gambiae
A0A1S4GXD1	1	U-01	gambiae	A. gambiae
A0A1S4GFT4	1	U-01	gambiae	A. gambiae
A0A1S4GG73	2	U-02	gambiae	A. gambiae
A0A1S4GGH3	1	U-01	gambiae	A. gambiae
A0A1S4GGH6	1	U-01	gambiae	A. gambiae
A0A1S4GGJ0	2	U-02	gambiae	A. gambiae
A0A1S4GGL7	2	U-02	gambiae	A. gambiae
A0A1S4GGN6	1	U-01	gambiae	A. gambiae
A0A1S4GGY3	2	U-02	gambiae	A. gambiae
A0A1S4GGZ1	2	U-02	gambiae	A. gambiae
A0A1S4GH50	1	U-01	gambiae	A. gambiae
A0A1S4GHM8	1	U-01	gambiae	A. gambiae
A0A1S4GHR2	1	U-01	gambiae	A. gambiae
A0A1S4GHS9	1	U-01	gambiae	A. gambiae
A0A1S4GHU7	1	U-01	gambiae	A. gambiae
A0A1S4GI01	1	U-01	gambiae	A. gambiae
A0A1S4GI56	1	U-01	gambiae	A. gambiae
A0A1S4GID3	1	U-01	gambiae	A. gambiae
A0A1S4GIJ5	2	U-02	gambiae	A. gambiae
A0A1S4GIM3	1	U-01	gambiae	A. gambiae
A0A1S4GIU3	2	U-02	gambiae	A. gambiae
A0A1S4GIW5	2	U-02	gambiae	A. gambiae
A0A1S4GJR6	1	U-01	gambiae	A. gambiae
A0A1S4GK54	1	U-01	gambiae	A. gambiae
A0A1S4GK59	1	U-01	gambiae	A. gambiae
A0A1S4GKA6	2	U-02	gambiae	A. gambiae
A0A1S4GKR5	1	U-01	gambiae	A. gambiae
A0A1S4GKV0	2	U-02	gambiae	A. gambiae
A0A1S4GKV3	2	U-02	gambiae	A. gambiae
A0A1S4GKW5	2	U-02	gambiae	A. gambiae
A0A1S4GL23	1	U-01	gambiae	A. gambiae
A0A1S4GM55	1	U-01	gambiae	A. gambiae
A0A1S4GMD5	2	U-02	gambiae	A. gambiae
A0A1S4GMK6	1	U-01	gambiae	A. gambiae
A0A1S4GMQ8	1	U-01	gambiae	A. gambiae
A0A1S4GMW4	1	U-01	gambiae	A. gambiae
A0A1S4GMX5	1	U-01	gambiae	A. gambiae
A0A1S4GN87	1	U-01	gambiae	A. gambiae
A0A1S4GNI1	1	U-01	gambiae	A. gambiae
A0A1S4GNQ7	2	U-02	gambiae	A. gambiae
A0A1S4GNY6	1	U-01	gambiae	A. gambiae
A0A1S4GP29	2	U-02	gambiae	A. gambiae
A0A1S4GP81	1	U-01	gambiae	A. gambiae
A0A1S4GPN0	1	U-01	gambiae	A. gambiae
A0A1S4GPX1	1	U-01	gambiae	A. gambiae
A0A1S4GQ11	1	U-01	gambiae	A. gambiae
A0A1S4GQ45	1	U-01	gambiae	A. gambiae
A0A1S4GQ95	1	U-01	gambiae	A. gambiae
A0A1S4GQ96	1	U-01	gambiae	A. gambiae
A0A1S4GQL8	1	U-01	gambiae	A. gambiae
A0A1S4GQM1	1	U-01	gambiae	A. gambiae
A0A1S4GQP7	1	U-01	gambiae	A. gambiae
A0A1S4GQU6	1	U-01	gambiae	A. gambiae
A0A1S4GQW9	1	U-01	gambiae	A. gambiae
A0A1S4GQZ6	1	U-01	gambiae	A. gambiae
A0A1S4GR08	2	U-02	gambiae	A. gambiae
A0A1S4GR69	1	U-01	gambiae	A. gambiae
A0A1S4GRI5	1	U-01	gambiae	A. gambiae
A0A1S4GRV9	2	U-02	gambiae	A. gambiae
A0A1S4GS81	1	U-01	gambiae	A. gambiae
A0A1S4GS95	1	U-01	gambiae	A. gambiae
A0A1S4GSE7	1	U-01	gambiae	A. gambiae
A0A1S4GSP3	1	U-01	gambiae	A. gambiae
A0A1S4GSR0	1	U-01	gambiae	A. gambiae
A0A1S4GT15	1	U-01	gambiae	A. gambiae
A0A1S4GT67	1	U-01	gambiae	A. gambiae
A0A1S4GTE3	1	U-01	gambiae	A. gambiae
A0A1S4GTG3	1	U-01	gambiae	A. gambiae
A0A1S4GTV7	1	U-01	gambiae	A. gambiae
A0A1S4GU81	1	U-01	gambiae	A. gambiae
A0A1S4GU86	1	U-01	gambiae	A. gambiae
A0A1S4GUC6	1	U-01	gambiae	A. gambiae
A0A1S4GUF8	2	U-02	gambiae	A. gambiae
A0A1S4GUV5	1	U-01	gambiae	A. gambiae
A0A1S4GV09	1	U-01	gambiae	A. gambiae
A0A1S4GV15	1	U-01	gambiae	A. gambiae
A0A1S4GV20	1	U-01	gambiae	A. gambiae
A0A1S4GV44	1	U-01	gambiae	A. gambiae
A0A1S4GVH8	1	U-01	gambiae	A. gambiae
A0A1S4GVP2	1	U-01	gambiae	A. gambiae
A0A1S4GVQ4	1	U-01	gambiae	A. gambiae
A0A1S4GVX4	1	U-01	gambiae	A. gambiae
A0A1S4GW19	0	unassigned	gambiae	A. gambiae
A0A1S4GW59	1	U-01	gambiae	A. gambiae
A0A1S4GW88	1	U-01	gambiae	A. gambiae
A0A1S4GWA8	1	U-01	gambiae	A. gambiae
A0A1S4GWB4	1	U-01	gambiae	A. gambiae
A0A1S4GWE9	2	U-02	gambiae	A. gambiae
A0A1S4GWG8	1	U-01	gambiae	A. gambiae
A0A1S4GWH0	1	U-01	gambiae	A. gambiae
A0A1S4GWH8	1	U-01	gambiae	A. gambiae
A0A1S4GWN9	1	U-01	gambiae	A. gambiae
A0A1S4GWW6	1	U-01	gambiae	A. gambiae
A0A1S4GWY4	1	U-01	gambiae	A. gambiae
A0A1S4GX24	1	U-01	gambiae	A. gambiae
A0A1S4GX32	1	U-01	gambiae	A. gambiae
A0A1S4GX63	1	U-01	gambiae	A. gambiae
A0A1S4GX72	1	U-01	gambiae	A. gambiae
A0A1S4GX79	1	U-01	gambiae	A. gambiae
A0A1S4GX87	1	U-01	gambiae	A. gambiae
A0A1S4GX90	1	U-01	gambiae	A. gambiae
A7UTB7	1	U-01	gambiae	A. gambiae
A7UTB8	1	U-01	gambiae	A. gambiae
A7UTD1	2	U-02	gambiae	A. gambiae
A7UTD2	2	U-02	gambiae	A. gambiae
A7UTE0	1	U-01	gambiae	A. gambiae
A7UTE2	1	U-01	gambiae	A. gambiae
A7UTE6	1	U-01	gambiae	A. gambiae
A7UTF7	1	U-01	gambiae	A. gambiae
A7UTH7	1	U-01	gambiae	A. gambiae
A7UTI2	1	U-01	gambiae	A. gambiae
A7UTJ2	1	U-01	gambiae	A. gambiae
A7UTK5	0	unassigned	gambiae	A. gambiae
A7UTL0	1	U-01	gambiae	A. gambiae
A7UTM8	1	U-01	gambiae	A. gambiae
A7UTP4	1	U-01	gambiae	A. gambiae
A7UTP5	1	U-01	gambiae	A. gambiae
A7UTP7	2	U-02	gambiae	A. gambiae
A7UTQ0	1	U-01	gambiae	A. gambiae
A7UTQ3	1	U-01	gambiae	A. gambiae
A7UTQ4	1	U-01	gambiae	A. gambiae
A7UTR0	1	U-01	gambiae	A. gambiae
A7UTR2	2	U-02	gambiae	A. gambiae
A7UTS2	2	U-02	gambiae	A. gambiae
A7UTS3	2	U-02	gambiae	A. gambiae
A7UTS8	1	U-01	gambiae	A. gambiae
A7UTS9	1	U-01	gambiae	A. gambiae
A7UTT2	1	U-01	gambiae	A. gambiae
A7UTT8	2	U-02	gambiae	A. gambiae
A7UTT9	2	U-02	gambiae	A. gambiae
A7UTU0	2	U-02	gambiae	A. gambiae
A7UTU4	2	U-02	gambiae	A. gambiae
A7UTU5	2	U-02	gambiae	A. gambiae
A7UTU6	2	U-02	gambiae	A. gambiae
A7UTU7	1	U-01	gambiae	A. gambiae
A7UTU8	1	U-01	gambiae	A. gambiae
A7UTV2	1	U-01	gambiae	A. gambiae
A7UTW2	2	U-02	gambiae	A. gambiae
A7UTY2	1	U-01	gambiae	A. gambiae
A7UTY7	2	U-02	gambiae	A. gambiae
A7UTZ9	1	U-01	gambiae	A. gambiae
A7UU00	1	U-01	gambiae	A. gambiae
A7UU24	1	U-01	gambiae	A. gambiae
A7UU25	1	U-01	gambiae	A. gambiae
A7UU26	1	U-01	gambiae	A. gambiae
A7UU27	1	U-01	gambiae	A. gambiae
A7UU28	1	U-01	gambiae	A. gambiae
A7UU29	1	U-01	gambiae	A. gambiae
A7UU37	1	U-01	gambiae	A. gambiae
A7UU38	2	U-02	gambiae	A. gambiae
A7UU42	1	U-01	gambiae	A. gambiae
A7UU52	2	U-02	gambiae	A. gambiae
A7UU53	2	U-02	gambiae	A. gambiae
A7UU54	2	U-02	gambiae	A. gambiae
A7UU57	1	U-01	gambiae	A. gambiae
A7UU61	1	U-01	gambiae	A. gambiae
A7UU64	1	U-01	gambiae	A. gambiae
A7UU76	1	U-01	gambiae	A. gambiae
A7UU77	1	U-01	gambiae	A. gambiae
A7UU81	1	U-01	gambiae	A. gambiae
A7UU84	1	U-01	gambiae	A. gambiae
A7UU86	1	U-01	gambiae	A. gambiae
A7UU87	1	U-01	gambiae	A. gambiae
A7UU90	1	U-01	gambiae	A. gambiae
A7UU92	1	U-01	gambiae	A. gambiae
A7UU97	1	U-01	gambiae	A. gambiae
A7UU99	1	U-01	gambiae	A. gambiae
A7UUA0	1	U-01	gambiae	A. gambiae
A7UUA5	1	U-01	gambiae	A. gambiae
A7UUB3	2	U-02	gambiae	A. gambiae
A7UUB4	2	U-02	gambiae	A. gambiae
A7UUF4	1	U-01	gambiae	A. gambiae
A7UUF9	1	U-01	gambiae	A. gambiae
A7UUG2	1	U-01	gambiae	A. gambiae
A7UUH8	1	U-01	gambiae	A. gambiae
A7UUI0	2	U-02	gambiae	A. gambiae
A7UUI6	1	U-01	gambiae	A. gambiae
A7UUI8	1	U-01	gambiae	A. gambiae
A7UUJ0	1	U-01	gambiae	A. gambiae
A7UUJ3	1	U-01	gambiae	A. gambiae
A7UUK2	1	U-01	gambiae	A. gambiae
Q380T1	1	U-01	gambiae	A. gambiae
Q4JSB3	1	U-01	gambiae	A. gambiae
Q5TMJ4	1	U-01	gambiae	A. gambiae
Q5TMJ5	1	U-01	gambiae	A. gambiae
Q5TMM9	2	U-02	gambiae	A. gambiae
Q5TMQ4	1	U-01	gambiae	A. gambiae
Q5TMR9	1	U-01	gambiae	A. gambiae
Q5TMS0	1	U-01	gambiae	A. gambiae
Q5TMV8	1	U-01	gambiae	A. gambiae
Q5TMZ6	1	U-01	gambiae	A. gambiae
Q5TN17	1	U-01	gambiae	A. gambiae
Q5TN31	1	U-01	gambiae	A. gambiae
Q5TN50	2	U-02	gambiae	A. gambiae
Q5TN57	0	unassigned	gambiae	A. gambiae
Q5TNB0	1	U-01	gambiae	A. gambiae
Q5TNB1	1	U-01	gambiae	A. gambiae
Q5TNE6	1	U-01	gambiae	A. gambiae
Q5TNG3	1	U-01	gambiae	A. gambiae
Q5TNI1	2	U-02	gambiae	A. gambiae
Q5TNJ3	1	U-01	gambiae	A. gambiae
A0A1S4GA30	1	U-01	gambiae	A. gambiae
A0A1S4GA36	2	U-02	gambiae	A. gambiae
A0A1S4GA40	2	U-02	gambiae	A. gambiae
A0A1S4GA46	1	U-01	gambiae	A. gambiae
A0A1S4GA66	1	U-01	gambiae	A. gambiae
A0A1S4GA71	1	U-01	gambiae	A. gambiae
A0A1S4GA84	1	U-01	gambiae	A. gambiae
A0A1S4GAA9	1	U-01	gambiae	A. gambiae
A0A1S4GAB7	1	U-01	gambiae	A. gambiae
A0A1S4GAD3	1	U-01	gambiae	A. gambiae
A0A1S4GAE2	1	U-01	gambiae	A. gambiae
A0A1S4GAE6	1	U-01	gambiae	A. gambiae
A0A1S4GAF8	1	U-01	gambiae	A. gambiae
A0A1S4GAG1	2	U-02	gambiae	A. gambiae
A0A1S4GAH1	1	U-01	gambiae	A. gambiae
A0A1S4GAK0	2	U-02	gambiae	A. gambiae
A0A1S4GAK1	1	U-01	gambiae	A. gambiae
A0A1S4GAK4	2	U-02	gambiae	A. gambiae
A0A1S4GAL0	1	U-01	gambiae	A. gambiae
A0A1S4GAL1	2	U-02	gambiae	A. gambiae
A0A1S4GAL9	1	U-01	gambiae	A. gambiae
A0A1S4GAM3	0	unassigned	gambiae	A. gambiae
A0A1S4GAM8	1	U-01	gambiae	A. gambiae
A0A1S4GAN0	1	U-01	gambiae	A. gambiae
A0A1S4GAN5	1	U-01	gambiae	A. gambiae
A0A1S4GAP7	1	U-01	gambiae	A. gambiae
A0A1S4GAQ2	0	unassigned	gambiae	A. gambiae
A0A1S4GAQ6	0	unassigned	gambiae	A. gambiae
A0A1S4GAT2	1	U-01	gambiae	A. gambiae
A0A1S4GAT3	1	U-01	gambiae	A. gambiae
A0A1S4GAU7	1	U-01	gambiae	A. gambiae
A0A1S4GAV9	1	U-01	gambiae	A. gambiae
A0A1S4GAW0	1	U-01	gambiae	A. gambiae
A0A1S4GAW1	1	U-01	gambiae	A. gambiae
A0A1S4GAW4	1	U-01	gambiae	A. gambiae
A0A1S4GAW9	1	U-01	gambiae	A. gambiae
A0A1S4GAX8	1	U-01	gambiae	A. gambiae
A0A1S4GB15	1	U-01	gambiae	A. gambiae
A0A1S4GB18	0	unassigned	gambiae	A. gambiae
A0A1S4GB43	1	U-01	gambiae	A. gambiae
A0A1S4GB46	1	U-01	gambiae	A. gambiae
A0A1S4GB89	1	U-01	gambiae	A. gambiae
A0A1S4GB97	1	U-01	gambiae	A. gambiae
A0A1S4GBA8	1	U-01	gambiae	A. gambiae
A0A1S4GBB0	1	U-01	gambiae	A. gambiae
A0A1S4GBB1	2	U-02	gambiae	A. gambiae
A0A1S4GBE5	1	U-01	gambiae	A. gambiae
A0A1S4GBF3	1	U-01	gambiae	A. gambiae
A0A1S4GBG2	1	U-01	gambiae	A. gambiae
A0A1S4GBG5	2	U-02	gambiae	A. gambiae
A0A1S4GBK2	1	U-01	gambiae	A. gambiae
A0A1S4GBN6	1	U-01	gambiae	A. gambiae
A0A1S4GBN7	1	U-01	gambiae	A. gambiae
A0A1S4GBR5	1	U-01	gambiae	A. gambiae
A0A1S4GBS9	1	U-01	gambiae	A. gambiae
A0A1S4GBU0	2	U-02	gambiae	A. gambiae
A0A1S4GBU2	1	U-01	gambiae	A. gambiae
A0A1S4GBU3	1	U-01	gambiae	A. gambiae
A0A1S4GBU6	2	U-02	gambiae	A. gambiae
A0A1S4GBV1	1	U-01	gambiae	A. gambiae
A0A1S4GC16	1	U-01	gambiae	A. gambiae
A0A1S4GC25	1	U-01	gambiae	A. gambiae
A0A1S4GC88	2	U-02	gambiae	A. gambiae
A0A1S4GC94	1	U-01	gambiae	A. gambiae
A0A1S4GCB4	1	U-01	gambiae	A. gambiae
A0A1S4GCD9	1	U-01	gambiae	A. gambiae
A0A1S4GCE9	1	U-01	gambiae	A. gambiae
A0A1S4GCF4	1	U-01	gambiae	A. gambiae
A0A1S4GCF9	2	U-02	gambiae	A. gambiae
A0A1S4GCJ2	0	unassigned	gambiae	A. gambiae
A0A1S4GCJ5	1	U-01	gambiae	A. gambiae
A0A1S4GCL3	2	U-02	gambiae	A. gambiae
A0A1S4GCL6	1	U-01	gambiae	A. gambiae
A0A1S4GPU8	1	U-01	gambiae	A. gambiae
A0A1S4GPV0	1	U-01	gambiae	A. gambiae
A0A1S4GPW0	2	U-02	gambiae	A. gambiae
A0A1S4GPX7	1	U-01	gambiae	A. gambiae
A0A1S4GPY3	2	U-02	gambiae	A. gambiae
A0A1S4GPZ4	2	U-02	gambiae	A. gambiae
A0A1S4GPZ5	2	U-02	gambiae	A. gambiae
A0A1S4GQ02	1	U-01	gambiae	A. gambiae
A0A1S4GQ08	2	U-02	gambiae	A. gambiae
A0A1S4GQ28	1	U-01	gambiae	A. gambiae
A0A1S4GQ31	1	U-01	gambiae	A. gambiae
A0A1S4GQ42	2	U-02	gambiae	A. gambiae
A0A1S4GQ44	1	U-01	gambiae	A. gambiae
A0A1S4GQ57	2	U-02	gambiae	A. gambiae
A0A1S4GQ69	2	U-02	gambiae	A. gambiae
A0A1S4GQ75	1	U-01	gambiae	A. gambiae
A0A1S4GQ83	0	unassigned	gambiae	A. gambiae
A0A1S4GQ89	1	U-01	gambiae	A. gambiae
A0A1S4GQA1	1	U-01	gambiae	A. gambiae
A0A1S4GQB5	1	U-01	gambiae	A. gambiae
A0A1S4GQC7	2	U-02	gambiae	A. gambiae
A0A1S4GQD3	1	U-01	gambiae	A. gambiae
A0A1S4GQD7	1	U-01	gambiae	A. gambiae
A0A1S4GQF3	1	U-01	gambiae	A. gambiae
A0A1S4GQF7	1	U-01	gambiae	A. gambiae
A0A1S4GQG0	1	U-01	gambiae	A. gambiae
A0A1S4GQG2	1	U-01	gambiae	A. gambiae
Q7Q2R4	1	U-01	gambiae	A. gambiae
Q7Q2S2	1	U-01	gambiae	A. gambiae
Q7Q2T1	1	U-01	gambiae	A. gambiae
Q7Q2T6	1	U-01	gambiae	A. gambiae
Q7Q2U0	2	U-02	gambiae	A. gambiae
Q7Q2U2	1	U-01	gambiae	A. gambiae
Q7Q2U3	1	U-01	gambiae	A. gambiae
Q7Q2W3	2	U-02	gambiae	A. gambiae
Q7Q2Z7	2	U-02	gambiae	A. gambiae
Q7Q329	1	U-01	gambiae	A. gambiae
Q7Q341	1	U-01	gambiae	A. gambiae
Q7Q343	1	U-01	gambiae	A. gambiae
Q7Q357	1	U-01	gambiae	A. gambiae
Q7Q361	2	U-02	gambiae	A. gambiae
Q7Q370	2	U-02	gambiae	A. gambiae
Q7Q376	1	U-01	gambiae	A. gambiae
Q7Q380	1	U-01	gambiae	A. gambiae
Q7Q386	1	U-01	gambiae	A. gambiae
Q7Q3A0	1	U-01	gambiae	A. gambiae
Q7Q3C8	1	U-01	gambiae	A. gambiae
Q7Q3C9	1	U-01	gambiae	A. gambiae
Q7Q3F3	2	U-02	gambiae	A. gambiae
Q7Q3G4	2	U-02	gambiae	A. gambiae
Q7Q3H1	1	U-01	gambiae	A. gambiae
Q7Q3M0	2	U-02	gambiae	A. gambiae
Q7Q3N6	1	U-01	gambiae	A. gambiae
Q7Q3P6	1	U-01	gambiae	A. gambiae
Q7Q3Q1	1	U-01	gambiae	A. gambiae
Q7Q3Q5	1	U-01	gambiae	A. gambiae
Q7Q3S4	1	U-01	gambiae	A. gambiae
Q7Q3T0	0	unassigned	gambiae	A. gambiae
Q7Q3T9	1	U-01	gambiae	A. gambiae
Q7Q3U7	1	U-01	gambiae	A. gambiae
Q7Q3V2	1	U-01	gambiae	A. gambiae
Q7Q3X6	2	U-02	gambiae	A. gambiae
Q7Q3Z7	2	U-02	gambiae	A. gambiae
Q7Q403	1	U-01	gambiae	A. gambiae
Q7Q415	1	U-01	gambiae	A. gambiae
Q7Q430	2	U-02	gambiae	A. gambiae
Q7Q451	1	U-01	gambiae	A. gambiae
Q7Q455	1	U-01	gambiae	A. gambiae
Q7Q468	1	U-01	gambiae	A. gambiae
Q7Q488	2	U-02	gambiae	A. gambiae
Q7Q499	1	U-01	gambiae	A. gambiae
Q7Q4A2	1	U-01	gambiae	A. gambiae
Q7Q4E5	1	U-01	gambiae	A. gambiae
Q7Q4E7	1	U-01	gambiae	A. gambiae
Q7Q4I2	1	U-01	gambiae	A. gambiae
Q7Q4J0	1	U-01	gambiae	A. gambiae
Q7Q4K9	1	U-01	gambiae	A. gambiae
Q7Q4L0	1	U-01	gambiae	A. gambiae
Q7Q4L8	1	U-01	gambiae	A. gambiae
Q7Q4M1	1	U-01	gambiae	A. gambiae
Q7Q4M7	1	U-01	gambiae	A. gambiae
Q7Q4N9	1	U-01	gambiae	A. gambiae
Q7Q4P9	1	U-01	gambiae	A. gambiae
Q7Q4R6	1	U-01	gambiae	A. gambiae
Q7Q4R8	1	U-01	gambiae	A. gambiae
Q7Q4S1	1	U-01	gambiae	A. gambiae
Q7Q4S6	1	U-01	gambiae	A. gambiae
Q7Q4T3	1	U-01	gambiae	A. gambiae
Q7Q4U2	1	U-01	gambiae	A. gambiae
Q7Q4U5	1	U-01	gambiae	A. gambiae
Q7Q4V1	1	U-01	gambiae	A. gambiae
Q7QC34	1	U-01	gambiae	A. gambiae
Q7QC38	1	U-01	gambiae	A. gambiae
Q7QC45	2	U-02	gambiae	A. gambiae
Q7QC50	1	U-01	gambiae	A. gambiae
Q7QC61	1	U-01	gambiae	A. gambiae
Q7QC65	1	U-01	gambiae	A. gambiae
Q7QC75	1	U-01	gambiae	A. gambiae
Q7QC85	1	U-01	gambiae	A. gambiae
Q7QCA0	1	U-01	gambiae	A. gambiae
Q7QCA1	1	U-01	gambiae	A. gambiae
Q7QCA5	1	U-01	gambiae	A. gambiae
Q7QCA7	1	U-01	gambiae	A. gambiae
Q7QCA8	1	U-01	gambiae	A. gambiae
Q7QCA9	1	U-01	gambiae	A. gambiae
Q7QCB2	2	U-02	gambiae	A. gambiae
Q7QCC4	2	U-02	gambiae	A. gambiae
Q7QCC6	1	U-01	gambiae	A. gambiae
Q7QCC9	1	U-01	gambiae	A. gambiae
Q7QCD1	1	U-01	gambiae	A. gambiae
Q7QCD5	1	U-01	gambiae	A. gambiae
Q7QCE2	1	U-01	gambiae	A. gambiae
Q7QCE3	1	U-01	gambiae	A. gambiae
Q7QCE5	2	U-02	gambiae	A. gambiae
Q7QCE6	1	U-01	gambiae	A. gambiae
Q7QCF2	1	U-01	gambiae	A. gambiae
Q7QCF3	1	U-01	gambiae	A. gambiae
Q7QCF5	1	U-01	gambiae	A. gambiae
Q7QCG0	1	U-01	gambiae	A. gambiae
Q7QCG2	1	U-01	gambiae	A. gambiae
Q7QCG3	1	U-01	gambiae	A. gambiae
Q7QCG6	1	U-01	gambiae	A. gambiae
Q7QCG8	1	U-01	gambiae	A. gambiae
Q7QCH1	1	U-01	gambiae	A. gambiae
Q7QCH2	2	U-02	gambiae	A. gambiae
Q7QCH8	1	U-01	gambiae	A. gambiae
Q7QCJ0	1	U-01	gambiae	A. gambiae
Q7QBJ8	2	U-02	gambiae	A. gambiae
Q7QBK4	1	U-01	gambiae	A. gambiae
Q7QBK5	1	U-01	gambiae	A. gambiae
Q7QBK6	1	U-01	gambiae	A. gambiae
Q7QBL8	1	U-01	gambiae	A. gambiae
Q7QBM0	1	U-01	gambiae	A. gambiae
Q7QBM1	2	U-02	gambiae	A. gambiae
Q7QBM3	1	U-01	gambiae	A. gambiae
Q7QBM4	1	U-01	gambiae	A. gambiae
Q7QBM6	1	U-01	gambiae	A. gambiae
Q7QBM7	1	U-01	gambiae	A. gambiae
Q7QBM8	1	U-01	gambiae	A. gambiae
Q7QBM9	1	U-01	gambiae	A. gambiae
Q7QBN1	1	U-01	gambiae	A. gambiae
Q7QBT4	1	U-01	gambiae	A. gambiae
Q7QBT9	1	U-01	gambiae	A. gambiae
Q7QBU0	1	U-01	gambiae	A. gambiae
Q7QBU3	1	U-01	gambiae	A. gambiae
Q7QBU4	2	U-02	gambiae	A. gambiae
Q7QBU5	2	U-02	gambiae	A. gambiae
Q7QBU9	1	U-01	gambiae	A. gambiae
Q7QBV0	1	U-01	gambiae	A. gambiae
Q7QBV7	1	U-01	gambiae	A. gambiae
Q7QBV9	1	U-01	gambiae	A. gambiae
Q7QBW4	1	U-01	gambiae	A. gambiae
Q7QBW5	1	U-01	gambiae	A. gambiae
Q7QBX1	1	U-01	gambiae	A. gambiae
Q7QBX2	1	U-01	gambiae	A. gambiae
Q7QBX3	1	U-01	gambiae	A. gambiae
Q7QBX5	1	U-01	gambiae	A. gambiae
Q7QBX6	1	U-01	gambiae	A. gambiae
Q7QBX7	2	U-02	gambiae	A. gambiae
Q7QBY0	1	U-01	gambiae	A. gambiae
Q7QBY3	2	U-02	gambiae	A. gambiae
Q7QBY4	1	U-01	gambiae	A. gambiae
Q7QBY6	1	U-01	gambiae	A. gambiae
Q7QBY9	1	U-01	gambiae	A. gambiae
Q7QBZ4	1	U-01	gambiae	A. gambiae
Q7QC00	1	U-01	gambiae	A. gambiae
Q7QC01	2	U-02	gambiae	A. gambiae
Q7QHB1	1	U-01	gambiae	A. gambiae
Q7QHB9	2	U-02	gambiae	A. gambiae
Q7QHC7	1	U-01	gambiae	A. gambiae
Q7QHC8	1	U-01	gambiae	A. gambiae
Q7QHC9	1	U-01	gambiae	A. gambiae
Q7QHD1	1	U-01	gambiae	A. gambiae
Q7QHE6	1	U-01	gambiae	A. gambiae
Q7QHE8	1	U-01	gambiae	A. gambiae
Q7QHE9	1	U-01	gambiae	A. gambiae
Q7QHF8	1	U-01	gambiae	A. gambiae
Q7QHF9	1	U-01	gambiae	A. gambiae
Q7QHG0	1	U-01	gambiae	A. gambiae
Q7QHH4	2	U-02	gambiae	A. gambiae
Q7QHJ0	1	U-01	gambiae	A. gambiae
Q7QHK4	0	unassigned	gambiae	A. gambiae
Q7QHP2	1	U-01	gambiae	A. gambiae
Q7QHP6	1	U-01	gambiae	A. gambiae
Q7QHP7	1	U-01	gambiae	A. gambiae
Q7QHQ4	1	U-01	gambiae	A. gambiae
Q7QHQ5	1	U-01	gambiae	A. gambiae
Q7QHR4	1	U-01	gambiae	A. gambiae
Q7QHS1	1	U-01	gambiae	A. gambiae
Q7QHT0	1	U-01	gambiae	A. gambiae
Q7QHT3	1	U-01	gambiae	A. gambiae
Q7QHT8	1	U-01	gambiae	A. gambiae
Q7QHY4	1	U-01	gambiae	A. gambiae
Q7QHY5	2	U-02	gambiae	A. gambiae
Q7QHY6	1	U-01	gambiae	A. gambiae
Q7QHY8	2	U-02	gambiae	A. gambiae
Q7QHZ3	2	U-02	gambiae	A. gambiae
Q7QHZ8	2	U-02	gambiae	A. gambiae
Q7QI15	1	U-01	gambiae	A. gambiae
Q7QI16	1	U-01	gambiae	A. gambiae
Q7QI19	1	U-01	gambiae	A. gambiae
Q7QI20	1	U-01	gambiae	A. gambiae
Q7QI21	1	U-01	gambiae	A. gambiae
Q7QI22	1	U-01	gambiae	A. gambiae
Q7QI32	1	U-01	gambiae	A. gambiae
Q7QI38	1	U-01	gambiae	A. gambiae
Q7QI39	1	U-01	gambiae	A. gambiae
Q7QI45	1	U-01	gambiae	A. gambiae
Q7QI46	2	U-02	gambiae	A. gambiae
Q7QI51	1	U-01	gambiae	A. gambiae
Q7QI52	1	U-01	gambiae	A. gambiae
Q7QI56	1	U-01	gambiae	A. gambiae
Q7QI57	2	U-02	gambiae	A. gambiae
Q7QI64	2	U-02	gambiae	A. gambiae
Q7QI65	1	U-01	gambiae	A. gambiae
Q7QI70	1	U-01	gambiae	A. gambiae
Q7QI72	1	U-01	gambiae	A. gambiae
Q7QI86	1	U-01	gambiae	A. gambiae
Q7QI89	2	U-02	gambiae	A. gambiae
Q7QI90	2	U-02	gambiae	A. gambiae
Q7QI91	1	U-01	gambiae	A. gambiae
Q7QI92	1	U-01	gambiae	A. gambiae
Q7QI93	1	U-01	gambiae	A. gambiae
Q7QI94	1	U-01	gambiae	A. gambiae
Q7QIB2	2	U-02	gambiae	A. gambiae
Q7QIB6	1	U-01	gambiae	A. gambiae
Q7QIB7	1	U-01	gambiae	A. gambiae
A0NCX7	0	unassigned	gambiae	A. gambiae
A0NCY0	1	U-01	gambiae	A. gambiae
A0NCY1	1	U-01	gambiae	A. gambiae
A0NCY2	1	U-01	gambiae	A. gambiae
A0NCY5	1	U-01	gambiae	A. gambiae
A0NCZ2	0	unassigned	gambiae	A. gambiae
A0NCZ7	0	unassigned	gambiae	A. gambiae
A0ND01	1	U-01	gambiae	A. gambiae
A0ND05	1	U-01	gambiae	A. gambiae
A0ND06	1	U-01	gambiae	A. gambiae
A0ND11	1	U-01	gambiae	A. gambiae
A0ND19	2	U-02	gambiae	A. gambiae
A0ND21	1	U-01	gambiae	A. gambiae
A0ND23	1	U-01	gambiae	A. gambiae
A0ND25	1	U-01	gambiae	A. gambiae
A0ND40	1	U-01	gambiae	A. gambiae
A0ND55	0	unassigned	gambiae	A. gambiae
A0ND56	0	unassigned	gambiae	A. gambiae
A0ND57	0	unassigned	gambiae	A. gambiae
A0ND72	2	U-02	gambiae	A. gambiae
A0ND73	2	U-02	gambiae	A. gambiae
A0ND74	1	U-01	gambiae	A. gambiae
A0ND80	1	U-01	gambiae	A. gambiae
A0NDA3	1	U-01	gambiae	A. gambiae
A0NDA6	1	U-01	gambiae	A. gambiae
A0NDB9	1	U-01	gambiae	A. gambiae
A0NDC1	1	U-01	gambiae	A. gambiae
A0NDD1	1	U-01	gambiae	A. gambiae
A0NDF0	1	U-01	gambiae	A. gambiae
A0NDF2	0	unassigned	gambiae	A. gambiae
A0NDF7	1	U-01	gambiae	A. gambiae
A0NDG5	1	U-01	gambiae	A. gambiae
A7UUQ5	1	U-01	gambiae	A. gambiae
A7UUQ8	1	U-01	gambiae	A. gambiae
A7UUR8	1	U-01	gambiae	A. gambiae
A7UUS3	0	unassigned	gambiae	A. gambiae
A7UUS7	0	unassigned	gambiae	A. gambiae
A7UUT1	1	U-01	gambiae	A. gambiae
A7UUT5	1	U-01	gambiae	A. gambiae
A7UUU0	0	unassigned	gambiae	A. gambiae
A7UUU6	2	U-02	gambiae	A. gambiae
A7UUW2	1	U-01	gambiae	A. gambiae
A7UUW9	1	U-01	gambiae	A. gambiae
A7UUX6	1	U-01	gambiae	A. gambiae
A7UUY5	1	U-01	gambiae	A. gambiae
A7UUY7	1	U-01	gambiae	A. gambiae
A7UUZ6	2	U-02	gambiae	A. gambiae
A7UUZ9	0	unassigned	gambiae	A. gambiae
A7UV00	2	U-02	gambiae	A. gambiae
A7UV05	1	U-01	gambiae	A. gambiae
A7UV06	0	unassigned	gambiae	A. gambiae
A7UV09	1	U-01	gambiae	A. gambiae
A7UV22	1	U-01	gambiae	A. gambiae
A7UV26	0	unassigned	gambiae	A. gambiae
A7UV27	1	U-01	gambiae	A. gambiae
A7UV28	1	U-01	gambiae	A. gambiae
A7UV37	1	U-01	gambiae	A. gambiae
A7UV47	1	U-01	gambiae	A. gambiae
A7UV54	1	U-01	gambiae	A. gambiae
A7UV60	1	U-01	gambiae	A. gambiae
A7UV74	1	U-01	gambiae	A. gambiae
A7UVA3	1	U-01	gambiae	A. gambiae
A7UVB1	1	U-01	gambiae	A. gambiae
A7UVB6	1	U-01	gambiae	A. gambiae
A7UVC7	2	U-02	gambiae	A. gambiae
A7UVD3	1	U-01	gambiae	A. gambiae
A7UVD6	0	unassigned	gambiae	A. gambiae
A7UVE1	1	U-01	gambiae	A. gambiae
A7UVF0	1	U-01	gambiae	A. gambiae
A7UVF1	1	U-01	gambiae	A. gambiae
A7UVF2	2	U-02	gambiae	A. gambiae
A7UVF7	1	U-01	gambiae	A. gambiae
A7UVF8	0	unassigned	gambiae	A. gambiae
A7UVG2	1	U-01	gambiae	A. gambiae
A7UVH4	1	U-01	gambiae	A. gambiae
A7UVI0	1	U-01	gambiae	A. gambiae
A7UVI2	1	U-01	gambiae	A. gambiae
A7UVI6	2	U-02	gambiae	A. gambiae
A7UVJ3	1	U-01	gambiae	A. gambiae
A7UVK3	1	U-01	gambiae	A. gambiae
A7UVK7	1	U-01	gambiae	A. gambiae
A7UVL2	1	U-01	gambiae	A. gambiae
A7UVL7	1	U-01	gambiae	A. gambiae
A7UVL9	1	U-01	gambiae	A. gambiae
A7UVM1	1	U-01	gambiae	A. gambiae
A7UVM9	1	U-01	gambiae	A. gambiae
A7UVN0	1	U-01	gambiae	A. gambiae
A7UVN2	1	U-01	gambiae	A. gambiae
A7UVN3	1	U-01	gambiae	A. gambiae
A7UVN4	1	U-01	gambiae	A. gambiae
A7UVN5	1	U-01	gambiae	A. gambiae
A7UVN8	2	U-02	gambiae	A. gambiae
A7UVP0	2	U-02	gambiae	A. gambiae
A7UVP1	1	U-01	gambiae	A. gambiae
A7UVP2	1	U-01	gambiae	A. gambiae
A7UVP3	1	U-01	gambiae	A. gambiae
A7UVP4	1	U-01	gambiae	A. gambiae
A7UVP5	1	U-01	gambiae	A. gambiae
A7UVP6	1	U-01	gambiae	A. gambiae
A7UVR0	1	U-01	gambiae	A. gambiae
A0ABK8F030	1	U-01	gambiae	A. gambiae
A0ABK8F040	1	U-01	gambiae	A. gambiae
A0ABK8F045	1	U-01	gambiae	A. gambiae
A0ABK8F058	1	U-01	gambiae	A. gambiae
A0ABK8F066	1	U-01	gambiae	A. gambiae
A0ABK8F074	1	U-01	gambiae	A. gambiae
A0ABK8F080	2	U-02	gambiae	A. gambiae
A0ABK8F0A9	1	U-01	gambiae	A. gambiae
A0ABK8F0B0	1	U-01	gambiae	A. gambiae
A0ABK8F0D7	1	U-01	gambiae	A. gambiae
A0ABK8F0E2	1	U-01	gambiae	A. gambiae
A0ABK8F0G2	2	U-02	gambiae	A. gambiae
A0ABK8F0G4	1	U-01	gambiae	A. gambiae
A0ABK8F1J0	1	U-01	gambiae	A. gambiae
A0NDA4	1	U-01	gambiae	A. gambiae
A0NDC3	2	U-02	gambiae	A. gambiae
A0NDD4	1	U-01	gambiae	A. gambiae
A0NDD8	1	U-01	gambiae	A. gambiae
A0NDE2	1	U-01	gambiae	A. gambiae
A0NDE4	1	U-01	gambiae	A. gambiae
A0NDH0	1	U-01	gambiae	A. gambiae
A0NDK7	1	U-01	gambiae	A. gambiae
A0NDK8	1	U-01	gambiae	A. gambiae
A0NDN1	1	U-01	gambiae	A. gambiae
A0NDQ9	1	U-01	gambiae	A. gambiae
A0NDR0	1	U-01	gambiae	A. gambiae
A0NDT1	1	U-01	gambiae	A. gambiae
A0NDU6	1	U-01	gambiae	A. gambiae
A0NDV4	1	U-01	gambiae	A. gambiae
A0NDW0	1	U-01	gambiae	A. gambiae
A0NDW1	1	U-01	gambiae	A. gambiae
A0NDW5	1	U-01	gambiae	A. gambiae
A0NDZ1	1	U-01	gambiae	A. gambiae
A0NE10	2	U-02	gambiae	A. gambiae
A0NE60	1	U-01	gambiae	A. gambiae
A0NE74	0	unassigned	gambiae	A. gambiae
A0NE75	0	unassigned	gambiae	A. gambiae
A0NE83	1	U-01	gambiae	A. gambiae
A0NE92	1	U-01	gambiae	A. gambiae
A0NE99	2	U-02	gambiae	A. gambiae
A0NEA9	1	U-01	gambiae	A. gambiae
A0NEB7	2	U-02	gambiae	A. gambiae
A0NED4	1	U-01	gambiae	A. gambiae
A0NED5	1	U-01	gambiae	A. gambiae
A0NED7	1	U-01	gambiae	A. gambiae
A0NEF0	2	U-02	gambiae	A. gambiae
A0NEF1	2	U-02	gambiae	A. gambiae
A0NEF3	2	U-02	gambiae	A. gambiae
A0NEF7	1	U-01	gambiae	A. gambiae
A0NEF8	0	unassigned	gambiae	A. gambiae
A0NEH3	2	U-02	gambiae	A. gambiae
A0NEI4	1	U-01	gambiae	A. gambiae
A0NEJ0	2	U-02	gambiae	A. gambiae
A0NEK0	1	U-01	gambiae	A. gambiae
A0NEL3	1	U-01	gambiae	A. gambiae
A0NES1	1	U-01	gambiae	A. gambiae
A0NES3	1	U-01	gambiae	A. gambiae
A0NET1	1	U-01	gambiae	A. gambiae
A0NET2	2	U-02	gambiae	A. gambiae
A0NET6	1	U-01	gambiae	A. gambiae
A0NEU5	1	U-01	gambiae	A. gambiae
A0NEV0	1	U-01	gambiae	A. gambiae
A0NEW4	1	U-01	gambiae	A. gambiae
A0NEW9	1	U-01	gambiae	A. gambiae
A0NEX1	1	U-01	gambiae	A. gambiae
A0NEX2	2	U-02	gambiae	A. gambiae
A0NEX7	2	U-02	gambiae	A. gambiae
A0NEY5	1	U-01	gambiae	A. gambiae
A0NF04	1	U-01	gambiae	A. gambiae
A0NF42	0	unassigned	gambiae	A. gambiae
A0NF62	2	U-02	gambiae	A. gambiae
A0NF80	1	U-01	gambiae	A. gambiae
A0NFB8	1	U-01	gambiae	A. gambiae
A0NFG9	2	U-02	gambiae	A. gambiae
A0NFI0	2	U-02	gambiae	A. gambiae
A0NFI2	1	U-01	gambiae	A. gambiae
A0NFJ0	1	U-01	gambiae	A. gambiae
A0NFN5	1	U-01	gambiae	A. gambiae
A0NFW6	1	U-01	gambiae	A. gambiae
A0NFY7	2	U-02	gambiae	A. gambiae
A0NG23	1	U-01	gambiae	A. gambiae
A0NG40	1	U-01	gambiae	A. gambiae
A0NG50	1	U-01	gambiae	A. gambiae
A0NG51	1	U-01	gambiae	A. gambiae
A0NG52	2	U-02	gambiae	A. gambiae
A0NG61	2	U-02	gambiae	A. gambiae
A0NG89	0	unassigned	gambiae	A. gambiae
A0NGC4	1	U-01	gambiae	A. gambiae
A0NGD8	1	U-01	gambiae	A. gambiae
A0NGG3	2	U-02	gambiae	A. gambiae
A0NGG6	1	U-01	gambiae	A. gambiae
A0NGH0	0	unassigned	gambiae	A. gambiae
A0NGI9	1	U-01	gambiae	A. gambiae
A0NGJ9	1	U-01	gambiae	A. gambiae
A0NGK2	1	U-01	gambiae	A. gambiae
A0NGL0	0	unassigned	gambiae	A. gambiae
A0NGL7	2	U-02	gambiae	A. gambiae
A0NGP8	1	U-01	gambiae	A. gambiae
A0NGQ6	1	U-01	gambiae	A. gambiae
A0NGW2	1	U-01	gambiae	A. gambiae
Q7QH85	1	U-01	gambiae	A. gambiae
Q7QHA7	1	U-01	gambiae	A. gambiae
Q7QHA9	2	U-02	gambiae	A. gambiae
A0A0E4C7B3	1	U-01	gambiae	A. gambiae
A0A0E4C7C5	1	U-01	gambiae	A. gambiae
A0A0E4C7C9	1	U-01	gambiae	A. gambiae
A0A0E4G875	1	U-01	gambiae	A. gambiae
A0A0E4G880	1	U-01	gambiae	A. gambiae
A0A0E4G885	1	U-01	gambiae	A. gambiae
A0A0E4G888	1	U-01	gambiae	A. gambiae
A0A0E4G892	1	U-01	gambiae	A. gambiae
A0A0E4G8A1	1	U-01	gambiae	A. gambiae
A0A0E4G8B7	1	U-01	gambiae	A. gambiae
A0A0E4G8C6	1	U-01	gambiae	A. gambiae
A0A0E4G8E9	1	U-01	gambiae	A. gambiae
A0A0E4G8F5	1	U-01	gambiae	A. gambiae
A0A0E4G8G0	1	U-01	gambiae	A. gambiae
A0A0E4G8G4	1	U-01	gambiae	A. gambiae
A0A0E4G8G5	1	U-01	gambiae	A. gambiae
A0A0E4G8H4	1	U-01	gambiae	A. gambiae
A0A0E4G8I5	1	U-01	gambiae	A. gambiae
A0A0E4G8K2	1	U-01	gambiae	A. gambiae
A0A0E4G8K3	1	U-01	gambiae	A. gambiae
A0A0E4G8L5	1	U-01	gambiae	A. gambiae
A0A0E4G8L8	1	U-01	gambiae	A. gambiae
A0A0E4G8M2	1	U-01	gambiae	A. gambiae
A0A0E4G8M7	1	U-01	gambiae	A. gambiae
A0A0E4G8M8	0	unassigned	gambiae	A. gambiae
A0A0E4G8N6	1	U-01	gambiae	A. gambiae
A0A0E4G8P0	1	U-01	gambiae	A. gambiae
A0A0E4G8P4	1	U-01	gambiae	A. gambiae
A0A0E4G8P9	0	unassigned	gambiae	A. gambiae
A0A0E4G8Q7	1	U-01	gambiae	A. gambiae
A0A0E4G8R9	1	U-01	gambiae	A. gambiae
A0A0E4G8W1	1	U-01	gambiae	A. gambiae
A0A0E4G8X7	1	U-01	gambiae	A. gambiae
A0A0E4G9B0	1	U-01	gambiae	A. gambiae
A0A0E4G9C0	1	U-01	gambiae	A. gambiae
A0A0E4G9E9	1	U-01	gambiae	A. gambiae
A0A0E4G9G7	1	U-01	gambiae	A. gambiae
A0A0E4G9H1	1	U-01	gambiae	A. gambiae
A0A0E4G9I6	2	U-02	gambiae	A. gambiae
A0A0E4G9J1	2	U-02	gambiae	A. gambiae
A0A0E4G9J6	1	U-01	gambiae	A. gambiae
A0A0E4G9K7	1	U-01	gambiae	A. gambiae
A0A0E4G9L1	1	U-01	gambiae	A. gambiae
A0A0E4G9N1	1	U-01	gambiae	A. gambiae
A0A0E4GBA9	1	U-01	gambiae	A. gambiae
A0A0E4GBB6	1	U-01	gambiae	A. gambiae
A0A0E4GBC4	1	U-01	gambiae	A. gambiae
A0A0E4GBC7	1	U-01	gambiae	A. gambiae
A0A0E4GBD5	1	U-01	gambiae	A. gambiae
A0A0E4GBE5	1	U-01	gambiae	A. gambiae
A0A0E4GBG0	1	U-01	gambiae	A. gambiae
A0A0E4GBG6	1	U-01	gambiae	A. gambiae
A0A0E4GBI5	1	U-01	gambiae	A. gambiae
A0A0E4GBJ7	1	U-01	gambiae	A. gambiae
A0A1S4G7W5	1	U-01	gambiae	A. gambiae
A0A1S4G810	2	U-02	gambiae	A. gambiae
A0A1S4G820	1	U-01	gambiae	A. gambiae
A0A1S4G825	1	U-01	gambiae	A. gambiae
A0A1S4G841	1	U-01	gambiae	A. gambiae
A0A1S4G887	1	U-01	gambiae	A. gambiae
A0A1S4G8C2	1	U-01	gambiae	A. gambiae
A0A1S4G8C7	2	U-02	gambiae	A. gambiae
A0A1S4G8C9	1	U-01	gambiae	A. gambiae
A0A1S4G8D4	1	U-01	gambiae	A. gambiae
A0A1S4G8G2	1	U-01	gambiae	A. gambiae
A0A1S4G8H5	1	U-01	gambiae	A. gambiae
A0A1S4G8K2	2	U-02	gambiae	A. gambiae
A0A1S4G8L8	1	U-01	gambiae	A. gambiae
A0A1S4G8M0	1	U-01	gambiae	A. gambiae
A0A1S4G8M8	1	U-01	gambiae	A. gambiae
A0A1S4G8Q1	2	U-02	gambiae	A. gambiae
A0A1S4G8S1	1	U-01	gambiae	A. gambiae
A0A1S4G8S3	1	U-01	gambiae	A. gambiae
A0A1S4G8S4	1	U-01	gambiae	A. gambiae
A0A1S4G8T8	2	U-02	gambiae	A. gambiae
A0A1S4G8U7	1	U-01	gambiae	A. gambiae
A0A1S4G8V7	1	U-01	gambiae	A. gambiae
A0A1S4G8W0	1	U-01	gambiae	A. gambiae
A0A1S4G8W3	1	U-01	gambiae	A. gambiae
A0A1S4G8X2	1	U-01	gambiae	A. gambiae
A0A1S4G8X3	1	U-01	gambiae	A. gambiae
A0A1S4G8Z3	1	U-01	gambiae	A. gambiae
A0A1S4G917	1	U-01	gambiae	A. gambiae
A0A1S4G926	1	U-01	gambiae	A. gambiae
A0A1S4G938	1	U-01	gambiae	A. gambiae
A0A1S4G943	1	U-01	gambiae	A. gambiae
A0A1S4G948	2	U-02	gambiae	A. gambiae
A0A1S4G957	1	U-01	gambiae	A. gambiae
A0A1S4G960	1	U-01	gambiae	A. gambiae
A0A1S4G963	1	U-01	gambiae	A. gambiae
A0A1S4G964	1	U-01	gambiae	A. gambiae
A0A1S4G971	1	U-01	gambiae	A. gambiae
A0A1S4G979	1	U-01	gambiae	A. gambiae
A0A1S4G996	1	U-01	gambiae	A. gambiae
A0A1S4G9A4	1	U-01	gambiae	A. gambiae
A0A1S4G9B1	2	U-02	gambiae	A. gambiae
A0A1S4G9B9	1	U-01	gambiae	A. gambiae
A7UTS1	1	U-01	gambiae	A. gambiae
A7UTS5	1	U-01	gambiae	A. gambiae
A7UTS7	1	U-01	gambiae	A. gambiae
A7UTT1	1	U-01	gambiae	A. gambiae
A7UTT3	1	U-01	gambiae	A. gambiae
A7UTT4	1	U-01	gambiae	A. gambiae
A7UTT5	2	U-02	gambiae	A. gambiae
A7UTU1	2	U-02	gambiae	A. gambiae
A7UTU3	2	U-02	gambiae	A. gambiae
A7UTU9	1	U-01	gambiae	A. gambiae
A7UTV6	2	U-02	gambiae	A. gambiae
A7UTV7	2	U-02	gambiae	A. gambiae
A7UTV9	1	U-01	gambiae	A. gambiae
A7UTX0	1	U-01	gambiae	A. gambiae
A7UTX1	1	U-01	gambiae	A. gambiae
A7UTX6	1	U-01	gambiae	A. gambiae
A7UTY4	1	U-01	gambiae	A. gambiae
A7UTY5	1	U-01	gambiae	A. gambiae
A7UTY9	2	U-02	gambiae	A. gambiae
A7UTZ7	1	U-01	gambiae	A. gambiae
A7UU02	1	U-01	gambiae	A. gambiae
A7UU03	1	U-01	gambiae	A. gambiae
A7UU06	1	U-01	gambiae	A. gambiae
A7UU07	1	U-01	gambiae	A. gambiae
A7UU08	1	U-01	gambiae	A. gambiae
A7UU09	2	U-02	gambiae	A. gambiae
A7UU13	1	U-01	gambiae	A. gambiae
A7UU14	1	U-01	gambiae	A. gambiae
A7UU15	1	U-01	gambiae	A. gambiae
A7UU16	1	U-01	gambiae	A. gambiae
A7UU21	1	U-01	gambiae	A. gambiae
A7UU30	1	U-01	gambiae	A. gambiae
A7UU33	1	U-01	gambiae	A. gambiae
A7UU39	1	U-01	gambiae	A. gambiae
A7UU40	1	U-01	gambiae	A. gambiae
A7UU41	1	U-01	gambiae	A. gambiae
A7UU56	1	U-01	gambiae	A. gambiae
A7UU63	1	U-01	gambiae	A. gambiae
A7UU65	1	U-01	gambiae	A. gambiae
A7UU66	1	U-01	gambiae	A. gambiae
A7UU69	1	U-01	gambiae	A. gambiae
A7UU71	1	U-01	gambiae	A. gambiae
A7UU79	1	U-01	gambiae	A. gambiae
A7UU80	1	U-01	gambiae	A. gambiae
A7UU95	1	U-01	gambiae	A. gambiae
A7UU98	1	U-01	gambiae	A. gambiae
A7UUA1	1	U-01	gambiae	A. gambiae
A7UUA7	1	U-01	gambiae	A. gambiae
A7UUA8	1	U-01	gambiae	A. gambiae
A7UUB0	1	U-01	gambiae	A. gambiae
A7UUB1	1	U-01	gambiae	A. gambiae
A7UUB6	1	U-01	gambiae	A. gambiae
A7UUB9	1	U-01	gambiae	A. gambiae
A7UUC0	1	U-01	gambiae	A. gambiae
A7UUC3	1	U-01	gambiae	A. gambiae
A7UUC4	1	U-01	gambiae	A. gambiae
A7UUC5	1	U-01	gambiae	A. gambiae
A7UUC6	1	U-01	gambiae	A. gambiae
A7UUC9	1	U-01	gambiae	A. gambiae
A7UUD3	1	U-01	gambiae	A. gambiae
A7UUD8	1	U-01	gambiae	A. gambiae
A7UUD9	1	U-01	gambiae	A. gambiae
A7UUE0	1	U-01	gambiae	A. gambiae
A7UUE4	2	U-02	gambiae	A. gambiae
A7UUF1	1	U-01	gambiae	A. gambiae
A7UUF2	1	U-01	gambiae	A. gambiae
A7UUF5	1	U-01	gambiae	A. gambiae
A7UUF7	1	U-01	gambiae	A. gambiae
A7UUG0	1	U-01	gambiae	A. gambiae
A7UUG1	1	U-01	gambiae	A. gambiae
A7UUG3	1	U-01	gambiae	A. gambiae
A7UUG7	2	U-02	gambiae	A. gambiae
A7UUH0	2	U-02	gambiae	A. gambiae
A7UUH1	2	U-02	gambiae	A. gambiae
A7UUH2	1	U-01	gambiae	A. gambiae
A7UUH3	1	U-01	gambiae	A. gambiae
A7UUH4	1	U-01	gambiae	A. gambiae
A7UUH5	1	U-01	gambiae	A. gambiae
A7UUH9	1	U-01	gambiae	A. gambiae
A7UUI4	2	U-02	gambiae	A. gambiae
A7UUI7	1	U-01	gambiae	A. gambiae
A7UUK8	1	U-01	gambiae	A. gambiae
A7UUL8	1	U-01	gambiae	A. gambiae
A7UUL9	1	U-01	gambiae	A. gambiae
A7UUN0	1	U-01	gambiae	A. gambiae
A7UUP1	0	unassigned	gambiae	A. gambiae
A7UUP2	0	unassigned	gambiae	A. gambiae
F5HLX2	1	U-01	gambiae	A. gambiae
F5HLX6	1	U-01	gambiae	A. gambiae
F5HLX8	1	U-01	gambiae	A. gambiae
F5HLY0	0	unassigned	gambiae	A. gambiae
F5HLY1	1	U-01	gambiae	A. gambiae
F5HLY2	1	U-01	gambiae	A. gambiae
F5HLY6	1	U-01	gambiae	A. gambiae
F5HLY8	1	U-01	gambiae	A. gambiae
F5HM02	1	U-01	gambiae	A. gambiae
F5HM03	1	U-01	gambiae	A. gambiae
F5HM07	1	U-01	gambiae	A. gambiae
F5HM18	0	unassigned	gambiae	A. gambiae
F5HM20	0	unassigned	gambiae	A. gambiae
A0A1S4HDW8	2	U-02	gambiae	A. gambiae
A0A1S4HDX0	1	U-01	gambiae	A. gambiae
A0A1S4HDX3	2	U-02	gambiae	A. gambiae
A0A1S4HDZ1	1	U-01	gambiae	A. gambiae
A0A1S4HE07	1	U-01	gambiae	A. gambiae
A0A1S4HE14	1	U-01	gambiae	A. gambiae
A0A1S4HE17	1	U-01	gambiae	A. gambiae
A0A1S4HE23	2	U-02	gambiae	A. gambiae
A0A1S4HE26	2	U-02	gambiae	A. gambiae
A0A1S4HE28	2	U-02	gambiae	A. gambiae
A0A1S4HE29	1	U-01	gambiae	A. gambiae
A0A1S4HE49	2	U-02	gambiae	A. gambiae
A0A1S4HE54	2	U-02	gambiae	A. gambiae
A0A1S4HE58	1	U-01	gambiae	A. gambiae
A0A1S4HE74	2	U-02	gambiae	A. gambiae
A0A1S4HE76	2	U-02	gambiae	A. gambiae
A0A1S4HE85	1	U-01	gambiae	A. gambiae
A0A1S4HE90	2	U-02	gambiae	A. gambiae
A0A1S4HE94	2	U-02	gambiae	A. gambiae
A0A1S4HE98	1	U-01	gambiae	A. gambiae
A0A1S4HEA2	1	U-01	gambiae	A. gambiae
A0A1S4HEB7	1	U-01	gambiae	A. gambiae
A0A1S4HEF2	2	U-02	gambiae	A. gambiae
A0A1S4HEX4	1	U-01	gambiae	A. gambiae
A0A1S4HEY8	1	U-01	gambiae	A. gambiae
A0A1S4HEZ1	1	U-01	gambiae	A. gambiae
A0A1S4HEZ6	2	U-02	gambiae	A. gambiae
A0A1S4HF02	1	U-01	gambiae	A. gambiae
A0A1S4HF56	1	U-01	gambiae	A. gambiae
A0A1S4HF71	1	U-01	gambiae	A. gambiae
A0A1S4HF81	1	U-01	gambiae	A. gambiae
A0A1S4HF85	1	U-01	gambiae	A. gambiae
A0A1S4HF86	2	U-02	gambiae	A. gambiae
A0A1S4HF96	2	U-02	gambiae	A. gambiae
A0A1S4HFA4	2	U-02	gambiae	A. gambiae
A0A1S4HFB9	2	U-02	gambiae	A. gambiae
A0A1S4HFE1	2	U-02	gambiae	A. gambiae
A0ABK8G4U8	2	U-02	gambiae	A. gambiae
A0ABK8G4Y1	2	U-02	gambiae	A. gambiae
A0ABK8G565	1	U-01	gambiae	A. gambiae
A0ABK8G577	2	U-02	gambiae	A. gambiae
A0ABK8G6B5	1	U-01	gambiae	A. gambiae
A0ABK8G6C4	1	U-01	gambiae	A. gambiae
A0ABK8G6F2	1	U-01	gambiae	A. gambiae
A0ABK8G6H0	1	U-01	gambiae	A. gambiae
A0ABK8G6U3	1	U-01	gambiae	A. gambiae
A0ABK8G7N4	1	U-01	gambiae	A. gambiae
A0ABK8G7P4	1	U-01	gambiae	A. gambiae
A0ABK8G7Q4	1	U-01	gambiae	A. gambiae
A0ABK8G7Q7	1	U-01	gambiae	A. gambiae
A0ABK8G7R1	2	U-02	gambiae	A. gambiae
A0ABK8G7R2	2	U-02	gambiae	A. gambiae
A0ABK8G7R8	2	U-02	gambiae	A. gambiae
A0ABK8G7S0	1	U-01	gambiae	A. gambiae
A0ABK8G7S4	2	U-02	gambiae	A. gambiae
A0ABK8G7S9	1	U-01	gambiae	A. gambiae
A0ABK8G7T1	1	U-01	gambiae	A. gambiae
A0ABK8G7T2	2	U-02	gambiae	A. gambiae
A0ABK8G7T4	2	U-02	gambiae	A. gambiae
A0ABK8G7U0	2	U-02	gambiae	A. gambiae
A0ABK8G7U1	2	U-02	gambiae	A. gambiae
A0ABK8G7U2	1	U-01	gambiae	A. gambiae
A0ABK8G7V1	1	U-01	gambiae	A. gambiae
A0ABK8G7V9	1	U-01	gambiae	A. gambiae
A0ABK8G7W7	1	U-01	gambiae	A. gambiae
A0ABK8G7Y6	1	U-01	gambiae	A. gambiae
A0ABK8G7Z0	1	U-01	gambiae	A. gambiae
A0ABK8G800	1	U-01	gambiae	A. gambiae
A0NAB3	1	U-01	gambiae	A. gambiae
A0NAC2	1	U-01	gambiae	A. gambiae
A0NAE8	1	U-01	gambiae	A. gambiae
A0NAG7	1	U-01	gambiae	A. gambiae
A0NAG9	1	U-01	gambiae	A. gambiae
A0NAJ2	2	U-02	gambiae	A. gambiae
A0NAJ5	2	U-02	gambiae	A. gambiae
A0NAK7	1	U-01	gambiae	A. gambiae
A0NAL0	2	U-02	gambiae	A. gambiae
A0NAS8	1	U-01	gambiae	A. gambiae
A0NAU2	1	U-01	gambiae	A. gambiae
A0NAV0	0	unassigned	gambiae	A. gambiae
A0NAV1	1	U-01	gambiae	A. gambiae
A0NAX1	1	U-01	gambiae	A. gambiae
A0NAX7	1	U-01	gambiae	A. gambiae
A0NAZ8	2	U-02	gambiae	A. gambiae
A0NB03	2	U-02	gambiae	A. gambiae
A0NB42	2	U-02	gambiae	A. gambiae
A0NB45	1	U-01	gambiae	A. gambiae
A0NB49	2	U-02	gambiae	A. gambiae
A0NB55	1	U-01	gambiae	A. gambiae
A0NB58	1	U-01	gambiae	A. gambiae
A0NB81	0	unassigned	gambiae	A. gambiae
A0NB86	0	unassigned	gambiae	A. gambiae
A0NBC3	1	U-01	gambiae	A. gambiae
A0NBC4	1	U-01	gambiae	A. gambiae
A0NBC5	1	U-01	gambiae	A. gambiae
A0NBD9	2	U-02	gambiae	A. gambiae
A0NBE9	2	U-02	gambiae	A. gambiae
A0NBF1	2	U-02	gambiae	A. gambiae
A0NBI6	1	U-01	gambiae	A. gambiae
A0NBI8	1	U-01	gambiae	A. gambiae
A0A1S4H3U2	1	U-01	gambiae	A. gambiae
A0A1S4H3V2	1	U-01	gambiae	A. gambiae
A0A1S4H3W2	2	U-02	gambiae	A. gambiae
A0A1S4H3W3	1	U-01	gambiae	A. gambiae
A0A1S4H3W6	1	U-01	gambiae	A. gambiae
A0A1S4H3W8	2	U-02	gambiae	A. gambiae
A0A1S4H3W9	1	U-01	gambiae	A. gambiae
A0A1S4H3X3	1	U-01	gambiae	A. gambiae
A0A1S4H3Y2	1	U-01	gambiae	A. gambiae
A0A1S4H3Y8	1	U-01	gambiae	A. gambiae
A0A1S4H3Y9	1	U-01	gambiae	A. gambiae
A0A1S4H3Z7	2	U-02	gambiae	A. gambiae
A0A1S4H402	1	U-01	gambiae	A. gambiae
A0A1S4H405	1	U-01	gambiae	A. gambiae
A0A1S4H408	1	U-01	gambiae	A. gambiae
A0A1S4H410	1	U-01	gambiae	A. gambiae
A0A1S4H411	1	U-01	gambiae	A. gambiae
A0A1S4H413	1	U-01	gambiae	A. gambiae
A0A1S4H416	1	U-01	gambiae	A. gambiae
A0A1S4H417	1	U-01	gambiae	A. gambiae
A0A1S4H421	1	U-01	gambiae	A. gambiae
A0A1S4H425	1	U-01	gambiae	A. gambiae
A0A1S4H426	1	U-01	gambiae	A. gambiae
A0A1S4H427	1	U-01	gambiae	A. gambiae
A0A1S4H438	1	U-01	gambiae	A. gambiae
A0A1S4H445	2	U-02	gambiae	A. gambiae
A0A1S4H447	2	U-02	gambiae	A. gambiae
A0A1S4H450	2	U-02	gambiae	A. gambiae
A0A1S4H451	2	U-02	gambiae	A. gambiae
A0A1S4H454	1	U-01	gambiae	A. gambiae
A0A1S4HCV6	1	U-01	gambiae	A. gambiae
A0A1S4HCV7	2	U-02	gambiae	A. gambiae
A0A1S4HCV9	1	U-01	gambiae	A. gambiae
A0A1S4HCW0	1	U-01	gambiae	A. gambiae
A0A1S4HCW2	1	U-01	gambiae	A. gambiae
A0A1S4HCW6	1	U-01	gambiae	A. gambiae
A0A1S4HCX0	2	U-02	gambiae	A. gambiae
A0A1S4HCX2	1	U-01	gambiae	A. gambiae
A0A1S4HCX4	0	unassigned	gambiae	A. gambiae
A0A1S4HCX7	0	unassigned	gambiae	A. gambiae
A0A1S4HCX8	1	U-01	gambiae	A. gambiae
A0A1S4HCX9	1	U-01	gambiae	A. gambiae
A0A1S4HCY0	1	U-01	gambiae	A. gambiae
A0A1S4HCY1	0	unassigned	gambiae	A. gambiae
A0A1S4HCY5	1	U-01	gambiae	A. gambiae
A0A1S4HCY7	2	U-02	gambiae	A. gambiae
A0A1S4HCY8	1	U-01	gambiae	A. gambiae
A0A1S4HCY9	1	U-01	gambiae	A. gambiae
A0A1S4HCZ0	1	U-01	gambiae	A. gambiae
A0A1S4HCZ3	1	U-01	gambiae	A. gambiae
A0A1S4HCZ4	0	unassigned	gambiae	A. gambiae
A0A1S4HCZ5	2	U-02	gambiae	A. gambiae
A0A1S4HCZ7	1	U-01	gambiae	A. gambiae
A0A1S4HCZ8	2	U-02	gambiae	A. gambiae
A0A1S4HCZ9	1	U-01	gambiae	A. gambiae
A0A1S4HD02	1	U-01	gambiae	A. gambiae
A0A1S4HD03	2	U-02	gambiae	A. gambiae
A0A1S4HD04	1	U-01	gambiae	A. gambiae
A0A1S4HD05	1	U-01	gambiae	A. gambiae
A0A1S4HD08	1	U-01	gambiae	A. gambiae
A0A1S4HD09	1	U-01	gambiae	A. gambiae
A0A1S4HD10	1	U-01	gambiae	A. gambiae
A0A1S4HD14	1	U-01	gambiae	A. gambiae
A0A1S4HD15	1	U-01	gambiae	A. gambiae
A0A1S4HD16	1	U-01	gambiae	A. gambiae
A0A1S4HD18	1	U-01	gambiae	A. gambiae
A0A1S4HD19	1	U-01	gambiae	A. gambiae
A0A1S4HD20	1	U-01	gambiae	A. gambiae
A0A1S4HD23	2	U-02	gambiae	A. gambiae
A0A1S4HD24	1	U-01	gambiae	A. gambiae
A0A1S4HD29	1	U-01	gambiae	A. gambiae
A0A1S4HD30	1	U-01	gambiae	A. gambiae
A0A1S4HD32	1	U-01	gambiae	A. gambiae
A0A1S4HD34	2	U-02	gambiae	A. gambiae
A0A1S4HD35	1	U-01	gambiae	A. gambiae
A0A1S4HD37	1	U-01	gambiae	A. gambiae
A0A1S4HD41	2	U-02	gambiae	A. gambiae
A0A1S4HD43	2	U-02	gambiae	A. gambiae
A0A1S4HD44	2	U-02	gambiae	A. gambiae
A0A1S4HD45	1	U-01	gambiae	A. gambiae
A0A1S4HD47	2	U-02	gambiae	A. gambiae
A0A1S4HD50	1	U-01	gambiae	A. gambiae
A0A1S4HD52	0	unassigned	gambiae	A. gambiae
A0A1S4HD53	0	unassigned	gambiae	A. gambiae
A0A1S4HD54	1	U-01	gambiae	A. gambiae
A0A1S4HD57	2	U-02	gambiae	A. gambiae
A0A1S4HD59	1	U-01	gambiae	A. gambiae
A0A1S4HD60	1	U-01	gambiae	A. gambiae
A0A1S4HD63	1	U-01	gambiae	A. gambiae
A0A1S4HD65	2	U-02	gambiae	A. gambiae
A0A1S4HD67	1	U-01	gambiae	A. gambiae
A0A1S4HD69	1	U-01	gambiae	A. gambiae
A0A1S4HD72	1	U-01	gambiae	A. gambiae
A0A1S4HD73	1	U-01	gambiae	A. gambiae
A0A1S4HD75	1	U-01	gambiae	A. gambiae
A0A1S4HD77	1	U-01	gambiae	A. gambiae
A0A1S4HD79	1	U-01	gambiae	A. gambiae
A0A1S4HD82	1	U-01	gambiae	A. gambiae
A0A1S4HD83	1	U-01	gambiae	A. gambiae
A0A1S4HD84	1	U-01	gambiae	A. gambiae
Q7PYF1	1	U-01	gambiae	A. gambiae
Q7PYI2	1	U-01	gambiae	A. gambiae
Q7PYJ3	1	U-01	gambiae	A. gambiae
Q7PYJ5	1	U-01	gambiae	A. gambiae
Q7PYJ8	1	U-01	gambiae	A. gambiae
Q7PYK3	2	U-02	gambiae	A. gambiae
Q7PYK6	2	U-02	gambiae	A. gambiae
Q7PYK8	2	U-02	gambiae	A. gambiae
Q7PYL0	1	U-01	gambiae	A. gambiae
Q7PYL8	1	U-01	gambiae	A. gambiae
Q7PYL9	1	U-01	gambiae	A. gambiae
Q7PYM1	2	U-02	gambiae	A. gambiae
Q7PYM2	2	U-02	gambiae	A. gambiae
Q7PYM3	1	U-01	gambiae	A. gambiae
Q7PYM5	1	U-01	gambiae	A. gambiae
Q7PYP1	1	U-01	gambiae	A. gambiae
Q7PYP3	1	U-01	gambiae	A. gambiae
Q7PYQ1	1	U-01	gambiae	A. gambiae
Q7PYQ6	1	U-01	gambiae	A. gambiae
Q7PYR7	1	U-01	gambiae	A. gambiae
Q7PYR8	1	U-01	gambiae	A. gambiae
Q7PYS7	1	U-01	gambiae	A. gambiae
Q7PYU8	1	U-01	gambiae	A. gambiae
Q7QDK3	1	U-01	gambiae	A. gambiae
Q7QDL0	1	U-01	gambiae	A. gambiae
Q7QDL5	1	U-01	gambiae	A. gambiae
Q7QDL6	1	U-01	gambiae	A. gambiae
Q7QDL7	1	U-01	gambiae	A. gambiae
Q7QDP3	1	U-01	gambiae	A. gambiae
Q7QDT4	1	U-01	gambiae	A. gambiae
Q7QDU7	1	U-01	gambiae	A. gambiae
Q7QDW0	1	U-01	gambiae	A. gambiae
Q7QDX7	1	U-01	gambiae	A. gambiae
Q7QDY2	1	U-01	gambiae	A. gambiae
Q7QDY6	1	U-01	gambiae	A. gambiae
Q7QE07	1	U-01	gambiae	A. gambiae
Q7QE25	1	U-01	gambiae	A. gambiae
Q7QE28	1	U-01	gambiae	A. gambiae
Q7QE49	2	U-02	gambiae	A. gambiae
Q7QE50	1	U-01	gambiae	A. gambiae
Q7QE53	1	U-01	gambiae	A. gambiae
Q7QE61	1	U-01	gambiae	A. gambiae
Q7QE64	1	U-01	gambiae	A. gambiae
Q7QE72	1	U-01	gambiae	A. gambiae
Q7QE78	1	U-01	gambiae	A. gambiae
Q7QE80	1	U-01	gambiae	A. gambiae
Q7QE82	1	U-01	gambiae	A. gambiae
Q7QE84	1	U-01	gambiae	A. gambiae
Q7QEA2	1	U-01	gambiae	A. gambiae
Q7QEA3	1	U-01	gambiae	A. gambiae
Q7QEB8	1	U-01	gambiae	A. gambiae
Q7QEB9	1	U-01	gambiae	A. gambiae
Q7QEC3	1	U-01	gambiae	A. gambiae
Q7QEC4	1	U-01	gambiae	A. gambiae
Q7QEC8	1	U-01	gambiae	A. gambiae
Q7QED2	1	U-01	gambiae	A. gambiae
Q7QED8	1	U-01	gambiae	A. gambiae
Q7QED9	1	U-01	gambiae	A. gambiae
Q7QEE6	1	U-01	gambiae	A. gambiae
Q7QEF0	1	U-01	gambiae	A. gambiae
Q7QEF4	1	U-01	gambiae	A. gambiae
Q7QEG2	1	U-01	gambiae	A. gambiae
Q7QEG3	1	U-01	gambiae	A. gambiae
Q7QEG9	2	U-02	gambiae	A. gambiae
Q7QEH2	1	U-01	gambiae	A. gambiae
Q7QEH3	1	U-01	gambiae	A. gambiae
Q7QEI2	1	U-01	gambiae	A. gambiae
Q7QEK0	1	U-01	gambiae	A. gambiae
Q7QEL2	1	U-01	gambiae	A. gambiae
Q7QEL5	1	U-01	gambiae	A. gambiae
Q7QEN9	1	U-01	gambiae	A. gambiae
Q7QEP2	1	U-01	gambiae	A. gambiae
Q7QEP3	2	U-02	gambiae	A. gambiae
Q7QEP7	1	U-01	gambiae	A. gambiae
Q7QEP8	1	U-01	gambiae	A. gambiae
Q7QEQ0	1	U-01	gambiae	A. gambiae
Q7QEQ7	1	U-01	gambiae	A. gambiae
Q7QEQ8	1	U-01	gambiae	A. gambiae
Q7QEQ9	1	U-01	gambiae	A. gambiae
Q7QER9	1	U-01	gambiae	A. gambiae
Q7QES7	1	U-01	gambiae	A. gambiae
Q7QET0	1	U-01	gambiae	A. gambiae
Q7QET1	1	U-01	gambiae	A. gambiae
Q7QET5	2	U-02	gambiae	A. gambiae
Q7QET6	1	U-01	gambiae	A. gambiae
Q7QEU2	1	U-01	gambiae	A. gambiae
Q7QEU6	1	U-01	gambiae	A. gambiae
Q7QEV2	1	U-01	gambiae	A. gambiae
Q7QEV7	1	U-01	gambiae	A. gambiae
Q7QEW6	1	U-01	gambiae	A. gambiae
Q7QEY6	1	U-01	gambiae	A. gambiae
Q7QEZ1	1	U-01	gambiae	A. gambiae
Q7QF01	1	U-01	gambiae	A. gambiae
Q7QF04	1	U-01	gambiae	A. gambiae
Q7QF07	1	U-01	gambiae	A. gambiae
Q7QF09	1	U-01	gambiae	A. gambiae
Q7QF10	1	U-01	gambiae	A. gambiae
Q7QF11	1	U-01	gambiae	A. gambiae
Q7QF20	1	U-01	gambiae	A. gambiae
Q7QF21	1	U-01	gambiae	A. gambiae
Q7QEA1	1	U-01	gambiae	A. gambiae
Q7QEA4	1	U-01	gambiae	A. gambiae
Q7QL44	1	U-01	gambiae	A. gambiae
Q7QL45	1	U-01	gambiae	A. gambiae
Q7QL50	1	U-01	gambiae	A. gambiae
Q7QL67	1	U-01	gambiae	A. gambiae
Q7QL68	2	U-02	gambiae	A. gambiae
Q7QL77	1	U-01	gambiae	A. gambiae
Q7QLC7	1	U-01	gambiae	A. gambiae
Q7QLF0	1	U-01	gambiae	A. gambiae
Q7QLH2	1	U-01	gambiae	A. gambiae
Q7QLH6	1	U-01	gambiae	A. gambiae
Q7QLJ5	1	U-01	gambiae	A. gambiae
Q7QLK3	2	U-02	gambiae	A. gambiae
Q7QLL8	0	unassigned	gambiae	A. gambiae
Q7QLM0	0	unassigned	gambiae	A. gambiae
Q7QLN3	1	U-01	gambiae	A. gambiae
Q7QLN5	1	U-01	gambiae	A. gambiae
Q7QM15	1	U-01	gambiae	A. gambiae
Q7QMC1	1	U-01	gambiae	A. gambiae
Q7QMI2	2	U-02	gambiae	A. gambiae
Q7QN96	1	U-01	gambiae	A. gambiae
Q7QN98	0	unassigned	gambiae	A. gambiae
Q7QNF3	1	U-01	gambiae	A. gambiae
Q7QNH1	0	unassigned	gambiae	A. gambiae
Q7QNJ4	1	U-01	gambiae	A. gambiae
Q7QNM4	1	U-01	gambiae	A. gambiae
Q86D84	0	unassigned	gambiae	A. gambiae
Q8I8R2	2	U-02	gambiae	A. gambiae
Q8I8S6	2	U-02	gambiae	A. gambiae
Q8MUF3	1	U-01	gambiae	A. gambiae
Q8MUF4	1	U-01	gambiae	A. gambiae
Q8T5H5	2	U-02	gambiae	A. gambiae
Q8T5H8	1	U-01	gambiae	A. gambiae
Q8T5I2	1	U-01	gambiae	A. gambiae
Q8T5I3	1	U-01	gambiae	A. gambiae
Q8T5I4	1	U-01	gambiae	A. gambiae
Q8T5I6	1	U-01	gambiae	A. gambiae
Q8T5I7	1	U-01	gambiae	A. gambiae
Q8T5I8	1	U-01	gambiae	A. gambiae
Q8WQJ9	0	unassigned	gambiae	A. gambiae
Q8WRE5	2	U-02	gambiae	A. gambiae
Q93118	2	U-02	gambiae	A. gambiae
Q9GT45	1	U-01	gambiae	A. gambiae
Q9U9L1	1	U-01	gambiae	A. gambiae
Q9U9L2	1	U-01	gambiae	A. gambiae
A0A0E3W272	1	U-01	gambiae	A. gambiae
A0A0E3W273	1	U-01	gambiae	A. gambiae
A0A0E3W278	1	U-01	gambiae	A. gambiae
A0A0E3W279	1	U-01	gambiae	A. gambiae
A0A0E3W281	2	U-02	gambiae	A. gambiae
A0A0E3W282	2	U-02	gambiae	A. gambiae
A0A0E3W285	1	U-01	gambiae	A. gambiae
A0A0E3W286	1	U-01	gambiae	A. gambiae
A0A0E3W287	1	U-01	gambiae	A. gambiae
A0A0E3W288	1	U-01	gambiae	A. gambiae
A0A0E3W289	0	unassigned	gambiae	A. gambiae
A0A0E3W297	1	U-01	gambiae	A. gambiae
A0A0E3W298	1	U-01	gambiae	A. gambiae
A0A0E3W299	1	U-01	gambiae	A. gambiae
A0A0E3W2A7	1	U-01	gambiae	A. gambiae
A0A0E3W2B2	1	U-01	gambiae	A. gambiae
A0A0E3W2B5	1	U-01	gambiae	A. gambiae
A0A0E3W2B9	0	unassigned	gambiae	A. gambiae
A0A0E3W2C4	1	U-01	gambiae	A. gambiae
A0A0E3W2D0	1	U-01	gambiae	A. gambiae
A0A0E3W2D8	1	U-01	gambiae	A. gambiae
A0A0E4C6Z3	1	U-01	gambiae	A. gambiae
A0A0E4C712	1	U-01	gambiae	A. gambiae
A0A0E4C715	1	U-01	gambiae	A. gambiae
A0A0E4C717	1	U-01	gambiae	A. gambiae
A0A0E4C720	1	U-01	gambiae	A. gambiae
A0A0E4C721	1	U-01	gambiae	A. gambiae
A0A0E4C724	2	U-02	gambiae	A. gambiae
A0A0E4C725	2	U-02	gambiae	A. gambiae
A0A0E4C727	1	U-01	gambiae	A. gambiae
A0A0E4C731	1	U-01	gambiae	A. gambiae
A0A0E4C737	1	U-01	gambiae	A. gambiae
A0A0E4C740	1	U-01	gambiae	A. gambiae
A0A0E4C742	1	U-01	gambiae	A. gambiae
A0A0E4C745	2	U-02	gambiae	A. gambiae
A0A0E4C747	1	U-01	gambiae	A. gambiae
A0A0E4C748	1	U-01	gambiae	A. gambiae
A0A0E4C750	1	U-01	gambiae	A. gambiae
A0A0E4C751	1	U-01	gambiae	A. gambiae
A0A0E4C753	1	U-01	gambiae	A. gambiae
A0A0E4C754	1	U-01	gambiae	A. gambiae
A0A0E4C762	2	U-02	gambiae	A. gambiae
A0A0E4C764	1	U-01	gambiae	A. gambiae
A0A0E4C768	1	U-01	gambiae	A. gambiae
A0A0E4C770	1	U-01	gambiae	A. gambiae
A0A0E4C772	1	U-01	gambiae	A. gambiae
A0A0E4C773	1	U-01	gambiae	A. gambiae
A0A0E4C776	1	U-01	gambiae	A. gambiae
A0A0E4C777	1	U-01	gambiae	A. gambiae
A0A0E4C781	1	U-01	gambiae	A. gambiae
A0A0E4C784	1	U-01	gambiae	A. gambiae
A0A0E4C786	1	U-01	gambiae	A. gambiae
A0A0E4C788	1	U-01	gambiae	A. gambiae
A0A0E4C790	1	U-01	gambiae	A. gambiae
Q7PUB5	1	U-01	gambiae	A. gambiae
Q7PUC1	1	U-01	gambiae	A. gambiae
Q7PUC5	1	U-01	gambiae	A. gambiae
Q7PUD2	1	U-01	gambiae	A. gambiae
Q7PUD4	1	U-01	gambiae	A. gambiae
Q7PUE0	1	U-01	gambiae	A. gambiae
Q7PUF6	1	U-01	gambiae	A. gambiae
Q7PUI0	1	U-01	gambiae	A. gambiae
Q7PUI5	1	U-01	gambiae	A. gambiae
Q7PUJ7	1	U-01	gambiae	A. gambiae
Q7PUK3	2	U-02	gambiae	A. gambiae
Q7PUK8	1	U-01	gambiae	A. gambiae
Q7PUL5	2	U-02	gambiae	A. gambiae
Q7PUM3	1	U-01	gambiae	A. gambiae
Q7PUN0	1	U-01	gambiae	A. gambiae
Q7PUN1	1	U-01	gambiae	A. gambiae
Q7PUN4	1	U-01	gambiae	A. gambiae
Q7PUR0	0	unassigned	gambiae	A. gambiae
Q7PUR3	1	U-01	gambiae	A. gambiae
Q7PUS4	1	U-01	gambiae	A. gambiae
Q7PUT2	1	U-01	gambiae	A. gambiae
Q7PUT5	0	unassigned	gambiae	A. gambiae
Q7PUT6	1	U-01	gambiae	A. gambiae
Q7PUU2	1	U-01	gambiae	A. gambiae
Q7PUU7	1	U-01	gambiae	A. gambiae
Q7PUV7	1	U-01	gambiae	A. gambiae
Q7PUY3	1	U-01	gambiae	A. gambiae
Q7PV04	1	U-01	gambiae	A. gambiae
Q7PV37	1	U-01	gambiae	A. gambiae
Q7PV40	2	U-02	gambiae	A. gambiae
Q7PV78	1	U-01	gambiae	A. gambiae
Q7PV82	1	U-01	gambiae	A. gambiae
Q7PVC5	1	U-01	gambiae	A. gambiae
Q7PVN1	1	U-01	gambiae	A. gambiae
Q7PVR2	1	U-01	gambiae	A. gambiae
Q7PVW6	1	U-01	gambiae	A. gambiae
Q7PVY0	1	U-01	gambiae	A. gambiae
Q7PVY7	1	U-01	gambiae	A. gambiae
Q7PVZ4	2	U-02	gambiae	A. gambiae
Q7PW02	1	U-01	gambiae	A. gambiae
Q7PW24	1	U-01	gambiae	A. gambiae
Q7PW26	1	U-01	gambiae	A. gambiae
Q7PW32	1	U-01	gambiae	A. gambiae
Q7PW63	1	U-01	gambiae	A. gambiae
Q7PW71	1	U-01	gambiae	A. gambiae
Q7PW81	1	U-01	gambiae	A. gambiae
Q7PW93	1	U-01	gambiae	A. gambiae
Q7PWA7	1	U-01	gambiae	A. gambiae
Q7PWB1	1	U-01	gambiae	A. gambiae
Q7PWE6	2	U-02	gambiae	A. gambiae
Q7PWF3	1	U-01	gambiae	A. gambiae
Q7PWG7	1	U-01	gambiae	A. gambiae
Q7PWJ8	1	U-01	gambiae	A. gambiae
Q7PWL4	1	U-01	gambiae	A. gambiae
Q7PWL6	2	U-02	gambiae	A. gambiae
Q7PWN1	1	U-01	gambiae	A. gambiae
Q7PWP8	1	U-01	gambiae	A. gambiae
Q7PWR1	1	U-01	gambiae	A. gambiae
Q7PWR4	1	U-01	gambiae	A. gambiae
Q7PWT5	1	U-01	gambiae	A. gambiae
Q7PWU1	0	unassigned	gambiae	A. gambiae
Q7PWU4	1	U-01	gambiae	A. gambiae
Q7PWU9	1	U-01	gambiae	A. gambiae
Q7PWV2	1	U-01	gambiae	A. gambiae
Q7PWW1	1	U-01	gambiae	A. gambiae
Q7PWW7	1	U-01	gambiae	A. gambiae
Q7PWW9	1	U-01	gambiae	A. gambiae
Q7PWX7	1	U-01	gambiae	A. gambiae
Q7PWY6	2	U-02	gambiae	A. gambiae
Q7PX01	1	U-01	gambiae	A. gambiae
Q7PX25	2	U-02	gambiae	A. gambiae
Q7PX26	2	U-02	gambiae	A. gambiae
Q7PX27	2	U-02	gambiae	A. gambiae
Q7PX32	2	U-02	gambiae	A. gambiae
Q7PX43	1	U-01	gambiae	A. gambiae
Q7PX47	1	U-01	gambiae	A. gambiae
Q7PX48	1	U-01	gambiae	A. gambiae
Q7PX54	1	U-01	gambiae	A. gambiae
Q7PX56	1	U-01	gambiae	A. gambiae
Q7Q7X0	0	unassigned	gambiae	A. gambiae
Q7Q7X8	1	U-01	gambiae	A. gambiae
Q7Q7X9	1	U-01	gambiae	A. gambiae
Q7Q7Y4	1	U-01	gambiae	A. gambiae
Q7Q7Z9	1	U-01	gambiae	A. gambiae
Q7Q807	2	U-02	gambiae	A. gambiae
Q7Q817	1	U-01	gambiae	A. gambiae
Q7Q881	1	U-01	gambiae	A. gambiae
Q7Q887	1	U-01	gambiae	A. gambiae
Q7Q891	1	U-01	gambiae	A. gambiae
Q7Q8A5	1	U-01	gambiae	A. gambiae
Q7Q8A7	1	U-01	gambiae	A. gambiae
Q7Q8B4	1	U-01	gambiae	A. gambiae
Q7Q8D3	1	U-01	gambiae	A. gambiae
Q7Q8G0	2	U-02	gambiae	A. gambiae
Q7Q8G6	2	U-02	gambiae	A. gambiae
Q7Q8J2	1	U-01	gambiae	A. gambiae
Q7Q8J9	1	U-01	gambiae	A. gambiae
Q7Q8P6	0	unassigned	gambiae	A. gambiae
Q7Q8Q0	1	U-01	gambiae	A. gambiae
Q7Q8Q6	1	U-01	gambiae	A. gambiae
A0A1S4GY56	2	U-02	gambiae	A. gambiae
A0A1S4GY62	2	U-02	gambiae	A. gambiae
A0A1S4GY65	1	U-01	gambiae	A. gambiae
A0A1S4GY70	1	U-01	gambiae	A. gambiae
A0A1S4GY72	1	U-01	gambiae	A. gambiae
A0A1S4GY80	1	U-01	gambiae	A. gambiae
A0A1S4GY82	2	U-02	gambiae	A. gambiae
A0A1S4GY87	1	U-01	gambiae	A. gambiae
A0A1S4GY90	1	U-01	gambiae	A. gambiae
A0A1S4GY97	1	U-01	gambiae	A. gambiae
A0A1S4GYA1	1	U-01	gambiae	A. gambiae
A0A1S4GYA5	1	U-01	gambiae	A. gambiae
A0A1S4GYA8	1	U-01	gambiae	A. gambiae
A0A1S4GYB9	1	U-01	gambiae	A. gambiae
A0A1S4GYC4	1	U-01	gambiae	A. gambiae
A0A1S4GYD1	1	U-01	gambiae	A. gambiae
A0A1S4GYD6	1	U-01	gambiae	A. gambiae
A0A1S4GYD7	1	U-01	gambiae	A. gambiae
A0A1S4GYD9	1	U-01	gambiae	A. gambiae
A0A1S4GYF1	1	U-01	gambiae	A. gambiae
A0A1S4GYF5	1	U-01	gambiae	A. gambiae
A0A1S4GYF9	1	U-01	gambiae	A. gambiae
A0A1S4GYG2	1	U-01	gambiae	A. gambiae
A0A1S4GYG5	1	U-01	gambiae	A. gambiae
A0A1S4GYI0	1	U-01	gambiae	A. gambiae
A0A1S4GYI1	1	U-01	gambiae	A. gambiae
A0A1S4GYI3	1	U-01	gambiae	A. gambiae
A0A1S4GYI5	1	U-01	gambiae	A. gambiae
A0A1S4GYI8	1	U-01	gambiae	A. gambiae
A0A1S4GYI9	1	U-01	gambiae	A. gambiae
A0A1S4GYJ1	1	U-01	gambiae	A. gambiae
A0A1S4GYK4	2	U-02	gambiae	A. gambiae
A0A1S4GYK5	1	U-01	gambiae	A. gambiae
A0A1S4GYK7	1	U-01	gambiae	A. gambiae
A0A1S4GYL2	2	U-02	gambiae	A. gambiae
A0A1S4GYL6	2	U-02	gambiae	A. gambiae
A0A1S4GYM1	1	U-01	gambiae	A. gambiae
A0A1S4GYM7	2	U-02	gambiae	A. gambiae
A0A1S4GYM9	1	U-01	gambiae	A. gambiae
A0A1S4GYN8	2	U-02	gambiae	A. gambiae
A0A1S4GYP0	1	U-01	gambiae	A. gambiae
A0A1S4GYP5	2	U-02	gambiae	A. gambiae
A0A1S4GYP9	1	U-01	gambiae	A. gambiae
A0A1S4GYQ4	1	U-01	gambiae	A. gambiae
A0A1S4GYQ8	0	unassigned	gambiae	A. gambiae
A0A1S4GYR3	2	U-02	gambiae	A. gambiae
A0A1S4GYR8	2	U-02	gambiae	A. gambiae
A0A1S4GYR9	1	U-01	gambiae	A. gambiae
A0A1S4GYS1	1	U-01	gambiae	A. gambiae
A0A1S4GYS5	1	U-01	gambiae	A. gambiae
A0A1S4GYT0	1	U-01	gambiae	A. gambiae
A0A1S4GYT4	1	U-01	gambiae	A. gambiae
A0A1S4GYT7	1	U-01	gambiae	A. gambiae
A0A1S4GYT9	1	U-01	gambiae	A. gambiae
A0A1S4GYU1	2	U-02	gambiae	A. gambiae
A0A1S4GYU5	2	U-02	gambiae	A. gambiae
A0A1S4GYU6	2	U-02	gambiae	A. gambiae
A0A1S4GYU8	1	U-01	gambiae	A. gambiae
A0A1S4GYU9	1	U-01	gambiae	A. gambiae
A0A1S4GYV0	2	U-02	gambiae	A. gambiae
A0A1S4GYV3	2	U-02	gambiae	A. gambiae
A0A1S4GYV4	2	U-02	gambiae	A. gambiae
A0A1S4GYW0	1	U-01	gambiae	A. gambiae
A0A1S4GYW6	1	U-01	gambiae	A. gambiae
A0A1S4GYW8	2	U-02	gambiae	A. gambiae
A0A1S4GYX0	1	U-01	gambiae	A. gambiae
A0A453YTU8	1	U-01	gambiae	A. gambiae
A0A453YTV1	2	U-02	gambiae	A. gambiae
A0A453YTV5	2	U-02	gambiae	A. gambiae
A0A453YTW9	2	U-02	gambiae	A. gambiae
A0A453YTY9	1	U-01	gambiae	A. gambiae
A0A453YTZ6	1	U-01	gambiae	A. gambiae
A0A453YU30	1	U-01	gambiae	A. gambiae
A0A453YU53	1	U-01	gambiae	A. gambiae
A0A453YU59	1	U-01	gambiae	A. gambiae
A0A453YU70	1	U-01	gambiae	A. gambiae
A0A453YUC1	1	U-01	gambiae	A. gambiae
A0A453YUC6	1	U-01	gambiae	A. gambiae
A0A453YUI7	1	U-01	gambiae	A. gambiae
A0A453YUJ4	2	U-02	gambiae	A. gambiae
A0A453YUN3	1	U-01	gambiae	A. gambiae
A0A453YUS4	1	U-01	gambiae	A. gambiae
A0A453YUX6	1	U-01	gambiae	A. gambiae
A0A453YV52	1	U-01	gambiae	A. gambiae
A0A453YVB8	1	U-01	gambiae	A. gambiae
A0A453YVI5	1	U-01	gambiae	A. gambiae
A0A453YVZ3	1	U-01	gambiae	A. gambiae
A0A453YVZ9	1	U-01	gambiae	A. gambiae
A0A453YW84	1	U-01	gambiae	A. gambiae
A0A453YWD3	1	U-01	gambiae	A. gambiae
A0A453YWI5	1	U-01	gambiae	A. gambiae
A0A453YWN4	2	U-02	gambiae	A. gambiae
A0A453YWU9	1	U-01	gambiae	A. gambiae
A0A453YWV7	1	U-01	gambiae	A. gambiae
A0A453YXL5	1	U-01	gambiae	A. gambiae
A0A453YXQ1	2	U-02	gambiae	A. gambiae
A0A453YXR2	2	U-02	gambiae	A. gambiae
A0A453YXR4	1	U-01	gambiae	A. gambiae
A0A453YXZ9	1	U-01	gambiae	A. gambiae
A0A453YY07	1	U-01	gambiae	A. gambiae
A0A2C9H3S7	2	U-02	gambiae	A. gambiae
A0A2C9H3S8	1	U-01	gambiae	A. gambiae
A0A2C9H3T0	0	unassigned	gambiae	A. gambiae
A0A2C9H3T1	2	U-02	gambiae	A. gambiae
A0A2C9H3T3	2	U-02	gambiae	A. gambiae
A0A2C9H3T6	1	U-01	gambiae	A. gambiae
A0A2C9H3T7	1	U-01	gambiae	A. gambiae
A0A2C9H3T9	2	U-02	gambiae	A. gambiae
A0A2C9H3U0	1	U-01	gambiae	A. gambiae
A0A2C9H3U2	1	U-01	gambiae	A. gambiae
A0A2C9H3U4	1	U-01	gambiae	A. gambiae
A0A2C9H3U6	2	U-02	gambiae	A. gambiae
A0A2C9H3V0	1	U-01	gambiae	A. gambiae
A0A2C9H3V2	2	U-02	gambiae	A. gambiae
A0A2C9H3V3	1	U-01	gambiae	A. gambiae
A0A2C9H3V5	1	U-01	gambiae	A. gambiae
A0A2C9H3V8	1	U-01	gambiae	A. gambiae
A0A2C9H3V9	1	U-01	gambiae	A. gambiae
A0A2C9H3W1	1	U-01	gambiae	A. gambiae
A0A2C9H3W4	1	U-01	gambiae	A. gambiae
A0A2C9H3W6	1	U-01	gambiae	A. gambiae
A0A2C9H3W7	1	U-01	gambiae	A. gambiae
A0A2C9H3W8	1	U-01	gambiae	A. gambiae
A0A2C9H3W9	1	U-01	gambiae	A. gambiae
A0A2C9H3X0	1	U-01	gambiae	A. gambiae
A0A2C9H3X2	1	U-01	gambiae	A. gambiae
A0A2C9H3X4	2	U-02	gambiae	A. gambiae
A0A2C9H3X7	1	U-01	gambiae	A. gambiae
A0A2C9H3X9	2	U-02	gambiae	A. gambiae
A0A2C9H3Y1	1	U-01	gambiae	A. gambiae
A0A2C9H3Y5	1	U-01	gambiae	A. gambiae
A0A2C9H3Z5	1	U-01	gambiae	A. gambiae
A0A2Y9D1Y7	1	U-01	gambiae	A. gambiae
A0A2Y9D267	1	U-01	gambiae	A. gambiae
A0A2Y9D279	2	U-02	gambiae	A. gambiae
A0A2Y9D282	2	U-02	gambiae	A. gambiae
A0A2Y9D283	2	U-02	gambiae	A. gambiae
A0A2Y9D285	2	U-02	gambiae	A. gambiae
A0A2Y9D286	2	U-02	gambiae	A. gambiae
A0A2Y9D287	2	U-02	gambiae	A. gambiae
A0A2Y9D288	2	U-02	gambiae	A. gambiae
A0A2Y9D291	2	U-02	gambiae	A. gambiae
A0A2Y9D292	1	U-01	gambiae	A. gambiae
A0A2Y9D294	2	U-02	gambiae	A. gambiae
A0A2Y9D297	2	U-02	gambiae	A. gambiae
A0A2Y9D299	1	U-01	gambiae	A. gambiae
A0A2Y9D2A0	2	U-02	gambiae	A. gambiae
A0A2Y9D2A2	2	U-02	gambiae	A. gambiae
A0A2Y9D2A3	2	U-02	gambiae	A. gambiae
A0A2Y9D2A6	1	U-01	gambiae	A. gambiae
A0A2Y9D2A7	2	U-02	gambiae	A. gambiae
A0A2Y9D2A8	1	U-01	gambiae	A. gambiae
A0A2Y9D2B1	1	U-01	gambiae	A. gambiae
A0A2Y9D2B3	2	U-02	gambiae	A. gambiae
A0A903XVQ0	1	U-01	gambiae	A. gambiae
A0A903XVQ5	0	unassigned	gambiae	A. gambiae
A0A903XVR0	0	unassigned	gambiae	A. gambiae
A0A903XVR5	1	U-01	gambiae	A. gambiae
A0A903XVR8	1	U-01	gambiae	A. gambiae
A0A903XVS3	1	U-01	gambiae	A. gambiae
A0A903XVS8	1	U-01	gambiae	A. gambiae
A0A903XVT3	1	U-01	gambiae	A. gambiae
A0A903XVT8	0	unassigned	gambiae	A. gambiae
A0A903XVU1	1	U-01	gambiae	A. gambiae
A0A903XVV4	2	U-02	gambiae	A. gambiae
A0A903XVW3	1	U-01	gambiae	A. gambiae
A0A903XVW8	1	U-01	gambiae	A. gambiae
A0A903XVX3	1	U-01	gambiae	A. gambiae
A0A903XVX7	1	U-01	gambiae	A. gambiae
A0A903XVY7	1	U-01	gambiae	A. gambiae
A0A903XW07	2	U-02	gambiae	A. gambiae
A0A903XWE9	1	U-01	gambiae	A. gambiae
A0A903XWJ4	1	U-01	gambiae	A. gambiae
A0A903XWW6	1	U-01	gambiae	A. gambiae
A0A903XWW7	0	unassigned	gambiae	A. gambiae
A0A903XWX6	1	U-01	gambiae	A. gambiae
A0A903XWX9	2	U-02	gambiae	A. gambiae
A0A903XWY4	1	U-01	gambiae	A. gambiae
A0A903XWY8	1	U-01	gambiae	A. gambiae
A0A903XWZ3	2	U-02	gambiae	A. gambiae
A0A903XWZ7	1	U-01	gambiae	A. gambiae
A0A903XX01	1	U-01	gambiae	A. gambiae
A0A903XX06	1	U-01	gambiae	A. gambiae
A0A903XX10	1	U-01	gambiae	A. gambiae
A0A903XX14	1	U-01	gambiae	A. gambiae
A0A903XX24	1	U-01	gambiae	A. gambiae
A0A903XX35	1	U-01	gambiae	A. gambiae
A0A903XX47	1	U-01	gambiae	A. gambiae
A0A903XX51	1	U-01	gambiae	A. gambiae
A0A903XX56	1	U-01	gambiae	A. gambiae
A0A903XX65	1	U-01	gambiae	A. gambiae
A0A903XX73	2	U-02	gambiae	A. gambiae
A0A903XX79	1	U-01	gambiae	A. gambiae
A0A903XXH7	1	U-01	gambiae	A. gambiae
A0A903XXK2	0	unassigned	gambiae	A. gambiae
A0A903XXK7	2	U-02	gambiae	A. gambiae
A0A903XXL1	2	U-02	gambiae	A. gambiae
A0A903XXL7	2	U-02	gambiae	A. gambiae
A0A903XXM0	1	U-01	gambiae	A. gambiae
A0A903XXM4	0	unassigned	gambiae	A. gambiae
A0A1S4H8H1	1	U-01	gambiae	A. gambiae
A0A1S4H8H8	2	U-02	gambiae	A. gambiae
A0A1S4H8J3	1	U-01	gambiae	A. gambiae
A0A1S4H8L0	1	U-01	gambiae	A. gambiae
A0A1S4H8L1	1	U-01	gambiae	A. gambiae
A0A1S4H8N6	2	U-02	gambiae	A. gambiae
A0A1S4H8P4	2	U-02	gambiae	A. gambiae
A0A1S4H8R8	1	U-01	gambiae	A. gambiae
A0A1S4H8S9	1	U-01	gambiae	A. gambiae
A0A1S4H906	1	U-01	gambiae	A. gambiae
A0A1S4H951	1	U-01	gambiae	A. gambiae
A0A1S4H968	2	U-02	gambiae	A. gambiae
A0A1S4H976	2	U-02	gambiae	A. gambiae
A0A1S4H978	1	U-01	gambiae	A. gambiae
A0A1S4H988	2	U-02	gambiae	A. gambiae
A0A1S4H999	1	U-01	gambiae	A. gambiae
A0A1S4H9L6	1	U-01	gambiae	A. gambiae
A0A1S4H9Q6	1	U-01	gambiae	A. gambiae
A0A1S4H9U3	1	U-01	gambiae	A. gambiae
A0A1S4H9V3	1	U-01	gambiae	A. gambiae
A0A1S4HA07	1	U-01	gambiae	A. gambiae
A0A1S4HA50	1	U-01	gambiae	A. gambiae
A0A1S4HAF4	2	U-02	gambiae	A. gambiae
A0A1S4HAG9	2	U-02	gambiae	A. gambiae
A0A1S4HBH7	1	U-01	gambiae	A. gambiae
A0A1S4HC73	1	U-01	gambiae	A. gambiae
A0A1S4HCF8	1	U-01	gambiae	A. gambiae
A0A1S4HD66	2	U-02	gambiae	A. gambiae
A0A1S4HDQ2	2	U-02	gambiae	A. gambiae
A0A1S4HDW0	1	U-01	gambiae	A. gambiae
A0A1S4HDY0	2	U-02	gambiae	A. gambiae
A0A1S4HDY6	2	U-02	gambiae	A. gambiae
A0A1S4HDZ5	1	U-01	gambiae	A. gambiae
A0A1S4HE00	1	U-01	gambiae	A. gambiae
A0A1S4HE87	1	U-01	gambiae	A. gambiae
A0A1S4HEB3	2	U-02	gambiae	A. gambiae
A0A1S4HEW2	1	U-01	gambiae	A. gambiae
A0A1S4HF25	2	U-02	gambiae	A. gambiae
A0A1Y9HT44	1	U-01	gambiae	A. gambiae
A0A1Y9I2A6	1	U-01	gambiae	A. gambiae
A0A2C9GY27	1	U-01	gambiae	A. gambiae
A0A2C9GY33	1	U-01	gambiae	A. gambiae
A0A2C9H3U5	1	U-01	gambiae	A. gambiae
A0A2C9H3X8	2	U-02	gambiae	A. gambiae
A0A3F2YXR4	1	U-01	gambiae	A. gambiae
Q7PPA2	2	U-02	gambiae	A. gambiae
Q7PPB4	1	U-01	gambiae	A. gambiae
Q7PPF9	2	U-02	gambiae	A. gambiae
Q7PPH9	1	U-01	gambiae	A. gambiae
Q7PPI5	1	U-01	gambiae	A. gambiae
Q7PPN7	1	U-01	gambiae	A. gambiae
Q7PQ08	1	U-01	gambiae	A. gambiae
Q7PQ33	1	U-01	gambiae	A. gambiae
Q7PQI2	2	U-02	gambiae	A. gambiae
Q7PQK5	1	U-01	gambiae	A. gambiae
Q7PQL6	1	U-01	gambiae	A. gambiae
Q7PQL9	1	U-01	gambiae	A. gambiae
Q7PQM3	1	U-01	gambiae	A. gambiae
Q7PQP3	1	U-01	gambiae	A. gambiae
Q7PQQ3	1	U-01	gambiae	A. gambiae
Q7PQR3	2	U-02	gambiae	A. gambiae
Q7PQR5	1	U-01	gambiae	A. gambiae
Q7PQR9	2	U-02	gambiae	A. gambiae
Q7PQV7	1	U-01	gambiae	A. gambiae
Q7PQX7	1	U-01	gambiae	A. gambiae
Q7PQY9	1	U-01	gambiae	A. gambiae
Q7PR98	1	U-01	gambiae	A. gambiae
Q7PRA2	1	U-01	gambiae	A. gambiae
Q7PRB9	1	U-01	gambiae	A. gambiae
Q7PRC0	1	U-01	gambiae	A. gambiae
Q7PRQ2	1	U-01	gambiae	A. gambiae
Q7PRQ3	2	U-02	gambiae	A. gambiae
Q7PRX2	1	U-01	gambiae	A. gambiae
Q7PRX9	1	U-01	gambiae	A. gambiae
Q7PRZ7	1	U-01	gambiae	A. gambiae
Q7PRZ9	1	U-01	gambiae	A. gambiae
Q7PS17	1	U-01	gambiae	A. gambiae
Q7PS31	1	U-01	gambiae	A. gambiae
Q7PS40	1	U-01	gambiae	A. gambiae
Q7PS69	1	U-01	gambiae	A. gambiae
Q7PS95	1	U-01	gambiae	A. gambiae
Q7PSH4	1	U-01	gambiae	A. gambiae
Q7PSM6	1	U-01	gambiae	A. gambiae
Q7PT10	1	U-01	gambiae	A. gambiae
Q7PT24	1	U-01	gambiae	A. gambiae
Q7PT30	1	U-01	gambiae	A. gambiae
Q7PT70	1	U-01	gambiae	A. gambiae
Q7PT86	1	U-01	gambiae	A. gambiae
Q7PTA2	1	U-01	gambiae	A. gambiae
Q7PTD6	1	U-01	gambiae	A. gambiae
Q7PTH2	1	U-01	gambiae	A. gambiae
Q7PTJ0	1	U-01	gambiae	A. gambiae
Q7PTK0	1	U-01	gambiae	A. gambiae
Q7PTK6	1	U-01	gambiae	A. gambiae
Q7PTL2	1	U-01	gambiae	A. gambiae
Q7PTP9	2	U-02	gambiae	A. gambiae
Q7PTZ9	1	U-01	gambiae	A. gambiae
Q7PUQ2	1	U-01	gambiae	A. gambiae
Q7PUQ3	1	U-01	gambiae	A. gambiae
Q7PUQ8	1	U-01	gambiae	A. gambiae
P84185	1	U-01	gambiae	A. gambiae
Q17004	2	U-02	gambiae	A. gambiae
Q17005	1	U-01	gambiae	A. gambiae
Q17020	0	unassigned	gambiae	A. gambiae
Q17025	2	U-02	gambiae	A. gambiae
Q27238	1	U-01	gambiae	A. gambiae
Q27256	1	U-01	gambiae	A. gambiae
Q27289	2	U-02	gambiae	A. gambiae
Q380J4	1	U-01	gambiae	A. gambiae
Q380J8	1	U-01	gambiae	A. gambiae
Q380U3	1	U-01	gambiae	A. gambiae
Q566B3	2	U-02	gambiae	A. gambiae
Q5TMQ6	2	U-02	gambiae	A. gambiae
Q5TNH5	1	U-01	gambiae	A. gambiae
Q5TPI0	1	U-01	gambiae	A. gambiae
Q5TPQ5	2	U-02	gambiae	A. gambiae
Q5TQA5	1	U-01	gambiae	A. gambiae
Q5TQD6	2	U-02	gambiae	A. gambiae
Q5TQY8	2	U-02	gambiae	A. gambiae
Q5TQY9	2	U-02	gambiae	A. gambiae
Q5TRE7	1	U-01	gambiae	A. gambiae
Q5TRG5	1	U-01	gambiae	A. gambiae
Q5TSB4	1	U-01	gambiae	A. gambiae
Q5TSQ7	1	U-01	gambiae	A. gambiae
Q5TSV8	1	U-01	gambiae	A. gambiae
Q5TSZ9	1	U-01	gambiae	A. gambiae
Q5TT05	1	U-01	gambiae	A. gambiae
Q5TT27	1	U-01	gambiae	A. gambiae
Q5TT55	2	U-02	gambiae	A. gambiae
Q5TTF0	1	U-01	gambiae	A. gambiae
Q5TTG1	1	U-01	gambiae	A. gambiae
Q5TTK7	1	U-01	gambiae	A. gambiae
Q5TTR9	1	U-01	gambiae	A. gambiae
Q5TTU4	1	U-01	gambiae	A. gambiae
Q5TU35	1	U-01	gambiae	A. gambiae
Q5TU50	1	U-01	gambiae	A. gambiae
Q5TUI7	1	U-01	gambiae	A. gambiae
Q5TUS8	2	U-02	gambiae	A. gambiae
Q5TV64	1	U-01	gambiae	A. gambiae
Q5TWQ5	2	U-02	gambiae	A. gambiae
Q5TWR9	2	U-02	gambiae	A. gambiae
Q5TX32	1	U-01	gambiae	A. gambiae
Q5TX98	1	U-01	gambiae	A. gambiae
Q5TXN5	1	U-01	gambiae	A. gambiae
Q66Q82	2	U-02	gambiae	A. gambiae
Q7PCX0	1	U-01	gambiae	A. gambiae
Q7PD79	1	U-01	gambiae	A. gambiae
Q7PDC5	1	U-01	gambiae	A. gambiae
Q7PF16	2	U-02	gambiae	A. gambiae
Q7PF20	1	U-01	gambiae	A. gambiae
Q7PF58	1	U-01	gambiae	A. gambiae
Q7PF80	2	U-02	gambiae	A. gambiae
Q7PF83	1	U-01	gambiae	A. gambiae
Q7PF85	1	U-01	gambiae	A. gambiae
Q7PFI3	1	U-01	gambiae	A. gambiae
Q7PFX7	1	U-01	gambiae	A. gambiae
Q7PG08	1	U-01	gambiae	A. gambiae
Q7PG43	1	U-01	gambiae	A. gambiae
Q7PGE8	1	U-01	gambiae	A. gambiae
Q7PGK7	1	U-01	gambiae	A. gambiae
Q7PGU1	2	U-02	gambiae	A. gambiae
Q7PI98	2	U-02	gambiae	A. gambiae
Q7PIC2	1	U-01	gambiae	A. gambiae
Q7PII7	1	U-01	gambiae	A. gambiae
Q7PIK5	1	U-01	gambiae	A. gambiae
Q7PJL8	1	U-01	gambiae	A. gambiae
Q7PKK6	1	U-01	gambiae	A. gambiae
Q7PKQ5	1	U-01	gambiae	A. gambiae
Q7PKS9	1	U-01	gambiae	A. gambiae
Q7PL01	1	U-01	gambiae	A. gambiae
Q7PM85	1	U-01	gambiae	A. gambiae
Q7PME6	1	U-01	gambiae	A. gambiae
Q7PME7	2	U-02	gambiae	A. gambiae
Q7PMH5	1	U-01	gambiae	A. gambiae
Q7PMI2	1	U-01	gambiae	A. gambiae
Q7PMM6	2	U-02	gambiae	A. gambiae
Q7PMT1	1	U-01	gambiae	A. gambiae
Q7PMT8	1	U-01	gambiae	A. gambiae
Q7PMT9	1	U-01	gambiae	A. gambiae
Q7PMU5	1	U-01	gambiae	A. gambiae
Q7PMU8	1	U-01	gambiae	A. gambiae
Q7PN22	1	U-01	gambiae	A. gambiae
Q7PNK7	1	U-01	gambiae	A. gambiae
Q7PNL8	1	U-01	gambiae	A. gambiae
Q7PNM1	1	U-01	gambiae	A. gambiae
Q7PNM6	1	U-01	gambiae	A. gambiae
Q7PNN1	1	U-01	gambiae	A. gambiae
Q7PNP0	2	U-02	gambiae	A. gambiae
Q7PNQ9	1	U-01	gambiae	A. gambiae
Q7PNR7	2	U-02	gambiae	A. gambiae
Q7PNW0	1	U-01	gambiae	A. gambiae
Q7PNX4	1	U-01	gambiae	A. gambiae
Q7Q740	1	U-01	gambiae	A. gambiae
Q7Q774	1	U-01	gambiae	A. gambiae
Q7Q7B2	2	U-02	gambiae	A. gambiae
Q7Q7G9	1	U-01	gambiae	A. gambiae
Q7Q7N8	1	U-01	gambiae	A. gambiae
Q7Q7P3	1	U-01	gambiae	A. gambiae
Q7Q7U9	1	U-01	gambiae	A. gambiae
Q7Q7V6	2	U-02	gambiae	A. gambiae
A0A453Z0D8	2	U-02	gambiae	A. gambiae
A0A453Z0E6	1	U-01	gambiae	A. gambiae
A0A453Z0E9	1	U-01	gambiae	A. gambiae
A0A453Z0F0	1	U-01	gambiae	A. gambiae
A0A453Z0F5	1	U-01	gambiae	A. gambiae
A0A453Z0F7	2	U-02	gambiae	A. gambiae
A0A453Z0G0	2	U-02	gambiae	A. gambiae
A0A453Z0G7	1	U-01	gambiae	A. gambiae
A0A453Z0G8	1	U-01	gambiae	A. gambiae
A0A453Z0H2	1	U-01	gambiae	A. gambiae
A0A453Z0H5	1	U-01	gambiae	A. gambiae
A0A453Z0H9	1	U-01	gambiae	A. gambiae
A0A453Z0I6	2	U-02	gambiae	A. gambiae
A0A453Z0J1	1	U-01	gambiae	A. gambiae
A0A453Z0J8	1	U-01	gambiae	A. gambiae
A0A453Z0K2	2	U-02	gambiae	A. gambiae
A0A453Z0K5	2	U-02	gambiae	A. gambiae
A0A453Z0K8	1	U-01	gambiae	A. gambiae
A0A453Z0L0	1	U-01	gambiae	A. gambiae
A0A453Z0M1	1	U-01	gambiae	A. gambiae
A0A453Z0M6	1	U-01	gambiae	A. gambiae
A0A453Z0N3	2	U-02	gambiae	A. gambiae
A0A453Z0N4	1	U-01	gambiae	A. gambiae
A0A453Z0N6	1	U-01	gambiae	A. gambiae
A0A453Z0R5	1	U-01	gambiae	A. gambiae
A0A453Z0R6	1	U-01	gambiae	A. gambiae
A0A453Z0S0	1	U-01	gambiae	A. gambiae
A0A453Z0S2	1	U-01	gambiae	A. gambiae
A0A453Z0S3	1	U-01	gambiae	A. gambiae
A0A453Z0S7	1	U-01	gambiae	A. gambiae
A0A453Z0T1	1	U-01	gambiae	A. gambiae
A0A453Z0T3	2	U-02	gambiae	A. gambiae
A0A453Z0T4	1	U-01	gambiae	A. gambiae
A0A453Z0T7	1	U-01	gambiae	A. gambiae
A0A453Z0T8	1	U-01	gambiae	A. gambiae
A0A453Z0U4	1	U-01	gambiae	A. gambiae
A0A453Z0V4	1	U-01	gambiae	A. gambiae
A0A453Z0V6	1	U-01	gambiae	A. gambiae
A0A453Z0V9	1	U-01	gambiae	A. gambiae
A0A453Z0W0	1	U-01	gambiae	A. gambiae
A0A453Z0W2	2	U-02	gambiae	A. gambiae
A0A453Z0W4	1	U-01	gambiae	A. gambiae
A0A453Z0W8	1	U-01	gambiae	A. gambiae
A0A453Z0W9	1	U-01	gambiae	A. gambiae
A0A453Z0X0	1	U-01	gambiae	A. gambiae
A0A453Z0X5	1	U-01	gambiae	A. gambiae
A0A453Z0Y4	1	U-01	gambiae	A. gambiae
A0A453Z0Y9	1	U-01	gambiae	A. gambiae
A0A453Z0Z0	1	U-01	gambiae	A. gambiae
A0A453Z0Z5	1	U-01	gambiae	A. gambiae
A0A453Z103	1	U-01	gambiae	A. gambiae
A0A453Z105	1	U-01	gambiae	A. gambiae
A0A453Z111	2	U-02	gambiae	A. gambiae
A0A453Z112	2	U-02	gambiae	A. gambiae
A0A453Z113	2	U-02	gambiae	A. gambiae
A0A453Z114	2	U-02	gambiae	A. gambiae
A0A453Z117	2	U-02	gambiae	A. gambiae
A0A453Z118	1	U-01	gambiae	A. gambiae
A0A453Z119	1	U-01	gambiae	A. gambiae
A0A453Z121	1	U-01	gambiae	A. gambiae
A0A453Z132	2	U-02	gambiae	A. gambiae
A0A453Z133	2	U-02	gambiae	A. gambiae
A0A453Z145	2	U-02	gambiae	A. gambiae
A0A453Z147	2	U-02	gambiae	A. gambiae
A0A453Z148	2	U-02	gambiae	A. gambiae
A0A499FV91	1	U-01	gambiae	A. gambiae
A0A499FVA9	1	U-01	gambiae	A. gambiae
A0A499FVQ6	1	U-01	gambiae	A. gambiae
A0A499FW22	1	U-01	gambiae	A. gambiae
A0A499FW25	1	U-01	gambiae	A. gambiae
A0A499FW32	1	U-01	gambiae	A. gambiae
A0A499FW87	1	U-01	gambiae	A. gambiae
A0A499FWW0	2	U-02	gambiae	A. gambiae
A0A499FWW3	1	U-01	gambiae	A. gambiae
A0A499FWX7	1	U-01	gambiae	A. gambiae
A0A499FWZ7	1	U-01	gambiae	A. gambiae
A0A499FX04	1	U-01	gambiae	A. gambiae
A0A499FX21	1	U-01	gambiae	A. gambiae
A0A499FX27	1	U-01	gambiae	A. gambiae
A0A6I8TWT9	1	U-01	gambiae	A. gambiae
A0A6I8U959	1	U-01	gambiae	A. gambiae
A0A6I8U9N0	1	U-01	gambiae	A. gambiae
A0A6I8UA76	1	U-01	gambiae	A. gambiae
A7UT60	1	U-01	gambiae	A. gambiae
A7UT70	1	U-01	gambiae	A. gambiae
A7UT77	1	U-01	gambiae	A. gambiae
A7UT81	1	U-01	gambiae	A. gambiae
A7UT82	1	U-01	gambiae	A. gambiae
A7UT92	1	U-01	gambiae	A. gambiae
A7UT99	1	U-01	gambiae	A. gambiae
A7UTA1	2	U-02	gambiae	A. gambiae
A7UTA7	1	U-01	gambiae	A. gambiae
A7UTA9	1	U-01	gambiae	A. gambiae
A7UTB0	1	U-01	gambiae	A. gambiae
A7UTB1	1	U-01	gambiae	A. gambiae
A7UTB2	1	U-01	gambiae	A. gambiae
A7UTB3	1	U-01	gambiae	A. gambiae
A7UTB4	1	U-01	gambiae	A. gambiae
A7UTB5	1	U-01	gambiae	A. gambiae
A7UTB6	1	U-01	gambiae	A. gambiae
A0A1S4H0U5	1	U-01	gambiae	A. gambiae
A0A1S4H0U6	1	U-01	gambiae	A. gambiae
A0A1S4H0V4	1	U-01	gambiae	A. gambiae
A0A1S4H0V5	2	U-02	gambiae	A. gambiae
A0A1S4H0V6	1	U-01	gambiae	A. gambiae
A0A1S4H0W8	1	U-01	gambiae	A. gambiae
A0A1S4H0W9	1	U-01	gambiae	A. gambiae
A0A1S4H0X1	2	U-02	gambiae	A. gambiae
A0A1S4H0X8	2	U-02	gambiae	A. gambiae
A0A1S4H0Y0	2	U-02	gambiae	A. gambiae
A0A1S4H0Y1	0	unassigned	gambiae	A. gambiae
A0A1S4H0Y3	1	U-01	gambiae	A. gambiae
A0A1S4H0Y4	1	U-01	gambiae	A. gambiae
A0A1S4H0Y6	1	U-01	gambiae	A. gambiae
A0A1S4H0Z0	0	unassigned	gambiae	A. gambiae
A0A1S4H0Z1	1	U-01	gambiae	A. gambiae
A0A1S4H0Z2	1	U-01	gambiae	A. gambiae
A0A1S4H0Z5	1	U-01	gambiae	A. gambiae
A0A1S4H0Z6	1	U-01	gambiae	A. gambiae
A0A1S4H100	1	U-01	gambiae	A. gambiae
A0A1S4H101	1	U-01	gambiae	A. gambiae
A0A1S4H103	1	U-01	gambiae	A. gambiae
A0A1S4H105	1	U-01	gambiae	A. gambiae
A0A1S4H106	1	U-01	gambiae	A. gambiae
A0A1S4H109	1	U-01	gambiae	A. gambiae
A0A1S4H111	2	U-02	gambiae	A. gambiae
A0A1S4H124	1	U-01	gambiae	A. gambiae
A0A1S4H125	1	U-01	gambiae	A. gambiae
A0A1S4H127	1	U-01	gambiae	A. gambiae
A0A1S4H131	1	U-01	gambiae	A. gambiae
A0A1S4H132	1	U-01	gambiae	A. gambiae
A0A1S4H135	1	U-01	gambiae	A. gambiae
A0A1S4H144	1	U-01	gambiae	A. gambiae
A0A1S4H150	1	U-01	gambiae	A. gambiae
A0A1S4H151	1	U-01	gambiae	A. gambiae
A0A1S4H155	1	U-01	gambiae	A. gambiae
A0A1S4H169	1	U-01	gambiae	A. gambiae
A0A1S4H171	1	U-01	gambiae	A. gambiae
A0A1S4H177	1	U-01	gambiae	A. gambiae
A0A1S4H183	1	U-01	gambiae	A. gambiae
A0A1S4H187	1	U-01	gambiae	A. gambiae
A0A1S4H189	1	U-01	gambiae	A. gambiae
A0A1S4H190	1	U-01	gambiae	A. gambiae
A0A1S4H193	1	U-01	gambiae	A. gambiae
A0A1S4H194	1	U-01	gambiae	A. gambiae
A0A1S4H1A0	1	U-01	gambiae	A. gambiae
A0A1S4H1A9	2	U-02	gambiae	A. gambiae
A0A1S4H1B1	1	U-01	gambiae	A. gambiae
A0A1S4H1B3	2	U-02	gambiae	A. gambiae
A0A1S4H1C3	1	U-01	gambiae	A. gambiae
A0A1S4H1C4	1	U-01	gambiae	A. gambiae
A0A1S4H1C7	2	U-02	gambiae	A. gambiae
A0A1S4H1C9	2	U-02	gambiae	A. gambiae
A0A1S4H1D4	2	U-02	gambiae	A. gambiae
A0A1S4H1E3	0	unassigned	gambiae	A. gambiae
A0A1S4H1E4	1	U-01	gambiae	A. gambiae
A0A1S4H1E5	1	U-01	gambiae	A. gambiae
A0A1S4H1E9	2	U-02	gambiae	A. gambiae
A0A1S4H1G3	1	U-01	gambiae	A. gambiae
A0A1S4H1G4	1	U-01	gambiae	A. gambiae
A0A1S4H1G7	1	U-01	gambiae	A. gambiae
A0A1S4H1H1	1	U-01	gambiae	A. gambiae
A0A1S4H1H6	1	U-01	gambiae	A. gambiae
A0A1S4H1H8	0	unassigned	gambiae	A. gambiae
A0A1S4H1I0	2	U-02	gambiae	A. gambiae
A0A1S4H1I1	1	U-01	gambiae	A. gambiae
A0A1S4H1I4	1	U-01	gambiae	A. gambiae
A0A1S4H1J0	1	U-01	gambiae	A. gambiae
A0A1S4H1J3	0	unassigned	gambiae	A. gambiae
A0A1S4H1J5	2	U-02	gambiae	A. gambiae
A0A1S4H660	1	U-01	gambiae	A. gambiae
A0A1S4H666	1	U-01	gambiae	A. gambiae
A0A1S4H668	1	U-01	gambiae	A. gambiae
A0A1S4H672	1	U-01	gambiae	A. gambiae
A0A1S4H679	1	U-01	gambiae	A. gambiae
A0A1S4H686	0	unassigned	gambiae	A. gambiae
A0A1S4H687	1	U-01	gambiae	A. gambiae
A0A1S4H692	1	U-01	gambiae	A. gambiae
A0A1S4H694	2	U-02	gambiae	A. gambiae
A0A1S4H696	1	U-01	gambiae	A. gambiae
A0A1S4H6A1	1	U-01	gambiae	A. gambiae
A0A1S4H6A4	1	U-01	gambiae	A. gambiae
A0A1S4H6A7	1	U-01	gambiae	A. gambiae
A0A1S4H6B3	1	U-01	gambiae	A. gambiae
A0A1S4H6B4	1	U-01	gambiae	A. gambiae
A0A1S4H6B5	1	U-01	gambiae	A. gambiae
A0A1S4H6C0	1	U-01	gambiae	A. gambiae
A0A1S4H6C5	1	U-01	gambiae	A. gambiae
A0A1S4H6C6	1	U-01	gambiae	A. gambiae
A0A1S4H6D0	1	U-01	gambiae	A. gambiae
A0A1S4H6D1	1	U-01	gambiae	A. gambiae
A0A1S4H6D2	2	U-02	gambiae	A. gambiae
A0A1S4H6D5	2	U-02	gambiae	A. gambiae
A0A1S4H6D6	2	U-02	gambiae	A. gambiae
A0A1S4H6E3	1	U-01	gambiae	A. gambiae
A0A1S4H6E5	1	U-01	gambiae	A. gambiae
A0A1S4H6E6	2	U-02	gambiae	A. gambiae
A0A1S4H6F2	1	U-01	gambiae	A. gambiae
A0A1S4H6F3	1	U-01	gambiae	A. gambiae
A0A1S4H6F4	2	U-02	gambiae	A. gambiae
A0A2C9H3X6	2	U-02	gambiae	A. gambiae
A0A2C9H3Y8	1	U-01	gambiae	A. gambiae
A0A2C9H3Z8	1	U-01	gambiae	A. gambiae
A0A2C9H402	2	U-02	gambiae	A. gambiae
A0A2C9H406	2	U-02	gambiae	A. gambiae
A0A2C9H408	1	U-01	gambiae	A. gambiae
A0A2Y9D1X6	1	U-01	gambiae	A. gambiae
A0A2Y9D1Y6	1	U-01	gambiae	A. gambiae
A0A2Y9D269	1	U-01	gambiae	A. gambiae
A0A2Y9D293	0	unassigned	gambiae	A. gambiae
A0A2Y9D2A4	1	U-01	gambiae	A. gambiae
A0A2Y9D2A9	0	unassigned	gambiae	A. gambiae
A0A2Y9D2C8	1	U-01	gambiae	A. gambiae
A0A2Y9D2C9	1	U-01	gambiae	A. gambiae
A0A2Y9D2E6	2	U-02	gambiae	A. gambiae
A0A2Y9D2G2	2	U-02	gambiae	A. gambiae
A0A2Y9D2H7	2	U-02	gambiae	A. gambiae
A0A2Y9D2J5	2	U-02	gambiae	A. gambiae
A0A2Y9D2J8	1	U-01	gambiae	A. gambiae
A0A3F2YXQ9	1	U-01	gambiae	A. gambiae
A0A3F2YY00	1	U-01	gambiae	A. gambiae
A0A3F2YY44	1	U-01	gambiae	A. gambiae
A0A3F2YYC7	1	U-01	gambiae	A. gambiae
A0A3F2YYS6	1	U-01	gambiae	A. gambiae
A0A3F2YYS9	2	U-02	gambiae	A. gambiae
A0A3F2YYT0	1	U-01	gambiae	A. gambiae
A0A3F2YYV7	1	U-01	gambiae	A. gambiae
A0A3F2YYW0	1	U-01	gambiae	A. gambiae
A0A3F2YYW3	1	U-01	gambiae	A. gambiae
A0A3F2YYX7	1	U-01	gambiae	A. gambiae
A0A3F2YYY0	2	U-02	gambiae	A. gambiae
A0A3F2YYY2	1	U-01	gambiae	A. gambiae
A0A453YNR2	1	U-01	gambiae	A. gambiae
A0A453YPM5	1	U-01	gambiae	A. gambiae
A0A453YPP4	2	U-02	gambiae	A. gambiae
A0A453YQB2	1	U-01	gambiae	A. gambiae
A0A453YQY0	1	U-01	gambiae	A. gambiae
A0A453YR02	1	U-01	gambiae	A. gambiae
A0A453YR86	1	U-01	gambiae	A. gambiae
A0A453YRD4	1	U-01	gambiae	A. gambiae
A0A453YRF5	1	U-01	gambiae	A. gambiae
A0A453YRL7	1	U-01	gambiae	A. gambiae
A0A453YRU6	1	U-01	gambiae	A. gambiae
A0A453YS46	1	U-01	gambiae	A. gambiae
A0A453YS77	1	U-01	gambiae	A. gambiae
A0A453YTB7	1	U-01	gambiae	A. gambiae
A0A453YTC4	1	U-01	gambiae	A. gambiae
A0A453YTD4	1	U-01	gambiae	A. gambiae
A0A453YTK7	1	U-01	gambiae	A. gambiae
A0A453YTR1	2	U-02	gambiae	A. gambiae
A0A453YTR6	2	U-02	gambiae	A. gambiae
A0A453YTS6	2	U-02	gambiae	A. gambiae
A0A453YTT2	2	U-02	gambiae	A. gambiae
A0ABK8FG54	2	U-02	gambiae	A. gambiae
A0ABK8FGC4	1	U-01	gambiae	A. gambiae
A0ABK8FGG1	1	U-01	gambiae	A. gambiae
A0ABK8FGG5	1	U-01	gambiae	A. gambiae
A0ABK8FGH8	1	U-01	gambiae	A. gambiae
A0ABK8FGI5	0	unassigned	gambiae	A. gambiae
A0ABK8FGI8	0	unassigned	gambiae	A. gambiae
A0ABK8FGI9	0	unassigned	gambiae	A. gambiae
A0ABK8FGJ0	0	unassigned	gambiae	A. gambiae
A0ABK8FGJ2	0	unassigned	gambiae	A. gambiae
A0ABK8FGJ7	0	unassigned	gambiae	A. gambiae
A0ABK8FGK1	0	unassigned	gambiae	A. gambiae
A0ABK8FGK4	0	unassigned	gambiae	A. gambiae
A0ABK8FGT4	1	U-01	gambiae	A. gambiae
A0ABK8FH27	1	U-01	gambiae	A. gambiae
A0ABK8FIM7	2	U-02	gambiae	A. gambiae
A0ABK8FKG5	2	U-02	gambiae	A. gambiae
A0ABK8FLK1	2	U-02	gambiae	A. gambiae
A0ABK8FM21	1	U-01	gambiae	A. gambiae
A0ABK8FM27	1	U-01	gambiae	A. gambiae
A0ABK8FM42	1	U-01	gambiae	A. gambiae
A0ABK8FM43	1	U-01	gambiae	A. gambiae
A0ABK8FM99	1	U-01	gambiae	A. gambiae
A0ABK8FMC6	1	U-01	gambiae	A. gambiae
A0ABK8FMI2	1	U-01	gambiae	A. gambiae
A0ABK8FMJ6	1	U-01	gambiae	A. gambiae
A0ABK8FML4	1	U-01	gambiae	A. gambiae
A0ABK8FMN4	2	U-02	gambiae	A. gambiae
A0ABK8FMU7	2	U-02	gambiae	A. gambiae
A0ABK8FMV5	1	U-01	gambiae	A. gambiae
A0ABK8FMW8	2	U-02	gambiae	A. gambiae
A0ABK8FMZ9	2	U-02	gambiae	A. gambiae
A0ABK8FN63	2	U-02	gambiae	A. gambiae
A0ABK8FPH5	1	U-01	gambiae	A. gambiae
A0ABK8FPL2	1	U-01	gambiae	A. gambiae
A0ABK8FQI9	2	U-02	gambiae	A. gambiae
A0ABK8FQZ5	1	U-01	gambiae	A. gambiae
A0ABK8FQZ8	1	U-01	gambiae	A. gambiae
A0ABK8FQZ9	1	U-01	gambiae	A. gambiae
A0ABK8FR17	1	U-01	gambiae	A. gambiae
A0ABK8FR27	1	U-01	gambiae	A. gambiae
A0ABK8FR34	2	U-02	gambiae	A. gambiae
A0ABK8FR39	1	U-01	gambiae	A. gambiae
A0ABK8FR62	2	U-02	gambiae	A. gambiae
A0ABK8FRB3	2	U-02	gambiae	A. gambiae
A0ABK8FRK1	1	U-01	gambiae	A. gambiae
A0ABK8FRT4	2	U-02	gambiae	A. gambiae
A0A1S4H2C8	1	U-01	gambiae	A. gambiae
A0A1S4H2D3	1	U-01	gambiae	A. gambiae
A0A1S4H2D4	1	U-01	gambiae	A. gambiae
A0A1S4H2D7	1	U-01	gambiae	A. gambiae
A0A1S4H2E9	2	U-02	gambiae	A. gambiae
A0A1S4H2F2	1	U-01	gambiae	A. gambiae
A0A1S4H2F9	1	U-01	gambiae	A. gambiae
A0A1S4H2G1	1	U-01	gambiae	A. gambiae
A0A1S4H2G2	1	U-01	gambiae	A. gambiae
A0A1S4H2G3	1	U-01	gambiae	A. gambiae
A0A1S4H2G8	1	U-01	gambiae	A. gambiae
A0A1S4H2J4	1	U-01	gambiae	A. gambiae
A0A1S4H2J8	1	U-01	gambiae	A. gambiae
A0A1S4H2K1	1	U-01	gambiae	A. gambiae
A0A1S4H2K2	1	U-01	gambiae	A. gambiae
A0A1S4H2K3	1	U-01	gambiae	A. gambiae
A0A1S4H2K5	2	U-02	gambiae	A. gambiae
A0A1S4H2L0	1	U-01	gambiae	A. gambiae
A0A1S4H2L4	1	U-01	gambiae	A. gambiae
A0A1S4H2L9	1	U-01	gambiae	A. gambiae
A0A1S4H2M3	1	U-01	gambiae	A. gambiae
A0A1S4H2N3	1	U-01	gambiae	A. gambiae
A0A1S4H2P0	2	U-02	gambiae	A. gambiae
A0A1S4H2P9	1	U-01	gambiae	A. gambiae
A0A1S4H2Q0	1	U-01	gambiae	A. gambiae
A0A1S4H2Q2	1	U-01	gambiae	A. gambiae
A0A1S4H2Q8	1	U-01	gambiae	A. gambiae
A0A1S4H2R9	2	U-02	gambiae	A. gambiae
A0A1S4H2S3	1	U-01	gambiae	A. gambiae
A0A1S4H2S6	2	U-02	gambiae	A. gambiae
A0A1S4H2T2	1	U-01	gambiae	A. gambiae
A0A1S4H2T3	1	U-01	gambiae	A. gambiae
A0A1S4H2T4	1	U-01	gambiae	A. gambiae
A0A1S4H2U2	1	U-01	gambiae	A. gambiae
A0A1S4H2U3	1	U-01	gambiae	A. gambiae
A0A1S4H2U4	1	U-01	gambiae	A. gambiae
A0A1S4H2U7	1	U-01	gambiae	A. gambiae
A0A1S4H2W6	1	U-01	gambiae	A. gambiae
A0A1S4H848	1	U-01	gambiae	A. gambiae
A0A1S4H856	1	U-01	gambiae	A. gambiae
A0A1S4H857	1	U-01	gambiae	A. gambiae
A0A1S4H863	2	U-02	gambiae	A. gambiae
A0A1S4H866	1	U-01	gambiae	A. gambiae
A0A1S4H867	1	U-01	gambiae	A. gambiae
A0A1S4H868	2	U-02	gambiae	A. gambiae
A0A1S4H870	1	U-01	gambiae	A. gambiae
A0A1S4H873	2	U-02	gambiae	A. gambiae
A0A1S4H876	1	U-01	gambiae	A. gambiae
A0A1S4H889	1	U-01	gambiae	A. gambiae
A0A1S4H891	1	U-01	gambiae	A. gambiae
A0A1S4H897	1	U-01	gambiae	A. gambiae
A0A1S4H899	1	U-01	gambiae	A. gambiae
A0A1S4H8A0	1	U-01	gambiae	A. gambiae
A0A1S4H8B4	1	U-01	gambiae	A. gambiae
A0A1S4H8B6	2	U-02	gambiae	A. gambiae
A0A1S4H8B7	1	U-01	gambiae	A. gambiae
A0A1S4H8B8	1	U-01	gambiae	A. gambiae
A0A1S4H8C1	1	U-01	gambiae	A. gambiae
A0A1S4H8C4	1	U-01	gambiae	A. gambiae
A0A1S4H8C6	1	U-01	gambiae	A. gambiae
A0A1S4H8C7	1	U-01	gambiae	A. gambiae
A0A1S4H8C8	1	U-01	gambiae	A. gambiae
A0A1S4H8D1	1	U-01	gambiae	A. gambiae
A0A1S4H8F1	1	U-01	gambiae	A. gambiae
A0A1S4H8F2	1	U-01	gambiae	A. gambiae
A0A1S4H8F9	1	U-01	gambiae	A. gambiae
A0A1S4H8G5	0	unassigned	gambiae	A. gambiae
A0A1S4H8H7	1	U-01	gambiae	A. gambiae
A0A1S4H8H9	1	U-01	gambiae	A. gambiae
A0A1S4H8I2	1	U-01	gambiae	A. gambiae
A0A1S4H8I7	1	U-01	gambiae	A. gambiae
A0A1S4H8J1	1	U-01	gambiae	A. gambiae
A0A1S4H8J4	2	U-02	gambiae	A. gambiae
A0A1S4H8J9	1	U-01	gambiae	A. gambiae
A0A1S4H8K0	1	U-01	gambiae	A. gambiae
A0A1S4H8K2	1	U-01	gambiae	A. gambiae
A0A1S4H8K3	1	U-01	gambiae	A. gambiae
A0A1S4H8L6	1	U-01	gambiae	A. gambiae
A0A1S4H8L7	1	U-01	gambiae	A. gambiae
A0A1S4H8M5	1	U-01	gambiae	A. gambiae
A0A1S4H8N3	2	U-02	gambiae	A. gambiae
A0A1S4H8N7	1	U-01	gambiae	A. gambiae
A0A1S4H8N9	1	U-01	gambiae	A. gambiae
A0A1S4H8P3	1	U-01	gambiae	A. gambiae
A0A1S4H8P7	1	U-01	gambiae	A. gambiae
A0A1S4H8P9	1	U-01	gambiae	A. gambiae
A0A1S4H8Q7	1	U-01	gambiae	A. gambiae
A0A1S4H8Q8	1	U-01	gambiae	A. gambiae
A0A1S4H8R0	1	U-01	gambiae	A. gambiae
A0A1S4H8R1	1	U-01	gambiae	A. gambiae
A0A1S4H8R7	1	U-01	gambiae	A. gambiae
A0A1S4H8S2	1	U-01	gambiae	A. gambiae
A0A1S4H8S7	1	U-01	gambiae	A. gambiae
A0A1S4H8T4	1	U-01	gambiae	A. gambiae
A0A1S4H8U5	1	U-01	gambiae	A. gambiae
A0A1S4H8U8	1	U-01	gambiae	A. gambiae
A0A1S4H8U9	1	U-01	gambiae	A. gambiae
A0A1S4H8V1	1	U-01	gambiae	A. gambiae
A0A1S4H8V3	1	U-01	gambiae	A. gambiae
A0A1S4H8V4	1	U-01	gambiae	A. gambiae
Q7QGP8	2	U-02	gambiae	A. gambiae
Q7QGQ4	1	U-01	gambiae	A. gambiae
Q7QGQ7	1	U-01	gambiae	A. gambiae
Q7QGU1	1	U-01	gambiae	A. gambiae
Q7QGV6	1	U-01	gambiae	A. gambiae
Q7QGY3	1	U-01	gambiae	A. gambiae
Q7QGY4	1	U-01	gambiae	A. gambiae
Q7QH27	1	U-01	gambiae	A. gambiae
Q7QH31	1	U-01	gambiae	A. gambiae
Q7QH33	1	U-01	gambiae	A. gambiae
Q7QH36	1	U-01	gambiae	A. gambiae
Q7QH42	1	U-01	gambiae	A. gambiae
Q7QH51	1	U-01	gambiae	A. gambiae
Q7QH58	1	U-01	gambiae	A. gambiae
Q7QH59	1	U-01	gambiae	A. gambiae
Q7QH70	1	U-01	gambiae	A. gambiae
Q7QH71	1	U-01	gambiae	A. gambiae
Q7QH80	2	U-02	gambiae	A. gambiae
Q7QHA5	1	U-01	gambiae	A. gambiae
Q7QHD5	2	U-02	gambiae	A. gambiae
Q7QHF1	1	U-01	gambiae	A. gambiae
Q7QHF4	2	U-02	gambiae	A. gambiae
Q7QHK3	0	unassigned	gambiae	A. gambiae
Q7QHK5	0	unassigned	gambiae	A. gambiae
A0A1S4H8E8	1	U-01	gambiae	A. gambiae
A0A1S4H8E9	1	U-01	gambiae	A. gambiae
A0A1S4H8F4	1	U-01	gambiae	A. gambiae
A0A1S4H8F8	1	U-01	gambiae	A. gambiae
A0A1S4H8G1	2	U-02	gambiae	A. gambiae
A0A1S4H8G3	1	U-01	gambiae	A. gambiae
A0A1S4H8H2	1	U-01	gambiae	A. gambiae
A0A1S4H8H4	1	U-01	gambiae	A. gambiae
A0A1S4H8I5	2	U-02	gambiae	A. gambiae
A0A1S4H8I8	1	U-01	gambiae	A. gambiae
A0A1S4H8J5	1	U-01	gambiae	A. gambiae
A0A1S4H8J7	1	U-01	gambiae	A. gambiae
A0A1S4H8L3	1	U-01	gambiae	A. gambiae
A0A1S4H8L8	1	U-01	gambiae	A. gambiae
A0A1S4H8L9	1	U-01	gambiae	A. gambiae
A0A1S4H8M1	1	U-01	gambiae	A. gambiae
A0A1S4H8M3	1	U-01	gambiae	A. gambiae
A0A1S4H8M4	1	U-01	gambiae	A. gambiae
A0A1S4H8M8	2	U-02	gambiae	A. gambiae
A0A1S4H8N0	1	U-01	gambiae	A. gambiae
A0A1S4H8N5	1	U-01	gambiae	A. gambiae
A0A1S4H8Q1	1	U-01	gambiae	A. gambiae
A0A1S4H8Q3	1	U-01	gambiae	A. gambiae
A0A1S4H8R6	1	U-01	gambiae	A. gambiae
A0A1S4H8S1	1	U-01	gambiae	A. gambiae
A0A1S4H8S3	1	U-01	gambiae	A. gambiae
A0A1S4H8S4	1	U-01	gambiae	A. gambiae
A0A1S4H8S5	1	U-01	gambiae	A. gambiae
A0A1S4H8S6	2	U-02	gambiae	A. gambiae
A0A1S4H8S8	1	U-01	gambiae	A. gambiae
A0A1S4H8T3	1	U-01	gambiae	A. gambiae
A0A1S4H8U4	1	U-01	gambiae	A. gambiae
A0A1S4H8V5	1	U-01	gambiae	A. gambiae
A0A1S4H8W2	0	unassigned	gambiae	A. gambiae
A0A1S4H8W3	2	U-02	gambiae	A. gambiae
A0A1S4H8X1	1	U-01	gambiae	A. gambiae
A0A1S4H8X3	1	U-01	gambiae	A. gambiae
A0A1S4H8X5	1	U-01	gambiae	A. gambiae
A0A1S4H8Y5	1	U-01	gambiae	A. gambiae
A0A1S4H8Z0	1	U-01	gambiae	A. gambiae
A0A1S4H8Z2	1	U-01	gambiae	A. gambiae
A0A1S4H8Z3	2	U-02	gambiae	A. gambiae
A0A1S4H8Z7	2	U-02	gambiae	A. gambiae
A0A1S4H904	2	U-02	gambiae	A. gambiae
A0A1S4H908	2	U-02	gambiae	A. gambiae
A0A1S4H911	1	U-01	gambiae	A. gambiae
A0A1S4H916	1	U-01	gambiae	A. gambiae
A0A1S4H927	1	U-01	gambiae	A. gambiae
A0A1S4H933	1	U-01	gambiae	A. gambiae
A0A1S4H937	1	U-01	gambiae	A. gambiae
A0A1S4H942	2	U-02	gambiae	A. gambiae
A0A1S4H944	2	U-02	gambiae	A. gambiae
A0A1S4H945	1	U-01	gambiae	A. gambiae
A0A1S4H960	1	U-01	gambiae	A. gambiae
A0A1S4H961	2	U-02	gambiae	A. gambiae
A0A1S4H967	1	U-01	gambiae	A. gambiae
A0A1S4H971	2	U-02	gambiae	A. gambiae
A0A1S4H980	1	U-01	gambiae	A. gambiae
A0A1S4H9A0	1	U-01	gambiae	A. gambiae
A0A1S4H9A7	2	U-02	gambiae	A. gambiae
A0A1S4H9C7	1	U-01	gambiae	A. gambiae
A0A1S4H9E9	1	U-01	gambiae	A. gambiae
A0A1S4H9G3	2	U-02	gambiae	A. gambiae
A0A1S4H9G9	1	U-01	gambiae	A. gambiae
A0A1S4H9H2	1	U-01	gambiae	A. gambiae
A0A1S4H9H9	1	U-01	gambiae	A. gambiae
A0A1S4H9I6	1	U-01	gambiae	A. gambiae
A0A1S4H9J0	1	U-01	gambiae	A. gambiae
A0A1S4H9M1	1	U-01	gambiae	A. gambiae
A0A1S4H9N6	1	U-01	gambiae	A. gambiae
A0A1S4H9R6	1	U-01	gambiae	A. gambiae
A0A1S4H9T3	1	U-01	gambiae	A. gambiae
A0A1S4H9V1	2	U-02	gambiae	A. gambiae
A0A1S4H9X1	2	U-02	gambiae	A. gambiae
A0A1S4H9Y6	1	U-01	gambiae	A. gambiae
A0A1S4H9Z2	1	U-01	gambiae	A. gambiae
Q7QCZ3	2	U-02	gambiae	A. gambiae
Q7QCZ5	1	U-01	gambiae	A. gambiae
Q7QCZ7	2	U-02	gambiae	A. gambiae
Q7QFK7	1	U-01	gambiae	A. gambiae
Q7QFK9	1	U-01	gambiae	A. gambiae
Q7QFM7	2	U-02	gambiae	A. gambiae
Q7QFN6	1	U-01	gambiae	A. gambiae
Q7QFN7	1	U-01	gambiae	A. gambiae
Q7QFP0	1	U-01	gambiae	A. gambiae
Q7QFP1	1	U-01	gambiae	A. gambiae
Q7QFP2	1	U-01	gambiae	A. gambiae
Q7QFQ2	1	U-01	gambiae	A. gambiae
Q7QFQ3	1	U-01	gambiae	A. gambiae
Q7QFQ4	1	U-01	gambiae	A. gambiae
Q7QFQ6	2	U-02	gambiae	A. gambiae
Q7QFR0	1	U-01	gambiae	A. gambiae
Q7QFR1	1	U-01	gambiae	A. gambiae
Q7QFR7	2	U-02	gambiae	A. gambiae
Q7QFS1	1	U-01	gambiae	A. gambiae
Q7QFS4	1	U-01	gambiae	A. gambiae
Q7QFS6	1	U-01	gambiae	A. gambiae
Q7QFS8	1	U-01	gambiae	A. gambiae
Q7QFT0	1	U-01	gambiae	A. gambiae
Q7QFT1	1	U-01	gambiae	A. gambiae
Q7QFT5	1	U-01	gambiae	A. gambiae
Q7QFT8	2	U-02	gambiae	A. gambiae
Q7QFU4	1	U-01	gambiae	A. gambiae
Q7QFU8	1	U-01	gambiae	A. gambiae
Q7QFU9	1	U-01	gambiae	A. gambiae
Q7QFV0	1	U-01	gambiae	A. gambiae
Q7QFV1	1	U-01	gambiae	A. gambiae
Q7QFV7	1	U-01	gambiae	A. gambiae
Q7QFW6	1	U-01	gambiae	A. gambiae
Q7QFX2	1	U-01	gambiae	A. gambiae
Q7QFX4	1	U-01	gambiae	A. gambiae
Q7QFX8	2	U-02	gambiae	A. gambiae
Q7QFX9	2	U-02	gambiae	A. gambiae
Q7QFY4	1	U-01	gambiae	A. gambiae
Q7QFZ1	1	U-01	gambiae	A. gambiae
Q7QG03	1	U-01	gambiae	A. gambiae
Q7QG04	2	U-02	gambiae	A. gambiae
Q7QG08	1	U-01	gambiae	A. gambiae
Q7QG11	1	U-01	gambiae	A. gambiae
Q7QG20	1	U-01	gambiae	A. gambiae
Q7QG23	1	U-01	gambiae	A. gambiae
Q7QG24	0	unassigned	gambiae	A. gambiae
Q7QG25	1	U-01	gambiae	A. gambiae
Q7QG26	1	U-01	gambiae	A. gambiae
Q7QG44	1	U-01	gambiae	A. gambiae
Q7QG50	1	U-01	gambiae	A. gambiae
Q7QG51	1	U-01	gambiae	A. gambiae
Q7QG63	1	U-01	gambiae	A. gambiae
Q7QG65	1	U-01	gambiae	A. gambiae
Q7QG67	2	U-02	gambiae	A. gambiae
Q7QG71	1	U-01	gambiae	A. gambiae
Q7QG75	2	U-02	gambiae	A. gambiae
Q7QG89	1	U-01	gambiae	A. gambiae
Q7QGB6	2	U-02	gambiae	A. gambiae
Q7QGC8	0	unassigned	gambiae	A. gambiae
Q7QGF0	0	unassigned	gambiae	A. gambiae
Q7QGF1	1	U-01	gambiae	A. gambiae
Q7QGF9	1	U-01	gambiae	A. gambiae
Q7QGH6	1	U-01	gambiae	A. gambiae
Q7QGI2	1	U-01	gambiae	A. gambiae
Q7QGI8	1	U-01	gambiae	A. gambiae
Q7QGJ2	1	U-01	gambiae	A. gambiae
Q7QGK4	1	U-01	gambiae	A. gambiae
Q7QGK7	1	U-01	gambiae	A. gambiae
Q7QGL0	1	U-01	gambiae	A. gambiae
Q7QGP5	2	U-02	gambiae	A. gambiae
Q7QGR4	1	U-01	gambiae	A. gambiae
Q7QGR5	1	U-01	gambiae	A. gambiae
Q7QGS3	1	U-01	gambiae	A. gambiae
Q7QGS6	1	U-01	gambiae	A. gambiae
Q7QGV4	2	U-02	gambiae	A. gambiae
Q7QGW8	1	U-01	gambiae	A. gambiae
Q7QGX9	1	U-01	gambiae	A. gambiae
Q7QH12	1	U-01	gambiae	A. gambiae
Q7QH22	0	unassigned	gambiae	A. gambiae
Q7QH25	1	U-01	gambiae	A. gambiae
Q7QH26	1	U-01	gambiae	A. gambiae
Q7QH29	2	U-02	gambiae	A. gambiae
Q7QH32	1	U-01	gambiae	A. gambiae
Q7QH37	2	U-02	gambiae	A. gambiae
Q7QH39	1	U-01	gambiae	A. gambiae
Q7QH41	2	U-02	gambiae	A. gambiae
Q7QH45	1	U-01	gambiae	A. gambiae
Q7QH49	1	U-01	gambiae	A. gambiae
Q7QH50	1	U-01	gambiae	A. gambiae
Q7QH52	1	U-01	gambiae	A. gambiae
Q7QH53	1	U-01	gambiae	A. gambiae
Q7QH54	1	U-01	gambiae	A. gambiae
Q7QH55	1	U-01	gambiae	A. gambiae
Q7QH62	1	U-01	gambiae	A. gambiae
Q7QH65	1	U-01	gambiae	A. gambiae
Q7QH67	1	U-01	gambiae	A. gambiae
Q7QH75	2	U-02	gambiae	A. gambiae
Q7QH76	1	U-01	gambiae	A. gambiae
Q7QH78	2	U-02	gambiae	A. gambiae
Q7QH83	1	U-01	gambiae	A. gambiae
A0A453YZW9	1	U-01	gambiae	A. gambiae
A0A453YZX0	1	U-01	gambiae	A. gambiae
A0A453YZX1	1	U-01	gambiae	A. gambiae
A0A453YZX3	1	U-01	gambiae	A. gambiae
A0A453YZX4	1	U-01	gambiae	A. gambiae
A0A453YZX5	1	U-01	gambiae	A. gambiae
A0A453YZX7	2	U-02	gambiae	A. gambiae
A0A453YZX9	1	U-01	gambiae	A. gambiae
A0A453YZY0	1	U-01	gambiae	A. gambiae
A0A453YZY1	0	unassigned	gambiae	A. gambiae
A0A453YZY4	0	unassigned	gambiae	A. gambiae
A0A453YZY6	1	U-01	gambiae	A. gambiae
A0A453YZY8	1	U-01	gambiae	A. gambiae
A0A453YZY9	1	U-01	gambiae	A. gambiae
A0A453YZZ0	1	U-01	gambiae	A. gambiae
A0A453YZZ5	1	U-01	gambiae	A. gambiae
A0A453YZZ6	1	U-01	gambiae	A. gambiae
A0A453Z001	1	U-01	gambiae	A. gambiae
A0A453Z004	1	U-01	gambiae	A. gambiae
A0A453Z006	1	U-01	gambiae	A. gambiae
A0A453Z019	1	U-01	gambiae	A. gambiae
A0A453Z020	1	U-01	gambiae	A. gambiae
A0A453Z030	2	U-02	gambiae	A. gambiae
A0A453Z032	1	U-01	gambiae	A. gambiae
A0A453Z033	1	U-01	gambiae	A. gambiae
A0A453Z039	1	U-01	gambiae	A. gambiae
A0A453Z044	1	U-01	gambiae	A. gambiae
A0A453Z047	1	U-01	gambiae	A. gambiae
A0A453Z050	1	U-01	gambiae	A. gambiae
A0A453Z054	2	U-02	gambiae	A. gambiae
A0A453Z055	1	U-01	gambiae	A. gambiae
A0A453Z056	0	unassigned	gambiae	A. gambiae
A0A453Z062	2	U-02	gambiae	A. gambiae
A0A453Z064	1	U-01	gambiae	A. gambiae
A0A453Z068	1	U-01	gambiae	A. gambiae
A0A453Z073	1	U-01	gambiae	A. gambiae
A0A453Z074	1	U-01	gambiae	A. gambiae
A0A453Z079	1	U-01	gambiae	A. gambiae
A0A453Z082	1	U-01	gambiae	A. gambiae
A0A453Z088	1	U-01	gambiae	A. gambiae
A0A453Z092	1	U-01	gambiae	A. gambiae
A0A453Z093	1	U-01	gambiae	A. gambiae
A0A453Z0A5	1	U-01	gambiae	A. gambiae
A0A453Z0B0	1	U-01	gambiae	A. gambiae
A0A453Z0B1	1	U-01	gambiae	A. gambiae
A0A453Z0B2	1	U-01	gambiae	A. gambiae
A0A453Z0B6	2	U-02	gambiae	A. gambiae
A0A453Z0B8	1	U-01	gambiae	A. gambiae
A0A453Z0C2	1	U-01	gambiae	A. gambiae
A0A453Z0C7	1	U-01	gambiae	A. gambiae
A0A453Z0D1	1	U-01	gambiae	A. gambiae
A0A453Z0D3	1	U-01	gambiae	A. gambiae
A0A453Z0D6	1	U-01	gambiae	A. gambiae
A0A453Z0D7	1	U-01	gambiae	A. gambiae
A0A453Z0D9	1	U-01	gambiae	A. gambiae
A0A453Z0E1	1	U-01	gambiae	A. gambiae
A0A453Z0E2	1	U-01	gambiae	A. gambiae
A0A453Z0E3	1	U-01	gambiae	A. gambiae
A0A453Z0E4	1	U-01	gambiae	A. gambiae
A0A453Z0E5	1	U-01	gambiae	A. gambiae
A0A453Z0F1	1	U-01	gambiae	A. gambiae
A0A453Z0F2	1	U-01	gambiae	A. gambiae
A0A453Z0F4	2	U-02	gambiae	A. gambiae
A0A453Z0F6	1	U-01	gambiae	A. gambiae
A0A453Z0F9	1	U-01	gambiae	A. gambiae
A0A453Z0G1	1	U-01	gambiae	A. gambiae
A0A453Z0G9	1	U-01	gambiae	A. gambiae
A0A453Z0H1	1	U-01	gambiae	A. gambiae
A0A453Z0H3	1	U-01	gambiae	A. gambiae
A0A453Z0H4	1	U-01	gambiae	A. gambiae
A0A453Z0H7	2	U-02	gambiae	A. gambiae
A0A453Z0I2	2	U-02	gambiae	A. gambiae
A0A453Z0I5	1	U-01	gambiae	A. gambiae
A0A453Z0I8	1	U-01	gambiae	A. gambiae
A0A453Z0J3	2	U-02	gambiae	A. gambiae
A0A453Z0J4	2	U-02	gambiae	A. gambiae
A0A453Z0J5	1	U-01	gambiae	A. gambiae
A0A453Z0J6	1	U-01	gambiae	A. gambiae
A0A453Z0K3	2	U-02	gambiae	A. gambiae
A0A453Z0L1	1	U-01	gambiae	A. gambiae
A0A453Z0L3	1	U-01	gambiae	A. gambiae
A0A453Z0L4	1	U-01	gambiae	A. gambiae
A0A453Z0L6	1	U-01	gambiae	A. gambiae
A0A453Z0L7	1	U-01	gambiae	A. gambiae
A0A453Z0L8	1	U-01	gambiae	A. gambiae
A0A453Z0L9	0	unassigned	gambiae	A. gambiae
A0A453Z0M3	2	U-02	gambiae	A. gambiae
A0A453Z0M5	1	U-01	gambiae	A. gambiae
A0A453Z0M8	2	U-02	gambiae	A. gambiae
A0A453Z0M9	1	U-01	gambiae	A. gambiae
A0A453Z0N0	2	U-02	gambiae	A. gambiae
A0A453Z0N1	1	U-01	gambiae	A. gambiae
A0A453Z0N2	1	U-01	gambiae	A. gambiae
A0A453Z0N5	2	U-02	gambiae	A. gambiae
A0A453Z0N7	1	U-01	gambiae	A. gambiae
A0A453Z0N9	1	U-01	gambiae	A. gambiae
A0ABK8FFX1	1	U-01	gambiae	A. gambiae
A0ABK8FFY3	0	unassigned	gambiae	A. gambiae
A0ABK8FG19	1	U-01	gambiae	A. gambiae
A0ABK8FG20	0	unassigned	gambiae	A. gambiae
Q7QMF9	1	U-01	gambiae	A. gambiae
Q7QMJ4	0	unassigned	gambiae	A. gambiae
Q7QMR3	1	U-01	gambiae	A. gambiae
Q7QN37	1	U-01	gambiae	A. gambiae
Q7QNA5	1	U-01	gambiae	A. gambiae
Q7QNC9	1	U-01	gambiae	A. gambiae
Q7QND1	1	U-01	gambiae	A. gambiae
Q7QNF4	1	U-01	gambiae	A. gambiae
Q7QNJ9	1	U-01	gambiae	A. gambiae
Q7QNK0	1	U-01	gambiae	A. gambiae
Q7QNK9	1	U-01	gambiae	A. gambiae
Q7QNM3	1	U-01	gambiae	A. gambiae
Q7QNM6	0	unassigned	gambiae	A. gambiae
Q7YW65	2	U-02	gambiae	A. gambiae
Q7YW66	2	U-02	gambiae	A. gambiae
Q7YW67	2	U-02	gambiae	A. gambiae
Q8I073	2	U-02	gambiae	A. gambiae
Q8I8P7	2	U-02	gambiae	A. gambiae
Q8I8Q1	2	U-02	gambiae	A. gambiae
Q8I8Q3	2	U-02	gambiae	A. gambiae
Q8I8Q5	2	U-02	gambiae	A. gambiae
Q8I8Q6	2	U-02	gambiae	A. gambiae
Q8I8Q7	2	U-02	gambiae	A. gambiae
Q8I8Q9	2	U-02	gambiae	A. gambiae
Q8I8R4	2	U-02	gambiae	A. gambiae
Q8I8R6	2	U-02	gambiae	A. gambiae
Q8I8R9	2	U-02	gambiae	A. gambiae
Q8I8S2	2	U-02	gambiae	A. gambiae
Q8I8T3	2	U-02	gambiae	A. gambiae
Q8I8T4	2	U-02	gambiae	A. gambiae
Q8I8T5	2	U-02	gambiae	A. gambiae
Q8T5H1	1	U-01	gambiae	A. gambiae
Q8T5H3	1	U-01	gambiae	A. gambiae
Q8T5H9	1	U-01	gambiae	A. gambiae
Q8T5J1	0	unassigned	gambiae	A. gambiae
Q8T5J5	1	U-01	gambiae	A. gambiae
Q8WRX3	2	U-02	gambiae	A. gambiae
Q8WSX7	1	U-01	gambiae	A. gambiae
Q8WSX9	1	U-01	gambiae	A. gambiae
Q8WSY0	1	U-01	gambiae	A. gambiae
P35037	2	U-02	gambiae	A. gambiae
P35040	2	U-02	gambiae	A. gambiae
Q17027	1	U-01	gambiae	A. gambiae
Q27442	1	U-01	gambiae	A. gambiae
Q5TNW4	1	U-01	gambiae	A. gambiae
Q5TX47	1	U-01	gambiae	A. gambiae
Q7PHR1	1	U-01	gambiae	A. gambiae
Q7PIR5	1	U-01	gambiae	A. gambiae
Q7PMG3	1	U-01	gambiae	A. gambiae
Q7PMT2	1	U-01	gambiae	A. gambiae
Q7PNL6	1	U-01	gambiae	A. gambiae
Q7PNN7	1	U-01	gambiae	A. gambiae
Q7PPA5	1	U-01	gambiae	A. gambiae
Q7PUJ5	1	U-01	gambiae	A. gambiae
Q7PXI1	2	U-02	gambiae	A. gambiae
Q7PY41	1	U-01	gambiae	A. gambiae
Q7PY55	1	U-01	gambiae	A. gambiae
Q7PY77	1	U-01	gambiae	A. gambiae
Q7PY85	1	U-01	gambiae	A. gambiae
Q7PYC4	1	U-01	gambiae	A. gambiae
Q7PYF4	1	U-01	gambiae	A. gambiae
Q7Q0Q1	1	U-01	gambiae	A. gambiae
Q7Q164	1	U-01	gambiae	A. gambiae
Q7Q1H5	1	U-01	gambiae	A. gambiae
Q7Q1I2	1	U-01	gambiae	A. gambiae
Q7Q1L3	1	U-01	gambiae	A. gambiae
Q7Q1R0	2	U-02	gambiae	A. gambiae
Q7Q292	1	U-01	gambiae	A. gambiae
Q7Q323	1	U-01	gambiae	A. gambiae
Q7Q3J5	2	U-02	gambiae	A. gambiae
Q7Q3R9	1	U-01	gambiae	A. gambiae
Q7Q591	1	U-01	gambiae	A. gambiae
Q7Q5R9	1	U-01	gambiae	A. gambiae
Q7Q7R8	1	U-01	gambiae	A. gambiae
Q7QBI7	1	U-01	gambiae	A. gambiae
Q7QBW0	1	U-01	gambiae	A. gambiae
Q7QDK0	1	U-01	gambiae	A. gambiae
Q7QDU4	1	U-01	gambiae	A. gambiae
Q7QE55	2	U-02	gambiae	A. gambiae
Q7QEK3	1	U-01	gambiae	A. gambiae
Q7QF47	1	U-01	gambiae	A. gambiae
Q7QF91	2	U-02	gambiae	A. gambiae
Q7QG29	1	U-01	gambiae	A. gambiae
Q7QH73	2	U-02	gambiae	A. gambiae
Q7QHD3	1	U-01	gambiae	A. gambiae
Q7QI26	1	U-01	gambiae	A. gambiae
Q7QJY6	2	U-02	gambiae	A. gambiae
Q7QK01	1	U-01	gambiae	A. gambiae
Q869C3	2	U-02	gambiae	A. gambiae
Q8WTE6	0	unassigned	gambiae	A. gambiae
Q8WTE7	0	unassigned	gambiae	A. gambiae
Q93112	0	unassigned	gambiae	A. gambiae
A0A0E4G8E3	1	U-01	gambiae	A. gambiae
A0A1S4G7P2	1	U-01	gambiae	A. gambiae
A0A1S4G7U7	1	U-01	gambiae	A. gambiae
A0A1S4G7Y0	2	U-02	gambiae	A. gambiae
A0A1S4G846	1	U-01	gambiae	A. gambiae
A0A1S4G852	1	U-01	gambiae	A. gambiae
A0A1S4G858	1	U-01	gambiae	A. gambiae
A0A1S4G881	1	U-01	gambiae	A. gambiae
Q7Q7J4	1	U-01	gambiae	A. gambiae
Q7Q7M2	1	U-01	gambiae	A. gambiae
Q7Q7M3	1	U-01	gambiae	A. gambiae
Q7Q7M7	2	U-02	gambiae	A. gambiae
Q7Q7M8	1	U-01	gambiae	A. gambiae
Q7Q7N0	1	U-01	gambiae	A. gambiae
Q7Q7N4	1	U-01	gambiae	A. gambiae
Q7Q7N5	1	U-01	gambiae	A. gambiae
Q7Q7P0	1	U-01	gambiae	A. gambiae
Q7Q7P2	1	U-01	gambiae	A. gambiae
Q7Q7P4	1	U-01	gambiae	A. gambiae
Q7Q7P7	2	U-02	gambiae	A. gambiae
Q7Q7Q1	1	U-01	gambiae	A. gambiae
Q7Q7Q7	1	U-01	gambiae	A. gambiae
Q7Q7Q8	1	U-01	gambiae	A. gambiae
Q7Q7R3	2	U-02	gambiae	A. gambiae
Q7Q7U7	1	U-01	gambiae	A. gambiae
Q7Q7V9	2	U-02	gambiae	A. gambiae
Q7Q7W1	1	U-01	gambiae	A. gambiae
Q7Q7W2	1	U-01	gambiae	A. gambiae
Q7Q7W5	2	U-02	gambiae	A. gambiae
Q7Q7W6	1	U-01	gambiae	A. gambiae
Q7Q7Y3	1	U-01	gambiae	A. gambiae
Q7Q7Y5	1	U-01	gambiae	A. gambiae
Q7Q7Y6	1	U-01	gambiae	A. gambiae
Q7Q7Y7	2	U-02	gambiae	A. gambiae
Q7Q7Y8	1	U-01	gambiae	A. gambiae
Q7Q7Z6	1	U-01	gambiae	A. gambiae
Q7Q7Z8	1	U-01	gambiae	A. gambiae
Q7Q802	1	U-01	gambiae	A. gambiae
Q7Q803	1	U-01	gambiae	A. gambiae
Q7Q806	0	unassigned	gambiae	A. gambiae
Q7QIM4	1	U-01	gambiae	A. gambiae
Q7QIM5	1	U-01	gambiae	A. gambiae
Q7QIM8	2	U-02	gambiae	A. gambiae
Q7QIN5	1	U-01	gambiae	A. gambiae
Q7QIP1	1	U-01	gambiae	A. gambiae
Q7QIP8	1	U-01	gambiae	A. gambiae
Q7QIP9	1	U-01	gambiae	A. gambiae
Q7QIQ1	2	U-02	gambiae	A. gambiae
Q7QIQ4	1	U-01	gambiae	A. gambiae
Q7QIQ7	1	U-01	gambiae	A. gambiae
Q7QIQ9	1	U-01	gambiae	A. gambiae
Q7QIS2	1	U-01	gambiae	A. gambiae
Q7QIS4	0	unassigned	gambiae	A. gambiae
Q7QIS5	2	U-02	gambiae	A. gambiae
Q7QIS6	1	U-01	gambiae	A. gambiae
Q7QIS7	1	U-01	gambiae	A. gambiae
Q7QIT0	1	U-01	gambiae	A. gambiae
Q7QIT1	2	U-02	gambiae	A. gambiae
Q7QIT2	1	U-01	gambiae	A. gambiae
Q7QIT4	1	U-01	gambiae	A. gambiae
Q7QIT7	1	U-01	gambiae	A. gambiae
Q7QIU8	1	U-01	gambiae	A. gambiae
Q7QIV1	1	U-01	gambiae	A. gambiae
Q7QIV8	1	U-01	gambiae	A. gambiae
Q7QIV9	1	U-01	gambiae	A. gambiae
Q7QIW5	1	U-01	gambiae	A. gambiae
Q7QIX0	1	U-01	gambiae	A. gambiae
Q7QIX1	1	U-01	gambiae	A. gambiae
Q7QIX2	1	U-01	gambiae	A. gambiae
Q7QIX3	1	U-01	gambiae	A. gambiae
Q7QIX5	1	U-01	gambiae	A. gambiae
Q7QIX9	1	U-01	gambiae	A. gambiae
Q7QIY0	1	U-01	gambiae	A. gambiae
Q7QIY5	1	U-01	gambiae	A. gambiae
Q7QIZ1	2	U-02	gambiae	A. gambiae
Q7QJ02	2	U-02	gambiae	A. gambiae
Q7QJ05	1	U-01	gambiae	A. gambiae
Q7QJ09	2	U-02	gambiae	A. gambiae
Q7QJ13	2	U-02	gambiae	A. gambiae
Q7QJ15	2	U-02	gambiae	A. gambiae
Q7QJ17	1	U-01	gambiae	A. gambiae
Q7QJ20	1	U-01	gambiae	A. gambiae
Q7QJ22	1	U-01	gambiae	A. gambiae
Q7QJ23	1	U-01	gambiae	A. gambiae
Q7QJ27	1	U-01	gambiae	A. gambiae
Q7QJ32	1	U-01	gambiae	A. gambiae
Q7QJ33	1	U-01	gambiae	A. gambiae
Q7QJ37	2	U-02	gambiae	A. gambiae
Q7QJ44	2	U-02	gambiae	A. gambiae
Q7QJ50	2	U-02	gambiae	A. gambiae
Q7QJ54	1	U-01	gambiae	A. gambiae
Q7QJ57	1	U-01	gambiae	A. gambiae
Q7QJ58	2	U-02	gambiae	A. gambiae
Q7QJ59	1	U-01	gambiae	A. gambiae
Q7QJ75	1	U-01	gambiae	A. gambiae
Q7QJ81	2	U-02	gambiae	A. gambiae
Q7QJ88	1	U-01	gambiae	A. gambiae
Q7QJA4	1	U-01	gambiae	A. gambiae
Q7QJA6	2	U-02	gambiae	A. gambiae
Q7QJA8	1	U-01	gambiae	A. gambiae
Q7QJB1	1	U-01	gambiae	A. gambiae
Q7QJB2	1	U-01	gambiae	A. gambiae
Q7QJB3	1	U-01	gambiae	A. gambiae
Q7QJB6	1	U-01	gambiae	A. gambiae
Q7QJC0	2	U-02	gambiae	A. gambiae
Q7QJC1	2	U-02	gambiae	A. gambiae
Q7QJC2	2	U-02	gambiae	A. gambiae
Q7QJC3	2	U-02	gambiae	A. gambiae
A7US03	1	U-01	gambiae	A. gambiae
A7US24	1	U-01	gambiae	A. gambiae
A7US29	2	U-02	gambiae	A. gambiae
A7US33	1	U-01	gambiae	A. gambiae
A7US46	0	unassigned	gambiae	A. gambiae
A7US51	1	U-01	gambiae	A. gambiae
A7US54	1	U-01	gambiae	A. gambiae
A7US55	1	U-01	gambiae	A. gambiae
A7US56	1	U-01	gambiae	A. gambiae
A7US58	1	U-01	gambiae	A. gambiae
A7US61	1	U-01	gambiae	A. gambiae
A7US63	2	U-02	gambiae	A. gambiae
A7US64	2	U-02	gambiae	A. gambiae
A7US65	2	U-02	gambiae	A. gambiae
A7US66	2	U-02	gambiae	A. gambiae
A7US72	1	U-01	gambiae	A. gambiae
A7US83	2	U-02	gambiae	A. gambiae
A7US84	1	U-01	gambiae	A. gambiae
A7US85	0	unassigned	gambiae	A. gambiae
A7US92	2	U-02	gambiae	A. gambiae
A7USA3	2	U-02	gambiae	A. gambiae
A7USA7	2	U-02	gambiae	A. gambiae
A7USB2	2	U-02	gambiae	A. gambiae
A7USB3	2	U-02	gambiae	A. gambiae
A7USB6	1	U-01	gambiae	A. gambiae
A7USD4	0	unassigned	gambiae	A. gambiae
F5HKS5	2	U-02	gambiae	A. gambiae
F5HKS6	2	U-02	gambiae	A. gambiae
F5HKS7	2	U-02	gambiae	A. gambiae
F5HKT6	1	U-01	gambiae	A. gambiae
F5HKT8	1	U-01	gambiae	A. gambiae
F5HKT9	1	U-01	gambiae	A. gambiae
F5HKU0	1	U-01	gambiae	A. gambiae
F5HKV8	1	U-01	gambiae	A. gambiae
F5HKV9	1	U-01	gambiae	A. gambiae
F5HKW1	1	U-01	gambiae	A. gambiae
F5HKW5	1	U-01	gambiae	A. gambiae
F5HKW6	1	U-01	gambiae	A. gambiae
F5HKW8	1	U-01	gambiae	A. gambiae
F5HKX1	0	unassigned	gambiae	A. gambiae
F5HKX4	1	U-01	gambiae	A. gambiae
F5HKY3	2	U-02	gambiae	A. gambiae
F5HKY5	1	U-01	gambiae	A. gambiae
F5HKZ2	1	U-01	gambiae	A. gambiae
F5HKZ9	1	U-01	gambiae	A. gambiae
F5HL02	1	U-01	gambiae	A. gambiae
F5HL03	1	U-01	gambiae	A. gambiae
F5HL16	1	U-01	gambiae	A. gambiae
F5HL17	1	U-01	gambiae	A. gambiae
F5HL19	1	U-01	gambiae	A. gambiae
F5HL20	1	U-01	gambiae	A. gambiae
F5HL22	1	U-01	gambiae	A. gambiae
F5HL23	1	U-01	gambiae	A. gambiae
F5HL24	1	U-01	gambiae	A. gambiae
F5HL31	1	U-01	gambiae	A. gambiae
F5HL32	1	U-01	gambiae	A. gambiae
F5HL35	1	U-01	gambiae	A. gambiae
F5HL39	1	U-01	gambiae	A. gambiae
F5HL41	1	U-01	gambiae	A. gambiae
F5HL52	1	U-01	gambiae	A. gambiae
F5HL54	1	U-01	gambiae	A. gambiae
F5HL58	1	U-01	gambiae	A. gambiae
F5HL63	1	U-01	gambiae	A. gambiae
F5HL64	1	U-01	gambiae	A. gambiae
F5HL69	1	U-01	gambiae	A. gambiae
F5HL70	1	U-01	gambiae	A. gambiae
F5HL72	1	U-01	gambiae	A. gambiae
F5HL74	1	U-01	gambiae	A. gambiae
F5HL78	1	U-01	gambiae	A. gambiae
F5HL81	1	U-01	gambiae	A. gambiae
F5HL82	1	U-01	gambiae	A. gambiae
F5HL86	2	U-02	gambiae	A. gambiae
F5HL89	1	U-01	gambiae	A. gambiae
F5HL94	1	U-01	gambiae	A. gambiae
F5HL95	1	U-01	gambiae	A. gambiae
F5HL98	0	unassigned	gambiae	A. gambiae
F5HL99	1	U-01	gambiae	A. gambiae
F5HLA0	1	U-01	gambiae	A. gambiae
F5HLA2	1	U-01	gambiae	A. gambiae
F5HLB0	1	U-01	gambiae	A. gambiae
F5HLB6	1	U-01	gambiae	A. gambiae
F5HLC8	1	U-01	gambiae	A. gambiae
F5HLD0	2	U-02	gambiae	A. gambiae
F5HLD1	0	unassigned	gambiae	A. gambiae
F5HLD8	1	U-01	gambiae	A. gambiae
F5HLE3	1	U-01	gambiae	A. gambiae
F5HLE5	1	U-01	gambiae	A. gambiae
F5HLE6	1	U-01	gambiae	A. gambiae
F5HLE7	2	U-02	gambiae	A. gambiae
F5HLE8	1	U-01	gambiae	A. gambiae
F5HLF6	1	U-01	gambiae	A. gambiae
F5HLF7	1	U-01	gambiae	A. gambiae
F5HLH6	2	U-02	gambiae	A. gambiae
F5HLI8	2	U-02	gambiae	A. gambiae
F5HLJ0	1	U-01	gambiae	A. gambiae
F5HLJ2	1	U-01	gambiae	A. gambiae
F5HLK2	1	U-01	gambiae	A. gambiae
F5HLK5	1	U-01	gambiae	A. gambiae
F5HLK9	2	U-02	gambiae	A. gambiae
F5HLL1	2	U-02	gambiae	A. gambiae
Q7PWU6	1	U-01	gambiae	A. gambiae
Q7PWV1	1	U-01	gambiae	A. gambiae
Q7PWX4	1	U-01	gambiae	A. gambiae
Q7PWX6	2	U-02	gambiae	A. gambiae
Q7PWY2	1	U-01	gambiae	A. gambiae
Q7Q5R2	1	U-01	gambiae	A. gambiae
Q7Q5R4	1	U-01	gambiae	A. gambiae
Q7Q5R5	1	U-01	gambiae	A. gambiae
Q7Q5R6	1	U-01	gambiae	A. gambiae
Q7Q5R7	1	U-01	gambiae	A. gambiae
Q7Q5S2	1	U-01	gambiae	A. gambiae
Q7Q5S4	1	U-01	gambiae	A. gambiae
Q7Q5S7	1	U-01	gambiae	A. gambiae
Q7Q5S8	1	U-01	gambiae	A. gambiae
Q7Q5T0	2	U-02	gambiae	A. gambiae
Q7Q5T1	1	U-01	gambiae	A. gambiae
Q7Q5U1	2	U-02	gambiae	A. gambiae
Q7Q5V3	2	U-02	gambiae	A. gambiae
Q7Q5V9	2	U-02	gambiae	A. gambiae
Q7Q5W7	1	U-01	gambiae	A. gambiae
Q7Q5W8	1	U-01	gambiae	A. gambiae
Q7Q5X0	1	U-01	gambiae	A. gambiae
Q7Q5Y0	2	U-02	gambiae	A. gambiae
Q7Q5Y1	1	U-01	gambiae	A. gambiae
Q7Q5Y3	1	U-01	gambiae	A. gambiae
Q7Q5Y7	1	U-01	gambiae	A. gambiae
Q7Q5Y8	1	U-01	gambiae	A. gambiae
Q7Q5Z2	1	U-01	gambiae	A. gambiae
Q7Q5Z9	1	U-01	gambiae	A. gambiae
Q7Q605	1	U-01	gambiae	A. gambiae
Q7Q608	1	U-01	gambiae	A. gambiae
Q7Q610	1	U-01	gambiae	A. gambiae
Q7Q612	1	U-01	gambiae	A. gambiae
Q7Q629	1	U-01	gambiae	A. gambiae
Q7Q630	2	U-02	gambiae	A. gambiae
Q7Q633	1	U-01	gambiae	A. gambiae
Q7Q635	1	U-01	gambiae	A. gambiae
Q7Q636	1	U-01	gambiae	A. gambiae
Q7Q644	1	U-01	gambiae	A. gambiae
Q7Q647	0	unassigned	gambiae	A. gambiae
Q7Q649	1	U-01	gambiae	A. gambiae
Q7Q655	1	U-01	gambiae	A. gambiae
Q7Q657	1	U-01	gambiae	A. gambiae
Q7Q663	1	U-01	gambiae	A. gambiae
Q7Q666	1	U-01	gambiae	A. gambiae
Q7Q667	2	U-02	gambiae	A. gambiae
Q7Q668	1	U-01	gambiae	A. gambiae
Q7Q672	1	U-01	gambiae	A. gambiae
Q7Q680	1	U-01	gambiae	A. gambiae
Q7Q681	1	U-01	gambiae	A. gambiae
Q7Q685	1	U-01	gambiae	A. gambiae
Q7Q686	1	U-01	gambiae	A. gambiae
Q7Q689	1	U-01	gambiae	A. gambiae
Q7Q692	2	U-02	gambiae	A. gambiae
Q7Q699	1	U-01	gambiae	A. gambiae
Q7Q6A1	1	U-01	gambiae	A. gambiae
Q7Q6A2	1	U-01	gambiae	A. gambiae
Q7Q6A3	1	U-01	gambiae	A. gambiae
Q7Q6B7	1	U-01	gambiae	A. gambiae
Q7Q6B8	1	U-01	gambiae	A. gambiae
Q7Q6C8	1	U-01	gambiae	A. gambiae
Q7Q6C9	1	U-01	gambiae	A. gambiae
Q7Q6D5	1	U-01	gambiae	A. gambiae
Q7Q6D9	1	U-01	gambiae	A. gambiae
Q7Q6E0	1	U-01	gambiae	A. gambiae
Q7Q6E2	1	U-01	gambiae	A. gambiae
Q7Q6E5	1	U-01	gambiae	A. gambiae
Q7Q6E6	1	U-01	gambiae	A. gambiae
Q7Q6E7	1	U-01	gambiae	A. gambiae
Q7Q6E8	1	U-01	gambiae	A. gambiae
Q7Q6F3	1	U-01	gambiae	A. gambiae
Q7Q6F4	1	U-01	gambiae	A. gambiae
Q7Q6F5	1	U-01	gambiae	A. gambiae
Q7Q6F9	1	U-01	gambiae	A. gambiae
Q7Q6G1	1	U-01	gambiae	A. gambiae
Q7Q6G4	1	U-01	gambiae	A. gambiae
Q7Q6G6	1	U-01	gambiae	A. gambiae
Q7Q6G7	2	U-02	gambiae	A. gambiae
Q7Q6H4	1	U-01	gambiae	A. gambiae
Q7Q6H5	1	U-01	gambiae	A. gambiae
Q7Q6I0	2	U-02	gambiae	A. gambiae
Q7Q6I1	2	U-02	gambiae	A. gambiae
Q7Q6I3	1	U-01	gambiae	A. gambiae
Q7Q6I6	1	U-01	gambiae	A. gambiae
Q7Q6I8	1	U-01	gambiae	A. gambiae
Q7Q6J4	1	U-01	gambiae	A. gambiae
Q7Q6J8	1	U-01	gambiae	A. gambiae
Q7Q6K2	1	U-01	gambiae	A. gambiae
Q7Q6K6	2	U-02	gambiae	A. gambiae
Q7Q6L2	1	U-01	gambiae	A. gambiae
Q7Q6L5	1	U-01	gambiae	A. gambiae
Q7Q6L7	1	U-01	gambiae	A. gambiae
Q7Q6N1	2	U-02	gambiae	A. gambiae
Q7Q6N2	2	U-02	gambiae	A. gambiae
Q7Q6N8	1	U-01	gambiae	A. gambiae
Q7Q6P6	1	U-01	gambiae	A. gambiae
Q7Q6Q9	2	U-02	gambiae	A. gambiae
Q7Q6R1	2	U-02	gambiae	A. gambiae
Q7Q6R7	1	U-01	gambiae	A. gambiae
Q7Q6R8	1	U-01	gambiae	A. gambiae
F5HJ88	1	U-01	gambiae	A. gambiae
F5HJ90	1	U-01	gambiae	A. gambiae
F5HJ91	1	U-01	gambiae	A. gambiae
F5HJ95	1	U-01	gambiae	A. gambiae
F5HJ96	1	U-01	gambiae	A. gambiae
F5HJ97	1	U-01	gambiae	A. gambiae
F5HJB0	1	U-01	gambiae	A. gambiae
F5HJB4	1	U-01	gambiae	A. gambiae
F5HJB5	1	U-01	gambiae	A. gambiae
F5HJB7	1	U-01	gambiae	A. gambiae
F5HJB8	1	U-01	gambiae	A. gambiae
F5HJC0	1	U-01	gambiae	A. gambiae
F5HJC4	1	U-01	gambiae	A. gambiae
F5HJC5	1	U-01	gambiae	A. gambiae
F5HJC8	2	U-02	gambiae	A. gambiae
F5HJD2	1	U-01	gambiae	A. gambiae
F5HJD4	1	U-01	gambiae	A. gambiae
F5HJD7	2	U-02	gambiae	A. gambiae
F5HJD8	1	U-01	gambiae	A. gambiae
F5HJE1	1	U-01	gambiae	A. gambiae
F5HJF4	1	U-01	gambiae	A. gambiae
F5HJF8	1	U-01	gambiae	A. gambiae
F5HJG4	1	U-01	gambiae	A. gambiae
F5HJH3	1	U-01	gambiae	A. gambiae
F5HJH4	1	U-01	gambiae	A. gambiae
F5HJI6	1	U-01	gambiae	A. gambiae
F5HJI8	1	U-01	gambiae	A. gambiae
F5HJI9	1	U-01	gambiae	A. gambiae
F5HJJ0	1	U-01	gambiae	A. gambiae
F5HJJ1	1	U-01	gambiae	A. gambiae
F5HJJ2	1	U-01	gambiae	A. gambiae
F5HJJ4	1	U-01	gambiae	A. gambiae
F5HJK1	1	U-01	gambiae	A. gambiae
F5HJK3	1	U-01	gambiae	A. gambiae
F5HJK5	1	U-01	gambiae	A. gambiae
F5HJK6	1	U-01	gambiae	A. gambiae
F5HJK9	1	U-01	gambiae	A. gambiae
F5HJL4	1	U-01	gambiae	A. gambiae
F5HJL6	1	U-01	gambiae	A. gambiae
F5HJM2	2	U-02	gambiae	A. gambiae
F5HJM6	1	U-01	gambiae	A. gambiae
F5HJM9	0	unassigned	gambiae	A. gambiae
F5HJN0	1	U-01	gambiae	A. gambiae
F5HJN6	1	U-01	gambiae	A. gambiae
F5HJN7	1	U-01	gambiae	A. gambiae
F5HJP2	1	U-01	gambiae	A. gambiae
F5HJP3	1	U-01	gambiae	A. gambiae
F5HJQ7	1	U-01	gambiae	A. gambiae
F5HJR3	1	U-01	gambiae	A. gambiae
F5HJR5	1	U-01	gambiae	A. gambiae
F5HJR7	0	unassigned	gambiae	A. gambiae
F5HJS0	1	U-01	gambiae	A. gambiae
F5HJS5	1	U-01	gambiae	A. gambiae
F5HJS9	1	U-01	gambiae	A. gambiae
F5HJU2	1	U-01	gambiae	A. gambiae
F5HJU7	1	U-01	gambiae	A. gambiae
F5HJU8	1	U-01	gambiae	A. gambiae
F5HJV0	1	U-01	gambiae	A. gambiae
F5HJV1	1	U-01	gambiae	A. gambiae
F5HJV3	1	U-01	gambiae	A. gambiae
F5HJV4	1	U-01	gambiae	A. gambiae
F5HJV8	1	U-01	gambiae	A. gambiae
F5HJV9	1	U-01	gambiae	A. gambiae
F5HJW5	1	U-01	gambiae	A. gambiae
F5HJW7	0	unassigned	gambiae	A. gambiae
F5HJX4	1	U-01	gambiae	A. gambiae
F5HJX8	1	U-01	gambiae	A. gambiae
F5HJY0	1	U-01	gambiae	A. gambiae
F5HJY8	1	U-01	gambiae	A. gambiae
F5HJY9	1	U-01	gambiae	A. gambiae
F5HJZ0	1	U-01	gambiae	A. gambiae
F5HJZ2	1	U-01	gambiae	A. gambiae
F5HJZ3	1	U-01	gambiae	A. gambiae
F5HJZ5	1	U-01	gambiae	A. gambiae
F5HJZ6	1	U-01	gambiae	A. gambiae
F5HK05	1	U-01	gambiae	A. gambiae
F5HK12	1	U-01	gambiae	A. gambiae
F5HK14	1	U-01	gambiae	A. gambiae
F5HK15	1	U-01	gambiae	A. gambiae
F5HK18	1	U-01	gambiae	A. gambiae
Q5TSR7	1	U-01	gambiae	A. gambiae
Q5TST8	1	U-01	gambiae	A. gambiae
Q5TST9	1	U-01	gambiae	A. gambiae
Q5TSV4	1	U-01	gambiae	A. gambiae
Q5TSW5	1	U-01	gambiae	A. gambiae
Q5TSX9	1	U-01	gambiae	A. gambiae
Q5TT02	1	U-01	gambiae	A. gambiae
Q5TT17	1	U-01	gambiae	A. gambiae
Q5TT21	1	U-01	gambiae	A. gambiae
Q5TT37	1	U-01	gambiae	A. gambiae
Q5TT43	1	U-01	gambiae	A. gambiae
Q5TT47	1	U-01	gambiae	A. gambiae
Q5TT57	2	U-02	gambiae	A. gambiae
Q5TT79	1	U-01	gambiae	A. gambiae
Q5TT92	2	U-02	gambiae	A. gambiae
Q5TT97	1	U-01	gambiae	A. gambiae
Q5TTA3	1	U-01	gambiae	A. gambiae
Q5TTA9	1	U-01	gambiae	A. gambiae
Q5TTC8	1	U-01	gambiae	A. gambiae
Q5TTD1	1	U-01	gambiae	A. gambiae
Q7Q1U8	1	U-01	gambiae	A. gambiae
Q7Q222	1	U-01	gambiae	A. gambiae
Q7Q257	1	U-01	gambiae	A. gambiae
Q7Q272	1	U-01	gambiae	A. gambiae
Q7Q282	1	U-01	gambiae	A. gambiae
Q7Q294	1	U-01	gambiae	A. gambiae
Q7Q2A9	1	U-01	gambiae	A. gambiae
Q7Q2B5	2	U-02	gambiae	A. gambiae
Q7Q2C2	1	U-01	gambiae	A. gambiae
Q7Q2P0	2	U-02	gambiae	A. gambiae
Q7Q2P7	1	U-01	gambiae	A. gambiae
Q7Q306	1	U-01	gambiae	A. gambiae
Q7Q328	2	U-02	gambiae	A. gambiae
Q7Q395	1	U-01	gambiae	A. gambiae
Q7Q3E4	1	U-01	gambiae	A. gambiae
Q7Q3I6	1	U-01	gambiae	A. gambiae
Q7Q3J3	2	U-02	gambiae	A. gambiae
Q7Q3L8	1	U-01	gambiae	A. gambiae
Q7Q3M8	1	U-01	gambiae	A. gambiae
Q7Q3N5	1	U-01	gambiae	A. gambiae
Q7Q3R6	1	U-01	gambiae	A. gambiae
Q7Q3Y9	1	U-01	gambiae	A. gambiae
Q7Q406	1	U-01	gambiae	A. gambiae
Q7Q412	1	U-01	gambiae	A. gambiae
Q7Q472	1	U-01	gambiae	A. gambiae
Q7Q4D3	1	U-01	gambiae	A. gambiae
Q7Q4F5	1	U-01	gambiae	A. gambiae
Q7Q4M5	2	U-02	gambiae	A. gambiae
Q7Q4T0	2	U-02	gambiae	A. gambiae
Q7Q4V0	2	U-02	gambiae	A. gambiae
Q7Q502	1	U-01	gambiae	A. gambiae
Q7Q515	1	U-01	gambiae	A. gambiae
Q7Q537	1	U-01	gambiae	A. gambiae
Q7Q580	1	U-01	gambiae	A. gambiae
Q7Q595	1	U-01	gambiae	A. gambiae
Q7Q596	1	U-01	gambiae	A. gambiae
Q7Q5B2	1	U-01	gambiae	A. gambiae
Q7Q5D3	1	U-01	gambiae	A. gambiae
Q7Q5H2	1	U-01	gambiae	A. gambiae
Q7Q5I1	2	U-02	gambiae	A. gambiae
Q7Q5I7	2	U-02	gambiae	A. gambiae
Q7Q5J5	1	U-01	gambiae	A. gambiae
Q7Q5P9	1	U-01	gambiae	A. gambiae
Q7Q5R3	1	U-01	gambiae	A. gambiae
Q7Q5R8	1	U-01	gambiae	A. gambiae
Q7Q5S5	1	U-01	gambiae	A. gambiae
Q7Q5Z3	1	U-01	gambiae	A. gambiae
Q7Q5Z6	2	U-02	gambiae	A. gambiae
Q7Q627	1	U-01	gambiae	A. gambiae
Q7Q6A7	1	U-01	gambiae	A. gambiae
Q7Q6A9	1	U-01	gambiae	A. gambiae
Q7Q6B5	1	U-01	gambiae	A. gambiae
Q7Q6C1	1	U-01	gambiae	A. gambiae
Q7Q6D6	1	U-01	gambiae	A. gambiae
Q7Q6E3	1	U-01	gambiae	A. gambiae
Q7Q6F1	1	U-01	gambiae	A. gambiae
Q7Q6F7	1	U-01	gambiae	A. gambiae
Q7Q6G5	1	U-01	gambiae	A. gambiae
Q7Q6H2	1	U-01	gambiae	A. gambiae
Q7Q6H3	2	U-02	gambiae	A. gambiae
Q7Q6I9	1	U-01	gambiae	A. gambiae
Q7Q6K1	1	U-01	gambiae	A. gambiae
Q7Q6K9	2	U-02	gambiae	A. gambiae
Q7Q6L4	2	U-02	gambiae	A. gambiae
Q7Q6L9	1	U-01	gambiae	A. gambiae
Q7Q6Q8	1	U-01	gambiae	A. gambiae
Q7Q6V2	1	U-01	gambiae	A. gambiae
Q7Q6W6	2	U-02	gambiae	A. gambiae
Q7Q6X6	1	U-01	gambiae	A. gambiae
Q7Q729	1	U-01	gambiae	A. gambiae
A0A1S4G9Y5	1	U-01	gambiae	A. gambiae
A0A1S4G9Z0	1	U-01	gambiae	A. gambiae
A0A1S4GA00	1	U-01	gambiae	A. gambiae
A0A1S4GA11	1	U-01	gambiae	A. gambiae
A0A1S4GA14	1	U-01	gambiae	A. gambiae
A0A1S4GA27	1	U-01	gambiae	A. gambiae
A0A1S4GA45	1	U-01	gambiae	A. gambiae
A0A1S4GA51	2	U-02	gambiae	A. gambiae
A0A1S4GA62	1	U-01	gambiae	A. gambiae
A0A1S4GA79	1	U-01	gambiae	A. gambiae
A0A1S4GAA6	1	U-01	gambiae	A. gambiae
A0A1S4GAD6	1	U-01	gambiae	A. gambiae
A0A1S4GAD7	1	U-01	gambiae	A. gambiae
A0A1S4GAH9	1	U-01	gambiae	A. gambiae
A0A1S4GAI5	2	U-02	gambiae	A. gambiae
A0A1S4GAI6	0	unassigned	gambiae	A. gambiae
A0A1S4GAJ3	1	U-01	gambiae	A. gambiae
A0A1S4GAJ4	1	U-01	gambiae	A. gambiae
A0A1S4GAL8	1	U-01	gambiae	A. gambiae
A0A1S4GAM2	1	U-01	gambiae	A. gambiae
A0A1S4GAP1	1	U-01	gambiae	A. gambiae
A0A1S4GAR2	1	U-01	gambiae	A. gambiae
A0A1S4GAV3	2	U-02	gambiae	A. gambiae
A0A1S4GAV6	0	unassigned	gambiae	A. gambiae
A0A1S4GAY9	2	U-02	gambiae	A. gambiae
A0A1S4GAZ8	1	U-01	gambiae	A. gambiae
A0A1S4GB12	1	U-01	gambiae	A. gambiae
A0A1S4GB26	1	U-01	gambiae	A. gambiae
A0A1S4GB37	1	U-01	gambiae	A. gambiae
A0A1S4GBB2	1	U-01	gambiae	A. gambiae
Q7PZC1	1	U-01	gambiae	A. gambiae
Q7PZC3	1	U-01	gambiae	A. gambiae
Q7PZC7	1	U-01	gambiae	A. gambiae
Q7PZC9	1	U-01	gambiae	A. gambiae
Q7PZD5	1	U-01	gambiae	A. gambiae
Q7PZE1	1	U-01	gambiae	A. gambiae
Q7PZF8	1	U-01	gambiae	A. gambiae
Q7PZG4	1	U-01	gambiae	A. gambiae
Q7PZG7	1	U-01	gambiae	A. gambiae
Q7PZI7	2	U-02	gambiae	A. gambiae
Q7PZI8	2	U-02	gambiae	A. gambiae
Q7PZJ6	1	U-01	gambiae	A. gambiae
Q7PZJ8	1	U-01	gambiae	A. gambiae
Q7PZK0	1	U-01	gambiae	A. gambiae
Q7PZK5	1	U-01	gambiae	A. gambiae
Q7PZK7	1	U-01	gambiae	A. gambiae
Q7PZK9	2	U-02	gambiae	A. gambiae
Q7PZL5	2	U-02	gambiae	A. gambiae
Q7PZL8	1	U-01	gambiae	A. gambiae
Q7PZM9	2	U-02	gambiae	A. gambiae
Q7PZN2	1	U-01	gambiae	A. gambiae
Q7PZN3	0	unassigned	gambiae	A. gambiae
Q7PZP1	1	U-01	gambiae	A. gambiae
Q7PZR4	1	U-01	gambiae	A. gambiae
Q7PZR6	1	U-01	gambiae	A. gambiae
Q7PZR7	1	U-01	gambiae	A. gambiae
Q7PZT4	1	U-01	gambiae	A. gambiae
Q7PZU3	1	U-01	gambiae	A. gambiae
Q7PZV4	1	U-01	gambiae	A. gambiae
Q7PZW0	1	U-01	gambiae	A. gambiae
Q7PZW7	1	U-01	gambiae	A. gambiae
Q7PZW9	1	U-01	gambiae	A. gambiae
Q7PZX6	1	U-01	gambiae	A. gambiae
Q7PZX9	1	U-01	gambiae	A. gambiae
Q7PZY3	2	U-02	gambiae	A. gambiae
Q7PZY4	1	U-01	gambiae	A. gambiae
Q7PZY5	2	U-02	gambiae	A. gambiae
Q7PZY9	1	U-01	gambiae	A. gambiae
Q7PZZ6	1	U-01	gambiae	A. gambiae
Q7Q001	1	U-01	gambiae	A. gambiae
Q7Q009	1	U-01	gambiae	A. gambiae
Q7Q013	1	U-01	gambiae	A. gambiae
Q7Q018	1	U-01	gambiae	A. gambiae
Q7Q021	2	U-02	gambiae	A. gambiae
Q7Q023	1	U-01	gambiae	A. gambiae
Q7Q028	1	U-01	gambiae	A. gambiae
Q7Q034	1	U-01	gambiae	A. gambiae
Q7Q036	1	U-01	gambiae	A. gambiae
Q7Q039	1	U-01	gambiae	A. gambiae
Q7Q040	1	U-01	gambiae	A. gambiae
Q7Q041	1	U-01	gambiae	A. gambiae
Q7Q058	2	U-02	gambiae	A. gambiae
Q7Q068	1	U-01	gambiae	A. gambiae
Q7Q069	1	U-01	gambiae	A. gambiae
Q7Q071	1	U-01	gambiae	A. gambiae
Q7Q081	1	U-01	gambiae	A. gambiae
Q7Q096	1	U-01	gambiae	A. gambiae
Q7Q099	1	U-01	gambiae	A. gambiae
Q7Q0A4	2	U-02	gambiae	A. gambiae
Q7Q9T6	1	U-01	gambiae	A. gambiae
Q7Q9T8	1	U-01	gambiae	A. gambiae
Q7Q9U1	2	U-02	gambiae	A. gambiae
Q7Q9U5	1	U-01	gambiae	A. gambiae
Q7Q9V3	1	U-01	gambiae	A. gambiae
Q7Q9V7	1	U-01	gambiae	A. gambiae
Q7Q9W5	2	U-02	gambiae	A. gambiae
Q7Q9W6	1	U-01	gambiae	A. gambiae
Q7Q9X0	1	U-01	gambiae	A. gambiae
Q7Q9X2	1	U-01	gambiae	A. gambiae
Q7Q9X3	1	U-01	gambiae	A. gambiae
Q7Q9X5	2	U-02	gambiae	A. gambiae
Q7Q9X8	1	U-01	gambiae	A. gambiae
Q7Q9X9	1	U-01	gambiae	A. gambiae
Q7Q9Y2	2	U-02	gambiae	A. gambiae
Q7Q9Y3	1	U-01	gambiae	A. gambiae
Q7Q9Y5	2	U-02	gambiae	A. gambiae
Q7Q9Y9	1	U-01	gambiae	A. gambiae
Q7Q9Z0	1	U-01	gambiae	A. gambiae
Q7Q9Z1	1	U-01	gambiae	A. gambiae
Q7Q9Z2	1	U-01	gambiae	A. gambiae
Q7Q9Z3	1	U-01	gambiae	A. gambiae
Q7Q9Z7	1	U-01	gambiae	A. gambiae
Q7Q9Z8	1	U-01	gambiae	A. gambiae
Q7QA01	1	U-01	gambiae	A. gambiae
Q7QA11	1	U-01	gambiae	A. gambiae
Q7QA12	1	U-01	gambiae	A. gambiae
Q7QA13	1	U-01	gambiae	A. gambiae
Q7QA15	1	U-01	gambiae	A. gambiae
Q7QA16	1	U-01	gambiae	A. gambiae
Q7QA24	1	U-01	gambiae	A. gambiae
Q7QA26	1	U-01	gambiae	A. gambiae
Q7QA29	1	U-01	gambiae	A. gambiae
Q7QA35	1	U-01	gambiae	A. gambiae
Q7QA38	1	U-01	gambiae	A. gambiae
Q7QA39	2	U-02	gambiae	A. gambiae
Q7QA49	1	U-01	gambiae	A. gambiae
Q7QA52	1	U-01	gambiae	A. gambiae
Q7QA54	1	U-01	gambiae	A. gambiae
Q7QA58	1	U-01	gambiae	A. gambiae
Q7QA64	1	U-01	gambiae	A. gambiae
A7UR87	1	U-01	gambiae	A. gambiae
A7UR93	1	U-01	gambiae	A. gambiae
A7UR96	1	U-01	gambiae	A. gambiae
A7UR97	1	U-01	gambiae	A. gambiae
A7URA1	2	U-02	gambiae	A. gambiae
A7URA7	1	U-01	gambiae	A. gambiae
A7URA9	2	U-02	gambiae	A. gambiae
A7URB6	1	U-01	gambiae	A. gambiae
A7URB7	1	U-01	gambiae	A. gambiae
A7URC9	2	U-02	gambiae	A. gambiae
A7URD0	2	U-02	gambiae	A. gambiae
A7URD1	2	U-02	gambiae	A. gambiae
A7URD2	2	U-02	gambiae	A. gambiae
A7URD3	2	U-02	gambiae	A. gambiae
A7URD4	1	U-01	gambiae	A. gambiae
A7URD5	2	U-02	gambiae	A. gambiae
A7URE0	2	U-02	gambiae	A. gambiae
A7URE4	0	unassigned	gambiae	A. gambiae
A7URF0	1	U-01	gambiae	A. gambiae
A7URF4	1	U-01	gambiae	A. gambiae
A7URF6	1	U-01	gambiae	A. gambiae
A7URF8	1	U-01	gambiae	A. gambiae
A7URG4	1	U-01	gambiae	A. gambiae
A7URG5	1	U-01	gambiae	A. gambiae
A7URG6	1	U-01	gambiae	A. gambiae
A7URG8	1	U-01	gambiae	A. gambiae
A7URH2	2	U-02	gambiae	A. gambiae
A7URH4	0	unassigned	gambiae	A. gambiae
A7URH8	1	U-01	gambiae	A. gambiae
A7URH9	1	U-01	gambiae	A. gambiae
A7URI0	1	U-01	gambiae	A. gambiae
A7URI1	1	U-01	gambiae	A. gambiae
A7URI2	1	U-01	gambiae	A. gambiae
A7URI3	1	U-01	gambiae	A. gambiae
A7URI4	1	U-01	gambiae	A. gambiae
A7URI6	1	U-01	gambiae	A. gambiae
A7URI9	1	U-01	gambiae	A. gambiae
A7URJ0	1	U-01	gambiae	A. gambiae
A7URJ3	1	U-01	gambiae	A. gambiae
A7URJ4	1	U-01	gambiae	A. gambiae
A7URJ5	1	U-01	gambiae	A. gambiae
A7URJ6	1	U-01	gambiae	A. gambiae
A7URJ7	1	U-01	gambiae	A. gambiae
A7URJ8	1	U-01	gambiae	A. gambiae
A7URJ9	1	U-01	gambiae	A. gambiae
A7URK0	1	U-01	gambiae	A. gambiae
A7URK1	1	U-01	gambiae	A. gambiae
A7URK2	1	U-01	gambiae	A. gambiae
A7URK3	1	U-01	gambiae	A. gambiae
A7URK5	1	U-01	gambiae	A. gambiae
A7URK6	1	U-01	gambiae	A. gambiae
A7URK8	1	U-01	gambiae	A. gambiae
F5HK19	1	U-01	gambiae	A. gambiae
F5HK20	1	U-01	gambiae	A. gambiae
F5HK25	1	U-01	gambiae	A. gambiae
F5HK26	1	U-01	gambiae	A. gambiae
F5HK31	1	U-01	gambiae	A. gambiae
F5HK32	1	U-01	gambiae	A. gambiae
F5HK33	1	U-01	gambiae	A. gambiae
F5HK35	1	U-01	gambiae	A. gambiae
F5HK43	1	U-01	gambiae	A. gambiae
F5HK44	2	U-02	gambiae	A. gambiae
F5HK53	1	U-01	gambiae	A. gambiae
F5HK57	1	U-01	gambiae	A. gambiae
F5HK58	1	U-01	gambiae	A. gambiae
F5HK59	2	U-02	gambiae	A. gambiae
F5HK60	0	unassigned	gambiae	A. gambiae
F5HK61	1	U-01	gambiae	A. gambiae
F5HK62	1	U-01	gambiae	A. gambiae
F5HK63	1	U-01	gambiae	A. gambiae
F5HK64	1	U-01	gambiae	A. gambiae
F5HK65	1	U-01	gambiae	A. gambiae
F5HK66	1	U-01	gambiae	A. gambiae
F5HK67	1	U-01	gambiae	A. gambiae
F5HK69	1	U-01	gambiae	A. gambiae
F5HK70	1	U-01	gambiae	A. gambiae
F5HK72	1	U-01	gambiae	A. gambiae
F5HK79	2	U-02	gambiae	A. gambiae
F5HK80	2	U-02	gambiae	A. gambiae
F5HK81	0	unassigned	gambiae	A. gambiae
F5HK82	2	U-02	gambiae	A. gambiae
F5HK83	1	U-01	gambiae	A. gambiae
F5HK86	1	U-01	gambiae	A. gambiae
F5HKB1	1	U-01	gambiae	A. gambiae
F5HKB2	1	U-01	gambiae	A. gambiae
F5HKB3	1	U-01	gambiae	A. gambiae
F5HKB5	1	U-01	gambiae	A. gambiae
F5HKB8	1	U-01	gambiae	A. gambiae
F5HKC9	1	U-01	gambiae	A. gambiae
F5HKD0	1	U-01	gambiae	A. gambiae
F5HKD1	2	U-02	gambiae	A. gambiae
F5HKD3	1	U-01	gambiae	A. gambiae
F5HKD6	1	U-01	gambiae	A. gambiae
F5HKE5	1	U-01	gambiae	A. gambiae
F5HKF3	1	U-01	gambiae	A. gambiae
F5HKF6	1	U-01	gambiae	A. gambiae
F5HKF7	1	U-01	gambiae	A. gambiae
F5HKF8	1	U-01	gambiae	A. gambiae
F5HKF9	1	U-01	gambiae	A. gambiae
F5HKG0	1	U-01	gambiae	A. gambiae
Q7QIJ8	2	U-02	gambiae	A. gambiae
Q7QKD8	1	U-01	gambiae	A. gambiae
Q8MZM3	0	unassigned	gambiae	A. gambiae
Q8MZM7	2	U-02	gambiae	A. gambiae
Q93113	0	unassigned	gambiae	A. gambiae
Q9GYW4	2	U-02	gambiae	A. gambiae
Q9NAS8	2	U-02	gambiae	A. gambiae
Q9NAS9	2	U-02	gambiae	A. gambiae
A0A1S4G8Z8	1	U-01	gambiae	A. gambiae
A0A1S4G969	1	U-01	gambiae	A. gambiae
A0A1S4GES6	1	U-01	gambiae	A. gambiae
A0A1S4GFI6	1	U-01	gambiae	A. gambiae
A0A1S4GFU0	1	U-01	gambiae	A. gambiae
A0A1S4GFZ0	1	U-01	gambiae	A. gambiae
A0A1S4GG71	1	U-01	gambiae	A. gambiae
A0A1S4GGR5	1	U-01	gambiae	A. gambiae
A0A1S4GHV7	2	U-02	gambiae	A. gambiae
A0A1S4GJZ2	2	U-02	gambiae	A. gambiae
A0A1S4GMU2	1	U-01	gambiae	A. gambiae
A0A1S4GUF3	2	U-02	gambiae	A. gambiae
A0A1S4GUJ9	2	U-02	gambiae	A. gambiae
A0A1S4GVJ1	1	U-01	gambiae	A. gambiae
A0A1S4GVK5	1	U-01	gambiae	A. gambiae
A0A1S4GVQ5	1	U-01	gambiae	A. gambiae
A0A1S4GXD7	2	U-02	gambiae	A. gambiae
A0A1S4GYH6	2	U-02	gambiae	A. gambiae
A0A1S4GYL4	1	U-01	gambiae	A. gambiae
A0A1S4H0I5	1	U-01	gambiae	A. gambiae
A0A1S4H204	1	U-01	gambiae	A. gambiae
A0A1S4H281	1	U-01	gambiae	A. gambiae
A0A1S4H2E2	1	U-01	gambiae	A. gambiae
A0A1S4H3H3	2	U-02	gambiae	A. gambiae
A0A1S4H431	1	U-01	gambiae	A. gambiae
A0A1S4H4I4	1	U-01	gambiae	A. gambiae
A0A1S4H8G2	1	U-01	gambiae	A. gambiae
A0A2Y9D237	1	U-01	gambiae	A. gambiae
A0A453YP73	2	U-02	gambiae	A. gambiae
A0A453YQE3	1	U-01	gambiae	A. gambiae
A0A453YTS7	2	U-02	gambiae	A. gambiae
A0A6I8U6M4	1	U-01	gambiae	A. gambiae
A0ND10	1	U-01	gambiae	A. gambiae
A0SIF1	1	U-01	gambiae	A. gambiae
F1DQG5	2	U-02	gambiae	A. gambiae
F5HJI4	2	U-02	gambiae	A. gambiae
F5HLC0	1	U-01	gambiae	A. gambiae
F5HM87	1	U-01	gambiae	A. gambiae
P35035	2	U-02	gambiae	A. gambiae
P35036	2	U-02	gambiae	A. gambiae
A0A1S4H3Z0	1	U-01	gambiae	A. gambiae
A0A1S4H414	0	unassigned	gambiae	A. gambiae
A0A1S4H419	0	unassigned	gambiae	A. gambiae
A0A1S4H4A0	1	U-01	gambiae	A. gambiae
A0A1S4H4H9	1	U-01	gambiae	A. gambiae
A0A1S4H4J1	1	U-01	gambiae	A. gambiae
A0A1S4H4L0	1	U-01	gambiae	A. gambiae
A0A1S4H4P4	1	U-01	gambiae	A. gambiae
A0A1S4H4Q9	1	U-01	gambiae	A. gambiae
A0A1S4H4R8	1	U-01	gambiae	A. gambiae
A0A1S4H4T0	1	U-01	gambiae	A. gambiae
A0A1S4H4Y6	1	U-01	gambiae	A. gambiae
A0A1S4H4Z7	1	U-01	gambiae	A. gambiae
A0A1S4H535	1	U-01	gambiae	A. gambiae
A0A1S4H553	1	U-01	gambiae	A. gambiae
A0A1S4H577	1	U-01	gambiae	A. gambiae
A0A1S4H588	1	U-01	gambiae	A. gambiae
A0A1S4H593	1	U-01	gambiae	A. gambiae
A0A1S4H5B3	1	U-01	gambiae	A. gambiae
A0A1S4H5C2	2	U-02	gambiae	A. gambiae
A0A1S4H5C6	1	U-01	gambiae	A. gambiae
A0A1S4H5F0	1	U-01	gambiae	A. gambiae
A0A1S4H5G6	1	U-01	gambiae	A. gambiae
A0A1S4H5S4	1	U-01	gambiae	A. gambiae
A0A1S4H5T5	1	U-01	gambiae	A. gambiae
A0A1S4H5T8	1	U-01	gambiae	A. gambiae
A0A1S4H5T9	1	U-01	gambiae	A. gambiae
A0A1S4H5W0	2	U-02	gambiae	A. gambiae
A0A1S4H5Y2	1	U-01	gambiae	A. gambiae
A0A1S4H5Z6	1	U-01	gambiae	A. gambiae
A0A1S4H613	1	U-01	gambiae	A. gambiae
A0A1S4H662	1	U-01	gambiae	A. gambiae
A0A1S4H683	1	U-01	gambiae	A. gambiae
A0A1S4H6E0	1	U-01	gambiae	A. gambiae
A0A1S4H6J4	1	U-01	gambiae	A. gambiae
A0A1S4H6K7	1	U-01	gambiae	A. gambiae
A0A1S4H6T7	1	U-01	gambiae	A. gambiae
A0A1S4H6T9	1	U-01	gambiae	A. gambiae
A0A1S4H700	1	U-01	gambiae	A. gambiae
A0A1S4H733	1	U-01	gambiae	A. gambiae
A0A1S4H768	2	U-02	gambiae	A. gambiae
A0A1S4H7K2	2	U-02	gambiae	A. gambiae
A0A1S4H7K7	1	U-01	gambiae	A. gambiae
A0A1S4H7N6	1	U-01	gambiae	A. gambiae
A0A1S4H7S4	1	U-01	gambiae	A. gambiae
A0A1S4H7T3	2	U-02	gambiae	A. gambiae
A0A1S4H7U6	1	U-01	gambiae	A. gambiae
A0A1S4H7V5	2	U-02	gambiae	A. gambiae
A0A1S4H800	2	U-02	gambiae	A. gambiae
A0A1S4H858	1	U-01	gambiae	A. gambiae
A0A1S4H885	1	U-01	gambiae	A. gambiae
A0A1S4H8E7	1	U-01	gambiae	A. gambiae
A0A1S4GLX1	1	U-01	gambiae	A. gambiae
A0A1S4GLX2	1	U-01	gambiae	A. gambiae
A0A1S4GLZ1	1	U-01	gambiae	A. gambiae
A0A1S4GM12	1	U-01	gambiae	A. gambiae
A0A1S4GM14	2	U-02	gambiae	A. gambiae
A0A1S4GM17	1	U-01	gambiae	A. gambiae
A0A1S4GM27	1	U-01	gambiae	A. gambiae
A0A1S4GM34	2	U-02	gambiae	A. gambiae
A0A1S4GM36	1	U-01	gambiae	A. gambiae
A0A1S4GM45	2	U-02	gambiae	A. gambiae
A0A1S4GM46	1	U-01	gambiae	A. gambiae
A0A1S4GM58	2	U-02	gambiae	A. gambiae
A0A1S4GM62	1	U-01	gambiae	A. gambiae
A0A1S4GM81	1	U-01	gambiae	A. gambiae
A0A1S4GM91	1	U-01	gambiae	A. gambiae
A0A1S4GMA6	1	U-01	gambiae	A. gambiae
A0A1S4GMA7	1	U-01	gambiae	A. gambiae
A0A1S4GMC5	1	U-01	gambiae	A. gambiae
A0A1S4GMF0	1	U-01	gambiae	A. gambiae
A0A1S4GMG8	1	U-01	gambiae	A. gambiae
A0A1S4GMH9	1	U-01	gambiae	A. gambiae
A0A1S4GMI9	1	U-01	gambiae	A. gambiae
A0A1S4GMK0	1	U-01	gambiae	A. gambiae
A0A1S4GMK4	2	U-02	gambiae	A. gambiae
A0A1S4GMK7	1	U-01	gambiae	A. gambiae
A0A1S4GML6	1	U-01	gambiae	A. gambiae
A0A1S4GMN1	1	U-01	gambiae	A. gambiae
A0A1S4GMN2	1	U-01	gambiae	A. gambiae
A0A1S4GMN4	1	U-01	gambiae	A. gambiae
A0A1S4GMP0	2	U-02	gambiae	A. gambiae
A0A1S4GMQ0	1	U-01	gambiae	A. gambiae
A0A1S4GMR6	2	U-02	gambiae	A. gambiae
A0A1S4GMS3	1	U-01	gambiae	A. gambiae
A0A1S4GMT3	1	U-01	gambiae	A. gambiae
A0A1S4GMT7	1	U-01	gambiae	A. gambiae
A0A1S4GMV1	1	U-01	gambiae	A. gambiae
A0A1S4GMW5	1	U-01	gambiae	A. gambiae
A0A1S4GMW7	1	U-01	gambiae	A. gambiae
A0A1S4GMX2	2	U-02	gambiae	A. gambiae
A0A1S4GMY9	1	U-01	gambiae	A. gambiae
A0A1S4GMZ9	1	U-01	gambiae	A. gambiae
A0A1S4GN16	2	U-02	gambiae	A. gambiae
A0A1S4GN31	1	U-01	gambiae	A. gambiae
A0A1S4GN33	1	U-01	gambiae	A. gambiae
A0A1S4GN47	2	U-02	gambiae	A. gambiae
A0A1S4GN63	1	U-01	gambiae	A. gambiae
A0A1S4GN68	1	U-01	gambiae	A. gambiae
A0A1S4GN73	2	U-02	gambiae	A. gambiae
A0A1S4GN81	1	U-01	gambiae	A. gambiae
A0A1S4GN82	1	U-01	gambiae	A. gambiae
A0A1S4GN90	1	U-01	gambiae	A. gambiae
A0A1S4GN99	1	U-01	gambiae	A. gambiae
A0A1S4GNB4	1	U-01	gambiae	A. gambiae
A0A1S4GNB7	1	U-01	gambiae	A. gambiae
A0A1S4GNC5	1	U-01	gambiae	A. gambiae
A0A1S4GND8	1	U-01	gambiae	A. gambiae
A0A1S4GND9	1	U-01	gambiae	A. gambiae
A0A1S4GNE4	1	U-01	gambiae	A. gambiae
A0A1S4GNH4	1	U-01	gambiae	A. gambiae
A0A1S4GNH7	1	U-01	gambiae	A. gambiae
A0A1S4GNH8	1	U-01	gambiae	A. gambiae
A0A1S4GNI9	1	U-01	gambiae	A. gambiae
A0A1S4GNJ2	1	U-01	gambiae	A. gambiae
A0A1S4GNJ9	1	U-01	gambiae	A. gambiae
A0A1S4GNN1	1	U-01	gambiae	A. gambiae
A0A1S4GNP0	1	U-01	gambiae	A. gambiae
A0A1S4GNP5	1	U-01	gambiae	A. gambiae
A0A1S4GNP8	1	U-01	gambiae	A. gambiae
A0A1S4GNQ1	1	U-01	gambiae	A. gambiae
A0A1S4GNR3	1	U-01	gambiae	A. gambiae
A0A1S4GNR7	1	U-01	gambiae	A. gambiae
A0A1S4GNS2	1	U-01	gambiae	A. gambiae
A0A1S4GNV5	1	U-01	gambiae	A. gambiae
A0A1S4GNV6	1	U-01	gambiae	A. gambiae
A0A1S4GNX4	1	U-01	gambiae	A. gambiae
A0A1S4GNX8	1	U-01	gambiae	A. gambiae
A0A1S4GNY3	1	U-01	gambiae	A. gambiae
A0A1S4GNY9	1	U-01	gambiae	A. gambiae
A0A1S4GNZ9	1	U-01	gambiae	A. gambiae
A0A1S4GP00	2	U-02	gambiae	A. gambiae
A0A1S4GP15	1	U-01	gambiae	A. gambiae
A0A1S4GP23	1	U-01	gambiae	A. gambiae
A0A1S4GP49	1	U-01	gambiae	A. gambiae
A0A1S4GP70	1	U-01	gambiae	A. gambiae
A0A1S4GP95	1	U-01	gambiae	A. gambiae
A0A1S4GPC1	1	U-01	gambiae	A. gambiae
A0A1S4GPC3	1	U-01	gambiae	A. gambiae
A0A1S4GPE9	1	U-01	gambiae	A. gambiae
A0A1S4GPF8	1	U-01	gambiae	A. gambiae
A0A1S4GSV2	1	U-01	gambiae	A. gambiae
A0A1S4GSX6	2	U-02	gambiae	A. gambiae
A0A1S4GSX8	1	U-01	gambiae	A. gambiae
A0A1S4GT06	1	U-01	gambiae	A. gambiae
A0A1S4GT30	1	U-01	gambiae	A. gambiae
A0A1S4GT34	1	U-01	gambiae	A. gambiae
A0A1S4GT37	1	U-01	gambiae	A. gambiae
A0A1S4GT57	1	U-01	gambiae	A. gambiae
A0A1S4GT58	1	U-01	gambiae	A. gambiae
A0A1S4GT64	1	U-01	gambiae	A. gambiae
A0A1S4GT74	1	U-01	gambiae	A. gambiae
A0A1S4H798	1	U-01	gambiae	A. gambiae
A0A1S4H7A9	1	U-01	gambiae	A. gambiae
A0A1S4H7B0	1	U-01	gambiae	A. gambiae
A0A1S4H7B1	1	U-01	gambiae	A. gambiae
A0A1S4H7B7	1	U-01	gambiae	A. gambiae
A0A1S4H7C6	2	U-02	gambiae	A. gambiae
A0A1S4H7C7	1	U-01	gambiae	A. gambiae
A0A1S4H7C8	1	U-01	gambiae	A. gambiae
A0A1S4H7D2	1	U-01	gambiae	A. gambiae
A0A1S4H7D6	1	U-01	gambiae	A. gambiae
A0A1S4H7E3	1	U-01	gambiae	A. gambiae
A0A1S4H7E4	1	U-01	gambiae	A. gambiae
A0A1S4H7E8	1	U-01	gambiae	A. gambiae
A0A1S4H7F5	1	U-01	gambiae	A. gambiae
A0A1S4H7G7	1	U-01	gambiae	A. gambiae
A0A1S4H7H2	1	U-01	gambiae	A. gambiae
A0A1S4H7H6	1	U-01	gambiae	A. gambiae
A0A1S4H7H7	1	U-01	gambiae	A. gambiae
A0A1S4H7I1	1	U-01	gambiae	A. gambiae
A0A1S4H7J4	1	U-01	gambiae	A. gambiae
A0A1S4H7J5	1	U-01	gambiae	A. gambiae
A0A1S4H7J6	1	U-01	gambiae	A. gambiae
A0A1S4H7J8	1	U-01	gambiae	A. gambiae
A0A1S4H7K0	2	U-02	gambiae	A. gambiae
A0A1S4H7K4	1	U-01	gambiae	A. gambiae
A0A1S4H7K9	1	U-01	gambiae	A. gambiae
A0A1S4H7L0	1	U-01	gambiae	A. gambiae
A0A1S4H7L4	1	U-01	gambiae	A. gambiae
A0A1S4H7L6	1	U-01	gambiae	A. gambiae
A0A1S4H7M5	1	U-01	gambiae	A. gambiae
A0A1S4H7M9	2	U-02	gambiae	A. gambiae
A0A1S4H7P0	1	U-01	gambiae	A. gambiae
A0A1S4H7P6	1	U-01	gambiae	A. gambiae
A0A1S4H7Q4	1	U-01	gambiae	A. gambiae
A0A1S4H7R0	1	U-01	gambiae	A. gambiae
A0A1S4H7R7	1	U-01	gambiae	A. gambiae
A0A1S4H7R9	1	U-01	gambiae	A. gambiae
A0A1S4H7S0	1	U-01	gambiae	A. gambiae
A0A1S4H7S9	2	U-02	gambiae	A. gambiae
A0A1S4H7U0	1	U-01	gambiae	A. gambiae
A0A1S4H7U3	2	U-02	gambiae	A. gambiae
A0A1S4H7U8	1	U-01	gambiae	A. gambiae
A0A1S4H7U9	1	U-01	gambiae	A. gambiae
A0A1S4H7V1	1	U-01	gambiae	A. gambiae
A0A1S4H7V3	1	U-01	gambiae	A. gambiae
A0A1S4H7V8	1	U-01	gambiae	A. gambiae
A0A1S4H7W1	1	U-01	gambiae	A. gambiae
A0A1S4H7W6	1	U-01	gambiae	A. gambiae
A0A1S4H7X0	1	U-01	gambiae	A. gambiae
A0A1S4H7X1	2	U-02	gambiae	A. gambiae
A0A1S4H7X4	2	U-02	gambiae	A. gambiae
A0A1S4H7X5	2	U-02	gambiae	A. gambiae
A0A1S4H7X6	1	U-01	gambiae	A. gambiae
A0A1S4H7Y2	1	U-01	gambiae	A. gambiae
A0A1S4H7Y4	2	U-02	gambiae	A. gambiae
A0A1S4H7Y5	2	U-02	gambiae	A. gambiae
A0A1S4H7Y8	1	U-01	gambiae	A. gambiae
A0A1S4H7Z2	1	U-01	gambiae	A. gambiae
A0A1S4H7Z4	1	U-01	gambiae	A. gambiae
A0A1S4H7Z7	1	U-01	gambiae	A. gambiae
A0A1S4H801	1	U-01	gambiae	A. gambiae
A0A1S4H809	1	U-01	gambiae	A. gambiae
A0A1S4H819	1	U-01	gambiae	A. gambiae
A0A1S4H820	1	U-01	gambiae	A. gambiae
A0A1S4H821	1	U-01	gambiae	A. gambiae
A0A1S4H852	1	U-01	gambiae	A. gambiae
A0A1S4H853	1	U-01	gambiae	A. gambiae
A0A1S4H855	1	U-01	gambiae	A. gambiae
A0A1S4H860	1	U-01	gambiae	A. gambiae
A0A1S4H865	1	U-01	gambiae	A. gambiae
A0A1S4H874	2	U-02	gambiae	A. gambiae
A0A1S4H878	2	U-02	gambiae	A. gambiae
A0A1S4H881	1	U-01	gambiae	A. gambiae
A0A1S4H882	1	U-01	gambiae	A. gambiae
A0A1S4H887	1	U-01	gambiae	A. gambiae
A0A1S4H898	2	U-02	gambiae	A. gambiae
A0A1S4H8A6	1	U-01	gambiae	A. gambiae
A0A1S4H8B1	2	U-02	gambiae	A. gambiae
A0A1S4H8C3	1	U-01	gambiae	A. gambiae
A0A1S4H8C9	1	U-01	gambiae	A. gambiae
A0A1S4H8D6	1	U-01	gambiae	A. gambiae
A0A1S4H8D8	1	U-01	gambiae	A. gambiae
A0A1S4H8E2	1	U-01	gambiae	A. gambiae
A0A453Z067	1	U-01	gambiae	A. gambiae
A0A453Z069	1	U-01	gambiae	A. gambiae
A0A453Z070	2	U-02	gambiae	A. gambiae
A0A453Z072	1	U-01	gambiae	A. gambiae
A0A453Z080	1	U-01	gambiae	A. gambiae
A0A453Z081	2	U-02	gambiae	A. gambiae
A0A453Z085	1	U-01	gambiae	A. gambiae
A0A453Z090	1	U-01	gambiae	A. gambiae
A0A453Z095	2	U-02	gambiae	A. gambiae
A0A453Z098	1	U-01	gambiae	A. gambiae
A0A453Z0A2	1	U-01	gambiae	A. gambiae
A0A453Z0A6	1	U-01	gambiae	A. gambiae
A0A453Z0A9	1	U-01	gambiae	A. gambiae
A0A453Z0B7	1	U-01	gambiae	A. gambiae
A0A453Z0C5	1	U-01	gambiae	A. gambiae
A0A453Z0C6	1	U-01	gambiae	A. gambiae
A0A453Z0D0	1	U-01	gambiae	A. gambiae
A0A1S4H6F5	2	U-02	gambiae	A. gambiae
A0A1S4H6F9	2	U-02	gambiae	A. gambiae
A0A1S4H6G0	1	U-01	gambiae	A. gambiae
A0A1S4H6G1	1	U-01	gambiae	A. gambiae
A0A1S4H6G7	1	U-01	gambiae	A. gambiae
A0A1S4H6H0	1	U-01	gambiae	A. gambiae
A0A1S4H6H1	2	U-02	gambiae	A. gambiae
A0A1S4H6H2	1	U-01	gambiae	A. gambiae
A0A1S4H6H5	1	U-01	gambiae	A. gambiae
A0A1S4H6H6	2	U-02	gambiae	A. gambiae
A0A1S4H6I1	2	U-02	gambiae	A. gambiae
A0A1S4H6I4	2	U-02	gambiae	A. gambiae
A0A1S4H6I6	2	U-02	gambiae	A. gambiae
A0A1S4H6I9	2	U-02	gambiae	A. gambiae
A0A1S4H6J2	1	U-01	gambiae	A. gambiae
A0A1S4H6J7	1	U-01	gambiae	A. gambiae
A0A1S4H6K1	1	U-01	gambiae	A. gambiae
A0A1S4H6K2	1	U-01	gambiae	A. gambiae
A0A1S4H6K4	1	U-01	gambiae	A. gambiae
A0A1S4H6L6	1	U-01	gambiae	A. gambiae
A0A1S4H6L7	1	U-01	gambiae	A. gambiae
A0A1S4H6L9	1	U-01	gambiae	A. gambiae
A0A1S4H6M9	1	U-01	gambiae	A. gambiae
A0A1S4H6N4	1	U-01	gambiae	A. gambiae
A0A1S4H6N9	1	U-01	gambiae	A. gambiae
A0A1S4H6P0	1	U-01	gambiae	A. gambiae
A0A1S4H6P3	1	U-01	gambiae	A. gambiae
A0A1S4H6P5	0	unassigned	gambiae	A. gambiae
A0A1S4H6P9	1	U-01	gambiae	A. gambiae
A0A1S4H6Q9	2	U-02	gambiae	A. gambiae
A0A1S4H6R2	1	U-01	gambiae	A. gambiae
A0A1S4H6R4	1	U-01	gambiae	A. gambiae
A0A1S4H6S2	1	U-01	gambiae	A. gambiae
A0A1S4H6S4	1	U-01	gambiae	A. gambiae
A0A1S4H6S9	1	U-01	gambiae	A. gambiae
A0A1S4H6T4	1	U-01	gambiae	A. gambiae
A0A1S4H6U0	1	U-01	gambiae	A. gambiae
A0A1S4H6U3	2	U-02	gambiae	A. gambiae
A0A1S4H6U4	2	U-02	gambiae	A. gambiae
A0A1S4H6U5	1	U-01	gambiae	A. gambiae
A0A1S4H6U6	1	U-01	gambiae	A. gambiae
A0A1S4H6U8	1	U-01	gambiae	A. gambiae
A0A1S4H6V1	1	U-01	gambiae	A. gambiae
A0A1S4H6V5	1	U-01	gambiae	A. gambiae
A0A1S4H6V8	1	U-01	gambiae	A. gambiae
A0A1S4H6W0	1	U-01	gambiae	A. gambiae
A0A1S4H6W1	1	U-01	gambiae	A. gambiae
A0A1S4H6W2	2	U-02	gambiae	A. gambiae
A0A1S4H6W6	2	U-02	gambiae	A. gambiae
A0A1S4H6X0	1	U-01	gambiae	A. gambiae
A0A1S4H6X2	1	U-01	gambiae	A. gambiae
A0A1S4H6X3	2	U-02	gambiae	A. gambiae
A0A1S4H6X4	1	U-01	gambiae	A. gambiae
A0A1S4H6X6	1	U-01	gambiae	A. gambiae
A0A1S4H6Y1	1	U-01	gambiae	A. gambiae
A0A1S4H6Y4	2	U-02	gambiae	A. gambiae
A0A1S4H6Y7	1	U-01	gambiae	A. gambiae
A0A1S4H6Y8	1	U-01	gambiae	A. gambiae
A0A1S4H6Y9	1	U-01	gambiae	A. gambiae
A0A1S4H6Z2	1	U-01	gambiae	A. gambiae
A0A1S4H6Z7	1	U-01	gambiae	A. gambiae
A0A1S4H6Z8	1	U-01	gambiae	A. gambiae
A0A1S4H701	2	U-02	gambiae	A. gambiae
A0A1S4H707	2	U-02	gambiae	A. gambiae
A0A1S4H711	1	U-01	gambiae	A. gambiae
A0A1S4H714	1	U-01	gambiae	A. gambiae
A0A1S4H718	1	U-01	gambiae	A. gambiae
A0A1S4H722	2	U-02	gambiae	A. gambiae
A0A1S4H728	2	U-02	gambiae	A. gambiae
A0A1S4HDJ1	1	U-01	gambiae	A. gambiae
A0A1S4HDJ3	1	U-01	gambiae	A. gambiae
A0A1S4HDJ6	1	U-01	gambiae	A. gambiae
A0A1S4HDK2	1	U-01	gambiae	A. gambiae
A0A1S4HDK5	1	U-01	gambiae	A. gambiae
A0A1S4HDK6	2	U-02	gambiae	A. gambiae
A0A1S4HDK7	1	U-01	gambiae	A. gambiae
A0A1S4HDL1	1	U-01	gambiae	A. gambiae
A0A1S4HDL4	1	U-01	gambiae	A. gambiae
A0A1S4HDL6	1	U-01	gambiae	A. gambiae
A0A1S4HDL7	1	U-01	gambiae	A. gambiae
A0A1S4HDM0	1	U-01	gambiae	A. gambiae
A0A1S4HDM6	1	U-01	gambiae	A. gambiae
A0A1S4HDN2	1	U-01	gambiae	A. gambiae
A0A1S4HDN4	1	U-01	gambiae	A. gambiae
A0A1S4HDN6	1	U-01	gambiae	A. gambiae
A0A1S4HDN8	1	U-01	gambiae	A. gambiae
A0A1S4HDN9	1	U-01	gambiae	A. gambiae
A0A1S4HDP0	1	U-01	gambiae	A. gambiae
A0A1S4HDP1	1	U-01	gambiae	A. gambiae
A0A1S4HDP6	1	U-01	gambiae	A. gambiae
A0A1S4HDP7	0	unassigned	gambiae	A. gambiae
A0A1S4HDP8	1	U-01	gambiae	A. gambiae
A0A1S4HDQ0	1	U-01	gambiae	A. gambiae
A0A1S4HDQ3	1	U-01	gambiae	A. gambiae
A0A1S4HDQ4	1	U-01	gambiae	A. gambiae
A0A1S4HDQ8	1	U-01	gambiae	A. gambiae
A0A1S4HDR2	1	U-01	gambiae	A. gambiae
A0A1S4HDR3	1	U-01	gambiae	A. gambiae
A0A1S4HDR5	1	U-01	gambiae	A. gambiae
A0A1S4HDR6	2	U-02	gambiae	A. gambiae
Q7QCJ3	1	U-01	gambiae	A. gambiae
Q7QCK3	1	U-01	gambiae	A. gambiae
Q7QCK4	1	U-01	gambiae	A. gambiae
Q7QCL5	1	U-01	gambiae	A. gambiae
Q7QCL7	1	U-01	gambiae	A. gambiae
Q7QCM4	1	U-01	gambiae	A. gambiae
Q7QCM6	1	U-01	gambiae	A. gambiae
Q7QCN2	1	U-01	gambiae	A. gambiae
Q7QCN4	1	U-01	gambiae	A. gambiae
Q7QCN5	1	U-01	gambiae	A. gambiae
Q7QCP6	1	U-01	gambiae	A. gambiae
Q7QCP9	1	U-01	gambiae	A. gambiae
Q7QCQ1	1	U-01	gambiae	A. gambiae
Q7QCQ2	0	unassigned	gambiae	A. gambiae
Q7QCQ3	1	U-01	gambiae	A. gambiae
Q7QCR1	1	U-01	gambiae	A. gambiae
Q7QCR2	1	U-01	gambiae	A. gambiae
Q7QCR3	1	U-01	gambiae	A. gambiae
Q7QCR8	1	U-01	gambiae	A. gambiae
Q7QCS2	2	U-02	gambiae	A. gambiae
Q7QCT3	1	U-01	gambiae	A. gambiae
Q7QCV4	2	U-02	gambiae	A. gambiae
Q7QCV5	1	U-01	gambiae	A. gambiae
Q7QCW6	1	U-01	gambiae	A. gambiae
Q7QCX1	1	U-01	gambiae	A. gambiae
Q7QCZ6	1	U-01	gambiae	A. gambiae
Q7QCZ9	0	unassigned	gambiae	A. gambiae
Q7QD01	1	U-01	gambiae	A. gambiae
Q7QD12	1	U-01	gambiae	A. gambiae
Q7QD19	1	U-01	gambiae	A. gambiae
Q7QD29	1	U-01	gambiae	A. gambiae
Q7QD45	1	U-01	gambiae	A. gambiae
Q7QD50	1	U-01	gambiae	A. gambiae
Q7QD53	1	U-01	gambiae	A. gambiae
Q7QD56	1	U-01	gambiae	A. gambiae
Q7QD63	2	U-02	gambiae	A. gambiae
Q7QD64	2	U-02	gambiae	A. gambiae
Q7QD65	2	U-02	gambiae	A. gambiae
Q7QD66	2	U-02	gambiae	A. gambiae
Q7QD80	1	U-01	gambiae	A. gambiae
Q7QD82	1	U-01	gambiae	A. gambiae
Q7QD97	1	U-01	gambiae	A. gambiae
Q7QDA1	1	U-01	gambiae	A. gambiae
Q7QDA2	1	U-01	gambiae	A. gambiae
Q7QDA3	1	U-01	gambiae	A. gambiae
Q7QDB0	1	U-01	gambiae	A. gambiae
Q7QDB3	1	U-01	gambiae	A. gambiae
Q7QDE6	1	U-01	gambiae	A. gambiae
Q7QDE7	1	U-01	gambiae	A. gambiae
Q7QDE9	1	U-01	gambiae	A. gambiae
Q7QDF0	1	U-01	gambiae	A. gambiae
Q7QDF2	1	U-01	gambiae	A. gambiae
Q7QDF4	1	U-01	gambiae	A. gambiae
Q7QDF5	1	U-01	gambiae	A. gambiae
Q7QDF7	1	U-01	gambiae	A. gambiae
Q7QDF8	1	U-01	gambiae	A. gambiae
Q7QDH3	1	U-01	gambiae	A. gambiae
Q7QDH6	1	U-01	gambiae	A. gambiae
Q7QDH8	1	U-01	gambiae	A. gambiae
Q7QDI0	1	U-01	gambiae	A. gambiae
Q7QDI8	1	U-01	gambiae	A. gambiae
Q7QDJ8	1	U-01	gambiae	A. gambiae
Q7QDJ9	1	U-01	gambiae	A. gambiae
A0A1S4HFF9	2	U-02	gambiae	A. gambiae
A0A1S4HFG9	1	U-01	gambiae	A. gambiae
A0A1W5C9A2	1	U-01	gambiae	A. gambiae
A0A1Y9HTN3	1	U-01	gambiae	A. gambiae
A0A1Y9HTT7	1	U-01	gambiae	A. gambiae
A0A1Y9HUB7	1	U-01	gambiae	A. gambiae
A0A1Y9HUC2	1	U-01	gambiae	A. gambiae
A0A1Y9HUQ0	1	U-01	gambiae	A. gambiae
A0A1Y9IFY9	2	U-02	gambiae	A. gambiae
A0A1Y9IG00	1	U-01	gambiae	A. gambiae
A0A1Y9IGU6	1	U-01	gambiae	A. gambiae
A0A1Y9IHI4	1	U-01	gambiae	A. gambiae
A0A1Y9IHP8	1	U-01	gambiae	A. gambiae
A0A1Y9IHQ6	2	U-02	gambiae	A. gambiae
A0A1Y9IHS4	1	U-01	gambiae	A. gambiae
A0A1Y9IHS7	1	U-01	gambiae	A. gambiae
A0A240PPA3	1	U-01	gambiae	A. gambiae
A0A2C9GXB3	2	U-02	gambiae	A. gambiae
A0A2C9GXN6	2	U-02	gambiae	A. gambiae
A0A2C9GYU9	2	U-02	gambiae	A. gambiae
A0A2C9H1C2	1	U-01	gambiae	A. gambiae
A0A2C9H1C7	1	U-01	gambiae	A. gambiae
A0A2C9H3R2	2	U-02	gambiae	A. gambiae
A0A2C9H3S0	2	U-02	gambiae	A. gambiae
A0A2C9H3S2	2	U-02	gambiae	A. gambiae
A0A2C9H3T4	2	U-02	gambiae	A. gambiae
A0A2C9H3T5	2	U-02	gambiae	A. gambiae
A0A2C9H3U3	1	U-01	gambiae	A. gambiae
A0A2C9H3U7	2	U-02	gambiae	A. gambiae
A0A2C9H3U9	2	U-02	gambiae	A. gambiae
A0A2C9H3V4	2	U-02	gambiae	A. gambiae
A0A2C9H3V6	2	U-02	gambiae	A. gambiae
A0A2C9H3V7	2	U-02	gambiae	A. gambiae
A0A2C9H3W2	2	U-02	gambiae	A. gambiae
A0A2C9H3W3	2	U-02	gambiae	A. gambiae
A0A2C9H3X1	1	U-01	gambiae	A. gambiae
A0A2C9H3X5	2	U-02	gambiae	A. gambiae
A0A1S4GY83	1	U-01	gambiae	A. gambiae
A0A1S4GY86	1	U-01	gambiae	A. gambiae
A0A1S4GY91	1	U-01	gambiae	A. gambiae
A0A1S4GY93	1	U-01	gambiae	A. gambiae
A0A1S4GY94	2	U-02	gambiae	A. gambiae
A0A1S4GY95	1	U-01	gambiae	A. gambiae
A0A1S4GY96	1	U-01	gambiae	A. gambiae
A0A1S4GY98	2	U-02	gambiae	A. gambiae
A0A1S4GYA2	1	U-01	gambiae	A. gambiae
A0A1S4GYA3	1	U-01	gambiae	A. gambiae
A0A1S4GYA6	2	U-02	gambiae	A. gambiae
A0A1S4GYA9	1	U-01	gambiae	A. gambiae
A0A1S4GYB0	1	U-01	gambiae	A. gambiae
A0A1S4GYB5	1	U-01	gambiae	A. gambiae
A0A1S4GYB7	1	U-01	gambiae	A. gambiae
A0A1S4GYC0	1	U-01	gambiae	A. gambiae
A0A1S4GYC1	1	U-01	gambiae	A. gambiae
A0A1S4GYC2	1	U-01	gambiae	A. gambiae
A0A1S4GYC5	1	U-01	gambiae	A. gambiae
A0A1S4GYC6	1	U-01	gambiae	A. gambiae
A0A1S4GYC8	0	unassigned	gambiae	A. gambiae
A0A1S4GYC9	1	U-01	gambiae	A. gambiae
A0A1S4GYD0	1	U-01	gambiae	A. gambiae
A0A1S4GYD8	1	U-01	gambiae	A. gambiae
A0A1S4GYE9	1	U-01	gambiae	A. gambiae
A0A1S4GYF2	2	U-02	gambiae	A. gambiae
A0A1S4GYG0	1	U-01	gambiae	A. gambiae
A0A1S4GYG9	1	U-01	gambiae	A. gambiae
A0A1S4GYH0	1	U-01	gambiae	A. gambiae
A0A1S4GYH8	1	U-01	gambiae	A. gambiae
A0A1S4GYI7	1	U-01	gambiae	A. gambiae
A0A1S4GYJ8	0	unassigned	gambiae	A. gambiae
A0A1S4GYJ9	1	U-01	gambiae	A. gambiae
A0A1S4GYK3	1	U-01	gambiae	A. gambiae
A0A1S4GYK8	2	U-02	gambiae	A. gambiae
A0A1S4GYL5	0	unassigned	gambiae	A. gambiae
A0A1S4GYM0	1	U-01	gambiae	A. gambiae
A0A1S4GYM3	2	U-02	gambiae	A. gambiae
A0A1S4GYM5	1	U-01	gambiae	A. gambiae
A0A1S4GYM8	1	U-01	gambiae	A. gambiae
A0A1S4H1J6	1	U-01	gambiae	A. gambiae
A0A1S4H1J9	1	U-01	gambiae	A. gambiae
A0A1S4H1K8	1	U-01	gambiae	A. gambiae
A0A1S4H1L4	2	U-02	gambiae	A. gambiae
A0A1S4H1M5	1	U-01	gambiae	A. gambiae
A0A1S4H1M7	1	U-01	gambiae	A. gambiae
A0A1S4H1N0	1	U-01	gambiae	A. gambiae
A0A1S4H1N8	1	U-01	gambiae	A. gambiae
A0A1S4H1P3	1	U-01	gambiae	A. gambiae
A0A1S4H1P6	2	U-02	gambiae	A. gambiae
A0A1S4H1Q0	1	U-01	gambiae	A. gambiae
A0A1S4H1Q1	1	U-01	gambiae	A. gambiae
A0A1S4H1Q2	2	U-02	gambiae	A. gambiae
A0A1S4H1Q3	1	U-01	gambiae	A. gambiae
A0A1S4H1R2	1	U-01	gambiae	A. gambiae
A0A1S4H1R3	1	U-01	gambiae	A. gambiae
A0A1S4H1R4	1	U-01	gambiae	A. gambiae
A0A1S4H1S0	1	U-01	gambiae	A. gambiae
A0A1S4H1S5	1	U-01	gambiae	A. gambiae
A0A1S4H1S9	1	U-01	gambiae	A. gambiae
A0A1S4H1T2	1	U-01	gambiae	A. gambiae
A0A1S4H1T3	1	U-01	gambiae	A. gambiae
A0A1S4H1T4	2	U-02	gambiae	A. gambiae
A0A1S4H1T6	0	unassigned	gambiae	A. gambiae
A0A1S4H1T8	1	U-01	gambiae	A. gambiae
A0A1S4H1T9	0	unassigned	gambiae	A. gambiae
A0A1S4H1V6	0	unassigned	gambiae	A. gambiae
A0A1S4H1W0	1	U-01	gambiae	A. gambiae
A0A1S4H1W2	0	unassigned	gambiae	A. gambiae
A0A1S4H1W8	1	U-01	gambiae	A. gambiae
A0A1S4H1X2	1	U-01	gambiae	A. gambiae
A0A1S4H1Y4	2	U-02	gambiae	A. gambiae
A0A1S4H1Y7	1	U-01	gambiae	A. gambiae
A0A1S4H1Y8	1	U-01	gambiae	A. gambiae
A0A1S4H1Z2	0	unassigned	gambiae	A. gambiae
A0A1S4H1Z6	2	U-02	gambiae	A. gambiae
A0A1S4H1Z9	1	U-01	gambiae	A. gambiae
A0A1S4H202	1	U-01	gambiae	A. gambiae
A0A1S4H205	1	U-01	gambiae	A. gambiae
A0A1S4H206	2	U-02	gambiae	A. gambiae
A0A1S4H207	1	U-01	gambiae	A. gambiae
A0A1S4H210	1	U-01	gambiae	A. gambiae
A0A1S4H218	2	U-02	gambiae	A. gambiae
A0A1S4H220	1	U-01	gambiae	A. gambiae
A0A1S4H228	1	U-01	gambiae	A. gambiae
A0A1S4H230	2	U-02	gambiae	A. gambiae
A0A1S4H231	1	U-01	gambiae	A. gambiae
A0A1S4H247	1	U-01	gambiae	A. gambiae
A0A1S4H256	1	U-01	gambiae	A. gambiae
A0A1S4H259	2	U-02	gambiae	A. gambiae
A0A1S4H263	1	U-01	gambiae	A. gambiae
A0A1S4H268	1	U-01	gambiae	A. gambiae
A0A1S4H277	2	U-02	gambiae	A. gambiae
A0A1S4H279	1	U-01	gambiae	A. gambiae
A0A1S4H280	2	U-02	gambiae	A. gambiae
A0A1S4H285	1	U-01	gambiae	A. gambiae
A0A1S4H291	1	U-01	gambiae	A. gambiae
A0A1S4H2B0	1	U-01	gambiae	A. gambiae
A0A1S4H2B2	1	U-01	gambiae	A. gambiae
A0A1S4H2B9	1	U-01	gambiae	A. gambiae
Q7PQT5	1	U-01	gambiae	A. gambiae
Q7PQT9	1	U-01	gambiae	A. gambiae
Q7PQU0	1	U-01	gambiae	A. gambiae
Q7PQU1	1	U-01	gambiae	A. gambiae
Q7PQW2	1	U-01	gambiae	A. gambiae
Q7PQW9	1	U-01	gambiae	A. gambiae
Q7PQY0	1	U-01	gambiae	A. gambiae
Q7PR01	0	unassigned	gambiae	A. gambiae
Q7PR03	1	U-01	gambiae	A. gambiae
Q7PR08	1	U-01	gambiae	A. gambiae
Q7PR11	0	unassigned	gambiae	A. gambiae
Q7PR13	2	U-02	gambiae	A. gambiae
Q7PR14	1	U-01	gambiae	A. gambiae
Q7PR31	1	U-01	gambiae	A. gambiae
Q7PR40	1	U-01	gambiae	A. gambiae
Q7PR44	2	U-02	gambiae	A. gambiae
Q7PR47	2	U-02	gambiae	A. gambiae
Q7PR48	2	U-02	gambiae	A. gambiae
Q7PR53	1	U-01	gambiae	A. gambiae
Q7PR62	1	U-01	gambiae	A. gambiae
Q7PR70	1	U-01	gambiae	A. gambiae
Q7PR72	1	U-01	gambiae	A. gambiae
Q7PR80	2	U-02	gambiae	A. gambiae
Q7PR82	1	U-01	gambiae	A. gambiae
Q7PR84	1	U-01	gambiae	A. gambiae
Q7PR86	1	U-01	gambiae	A. gambiae
Q7PR88	1	U-01	gambiae	A. gambiae
Q7Q6D2	1	U-01	gambiae	A. gambiae
Q7Q6D4	1	U-01	gambiae	A. gambiae
Q7Q6D8	1	U-01	gambiae	A. gambiae
Q7Q6E4	1	U-01	gambiae	A. gambiae
Q7Q6F0	1	U-01	gambiae	A. gambiae
Q7Q6F2	1	U-01	gambiae	A. gambiae
Q7Q6G2	1	U-01	gambiae	A. gambiae
Q7Q6G8	1	U-01	gambiae	A. gambiae
Q7Q6H6	1	U-01	gambiae	A. gambiae
Q7Q6H7	1	U-01	gambiae	A. gambiae
Q7Q6I7	1	U-01	gambiae	A. gambiae
Q7Q6J3	1	U-01	gambiae	A. gambiae
Q7Q6K7	1	U-01	gambiae	A. gambiae
Q7Q6K8	2	U-02	gambiae	A. gambiae
Q7Q6L6	2	U-02	gambiae	A. gambiae
Q7Q6L8	1	U-01	gambiae	A. gambiae
Q7Q6M0	1	U-01	gambiae	A. gambiae
Q7Q6M2	0	unassigned	gambiae	A. gambiae
Q7Q6M4	1	U-01	gambiae	A. gambiae
Q7Q6M8	1	U-01	gambiae	A. gambiae
Q7Q6M9	1	U-01	gambiae	A. gambiae
Q7Q6N3	2	U-02	gambiae	A. gambiae
Q7Q6N4	2	U-02	gambiae	A. gambiae
Q7Q6P1	1	U-01	gambiae	A. gambiae
Q7Q6P7	1	U-01	gambiae	A. gambiae
Q7Q6P8	1	U-01	gambiae	A. gambiae
Q7Q6P9	1	U-01	gambiae	A. gambiae
Q7Q6Q0	1	U-01	gambiae	A. gambiae
Q7Q6Q7	1	U-01	gambiae	A. gambiae
Q7Q6S9	2	U-02	gambiae	A. gambiae
Q7Q6T3	1	U-01	gambiae	A. gambiae
Q7Q6V7	1	U-01	gambiae	A. gambiae
Q7Q6V8	2	U-02	gambiae	A. gambiae
Q7Q6X0	1	U-01	gambiae	A. gambiae
Q7Q6X3	1	U-01	gambiae	A. gambiae
Q7Q6X8	1	U-01	gambiae	A. gambiae
Q7Q6X9	1	U-01	gambiae	A. gambiae
Q7Q6Y0	1	U-01	gambiae	A. gambiae
Q7Q6Y3	1	U-01	gambiae	A. gambiae
Q7Q6Z9	1	U-01	gambiae	A. gambiae
Q7Q704	1	U-01	gambiae	A. gambiae
Q7Q714	1	U-01	gambiae	A. gambiae
Q7Q716	1	U-01	gambiae	A. gambiae
Q7Q717	1	U-01	gambiae	A. gambiae
Q7Q719	1	U-01	gambiae	A. gambiae
Q7Q721	1	U-01	gambiae	A. gambiae
Q7Q722	1	U-01	gambiae	A. gambiae
Q7Q726	1	U-01	gambiae	A. gambiae
Q7Q734	1	U-01	gambiae	A. gambiae
Q7Q739	1	U-01	gambiae	A. gambiae
Q7Q743	1	U-01	gambiae	A. gambiae
Q7Q749	1	U-01	gambiae	A. gambiae
Q7Q752	1	U-01	gambiae	A. gambiae
Q7Q754	1	U-01	gambiae	A. gambiae
Q7Q757	2	U-02	gambiae	A. gambiae
Q7Q760	1	U-01	gambiae	A. gambiae
Q7Q765	1	U-01	gambiae	A. gambiae
Q7Q769	1	U-01	gambiae	A. gambiae
Q7Q777	1	U-01	gambiae	A. gambiae
Q7Q779	1	U-01	gambiae	A. gambiae
Q7Q790	1	U-01	gambiae	A. gambiae
Q7Q791	1	U-01	gambiae	A. gambiae
Q7Q794	1	U-01	gambiae	A. gambiae
Q7Q798	1	U-01	gambiae	A. gambiae
Q7Q7A0	1	U-01	gambiae	A. gambiae
Q7Q7A3	1	U-01	gambiae	A. gambiae
Q7Q7B3	1	U-01	gambiae	A. gambiae
Q7Q7B8	1	U-01	gambiae	A. gambiae
Q7Q7C2	1	U-01	gambiae	A. gambiae
Q7Q7C3	1	U-01	gambiae	A. gambiae
Q7Q7C4	1	U-01	gambiae	A. gambiae
Q7Q7C6	1	U-01	gambiae	A. gambiae
Q7Q7C9	1	U-01	gambiae	A. gambiae
Q7PXZ8	1	U-01	gambiae	A. gambiae
Q7PY02	2	U-02	gambiae	A. gambiae
Q7PY05	1	U-01	gambiae	A. gambiae
Q7PY07	2	U-02	gambiae	A. gambiae
Q7PY10	1	U-01	gambiae	A. gambiae
Q7Q4N2	1	U-01	gambiae	A. gambiae
Q7Q4N5	1	U-01	gambiae	A. gambiae
Q7Q4N8	1	U-01	gambiae	A. gambiae
Q7Q4Q8	1	U-01	gambiae	A. gambiae
Q7Q4R4	1	U-01	gambiae	A. gambiae
Q7Q4R7	2	U-02	gambiae	A. gambiae
Q7Q4R9	1	U-01	gambiae	A. gambiae
Q7Q4S0	2	U-02	gambiae	A. gambiae
Q7Q4S5	1	U-01	gambiae	A. gambiae
Q7Q4S7	1	U-01	gambiae	A. gambiae
Q7Q4S9	1	U-01	gambiae	A. gambiae
Q7Q4T1	1	U-01	gambiae	A. gambiae
Q7Q4T4	1	U-01	gambiae	A. gambiae
Q7Q4T5	2	U-02	gambiae	A. gambiae
Q7Q4U8	1	U-01	gambiae	A. gambiae
Q7Q4V5	1	U-01	gambiae	A. gambiae
Q7Q4V6	1	U-01	gambiae	A. gambiae
Q7Q4V9	1	U-01	gambiae	A. gambiae
Q7Q4W0	1	U-01	gambiae	A. gambiae
Q7Q4W1	1	U-01	gambiae	A. gambiae
Q7Q4W3	1	U-01	gambiae	A. gambiae
Q7Q4W5	1	U-01	gambiae	A. gambiae
Q7Q4X4	1	U-01	gambiae	A. gambiae
Q7Q4X5	1	U-01	gambiae	A. gambiae
Q7Q4X6	1	U-01	gambiae	A. gambiae
Q7Q501	1	U-01	gambiae	A. gambiae
Q7Q503	1	U-01	gambiae	A. gambiae
Q7Q505	1	U-01	gambiae	A. gambiae
Q7Q508	2	U-02	gambiae	A. gambiae
Q7Q509	1	U-01	gambiae	A. gambiae
Q7Q513	1	U-01	gambiae	A. gambiae
Q7Q516	1	U-01	gambiae	A. gambiae
Q7Q517	1	U-01	gambiae	A. gambiae
Q7Q519	1	U-01	gambiae	A. gambiae
Q7Q521	1	U-01	gambiae	A. gambiae
Q7Q523	1	U-01	gambiae	A. gambiae
Q7Q525	2	U-02	gambiae	A. gambiae
Q7Q526	2	U-02	gambiae	A. gambiae
Q7Q527	2	U-02	gambiae	A. gambiae
Q7Q530	2	U-02	gambiae	A. gambiae
Q7Q531	2	U-02	gambiae	A. gambiae
Q7Q545	1	U-01	gambiae	A. gambiae
Q7Q546	1	U-01	gambiae	A. gambiae
Q7Q547	1	U-01	gambiae	A. gambiae
Q7Q549	1	U-01	gambiae	A. gambiae
Q7Q551	1	U-01	gambiae	A. gambiae
Q7Q556	1	U-01	gambiae	A. gambiae
Q7Q558	1	U-01	gambiae	A. gambiae
Q7Q559	1	U-01	gambiae	A. gambiae
Q7Q564	1	U-01	gambiae	A. gambiae
Q7Q565	1	U-01	gambiae	A. gambiae
Q7Q566	1	U-01	gambiae	A. gambiae
Q7Q567	1	U-01	gambiae	A. gambiae
Q7Q568	1	U-01	gambiae	A. gambiae
Q7Q570	1	U-01	gambiae	A. gambiae
Q7Q572	1	U-01	gambiae	A. gambiae
Q7Q578	1	U-01	gambiae	A. gambiae
Q7Q581	1	U-01	gambiae	A. gambiae
Q7Q583	1	U-01	gambiae	A. gambiae
Q7Q593	1	U-01	gambiae	A. gambiae
Q7Q597	1	U-01	gambiae	A. gambiae
Q7Q5A3	1	U-01	gambiae	A. gambiae
Q7Q5A6	2	U-02	gambiae	A. gambiae
Q7Q5B0	1	U-01	gambiae	A. gambiae
Q7Q5B1	1	U-01	gambiae	A. gambiae
Q7Q5B3	1	U-01	gambiae	A. gambiae
Q7Q5C2	1	U-01	gambiae	A. gambiae
Q7Q5C3	1	U-01	gambiae	A. gambiae
Q7Q5D4	1	U-01	gambiae	A. gambiae
Q7Q5E3	2	U-02	gambiae	A. gambiae
Q7Q5E4	2	U-02	gambiae	A. gambiae
Q7Q5E7	1	U-01	gambiae	A. gambiae
Q7Q5F0	1	U-01	gambiae	A. gambiae
Q7Q5G0	1	U-01	gambiae	A. gambiae
Q7Q5G4	1	U-01	gambiae	A. gambiae
Q7Q5H5	2	U-02	gambiae	A. gambiae
Q7Q5I3	2	U-02	gambiae	A. gambiae
Q7Q5J7	1	U-01	gambiae	A. gambiae
Q7Q5K2	1	U-01	gambiae	A. gambiae
Q7Q5K4	2	U-02	gambiae	A. gambiae
Q7Q5K5	1	U-01	gambiae	A. gambiae
Q7Q5K6	1	U-01	gambiae	A. gambiae
Q7Q5L1	1	U-01	gambiae	A. gambiae
Q7Q5L4	2	U-02	gambiae	A. gambiae
Q7Q5L6	1	U-01	gambiae	A. gambiae
Q7Q5L7	1	U-01	gambiae	A. gambiae
Q7Q5L8	1	U-01	gambiae	A. gambiae
Q7Q5M0	1	U-01	gambiae	A. gambiae
Q7Q5M9	1	U-01	gambiae	A. gambiae
Q7Q5N8	1	U-01	gambiae	A. gambiae
Q7Q5N9	2	U-02	gambiae	A. gambiae
Q7Q5P0	1	U-01	gambiae	A. gambiae
Q7Q5P8	2	U-02	gambiae	A. gambiae
Q7Q5Q2	1	U-01	gambiae	A. gambiae
Q7Q5Q6	1	U-01	gambiae	A. gambiae
A0A1S4H591	2	U-02	gambiae	A. gambiae
A0A1S4H595	1	U-01	gambiae	A. gambiae
A0A1S4H597	1	U-01	gambiae	A. gambiae
A0A1S4H5A1	1	U-01	gambiae	A. gambiae
A0A1S4H5A3	1	U-01	gambiae	A. gambiae
A0A1S4H5A6	2	U-02	gambiae	A. gambiae
A0A1S4H5A9	2	U-02	gambiae	A. gambiae
A0A1S4H5B7	1	U-01	gambiae	A. gambiae
A0A1S4H5B8	1	U-01	gambiae	A. gambiae
A0A1S4H5C8	1	U-01	gambiae	A. gambiae
A0A1S4H5D0	1	U-01	gambiae	A. gambiae
A0A1S4H5D5	2	U-02	gambiae	A. gambiae
A0A1S4H5D7	1	U-01	gambiae	A. gambiae
A0A1S4H5E1	2	U-02	gambiae	A. gambiae
A0A1S4H5E2	1	U-01	gambiae	A. gambiae
A0A1S4H5E9	2	U-02	gambiae	A. gambiae
A0A1S4H5F1	1	U-01	gambiae	A. gambiae
A0A1S4H5F3	2	U-02	gambiae	A. gambiae
A0A1S4H5F4	1	U-01	gambiae	A. gambiae
A0A1S4H5F8	1	U-01	gambiae	A. gambiae
A0A1S4H5G2	2	U-02	gambiae	A. gambiae
A0A1S4H5G4	2	U-02	gambiae	A. gambiae
A0A1S4H5G7	2	U-02	gambiae	A. gambiae
A0A1S4H5G9	2	U-02	gambiae	A. gambiae
A0A1S4H5H0	2	U-02	gambiae	A. gambiae
A0A1S4H5H3	2	U-02	gambiae	A. gambiae
A0A1S4H5H4	2	U-02	gambiae	A. gambiae
A0A1S4H5H7	2	U-02	gambiae	A. gambiae
A0A1S4H5H8	2	U-02	gambiae	A. gambiae
A0A1S4H5H9	2	U-02	gambiae	A. gambiae
A0A1S4H5I1	1	U-01	gambiae	A. gambiae
A0A1S4H5I2	2	U-02	gambiae	A. gambiae
A0A1S4H5I4	2	U-02	gambiae	A. gambiae
A0A1S4H5I7	2	U-02	gambiae	A. gambiae
A0A1S4H5I9	2	U-02	gambiae	A. gambiae
A0A1S4H5J1	1	U-01	gambiae	A. gambiae
A0A1S4H5J2	2	U-02	gambiae	A. gambiae
A0A1S4H5J4	2	U-02	gambiae	A. gambiae
A0A1S4H5J5	1	U-01	gambiae	A. gambiae
A0A1S4H5J7	2	U-02	gambiae	A. gambiae
A0A1S4H5J9	2	U-02	gambiae	A. gambiae
A0A1S4H5K0	2	U-02	gambiae	A. gambiae
A0A1S4H5K9	1	U-01	gambiae	A. gambiae
A0A1S4H5L3	1	U-01	gambiae	A. gambiae
A0A1S4H5L8	1	U-01	gambiae	A. gambiae
A0A1S4H5M8	1	U-01	gambiae	A. gambiae
A0A1S4H5N2	1	U-01	gambiae	A. gambiae
A0A1S4H5N3	1	U-01	gambiae	A. gambiae
A0A1S4H5P4	1	U-01	gambiae	A. gambiae
A0A1S4H5P6	1	U-01	gambiae	A. gambiae
A0A1S4H5P8	1	U-01	gambiae	A. gambiae
A0A1S4H5P9	1	U-01	gambiae	A. gambiae
A0A1S4H5Q1	1	U-01	gambiae	A. gambiae
A0A1S4H5Q3	1	U-01	gambiae	A. gambiae
A0A1S4H5Q8	1	U-01	gambiae	A. gambiae
A0A1S4H5R3	1	U-01	gambiae	A. gambiae
A0A1S4H5R6	1	U-01	gambiae	A. gambiae
A0A1S4H5S3	2	U-02	gambiae	A. gambiae
A0A1S4H5S5	1	U-01	gambiae	A. gambiae
A0A1S4H5S6	2	U-02	gambiae	A. gambiae
A0A1S4H5S7	1	U-01	gambiae	A. gambiae
A0A1S4H5S8	1	U-01	gambiae	A. gambiae
A0A1S4H5T4	1	U-01	gambiae	A. gambiae
A0A1S4H5U3	1	U-01	gambiae	A. gambiae
A0A1S4H5U9	1	U-01	gambiae	A. gambiae
A0A1S4H5V1	1	U-01	gambiae	A. gambiae
A0A1S4H5V8	1	U-01	gambiae	A. gambiae
A0A1S4H5W2	2	U-02	gambiae	A. gambiae
A0A1S4H5W6	2	U-02	gambiae	A. gambiae
A0A1S4H5W7	2	U-02	gambiae	A. gambiae
A0A1S4H5X2	1	U-01	gambiae	A. gambiae
A0A1S4H5Y0	1	U-01	gambiae	A. gambiae
A0A1S4H5Y3	1	U-01	gambiae	A. gambiae
A0A1S4H5Y7	1	U-01	gambiae	A. gambiae
A0A1S4H5Z0	1	U-01	gambiae	A. gambiae
A0A1S4H5Z4	1	U-01	gambiae	A. gambiae
A0A1S4H5Z5	1	U-01	gambiae	A. gambiae
A0A1S4H5Z8	1	U-01	gambiae	A. gambiae
A0A1S4H5Z9	1	U-01	gambiae	A. gambiae
A0A1S4H601	2	U-02	gambiae	A. gambiae
A0A1S4H604	2	U-02	gambiae	A. gambiae
A0A1S4H606	2	U-02	gambiae	A. gambiae
A0A1S4H609	1	U-01	gambiae	A. gambiae
A0A1S4H615	0	unassigned	gambiae	A. gambiae
A0A1S4H616	1	U-01	gambiae	A. gambiae
A0A1S4H617	1	U-01	gambiae	A. gambiae
A0A1S4H619	1	U-01	gambiae	A. gambiae
A0A1S4H624	1	U-01	gambiae	A. gambiae
A0A1S4H626	2	U-02	gambiae	A. gambiae
A0A1S4H629	1	U-01	gambiae	A. gambiae
A0A1S4H632	1	U-01	gambiae	A. gambiae
A0A1S4H636	1	U-01	gambiae	A. gambiae
A0A1S4H637	2	U-02	gambiae	A. gambiae
A0A1S4H641	1	U-01	gambiae	A. gambiae
A0A1S4H645	0	unassigned	gambiae	A. gambiae
A0A1S4H649	0	unassigned	gambiae	A. gambiae
A0A1S4H653	1	U-01	gambiae	A. gambiae
A0A1S4H654	1	U-01	gambiae	A. gambiae
A0A1S4H656	1	U-01	gambiae	A. gambiae
A0A1S4H9I3	1	U-01	gambiae	A. gambiae
Q7PRN5	1	U-01	gambiae	A. gambiae
Q7PRP1	1	U-01	gambiae	A. gambiae
Q7PRP2	1	U-01	gambiae	A. gambiae
Q7PRQ8	1	U-01	gambiae	A. gambiae
Q7PRR3	0	unassigned	gambiae	A. gambiae
Q7PRS2	1	U-01	gambiae	A. gambiae
Q7PRT1	1	U-01	gambiae	A. gambiae
Q7PRT2	1	U-01	gambiae	A. gambiae
Q7PRT6	1	U-01	gambiae	A. gambiae
Q7PRU0	2	U-02	gambiae	A. gambiae
Q7PRU2	1	U-01	gambiae	A. gambiae
Q7PRU5	1	U-01	gambiae	A. gambiae
Q7PRV3	1	U-01	gambiae	A. gambiae
Q7PRW9	1	U-01	gambiae	A. gambiae
Q7PRX5	1	U-01	gambiae	A. gambiae
Q7PRX7	1	U-01	gambiae	A. gambiae
Q7PRY5	1	U-01	gambiae	A. gambiae
Q7PRZ1	1	U-01	gambiae	A. gambiae
Q7PS10	1	U-01	gambiae	A. gambiae
Q7PS18	1	U-01	gambiae	A. gambiae
Q7PS32	0	unassigned	gambiae	A. gambiae
Q7PS42	1	U-01	gambiae	A. gambiae
Q7PS59	1	U-01	gambiae	A. gambiae
Q7PS70	1	U-01	gambiae	A. gambiae
Q7PS71	1	U-01	gambiae	A. gambiae
Q7PS72	1	U-01	gambiae	A. gambiae
Q7PS73	1	U-01	gambiae	A. gambiae
Q7PS84	1	U-01	gambiae	A. gambiae
Q7PS85	1	U-01	gambiae	A. gambiae
Q7PS90	2	U-02	gambiae	A. gambiae
Q7PSA2	1	U-01	gambiae	A. gambiae
Q7PSD5	0	unassigned	gambiae	A. gambiae
Q7PSD7	0	unassigned	gambiae	A. gambiae
Q7PSD8	1	U-01	gambiae	A. gambiae
Q7PSD9	0	unassigned	gambiae	A. gambiae
Q7PSE5	1	U-01	gambiae	A. gambiae
Q7PSE9	0	unassigned	gambiae	A. gambiae
Q7PSF0	0	unassigned	gambiae	A. gambiae
Q7PSF3	0	unassigned	gambiae	A. gambiae
Q7PSF4	1	U-01	gambiae	A. gambiae
Q7PSF5	0	unassigned	gambiae	A. gambiae
Q7PSG3	2	U-02	gambiae	A. gambiae
Q7PSI1	1	U-01	gambiae	A. gambiae
Q7PSK0	2	U-02	gambiae	A. gambiae
Q7PSK9	1	U-01	gambiae	A. gambiae
Q7PSL5	1	U-01	gambiae	A. gambiae
Q7PSM7	1	U-01	gambiae	A. gambiae
Q7PSN0	1	U-01	gambiae	A. gambiae
Q7PSR6	1	U-01	gambiae	A. gambiae
Q7PST3	1	U-01	gambiae	A. gambiae
Q7PSW0	1	U-01	gambiae	A. gambiae
Q7PSW3	1	U-01	gambiae	A. gambiae
Q7PSW9	1	U-01	gambiae	A. gambiae
Q7PSY2	1	U-01	gambiae	A. gambiae
Q7PT22	1	U-01	gambiae	A. gambiae
Q7PT25	1	U-01	gambiae	A. gambiae
Q7PT28	1	U-01	gambiae	A. gambiae
Q7PT44	1	U-01	gambiae	A. gambiae
Q7PT58	1	U-01	gambiae	A. gambiae
Q7PT64	2	U-02	gambiae	A. gambiae
Q7PT66	2	U-02	gambiae	A. gambiae
Q7PT67	2	U-02	gambiae	A. gambiae
Q7PT84	1	U-01	gambiae	A. gambiae
Q7PT92	1	U-01	gambiae	A. gambiae
Q7PTA0	0	unassigned	gambiae	A. gambiae
Q7PTA3	0	unassigned	gambiae	A. gambiae
Q7PTB7	0	unassigned	gambiae	A. gambiae
Q7PTC3	1	U-01	gambiae	A. gambiae
Q7PTC6	1	U-01	gambiae	A. gambiae
Q7PTC7	2	U-02	gambiae	A. gambiae
Q7PTD1	2	U-02	gambiae	A. gambiae
Q7PTD8	1	U-01	gambiae	A. gambiae
Q7PTD9	1	U-01	gambiae	A. gambiae
Q7PTE8	1	U-01	gambiae	A. gambiae
Q7PTF0	0	unassigned	gambiae	A. gambiae
Q7PTF1	1	U-01	gambiae	A. gambiae
Q7PTF7	2	U-02	gambiae	A. gambiae
Q7PTF8	1	U-01	gambiae	A. gambiae
Q7PTG2	1	U-01	gambiae	A. gambiae
Q7PTG3	1	U-01	gambiae	A. gambiae
Q7PTH0	1	U-01	gambiae	A. gambiae
Q7PTI6	1	U-01	gambiae	A. gambiae
Q7PTK1	1	U-01	gambiae	A. gambiae
Q7PTK8	1	U-01	gambiae	A. gambiae
Q7Q4V7	1	U-01	gambiae	A. gambiae
Q7Q4W2	1	U-01	gambiae	A. gambiae
Q7Q4W4	1	U-01	gambiae	A. gambiae
Q7Q4X3	1	U-01	gambiae	A. gambiae
Q7Q4Y1	1	U-01	gambiae	A. gambiae
Q7Q4Y2	1	U-01	gambiae	A. gambiae
Q7Q507	1	U-01	gambiae	A. gambiae
Q7Q511	1	U-01	gambiae	A. gambiae
Q7Q512	1	U-01	gambiae	A. gambiae
Q7Q543	1	U-01	gambiae	A. gambiae
Q7Q544	1	U-01	gambiae	A. gambiae
Q7Q550	2	U-02	gambiae	A. gambiae
Q7Q562	1	U-01	gambiae	A. gambiae
Q7Q574	1	U-01	gambiae	A. gambiae
Q7Q586	2	U-02	gambiae	A. gambiae
Q7Q592	1	U-01	gambiae	A. gambiae
Q7PPN4	1	U-01	gambiae	A. gambiae
Q7PPR6	1	U-01	gambiae	A. gambiae
Q7PPR9	1	U-01	gambiae	A. gambiae
Q7PPS5	1	U-01	gambiae	A. gambiae
Q7PPS8	1	U-01	gambiae	A. gambiae
Q7PPU4	1	U-01	gambiae	A. gambiae
Q7PPV0	1	U-01	gambiae	A. gambiae
Q7PPV4	2	U-02	gambiae	A. gambiae
Q7PPW0	1	U-01	gambiae	A. gambiae
Q7PPX9	1	U-01	gambiae	A. gambiae
Q7PPY4	1	U-01	gambiae	A. gambiae
Q7PPZ7	1	U-01	gambiae	A. gambiae
Q7PPZ9	1	U-01	gambiae	A. gambiae
Q7PQ02	1	U-01	gambiae	A. gambiae
Q7PQ03	1	U-01	gambiae	A. gambiae
Q7PQ09	1	U-01	gambiae	A. gambiae
Q7PQ11	1	U-01	gambiae	A. gambiae
Q7PQ12	1	U-01	gambiae	A. gambiae
Q7PQ13	1	U-01	gambiae	A. gambiae
Q7PQ14	1	U-01	gambiae	A. gambiae
Q7PQ24	1	U-01	gambiae	A. gambiae
Q7PQ26	1	U-01	gambiae	A. gambiae
Q7PQ40	1	U-01	gambiae	A. gambiae
Q7PQ45	1	U-01	gambiae	A. gambiae
Q7PQ57	0	unassigned	gambiae	A. gambiae
Q7PQ60	1	U-01	gambiae	A. gambiae
Q7PQ65	1	U-01	gambiae	A. gambiae
Q7PQ68	1	U-01	gambiae	A. gambiae
Q7PQ69	1	U-01	gambiae	A. gambiae
Q7PQ73	1	U-01	gambiae	A. gambiae
Q7PQ74	1	U-01	gambiae	A. gambiae
Q7PQ76	2	U-02	gambiae	A. gambiae
Q7PQ84	1	U-01	gambiae	A. gambiae
Q7PY13	1	U-01	gambiae	A. gambiae
Q7PY14	1	U-01	gambiae	A. gambiae
Q7PY15	1	U-01	gambiae	A. gambiae
Q7PY16	1	U-01	gambiae	A. gambiae
Q7PY17	1	U-01	gambiae	A. gambiae
Q7PY19	2	U-02	gambiae	A. gambiae
Q7PY23	1	U-01	gambiae	A. gambiae
Q7PY27	1	U-01	gambiae	A. gambiae
Q7PY28	1	U-01	gambiae	A. gambiae
Q7PY29	2	U-02	gambiae	A. gambiae
Q7PY30	2	U-02	gambiae	A. gambiae
Q7PY31	1	U-01	gambiae	A. gambiae
Q7PY34	1	U-01	gambiae	A. gambiae
Q7PY37	1	U-01	gambiae	A. gambiae
Q7PY40	1	U-01	gambiae	A. gambiae
Q7PY44	1	U-01	gambiae	A. gambiae
Q7PY45	1	U-01	gambiae	A. gambiae
Q7PY48	1	U-01	gambiae	A. gambiae
Q7PY49	1	U-01	gambiae	A. gambiae
Q7PY50	1	U-01	gambiae	A. gambiae
Q7PY52	2	U-02	gambiae	A. gambiae
Q7PY59	1	U-01	gambiae	A. gambiae
Q7PY60	1	U-01	gambiae	A. gambiae
Q7PY61	1	U-01	gambiae	A. gambiae
Q7PY64	2	U-02	gambiae	A. gambiae
Q7PY67	1	U-01	gambiae	A. gambiae
Q7PY75	1	U-01	gambiae	A. gambiae
Q7PY83	1	U-01	gambiae	A. gambiae
Q7PY89	1	U-01	gambiae	A. gambiae
Q7PY94	1	U-01	gambiae	A. gambiae
Q7PY97	1	U-01	gambiae	A. gambiae
Q7PY98	2	U-02	gambiae	A. gambiae
Q7PYA2	1	U-01	gambiae	A. gambiae
Q7PYA4	1	U-01	gambiae	A. gambiae
Q7PYA8	1	U-01	gambiae	A. gambiae
Q7PYB0	1	U-01	gambiae	A. gambiae
Q7PYB2	1	U-01	gambiae	A. gambiae
Q7PYB6	0	unassigned	gambiae	A. gambiae
Q7PYB7	1	U-01	gambiae	A. gambiae
Q7PYB9	2	U-02	gambiae	A. gambiae
Q7PYC1	1	U-01	gambiae	A. gambiae
Q7PYD1	1	U-01	gambiae	A. gambiae
Q7PYD2	1	U-01	gambiae	A. gambiae
Q7PYD5	1	U-01	gambiae	A. gambiae
Q7PYE3	1	U-01	gambiae	A. gambiae
Q7PYE6	1	U-01	gambiae	A. gambiae
Q7PYE7	1	U-01	gambiae	A. gambiae
Q7PYE8	1	U-01	gambiae	A. gambiae
Q7PYE9	1	U-01	gambiae	A. gambiae
Q7PYF2	1	U-01	gambiae	A. gambiae
Q7PYF3	1	U-01	gambiae	A. gambiae
Q7PYF7	1	U-01	gambiae	A. gambiae
Q7PYF9	1	U-01	gambiae	A. gambiae
Q7PYG5	1	U-01	gambiae	A. gambiae
Q7PYG8	1	U-01	gambiae	A. gambiae
Q7PYH1	1	U-01	gambiae	A. gambiae
Q7PYH3	1	U-01	gambiae	A. gambiae
Q7PYH4	1	U-01	gambiae	A. gambiae
Q7PYH5	1	U-01	gambiae	A. gambiae
Q7PYH6	1	U-01	gambiae	A. gambiae
Q7PYH8	1	U-01	gambiae	A. gambiae
Q7PYI0	1	U-01	gambiae	A. gambiae
Q7PYI3	1	U-01	gambiae	A. gambiae
Q7PYI6	1	U-01	gambiae	A. gambiae
Q7PYI8	2	U-02	gambiae	A. gambiae
Q7PYJ0	1	U-01	gambiae	A. gambiae
Q7PYJ1	2	U-02	gambiae	A. gambiae
A0ABK8G7N3	1	U-01	gambiae	A. gambiae
A0ABK8G7N5	0	unassigned	gambiae	A. gambiae
A0ABK8G7N6	1	U-01	gambiae	A. gambiae
A0ABK8G7P0	0	unassigned	gambiae	A. gambiae
A0ABK8G7P2	1	U-01	gambiae	A. gambiae
A0ABK8G7P5	1	U-01	gambiae	A. gambiae
A0ABK8G7P6	1	U-01	gambiae	A. gambiae
A0ABK8G7P7	1	U-01	gambiae	A. gambiae
A0ABK8G7Q3	1	U-01	gambiae	A. gambiae
A0ABK8G7Q8	1	U-01	gambiae	A. gambiae
A0ABK8G7Q9	2	U-02	gambiae	A. gambiae
A0ABK8G7R0	1	U-01	gambiae	A. gambiae
A0ABK8G7R4	1	U-01	gambiae	A. gambiae
A0ABK8G7S1	1	U-01	gambiae	A. gambiae
A0ABK8G7S2	0	unassigned	gambiae	A. gambiae
A0ABK8G7S3	1	U-01	gambiae	A. gambiae
A0ABK8G7S7	1	U-01	gambiae	A. gambiae
A0ABK8G7T3	1	U-01	gambiae	A. gambiae
A0ABK8G7T6	1	U-01	gambiae	A. gambiae
A0ABK8G7U6	1	U-01	gambiae	A. gambiae
A0ABK8G7U7	2	U-02	gambiae	A. gambiae
A0ABK8G7V0	1	U-01	gambiae	A. gambiae
A0ABK8G7V6	1	U-01	gambiae	A. gambiae
A0ABK8G7V8	1	U-01	gambiae	A. gambiae
A0ABK8G7W9	1	U-01	gambiae	A. gambiae
A0ABK8G7Y1	1	U-01	gambiae	A. gambiae
A7URL0	1	U-01	gambiae	A. gambiae
A7URL6	1	U-01	gambiae	A. gambiae
A7URL8	1	U-01	gambiae	A. gambiae
A7URL9	1	U-01	gambiae	A. gambiae
A7URM0	1	U-01	gambiae	A. gambiae
A7URM1	1	U-01	gambiae	A. gambiae
A7URM2	1	U-01	gambiae	A. gambiae
A7URM3	1	U-01	gambiae	A. gambiae
A7URM4	1	U-01	gambiae	A. gambiae
A7URM5	1	U-01	gambiae	A. gambiae
A7URN6	1	U-01	gambiae	A. gambiae
A7URP0	1	U-01	gambiae	A. gambiae
A7URP1	1	U-01	gambiae	A. gambiae
A7URP2	1	U-01	gambiae	A. gambiae
A7URP3	1	U-01	gambiae	A. gambiae
A7URP4	1	U-01	gambiae	A. gambiae
A7URP6	1	U-01	gambiae	A. gambiae
A7URP7	1	U-01	gambiae	A. gambiae
A7URP8	1	U-01	gambiae	A. gambiae
A7URP9	1	U-01	gambiae	A. gambiae
A7URQ0	1	U-01	gambiae	A. gambiae
A7URQ3	1	U-01	gambiae	A. gambiae
A7URR0	2	U-02	gambiae	A. gambiae
A7URR2	1	U-01	gambiae	A. gambiae
A7URR4	1	U-01	gambiae	A. gambiae
A7URR5	1	U-01	gambiae	A. gambiae
A7URR6	1	U-01	gambiae	A. gambiae
A7URR7	1	U-01	gambiae	A. gambiae
A7URR8	1	U-01	gambiae	A. gambiae
A7URR9	2	U-02	gambiae	A. gambiae
A7URS1	1	U-01	gambiae	A. gambiae
A7URS2	2	U-02	gambiae	A. gambiae
A7URS3	2	U-02	gambiae	A. gambiae
A7URS4	2	U-02	gambiae	A. gambiae
A7URS5	2	U-02	gambiae	A. gambiae
A7URS8	1	U-01	gambiae	A. gambiae
A7URS9	0	unassigned	gambiae	A. gambiae
A7URT4	1	U-01	gambiae	A. gambiae
A7URU0	1	U-01	gambiae	A. gambiae
A7URU1	1	U-01	gambiae	A. gambiae
A7URU2	1	U-01	gambiae	A. gambiae
A7URU3	1	U-01	gambiae	A. gambiae
A7URU4	1	U-01	gambiae	A. gambiae
A7URU5	1	U-01	gambiae	A. gambiae
A7URU6	1	U-01	gambiae	A. gambiae
A7URU7	1	U-01	gambiae	A. gambiae
A7URU8	1	U-01	gambiae	A. gambiae
A7URV0	1	U-01	gambiae	A. gambiae
A7URV1	1	U-01	gambiae	A. gambiae
A7URW1	1	U-01	gambiae	A. gambiae
A7URW3	1	U-01	gambiae	A. gambiae
A7URW7	1	U-01	gambiae	A. gambiae
A7URW8	1	U-01	gambiae	A. gambiae
A7URW9	1	U-01	gambiae	A. gambiae
A7URX0	1	U-01	gambiae	A. gambiae
A7URX1	1	U-01	gambiae	A. gambiae
A7URX3	1	U-01	gambiae	A. gambiae
A7URX4	1	U-01	gambiae	A. gambiae
A7URX6	0	unassigned	gambiae	A. gambiae
A7URX7	0	unassigned	gambiae	A. gambiae
A7URX8	0	unassigned	gambiae	A. gambiae
A7URX9	0	unassigned	gambiae	A. gambiae
A7URY0	0	unassigned	gambiae	A. gambiae
A7URY1	0	unassigned	gambiae	A. gambiae
A7URY2	0	unassigned	gambiae	A. gambiae
A7URY4	0	unassigned	gambiae	A. gambiae
A7URY7	0	unassigned	gambiae	A. gambiae
A7URY8	0	unassigned	gambiae	A. gambiae
A7URY9	0	unassigned	gambiae	A. gambiae
A7URZ0	0	unassigned	gambiae	A. gambiae
A7URZ1	0	unassigned	gambiae	A. gambiae
A7URZ6	1	U-01	gambiae	A. gambiae
A7URZ9	1	U-01	gambiae	A. gambiae
A7US00	1	U-01	gambiae	A. gambiae
F5HKF5	2	U-02	gambiae	A. gambiae
F5HKG3	1	U-01	gambiae	A. gambiae
F5HKH4	1	U-01	gambiae	A. gambiae
F5HKH5	1	U-01	gambiae	A. gambiae
F5HKH6	1	U-01	gambiae	A. gambiae
F5HKH7	1	U-01	gambiae	A. gambiae
F5HKH9	1	U-01	gambiae	A. gambiae
F5HKI0	1	U-01	gambiae	A. gambiae
F5HKI1	1	U-01	gambiae	A. gambiae
Q7PG50	2	U-02	gambiae	A. gambiae
Q7PG72	2	U-02	gambiae	A. gambiae
Q7PGA1	1	U-01	gambiae	A. gambiae
Q7PGA9	1	U-01	gambiae	A. gambiae
Q7PGB7	1	U-01	gambiae	A. gambiae
Q7PGE9	1	U-01	gambiae	A. gambiae
Q7PGG2	1	U-01	gambiae	A. gambiae
Q7PGG9	0	unassigned	gambiae	A. gambiae
Q7PGH8	1	U-01	gambiae	A. gambiae
Q7PGI1	2	U-02	gambiae	A. gambiae
Q7PGI3	1	U-01	gambiae	A. gambiae
Q7PGI9	1	U-01	gambiae	A. gambiae
Q7PGK3	1	U-01	gambiae	A. gambiae
Q7PGK9	1	U-01	gambiae	A. gambiae
Q7PGM0	1	U-01	gambiae	A. gambiae
Q7PGM1	1	U-01	gambiae	A. gambiae
Q7PGM2	1	U-01	gambiae	A. gambiae
Q7PGM3	1	U-01	gambiae	A. gambiae
Q7PGN1	1	U-01	gambiae	A. gambiae
Q7PGP3	1	U-01	gambiae	A. gambiae
Q7PGP9	1	U-01	gambiae	A. gambiae
Q7PGV5	1	U-01	gambiae	A. gambiae
Q7PGX7	0	unassigned	gambiae	A. gambiae
Q7PH12	2	U-02	gambiae	A. gambiae
Q7PH31	1	U-01	gambiae	A. gambiae
Q7PH36	1	U-01	gambiae	A. gambiae
Q7PH52	1	U-01	gambiae	A. gambiae
Q7PH63	1	U-01	gambiae	A. gambiae
Q7PH82	1	U-01	gambiae	A. gambiae
Q7PH83	1	U-01	gambiae	A. gambiae
Q7PH91	1	U-01	gambiae	A. gambiae
Q7PHC6	1	U-01	gambiae	A. gambiae
Q7PHD6	1	U-01	gambiae	A. gambiae
Q7PHE2	1	U-01	gambiae	A. gambiae
Q7PHE4	1	U-01	gambiae	A. gambiae
Q7PHF6	1	U-01	gambiae	A. gambiae
Q7PHF8	1	U-01	gambiae	A. gambiae
Q7PHG1	1	U-01	gambiae	A. gambiae
Q7PHG7	1	U-01	gambiae	A. gambiae
Q7PHH2	1	U-01	gambiae	A. gambiae
Q7PHI8	1	U-01	gambiae	A. gambiae
Q7PHK1	1	U-01	gambiae	A. gambiae
Q7PHM6	1	U-01	gambiae	A. gambiae
Q7PHM8	2	U-02	gambiae	A. gambiae
Q7PHP7	2	U-02	gambiae	A. gambiae
Q7PHT4	1	U-01	gambiae	A. gambiae
Q7PHV7	1	U-01	gambiae	A. gambiae
Q7PHX7	1	U-01	gambiae	A. gambiae
Q7PI09	1	U-01	gambiae	A. gambiae
Q7PI57	1	U-01	gambiae	A. gambiae
Q7PI62	1	U-01	gambiae	A. gambiae
Q7PI72	1	U-01	gambiae	A. gambiae
Q7PI87	1	U-01	gambiae	A. gambiae
Q7PI94	1	U-01	gambiae	A. gambiae
Q7PIA0	2	U-02	gambiae	A. gambiae
Q7PIB4	1	U-01	gambiae	A. gambiae
Q7PIC0	1	U-01	gambiae	A. gambiae
Q7PID6	2	U-02	gambiae	A. gambiae
Q7PIF9	1	U-01	gambiae	A. gambiae
Q7PIH2	0	unassigned	gambiae	A. gambiae
Q7PIH4	0	unassigned	gambiae	A. gambiae
Q7PII2	1	U-01	gambiae	A. gambiae
Q7PII3	1	U-01	gambiae	A. gambiae
Q7PIK3	1	U-01	gambiae	A. gambiae
Q7PIL2	1	U-01	gambiae	A. gambiae
Q7PIL9	0	unassigned	gambiae	A. gambiae
Q7PIN6	2	U-02	gambiae	A. gambiae
Q7PIP7	0	unassigned	gambiae	A. gambiae
Q7PIQ3	1	U-01	gambiae	A. gambiae
Q7PIR0	2	U-02	gambiae	A. gambiae
Q7PIS2	1	U-01	gambiae	A. gambiae
Q7PIT4	1	U-01	gambiae	A. gambiae
Q7PIY0	1	U-01	gambiae	A. gambiae
Q7PJ32	1	U-01	gambiae	A. gambiae
Q7PJ34	1	U-01	gambiae	A. gambiae
Q7PJ76	2	U-02	gambiae	A. gambiae
Q7PJ82	1	U-01	gambiae	A. gambiae
Q7PJ83	2	U-02	gambiae	A. gambiae
Q7PJH0	1	U-01	gambiae	A. gambiae
Q7PJI7	1	U-01	gambiae	A. gambiae
Q7PJP7	1	U-01	gambiae	A. gambiae
Q7PJS3	1	U-01	gambiae	A. gambiae
Q7PJT3	1	U-01	gambiae	A. gambiae
Q7PJW8	1	U-01	gambiae	A. gambiae
Q7PJX4	1	U-01	gambiae	A. gambiae
Q7PJX7	1	U-01	gambiae	A. gambiae
Q7PK12	1	U-01	gambiae	A. gambiae
Q7PK13	1	U-01	gambiae	A. gambiae
Q7PK15	1	U-01	gambiae	A. gambiae
Q7PK17	1	U-01	gambiae	A. gambiae
Q7PK18	1	U-01	gambiae	A. gambiae
A0A1S4H456	2	U-02	gambiae	A. gambiae
A0A1S4H459	1	U-01	gambiae	A. gambiae
A0A1S4H461	1	U-01	gambiae	A. gambiae
A0A1S4H462	2	U-02	gambiae	A. gambiae
A0A1S4H469	1	U-01	gambiae	A. gambiae
A0A1S4H472	1	U-01	gambiae	A. gambiae
A0A1S4H473	1	U-01	gambiae	A. gambiae
A0A1S4H481	1	U-01	gambiae	A. gambiae
A0A1S4H482	1	U-01	gambiae	A. gambiae
A0A1S4H484	1	U-01	gambiae	A. gambiae
A0A1S4H492	1	U-01	gambiae	A. gambiae
A0A1S4H499	1	U-01	gambiae	A. gambiae
A0A1S4H4A1	1	U-01	gambiae	A. gambiae
A0A1S4H4A2	2	U-02	gambiae	A. gambiae
A0A1S4H4A4	1	U-01	gambiae	A. gambiae
A0A1S4H4B3	1	U-01	gambiae	A. gambiae
A0A1S4H4B4	2	U-02	gambiae	A. gambiae
A0A1S4H4B9	2	U-02	gambiae	A. gambiae
A0A1S4H4C6	1	U-01	gambiae	A. gambiae
A0A1S4H4C8	1	U-01	gambiae	A. gambiae
A0A1S4H4D0	1	U-01	gambiae	A. gambiae
A0A1S4H4E2	1	U-01	gambiae	A. gambiae
A0A1S4H4E9	1	U-01	gambiae	A. gambiae
A0A1S4H4F1	2	U-02	gambiae	A. gambiae
A0A1S4H4F2	1	U-01	gambiae	A. gambiae
A0A1S4H4F3	2	U-02	gambiae	A. gambiae
A0A1S4H4F7	1	U-01	gambiae	A. gambiae
A0A1S4H4F8	1	U-01	gambiae	A. gambiae
A0A1S4H4G3	1	U-01	gambiae	A. gambiae
A0A1S4H4G5	1	U-01	gambiae	A. gambiae
A0A1S4H4G7	1	U-01	gambiae	A. gambiae
A0A1S4H4H3	1	U-01	gambiae	A. gambiae
A0A1S4H4H5	2	U-02	gambiae	A. gambiae
A0A1S4H4H6	1	U-01	gambiae	A. gambiae
A0A1S4H4H7	1	U-01	gambiae	A. gambiae
A0A1S4H4H8	1	U-01	gambiae	A. gambiae
A0A1S4H4I5	1	U-01	gambiae	A. gambiae
A0A1S4H4I7	2	U-02	gambiae	A. gambiae
A0A1S4H4J6	1	U-01	gambiae	A. gambiae
A0A1S4H4J9	1	U-01	gambiae	A. gambiae
A0A1S4H4K5	2	U-02	gambiae	A. gambiae
A0A1S4H4L1	1	U-01	gambiae	A. gambiae
A0A1S4H4L4	0	unassigned	gambiae	A. gambiae
A0A1S4H4M5	1	U-01	gambiae	A. gambiae
A0A1S4H4M6	0	unassigned	gambiae	A. gambiae
A0A1S4H4N2	1	U-01	gambiae	A. gambiae
A0A1S4H4N6	2	U-02	gambiae	A. gambiae
A0A1S4H4P3	1	U-01	gambiae	A. gambiae
A0A1S4H4P5	1	U-01	gambiae	A. gambiae
A0A1S4H4P6	1	U-01	gambiae	A. gambiae
A0A1S4H4Q0	1	U-01	gambiae	A. gambiae
A0A1S4H4Q4	2	U-02	gambiae	A. gambiae
A0A1S4H4Q6	1	U-01	gambiae	A. gambiae
A0A1S4H4R2	1	U-01	gambiae	A. gambiae
A0A1S4H4R3	1	U-01	gambiae	A. gambiae
A0A1S4H4R6	2	U-02	gambiae	A. gambiae
A0A1S4H4R9	1	U-01	gambiae	A. gambiae
A0A1S4H4S5	1	U-01	gambiae	A. gambiae
A0A1S4H4S6	1	U-01	gambiae	A. gambiae
A0A1S4H4T8	2	U-02	gambiae	A. gambiae
A0A1S4H4U0	1	U-01	gambiae	A. gambiae
A0A1S4H4V4	1	U-01	gambiae	A. gambiae
A0A1S4H4V8	2	U-02	gambiae	A. gambiae
A0A1S4H4W2	1	U-01	gambiae	A. gambiae
A0A1S4H4W9	2	U-02	gambiae	A. gambiae
A0A1S4H4X0	0	unassigned	gambiae	A. gambiae
A0A1S4H4X4	1	U-01	gambiae	A. gambiae
A0A1S4H4X8	2	U-02	gambiae	A. gambiae
A0A1S4H4X9	2	U-02	gambiae	A. gambiae
A0A1S4H4Y4	1	U-01	gambiae	A. gambiae
A0A1S4H4Z4	1	U-01	gambiae	A. gambiae
A0A1S4H4Z9	1	U-01	gambiae	A. gambiae
A0A1S4H503	1	U-01	gambiae	A. gambiae
A0A1S4H516	0	unassigned	gambiae	A. gambiae
A0A1S4H517	1	U-01	gambiae	A. gambiae
A0A1S4H518	2	U-02	gambiae	A. gambiae
A0A1S4H519	1	U-01	gambiae	A. gambiae
A0A1S4H520	1	U-01	gambiae	A. gambiae
A0A1S4H522	1	U-01	gambiae	A. gambiae
A0A1S4H524	1	U-01	gambiae	A. gambiae
A0A1S4H526	2	U-02	gambiae	A. gambiae
A0A1S4H527	2	U-02	gambiae	A. gambiae
A0A1S4H528	1	U-01	gambiae	A. gambiae
A0A1S4H531	1	U-01	gambiae	A. gambiae
A0A1S4H537	1	U-01	gambiae	A. gambiae
A0A1S4H539	1	U-01	gambiae	A. gambiae
A0A1S4H544	2	U-02	gambiae	A. gambiae
A0A1S4H545	1	U-01	gambiae	A. gambiae
A0A1S4H546	2	U-02	gambiae	A. gambiae
A0A1S4H550	1	U-01	gambiae	A. gambiae
A0A1S4H551	1	U-01	gambiae	A. gambiae
A0A1S4H557	1	U-01	gambiae	A. gambiae
A0A1S4H561	1	U-01	gambiae	A. gambiae
A0A1S4H562	1	U-01	gambiae	A. gambiae
A0A1S4H564	0	unassigned	gambiae	A. gambiae
A0A1S4H582	1	U-01	gambiae	A. gambiae
A0A1S4HBY3	1	U-01	gambiae	A. gambiae
A0A1S4HBY9	1	U-01	gambiae	A. gambiae
A0A1S4HBZ4	1	U-01	gambiae	A. gambiae
A0A1S4HBZ5	1	U-01	gambiae	A. gambiae
Q7Q8S0	1	U-01	gambiae	A. gambiae
Q7Q8S4	1	U-01	gambiae	A. gambiae
Q7Q8S6	1	U-01	gambiae	A. gambiae
Q7Q8T3	1	U-01	gambiae	A. gambiae
Q7Q8T7	1	U-01	gambiae	A. gambiae
Q7Q8V9	1	U-01	gambiae	A. gambiae
Q7Q8X5	1	U-01	gambiae	A. gambiae
Q7Q8Z7	1	U-01	gambiae	A. gambiae
Q7Q901	1	U-01	gambiae	A. gambiae
Q7Q941	2	U-02	gambiae	A. gambiae
Q7Q943	2	U-02	gambiae	A. gambiae
Q7Q946	1	U-01	gambiae	A. gambiae
Q7Q949	2	U-02	gambiae	A. gambiae
Q7Q951	1	U-01	gambiae	A. gambiae
Q7Q955	1	U-01	gambiae	A. gambiae
Q7Q961	1	U-01	gambiae	A. gambiae
Q7Q973	1	U-01	gambiae	A. gambiae
Q7Q987	1	U-01	gambiae	A. gambiae
Q7Q990	1	U-01	gambiae	A. gambiae
Q7Q991	2	U-02	gambiae	A. gambiae
Q7Q9A3	1	U-01	gambiae	A. gambiae
Q7Q9A6	2	U-02	gambiae	A. gambiae
Q7Q9A7	1	U-01	gambiae	A. gambiae
Q7Q9B5	1	U-01	gambiae	A. gambiae
Q7Q9B6	1	U-01	gambiae	A. gambiae
Q7Q9B8	1	U-01	gambiae	A. gambiae
Q7Q9F0	1	U-01	gambiae	A. gambiae
Q7Q9G9	1	U-01	gambiae	A. gambiae
Q7Q9H0	2	U-02	gambiae	A. gambiae
Q7Q9I2	2	U-02	gambiae	A. gambiae
Q7Q9J0	1	U-01	gambiae	A. gambiae
Q7Q9J9	1	U-01	gambiae	A. gambiae
Q7Q9K5	1	U-01	gambiae	A. gambiae
Q7Q9K9	1	U-01	gambiae	A. gambiae
Q7Q9P1	1	U-01	gambiae	A. gambiae
Q7Q9P3	1	U-01	gambiae	A. gambiae
Q7Q9P5	1	U-01	gambiae	A. gambiae
Q7Q9P6	2	U-02	gambiae	A. gambiae
Q7Q9P8	1	U-01	gambiae	A. gambiae
Q7Q9P9	1	U-01	gambiae	A. gambiae
Q7Q9Q9	0	unassigned	gambiae	A. gambiae
Q7Q9R4	1	U-01	gambiae	A. gambiae
Q7Q9R7	1	U-01	gambiae	A. gambiae
Q7Q9R8	1	U-01	gambiae	A. gambiae
Q7Q9R9	1	U-01	gambiae	A. gambiae
Q7Q9S8	1	U-01	gambiae	A. gambiae
Q7Q9T7	1	U-01	gambiae	A. gambiae
Q7Q9U9	1	U-01	gambiae	A. gambiae
Q7Q9V2	1	U-01	gambiae	A. gambiae
Q7Q9V9	1	U-01	gambiae	A. gambiae
Q7Q9X1	1	U-01	gambiae	A. gambiae
Q7Q9Y1	1	U-01	gambiae	A. gambiae
Q7Q9Y6	1	U-01	gambiae	A. gambiae
Q7QA02	2	U-02	gambiae	A. gambiae
Q7QA03	1	U-01	gambiae	A. gambiae
Q7QA04	0	unassigned	gambiae	A. gambiae
Q7QA05	1	U-01	gambiae	A. gambiae
Q7QA10	1	U-01	gambiae	A. gambiae
Q7QA17	2	U-02	gambiae	A. gambiae
Q7QA18	2	U-02	gambiae	A. gambiae
Q7QA23	1	U-01	gambiae	A. gambiae
Q7QA27	1	U-01	gambiae	A. gambiae
Q7QA36	1	U-01	gambiae	A. gambiae
Q7QA37	1	U-01	gambiae	A. gambiae
Q7QA47	1	U-01	gambiae	A. gambiae
Q7QA62	1	U-01	gambiae	A. gambiae
Q7QA68	1	U-01	gambiae	A. gambiae
Q7QA69	1	U-01	gambiae	A. gambiae
Q7QA74	1	U-01	gambiae	A. gambiae
Q7QA76	1	U-01	gambiae	A. gambiae
Q7QA97	1	U-01	gambiae	A. gambiae
Q7QAB5	1	U-01	gambiae	A. gambiae
Q7QAC2	1	U-01	gambiae	A. gambiae
Q7QAD0	1	U-01	gambiae	A. gambiae
Q7QAD3	1	U-01	gambiae	A. gambiae
Q7QAG2	1	U-01	gambiae	A. gambiae
Q7QJA2	1	U-01	gambiae	A. gambiae
Q7QJA7	2	U-02	gambiae	A. gambiae
Q7QJB4	1	U-01	gambiae	A. gambiae
Q7QJC4	1	U-01	gambiae	A. gambiae
Q7QJC5	1	U-01	gambiae	A. gambiae
Q7QJD6	2	U-02	gambiae	A. gambiae
Q7QJD7	1	U-01	gambiae	A. gambiae
Q7QJD8	1	U-01	gambiae	A. gambiae
Q7QJE0	2	U-02	gambiae	A. gambiae
Q7QJE4	1	U-01	gambiae	A. gambiae
Q7QJE8	1	U-01	gambiae	A. gambiae
Q7QJF1	2	U-02	gambiae	A. gambiae
Q7QJG8	1	U-01	gambiae	A. gambiae
Q7QJH9	2	U-02	gambiae	A. gambiae
Q7QJI6	1	U-01	gambiae	A. gambiae
Q7QJJ1	1	U-01	gambiae	A. gambiae
Q7QJJ4	1	U-01	gambiae	A. gambiae
Q7QJJ7	2	U-02	gambiae	A. gambiae
Q7QJJ9	1	U-01	gambiae	A. gambiae
Q7QJK0	1	U-01	gambiae	A. gambiae
Q7QJK1	1	U-01	gambiae	A. gambiae
Q7QJL1	2	U-02	gambiae	A. gambiae
Q7QJM0	1	U-01	gambiae	A. gambiae
Q7QJN2	2	U-02	gambiae	A. gambiae
A7URF2	1	U-01	gambiae	A. gambiae
A7URK9	1	U-01	gambiae	A. gambiae
A7URL1	1	U-01	gambiae	A. gambiae
A7URN3	1	U-01	gambiae	A. gambiae
A7URN4	1	U-01	gambiae	A. gambiae
A7URN7	1	U-01	gambiae	A. gambiae
A7URQ8	2	U-02	gambiae	A. gambiae
A7URS6	2	U-02	gambiae	A. gambiae
A7URT3	2	U-02	gambiae	A. gambiae
A7URT7	1	U-01	gambiae	A. gambiae
A7URV3	1	U-01	gambiae	A. gambiae
A7URV6	1	U-01	gambiae	A. gambiae
A7URW2	1	U-01	gambiae	A. gambiae
A7URZ7	1	U-01	gambiae	A. gambiae
A7US05	1	U-01	gambiae	A. gambiae
A7US13	1	U-01	gambiae	A. gambiae
A7US21	1	U-01	gambiae	A. gambiae
A7US27	1	U-01	gambiae	A. gambiae
A7US30	1	U-01	gambiae	A. gambiae
A7US49	2	U-02	gambiae	A. gambiae
A7US60	1	U-01	gambiae	A. gambiae
A7US67	0	unassigned	gambiae	A. gambiae
A7US87	1	U-01	gambiae	A. gambiae
A7USE7	1	U-01	gambiae	A. gambiae
A7USF7	1	U-01	gambiae	A. gambiae
A7USH4	1	U-01	gambiae	A. gambiae
A7USH6	1	U-01	gambiae	A. gambiae
A7USH8	1	U-01	gambiae	A. gambiae
A7USI2	2	U-02	gambiae	A. gambiae
A7USJ1	1	U-01	gambiae	A. gambiae
A7USJ6	1	U-01	gambiae	A. gambiae
A7USJ7	1	U-01	gambiae	A. gambiae
A7USK1	1	U-01	gambiae	A. gambiae
A7USK4	1	U-01	gambiae	A. gambiae
A7USM5	1	U-01	gambiae	A. gambiae
A7USN7	1	U-01	gambiae	A. gambiae
A7USP2	1	U-01	gambiae	A. gambiae
A7USQ6	1	U-01	gambiae	A. gambiae
A7USR3	1	U-01	gambiae	A. gambiae
A7USS5	1	U-01	gambiae	A. gambiae
A7USS7	2	U-02	gambiae	A. gambiae
A7UST9	1	U-01	gambiae	A. gambiae
A7USU0	1	U-01	gambiae	A. gambiae
A7USV0	1	U-01	gambiae	A. gambiae
A7USV8	1	U-01	gambiae	A. gambiae
A7USW0	1	U-01	gambiae	A. gambiae
A7USX4	1	U-01	gambiae	A. gambiae
A7USY7	1	U-01	gambiae	A. gambiae
A7USY9	1	U-01	gambiae	A. gambiae
A7UT07	1	U-01	gambiae	A. gambiae
A7UT24	1	U-01	gambiae	A. gambiae
A7UT27	1	U-01	gambiae	A. gambiae
A7UT31	1	U-01	gambiae	A. gambiae
A7UT33	1	U-01	gambiae	A. gambiae
A7UT36	1	U-01	gambiae	A. gambiae
A7UT37	1	U-01	gambiae	A. gambiae
A7UT42	1	U-01	gambiae	A. gambiae
A7UT47	1	U-01	gambiae	A. gambiae
A7UT55	1	U-01	gambiae	A. gambiae
A7UT57	1	U-01	gambiae	A. gambiae
A7UT58	1	U-01	gambiae	A. gambiae
A7UT59	1	U-01	gambiae	A. gambiae
Q5TWX1	2	U-02	gambiae	A. gambiae
Q5TWX7	1	U-01	gambiae	A. gambiae
Q5TWY6	1	U-01	gambiae	A. gambiae
Q5TWZ0	2	U-02	gambiae	A. gambiae
Q5TWZ6	1	U-01	gambiae	A. gambiae
Q5TX00	1	U-01	gambiae	A. gambiae
Q5TX12	1	U-01	gambiae	A. gambiae
Q5TX13	1	U-01	gambiae	A. gambiae
Q5TX22	1	U-01	gambiae	A. gambiae
Q5TX26	1	U-01	gambiae	A. gambiae
Q5TX48	1	U-01	gambiae	A. gambiae
Q5TX68	1	U-01	gambiae	A. gambiae
Q5TX95	1	U-01	gambiae	A. gambiae
Q5TXA1	0	unassigned	gambiae	A. gambiae
Q5TXA2	0	unassigned	gambiae	A. gambiae
Q5TXB2	1	U-01	gambiae	A. gambiae
Q5TXE0	1	U-01	gambiae	A. gambiae
Q5TXE3	1	U-01	gambiae	A. gambiae
Q5TXH8	2	U-02	gambiae	A. gambiae
Q5TXI4	1	U-01	gambiae	A. gambiae
Q5TXK5	1	U-01	gambiae	A. gambiae
Q5TXL7	2	U-02	gambiae	A. gambiae
Q5TXN0	1	U-01	gambiae	A. gambiae
Q5TXN1	2	U-02	gambiae	A. gambiae
Q5TXU5	1	U-01	gambiae	A. gambiae
Q5TXV0	1	U-01	gambiae	A. gambiae
Q5TXV1	1	U-01	gambiae	A. gambiae
Q5TXV9	2	U-02	gambiae	A. gambiae
Q5TXY9	1	U-01	gambiae	A. gambiae
Q5TXZ0	2	U-02	gambiae	A. gambiae
Q5TY08	1	U-01	gambiae	A. gambiae
Q5TY70	1	U-01	gambiae	A. gambiae
Q5TYA2	0	unassigned	gambiae	A. gambiae
Q5TYC4	1	U-01	gambiae	A. gambiae
Q5TYE9	1	U-01	gambiae	A. gambiae
Q5TYG5	1	U-01	gambiae	A. gambiae
Q5TYG9	1	U-01	gambiae	A. gambiae
Q5TYH8	1	U-01	gambiae	A. gambiae
A0A903XXM7	1	U-01	gambiae	A. gambiae
A0A903XXP0	1	U-01	gambiae	A. gambiae
A0A903XXP4	1	U-01	gambiae	A. gambiae
A0A903XXQ4	1	U-01	gambiae	A. gambiae
A0A903XXR5	1	U-01	gambiae	A. gambiae
A0A903XXS0	1	U-01	gambiae	A. gambiae
A0A903XXS4	1	U-01	gambiae	A. gambiae
A0A903XXT8	1	U-01	gambiae	A. gambiae
A0A903XXU3	1	U-01	gambiae	A. gambiae
A0A903XXV1	1	U-01	gambiae	A. gambiae
A0A903XXV5	2	U-02	gambiae	A. gambiae
A0A903XXW1	1	U-01	gambiae	A. gambiae
A0A903XY07	1	U-01	gambiae	A. gambiae
A0A903XY88	1	U-01	gambiae	A. gambiae
A0A903XY95	1	U-01	gambiae	A. gambiae
A0A903XY99	0	unassigned	gambiae	A. gambiae
A0A903XYA2	0	unassigned	gambiae	A. gambiae
A0A903XYA6	1	U-01	gambiae	A. gambiae
A0A903XYB0	2	U-02	gambiae	A. gambiae
A0A903XYB4	1	U-01	gambiae	A. gambiae
A0A903XYB8	2	U-02	gambiae	A. gambiae
A0A903XYC1	0	unassigned	gambiae	A. gambiae
A0A903XYC6	1	U-01	gambiae	A. gambiae
A0A903XYC9	1	U-01	gambiae	A. gambiae
A0A903XYD8	1	U-01	gambiae	A. gambiae
A0A903XYE2	1	U-01	gambiae	A. gambiae
A0A903XYE6	1	U-01	gambiae	A. gambiae
A0A903XYE9	1	U-01	gambiae	A. gambiae
A0A903XYF4	1	U-01	gambiae	A. gambiae
A0A903XYF5	1	U-01	gambiae	A. gambiae
A0A903XYF9	1	U-01	gambiae	A. gambiae
A0A903XYG2	1	U-01	gambiae	A. gambiae
A0A903XYG7	1	U-01	gambiae	A. gambiae
A0A903XYH5	2	U-02	gambiae	A. gambiae
A0A903XYV6	1	U-01	gambiae	A. gambiae
A0A903XYW0	1	U-01	gambiae	A. gambiae
A0A903XYW1	1	U-01	gambiae	A. gambiae
A0A903XYW5	2	U-02	gambiae	A. gambiae
A0A903XYW8	1	U-01	gambiae	A. gambiae
A0A903XYX1	2	U-02	gambiae	A. gambiae
A0A903XYX4	1	U-01	gambiae	A. gambiae
A0A903XYX8	1	U-01	gambiae	A. gambiae
A0A903XYY0	0	unassigned	gambiae	A. gambiae
A0A903XYY4	0	unassigned	gambiae	A. gambiae
A0A903XYY7	1	U-01	gambiae	A. gambiae
A0A903XYZ0	1	U-01	gambiae	A. gambiae
A0A903XYZ4	1	U-01	gambiae	A. gambiae
A0A903XYZ8	2	U-02	gambiae	A. gambiae
A0A903XZ01	1	U-01	gambiae	A. gambiae
A0A903XZ05	1	U-01	gambiae	A. gambiae
A0A903XZ08	1	U-01	gambiae	A. gambiae
A0A903XZ27	2	U-02	gambiae	A. gambiae
A0A903XZ29	1	U-01	gambiae	A. gambiae
A0NH45	1	U-01	gambiae	A. gambiae
A0NH58	2	U-02	gambiae	A. gambiae
A0NH62	1	U-01	gambiae	A. gambiae
A0NH66	0	unassigned	gambiae	A. gambiae
A0NH68	0	unassigned	gambiae	A. gambiae
A0NH70	1	U-01	gambiae	A. gambiae
A0NH86	1	U-01	gambiae	A. gambiae
A0NH87	2	U-02	gambiae	A. gambiae
A0NH93	2	U-02	gambiae	A. gambiae
A0NH96	1	U-01	gambiae	A. gambiae
A0NHA1	1	U-01	gambiae	A. gambiae
A0NHB1	1	U-01	gambiae	A. gambiae
A0NHD5	0	unassigned	gambiae	A. gambiae
A0NHD7	1	U-01	gambiae	A. gambiae
A0T4G2	1	U-01	gambiae	A. gambiae
A0T4G3	1	U-01	gambiae	A. gambiae
A0T4G6	1	U-01	gambiae	A. gambiae
A4GSA9	2	U-02	gambiae	A. gambiae
A7UQY5	1	U-01	gambiae	A. gambiae
A7UQY7	1	U-01	gambiae	A. gambiae
A7UQZ2	2	U-02	gambiae	A. gambiae
A7UQZ3	1	U-01	gambiae	A. gambiae
A7UQZ4	1	U-01	gambiae	A. gambiae
A7UQZ8	1	U-01	gambiae	A. gambiae
A7UQZ9	1	U-01	gambiae	A. gambiae
A7UR00	1	U-01	gambiae	A. gambiae
A7UR01	1	U-01	gambiae	A. gambiae
A7UR03	1	U-01	gambiae	A. gambiae
A7UR05	1	U-01	gambiae	A. gambiae
A7UR09	1	U-01	gambiae	A. gambiae
A7UR10	1	U-01	gambiae	A. gambiae
A7UR12	1	U-01	gambiae	A. gambiae
A7UR14	1	U-01	gambiae	A. gambiae
A7UR15	1	U-01	gambiae	A. gambiae
A7UR16	1	U-01	gambiae	A. gambiae
A7UR20	1	U-01	gambiae	A. gambiae
A7UR21	1	U-01	gambiae	A. gambiae
A7UR28	1	U-01	gambiae	A. gambiae
A7UR31	1	U-01	gambiae	A. gambiae
A7UR36	1	U-01	gambiae	A. gambiae
A7UR40	2	U-02	gambiae	A. gambiae
A7UR45	1	U-01	gambiae	A. gambiae
A7UR66	1	U-01	gambiae	A. gambiae
A7UR67	1	U-01	gambiae	A. gambiae
A7UR77	0	unassigned	gambiae	A. gambiae
A7UR78	1	U-01	gambiae	A. gambiae
A7UR81	1	U-01	gambiae	A. gambiae
Q7PUU0	1	U-01	gambiae	A. gambiae
Q7PUV4	1	U-01	gambiae	A. gambiae
Q7PUV9	1	U-01	gambiae	A. gambiae
Q7PUW1	1	U-01	gambiae	A. gambiae
Q7PV99	1	U-01	gambiae	A. gambiae
Q7PVA2	1	U-01	gambiae	A. gambiae
Q7PVF6	1	U-01	gambiae	A. gambiae
Q7PVI0	1	U-01	gambiae	A. gambiae
Q7PVV6	1	U-01	gambiae	A. gambiae
Q7PW00	1	U-01	gambiae	A. gambiae
Q7PWQ6	1	U-01	gambiae	A. gambiae
Q7PWT2	2	U-02	gambiae	A. gambiae
Q7PWT9	1	U-01	gambiae	A. gambiae
Q7PWZ4	1	U-01	gambiae	A. gambiae
Q7PWZ5	1	U-01	gambiae	A. gambiae
Q7PX00	1	U-01	gambiae	A. gambiae
Q7PX35	1	U-01	gambiae	A. gambiae
Q7PX53	1	U-01	gambiae	A. gambiae
Q7PX63	1	U-01	gambiae	A. gambiae
Q7PXA8	1	U-01	gambiae	A. gambiae
Q7PXE5	2	U-02	gambiae	A. gambiae
Q7PXE6	2	U-02	gambiae	A. gambiae
Q7PXF4	1	U-01	gambiae	A. gambiae
Q7PXF7	1	U-01	gambiae	A. gambiae
Q7PXG6	1	U-01	gambiae	A. gambiae
Q7PXH4	1	U-01	gambiae	A. gambiae
Q7PXI5	1	U-01	gambiae	A. gambiae
Q7PXI8	1	U-01	gambiae	A. gambiae
Q7PXI9	1	U-01	gambiae	A. gambiae
Q7PXM3	2	U-02	gambiae	A. gambiae
Q7PXQ6	1	U-01	gambiae	A. gambiae
Q7PXS0	1	U-01	gambiae	A. gambiae
Q7PXU5	1	U-01	gambiae	A. gambiae
Q7PXW5	1	U-01	gambiae	A. gambiae
Q7PXX8	2	U-02	gambiae	A. gambiae
Q7PXY3	1	U-01	gambiae	A. gambiae
Q7PY18	1	U-01	gambiae	A. gambiae
Q7PY21	2	U-02	gambiae	A. gambiae
Q7PY33	1	U-01	gambiae	A. gambiae
Q7PY54	1	U-01	gambiae	A. gambiae
Q7PY62	1	U-01	gambiae	A. gambiae
Q7PY81	1	U-01	gambiae	A. gambiae
Q7QD16	1	U-01	gambiae	A. gambiae
Q7QD36	1	U-01	gambiae	A. gambiae
Q7QD54	1	U-01	gambiae	A. gambiae
Q7QD60	1	U-01	gambiae	A. gambiae
Q7QD77	1	U-01	gambiae	A. gambiae
Q7QD87	1	U-01	gambiae	A. gambiae
Q7QDA4	1	U-01	gambiae	A. gambiae
Q7QDB4	1	U-01	gambiae	A. gambiae
Q7QDK6	1	U-01	gambiae	A. gambiae
Q7QDT5	2	U-02	gambiae	A. gambiae
Q7QDV0	1	U-01	gambiae	A. gambiae
Q7QDW9	1	U-01	gambiae	A. gambiae
Q7QDY3	1	U-01	gambiae	A. gambiae
Q7QE79	1	U-01	gambiae	A. gambiae
Q7QE97	2	U-02	gambiae	A. gambiae
Q7QEC7	1	U-01	gambiae	A. gambiae
Q7QEF2	1	U-01	gambiae	A. gambiae
Q7QEF3	1	U-01	gambiae	A. gambiae
Q7QEH0	2	U-02	gambiae	A. gambiae
Q7QEI1	1	U-01	gambiae	A. gambiae
Q7QEI4	1	U-01	gambiae	A. gambiae
Q7QEI6	2	U-02	gambiae	A. gambiae
Q7QEL8	1	U-01	gambiae	A. gambiae
Q7QEQ2	1	U-01	gambiae	A. gambiae
Q7QER0	1	U-01	gambiae	A. gambiae
Q7QEV0	1	U-01	gambiae	A. gambiae
Q7QEW2	1	U-01	gambiae	A. gambiae
Q7QF03	1	U-01	gambiae	A. gambiae
Q7QF27	1	U-01	gambiae	A. gambiae
Q7QF40	2	U-02	gambiae	A. gambiae
Q7QF68	1	U-01	gambiae	A. gambiae
Q7QF72	1	U-01	gambiae	A. gambiae
Q7QFB6	1	U-01	gambiae	A. gambiae
Q7QFE2	2	U-02	gambiae	A. gambiae
Q7QFG0	2	U-02	gambiae	A. gambiae
Q7QFL7	1	U-01	gambiae	A. gambiae
Q7QFM1	1	U-01	gambiae	A. gambiae
Q7QFQ5	1	U-01	gambiae	A. gambiae
Q7QFQ8	1	U-01	gambiae	A. gambiae
Q7QFR2	1	U-01	gambiae	A. gambiae
Q7QFU1	1	U-01	gambiae	A. gambiae
Q7QFU7	1	U-01	gambiae	A. gambiae
Q7QG27	1	U-01	gambiae	A. gambiae
Q7QG28	1	U-01	gambiae	A. gambiae
Q7QG32	1	U-01	gambiae	A. gambiae
Q7QG43	1	U-01	gambiae	A. gambiae
Q7QG73	1	U-01	gambiae	A. gambiae
Q7QGG0	1	U-01	gambiae	A. gambiae
Q7QGJ4	1	U-01	gambiae	A. gambiae
Q7QGL9	1	U-01	gambiae	A. gambiae
Q7QGQ8	1	U-01	gambiae	A. gambiae
Q7QGX8	1	U-01	gambiae	A. gambiae
Q7QGY1	1	U-01	gambiae	A. gambiae
Q7QH38	2	U-02	gambiae	A. gambiae
Q7QH56	1	U-01	gambiae	A. gambiae
Q7QH57	1	U-01	gambiae	A. gambiae
Q7QH60	2	U-02	gambiae	A. gambiae
Q7QH64	1	U-01	gambiae	A. gambiae
A0A1S4GE26	1	U-01	gambiae	A. gambiae
A0A1S4GE38	1	U-01	gambiae	A. gambiae
A0A1S4GE72	0	unassigned	gambiae	A. gambiae
A0A1S4GE79	0	unassigned	gambiae	A. gambiae
A0A1S4GEA4	1	U-01	gambiae	A. gambiae
A0A1S4GEB6	2	U-02	gambiae	A. gambiae
A0A1S4GEB7	1	U-01	gambiae	A. gambiae
A0A1S4GEC7	1	U-01	gambiae	A. gambiae
A0A1S4GED2	2	U-02	gambiae	A. gambiae
A0A1S4GED8	1	U-01	gambiae	A. gambiae
A0A1S4GEE3	1	U-01	gambiae	A. gambiae
A0A1S4GEG1	1	U-01	gambiae	A. gambiae
A0A1S4GEG6	1	U-01	gambiae	A. gambiae
A0A1S4GEG7	1	U-01	gambiae	A. gambiae
A0A1S4GEH9	2	U-02	gambiae	A. gambiae
A0A1S4GEI1	1	U-01	gambiae	A. gambiae
A0A1S4GEJ5	2	U-02	gambiae	A. gambiae
A0A1S4GEK0	1	U-01	gambiae	A. gambiae
A0A1S4GEK7	2	U-02	gambiae	A. gambiae
A0A1S4GEL7	1	U-01	gambiae	A. gambiae
A0A1S4GEP9	1	U-01	gambiae	A. gambiae
A0A1S4GEQ9	1	U-01	gambiae	A. gambiae
A0A1S4GES1	1	U-01	gambiae	A. gambiae
A0A1S4GES2	1	U-01	gambiae	A. gambiae
A0A1S4GES9	1	U-01	gambiae	A. gambiae
A0A1S4GEV9	0	unassigned	gambiae	A. gambiae
A0A1S4GEW0	0	unassigned	gambiae	A. gambiae
A0A1S4GEW3	1	U-01	gambiae	A. gambiae
A0A1S4GEX0	1	U-01	gambiae	A. gambiae
A0A1S4GEX2	2	U-02	gambiae	A. gambiae
A0A1S4GEY6	1	U-01	gambiae	A. gambiae
A0A1S4GEZ6	1	U-01	gambiae	A. gambiae
A0A1S4GF00	1	U-01	gambiae	A. gambiae
A0A1S4GF07	1	U-01	gambiae	A. gambiae
A0A1S4GF16	2	U-02	gambiae	A. gambiae
A0A1S4GF26	1	U-01	gambiae	A. gambiae
A0A1S4GF43	2	U-02	gambiae	A. gambiae
A0A1S4GF45	1	U-01	gambiae	A. gambiae
A0A1S4GF46	1	U-01	gambiae	A. gambiae
A0A1S4GF66	1	U-01	gambiae	A. gambiae
A0A1S4GF89	2	U-02	gambiae	A. gambiae
A0A1S4GFA1	1	U-01	gambiae	A. gambiae
A0A1S4GFA2	1	U-01	gambiae	A. gambiae
A0A1S4GFA8	1	U-01	gambiae	A. gambiae
A0A1S4GFC0	1	U-01	gambiae	A. gambiae
A0A1S4GFC4	1	U-01	gambiae	A. gambiae
A0A1S4GFD7	1	U-01	gambiae	A. gambiae
A0A1S4GFD8	1	U-01	gambiae	A. gambiae
A0A1S4GFI2	2	U-02	gambiae	A. gambiae
A0A1S4GFI4	1	U-01	gambiae	A. gambiae
A0A1S4GFJ2	1	U-01	gambiae	A. gambiae
A0A1S4GFJ7	1	U-01	gambiae	A. gambiae
A0A1S4GFL1	1	U-01	gambiae	A. gambiae
A0A1S4GFN9	1	U-01	gambiae	A. gambiae
A0A1S4GFP0	1	U-01	gambiae	A. gambiae
A0A1S4GFP7	1	U-01	gambiae	A. gambiae
A0A1S4GFP9	1	U-01	gambiae	A. gambiae
A0A1S4GFQ4	1	U-01	gambiae	A. gambiae
A0A1S4GFT0	1	U-01	gambiae	A. gambiae
A0A1S4GFT9	1	U-01	gambiae	A. gambiae
A0A1S4GG57	2	U-02	gambiae	A. gambiae
A0A1S4GG61	1	U-01	gambiae	A. gambiae
A0A1S4GG91	2	U-02	gambiae	A. gambiae
A0A1S4GGB7	1	U-01	gambiae	A. gambiae
A0A1S4GGC1	1	U-01	gambiae	A. gambiae
A0A1S4GGF9	2	U-02	gambiae	A. gambiae
A0A1S4GGG0	1	U-01	gambiae	A. gambiae
A0A1S4GGH0	1	U-01	gambiae	A. gambiae
A0A1S4GGI1	1	U-01	gambiae	A. gambiae
A0A1S4GGI2	1	U-01	gambiae	A. gambiae
A0A1S4GGK0	1	U-01	gambiae	A. gambiae
A0A1S4GGL2	1	U-01	gambiae	A. gambiae
A0A1S4GGM1	2	U-02	gambiae	A. gambiae
A0A1S4GGM6	1	U-01	gambiae	A. gambiae
A0A1S4GGP9	1	U-01	gambiae	A. gambiae
A0A1S4GGU0	1	U-01	gambiae	A. gambiae
A0A1S4GGV9	1	U-01	gambiae	A. gambiae
A0A1S4GH01	1	U-01	gambiae	A. gambiae
A0A1S4GH32	1	U-01	gambiae	A. gambiae
A0A1S4GH34	1	U-01	gambiae	A. gambiae
A0A1S4GH37	1	U-01	gambiae	A. gambiae
A0A1S4GH71	1	U-01	gambiae	A. gambiae
A0A1S4GH83	1	U-01	gambiae	A. gambiae
A0A1S4GH94	1	U-01	gambiae	A. gambiae
A0A1S4GHA0	1	U-01	gambiae	A. gambiae
A0A1S4GHA2	1	U-01	gambiae	A. gambiae
A0A1S4GHB3	1	U-01	gambiae	A. gambiae
A0A1S4GHC2	1	U-01	gambiae	A. gambiae
A0A1S4GHD1	1	U-01	gambiae	A. gambiae
A0A1S4GHD3	1	U-01	gambiae	A. gambiae
A0A1S4GLI2	1	U-01	gambiae	A. gambiae
A0A1S4GLJ9	1	U-01	gambiae	A. gambiae
A0A1S4GLN6	1	U-01	gambiae	A. gambiae
A0A1S4GLP8	1	U-01	gambiae	A. gambiae
A0A1S4GLQ6	1	U-01	gambiae	A. gambiae
A0A1S4GLR0	1	U-01	gambiae	A. gambiae
A0A1S4GLR2	1	U-01	gambiae	A. gambiae
A0A1S4GLS9	1	U-01	gambiae	A. gambiae
A0A1S4GLT9	1	U-01	gambiae	A. gambiae
A0A1S4GLX0	1	U-01	gambiae	A. gambiae
A0A1S4H2T6	1	U-01	gambiae	A. gambiae
A0A1S4H2U1	1	U-01	gambiae	A. gambiae
A0A1S4H2U6	1	U-01	gambiae	A. gambiae
A0A1S4H2U8	1	U-01	gambiae	A. gambiae
A0A1S4H2V0	2	U-02	gambiae	A. gambiae
A0A1S4H2V8	1	U-01	gambiae	A. gambiae
A0A1S4H2W1	1	U-01	gambiae	A. gambiae
A0A1S4H2W2	0	unassigned	gambiae	A. gambiae
A0A1S4H2X0	1	U-01	gambiae	A. gambiae
A0A1S4H2X2	1	U-01	gambiae	A. gambiae
A0A1S4H2Y6	1	U-01	gambiae	A. gambiae
A0A1S4H2Y9	1	U-01	gambiae	A. gambiae
A0A1S4H307	1	U-01	gambiae	A. gambiae
A0A1S4H337	1	U-01	gambiae	A. gambiae
A0A1S4H353	1	U-01	gambiae	A. gambiae
A0A1S4H356	1	U-01	gambiae	A. gambiae
A0A1S4H358	1	U-01	gambiae	A. gambiae
A0A1S4H370	1	U-01	gambiae	A. gambiae
A0A1S4H371	1	U-01	gambiae	A. gambiae
A0A1S4H375	1	U-01	gambiae	A. gambiae
A0A1S4H379	1	U-01	gambiae	A. gambiae
A0A1S4H380	1	U-01	gambiae	A. gambiae
A0A1S4H381	1	U-01	gambiae	A. gambiae
A0A1S4H382	1	U-01	gambiae	A. gambiae
A0A1S4H389	2	U-02	gambiae	A. gambiae
A0A1S4H390	1	U-01	gambiae	A. gambiae
A0A1S4H3A9	1	U-01	gambiae	A. gambiae
A0A1S4H3D2	1	U-01	gambiae	A. gambiae
A0A1S4H3D6	1	U-01	gambiae	A. gambiae
A0A1S4H3E4	1	U-01	gambiae	A. gambiae
A0A1S4H3E8	1	U-01	gambiae	A. gambiae
A0A1S4H3F3	2	U-02	gambiae	A. gambiae
A0A1S4H3H1	2	U-02	gambiae	A. gambiae
A0A1S4H3H9	2	U-02	gambiae	A. gambiae
A0A1S4H3I0	1	U-01	gambiae	A. gambiae
A0A1S4H3I3	1	U-01	gambiae	A. gambiae
A0A1S4H3I4	1	U-01	gambiae	A. gambiae
A0A1S4H3I6	1	U-01	gambiae	A. gambiae
A0A1S4H3J0	1	U-01	gambiae	A. gambiae
A0A1S4H3J8	1	U-01	gambiae	A. gambiae
A0A1S4H3J9	1	U-01	gambiae	A. gambiae
A0A1S4H3K3	1	U-01	gambiae	A. gambiae
A0A1S4H3L1	1	U-01	gambiae	A. gambiae
A0A1S4H3M3	1	U-01	gambiae	A. gambiae
A0A1S4H3N1	1	U-01	gambiae	A. gambiae
A0A1S4H3N6	1	U-01	gambiae	A. gambiae
A0A1S4H3P2	1	U-01	gambiae	A. gambiae
A0A1S4H3Q2	1	U-01	gambiae	A. gambiae
A0A1S4H3Q6	2	U-02	gambiae	A. gambiae
A0A1S4H3R1	1	U-01	gambiae	A. gambiae
A0A1S4H3R2	1	U-01	gambiae	A. gambiae
A0A1S4H3R9	1	U-01	gambiae	A. gambiae
A0A1S4H3S4	1	U-01	gambiae	A. gambiae
A0A1S4H3T3	1	U-01	gambiae	A. gambiae
A0A1S4H3U0	1	U-01	gambiae	A. gambiae
A0A1S4H3U1	1	U-01	gambiae	A. gambiae
A0A1S4H3U4	2	U-02	gambiae	A. gambiae
A0A1S4H3U5	1	U-01	gambiae	A. gambiae
A0A1S4H3V0	1	U-01	gambiae	A. gambiae
A0A1S4H3V6	1	U-01	gambiae	A. gambiae
A0A1S4H3V7	1	U-01	gambiae	A. gambiae
A0A1S4H3W1	1	U-01	gambiae	A. gambiae
A0A1S4H3X5	1	U-01	gambiae	A. gambiae
A0A1S4H3X6	2	U-02	gambiae	A. gambiae
A0A1S4H3X9	1	U-01	gambiae	A. gambiae
A0A1S4H3Y5	1	U-01	gambiae	A. gambiae
A0A1S4H3Y7	1	U-01	gambiae	A. gambiae
A0A1S4H3Z1	2	U-02	gambiae	A. gambiae
A0A1S4H3Z3	1	U-01	gambiae	A. gambiae
A0A1S4H3Z4	1	U-01	gambiae	A. gambiae
A0A1S4H400	2	U-02	gambiae	A. gambiae
A0A1S4H412	1	U-01	gambiae	A. gambiae
A0A1S4H423	2	U-02	gambiae	A. gambiae
A0A1S4H434	1	U-01	gambiae	A. gambiae
A0A1S4H435	1	U-01	gambiae	A. gambiae
A0A1S4H441	1	U-01	gambiae	A. gambiae
A0A1S4H443	1	U-01	gambiae	A. gambiae
A0A1S4H446	1	U-01	gambiae	A. gambiae
A0A1S4H448	1	U-01	gambiae	A. gambiae
A0A1S4H453	1	U-01	gambiae	A. gambiae
A0A1S4H457	1	U-01	gambiae	A. gambiae
A0A1S4H465	1	U-01	gambiae	A. gambiae
A0A1S4H467	1	U-01	gambiae	A. gambiae
A0A1S4H468	1	U-01	gambiae	A. gambiae
A0A1S4H735	2	U-02	gambiae	A. gambiae
A0A1S4H740	1	U-01	gambiae	A. gambiae
A0A1S4H741	1	U-01	gambiae	A. gambiae
A0A1S4H744	1	U-01	gambiae	A. gambiae
A0A1S4H748	1	U-01	gambiae	A. gambiae
A0A1S4H755	1	U-01	gambiae	A. gambiae
A0A1S4H756	2	U-02	gambiae	A. gambiae
A0A1S4H761	1	U-01	gambiae	A. gambiae
A0A1S4H763	1	U-01	gambiae	A. gambiae
A0A1S4H771	1	U-01	gambiae	A. gambiae
A0A1S4H773	2	U-02	gambiae	A. gambiae
A0A1S4H779	1	U-01	gambiae	A. gambiae
A0A1S4H781	1	U-01	gambiae	A. gambiae
A0A1S4H782	1	U-01	gambiae	A. gambiae
A0A1S4H786	1	U-01	gambiae	A. gambiae
A0A1S4H793	2	U-02	gambiae	A. gambiae
A0A1S4GQG5	1	U-01	gambiae	A. gambiae
A0A1S4GQI2	1	U-01	gambiae	A. gambiae
A0A1S4GQJ3	1	U-01	gambiae	A. gambiae
A0A1S4GQL5	1	U-01	gambiae	A. gambiae
A0A1S4GQM6	2	U-02	gambiae	A. gambiae
A0A1S4GQQ8	1	U-01	gambiae	A. gambiae
A0A1S4GQS0	2	U-02	gambiae	A. gambiae
A0A1S4GQS8	2	U-02	gambiae	A. gambiae
A0A1S4GQW1	2	U-02	gambiae	A. gambiae
A0A1S4GQW4	1	U-01	gambiae	A. gambiae
A0A1S4GQX2	1	U-01	gambiae	A. gambiae
A0A1S4GQZ3	1	U-01	gambiae	A. gambiae
A0A1S4GR02	1	U-01	gambiae	A. gambiae
A0A1S4GR03	1	U-01	gambiae	A. gambiae
A0A1S4GR10	0	unassigned	gambiae	A. gambiae
A0A1S4GR12	1	U-01	gambiae	A. gambiae
A0A1S4GR16	1	U-01	gambiae	A. gambiae
A0A1S4GR31	1	U-01	gambiae	A. gambiae
A0A1S4GR33	1	U-01	gambiae	A. gambiae
A0A1S4GR34	1	U-01	gambiae	A. gambiae
A0A1S4GR36	1	U-01	gambiae	A. gambiae
A0A1S4GR39	0	unassigned	gambiae	A. gambiae
A0A1S4GR51	2	U-02	gambiae	A. gambiae
A0A1S4GR59	2	U-02	gambiae	A. gambiae
A0A1S4GR60	1	U-01	gambiae	A. gambiae
A0A1S4GR75	1	U-01	gambiae	A. gambiae
A0A1S4GR87	1	U-01	gambiae	A. gambiae
A0A1S4GRA3	1	U-01	gambiae	A. gambiae
A0A1S4GRA4	1	U-01	gambiae	A. gambiae
A0A1S4GRB3	1	U-01	gambiae	A. gambiae
A0A1S4GRB7	1	U-01	gambiae	A. gambiae
A0A1S4GRF6	2	U-02	gambiae	A. gambiae
A0A1S4GRG0	1	U-01	gambiae	A. gambiae
A0A1S4GRG9	1	U-01	gambiae	A. gambiae
A0A1S4GRH8	0	unassigned	gambiae	A. gambiae
A0A1S4GRH9	2	U-02	gambiae	A. gambiae
A0A1S4GRI4	2	U-02	gambiae	A. gambiae
A0A1S4GRI6	1	U-01	gambiae	A. gambiae
A0A1S4GRI9	2	U-02	gambiae	A. gambiae
A0A1S4GRJ0	2	U-02	gambiae	A. gambiae
A0A1S4GRJ9	1	U-01	gambiae	A. gambiae
A0A1S4GRK5	1	U-01	gambiae	A. gambiae
A0A1S4GRL6	2	U-02	gambiae	A. gambiae
A0A1S4GRM5	2	U-02	gambiae	A. gambiae
A0A1S4GRN5	1	U-01	gambiae	A. gambiae
A0A1S4GRN9	1	U-01	gambiae	A. gambiae
A0A1S4GRP8	2	U-02	gambiae	A. gambiae
A0A1S4GRQ7	1	U-01	gambiae	A. gambiae
A0A1S4GRR0	2	U-02	gambiae	A. gambiae
A0A1S4GRR8	1	U-01	gambiae	A. gambiae
A0A1S4GRT5	2	U-02	gambiae	A. gambiae
A0A1S4GRV2	1	U-01	gambiae	A. gambiae
A0A1S4GRV3	1	U-01	gambiae	A. gambiae
A0A1S4GRV7	1	U-01	gambiae	A. gambiae
A0A1S4GRW0	1	U-01	gambiae	A. gambiae
A0A1S4GRW5	2	U-02	gambiae	A. gambiae
A0A1S4GRX2	1	U-01	gambiae	A. gambiae
A0A1S4GRX4	2	U-02	gambiae	A. gambiae
A0A1S4GRY0	2	U-02	gambiae	A. gambiae
A0A1S4GRY1	1	U-01	gambiae	A. gambiae
A0A1S4GRY3	1	U-01	gambiae	A. gambiae
A0A1S4GRY5	2	U-02	gambiae	A. gambiae
A0A1S4GRZ1	1	U-01	gambiae	A. gambiae
A0A1S4GRZ2	1	U-01	gambiae	A. gambiae
A0A1S4GRZ8	1	U-01	gambiae	A. gambiae
A0A1S4GS09	1	U-01	gambiae	A. gambiae
A0A1S4GS12	1	U-01	gambiae	A. gambiae
A0A1S4GS17	2	U-02	gambiae	A. gambiae
A0A1S4GS24	1	U-01	gambiae	A. gambiae
A0A1S4GS33	1	U-01	gambiae	A. gambiae
A0A1S4GS45	2	U-02	gambiae	A. gambiae
A0A1S4GS47	1	U-01	gambiae	A. gambiae
A0A1S4H0I2	1	U-01	gambiae	A. gambiae
A0A1S4H0J7	1	U-01	gambiae	A. gambiae
A0A1S4H0K0	2	U-02	gambiae	A. gambiae
A0A1S4H0L2	2	U-02	gambiae	A. gambiae
A0A1S4H0L9	1	U-01	gambiae	A. gambiae
A0A1S4H0M0	1	U-01	gambiae	A. gambiae
A0A1S4H0M2	1	U-01	gambiae	A. gambiae
A0A1S4H0M5	2	U-02	gambiae	A. gambiae
A0A1S4H0M7	1	U-01	gambiae	A. gambiae
A0A1S4H0M9	2	U-02	gambiae	A. gambiae
A0A1S4H0N1	2	U-02	gambiae	A. gambiae
A0A1S4H0N5	2	U-02	gambiae	A. gambiae
A0A1S4H0P5	1	U-01	gambiae	A. gambiae
A0A1S4H0P6	1	U-01	gambiae	A. gambiae
A0A1S4H0P8	1	U-01	gambiae	A. gambiae
A0A1S4H0Q3	1	U-01	gambiae	A. gambiae
A0A1S4H0Q7	1	U-01	gambiae	A. gambiae
A0A1S4H0Q9	1	U-01	gambiae	A. gambiae
A0A1S4H0R1	1	U-01	gambiae	A. gambiae
A0A1S4H0R5	1	U-01	gambiae	A. gambiae
A0A1S4H0R7	1	U-01	gambiae	A. gambiae
A0A1S4H0R8	1	U-01	gambiae	A. gambiae
A0A1S4H0S5	1	U-01	gambiae	A. gambiae
A0A1S4H0S8	1	U-01	gambiae	A. gambiae
A0A1S4H0S9	1	U-01	gambiae	A. gambiae
A0A1S4H0T2	1	U-01	gambiae	A. gambiae
A0A1S4H0U0	1	U-01	gambiae	A. gambiae
A0A1S4H0U2	1	U-01	gambiae	A. gambiae
Q7PMK9	2	U-02	gambiae	A. gambiae
Q7PML2	1	U-01	gambiae	A. gambiae
Q7PMR4	1	U-01	gambiae	A. gambiae
Q7PMS8	1	U-01	gambiae	A. gambiae
Q7PMU2	1	U-01	gambiae	A. gambiae
Q7PMZ3	1	U-01	gambiae	A. gambiae
Q7PMZ4	0	unassigned	gambiae	A. gambiae
Q7PN03	0	unassigned	gambiae	A. gambiae
Q7PN33	1	U-01	gambiae	A. gambiae
Q7PN37	1	U-01	gambiae	A. gambiae
Q7PN39	1	U-01	gambiae	A. gambiae
Q7PN40	1	U-01	gambiae	A. gambiae
Q7PN41	1	U-01	gambiae	A. gambiae
Q7PN48	1	U-01	gambiae	A. gambiae
Q7PN60	0	unassigned	gambiae	A. gambiae
Q7PN68	1	U-01	gambiae	A. gambiae
Q7PN69	1	U-01	gambiae	A. gambiae
Q7PN83	1	U-01	gambiae	A. gambiae
Q7PN96	1	U-01	gambiae	A. gambiae
Q7PND4	1	U-01	gambiae	A. gambiae
Q7PNE6	1	U-01	gambiae	A. gambiae
Q7PNI8	1	U-01	gambiae	A. gambiae
Q7PNK2	1	U-01	gambiae	A. gambiae
Q7PNL3	1	U-01	gambiae	A. gambiae
Q7PNL5	1	U-01	gambiae	A. gambiae
Q7PNM2	1	U-01	gambiae	A. gambiae
Q7PNM4	1	U-01	gambiae	A. gambiae
Q7PNM7	1	U-01	gambiae	A. gambiae
Q7PNP1	1	U-01	gambiae	A. gambiae
Q7PNP3	1	U-01	gambiae	A. gambiae
Q7PNP9	1	U-01	gambiae	A. gambiae
Q7PNQ2	1	U-01	gambiae	A. gambiae
Q7PNR0	1	U-01	gambiae	A. gambiae
Q7PNR4	0	unassigned	gambiae	A. gambiae
Q7PNS3	1	U-01	gambiae	A. gambiae
Q7PNS6	1	U-01	gambiae	A. gambiae
Q7PNS8	1	U-01	gambiae	A. gambiae
Q7PNT1	0	unassigned	gambiae	A. gambiae
Q7PNT5	1	U-01	gambiae	A. gambiae
Q7PNT8	2	U-02	gambiae	A. gambiae
Q7PNV6	1	U-01	gambiae	A. gambiae
Q7PNV7	1	U-01	gambiae	A. gambiae
Q7PNW2	1	U-01	gambiae	A. gambiae
Q7PNW5	1	U-01	gambiae	A. gambiae
Q7PNW7	1	U-01	gambiae	A. gambiae
Q7PNW8	1	U-01	gambiae	A. gambiae
Q7PNX3	1	U-01	gambiae	A. gambiae
Q7PNX8	0	unassigned	gambiae	A. gambiae
Q7PNY0	1	U-01	gambiae	A. gambiae
Q7PNY4	0	unassigned	gambiae	A. gambiae
Q7PNY8	1	U-01	gambiae	A. gambiae
Q7PNZ0	1	U-01	gambiae	A. gambiae
Q7PNZ2	1	U-01	gambiae	A. gambiae
Q7PNZ7	1	U-01	gambiae	A. gambiae
Q7PNZ8	1	U-01	gambiae	A. gambiae
Q7PP06	1	U-01	gambiae	A. gambiae
Q7PP11	1	U-01	gambiae	A. gambiae
Q7PP18	1	U-01	gambiae	A. gambiae
Q7PP19	1	U-01	gambiae	A. gambiae
Q7PP20	1	U-01	gambiae	A. gambiae
Q7PP24	1	U-01	gambiae	A. gambiae
Q7PP25	1	U-01	gambiae	A. gambiae
Q7PP27	1	U-01	gambiae	A. gambiae
Q7PP28	1	U-01	gambiae	A. gambiae
Q7Q1S1	1	U-01	gambiae	A. gambiae
Q7Q1S3	1	U-01	gambiae	A. gambiae
Q7Q1S7	1	U-01	gambiae	A. gambiae
Q7Q1T8	1	U-01	gambiae	A. gambiae
Q7Q1T9	1	U-01	gambiae	A. gambiae
Q7Q1U0	1	U-01	gambiae	A. gambiae
Q7Q1V4	1	U-01	gambiae	A. gambiae
Q7Q1W2	1	U-01	gambiae	A. gambiae
Q7Q1X8	1	U-01	gambiae	A. gambiae
Q7Q211	1	U-01	gambiae	A. gambiae
Q7Q217	0	unassigned	gambiae	A. gambiae
Q7Q250	1	U-01	gambiae	A. gambiae
Q7Q255	1	U-01	gambiae	A. gambiae
Q7Q263	0	unassigned	gambiae	A. gambiae
Q7Q267	2	U-02	gambiae	A. gambiae
Q7Q268	2	U-02	gambiae	A. gambiae
Q7Q269	2	U-02	gambiae	A. gambiae
Q7Q271	1	U-01	gambiae	A. gambiae
Q7Q280	1	U-01	gambiae	A. gambiae
Q7Q285	1	U-01	gambiae	A. gambiae
Q7Q2A4	1	U-01	gambiae	A. gambiae
Q7Q2A5	1	U-01	gambiae	A. gambiae
Q7Q2C1	1	U-01	gambiae	A. gambiae
Q7Q2C9	1	U-01	gambiae	A. gambiae
Q7Q2E0	2	U-02	gambiae	A. gambiae
Q7Q2G0	1	U-01	gambiae	A. gambiae
Q7Q2G4	1	U-01	gambiae	A. gambiae
Q7Q2H9	2	U-02	gambiae	A. gambiae
Q7Q2I5	1	U-01	gambiae	A. gambiae
Q7Q2K0	1	U-01	gambiae	A. gambiae
Q7Q2M2	1	U-01	gambiae	A. gambiae
Q7Q2N5	1	U-01	gambiae	A. gambiae
Q7Q2P8	1	U-01	gambiae	A. gambiae
Q7Q2Q1	1	U-01	gambiae	A. gambiae
Q7Q2Q2	1	U-01	gambiae	A. gambiae
Q7Q2Q5	1	U-01	gambiae	A. gambiae
Q7QIB9	1	U-01	gambiae	A. gambiae
Q7QIC1	2	U-02	gambiae	A. gambiae
Q7QIC4	1	U-01	gambiae	A. gambiae
Q7QIC7	1	U-01	gambiae	A. gambiae
Q7QIC8	1	U-01	gambiae	A. gambiae
Q7QID5	2	U-02	gambiae	A. gambiae
Q7QID9	1	U-01	gambiae	A. gambiae
Q7QIE2	1	U-01	gambiae	A. gambiae
Q7QIE4	1	U-01	gambiae	A. gambiae
Q7QIE5	1	U-01	gambiae	A. gambiae
Q7QIE7	1	U-01	gambiae	A. gambiae
Q7QIE8	1	U-01	gambiae	A. gambiae
Q7QIE9	1	U-01	gambiae	A. gambiae
Q7QIF0	1	U-01	gambiae	A. gambiae
Q7QIF4	1	U-01	gambiae	A. gambiae
Q7QIF5	1	U-01	gambiae	A. gambiae
Q7QIF7	1	U-01	gambiae	A. gambiae
Q7QIG0	1	U-01	gambiae	A. gambiae
Q7QIH5	2	U-02	gambiae	A. gambiae
Q7QIH8	1	U-01	gambiae	A. gambiae
Q7QIH9	1	U-01	gambiae	A. gambiae
Q7QII2	1	U-01	gambiae	A. gambiae
Q7QII3	1	U-01	gambiae	A. gambiae
Q7QII4	1	U-01	gambiae	A. gambiae
Q7QII5	1	U-01	gambiae	A. gambiae
Q7QII6	1	U-01	gambiae	A. gambiae
Q7QII7	1	U-01	gambiae	A. gambiae
Q7QIJ0	1	U-01	gambiae	A. gambiae
Q7QIJ5	1	U-01	gambiae	A. gambiae
Q7QIJ6	2	U-02	gambiae	A. gambiae
Q7QIJ7	2	U-02	gambiae	A. gambiae
Q7QIK0	0	unassigned	gambiae	A. gambiae
Q7QIK2	1	U-01	gambiae	A. gambiae
Q7QIK4	1	U-01	gambiae	A. gambiae
Q7QIK5	2	U-02	gambiae	A. gambiae
Q7QIL2	1	U-01	gambiae	A. gambiae
Q7QIL6	1	U-01	gambiae	A. gambiae
Q7QIL8	1	U-01	gambiae	A. gambiae
Q7QIL9	1	U-01	gambiae	A. gambiae
Q7QIM0	1	U-01	gambiae	A. gambiae
A0A1S4GGZ5	1	U-01	gambiae	A. gambiae
A0A1S4GH02	2	U-02	gambiae	A. gambiae
A0A1S4GH11	1	U-01	gambiae	A. gambiae
A0A1S4GH19	1	U-01	gambiae	A. gambiae
A0A1S4GH43	1	U-01	gambiae	A. gambiae
A0A1S4GH45	1	U-01	gambiae	A. gambiae
A0A1S4GH49	1	U-01	gambiae	A. gambiae
A0A1S4GH79	1	U-01	gambiae	A. gambiae
A0A1S4GH82	1	U-01	gambiae	A. gambiae
A0A1S4GH99	1	U-01	gambiae	A. gambiae
A0A1S4GHB0	1	U-01	gambiae	A. gambiae
A0A1S4GHB5	1	U-01	gambiae	A. gambiae
A0A1S4GHB6	1	U-01	gambiae	A. gambiae
A0A1S4GHB7	1	U-01	gambiae	A. gambiae
A0A1S4GHD2	1	U-01	gambiae	A. gambiae
A0A1S4GHF1	2	U-02	gambiae	A. gambiae
A0A1S4GHG6	0	unassigned	gambiae	A. gambiae
A0A1S4GHH1	2	U-02	gambiae	A. gambiae
A0A1S4GHJ2	1	U-01	gambiae	A. gambiae
A0A1S4GHL5	1	U-01	gambiae	A. gambiae
A0A1S4GHL6	1	U-01	gambiae	A. gambiae
A0A1S4GHL9	2	U-02	gambiae	A. gambiae
A0A1S4GHN4	2	U-02	gambiae	A. gambiae
A0A1S4GHP3	1	U-01	gambiae	A. gambiae
A0A1S4GHP6	1	U-01	gambiae	A. gambiae
A0A1S4GHQ8	1	U-01	gambiae	A. gambiae
A0A1S4GHQ9	2	U-02	gambiae	A. gambiae
A0A1S4GHR1	2	U-02	gambiae	A. gambiae
A0A1S4GHR5	2	U-02	gambiae	A. gambiae
A0A1S4GHU2	1	U-01	gambiae	A. gambiae
A0A1S4GHW5	1	U-01	gambiae	A. gambiae
A0A1S4GHX3	1	U-01	gambiae	A. gambiae
A0A1S4GHX4	1	U-01	gambiae	A. gambiae
A0A1S4GHX8	2	U-02	gambiae	A. gambiae
A0A1S4GHX9	1	U-01	gambiae	A. gambiae
A0A1S4GHZ8	2	U-02	gambiae	A. gambiae
A0A1S4GI03	1	U-01	gambiae	A. gambiae
A0A1S4GI24	1	U-01	gambiae	A. gambiae
A0A1S4GI29	1	U-01	gambiae	A. gambiae
A0A1S4GI38	1	U-01	gambiae	A. gambiae
A0A1S4GI45	1	U-01	gambiae	A. gambiae
A0A1S4GI49	2	U-02	gambiae	A. gambiae
A0A1S4GI62	1	U-01	gambiae	A. gambiae
A0A1S4GI68	1	U-01	gambiae	A. gambiae
A0A1S4GI90	1	U-01	gambiae	A. gambiae
A0A1S4GI91	1	U-01	gambiae	A. gambiae
A0A1S4GIA0	1	U-01	gambiae	A. gambiae
A0A1S4GIA3	2	U-02	gambiae	A. gambiae
A0A1S4GIA8	1	U-01	gambiae	A. gambiae
A0A1S4GIA9	1	U-01	gambiae	A. gambiae
A0A1S4GIB2	1	U-01	gambiae	A. gambiae
A0A1S4GID1	1	U-01	gambiae	A. gambiae
A0A1S4GID9	1	U-01	gambiae	A. gambiae
A0A1S4GIE2	1	U-01	gambiae	A. gambiae
A0A1S4GIH3	1	U-01	gambiae	A. gambiae
A0A1S4GIH4	1	U-01	gambiae	A. gambiae
A0A1S4GIJ9	2	U-02	gambiae	A. gambiae
A0A1S4GIN2	1	U-01	gambiae	A. gambiae
A0A1S4GIP0	1	U-01	gambiae	A. gambiae
A0A1S4GIQ2	1	U-01	gambiae	A. gambiae
Q5TRL3	1	U-01	gambiae	A. gambiae
Q5TRL7	1	U-01	gambiae	A. gambiae
Q5TRM2	1	U-01	gambiae	A. gambiae
Q5TRM4	0	unassigned	gambiae	A. gambiae
Q5TRM9	1	U-01	gambiae	A. gambiae
Q5TRN0	1	U-01	gambiae	A. gambiae
Q5TRN3	1	U-01	gambiae	A. gambiae
Q5TRQ1	1	U-01	gambiae	A. gambiae
Q5TRQ6	1	U-01	gambiae	A. gambiae
Q5TRR3	1	U-01	gambiae	A. gambiae
Q5TRR4	1	U-01	gambiae	A. gambiae
Q5TRR6	1	U-01	gambiae	A. gambiae
Q5TRS1	1	U-01	gambiae	A. gambiae
Q5TRS3	1	U-01	gambiae	A. gambiae
Q5TRS4	1	U-01	gambiae	A. gambiae
Q5TRS7	1	U-01	gambiae	A. gambiae
Q5TRU2	2	U-02	gambiae	A. gambiae
Q5TS00	1	U-01	gambiae	A. gambiae
Q5TS04	1	U-01	gambiae	A. gambiae
Q5TS15	1	U-01	gambiae	A. gambiae
Q5TS52	1	U-01	gambiae	A. gambiae
Q5TS65	0	unassigned	gambiae	A. gambiae
Q5TS93	1	U-01	gambiae	A. gambiae
Q5TSB7	1	U-01	gambiae	A. gambiae
Q5TSF0	1	U-01	gambiae	A. gambiae
Q5TSN7	1	U-01	gambiae	A. gambiae
Q5TSQ9	1	U-01	gambiae	A. gambiae
Q5TSR3	1	U-01	gambiae	A. gambiae
Q7PP33	2	U-02	gambiae	A. gambiae
Q7PP35	1	U-01	gambiae	A. gambiae
Q7PP48	1	U-01	gambiae	A. gambiae
Q7PP52	1	U-01	gambiae	A. gambiae
Q7PP57	1	U-01	gambiae	A. gambiae
Q7PP68	1	U-01	gambiae	A. gambiae
Q7PP69	0	unassigned	gambiae	A. gambiae
Q7PP70	1	U-01	gambiae	A. gambiae
Q7PP74	2	U-02	gambiae	A. gambiae
Q7PP88	1	U-01	gambiae	A. gambiae
Q7PP90	1	U-01	gambiae	A. gambiae
Q7PP95	1	U-01	gambiae	A. gambiae
Q7PPA0	1	U-01	gambiae	A. gambiae
Q7PPB1	1	U-01	gambiae	A. gambiae
Q7PPF3	0	unassigned	gambiae	A. gambiae
Q7PPF5	0	unassigned	gambiae	A. gambiae
Q7PPG6	0	unassigned	gambiae	A. gambiae
Q7PPG7	1	U-01	gambiae	A. gambiae
Q7PPH3	0	unassigned	gambiae	A. gambiae
Q7PPH4	0	unassigned	gambiae	A. gambiae
Q7PPH7	1	U-01	gambiae	A. gambiae
Q7PPI1	1	U-01	gambiae	A. gambiae
Q7PPJ0	1	U-01	gambiae	A. gambiae
Q7PPJ3	1	U-01	gambiae	A. gambiae
Q7PPJ9	1	U-01	gambiae	A. gambiae
Q7PPK8	1	U-01	gambiae	A. gambiae
Q7PPL0	0	unassigned	gambiae	A. gambiae
Q7PPL1	1	U-01	gambiae	A. gambiae
Q7PPM0	2	U-02	gambiae	A. gambiae
Q7PPM5	1	U-01	gambiae	A. gambiae
Q7PPR3	1	U-01	gambiae	A. gambiae
Q7PPU9	1	U-01	gambiae	A. gambiae
Q7PPV8	1	U-01	gambiae	A. gambiae
Q7PPY5	2	U-02	gambiae	A. gambiae
Q7PQ06	1	U-01	gambiae	A. gambiae
Q7PQ10	2	U-02	gambiae	A. gambiae
Q7PQ20	1	U-01	gambiae	A. gambiae
Q7PQ25	1	U-01	gambiae	A. gambiae
Q7PQ29	1	U-01	gambiae	A. gambiae
Q7PQ38	1	U-01	gambiae	A. gambiae
Q7PQ55	1	U-01	gambiae	A. gambiae
Q7PQ61	1	U-01	gambiae	A. gambiae
Q7PQ63	1	U-01	gambiae	A. gambiae
Q7PQ67	1	U-01	gambiae	A. gambiae
Q7PQ70	1	U-01	gambiae	A. gambiae
Q7PQ96	1	U-01	gambiae	A. gambiae
Q7PQA0	1	U-01	gambiae	A. gambiae
Q7PQA7	0	unassigned	gambiae	A. gambiae
Q7PQB6	0	unassigned	gambiae	A. gambiae
Q7PQB7	1	U-01	gambiae	A. gambiae
Q7PQC2	1	U-01	gambiae	A. gambiae
Q7PQC3	1	U-01	gambiae	A. gambiae
Q7PQC6	1	U-01	gambiae	A. gambiae
Q7PQE0	1	U-01	gambiae	A. gambiae
Q7PQE1	1	U-01	gambiae	A. gambiae
Q7PQJ3	1	U-01	gambiae	A. gambiae
Q7PQK9	1	U-01	gambiae	A. gambiae
Q7PQL5	1	U-01	gambiae	A. gambiae
Q7PQM2	1	U-01	gambiae	A. gambiae
Q7PQM6	1	U-01	gambiae	A. gambiae
Q7PQN0	1	U-01	gambiae	A. gambiae
Q7PQP0	1	U-01	gambiae	A. gambiae
Q7PQP1	1	U-01	gambiae	A. gambiae
Q7PQP2	2	U-02	gambiae	A. gambiae
Q7PQP5	1	U-01	gambiae	A. gambiae
Q7PQP8	1	U-01	gambiae	A. gambiae
Q7PQS1	1	U-01	gambiae	A. gambiae
Q7PQS2	1	U-01	gambiae	A. gambiae
Q7PQS4	1	U-01	gambiae	A. gambiae
Q7PQS5	1	U-01	gambiae	A. gambiae
Q7PQT0	2	U-02	gambiae	A. gambiae
Q7PQT3	1	U-01	gambiae	A. gambiae
Q7PRC2	1	U-01	gambiae	A. gambiae
Q7PRC5	1	U-01	gambiae	A. gambiae
Q7PRC7	1	U-01	gambiae	A. gambiae
Q7PRC8	1	U-01	gambiae	A. gambiae
Q7PRE2	1	U-01	gambiae	A. gambiae
Q7PWY8	1	U-01	gambiae	A. gambiae
Q7PWZ1	1	U-01	gambiae	A. gambiae
Q7PWZ3	1	U-01	gambiae	A. gambiae
Q7PWZ6	1	U-01	gambiae	A. gambiae
Q7PWZ7	1	U-01	gambiae	A. gambiae
Q7PWZ8	1	U-01	gambiae	A. gambiae
Q7PX02	1	U-01	gambiae	A. gambiae
Q7PX03	1	U-01	gambiae	A. gambiae
Q7PX05	1	U-01	gambiae	A. gambiae
Q7PX06	1	U-01	gambiae	A. gambiae
Q7PX08	1	U-01	gambiae	A. gambiae
Q7PX09	1	U-01	gambiae	A. gambiae
Q7PX12	1	U-01	gambiae	A. gambiae
Q7PX13	1	U-01	gambiae	A. gambiae
Q7PX18	1	U-01	gambiae	A. gambiae
Q7PX19	1	U-01	gambiae	A. gambiae
Q7PX22	1	U-01	gambiae	A. gambiae
Q7PX38	2	U-02	gambiae	A. gambiae
Q7PX39	2	U-02	gambiae	A. gambiae
Q7PX44	2	U-02	gambiae	A. gambiae
Q7PX50	1	U-01	gambiae	A. gambiae
Q7PX52	2	U-02	gambiae	A. gambiae
Q7PX55	1	U-01	gambiae	A. gambiae
Q7PX64	1	U-01	gambiae	A. gambiae
Q7PX65	1	U-01	gambiae	A. gambiae
Q7PX73	2	U-02	gambiae	A. gambiae
Q7PX74	2	U-02	gambiae	A. gambiae
Q7PX75	1	U-01	gambiae	A. gambiae
Q7PX77	1	U-01	gambiae	A. gambiae
Q7PX80	2	U-02	gambiae	A. gambiae
Q7PX85	1	U-01	gambiae	A. gambiae
Q7PX87	1	U-01	gambiae	A. gambiae
Q7PX88	1	U-01	gambiae	A. gambiae
Q7PX91	1	U-01	gambiae	A. gambiae
Q7PX96	1	U-01	gambiae	A. gambiae
Q7PX97	1	U-01	gambiae	A. gambiae
Q7PX98	1	U-01	gambiae	A. gambiae
Q7PXA3	1	U-01	gambiae	A. gambiae
Q7PXA7	1	U-01	gambiae	A. gambiae
Q7PXA9	1	U-01	gambiae	A. gambiae
Q7PXB3	1	U-01	gambiae	A. gambiae
Q7PXC4	1	U-01	gambiae	A. gambiae
Q7PXD5	1	U-01	gambiae	A. gambiae
Q7PXD9	1	U-01	gambiae	A. gambiae
Q7PXE0	1	U-01	gambiae	A. gambiae
Q7PXE1	1	U-01	gambiae	A. gambiae
Q7PXE2	1	U-01	gambiae	A. gambiae
Q7PXE9	1	U-01	gambiae	A. gambiae
Q7PXF0	1	U-01	gambiae	A. gambiae
Q7PXF3	1	U-01	gambiae	A. gambiae
Q7PXG1	1	U-01	gambiae	A. gambiae
Q7PXG4	1	U-01	gambiae	A. gambiae
Q7PXG9	1	U-01	gambiae	A. gambiae
Q7PXH0	1	U-01	gambiae	A. gambiae
Q7PXH7	1	U-01	gambiae	A. gambiae
Q7PXH8	1	U-01	gambiae	A. gambiae
Q7PXI3	1	U-01	gambiae	A. gambiae
Q7PXI4	2	U-02	gambiae	A. gambiae
Q7PXI6	1	U-01	gambiae	A. gambiae
Q7PXJ1	1	U-01	gambiae	A. gambiae
Q7PXJ6	1	U-01	gambiae	A. gambiae
Q7PXK1	1	U-01	gambiae	A. gambiae
Q7PXK2	2	U-02	gambiae	A. gambiae
Q7PXL0	1	U-01	gambiae	A. gambiae
Q7PXL5	1	U-01	gambiae	A. gambiae
Q7PXM0	1	U-01	gambiae	A. gambiae
Q7PXM2	1	U-01	gambiae	A. gambiae
Q7PXM8	1	U-01	gambiae	A. gambiae
Q7PXN1	1	U-01	gambiae	A. gambiae
Q7PXP0	1	U-01	gambiae	A. gambiae
Q7PXP1	1	U-01	gambiae	A. gambiae
Q7PXP4	2	U-02	gambiae	A. gambiae
Q7PXP7	1	U-01	gambiae	A. gambiae
Q7PXP8	1	U-01	gambiae	A. gambiae
Q7PXQ1	1	U-01	gambiae	A. gambiae
Q7PXQ7	1	U-01	gambiae	A. gambiae
Q7PXR0	1	U-01	gambiae	A. gambiae
Q7PXR2	1	U-01	gambiae	A. gambiae
Q7PXR8	1	U-01	gambiae	A. gambiae
Q7PXR9	1	U-01	gambiae	A. gambiae
Q7PXS8	1	U-01	gambiae	A. gambiae
Q7PXU3	1	U-01	gambiae	A. gambiae
Q7PXU6	1	U-01	gambiae	A. gambiae
Q7PXU7	2	U-02	gambiae	A. gambiae
Q7PXV2	1	U-01	gambiae	A. gambiae
Q7PXV3	1	U-01	gambiae	A. gambiae
Q7PXV4	1	U-01	gambiae	A. gambiae
Q7PXV8	1	U-01	gambiae	A. gambiae
Q7PXW3	1	U-01	gambiae	A. gambiae
Q7PXX7	1	U-01	gambiae	A. gambiae
Q7PXX9	2	U-02	gambiae	A. gambiae
Q7PXY0	1	U-01	gambiae	A. gambiae
Q7PXY1	1	U-01	gambiae	A. gambiae
Q7PXY4	1	U-01	gambiae	A. gambiae
Q7PXZ4	1	U-01	gambiae	A. gambiae
A0A1S4GMM7	1	U-01	gambiae	A. gambiae
A0A1S4GMM8	1	U-01	gambiae	A. gambiae
A0A1S4GMN6	1	U-01	gambiae	A. gambiae
A0A1S4GWP3	1	U-01	gambiae	A. gambiae
A0A1S4GWQ7	2	U-02	gambiae	A. gambiae
A0A1S4GWQ9	1	U-01	gambiae	A. gambiae
A0A1S4GWR5	2	U-02	gambiae	A. gambiae
A0A1S4GWR8	1	U-01	gambiae	A. gambiae
A0A1S4GWS0	1	U-01	gambiae	A. gambiae
A0A1S4GWS1	1	U-01	gambiae	A. gambiae
A0A1S4GWS3	2	U-02	gambiae	A. gambiae
A0A1S4GWS5	1	U-01	gambiae	A. gambiae
A0A1S4GWS6	1	U-01	gambiae	A. gambiae
A0A1S4GWS8	1	U-01	gambiae	A. gambiae
A0A1S4GWS9	0	unassigned	gambiae	A. gambiae
A0A1S4GWT1	1	U-01	gambiae	A. gambiae
A0A1S4GWT4	1	U-01	gambiae	A. gambiae
A0A1S4GWT7	1	U-01	gambiae	A. gambiae
A0A1S4GWT8	1	U-01	gambiae	A. gambiae
A0A1S4GWU2	1	U-01	gambiae	A. gambiae
A0A1S4GWU6	1	U-01	gambiae	A. gambiae
A0A1S4GWU9	1	U-01	gambiae	A. gambiae
A0A1S4GWV0	1	U-01	gambiae	A. gambiae
A0A1S4GWV2	2	U-02	gambiae	A. gambiae
A0A1S4GWV6	0	unassigned	gambiae	A. gambiae
A0A1S4GWV8	1	U-01	gambiae	A. gambiae
A0A1S4GWW8	2	U-02	gambiae	A. gambiae
A0A1S4GWX2	2	U-02	gambiae	A. gambiae
A0A1S4GWY0	2	U-02	gambiae	A. gambiae
A0A1S4GWY3	1	U-01	gambiae	A. gambiae
A0A1S4GWZ2	0	unassigned	gambiae	A. gambiae
A0A1S4GWZ3	1	U-01	gambiae	A. gambiae
A0A1S4GWZ6	2	U-02	gambiae	A. gambiae
A0A1S4GWZ7	1	U-01	gambiae	A. gambiae
A0A1S4GWZ8	1	U-01	gambiae	A. gambiae
A0A1S4GWZ9	1	U-01	gambiae	A. gambiae
A0A1S4GX00	1	U-01	gambiae	A. gambiae
A0A1S4GX15	0	unassigned	gambiae	A. gambiae
A0A1S4GX16	1	U-01	gambiae	A. gambiae
A0A1S4GX17	1	U-01	gambiae	A. gambiae
A0A1S4GX22	1	U-01	gambiae	A. gambiae
A0A1S4GX30	1	U-01	gambiae	A. gambiae
A0A1S4GX41	1	U-01	gambiae	A. gambiae
A0A1S4GX45	1	U-01	gambiae	A. gambiae
A0A1S4GX47	1	U-01	gambiae	A. gambiae
A0A1S4GX48	1	U-01	gambiae	A. gambiae
A0A1S4GX53	1	U-01	gambiae	A. gambiae
A0A1S4GX54	1	U-01	gambiae	A. gambiae
A0A1S4GX58	1	U-01	gambiae	A. gambiae
A0A1S4GX59	1	U-01	gambiae	A. gambiae
A0A1S4GX60	1	U-01	gambiae	A. gambiae
A0A1S4GX62	2	U-02	gambiae	A. gambiae
A0A1S4GX66	1	U-01	gambiae	A. gambiae
A0A1S4GX81	1	U-01	gambiae	A. gambiae
A0A1S4GX84	1	U-01	gambiae	A. gambiae
A0A1S4GX86	1	U-01	gambiae	A. gambiae
A0A1S4GX89	1	U-01	gambiae	A. gambiae
A0A1S4GX97	1	U-01	gambiae	A. gambiae
A0A1S4GX98	1	U-01	gambiae	A. gambiae
A0A1S4GXA7	1	U-01	gambiae	A. gambiae
A0A1S4GXB1	1	U-01	gambiae	A. gambiae
A0A1S4GXB3	2	U-02	gambiae	A. gambiae
A0A1S4GXB4	2	U-02	gambiae	A. gambiae
A0A1S4GXB7	1	U-01	gambiae	A. gambiae
A0A1S4GXB8	2	U-02	gambiae	A. gambiae
A0A1S4GXC1	1	U-01	gambiae	A. gambiae
A0A1S4GXC3	2	U-02	gambiae	A. gambiae
A0A1S4GXC5	1	U-01	gambiae	A. gambiae
A0A1S4GXC6	1	U-01	gambiae	A. gambiae
A0A1S4GXD0	1	U-01	gambiae	A. gambiae
A0A1S4GXD5	1	U-01	gambiae	A. gambiae
A0A1S4GXD9	1	U-01	gambiae	A. gambiae
A0A1S4GXE0	1	U-01	gambiae	A. gambiae
A0A1S4GXE1	1	U-01	gambiae	A. gambiae
A0A1S4GXE2	2	U-02	gambiae	A. gambiae
A0A1S4GXE4	1	U-01	gambiae	A. gambiae
A0A1S4GXE5	1	U-01	gambiae	A. gambiae
A0A1S4GXF0	1	U-01	gambiae	A. gambiae
A0A1S4GXG0	1	U-01	gambiae	A. gambiae
A0A1S4GXG3	1	U-01	gambiae	A. gambiae
A0A1S4GXG4	1	U-01	gambiae	A. gambiae
A0A1S4GXH9	1	U-01	gambiae	A. gambiae
A0A1S4GXI5	1	U-01	gambiae	A. gambiae
A0A1S4GXI6	1	U-01	gambiae	A. gambiae
A0A1S4GXJ1	1	U-01	gambiae	A. gambiae
A0A1S4GXJ4	1	U-01	gambiae	A. gambiae
A0A1S4GXJ5	1	U-01	gambiae	A. gambiae
A0A1S4GXJ6	2	U-02	gambiae	A. gambiae
A0A1S4GXK0	1	U-01	gambiae	A. gambiae
A0A1S4GXK5	1	U-01	gambiae	A. gambiae
A0A1S4GXL5	0	unassigned	gambiae	A. gambiae
A0A1S4GXM2	1	U-01	gambiae	A. gambiae
A0A1S4GXN5	1	U-01	gambiae	A. gambiae
A0A1S4GXN8	1	U-01	gambiae	A. gambiae
A0A1S4GXP1	1	U-01	gambiae	A. gambiae
A0A1S4GXP5	1	U-01	gambiae	A. gambiae
A0A1S4GXP6	2	U-02	gambiae	A. gambiae
A0A1S4GXP7	1	U-01	gambiae	A. gambiae
A0A1S4GXP9	1	U-01	gambiae	A. gambiae
A0A1S4GXQ1	1	U-01	gambiae	A. gambiae
F5HM26	1	U-01	gambiae	A. gambiae
F5HM27	1	U-01	gambiae	A. gambiae
F5HM29	1	U-01	gambiae	A. gambiae
F5HM30	1	U-01	gambiae	A. gambiae
F5HM31	1	U-01	gambiae	A. gambiae
F5HM48	1	U-01	gambiae	A. gambiae
F5HM49	1	U-01	gambiae	A. gambiae
F5HM50	2	U-02	gambiae	A. gambiae
F5HM51	2	U-02	gambiae	A. gambiae
F5HM56	2	U-02	gambiae	A. gambiae
F5HM57	1	U-01	gambiae	A. gambiae
F5HM61	1	U-01	gambiae	A. gambiae
F5HM62	1	U-01	gambiae	A. gambiae
F5HM65	1	U-01	gambiae	A. gambiae
F5HM67	2	U-02	gambiae	A. gambiae
F5HM72	1	U-01	gambiae	A. gambiae
F5HM73	1	U-01	gambiae	A. gambiae
F5HM75	1	U-01	gambiae	A. gambiae
F5HM76	2	U-02	gambiae	A. gambiae
F5HM77	2	U-02	gambiae	A. gambiae
F5HM84	1	U-01	gambiae	A. gambiae
F5HM88	1	U-01	gambiae	A. gambiae
F5HM93	1	U-01	gambiae	A. gambiae
F5HM94	1	U-01	gambiae	A. gambiae
F5HM95	1	U-01	gambiae	A. gambiae
F5HM96	1	U-01	gambiae	A. gambiae
F5HM97	1	U-01	gambiae	A. gambiae
F5HM98	1	U-01	gambiae	A. gambiae
F5HM99	1	U-01	gambiae	A. gambiae
F5HMA2	1	U-01	gambiae	A. gambiae
F5HMA3	2	U-02	gambiae	A. gambiae
F5HMA4	2	U-02	gambiae	A. gambiae
F5HMA7	2	U-02	gambiae	A. gambiae
F5HMA9	1	U-01	gambiae	A. gambiae
F5HMB2	1	U-01	gambiae	A. gambiae
F5HMB3	1	U-01	gambiae	A. gambiae
F5HMB8	1	U-01	gambiae	A. gambiae
F5HMC9	1	U-01	gambiae	A. gambiae
F5HMD1	1	U-01	gambiae	A. gambiae
F5HMD2	1	U-01	gambiae	A. gambiae
F5HME3	1	U-01	gambiae	A. gambiae
F5HME5	0	unassigned	gambiae	A. gambiae
F5HME9	0	unassigned	gambiae	A. gambiae
F5HMF0	1	U-01	gambiae	A. gambiae
F5HMF1	0	unassigned	gambiae	A. gambiae
F5HMF3	0	unassigned	gambiae	A. gambiae
F5HMF4	1	U-01	gambiae	A. gambiae
F5HMF5	1	U-01	gambiae	A. gambiae
F5HMF7	1	U-01	gambiae	A. gambiae
F5HMF8	1	U-01	gambiae	A. gambiae
F5HMF9	1	U-01	gambiae	A. gambiae
F5HMG0	1	U-01	gambiae	A. gambiae
F5HMG1	1	U-01	gambiae	A. gambiae
F5HMG4	2	U-02	gambiae	A. gambiae
F5HMG7	2	U-02	gambiae	A. gambiae
F5HMH2	1	U-01	gambiae	A. gambiae
F5HMH5	0	unassigned	gambiae	A. gambiae
F5HMH7	2	U-02	gambiae	A. gambiae
F5HMI2	1	U-01	gambiae	A. gambiae
F5HMI4	1	U-01	gambiae	A. gambiae
F5HMI5	1	U-01	gambiae	A. gambiae
F5HMI6	1	U-01	gambiae	A. gambiae
F5HMJ7	1	U-01	gambiae	A. gambiae
F5HMK9	1	U-01	gambiae	A. gambiae
F5HML0	1	U-01	gambiae	A. gambiae
F5HML2	1	U-01	gambiae	A. gambiae
F5HML3	1	U-01	gambiae	A. gambiae
F5HML4	1	U-01	gambiae	A. gambiae
F5HML5	1	U-01	gambiae	A. gambiae
F5HML7	1	U-01	gambiae	A. gambiae
F5HML8	1	U-01	gambiae	A. gambiae
F5HML9	1	U-01	gambiae	A. gambiae
F5HMM0	1	U-01	gambiae	A. gambiae
F5HMM1	1	U-01	gambiae	A. gambiae
F5HMM9	1	U-01	gambiae	A. gambiae
F5HMN2	1	U-01	gambiae	A. gambiae
F5HMN3	1	U-01	gambiae	A. gambiae
F5HMQ4	1	U-01	gambiae	A. gambiae
F5HMQ5	1	U-01	gambiae	A. gambiae
F5HMQ6	1	U-01	gambiae	A. gambiae
F5HMQ7	1	U-01	gambiae	A. gambiae
F5HMQ8	1	U-01	gambiae	A. gambiae
F5HMR1	1	U-01	gambiae	A. gambiae
F5HMS0	0	unassigned	gambiae	A. gambiae
F5HMS3	1	U-01	gambiae	A. gambiae
Q5TVJ7	1	U-01	gambiae	A. gambiae
Q5TVK2	1	U-01	gambiae	A. gambiae
Q5TVK3	1	U-01	gambiae	A. gambiae
Q5TVK5	1	U-01	gambiae	A. gambiae
Q5TVL1	1	U-01	gambiae	A. gambiae
Q5TVQ1	1	U-01	gambiae	A. gambiae
Q5TVQ5	1	U-01	gambiae	A. gambiae
Q5TVQ7	1	U-01	gambiae	A. gambiae
Q5TVQ9	1	U-01	gambiae	A. gambiae
Q5TVT5	1	U-01	gambiae	A. gambiae
Q5TVT6	2	U-02	gambiae	A. gambiae
Q5TVU8	2	U-02	gambiae	A. gambiae
Q5TVV7	2	U-02	gambiae	A. gambiae
Q5TW11	1	U-01	gambiae	A. gambiae
Q5TW37	1	U-01	gambiae	A. gambiae
A0NBJ6	1	U-01	gambiae	A. gambiae
A0NBJ9	1	U-01	gambiae	A. gambiae
A0NBK0	2	U-02	gambiae	A. gambiae
A0NBL5	1	U-01	gambiae	A. gambiae
A0NBL7	1	U-01	gambiae	A. gambiae
A0NBN9	1	U-01	gambiae	A. gambiae
A0NBP1	1	U-01	gambiae	A. gambiae
A0NBP2	1	U-01	gambiae	A. gambiae
A0NBW6	1	U-01	gambiae	A. gambiae
A0NBW7	1	U-01	gambiae	A. gambiae
A0NBZ0	1	U-01	gambiae	A. gambiae
A0NC01	1	U-01	gambiae	A. gambiae
A0NC14	1	U-01	gambiae	A. gambiae
A0NC57	2	U-02	gambiae	A. gambiae
A0NC98	1	U-01	gambiae	A. gambiae
A0NCA9	1	U-01	gambiae	A. gambiae
A0NCC8	1	U-01	gambiae	A. gambiae
A0NCD9	1	U-01	gambiae	A. gambiae
A0NCF7	1	U-01	gambiae	A. gambiae
A0NCH1	1	U-01	gambiae	A. gambiae
A0NCL6	1	U-01	gambiae	A. gambiae
A0NCM1	1	U-01	gambiae	A. gambiae
A0NCQ2	1	U-01	gambiae	A. gambiae
A0NCR0	2	U-02	gambiae	A. gambiae
A0NCV3	2	U-02	gambiae	A. gambiae
A0NCW7	2	U-02	gambiae	A. gambiae
A0NCZ1	1	U-01	gambiae	A. gambiae
A0ND03	2	U-02	gambiae	A. gambiae
A0ND29	1	U-01	gambiae	A. gambiae
A0ND34	2	U-02	gambiae	A. gambiae
A0ND41	0	unassigned	gambiae	A. gambiae
A0ND44	0	unassigned	gambiae	A. gambiae
A0ND46	1	U-01	gambiae	A. gambiae
A0ND58	1	U-01	gambiae	A. gambiae
A0ND71	1	U-01	gambiae	A. gambiae
A0ND78	1	U-01	gambiae	A. gambiae
A0ND79	1	U-01	gambiae	A. gambiae
F5HLZ2	1	U-01	gambiae	A. gambiae
F5HM00	2	U-02	gambiae	A. gambiae
F5HM04	1	U-01	gambiae	A. gambiae
F5HM08	1	U-01	gambiae	A. gambiae
F5HM13	1	U-01	gambiae	A. gambiae
F5HM19	1	U-01	gambiae	A. gambiae
F5HM21	1	U-01	gambiae	A. gambiae
F5HM25	1	U-01	gambiae	A. gambiae
F5HM38	1	U-01	gambiae	A. gambiae
F5HM42	1	U-01	gambiae	A. gambiae
F5HM54	1	U-01	gambiae	A. gambiae
F5HM74	1	U-01	gambiae	A. gambiae
F5HM81	1	U-01	gambiae	A. gambiae
F5HMA0	1	U-01	gambiae	A. gambiae
F5HMB1	1	U-01	gambiae	A. gambiae
F5HMB4	1	U-01	gambiae	A. gambiae
F5HMB6	2	U-02	gambiae	A. gambiae
F5HMD3	0	unassigned	gambiae	A. gambiae
F5HMD4	0	unassigned	gambiae	A. gambiae
F5HMD5	2	U-02	gambiae	A. gambiae
F5HME4	0	unassigned	gambiae	A. gambiae
F5HMG2	1	U-01	gambiae	A. gambiae
F5HMG3	1	U-01	gambiae	A. gambiae
F5HMH0	1	U-01	gambiae	A. gambiae
F5HMH3	1	U-01	gambiae	A. gambiae
F5HMH9	1	U-01	gambiae	A. gambiae
F5HMI8	1	U-01	gambiae	A. gambiae
F5HMK0	2	U-02	gambiae	A. gambiae
F5HMK1	1	U-01	gambiae	A. gambiae
F5HML6	1	U-01	gambiae	A. gambiae
F5HMM2	1	U-01	gambiae	A. gambiae
F5HMM3	1	U-01	gambiae	A. gambiae
F5HMM5	1	U-01	gambiae	A. gambiae
F5HMN0	1	U-01	gambiae	A. gambiae
F5HMN5	1	U-01	gambiae	A. gambiae
F5HMN8	1	U-01	gambiae	A. gambiae
F5HMN9	1	U-01	gambiae	A. gambiae
F5HMP2	1	U-01	gambiae	A. gambiae
F5HMP5	1	U-01	gambiae	A. gambiae
F5HMQ3	1	U-01	gambiae	A. gambiae
F5HMR5	2	U-02	gambiae	A. gambiae
F5HMS1	1	U-01	gambiae	A. gambiae
F5HMS8	1	U-01	gambiae	A. gambiae
F5HMS9	1	U-01	gambiae	A. gambiae
F5HMT9	1	U-01	gambiae	A. gambiae
F5HMU3	1	U-01	gambiae	A. gambiae
F5HMU9	2	U-02	gambiae	A. gambiae
F5HMV1	1	U-01	gambiae	A. gambiae
F5HMV2	1	U-01	gambiae	A. gambiae
F5HMV3	1	U-01	gambiae	A. gambiae
F5HMV9	1	U-01	gambiae	A. gambiae
F5HMW5	2	U-02	gambiae	A. gambiae
F5HMX8	1	U-01	gambiae	A. gambiae
F5HMY1	1	U-01	gambiae	A. gambiae
F5HMY2	1	U-01	gambiae	A. gambiae
F5HMY5	1	U-01	gambiae	A. gambiae
F5HMY6	1	U-01	gambiae	A. gambiae
F5HMZ4	1	U-01	gambiae	A. gambiae
F5HN02	1	U-01	gambiae	A. gambiae
F7ITS8	0	unassigned	gambiae	A. gambiae
F7ITY4	2	U-02	gambiae	A. gambiae
F7IUE6	1	U-01	gambiae	A. gambiae
F7IUV9	1	U-01	gambiae	A. gambiae
A0A453YZR5	1	U-01	gambiae	A. gambiae
A0A453YZR6	1	U-01	gambiae	A. gambiae
A0A453YZR7	1	U-01	gambiae	A. gambiae
A0A453YZR9	1	U-01	gambiae	A. gambiae
A0A453YZS0	1	U-01	gambiae	A. gambiae
A0A453YZS1	1	U-01	gambiae	A. gambiae
A0A453YZS4	0	unassigned	gambiae	A. gambiae
A0A453YZS5	1	U-01	gambiae	A. gambiae
A0A453YZS6	1	U-01	gambiae	A. gambiae
A0A453YZS7	1	U-01	gambiae	A. gambiae
A0A453YZS8	1	U-01	gambiae	A. gambiae
A0A453YZT1	1	U-01	gambiae	A. gambiae
A0A453YZT2	1	U-01	gambiae	A. gambiae
A0A453YZT3	1	U-01	gambiae	A. gambiae
A0A453YZT5	0	unassigned	gambiae	A. gambiae
A0A453YZT7	1	U-01	gambiae	A. gambiae
A0A453YZT9	1	U-01	gambiae	A. gambiae
A0A453YZU2	1	U-01	gambiae	A. gambiae
A0A453YZU4	1	U-01	gambiae	A. gambiae
A0A453YZU5	2	U-02	gambiae	A. gambiae
A0A453YZU6	0	unassigned	gambiae	A. gambiae
A0A453YZV0	2	U-02	gambiae	A. gambiae
A0A453YZV3	1	U-01	gambiae	A. gambiae
A0A453YZV6	1	U-01	gambiae	A. gambiae
A0A453YZV8	1	U-01	gambiae	A. gambiae
A0A453YZV9	1	U-01	gambiae	A. gambiae
A0A453YZW0	2	U-02	gambiae	A. gambiae
A0A453YZW1	1	U-01	gambiae	A. gambiae
A0ABK8FVG2	1	U-01	gambiae	A. gambiae
A0ABK8FVG5	1	U-01	gambiae	A. gambiae
A0ABK8FVG7	1	U-01	gambiae	A. gambiae
A0ABK8FVH6	2	U-02	gambiae	A. gambiae
A0ABK8FVJ5	2	U-02	gambiae	A. gambiae
A0ABK8FVK0	1	U-01	gambiae	A. gambiae
A0ABK8FVL2	1	U-01	gambiae	A. gambiae
A0ABK8FVN3	1	U-01	gambiae	A. gambiae
A0ABK8FVN7	1	U-01	gambiae	A. gambiae
A0ABK8FVV3	2	U-02	gambiae	A. gambiae
A0ABK8FVX8	1	U-01	gambiae	A. gambiae
A0ABK8FW16	2	U-02	gambiae	A. gambiae
A0ABK8FW26	1	U-01	gambiae	A. gambiae
A0ABK8FY12	2	U-02	gambiae	A. gambiae
A0ABK8G1B0	1	U-01	gambiae	A. gambiae
A0ABK8G1E3	1	U-01	gambiae	A. gambiae
A0ABK8G1I5	2	U-02	gambiae	A. gambiae
A0ABK8G1P0	1	U-01	gambiae	A. gambiae
A0ABK8G1S9	1	U-01	gambiae	A. gambiae
A0ABK8G2N3	1	U-01	gambiae	A. gambiae
A0ABK8G2X7	1	U-01	gambiae	A. gambiae
A0ABK8G2X8	1	U-01	gambiae	A. gambiae
A0ABK8G333	2	U-02	gambiae	A. gambiae
A0ABK8G351	1	U-01	gambiae	A. gambiae
A0ABK8G356	1	U-01	gambiae	A. gambiae
A0ABK8G365	2	U-02	gambiae	A. gambiae
A0ABK8G377	2	U-02	gambiae	A. gambiae
A0ABK8G387	1	U-01	gambiae	A. gambiae
A0ABK8G3A2	1	U-01	gambiae	A. gambiae
A0ABK8G3B0	2	U-02	gambiae	A. gambiae
A0ABK8G3B4	1	U-01	gambiae	A. gambiae
A0ABK8G3E9	1	U-01	gambiae	A. gambiae
A0ABK8G3G1	2	U-02	gambiae	A. gambiae
A0ABK8G3H9	1	U-01	gambiae	A. gambiae
A0ABK8G3N3	2	U-02	gambiae	A. gambiae
A0ABK8G3N9	1	U-01	gambiae	A. gambiae
A0ABK8G405	1	U-01	gambiae	A. gambiae
A0ABK8G432	1	U-01	gambiae	A. gambiae
A0ABK8G458	1	U-01	gambiae	A. gambiae
A0ABK8G482	1	U-01	gambiae	A. gambiae
A0ABK8G491	1	U-01	gambiae	A. gambiae
A0ABK8G4A7	1	U-01	gambiae	A. gambiae
A0ABK8G4B7	1	U-01	gambiae	A. gambiae
A0ABK8G4E7	1	U-01	gambiae	A. gambiae
A0ABK8G4G3	1	U-01	gambiae	A. gambiae
A0ABK8G4S6	1	U-01	gambiae	A. gambiae
A0ABK8G5D1	2	U-02	gambiae	A. gambiae
A0ABK8G5L9	1	U-01	gambiae	A. gambiae
A0ABK8G5M4	2	U-02	gambiae	A. gambiae
A0ABK8G5N8	1	U-01	gambiae	A. gambiae
A0ABK8G5P4	1	U-01	gambiae	A. gambiae
A0ABK8G5U3	0	unassigned	gambiae	A. gambiae
A0ABK8G669	1	U-01	gambiae	A. gambiae
A0ABK8G691	1	U-01	gambiae	A. gambiae
A0ABK8G692	1	U-01	gambiae	A. gambiae
A0ABK8G6C3	1	U-01	gambiae	A. gambiae
A0ABK8G6D8	1	U-01	gambiae	A. gambiae
A0ABK8G6G5	1	U-01	gambiae	A. gambiae
A0ABK8G6H7	1	U-01	gambiae	A. gambiae
A0ABK8G6M3	1	U-01	gambiae	A. gambiae
A0ABK8G6R8	1	U-01	gambiae	A. gambiae
A0ABK8G6Z3	1	U-01	gambiae	A. gambiae
A0ABK8G728	1	U-01	gambiae	A. gambiae
A0ABK8G7J5	1	U-01	gambiae	A. gambiae
A0ABK8G7K5	1	U-01	gambiae	A. gambiae
A0ABK8G7L0	1	U-01	gambiae	A. gambiae
A0ABK8G7L8	1	U-01	gambiae	A. gambiae
A0ABK8G7M1	1	U-01	gambiae	A. gambiae
A0ABK8G7M3	0	unassigned	gambiae	A. gambiae
A0ABK8G7M7	1	U-01	gambiae	A. gambiae
A0ABK8G7M8	1	U-01	gambiae	A. gambiae
A0ABK8G7N2	0	unassigned	gambiae	A. gambiae
Q7PK29	1	U-01	gambiae	A. gambiae
Q7PK36	1	U-01	gambiae	A. gambiae
Q7PK37	1	U-01	gambiae	A. gambiae
Q7PK39	1	U-01	gambiae	A. gambiae
Q7PK40	1	U-01	gambiae	A. gambiae
Q7PK41	1	U-01	gambiae	A. gambiae
Q7PUS3	2	U-02	gambiae	A. gambiae
Q7PUS7	1	U-01	gambiae	A. gambiae
Q7PUS9	1	U-01	gambiae	A. gambiae
Q7PUT1	1	U-01	gambiae	A. gambiae
Q7PUT4	1	U-01	gambiae	A. gambiae
Q7PUU4	1	U-01	gambiae	A. gambiae
Q7PUV0	1	U-01	gambiae	A. gambiae
Q7PUV2	1	U-01	gambiae	A. gambiae
Q7PUV3	1	U-01	gambiae	A. gambiae
Q7PUV5	1	U-01	gambiae	A. gambiae
Q7PUW3	1	U-01	gambiae	A. gambiae
Q7PUW5	1	U-01	gambiae	A. gambiae
Q7PUW9	2	U-02	gambiae	A. gambiae
Q7PUX7	1	U-01	gambiae	A. gambiae
Q7PUX9	1	U-01	gambiae	A. gambiae
Q7PUY0	1	U-01	gambiae	A. gambiae
Q7PUY5	1	U-01	gambiae	A. gambiae
Q7PV03	1	U-01	gambiae	A. gambiae
Q7PV10	1	U-01	gambiae	A. gambiae
Q7PV13	2	U-02	gambiae	A. gambiae
Q7PV22	2	U-02	gambiae	A. gambiae
Q7PV44	1	U-01	gambiae	A. gambiae
Q7PV48	1	U-01	gambiae	A. gambiae
Q7PV50	1	U-01	gambiae	A. gambiae
Q7PV51	1	U-01	gambiae	A. gambiae
Q7PV54	1	U-01	gambiae	A. gambiae
Q7PV55	1	U-01	gambiae	A. gambiae
Q7PV61	1	U-01	gambiae	A. gambiae
Q7PV62	2	U-02	gambiae	A. gambiae
Q7PV63	2	U-02	gambiae	A. gambiae
Q7PV64	1	U-01	gambiae	A. gambiae
Q7PV69	1	U-01	gambiae	A. gambiae
Q7PV70	1	U-01	gambiae	A. gambiae
Q7PV84	1	U-01	gambiae	A. gambiae
Q7PV85	1	U-01	gambiae	A. gambiae
Q7PV97	1	U-01	gambiae	A. gambiae
Q7PVA0	1	U-01	gambiae	A. gambiae
Q7PVA5	1	U-01	gambiae	A. gambiae
Q7PVA6	1	U-01	gambiae	A. gambiae
Q7PVB3	1	U-01	gambiae	A. gambiae
Q7PVB9	1	U-01	gambiae	A. gambiae
Q7PVJ7	1	U-01	gambiae	A. gambiae
Q7PVJ8	1	U-01	gambiae	A. gambiae
Q7PVJ9	1	U-01	gambiae	A. gambiae
Q7PVK0	1	U-01	gambiae	A. gambiae
Q7PVK1	1	U-01	gambiae	A. gambiae
Q7PVK3	1	U-01	gambiae	A. gambiae
Q7PVN4	1	U-01	gambiae	A. gambiae
Q7PVP6	2	U-02	gambiae	A. gambiae
Q7PVQ0	2	U-02	gambiae	A. gambiae
Q7PVQ3	2	U-02	gambiae	A. gambiae
Q7PVQ4	2	U-02	gambiae	A. gambiae
Q7PVQ9	1	U-01	gambiae	A. gambiae
Q7PVR3	1	U-01	gambiae	A. gambiae
Q7PVS4	0	unassigned	gambiae	A. gambiae
Q7PVT5	1	U-01	gambiae	A. gambiae
Q7PVT8	0	unassigned	gambiae	A. gambiae
Q7PVX7	2	U-02	gambiae	A. gambiae
Q7PVX8	1	U-01	gambiae	A. gambiae
Q7PVZ2	1	U-01	gambiae	A. gambiae
Q7PW17	2	U-02	gambiae	A. gambiae
Q7PW20	1	U-01	gambiae	A. gambiae
Q7PW30	1	U-01	gambiae	A. gambiae
Q7PW42	1	U-01	gambiae	A. gambiae
Q7PW45	1	U-01	gambiae	A. gambiae
Q7PW69	1	U-01	gambiae	A. gambiae
Q7PW80	1	U-01	gambiae	A. gambiae
Q7PW85	1	U-01	gambiae	A. gambiae
Q7PW90	1	U-01	gambiae	A. gambiae
Q7PW91	1	U-01	gambiae	A. gambiae
Q7PWA6	2	U-02	gambiae	A. gambiae
Q7PWB8	1	U-01	gambiae	A. gambiae
Q7PWC5	1	U-01	gambiae	A. gambiae
Q7PWC9	1	U-01	gambiae	A. gambiae
Q7PWD0	1	U-01	gambiae	A. gambiae
Q7PWD6	1	U-01	gambiae	A. gambiae
Q7PWE7	1	U-01	gambiae	A. gambiae
Q7PWF1	1	U-01	gambiae	A. gambiae
Q7PWH1	2	U-02	gambiae	A. gambiae
Q7PWI1	1	U-01	gambiae	A. gambiae
Q7PWJ3	1	U-01	gambiae	A. gambiae
Q7PWK2	1	U-01	gambiae	A. gambiae
Q7PWK5	2	U-02	gambiae	A. gambiae
Q7PWL2	1	U-01	gambiae	A. gambiae
Q7PWM1	1	U-01	gambiae	A. gambiae
Q7PWN2	1	U-01	gambiae	A. gambiae
Q7PWN6	1	U-01	gambiae	A. gambiae
Q7PWN7	1	U-01	gambiae	A. gambiae
Q7PWP2	1	U-01	gambiae	A. gambiae
Q7PWQ3	1	U-01	gambiae	A. gambiae
Q7PWQ7	1	U-01	gambiae	A. gambiae
Q7PWR2	2	U-02	gambiae	A. gambiae
Q7PWS1	1	U-01	gambiae	A. gambiae
Q7PWT1	1	U-01	gambiae	A. gambiae
A0A1S4HC07	1	U-01	gambiae	A. gambiae
A0A1S4HC15	1	U-01	gambiae	A. gambiae
A0A1S4HC19	1	U-01	gambiae	A. gambiae
A0A1S4HC20	1	U-01	gambiae	A. gambiae
A0A1S4HC32	1	U-01	gambiae	A. gambiae
A0A1S4HC37	1	U-01	gambiae	A. gambiae
A0A1S4HC38	1	U-01	gambiae	A. gambiae
A0A1S4HC46	0	unassigned	gambiae	A. gambiae
A0A1S4HC58	2	U-02	gambiae	A. gambiae
A0A1S4HC63	1	U-01	gambiae	A. gambiae
A0A1S4HC66	1	U-01	gambiae	A. gambiae
A0A1S4HC67	1	U-01	gambiae	A. gambiae
A0A1S4HC72	1	U-01	gambiae	A. gambiae
A0A1S4HC94	1	U-01	gambiae	A. gambiae
A0A1S4HCA5	1	U-01	gambiae	A. gambiae
A0A1S4HCB1	0	unassigned	gambiae	A. gambiae
A0A1S4HCB5	1	U-01	gambiae	A. gambiae
A0A1S4HCB6	1	U-01	gambiae	A. gambiae
A0A1S4HCC1	1	U-01	gambiae	A. gambiae
A0A1S4HCC4	1	U-01	gambiae	A. gambiae
A0A1S4HCC9	1	U-01	gambiae	A. gambiae
A0A1S4HCD0	1	U-01	gambiae	A. gambiae
A0A1S4HCD2	1	U-01	gambiae	A. gambiae
A0A1S4HCD4	1	U-01	gambiae	A. gambiae
A0A1S4HCD5	1	U-01	gambiae	A. gambiae
A0A1S4HCE0	1	U-01	gambiae	A. gambiae
A0A1S4HCE1	1	U-01	gambiae	A. gambiae
A0A1S4HCE2	1	U-01	gambiae	A. gambiae
A0A1S4HCE4	1	U-01	gambiae	A. gambiae
A0A1S4HCE5	1	U-01	gambiae	A. gambiae
A0A1S4HCE7	1	U-01	gambiae	A. gambiae
A0A1S4HCE8	1	U-01	gambiae	A. gambiae
A0A1S4HCF0	1	U-01	gambiae	A. gambiae
A0A1S4HCF1	1	U-01	gambiae	A. gambiae
A0A1S4HCF5	1	U-01	gambiae	A. gambiae
A0A1S4HCF9	1	U-01	gambiae	A. gambiae
A0A1S4HCG3	1	U-01	gambiae	A. gambiae
A0A1S4HCG4	2	U-02	gambiae	A. gambiae
A0A1S4HCG5	1	U-01	gambiae	A. gambiae
A0A1S4HCG7	1	U-01	gambiae	A. gambiae
A0A1S4HCH2	1	U-01	gambiae	A. gambiae
A0A1S4HCH5	1	U-01	gambiae	A. gambiae
A0A1S4HCH9	1	U-01	gambiae	A. gambiae
A0A1S4HCI0	1	U-01	gambiae	A. gambiae
A0A1S4HCI1	1	U-01	gambiae	A. gambiae
A0A1S4HCI4	2	U-02	gambiae	A. gambiae
A0A1S4HCI5	1	U-01	gambiae	A. gambiae
A0A1S4HCI6	2	U-02	gambiae	A. gambiae
A0A1S4HCI7	1	U-01	gambiae	A. gambiae
A0A1S4HCI9	1	U-01	gambiae	A. gambiae
A0A1S4HCJ1	1	U-01	gambiae	A. gambiae
A0A1S4HCJ2	1	U-01	gambiae	A. gambiae
A0A1S4HCJ4	1	U-01	gambiae	A. gambiae
A0A1S4HCK4	2	U-02	gambiae	A. gambiae
A0A1S4HCK5	1	U-01	gambiae	A. gambiae
A0A1S4HCK9	0	unassigned	gambiae	A. gambiae
A0A1S4HCL0	1	U-01	gambiae	A. gambiae
A0A1S4HCL1	1	U-01	gambiae	A. gambiae
A0A1S4HCL2	1	U-01	gambiae	A. gambiae
A0A1S4HCL4	1	U-01	gambiae	A. gambiae
A0A1S4HCL5	1	U-01	gambiae	A. gambiae
A0A1S4HCL6	1	U-01	gambiae	A. gambiae
A0A1S4HCM1	1	U-01	gambiae	A. gambiae
A0A1S4HCM5	2	U-02	gambiae	A. gambiae
A0A1S4HCN0	0	unassigned	gambiae	A. gambiae
A0A1S4HCN1	1	U-01	gambiae	A. gambiae
A0A1S4HCN2	1	U-01	gambiae	A. gambiae
A0A1S4HCN5	1	U-01	gambiae	A. gambiae
A0A1S4HCN6	2	U-02	gambiae	A. gambiae
A0A1S4HCN9	1	U-01	gambiae	A. gambiae
A0A1S4HCP0	1	U-01	gambiae	A. gambiae
A0A1S4HCP1	1	U-01	gambiae	A. gambiae
A0A1S4HCP4	1	U-01	gambiae	A. gambiae
A0A1S4HCP5	1	U-01	gambiae	A. gambiae
A0A1S4HCQ3	1	U-01	gambiae	A. gambiae
A0A1S4HCQ4	1	U-01	gambiae	A. gambiae
A0A1S4HCQ5	1	U-01	gambiae	A. gambiae
A0A1S4HCR1	1	U-01	gambiae	A. gambiae
A0A1S4HCR3	1	U-01	gambiae	A. gambiae
A0A1S4HCR4	2	U-02	gambiae	A. gambiae
A0A1S4HCR7	0	unassigned	gambiae	A. gambiae
A0A1S4HCS1	1	U-01	gambiae	A. gambiae
A0A1S4HCS2	1	U-01	gambiae	A. gambiae
A0A1S4HCS6	1	U-01	gambiae	A. gambiae
A0A1S4HCT0	2	U-02	gambiae	A. gambiae
A0A1S4HCT1	1	U-01	gambiae	A. gambiae
A0A1S4HCT2	1	U-01	gambiae	A. gambiae
A0A1S4HCT5	2	U-02	gambiae	A. gambiae
A0A1S4HCT6	1	U-01	gambiae	A. gambiae
A0A1S4HCU1	1	U-01	gambiae	A. gambiae
A0A1S4HCU2	1	U-01	gambiae	A. gambiae
A0A1S4HCU5	1	U-01	gambiae	A. gambiae
A0A1S4HCU6	1	U-01	gambiae	A. gambiae
A0A1S4HCV1	0	unassigned	gambiae	A. gambiae
A0A1S4HCV4	1	U-01	gambiae	A. gambiae
A0A1S4HCV5	1	U-01	gambiae	A. gambiae
A0A453YTL6	1	U-01	gambiae	A. gambiae
A0A453YTW6	1	U-01	gambiae	A. gambiae
A0A453YTY7	1	U-01	gambiae	A. gambiae
A0A453YTZ8	1	U-01	gambiae	A. gambiae
Q7QJN3	1	U-01	gambiae	A. gambiae
Q7QJN5	1	U-01	gambiae	A. gambiae
Q7QJP1	1	U-01	gambiae	A. gambiae
Q7QJP7	1	U-01	gambiae	A. gambiae
Q7QJQ0	1	U-01	gambiae	A. gambiae
Q7QJQ1	2	U-02	gambiae	A. gambiae
Q7QJQ8	1	U-01	gambiae	A. gambiae
Q7QJR4	1	U-01	gambiae	A. gambiae
Q7QJS2	1	U-01	gambiae	A. gambiae
Q7QJS3	1	U-01	gambiae	A. gambiae
Q7QJS9	0	unassigned	gambiae	A. gambiae
Q7QJT3	1	U-01	gambiae	A. gambiae
Q7QJT6	1	U-01	gambiae	A. gambiae
Q7QJT7	1	U-01	gambiae	A. gambiae
Q7QJU7	1	U-01	gambiae	A. gambiae
Q7QJU8	2	U-02	gambiae	A. gambiae
Q7QJV3	1	U-01	gambiae	A. gambiae
Q7QJW3	1	U-01	gambiae	A. gambiae
Q7QJW5	2	U-02	gambiae	A. gambiae
Q7QJX5	1	U-01	gambiae	A. gambiae
Q7QJZ8	1	U-01	gambiae	A. gambiae
Q7QJZ9	1	U-01	gambiae	A. gambiae
Q7QK02	2	U-02	gambiae	A. gambiae
Q7QK18	1	U-01	gambiae	A. gambiae
Q7QK37	1	U-01	gambiae	A. gambiae
Q7QK38	1	U-01	gambiae	A. gambiae
Q7QK44	0	unassigned	gambiae	A. gambiae
Q7QK61	1	U-01	gambiae	A. gambiae
Q7QK66	1	U-01	gambiae	A. gambiae
Q7QK78	1	U-01	gambiae	A. gambiae
Q7QK84	1	U-01	gambiae	A. gambiae
Q7QK89	1	U-01	gambiae	A. gambiae
Q7QK90	1	U-01	gambiae	A. gambiae
Q7QK96	1	U-01	gambiae	A. gambiae
Q7QKA5	1	U-01	gambiae	A. gambiae
Q7QKC6	1	U-01	gambiae	A. gambiae
Q7QKC7	1	U-01	gambiae	A. gambiae
Q7QKD1	1	U-01	gambiae	A. gambiae
Q7QKD3	1	U-01	gambiae	A. gambiae
Q7QKD5	1	U-01	gambiae	A. gambiae
Q7QKE0	1	U-01	gambiae	A. gambiae
Q7QKE1	1	U-01	gambiae	A. gambiae
Q7QKE2	1	U-01	gambiae	A. gambiae
Q7QKE3	1	U-01	gambiae	A. gambiae
Q7QKE4	1	U-01	gambiae	A. gambiae
Q7QKE8	1	U-01	gambiae	A. gambiae
Q7QKF0	1	U-01	gambiae	A. gambiae
Q7QKH1	1	U-01	gambiae	A. gambiae
Q7QKH4	1	U-01	gambiae	A. gambiae
Q7QKH5	1	U-01	gambiae	A. gambiae
Q7QKH9	1	U-01	gambiae	A. gambiae
Q7QKJ7	1	U-01	gambiae	A. gambiae
Q7QKK0	2	U-02	gambiae	A. gambiae
Q7QKK1	1	U-01	gambiae	A. gambiae
Q7QKK6	1	U-01	gambiae	A. gambiae
Q7QKM3	1	U-01	gambiae	A. gambiae
Q7QKM6	1	U-01	gambiae	A. gambiae
Q7QKP9	1	U-01	gambiae	A. gambiae
Q7QKQ1	1	U-01	gambiae	A. gambiae
Q7QKQ7	1	U-01	gambiae	A. gambiae
Q7QKR1	1	U-01	gambiae	A. gambiae
Q7QKR6	1	U-01	gambiae	A. gambiae
Q7QKR8	0	unassigned	gambiae	A. gambiae
Q7QKT2	1	U-01	gambiae	A. gambiae
Q7QKT3	2	U-02	gambiae	A. gambiae
Q7QKT9	1	U-01	gambiae	A. gambiae
Q7QKV3	1	U-01	gambiae	A. gambiae
Q7QKW4	2	U-02	gambiae	A. gambiae
Q7QKZ8	1	U-01	gambiae	A. gambiae
Q7QL02	1	U-01	gambiae	A. gambiae
Q7QL16	1	U-01	gambiae	A. gambiae
Q7QL18	1	U-01	gambiae	A. gambiae
Q7QL27	1	U-01	gambiae	A. gambiae
Q7QL29	1	U-01	gambiae	A. gambiae
Q7QL30	1	U-01	gambiae	A. gambiae
Q7QL35	1	U-01	gambiae	A. gambiae
A0A1S4GXA1	2	U-02	gambiae	A. gambiae
A0A1S4GXI4	2	U-02	gambiae	A. gambiae
A0A1S4GXJ0	1	U-01	gambiae	A. gambiae
A0A1S4GXJ2	1	U-01	gambiae	A. gambiae
A0A1S4GXQ2	1	U-01	gambiae	A. gambiae
A0A1S4GXQ6	2	U-02	gambiae	A. gambiae
A0A1S4GXT7	2	U-02	gambiae	A. gambiae
A0A1S4GXW1	1	U-01	gambiae	A. gambiae
A0A1S4GXX1	1	U-01	gambiae	A. gambiae
A0A1S4GXY0	1	U-01	gambiae	A. gambiae
A0A1S4GXZ1	1	U-01	gambiae	A. gambiae
A0A1S4GY37	1	U-01	gambiae	A. gambiae
A0A1S4GYA0	1	U-01	gambiae	A. gambiae
A0A1S4GYE3	1	U-01	gambiae	A. gambiae
A0A1S4GYG3	1	U-01	gambiae	A. gambiae
A0A1S4GYH9	2	U-02	gambiae	A. gambiae
A0A1S4GYJ6	2	U-02	gambiae	A. gambiae
A0A1S4GYK0	1	U-01	gambiae	A. gambiae
A0A1S4GYQ2	1	U-01	gambiae	A. gambiae
A0A1S4GYQ9	1	U-01	gambiae	A. gambiae
A0A1S4GYR0	2	U-02	gambiae	A. gambiae
A0A1S4GYS4	1	U-01	gambiae	A. gambiae
A0A1S4GYS9	1	U-01	gambiae	A. gambiae
A0A1S4GYZ1	2	U-02	gambiae	A. gambiae
Q5TYJ0	2	U-02	gambiae	A. gambiae
Q5TYJ2	1	U-01	gambiae	A. gambiae
Q6VVG9	2	U-02	gambiae	A. gambiae
Q6VVH1	2	U-02	gambiae	A. gambiae
Q7PCM5	1	U-01	gambiae	A. gambiae
Q7PCM8	1	U-01	gambiae	A. gambiae
Q7PCP9	1	U-01	gambiae	A. gambiae
Q7PCS8	1	U-01	gambiae	A. gambiae
Q7PCS9	1	U-01	gambiae	A. gambiae
Q7PCU7	1	U-01	gambiae	A. gambiae
Q7PCV3	1	U-01	gambiae	A. gambiae
Q7PCZ5	1	U-01	gambiae	A. gambiae
Q7PD02	1	U-01	gambiae	A. gambiae
Q7PD18	1	U-01	gambiae	A. gambiae
Q7PD33	1	U-01	gambiae	A. gambiae
Q7PD38	1	U-01	gambiae	A. gambiae
Q7PD92	2	U-02	gambiae	A. gambiae
Q7PDC9	1	U-01	gambiae	A. gambiae
Q7PDE6	1	U-01	gambiae	A. gambiae
Q7PDW4	1	U-01	gambiae	A. gambiae
Q7PDZ9	0	unassigned	gambiae	A. gambiae
Q7PE12	1	U-01	gambiae	A. gambiae
Q7PEC3	2	U-02	gambiae	A. gambiae
Q7PEU8	1	U-01	gambiae	A. gambiae
Q7PEU9	1	U-01	gambiae	A. gambiae
Q7PEV0	1	U-01	gambiae	A. gambiae
Q7PEY1	1	U-01	gambiae	A. gambiae
Q7PEZ0	0	unassigned	gambiae	A. gambiae
Q7PEZ2	0	unassigned	gambiae	A. gambiae
Q7PEZ3	1	U-01	gambiae	A. gambiae
Q7PEZ6	1	U-01	gambiae	A. gambiae
Q7PF06	1	U-01	gambiae	A. gambiae
Q7PF18	1	U-01	gambiae	A. gambiae
Q7PF19	1	U-01	gambiae	A. gambiae
Q7PF35	1	U-01	gambiae	A. gambiae
Q7PF36	1	U-01	gambiae	A. gambiae
Q7PF37	1	U-01	gambiae	A. gambiae
Q7PF38	1	U-01	gambiae	A. gambiae
Q7PF39	1	U-01	gambiae	A. gambiae
Q7PF55	1	U-01	gambiae	A. gambiae
Q7PF74	1	U-01	gambiae	A. gambiae
Q7PF94	2	U-02	gambiae	A. gambiae
Q7PFA8	1	U-01	gambiae	A. gambiae
Q7PFA9	1	U-01	gambiae	A. gambiae
Q7PFC5	2	U-02	gambiae	A. gambiae
Q7PFE7	1	U-01	gambiae	A. gambiae
Q7PFG3	1	U-01	gambiae	A. gambiae
Q7PFH7	1	U-01	gambiae	A. gambiae
Q7PFM9	1	U-01	gambiae	A. gambiae
Q7PFN4	1	U-01	gambiae	A. gambiae
Q7PFQ6	1	U-01	gambiae	A. gambiae
Q7PFR8	1	U-01	gambiae	A. gambiae
Q7PFR9	1	U-01	gambiae	A. gambiae
Q7PFS4	2	U-02	gambiae	A. gambiae
Q7PFS5	2	U-02	gambiae	A. gambiae
Q7PFS7	2	U-02	gambiae	A. gambiae
Q7PFT8	2	U-02	gambiae	A. gambiae
Q7PG41	1	U-01	gambiae	A. gambiae
Q7PG49	2	U-02	gambiae	A. gambiae
Q7PYT4	2	U-02	gambiae	A. gambiae
Q7PYT6	1	U-01	gambiae	A. gambiae
Q7PYT8	1	U-01	gambiae	A. gambiae
Q7PYU2	1	U-01	gambiae	A. gambiae
Q7PYU6	1	U-01	gambiae	A. gambiae
Q7PYU9	1	U-01	gambiae	A. gambiae
Q7PYV1	1	U-01	gambiae	A. gambiae
Q7PYV2	1	U-01	gambiae	A. gambiae
Q7PYV3	1	U-01	gambiae	A. gambiae
Q7PYV4	1	U-01	gambiae	A. gambiae
Q7PYX5	1	U-01	gambiae	A. gambiae
Q7PYY3	1	U-01	gambiae	A. gambiae
Q7PYY6	1	U-01	gambiae	A. gambiae
Q7PYZ5	1	U-01	gambiae	A. gambiae
Q7PZ04	1	U-01	gambiae	A. gambiae
Q7PZ11	1	U-01	gambiae	A. gambiae
Q7PZ24	1	U-01	gambiae	A. gambiae
Q7PZ31	2	U-02	gambiae	A. gambiae
Q7PZ37	1	U-01	gambiae	A. gambiae
Q7PZ39	1	U-01	gambiae	A. gambiae
Q7PZ51	1	U-01	gambiae	A. gambiae
Q7PZ52	1	U-01	gambiae	A. gambiae
Q7PZ58	1	U-01	gambiae	A. gambiae
Q7PZ66	1	U-01	gambiae	A. gambiae
Q7PZ71	1	U-01	gambiae	A. gambiae
Q7PZ72	1	U-01	gambiae	A. gambiae
Q7PZ75	2	U-02	gambiae	A. gambiae
Q7PZ76	1	U-01	gambiae	A. gambiae
Q7PZ81	1	U-01	gambiae	A. gambiae
Q7PZ84	2	U-02	gambiae	A. gambiae
Q7PZ85	2	U-02	gambiae	A. gambiae
Q7PZ86	2	U-02	gambiae	A. gambiae
Q7PZ94	1	U-01	gambiae	A. gambiae
Q7PZ95	1	U-01	gambiae	A. gambiae
Q7PZA0	1	U-01	gambiae	A. gambiae
Q7PZA6	1	U-01	gambiae	A. gambiae
Q7PZA9	1	U-01	gambiae	A. gambiae
Q7PZB1	1	U-01	gambiae	A. gambiae
Q7PZB4	1	U-01	gambiae	A. gambiae
Q7PZB8	1	U-01	gambiae	A. gambiae
Q7PZC0	1	U-01	gambiae	A. gambiae
A0A1S4H7K8	1	U-01	gambiae	A. gambiae
A0A1S4H7L3	2	U-02	gambiae	A. gambiae
A0A1S4H7L9	0	unassigned	gambiae	A. gambiae
A0A1S4H7M0	1	U-01	gambiae	A. gambiae
A0A1S4H7N1	1	U-01	gambiae	A. gambiae
A0A1S4H7N2	1	U-01	gambiae	A. gambiae
A0A1S4H7N7	2	U-02	gambiae	A. gambiae
A0A1S4H7P4	0	unassigned	gambiae	A. gambiae
A0A1S4H7Q0	1	U-01	gambiae	A. gambiae
A0A1S4H7Q1	1	U-01	gambiae	A. gambiae
A0A1S4H7Q5	1	U-01	gambiae	A. gambiae
A0A1S4H7Q6	1	U-01	gambiae	A. gambiae
A0A1S4H7Q9	1	U-01	gambiae	A. gambiae
A0A1S4H7R1	1	U-01	gambiae	A. gambiae
A0A1S4H7R4	1	U-01	gambiae	A. gambiae
A0A1S4H7S1	1	U-01	gambiae	A. gambiae
A0A1S4H7S5	1	U-01	gambiae	A. gambiae
A0A1S4H7S7	1	U-01	gambiae	A. gambiae
A0A1S4H7S8	2	U-02	gambiae	A. gambiae
A0A1S4H7T5	1	U-01	gambiae	A. gambiae
A0A1S4H7T7	1	U-01	gambiae	A. gambiae
A0A1S4H7U2	1	U-01	gambiae	A. gambiae
A0A1S4H7U4	1	U-01	gambiae	A. gambiae
A0A1S4H7U7	1	U-01	gambiae	A. gambiae
A0A1S4H7V0	1	U-01	gambiae	A. gambiae
A0A1S4H7V2	1	U-01	gambiae	A. gambiae
A0A1S4H7V6	1	U-01	gambiae	A. gambiae
A0A1S4H7V9	2	U-02	gambiae	A. gambiae
A0A1S4H7W0	1	U-01	gambiae	A. gambiae
A0A1S4H7W2	0	unassigned	gambiae	A. gambiae
A0A1S4H7W8	1	U-01	gambiae	A. gambiae
A0A1S4H7X2	0	unassigned	gambiae	A. gambiae
A0A1S4H7X8	2	U-02	gambiae	A. gambiae
A0A1S4H7X9	1	U-01	gambiae	A. gambiae
A0A1S4H7Y0	1	U-01	gambiae	A. gambiae
A0A1S4H7Y7	1	U-01	gambiae	A. gambiae
A0A1S4H7Y9	0	unassigned	gambiae	A. gambiae
A0A1S4H7Z1	2	U-02	gambiae	A. gambiae
A0A1S4H7Z3	1	U-01	gambiae	A. gambiae
A0A1S4H7Z5	1	U-01	gambiae	A. gambiae
A0A1S4H7Z9	1	U-01	gambiae	A. gambiae
A0A1S4H804	1	U-01	gambiae	A. gambiae
A0A1S4H810	1	U-01	gambiae	A. gambiae
A0A1S4H812	2	U-02	gambiae	A. gambiae
A0A1S4H814	1	U-01	gambiae	A. gambiae
A0A1S4H826	1	U-01	gambiae	A. gambiae
A0A1S4H829	1	U-01	gambiae	A. gambiae
A0A1S4H830	2	U-02	gambiae	A. gambiae
A0A1S4H831	1	U-01	gambiae	A. gambiae
A0A1S4H834	1	U-01	gambiae	A. gambiae
A0A1S4H835	1	U-01	gambiae	A. gambiae
A0A1S4H839	1	U-01	gambiae	A. gambiae
A0A1S4H840	1	U-01	gambiae	A. gambiae
A0A1S4H842	1	U-01	gambiae	A. gambiae
A0A1S4H843	1	U-01	gambiae	A. gambiae
A0A1S4H846	1	U-01	gambiae	A. gambiae
A0A1S4HFD8	2	U-02	gambiae	A. gambiae
A0A1S4HFE3	2	U-02	gambiae	A. gambiae
A0A1S4HFE6	2	U-02	gambiae	A. gambiae
A0A1S4HFG4	2	U-02	gambiae	A. gambiae
A0A1S4HFH3	1	U-01	gambiae	A. gambiae
A0A1S4HFH8	2	U-02	gambiae	A. gambiae
A0A1S4HFJ4	2	U-02	gambiae	A. gambiae
A0A1U7F4W2	2	U-02	gambiae	A. gambiae
A0A1W5C932	1	U-01	gambiae	A. gambiae
A0A1W5C9A3	2	U-02	gambiae	A. gambiae
A0A1W5CAG3	1	U-01	gambiae	A. gambiae
A0A1Y9IFX9	1	U-01	gambiae	A. gambiae
A0A1Y9IFZ4	1	U-01	gambiae	A. gambiae
A0A1Y9IG04	1	U-01	gambiae	A. gambiae
A0A1Y9IGT0	1	U-01	gambiae	A. gambiae
A0A1Y9IGT6	1	U-01	gambiae	A. gambiae
A0A1Y9IGV0	2	U-02	gambiae	A. gambiae
A0A1Y9IHH3	1	U-01	gambiae	A. gambiae
A0A1Y9IHH5	1	U-01	gambiae	A. gambiae
A0A1Y9IHI2	1	U-01	gambiae	A. gambiae
A0A1Y9IHI9	2	U-02	gambiae	A. gambiae
A0A1Y9IHP1	1	U-01	gambiae	A. gambiae
A0A1Y9IHP5	1	U-01	gambiae	A. gambiae
A0A1Y9IHQ2	1	U-01	gambiae	A. gambiae
A0A1Y9IHT1	1	U-01	gambiae	A. gambiae
A0A1Y9IHT6	1	U-01	gambiae	A. gambiae
A0A240PKX9	1	U-01	gambiae	A. gambiae
A0A240PKY4	1	U-01	gambiae	A. gambiae
A0A240PLR6	1	U-01	gambiae	A. gambiae
A0A240PMZ9	0	unassigned	gambiae	A. gambiae
A0A240PQM7	1	U-01	gambiae	A. gambiae
A0A2C9H3Q5	1	U-01	gambiae	A. gambiae
A0A2C9H3Q7	0	unassigned	gambiae	A. gambiae
A0A2C9H3Q8	0	unassigned	gambiae	A. gambiae
A0A2C9H3R0	1	U-01	gambiae	A. gambiae
A0A2C9H3R1	0	unassigned	gambiae	A. gambiae
A0A2C9H3R3	1	U-01	gambiae	A. gambiae
A0A2C9H3R5	1	U-01	gambiae	A. gambiae
A0A2C9H3R6	1	U-01	gambiae	A. gambiae
A0A2C9H3R8	1	U-01	gambiae	A. gambiae
A0A2C9H3S1	1	U-01	gambiae	A. gambiae
A0A2C9H3S4	1	U-01	gambiae	A. gambiae
A0A2C9H3S5	1	U-01	gambiae	A. gambiae
A0A2C9H3S6	1	U-01	gambiae	A. gambiae
A0A1S4GZM7	1	U-01	gambiae	A. gambiae
A0A1S4GZN5	1	U-01	gambiae	A. gambiae
A0A1S4GZN7	1	U-01	gambiae	A. gambiae
A0A1S4GZN9	1	U-01	gambiae	A. gambiae
A0A1S4GZP2	1	U-01	gambiae	A. gambiae
A0A1S4GZP5	1	U-01	gambiae	A. gambiae
A0A1S4GZP9	2	U-02	gambiae	A. gambiae
A0A1S4GZQ4	1	U-01	gambiae	A. gambiae
A0A1S4GZQ7	1	U-01	gambiae	A. gambiae
A0A1S4GZR6	1	U-01	gambiae	A. gambiae
A0A1S4GZS0	1	U-01	gambiae	A. gambiae
A0A1S4GZS2	2	U-02	gambiae	A. gambiae
A0A1S4GZS4	1	U-01	gambiae	A. gambiae
A0A1S4GZS5	1	U-01	gambiae	A. gambiae
A0A1S4GZT4	1	U-01	gambiae	A. gambiae
A0A1S4GZT6	1	U-01	gambiae	A. gambiae
A0A1S4GZT7	1	U-01	gambiae	A. gambiae
A0A1S4GZU9	1	U-01	gambiae	A. gambiae
A0A1S4GZV0	1	U-01	gambiae	A. gambiae
A0A1S4GZV2	2	U-02	gambiae	A. gambiae
A0A1S4GZV4	1	U-01	gambiae	A. gambiae
A0A1S4GZW5	2	U-02	gambiae	A. gambiae
A0A1S4GZX3	1	U-01	gambiae	A. gambiae
A0A1S4GZX6	1	U-01	gambiae	A. gambiae
A0A1S4GZX9	1	U-01	gambiae	A. gambiae
A0A1S4GZY0	1	U-01	gambiae	A. gambiae
A0A1S4GZY5	1	U-01	gambiae	A. gambiae
A0A1S4GZY6	2	U-02	gambiae	A. gambiae
A0A1S4GZY7	1	U-01	gambiae	A. gambiae
A0A1S4GZY9	1	U-01	gambiae	A. gambiae
A0A1S4H002	1	U-01	gambiae	A. gambiae
A0A1S4H007	1	U-01	gambiae	A. gambiae
A0A1S4H009	2	U-02	gambiae	A. gambiae
A0A1S4H010	1	U-01	gambiae	A. gambiae
A0A1S4H013	1	U-01	gambiae	A. gambiae
A0A1S4H014	1	U-01	gambiae	A. gambiae
A0A1S4H018	1	U-01	gambiae	A. gambiae
A0A1S4H022	1	U-01	gambiae	A. gambiae
Q7QK98	1	U-01	gambiae	A. gambiae
Q7QKB3	1	U-01	gambiae	A. gambiae
Q7QKF5	1	U-01	gambiae	A. gambiae
Q7QKF6	1	U-01	gambiae	A. gambiae
Q7QKL3	2	U-02	gambiae	A. gambiae
Q7QLH1	1	U-01	gambiae	A. gambiae
Q94999	0	unassigned	gambiae	A. gambiae
Q9UB30	2	U-02	gambiae	A. gambiae
Q9UB31	2	U-02	gambiae	A. gambiae
A0A0E3W271	1	U-01	gambiae	A. gambiae
A0A0E3W296	1	U-01	gambiae	A. gambiae
A0A0E3W2A3	1	U-01	gambiae	A. gambiae
A0A0E4C7A5	1	U-01	gambiae	A. gambiae
A0A0E4G8D3	1	U-01	gambiae	A. gambiae
A0A0E4G8F0	1	U-01	gambiae	A. gambiae
A0A1S4G7R3	1	U-01	gambiae	A. gambiae
A0A1S4G7T8	1	U-01	gambiae	A. gambiae
A0A1S4G7V6	1	U-01	gambiae	A. gambiae
A0A1S4G836	1	U-01	gambiae	A. gambiae
A0A1S4G838	1	U-01	gambiae	A. gambiae
A0A1S4G842	0	unassigned	gambiae	A. gambiae
A0A1S4G851	1	U-01	gambiae	A. gambiae
A0A1S4G855	2	U-02	gambiae	A. gambiae
A0A1S4G856	1	U-01	gambiae	A. gambiae
A0A1S4G859	2	U-02	gambiae	A. gambiae
A0A1S4G861	1	U-01	gambiae	A. gambiae
A0A1S4G897	1	U-01	gambiae	A. gambiae
A0A1S4G8A0	1	U-01	gambiae	A. gambiae
A0A1S4G8A2	1	U-01	gambiae	A. gambiae
A0A1S4G8B4	1	U-01	gambiae	A. gambiae
A0A1S4G8B6	1	U-01	gambiae	A. gambiae
A0A1S4G8B8	2	U-02	gambiae	A. gambiae
A0A1S4G8D3	1	U-01	gambiae	A. gambiae
A0A1S4G8D5	1	U-01	gambiae	A. gambiae
A0A1S4G8F0	2	U-02	gambiae	A. gambiae
A0A1S4G8F3	2	U-02	gambiae	A. gambiae
A0A1S4G8F5	1	U-01	gambiae	A. gambiae
A0A1S4G8G9	1	U-01	gambiae	A. gambiae
A0A1S4G8I5	1	U-01	gambiae	A. gambiae
A0A1S4G8I7	1	U-01	gambiae	A. gambiae
A0A1S4G8J3	2	U-02	gambiae	A. gambiae
A0A1S4G8K6	1	U-01	gambiae	A. gambiae
A0A1S4G8K8	1	U-01	gambiae	A. gambiae
A0A1S4G8L9	1	U-01	gambiae	A. gambiae
A0A1S4G8N1	1	U-01	gambiae	A. gambiae
A0A1S4G8N6	2	U-02	gambiae	A. gambiae
A0A1S4G8N7	2	U-02	gambiae	A. gambiae
A0A1S4G8P0	2	U-02	gambiae	A. gambiae
A0A1S4G8Q5	1	U-01	gambiae	A. gambiae
A0A1S4G8Q8	2	U-02	gambiae	A. gambiae
A0A1S4G8R2	1	U-01	gambiae	A. gambiae
A0A1S4G8S0	1	U-01	gambiae	A. gambiae
A0A1S4G8S5	1	U-01	gambiae	A. gambiae
A0A1S4G8T3	1	U-01	gambiae	A. gambiae
A0A1S4G8V8	1	U-01	gambiae	A. gambiae
A0A1S4G8Y4	1	U-01	gambiae	A. gambiae
A0A1S4G8Y9	2	U-02	gambiae	A. gambiae
A0A1S4G8Z4	1	U-01	gambiae	A. gambiae
A0A1S4G902	1	U-01	gambiae	A. gambiae
A0A1S4G913	1	U-01	gambiae	A. gambiae
A0A1S4G947	1	U-01	gambiae	A. gambiae
A0A1S4G977	1	U-01	gambiae	A. gambiae
A0A1S4G982	1	U-01	gambiae	A. gambiae
A0A1S4G985	2	U-02	gambiae	A. gambiae
A0A1S4G986	1	U-01	gambiae	A. gambiae
A0A1S4G989	2	U-02	gambiae	A. gambiae
A0A1S4G995	1	U-01	gambiae	A. gambiae
A0A1S4G9A5	1	U-01	gambiae	A. gambiae
A0A1S4G9A9	1	U-01	gambiae	A. gambiae
A0A1S4G9C1	1	U-01	gambiae	A. gambiae
A0A1S4G9E4	1	U-01	gambiae	A. gambiae
A0A1S4G9E9	1	U-01	gambiae	A. gambiae
A0A1S4G9F3	1	U-01	gambiae	A. gambiae
A0A1S4G9G5	1	U-01	gambiae	A. gambiae
A0A1S4G9G8	1	U-01	gambiae	A. gambiae
A0A1S4G9H2	1	U-01	gambiae	A. gambiae
A0A1S4G9H4	1	U-01	gambiae	A. gambiae
A0A1S4G9H9	1	U-01	gambiae	A. gambiae
A0A1S4G9L3	1	U-01	gambiae	A. gambiae
A0A1S4G9N3	1	U-01	gambiae	A. gambiae
A0A1S4G9P8	1	U-01	gambiae	A. gambiae
A0A1S4G9Q5	1	U-01	gambiae	A. gambiae
A0A1S4G9R2	1	U-01	gambiae	A. gambiae
A0A1S4G9S9	1	U-01	gambiae	A. gambiae
A0A1S4G9T1	0	unassigned	gambiae	A. gambiae
A0A1S4G9T4	1	U-01	gambiae	A. gambiae
A0A1S4G9T6	1	U-01	gambiae	A. gambiae
A0A1S4G9V4	1	U-01	gambiae	A. gambiae
A0A1S4G9X1	2	U-02	gambiae	A. gambiae
A0A1S4G9X8	1	U-01	gambiae	A. gambiae
A0A1S4GDU7	1	U-01	gambiae	A. gambiae
A0A1S4GDV1	1	U-01	gambiae	A. gambiae
A0A1S4GDV2	1	U-01	gambiae	A. gambiae
A0A1S4GDV6	1	U-01	gambiae	A. gambiae
A0A1S4GDY1	1	U-01	gambiae	A. gambiae
A0A1S4GDZ3	2	U-02	gambiae	A. gambiae
A0A1S4GDZ4	2	U-02	gambiae	A. gambiae
A0A1S4GDZ8	2	U-02	gambiae	A. gambiae
A0A1S4GE00	1	U-01	gambiae	A. gambiae
A0A1S4GE07	2	U-02	gambiae	A. gambiae
Q7Q8L3	1	U-01	gambiae	A. gambiae
Q7Q8M7	1	U-01	gambiae	A. gambiae
Q7Q8P2	1	U-01	gambiae	A. gambiae
Q7Q8R2	1	U-01	gambiae	A. gambiae
Q7Q8R3	2	U-02	gambiae	A. gambiae
Q7Q8R5	2	U-02	gambiae	A. gambiae
Q7Q8R6	2	U-02	gambiae	A. gambiae
Q7Q8R8	2	U-02	gambiae	A. gambiae
Q7Q8S2	1	U-01	gambiae	A. gambiae
Q7Q8S3	1	U-01	gambiae	A. gambiae
Q7Q8S5	1	U-01	gambiae	A. gambiae
Q7Q8T1	1	U-01	gambiae	A. gambiae
Q7Q8U0	1	U-01	gambiae	A. gambiae
Q7Q8W2	0	unassigned	gambiae	A. gambiae
Q7Q8W6	1	U-01	gambiae	A. gambiae
Q7Q8X8	1	U-01	gambiae	A. gambiae
Q7Q945	1	U-01	gambiae	A. gambiae
Q7Q952	1	U-01	gambiae	A. gambiae
Q7Q953	2	U-02	gambiae	A. gambiae
Q7Q954	1	U-01	gambiae	A. gambiae
Q7Q957	1	U-01	gambiae	A. gambiae
Q7Q972	1	U-01	gambiae	A. gambiae
Q7Q974	1	U-01	gambiae	A. gambiae
Q7Q981	1	U-01	gambiae	A. gambiae
Q7Q985	1	U-01	gambiae	A. gambiae
Q7Q9A8	1	U-01	gambiae	A. gambiae
Q7Q9B1	1	U-01	gambiae	A. gambiae
Q7Q9B4	1	U-01	gambiae	A. gambiae
Q7Q9C1	1	U-01	gambiae	A. gambiae
Q7Q9E3	1	U-01	gambiae	A. gambiae
Q7Q9E5	1	U-01	gambiae	A. gambiae
Q7Q9F4	1	U-01	gambiae	A. gambiae
Q7Q9F6	1	U-01	gambiae	A. gambiae
Q7Q9F7	1	U-01	gambiae	A. gambiae
Q7Q9G1	1	U-01	gambiae	A. gambiae
Q7Q9G5	1	U-01	gambiae	A. gambiae
Q7Q9G7	1	U-01	gambiae	A. gambiae
Q7Q9H3	1	U-01	gambiae	A. gambiae
Q7Q9H8	1	U-01	gambiae	A. gambiae
Q7Q9H9	1	U-01	gambiae	A. gambiae
Q7Q9I0	1	U-01	gambiae	A. gambiae
Q7Q9I3	1	U-01	gambiae	A. gambiae
Q7Q9I4	1	U-01	gambiae	A. gambiae
Q7Q9I7	1	U-01	gambiae	A. gambiae
Q7Q9J1	1	U-01	gambiae	A. gambiae
Q7Q9J7	1	U-01	gambiae	A. gambiae
Q7Q9K0	1	U-01	gambiae	A. gambiae
Q7Q9K3	1	U-01	gambiae	A. gambiae
Q7Q9K4	1	U-01	gambiae	A. gambiae
Q7Q9L1	1	U-01	gambiae	A. gambiae
Q7Q9L2	1	U-01	gambiae	A. gambiae
Q7Q9L3	2	U-02	gambiae	A. gambiae
Q7Q9L4	1	U-01	gambiae	A. gambiae
Q7Q9L7	1	U-01	gambiae	A. gambiae
Q7Q9M1	1	U-01	gambiae	A. gambiae
Q7Q9M2	1	U-01	gambiae	A. gambiae
Q7Q9M8	1	U-01	gambiae	A. gambiae
Q7Q9N2	1	U-01	gambiae	A. gambiae
Q7Q9N4	1	U-01	gambiae	A. gambiae
Q7Q9N8	1	U-01	gambiae	A. gambiae
Q7Q9P4	1	U-01	gambiae	A. gambiae
Q7Q9Q1	1	U-01	gambiae	A. gambiae
Q7Q9Q5	2	U-02	gambiae	A. gambiae
Q7Q9Q6	1	U-01	gambiae	A. gambiae
Q7Q9Q7	1	U-01	gambiae	A. gambiae
Q7Q9Q8	1	U-01	gambiae	A. gambiae
Q7Q9R1	1	U-01	gambiae	A. gambiae
Q7Q9S3	1	U-01	gambiae	A. gambiae
Q7Q9S6	2	U-02	gambiae	A. gambiae
Q7Q9S7	2	U-02	gambiae	A. gambiae
Q7Q9T0	1	U-01	gambiae	A. gambiae
Q7Q9T3	1	U-01	gambiae	A. gambiae
Q7Q9T5	1	U-01	gambiae	A. gambiae
Q7QEA8	1	U-01	gambiae	A. gambiae
Q7QEB0	1	U-01	gambiae	A. gambiae
Q7QEB3	1	U-01	gambiae	A. gambiae
Q7QEB4	1	U-01	gambiae	A. gambiae
Q7QEB5	1	U-01	gambiae	A. gambiae
Q7QEC0	1	U-01	gambiae	A. gambiae
Q7QEF5	1	U-01	gambiae	A. gambiae
Q7QEG0	1	U-01	gambiae	A. gambiae
Q7QEG1	1	U-01	gambiae	A. gambiae
Q7QEG4	1	U-01	gambiae	A. gambiae
Q7QEH1	1	U-01	gambiae	A. gambiae
Q7QEH4	1	U-01	gambiae	A. gambiae
Q7QEH9	1	U-01	gambiae	A. gambiae
Q7QEI7	1	U-01	gambiae	A. gambiae
Q7QEI8	1	U-01	gambiae	A. gambiae
Q7QEI9	1	U-01	gambiae	A. gambiae
Q7QEJ0	1	U-01	gambiae	A. gambiae
Q7QEJ4	2	U-02	gambiae	A. gambiae
Q7QEJ8	2	U-02	gambiae	A. gambiae
Q7QEK9	2	U-02	gambiae	A. gambiae
Q7QEL4	2	U-02	gambiae	A. gambiae
Q7QEM6	2	U-02	gambiae	A. gambiae
Q7QEN1	1	U-01	gambiae	A. gambiae
Q7QEN2	1	U-01	gambiae	A. gambiae
Q7QEP5	0	unassigned	gambiae	A. gambiae
Q7QEP9	1	U-01	gambiae	A. gambiae
Q7QEQ4	1	U-01	gambiae	A. gambiae
A7USU9	1	U-01	gambiae	A. gambiae
A7USV1	1	U-01	gambiae	A. gambiae
A7USV2	1	U-01	gambiae	A. gambiae
A7USV3	1	U-01	gambiae	A. gambiae
A7USV5	2	U-02	gambiae	A. gambiae
A7USV6	1	U-01	gambiae	A. gambiae
A7USW5	1	U-01	gambiae	A. gambiae
A7USW7	1	U-01	gambiae	A. gambiae
A7USX0	1	U-01	gambiae	A. gambiae
A7USX5	1	U-01	gambiae	A. gambiae
A7USX7	1	U-01	gambiae	A. gambiae
A7USY0	1	U-01	gambiae	A. gambiae
A7USY1	1	U-01	gambiae	A. gambiae
A7USY4	1	U-01	gambiae	A. gambiae
A7USY6	1	U-01	gambiae	A. gambiae
A7USY8	1	U-01	gambiae	A. gambiae
A7USZ0	1	U-01	gambiae	A. gambiae
A7USZ4	1	U-01	gambiae	A. gambiae
A7UT02	1	U-01	gambiae	A. gambiae
A7UT04	1	U-01	gambiae	A. gambiae
A7UT09	1	U-01	gambiae	A. gambiae
A7UT11	1	U-01	gambiae	A. gambiae
A7UT12	0	unassigned	gambiae	A. gambiae
A7UT13	1	U-01	gambiae	A. gambiae
A7UT30	1	U-01	gambiae	A. gambiae
A7UT43	1	U-01	gambiae	A. gambiae
A7UT51	1	U-01	gambiae	A. gambiae
A7UT62	1	U-01	gambiae	A. gambiae
A7UT63	1	U-01	gambiae	A. gambiae
A7UT65	1	U-01	gambiae	A. gambiae
A7UT67	1	U-01	gambiae	A. gambiae
A7UT73	2	U-02	gambiae	A. gambiae
A7UT74	2	U-02	gambiae	A. gambiae
A7UT75	1	U-01	gambiae	A. gambiae
A7UT79	0	unassigned	gambiae	A. gambiae
A7UT84	1	U-01	gambiae	A. gambiae
A7UT85	1	U-01	gambiae	A. gambiae
A7UT93	2	U-02	gambiae	A. gambiae
A7UT94	1	U-01	gambiae	A. gambiae
A7UTA2	2	U-02	gambiae	A. gambiae
A7UTB9	1	U-01	gambiae	A. gambiae
A7UTC3	1	U-01	gambiae	A. gambiae
A7UTC5	1	U-01	gambiae	A. gambiae
A7UTD5	1	U-01	gambiae	A. gambiae
A7UTE3	2	U-02	gambiae	A. gambiae
A7UTE4	1	U-01	gambiae	A. gambiae
A7UTE8	1	U-01	gambiae	A. gambiae
A7UTE9	1	U-01	gambiae	A. gambiae
A7UTF9	1	U-01	gambiae	A. gambiae
A7UTG3	0	unassigned	gambiae	A. gambiae
A7UTG9	1	U-01	gambiae	A. gambiae
A7UTH6	1	U-01	gambiae	A. gambiae
A7UTH9	1	U-01	gambiae	A. gambiae
A7UTI6	1	U-01	gambiae	A. gambiae
A7UTJ1	1	U-01	gambiae	A. gambiae
A7UTJ6	1	U-01	gambiae	A. gambiae
A7UTK1	1	U-01	gambiae	A. gambiae
A7UTK2	1	U-01	gambiae	A. gambiae
A7UTK6	0	unassigned	gambiae	A. gambiae
A7UTK7	1	U-01	gambiae	A. gambiae
A7UTK8	1	U-01	gambiae	A. gambiae
A7UTK9	1	U-01	gambiae	A. gambiae
A7UTL3	1	U-01	gambiae	A. gambiae
A7UTL4	2	U-02	gambiae	A. gambiae
A7UTM5	2	U-02	gambiae	A. gambiae
A7UTM7	1	U-01	gambiae	A. gambiae
F5HMS5	0	unassigned	gambiae	A. gambiae
F5HMS7	1	U-01	gambiae	A. gambiae
F5HMT3	1	U-01	gambiae	A. gambiae
F5HMT4	1	U-01	gambiae	A. gambiae
F5HMT5	1	U-01	gambiae	A. gambiae
F5HMT6	1	U-01	gambiae	A. gambiae
F5HMV0	1	U-01	gambiae	A. gambiae
F5HMV4	1	U-01	gambiae	A. gambiae
F5HMV7	1	U-01	gambiae	A. gambiae
F5HMV8	1	U-01	gambiae	A. gambiae
F5HMW0	1	U-01	gambiae	A. gambiae
F5HMW2	1	U-01	gambiae	A. gambiae
F5HMW3	1	U-01	gambiae	A. gambiae
F5HMW4	1	U-01	gambiae	A. gambiae
F5HMW6	1	U-01	gambiae	A. gambiae
F5HMW7	1	U-01	gambiae	A. gambiae
F5HMW8	1	U-01	gambiae	A. gambiae
F5HMW9	1	U-01	gambiae	A. gambiae
F5HMX2	1	U-01	gambiae	A. gambiae
F5HMX5	2	U-02	gambiae	A. gambiae
F5HMX9	2	U-02	gambiae	A. gambiae
F5HMY4	1	U-01	gambiae	A. gambiae
F5HMY7	1	U-01	gambiae	A. gambiae
F5HMZ1	2	U-02	gambiae	A. gambiae
F5HMZ5	1	U-01	gambiae	A. gambiae
F5HN00	1	U-01	gambiae	A. gambiae
F5HN01	1	U-01	gambiae	A. gambiae
F5HN05	1	U-01	gambiae	A. gambiae
F7IU16	2	U-02	gambiae	A. gambiae
F7IVC5	2	U-02	gambiae	A. gambiae
F7IVN4	2	U-02	gambiae	A. gambiae
G8I2H5	1	U-01	gambiae	A. gambiae
Q17040	2	U-02	gambiae	A. gambiae
Q380A9	1	U-01	gambiae	A. gambiae
Q7Q3L5	1	U-01	gambiae	A. gambiae
Q7Q3L6	1	U-01	gambiae	A. gambiae
Q7Q3M9	1	U-01	gambiae	A. gambiae
Q7Q3N8	1	U-01	gambiae	A. gambiae
Q7Q3R8	1	U-01	gambiae	A. gambiae
Q7Q3T6	2	U-02	gambiae	A. gambiae
Q7Q3U1	1	U-01	gambiae	A. gambiae
Q7Q3V3	2	U-02	gambiae	A. gambiae
Q7Q3W6	1	U-01	gambiae	A. gambiae
Q7Q3W9	1	U-01	gambiae	A. gambiae
Q7Q3X2	1	U-01	gambiae	A. gambiae
Q7Q3X3	1	U-01	gambiae	A. gambiae
Q7Q3X9	1	U-01	gambiae	A. gambiae
Q7Q3Y1	1	U-01	gambiae	A. gambiae
Q7Q3Z0	1	U-01	gambiae	A. gambiae
Q7Q3Z3	1	U-01	gambiae	A. gambiae
Q7Q400	1	U-01	gambiae	A. gambiae
Q7Q428	2	U-02	gambiae	A. gambiae
Q7Q438	2	U-02	gambiae	A. gambiae
Q7Q442	1	U-01	gambiae	A. gambiae
Q7Q447	0	unassigned	gambiae	A. gambiae
Q7Q448	0	unassigned	gambiae	A. gambiae
Q7Q449	0	unassigned	gambiae	A. gambiae
Q7Q452	0	unassigned	gambiae	A. gambiae
Q7Q467	1	U-01	gambiae	A. gambiae
Q7Q471	1	U-01	gambiae	A. gambiae
Q7Q482	1	U-01	gambiae	A. gambiae
Q7Q496	1	U-01	gambiae	A. gambiae
Q7Q4A5	1	U-01	gambiae	A. gambiae
Q7Q4A7	1	U-01	gambiae	A. gambiae
Q7Q4B7	1	U-01	gambiae	A. gambiae
Q7Q4B9	1	U-01	gambiae	A. gambiae
Q7Q4C2	1	U-01	gambiae	A. gambiae
Q7Q4C8	1	U-01	gambiae	A. gambiae
Q7Q4C9	1	U-01	gambiae	A. gambiae
Q7Q4E8	2	U-02	gambiae	A. gambiae
Q7Q4H8	1	U-01	gambiae	A. gambiae
Q7Q4H9	1	U-01	gambiae	A. gambiae
Q7Q4I7	1	U-01	gambiae	A. gambiae
Q7Q4J3	1	U-01	gambiae	A. gambiae
Q7Q4L4	1	U-01	gambiae	A. gambiae
Q7Q4M9	1	U-01	gambiae	A. gambiae
Q7QAQ4	1	U-01	gambiae	A. gambiae
Q7QAQ5	1	U-01	gambiae	A. gambiae
Q7QAQ6	1	U-01	gambiae	A. gambiae
Q7QAS0	1	U-01	gambiae	A. gambiae
Q7QAS6	2	U-02	gambiae	A. gambiae
Q7QAT2	1	U-01	gambiae	A. gambiae
Q7QAT3	1	U-01	gambiae	A. gambiae
Q7QAT5	1	U-01	gambiae	A. gambiae
Q7QAT8	1	U-01	gambiae	A. gambiae
Q7QAU7	2	U-02	gambiae	A. gambiae
Q7QAV2	1	U-01	gambiae	A. gambiae
Q7QAV3	1	U-01	gambiae	A. gambiae
Q7QAV5	1	U-01	gambiae	A. gambiae
Q7QAW0	1	U-01	gambiae	A. gambiae
Q7QAY1	1	U-01	gambiae	A. gambiae
Q7QAZ5	1	U-01	gambiae	A. gambiae
Q7QAZ7	1	U-01	gambiae	A. gambiae
Q7QB07	1	U-01	gambiae	A. gambiae
Q7QB13	1	U-01	gambiae	A. gambiae
Q7QB14	1	U-01	gambiae	A. gambiae
Q7QB16	1	U-01	gambiae	A. gambiae
Q7QB24	1	U-01	gambiae	A. gambiae
Q7QB27	2	U-02	gambiae	A. gambiae
Q7QB35	1	U-01	gambiae	A. gambiae
Q7QB41	2	U-02	gambiae	A. gambiae
Q7QB44	1	U-01	gambiae	A. gambiae
Q7QB45	1	U-01	gambiae	A. gambiae
Q7QB46	1	U-01	gambiae	A. gambiae
Q7QB53	1	U-01	gambiae	A. gambiae
Q7QB59	0	unassigned	gambiae	A. gambiae
Q7QB71	1	U-01	gambiae	A. gambiae
Q7QB78	1	U-01	gambiae	A. gambiae
Q7QB81	1	U-01	gambiae	A. gambiae
Q7QBA0	2	U-02	gambiae	A. gambiae
Q7QBA5	1	U-01	gambiae	A. gambiae
Q7QBB3	1	U-01	gambiae	A. gambiae
Q7QBB5	1	U-01	gambiae	A. gambiae
Q7QBB8	1	U-01	gambiae	A. gambiae
Q7QBC8	1	U-01	gambiae	A. gambiae
Q7QBC9	1	U-01	gambiae	A. gambiae
Q7QBD4	1	U-01	gambiae	A. gambiae
Q7QBE1	1	U-01	gambiae	A. gambiae
Q7QBE3	1	U-01	gambiae	A. gambiae
Q7QBE5	1	U-01	gambiae	A. gambiae
Q7QBE9	1	U-01	gambiae	A. gambiae
Q7QBF1	1	U-01	gambiae	A. gambiae
Q7QBF4	2	U-02	gambiae	A. gambiae
Q7QBF5	1	U-01	gambiae	A. gambiae
Q7QBF6	1	U-01	gambiae	A. gambiae
Q7QBF9	1	U-01	gambiae	A. gambiae
Q7QBG4	1	U-01	gambiae	A. gambiae
Q7QBG5	1	U-01	gambiae	A. gambiae
Q7QBH3	1	U-01	gambiae	A. gambiae
Q7QBH7	1	U-01	gambiae	A. gambiae
Q7QBI1	1	U-01	gambiae	A. gambiae
Q7QBI8	1	U-01	gambiae	A. gambiae
Q7QBI9	1	U-01	gambiae	A. gambiae
Q7QBJ0	1	U-01	gambiae	A. gambiae
A7UVR8	1	U-01	gambiae	A. gambiae
A8B1J9	2	U-02	gambiae	A. gambiae
A8B1K0	1	U-01	gambiae	A. gambiae
A8B1K1	1	U-01	gambiae	A. gambiae
B1Q296	1	U-01	gambiae	A. gambiae
F5HIR4	2	U-02	gambiae	A. gambiae
F5HIR7	1	U-01	gambiae	A. gambiae
F5HIR8	1	U-01	gambiae	A. gambiae
F5HIR9	1	U-01	gambiae	A. gambiae
F5HIS0	1	U-01	gambiae	A. gambiae
F5HIS2	1	U-01	gambiae	A. gambiae
F5HIT5	1	U-01	gambiae	A. gambiae
F5HIT6	1	U-01	gambiae	A. gambiae
F5HIT8	2	U-02	gambiae	A. gambiae
F5HIT9	1	U-01	gambiae	A. gambiae
F5HIU2	1	U-01	gambiae	A. gambiae
F5HIU7	2	U-02	gambiae	A. gambiae
F5HIU8	2	U-02	gambiae	A. gambiae
F5HIU9	2	U-02	gambiae	A. gambiae
F5HIV2	1	U-01	gambiae	A. gambiae
F5HIV4	2	U-02	gambiae	A. gambiae
F5HIW6	1	U-01	gambiae	A. gambiae
F5HIX5	0	unassigned	gambiae	A. gambiae
F5HIX8	0	unassigned	gambiae	A. gambiae
F5HIX9	1	U-01	gambiae	A. gambiae
F5HIY4	1	U-01	gambiae	A. gambiae
F5HIZ1	1	U-01	gambiae	A. gambiae
F5HIZ3	0	unassigned	gambiae	A. gambiae
F5HJ00	1	U-01	gambiae	A. gambiae
F5HJ04	1	U-01	gambiae	A. gambiae
Q5TPU2	0	unassigned	gambiae	A. gambiae
Q5TPU3	1	U-01	gambiae	A. gambiae
Q5TPV3	1	U-01	gambiae	A. gambiae
Q5TPV7	1	U-01	gambiae	A. gambiae
Q5TPV9	2	U-02	gambiae	A. gambiae
Q5TPY0	2	U-02	gambiae	A. gambiae
Q5TPZ4	1	U-01	gambiae	A. gambiae
Q5TQ28	1	U-01	gambiae	A. gambiae
Q5TQ76	1	U-01	gambiae	A. gambiae
Q5TQ86	1	U-01	gambiae	A. gambiae
Q5TQA4	1	U-01	gambiae	A. gambiae
Q5TQD8	2	U-02	gambiae	A. gambiae
Q5TQE0	2	U-02	gambiae	A. gambiae
Q5TQF8	0	unassigned	gambiae	A. gambiae
Q5TQG8	1	U-01	gambiae	A. gambiae
Q5TQH0	1	U-01	gambiae	A. gambiae
Q5TQI1	1	U-01	gambiae	A. gambiae
Q5TQJ1	1	U-01	gambiae	A. gambiae
Q5TQN7	2	U-02	gambiae	A. gambiae
Q5TQS5	1	U-01	gambiae	A. gambiae
Q5TQT1	1	U-01	gambiae	A. gambiae
Q5TQT2	1	U-01	gambiae	A. gambiae
Q5TQT4	2	U-02	gambiae	A. gambiae
Q5TQT6	1	U-01	gambiae	A. gambiae
Q5TQU3	1	U-01	gambiae	A. gambiae
Q5TQU8	1	U-01	gambiae	A. gambiae
Q5TQV1	1	U-01	gambiae	A. gambiae
Q5TQV2	1	U-01	gambiae	A. gambiae
Q5TQW0	1	U-01	gambiae	A. gambiae
Q5TQW2	1	U-01	gambiae	A. gambiae
Q5TQW9	1	U-01	gambiae	A. gambiae
Q5TQY4	1	U-01	gambiae	A. gambiae
Q5TR04	1	U-01	gambiae	A. gambiae
Q5TR06	1	U-01	gambiae	A. gambiae
Q5TR20	1	U-01	gambiae	A. gambiae
Q5TR22	1	U-01	gambiae	A. gambiae
Q5TR23	1	U-01	gambiae	A. gambiae
Q5TR29	1	U-01	gambiae	A. gambiae
Q5TR34	2	U-02	gambiae	A. gambiae
Q5TR35	2	U-02	gambiae	A. gambiae
Q5TR40	1	U-01	gambiae	A. gambiae
Q5TR42	1	U-01	gambiae	A. gambiae
Q5TR46	1	U-01	gambiae	A. gambiae
Q5TR55	1	U-01	gambiae	A. gambiae
Q5TR63	1	U-01	gambiae	A. gambiae
Q5TR71	1	U-01	gambiae	A. gambiae
Q5TR85	1	U-01	gambiae	A. gambiae
Q5TR88	1	U-01	gambiae	A. gambiae
Q5TR89	1	U-01	gambiae	A. gambiae
Q5TR90	2	U-02	gambiae	A. gambiae
Q5TR98	1	U-01	gambiae	A. gambiae
Q5TR99	1	U-01	gambiae	A. gambiae
Q5TRA4	1	U-01	gambiae	A. gambiae
Q5TRB5	1	U-01	gambiae	A. gambiae
Q5TRC0	1	U-01	gambiae	A. gambiae
Q5TRC2	1	U-01	gambiae	A. gambiae
Q5TRE6	1	U-01	gambiae	A. gambiae
Q5TRF8	2	U-02	gambiae	A. gambiae
Q5TRG1	1	U-01	gambiae	A. gambiae
Q5TRH3	2	U-02	gambiae	A. gambiae
Q5TRH9	2	U-02	gambiae	A. gambiae
Q5TRJ1	1	U-01	gambiae	A. gambiae
Q5TRJ2	1	U-01	gambiae	A. gambiae
Q5TRJ7	1	U-01	gambiae	A. gambiae
Q5TRJ9	1	U-01	gambiae	A. gambiae
Q5TRK0	1	U-01	gambiae	A. gambiae
Q5TRK1	1	U-01	gambiae	A. gambiae
Q5TRK3	1	U-01	gambiae	A. gambiae
Q5TRK7	1	U-01	gambiae	A. gambiae
Q5TRL0	1	U-01	gambiae	A. gambiae
Q5TWS2	1	U-01	gambiae	A. gambiae
Q5TWS8	1	U-01	gambiae	A. gambiae
Q5TWT0	2	U-02	gambiae	A. gambiae
Q5TWT2	2	U-02	gambiae	A. gambiae
Q5TWT4	1	U-01	gambiae	A. gambiae
Q5TWW5	1	U-01	gambiae	A. gambiae
Q5TWW9	1	U-01	gambiae	A. gambiae
Q7PQ85	1	U-01	gambiae	A. gambiae
Q7PQ92	1	U-01	gambiae	A. gambiae
Q7PQ95	0	unassigned	gambiae	A. gambiae
Q7PQ97	1	U-01	gambiae	A. gambiae
Q7PQ98	1	U-01	gambiae	A. gambiae
Q7PQA1	1	U-01	gambiae	A. gambiae
Q7PQA3	1	U-01	gambiae	A. gambiae
Q7PQA4	2	U-02	gambiae	A. gambiae
Q7PQA8	1	U-01	gambiae	A. gambiae
Q7PQE3	1	U-01	gambiae	A. gambiae
Q7PQE6	1	U-01	gambiae	A. gambiae
Q7PQE8	1	U-01	gambiae	A. gambiae
Q7PQF3	1	U-01	gambiae	A. gambiae
Q7PQF5	1	U-01	gambiae	A. gambiae
Q7PQG5	1	U-01	gambiae	A. gambiae
Q7PQG6	1	U-01	gambiae	A. gambiae
Q7PQG7	1	U-01	gambiae	A. gambiae
Q7PQH3	1	U-01	gambiae	A. gambiae
Q7PQH4	1	U-01	gambiae	A. gambiae
Q7PQH5	1	U-01	gambiae	A. gambiae
Q7PQI1	1	U-01	gambiae	A. gambiae
Q7PQI7	1	U-01	gambiae	A. gambiae
Q7PQJ0	1	U-01	gambiae	A. gambiae
Q7PQK3	1	U-01	gambiae	A. gambiae
Q7PQK6	1	U-01	gambiae	A. gambiae
Q7PQL1	2	U-02	gambiae	A. gambiae
Q7PQL4	2	U-02	gambiae	A. gambiae
Q7PQL7	1	U-01	gambiae	A. gambiae
Q7PQM1	1	U-01	gambiae	A. gambiae
Q7PQM4	1	U-01	gambiae	A. gambiae
Q7PQM8	1	U-01	gambiae	A. gambiae
Q7PQN6	1	U-01	gambiae	A. gambiae
Q7PQN7	1	U-01	gambiae	A. gambiae
Q7PQN8	1	U-01	gambiae	A. gambiae
Q7PQN9	1	U-01	gambiae	A. gambiae
Q7PQQ1	1	U-01	gambiae	A. gambiae
Q7PQQ2	1	U-01	gambiae	A. gambiae
Q7PQQ4	1	U-01	gambiae	A. gambiae
Q7PQQ9	1	U-01	gambiae	A. gambiae
Q7PQR1	1	U-01	gambiae	A. gambiae
Q7PQR2	2	U-02	gambiae	A. gambiae
Q7PQR4	2	U-02	gambiae	A. gambiae
Q7PQR6	1	U-01	gambiae	A. gambiae
Q7PQR8	1	U-01	gambiae	A. gambiae
Q7PQT1	1	U-01	gambiae	A. gambiae
Q7PQT4	1	U-01	gambiae	A. gambiae
Q7PQT6	1	U-01	gambiae	A. gambiae
Q7PQV5	2	U-02	gambiae	A. gambiae
Q7PQV6	1	U-01	gambiae	A. gambiae
Q7PQW4	1	U-01	gambiae	A. gambiae
Q7PQW5	1	U-01	gambiae	A. gambiae
Q7PQW7	1	U-01	gambiae	A. gambiae
Q7PQX1	1	U-01	gambiae	A. gambiae
Q7PQX5	1	U-01	gambiae	A. gambiae
Q7PQX6	1	U-01	gambiae	A. gambiae
Q7PQX9	1	U-01	gambiae	A. gambiae
Q7PQY2	1	U-01	gambiae	A. gambiae
Q7PQY6	1	U-01	gambiae	A. gambiae
Q7PQY7	1	U-01	gambiae	A. gambiae
Q7PQY8	1	U-01	gambiae	A. gambiae
Q7PQZ4	1	U-01	gambiae	A. gambiae
Q7PQZ5	1	U-01	gambiae	A. gambiae
Q7PQZ6	1	U-01	gambiae	A. gambiae
Q7PQZ9	2	U-02	gambiae	A. gambiae
Q7PR02	1	U-01	gambiae	A. gambiae
Q7PR06	1	U-01	gambiae	A. gambiae
Q7PR10	1	U-01	gambiae	A. gambiae
Q7PR27	1	U-01	gambiae	A. gambiae
Q7PR28	1	U-01	gambiae	A. gambiae
Q7PR32	1	U-01	gambiae	A. gambiae
Q7PR34	1	U-01	gambiae	A. gambiae
Q7PR35	1	U-01	gambiae	A. gambiae
Q7PR38	1	U-01	gambiae	A. gambiae
Q7PR45	1	U-01	gambiae	A. gambiae
Q7PR52	1	U-01	gambiae	A. gambiae
Q7PR61	1	U-01	gambiae	A. gambiae
Q7PR67	2	U-02	gambiae	A. gambiae
Q7PR68	1	U-01	gambiae	A. gambiae
Q7PR69	1	U-01	gambiae	A. gambiae
Q7PR71	2	U-02	gambiae	A. gambiae
Q7PR73	1	U-01	gambiae	A. gambiae
Q7PR74	1	U-01	gambiae	A. gambiae
Q7PR76	1	U-01	gambiae	A. gambiae
Q7PR81	1	U-01	gambiae	A. gambiae
Q7PR83	1	U-01	gambiae	A. gambiae
Q7PR85	1	U-01	gambiae	A. gambiae
Q7PR87	1	U-01	gambiae	A. gambiae
Q7PRA4	1	U-01	gambiae	A. gambiae
Q7PRA5	2	U-02	gambiae	A. gambiae
Q7PRB2	1	U-01	gambiae	A. gambiae
Q7PRB5	1	U-01	gambiae	A. gambiae
Q7PRB7	2	U-02	gambiae	A. gambiae
Q7PRB8	1	U-01	gambiae	A. gambiae
A0A1S4H9I4	1	U-01	gambiae	A. gambiae
A0A1S4H9I5	1	U-01	gambiae	A. gambiae
A0A1S4H9J6	1	U-01	gambiae	A. gambiae
A0A1S4H9K3	1	U-01	gambiae	A. gambiae
A0A1S4H9K6	1	U-01	gambiae	A. gambiae
A0A1S4H9L4	1	U-01	gambiae	A. gambiae
A0A1S4H9M7	1	U-01	gambiae	A. gambiae
A0A1S4H9P0	1	U-01	gambiae	A. gambiae
A0A1S4H9P4	1	U-01	gambiae	A. gambiae
A0A1S4H9Q5	1	U-01	gambiae	A. gambiae
A0A1S4H9Q9	1	U-01	gambiae	A. gambiae
A0A1S4H9S1	1	U-01	gambiae	A. gambiae
A0A1S4H9S6	1	U-01	gambiae	A. gambiae
A0A1S4H9S8	2	U-02	gambiae	A. gambiae
A0A1S4H9W1	2	U-02	gambiae	A. gambiae
A0A1S4H9W5	2	U-02	gambiae	A. gambiae
A0A1S4H9Y1	1	U-01	gambiae	A. gambiae
A0A1S4H9Y2	1	U-01	gambiae	A. gambiae
A0A1S4H9Z1	1	U-01	gambiae	A. gambiae
A0A1S4HA02	1	U-01	gambiae	A. gambiae
A0A1S4HA03	1	U-01	gambiae	A. gambiae
A0A1S4HA26	2	U-02	gambiae	A. gambiae
A0A1S4HA31	1	U-01	gambiae	A. gambiae
A0A1S4HA39	1	U-01	gambiae	A. gambiae
A0A1S4HA54	1	U-01	gambiae	A. gambiae
A0A1S4HA58	1	U-01	gambiae	A. gambiae
A0A1S4HA83	1	U-01	gambiae	A. gambiae
A0A1S4HA87	1	U-01	gambiae	A. gambiae
A0A1S4HAA7	1	U-01	gambiae	A. gambiae
A0A1S4HAC6	1	U-01	gambiae	A. gambiae
A0A1S4HAD4	0	unassigned	gambiae	A. gambiae
A0A1S4HAD5	1	U-01	gambiae	A. gambiae
A0A1S4HAD8	2	U-02	gambiae	A. gambiae
A0A1S4HAF7	1	U-01	gambiae	A. gambiae
A0A1S4HAI8	1	U-01	gambiae	A. gambiae
A0A1S4HAM0	1	U-01	gambiae	A. gambiae
A0A1S4HAM5	1	U-01	gambiae	A. gambiae
A0A1S4HAP0	1	U-01	gambiae	A. gambiae
A0A1S4HAP2	0	unassigned	gambiae	A. gambiae
A0A1S4HAP4	1	U-01	gambiae	A. gambiae
A0A1S4HAP5	1	U-01	gambiae	A. gambiae
A0A1S4HAQ7	1	U-01	gambiae	A. gambiae
A0A1S4HAR0	1	U-01	gambiae	A. gambiae
A0A1S4HAR5	1	U-01	gambiae	A. gambiae
A0A1S4HAS2	1	U-01	gambiae	A. gambiae
A0A1S4HAS9	1	U-01	gambiae	A. gambiae
A0A1S4HAT2	0	unassigned	gambiae	A. gambiae
A0A1S4HAT3	1	U-01	gambiae	A. gambiae
A0A1S4HAU1	2	U-02	gambiae	A. gambiae
A0A1S4HAU7	1	U-01	gambiae	A. gambiae
A0A1S4HAW1	0	unassigned	gambiae	A. gambiae
A0A1S4HAX0	2	U-02	gambiae	A. gambiae
A0A1S4HAX3	1	U-01	gambiae	A. gambiae
A0A1S4HAX7	0	unassigned	gambiae	A. gambiae
A0A1S4HAX8	0	unassigned	gambiae	A. gambiae
A0A1S4HAY0	2	U-02	gambiae	A. gambiae
A0A1S4HAY1	1	U-01	gambiae	A. gambiae
A0A1S4HAY9	1	U-01	gambiae	A. gambiae
A0A1S4HAZ3	1	U-01	gambiae	A. gambiae
A0A1S4HAZ8	2	U-02	gambiae	A. gambiae
A0A1S4HB01	1	U-01	gambiae	A. gambiae
A0A1S4HB02	0	unassigned	gambiae	A. gambiae
A0A1S4HB20	2	U-02	gambiae	A. gambiae
A0A1S4HB29	1	U-01	gambiae	A. gambiae
A0A1S4HB48	0	unassigned	gambiae	A. gambiae
A0A1S4HB62	1	U-01	gambiae	A. gambiae
A0A1S4HB65	1	U-01	gambiae	A. gambiae
A0A1S4HB80	1	U-01	gambiae	A. gambiae
A0A1S4HB89	1	U-01	gambiae	A. gambiae
A0A1S4HBB2	1	U-01	gambiae	A. gambiae
A0A1S4HBC7	2	U-02	gambiae	A. gambiae
A0A1S4HBD3	1	U-01	gambiae	A. gambiae
A0A1S4HBF2	2	U-02	gambiae	A. gambiae
A0A1S4HBF7	1	U-01	gambiae	A. gambiae
A0A1S4HBG7	1	U-01	gambiae	A. gambiae
A0A1S4HBI4	1	U-01	gambiae	A. gambiae
A0A1S4HBI8	1	U-01	gambiae	A. gambiae
A0A1S4HBJ2	1	U-01	gambiae	A. gambiae
A0A1S4HBK6	1	U-01	gambiae	A. gambiae
A0A1S4HBM0	1	U-01	gambiae	A. gambiae
A0A1S4HBM7	1	U-01	gambiae	A. gambiae
A0A1S4HBP9	1	U-01	gambiae	A. gambiae
A0A1S4HBQ1	1	U-01	gambiae	A. gambiae
A0A1S4HBQ4	1	U-01	gambiae	A. gambiae
A0A1S4HBR0	1	U-01	gambiae	A. gambiae
A0A1S4HBT6	1	U-01	gambiae	A. gambiae
A0A1S4HBT7	2	U-02	gambiae	A. gambiae
A0A1S4HBU5	1	U-01	gambiae	A. gambiae
A0A1S4HBU8	1	U-01	gambiae	A. gambiae
A0A1S4HBU9	0	unassigned	gambiae	A. gambiae
A0A1S4HBV2	1	U-01	gambiae	A. gambiae
A0A1S4HBV7	2	U-02	gambiae	A. gambiae
A0A1S4HBW3	2	U-02	gambiae	A. gambiae
A0A1S4HBW4	1	U-01	gambiae	A. gambiae
A0A1S4HBW6	1	U-01	gambiae	A. gambiae
A0A1S4HBW8	1	U-01	gambiae	A. gambiae
A0A1S4HBX5	1	U-01	gambiae	A. gambiae
A0A1S4HE47	1	U-01	gambiae	A. gambiae
A0A1S4HE48	1	U-01	gambiae	A. gambiae
A0A1S4HE50	2	U-02	gambiae	A. gambiae
Q7Q599	1	U-01	gambiae	A. gambiae
Q7Q5A0	1	U-01	gambiae	A. gambiae
Q7Q5A4	1	U-01	gambiae	A. gambiae
Q7Q5B5	1	U-01	gambiae	A. gambiae
Q7Q5B6	1	U-01	gambiae	A. gambiae
Q7Q5C1	1	U-01	gambiae	A. gambiae
Q7Q5C5	1	U-01	gambiae	A. gambiae
Q7Q5D5	1	U-01	gambiae	A. gambiae
Q7Q5D7	1	U-01	gambiae	A. gambiae
Q7Q5D8	1	U-01	gambiae	A. gambiae
Q7Q5D9	1	U-01	gambiae	A. gambiae
Q7Q5E5	1	U-01	gambiae	A. gambiae
Q7Q5F2	1	U-01	gambiae	A. gambiae
Q7Q5F4	1	U-01	gambiae	A. gambiae
Q7Q5G1	1	U-01	gambiae	A. gambiae
Q7Q5G3	2	U-02	gambiae	A. gambiae
Q7Q5H1	2	U-02	gambiae	A. gambiae
Q7Q5H9	1	U-01	gambiae	A. gambiae
Q7Q5I2	2	U-02	gambiae	A. gambiae
Q7Q5J0	1	U-01	gambiae	A. gambiae
Q7Q5K0	1	U-01	gambiae	A. gambiae
Q7Q5K9	1	U-01	gambiae	A. gambiae
Q7Q5M3	1	U-01	gambiae	A. gambiae
Q7Q5M4	1	U-01	gambiae	A. gambiae
Q7Q5N0	1	U-01	gambiae	A. gambiae
Q7Q5P2	2	U-02	gambiae	A. gambiae
Q7Q5P4	1	U-01	gambiae	A. gambiae
Q7Q5P7	1	U-01	gambiae	A. gambiae
Q7Q5Q0	2	U-02	gambiae	A. gambiae
Q7Q5Q4	2	U-02	gambiae	A. gambiae
Q7Q5S1	1	U-01	gambiae	A. gambiae
Q7Q5U5	1	U-01	gambiae	A. gambiae
Q7Q5U7	2	U-02	gambiae	A. gambiae
Q7Q5U8	2	U-02	gambiae	A. gambiae
Q7Q5U9	2	U-02	gambiae	A. gambiae
Q7Q5V0	2	U-02	gambiae	A. gambiae
Q7Q5V1	2	U-02	gambiae	A. gambiae
Q7Q5V2	2	U-02	gambiae	A. gambiae
Q7Q5V6	2	U-02	gambiae	A. gambiae
Q7Q5V7	1	U-01	gambiae	A. gambiae
Q7Q5W1	1	U-01	gambiae	A. gambiae
Q7Q5W9	1	U-01	gambiae	A. gambiae
Q7Q5X1	1	U-01	gambiae	A. gambiae
Q7Q5X7	1	U-01	gambiae	A. gambiae
Q7Q5X8	1	U-01	gambiae	A. gambiae
Q7Q5X9	1	U-01	gambiae	A. gambiae
Q7Q5Y2	1	U-01	gambiae	A. gambiae
Q7Q5Y4	1	U-01	gambiae	A. gambiae
Q7Q5Y5	1	U-01	gambiae	A. gambiae
Q7Q5Z7	1	U-01	gambiae	A. gambiae
Q7Q600	1	U-01	gambiae	A. gambiae
Q7Q609	1	U-01	gambiae	A. gambiae
Q7Q613	1	U-01	gambiae	A. gambiae
Q7Q615	1	U-01	gambiae	A. gambiae
Q7Q621	1	U-01	gambiae	A. gambiae
Q7Q622	1	U-01	gambiae	A. gambiae
Q7Q624	0	unassigned	gambiae	A. gambiae
Q7Q625	2	U-02	gambiae	A. gambiae
Q7Q631	2	U-02	gambiae	A. gambiae
Q7Q634	1	U-01	gambiae	A. gambiae
Q7Q645	1	U-01	gambiae	A. gambiae
Q7Q646	1	U-01	gambiae	A. gambiae
Q7Q650	1	U-01	gambiae	A. gambiae
Q7Q660	2	U-02	gambiae	A. gambiae
Q7Q664	1	U-01	gambiae	A. gambiae
Q7Q671	1	U-01	gambiae	A. gambiae
Q7Q673	1	U-01	gambiae	A. gambiae
Q7Q674	1	U-01	gambiae	A. gambiae
Q7Q675	1	U-01	gambiae	A. gambiae
Q7Q676	1	U-01	gambiae	A. gambiae
Q7Q677	1	U-01	gambiae	A. gambiae
Q7Q678	1	U-01	gambiae	A. gambiae
Q7Q683	1	U-01	gambiae	A. gambiae
Q7Q693	1	U-01	gambiae	A. gambiae
Q7Q698	2	U-02	gambiae	A. gambiae
Q7Q6A0	1	U-01	gambiae	A. gambiae
Q7Q6A8	1	U-01	gambiae	A. gambiae
Q7Q6B6	1	U-01	gambiae	A. gambiae
Q7Q6C5	1	U-01	gambiae	A. gambiae
Q7Q6C6	1	U-01	gambiae	A. gambiae
Q7Q6C7	1	U-01	gambiae	A. gambiae
Q7Q6D1	2	U-02	gambiae	A. gambiae
Q7QAG7	1	U-01	gambiae	A. gambiae
Q7QAJ1	1	U-01	gambiae	A. gambiae
Q7QAK3	1	U-01	gambiae	A. gambiae
Q7QAL0	1	U-01	gambiae	A. gambiae
Q7QAL7	0	unassigned	gambiae	A. gambiae
Q7QAM0	1	U-01	gambiae	A. gambiae
Q7QAN2	1	U-01	gambiae	A. gambiae
Q7QAP1	1	U-01	gambiae	A. gambiae
Q7QAP6	1	U-01	gambiae	A. gambiae
Q7QAQ0	1	U-01	gambiae	A. gambiae
Q7QAQ7	2	U-02	gambiae	A. gambiae
Q7QAQ9	1	U-01	gambiae	A. gambiae
Q7QAR2	1	U-01	gambiae	A. gambiae
Q7QAS4	1	U-01	gambiae	A. gambiae
Q7QAS5	1	U-01	gambiae	A. gambiae
Q7QAS9	1	U-01	gambiae	A. gambiae
Q7QAT4	1	U-01	gambiae	A. gambiae
Q7QAT9	1	U-01	gambiae	A. gambiae
Q7PYJ4	1	U-01	gambiae	A. gambiae
Q7PYJ6	1	U-01	gambiae	A. gambiae
Q7PYJ7	1	U-01	gambiae	A. gambiae
Q7PYK2	1	U-01	gambiae	A. gambiae
Q7PYK9	1	U-01	gambiae	A. gambiae
Q7PYL2	1	U-01	gambiae	A. gambiae
Q7PYL4	1	U-01	gambiae	A. gambiae
Q7PYL6	2	U-02	gambiae	A. gambiae
Q7PYL7	1	U-01	gambiae	A. gambiae
Q7PYM0	2	U-02	gambiae	A. gambiae
Q7PYM6	2	U-02	gambiae	A. gambiae
Q7PYM7	1	U-01	gambiae	A. gambiae
Q7PYM8	1	U-01	gambiae	A. gambiae
Q7PYM9	1	U-01	gambiae	A. gambiae
Q7PYN1	1	U-01	gambiae	A. gambiae
Q7PYN2	1	U-01	gambiae	A. gambiae
Q7PYN5	1	U-01	gambiae	A. gambiae
Q7PYN7	1	U-01	gambiae	A. gambiae
Q7PYN9	1	U-01	gambiae	A. gambiae
Q7PYP0	1	U-01	gambiae	A. gambiae
Q7PYP7	1	U-01	gambiae	A. gambiae
Q7PYP9	1	U-01	gambiae	A. gambiae
Q7PYQ2	1	U-01	gambiae	A. gambiae
Q7PYQ3	2	U-02	gambiae	A. gambiae
Q7PYQ5	1	U-01	gambiae	A. gambiae
Q7PYQ7	1	U-01	gambiae	A. gambiae
Q7PYQ8	1	U-01	gambiae	A. gambiae
Q7PYR2	1	U-01	gambiae	A. gambiae
Q7PYR3	1	U-01	gambiae	A. gambiae
Q7PYR6	1	U-01	gambiae	A. gambiae
Q7PYS6	1	U-01	gambiae	A. gambiae
Q7PYT0	1	U-01	gambiae	A. gambiae
Q7PYT2	1	U-01	gambiae	A. gambiae
Q7Q6S4	2	U-02	gambiae	A. gambiae
Q7Q6S8	1	U-01	gambiae	A. gambiae
Q7Q6T2	1	U-01	gambiae	A. gambiae
Q7Q6T8	1	U-01	gambiae	A. gambiae
Q7Q6T9	1	U-01	gambiae	A. gambiae
Q7Q6U0	2	U-02	gambiae	A. gambiae
Q7Q6U1	2	U-02	gambiae	A. gambiae
Q7Q6U2	2	U-02	gambiae	A. gambiae
Q7Q6U9	0	unassigned	gambiae	A. gambiae
Q7Q6V1	1	U-01	gambiae	A. gambiae
Q7Q6V6	1	U-01	gambiae	A. gambiae
Q7Q6V9	1	U-01	gambiae	A. gambiae
Q7Q6W0	1	U-01	gambiae	A. gambiae
Q7Q6W1	1	U-01	gambiae	A. gambiae
Q7Q6W3	1	U-01	gambiae	A. gambiae
Q7Q6W8	1	U-01	gambiae	A. gambiae
Q7Q6X7	1	U-01	gambiae	A. gambiae
Q7Q6Y1	1	U-01	gambiae	A. gambiae
Q7Q6Y4	1	U-01	gambiae	A. gambiae
Q7Q6Y5	1	U-01	gambiae	A. gambiae
Q7Q6Z4	2	U-02	gambiae	A. gambiae
Q7Q706	1	U-01	gambiae	A. gambiae
Q7Q707	1	U-01	gambiae	A. gambiae
Q7Q715	1	U-01	gambiae	A. gambiae
Q7Q723	1	U-01	gambiae	A. gambiae
Q7Q724	1	U-01	gambiae	A. gambiae
Q7Q727	1	U-01	gambiae	A. gambiae
Q7Q728	1	U-01	gambiae	A. gambiae
Q7Q732	1	U-01	gambiae	A. gambiae
Q7Q733	1	U-01	gambiae	A. gambiae
Q7Q741	1	U-01	gambiae	A. gambiae
Q7Q742	1	U-01	gambiae	A. gambiae
Q7Q745	1	U-01	gambiae	A. gambiae
Q7Q747	1	U-01	gambiae	A. gambiae
Q7Q750	1	U-01	gambiae	A. gambiae
Q7Q764	1	U-01	gambiae	A. gambiae
Q7Q776	2	U-02	gambiae	A. gambiae
Q7Q787	1	U-01	gambiae	A. gambiae
Q7Q788	1	U-01	gambiae	A. gambiae
Q7Q789	2	U-02	gambiae	A. gambiae
Q7Q792	2	U-02	gambiae	A. gambiae
Q7Q795	1	U-01	gambiae	A. gambiae
Q7Q797	1	U-01	gambiae	A. gambiae
Q7Q799	1	U-01	gambiae	A. gambiae
Q7Q7A2	1	U-01	gambiae	A. gambiae
Q7Q7A5	1	U-01	gambiae	A. gambiae
Q7Q7A9	1	U-01	gambiae	A. gambiae
Q7Q7B0	1	U-01	gambiae	A. gambiae
Q7Q7B1	1	U-01	gambiae	A. gambiae
Q7Q7B4	1	U-01	gambiae	A. gambiae
Q7Q7C0	1	U-01	gambiae	A. gambiae
Q7Q7C7	1	U-01	gambiae	A. gambiae
Q7Q7C8	2	U-02	gambiae	A. gambiae
Q7Q7D2	1	U-01	gambiae	A. gambiae
Q7Q7D3	1	U-01	gambiae	A. gambiae
Q7Q7D5	2	U-02	gambiae	A. gambiae
Q7Q7D7	1	U-01	gambiae	A. gambiae
Q7Q7E3	1	U-01	gambiae	A. gambiae
Q7Q7F1	1	U-01	gambiae	A. gambiae
Q7Q7F6	1	U-01	gambiae	A. gambiae
Q7Q7F7	2	U-02	gambiae	A. gambiae
Q7Q7F8	2	U-02	gambiae	A. gambiae
Q7Q7G4	1	U-01	gambiae	A. gambiae
Q7Q7G6	1	U-01	gambiae	A. gambiae
Q7Q7G8	1	U-01	gambiae	A. gambiae
Q7Q7H2	1	U-01	gambiae	A. gambiae
Q7Q7H3	2	U-02	gambiae	A. gambiae
F5HLL5	1	U-01	gambiae	A. gambiae
F5HLM5	1	U-01	gambiae	A. gambiae
F5HLM9	1	U-01	gambiae	A. gambiae
F5HLN0	1	U-01	gambiae	A. gambiae
F5HLP3	1	U-01	gambiae	A. gambiae
F5HLP7	1	U-01	gambiae	A. gambiae
F5HLQ4	1	U-01	gambiae	A. gambiae
F5HLQ8	1	U-01	gambiae	A. gambiae
F5HLR9	1	U-01	gambiae	A. gambiae
F5HLS5	1	U-01	gambiae	A. gambiae
F5HLS6	1	U-01	gambiae	A. gambiae
F5HLS8	1	U-01	gambiae	A. gambiae
F5HLS9	1	U-01	gambiae	A. gambiae
F5HLT0	1	U-01	gambiae	A. gambiae
F5HLT1	1	U-01	gambiae	A. gambiae
F5HLU0	1	U-01	gambiae	A. gambiae
F5HLU1	1	U-01	gambiae	A. gambiae
F5HLU7	1	U-01	gambiae	A. gambiae
F5HLU9	1	U-01	gambiae	A. gambiae
F5HLV0	1	U-01	gambiae	A. gambiae
F5HLV2	1	U-01	gambiae	A. gambiae
F5HLV8	0	unassigned	gambiae	A. gambiae
F5HLW0	0	unassigned	gambiae	A. gambiae
F5HLW1	0	unassigned	gambiae	A. gambiae
F5HLW4	1	U-01	gambiae	A. gambiae
F5HLW7	1	U-01	gambiae	A. gambiae
Q7PFV1	1	U-01	gambiae	A. gambiae
Q7PFW6	1	U-01	gambiae	A. gambiae
Q7PFX4	2	U-02	gambiae	A. gambiae
Q7PFY5	0	unassigned	gambiae	A. gambiae
Q7PFY6	1	U-01	gambiae	A. gambiae
Q7PG05	1	U-01	gambiae	A. gambiae
Q7PG12	1	U-01	gambiae	A. gambiae
Q7PG18	1	U-01	gambiae	A. gambiae
Q7PG79	1	U-01	gambiae	A. gambiae
Q7PG80	1	U-01	gambiae	A. gambiae
Q7PG88	1	U-01	gambiae	A. gambiae
Q7PGA7	1	U-01	gambiae	A. gambiae
Q7PGC0	1	U-01	gambiae	A. gambiae
Q7PGH2	1	U-01	gambiae	A. gambiae
Q7PGI2	1	U-01	gambiae	A. gambiae
Q7PGI4	1	U-01	gambiae	A. gambiae
Q7PGI6	1	U-01	gambiae	A. gambiae
Q7PGK2	2	U-02	gambiae	A. gambiae
Q7PGQ6	1	U-01	gambiae	A. gambiae
Q7PGR9	1	U-01	gambiae	A. gambiae
Q7PGS0	1	U-01	gambiae	A. gambiae
Q7PGS3	0	unassigned	gambiae	A. gambiae
Q7PGT4	1	U-01	gambiae	A. gambiae
Q7PGV2	1	U-01	gambiae	A. gambiae
Q7PGV6	1	U-01	gambiae	A. gambiae
Q7PGW2	1	U-01	gambiae	A. gambiae
Q7PGW8	1	U-01	gambiae	A. gambiae
Q7PGX8	1	U-01	gambiae	A. gambiae
Q7PGY2	0	unassigned	gambiae	A. gambiae
Q7PH21	1	U-01	gambiae	A. gambiae
Q7PH27	1	U-01	gambiae	A. gambiae
Q7PH75	1	U-01	gambiae	A. gambiae
Q7PH89	1	U-01	gambiae	A. gambiae
Q7PH97	1	U-01	gambiae	A. gambiae
Q7PH98	1	U-01	gambiae	A. gambiae
Q7PHB7	1	U-01	gambiae	A. gambiae
Q7PHB8	1	U-01	gambiae	A. gambiae
Q7PHC1	1	U-01	gambiae	A. gambiae
Q7PHC9	1	U-01	gambiae	A. gambiae
Q7PHE1	1	U-01	gambiae	A. gambiae
Q7PHE6	0	unassigned	gambiae	A. gambiae
Q7PHE7	0	unassigned	gambiae	A. gambiae
Q7PHG4	1	U-01	gambiae	A. gambiae
Q7PHJ4	1	U-01	gambiae	A. gambiae
Q7PHK6	1	U-01	gambiae	A. gambiae
Q7PHL1	1	U-01	gambiae	A. gambiae
Q7PHR4	0	unassigned	gambiae	A. gambiae
Q7PHR5	0	unassigned	gambiae	A. gambiae
Q7PI00	0	unassigned	gambiae	A. gambiae
Q7PI39	2	U-02	gambiae	A. gambiae
Q7PI45	0	unassigned	gambiae	A. gambiae
Q7PI66	1	U-01	gambiae	A. gambiae
Q7PI68	1	U-01	gambiae	A. gambiae
Q7PIA3	1	U-01	gambiae	A. gambiae
Q7PIC8	1	U-01	gambiae	A. gambiae
Q7PID0	1	U-01	gambiae	A. gambiae
Q7PIE5	1	U-01	gambiae	A. gambiae
Q7PIJ2	1	U-01	gambiae	A. gambiae
Q7PIJ5	1	U-01	gambiae	A. gambiae
Q7PIJ6	1	U-01	gambiae	A. gambiae
Q7PIM5	1	U-01	gambiae	A. gambiae
Q7PIQ6	1	U-01	gambiae	A. gambiae
Q7PIS6	1	U-01	gambiae	A. gambiae
Q7PIX0	1	U-01	gambiae	A. gambiae
Q7PJ22	1	U-01	gambiae	A. gambiae
Q7PJ41	0	unassigned	gambiae	A. gambiae
Q7PJ50	0	unassigned	gambiae	A. gambiae
Q7PJC9	2	U-02	gambiae	A. gambiae
Q7PJI2	1	U-01	gambiae	A. gambiae
Q7PJN2	0	unassigned	gambiae	A. gambiae
Q7PJN6	0	unassigned	gambiae	A. gambiae
Q7PJP4	2	U-02	gambiae	A. gambiae
Q7PJP8	1	U-01	gambiae	A. gambiae
Q7PJR1	1	U-01	gambiae	A. gambiae
A0A0E4C792	1	U-01	gambiae	A. gambiae
A0A0E4C798	1	U-01	gambiae	A. gambiae
A0A1S4GUX4	1	U-01	gambiae	A. gambiae
A0A1S4GUZ4	1	U-01	gambiae	A. gambiae
A0A1S4GV10	1	U-01	gambiae	A. gambiae
A0A1S4GV18	0	unassigned	gambiae	A. gambiae
A0A1S4GV35	1	U-01	gambiae	A. gambiae
A0A1S4GV36	1	U-01	gambiae	A. gambiae
A0A1S4GV42	1	U-01	gambiae	A. gambiae
A0A1S4GV51	2	U-02	gambiae	A. gambiae
A0A1S4GV52	1	U-01	gambiae	A. gambiae
A0A1S4GV55	1	U-01	gambiae	A. gambiae
A0A1S4GV62	1	U-01	gambiae	A. gambiae
A0A1S4GV63	2	U-02	gambiae	A. gambiae
A0A1S4GV66	2	U-02	gambiae	A. gambiae
A0A1S4GV68	2	U-02	gambiae	A. gambiae
A0A1S4GV71	2	U-02	gambiae	A. gambiae
A0A1S4GV76	2	U-02	gambiae	A. gambiae
A0A1S4GV89	1	U-01	gambiae	A. gambiae
A0A1S4GV99	2	U-02	gambiae	A. gambiae
A0A1S4GVA1	1	U-01	gambiae	A. gambiae
A0A1S4GVA3	1	U-01	gambiae	A. gambiae
A0A1S4GVA5	1	U-01	gambiae	A. gambiae
A0A1S4GVA7	1	U-01	gambiae	A. gambiae
A0A1S4GVD7	1	U-01	gambiae	A. gambiae
A0A1S4GVE3	1	U-01	gambiae	A. gambiae
A0A1S4GVE4	1	U-01	gambiae	A. gambiae
A0A1S4GVE5	1	U-01	gambiae	A. gambiae
A0A1S4GVE7	2	U-02	gambiae	A. gambiae
A0A1S4GVF6	1	U-01	gambiae	A. gambiae
A0A1S4GVG3	1	U-01	gambiae	A. gambiae
A0A1S4GVG4	2	U-02	gambiae	A. gambiae
A0A1S4GVH2	2	U-02	gambiae	A. gambiae
A0A1S4GVH3	1	U-01	gambiae	A. gambiae
A0A1S4GVH4	1	U-01	gambiae	A. gambiae
A0A1S4GVI3	1	U-01	gambiae	A. gambiae
A0A1S4GVI4	1	U-01	gambiae	A. gambiae
A0A1S4GVJ8	1	U-01	gambiae	A. gambiae
A0A1S4GVK4	1	U-01	gambiae	A. gambiae
A0A1S4GVL2	2	U-02	gambiae	A. gambiae
A0A1S4GVL4	1	U-01	gambiae	A. gambiae
A0A1S4GVN0	1	U-01	gambiae	A. gambiae
A0A1S4GVN7	1	U-01	gambiae	A. gambiae
A0A1S4GVP1	1	U-01	gambiae	A. gambiae
A0A1S4GVQ2	1	U-01	gambiae	A. gambiae
A0A1S4GVS6	1	U-01	gambiae	A. gambiae
A0A1S4GVT3	1	U-01	gambiae	A. gambiae
A0A1S4GVV3	2	U-02	gambiae	A. gambiae
A0A1S4GVW1	2	U-02	gambiae	A. gambiae
A0A1S4GVW4	1	U-01	gambiae	A. gambiae
A0A1S4GVY2	1	U-01	gambiae	A. gambiae
A0A1S4GVZ1	2	U-02	gambiae	A. gambiae
A0A1S4GVZ6	2	U-02	gambiae	A. gambiae
A0A1S4GW05	1	U-01	gambiae	A. gambiae
A0A1S4GW12	1	U-01	gambiae	A. gambiae
A0A1S4GW20	1	U-01	gambiae	A. gambiae
A0A1S4GW22	1	U-01	gambiae	A. gambiae
A0A1S4GW25	1	U-01	gambiae	A. gambiae
A0A1S4GW26	2	U-02	gambiae	A. gambiae
A0A1S4GW29	1	U-01	gambiae	A. gambiae
A0A1S4GW30	1	U-01	gambiae	A. gambiae
A0A1S4GW35	2	U-02	gambiae	A. gambiae
A0A1S4GW37	1	U-01	gambiae	A. gambiae
A0A1S4GW40	1	U-01	gambiae	A. gambiae
A0A1S4GW46	1	U-01	gambiae	A. gambiae
A0A1S4GW52	1	U-01	gambiae	A. gambiae
A0A1S4GW53	1	U-01	gambiae	A. gambiae
A0A1S4GW54	1	U-01	gambiae	A. gambiae
A0A1S4GW55	1	U-01	gambiae	A. gambiae
A0A1S4GW62	1	U-01	gambiae	A. gambiae
A0A1S4GW65	1	U-01	gambiae	A. gambiae
A0A1S4GW85	0	unassigned	gambiae	A. gambiae
A0A1S4GW97	1	U-01	gambiae	A. gambiae
A0A1S4GWA0	1	U-01	gambiae	A. gambiae
A0A1S4GWA2	1	U-01	gambiae	A. gambiae
A0A1S4GWA7	1	U-01	gambiae	A. gambiae
A0A1S4GWB8	1	U-01	gambiae	A. gambiae
A0A1S4GWC1	1	U-01	gambiae	A. gambiae
A0A1S4GWC7	1	U-01	gambiae	A. gambiae
A0A1S4GWC9	1	U-01	gambiae	A. gambiae
A0A1S4GWE5	1	U-01	gambiae	A. gambiae
A0A1S4GWF1	1	U-01	gambiae	A. gambiae
A0A1S4GWF4	1	U-01	gambiae	A. gambiae
A0A1S4GWF5	1	U-01	gambiae	A. gambiae
A0A1S4GWF7	1	U-01	gambiae	A. gambiae
A0A1S4GWG2	1	U-01	gambiae	A. gambiae
A0A1S4GWH2	1	U-01	gambiae	A. gambiae
A0A1S4GWH4	1	U-01	gambiae	A. gambiae
A0A1S4GWH7	1	U-01	gambiae	A. gambiae
A0A1S4GWH9	1	U-01	gambiae	A. gambiae
A0A1S4GWI0	1	U-01	gambiae	A. gambiae
A0A1S4GWJ2	1	U-01	gambiae	A. gambiae
A0A1S4GWJ5	0	unassigned	gambiae	A. gambiae
A0A1S4GWK2	1	U-01	gambiae	A. gambiae
A0A1S4GWK9	1	U-01	gambiae	A. gambiae
A0A1S4GWL3	1	U-01	gambiae	A. gambiae
A0A1S4GWM0	0	unassigned	gambiae	A. gambiae
A0A1S4GWM4	1	U-01	gambiae	A. gambiae
A0A1S4GWM5	1	U-01	gambiae	A. gambiae
A0A1S4GWN3	2	U-02	gambiae	A. gambiae
A0A1S4GBB5	2	U-02	gambiae	A. gambiae
A0A1S4GBF2	1	U-01	gambiae	A. gambiae
A0A1S4GBF8	1	U-01	gambiae	A. gambiae
A0A1S4GBG9	1	U-01	gambiae	A. gambiae
A0A1S4GBI3	1	U-01	gambiae	A. gambiae
A0A1S4GBP6	1	U-01	gambiae	A. gambiae
A0A1S4GBR0	1	U-01	gambiae	A. gambiae
A0A1S4GBS2	1	U-01	gambiae	A. gambiae
A0A1S4GBS5	1	U-01	gambiae	A. gambiae
A0A1S4GBU1	2	U-02	gambiae	A. gambiae
A0A1S4GBV2	1	U-01	gambiae	A. gambiae
A0A1S4GBZ6	2	U-02	gambiae	A. gambiae
A0A1S4GC07	1	U-01	gambiae	A. gambiae
A0A1S4GC22	1	U-01	gambiae	A. gambiae
A0A1S4GC29	1	U-01	gambiae	A. gambiae
A0A1S4GC32	1	U-01	gambiae	A. gambiae
A0A1S4GC35	1	U-01	gambiae	A. gambiae
A0A1S4GC39	1	U-01	gambiae	A. gambiae
A0A1S4GC54	1	U-01	gambiae	A. gambiae
A0A1S4GC68	1	U-01	gambiae	A. gambiae
A0A1S4GC81	1	U-01	gambiae	A. gambiae
A0A1S4GC96	1	U-01	gambiae	A. gambiae
A0A1S4GCA3	1	U-01	gambiae	A. gambiae
A0A1S4GCA7	1	U-01	gambiae	A. gambiae
A0A1S4GCB0	1	U-01	gambiae	A. gambiae
A0A1S4GCB5	1	U-01	gambiae	A. gambiae
A0A1S4GCC8	1	U-01	gambiae	A. gambiae
A0A1S4GCE1	1	U-01	gambiae	A. gambiae
A0A1S4GCF6	2	U-02	gambiae	A. gambiae
A0A1S4GCI5	1	U-01	gambiae	A. gambiae
A0A1S4GCK2	1	U-01	gambiae	A. gambiae
A0A1S4GCK6	2	U-02	gambiae	A. gambiae
A0A1S4GCP9	1	U-01	gambiae	A. gambiae
A0A1S4GCS1	1	U-01	gambiae	A. gambiae
A0A1S4GCS4	1	U-01	gambiae	A. gambiae
A0A1S4GCS9	1	U-01	gambiae	A. gambiae
A0A1S4GCT1	1	U-01	gambiae	A. gambiae
A0A1S4GCU6	1	U-01	gambiae	A. gambiae
A0A1S4GCV7	1	U-01	gambiae	A. gambiae
A0A1S4GCW7	1	U-01	gambiae	A. gambiae
A0A1S4GCY9	1	U-01	gambiae	A. gambiae
A0A1S4GCZ0	1	U-01	gambiae	A. gambiae
A0A1S4GCZ3	1	U-01	gambiae	A. gambiae
A0A1S4GD27	1	U-01	gambiae	A. gambiae
A0A1S4GD31	1	U-01	gambiae	A. gambiae
A0A1S4GD36	1	U-01	gambiae	A. gambiae
A0A1S4GD55	1	U-01	gambiae	A. gambiae
A0A1S4GD56	1	U-01	gambiae	A. gambiae
A0A1S4GD58	1	U-01	gambiae	A. gambiae
A0A1S4GD59	2	U-02	gambiae	A. gambiae
A0A1S4GD68	1	U-01	gambiae	A. gambiae
A0A1S4GD82	1	U-01	gambiae	A. gambiae
A0A1S4GD83	1	U-01	gambiae	A. gambiae
A0A1S4GD98	1	U-01	gambiae	A. gambiae
A0A1S4GDA2	2	U-02	gambiae	A. gambiae
A0A1S4GDG9	1	U-01	gambiae	A. gambiae
A0A1S4GDH1	2	U-02	gambiae	A. gambiae
A0A1S4GDI2	1	U-01	gambiae	A. gambiae
A0A1S4GDK0	1	U-01	gambiae	A. gambiae
A0A1S4GDM0	1	U-01	gambiae	A. gambiae
A0A1S4GDM7	1	U-01	gambiae	A. gambiae
A0A1S4GDN6	2	U-02	gambiae	A. gambiae
A0A1S4GDQ4	2	U-02	gambiae	A. gambiae
A0A1S4GDR1	2	U-02	gambiae	A. gambiae
A0A1S4GDR7	1	U-01	gambiae	A. gambiae
A0A1S4GDS9	2	U-02	gambiae	A. gambiae
A0A1S4GDT7	1	U-01	gambiae	A. gambiae
A0A1S4GDU1	1	U-01	gambiae	A. gambiae
A0A1S4GPH1	1	U-01	gambiae	A. gambiae
A0A1S4GPH7	1	U-01	gambiae	A. gambiae
A0A1S4GPL4	1	U-01	gambiae	A. gambiae
A0A1S4GPL8	1	U-01	gambiae	A. gambiae
A0A1S4GPM4	1	U-01	gambiae	A. gambiae
A0A1S4GPP4	1	U-01	gambiae	A. gambiae
A0A1S4GPT2	1	U-01	gambiae	A. gambiae
A0A1S4GPV2	1	U-01	gambiae	A. gambiae
A0A1S4GPW8	2	U-02	gambiae	A. gambiae
A0A1S4GPX4	1	U-01	gambiae	A. gambiae
A0A1S4GPY6	1	U-01	gambiae	A. gambiae
A0A1S4GPZ3	1	U-01	gambiae	A. gambiae
A0A1S4GPZ6	2	U-02	gambiae	A. gambiae
A0A1S4GQ06	1	U-01	gambiae	A. gambiae
A0A1S4GQ32	2	U-02	gambiae	A. gambiae
A0A1S4GQ37	1	U-01	gambiae	A. gambiae
A0A1S4GQ48	1	U-01	gambiae	A. gambiae
A0A1S4GQ51	2	U-02	gambiae	A. gambiae
A0A1S4GQ78	1	U-01	gambiae	A. gambiae
A0A1S4GQ81	1	U-01	gambiae	A. gambiae
A0A1S4GQB4	2	U-02	gambiae	A. gambiae
A0A1S4GQC0	1	U-01	gambiae	A. gambiae
A0A1S4GQD1	1	U-01	gambiae	A. gambiae
A0A1S4GQJ9	1	U-01	gambiae	A. gambiae
A0A1S4GQM5	1	U-01	gambiae	A. gambiae
A0A1S4GQN3	1	U-01	gambiae	A. gambiae
A0A1S4GQR1	1	U-01	gambiae	A. gambiae
A0A1S4GQR3	1	U-01	gambiae	A. gambiae
A0A1S4GQS4	1	U-01	gambiae	A. gambiae
A0A1S4GQT0	1	U-01	gambiae	A. gambiae
A0A1S4GQT3	1	U-01	gambiae	A. gambiae
A0A1S4GQU0	2	U-02	gambiae	A. gambiae
A0A1S4GZ14	1	U-01	gambiae	A. gambiae
A0A1S4GZ18	1	U-01	gambiae	A. gambiae
A0A1S4GZ20	1	U-01	gambiae	A. gambiae
A0A1S4GZ22	1	U-01	gambiae	A. gambiae
A0A1S4GZ24	1	U-01	gambiae	A. gambiae
A0A1S4GZ25	1	U-01	gambiae	A. gambiae
A0A1S4GZ27	1	U-01	gambiae	A. gambiae
A0A1S4GZ28	1	U-01	gambiae	A. gambiae
A0A1S4GZ33	2	U-02	gambiae	A. gambiae
A0A1S4GZ34	1	U-01	gambiae	A. gambiae
A0A1S4GZ35	1	U-01	gambiae	A. gambiae
A0A1S4GZ38	1	U-01	gambiae	A. gambiae
A0A1S4GZ41	1	U-01	gambiae	A. gambiae
A0A1S4GZ43	1	U-01	gambiae	A. gambiae
A0A1S4GZ44	1	U-01	gambiae	A. gambiae
A0A1S4GZ46	1	U-01	gambiae	A. gambiae
A0A1S4GZ47	1	U-01	gambiae	A. gambiae
A0A1S4GZ51	2	U-02	gambiae	A. gambiae
A0A1S4GZ55	1	U-01	gambiae	A. gambiae
A0A1S4GZ58	1	U-01	gambiae	A. gambiae
A0A1S4GZ60	1	U-01	gambiae	A. gambiae
A0A1S4GZ64	1	U-01	gambiae	A. gambiae
A0A1S4GZ70	2	U-02	gambiae	A. gambiae
A0A1S4GZ71	1	U-01	gambiae	A. gambiae
A0A1S4GZ73	1	U-01	gambiae	A. gambiae
A0A1S4GZ76	1	U-01	gambiae	A. gambiae
A0A1S4GZ80	1	U-01	gambiae	A. gambiae
A0A1S4GZ83	1	U-01	gambiae	A. gambiae
A0A1S4GZ90	1	U-01	gambiae	A. gambiae
A0A1S4GZ96	1	U-01	gambiae	A. gambiae
A0A1S4GZ97	1	U-01	gambiae	A. gambiae
A0A1S4GZA4	1	U-01	gambiae	A. gambiae
A0A1S4GZA6	1	U-01	gambiae	A. gambiae
A0A1S4GZB0	1	U-01	gambiae	A. gambiae
A0A1S4GZB5	1	U-01	gambiae	A. gambiae
A0A1S4GZB6	1	U-01	gambiae	A. gambiae
A0A1S4GZB7	1	U-01	gambiae	A. gambiae
A0A1S4GZB8	1	U-01	gambiae	A. gambiae
A0A1S4GZC0	1	U-01	gambiae	A. gambiae
A0A1S4GZC1	1	U-01	gambiae	A. gambiae
A0A1S4GZC3	2	U-02	gambiae	A. gambiae
A0A1S4GZC4	1	U-01	gambiae	A. gambiae
A0A1S4GZC7	1	U-01	gambiae	A. gambiae
A0A1S4GZD0	1	U-01	gambiae	A. gambiae
A0A1S4GZD3	1	U-01	gambiae	A. gambiae
A0A1S4GZD9	1	U-01	gambiae	A. gambiae
A0A1S4GZE1	1	U-01	gambiae	A. gambiae
A0A1S4GZE6	1	U-01	gambiae	A. gambiae
A0A1S4GZE8	1	U-01	gambiae	A. gambiae
A0A1S4GZE9	1	U-01	gambiae	A. gambiae
A0A1S4GZF3	1	U-01	gambiae	A. gambiae
A0A1S4GZF4	1	U-01	gambiae	A. gambiae
A0A1S4GZH2	1	U-01	gambiae	A. gambiae
A0A1S4GZH4	1	U-01	gambiae	A. gambiae
A0A1S4GZH5	1	U-01	gambiae	A. gambiae
A0A1S4GZH6	1	U-01	gambiae	A. gambiae
A0A1S4H732	2	U-02	gambiae	A. gambiae
A0A1S4H734	1	U-01	gambiae	A. gambiae
A0A1S4H736	1	U-01	gambiae	A. gambiae
A0A1S4H737	1	U-01	gambiae	A. gambiae
A0A1S4H745	2	U-02	gambiae	A. gambiae
A0A1S4H746	1	U-01	gambiae	A. gambiae
A0A1S4H749	0	unassigned	gambiae	A. gambiae
A0A1S4H754	0	unassigned	gambiae	A. gambiae
A0A1S4H758	1	U-01	gambiae	A. gambiae
A0A1S4H759	1	U-01	gambiae	A. gambiae
A0A1S4H762	1	U-01	gambiae	A. gambiae
A0A1S4H767	1	U-01	gambiae	A. gambiae
A0A1S4H778	1	U-01	gambiae	A. gambiae
A0A1S4H788	1	U-01	gambiae	A. gambiae
A0A1S4H795	1	U-01	gambiae	A. gambiae
A0A1S4H797	2	U-02	gambiae	A. gambiae
A0A1S4H7A1	2	U-02	gambiae	A. gambiae
A0A1S4H7A2	1	U-01	gambiae	A. gambiae
A0A1S4H7A4	2	U-02	gambiae	A. gambiae
A0A1S4H7A6	2	U-02	gambiae	A. gambiae
A0A1S4H7B8	1	U-01	gambiae	A. gambiae
A0A1S4H7B9	1	U-01	gambiae	A. gambiae
A0A1S4H7C4	1	U-01	gambiae	A. gambiae
A0A1S4H7C5	1	U-01	gambiae	A. gambiae
A0A1S4H7D0	1	U-01	gambiae	A. gambiae
A0A1S4H7E1	1	U-01	gambiae	A. gambiae
A0A1S4H7E2	1	U-01	gambiae	A. gambiae
A0A1S4H7E5	1	U-01	gambiae	A. gambiae
A0A1S4H7F0	1	U-01	gambiae	A. gambiae
A0A1S4H7F2	1	U-01	gambiae	A. gambiae
A0A1S4H7F3	1	U-01	gambiae	A. gambiae
A0A1S4H7G0	2	U-02	gambiae	A. gambiae
A0A1S4H7G8	1	U-01	gambiae	A. gambiae
A0A1S4H7H0	1	U-01	gambiae	A. gambiae
A0A1S4H7H3	1	U-01	gambiae	A. gambiae
A0A1S4H7H4	1	U-01	gambiae	A. gambiae
A0A1S4H7H8	2	U-02	gambiae	A. gambiae
A0A1S4H7I5	2	U-02	gambiae	A. gambiae
A0A1S4H7I8	1	U-01	gambiae	A. gambiae
A0A1S4H7J0	2	U-02	gambiae	A. gambiae
A0A1S4H7J1	1	U-01	gambiae	A. gambiae
A0A1S4H7J3	1	U-01	gambiae	A. gambiae
A0A1S4H7K5	1	U-01	gambiae	A. gambiae
A0A1S4H7K6	1	U-01	gambiae	A. gambiae
Q7QH66	2	U-02	gambiae	A. gambiae
Q7QHF5	1	U-01	gambiae	A. gambiae
Q7QHJ5	1	U-01	gambiae	A. gambiae
Q7QHL9	1	U-01	gambiae	A. gambiae
Q7QHS7	2	U-02	gambiae	A. gambiae
Q7QHW5	1	U-01	gambiae	A. gambiae
Q7QHW8	1	U-01	gambiae	A. gambiae
Q7QHY0	1	U-01	gambiae	A. gambiae
Q7QI10	1	U-01	gambiae	A. gambiae
Q7QI42	1	U-01	gambiae	A. gambiae
Q7QI48	1	U-01	gambiae	A. gambiae
Q7QI50	1	U-01	gambiae	A. gambiae
Q7QI85	1	U-01	gambiae	A. gambiae
Q7QIB4	1	U-01	gambiae	A. gambiae
Q7QIC5	1	U-01	gambiae	A. gambiae
Q7QID3	1	U-01	gambiae	A. gambiae
Q7QID8	1	U-01	gambiae	A. gambiae
Q7QIE3	1	U-01	gambiae	A. gambiae
Q7QIF6	1	U-01	gambiae	A. gambiae
Q7QIJ1	2	U-02	gambiae	A. gambiae
Q7QIJ3	2	U-02	gambiae	A. gambiae
Q7QIJ4	2	U-02	gambiae	A. gambiae
Q7QIK8	1	U-01	gambiae	A. gambiae
Q7QIL1	1	U-01	gambiae	A. gambiae
Q7QIM2	1	U-01	gambiae	A. gambiae
Q7QIN1	2	U-02	gambiae	A. gambiae
Q7QIP0	2	U-02	gambiae	A. gambiae
Q7QIP5	1	U-01	gambiae	A. gambiae
Q7QIQ6	2	U-02	gambiae	A. gambiae
Q7QIX6	1	U-01	gambiae	A. gambiae
Q7QIY7	1	U-01	gambiae	A. gambiae
Q7QIZ2	2	U-02	gambiae	A. gambiae
Q7QIZ4	1	U-01	gambiae	A. gambiae
Q7QJ01	1	U-01	gambiae	A. gambiae
Q7QJ08	1	U-01	gambiae	A. gambiae
Q7QJ25	1	U-01	gambiae	A. gambiae
Q7QJ26	2	U-02	gambiae	A. gambiae
Q7QJ48	2	U-02	gambiae	A. gambiae
Q7QJ74	1	U-01	gambiae	A. gambiae
Q7QJB7	1	U-01	gambiae	A. gambiae
Q7QJC8	2	U-02	gambiae	A. gambiae
A0A1S4GHE1	1	U-01	gambiae	A. gambiae
A0A1S4GHH2	1	U-01	gambiae	A. gambiae
A0A1S4GHI0	1	U-01	gambiae	A. gambiae
A0A1S4GHI2	2	U-02	gambiae	A. gambiae
A0A1S4GHI4	1	U-01	gambiae	A. gambiae
A0A1S4GHI6	1	U-01	gambiae	A. gambiae
A0A1S4GHJ1	1	U-01	gambiae	A. gambiae
A0A1S4GHJ7	2	U-02	gambiae	A. gambiae
A0A1S4GHK6	1	U-01	gambiae	A. gambiae
A0A1S4GHR9	1	U-01	gambiae	A. gambiae
A0A1S4GHS0	1	U-01	gambiae	A. gambiae
A0A1S4GHV3	1	U-01	gambiae	A. gambiae
A0A1S4GHZ0	1	U-01	gambiae	A. gambiae
A0A1S4GI04	2	U-02	gambiae	A. gambiae
A0A1S4GI16	1	U-01	gambiae	A. gambiae
A0A1S4GI32	0	unassigned	gambiae	A. gambiae
A0A1S4GI55	1	U-01	gambiae	A. gambiae
A0A1S4GI58	1	U-01	gambiae	A. gambiae
A0A1S4GIA2	1	U-01	gambiae	A. gambiae
A0A1S4GIB9	1	U-01	gambiae	A. gambiae
A0A1S4GID0	1	U-01	gambiae	A. gambiae
A0A1S4GID5	1	U-01	gambiae	A. gambiae
A0A1S4GIE3	1	U-01	gambiae	A. gambiae
A0A1S4GIE9	1	U-01	gambiae	A. gambiae
A0A1S4GIF0	1	U-01	gambiae	A. gambiae
A0A1S4GIJ6	1	U-01	gambiae	A. gambiae
A0A1S4GIK3	1	U-01	gambiae	A. gambiae
A0A1S4GIM2	2	U-02	gambiae	A. gambiae
A0A1S4GIM7	2	U-02	gambiae	A. gambiae
A0A1S4GIQ1	2	U-02	gambiae	A. gambiae
A0A1S4GIR2	2	U-02	gambiae	A. gambiae
A0A1S4GIS7	1	U-01	gambiae	A. gambiae
A0A1S4GIT4	2	U-02	gambiae	A. gambiae
A0A1S4GIU0	2	U-02	gambiae	A. gambiae
A0A1S4GIU9	1	U-01	gambiae	A. gambiae
A0A1S4GIX1	1	U-01	gambiae	A. gambiae
A0A1S4GIX8	2	U-02	gambiae	A. gambiae
A0A1S4GJ31	2	U-02	gambiae	A. gambiae
A0A1S4GJ51	1	U-01	gambiae	A. gambiae
A0A1S4GJ52	2	U-02	gambiae	A. gambiae
A0A1S4GJ86	0	unassigned	gambiae	A. gambiae
A0A1S4GJ95	1	U-01	gambiae	A. gambiae
A0A1S4GJ96	1	U-01	gambiae	A. gambiae
A0A1S4GJA7	1	U-01	gambiae	A. gambiae
A0A1S4GJD6	1	U-01	gambiae	A. gambiae
A0A1S4GJE5	1	U-01	gambiae	A. gambiae
A0A1S4GJG9	2	U-02	gambiae	A. gambiae
A0A1S4GJH4	2	U-02	gambiae	A. gambiae
A0A1S4GJK8	1	U-01	gambiae	A. gambiae
A0A1S4GJL7	1	U-01	gambiae	A. gambiae
A0A1S4GJN2	1	U-01	gambiae	A. gambiae
A0A1S4GJN7	1	U-01	gambiae	A. gambiae
A0A1S4GJP2	1	U-01	gambiae	A. gambiae
A0A1S4GJQ0	1	U-01	gambiae	A. gambiae
A0A1S4GJU3	1	U-01	gambiae	A. gambiae
A0A1S4GK06	1	U-01	gambiae	A. gambiae
A0A1S4GK08	1	U-01	gambiae	A. gambiae
A0A1S4GK39	1	U-01	gambiae	A. gambiae
A0A1S4GK53	1	U-01	gambiae	A. gambiae
A0A1S4GTA8	1	U-01	gambiae	A. gambiae
A0A1S4GTH2	2	U-02	gambiae	A. gambiae
A0A1S4GTH9	1	U-01	gambiae	A. gambiae
A0A1S4GTI8	1	U-01	gambiae	A. gambiae
A0A1S4GTK7	1	U-01	gambiae	A. gambiae
A0A1S4GTM6	1	U-01	gambiae	A. gambiae
A0A1S4GTN1	1	U-01	gambiae	A. gambiae
A0A1S4GTP2	1	U-01	gambiae	A. gambiae
A0A1S4GTT7	1	U-01	gambiae	A. gambiae
A0A1S4GTU7	1	U-01	gambiae	A. gambiae
A0A1S4GTY3	1	U-01	gambiae	A. gambiae
A0A1S4GTY7	1	U-01	gambiae	A. gambiae
A0A1S4GU30	2	U-02	gambiae	A. gambiae
A0A1S4GU34	1	U-01	gambiae	A. gambiae
A0A1S4GU37	2	U-02	gambiae	A. gambiae
A0A1S4GU46	2	U-02	gambiae	A. gambiae
A0A1S4GU65	1	U-01	gambiae	A. gambiae
A0A1S4GU66	1	U-01	gambiae	A. gambiae
A0A1S4GU77	2	U-02	gambiae	A. gambiae
A0A1S4GUE2	1	U-01	gambiae	A. gambiae
A0A1S4GUF2	1	U-01	gambiae	A. gambiae
A0A1S4GUG0	1	U-01	gambiae	A. gambiae
A0A1S4GUH1	1	U-01	gambiae	A. gambiae
A0A1S4GUK1	2	U-02	gambiae	A. gambiae
A0A1S4GUU5	1	U-01	gambiae	A. gambiae
A0A1S4GUU8	1	U-01	gambiae	A. gambiae
A0A1S4GUW1	2	U-02	gambiae	A. gambiae
A0A1S4GUW7	1	U-01	gambiae	A. gambiae
A0A1S4GUY5	1	U-01	gambiae	A. gambiae
A0A1S4GUY9	1	U-01	gambiae	A. gambiae
A0A1S4GUZ5	1	U-01	gambiae	A. gambiae
A0A1S4GV00	1	U-01	gambiae	A. gambiae
A0A1S4GV02	1	U-01	gambiae	A. gambiae
A0A1S4GV03	1	U-01	gambiae	A. gambiae
A0A1S4GV05	1	U-01	gambiae	A. gambiae
A0A1S4GV06	1	U-01	gambiae	A. gambiae
A0A1S4GV38	1	U-01	gambiae	A. gambiae
A0A1S4GV73	1	U-01	gambiae	A. gambiae
A0A1S4GV90	2	U-02	gambiae	A. gambiae
A0A1S4GV97	2	U-02	gambiae	A. gambiae
A0A1S4GVA4	1	U-01	gambiae	A. gambiae
A0A1S4GVB7	1	U-01	gambiae	A. gambiae
A0A1S4GVC6	1	U-01	gambiae	A. gambiae
A0A1S4GVE0	1	U-01	gambiae	A. gambiae
A0A1S4GVE2	1	U-01	gambiae	A. gambiae
A0A1S4GVG0	2	U-02	gambiae	A. gambiae
A0A1S4GVG2	1	U-01	gambiae	A. gambiae
A0A1S4GVG6	1	U-01	gambiae	A. gambiae
A0A1S4GVH5	1	U-01	gambiae	A. gambiae
A0A1S4GVH6	1	U-01	gambiae	A. gambiae
A0A1S4GVI8	1	U-01	gambiae	A. gambiae
A0A1S4GVJ6	1	U-01	gambiae	A. gambiae
A0A1S4GVJ7	2	U-02	gambiae	A. gambiae
A0A1S4GVK1	1	U-01	gambiae	A. gambiae
A0A1S4GVL6	2	U-02	gambiae	A. gambiae
A0A1S4GVM0	1	U-01	gambiae	A. gambiae
A0A1S4GVM1	1	U-01	gambiae	A. gambiae
A0A1S4GVP7	1	U-01	gambiae	A. gambiae
A0A1S4GVR1	1	U-01	gambiae	A. gambiae
A0A1S4GVS0	1	U-01	gambiae	A. gambiae
A0A1S4GVS1	1	U-01	gambiae	A. gambiae
A0A1S4GVU6	1	U-01	gambiae	A. gambiae
A0A1S4GVV9	1	U-01	gambiae	A. gambiae
A0A1S4GVX7	1	U-01	gambiae	A. gambiae
A0A1S4GVZ0	2	U-02	gambiae	A. gambiae
A0A1S4GVZ3	1	U-01	gambiae	A. gambiae
A0A1S4GW06	1	U-01	gambiae	A. gambiae
A0A1S4GW24	1	U-01	gambiae	A. gambiae
A0A1S4GW31	1	U-01	gambiae	A. gambiae
A0A1S4GW38	1	U-01	gambiae	A. gambiae
A0A1S4GW64	1	U-01	gambiae	A. gambiae
A0A1S4GW68	1	U-01	gambiae	A. gambiae
A0A1S4GW72	1	U-01	gambiae	A. gambiae
A0A1S4GW77	2	U-02	gambiae	A. gambiae
A0A1S4GW80	2	U-02	gambiae	A. gambiae
A0A1S4GW87	1	U-01	gambiae	A. gambiae
A0A1S4GW90	1	U-01	gambiae	A. gambiae
A0A1S4GWA3	1	U-01	gambiae	A. gambiae
A0A1S4GWB2	1	U-01	gambiae	A. gambiae
A0A1S4GWB7	1	U-01	gambiae	A. gambiae
A0A1S4GWC0	1	U-01	gambiae	A. gambiae
A0A1S4GWC3	1	U-01	gambiae	A. gambiae
A0A1S4GWD1	1	U-01	gambiae	A. gambiae
A0A1S4GWD4	1	U-01	gambiae	A. gambiae
A0A1S4GWF2	1	U-01	gambiae	A. gambiae
A0A1S4GWG5	1	U-01	gambiae	A. gambiae
A0A1S4GWI1	1	U-01	gambiae	A. gambiae
A0A1S4H025	1	U-01	gambiae	A. gambiae
A0A1S4H026	1	U-01	gambiae	A. gambiae
A0A1S4H033	1	U-01	gambiae	A. gambiae
A0A1S4H037	1	U-01	gambiae	A. gambiae
A0A1S4H041	1	U-01	gambiae	A. gambiae
A0A1S4H043	1	U-01	gambiae	A. gambiae
A0A1S4H048	1	U-01	gambiae	A. gambiae
A0A1S4H051	1	U-01	gambiae	A. gambiae
A0A1S4H052	1	U-01	gambiae	A. gambiae
A0A1S4H053	1	U-01	gambiae	A. gambiae
A0A1S4H054	1	U-01	gambiae	A. gambiae
A0A1S4H060	1	U-01	gambiae	A. gambiae
A0A1S4H061	1	U-01	gambiae	A. gambiae
Q7Q0T6	1	U-01	gambiae	A. gambiae
Q7Q0T7	2	U-02	gambiae	A. gambiae
Q7Q0U0	1	U-01	gambiae	A. gambiae
Q7Q0U1	1	U-01	gambiae	A. gambiae
Q7Q0V0	2	U-02	gambiae	A. gambiae
Q7Q0V1	1	U-01	gambiae	A. gambiae
Q7Q0Y4	1	U-01	gambiae	A. gambiae
Q7Q0Y7	1	U-01	gambiae	A. gambiae
Q7Q0Y9	1	U-01	gambiae	A. gambiae
Q7Q107	1	U-01	gambiae	A. gambiae
Q7Q108	1	U-01	gambiae	A. gambiae
Q7Q124	1	U-01	gambiae	A. gambiae
Q7Q132	1	U-01	gambiae	A. gambiae
Q7Q136	1	U-01	gambiae	A. gambiae
Q7Q137	1	U-01	gambiae	A. gambiae
Q7Q162	1	U-01	gambiae	A. gambiae
Q7Q163	1	U-01	gambiae	A. gambiae
Q7Q168	1	U-01	gambiae	A. gambiae
Q7Q176	1	U-01	gambiae	A. gambiae
Q7Q184	1	U-01	gambiae	A. gambiae
Q7Q197	1	U-01	gambiae	A. gambiae
Q7Q1A5	1	U-01	gambiae	A. gambiae
Q7Q1B8	1	U-01	gambiae	A. gambiae
Q7Q1E3	2	U-02	gambiae	A. gambiae
Q7Q1E9	1	U-01	gambiae	A. gambiae
Q7Q1H0	1	U-01	gambiae	A. gambiae
Q7Q1H2	2	U-02	gambiae	A. gambiae
Q7Q1I7	1	U-01	gambiae	A. gambiae
Q7Q1N7	1	U-01	gambiae	A. gambiae
Q7Q1P1	1	U-01	gambiae	A. gambiae
Q7Q1P6	1	U-01	gambiae	A. gambiae
Q7Q1P8	1	U-01	gambiae	A. gambiae
Q7Q1Q9	2	U-02	gambiae	A. gambiae
Q7Q1S2	1	U-01	gambiae	A. gambiae
Q7Q1S4	1	U-01	gambiae	A. gambiae
Q7Q1S5	1	U-01	gambiae	A. gambiae
Q7Q1U6	1	U-01	gambiae	A. gambiae
Q7Q1V6	1	U-01	gambiae	A. gambiae
Q7Q1V7	1	U-01	gambiae	A. gambiae
Q7Q1W4	1	U-01	gambiae	A. gambiae
Q7Q1Y6	1	U-01	gambiae	A. gambiae
Q7Q1Y8	1	U-01	gambiae	A. gambiae
Q7Q1Z1	1	U-01	gambiae	A. gambiae
Q7Q209	2	U-02	gambiae	A. gambiae
Q7Q213	1	U-01	gambiae	A. gambiae
Q7Q223	1	U-01	gambiae	A. gambiae
Q7Q237	1	U-01	gambiae	A. gambiae
Q7Q251	2	U-02	gambiae	A. gambiae
Q7Q254	1	U-01	gambiae	A. gambiae
Q7Q256	1	U-01	gambiae	A. gambiae
Q7Q260	2	U-02	gambiae	A. gambiae
Q7Q266	1	U-01	gambiae	A. gambiae
Q7Q270	1	U-01	gambiae	A. gambiae
Q7Q279	1	U-01	gambiae	A. gambiae
Q7Q284	1	U-01	gambiae	A. gambiae
Q7Q286	2	U-02	gambiae	A. gambiae
Q7Q288	1	U-01	gambiae	A. gambiae
Q7Q289	1	U-01	gambiae	A. gambiae
Q7Q290	2	U-02	gambiae	A. gambiae
Q7Q293	1	U-01	gambiae	A. gambiae
Q7Q296	1	U-01	gambiae	A. gambiae
Q7Q297	2	U-02	gambiae	A. gambiae
Q7Q298	2	U-02	gambiae	A. gambiae
Q7Q2A8	1	U-01	gambiae	A. gambiae
Q7Q2B0	1	U-01	gambiae	A. gambiae
Q7Q2B1	1	U-01	gambiae	A. gambiae
Q7Q2B4	1	U-01	gambiae	A. gambiae
Q7Q2C3	1	U-01	gambiae	A. gambiae
Q7Q2C4	1	U-01	gambiae	A. gambiae
Q7Q2C5	1	U-01	gambiae	A. gambiae
Q7Q2C6	1	U-01	gambiae	A. gambiae
Q7Q2D4	0	unassigned	gambiae	A. gambiae
Q7Q2D9	1	U-01	gambiae	A. gambiae
Q7Q2E3	1	U-01	gambiae	A. gambiae
Q7Q2F1	1	U-01	gambiae	A. gambiae
Q7Q808	1	U-01	gambiae	A. gambiae
Q7Q810	1	U-01	gambiae	A. gambiae
Q7Q811	1	U-01	gambiae	A. gambiae
Q7Q813	1	U-01	gambiae	A. gambiae
Q7Q814	1	U-01	gambiae	A. gambiae
Q7Q823	2	U-02	gambiae	A. gambiae
Q7Q835	1	U-01	gambiae	A. gambiae
Q7Q844	1	U-01	gambiae	A. gambiae
Q7Q850	1	U-01	gambiae	A. gambiae
Q7Q852	1	U-01	gambiae	A. gambiae
Q7Q862	1	U-01	gambiae	A. gambiae
Q7Q874	1	U-01	gambiae	A. gambiae
Q7Q879	1	U-01	gambiae	A. gambiae
Q7Q8A0	1	U-01	gambiae	A. gambiae
Q7Q8E6	1	U-01	gambiae	A. gambiae
Q7Q8F0	1	U-01	gambiae	A. gambiae
Q7Q8F5	1	U-01	gambiae	A. gambiae
Q7Q8F7	1	U-01	gambiae	A. gambiae
Q7Q8G9	1	U-01	gambiae	A. gambiae
Q7Q8I1	1	U-01	gambiae	A. gambiae
Q7Q8I2	1	U-01	gambiae	A. gambiae
Q7Q8I7	1	U-01	gambiae	A. gambiae
Q7Q8J1	1	U-01	gambiae	A. gambiae
Q7Q8K2	1	U-01	gambiae	A. gambiae
Q7Q8K4	2	U-02	gambiae	A. gambiae
A0A453Z0U3	1	U-01	gambiae	A. gambiae
A0A453Z0U7	1	U-01	gambiae	A. gambiae
A0A453Z0U8	2	U-02	gambiae	A. gambiae
A0A453Z0U9	1	U-01	gambiae	A. gambiae
A0A453Z0V5	1	U-01	gambiae	A. gambiae
A0A453Z0W1	1	U-01	gambiae	A. gambiae
A0A453Z0W3	1	U-01	gambiae	A. gambiae
A0A453Z0W5	1	U-01	gambiae	A. gambiae
A0A453Z0X1	1	U-01	gambiae	A. gambiae
A0A453Z0X3	1	U-01	gambiae	A. gambiae
A0A453Z0X4	1	U-01	gambiae	A. gambiae
A0A453Z0X6	1	U-01	gambiae	A. gambiae
A0A453Z0X7	1	U-01	gambiae	A. gambiae
A0A453Z0Y0	1	U-01	gambiae	A. gambiae
A0A453Z0Y1	1	U-01	gambiae	A. gambiae
A0A453Z0Y2	1	U-01	gambiae	A. gambiae
A0A453Z0Y5	2	U-02	gambiae	A. gambiae
A0A453Z0Y6	0	unassigned	gambiae	A. gambiae
A0A453Z0Y7	0	unassigned	gambiae	A. gambiae
A0A453Z0Y8	2	U-02	gambiae	A. gambiae
A0A453Z0Z1	1	U-01	gambiae	A. gambiae
A0A453Z0Z3	1	U-01	gambiae	A. gambiae
A0A453Z0Z4	1	U-01	gambiae	A. gambiae
A0A453Z0Z6	1	U-01	gambiae	A. gambiae
A0A453Z0Z7	1	U-01	gambiae	A. gambiae
A0A453Z0Z9	1	U-01	gambiae	A. gambiae
A0A453Z100	1	U-01	gambiae	A. gambiae
A0A453Z101	1	U-01	gambiae	A. gambiae
A0A453Z102	1	U-01	gambiae	A. gambiae
A0A453Z104	1	U-01	gambiae	A. gambiae
A0A453Z106	1	U-01	gambiae	A. gambiae
A0A453Z107	1	U-01	gambiae	A. gambiae
A0A453Z108	1	U-01	gambiae	A. gambiae
A0A453Z109	1	U-01	gambiae	A. gambiae
A0A453Z110	1	U-01	gambiae	A. gambiae
A0A453Z115	1	U-01	gambiae	A. gambiae
A0A453Z116	2	U-02	gambiae	A. gambiae
A0A453Z120	2	U-02	gambiae	A. gambiae
A0A453Z122	2	U-02	gambiae	A. gambiae
A0A453Z123	2	U-02	gambiae	A. gambiae
A0A453Z124	1	U-01	gambiae	A. gambiae
A0A453Z125	1	U-01	gambiae	A. gambiae
A0A453Z126	1	U-01	gambiae	A. gambiae
A0A453Z128	1	U-01	gambiae	A. gambiae
A0A453Z130	1	U-01	gambiae	A. gambiae
A0A453Z131	0	unassigned	gambiae	A. gambiae
A0A453Z134	1	U-01	gambiae	A. gambiae
A0A453Z135	1	U-01	gambiae	A. gambiae
A0A453Z138	1	U-01	gambiae	A. gambiae
A0A453Z139	1	U-01	gambiae	A. gambiae
A0A453Z140	1	U-01	gambiae	A. gambiae
A0A453Z142	1	U-01	gambiae	A. gambiae
A0A453Z143	2	U-02	gambiae	A. gambiae
A0A453Z144	0	unassigned	gambiae	A. gambiae
A0A453Z146	0	unassigned	gambiae	A. gambiae
A0A453Z149	1	U-01	gambiae	A. gambiae
A0A453Z150	0	unassigned	gambiae	A. gambiae
A0A453Z151	1	U-01	gambiae	A. gambiae
A0A453Z152	0	unassigned	gambiae	A. gambiae
A0A453Z153	1	U-01	gambiae	A. gambiae
A0A453Z154	1	U-01	gambiae	A. gambiae
A0A453Z156	1	U-01	gambiae	A. gambiae
A0A499FV63	1	U-01	gambiae	A. gambiae
A0A499FV97	1	U-01	gambiae	A. gambiae
A0A499FVA5	1	U-01	gambiae	A. gambiae
A0A499FVL5	1	U-01	gambiae	A. gambiae
A0A499FVY0	1	U-01	gambiae	A. gambiae
A0ABK8G874	0	unassigned	gambiae	A. gambiae
A0ABK8G8C2	1	U-01	gambiae	A. gambiae
A0ACM8QDV4	2	U-02	gambiae	A. gambiae
A0NAB4	1	U-01	gambiae	A. gambiae
A0NAB6	1	U-01	gambiae	A. gambiae
A0NAB7	1	U-01	gambiae	A. gambiae
A0NAC1	0	unassigned	gambiae	A. gambiae
A0NAC7	1	U-01	gambiae	A. gambiae
A0NAD0	1	U-01	gambiae	A. gambiae
A0NAD1	1	U-01	gambiae	A. gambiae
A0NAD6	1	U-01	gambiae	A. gambiae
A0NAD9	1	U-01	gambiae	A. gambiae
A0NAF9	1	U-01	gambiae	A. gambiae
A0NAG0	1	U-01	gambiae	A. gambiae
A0NAG4	2	U-02	gambiae	A. gambiae
A0NAJ6	1	U-01	gambiae	A. gambiae
A0NAK0	1	U-01	gambiae	A. gambiae
A0NAK3	2	U-02	gambiae	A. gambiae
A0NAK4	0	unassigned	gambiae	A. gambiae
A0NAL1	0	unassigned	gambiae	A. gambiae
A0NAM1	1	U-01	gambiae	A. gambiae
A0NAM3	1	U-01	gambiae	A. gambiae
A0NAM5	1	U-01	gambiae	A. gambiae
A0NAN2	1	U-01	gambiae	A. gambiae
A0NAN7	1	U-01	gambiae	A. gambiae
A0NAP1	1	U-01	gambiae	A. gambiae
A0NAP9	1	U-01	gambiae	A. gambiae
A0NAQ1	2	U-02	gambiae	A. gambiae
A0NAQ9	1	U-01	gambiae	A. gambiae
A0NAT9	1	U-01	gambiae	A. gambiae
A0NAU0	2	U-02	gambiae	A. gambiae
A0NAU1	0	unassigned	gambiae	A. gambiae
A0NAU3	1	U-01	gambiae	A. gambiae
F5HLF8	1	U-01	gambiae	A. gambiae
F5HLF9	1	U-01	gambiae	A. gambiae
F5HLG0	1	U-01	gambiae	A. gambiae
F5HLG1	1	U-01	gambiae	A. gambiae
F5HLG2	1	U-01	gambiae	A. gambiae
F5HLG3	1	U-01	gambiae	A. gambiae
F5HLG5	1	U-01	gambiae	A. gambiae
F5HLG8	1	U-01	gambiae	A. gambiae
F5HLH2	1	U-01	gambiae	A. gambiae
F5HLJ4	1	U-01	gambiae	A. gambiae
F5HLJ5	1	U-01	gambiae	A. gambiae
F5HLJ6	1	U-01	gambiae	A. gambiae
F5HLK0	1	U-01	gambiae	A. gambiae
F5HLK4	1	U-01	gambiae	A. gambiae
F5HLK7	1	U-01	gambiae	A. gambiae
F5HLL0	1	U-01	gambiae	A. gambiae
F5HLL7	1	U-01	gambiae	A. gambiae
F5HLL8	1	U-01	gambiae	A. gambiae
F5HLM0	1	U-01	gambiae	A. gambiae
F5HLM1	1	U-01	gambiae	A. gambiae
F5HLM2	1	U-01	gambiae	A. gambiae
F5HLM6	1	U-01	gambiae	A. gambiae
F5HLN3	1	U-01	gambiae	A. gambiae
F5HLN4	1	U-01	gambiae	A. gambiae
F5HLN9	1	U-01	gambiae	A. gambiae
F5HLP5	1	U-01	gambiae	A. gambiae
F5HLQ2	1	U-01	gambiae	A. gambiae
F5HLQ3	1	U-01	gambiae	A. gambiae
F5HLQ7	1	U-01	gambiae	A. gambiae
F5HLR1	0	unassigned	gambiae	A. gambiae
F5HLR5	1	U-01	gambiae	A. gambiae
F5HLR6	1	U-01	gambiae	A. gambiae
F5HLR7	2	U-02	gambiae	A. gambiae
F5HLT3	2	U-02	gambiae	A. gambiae
F5HLT7	2	U-02	gambiae	A. gambiae
F5HLT8	2	U-02	gambiae	A. gambiae
F5HLU5	1	U-01	gambiae	A. gambiae
F5HLW2	1	U-01	gambiae	A. gambiae
F5HLW3	1	U-01	gambiae	A. gambiae
F5HLX3	1	U-01	gambiae	A. gambiae
F5HLX4	1	U-01	gambiae	A. gambiae
F5HLX5	1	U-01	gambiae	A. gambiae
F5HLX7	1	U-01	gambiae	A. gambiae
F5HLZ0	1	U-01	gambiae	A. gambiae
F5HLZ1	2	U-02	gambiae	A. gambiae
Q7PK91	2	U-02	gambiae	A. gambiae
Q7PK92	1	U-01	gambiae	A. gambiae
Q7PKA3	2	U-02	gambiae	A. gambiae
Q7PKC1	2	U-02	gambiae	A. gambiae
Q7PKC5	1	U-01	gambiae	A. gambiae
Q7PKF8	1	U-01	gambiae	A. gambiae
Q7PKG3	1	U-01	gambiae	A. gambiae
Q7PKG4	1	U-01	gambiae	A. gambiae
Q7PKH1	1	U-01	gambiae	A. gambiae
Q7PKH2	1	U-01	gambiae	A. gambiae
Q7PKH3	1	U-01	gambiae	A. gambiae
Q7PKH4	1	U-01	gambiae	A. gambiae
Q7PKH9	1	U-01	gambiae	A. gambiae
Q7PKI5	1	U-01	gambiae	A. gambiae
Q7PKK0	2	U-02	gambiae	A. gambiae
Q7PKK3	1	U-01	gambiae	A. gambiae
Q7PKK8	1	U-01	gambiae	A. gambiae
Q7PKL0	1	U-01	gambiae	A. gambiae
Q7PKL9	1	U-01	gambiae	A. gambiae
Q7PKM9	1	U-01	gambiae	A. gambiae
Q7PKP9	1	U-01	gambiae	A. gambiae
Q7PKS7	1	U-01	gambiae	A. gambiae
Q7PKU2	1	U-01	gambiae	A. gambiae
Q7PKU6	1	U-01	gambiae	A. gambiae
Q7PLX8	0	unassigned	gambiae	A. gambiae
Q7PLY4	1	U-01	gambiae	A. gambiae
Q7PLZ0	1	U-01	gambiae	A. gambiae
Q7PLZ4	1	U-01	gambiae	A. gambiae
Q7PLZ6	1	U-01	gambiae	A. gambiae
Q7PM06	1	U-01	gambiae	A. gambiae
Q7PM16	1	U-01	gambiae	A. gambiae
Q7PM20	1	U-01	gambiae	A. gambiae
Q7PM25	1	U-01	gambiae	A. gambiae
Q7PM58	1	U-01	gambiae	A. gambiae
Q7PM68	1	U-01	gambiae	A. gambiae
Q7PM79	1	U-01	gambiae	A. gambiae
Q7PM95	1	U-01	gambiae	A. gambiae
Q7PMB5	1	U-01	gambiae	A. gambiae
Q7PMB7	1	U-01	gambiae	A. gambiae
Q7PMD1	1	U-01	gambiae	A. gambiae
Q7PMD4	1	U-01	gambiae	A. gambiae
Q7PMD6	1	U-01	gambiae	A. gambiae
Q7PMD7	1	U-01	gambiae	A. gambiae
Q7PMD8	1	U-01	gambiae	A. gambiae
Q7PMF3	1	U-01	gambiae	A. gambiae
Q7PMH4	1	U-01	gambiae	A. gambiae
Q7PMH9	2	U-02	gambiae	A. gambiae
Q7PMI7	1	U-01	gambiae	A. gambiae
Q7PMK6	1	U-01	gambiae	A. gambiae
Q7PML1	1	U-01	gambiae	A. gambiae
Q7PML3	1	U-01	gambiae	A. gambiae
Q7PML5	1	U-01	gambiae	A. gambiae
Q7PML7	1	U-01	gambiae	A. gambiae
Q7PMM7	1	U-01	gambiae	A. gambiae
Q7PMQ2	1	U-01	gambiae	A. gambiae
A0A1S4GIQ5	1	U-01	gambiae	A. gambiae
A0A1S4GIQ6	1	U-01	gambiae	A. gambiae
A0A1S4GIR0	1	U-01	gambiae	A. gambiae
A0A1S4GIW4	2	U-02	gambiae	A. gambiae
A0A1S4GIX3	1	U-01	gambiae	A. gambiae
A0A1S4GIZ8	1	U-01	gambiae	A. gambiae
A0A1S4GJ05	1	U-01	gambiae	A. gambiae
A0A1S4GJ06	1	U-01	gambiae	A. gambiae
A0A1S4GJ26	1	U-01	gambiae	A. gambiae
A0A1S4GJ33	2	U-02	gambiae	A. gambiae
A0A1S4GJ46	1	U-01	gambiae	A. gambiae
A0A1S4GJ47	1	U-01	gambiae	A. gambiae
A0A1S4GJ67	2	U-02	gambiae	A. gambiae
A0A1S4GJ87	2	U-02	gambiae	A. gambiae
A0A1S4GJ94	0	unassigned	gambiae	A. gambiae
A0A1S4GJB5	1	U-01	gambiae	A. gambiae
A0A1S4GJC7	1	U-01	gambiae	A. gambiae
A0A1S4GJD5	1	U-01	gambiae	A. gambiae
A0A1S4GJE4	2	U-02	gambiae	A. gambiae
A0A1S4GJF4	1	U-01	gambiae	A. gambiae
A0A1S4GJH3	1	U-01	gambiae	A. gambiae
A0A1S4GJI2	2	U-02	gambiae	A. gambiae
A0A1S4GJJ8	1	U-01	gambiae	A. gambiae
A0A1S4GJJ9	1	U-01	gambiae	A. gambiae
A0A1S4GJK1	1	U-01	gambiae	A. gambiae
A0A1S4GJK4	1	U-01	gambiae	A. gambiae
A0A1S4GJM3	1	U-01	gambiae	A. gambiae
A0A1S4GJM8	1	U-01	gambiae	A. gambiae
A0A1S4GJN1	1	U-01	gambiae	A. gambiae
A0A1S4GJP3	1	U-01	gambiae	A. gambiae
A0A1S4GJT7	1	U-01	gambiae	A. gambiae
A0A1S4GJU5	1	U-01	gambiae	A. gambiae
A0A1S4GJV5	1	U-01	gambiae	A. gambiae
A0A1S4GJW3	1	U-01	gambiae	A. gambiae
A0A1S4GK02	1	U-01	gambiae	A. gambiae
A0A1S4GK28	1	U-01	gambiae	A. gambiae
A0A1S4GK48	1	U-01	gambiae	A. gambiae
A0A1S4GK70	2	U-02	gambiae	A. gambiae
A0A1S4GK92	1	U-01	gambiae	A. gambiae
A0A1S4GK96	1	U-01	gambiae	A. gambiae
A0A1S4GXQ3	1	U-01	gambiae	A. gambiae
A0A1S4GXQ5	0	unassigned	gambiae	A. gambiae
A0A1S4GXQ9	1	U-01	gambiae	A. gambiae
A0A1S4GXR0	1	U-01	gambiae	A. gambiae
A0A1S4GXR4	2	U-02	gambiae	A. gambiae
A0A1S4GXR7	1	U-01	gambiae	A. gambiae
A0A1S4GXR8	1	U-01	gambiae	A. gambiae
A0A1S4GXS1	1	U-01	gambiae	A. gambiae
A0A1S4GXS2	1	U-01	gambiae	A. gambiae
A0A1S4GXS3	1	U-01	gambiae	A. gambiae
A0A1S4GXS4	1	U-01	gambiae	A. gambiae
A0A1S4GXT1	1	U-01	gambiae	A. gambiae
A0A1S4GXU0	1	U-01	gambiae	A. gambiae
A0A1S4GXU3	1	U-01	gambiae	A. gambiae
A0A1S4GXU6	1	U-01	gambiae	A. gambiae
A0A1S4GXU7	1	U-01	gambiae	A. gambiae
A0A1S4GXU8	1	U-01	gambiae	A. gambiae
A0A1S4GXV0	1	U-01	gambiae	A. gambiae
A0A1S4GXV1	1	U-01	gambiae	A. gambiae
A0A1S4GXV5	2	U-02	gambiae	A. gambiae
A0A1S4GXW2	1	U-01	gambiae	A. gambiae
A0A1S4GXW5	1	U-01	gambiae	A. gambiae
A0A1S4GXW6	1	U-01	gambiae	A. gambiae
A0A1S4GXW9	1	U-01	gambiae	A. gambiae
A0A1S4GXX0	1	U-01	gambiae	A. gambiae
A0A1S4GXX2	1	U-01	gambiae	A. gambiae
A0A1S4GXX4	1	U-01	gambiae	A. gambiae
A0A1S4GXX9	1	U-01	gambiae	A. gambiae
A0A1S4GXY1	2	U-02	gambiae	A. gambiae
A0A1S4GXY2	1	U-01	gambiae	A. gambiae
A0A1S4GXY8	1	U-01	gambiae	A. gambiae
A0A1S4GXY9	1	U-01	gambiae	A. gambiae
A0A1S4GXZ2	1	U-01	gambiae	A. gambiae
A0A1S4GXZ3	1	U-01	gambiae	A. gambiae
A0A1S4GY03	1	U-01	gambiae	A. gambiae
A0A1S4GY04	1	U-01	gambiae	A. gambiae
A0A1S4GY09	2	U-02	gambiae	A. gambiae
A0A1S4GY13	1	U-01	gambiae	A. gambiae
A0A1S4GY20	2	U-02	gambiae	A. gambiae
A0A1S4GY22	1	U-01	gambiae	A. gambiae
A0A1S4GY24	1	U-01	gambiae	A. gambiae
A0A1S4GY30	1	U-01	gambiae	A. gambiae
A0A1S4GY31	1	U-01	gambiae	A. gambiae
A0A1S4GY32	1	U-01	gambiae	A. gambiae
A0A1S4GY34	1	U-01	gambiae	A. gambiae
A0A1S4GY36	1	U-01	gambiae	A. gambiae
A0A1S4GY38	1	U-01	gambiae	A. gambiae
A0A1S4GY40	2	U-02	gambiae	A. gambiae
A0A1S4GY43	1	U-01	gambiae	A. gambiae
A0A1S4GY44	1	U-01	gambiae	A. gambiae
A0A1S4GY46	1	U-01	gambiae	A. gambiae
A0A1S4GY47	1	U-01	gambiae	A. gambiae
A0A1S4GY53	1	U-01	gambiae	A. gambiae
A0A1S4GY60	1	U-01	gambiae	A. gambiae
A0A1S4GY63	1	U-01	gambiae	A. gambiae
A0A1S4GY67	1	U-01	gambiae	A. gambiae
A0A1S4GY69	2	U-02	gambiae	A. gambiae
A0A1S4GY71	2	U-02	gambiae	A. gambiae
A0A1S4GY74	1	U-01	gambiae	A. gambiae
A0A1S4GY78	1	U-01	gambiae	A. gambiae
Q7Q7D0	1	U-01	gambiae	A. gambiae
Q7Q7D8	1	U-01	gambiae	A. gambiae
Q7Q7E1	1	U-01	gambiae	A. gambiae
Q7Q7E7	1	U-01	gambiae	A. gambiae
Q7Q7F0	1	U-01	gambiae	A. gambiae
Q7Q7F2	1	U-01	gambiae	A. gambiae
Q7Q7F4	1	U-01	gambiae	A. gambiae
Q7Q7G2	1	U-01	gambiae	A. gambiae
Q7Q7G3	1	U-01	gambiae	A. gambiae
Q7Q7G7	1	U-01	gambiae	A. gambiae
Q7Q7M1	1	U-01	gambiae	A. gambiae
Q7Q7M4	1	U-01	gambiae	A. gambiae
Q7Q7M5	1	U-01	gambiae	A. gambiae
Q7Q7Q2	1	U-01	gambiae	A. gambiae
Q7Q7Q5	1	U-01	gambiae	A. gambiae
Q7Q7Q6	1	U-01	gambiae	A. gambiae
Q7Q7R6	1	U-01	gambiae	A. gambiae
Q7Q7S2	1	U-01	gambiae	A. gambiae
Q7Q7U0	1	U-01	gambiae	A. gambiae
Q7Q7U5	1	U-01	gambiae	A. gambiae
Q7Q7U8	1	U-01	gambiae	A. gambiae
Q7Q7V3	1	U-01	gambiae	A. gambiae
Q7Q7V4	1	U-01	gambiae	A. gambiae
Q7Q7V5	1	U-01	gambiae	A. gambiae
Q7Q7W4	1	U-01	gambiae	A. gambiae
Q7Q7W7	1	U-01	gambiae	A. gambiae
Q7QFD6	1	U-01	gambiae	A. gambiae
Q7QFD7	1	U-01	gambiae	A. gambiae
Q7QFD8	1	U-01	gambiae	A. gambiae
Q7QFE3	1	U-01	gambiae	A. gambiae
Q7QFF5	1	U-01	gambiae	A. gambiae
Q7QFF7	1	U-01	gambiae	A. gambiae
Q7QFG3	1	U-01	gambiae	A. gambiae
Q7QFG5	1	U-01	gambiae	A. gambiae
Q7QFG7	2	U-02	gambiae	A. gambiae
Q7QFG9	1	U-01	gambiae	A. gambiae
Q7QFH0	1	U-01	gambiae	A. gambiae
Q7QFH2	1	U-01	gambiae	A. gambiae
Q7QFH6	2	U-02	gambiae	A. gambiae
Q7QFH9	1	U-01	gambiae	A. gambiae
Q7QFI0	1	U-01	gambiae	A. gambiae
Q7QFJ0	1	U-01	gambiae	A. gambiae
Q7QFJ9	1	U-01	gambiae	A. gambiae
Q7QFL1	1	U-01	gambiae	A. gambiae
Q7QFL2	1	U-01	gambiae	A. gambiae
Q7QFL5	1	U-01	gambiae	A. gambiae
Q7QFL6	1	U-01	gambiae	A. gambiae
Q7QFM0	1	U-01	gambiae	A. gambiae
Q7QFM2	1	U-01	gambiae	A. gambiae
Q7QFP4	2	U-02	gambiae	A. gambiae
Q7QFP5	1	U-01	gambiae	A. gambiae
Q7QFP6	1	U-01	gambiae	A. gambiae
Q7QFP9	1	U-01	gambiae	A. gambiae
Q7QFQ0	1	U-01	gambiae	A. gambiae
Q7QFQ9	1	U-01	gambiae	A. gambiae
Q7QFR8	2	U-02	gambiae	A. gambiae
Q7QFS3	1	U-01	gambiae	A. gambiae
Q7QFS5	1	U-01	gambiae	A. gambiae
Q7QFT2	1	U-01	gambiae	A. gambiae
Q7QFT3	1	U-01	gambiae	A. gambiae
Q7QFT9	1	U-01	gambiae	A. gambiae
Q7QFU2	1	U-01	gambiae	A. gambiae
Q7QFU5	1	U-01	gambiae	A. gambiae
Q7QFU6	2	U-02	gambiae	A. gambiae
Q7QFV2	1	U-01	gambiae	A. gambiae
Q7QFV3	1	U-01	gambiae	A. gambiae
Q7QFV4	1	U-01	gambiae	A. gambiae
Q7QFV8	1	U-01	gambiae	A. gambiae
Q7QFV9	1	U-01	gambiae	A. gambiae
Q7QFW1	1	U-01	gambiae	A. gambiae
Q7QFW5	1	U-01	gambiae	A. gambiae
Q7QFW7	1	U-01	gambiae	A. gambiae
Q7QFX0	1	U-01	gambiae	A. gambiae
Q7QFX1	2	U-02	gambiae	A. gambiae
Q7QFY5	1	U-01	gambiae	A. gambiae
Q7QFY6	1	U-01	gambiae	A. gambiae
Q7QFZ0	1	U-01	gambiae	A. gambiae
Q7QFZ2	1	U-01	gambiae	A. gambiae
Q7QFZ6	1	U-01	gambiae	A. gambiae
Q7QFZ8	1	U-01	gambiae	A. gambiae
Q7QG13	2	U-02	gambiae	A. gambiae
Q7QG15	1	U-01	gambiae	A. gambiae
Q7QG16	1	U-01	gambiae	A. gambiae
Q7QG17	1	U-01	gambiae	A. gambiae
Q7QG60	0	unassigned	gambiae	A. gambiae
Q7QGB2	0	unassigned	gambiae	A. gambiae
Q7QGB3	0	unassigned	gambiae	A. gambiae
Q7QGD5	1	U-01	gambiae	A. gambiae
Q7QGE0	1	U-01	gambiae	A. gambiae
Q7QGE2	1	U-01	gambiae	A. gambiae
Q7QGE3	1	U-01	gambiae	A. gambiae
Q7QGF3	1	U-01	gambiae	A. gambiae
Q7QGG3	2	U-02	gambiae	A. gambiae
Q7QGG5	1	U-01	gambiae	A. gambiae
Q7QGG6	1	U-01	gambiae	A. gambiae
Q7QGI6	1	U-01	gambiae	A. gambiae
Q7QGK5	1	U-01	gambiae	A. gambiae
Q7QGL7	1	U-01	gambiae	A. gambiae
Q7QGN2	2	U-02	gambiae	A. gambiae
Q7QGN3	2	U-02	gambiae	A. gambiae
Q7Q5Q7	1	U-01	gambiae	A. gambiae
Q7Q5Q8	1	U-01	gambiae	A. gambiae
Q7Q5Q9	0	unassigned	gambiae	A. gambiae
Q7Q5R0	1	U-01	gambiae	A. gambiae
Q7QC03	1	U-01	gambiae	A. gambiae
Q7QC05	2	U-02	gambiae	A. gambiae
Q7QC06	1	U-01	gambiae	A. gambiae
Q7QC09	1	U-01	gambiae	A. gambiae
Q7QC10	1	U-01	gambiae	A. gambiae
Q7QC11	1	U-01	gambiae	A. gambiae
Q7QC12	1	U-01	gambiae	A. gambiae
Q7QC13	1	U-01	gambiae	A. gambiae
Q7QC15	1	U-01	gambiae	A. gambiae
Q7QC23	2	U-02	gambiae	A. gambiae
Q7QC28	1	U-01	gambiae	A. gambiae
Q7QC29	1	U-01	gambiae	A. gambiae
Q7QC33	1	U-01	gambiae	A. gambiae
Q7QC35	1	U-01	gambiae	A. gambiae
Q7QC37	2	U-02	gambiae	A. gambiae
Q7QC42	1	U-01	gambiae	A. gambiae
Q7QC44	1	U-01	gambiae	A. gambiae
Q7QC51	1	U-01	gambiae	A. gambiae
Q7QC52	1	U-01	gambiae	A. gambiae
Q7QC53	1	U-01	gambiae	A. gambiae
Q7QC58	1	U-01	gambiae	A. gambiae
Q7QC62	1	U-01	gambiae	A. gambiae
Q7QC66	1	U-01	gambiae	A. gambiae
Q7QC81	1	U-01	gambiae	A. gambiae
Q7QC82	1	U-01	gambiae	A. gambiae
Q7QC83	1	U-01	gambiae	A. gambiae
Q7QC87	1	U-01	gambiae	A. gambiae
Q7QC94	1	U-01	gambiae	A. gambiae
Q7QC96	1	U-01	gambiae	A. gambiae
Q7QC98	1	U-01	gambiae	A. gambiae
Q7QCA3	1	U-01	gambiae	A. gambiae
Q7QCA4	1	U-01	gambiae	A. gambiae
Q7QCB0	1	U-01	gambiae	A. gambiae
Q7QCB1	1	U-01	gambiae	A. gambiae
Q7QCB3	2	U-02	gambiae	A. gambiae
Q7QCB7	2	U-02	gambiae	A. gambiae
Q7QCB9	2	U-02	gambiae	A. gambiae
Q7QCC2	1	U-01	gambiae	A. gambiae
Q7QCC3	0	unassigned	gambiae	A. gambiae
Q7QCC5	2	U-02	gambiae	A. gambiae
Q7QCD3	1	U-01	gambiae	A. gambiae
Q7QCE1	1	U-01	gambiae	A. gambiae
Q7QCE7	2	U-02	gambiae	A. gambiae
Q7QCF7	1	U-01	gambiae	A. gambiae
Q7QCF8	1	U-01	gambiae	A. gambiae
Q7QCG5	1	U-01	gambiae	A. gambiae
Q7QCH5	1	U-01	gambiae	A. gambiae
Q7QCH6	1	U-01	gambiae	A. gambiae
Q7QCI0	1	U-01	gambiae	A. gambiae
Q7QCI2	1	U-01	gambiae	A. gambiae
Q7QCJ1	1	U-01	gambiae	A. gambiae
Q7QCJ4	1	U-01	gambiae	A. gambiae
Q7QCJ6	1	U-01	gambiae	A. gambiae
Q7QCJ9	1	U-01	gambiae	A. gambiae
Q7QCK1	1	U-01	gambiae	A. gambiae
Q7QCK2	1	U-01	gambiae	A. gambiae
Q7QCK7	2	U-02	gambiae	A. gambiae
Q7QCK9	1	U-01	gambiae	A. gambiae
Q7QCL2	1	U-01	gambiae	A. gambiae
Q7QCL3	1	U-01	gambiae	A. gambiae
Q7QCM1	1	U-01	gambiae	A. gambiae
Q7QCM8	1	U-01	gambiae	A. gambiae
Q7QCN0	2	U-02	gambiae	A. gambiae
Q7QCN6	1	U-01	gambiae	A. gambiae
Q7QCN8	1	U-01	gambiae	A. gambiae
Q7QCQ0	1	U-01	gambiae	A. gambiae
Q7QCQ5	1	U-01	gambiae	A. gambiae
Q7QCQ6	1	U-01	gambiae	A. gambiae
Q7QCQ8	1	U-01	gambiae	A. gambiae
Q7QCR6	1	U-01	gambiae	A. gambiae
Q7QCR7	1	U-01	gambiae	A. gambiae
Q7QCR9	1	U-01	gambiae	A. gambiae
Q7QCS0	1	U-01	gambiae	A. gambiae
Q7QCS7	1	U-01	gambiae	A. gambiae
Q7QCT4	2	U-02	gambiae	A. gambiae
Q7QCT6	2	U-02	gambiae	A. gambiae
Q7QCT7	2	U-02	gambiae	A. gambiae
Q7QCU0	2	U-02	gambiae	A. gambiae
Q7QCU6	1	U-01	gambiae	A. gambiae
Q7QCU7	2	U-02	gambiae	A. gambiae
Q7QCU9	1	U-01	gambiae	A. gambiae
Q7QCV7	2	U-02	gambiae	A. gambiae
Q7QCV8	0	unassigned	gambiae	A. gambiae
Q7QCW8	1	U-01	gambiae	A. gambiae
Q7QCX0	1	U-01	gambiae	A. gambiae
Q7QCX3	1	U-01	gambiae	A. gambiae
Q7QCX4	2	U-02	gambiae	A. gambiae
Q7QCX5	2	U-02	gambiae	A. gambiae
Q7QCX7	2	U-02	gambiae	A. gambiae
Q7QCX8	2	U-02	gambiae	A. gambiae
Q7QCX9	2	U-02	gambiae	A. gambiae
Q7QCY4	2	U-02	gambiae	A. gambiae
Q7QCY6	0	unassigned	gambiae	A. gambiae
Q7QCY7	0	unassigned	gambiae	A. gambiae
Q7QCY8	0	unassigned	gambiae	A. gambiae
Q7QCZ0	0	unassigned	gambiae	A. gambiae
A0A1S4HE52	1	U-01	gambiae	A. gambiae
A0A1S4HE53	1	U-01	gambiae	A. gambiae
A0A1S4HE55	2	U-02	gambiae	A. gambiae
A0A1S4HE56	1	U-01	gambiae	A. gambiae
A0A1S4HE59	0	unassigned	gambiae	A. gambiae
A0A1S4HE60	1	U-01	gambiae	A. gambiae
A0A1S4HE61	2	U-02	gambiae	A. gambiae
A0A1S4HE64	1	U-01	gambiae	A. gambiae
A0A1S4HE65	1	U-01	gambiae	A. gambiae
A0A1S4HE66	1	U-01	gambiae	A. gambiae
A0A1S4HE67	0	unassigned	gambiae	A. gambiae
A0A1S4HE68	2	U-02	gambiae	A. gambiae
A0A1S4HE69	0	unassigned	gambiae	A. gambiae
A0A1S4HE70	2	U-02	gambiae	A. gambiae
A0A1S4HE72	1	U-01	gambiae	A. gambiae
A0A1S4HE78	1	U-01	gambiae	A. gambiae
A0A1S4HE81	1	U-01	gambiae	A. gambiae
A0A1S4HE82	1	U-01	gambiae	A. gambiae
A0A1S4HE83	2	U-02	gambiae	A. gambiae
A0A1S4HE86	1	U-01	gambiae	A. gambiae
A0A1S4HE88	0	unassigned	gambiae	A. gambiae
A0A1S4HE89	2	U-02	gambiae	A. gambiae
A0A1S4HE92	1	U-01	gambiae	A. gambiae
A0A1S4HE93	2	U-02	gambiae	A. gambiae
A0A1S4HE95	1	U-01	gambiae	A. gambiae
A0A1S4HE97	0	unassigned	gambiae	A. gambiae
A0A1S4HE99	1	U-01	gambiae	A. gambiae
A0A1S4HEA0	1	U-01	gambiae	A. gambiae
A0A1S4HEA3	2	U-02	gambiae	A. gambiae
A0A1S4HEA6	2	U-02	gambiae	A. gambiae
A0A1S4HEA7	0	unassigned	gambiae	A. gambiae
A0A1S4HEA8	1	U-01	gambiae	A. gambiae
A0A1S4HEA9	1	U-01	gambiae	A. gambiae
A0A1S4HEB0	1	U-01	gambiae	A. gambiae
A0A1S4HEB1	1	U-01	gambiae	A. gambiae
A0A1S4HEB2	1	U-01	gambiae	A. gambiae
A0A1S4HEB5	0	unassigned	gambiae	A. gambiae
A0A1S4HEB6	1	U-01	gambiae	A. gambiae
A0A1S4HEB8	1	U-01	gambiae	A. gambiae
A0A1S4HEB9	2	U-02	gambiae	A. gambiae
A0A1S4HEC3	2	U-02	gambiae	A. gambiae
A0A1S4HEC4	1	U-01	gambiae	A. gambiae
A0A1S4HEC8	1	U-01	gambiae	A. gambiae
A0A1S4HEC9	2	U-02	gambiae	A. gambiae
A0A1S4HED3	2	U-02	gambiae	A. gambiae
A0A1S4HED4	1	U-01	gambiae	A. gambiae
A0A1S4HED8	0	unassigned	gambiae	A. gambiae
A0A1S4HEE2	1	U-01	gambiae	A. gambiae
A0A1S4HEE7	1	U-01	gambiae	A. gambiae
A0A1S4HEF8	1	U-01	gambiae	A. gambiae
A0A1S4HEG3	1	U-01	gambiae	A. gambiae
A0A1S4HEH7	2	U-02	gambiae	A. gambiae
A0A1S4HEJ1	1	U-01	gambiae	A. gambiae
A0A1S4HEJ6	1	U-01	gambiae	A. gambiae
A0A1S4HEL1	1	U-01	gambiae	A. gambiae
A0A1S4HEL6	0	unassigned	gambiae	A. gambiae
A0A1S4HEM1	1	U-01	gambiae	A. gambiae
A0A1S4HEM9	1	U-01	gambiae	A. gambiae
A0A1S4HEN4	1	U-01	gambiae	A. gambiae
A0A1S4HEN6	2	U-02	gambiae	A. gambiae
A0A1S4HEP6	1	U-01	gambiae	A. gambiae
A0A1S4HEQ9	1	U-01	gambiae	A. gambiae
A0A1S4HES0	1	U-01	gambiae	A. gambiae
A0A1S4HES7	1	U-01	gambiae	A. gambiae
A0A1S4HEU1	1	U-01	gambiae	A. gambiae
A0A1S4HEU6	1	U-01	gambiae	A. gambiae
A0A1S4HEV5	1	U-01	gambiae	A. gambiae
A0A1S4HEW1	1	U-01	gambiae	A. gambiae
A0A1S4HEX8	1	U-01	gambiae	A. gambiae
A0A1S4HF07	1	U-01	gambiae	A. gambiae
A0A1S4HF16	1	U-01	gambiae	A. gambiae
A0A1S4HF19	2	U-02	gambiae	A. gambiae
A0A1S4HF31	1	U-01	gambiae	A. gambiae
A0A1S4HF45	1	U-01	gambiae	A. gambiae
A0A1S4HF49	2	U-02	gambiae	A. gambiae
A0A1S4HF51	1	U-01	gambiae	A. gambiae
A0A1S4HF54	1	U-01	gambiae	A. gambiae
A0A1S4HF59	1	U-01	gambiae	A. gambiae
A0A1S4HF61	1	U-01	gambiae	A. gambiae
A0A1S4HF65	1	U-01	gambiae	A. gambiae
A0A1S4HF66	1	U-01	gambiae	A. gambiae
A0A1S4HF70	1	U-01	gambiae	A. gambiae
A0A1S4HF76	1	U-01	gambiae	A. gambiae
A0A1S4HF80	1	U-01	gambiae	A. gambiae
A0A1S4HF90	1	U-01	gambiae	A. gambiae
A0A1S4HF91	2	U-02	gambiae	A. gambiae
A0A1S4HFA0	2	U-02	gambiae	A. gambiae
A0A1S4HFA5	2	U-02	gambiae	A. gambiae
A0A1S4HFA9	2	U-02	gambiae	A. gambiae
A0A1S4HFB4	1	U-01	gambiae	A. gambiae
A0A1S4HFB5	1	U-01	gambiae	A. gambiae
A0A1S4HFC0	1	U-01	gambiae	A. gambiae
A0A1S4HFC3	2	U-02	gambiae	A. gambiae
A0A1S4HFC5	1	U-01	gambiae	A. gambiae
A0A1S4HFC8	2	U-02	gambiae	A. gambiae
A0A1S4HFD3	1	U-01	gambiae	A. gambiae
A0A1S4HFD6	2	U-02	gambiae	A. gambiae
A0A453YZW3	1	U-01	gambiae	A. gambiae
A0A453YZW4	1	U-01	gambiae	A. gambiae
A0A453YZW8	1	U-01	gambiae	A. gambiae
Q5TW87	2	U-02	gambiae	A. gambiae
Q5TW90	1	U-01	gambiae	A. gambiae
Q5TW92	1	U-01	gambiae	A. gambiae
Q5TW94	1	U-01	gambiae	A. gambiae
Q5TWA3	1	U-01	gambiae	A. gambiae
Q5TWB1	1	U-01	gambiae	A. gambiae
Q5TWB6	1	U-01	gambiae	A. gambiae
Q5TWB7	1	U-01	gambiae	A. gambiae
Q5TWB9	1	U-01	gambiae	A. gambiae
Q5TWC0	1	U-01	gambiae	A. gambiae
Q5TWC9	1	U-01	gambiae	A. gambiae
Q5TWD2	1	U-01	gambiae	A. gambiae
Q5TWE5	1	U-01	gambiae	A. gambiae
Q5TWF1	2	U-02	gambiae	A. gambiae
Q5TWG4	1	U-01	gambiae	A. gambiae
Q5TWG6	1	U-01	gambiae	A. gambiae
Q5TWG9	1	U-01	gambiae	A. gambiae
Q5TWH5	1	U-01	gambiae	A. gambiae
Q5TWH8	2	U-02	gambiae	A. gambiae
Q5TWH9	1	U-01	gambiae	A. gambiae
Q5TWI0	2	U-02	gambiae	A. gambiae
Q5TWJ0	1	U-01	gambiae	A. gambiae
Q5TWJ1	1	U-01	gambiae	A. gambiae
Q5TWJ2	1	U-01	gambiae	A. gambiae
Q5TWK0	1	U-01	gambiae	A. gambiae
Q5TWK6	1	U-01	gambiae	A. gambiae
Q5TWL5	1	U-01	gambiae	A. gambiae
Q5TWL9	1	U-01	gambiae	A. gambiae
Q5TWM2	1	U-01	gambiae	A. gambiae
Q5TWM9	2	U-02	gambiae	A. gambiae
Q5TWN6	2	U-02	gambiae	A. gambiae
Q5TWP7	1	U-01	gambiae	A. gambiae
Q5TWS1	1	U-01	gambiae	A. gambiae
Q5TWS3	1	U-01	gambiae	A. gambiae
Q5TWS6	1	U-01	gambiae	A. gambiae
Q5TWS7	1	U-01	gambiae	A. gambiae
Q5TWS9	1	U-01	gambiae	A. gambiae
Q5TWU4	2	U-02	gambiae	A. gambiae
Q5TWW3	1	U-01	gambiae	A. gambiae
Q5TWW6	1	U-01	gambiae	A. gambiae
Q5TWX5	2	U-02	gambiae	A. gambiae
Q5TWY1	1	U-01	gambiae	A. gambiae
Q5TWY8	2	U-02	gambiae	A. gambiae
Q5TX05	1	U-01	gambiae	A. gambiae
Q5TX23	1	U-01	gambiae	A. gambiae
Q5TX28	1	U-01	gambiae	A. gambiae
Q5TX43	2	U-02	gambiae	A. gambiae
Q5TX45	2	U-02	gambiae	A. gambiae
Q5TX49	1	U-01	gambiae	A. gambiae
Q5TX51	1	U-01	gambiae	A. gambiae
Q5TX58	1	U-01	gambiae	A. gambiae
Q5TX87	1	U-01	gambiae	A. gambiae
Q5TX99	1	U-01	gambiae	A. gambiae
Q5TXA3	1	U-01	gambiae	A. gambiae
Q5TXB4	1	U-01	gambiae	A. gambiae
Q5TXD6	0	unassigned	gambiae	A. gambiae
Q5TXF1	1	U-01	gambiae	A. gambiae
Q5TXF2	1	U-01	gambiae	A. gambiae
Q5TXG6	1	U-01	gambiae	A. gambiae
Q5TXG7	1	U-01	gambiae	A. gambiae
Q5TXG8	1	U-01	gambiae	A. gambiae
Q5TXI2	1	U-01	gambiae	A. gambiae
Q5TXI8	1	U-01	gambiae	A. gambiae
Q5TXJ7	1	U-01	gambiae	A. gambiae
Q5TXL8	2	U-02	gambiae	A. gambiae
Q5TXM9	1	U-01	gambiae	A. gambiae
Q5TXP0	1	U-01	gambiae	A. gambiae
Q5TXP8	1	U-01	gambiae	A. gambiae
Q5TXQ0	1	U-01	gambiae	A. gambiae
Q5TXQ4	1	U-01	gambiae	A. gambiae
Q5TXS5	2	U-02	gambiae	A. gambiae
Q5TXS9	1	U-01	gambiae	A. gambiae
Q5TXU2	1	U-01	gambiae	A. gambiae
Q5TXV2	1	U-01	gambiae	A. gambiae
Q5TXX1	1	U-01	gambiae	A. gambiae
Q5TXZ7	1	U-01	gambiae	A. gambiae
Q5TY31	1	U-01	gambiae	A. gambiae
Q5TY35	2	U-02	gambiae	A. gambiae
Q5TY38	1	U-01	gambiae	A. gambiae
Q5TY69	1	U-01	gambiae	A. gambiae
Q5TY72	0	unassigned	gambiae	A. gambiae
Q5TY85	1	U-01	gambiae	A. gambiae
Q5TY87	0	unassigned	gambiae	A. gambiae
Q5TY88	0	unassigned	gambiae	A. gambiae
Q5TYB7	0	unassigned	gambiae	A. gambiae
Q7PR93	1	U-01	gambiae	A. gambiae
Q7PR95	1	U-01	gambiae	A. gambiae
Q7PRA1	1	U-01	gambiae	A. gambiae
Q7PRA9	2	U-02	gambiae	A. gambiae
Q7PRB0	0	unassigned	gambiae	A. gambiae
Q7PRB1	1	U-01	gambiae	A. gambiae
Q7PRB6	1	U-01	gambiae	A. gambiae
Q7PRC6	1	U-01	gambiae	A. gambiae
Q7PRC9	2	U-02	gambiae	A. gambiae
Q7PRE9	1	U-01	gambiae	A. gambiae
Q7PRF2	1	U-01	gambiae	A. gambiae
Q7PRG5	1	U-01	gambiae	A. gambiae
Q7PRH1	1	U-01	gambiae	A. gambiae
Q7PRM4	1	U-01	gambiae	A. gambiae
Q7PRN1	1	U-01	gambiae	A. gambiae
F7IUW6	1	U-01	gambiae	A. gambiae
F7IWF2	1	U-01	gambiae	A. gambiae
O02491	1	U-01	gambiae	A. gambiae
O76732	1	U-01	gambiae	A. gambiae
O76762	1	U-01	gambiae	A. gambiae
P33514	1	U-01	gambiae	A. gambiae
P34842	0	unassigned	gambiae	A. gambiae
P34846	0	unassigned	gambiae	A. gambiae
P34848	0	unassigned	gambiae	A. gambiae
P34850	0	unassigned	gambiae	A. gambiae
P34856	0	unassigned	gambiae	A. gambiae
P42678	1	U-01	gambiae	A. gambiae
P52811	1	U-01	gambiae	A. gambiae
P52812	1	U-01	gambiae	A. gambiae
P52813	1	U-01	gambiae	A. gambiae
P52818	1	U-01	gambiae	A. gambiae
Q08AA9	1	U-01	gambiae	A. gambiae
Q17015	1	U-01	gambiae	A. gambiae
Q17017	1	U-01	gambiae	A. gambiae
Q17029	1	U-01	gambiae	A. gambiae
Q380B9	1	U-01	gambiae	A. gambiae
Q380E5	1	U-01	gambiae	A. gambiae
Q380G3	1	U-01	gambiae	A. gambiae
Q380H3	1	U-01	gambiae	A. gambiae
Q380I8	2	U-02	gambiae	A. gambiae
Q380I9	1	U-01	gambiae	A. gambiae
Q380J0	2	U-02	gambiae	A. gambiae
Q380L6	1	U-01	gambiae	A. gambiae
Q380M8	1	U-01	gambiae	A. gambiae
Q380N3	1	U-01	gambiae	A. gambiae
Q380P9	1	U-01	gambiae	A. gambiae
Q380R2	1	U-01	gambiae	A. gambiae
Q380R4	1	U-01	gambiae	A. gambiae
Q380S2	2	U-02	gambiae	A. gambiae
Q7PNL4	1	U-01	gambiae	A. gambiae
Q7PNL7	1	U-01	gambiae	A. gambiae
Q7PNL9	1	U-01	gambiae	A. gambiae
Q7PNM0	1	U-01	gambiae	A. gambiae
Q7PNM5	1	U-01	gambiae	A. gambiae
Q7PNM9	0	unassigned	gambiae	A. gambiae
Q7PNN2	1	U-01	gambiae	A. gambiae
Q7PNN3	1	U-01	gambiae	A. gambiae
Q7PNN5	1	U-01	gambiae	A. gambiae
Q7PNN6	1	U-01	gambiae	A. gambiae
Q7PNN9	1	U-01	gambiae	A. gambiae
Q7PNP8	1	U-01	gambiae	A. gambiae
Q7PNQ1	1	U-01	gambiae	A. gambiae
Q7PNQ4	2	U-02	gambiae	A. gambiae
Q7PNQ5	1	U-01	gambiae	A. gambiae
Q7PNQ6	1	U-01	gambiae	A. gambiae
Q7PNR1	1	U-01	gambiae	A. gambiae
Q7PNR2	1	U-01	gambiae	A. gambiae
Q7PNR9	1	U-01	gambiae	A. gambiae
Q7PNS1	1	U-01	gambiae	A. gambiae
Q7PNS2	1	U-01	gambiae	A. gambiae
Q7PNS5	1	U-01	gambiae	A. gambiae
Q7PNT3	1	U-01	gambiae	A. gambiae
Q7PNT4	1	U-01	gambiae	A. gambiae
Q7PNT7	1	U-01	gambiae	A. gambiae
Q7PNU2	1	U-01	gambiae	A. gambiae
Q7PNU4	1	U-01	gambiae	A. gambiae
Q7PNX0	2	U-02	gambiae	A. gambiae
Q7PNX7	1	U-01	gambiae	A. gambiae
Q7PNZ3	1	U-01	gambiae	A. gambiae
Q7PP00	1	U-01	gambiae	A. gambiae
Q7PP43	1	U-01	gambiae	A. gambiae
Q7PP45	1	U-01	gambiae	A. gambiae
Q7PP63	1	U-01	gambiae	A. gambiae
Q7PP66	1	U-01	gambiae	A. gambiae
Q7PP76	2	U-02	gambiae	A. gambiae
Q7PP77	1	U-01	gambiae	A. gambiae
Q7PP82	1	U-01	gambiae	A. gambiae
Q7PP83	1	U-01	gambiae	A. gambiae
Q7PP84	1	U-01	gambiae	A. gambiae
Q7PP86	1	U-01	gambiae	A. gambiae
Q7PP89	1	U-01	gambiae	A. gambiae
Q7PP93	1	U-01	gambiae	A. gambiae
Q7PP96	1	U-01	gambiae	A. gambiae
Q7PP99	1	U-01	gambiae	A. gambiae
Q7PPA1	1	U-01	gambiae	A. gambiae
Q7PPA6	2	U-02	gambiae	A. gambiae
Q7PPA9	2	U-02	gambiae	A. gambiae
Q7PPB5	1	U-01	gambiae	A. gambiae
Q7PPB6	2	U-02	gambiae	A. gambiae
Q7PPB7	1	U-01	gambiae	A. gambiae
Q7PPD9	1	U-01	gambiae	A. gambiae
Q7PPE1	1	U-01	gambiae	A. gambiae
Q7PPE2	1	U-01	gambiae	A. gambiae
Q7PPE3	1	U-01	gambiae	A. gambiae
Q7PPE5	1	U-01	gambiae	A. gambiae
Q7PPE6	1	U-01	gambiae	A. gambiae
Q7PPF8	1	U-01	gambiae	A. gambiae
Q7PPG0	1	U-01	gambiae	A. gambiae
Q7PPG5	1	U-01	gambiae	A. gambiae
Q7PPI6	1	U-01	gambiae	A. gambiae
Q7PPI7	1	U-01	gambiae	A. gambiae
Q7PPL9	1	U-01	gambiae	A. gambiae
Q7PPM9	1	U-01	gambiae	A. gambiae
Q7PPN0	1	U-01	gambiae	A. gambiae
Q7PPN2	1	U-01	gambiae	A. gambiae
A0A1S4HD87	2	U-02	gambiae	A. gambiae
A0A1S4HD92	1	U-01	gambiae	A. gambiae
A0A1S4HD99	1	U-01	gambiae	A. gambiae
A0A1S4HDA2	1	U-01	gambiae	A. gambiae
A0A1S4HDA4	1	U-01	gambiae	A. gambiae
A0A1S4HDA5	1	U-01	gambiae	A. gambiae
A0A1S4HDA7	1	U-01	gambiae	A. gambiae
A0A1S4HDA9	0	unassigned	gambiae	A. gambiae
A0A1S4HDB2	1	U-01	gambiae	A. gambiae
A0A1S4HDB5	1	U-01	gambiae	A. gambiae
A0A1S4HDB7	1	U-01	gambiae	A. gambiae
A0A1S4HDC0	2	U-02	gambiae	A. gambiae
A0A1S4HDC2	1	U-01	gambiae	A. gambiae
A0A1S4HDC5	1	U-01	gambiae	A. gambiae
A0A1S4HDC8	1	U-01	gambiae	A. gambiae
A0A1S4HDD1	1	U-01	gambiae	A. gambiae
A0A1S4HDD2	1	U-01	gambiae	A. gambiae
A0A1S4HDD3	1	U-01	gambiae	A. gambiae
A0A1S4HDD9	1	U-01	gambiae	A. gambiae
A0A1S4HDE5	1	U-01	gambiae	A. gambiae
A0A1S4HDE8	1	U-01	gambiae	A. gambiae
A0A1S4HDF0	1	U-01	gambiae	A. gambiae
A0A1S4HDF7	1	U-01	gambiae	A. gambiae
A0A1S4HDG2	1	U-01	gambiae	A. gambiae
A0A1S4HDG6	1	U-01	gambiae	A. gambiae
A0A1S4HDH4	1	U-01	gambiae	A. gambiae
A0A1S4HDH5	1	U-01	gambiae	A. gambiae
A0A1S4HDH6	0	unassigned	gambiae	A. gambiae
A0A1S4HDI0	1	U-01	gambiae	A. gambiae
A0A453YZC9	1	U-01	gambiae	A. gambiae
A0A453YZD0	1	U-01	gambiae	A. gambiae
A0A453YZD3	1	U-01	gambiae	A. gambiae
A0A453YZD5	1	U-01	gambiae	A. gambiae
A0A453YZD6	1	U-01	gambiae	A. gambiae
A0A453YZD7	1	U-01	gambiae	A. gambiae
A0A453YZD8	1	U-01	gambiae	A. gambiae
A0A453YZE1	1	U-01	gambiae	A. gambiae
A0A453YZE2	1	U-01	gambiae	A. gambiae
A0A453YZE3	1	U-01	gambiae	A. gambiae
A0A453YZE4	1	U-01	gambiae	A. gambiae
A0A453YZE5	1	U-01	gambiae	A. gambiae
A0A453YZE6	1	U-01	gambiae	A. gambiae
A0A453YZE8	1	U-01	gambiae	A. gambiae
A0A453YZE9	1	U-01	gambiae	A. gambiae
A0A453YZF0	1	U-01	gambiae	A. gambiae
A0A453YZF2	1	U-01	gambiae	A. gambiae
A0A453YZF3	1	U-01	gambiae	A. gambiae
A0A453YZF6	1	U-01	gambiae	A. gambiae
A0A453YZF7	1	U-01	gambiae	A. gambiae
A0A453YZF8	0	unassigned	gambiae	A. gambiae
A0A453YZG0	0	unassigned	gambiae	A. gambiae
A0A453YZG1	1	U-01	gambiae	A. gambiae
A0A453YZG2	1	U-01	gambiae	A. gambiae
A0A453YZG7	1	U-01	gambiae	A. gambiae
A0A453YZG8	1	U-01	gambiae	A. gambiae
A0A453YZH1	1	U-01	gambiae	A. gambiae
A0A453YZH2	1	U-01	gambiae	A. gambiae
A0A453YZH4	1	U-01	gambiae	A. gambiae
A0A453YZH5	1	U-01	gambiae	A. gambiae
A0A453YZH6	1	U-01	gambiae	A. gambiae
A0A453YZH8	1	U-01	gambiae	A. gambiae
A0A453YZI0	1	U-01	gambiae	A. gambiae
A0A453YZI2	2	U-02	gambiae	A. gambiae
A0A453YZI4	1	U-01	gambiae	A. gambiae
A0A453YZI9	1	U-01	gambiae	A. gambiae
A0A453YZJ3	1	U-01	gambiae	A. gambiae
A0A453YZJ4	1	U-01	gambiae	A. gambiae
A0A453YZJ5	1	U-01	gambiae	A. gambiae
A0A453YZJ8	0	unassigned	gambiae	A. gambiae
A0A453YZJ9	0	unassigned	gambiae	A. gambiae
A0A453YZK2	1	U-01	gambiae	A. gambiae
A0A453YZK3	0	unassigned	gambiae	A. gambiae
A0A453YZK5	1	U-01	gambiae	A. gambiae
A0A453YZK7	1	U-01	gambiae	A. gambiae
A0A453YZK8	1	U-01	gambiae	A. gambiae
A0A453YZL0	1	U-01	gambiae	A. gambiae
A0A453YZL2	1	U-01	gambiae	A. gambiae
A0A453YZL3	1	U-01	gambiae	A. gambiae
A0A453YZL4	1	U-01	gambiae	A. gambiae
A0A453YZL6	1	U-01	gambiae	A. gambiae
A0A453YZL9	1	U-01	gambiae	A. gambiae
A0A453YZM0	1	U-01	gambiae	A. gambiae
A0A453YZM1	1	U-01	gambiae	A. gambiae
A0A453YZM5	1	U-01	gambiae	A. gambiae
A0A453YZM6	1	U-01	gambiae	A. gambiae
A0A453YZM7	1	U-01	gambiae	A. gambiae
A0A453YZN1	1	U-01	gambiae	A. gambiae
A0A453YZN2	1	U-01	gambiae	A. gambiae
A0A453YZN5	1	U-01	gambiae	A. gambiae
A0A453YZN8	1	U-01	gambiae	A. gambiae
A0A453YZP4	1	U-01	gambiae	A. gambiae
A0A453YZP5	1	U-01	gambiae	A. gambiae
A0A453YZP9	1	U-01	gambiae	A. gambiae
A0A453YZQ1	1	U-01	gambiae	A. gambiae
A0A453YZQ2	1	U-01	gambiae	A. gambiae
A0A453YZQ6	1	U-01	gambiae	A. gambiae
A0A453YZQ9	1	U-01	gambiae	A. gambiae
A0A453YZR0	1	U-01	gambiae	A. gambiae
A0A453YZR1	1	U-01	gambiae	A. gambiae
A0A453YZR2	1	U-01	gambiae	A. gambiae
A0A1S4H6S3	1	U-01	gambiae	A. gambiae
A0A1S4H6T5	1	U-01	gambiae	A. gambiae
A0A1S4H6T8	1	U-01	gambiae	A. gambiae
A0A1S4H6U9	1	U-01	gambiae	A. gambiae
A0A1S4H6V3	2	U-02	gambiae	A. gambiae
A0A1S4H6W4	1	U-01	gambiae	A. gambiae
A0A1S4H6W7	1	U-01	gambiae	A. gambiae
A0A1S4H6X8	1	U-01	gambiae	A. gambiae
A0A1S4H6X9	1	U-01	gambiae	A. gambiae
A0A1S4H6Y0	1	U-01	gambiae	A. gambiae
A0A1S4H6Y6	1	U-01	gambiae	A. gambiae
A0A1S4H6Z1	1	U-01	gambiae	A. gambiae
A0A1S4H704	2	U-02	gambiae	A. gambiae
A0A1S4H709	2	U-02	gambiae	A. gambiae
A0A1S4H710	1	U-01	gambiae	A. gambiae
A0A1S4H712	2	U-02	gambiae	A. gambiae
A0A1S4H713	1	U-01	gambiae	A. gambiae
A0A1S4H715	2	U-02	gambiae	A. gambiae
A0A1S4H717	1	U-01	gambiae	A. gambiae
A0A1S4H720	2	U-02	gambiae	A. gambiae
A0A1S4H721	2	U-02	gambiae	A. gambiae
A0A1S4H724	1	U-01	gambiae	A. gambiae
A0A1S4H730	1	U-01	gambiae	A. gambiae
A0ABK8F1J1	1	U-01	gambiae	A. gambiae
A0ABK8F1J6	1	U-01	gambiae	A. gambiae
A0ABK8F1K4	1	U-01	gambiae	A. gambiae
A0ABK8F1L8	2	U-02	gambiae	A. gambiae
A0ABK8F1P4	1	U-01	gambiae	A. gambiae
A0ABK8F1V3	1	U-01	gambiae	A. gambiae
A0ABK8F1Y5	1	U-01	gambiae	A. gambiae
A0ABK8F1Y8	1	U-01	gambiae	A. gambiae
A0ABK8F202	1	U-01	gambiae	A. gambiae
A0ABK8F231	2	U-02	gambiae	A. gambiae
A0ABK8F234	1	U-01	gambiae	A. gambiae
A0ABK8F250	2	U-02	gambiae	A. gambiae
A0ABK8F272	2	U-02	gambiae	A. gambiae
A0ABK8F278	2	U-02	gambiae	A. gambiae
A0ABK8F2C0	1	U-01	gambiae	A. gambiae
A0ABK8F2E8	1	U-01	gambiae	A. gambiae
A0ABK8F2G4	1	U-01	gambiae	A. gambiae
A0ABK8F2K1	1	U-01	gambiae	A. gambiae
A0ABK8F2K2	1	U-01	gambiae	A. gambiae
A0ABK8F2K8	2	U-02	gambiae	A. gambiae
A0ABK8F2P2	2	U-02	gambiae	A. gambiae
A0ABK8F2R7	1	U-01	gambiae	A. gambiae
A0ABK8F2V2	1	U-01	gambiae	A. gambiae
A0ABK8F2V4	2	U-02	gambiae	A. gambiae
A0ABK8F2Y6	1	U-01	gambiae	A. gambiae
A0ABK8F2Y7	1	U-01	gambiae	A. gambiae
A0ABK8F313	1	U-01	gambiae	A. gambiae
A0ABK8F321	1	U-01	gambiae	A. gambiae
A0ABK8F322	1	U-01	gambiae	A. gambiae
A0ABK8F327	1	U-01	gambiae	A. gambiae
A0ABK8F339	1	U-01	gambiae	A. gambiae
A0ABK8F342	1	U-01	gambiae	A. gambiae
A0ABK8F347	1	U-01	gambiae	A. gambiae
A0ABK8F352	1	U-01	gambiae	A. gambiae
A0ABK8F359	1	U-01	gambiae	A. gambiae
A0ABK8F360	1	U-01	gambiae	A. gambiae
A0ABK8F373	1	U-01	gambiae	A. gambiae
A0ABK8F383	1	U-01	gambiae	A. gambiae
A0ABK8F389	1	U-01	gambiae	A. gambiae
A0ABK8F390	1	U-01	gambiae	A. gambiae
A0ABK8F393	1	U-01	gambiae	A. gambiae
A0ABK8F3C5	1	U-01	gambiae	A. gambiae
A0ABK8F3L8	1	U-01	gambiae	A. gambiae
A0ABK8F3T7	1	U-01	gambiae	A. gambiae
A0ABK8F3V2	1	U-01	gambiae	A. gambiae
A0ABK8F3Y6	1	U-01	gambiae	A. gambiae
A0ABK8F3Z9	1	U-01	gambiae	A. gambiae
A0ABK8F431	1	U-01	gambiae	A. gambiae
A0ABK8F434	1	U-01	gambiae	A. gambiae
A0ABK8F450	1	U-01	gambiae	A. gambiae
A0ABK8F465	1	U-01	gambiae	A. gambiae
A0ABK8F480	1	U-01	gambiae	A. gambiae
A0ABK8F485	1	U-01	gambiae	A. gambiae
A0ABK8F497	1	U-01	gambiae	A. gambiae
A0ABK8F4A4	1	U-01	gambiae	A. gambiae
A0ABK8F4E4	1	U-01	gambiae	A. gambiae
A0ABK8F4F8	1	U-01	gambiae	A. gambiae
A0ABK8F4K8	1	U-01	gambiae	A. gambiae
A0ABK8F4N5	2	U-02	gambiae	A. gambiae
A0ABK8F4N6	1	U-01	gambiae	A. gambiae
A0ABK8F4T6	1	U-01	gambiae	A. gambiae
A0ABK8F4V1	2	U-02	gambiae	A. gambiae
A0ABK8F5F8	1	U-01	gambiae	A. gambiae
A0ABK8F5G0	1	U-01	gambiae	A. gambiae
A0ABK8F5I3	1	U-01	gambiae	A. gambiae
A0ABK8F9D6	1	U-01	gambiae	A. gambiae
A0ABK8F9D8	1	U-01	gambiae	A. gambiae
A0ABK8F9N8	1	U-01	gambiae	A. gambiae
A0ABK8F9P8	2	U-02	gambiae	A. gambiae
A0ABK8FDB5	1	U-01	gambiae	A. gambiae
A0ABK8FDF7	1	U-01	gambiae	A. gambiae
A0ABK8FDG3	1	U-01	gambiae	A. gambiae
A0ABK8FDH1	1	U-01	gambiae	A. gambiae
A0ABK8FDL4	2	U-02	gambiae	A. gambiae
A0ABK8FDL8	1	U-01	gambiae	A. gambiae
A0ABK8FDM0	1	U-01	gambiae	A. gambiae
A0ABK8FDN5	1	U-01	gambiae	A. gambiae
A0A453YU08	1	U-01	gambiae	A. gambiae
A0A453YU37	1	U-01	gambiae	A. gambiae
A0A453YU54	1	U-01	gambiae	A. gambiae
A0A453YU68	1	U-01	gambiae	A. gambiae
A0A453YU90	1	U-01	gambiae	A. gambiae
A0A453YUV6	1	U-01	gambiae	A. gambiae
A0A453YUY3	0	unassigned	gambiae	A. gambiae
A0A453YUZ8	1	U-01	gambiae	A. gambiae
A0A453YV89	1	U-01	gambiae	A. gambiae
A0A453YVB1	1	U-01	gambiae	A. gambiae
A0A453YVD2	1	U-01	gambiae	A. gambiae
A0A453YVH5	1	U-01	gambiae	A. gambiae
A0A453YVR2	0	unassigned	gambiae	A. gambiae
A0A453YW88	1	U-01	gambiae	A. gambiae
A0A453YWC4	1	U-01	gambiae	A. gambiae
A0A453YWF3	1	U-01	gambiae	A. gambiae
A0A453YWF8	1	U-01	gambiae	A. gambiae
A0A453YWI4	1	U-01	gambiae	A. gambiae
A0A453YWK2	1	U-01	gambiae	A. gambiae
A0A453YWM5	1	U-01	gambiae	A. gambiae
A0A453YWP6	1	U-01	gambiae	A. gambiae
A0A453YX22	1	U-01	gambiae	A. gambiae
A0A453YX44	1	U-01	gambiae	A. gambiae
A0A453YXU7	1	U-01	gambiae	A. gambiae
A0A453YXX4	1	U-01	gambiae	A. gambiae
A0A453YY37	2	U-02	gambiae	A. gambiae
A0A453YY89	1	U-01	gambiae	A. gambiae
A0A453YYB3	1	U-01	gambiae	A. gambiae
A0A453YYE7	2	U-02	gambiae	A. gambiae
A0A453YYV4	1	U-01	gambiae	A. gambiae
A0A453YYX7	2	U-02	gambiae	A. gambiae
A0A453YZ31	1	U-01	gambiae	A. gambiae
A0A453YZ34	1	U-01	gambiae	A. gambiae
A0A453YZ35	0	unassigned	gambiae	A. gambiae
A0A453YZ39	1	U-01	gambiae	A. gambiae
A0A453YZ43	1	U-01	gambiae	A. gambiae
A0A453YZ47	2	U-02	gambiae	A. gambiae
A0A453YZ51	0	unassigned	gambiae	A. gambiae
A0A453YZ52	1	U-01	gambiae	A. gambiae
A0A453YZ54	1	U-01	gambiae	A. gambiae
A0A453YZ56	0	unassigned	gambiae	A. gambiae
A0A453YZ57	2	U-02	gambiae	A. gambiae
A0A453YZ58	1	U-01	gambiae	A. gambiae
A0A453YZ60	1	U-01	gambiae	A. gambiae
A0A453YZ61	1	U-01	gambiae	A. gambiae
A0A453YZ63	1	U-01	gambiae	A. gambiae
A0A453YZ64	1	U-01	gambiae	A. gambiae
A0A453YZ66	1	U-01	gambiae	A. gambiae
A0A453YZ68	1	U-01	gambiae	A. gambiae
A0A453YZ69	1	U-01	gambiae	A. gambiae
A0A453YZ70	1	U-01	gambiae	A. gambiae
A0A453YZ72	0	unassigned	gambiae	A. gambiae
A0A453YZ73	2	U-02	gambiae	A. gambiae
A0A453YZ77	1	U-01	gambiae	A. gambiae
A0A453YZ78	0	unassigned	gambiae	A. gambiae
A0A453YZ79	1	U-01	gambiae	A. gambiae
A0A453YZ80	1	U-01	gambiae	A. gambiae
A0A453YZ82	1	U-01	gambiae	A. gambiae
A0A453YZ83	1	U-01	gambiae	A. gambiae
A0A453YZ84	0	unassigned	gambiae	A. gambiae
A0A453YZ86	1	U-01	gambiae	A. gambiae
A0A453YZ88	0	unassigned	gambiae	A. gambiae
A0A453YZ89	1	U-01	gambiae	A. gambiae
A0A453YZ91	1	U-01	gambiae	A. gambiae
A0A453YZ92	1	U-01	gambiae	A. gambiae
A0A453YZ95	1	U-01	gambiae	A. gambiae
A0A453YZ96	1	U-01	gambiae	A. gambiae
A0A453YZ99	1	U-01	gambiae	A. gambiae
A0A453YZA0	1	U-01	gambiae	A. gambiae
A0A453YZA1	2	U-02	gambiae	A. gambiae
A0A453YZA3	1	U-01	gambiae	A. gambiae
A0A453YZA4	2	U-02	gambiae	A. gambiae
A0A453YZA5	1	U-01	gambiae	A. gambiae
A0A453YZA6	2	U-02	gambiae	A. gambiae
A0A453YZA7	1	U-01	gambiae	A. gambiae
A0A453YZA8	0	unassigned	gambiae	A. gambiae
A0A453YZA9	0	unassigned	gambiae	A. gambiae
A0A453YZB1	0	unassigned	gambiae	A. gambiae
A0A453YZB2	1	U-01	gambiae	A. gambiae
A0A453YZB3	0	unassigned	gambiae	A. gambiae
A0A453YZB6	1	U-01	gambiae	A. gambiae
A0A453YZB7	1	U-01	gambiae	A. gambiae
A0A453YZB9	0	unassigned	gambiae	A. gambiae
A0A453YZC0	1	U-01	gambiae	A. gambiae
A0A453YZC1	1	U-01	gambiae	A. gambiae
A0A453YZC5	2	U-02	gambiae	A. gambiae
A0A453YZC6	1	U-01	gambiae	A. gambiae
A0A453YZC7	1	U-01	gambiae	A. gambiae
A0A453YZC8	1	U-01	gambiae	A. gambiae
A0A903XZ34	2	U-02	gambiae	A. gambiae
A0ABK8EZV2	1	U-01	gambiae	A. gambiae
A0ABK8EZV5	1	U-01	gambiae	A. gambiae
A0ABK8F004	1	U-01	gambiae	A. gambiae
A0ABK8F041	1	U-01	gambiae	A. gambiae
A0ABK8F054	1	U-01	gambiae	A. gambiae
A0ABK8F085	1	U-01	gambiae	A. gambiae
A0ABK8F0A3	1	U-01	gambiae	A. gambiae
A0ABK8F0C6	1	U-01	gambiae	A. gambiae
A0ABK8F0H1	1	U-01	gambiae	A. gambiae
A0ABK8F188	1	U-01	gambiae	A. gambiae
A0A453Z010	1	U-01	gambiae	A. gambiae
A0A453Z021	1	U-01	gambiae	A. gambiae
A0A453Z026	1	U-01	gambiae	A. gambiae
A0A453Z036	1	U-01	gambiae	A. gambiae
A0A453Z038	1	U-01	gambiae	A. gambiae
A0A453Z051	2	U-02	gambiae	A. gambiae
A0A453Z053	2	U-02	gambiae	A. gambiae
A0A453Z060	1	U-01	gambiae	A. gambiae
A0A453Z061	1	U-01	gambiae	A. gambiae
A0A453Z083	2	U-02	gambiae	A. gambiae
A0A453Z087	1	U-01	gambiae	A. gambiae
A0A453Z0A0	1	U-01	gambiae	A. gambiae
A0A453Z0A3	1	U-01	gambiae	A. gambiae
A0A453Z0A4	1	U-01	gambiae	A. gambiae
A0A453Z0A8	1	U-01	gambiae	A. gambiae
A0A453Z0B3	1	U-01	gambiae	A. gambiae
A0A453Z0C3	1	U-01	gambiae	A. gambiae
A0A453Z0C8	1	U-01	gambiae	A. gambiae
A0A453Z0D2	1	U-01	gambiae	A. gambiae
A0A453Z0D4	2	U-02	gambiae	A. gambiae
A0A453Z0G3	2	U-02	gambiae	A. gambiae
A0A453Z0K0	1	U-01	gambiae	A. gambiae
A0A453Z0L5	1	U-01	gambiae	A. gambiae
A0A453Z0M2	1	U-01	gambiae	A. gambiae
A0A453Z0M4	2	U-02	gambiae	A. gambiae
A0A453Z0R9	1	U-01	gambiae	A. gambiae
A0A453Z0S1	1	U-01	gambiae	A. gambiae
A0A453Z0T2	1	U-01	gambiae	A. gambiae
A0A453Z0U0	1	U-01	gambiae	A. gambiae
A0A453Z0V1	1	U-01	gambiae	A. gambiae
A0A453Z0V7	2	U-02	gambiae	A. gambiae
A0A453Z0X9	2	U-02	gambiae	A. gambiae
A0A499FWX1	1	U-01	gambiae	A. gambiae
A0A499FWY6	1	U-01	gambiae	A. gambiae
A0A499FX01	1	U-01	gambiae	A. gambiae
A0A7N4YH60	1	U-01	gambiae	A. gambiae
A0A903WRK4	1	U-01	gambiae	A. gambiae
A0A903WRR4	1	U-01	gambiae	A. gambiae
A0A903WS78	1	U-01	gambiae	A. gambiae
A0A903WTD4	1	U-01	gambiae	A. gambiae
A0A903X4N4	1	U-01	gambiae	A. gambiae
A0A903X9A3	1	U-01	gambiae	A. gambiae
A0A903XK09	1	U-01	gambiae	A. gambiae
A0A903XNW0	2	U-02	gambiae	A. gambiae
A0ABK8EZV4	1	U-01	gambiae	A. gambiae
A0ABK8F011	1	U-01	gambiae	A. gambiae
A0ABK8F1U9	1	U-01	gambiae	A. gambiae
A0ABK8F1V5	1	U-01	gambiae	A. gambiae
A0ABK8F306	1	U-01	gambiae	A. gambiae
A0ABK8F3R6	2	U-02	gambiae	A. gambiae
A0ABK8F3W7	1	U-01	gambiae	A. gambiae
A0ABK8F3X4	2	U-02	gambiae	A. gambiae
A0ABK8F430	2	U-02	gambiae	A. gambiae
A0ABK8F439	2	U-02	gambiae	A. gambiae
A0ABK8F4P9	2	U-02	gambiae	A. gambiae
A0ABK8F4T1	2	U-02	gambiae	A. gambiae
A0ABK8FDB9	1	U-01	gambiae	A. gambiae
A0ABK8FDV1	1	U-01	gambiae	A. gambiae
A0ABK8FE52	2	U-02	gambiae	A. gambiae
A0ABK8FE60	2	U-02	gambiae	A. gambiae
A0ABK8FM61	2	U-02	gambiae	A. gambiae
A0ABK8FMY4	1	U-01	gambiae	A. gambiae
A0ABK8FMZ8	1	U-01	gambiae	A. gambiae
A0ABK8FQK1	2	U-02	gambiae	A. gambiae
A0ABK8FQQ4	2	U-02	gambiae	A. gambiae
A0ABK8FQQ8	2	U-02	gambiae	A. gambiae
A0ABK8FQV0	2	U-02	gambiae	A. gambiae
A0ABK8FRJ1	1	U-01	gambiae	A. gambiae
A0ABK8FS57	2	U-02	gambiae	A. gambiae
A0ABK8FS59	2	U-02	gambiae	A. gambiae
Q7PY93	1	U-01	gambiae	A. gambiae
Q7PYD0	1	U-01	gambiae	A. gambiae
Q7PYG4	1	U-01	gambiae	A. gambiae
Q7PYH0	1	U-01	gambiae	A. gambiae
Q7PYH2	1	U-01	gambiae	A. gambiae
Q7PYI1	1	U-01	gambiae	A. gambiae
Q7PYI4	1	U-01	gambiae	A. gambiae
Q7PYI7	1	U-01	gambiae	A. gambiae
Q7PYT1	1	U-01	gambiae	A. gambiae
Q7PYT9	2	U-02	gambiae	A. gambiae
Q7PYV9	1	U-01	gambiae	A. gambiae
Q7PYZ2	2	U-02	gambiae	A. gambiae
Q7PZ25	1	U-01	gambiae	A. gambiae
Q7PZ89	2	U-02	gambiae	A. gambiae
Q7PZR2	2	U-02	gambiae	A. gambiae
Q7PZY1	1	U-01	gambiae	A. gambiae
Q7Q054	2	U-02	gambiae	A. gambiae
Q7Q060	1	U-01	gambiae	A. gambiae
Q7Q097	1	U-01	gambiae	A. gambiae
Q7Q0C0	1	U-01	gambiae	A. gambiae
Q7Q0G6	1	U-01	gambiae	A. gambiae
Q7Q0N0	1	U-01	gambiae	A. gambiae
Q7Q0W2	1	U-01	gambiae	A. gambiae
Q7Q161	1	U-01	gambiae	A. gambiae
Q7Q195	1	U-01	gambiae	A. gambiae
Q7Q196	1	U-01	gambiae	A. gambiae
Q7Q1C9	1	U-01	gambiae	A. gambiae
Q7Q1D2	2	U-02	gambiae	A. gambiae
Q7Q1F8	1	U-01	gambiae	A. gambiae
Q7Q1K8	1	U-01	gambiae	A. gambiae
Q7QK65	1	U-01	gambiae	A. gambiae
Q7QK67	1	U-01	gambiae	A. gambiae
Q7QK68	2	U-02	gambiae	A. gambiae
Q7QK69	1	U-01	gambiae	A. gambiae
Q7QK72	1	U-01	gambiae	A. gambiae
Q7QK73	1	U-01	gambiae	A. gambiae
Q7QK79	1	U-01	gambiae	A. gambiae
Q7QK81	0	unassigned	gambiae	A. gambiae
Q7QK88	1	U-01	gambiae	A. gambiae
Q7QK92	1	U-01	gambiae	A. gambiae
Q7QK93	1	U-01	gambiae	A. gambiae
Q7QK95	1	U-01	gambiae	A. gambiae
Q7QKA0	1	U-01	gambiae	A. gambiae
Q7QKA6	1	U-01	gambiae	A. gambiae
Q7QKA7	1	U-01	gambiae	A. gambiae
Q7QKA8	1	U-01	gambiae	A. gambiae
Q7QKA9	1	U-01	gambiae	A. gambiae
Q7QKB0	1	U-01	gambiae	A. gambiae
Q7QKB2	1	U-01	gambiae	A. gambiae
Q7QKB7	1	U-01	gambiae	A. gambiae
Q7QKB8	1	U-01	gambiae	A. gambiae
Q7QKB9	1	U-01	gambiae	A. gambiae
Q7QKC2	1	U-01	gambiae	A. gambiae
Q7QKC8	1	U-01	gambiae	A. gambiae
Q7QKD2	2	U-02	gambiae	A. gambiae
Q7QKD6	1	U-01	gambiae	A. gambiae
Q7QKD9	1	U-01	gambiae	A. gambiae
Q7QKE5	1	U-01	gambiae	A. gambiae
Q7QKE6	1	U-01	gambiae	A. gambiae
Q7QKF1	1	U-01	gambiae	A. gambiae
Q7QKF2	1	U-01	gambiae	A. gambiae
Q7QKF3	1	U-01	gambiae	A. gambiae
Q7QKF7	1	U-01	gambiae	A. gambiae
Q7QKG5	1	U-01	gambiae	A. gambiae
Q7QKH8	2	U-02	gambiae	A. gambiae
Q7QKJ4	2	U-02	gambiae	A. gambiae
Q7QKJ5	2	U-02	gambiae	A. gambiae
Q7QKK4	1	U-01	gambiae	A. gambiae
Q7QKK5	1	U-01	gambiae	A. gambiae
Q7QKL1	2	U-02	gambiae	A. gambiae
Q7QKL2	2	U-02	gambiae	A. gambiae
Q7QKM2	1	U-01	gambiae	A. gambiae
Q7QKM7	1	U-01	gambiae	A. gambiae
Q7QKQ6	2	U-02	gambiae	A. gambiae
Q7QKR2	1	U-01	gambiae	A. gambiae
Q7QKR3	2	U-02	gambiae	A. gambiae
Q7QKT0	1	U-01	gambiae	A. gambiae
Q7QKV9	1	U-01	gambiae	A. gambiae
Q7QKW2	1	U-01	gambiae	A. gambiae
Q7QKX8	1	U-01	gambiae	A. gambiae
Q7QKX9	0	unassigned	gambiae	A. gambiae
Q7QKY0	2	U-02	gambiae	A. gambiae
Q7QKY1	1	U-01	gambiae	A. gambiae
Q7QKY7	2	U-02	gambiae	A. gambiae
Q7QL34	1	U-01	gambiae	A. gambiae
Q7QL42	2	U-02	gambiae	A. gambiae
A0A1S4GMN7	2	U-02	gambiae	A. gambiae
A0A1S4GMN9	2	U-02	gambiae	A. gambiae
A0A1S4GMP1	1	U-01	gambiae	A. gambiae
A0A1S4GMP6	0	unassigned	gambiae	A. gambiae
A0A1S4GMQ6	1	U-01	gambiae	A. gambiae
A0A1S4GMQ7	1	U-01	gambiae	A. gambiae
A0A1S4GMR5	2	U-02	gambiae	A. gambiae
A0A1S4GMT5	1	U-01	gambiae	A. gambiae
A0A1S4GMV9	1	U-01	gambiae	A. gambiae
A0A1S4GMX6	1	U-01	gambiae	A. gambiae
A0A1S4GMY4	1	U-01	gambiae	A. gambiae
A0A1S4GMY7	1	U-01	gambiae	A. gambiae
A0A1S4GN05	1	U-01	gambiae	A. gambiae
A0A1S4GN08	1	U-01	gambiae	A. gambiae
A0A1S4GN10	1	U-01	gambiae	A. gambiae
A0A1S4GN11	2	U-02	gambiae	A. gambiae
A0A1S4GN18	1	U-01	gambiae	A. gambiae
A0A1S4GN23	1	U-01	gambiae	A. gambiae
A0A1S4GN24	1	U-01	gambiae	A. gambiae
A0A1S4GN28	1	U-01	gambiae	A. gambiae
A0A1S4GN50	1	U-01	gambiae	A. gambiae
A0A1S4GN58	0	unassigned	gambiae	A. gambiae
A0A1S4GN65	1	U-01	gambiae	A. gambiae
A0A1S4GN71	2	U-02	gambiae	A. gambiae
A0A1S4GN85	1	U-01	gambiae	A. gambiae
A0A1S4GN86	1	U-01	gambiae	A. gambiae
A0A1S4GN88	1	U-01	gambiae	A. gambiae
A0A1S4GN91	1	U-01	gambiae	A. gambiae
A0A1S4GN93	1	U-01	gambiae	A. gambiae
A0A1S4GN98	1	U-01	gambiae	A. gambiae
A0A1S4GNA6	2	U-02	gambiae	A. gambiae
A0A1S4GNC9	1	U-01	gambiae	A. gambiae
A0A1S4GND0	1	U-01	gambiae	A. gambiae
A0A1S4GND3	1	U-01	gambiae	A. gambiae
A0A1S4GND6	1	U-01	gambiae	A. gambiae
A0A1S4GNE7	2	U-02	gambiae	A. gambiae
A0A1S4GNF0	2	U-02	gambiae	A. gambiae
A0A1S4GNF1	2	U-02	gambiae	A. gambiae
A0A1S4GNF2	2	U-02	gambiae	A. gambiae
A0A1S4GNF6	2	U-02	gambiae	A. gambiae
A0A1S4GNF7	2	U-02	gambiae	A. gambiae
A0A1S4GNG0	1	U-01	gambiae	A. gambiae
A0A1S4GNG2	2	U-02	gambiae	A. gambiae
A0A1S4GNH3	2	U-02	gambiae	A. gambiae
Q7Q0J4	1	U-01	gambiae	A. gambiae
Q7Q0K0	1	U-01	gambiae	A. gambiae
Q7Q0M8	2	U-02	gambiae	A. gambiae
Q7Q0N9	1	U-01	gambiae	A. gambiae
Q7Q0Q6	1	U-01	gambiae	A. gambiae
Q7Q0Q7	1	U-01	gambiae	A. gambiae
Q7Q0R0	1	U-01	gambiae	A. gambiae
Q7Q0R9	2	U-02	gambiae	A. gambiae
Q7Q0S4	1	U-01	gambiae	A. gambiae
Q7Q0U8	2	U-02	gambiae	A. gambiae
Q7Q0V4	2	U-02	gambiae	A. gambiae
Q7Q0W1	1	U-01	gambiae	A. gambiae
Q7Q0W4	1	U-01	gambiae	A. gambiae
Q7Q0W7	1	U-01	gambiae	A. gambiae
Q7Q0W8	1	U-01	gambiae	A. gambiae
Q7Q0X1	1	U-01	gambiae	A. gambiae
Q7Q0X7	1	U-01	gambiae	A. gambiae
Q7Q115	1	U-01	gambiae	A. gambiae
Q7Q122	1	U-01	gambiae	A. gambiae
Q7Q123	1	U-01	gambiae	A. gambiae
Q7Q126	1	U-01	gambiae	A. gambiae
Q7Q141	1	U-01	gambiae	A. gambiae
Q7Q143	1	U-01	gambiae	A. gambiae
Q7Q152	1	U-01	gambiae	A. gambiae
Q7Q159	1	U-01	gambiae	A. gambiae
Q7Q185	2	U-02	gambiae	A. gambiae
Q7Q193	1	U-01	gambiae	A. gambiae
Q7Q1A2	1	U-01	gambiae	A. gambiae
Q7Q1A7	1	U-01	gambiae	A. gambiae
Q7Q1A8	1	U-01	gambiae	A. gambiae
Q7Q1B2	1	U-01	gambiae	A. gambiae
Q7Q1B4	1	U-01	gambiae	A. gambiae
Q7Q1B5	1	U-01	gambiae	A. gambiae
Q7Q1D5	1	U-01	gambiae	A. gambiae
Q7Q1D6	1	U-01	gambiae	A. gambiae
Q7Q1D8	1	U-01	gambiae	A. gambiae
Q7Q1F6	1	U-01	gambiae	A. gambiae
Q7Q1F7	1	U-01	gambiae	A. gambiae
Q7Q1G3	1	U-01	gambiae	A. gambiae
Q7Q1H4	1	U-01	gambiae	A. gambiae
Q7Q1H9	1	U-01	gambiae	A. gambiae
Q7Q1I8	1	U-01	gambiae	A. gambiae
Q7Q1J1	2	U-02	gambiae	A. gambiae
Q7Q1J3	1	U-01	gambiae	A. gambiae
Q7Q1K2	2	U-02	gambiae	A. gambiae
Q7Q1M2	2	U-02	gambiae	A. gambiae
Q7Q1N2	0	unassigned	gambiae	A. gambiae
Q7Q1P5	1	U-01	gambiae	A. gambiae
Q7Q1Q1	1	U-01	gambiae	A. gambiae
Q7Q1Q4	1	U-01	gambiae	A. gambiae
Q7QHK6	0	unassigned	gambiae	A. gambiae
Q7QHM1	1	U-01	gambiae	A. gambiae
Q7QHM2	1	U-01	gambiae	A. gambiae
Q7QHN3	1	U-01	gambiae	A. gambiae
Q7QHN4	1	U-01	gambiae	A. gambiae
Q7QHN9	0	unassigned	gambiae	A. gambiae
Q7QHR2	2	U-02	gambiae	A. gambiae
Q7QHW9	1	U-01	gambiae	A. gambiae
Q7QHX4	1	U-01	gambiae	A. gambiae
Q7QHX6	1	U-01	gambiae	A. gambiae
Q7QHX8	1	U-01	gambiae	A. gambiae
Q7QHZ1	1	U-01	gambiae	A. gambiae
Q7QHZ9	1	U-01	gambiae	A. gambiae
Q7QI07	1	U-01	gambiae	A. gambiae
Q7QI09	1	U-01	gambiae	A. gambiae
Q7QI12	1	U-01	gambiae	A. gambiae
Q7QI17	2	U-02	gambiae	A. gambiae
Q7QI25	1	U-01	gambiae	A. gambiae
Q7QI27	1	U-01	gambiae	A. gambiae
Q7QI30	1	U-01	gambiae	A. gambiae
Q7QI49	1	U-01	gambiae	A. gambiae
Q7QI77	2	U-02	gambiae	A. gambiae
Q7QI80	1	U-01	gambiae	A. gambiae
Q7QI87	1	U-01	gambiae	A. gambiae
Q7QI88	2	U-02	gambiae	A. gambiae
Q7QI97	1	U-01	gambiae	A. gambiae
Q7QIA2	1	U-01	gambiae	A. gambiae
Q7QIA9	1	U-01	gambiae	A. gambiae
Q7QIC0	1	U-01	gambiae	A. gambiae
Q7QIC3	1	U-01	gambiae	A. gambiae
Q7QID1	1	U-01	gambiae	A. gambiae
Q7QID4	1	U-01	gambiae	A. gambiae
Q7QIE1	1	U-01	gambiae	A. gambiae
Q7QIF1	1	U-01	gambiae	A. gambiae
Q7QIG3	0	unassigned	gambiae	A. gambiae
Q7QIG4	1	U-01	gambiae	A. gambiae
Q7QIG5	1	U-01	gambiae	A. gambiae
Q7QIG6	1	U-01	gambiae	A. gambiae
Q7QIH3	1	U-01	gambiae	A. gambiae
Q7QIH6	1	U-01	gambiae	A. gambiae
Q7QII1	1	U-01	gambiae	A. gambiae
Q7QII8	1	U-01	gambiae	A. gambiae
Q7QII9	1	U-01	gambiae	A. gambiae
Q7QIJ9	2	U-02	gambiae	A. gambiae
Q7QIK1	2	U-02	gambiae	A. gambiae
Q7QIK3	1	U-01	gambiae	A. gambiae
Q7QIK6	1	U-01	gambiae	A. gambiae
Q7QIK9	1	U-01	gambiae	A. gambiae
Q7QIL7	1	U-01	gambiae	A. gambiae
Q7QIM1	1	U-01	gambiae	A. gambiae
Q7Q899	1	U-01	gambiae	A. gambiae
Q7Q8D4	2	U-02	gambiae	A. gambiae
Q7Q8K0	1	U-01	gambiae	A. gambiae
Q7Q8W0	1	U-01	gambiae	A. gambiae
Q7Q8W8	1	U-01	gambiae	A. gambiae
Q7Q8Y1	1	U-01	gambiae	A. gambiae
Q7Q956	2	U-02	gambiae	A. gambiae
Q7Q968	1	U-01	gambiae	A. gambiae
Q7Q978	1	U-01	gambiae	A. gambiae
Q7Q989	1	U-01	gambiae	A. gambiae
Q7Q9C0	1	U-01	gambiae	A. gambiae
Q7Q9J8	1	U-01	gambiae	A. gambiae
Q7Q9K1	2	U-02	gambiae	A. gambiae
Q7Q9K2	2	U-02	gambiae	A. gambiae
Q7Q9N3	1	U-01	gambiae	A. gambiae
Q7Q9N9	1	U-01	gambiae	A. gambiae
Q7Q9P0	1	U-01	gambiae	A. gambiae
Q7Q9R5	1	U-01	gambiae	A. gambiae
Q7Q9W0	1	U-01	gambiae	A. gambiae
Q7Q9W7	2	U-02	gambiae	A. gambiae
Q7Q9Z4	1	U-01	gambiae	A. gambiae
Q7QA21	1	U-01	gambiae	A. gambiae
Q7QA30	1	U-01	gambiae	A. gambiae
Q7QA46	1	U-01	gambiae	A. gambiae
Q7QA53	1	U-01	gambiae	A. gambiae
Q7QA55	2	U-02	gambiae	A. gambiae
Q7QA70	1	U-01	gambiae	A. gambiae
Q7QA93	1	U-01	gambiae	A. gambiae
Q7QA95	1	U-01	gambiae	A. gambiae
Q7QAC1	1	U-01	gambiae	A. gambiae
Q7QAC8	2	U-02	gambiae	A. gambiae
Q7QAD7	1	U-01	gambiae	A. gambiae
Q7QAH2	1	U-01	gambiae	A. gambiae
Q7QAJ2	1	U-01	gambiae	A. gambiae
Q7QAJ3	1	U-01	gambiae	A. gambiae
Q7QAM7	1	U-01	gambiae	A. gambiae
Q7QAU9	1	U-01	gambiae	A. gambiae
Q7QAV9	1	U-01	gambiae	A. gambiae
Q7QAW5	1	U-01	gambiae	A. gambiae
Q7QAZ2	1	U-01	gambiae	A. gambiae
Q7QAZ6	1	U-01	gambiae	A. gambiae
Q7QB20	1	U-01	gambiae	A. gambiae
Q7QB34	1	U-01	gambiae	A. gambiae
Q7QB57	1	U-01	gambiae	A. gambiae
Q7QB73	2	U-02	gambiae	A. gambiae
Q7QB79	1	U-01	gambiae	A. gambiae
Q7QBB6	1	U-01	gambiae	A. gambiae
Q7QBG0	2	U-02	gambiae	A. gambiae
Q7QBG3	1	U-01	gambiae	A. gambiae
Q7QBH8	1	U-01	gambiae	A. gambiae
Q7QBJ7	1	U-01	gambiae	A. gambiae
Q7QBK9	1	U-01	gambiae	A. gambiae
Q7QBT6	1	U-01	gambiae	A. gambiae
Q7QBW3	1	U-01	gambiae	A. gambiae
Q7QBX4	1	U-01	gambiae	A. gambiae
Q7QBZ1	1	U-01	gambiae	A. gambiae
Q7QBZ6	1	U-01	gambiae	A. gambiae
Q7QC07	1	U-01	gambiae	A. gambiae
Q7QC30	2	U-02	gambiae	A. gambiae
Q7QC49	2	U-02	gambiae	A. gambiae
Q7QC57	1	U-01	gambiae	A. gambiae
Q7QC60	2	U-02	gambiae	A. gambiae
Q7QC84	1	U-01	gambiae	A. gambiae
Q7QC91	2	U-02	gambiae	A. gambiae
Q7QC97	1	U-01	gambiae	A. gambiae
Q7QCA6	1	U-01	gambiae	A. gambiae
Q7QCB4	1	U-01	gambiae	A. gambiae
Q7QCB6	1	U-01	gambiae	A. gambiae
Q7QCD2	1	U-01	gambiae	A. gambiae
Q7QCD9	1	U-01	gambiae	A. gambiae
Q7QCF9	1	U-01	gambiae	A. gambiae
Q7QCH9	1	U-01	gambiae	A. gambiae
Q7QCI4	1	U-01	gambiae	A. gambiae
Q7QCI5	1	U-01	gambiae	A. gambiae
Q7QCI6	1	U-01	gambiae	A. gambiae
Q7QCJ7	1	U-01	gambiae	A. gambiae
Q7QCK0	1	U-01	gambiae	A. gambiae
Q7QCL4	1	U-01	gambiae	A. gambiae
Q7QCL6	1	U-01	gambiae	A. gambiae
Q7QCM2	1	U-01	gambiae	A. gambiae
Q7QCM5	1	U-01	gambiae	A. gambiae
Q7QCS5	2	U-02	gambiae	A. gambiae
Q7QCT8	1	U-01	gambiae	A. gambiae
Q7QCT9	2	U-02	gambiae	A. gambiae
Q7QCV0	2	U-02	gambiae	A. gambiae
Q7QCV2	2	U-02	gambiae	A. gambiae
Q7QCW2	1	U-01	gambiae	A. gambiae
Q7QCW3	1	U-01	gambiae	A. gambiae
Q7QCW4	1	U-01	gambiae	A. gambiae
Q7QCX2	2	U-02	gambiae	A. gambiae
Q7QCY1	1	U-01	gambiae	A. gambiae
Q7QJE5	1	U-01	gambiae	A. gambiae
Q7QJR1	2	U-02	gambiae	A. gambiae
Q7QJT4	1	U-01	gambiae	A. gambiae
Q7QJV0	1	U-01	gambiae	A. gambiae
Q7QJX9	1	U-01	gambiae	A. gambiae
Q7QK05	2	U-02	gambiae	A. gambiae
Q7QK56	1	U-01	gambiae	A. gambiae
Q7QK63	1	U-01	gambiae	A. gambiae
Q7QK91	1	U-01	gambiae	A. gambiae
Q5TNL1	1	U-01	gambiae	A. gambiae
Q5TNN5	2	U-02	gambiae	A. gambiae
Q5TNU2	1	U-01	gambiae	A. gambiae
Q5TP13	1	U-01	gambiae	A. gambiae
Q5TP14	1	U-01	gambiae	A. gambiae
Q5TP15	1	U-01	gambiae	A. gambiae
Q5TP19	1	U-01	gambiae	A. gambiae
Q5TP77	2	U-02	gambiae	A. gambiae
Q5TPH3	0	unassigned	gambiae	A. gambiae
Q5TPK2	1	U-01	gambiae	A. gambiae
Q5TPN5	1	U-01	gambiae	A. gambiae
Q5TPN8	1	U-01	gambiae	A. gambiae
Q5TPQ2	1	U-01	gambiae	A. gambiae
Q5TPQ3	1	U-01	gambiae	A. gambiae
Q5TPQ9	1	U-01	gambiae	A. gambiae
Q5TPR5	1	U-01	gambiae	A. gambiae
Q5TPW3	2	U-02	gambiae	A. gambiae
Q5TPX0	1	U-01	gambiae	A. gambiae
Q5TPZ3	2	U-02	gambiae	A. gambiae
Q5TQC0	2	U-02	gambiae	A. gambiae
Q5TQD0	2	U-02	gambiae	A. gambiae
Q5TQF2	0	unassigned	gambiae	A. gambiae
Q5TQF5	0	unassigned	gambiae	A. gambiae
Q5TQJ0	1	U-01	gambiae	A. gambiae
Q5TQJ6	1	U-01	gambiae	A. gambiae
Q5TQN5	1	U-01	gambiae	A. gambiae
Q5TQQ0	2	U-02	gambiae	A. gambiae
Q5TQQ1	0	unassigned	gambiae	A. gambiae
Q5TQS6	1	U-01	gambiae	A. gambiae
Q5TQS7	1	U-01	gambiae	A. gambiae
Q5TQV7	1	U-01	gambiae	A. gambiae
Q5TQW3	2	U-02	gambiae	A. gambiae
Q5TQX2	1	U-01	gambiae	A. gambiae
Q5TQX3	1	U-01	gambiae	A. gambiae
Q5TQX7	1	U-01	gambiae	A. gambiae
Q5TQX8	1	U-01	gambiae	A. gambiae
Q5TQZ9	1	U-01	gambiae	A. gambiae
Q5TR07	1	U-01	gambiae	A. gambiae
Q5TR27	1	U-01	gambiae	A. gambiae
Q5TR31	1	U-01	gambiae	A. gambiae
Q5TR49	1	U-01	gambiae	A. gambiae
Q5TR54	1	U-01	gambiae	A. gambiae
Q5TR92	1	U-01	gambiae	A. gambiae
Q5TR95	1	U-01	gambiae	A. gambiae
Q5TRA3	1	U-01	gambiae	A. gambiae
Q5TRB4	1	U-01	gambiae	A. gambiae
Q5TRC5	1	U-01	gambiae	A. gambiae
Q5TRG0	1	U-01	gambiae	A. gambiae
Q5TRH1	2	U-02	gambiae	A. gambiae
Q5TRH5	2	U-02	gambiae	A. gambiae
Q5TRH6	2	U-02	gambiae	A. gambiae
Q5TRI0	2	U-02	gambiae	A. gambiae
Q5TRI1	2	U-02	gambiae	A. gambiae
Q5TRI3	0	unassigned	gambiae	A. gambiae
Q5TRK8	2	U-02	gambiae	A. gambiae
Q5TRL1	1	U-01	gambiae	A. gambiae
Q5TRN4	1	U-01	gambiae	A. gambiae
Q5TRQ3	2	U-02	gambiae	A. gambiae
Q5TRQ4	2	U-02	gambiae	A. gambiae
Q5TRS8	1	U-01	gambiae	A. gambiae
Q5TRU4	2	U-02	gambiae	A. gambiae
Q5TRV5	1	U-01	gambiae	A. gambiae
Q5TRW7	1	U-01	gambiae	A. gambiae
Q5TS10	1	U-01	gambiae	A. gambiae
Q5TS54	2	U-02	gambiae	A. gambiae
Q5TS73	2	U-02	gambiae	A. gambiae
Q5TSA0	0	unassigned	gambiae	A. gambiae
Q5TSA2	1	U-01	gambiae	A. gambiae
Q5TSE7	1	U-01	gambiae	A. gambiae
Q5TSG1	2	U-02	gambiae	A. gambiae
Q5TSK7	1	U-01	gambiae	A. gambiae
Q5TSL8	1	U-01	gambiae	A. gambiae
Q5TSN8	0	unassigned	gambiae	A. gambiae
Q5TSP8	1	U-01	gambiae	A. gambiae
Q5TSU1	1	U-01	gambiae	A. gambiae
Q5TSU9	1	U-01	gambiae	A. gambiae
Q5TSV5	1	U-01	gambiae	A. gambiae
Q5TSY2	1	U-01	gambiae	A. gambiae
Q7PRE6	1	U-01	gambiae	A. gambiae
Q7PRH4	1	U-01	gambiae	A. gambiae
Q7PRI6	1	U-01	gambiae	A. gambiae
Q7PRJ0	1	U-01	gambiae	A. gambiae
Q7PRM9	1	U-01	gambiae	A. gambiae
Q7PRN7	1	U-01	gambiae	A. gambiae
Q7PRP4	1	U-01	gambiae	A. gambiae
Q7PRP5	2	U-02	gambiae	A. gambiae
Q7PRP9	1	U-01	gambiae	A. gambiae
Q7PRR1	1	U-01	gambiae	A. gambiae
Q7PRS4	1	U-01	gambiae	A. gambiae
Q7PRU8	1	U-01	gambiae	A. gambiae
Q7PRV0	1	U-01	gambiae	A. gambiae
Q7PRW1	1	U-01	gambiae	A. gambiae
Q7PRW2	1	U-01	gambiae	A. gambiae
Q7PRW3	1	U-01	gambiae	A. gambiae
Q7PRW5	1	U-01	gambiae	A. gambiae
Q7PRW6	1	U-01	gambiae	A. gambiae
Q7PRW8	1	U-01	gambiae	A. gambiae
Q7PRX3	2	U-02	gambiae	A. gambiae
Q7PRX6	1	U-01	gambiae	A. gambiae
Q7PRY1	1	U-01	gambiae	A. gambiae
A0A1S4HDR8	1	U-01	gambiae	A. gambiae
A0A1S4HDR9	1	U-01	gambiae	A. gambiae
A0A1S4HDS7	1	U-01	gambiae	A. gambiae
A0A1S4HDT0	1	U-01	gambiae	A. gambiae
A0A1S4HDT2	1	U-01	gambiae	A. gambiae
A0A1S4HDT3	1	U-01	gambiae	A. gambiae
A0A1S4HDT4	1	U-01	gambiae	A. gambiae
A0A1S4HDT8	1	U-01	gambiae	A. gambiae
A0A1S4HDT9	1	U-01	gambiae	A. gambiae
A0A1S4HDU0	1	U-01	gambiae	A. gambiae
A0A1S4HDU2	1	U-01	gambiae	A. gambiae
A0A1S4HDU4	1	U-01	gambiae	A. gambiae
A0A1S4HDU5	1	U-01	gambiae	A. gambiae
A0A1S4HDU6	2	U-02	gambiae	A. gambiae
A0A1S4HDU7	1	U-01	gambiae	A. gambiae
A0A1S4HDU8	1	U-01	gambiae	A. gambiae
A0A1S4HDU9	1	U-01	gambiae	A. gambiae
A0A1S4HDV0	1	U-01	gambiae	A. gambiae
A0A1S4HDV3	1	U-01	gambiae	A. gambiae
A0A1S4HDV5	1	U-01	gambiae	A. gambiae
A0A1S4HDV6	1	U-01	gambiae	A. gambiae
A0A1S4HDV8	1	U-01	gambiae	A. gambiae
A0A1S4HDW3	1	U-01	gambiae	A. gambiae
A0A1S4HDW5	1	U-01	gambiae	A. gambiae
A0A1S4HDW6	1	U-01	gambiae	A. gambiae
A0A1S4HDW9	1	U-01	gambiae	A. gambiae
A0A1S4HDX6	2	U-02	gambiae	A. gambiae
A0A1S4HDX7	0	unassigned	gambiae	A. gambiae
A0A1S4HDX8	1	U-01	gambiae	A. gambiae
A0A1S4HDY1	1	U-01	gambiae	A. gambiae
A0A1S4HDY2	1	U-01	gambiae	A. gambiae
A0A1S4HDY3	1	U-01	gambiae	A. gambiae
A0A1S4HDY4	1	U-01	gambiae	A. gambiae
A0A1S4HDY5	1	U-01	gambiae	A. gambiae
A0A1S4HDY7	1	U-01	gambiae	A. gambiae
A0A1S4HDZ2	1	U-01	gambiae	A. gambiae
A0A1S4HDZ3	1	U-01	gambiae	A. gambiae
A0A1S4HDZ4	2	U-02	gambiae	A. gambiae
A0A1S4HDZ6	1	U-01	gambiae	A. gambiae
A0A1S4HDZ8	1	U-01	gambiae	A. gambiae
A0A1S4HDZ9	1	U-01	gambiae	A. gambiae
A0A1S4HE02	1	U-01	gambiae	A. gambiae
A0A1S4HE03	1	U-01	gambiae	A. gambiae
A0A1S4HE05	1	U-01	gambiae	A. gambiae
A0A1S4HE06	1	U-01	gambiae	A. gambiae
A0A1S4HE08	1	U-01	gambiae	A. gambiae
A0A1S4HE09	1	U-01	gambiae	A. gambiae
A0A1S4HE10	1	U-01	gambiae	A. gambiae
A0A1S4HE11	1	U-01	gambiae	A. gambiae
A0A1S4HE12	2	U-02	gambiae	A. gambiae
A0A1S4HE13	1	U-01	gambiae	A. gambiae
A0A1S4HE15	1	U-01	gambiae	A. gambiae
A0A1S4HE16	1	U-01	gambiae	A. gambiae
A0A1S4HE19	1	U-01	gambiae	A. gambiae
A0A1S4HE21	2	U-02	gambiae	A. gambiae
A0A1S4HE30	2	U-02	gambiae	A. gambiae
A0A1S4HE31	2	U-02	gambiae	A. gambiae
A0A1S4HE32	1	U-01	gambiae	A. gambiae
A0A1S4HE33	1	U-01	gambiae	A. gambiae
A0A1S4HE38	1	U-01	gambiae	A. gambiae
A0A1S4HE39	1	U-01	gambiae	A. gambiae
A0A1S4HE40	1	U-01	gambiae	A. gambiae
A0A1S4HE41	2	U-02	gambiae	A. gambiae
A0A1S4HE42	1	U-01	gambiae	A. gambiae
A0A1S4HE43	1	U-01	gambiae	A. gambiae
A0A1S4HE44	2	U-02	gambiae	A. gambiae
A0A1S4HE45	1	U-01	gambiae	A. gambiae
A0A1S4HE46	2	U-02	gambiae	A. gambiae
A0A453Z0P0	1	U-01	gambiae	A. gambiae
A0A453Z0P2	1	U-01	gambiae	A. gambiae
A0A453Z0P3	1	U-01	gambiae	A. gambiae
A0A453Z0P4	1	U-01	gambiae	A. gambiae
A0A453Z0P5	1	U-01	gambiae	A. gambiae
A0A453Z0P6	1	U-01	gambiae	A. gambiae
A0A453Z0P7	1	U-01	gambiae	A. gambiae
A0A453Z0P8	1	U-01	gambiae	A. gambiae
A0A453Z0P9	1	U-01	gambiae	A. gambiae
A0A453Z0Q0	1	U-01	gambiae	A. gambiae
A0A453Z0Q1	0	unassigned	gambiae	A. gambiae
A0A453Z0Q2	1	U-01	gambiae	A. gambiae
A0A453Z0Q3	2	U-02	gambiae	A. gambiae
A0A453Z0Q4	1	U-01	gambiae	A. gambiae
A0A453Z0Q5	1	U-01	gambiae	A. gambiae
A0A453Z0Q6	0	unassigned	gambiae	A. gambiae
A0A453Z0Q7	1	U-01	gambiae	A. gambiae
A0A453Z0Q8	0	unassigned	gambiae	A. gambiae
A0A453Z0Q9	1	U-01	gambiae	A. gambiae
A0A453Z0R0	1	U-01	gambiae	A. gambiae
A0A453Z0R1	1	U-01	gambiae	A. gambiae
A0A453Z0R2	1	U-01	gambiae	A. gambiae
A0A453Z0R3	1	U-01	gambiae	A. gambiae
A0A453Z0R7	1	U-01	gambiae	A. gambiae
A0A453Z0S4	1	U-01	gambiae	A. gambiae
A0A453Z0S6	1	U-01	gambiae	A. gambiae
A0A453Z0S9	1	U-01	gambiae	A. gambiae
A0A453Z0T0	1	U-01	gambiae	A. gambiae
A0A453Z0T6	1	U-01	gambiae	A. gambiae
A0A453Z0T9	1	U-01	gambiae	A. gambiae
A0A453Z0U1	1	U-01	gambiae	A. gambiae
A0A453Z0U2	2	U-02	gambiae	A. gambiae
A0ABK8FRX2	2	U-02	gambiae	A. gambiae
A0ABK8FRX7	0	unassigned	gambiae	A. gambiae
A0ABK8FRY1	1	U-01	gambiae	A. gambiae
A0ABK8FRZ4	1	U-01	gambiae	A. gambiae
A0ABK8FS14	1	U-01	gambiae	A. gambiae
A0ABK8FS44	1	U-01	gambiae	A. gambiae
A0ABK8FS97	1	U-01	gambiae	A. gambiae
A0ABK8FSJ2	1	U-01	gambiae	A. gambiae
A0ABK8FSL1	1	U-01	gambiae	A. gambiae
A0ABK8FSN5	1	U-01	gambiae	A. gambiae
A0ABK8FSP6	1	U-01	gambiae	A. gambiae
A0ABK8FSR9	1	U-01	gambiae	A. gambiae
A0ABK8FSS9	1	U-01	gambiae	A. gambiae
A0ABK8FST3	1	U-01	gambiae	A. gambiae
A0ABK8FSW6	1	U-01	gambiae	A. gambiae
A0ABK8FSY3	1	U-01	gambiae	A. gambiae
A0ABK8FUT5	1	U-01	gambiae	A. gambiae
A0ABK8FUW5	2	U-02	gambiae	A. gambiae
A0ABK8FUW6	1	U-01	gambiae	A. gambiae
A0ABK8FUW7	1	U-01	gambiae	A. gambiae
A0ABK8FUY8	1	U-01	gambiae	A. gambiae
A0ABK8FUZ1	1	U-01	gambiae	A. gambiae
A0ABK8FUZ2	1	U-01	gambiae	A. gambiae
A0ABK8FUZ9	1	U-01	gambiae	A. gambiae
A0ABK8FV01	1	U-01	gambiae	A. gambiae
A0ABK8FV03	1	U-01	gambiae	A. gambiae
A0ABK8FV10	1	U-01	gambiae	A. gambiae
A0ABK8FV16	1	U-01	gambiae	A. gambiae
A0ABK8FV29	1	U-01	gambiae	A. gambiae
A0ABK8FV49	1	U-01	gambiae	A. gambiae
A0ABK8FVA8	1	U-01	gambiae	A. gambiae
A0ABK8FVB1	1	U-01	gambiae	A. gambiae
A0ABK8FVF3	1	U-01	gambiae	A. gambiae
A0ABK8FVK5	1	U-01	gambiae	A. gambiae
A0ABK8FVP5	2	U-02	gambiae	A. gambiae
A0ABK8FVP7	1	U-01	gambiae	A. gambiae
A0ABK8FVR8	2	U-02	gambiae	A. gambiae
A0ABK8FVS4	2	U-02	gambiae	A. gambiae
A0ABK8FVT7	2	U-02	gambiae	A. gambiae
A0ABK8FVU6	2	U-02	gambiae	A. gambiae
A0ABK8FVW5	1	U-01	gambiae	A. gambiae
A0ABK8FVW9	1	U-01	gambiae	A. gambiae
A0ABK8G1U3	1	U-01	gambiae	A. gambiae
A0ABK8G2D0	1	U-01	gambiae	A. gambiae
A0ABK8G2K2	1	U-01	gambiae	A. gambiae
A0ABK8G2K6	1	U-01	gambiae	A. gambiae
A0ABK8G397	2	U-02	gambiae	A. gambiae
A0ABK8G3R5	2	U-02	gambiae	A. gambiae
F5HKI4	2	U-02	gambiae	A. gambiae
F5HKI5	2	U-02	gambiae	A. gambiae
F5HKJ0	0	unassigned	gambiae	A. gambiae
F5HKJ2	1	U-01	gambiae	A. gambiae
F5HKJ4	1	U-01	gambiae	A. gambiae
F5HKJ8	2	U-02	gambiae	A. gambiae
F5HKM6	2	U-02	gambiae	A. gambiae
F5HKM7	2	U-02	gambiae	A. gambiae
F5HKM8	2	U-02	gambiae	A. gambiae
F5HKN3	1	U-01	gambiae	A. gambiae
F5HKN6	1	U-01	gambiae	A. gambiae
F5HKQ8	1	U-01	gambiae	A. gambiae
F5HKS8	1	U-01	gambiae	A. gambiae
F5HKS9	1	U-01	gambiae	A. gambiae
F5HKT2	1	U-01	gambiae	A. gambiae
F5HKU1	1	U-01	gambiae	A. gambiae
F5HKU2	1	U-01	gambiae	A. gambiae
F5HKU4	2	U-02	gambiae	A. gambiae
F5HKU5	2	U-02	gambiae	A. gambiae
F5HKU6	2	U-02	gambiae	A. gambiae
F5HKV6	1	U-01	gambiae	A. gambiae
F5HKW3	1	U-01	gambiae	A. gambiae
F5HKX9	1	U-01	gambiae	A. gambiae
F5HKZ6	1	U-01	gambiae	A. gambiae
F5HKZ7	1	U-01	gambiae	A. gambiae
F5HKZ8	1	U-01	gambiae	A. gambiae
F5HL09	1	U-01	gambiae	A. gambiae
F5HL12	1	U-01	gambiae	A. gambiae
F5HL29	1	U-01	gambiae	A. gambiae
F5HL30	1	U-01	gambiae	A. gambiae
F5HL40	1	U-01	gambiae	A. gambiae
F5HL46	1	U-01	gambiae	A. gambiae
F5HL47	1	U-01	gambiae	A. gambiae
F5HL56	1	U-01	gambiae	A. gambiae
F5HL61	1	U-01	gambiae	A. gambiae
F5HL68	1	U-01	gambiae	A. gambiae
F5HL73	1	U-01	gambiae	A. gambiae
F5HL76	1	U-01	gambiae	A. gambiae
F5HL80	1	U-01	gambiae	A. gambiae
F5HL83	0	unassigned	gambiae	A. gambiae
F5HL85	0	unassigned	gambiae	A. gambiae
F5HL87	1	U-01	gambiae	A. gambiae
F5HL90	1	U-01	gambiae	A. gambiae
F5HL93	1	U-01	gambiae	A. gambiae
F5HL97	1	U-01	gambiae	A. gambiae
F5HLA5	1	U-01	gambiae	A. gambiae
F5HLA9	1	U-01	gambiae	A. gambiae
F5HLB2	1	U-01	gambiae	A. gambiae
F5HLB5	1	U-01	gambiae	A. gambiae
F5HLB7	1	U-01	gambiae	A. gambiae
F5HLC2	1	U-01	gambiae	A. gambiae
F5HLE1	1	U-01	gambiae	A. gambiae
A0A1S4H8V9	0	unassigned	gambiae	A. gambiae
A0A1S4H8W0	1	U-01	gambiae	A. gambiae
A0A1S4H8W9	1	U-01	gambiae	A. gambiae
A0A1S4H8X4	1	U-01	gambiae	A. gambiae
A0A1S4H8X7	1	U-01	gambiae	A. gambiae
A0A1S4H8X8	1	U-01	gambiae	A. gambiae
A0A1S4H8Y0	1	U-01	gambiae	A. gambiae
A0A1S4H8Y1	2	U-02	gambiae	A. gambiae
A0A1S4H8Y2	1	U-01	gambiae	A. gambiae
A0A1S4H8Y6	2	U-02	gambiae	A. gambiae
A0A1S4H8Z5	2	U-02	gambiae	A. gambiae
A0A1S4H901	2	U-02	gambiae	A. gambiae
A0A1S4H903	1	U-01	gambiae	A. gambiae
A0A1S4H905	1	U-01	gambiae	A. gambiae
A0A1S4H912	1	U-01	gambiae	A. gambiae
A0A1S4H915	2	U-02	gambiae	A. gambiae
A0A1S4H924	2	U-02	gambiae	A. gambiae
A0A1S4H925	1	U-01	gambiae	A. gambiae
A0A1S4H926	1	U-01	gambiae	A. gambiae
A0A1S4H931	1	U-01	gambiae	A. gambiae
A0A1S4H939	1	U-01	gambiae	A. gambiae
A0A1S4H950	1	U-01	gambiae	A. gambiae
A0A1S4H953	2	U-02	gambiae	A. gambiae
A0A1S4H981	2	U-02	gambiae	A. gambiae
A0A1S4H982	1	U-01	gambiae	A. gambiae
A0A1S4H983	1	U-01	gambiae	A. gambiae
A0A1S4H987	1	U-01	gambiae	A. gambiae
A0A1S4H997	1	U-01	gambiae	A. gambiae
A0A1S4H998	1	U-01	gambiae	A. gambiae
A0A1S4H9A8	1	U-01	gambiae	A. gambiae
A0A1S4H9A9	1	U-01	gambiae	A. gambiae
A0A1S4H9C8	2	U-02	gambiae	A. gambiae
A0A1S4H9D8	1	U-01	gambiae	A. gambiae
A0A1S4H9E2	2	U-02	gambiae	A. gambiae
A0A1S4H9F7	2	U-02	gambiae	A. gambiae
A0A1S4H9G1	2	U-02	gambiae	A. gambiae
A0A1S4H9G4	1	U-01	gambiae	A. gambiae
A0A1S4H9H4	1	U-01	gambiae	A. gambiae
A0A2Y9D2B6	2	U-02	gambiae	A. gambiae
A0A2Y9D2B8	1	U-01	gambiae	A. gambiae
A0A2Y9D2B9	2	U-02	gambiae	A. gambiae
A0A2Y9D2C0	1	U-01	gambiae	A. gambiae
A0A2Y9D2C3	2	U-02	gambiae	A. gambiae
A0A2Y9D2C5	2	U-02	gambiae	A. gambiae
A0A2Y9D2D1	1	U-01	gambiae	A. gambiae
A0A2Y9D2D3	2	U-02	gambiae	A. gambiae
A0A2Y9D2D4	2	U-02	gambiae	A. gambiae
A0A2Y9D2D6	2	U-02	gambiae	A. gambiae
A0A2Y9D2D7	2	U-02	gambiae	A. gambiae
A0A2Y9D2E0	2	U-02	gambiae	A. gambiae
A0A2Y9D2E2	2	U-02	gambiae	A. gambiae
A0A2Y9D2E3	1	U-01	gambiae	A. gambiae
A0A2Y9D2F2	2	U-02	gambiae	A. gambiae
A0A2Y9D2F3	2	U-02	gambiae	A. gambiae
A0A2Y9D2F5	2	U-02	gambiae	A. gambiae
A0A2Y9D2F8	2	U-02	gambiae	A. gambiae
A0A2Y9D2F9	2	U-02	gambiae	A. gambiae
A0A2Y9D2G3	2	U-02	gambiae	A. gambiae
A0A2Y9D2G6	2	U-02	gambiae	A. gambiae
A0A2Y9D2G9	2	U-02	gambiae	A. gambiae
A0A2Y9D2H3	2	U-02	gambiae	A. gambiae
A0A2Y9D2I1	2	U-02	gambiae	A. gambiae
A0A2Y9D2I5	2	U-02	gambiae	A. gambiae
A0A2Y9D2I8	2	U-02	gambiae	A. gambiae
A0A2Y9D2J1	1	U-01	gambiae	A. gambiae
A0A3F2YXZ0	2	U-02	gambiae	A. gambiae
A0A3F2YY67	1	U-01	gambiae	A. gambiae
A0A3F2YYB8	1	U-01	gambiae	A. gambiae
A0A3F2YYD9	1	U-01	gambiae	A. gambiae
A0A3F2YYS4	2	U-02	gambiae	A. gambiae
A0A3F2YYS5	2	U-02	gambiae	A. gambiae
A0A3F2YYS7	2	U-02	gambiae	A. gambiae
A0A3F2YYT1	2	U-02	gambiae	A. gambiae
A0A3F2YYT3	1	U-01	gambiae	A. gambiae
A0A3F2YYT5	2	U-02	gambiae	A. gambiae
A0A3F2YYT6	2	U-02	gambiae	A. gambiae
A0A3F2YYT7	2	U-02	gambiae	A. gambiae
A0A3F2YYT8	1	U-01	gambiae	A. gambiae
A0A3F2YYT9	2	U-02	gambiae	A. gambiae
A0A3F2YYU0	1	U-01	gambiae	A. gambiae
A0A3F2YYU1	1	U-01	gambiae	A. gambiae
A0A3F2YYU2	2	U-02	gambiae	A. gambiae
A0A3F2YYU3	1	U-01	gambiae	A. gambiae
A0A3F2YYU4	2	U-02	gambiae	A. gambiae
A0A3F2YYU5	2	U-02	gambiae	A. gambiae
A0A3F2YYU6	2	U-02	gambiae	A. gambiae
A0A3F2YYU7	2	U-02	gambiae	A. gambiae
A0A3F2YYU8	2	U-02	gambiae	A. gambiae
A0A3F2YYU9	1	U-01	gambiae	A. gambiae
A0A3F2YYV0	2	U-02	gambiae	A. gambiae
A0A3F2YYV1	2	U-02	gambiae	A. gambiae
A0A3F2YYV2	1	U-01	gambiae	A. gambiae
A0A3F2YYV3	2	U-02	gambiae	A. gambiae
A0A3F2YYV5	1	U-01	gambiae	A. gambiae
A0A3F2YYV6	2	U-02	gambiae	A. gambiae
A0A3F2YYV8	2	U-02	gambiae	A. gambiae
A0A3F2YYV9	1	U-01	gambiae	A. gambiae
A0A3F2YYW1	2	U-02	gambiae	A. gambiae
A0A3F2YYW4	2	U-02	gambiae	A. gambiae
A0A3F2YYW6	2	U-02	gambiae	A. gambiae
A0A1S4HA05	1	U-01	gambiae	A. gambiae
A0A1S4HA09	1	U-01	gambiae	A. gambiae
A0A1S4HA20	1	U-01	gambiae	A. gambiae
A0A1S4HA38	2	U-02	gambiae	A. gambiae
A0A1S4HA41	2	U-02	gambiae	A. gambiae
A0A1S4HA44	1	U-01	gambiae	A. gambiae
A0A1S4HA49	1	U-01	gambiae	A. gambiae
A0A1S4HA62	2	U-02	gambiae	A. gambiae
A0A1S4HA66	1	U-01	gambiae	A. gambiae
A0A1S4HA67	1	U-01	gambiae	A. gambiae
A0A1S4HA77	2	U-02	gambiae	A. gambiae
A0A1S4HAB3	1	U-01	gambiae	A. gambiae
A0A1S4HAC0	1	U-01	gambiae	A. gambiae
A0A1S4HAC3	1	U-01	gambiae	A. gambiae
A0A1S4HAJ4	2	U-02	gambiae	A. gambiae
A0A1S4HAK4	2	U-02	gambiae	A. gambiae
A0A1S4HAM2	2	U-02	gambiae	A. gambiae
A0A1S4HAN9	1	U-01	gambiae	A. gambiae
A0A1S4HAQ0	1	U-01	gambiae	A. gambiae
A0A1S4HAR4	1	U-01	gambiae	A. gambiae
A0A1S4HAR8	2	U-02	gambiae	A. gambiae
A0A6I8UA77	1	U-01	gambiae	A. gambiae
A0A7D9N202	1	U-01	gambiae	A. gambiae
A0A7N4YH61	1	U-01	gambiae	A. gambiae
A0A7N4YH64	1	U-01	gambiae	A. gambiae
A0A7N4YH66	1	U-01	gambiae	A. gambiae
A0A7N4YH68	1	U-01	gambiae	A. gambiae
A0A7N4YH71	1	U-01	gambiae	A. gambiae
A0A8W7R185	2	U-02	gambiae	A. gambiae
A0A8W7REL1	2	U-02	gambiae	A. gambiae
A0A8W7RGQ7	1	U-01	gambiae	A. gambiae
A0A8W7S2T8	1	U-01	gambiae	A. gambiae
A0A903WR69	1	U-01	gambiae	A. gambiae
A0A903WS89	2	U-02	gambiae	A. gambiae
A0A903WSV2	1	U-01	gambiae	A. gambiae
A0A903WSY6	2	U-02	gambiae	A. gambiae
A0A903WT57	1	U-01	gambiae	A. gambiae
A0A903WTG5	1	U-01	gambiae	A. gambiae
A0A903WTW0	1	U-01	gambiae	A. gambiae
A0A903WVP5	1	U-01	gambiae	A. gambiae
A0A903WZC5	2	U-02	gambiae	A. gambiae
A0A903WZG2	1	U-01	gambiae	A. gambiae
A0A903X1D8	1	U-01	gambiae	A. gambiae
A0A903X474	1	U-01	gambiae	A. gambiae
A0A903X480	1	U-01	gambiae	A. gambiae
A0A903X5H0	1	U-01	gambiae	A. gambiae
A0A903X5L6	1	U-01	gambiae	A. gambiae
A0A903X623	1	U-01	gambiae	A. gambiae
A0A903X673	2	U-02	gambiae	A. gambiae
A0A903X6Q3	1	U-01	gambiae	A. gambiae
A0A903X765	1	U-01	gambiae	A. gambiae
A0A903X7Y6	1	U-01	gambiae	A. gambiae
A0A903X9C2	1	U-01	gambiae	A. gambiae
A0A903X9U0	1	U-01	gambiae	A. gambiae
A0A903XD95	1	U-01	gambiae	A. gambiae
A0A903XE01	1	U-01	gambiae	A. gambiae
A0A903XGR1	1	U-01	gambiae	A. gambiae
A0A903XHE3	2	U-02	gambiae	A. gambiae
A0A903XHF7	1	U-01	gambiae	A. gambiae
A0A903XKS7	2	U-02	gambiae	A. gambiae
A0A903XM72	1	U-01	gambiae	A. gambiae
A0A903XMP9	1	U-01	gambiae	A. gambiae
A0A903XNV0	1	U-01	gambiae	A. gambiae
A0A903XQK2	1	U-01	gambiae	A. gambiae
A0A903XU57	0	unassigned	gambiae	A. gambiae
A0A903XVG3	0	unassigned	gambiae	A. gambiae
A0A903XVH0	0	unassigned	gambiae	A. gambiae
A0A903XVU5	1	U-01	gambiae	A. gambiae
A0A903XVU8	1	U-01	gambiae	A. gambiae
A0A903XVV2	0	unassigned	gambiae	A. gambiae
A0A903XVW4	1	U-01	gambiae	A. gambiae
A0A903XVY2	1	U-01	gambiae	A. gambiae
A0A903XVZ2	2	U-02	gambiae	A. gambiae
A0A903XVZ6	2	U-02	gambiae	A. gambiae
A0A903XW01	2	U-02	gambiae	A. gambiae
A0A903XW03	1	U-01	gambiae	A. gambiae
A0A903XWD0	2	U-02	gambiae	A. gambiae
A0A903XX19	1	U-01	gambiae	A. gambiae
A0A903XX30	1	U-01	gambiae	A. gambiae
A0A903XX41	1	U-01	gambiae	A. gambiae
A0A903XX70	2	U-02	gambiae	A. gambiae
A0A903XXN5	1	U-01	gambiae	A. gambiae
A0A903XXQ0	1	U-01	gambiae	A. gambiae
A0A903XXQ9	1	U-01	gambiae	A. gambiae
A0A903XYD4	1	U-01	gambiae	A. gambiae
A0A903XYG9	2	U-02	gambiae	A. gambiae
A0A903XYH2	2	U-02	gambiae	A. gambiae
A0A903XZ19	1	U-01	gambiae	A. gambiae
A0A903XZ23	1	U-01	gambiae	A. gambiae
A0A903XZ37	1	U-01	gambiae	A. gambiae
A0ABK8EZT2	1	U-01	gambiae	A. gambiae
A0ABK8EZU4	2	U-02	gambiae	A. gambiae
A0ABK8EZU8	1	U-01	gambiae	A. gambiae
A0ABK8EZW0	2	U-02	gambiae	A. gambiae
A0ABK8EZX8	1	U-01	gambiae	A. gambiae
A0ABK8EZZ4	1	U-01	gambiae	A. gambiae
A0ABK8F003	1	U-01	gambiae	A. gambiae
A0ABK8F015	1	U-01	gambiae	A. gambiae
A0ABK8F021	1	U-01	gambiae	A. gambiae
A0ABK8F024	1	U-01	gambiae	A. gambiae
A0ABK8FGB3	1	U-01	gambiae	A. gambiae
A0ABK8FGG3	1	U-01	gambiae	A. gambiae
A0ABK8FGG4	1	U-01	gambiae	A. gambiae
A0ABK8FGH4	1	U-01	gambiae	A. gambiae
A0ABK8FGH5	1	U-01	gambiae	A. gambiae
A0ABK8FGH6	1	U-01	gambiae	A. gambiae
A0ABK8FGK3	1	U-01	gambiae	A. gambiae
A0ABK8FGK7	1	U-01	gambiae	A. gambiae
A0ABK8FGL3	1	U-01	gambiae	A. gambiae
A0ABK8FGM5	1	U-01	gambiae	A. gambiae
A0ABK8FGP0	1	U-01	gambiae	A. gambiae
A0ABK8FGR4	1	U-01	gambiae	A. gambiae
A0ABK8FGV6	1	U-01	gambiae	A. gambiae
A0ABK8FGY1	1	U-01	gambiae	A. gambiae
A0ABK8FHI6	2	U-02	gambiae	A. gambiae
A0ABK8FHW2	1	U-01	gambiae	A. gambiae
A0ABK8FKL8	1	U-01	gambiae	A. gambiae
A0ABK8FKP2	1	U-01	gambiae	A. gambiae
A0ABK8FM44	1	U-01	gambiae	A. gambiae
A0ABK8FMC8	2	U-02	gambiae	A. gambiae
A0ABK8FME5	1	U-01	gambiae	A. gambiae
A0ABK8FMK9	1	U-01	gambiae	A. gambiae
A0ABK8FMN6	1	U-01	gambiae	A. gambiae
A0ABK8FMP2	1	U-01	gambiae	A. gambiae
A0ABK8FMP7	1	U-01	gambiae	A. gambiae
A0ABK8FMQ7	1	U-01	gambiae	A. gambiae
A0ABK8FMR5	1	U-01	gambiae	A. gambiae
A0ABK8FMR7	1	U-01	gambiae	A. gambiae
A0ABK8FMS8	1	U-01	gambiae	A. gambiae
A0ABK8FMV4	2	U-02	gambiae	A. gambiae
A0ABK8FN23	1	U-01	gambiae	A. gambiae
A0ABK8FN36	1	U-01	gambiae	A. gambiae
A0ABK8FPD1	0	unassigned	gambiae	A. gambiae
A0ABK8FPS4	1	U-01	gambiae	A. gambiae
A0ABK8FQ15	1	U-01	gambiae	A. gambiae
A0ABK8FQS2	1	U-01	gambiae	A. gambiae
A0ABK8FQX4	1	U-01	gambiae	A. gambiae
A0ABK8FQX7	1	U-01	gambiae	A. gambiae
A0ABK8FR02	0	unassigned	gambiae	A. gambiae
A0ABK8FR04	1	U-01	gambiae	A. gambiae
A0ABK8FR22	1	U-01	gambiae	A. gambiae
A0ABK8FR57	2	U-02	gambiae	A. gambiae
A0ABK8FR60	1	U-01	gambiae	A. gambiae
A0ABK8FR64	1	U-01	gambiae	A. gambiae
A0ABK8FR72	1	U-01	gambiae	A. gambiae
A0ABK8FRG8	1	U-01	gambiae	A. gambiae
A0ABK8FRJ2	1	U-01	gambiae	A. gambiae
A0ABK8FRJ3	1	U-01	gambiae	A. gambiae
A0ABK8FRK8	1	U-01	gambiae	A. gambiae
A0ABK8FRN3	1	U-01	gambiae	A. gambiae
A0ABK8FRN4	1	U-01	gambiae	A. gambiae
A0ABK8FRN9	1	U-01	gambiae	A. gambiae
A0ABK8FRP7	1	U-01	gambiae	A. gambiae
A0ABK8FRQ1	1	U-01	gambiae	A. gambiae
A0ABK8FRQ2	1	U-01	gambiae	A. gambiae
A0ABK8FRR6	1	U-01	gambiae	A. gambiae
A0ABK8FRW7	2	U-02	gambiae	A. gambiae
A0ABK8FRW9	1	U-01	gambiae	A. gambiae
A0ABK8FRX5	1	U-01	gambiae	A. gambiae
A0ABK8FRY4	1	U-01	gambiae	A. gambiae
A0ABK8FRZ1	1	U-01	gambiae	A. gambiae
A0ABK8FS00	1	U-01	gambiae	A. gambiae
A0ABK8FS17	1	U-01	gambiae	A. gambiae
A0ABK8FS37	1	U-01	gambiae	A. gambiae
A0ABK8FS41	1	U-01	gambiae	A. gambiae
A0ABK8FS74	0	unassigned	gambiae	A. gambiae
A0ABK8FS81	1	U-01	gambiae	A. gambiae
A0ABK8FSB5	2	U-02	gambiae	A. gambiae
A0ABK8FSC1	1	U-01	gambiae	A. gambiae
A0ABK8FSK7	1	U-01	gambiae	A. gambiae
A0ABK8FSM5	2	U-02	gambiae	A. gambiae
A0ABK8FST0	0	unassigned	gambiae	A. gambiae
A0ABK8FSV7	1	U-01	gambiae	A. gambiae
A0ABK8FUU3	1	U-01	gambiae	A. gambiae
A0ABK8FUV8	1	U-01	gambiae	A. gambiae
A0ABK8FUZ8	1	U-01	gambiae	A. gambiae
A0ABK8FV08	1	U-01	gambiae	A. gambiae
A0ABK8FV11	1	U-01	gambiae	A. gambiae
A0ABK8FV14	1	U-01	gambiae	A. gambiae
A0ABK8FV15	1	U-01	gambiae	A. gambiae
A0ABK8FV17	1	U-01	gambiae	A. gambiae
A0ABK8FV26	1	U-01	gambiae	A. gambiae
A0ABK8FV27	1	U-01	gambiae	A. gambiae
A0ABK8FV32	1	U-01	gambiae	A. gambiae
A0ABK8FV39	1	U-01	gambiae	A. gambiae
A0ABK8FV52	1	U-01	gambiae	A. gambiae
A0ABK8FV53	1	U-01	gambiae	A. gambiae
A0ABK8FV56	1	U-01	gambiae	A. gambiae
A0ABK8FV74	1	U-01	gambiae	A. gambiae
A0ABK8FV77	2	U-02	gambiae	A. gambiae
A0ABK8FVA0	2	U-02	gambiae	A. gambiae
A0ABK8FVC9	1	U-01	gambiae	A. gambiae
A0ABK8FVE1	1	U-01	gambiae	A. gambiae
A0NDG7	1	U-01	gambiae	A. gambiae
A0NDH3	2	U-02	gambiae	A. gambiae
A0NDH4	2	U-02	gambiae	A. gambiae
A0NDI5	0	unassigned	gambiae	A. gambiae
A0NDJ1	1	U-01	gambiae	A. gambiae
A0NDJ4	1	U-01	gambiae	A. gambiae
A0NDJ9	1	U-01	gambiae	A. gambiae
A0A1S4H5A8	1	U-01	gambiae	A. gambiae
A0A1S4H5B2	1	U-01	gambiae	A. gambiae
A0A1S4H5C7	1	U-01	gambiae	A. gambiae
A0A1S4H5C9	1	U-01	gambiae	A. gambiae
A0A1S4H5D1	1	U-01	gambiae	A. gambiae
A0A1S4H5D4	0	unassigned	gambiae	A. gambiae
A0A1S4H5D9	0	unassigned	gambiae	A. gambiae
A0A1S4H5E6	1	U-01	gambiae	A. gambiae
A0A1S4H5F2	1	U-01	gambiae	A. gambiae
A0A1S4H5H2	1	U-01	gambiae	A. gambiae
A0A1S4H5I6	1	U-01	gambiae	A. gambiae
A0A1S4H5J3	1	U-01	gambiae	A. gambiae
A0A1S4H5K3	2	U-02	gambiae	A. gambiae
A0A1S4H5K5	1	U-01	gambiae	A. gambiae
A0A1S4H5K7	2	U-02	gambiae	A. gambiae
A0A1S4H5L0	2	U-02	gambiae	A. gambiae
A0A1S4H5L2	1	U-01	gambiae	A. gambiae
A0A1S4H5L6	1	U-01	gambiae	A. gambiae
A0A1S4H5L9	2	U-02	gambiae	A. gambiae
A0A1S4H5N7	1	U-01	gambiae	A. gambiae
A0A1S4H5P0	1	U-01	gambiae	A. gambiae
A0A1S4H5P2	1	U-01	gambiae	A. gambiae
A0A1S4H5Q0	1	U-01	gambiae	A. gambiae
A0A1S4H5Q2	1	U-01	gambiae	A. gambiae
A0A1S4H5Q4	1	U-01	gambiae	A. gambiae
A0A1S4H5Q7	1	U-01	gambiae	A. gambiae
A0A1S4H5R0	1	U-01	gambiae	A. gambiae
A0A1S4H5R9	1	U-01	gambiae	A. gambiae
A0A1S4H5S0	1	U-01	gambiae	A. gambiae
A0A1S4H5S1	2	U-02	gambiae	A. gambiae
A0A1S4H5S9	1	U-01	gambiae	A. gambiae
A0A1S4H5T1	1	U-01	gambiae	A. gambiae
A0A1S4H5T7	1	U-01	gambiae	A. gambiae
A0A1S4H5U0	1	U-01	gambiae	A. gambiae
A0A1S4H5U5	1	U-01	gambiae	A. gambiae
A0A1S4H5U8	1	U-01	gambiae	A. gambiae
A0A1S4H5V2	1	U-01	gambiae	A. gambiae
A0A1S4H5V3	1	U-01	gambiae	A. gambiae
A0A1S4HAU5	1	U-01	gambiae	A. gambiae
A0A1S4HAY8	1	U-01	gambiae	A. gambiae
A0A1S4HB27	2	U-02	gambiae	A. gambiae
A0A1S4HB33	2	U-02	gambiae	A. gambiae
A0A1S4HB52	1	U-01	gambiae	A. gambiae
A0A1S4HB64	2	U-02	gambiae	A. gambiae
A0A1S4HB96	2	U-02	gambiae	A. gambiae
A0A1S4HB97	1	U-01	gambiae	A. gambiae
A0A1S4HB99	1	U-01	gambiae	A. gambiae
A0A1S4HBJ4	1	U-01	gambiae	A. gambiae
A0A1S4HBS2	1	U-01	gambiae	A. gambiae
A0A1S4HBU0	1	U-01	gambiae	A. gambiae
A0A1S4HBX4	2	U-02	gambiae	A. gambiae
A0A1S4HC11	1	U-01	gambiae	A. gambiae
A0A1S4HC14	1	U-01	gambiae	A. gambiae
A0A1S4HC26	2	U-02	gambiae	A. gambiae
A0A1S4HC69	2	U-02	gambiae	A. gambiae
A0A1S4HC97	1	U-01	gambiae	A. gambiae
A0A1S4HCB4	1	U-01	gambiae	A. gambiae
A0A1S4HCB7	2	U-02	gambiae	A. gambiae
A0A1S4HCB9	2	U-02	gambiae	A. gambiae
A0A1S4HCC6	1	U-01	gambiae	A. gambiae
A0A1S4HCD9	0	unassigned	gambiae	A. gambiae
A0A1S4HCH0	1	U-01	gambiae	A. gambiae
A0A1S4HCH8	2	U-02	gambiae	A. gambiae
A0A1S4HCJ3	1	U-01	gambiae	A. gambiae
A0A1S4HCJ6	1	U-01	gambiae	A. gambiae
A0A1S4HCJ7	1	U-01	gambiae	A. gambiae
A0A1S4HCL9	1	U-01	gambiae	A. gambiae
A0A1S4HCN4	0	unassigned	gambiae	A. gambiae
A0A1S4HCP9	2	U-02	gambiae	A. gambiae
A0A1S4HCQ0	1	U-01	gambiae	A. gambiae
A0A1S4HCQ6	2	U-02	gambiae	A. gambiae
A0A1S4HCQ9	2	U-02	gambiae	A. gambiae
A0A1S4HCS7	1	U-01	gambiae	A. gambiae
A0A1S4HCT7	2	U-02	gambiae	A. gambiae
A0A1S4HCU7	2	U-02	gambiae	A. gambiae
A0A1S4HCW1	2	U-02	gambiae	A. gambiae
A0A1S4HCW4	1	U-01	gambiae	A. gambiae
A0A1S4HCW5	2	U-02	gambiae	A. gambiae
A0A1S4HCW9	1	U-01	gambiae	A. gambiae
A0A1S4HCX3	2	U-02	gambiae	A. gambiae
A0A1S4HCY4	1	U-01	gambiae	A. gambiae
A0A1S4HD00	1	U-01	gambiae	A. gambiae
A0A1S4HD40	2	U-02	gambiae	A. gambiae
A0A1S4HD42	2	U-02	gambiae	A. gambiae
A0A1S4HD49	1	U-01	gambiae	A. gambiae
A0A1S4HD64	2	U-02	gambiae	A. gambiae
A0A1S4HD89	1	U-01	gambiae	A. gambiae
A0A1S4HDA3	1	U-01	gambiae	A. gambiae
A0A1S4HDC6	2	U-02	gambiae	A. gambiae
A0A1S4HDE7	2	U-02	gambiae	A. gambiae
A0A1S4HDH2	1	U-01	gambiae	A. gambiae
A0A1S4HDI2	1	U-01	gambiae	A. gambiae
A0A1S4HDI5	1	U-01	gambiae	A. gambiae
A0A1S4HDK1	1	U-01	gambiae	A. gambiae
A0A1S4HDP3	2	U-02	gambiae	A. gambiae
A0A1S4HDR7	1	U-01	gambiae	A. gambiae
A0A1S4HDS4	1	U-01	gambiae	A. gambiae
A0A1S4HDS5	2	U-02	gambiae	A. gambiae
A0A1S4HDT7	1	U-01	gambiae	A. gambiae
A0A1S4HDV4	1	U-01	gambiae	A. gambiae
A0A1S4GU97	1	U-01	gambiae	A. gambiae
A0A1S4GUA5	1	U-01	gambiae	A. gambiae
A0A1S4GUE0	1	U-01	gambiae	A. gambiae
A0A1S4GUE1	1	U-01	gambiae	A. gambiae
A0A1S4GUE4	0	unassigned	gambiae	A. gambiae
A0A1S4GUE5	1	U-01	gambiae	A. gambiae
A0A1S4GUE8	1	U-01	gambiae	A. gambiae
A0A1S4GUG2	2	U-02	gambiae	A. gambiae
A0A1S4GUH6	1	U-01	gambiae	A. gambiae
A0A1S4GUH7	2	U-02	gambiae	A. gambiae
A0A1S4GUI3	1	U-01	gambiae	A. gambiae
A0A1S4GUJ6	1	U-01	gambiae	A. gambiae
A0A1S4GUM3	1	U-01	gambiae	A. gambiae
A0A1S4GUM7	1	U-01	gambiae	A. gambiae
A0A1S4GUN6	1	U-01	gambiae	A. gambiae
A0A1S4GUP6	1	U-01	gambiae	A. gambiae
A0A1S4GUP8	2	U-02	gambiae	A. gambiae
A0A1S4GUQ1	1	U-01	gambiae	A. gambiae
A0A1S4GUQ6	1	U-01	gambiae	A. gambiae
A0A1S4GUS0	1	U-01	gambiae	A. gambiae
A0A1S4GUS1	1	U-01	gambiae	A. gambiae
A0A1S4GUT4	2	U-02	gambiae	A. gambiae
A0A1S4GUT6	1	U-01	gambiae	A. gambiae
A0A1S4GUU3	1	U-01	gambiae	A. gambiae
A0A1S4GUV1	1	U-01	gambiae	A. gambiae
A0A1S4GUV2	1	U-01	gambiae	A. gambiae
A0A1S4GUW2	1	U-01	gambiae	A. gambiae
A0A1S4GUW3	1	U-01	gambiae	A. gambiae
A0A1S4GUW5	1	U-01	gambiae	A. gambiae
A0A1S4GUW6	1	U-01	gambiae	A. gambiae
A0A1S4GUW9	1	U-01	gambiae	A. gambiae
A0A1S4H2X8	2	U-02	gambiae	A. gambiae
A0A1S4H2Y2	1	U-01	gambiae	A. gambiae
A0A1S4H2Y8	1	U-01	gambiae	A. gambiae
A0A1S4H2Z2	2	U-02	gambiae	A. gambiae
A0A1S4H2Z5	1	U-01	gambiae	A. gambiae
A0A1S4H303	1	U-01	gambiae	A. gambiae
A0A1S4H304	1	U-01	gambiae	A. gambiae
A0A1S4H305	1	U-01	gambiae	A. gambiae
A0A1S4H318	1	U-01	gambiae	A. gambiae
A0A1S4H324	1	U-01	gambiae	A. gambiae
A0A1S4H327	1	U-01	gambiae	A. gambiae
A0A1S4H328	1	U-01	gambiae	A. gambiae
A0A1S4H330	1	U-01	gambiae	A. gambiae
A0A1S4H340	1	U-01	gambiae	A. gambiae
A0A1S4H344	1	U-01	gambiae	A. gambiae
A0A1S4H348	1	U-01	gambiae	A. gambiae
A0A1S4H349	1	U-01	gambiae	A. gambiae
A0A1S4H360	1	U-01	gambiae	A. gambiae
A0A1S4H366	1	U-01	gambiae	A. gambiae
A0A1S4H368	1	U-01	gambiae	A. gambiae
A0A1S4H373	1	U-01	gambiae	A. gambiae
A0A1S4H376	1	U-01	gambiae	A. gambiae
A0A1S4H377	1	U-01	gambiae	A. gambiae
A0A1S4H384	2	U-02	gambiae	A. gambiae
A0A1S4H386	2	U-02	gambiae	A. gambiae
A0A1S4H391	1	U-01	gambiae	A. gambiae
A0A1S4H392	1	U-01	gambiae	A. gambiae
A0A1S4H398	1	U-01	gambiae	A. gambiae
A0A1S4H399	1	U-01	gambiae	A. gambiae
A0A1S4H3A0	1	U-01	gambiae	A. gambiae
A0A1S4H3A2	1	U-01	gambiae	A. gambiae
A0A1S4H3A6	1	U-01	gambiae	A. gambiae
A0A1S4H3A7	2	U-02	gambiae	A. gambiae
A0A1S4H3B3	1	U-01	gambiae	A. gambiae
A0A1S4H3B5	1	U-01	gambiae	A. gambiae
A0A1S4H3B8	1	U-01	gambiae	A. gambiae
A0A1S4H3C1	1	U-01	gambiae	A. gambiae
A0A1S4H3C5	1	U-01	gambiae	A. gambiae
A0A1S4H3D0	1	U-01	gambiae	A. gambiae
A0A1S4H3D5	1	U-01	gambiae	A. gambiae
A0A1S4H3D8	1	U-01	gambiae	A. gambiae
A0A1S4H3E1	2	U-02	gambiae	A. gambiae
A0A1S4H3F0	2	U-02	gambiae	A. gambiae
A0A1S4H3F5	1	U-01	gambiae	A. gambiae
A0A1S4H3F7	0	unassigned	gambiae	A. gambiae
A0A1S4H3F9	1	U-01	gambiae	A. gambiae
A0A1S4H3G1	1	U-01	gambiae	A. gambiae
A0A1S4H3G3	1	U-01	gambiae	A. gambiae
A0A1S4H3G4	1	U-01	gambiae	A. gambiae
A0A1S4H3G7	1	U-01	gambiae	A. gambiae
A0A1S4H3H4	1	U-01	gambiae	A. gambiae
A0A1S4H3H8	1	U-01	gambiae	A. gambiae
A0A1S4H3I8	2	U-02	gambiae	A. gambiae
A0A1S4H3I9	1	U-01	gambiae	A. gambiae
A0A1S4H3J3	1	U-01	gambiae	A. gambiae
A0A1S4H3J4	1	U-01	gambiae	A. gambiae
A0A1S4H3K0	0	unassigned	gambiae	A. gambiae
A0A1S4H3K4	1	U-01	gambiae	A. gambiae
A0A1S4H3K7	1	U-01	gambiae	A. gambiae
A0A1S4H3K9	1	U-01	gambiae	A. gambiae
A0A1S4H3L2	1	U-01	gambiae	A. gambiae
A0A1S4H3M1	1	U-01	gambiae	A. gambiae
A0A1S4H3M6	1	U-01	gambiae	A. gambiae
A0A1S4H3N2	1	U-01	gambiae	A. gambiae
A0A1S4H3P0	1	U-01	gambiae	A. gambiae
A0A1S4H3Q7	1	U-01	gambiae	A. gambiae
A0A1S4H3S2	2	U-02	gambiae	A. gambiae
A0A1S4H3T2	1	U-01	gambiae	A. gambiae
A0A1S4H3T5	1	U-01	gambiae	A. gambiae
A0ABK8FDV4	1	U-01	gambiae	A. gambiae
A0ABK8FDX4	1	U-01	gambiae	A. gambiae
A0ABK8FDY6	1	U-01	gambiae	A. gambiae
A0ABK8FEC1	1	U-01	gambiae	A. gambiae
A0ABK8FEE3	2	U-02	gambiae	A. gambiae
A0ABK8FEH3	2	U-02	gambiae	A. gambiae
A0ABK8FEI1	2	U-02	gambiae	A. gambiae
A0ABK8FFF7	1	U-01	gambiae	A. gambiae
A0ABK8FFR8	1	U-01	gambiae	A. gambiae
A0ABK8FFU7	1	U-01	gambiae	A. gambiae
A0ABK8FFU9	1	U-01	gambiae	A. gambiae
A0ABK8FG40	2	U-02	gambiae	A. gambiae
A0ABK8FG48	2	U-02	gambiae	A. gambiae
A0ABK8FG52	2	U-02	gambiae	A. gambiae
F5HJ77	2	U-02	gambiae	A. gambiae
F5HJA0	2	U-02	gambiae	A. gambiae
F5HJA1	2	U-02	gambiae	A. gambiae
F5HJA2	2	U-02	gambiae	A. gambiae
F5HJA3	2	U-02	gambiae	A. gambiae
F5HJA6	2	U-02	gambiae	A. gambiae
F5HJA7	2	U-02	gambiae	A. gambiae
F5HJA8	2	U-02	gambiae	A. gambiae
F5HJB1	0	unassigned	gambiae	A. gambiae
F5HJB2	0	unassigned	gambiae	A. gambiae
F5HJB3	0	unassigned	gambiae	A. gambiae
F5HJC7	1	U-01	gambiae	A. gambiae
F5HJD1	1	U-01	gambiae	A. gambiae
F5HJD6	1	U-01	gambiae	A. gambiae
F5HJE3	1	U-01	gambiae	A. gambiae
F5HJE6	1	U-01	gambiae	A. gambiae
F5HJE7	1	U-01	gambiae	A. gambiae
F5HJE8	1	U-01	gambiae	A. gambiae
F5HJF0	2	U-02	gambiae	A. gambiae
F5HJG5	1	U-01	gambiae	A. gambiae
F5HJI2	1	U-01	gambiae	A. gambiae
F5HJK0	1	U-01	gambiae	A. gambiae
F5HJL5	1	U-01	gambiae	A. gambiae
F5HJL7	1	U-01	gambiae	A. gambiae
F5HJL8	1	U-01	gambiae	A. gambiae
F5HJM4	1	U-01	gambiae	A. gambiae
F5HJM5	1	U-01	gambiae	A. gambiae
F5HJN2	1	U-01	gambiae	A. gambiae
F5HJN4	1	U-01	gambiae	A. gambiae
F5HJP8	1	U-01	gambiae	A. gambiae
F5HJQ2	1	U-01	gambiae	A. gambiae
F5HJQ3	1	U-01	gambiae	A. gambiae
F5HJR8	1	U-01	gambiae	A. gambiae
F5HJR9	1	U-01	gambiae	A. gambiae
F5HJS4	0	unassigned	gambiae	A. gambiae
F5HJS7	1	U-01	gambiae	A. gambiae
F5HJT2	1	U-01	gambiae	A. gambiae
F5HJT3	1	U-01	gambiae	A. gambiae
F5HJT6	1	U-01	gambiae	A. gambiae
F5HJU6	1	U-01	gambiae	A. gambiae
F5HJW1	2	U-02	gambiae	A. gambiae
F5HJW2	2	U-02	gambiae	A. gambiae
F5HJW3	2	U-02	gambiae	A. gambiae
F5HJW4	2	U-02	gambiae	A. gambiae
F5HJW6	2	U-02	gambiae	A. gambiae
F5HJX9	2	U-02	gambiae	A. gambiae
F5HJY7	1	U-01	gambiae	A. gambiae
F5HJZ9	1	U-01	gambiae	A. gambiae
F5HK04	1	U-01	gambiae	A. gambiae
F5HK07	1	U-01	gambiae	A. gambiae
F5HK08	1	U-01	gambiae	A. gambiae
F5HK09	1	U-01	gambiae	A. gambiae
F5HK16	1	U-01	gambiae	A. gambiae
F5HK21	1	U-01	gambiae	A. gambiae
F5HK22	1	U-01	gambiae	A. gambiae
F5HK23	1	U-01	gambiae	A. gambiae
F5HK24	1	U-01	gambiae	A. gambiae
F5HK36	1	U-01	gambiae	A. gambiae
F5HK37	1	U-01	gambiae	A. gambiae
F5HK40	2	U-02	gambiae	A. gambiae
F5HK41	2	U-02	gambiae	A. gambiae
F5HK42	1	U-01	gambiae	A. gambiae
F5HK48	1	U-01	gambiae	A. gambiae
F5HK49	1	U-01	gambiae	A. gambiae
F5HK50	1	U-01	gambiae	A. gambiae
F5HK51	0	unassigned	gambiae	A. gambiae
F5HK52	0	unassigned	gambiae	A. gambiae
F5HK56	1	U-01	gambiae	A. gambiae
F5HK71	1	U-01	gambiae	A. gambiae
F5HK73	2	U-02	gambiae	A. gambiae
F5HK76	1	U-01	gambiae	A. gambiae
F5HK78	1	U-01	gambiae	A. gambiae
F5HK84	1	U-01	gambiae	A. gambiae
F5HK85	1	U-01	gambiae	A. gambiae
F5HK87	1	U-01	gambiae	A. gambiae
F5HK89	1	U-01	gambiae	A. gambiae
F5HK92	1	U-01	gambiae	A. gambiae
F5HK94	1	U-01	gambiae	A. gambiae
F5HK97	1	U-01	gambiae	A. gambiae
F5HKA3	1	U-01	gambiae	A. gambiae
F5HKC4	2	U-02	gambiae	A. gambiae
F5HKC6	1	U-01	gambiae	A. gambiae
F5HKC8	1	U-01	gambiae	A. gambiae
F5HKD8	1	U-01	gambiae	A. gambiae
F5HKE4	1	U-01	gambiae	A. gambiae
F5HKF0	2	U-02	gambiae	A. gambiae
A0NFJ9	1	U-01	gambiae	A. gambiae
A0NFK5	0	unassigned	gambiae	A. gambiae
A0NFL5	0	unassigned	gambiae	A. gambiae
A0NFM5	1	U-01	gambiae	A. gambiae
A0NFN4	2	U-02	gambiae	A. gambiae
A0NFN9	0	unassigned	gambiae	A. gambiae
A0NFP1	0	unassigned	gambiae	A. gambiae
A0NFP5	0	unassigned	gambiae	A. gambiae
A0NFP7	0	unassigned	gambiae	A. gambiae
A0NFQ8	0	unassigned	gambiae	A. gambiae
A0NFR5	1	U-01	gambiae	A. gambiae
A0NFS8	1	U-01	gambiae	A. gambiae
A0NFT1	1	U-01	gambiae	A. gambiae
A0NFT2	1	U-01	gambiae	A. gambiae
A0NFT4	1	U-01	gambiae	A. gambiae
A0NFU4	1	U-01	gambiae	A. gambiae
A0NFW4	1	U-01	gambiae	A. gambiae
A0NFW5	1	U-01	gambiae	A. gambiae
A0NFX1	0	unassigned	gambiae	A. gambiae
A0NFX2	0	unassigned	gambiae	A. gambiae
A0NFX6	1	U-01	gambiae	A. gambiae
A0NFZ6	2	U-02	gambiae	A. gambiae
A0NFZ9	2	U-02	gambiae	A. gambiae
A0NG11	1	U-01	gambiae	A. gambiae
A0NG12	1	U-01	gambiae	A. gambiae
A0NG13	1	U-01	gambiae	A. gambiae
A0NG14	1	U-01	gambiae	A. gambiae
A0NG16	1	U-01	gambiae	A. gambiae
A0NG17	1	U-01	gambiae	A. gambiae
A0NG20	1	U-01	gambiae	A. gambiae
A0NG21	1	U-01	gambiae	A. gambiae
A0NG24	1	U-01	gambiae	A. gambiae
A0NG25	1	U-01	gambiae	A. gambiae
A0NG42	1	U-01	gambiae	A. gambiae
A0NG46	1	U-01	gambiae	A. gambiae
A0NG54	0	unassigned	gambiae	A. gambiae
A0NG66	1	U-01	gambiae	A. gambiae
A0NG72	1	U-01	gambiae	A. gambiae
A0NG75	1	U-01	gambiae	A. gambiae
A0NG82	0	unassigned	gambiae	A. gambiae
A0NG98	1	U-01	gambiae	A. gambiae
A0NGE5	2	U-02	gambiae	A. gambiae
A0NGG5	1	U-01	gambiae	A. gambiae
A0NGI0	0	unassigned	gambiae	A. gambiae
A0NGI1	1	U-01	gambiae	A. gambiae
A0NGI8	1	U-01	gambiae	A. gambiae
A0NGK1	1	U-01	gambiae	A. gambiae
A0NGK4	1	U-01	gambiae	A. gambiae
A0NGK8	1	U-01	gambiae	A. gambiae
A0NGL2	1	U-01	gambiae	A. gambiae
A0NGM5	2	U-02	gambiae	A. gambiae
A0NGP4	0	unassigned	gambiae	A. gambiae
A0NGP9	0	unassigned	gambiae	A. gambiae
A0NGR2	1	U-01	gambiae	A. gambiae
A0NGS2	1	U-01	gambiae	A. gambiae
A0NGT6	1	U-01	gambiae	A. gambiae
A0NGU0	0	unassigned	gambiae	A. gambiae
A0NGU5	2	U-02	gambiae	A. gambiae
A0NGV2	0	unassigned	gambiae	A. gambiae
A0NGV8	1	U-01	gambiae	A. gambiae
A0NGW8	1	U-01	gambiae	A. gambiae
A0NGX3	1	U-01	gambiae	A. gambiae
A0NGX4	1	U-01	gambiae	A. gambiae
A0NGX5	1	U-01	gambiae	A. gambiae
A0NGX6	1	U-01	gambiae	A. gambiae
A0NGY1	2	U-02	gambiae	A. gambiae
A0NGY4	0	unassigned	gambiae	A. gambiae
A0NGY7	1	U-01	gambiae	A. gambiae
A0NGY9	1	U-01	gambiae	A. gambiae
A0NGZ0	2	U-02	gambiae	A. gambiae
A0NGZ1	2	U-02	gambiae	A. gambiae
A0NH01	1	U-01	gambiae	A. gambiae
A0NH12	1	U-01	gambiae	A. gambiae
A0NH13	1	U-01	gambiae	A. gambiae
A0NH16	0	unassigned	gambiae	A. gambiae
A0NH17	2	U-02	gambiae	A. gambiae
A0NH22	1	U-01	gambiae	A. gambiae
A0NH27	1	U-01	gambiae	A. gambiae
A0NH32	1	U-01	gambiae	A. gambiae
A0NH33	1	U-01	gambiae	A. gambiae
F5HJ10	1	U-01	gambiae	A. gambiae
F5HJ16	1	U-01	gambiae	A. gambiae
F5HJ17	1	U-01	gambiae	A. gambiae
F5HJ20	1	U-01	gambiae	A. gambiae
F5HJ25	2	U-02	gambiae	A. gambiae
F5HJ26	2	U-02	gambiae	A. gambiae
F5HJ27	2	U-02	gambiae	A. gambiae
F5HJ34	1	U-01	gambiae	A. gambiae
F5HJ46	1	U-01	gambiae	A. gambiae
F5HJ49	1	U-01	gambiae	A. gambiae
F5HJ55	1	U-01	gambiae	A. gambiae
F5HJ59	1	U-01	gambiae	A. gambiae
F5HJ66	0	unassigned	gambiae	A. gambiae
F5HJ67	0	unassigned	gambiae	A. gambiae
F5HJ68	0	unassigned	gambiae	A. gambiae
F5HJ74	1	U-01	gambiae	A. gambiae
F5HJ83	1	U-01	gambiae	A. gambiae
F5HJ84	1	U-01	gambiae	A. gambiae
F5HJ86	1	U-01	gambiae	A. gambiae
F5HJ87	1	U-01	gambiae	A. gambiae
A0A1S4GQU4	1	U-01	gambiae	A. gambiae
A0A1S4GQU5	2	U-02	gambiae	A. gambiae
A0A1S4GQW0	1	U-01	gambiae	A. gambiae
A0A1S4GQW6	2	U-02	gambiae	A. gambiae
A0A1S4GQW7	1	U-01	gambiae	A. gambiae
A0A1S4GQY3	1	U-01	gambiae	A. gambiae
A0A1S4GR06	1	U-01	gambiae	A. gambiae
A0A1S4GR14	1	U-01	gambiae	A. gambiae
A0A1S4GR21	1	U-01	gambiae	A. gambiae
A0A1S4GR23	1	U-01	gambiae	A. gambiae
A0A1S4GR40	2	U-02	gambiae	A. gambiae
A0A1S4GR44	2	U-02	gambiae	A. gambiae
A0A1S4GR64	2	U-02	gambiae	A. gambiae
A0A1S4GR72	2	U-02	gambiae	A. gambiae
A0A1S4GR83	2	U-02	gambiae	A. gambiae
A0A1S4GR86	1	U-01	gambiae	A. gambiae
A0A1S4GR95	1	U-01	gambiae	A. gambiae
A0A1S4GR97	1	U-01	gambiae	A. gambiae
A0A1S4GRA2	1	U-01	gambiae	A. gambiae
A0A1S4GRB0	1	U-01	gambiae	A. gambiae
A0A1S4GRB1	2	U-02	gambiae	A. gambiae
A0A1S4GRB4	1	U-01	gambiae	A. gambiae
A0A1S4GRD0	1	U-01	gambiae	A. gambiae
A0A1S4GRD1	2	U-02	gambiae	A. gambiae
A0A1S4GRE5	1	U-01	gambiae	A. gambiae
A0A1S4GRF8	1	U-01	gambiae	A. gambiae
A0A1S4GRG5	1	U-01	gambiae	A. gambiae
A0A1S4GRI1	1	U-01	gambiae	A. gambiae
A0A1S4GRK9	1	U-01	gambiae	A. gambiae
A0A1S4GRL8	1	U-01	gambiae	A. gambiae
A0A1S4GRM2	1	U-01	gambiae	A. gambiae
A0A1S4GRM8	1	U-01	gambiae	A. gambiae
A0A1S4GRN7	1	U-01	gambiae	A. gambiae
A0A1S4GRS5	2	U-02	gambiae	A. gambiae
A0A1S4GRS9	2	U-02	gambiae	A. gambiae
A0A1S4GRT3	1	U-01	gambiae	A. gambiae
A0A1S4GRT4	1	U-01	gambiae	A. gambiae
A0A1S4GRU0	2	U-02	gambiae	A. gambiae
A0A1S4GRZ5	2	U-02	gambiae	A. gambiae
A0A1S4GS31	1	U-01	gambiae	A. gambiae
A0A1S4GS36	2	U-02	gambiae	A. gambiae
A0A1S4GS51	1	U-01	gambiae	A. gambiae
A0A1S4GS55	2	U-02	gambiae	A. gambiae
A0A1S4GS59	1	U-01	gambiae	A. gambiae
A0A1S4GS60	1	U-01	gambiae	A. gambiae
A0A1S4GS74	1	U-01	gambiae	A. gambiae
A0A1S4GS79	1	U-01	gambiae	A. gambiae
A0A1S4GS83	1	U-01	gambiae	A. gambiae
A0A1S4GS88	2	U-02	gambiae	A. gambiae
A0A1S4GSA1	1	U-01	gambiae	A. gambiae
A0A1S4GSA2	2	U-02	gambiae	A. gambiae
A0A1S4GSA6	2	U-02	gambiae	A. gambiae
A0A1S4GSG0	1	U-01	gambiae	A. gambiae
A0A1S4GSG6	1	U-01	gambiae	A. gambiae
A0A1S4GSI7	1	U-01	gambiae	A. gambiae
A0A1S4GSK8	2	U-02	gambiae	A. gambiae
A0A1S4GSL6	1	U-01	gambiae	A. gambiae
A0A1S4GSL7	1	U-01	gambiae	A. gambiae
A0A1S4GSM7	1	U-01	gambiae	A. gambiae
A0A1S4GSM8	1	U-01	gambiae	A. gambiae
A0A1S4GSN0	1	U-01	gambiae	A. gambiae
A0A1S4GSP0	2	U-02	gambiae	A. gambiae
A0A1S4GSQ2	1	U-01	gambiae	A. gambiae
A0A1S4GSR3	2	U-02	gambiae	A. gambiae
A0A1S4GSR7	2	U-02	gambiae	A. gambiae
A0A1S4GST4	1	U-01	gambiae	A. gambiae
A0A1S4GSV0	1	U-01	gambiae	A. gambiae
A0A1S4GSV1	1	U-01	gambiae	A. gambiae
A0A1S4GXR9	1	U-01	gambiae	A. gambiae
A0A1S4GXS5	1	U-01	gambiae	A. gambiae
A0A1S4GXS7	1	U-01	gambiae	A. gambiae
A0A1S4GXT4	2	U-02	gambiae	A. gambiae
A0A1S4GXT5	1	U-01	gambiae	A. gambiae
A0A1S4GXU9	2	U-02	gambiae	A. gambiae
A0A1S4GXV8	1	U-01	gambiae	A. gambiae
A0A1S4GXX7	1	U-01	gambiae	A. gambiae
A0A1S4GXX8	1	U-01	gambiae	A. gambiae
A0A1S4GXY3	1	U-01	gambiae	A. gambiae
A0A1S4GXZ6	1	U-01	gambiae	A. gambiae
A0A1S4GXZ8	1	U-01	gambiae	A. gambiae
A0A1S4GXZ9	1	U-01	gambiae	A. gambiae
A0A1S4GY00	1	U-01	gambiae	A. gambiae
A0A1S4GY01	1	U-01	gambiae	A. gambiae
A0A1S4GY06	1	U-01	gambiae	A. gambiae
A0A1S4GY10	1	U-01	gambiae	A. gambiae
A0A1S4GY12	1	U-01	gambiae	A. gambiae
A0A1S4GY14	1	U-01	gambiae	A. gambiae
A0A1S4GY16	2	U-02	gambiae	A. gambiae
A0A1S4GY17	1	U-01	gambiae	A. gambiae
A0A1S4GY21	0	unassigned	gambiae	A. gambiae
A0A1S4GY25	2	U-02	gambiae	A. gambiae
A0A1S4GY26	1	U-01	gambiae	A. gambiae
A0A1S4GY27	1	U-01	gambiae	A. gambiae
A0A1S4GY33	1	U-01	gambiae	A. gambiae
A0A1S4GY41	2	U-02	gambiae	A. gambiae
A0A1S4GY45	1	U-01	gambiae	A. gambiae
A0A1S4GY48	1	U-01	gambiae	A. gambiae
A0A1S4GY50	1	U-01	gambiae	A. gambiae
A0A1S4GY52	1	U-01	gambiae	A. gambiae
A0A1S4GY55	1	U-01	gambiae	A. gambiae
A0A1S4GNI8	1	U-01	gambiae	A. gambiae
A0A1S4GNJ6	1	U-01	gambiae	A. gambiae
A0A1S4GNJ7	1	U-01	gambiae	A. gambiae
A0A1S4GNK6	1	U-01	gambiae	A. gambiae
A0A1S4GNL8	1	U-01	gambiae	A. gambiae
A0A1S4GNM4	2	U-02	gambiae	A. gambiae
A0A1S4GNN5	1	U-01	gambiae	A. gambiae
A0A1S4GNP3	1	U-01	gambiae	A. gambiae
A0A1S4GNP6	1	U-01	gambiae	A. gambiae
A0A1S4GNQ5	1	U-01	gambiae	A. gambiae
A0A1S4GNQ8	1	U-01	gambiae	A. gambiae
A0A1S4GNR5	1	U-01	gambiae	A. gambiae
A0A1S4GNR8	1	U-01	gambiae	A. gambiae
A0A1S4GNT5	1	U-01	gambiae	A. gambiae
A0A1S4GNT9	1	U-01	gambiae	A. gambiae
A0A1S4GNW3	1	U-01	gambiae	A. gambiae
A0A1S4GNW4	1	U-01	gambiae	A. gambiae
A0A1S4GNW5	1	U-01	gambiae	A. gambiae
A0A1S4GNW6	1	U-01	gambiae	A. gambiae
A0A1S4GNZ3	1	U-01	gambiae	A. gambiae
A0A1S4GP09	1	U-01	gambiae	A. gambiae
A0A1S4GP20	2	U-02	gambiae	A. gambiae
A0A1S4GP41	1	U-01	gambiae	A. gambiae
A0A1S4GP48	1	U-01	gambiae	A. gambiae
A0A1S4GP53	2	U-02	gambiae	A. gambiae
A0A1S4GP63	2	U-02	gambiae	A. gambiae
A0A1S4GP75	2	U-02	gambiae	A. gambiae
A0A1S4GP78	1	U-01	gambiae	A. gambiae
A0A1S4GP80	2	U-02	gambiae	A. gambiae
A0A1S4GP86	1	U-01	gambiae	A. gambiae
A0A1S4GP87	1	U-01	gambiae	A. gambiae
A0A1S4GPA3	2	U-02	gambiae	A. gambiae
A0A1S4GPA7	1	U-01	gambiae	A. gambiae
A0A1S4GPA8	1	U-01	gambiae	A. gambiae
A0A1S4GPA9	1	U-01	gambiae	A. gambiae
A0A1S4GPB1	1	U-01	gambiae	A. gambiae
A0A1S4GPB8	1	U-01	gambiae	A. gambiae
A0A1S4GPC2	1	U-01	gambiae	A. gambiae
A0A1S4GPC7	1	U-01	gambiae	A. gambiae
A0A1S4GPD1	2	U-02	gambiae	A. gambiae
A0A1S4GPD3	2	U-02	gambiae	A. gambiae
A0A1S4GPE1	1	U-01	gambiae	A. gambiae
A0A1S4GPE7	1	U-01	gambiae	A. gambiae
A0A1S4GPF3	1	U-01	gambiae	A. gambiae
A0A1S4GPG2	1	U-01	gambiae	A. gambiae
A0A1S4GPG9	1	U-01	gambiae	A. gambiae
A0A1S4GPI2	1	U-01	gambiae	A. gambiae
A0A1S4GPJ6	1	U-01	gambiae	A. gambiae
A0A1S4GPK0	1	U-01	gambiae	A. gambiae
A0A1S4GPL0	1	U-01	gambiae	A. gambiae
A0A1S4GPL1	1	U-01	gambiae	A. gambiae
A0A1S4GPM7	1	U-01	gambiae	A. gambiae
A0A1S4GPM8	1	U-01	gambiae	A. gambiae
A0A1S4GPR2	1	U-01	gambiae	A. gambiae
A0A1S4GPS5	1	U-01	gambiae	A. gambiae
A0A1S4GPU5	1	U-01	gambiae	A. gambiae
A0A1S4GYN1	1	U-01	gambiae	A. gambiae
A0A1S4GYN2	1	U-01	gambiae	A. gambiae
A0A1S4GYN3	1	U-01	gambiae	A. gambiae
A0A1S4GYP1	2	U-02	gambiae	A. gambiae
A0A1S4GYP2	2	U-02	gambiae	A. gambiae
A0A1S4GYP3	1	U-01	gambiae	A. gambiae
A0A1S4GYP8	1	U-01	gambiae	A. gambiae
A0A1S4GYQ0	2	U-02	gambiae	A. gambiae
A0A1S4GYQ7	1	U-01	gambiae	A. gambiae
A0A1S4GYR1	1	U-01	gambiae	A. gambiae
A0A1S4GYR6	1	U-01	gambiae	A. gambiae
A0A1S4GYR7	1	U-01	gambiae	A. gambiae
A0A1S4GYS0	1	U-01	gambiae	A. gambiae
A0A1S4GYS3	1	U-01	gambiae	A. gambiae
A0A1S4GYS7	1	U-01	gambiae	A. gambiae
A0A1S4GYS8	1	U-01	gambiae	A. gambiae
A0A1S4GYT2	1	U-01	gambiae	A. gambiae
A0A1S4GYT3	1	U-01	gambiae	A. gambiae
A0A1S4GYT5	1	U-01	gambiae	A. gambiae
A0A1S4GYT8	2	U-02	gambiae	A. gambiae
A0A1S4GYU0	1	U-01	gambiae	A. gambiae
A0A1S4GYU3	2	U-02	gambiae	A. gambiae
A0A1S4GYU4	2	U-02	gambiae	A. gambiae
A0A1S4GYV2	1	U-01	gambiae	A. gambiae
A0A1S4GYV8	1	U-01	gambiae	A. gambiae
A0A1S4GYV9	2	U-02	gambiae	A. gambiae
A0A1S4GYW1	1	U-01	gambiae	A. gambiae
A0A1S4GYW2	2	U-02	gambiae	A. gambiae
A0A1S4GYW3	1	U-01	gambiae	A. gambiae
A0A1S4GYW4	1	U-01	gambiae	A. gambiae
A0A1S4GYW5	1	U-01	gambiae	A. gambiae
A0A1S4GYW7	2	U-02	gambiae	A. gambiae
A0A1S4GYX3	1	U-01	gambiae	A. gambiae
A0A1S4GYY3	1	U-01	gambiae	A. gambiae
A0A1S4GYY7	1	U-01	gambiae	A. gambiae
A0A1S4GYZ5	1	U-01	gambiae	A. gambiae
A0A1S4GYZ7	1	U-01	gambiae	A. gambiae
A0A1S4GYZ9	2	U-02	gambiae	A. gambiae
A0A1S4GZ02	1	U-01	gambiae	A. gambiae
A0A1S4GZ04	1	U-01	gambiae	A. gambiae
A0A1S4GZ05	1	U-01	gambiae	A. gambiae
A0A1S4GZ07	1	U-01	gambiae	A. gambiae
A0A1S4GZ10	0	unassigned	gambiae	A. gambiae
A0A1S4GZ13	1	U-01	gambiae	A. gambiae
Q7QIM3	1	U-01	gambiae	A. gambiae
Q7QIM6	1	U-01	gambiae	A. gambiae
Q7QIM9	2	U-02	gambiae	A. gambiae
Q7QIN2	1	U-01	gambiae	A. gambiae
Q7QIN3	1	U-01	gambiae	A. gambiae
Q7QIN4	1	U-01	gambiae	A. gambiae
Q7QIN6	1	U-01	gambiae	A. gambiae
Q7QIN7	1	U-01	gambiae	A. gambiae
Q7QIN9	1	U-01	gambiae	A. gambiae
Q7QIP3	1	U-01	gambiae	A. gambiae
Q7QIP7	1	U-01	gambiae	A. gambiae
Q7QIQ2	2	U-02	gambiae	A. gambiae
Q7QIQ3	1	U-01	gambiae	A. gambiae
Q7QIQ8	1	U-01	gambiae	A. gambiae
Q7QIT5	1	U-01	gambiae	A. gambiae
Q7QIU2	1	U-01	gambiae	A. gambiae
Q7QIV3	2	U-02	gambiae	A. gambiae
Q7QIV6	1	U-01	gambiae	A. gambiae
Q7QIW0	1	U-01	gambiae	A. gambiae
Q7QIW6	1	U-01	gambiae	A. gambiae
Q7QIW8	1	U-01	gambiae	A. gambiae
Q7QIX8	1	U-01	gambiae	A. gambiae
Q7QIZ5	1	U-01	gambiae	A. gambiae
Q7QIZ6	1	U-01	gambiae	A. gambiae
Q7QJ06	1	U-01	gambiae	A. gambiae
Q7QJ21	1	U-01	gambiae	A. gambiae
Q7QJ30	1	U-01	gambiae	A. gambiae
Q7QJ34	1	U-01	gambiae	A. gambiae
Q7QJ35	1	U-01	gambiae	A. gambiae
Q7QJ36	1	U-01	gambiae	A. gambiae
Q7QJ39	1	U-01	gambiae	A. gambiae
Q7QJ40	1	U-01	gambiae	A. gambiae
Q7QJ43	1	U-01	gambiae	A. gambiae
Q7QJ46	1	U-01	gambiae	A. gambiae
Q7QJ49	2	U-02	gambiae	A. gambiae
Q7QJ53	1	U-01	gambiae	A. gambiae
Q7QJ63	1	U-01	gambiae	A. gambiae
Q7QJ64	1	U-01	gambiae	A. gambiae
Q7QJ66	1	U-01	gambiae	A. gambiae
Q7QJ68	1	U-01	gambiae	A. gambiae
Q7QJ70	1	U-01	gambiae	A. gambiae
Q7QJ71	1	U-01	gambiae	A. gambiae
Q7QJ77	1	U-01	gambiae	A. gambiae
Q7QJ85	1	U-01	gambiae	A. gambiae
Q7QJ86	1	U-01	gambiae	A. gambiae
Q7QJ87	1	U-01	gambiae	A. gambiae
Q7QJ89	1	U-01	gambiae	A. gambiae
Q7QJ95	2	U-02	gambiae	A. gambiae
Q7QJ96	1	U-01	gambiae	A. gambiae
Q7QJA1	1	U-01	gambiae	A. gambiae
A0A1S4G8V1	1	U-01	gambiae	A. gambiae
A0A1S4G9J3	1	U-01	gambiae	A. gambiae
A0A1S4GB93	2	U-02	gambiae	A. gambiae
A0A1S4GGP7	2	U-02	gambiae	A. gambiae
A0A1S4GKV6	2	U-02	gambiae	A. gambiae
A0A1S4GMJ4	2	U-02	gambiae	A. gambiae
A0A1S4GQE8	1	U-01	gambiae	A. gambiae
A0A1S4GYC7	1	U-01	gambiae	A. gambiae
A0A1S4GZ77	1	U-01	gambiae	A. gambiae
A0A1S4H145	1	U-01	gambiae	A. gambiae
A0A1S4H5M5	2	U-02	gambiae	A. gambiae
A0A1S4H5S2	2	U-02	gambiae	A. gambiae
A0A1S4H6F6	2	U-02	gambiae	A. gambiae
A0A1S4HCM9	1	U-01	gambiae	A. gambiae
A0A1S4HCR9	1	U-01	gambiae	A. gambiae
A0A1S4HD25	1	U-01	gambiae	A. gambiae
A0A1S4HE27	1	U-01	gambiae	A. gambiae
A0A1S4HE51	2	U-02	gambiae	A. gambiae
A0A453YY69	1	U-01	gambiae	A. gambiae
A0A453Z0R4	1	U-01	gambiae	A. gambiae
A0A903XCB2	1	U-01	gambiae	A. gambiae
A4Q998	1	U-01	gambiae	A. gambiae
A7UU93	2	U-02	gambiae	A. gambiae
C9XI63	2	U-02	gambiae	A. gambiae
C9XI66	2	U-02	gambiae	A. gambiae
F5HKX0	2	U-02	gambiae	A. gambiae
F5HM55	2	U-02	gambiae	A. gambiae
F7IW82	1	U-01	gambiae	A. gambiae
P82290	1	U-01	gambiae	A. gambiae
Q17031	1	U-01	gambiae	A. gambiae
Q5TMY1	1	U-01	gambiae	A. gambiae
Q5TQZ3	2	U-02	gambiae	A. gambiae
Q5TVM9	2	U-02	gambiae	A. gambiae
Q7PEV7	2	U-02	gambiae	A. gambiae
Q7PM96	1	U-01	gambiae	A. gambiae
Q7PNF2	2	U-02	gambiae	A. gambiae
Q7PPZ8	2	U-02	gambiae	A. gambiae
Q7PQD1	2	U-02	gambiae	A. gambiae
Q7PRG3	1	U-01	gambiae	A. gambiae
Q7PS12	1	U-01	gambiae	A. gambiae
Q7PYD8	2	U-02	gambiae	A. gambiae
Q7PYE4	1	U-01	gambiae	A. gambiae
Q7Q180	1	U-01	gambiae	A. gambiae
Q7Q2B7	1	U-01	gambiae	A. gambiae
Q7Q2T8	2	U-02	gambiae	A. gambiae
Q7Q3K1	1	U-01	gambiae	A. gambiae
Q7QBP4	2	U-02	gambiae	A. gambiae
Q7QCC7	0	unassigned	gambiae	A. gambiae
Q7QF38	1	U-01	gambiae	A. gambiae
Q7QF39	1	U-01	gambiae	A. gambiae
