id	cluster_id	cluster_name	select	label
M9NEN0	1	U-01	melanogaster	D. melanogaster
M9NEN9	2	U-02	melanogaster	D. melanogaster
M9NEQ0	1	U-01	melanogaster	D. melanogaster
M9NES0	1	U-01	melanogaster	D. melanogaster
M9NEU5	1	U-01	melanogaster	D. melanogaster
M9NEV0	1	U-01	melanogaster	D. melanogaster
M9NEV8	1	U-01	melanogaster	D. melanogaster
M9NEY3	1	U-01	melanogaster	D. melanogaster
M9NEY4	1	U-01	melanogaster	D. melanogaster
M9NEY5	1	U-01	melanogaster	D. melanogaster
M9NF02	1	U-01	melanogaster	D. melanogaster
M9NF11	1	U-01	melanogaster	D. melanogaster
M9NF12	3	U-03	melanogaster	D. melanogaster
M9NF29	1	U-01	melanogaster	D. melanogaster
M9NF36	0	unassigned	melanogaster	D. melanogaster
M9NF48	2	U-02	melanogaster	D. melanogaster
M9NF61	1	U-01	melanogaster	D. melanogaster
M9NF66	1	U-01	melanogaster	D. melanogaster
M9NFB6	1	U-01	melanogaster	D. melanogaster
M9NFC0	1	U-01	melanogaster	D. melanogaster
M9NFD1	0	unassigned	melanogaster	D. melanogaster
M9NFD3	0	unassigned	melanogaster	D. melanogaster
M9NFF9	1	U-01	melanogaster	D. melanogaster
M9NFI2	1	U-01	melanogaster	D. melanogaster
M9NFJ2	1	U-01	melanogaster	D. melanogaster
M9NFM7	1	U-01	melanogaster	D. melanogaster
M9NFQ0	0	unassigned	melanogaster	D. melanogaster
M9NFQ8	1	U-01	melanogaster	D. melanogaster
M9NFY2	0	unassigned	melanogaster	D. melanogaster
M9NG83	1	U-01	melanogaster	D. melanogaster
M9NGF6	0	unassigned	melanogaster	D. melanogaster
M9NGG0	1	U-01	melanogaster	D. melanogaster
M9NGI1	1	U-01	melanogaster	D. melanogaster
M9NGK2	0	unassigned	melanogaster	D. melanogaster
M9NGQ9	3	U-03	melanogaster	D. melanogaster
M9NGR9	1	U-01	melanogaster	D. melanogaster
M9NGT4	1	U-01	melanogaster	D. melanogaster
M9NGY4	1	U-01	melanogaster	D. melanogaster
M9NGY7	1	U-01	melanogaster	D. melanogaster
M9NH07	0	unassigned	melanogaster	D. melanogaster
M9NH29	1	U-01	melanogaster	D. melanogaster
M9NH32	1	U-01	melanogaster	D. melanogaster
M9NH51	0	unassigned	melanogaster	D. melanogaster
M9NH88	1	U-01	melanogaster	D. melanogaster
M9NHG9	1	U-01	melanogaster	D. melanogaster
M9PAZ4	0	unassigned	melanogaster	D. melanogaster
M9PAZ7	2	U-02	melanogaster	D. melanogaster
M9PB01	1	U-01	melanogaster	D. melanogaster
M9PB52	1	U-01	melanogaster	D. melanogaster
M9PB53	3	U-03	melanogaster	D. melanogaster
M9PB59	3	U-03	melanogaster	D. melanogaster
M9PB60	3	U-03	melanogaster	D. melanogaster
M9PB61	2	U-02	melanogaster	D. melanogaster
M9PB69	3	U-03	melanogaster	D. melanogaster
M9PB84	1	U-01	melanogaster	D. melanogaster
M9PB97	1	U-01	melanogaster	D. melanogaster
M9PBA8	3	U-03	melanogaster	D. melanogaster
M9PBC2	1	U-01	melanogaster	D. melanogaster
Q2PE08	2	U-02	melanogaster	D. melanogaster
Q2PE09	2	U-02	melanogaster	D. melanogaster
Q2PE14	1	U-01	melanogaster	D. melanogaster
Q2PE36	1	U-01	melanogaster	D. melanogaster
Q2PE37	3	U-03	melanogaster	D. melanogaster
Q400M9	1	U-01	melanogaster	D. melanogaster
Q4AB24	1	U-01	melanogaster	D. melanogaster
Q4AB27	1	U-01	melanogaster	D. melanogaster
Q4AB54	0	unassigned	melanogaster	D. melanogaster
Q4AB57	1	U-01	melanogaster	D. melanogaster
Q4AB94	0	unassigned	melanogaster	D. melanogaster
Q4ABD8	0	unassigned	melanogaster	D. melanogaster
Q4ABE3	0	unassigned	melanogaster	D. melanogaster
Q4LDP4	1	U-01	melanogaster	D. melanogaster
Q4LDP5	1	U-01	melanogaster	D. melanogaster
Q4V516	1	U-01	melanogaster	D. melanogaster
Q59DP7	1	U-01	melanogaster	D. melanogaster
Q59DZ1	2	U-02	melanogaster	D. melanogaster
Q59DZ2	3	U-03	melanogaster	D. melanogaster
Q59DZ4	2	U-02	melanogaster	D. melanogaster
Q59DZ5	1	U-01	melanogaster	D. melanogaster
Q59DZ7	2	U-02	melanogaster	D. melanogaster
Q59E11	0	unassigned	melanogaster	D. melanogaster
Q59E13	2	U-02	melanogaster	D. melanogaster
Q59E14	2	U-02	melanogaster	D. melanogaster
Q59E20	2	U-02	melanogaster	D. melanogaster
Q59E37	1	U-01	melanogaster	D. melanogaster
Q59E67	1	U-01	melanogaster	D. melanogaster
Q5LJP6	1	U-01	melanogaster	D. melanogaster
Q5LJU1	3	U-03	melanogaster	D. melanogaster
Q5LK12	1	U-01	melanogaster	D. melanogaster
Q5LK19	1	U-01	melanogaster	D. melanogaster
Q6ILY6	1	U-01	melanogaster	D. melanogaster
Q6XPX3	2	U-02	melanogaster	D. melanogaster
Q76NQ0	2	U-02	melanogaster	D. melanogaster
Q76NQ9	1	U-01	melanogaster	D. melanogaster
Q76NR0	1	U-01	melanogaster	D. melanogaster
Q76NR5	1	U-01	melanogaster	D. melanogaster
Q7JPN9	0	unassigned	melanogaster	D. melanogaster
Q7JQW6	1	U-01	melanogaster	D. melanogaster
Q7JV70	1	U-01	melanogaster	D. melanogaster
Q7JWD3	1	U-01	melanogaster	D. melanogaster
Q7JWW5	1	U-01	melanogaster	D. melanogaster
Q7JXG9	1	U-01	melanogaster	D. melanogaster
Q7JZV0	0	unassigned	melanogaster	D. melanogaster
Q7K0P4	3	U-03	melanogaster	D. melanogaster
Q7K0Y1	1	U-01	melanogaster	D. melanogaster
Q7K1Y4	1	U-01	melanogaster	D. melanogaster
Q7K1Z5	1	U-01	melanogaster	D. melanogaster
Q7K284	1	U-01	melanogaster	D. melanogaster
Q7K2B0	1	U-01	melanogaster	D. melanogaster
Q7K4W1	1	U-01	melanogaster	D. melanogaster
Q7K550	1	U-01	melanogaster	D. melanogaster
Q7KJ69	1	U-01	melanogaster	D. melanogaster
Q7KKH3	1	U-01	melanogaster	D. melanogaster
Q7KM13	1	U-01	melanogaster	D. melanogaster
Q7KN90	1	U-01	melanogaster	D. melanogaster
Q7KQN5	0	unassigned	melanogaster	D. melanogaster
Q7KR10	0	unassigned	melanogaster	D. melanogaster
Q7KRX0	2	U-02	melanogaster	D. melanogaster
Q7KRX1	3	U-03	melanogaster	D. melanogaster
Q7KS07	2	U-02	melanogaster	D. melanogaster
Q7KS34	1	U-01	melanogaster	D. melanogaster
Q7KS35	1	U-01	melanogaster	D. melanogaster
Q7KS52	1	U-01	melanogaster	D. melanogaster
Q7KSB1	2	U-02	melanogaster	D. melanogaster
Q7KSB2	1	U-01	melanogaster	D. melanogaster
Q7KSC8	1	U-01	melanogaster	D. melanogaster
Q7KSE8	1	U-01	melanogaster	D. melanogaster
Q7KSE9	2	U-02	melanogaster	D. melanogaster
Q7KSG0	1	U-01	melanogaster	D. melanogaster
Q7KSH1	1	U-01	melanogaster	D. melanogaster
Q7KSJ6	1	U-01	melanogaster	D. melanogaster
Q7KSK1	2	U-02	melanogaster	D. melanogaster
Q7KSK2	1	U-01	melanogaster	D. melanogaster
Q7KSN6	1	U-01	melanogaster	D. melanogaster
Q7KSP1	0	unassigned	melanogaster	D. melanogaster
Q7KSS0	1	U-01	melanogaster	D. melanogaster
Q7KSS7	1	U-01	melanogaster	D. melanogaster
Q7KST7	1	U-01	melanogaster	D. melanogaster
Q7KSV1	1	U-01	melanogaster	D. melanogaster
Q7KSZ0	1	U-01	melanogaster	D. melanogaster
Q7KSZ5	1	U-01	melanogaster	D. melanogaster
Q7KT64	2	U-02	melanogaster	D. melanogaster
Q7KT66	2	U-02	melanogaster	D. melanogaster
Q7KT83	2	U-02	melanogaster	D. melanogaster
Q7KT84	2	U-02	melanogaster	D. melanogaster
Q9VEZ8	1	U-01	melanogaster	D. melanogaster
Q9VF02	1	U-01	melanogaster	D. melanogaster
Q9VF15	1	U-01	melanogaster	D. melanogaster
Q9VF23	1	U-01	melanogaster	D. melanogaster
Q9VF24	2	U-02	melanogaster	D. melanogaster
Q9VF28	1	U-01	melanogaster	D. melanogaster
Q9VF38	1	U-01	melanogaster	D. melanogaster
Q9VF39	1	U-01	melanogaster	D. melanogaster
Q9VF50	1	U-01	melanogaster	D. melanogaster
Q9VF51	1	U-01	melanogaster	D. melanogaster
Q9VF55	1	U-01	melanogaster	D. melanogaster
Q9VF56	1	U-01	melanogaster	D. melanogaster
Q9VF77	1	U-01	melanogaster	D. melanogaster
Q9VF78	1	U-01	melanogaster	D. melanogaster
Q9VFA0	1	U-01	melanogaster	D. melanogaster
Q9VFA9	3	U-03	melanogaster	D. melanogaster
Q9VFB5	1	U-01	melanogaster	D. melanogaster
Q9VFC0	1	U-01	melanogaster	D. melanogaster
Q9VFC4	1	U-01	melanogaster	D. melanogaster
Q9VFD9	2	U-02	melanogaster	D. melanogaster
Q9VFE2	2	U-02	melanogaster	D. melanogaster
Q9VFE4	1	U-01	melanogaster	D. melanogaster
Q9VFE5	3	U-03	melanogaster	D. melanogaster
Q9VFE7	1	U-01	melanogaster	D. melanogaster
Q9VFH5	2	U-02	melanogaster	D. melanogaster
Q9VFI7	0	unassigned	melanogaster	D. melanogaster
Q9VFJ2	1	U-01	melanogaster	D. melanogaster
Q9VFK3	1	U-01	melanogaster	D. melanogaster
Q9VFL0	1	U-01	melanogaster	D. melanogaster
Q9VFL5	1	U-01	melanogaster	D. melanogaster
Q9VFM0	2	U-02	melanogaster	D. melanogaster
Q9VFM3	3	U-03	melanogaster	D. melanogaster
Q9VFN2	0	unassigned	melanogaster	D. melanogaster
Q9VFN7	2	U-02	melanogaster	D. melanogaster
Q9VFR1	1	U-01	melanogaster	D. melanogaster
Q9VFR8	1	U-01	melanogaster	D. melanogaster
Q9VFS0	2	U-02	melanogaster	D. melanogaster
Q9VFS1	2	U-02	melanogaster	D. melanogaster
Q9VFT3	1	U-01	melanogaster	D. melanogaster
Q9VFU7	2	U-02	melanogaster	D. melanogaster
Q9VFW0	2	U-02	melanogaster	D. melanogaster
Q9VFW5	3	U-03	melanogaster	D. melanogaster
Q9VFW7	2	U-02	melanogaster	D. melanogaster
Q9VFW8	2	U-02	melanogaster	D. melanogaster
Q9VFX0	2	U-02	melanogaster	D. melanogaster
Q9VG13	1	U-01	melanogaster	D. melanogaster
Q9VG32	1	U-01	melanogaster	D. melanogaster
Q9VG40	0	unassigned	melanogaster	D. melanogaster
Q9VG68	3	U-03	melanogaster	D. melanogaster
Q9VG73	1	U-01	melanogaster	D. melanogaster
Q9VG77	1	U-01	melanogaster	D. melanogaster
Q9VG78	1	U-01	melanogaster	D. melanogaster
Q9VG79	1	U-01	melanogaster	D. melanogaster
Q9VG82	0	unassigned	melanogaster	D. melanogaster
Q9VG84	1	U-01	melanogaster	D. melanogaster
A0A0B4LH46	1	U-01	melanogaster	D. melanogaster
A0A0B4LH56	1	U-01	melanogaster	D. melanogaster
A0A0B4LH65	1	U-01	melanogaster	D. melanogaster
A0A0B4LH70	2	U-02	melanogaster	D. melanogaster
A0A0B4LH88	1	U-01	melanogaster	D. melanogaster
A0A0B4LH92	3	U-03	melanogaster	D. melanogaster
A0A0B4LHA8	1	U-01	melanogaster	D. melanogaster
A0A0B4LHB6	1	U-01	melanogaster	D. melanogaster
A0A0B4LHE5	1	U-01	melanogaster	D. melanogaster
A0A0B4LHE8	1	U-01	melanogaster	D. melanogaster
A0A0B4LHE9	1	U-01	melanogaster	D. melanogaster
A0A0B4LHF4	1	U-01	melanogaster	D. melanogaster
A0A0B4LHF6	1	U-01	melanogaster	D. melanogaster
A0A0B4LHG3	1	U-01	melanogaster	D. melanogaster
A0A0B4LHG6	0	unassigned	melanogaster	D. melanogaster
A0A0B4LHH8	0	unassigned	melanogaster	D. melanogaster
A0A0B4LHI0	1	U-01	melanogaster	D. melanogaster
A0A0B4LHI2	1	U-01	melanogaster	D. melanogaster
A0A0B4LHJ1	1	U-01	melanogaster	D. melanogaster
A0A0B4LHJ2	1	U-01	melanogaster	D. melanogaster
A0A0B4LHK6	2	U-02	melanogaster	D. melanogaster
A0A0B4LHK9	1	U-01	melanogaster	D. melanogaster
A0A0B4LHL1	1	U-01	melanogaster	D. melanogaster
A0A0B4LHM1	2	U-02	melanogaster	D. melanogaster
A0A0B4LHM2	1	U-01	melanogaster	D. melanogaster
A0A0B4LHN6	2	U-02	melanogaster	D. melanogaster
A0A0B4LHP3	0	unassigned	melanogaster	D. melanogaster
A0A0B4LHQ0	0	unassigned	melanogaster	D. melanogaster
A0A0B4LHQ5	1	U-01	melanogaster	D. melanogaster
A0A0B4LHQ9	1	U-01	melanogaster	D. melanogaster
A0A0B4LHR5	1	U-01	melanogaster	D. melanogaster
A0A0B4LHT8	1	U-01	melanogaster	D. melanogaster
A0A0B4LHU6	1	U-01	melanogaster	D. melanogaster
A0A0B4LHU9	1	U-01	melanogaster	D. melanogaster
A0A0B4LHV1	2	U-02	melanogaster	D. melanogaster
A0A0B4LHV7	1	U-01	melanogaster	D. melanogaster
A0A0B4LHW5	2	U-02	melanogaster	D. melanogaster
A0A0B4LHX3	1	U-01	melanogaster	D. melanogaster
A0A0B4LHY6	1	U-01	melanogaster	D. melanogaster
A0A0B4LI00	1	U-01	melanogaster	D. melanogaster
A0A0B4LI36	1	U-01	melanogaster	D. melanogaster
A0A0B4LIB3	1	U-01	melanogaster	D. melanogaster
A0A0B4LIB4	1	U-01	melanogaster	D. melanogaster
A0A0B4LIB9	2	U-02	melanogaster	D. melanogaster
A0A0B4LID0	1	U-01	melanogaster	D. melanogaster
A0A0B4LIE1	1	U-01	melanogaster	D. melanogaster
A0A0B4LIF6	0	unassigned	melanogaster	D. melanogaster
A0A0B4LIF8	1	U-01	melanogaster	D. melanogaster
A0A0B4LIG1	1	U-01	melanogaster	D. melanogaster
A0A0B4LIG4	1	U-01	melanogaster	D. melanogaster
A0A0B4LIJ3	1	U-01	melanogaster	D. melanogaster
A0A0B7P233	1	U-01	melanogaster	D. melanogaster
A0A0B7P240	3	U-03	melanogaster	D. melanogaster
A0A0B7P3X0	1	U-01	melanogaster	D. melanogaster
A0A0B7P4G2	3	U-03	melanogaster	D. melanogaster
A0A0B7P7L2	1	U-01	melanogaster	D. melanogaster
A4UZF8	1	U-01	melanogaster	D. melanogaster
A4UZK0	1	U-01	melanogaster	D. melanogaster
A4UZL4	1	U-01	melanogaster	D. melanogaster
A4UZN9	1	U-01	melanogaster	D. melanogaster
A4UZQ5	1	U-01	melanogaster	D. melanogaster
A4UZQ6	1	U-01	melanogaster	D. melanogaster
A4V013	1	U-01	melanogaster	D. melanogaster
A4V0A1	1	U-01	melanogaster	D. melanogaster
A4V0C2	1	U-01	melanogaster	D. melanogaster
A4V0N7	0	unassigned	melanogaster	D. melanogaster
A4V1R6	1	U-01	melanogaster	D. melanogaster
A4V1W7	1	U-01	melanogaster	D. melanogaster
A4V264	1	U-01	melanogaster	D. melanogaster
A4V282	1	U-01	melanogaster	D. melanogaster
A4V287	1	U-01	melanogaster	D. melanogaster
A4V2L8	1	U-01	melanogaster	D. melanogaster
A4V341	0	unassigned	melanogaster	D. melanogaster
A4V379	2	U-02	melanogaster	D. melanogaster
A4V381	1	U-01	melanogaster	D. melanogaster
A4V389	1	U-01	melanogaster	D. melanogaster
A4V3K8	3	U-03	melanogaster	D. melanogaster
A4V3W7	1	U-01	melanogaster	D. melanogaster
A4V408	3	U-03	melanogaster	D. melanogaster
A4V456	1	U-01	melanogaster	D. melanogaster
A4V4F0	1	U-01	melanogaster	D. melanogaster
A4V4L0	1	U-01	melanogaster	D. melanogaster
A4V4M7	1	U-01	melanogaster	D. melanogaster
A8DT49	3	U-03	melanogaster	D. melanogaster
A8DY45	1	U-01	melanogaster	D. melanogaster
A8DY46	1	U-01	melanogaster	D. melanogaster
A8DY47	1	U-01	melanogaster	D. melanogaster
A8DY49	2	U-02	melanogaster	D. melanogaster
A8DY51	2	U-02	melanogaster	D. melanogaster
A8DY52	1	U-01	melanogaster	D. melanogaster
A8DY55	1	U-01	melanogaster	D. melanogaster
A8DY57	3	U-03	melanogaster	D. melanogaster
A8DY63	3	U-03	melanogaster	D. melanogaster
A8DY64	1	U-01	melanogaster	D. melanogaster
A8DY65	1	U-01	melanogaster	D. melanogaster
A8DY71	1	U-01	melanogaster	D. melanogaster
A8DY73	1	U-01	melanogaster	D. melanogaster
A8DY83	3	U-03	melanogaster	D. melanogaster
A8DY98	1	U-01	melanogaster	D. melanogaster
A8DYA0	1	U-01	melanogaster	D. melanogaster
Q9VUY9	1	U-01	melanogaster	D. melanogaster
Q9VV72	2	U-02	melanogaster	D. melanogaster
Q9VV73	1	U-01	melanogaster	D. melanogaster
Q9VV74	1	U-01	melanogaster	D. melanogaster
Q9VV79	1	U-01	melanogaster	D. melanogaster
Q9VV87	3	U-03	melanogaster	D. melanogaster
Q9VVA7	1	U-01	melanogaster	D. melanogaster
Q9VVD9	3	U-03	melanogaster	D. melanogaster
Q9VVF7	1	U-01	melanogaster	D. melanogaster
Q9VVG0	2	U-02	melanogaster	D. melanogaster
Q9VVH4	3	U-03	melanogaster	D. melanogaster
Q9VVH9	3	U-03	melanogaster	D. melanogaster
Q9VVI2	1	U-01	melanogaster	D. melanogaster
Q9VVI3	1	U-01	melanogaster	D. melanogaster
Q9VVJ6	2	U-02	melanogaster	D. melanogaster
Q9VVK7	1	U-01	melanogaster	D. melanogaster
Q9VVK8	1	U-01	melanogaster	D. melanogaster
Q9VVL0	3	U-03	melanogaster	D. melanogaster
Q9VVL1	0	unassigned	melanogaster	D. melanogaster
Q9VVL7	1	U-01	melanogaster	D. melanogaster
Q9VVM6	3	U-03	melanogaster	D. melanogaster
Q9VVN4	1	U-01	melanogaster	D. melanogaster
Q9VVR1	1	U-01	melanogaster	D. melanogaster
Q9VVR2	1	U-01	melanogaster	D. melanogaster
Q9VVR6	1	U-01	melanogaster	D. melanogaster
Q9VVS6	1	U-01	melanogaster	D. melanogaster
Q9VVU1	1	U-01	melanogaster	D. melanogaster
Q9VVV9	1	U-01	melanogaster	D. melanogaster
Q9VVX0	1	U-01	melanogaster	D. melanogaster
Q9VVX5	3	U-03	melanogaster	D. melanogaster
Q9VW09	1	U-01	melanogaster	D. melanogaster
Q9VW15	1	U-01	melanogaster	D. melanogaster
Q9VW24	1	U-01	melanogaster	D. melanogaster
Q9VW34	2	U-02	melanogaster	D. melanogaster
Q9VW35	1	U-01	melanogaster	D. melanogaster
Q9VW37	1	U-01	melanogaster	D. melanogaster
Q9VW47	1	U-01	melanogaster	D. melanogaster
Q9VW51	1	U-01	melanogaster	D. melanogaster
Q9VW54	1	U-01	melanogaster	D. melanogaster
Q9VW57	1	U-01	melanogaster	D. melanogaster
Q9VW60	3	U-03	melanogaster	D. melanogaster
Q9VW71	2	U-02	melanogaster	D. melanogaster
Q9VW75	3	U-03	melanogaster	D. melanogaster
Q9VW78	2	U-02	melanogaster	D. melanogaster
Q9VW80	2	U-02	melanogaster	D. melanogaster
Q9VW83	1	U-01	melanogaster	D. melanogaster
Q9VWB9	1	U-01	melanogaster	D. melanogaster
Q9VWC6	1	U-01	melanogaster	D. melanogaster
E1JIK0	1	U-01	melanogaster	D. melanogaster
E1JIL7	1	U-01	melanogaster	D. melanogaster
E1JIM1	1	U-01	melanogaster	D. melanogaster
E1JIM5	0	unassigned	melanogaster	D. melanogaster
E1JIP0	1	U-01	melanogaster	D. melanogaster
E1JIR3	1	U-01	melanogaster	D. melanogaster
E1JIR8	1	U-01	melanogaster	D. melanogaster
E1JIS7	1	U-01	melanogaster	D. melanogaster
E1JIU2	1	U-01	melanogaster	D. melanogaster
E1JIV5	1	U-01	melanogaster	D. melanogaster
E1JIZ0	1	U-01	melanogaster	D. melanogaster
E1JIZ1	1	U-01	melanogaster	D. melanogaster
E1JIZ2	1	U-01	melanogaster	D. melanogaster
E1JIZ8	1	U-01	melanogaster	D. melanogaster
E1JJ12	1	U-01	melanogaster	D. melanogaster
E1JJ47	3	U-03	melanogaster	D. melanogaster
E1JJ68	1	U-01	melanogaster	D. melanogaster
E1JJ78	1	U-01	melanogaster	D. melanogaster
E1JJD5	1	U-01	melanogaster	D. melanogaster
E1JJE4	2	U-02	melanogaster	D. melanogaster
E1JJF3	3	U-03	melanogaster	D. melanogaster
E1JJJ8	1	U-01	melanogaster	D. melanogaster
E1JJL4	2	U-02	melanogaster	D. melanogaster
E1JJN6	1	U-01	melanogaster	D. melanogaster
E1JJP5	1	U-01	melanogaster	D. melanogaster
E1JJP6	1	U-01	melanogaster	D. melanogaster
E2QCB8	1	U-01	melanogaster	D. melanogaster
E2QCF1	1	U-01	melanogaster	D. melanogaster
E2QCM9	3	U-03	melanogaster	D. melanogaster
E2QCQ7	2	U-02	melanogaster	D. melanogaster
E2QCS8	1	U-01	melanogaster	D. melanogaster
E2QCW2	1	U-01	melanogaster	D. melanogaster
E2QCY1	0	unassigned	melanogaster	D. melanogaster
E2QD31	1	U-01	melanogaster	D. melanogaster
E2QD79	1	U-01	melanogaster	D. melanogaster
E6EK15	1	U-01	melanogaster	D. melanogaster
E6EK17	1	U-01	melanogaster	D. melanogaster
E6EK18	1	U-01	melanogaster	D. melanogaster
F6J1D0	1	U-01	melanogaster	D. melanogaster
G3M3A2	1	U-01	melanogaster	D. melanogaster
H9XVL7	1	U-01	melanogaster	D. melanogaster
H9XVN2	1	U-01	melanogaster	D. melanogaster
H9XVQ2	1	U-01	melanogaster	D. melanogaster
L0MPR7	1	U-01	melanogaster	D. melanogaster
L0MPS3	2	U-02	melanogaster	D. melanogaster
L0MPZ9	0	unassigned	melanogaster	D. melanogaster
L0MQ04	1	U-01	melanogaster	D. melanogaster
M9MQH0	1	U-01	melanogaster	D. melanogaster
M9MRD5	1	U-01	melanogaster	D. melanogaster
M9MRD8	1	U-01	melanogaster	D. melanogaster
M9MRD9	1	U-01	melanogaster	D. melanogaster
M9MRG4	1	U-01	melanogaster	D. melanogaster
Q9VI17	2	U-02	melanogaster	D. melanogaster
Q9VI21	0	unassigned	melanogaster	D. melanogaster
Q9VI23	1	U-01	melanogaster	D. melanogaster
Q9VI51	1	U-01	melanogaster	D. melanogaster
Q9VI53	1	U-01	melanogaster	D. melanogaster
Q9VI54	1	U-01	melanogaster	D. melanogaster
Q9VI65	1	U-01	melanogaster	D. melanogaster
Q9VI67	1	U-01	melanogaster	D. melanogaster
Q9VI70	1	U-01	melanogaster	D. melanogaster
Q9VI74	1	U-01	melanogaster	D. melanogaster
Q9VI81	1	U-01	melanogaster	D. melanogaster
Q9VI83	1	U-01	melanogaster	D. melanogaster
Q9VI84	1	U-01	melanogaster	D. melanogaster
Q9VI96	2	U-02	melanogaster	D. melanogaster
Q9VI97	1	U-01	melanogaster	D. melanogaster
Q9VIB3	1	U-01	melanogaster	D. melanogaster
Q9VIB6	1	U-01	melanogaster	D. melanogaster
Q9VIC0	1	U-01	melanogaster	D. melanogaster
Q9VID1	3	U-03	melanogaster	D. melanogaster
Q9VID5	1	U-01	melanogaster	D. melanogaster
Q9VIE0	1	U-01	melanogaster	D. melanogaster
Q9VIE9	2	U-02	melanogaster	D. melanogaster
Q9VIF2	2	U-02	melanogaster	D. melanogaster
Q9VIF7	1	U-01	melanogaster	D. melanogaster
Q9VIG0	2	U-02	melanogaster	D. melanogaster
Q9VIG1	1	U-01	melanogaster	D. melanogaster
Q9VII5	2	U-02	melanogaster	D. melanogaster
Q9VII7	0	unassigned	melanogaster	D. melanogaster
Q9VII9	1	U-01	melanogaster	D. melanogaster
Q9VIJ3	1	U-01	melanogaster	D. melanogaster
Q9VIJ9	1	U-01	melanogaster	D. melanogaster
Q9VIK0	1	U-01	melanogaster	D. melanogaster
Q9VIK3	1	U-01	melanogaster	D. melanogaster
Q9VIK5	3	U-03	melanogaster	D. melanogaster
Q9VIK6	1	U-01	melanogaster	D. melanogaster
Q9VIK9	1	U-01	melanogaster	D. melanogaster
Q9VIL2	1	U-01	melanogaster	D. melanogaster
Q9VIM1	1	U-01	melanogaster	D. melanogaster
Q9VIM6	1	U-01	melanogaster	D. melanogaster
Q9VIM8	2	U-02	melanogaster	D. melanogaster
Q9VIM9	0	unassigned	melanogaster	D. melanogaster
Q9VIN6	2	U-02	melanogaster	D. melanogaster
Q9VIN9	1	U-01	melanogaster	D. melanogaster
Q9VIP6	2	U-02	melanogaster	D. melanogaster
Q9VIQ4	1	U-01	melanogaster	D. melanogaster
Q9VIR9	1	U-01	melanogaster	D. melanogaster
Q9VIS0	1	U-01	melanogaster	D. melanogaster
Q9VSL2	0	unassigned	melanogaster	D. melanogaster
Q9VSL6	0	unassigned	melanogaster	D. melanogaster
Q9VSM0	0	unassigned	melanogaster	D. melanogaster
Q9VSM1	0	unassigned	melanogaster	D. melanogaster
Q9VSM2	0	unassigned	melanogaster	D. melanogaster
Q9VSM4	1	U-01	melanogaster	D. melanogaster
Q9VSN2	1	U-01	melanogaster	D. melanogaster
Q9VSN3	1	U-01	melanogaster	D. melanogaster
Q9VSQ5	2	U-02	melanogaster	D. melanogaster
Q9VSQ6	2	U-02	melanogaster	D. melanogaster
Q9VSQ7	2	U-02	melanogaster	D. melanogaster
Q9VSR7	1	U-01	melanogaster	D. melanogaster
Q9VST8	3	U-03	melanogaster	D. melanogaster
Q9VSV1	3	U-03	melanogaster	D. melanogaster
Q9VSV3	1	U-01	melanogaster	D. melanogaster
Q9VSW4	1	U-01	melanogaster	D. melanogaster
Q9VSW7	1	U-01	melanogaster	D. melanogaster
Q9VSY0	1	U-01	melanogaster	D. melanogaster
Q9VSZ1	1	U-01	melanogaster	D. melanogaster
Q9VSZ2	1	U-01	melanogaster	D. melanogaster
Q9VSZ6	1	U-01	melanogaster	D. melanogaster
Q9VT01	1	U-01	melanogaster	D. melanogaster
Q9VT02	2	U-02	melanogaster	D. melanogaster
Q9VT03	3	U-03	melanogaster	D. melanogaster
Q9VT05	1	U-01	melanogaster	D. melanogaster
Q9VT09	0	unassigned	melanogaster	D. melanogaster
Q9VT14	1	U-01	melanogaster	D. melanogaster
Q9VT15	0	unassigned	melanogaster	D. melanogaster
Q9VT19	1	U-01	melanogaster	D. melanogaster
Q9VT29	1	U-01	melanogaster	D. melanogaster
Q9VT31	1	U-01	melanogaster	D. melanogaster
Q9VT45	1	U-01	melanogaster	D. melanogaster
Q9VT47	1	U-01	melanogaster	D. melanogaster
Q9VT49	1	U-01	melanogaster	D. melanogaster
Q9VT55	1	U-01	melanogaster	D. melanogaster
Q9VT59	0	unassigned	melanogaster	D. melanogaster
Q9VT68	1	U-01	melanogaster	D. melanogaster
Q9VT74	1	U-01	melanogaster	D. melanogaster
Q9VT82	2	U-02	melanogaster	D. melanogaster
Q9VT95	0	unassigned	melanogaster	D. melanogaster
Q9VTB3	1	U-01	melanogaster	D. melanogaster
Q9VTB7	1	U-01	melanogaster	D. melanogaster
Q9VTB8	1	U-01	melanogaster	D. melanogaster
Q9VTC6	0	unassigned	melanogaster	D. melanogaster
Q9VTC7	0	unassigned	melanogaster	D. melanogaster
Q9VTC8	0	unassigned	melanogaster	D. melanogaster
Q9VTD5	3	U-03	melanogaster	D. melanogaster
Q9VTD9	1	U-01	melanogaster	D. melanogaster
Q9VTF5	3	U-03	melanogaster	D. melanogaster
Q9VTF8	1	U-01	melanogaster	D. melanogaster
Q9VTG5	3	U-03	melanogaster	D. melanogaster
Q9VTG6	1	U-01	melanogaster	D. melanogaster
Q9VTG8	2	U-02	melanogaster	D. melanogaster
Q9W192	2	U-02	melanogaster	D. melanogaster
Q9W197	1	U-01	melanogaster	D. melanogaster
Q9W1A9	1	U-01	melanogaster	D. melanogaster
Q9W1B0	1	U-01	melanogaster	D. melanogaster
Q9W1C5	1	U-01	melanogaster	D. melanogaster
Q9W1F4	1	U-01	melanogaster	D. melanogaster
Q9W1G7	1	U-01	melanogaster	D. melanogaster
Q9W1H0	1	U-01	melanogaster	D. melanogaster
Q9W1H4	1	U-01	melanogaster	D. melanogaster
Q9W1H5	1	U-01	melanogaster	D. melanogaster
Q9W1I0	1	U-01	melanogaster	D. melanogaster
Q9W1I2	1	U-01	melanogaster	D. melanogaster
Q9W1I8	1	U-01	melanogaster	D. melanogaster
Q9W1I9	1	U-01	melanogaster	D. melanogaster
Q9W1K4	1	U-01	melanogaster	D. melanogaster
Q9W1M6	1	U-01	melanogaster	D. melanogaster
Q9W1M7	1	U-01	melanogaster	D. melanogaster
Q9W1M8	2	U-02	melanogaster	D. melanogaster
Q9W1M9	1	U-01	melanogaster	D. melanogaster
Q9W1R5	1	U-01	melanogaster	D. melanogaster
Q9W1U4	1	U-01	melanogaster	D. melanogaster
Q9W1V3	1	U-01	melanogaster	D. melanogaster
Q9W1V6	2	U-02	melanogaster	D. melanogaster
Q9W1X4	1	U-01	melanogaster	D. melanogaster
Q9W1X9	1	U-01	melanogaster	D. melanogaster
Q9W213	2	U-02	melanogaster	D. melanogaster
Q9W252	1	U-01	melanogaster	D. melanogaster
Q9W266	2	U-02	melanogaster	D. melanogaster
Q9W277	1	U-01	melanogaster	D. melanogaster
Q9W278	1	U-01	melanogaster	D. melanogaster
Q9W2E7	1	U-01	melanogaster	D. melanogaster
Q9W2H9	1	U-01	melanogaster	D. melanogaster
Q9W2I4	1	U-01	melanogaster	D. melanogaster
Q9W2N0	1	U-01	melanogaster	D. melanogaster
Q9W2P0	1	U-01	melanogaster	D. melanogaster
Q9W2R3	1	U-01	melanogaster	D. melanogaster
Q9W2R4	1	U-01	melanogaster	D. melanogaster
Q9W2S2	1	U-01	melanogaster	D. melanogaster
Q9W321	1	U-01	melanogaster	D. melanogaster
Q9W328	1	U-01	melanogaster	D. melanogaster
Q9W345	0	unassigned	melanogaster	D. melanogaster
Q9W349	1	U-01	melanogaster	D. melanogaster
Q9W354	1	U-01	melanogaster	D. melanogaster
Q9W365	2	U-02	melanogaster	D. melanogaster
Q9W369	1	U-01	melanogaster	D. melanogaster
Q9W374	1	U-01	melanogaster	D. melanogaster
Q9W379	1	U-01	melanogaster	D. melanogaster
Q9W385	1	U-01	melanogaster	D. melanogaster
O97177	1	U-01	melanogaster	D. melanogaster
O97418	1	U-01	melanogaster	D. melanogaster
O97477	1	U-01	melanogaster	D. melanogaster
O97479	1	U-01	melanogaster	D. melanogaster
P00399	0	unassigned	melanogaster	D. melanogaster
P00408	0	unassigned	melanogaster	D. melanogaster
P00850	0	unassigned	melanogaster	D. melanogaster
P02515	1	U-01	melanogaster	D. melanogaster
P03896	0	unassigned	melanogaster	D. melanogaster
P05389	1	U-01	melanogaster	D. melanogaster
P05527	1	U-01	melanogaster	D. melanogaster
P05552	1	U-01	melanogaster	D. melanogaster
P06601	1	U-01	melanogaster	D. melanogaster
P06742	1	U-01	melanogaster	D. melanogaster
P08266	1	U-01	melanogaster	D. melanogaster
P09089	1	U-01	melanogaster	D. melanogaster
P09491	0	unassigned	melanogaster	D. melanogaster
P10735	1	U-01	melanogaster	D. melanogaster
P11596	1	U-01	melanogaster	D. melanogaster
P11997	2	U-02	melanogaster	D. melanogaster
P12297	1	U-01	melanogaster	D. melanogaster
P12613	1	U-01	melanogaster	D. melanogaster
P12646	1	U-01	melanogaster	D. melanogaster
P13060	1	U-01	melanogaster	D. melanogaster
P15619	1	U-01	melanogaster	D. melanogaster
P16163	1	U-01	melanogaster	D. melanogaster
P16911	1	U-01	melanogaster	D. melanogaster
P17207	0	unassigned	melanogaster	D. melanogaster
P17719	1	U-01	melanogaster	D. melanogaster
P18053	1	U-01	melanogaster	D. melanogaster
P18167	2	U-02	melanogaster	D. melanogaster
P18169	1	U-01	melanogaster	D. melanogaster
P18486	1	U-01	melanogaster	D. melanogaster
P18935	0	unassigned	melanogaster	D. melanogaster
P20028	1	U-01	melanogaster	D. melanogaster
P20105	1	U-01	melanogaster	D. melanogaster
P23226	1	U-01	melanogaster	D. melanogaster
P25167	1	U-01	melanogaster	D. melanogaster
P25931	3	U-03	melanogaster	D. melanogaster
P25991	1	U-01	melanogaster	D. melanogaster
P28518	1	U-01	melanogaster	D. melanogaster
P29681	1	U-01	melanogaster	D. melanogaster
P31264	1	U-01	melanogaster	D. melanogaster
P32027	1	U-01	melanogaster	D. melanogaster
P32234	1	U-01	melanogaster	D. melanogaster
P32748	1	U-01	melanogaster	D. melanogaster
P33269	0	unassigned	melanogaster	D. melanogaster
P33270	0	unassigned	melanogaster	D. melanogaster
P35122	1	U-01	melanogaster	D. melanogaster
P35381	1	U-01	melanogaster	D. melanogaster
P35421	1	U-01	melanogaster	D. melanogaster
P36192	1	U-01	melanogaster	D. melanogaster
M9PJ79	0	unassigned	melanogaster	D. melanogaster
M9PJ82	0	unassigned	melanogaster	D. melanogaster
M9PJ95	1	U-01	melanogaster	D. melanogaster
M9PJA1	1	U-01	melanogaster	D. melanogaster
M9PJD3	1	U-01	melanogaster	D. melanogaster
M9PJE8	1	U-01	melanogaster	D. melanogaster
M9PJG3	1	U-01	melanogaster	D. melanogaster
M9PJH7	1	U-01	melanogaster	D. melanogaster
M9PJN3	1	U-01	melanogaster	D. melanogaster
M9PJQ1	1	U-01	melanogaster	D. melanogaster
M9PJR2	1	U-01	melanogaster	D. melanogaster
M9PJS0	1	U-01	melanogaster	D. melanogaster
M9PJS1	3	U-03	melanogaster	D. melanogaster
M9PJS2	1	U-01	melanogaster	D. melanogaster
M9PJS6	1	U-01	melanogaster	D. melanogaster
O16130	1	U-01	melanogaster	D. melanogaster
O16158	1	U-01	melanogaster	D. melanogaster
O16528	1	U-01	melanogaster	D. melanogaster
O17445	1	U-01	melanogaster	D. melanogaster
O17452	2	U-02	melanogaster	D. melanogaster
O46050	1	U-01	melanogaster	D. melanogaster
O46051	0	unassigned	melanogaster	D. melanogaster
O46079	1	U-01	melanogaster	D. melanogaster
O46080	1	U-01	melanogaster	D. melanogaster
O46089	1	U-01	melanogaster	D. melanogaster
O46099	1	U-01	melanogaster	D. melanogaster
O46100	3	U-03	melanogaster	D. melanogaster
O46201	1	U-01	melanogaster	D. melanogaster
O46227	1	U-01	melanogaster	D. melanogaster
O46307	1	U-01	melanogaster	D. melanogaster
Q8IPF1	2	U-02	melanogaster	D. melanogaster
Q8IPF8	1	U-01	melanogaster	D. melanogaster
Q8IPI4	1	U-01	melanogaster	D. melanogaster
Q8IPJ5	0	unassigned	melanogaster	D. melanogaster
Q8IPK1	3	U-03	melanogaster	D. melanogaster
Q8IPK2	1	U-01	melanogaster	D. melanogaster
Q8IPK4	2	U-02	melanogaster	D. melanogaster
Q8IPK8	0	unassigned	melanogaster	D. melanogaster
Q8IPL0	1	U-01	melanogaster	D. melanogaster
Q8IPL3	1	U-01	melanogaster	D. melanogaster
Q8IPM2	1	U-01	melanogaster	D. melanogaster
Q8IPP2	1	U-01	melanogaster	D. melanogaster
Q8IPP8	1	U-01	melanogaster	D. melanogaster
Q8IPQ6	1	U-01	melanogaster	D. melanogaster
Q8IPQ7	0	unassigned	melanogaster	D. melanogaster
Q8IPS7	1	U-01	melanogaster	D. melanogaster
Q8IPS9	3	U-03	melanogaster	D. melanogaster
Q8IPT0	1	U-01	melanogaster	D. melanogaster
Q8IPT1	1	U-01	melanogaster	D. melanogaster
Q8IPU7	1	U-01	melanogaster	D. melanogaster
Q8IPV3	3	U-03	melanogaster	D. melanogaster
Q8IPW6	1	U-01	melanogaster	D. melanogaster
Q8IPW7	1	U-01	melanogaster	D. melanogaster
Q8IPY0	3	U-03	melanogaster	D. melanogaster
Q8IPZ8	2	U-02	melanogaster	D. melanogaster
Q8IPZ9	3	U-03	melanogaster	D. melanogaster
Q8IQ01	3	U-03	melanogaster	D. melanogaster
Q8IQ02	3	U-03	melanogaster	D. melanogaster
Q8IQ03	1	U-01	melanogaster	D. melanogaster
Q8IQ06	2	U-02	melanogaster	D. melanogaster
Q8IQ12	1	U-01	melanogaster	D. melanogaster
Q8IQ13	1	U-01	melanogaster	D. melanogaster
Q8IQ15	1	U-01	melanogaster	D. melanogaster
Q8IQ26	1	U-01	melanogaster	D. melanogaster
Q8IQ30	1	U-01	melanogaster	D. melanogaster
Q8IQ31	1	U-01	melanogaster	D. melanogaster
Q8IQ53	1	U-01	melanogaster	D. melanogaster
Q8IQ63	1	U-01	melanogaster	D. melanogaster
Q8IQ71	1	U-01	melanogaster	D. melanogaster
Q8IQ72	0	unassigned	melanogaster	D. melanogaster
Q8IQ80	1	U-01	melanogaster	D. melanogaster
Q8IQ82	1	U-01	melanogaster	D. melanogaster
Q8IQA0	1	U-01	melanogaster	D. melanogaster
Q8IQA1	3	U-03	melanogaster	D. melanogaster
Q8IQB0	2	U-02	melanogaster	D. melanogaster
Q8IQB7	2	U-02	melanogaster	D. melanogaster
Q8IQC1	3	U-03	melanogaster	D. melanogaster
Q8IQC4	3	U-03	melanogaster	D. melanogaster
Q8IQC8	1	U-01	melanogaster	D. melanogaster
Q8IQD3	2	U-02	melanogaster	D. melanogaster
Q8IQD5	3	U-03	melanogaster	D. melanogaster
Q8IQD7	1	U-01	melanogaster	D. melanogaster
Q8IQD8	1	U-01	melanogaster	D. melanogaster
Q8IQD9	1	U-01	melanogaster	D. melanogaster
Q8IQE0	3	U-03	melanogaster	D. melanogaster
Q8IQE2	0	unassigned	melanogaster	D. melanogaster
Q8IQE6	1	U-01	melanogaster	D. melanogaster
Q8IQF3	3	U-03	melanogaster	D. melanogaster
Q8IQH2	0	unassigned	melanogaster	D. melanogaster
Q8IQH4	1	U-01	melanogaster	D. melanogaster
Q8IQH5	1	U-01	melanogaster	D. melanogaster
Q8IQH6	3	U-03	melanogaster	D. melanogaster
Q8IQH8	1	U-01	melanogaster	D. melanogaster
Q8IQH9	1	U-01	melanogaster	D. melanogaster
Q8IQI0	1	U-01	melanogaster	D. melanogaster
Q8IQI3	1	U-01	melanogaster	D. melanogaster
Q8IQJ4	2	U-02	melanogaster	D. melanogaster
Q8IQJ5	1	U-01	melanogaster	D. melanogaster
Q8IQJ9	1	U-01	melanogaster	D. melanogaster
Q8IQK2	1	U-01	melanogaster	D. melanogaster
A0A0B4LF75	2	U-02	melanogaster	D. melanogaster
A0A0B4LF82	1	U-01	melanogaster	D. melanogaster
A0A0B4LF93	1	U-01	melanogaster	D. melanogaster
A0A0B4LFA2	1	U-01	melanogaster	D. melanogaster
A0A0B4LFF8	1	U-01	melanogaster	D. melanogaster
A0A0B4LFK8	1	U-01	melanogaster	D. melanogaster
A0A0B4LFQ2	1	U-01	melanogaster	D. melanogaster
A0A0B4LFQ3	1	U-01	melanogaster	D. melanogaster
A0A0B4LFV0	0	unassigned	melanogaster	D. melanogaster
A0A0B4LFX2	1	U-01	melanogaster	D. melanogaster
A0A0B4LFY9	1	U-01	melanogaster	D. melanogaster
A0A0B4LFZ4	1	U-01	melanogaster	D. melanogaster
A0A0B4LG27	2	U-02	melanogaster	D. melanogaster
A0A0B4LGB7	1	U-01	melanogaster	D. melanogaster
A0A0B4LGD3	3	U-03	melanogaster	D. melanogaster
A0A0B4LGH1	1	U-01	melanogaster	D. melanogaster
A0A0B4LGI1	1	U-01	melanogaster	D. melanogaster
A0A0B4LGK5	1	U-01	melanogaster	D. melanogaster
A0A0B4LGU9	1	U-01	melanogaster	D. melanogaster
A0A0B4LGY8	1	U-01	melanogaster	D. melanogaster
A0A0B4LH48	1	U-01	melanogaster	D. melanogaster
A0A0B4LHJ5	1	U-01	melanogaster	D. melanogaster
A0A0B4LHR4	3	U-03	melanogaster	D. melanogaster
A0A0B4LHU8	1	U-01	melanogaster	D. melanogaster
A0A0B4LHX7	1	U-01	melanogaster	D. melanogaster
A0A0B4LHY1	1	U-01	melanogaster	D. melanogaster
A0A0B4LHY5	1	U-01	melanogaster	D. melanogaster
A0A0B4LI13	1	U-01	melanogaster	D. melanogaster
A0A0B4LIA3	1	U-01	melanogaster	D. melanogaster
A0A0B7P9E0	1	U-01	melanogaster	D. melanogaster
A0A0B7P9G0	1	U-01	melanogaster	D. melanogaster
A0A0C4DHD8	0	unassigned	melanogaster	D. melanogaster
A0A0C4DHF6	2	U-02	melanogaster	D. melanogaster
A0A0S0WH29	1	U-01	melanogaster	D. melanogaster
A0A0S0WIG6	1	U-01	melanogaster	D. melanogaster
A0A0S0WIH4	0	unassigned	melanogaster	D. melanogaster
A0A0S0WN65	1	U-01	melanogaster	D. melanogaster
A0A0U1QT59	1	U-01	melanogaster	D. melanogaster
A0A126GUM1	1	U-01	melanogaster	D. melanogaster
A0A126GUN3	1	U-01	melanogaster	D. melanogaster
A0A126GUN9	1	U-01	melanogaster	D. melanogaster
A0A126GUP6	2	U-02	melanogaster	D. melanogaster
A0A126GUS7	1	U-01	melanogaster	D. melanogaster
A0A126GUT4	1	U-01	melanogaster	D. melanogaster
A0A126GV10	0	unassigned	melanogaster	D. melanogaster
A0A126GV13	1	U-01	melanogaster	D. melanogaster
A0A126GV30	1	U-01	melanogaster	D. melanogaster
A0A1W5Q0S1	1	U-01	melanogaster	D. melanogaster
A0A1Z1CH00	1	U-01	melanogaster	D. melanogaster
A0A4D6K2Y1	3	U-03	melanogaster	D. melanogaster
A0A6H2EEH5	1	U-01	melanogaster	D. melanogaster
A0A6H2EFA9	1	U-01	melanogaster	D. melanogaster
A0A6H2EFX8	1	U-01	melanogaster	D. melanogaster
A0A6H2EG25	2	U-02	melanogaster	D. melanogaster
A0A6H2EG56	0	unassigned	melanogaster	D. melanogaster
A0A6H2EJK0	3	U-03	melanogaster	D. melanogaster
A0A6M3Q6U2	1	U-01	melanogaster	D. melanogaster
A0A6M3Q705	1	U-01	melanogaster	D. melanogaster
A0A6M3Q797	1	U-01	melanogaster	D. melanogaster
A0A6M3Q7Q7	1	U-01	melanogaster	D. melanogaster
A0A6M3Q7S1	1	U-01	melanogaster	D. melanogaster
A0A6M3Q823	1	U-01	melanogaster	D. melanogaster
A0A6M3QA49	1	U-01	melanogaster	D. melanogaster
A0ACD4DAM4	1	U-01	melanogaster	D. melanogaster
A0ACD4DAS8	1	U-01	melanogaster	D. melanogaster
A0ACD4DAT5	1	U-01	melanogaster	D. melanogaster
A0ACD4DAU1	1	U-01	melanogaster	D. melanogaster
Q8IN44	1	U-01	melanogaster	D. melanogaster
Q8IN63	0	unassigned	melanogaster	D. melanogaster
Q8IN81	1	U-01	melanogaster	D. melanogaster
Q8IN89	0	unassigned	melanogaster	D. melanogaster
Q8IN90	1	U-01	melanogaster	D. melanogaster
Q8INF0	1	U-01	melanogaster	D. melanogaster
Q8INF7	1	U-01	melanogaster	D. melanogaster
Q8INI8	1	U-01	melanogaster	D. melanogaster
Q8INJ8	1	U-01	melanogaster	D. melanogaster
Q8INK9	1	U-01	melanogaster	D. melanogaster
Q8INQ0	1	U-01	melanogaster	D. melanogaster
Q8INR6	1	U-01	melanogaster	D. melanogaster
Q8IP19	1	U-01	melanogaster	D. melanogaster
Q8IP20	1	U-01	melanogaster	D. melanogaster
Q8IP21	1	U-01	melanogaster	D. melanogaster
Q8IP45	1	U-01	melanogaster	D. melanogaster
Q8IP51	2	U-02	melanogaster	D. melanogaster
Q8IP89	1	U-01	melanogaster	D. melanogaster
Q8IP90	1	U-01	melanogaster	D. melanogaster
Q8IPC5	1	U-01	melanogaster	D. melanogaster
Q8IPE8	1	U-01	melanogaster	D. melanogaster
Q8IPG1	2	U-02	melanogaster	D. melanogaster
Q8IPG9	2	U-02	melanogaster	D. melanogaster
Q8IPJ3	1	U-01	melanogaster	D. melanogaster
Q8IPJ6	1	U-01	melanogaster	D. melanogaster
Q8IPK9	1	U-01	melanogaster	D. melanogaster
Q8IPM0	1	U-01	melanogaster	D. melanogaster
Q8IPM1	1	U-01	melanogaster	D. melanogaster
Q8IPN1	1	U-01	melanogaster	D. melanogaster
Q8IPN4	3	U-03	melanogaster	D. melanogaster
Q8IPP3	1	U-01	melanogaster	D. melanogaster
Q8IPP4	1	U-01	melanogaster	D. melanogaster
Q8IPQ2	1	U-01	melanogaster	D. melanogaster
Q9VDY6	1	U-01	melanogaster	D. melanogaster
Q9VDY7	2	U-02	melanogaster	D. melanogaster
Q9VDZ5	3	U-03	melanogaster	D. melanogaster
Q9VE01	0	unassigned	melanogaster	D. melanogaster
Q9VE08	1	U-01	melanogaster	D. melanogaster
Q9VPY2	1	U-01	melanogaster	D. melanogaster
Q9VPY4	1	U-01	melanogaster	D. melanogaster
Q9VPZ4	3	U-03	melanogaster	D. melanogaster
Q9VQ00	1	U-01	melanogaster	D. melanogaster
Q9VQ11	2	U-02	melanogaster	D. melanogaster
Q9VQ17	2	U-02	melanogaster	D. melanogaster
Q9VQ25	2	U-02	melanogaster	D. melanogaster
Q9VQ34	3	U-03	melanogaster	D. melanogaster
Q9VQ35	1	U-01	melanogaster	D. melanogaster
Q9VQ39	0	unassigned	melanogaster	D. melanogaster
Q9VQ40	1	U-01	melanogaster	D. melanogaster
Q9VQ52	3	U-03	melanogaster	D. melanogaster
Q9VQ53	2	U-02	melanogaster	D. melanogaster
Q9VQ54	1	U-01	melanogaster	D. melanogaster
Q9VQ58	1	U-01	melanogaster	D. melanogaster
Q9VQ59	1	U-01	melanogaster	D. melanogaster
Q9VQ67	1	U-01	melanogaster	D. melanogaster
Q9VQ68	1	U-01	melanogaster	D. melanogaster
Q9VQ75	2	U-02	melanogaster	D. melanogaster
Q9VQ77	1	U-01	melanogaster	D. melanogaster
Q9VQ83	1	U-01	melanogaster	D. melanogaster
Q9VQ84	1	U-01	melanogaster	D. melanogaster
Q9VQ85	3	U-03	melanogaster	D. melanogaster
Q9VQ86	2	U-02	melanogaster	D. melanogaster
Q9VQ95	0	unassigned	melanogaster	D. melanogaster
Q9VQ96	2	U-02	melanogaster	D. melanogaster
Q9VQA4	2	U-02	melanogaster	D. melanogaster
Q9VQA6	1	U-01	melanogaster	D. melanogaster
Q9VQC2	2	U-02	melanogaster	D. melanogaster
Q9VQC4	1	U-01	melanogaster	D. melanogaster
Q9VQD0	1	U-01	melanogaster	D. melanogaster
Q9VQD1	1	U-01	melanogaster	D. melanogaster
Q9VQE5	1	U-01	melanogaster	D. melanogaster
Q9VQE6	1	U-01	melanogaster	D. melanogaster
Q9VQE8	1	U-01	melanogaster	D. melanogaster
Q9VQF1	3	U-03	melanogaster	D. melanogaster
Q9VQF5	1	U-01	melanogaster	D. melanogaster
Q9VQH1	3	U-03	melanogaster	D. melanogaster
Q9VQH4	2	U-02	melanogaster	D. melanogaster
Q9VQH5	1	U-01	melanogaster	D. melanogaster
Q9VQH7	2	U-02	melanogaster	D. melanogaster
Q9VQH8	2	U-02	melanogaster	D. melanogaster
Q9VQH9	2	U-02	melanogaster	D. melanogaster
Q9VQI0	2	U-02	melanogaster	D. melanogaster
Q9VQI1	1	U-01	melanogaster	D. melanogaster
Q9VQI2	3	U-03	melanogaster	D. melanogaster
Q9VQI5	1	U-01	melanogaster	D. melanogaster
Q9VQJ7	1	U-01	melanogaster	D. melanogaster
Q9VQJ8	1	U-01	melanogaster	D. melanogaster
Q9VQK0	1	U-01	melanogaster	D. melanogaster
Q9VQK1	0	unassigned	melanogaster	D. melanogaster
Q9VQK3	2	U-02	melanogaster	D. melanogaster
Q9VQK7	1	U-01	melanogaster	D. melanogaster
Q9VQL3	3	U-03	melanogaster	D. melanogaster
Q9VQM8	1	U-01	melanogaster	D. melanogaster
Q9VQN3	3	U-03	melanogaster	D. melanogaster
Q9VQP0	3	U-03	melanogaster	D. melanogaster
Q9VQQ5	2	U-02	melanogaster	D. melanogaster
Q9VQQ7	1	U-01	melanogaster	D. melanogaster
Q9VQS0	0	unassigned	melanogaster	D. melanogaster
Q9VQS2	2	U-02	melanogaster	D. melanogaster
Q9VQT0	0	unassigned	melanogaster	D. melanogaster
Q9VQT1	2	U-02	melanogaster	D. melanogaster
Q9VQT5	2	U-02	melanogaster	D. melanogaster
Q9VQT6	2	U-02	melanogaster	D. melanogaster
Q9VQT7	2	U-02	melanogaster	D. melanogaster
Q9VQT8	2	U-02	melanogaster	D. melanogaster
Q9VQT9	1	U-01	melanogaster	D. melanogaster
Q9VQU0	1	U-01	melanogaster	D. melanogaster
Q9VQU3	1	U-01	melanogaster	D. melanogaster
Q9VQU7	3	U-03	melanogaster	D. melanogaster
Q9VQV2	1	U-01	melanogaster	D. melanogaster
Q9VQV3	1	U-01	melanogaster	D. melanogaster
Q9VQV6	1	U-01	melanogaster	D. melanogaster
Q9VQV9	1	U-01	melanogaster	D. melanogaster
Q9VQW0	0	unassigned	melanogaster	D. melanogaster
Q9VQX0	1	U-01	melanogaster	D. melanogaster
Q9VQX6	3	U-03	melanogaster	D. melanogaster
Q9VQX9	1	U-01	melanogaster	D. melanogaster
Q9VQY5	1	U-01	melanogaster	D. melanogaster
Q9VQY7	0	unassigned	melanogaster	D. melanogaster
Q9VQY8	1	U-01	melanogaster	D. melanogaster
Q9VQZ0	3	U-03	melanogaster	D. melanogaster
Q9VQZ1	1	U-01	melanogaster	D. melanogaster
Q9VQZ5	1	U-01	melanogaster	D. melanogaster
Q9VQZ7	3	U-03	melanogaster	D. melanogaster
Q9VR06	1	U-01	melanogaster	D. melanogaster
Q9VR13	1	U-01	melanogaster	D. melanogaster
Q9VR26	1	U-01	melanogaster	D. melanogaster
Q9VR29	1	U-01	melanogaster	D. melanogaster
Q9VR33	3	U-03	melanogaster	D. melanogaster
Q9VR44	3	U-03	melanogaster	D. melanogaster
Q9VR45	1	U-01	melanogaster	D. melanogaster
Q9VR47	3	U-03	melanogaster	D. melanogaster
Q9VR48	3	U-03	melanogaster	D. melanogaster
E2QCX5	1	U-01	melanogaster	D. melanogaster
E2QCY2	1	U-01	melanogaster	D. melanogaster
E2QCY6	1	U-01	melanogaster	D. melanogaster
E2QCZ3	1	U-01	melanogaster	D. melanogaster
E2QD22	1	U-01	melanogaster	D. melanogaster
E2QD34	1	U-01	melanogaster	D. melanogaster
E2QD40	1	U-01	melanogaster	D. melanogaster
E2QD54	1	U-01	melanogaster	D. melanogaster
E2QD61	1	U-01	melanogaster	D. melanogaster
E2QD64	1	U-01	melanogaster	D. melanogaster
E2QD69	2	U-02	melanogaster	D. melanogaster
E2QD75	1	U-01	melanogaster	D. melanogaster
E7BBS5	0	unassigned	melanogaster	D. melanogaster
E8NHS9	1	U-01	melanogaster	D. melanogaster
F1LJ11	1	U-01	melanogaster	D. melanogaster
F6JQA6	2	U-02	melanogaster	D. melanogaster
G5CKU5	1	U-01	melanogaster	D. melanogaster
H9XVL6	1	U-01	melanogaster	D. melanogaster
H9XVM3	1	U-01	melanogaster	D. melanogaster
H9XVN7	1	U-01	melanogaster	D. melanogaster
L0MN96	2	U-02	melanogaster	D. melanogaster
L0MNA8	1	U-01	melanogaster	D. melanogaster
L0MQ08	2	U-02	melanogaster	D. melanogaster
L7EEF1	1	U-01	melanogaster	D. melanogaster
L7EFC0	1	U-01	melanogaster	D. melanogaster
L7EGI4	1	U-01	melanogaster	D. melanogaster
M9MQH9	1	U-01	melanogaster	D. melanogaster
M9MRE5	3	U-03	melanogaster	D. melanogaster
M9MRG2	1	U-01	melanogaster	D. melanogaster
M9MRH0	1	U-01	melanogaster	D. melanogaster
M9MRK1	1	U-01	melanogaster	D. melanogaster
M9MRK7	0	unassigned	melanogaster	D. melanogaster
M9MRL5	2	U-02	melanogaster	D. melanogaster
M9MRN1	1	U-01	melanogaster	D. melanogaster
M9MRP6	0	unassigned	melanogaster	D. melanogaster
M9MRT4	0	unassigned	melanogaster	D. melanogaster
M9MRT9	0	unassigned	melanogaster	D. melanogaster
M9MRU5	0	unassigned	melanogaster	D. melanogaster
M9MRV0	1	U-01	melanogaster	D. melanogaster
M9MRV1	0	unassigned	melanogaster	D. melanogaster
M9MRW2	1	U-01	melanogaster	D. melanogaster
M9MRX7	1	U-01	melanogaster	D. melanogaster
M9MRZ0	0	unassigned	melanogaster	D. melanogaster
M9MRZ5	0	unassigned	melanogaster	D. melanogaster
M9MS15	2	U-02	melanogaster	D. melanogaster
M9MS20	0	unassigned	melanogaster	D. melanogaster
M9MS33	0	unassigned	melanogaster	D. melanogaster
M9MS36	0	unassigned	melanogaster	D. melanogaster
M9MS39	0	unassigned	melanogaster	D. melanogaster
M9MS48	1	U-01	melanogaster	D. melanogaster
M9MS55	1	U-01	melanogaster	D. melanogaster
M9MS90	1	U-01	melanogaster	D. melanogaster
M9MSB3	1	U-01	melanogaster	D. melanogaster
M9MSH0	1	U-01	melanogaster	D. melanogaster
M9MSI8	0	unassigned	melanogaster	D. melanogaster
M9MSJ0	1	U-01	melanogaster	D. melanogaster
M9MSL1	0	unassigned	melanogaster	D. melanogaster
M9MSL2	0	unassigned	melanogaster	D. melanogaster
M9MSQ5	1	U-01	melanogaster	D. melanogaster
M9NCL3	1	U-01	melanogaster	D. melanogaster
M9NCM6	1	U-01	melanogaster	D. melanogaster
M9NCR6	1	U-01	melanogaster	D. melanogaster
M9NCR7	1	U-01	melanogaster	D. melanogaster
M9NCS6	1	U-01	melanogaster	D. melanogaster
M9NCX1	1	U-01	melanogaster	D. melanogaster
M9NCX5	1	U-01	melanogaster	D. melanogaster
M9NCY1	1	U-01	melanogaster	D. melanogaster
M9NCY3	0	unassigned	melanogaster	D. melanogaster
M9NCY7	1	U-01	melanogaster	D. melanogaster
M9ND16	1	U-01	melanogaster	D. melanogaster
M9ND19	1	U-01	melanogaster	D. melanogaster
M9ND28	1	U-01	melanogaster	D. melanogaster
M9ND31	1	U-01	melanogaster	D. melanogaster
M9ND56	1	U-01	melanogaster	D. melanogaster
M9ND57	1	U-01	melanogaster	D. melanogaster
M9NDD2	3	U-03	melanogaster	D. melanogaster
M9NDD5	1	U-01	melanogaster	D. melanogaster
M9NDE6	2	U-02	melanogaster	D. melanogaster
M9NDE9	1	U-01	melanogaster	D. melanogaster
M9NDH5	0	unassigned	melanogaster	D. melanogaster
M9NDI3	1	U-01	melanogaster	D. melanogaster
M9NDM4	1	U-01	melanogaster	D. melanogaster
M9NDN2	2	U-02	melanogaster	D. melanogaster
M9NDN7	3	U-03	melanogaster	D. melanogaster
M9NDQ0	1	U-01	melanogaster	D. melanogaster
M9NDT9	1	U-01	melanogaster	D. melanogaster
Q86BS7	1	U-01	melanogaster	D. melanogaster
Q86P48	1	U-01	melanogaster	D. melanogaster
Q86PF5	1	U-01	melanogaster	D. melanogaster
Q8I077	1	U-01	melanogaster	D. melanogaster
Q8I0E9	1	U-01	melanogaster	D. melanogaster
Q8I9B4	0	unassigned	melanogaster	D. melanogaster
Q8IA41	2	U-02	melanogaster	D. melanogaster
Q8IA44	2	U-02	melanogaster	D. melanogaster
Q8IMA3	1	U-01	melanogaster	D. melanogaster
Q8IMA6	1	U-01	melanogaster	D. melanogaster
Q8IMB7	1	U-01	melanogaster	D. melanogaster
Q8IMC4	1	U-01	melanogaster	D. melanogaster
Q8IMH4	2	U-02	melanogaster	D. melanogaster
Q8IMH5	2	U-02	melanogaster	D. melanogaster
Q9W172	1	U-01	melanogaster	D. melanogaster
Q9W175	1	U-01	melanogaster	D. melanogaster
Q9W189	3	U-03	melanogaster	D. melanogaster
Q9W191	0	unassigned	melanogaster	D. melanogaster
Q9W198	1	U-01	melanogaster	D. melanogaster
Q9W199	1	U-01	melanogaster	D. melanogaster
Q9W1A0	1	U-01	melanogaster	D. melanogaster
Q9W1A8	1	U-01	melanogaster	D. melanogaster
Q9W1B2	3	U-03	melanogaster	D. melanogaster
Q9W1B3	2	U-02	melanogaster	D. melanogaster
Q9W1C6	1	U-01	melanogaster	D. melanogaster
Q9W1D3	1	U-01	melanogaster	D. melanogaster
Q9W1F1	1	U-01	melanogaster	D. melanogaster
Q9W1F5	3	U-03	melanogaster	D. melanogaster
Q9W1F7	1	U-01	melanogaster	D. melanogaster
Q9W1F8	1	U-01	melanogaster	D. melanogaster
Q9W1G1	1	U-01	melanogaster	D. melanogaster
Q9W1H1	1	U-01	melanogaster	D. melanogaster
Q9W1H3	1	U-01	melanogaster	D. melanogaster
Q9W1H6	2	U-02	melanogaster	D. melanogaster
Q9W1H7	1	U-01	melanogaster	D. melanogaster
Q9W1J3	1	U-01	melanogaster	D. melanogaster
Q9W1J5	1	U-01	melanogaster	D. melanogaster
Q9W1J9	0	unassigned	melanogaster	D. melanogaster
Q9W1K2	0	unassigned	melanogaster	D. melanogaster
Q9W1L1	1	U-01	melanogaster	D. melanogaster
Q9W1L2	1	U-01	melanogaster	D. melanogaster
Q9W1L8	1	U-01	melanogaster	D. melanogaster
A0A0B4KFV0	1	U-01	melanogaster	D. melanogaster
A0A0B4KFV4	1	U-01	melanogaster	D. melanogaster
A0A0B4KFV7	1	U-01	melanogaster	D. melanogaster
A0A0B4KFW1	1	U-01	melanogaster	D. melanogaster
A0A0B4KFW6	1	U-01	melanogaster	D. melanogaster
A0A0B4KFW8	1	U-01	melanogaster	D. melanogaster
A0A0B4KFX0	1	U-01	melanogaster	D. melanogaster
A0A0B4KFX2	1	U-01	melanogaster	D. melanogaster
A0A0B4KFX6	1	U-01	melanogaster	D. melanogaster
A0A0B4KFX8	1	U-01	melanogaster	D. melanogaster
A0A0B4KG18	1	U-01	melanogaster	D. melanogaster
A0A0B4KG26	0	unassigned	melanogaster	D. melanogaster
A0A0B4KG41	3	U-03	melanogaster	D. melanogaster
A0A0B4KG42	1	U-01	melanogaster	D. melanogaster
A0A0B4KG55	1	U-01	melanogaster	D. melanogaster
A0A0B4KG57	2	U-02	melanogaster	D. melanogaster
A0A0B4KG77	2	U-02	melanogaster	D. melanogaster
A0A0B4KG93	0	unassigned	melanogaster	D. melanogaster
A0A0B4KG94	1	U-01	melanogaster	D. melanogaster
A0A0B4KGA5	1	U-01	melanogaster	D. melanogaster
A0A0B4KGA9	1	U-01	melanogaster	D. melanogaster
A0A0B4KGB5	3	U-03	melanogaster	D. melanogaster
A0A0B4KGB6	1	U-01	melanogaster	D. melanogaster
A0A0B4KGC1	1	U-01	melanogaster	D. melanogaster
A0A0B4KGC9	1	U-01	melanogaster	D. melanogaster
A0A0B4KGD2	1	U-01	melanogaster	D. melanogaster
A0A0B4KGF1	3	U-03	melanogaster	D. melanogaster
A0A0B4KGF5	1	U-01	melanogaster	D. melanogaster
A0A0B4KGG1	1	U-01	melanogaster	D. melanogaster
A0A0B4KGG3	1	U-01	melanogaster	D. melanogaster
A0A0B4KGH7	1	U-01	melanogaster	D. melanogaster
A0A0B4KGH8	3	U-03	melanogaster	D. melanogaster
A0A0B4KGI4	1	U-01	melanogaster	D. melanogaster
A0A0B4KGI8	1	U-01	melanogaster	D. melanogaster
A0A0B4KGJ8	1	U-01	melanogaster	D. melanogaster
A0A0B4KGK4	1	U-01	melanogaster	D. melanogaster
A0A0B4KGK9	1	U-01	melanogaster	D. melanogaster
A0A0B4KGL1	1	U-01	melanogaster	D. melanogaster
A0A0B4KGL6	1	U-01	melanogaster	D. melanogaster
A0A0B4KGM0	1	U-01	melanogaster	D. melanogaster
A0A0B4KGM8	1	U-01	melanogaster	D. melanogaster
A0A0B4KGN8	0	unassigned	melanogaster	D. melanogaster
A0A0B4KGQ7	0	unassigned	melanogaster	D. melanogaster
A0A0B4KGR0	1	U-01	melanogaster	D. melanogaster
A0A0B4KGR8	1	U-01	melanogaster	D. melanogaster
A0A0B4KGS1	1	U-01	melanogaster	D. melanogaster
A0A0B4KGS2	1	U-01	melanogaster	D. melanogaster
A0A0B4KGS5	1	U-01	melanogaster	D. melanogaster
A0A0B4KGS8	1	U-01	melanogaster	D. melanogaster
A0A0B4KGU1	1	U-01	melanogaster	D. melanogaster
A0A0B4KGW5	1	U-01	melanogaster	D. melanogaster
A0A0B4KGX8	1	U-01	melanogaster	D. melanogaster
A0A0B4KGX9	1	U-01	melanogaster	D. melanogaster
A0A0B4KGY2	1	U-01	melanogaster	D. melanogaster
A0A0B4KGZ8	3	U-03	melanogaster	D. melanogaster
A0A0B4KH07	1	U-01	melanogaster	D. melanogaster
A0A0B4KH11	1	U-01	melanogaster	D. melanogaster
A0A0B4KH41	1	U-01	melanogaster	D. melanogaster
A0A0B4KH42	1	U-01	melanogaster	D. melanogaster
A0A0B4KH56	0	unassigned	melanogaster	D. melanogaster
A0A0B4KH58	1	U-01	melanogaster	D. melanogaster
A0A0B4KH63	1	U-01	melanogaster	D. melanogaster
A0A0B4KH69	1	U-01	melanogaster	D. melanogaster
A0A0B4KH71	1	U-01	melanogaster	D. melanogaster
A0A0B4KH73	1	U-01	melanogaster	D. melanogaster
A0A0B4KH75	2	U-02	melanogaster	D. melanogaster
A0A0B4KH87	1	U-01	melanogaster	D. melanogaster
A0A0B4KH91	1	U-01	melanogaster	D. melanogaster
A0A0B4KH92	1	U-01	melanogaster	D. melanogaster
A0A0B4KHA0	1	U-01	melanogaster	D. melanogaster
A0A0B4KHA4	0	unassigned	melanogaster	D. melanogaster
A0A0B4KHA7	1	U-01	melanogaster	D. melanogaster
Q9VNP7	3	U-03	melanogaster	D. melanogaster
Q9VNP8	1	U-01	melanogaster	D. melanogaster
Q9VNQ3	3	U-03	melanogaster	D. melanogaster
Q9VNT5	1	U-01	melanogaster	D. melanogaster
Q9VNT9	3	U-03	melanogaster	D. melanogaster
Q9VNU2	3	U-03	melanogaster	D. melanogaster
Q9VNW4	1	U-01	melanogaster	D. melanogaster
Q9VNW7	3	U-03	melanogaster	D. melanogaster
Q9VNX2	3	U-03	melanogaster	D. melanogaster
Q9VNX4	1	U-01	melanogaster	D. melanogaster
Q9VNY2	1	U-01	melanogaster	D. melanogaster
Q9VNZ3	1	U-01	melanogaster	D. melanogaster
Q9VNZ4	0	unassigned	melanogaster	D. melanogaster
Q9VP10	2	U-02	melanogaster	D. melanogaster
Q9VP13	1	U-01	melanogaster	D. melanogaster
Q9VP18	1	U-01	melanogaster	D. melanogaster
Q9VP19	3	U-03	melanogaster	D. melanogaster
Q9VP35	2	U-02	melanogaster	D. melanogaster
Q9VP47	1	U-01	melanogaster	D. melanogaster
Q9VP62	1	U-01	melanogaster	D. melanogaster
Q9VP78	1	U-01	melanogaster	D. melanogaster
Q9VP92	0	unassigned	melanogaster	D. melanogaster
Q9VPB2	1	U-01	melanogaster	D. melanogaster
Q9VPB9	3	U-03	melanogaster	D. melanogaster
Q9VPD2	1	U-01	melanogaster	D. melanogaster
Q9VPE2	1	U-01	melanogaster	D. melanogaster
Q9VPE3	3	U-03	melanogaster	D. melanogaster
Q9VPE8	1	U-01	melanogaster	D. melanogaster
Q9VPE9	2	U-02	melanogaster	D. melanogaster
Q9VPF3	1	U-01	melanogaster	D. melanogaster
Q9VPG1	1	U-01	melanogaster	D. melanogaster
Q9VPG7	1	U-01	melanogaster	D. melanogaster
Q9VPH1	2	U-02	melanogaster	D. melanogaster
Q9VPH7	1	U-01	melanogaster	D. melanogaster
Q9VPI3	1	U-01	melanogaster	D. melanogaster
Q9VPI4	2	U-02	melanogaster	D. melanogaster
Q9VPI6	1	U-01	melanogaster	D. melanogaster
Q9VPI8	1	U-01	melanogaster	D. melanogaster
Q9VPI9	1	U-01	melanogaster	D. melanogaster
Q9VPJ1	3	U-03	melanogaster	D. melanogaster
Q9VPK7	1	U-01	melanogaster	D. melanogaster
Q9VPL4	1	U-01	melanogaster	D. melanogaster
Q9VPM0	1	U-01	melanogaster	D. melanogaster
Q9VPM1	1	U-01	melanogaster	D. melanogaster
Q9VPM9	3	U-03	melanogaster	D. melanogaster
Q9VPN0	3	U-03	melanogaster	D. melanogaster
Q9VPN1	3	U-03	melanogaster	D. melanogaster
Q9VPN5	1	U-01	melanogaster	D. melanogaster
Q9VPN7	0	unassigned	melanogaster	D. melanogaster
Q9VPN8	0	unassigned	melanogaster	D. melanogaster
Q9VPP5	1	U-01	melanogaster	D. melanogaster
Q9VPR0	1	U-01	melanogaster	D. melanogaster
Q9VPR1	3	U-03	melanogaster	D. melanogaster
Q9VPR4	1	U-01	melanogaster	D. melanogaster
Q9VPR5	1	U-01	melanogaster	D. melanogaster
Q9VPS2	2	U-02	melanogaster	D. melanogaster
Q9VPS5	1	U-01	melanogaster	D. melanogaster
Q9VPS6	3	U-03	melanogaster	D. melanogaster
Q9VPU9	1	U-01	melanogaster	D. melanogaster
Q9VPW2	1	U-01	melanogaster	D. melanogaster
Q9VPW3	1	U-01	melanogaster	D. melanogaster
Q9VPW8	1	U-01	melanogaster	D. melanogaster
Q9VPX2	3	U-03	melanogaster	D. melanogaster
Q9VPX3	1	U-01	melanogaster	D. melanogaster
Q9VPX4	1	U-01	melanogaster	D. melanogaster
Q9VPX5	1	U-01	melanogaster	D. melanogaster
Q9VPX8	1	U-01	melanogaster	D. melanogaster
Q9VPY8	1	U-01	melanogaster	D. melanogaster
Q9VQ12	2	U-02	melanogaster	D. melanogaster
Q9VQ13	2	U-02	melanogaster	D. melanogaster
Q9VQ14	2	U-02	melanogaster	D. melanogaster
Q9VQ47	2	U-02	melanogaster	D. melanogaster
Q9VQ61	1	U-01	melanogaster	D. melanogaster
Q9VQ73	1	U-01	melanogaster	D. melanogaster
Q9VQ76	1	U-01	melanogaster	D. melanogaster
Q9VQ97	0	unassigned	melanogaster	D. melanogaster
Q9VQ98	0	unassigned	melanogaster	D. melanogaster
Q9VQ99	0	unassigned	melanogaster	D. melanogaster
Q9VQA0	0	unassigned	melanogaster	D. melanogaster
Q9VQA3	2	U-02	melanogaster	D. melanogaster
Q9VQB8	3	U-03	melanogaster	D. melanogaster
Q9VQD2	0	unassigned	melanogaster	D. melanogaster
Q9VQD4	1	U-01	melanogaster	D. melanogaster
A0A023GPJ1	1	U-01	melanogaster	D. melanogaster
A0A023GPJ3	1	U-01	melanogaster	D. melanogaster
A0A023GPN3	1	U-01	melanogaster	D. melanogaster
A0A023GPN7	2	U-02	melanogaster	D. melanogaster
A0A023GPV6	1	U-01	melanogaster	D. melanogaster
A0A023GQ04	1	U-01	melanogaster	D. melanogaster
A0A023GQ99	1	U-01	melanogaster	D. melanogaster
A0A023GQA5	1	U-01	melanogaster	D. melanogaster
A0A023GRW3	1	U-01	melanogaster	D. melanogaster
A0A0B4J401	1	U-01	melanogaster	D. melanogaster
A0A0B4J402	1	U-01	melanogaster	D. melanogaster
A0A0B4J405	3	U-03	melanogaster	D. melanogaster
A0A0B4JCR2	1	U-01	melanogaster	D. melanogaster
A0A0B4JCT4	2	U-02	melanogaster	D. melanogaster
A0A0B4JCT7	1	U-01	melanogaster	D. melanogaster
A0A0B4JCV5	1	U-01	melanogaster	D. melanogaster
A0A0B4JCW7	1	U-01	melanogaster	D. melanogaster
Q7KS60	1	U-01	melanogaster	D. melanogaster
Q7KS64	1	U-01	melanogaster	D. melanogaster
Q7KS70	2	U-02	melanogaster	D. melanogaster
Q7KS73	3	U-03	melanogaster	D. melanogaster
Q7KSB0	2	U-02	melanogaster	D. melanogaster
Q7KSB3	1	U-01	melanogaster	D. melanogaster
Q7KSB6	1	U-01	melanogaster	D. melanogaster
Q7KSC9	1	U-01	melanogaster	D. melanogaster
Q7KSF4	1	U-01	melanogaster	D. melanogaster
Q7KSI6	0	unassigned	melanogaster	D. melanogaster
Q7KSI7	1	U-01	melanogaster	D. melanogaster
Q7KSI9	3	U-03	melanogaster	D. melanogaster
Q7KSJ7	1	U-01	melanogaster	D. melanogaster
Q7KSJ8	2	U-02	melanogaster	D. melanogaster
Q7KSL6	2	U-02	melanogaster	D. melanogaster
Q7KSL8	2	U-02	melanogaster	D. melanogaster
Q7KSM0	1	U-01	melanogaster	D. melanogaster
Q7KSM2	1	U-01	melanogaster	D. melanogaster
Q7KSM3	1	U-01	melanogaster	D. melanogaster
Q7KSM4	3	U-03	melanogaster	D. melanogaster
Q7KSM7	1	U-01	melanogaster	D. melanogaster
Q7KSN1	1	U-01	melanogaster	D. melanogaster
Q7KSN2	0	unassigned	melanogaster	D. melanogaster
Q7KSN5	1	U-01	melanogaster	D. melanogaster
Q7KSN7	1	U-01	melanogaster	D. melanogaster
Q7KSP0	2	U-02	melanogaster	D. melanogaster
Q7KSP5	1	U-01	melanogaster	D. melanogaster
Q7KSP8	1	U-01	melanogaster	D. melanogaster
Q7KSP9	0	unassigned	melanogaster	D. melanogaster
Q7KSQ5	2	U-02	melanogaster	D. melanogaster
Q7KSQ6	1	U-01	melanogaster	D. melanogaster
Q7KSQ9	1	U-01	melanogaster	D. melanogaster
Q7KST0	1	U-01	melanogaster	D. melanogaster
Q7KST5	1	U-01	melanogaster	D. melanogaster
Q7KSU6	1	U-01	melanogaster	D. melanogaster
Q7KSU8	0	unassigned	melanogaster	D. melanogaster
Q7KSU9	2	U-02	melanogaster	D. melanogaster
Q7KSV7	1	U-01	melanogaster	D. melanogaster
Q7KSX0	1	U-01	melanogaster	D. melanogaster
Q7KSY1	2	U-02	melanogaster	D. melanogaster
Q7KSY2	1	U-01	melanogaster	D. melanogaster
Q7KSZ2	1	U-01	melanogaster	D. melanogaster
Q7KSZ6	1	U-01	melanogaster	D. melanogaster
Q7KSZ7	1	U-01	melanogaster	D. melanogaster
Q7KT11	1	U-01	melanogaster	D. melanogaster
Q7KT13	0	unassigned	melanogaster	D. melanogaster
Q7KT14	0	unassigned	melanogaster	D. melanogaster
Q7KT22	3	U-03	melanogaster	D. melanogaster
Q9VE12	1	U-01	melanogaster	D. melanogaster
Q9VE16	1	U-01	melanogaster	D. melanogaster
Q9VE20	2	U-02	melanogaster	D. melanogaster
Q9VE24	2	U-02	melanogaster	D. melanogaster
Q9VE30	1	U-01	melanogaster	D. melanogaster
Q9VE31	2	U-02	melanogaster	D. melanogaster
Q9VE32	3	U-03	melanogaster	D. melanogaster
Q9VE39	1	U-01	melanogaster	D. melanogaster
Q9VE40	1	U-01	melanogaster	D. melanogaster
Q9VE45	1	U-01	melanogaster	D. melanogaster
Q9VE49	2	U-02	melanogaster	D. melanogaster
Q9VE52	1	U-01	melanogaster	D. melanogaster
Q9VE54	1	U-01	melanogaster	D. melanogaster
Q9VE56	2	U-02	melanogaster	D. melanogaster
Q9VE59	1	U-01	melanogaster	D. melanogaster
Q9VE63	1	U-01	melanogaster	D. melanogaster
Q9VE68	3	U-03	melanogaster	D. melanogaster
Q9VE69	1	U-01	melanogaster	D. melanogaster
Q9VE72	1	U-01	melanogaster	D. melanogaster
Q9VE73	1	U-01	melanogaster	D. melanogaster
Q9VE78	1	U-01	melanogaster	D. melanogaster
Q9VE79	2	U-02	melanogaster	D. melanogaster
Q9VE85	1	U-01	melanogaster	D. melanogaster
Q9VE88	1	U-01	melanogaster	D. melanogaster
Q9VE94	1	U-01	melanogaster	D. melanogaster
Q9VE96	1	U-01	melanogaster	D. melanogaster
Q9VE97	0	unassigned	melanogaster	D. melanogaster
Q9VE98	1	U-01	melanogaster	D. melanogaster
Q9VEA0	2	U-02	melanogaster	D. melanogaster
Q9VEA3	1	U-01	melanogaster	D. melanogaster
Q9VEA6	1	U-01	melanogaster	D. melanogaster
Q9VEA9	1	U-01	melanogaster	D. melanogaster
Q9VEB5	1	U-01	melanogaster	D. melanogaster
Q9VEB8	2	U-02	melanogaster	D. melanogaster
Q9VEC2	1	U-01	melanogaster	D. melanogaster
Q9VEC8	1	U-01	melanogaster	D. melanogaster
Q9VED0	3	U-03	melanogaster	D. melanogaster
Q9VED6	1	U-01	melanogaster	D. melanogaster
Q9VEE9	1	U-01	melanogaster	D. melanogaster
Q9VEF3	0	unassigned	melanogaster	D. melanogaster
Q9VEF4	0	unassigned	melanogaster	D. melanogaster
Q9VEF6	3	U-03	melanogaster	D. melanogaster
Q9VEF7	1	U-01	melanogaster	D. melanogaster
Q9VEF9	1	U-01	melanogaster	D. melanogaster
Q9VEG9	3	U-03	melanogaster	D. melanogaster
Q9VEH0	0	unassigned	melanogaster	D. melanogaster
Q9VEH2	1	U-01	melanogaster	D. melanogaster
Q9VEH3	1	U-01	melanogaster	D. melanogaster
Q9VEH5	1	U-01	melanogaster	D. melanogaster
Q9VEK7	2	U-02	melanogaster	D. melanogaster
Q9VEL0	1	U-01	melanogaster	D. melanogaster
Q9VEL4	1	U-01	melanogaster	D. melanogaster
A1Z9P0	1	U-01	melanogaster	D. melanogaster
A1Z9S1	1	U-01	melanogaster	D. melanogaster
A1Z9X0	1	U-01	melanogaster	D. melanogaster
A1Z9X4	2	U-02	melanogaster	D. melanogaster
A1ZA01	1	U-01	melanogaster	D. melanogaster
A1ZA18	1	U-01	melanogaster	D. melanogaster
A1ZA55	1	U-01	melanogaster	D. melanogaster
A1ZA70	1	U-01	melanogaster	D. melanogaster
A1ZA72	0	unassigned	melanogaster	D. melanogaster
A1ZA89	2	U-02	melanogaster	D. melanogaster
A1ZAB3	2	U-02	melanogaster	D. melanogaster
A1ZAC4	1	U-01	melanogaster	D. melanogaster
A1ZAG4	1	U-01	melanogaster	D. melanogaster
A1ZAJ2	1	U-01	melanogaster	D. melanogaster
A8JUV7	2	U-02	melanogaster	D. melanogaster
A8JUV9	0	unassigned	melanogaster	D. melanogaster
A8JUW5	0	unassigned	melanogaster	D. melanogaster
A8JV09	1	U-01	melanogaster	D. melanogaster
A8MPH9	1	U-01	melanogaster	D. melanogaster
B5A5T4	2	U-02	melanogaster	D. melanogaster
B7TB45	1	U-01	melanogaster	D. melanogaster
B7YZE7	1	U-01	melanogaster	D. melanogaster
B7YZE8	1	U-01	melanogaster	D. melanogaster
B7YZG2	0	unassigned	melanogaster	D. melanogaster
B7YZG3	0	unassigned	melanogaster	D. melanogaster
B7YZG4	0	unassigned	melanogaster	D. melanogaster
B7YZG5	0	unassigned	melanogaster	D. melanogaster
B7YZG6	0	unassigned	melanogaster	D. melanogaster
B7YZK8	1	U-01	melanogaster	D. melanogaster
B7YZL9	1	U-01	melanogaster	D. melanogaster
B7YZP6	2	U-02	melanogaster	D. melanogaster
B7YZQ1	0	unassigned	melanogaster	D. melanogaster
B7YZU2	1	U-01	melanogaster	D. melanogaster
B7YZU4	1	U-01	melanogaster	D. melanogaster
B7YZV4	1	U-01	melanogaster	D. melanogaster
B7Z002	1	U-01	melanogaster	D. melanogaster
B7Z025	1	U-01	melanogaster	D. melanogaster
B7Z026	1	U-01	melanogaster	D. melanogaster
B7Z078	1	U-01	melanogaster	D. melanogaster
B7Z090	1	U-01	melanogaster	D. melanogaster
B7Z0E2	1	U-01	melanogaster	D. melanogaster
B7Z0I7	1	U-01	melanogaster	D. melanogaster
B7Z0J2	0	unassigned	melanogaster	D. melanogaster
B7Z0K1	1	U-01	melanogaster	D. melanogaster
B7Z0K2	1	U-01	melanogaster	D. melanogaster
B7Z0L7	1	U-01	melanogaster	D. melanogaster
B7Z0L8	1	U-01	melanogaster	D. melanogaster
B7Z0R6	1	U-01	melanogaster	D. melanogaster
B7Z0R7	1	U-01	melanogaster	D. melanogaster
B7Z0U1	1	U-01	melanogaster	D. melanogaster
B7Z0W0	1	U-01	melanogaster	D. melanogaster
B7Z0Z2	0	unassigned	melanogaster	D. melanogaster
B7Z120	1	U-01	melanogaster	D. melanogaster
B7Z145	2	U-02	melanogaster	D. melanogaster
B7Z150	1	U-01	melanogaster	D. melanogaster
B7Z151	1	U-01	melanogaster	D. melanogaster
B9ZW35	1	U-01	melanogaster	D. melanogaster
C0HK99	2	U-02	melanogaster	D. melanogaster
C0HKQ8	1	U-01	melanogaster	D. melanogaster
C0HL67	1	U-01	melanogaster	D. melanogaster
C0HM00	1	U-01	melanogaster	D. melanogaster
D1YSF9	2	U-02	melanogaster	D. melanogaster
D1YSG0	2	U-02	melanogaster	D. melanogaster
D1YSG8	1	U-01	melanogaster	D. melanogaster
D1YSG9	0	unassigned	melanogaster	D. melanogaster
D5SHR0	1	U-01	melanogaster	D. melanogaster
E1JGL0	1	U-01	melanogaster	D. melanogaster
E1JGM2	3	U-03	melanogaster	D. melanogaster
E1JGM8	1	U-01	melanogaster	D. melanogaster
E1JGM9	1	U-01	melanogaster	D. melanogaster
E1JGN0	1	U-01	melanogaster	D. melanogaster
E1JGN1	0	unassigned	melanogaster	D. melanogaster
E1JGN2	0	unassigned	melanogaster	D. melanogaster
E1JGR7	1	U-01	melanogaster	D. melanogaster
E1JGR9	1	U-01	melanogaster	D. melanogaster
E1JH15	1	U-01	melanogaster	D. melanogaster
E1JH26	1	U-01	melanogaster	D. melanogaster
E1JH30	2	U-02	melanogaster	D. melanogaster
E1JH62	0	unassigned	melanogaster	D. melanogaster
E1JH63	0	unassigned	melanogaster	D. melanogaster
E1JH64	0	unassigned	melanogaster	D. melanogaster
E1JH65	0	unassigned	melanogaster	D. melanogaster
E1JHB6	2	U-02	melanogaster	D. melanogaster
E1JHB7	2	U-02	melanogaster	D. melanogaster
E1JHB8	2	U-02	melanogaster	D. melanogaster
E1JHJ3	0	unassigned	melanogaster	D. melanogaster
E1JHJ4	0	unassigned	melanogaster	D. melanogaster
E1JHJ5	0	unassigned	melanogaster	D. melanogaster
E1JHR9	1	U-01	melanogaster	D. melanogaster
E1JHT6	1	U-01	melanogaster	D. melanogaster
E1JI03	1	U-01	melanogaster	D. melanogaster
E1JI40	2	U-02	melanogaster	D. melanogaster
E1JI78	1	U-01	melanogaster	D. melanogaster
E1JIB2	1	U-01	melanogaster	D. melanogaster
E1JIL4	1	U-01	melanogaster	D. melanogaster
E1JIL6	0	unassigned	melanogaster	D. melanogaster
E1JIM0	1	U-01	melanogaster	D. melanogaster
E1JIM6	1	U-01	melanogaster	D. melanogaster
E1JIM9	1	U-01	melanogaster	D. melanogaster
P10383	1	U-01	melanogaster	D. melanogaster
E1JHK0	0	unassigned	melanogaster	D. melanogaster
E1JHK2	1	U-01	melanogaster	D. melanogaster
E1JHK9	1	U-01	melanogaster	D. melanogaster
E1JHL3	1	U-01	melanogaster	D. melanogaster
E1JHM0	1	U-01	melanogaster	D. melanogaster
E1JHM1	1	U-01	melanogaster	D. melanogaster
E1JHN1	1	U-01	melanogaster	D. melanogaster
E1JHP3	2	U-02	melanogaster	D. melanogaster
E1JHP9	1	U-01	melanogaster	D. melanogaster
E1JHQ0	1	U-01	melanogaster	D. melanogaster
E1JHS4	2	U-02	melanogaster	D. melanogaster
E1JHS8	0	unassigned	melanogaster	D. melanogaster
E1JHV3	1	U-01	melanogaster	D. melanogaster
E1JHX0	1	U-01	melanogaster	D. melanogaster
E1JHX3	3	U-03	melanogaster	D. melanogaster
E1JHX5	1	U-01	melanogaster	D. melanogaster
E1JHY0	1	U-01	melanogaster	D. melanogaster
E1JHY1	1	U-01	melanogaster	D. melanogaster
E1JI09	2	U-02	melanogaster	D. melanogaster
E1JI15	1	U-01	melanogaster	D. melanogaster
E1JI19	3	U-03	melanogaster	D. melanogaster
E1JI26	1	U-01	melanogaster	D. melanogaster
E1JI31	1	U-01	melanogaster	D. melanogaster
E1JI58	1	U-01	melanogaster	D. melanogaster
E1JI71	0	unassigned	melanogaster	D. melanogaster
E1JI72	0	unassigned	melanogaster	D. melanogaster
E1JI76	1	U-01	melanogaster	D. melanogaster
M9PFY1	0	unassigned	melanogaster	D. melanogaster
M9PFY3	1	U-01	melanogaster	D. melanogaster
M9PFZ1	0	unassigned	melanogaster	D. melanogaster
M9PG25	1	U-01	melanogaster	D. melanogaster
M9PG36	1	U-01	melanogaster	D. melanogaster
M9PG37	0	unassigned	melanogaster	D. melanogaster
M9PG40	1	U-01	melanogaster	D. melanogaster
M9PG42	1	U-01	melanogaster	D. melanogaster
M9PG56	1	U-01	melanogaster	D. melanogaster
M9PG67	1	U-01	melanogaster	D. melanogaster
M9PG86	1	U-01	melanogaster	D. melanogaster
M9PG87	2	U-02	melanogaster	D. melanogaster
M9PG88	1	U-01	melanogaster	D. melanogaster
M9PG89	3	U-03	melanogaster	D. melanogaster
M9PG92	1	U-01	melanogaster	D. melanogaster
M9PGB8	2	U-02	melanogaster	D. melanogaster
M9PGC9	1	U-01	melanogaster	D. melanogaster
M9PGD7	1	U-01	melanogaster	D. melanogaster
M9PGE0	3	U-03	melanogaster	D. melanogaster
M9PGE1	2	U-02	melanogaster	D. melanogaster
M9PGE3	1	U-01	melanogaster	D. melanogaster
M9PGE8	1	U-01	melanogaster	D. melanogaster
M9PGF5	1	U-01	melanogaster	D. melanogaster
M9PGG0	1	U-01	melanogaster	D. melanogaster
M9PGG3	0	unassigned	melanogaster	D. melanogaster
M9PGG8	0	unassigned	melanogaster	D. melanogaster
M9PGG9	1	U-01	melanogaster	D. melanogaster
M9PGH2	0	unassigned	melanogaster	D. melanogaster
M9PGH4	1	U-01	melanogaster	D. melanogaster
M9PGI5	0	unassigned	melanogaster	D. melanogaster
M9PGJ0	1	U-01	melanogaster	D. melanogaster
M9PGJ9	1	U-01	melanogaster	D. melanogaster
M9PGK2	3	U-03	melanogaster	D. melanogaster
M9PGK9	1	U-01	melanogaster	D. melanogaster
M9PGL7	1	U-01	melanogaster	D. melanogaster
M9PGL8	1	U-01	melanogaster	D. melanogaster
M9PGM0	1	U-01	melanogaster	D. melanogaster
M9PGM4	1	U-01	melanogaster	D. melanogaster
M9PGM6	1	U-01	melanogaster	D. melanogaster
M9PGM7	0	unassigned	melanogaster	D. melanogaster
M9PGP7	1	U-01	melanogaster	D. melanogaster
M9PGQ4	0	unassigned	melanogaster	D. melanogaster
M9PGQ5	1	U-01	melanogaster	D. melanogaster
M9PGQ6	1	U-01	melanogaster	D. melanogaster
M9PGR0	0	unassigned	melanogaster	D. melanogaster
M9PGR7	1	U-01	melanogaster	D. melanogaster
M9PGS4	1	U-01	melanogaster	D. melanogaster
M9PGT0	0	unassigned	melanogaster	D. melanogaster
M9PGT5	1	U-01	melanogaster	D. melanogaster
M9PGT6	1	U-01	melanogaster	D. melanogaster
M9PGU7	1	U-01	melanogaster	D. melanogaster
M9PGV3	1	U-01	melanogaster	D. melanogaster
M9PGX9	3	U-03	melanogaster	D. melanogaster
M9PGZ2	1	U-01	melanogaster	D. melanogaster
M9PH00	1	U-01	melanogaster	D. melanogaster
M9PH41	1	U-01	melanogaster	D. melanogaster
M9PH44	0	unassigned	melanogaster	D. melanogaster
M9PH45	1	U-01	melanogaster	D. melanogaster
M9PH48	1	U-01	melanogaster	D. melanogaster
M9PH51	1	U-01	melanogaster	D. melanogaster
M9PH56	1	U-01	melanogaster	D. melanogaster
M9PH57	1	U-01	melanogaster	D. melanogaster
M9PH59	1	U-01	melanogaster	D. melanogaster
M9PH69	1	U-01	melanogaster	D. melanogaster
M9PH73	2	U-02	melanogaster	D. melanogaster
M9PH75	0	unassigned	melanogaster	D. melanogaster
M9PH82	0	unassigned	melanogaster	D. melanogaster
M9PH97	3	U-03	melanogaster	D. melanogaster
M9PHA3	1	U-01	melanogaster	D. melanogaster
M9PHB8	0	unassigned	melanogaster	D. melanogaster
M9PHD2	3	U-03	melanogaster	D. melanogaster
M9PHE3	1	U-01	melanogaster	D. melanogaster
M9PHE6	3	U-03	melanogaster	D. melanogaster
Q9VRB4	1	U-01	melanogaster	D. melanogaster
Q9VRB5	1	U-01	melanogaster	D. melanogaster
Q9VRB7	1	U-01	melanogaster	D. melanogaster
Q9VRB8	1	U-01	melanogaster	D. melanogaster
Q9VRC3	1	U-01	melanogaster	D. melanogaster
Q9VRC8	1	U-01	melanogaster	D. melanogaster
Q9VRD2	1	U-01	melanogaster	D. melanogaster
Q9VRD3	1	U-01	melanogaster	D. melanogaster
Q9VRD5	0	unassigned	melanogaster	D. melanogaster
Q9VRD7	3	U-03	melanogaster	D. melanogaster
Q9VRE9	1	U-01	melanogaster	D. melanogaster
Q9VRF3	1	U-01	melanogaster	D. melanogaster
Q9VRG1	1	U-01	melanogaster	D. melanogaster
Q9VRI1	0	unassigned	melanogaster	D. melanogaster
Q9VRI3	0	unassigned	melanogaster	D. melanogaster
Q9VRK0	1	U-01	melanogaster	D. melanogaster
Q9VRK1	1	U-01	melanogaster	D. melanogaster
Q9VRK2	0	unassigned	melanogaster	D. melanogaster
Q9VRK6	1	U-01	melanogaster	D. melanogaster
Q9VRM1	1	U-01	melanogaster	D. melanogaster
Q9VRM2	1	U-01	melanogaster	D. melanogaster
Q9VRM5	1	U-01	melanogaster	D. melanogaster
Q9VRN0	1	U-01	melanogaster	D. melanogaster
Q9VRP2	1	U-01	melanogaster	D. melanogaster
Q9VRP8	0	unassigned	melanogaster	D. melanogaster
Q9VRQ5	1	U-01	melanogaster	D. melanogaster
Q9VRQ6	1	U-01	melanogaster	D. melanogaster
Q9VRQ8	3	U-03	melanogaster	D. melanogaster
Q9VRR1	3	U-03	melanogaster	D. melanogaster
Q9VRR9	1	U-01	melanogaster	D. melanogaster
Q9VRT5	1	U-01	melanogaster	D. melanogaster
Q9VRT6	1	U-01	melanogaster	D. melanogaster
Q9VRT8	1	U-01	melanogaster	D. melanogaster
Q9VRT9	1	U-01	melanogaster	D. melanogaster
Q9VRU8	1	U-01	melanogaster	D. melanogaster
Q9VRV1	1	U-01	melanogaster	D. melanogaster
Q9VRW7	1	U-01	melanogaster	D. melanogaster
Q9VRW9	1	U-01	melanogaster	D. melanogaster
Q9VRX8	1	U-01	melanogaster	D. melanogaster
Q9VRZ6	1	U-01	melanogaster	D. melanogaster
Q9VS03	1	U-01	melanogaster	D. melanogaster
Q9VS07	1	U-01	melanogaster	D. melanogaster
Q9VS12	0	unassigned	melanogaster	D. melanogaster
Q9VS14	0	unassigned	melanogaster	D. melanogaster
Q9VS20	1	U-01	melanogaster	D. melanogaster
Q9VS21	1	U-01	melanogaster	D. melanogaster
Q9VS22	1	U-01	melanogaster	D. melanogaster
Q9VS26	1	U-01	melanogaster	D. melanogaster
Q9VS31	2	U-02	melanogaster	D. melanogaster
Q9VS32	2	U-02	melanogaster	D. melanogaster
Q9VS39	1	U-01	melanogaster	D. melanogaster
Q9VS44	1	U-01	melanogaster	D. melanogaster
Q9VS49	1	U-01	melanogaster	D. melanogaster
Q9VS52	1	U-01	melanogaster	D. melanogaster
Q9VS70	1	U-01	melanogaster	D. melanogaster
Q9VS75	1	U-01	melanogaster	D. melanogaster
Q9VS76	1	U-01	melanogaster	D. melanogaster
Q9VS81	1	U-01	melanogaster	D. melanogaster
Q9VS98	1	U-01	melanogaster	D. melanogaster
Q9VSB3	1	U-01	melanogaster	D. melanogaster
Q9VSD8	1	U-01	melanogaster	D. melanogaster
Q9VSE1	1	U-01	melanogaster	D. melanogaster
Q9VSE5	2	U-02	melanogaster	D. melanogaster
Q9VSF5	1	U-01	melanogaster	D. melanogaster
Q9VSF7	1	U-01	melanogaster	D. melanogaster
Q9VSF8	1	U-01	melanogaster	D. melanogaster
Q9VSF9	0	unassigned	melanogaster	D. melanogaster
Q9VSG0	0	unassigned	melanogaster	D. melanogaster
Q9VSG2	1	U-01	melanogaster	D. melanogaster
Q9VSG7	2	U-02	melanogaster	D. melanogaster
Q9VSG9	2	U-02	melanogaster	D. melanogaster
Q9VSJ3	2	U-02	melanogaster	D. melanogaster
Q9W4L8	1	U-01	melanogaster	D. melanogaster
Q9W4L9	1	U-01	melanogaster	D. melanogaster
Q9W4M0	1	U-01	melanogaster	D. melanogaster
Q9W4M5	1	U-01	melanogaster	D. melanogaster
Q9W4N1	1	U-01	melanogaster	D. melanogaster
Q9W4P4	1	U-01	melanogaster	D. melanogaster
Q9W4R1	1	U-01	melanogaster	D. melanogaster
Q9W4R2	1	U-01	melanogaster	D. melanogaster
Q9W4R4	1	U-01	melanogaster	D. melanogaster
Q9W4S3	1	U-01	melanogaster	D. melanogaster
Q9W4S4	3	U-03	melanogaster	D. melanogaster
Q9W4S5	3	U-03	melanogaster	D. melanogaster
Q9W4U3	1	U-01	melanogaster	D. melanogaster
Q9W4U4	1	U-01	melanogaster	D. melanogaster
Q9W4U5	1	U-01	melanogaster	D. melanogaster
Q9W4U6	1	U-01	melanogaster	D. melanogaster
Q9W4U7	1	U-01	melanogaster	D. melanogaster
Q9W4U8	1	U-01	melanogaster	D. melanogaster
Q9W4V1	1	U-01	melanogaster	D. melanogaster
Q9W4V3	0	unassigned	melanogaster	D. melanogaster
Q9W4Y0	1	U-01	melanogaster	D. melanogaster
Q9W4Y8	1	U-01	melanogaster	D. melanogaster
Q9W4Z1	1	U-01	melanogaster	D. melanogaster
Q9W4Z5	1	U-01	melanogaster	D. melanogaster
Q9W4Z6	1	U-01	melanogaster	D. melanogaster
Q9W510	1	U-01	melanogaster	D. melanogaster
Q9W512	1	U-01	melanogaster	D. melanogaster
Q9W513	3	U-03	melanogaster	D. melanogaster
B7YZM9	1	U-01	melanogaster	D. melanogaster
B7YZN0	1	U-01	melanogaster	D. melanogaster
B7YZP4	1	U-01	melanogaster	D. melanogaster
B7YZP9	1	U-01	melanogaster	D. melanogaster
B7YZQ3	2	U-02	melanogaster	D. melanogaster
B7YZQ7	1	U-01	melanogaster	D. melanogaster
B7YZS4	1	U-01	melanogaster	D. melanogaster
B7YZT1	2	U-02	melanogaster	D. melanogaster
B7YZU0	1	U-01	melanogaster	D. melanogaster
B7YZU5	1	U-01	melanogaster	D. melanogaster
B7YZU6	1	U-01	melanogaster	D. melanogaster
B7YZV1	1	U-01	melanogaster	D. melanogaster
B7YZV2	1	U-01	melanogaster	D. melanogaster
B7YZV3	1	U-01	melanogaster	D. melanogaster
B7YZV6	1	U-01	melanogaster	D. melanogaster
B7YZW4	1	U-01	melanogaster	D. melanogaster
B7YZX2	1	U-01	melanogaster	D. melanogaster
P32029	1	U-01	melanogaster	D. melanogaster
P32031	1	U-01	melanogaster	D. melanogaster
P32845	1	U-01	melanogaster	D. melanogaster
P35004	0	unassigned	melanogaster	D. melanogaster
P35005	0	unassigned	melanogaster	D. melanogaster
P36241	1	U-01	melanogaster	D. melanogaster
P37160	2	U-02	melanogaster	D. melanogaster
P40807	1	U-01	melanogaster	D. melanogaster
P40808	1	U-01	melanogaster	D. melanogaster
P41092	1	U-01	melanogaster	D. melanogaster
P41126	1	U-01	melanogaster	D. melanogaster
P41572	1	U-01	melanogaster	D. melanogaster
P42278	0	unassigned	melanogaster	D. melanogaster
P42279	0	unassigned	melanogaster	D. melanogaster
P42280	0	unassigned	melanogaster	D. melanogaster
P42281	1	U-01	melanogaster	D. melanogaster
P45889	1	U-01	melanogaster	D. melanogaster
P48159	1	U-01	melanogaster	D. melanogaster
P48588	1	U-01	melanogaster	D. melanogaster
P48604	1	U-01	melanogaster	D. melanogaster
P50245	1	U-01	melanogaster	D. melanogaster
P50887	0	unassigned	melanogaster	D. melanogaster
P51406	1	U-01	melanogaster	D. melanogaster
P52487	1	U-01	melanogaster	D. melanogaster
P52905	0	unassigned	melanogaster	D. melanogaster
P53403	3	U-03	melanogaster	D. melanogaster
P53777	1	U-01	melanogaster	D. melanogaster
P53997	1	U-01	melanogaster	D. melanogaster
P54192	0	unassigned	melanogaster	D. melanogaster
P54193	0	unassigned	melanogaster	D. melanogaster
P54194	2	U-02	melanogaster	D. melanogaster
P54353	1	U-01	melanogaster	D. melanogaster
P54361	1	U-01	melanogaster	D. melanogaster
P54398	1	U-01	melanogaster	D. melanogaster
P54611	1	U-01	melanogaster	D. melanogaster
P55828	1	U-01	melanogaster	D. melanogaster
P55841	1	U-01	melanogaster	D. melanogaster
P56538	1	U-01	melanogaster	D. melanogaster
P56672	1	U-01	melanogaster	D. melanogaster
P58950	0	unassigned	melanogaster	D. melanogaster
P58951	0	unassigned	melanogaster	D. melanogaster
P58952	0	unassigned	melanogaster	D. melanogaster
P58953	0	unassigned	melanogaster	D. melanogaster
P58954	0	unassigned	melanogaster	D. melanogaster
P58955	0	unassigned	melanogaster	D. melanogaster
P58960	0	unassigned	melanogaster	D. melanogaster
P58961	0	unassigned	melanogaster	D. melanogaster
P58962	0	unassigned	melanogaster	D. melanogaster
P58985	0	unassigned	melanogaster	D. melanogaster
P81911	0	unassigned	melanogaster	D. melanogaster
P81913	0	unassigned	melanogaster	D. melanogaster
P81914	0	unassigned	melanogaster	D. melanogaster
P81916	0	unassigned	melanogaster	D. melanogaster
P81924	0	unassigned	melanogaster	D. melanogaster
P81928	3	U-03	melanogaster	D. melanogaster
P82712	0	unassigned	melanogaster	D. melanogaster
P82890	1	U-01	melanogaster	D. melanogaster
P82982	0	unassigned	melanogaster	D. melanogaster
P82983	0	unassigned	melanogaster	D. melanogaster
P82984	0	unassigned	melanogaster	D. melanogaster
P82985	0	unassigned	melanogaster	D. melanogaster
P82986	0	unassigned	melanogaster	D. melanogaster
P83088	2	U-02	melanogaster	D. melanogaster
P83097	2	U-02	melanogaster	D. melanogaster
P83101	1	U-01	melanogaster	D. melanogaster
P83104	1	U-01	melanogaster	D. melanogaster
P83118	3	U-03	melanogaster	D. melanogaster
P83119	3	U-03	melanogaster	D. melanogaster
P83292	0	unassigned	melanogaster	D. melanogaster
P83296	0	unassigned	melanogaster	D. melanogaster
P83501	1	U-01	melanogaster	D. melanogaster
P83548	2	U-02	melanogaster	D. melanogaster
P84180	0	unassigned	melanogaster	D. melanogaster
P84181	0	unassigned	melanogaster	D. melanogaster
P84345	0	unassigned	melanogaster	D. melanogaster
P91931	1	U-01	melanogaster	D. melanogaster
Q02361	1	U-01	melanogaster	D. melanogaster
Q04691	1	U-01	melanogaster	D. melanogaster
Q059A4	1	U-01	melanogaster	D. melanogaster
Q06521	1	U-01	melanogaster	D. melanogaster
Q06943	1	U-01	melanogaster	D. melanogaster
Q07886	1	U-01	melanogaster	D. melanogaster
Q9V4A0	2	U-02	melanogaster	D. melanogaster
Q0E939	1	U-01	melanogaster	D. melanogaster
Q0E941	2	U-02	melanogaster	D. melanogaster
Q0E952	1	U-01	melanogaster	D. melanogaster
Q0E955	2	U-02	melanogaster	D. melanogaster
Q0E959	1	U-01	melanogaster	D. melanogaster
Q0E982	1	U-01	melanogaster	D. melanogaster
Q0E987	1	U-01	melanogaster	D. melanogaster
Q0E997	3	U-03	melanogaster	D. melanogaster
Q0E9A5	1	U-01	melanogaster	D. melanogaster
Q0E9A6	1	U-01	melanogaster	D. melanogaster
Q0E9B2	1	U-01	melanogaster	D. melanogaster
Q0E9B3	1	U-01	melanogaster	D. melanogaster
Q0E9B5	1	U-01	melanogaster	D. melanogaster
Q0E9B7	1	U-01	melanogaster	D. melanogaster
Q0E9C7	1	U-01	melanogaster	D. melanogaster
Q0E9E9	2	U-02	melanogaster	D. melanogaster
Q0E9F3	1	U-01	melanogaster	D. melanogaster
Q0E9F7	1	U-01	melanogaster	D. melanogaster
Q0E9G4	1	U-01	melanogaster	D. melanogaster
Q0E9N2	0	unassigned	melanogaster	D. melanogaster
Q0E9N3	0	unassigned	melanogaster	D. melanogaster
Q0E9N4	1	U-01	melanogaster	D. melanogaster
Q0E9P4	1	U-01	melanogaster	D. melanogaster
Q0KHN6	2	U-02	melanogaster	D. melanogaster
Q0KHQ1	1	U-01	melanogaster	D. melanogaster
Q0KHQ2	3	U-03	melanogaster	D. melanogaster
Q0KHQ6	1	U-01	melanogaster	D. melanogaster
Q0KHR5	1	U-01	melanogaster	D. melanogaster
Q0KHS8	1	U-01	melanogaster	D. melanogaster
Q0KHV9	1	U-01	melanogaster	D. melanogaster
Q0KHW3	2	U-02	melanogaster	D. melanogaster
Q0KHW8	1	U-01	melanogaster	D. melanogaster
Q0KHW9	1	U-01	melanogaster	D. melanogaster
Q0KHX4	2	U-02	melanogaster	D. melanogaster
Q0KHY6	2	U-02	melanogaster	D. melanogaster
Q0KHZ4	1	U-01	melanogaster	D. melanogaster
Q0KI05	1	U-01	melanogaster	D. melanogaster
Q0KI09	1	U-01	melanogaster	D. melanogaster
Q0KI15	1	U-01	melanogaster	D. melanogaster
Q0KI22	3	U-03	melanogaster	D. melanogaster
Q0KI25	2	U-02	melanogaster	D. melanogaster
Q0KI27	1	U-01	melanogaster	D. melanogaster
Q0KI30	1	U-01	melanogaster	D. melanogaster
Q0KI31	1	U-01	melanogaster	D. melanogaster
Q0KI33	1	U-01	melanogaster	D. melanogaster
Q0KI39	1	U-01	melanogaster	D. melanogaster
Q0KI47	3	U-03	melanogaster	D. melanogaster
Q0KI55	1	U-01	melanogaster	D. melanogaster
Q0KI64	0	unassigned	melanogaster	D. melanogaster
Q0KI77	2	U-02	melanogaster	D. melanogaster
Q0KI86	3	U-03	melanogaster	D. melanogaster
Q0KIA2	1	U-01	melanogaster	D. melanogaster
Q0KIA8	1	U-01	melanogaster	D. melanogaster
Q0KIB0	2	U-02	melanogaster	D. melanogaster
Q0KIB8	1	U-01	melanogaster	D. melanogaster
Q0KIC0	2	U-02	melanogaster	D. melanogaster
Q8IR08	1	U-01	melanogaster	D. melanogaster
Q8IR09	1	U-01	melanogaster	D. melanogaster
Q8IR10	1	U-01	melanogaster	D. melanogaster
Q8IR11	1	U-01	melanogaster	D. melanogaster
Q8IR17	1	U-01	melanogaster	D. melanogaster
Q8IR18	3	U-03	melanogaster	D. melanogaster
Q8IR19	3	U-03	melanogaster	D. melanogaster
Q8IR43	1	U-01	melanogaster	D. melanogaster
Q8IR45	1	U-01	melanogaster	D. melanogaster
Q8IR46	1	U-01	melanogaster	D. melanogaster
Q8IR50	1	U-01	melanogaster	D. melanogaster
Q8IR52	1	U-01	melanogaster	D. melanogaster
Q8IR58	1	U-01	melanogaster	D. melanogaster
Q8IR72	3	U-03	melanogaster	D. melanogaster
Q8IR74	1	U-01	melanogaster	D. melanogaster
Q8IR76	1	U-01	melanogaster	D. melanogaster
Q8IR83	1	U-01	melanogaster	D. melanogaster
Q8IR92	1	U-01	melanogaster	D. melanogaster
Q8IR95	2	U-02	melanogaster	D. melanogaster
Q8IR97	1	U-01	melanogaster	D. melanogaster
Q8IRC2	1	U-01	melanogaster	D. melanogaster
Q8IRC8	3	U-03	melanogaster	D. melanogaster
Q8IRD1	1	U-01	melanogaster	D. melanogaster
Q8IRD6	0	unassigned	melanogaster	D. melanogaster
Q8IRD7	0	unassigned	melanogaster	D. melanogaster
Q8IRE5	1	U-01	melanogaster	D. melanogaster
Q8IRE9	3	U-03	melanogaster	D. melanogaster
Q8IRF0	1	U-01	melanogaster	D. melanogaster
Q8IRF4	2	U-02	melanogaster	D. melanogaster
Q8IRG5	2	U-02	melanogaster	D. melanogaster
Q8IRG8	1	U-01	melanogaster	D. melanogaster
Q8IRH2	1	U-01	melanogaster	D. melanogaster
Q8IRH8	2	U-02	melanogaster	D. melanogaster
Q8IRH9	0	unassigned	melanogaster	D. melanogaster
Q8IRI8	2	U-02	melanogaster	D. melanogaster
Q8IRJ2	1	U-01	melanogaster	D. melanogaster
Q8IRJ3	1	U-01	melanogaster	D. melanogaster
Q8IRJ5	1	U-01	melanogaster	D. melanogaster
Q8IRK1	2	U-02	melanogaster	D. melanogaster
Q8IRK6	2	U-02	melanogaster	D. melanogaster
Q8IRK7	1	U-01	melanogaster	D. melanogaster
Q8IRK8	1	U-01	melanogaster	D. melanogaster
Q8IRK9	1	U-01	melanogaster	D. melanogaster
Q8IRL3	2	U-02	melanogaster	D. melanogaster
Q7KUR9	1	U-01	melanogaster	D. melanogaster
Q7KUT3	1	U-01	melanogaster	D. melanogaster
Q7KUT7	1	U-01	melanogaster	D. melanogaster
Q7KUT9	1	U-01	melanogaster	D. melanogaster
Q7KUU1	1	U-01	melanogaster	D. melanogaster
Q7KUU6	3	U-03	melanogaster	D. melanogaster
Q7KUV3	1	U-01	melanogaster	D. melanogaster
Q7KUV4	1	U-01	melanogaster	D. melanogaster
Q9VD35	1	U-01	melanogaster	D. melanogaster
Q9VD46	0	unassigned	melanogaster	D. melanogaster
Q9VD47	1	U-01	melanogaster	D. melanogaster
Q9VD48	1	U-01	melanogaster	D. melanogaster
Q9VD49	1	U-01	melanogaster	D. melanogaster
Q9VD50	2	U-02	melanogaster	D. melanogaster
Q9VD53	3	U-03	melanogaster	D. melanogaster
Q9VD59	1	U-01	melanogaster	D. melanogaster
Q9VD63	1	U-01	melanogaster	D. melanogaster
Q9VD66	1	U-01	melanogaster	D. melanogaster
Q9VD89	1	U-01	melanogaster	D. melanogaster
Q9VD91	0	unassigned	melanogaster	D. melanogaster
Q9VDA3	0	unassigned	melanogaster	D. melanogaster
Q9VDB8	1	U-01	melanogaster	D. melanogaster
Q9VDC0	1	U-01	melanogaster	D. melanogaster
Q9VDD4	2	U-02	melanogaster	D. melanogaster
Q9VDF9	1	U-01	melanogaster	D. melanogaster
Q9VDG3	0	unassigned	melanogaster	D. melanogaster
Q9VDH1	1	U-01	melanogaster	D. melanogaster
Q9VDI6	3	U-03	melanogaster	D. melanogaster
Q9VDJ3	1	U-01	melanogaster	D. melanogaster
Q9VDJ7	1	U-01	melanogaster	D. melanogaster
Q9VDK2	1	U-01	melanogaster	D. melanogaster
Q9VDK9	2	U-02	melanogaster	D. melanogaster
Q9VDL3	1	U-01	melanogaster	D. melanogaster
Q9VDL4	1	U-01	melanogaster	D. melanogaster
Q9VDL5	3	U-03	melanogaster	D. melanogaster
Q9VDN6	2	U-02	melanogaster	D. melanogaster
Q9VDP6	1	U-01	melanogaster	D. melanogaster
Q9VDR5	1	U-01	melanogaster	D. melanogaster
Q9VDR9	3	U-03	melanogaster	D. melanogaster
Q9VDS0	3	U-03	melanogaster	D. melanogaster
Q9VDS2	3	U-03	melanogaster	D. melanogaster
Q9VDS7	1	U-01	melanogaster	D. melanogaster
Q9VDT2	1	U-01	melanogaster	D. melanogaster
Q9VDT8	1	U-01	melanogaster	D. melanogaster
Q9VDV6	3	U-03	melanogaster	D. melanogaster
Q9VDV7	3	U-03	melanogaster	D. melanogaster
Q9VDV9	3	U-03	melanogaster	D. melanogaster
Q9VDW0	3	U-03	melanogaster	D. melanogaster
Q9VDW5	1	U-01	melanogaster	D. melanogaster
Q9VDW9	1	U-01	melanogaster	D. melanogaster
Q9VDX1	2	U-02	melanogaster	D. melanogaster
Q9VDX9	1	U-01	melanogaster	D. melanogaster
Q9VDY0	1	U-01	melanogaster	D. melanogaster
Q9VDY4	1	U-01	melanogaster	D. melanogaster
Q9VDZ2	1	U-01	melanogaster	D. melanogaster
Q9VDZ9	1	U-01	melanogaster	D. melanogaster
Q9VE02	1	U-01	melanogaster	D. melanogaster
Q9VE07	1	U-01	melanogaster	D. melanogaster
Q9VE10	1	U-01	melanogaster	D. melanogaster
Q9VE11	1	U-01	melanogaster	D. melanogaster
Q9VE19	1	U-01	melanogaster	D. melanogaster
Q9VE26	1	U-01	melanogaster	D. melanogaster
Q9VE38	1	U-01	melanogaster	D. melanogaster
Q9VE43	2	U-02	melanogaster	D. melanogaster
Q9VE57	2	U-02	melanogaster	D. melanogaster
Q9VE71	2	U-02	melanogaster	D. melanogaster
Q9VE92	1	U-01	melanogaster	D. melanogaster
Q9VE99	1	U-01	melanogaster	D. melanogaster
Q9VEA7	1	U-01	melanogaster	D. melanogaster
Q9VEB2	1	U-01	melanogaster	D. melanogaster
Q9VEB6	1	U-01	melanogaster	D. melanogaster
Q9VEB7	1	U-01	melanogaster	D. melanogaster
Q9VEC0	1	U-01	melanogaster	D. melanogaster
Q9VEC4	1	U-01	melanogaster	D. melanogaster
Q9VED1	3	U-03	melanogaster	D. melanogaster
Q9VED2	1	U-01	melanogaster	D. melanogaster
Q9VED4	1	U-01	melanogaster	D. melanogaster
Q9VED7	1	U-01	melanogaster	D. melanogaster
Q9VEE3	1	U-01	melanogaster	D. melanogaster
Q9VEG3	1	U-01	melanogaster	D. melanogaster
Q9VEG8	1	U-01	melanogaster	D. melanogaster
Q9VEH4	1	U-01	melanogaster	D. melanogaster
Q9VEH6	1	U-01	melanogaster	D. melanogaster
Q9VEH7	1	U-01	melanogaster	D. melanogaster
Q9VEH8	1	U-01	melanogaster	D. melanogaster
Q9VEH9	1	U-01	melanogaster	D. melanogaster
Q9VEI0	1	U-01	melanogaster	D. melanogaster
Q9VEI2	1	U-01	melanogaster	D. melanogaster
Q9VEI6	2	U-02	melanogaster	D. melanogaster
Q9VEJ7	1	U-01	melanogaster	D. melanogaster
Q9VEK1	1	U-01	melanogaster	D. melanogaster
Q9VEK2	1	U-01	melanogaster	D. melanogaster
Q9VEM0	1	U-01	melanogaster	D. melanogaster
Q9VEP2	1	U-01	melanogaster	D. melanogaster
Q9VEP4	1	U-01	melanogaster	D. melanogaster
Q9VEQ3	1	U-01	melanogaster	D. melanogaster
Q9VER7	0	unassigned	melanogaster	D. melanogaster
Q9VET3	1	U-01	melanogaster	D. melanogaster
Q9VET4	1	U-01	melanogaster	D. melanogaster
Q9VEV6	1	U-01	melanogaster	D. melanogaster
A8DYX1	1	U-01	melanogaster	D. melanogaster
A8DYX7	1	U-01	melanogaster	D. melanogaster
A8DYY5	1	U-01	melanogaster	D. melanogaster
A8DYZ3	1	U-01	melanogaster	D. melanogaster
A8DZ14	2	U-02	melanogaster	D. melanogaster
A8DZ18	0	unassigned	melanogaster	D. melanogaster
O18399	1	U-01	melanogaster	D. melanogaster
O18400	1	U-01	melanogaster	D. melanogaster
O18405	3	U-03	melanogaster	D. melanogaster
O18680	1	U-01	melanogaster	D. melanogaster
O44424	1	U-01	melanogaster	D. melanogaster
O46054	0	unassigned	melanogaster	D. melanogaster
O46067	1	U-01	melanogaster	D. melanogaster
O46108	2	U-02	melanogaster	D. melanogaster
O46199	1	U-01	melanogaster	D. melanogaster
O46202	2	U-02	melanogaster	D. melanogaster
O46203	1	U-01	melanogaster	D. melanogaster
O61231	1	U-01	melanogaster	D. melanogaster
O61491	1	U-01	melanogaster	D. melanogaster
O62621	1	U-01	melanogaster	D. melanogaster
O76268	2	U-02	melanogaster	D. melanogaster
O76339	1	U-01	melanogaster	D. melanogaster
O76767	3	U-03	melanogaster	D. melanogaster
O76863	1	U-01	melanogaster	D. melanogaster
O76879	0	unassigned	melanogaster	D. melanogaster
O76895	1	U-01	melanogaster	D. melanogaster
O76899	3	U-03	melanogaster	D. melanogaster
O77134	3	U-03	melanogaster	D. melanogaster
O77259	1	U-01	melanogaster	D. melanogaster
O77283	1	U-01	melanogaster	D. melanogaster
O77434	1	U-01	melanogaster	D. melanogaster
O96067	0	unassigned	melanogaster	D. melanogaster
O96299	1	U-01	melanogaster	D. melanogaster
O96539	1	U-01	melanogaster	D. melanogaster
O96824	1	U-01	melanogaster	D. melanogaster
O96863	1	U-01	melanogaster	D. melanogaster
O97069	1	U-01	melanogaster	D. melanogaster
O97125	1	U-01	melanogaster	D. melanogaster
O97178	1	U-01	melanogaster	D. melanogaster
P00417	0	unassigned	melanogaster	D. melanogaster
P02840	1	U-01	melanogaster	D. melanogaster
P04359	1	U-01	melanogaster	D. melanogaster
P04814	0	unassigned	melanogaster	D. melanogaster
P05303	1	U-01	melanogaster	D. melanogaster
P07182	1	U-01	melanogaster	D. melanogaster
P07184	1	U-01	melanogaster	D. melanogaster
P07185	1	U-01	melanogaster	D. melanogaster
P07190	2	U-02	melanogaster	D. melanogaster
P07191	2	U-02	melanogaster	D. melanogaster
P07192	2	U-02	melanogaster	D. melanogaster
P08736	1	U-01	melanogaster	D. melanogaster
P0C919	1	U-01	melanogaster	D. melanogaster
P0DKM0	3	U-03	melanogaster	D. melanogaster
P10035	1	U-01	melanogaster	D. melanogaster
P11146	1	U-01	melanogaster	D. melanogaster
P11450	1	U-01	melanogaster	D. melanogaster
P11612	1	U-01	melanogaster	D. melanogaster
P11995	2	U-02	melanogaster	D. melanogaster
P13008	1	U-01	melanogaster	D. melanogaster
P13095	1	U-01	melanogaster	D. melanogaster
P14318	1	U-01	melanogaster	D. melanogaster
P14484	1	U-01	melanogaster	D. melanogaster
P16548	1	U-01	melanogaster	D. melanogaster
P16909	1	U-01	melanogaster	D. melanogaster
P17704	1	U-01	melanogaster	D. melanogaster
P18487	1	U-01	melanogaster	D. melanogaster
P18929	0	unassigned	melanogaster	D. melanogaster
P18930	0	unassigned	melanogaster	D. melanogaster
P18931	0	unassigned	melanogaster	D. melanogaster
P18932	0	unassigned	melanogaster	D. melanogaster
P18933	0	unassigned	melanogaster	D. melanogaster
P18934	0	unassigned	melanogaster	D. melanogaster
P19967	1	U-01	melanogaster	D. melanogaster
P20348	1	U-01	melanogaster	D. melanogaster
P20349	1	U-01	melanogaster	D. melanogaster
P22465	1	U-01	melanogaster	D. melanogaster
P22977	1	U-01	melanogaster	D. melanogaster
P22979	1	U-01	melanogaster	D. melanogaster
P23757	1	U-01	melanogaster	D. melanogaster
P26023	0	unassigned	melanogaster	D. melanogaster
P26802	1	U-01	melanogaster	D. melanogaster
P27780	1	U-01	melanogaster	D. melanogaster
P29615	2	U-02	melanogaster	D. melanogaster
P29746	1	U-01	melanogaster	D. melanogaster
P29774	1	U-01	melanogaster	D. melanogaster
Q8MSY4	1	U-01	melanogaster	D. melanogaster
Q8MT08	1	U-01	melanogaster	D. melanogaster
Q8MT80	3	U-03	melanogaster	D. melanogaster
Q8SXU3	1	U-01	melanogaster	D. melanogaster
Q8SYD0	1	U-01	melanogaster	D. melanogaster
Q8SYV9	3	U-03	melanogaster	D. melanogaster
Q8SZ16	1	U-01	melanogaster	D. melanogaster
Q8SZZ8	1	U-01	melanogaster	D. melanogaster
Q8T0B1	3	U-03	melanogaster	D. melanogaster
Q8T4E1	2	U-02	melanogaster	D. melanogaster
Q8T8L8	3	U-03	melanogaster	D. melanogaster
Q94514	1	U-01	melanogaster	D. melanogaster
Q94529	1	U-01	melanogaster	D. melanogaster
Q94546	1	U-01	melanogaster	D. melanogaster
Q95RI5	1	U-01	melanogaster	D. melanogaster
A0ACM8PYD3	1	U-01	melanogaster	D. melanogaster
A0ACM8PYD6	2	U-02	melanogaster	D. melanogaster
A0ACM8PYD9	1	U-01	melanogaster	D. melanogaster
A0ACM8PYH3	1	U-01	melanogaster	D. melanogaster
A0ACM8PYK8	3	U-03	melanogaster	D. melanogaster
A0ACM8PYL1	3	U-03	melanogaster	D. melanogaster
A0ACM8PYL9	1	U-01	melanogaster	D. melanogaster
A0ACM8PYN2	0	unassigned	melanogaster	D. melanogaster
A0ACM8PYN3	1	U-01	melanogaster	D. melanogaster
A0ACM8PYN8	2	U-02	melanogaster	D. melanogaster
A0ACM8PYP9	2	U-02	melanogaster	D. melanogaster
A0ACM8PYQ7	0	unassigned	melanogaster	D. melanogaster
A0ACM8PYS6	1	U-01	melanogaster	D. melanogaster
A0ACM8PYT2	3	U-03	melanogaster	D. melanogaster
A0ACM8PYU4	0	unassigned	melanogaster	D. melanogaster
A0ACM8PYV3	1	U-01	melanogaster	D. melanogaster
A0ACM8PYY3	1	U-01	melanogaster	D. melanogaster
A0ACM8PZ16	1	U-01	melanogaster	D. melanogaster
A8JRE2	3	U-03	melanogaster	D. melanogaster
A8JRE8	2	U-02	melanogaster	D. melanogaster
A8JRF0	2	U-02	melanogaster	D. melanogaster
A8JRF1	2	U-02	melanogaster	D. melanogaster
A8JRG8	1	U-01	melanogaster	D. melanogaster
A8JUM1	1	U-01	melanogaster	D. melanogaster
A8JUM9	1	U-01	melanogaster	D. melanogaster
A8JUP5	1	U-01	melanogaster	D. melanogaster
A8JUP9	1	U-01	melanogaster	D. melanogaster
A8JUQ9	1	U-01	melanogaster	D. melanogaster
A8JUR1	1	U-01	melanogaster	D. melanogaster
A8JUR3	0	unassigned	melanogaster	D. melanogaster
A8JUS1	1	U-01	melanogaster	D. melanogaster
A8JUS6	1	U-01	melanogaster	D. melanogaster
A8JUS7	3	U-03	melanogaster	D. melanogaster
A8JUT0	3	U-03	melanogaster	D. melanogaster
A8JUU1	0	unassigned	melanogaster	D. melanogaster
A8JUU3	0	unassigned	melanogaster	D. melanogaster
A8JUW9	1	U-01	melanogaster	D. melanogaster
A8JUX2	1	U-01	melanogaster	D. melanogaster
A8JUX3	2	U-02	melanogaster	D. melanogaster
A8JUX7	1	U-01	melanogaster	D. melanogaster
A8JUY0	1	U-01	melanogaster	D. melanogaster
A8JUZ8	0	unassigned	melanogaster	D. melanogaster
A8JV00	0	unassigned	melanogaster	D. melanogaster
A8JV07	0	unassigned	melanogaster	D. melanogaster
A8JV11	1	U-01	melanogaster	D. melanogaster
A8JV22	1	U-01	melanogaster	D. melanogaster
A8JV24	1	U-01	melanogaster	D. melanogaster
A8JV25	2	U-02	melanogaster	D. melanogaster
A8JV29	1	U-01	melanogaster	D. melanogaster
A8JV35	3	U-03	melanogaster	D. melanogaster
A8QHX1	2	U-02	melanogaster	D. melanogaster
A8QI13	0	unassigned	melanogaster	D. melanogaster
A8Y526	1	U-01	melanogaster	D. melanogaster
A8Y535	1	U-01	melanogaster	D. melanogaster
A8Y5A1	1	U-01	melanogaster	D. melanogaster
A8Y5A2	3	U-03	melanogaster	D. melanogaster
B4F5C5	1	U-01	melanogaster	D. melanogaster
B6VQA0	1	U-01	melanogaster	D. melanogaster
B7YZE2	1	U-01	melanogaster	D. melanogaster
B7YZE5	1	U-01	melanogaster	D. melanogaster
B7YZE6	1	U-01	melanogaster	D. melanogaster
B7YZH1	1	U-01	melanogaster	D. melanogaster
B7YZI1	1	U-01	melanogaster	D. melanogaster
B7YZI2	2	U-02	melanogaster	D. melanogaster
B7YZI6	1	U-01	melanogaster	D. melanogaster
B7YZI7	1	U-01	melanogaster	D. melanogaster
B7YZJ4	1	U-01	melanogaster	D. melanogaster
B7YZK4	1	U-01	melanogaster	D. melanogaster
B7YZK5	1	U-01	melanogaster	D. melanogaster
B7YZK6	1	U-01	melanogaster	D. melanogaster
B7YZL1	1	U-01	melanogaster	D. melanogaster
B7YZL2	1	U-01	melanogaster	D. melanogaster
B7YZL5	1	U-01	melanogaster	D. melanogaster
B7YZL6	1	U-01	melanogaster	D. melanogaster
B7YZL7	1	U-01	melanogaster	D. melanogaster
B7YZL8	1	U-01	melanogaster	D. melanogaster
B7YZM1	2	U-02	melanogaster	D. melanogaster
B7YZM3	1	U-01	melanogaster	D. melanogaster
B7YZM4	1	U-01	melanogaster	D. melanogaster
B7YZM6	1	U-01	melanogaster	D. melanogaster
B7YZM7	1	U-01	melanogaster	D. melanogaster
B7YZM8	1	U-01	melanogaster	D. melanogaster
B7YZN8	1	U-01	melanogaster	D. melanogaster
B7YZQ4	0	unassigned	melanogaster	D. melanogaster
B7YZQ6	0	unassigned	melanogaster	D. melanogaster
B7YZQ8	1	U-01	melanogaster	D. melanogaster
B7YZQ9	1	U-01	melanogaster	D. melanogaster
B7YZR0	1	U-01	melanogaster	D. melanogaster
B7YZR7	1	U-01	melanogaster	D. melanogaster
B7YZS1	0	unassigned	melanogaster	D. melanogaster
B7YZS6	2	U-02	melanogaster	D. melanogaster
B7YZS7	1	U-01	melanogaster	D. melanogaster
B7YZT7	1	U-01	melanogaster	D. melanogaster
B7YZU3	3	U-03	melanogaster	D. melanogaster
B7YZU7	2	U-02	melanogaster	D. melanogaster
B7YZW2	1	U-01	melanogaster	D. melanogaster
B7YZW3	1	U-01	melanogaster	D. melanogaster
B7YZW6	2	U-02	melanogaster	D. melanogaster
B7YZW7	1	U-01	melanogaster	D. melanogaster
B7YZW8	0	unassigned	melanogaster	D. melanogaster
Q9W048	1	U-01	melanogaster	D. melanogaster
Q9W049	1	U-01	melanogaster	D. melanogaster
Q9W057	1	U-01	melanogaster	D. melanogaster
Q9W068	3	U-03	melanogaster	D. melanogaster
Q9W073	3	U-03	melanogaster	D. melanogaster
Q9W081	1	U-01	melanogaster	D. melanogaster
Q9W083	1	U-01	melanogaster	D. melanogaster
Q9W089	1	U-01	melanogaster	D. melanogaster
Q9W093	1	U-01	melanogaster	D. melanogaster
Q9W098	1	U-01	melanogaster	D. melanogaster
Q9W099	1	U-01	melanogaster	D. melanogaster
Q9W0A2	1	U-01	melanogaster	D. melanogaster
Q9W0B6	1	U-01	melanogaster	D. melanogaster
Q9W0B7	3	U-03	melanogaster	D. melanogaster
Q9W0C3	1	U-01	melanogaster	D. melanogaster
Q9W0C9	1	U-01	melanogaster	D. melanogaster
Q9W0D3	1	U-01	melanogaster	D. melanogaster
Q9W0F5	1	U-01	melanogaster	D. melanogaster
Q9W0H1	1	U-01	melanogaster	D. melanogaster
Q9W0I2	1	U-01	melanogaster	D. melanogaster
Q9W0I9	1	U-01	melanogaster	D. melanogaster
Q9W0K3	1	U-01	melanogaster	D. melanogaster
Q9W0K9	1	U-01	melanogaster	D. melanogaster
Q9W0L3	1	U-01	melanogaster	D. melanogaster
Q9W0L6	3	U-03	melanogaster	D. melanogaster
Q9W0L8	1	U-01	melanogaster	D. melanogaster
Q9W0M5	1	U-01	melanogaster	D. melanogaster
Q9W0M6	1	U-01	melanogaster	D. melanogaster
Q9W0M9	1	U-01	melanogaster	D. melanogaster
Q9W0N2	1	U-01	melanogaster	D. melanogaster
Q9W0N3	1	U-01	melanogaster	D. melanogaster
Q9W0N5	1	U-01	melanogaster	D. melanogaster
Q9W0P0	1	U-01	melanogaster	D. melanogaster
Q9W0P1	1	U-01	melanogaster	D. melanogaster
Q9W0P4	1	U-01	melanogaster	D. melanogaster
Q9W0Q5	1	U-01	melanogaster	D. melanogaster
P20240	1	U-01	melanogaster	D. melanogaster
P20241	2	U-02	melanogaster	D. melanogaster
P20351	1	U-01	melanogaster	D. melanogaster
P20353	1	U-01	melanogaster	D. melanogaster
P20354	1	U-01	melanogaster	D. melanogaster
P20385	1	U-01	melanogaster	D. melanogaster
P20432	0	unassigned	melanogaster	D. melanogaster
P20439	1	U-01	melanogaster	D. melanogaster
P20477	1	U-01	melanogaster	D. melanogaster
P20478	1	U-01	melanogaster	D. melanogaster
P20482	1	U-01	melanogaster	D. melanogaster
P20483	1	U-01	melanogaster	D. melanogaster
P20659	1	U-01	melanogaster	D. melanogaster
P21187	1	U-01	melanogaster	D. melanogaster
P21520	2	U-02	melanogaster	D. melanogaster
P21521	1	U-01	melanogaster	D. melanogaster
P21525	1	U-01	melanogaster	D. melanogaster
P21914	1	U-01	melanogaster	D. melanogaster
P22265	1	U-01	melanogaster	D. melanogaster
P22464	1	U-01	melanogaster	D. melanogaster
P22469	1	U-01	melanogaster	D. melanogaster
P22700	1	U-01	melanogaster	D. melanogaster
P22711	1	U-01	melanogaster	D. melanogaster
P22745	1	U-01	melanogaster	D. melanogaster
P22769	1	U-01	melanogaster	D. melanogaster
P22807	1	U-01	melanogaster	D. melanogaster
P22808	1	U-01	melanogaster	D. melanogaster
P22809	1	U-01	melanogaster	D. melanogaster
P22812	1	U-01	melanogaster	D. melanogaster
P22813	1	U-01	melanogaster	D. melanogaster
P22815	0	unassigned	melanogaster	D. melanogaster
P22816	1	U-01	melanogaster	D. melanogaster
P22817	1	U-01	melanogaster	D. melanogaster
P23128	1	U-01	melanogaster	D. melanogaster
P23257	1	U-01	melanogaster	D. melanogaster
P23380	3	U-03	melanogaster	D. melanogaster
P23572	1	U-01	melanogaster	D. melanogaster
P23625	1	U-01	melanogaster	D. melanogaster
P23645	1	U-01	melanogaster	D. melanogaster
P23647	1	U-01	melanogaster	D. melanogaster
P23792	1	U-01	melanogaster	D. melanogaster
P23803	1	U-01	melanogaster	D. melanogaster
P24014	2	U-02	melanogaster	D. melanogaster
P24350	1	U-01	melanogaster	D. melanogaster
P24492	1	U-01	melanogaster	D. melanogaster
P24785	1	U-01	melanogaster	D. melanogaster
P25007	1	U-01	melanogaster	D. melanogaster
P25008	1	U-01	melanogaster	D. melanogaster
P25028	1	U-01	melanogaster	D. melanogaster
P25158	1	U-01	melanogaster	D. melanogaster
P25159	0	unassigned	melanogaster	D. melanogaster
P25160	1	U-01	melanogaster	D. melanogaster
P25162	0	unassigned	melanogaster	D. melanogaster
P25171	1	U-01	melanogaster	D. melanogaster
P25439	1	U-01	melanogaster	D. melanogaster
P25455	1	U-01	melanogaster	D. melanogaster
P25722	2	U-02	melanogaster	D. melanogaster
P25723	2	U-02	melanogaster	D. melanogaster
P25724	1	U-01	melanogaster	D. melanogaster
P25823	1	U-01	melanogaster	D. melanogaster
P25867	1	U-01	melanogaster	D. melanogaster
Q7KUL4	1	U-01	melanogaster	D. melanogaster
Q7KUT2	0	unassigned	melanogaster	D. melanogaster
Q7KV26	0	unassigned	melanogaster	D. melanogaster
Q7KV69	0	unassigned	melanogaster	D. melanogaster
Q7KV70	0	unassigned	melanogaster	D. melanogaster
Q7KV88	1	U-01	melanogaster	D. melanogaster
Q7KV89	1	U-01	melanogaster	D. melanogaster
Q7KV90	1	U-01	melanogaster	D. melanogaster
Q7KVA1	2	U-02	melanogaster	D. melanogaster
Q7KVD1	1	U-01	melanogaster	D. melanogaster
Q7KVL6	1	U-01	melanogaster	D. melanogaster
Q7KVL7	1	U-01	melanogaster	D. melanogaster
Q7KVP9	1	U-01	melanogaster	D. melanogaster
Q7KVR8	1	U-01	melanogaster	D. melanogaster
Q7KVS9	1	U-01	melanogaster	D. melanogaster
Q7KVW5	1	U-01	melanogaster	D. melanogaster
Q7KVX5	1	U-01	melanogaster	D. melanogaster
Q7KVY7	1	U-01	melanogaster	D. melanogaster
Q7KVZ0	2	U-02	melanogaster	D. melanogaster
Q7M3M8	1	U-01	melanogaster	D. melanogaster
Q7PL76	1	U-01	melanogaster	D. melanogaster
Q7PLB8	1	U-01	melanogaster	D. melanogaster
Q7PLI0	1	U-01	melanogaster	D. melanogaster
Q7PLI2	1	U-01	melanogaster	D. melanogaster
Q7PLK0	1	U-01	melanogaster	D. melanogaster
Q7YU24	1	U-01	melanogaster	D. melanogaster
Q7YU29	1	U-01	melanogaster	D. melanogaster
Q7YU81	1	U-01	melanogaster	D. melanogaster
Q7YZ95	1	U-01	melanogaster	D. melanogaster
Q7YZ98	1	U-01	melanogaster	D. melanogaster
Q7YZA0	1	U-01	melanogaster	D. melanogaster
Q7YZA4	1	U-01	melanogaster	D. melanogaster
Q7Z020	1	U-01	melanogaster	D. melanogaster
Q7Z2C4	1	U-01	melanogaster	D. melanogaster
Q867Z4	1	U-01	melanogaster	D. melanogaster
Q868Z9	2	U-02	melanogaster	D. melanogaster
Q86B72	1	U-01	melanogaster	D. melanogaster
Q86B74	1	U-01	melanogaster	D. melanogaster
Q86B87	0	unassigned	melanogaster	D. melanogaster
Q9VG97	0	unassigned	melanogaster	D. melanogaster
Q9VGA0	0	unassigned	melanogaster	D. melanogaster
Q9VGA1	0	unassigned	melanogaster	D. melanogaster
Q9VGA5	2	U-02	melanogaster	D. melanogaster
Q9VGB5	0	unassigned	melanogaster	D. melanogaster
Q9VGB6	1	U-01	melanogaster	D. melanogaster
Q9VGB8	0	unassigned	melanogaster	D. melanogaster
Q9VGB9	0	unassigned	melanogaster	D. melanogaster
Q9VGC1	1	U-01	melanogaster	D. melanogaster
Q9VGC2	1	U-01	melanogaster	D. melanogaster
Q9VGC7	1	U-01	melanogaster	D. melanogaster
Q9VGE5	1	U-01	melanogaster	D. melanogaster
Q9VGE7	2	U-02	melanogaster	D. melanogaster
Q9VGE9	2	U-02	melanogaster	D. melanogaster
Q9VGF0	2	U-02	melanogaster	D. melanogaster
Q9VGF7	3	U-03	melanogaster	D. melanogaster
Q9VGG5	2	U-02	melanogaster	D. melanogaster
Q9VGG8	3	U-03	melanogaster	D. melanogaster
Q9VGJ4	1	U-01	melanogaster	D. melanogaster
Q9VGJ5	1	U-01	melanogaster	D. melanogaster
Q9VGL2	0	unassigned	melanogaster	D. melanogaster
Q9VGM2	1	U-01	melanogaster	D. melanogaster
Q9VGN4	1	U-01	melanogaster	D. melanogaster
Q9VGN5	0	unassigned	melanogaster	D. melanogaster
Q9VGN8	2	U-02	melanogaster	D. melanogaster
Q9VGN9	1	U-01	melanogaster	D. melanogaster
Q9VGP0	1	U-01	melanogaster	D. melanogaster
Q9VGP9	1	U-01	melanogaster	D. melanogaster
Q9VGQ0	1	U-01	melanogaster	D. melanogaster
Q9VGQ8	1	U-01	melanogaster	D. melanogaster
Q9VGQ9	1	U-01	melanogaster	D. melanogaster
Q9VGS3	3	U-03	melanogaster	D. melanogaster
Q9VGS7	0	unassigned	melanogaster	D. melanogaster
Q9VGT4	0	unassigned	melanogaster	D. melanogaster
Q9VGT5	0	unassigned	melanogaster	D. melanogaster
Q9VGT8	0	unassigned	melanogaster	D. melanogaster
Q9VU90	0	unassigned	melanogaster	D. melanogaster
Q9VU91	0	unassigned	melanogaster	D. melanogaster
Q9VU98	1	U-01	melanogaster	D. melanogaster
Q9VUB8	1	U-01	melanogaster	D. melanogaster
Q9VUD1	1	U-01	melanogaster	D. melanogaster
Q9VUE7	1	U-01	melanogaster	D. melanogaster
Q9VUE8	1	U-01	melanogaster	D. melanogaster
Q9VUF0	2	U-02	melanogaster	D. melanogaster
Q9VUG2	2	U-02	melanogaster	D. melanogaster
Q9VUH7	1	U-01	melanogaster	D. melanogaster
Q9VUI0	1	U-01	melanogaster	D. melanogaster
Q9VUJ0	1	U-01	melanogaster	D. melanogaster
Q9VUJ3	1	U-01	melanogaster	D. melanogaster
Q9VUJ6	1	U-01	melanogaster	D. melanogaster
Q9VUK5	0	unassigned	melanogaster	D. melanogaster
Q9VUL8	1	U-01	melanogaster	D. melanogaster
Q9VUM1	1	U-01	melanogaster	D. melanogaster
Q9VUM2	3	U-03	melanogaster	D. melanogaster
Q9VUM4	1	U-01	melanogaster	D. melanogaster
Q9VUM6	3	U-03	melanogaster	D. melanogaster
Q9VUN3	1	U-01	melanogaster	D. melanogaster
Q9VUN9	1	U-01	melanogaster	D. melanogaster
Q9VUR5	1	U-01	melanogaster	D. melanogaster
Q9VUR6	1	U-01	melanogaster	D. melanogaster
Q9VUR7	1	U-01	melanogaster	D. melanogaster
Q9VUS0	1	U-01	melanogaster	D. melanogaster
Q9VUS8	1	U-01	melanogaster	D. melanogaster
Q9VUV2	0	unassigned	melanogaster	D. melanogaster
Q9VUV3	1	U-01	melanogaster	D. melanogaster
Q9VUV6	2	U-02	melanogaster	D. melanogaster
Q9VUW4	1	U-01	melanogaster	D. melanogaster
Q9VUZ0	1	U-01	melanogaster	D. melanogaster
Q9VUZ3	1	U-01	melanogaster	D. melanogaster
Q9VV36	1	U-01	melanogaster	D. melanogaster
Q9VV38	1	U-01	melanogaster	D. melanogaster
Q9VV41	1	U-01	melanogaster	D. melanogaster
Q9VV59	1	U-01	melanogaster	D. melanogaster
Q9VV61	1	U-01	melanogaster	D. melanogaster
Q9VV62	1	U-01	melanogaster	D. melanogaster
Q9VV68	3	U-03	melanogaster	D. melanogaster
Q9VV76	1	U-01	melanogaster	D. melanogaster
Q9VV99	1	U-01	melanogaster	D. melanogaster
Q9VVA9	1	U-01	melanogaster	D. melanogaster
Q9VVC5	1	U-01	melanogaster	D. melanogaster
Q9VVC6	1	U-01	melanogaster	D. melanogaster
Q9VVC8	0	unassigned	melanogaster	D. melanogaster
Q9VVC9	1	U-01	melanogaster	D. melanogaster
Q9VVE5	0	unassigned	melanogaster	D. melanogaster
Q9VVF3	0	unassigned	melanogaster	D. melanogaster
Q9VVG4	1	U-01	melanogaster	D. melanogaster
Q9VVG6	1	U-01	melanogaster	D. melanogaster
Q9VVH3	3	U-03	melanogaster	D. melanogaster
Q9VVH7	1	U-01	melanogaster	D. melanogaster
Q9VVI0	1	U-01	melanogaster	D. melanogaster
Q9VVI1	1	U-01	melanogaster	D. melanogaster
Q9VVJ1	3	U-03	melanogaster	D. melanogaster
Q9VVJ7	2	U-02	melanogaster	D. melanogaster
Q9VVK6	3	U-03	melanogaster	D. melanogaster
Q9VVL2	0	unassigned	melanogaster	D. melanogaster
Q9VVL8	1	U-01	melanogaster	D. melanogaster
Q9VVQ5	2	U-02	melanogaster	D. melanogaster
Q9VVQ6	2	U-02	melanogaster	D. melanogaster
Q9VVT9	3	U-03	melanogaster	D. melanogaster
Q9VVU2	1	U-01	melanogaster	D. melanogaster
Q9VLJ1	2	U-02	melanogaster	D. melanogaster
Q9VLJ5	1	U-01	melanogaster	D. melanogaster
Q9VLJ9	1	U-01	melanogaster	D. melanogaster
Q9VLK1	1	U-01	melanogaster	D. melanogaster
Q9VLL0	1	U-01	melanogaster	D. melanogaster
Q9VLL4	1	U-01	melanogaster	D. melanogaster
Q9VLL8	2	U-02	melanogaster	D. melanogaster
Q9VLM4	3	U-03	melanogaster	D. melanogaster
Q9VLM9	1	U-01	melanogaster	D. melanogaster
Q9VLN0	1	U-01	melanogaster	D. melanogaster
Q9VLP0	2	U-02	melanogaster	D. melanogaster
Q9VLP4	1	U-01	melanogaster	D. melanogaster
Q9VLP5	3	U-03	melanogaster	D. melanogaster
Q9VLQ0	2	U-02	melanogaster	D. melanogaster
Q9VLQ7	0	unassigned	melanogaster	D. melanogaster
Q9VLR7	1	U-01	melanogaster	D. melanogaster
Q9VLR8	3	U-03	melanogaster	D. melanogaster
Q9VLS4	1	U-01	melanogaster	D. melanogaster
Q9VLS8	2	U-02	melanogaster	D. melanogaster
Q9VLS9	1	U-01	melanogaster	D. melanogaster
Q9VLT0	2	U-02	melanogaster	D. melanogaster
Q9VLT6	2	U-02	melanogaster	D. melanogaster
Q9VLT7	1	U-01	melanogaster	D. melanogaster
Q9VLU7	2	U-02	melanogaster	D. melanogaster
Q9VLV6	1	U-01	melanogaster	D. melanogaster
Q9VLW1	2	U-02	melanogaster	D. melanogaster
Q9VLW9	1	U-01	melanogaster	D. melanogaster
Q9VLX2	1	U-01	melanogaster	D. melanogaster
Q9VLX5	2	U-02	melanogaster	D. melanogaster
Q9VLY0	3	U-03	melanogaster	D. melanogaster
Q9VLY3	3	U-03	melanogaster	D. melanogaster
Q9VLY4	3	U-03	melanogaster	D. melanogaster
Q9VLY5	3	U-03	melanogaster	D. melanogaster
Q9VLZ1	2	U-02	melanogaster	D. melanogaster
Q9VLZ2	2	U-02	melanogaster	D. melanogaster
Q9VLZ5	1	U-01	melanogaster	D. melanogaster
Q9VLZ6	2	U-02	melanogaster	D. melanogaster
Q9VLZ8	2	U-02	melanogaster	D. melanogaster
Q9VM04	1	U-01	melanogaster	D. melanogaster
Q9VM07	2	U-02	melanogaster	D. melanogaster
Q9VM16	2	U-02	melanogaster	D. melanogaster
Q9VM18	0	unassigned	melanogaster	D. melanogaster
Q9VM19	1	U-01	melanogaster	D. melanogaster
Q9VM20	1	U-01	melanogaster	D. melanogaster
Q9VM22	1	U-01	melanogaster	D. melanogaster
Q9VM36	1	U-01	melanogaster	D. melanogaster
Q9VM37	1	U-01	melanogaster	D. melanogaster
Q9VM44	0	unassigned	melanogaster	D. melanogaster
Q9VM45	1	U-01	melanogaster	D. melanogaster
Q9VM59	1	U-01	melanogaster	D. melanogaster
Q9VM60	1	U-01	melanogaster	D. melanogaster
Q9VM65	0	unassigned	melanogaster	D. melanogaster
Q9VM72	1	U-01	melanogaster	D. melanogaster
Q9VM77	1	U-01	melanogaster	D. melanogaster
Q9VMA4	1	U-01	melanogaster	D. melanogaster
Q9VMB4	2	U-02	melanogaster	D. melanogaster
Q9VMB8	1	U-01	melanogaster	D. melanogaster
Q9VMC0	1	U-01	melanogaster	D. melanogaster
Q9VMC3	2	U-02	melanogaster	D. melanogaster
Q9VMC4	2	U-02	melanogaster	D. melanogaster
Q9VMC7	0	unassigned	melanogaster	D. melanogaster
Q9VMC8	1	U-01	melanogaster	D. melanogaster
Q9VMD2	3	U-03	melanogaster	D. melanogaster
Q9VMD3	1	U-01	melanogaster	D. melanogaster
Q9VMD4	1	U-01	melanogaster	D. melanogaster
Q9VMD7	1	U-01	melanogaster	D. melanogaster
Q9VME2	2	U-02	melanogaster	D. melanogaster
Q9VME3	2	U-02	melanogaster	D. melanogaster
Q9VME6	2	U-02	melanogaster	D. melanogaster
Q9VME7	2	U-02	melanogaster	D. melanogaster
Q9VME8	2	U-02	melanogaster	D. melanogaster
Q9VXX7	2	U-02	melanogaster	D. melanogaster
Q9VXY0	0	unassigned	melanogaster	D. melanogaster
Q9VXY1	1	U-01	melanogaster	D. melanogaster
Q9VXY8	0	unassigned	melanogaster	D. melanogaster
Q9VXZ2	2	U-02	melanogaster	D. melanogaster
Q9VXZ3	2	U-02	melanogaster	D. melanogaster
Q9VXZ4	2	U-02	melanogaster	D. melanogaster
Q9VY00	2	U-02	melanogaster	D. melanogaster
Q9VY02	2	U-02	melanogaster	D. melanogaster
Q9VY04	2	U-02	melanogaster	D. melanogaster
Q9VY05	2	U-02	melanogaster	D. melanogaster
Q9VY06	2	U-02	melanogaster	D. melanogaster
Q9VY08	2	U-02	melanogaster	D. melanogaster
Q9VY09	2	U-02	melanogaster	D. melanogaster
Q9VY10	2	U-02	melanogaster	D. melanogaster
Q9VY11	2	U-02	melanogaster	D. melanogaster
Q9VY15	1	U-01	melanogaster	D. melanogaster
Q9VY16	1	U-01	melanogaster	D. melanogaster
Q9VY18	2	U-02	melanogaster	D. melanogaster
Q9VY19	2	U-02	melanogaster	D. melanogaster
Q9VY20	1	U-01	melanogaster	D. melanogaster
Q9VY21	1	U-01	melanogaster	D. melanogaster
Q9VY22	3	U-03	melanogaster	D. melanogaster
Q9VY24	1	U-01	melanogaster	D. melanogaster
Q9VY28	1	U-01	melanogaster	D. melanogaster
Q9VY29	1	U-01	melanogaster	D. melanogaster
Q9VY34	1	U-01	melanogaster	D. melanogaster
Q9VY38	1	U-01	melanogaster	D. melanogaster
Q9VY39	2	U-02	melanogaster	D. melanogaster
Q8MYY6	2	U-02	melanogaster	D. melanogaster
Q8ST83	1	U-01	melanogaster	D. melanogaster
Q8SWV6	1	U-01	melanogaster	D. melanogaster
Q8SWX0	1	U-01	melanogaster	D. melanogaster
Q8SX37	3	U-03	melanogaster	D. melanogaster
Q8SX68	0	unassigned	melanogaster	D. melanogaster
Q8SX81	1	U-01	melanogaster	D. melanogaster
Q8SX83	1	U-01	melanogaster	D. melanogaster
Q8SX86	1	U-01	melanogaster	D. melanogaster
Q8SXL2	1	U-01	melanogaster	D. melanogaster
Q8SXQ7	2	U-02	melanogaster	D. melanogaster
Q8SXY6	1	U-01	melanogaster	D. melanogaster
Q8SY33	1	U-01	melanogaster	D. melanogaster
Q8SYK5	1	U-01	melanogaster	D. melanogaster
Q8T045	2	U-02	melanogaster	D. melanogaster
Q8T053	0	unassigned	melanogaster	D. melanogaster
Q8T062	2	U-02	melanogaster	D. melanogaster
Q8T0G4	1	U-01	melanogaster	D. melanogaster
Q8T0Q4	1	U-01	melanogaster	D. melanogaster
Q8T3Y0	1	U-01	melanogaster	D. melanogaster
Q8T498	1	U-01	melanogaster	D. melanogaster
Q8T4F7	1	U-01	melanogaster	D. melanogaster
Q8T626	1	U-01	melanogaster	D. melanogaster
Q8T8R1	1	U-01	melanogaster	D. melanogaster
Q8T913	1	U-01	melanogaster	D. melanogaster
Q8T9B6	1	U-01	melanogaster	D. melanogaster
Q94515	3	U-03	melanogaster	D. melanogaster
Q94517	1	U-01	melanogaster	D. melanogaster
Q94519	1	U-01	melanogaster	D. melanogaster
Q94521	1	U-01	melanogaster	D. melanogaster
Q94522	1	U-01	melanogaster	D. melanogaster
Q94523	1	U-01	melanogaster	D. melanogaster
Q94524	1	U-01	melanogaster	D. melanogaster
Q94527	1	U-01	melanogaster	D. melanogaster
Q94533	1	U-01	melanogaster	D. melanogaster
Q94545	1	U-01	melanogaster	D. melanogaster
Q94547	1	U-01	melanogaster	D. melanogaster
Q94883	1	U-01	melanogaster	D. melanogaster
Q94887	2	U-02	melanogaster	D. melanogaster
Q94900	0	unassigned	melanogaster	D. melanogaster
Q94901	1	U-01	melanogaster	D. melanogaster
Q94918	2	U-02	melanogaster	D. melanogaster
Q95029	1	U-01	melanogaster	D. melanogaster
Q95078	0	unassigned	melanogaster	D. melanogaster
Q95NH6	1	U-01	melanogaster	D. melanogaster
Q95RC0	0	unassigned	melanogaster	D. melanogaster
Q95RG8	1	U-01	melanogaster	D. melanogaster
Q95RJ9	1	U-01	melanogaster	D. melanogaster
Q95RQ4	1	U-01	melanogaster	D. melanogaster
Q95RQ8	0	unassigned	melanogaster	D. melanogaster
Q95RV2	1	U-01	melanogaster	D. melanogaster
Q95RW8	1	U-01	melanogaster	D. melanogaster
Q95ST2	3	U-03	melanogaster	D. melanogaster
Q95SX8	1	U-01	melanogaster	D. melanogaster
Q95T12	3	U-03	melanogaster	D. melanogaster
Q95T64	2	U-02	melanogaster	D. melanogaster
Q95TJ9	1	U-01	melanogaster	D. melanogaster
Q95TS5	1	U-01	melanogaster	D. melanogaster
Q95U54	1	U-01	melanogaster	D. melanogaster
Q95UN8	1	U-01	melanogaster	D. melanogaster
Q95V55	1	U-01	melanogaster	D. melanogaster
Q9VTW2	1	U-01	melanogaster	D. melanogaster
Q9VTX7	1	U-01	melanogaster	D. melanogaster
Q9VTY6	1	U-01	melanogaster	D. melanogaster
Q9VTY8	1	U-01	melanogaster	D. melanogaster
Q9VTZ0	1	U-01	melanogaster	D. melanogaster
Q9VTZ1	1	U-01	melanogaster	D. melanogaster
Q9VTZ2	1	U-01	melanogaster	D. melanogaster
Q9VTZ5	2	U-02	melanogaster	D. melanogaster
Q9VU01	1	U-01	melanogaster	D. melanogaster
Q9VU02	1	U-01	melanogaster	D. melanogaster
Q9VU08	1	U-01	melanogaster	D. melanogaster
Q9VU14	1	U-01	melanogaster	D. melanogaster
Q9VU41	1	U-01	melanogaster	D. melanogaster
Q9VU68	1	U-01	melanogaster	D. melanogaster
Q9VU77	1	U-01	melanogaster	D. melanogaster
Q9VU84	1	U-01	melanogaster	D. melanogaster
Q9VU87	1	U-01	melanogaster	D. melanogaster
Q9VUB5	1	U-01	melanogaster	D. melanogaster
Q9VUC1	1	U-01	melanogaster	D. melanogaster
Q9VUC6	1	U-01	melanogaster	D. melanogaster
Q9VUC7	1	U-01	melanogaster	D. melanogaster
Q9VUG1	2	U-02	melanogaster	D. melanogaster
Q9VUH6	1	U-01	melanogaster	D. melanogaster
Q9VUH8	1	U-01	melanogaster	D. melanogaster
Q9VUI3	1	U-01	melanogaster	D. melanogaster
Q9VUJ1	1	U-01	melanogaster	D. melanogaster
Q9VUK8	1	U-01	melanogaster	D. melanogaster
Q9VUN0	2	U-02	melanogaster	D. melanogaster
Q9VUQ5	1	U-01	melanogaster	D. melanogaster
Q9VUQ9	1	U-01	melanogaster	D. melanogaster
Q9VUR1	1	U-01	melanogaster	D. melanogaster
Q9VUT6	2	U-02	melanogaster	D. melanogaster
Q9VUU4	1	U-01	melanogaster	D. melanogaster
Q9VUV9	1	U-01	melanogaster	D. melanogaster
Q9VUW9	3	U-03	melanogaster	D. melanogaster
Q9VUX2	1	U-01	melanogaster	D. melanogaster
Q9VUX3	2	U-02	melanogaster	D. melanogaster
Q9VUX6	0	unassigned	melanogaster	D. melanogaster
Q9VUX7	0	unassigned	melanogaster	D. melanogaster
A8DYU1	1	U-01	melanogaster	D. melanogaster
A8DYU2	1	U-01	melanogaster	D. melanogaster
A8DYU3	1	U-01	melanogaster	D. melanogaster
A8DYU8	3	U-03	melanogaster	D. melanogaster
A8DYW1	1	U-01	melanogaster	D. melanogaster
A8DYY3	1	U-01	melanogaster	D. melanogaster
A8DZ06	2	U-02	melanogaster	D. melanogaster
A8DZ09	1	U-01	melanogaster	D. melanogaster
A8DZ10	1	U-01	melanogaster	D. melanogaster
A8DZ15	2	U-02	melanogaster	D. melanogaster
A8DZ24	1	U-01	melanogaster	D. melanogaster
A8DZ25	1	U-01	melanogaster	D. melanogaster
A8DZ27	2	U-02	melanogaster	D. melanogaster
A8DZ28	2	U-02	melanogaster	D. melanogaster
A8JMD5	1	U-01	melanogaster	D. melanogaster
A8JNG6	2	U-02	melanogaster	D. melanogaster
A8JNI2	1	U-01	melanogaster	D. melanogaster
A8JNI7	3	U-03	melanogaster	D. melanogaster
A8JNI9	0	unassigned	melanogaster	D. melanogaster
A8JNJ7	0	unassigned	melanogaster	D. melanogaster
A8JNJ8	1	U-01	melanogaster	D. melanogaster
A8JNL9	0	unassigned	melanogaster	D. melanogaster
A8JNM0	1	U-01	melanogaster	D. melanogaster
A8JNM1	1	U-01	melanogaster	D. melanogaster
A8JNN4	1	U-01	melanogaster	D. melanogaster
A8JNN5	1	U-01	melanogaster	D. melanogaster
A8JNN6	2	U-02	melanogaster	D. melanogaster
A8JNN8	2	U-02	melanogaster	D. melanogaster
A8JNN9	2	U-02	melanogaster	D. melanogaster
A8JNQ0	1	U-01	melanogaster	D. melanogaster
A8JNQ1	1	U-01	melanogaster	D. melanogaster
A8JNQ3	1	U-01	melanogaster	D. melanogaster
A8JNR2	1	U-01	melanogaster	D. melanogaster
A8JNR3	1	U-01	melanogaster	D. melanogaster
A8JNT0	3	U-03	melanogaster	D. melanogaster
A8JNT1	3	U-03	melanogaster	D. melanogaster
A8JNT2	2	U-02	melanogaster	D. melanogaster
A8JNT7	1	U-01	melanogaster	D. melanogaster
A8JNX0	1	U-01	melanogaster	D. melanogaster
A8JPJ8	2	U-02	melanogaster	D. melanogaster
A8JPQ1	2	U-02	melanogaster	D. melanogaster
A8JPX0	1	U-01	melanogaster	D. melanogaster
A8JQ70	1	U-01	melanogaster	D. melanogaster
A8JQT3	1	U-01	melanogaster	D. melanogaster
A8JQU1	3	U-03	melanogaster	D. melanogaster
A8JQU5	1	U-01	melanogaster	D. melanogaster
A8JQV1	1	U-01	melanogaster	D. melanogaster
A8JQV2	1	U-01	melanogaster	D. melanogaster
A8JQV3	1	U-01	melanogaster	D. melanogaster
A8JQW3	1	U-01	melanogaster	D. melanogaster
A8JQX6	0	unassigned	melanogaster	D. melanogaster
A8JQY2	1	U-01	melanogaster	D. melanogaster
A8JQY4	2	U-02	melanogaster	D. melanogaster
A8JQY7	3	U-03	melanogaster	D. melanogaster
A8JR00	1	U-01	melanogaster	D. melanogaster
A8JR01	1	U-01	melanogaster	D. melanogaster
A8JR02	1	U-01	melanogaster	D. melanogaster
A8JR03	1	U-01	melanogaster	D. melanogaster
A8JR25	2	U-02	melanogaster	D. melanogaster
A8JR37	2	U-02	melanogaster	D. melanogaster
A8JR58	1	U-01	melanogaster	D. melanogaster
A8JR69	1	U-01	melanogaster	D. melanogaster
A8JR74	1	U-01	melanogaster	D. melanogaster
A8JR89	1	U-01	melanogaster	D. melanogaster
A8JR95	1	U-01	melanogaster	D. melanogaster
A8JRA0	2	U-02	melanogaster	D. melanogaster
A8JRC3	2	U-02	melanogaster	D. melanogaster
A8JRC8	2	U-02	melanogaster	D. melanogaster
A8JRD1	2	U-02	melanogaster	D. melanogaster
A8JRD7	2	U-02	melanogaster	D. melanogaster
A8JRE1	2	U-02	melanogaster	D. melanogaster
M9PEL3	1	U-01	melanogaster	D. melanogaster
M9PEM0	1	U-01	melanogaster	D. melanogaster
M9PEM4	1	U-01	melanogaster	D. melanogaster
M9PEM5	2	U-02	melanogaster	D. melanogaster
M9PEP1	1	U-01	melanogaster	D. melanogaster
M9PEP7	2	U-02	melanogaster	D. melanogaster
M9PEP9	1	U-01	melanogaster	D. melanogaster
M9PEQ6	1	U-01	melanogaster	D. melanogaster
M9PER0	0	unassigned	melanogaster	D. melanogaster
M9PER2	2	U-02	melanogaster	D. melanogaster
M9PER6	0	unassigned	melanogaster	D. melanogaster
M9PES4	2	U-02	melanogaster	D. melanogaster
M9PES5	1	U-01	melanogaster	D. melanogaster
M9PES9	1	U-01	melanogaster	D. melanogaster
M9PET1	0	unassigned	melanogaster	D. melanogaster
M9PET2	1	U-01	melanogaster	D. melanogaster
M9PEU1	3	U-03	melanogaster	D. melanogaster
M9PEU5	1	U-01	melanogaster	D. melanogaster
M9PEU6	1	U-01	melanogaster	D. melanogaster
M9PEV1	2	U-02	melanogaster	D. melanogaster
M9PEV2	1	U-01	melanogaster	D. melanogaster
M9PEW6	2	U-02	melanogaster	D. melanogaster
M9PEW7	3	U-03	melanogaster	D. melanogaster
M9PEX0	2	U-02	melanogaster	D. melanogaster
M9PEX2	1	U-01	melanogaster	D. melanogaster
M9PEX7	1	U-01	melanogaster	D. melanogaster
M9PEY4	1	U-01	melanogaster	D. melanogaster
M9PEZ4	1	U-01	melanogaster	D. melanogaster
M9PF03	0	unassigned	melanogaster	D. melanogaster
Q9W4B6	3	U-03	melanogaster	D. melanogaster
Q9W4B7	2	U-02	melanogaster	D. melanogaster
Q9W4C1	1	U-01	melanogaster	D. melanogaster
Q9W4D4	1	U-01	melanogaster	D. melanogaster
Q9W4D8	1	U-01	melanogaster	D. melanogaster
Q9W4E0	1	U-01	melanogaster	D. melanogaster
Q9W4E1	2	U-02	melanogaster	D. melanogaster
Q9W4E5	1	U-01	melanogaster	D. melanogaster
Q9W4F3	1	U-01	melanogaster	D. melanogaster
Q9W4F8	1	U-01	melanogaster	D. melanogaster
Q9W4G4	1	U-01	melanogaster	D. melanogaster
Q9W4G5	1	U-01	melanogaster	D. melanogaster
Q9W4G8	1	U-01	melanogaster	D. melanogaster
Q9W4G9	1	U-01	melanogaster	D. melanogaster
Q9W4H1	1	U-01	melanogaster	D. melanogaster
Q9W4I1	1	U-01	melanogaster	D. melanogaster
Q9W4I6	1	U-01	melanogaster	D. melanogaster
Q9W4J2	1	U-01	melanogaster	D. melanogaster
Q9W4J3	1	U-01	melanogaster	D. melanogaster
Q9W4J4	1	U-01	melanogaster	D. melanogaster
Q9W4J6	1	U-01	melanogaster	D. melanogaster
Q9W4J7	1	U-01	melanogaster	D. melanogaster
Q9W4L0	1	U-01	melanogaster	D. melanogaster
Q9W4L4	1	U-01	melanogaster	D. melanogaster
Q9W4L5	1	U-01	melanogaster	D. melanogaster
Q9W4L6	1	U-01	melanogaster	D. melanogaster
Q9W4L7	1	U-01	melanogaster	D. melanogaster
M9MSL3	1	U-01	melanogaster	D. melanogaster
M9MSL4	0	unassigned	melanogaster	D. melanogaster
M9MSM5	1	U-01	melanogaster	D. melanogaster
M9MSM6	1	U-01	melanogaster	D. melanogaster
M9MSP1	0	unassigned	melanogaster	D. melanogaster
M9MSP2	0	unassigned	melanogaster	D. melanogaster
M9MSP3	0	unassigned	melanogaster	D. melanogaster
M9MSP4	0	unassigned	melanogaster	D. melanogaster
M9MSP5	0	unassigned	melanogaster	D. melanogaster
M9MSP6	0	unassigned	melanogaster	D. melanogaster
M9MSP7	0	unassigned	melanogaster	D. melanogaster
M9MSP9	0	unassigned	melanogaster	D. melanogaster
M9MSQ0	0	unassigned	melanogaster	D. melanogaster
M9NCR4	1	U-01	melanogaster	D. melanogaster
M9NCT2	1	U-01	melanogaster	D. melanogaster
M9NCU7	0	unassigned	melanogaster	D. melanogaster
M9NCY5	1	U-01	melanogaster	D. melanogaster
M9ND00	1	U-01	melanogaster	D. melanogaster
M9ND25	2	U-02	melanogaster	D. melanogaster
M9ND42	1	U-01	melanogaster	D. melanogaster
M9ND44	1	U-01	melanogaster	D. melanogaster
M9ND53	1	U-01	melanogaster	D. melanogaster
M9ND66	1	U-01	melanogaster	D. melanogaster
M9ND74	1	U-01	melanogaster	D. melanogaster
M9ND89	0	unassigned	melanogaster	D. melanogaster
M9ND93	0	unassigned	melanogaster	D. melanogaster
M9ND95	0	unassigned	melanogaster	D. melanogaster
M9NDA1	0	unassigned	melanogaster	D. melanogaster
M9NDB7	1	U-01	melanogaster	D. melanogaster
M9NDE3	2	U-02	melanogaster	D. melanogaster
M9NDF9	1	U-01	melanogaster	D. melanogaster
M9NDH6	1	U-01	melanogaster	D. melanogaster
M9NDI2	1	U-01	melanogaster	D. melanogaster
M9NDL5	2	U-02	melanogaster	D. melanogaster
M9NDL9	1	U-01	melanogaster	D. melanogaster
M9NDM1	2	U-02	melanogaster	D. melanogaster
M9NDM3	1	U-01	melanogaster	D. melanogaster
M9NDN0	1	U-01	melanogaster	D. melanogaster
M9NDQ2	1	U-01	melanogaster	D. melanogaster
M9NDS8	0	unassigned	melanogaster	D. melanogaster
M9NDS9	1	U-01	melanogaster	D. melanogaster
M9NDU6	1	U-01	melanogaster	D. melanogaster
M9NDX0	0	unassigned	melanogaster	D. melanogaster
M9NDZ1	1	U-01	melanogaster	D. melanogaster
M9NE16	1	U-01	melanogaster	D. melanogaster
M9NE24	1	U-01	melanogaster	D. melanogaster
M9NE54	1	U-01	melanogaster	D. melanogaster
M9NE56	2	U-02	melanogaster	D. melanogaster
M9NE61	2	U-02	melanogaster	D. melanogaster
M9NE63	1	U-01	melanogaster	D. melanogaster
M9NE82	2	U-02	melanogaster	D. melanogaster
M9NEB2	0	unassigned	melanogaster	D. melanogaster
M9NEE2	3	U-03	melanogaster	D. melanogaster
M9NEE8	1	U-01	melanogaster	D. melanogaster
M9NEF2	1	U-01	melanogaster	D. melanogaster
M9NEG1	1	U-01	melanogaster	D. melanogaster
M9NEG4	0	unassigned	melanogaster	D. melanogaster
M9NEI4	1	U-01	melanogaster	D. melanogaster
M9NEL3	1	U-01	melanogaster	D. melanogaster
M9NEP1	0	unassigned	melanogaster	D. melanogaster
M9NER8	1	U-01	melanogaster	D. melanogaster
M9NES6	2	U-02	melanogaster	D. melanogaster
M9NET2	2	U-02	melanogaster	D. melanogaster
M9NEW2	1	U-01	melanogaster	D. melanogaster
M9NEY8	1	U-01	melanogaster	D. melanogaster
M9NEZ2	1	U-01	melanogaster	D. melanogaster
M9NF07	1	U-01	melanogaster	D. melanogaster
M9NF10	1	U-01	melanogaster	D. melanogaster
M9NF14	1	U-01	melanogaster	D. melanogaster
M9NF16	1	U-01	melanogaster	D. melanogaster
M9NF25	3	U-03	melanogaster	D. melanogaster
M9NF26	2	U-02	melanogaster	D. melanogaster
M9NF46	0	unassigned	melanogaster	D. melanogaster
A1Z7X5	1	U-01	melanogaster	D. melanogaster
M9MRV8	1	U-01	melanogaster	D. melanogaster
M9MRV9	1	U-01	melanogaster	D. melanogaster
M9MRW3	1	U-01	melanogaster	D. melanogaster
M9MRW6	1	U-01	melanogaster	D. melanogaster
M9MRW7	1	U-01	melanogaster	D. melanogaster
M9MRW9	3	U-03	melanogaster	D. melanogaster
M9MRX2	1	U-01	melanogaster	D. melanogaster
M9MRX3	0	unassigned	melanogaster	D. melanogaster
M9MRY2	1	U-01	melanogaster	D. melanogaster
M9MRY5	1	U-01	melanogaster	D. melanogaster
M9MRY7	1	U-01	melanogaster	D. melanogaster
M9MS03	1	U-01	melanogaster	D. melanogaster
M9MS08	2	U-02	melanogaster	D. melanogaster
M9MS21	2	U-02	melanogaster	D. melanogaster
M9MS27	3	U-03	melanogaster	D. melanogaster
M9MS30	1	U-01	melanogaster	D. melanogaster
M9MS32	2	U-02	melanogaster	D. melanogaster
M9MS34	1	U-01	melanogaster	D. melanogaster
M9MS46	1	U-01	melanogaster	D. melanogaster
M9MS52	1	U-01	melanogaster	D. melanogaster
M9MS63	1	U-01	melanogaster	D. melanogaster
M9MS64	1	U-01	melanogaster	D. melanogaster
M9MS68	2	U-02	melanogaster	D. melanogaster
M9MS77	1	U-01	melanogaster	D. melanogaster
M9MS81	2	U-02	melanogaster	D. melanogaster
M9MSA8	1	U-01	melanogaster	D. melanogaster
M9MSF4	1	U-01	melanogaster	D. melanogaster
M9MSF5	2	U-02	melanogaster	D. melanogaster
M9MSF6	1	U-01	melanogaster	D. melanogaster
M9MSF9	2	U-02	melanogaster	D. melanogaster
M9MSG2	1	U-01	melanogaster	D. melanogaster
M9MSH2	1	U-01	melanogaster	D. melanogaster
M9MSH6	1	U-01	melanogaster	D. melanogaster
M9MSI1	1	U-01	melanogaster	D. melanogaster
M9MSI3	1	U-01	melanogaster	D. melanogaster
M9MSI4	2	U-02	melanogaster	D. melanogaster
M9MSI7	1	U-01	melanogaster	D. melanogaster
M9MSJ3	1	U-01	melanogaster	D. melanogaster
M9MSJ7	1	U-01	melanogaster	D. melanogaster
M9MSK4	0	unassigned	melanogaster	D. melanogaster
M9MSL6	1	U-01	melanogaster	D. melanogaster
M9MSL8	3	U-03	melanogaster	D. melanogaster
M9MSL9	3	U-03	melanogaster	D. melanogaster
M9MSM0	1	U-01	melanogaster	D. melanogaster
M9MSP0	1	U-01	melanogaster	D. melanogaster
M9MSQ1	1	U-01	melanogaster	D. melanogaster
M9NCP5	1	U-01	melanogaster	D. melanogaster
M9NCQ5	1	U-01	melanogaster	D. melanogaster
M9NCS3	0	unassigned	melanogaster	D. melanogaster
M9NCS5	2	U-02	melanogaster	D. melanogaster
M9NCT0	3	U-03	melanogaster	D. melanogaster
M9NCT1	1	U-01	melanogaster	D. melanogaster
M9NCT6	1	U-01	melanogaster	D. melanogaster
M9NCU2	1	U-01	melanogaster	D. melanogaster
M9ND06	3	U-03	melanogaster	D. melanogaster
M9ND13	1	U-01	melanogaster	D. melanogaster
M9ND14	1	U-01	melanogaster	D. melanogaster
M9ND23	2	U-02	melanogaster	D. melanogaster
M9ND24	1	U-01	melanogaster	D. melanogaster
M9ND35	1	U-01	melanogaster	D. melanogaster
M9ND39	1	U-01	melanogaster	D. melanogaster
M9ND52	3	U-03	melanogaster	D. melanogaster
M9ND54	1	U-01	melanogaster	D. melanogaster
M9ND79	1	U-01	melanogaster	D. melanogaster
M9ND82	0	unassigned	melanogaster	D. melanogaster
M9ND83	1	U-01	melanogaster	D. melanogaster
M9ND90	2	U-02	melanogaster	D. melanogaster
M9ND94	1	U-01	melanogaster	D. melanogaster
M9ND97	1	U-01	melanogaster	D. melanogaster
M9NDA2	1	U-01	melanogaster	D. melanogaster
M9NDA3	1	U-01	melanogaster	D. melanogaster
M9NDC5	2	U-02	melanogaster	D. melanogaster
M9NDD0	3	U-03	melanogaster	D. melanogaster
M9NDE2	1	U-01	melanogaster	D. melanogaster
M9NDE4	1	U-01	melanogaster	D. melanogaster
M9NDE7	2	U-02	melanogaster	D. melanogaster
M9NDF3	2	U-02	melanogaster	D. melanogaster
M9NDF8	3	U-03	melanogaster	D. melanogaster
M9NDG3	1	U-01	melanogaster	D. melanogaster
M9NDG9	2	U-02	melanogaster	D. melanogaster
M9NDH0	1	U-01	melanogaster	D. melanogaster
M9NDH2	1	U-01	melanogaster	D. melanogaster
M9NDI7	1	U-01	melanogaster	D. melanogaster
M9NDJ2	1	U-01	melanogaster	D. melanogaster
M9NDL3	1	U-01	melanogaster	D. melanogaster
M9NDL7	1	U-01	melanogaster	D. melanogaster
M9NDM9	1	U-01	melanogaster	D. melanogaster
M9NDN6	1	U-01	melanogaster	D. melanogaster
M9NDN9	1	U-01	melanogaster	D. melanogaster
M9NDP4	2	U-02	melanogaster	D. melanogaster
M9NDP7	1	U-01	melanogaster	D. melanogaster
M9NDP9	1	U-01	melanogaster	D. melanogaster
M9NDQ6	1	U-01	melanogaster	D. melanogaster
M9NDR0	1	U-01	melanogaster	D. melanogaster
M9NDR1	1	U-01	melanogaster	D. melanogaster
M9NDS2	2	U-02	melanogaster	D. melanogaster
M9NDS6	1	U-01	melanogaster	D. melanogaster
Q8INX9	1	U-01	melanogaster	D. melanogaster
Q8INY2	3	U-03	melanogaster	D. melanogaster
M9PC25	1	U-01	melanogaster	D. melanogaster
M9PC35	1	U-01	melanogaster	D. melanogaster
M9PC56	2	U-02	melanogaster	D. melanogaster
M9PC64	1	U-01	melanogaster	D. melanogaster
M9PC72	1	U-01	melanogaster	D. melanogaster
M9PC77	1	U-01	melanogaster	D. melanogaster
M9PC80	1	U-01	melanogaster	D. melanogaster
M9PC88	1	U-01	melanogaster	D. melanogaster
M9PC92	3	U-03	melanogaster	D. melanogaster
M9PC95	3	U-03	melanogaster	D. melanogaster
M9PCA0	2	U-02	melanogaster	D. melanogaster
M9PCA2	1	U-01	melanogaster	D. melanogaster
M9PCA6	2	U-02	melanogaster	D. melanogaster
M9PCA7	3	U-03	melanogaster	D. melanogaster
M9PCC6	1	U-01	melanogaster	D. melanogaster
M9PCC7	3	U-03	melanogaster	D. melanogaster
M9PCE0	1	U-01	melanogaster	D. melanogaster
M9PCE6	3	U-03	melanogaster	D. melanogaster
M9PCE8	2	U-02	melanogaster	D. melanogaster
M9PCF0	3	U-03	melanogaster	D. melanogaster
M9PCG1	1	U-01	melanogaster	D. melanogaster
M9PCH6	2	U-02	melanogaster	D. melanogaster
M9PCI8	2	U-02	melanogaster	D. melanogaster
M9PCM4	1	U-01	melanogaster	D. melanogaster
M9PCN0	0	unassigned	melanogaster	D. melanogaster
M9PCN5	0	unassigned	melanogaster	D. melanogaster
M9PCQ8	1	U-01	melanogaster	D. melanogaster
M9PCT2	3	U-03	melanogaster	D. melanogaster
M9PCT7	1	U-01	melanogaster	D. melanogaster
M9PCU4	1	U-01	melanogaster	D. melanogaster
M9PCV1	2	U-02	melanogaster	D. melanogaster
M9PCW8	3	U-03	melanogaster	D. melanogaster
M9PCX4	1	U-01	melanogaster	D. melanogaster
M9PCX7	1	U-01	melanogaster	D. melanogaster
M9PD08	1	U-01	melanogaster	D. melanogaster
M9PD18	1	U-01	melanogaster	D. melanogaster
M9PD27	1	U-01	melanogaster	D. melanogaster
M9PD57	1	U-01	melanogaster	D. melanogaster
M9PD70	2	U-02	melanogaster	D. melanogaster
M9PD73	2	U-02	melanogaster	D. melanogaster
M9PD75	1	U-01	melanogaster	D. melanogaster
M9PD86	1	U-01	melanogaster	D. melanogaster
M9PDA0	1	U-01	melanogaster	D. melanogaster
M9PDB2	1	U-01	melanogaster	D. melanogaster
M9PDF5	1	U-01	melanogaster	D. melanogaster
M9PDF6	2	U-02	melanogaster	D. melanogaster
M9PDG3	1	U-01	melanogaster	D. melanogaster
M9PDG7	3	U-03	melanogaster	D. melanogaster
M9PDI0	1	U-01	melanogaster	D. melanogaster
M9PDI3	1	U-01	melanogaster	D. melanogaster
M9PDI8	1	U-01	melanogaster	D. melanogaster
M9PDI9	1	U-01	melanogaster	D. melanogaster
M9PDJ1	1	U-01	melanogaster	D. melanogaster
M9PDJ7	0	unassigned	melanogaster	D. melanogaster
M9PDK3	1	U-01	melanogaster	D. melanogaster
M9PDL4	1	U-01	melanogaster	D. melanogaster
M9PDM5	1	U-01	melanogaster	D. melanogaster
M9PDP1	3	U-03	melanogaster	D. melanogaster
M9PDQ7	1	U-01	melanogaster	D. melanogaster
M9PDR5	1	U-01	melanogaster	D. melanogaster
Q8IQ56	3	U-03	melanogaster	D. melanogaster
Q8IQ62	1	U-01	melanogaster	D. melanogaster
Q8IQ73	0	unassigned	melanogaster	D. melanogaster
Q8IQ85	1	U-01	melanogaster	D. melanogaster
Q8IQ89	0	unassigned	melanogaster	D. melanogaster
Q8IQ92	1	U-01	melanogaster	D. melanogaster
Q8IQA8	2	U-02	melanogaster	D. melanogaster
Q8IQA9	2	U-02	melanogaster	D. melanogaster
Q8IQB4	1	U-01	melanogaster	D. melanogaster
Q8IQC6	1	U-01	melanogaster	D. melanogaster
Q8IQD4	3	U-03	melanogaster	D. melanogaster
Q8IQD6	3	U-03	melanogaster	D. melanogaster
Q8IQE9	1	U-01	melanogaster	D. melanogaster
Q8IQF9	1	U-01	melanogaster	D. melanogaster
Q8IQG3	3	U-03	melanogaster	D. melanogaster
Q8IQK0	1	U-01	melanogaster	D. melanogaster
Q8IQK1	1	U-01	melanogaster	D. melanogaster
Q8IQM3	1	U-01	melanogaster	D. melanogaster
Q8IQN2	3	U-03	melanogaster	D. melanogaster
Q8IQN9	3	U-03	melanogaster	D. melanogaster
Q8IQP1	1	U-01	melanogaster	D. melanogaster
Q8IQP2	1	U-01	melanogaster	D. melanogaster
Q8IQQ0	1	U-01	melanogaster	D. melanogaster
Q8IQQ9	1	U-01	melanogaster	D. melanogaster
Q8IQS7	2	U-02	melanogaster	D. melanogaster
Q8IQU1	2	U-02	melanogaster	D. melanogaster
Q8IQV0	1	U-01	melanogaster	D. melanogaster
Q8IQV1	1	U-01	melanogaster	D. melanogaster
Q8IQW0	1	U-01	melanogaster	D. melanogaster
Q8IQW2	1	U-01	melanogaster	D. melanogaster
Q8IQW5	1	U-01	melanogaster	D. melanogaster
Q8IQW6	0	unassigned	melanogaster	D. melanogaster
Q8IQX8	1	U-01	melanogaster	D. melanogaster
Q8IQZ1	1	U-01	melanogaster	D. melanogaster
Q8IQZ7	1	U-01	melanogaster	D. melanogaster
Q8IR13	1	U-01	melanogaster	D. melanogaster
Q8IR16	1	U-01	melanogaster	D. melanogaster
Q8IR25	1	U-01	melanogaster	D. melanogaster
Q8IR26	1	U-01	melanogaster	D. melanogaster
Q8IR31	1	U-01	melanogaster	D. melanogaster
A0A4P7VAA3	1	U-01	melanogaster	D. melanogaster
A0A4P7VLH6	1	U-01	melanogaster	D. melanogaster
A0A4V1D188	0	unassigned	melanogaster	D. melanogaster
A0A4W0WZA6	1	U-01	melanogaster	D. melanogaster
A0A6F7TBF5	2	U-02	melanogaster	D. melanogaster
A0A6F7UCJ3	1	U-01	melanogaster	D. melanogaster
A0A6H2EDG9	1	U-01	melanogaster	D. melanogaster
A0A6H2EDJ9	1	U-01	melanogaster	D. melanogaster
A0A6H2EDK0	1	U-01	melanogaster	D. melanogaster
A0A6H2EDQ6	1	U-01	melanogaster	D. melanogaster
A0A6H2EE55	1	U-01	melanogaster	D. melanogaster
A0A6H2EE94	1	U-01	melanogaster	D. melanogaster
A0A6H2EED7	3	U-03	melanogaster	D. melanogaster
A0A6H2EEF7	2	U-02	melanogaster	D. melanogaster
A0A6H2EEJ8	0	unassigned	melanogaster	D. melanogaster
A0A6H2EEL7	1	U-01	melanogaster	D. melanogaster
A0A6H2EF03	2	U-02	melanogaster	D. melanogaster
A0A6H2EF74	1	U-01	melanogaster	D. melanogaster
A0A6H2EFK9	1	U-01	melanogaster	D. melanogaster
A0A6H2EFP8	1	U-01	melanogaster	D. melanogaster
A0A6H2EFR6	1	U-01	melanogaster	D. melanogaster
A0A6H2EFZ8	1	U-01	melanogaster	D. melanogaster
A0A6H2EGA2	1	U-01	melanogaster	D. melanogaster
A0A6H2EGE0	0	unassigned	melanogaster	D. melanogaster
A0A6H2EHB2	1	U-01	melanogaster	D. melanogaster
A0A6H2EHD4	1	U-01	melanogaster	D. melanogaster
A0A6H2EI14	1	U-01	melanogaster	D. melanogaster
A0A6H2EI34	1	U-01	melanogaster	D. melanogaster
A0A6H2EIG2	2	U-02	melanogaster	D. melanogaster
A0A6H2EIL3	3	U-03	melanogaster	D. melanogaster
A0A6H2EJ23	1	U-01	melanogaster	D. melanogaster
A0A6H2EJE4	1	U-01	melanogaster	D. melanogaster
A0A6H2EJX8	1	U-01	melanogaster	D. melanogaster
A0A6M3Q6E2	1	U-01	melanogaster	D. melanogaster
A0A6M3Q6F3	1	U-01	melanogaster	D. melanogaster
A0A6M3Q6L9	2	U-02	melanogaster	D. melanogaster
A0A6M3Q719	1	U-01	melanogaster	D. melanogaster
A0A6M3Q7P0	1	U-01	melanogaster	D. melanogaster
A0A6M3Q7P3	1	U-01	melanogaster	D. melanogaster
A0A6M3Q7Q6	2	U-02	melanogaster	D. melanogaster
A0A6M3Q7S6	1	U-01	melanogaster	D. melanogaster
A0A6M3Q7V9	1	U-01	melanogaster	D. melanogaster
A0A6M3Q7W0	1	U-01	melanogaster	D. melanogaster
A0A6M3Q7W5	0	unassigned	melanogaster	D. melanogaster
A0A6M3Q891	1	U-01	melanogaster	D. melanogaster
A0A6M3Q8D7	1	U-01	melanogaster	D. melanogaster
A0A6M3Q8N2	1	U-01	melanogaster	D. melanogaster
A0A6M3Q933	1	U-01	melanogaster	D. melanogaster
A0A6M3Q9B5	0	unassigned	melanogaster	D. melanogaster
A0A6M3Q9R8	1	U-01	melanogaster	D. melanogaster
A0A6M3QAV0	3	U-03	melanogaster	D. melanogaster
A0A6M3QB51	1	U-01	melanogaster	D. melanogaster
A0A6M3QGN8	1	U-01	melanogaster	D. melanogaster
A0A6M3QGX6	1	U-01	melanogaster	D. melanogaster
A0A6M3QH15	0	unassigned	melanogaster	D. melanogaster
A0A6M3QHD9	1	U-01	melanogaster	D. melanogaster
A0A6M3QHJ5	1	U-01	melanogaster	D. melanogaster
A0A6M3QHP2	1	U-01	melanogaster	D. melanogaster
A0A9F2H0X0	1	U-01	melanogaster	D. melanogaster
A0A9F2H0X9	1	U-01	melanogaster	D. melanogaster
A0A9F2H0Z1	1	U-01	melanogaster	D. melanogaster
A0ACD4DAN3	1	U-01	melanogaster	D. melanogaster
A0ACD4DAN4	1	U-01	melanogaster	D. melanogaster
A0ACD4DAQ4	1	U-01	melanogaster	D. melanogaster
A0ACD4DAS2	1	U-01	melanogaster	D. melanogaster
A0ACD4DAS6	1	U-01	melanogaster	D. melanogaster
A0ACD4DAU2	1	U-01	melanogaster	D. melanogaster
A0ACD4DAU6	1	U-01	melanogaster	D. melanogaster
A0ACD4DAW4	1	U-01	melanogaster	D. melanogaster
A0ACD4DB37	1	U-01	melanogaster	D. melanogaster
A0ACM8PXI0	1	U-01	melanogaster	D. melanogaster
A0ACM8PXJ4	1	U-01	melanogaster	D. melanogaster
A0ACM8PXK9	1	U-01	melanogaster	D. melanogaster
A0ACM8PXL1	1	U-01	melanogaster	D. melanogaster
A0ACM8PXL2	3	U-03	melanogaster	D. melanogaster
A0ACM8PXP1	1	U-01	melanogaster	D. melanogaster
A0ACM8PXP5	1	U-01	melanogaster	D. melanogaster
A0ACM8PXQ3	2	U-02	melanogaster	D. melanogaster
A0ACM8PXS1	1	U-01	melanogaster	D. melanogaster
A0ACM8PXS8	1	U-01	melanogaster	D. melanogaster
A0ACM8PXW1	1	U-01	melanogaster	D. melanogaster
A0ACM8PY27	1	U-01	melanogaster	D. melanogaster
A0ACM8PY42	1	U-01	melanogaster	D. melanogaster
A0ACM8PY47	2	U-02	melanogaster	D. melanogaster
A0ACM8PY84	0	unassigned	melanogaster	D. melanogaster
A0ACM8PY91	1	U-01	melanogaster	D. melanogaster
A0ACM8PY93	1	U-01	melanogaster	D. melanogaster
A0ACM8PY95	1	U-01	melanogaster	D. melanogaster
A0ACM8PY97	2	U-02	melanogaster	D. melanogaster
A0ACM8PY98	1	U-01	melanogaster	D. melanogaster
A0ACM8PYC6	1	U-01	melanogaster	D. melanogaster
A0ACM8PYE3	3	U-03	melanogaster	D. melanogaster
A0ACM8PYF2	2	U-02	melanogaster	D. melanogaster
B7YZH2	1	U-01	melanogaster	D. melanogaster
B7YZH7	1	U-01	melanogaster	D. melanogaster
B7YZH8	1	U-01	melanogaster	D. melanogaster
B7YZI3	1	U-01	melanogaster	D. melanogaster
B7YZJ3	1	U-01	melanogaster	D. melanogaster
B7YZK1	1	U-01	melanogaster	D. melanogaster
B7YZK3	1	U-01	melanogaster	D. melanogaster
Q9VBQ6	1	U-01	melanogaster	D. melanogaster
Q9VBQ9	1	U-01	melanogaster	D. melanogaster
Q9VBU2	1	U-01	melanogaster	D. melanogaster
Q9VBV8	3	U-03	melanogaster	D. melanogaster
Q9VBY6	1	U-01	melanogaster	D. melanogaster
Q9VC05	1	U-01	melanogaster	D. melanogaster
Q9VC10	2	U-02	melanogaster	D. melanogaster
Q9VC18	1	U-01	melanogaster	D. melanogaster
Q9VC36	1	U-01	melanogaster	D. melanogaster
Q9VC49	1	U-01	melanogaster	D. melanogaster
Q9VC58	1	U-01	melanogaster	D. melanogaster
A0A0B4KHT0	1	U-01	melanogaster	D. melanogaster
A0A0B4KHT2	1	U-01	melanogaster	D. melanogaster
A0A0B4KHV5	1	U-01	melanogaster	D. melanogaster
A0A0B4KHW0	1	U-01	melanogaster	D. melanogaster
A0A0B4KHW6	1	U-01	melanogaster	D. melanogaster
A0A0B4KHW9	2	U-02	melanogaster	D. melanogaster
A0A0B4KHZ1	3	U-03	melanogaster	D. melanogaster
A0A0B4KHZ8	1	U-01	melanogaster	D. melanogaster
A0A0B4KI08	1	U-01	melanogaster	D. melanogaster
A0A0B4KI19	1	U-01	melanogaster	D. melanogaster
A0A0B4KI25	2	U-02	melanogaster	D. melanogaster
A0A0B4KI35	2	U-02	melanogaster	D. melanogaster
A0A0B4KI65	2	U-02	melanogaster	D. melanogaster
A0A0B4KI69	1	U-01	melanogaster	D. melanogaster
A0A0B4LEF9	1	U-01	melanogaster	D. melanogaster
A0A0B4LEG2	1	U-01	melanogaster	D. melanogaster
A0A0B4LEN8	0	unassigned	melanogaster	D. melanogaster
A0A0B4LEQ0	1	U-01	melanogaster	D. melanogaster
A0A0B4LET3	1	U-01	melanogaster	D. melanogaster
A0A0B4LEU0	2	U-02	melanogaster	D. melanogaster
A0A0B4LEU5	1	U-01	melanogaster	D. melanogaster
A0A0B4LEW8	0	unassigned	melanogaster	D. melanogaster
A0A0B4LEY2	3	U-03	melanogaster	D. melanogaster
A0A0B4LF06	1	U-01	melanogaster	D. melanogaster
A0A0B4LF07	2	U-02	melanogaster	D. melanogaster
A0A0B4LF14	2	U-02	melanogaster	D. melanogaster
A0A0B4LF15	1	U-01	melanogaster	D. melanogaster
A0A0B4LF16	3	U-03	melanogaster	D. melanogaster
A0A0B4LF19	1	U-01	melanogaster	D. melanogaster
A0A0B4LF37	2	U-02	melanogaster	D. melanogaster
A0A0B4LF47	1	U-01	melanogaster	D. melanogaster
A0A0B4LF50	2	U-02	melanogaster	D. melanogaster
A0A0B4LF57	1	U-01	melanogaster	D. melanogaster
A0A0B4LF60	1	U-01	melanogaster	D. melanogaster
A0A0B4LF73	1	U-01	melanogaster	D. melanogaster
A0A0B4LF79	1	U-01	melanogaster	D. melanogaster
A0A0B4LF81	0	unassigned	melanogaster	D. melanogaster
A0A0B4LF88	1	U-01	melanogaster	D. melanogaster
A0A0B4LF95	1	U-01	melanogaster	D. melanogaster
A0A0B4LFB3	1	U-01	melanogaster	D. melanogaster
A0A0B4LFD2	1	U-01	melanogaster	D. melanogaster
A0A0B4LFD4	1	U-01	melanogaster	D. melanogaster
A0A0B4LFD7	1	U-01	melanogaster	D. melanogaster
A0A0B4LFD9	1	U-01	melanogaster	D. melanogaster
A0A0B4LFE6	1	U-01	melanogaster	D. melanogaster
A0A0B4LFE7	1	U-01	melanogaster	D. melanogaster
A0A0B4LFF3	1	U-01	melanogaster	D. melanogaster
A0A0B4LFF4	3	U-03	melanogaster	D. melanogaster
A0A0B4LFF9	1	U-01	melanogaster	D. melanogaster
A0A0B4LFG4	1	U-01	melanogaster	D. melanogaster
A0A0B4LFH0	1	U-01	melanogaster	D. melanogaster
A0A0B4LFH9	2	U-02	melanogaster	D. melanogaster
A0A0B4LFI1	1	U-01	melanogaster	D. melanogaster
A0A0B4LFJ1	2	U-02	melanogaster	D. melanogaster
A0A0B4LFL2	1	U-01	melanogaster	D. melanogaster
A0A0B4LFM3	1	U-01	melanogaster	D. melanogaster
A0A0B4LFP7	1	U-01	melanogaster	D. melanogaster
A0A0B4LFQ8	1	U-01	melanogaster	D. melanogaster
A0A0B4LFR4	2	U-02	melanogaster	D. melanogaster
A0A0B4LFS2	3	U-03	melanogaster	D. melanogaster
A0A0B4LFV4	1	U-01	melanogaster	D. melanogaster
A0A0B4LFV9	1	U-01	melanogaster	D. melanogaster
A0A0B4LFW1	1	U-01	melanogaster	D. melanogaster
A0A0B4LFW8	1	U-01	melanogaster	D. melanogaster
A0A0B4LFX4	1	U-01	melanogaster	D. melanogaster
A0A0B4LFX8	1	U-01	melanogaster	D. melanogaster
A0A0B4LFY4	2	U-02	melanogaster	D. melanogaster
A0A0B4LFZ8	1	U-01	melanogaster	D. melanogaster
A0A0B4LG15	1	U-01	melanogaster	D. melanogaster
A0A0B4LG23	1	U-01	melanogaster	D. melanogaster
A0A0B4LG34	1	U-01	melanogaster	D. melanogaster
A0A0B4LG47	1	U-01	melanogaster	D. melanogaster
A0A0B4LG64	2	U-02	melanogaster	D. melanogaster
A0A0B4LG79	1	U-01	melanogaster	D. melanogaster
A0A0B4LG90	1	U-01	melanogaster	D. melanogaster
A0A0B4LG96	2	U-02	melanogaster	D. melanogaster
A0A0B4LGA2	0	unassigned	melanogaster	D. melanogaster
A0A0B4LGA3	1	U-01	melanogaster	D. melanogaster
A0A0B4LGB0	2	U-02	melanogaster	D. melanogaster
A0A0B4LGB3	1	U-01	melanogaster	D. melanogaster
A0A0B4LGC0	1	U-01	melanogaster	D. melanogaster
A0A0B4LGE6	1	U-01	melanogaster	D. melanogaster
A0A0B4LGF9	1	U-01	melanogaster	D. melanogaster
A0A0B4LGG2	1	U-01	melanogaster	D. melanogaster
E2QCL8	2	U-02	melanogaster	D. melanogaster
E2QCN0	1	U-01	melanogaster	D. melanogaster
E2QCN4	1	U-01	melanogaster	D. melanogaster
E2QCN7	1	U-01	melanogaster	D. melanogaster
E2QCU8	1	U-01	melanogaster	D. melanogaster
Q9V3K7	1	U-01	melanogaster	D. melanogaster
Q9V3L0	1	U-01	melanogaster	D. melanogaster
Q9V3L8	1	U-01	melanogaster	D. melanogaster
Q9V3M3	2	U-02	melanogaster	D. melanogaster
Q9V3M9	1	U-01	melanogaster	D. melanogaster
Q9V3N5	1	U-01	melanogaster	D. melanogaster
Q9V3N9	2	U-02	melanogaster	D. melanogaster
Q9V3P2	1	U-01	melanogaster	D. melanogaster
Q9V3P9	1	U-01	melanogaster	D. melanogaster
Q9V3Q0	1	U-01	melanogaster	D. melanogaster
Q9V3Q1	1	U-01	melanogaster	D. melanogaster
Q9V3Q7	2	U-02	melanogaster	D. melanogaster
Q9V3R0	2	U-02	melanogaster	D. melanogaster
Q9V3S7	3	U-03	melanogaster	D. melanogaster
Q9V3T3	3	U-03	melanogaster	D. melanogaster
Q9V3U1	2	U-02	melanogaster	D. melanogaster
Q9V3U3	1	U-01	melanogaster	D. melanogaster
Q9V3V9	1	U-01	melanogaster	D. melanogaster
Q9V3W2	1	U-01	melanogaster	D. melanogaster
Q9V3X2	3	U-03	melanogaster	D. melanogaster
Q9V3X3	1	U-01	melanogaster	D. melanogaster
Q9V3X8	0	unassigned	melanogaster	D. melanogaster
Q9V3Y4	3	U-03	melanogaster	D. melanogaster
Q9V3Y5	1	U-01	melanogaster	D. melanogaster
Q9V3Y7	1	U-01	melanogaster	D. melanogaster
Q9V3Z3	1	U-01	melanogaster	D. melanogaster
Q9V3Z8	1	U-01	melanogaster	D. melanogaster
Q9V3Z9	1	U-01	melanogaster	D. melanogaster
Q9V402	2	U-02	melanogaster	D. melanogaster
Q9V415	1	U-01	melanogaster	D. melanogaster
Q9V419	0	unassigned	melanogaster	D. melanogaster
Q9V420	1	U-01	melanogaster	D. melanogaster
Q9V421	2	U-02	melanogaster	D. melanogaster
Q9V430	1	U-01	melanogaster	D. melanogaster
Q9V437	1	U-01	melanogaster	D. melanogaster
Q9VIS9	0	unassigned	melanogaster	D. melanogaster
Q9VIT2	1	U-01	melanogaster	D. melanogaster
Q9VIU0	3	U-03	melanogaster	D. melanogaster
Q9VIU4	3	U-03	melanogaster	D. melanogaster
Q9VIU6	3	U-03	melanogaster	D. melanogaster
Q9VIU9	2	U-02	melanogaster	D. melanogaster
Q9VIV0	1	U-01	melanogaster	D. melanogaster
Q9VIW9	2	U-02	melanogaster	D. melanogaster
Q9VIX7	1	U-01	melanogaster	D. melanogaster
Q9VIX9	1	U-01	melanogaster	D. melanogaster
Q9VIY9	0	unassigned	melanogaster	D. melanogaster
Q9VIZ1	1	U-01	melanogaster	D. melanogaster
Q9VIZ2	1	U-01	melanogaster	D. melanogaster
Q9VJ03	1	U-01	melanogaster	D. melanogaster
Q9VJ04	2	U-02	melanogaster	D. melanogaster
Q9VJ06	1	U-01	melanogaster	D. melanogaster
Q9VJ08	1	U-01	melanogaster	D. melanogaster
Q9VJ11	3	U-03	melanogaster	D. melanogaster
Q9VJ16	1	U-01	melanogaster	D. melanogaster
Q9VJ18	1	U-01	melanogaster	D. melanogaster
Q9VJ21	3	U-03	melanogaster	D. melanogaster
Q9VJ27	0	unassigned	melanogaster	D. melanogaster
Q9VJ28	1	U-01	melanogaster	D. melanogaster
Q9VJ32	1	U-01	melanogaster	D. melanogaster
Q9VJ35	0	unassigned	melanogaster	D. melanogaster
Q9VJ38	1	U-01	melanogaster	D. melanogaster
Q9VJ44	1	U-01	melanogaster	D. melanogaster
Q9VJ46	0	unassigned	melanogaster	D. melanogaster
Q9VJ55	1	U-01	melanogaster	D. melanogaster
Q9VJ56	1	U-01	melanogaster	D. melanogaster
Q9VJ58	1	U-01	melanogaster	D. melanogaster
Q9VJ59	3	U-03	melanogaster	D. melanogaster
Q9VJ61	1	U-01	melanogaster	D. melanogaster
Q9VJ69	0	unassigned	melanogaster	D. melanogaster
Q9VJ71	0	unassigned	melanogaster	D. melanogaster
Q9VJ72	1	U-01	melanogaster	D. melanogaster
Q9VJ75	3	U-03	melanogaster	D. melanogaster
Q9VJ77	1	U-01	melanogaster	D. melanogaster
Q9VJ81	0	unassigned	melanogaster	D. melanogaster
Q9VJ84	1	U-01	melanogaster	D. melanogaster
Q9VJ85	1	U-01	melanogaster	D. melanogaster
Q9VJ95	1	U-01	melanogaster	D. melanogaster
Q9VJA7	2	U-02	melanogaster	D. melanogaster
Q9VJA9	2	U-02	melanogaster	D. melanogaster
Q9VJB0	1	U-01	melanogaster	D. melanogaster
Q9VJC0	1	U-01	melanogaster	D. melanogaster
Q9VJC4	1	U-01	melanogaster	D. melanogaster
Q9VJC5	1	U-01	melanogaster	D. melanogaster
Q9VJC7	1	U-01	melanogaster	D. melanogaster
Q9VJD0	1	U-01	melanogaster	D. melanogaster
Q9VJD4	1	U-01	melanogaster	D. melanogaster
Q9VJD6	2	U-02	melanogaster	D. melanogaster
Q9VJE3	1	U-01	melanogaster	D. melanogaster
Q9VJE6	1	U-01	melanogaster	D. melanogaster
Q9VJE7	1	U-01	melanogaster	D. melanogaster
Q9VJF1	2	U-02	melanogaster	D. melanogaster
Q9VJF7	2	U-02	melanogaster	D. melanogaster
Q9VJG2	1	U-01	melanogaster	D. melanogaster
Q9VJH0	2	U-02	melanogaster	D. melanogaster
Q9VJH1	2	U-02	melanogaster	D. melanogaster
Q9VJH6	1	U-01	melanogaster	D. melanogaster
Q9VJH8	0	unassigned	melanogaster	D. melanogaster
Q9VJH9	0	unassigned	melanogaster	D. melanogaster
Q9VJI0	0	unassigned	melanogaster	D. melanogaster
Q9VJI1	1	U-01	melanogaster	D. melanogaster
Q9VE86	1	U-01	melanogaster	D. melanogaster
Q9VE87	1	U-01	melanogaster	D. melanogaster
Q9VEA2	1	U-01	melanogaster	D. melanogaster
Q9VEA4	1	U-01	melanogaster	D. melanogaster
Q9VEA5	1	U-01	melanogaster	D. melanogaster
Q9VEB1	1	U-01	melanogaster	D. melanogaster
Q9VEC1	1	U-01	melanogaster	D. melanogaster
Q9VEC6	0	unassigned	melanogaster	D. melanogaster
Q9VEG1	3	U-03	melanogaster	D. melanogaster
Q9VEG2	3	U-03	melanogaster	D. melanogaster
Q9VEG6	2	U-02	melanogaster	D. melanogaster
Q9VEH1	1	U-01	melanogaster	D. melanogaster
Q9VEJ0	1	U-01	melanogaster	D. melanogaster
Q9VEM2	1	U-01	melanogaster	D. melanogaster
Q9VEN1	1	U-01	melanogaster	D. melanogaster
Q9VEP1	1	U-01	melanogaster	D. melanogaster
Q9VER6	2	U-02	melanogaster	D. melanogaster
Q9VEU5	1	U-01	melanogaster	D. melanogaster
Q9VEV4	1	U-01	melanogaster	D. melanogaster
Q9VEV9	1	U-01	melanogaster	D. melanogaster
Q9VEX2	1	U-01	melanogaster	D. melanogaster
Q9VEX5	1	U-01	melanogaster	D. melanogaster
Q9VEZ3	1	U-01	melanogaster	D. melanogaster
Q9VEZ5	1	U-01	melanogaster	D. melanogaster
Q9VF14	2	U-02	melanogaster	D. melanogaster
Q9VF20	3	U-03	melanogaster	D. melanogaster
Q9VF26	1	U-01	melanogaster	D. melanogaster
Q9VF27	1	U-01	melanogaster	D. melanogaster
Q9VF33	2	U-02	melanogaster	D. melanogaster
Q9VF87	1	U-01	melanogaster	D. melanogaster
Q9VFC2	2	U-02	melanogaster	D. melanogaster
Q9VFF3	1	U-01	melanogaster	D. melanogaster
Q9VFI0	1	U-01	melanogaster	D. melanogaster
Q9VFK2	1	U-01	melanogaster	D. melanogaster
Q9VFM9	1	U-01	melanogaster	D. melanogaster
Q9VFP2	1	U-01	melanogaster	D. melanogaster
Q9VFR3	2	U-02	melanogaster	D. melanogaster
Q9VFS2	1	U-01	melanogaster	D. melanogaster
Q9VFS6	1	U-01	melanogaster	D. melanogaster
Q9VFU8	0	unassigned	melanogaster	D. melanogaster
Q9VFW4	1	U-01	melanogaster	D. melanogaster
A0A0B4JD16	1	U-01	melanogaster	D. melanogaster
A0A0B4JD47	1	U-01	melanogaster	D. melanogaster
A0A0B4JD48	1	U-01	melanogaster	D. melanogaster
A0A0B4JD62	1	U-01	melanogaster	D. melanogaster
A0A0B4JDA1	1	U-01	melanogaster	D. melanogaster
A0A0B4JDB5	1	U-01	melanogaster	D. melanogaster
A0A0B4JDC9	1	U-01	melanogaster	D. melanogaster
A0A0B4JDF1	1	U-01	melanogaster	D. melanogaster
A0A0B4K609	2	U-02	melanogaster	D. melanogaster
A0A0B4K620	1	U-01	melanogaster	D. melanogaster
A0A0B4K623	1	U-01	melanogaster	D. melanogaster
A0A0B4K624	1	U-01	melanogaster	D. melanogaster
A0A0B4K631	1	U-01	melanogaster	D. melanogaster
A0A0B4K638	1	U-01	melanogaster	D. melanogaster
A0A0B4K642	2	U-02	melanogaster	D. melanogaster
A0A0B4K651	1	U-01	melanogaster	D. melanogaster
A0A0B4K663	1	U-01	melanogaster	D. melanogaster
A0A0B4K669	1	U-01	melanogaster	D. melanogaster
A0A0B4K677	1	U-01	melanogaster	D. melanogaster
A0A0B4K680	1	U-01	melanogaster	D. melanogaster
A0A0B4K682	1	U-01	melanogaster	D. melanogaster
A0A0B4K689	1	U-01	melanogaster	D. melanogaster
A0A0B4K690	1	U-01	melanogaster	D. melanogaster
A0A0B4K699	1	U-01	melanogaster	D. melanogaster
A0A0B4K6A2	2	U-02	melanogaster	D. melanogaster
A0A0B4K6A3	1	U-01	melanogaster	D. melanogaster
A0A0B4K6A6	3	U-03	melanogaster	D. melanogaster
A0A0B4K6B1	1	U-01	melanogaster	D. melanogaster
A0A0B4K6D0	1	U-01	melanogaster	D. melanogaster
A0A0B4K6E2	3	U-03	melanogaster	D. melanogaster
A0A0B4K6I1	1	U-01	melanogaster	D. melanogaster
A0A0B4K6I8	1	U-01	melanogaster	D. melanogaster
A0A0B4K6K1	1	U-01	melanogaster	D. melanogaster
A0A0B4K6L6	1	U-01	melanogaster	D. melanogaster
A0A0B4K6L8	1	U-01	melanogaster	D. melanogaster
A0A0B4K6M4	1	U-01	melanogaster	D. melanogaster
A0A0B4K6N3	1	U-01	melanogaster	D. melanogaster
A0A0B4K6N5	0	unassigned	melanogaster	D. melanogaster
A0A0B4K6R0	2	U-02	melanogaster	D. melanogaster
A0A0B4K6S8	1	U-01	melanogaster	D. melanogaster
A0A0B4K6T5	1	U-01	melanogaster	D. melanogaster
A0A0B4K6T7	1	U-01	melanogaster	D. melanogaster
A0A0B4K6V2	1	U-01	melanogaster	D. melanogaster
A0A0B4K6V4	1	U-01	melanogaster	D. melanogaster
A0A0B4K6V6	0	unassigned	melanogaster	D. melanogaster
A0A0B4K711	2	U-02	melanogaster	D. melanogaster
A0A0B4K715	1	U-01	melanogaster	D. melanogaster
A0A0B4K719	1	U-01	melanogaster	D. melanogaster
A0A0B4K742	1	U-01	melanogaster	D. melanogaster
A0A0B4K753	1	U-01	melanogaster	D. melanogaster
A0A0B4K756	1	U-01	melanogaster	D. melanogaster
A0A0B4K784	1	U-01	melanogaster	D. melanogaster
A0A0B4K785	2	U-02	melanogaster	D. melanogaster
A0A0B4K790	3	U-03	melanogaster	D. melanogaster
A0A0B4K7E1	1	U-01	melanogaster	D. melanogaster
A0A0B4K7E3	1	U-01	melanogaster	D. melanogaster
A0A0B4K7E7	1	U-01	melanogaster	D. melanogaster
A0A0B4K7F3	1	U-01	melanogaster	D. melanogaster
A0A0B4K7F6	1	U-01	melanogaster	D. melanogaster
A1Z8I8	1	U-01	melanogaster	D. melanogaster
A1Z8J2	1	U-01	melanogaster	D. melanogaster
A1Z8J9	1	U-01	melanogaster	D. melanogaster
A1Z8K0	1	U-01	melanogaster	D. melanogaster
A1Z8K3	1	U-01	melanogaster	D. melanogaster
A1Z8K5	1	U-01	melanogaster	D. melanogaster
A1Z8K6	1	U-01	melanogaster	D. melanogaster
A1Z8L1	1	U-01	melanogaster	D. melanogaster
A1Z8L5	1	U-01	melanogaster	D. melanogaster
A1Z8L9	3	U-03	melanogaster	D. melanogaster
A1Z8N0	0	unassigned	melanogaster	D. melanogaster
A1Z8N5	2	U-02	melanogaster	D. melanogaster
A1Z8P1	0	unassigned	melanogaster	D. melanogaster
A1Z8P5	1	U-01	melanogaster	D. melanogaster
A1Z8P6	1	U-01	melanogaster	D. melanogaster
A1Z8P8	3	U-03	melanogaster	D. melanogaster
A1Z8S7	1	U-01	melanogaster	D. melanogaster
A1Z8S9	1	U-01	melanogaster	D. melanogaster
A1Z8T0	1	U-01	melanogaster	D. melanogaster
A1Z8T1	1	U-01	melanogaster	D. melanogaster
A1Z8T3	0	unassigned	melanogaster	D. melanogaster
A1Z8U7	1	U-01	melanogaster	D. melanogaster
A1Z8V1	1	U-01	melanogaster	D. melanogaster
A1Z8V2	1	U-01	melanogaster	D. melanogaster
A1Z8V3	2	U-02	melanogaster	D. melanogaster
A1Z8V4	1	U-01	melanogaster	D. melanogaster
A1Z8V6	1	U-01	melanogaster	D. melanogaster
A1Z8W3	0	unassigned	melanogaster	D. melanogaster
A1Z8W7	1	U-01	melanogaster	D. melanogaster
A1Z8X0	1	U-01	melanogaster	D. melanogaster
A1Z8X1	1	U-01	melanogaster	D. melanogaster
A1Z8X2	1	U-01	melanogaster	D. melanogaster
A1Z8X4	0	unassigned	melanogaster	D. melanogaster
A1Z8X6	0	unassigned	melanogaster	D. melanogaster
A1Z8Y1	0	unassigned	melanogaster	D. melanogaster
A1Z8Y4	1	U-01	melanogaster	D. melanogaster
A1Z8Y6	1	U-01	melanogaster	D. melanogaster
A1Z8Y7	1	U-01	melanogaster	D. melanogaster
A1Z8Y8	1	U-01	melanogaster	D. melanogaster
M9NDT7	1	U-01	melanogaster	D. melanogaster
M9NDU2	1	U-01	melanogaster	D. melanogaster
M9NDU3	1	U-01	melanogaster	D. melanogaster
M9NDU9	1	U-01	melanogaster	D. melanogaster
M9NDV9	1	U-01	melanogaster	D. melanogaster
M9NDW0	1	U-01	melanogaster	D. melanogaster
M9NDW5	0	unassigned	melanogaster	D. melanogaster
M9NDW6	1	U-01	melanogaster	D. melanogaster
M9NDX2	1	U-01	melanogaster	D. melanogaster
M9NDX9	1	U-01	melanogaster	D. melanogaster
M9NDY7	1	U-01	melanogaster	D. melanogaster
M9NDZ8	1	U-01	melanogaster	D. melanogaster
M9NDZ9	1	U-01	melanogaster	D. melanogaster
M9NE21	1	U-01	melanogaster	D. melanogaster
M9NE27	1	U-01	melanogaster	D. melanogaster
M9NE34	1	U-01	melanogaster	D. melanogaster
M9NE75	1	U-01	melanogaster	D. melanogaster
M9NE78	1	U-01	melanogaster	D. melanogaster
M9NE84	2	U-02	melanogaster	D. melanogaster
M9NE90	1	U-01	melanogaster	D. melanogaster
M9NEB4	1	U-01	melanogaster	D. melanogaster
M9NEB5	1	U-01	melanogaster	D. melanogaster
M9NEC1	1	U-01	melanogaster	D. melanogaster
M9NED7	1	U-01	melanogaster	D. melanogaster
M9NEE3	2	U-02	melanogaster	D. melanogaster
M9NEF4	1	U-01	melanogaster	D. melanogaster
M9NEG0	1	U-01	melanogaster	D. melanogaster
M9NEG6	1	U-01	melanogaster	D. melanogaster
M9NEH1	1	U-01	melanogaster	D. melanogaster
M9NEJ1	1	U-01	melanogaster	D. melanogaster
M9NEJ3	0	unassigned	melanogaster	D. melanogaster
M9NEK6	1	U-01	melanogaster	D. melanogaster
M9NEL0	1	U-01	melanogaster	D. melanogaster
M9NEL9	1	U-01	melanogaster	D. melanogaster
M9NEN7	2	U-02	melanogaster	D. melanogaster
M9NEP8	1	U-01	melanogaster	D. melanogaster
M9NEQ6	2	U-02	melanogaster	D. melanogaster
M9NER2	1	U-01	melanogaster	D. melanogaster
M9NES5	1	U-01	melanogaster	D. melanogaster
M9NET3	1	U-01	melanogaster	D. melanogaster
M9NET9	2	U-02	melanogaster	D. melanogaster
M9NEV1	3	U-03	melanogaster	D. melanogaster
M9NEV5	1	U-01	melanogaster	D. melanogaster
M9NEW7	1	U-01	melanogaster	D. melanogaster
M9NEW9	2	U-02	melanogaster	D. melanogaster
M9NEX0	1	U-01	melanogaster	D. melanogaster
M9NEX2	1	U-01	melanogaster	D. melanogaster
M9NEX6	1	U-01	melanogaster	D. melanogaster
M9NEY2	3	U-03	melanogaster	D. melanogaster
M9NEZ1	1	U-01	melanogaster	D. melanogaster
M9NEZ6	1	U-01	melanogaster	D. melanogaster
M9NEZ8	1	U-01	melanogaster	D. melanogaster
M9NF17	2	U-02	melanogaster	D. melanogaster
M9NF24	1	U-01	melanogaster	D. melanogaster
M9NF55	0	unassigned	melanogaster	D. melanogaster
M9NF69	1	U-01	melanogaster	D. melanogaster
M9NF77	1	U-01	melanogaster	D. melanogaster
M9NF85	1	U-01	melanogaster	D. melanogaster
M9NF92	1	U-01	melanogaster	D. melanogaster
M9NFB4	1	U-01	melanogaster	D. melanogaster
M9NFE1	1	U-01	melanogaster	D. melanogaster
P10552	1	U-01	melanogaster	D. melanogaster
P10674	2	U-02	melanogaster	D. melanogaster
P10676	1	U-01	melanogaster	D. melanogaster
P10734	1	U-01	melanogaster	D. melanogaster
P11046	2	U-02	melanogaster	D. melanogaster
P11147	1	U-01	melanogaster	D. melanogaster
P11346	1	U-01	melanogaster	D. melanogaster
P11449	1	U-01	melanogaster	D. melanogaster
P11536	1	U-01	melanogaster	D. melanogaster
P11929	0	unassigned	melanogaster	D. melanogaster
P12024	2	U-02	melanogaster	D. melanogaster
P12080	2	U-02	melanogaster	D. melanogaster
P12252	1	U-01	melanogaster	D. melanogaster
P12370	1	U-01	melanogaster	D. melanogaster
P12982	1	U-01	melanogaster	D. melanogaster
P13002	1	U-01	melanogaster	D. melanogaster
P13055	1	U-01	melanogaster	D. melanogaster
P13096	1	U-01	melanogaster	D. melanogaster
P13097	1	U-01	melanogaster	D. melanogaster
P13098	1	U-01	melanogaster	D. melanogaster
P13360	1	U-01	melanogaster	D. melanogaster
P13368	2	U-02	melanogaster	D. melanogaster
P13395	1	U-01	melanogaster	D. melanogaster
P13468	1	U-01	melanogaster	D. melanogaster
P13496	0	unassigned	melanogaster	D. melanogaster
P13582	2	U-02	melanogaster	D. melanogaster
P13677	1	U-01	melanogaster	D. melanogaster
P13678	1	U-01	melanogaster	D. melanogaster
P13706	1	U-01	melanogaster	D. melanogaster
P13709	1	U-01	melanogaster	D. melanogaster
P14003	1	U-01	melanogaster	D. melanogaster
P14199	1	U-01	melanogaster	D. melanogaster
P14599	0	unassigned	melanogaster	D. melanogaster
P14773	1	U-01	melanogaster	D. melanogaster
P14785	1	U-01	melanogaster	D. melanogaster
P14956	1	U-01	melanogaster	D. melanogaster
P15278	2	U-02	melanogaster	D. melanogaster
P15348	1	U-01	melanogaster	D. melanogaster
P15357	1	U-01	melanogaster	D. melanogaster
P15370	1	U-01	melanogaster	D. melanogaster
P15425	2	U-02	melanogaster	D. melanogaster
P16371	1	U-01	melanogaster	D. melanogaster
P16375	1	U-01	melanogaster	D. melanogaster
P16376	1	U-01	melanogaster	D. melanogaster
P16378	1	U-01	melanogaster	D. melanogaster
P16395	1	U-01	melanogaster	D. melanogaster
P16620	2	U-02	melanogaster	D. melanogaster
P16621	0	unassigned	melanogaster	D. melanogaster
P16905	1	U-01	melanogaster	D. melanogaster
P16912	1	U-01	melanogaster	D. melanogaster
P17210	1	U-01	melanogaster	D. melanogaster
P17336	1	U-01	melanogaster	D. melanogaster
P17644	0	unassigned	melanogaster	D. melanogaster
P17671	1	U-01	melanogaster	D. melanogaster
P17672	1	U-01	melanogaster	D. melanogaster
P17789	1	U-01	melanogaster	D. melanogaster
P17886	1	U-01	melanogaster	D. melanogaster
P17917	1	U-01	melanogaster	D. melanogaster
P17970	1	U-01	melanogaster	D. melanogaster
P17971	0	unassigned	melanogaster	D. melanogaster
P17972	1	U-01	melanogaster	D. melanogaster
P18091	1	U-01	melanogaster	D. melanogaster
P18102	0	unassigned	melanogaster	D. melanogaster
P18106	1	U-01	melanogaster	D. melanogaster
P18168	2	U-02	melanogaster	D. melanogaster
P18170	1	U-01	melanogaster	D. melanogaster
P18171	1	U-01	melanogaster	D. melanogaster
P18173	2	U-02	melanogaster	D. melanogaster
P18289	1	U-01	melanogaster	D. melanogaster
P18432	1	U-01	melanogaster	D. melanogaster
P18475	2	U-02	melanogaster	D. melanogaster
P18488	1	U-01	melanogaster	D. melanogaster
Q7JQF1	3	U-03	melanogaster	D. melanogaster
Q7JR71	1	U-01	melanogaster	D. melanogaster
Q7JRE4	1	U-01	melanogaster	D. melanogaster
Q7JRJ1	1	U-01	melanogaster	D. melanogaster
Q7JUX9	1	U-01	melanogaster	D. melanogaster
Q7JW27	1	U-01	melanogaster	D. melanogaster
Q7JWP6	1	U-01	melanogaster	D. melanogaster
Q7JXA8	1	U-01	melanogaster	D. melanogaster
Q7JXF5	1	U-01	melanogaster	D. melanogaster
Q7JXV9	1	U-01	melanogaster	D. melanogaster
Q7JYX0	0	unassigned	melanogaster	D. melanogaster
Q7K0D8	0	unassigned	melanogaster	D. melanogaster
Q7K0E3	1	U-01	melanogaster	D. melanogaster
Q7K1U0	1	U-01	melanogaster	D. melanogaster
Q7K2D2	1	U-01	melanogaster	D. melanogaster
Q7K2G1	1	U-01	melanogaster	D. melanogaster
Q7K2X8	1	U-01	melanogaster	D. melanogaster
Q7K3D8	1	U-01	melanogaster	D. melanogaster
Q7K4B3	1	U-01	melanogaster	D. melanogaster
Q7K4B4	1	U-01	melanogaster	D. melanogaster
Q7K4M4	1	U-01	melanogaster	D. melanogaster
Q7K4V4	1	U-01	melanogaster	D. melanogaster
Q7K4Y6	3	U-03	melanogaster	D. melanogaster
Q7K4Z4	1	U-01	melanogaster	D. melanogaster
Q7K5M0	2	U-02	melanogaster	D. melanogaster
Q7K5N4	1	U-01	melanogaster	D. melanogaster
Q7K738	1	U-01	melanogaster	D. melanogaster
Q7K7G0	1	U-01	melanogaster	D. melanogaster
Q0E934	1	U-01	melanogaster	D. melanogaster
Q0E935	1	U-01	melanogaster	D. melanogaster
Q0E949	1	U-01	melanogaster	D. melanogaster
Q0E981	1	U-01	melanogaster	D. melanogaster
Q0E996	1	U-01	melanogaster	D. melanogaster
Q0E9A1	1	U-01	melanogaster	D. melanogaster
Q0E9A2	3	U-03	melanogaster	D. melanogaster
Q0E9A7	1	U-01	melanogaster	D. melanogaster
Q0E9B6	1	U-01	melanogaster	D. melanogaster
Q0E9E8	1	U-01	melanogaster	D. melanogaster
Q0E9F9	2	U-02	melanogaster	D. melanogaster
Q0E9G8	0	unassigned	melanogaster	D. melanogaster
Q0E9N1	1	U-01	melanogaster	D. melanogaster
Q0E9P3	1	U-01	melanogaster	D. melanogaster
Q0KHQ3	1	U-01	melanogaster	D. melanogaster
Q0KHR4	1	U-01	melanogaster	D. melanogaster
Q0KHS6	3	U-03	melanogaster	D. melanogaster
Q0KHS7	3	U-03	melanogaster	D. melanogaster
Q0KHU4	1	U-01	melanogaster	D. melanogaster
Q0KHY7	2	U-02	melanogaster	D. melanogaster
Q0KHY8	2	U-02	melanogaster	D. melanogaster
Q0KHZ6	1	U-01	melanogaster	D. melanogaster
Q0KHZ9	1	U-01	melanogaster	D. melanogaster
Q0KI00	2	U-02	melanogaster	D. melanogaster
Q0KI07	2	U-02	melanogaster	D. melanogaster
Q0KI14	3	U-03	melanogaster	D. melanogaster
Q0KI38	2	U-02	melanogaster	D. melanogaster
Q0KI44	3	U-03	melanogaster	D. melanogaster
Q0KI45	2	U-02	melanogaster	D. melanogaster
Q0KI66	1	U-01	melanogaster	D. melanogaster
Q0KI67	1	U-01	melanogaster	D. melanogaster
Q0KI79	3	U-03	melanogaster	D. melanogaster
Q0KI81	1	U-01	melanogaster	D. melanogaster
Q0KI85	2	U-02	melanogaster	D. melanogaster
Q0KI87	1	U-01	melanogaster	D. melanogaster
Q0KIA5	1	U-01	melanogaster	D. melanogaster
Q0KIC1	1	U-01	melanogaster	D. melanogaster
Q0KIE7	0	unassigned	melanogaster	D. melanogaster
Q0KIF7	1	U-01	melanogaster	D. melanogaster
Q23970	0	unassigned	melanogaster	D. melanogaster
Q24039	1	U-01	melanogaster	D. melanogaster
Q24040	1	U-01	melanogaster	D. melanogaster
Q24113	1	U-01	melanogaster	D. melanogaster
Q24133	1	U-01	melanogaster	D. melanogaster
Q24154	1	U-01	melanogaster	D. melanogaster
Q24178	1	U-01	melanogaster	D. melanogaster
Q24239	1	U-01	melanogaster	D. melanogaster
Q24319	1	U-01	melanogaster	D. melanogaster
Q24454	1	U-01	melanogaster	D. melanogaster
Q24583	1	U-01	melanogaster	D. melanogaster
Q26307	2	U-02	melanogaster	D. melanogaster
Q26416	1	U-01	melanogaster	D. melanogaster
Q27575	1	U-01	melanogaster	D. melanogaster
Q27589	0	unassigned	melanogaster	D. melanogaster
Q27594	0	unassigned	melanogaster	D. melanogaster
Q27606	0	unassigned	melanogaster	D. melanogaster
Q2MGK4	2	U-02	melanogaster	D. melanogaster
Q2MGK8	1	U-01	melanogaster	D. melanogaster
Q2PDR0	3	U-03	melanogaster	D. melanogaster
Q2PDR9	1	U-01	melanogaster	D. melanogaster
Q2PDU2	3	U-03	melanogaster	D. melanogaster
Q2PDW6	1	U-01	melanogaster	D. melanogaster
Q2PDY9	0	unassigned	melanogaster	D. melanogaster
Q2PDZ0	0	unassigned	melanogaster	D. melanogaster
Q9VGV3	3	U-03	melanogaster	D. melanogaster
Q9VGX5	1	U-01	melanogaster	D. melanogaster
Q9VGZ1	1	U-01	melanogaster	D. melanogaster
Q9VGZ2	1	U-01	melanogaster	D. melanogaster
Q9VGZ6	1	U-01	melanogaster	D. melanogaster
Q9VH03	1	U-01	melanogaster	D. melanogaster
Q9VH09	1	U-01	melanogaster	D. melanogaster
Q9VH33	0	unassigned	melanogaster	D. melanogaster
Q9VH39	1	U-01	melanogaster	D. melanogaster
Q9VH51	1	U-01	melanogaster	D. melanogaster
Q9VH52	1	U-01	melanogaster	D. melanogaster
Q9VH55	3	U-03	melanogaster	D. melanogaster
Q9VH69	1	U-01	melanogaster	D. melanogaster
Q9VH77	1	U-01	melanogaster	D. melanogaster
Q9VH78	3	U-03	melanogaster	D. melanogaster
Q9VH79	1	U-01	melanogaster	D. melanogaster
Q9VH85	2	U-02	melanogaster	D. melanogaster
Q9VH87	1	U-01	melanogaster	D. melanogaster
Q9VH91	1	U-01	melanogaster	D. melanogaster
Q9VH97	1	U-01	melanogaster	D. melanogaster
Q9VHB3	1	U-01	melanogaster	D. melanogaster
Q9VHB6	1	U-01	melanogaster	D. melanogaster
Q9VHB8	1	U-01	melanogaster	D. melanogaster
Q9VHC4	1	U-01	melanogaster	D. melanogaster
Q9VHD0	2	U-02	melanogaster	D. melanogaster
Q9VHE0	3	U-03	melanogaster	D. melanogaster
Q9VHE5	1	U-01	melanogaster	D. melanogaster
Q9VHE6	0	unassigned	melanogaster	D. melanogaster
Q9VHF0	1	U-01	melanogaster	D. melanogaster
Q9VHF4	1	U-01	melanogaster	D. melanogaster
Q9VHF7	0	unassigned	melanogaster	D. melanogaster
Q9VHF8	0	unassigned	melanogaster	D. melanogaster
Q9VHG3	1	U-01	melanogaster	D. melanogaster
Q9VHH7	1	U-01	melanogaster	D. melanogaster
Q9VHH8	1	U-01	melanogaster	D. melanogaster
Q9VHJ2	1	U-01	melanogaster	D. melanogaster
Q9VCL4	0	unassigned	melanogaster	D. melanogaster
Q9VCL5	0	unassigned	melanogaster	D. melanogaster
Q9VCL6	2	U-02	melanogaster	D. melanogaster
Q9VCM0	0	unassigned	melanogaster	D. melanogaster
Q9VCM1	0	unassigned	melanogaster	D. melanogaster
Q9VCM2	1	U-01	melanogaster	D. melanogaster
Q9VCM3	2	U-02	melanogaster	D. melanogaster
Q9VCM4	0	unassigned	melanogaster	D. melanogaster
Q9VME9	2	U-02	melanogaster	D. melanogaster
Q9VMG1	0	unassigned	melanogaster	D. melanogaster
Q9VMG7	1	U-01	melanogaster	D. melanogaster
Q9VMH4	1	U-01	melanogaster	D. melanogaster
Q9VMH8	1	U-01	melanogaster	D. melanogaster
Q9VMI2	1	U-01	melanogaster	D. melanogaster
Q9VMI5	1	U-01	melanogaster	D. melanogaster
Q9VMI6	1	U-01	melanogaster	D. melanogaster
Q9VMI8	1	U-01	melanogaster	D. melanogaster
Q9VMJ0	2	U-02	melanogaster	D. melanogaster
Q9VMJ1	1	U-01	melanogaster	D. melanogaster
Q9VMJ4	1	U-01	melanogaster	D. melanogaster
Q9VMJ6	3	U-03	melanogaster	D. melanogaster
Q9VMK0	3	U-03	melanogaster	D. melanogaster
Q9VMK5	1	U-01	melanogaster	D. melanogaster
Q9VMK8	3	U-03	melanogaster	D. melanogaster
Q9VMK9	1	U-01	melanogaster	D. melanogaster
Q9VML7	1	U-01	melanogaster	D. melanogaster
Q9VMM2	2	U-02	melanogaster	D. melanogaster
Q9VMM3	1	U-01	melanogaster	D. melanogaster
Q9VMM7	1	U-01	melanogaster	D. melanogaster
Q9VMM9	3	U-03	melanogaster	D. melanogaster
Q9VMP1	1	U-01	melanogaster	D. melanogaster
Q9VMP5	1	U-01	melanogaster	D. melanogaster
Q9VMP6	1	U-01	melanogaster	D. melanogaster
Q9VMQ6	3	U-03	melanogaster	D. melanogaster
Q9VMQ9	1	U-01	melanogaster	D. melanogaster
Q9VMR0	1	U-01	melanogaster	D. melanogaster
Q9VMR1	2	U-02	melanogaster	D. melanogaster
Q9VMR6	1	U-01	melanogaster	D. melanogaster
Q9VMR9	1	U-01	melanogaster	D. melanogaster
Q9VMS2	1	U-01	melanogaster	D. melanogaster
Q9VMS3	2	U-02	melanogaster	D. melanogaster
Q9VMS7	0	unassigned	melanogaster	D. melanogaster
Q9VMS9	0	unassigned	melanogaster	D. melanogaster
Q9VMT5	0	unassigned	melanogaster	D. melanogaster
Q9VMU2	1	U-01	melanogaster	D. melanogaster
Q9VMU6	2	U-02	melanogaster	D. melanogaster
Q9VMV3	1	U-01	melanogaster	D. melanogaster
Q9VMV6	3	U-03	melanogaster	D. melanogaster
Q9VMW8	3	U-03	melanogaster	D. melanogaster
Q9VMX1	1	U-01	melanogaster	D. melanogaster
Q9VMY0	1	U-01	melanogaster	D. melanogaster
Q9VMY1	1	U-01	melanogaster	D. melanogaster
Q9VMY2	1	U-01	melanogaster	D. melanogaster
Q9VMZ5	1	U-01	melanogaster	D. melanogaster
Q9VMZ6	1	U-01	melanogaster	D. melanogaster
Q9VMZ8	1	U-01	melanogaster	D. melanogaster
Q9VN01	2	U-02	melanogaster	D. melanogaster
Q9VN04	1	U-01	melanogaster	D. melanogaster
Q9VN16	1	U-01	melanogaster	D. melanogaster
Q9VN19	1	U-01	melanogaster	D. melanogaster
Q9VN30	1	U-01	melanogaster	D. melanogaster
Q9VN42	1	U-01	melanogaster	D. melanogaster
Q9VN49	1	U-01	melanogaster	D. melanogaster
Q9VN52	3	U-03	melanogaster	D. melanogaster
Q9VN56	1	U-01	melanogaster	D. melanogaster
Q9VN72	0	unassigned	melanogaster	D. melanogaster
Q9VN73	0	unassigned	melanogaster	D. melanogaster
Q9VN75	3	U-03	melanogaster	D. melanogaster
Q9VN84	1	U-01	melanogaster	D. melanogaster
Q9VN86	1	U-01	melanogaster	D. melanogaster
Q9VN88	1	U-01	melanogaster	D. melanogaster
Q9VN94	1	U-01	melanogaster	D. melanogaster
Q9VN97	3	U-03	melanogaster	D. melanogaster
Q9VNA0	3	U-03	melanogaster	D. melanogaster
Q9VNA3	2	U-02	melanogaster	D. melanogaster
Q9VNB7	1	U-01	melanogaster	D. melanogaster
Q9VNC1	1	U-01	melanogaster	D. melanogaster
Q9VNC3	1	U-01	melanogaster	D. melanogaster
Q9VNC4	1	U-01	melanogaster	D. melanogaster
Q9VNC6	3	U-03	melanogaster	D. melanogaster
Q9VNC7	3	U-03	melanogaster	D. melanogaster
Q9VND2	1	U-01	melanogaster	D. melanogaster
Q9VND7	0	unassigned	melanogaster	D. melanogaster
Q9VNE0	1	U-01	melanogaster	D. melanogaster
Q9VNE8	1	U-01	melanogaster	D. melanogaster
Q9VNE9	1	U-01	melanogaster	D. melanogaster
Q9VNF4	1	U-01	melanogaster	D. melanogaster
Q9VNF5	1	U-01	melanogaster	D. melanogaster
Q9VNF9	1	U-01	melanogaster	D. melanogaster
Q9VNG1	1	U-01	melanogaster	D. melanogaster
Q9VNG2	1	U-01	melanogaster	D. melanogaster
Q9VNH2	1	U-01	melanogaster	D. melanogaster
Q9VNI4	1	U-01	melanogaster	D. melanogaster
Q9VNI6	1	U-01	melanogaster	D. melanogaster
Q9VNI7	1	U-01	melanogaster	D. melanogaster
Q9VNK5	2	U-02	melanogaster	D. melanogaster
Q9VNL1	2	U-02	melanogaster	D. melanogaster
Q9VNL2	2	U-02	melanogaster	D. melanogaster
Q9VNL3	1	U-01	melanogaster	D. melanogaster
Q9VNL4	1	U-01	melanogaster	D. melanogaster
Q9W528	1	U-01	melanogaster	D. melanogaster
Q9W530	1	U-01	melanogaster	D. melanogaster
Q9W531	1	U-01	melanogaster	D. melanogaster
Q9W551	1	U-01	melanogaster	D. melanogaster
Q9W560	1	U-01	melanogaster	D. melanogaster
Q9W567	0	unassigned	melanogaster	D. melanogaster
Q9W569	3	U-03	melanogaster	D. melanogaster
Q9W591	1	U-01	melanogaster	D. melanogaster
Q9W593	1	U-01	melanogaster	D. melanogaster
Q9W5A2	1	U-01	melanogaster	D. melanogaster
Q9W5A6	1	U-01	melanogaster	D. melanogaster
Q9W5A7	1	U-01	melanogaster	D. melanogaster
Q9W5A9	1	U-01	melanogaster	D. melanogaster
Q9W5B0	1	U-01	melanogaster	D. melanogaster
Q9W5B1	1	U-01	melanogaster	D. melanogaster
Q9W5B4	2	U-02	melanogaster	D. melanogaster
Q9W5B8	1	U-01	melanogaster	D. melanogaster
Q9W5C5	1	U-01	melanogaster	D. melanogaster
Q9W5C8	1	U-01	melanogaster	D. melanogaster
Q9W5C9	1	U-01	melanogaster	D. melanogaster
Q9W5D2	1	U-01	melanogaster	D. melanogaster
Q9W5D3	1	U-01	melanogaster	D. melanogaster
Q9W5D7	1	U-01	melanogaster	D. melanogaster
Q9W5E2	1	U-01	melanogaster	D. melanogaster
Q9W5E6	0	unassigned	melanogaster	D. melanogaster
Q9W5E7	3	U-03	melanogaster	D. melanogaster
Q9W5G0	1	U-01	melanogaster	D. melanogaster
Q9W5H1	1	U-01	melanogaster	D. melanogaster
Q9W5U9	1	U-01	melanogaster	D. melanogaster
Q9W5X2	1	U-01	melanogaster	D. melanogaster
Q9W5X3	2	U-02	melanogaster	D. melanogaster
Q9W5X6	1	U-01	melanogaster	D. melanogaster
Q9W5Y1	1	U-01	melanogaster	D. melanogaster
Q9W5Y4	1	U-01	melanogaster	D. melanogaster
Q9XZ12	1	U-01	melanogaster	D. melanogaster
Q9XZ15	1	U-01	melanogaster	D. melanogaster
Q9XZ22	1	U-01	melanogaster	D. melanogaster
Q9XZS3	1	U-01	melanogaster	D. melanogaster
Q9Y0Y7	1	U-01	melanogaster	D. melanogaster
Q9Y104	1	U-01	melanogaster	D. melanogaster
Q9Y107	1	U-01	melanogaster	D. melanogaster
Q9Y153	1	U-01	melanogaster	D. melanogaster
R4GRV8	0	unassigned	melanogaster	D. melanogaster
R9PY30	1	U-01	melanogaster	D. melanogaster
R9PY31	1	U-01	melanogaster	D. melanogaster
R9PY43	1	U-01	melanogaster	D. melanogaster
R9PY44	1	U-01	melanogaster	D. melanogaster
R9PY48	1	U-01	melanogaster	D. melanogaster
R9PY51	1	U-01	melanogaster	D. melanogaster
R9PY52	1	U-01	melanogaster	D. melanogaster
R9PY53	3	U-03	melanogaster	D. melanogaster
R9PY54	1	U-01	melanogaster	D. melanogaster
R9PY61	1	U-01	melanogaster	D. melanogaster
R9PY71	1	U-01	melanogaster	D. melanogaster
R9PY72	3	U-03	melanogaster	D. melanogaster
V9HVU8	1	U-01	melanogaster	D. melanogaster
X2J4A7	1	U-01	melanogaster	D. melanogaster
X2J4U0	1	U-01	melanogaster	D. melanogaster
X2J591	1	U-01	melanogaster	D. melanogaster
X2J5P7	1	U-01	melanogaster	D. melanogaster
X2J5Z1	2	U-02	melanogaster	D. melanogaster
X2J600	1	U-01	melanogaster	D. melanogaster
X2J648	1	U-01	melanogaster	D. melanogaster
X2J664	1	U-01	melanogaster	D. melanogaster
X2J683	1	U-01	melanogaster	D. melanogaster
X2J6G8	1	U-01	melanogaster	D. melanogaster
X2J6V7	1	U-01	melanogaster	D. melanogaster
X2J6Y3	1	U-01	melanogaster	D. melanogaster
A0A0B4K827	0	unassigned	melanogaster	D. melanogaster
A0A0B4K828	0	unassigned	melanogaster	D. melanogaster
A0A0B4K849	1	U-01	melanogaster	D. melanogaster
A0A0B4K866	2	U-02	melanogaster	D. melanogaster
A0A0B4K867	0	unassigned	melanogaster	D. melanogaster
A0A0B4K869	0	unassigned	melanogaster	D. melanogaster
A0A0B4KEF4	0	unassigned	melanogaster	D. melanogaster
A0A0B4KEI6	1	U-01	melanogaster	D. melanogaster
A0A0B4KEK2	1	U-01	melanogaster	D. melanogaster
A0A0B4KEP4	1	U-01	melanogaster	D. melanogaster
A0A0B4KES0	2	U-02	melanogaster	D. melanogaster
A0A0B4KF38	0	unassigned	melanogaster	D. melanogaster
A0A0B4KF46	1	U-01	melanogaster	D. melanogaster
A0A0B4KF82	1	U-01	melanogaster	D. melanogaster
A0A0B4KF84	0	unassigned	melanogaster	D. melanogaster
A0A0B4KFE4	1	U-01	melanogaster	D. melanogaster
A0A0B4KFI1	1	U-01	melanogaster	D. melanogaster
A0A0B4KFK1	1	U-01	melanogaster	D. melanogaster
A0A0B4KFK9	0	unassigned	melanogaster	D. melanogaster
A0A0B4KFL3	1	U-01	melanogaster	D. melanogaster
A0A0B4KFN0	0	unassigned	melanogaster	D. melanogaster
A0A0B4KFN9	1	U-01	melanogaster	D. melanogaster
A0A0B4KFP2	1	U-01	melanogaster	D. melanogaster
A0A0B4KFQ0	1	U-01	melanogaster	D. melanogaster
A0A0B4KFQ6	1	U-01	melanogaster	D. melanogaster
A0A0B4KFT3	1	U-01	melanogaster	D. melanogaster
A0A0B4KFT5	1	U-01	melanogaster	D. melanogaster
A0A0B4KG06	0	unassigned	melanogaster	D. melanogaster
A0A0B4KG14	1	U-01	melanogaster	D. melanogaster
A0A0B4KG15	1	U-01	melanogaster	D. melanogaster
A0A0B4KG24	1	U-01	melanogaster	D. melanogaster
A0A0B4KG35	0	unassigned	melanogaster	D. melanogaster
Q9VLE6	2	U-02	melanogaster	D. melanogaster
Q9VLF0	2	U-02	melanogaster	D. melanogaster
Q9VLF1	3	U-03	melanogaster	D. melanogaster
Q9VLF5	0	unassigned	melanogaster	D. melanogaster
Q9VLI9	1	U-01	melanogaster	D. melanogaster
Q9VLJ0	1	U-01	melanogaster	D. melanogaster
Q9VLJ7	1	U-01	melanogaster	D. melanogaster
Q9VLK0	3	U-03	melanogaster	D. melanogaster
Q9VLL1	1	U-01	melanogaster	D. melanogaster
Q9VLL5	2	U-02	melanogaster	D. melanogaster
Q9VLM0	2	U-02	melanogaster	D. melanogaster
Q9VLM7	3	U-03	melanogaster	D. melanogaster
Q9VLM8	1	U-01	melanogaster	D. melanogaster
Q9VLN6	3	U-03	melanogaster	D. melanogaster
Q9VLP9	3	U-03	melanogaster	D. melanogaster
Q9VLQ9	1	U-01	melanogaster	D. melanogaster
Q9VLR2	1	U-01	melanogaster	D. melanogaster
Q9VLR3	1	U-01	melanogaster	D. melanogaster
Q9VLR9	2	U-02	melanogaster	D. melanogaster
Q9VLS0	2	U-02	melanogaster	D. melanogaster
Q9VLS1	1	U-01	melanogaster	D. melanogaster
Q9VLS3	3	U-03	melanogaster	D. melanogaster
Q9VLV9	1	U-01	melanogaster	D. melanogaster
Q9VLY7	2	U-02	melanogaster	D. melanogaster
Q9VLZ7	0	unassigned	melanogaster	D. melanogaster
Q9VM00	1	U-01	melanogaster	D. melanogaster
Q9VM02	1	U-01	melanogaster	D. melanogaster
Q9VM09	0	unassigned	melanogaster	D. melanogaster
Q9VM10	2	U-02	melanogaster	D. melanogaster
Q9VM17	1	U-01	melanogaster	D. melanogaster
Q9VM21	1	U-01	melanogaster	D. melanogaster
Q9VM32	3	U-03	melanogaster	D. melanogaster
Q9VM35	1	U-01	melanogaster	D. melanogaster
Q9VM49	1	U-01	melanogaster	D. melanogaster
Q9VM55	2	U-02	melanogaster	D. melanogaster
Q9VM58	1	U-01	melanogaster	D. melanogaster
Q9VM69	1	U-01	melanogaster	D. melanogaster
Q9VM76	1	U-01	melanogaster	D. melanogaster
Q9VM80	1	U-01	melanogaster	D. melanogaster
Q9VM95	1	U-01	melanogaster	D. melanogaster
Q9VM99	3	U-03	melanogaster	D. melanogaster
Q9VMB3	0	unassigned	melanogaster	D. melanogaster
Q9VMB9	3	U-03	melanogaster	D. melanogaster
Q9VMC6	1	U-01	melanogaster	D. melanogaster
Q9VME5	1	U-01	melanogaster	D. melanogaster
Q9VMI1	1	U-01	melanogaster	D. melanogaster
Q9VMI4	0	unassigned	melanogaster	D. melanogaster
Q9VMK1	3	U-03	melanogaster	D. melanogaster
Q9VML8	1	U-01	melanogaster	D. melanogaster
Q9VMN6	2	U-02	melanogaster	D. melanogaster
Q9VMN9	2	U-02	melanogaster	D. melanogaster
Q9VMP9	1	U-01	melanogaster	D. melanogaster
Q9VMQ3	1	U-01	melanogaster	D. melanogaster
Q9VMQ8	1	U-01	melanogaster	D. melanogaster
Q9VMS1	3	U-03	melanogaster	D. melanogaster
Q9VMS8	0	unassigned	melanogaster	D. melanogaster
Q9VMT6	0	unassigned	melanogaster	D. melanogaster
Q9VMU0	1	U-01	melanogaster	D. melanogaster
Q9VMV7	1	U-01	melanogaster	D. melanogaster
Q9VMX3	1	U-01	melanogaster	D. melanogaster
Q9VMX4	1	U-01	melanogaster	D. melanogaster
Q9VMX7	0	unassigned	melanogaster	D. melanogaster
Q9VMX8	0	unassigned	melanogaster	D. melanogaster
Q9VMX9	0	unassigned	melanogaster	D. melanogaster
Q9VMZ3	2	U-02	melanogaster	D. melanogaster
Q9VN02	1	U-01	melanogaster	D. melanogaster
Q9VN18	1	U-01	melanogaster	D. melanogaster
Q9VN23	1	U-01	melanogaster	D. melanogaster
Q9VN27	1	U-01	melanogaster	D. melanogaster
Q9VN29	3	U-03	melanogaster	D. melanogaster
Q9VN31	1	U-01	melanogaster	D. melanogaster
Q9VN41	1	U-01	melanogaster	D. melanogaster
Q9VN44	1	U-01	melanogaster	D. melanogaster
Q9VN57	0	unassigned	melanogaster	D. melanogaster
Q9VN68	1	U-01	melanogaster	D. melanogaster
Q9VN77	1	U-01	melanogaster	D. melanogaster
Q9VN95	1	U-01	melanogaster	D. melanogaster
Q9VNA6	1	U-01	melanogaster	D. melanogaster
Q9VNB9	1	U-01	melanogaster	D. melanogaster
Q9VNE3	1	U-01	melanogaster	D. melanogaster
Q9W5E8	0	unassigned	melanogaster	D. melanogaster
Q9W5G1	1	U-01	melanogaster	D. melanogaster
Q9W5G3	2	U-02	melanogaster	D. melanogaster
Q9W5S7	1	U-01	melanogaster	D. melanogaster
Q9W5U8	0	unassigned	melanogaster	D. melanogaster
Q9W5W8	1	U-01	melanogaster	D. melanogaster
Q9W5W9	1	U-01	melanogaster	D. melanogaster
Q9XY35	3	U-03	melanogaster	D. melanogaster
Q9XYA7	1	U-01	melanogaster	D. melanogaster
Q9XZ16	1	U-01	melanogaster	D. melanogaster
Q9XZ19	1	U-01	melanogaster	D. melanogaster
Q9XZ21	1	U-01	melanogaster	D. melanogaster
Q9XZ28	1	U-01	melanogaster	D. melanogaster
Q9XZF0	1	U-01	melanogaster	D. melanogaster
Q9XZS9	1	U-01	melanogaster	D. melanogaster
Q9XZU1	1	U-01	melanogaster	D. melanogaster
Q9Y0V3	1	U-01	melanogaster	D. melanogaster
Q9Y0Y5	1	U-01	melanogaster	D. melanogaster
Q9Y105	1	U-01	melanogaster	D. melanogaster
Q9Y122	2	U-02	melanogaster	D. melanogaster
Q9VZN1	2	U-02	melanogaster	D. melanogaster
Q9VZN2	1	U-01	melanogaster	D. melanogaster
Q9VZN6	2	U-02	melanogaster	D. melanogaster
Q9VZP2	3	U-03	melanogaster	D. melanogaster
Q9VZP9	1	U-01	melanogaster	D. melanogaster
Q9VZQ4	0	unassigned	melanogaster	D. melanogaster
Q9VZQ5	0	unassigned	melanogaster	D. melanogaster
Q9VZQ9	1	U-01	melanogaster	D. melanogaster
Q9VZR0	1	U-01	melanogaster	D. melanogaster
Q9VZR1	1	U-01	melanogaster	D. melanogaster
Q9VZR2	0	unassigned	melanogaster	D. melanogaster
Q9VZR8	1	U-01	melanogaster	D. melanogaster
Q9VZS5	1	U-01	melanogaster	D. melanogaster
Q9VZT6	2	U-02	melanogaster	D. melanogaster
Q9VZT8	1	U-01	melanogaster	D. melanogaster
Q9VZU5	1	U-01	melanogaster	D. melanogaster
Q9VZU9	3	U-03	melanogaster	D. melanogaster
Q9VZV5	1	U-01	melanogaster	D. melanogaster
Q9VZV8	1	U-01	melanogaster	D. melanogaster
Q9VZV9	1	U-01	melanogaster	D. melanogaster
Q9VZW1	1	U-01	melanogaster	D. melanogaster
Q9VZW4	1	U-01	melanogaster	D. melanogaster
Q9VZW6	1	U-01	melanogaster	D. melanogaster
Q9VZX8	2	U-02	melanogaster	D. melanogaster
Q9VZY7	1	U-01	melanogaster	D. melanogaster
Q9VZY9	1	U-01	melanogaster	D. melanogaster
Q9VZZ8	1	U-01	melanogaster	D. melanogaster
Q9W011	0	unassigned	melanogaster	D. melanogaster
Q9W013	1	U-01	melanogaster	D. melanogaster
Q9W020	1	U-01	melanogaster	D. melanogaster
Q9W021	1	U-01	melanogaster	D. melanogaster
Q9W022	1	U-01	melanogaster	D. melanogaster
Q9W028	2	U-02	melanogaster	D. melanogaster
Q9W029	2	U-02	melanogaster	D. melanogaster
Q9W030	2	U-02	melanogaster	D. melanogaster
Q9W033	1	U-01	melanogaster	D. melanogaster
Q9W039	1	U-01	melanogaster	D. melanogaster
X2JA36	1	U-01	melanogaster	D. melanogaster
X2JA56	1	U-01	melanogaster	D. melanogaster
X2JA66	2	U-02	melanogaster	D. melanogaster
X2JA69	1	U-01	melanogaster	D. melanogaster
X2JA83	3	U-03	melanogaster	D. melanogaster
X2JAA3	1	U-01	melanogaster	D. melanogaster
X2JAE9	3	U-03	melanogaster	D. melanogaster
X2JAF0	1	U-01	melanogaster	D. melanogaster
X2JAF1	0	unassigned	melanogaster	D. melanogaster
X2JAF7	1	U-01	melanogaster	D. melanogaster
X2JAG1	1	U-01	melanogaster	D. melanogaster
X2JAH0	0	unassigned	melanogaster	D. melanogaster
X2JAH5	2	U-02	melanogaster	D. melanogaster
X2JAH8	1	U-01	melanogaster	D. melanogaster
X2JAJ8	0	unassigned	melanogaster	D. melanogaster
X2JAL9	1	U-01	melanogaster	D. melanogaster
X2JAM1	2	U-02	melanogaster	D. melanogaster
X2JAN0	0	unassigned	melanogaster	D. melanogaster
X2JAP0	1	U-01	melanogaster	D. melanogaster
X2JAQ4	1	U-01	melanogaster	D. melanogaster
X2JAW9	1	U-01	melanogaster	D. melanogaster
X2JAX2	2	U-02	melanogaster	D. melanogaster
X2JAX3	1	U-01	melanogaster	D. melanogaster
X2JAX9	1	U-01	melanogaster	D. melanogaster
X2JB08	1	U-01	melanogaster	D. melanogaster
X2JB15	2	U-02	melanogaster	D. melanogaster
X2JB24	1	U-01	melanogaster	D. melanogaster
X2JB32	1	U-01	melanogaster	D. melanogaster
X2JB38	1	U-01	melanogaster	D. melanogaster
X2JB44	1	U-01	melanogaster	D. melanogaster
X2JB87	1	U-01	melanogaster	D. melanogaster
X2JB94	0	unassigned	melanogaster	D. melanogaster
X2JBA7	2	U-02	melanogaster	D. melanogaster
X2JBD0	1	U-01	melanogaster	D. melanogaster
X2JBG6	1	U-01	melanogaster	D. melanogaster
X2JBI9	2	U-02	melanogaster	D. melanogaster
X2JBJ9	1	U-01	melanogaster	D. melanogaster
X2JBR4	1	U-01	melanogaster	D. melanogaster
X2JBT5	1	U-01	melanogaster	D. melanogaster
X2JBU2	1	U-01	melanogaster	D. melanogaster
X2JBY1	2	U-02	melanogaster	D. melanogaster
X2JC02	1	U-01	melanogaster	D. melanogaster
X2JC14	1	U-01	melanogaster	D. melanogaster
X2JC20	1	U-01	melanogaster	D. melanogaster
X2JC54	1	U-01	melanogaster	D. melanogaster
X2JC86	0	unassigned	melanogaster	D. melanogaster
X2JC90	2	U-02	melanogaster	D. melanogaster
X2JCA9	3	U-03	melanogaster	D. melanogaster
X2JCB2	0	unassigned	melanogaster	D. melanogaster
X2JCD3	2	U-02	melanogaster	D. melanogaster
X2JCD6	1	U-01	melanogaster	D. melanogaster
X2JCE2	1	U-01	melanogaster	D. melanogaster
X2JCE7	1	U-01	melanogaster	D. melanogaster
X2JCF3	1	U-01	melanogaster	D. melanogaster
X2JCG0	1	U-01	melanogaster	D. melanogaster
X2JCG6	2	U-02	melanogaster	D. melanogaster
X2JCG8	3	U-03	melanogaster	D. melanogaster
X2JCH4	1	U-01	melanogaster	D. melanogaster
X2JCI6	1	U-01	melanogaster	D. melanogaster
X2JCL3	1	U-01	melanogaster	D. melanogaster
X2JCL6	3	U-03	melanogaster	D. melanogaster
X2JCQ7	1	U-01	melanogaster	D. melanogaster
X2JCR2	1	U-01	melanogaster	D. melanogaster
Q9VRJ6	1	U-01	melanogaster	D. melanogaster
Q9VRK9	1	U-01	melanogaster	D. melanogaster
Q9VRL1	1	U-01	melanogaster	D. melanogaster
Q9VRL4	0	unassigned	melanogaster	D. melanogaster
Q9VRN5	1	U-01	melanogaster	D. melanogaster
Q9VRP5	1	U-01	melanogaster	D. melanogaster
Q9VRQ2	1	U-01	melanogaster	D. melanogaster
Q9VRQ7	1	U-01	melanogaster	D. melanogaster
Q9VRQ9	2	U-02	melanogaster	D. melanogaster
Q9VRR2	3	U-03	melanogaster	D. melanogaster
Q9VRX1	1	U-01	melanogaster	D. melanogaster
Q9VRX2	1	U-01	melanogaster	D. melanogaster
Q9VS05	1	U-01	melanogaster	D. melanogaster
Q9VS24	1	U-01	melanogaster	D. melanogaster
Q9VS29	2	U-02	melanogaster	D. melanogaster
Q9VS47	3	U-03	melanogaster	D. melanogaster
Q9VS48	1	U-01	melanogaster	D. melanogaster
Q9VS60	1	U-01	melanogaster	D. melanogaster
Q9VS97	2	U-02	melanogaster	D. melanogaster
Q9VSA3	1	U-01	melanogaster	D. melanogaster
Q9VSB9	1	U-01	melanogaster	D. melanogaster
Q9VSD6	1	U-01	melanogaster	D. melanogaster
Q9VSE2	1	U-01	melanogaster	D. melanogaster
Q9VSE6	1	U-01	melanogaster	D. melanogaster
Q9VSF2	1	U-01	melanogaster	D. melanogaster
Q9VSH2	3	U-03	melanogaster	D. melanogaster
Q9VSH3	3	U-03	melanogaster	D. melanogaster
Q9VSK2	1	U-01	melanogaster	D. melanogaster
Q9VSK5	1	U-01	melanogaster	D. melanogaster
Q9VSL3	0	unassigned	melanogaster	D. melanogaster
Q9VSL8	1	U-01	melanogaster	D. melanogaster
Q9VSQ0	1	U-01	melanogaster	D. melanogaster
Q9VSS1	1	U-01	melanogaster	D. melanogaster
Q9VSU2	2	U-02	melanogaster	D. melanogaster
Q9VSW5	1	U-01	melanogaster	D. melanogaster
Q9VSY8	1	U-01	melanogaster	D. melanogaster
Q9VT00	1	U-01	melanogaster	D. melanogaster
Q9VT04	3	U-03	melanogaster	D. melanogaster
Q9VT28	1	U-01	melanogaster	D. melanogaster
Q9VT40	1	U-01	melanogaster	D. melanogaster
Q9VT41	1	U-01	melanogaster	D. melanogaster
Q9VT51	1	U-01	melanogaster	D. melanogaster
Q9VT57	1	U-01	melanogaster	D. melanogaster
Q9VT70	1	U-01	melanogaster	D. melanogaster
Q9VT75	1	U-01	melanogaster	D. melanogaster
Q9VT92	0	unassigned	melanogaster	D. melanogaster
Q9VT98	1	U-01	melanogaster	D. melanogaster
Q9VT99	1	U-01	melanogaster	D. melanogaster
Q9VTE2	1	U-01	melanogaster	D. melanogaster
Q9VTH0	2	U-02	melanogaster	D. melanogaster
Q9VTH1	1	U-01	melanogaster	D. melanogaster
Q9VTK2	3	U-03	melanogaster	D. melanogaster
Q9VTL1	1	U-01	melanogaster	D. melanogaster
Q9VTM0	1	U-01	melanogaster	D. melanogaster
Q9VTN0	0	unassigned	melanogaster	D. melanogaster
Q9VTS6	1	U-01	melanogaster	D. melanogaster
Q9VTS8	1	U-01	melanogaster	D. melanogaster
Q9VTS9	1	U-01	melanogaster	D. melanogaster
Q9VTT0	2	U-02	melanogaster	D. melanogaster
A0A0B4KI32	1	U-01	melanogaster	D. melanogaster
A0A0B4KI37	1	U-01	melanogaster	D. melanogaster
A0A0B4KI45	0	unassigned	melanogaster	D. melanogaster
A0A0B4KI70	1	U-01	melanogaster	D. melanogaster
A0A0B4LEF0	1	U-01	melanogaster	D. melanogaster
A0A0B4LEV2	1	U-01	melanogaster	D. melanogaster
A0A0B4LEY1	1	U-01	melanogaster	D. melanogaster
A0A0B4LEY4	1	U-01	melanogaster	D. melanogaster
A0A0B4LF25	1	U-01	melanogaster	D. melanogaster
A0A0B4LF33	1	U-01	melanogaster	D. melanogaster
A0A0B4LFA9	1	U-01	melanogaster	D. melanogaster
A0A0B4LFB8	1	U-01	melanogaster	D. melanogaster
A0A0B4LFH8	1	U-01	melanogaster	D. melanogaster
A0A0B4LFI7	3	U-03	melanogaster	D. melanogaster
A0A0B4LFT7	1	U-01	melanogaster	D. melanogaster
A0A0B4LFU9	1	U-01	melanogaster	D. melanogaster
A0A0B4LG73	1	U-01	melanogaster	D. melanogaster
A0A0B4LGA7	2	U-02	melanogaster	D. melanogaster
A0A0B4LGF1	2	U-02	melanogaster	D. melanogaster
A0A0B4LGF5	1	U-01	melanogaster	D. melanogaster
A0A0B4LGG6	1	U-01	melanogaster	D. melanogaster
A0A0B4LGL8	1	U-01	melanogaster	D. melanogaster
A0A0B4LGQ5	1	U-01	melanogaster	D. melanogaster
A0A0B4LGR2	1	U-01	melanogaster	D. melanogaster
A0A0B4LGV3	0	unassigned	melanogaster	D. melanogaster
A0A0B4LGZ6	1	U-01	melanogaster	D. melanogaster
A0A0B4LH21	1	U-01	melanogaster	D. melanogaster
A0A0B4LH22	1	U-01	melanogaster	D. melanogaster
A0A0B4LH53	1	U-01	melanogaster	D. melanogaster
A0A0B4LH59	1	U-01	melanogaster	D. melanogaster
A0A0B4LH79	1	U-01	melanogaster	D. melanogaster
A0A0B4LHD7	3	U-03	melanogaster	D. melanogaster
A0A0B4LHD9	3	U-03	melanogaster	D. melanogaster
A0A0B4LHE0	3	U-03	melanogaster	D. melanogaster
A0A0B4LHG1	1	U-01	melanogaster	D. melanogaster
A0A0B4LHH4	1	U-01	melanogaster	D. melanogaster
A0A0B4LHI9	1	U-01	melanogaster	D. melanogaster
A0A0B4LHP1	1	U-01	melanogaster	D. melanogaster
A0A0B4LHQ4	1	U-01	melanogaster	D. melanogaster
A0A0B4LHR3	1	U-01	melanogaster	D. melanogaster
A0A0B4LHS3	0	unassigned	melanogaster	D. melanogaster
B7YZX0	2	U-02	melanogaster	D. melanogaster
B7YZX1	2	U-02	melanogaster	D. melanogaster
B7YZX6	1	U-01	melanogaster	D. melanogaster
B7YZX9	1	U-01	melanogaster	D. melanogaster
B7YZY0	1	U-01	melanogaster	D. melanogaster
B7Z006	2	U-02	melanogaster	D. melanogaster
M9PCV9	1	U-01	melanogaster	D. melanogaster
M9PCW6	1	U-01	melanogaster	D. melanogaster
M9PCW9	1	U-01	melanogaster	D. melanogaster
M9PCX0	0	unassigned	melanogaster	D. melanogaster
M9PCX6	1	U-01	melanogaster	D. melanogaster
M9PCX9	1	U-01	melanogaster	D. melanogaster
M9PCZ1	2	U-02	melanogaster	D. melanogaster
M9PD02	1	U-01	melanogaster	D. melanogaster
M9PD13	0	unassigned	melanogaster	D. melanogaster
M9PD19	1	U-01	melanogaster	D. melanogaster
M9PD33	1	U-01	melanogaster	D. melanogaster
M9PD45	1	U-01	melanogaster	D. melanogaster
M9PD56	1	U-01	melanogaster	D. melanogaster
M9PD88	1	U-01	melanogaster	D. melanogaster
M9PD90	1	U-01	melanogaster	D. melanogaster
M9PD95	1	U-01	melanogaster	D. melanogaster
M9PDA4	2	U-02	melanogaster	D. melanogaster
M9PDA6	1	U-01	melanogaster	D. melanogaster
M9PDA9	1	U-01	melanogaster	D. melanogaster
M9PDB4	1	U-01	melanogaster	D. melanogaster
M9PDC7	1	U-01	melanogaster	D. melanogaster
M9PDD4	1	U-01	melanogaster	D. melanogaster
M9PDD5	1	U-01	melanogaster	D. melanogaster
M9PDD7	1	U-01	melanogaster	D. melanogaster
M9PDE6	1	U-01	melanogaster	D. melanogaster
M9PDE7	1	U-01	melanogaster	D. melanogaster
M9PDF2	1	U-01	melanogaster	D. melanogaster
M9PDF8	1	U-01	melanogaster	D. melanogaster
M9PDG9	3	U-03	melanogaster	D. melanogaster
M9PDH5	1	U-01	melanogaster	D. melanogaster
M9PDJ6	3	U-03	melanogaster	D. melanogaster
M9PDJ9	1	U-01	melanogaster	D. melanogaster
M9PDK4	3	U-03	melanogaster	D. melanogaster
M9PDL0	0	unassigned	melanogaster	D. melanogaster
M9PDL8	1	U-01	melanogaster	D. melanogaster
M9PDL9	1	U-01	melanogaster	D. melanogaster
M9PDM9	1	U-01	melanogaster	D. melanogaster
M9PDP3	1	U-01	melanogaster	D. melanogaster
M9PDP5	1	U-01	melanogaster	D. melanogaster
M9PDP6	2	U-02	melanogaster	D. melanogaster
M9PDR6	1	U-01	melanogaster	D. melanogaster
M9PDR8	1	U-01	melanogaster	D. melanogaster
M9PDT6	1	U-01	melanogaster	D. melanogaster
M9PDU2	0	unassigned	melanogaster	D. melanogaster
M9PDU5	1	U-01	melanogaster	D. melanogaster
M9PDV3	1	U-01	melanogaster	D. melanogaster
M9PDW3	0	unassigned	melanogaster	D. melanogaster
M9PDW8	0	unassigned	melanogaster	D. melanogaster
M9PDX6	0	unassigned	melanogaster	D. melanogaster
M9PDY3	1	U-01	melanogaster	D. melanogaster
M9PDY6	1	U-01	melanogaster	D. melanogaster
M9PE00	1	U-01	melanogaster	D. melanogaster
M9PE16	1	U-01	melanogaster	D. melanogaster
M9PE21	1	U-01	melanogaster	D. melanogaster
M9PE30	1	U-01	melanogaster	D. melanogaster
M9PE36	0	unassigned	melanogaster	D. melanogaster
M9PE38	0	unassigned	melanogaster	D. melanogaster
M9PE48	1	U-01	melanogaster	D. melanogaster
M9PE56	1	U-01	melanogaster	D. melanogaster
M9PE57	1	U-01	melanogaster	D. melanogaster
M9PE64	1	U-01	melanogaster	D. melanogaster
M9PE67	2	U-02	melanogaster	D. melanogaster
M9PE70	1	U-01	melanogaster	D. melanogaster
M9PE74	1	U-01	melanogaster	D. melanogaster
M9PE75	1	U-01	melanogaster	D. melanogaster
M9PE85	1	U-01	melanogaster	D. melanogaster
M9PE86	1	U-01	melanogaster	D. melanogaster
M9PE91	1	U-01	melanogaster	D. melanogaster
M9PEA8	1	U-01	melanogaster	D. melanogaster
M9PEB5	3	U-03	melanogaster	D. melanogaster
M9PEB7	1	U-01	melanogaster	D. melanogaster
M9PEE1	1	U-01	melanogaster	D. melanogaster
M9PEE4	1	U-01	melanogaster	D. melanogaster
M9PEE9	2	U-02	melanogaster	D. melanogaster
M9PEF6	1	U-01	melanogaster	D. melanogaster
M9PEH8	1	U-01	melanogaster	D. melanogaster
M9PEI0	2	U-02	melanogaster	D. melanogaster
M9PEJ1	1	U-01	melanogaster	D. melanogaster
M9PEJ3	1	U-01	melanogaster	D. melanogaster
M9PEJ7	1	U-01	melanogaster	D. melanogaster
M9PEJ9	1	U-01	melanogaster	D. melanogaster
M9PEK0	1	U-01	melanogaster	D. melanogaster
M9PEK7	1	U-01	melanogaster	D. melanogaster
Q0KID3	1	U-01	melanogaster	D. melanogaster
Q0KIE6	2	U-02	melanogaster	D. melanogaster
Q0KIF0	1	U-01	melanogaster	D. melanogaster
Q23971	1	U-01	melanogaster	D. melanogaster
Q24077	1	U-01	melanogaster	D. melanogaster
Q24118	1	U-01	melanogaster	D. melanogaster
Q24175	1	U-01	melanogaster	D. melanogaster
Q24404	0	unassigned	melanogaster	D. melanogaster
Q24437	1	U-01	melanogaster	D. melanogaster
Q24536	1	U-01	melanogaster	D. melanogaster
Q27241	1	U-01	melanogaster	D. melanogaster
Q9VTQ5	2	U-02	melanogaster	D. melanogaster
Q9VTS1	1	U-01	melanogaster	D. melanogaster
Q9VTS7	1	U-01	melanogaster	D. melanogaster
Q9VTT1	1	U-01	melanogaster	D. melanogaster
Q9VTT4	1	U-01	melanogaster	D. melanogaster
Q9VTU6	0	unassigned	melanogaster	D. melanogaster
Q9VTV7	1	U-01	melanogaster	D. melanogaster
Q9VTY0	1	U-01	melanogaster	D. melanogaster
Q9VTY1	0	unassigned	melanogaster	D. melanogaster
Q9VTY7	0	unassigned	melanogaster	D. melanogaster
Q9VTZ7	1	U-01	melanogaster	D. melanogaster
Q9VU04	1	U-01	melanogaster	D. melanogaster
Q9VU11	1	U-01	melanogaster	D. melanogaster
Q9VU12	1	U-01	melanogaster	D. melanogaster
Q9VU21	0	unassigned	melanogaster	D. melanogaster
Q9VU23	1	U-01	melanogaster	D. melanogaster
Q9VU25	1	U-01	melanogaster	D. melanogaster
Q9VU26	1	U-01	melanogaster	D. melanogaster
Q9VU30	3	U-03	melanogaster	D. melanogaster
Q9VU46	1	U-01	melanogaster	D. melanogaster
Q9VU47	2	U-02	melanogaster	D. melanogaster
Q9VU50	0	unassigned	melanogaster	D. melanogaster
Q9VU56	1	U-01	melanogaster	D. melanogaster
Q9VU57	1	U-01	melanogaster	D. melanogaster
Q9VU60	1	U-01	melanogaster	D. melanogaster
Q9VU61	1	U-01	melanogaster	D. melanogaster
Q9VU62	1	U-01	melanogaster	D. melanogaster
Q9VU64	3	U-03	melanogaster	D. melanogaster
Q9VU69	1	U-01	melanogaster	D. melanogaster
Q9VU70	1	U-01	melanogaster	D. melanogaster
Q9VU71	1	U-01	melanogaster	D. melanogaster
Q9VU75	0	unassigned	melanogaster	D. melanogaster
Q9VU78	2	U-02	melanogaster	D. melanogaster
Q9VU89	1	U-01	melanogaster	D. melanogaster
Q9VU93	1	U-01	melanogaster	D. melanogaster
Q9VU96	1	U-01	melanogaster	D. melanogaster
Q9VUA6	1	U-01	melanogaster	D. melanogaster
Q9VUB0	0	unassigned	melanogaster	D. melanogaster
Q9VUC4	1	U-01	melanogaster	D. melanogaster
Q9VZ59	1	U-01	melanogaster	D. melanogaster
Q9VZ60	0	unassigned	melanogaster	D. melanogaster
Q9VZ66	1	U-01	melanogaster	D. melanogaster
Q9VZ67	1	U-01	melanogaster	D. melanogaster
Q9VZ71	3	U-03	melanogaster	D. melanogaster
Q9VZ78	1	U-01	melanogaster	D. melanogaster
Q9VZ80	1	U-01	melanogaster	D. melanogaster
Q9VZ87	1	U-01	melanogaster	D. melanogaster
Q9VZ90	1	U-01	melanogaster	D. melanogaster
Q9VZ91	1	U-01	melanogaster	D. melanogaster
Q9VZ92	1	U-01	melanogaster	D. melanogaster
Q9VZ99	1	U-01	melanogaster	D. melanogaster
Q9VZB0	1	U-01	melanogaster	D. melanogaster
Q9VZB1	1	U-01	melanogaster	D. melanogaster
Q9VZB2	1	U-01	melanogaster	D. melanogaster
Q9VZB3	1	U-01	melanogaster	D. melanogaster
Q9VZB4	1	U-01	melanogaster	D. melanogaster
Q9VZB5	1	U-01	melanogaster	D. melanogaster
Q9VZB7	1	U-01	melanogaster	D. melanogaster
Q9VZB8	1	U-01	melanogaster	D. melanogaster
Q9VZC0	1	U-01	melanogaster	D. melanogaster
Q9VZC2	1	U-01	melanogaster	D. melanogaster
Q9VZC8	1	U-01	melanogaster	D. melanogaster
Q9VZE4	1	U-01	melanogaster	D. melanogaster
Q9VZE8	1	U-01	melanogaster	D. melanogaster
Q9VZG4	1	U-01	melanogaster	D. melanogaster
Q9VZH1	1	U-01	melanogaster	D. melanogaster
Q9VZJ2	1	U-01	melanogaster	D. melanogaster
Q9VZK1	1	U-01	melanogaster	D. melanogaster
Q9VZK4	1	U-01	melanogaster	D. melanogaster
Q9VZK6	1	U-01	melanogaster	D. melanogaster
Q9VZK7	1	U-01	melanogaster	D. melanogaster
Q9VZK9	0	unassigned	melanogaster	D. melanogaster
Q9VZL8	3	U-03	melanogaster	D. melanogaster
Q9VZN5	1	U-01	melanogaster	D. melanogaster
Q9VZP1	0	unassigned	melanogaster	D. melanogaster
Q9VZQ7	1	U-01	melanogaster	D. melanogaster
Q9VZR5	1	U-01	melanogaster	D. melanogaster
Q9VZR7	1	U-01	melanogaster	D. melanogaster
Q9VZT2	1	U-01	melanogaster	D. melanogaster
Q9VZT5	2	U-02	melanogaster	D. melanogaster
Q9VZT9	1	U-01	melanogaster	D. melanogaster
Q9VZU0	1	U-01	melanogaster	D. melanogaster
Q9VZW2	1	U-01	melanogaster	D. melanogaster
Q9VZX0	1	U-01	melanogaster	D. melanogaster
Q9VZX6	1	U-01	melanogaster	D. melanogaster
Q9VZY0	1	U-01	melanogaster	D. melanogaster
Q9VZZ0	1	U-01	melanogaster	D. melanogaster
Q9VZZ1	1	U-01	melanogaster	D. melanogaster
Q9VZZ2	1	U-01	melanogaster	D. melanogaster
Q9VZZ5	1	U-01	melanogaster	D. melanogaster
Q9VZZ6	1	U-01	melanogaster	D. melanogaster
Q9W009	1	U-01	melanogaster	D. melanogaster
Q9W012	2	U-02	melanogaster	D. melanogaster
Q9W019	1	U-01	melanogaster	D. melanogaster
Q9W024	3	U-03	melanogaster	D. melanogaster
Q9W041	1	U-01	melanogaster	D. melanogaster
Q9W043	1	U-01	melanogaster	D. melanogaster
Q9W044	3	U-03	melanogaster	D. melanogaster
Q9W045	1	U-01	melanogaster	D. melanogaster
Q9W047	1	U-01	melanogaster	D. melanogaster
Q9VLI4	1	U-01	melanogaster	D. melanogaster
Q9VLI5	1	U-01	melanogaster	D. melanogaster
Q9VLJ8	1	U-01	melanogaster	D. melanogaster
Q9VLK4	1	U-01	melanogaster	D. melanogaster
Q9VLL3	1	U-01	melanogaster	D. melanogaster
Q9VLP3	1	U-01	melanogaster	D. melanogaster
Q9VLP7	1	U-01	melanogaster	D. melanogaster
Q9VLQ1	1	U-01	melanogaster	D. melanogaster
Q9VLQ8	2	U-02	melanogaster	D. melanogaster
Q9VLS5	1	U-01	melanogaster	D. melanogaster
Q9VLT3	2	U-02	melanogaster	D. melanogaster
Q9VLT5	1	U-01	melanogaster	D. melanogaster
Q9VLV5	1	U-01	melanogaster	D. melanogaster
Q9VLX0	1	U-01	melanogaster	D. melanogaster
Q9VM08	0	unassigned	melanogaster	D. melanogaster
Q9VM15	1	U-01	melanogaster	D. melanogaster
Q9VM39	2	U-02	melanogaster	D. melanogaster
Q9VM43	2	U-02	melanogaster	D. melanogaster
Q9VM47	1	U-01	melanogaster	D. melanogaster
Q9VM50	1	U-01	melanogaster	D. melanogaster
Q9VM62	1	U-01	melanogaster	D. melanogaster
Q9VM64	2	U-02	melanogaster	D. melanogaster
Q9VM90	1	U-01	melanogaster	D. melanogaster
Q9VM92	1	U-01	melanogaster	D. melanogaster
Q9VM93	1	U-01	melanogaster	D. melanogaster
Q9VM96	3	U-03	melanogaster	D. melanogaster
Q9VMA7	0	unassigned	melanogaster	D. melanogaster
Q9VMD0	1	U-01	melanogaster	D. melanogaster
Q9VMD5	3	U-03	melanogaster	D. melanogaster
Q9VMF3	1	U-01	melanogaster	D. melanogaster
A0A0B4KEU9	1	U-01	melanogaster	D. melanogaster
A0A0B4KEW6	1	U-01	melanogaster	D. melanogaster
A0A0B4KEY9	1	U-01	melanogaster	D. melanogaster
A0A0B4KF06	1	U-01	melanogaster	D. melanogaster
A0A0B4KF12	3	U-03	melanogaster	D. melanogaster
A0A0B4KF57	1	U-01	melanogaster	D. melanogaster
A0A0B4KF62	1	U-01	melanogaster	D. melanogaster
A0A0B4KF69	1	U-01	melanogaster	D. melanogaster
A0A0B4KF88	1	U-01	melanogaster	D. melanogaster
A0A0B4KF90	1	U-01	melanogaster	D. melanogaster
A0A0B4KFE2	1	U-01	melanogaster	D. melanogaster
A0A0B4KFE3	1	U-01	melanogaster	D. melanogaster
A0A0B4KFG0	2	U-02	melanogaster	D. melanogaster
A0A0B4KFI4	1	U-01	melanogaster	D. melanogaster
A0A0B4KFI7	1	U-01	melanogaster	D. melanogaster
A0A0B4KFJ2	1	U-01	melanogaster	D. melanogaster
A0A0B4KFJ4	1	U-01	melanogaster	D. melanogaster
A0A0B4KFK7	1	U-01	melanogaster	D. melanogaster
A0A0B4KFP4	1	U-01	melanogaster	D. melanogaster
A0A0B4KFR7	1	U-01	melanogaster	D. melanogaster
A0A0B4KFT7	1	U-01	melanogaster	D. melanogaster
A0A0B4KFU5	0	unassigned	melanogaster	D. melanogaster
A0A0B4KFW0	1	U-01	melanogaster	D. melanogaster
A0A0B4KFY1	1	U-01	melanogaster	D. melanogaster
A0A0B4KFZ5	3	U-03	melanogaster	D. melanogaster
A0A0B4KG12	1	U-01	melanogaster	D. melanogaster
A0A0B4KG52	3	U-03	melanogaster	D. melanogaster
A0A0B4KG56	1	U-01	melanogaster	D. melanogaster
A0A0B4KG75	1	U-01	melanogaster	D. melanogaster
A0A0B4KGC6	1	U-01	melanogaster	D. melanogaster
A0A0B4KGD8	1	U-01	melanogaster	D. melanogaster
A0A0B4KGF4	3	U-03	melanogaster	D. melanogaster
A0A0B4KGF9	1	U-01	melanogaster	D. melanogaster
A0A0B4KGI5	2	U-02	melanogaster	D. melanogaster
A0A0B4KGJ5	1	U-01	melanogaster	D. melanogaster
A0A0B4KGK5	1	U-01	melanogaster	D. melanogaster
A0A0B4KGK6	1	U-01	melanogaster	D. melanogaster
A0A0B4KGK8	1	U-01	melanogaster	D. melanogaster
A0A0B4KGL0	2	U-02	melanogaster	D. melanogaster
A0A0B4KGM2	1	U-01	melanogaster	D. melanogaster
A0A0B4KGM3	1	U-01	melanogaster	D. melanogaster
A0A0B4KGP0	1	U-01	melanogaster	D. melanogaster
A0A0B4KGQ2	1	U-01	melanogaster	D. melanogaster
A0A0B4KGQ6	1	U-01	melanogaster	D. melanogaster
A0A0B4KGT2	1	U-01	melanogaster	D. melanogaster
A0A0B4KGU4	1	U-01	melanogaster	D. melanogaster
A0A0B4KGV8	1	U-01	melanogaster	D. melanogaster
A0A0B4KGX1	1	U-01	melanogaster	D. melanogaster
A0A0B4KGX5	1	U-01	melanogaster	D. melanogaster
A0A0B4KGZ9	2	U-02	melanogaster	D. melanogaster
A0A0B4KH05	1	U-01	melanogaster	D. melanogaster
A0A0B4KH08	1	U-01	melanogaster	D. melanogaster
A0A0B4KH09	1	U-01	melanogaster	D. melanogaster
A0A0B4KH37	1	U-01	melanogaster	D. melanogaster
A0A0B4KH64	0	unassigned	melanogaster	D. melanogaster
A0A0B4KH77	2	U-02	melanogaster	D. melanogaster
A0A0B4KH79	1	U-01	melanogaster	D. melanogaster
A0A0B4KH86	1	U-01	melanogaster	D. melanogaster
A0A0B4KHB6	1	U-01	melanogaster	D. melanogaster
A0A0B4KHE4	2	U-02	melanogaster	D. melanogaster
A0A0B4KHE6	0	unassigned	melanogaster	D. melanogaster
A0A0B4KHE7	3	U-03	melanogaster	D. melanogaster
A0A0B4KHF3	1	U-01	melanogaster	D. melanogaster
A0A0B4KHG1	1	U-01	melanogaster	D. melanogaster
A0A0B4KHG3	3	U-03	melanogaster	D. melanogaster
A0A0B4KHH8	1	U-01	melanogaster	D. melanogaster
A0A0B4KHI2	3	U-03	melanogaster	D. melanogaster
A0A0B4KHJ0	2	U-02	melanogaster	D. melanogaster
A0A0B4KHL2	1	U-01	melanogaster	D. melanogaster
A0A0B4KHM2	1	U-01	melanogaster	D. melanogaster
X2JIG6	3	U-03	melanogaster	D. melanogaster
X2JIW9	2	U-02	melanogaster	D. melanogaster
X2JJC8	1	U-01	melanogaster	D. melanogaster
X2JJX6	0	unassigned	melanogaster	D. melanogaster
X2JK78	3	U-03	melanogaster	D. melanogaster
X2JKC1	3	U-03	melanogaster	D. melanogaster
X2JKH9	0	unassigned	melanogaster	D. melanogaster
X2JKU5	1	U-01	melanogaster	D. melanogaster
X2JKW3	1	U-01	melanogaster	D. melanogaster
X2JKX2	1	U-01	melanogaster	D. melanogaster
X2JL73	1	U-01	melanogaster	D. melanogaster
X2JLF7	1	U-01	melanogaster	D. melanogaster
X2JLN4	1	U-01	melanogaster	D. melanogaster
A0A021WW37	3	U-03	melanogaster	D. melanogaster
A0A021WWW4	2	U-02	melanogaster	D. melanogaster
A0A021WWX0	3	U-03	melanogaster	D. melanogaster
A1Z734	1	U-01	melanogaster	D. melanogaster
A1Z738	1	U-01	melanogaster	D. melanogaster
A1Z739	1	U-01	melanogaster	D. melanogaster
A1Z758	1	U-01	melanogaster	D. melanogaster
A1Z759	1	U-01	melanogaster	D. melanogaster
A1Z760	1	U-01	melanogaster	D. melanogaster
A1Z763	1	U-01	melanogaster	D. melanogaster
A1Z771	1	U-01	melanogaster	D. melanogaster
A1Z773	3	U-03	melanogaster	D. melanogaster
A1Z777	1	U-01	melanogaster	D. melanogaster
A1Z780	1	U-01	melanogaster	D. melanogaster
A1Z783	1	U-01	melanogaster	D. melanogaster
A1Z7A1	3	U-03	melanogaster	D. melanogaster
A1Z7A4	1	U-01	melanogaster	D. melanogaster
A1Z7A5	1	U-01	melanogaster	D. melanogaster
A1Z7B0	1	U-01	melanogaster	D. melanogaster
A1Z7B2	0	unassigned	melanogaster	D. melanogaster
A1Z7B7	1	U-01	melanogaster	D. melanogaster
A1Z7C1	1	U-01	melanogaster	D. melanogaster
A1Z7E6	1	U-01	melanogaster	D. melanogaster
A1Z7E8	2	U-02	melanogaster	D. melanogaster
A1Z7F1	2	U-02	melanogaster	D. melanogaster
A1Z7F2	2	U-02	melanogaster	D. melanogaster
A1Z7F3	2	U-02	melanogaster	D. melanogaster
A1Z7G0	2	U-02	melanogaster	D. melanogaster
A1Z7G4	1	U-01	melanogaster	D. melanogaster
A1Z7G6	2	U-02	melanogaster	D. melanogaster
A1Z7H4	1	U-01	melanogaster	D. melanogaster
A1Z7H5	1	U-01	melanogaster	D. melanogaster
A1Z7H6	0	unassigned	melanogaster	D. melanogaster
A1Z7H7	2	U-02	melanogaster	D. melanogaster
A1Z7H8	2	U-02	melanogaster	D. melanogaster
A1Z7I1	3	U-03	melanogaster	D. melanogaster
A1Z7J8	1	U-01	melanogaster	D. melanogaster
A1Z7K1	1	U-01	melanogaster	D. melanogaster
A1Z7K2	1	U-01	melanogaster	D. melanogaster
A1Z7K6	1	U-01	melanogaster	D. melanogaster
A1Z7K8	1	U-01	melanogaster	D. melanogaster
A1Z7L2	2	U-02	melanogaster	D. melanogaster
A1Z7L7	3	U-03	melanogaster	D. melanogaster
A1Z7M9	3	U-03	melanogaster	D. melanogaster
A1Z7N1	3	U-03	melanogaster	D. melanogaster
A1Z7N2	3	U-03	melanogaster	D. melanogaster
A1Z7N3	3	U-03	melanogaster	D. melanogaster
A1Z7N5	1	U-01	melanogaster	D. melanogaster
A1Z7P1	1	U-01	melanogaster	D. melanogaster
A1Z7P3	0	unassigned	melanogaster	D. melanogaster
A1Z7P4	1	U-01	melanogaster	D. melanogaster
A1Z7Q6	1	U-01	melanogaster	D. melanogaster
A1Z7R3	3	U-03	melanogaster	D. melanogaster
A1Z7R9	1	U-01	melanogaster	D. melanogaster
A1Z7S0	1	U-01	melanogaster	D. melanogaster
A1Z7S4	3	U-03	melanogaster	D. melanogaster
A1Z7S5	3	U-03	melanogaster	D. melanogaster
A1Z7S9	1	U-01	melanogaster	D. melanogaster
A1Z7T6	0	unassigned	melanogaster	D. melanogaster
A1Z7U2	1	U-01	melanogaster	D. melanogaster
A1Z7V4	2	U-02	melanogaster	D. melanogaster
A1Z7W0	1	U-01	melanogaster	D. melanogaster
A1Z7W1	1	U-01	melanogaster	D. melanogaster
A1Z7W3	3	U-03	melanogaster	D. melanogaster
A1Z7W7	1	U-01	melanogaster	D. melanogaster
A1Z7X3	3	U-03	melanogaster	D. melanogaster
A1Z7X6	0	unassigned	melanogaster	D. melanogaster
A1Z7Y3	2	U-02	melanogaster	D. melanogaster
A1Z7Y4	1	U-01	melanogaster	D. melanogaster
A1Z7Z1	1	U-01	melanogaster	D. melanogaster
A1Z803	1	U-01	melanogaster	D. melanogaster
A1Z814	1	U-01	melanogaster	D. melanogaster
A1Z816	3	U-03	melanogaster	D. melanogaster
A1Z818	1	U-01	melanogaster	D. melanogaster
A1Z819	1	U-01	melanogaster	D. melanogaster
A1Z823	3	U-03	melanogaster	D. melanogaster
A1Z824	2	U-02	melanogaster	D. melanogaster
A1Z832	3	U-03	melanogaster	D. melanogaster
A1Z839	1	U-01	melanogaster	D. melanogaster
A1Z843	2	U-02	melanogaster	D. melanogaster
A1Z847	1	U-01	melanogaster	D. melanogaster
A1Z848	1	U-01	melanogaster	D. melanogaster
A1Z850	1	U-01	melanogaster	D. melanogaster
A1Z851	1	U-01	melanogaster	D. melanogaster
A1Z857	1	U-01	melanogaster	D. melanogaster
A1Z873	1	U-01	melanogaster	D. melanogaster
A1Z875	2	U-02	melanogaster	D. melanogaster
R9PY45	1	U-01	melanogaster	D. melanogaster
R9PY46	1	U-01	melanogaster	D. melanogaster
R9PY62	0	unassigned	melanogaster	D. melanogaster
R9PY64	1	U-01	melanogaster	D. melanogaster
R9PY70	1	U-01	melanogaster	D. melanogaster
R9PY73	1	U-01	melanogaster	D. melanogaster
V9H0I1	3	U-03	melanogaster	D. melanogaster
X2J4V0	1	U-01	melanogaster	D. melanogaster
X2J4W8	3	U-03	melanogaster	D. melanogaster
X2J508	2	U-02	melanogaster	D. melanogaster
X2J564	1	U-01	melanogaster	D. melanogaster
X2J5D8	2	U-02	melanogaster	D. melanogaster
X2J5E8	1	U-01	melanogaster	D. melanogaster
X2J5G6	1	U-01	melanogaster	D. melanogaster
X2J5J8	1	U-01	melanogaster	D. melanogaster
X2J6J0	1	U-01	melanogaster	D. melanogaster
X2J6N9	2	U-02	melanogaster	D. melanogaster
X2J6U8	0	unassigned	melanogaster	D. melanogaster
X2J6X1	1	U-01	melanogaster	D. melanogaster
X2J713	1	U-01	melanogaster	D. melanogaster
X2J786	0	unassigned	melanogaster	D. melanogaster
X2J7F1	1	U-01	melanogaster	D. melanogaster
X2J7P4	1	U-01	melanogaster	D. melanogaster
X2J7U0	1	U-01	melanogaster	D. melanogaster
X2J7Z6	2	U-02	melanogaster	D. melanogaster
X2J8E8	2	U-02	melanogaster	D. melanogaster
X2J8G3	1	U-01	melanogaster	D. melanogaster
X2J8I0	3	U-03	melanogaster	D. melanogaster
X2J8I7	1	U-01	melanogaster	D. melanogaster
X2J8M7	1	U-01	melanogaster	D. melanogaster
X2J8R0	1	U-01	melanogaster	D. melanogaster
X2J8T8	1	U-01	melanogaster	D. melanogaster
X2J8W7	1	U-01	melanogaster	D. melanogaster
X2J8X8	2	U-02	melanogaster	D. melanogaster
X2J8Y6	1	U-01	melanogaster	D. melanogaster
X2J924	1	U-01	melanogaster	D. melanogaster
X2J927	1	U-01	melanogaster	D. melanogaster
X2J935	1	U-01	melanogaster	D. melanogaster
X2J956	1	U-01	melanogaster	D. melanogaster
X2J969	1	U-01	melanogaster	D. melanogaster
X2J9A5	1	U-01	melanogaster	D. melanogaster
X2J9B3	1	U-01	melanogaster	D. melanogaster
X2J9C9	2	U-02	melanogaster	D. melanogaster
X2J9D7	2	U-02	melanogaster	D. melanogaster
X2J9F3	1	U-01	melanogaster	D. melanogaster
X2J9F6	0	unassigned	melanogaster	D. melanogaster
X2J9K6	1	U-01	melanogaster	D. melanogaster
X2J9P9	1	U-01	melanogaster	D. melanogaster
X2J9R2	1	U-01	melanogaster	D. melanogaster
X2J9R6	1	U-01	melanogaster	D. melanogaster
X2J9T3	3	U-03	melanogaster	D. melanogaster
X2J9U5	1	U-01	melanogaster	D. melanogaster
X2J9V1	2	U-02	melanogaster	D. melanogaster
X2J9V3	1	U-01	melanogaster	D. melanogaster
X2J9W8	2	U-02	melanogaster	D. melanogaster
X2J9Y1	1	U-01	melanogaster	D. melanogaster
X2J9Z3	2	U-02	melanogaster	D. melanogaster
X2JA03	1	U-01	melanogaster	D. melanogaster
X2JA35	1	U-01	melanogaster	D. melanogaster
A0A0B4LG98	1	U-01	melanogaster	D. melanogaster
A0A0B4LG99	1	U-01	melanogaster	D. melanogaster
A0A0B4LGA1	3	U-03	melanogaster	D. melanogaster
A0A0B4LGA9	1	U-01	melanogaster	D. melanogaster
A0A0B4LGC2	3	U-03	melanogaster	D. melanogaster
A0A0B4LGC6	1	U-01	melanogaster	D. melanogaster
A0A0B4LGD0	1	U-01	melanogaster	D. melanogaster
A0A0B4LGF2	1	U-01	melanogaster	D. melanogaster
A0A0B4LGF4	1	U-01	melanogaster	D. melanogaster
A0A0B4LGG5	2	U-02	melanogaster	D. melanogaster
A0A0B4LGH0	1	U-01	melanogaster	D. melanogaster
A0A0B4LGI7	1	U-01	melanogaster	D. melanogaster
A0A0B4LGK2	1	U-01	melanogaster	D. melanogaster
A0A0B4LGK6	1	U-01	melanogaster	D. melanogaster
A0A0B4LGL3	1	U-01	melanogaster	D. melanogaster
A0A0B4LGL7	1	U-01	melanogaster	D. melanogaster
A0A0B4LGM2	1	U-01	melanogaster	D. melanogaster
A0A0B4LGM3	0	unassigned	melanogaster	D. melanogaster
A0A0B4LGM4	1	U-01	melanogaster	D. melanogaster
A0A0B4LGN9	1	U-01	melanogaster	D. melanogaster
A0A0B4LGP2	1	U-01	melanogaster	D. melanogaster
A0A0B4LGP8	1	U-01	melanogaster	D. melanogaster
A0A0B4LGQ9	1	U-01	melanogaster	D. melanogaster
A0A0B4LGR3	1	U-01	melanogaster	D. melanogaster
A0A0B4LGR4	1	U-01	melanogaster	D. melanogaster
A0A0B4LGR7	1	U-01	melanogaster	D. melanogaster
A0A0B4LGS5	1	U-01	melanogaster	D. melanogaster
A0A0B4LGU5	1	U-01	melanogaster	D. melanogaster
A0A0B4LGU6	1	U-01	melanogaster	D. melanogaster
A0A0B4LGV0	1	U-01	melanogaster	D. melanogaster
A0A0B4LGW0	1	U-01	melanogaster	D. melanogaster
A0A0B4LGW4	1	U-01	melanogaster	D. melanogaster
A0A0B4LGY2	1	U-01	melanogaster	D. melanogaster
A0A0B4LGZ4	3	U-03	melanogaster	D. melanogaster
A0A0B4LGZ7	1	U-01	melanogaster	D. melanogaster
A0A0B4LH00	3	U-03	melanogaster	D. melanogaster
A0A0B4LH10	1	U-01	melanogaster	D. melanogaster
A0A0B4LH13	1	U-01	melanogaster	D. melanogaster
A0A0B4LH17	0	unassigned	melanogaster	D. melanogaster
A0A0B4LH25	1	U-01	melanogaster	D. melanogaster
A0A0B4LH29	0	unassigned	melanogaster	D. melanogaster
Q9W1V7	1	U-01	melanogaster	D. melanogaster
Q9W1X7	1	U-01	melanogaster	D. melanogaster
Q9W1Y2	1	U-01	melanogaster	D. melanogaster
Q9W1Y3	1	U-01	melanogaster	D. melanogaster
Q9W1Z6	2	U-02	melanogaster	D. melanogaster
Q9W256	0	unassigned	melanogaster	D. melanogaster
Q9W268	1	U-01	melanogaster	D. melanogaster
Q9W269	3	U-03	melanogaster	D. melanogaster
Q9W289	0	unassigned	melanogaster	D. melanogaster
Q9W297	1	U-01	melanogaster	D. melanogaster
Q9W2E3	1	U-01	melanogaster	D. melanogaster
Q9W2F3	1	U-01	melanogaster	D. melanogaster
Q9W2H2	2	U-02	melanogaster	D. melanogaster
Q9W2M5	2	U-02	melanogaster	D. melanogaster
Q9W2M6	2	U-02	melanogaster	D. melanogaster
Q9W2S3	1	U-01	melanogaster	D. melanogaster
Q9W2Z3	1	U-01	melanogaster	D. melanogaster
Q9W2Z4	1	U-01	melanogaster	D. melanogaster
Q9W314	2	U-02	melanogaster	D. melanogaster
Q9W323	1	U-01	melanogaster	D. melanogaster
Q9W324	1	U-01	melanogaster	D. melanogaster
Q9W327	1	U-01	melanogaster	D. melanogaster
Q9W329	1	U-01	melanogaster	D. melanogaster
Q9W332	2	U-02	melanogaster	D. melanogaster
Q9W351	1	U-01	melanogaster	D. melanogaster
Q9W352	1	U-01	melanogaster	D. melanogaster
Q9W367	0	unassigned	melanogaster	D. melanogaster
Q9W380	3	U-03	melanogaster	D. melanogaster
Q9W384	1	U-01	melanogaster	D. melanogaster
Q9W388	1	U-01	melanogaster	D. melanogaster
Q9W3C4	2	U-02	melanogaster	D. melanogaster
Q9W3I5	0	unassigned	melanogaster	D. melanogaster
A1Z9D9	3	U-03	melanogaster	D. melanogaster
A1Z9E0	3	U-03	melanogaster	D. melanogaster
A1Z9E5	3	U-03	melanogaster	D. melanogaster
A1Z9E6	3	U-03	melanogaster	D. melanogaster
A1Z9F4	1	U-01	melanogaster	D. melanogaster
A1Z9I6	1	U-01	melanogaster	D. melanogaster
A1Z9M2	3	U-03	melanogaster	D. melanogaster
A1Z9M5	1	U-01	melanogaster	D. melanogaster
A1Z9M9	1	U-01	melanogaster	D. melanogaster
A1Z9N1	1	U-01	melanogaster	D. melanogaster
A1Z9N3	3	U-03	melanogaster	D. melanogaster
A1Z9N6	2	U-02	melanogaster	D. melanogaster
A1Z9P1	1	U-01	melanogaster	D. melanogaster
A1Z9Q9	2	U-02	melanogaster	D. melanogaster
A1Z9S5	1	U-01	melanogaster	D. melanogaster
A1Z9S6	1	U-01	melanogaster	D. melanogaster
A1Z9S7	0	unassigned	melanogaster	D. melanogaster
A1Z9V2	1	U-01	melanogaster	D. melanogaster
A1Z9W5	1	U-01	melanogaster	D. melanogaster
A1Z9W7	1	U-01	melanogaster	D. melanogaster
A1ZA16	0	unassigned	melanogaster	D. melanogaster
A1ZA17	0	unassigned	melanogaster	D. melanogaster
A1ZA22	1	U-01	melanogaster	D. melanogaster
A1ZA34	2	U-02	melanogaster	D. melanogaster
A1ZA37	2	U-02	melanogaster	D. melanogaster
A1ZA38	2	U-02	melanogaster	D. melanogaster
A1ZA39	2	U-02	melanogaster	D. melanogaster
A1ZA41	2	U-02	melanogaster	D. melanogaster
A1ZA42	2	U-02	melanogaster	D. melanogaster
A1ZA44	2	U-02	melanogaster	D. melanogaster
A1ZA56	1	U-01	melanogaster	D. melanogaster
A1ZA64	0	unassigned	melanogaster	D. melanogaster
A1ZA83	3	U-03	melanogaster	D. melanogaster
A1ZA87	2	U-02	melanogaster	D. melanogaster
A1ZA90	2	U-02	melanogaster	D. melanogaster
A1ZA91	2	U-02	melanogaster	D. melanogaster
A1ZA92	1	U-01	melanogaster	D. melanogaster
A1ZA97	2	U-02	melanogaster	D. melanogaster
A1ZAB8	2	U-02	melanogaster	D. melanogaster
A1ZAC0	2	U-02	melanogaster	D. melanogaster
A1ZAF5	2	U-02	melanogaster	D. melanogaster
A1ZAF6	1	U-01	melanogaster	D. melanogaster
A1ZAH6	1	U-01	melanogaster	D. melanogaster
A1ZAH8	1	U-01	melanogaster	D. melanogaster
A1ZAI6	2	U-02	melanogaster	D. melanogaster
A1ZAK3	1	U-01	melanogaster	D. melanogaster
A1ZAK4	1	U-01	melanogaster	D. melanogaster
A1ZAK6	1	U-01	melanogaster	D. melanogaster
A1ZAK9	1	U-01	melanogaster	D. melanogaster
A1ZAM7	3	U-03	melanogaster	D. melanogaster
A1ZAM8	3	U-03	melanogaster	D. melanogaster
A1ZAS4	1	U-01	melanogaster	D. melanogaster
A1ZAS8	1	U-01	melanogaster	D. melanogaster
A1ZAT2	2	U-02	melanogaster	D. melanogaster
A1ZAU2	2	U-02	melanogaster	D. melanogaster
A1ZAU3	1	U-01	melanogaster	D. melanogaster
A1ZAV1	1	U-01	melanogaster	D. melanogaster
A1ZAV4	1	U-01	melanogaster	D. melanogaster
A1ZAV7	1	U-01	melanogaster	D. melanogaster
A1ZAX8	1	U-01	melanogaster	D. melanogaster
A1ZAY5	1	U-01	melanogaster	D. melanogaster
A1ZB15	2	U-02	melanogaster	D. melanogaster
A1ZB42	1	U-01	melanogaster	D. melanogaster
A1ZB47	1	U-01	melanogaster	D. melanogaster
A1ZB62	1	U-01	melanogaster	D. melanogaster
A1ZB63	1	U-01	melanogaster	D. melanogaster
A1ZB64	1	U-01	melanogaster	D. melanogaster
A1ZB66	0	unassigned	melanogaster	D. melanogaster
Q8INA9	2	U-02	melanogaster	D. melanogaster
Q8INC1	0	unassigned	melanogaster	D. melanogaster
Q8IND6	2	U-02	melanogaster	D. melanogaster
Q8INE2	0	unassigned	melanogaster	D. melanogaster
Q8INE8	1	U-01	melanogaster	D. melanogaster
Q8INE9	1	U-01	melanogaster	D. melanogaster
Q8INF8	3	U-03	melanogaster	D. melanogaster
Q8ING5	1	U-01	melanogaster	D. melanogaster
Q8ING6	1	U-01	melanogaster	D. melanogaster
Q8INJ2	1	U-01	melanogaster	D. melanogaster
Q8INJ4	1	U-01	melanogaster	D. melanogaster
Q8INK5	2	U-02	melanogaster	D. melanogaster
Q8INK7	3	U-03	melanogaster	D. melanogaster
Q8INL3	1	U-01	melanogaster	D. melanogaster
Q8INN5	1	U-01	melanogaster	D. melanogaster
Q8INN6	1	U-01	melanogaster	D. melanogaster
Q8INN7	1	U-01	melanogaster	D. melanogaster
Q8INP3	1	U-01	melanogaster	D. melanogaster
Q8INQ3	3	U-03	melanogaster	D. melanogaster
Q8INQ8	3	U-03	melanogaster	D. melanogaster
Q8INR5	1	U-01	melanogaster	D. melanogaster
Q8INR8	2	U-02	melanogaster	D. melanogaster
Q8INU1	1	U-01	melanogaster	D. melanogaster
Q8INU2	1	U-01	melanogaster	D. melanogaster
Q8INU6	1	U-01	melanogaster	D. melanogaster
Q8INW2	2	U-02	melanogaster	D. melanogaster
Q8INW9	1	U-01	melanogaster	D. melanogaster
Q8INX4	1	U-01	melanogaster	D. melanogaster
Q8INX8	2	U-02	melanogaster	D. melanogaster
Q8INZ1	3	U-03	melanogaster	D. melanogaster
Q8INZ7	3	U-03	melanogaster	D. melanogaster
Q8INZ8	1	U-01	melanogaster	D. melanogaster
Q8IP18	1	U-01	melanogaster	D. melanogaster
Q8IP30	1	U-01	melanogaster	D. melanogaster
Q8IP47	1	U-01	melanogaster	D. melanogaster
Q8IP52	1	U-01	melanogaster	D. melanogaster
Q8IP62	0	unassigned	melanogaster	D. melanogaster
Q8IP70	2	U-02	melanogaster	D. melanogaster
Q8IP73	0	unassigned	melanogaster	D. melanogaster
Q8IP79	1	U-01	melanogaster	D. melanogaster
Q8IP80	1	U-01	melanogaster	D. melanogaster
Q8IP91	1	U-01	melanogaster	D. melanogaster
Q8IPA2	2	U-02	melanogaster	D. melanogaster
Q8IPA4	2	U-02	melanogaster	D. melanogaster
Q8IPA5	1	U-01	melanogaster	D. melanogaster
Q8IPA6	1	U-01	melanogaster	D. melanogaster
Q8IPA7	1	U-01	melanogaster	D. melanogaster
Q8IPB2	1	U-01	melanogaster	D. melanogaster
Q8IPB8	0	unassigned	melanogaster	D. melanogaster
Q8IPD1	2	U-02	melanogaster	D. melanogaster
Q8IPD2	1	U-01	melanogaster	D. melanogaster
Q8IPD5	1	U-01	melanogaster	D. melanogaster
Q8IPD8	1	U-01	melanogaster	D. melanogaster
Q8IPE5	1	U-01	melanogaster	D. melanogaster
Q9VHF5	3	U-03	melanogaster	D. melanogaster
Q9VHG0	1	U-01	melanogaster	D. melanogaster
Q9VHG5	1	U-01	melanogaster	D. melanogaster
Q9VHG6	1	U-01	melanogaster	D. melanogaster
Q9VHG7	3	U-03	melanogaster	D. melanogaster
Q9VHH0	1	U-01	melanogaster	D. melanogaster
Q9VHI3	1	U-01	melanogaster	D. melanogaster
Q9VHI9	3	U-03	melanogaster	D. melanogaster
Q9VHJ0	2	U-02	melanogaster	D. melanogaster
Q9VHJ7	1	U-01	melanogaster	D. melanogaster
Q9VHK8	1	U-01	melanogaster	D. melanogaster
Q9VHL0	1	U-01	melanogaster	D. melanogaster
Q9VHL4	0	unassigned	melanogaster	D. melanogaster
Q9VHL6	1	U-01	melanogaster	D. melanogaster
Q9VHM2	1	U-01	melanogaster	D. melanogaster
Q9VHM5	0	unassigned	melanogaster	D. melanogaster
Q9VHN0	3	U-03	melanogaster	D. melanogaster
Q9VHN5	3	U-03	melanogaster	D. melanogaster
Q9VHN6	1	U-01	melanogaster	D. melanogaster
Q9VHN8	1	U-01	melanogaster	D. melanogaster
Q9VHP1	3	U-03	melanogaster	D. melanogaster
Q9VHP3	1	U-01	melanogaster	D. melanogaster
Q9VHP4	0	unassigned	melanogaster	D. melanogaster
Q9VHQ0	1	U-01	melanogaster	D. melanogaster
Q9VHQ4	3	U-03	melanogaster	D. melanogaster
Q9VHQ5	3	U-03	melanogaster	D. melanogaster
Q9VHR4	0	unassigned	melanogaster	D. melanogaster
Q9VHR5	1	U-01	melanogaster	D. melanogaster
Q9VHR9	3	U-03	melanogaster	D. melanogaster
Q9VHS0	1	U-01	melanogaster	D. melanogaster
Q9VHT2	1	U-01	melanogaster	D. melanogaster
Q9VHT5	1	U-01	melanogaster	D. melanogaster
Q9VHT9	3	U-03	melanogaster	D. melanogaster
Q9VHW5	1	U-01	melanogaster	D. melanogaster
Q9VHW8	1	U-01	melanogaster	D. melanogaster
Q9VHX3	1	U-01	melanogaster	D. melanogaster
Q9VHX4	1	U-01	melanogaster	D. melanogaster
Q9VHX9	2	U-02	melanogaster	D. melanogaster
Q9VHY2	1	U-01	melanogaster	D. melanogaster
Q9VHZ9	1	U-01	melanogaster	D. melanogaster
Q9VI00	1	U-01	melanogaster	D. melanogaster
Q9VI05	3	U-03	melanogaster	D. melanogaster
Q9VI06	1	U-01	melanogaster	D. melanogaster
Q9VI07	1	U-01	melanogaster	D. melanogaster
Q9VI09	1	U-01	melanogaster	D. melanogaster
Q9VI15	1	U-01	melanogaster	D. melanogaster
M9NFF6	0	unassigned	melanogaster	D. melanogaster
M9NFK2	1	U-01	melanogaster	D. melanogaster
M9NFP2	0	unassigned	melanogaster	D. melanogaster
M9NFP9	1	U-01	melanogaster	D. melanogaster
M9NFQ7	1	U-01	melanogaster	D. melanogaster
M9NFR6	2	U-02	melanogaster	D. melanogaster
M9NFS1	2	U-02	melanogaster	D. melanogaster
M9NFV3	0	unassigned	melanogaster	D. melanogaster
M9NFZ0	1	U-01	melanogaster	D. melanogaster
M9NG31	1	U-01	melanogaster	D. melanogaster
M9NG38	1	U-01	melanogaster	D. melanogaster
M9NGC6	1	U-01	melanogaster	D. melanogaster
M9NGE4	0	unassigned	melanogaster	D. melanogaster
M9NGF7	1	U-01	melanogaster	D. melanogaster
M9NGK3	2	U-02	melanogaster	D. melanogaster
M9NGL3	2	U-02	melanogaster	D. melanogaster
M9NGP0	1	U-01	melanogaster	D. melanogaster
M9NGR8	3	U-03	melanogaster	D. melanogaster
P54623	0	unassigned	melanogaster	D. melanogaster
P54733	1	U-01	melanogaster	D. melanogaster
P55162	1	U-01	melanogaster	D. melanogaster
P55824	1	U-01	melanogaster	D. melanogaster
P55830	1	U-01	melanogaster	D. melanogaster
P55965	1	U-01	melanogaster	D. melanogaster
P58957	0	unassigned	melanogaster	D. melanogaster
P61851	1	U-01	melanogaster	D. melanogaster
P61855	1	U-01	melanogaster	D. melanogaster
P81160	1	U-01	melanogaster	D. melanogaster
P81641	1	U-01	melanogaster	D. melanogaster
P81829	1	U-01	melanogaster	D. melanogaster
P81900	1	U-01	melanogaster	D. melanogaster
P81909	0	unassigned	melanogaster	D. melanogaster
P81910	0	unassigned	melanogaster	D. melanogaster
P81917	0	unassigned	melanogaster	D. melanogaster
P82705	1	U-01	melanogaster	D. melanogaster
P82706	1	U-01	melanogaster	D. melanogaster
P82804	1	U-01	melanogaster	D. melanogaster
P82910	1	U-01	melanogaster	D. melanogaster
P83094	1	U-01	melanogaster	D. melanogaster
P83100	1	U-01	melanogaster	D. melanogaster
P83103	1	U-01	melanogaster	D. melanogaster
P83293	0	unassigned	melanogaster	D. melanogaster
P83869	1	U-01	melanogaster	D. melanogaster
P83949	1	U-01	melanogaster	D. melanogaster
P83967	1	U-01	melanogaster	D. melanogaster
P84051	1	U-01	melanogaster	D. melanogaster
P91620	1	U-01	melanogaster	D. melanogaster
P91641	1	U-01	melanogaster	D. melanogaster
P91645	3	U-03	melanogaster	D. melanogaster
P91679	3	U-03	melanogaster	D. melanogaster
P91682	2	U-02	melanogaster	D. melanogaster
P91875	1	U-01	melanogaster	D. melanogaster
P91926	1	U-01	melanogaster	D. melanogaster
P91927	1	U-01	melanogaster	D. melanogaster
P91938	1	U-01	melanogaster	D. melanogaster
P91943	1	U-01	melanogaster	D. melanogaster
P92177	1	U-01	melanogaster	D. melanogaster
P92189	1	U-01	melanogaster	D. melanogaster
P92204	1	U-01	melanogaster	D. melanogaster
P92208	1	U-01	melanogaster	D. melanogaster
P98081	1	U-01	melanogaster	D. melanogaster
P98159	2	U-02	melanogaster	D. melanogaster
P98163	2	U-02	melanogaster	D. melanogaster
Q00168	1	U-01	melanogaster	D. melanogaster
Q00174	2	U-02	melanogaster	D. melanogaster
Q00637	1	U-01	melanogaster	D. melanogaster
Q00725	1	U-01	melanogaster	D. melanogaster
Q00748	3	U-03	melanogaster	D. melanogaster
Q00805	2	U-02	melanogaster	D. melanogaster
Q00963	1	U-01	melanogaster	D. melanogaster
Q01068	1	U-01	melanogaster	D. melanogaster
Q01069	1	U-01	melanogaster	D. melanogaster
Q01070	1	U-01	melanogaster	D. melanogaster
Q01071	1	U-01	melanogaster	D. melanogaster
Q01295	1	U-01	melanogaster	D. melanogaster
Q01583	1	U-01	melanogaster	D. melanogaster
Q01820	1	U-01	melanogaster	D. melanogaster
Q02280	1	U-01	melanogaster	D. melanogaster
Q02308	1	U-01	melanogaster	D. melanogaster
Q02427	1	U-01	melanogaster	D. melanogaster
Q02645	1	U-01	melanogaster	D. melanogaster
Q02748	1	U-01	melanogaster	D. melanogaster
Q02910	1	U-01	melanogaster	D. melanogaster
Q02936	2	U-02	melanogaster	D. melanogaster
Q03042	1	U-01	melanogaster	D. melanogaster
Q03043	1	U-01	melanogaster	D. melanogaster
Q03372	1	U-01	melanogaster	D. melanogaster
Q03427	1	U-01	melanogaster	D. melanogaster
Q03445	2	U-02	melanogaster	D. melanogaster
Q03720	1	U-01	melanogaster	D. melanogaster
Q9V3J4	1	U-01	melanogaster	D. melanogaster
Q9V3L6	1	U-01	melanogaster	D. melanogaster
Q9V3N1	2	U-02	melanogaster	D. melanogaster
Q9V3Q4	1	U-01	melanogaster	D. melanogaster
Q9V3Q6	1	U-01	melanogaster	D. melanogaster
Q9V3Q9	3	U-03	melanogaster	D. melanogaster
Q9V3R8	3	U-03	melanogaster	D. melanogaster
Q9V3S0	0	unassigned	melanogaster	D. melanogaster
Q9V3T9	1	U-01	melanogaster	D. melanogaster
Q9V3U0	1	U-01	melanogaster	D. melanogaster
B7Z0M7	1	U-01	melanogaster	D. melanogaster
B7Z0M8	0	unassigned	melanogaster	D. melanogaster
B7Z0M9	1	U-01	melanogaster	D. melanogaster
B7Z0N3	3	U-03	melanogaster	D. melanogaster
B7Z0N5	1	U-01	melanogaster	D. melanogaster
B7Z0P2	0	unassigned	melanogaster	D. melanogaster
B7Z0Q4	3	U-03	melanogaster	D. melanogaster
B7Z0Q5	3	U-03	melanogaster	D. melanogaster
B7Z0R0	2	U-02	melanogaster	D. melanogaster
B7Z0T1	1	U-01	melanogaster	D. melanogaster
B7Z0T2	1	U-01	melanogaster	D. melanogaster
B7Z0U2	1	U-01	melanogaster	D. melanogaster
B7Z0U3	1	U-01	melanogaster	D. melanogaster
B7Z0U4	1	U-01	melanogaster	D. melanogaster
B7Z0W3	1	U-01	melanogaster	D. melanogaster
B7Z0W7	1	U-01	melanogaster	D. melanogaster
B7Z0W8	1	U-01	melanogaster	D. melanogaster
B7Z0X3	1	U-01	melanogaster	D. melanogaster
B7Z0X5	0	unassigned	melanogaster	D. melanogaster
B7Z0X6	0	unassigned	melanogaster	D. melanogaster
B7Z0Y1	0	unassigned	melanogaster	D. melanogaster
B7Z0Y5	1	U-01	melanogaster	D. melanogaster
B7Z0Z1	1	U-01	melanogaster	D. melanogaster
B7Z0Z5	2	U-02	melanogaster	D. melanogaster
B7Z0Z6	2	U-02	melanogaster	D. melanogaster
B7Z0Z7	2	U-02	melanogaster	D. melanogaster
B7Z100	1	U-01	melanogaster	D. melanogaster
B7Z103	1	U-01	melanogaster	D. melanogaster
B7Z106	1	U-01	melanogaster	D. melanogaster
B7Z107	1	U-01	melanogaster	D. melanogaster
B7Z123	2	U-02	melanogaster	D. melanogaster
B7Z129	1	U-01	melanogaster	D. melanogaster
B7Z131	1	U-01	melanogaster	D. melanogaster
B7Z132	1	U-01	melanogaster	D. melanogaster
B7Z134	1	U-01	melanogaster	D. melanogaster
B7Z135	1	U-01	melanogaster	D. melanogaster
B7Z138	1	U-01	melanogaster	D. melanogaster
B7Z140	1	U-01	melanogaster	D. melanogaster
B7Z141	1	U-01	melanogaster	D. melanogaster
B7Z152	0	unassigned	melanogaster	D. melanogaster
B7Z155	3	U-03	melanogaster	D. melanogaster
B8BPV3	2	U-02	melanogaster	D. melanogaster
C0HK95	0	unassigned	melanogaster	D. melanogaster
C0MIY4	1	U-01	melanogaster	D. melanogaster
D1FYH5	0	unassigned	melanogaster	D. melanogaster
M9PHN1	1	U-01	melanogaster	D. melanogaster
M9PHN5	2	U-02	melanogaster	D. melanogaster
M9PHN7	1	U-01	melanogaster	D. melanogaster
M9PHN8	1	U-01	melanogaster	D. melanogaster
M9PHP6	1	U-01	melanogaster	D. melanogaster
M9PHP7	2	U-02	melanogaster	D. melanogaster
M9PHQ1	3	U-03	melanogaster	D. melanogaster
M9PHQ4	1	U-01	melanogaster	D. melanogaster
M9PHR3	1	U-01	melanogaster	D. melanogaster
M9PHT0	1	U-01	melanogaster	D. melanogaster
M9PHT2	1	U-01	melanogaster	D. melanogaster
M9PHT9	0	unassigned	melanogaster	D. melanogaster
M9PHU0	1	U-01	melanogaster	D. melanogaster
M9PHU5	1	U-01	melanogaster	D. melanogaster
M9PHU7	1	U-01	melanogaster	D. melanogaster
M9PHV9	3	U-03	melanogaster	D. melanogaster
M9PHW6	1	U-01	melanogaster	D. melanogaster
M9PHX1	2	U-02	melanogaster	D. melanogaster
M9PHX5	1	U-01	melanogaster	D. melanogaster
M9PHX7	1	U-01	melanogaster	D. melanogaster
M9PHX9	1	U-01	melanogaster	D. melanogaster
M9PHY1	1	U-01	melanogaster	D. melanogaster
M9PHZ0	1	U-01	melanogaster	D. melanogaster
M9PHZ2	1	U-01	melanogaster	D. melanogaster
M9PI01	3	U-03	melanogaster	D. melanogaster
M9PI12	3	U-03	melanogaster	D. melanogaster
M9PI16	1	U-01	melanogaster	D. melanogaster
M9PI18	1	U-01	melanogaster	D. melanogaster
M9PI22	3	U-03	melanogaster	D. melanogaster
M9PI38	1	U-01	melanogaster	D. melanogaster
M9PI39	1	U-01	melanogaster	D. melanogaster
M9PI43	1	U-01	melanogaster	D. melanogaster
M9PI47	1	U-01	melanogaster	D. melanogaster
M9PI48	3	U-03	melanogaster	D. melanogaster
M9PI54	1	U-01	melanogaster	D. melanogaster
M9PI67	1	U-01	melanogaster	D. melanogaster
M9PI80	3	U-03	melanogaster	D. melanogaster
M9PI81	1	U-01	melanogaster	D. melanogaster
M9PI95	0	unassigned	melanogaster	D. melanogaster
M9PI96	2	U-02	melanogaster	D. melanogaster
M9PIA4	1	U-01	melanogaster	D. melanogaster
M9PIJ4	3	U-03	melanogaster	D. melanogaster
M9PIK1	1	U-01	melanogaster	D. melanogaster
M9PIL1	0	unassigned	melanogaster	D. melanogaster
M9PIL3	1	U-01	melanogaster	D. melanogaster
M9PIL6	1	U-01	melanogaster	D. melanogaster
M9PIP7	2	U-02	melanogaster	D. melanogaster
M9PIP8	1	U-01	melanogaster	D. melanogaster
M9PIQ9	3	U-03	melanogaster	D. melanogaster
M9PIV2	1	U-01	melanogaster	D. melanogaster
M9PJ04	1	U-01	melanogaster	D. melanogaster
M9PJ12	1	U-01	melanogaster	D. melanogaster
M9PJ28	1	U-01	melanogaster	D. melanogaster
M9PJ56	0	unassigned	melanogaster	D. melanogaster
M9PJ67	1	U-01	melanogaster	D. melanogaster
Q9VYR9	1	U-01	melanogaster	D. melanogaster
Q9VYT4	3	U-03	melanogaster	D. melanogaster
Q9VYV3	2	U-02	melanogaster	D. melanogaster
Q9VYX1	1	U-01	melanogaster	D. melanogaster
Q9VYY3	1	U-01	melanogaster	D. melanogaster
Q9VYY9	1	U-01	melanogaster	D. melanogaster
Q9VZ08	1	U-01	melanogaster	D. melanogaster
Q9VZ09	1	U-01	melanogaster	D. melanogaster
Q9VZ21	2	U-02	melanogaster	D. melanogaster
Q9VZ49	1	U-01	melanogaster	D. melanogaster
Q9VZ69	1	U-01	melanogaster	D. melanogaster
Q9VZD1	3	U-03	melanogaster	D. melanogaster
Q9VZD7	1	U-01	melanogaster	D. melanogaster
Q9VZF4	1	U-01	melanogaster	D. melanogaster
Q9VZF5	1	U-01	melanogaster	D. melanogaster
Q9VZH2	1	U-01	melanogaster	D. melanogaster
Q9VZI2	1	U-01	melanogaster	D. melanogaster
Q9VZI9	2	U-02	melanogaster	D. melanogaster
Q9VZJ9	1	U-01	melanogaster	D. melanogaster
Q9VZL7	3	U-03	melanogaster	D. melanogaster
Q9VZN4	1	U-01	melanogaster	D. melanogaster
Q9VZQ1	1	U-01	melanogaster	D. melanogaster
Q9VZQ3	0	unassigned	melanogaster	D. melanogaster
Q9VZS7	1	U-01	melanogaster	D. melanogaster
Q9VZT7	0	unassigned	melanogaster	D. melanogaster
Q9VZU2	3	U-03	melanogaster	D. melanogaster
Q9VZU7	1	U-01	melanogaster	D. melanogaster
Q9VZV2	2	U-02	melanogaster	D. melanogaster
Q9VZW3	1	U-01	melanogaster	D. melanogaster
Q9VZX1	2	U-02	melanogaster	D. melanogaster
Q9VZX7	1	U-01	melanogaster	D. melanogaster
A8JNK1	0	unassigned	melanogaster	D. melanogaster
A8JNP3	1	U-01	melanogaster	D. melanogaster
A8JNX2	1	U-01	melanogaster	D. melanogaster
A8JNX5	0	unassigned	melanogaster	D. melanogaster
A8JQT1	2	U-02	melanogaster	D. melanogaster
A8JR08	1	U-01	melanogaster	D. melanogaster
A8JR62	1	U-01	melanogaster	D. melanogaster
A8JR71	1	U-01	melanogaster	D. melanogaster
A8JR72	1	U-01	melanogaster	D. melanogaster
A8JR87	1	U-01	melanogaster	D. melanogaster
A8JR92	1	U-01	melanogaster	D. melanogaster
A8JRD0	2	U-02	melanogaster	D. melanogaster
A8JRD4	1	U-01	melanogaster	D. melanogaster
A8JRD5	1	U-01	melanogaster	D. melanogaster
A8JRE3	1	U-01	melanogaster	D. melanogaster
A8JUP3	1	U-01	melanogaster	D. melanogaster
A8JUT1	2	U-02	melanogaster	D. melanogaster
A8JUV3	1	U-01	melanogaster	D. melanogaster
A8JUY3	1	U-01	melanogaster	D. melanogaster
A8JV04	1	U-01	melanogaster	D. melanogaster
A8QI34	1	U-01	melanogaster	D. melanogaster
A8Y592	0	unassigned	melanogaster	D. melanogaster
B7YZE9	1	U-01	melanogaster	D. melanogaster
B7YZF7	1	U-01	melanogaster	D. melanogaster
B7YZF9	1	U-01	melanogaster	D. melanogaster
B7YZG0	1	U-01	melanogaster	D. melanogaster
B7YZQ0	1	U-01	melanogaster	D. melanogaster
B7YZR3	1	U-01	melanogaster	D. melanogaster
B7YZR4	1	U-01	melanogaster	D. melanogaster
B7YZT2	1	U-01	melanogaster	D. melanogaster
B7YZY2	0	unassigned	melanogaster	D. melanogaster
B7YZY9	1	U-01	melanogaster	D. melanogaster
B7YZZ9	1	U-01	melanogaster	D. melanogaster
B7Z018	1	U-01	melanogaster	D. melanogaster
B7Z060	1	U-01	melanogaster	D. melanogaster
B7Z067	1	U-01	melanogaster	D. melanogaster
B7Z068	1	U-01	melanogaster	D. melanogaster
B7Z083	1	U-01	melanogaster	D. melanogaster
B7Z0G1	1	U-01	melanogaster	D. melanogaster
B7Z0G7	1	U-01	melanogaster	D. melanogaster
B7Z0Q8	2	U-02	melanogaster	D. melanogaster
B7Z0S3	1	U-01	melanogaster	D. melanogaster
B7Z0T3	1	U-01	melanogaster	D. melanogaster
B7Z0T5	1	U-01	melanogaster	D. melanogaster
B7Z0T6	1	U-01	melanogaster	D. melanogaster
B7Z0U6	1	U-01	melanogaster	D. melanogaster
B7Z0U7	1	U-01	melanogaster	D. melanogaster
B7Z0X7	3	U-03	melanogaster	D. melanogaster
B7Z143	1	U-01	melanogaster	D. melanogaster
B7Z153	2	U-02	melanogaster	D. melanogaster
C0HJH4	1	U-01	melanogaster	D. melanogaster
C0HJX5	1	U-01	melanogaster	D. melanogaster
C4NYP8	1	U-01	melanogaster	D. melanogaster
E1JGN7	1	U-01	melanogaster	D. melanogaster
E1JGX2	1	U-01	melanogaster	D. melanogaster
E1JGY9	1	U-01	melanogaster	D. melanogaster
E1JH25	1	U-01	melanogaster	D. melanogaster
E1JHA4	1	U-01	melanogaster	D. melanogaster
E1JHN2	1	U-01	melanogaster	D. melanogaster
E1JHT4	3	U-03	melanogaster	D. melanogaster
E1JHT9	3	U-03	melanogaster	D. melanogaster
E1JHV6	1	U-01	melanogaster	D. melanogaster
E1JHV7	1	U-01	melanogaster	D. melanogaster
E1JHY7	1	U-01	melanogaster	D. melanogaster
E1JHZ1	1	U-01	melanogaster	D. melanogaster
E1JI11	1	U-01	melanogaster	D. melanogaster
E1JI27	3	U-03	melanogaster	D. melanogaster
E1JI46	1	U-01	melanogaster	D. melanogaster
E1JI49	0	unassigned	melanogaster	D. melanogaster
A4V3L8	3	U-03	melanogaster	D. melanogaster
A4V3P6	1	U-01	melanogaster	D. melanogaster
A4V3U2	1	U-01	melanogaster	D. melanogaster
A4V3V9	1	U-01	melanogaster	D. melanogaster
A4V3W8	3	U-03	melanogaster	D. melanogaster
A4V4F2	1	U-01	melanogaster	D. melanogaster
A4V4H0	1	U-01	melanogaster	D. melanogaster
A4V4N7	2	U-02	melanogaster	D. melanogaster
A4V4V1	2	U-02	melanogaster	D. melanogaster
A4V4V8	1	U-01	melanogaster	D. melanogaster
A8DRW0	0	unassigned	melanogaster	D. melanogaster
A8DY20	2	U-02	melanogaster	D. melanogaster
A8DY53	1	U-01	melanogaster	D. melanogaster
A8DY59	1	U-01	melanogaster	D. melanogaster
A8DY62	2	U-02	melanogaster	D. melanogaster
A8DY89	1	U-01	melanogaster	D. melanogaster
A8DY97	1	U-01	melanogaster	D. melanogaster
A8DYA6	1	U-01	melanogaster	D. melanogaster
A8DYB0	1	U-01	melanogaster	D. melanogaster
A8DYC9	1	U-01	melanogaster	D. melanogaster
A8DYD2	1	U-01	melanogaster	D. melanogaster
A8DYD3	1	U-01	melanogaster	D. melanogaster
A8DYE1	1	U-01	melanogaster	D. melanogaster
A8DYF7	1	U-01	melanogaster	D. melanogaster
A8DYG8	2	U-02	melanogaster	D. melanogaster
M9NE98	1	U-01	melanogaster	D. melanogaster
M9NEA3	1	U-01	melanogaster	D. melanogaster
M9NEC3	1	U-01	melanogaster	D. melanogaster
M9NED4	1	U-01	melanogaster	D. melanogaster
M9NED8	1	U-01	melanogaster	D. melanogaster
M9NEE5	1	U-01	melanogaster	D. melanogaster
M9NEF5	1	U-01	melanogaster	D. melanogaster
M9NEF7	0	unassigned	melanogaster	D. melanogaster
M9NEH3	1	U-01	melanogaster	D. melanogaster
M9NEH5	1	U-01	melanogaster	D. melanogaster
M9NEI3	1	U-01	melanogaster	D. melanogaster
M9NEJ8	2	U-02	melanogaster	D. melanogaster
M9NEN6	3	U-03	melanogaster	D. melanogaster
M9NEP4	1	U-01	melanogaster	D. melanogaster
M9NEQ1	3	U-03	melanogaster	D. melanogaster
M9NEQ5	1	U-01	melanogaster	D. melanogaster
M9NES4	1	U-01	melanogaster	D. melanogaster
M9NES9	2	U-02	melanogaster	D. melanogaster
M9NEV9	3	U-03	melanogaster	D. melanogaster
M9NEW0	1	U-01	melanogaster	D. melanogaster
M9NEW1	1	U-01	melanogaster	D. melanogaster
M9NEX3	1	U-01	melanogaster	D. melanogaster
M9NEX4	3	U-03	melanogaster	D. melanogaster
M9NEX9	3	U-03	melanogaster	D. melanogaster
M9NEY0	1	U-01	melanogaster	D. melanogaster
M9NEZ0	1	U-01	melanogaster	D. melanogaster
M9NF00	2	U-02	melanogaster	D. melanogaster
M9NF03	1	U-01	melanogaster	D. melanogaster
M9NF06	1	U-01	melanogaster	D. melanogaster
M9NF08	1	U-01	melanogaster	D. melanogaster
M9NF13	1	U-01	melanogaster	D. melanogaster
M9NF18	1	U-01	melanogaster	D. melanogaster
M9NF20	1	U-01	melanogaster	D. melanogaster
M9NF21	1	U-01	melanogaster	D. melanogaster
M9NF27	2	U-02	melanogaster	D. melanogaster
M9NF32	1	U-01	melanogaster	D. melanogaster
M9NF33	1	U-01	melanogaster	D. melanogaster
M9NF40	1	U-01	melanogaster	D. melanogaster
M9NF47	0	unassigned	melanogaster	D. melanogaster
M9NF50	2	U-02	melanogaster	D. melanogaster
M9NF82	1	U-01	melanogaster	D. melanogaster
M9NF90	2	U-02	melanogaster	D. melanogaster
M9NFA0	2	U-02	melanogaster	D. melanogaster
M9NFA6	1	U-01	melanogaster	D. melanogaster
M9NFC8	1	U-01	melanogaster	D. melanogaster
M9NFE7	1	U-01	melanogaster	D. melanogaster
M9NFF0	3	U-03	melanogaster	D. melanogaster
M9NFH3	0	unassigned	melanogaster	D. melanogaster
M9NFH4	1	U-01	melanogaster	D. melanogaster
M9NFH6	1	U-01	melanogaster	D. melanogaster
M9NFJ6	1	U-01	melanogaster	D. melanogaster
M9NFL6	0	unassigned	melanogaster	D. melanogaster
M9NFL7	2	U-02	melanogaster	D. melanogaster
M9NFN2	2	U-02	melanogaster	D. melanogaster
M9NFP1	1	U-01	melanogaster	D. melanogaster
M9NFP8	0	unassigned	melanogaster	D. melanogaster
M9NFQ2	1	U-01	melanogaster	D. melanogaster
M9NFQ4	1	U-01	melanogaster	D. melanogaster
M9NFQ5	1	U-01	melanogaster	D. melanogaster
M9NFR5	1	U-01	melanogaster	D. melanogaster
M9NFW6	1	U-01	melanogaster	D. melanogaster
M9NFZ9	1	U-01	melanogaster	D. melanogaster
M9NG25	3	U-03	melanogaster	D. melanogaster
M9NG33	0	unassigned	melanogaster	D. melanogaster
M9NG39	1	U-01	melanogaster	D. melanogaster
M9NGB9	1	U-01	melanogaster	D. melanogaster
M9NGD9	2	U-02	melanogaster	D. melanogaster
M9NGE9	1	U-01	melanogaster	D. melanogaster
M9NGF2	1	U-01	melanogaster	D. melanogaster
M9NGG3	1	U-01	melanogaster	D. melanogaster
M9NGH0	1	U-01	melanogaster	D. melanogaster
M9NGW5	1	U-01	melanogaster	D. melanogaster
M9NGX5	1	U-01	melanogaster	D. melanogaster
M9NH38	1	U-01	melanogaster	D. melanogaster
M9NH46	2	U-02	melanogaster	D. melanogaster
Q9VPF0	2	U-02	melanogaster	D. melanogaster
Q9VPG4	1	U-01	melanogaster	D. melanogaster
Q9VPG5	1	U-01	melanogaster	D. melanogaster
Q9VPH0	1	U-01	melanogaster	D. melanogaster
Q9VPH2	1	U-01	melanogaster	D. melanogaster
Q9VPL6	1	U-01	melanogaster	D. melanogaster
Q9VPL9	1	U-01	melanogaster	D. melanogaster
Q9VPM5	1	U-01	melanogaster	D. melanogaster
Q9VPQ2	1	U-01	melanogaster	D. melanogaster
Q9VPQ7	3	U-03	melanogaster	D. melanogaster
Q9VPR7	2	U-02	melanogaster	D. melanogaster
Q9VPT1	0	unassigned	melanogaster	D. melanogaster
Q9VPT4	1	U-01	melanogaster	D. melanogaster
Q9VPU8	1	U-01	melanogaster	D. melanogaster
Q9VPV3	2	U-02	melanogaster	D. melanogaster
Q9VPW4	1	U-01	melanogaster	D. melanogaster
Q9VPX6	1	U-01	melanogaster	D. melanogaster
Q9VPX7	1	U-01	melanogaster	D. melanogaster
Q9VPY3	1	U-01	melanogaster	D. melanogaster
Q9VPZ7	2	U-02	melanogaster	D. melanogaster
Q9VQ08	2	U-02	melanogaster	D. melanogaster
Q9VQ30	1	U-01	melanogaster	D. melanogaster
Q9VQ62	2	U-02	melanogaster	D. melanogaster
Q9VQ79	1	U-01	melanogaster	D. melanogaster
Q9VQ89	1	U-01	melanogaster	D. melanogaster
Q9VQ91	1	U-01	melanogaster	D. melanogaster
Q9VQ93	1	U-01	melanogaster	D. melanogaster
Q9VQB6	1	U-01	melanogaster	D. melanogaster
Q9VQC0	3	U-03	melanogaster	D. melanogaster
Q9VQD6	1	U-01	melanogaster	D. melanogaster
Q9VQE0	1	U-01	melanogaster	D. melanogaster
Q9VQF9	1	U-01	melanogaster	D. melanogaster
Q9VQG9	2	U-02	melanogaster	D. melanogaster
A1Z6J5	1	U-01	melanogaster	D. melanogaster
A1Z6M0	1	U-01	melanogaster	D. melanogaster
A1Z6M6	1	U-01	melanogaster	D. melanogaster
A1Z6N2	1	U-01	melanogaster	D. melanogaster
A1Z6S0	1	U-01	melanogaster	D. melanogaster
A1Z6S4	2	U-02	melanogaster	D. melanogaster
A1Z6X6	1	U-01	melanogaster	D. melanogaster
A1Z751	1	U-01	melanogaster	D. melanogaster
A1Z787	3	U-03	melanogaster	D. melanogaster
A1Z7F4	2	U-02	melanogaster	D. melanogaster
A1Z7F5	2	U-02	melanogaster	D. melanogaster
A1Z7F6	2	U-02	melanogaster	D. melanogaster
A1Z7J6	1	U-01	melanogaster	D. melanogaster
A1Z7J7	1	U-01	melanogaster	D. melanogaster
A1Z7M3	1	U-01	melanogaster	D. melanogaster
A1Z7R6	3	U-03	melanogaster	D. melanogaster
A1Z7T4	1	U-01	melanogaster	D. melanogaster
A1Z830	1	U-01	melanogaster	D. melanogaster
A1Z840	1	U-01	melanogaster	D. melanogaster
A1Z856	1	U-01	melanogaster	D. melanogaster
A1Z858	1	U-01	melanogaster	D. melanogaster
A1Z881	0	unassigned	melanogaster	D. melanogaster
A1Z892	1	U-01	melanogaster	D. melanogaster
A1Z8K9	2	U-02	melanogaster	D. melanogaster
A1Z8M2	1	U-01	melanogaster	D. melanogaster
A1Z8R2	1	U-01	melanogaster	D. melanogaster
A1Z8U0	1	U-01	melanogaster	D. melanogaster
A1Z8W9	1	U-01	melanogaster	D. melanogaster
A1Z916	1	U-01	melanogaster	D. melanogaster
A1Z991	2	U-02	melanogaster	D. melanogaster
A1Z9B7	3	U-03	melanogaster	D. melanogaster
A1Z9C8	1	U-01	melanogaster	D. melanogaster
A1Z9E3	1	U-01	melanogaster	D. melanogaster
A1Z9G3	1	U-01	melanogaster	D. melanogaster
A1Z9J5	1	U-01	melanogaster	D. melanogaster
A1Z9Q8	3	U-03	melanogaster	D. melanogaster
A1Z9R4	1	U-01	melanogaster	D. melanogaster
A1Z9W4	1	U-01	melanogaster	D. melanogaster
A1Z9Z2	1	U-01	melanogaster	D. melanogaster
A1ZA05	1	U-01	melanogaster	D. melanogaster
A1ZA73	1	U-01	melanogaster	D. melanogaster
A1ZA77	3	U-03	melanogaster	D. melanogaster
A1ZA98	2	U-02	melanogaster	D. melanogaster
A1ZAA6	1	U-01	melanogaster	D. melanogaster
A1ZAK8	1	U-01	melanogaster	D. melanogaster
A1ZAS3	1	U-01	melanogaster	D. melanogaster
A1ZAV3	0	unassigned	melanogaster	D. melanogaster
A1ZAW5	1	U-01	melanogaster	D. melanogaster
A1ZAW7	1	U-01	melanogaster	D. melanogaster
A1ZAX0	3	U-03	melanogaster	D. melanogaster
A1ZB91	1	U-01	melanogaster	D. melanogaster
A1ZBA9	1	U-01	melanogaster	D. melanogaster
A1ZBE9	1	U-01	melanogaster	D. melanogaster
A1ZBJ6	1	U-01	melanogaster	D. melanogaster
A1ZBL8	1	U-01	melanogaster	D. melanogaster
A1ZBM2	1	U-01	melanogaster	D. melanogaster
A1ZBT5	1	U-01	melanogaster	D. melanogaster
A1ZBU5	2	U-02	melanogaster	D. melanogaster
A1ZBW0	1	U-01	melanogaster	D. melanogaster
A1ZBW4	0	unassigned	melanogaster	D. melanogaster
A1ZBX4	1	U-01	melanogaster	D. melanogaster
A3RLR0	1	U-01	melanogaster	D. melanogaster
A3RLR1	1	U-01	melanogaster	D. melanogaster
A4UZL3	1	U-01	melanogaster	D. melanogaster
A4V038	0	unassigned	melanogaster	D. melanogaster
A4V0N4	1	U-01	melanogaster	D. melanogaster
A4V0S1	1	U-01	melanogaster	D. melanogaster
M9PC68	1	U-01	melanogaster	D. melanogaster
M9PC74	2	U-02	melanogaster	D. melanogaster
M9PC76	1	U-01	melanogaster	D. melanogaster
M9PC79	2	U-02	melanogaster	D. melanogaster
M9PCA3	1	U-01	melanogaster	D. melanogaster
M9PCA8	1	U-01	melanogaster	D. melanogaster
M9PCC1	1	U-01	melanogaster	D. melanogaster
M9PCC4	1	U-01	melanogaster	D. melanogaster
M9PCE2	2	U-02	melanogaster	D. melanogaster
M9PCE7	1	U-01	melanogaster	D. melanogaster
M9PCF9	1	U-01	melanogaster	D. melanogaster
M9PCG3	1	U-01	melanogaster	D. melanogaster
M9PCG4	1	U-01	melanogaster	D. melanogaster
M9PCG7	1	U-01	melanogaster	D. melanogaster
M9PCG9	2	U-02	melanogaster	D. melanogaster
M9PCH1	2	U-02	melanogaster	D. melanogaster
M9PCH3	1	U-01	melanogaster	D. melanogaster
M9PCH4	1	U-01	melanogaster	D. melanogaster
M9PCI1	2	U-02	melanogaster	D. melanogaster
M9PCI2	1	U-01	melanogaster	D. melanogaster
M9PCI5	1	U-01	melanogaster	D. melanogaster
M9PCJ4	1	U-01	melanogaster	D. melanogaster
M9PCJ9	2	U-02	melanogaster	D. melanogaster
M9PCK5	1	U-01	melanogaster	D. melanogaster
M9PCK6	1	U-01	melanogaster	D. melanogaster
M9PCK9	3	U-03	melanogaster	D. melanogaster
M9PCM5	1	U-01	melanogaster	D. melanogaster
M9PCN6	1	U-01	melanogaster	D. melanogaster
M9PCP1	0	unassigned	melanogaster	D. melanogaster
M9PCP3	1	U-01	melanogaster	D. melanogaster
M9PCP6	3	U-03	melanogaster	D. melanogaster
M9PCQ6	1	U-01	melanogaster	D. melanogaster
M9PCQ7	1	U-01	melanogaster	D. melanogaster
M9PCS1	1	U-01	melanogaster	D. melanogaster
M9PCT1	3	U-03	melanogaster	D. melanogaster
M9PCT4	0	unassigned	melanogaster	D. melanogaster
M9PCU5	2	U-02	melanogaster	D. melanogaster
M9PCU7	1	U-01	melanogaster	D. melanogaster
M9PCU8	1	U-01	melanogaster	D. melanogaster
M9PCU9	1	U-01	melanogaster	D. melanogaster
M9PCV2	0	unassigned	melanogaster	D. melanogaster
M9PCV8	1	U-01	melanogaster	D. melanogaster
Q9I7H4	3	U-03	melanogaster	D. melanogaster
Q9I7H8	1	U-01	melanogaster	D. melanogaster
Q9I7I3	2	U-02	melanogaster	D. melanogaster
Q9I7I8	1	U-01	melanogaster	D. melanogaster
Q9I7J0	1	U-01	melanogaster	D. melanogaster
Q9I7J1	1	U-01	melanogaster	D. melanogaster
Q9I7J2	1	U-01	melanogaster	D. melanogaster
Q9I7J8	0	unassigned	melanogaster	D. melanogaster
Q9I7K3	1	U-01	melanogaster	D. melanogaster
Q9I7K8	1	U-01	melanogaster	D. melanogaster
Q9I7L0	1	U-01	melanogaster	D. melanogaster
Q9I7L1	1	U-01	melanogaster	D. melanogaster
Q9I7L7	3	U-03	melanogaster	D. melanogaster
Q9I7M1	1	U-01	melanogaster	D. melanogaster
Q9I7N1	3	U-03	melanogaster	D. melanogaster
Q9I7N2	1	U-01	melanogaster	D. melanogaster
Q9I7N3	1	U-01	melanogaster	D. melanogaster
Q9I7P3	1	U-01	melanogaster	D. melanogaster
Q9I7P6	0	unassigned	melanogaster	D. melanogaster
Q9I7Q5	0	unassigned	melanogaster	D. melanogaster
Q9I7Q6	0	unassigned	melanogaster	D. melanogaster
Q9I7Q9	1	U-01	melanogaster	D. melanogaster
Q9I7R0	1	U-01	melanogaster	D. melanogaster
Q9I7R1	1	U-01	melanogaster	D. melanogaster
Q9I7R2	3	U-03	melanogaster	D. melanogaster
Q9I7R3	1	U-01	melanogaster	D. melanogaster
Q9I7R5	1	U-01	melanogaster	D. melanogaster
Q9I7R7	1	U-01	melanogaster	D. melanogaster
Q9I7S9	1	U-01	melanogaster	D. melanogaster
Q9I7T3	2	U-02	melanogaster	D. melanogaster
Q9I7T5	3	U-03	melanogaster	D. melanogaster
Q9I7V6	1	U-01	melanogaster	D. melanogaster
Q9I7V7	1	U-01	melanogaster	D. melanogaster
Q9NFP5	1	U-01	melanogaster	D. melanogaster
Q9NGC6	3	U-03	melanogaster	D. melanogaster
Q9NK57	1	U-01	melanogaster	D. melanogaster
Q9NLA6	0	unassigned	melanogaster	D. melanogaster
Q9TVP3	1	U-01	melanogaster	D. melanogaster
Q9U1I1	1	U-01	melanogaster	D. melanogaster
Q9U1L2	1	U-01	melanogaster	D. melanogaster
Q9U3W6	1	U-01	melanogaster	D. melanogaster
Q9U4G5	1	U-01	melanogaster	D. melanogaster
Q9U9P7	1	U-01	melanogaster	D. melanogaster
Q9U9Q2	1	U-01	melanogaster	D. melanogaster
Q9V395	3	U-03	melanogaster	D. melanogaster
Q9V3A3	1	U-01	melanogaster	D. melanogaster
Q9V3B5	3	U-03	melanogaster	D. melanogaster
Q9V3B6	1	U-01	melanogaster	D. melanogaster
Q9V3C7	1	U-01	melanogaster	D. melanogaster
Q9V3E3	1	U-01	melanogaster	D. melanogaster
Q9V3E4	2	U-02	melanogaster	D. melanogaster
Q9V3E5	3	U-03	melanogaster	D. melanogaster
Q9V3F9	3	U-03	melanogaster	D. melanogaster
Q9V3G8	1	U-01	melanogaster	D. melanogaster
Q9V3I6	3	U-03	melanogaster	D. melanogaster
Q9V3I9	1	U-01	melanogaster	D. melanogaster
Q9V3J5	3	U-03	melanogaster	D. melanogaster
Q9V3J7	2	U-02	melanogaster	D. melanogaster
Q24090	1	U-01	melanogaster	D. melanogaster
Q24120	1	U-01	melanogaster	D. melanogaster
Q24143	1	U-01	melanogaster	D. melanogaster
Q24145	1	U-01	melanogaster	D. melanogaster
Q24152	1	U-01	melanogaster	D. melanogaster
Q24157	2	U-02	melanogaster	D. melanogaster
Q24167	1	U-01	melanogaster	D. melanogaster
Q24168	1	U-01	melanogaster	D. melanogaster
Q24171	1	U-01	melanogaster	D. melanogaster
Q24174	1	U-01	melanogaster	D. melanogaster
Q24185	1	U-01	melanogaster	D. melanogaster
Q24192	1	U-01	melanogaster	D. melanogaster
Q24210	1	U-01	melanogaster	D. melanogaster
Q24216	1	U-01	melanogaster	D. melanogaster
Q24217	1	U-01	melanogaster	D. melanogaster
Q24238	2	U-02	melanogaster	D. melanogaster
Q24246	1	U-01	melanogaster	D. melanogaster
Q24247	2	U-02	melanogaster	D. melanogaster
Q24248	1	U-01	melanogaster	D. melanogaster
Q24253	1	U-01	melanogaster	D. melanogaster
Q24255	1	U-01	melanogaster	D. melanogaster
Q24256	1	U-01	melanogaster	D. melanogaster
Q24266	1	U-01	melanogaster	D. melanogaster
Q24270	1	U-01	melanogaster	D. melanogaster
Q24276	1	U-01	melanogaster	D. melanogaster
Q24292	2	U-02	melanogaster	D. melanogaster
Q24298	2	U-02	melanogaster	D. melanogaster
Q24306	1	U-01	melanogaster	D. melanogaster
Q24307	1	U-01	melanogaster	D. melanogaster
Q24311	1	U-01	melanogaster	D. melanogaster
Q24312	1	U-01	melanogaster	D. melanogaster
Q24314	1	U-01	melanogaster	D. melanogaster
Q24317	1	U-01	melanogaster	D. melanogaster
Q24318	1	U-01	melanogaster	D. melanogaster
Q24323	2	U-02	melanogaster	D. melanogaster
Q24324	1	U-01	melanogaster	D. melanogaster
Q24338	1	U-01	melanogaster	D. melanogaster
Q24342	2	U-02	melanogaster	D. melanogaster
Q24352	1	U-01	melanogaster	D. melanogaster
Q24368	1	U-01	melanogaster	D. melanogaster
Q24371	1	U-01	melanogaster	D. melanogaster
Q24372	2	U-02	melanogaster	D. melanogaster
Q24395	1	U-01	melanogaster	D. melanogaster
Q24418	2	U-02	melanogaster	D. melanogaster
Q24432	1	U-01	melanogaster	D. melanogaster
Q24451	2	U-02	melanogaster	D. melanogaster
Q24468	2	U-02	melanogaster	D. melanogaster
Q24472	1	U-01	melanogaster	D. melanogaster
Q24475	1	U-01	melanogaster	D. melanogaster
Q24478	1	U-01	melanogaster	D. melanogaster
Q24488	2	U-02	melanogaster	D. melanogaster
Q24498	1	U-01	melanogaster	D. melanogaster
Q24522	1	U-01	melanogaster	D. melanogaster
Q24523	1	U-01	melanogaster	D. melanogaster
Q24537	1	U-01	melanogaster	D. melanogaster
Q24546	1	U-01	melanogaster	D. melanogaster
Q24547	1	U-01	melanogaster	D. melanogaster
Q24563	3	U-03	melanogaster	D. melanogaster
Q9VCV4	1	U-01	melanogaster	D. melanogaster
Q9VCW6	1	U-01	melanogaster	D. melanogaster
Q9VCX1	1	U-01	melanogaster	D. melanogaster
Q9VCY3	1	U-01	melanogaster	D. melanogaster
Q9VCY7	3	U-03	melanogaster	D. melanogaster
Q9VCZ3	3	U-03	melanogaster	D. melanogaster
Q9VCZ9	2	U-02	melanogaster	D. melanogaster
Q9VD13	1	U-01	melanogaster	D. melanogaster
Q9VD28	1	U-01	melanogaster	D. melanogaster
Q9VD29	1	U-01	melanogaster	D. melanogaster
Q9VD73	1	U-01	melanogaster	D. melanogaster
Q9VD83	2	U-02	melanogaster	D. melanogaster
Q9VDA0	1	U-01	melanogaster	D. melanogaster
Q9VDC6	1	U-01	melanogaster	D. melanogaster
Q9VDD1	1	U-01	melanogaster	D. melanogaster
Q9VDD2	1	U-01	melanogaster	D. melanogaster
Q9VDD5	2	U-02	melanogaster	D. melanogaster
Q9VDD8	1	U-01	melanogaster	D. melanogaster
Q9VDD9	1	U-01	melanogaster	D. melanogaster
Q9VDE3	1	U-01	melanogaster	D. melanogaster
Q9VDE4	1	U-01	melanogaster	D. melanogaster
Q9VDE6	1	U-01	melanogaster	D. melanogaster
Q9VDE8	1	U-01	melanogaster	D. melanogaster
Q9VDF4	1	U-01	melanogaster	D. melanogaster
Q9VDG1	2	U-02	melanogaster	D. melanogaster
Q9VDG2	1	U-01	melanogaster	D. melanogaster
Q9VDG5	3	U-03	melanogaster	D. melanogaster
Q9VDH5	1	U-01	melanogaster	D. melanogaster
Q9VDI1	1	U-01	melanogaster	D. melanogaster
Q9VDJ9	1	U-01	melanogaster	D. melanogaster
Q9VDQ7	1	U-01	melanogaster	D. melanogaster
Q9VDR7	0	unassigned	melanogaster	D. melanogaster
Q9VDT9	1	U-01	melanogaster	D. melanogaster
Q9VDU9	0	unassigned	melanogaster	D. melanogaster
Q9VDW3	1	U-01	melanogaster	D. melanogaster
Q9VDW6	1	U-01	melanogaster	D. melanogaster
Q9VDY1	1	U-01	melanogaster	D. melanogaster
Q9VDY8	1	U-01	melanogaster	D. melanogaster
Q9VDZ3	1	U-01	melanogaster	D. melanogaster
Q9VE06	1	U-01	melanogaster	D. melanogaster
Q9VE13	1	U-01	melanogaster	D. melanogaster
Q9VE37	1	U-01	melanogaster	D. melanogaster
A1Z8R0	1	U-01	melanogaster	D. melanogaster
A1Z8R3	1	U-01	melanogaster	D. melanogaster
A1Z8R4	2	U-02	melanogaster	D. melanogaster
A1Z8R5	2	U-02	melanogaster	D. melanogaster
A1Z8R7	2	U-02	melanogaster	D. melanogaster
A1Z8S2	2	U-02	melanogaster	D. melanogaster
A1Z8S3	2	U-02	melanogaster	D. melanogaster
A1Z8S8	1	U-01	melanogaster	D. melanogaster
A1Z8T5	1	U-01	melanogaster	D. melanogaster
A1Z8T6	1	U-01	melanogaster	D. melanogaster
A1Z8T9	1	U-01	melanogaster	D. melanogaster
A1Z8U1	1	U-01	melanogaster	D. melanogaster
A1Z8U2	1	U-01	melanogaster	D. melanogaster
A1Z8U3	1	U-01	melanogaster	D. melanogaster
A1Z8U5	1	U-01	melanogaster	D. melanogaster
A1Z8U8	1	U-01	melanogaster	D. melanogaster
A1Z8U9	1	U-01	melanogaster	D. melanogaster
A1Z8V0	2	U-02	melanogaster	D. melanogaster
A1Z8V7	1	U-01	melanogaster	D. melanogaster
A1Z8V8	1	U-01	melanogaster	D. melanogaster
A1Z8W0	3	U-03	melanogaster	D. melanogaster
A1Z8W1	0	unassigned	melanogaster	D. melanogaster
A1Z8W4	2	U-02	melanogaster	D. melanogaster
A1Z8W6	2	U-02	melanogaster	D. melanogaster
A1Z8X5	0	unassigned	melanogaster	D. melanogaster
A1Z8X9	0	unassigned	melanogaster	D. melanogaster
A1Z8Y0	0	unassigned	melanogaster	D. melanogaster
A1Z8Y3	1	U-01	melanogaster	D. melanogaster
A1Z8Y5	2	U-02	melanogaster	D. melanogaster
A1Z8Z0	2	U-02	melanogaster	D. melanogaster
A1Z8Z7	1	U-01	melanogaster	D. melanogaster
A1Z901	1	U-01	melanogaster	D. melanogaster
A1Z903	3	U-03	melanogaster	D. melanogaster
A1Z906	1	U-01	melanogaster	D. melanogaster
A1Z907	1	U-01	melanogaster	D. melanogaster
A1Z910	2	U-02	melanogaster	D. melanogaster
A1Z911	3	U-03	melanogaster	D. melanogaster
A1Z914	1	U-01	melanogaster	D. melanogaster
A1Z915	1	U-01	melanogaster	D. melanogaster
A1Z926	3	U-03	melanogaster	D. melanogaster
A1Z930	0	unassigned	melanogaster	D. melanogaster
A1Z934	1	U-01	melanogaster	D. melanogaster
A1Z938	3	U-03	melanogaster	D. melanogaster
A1Z939	3	U-03	melanogaster	D. melanogaster
A1Z940	1	U-01	melanogaster	D. melanogaster
A1Z941	1	U-01	melanogaster	D. melanogaster
A1Z947	2	U-02	melanogaster	D. melanogaster
A1Z952	1	U-01	melanogaster	D. melanogaster
A1Z953	1	U-01	melanogaster	D. melanogaster
A1Z954	1	U-01	melanogaster	D. melanogaster
A1Z955	2	U-02	melanogaster	D. melanogaster
A1Z959	2	U-02	melanogaster	D. melanogaster
A1Z980	1	U-01	melanogaster	D. melanogaster
A1Z982	3	U-03	melanogaster	D. melanogaster
A1Z999	3	U-03	melanogaster	D. melanogaster
A1Z9A4	1	U-01	melanogaster	D. melanogaster
A1Z9A5	1	U-01	melanogaster	D. melanogaster
A1Z9A7	3	U-03	melanogaster	D. melanogaster
A1Z9B0	1	U-01	melanogaster	D. melanogaster
A1Z9B2	1	U-01	melanogaster	D. melanogaster
A1Z9C4	1	U-01	melanogaster	D. melanogaster
A1Z9C6	2	U-02	melanogaster	D. melanogaster
A1Z9D3	0	unassigned	melanogaster	D. melanogaster
A1Z9D4	0	unassigned	melanogaster	D. melanogaster
A1Z9D6	0	unassigned	melanogaster	D. melanogaster
M9MSA2	1	U-01	melanogaster	D. melanogaster
M9MSA5	0	unassigned	melanogaster	D. melanogaster
M9MSA6	1	U-01	melanogaster	D. melanogaster
M9MSB5	1	U-01	melanogaster	D. melanogaster
M9MSB6	1	U-01	melanogaster	D. melanogaster
M9MSC9	1	U-01	melanogaster	D. melanogaster
M9MSD1	1	U-01	melanogaster	D. melanogaster
M9MSD3	1	U-01	melanogaster	D. melanogaster
M9MSE8	1	U-01	melanogaster	D. melanogaster
M9MSF0	1	U-01	melanogaster	D. melanogaster
M9MSF7	1	U-01	melanogaster	D. melanogaster
M9MSH3	2	U-02	melanogaster	D. melanogaster
M9MSI2	1	U-01	melanogaster	D. melanogaster
M9MSJ1	1	U-01	melanogaster	D. melanogaster
M9MSJ5	1	U-01	melanogaster	D. melanogaster
M9MSK2	1	U-01	melanogaster	D. melanogaster
M9MSL0	1	U-01	melanogaster	D. melanogaster
M9MSM3	1	U-01	melanogaster	D. melanogaster
M9MSM4	0	unassigned	melanogaster	D. melanogaster
M9MSN9	1	U-01	melanogaster	D. melanogaster
M9NCQ1	3	U-03	melanogaster	D. melanogaster
M9NCS1	3	U-03	melanogaster	D. melanogaster
M9NCS7	1	U-01	melanogaster	D. melanogaster
M9NCS8	2	U-02	melanogaster	D. melanogaster
M9NCT3	1	U-01	melanogaster	D. melanogaster
M9NCT5	1	U-01	melanogaster	D. melanogaster
M9NCT8	1	U-01	melanogaster	D. melanogaster
M9NCV1	1	U-01	melanogaster	D. melanogaster
M9NCX9	1	U-01	melanogaster	D. melanogaster
M9ND17	3	U-03	melanogaster	D. melanogaster
M9ND27	1	U-01	melanogaster	D. melanogaster
M9ND32	1	U-01	melanogaster	D. melanogaster
M9ND45	1	U-01	melanogaster	D. melanogaster
M9ND64	0	unassigned	melanogaster	D. melanogaster
M9ND67	1	U-01	melanogaster	D. melanogaster
Q8MLU9	2	U-02	melanogaster	D. melanogaster
Q8MLV0	1	U-01	melanogaster	D. melanogaster
Q8MLV2	1	U-01	melanogaster	D. melanogaster
Q8MLV4	1	U-01	melanogaster	D. melanogaster
Q8MME3	1	U-01	melanogaster	D. melanogaster
Q8MME7	1	U-01	melanogaster	D. melanogaster
Q9I7J4	1	U-01	melanogaster	D. melanogaster
Q9I7K4	0	unassigned	melanogaster	D. melanogaster
Q9I7K7	1	U-01	melanogaster	D. melanogaster
Q9I7L3	2	U-02	melanogaster	D. melanogaster
Q9I7M3	0	unassigned	melanogaster	D. melanogaster
Q9I7M5	1	U-01	melanogaster	D. melanogaster
Q9I7S2	1	U-01	melanogaster	D. melanogaster
Q9I7S5	1	U-01	melanogaster	D. melanogaster
Q9I7T1	1	U-01	melanogaster	D. melanogaster
Q9I7V5	2	U-02	melanogaster	D. melanogaster
Q9I7W2	1	U-01	melanogaster	D. melanogaster
Q9I7W3	1	U-01	melanogaster	D. melanogaster
Q9I7W4	1	U-01	melanogaster	D. melanogaster
Q9I7Y5	1	U-01	melanogaster	D. melanogaster
Q9I7Z8	1	U-01	melanogaster	D. melanogaster
Q9N2P6	1	U-01	melanogaster	D. melanogaster
Q9N2Q3	2	U-02	melanogaster	D. melanogaster
Q9U1K7	1	U-01	melanogaster	D. melanogaster
Q9U1L6	1	U-01	melanogaster	D. melanogaster
Q9U5V6	1	U-01	melanogaster	D. melanogaster
Q9V3A0	0	unassigned	melanogaster	D. melanogaster
Q9V3A9	1	U-01	melanogaster	D. melanogaster
Q9V3B1	1	U-01	melanogaster	D. melanogaster
Q9VNZ7	0	unassigned	melanogaster	D. melanogaster
Q9VNZ9	1	U-01	melanogaster	D. melanogaster
Q9VP16	1	U-01	melanogaster	D. melanogaster
Q9VP29	1	U-01	melanogaster	D. melanogaster
Q9VP36	1	U-01	melanogaster	D. melanogaster
Q9VP41	1	U-01	melanogaster	D. melanogaster
Q9VP42	1	U-01	melanogaster	D. melanogaster
Q9VP50	1	U-01	melanogaster	D. melanogaster
Q9VP52	1	U-01	melanogaster	D. melanogaster
Q9VP56	1	U-01	melanogaster	D. melanogaster
Q9VP58	1	U-01	melanogaster	D. melanogaster
Q9VP66	1	U-01	melanogaster	D. melanogaster
Q9VP73	1	U-01	melanogaster	D. melanogaster
Q9VP84	1	U-01	melanogaster	D. melanogaster
Q9VP86	1	U-01	melanogaster	D. melanogaster
Q9VP89	1	U-01	melanogaster	D. melanogaster
Q9VP96	1	U-01	melanogaster	D. melanogaster
Q9VP98	1	U-01	melanogaster	D. melanogaster
Q9VPA4	1	U-01	melanogaster	D. melanogaster
Q9VPA5	1	U-01	melanogaster	D. melanogaster
Q9VPA9	0	unassigned	melanogaster	D. melanogaster
Q9VPB4	1	U-01	melanogaster	D. melanogaster
Q9VPD0	0	unassigned	melanogaster	D. melanogaster
Q9VPD7	1	U-01	melanogaster	D. melanogaster
Q9VPE0	3	U-03	melanogaster	D. melanogaster
Q9VPE1	1	U-01	melanogaster	D. melanogaster
Q9VPE6	1	U-01	melanogaster	D. melanogaster
Q9VPF2	0	unassigned	melanogaster	D. melanogaster
Q9VPG9	2	U-02	melanogaster	D. melanogaster
Q9VPI7	1	U-01	melanogaster	D. melanogaster
Q9VPK1	0	unassigned	melanogaster	D. melanogaster
Q9VPK3	1	U-01	melanogaster	D. melanogaster
Q9VPM3	1	U-01	melanogaster	D. melanogaster
Q9VPM7	1	U-01	melanogaster	D. melanogaster
Q9VPP2	0	unassigned	melanogaster	D. melanogaster
Q9VPP7	1	U-01	melanogaster	D. melanogaster
Q9VPP8	1	U-01	melanogaster	D. melanogaster
Q9VPQ3	1	U-01	melanogaster	D. melanogaster
Q9VPQ4	1	U-01	melanogaster	D. melanogaster
Q9VPR3	1	U-01	melanogaster	D. melanogaster
Q9VPS0	1	U-01	melanogaster	D. melanogaster
Q9VPS8	0	unassigned	melanogaster	D. melanogaster
Q9VPS9	0	unassigned	melanogaster	D. melanogaster
Q9VPT0	0	unassigned	melanogaster	D. melanogaster
Q9VPU5	1	U-01	melanogaster	D. melanogaster
Q9VPU6	1	U-01	melanogaster	D. melanogaster
Q9VPV1	0	unassigned	melanogaster	D. melanogaster
Q9VPV6	1	U-01	melanogaster	D. melanogaster
Q9VPW6	1	U-01	melanogaster	D. melanogaster
Q9VPX0	1	U-01	melanogaster	D. melanogaster
Q9VPY7	1	U-01	melanogaster	D. melanogaster
Q9VPY9	1	U-01	melanogaster	D. melanogaster
Q9VPZ0	1	U-01	melanogaster	D. melanogaster
Q9VPZ1	1	U-01	melanogaster	D. melanogaster
Q9VPZ2	1	U-01	melanogaster	D. melanogaster
Q9VPZ5	2	U-02	melanogaster	D. melanogaster
Q9VQ01	1	U-01	melanogaster	D. melanogaster
Q9VQ02	1	U-01	melanogaster	D. melanogaster
Q9VQ04	1	U-01	melanogaster	D. melanogaster
Q9VQ06	1	U-01	melanogaster	D. melanogaster
Q9VQ16	1	U-01	melanogaster	D. melanogaster
Q9VQ22	0	unassigned	melanogaster	D. melanogaster
Q9VQ27	1	U-01	melanogaster	D. melanogaster
Q9VQ43	1	U-01	melanogaster	D. melanogaster
Q9VQ44	1	U-01	melanogaster	D. melanogaster
Q9VQ45	2	U-02	melanogaster	D. melanogaster
Q9VQ46	1	U-01	melanogaster	D. melanogaster
Q9VQ50	2	U-02	melanogaster	D. melanogaster
Q9VQ51	1	U-01	melanogaster	D. melanogaster
Q9VQ60	2	U-02	melanogaster	D. melanogaster
Q9VQ65	1	U-01	melanogaster	D. melanogaster
Q9VP02	1	U-01	melanogaster	D. melanogaster
Q9VP05	1	U-01	melanogaster	D. melanogaster
Q9VP27	2	U-02	melanogaster	D. melanogaster
A0A0B4KFR2	1	U-01	melanogaster	D. melanogaster
A0A0B4KFR4	1	U-01	melanogaster	D. melanogaster
A0A0B4KFR6	1	U-01	melanogaster	D. melanogaster
A0A0B4KFR8	1	U-01	melanogaster	D. melanogaster
A0A0B4KFS4	1	U-01	melanogaster	D. melanogaster
A0A0B4KFT4	1	U-01	melanogaster	D. melanogaster
A0A0B4KFU3	1	U-01	melanogaster	D. melanogaster
A0A0B4KFW5	1	U-01	melanogaster	D. melanogaster
A0A0B4KFX5	1	U-01	melanogaster	D. melanogaster
A0A0B4KFX7	1	U-01	melanogaster	D. melanogaster
A0A0B4KFY4	1	U-01	melanogaster	D. melanogaster
A0A0B4KFY9	1	U-01	melanogaster	D. melanogaster
A0A0B4KFZ2	1	U-01	melanogaster	D. melanogaster
A0A0B4KFZ9	1	U-01	melanogaster	D. melanogaster
A0A0B4KG02	1	U-01	melanogaster	D. melanogaster
A0A0B4KG20	1	U-01	melanogaster	D. melanogaster
A0A0B4KG28	1	U-01	melanogaster	D. melanogaster
A0A0B4KG47	1	U-01	melanogaster	D. melanogaster
A0A0B4KG51	1	U-01	melanogaster	D. melanogaster
A0A0B4KG58	1	U-01	melanogaster	D. melanogaster
A0A0B4KG76	1	U-01	melanogaster	D. melanogaster
A0A0B4KG85	1	U-01	melanogaster	D. melanogaster
A0A0B4KG87	1	U-01	melanogaster	D. melanogaster
A0A0B4KG89	2	U-02	melanogaster	D. melanogaster
A0A0B4KG96	1	U-01	melanogaster	D. melanogaster
A0A0B4KG97	1	U-01	melanogaster	D. melanogaster
A0A0B4KGA8	1	U-01	melanogaster	D. melanogaster
A0A0B4KGD1	1	U-01	melanogaster	D. melanogaster
A0A0B4KGE6	1	U-01	melanogaster	D. melanogaster
A0A0B4KGE9	3	U-03	melanogaster	D. melanogaster
A0A0B4KGG9	1	U-01	melanogaster	D. melanogaster
A0A0B4KGH9	2	U-02	melanogaster	D. melanogaster
A0A0B4KGK0	1	U-01	melanogaster	D. melanogaster
A0A0B4KGK7	1	U-01	melanogaster	D. melanogaster
A0A0B4KGL7	1	U-01	melanogaster	D. melanogaster
A0A0B4KGN2	1	U-01	melanogaster	D. melanogaster
A0A0B4KGP8	1	U-01	melanogaster	D. melanogaster
A0A0B4KGQ3	2	U-02	melanogaster	D. melanogaster
A0A0B4KGQ4	2	U-02	melanogaster	D. melanogaster
A0A0B4KGR1	1	U-01	melanogaster	D. melanogaster
A0A0B4KGU5	3	U-03	melanogaster	D. melanogaster
A0A0B4KGV3	1	U-01	melanogaster	D. melanogaster
A0A0B4KGV9	1	U-01	melanogaster	D. melanogaster
A0A0B4KGW0	1	U-01	melanogaster	D. melanogaster
A0A0B4KGY5	1	U-01	melanogaster	D. melanogaster
A0A0B4KGZ1	2	U-02	melanogaster	D. melanogaster
A0A0B4KGZ3	1	U-01	melanogaster	D. melanogaster
A0A0B4KGZ7	1	U-01	melanogaster	D. melanogaster
A0A0B4KH12	1	U-01	melanogaster	D. melanogaster
A0A0B4KH22	1	U-01	melanogaster	D. melanogaster
A0A0B4KH55	1	U-01	melanogaster	D. melanogaster
A0A0B4KH61	2	U-02	melanogaster	D. melanogaster
A0A0B4KH81	1	U-01	melanogaster	D. melanogaster
A0A0B4KH88	1	U-01	melanogaster	D. melanogaster
A0A0B4KHA3	2	U-02	melanogaster	D. melanogaster
A0A0B4KHB1	1	U-01	melanogaster	D. melanogaster
A0A0B4KHB2	0	unassigned	melanogaster	D. melanogaster
A0A0B4KHB7	1	U-01	melanogaster	D. melanogaster
A0A0B4KHD2	1	U-01	melanogaster	D. melanogaster
A0A0B4KHE9	1	U-01	melanogaster	D. melanogaster
A0A0B4KHF2	1	U-01	melanogaster	D. melanogaster
A0A0B4KHF8	1	U-01	melanogaster	D. melanogaster
A0A0B4KHG5	2	U-02	melanogaster	D. melanogaster
A0A0B4KHG7	1	U-01	melanogaster	D. melanogaster
A0A0B4KHH2	1	U-01	melanogaster	D. melanogaster
A0A0B4KHH6	1	U-01	melanogaster	D. melanogaster
A0A0B4KHI3	1	U-01	melanogaster	D. melanogaster
A0A0B4KHJ4	1	U-01	melanogaster	D. melanogaster
A0A0B4KHJ5	1	U-01	melanogaster	D. melanogaster
A0A0B4KHJ9	0	unassigned	melanogaster	D. melanogaster
A0A0B4KHK5	2	U-02	melanogaster	D. melanogaster
A0A0B4KHL1	1	U-01	melanogaster	D. melanogaster
A0A0B4KHL7	1	U-01	melanogaster	D. melanogaster
A0A0B4KHM9	2	U-02	melanogaster	D. melanogaster
A0A0B4KHN1	1	U-01	melanogaster	D. melanogaster
A0A0B4KHR2	1	U-01	melanogaster	D. melanogaster
A0A0B4KHR8	1	U-01	melanogaster	D. melanogaster
A0A0B4KHS0	0	unassigned	melanogaster	D. melanogaster
E1JHT2	3	U-03	melanogaster	D. melanogaster
E1JHU6	1	U-01	melanogaster	D. melanogaster
E1JHW5	1	U-01	melanogaster	D. melanogaster
E1JHZ0	1	U-01	melanogaster	D. melanogaster
E1JI08	0	unassigned	melanogaster	D. melanogaster
E1JI22	1	U-01	melanogaster	D. melanogaster
E1JI29	1	U-01	melanogaster	D. melanogaster
E1JI59	1	U-01	melanogaster	D. melanogaster
E1JI61	2	U-02	melanogaster	D. melanogaster
E1JI62	2	U-02	melanogaster	D. melanogaster
E1JI64	1	U-01	melanogaster	D. melanogaster
E1JI66	1	U-01	melanogaster	D. melanogaster
E1JI73	1	U-01	melanogaster	D. melanogaster
E1JI74	1	U-01	melanogaster	D. melanogaster
E1JI88	2	U-02	melanogaster	D. melanogaster
E1JI89	2	U-02	melanogaster	D. melanogaster
E1JI91	1	U-01	melanogaster	D. melanogaster
E1JIA5	3	U-03	melanogaster	D. melanogaster
E1JIB3	3	U-03	melanogaster	D. melanogaster
Q8IMI7	1	U-01	melanogaster	D. melanogaster
Q8IMJ0	2	U-02	melanogaster	D. melanogaster
Q8IMJ3	1	U-01	melanogaster	D. melanogaster
Q8IMK1	1	U-01	melanogaster	D. melanogaster
Q8IMK5	1	U-01	melanogaster	D. melanogaster
Q8IMM6	1	U-01	melanogaster	D. melanogaster
Q8IMM7	1	U-01	melanogaster	D. melanogaster
Q8IMM8	1	U-01	melanogaster	D. melanogaster
Q8IMP0	1	U-01	melanogaster	D. melanogaster
Q8IMP1	1	U-01	melanogaster	D. melanogaster
Q9VBF6	2	U-02	melanogaster	D. melanogaster
Q9VBF7	3	U-03	melanogaster	D. melanogaster
Q9VBG6	1	U-01	melanogaster	D. melanogaster
Q9VBG8	2	U-02	melanogaster	D. melanogaster
Q9VBI0	1	U-01	melanogaster	D. melanogaster
Q9VBJ3	1	U-01	melanogaster	D. melanogaster
Q9VBK0	3	U-03	melanogaster	D. melanogaster
Q9VBK2	3	U-03	melanogaster	D. melanogaster
Q9VBK6	2	U-02	melanogaster	D. melanogaster
Q9VBK9	1	U-01	melanogaster	D. melanogaster
Q9VBL1	3	U-03	melanogaster	D. melanogaster
Q9VBL3	1	U-01	melanogaster	D. melanogaster
Q9VBM0	1	U-01	melanogaster	D. melanogaster
Q9VBM1	1	U-01	melanogaster	D. melanogaster
Q9VBM3	3	U-03	melanogaster	D. melanogaster
Q9VBM4	3	U-03	melanogaster	D. melanogaster
Q9VBM5	3	U-03	melanogaster	D. melanogaster
Q9VBM6	3	U-03	melanogaster	D. melanogaster
Q9VBM7	3	U-03	melanogaster	D. melanogaster
Q9VBM8	3	U-03	melanogaster	D. melanogaster
Q9VBQ0	0	unassigned	melanogaster	D. melanogaster
Q9VBQ2	2	U-02	melanogaster	D. melanogaster
Q9VBQ3	1	U-01	melanogaster	D. melanogaster
Q9VBQ5	1	U-01	melanogaster	D. melanogaster
Q9VBQ7	1	U-01	melanogaster	D. melanogaster
Q9VBR0	0	unassigned	melanogaster	D. melanogaster
Q9VBR4	1	U-01	melanogaster	D. melanogaster
Q9VBR6	2	U-02	melanogaster	D. melanogaster
Q9VBR7	1	U-01	melanogaster	D. melanogaster
Q9VBR8	0	unassigned	melanogaster	D. melanogaster
Q9VBR9	0	unassigned	melanogaster	D. melanogaster
Q9VBS9	1	U-01	melanogaster	D. melanogaster
Q9VBT1	1	U-01	melanogaster	D. melanogaster
Q9VBT2	1	U-01	melanogaster	D. melanogaster
Q9VBT3	1	U-01	melanogaster	D. melanogaster
Q9VBU4	1	U-01	melanogaster	D. melanogaster
Q9VBU6	3	U-03	melanogaster	D. melanogaster
Q9VBV1	0	unassigned	melanogaster	D. melanogaster
Q9VBV4	0	unassigned	melanogaster	D. melanogaster
Q9VBV9	3	U-03	melanogaster	D. melanogaster
Q9VBX0	1	U-01	melanogaster	D. melanogaster
Q9VBX6	2	U-02	melanogaster	D. melanogaster
Q9VBX8	1	U-01	melanogaster	D. melanogaster
Q9VBY2	1	U-01	melanogaster	D. melanogaster
Q9VBY4	0	unassigned	melanogaster	D. melanogaster
Q9VBY5	1	U-01	melanogaster	D. melanogaster
Q9VBY9	1	U-01	melanogaster	D. melanogaster
Q9VBZ8	3	U-03	melanogaster	D. melanogaster
Q9VC02	3	U-03	melanogaster	D. melanogaster
Q9VC14	1	U-01	melanogaster	D. melanogaster
Q9VC19	1	U-01	melanogaster	D. melanogaster
Q9VC22	1	U-01	melanogaster	D. melanogaster
Q9VC28	1	U-01	melanogaster	D. melanogaster
Q9VC29	3	U-03	melanogaster	D. melanogaster
Q9VC40	3	U-03	melanogaster	D. melanogaster
Q9VC53	1	U-01	melanogaster	D. melanogaster
Q9VC60	1	U-01	melanogaster	D. melanogaster
Q9VC62	1	U-01	melanogaster	D. melanogaster
Q9VC63	3	U-03	melanogaster	D. melanogaster
Q9VC66	0	unassigned	melanogaster	D. melanogaster
Q9VC87	1	U-01	melanogaster	D. melanogaster
Q9VC92	1	U-01	melanogaster	D. melanogaster
Q9VC98	2	U-02	melanogaster	D. melanogaster
Q9VCA0	3	U-03	melanogaster	D. melanogaster
Q9VCA1	1	U-01	melanogaster	D. melanogaster
Q9VCB1	1	U-01	melanogaster	D. melanogaster
Q9VCB2	1	U-01	melanogaster	D. melanogaster
Q9VCB7	1	U-01	melanogaster	D. melanogaster
Q9VCC3	1	U-01	melanogaster	D. melanogaster
Q9VCC8	0	unassigned	melanogaster	D. melanogaster
Q9VCD3	1	U-01	melanogaster	D. melanogaster
Q9VCD4	1	U-01	melanogaster	D. melanogaster
Q9VCD5	1	U-01	melanogaster	D. melanogaster
Q9VCE2	1	U-01	melanogaster	D. melanogaster
Q9VCE7	1	U-01	melanogaster	D. melanogaster
Q9VCE8	1	U-01	melanogaster	D. melanogaster
Q9VCF1	3	U-03	melanogaster	D. melanogaster
Q9VCF6	1	U-01	melanogaster	D. melanogaster
Q9VCG2	3	U-03	melanogaster	D. melanogaster
Q9VCG3	3	U-03	melanogaster	D. melanogaster
Q9VCG8	2	U-02	melanogaster	D. melanogaster
Q9VCH2	0	unassigned	melanogaster	D. melanogaster
Q9VCI7	1	U-01	melanogaster	D. melanogaster
Q9VCI9	1	U-01	melanogaster	D. melanogaster
Q9VCJ5	3	U-03	melanogaster	D. melanogaster
Q9VCK6	1	U-01	melanogaster	D. melanogaster
Q9VCK8	3	U-03	melanogaster	D. melanogaster
Q9VCK9	3	U-03	melanogaster	D. melanogaster
Q9VCL1	2	U-02	melanogaster	D. melanogaster
Q9VCL3	0	unassigned	melanogaster	D. melanogaster
Q9VBW4	1	U-01	melanogaster	D. melanogaster
Q9VBX4	1	U-01	melanogaster	D. melanogaster
Q9VBX7	1	U-01	melanogaster	D. melanogaster
Q9VBZ0	1	U-01	melanogaster	D. melanogaster
Q9VBZ2	1	U-01	melanogaster	D. melanogaster
Q9VC06	1	U-01	melanogaster	D. melanogaster
Q9VC09	1	U-01	melanogaster	D. melanogaster
Q9VC13	1	U-01	melanogaster	D. melanogaster
Q9VC20	1	U-01	melanogaster	D. melanogaster
Q9VC23	1	U-01	melanogaster	D. melanogaster
Q9VC24	1	U-01	melanogaster	D. melanogaster
Q9VC34	1	U-01	melanogaster	D. melanogaster
Q9VC39	0	unassigned	melanogaster	D. melanogaster
Q9VC43	1	U-01	melanogaster	D. melanogaster
Q9VC50	1	U-01	melanogaster	D. melanogaster
Q9VC54	1	U-01	melanogaster	D. melanogaster
Q9VC67	0	unassigned	melanogaster	D. melanogaster
Q9VC68	1	U-01	melanogaster	D. melanogaster
Q9VC75	2	U-02	melanogaster	D. melanogaster
Q9VC76	2	U-02	melanogaster	D. melanogaster
Q9VC77	2	U-02	melanogaster	D. melanogaster
Q9VC78	2	U-02	melanogaster	D. melanogaster
Q9VC79	2	U-02	melanogaster	D. melanogaster
Q9VC80	2	U-02	melanogaster	D. melanogaster
Q9VC81	2	U-02	melanogaster	D. melanogaster
Q9VC82	2	U-02	melanogaster	D. melanogaster
Q9VC83	2	U-02	melanogaster	D. melanogaster
Q9VC84	2	U-02	melanogaster	D. melanogaster
Q9VC85	2	U-02	melanogaster	D. melanogaster
Q9VC86	1	U-01	melanogaster	D. melanogaster
Q9VC89	1	U-01	melanogaster	D. melanogaster
Q9VC90	0	unassigned	melanogaster	D. melanogaster
Q9VCB5	1	U-01	melanogaster	D. melanogaster
Q9VCB9	1	U-01	melanogaster	D. melanogaster
Q9VCC1	1	U-01	melanogaster	D. melanogaster
Q9VCD2	1	U-01	melanogaster	D. melanogaster
Q9VCD9	1	U-01	melanogaster	D. melanogaster
Q9VCF0	1	U-01	melanogaster	D. melanogaster
Q9VCF8	1	U-01	melanogaster	D. melanogaster
Q9VCG0	1	U-01	melanogaster	D. melanogaster
Q9VCH7	1	U-01	melanogaster	D. melanogaster
Q9VCH9	1	U-01	melanogaster	D. melanogaster
Q9VCI4	2	U-02	melanogaster	D. melanogaster
Q9VCJ2	0	unassigned	melanogaster	D. melanogaster
Q9VCJ3	1	U-01	melanogaster	D. melanogaster
Q9VCJ6	1	U-01	melanogaster	D. melanogaster
Q9VCK7	3	U-03	melanogaster	D. melanogaster
Q9VCL2	1	U-01	melanogaster	D. melanogaster
Q9VCN4	1	U-01	melanogaster	D. melanogaster
Q9VCQ2	3	U-03	melanogaster	D. melanogaster
Q9VCR4	2	U-02	melanogaster	D. melanogaster
Q9VCS1	1	U-01	melanogaster	D. melanogaster
Q9VCS4	1	U-01	melanogaster	D. melanogaster
Q9VCS5	1	U-01	melanogaster	D. melanogaster
Q9VCT6	1	U-01	melanogaster	D. melanogaster
Q9VCT7	1	U-01	melanogaster	D. melanogaster
Q9VCU0	2	U-02	melanogaster	D. melanogaster
Q9VCU8	1	U-01	melanogaster	D. melanogaster
Q9VCV8	1	U-01	melanogaster	D. melanogaster
Q9VCV9	1	U-01	melanogaster	D. melanogaster
Q9VCW5	1	U-01	melanogaster	D. melanogaster
Q9VCX6	1	U-01	melanogaster	D. melanogaster
Q9VCY2	1	U-01	melanogaster	D. melanogaster
Q9VCZ2	1	U-01	melanogaster	D. melanogaster
Q9VCZ7	0	unassigned	melanogaster	D. melanogaster
Q9VD00	1	U-01	melanogaster	D. melanogaster
Q9VD02	1	U-01	melanogaster	D. melanogaster
Q9VD08	1	U-01	melanogaster	D. melanogaster
Q9VD16	1	U-01	melanogaster	D. melanogaster
Q9VD17	1	U-01	melanogaster	D. melanogaster
Q9VD22	1	U-01	melanogaster	D. melanogaster
Q9VD31	1	U-01	melanogaster	D. melanogaster
Q9VD32	1	U-01	melanogaster	D. melanogaster
Q9VD33	1	U-01	melanogaster	D. melanogaster
Q9VD34	1	U-01	melanogaster	D. melanogaster
Q9VQU8	1	U-01	melanogaster	D. melanogaster
Q9VQW4	1	U-01	melanogaster	D. melanogaster
Q9VQW5	1	U-01	melanogaster	D. melanogaster
Q9VQW6	0	unassigned	melanogaster	D. melanogaster
Q9VQX8	1	U-01	melanogaster	D. melanogaster
Q9VQZ3	1	U-01	melanogaster	D. melanogaster
Q9VQZ8	1	U-01	melanogaster	D. melanogaster
Q9VR03	1	U-01	melanogaster	D. melanogaster
Q9VR04	1	U-01	melanogaster	D. melanogaster
Q9VR18	1	U-01	melanogaster	D. melanogaster
Q9VR28	1	U-01	melanogaster	D. melanogaster
Q9VR30	1	U-01	melanogaster	D. melanogaster
Q9VR36	1	U-01	melanogaster	D. melanogaster
Q9VR43	1	U-01	melanogaster	D. melanogaster
Q9VR51	0	unassigned	melanogaster	D. melanogaster
Q9VR57	1	U-01	melanogaster	D. melanogaster
Q9VR63	1	U-01	melanogaster	D. melanogaster
Q9VR65	1	U-01	melanogaster	D. melanogaster
Q9VR70	0	unassigned	melanogaster	D. melanogaster
Q9VR80	1	U-01	melanogaster	D. melanogaster
Q9VR84	1	U-01	melanogaster	D. melanogaster
Q9VR87	3	U-03	melanogaster	D. melanogaster
Q9VR88	1	U-01	melanogaster	D. melanogaster
Q9VR92	1	U-01	melanogaster	D. melanogaster
Q9VRA5	1	U-01	melanogaster	D. melanogaster
X2JBC1	1	U-01	melanogaster	D. melanogaster
X2JBG9	1	U-01	melanogaster	D. melanogaster
X2JBI1	1	U-01	melanogaster	D. melanogaster
X2JC31	1	U-01	melanogaster	D. melanogaster
X2JC42	0	unassigned	melanogaster	D. melanogaster
X2JC82	1	U-01	melanogaster	D. melanogaster
X2JCF8	2	U-02	melanogaster	D. melanogaster
X2JCH3	2	U-02	melanogaster	D. melanogaster
X2JCI4	1	U-01	melanogaster	D. melanogaster
X2JCK2	2	U-02	melanogaster	D. melanogaster
X2JCK6	1	U-01	melanogaster	D. melanogaster
X2JCL0	0	unassigned	melanogaster	D. melanogaster
X2JCN4	2	U-02	melanogaster	D. melanogaster
X2JCQ6	1	U-01	melanogaster	D. melanogaster
X2JCY2	1	U-01	melanogaster	D. melanogaster
X2JD86	1	U-01	melanogaster	D. melanogaster
X2JDH0	1	U-01	melanogaster	D. melanogaster
X2JDI1	1	U-01	melanogaster	D. melanogaster
X2JDJ3	1	U-01	melanogaster	D. melanogaster
X2JDS9	1	U-01	melanogaster	D. melanogaster
X2JDX3	1	U-01	melanogaster	D. melanogaster
X2JDZ8	1	U-01	melanogaster	D. melanogaster
X2JE67	1	U-01	melanogaster	D. melanogaster
X2JEJ3	1	U-01	melanogaster	D. melanogaster
X2JEJ4	1	U-01	melanogaster	D. melanogaster
X2JEJ9	1	U-01	melanogaster	D. melanogaster
X2JEQ0	1	U-01	melanogaster	D. melanogaster
X2JF15	1	U-01	melanogaster	D. melanogaster
A8DZ26	1	U-01	melanogaster	D. melanogaster
A8JN12	0	unassigned	melanogaster	D. melanogaster
A8JNC7	2	U-02	melanogaster	D. melanogaster
A8JNC9	1	U-01	melanogaster	D. melanogaster
A8JNJ2	1	U-01	melanogaster	D. melanogaster
A8JNK7	1	U-01	melanogaster	D. melanogaster
A8JNL4	1	U-01	melanogaster	D. melanogaster
A8JNL5	1	U-01	melanogaster	D. melanogaster
A8JNL6	1	U-01	melanogaster	D. melanogaster
A8JNM3	1	U-01	melanogaster	D. melanogaster
A8JNM8	0	unassigned	melanogaster	D. melanogaster
A8JNM9	0	unassigned	melanogaster	D. melanogaster
A8JNP1	1	U-01	melanogaster	D. melanogaster
A8JNP7	1	U-01	melanogaster	D. melanogaster
A8JNR0	3	U-03	melanogaster	D. melanogaster
A8JNS0	2	U-02	melanogaster	D. melanogaster
A8JNS8	2	U-02	melanogaster	D. melanogaster
A8JNU1	3	U-03	melanogaster	D. melanogaster
A8JNV4	1	U-01	melanogaster	D. melanogaster
A8JNV9	0	unassigned	melanogaster	D. melanogaster
A8JNW3	2	U-02	melanogaster	D. melanogaster
A8JNW5	1	U-01	melanogaster	D. melanogaster
A8JPC8	1	U-01	melanogaster	D. melanogaster
A8JPF3	2	U-02	melanogaster	D. melanogaster
A8JQ65	1	U-01	melanogaster	D. melanogaster
A8JQT5	1	U-01	melanogaster	D. melanogaster
A8JQU3	2	U-02	melanogaster	D. melanogaster
A8JQU7	1	U-01	melanogaster	D. melanogaster
A8JQX0	1	U-01	melanogaster	D. melanogaster
A8JQX2	3	U-03	melanogaster	D. melanogaster
A8JQZ2	2	U-02	melanogaster	D. melanogaster
A8JQZ4	2	U-02	melanogaster	D. melanogaster
A8JR14	1	U-01	melanogaster	D. melanogaster
A8JR35	2	U-02	melanogaster	D. melanogaster
A8JR42	1	U-01	melanogaster	D. melanogaster
A8JR43	2	U-02	melanogaster	D. melanogaster
A8JR94	1	U-01	melanogaster	D. melanogaster
A8JR97	1	U-01	melanogaster	D. melanogaster
A8JRD2	2	U-02	melanogaster	D. melanogaster
A8JRH3	1	U-01	melanogaster	D. melanogaster
A8JUN6	1	U-01	melanogaster	D. melanogaster
A8JUQ2	1	U-01	melanogaster	D. melanogaster
A8JUR4	1	U-01	melanogaster	D. melanogaster
A8JUR5	1	U-01	melanogaster	D. melanogaster
A8JUT4	1	U-01	melanogaster	D. melanogaster
A8JUT5	0	unassigned	melanogaster	D. melanogaster
A8JUV2	1	U-01	melanogaster	D. melanogaster
A8JUY8	1	U-01	melanogaster	D. melanogaster
A8JV18	1	U-01	melanogaster	D. melanogaster
A8JV21	1	U-01	melanogaster	D. melanogaster
A8JV41	2	U-02	melanogaster	D. melanogaster
A8QI32	0	unassigned	melanogaster	D. melanogaster
A8Y525	1	U-01	melanogaster	D. melanogaster
A8Y527	1	U-01	melanogaster	D. melanogaster
A8Y582	1	U-01	melanogaster	D. melanogaster
A8Y589	1	U-01	melanogaster	D. melanogaster
A8Y596	1	U-01	melanogaster	D. melanogaster
A8Y599	1	U-01	melanogaster	D. melanogaster
A8Y5A0	1	U-01	melanogaster	D. melanogaster
B7YZD8	1	U-01	melanogaster	D. melanogaster
B7YZD9	1	U-01	melanogaster	D. melanogaster
B7YZE0	1	U-01	melanogaster	D. melanogaster
B7YZF0	1	U-01	melanogaster	D. melanogaster
B7YZF2	1	U-01	melanogaster	D. melanogaster
B7YZG1	1	U-01	melanogaster	D. melanogaster
B7YZH3	1	U-01	melanogaster	D. melanogaster
B7YZH4	1	U-01	melanogaster	D. melanogaster
B7YZI0	1	U-01	melanogaster	D. melanogaster
B7YZI9	1	U-01	melanogaster	D. melanogaster
B7YZJ0	1	U-01	melanogaster	D. melanogaster
B7YZJ1	1	U-01	melanogaster	D. melanogaster
B7YZJ2	1	U-01	melanogaster	D. melanogaster
Q9VFY1	1	U-01	melanogaster	D. melanogaster
Q9VFY2	2	U-02	melanogaster	D. melanogaster
Q9VFY3	1	U-01	melanogaster	D. melanogaster
Q9VFY6	1	U-01	melanogaster	D. melanogaster
Q9VFY9	2	U-02	melanogaster	D. melanogaster
Q9VG00	3	U-03	melanogaster	D. melanogaster
Q9VG01	1	U-01	melanogaster	D. melanogaster
Q9VG04	1	U-01	melanogaster	D. melanogaster
Q9VG06	1	U-01	melanogaster	D. melanogaster
Q9VG07	1	U-01	melanogaster	D. melanogaster
Q9VG14	3	U-03	melanogaster	D. melanogaster
Q9VG17	0	unassigned	melanogaster	D. melanogaster
Q9VG19	2	U-02	melanogaster	D. melanogaster
Q9VG21	1	U-01	melanogaster	D. melanogaster
Q9VG24	2	U-02	melanogaster	D. melanogaster
Q9VG28	2	U-02	melanogaster	D. melanogaster
Q9VG29	0	unassigned	melanogaster	D. melanogaster
Q9VG30	0	unassigned	melanogaster	D. melanogaster
Q9VG33	1	U-01	melanogaster	D. melanogaster
Q9VG45	1	U-01	melanogaster	D. melanogaster
Q9VG46	2	U-02	melanogaster	D. melanogaster
Q9VG47	2	U-02	melanogaster	D. melanogaster
Q9VG48	2	U-02	melanogaster	D. melanogaster
Q9VG50	2	U-02	melanogaster	D. melanogaster
Q9VG59	1	U-01	melanogaster	D. melanogaster
Q9VG60	1	U-01	melanogaster	D. melanogaster
Q9VG61	1	U-01	melanogaster	D. melanogaster
Q9VG64	3	U-03	melanogaster	D. melanogaster
Q9VG65	1	U-01	melanogaster	D. melanogaster
Q9VG69	1	U-01	melanogaster	D. melanogaster
Q9VG72	0	unassigned	melanogaster	D. melanogaster
Q9VG81	1	U-01	melanogaster	D. melanogaster
Q9VG86	1	U-01	melanogaster	D. melanogaster
Q9VG88	1	U-01	melanogaster	D. melanogaster
Q9VG91	1	U-01	melanogaster	D. melanogaster
Q9VGA8	1	U-01	melanogaster	D. melanogaster
Q9VGB2	1	U-01	melanogaster	D. melanogaster
Q9VGB3	0	unassigned	melanogaster	D. melanogaster
Q9VGB4	0	unassigned	melanogaster	D. melanogaster
Q9VGC0	0	unassigned	melanogaster	D. melanogaster
Q9VGC5	1	U-01	melanogaster	D. melanogaster
Q9VGD0	2	U-02	melanogaster	D. melanogaster
Q9VGD2	2	U-02	melanogaster	D. melanogaster
Q9VGD3	2	U-02	melanogaster	D. melanogaster
Q9VGD6	1	U-01	melanogaster	D. melanogaster
Q9VGD7	1	U-01	melanogaster	D. melanogaster
Q9VGD9	1	U-01	melanogaster	D. melanogaster
Q9VNN0	1	U-01	melanogaster	D. melanogaster
Q9VNN1	1	U-01	melanogaster	D. melanogaster
Q9VNN2	1	U-01	melanogaster	D. melanogaster
Q9VNN6	1	U-01	melanogaster	D. melanogaster
Q9VNN7	1	U-01	melanogaster	D. melanogaster
Q9VNP0	1	U-01	melanogaster	D. melanogaster
Q9VNP4	1	U-01	melanogaster	D. melanogaster
Q9VNQ1	1	U-01	melanogaster	D. melanogaster
Q9VNS2	1	U-01	melanogaster	D. melanogaster
Q9VNS4	0	unassigned	melanogaster	D. melanogaster
Q9VNS7	0	unassigned	melanogaster	D. melanogaster
Q9VNT3	1	U-01	melanogaster	D. melanogaster
Q9VNT8	3	U-03	melanogaster	D. melanogaster
Q9VNU0	3	U-03	melanogaster	D. melanogaster
Q9VNU1	3	U-03	melanogaster	D. melanogaster
Q9VNV2	1	U-01	melanogaster	D. melanogaster
Q9VNW8	3	U-03	melanogaster	D. melanogaster
Q9VNX0	1	U-01	melanogaster	D. melanogaster
Q9VNX6	0	unassigned	melanogaster	D. melanogaster
Q9VNX7	1	U-01	melanogaster	D. melanogaster
Q9VNY3	1	U-01	melanogaster	D. melanogaster
Q9VNY4	1	U-01	melanogaster	D. melanogaster
Q9VNZ0	1	U-01	melanogaster	D. melanogaster
Q9VNZ5	3	U-03	melanogaster	D. melanogaster
Q9VP00	1	U-01	melanogaster	D. melanogaster
Q9VP04	3	U-03	melanogaster	D. melanogaster
Q9VP06	1	U-01	melanogaster	D. melanogaster
Q9VP08	2	U-02	melanogaster	D. melanogaster
Q9VP12	1	U-01	melanogaster	D. melanogaster
Q9VP25	2	U-02	melanogaster	D. melanogaster
Q9VP30	1	U-01	melanogaster	D. melanogaster
Q9VP43	1	U-01	melanogaster	D. melanogaster
Q9VP44	1	U-01	melanogaster	D. melanogaster
Q9VP46	1	U-01	melanogaster	D. melanogaster
Q9VP51	1	U-01	melanogaster	D. melanogaster
Q9VP53	0	unassigned	melanogaster	D. melanogaster
Q9VP55	1	U-01	melanogaster	D. melanogaster
Q9VP67	1	U-01	melanogaster	D. melanogaster
Q9VP69	1	U-01	melanogaster	D. melanogaster
Q9VP77	1	U-01	melanogaster	D. melanogaster
Q9VP79	1	U-01	melanogaster	D. melanogaster
Q9VP85	1	U-01	melanogaster	D. melanogaster
Q9VP87	1	U-01	melanogaster	D. melanogaster
Q9VP94	0	unassigned	melanogaster	D. melanogaster
Q9VPA1	2	U-02	melanogaster	D. melanogaster
Q9VPA2	0	unassigned	melanogaster	D. melanogaster
Q9VPB0	1	U-01	melanogaster	D. melanogaster
Q9VPB1	1	U-01	melanogaster	D. melanogaster
Q9VPB6	1	U-01	melanogaster	D. melanogaster
Q9VPB7	1	U-01	melanogaster	D. melanogaster
Q9VPC1	1	U-01	melanogaster	D. melanogaster
Q9VPC2	1	U-01	melanogaster	D. melanogaster
Q9VPC3	1	U-01	melanogaster	D. melanogaster
Q9VVP3	0	unassigned	melanogaster	D. melanogaster
Q9VVP5	1	U-01	melanogaster	D. melanogaster
Q9VVQ2	1	U-01	melanogaster	D. melanogaster
X2JE68	1	U-01	melanogaster	D. melanogaster
X2JEA2	1	U-01	melanogaster	D. melanogaster
X2JEC8	1	U-01	melanogaster	D. melanogaster
X2JEE5	1	U-01	melanogaster	D. melanogaster
X2JEG0	1	U-01	melanogaster	D. melanogaster
X2JEG9	1	U-01	melanogaster	D. melanogaster
X2JEH3	1	U-01	melanogaster	D. melanogaster
X2JEI2	1	U-01	melanogaster	D. melanogaster
X2JEI6	1	U-01	melanogaster	D. melanogaster
X2JEJ6	1	U-01	melanogaster	D. melanogaster
X2JEK2	3	U-03	melanogaster	D. melanogaster
X2JEK5	1	U-01	melanogaster	D. melanogaster
X2JES6	0	unassigned	melanogaster	D. melanogaster
X2JEU3	1	U-01	melanogaster	D. melanogaster
X2JEY3	1	U-01	melanogaster	D. melanogaster
X2JF03	1	U-01	melanogaster	D. melanogaster
X2JF48	1	U-01	melanogaster	D. melanogaster
X2JFG6	1	U-01	melanogaster	D. melanogaster
X2JFM8	1	U-01	melanogaster	D. melanogaster
X2JFU3	1	U-01	melanogaster	D. melanogaster
X2JFV5	1	U-01	melanogaster	D. melanogaster
X2JFW2	1	U-01	melanogaster	D. melanogaster
X2JFW7	1	U-01	melanogaster	D. melanogaster
X2JG21	1	U-01	melanogaster	D. melanogaster
X2JG46	1	U-01	melanogaster	D. melanogaster
X2JGB2	1	U-01	melanogaster	D. melanogaster
X2JGC6	1	U-01	melanogaster	D. melanogaster
X2JGI5	1	U-01	melanogaster	D. melanogaster
X2JGJ5	1	U-01	melanogaster	D. melanogaster
X2JGK1	1	U-01	melanogaster	D. melanogaster
X2JGV3	1	U-01	melanogaster	D. melanogaster
X2JGV8	3	U-03	melanogaster	D. melanogaster
X2JHR5	1	U-01	melanogaster	D. melanogaster
X2JI50	1	U-01	melanogaster	D. melanogaster
X2JI66	1	U-01	melanogaster	D. melanogaster
X2JIM3	1	U-01	melanogaster	D. melanogaster
X2JIP7	1	U-01	melanogaster	D. melanogaster
X2JJ74	1	U-01	melanogaster	D. melanogaster
X2JK14	1	U-01	melanogaster	D. melanogaster
X2JKA0	1	U-01	melanogaster	D. melanogaster
X2JKH0	1	U-01	melanogaster	D. melanogaster
X2JKP3	2	U-02	melanogaster	D. melanogaster
X2JL95	3	U-03	melanogaster	D. melanogaster
X2JLC4	1	U-01	melanogaster	D. melanogaster
M9PEN4	1	U-01	melanogaster	D. melanogaster
M9PEP8	0	unassigned	melanogaster	D. melanogaster
M9PER1	1	U-01	melanogaster	D. melanogaster
M9PES2	1	U-01	melanogaster	D. melanogaster
M9PF06	1	U-01	melanogaster	D. melanogaster
M9PF16	1	U-01	melanogaster	D. melanogaster
M9PF20	1	U-01	melanogaster	D. melanogaster
M9PF35	1	U-01	melanogaster	D. melanogaster
M9PF61	1	U-01	melanogaster	D. melanogaster
M9PF74	1	U-01	melanogaster	D. melanogaster
M9PF75	1	U-01	melanogaster	D. melanogaster
M9PF96	1	U-01	melanogaster	D. melanogaster
M9PFA3	0	unassigned	melanogaster	D. melanogaster
M9PFA8	0	unassigned	melanogaster	D. melanogaster
M9PFC6	1	U-01	melanogaster	D. melanogaster
M9PFI5	1	U-01	melanogaster	D. melanogaster
M9PFI8	1	U-01	melanogaster	D. melanogaster
M9PFJ2	0	unassigned	melanogaster	D. melanogaster
M9PFN0	1	U-01	melanogaster	D. melanogaster
M9PFP0	0	unassigned	melanogaster	D. melanogaster
M9PFP4	0	unassigned	melanogaster	D. melanogaster
M9PFR6	1	U-01	melanogaster	D. melanogaster
M9PFS0	1	U-01	melanogaster	D. melanogaster
M9PFS1	1	U-01	melanogaster	D. melanogaster
M9PFS2	1	U-01	melanogaster	D. melanogaster
M9PFX0	1	U-01	melanogaster	D. melanogaster
M9PFX8	0	unassigned	melanogaster	D. melanogaster
M9PFZ4	3	U-03	melanogaster	D. melanogaster
M9PG15	1	U-01	melanogaster	D. melanogaster
M9PG32	1	U-01	melanogaster	D. melanogaster
M9PG57	0	unassigned	melanogaster	D. melanogaster
M9PGC4	1	U-01	melanogaster	D. melanogaster
M9PGC5	1	U-01	melanogaster	D. melanogaster
M9PGF6	2	U-02	melanogaster	D. melanogaster
M9PGF7	2	U-02	melanogaster	D. melanogaster
M9PGH7	1	U-01	melanogaster	D. melanogaster
M9PGI1	1	U-01	melanogaster	D. melanogaster
M9PGK6	1	U-01	melanogaster	D. melanogaster
M9PGK7	1	U-01	melanogaster	D. melanogaster
M9PGV6	1	U-01	melanogaster	D. melanogaster
M9PGV7	1	U-01	melanogaster	D. melanogaster
M9PGY4	0	unassigned	melanogaster	D. melanogaster
M9PGZ0	0	unassigned	melanogaster	D. melanogaster
M9PGZ8	1	U-01	melanogaster	D. melanogaster
M9PH06	1	U-01	melanogaster	D. melanogaster
M9PH19	1	U-01	melanogaster	D. melanogaster
M9PH32	1	U-01	melanogaster	D. melanogaster
M9PH39	1	U-01	melanogaster	D. melanogaster
M9PHB3	1	U-01	melanogaster	D. melanogaster
M9PHD4	3	U-03	melanogaster	D. melanogaster
M9PHD8	1	U-01	melanogaster	D. melanogaster
M9PHG2	1	U-01	melanogaster	D. melanogaster
M9PHG4	1	U-01	melanogaster	D. melanogaster
Q9VK37	1	U-01	melanogaster	D. melanogaster
Q9VK42	1	U-01	melanogaster	D. melanogaster
Q9VK46	1	U-01	melanogaster	D. melanogaster
Q9VK47	1	U-01	melanogaster	D. melanogaster
Q9VK51	3	U-03	melanogaster	D. melanogaster
Q9VK52	3	U-03	melanogaster	D. melanogaster
Q9VK53	3	U-03	melanogaster	D. melanogaster
Q9VK69	1	U-01	melanogaster	D. melanogaster
Q9VK82	3	U-03	melanogaster	D. melanogaster
Q9VK84	3	U-03	melanogaster	D. melanogaster
Q9VK85	1	U-01	melanogaster	D. melanogaster
Q9VKA3	1	U-01	melanogaster	D. melanogaster
Q9VKA4	2	U-02	melanogaster	D. melanogaster
Q9VKA8	0	unassigned	melanogaster	D. melanogaster
Q9VKA9	0	unassigned	melanogaster	D. melanogaster
Q9VKB1	1	U-01	melanogaster	D. melanogaster
Q9VKC2	3	U-03	melanogaster	D. melanogaster
Q9VKC8	1	U-01	melanogaster	D. melanogaster
Q9VKD2	3	U-03	melanogaster	D. melanogaster
Q9VKD5	1	U-01	melanogaster	D. melanogaster
Q9VKE2	1	U-01	melanogaster	D. melanogaster
Q9VKF0	1	U-01	melanogaster	D. melanogaster
Q9VKF7	1	U-01	melanogaster	D. melanogaster
Q9VKG8	1	U-01	melanogaster	D. melanogaster
Q9VKG9	1	U-01	melanogaster	D. melanogaster
Q9VKH0	1	U-01	melanogaster	D. melanogaster
Q9VKJ0	1	U-01	melanogaster	D. melanogaster
Q9VKJ1	1	U-01	melanogaster	D. melanogaster
Q9VKJ4	1	U-01	melanogaster	D. melanogaster
Q9VKJ5	1	U-01	melanogaster	D. melanogaster
Q9VKJ6	1	U-01	melanogaster	D. melanogaster
Q9VKL0	1	U-01	melanogaster	D. melanogaster
Q9VKM3	3	U-03	melanogaster	D. melanogaster
Q9VKM4	1	U-01	melanogaster	D. melanogaster
Q9VKM7	1	U-01	melanogaster	D. melanogaster
Q9VKN8	3	U-03	melanogaster	D. melanogaster
Q9VKP2	1	U-01	melanogaster	D. melanogaster
Q9VKP4	1	U-01	melanogaster	D. melanogaster
Q9VKP6	2	U-02	melanogaster	D. melanogaster
Q9VKP7	2	U-02	melanogaster	D. melanogaster
Q9VKQ3	1	U-01	melanogaster	D. melanogaster
Q9VKR0	3	U-03	melanogaster	D. melanogaster
Q9VKR4	1	U-01	melanogaster	D. melanogaster
Q9VKT1	1	U-01	melanogaster	D. melanogaster
Q9VKU3	1	U-01	melanogaster	D. melanogaster
Q9VKV0	1	U-01	melanogaster	D. melanogaster
Q9VKV3	2	U-02	melanogaster	D. melanogaster
Q9VKV9	1	U-01	melanogaster	D. melanogaster
Q9VKW3	1	U-01	melanogaster	D. melanogaster
Q9VKW4	1	U-01	melanogaster	D. melanogaster
Q9VKW5	1	U-01	melanogaster	D. melanogaster
Q9VKX7	3	U-03	melanogaster	D. melanogaster
Q9VKX8	2	U-02	melanogaster	D. melanogaster
Q9VKY4	2	U-02	melanogaster	D. melanogaster
Q9VL00	1	U-01	melanogaster	D. melanogaster
Q9VL02	1	U-01	melanogaster	D. melanogaster
Q9VL18	1	U-01	melanogaster	D. melanogaster
Q9VL22	1	U-01	melanogaster	D. melanogaster
Q9VL34	1	U-01	melanogaster	D. melanogaster
Q9VYN1	1	U-01	melanogaster	D. melanogaster
Q9VYN4	0	unassigned	melanogaster	D. melanogaster
Q9VYN5	1	U-01	melanogaster	D. melanogaster
Q9VYQ3	1	U-01	melanogaster	D. melanogaster
Q9VYQ5	0	unassigned	melanogaster	D. melanogaster
Q9VYQ7	0	unassigned	melanogaster	D. melanogaster
Q9VYQ9	1	U-01	melanogaster	D. melanogaster
Q9VYR0	1	U-01	melanogaster	D. melanogaster
Q9VYR1	1	U-01	melanogaster	D. melanogaster
Q9VYS2	0	unassigned	melanogaster	D. melanogaster
Q9VYT6	1	U-01	melanogaster	D. melanogaster
Q9VYV4	0	unassigned	melanogaster	D. melanogaster
Q9VYV8	1	U-01	melanogaster	D. melanogaster
Q9VYX4	1	U-01	melanogaster	D. melanogaster
Q9VYZ2	0	unassigned	melanogaster	D. melanogaster
Q9VZ04	1	U-01	melanogaster	D. melanogaster
Q9VZ34	3	U-03	melanogaster	D. melanogaster
Q9VZ35	2	U-02	melanogaster	D. melanogaster
Q9VZ44	2	U-02	melanogaster	D. melanogaster
Q9VZ47	1	U-01	melanogaster	D. melanogaster
Q9VZ55	1	U-01	melanogaster	D. melanogaster
Q9VZ62	1	U-01	melanogaster	D. melanogaster
Q9VZ64	1	U-01	melanogaster	D. melanogaster
Q9VZ77	1	U-01	melanogaster	D. melanogaster
Q9VZ82	1	U-01	melanogaster	D. melanogaster
Q9VZ97	1	U-01	melanogaster	D. melanogaster
Q9VZA4	1	U-01	melanogaster	D. melanogaster
Q9VZC4	1	U-01	melanogaster	D. melanogaster
Q9VZC7	1	U-01	melanogaster	D. melanogaster
Q9VZD9	3	U-03	melanogaster	D. melanogaster
Q9VZE0	2	U-02	melanogaster	D. melanogaster
Q9VZE9	1	U-01	melanogaster	D. melanogaster
Q9VZF6	1	U-01	melanogaster	D. melanogaster
Q9VZG7	1	U-01	melanogaster	D. melanogaster
Q9VZI0	0	unassigned	melanogaster	D. melanogaster
Q9VZI1	1	U-01	melanogaster	D. melanogaster
Q9VZI3	1	U-01	melanogaster	D. melanogaster
Q9VZI8	1	U-01	melanogaster	D. melanogaster
Q9VZL1	1	U-01	melanogaster	D. melanogaster
Q9VZL3	3	U-03	melanogaster	D. melanogaster
Q9VZM5	3	U-03	melanogaster	D. melanogaster
Q9W212	0	unassigned	melanogaster	D. melanogaster
Q9W214	1	U-01	melanogaster	D. melanogaster
Q9W217	1	U-01	melanogaster	D. melanogaster
Q9W218	1	U-01	melanogaster	D. melanogaster
Q9W219	1	U-01	melanogaster	D. melanogaster
Q9W220	1	U-01	melanogaster	D. melanogaster
Q9W221	1	U-01	melanogaster	D. melanogaster
Q9W222	1	U-01	melanogaster	D. melanogaster
Q9W224	1	U-01	melanogaster	D. melanogaster
Q9W228	0	unassigned	melanogaster	D. melanogaster
Q9W230	1	U-01	melanogaster	D. melanogaster
Q9W232	1	U-01	melanogaster	D. melanogaster
Q9W233	1	U-01	melanogaster	D. melanogaster
Q9W235	1	U-01	melanogaster	D. melanogaster
Q9W237	1	U-01	melanogaster	D. melanogaster
Q9W240	1	U-01	melanogaster	D. melanogaster
Q9W243	1	U-01	melanogaster	D. melanogaster
Q9W244	1	U-01	melanogaster	D. melanogaster
Q9W245	1	U-01	melanogaster	D. melanogaster
Q9W247	1	U-01	melanogaster	D. melanogaster
Q9W249	1	U-01	melanogaster	D. melanogaster
Q9W250	2	U-02	melanogaster	D. melanogaster
Q9W251	3	U-03	melanogaster	D. melanogaster
Q9W253	1	U-01	melanogaster	D. melanogaster
Q9W254	1	U-01	melanogaster	D. melanogaster
Q9W255	1	U-01	melanogaster	D. melanogaster
Q9W257	2	U-02	melanogaster	D. melanogaster
Q9W258	2	U-02	melanogaster	D. melanogaster
Q9W259	2	U-02	melanogaster	D. melanogaster
Q9W272	1	U-01	melanogaster	D. melanogaster
Q9W279	1	U-01	melanogaster	D. melanogaster
Q9W280	2	U-02	melanogaster	D. melanogaster
Q9W281	1	U-01	melanogaster	D. melanogaster
Q9W282	1	U-01	melanogaster	D. melanogaster
Q9W287	1	U-01	melanogaster	D. melanogaster
Q9W293	1	U-01	melanogaster	D. melanogaster
Q9W295	1	U-01	melanogaster	D. melanogaster
Q9W2A6	2	U-02	melanogaster	D. melanogaster
Q9W2B5	2	U-02	melanogaster	D. melanogaster
Q9W2C3	2	U-02	melanogaster	D. melanogaster
Q9W2D0	1	U-01	melanogaster	D. melanogaster
Q9W2D1	1	U-01	melanogaster	D. melanogaster
Q9W2E6	1	U-01	melanogaster	D. melanogaster
Q9W2E9	1	U-01	melanogaster	D. melanogaster
Q9W2F0	1	U-01	melanogaster	D. melanogaster
Q9W2F4	1	U-01	melanogaster	D. melanogaster
Q9W2F6	2	U-02	melanogaster	D. melanogaster
Q9W2G5	1	U-01	melanogaster	D. melanogaster
Q9W2H4	2	U-02	melanogaster	D. melanogaster
Q9W2I2	1	U-01	melanogaster	D. melanogaster
Q9W2I5	3	U-03	melanogaster	D. melanogaster
Q9W2I6	3	U-03	melanogaster	D. melanogaster
Q9W2J2	1	U-01	melanogaster	D. melanogaster
Q9W2J3	0	unassigned	melanogaster	D. melanogaster
Q9W2J6	1	U-01	melanogaster	D. melanogaster
Q9W2J7	2	U-02	melanogaster	D. melanogaster
Q9W2K3	1	U-01	melanogaster	D. melanogaster
Q9W2K8	1	U-01	melanogaster	D. melanogaster
Q9W2L6	2	U-02	melanogaster	D. melanogaster
Q9W2L9	0	unassigned	melanogaster	D. melanogaster
Q9W2M0	0	unassigned	melanogaster	D. melanogaster
Q9W2M8	1	U-01	melanogaster	D. melanogaster
Q9W2M9	1	U-01	melanogaster	D. melanogaster
Q9W2N3	0	unassigned	melanogaster	D. melanogaster
A0A0B4K891	1	U-01	melanogaster	D. melanogaster
A0A0B4K892	2	U-02	melanogaster	D. melanogaster
A0A0B4K893	0	unassigned	melanogaster	D. melanogaster
A0A0B4K894	1	U-01	melanogaster	D. melanogaster
A0A0B4K8A0	1	U-01	melanogaster	D. melanogaster
A0A0B4K8A3	3	U-03	melanogaster	D. melanogaster
A0A0B4K8A7	1	U-01	melanogaster	D. melanogaster
A0A0B4KED2	1	U-01	melanogaster	D. melanogaster
A0A0B4KED5	1	U-01	melanogaster	D. melanogaster
A0A0B4KEE0	1	U-01	melanogaster	D. melanogaster
A0A0B4KEE2	3	U-03	melanogaster	D. melanogaster
A0A0B4KEF0	3	U-03	melanogaster	D. melanogaster
A0A0B4KEF1	3	U-03	melanogaster	D. melanogaster
A0A0B4KEF7	1	U-01	melanogaster	D. melanogaster
A0A0B4KEG6	1	U-01	melanogaster	D. melanogaster
A0A0B4KEI4	1	U-01	melanogaster	D. melanogaster
A0A0B4KEM2	1	U-01	melanogaster	D. melanogaster
A0A0B4KEM4	3	U-03	melanogaster	D. melanogaster
A0A0B4KEN0	1	U-01	melanogaster	D. melanogaster
A0A0B4KEN1	1	U-01	melanogaster	D. melanogaster
A0A0B4KEN7	1	U-01	melanogaster	D. melanogaster
A0A0B4KEQ4	1	U-01	melanogaster	D. melanogaster
A0A0B4KER5	0	unassigned	melanogaster	D. melanogaster
A0A0B4KES5	3	U-03	melanogaster	D. melanogaster
A0A0B4KES6	1	U-01	melanogaster	D. melanogaster
A0A0B4KES8	1	U-01	melanogaster	D. melanogaster
A0A0B4KES9	1	U-01	melanogaster	D. melanogaster
A0A0B4KET7	3	U-03	melanogaster	D. melanogaster
A0A0B4KEV3	3	U-03	melanogaster	D. melanogaster
A0A0B4KEW0	3	U-03	melanogaster	D. melanogaster
A0A0B4KEW1	3	U-03	melanogaster	D. melanogaster
A0A0B4KEX1	1	U-01	melanogaster	D. melanogaster
A0A0B4KEX5	1	U-01	melanogaster	D. melanogaster
A0A0B4KEX7	2	U-02	melanogaster	D. melanogaster
A0A0B4KEY0	1	U-01	melanogaster	D. melanogaster
A0A0B4KEY2	1	U-01	melanogaster	D. melanogaster
Q9VU38	1	U-01	melanogaster	D. melanogaster
Q9VU39	1	U-01	melanogaster	D. melanogaster
Q9VU43	1	U-01	melanogaster	D. melanogaster
Q9VU45	1	U-01	melanogaster	D. melanogaster
Q9VU52	1	U-01	melanogaster	D. melanogaster
Q9VU53	2	U-02	melanogaster	D. melanogaster
Q9VU79	1	U-01	melanogaster	D. melanogaster
Q9VU86	1	U-01	melanogaster	D. melanogaster
Q9VUB7	1	U-01	melanogaster	D. melanogaster
Q9VUD5	3	U-03	melanogaster	D. melanogaster
Q9VUD7	0	unassigned	melanogaster	D. melanogaster
Q9VUE5	1	U-01	melanogaster	D. melanogaster
Q9VUM0	1	U-01	melanogaster	D. melanogaster
Q9VUU5	1	U-01	melanogaster	D. melanogaster
Q9VUU7	1	U-01	melanogaster	D. melanogaster
Q9VUU8	1	U-01	melanogaster	D. melanogaster
Q9VUV4	1	U-01	melanogaster	D. melanogaster
Q9VUV7	1	U-01	melanogaster	D. melanogaster
Q9VUX9	1	U-01	melanogaster	D. melanogaster
Q9VUY8	1	U-01	melanogaster	D. melanogaster
Q9VUZ1	1	U-01	melanogaster	D. melanogaster
Q9VV48	1	U-01	melanogaster	D. melanogaster
Q9VV60	1	U-01	melanogaster	D. melanogaster
Q9VV96	2	U-02	melanogaster	D. melanogaster
Q9VV98	2	U-02	melanogaster	D. melanogaster
Q9VVA4	1	U-01	melanogaster	D. melanogaster
Q9VVA6	1	U-01	melanogaster	D. melanogaster
Q9VVE2	1	U-01	melanogaster	D. melanogaster
Q9VVJ5	1	U-01	melanogaster	D. melanogaster
Q9VVJ8	1	U-01	melanogaster	D. melanogaster
Q9VVK5	2	U-02	melanogaster	D. melanogaster
Q9VVQ1	3	U-03	melanogaster	D. melanogaster
Q9VVR4	2	U-02	melanogaster	D. melanogaster
Q9VVS4	1	U-01	melanogaster	D. melanogaster
Q9VVT8	1	U-01	melanogaster	D. melanogaster
Q9VVU5	1	U-01	melanogaster	D. melanogaster
Q9VVW3	3	U-03	melanogaster	D. melanogaster
Q9VVX6	1	U-01	melanogaster	D. melanogaster
Q9VW25	0	unassigned	melanogaster	D. melanogaster
Q9VW53	1	U-01	melanogaster	D. melanogaster
Q9VW68	1	U-01	melanogaster	D. melanogaster
Q9VW73	1	U-01	melanogaster	D. melanogaster
Q9VW87	3	U-03	melanogaster	D. melanogaster
Q9VWA7	2	U-02	melanogaster	D. melanogaster
Q9VWA8	1	U-01	melanogaster	D. melanogaster
Q9VWD9	1	U-01	melanogaster	D. melanogaster
Q9VWF5	1	U-01	melanogaster	D. melanogaster
Q9VWH4	1	U-01	melanogaster	D. melanogaster
Q9VWI0	1	U-01	melanogaster	D. melanogaster
Q9VWI4	1	U-01	melanogaster	D. melanogaster
Q9VWJ7	2	U-02	melanogaster	D. melanogaster
Q9VWN3	1	U-01	melanogaster	D. melanogaster
Q9VWN9	1	U-01	melanogaster	D. melanogaster
Q9VWP5	1	U-01	melanogaster	D. melanogaster
Q9VWQ1	1	U-01	melanogaster	D. melanogaster
Q9VWS2	1	U-01	melanogaster	D. melanogaster
Q9VWT1	1	U-01	melanogaster	D. melanogaster
Q9VWV6	2	U-02	melanogaster	D. melanogaster
Q9VWY6	1	U-01	melanogaster	D. melanogaster
Q9VX09	1	U-01	melanogaster	D. melanogaster
Q9VX10	1	U-01	melanogaster	D. melanogaster
Q9VX14	3	U-03	melanogaster	D. melanogaster
Q9VX41	1	U-01	melanogaster	D. melanogaster
Q9VX88	1	U-01	melanogaster	D. melanogaster
Q9VX95	3	U-03	melanogaster	D. melanogaster
Q9VX98	1	U-01	melanogaster	D. melanogaster
Q9VXA8	1	U-01	melanogaster	D. melanogaster
Q9VXC8	0	unassigned	melanogaster	D. melanogaster
Q9VXD1	3	U-03	melanogaster	D. melanogaster
Q9VXD6	3	U-03	melanogaster	D. melanogaster
Q9VXE8	1	U-01	melanogaster	D. melanogaster
Q9VXH9	1	U-01	melanogaster	D. melanogaster
Q9VXU0	3	U-03	melanogaster	D. melanogaster
Q9VXU6	1	U-01	melanogaster	D. melanogaster
Q9VXV6	3	U-03	melanogaster	D. melanogaster
Q9VXY3	1	U-01	melanogaster	D. melanogaster
Q9VY27	1	U-01	melanogaster	D. melanogaster
Q9VY42	1	U-01	melanogaster	D. melanogaster
Q9VY50	1	U-01	melanogaster	D. melanogaster
Q9VY54	1	U-01	melanogaster	D. melanogaster
Q9VY87	2	U-02	melanogaster	D. melanogaster
Q9VYA5	1	U-01	melanogaster	D. melanogaster
Q9VYA6	1	U-01	melanogaster	D. melanogaster
Q9VYB1	1	U-01	melanogaster	D. melanogaster
Q9VYD5	1	U-01	melanogaster	D. melanogaster
Q9VYE6	1	U-01	melanogaster	D. melanogaster
Q9VYK0	1	U-01	melanogaster	D. melanogaster
A0A0B4LGJ1	1	U-01	melanogaster	D. melanogaster
A0A0B4LGJ2	1	U-01	melanogaster	D. melanogaster
A0A0B4LGJ4	1	U-01	melanogaster	D. melanogaster
A0A0B4LGJ6	1	U-01	melanogaster	D. melanogaster
A0A0B4LGJ9	3	U-03	melanogaster	D. melanogaster
A0A0B4LGK0	1	U-01	melanogaster	D. melanogaster
A0A0B4LGK1	1	U-01	melanogaster	D. melanogaster
A0A0B4LGL0	1	U-01	melanogaster	D. melanogaster
A0A0B4LGL2	2	U-02	melanogaster	D. melanogaster
A0A0B4LGM0	2	U-02	melanogaster	D. melanogaster
A0A0B4LGM5	1	U-01	melanogaster	D. melanogaster
A0A0B4LGM8	1	U-01	melanogaster	D. melanogaster
A0A0B4LGT2	1	U-01	melanogaster	D. melanogaster
Q9VVU6	1	U-01	melanogaster	D. melanogaster
Q9VVU7	0	unassigned	melanogaster	D. melanogaster
Q9VVU9	2	U-02	melanogaster	D. melanogaster
Q9VVV1	2	U-02	melanogaster	D. melanogaster
Q9VVV7	1	U-01	melanogaster	D. melanogaster
Q9VVW1	2	U-02	melanogaster	D. melanogaster
Q9VVW8	1	U-01	melanogaster	D. melanogaster
Q9VVZ8	3	U-03	melanogaster	D. melanogaster
Q9VW14	1	U-01	melanogaster	D. melanogaster
Q9VW19	2	U-02	melanogaster	D. melanogaster
Q9VW26	1	U-01	melanogaster	D. melanogaster
Q9VW27	1	U-01	melanogaster	D. melanogaster
Q9VW31	2	U-02	melanogaster	D. melanogaster
Q9VW39	0	unassigned	melanogaster	D. melanogaster
Q9VW40	2	U-02	melanogaster	D. melanogaster
Q9VW58	1	U-01	melanogaster	D. melanogaster
Q9VW85	1	U-01	melanogaster	D. melanogaster
Q9VWA2	1	U-01	melanogaster	D. melanogaster
Q9VWB0	1	U-01	melanogaster	D. melanogaster
Q9VWD0	1	U-01	melanogaster	D. melanogaster
Q9VWD8	2	U-02	melanogaster	D. melanogaster
Q9VWE4	1	U-01	melanogaster	D. melanogaster
Q9VWG0	3	U-03	melanogaster	D. melanogaster
Q9VWG3	1	U-01	melanogaster	D. melanogaster
Q9VWH7	1	U-01	melanogaster	D. melanogaster
X2JC55	3	U-03	melanogaster	D. melanogaster
X2JC79	1	U-01	melanogaster	D. melanogaster
X2JC94	1	U-01	melanogaster	D. melanogaster
X2JCE0	1	U-01	melanogaster	D. melanogaster
X2JCG3	0	unassigned	melanogaster	D. melanogaster
X2JCJ4	1	U-01	melanogaster	D. melanogaster
X2JCP6	2	U-02	melanogaster	D. melanogaster
X2JCU8	1	U-01	melanogaster	D. melanogaster
X2JCU9	2	U-02	melanogaster	D. melanogaster
X2JCV2	2	U-02	melanogaster	D. melanogaster
X2JCV6	1	U-01	melanogaster	D. melanogaster
X2JCW3	2	U-02	melanogaster	D. melanogaster
X2JCY0	1	U-01	melanogaster	D. melanogaster
X2JD07	1	U-01	melanogaster	D. melanogaster
X2JD55	2	U-02	melanogaster	D. melanogaster
X2JD82	1	U-01	melanogaster	D. melanogaster
X2JD95	2	U-02	melanogaster	D. melanogaster
X2JDB3	2	U-02	melanogaster	D. melanogaster
X2JDF2	1	U-01	melanogaster	D. melanogaster
X2JDG6	1	U-01	melanogaster	D. melanogaster
X2JDL4	2	U-02	melanogaster	D. melanogaster
X2JDM7	0	unassigned	melanogaster	D. melanogaster
X2JDN0	1	U-01	melanogaster	D. melanogaster
X2JDP6	1	U-01	melanogaster	D. melanogaster
X2JDR1	3	U-03	melanogaster	D. melanogaster
X2JDR3	2	U-02	melanogaster	D. melanogaster
X2JDR5	1	U-01	melanogaster	D. melanogaster
X2JDS0	2	U-02	melanogaster	D. melanogaster
X2JDY2	0	unassigned	melanogaster	D. melanogaster
X2JDZ6	1	U-01	melanogaster	D. melanogaster
X2JE34	1	U-01	melanogaster	D. melanogaster
X2JEA3	2	U-02	melanogaster	D. melanogaster
X2JEB4	1	U-01	melanogaster	D. melanogaster
X2JEB8	1	U-01	melanogaster	D. melanogaster
X2JED7	2	U-02	melanogaster	D. melanogaster
X2JED9	1	U-01	melanogaster	D. melanogaster
X2JEH9	1	U-01	melanogaster	D. melanogaster
X2JEI8	2	U-02	melanogaster	D. melanogaster
X2JEK3	1	U-01	melanogaster	D. melanogaster
X2JEN2	1	U-01	melanogaster	D. melanogaster
X2JES1	1	U-01	melanogaster	D. melanogaster
X2JES4	1	U-01	melanogaster	D. melanogaster
X2JEV2	1	U-01	melanogaster	D. melanogaster
X2JEW0	1	U-01	melanogaster	D. melanogaster
X2JEX2	1	U-01	melanogaster	D. melanogaster
X2JEX8	2	U-02	melanogaster	D. melanogaster
X2JEZ9	2	U-02	melanogaster	D. melanogaster
X2JF29	3	U-03	melanogaster	D. melanogaster
X2JF40	1	U-01	melanogaster	D. melanogaster
X2JF83	0	unassigned	melanogaster	D. melanogaster
X2JF87	1	U-01	melanogaster	D. melanogaster
X2JF93	1	U-01	melanogaster	D. melanogaster
X2JFA0	1	U-01	melanogaster	D. melanogaster
X2JFD6	1	U-01	melanogaster	D. melanogaster
X2JFK0	0	unassigned	melanogaster	D. melanogaster
X2JFR1	1	U-01	melanogaster	D. melanogaster
X2JFR5	1	U-01	melanogaster	D. melanogaster
X2JFX0	1	U-01	melanogaster	D. melanogaster
X2JFY7	1	U-01	melanogaster	D. melanogaster
X2JG03	0	unassigned	melanogaster	D. melanogaster
X2JG36	3	U-03	melanogaster	D. melanogaster
X2JG40	1	U-01	melanogaster	D. melanogaster
X2JG41	1	U-01	melanogaster	D. melanogaster
X2JG79	1	U-01	melanogaster	D. melanogaster
X2JGB3	1	U-01	melanogaster	D. melanogaster
X2JGB7	1	U-01	melanogaster	D. melanogaster
X2JGC8	2	U-02	melanogaster	D. melanogaster
X2JGE9	0	unassigned	melanogaster	D. melanogaster
X2JGG6	1	U-01	melanogaster	D. melanogaster
X2JGP4	1	U-01	melanogaster	D. melanogaster
X2JGQ0	0	unassigned	melanogaster	D. melanogaster
X2JHS3	0	unassigned	melanogaster	D. melanogaster
X2JHT7	2	U-02	melanogaster	D. melanogaster
X2JI61	3	U-03	melanogaster	D. melanogaster
X2JI97	1	U-01	melanogaster	D. melanogaster
A8DYA5	1	U-01	melanogaster	D. melanogaster
A8DYA9	3	U-03	melanogaster	D. melanogaster
A8DYB1	1	U-01	melanogaster	D. melanogaster
A8DYB2	1	U-01	melanogaster	D. melanogaster
A8DYB4	1	U-01	melanogaster	D. melanogaster
A8DYB8	1	U-01	melanogaster	D. melanogaster
A8DYB9	1	U-01	melanogaster	D. melanogaster
A8DYC1	0	unassigned	melanogaster	D. melanogaster
A8DYC2	0	unassigned	melanogaster	D. melanogaster
A8DYC3	0	unassigned	melanogaster	D. melanogaster
A8DYC6	3	U-03	melanogaster	D. melanogaster
A8DYC7	3	U-03	melanogaster	D. melanogaster
A8DYC8	1	U-01	melanogaster	D. melanogaster
A8DYD4	2	U-02	melanogaster	D. melanogaster
A8DYD5	2	U-02	melanogaster	D. melanogaster
A8DYD6	2	U-02	melanogaster	D. melanogaster
A8DYD7	2	U-02	melanogaster	D. melanogaster
A8DYD8	1	U-01	melanogaster	D. melanogaster
A8DYF1	0	unassigned	melanogaster	D. melanogaster
A8DYF2	0	unassigned	melanogaster	D. melanogaster
A8DYF9	1	U-01	melanogaster	D. melanogaster
A8DYG6	2	U-02	melanogaster	D. melanogaster
A8DYG7	0	unassigned	melanogaster	D. melanogaster
A8DYH0	1	U-01	melanogaster	D. melanogaster
A8DYH5	1	U-01	melanogaster	D. melanogaster
A8DYJ9	1	U-01	melanogaster	D. melanogaster
A8DYK0	1	U-01	melanogaster	D. melanogaster
A8DYK8	1	U-01	melanogaster	D. melanogaster
A8DYL4	1	U-01	melanogaster	D. melanogaster
A8DYL6	1	U-01	melanogaster	D. melanogaster
A8DYL9	1	U-01	melanogaster	D. melanogaster
A8DYM4	1	U-01	melanogaster	D. melanogaster
A8DYM5	1	U-01	melanogaster	D. melanogaster
A8DYR1	1	U-01	melanogaster	D. melanogaster
A8DYT6	1	U-01	melanogaster	D. melanogaster
A8DYT9	1	U-01	melanogaster	D. melanogaster
A8DYU4	1	U-01	melanogaster	D. melanogaster
A8DYU5	1	U-01	melanogaster	D. melanogaster
A8DYV0	2	U-02	melanogaster	D. melanogaster
A8DYV1	2	U-02	melanogaster	D. melanogaster
A8DYV8	1	U-01	melanogaster	D. melanogaster
A8DYV9	1	U-01	melanogaster	D. melanogaster
A8DYW2	1	U-01	melanogaster	D. melanogaster
A8DYW4	0	unassigned	melanogaster	D. melanogaster
A8DYX9	1	U-01	melanogaster	D. melanogaster
A8DYY0	1	U-01	melanogaster	D. melanogaster
A8DYY2	1	U-01	melanogaster	D. melanogaster
A8DYY4	1	U-01	melanogaster	D. melanogaster
A8DYY8	1	U-01	melanogaster	D. melanogaster
A8DYZ1	2	U-02	melanogaster	D. melanogaster
A8DYZ4	3	U-03	melanogaster	D. melanogaster
A8DYZ5	0	unassigned	melanogaster	D. melanogaster
M9PFD1	1	U-01	melanogaster	D. melanogaster
M9PFF5	3	U-03	melanogaster	D. melanogaster
M9PFF6	1	U-01	melanogaster	D. melanogaster
M9PFF7	1	U-01	melanogaster	D. melanogaster
M9PFH0	1	U-01	melanogaster	D. melanogaster
M9PFH3	1	U-01	melanogaster	D. melanogaster
M9PFI7	1	U-01	melanogaster	D. melanogaster
M9PFI9	1	U-01	melanogaster	D. melanogaster
M9PFJ4	3	U-03	melanogaster	D. melanogaster
M9PFK4	1	U-01	melanogaster	D. melanogaster
M9PFM4	1	U-01	melanogaster	D. melanogaster
M9PFN6	1	U-01	melanogaster	D. melanogaster
M9PFP2	1	U-01	melanogaster	D. melanogaster
M9PFQ6	1	U-01	melanogaster	D. melanogaster
M9PFR4	1	U-01	melanogaster	D. melanogaster
M9PFS4	2	U-02	melanogaster	D. melanogaster
M9PFS5	1	U-01	melanogaster	D. melanogaster
M9PFS8	1	U-01	melanogaster	D. melanogaster
M9PFS9	0	unassigned	melanogaster	D. melanogaster
M9PFT1	1	U-01	melanogaster	D. melanogaster
M9PFU4	1	U-01	melanogaster	D. melanogaster
M9PFU9	2	U-02	melanogaster	D. melanogaster
M9PFV1	1	U-01	melanogaster	D. melanogaster
M9PFV4	1	U-01	melanogaster	D. melanogaster
M9PFW2	0	unassigned	melanogaster	D. melanogaster
M9PFX3	1	U-01	melanogaster	D. melanogaster
M9PFX7	1	U-01	melanogaster	D. melanogaster
M9PFY2	1	U-01	melanogaster	D. melanogaster
M9PFY4	1	U-01	melanogaster	D. melanogaster
M9PFZ7	1	U-01	melanogaster	D. melanogaster
M9PG01	1	U-01	melanogaster	D. melanogaster
M9PG09	1	U-01	melanogaster	D. melanogaster
M9PG10	2	U-02	melanogaster	D. melanogaster
M9PG20	1	U-01	melanogaster	D. melanogaster
M9PG24	1	U-01	melanogaster	D. melanogaster
M9PG34	1	U-01	melanogaster	D. melanogaster
M9PG38	1	U-01	melanogaster	D. melanogaster
M9PG48	3	U-03	melanogaster	D. melanogaster
M9PG55	1	U-01	melanogaster	D. melanogaster
M9PG60	2	U-02	melanogaster	D. melanogaster
M9PG65	1	U-01	melanogaster	D. melanogaster
M9PG81	1	U-01	melanogaster	D. melanogaster
M9PG82	1	U-01	melanogaster	D. melanogaster
M9PG85	1	U-01	melanogaster	D. melanogaster
M9PG91	1	U-01	melanogaster	D. melanogaster
M9PG94	1	U-01	melanogaster	D. melanogaster
M9PG97	1	U-01	melanogaster	D. melanogaster
M9PGA8	1	U-01	melanogaster	D. melanogaster
M9MRH8	1	U-01	melanogaster	D. melanogaster
M9MRT6	1	U-01	melanogaster	D. melanogaster
M9MRU0	2	U-02	melanogaster	D. melanogaster
M9MRY3	1	U-01	melanogaster	D. melanogaster
M9MS31	1	U-01	melanogaster	D. melanogaster
M9MS37	1	U-01	melanogaster	D. melanogaster
M9MS42	1	U-01	melanogaster	D. melanogaster
M9MS72	1	U-01	melanogaster	D. melanogaster
M9MS76	1	U-01	melanogaster	D. melanogaster
M9MS99	3	U-03	melanogaster	D. melanogaster
M9MSA4	3	U-03	melanogaster	D. melanogaster
M9MSD9	3	U-03	melanogaster	D. melanogaster
M9MSE3	3	U-03	melanogaster	D. melanogaster
M9MSN2	1	U-01	melanogaster	D. melanogaster
M9MSN3	1	U-01	melanogaster	D. melanogaster
M9MSP8	1	U-01	melanogaster	D. melanogaster
M9ND37	1	U-01	melanogaster	D. melanogaster
M9ND38	1	U-01	melanogaster	D. melanogaster
M9ND55	0	unassigned	melanogaster	D. melanogaster
M9NDB6	1	U-01	melanogaster	D. melanogaster
M9NDC3	1	U-01	melanogaster	D. melanogaster
M9NDF0	2	U-02	melanogaster	D. melanogaster
M9NDI6	1	U-01	melanogaster	D. melanogaster
M9NDP1	1	U-01	melanogaster	D. melanogaster
M9NDQ8	0	unassigned	melanogaster	D. melanogaster
M9NDS3	0	unassigned	melanogaster	D. melanogaster
M9NDX3	1	U-01	melanogaster	D. melanogaster
M9NDZ4	0	unassigned	melanogaster	D. melanogaster
M9NE01	1	U-01	melanogaster	D. melanogaster
M9NE94	0	unassigned	melanogaster	D. melanogaster
M9NE97	3	U-03	melanogaster	D. melanogaster
M9NEA1	1	U-01	melanogaster	D. melanogaster
M9NEA7	1	U-01	melanogaster	D. melanogaster
M9NEC0	1	U-01	melanogaster	D. melanogaster
M9NEC2	1	U-01	melanogaster	D. melanogaster
M9NED0	1	U-01	melanogaster	D. melanogaster
M9NEH6	1	U-01	melanogaster	D. melanogaster
M9NEY9	1	U-01	melanogaster	D. melanogaster
M9NEZ5	2	U-02	melanogaster	D. melanogaster
M9NF05	1	U-01	melanogaster	D. melanogaster
Q9VYQ0	1	U-01	melanogaster	D. melanogaster
Q9VYR4	2	U-02	melanogaster	D. melanogaster
Q9VYS5	1	U-01	melanogaster	D. melanogaster
Q9VYT3	1	U-01	melanogaster	D. melanogaster
Q9VYU8	2	U-02	melanogaster	D. melanogaster
Q9VYV5	2	U-02	melanogaster	D. melanogaster
Q9VYW2	1	U-01	melanogaster	D. melanogaster
Q9VYW3	1	U-01	melanogaster	D. melanogaster
Q9VYW6	3	U-03	melanogaster	D. melanogaster
Q9VYY4	0	unassigned	melanogaster	D. melanogaster
Q9VYY8	1	U-01	melanogaster	D. melanogaster
Q9VYZ1	0	unassigned	melanogaster	D. melanogaster
Q9VZ32	2	U-02	melanogaster	D. melanogaster
Q9VZ45	1	U-01	melanogaster	D. melanogaster
Q9VZ85	1	U-01	melanogaster	D. melanogaster
Q9VZA8	2	U-02	melanogaster	D. melanogaster
Q9VZC9	1	U-01	melanogaster	D. melanogaster
Q9VZH5	2	U-02	melanogaster	D. melanogaster
Q9VZJ3	1	U-01	melanogaster	D. melanogaster
Q9VZJ6	0	unassigned	melanogaster	D. melanogaster
Q9VZK2	1	U-01	melanogaster	D. melanogaster
Q9VZL2	1	U-01	melanogaster	D. melanogaster
Q9VZL5	1	U-01	melanogaster	D. melanogaster
Q9VZL6	1	U-01	melanogaster	D. melanogaster
Q9VZM7	1	U-01	melanogaster	D. melanogaster
Q9VZP5	1	U-01	melanogaster	D. melanogaster
Q9VZQ8	1	U-01	melanogaster	D. melanogaster
Q9VZU4	1	U-01	melanogaster	D. melanogaster
Q9VZW0	1	U-01	melanogaster	D. melanogaster
Q9VZX9	1	U-01	melanogaster	D. melanogaster
Q9W025	3	U-03	melanogaster	D. melanogaster
Q9W061	1	U-01	melanogaster	D. melanogaster
Q9W062	0	unassigned	melanogaster	D. melanogaster
Q9W087	1	U-01	melanogaster	D. melanogaster
Q9W097	1	U-01	melanogaster	D. melanogaster
Q9W0A8	1	U-01	melanogaster	D. melanogaster
Q9W0B8	1	U-01	melanogaster	D. melanogaster
Q9W0D7	3	U-03	melanogaster	D. melanogaster
Q9W0E9	3	U-03	melanogaster	D. melanogaster
Q9W0G7	1	U-01	melanogaster	D. melanogaster
Q9W0H9	1	U-01	melanogaster	D. melanogaster
Q9W0I5	1	U-01	melanogaster	D. melanogaster
Q9W0J0	1	U-01	melanogaster	D. melanogaster
Q9W0M7	1	U-01	melanogaster	D. melanogaster
Q9W0N6	1	U-01	melanogaster	D. melanogaster
Q9W0P3	1	U-01	melanogaster	D. melanogaster
Q9W0Q1	1	U-01	melanogaster	D. melanogaster
Q9W102	1	U-01	melanogaster	D. melanogaster
Q9W103	1	U-01	melanogaster	D. melanogaster
Q9W111	1	U-01	melanogaster	D. melanogaster
Q9W121	2	U-02	melanogaster	D. melanogaster
Q9W138	1	U-01	melanogaster	D. melanogaster
Q9W1A3	1	U-01	melanogaster	D. melanogaster
Q9W1E5	1	U-01	melanogaster	D. melanogaster
Q9W1G5	3	U-03	melanogaster	D. melanogaster
Q9W1G6	3	U-03	melanogaster	D. melanogaster
Q9W1J0	0	unassigned	melanogaster	D. melanogaster
Q9W1P8	0	unassigned	melanogaster	D. melanogaster
Q9W1R4	1	U-01	melanogaster	D. melanogaster
Q9W1U5	0	unassigned	melanogaster	D. melanogaster
M9PF04	3	U-03	melanogaster	D. melanogaster
M9PF10	1	U-01	melanogaster	D. melanogaster
M9PF18	1	U-01	melanogaster	D. melanogaster
M9PF22	1	U-01	melanogaster	D. melanogaster
M9PF25	1	U-01	melanogaster	D. melanogaster
M9PF26	1	U-01	melanogaster	D. melanogaster
M9PF31	1	U-01	melanogaster	D. melanogaster
M9PF36	1	U-01	melanogaster	D. melanogaster
M9PF40	1	U-01	melanogaster	D. melanogaster
M9PF44	1	U-01	melanogaster	D. melanogaster
M9PF57	1	U-01	melanogaster	D. melanogaster
M9PF60	0	unassigned	melanogaster	D. melanogaster
M9PF70	2	U-02	melanogaster	D. melanogaster
M9PF71	1	U-01	melanogaster	D. melanogaster
M9PF73	2	U-02	melanogaster	D. melanogaster
M9PF81	1	U-01	melanogaster	D. melanogaster
M9PF86	1	U-01	melanogaster	D. melanogaster
M9PF87	2	U-02	melanogaster	D. melanogaster
M9PFA2	1	U-01	melanogaster	D. melanogaster
M9PFA9	0	unassigned	melanogaster	D. melanogaster
M9PFB5	1	U-01	melanogaster	D. melanogaster
M9PFC1	1	U-01	melanogaster	D. melanogaster
M9PFC8	1	U-01	melanogaster	D. melanogaster
M9PFD0	3	U-03	melanogaster	D. melanogaster
M9PFD6	1	U-01	melanogaster	D. melanogaster
M9PFE5	1	U-01	melanogaster	D. melanogaster
M9PFG1	1	U-01	melanogaster	D. melanogaster
M9PFH6	1	U-01	melanogaster	D. melanogaster
M9PFH8	3	U-03	melanogaster	D. melanogaster
M9PFI2	1	U-01	melanogaster	D. melanogaster
M9PFJ1	2	U-02	melanogaster	D. melanogaster
M9PFJ9	2	U-02	melanogaster	D. melanogaster
M9PFK5	3	U-03	melanogaster	D. melanogaster
M9PFK6	1	U-01	melanogaster	D. melanogaster
M9PFL3	1	U-01	melanogaster	D. melanogaster
M9PFL4	1	U-01	melanogaster	D. melanogaster
M9PFL5	1	U-01	melanogaster	D. melanogaster
M9PFM0	3	U-03	melanogaster	D. melanogaster
M9PFN2	1	U-01	melanogaster	D. melanogaster
M9PFP1	1	U-01	melanogaster	D. melanogaster
M9PFP9	1	U-01	melanogaster	D. melanogaster
M9PFQ0	1	U-01	melanogaster	D. melanogaster
M9PFQ2	1	U-01	melanogaster	D. melanogaster
M9PFQ5	1	U-01	melanogaster	D. melanogaster
M9PFQ9	1	U-01	melanogaster	D. melanogaster
M9PFR2	3	U-03	melanogaster	D. melanogaster
M9PFR8	1	U-01	melanogaster	D. melanogaster
M9PFT8	2	U-02	melanogaster	D. melanogaster
M9PFU0	1	U-01	melanogaster	D. melanogaster
M9PFU5	1	U-01	melanogaster	D. melanogaster
M9PFU6	0	unassigned	melanogaster	D. melanogaster
M9PFV2	1	U-01	melanogaster	D. melanogaster
M9PFV8	0	unassigned	melanogaster	D. melanogaster
M9PFW1	1	U-01	melanogaster	D. melanogaster
M9PFW5	3	U-03	melanogaster	D. melanogaster
M9PFW7	3	U-03	melanogaster	D. melanogaster
M9PFW8	1	U-01	melanogaster	D. melanogaster
M9PFX4	1	U-01	melanogaster	D. melanogaster
M9PFX5	3	U-03	melanogaster	D. melanogaster
Q8IMP2	1	U-01	melanogaster	D. melanogaster
Q8IMP6	1	U-01	melanogaster	D. melanogaster
Q8IMP8	2	U-02	melanogaster	D. melanogaster
Q8IMQ7	3	U-03	melanogaster	D. melanogaster
Q8IMQ8	1	U-01	melanogaster	D. melanogaster
Q8IMR6	1	U-01	melanogaster	D. melanogaster
Q8IMS3	2	U-02	melanogaster	D. melanogaster
Q8IMS7	0	unassigned	melanogaster	D. melanogaster
Q8IMS9	1	U-01	melanogaster	D. melanogaster
Q8IMT6	1	U-01	melanogaster	D. melanogaster
Q8IMT7	3	U-03	melanogaster	D. melanogaster
Q8IMV0	1	U-01	melanogaster	D. melanogaster
Q8IMV2	2	U-02	melanogaster	D. melanogaster
Q8IMV4	2	U-02	melanogaster	D. melanogaster
Q8IMV7	1	U-01	melanogaster	D. melanogaster
Q8IMW9	1	U-01	melanogaster	D. melanogaster
Q8IMY2	3	U-03	melanogaster	D. melanogaster
Q8IMY8	0	unassigned	melanogaster	D. melanogaster
Q8IMZ6	1	U-01	melanogaster	D. melanogaster
Q8IN00	1	U-01	melanogaster	D. melanogaster
Q8IN08	0	unassigned	melanogaster	D. melanogaster
Q8IN09	0	unassigned	melanogaster	D. melanogaster
Q8IN10	0	unassigned	melanogaster	D. melanogaster
Q8IN17	1	U-01	melanogaster	D. melanogaster
Q8IN18	1	U-01	melanogaster	D. melanogaster
Q8IN19	2	U-02	melanogaster	D. melanogaster
Q8IN49	2	U-02	melanogaster	D. melanogaster
Q8IN51	2	U-02	melanogaster	D. melanogaster
Q8IN53	3	U-03	melanogaster	D. melanogaster
Q8IN55	1	U-01	melanogaster	D. melanogaster
Q8IN56	1	U-01	melanogaster	D. melanogaster
Q8IN58	0	unassigned	melanogaster	D. melanogaster
Q8IN62	1	U-01	melanogaster	D. melanogaster
Q8IN71	3	U-03	melanogaster	D. melanogaster
Q8IN74	1	U-01	melanogaster	D. melanogaster
Q8IN78	3	U-03	melanogaster	D. melanogaster
Q8IN79	1	U-01	melanogaster	D. melanogaster
Q8IN95	1	U-01	melanogaster	D. melanogaster
Q8IN96	1	U-01	melanogaster	D. melanogaster
Q8IN99	3	U-03	melanogaster	D. melanogaster
Q8INA0	0	unassigned	melanogaster	D. melanogaster
Q9VLL6	1	U-01	melanogaster	D. melanogaster
Q9VLL7	1	U-01	melanogaster	D. melanogaster
Q9VLN8	1	U-01	melanogaster	D. melanogaster
Q9VLN9	2	U-02	melanogaster	D. melanogaster
Q9VLP1	2	U-02	melanogaster	D. melanogaster
Q9VLP2	2	U-02	melanogaster	D. melanogaster
Q9VLP6	1	U-01	melanogaster	D. melanogaster
Q9VLQ4	1	U-01	melanogaster	D. melanogaster
Q9VLQ6	0	unassigned	melanogaster	D. melanogaster
Q9VLR0	1	U-01	melanogaster	D. melanogaster
Q9VLR4	1	U-01	melanogaster	D. melanogaster
Q9VLU3	1	U-01	melanogaster	D. melanogaster
Q9VLU9	2	U-02	melanogaster	D. melanogaster
Q9VLV3	2	U-02	melanogaster	D. melanogaster
Q9VLW3	1	U-01	melanogaster	D. melanogaster
Q9VLX3	1	U-01	melanogaster	D. melanogaster
Q9VLX6	1	U-01	melanogaster	D. melanogaster
Q9VLX9	1	U-01	melanogaster	D. melanogaster
Q9VLY1	1	U-01	melanogaster	D. melanogaster
Q9VM05	1	U-01	melanogaster	D. melanogaster
Q9VM11	0	unassigned	melanogaster	D. melanogaster
Q9VM12	0	unassigned	melanogaster	D. melanogaster
Q9VM30	1	U-01	melanogaster	D. melanogaster
Q9VM54	1	U-01	melanogaster	D. melanogaster
Q9VM57	1	U-01	melanogaster	D. melanogaster
Q9VM67	0	unassigned	melanogaster	D. melanogaster
Q9VM79	0	unassigned	melanogaster	D. melanogaster
Q9VM81	0	unassigned	melanogaster	D. melanogaster
Q9VM82	0	unassigned	melanogaster	D. melanogaster
Q9W2W1	0	unassigned	melanogaster	D. melanogaster
Q9W2W8	1	U-01	melanogaster	D. melanogaster
Q9W2Z9	1	U-01	melanogaster	D. melanogaster
Q9W306	1	U-01	melanogaster	D. melanogaster
Q9W309	1	U-01	melanogaster	D. melanogaster
Q9W311	1	U-01	melanogaster	D. melanogaster
Q9W312	2	U-02	melanogaster	D. melanogaster
Q9W333	1	U-01	melanogaster	D. melanogaster
Q9W368	1	U-01	melanogaster	D. melanogaster
Q9W370	0	unassigned	melanogaster	D. melanogaster
Q9W371	1	U-01	melanogaster	D. melanogaster
Q9W375	1	U-01	melanogaster	D. melanogaster
Q9W377	2	U-02	melanogaster	D. melanogaster
Q9W398	3	U-03	melanogaster	D. melanogaster
Q9W399	3	U-03	melanogaster	D. melanogaster
Q9W3A0	1	U-01	melanogaster	D. melanogaster
Q9W3A1	1	U-01	melanogaster	D. melanogaster
Q9W3A5	0	unassigned	melanogaster	D. melanogaster
Q9W3A7	1	U-01	melanogaster	D. melanogaster
Q9W3B8	1	U-01	melanogaster	D. melanogaster
Q9W3C3	1	U-01	melanogaster	D. melanogaster
Q9W3D5	1	U-01	melanogaster	D. melanogaster
Q9W3D6	1	U-01	melanogaster	D. melanogaster
Q9W3E0	1	U-01	melanogaster	D. melanogaster
Q9W3F1	1	U-01	melanogaster	D. melanogaster
Q9W3F3	2	U-02	melanogaster	D. melanogaster
Q9W3F5	1	U-01	melanogaster	D. melanogaster
Q9W3G3	1	U-01	melanogaster	D. melanogaster
Q9W3G7	3	U-03	melanogaster	D. melanogaster
Q9W3H5	1	U-01	melanogaster	D. melanogaster
Q9W3I4	1	U-01	melanogaster	D. melanogaster
Q9W3I7	1	U-01	melanogaster	D. melanogaster
Q9W3J6	1	U-01	melanogaster	D. melanogaster
Q9W3K2	2	U-02	melanogaster	D. melanogaster
Q9W3K4	1	U-01	melanogaster	D. melanogaster
Q9W3K8	1	U-01	melanogaster	D. melanogaster
Q9W3L4	2	U-02	melanogaster	D. melanogaster
Q9W3M1	1	U-01	melanogaster	D. melanogaster
Q9W3M2	1	U-01	melanogaster	D. melanogaster
Q9W3P6	3	U-03	melanogaster	D. melanogaster
Q9W3Q2	1	U-01	melanogaster	D. melanogaster
Q9W3Q7	1	U-01	melanogaster	D. melanogaster
Q9W3Q8	0	unassigned	melanogaster	D. melanogaster
Q9W3Q9	1	U-01	melanogaster	D. melanogaster
Q9W3R2	0	unassigned	melanogaster	D. melanogaster
Q9W3R3	1	U-01	melanogaster	D. melanogaster
Q9W3R4	1	U-01	melanogaster	D. melanogaster
Q9W3S0	1	U-01	melanogaster	D. melanogaster
Q9W3S3	1	U-01	melanogaster	D. melanogaster
Q9W3T1	1	U-01	melanogaster	D. melanogaster
Q9W3T9	1	U-01	melanogaster	D. melanogaster
Q9W3U2	1	U-01	melanogaster	D. melanogaster
Q9W3U9	1	U-01	melanogaster	D. melanogaster
Q9W3V0	2	U-02	melanogaster	D. melanogaster
Q9W3X1	1	U-01	melanogaster	D. melanogaster
Q9W3X2	1	U-01	melanogaster	D. melanogaster
Q9W406	1	U-01	melanogaster	D. melanogaster
Q9W408	0	unassigned	melanogaster	D. melanogaster
Q9W411	1	U-01	melanogaster	D. melanogaster
Q9W426	1	U-01	melanogaster	D. melanogaster
Q9W442	1	U-01	melanogaster	D. melanogaster
Q9W444	1	U-01	melanogaster	D. melanogaster
Q9W455	1	U-01	melanogaster	D. melanogaster
Q9W461	1	U-01	melanogaster	D. melanogaster
Q9W465	1	U-01	melanogaster	D. melanogaster
Q9W466	1	U-01	melanogaster	D. melanogaster
Q9W471	1	U-01	melanogaster	D. melanogaster
Q9W483	1	U-01	melanogaster	D. melanogaster
Q9W487	2	U-02	melanogaster	D. melanogaster
Q9W4B0	1	U-01	melanogaster	D. melanogaster
Q9W4B1	1	U-01	melanogaster	D. melanogaster
Q9W1K6	1	U-01	melanogaster	D. melanogaster
Q9W1N3	3	U-03	melanogaster	D. melanogaster
Q9W1N5	0	unassigned	melanogaster	D. melanogaster
Q9W1N6	0	unassigned	melanogaster	D. melanogaster
Q9W1N8	1	U-01	melanogaster	D. melanogaster
Q9W1P7	0	unassigned	melanogaster	D. melanogaster
Q9W1R3	0	unassigned	melanogaster	D. melanogaster
Q9W1S1	2	U-02	melanogaster	D. melanogaster
Q9W1S5	1	U-01	melanogaster	D. melanogaster
Q9W1T1	1	U-01	melanogaster	D. melanogaster
Q9W1T4	1	U-01	melanogaster	D. melanogaster
Q9W1T6	2	U-02	melanogaster	D. melanogaster
Q9W1T9	1	U-01	melanogaster	D. melanogaster
Q9W1U1	1	U-01	melanogaster	D. melanogaster
Q9W1U3	1	U-01	melanogaster	D. melanogaster
Q9W1U6	1	U-01	melanogaster	D. melanogaster
Q9W1V0	0	unassigned	melanogaster	D. melanogaster
Q9W1V1	1	U-01	melanogaster	D. melanogaster
Q9W1W0	1	U-01	melanogaster	D. melanogaster
Q9W1X3	1	U-01	melanogaster	D. melanogaster
Q9W1X6	2	U-02	melanogaster	D. melanogaster
Q9W1X8	1	U-01	melanogaster	D. melanogaster
Q9W1Y1	1	U-01	melanogaster	D. melanogaster
Q9W204	1	U-01	melanogaster	D. melanogaster
Q9W205	1	U-01	melanogaster	D. melanogaster
Q9W215	1	U-01	melanogaster	D. melanogaster
Q9W223	0	unassigned	melanogaster	D. melanogaster
Q9W227	1	U-01	melanogaster	D. melanogaster
Q9W229	1	U-01	melanogaster	D. melanogaster
Q9W236	1	U-01	melanogaster	D. melanogaster
Q9W260	2	U-02	melanogaster	D. melanogaster
Q9W263	1	U-01	melanogaster	D. melanogaster
Q9W265	1	U-01	melanogaster	D. melanogaster
Q9W270	3	U-03	melanogaster	D. melanogaster
Q9W271	3	U-03	melanogaster	D. melanogaster
Q9W273	2	U-02	melanogaster	D. melanogaster
Q9W274	2	U-02	melanogaster	D. melanogaster
Q9W275	2	U-02	melanogaster	D. melanogaster
Q9W288	0	unassigned	melanogaster	D. melanogaster
Q9W298	1	U-01	melanogaster	D. melanogaster
Q9W299	1	U-01	melanogaster	D. melanogaster
Q9W2A0	1	U-01	melanogaster	D. melanogaster
Q9W2A5	1	U-01	melanogaster	D. melanogaster
Q9W2B0	1	U-01	melanogaster	D. melanogaster
Q9W2B1	0	unassigned	melanogaster	D. melanogaster
Q9W2B2	0	unassigned	melanogaster	D. melanogaster
Q9W2C1	1	U-01	melanogaster	D. melanogaster
Q9W2C8	2	U-02	melanogaster	D. melanogaster
Q9W2C9	2	U-02	melanogaster	D. melanogaster
Q9W2D6	1	U-01	melanogaster	D. melanogaster
Q9W2D9	1	U-01	melanogaster	D. melanogaster
Q9W2E8	3	U-03	melanogaster	D. melanogaster
Q9W2G1	2	U-02	melanogaster	D. melanogaster
Q9W2G8	1	U-01	melanogaster	D. melanogaster
Q9W2G9	1	U-01	melanogaster	D. melanogaster
Q9W2H0	1	U-01	melanogaster	D. melanogaster
Q9W2H1	3	U-03	melanogaster	D. melanogaster
Q9W2J4	0	unassigned	melanogaster	D. melanogaster
Q9W2K2	1	U-01	melanogaster	D. melanogaster
Q9W2L2	1	U-01	melanogaster	D. melanogaster
Q9W2L7	1	U-01	melanogaster	D. melanogaster
Q9W2M7	2	U-02	melanogaster	D. melanogaster
Q9W2N4	0	unassigned	melanogaster	D. melanogaster
Q9W2P1	1	U-01	melanogaster	D. melanogaster
Q9W2P5	1	U-01	melanogaster	D. melanogaster
Q9W2Q1	1	U-01	melanogaster	D. melanogaster
Q9W2Q5	1	U-01	melanogaster	D. melanogaster
Q9W2Q7	1	U-01	melanogaster	D. melanogaster
A0A0B4LGV1	2	U-02	melanogaster	D. melanogaster
A0A0B4LGV6	1	U-01	melanogaster	D. melanogaster
A0A0B4LGV8	1	U-01	melanogaster	D. melanogaster
A0A0B4LGW2	1	U-01	melanogaster	D. melanogaster
A0A0B4LGW9	1	U-01	melanogaster	D. melanogaster
A0A0B4LGX0	1	U-01	melanogaster	D. melanogaster
A0A0B4LGX1	1	U-01	melanogaster	D. melanogaster
A0A0B4LGY0	1	U-01	melanogaster	D. melanogaster
A0A0B4LGY1	1	U-01	melanogaster	D. melanogaster
A0A0B4LGZ0	1	U-01	melanogaster	D. melanogaster
A0A0B4LGZ1	1	U-01	melanogaster	D. melanogaster
A0A0B4LGZ2	1	U-01	melanogaster	D. melanogaster
A0A0B4LGZ8	0	unassigned	melanogaster	D. melanogaster
A0A0B4LH08	1	U-01	melanogaster	D. melanogaster
A0A0B4LH12	1	U-01	melanogaster	D. melanogaster
A0A0B4LH15	1	U-01	melanogaster	D. melanogaster
A0A0B4LH19	1	U-01	melanogaster	D. melanogaster
A0A0B4LH23	0	unassigned	melanogaster	D. melanogaster
A0A0B4LH27	1	U-01	melanogaster	D. melanogaster
A0A0B4LH31	2	U-02	melanogaster	D. melanogaster
A0A0B4LH32	1	U-01	melanogaster	D. melanogaster
A0A0B4LH38	1	U-01	melanogaster	D. melanogaster
A0A0B4LH54	1	U-01	melanogaster	D. melanogaster
A0A0B4LH57	2	U-02	melanogaster	D. melanogaster
A0A0B4LH68	3	U-03	melanogaster	D. melanogaster
A0A0B4LH69	0	unassigned	melanogaster	D. melanogaster
A0A0B4LH71	1	U-01	melanogaster	D. melanogaster
A0A0B4LH72	1	U-01	melanogaster	D. melanogaster
A0A0B4LH76	1	U-01	melanogaster	D. melanogaster
A0A0B4LH77	1	U-01	melanogaster	D. melanogaster
A0A0B4LH89	2	U-02	melanogaster	D. melanogaster
A0A0B4LHA0	1	U-01	melanogaster	D. melanogaster
Q8INY5	1	U-01	melanogaster	D. melanogaster
Q8INY6	1	U-01	melanogaster	D. melanogaster
Q8INY9	1	U-01	melanogaster	D. melanogaster
Q8INZ5	1	U-01	melanogaster	D. melanogaster
Q8INZ6	1	U-01	melanogaster	D. melanogaster
Q8IP16	1	U-01	melanogaster	D. melanogaster
Q8IP17	1	U-01	melanogaster	D. melanogaster
Q8IP27	0	unassigned	melanogaster	D. melanogaster
Q8IP32	1	U-01	melanogaster	D. melanogaster
Q8IP74	0	unassigned	melanogaster	D. melanogaster
Q8IP75	1	U-01	melanogaster	D. melanogaster
Q8IP76	0	unassigned	melanogaster	D. melanogaster
Q8IP85	1	U-01	melanogaster	D. melanogaster
Q8IP88	1	U-01	melanogaster	D. melanogaster
Q8IPA0	1	U-01	melanogaster	D. melanogaster
Q8IPB0	1	U-01	melanogaster	D. melanogaster
Q8IPB4	1	U-01	melanogaster	D. melanogaster
Q8IPB6	1	U-01	melanogaster	D. melanogaster
Q8IPD6	1	U-01	melanogaster	D. melanogaster
Q8IPE4	1	U-01	melanogaster	D. melanogaster
Q8IPE7	1	U-01	melanogaster	D. melanogaster
Q8IPF4	1	U-01	melanogaster	D. melanogaster
Q8IPF7	1	U-01	melanogaster	D. melanogaster
Q8IPG6	2	U-02	melanogaster	D. melanogaster
Q8IPG8	1	U-01	melanogaster	D. melanogaster
Q8IPI0	1	U-01	melanogaster	D. melanogaster
Q8IPI2	1	U-01	melanogaster	D. melanogaster
Q8IPI9	1	U-01	melanogaster	D. melanogaster
Q8IPJ2	1	U-01	melanogaster	D. melanogaster
Q8IPJ8	0	unassigned	melanogaster	D. melanogaster
Q8IPL4	1	U-01	melanogaster	D. melanogaster
Q8IPL9	1	U-01	melanogaster	D. melanogaster
Q8IPP9	1	U-01	melanogaster	D. melanogaster
Q8IPR0	1	U-01	melanogaster	D. melanogaster
Q8IPR4	1	U-01	melanogaster	D. melanogaster
Q8IPR5	1	U-01	melanogaster	D. melanogaster
Q8IPS1	1	U-01	melanogaster	D. melanogaster
Q8IPS5	1	U-01	melanogaster	D. melanogaster
Q8IPT5	1	U-01	melanogaster	D. melanogaster
Q8IPT8	1	U-01	melanogaster	D. melanogaster
Q8IPT9	1	U-01	melanogaster	D. melanogaster
Q8IPU9	1	U-01	melanogaster	D. melanogaster
Q8IPV2	1	U-01	melanogaster	D. melanogaster
Q8IPV8	1	U-01	melanogaster	D. melanogaster
Q8IPW9	1	U-01	melanogaster	D. melanogaster
Q8IPY4	1	U-01	melanogaster	D. melanogaster
Q8IPY5	1	U-01	melanogaster	D. melanogaster
Q8IPY6	1	U-01	melanogaster	D. melanogaster
Q8IPZ5	1	U-01	melanogaster	D. melanogaster
Q8IQ04	1	U-01	melanogaster	D. melanogaster
Q8IQ25	1	U-01	melanogaster	D. melanogaster
Q8IQ35	1	U-01	melanogaster	D. melanogaster
Q8IQ36	1	U-01	melanogaster	D. melanogaster
Q8IQ38	2	U-02	melanogaster	D. melanogaster
Q8IQ42	1	U-01	melanogaster	D. melanogaster
Q8IQ43	1	U-01	melanogaster	D. melanogaster
Q8IQ54	1	U-01	melanogaster	D. melanogaster
Q8IQ55	0	unassigned	melanogaster	D. melanogaster
Q8IQ76	1	U-01	melanogaster	D. melanogaster
Q8IQ78	3	U-03	melanogaster	D. melanogaster
Q8IQ88	1	U-01	melanogaster	D. melanogaster
Q8IQC7	1	U-01	melanogaster	D. melanogaster
Q8IQD0	1	U-01	melanogaster	D. melanogaster
Q8IQE5	1	U-01	melanogaster	D. melanogaster
Q8IQE7	1	U-01	melanogaster	D. melanogaster
Q8IQE8	0	unassigned	melanogaster	D. melanogaster
Q8IQF5	2	U-02	melanogaster	D. melanogaster
Q8IQG0	1	U-01	melanogaster	D. melanogaster
Q8IQH3	1	U-01	melanogaster	D. melanogaster
Q8IQI1	1	U-01	melanogaster	D. melanogaster
Q8IQI2	1	U-01	melanogaster	D. melanogaster
Q8IQI4	1	U-01	melanogaster	D. melanogaster
Q8IQI9	2	U-02	melanogaster	D. melanogaster
Q8IQJ2	1	U-01	melanogaster	D. melanogaster
Q8IQJ7	3	U-03	melanogaster	D. melanogaster
Q8IQJ8	1	U-01	melanogaster	D. melanogaster
Q8IQL2	1	U-01	melanogaster	D. melanogaster
Q8IQN0	1	U-01	melanogaster	D. melanogaster
Q8IQN1	1	U-01	melanogaster	D. melanogaster
Q8IQN7	1	U-01	melanogaster	D. melanogaster
Q8IQP0	1	U-01	melanogaster	D. melanogaster
Q8IQP3	1	U-01	melanogaster	D. melanogaster
Q8IQQ1	1	U-01	melanogaster	D. melanogaster
Q8IQQ8	1	U-01	melanogaster	D. melanogaster
Q8IQR2	1	U-01	melanogaster	D. melanogaster
Q8IQR8	3	U-03	melanogaster	D. melanogaster
Q8IQR9	3	U-03	melanogaster	D. melanogaster
Q8IQS5	1	U-01	melanogaster	D. melanogaster
Q8IQS8	0	unassigned	melanogaster	D. melanogaster
Q8IQT9	1	U-01	melanogaster	D. melanogaster
Q8IQU5	1	U-01	melanogaster	D. melanogaster
Q8IQU6	0	unassigned	melanogaster	D. melanogaster
Q8IQU7	0	unassigned	melanogaster	D. melanogaster
Q9VM83	0	unassigned	melanogaster	D. melanogaster
Q9VM87	1	U-01	melanogaster	D. melanogaster
Q9VM89	1	U-01	melanogaster	D. melanogaster
Q9VM98	1	U-01	melanogaster	D. melanogaster
Q9VMA6	1	U-01	melanogaster	D. melanogaster
Q9VMA9	1	U-01	melanogaster	D. melanogaster
Q9VMB5	1	U-01	melanogaster	D. melanogaster
Q8IR34	1	U-01	melanogaster	D. melanogaster
Q8IR42	3	U-03	melanogaster	D. melanogaster
Q8IR80	1	U-01	melanogaster	D. melanogaster
Q8IR86	1	U-01	melanogaster	D. melanogaster
Q8IR98	1	U-01	melanogaster	D. melanogaster
Q8IRA1	1	U-01	melanogaster	D. melanogaster
Q8IRB6	2	U-02	melanogaster	D. melanogaster
Q8IRB8	1	U-01	melanogaster	D. melanogaster
Q8IRB9	0	unassigned	melanogaster	D. melanogaster
Q8IRC0	0	unassigned	melanogaster	D. melanogaster
Q8IRC1	0	unassigned	melanogaster	D. melanogaster
Q8IRD0	1	U-01	melanogaster	D. melanogaster
Q8IRE0	0	unassigned	melanogaster	D. melanogaster
Q8IRE1	0	unassigned	melanogaster	D. melanogaster
Q8IRE2	0	unassigned	melanogaster	D. melanogaster
Q8IRE3	1	U-01	melanogaster	D. melanogaster
Q8IRE4	1	U-01	melanogaster	D. melanogaster
Q8IRF5	3	U-03	melanogaster	D. melanogaster
Q8IRH0	1	U-01	melanogaster	D. melanogaster
Q8IRH7	2	U-02	melanogaster	D. melanogaster
Q8IRJ9	1	U-01	melanogaster	D. melanogaster
Q8IRK0	2	U-02	melanogaster	D. melanogaster
Q8IRK5	2	U-02	melanogaster	D. melanogaster
Q8IRL8	0	unassigned	melanogaster	D. melanogaster
Q8IRM5	1	U-01	melanogaster	D. melanogaster
Q8IRR1	2	U-02	melanogaster	D. melanogaster
Q8IRR3	0	unassigned	melanogaster	D. melanogaster
Q8IRS7	1	U-01	melanogaster	D. melanogaster
Q8IRS9	1	U-01	melanogaster	D. melanogaster
Q8IRT0	1	U-01	melanogaster	D. melanogaster
Q8IRW9	1	U-01	melanogaster	D. melanogaster
Q8IRX5	0	unassigned	melanogaster	D. melanogaster
Q8IRZ5	0	unassigned	melanogaster	D. melanogaster
Q8MKK4	3	U-03	melanogaster	D. melanogaster
Q8MKN0	1	U-01	melanogaster	D. melanogaster
Q8MLL3	1	U-01	melanogaster	D. melanogaster
Q8MLN9	2	U-02	melanogaster	D. melanogaster
Q8MLP3	2	U-02	melanogaster	D. melanogaster
Q8MLR1	1	U-01	melanogaster	D. melanogaster
Q8MLS2	1	U-01	melanogaster	D. melanogaster
Q8MLS6	0	unassigned	melanogaster	D. melanogaster
Q8MLS8	2	U-02	melanogaster	D. melanogaster
Q8MLT0	2	U-02	melanogaster	D. melanogaster
Q8MLV8	2	U-02	melanogaster	D. melanogaster
Q8MLV9	2	U-02	melanogaster	D. melanogaster
Q8MLW2	1	U-01	melanogaster	D. melanogaster
Q8MLX0	2	U-02	melanogaster	D. melanogaster
Q8MLY8	1	U-01	melanogaster	D. melanogaster
Q8MMD2	1	U-01	melanogaster	D. melanogaster
Q8MMD3	1	U-01	melanogaster	D. melanogaster
Q8MME5	1	U-01	melanogaster	D. melanogaster
Q8MMF9	2	U-02	melanogaster	D. melanogaster
Q8MR45	2	U-02	melanogaster	D. melanogaster
Q8MR62	1	U-01	melanogaster	D. melanogaster
Q9VQD7	1	U-01	melanogaster	D. melanogaster
Q9VQE3	1	U-01	melanogaster	D. melanogaster
Q9VQF4	1	U-01	melanogaster	D. melanogaster
Q9VQF7	1	U-01	melanogaster	D. melanogaster
Q9VQG0	1	U-01	melanogaster	D. melanogaster
Q9VQH0	1	U-01	melanogaster	D. melanogaster
Q9VQH6	2	U-02	melanogaster	D. melanogaster
Q9VQI6	1	U-01	melanogaster	D. melanogaster
Q9VQI8	2	U-02	melanogaster	D. melanogaster
Q9VQK5	1	U-01	melanogaster	D. melanogaster
Q9VQK8	1	U-01	melanogaster	D. melanogaster
Q9VQL1	1	U-01	melanogaster	D. melanogaster
Q9VQL9	1	U-01	melanogaster	D. melanogaster
Q9VQM2	3	U-03	melanogaster	D. melanogaster
Q9VQP9	1	U-01	melanogaster	D. melanogaster
Q9VQQ6	1	U-01	melanogaster	D. melanogaster
Q9VQR2	1	U-01	melanogaster	D. melanogaster
Q9VQR8	1	U-01	melanogaster	D. melanogaster
Q9VQR9	1	U-01	melanogaster	D. melanogaster
Q9VQS4	0	unassigned	melanogaster	D. melanogaster
Q9VQS5	1	U-01	melanogaster	D. melanogaster
Q9VQU4	2	U-02	melanogaster	D. melanogaster
Q9VQW1	2	U-02	melanogaster	D. melanogaster
Q9VQX3	2	U-02	melanogaster	D. melanogaster
Q9VQX4	1	U-01	melanogaster	D. melanogaster
Q9VQY4	3	U-03	melanogaster	D. melanogaster
Q9VR00	1	U-01	melanogaster	D. melanogaster
Q9VR15	0	unassigned	melanogaster	D. melanogaster
Q9VR19	1	U-01	melanogaster	D. melanogaster
Q9VR20	1	U-01	melanogaster	D. melanogaster
Q9VR21	1	U-01	melanogaster	D. melanogaster
Q9VR25	2	U-02	melanogaster	D. melanogaster
Q9VR31	1	U-01	melanogaster	D. melanogaster
Q9VR32	2	U-02	melanogaster	D. melanogaster
Q9VR42	1	U-01	melanogaster	D. melanogaster
Q9VR49	1	U-01	melanogaster	D. melanogaster
Q9VR62	1	U-01	melanogaster	D. melanogaster
Q9VR82	3	U-03	melanogaster	D. melanogaster
Q9VR94	0	unassigned	melanogaster	D. melanogaster
Q9VR95	0	unassigned	melanogaster	D. melanogaster
Q9VRA4	0	unassigned	melanogaster	D. melanogaster
Q9VRD0	0	unassigned	melanogaster	D. melanogaster
Q9VRD1	0	unassigned	melanogaster	D. melanogaster
Q9VRE0	3	U-03	melanogaster	D. melanogaster
Q9VRG6	1	U-01	melanogaster	D. melanogaster
Q9VRH6	1	U-01	melanogaster	D. melanogaster
Q7KUD7	3	U-03	melanogaster	D. melanogaster
Q7KUD8	0	unassigned	melanogaster	D. melanogaster
Q7KUD9	3	U-03	melanogaster	D. melanogaster
Q7KUE0	1	U-01	melanogaster	D. melanogaster
Q7KUE2	1	U-01	melanogaster	D. melanogaster
Q7KUE9	3	U-03	melanogaster	D. melanogaster
Q7KUF7	2	U-02	melanogaster	D. melanogaster
Q7KUF9	3	U-03	melanogaster	D. melanogaster
Q9VCM5	2	U-02	melanogaster	D. melanogaster
Q9VCM6	1	U-01	melanogaster	D. melanogaster
Q9VCN5	2	U-02	melanogaster	D. melanogaster
Q9VCP4	2	U-02	melanogaster	D. melanogaster
Q9VCQ6	1	U-01	melanogaster	D. melanogaster
Q9VCQ8	1	U-01	melanogaster	D. melanogaster
Q9VCQ9	1	U-01	melanogaster	D. melanogaster
Q9VCR0	1	U-01	melanogaster	D. melanogaster
Q9VCR2	1	U-01	melanogaster	D. melanogaster
Q9VCR9	1	U-01	melanogaster	D. melanogaster
Q9VCS0	2	U-02	melanogaster	D. melanogaster
Q9VCS2	1	U-01	melanogaster	D. melanogaster
Q9VCT2	2	U-02	melanogaster	D. melanogaster
Q9VCT3	3	U-03	melanogaster	D. melanogaster
Q9VCT5	1	U-01	melanogaster	D. melanogaster
Q9VCU1	2	U-02	melanogaster	D. melanogaster
Q9VCU2	2	U-02	melanogaster	D. melanogaster
Q9VCU3	2	U-02	melanogaster	D. melanogaster
Q9VCV1	3	U-03	melanogaster	D. melanogaster
Q9VCV3	1	U-01	melanogaster	D. melanogaster
Q9VCV7	3	U-03	melanogaster	D. melanogaster
Q9VCW1	0	unassigned	melanogaster	D. melanogaster
Q9VCX2	1	U-01	melanogaster	D. melanogaster
Q9VCX3	1	U-01	melanogaster	D. melanogaster
Q9VCX7	1	U-01	melanogaster	D. melanogaster
Q9VCY0	1	U-01	melanogaster	D. melanogaster
Q9VCY1	1	U-01	melanogaster	D. melanogaster
Q9VCZ0	3	U-03	melanogaster	D. melanogaster
Q9VCZ4	1	U-01	melanogaster	D. melanogaster
Q9VCZ5	1	U-01	melanogaster	D. melanogaster
Q9VD01	1	U-01	melanogaster	D. melanogaster
Q9VD04	0	unassigned	melanogaster	D. melanogaster
Q9VD05	0	unassigned	melanogaster	D. melanogaster
Q9VD07	1	U-01	melanogaster	D. melanogaster
Q9VD14	1	U-01	melanogaster	D. melanogaster
Q9VD15	1	U-01	melanogaster	D. melanogaster
Q9VD26	1	U-01	melanogaster	D. melanogaster
Q9VD30	1	U-01	melanogaster	D. melanogaster
Q9VD37	1	U-01	melanogaster	D. melanogaster
Q9VD40	3	U-03	melanogaster	D. melanogaster
Q9VD52	1	U-01	melanogaster	D. melanogaster
Q9VD65	3	U-03	melanogaster	D. melanogaster
Q9VD68	2	U-02	melanogaster	D. melanogaster
Q9VD87	2	U-02	melanogaster	D. melanogaster
Q9VD98	1	U-01	melanogaster	D. melanogaster
Q9VDA5	0	unassigned	melanogaster	D. melanogaster
Q9VDB7	0	unassigned	melanogaster	D. melanogaster
Q9VDC1	1	U-01	melanogaster	D. melanogaster
Q9VDC5	3	U-03	melanogaster	D. melanogaster
Q9VDC8	1	U-01	melanogaster	D. melanogaster
Q9VDE1	2	U-02	melanogaster	D. melanogaster
Q9VDE2	1	U-01	melanogaster	D. melanogaster
Q9VDF0	1	U-01	melanogaster	D. melanogaster
Q9VDF1	1	U-01	melanogaster	D. melanogaster
Q9VDF6	0	unassigned	melanogaster	D. melanogaster
Q9VDF7	0	unassigned	melanogaster	D. melanogaster
Q9VDF8	0	unassigned	melanogaster	D. melanogaster
Q9VDH3	1	U-01	melanogaster	D. melanogaster
Q9VDH8	1	U-01	melanogaster	D. melanogaster
Q9VDH9	1	U-01	melanogaster	D. melanogaster
Q9VDI3	1	U-01	melanogaster	D. melanogaster
Q9VDI5	1	U-01	melanogaster	D. melanogaster
Q9VDJ8	1	U-01	melanogaster	D. melanogaster
Q9VDK3	1	U-01	melanogaster	D. melanogaster
Q9VDL0	1	U-01	melanogaster	D. melanogaster
Q9VDL1	1	U-01	melanogaster	D. melanogaster
Q9VDN2	0	unassigned	melanogaster	D. melanogaster
Q9VDN4	1	U-01	melanogaster	D. melanogaster
Q9VDP9	1	U-01	melanogaster	D. melanogaster
Q9VDQ0	3	U-03	melanogaster	D. melanogaster
Q9VDQ5	0	unassigned	melanogaster	D. melanogaster
Q9VDQ6	0	unassigned	melanogaster	D. melanogaster
Q9VDQ9	1	U-01	melanogaster	D. melanogaster
Q9VDR4	3	U-03	melanogaster	D. melanogaster
Q9VDS1	1	U-01	melanogaster	D. melanogaster
Q9VDT3	3	U-03	melanogaster	D. melanogaster
Q9VDT4	3	U-03	melanogaster	D. melanogaster
Q9VDT5	2	U-02	melanogaster	D. melanogaster
Q9VDU0	1	U-01	melanogaster	D. melanogaster
Q9VDU1	1	U-01	melanogaster	D. melanogaster
Q9VDU2	1	U-01	melanogaster	D. melanogaster
Q9VDU3	1	U-01	melanogaster	D. melanogaster
Q9VDU4	1	U-01	melanogaster	D. melanogaster
Q9VDV0	2	U-02	melanogaster	D. melanogaster
Q9VDV2	1	U-01	melanogaster	D. melanogaster
Q9VDV5	3	U-03	melanogaster	D. melanogaster
Q9VDV8	3	U-03	melanogaster	D. melanogaster
Q9VDX4	1	U-01	melanogaster	D. melanogaster
Q9VDX5	2	U-02	melanogaster	D. melanogaster
Q9VDX6	2	U-02	melanogaster	D. melanogaster
Q9VDY3	2	U-02	melanogaster	D. melanogaster
Q9VDY5	1	U-01	melanogaster	D. melanogaster
O18333	1	U-01	melanogaster	D. melanogaster
O18335	1	U-01	melanogaster	D. melanogaster
O18336	1	U-01	melanogaster	D. melanogaster
O18338	1	U-01	melanogaster	D. melanogaster
O18339	1	U-01	melanogaster	D. melanogaster
O18381	1	U-01	melanogaster	D. melanogaster
O18404	1	U-01	melanogaster	D. melanogaster
O18412	1	U-01	melanogaster	D. melanogaster
O18413	1	U-01	melanogaster	D. melanogaster
O18475	1	U-01	melanogaster	D. melanogaster
O18645	0	unassigned	melanogaster	D. melanogaster
O44386	2	U-02	melanogaster	D. melanogaster
O44437	1	U-01	melanogaster	D. melanogaster
O44783	1	U-01	melanogaster	D. melanogaster
O46034	1	U-01	melanogaster	D. melanogaster
O46036	0	unassigned	melanogaster	D. melanogaster
O46043	1	U-01	melanogaster	D. melanogaster
O46084	1	U-01	melanogaster	D. melanogaster
O46094	1	U-01	melanogaster	D. melanogaster
O46102	1	U-01	melanogaster	D. melanogaster
O46106	1	U-01	melanogaster	D. melanogaster
O46339	1	U-01	melanogaster	D. melanogaster
O61267	1	U-01	melanogaster	D. melanogaster
O61307	2	U-02	melanogaster	D. melanogaster
O61443	1	U-01	melanogaster	D. melanogaster
O61444	1	U-01	melanogaster	D. melanogaster
O61643	2	U-02	melanogaster	D. melanogaster
O61661	1	U-01	melanogaster	D. melanogaster
O61722	1	U-01	melanogaster	D. melanogaster
O61734	1	U-01	melanogaster	D. melanogaster
O61735	1	U-01	melanogaster	D. melanogaster
O62531	1	U-01	melanogaster	D. melanogaster
O62589	2	U-02	melanogaster	D. melanogaster
O62602	1	U-01	melanogaster	D. melanogaster
O62609	0	unassigned	melanogaster	D. melanogaster
O62618	1	U-01	melanogaster	D. melanogaster
O62619	1	U-01	melanogaster	D. melanogaster
O76324	0	unassigned	melanogaster	D. melanogaster
O76460	1	U-01	melanogaster	D. melanogaster
O76742	1	U-01	melanogaster	D. melanogaster
O76878	1	U-01	melanogaster	D. melanogaster
O76902	1	U-01	melanogaster	D. melanogaster
O76906	1	U-01	melanogaster	D. melanogaster
O76908	1	U-01	melanogaster	D. melanogaster
O76922	1	U-01	melanogaster	D. melanogaster
O76923	0	unassigned	melanogaster	D. melanogaster
O76924	1	U-01	melanogaster	D. melanogaster
O77059	1	U-01	melanogaster	D. melanogaster
O77135	1	U-01	melanogaster	D. melanogaster
O77150	1	U-01	melanogaster	D. melanogaster
O77263	1	U-01	melanogaster	D. melanogaster
O77284	1	U-01	melanogaster	D. melanogaster
O77410	1	U-01	melanogaster	D. melanogaster
O77430	1	U-01	melanogaster	D. melanogaster
O77459	1	U-01	melanogaster	D. melanogaster
O96433	1	U-01	melanogaster	D. melanogaster
O96533	1	U-01	melanogaster	D. melanogaster
O96553	1	U-01	melanogaster	D. melanogaster
O96607	1	U-01	melanogaster	D. melanogaster
O96660	1	U-01	melanogaster	D. melanogaster
O96690	1	U-01	melanogaster	D. melanogaster
O96838	1	U-01	melanogaster	D. melanogaster
O96989	1	U-01	melanogaster	D. melanogaster
O97102	1	U-01	melanogaster	D. melanogaster
O97111	1	U-01	melanogaster	D. melanogaster
O97143	1	U-01	melanogaster	D. melanogaster
O97182	1	U-01	melanogaster	D. melanogaster
O97183	1	U-01	melanogaster	D. melanogaster
Q24568	2	U-02	melanogaster	D. melanogaster
Q24570	1	U-01	melanogaster	D. melanogaster
Q24572	1	U-01	melanogaster	D. melanogaster
Q24573	1	U-01	melanogaster	D. melanogaster
Q24574	1	U-01	melanogaster	D. melanogaster
Q24592	1	U-01	melanogaster	D. melanogaster
Q24595	1	U-01	melanogaster	D. melanogaster
Q26263	1	U-01	melanogaster	D. melanogaster
Q26366	1	U-01	melanogaster	D. melanogaster
Q26377	1	U-01	melanogaster	D. melanogaster
Q27268	1	U-01	melanogaster	D. melanogaster
Q27272	1	U-01	melanogaster	D. melanogaster
Q27294	1	U-01	melanogaster	D. melanogaster
Q27297	1	U-01	melanogaster	D. melanogaster
Q27324	2	U-02	melanogaster	D. melanogaster
Q27333	3	U-03	melanogaster	D. melanogaster
Q27350	1	U-01	melanogaster	D. melanogaster
Q27367	2	U-02	melanogaster	D. melanogaster
Q27571	1	U-01	melanogaster	D. melanogaster
Q27591	2	U-02	melanogaster	D. melanogaster
Q27607	1	U-01	melanogaster	D. melanogaster
Q27869	1	U-01	melanogaster	D. melanogaster
Q27896	1	U-01	melanogaster	D. melanogaster
Q27934	1	U-01	melanogaster	D. melanogaster
Q2PDT4	1	U-01	melanogaster	D. melanogaster
Q2PE13	1	U-01	melanogaster	D. melanogaster
Q32KD2	1	U-01	melanogaster	D. melanogaster
Q3KN41	2	U-02	melanogaster	D. melanogaster
Q3LHL9	1	U-01	melanogaster	D. melanogaster
Q400N1	0	unassigned	melanogaster	D. melanogaster
Q400N2	0	unassigned	melanogaster	D. melanogaster
Q4AB31	0	unassigned	melanogaster	D. melanogaster
A1ZA15	0	unassigned	melanogaster	D. melanogaster
A1ZA23	1	U-01	melanogaster	D. melanogaster
A1ZA26	3	U-03	melanogaster	D. melanogaster
A1ZA28	1	U-01	melanogaster	D. melanogaster
A1ZA35	1	U-01	melanogaster	D. melanogaster
A1ZA40	2	U-02	melanogaster	D. melanogaster
A1ZA51	2	U-02	melanogaster	D. melanogaster
A1ZA52	3	U-03	melanogaster	D. melanogaster
A1ZA75	3	U-03	melanogaster	D. melanogaster
A1ZA82	1	U-01	melanogaster	D. melanogaster
A1ZA94	1	U-01	melanogaster	D. melanogaster
A1ZA95	1	U-01	melanogaster	D. melanogaster
A1ZAB1	2	U-02	melanogaster	D. melanogaster
A1ZAB2	1	U-01	melanogaster	D. melanogaster
A1ZAC2	1	U-01	melanogaster	D. melanogaster
A1ZAC7	1	U-01	melanogaster	D. melanogaster
A1ZAC8	1	U-01	melanogaster	D. melanogaster
A1ZAD7	1	U-01	melanogaster	D. melanogaster
A1ZAD8	1	U-01	melanogaster	D. melanogaster
A1ZAD9	1	U-01	melanogaster	D. melanogaster
A1ZAE2	1	U-01	melanogaster	D. melanogaster
A1ZAE8	2	U-02	melanogaster	D. melanogaster
A1ZAF2	1	U-01	melanogaster	D. melanogaster
A1ZAF9	1	U-01	melanogaster	D. melanogaster
A1ZAG5	0	unassigned	melanogaster	D. melanogaster
A1ZAG6	0	unassigned	melanogaster	D. melanogaster
A1ZAG8	2	U-02	melanogaster	D. melanogaster
A1ZAG9	2	U-02	melanogaster	D. melanogaster
A1ZAH1	1	U-01	melanogaster	D. melanogaster
A1ZAH2	1	U-01	melanogaster	D. melanogaster
A1ZAH5	1	U-01	melanogaster	D. melanogaster
A1ZAH7	1	U-01	melanogaster	D. melanogaster
A1ZAH9	2	U-02	melanogaster	D. melanogaster
A1ZAI1	3	U-03	melanogaster	D. melanogaster
A1ZAJ5	3	U-03	melanogaster	D. melanogaster
A1ZAJ8	2	U-02	melanogaster	D. melanogaster
A1ZAK0	0	unassigned	melanogaster	D. melanogaster
A1ZAK5	1	U-01	melanogaster	D. melanogaster
A1ZAL0	2	U-02	melanogaster	D. melanogaster
A1ZAL1	2	U-02	melanogaster	D. melanogaster
A1ZAL2	2	U-02	melanogaster	D. melanogaster
A1ZAL3	2	U-02	melanogaster	D. melanogaster
A1ZAL4	1	U-01	melanogaster	D. melanogaster
A1ZAL5	2	U-02	melanogaster	D. melanogaster
A1ZAL6	3	U-03	melanogaster	D. melanogaster
A1ZAL7	3	U-03	melanogaster	D. melanogaster
A1ZAM0	1	U-01	melanogaster	D. melanogaster
M9PB87	1	U-01	melanogaster	D. melanogaster
M9PB96	1	U-01	melanogaster	D. melanogaster
M9PB98	1	U-01	melanogaster	D. melanogaster
M9PB99	1	U-01	melanogaster	D. melanogaster
M9PBA3	2	U-02	melanogaster	D. melanogaster
M9PBA6	1	U-01	melanogaster	D. melanogaster
M9PBA9	1	U-01	melanogaster	D. melanogaster
M9PBB3	0	unassigned	melanogaster	D. melanogaster
M9PBB6	1	U-01	melanogaster	D. melanogaster
M9PBC9	1	U-01	melanogaster	D. melanogaster
M9PBD2	1	U-01	melanogaster	D. melanogaster
M9PBD5	1	U-01	melanogaster	D. melanogaster
M9PBD6	1	U-01	melanogaster	D. melanogaster
M9PBF6	1	U-01	melanogaster	D. melanogaster
M9PBG0	1	U-01	melanogaster	D. melanogaster
M9PBG4	3	U-03	melanogaster	D. melanogaster
M9PBG6	1	U-01	melanogaster	D. melanogaster
M9PBG8	1	U-01	melanogaster	D. melanogaster
M9PBH2	1	U-01	melanogaster	D. melanogaster
M9PBH9	1	U-01	melanogaster	D. melanogaster
M9PBI7	2	U-02	melanogaster	D. melanogaster
M9PBJ9	1	U-01	melanogaster	D. melanogaster
M9PBK3	0	unassigned	melanogaster	D. melanogaster
M9PBL9	1	U-01	melanogaster	D. melanogaster
M9PBM0	1	U-01	melanogaster	D. melanogaster
M9PBM4	1	U-01	melanogaster	D. melanogaster
M9PBM5	1	U-01	melanogaster	D. melanogaster
M9PBP1	3	U-03	melanogaster	D. melanogaster
M9PBP2	1	U-01	melanogaster	D. melanogaster
M9PBP5	3	U-03	melanogaster	D. melanogaster
M9PBQ8	1	U-01	melanogaster	D. melanogaster
M9PBR4	1	U-01	melanogaster	D. melanogaster
M9PBR6	1	U-01	melanogaster	D. melanogaster
M9PBV8	2	U-02	melanogaster	D. melanogaster
M9PBX1	0	unassigned	melanogaster	D. melanogaster
M9PBX3	3	U-03	melanogaster	D. melanogaster
M9PBY3	1	U-01	melanogaster	D. melanogaster
M9PBY4	1	U-01	melanogaster	D. melanogaster
M9PC07	1	U-01	melanogaster	D. melanogaster
M9PC08	1	U-01	melanogaster	D. melanogaster
M9PC10	1	U-01	melanogaster	D. melanogaster
M9PC19	1	U-01	melanogaster	D. melanogaster
M9PC20	1	U-01	melanogaster	D. melanogaster
M9PC24	0	unassigned	melanogaster	D. melanogaster
M9PC27	0	unassigned	melanogaster	D. melanogaster
M9PC30	0	unassigned	melanogaster	D. melanogaster
M9PC31	1	U-01	melanogaster	D. melanogaster
M9PC39	3	U-03	melanogaster	D. melanogaster
M9PC40	2	U-02	melanogaster	D. melanogaster
M9PC47	1	U-01	melanogaster	D. melanogaster
M9PC57	3	U-03	melanogaster	D. melanogaster
M9PC59	1	U-01	melanogaster	D. melanogaster
M9PC65	1	U-01	melanogaster	D. melanogaster
Q9VKA2	1	U-01	melanogaster	D. melanogaster
Q9VKB7	1	U-01	melanogaster	D. melanogaster
Q9VKC6	1	U-01	melanogaster	D. melanogaster
Q9VKE1	1	U-01	melanogaster	D. melanogaster
Q9VKF2	1	U-01	melanogaster	D. melanogaster
Q9VKF3	3	U-03	melanogaster	D. melanogaster
Q9VKF4	1	U-01	melanogaster	D. melanogaster
Q9VKF5	1	U-01	melanogaster	D. melanogaster
Q9VKF8	0	unassigned	melanogaster	D. melanogaster
Q9VKF9	1	U-01	melanogaster	D. melanogaster
Q9VKG0	1	U-01	melanogaster	D. melanogaster
X2J731	1	U-01	melanogaster	D. melanogaster
X2J738	1	U-01	melanogaster	D. melanogaster
X2J753	1	U-01	melanogaster	D. melanogaster
X2J761	1	U-01	melanogaster	D. melanogaster
X2J791	1	U-01	melanogaster	D. melanogaster
X2J7C4	1	U-01	melanogaster	D. melanogaster
X2J7J2	1	U-01	melanogaster	D. melanogaster
X2J7L1	2	U-02	melanogaster	D. melanogaster
X2J7M7	1	U-01	melanogaster	D. melanogaster
X2J7V2	1	U-01	melanogaster	D. melanogaster
X2J875	1	U-01	melanogaster	D. melanogaster
X2J8F7	1	U-01	melanogaster	D. melanogaster
X2J8H6	1	U-01	melanogaster	D. melanogaster
X2J8L7	1	U-01	melanogaster	D. melanogaster
X2J8N3	1	U-01	melanogaster	D. melanogaster
X2J8Q7	1	U-01	melanogaster	D. melanogaster
X2J8R6	1	U-01	melanogaster	D. melanogaster
X2J8S3	2	U-02	melanogaster	D. melanogaster
X2J8S5	3	U-03	melanogaster	D. melanogaster
X2J8Y9	1	U-01	melanogaster	D. melanogaster
X2J908	1	U-01	melanogaster	D. melanogaster
X2J912	1	U-01	melanogaster	D. melanogaster
X2J948	1	U-01	melanogaster	D. melanogaster
X2J957	2	U-02	melanogaster	D. melanogaster
X2J965	1	U-01	melanogaster	D. melanogaster
X2J973	1	U-01	melanogaster	D. melanogaster
X2J998	1	U-01	melanogaster	D. melanogaster
X2J9C3	3	U-03	melanogaster	D. melanogaster
X2J9C7	1	U-01	melanogaster	D. melanogaster
X2J9G3	1	U-01	melanogaster	D. melanogaster
X2J9G7	1	U-01	melanogaster	D. melanogaster
X2J9M1	1	U-01	melanogaster	D. melanogaster
X2J9N2	1	U-01	melanogaster	D. melanogaster
X2J9V7	2	U-02	melanogaster	D. melanogaster
X2JA25	1	U-01	melanogaster	D. melanogaster
X2JAG3	0	unassigned	melanogaster	D. melanogaster
X2JAG7	1	U-01	melanogaster	D. melanogaster
X2JAI6	3	U-03	melanogaster	D. melanogaster
X2JAK7	1	U-01	melanogaster	D. melanogaster
X2JAL0	1	U-01	melanogaster	D. melanogaster
X2JAL2	1	U-01	melanogaster	D. melanogaster
X2JAL6	1	U-01	melanogaster	D. melanogaster
X2JAM0	1	U-01	melanogaster	D. melanogaster
X2JAP1	1	U-01	melanogaster	D. melanogaster
X2JAR4	2	U-02	melanogaster	D. melanogaster
X2JAR6	3	U-03	melanogaster	D. melanogaster
X2JB11	0	unassigned	melanogaster	D. melanogaster
X2JB35	1	U-01	melanogaster	D. melanogaster
X2JB47	1	U-01	melanogaster	D. melanogaster
X2JB67	1	U-01	melanogaster	D. melanogaster
X2JB70	3	U-03	melanogaster	D. melanogaster
X2JB72	1	U-01	melanogaster	D. melanogaster
X2JBC3	1	U-01	melanogaster	D. melanogaster
X2JBD5	2	U-02	melanogaster	D. melanogaster
X2JBG1	1	U-01	melanogaster	D. melanogaster
X2JBL3	1	U-01	melanogaster	D. melanogaster
X2JC09	1	U-01	melanogaster	D. melanogaster
X2JC38	1	U-01	melanogaster	D. melanogaster
X2JC76	3	U-03	melanogaster	D. melanogaster
X2JCB6	1	U-01	melanogaster	D. melanogaster
X2JCC7	1	U-01	melanogaster	D. melanogaster
X2JCH6	1	U-01	melanogaster	D. melanogaster
X2JCH7	1	U-01	melanogaster	D. melanogaster
X2JCI8	1	U-01	melanogaster	D. melanogaster
X2JCJ0	1	U-01	melanogaster	D. melanogaster
X2JCP1	1	U-01	melanogaster	D. melanogaster
X2JCP3	1	U-01	melanogaster	D. melanogaster
X2JCR6	1	U-01	melanogaster	D. melanogaster
X2JCS0	1	U-01	melanogaster	D. melanogaster
X2JCT7	1	U-01	melanogaster	D. melanogaster
X2JCU6	1	U-01	melanogaster	D. melanogaster
X2JCX2	1	U-01	melanogaster	D. melanogaster
X2JCX4	3	U-03	melanogaster	D. melanogaster
X2JCY5	2	U-02	melanogaster	D. melanogaster
X2JD11	1	U-01	melanogaster	D. melanogaster
X2JD14	1	U-01	melanogaster	D. melanogaster
X2JD28	1	U-01	melanogaster	D. melanogaster
X2JD41	1	U-01	melanogaster	D. melanogaster
X2JD42	1	U-01	melanogaster	D. melanogaster
X2JD52	1	U-01	melanogaster	D. melanogaster
X2JD62	1	U-01	melanogaster	D. melanogaster
X2JD74	1	U-01	melanogaster	D. melanogaster
X2JD88	1	U-01	melanogaster	D. melanogaster
X2JDB2	1	U-01	melanogaster	D. melanogaster
X2JDD8	1	U-01	melanogaster	D. melanogaster
X2JDF3	0	unassigned	melanogaster	D. melanogaster
X2JDF6	1	U-01	melanogaster	D. melanogaster
X2JDH2	1	U-01	melanogaster	D. melanogaster
X2JDI9	1	U-01	melanogaster	D. melanogaster
A0A0B4JCY5	0	unassigned	melanogaster	D. melanogaster
A0A0B4JCZ9	0	unassigned	melanogaster	D. melanogaster
A0A0B4JD01	1	U-01	melanogaster	D. melanogaster
A0A0B4JD05	1	U-01	melanogaster	D. melanogaster
A0A0B4JD13	3	U-03	melanogaster	D. melanogaster
A0A0B4JD23	1	U-01	melanogaster	D. melanogaster
A0A0B4JD36	3	U-03	melanogaster	D. melanogaster
A0A0B4JD42	2	U-02	melanogaster	D. melanogaster
A0A0B4JD50	3	U-03	melanogaster	D. melanogaster
A0A0B4JD51	3	U-03	melanogaster	D. melanogaster
A0A0B4JD58	1	U-01	melanogaster	D. melanogaster
A0A0B4JD76	1	U-01	melanogaster	D. melanogaster
A0A0B4JD89	2	U-02	melanogaster	D. melanogaster
A0A0B4JD92	1	U-01	melanogaster	D. melanogaster
A0A0B4JD94	0	unassigned	melanogaster	D. melanogaster
A0A0B4JD99	1	U-01	melanogaster	D. melanogaster
A0A0B4JDA2	1	U-01	melanogaster	D. melanogaster
A0A0B4JDA4	0	unassigned	melanogaster	D. melanogaster
A0A0B4JDB7	1	U-01	melanogaster	D. melanogaster
A0A0B4JDC8	1	U-01	melanogaster	D. melanogaster
A0A0B4JDD8	1	U-01	melanogaster	D. melanogaster
A0A0B4JDE3	1	U-01	melanogaster	D. melanogaster
A0A0B4JDE7	2	U-02	melanogaster	D. melanogaster
A0A0B4JDF5	0	unassigned	melanogaster	D. melanogaster
A0A0B4JDG2	1	U-01	melanogaster	D. melanogaster
A0A0B4K5Z4	1	U-01	melanogaster	D. melanogaster
A0A0B4K600	2	U-02	melanogaster	D. melanogaster
A0A0B4K615	1	U-01	melanogaster	D. melanogaster
A0A0B4K626	1	U-01	melanogaster	D. melanogaster
A0A0B4K668	0	unassigned	melanogaster	D. melanogaster
A0A0B4K672	3	U-03	melanogaster	D. melanogaster
A0A0B4K683	1	U-01	melanogaster	D. melanogaster
A0A0B4K686	2	U-02	melanogaster	D. melanogaster
A0A0B4K698	1	U-01	melanogaster	D. melanogaster
A0A0B4K6A0	0	unassigned	melanogaster	D. melanogaster
A0A0B4K6A9	1	U-01	melanogaster	D. melanogaster
A0A0B4K6C1	1	U-01	melanogaster	D. melanogaster
A0A0B4K6C3	3	U-03	melanogaster	D. melanogaster
A0A0B4K6D6	1	U-01	melanogaster	D. melanogaster
A0A0B4K6E0	1	U-01	melanogaster	D. melanogaster
A0A0B4K6F4	1	U-01	melanogaster	D. melanogaster
A0A0B4K6G4	3	U-03	melanogaster	D. melanogaster
A0A0B4K6H7	1	U-01	melanogaster	D. melanogaster
A0A0B4K6I6	1	U-01	melanogaster	D. melanogaster
A0A0B4K6K7	1	U-01	melanogaster	D. melanogaster
A0A0B4K6M7	1	U-01	melanogaster	D. melanogaster
A0A0B4K6N7	1	U-01	melanogaster	D. melanogaster
A0A0B4K6P5	1	U-01	melanogaster	D. melanogaster
A0A0B4K6R6	1	U-01	melanogaster	D. melanogaster
A0A0B4K6S1	1	U-01	melanogaster	D. melanogaster
A0A0B4K6S6	2	U-02	melanogaster	D. melanogaster
A0A0B4K6S9	3	U-03	melanogaster	D. melanogaster
A0A0B4K6T1	1	U-01	melanogaster	D. melanogaster
A0A0B4K6T8	3	U-03	melanogaster	D. melanogaster
A0A0B4K6V5	1	U-01	melanogaster	D. melanogaster
A0A0B4K6X3	1	U-01	melanogaster	D. melanogaster
A0A0B4K6X9	1	U-01	melanogaster	D. melanogaster
A0A0B4K6Y4	1	U-01	melanogaster	D. melanogaster
A0A0B4K6Z2	1	U-01	melanogaster	D. melanogaster
A0A0B4K6Z9	0	unassigned	melanogaster	D. melanogaster
A0A0B4K701	3	U-03	melanogaster	D. melanogaster
A0A0B4K702	1	U-01	melanogaster	D. melanogaster
A0A0B4K709	2	U-02	melanogaster	D. melanogaster
A0A0B4K713	1	U-01	melanogaster	D. melanogaster
A0A0B4K728	1	U-01	melanogaster	D. melanogaster
A0A0B4K731	1	U-01	melanogaster	D. melanogaster
A0A0B4K737	2	U-02	melanogaster	D. melanogaster
A0A0B4K739	1	U-01	melanogaster	D. melanogaster
A0A0B4K762	1	U-01	melanogaster	D. melanogaster
A0A0B4K773	0	unassigned	melanogaster	D. melanogaster
A0A0B4K791	1	U-01	melanogaster	D. melanogaster
A1Z8B6	1	U-01	melanogaster	D. melanogaster
A1Z8C0	1	U-01	melanogaster	D. melanogaster
A1Z8C9	1	U-01	melanogaster	D. melanogaster
A1Z8D7	1	U-01	melanogaster	D. melanogaster
A1Z8E3	2	U-02	melanogaster	D. melanogaster
A1Z8E4	2	U-02	melanogaster	D. melanogaster
A1Z8F6	1	U-01	melanogaster	D. melanogaster
A1Z8F7	1	U-01	melanogaster	D. melanogaster
A1Z8F8	1	U-01	melanogaster	D. melanogaster
A1Z8G7	1	U-01	melanogaster	D. melanogaster
A1Z8H0	1	U-01	melanogaster	D. melanogaster
A1Z8H4	1	U-01	melanogaster	D. melanogaster
A1Z8H6	1	U-01	melanogaster	D. melanogaster
A1Z8H7	1	U-01	melanogaster	D. melanogaster
A1Z8I9	2	U-02	melanogaster	D. melanogaster
A1Z8K7	3	U-03	melanogaster	D. melanogaster
A1Z8L3	1	U-01	melanogaster	D. melanogaster
A1Z8L7	2	U-02	melanogaster	D. melanogaster
A1Z8L8	3	U-03	melanogaster	D. melanogaster
A1Z8M5	1	U-01	melanogaster	D. melanogaster
A1Z8M8	1	U-01	melanogaster	D. melanogaster
A1Z8N6	1	U-01	melanogaster	D. melanogaster
A1Z8N8	0	unassigned	melanogaster	D. melanogaster
A1Z8N9	0	unassigned	melanogaster	D. melanogaster
A1Z8P4	1	U-01	melanogaster	D. melanogaster
A1Z8P7	3	U-03	melanogaster	D. melanogaster
A1Z8Q0	1	U-01	melanogaster	D. melanogaster
A1Z8Q6	1	U-01	melanogaster	D. melanogaster
A1Z8Q8	3	U-03	melanogaster	D. melanogaster
M9NFE3	1	U-01	melanogaster	D. melanogaster
M9NFE4	2	U-02	melanogaster	D. melanogaster
M9NFG3	1	U-01	melanogaster	D. melanogaster
M9NFG6	3	U-03	melanogaster	D. melanogaster
M9NFI4	1	U-01	melanogaster	D. melanogaster
M9NFI6	1	U-01	melanogaster	D. melanogaster
M9NFK6	1	U-01	melanogaster	D. melanogaster
M9NFK8	1	U-01	melanogaster	D. melanogaster
M9NFL3	1	U-01	melanogaster	D. melanogaster
M9NFM5	1	U-01	melanogaster	D. melanogaster
M9NFN1	2	U-02	melanogaster	D. melanogaster
M9NFN6	1	U-01	melanogaster	D. melanogaster
M9NFN7	1	U-01	melanogaster	D. melanogaster
M9NFN8	1	U-01	melanogaster	D. melanogaster
M9NFN9	1	U-01	melanogaster	D. melanogaster
M9NFP0	3	U-03	melanogaster	D. melanogaster
M9NFS2	1	U-01	melanogaster	D. melanogaster
M9NFU6	1	U-01	melanogaster	D. melanogaster
M9NFW5	1	U-01	melanogaster	D. melanogaster
M9NFY9	1	U-01	melanogaster	D. melanogaster
M9NG14	1	U-01	melanogaster	D. melanogaster
M9NG60	1	U-01	melanogaster	D. melanogaster
M9NG75	1	U-01	melanogaster	D. melanogaster
M9NG77	2	U-02	melanogaster	D. melanogaster
M9NGD3	1	U-01	melanogaster	D. melanogaster
M9NGF1	1	U-01	melanogaster	D. melanogaster
M9NGI4	1	U-01	melanogaster	D. melanogaster
M9NGQ0	1	U-01	melanogaster	D. melanogaster
M9NGR4	1	U-01	melanogaster	D. melanogaster
M9NH25	1	U-01	melanogaster	D. melanogaster
M9NH71	1	U-01	melanogaster	D. melanogaster
M9NHA4	1	U-01	melanogaster	D. melanogaster
M9PAY6	1	U-01	melanogaster	D. melanogaster
M9PAY9	1	U-01	melanogaster	D. melanogaster
Q8IQU8	0	unassigned	melanogaster	D. melanogaster
Q8IQV2	1	U-01	melanogaster	D. melanogaster
Q8IQV5	1	U-01	melanogaster	D. melanogaster
Q8IQV6	1	U-01	melanogaster	D. melanogaster
Q8IQX0	1	U-01	melanogaster	D. melanogaster
Q8IQX3	1	U-01	melanogaster	D. melanogaster
Q8IQY1	1	U-01	melanogaster	D. melanogaster
Q8IQZ4	1	U-01	melanogaster	D. melanogaster
Q8IQZ5	3	U-03	melanogaster	D. melanogaster
Q8IR15	1	U-01	melanogaster	D. melanogaster
Q8IR21	1	U-01	melanogaster	D. melanogaster
Q8IR22	0	unassigned	melanogaster	D. melanogaster
Q8IR33	1	U-01	melanogaster	D. melanogaster
Q8IR40	1	U-01	melanogaster	D. melanogaster
Q8IR41	1	U-01	melanogaster	D. melanogaster
Q8IR47	1	U-01	melanogaster	D. melanogaster
Q8IR56	1	U-01	melanogaster	D. melanogaster
Q8IR57	1	U-01	melanogaster	D. melanogaster
Q8IR64	1	U-01	melanogaster	D. melanogaster
Q8IR70	1	U-01	melanogaster	D. melanogaster
Q8IR73	1	U-01	melanogaster	D. melanogaster
Q8IR75	1	U-01	melanogaster	D. melanogaster
Q8IR82	1	U-01	melanogaster	D. melanogaster
Q8IR94	1	U-01	melanogaster	D. melanogaster
Q8IRA7	1	U-01	melanogaster	D. melanogaster
Q8IRB1	1	U-01	melanogaster	D. melanogaster
Q8IRB2	1	U-01	melanogaster	D. melanogaster
Q8IRB3	1	U-01	melanogaster	D. melanogaster
Q8IRF1	1	U-01	melanogaster	D. melanogaster
Q8IRF2	1	U-01	melanogaster	D. melanogaster
Q8IRF6	1	U-01	melanogaster	D. melanogaster
Q8IRG7	1	U-01	melanogaster	D. melanogaster
Q8IRH3	1	U-01	melanogaster	D. melanogaster
Q8IRH6	1	U-01	melanogaster	D. melanogaster
Q8IRI7	1	U-01	melanogaster	D. melanogaster
Q8IRL0	1	U-01	melanogaster	D. melanogaster
Q8IRL1	1	U-01	melanogaster	D. melanogaster
Q8IRL2	1	U-01	melanogaster	D. melanogaster
Q8IRN3	1	U-01	melanogaster	D. melanogaster
Q8IRN4	1	U-01	melanogaster	D. melanogaster
Q8IRP2	1	U-01	melanogaster	D. melanogaster
Q8IRP3	1	U-01	melanogaster	D. melanogaster
Q8IRP4	1	U-01	melanogaster	D. melanogaster
Q8IRP5	1	U-01	melanogaster	D. melanogaster
Q8IRP6	1	U-01	melanogaster	D. melanogaster
Q8IRR4	1	U-01	melanogaster	D. melanogaster
Q8IRR6	2	U-02	melanogaster	D. melanogaster
Q8IRU2	3	U-03	melanogaster	D. melanogaster
Q8IRV2	1	U-01	melanogaster	D. melanogaster
Q8IRV3	1	U-01	melanogaster	D. melanogaster
Q8IRW0	1	U-01	melanogaster	D. melanogaster
Q8IRW6	3	U-03	melanogaster	D. melanogaster
Q8IRX1	1	U-01	melanogaster	D. melanogaster
Q8IRY5	1	U-01	melanogaster	D. melanogaster
Q8IRY9	1	U-01	melanogaster	D. melanogaster
Q8IRZ1	1	U-01	melanogaster	D. melanogaster
Q8MKL1	1	U-01	melanogaster	D. melanogaster
Q8MLN3	1	U-01	melanogaster	D. melanogaster
Q8MLN4	1	U-01	melanogaster	D. melanogaster
Q8MLP9	2	U-02	melanogaster	D. melanogaster
Q8MLQ2	1	U-01	melanogaster	D. melanogaster
Q8MLR5	3	U-03	melanogaster	D. melanogaster
Q8MLS3	2	U-02	melanogaster	D. melanogaster
Q8MLS4	1	U-01	melanogaster	D. melanogaster
Q8MLS5	1	U-01	melanogaster	D. melanogaster
Q8MLT8	1	U-01	melanogaster	D. melanogaster
Q0KIF1	2	U-02	melanogaster	D. melanogaster
Q0KIF2	2	U-02	melanogaster	D. melanogaster
Q1LZ08	1	U-01	melanogaster	D. melanogaster
Q23989	1	U-01	melanogaster	D. melanogaster
Q24020	1	U-01	melanogaster	D. melanogaster
Q24050	1	U-01	melanogaster	D. melanogaster
Q24155	2	U-02	melanogaster	D. melanogaster
Q24169	1	U-01	melanogaster	D. melanogaster
Q24179	1	U-01	melanogaster	D. melanogaster
Q24278	1	U-01	melanogaster	D. melanogaster
Q24297	1	U-01	melanogaster	D. melanogaster
Q24320	1	U-01	melanogaster	D. melanogaster
Q9VKX1	1	U-01	melanogaster	D. melanogaster
Q9VKY1	1	U-01	melanogaster	D. melanogaster
Q9VKY3	1	U-01	melanogaster	D. melanogaster
Q9VKZ8	1	U-01	melanogaster	D. melanogaster
Q9VL01	2	U-02	melanogaster	D. melanogaster
Q9VL05	1	U-01	melanogaster	D. melanogaster
Q9VL06	1	U-01	melanogaster	D. melanogaster
Q9VL25	1	U-01	melanogaster	D. melanogaster
Q9VL32	3	U-03	melanogaster	D. melanogaster
Q9VL52	1	U-01	melanogaster	D. melanogaster
Q9VL64	1	U-01	melanogaster	D. melanogaster
Q9VL66	1	U-01	melanogaster	D. melanogaster
Q9VL67	1	U-01	melanogaster	D. melanogaster
Q9VL68	1	U-01	melanogaster	D. melanogaster
Q9VL71	1	U-01	melanogaster	D. melanogaster
Q9VL72	1	U-01	melanogaster	D. melanogaster
Q9VL79	0	unassigned	melanogaster	D. melanogaster
Q9VL84	2	U-02	melanogaster	D. melanogaster
Q9VL89	1	U-01	melanogaster	D. melanogaster
Q9VLC5	1	U-01	melanogaster	D. melanogaster
Q9VLD7	0	unassigned	melanogaster	D. melanogaster
Q9VLH8	1	U-01	melanogaster	D. melanogaster
Q9VLK3	2	U-02	melanogaster	D. melanogaster
Q9VLK8	0	unassigned	melanogaster	D. melanogaster
Q9VLM5	3	U-03	melanogaster	D. melanogaster
Q9VLM6	1	U-01	melanogaster	D. melanogaster
Q9VLN1	1	U-01	melanogaster	D. melanogaster
Q9VLR5	1	U-01	melanogaster	D. melanogaster
Q9VLS7	1	U-01	melanogaster	D. melanogaster
Q9VLT8	1	U-01	melanogaster	D. melanogaster
Q9VLT9	1	U-01	melanogaster	D. melanogaster
Q9VLU2	1	U-01	melanogaster	D. melanogaster
Q9VLU4	2	U-02	melanogaster	D. melanogaster
Q9VLU6	1	U-01	melanogaster	D. melanogaster
Q9VLV7	1	U-01	melanogaster	D. melanogaster
Q9VLW7	1	U-01	melanogaster	D. melanogaster
Q9VLW8	1	U-01	melanogaster	D. melanogaster
Q9VLY6	3	U-03	melanogaster	D. melanogaster
Q9VLY9	2	U-02	melanogaster	D. melanogaster
Q9VLZ0	2	U-02	melanogaster	D. melanogaster
Q9VLZ3	1	U-01	melanogaster	D. melanogaster
Q9VM25	2	U-02	melanogaster	D. melanogaster
Q9VM26	2	U-02	melanogaster	D. melanogaster
Q9VM31	3	U-03	melanogaster	D. melanogaster
Q9VM33	1	U-01	melanogaster	D. melanogaster
Q9VM40	2	U-02	melanogaster	D. melanogaster
Q9VM42	2	U-02	melanogaster	D. melanogaster
Q9VM46	1	U-01	melanogaster	D. melanogaster
Q9VM51	3	U-03	melanogaster	D. melanogaster
Q9VM63	1	U-01	melanogaster	D. melanogaster
Q9VM71	1	U-01	melanogaster	D. melanogaster
Q9VM75	1	U-01	melanogaster	D. melanogaster
Q9VM91	1	U-01	melanogaster	D. melanogaster
Q9VM94	1	U-01	melanogaster	D. melanogaster
Q9VM97	2	U-02	melanogaster	D. melanogaster
Q9VMB6	3	U-03	melanogaster	D. melanogaster
Q9VMH3	1	U-01	melanogaster	D. melanogaster
Q9VMI3	1	U-01	melanogaster	D. melanogaster
Q9VMJ5	2	U-02	melanogaster	D. melanogaster
Q9VML9	3	U-03	melanogaster	D. melanogaster
Q9VMN3	1	U-01	melanogaster	D. melanogaster
Q9VMQ5	1	U-01	melanogaster	D. melanogaster
Q9VMS5	1	U-01	melanogaster	D. melanogaster
Q9VMU5	1	U-01	melanogaster	D. melanogaster
Q9VMV9	1	U-01	melanogaster	D. melanogaster
Q9VMW1	3	U-03	melanogaster	D. melanogaster
Q9VMW2	3	U-03	melanogaster	D. melanogaster
Q9VMW4	3	U-03	melanogaster	D. melanogaster
Q9VMW7	1	U-01	melanogaster	D. melanogaster
Q9VN13	3	U-03	melanogaster	D. melanogaster
Q9VN21	1	U-01	melanogaster	D. melanogaster
Q9VN50	1	U-01	melanogaster	D. melanogaster
Q9VN55	1	U-01	melanogaster	D. melanogaster
Q9VN58	1	U-01	melanogaster	D. melanogaster
Q9VN93	2	U-02	melanogaster	D. melanogaster
Q9VNA1	1	U-01	melanogaster	D. melanogaster
Q9VNA2	1	U-01	melanogaster	D. melanogaster
Q9VNA5	1	U-01	melanogaster	D. melanogaster
Q9VNB3	0	unassigned	melanogaster	D. melanogaster
Q9VNE1	1	U-01	melanogaster	D. melanogaster
Q9VNF6	1	U-01	melanogaster	D. melanogaster
Q9VNF7	1	U-01	melanogaster	D. melanogaster
Q9VNG0	1	U-01	melanogaster	D. melanogaster
Q9VNP5	1	U-01	melanogaster	D. melanogaster
Q9VNR2	1	U-01	melanogaster	D. melanogaster
Q9VNV3	1	U-01	melanogaster	D. melanogaster
Q9VNW6	1	U-01	melanogaster	D. melanogaster
Q9VNZ8	1	U-01	melanogaster	D. melanogaster
Q9VHJ3	0	unassigned	melanogaster	D. melanogaster
Q9VHJ5	1	U-01	melanogaster	D. melanogaster
Q9VHM4	0	unassigned	melanogaster	D. melanogaster
Q9VHM7	0	unassigned	melanogaster	D. melanogaster
Q9VHN1	1	U-01	melanogaster	D. melanogaster
Q9VHQ2	0	unassigned	melanogaster	D. melanogaster
Q9VHQ6	0	unassigned	melanogaster	D. melanogaster
Q9VHS2	3	U-03	melanogaster	D. melanogaster
Q9VHS4	0	unassigned	melanogaster	D. melanogaster
Q9VHS6	3	U-03	melanogaster	D. melanogaster
Q9VHT3	1	U-01	melanogaster	D. melanogaster
Q9VHU1	1	U-01	melanogaster	D. melanogaster
Q9VHU7	2	U-02	melanogaster	D. melanogaster
Q9VHW6	1	U-01	melanogaster	D. melanogaster
Q9VHY6	2	U-02	melanogaster	D. melanogaster
Q9VI12	1	U-01	melanogaster	D. melanogaster
Q9VI25	1	U-01	melanogaster	D. melanogaster
Q9VI57	0	unassigned	melanogaster	D. melanogaster
Q9VI60	1	U-01	melanogaster	D. melanogaster
Q9VI61	1	U-01	melanogaster	D. melanogaster
Q9VI63	1	U-01	melanogaster	D. melanogaster
Q9VI82	1	U-01	melanogaster	D. melanogaster
Q9VI85	1	U-01	melanogaster	D. melanogaster
Q9VIA4	2	U-02	melanogaster	D. melanogaster
Q9VIB0	1	U-01	melanogaster	D. melanogaster
Q9VIB1	1	U-01	melanogaster	D. melanogaster
Q9VIB2	3	U-03	melanogaster	D. melanogaster
Q9VIB7	3	U-03	melanogaster	D. melanogaster
Q9VIC3	1	U-01	melanogaster	D. melanogaster
Q9VIC9	1	U-01	melanogaster	D. melanogaster
Q9VID9	1	U-01	melanogaster	D. melanogaster
Q9VIE1	1	U-01	melanogaster	D. melanogaster
Q9VIE2	2	U-02	melanogaster	D. melanogaster
Q9VIF0	1	U-01	melanogaster	D. melanogaster
Q9VIF9	0	unassigned	melanogaster	D. melanogaster
Q9VIH6	1	U-01	melanogaster	D. melanogaster
Q9VIH9	2	U-02	melanogaster	D. melanogaster
Q9VII8	1	U-01	melanogaster	D. melanogaster
Q9VIJ4	1	U-01	melanogaster	D. melanogaster
Q9VIJ5	1	U-01	melanogaster	D. melanogaster
Q9VIK1	3	U-03	melanogaster	D. melanogaster
Q9VIK7	1	U-01	melanogaster	D. melanogaster
Q9VIL1	3	U-03	melanogaster	D. melanogaster
Q9VIM0	2	U-02	melanogaster	D. melanogaster
Q9VIP1	1	U-01	melanogaster	D. melanogaster
Q9VIQ1	1	U-01	melanogaster	D. melanogaster
Q9VIR0	1	U-01	melanogaster	D. melanogaster
Q9VIS4	1	U-01	melanogaster	D. melanogaster
Q9VIT6	3	U-03	melanogaster	D. melanogaster
Q9VIT9	2	U-02	melanogaster	D. melanogaster
Q9VIU5	1	U-01	melanogaster	D. melanogaster
Q9VIV3	1	U-01	melanogaster	D. melanogaster
Q9VIX1	2	U-02	melanogaster	D. melanogaster
Q9VIX4	1	U-01	melanogaster	D. melanogaster
Q9VIZ3	1	U-01	melanogaster	D. melanogaster
Q9VJ00	1	U-01	melanogaster	D. melanogaster
Q9VJ02	1	U-01	melanogaster	D. melanogaster
Q9VJ10	1	U-01	melanogaster	D. melanogaster
Q9VJ29	1	U-01	melanogaster	D. melanogaster
Q9VWH8	3	U-03	melanogaster	D. melanogaster
Q9VWI2	1	U-01	melanogaster	D. melanogaster
Q9VWL5	3	U-03	melanogaster	D. melanogaster
Q9VWL7	1	U-01	melanogaster	D. melanogaster
Q9VWN2	1	U-01	melanogaster	D. melanogaster
Q9VWP1	1	U-01	melanogaster	D. melanogaster
Q9VWR8	3	U-03	melanogaster	D. melanogaster
Q9VWS3	1	U-01	melanogaster	D. melanogaster
Q9VWV2	1	U-01	melanogaster	D. melanogaster
Q9VWV8	1	U-01	melanogaster	D. melanogaster
Q9VWY7	1	U-01	melanogaster	D. melanogaster
Q9VWZ3	1	U-01	melanogaster	D. melanogaster
Q9VWZ7	2	U-02	melanogaster	D. melanogaster
Q9VX12	1	U-01	melanogaster	D. melanogaster
Q9VX15	1	U-01	melanogaster	D. melanogaster
Q9VX20	1	U-01	melanogaster	D. melanogaster
Q9VX34	1	U-01	melanogaster	D. melanogaster
Q9VX36	1	U-01	melanogaster	D. melanogaster
Q9VX37	1	U-01	melanogaster	D. melanogaster
Q9VX39	3	U-03	melanogaster	D. melanogaster
Q9VX59	1	U-01	melanogaster	D. melanogaster
Q9VX60	1	U-01	melanogaster	D. melanogaster
Q9VX74	1	U-01	melanogaster	D. melanogaster
Q9VX77	1	U-01	melanogaster	D. melanogaster
Q9VX91	1	U-01	melanogaster	D. melanogaster
Q9VX99	0	unassigned	melanogaster	D. melanogaster
Q9VXC6	0	unassigned	melanogaster	D. melanogaster
Q9VXC7	0	unassigned	melanogaster	D. melanogaster
Q9VXC9	0	unassigned	melanogaster	D. melanogaster
Q9VXF6	1	U-01	melanogaster	D. melanogaster
Q9VXF8	1	U-01	melanogaster	D. melanogaster
Q9VXF9	1	U-01	melanogaster	D. melanogaster
Q9VXG4	1	U-01	melanogaster	D. melanogaster
Q9VXG6	1	U-01	melanogaster	D. melanogaster
Q9VXG7	1	U-01	melanogaster	D. melanogaster
Q9VXH6	1	U-01	melanogaster	D. melanogaster
Q9VXI1	1	U-01	melanogaster	D. melanogaster
Q9VXI6	1	U-01	melanogaster	D. melanogaster
Q9VXJ5	1	U-01	melanogaster	D. melanogaster
Q9VXJ9	1	U-01	melanogaster	D. melanogaster
Q9VXK5	1	U-01	melanogaster	D. melanogaster
Q9W3Y7	1	U-01	melanogaster	D. melanogaster
Q9W3Y8	1	U-01	melanogaster	D. melanogaster
Q9W3Z4	1	U-01	melanogaster	D. melanogaster
Q9W3Z5	1	U-01	melanogaster	D. melanogaster
Q9W403	0	unassigned	melanogaster	D. melanogaster
Q9W404	1	U-01	melanogaster	D. melanogaster
Q9W409	1	U-01	melanogaster	D. melanogaster
Q9W410	1	U-01	melanogaster	D. melanogaster
Q9W422	1	U-01	melanogaster	D. melanogaster
Q9W424	1	U-01	melanogaster	D. melanogaster
Q9W425	1	U-01	melanogaster	D. melanogaster
Q9W427	2	U-02	melanogaster	D. melanogaster
Q9W439	1	U-01	melanogaster	D. melanogaster
Q9W441	3	U-03	melanogaster	D. melanogaster
Q9W443	0	unassigned	melanogaster	D. melanogaster
Q9W452	2	U-02	melanogaster	D. melanogaster
Q9W454	0	unassigned	melanogaster	D. melanogaster
Q9W458	0	unassigned	melanogaster	D. melanogaster
Q9W459	1	U-01	melanogaster	D. melanogaster
Q9W468	1	U-01	melanogaster	D. melanogaster
Q9W472	1	U-01	melanogaster	D. melanogaster
Q9W473	1	U-01	melanogaster	D. melanogaster
Q9W474	0	unassigned	melanogaster	D. melanogaster
Q9W475	1	U-01	melanogaster	D. melanogaster
Q9W477	2	U-02	melanogaster	D. melanogaster
Q9W478	2	U-02	melanogaster	D. melanogaster
Q9W481	1	U-01	melanogaster	D. melanogaster
Q9W486	1	U-01	melanogaster	D. melanogaster
Q9W490	2	U-02	melanogaster	D. melanogaster
Q9W492	2	U-02	melanogaster	D. melanogaster
Q9W4A6	0	unassigned	melanogaster	D. melanogaster
Q9W4B8	2	U-02	melanogaster	D. melanogaster
Q9W4C2	2	U-02	melanogaster	D. melanogaster
Q9W4D1	1	U-01	melanogaster	D. melanogaster
Q9W4D3	1	U-01	melanogaster	D. melanogaster
Q9W4E4	1	U-01	melanogaster	D. melanogaster
Q9W4E6	1	U-01	melanogaster	D. melanogaster
Q9W4E8	1	U-01	melanogaster	D. melanogaster
Q9W4F6	1	U-01	melanogaster	D. melanogaster
Q9W4F7	3	U-03	melanogaster	D. melanogaster
Q9W4F9	1	U-01	melanogaster	D. melanogaster
Q9W4G7	3	U-03	melanogaster	D. melanogaster
Q9W4H4	1	U-01	melanogaster	D. melanogaster
Q9W4I0	2	U-02	melanogaster	D. melanogaster
Q9W4I3	1	U-01	melanogaster	D. melanogaster
Q9W4I4	1	U-01	melanogaster	D. melanogaster
Q9W4I5	1	U-01	melanogaster	D. melanogaster
Q9W4I7	1	U-01	melanogaster	D. melanogaster
Q9W4K2	2	U-02	melanogaster	D. melanogaster
Q9W4K8	1	U-01	melanogaster	D. melanogaster
Q9W4L1	1	U-01	melanogaster	D. melanogaster
Q9W4M2	1	U-01	melanogaster	D. melanogaster
Q9W4M3	1	U-01	melanogaster	D. melanogaster
Q9W4M4	1	U-01	melanogaster	D. melanogaster
Q9W4N4	1	U-01	melanogaster	D. melanogaster
Q9W4N5	2	U-02	melanogaster	D. melanogaster
Q9W4N6	1	U-01	melanogaster	D. melanogaster
Q9W4P0	3	U-03	melanogaster	D. melanogaster
Q9W4P6	3	U-03	melanogaster	D. melanogaster
Q9W4P9	3	U-03	melanogaster	D. melanogaster
Q9W4Q1	1	U-01	melanogaster	D. melanogaster
Q9W4R8	1	U-01	melanogaster	D. melanogaster
Q9W4R9	1	U-01	melanogaster	D. melanogaster
Q9W4S0	3	U-03	melanogaster	D. melanogaster
Q9W4S1	1	U-01	melanogaster	D. melanogaster
Q9W4U2	1	U-01	melanogaster	D. melanogaster
Q9W4U9	3	U-03	melanogaster	D. melanogaster
Q9W4V0	1	U-01	melanogaster	D. melanogaster
Q9W4W3	1	U-01	melanogaster	D. melanogaster
Q9W4W5	1	U-01	melanogaster	D. melanogaster
Q9W4X1	1	U-01	melanogaster	D. melanogaster
Q9W4X2	1	U-01	melanogaster	D. melanogaster
Q9W4X8	1	U-01	melanogaster	D. melanogaster
Q9W4Z9	1	U-01	melanogaster	D. melanogaster
Q9W503	1	U-01	melanogaster	D. melanogaster
Q9W509	3	U-03	melanogaster	D. melanogaster
Q9W511	1	U-01	melanogaster	D. melanogaster
Q9W526	1	U-01	melanogaster	D. melanogaster
Q9W543	1	U-01	melanogaster	D. melanogaster
Q9W545	1	U-01	melanogaster	D. melanogaster
Q9W547	1	U-01	melanogaster	D. melanogaster
Q9W550	1	U-01	melanogaster	D. melanogaster
Q9W554	1	U-01	melanogaster	D. melanogaster
Q9W584	1	U-01	melanogaster	D. melanogaster
Q9W587	3	U-03	melanogaster	D. melanogaster
Q9W588	3	U-03	melanogaster	D. melanogaster
Q9W592	1	U-01	melanogaster	D. melanogaster
Q9W599	1	U-01	melanogaster	D. melanogaster
Q9W5A0	1	U-01	melanogaster	D. melanogaster
Q9W5B5	1	U-01	melanogaster	D. melanogaster
Q9W5B9	1	U-01	melanogaster	D. melanogaster
A0A0B4KHY9	1	U-01	melanogaster	D. melanogaster
A0A0B4KI01	1	U-01	melanogaster	D. melanogaster
A0A0B4KI02	0	unassigned	melanogaster	D. melanogaster
A0A0B4KI09	1	U-01	melanogaster	D. melanogaster
A0A0B4KI17	1	U-01	melanogaster	D. melanogaster
A0A0B4KI42	1	U-01	melanogaster	D. melanogaster
A0A0B4KI59	1	U-01	melanogaster	D. melanogaster
A0A0B4KI67	0	unassigned	melanogaster	D. melanogaster
A0A0B4LED4	1	U-01	melanogaster	D. melanogaster
Q1JUZ1	1	U-01	melanogaster	D. melanogaster
Q1LZ24	0	unassigned	melanogaster	D. melanogaster
Q23972	1	U-01	melanogaster	D. melanogaster
Q9V9K7	1	U-01	melanogaster	D. melanogaster
Q9V9M8	1	U-01	melanogaster	D. melanogaster
Q9V9N4	1	U-01	melanogaster	D. melanogaster
Q9V9R2	1	U-01	melanogaster	D. melanogaster
Q9V9R3	3	U-03	melanogaster	D. melanogaster
Q9V9S0	2	U-02	melanogaster	D. melanogaster
Q9V9S7	1	U-01	melanogaster	D. melanogaster
Q9V9T4	1	U-01	melanogaster	D. melanogaster
Q9V9W7	1	U-01	melanogaster	D. melanogaster
Q9V9W8	1	U-01	melanogaster	D. melanogaster
Q9V9Y4	3	U-03	melanogaster	D. melanogaster
Q9V9Y9	1	U-01	melanogaster	D. melanogaster
Q9VA00	1	U-01	melanogaster	D. melanogaster
Q9VA37	1	U-01	melanogaster	D. melanogaster
Q9VA38	1	U-01	melanogaster	D. melanogaster
Q9VA73	3	U-03	melanogaster	D. melanogaster
Q9VA83	1	U-01	melanogaster	D. melanogaster
Q9VAB8	0	unassigned	melanogaster	D. melanogaster
Q9VAC5	2	U-02	melanogaster	D. melanogaster
Q9VAC8	0	unassigned	melanogaster	D. melanogaster
Q9VAF5	2	U-02	melanogaster	D. melanogaster
Q9VAG4	1	U-01	melanogaster	D. melanogaster
Q9VAH9	1	U-01	melanogaster	D. melanogaster
Q9VAI1	2	U-02	melanogaster	D. melanogaster
Q9VAJ1	1	U-01	melanogaster	D. melanogaster
Q9VAJ3	2	U-02	melanogaster	D. melanogaster
Q9VAK1	1	U-01	melanogaster	D. melanogaster
Q9VAN6	1	U-01	melanogaster	D. melanogaster
Q9VAP2	1	U-01	melanogaster	D. melanogaster
Q9VAQ0	1	U-01	melanogaster	D. melanogaster
Q9VAQ8	2	U-02	melanogaster	D. melanogaster
Q9VAS9	1	U-01	melanogaster	D. melanogaster
Q9VAT0	1	U-01	melanogaster	D. melanogaster
Q9VAY2	1	U-01	melanogaster	D. melanogaster
Q9VB05	1	U-01	melanogaster	D. melanogaster
Q9VB08	1	U-01	melanogaster	D. melanogaster
Q9VB15	0	unassigned	melanogaster	D. melanogaster
Q9VB22	1	U-01	melanogaster	D. melanogaster
Q9VB23	1	U-01	melanogaster	D. melanogaster
Q9VB25	1	U-01	melanogaster	D. melanogaster
Q9VB46	2	U-02	melanogaster	D. melanogaster
Q9VB62	1	U-01	melanogaster	D. melanogaster
Q9VB68	2	U-02	melanogaster	D. melanogaster
Q9VBB3	1	U-01	melanogaster	D. melanogaster
Q9VBC7	2	U-02	melanogaster	D. melanogaster
Q9VBI2	1	U-01	melanogaster	D. melanogaster
Q9VBI4	1	U-01	melanogaster	D. melanogaster
Q9VBJ2	1	U-01	melanogaster	D. melanogaster
Q9VBP3	1	U-01	melanogaster	D. melanogaster
Q9VBP9	1	U-01	melanogaster	D. melanogaster
Q9VBQ1	1	U-01	melanogaster	D. melanogaster
Q9VBW3	2	U-02	melanogaster	D. melanogaster
Q9VBW9	1	U-01	melanogaster	D. melanogaster
Q9VBX1	1	U-01	melanogaster	D. melanogaster
Q9VBX2	1	U-01	melanogaster	D. melanogaster
Q9VBY7	1	U-01	melanogaster	D. melanogaster
Q9VBY8	1	U-01	melanogaster	D. melanogaster
Q9VBZ5	1	U-01	melanogaster	D. melanogaster
Q9VBZ9	2	U-02	melanogaster	D. melanogaster
Q9VC03	1	U-01	melanogaster	D. melanogaster
Q9VC44	1	U-01	melanogaster	D. melanogaster
Q9VC45	1	U-01	melanogaster	D. melanogaster
Q9VC47	2	U-02	melanogaster	D. melanogaster
Q9VC64	1	U-01	melanogaster	D. melanogaster
Q9VC70	0	unassigned	melanogaster	D. melanogaster
Q9VC93	1	U-01	melanogaster	D. melanogaster
Q9VCA8	1	U-01	melanogaster	D. melanogaster
Q9VCB6	1	U-01	melanogaster	D. melanogaster
Q9VCC0	1	U-01	melanogaster	D. melanogaster
Q9VCC9	0	unassigned	melanogaster	D. melanogaster
Q9VCD8	1	U-01	melanogaster	D. melanogaster
Q9VCE1	1	U-01	melanogaster	D. melanogaster
Q9VCE6	1	U-01	melanogaster	D. melanogaster
Q9VCE9	1	U-01	melanogaster	D. melanogaster
Q9VCH4	1	U-01	melanogaster	D. melanogaster
Q9VCH5	1	U-01	melanogaster	D. melanogaster
Q9VCI3	3	U-03	melanogaster	D. melanogaster
Q9VCJ8	2	U-02	melanogaster	D. melanogaster
Q9VCN1	1	U-01	melanogaster	D. melanogaster
Q9VCN7	1	U-01	melanogaster	D. melanogaster
Q9VCN9	1	U-01	melanogaster	D. melanogaster
Q9VCP0	1	U-01	melanogaster	D. melanogaster
Q9VCR3	2	U-02	melanogaster	D. melanogaster
Q9VCR6	1	U-01	melanogaster	D. melanogaster
Q9VCR7	3	U-03	melanogaster	D. melanogaster
Q9VCT9	0	unassigned	melanogaster	D. melanogaster
Q9VCU7	1	U-01	melanogaster	D. melanogaster
Q9VCU9	1	U-01	melanogaster	D. melanogaster
Q9W3C1	1	U-01	melanogaster	D. melanogaster
Q9W3D1	1	U-01	melanogaster	D. melanogaster
Q9W3D3	1	U-01	melanogaster	D. melanogaster
Q9W3E1	1	U-01	melanogaster	D. melanogaster
Q9W3E2	1	U-01	melanogaster	D. melanogaster
Q9W3F7	0	unassigned	melanogaster	D. melanogaster
Q9W3G6	1	U-01	melanogaster	D. melanogaster
Q9W3H6	0	unassigned	melanogaster	D. melanogaster
Q9W3H7	1	U-01	melanogaster	D. melanogaster
Q9V4A1	1	U-01	melanogaster	D. melanogaster
Q9V4B2	1	U-01	melanogaster	D. melanogaster
Q9V4C0	2	U-02	melanogaster	D. melanogaster
Q9V4C9	0	unassigned	melanogaster	D. melanogaster
Q9V4E0	1	U-01	melanogaster	D. melanogaster
Q9V4E6	2	U-02	melanogaster	D. melanogaster
Q9V4E9	2	U-02	melanogaster	D. melanogaster
Q9V4N3	1	U-01	melanogaster	D. melanogaster
Q9V4U9	0	unassigned	melanogaster	D. melanogaster
Q9V4W1	1	U-01	melanogaster	D. melanogaster
Q9V557	0	unassigned	melanogaster	D. melanogaster
Q9V564	1	U-01	melanogaster	D. melanogaster
Q9V568	0	unassigned	melanogaster	D. melanogaster
Q9V589	0	unassigned	melanogaster	D. melanogaster
Q9V595	1	U-01	melanogaster	D. melanogaster
Q9V597	1	U-01	melanogaster	D. melanogaster
Q9V5L3	0	unassigned	melanogaster	D. melanogaster
Q9V5Q4	1	U-01	melanogaster	D. melanogaster
Q9V675	0	unassigned	melanogaster	D. melanogaster
Q9V676	0	unassigned	melanogaster	D. melanogaster
Q9V677	1	U-01	melanogaster	D. melanogaster
Q9V6D6	0	unassigned	melanogaster	D. melanogaster
Q9V6H2	0	unassigned	melanogaster	D. melanogaster
Q9V726	1	U-01	melanogaster	D. melanogaster
Q9V769	0	unassigned	melanogaster	D. melanogaster
Q9V770	0	unassigned	melanogaster	D. melanogaster
Q9V773	0	unassigned	melanogaster	D. melanogaster
Q9V7D2	1	U-01	melanogaster	D. melanogaster
Q9V7G5	0	unassigned	melanogaster	D. melanogaster
Q9V7S5	3	U-03	melanogaster	D. melanogaster
Q9V817	3	U-03	melanogaster	D. melanogaster
Q9V831	1	U-01	melanogaster	D. melanogaster
Q9V8M5	1	U-01	melanogaster	D. melanogaster
Q9V8Y2	0	unassigned	melanogaster	D. melanogaster
Q9V8Y7	0	unassigned	melanogaster	D. melanogaster
Q9V969	0	unassigned	melanogaster	D. melanogaster
Q9V9A8	1	U-01	melanogaster	D. melanogaster
Q9V9I4	0	unassigned	melanogaster	D. melanogaster
Q9V9M7	1	U-01	melanogaster	D. melanogaster
Q9V9N1	0	unassigned	melanogaster	D. melanogaster
Q9V9P3	1	U-01	melanogaster	D. melanogaster
Q9V9U1	3	U-03	melanogaster	D. melanogaster
Q9V9W2	1	U-01	melanogaster	D. melanogaster
Q9V9W3	1	U-01	melanogaster	D. melanogaster
Q9V9X0	2	U-02	melanogaster	D. melanogaster
Q9V9X4	1	U-01	melanogaster	D. melanogaster
Q9V9X5	2	U-02	melanogaster	D. melanogaster
Q9V9X7	1	U-01	melanogaster	D. melanogaster
Q9V9X9	0	unassigned	melanogaster	D. melanogaster
Q9VA02	1	U-01	melanogaster	D. melanogaster
Q9VA12	1	U-01	melanogaster	D. melanogaster
Q9VA17	1	U-01	melanogaster	D. melanogaster
Q9VA22	3	U-03	melanogaster	D. melanogaster
Q9VA41	2	U-02	melanogaster	D. melanogaster
Q9VA44	2	U-02	melanogaster	D. melanogaster
Q9VA47	1	U-01	melanogaster	D. melanogaster
Q9VA50	2	U-02	melanogaster	D. melanogaster
Q9VA52	2	U-02	melanogaster	D. melanogaster
Q9VA54	1	U-01	melanogaster	D. melanogaster
Q9VA56	1	U-01	melanogaster	D. melanogaster
Q9VA58	1	U-01	melanogaster	D. melanogaster
Q9VA59	1	U-01	melanogaster	D. melanogaster
Q9VA60	2	U-02	melanogaster	D. melanogaster
Q9VA61	2	U-02	melanogaster	D. melanogaster
Q9VA64	2	U-02	melanogaster	D. melanogaster
Q9VA65	2	U-02	melanogaster	D. melanogaster
Q9VA67	0	unassigned	melanogaster	D. melanogaster
Q9VA69	2	U-02	melanogaster	D. melanogaster
Q9VA71	1	U-01	melanogaster	D. melanogaster
Q9VA77	2	U-02	melanogaster	D. melanogaster
Q9VA78	2	U-02	melanogaster	D. melanogaster
Q9VA87	2	U-02	melanogaster	D. melanogaster
Q9VA88	2	U-02	melanogaster	D. melanogaster
Q9VA95	1	U-01	melanogaster	D. melanogaster
Q9VAA9	1	U-01	melanogaster	D. melanogaster
Q9VAC4	1	U-01	melanogaster	D. melanogaster
Q9VAD0	2	U-02	melanogaster	D. melanogaster
Q9VAD4	1	U-01	melanogaster	D. melanogaster
Q9VAF4	1	U-01	melanogaster	D. melanogaster
Q9VAG3	0	unassigned	melanogaster	D. melanogaster
Q9VAG9	1	U-01	melanogaster	D. melanogaster
Q9VAH4	1	U-01	melanogaster	D. melanogaster
Q9VAI0	1	U-01	melanogaster	D. melanogaster
Q9VAJ2	1	U-01	melanogaster	D. melanogaster
Q9VAJ5	2	U-02	melanogaster	D. melanogaster
Q9VAJ9	3	U-03	melanogaster	D. melanogaster
Q9VAK5	1	U-01	melanogaster	D. melanogaster
Q9VAM2	2	U-02	melanogaster	D. melanogaster
Q9VAM6	3	U-03	melanogaster	D. melanogaster
Q9VAM8	3	U-03	melanogaster	D. melanogaster
Q9VL42	2	U-02	melanogaster	D. melanogaster
Q9VL70	1	U-01	melanogaster	D. melanogaster
Q9VL83	1	U-01	melanogaster	D. melanogaster
Q9VL86	2	U-02	melanogaster	D. melanogaster
Q9VL91	0	unassigned	melanogaster	D. melanogaster
Q9VL92	0	unassigned	melanogaster	D. melanogaster
Q9VL96	1	U-01	melanogaster	D. melanogaster
Q9VLB7	1	U-01	melanogaster	D. melanogaster
Q9VLC3	2	U-02	melanogaster	D. melanogaster
Q9VLE5	0	unassigned	melanogaster	D. melanogaster
Q9VPC4	2	U-02	melanogaster	D. melanogaster
Q9VPC5	1	U-01	melanogaster	D. melanogaster
Q9VPC7	1	U-01	melanogaster	D. melanogaster
Q9VPD4	3	U-03	melanogaster	D. melanogaster
Q9VPD8	3	U-03	melanogaster	D. melanogaster
Q9VPD9	3	U-03	melanogaster	D. melanogaster
Q9VPE4	3	U-03	melanogaster	D. melanogaster
Q9VPF1	1	U-01	melanogaster	D. melanogaster
Q9VPF5	1	U-01	melanogaster	D. melanogaster
Q9VPF6	1	U-01	melanogaster	D. melanogaster
Q9VPF8	3	U-03	melanogaster	D. melanogaster
Q9VPF9	1	U-01	melanogaster	D. melanogaster
Q9VPG0	2	U-02	melanogaster	D. melanogaster
Q9VPG2	3	U-03	melanogaster	D. melanogaster
Q9VPH3	2	U-02	melanogaster	D. melanogaster
Q9VPH4	1	U-01	melanogaster	D. melanogaster
Q9VPH6	1	U-01	melanogaster	D. melanogaster
Q9VPH9	2	U-02	melanogaster	D. melanogaster
Q9VPJ6	2	U-02	melanogaster	D. melanogaster
Q9VPJ7	3	U-03	melanogaster	D. melanogaster
Q9VPJ9	3	U-03	melanogaster	D. melanogaster
Q9VPK4	1	U-01	melanogaster	D. melanogaster
Q9VPK5	1	U-01	melanogaster	D. melanogaster
Q9VPL0	1	U-01	melanogaster	D. melanogaster
Q9VPL3	1	U-01	melanogaster	D. melanogaster
Q9VPL5	1	U-01	melanogaster	D. melanogaster
Q9VPL8	0	unassigned	melanogaster	D. melanogaster
Q9VPM2	1	U-01	melanogaster	D. melanogaster
Q9VPN3	1	U-01	melanogaster	D. melanogaster
Q9VPP0	3	U-03	melanogaster	D. melanogaster
Q9VPP9	1	U-01	melanogaster	D. melanogaster
Q9VPR2	1	U-01	melanogaster	D. melanogaster
Q9VPS1	2	U-02	melanogaster	D. melanogaster
Q9VPS3	1	U-01	melanogaster	D. melanogaster
Q9VPT2	1	U-01	melanogaster	D. melanogaster
Q9VPT3	1	U-01	melanogaster	D. melanogaster
Q9VPT6	3	U-03	melanogaster	D. melanogaster
Q9VPT7	3	U-03	melanogaster	D. melanogaster
Q9VPU0	1	U-01	melanogaster	D. melanogaster
Q9VPU4	1	U-01	melanogaster	D. melanogaster
Q9VPV7	1	U-01	melanogaster	D. melanogaster
Q9VPW5	1	U-01	melanogaster	D. melanogaster
Q9VPW9	1	U-01	melanogaster	D. melanogaster
Q9VYZ8	1	U-01	melanogaster	D. melanogaster
Q9VZ01	1	U-01	melanogaster	D. melanogaster
Q9VZ05	1	U-01	melanogaster	D. melanogaster
Q9VZ13	1	U-01	melanogaster	D. melanogaster
Q9VZ19	1	U-01	melanogaster	D. melanogaster
Q9VZ25	2	U-02	melanogaster	D. melanogaster
Q9VZ27	1	U-01	melanogaster	D. melanogaster
Q9VZ33	2	U-02	melanogaster	D. melanogaster
Q9VZ37	2	U-02	melanogaster	D. melanogaster
Q9VZ41	1	U-01	melanogaster	D. melanogaster
Q9VZ43	1	U-01	melanogaster	D. melanogaster
Q9VZ56	2	U-02	melanogaster	D. melanogaster
Q9VZ57	2	U-02	melanogaster	D. melanogaster
Q9VZ58	2	U-02	melanogaster	D. melanogaster
Q9VZ61	1	U-01	melanogaster	D. melanogaster
Q9VZ63	0	unassigned	melanogaster	D. melanogaster
Q9VZ72	1	U-01	melanogaster	D. melanogaster
Q9VZ73	1	U-01	melanogaster	D. melanogaster
Q9VZ79	0	unassigned	melanogaster	D. melanogaster
Q9VZ81	1	U-01	melanogaster	D. melanogaster
Q9VZ84	2	U-02	melanogaster	D. melanogaster
Q9VZ88	1	U-01	melanogaster	D. melanogaster
Q9VZ93	3	U-03	melanogaster	D. melanogaster
Q9VZ94	3	U-03	melanogaster	D. melanogaster
Q9VZA5	1	U-01	melanogaster	D. melanogaster
Q9VZA6	2	U-02	melanogaster	D. melanogaster
Q9VZA7	3	U-03	melanogaster	D. melanogaster
Q9VZA9	1	U-01	melanogaster	D. melanogaster
Q9VZC5	2	U-02	melanogaster	D. melanogaster
Q9VZD2	1	U-01	melanogaster	D. melanogaster
Q9VZD5	1	U-01	melanogaster	D. melanogaster
Q9VZD8	1	U-01	melanogaster	D. melanogaster
Q9VZE2	0	unassigned	melanogaster	D. melanogaster
Q9VZE5	2	U-02	melanogaster	D. melanogaster
Q9VZE6	1	U-01	melanogaster	D. melanogaster
Q9VZE7	3	U-03	melanogaster	D. melanogaster
Q9VZF0	1	U-01	melanogaster	D. melanogaster
Q9VZF1	1	U-01	melanogaster	D. melanogaster
Q9VZF2	1	U-01	melanogaster	D. melanogaster
Q9VZF3	3	U-03	melanogaster	D. melanogaster
Q9VZF9	1	U-01	melanogaster	D. melanogaster
Q9VZG0	1	U-01	melanogaster	D. melanogaster
Q9VZG1	1	U-01	melanogaster	D. melanogaster
Q9VZG2	1	U-01	melanogaster	D. melanogaster
Q9VZG5	1	U-01	melanogaster	D. melanogaster
Q9VZG8	2	U-02	melanogaster	D. melanogaster
Q9VZG9	3	U-03	melanogaster	D. melanogaster
Q9VZI4	1	U-01	melanogaster	D. melanogaster
Q9VZI5	2	U-02	melanogaster	D. melanogaster
Q9VZJ1	1	U-01	melanogaster	D. melanogaster
Q9VZJ4	1	U-01	melanogaster	D. melanogaster
Q9VZJ8	1	U-01	melanogaster	D. melanogaster
Q9VZK5	1	U-01	melanogaster	D. melanogaster
Q9VZK8	1	U-01	melanogaster	D. melanogaster
Q9VZM6	3	U-03	melanogaster	D. melanogaster
Q9VZM9	1	U-01	melanogaster	D. melanogaster
Q9VZN0	0	unassigned	melanogaster	D. melanogaster
M9PHG8	1	U-01	melanogaster	D. melanogaster
M9PHP8	0	unassigned	melanogaster	D. melanogaster
M9PHQ0	1	U-01	melanogaster	D. melanogaster
M9PHQ2	1	U-01	melanogaster	D. melanogaster
M9PHR5	1	U-01	melanogaster	D. melanogaster
M9PHT1	1	U-01	melanogaster	D. melanogaster
M9PI02	1	U-01	melanogaster	D. melanogaster
M9PI28	1	U-01	melanogaster	D. melanogaster
M9PI41	1	U-01	melanogaster	D. melanogaster
M9PI57	3	U-03	melanogaster	D. melanogaster
M9PI63	0	unassigned	melanogaster	D. melanogaster
M9PI83	1	U-01	melanogaster	D. melanogaster
M9PIH9	0	unassigned	melanogaster	D. melanogaster
M9PIK8	1	U-01	melanogaster	D. melanogaster
M9PJ19	2	U-02	melanogaster	D. melanogaster
M9PJD0	1	U-01	melanogaster	D. melanogaster
M9PJI4	1	U-01	melanogaster	D. melanogaster
M9PJM9	1	U-01	melanogaster	D. melanogaster
M9PJN0	0	unassigned	melanogaster	D. melanogaster
M9PJN9	1	U-01	melanogaster	D. melanogaster
O01346	1	U-01	melanogaster	D. melanogaster
O01382	1	U-01	melanogaster	D. melanogaster
O01668	3	U-03	melanogaster	D. melanogaster
O02002	1	U-01	melanogaster	D. melanogaster
P41043	1	U-01	melanogaster	D. melanogaster
P41964	0	unassigned	melanogaster	D. melanogaster
P42003	1	U-01	melanogaster	D. melanogaster
P42124	1	U-01	melanogaster	D. melanogaster
P42207	1	U-01	melanogaster	D. melanogaster
P42271	1	U-01	melanogaster	D. melanogaster
P42282	1	U-01	melanogaster	D. melanogaster
P42283	1	U-01	melanogaster	D. melanogaster
P42284	1	U-01	melanogaster	D. melanogaster
P42286	1	U-01	melanogaster	D. melanogaster
P42287	1	U-01	melanogaster	D. melanogaster
P42325	1	U-01	melanogaster	D. melanogaster
P42787	2	U-02	melanogaster	D. melanogaster
P43125	1	U-01	melanogaster	D. melanogaster
P43332	1	U-01	melanogaster	D. melanogaster
P45437	1	U-01	melanogaster	D. melanogaster
P45594	1	U-01	melanogaster	D. melanogaster
P45843	3	U-03	melanogaster	D. melanogaster
P45888	1	U-01	melanogaster	D. melanogaster
P45975	1	U-01	melanogaster	D. melanogaster
P46150	1	U-01	melanogaster	D. melanogaster
P46415	1	U-01	melanogaster	D. melanogaster
P46461	1	U-01	melanogaster	D. melanogaster
P46863	1	U-01	melanogaster	D. melanogaster
P48148	1	U-01	melanogaster	D. melanogaster
P48423	1	U-01	melanogaster	D. melanogaster
P48554	1	U-01	melanogaster	D. melanogaster
P48555	1	U-01	melanogaster	D. melanogaster
P48591	1	U-01	melanogaster	D. melanogaster
P48596	1	U-01	melanogaster	D. melanogaster
P48598	1	U-01	melanogaster	D. melanogaster
P48607	2	U-02	melanogaster	D. melanogaster
P48609	1	U-01	melanogaster	D. melanogaster
P48611	1	U-01	melanogaster	D. melanogaster
P48612	1	U-01	melanogaster	D. melanogaster
P48987	1	U-01	melanogaster	D. melanogaster
P48994	1	U-01	melanogaster	D. melanogaster
P49021	1	U-01	melanogaster	D. melanogaster
P49028	1	U-01	melanogaster	D. melanogaster
P49415	1	U-01	melanogaster	D. melanogaster
P49455	0	unassigned	melanogaster	D. melanogaster
P49657	0	unassigned	melanogaster	D. melanogaster
P49735	1	U-01	melanogaster	D. melanogaster
P49762	1	U-01	melanogaster	D. melanogaster
P49847	1	U-01	melanogaster	D. melanogaster
P49869	1	U-01	melanogaster	D. melanogaster
P49906	1	U-01	melanogaster	D. melanogaster
P50536	1	U-01	melanogaster	D. melanogaster
P51023	1	U-01	melanogaster	D. melanogaster
P51123	1	U-01	melanogaster	D. melanogaster
P51140	1	U-01	melanogaster	D. melanogaster
P51521	1	U-01	melanogaster	D. melanogaster
P51592	1	U-01	melanogaster	D. melanogaster
P52034	1	U-01	melanogaster	D. melanogaster
P52172	1	U-01	melanogaster	D. melanogaster
P52295	1	U-01	melanogaster	D. melanogaster
P52304	1	U-01	melanogaster	D. melanogaster
P52654	1	U-01	melanogaster	D. melanogaster
P52656	1	U-01	melanogaster	D. melanogaster
P53034	1	U-01	melanogaster	D. melanogaster
P53501	1	U-01	melanogaster	D. melanogaster
P53624	2	U-02	melanogaster	D. melanogaster
P54191	2	U-02	melanogaster	D. melanogaster
P54352	1	U-01	melanogaster	D. melanogaster
P54358	1	U-01	melanogaster	D. melanogaster
P54360	2	U-02	melanogaster	D. melanogaster
P54362	1	U-01	melanogaster	D. melanogaster
P54367	1	U-01	melanogaster	D. melanogaster
P54385	1	U-01	melanogaster	D. melanogaster
P54397	1	U-01	melanogaster	D. melanogaster
P54622	1	U-01	melanogaster	D. melanogaster
Q960X4	0	unassigned	melanogaster	D. melanogaster
Q960X8	1	U-01	melanogaster	D. melanogaster
Q961D9	1	U-01	melanogaster	D. melanogaster
Q967D7	2	U-02	melanogaster	D. melanogaster
Q99323	0	unassigned	melanogaster	D. melanogaster
Q95SS8	3	U-03	melanogaster	D. melanogaster
Q95TN4	1	U-01	melanogaster	D. melanogaster
Q960W6	1	U-01	melanogaster	D. melanogaster
Q961J5	3	U-03	melanogaster	D. melanogaster
Q9GN97	2	U-02	melanogaster	D. melanogaster
Q9I7H5	2	U-02	melanogaster	D. melanogaster
Q9I7L4	1	U-01	melanogaster	D. melanogaster
Q9I7M2	1	U-01	melanogaster	D. melanogaster
Q9I7M6	1	U-01	melanogaster	D. melanogaster
Q9I7N9	3	U-03	melanogaster	D. melanogaster
Q9I7P2	0	unassigned	melanogaster	D. melanogaster
Q9I7P8	1	U-01	melanogaster	D. melanogaster
Q9I7T2	0	unassigned	melanogaster	D. melanogaster
Q9I7T6	1	U-01	melanogaster	D. melanogaster
Q9I7T8	1	U-01	melanogaster	D. melanogaster
Q9I7U5	0	unassigned	melanogaster	D. melanogaster
Q9I7V0	1	U-01	melanogaster	D. melanogaster
Q9I7V4	2	U-02	melanogaster	D. melanogaster
Q9I7W5	1	U-01	melanogaster	D. melanogaster
Q9I816	0	unassigned	melanogaster	D. melanogaster
Q9NFP1	2	U-02	melanogaster	D. melanogaster
Q9NFT9	1	U-01	melanogaster	D. melanogaster
Q9NHB9	1	U-01	melanogaster	D. melanogaster
Q9TW12	1	U-01	melanogaster	D. melanogaster
Q9U1H8	3	U-03	melanogaster	D. melanogaster
Q9U4F3	1	U-01	melanogaster	D. melanogaster
Q9U4F5	1	U-01	melanogaster	D. melanogaster
Q9U616	1	U-01	melanogaster	D. melanogaster
Q9V392	2	U-02	melanogaster	D. melanogaster
Q9V396	1	U-01	melanogaster	D. melanogaster
Q9V3A8	2	U-02	melanogaster	D. melanogaster
Q9V3B8	1	U-01	melanogaster	D. melanogaster
Q9V3D0	1	U-01	melanogaster	D. melanogaster
Q9V3D1	1	U-01	melanogaster	D. melanogaster
Q9V3D9	1	U-01	melanogaster	D. melanogaster
Q9V3E9	0	unassigned	melanogaster	D. melanogaster
Q9V3F8	1	U-01	melanogaster	D. melanogaster
Q9V3G1	1	U-01	melanogaster	D. melanogaster
Q9V3G7	1	U-01	melanogaster	D. melanogaster
Q9V3I3	1	U-01	melanogaster	D. melanogaster
Q9V3J1	1	U-01	melanogaster	D. melanogaster
Q9V3J3	1	U-01	melanogaster	D. melanogaster
Q9V3J9	1	U-01	melanogaster	D. melanogaster
Q9V3L7	3	U-03	melanogaster	D. melanogaster
Q9V3N8	1	U-01	melanogaster	D. melanogaster
Q9V3R3	1	U-01	melanogaster	D. melanogaster
Q9V3S3	1	U-01	melanogaster	D. melanogaster
Q9V3S6	1	U-01	melanogaster	D. melanogaster
Q9V3T1	1	U-01	melanogaster	D. melanogaster
Q9V3T2	3	U-03	melanogaster	D. melanogaster
Q9V3W0	1	U-01	melanogaster	D. melanogaster
Q9V3W1	1	U-01	melanogaster	D. melanogaster
Q9V3Y2	1	U-01	melanogaster	D. melanogaster
Q9V3Z4	1	U-01	melanogaster	D. melanogaster
Q9V3Z7	1	U-01	melanogaster	D. melanogaster
Q9V414	1	U-01	melanogaster	D. melanogaster
Q9V416	1	U-01	melanogaster	D. melanogaster
Q9V426	1	U-01	melanogaster	D. melanogaster
Q9V428	1	U-01	melanogaster	D. melanogaster
Q9V431	1	U-01	melanogaster	D. melanogaster
Q9V434	1	U-01	melanogaster	D. melanogaster
Q9V436	1	U-01	melanogaster	D. melanogaster
Q9V468	1	U-01	melanogaster	D. melanogaster
Q9VJ31	1	U-01	melanogaster	D. melanogaster
Q9VJ45	0	unassigned	melanogaster	D. melanogaster
Q9VJ47	0	unassigned	melanogaster	D. melanogaster
Q9VJ62	1	U-01	melanogaster	D. melanogaster
Q9VJ68	1	U-01	melanogaster	D. melanogaster
Q9VJ80	2	U-02	melanogaster	D. melanogaster
Q9VJ87	1	U-01	melanogaster	D. melanogaster
Q9VJA5	3	U-03	melanogaster	D. melanogaster
Q9VJC1	1	U-01	melanogaster	D. melanogaster
Q9VJC2	1	U-01	melanogaster	D. melanogaster
Q9VJC6	1	U-01	melanogaster	D. melanogaster
Q9VJD1	1	U-01	melanogaster	D. melanogaster
Q9VJD7	1	U-01	melanogaster	D. melanogaster
Q9VJE4	1	U-01	melanogaster	D. melanogaster
Q9VJF2	0	unassigned	melanogaster	D. melanogaster
Q9VJG4	1	U-01	melanogaster	D. melanogaster
Q9VJG5	2	U-02	melanogaster	D. melanogaster
Q9VJH2	1	U-01	melanogaster	D. melanogaster
Q9VJI7	1	U-01	melanogaster	D. melanogaster
Q9VJI9	1	U-01	melanogaster	D. melanogaster
Q9VJJ6	1	U-01	melanogaster	D. melanogaster
Q9VJM4	2	U-02	melanogaster	D. melanogaster
Q9VJN0	2	U-02	melanogaster	D. melanogaster
Q9VJP5	1	U-01	melanogaster	D. melanogaster
Q9VJQ6	1	U-01	melanogaster	D. melanogaster
Q9VJR4	3	U-03	melanogaster	D. melanogaster
Q9VJR9	1	U-01	melanogaster	D. melanogaster
Q9VJU5	2	U-02	melanogaster	D. melanogaster
Q9VJX8	3	U-03	melanogaster	D. melanogaster
Q9VJZ4	1	U-01	melanogaster	D. melanogaster
Q9VJZ5	1	U-01	melanogaster	D. melanogaster
Q9VJZ7	1	U-01	melanogaster	D. melanogaster
Q9VK10	1	U-01	melanogaster	D. melanogaster
Q9VK13	1	U-01	melanogaster	D. melanogaster
Q9VK25	1	U-01	melanogaster	D. melanogaster
Q9VK30	3	U-03	melanogaster	D. melanogaster
Q9VK36	1	U-01	melanogaster	D. melanogaster
Q9VUG4	1	U-01	melanogaster	D. melanogaster
Q9VUG9	1	U-01	melanogaster	D. melanogaster
Q9VUH4	2	U-02	melanogaster	D. melanogaster
Q9VUH5	2	U-02	melanogaster	D. melanogaster
Q9VUH9	1	U-01	melanogaster	D. melanogaster
Q9VUI5	1	U-01	melanogaster	D. melanogaster
Q9VUJ2	2	U-02	melanogaster	D. melanogaster
Q9VUK1	1	U-01	melanogaster	D. melanogaster
Q9VUK7	1	U-01	melanogaster	D. melanogaster
Q9VUK9	1	U-01	melanogaster	D. melanogaster
Q9VUL2	1	U-01	melanogaster	D. melanogaster
Q9VUM3	2	U-02	melanogaster	D. melanogaster
Q9VUM7	3	U-03	melanogaster	D. melanogaster
Q9VUN2	1	U-01	melanogaster	D. melanogaster
Q9VUN7	1	U-01	melanogaster	D. melanogaster
Q9VUN8	3	U-03	melanogaster	D. melanogaster
Q9VUQ7	2	U-02	melanogaster	D. melanogaster
Q9VUR0	1	U-01	melanogaster	D. melanogaster
Q9VUR2	1	U-01	melanogaster	D. melanogaster
Q9VUR3	1	U-01	melanogaster	D. melanogaster
Q9VUR4	1	U-01	melanogaster	D. melanogaster
Q9VUS2	1	U-01	melanogaster	D. melanogaster
Q9VUS3	1	U-01	melanogaster	D. melanogaster
Q9VUS6	1	U-01	melanogaster	D. melanogaster
Q9VUS9	1	U-01	melanogaster	D. melanogaster
Q9VUT0	1	U-01	melanogaster	D. melanogaster
Q9VUT1	1	U-01	melanogaster	D. melanogaster
Q9VUT2	1	U-01	melanogaster	D. melanogaster
Q9VUT3	1	U-01	melanogaster	D. melanogaster
Q9VUT8	1	U-01	melanogaster	D. melanogaster
Q9VUU3	1	U-01	melanogaster	D. melanogaster
Q9VUU6	1	U-01	melanogaster	D. melanogaster
Q9VUU9	1	U-01	melanogaster	D. melanogaster
Q9VUW1	1	U-01	melanogaster	D. melanogaster
Q9VUW2	0	unassigned	melanogaster	D. melanogaster
Q9VUW3	0	unassigned	melanogaster	D. melanogaster
Q9VUX1	1	U-01	melanogaster	D. melanogaster
Q9VUX8	2	U-02	melanogaster	D. melanogaster
Q9VUY2	1	U-01	melanogaster	D. melanogaster
Q9VUY4	1	U-01	melanogaster	D. melanogaster
Q9VUY6	1	U-01	melanogaster	D. melanogaster
Q9VUZ8	1	U-01	melanogaster	D. melanogaster
Q9VV00	1	U-01	melanogaster	D. melanogaster
Q9VV28	1	U-01	melanogaster	D. melanogaster
Q9VV39	1	U-01	melanogaster	D. melanogaster
Q9VV40	0	unassigned	melanogaster	D. melanogaster
Q9VV44	1	U-01	melanogaster	D. melanogaster
Q9VV46	1	U-01	melanogaster	D. melanogaster
Q9VV47	1	U-01	melanogaster	D. melanogaster
Q9VV49	3	U-03	melanogaster	D. melanogaster
Q9VV51	3	U-03	melanogaster	D. melanogaster
Q9VV52	1	U-01	melanogaster	D. melanogaster
Q9VV58	3	U-03	melanogaster	D. melanogaster
Q9VV75	1	U-01	melanogaster	D. melanogaster
Q9VV77	1	U-01	melanogaster	D. melanogaster
Q9VV82	1	U-01	melanogaster	D. melanogaster
Q9VV83	1	U-01	melanogaster	D. melanogaster
Q9VV90	0	unassigned	melanogaster	D. melanogaster
Q9VVA1	3	U-03	melanogaster	D. melanogaster
Q9VVB6	0	unassigned	melanogaster	D. melanogaster
Q9VVB8	1	U-01	melanogaster	D. melanogaster
Q9VVD0	0	unassigned	melanogaster	D. melanogaster
Q9VVD2	1	U-01	melanogaster	D. melanogaster
Q9VVE0	1	U-01	melanogaster	D. melanogaster
Q9VVE3	1	U-01	melanogaster	D. melanogaster
Q9VVF0	1	U-01	melanogaster	D. melanogaster
Q9W1M2	3	U-03	melanogaster	D. melanogaster
Q9W1M3	3	U-03	melanogaster	D. melanogaster
Q9W1M4	3	U-03	melanogaster	D. melanogaster
Q9W1N4	1	U-01	melanogaster	D. melanogaster
Q9W1P0	1	U-01	melanogaster	D. melanogaster
Q9W1Q0	1	U-01	melanogaster	D. melanogaster
Q9W1R0	2	U-02	melanogaster	D. melanogaster
Q9W1R1	2	U-02	melanogaster	D. melanogaster
Q9W1R6	1	U-01	melanogaster	D. melanogaster
Q9W1R8	3	U-03	melanogaster	D. melanogaster
Q9W1S2	1	U-01	melanogaster	D. melanogaster
Q9W1S6	1	U-01	melanogaster	D. melanogaster
Q9W1T0	1	U-01	melanogaster	D. melanogaster
Q9W1U7	1	U-01	melanogaster	D. melanogaster
Q9W1V2	1	U-01	melanogaster	D. melanogaster
Q9W1V8	1	U-01	melanogaster	D. melanogaster
Q9W1W2	1	U-01	melanogaster	D. melanogaster
Q9W1W5	2	U-02	melanogaster	D. melanogaster
Q9W1X5	2	U-02	melanogaster	D. melanogaster
Q9W1Y4	2	U-02	melanogaster	D. melanogaster
Q9W1Y8	1	U-01	melanogaster	D. melanogaster
Q9W1Y9	3	U-03	melanogaster	D. melanogaster
Q9W1Z0	3	U-03	melanogaster	D. melanogaster
Q9W1Z1	3	U-03	melanogaster	D. melanogaster
Q9W1Z2	3	U-03	melanogaster	D. melanogaster
Q9W1Z3	3	U-03	melanogaster	D. melanogaster
Q9W1Z4	1	U-01	melanogaster	D. melanogaster
Q9W1Z8	1	U-01	melanogaster	D. melanogaster
Q9W1Z9	2	U-02	melanogaster	D. melanogaster
Q9W200	1	U-01	melanogaster	D. melanogaster
Q9W201	1	U-01	melanogaster	D. melanogaster
Q9W207	2	U-02	melanogaster	D. melanogaster
Q9W208	2	U-02	melanogaster	D. melanogaster
Q9W209	2	U-02	melanogaster	D. melanogaster
A0A0B4KHN3	1	U-01	melanogaster	D. melanogaster
A0A0B4KHP4	1	U-01	melanogaster	D. melanogaster
A0A0B4KHQ0	1	U-01	melanogaster	D. melanogaster
A0A0B4KHQ8	0	unassigned	melanogaster	D. melanogaster
A0A0B4KHS9	1	U-01	melanogaster	D. melanogaster
A0A0B4KHT5	1	U-01	melanogaster	D. melanogaster
A0A0B4KHV0	2	U-02	melanogaster	D. melanogaster
A0A0B4KHY2	1	U-01	melanogaster	D. melanogaster
A0A0B4KI06	1	U-01	melanogaster	D. melanogaster
A0A0B4KI15	2	U-02	melanogaster	D. melanogaster
A0A0B4KI18	1	U-01	melanogaster	D. melanogaster
Q24400	1	U-01	melanogaster	D. melanogaster
Q24439	1	U-01	melanogaster	D. melanogaster
Q24474	1	U-01	melanogaster	D. melanogaster
Q24492	1	U-01	melanogaster	D. melanogaster
Q24558	1	U-01	melanogaster	D. melanogaster
Q24560	1	U-01	melanogaster	D. melanogaster
Q27593	0	unassigned	melanogaster	D. melanogaster
Q2PDY1	1	U-01	melanogaster	D. melanogaster
Q2PDY2	1	U-01	melanogaster	D. melanogaster
Q2PE25	1	U-01	melanogaster	D. melanogaster
Q400M8	2	U-02	melanogaster	D. melanogaster
Q4ABH3	1	U-01	melanogaster	D. melanogaster
Q4V5R4	3	U-03	melanogaster	D. melanogaster
Q4V645	1	U-01	melanogaster	D. melanogaster
Q59DP8	1	U-01	melanogaster	D. melanogaster
Q59DP9	1	U-01	melanogaster	D. melanogaster
Q59DQ0	1	U-01	melanogaster	D. melanogaster
Q59DT4	2	U-02	melanogaster	D. melanogaster
Q59DV8	2	U-02	melanogaster	D. melanogaster
Q59DW7	1	U-01	melanogaster	D. melanogaster
Q59DY5	2	U-02	melanogaster	D. melanogaster
Q59DY6	2	U-02	melanogaster	D. melanogaster
Q59DY7	1	U-01	melanogaster	D. melanogaster
Q59E04	1	U-01	melanogaster	D. melanogaster
Q59E18	2	U-02	melanogaster	D. melanogaster
Q59E23	1	U-01	melanogaster	D. melanogaster
Q59E34	1	U-01	melanogaster	D. melanogaster
Q6NL34	1	U-01	melanogaster	D. melanogaster
Q6NR09	1	U-01	melanogaster	D. melanogaster
Q76NQ3	1	U-01	melanogaster	D. melanogaster
Q76NQ5	1	U-01	melanogaster	D. melanogaster
Q76NR1	1	U-01	melanogaster	D. melanogaster
Q7JR49	2	U-02	melanogaster	D. melanogaster
Q7JUN3	1	U-01	melanogaster	D. melanogaster
Q7JVA5	0	unassigned	melanogaster	D. melanogaster
Q7JVL3	1	U-01	melanogaster	D. melanogaster
Q7JVP4	1	U-01	melanogaster	D. melanogaster
Q7JX57	3	U-03	melanogaster	D. melanogaster
Q7JXF7	2	U-02	melanogaster	D. melanogaster
Q7JYV2	3	U-03	melanogaster	D. melanogaster
Q7JYV7	1	U-01	melanogaster	D. melanogaster
Q7K003	1	U-01	melanogaster	D. melanogaster
Q7K175	1	U-01	melanogaster	D. melanogaster
Q7K3M5	1	U-01	melanogaster	D. melanogaster
Q7K556	1	U-01	melanogaster	D. melanogaster
Q7K566	3	U-03	melanogaster	D. melanogaster
Q7K5K3	1	U-01	melanogaster	D. melanogaster
Q7K7A9	1	U-01	melanogaster	D. melanogaster
Q7KKI2	1	U-01	melanogaster	D. melanogaster
Q7KM15	1	U-01	melanogaster	D. melanogaster
Q7KMG7	1	U-01	melanogaster	D. melanogaster
Q7KRR5	1	U-01	melanogaster	D. melanogaster
Q7KRS9	1	U-01	melanogaster	D. melanogaster
Q7KRW8	1	U-01	melanogaster	D. melanogaster
Q7KSA0	1	U-01	melanogaster	D. melanogaster
Q7KSB7	1	U-01	melanogaster	D. melanogaster
Q7KSD3	0	unassigned	melanogaster	D. melanogaster
Q7KSH7	2	U-02	melanogaster	D. melanogaster
Q7KSM5	1	U-01	melanogaster	D. melanogaster
Q7KSN8	1	U-01	melanogaster	D. melanogaster
Q7KSQ0	3	U-03	melanogaster	D. melanogaster
Q7KSW3	1	U-01	melanogaster	D. melanogaster
Q7KSY5	1	U-01	melanogaster	D. melanogaster
Q7KSY6	1	U-01	melanogaster	D. melanogaster
Q7KSY7	1	U-01	melanogaster	D. melanogaster
Q7KT16	1	U-01	melanogaster	D. melanogaster
Q7KT38	1	U-01	melanogaster	D. melanogaster
Q7KT59	1	U-01	melanogaster	D. melanogaster
Q7KT87	3	U-03	melanogaster	D. melanogaster
Q7KT97	0	unassigned	melanogaster	D. melanogaster
Q7KTB7	1	U-01	melanogaster	D. melanogaster
Q7KTB8	1	U-01	melanogaster	D. melanogaster
Q7KTB9	1	U-01	melanogaster	D. melanogaster
Q7KTC1	1	U-01	melanogaster	D. melanogaster
Q7KTC2	1	U-01	melanogaster	D. melanogaster
Q7KTC3	1	U-01	melanogaster	D. melanogaster
Q7KTC4	1	U-01	melanogaster	D. melanogaster
Q7KTC5	1	U-01	melanogaster	D. melanogaster
Q7KTC6	1	U-01	melanogaster	D. melanogaster
Q7KTC7	1	U-01	melanogaster	D. melanogaster
Q7KTC8	1	U-01	melanogaster	D. melanogaster
Q7KTC9	1	U-01	melanogaster	D. melanogaster
Q7KTD0	1	U-01	melanogaster	D. melanogaster
Q9VTU1	1	U-01	melanogaster	D. melanogaster
Q9VTU7	3	U-03	melanogaster	D. melanogaster
Q9VTW7	3	U-03	melanogaster	D. melanogaster
Q9VTX5	1	U-01	melanogaster	D. melanogaster
Q9VTZ4	1	U-01	melanogaster	D. melanogaster
Q9VTZ6	1	U-01	melanogaster	D. melanogaster
A1Z882	0	unassigned	melanogaster	D. melanogaster
A1Z889	1	U-01	melanogaster	D. melanogaster
A1Z890	3	U-03	melanogaster	D. melanogaster
A1Z891	3	U-03	melanogaster	D. melanogaster
A1Z897	1	U-01	melanogaster	D. melanogaster
A1Z899	1	U-01	melanogaster	D. melanogaster
A1Z8A1	1	U-01	melanogaster	D. melanogaster
A1Z8B2	1	U-01	melanogaster	D. melanogaster
A1Z8B3	1	U-01	melanogaster	D. melanogaster
E1JI79	1	U-01	melanogaster	D. melanogaster
E1JI85	3	U-03	melanogaster	D. melanogaster
E1JI87	1	U-01	melanogaster	D. melanogaster
E1JIA2	1	U-01	melanogaster	D. melanogaster
E1JIA3	1	U-01	melanogaster	D. melanogaster
E1JIA4	0	unassigned	melanogaster	D. melanogaster
E1JIA6	1	U-01	melanogaster	D. melanogaster
E1JIB5	2	U-02	melanogaster	D. melanogaster
E1JIB9	1	U-01	melanogaster	D. melanogaster
E1JIC0	1	U-01	melanogaster	D. melanogaster
E1JIC1	1	U-01	melanogaster	D. melanogaster
E1JIC5	1	U-01	melanogaster	D. melanogaster
E1JIC6	1	U-01	melanogaster	D. melanogaster
E1JID2	1	U-01	melanogaster	D. melanogaster
E1JID3	1	U-01	melanogaster	D. melanogaster
E1JIE6	1	U-01	melanogaster	D. melanogaster
E1JIF4	0	unassigned	melanogaster	D. melanogaster
E1JIH2	1	U-01	melanogaster	D. melanogaster
E1JIH4	1	U-01	melanogaster	D. melanogaster
E1JII4	2	U-02	melanogaster	D. melanogaster
E1JIJ9	1	U-01	melanogaster	D. melanogaster
E1JIK6	0	unassigned	melanogaster	D. melanogaster
E1JIK9	0	unassigned	melanogaster	D. melanogaster
E1JIL1	0	unassigned	melanogaster	D. melanogaster
E1JIM2	1	U-01	melanogaster	D. melanogaster
E1JIM8	0	unassigned	melanogaster	D. melanogaster
E1JIN2	2	U-02	melanogaster	D. melanogaster
E1JIP3	1	U-01	melanogaster	D. melanogaster
E1JIQ0	1	U-01	melanogaster	D. melanogaster
E1JIQ7	3	U-03	melanogaster	D. melanogaster
E1JIR2	1	U-01	melanogaster	D. melanogaster
E1JIS1	1	U-01	melanogaster	D. melanogaster
E1JIS2	1	U-01	melanogaster	D. melanogaster
E1JIS4	2	U-02	melanogaster	D. melanogaster
E1JIS5	2	U-02	melanogaster	D. melanogaster
E1JIU3	1	U-01	melanogaster	D. melanogaster
E1JIU4	1	U-01	melanogaster	D. melanogaster
E1JIU7	1	U-01	melanogaster	D. melanogaster
E1JIV1	1	U-01	melanogaster	D. melanogaster
E1JIW3	0	unassigned	melanogaster	D. melanogaster
E1JIX2	2	U-02	melanogaster	D. melanogaster
E1JIY0	3	U-03	melanogaster	D. melanogaster
E1JIY6	3	U-03	melanogaster	D. melanogaster
E1JIY8	1	U-01	melanogaster	D. melanogaster
E1JIZ3	1	U-01	melanogaster	D. melanogaster
E1JIZ9	1	U-01	melanogaster	D. melanogaster
E1JJ00	1	U-01	melanogaster	D. melanogaster
E1JJ07	1	U-01	melanogaster	D. melanogaster
E1JJ09	3	U-03	melanogaster	D. melanogaster
E1JJ70	2	U-02	melanogaster	D. melanogaster
E1JJ71	0	unassigned	melanogaster	D. melanogaster
E1JJ81	1	U-01	melanogaster	D. melanogaster
E1JJ90	1	U-01	melanogaster	D. melanogaster
E1JJA6	2	U-02	melanogaster	D. melanogaster
E1JJA9	1	U-01	melanogaster	D. melanogaster
E1JJB9	1	U-01	melanogaster	D. melanogaster
E1JJD6	1	U-01	melanogaster	D. melanogaster
E1JJG3	1	U-01	melanogaster	D. melanogaster
E1JJG5	2	U-02	melanogaster	D. melanogaster
E1JJG8	1	U-01	melanogaster	D. melanogaster
E1JJH2	2	U-02	melanogaster	D. melanogaster
E1JJI1	0	unassigned	melanogaster	D. melanogaster
E1JJK5	1	U-01	melanogaster	D. melanogaster
E1JJL3	1	U-01	melanogaster	D. melanogaster
E1JJN8	1	U-01	melanogaster	D. melanogaster
E1JJQ8	1	U-01	melanogaster	D. melanogaster
E1JJR9	1	U-01	melanogaster	D. melanogaster
E1JJS2	1	U-01	melanogaster	D. melanogaster
E1JJS9	1	U-01	melanogaster	D. melanogaster
E2QC54	1	U-01	melanogaster	D. melanogaster
E2QC56	1	U-01	melanogaster	D. melanogaster
E2QC59	3	U-03	melanogaster	D. melanogaster
E2QC61	1	U-01	melanogaster	D. melanogaster
E2QC63	1	U-01	melanogaster	D. melanogaster
E2QC84	1	U-01	melanogaster	D. melanogaster
E2QC99	1	U-01	melanogaster	D. melanogaster
E2QCC6	3	U-03	melanogaster	D. melanogaster
E2QCE8	0	unassigned	melanogaster	D. melanogaster
E2QCH7	1	U-01	melanogaster	D. melanogaster
E2QCH8	1	U-01	melanogaster	D. melanogaster
E2QCJ9	3	U-03	melanogaster	D. melanogaster
E2QCK0	1	U-01	melanogaster	D. melanogaster
E2QCN3	1	U-01	melanogaster	D. melanogaster
E2QCN5	3	U-03	melanogaster	D. melanogaster
E2QCN9	1	U-01	melanogaster	D. melanogaster
E2QCQ3	1	U-01	melanogaster	D. melanogaster
E2QCR4	1	U-01	melanogaster	D. melanogaster
E2QCS3	3	U-03	melanogaster	D. melanogaster
E2QCS6	1	U-01	melanogaster	D. melanogaster
E2QCS7	1	U-01	melanogaster	D. melanogaster
O61345	1	U-01	melanogaster	D. melanogaster
Q9VFY5	1	U-01	melanogaster	D. melanogaster
Q9VFZ4	1	U-01	melanogaster	D. melanogaster
Q9VG03	1	U-01	melanogaster	D. melanogaster
Q9VG05	1	U-01	melanogaster	D. melanogaster
Q9VG11	1	U-01	melanogaster	D. melanogaster
Q9VG22	1	U-01	melanogaster	D. melanogaster
Q9VG23	1	U-01	melanogaster	D. melanogaster
Q9VG26	1	U-01	melanogaster	D. melanogaster
Q9VG36	1	U-01	melanogaster	D. melanogaster
Q9VG39	3	U-03	melanogaster	D. melanogaster
Q9VG43	1	U-01	melanogaster	D. melanogaster
Q9VG44	2	U-02	melanogaster	D. melanogaster
Q9VG62	1	U-01	melanogaster	D. melanogaster
Q9VG63	1	U-01	melanogaster	D. melanogaster
Q9VGA3	2	U-02	melanogaster	D. melanogaster
Q9VGA7	1	U-01	melanogaster	D. melanogaster
Q9VGB1	1	U-01	melanogaster	D. melanogaster
Q9VGD1	1	U-01	melanogaster	D. melanogaster
Q9VGD8	1	U-01	melanogaster	D. melanogaster
Q9VGF1	1	U-01	melanogaster	D. melanogaster
Q9VGF2	1	U-01	melanogaster	D. melanogaster
Q9VGF3	1	U-01	melanogaster	D. melanogaster
Q9VGG4	2	U-02	melanogaster	D. melanogaster
Q9VGI6	1	U-01	melanogaster	D. melanogaster
Q9VGJ1	2	U-02	melanogaster	D. melanogaster
Q9VGJ2	1	U-01	melanogaster	D. melanogaster
Q9VGL0	1	U-01	melanogaster	D. melanogaster
Q9VGL1	0	unassigned	melanogaster	D. melanogaster
Q9VGL7	1	U-01	melanogaster	D. melanogaster
Q9VGM5	1	U-01	melanogaster	D. melanogaster
Q9VGQ7	1	U-01	melanogaster	D. melanogaster
Q9VGS6	1	U-01	melanogaster	D. melanogaster
Q9VGV0	1	U-01	melanogaster	D. melanogaster
Q9VGV1	1	U-01	melanogaster	D. melanogaster
Q9VGV7	1	U-01	melanogaster	D. melanogaster
Q9VGW2	2	U-02	melanogaster	D. melanogaster
Q9VGW3	1	U-01	melanogaster	D. melanogaster
Q9VVQ7	2	U-02	melanogaster	D. melanogaster
Q9VVR0	1	U-01	melanogaster	D. melanogaster
Q9VVS0	3	U-03	melanogaster	D. melanogaster
Q9VVS3	1	U-01	melanogaster	D. melanogaster
Q9VVS5	1	U-01	melanogaster	D. melanogaster
Q9VVV3	1	U-01	melanogaster	D. melanogaster
Q9VVV8	1	U-01	melanogaster	D. melanogaster
Q9VVW6	1	U-01	melanogaster	D. melanogaster
Q9VVW9	1	U-01	melanogaster	D. melanogaster
Q9VVY0	1	U-01	melanogaster	D. melanogaster
Q9VVY1	3	U-03	melanogaster	D. melanogaster
Q9VVY2	1	U-01	melanogaster	D. melanogaster
Q9VVY4	1	U-01	melanogaster	D. melanogaster
Q9VVZ0	1	U-01	melanogaster	D. melanogaster
Q9VVZ4	0	unassigned	melanogaster	D. melanogaster
Q9VVZ5	0	unassigned	melanogaster	D. melanogaster
Q9VVZ6	0	unassigned	melanogaster	D. melanogaster
Q9VVZ7	0	unassigned	melanogaster	D. melanogaster
Q9VW05	1	U-01	melanogaster	D. melanogaster
Q9VW08	1	U-01	melanogaster	D. melanogaster
Q9VW10	1	U-01	melanogaster	D. melanogaster
Q9VW17	1	U-01	melanogaster	D. melanogaster
Q9VW23	1	U-01	melanogaster	D. melanogaster
Q9VW38	1	U-01	melanogaster	D. melanogaster
Q9VW61	3	U-03	melanogaster	D. melanogaster
Q9VW64	1	U-01	melanogaster	D. melanogaster
Q9VW72	1	U-01	melanogaster	D. melanogaster
Q9VW77	1	U-01	melanogaster	D. melanogaster
Q9VW79	1	U-01	melanogaster	D. melanogaster
Q9VW89	2	U-02	melanogaster	D. melanogaster
Q9VW98	1	U-01	melanogaster	D. melanogaster
Q9VWA5	1	U-01	melanogaster	D. melanogaster
Q9VWC7	1	U-01	melanogaster	D. melanogaster
Q9VWD7	0	unassigned	melanogaster	D. melanogaster
Q9VWE5	1	U-01	melanogaster	D. melanogaster
Q9VWF6	1	U-01	melanogaster	D. melanogaster
Q9VWG5	3	U-03	melanogaster	D. melanogaster
Q9VWG7	1	U-01	melanogaster	D. melanogaster
Q9VWH2	1	U-01	melanogaster	D. melanogaster
Q9VWH5	1	U-01	melanogaster	D. melanogaster
Q9VWJ4	1	U-01	melanogaster	D. melanogaster
Q9VWJ8	3	U-03	melanogaster	D. melanogaster
Q9VWJ9	1	U-01	melanogaster	D. melanogaster
Q9VWK0	3	U-03	melanogaster	D. melanogaster
Q9VWK4	3	U-03	melanogaster	D. melanogaster
Q9VWK7	3	U-03	melanogaster	D. melanogaster
Q9VWK8	1	U-01	melanogaster	D. melanogaster
Q9VWK9	1	U-01	melanogaster	D. melanogaster
Q9VWL3	1	U-01	melanogaster	D. melanogaster
Q9VWM2	1	U-01	melanogaster	D. melanogaster
Q9VWM4	1	U-01	melanogaster	D. melanogaster
Q9VWM5	1	U-01	melanogaster	D. melanogaster
Q9VWM7	1	U-01	melanogaster	D. melanogaster
Q9VWM9	1	U-01	melanogaster	D. melanogaster
Q9VWP0	1	U-01	melanogaster	D. melanogaster
Q9VWQ6	1	U-01	melanogaster	D. melanogaster
Q9VWR0	1	U-01	melanogaster	D. melanogaster
Q9VWS1	1	U-01	melanogaster	D. melanogaster
Q9VWS5	1	U-01	melanogaster	D. melanogaster
Q9VWS7	1	U-01	melanogaster	D. melanogaster
Q9VWS8	1	U-01	melanogaster	D. melanogaster
Q9VWS9	1	U-01	melanogaster	D. melanogaster
Q9VWT2	1	U-01	melanogaster	D. melanogaster
Q9VEX1	3	U-03	melanogaster	D. melanogaster
Q9VEX6	1	U-01	melanogaster	D. melanogaster
Q9VEX7	1	U-01	melanogaster	D. melanogaster
Q9VEY5	3	U-03	melanogaster	D. melanogaster
Q9VEZ0	1	U-01	melanogaster	D. melanogaster
Q9W2S5	1	U-01	melanogaster	D. melanogaster
Q9W2S8	2	U-02	melanogaster	D. melanogaster
Q9W2U9	0	unassigned	melanogaster	D. melanogaster
Q9W2V7	1	U-01	melanogaster	D. melanogaster
Q9W2W5	1	U-01	melanogaster	D. melanogaster
Q9W2W9	1	U-01	melanogaster	D. melanogaster
Q9W2X0	1	U-01	melanogaster	D. melanogaster
Q9W2X6	1	U-01	melanogaster	D. melanogaster
Q9W2Y3	1	U-01	melanogaster	D. melanogaster
Q9W2Y5	1	U-01	melanogaster	D. melanogaster
Q9W326	1	U-01	melanogaster	D. melanogaster
Q9W335	1	U-01	melanogaster	D. melanogaster
Q9W362	1	U-01	melanogaster	D. melanogaster
Q9W363	1	U-01	melanogaster	D. melanogaster
Q9W389	1	U-01	melanogaster	D. melanogaster
Q9W391	1	U-01	melanogaster	D. melanogaster
Q9W392	1	U-01	melanogaster	D. melanogaster
Q9W395	1	U-01	melanogaster	D. melanogaster
Q9W396	1	U-01	melanogaster	D. melanogaster
Q9W3B3	1	U-01	melanogaster	D. melanogaster
Q9W3F4	1	U-01	melanogaster	D. melanogaster
Q9W3G0	2	U-02	melanogaster	D. melanogaster
Q9W3I8	2	U-02	melanogaster	D. melanogaster
Q9W3J0	0	unassigned	melanogaster	D. melanogaster
Q9W3K9	1	U-01	melanogaster	D. melanogaster
Q9W3L1	1	U-01	melanogaster	D. melanogaster
Q9W3M4	2	U-02	melanogaster	D. melanogaster
Q9W3M7	1	U-01	melanogaster	D. melanogaster
Q9W3M8	1	U-01	melanogaster	D. melanogaster
Q9W3N1	1	U-01	melanogaster	D. melanogaster
Q9W3N7	3	U-03	melanogaster	D. melanogaster
Q9W3N9	1	U-01	melanogaster	D. melanogaster
Q9W3Q1	1	U-01	melanogaster	D. melanogaster
Q9W3R1	1	U-01	melanogaster	D. melanogaster
Q9W3R6	1	U-01	melanogaster	D. melanogaster
Q9W3R8	1	U-01	melanogaster	D. melanogaster
Q9W3R9	1	U-01	melanogaster	D. melanogaster
Q9W3V1	2	U-02	melanogaster	D. melanogaster
Q9W3V2	0	unassigned	melanogaster	D. melanogaster
Q9W3V5	3	U-03	melanogaster	D. melanogaster
Q9W3V8	3	U-03	melanogaster	D. melanogaster
Q9W3W6	1	U-01	melanogaster	D. melanogaster
Q9W3W9	3	U-03	melanogaster	D. melanogaster
Q9W3X6	1	U-01	melanogaster	D. melanogaster
Q9W3X7	1	U-01	melanogaster	D. melanogaster
Q9W3X9	3	U-03	melanogaster	D. melanogaster
Q9W3Y5	1	U-01	melanogaster	D. melanogaster
Q9W402	1	U-01	melanogaster	D. melanogaster
Q9W418	1	U-01	melanogaster	D. melanogaster
Q9W430	2	U-02	melanogaster	D. melanogaster
Q9W433	1	U-01	melanogaster	D. melanogaster
Q9W438	2	U-02	melanogaster	D. melanogaster
Q9W451	2	U-02	melanogaster	D. melanogaster
Q9W453	2	U-02	melanogaster	D. melanogaster
Q9W464	0	unassigned	melanogaster	D. melanogaster
Q9W469	1	U-01	melanogaster	D. melanogaster
Q9W470	1	U-01	melanogaster	D. melanogaster
Q9W493	2	U-02	melanogaster	D. melanogaster
Q9W494	2	U-02	melanogaster	D. melanogaster
Q9W495	3	U-03	melanogaster	D. melanogaster
Q9W499	1	U-01	melanogaster	D. melanogaster
Q9W4G1	3	U-03	melanogaster	D. melanogaster
Q9W4H3	3	U-03	melanogaster	D. melanogaster
Q9W4H8	1	U-01	melanogaster	D. melanogaster
Q9W4J5	1	U-01	melanogaster	D. melanogaster
Q9W4J8	1	U-01	melanogaster	D. melanogaster
Q9W4J9	1	U-01	melanogaster	D. melanogaster
Q9W4K0	1	U-01	melanogaster	D. melanogaster
Q9W4N9	1	U-01	melanogaster	D. melanogaster
Q9W4Q9	2	U-02	melanogaster	D. melanogaster
Q9W4R3	2	U-02	melanogaster	D. melanogaster
Q9W4S2	3	U-03	melanogaster	D. melanogaster
Q9W4W4	1	U-01	melanogaster	D. melanogaster
Q9W4W7	1	U-01	melanogaster	D. melanogaster
Q9W4W8	1	U-01	melanogaster	D. melanogaster
Q9W4X5	3	U-03	melanogaster	D. melanogaster
Q9W4X6	3	U-03	melanogaster	D. melanogaster
Q9W4X7	1	U-01	melanogaster	D. melanogaster
Q9W4Y1	1	U-01	melanogaster	D. melanogaster
Q9W4Y6	2	U-02	melanogaster	D. melanogaster
Q9W4Y9	1	U-01	melanogaster	D. melanogaster
Q9W4Z0	1	U-01	melanogaster	D. melanogaster
Q9W4Z2	1	U-01	melanogaster	D. melanogaster
Q9W501	1	U-01	melanogaster	D. melanogaster
Q9W508	1	U-01	melanogaster	D. melanogaster
Q9W525	1	U-01	melanogaster	D. melanogaster
Q9W533	3	U-03	melanogaster	D. melanogaster
Q9W541	1	U-01	melanogaster	D. melanogaster
Q9W557	1	U-01	melanogaster	D. melanogaster
Q9W579	1	U-01	melanogaster	D. melanogaster
Q9W585	1	U-01	melanogaster	D. melanogaster
Q9W586	0	unassigned	melanogaster	D. melanogaster
Q9W5B6	1	U-01	melanogaster	D. melanogaster
A0A0C4DHE0	1	U-01	melanogaster	D. melanogaster
A0A0C4DHE6	1	U-01	melanogaster	D. melanogaster
E1JI94	1	U-01	melanogaster	D. melanogaster
E1JI95	1	U-01	melanogaster	D. melanogaster
E1JI98	3	U-03	melanogaster	D. melanogaster
E1JIA1	1	U-01	melanogaster	D. melanogaster
E1JIA9	1	U-01	melanogaster	D. melanogaster
E1JIB0	3	U-03	melanogaster	D. melanogaster
E1JIB1	3	U-03	melanogaster	D. melanogaster
E1JIC8	3	U-03	melanogaster	D. melanogaster
E1JID1	1	U-01	melanogaster	D. melanogaster
E1JIE5	1	U-01	melanogaster	D. melanogaster
E1JIF0	1	U-01	melanogaster	D. melanogaster
E1JIF5	1	U-01	melanogaster	D. melanogaster
E1JIG6	1	U-01	melanogaster	D. melanogaster
E1JII1	1	U-01	melanogaster	D. melanogaster
E1JII6	1	U-01	melanogaster	D. melanogaster
E1JIJ1	1	U-01	melanogaster	D. melanogaster
E1JIJ2	1	U-01	melanogaster	D. melanogaster
E1JIJ3	1	U-01	melanogaster	D. melanogaster
E1JIJ7	1	U-01	melanogaster	D. melanogaster
E1JIK8	0	unassigned	melanogaster	D. melanogaster
E1JIM7	1	U-01	melanogaster	D. melanogaster
E1JIN1	3	U-03	melanogaster	D. melanogaster
E1JIN4	1	U-01	melanogaster	D. melanogaster
E1JIN5	1	U-01	melanogaster	D. melanogaster
E1JIP4	1	U-01	melanogaster	D. melanogaster
E1JIQ4	1	U-01	melanogaster	D. melanogaster
E1JIQ6	1	U-01	melanogaster	D. melanogaster
E1JIS3	2	U-02	melanogaster	D. melanogaster
E1JIT4	1	U-01	melanogaster	D. melanogaster
E1JIU9	1	U-01	melanogaster	D. melanogaster
E1JIV3	1	U-01	melanogaster	D. melanogaster
Q7KUV8	2	U-02	melanogaster	D. melanogaster
Q7KUV9	1	U-01	melanogaster	D. melanogaster
Q7KUW4	1	U-01	melanogaster	D. melanogaster
Q7KUW8	1	U-01	melanogaster	D. melanogaster
Q7KUW9	1	U-01	melanogaster	D. melanogaster
Q7KUX0	1	U-01	melanogaster	D. melanogaster
Q7KUZ3	1	U-01	melanogaster	D. melanogaster
Q7KUZ6	1	U-01	melanogaster	D. melanogaster
Q7KV05	1	U-01	melanogaster	D. melanogaster
Q7KV08	1	U-01	melanogaster	D. melanogaster
Q7KV11	1	U-01	melanogaster	D. melanogaster
Q7KV32	1	U-01	melanogaster	D. melanogaster
Q7KV34	1	U-01	melanogaster	D. melanogaster
Q7KV35	1	U-01	melanogaster	D. melanogaster
Q7KV36	1	U-01	melanogaster	D. melanogaster
Q7KV44	1	U-01	melanogaster	D. melanogaster
Q7KV45	1	U-01	melanogaster	D. melanogaster
Q7KV46	1	U-01	melanogaster	D. melanogaster
Q7KV47	1	U-01	melanogaster	D. melanogaster
Q7KV48	1	U-01	melanogaster	D. melanogaster
Q7KV50	1	U-01	melanogaster	D. melanogaster
Q7KV62	1	U-01	melanogaster	D. melanogaster
Q7KV67	0	unassigned	melanogaster	D. melanogaster
Q7KV68	1	U-01	melanogaster	D. melanogaster
Q7KV73	0	unassigned	melanogaster	D. melanogaster
Q7KV75	2	U-02	melanogaster	D. melanogaster
Q7KV79	3	U-03	melanogaster	D. melanogaster
Q7KV80	2	U-02	melanogaster	D. melanogaster
Q7KV81	3	U-03	melanogaster	D. melanogaster
Q7KV96	1	U-01	melanogaster	D. melanogaster
Q7KVA0	2	U-02	melanogaster	D. melanogaster
Q7KVA2	1	U-01	melanogaster	D. melanogaster
Q7KVA4	3	U-03	melanogaster	D. melanogaster
Q7KVA5	1	U-01	melanogaster	D. melanogaster
Q7KVA8	1	U-01	melanogaster	D. melanogaster
Q7KVB2	1	U-01	melanogaster	D. melanogaster
Q7KVB3	1	U-01	melanogaster	D. melanogaster
Q7KVB5	1	U-01	melanogaster	D. melanogaster
Q7KVB8	3	U-03	melanogaster	D. melanogaster
Q7KVB9	1	U-01	melanogaster	D. melanogaster
Q7KVC9	2	U-02	melanogaster	D. melanogaster
Q7KVD6	1	U-01	melanogaster	D. melanogaster
Q7KVE8	1	U-01	melanogaster	D. melanogaster
Q7KVF3	1	U-01	melanogaster	D. melanogaster
Q7KVF6	3	U-03	melanogaster	D. melanogaster
Q7KVH1	3	U-03	melanogaster	D. melanogaster
Q7KVI8	1	U-01	melanogaster	D. melanogaster
Q7KVI9	1	U-01	melanogaster	D. melanogaster
Q7KVJ1	1	U-01	melanogaster	D. melanogaster
Q7KVJ2	1	U-01	melanogaster	D. melanogaster
Q7KVJ4	2	U-02	melanogaster	D. melanogaster
Q7KVJ9	1	U-01	melanogaster	D. melanogaster
Q7KVK5	1	U-01	melanogaster	D. melanogaster
Q7KVL2	1	U-01	melanogaster	D. melanogaster
Q7KVL9	1	U-01	melanogaster	D. melanogaster
Q7KVM4	1	U-01	melanogaster	D. melanogaster
Q7KVN3	1	U-01	melanogaster	D. melanogaster
Q7KVN4	1	U-01	melanogaster	D. melanogaster
Q7KVN7	1	U-01	melanogaster	D. melanogaster
Q7KVP0	2	U-02	melanogaster	D. melanogaster
Q7KVP3	1	U-01	melanogaster	D. melanogaster
Q7KVR2	1	U-01	melanogaster	D. melanogaster
Q7KVT8	2	U-02	melanogaster	D. melanogaster
Q7KVV2	1	U-01	melanogaster	D. melanogaster
Q7KVV4	1	U-01	melanogaster	D. melanogaster
Q7KVV8	1	U-01	melanogaster	D. melanogaster
Q7KVV9	1	U-01	melanogaster	D. melanogaster
Q7KVW4	1	U-01	melanogaster	D. melanogaster
Q7KVW9	1	U-01	melanogaster	D. melanogaster
Q9VTJ4	2	U-02	melanogaster	D. melanogaster
Q9VTL5	1	U-01	melanogaster	D. melanogaster
Q9VTM6	2	U-02	melanogaster	D. melanogaster
Q9VTQ3	1	U-01	melanogaster	D. melanogaster
Q9VTR6	1	U-01	melanogaster	D. melanogaster
A1Z6W4	1	U-01	melanogaster	D. melanogaster
A1Z6W5	1	U-01	melanogaster	D. melanogaster
A1Z6Z4	1	U-01	melanogaster	D. melanogaster
A1Z707	1	U-01	melanogaster	D. melanogaster
A1Z709	2	U-02	melanogaster	D. melanogaster
A1Z713	1	U-01	melanogaster	D. melanogaster
A1Z714	1	U-01	melanogaster	D. melanogaster
A1Z724	1	U-01	melanogaster	D. melanogaster
A1Z729	1	U-01	melanogaster	D. melanogaster
A1Z743	1	U-01	melanogaster	D. melanogaster
A1Z745	1	U-01	melanogaster	D. melanogaster
A1Z757	1	U-01	melanogaster	D. melanogaster
A1Z768	1	U-01	melanogaster	D. melanogaster
A1Z769	1	U-01	melanogaster	D. melanogaster
A1Z770	1	U-01	melanogaster	D. melanogaster
A1Z7B6	2	U-02	melanogaster	D. melanogaster
A1Z7C4	2	U-02	melanogaster	D. melanogaster
A1Z7C5	2	U-02	melanogaster	D. melanogaster
A1Z7D1	2	U-02	melanogaster	D. melanogaster
A1Z7D2	2	U-02	melanogaster	D. melanogaster
A1Z7G9	2	U-02	melanogaster	D. melanogaster
A1Z7L1	1	U-01	melanogaster	D. melanogaster
A1Z7M4	2	U-02	melanogaster	D. melanogaster
A1Z7M5	2	U-02	melanogaster	D. melanogaster
A1Z7M7	2	U-02	melanogaster	D. melanogaster
A1Z7Q0	1	U-01	melanogaster	D. melanogaster
A1Z7Q5	1	U-01	melanogaster	D. melanogaster
A1Z7Q8	1	U-01	melanogaster	D. melanogaster
A1Z7R8	1	U-01	melanogaster	D. melanogaster
A1Z7S7	2	U-02	melanogaster	D. melanogaster
A1Z7T8	1	U-01	melanogaster	D. melanogaster
A1Z7U3	3	U-03	melanogaster	D. melanogaster
A1Z7U4	3	U-03	melanogaster	D. melanogaster
A1Z7V0	1	U-01	melanogaster	D. melanogaster
A1Z7V9	1	U-01	melanogaster	D. melanogaster
A1Z7X7	0	unassigned	melanogaster	D. melanogaster
A1Z7Y5	1	U-01	melanogaster	D. melanogaster
A1Z7Y8	1	U-01	melanogaster	D. melanogaster
A1Z7Z6	2	U-02	melanogaster	D. melanogaster
A1Z802	1	U-01	melanogaster	D. melanogaster
A1Z813	1	U-01	melanogaster	D. melanogaster
A1Z833	3	U-03	melanogaster	D. melanogaster
A1Z838	3	U-03	melanogaster	D. melanogaster
A1Z863	2	U-02	melanogaster	D. melanogaster
A1Z866	1	U-01	melanogaster	D. melanogaster
A1Z867	1	U-01	melanogaster	D. melanogaster
A1Z869	1	U-01	melanogaster	D. melanogaster
A1Z870	1	U-01	melanogaster	D. melanogaster
A1Z871	1	U-01	melanogaster	D. melanogaster
A1Z872	1	U-01	melanogaster	D. melanogaster
A1Z893	1	U-01	melanogaster	D. melanogaster
A1Z8B7	1	U-01	melanogaster	D. melanogaster
A1Z8C3	1	U-01	melanogaster	D. melanogaster
A1Z8C4	1	U-01	melanogaster	D. melanogaster
A1Z8D1	1	U-01	melanogaster	D. melanogaster
A1Z8D3	1	U-01	melanogaster	D. melanogaster
A1Z8E9	1	U-01	melanogaster	D. melanogaster
A1Z8G0	1	U-01	melanogaster	D. melanogaster
A1Z8I0	1	U-01	melanogaster	D. melanogaster
A1Z8J1	1	U-01	melanogaster	D. melanogaster
A1Z8J3	2	U-02	melanogaster	D. melanogaster
A1Z8J4	2	U-02	melanogaster	D. melanogaster
A1Z8J5	1	U-01	melanogaster	D. melanogaster
A1Z8J7	0	unassigned	melanogaster	D. melanogaster
A1Z8J8	0	unassigned	melanogaster	D. melanogaster
A1Z8N7	1	U-01	melanogaster	D. melanogaster
A1Z8P2	0	unassigned	melanogaster	D. melanogaster
A1Z8Q3	1	U-01	melanogaster	D. melanogaster
A1Z8Q7	1	U-01	melanogaster	D. melanogaster
A1Z8Q9	1	U-01	melanogaster	D. melanogaster
A1Z8R1	1	U-01	melanogaster	D. melanogaster
A1Z8R6	2	U-02	melanogaster	D. melanogaster
A1Z8S4	2	U-02	melanogaster	D. melanogaster
A1Z8S6	1	U-01	melanogaster	D. melanogaster
A1Z8U4	1	U-01	melanogaster	D. melanogaster
A1Z909	1	U-01	melanogaster	D. melanogaster
A1Z913	1	U-01	melanogaster	D. melanogaster
A1Z932	1	U-01	melanogaster	D. melanogaster
A1Z933	1	U-01	melanogaster	D. melanogaster
A1Z935	3	U-03	melanogaster	D. melanogaster
A1Z936	3	U-03	melanogaster	D. melanogaster
A1Z942	1	U-01	melanogaster	D. melanogaster
A1Z943	1	U-01	melanogaster	D. melanogaster
A1Z944	1	U-01	melanogaster	D. melanogaster
A1Z949	1	U-01	melanogaster	D. melanogaster
A1Z957	2	U-02	melanogaster	D. melanogaster
A1Z968	1	U-01	melanogaster	D. melanogaster
A1Z971	1	U-01	melanogaster	D. melanogaster
A1Z992	1	U-01	melanogaster	D. melanogaster
A1Z996	1	U-01	melanogaster	D. melanogaster
A1Z9A8	1	U-01	melanogaster	D. melanogaster
A1Z9C7	1	U-01	melanogaster	D. melanogaster
A1Z9D1	0	unassigned	melanogaster	D. melanogaster
A1Z9D5	2	U-02	melanogaster	D. melanogaster
M9PDS6	1	U-01	melanogaster	D. melanogaster
Q9VWJ0	3	U-03	melanogaster	D. melanogaster
Q9VWJ2	3	U-03	melanogaster	D. melanogaster
Q9VWJ3	1	U-01	melanogaster	D. melanogaster
Q9VWK2	1	U-01	melanogaster	D. melanogaster
Q9VWK3	1	U-01	melanogaster	D. melanogaster
Q9VWK6	3	U-03	melanogaster	D. melanogaster
Q9VWL0	1	U-01	melanogaster	D. melanogaster
Q9VWL4	1	U-01	melanogaster	D. melanogaster
A0A0B4JCR7	1	U-01	melanogaster	D. melanogaster
A0A0B4JCR8	3	U-03	melanogaster	D. melanogaster
A0A0B4JCR9	1	U-01	melanogaster	D. melanogaster
A0A0B4JCS4	0	unassigned	melanogaster	D. melanogaster
A0A0B4JCS8	1	U-01	melanogaster	D. melanogaster
A0A0B4JCT3	1	U-01	melanogaster	D. melanogaster
A0A0B4JCT9	1	U-01	melanogaster	D. melanogaster
A0A0B4JCU2	3	U-03	melanogaster	D. melanogaster
A0A0B4JCU5	2	U-02	melanogaster	D. melanogaster
A0A0B4JCU6	3	U-03	melanogaster	D. melanogaster
A0A0B4JCV0	1	U-01	melanogaster	D. melanogaster
A0A0B4JCV2	1	U-01	melanogaster	D. melanogaster
A0A0B4JCV9	1	U-01	melanogaster	D. melanogaster
A0A0B4JCW2	1	U-01	melanogaster	D. melanogaster
A0A0B4JCX8	1	U-01	melanogaster	D. melanogaster
A0A0B4JCY2	1	U-01	melanogaster	D. melanogaster
A0A0B4JCY7	1	U-01	melanogaster	D. melanogaster
A0A0B4JCY8	2	U-02	melanogaster	D. melanogaster
A0A0B4JCY9	2	U-02	melanogaster	D. melanogaster
A0A0B4JCZ1	1	U-01	melanogaster	D. melanogaster
A0A0B4JCZ3	1	U-01	melanogaster	D. melanogaster
A0A0B4JD04	2	U-02	melanogaster	D. melanogaster
A0A0B4JD08	1	U-01	melanogaster	D. melanogaster
A0A0B4JD12	1	U-01	melanogaster	D. melanogaster
A0A0B4JD18	1	U-01	melanogaster	D. melanogaster
A0A0B4JD24	1	U-01	melanogaster	D. melanogaster
A0A0B4JD30	1	U-01	melanogaster	D. melanogaster
A0A0B4JD32	1	U-01	melanogaster	D. melanogaster
A0A0B4JD34	1	U-01	melanogaster	D. melanogaster
A0A0B4JD35	1	U-01	melanogaster	D. melanogaster
A0A0B4JD61	1	U-01	melanogaster	D. melanogaster
A0A0B4JD67	1	U-01	melanogaster	D. melanogaster
A0A0B4JD68	1	U-01	melanogaster	D. melanogaster
A0A0B4JD69	1	U-01	melanogaster	D. melanogaster
A0A0B4JD70	1	U-01	melanogaster	D. melanogaster
A0A0B4JD83	1	U-01	melanogaster	D. melanogaster
A0A0B4JD85	3	U-03	melanogaster	D. melanogaster
A0A0B4JD86	3	U-03	melanogaster	D. melanogaster
A0A0B4JD88	1	U-01	melanogaster	D. melanogaster
A0A0B4JDA3	1	U-01	melanogaster	D. melanogaster
A0A0B4JDA5	3	U-03	melanogaster	D. melanogaster
A0A0B4JDA6	1	U-01	melanogaster	D. melanogaster
A0A0B4JDB3	1	U-01	melanogaster	D. melanogaster
A0A0B4JDB4	1	U-01	melanogaster	D. melanogaster
A0A0B4JDC3	1	U-01	melanogaster	D. melanogaster
A0A0B4JDC5	1	U-01	melanogaster	D. melanogaster
A0A0B4JDD5	1	U-01	melanogaster	D. melanogaster
A0A0B4JDD6	2	U-02	melanogaster	D. melanogaster
A0A0B4JDD7	1	U-01	melanogaster	D. melanogaster
A0A0B4JDE0	1	U-01	melanogaster	D. melanogaster
A0A0B4JDE2	1	U-01	melanogaster	D. melanogaster
A0A0B4JDE5	2	U-02	melanogaster	D. melanogaster
A0A0B4JDE6	0	unassigned	melanogaster	D. melanogaster
A0A0B4JDF8	1	U-01	melanogaster	D. melanogaster
A0A0B4JDG0	1	U-01	melanogaster	D. melanogaster
A0A0B4JDG3	1	U-01	melanogaster	D. melanogaster
A0A0B4JDH2	1	U-01	melanogaster	D. melanogaster
A0A0B4K605	1	U-01	melanogaster	D. melanogaster
A0A0B4K611	1	U-01	melanogaster	D. melanogaster
A0A0B4K646	1	U-01	melanogaster	D. melanogaster
A0A0B4K650	2	U-02	melanogaster	D. melanogaster
A0A0B4K658	1	U-01	melanogaster	D. melanogaster
A0A0B4K670	1	U-01	melanogaster	D. melanogaster
A0A0B4K671	1	U-01	melanogaster	D. melanogaster
A0A0B4K675	0	unassigned	melanogaster	D. melanogaster
A0A0B4K684	1	U-01	melanogaster	D. melanogaster
A0A0B4K696	1	U-01	melanogaster	D. melanogaster
A0A0B4K6A1	1	U-01	melanogaster	D. melanogaster
A0A0B4K6A4	1	U-01	melanogaster	D. melanogaster
A0A0B4K6A7	1	U-01	melanogaster	D. melanogaster
A0A0B4K6A8	2	U-02	melanogaster	D. melanogaster
A0A0B4K6B2	1	U-01	melanogaster	D. melanogaster
A0A0B4K6C0	2	U-02	melanogaster	D. melanogaster
A0A0B4K6E4	1	U-01	melanogaster	D. melanogaster
A0A0B4K6E6	1	U-01	melanogaster	D. melanogaster
A0A0B4K6G0	1	U-01	melanogaster	D. melanogaster
A0A0B4K6G6	1	U-01	melanogaster	D. melanogaster
A0A0B4K6G7	1	U-01	melanogaster	D. melanogaster
A0A0B4K6I0	1	U-01	melanogaster	D. melanogaster
A0A0B4K6I5	3	U-03	melanogaster	D. melanogaster
A0A0B4K6J9	0	unassigned	melanogaster	D. melanogaster
A0A0B4K6K4	1	U-01	melanogaster	D. melanogaster
A0A0B4K6K5	1	U-01	melanogaster	D. melanogaster
A0A0B4K6L0	1	U-01	melanogaster	D. melanogaster
A0A0B4K6L2	1	U-01	melanogaster	D. melanogaster
A0A0B4K6L9	2	U-02	melanogaster	D. melanogaster
A0A0B4K6M8	1	U-01	melanogaster	D. melanogaster
A0A0B4K6P7	1	U-01	melanogaster	D. melanogaster
A0A0B4K6Q0	1	U-01	melanogaster	D. melanogaster
A0A0B4K6Q4	0	unassigned	melanogaster	D. melanogaster
A0A0B4K6Q8	1	U-01	melanogaster	D. melanogaster
A0A0B4K6S0	0	unassigned	melanogaster	D. melanogaster
Q8IPW2	1	U-01	melanogaster	D. melanogaster
Q8IPX7	1	U-01	melanogaster	D. melanogaster
Q8IPZ3	1	U-01	melanogaster	D. melanogaster
Q8IQ27	1	U-01	melanogaster	D. melanogaster
Q8IQ70	1	U-01	melanogaster	D. melanogaster
Q8IQ91	1	U-01	melanogaster	D. melanogaster
Q8IQ95	1	U-01	melanogaster	D. melanogaster
Q8IQ96	1	U-01	melanogaster	D. melanogaster
Q8IQ97	1	U-01	melanogaster	D. melanogaster
Q8IQA6	1	U-01	melanogaster	D. melanogaster
Q8IQF1	1	U-01	melanogaster	D. melanogaster
Q8IQG1	1	U-01	melanogaster	D. melanogaster
Q8IQG9	1	U-01	melanogaster	D. melanogaster
Q8IQN4	0	unassigned	melanogaster	D. melanogaster
Q8IQQ4	1	U-01	melanogaster	D. melanogaster
Q8IR23	1	U-01	melanogaster	D. melanogaster
Q8IR54	0	unassigned	melanogaster	D. melanogaster
Q8IR55	0	unassigned	melanogaster	D. melanogaster
Q8IR69	1	U-01	melanogaster	D. melanogaster
Q8IR93	1	U-01	melanogaster	D. melanogaster
Q8IR99	1	U-01	melanogaster	D. melanogaster
Q8IRB5	1	U-01	melanogaster	D. melanogaster
Q8IRC7	1	U-01	melanogaster	D. melanogaster
Q8IRD3	1	U-01	melanogaster	D. melanogaster
Q8IRD5	1	U-01	melanogaster	D. melanogaster
Q8IRG6	1	U-01	melanogaster	D. melanogaster
Q8IRH5	1	U-01	melanogaster	D. melanogaster
Q8IRI4	1	U-01	melanogaster	D. melanogaster
Q8IRI5	1	U-01	melanogaster	D. melanogaster
Q8IRI6	1	U-01	melanogaster	D. melanogaster
Q8IRJ8	1	U-01	melanogaster	D. melanogaster
Q8IRL4	2	U-02	melanogaster	D. melanogaster
Q8IRL9	1	U-01	melanogaster	D. melanogaster
Q8IRT7	1	U-01	melanogaster	D. melanogaster
Q8IRT8	1	U-01	melanogaster	D. melanogaster
Q8IRU4	1	U-01	melanogaster	D. melanogaster
Q8IRV7	2	U-02	melanogaster	D. melanogaster
Q8IRV8	2	U-02	melanogaster	D. melanogaster
Q8IRV9	2	U-02	melanogaster	D. melanogaster
Q8IRW8	1	U-01	melanogaster	D. melanogaster
Q8IRX4	1	U-01	melanogaster	D. melanogaster
Q8IS44	1	U-01	melanogaster	D. melanogaster
Q8ITC7	3	U-03	melanogaster	D. melanogaster
Q8ITC9	3	U-03	melanogaster	D. melanogaster
Q8MKW7	1	U-01	melanogaster	D. melanogaster
Q8ML92	1	U-01	melanogaster	D. melanogaster
Q8MLP1	0	unassigned	melanogaster	D. melanogaster
Q8MLR4	1	U-01	melanogaster	D. melanogaster
Q8MLV1	3	U-03	melanogaster	D. melanogaster
Q8MLW0	2	U-02	melanogaster	D. melanogaster
Q8MLW7	1	U-01	melanogaster	D. melanogaster
Q9VWC8	1	U-01	melanogaster	D. melanogaster
Q9VWE0	2	U-02	melanogaster	D. melanogaster
Q9VWF4	1	U-01	melanogaster	D. melanogaster
Q9VWI1	1	U-01	melanogaster	D. melanogaster
Q9VWI9	0	unassigned	melanogaster	D. melanogaster
Q9VWJ6	1	U-01	melanogaster	D. melanogaster
Q9VWK5	1	U-01	melanogaster	D. melanogaster
Q9VWN4	0	unassigned	melanogaster	D. melanogaster
Q9VWP4	1	U-01	melanogaster	D. melanogaster
Q9VWQ2	1	U-01	melanogaster	D. melanogaster
Q9VWS0	1	U-01	melanogaster	D. melanogaster
Q9VWS4	2	U-02	melanogaster	D. melanogaster
Q9VWU1	2	U-02	melanogaster	D. melanogaster
Q9VWW0	1	U-01	melanogaster	D. melanogaster
Q9VWW4	1	U-01	melanogaster	D. melanogaster
Q9VWX2	0	unassigned	melanogaster	D. melanogaster
Q9VWX8	1	U-01	melanogaster	D. melanogaster
Q9VX06	1	U-01	melanogaster	D. melanogaster
Q9VX31	1	U-01	melanogaster	D. melanogaster
Q9VX32	1	U-01	melanogaster	D. melanogaster
Q9VX75	1	U-01	melanogaster	D. melanogaster
Q9VXA0	1	U-01	melanogaster	D. melanogaster
Q9VXE0	1	U-01	melanogaster	D. melanogaster
Q9VXE3	1	U-01	melanogaster	D. melanogaster
Q9VXE5	1	U-01	melanogaster	D. melanogaster
Q9VXE6	1	U-01	melanogaster	D. melanogaster
Q9VXE9	1	U-01	melanogaster	D. melanogaster
Q9VXG1	1	U-01	melanogaster	D. melanogaster
Q9VXG8	1	U-01	melanogaster	D. melanogaster
Q9VXH3	1	U-01	melanogaster	D. melanogaster
Q9VXN2	1	U-01	melanogaster	D. melanogaster
Q9VXU8	1	U-01	melanogaster	D. melanogaster
Q9VXW7	1	U-01	melanogaster	D. melanogaster
Q9VXY2	1	U-01	melanogaster	D. melanogaster
Q9VXY7	3	U-03	melanogaster	D. melanogaster
Q9VY43	0	unassigned	melanogaster	D. melanogaster
Q9VY44	1	U-01	melanogaster	D. melanogaster
Q9VY72	1	U-01	melanogaster	D. melanogaster
Q9VY77	1	U-01	melanogaster	D. melanogaster
Q9VY78	1	U-01	melanogaster	D. melanogaster
Q9VY99	1	U-01	melanogaster	D. melanogaster
Q9VYB0	1	U-01	melanogaster	D. melanogaster
Q9VYC7	2	U-02	melanogaster	D. melanogaster
Q9VYE7	1	U-01	melanogaster	D. melanogaster
Q9VYG2	1	U-01	melanogaster	D. melanogaster
Q9VYI0	1	U-01	melanogaster	D. melanogaster
Q9VYM3	1	U-01	melanogaster	D. melanogaster
Q9VYN8	2	U-02	melanogaster	D. melanogaster
Q9VYQ8	1	U-01	melanogaster	D. melanogaster
B7YZL4	1	U-01	melanogaster	D. melanogaster
B7YZN1	1	U-01	melanogaster	D. melanogaster
B7YZN3	1	U-01	melanogaster	D. melanogaster
B7YZN4	1	U-01	melanogaster	D. melanogaster
B7YZN6	1	U-01	melanogaster	D. melanogaster
B7YZN9	1	U-01	melanogaster	D. melanogaster
B7YZS3	1	U-01	melanogaster	D. melanogaster
B7YZV0	1	U-01	melanogaster	D. melanogaster
B7YZX3	1	U-01	melanogaster	D. melanogaster
B7YZX7	1	U-01	melanogaster	D. melanogaster
B7YZX8	1	U-01	melanogaster	D. melanogaster
B7YZY6	1	U-01	melanogaster	D. melanogaster
B7YZZ0	3	U-03	melanogaster	D. melanogaster
B7Z005	0	unassigned	melanogaster	D. melanogaster
B7Z016	0	unassigned	melanogaster	D. melanogaster
B7Z017	1	U-01	melanogaster	D. melanogaster
B7Z035	1	U-01	melanogaster	D. melanogaster
B7Z047	1	U-01	melanogaster	D. melanogaster
B7Z059	1	U-01	melanogaster	D. melanogaster
B7Z064	3	U-03	melanogaster	D. melanogaster
B7Z071	1	U-01	melanogaster	D. melanogaster
B7Z079	1	U-01	melanogaster	D. melanogaster
B7Z085	3	U-03	melanogaster	D. melanogaster
B7Z093	1	U-01	melanogaster	D. melanogaster
B7Z094	1	U-01	melanogaster	D. melanogaster
B7Z0A0	0	unassigned	melanogaster	D. melanogaster
B7Z0A2	3	U-03	melanogaster	D. melanogaster
B7Z0B5	1	U-01	melanogaster	D. melanogaster
B7Z0B6	1	U-01	melanogaster	D. melanogaster
B7Z0B7	1	U-01	melanogaster	D. melanogaster
B7Z0B8	1	U-01	melanogaster	D. melanogaster
B7Z0B9	1	U-01	melanogaster	D. melanogaster
B7Z0C3	2	U-02	melanogaster	D. melanogaster
B7Z0C5	1	U-01	melanogaster	D. melanogaster
B7Z0C9	1	U-01	melanogaster	D. melanogaster
B7Z0E3	1	U-01	melanogaster	D. melanogaster
B7Z0G8	0	unassigned	melanogaster	D. melanogaster
B7Z0H4	1	U-01	melanogaster	D. melanogaster
B7Z0I1	3	U-03	melanogaster	D. melanogaster
B7Z0I5	1	U-01	melanogaster	D. melanogaster
B7Z0K4	1	U-01	melanogaster	D. melanogaster
B7Z0N0	1	U-01	melanogaster	D. melanogaster
B7Z0N9	1	U-01	melanogaster	D. melanogaster
B7Z0P3	1	U-01	melanogaster	D. melanogaster
B7Z0Q0	0	unassigned	melanogaster	D. melanogaster
B7Z0R9	0	unassigned	melanogaster	D. melanogaster
B7Z0S7	3	U-03	melanogaster	D. melanogaster
B7Z0S8	3	U-03	melanogaster	D. melanogaster
B7Z0V2	3	U-03	melanogaster	D. melanogaster
B7Z0V5	1	U-01	melanogaster	D. melanogaster
B7Z0V8	1	U-01	melanogaster	D. melanogaster
B7Z0X9	1	U-01	melanogaster	D. melanogaster
B7Z0Z8	1	U-01	melanogaster	D. melanogaster
B7Z101	1	U-01	melanogaster	D. melanogaster
B7Z110	1	U-01	melanogaster	D. melanogaster
B7Z116	1	U-01	melanogaster	D. melanogaster
B7Z137	3	U-03	melanogaster	D. melanogaster
B7Z148	1	U-01	melanogaster	D. melanogaster
B8BPV4	1	U-01	melanogaster	D. melanogaster
B8K3A5	1	U-01	melanogaster	D. melanogaster
B9A0N7	1	U-01	melanogaster	D. melanogaster
C0HK94	0	unassigned	melanogaster	D. melanogaster
D1YSF8	1	U-01	melanogaster	D. melanogaster
D1YSG5	1	U-01	melanogaster	D. melanogaster
D2A6J2	1	U-01	melanogaster	D. melanogaster
D2A6J3	1	U-01	melanogaster	D. melanogaster
D2A6J9	1	U-01	melanogaster	D. melanogaster
D2A6L3	2	U-02	melanogaster	D. melanogaster
E1JGK1	1	U-01	melanogaster	D. melanogaster
E1JGK3	2	U-02	melanogaster	D. melanogaster
E1JGK8	3	U-03	melanogaster	D. melanogaster
E1JGN3	1	U-01	melanogaster	D. melanogaster
E1JGN8	1	U-01	melanogaster	D. melanogaster
E1JGQ7	1	U-01	melanogaster	D. melanogaster
E1JGR3	3	U-03	melanogaster	D. melanogaster
E1JGR6	1	U-01	melanogaster	D. melanogaster
E1JGT2	1	U-01	melanogaster	D. melanogaster
E1JGT6	1	U-01	melanogaster	D. melanogaster
E1JGV4	1	U-01	melanogaster	D. melanogaster
E1JGW0	2	U-02	melanogaster	D. melanogaster
E1JGX1	1	U-01	melanogaster	D. melanogaster
E1JGZ3	0	unassigned	melanogaster	D. melanogaster
E1JGZ6	1	U-01	melanogaster	D. melanogaster
E1JH00	1	U-01	melanogaster	D. melanogaster
E1JH07	1	U-01	melanogaster	D. melanogaster
E1JH12	1	U-01	melanogaster	D. melanogaster
E1JH14	2	U-02	melanogaster	D. melanogaster
E1JH23	1	U-01	melanogaster	D. melanogaster
E1JH37	3	U-03	melanogaster	D. melanogaster
E1JH38	3	U-03	melanogaster	D. melanogaster
E1JH44	1	U-01	melanogaster	D. melanogaster
E1JH48	1	U-01	melanogaster	D. melanogaster
Q6IG50	1	U-01	melanogaster	D. melanogaster
Q6IG51	1	U-01	melanogaster	D. melanogaster
Q6IG52	2	U-02	melanogaster	D. melanogaster
Q6IG77	1	U-01	melanogaster	D. melanogaster
Q6IG80	2	U-02	melanogaster	D. melanogaster
Q6IGA4	1	U-01	melanogaster	D. melanogaster
Q6IGD9	3	U-03	melanogaster	D. melanogaster
Q6IGE2	1	U-01	melanogaster	D. melanogaster
Q9VXF0	1	U-01	melanogaster	D. melanogaster
Q9VXF4	1	U-01	melanogaster	D. melanogaster
Q9VXH4	3	U-03	melanogaster	D. melanogaster
Q9VXH5	1	U-01	melanogaster	D. melanogaster
Q9VXH7	2	U-02	melanogaster	D. melanogaster
Q9VXJ3	1	U-01	melanogaster	D. melanogaster
Q9VXJ7	1	U-01	melanogaster	D. melanogaster
Q9VXJ8	1	U-01	melanogaster	D. melanogaster
Q9VXK3	1	U-01	melanogaster	D. melanogaster
Q9VXM6	1	U-01	melanogaster	D. melanogaster
Q9VXQ1	1	U-01	melanogaster	D. melanogaster
Q9VXQ8	1	U-01	melanogaster	D. melanogaster
Q9VXR2	1	U-01	melanogaster	D. melanogaster
Q9VXR4	1	U-01	melanogaster	D. melanogaster
Q9VXR9	1	U-01	melanogaster	D. melanogaster
Q9VXS2	1	U-01	melanogaster	D. melanogaster
Q9VXS3	1	U-01	melanogaster	D. melanogaster
Q9VXS4	1	U-01	melanogaster	D. melanogaster
Q9VXT0	1	U-01	melanogaster	D. melanogaster
Q9VXU3	1	U-01	melanogaster	D. melanogaster
Q9VXU4	1	U-01	melanogaster	D. melanogaster
Q9VXU5	1	U-01	melanogaster	D. melanogaster
Q9VXU9	2	U-02	melanogaster	D. melanogaster
Q9VXV1	1	U-01	melanogaster	D. melanogaster
Q9VXV2	1	U-01	melanogaster	D. melanogaster
Q9VXW5	1	U-01	melanogaster	D. melanogaster
Q9VXX0	1	U-01	melanogaster	D. melanogaster
Q9VXX2	1	U-01	melanogaster	D. melanogaster
Q9VXY4	1	U-01	melanogaster	D. melanogaster
Q9VXZ7	3	U-03	melanogaster	D. melanogaster
Q9VY03	1	U-01	melanogaster	D. melanogaster
Q9VY14	1	U-01	melanogaster	D. melanogaster
Q9VY30	1	U-01	melanogaster	D. melanogaster
Q9VY31	1	U-01	melanogaster	D. melanogaster
Q9VY41	3	U-03	melanogaster	D. melanogaster
Q9VY49	2	U-02	melanogaster	D. melanogaster
Q9VY52	1	U-01	melanogaster	D. melanogaster
Q9VY57	1	U-01	melanogaster	D. melanogaster
Q9VY59	1	U-01	melanogaster	D. melanogaster
Q9VY61	1	U-01	melanogaster	D. melanogaster
Q9VY62	1	U-01	melanogaster	D. melanogaster
Q9VY64	0	unassigned	melanogaster	D. melanogaster
Q9VY68	1	U-01	melanogaster	D. melanogaster
Q9VY92	1	U-01	melanogaster	D. melanogaster
Q9VYA1	1	U-01	melanogaster	D. melanogaster
Q9VYA2	3	U-03	melanogaster	D. melanogaster
Q9VYA3	1	U-01	melanogaster	D. melanogaster
Q9VYA9	1	U-01	melanogaster	D. melanogaster
Q9VYB9	1	U-01	melanogaster	D. melanogaster
Q9VYC0	2	U-02	melanogaster	D. melanogaster
Q9VYC2	2	U-02	melanogaster	D. melanogaster
Q9VYC3	2	U-02	melanogaster	D. melanogaster
Q9VYF0	1	U-01	melanogaster	D. melanogaster
Q9VYF5	1	U-01	melanogaster	D. melanogaster
Q9VYG8	1	U-01	melanogaster	D. melanogaster
Q9VYI4	1	U-01	melanogaster	D. melanogaster
Q9VYI7	1	U-01	melanogaster	D. melanogaster
Q9VYI8	1	U-01	melanogaster	D. melanogaster
Q9VYJ8	1	U-01	melanogaster	D. melanogaster
Q9VYK9	1	U-01	melanogaster	D. melanogaster
Q9VYM2	1	U-01	melanogaster	D. melanogaster
Q9VYM9	1	U-01	melanogaster	D. melanogaster
Q9VYN0	1	U-01	melanogaster	D. melanogaster
Q9VYP5	1	U-01	melanogaster	D. melanogaster
Q9VYP9	1	U-01	melanogaster	D. melanogaster
Q9VYR5	1	U-01	melanogaster	D. melanogaster
Q9VYT2	1	U-01	melanogaster	D. melanogaster
Q9VYT7	1	U-01	melanogaster	D. melanogaster
Q9VYT9	0	unassigned	melanogaster	D. melanogaster
Q9VYU5	2	U-02	melanogaster	D. melanogaster
Q9VYV0	3	U-03	melanogaster	D. melanogaster
Q9VYW7	1	U-01	melanogaster	D. melanogaster
Q9VYZ3	1	U-01	melanogaster	D. melanogaster
Q9VZ00	1	U-01	melanogaster	D. melanogaster
Q9VZ02	0	unassigned	melanogaster	D. melanogaster
Q9VZ03	1	U-01	melanogaster	D. melanogaster
Q9VZ12	1	U-01	melanogaster	D. melanogaster
Q9VZ15	1	U-01	melanogaster	D. melanogaster
Q9VZ17	1	U-01	melanogaster	D. melanogaster
Q9VZ18	1	U-01	melanogaster	D. melanogaster
Q9VZ24	2	U-02	melanogaster	D. melanogaster
Q9VZ26	2	U-02	melanogaster	D. melanogaster
Q9VZ30	1	U-01	melanogaster	D. melanogaster
Q9VZ38	1	U-01	melanogaster	D. melanogaster
Q9VZ39	1	U-01	melanogaster	D. melanogaster
Q9VZ54	1	U-01	melanogaster	D. melanogaster
O02193	1	U-01	melanogaster	D. melanogaster
O02194	1	U-01	melanogaster	D. melanogaster
O02372	0	unassigned	melanogaster	D. melanogaster
O02373	1	U-01	melanogaster	D. melanogaster
O15943	2	U-02	melanogaster	D. melanogaster
O15971	1	U-01	melanogaster	D. melanogaster
O16011	1	U-01	melanogaster	D. melanogaster
O16102	1	U-01	melanogaster	D. melanogaster
O16117	1	U-01	melanogaster	D. melanogaster
O16829	1	U-01	melanogaster	D. melanogaster
O16867	1	U-01	melanogaster	D. melanogaster
O17432	1	U-01	melanogaster	D. melanogaster
O17468	1	U-01	melanogaster	D. melanogaster
O18332	1	U-01	melanogaster	D. melanogaster
A0A0B4KG99	1	U-01	melanogaster	D. melanogaster
A0A0B4KGA1	0	unassigned	melanogaster	D. melanogaster
A0A0B4KGB1	1	U-01	melanogaster	D. melanogaster
A0A0B4KGC3	1	U-01	melanogaster	D. melanogaster
A0A0B4KGC5	1	U-01	melanogaster	D. melanogaster
A0A0B4KGC8	1	U-01	melanogaster	D. melanogaster
A0A0B4KGD5	1	U-01	melanogaster	D. melanogaster
A0A0B4KGD6	0	unassigned	melanogaster	D. melanogaster
A0A0B4KGD7	1	U-01	melanogaster	D. melanogaster
A0A0B4KGD9	1	U-01	melanogaster	D. melanogaster
A0A0B4KGF0	1	U-01	melanogaster	D. melanogaster
A0A0B4KGF3	1	U-01	melanogaster	D. melanogaster
A0A0B4KGF6	1	U-01	melanogaster	D. melanogaster
A0A0B4KGF7	2	U-02	melanogaster	D. melanogaster
A0A0B4KGG2	1	U-01	melanogaster	D. melanogaster
A0A0B4KGG6	3	U-03	melanogaster	D. melanogaster
A0A0B4KGH4	3	U-03	melanogaster	D. melanogaster
A0A0B4KGJ1	1	U-01	melanogaster	D. melanogaster
A0A0B4KGK3	1	U-01	melanogaster	D. melanogaster
A0A0B4KGL2	1	U-01	melanogaster	D. melanogaster
A0A0B4KGL8	1	U-01	melanogaster	D. melanogaster
A0A0B4KGL9	2	U-02	melanogaster	D. melanogaster
A0A0B4KGM4	1	U-01	melanogaster	D. melanogaster
A0A0B4KGM9	1	U-01	melanogaster	D. melanogaster
A0A0B4KGN4	1	U-01	melanogaster	D. melanogaster
A0A0B4KGP2	1	U-01	melanogaster	D. melanogaster
A0A0B4KGP3	3	U-03	melanogaster	D. melanogaster
A0A0B4KGP4	2	U-02	melanogaster	D. melanogaster
A0A0B4KGP7	2	U-02	melanogaster	D. melanogaster
A0A0B4KGQ0	1	U-01	melanogaster	D. melanogaster
A0A0B4KGR5	2	U-02	melanogaster	D. melanogaster
A0A0B4KGR6	0	unassigned	melanogaster	D. melanogaster
A0A0B4KGS7	1	U-01	melanogaster	D. melanogaster
A0A0B4KGT7	1	U-01	melanogaster	D. melanogaster
A0A0B4KGU0	1	U-01	melanogaster	D. melanogaster
A0A0B4KGU8	1	U-01	melanogaster	D. melanogaster
A0A0B4KGU9	1	U-01	melanogaster	D. melanogaster
A0A0B4KGV4	1	U-01	melanogaster	D. melanogaster
A0A0B4KGW3	3	U-03	melanogaster	D. melanogaster
A0A0B4KGW7	1	U-01	melanogaster	D. melanogaster
A0A0B4KGY1	1	U-01	melanogaster	D. melanogaster
A0A0B4KH26	1	U-01	melanogaster	D. melanogaster
A0A0B4KH34	1	U-01	melanogaster	D. melanogaster
A0A0B4KH40	3	U-03	melanogaster	D. melanogaster
A0A0B4KH44	3	U-03	melanogaster	D. melanogaster
A0A0B4KH49	1	U-01	melanogaster	D. melanogaster
A0A0B4KH50	2	U-02	melanogaster	D. melanogaster
A0A0B4KH60	1	U-01	melanogaster	D. melanogaster
A0A0B4KH70	1	U-01	melanogaster	D. melanogaster
A1Z9F0	1	U-01	melanogaster	D. melanogaster
A1Z9F1	1	U-01	melanogaster	D. melanogaster
A1Z9F2	1	U-01	melanogaster	D. melanogaster
A1Z9F5	1	U-01	melanogaster	D. melanogaster
A1Z9F6	1	U-01	melanogaster	D. melanogaster
A1Z9F8	1	U-01	melanogaster	D. melanogaster
A1Z9G1	1	U-01	melanogaster	D. melanogaster
A1Z9G5	2	U-02	melanogaster	D. melanogaster
A1Z9G6	1	U-01	melanogaster	D. melanogaster
A1Z9G9	1	U-01	melanogaster	D. melanogaster
A1Z9H4	2	U-02	melanogaster	D. melanogaster
A1Z9H9	2	U-02	melanogaster	D. melanogaster
A1Z9I4	2	U-02	melanogaster	D. melanogaster
A1Z9J6	1	U-01	melanogaster	D. melanogaster
A1Z9J8	1	U-01	melanogaster	D. melanogaster
A1Z9K0	1	U-01	melanogaster	D. melanogaster
A1Z9L0	1	U-01	melanogaster	D. melanogaster
A1Z9L2	1	U-01	melanogaster	D. melanogaster
A1Z9L5	1	U-01	melanogaster	D. melanogaster
A1Z9L9	3	U-03	melanogaster	D. melanogaster
A1Z9M0	3	U-03	melanogaster	D. melanogaster
A1Z9M3	1	U-01	melanogaster	D. melanogaster
A1Z9M4	1	U-01	melanogaster	D. melanogaster
A1Z9Q1	2	U-02	melanogaster	D. melanogaster
A1Z9Q2	2	U-02	melanogaster	D. melanogaster
A1Z9Q3	2	U-02	melanogaster	D. melanogaster
A1Z9Q4	2	U-02	melanogaster	D. melanogaster
A1Z9Q5	2	U-02	melanogaster	D. melanogaster
A1Z9Q6	2	U-02	melanogaster	D. melanogaster
A1Z9R1	1	U-01	melanogaster	D. melanogaster
A1Z9R6	1	U-01	melanogaster	D. melanogaster
A1Z9R8	2	U-02	melanogaster	D. melanogaster
A1Z9S8	1	U-01	melanogaster	D. melanogaster
A1Z9S9	1	U-01	melanogaster	D. melanogaster
A1Z9T4	1	U-01	melanogaster	D. melanogaster
A1Z9U2	0	unassigned	melanogaster	D. melanogaster
A1Z9U5	3	U-03	melanogaster	D. melanogaster
A1Z9U6	1	U-01	melanogaster	D. melanogaster
A1Z9U8	1	U-01	melanogaster	D. melanogaster
A1Z9V0	1	U-01	melanogaster	D. melanogaster
A1Z9V3	1	U-01	melanogaster	D. melanogaster
A1Z9V7	1	U-01	melanogaster	D. melanogaster
A1Z9V8	1	U-01	melanogaster	D. melanogaster
A1Z9W3	1	U-01	melanogaster	D. melanogaster
A1Z9W6	1	U-01	melanogaster	D. melanogaster
A1Z9X5	2	U-02	melanogaster	D. melanogaster
A1Z9Y5	0	unassigned	melanogaster	D. melanogaster
A1Z9Z3	1	U-01	melanogaster	D. melanogaster
A1Z9Z7	1	U-01	melanogaster	D. melanogaster
A1ZA03	1	U-01	melanogaster	D. melanogaster
A1ZA14	0	unassigned	melanogaster	D. melanogaster
X2JDL1	1	U-01	melanogaster	D. melanogaster
X2JDL7	1	U-01	melanogaster	D. melanogaster
X2JDQ3	1	U-01	melanogaster	D. melanogaster
X2JDU8	1	U-01	melanogaster	D. melanogaster
X2JDX7	1	U-01	melanogaster	D. melanogaster
X2JE28	1	U-01	melanogaster	D. melanogaster
X2JE45	1	U-01	melanogaster	D. melanogaster
X2JE64	1	U-01	melanogaster	D. melanogaster
M9NGZ2	1	U-01	melanogaster	D. melanogaster
M9NGZ9	3	U-03	melanogaster	D. melanogaster
M9PB21	1	U-01	melanogaster	D. melanogaster
M9PB30	0	unassigned	melanogaster	D. melanogaster
M9PB31	0	unassigned	melanogaster	D. melanogaster
M9PB32	0	unassigned	melanogaster	D. melanogaster
M9PB77	2	U-02	melanogaster	D. melanogaster
M9PB92	1	U-01	melanogaster	D. melanogaster
M9PBC0	3	U-03	melanogaster	D. melanogaster
M9PBE2	1	U-01	melanogaster	D. melanogaster
M9PBF8	1	U-01	melanogaster	D. melanogaster
M9PBH0	1	U-01	melanogaster	D. melanogaster
M9PBI5	1	U-01	melanogaster	D. melanogaster
M9PBI9	0	unassigned	melanogaster	D. melanogaster
M9PBJ0	0	unassigned	melanogaster	D. melanogaster
M9PBJ7	1	U-01	melanogaster	D. melanogaster
M9PBL6	0	unassigned	melanogaster	D. melanogaster
M9PBP3	1	U-01	melanogaster	D. melanogaster
M9PBQ0	1	U-01	melanogaster	D. melanogaster
M9PBQ3	1	U-01	melanogaster	D. melanogaster
M9PBV0	0	unassigned	melanogaster	D. melanogaster
M9PBW9	1	U-01	melanogaster	D. melanogaster
M9PBX8	1	U-01	melanogaster	D. melanogaster
M9PBY6	1	U-01	melanogaster	D. melanogaster
M9PBZ0	0	unassigned	melanogaster	D. melanogaster
M9PBZ4	0	unassigned	melanogaster	D. melanogaster
M9PC23	1	U-01	melanogaster	D. melanogaster
M9PC41	0	unassigned	melanogaster	D. melanogaster
M9PC45	0	unassigned	melanogaster	D. melanogaster
M9PC73	1	U-01	melanogaster	D. melanogaster
M9PC84	0	unassigned	melanogaster	D. melanogaster
M9PC91	1	U-01	melanogaster	D. melanogaster
M9PCD8	1	U-01	melanogaster	D. melanogaster
M9PCI6	2	U-02	melanogaster	D. melanogaster
M9PCJ1	2	U-02	melanogaster	D. melanogaster
M9PCJ5	0	unassigned	melanogaster	D. melanogaster
M9PCJ6	0	unassigned	melanogaster	D. melanogaster
M9PCJ8	1	U-01	melanogaster	D. melanogaster
M9PCK2	0	unassigned	melanogaster	D. melanogaster
M9PCK8	0	unassigned	melanogaster	D. melanogaster
M9PCM8	0	unassigned	melanogaster	D. melanogaster
M9PCQ3	0	unassigned	melanogaster	D. melanogaster
M9PCR7	1	U-01	melanogaster	D. melanogaster
M9PCT8	1	U-01	melanogaster	D. melanogaster
M9PCU1	1	U-01	melanogaster	D. melanogaster
M9PCW5	2	U-02	melanogaster	D. melanogaster
M9PCX2	2	U-02	melanogaster	D. melanogaster
M9PCX8	1	U-01	melanogaster	D. melanogaster
M9PCZ7	1	U-01	melanogaster	D. melanogaster
M9PD04	3	U-03	melanogaster	D. melanogaster
M9PD17	1	U-01	melanogaster	D. melanogaster
M9PD50	1	U-01	melanogaster	D. melanogaster
M9PD78	3	U-03	melanogaster	D. melanogaster
M9PD85	0	unassigned	melanogaster	D. melanogaster
M9PDB0	1	U-01	melanogaster	D. melanogaster
M9PDG6	1	U-01	melanogaster	D. melanogaster
M9PDI1	1	U-01	melanogaster	D. melanogaster
M9PDI5	3	U-03	melanogaster	D. melanogaster
M9PDJ0	1	U-01	melanogaster	D. melanogaster
M9PDM4	1	U-01	melanogaster	D. melanogaster
M9PDN2	1	U-01	melanogaster	D. melanogaster
M9PDQ0	1	U-01	melanogaster	D. melanogaster
M9PDQ2	1	U-01	melanogaster	D. melanogaster
M9PDS3	0	unassigned	melanogaster	D. melanogaster
M9PDS8	0	unassigned	melanogaster	D. melanogaster
M9PDT9	3	U-03	melanogaster	D. melanogaster
M9PDZ6	0	unassigned	melanogaster	D. melanogaster
M9PDZ9	0	unassigned	melanogaster	D. melanogaster
M9PE01	1	U-01	melanogaster	D. melanogaster
M9PE52	1	U-01	melanogaster	D. melanogaster
M9PE65	2	U-02	melanogaster	D. melanogaster
M9PE73	1	U-01	melanogaster	D. melanogaster
M9PEA0	0	unassigned	melanogaster	D. melanogaster
M9PEA5	0	unassigned	melanogaster	D. melanogaster
M9PEA9	0	unassigned	melanogaster	D. melanogaster
M9PEB3	1	U-01	melanogaster	D. melanogaster
M9PEC8	1	U-01	melanogaster	D. melanogaster
M9PEH5	0	unassigned	melanogaster	D. melanogaster
M9PEI1	0	unassigned	melanogaster	D. melanogaster
M9PEI7	0	unassigned	melanogaster	D. melanogaster
M9PEJ8	1	U-01	melanogaster	D. melanogaster
M9PEK6	0	unassigned	melanogaster	D. melanogaster
M9PEN3	0	unassigned	melanogaster	D. melanogaster
Q23973	1	U-01	melanogaster	D. melanogaster
Q23976	1	U-01	melanogaster	D. melanogaster
Q23977	1	U-01	melanogaster	D. melanogaster
Q23978	1	U-01	melanogaster	D. melanogaster
Q23979	1	U-01	melanogaster	D. melanogaster
Q23983	1	U-01	melanogaster	D. melanogaster
Q23985	1	U-01	melanogaster	D. melanogaster
Q24008	1	U-01	melanogaster	D. melanogaster
Q24049	1	U-01	melanogaster	D. melanogaster
M9PHF0	1	U-01	melanogaster	D. melanogaster
M9PHF1	1	U-01	melanogaster	D. melanogaster
M9PHF2	1	U-01	melanogaster	D. melanogaster
M9PHF5	1	U-01	melanogaster	D. melanogaster
M9PHF9	1	U-01	melanogaster	D. melanogaster
M9PHH0	1	U-01	melanogaster	D. melanogaster
M9PHH4	3	U-03	melanogaster	D. melanogaster
M9PHH5	2	U-02	melanogaster	D. melanogaster
M9PHH6	1	U-01	melanogaster	D. melanogaster
M9PHI7	1	U-01	melanogaster	D. melanogaster
M9PHI8	1	U-01	melanogaster	D. melanogaster
M9PHJ6	1	U-01	melanogaster	D. melanogaster
M9PHK0	1	U-01	melanogaster	D. melanogaster
M9PHL0	1	U-01	melanogaster	D. melanogaster
M9PHL2	1	U-01	melanogaster	D. melanogaster
M9PHL7	1	U-01	melanogaster	D. melanogaster
M9PHM0	3	U-03	melanogaster	D. melanogaster
M9PHM3	1	U-01	melanogaster	D. melanogaster
Q7KW25	1	U-01	melanogaster	D. melanogaster
Q7KW42	2	U-02	melanogaster	D. melanogaster
Q7KWG0	3	U-03	melanogaster	D. melanogaster
Q7KWG3	1	U-01	melanogaster	D. melanogaster
Q7PL26	1	U-01	melanogaster	D. melanogaster
Q7PLG1	2	U-02	melanogaster	D. melanogaster
Q7PLL6	1	U-01	melanogaster	D. melanogaster
Q7PLL7	2	U-02	melanogaster	D. melanogaster
Q7PLT4	3	U-03	melanogaster	D. melanogaster
Q7PLW1	3	U-03	melanogaster	D. melanogaster
Q7PLW3	3	U-03	melanogaster	D. melanogaster
Q7PLW4	3	U-03	melanogaster	D. melanogaster
Q7YZ91	0	unassigned	melanogaster	D. melanogaster
Q7YZ93	0	unassigned	melanogaster	D. melanogaster
Q7YZ99	1	U-01	melanogaster	D. melanogaster
Q7YZA2	1	U-01	melanogaster	D. melanogaster
Q7YZA5	1	U-01	melanogaster	D. melanogaster
Q86B46	1	U-01	melanogaster	D. melanogaster
Q86B50	1	U-01	melanogaster	D. melanogaster
Q86B52	3	U-03	melanogaster	D. melanogaster
Q86B58	0	unassigned	melanogaster	D. melanogaster
Q86B65	1	U-01	melanogaster	D. melanogaster
Q86B93	1	U-01	melanogaster	D. melanogaster
Q86B99	1	U-01	melanogaster	D. melanogaster
Q86BA5	1	U-01	melanogaster	D. melanogaster
Q86BB6	1	U-01	melanogaster	D. melanogaster
Q86BG1	1	U-01	melanogaster	D. melanogaster
Q86BG2	1	U-01	melanogaster	D. melanogaster
Q86BH3	1	U-01	melanogaster	D. melanogaster
Q86BH5	1	U-01	melanogaster	D. melanogaster
Q86BH6	1	U-01	melanogaster	D. melanogaster
Q86BH9	0	unassigned	melanogaster	D. melanogaster
Q86BI2	1	U-01	melanogaster	D. melanogaster
Q86BI3	1	U-01	melanogaster	D. melanogaster
Q86BI6	3	U-03	melanogaster	D. melanogaster
Q86BJ0	1	U-01	melanogaster	D. melanogaster
Q86BK2	1	U-01	melanogaster	D. melanogaster
Q86BK4	1	U-01	melanogaster	D. melanogaster
Q86BK9	1	U-01	melanogaster	D. melanogaster
Q86BL2	2	U-02	melanogaster	D. melanogaster
Q86BL4	1	U-01	melanogaster	D. melanogaster
Q86BL5	1	U-01	melanogaster	D. melanogaster
Q86BL6	3	U-03	melanogaster	D. melanogaster
Q86BM8	1	U-01	melanogaster	D. melanogaster
Q86BN2	1	U-01	melanogaster	D. melanogaster
Q86BN4	1	U-01	melanogaster	D. melanogaster
Q86BN5	1	U-01	melanogaster	D. melanogaster
Q86BN6	1	U-01	melanogaster	D. melanogaster
Q86BP3	1	U-01	melanogaster	D. melanogaster
Q86BP7	1	U-01	melanogaster	D. melanogaster
Q86BP9	1	U-01	melanogaster	D. melanogaster
Q86BQ3	1	U-01	melanogaster	D. melanogaster
Q86BQ6	1	U-01	melanogaster	D. melanogaster
Q86BS2	1	U-01	melanogaster	D. melanogaster
Q86BS5	1	U-01	melanogaster	D. melanogaster
Q8I044	1	U-01	melanogaster	D. melanogaster
Q8I0D4	1	U-01	melanogaster	D. melanogaster
Q8I0F1	1	U-01	melanogaster	D. melanogaster
Q8I0J1	1	U-01	melanogaster	D. melanogaster
Q8I0J3	1	U-01	melanogaster	D. melanogaster
Q8I0K8	1	U-01	melanogaster	D. melanogaster
Q8I0K9	1	U-01	melanogaster	D. melanogaster
Q8I0P8	0	unassigned	melanogaster	D. melanogaster
Q8I0Q7	1	U-01	melanogaster	D. melanogaster
Q8I725	1	U-01	melanogaster	D. melanogaster
Q8I934	1	U-01	melanogaster	D. melanogaster
Q8I935	1	U-01	melanogaster	D. melanogaster
Q8I936	2	U-02	melanogaster	D. melanogaster
Q8I937	1	U-01	melanogaster	D. melanogaster
Q8I939	1	U-01	melanogaster	D. melanogaster
Q8I940	1	U-01	melanogaster	D. melanogaster
Q8I941	1	U-01	melanogaster	D. melanogaster
Q8IM95	2	U-02	melanogaster	D. melanogaster
Q8IMA2	1	U-01	melanogaster	D. melanogaster
Q8IMB8	1	U-01	melanogaster	D. melanogaster
Q8IME7	1	U-01	melanogaster	D. melanogaster
Q8IME8	1	U-01	melanogaster	D. melanogaster
Q8IMF4	1	U-01	melanogaster	D. melanogaster
Q8IMG1	1	U-01	melanogaster	D. melanogaster
Q8IMH2	0	unassigned	melanogaster	D. melanogaster
Q8IMH9	1	U-01	melanogaster	D. melanogaster
Q8IMI4	2	U-02	melanogaster	D. melanogaster
O61351	0	unassigned	melanogaster	D. melanogaster
O61366	1	U-01	melanogaster	D. melanogaster
O76137	3	U-03	melanogaster	D. melanogaster
O76462	1	U-01	melanogaster	D. melanogaster
O76870	1	U-01	melanogaster	D. melanogaster
O76888	1	U-01	melanogaster	D. melanogaster
O77436	1	U-01	melanogaster	D. melanogaster
O77477	1	U-01	melanogaster	D. melanogaster
P11455	1	U-01	melanogaster	D. melanogaster
P22978	1	U-01	melanogaster	D. melanogaster
P40141	1	U-01	melanogaster	D. melanogaster
P83263	1	U-01	melanogaster	D. melanogaster
P83474	1	U-01	melanogaster	D. melanogaster
Q0E8D0	1	U-01	melanogaster	D. melanogaster
Q0E8D6	1	U-01	melanogaster	D. melanogaster
Q0E8E5	3	U-03	melanogaster	D. melanogaster
Q0E8F3	3	U-03	melanogaster	D. melanogaster
Q0E8J9	1	U-01	melanogaster	D. melanogaster
Q0E8L1	1	U-01	melanogaster	D. melanogaster
Q0E8L2	2	U-02	melanogaster	D. melanogaster
Q0E8M7	0	unassigned	melanogaster	D. melanogaster
Q0E8P1	1	U-01	melanogaster	D. melanogaster
Q0E8S5	3	U-03	melanogaster	D. melanogaster
Q0E8T0	3	U-03	melanogaster	D. melanogaster
Q0E8T4	1	U-01	melanogaster	D. melanogaster
Q0E8T5	1	U-01	melanogaster	D. melanogaster
Q0E8U0	2	U-02	melanogaster	D. melanogaster
Q0E8U8	1	U-01	melanogaster	D. melanogaster
Q0E8V8	1	U-01	melanogaster	D. melanogaster
Q0E8W8	1	U-01	melanogaster	D. melanogaster
Q0E8X4	3	U-03	melanogaster	D. melanogaster
Q0E8X9	1	U-01	melanogaster	D. melanogaster
Q0E8Y7	1	U-01	melanogaster	D. melanogaster
Q0E906	1	U-01	melanogaster	D. melanogaster
Q0E944	2	U-02	melanogaster	D. melanogaster
Q0E953	1	U-01	melanogaster	D. melanogaster
Q0E960	3	U-03	melanogaster	D. melanogaster
Q0E970	1	U-01	melanogaster	D. melanogaster
Q0E975	1	U-01	melanogaster	D. melanogaster
Q0E976	1	U-01	melanogaster	D. melanogaster
Q0E980	0	unassigned	melanogaster	D. melanogaster
Q0E985	0	unassigned	melanogaster	D. melanogaster
Q0E9A0	1	U-01	melanogaster	D. melanogaster
Q0E9B1	0	unassigned	melanogaster	D. melanogaster
Q0E9B4	1	U-01	melanogaster	D. melanogaster
Q0E9C4	1	U-01	melanogaster	D. melanogaster
Q0E9D2	1	U-01	melanogaster	D. melanogaster
Q0E9D3	1	U-01	melanogaster	D. melanogaster
Q0E9D9	1	U-01	melanogaster	D. melanogaster
Q0E9E6	1	U-01	melanogaster	D. melanogaster
Q0E9N0	1	U-01	melanogaster	D. melanogaster
Q0KHT4	1	U-01	melanogaster	D. melanogaster
Q0KHV8	1	U-01	melanogaster	D. melanogaster
Q0KHY5	1	U-01	melanogaster	D. melanogaster
Q0KHZ2	1	U-01	melanogaster	D. melanogaster
Q0KI06	1	U-01	melanogaster	D. melanogaster
Q0KI10	1	U-01	melanogaster	D. melanogaster
Q0KI21	1	U-01	melanogaster	D. melanogaster
Q0KI29	0	unassigned	melanogaster	D. melanogaster
Q0KI54	2	U-02	melanogaster	D. melanogaster
Q0KI62	1	U-01	melanogaster	D. melanogaster
Q0KI69	1	U-01	melanogaster	D. melanogaster
Q0KI76	1	U-01	melanogaster	D. melanogaster
Q0KI89	1	U-01	melanogaster	D. melanogaster
Q0KI91	2	U-02	melanogaster	D. melanogaster
Q0KI92	2	U-02	melanogaster	D. melanogaster
Q0KI97	1	U-01	melanogaster	D. melanogaster
Q0KIA0	3	U-03	melanogaster	D. melanogaster
Q0KIA6	1	U-01	melanogaster	D. melanogaster
Q0KIA9	1	U-01	melanogaster	D. melanogaster
Q0KID5	1	U-01	melanogaster	D. melanogaster
Q0KIF5	1	U-01	melanogaster	D. melanogaster
Q0KIF9	2	U-02	melanogaster	D. melanogaster
Q0KIG0	2	U-02	melanogaster	D. melanogaster
Q107I8	1	U-01	melanogaster	D. melanogaster
Q24366	1	U-01	melanogaster	D. melanogaster
Q9VBH0	1	U-01	melanogaster	D. melanogaster
Q9VBH6	1	U-01	melanogaster	D. melanogaster
Q9VBJ6	1	U-01	melanogaster	D. melanogaster
Q9VBJ9	1	U-01	melanogaster	D. melanogaster
Q9VBK8	2	U-02	melanogaster	D. melanogaster
Q9VBL8	0	unassigned	melanogaster	D. melanogaster
Q9VBN8	1	U-01	melanogaster	D. melanogaster
Q9VBP7	1	U-01	melanogaster	D. melanogaster
Q9VBP8	1	U-01	melanogaster	D. melanogaster
Q9VBQ4	1	U-01	melanogaster	D. melanogaster
Q9VBR3	2	U-02	melanogaster	D. melanogaster
Q9VBS0	1	U-01	melanogaster	D. melanogaster
Q9VBS3	1	U-01	melanogaster	D. melanogaster
Q9VBS4	1	U-01	melanogaster	D. melanogaster
Q9VBS5	1	U-01	melanogaster	D. melanogaster
Q9VBS6	1	U-01	melanogaster	D. melanogaster
Q9VBS7	1	U-01	melanogaster	D. melanogaster
Q9VBS8	1	U-01	melanogaster	D. melanogaster
Q9VBT0	1	U-01	melanogaster	D. melanogaster
Q9VBT4	1	U-01	melanogaster	D. melanogaster
Q9VBT6	1	U-01	melanogaster	D. melanogaster
Q9VBT7	1	U-01	melanogaster	D. melanogaster
Q9VBT8	1	U-01	melanogaster	D. melanogaster
Q9VBU0	1	U-01	melanogaster	D. melanogaster
Q8WTC1	1	U-01	melanogaster	D. melanogaster
Q94516	3	U-03	melanogaster	D. melanogaster
Q94890	1	U-01	melanogaster	D. melanogaster
Q95083	1	U-01	melanogaster	D. melanogaster
Q95RA9	2	U-02	melanogaster	D. melanogaster
Q95RR8	1	U-01	melanogaster	D. melanogaster
Q95RU0	2	U-02	melanogaster	D. melanogaster
Q95RX5	1	U-01	melanogaster	D. melanogaster
Q95T10	2	U-02	melanogaster	D. melanogaster
Q95T19	1	U-01	melanogaster	D. melanogaster
Q960C5	1	U-01	melanogaster	D. melanogaster
Q960T2	1	U-01	melanogaster	D. melanogaster
Q961G1	1	U-01	melanogaster	D. melanogaster
Q9GNH8	1	U-01	melanogaster	D. melanogaster
Q9GU68	1	U-01	melanogaster	D. melanogaster
Q9GYV9	1	U-01	melanogaster	D. melanogaster
Q9I7D0	1	U-01	melanogaster	D. melanogaster
Q9I7L8	1	U-01	melanogaster	D. melanogaster
Q9I7M8	1	U-01	melanogaster	D. melanogaster
Q9I7N0	1	U-01	melanogaster	D. melanogaster
Q9I7S4	1	U-01	melanogaster	D. melanogaster
Q9I7S6	1	U-01	melanogaster	D. melanogaster
Q9I7S8	1	U-01	melanogaster	D. melanogaster
Q9I7T7	1	U-01	melanogaster	D. melanogaster
Q9NGC3	1	U-01	melanogaster	D. melanogaster
Q9TVQ4	1	U-01	melanogaster	D. melanogaster
Q9TW49	1	U-01	melanogaster	D. melanogaster
Q9U5W9	1	U-01	melanogaster	D. melanogaster
Q9U6L4	1	U-01	melanogaster	D. melanogaster
Q9U9Q1	1	U-01	melanogaster	D. melanogaster
Q9U9Q4	1	U-01	melanogaster	D. melanogaster
Q9V3A6	1	U-01	melanogaster	D. melanogaster
Q9V3C2	1	U-01	melanogaster	D. melanogaster
Q9V3D6	1	U-01	melanogaster	D. melanogaster
Q9V3E7	1	U-01	melanogaster	D. melanogaster
Q9V3F3	1	U-01	melanogaster	D. melanogaster
Q9V3G3	1	U-01	melanogaster	D. melanogaster
Q9V3H9	1	U-01	melanogaster	D. melanogaster
Q9V3J6	1	U-01	melanogaster	D. melanogaster
Q9V3L4	1	U-01	melanogaster	D. melanogaster
Q9W3J5	1	U-01	melanogaster	D. melanogaster
Q9W3M9	1	U-01	melanogaster	D. melanogaster
Q9W3Q0	1	U-01	melanogaster	D. melanogaster
Q9W3Q5	1	U-01	melanogaster	D. melanogaster
Q9W3T5	3	U-03	melanogaster	D. melanogaster
Q9W3V3	1	U-01	melanogaster	D. melanogaster
Q9W3V9	1	U-01	melanogaster	D. melanogaster
Q9W3W4	1	U-01	melanogaster	D. melanogaster
Q9W3Y4	1	U-01	melanogaster	D. melanogaster
Q9W401	1	U-01	melanogaster	D. melanogaster
Q9W445	1	U-01	melanogaster	D. melanogaster
Q9W450	1	U-01	melanogaster	D. melanogaster
Q9W462	1	U-01	melanogaster	D. melanogaster
Q9W482	1	U-01	melanogaster	D. melanogaster
Q9W4A0	1	U-01	melanogaster	D. melanogaster
Q9W4B2	1	U-01	melanogaster	D. melanogaster
Q9W4B3	1	U-01	melanogaster	D. melanogaster
Q9W4C3	1	U-01	melanogaster	D. melanogaster
Q9W4C4	1	U-01	melanogaster	D. melanogaster
Q9W4P5	1	U-01	melanogaster	D. melanogaster
Q9W4W2	1	U-01	melanogaster	D. melanogaster
Q9W4W6	3	U-03	melanogaster	D. melanogaster
Q9W532	1	U-01	melanogaster	D. melanogaster
Q9W5B3	1	U-01	melanogaster	D. melanogaster
Q9W5D0	1	U-01	melanogaster	D. melanogaster
Q9W5E4	1	U-01	melanogaster	D. melanogaster
Q9W5G6	0	unassigned	melanogaster	D. melanogaster
Q9W5P1	1	U-01	melanogaster	D. melanogaster
Q9W5U2	2	U-02	melanogaster	D. melanogaster
Q9W5X9	1	U-01	melanogaster	D. melanogaster
Q9W5Y0	2	U-02	melanogaster	D. melanogaster
Q9XTL2	1	U-01	melanogaster	D. melanogaster
Q9XTM1	1	U-01	melanogaster	D. melanogaster
Q9XTN4	1	U-01	melanogaster	D. melanogaster
Q9XYN7	1	U-01	melanogaster	D. melanogaster
Q9XYW6	1	U-01	melanogaster	D. melanogaster
Q9XYZ6	1	U-01	melanogaster	D. melanogaster
Q9XZ03	1	U-01	melanogaster	D. melanogaster
Q9XZ14	2	U-02	melanogaster	D. melanogaster
Q9XZ53	3	U-03	melanogaster	D. melanogaster
Q9XZ68	1	U-01	melanogaster	D. melanogaster
Q9XZT1	1	U-01	melanogaster	D. melanogaster
Q9Y0Y2	1	U-01	melanogaster	D. melanogaster
Q9Y113	1	U-01	melanogaster	D. melanogaster
Q9Y119	1	U-01	melanogaster	D. melanogaster
Q9Y134	1	U-01	melanogaster	D. melanogaster
Q9Y145	1	U-01	melanogaster	D. melanogaster
Q9Y154	1	U-01	melanogaster	D. melanogaster
X2J6D4	1	U-01	melanogaster	D. melanogaster
X2J708	1	U-01	melanogaster	D. melanogaster
X2J8B3	1	U-01	melanogaster	D. melanogaster
X2J8C3	2	U-02	melanogaster	D. melanogaster
X2J946	1	U-01	melanogaster	D. melanogaster
X2J9B0	3	U-03	melanogaster	D. melanogaster
X2J9L4	1	U-01	melanogaster	D. melanogaster
X2J9P4	2	U-02	melanogaster	D. melanogaster
X2J9Z1	2	U-02	melanogaster	D. melanogaster
X2JA59	1	U-01	melanogaster	D. melanogaster
X2JAG8	1	U-01	melanogaster	D. melanogaster
X2JB60	1	U-01	melanogaster	D. melanogaster
A1ZAZ9	1	U-01	melanogaster	D. melanogaster
A1ZB07	2	U-02	melanogaster	D. melanogaster
A1ZB08	1	U-01	melanogaster	D. melanogaster
A1ZB14	1	U-01	melanogaster	D. melanogaster
A1ZB31	1	U-01	melanogaster	D. melanogaster
A1ZB32	1	U-01	melanogaster	D. melanogaster
A1ZB34	1	U-01	melanogaster	D. melanogaster
A1ZB36	0	unassigned	melanogaster	D. melanogaster
A1ZB48	2	U-02	melanogaster	D. melanogaster
A1ZB59	1	U-01	melanogaster	D. melanogaster
A1ZB61	1	U-01	melanogaster	D. melanogaster
A1ZB65	0	unassigned	melanogaster	D. melanogaster
A1ZB67	0	unassigned	melanogaster	D. melanogaster
A1ZB68	0	unassigned	melanogaster	D. melanogaster
A1ZB69	0	unassigned	melanogaster	D. melanogaster
A1ZB70	0	unassigned	melanogaster	D. melanogaster
A1ZB73	0	unassigned	melanogaster	D. melanogaster
A1ZB74	0	unassigned	melanogaster	D. melanogaster
A1ZB76	1	U-01	melanogaster	D. melanogaster
A1ZB77	0	unassigned	melanogaster	D. melanogaster
A1ZB79	0	unassigned	melanogaster	D. melanogaster
A1ZB80	0	unassigned	melanogaster	D. melanogaster
A1ZB83	1	U-01	melanogaster	D. melanogaster
A1ZB92	1	U-01	melanogaster	D. melanogaster
A1ZB93	1	U-01	melanogaster	D. melanogaster
A1ZB95	3	U-03	melanogaster	D. melanogaster
A1ZB99	1	U-01	melanogaster	D. melanogaster
A1ZBA5	1	U-01	melanogaster	D. melanogaster
A1ZBA8	1	U-01	melanogaster	D. melanogaster
A1ZBB0	1	U-01	melanogaster	D. melanogaster
A1ZBB1	1	U-01	melanogaster	D. melanogaster
A1ZBB4	1	U-01	melanogaster	D. melanogaster
A1ZBB7	1	U-01	melanogaster	D. melanogaster
A1ZBC5	0	unassigned	melanogaster	D. melanogaster
A1ZBD1	3	U-03	melanogaster	D. melanogaster
A1ZBD2	3	U-03	melanogaster	D. melanogaster
A1ZBD5	1	U-01	melanogaster	D. melanogaster
A1ZBD7	1	U-01	melanogaster	D. melanogaster
A1ZBD8	1	U-01	melanogaster	D. melanogaster
A1ZBE0	3	U-03	melanogaster	D. melanogaster
A1ZBE1	3	U-03	melanogaster	D. melanogaster
A1ZBE2	3	U-03	melanogaster	D. melanogaster
A1ZBF5	0	unassigned	melanogaster	D. melanogaster
A1ZBF8	1	U-01	melanogaster	D. melanogaster
A1ZBG3	1	U-01	melanogaster	D. melanogaster
A1ZBG7	0	unassigned	melanogaster	D. melanogaster
A1ZBH0	2	U-02	melanogaster	D. melanogaster
A1ZBH1	1	U-01	melanogaster	D. melanogaster
A1ZBH3	1	U-01	melanogaster	D. melanogaster
A1ZBH5	1	U-01	melanogaster	D. melanogaster
A1ZBI4	1	U-01	melanogaster	D. melanogaster
A1ZBI7	2	U-02	melanogaster	D. melanogaster
A1ZBJ1	1	U-01	melanogaster	D. melanogaster
A1ZBJ8	1	U-01	melanogaster	D. melanogaster
A1ZBK0	0	unassigned	melanogaster	D. melanogaster
A1ZBK1	0	unassigned	melanogaster	D. melanogaster
A1ZBK3	0	unassigned	melanogaster	D. melanogaster
A1ZBK4	0	unassigned	melanogaster	D. melanogaster
A1ZBK6	1	U-01	melanogaster	D. melanogaster
A1ZBK7	1	U-01	melanogaster	D. melanogaster
A1ZBL2	1	U-01	melanogaster	D. melanogaster
A1ZBM3	1	U-01	melanogaster	D. melanogaster
A1ZBM4	1	U-01	melanogaster	D. melanogaster
E2QCT1	0	unassigned	melanogaster	D. melanogaster
E2QCT4	1	U-01	melanogaster	D. melanogaster
E2QCU7	3	U-03	melanogaster	D. melanogaster
E2QCV4	1	U-01	melanogaster	D. melanogaster
E2QCV6	1	U-01	melanogaster	D. melanogaster
E2QCV9	1	U-01	melanogaster	D. melanogaster
E2QCX8	1	U-01	melanogaster	D. melanogaster
E2QCY4	1	U-01	melanogaster	D. melanogaster
E2QCY5	1	U-01	melanogaster	D. melanogaster
E2QCZ1	1	U-01	melanogaster	D. melanogaster
E2QCZ5	1	U-01	melanogaster	D. melanogaster
E2QCZ6	1	U-01	melanogaster	D. melanogaster
E2QCZ8	1	U-01	melanogaster	D. melanogaster
E2QCZ9	1	U-01	melanogaster	D. melanogaster
E2QD24	3	U-03	melanogaster	D. melanogaster
E2QD53	0	unassigned	melanogaster	D. melanogaster
E2QD65	1	U-01	melanogaster	D. melanogaster
E2QD66	3	U-03	melanogaster	D. melanogaster
E2QD94	1	U-01	melanogaster	D. melanogaster
E2QD97	1	U-01	melanogaster	D. melanogaster
E2QD99	0	unassigned	melanogaster	D. melanogaster
E8Z4Z6	2	U-02	melanogaster	D. melanogaster
F1LJ13	1	U-01	melanogaster	D. melanogaster
H9XVL5	2	U-02	melanogaster	D. melanogaster
H9XVM5	1	U-01	melanogaster	D. melanogaster
H9XVM6	1	U-01	melanogaster	D. melanogaster
H9XVM7	1	U-01	melanogaster	D. melanogaster
H9XVM8	1	U-01	melanogaster	D. melanogaster
H9XVM9	1	U-01	melanogaster	D. melanogaster
H9XVN1	1	U-01	melanogaster	D. melanogaster
H9XVP0	1	U-01	melanogaster	D. melanogaster
H9XVP5	1	U-01	melanogaster	D. melanogaster
H9XVQ0	1	U-01	melanogaster	D. melanogaster
H9XVQ1	1	U-01	melanogaster	D. melanogaster
L0MLJ3	1	U-01	melanogaster	D. melanogaster
L0MLK2	1	U-01	melanogaster	D. melanogaster
L0MLK7	1	U-01	melanogaster	D. melanogaster
M9PF28	1	U-01	melanogaster	D. melanogaster
M9PF34	1	U-01	melanogaster	D. melanogaster
M9PF51	1	U-01	melanogaster	D. melanogaster
M9PF54	1	U-01	melanogaster	D. melanogaster
M9PF64	1	U-01	melanogaster	D. melanogaster
M9PF89	1	U-01	melanogaster	D. melanogaster
M9PFB1	2	U-02	melanogaster	D. melanogaster
M9PFB4	1	U-01	melanogaster	D. melanogaster
M9PFB8	3	U-03	melanogaster	D. melanogaster
M9PFC0	1	U-01	melanogaster	D. melanogaster
M9PFC7	1	U-01	melanogaster	D. melanogaster
M9PFC9	2	U-02	melanogaster	D. melanogaster
Q7KTL4	1	U-01	melanogaster	D. melanogaster
Q7KTM2	1	U-01	melanogaster	D. melanogaster
Q7KTN1	1	U-01	melanogaster	D. melanogaster
Q7KTN3	1	U-01	melanogaster	D. melanogaster
Q7KTN4	1	U-01	melanogaster	D. melanogaster
Q7KTP7	1	U-01	melanogaster	D. melanogaster
Q7KTQ0	3	U-03	melanogaster	D. melanogaster
Q7KTQ1	1	U-01	melanogaster	D. melanogaster
Q7KTQ2	1	U-01	melanogaster	D. melanogaster
Q7KTQ3	3	U-03	melanogaster	D. melanogaster
Q7KTR2	1	U-01	melanogaster	D. melanogaster
Q7KTS0	0	unassigned	melanogaster	D. melanogaster
Q7KTS3	1	U-01	melanogaster	D. melanogaster
Q7KTT0	1	U-01	melanogaster	D. melanogaster
Q7KTT5	3	U-03	melanogaster	D. melanogaster
Q7KTT9	1	U-01	melanogaster	D. melanogaster
Q7KTU7	1	U-01	melanogaster	D. melanogaster
Q7KTW1	1	U-01	melanogaster	D. melanogaster
Q7KTW6	1	U-01	melanogaster	D. melanogaster
Q7KTX0	1	U-01	melanogaster	D. melanogaster
Q7KTX1	1	U-01	melanogaster	D. melanogaster
Q7KTX4	1	U-01	melanogaster	D. melanogaster
Q7KTY6	1	U-01	melanogaster	D. melanogaster
Q7KTZ0	1	U-01	melanogaster	D. melanogaster
Q7KTZ1	1	U-01	melanogaster	D. melanogaster
Q7KTZ8	0	unassigned	melanogaster	D. melanogaster
Q7KU00	1	U-01	melanogaster	D. melanogaster
Q7KU02	0	unassigned	melanogaster	D. melanogaster
Q7KU04	1	U-01	melanogaster	D. melanogaster
Q7KU06	1	U-01	melanogaster	D. melanogaster
Q7KU12	1	U-01	melanogaster	D. melanogaster
Q7KU14	1	U-01	melanogaster	D. melanogaster
Q7KU15	1	U-01	melanogaster	D. melanogaster
Q7KU35	2	U-02	melanogaster	D. melanogaster
Q7KU37	1	U-01	melanogaster	D. melanogaster
Q7KU40	1	U-01	melanogaster	D. melanogaster
Q7KU45	1	U-01	melanogaster	D. melanogaster
Q7KU47	2	U-02	melanogaster	D. melanogaster
Q7KU50	1	U-01	melanogaster	D. melanogaster
Q7KU62	1	U-01	melanogaster	D. melanogaster
Q7KU66	1	U-01	melanogaster	D. melanogaster
Q7KU76	1	U-01	melanogaster	D. melanogaster
Q7KU77	1	U-01	melanogaster	D. melanogaster
Q7KU79	1	U-01	melanogaster	D. melanogaster
Q7KU84	1	U-01	melanogaster	D. melanogaster
Q7KUA3	1	U-01	melanogaster	D. melanogaster
Q7KUA5	1	U-01	melanogaster	D. melanogaster
Q7KUA6	0	unassigned	melanogaster	D. melanogaster
Q7KUB2	2	U-02	melanogaster	D. melanogaster
Q7KUB8	1	U-01	melanogaster	D. melanogaster
Q7KUE6	1	U-01	melanogaster	D. melanogaster
Q7KUE8	1	U-01	melanogaster	D. melanogaster
Q7KUF0	3	U-03	melanogaster	D. melanogaster
Q7KUF1	2	U-02	melanogaster	D. melanogaster
Q7KUG0	0	unassigned	melanogaster	D. melanogaster
Q7KUG1	0	unassigned	melanogaster	D. melanogaster
Q7KUG3	0	unassigned	melanogaster	D. melanogaster
Q7KUG4	0	unassigned	melanogaster	D. melanogaster
Q7KUG5	1	U-01	melanogaster	D. melanogaster
Q7KUG6	1	U-01	melanogaster	D. melanogaster
Q7KUG7	0	unassigned	melanogaster	D. melanogaster
Q7KUG8	0	unassigned	melanogaster	D. melanogaster
Q7KUG9	0	unassigned	melanogaster	D. melanogaster
Q7KUH1	1	U-01	melanogaster	D. melanogaster
Q7KUH7	3	U-03	melanogaster	D. melanogaster
Q7KUH9	1	U-01	melanogaster	D. melanogaster
Q7KUI1	1	U-01	melanogaster	D. melanogaster
Q7KUI4	1	U-01	melanogaster	D. melanogaster
Q7KUI9	2	U-02	melanogaster	D. melanogaster
Q7KUJ1	1	U-01	melanogaster	D. melanogaster
Q7KUJ2	1	U-01	melanogaster	D. melanogaster
Q7KUJ9	0	unassigned	melanogaster	D. melanogaster
Q7KUK0	1	U-01	melanogaster	D. melanogaster
Q7KUK4	1	U-01	melanogaster	D. melanogaster
Q7KUK5	1	U-01	melanogaster	D. melanogaster
Q7KUK8	3	U-03	melanogaster	D. melanogaster
Q7KUL3	1	U-01	melanogaster	D. melanogaster
Q7KUL5	1	U-01	melanogaster	D. melanogaster
Q7KUL9	1	U-01	melanogaster	D. melanogaster
Q7KUM1	1	U-01	melanogaster	D. melanogaster
Q7KUN3	1	U-01	melanogaster	D. melanogaster
Q7KUN9	1	U-01	melanogaster	D. melanogaster
Q7KUP0	1	U-01	melanogaster	D. melanogaster
Q7KUP6	1	U-01	melanogaster	D. melanogaster
Q7KUP8	0	unassigned	melanogaster	D. melanogaster
Q7KUQ4	1	U-01	melanogaster	D. melanogaster
Q7KUR5	1	U-01	melanogaster	D. melanogaster
Q7KUR8	0	unassigned	melanogaster	D. melanogaster
A0A0B4KFJ7	1	U-01	melanogaster	D. melanogaster
A0A0B4KFJ8	1	U-01	melanogaster	D. melanogaster
A0A0B4KFK3	1	U-01	melanogaster	D. melanogaster
A0A0B4KFL2	3	U-03	melanogaster	D. melanogaster
A0A0B4KFL4	1	U-01	melanogaster	D. melanogaster
A0A0B4KFM7	1	U-01	melanogaster	D. melanogaster
A0A0B4KFN3	1	U-01	melanogaster	D. melanogaster
A0A0B4KFP5	1	U-01	melanogaster	D. melanogaster
A0A0B4KFQ1	1	U-01	melanogaster	D. melanogaster
A0A0B4KFQ4	1	U-01	melanogaster	D. melanogaster
A1ZBY1	1	U-01	melanogaster	D. melanogaster
A1ZBY3	2	U-02	melanogaster	D. melanogaster
A4UZ69	1	U-01	melanogaster	D. melanogaster
A4UZ84	1	U-01	melanogaster	D. melanogaster
A4UZA1	1	U-01	melanogaster	D. melanogaster
A4UZB1	2	U-02	melanogaster	D. melanogaster
A4UZC5	1	U-01	melanogaster	D. melanogaster
A4UZE0	1	U-01	melanogaster	D. melanogaster
A4UZK1	1	U-01	melanogaster	D. melanogaster
A4UZL1	3	U-03	melanogaster	D. melanogaster
A4UZQ7	1	U-01	melanogaster	D. melanogaster
A4UZQ8	1	U-01	melanogaster	D. melanogaster
A4UZR3	2	U-02	melanogaster	D. melanogaster
A4UZW2	1	U-01	melanogaster	D. melanogaster
A4UZY2	1	U-01	melanogaster	D. melanogaster
A4UZZ4	1	U-01	melanogaster	D. melanogaster
A4V0B5	2	U-02	melanogaster	D. melanogaster
A4V0B6	2	U-02	melanogaster	D. melanogaster
A4V0U4	1	U-01	melanogaster	D. melanogaster
A4V0W1	2	U-02	melanogaster	D. melanogaster
A4V193	1	U-01	melanogaster	D. melanogaster
A4V1B2	1	U-01	melanogaster	D. melanogaster
A4V1F5	1	U-01	melanogaster	D. melanogaster
A4V1F9	1	U-01	melanogaster	D. melanogaster
A4V1N8	0	unassigned	melanogaster	D. melanogaster
A4V1U5	2	U-02	melanogaster	D. melanogaster
A4V1Y5	0	unassigned	melanogaster	D. melanogaster
A4V1Z6	1	U-01	melanogaster	D. melanogaster
A4V243	3	U-03	melanogaster	D. melanogaster
A4V2C3	1	U-01	melanogaster	D. melanogaster
A4V2S3	1	U-01	melanogaster	D. melanogaster
A4V307	1	U-01	melanogaster	D. melanogaster
A4V3G1	1	U-01	melanogaster	D. melanogaster
A4V3G8	1	U-01	melanogaster	D. melanogaster
A4V3M5	1	U-01	melanogaster	D. melanogaster
A4V3N7	2	U-02	melanogaster	D. melanogaster
A4V402	1	U-01	melanogaster	D. melanogaster
A4V438	0	unassigned	melanogaster	D. melanogaster
A4V441	1	U-01	melanogaster	D. melanogaster
A4V449	1	U-01	melanogaster	D. melanogaster
A4V4A1	1	U-01	melanogaster	D. melanogaster
A4V4A5	1	U-01	melanogaster	D. melanogaster
A4V4D2	0	unassigned	melanogaster	D. melanogaster
A4V4H8	1	U-01	melanogaster	D. melanogaster
A4V4I0	1	U-01	melanogaster	D. melanogaster
A4V4Q6	1	U-01	melanogaster	D. melanogaster
A4V4Q7	1	U-01	melanogaster	D. melanogaster
A4V4S5	1	U-01	melanogaster	D. melanogaster
A4V4T4	1	U-01	melanogaster	D. melanogaster
A4V4U5	1	U-01	melanogaster	D. melanogaster
A4V4W0	0	unassigned	melanogaster	D. melanogaster
A5XCL5	1	U-01	melanogaster	D. melanogaster
A8DQW8	2	U-02	melanogaster	D. melanogaster
A8DY43	2	U-02	melanogaster	D. melanogaster
A8DY67	1	U-01	melanogaster	D. melanogaster
A8DY75	2	U-02	melanogaster	D. melanogaster
A8DY77	1	U-01	melanogaster	D. melanogaster
A8DY78	1	U-01	melanogaster	D. melanogaster
A8DY80	1	U-01	melanogaster	D. melanogaster
A8DY82	1	U-01	melanogaster	D. melanogaster
A8DY94	1	U-01	melanogaster	D. melanogaster
A8DYB7	1	U-01	melanogaster	D. melanogaster
A8DYC5	3	U-03	melanogaster	D. melanogaster
A8DYD1	1	U-01	melanogaster	D. melanogaster
A8DYD9	1	U-01	melanogaster	D. melanogaster
A8DYE0	1	U-01	melanogaster	D. melanogaster
A8DYE4	1	U-01	melanogaster	D. melanogaster
A8DYE5	1	U-01	melanogaster	D. melanogaster
A8DYE7	1	U-01	melanogaster	D. melanogaster
A8DYE8	1	U-01	melanogaster	D. melanogaster
A8DYE9	1	U-01	melanogaster	D. melanogaster
A8DYG0	0	unassigned	melanogaster	D. melanogaster
A8DYH1	1	U-01	melanogaster	D. melanogaster
A8DYI3	1	U-01	melanogaster	D. melanogaster
A8DYI4	1	U-01	melanogaster	D. melanogaster
A8DYI5	1	U-01	melanogaster	D. melanogaster
A8DYL2	2	U-02	melanogaster	D. melanogaster
A8DYM1	1	U-01	melanogaster	D. melanogaster
A8DYM9	1	U-01	melanogaster	D. melanogaster
A8DYN0	1	U-01	melanogaster	D. melanogaster
A8DYN4	1	U-01	melanogaster	D. melanogaster
A8DYP1	2	U-02	melanogaster	D. melanogaster
A8DYR4	2	U-02	melanogaster	D. melanogaster
A8DYR5	1	U-01	melanogaster	D. melanogaster
A8DYS5	1	U-01	melanogaster	D. melanogaster
A8DYS6	3	U-03	melanogaster	D. melanogaster
A8DYS7	1	U-01	melanogaster	D. melanogaster
A8DYS8	3	U-03	melanogaster	D. melanogaster
A8DYW5	3	U-03	melanogaster	D. melanogaster
A8DYW8	1	U-01	melanogaster	D. melanogaster
Q9V4T5	0	unassigned	melanogaster	D. melanogaster
Q9V4U7	0	unassigned	melanogaster	D. melanogaster
Q9V558	0	unassigned	melanogaster	D. melanogaster
Q9V559	0	unassigned	melanogaster	D. melanogaster
Q9V574	1	U-01	melanogaster	D. melanogaster
Q9V668	3	U-03	melanogaster	D. melanogaster
Q9V6H1	0	unassigned	melanogaster	D. melanogaster
Q9V6Y3	1	U-01	melanogaster	D. melanogaster
Q9V771	0	unassigned	melanogaster	D. melanogaster
Q9V774	0	unassigned	melanogaster	D. melanogaster
Q9V776	0	unassigned	melanogaster	D. melanogaster
Q9V780	1	U-01	melanogaster	D. melanogaster
Q9V784	1	U-01	melanogaster	D. melanogaster
Q9V8M2	0	unassigned	melanogaster	D. melanogaster
Q9V931	2	U-02	melanogaster	D. melanogaster
Q9V938	2	U-02	melanogaster	D. melanogaster
Q9V979	0	unassigned	melanogaster	D. melanogaster
Q9V998	1	U-01	melanogaster	D. melanogaster
Q9V9A9	0	unassigned	melanogaster	D. melanogaster
Q9V9N3	2	U-02	melanogaster	D. melanogaster
Q9V9N5	1	U-01	melanogaster	D. melanogaster
Q9V9N7	1	U-01	melanogaster	D. melanogaster
Q9V9P0	2	U-02	melanogaster	D. melanogaster
Q9V9P1	1	U-01	melanogaster	D. melanogaster
Q9V9P5	1	U-01	melanogaster	D. melanogaster
Q9V9Q2	0	unassigned	melanogaster	D. melanogaster
Q9V9Q4	1	U-01	melanogaster	D. melanogaster
Q9V9Q7	2	U-02	melanogaster	D. melanogaster
Q9V9Q9	2	U-02	melanogaster	D. melanogaster
Q9V9S3	1	U-01	melanogaster	D. melanogaster
Q9V9S4	3	U-03	melanogaster	D. melanogaster
Q9V9S9	3	U-03	melanogaster	D. melanogaster
Q9V9T2	0	unassigned	melanogaster	D. melanogaster
Q9V9U0	1	U-01	melanogaster	D. melanogaster
Q9V9U2	3	U-03	melanogaster	D. melanogaster
Q9V9U7	1	U-01	melanogaster	D. melanogaster
Q9V9U9	1	U-01	melanogaster	D. melanogaster
Q9V9V0	1	U-01	melanogaster	D. melanogaster
Q9V9V6	2	U-02	melanogaster	D. melanogaster
Q9V9V8	0	unassigned	melanogaster	D. melanogaster
Q9V9W4	1	U-01	melanogaster	D. melanogaster
Q9V9W5	1	U-01	melanogaster	D. melanogaster
Q9V9X1	2	U-02	melanogaster	D. melanogaster
Q9V9X3	1	U-01	melanogaster	D. melanogaster
Q9V9Y0	3	U-03	melanogaster	D. melanogaster
Q9V9Y5	2	U-02	melanogaster	D. melanogaster
Q9V9Y6	2	U-02	melanogaster	D. melanogaster
Q9V9Y7	2	U-02	melanogaster	D. melanogaster
Q9V9Y8	2	U-02	melanogaster	D. melanogaster
Q9V9Z0	1	U-01	melanogaster	D. melanogaster
Q9V9Z1	1	U-01	melanogaster	D. melanogaster
Q9V9Z9	1	U-01	melanogaster	D. melanogaster
Q9VA10	3	U-03	melanogaster	D. melanogaster
Q9VA14	3	U-03	melanogaster	D. melanogaster
Q9VA27	0	unassigned	melanogaster	D. melanogaster
Q9VA28	1	U-01	melanogaster	D. melanogaster
Q9VA29	1	U-01	melanogaster	D. melanogaster
Q9VA32	1	U-01	melanogaster	D. melanogaster
Q9VA42	2	U-02	melanogaster	D. melanogaster
Q9VA45	1	U-01	melanogaster	D. melanogaster
Q9VA48	2	U-02	melanogaster	D. melanogaster
Q9VA55	3	U-03	melanogaster	D. melanogaster
Q9VA75	1	U-01	melanogaster	D. melanogaster
Q9VA76	2	U-02	melanogaster	D. melanogaster
Q9VA79	1	U-01	melanogaster	D. melanogaster
Q9VA81	1	U-01	melanogaster	D. melanogaster
Q9VA86	1	U-01	melanogaster	D. melanogaster
Q9VA92	3	U-03	melanogaster	D. melanogaster
Q9VA93	3	U-03	melanogaster	D. melanogaster
Q9VA94	3	U-03	melanogaster	D. melanogaster
Q9VA97	1	U-01	melanogaster	D. melanogaster
Q9VA99	2	U-02	melanogaster	D. melanogaster
Q9VAA0	1	U-01	melanogaster	D. melanogaster
Q9VAA6	1	U-01	melanogaster	D. melanogaster
Q9VAA7	1	U-01	melanogaster	D. melanogaster
Q9VAB0	1	U-01	melanogaster	D. melanogaster
Q9VAB9	1	U-01	melanogaster	D. melanogaster
Q9VAC1	1	U-01	melanogaster	D. melanogaster
Q9VJW8	3	U-03	melanogaster	D. melanogaster
Q9VJX3	1	U-01	melanogaster	D. melanogaster
Q9VJX4	1	U-01	melanogaster	D. melanogaster
Q9VJX7	1	U-01	melanogaster	D. melanogaster
Q9VJY1	1	U-01	melanogaster	D. melanogaster
Q9VJY4	1	U-01	melanogaster	D. melanogaster
Q9VJY7	1	U-01	melanogaster	D. melanogaster
Q9VJZ1	0	unassigned	melanogaster	D. melanogaster
Q9VJZ2	1	U-01	melanogaster	D. melanogaster
Q9VJZ3	1	U-01	melanogaster	D. melanogaster
Q9VJZ6	1	U-01	melanogaster	D. melanogaster
Q9VJZ8	2	U-02	melanogaster	D. melanogaster
Q9VJZ9	2	U-02	melanogaster	D. melanogaster
Q9VK00	1	U-01	melanogaster	D. melanogaster
Q9VK01	1	U-01	melanogaster	D. melanogaster
Q9VK03	3	U-03	melanogaster	D. melanogaster
Q9VK12	0	unassigned	melanogaster	D. melanogaster
Q9VK16	1	U-01	melanogaster	D. melanogaster
Q9VK21	1	U-01	melanogaster	D. melanogaster
Q9VK22	2	U-02	melanogaster	D. melanogaster
Q9VK28	2	U-02	melanogaster	D. melanogaster
Q9VK31	1	U-01	melanogaster	D. melanogaster
E2QD14	1	U-01	melanogaster	D. melanogaster
E2QD33	3	U-03	melanogaster	D. melanogaster
E2QD37	1	U-01	melanogaster	D. melanogaster
E2QD43	3	U-03	melanogaster	D. melanogaster
E2QD45	1	U-01	melanogaster	D. melanogaster
E2QD46	1	U-01	melanogaster	D. melanogaster
E2QD47	3	U-03	melanogaster	D. melanogaster
E2QD59	1	U-01	melanogaster	D. melanogaster
E2QD84	1	U-01	melanogaster	D. melanogaster
E2QD86	1	U-01	melanogaster	D. melanogaster
E2QDA1	1	U-01	melanogaster	D. melanogaster
E8Z4Z5	1	U-01	melanogaster	D. melanogaster
L0MLI5	1	U-01	melanogaster	D. melanogaster
L0MN84	1	U-01	melanogaster	D. melanogaster
L0MPM5	1	U-01	melanogaster	D. melanogaster
L0MPW2	1	U-01	melanogaster	D. melanogaster
L0MPY6	1	U-01	melanogaster	D. melanogaster
L7EET3	1	U-01	melanogaster	D. melanogaster
M9MRC8	1	U-01	melanogaster	D. melanogaster
M9MRF0	1	U-01	melanogaster	D. melanogaster
M9MRF7	1	U-01	melanogaster	D. melanogaster
M9MRG1	1	U-01	melanogaster	D. melanogaster
M9MRG9	1	U-01	melanogaster	D. melanogaster
M9MRH7	3	U-03	melanogaster	D. melanogaster
M9MRH9	2	U-02	melanogaster	D. melanogaster
M9MRI7	1	U-01	melanogaster	D. melanogaster
M9MRJ0	1	U-01	melanogaster	D. melanogaster
M9MRJ3	1	U-01	melanogaster	D. melanogaster
M9MRJ5	2	U-02	melanogaster	D. melanogaster
M9MRL1	1	U-01	melanogaster	D. melanogaster
M9MRL4	1	U-01	melanogaster	D. melanogaster
M9MRN0	1	U-01	melanogaster	D. melanogaster
M9MRN4	1	U-01	melanogaster	D. melanogaster
M9MRN7	1	U-01	melanogaster	D. melanogaster
M9MRP0	2	U-02	melanogaster	D. melanogaster
M9MRP1	1	U-01	melanogaster	D. melanogaster
M9MRP7	1	U-01	melanogaster	D. melanogaster
M9MRQ3	1	U-01	melanogaster	D. melanogaster
M9MRQ6	1	U-01	melanogaster	D. melanogaster
M9MRR7	1	U-01	melanogaster	D. melanogaster
M9MRS6	1	U-01	melanogaster	D. melanogaster
M9MRS8	1	U-01	melanogaster	D. melanogaster
M9MRT3	1	U-01	melanogaster	D. melanogaster
M9MRU2	1	U-01	melanogaster	D. melanogaster
M9MRU4	2	U-02	melanogaster	D. melanogaster
M9MRU8	1	U-01	melanogaster	D. melanogaster
M9MRV6	1	U-01	melanogaster	D. melanogaster
Q2MGK0	0	unassigned	melanogaster	D. melanogaster
Q2MGK1	0	unassigned	melanogaster	D. melanogaster
Q2MGK7	1	U-01	melanogaster	D. melanogaster
Q2MGL2	1	U-01	melanogaster	D. melanogaster
Q2MGL5	0	unassigned	melanogaster	D. melanogaster
Q2MGL7	1	U-01	melanogaster	D. melanogaster
Q2MGN3	1	U-01	melanogaster	D. melanogaster
Q2MGP2	1	U-01	melanogaster	D. melanogaster
Q2MGP3	1	U-01	melanogaster	D. melanogaster
Q2MGP4	1	U-01	melanogaster	D. melanogaster
Q2MGP5	1	U-01	melanogaster	D. melanogaster
Q2MGP6	1	U-01	melanogaster	D. melanogaster
Q2MGP7	1	U-01	melanogaster	D. melanogaster
Q2PDM3	1	U-01	melanogaster	D. melanogaster
Q2PDP2	3	U-03	melanogaster	D. melanogaster
Q2PDP3	1	U-01	melanogaster	D. melanogaster
Q2PDQ0	1	U-01	melanogaster	D. melanogaster
Q2PDQ6	2	U-02	melanogaster	D. melanogaster
Q2PDQ9	1	U-01	melanogaster	D. melanogaster
Q2PDS0	1	U-01	melanogaster	D. melanogaster
Q2PDT3	1	U-01	melanogaster	D. melanogaster
Q2PDU0	2	U-02	melanogaster	D. melanogaster
Q2PDV5	3	U-03	melanogaster	D. melanogaster
Q2PDW4	1	U-01	melanogaster	D. melanogaster
Q2PDX2	1	U-01	melanogaster	D. melanogaster
Q2PDX6	1	U-01	melanogaster	D. melanogaster
Q2PDZ1	2	U-02	melanogaster	D. melanogaster
Q2PE06	1	U-01	melanogaster	D. melanogaster
Q2PE12	1	U-01	melanogaster	D. melanogaster
Q2PE22	2	U-02	melanogaster	D. melanogaster
Q2PE27	1	U-01	melanogaster	D. melanogaster
Q45WI1	1	U-01	melanogaster	D. melanogaster
Q4AB20	0	unassigned	melanogaster	D. melanogaster
Q4AB21	0	unassigned	melanogaster	D. melanogaster
Q4AB23	0	unassigned	melanogaster	D. melanogaster
Q4AB33	0	unassigned	melanogaster	D. melanogaster
Q4AB35	0	unassigned	melanogaster	D. melanogaster
Q4AB36	0	unassigned	melanogaster	D. melanogaster
Q4AB37	0	unassigned	melanogaster	D. melanogaster
Q4AB38	0	unassigned	melanogaster	D. melanogaster
Q4AB39	0	unassigned	melanogaster	D. melanogaster
Q4ABF1	0	unassigned	melanogaster	D. melanogaster
Q4ABF4	0	unassigned	melanogaster	D. melanogaster
Q4ABF6	0	unassigned	melanogaster	D. melanogaster
Q4ABF7	0	unassigned	melanogaster	D. melanogaster
Q4ABF8	0	unassigned	melanogaster	D. melanogaster
Q4ABF9	0	unassigned	melanogaster	D. melanogaster
Q4ABG0	0	unassigned	melanogaster	D. melanogaster
Q4ABG1	0	unassigned	melanogaster	D. melanogaster
Q4ABG8	0	unassigned	melanogaster	D. melanogaster
Q4ABH2	0	unassigned	melanogaster	D. melanogaster
Q4ABH4	0	unassigned	melanogaster	D. melanogaster
Q4ABH5	0	unassigned	melanogaster	D. melanogaster
Q86BA1	1	U-01	melanogaster	D. melanogaster
Q86BB4	1	U-01	melanogaster	D. melanogaster
Q86BB5	1	U-01	melanogaster	D. melanogaster
Q86BH2	1	U-01	melanogaster	D. melanogaster
Q86BJ3	2	U-02	melanogaster	D. melanogaster
Q86BN8	1	U-01	melanogaster	D. melanogaster
Q86BP6	1	U-01	melanogaster	D. melanogaster
Q86BR9	0	unassigned	melanogaster	D. melanogaster
Q86BS3	1	U-01	melanogaster	D. melanogaster
Q86BY9	1	U-01	melanogaster	D. melanogaster
Q86NP2	1	U-01	melanogaster	D. melanogaster
Q86PC9	1	U-01	melanogaster	D. melanogaster
Q86PD7	2	U-02	melanogaster	D. melanogaster
Q86S05	1	U-01	melanogaster	D. melanogaster
Q8I0A1	1	U-01	melanogaster	D. melanogaster
Q8I0C2	1	U-01	melanogaster	D. melanogaster
Q8I0G5	1	U-01	melanogaster	D. melanogaster
Q8I0J6	1	U-01	melanogaster	D. melanogaster
Q8I0P1	1	U-01	melanogaster	D. melanogaster
Q8I0S6	1	U-01	melanogaster	D. melanogaster
Q8I7C3	1	U-01	melanogaster	D. melanogaster
Q8I8U7	1	U-01	melanogaster	D. melanogaster
Q8I8V0	1	U-01	melanogaster	D. melanogaster
Q8IGJ0	1	U-01	melanogaster	D. melanogaster
Q8IH18	1	U-01	melanogaster	D. melanogaster
Q8IM86	1	U-01	melanogaster	D. melanogaster
Q8IM87	1	U-01	melanogaster	D. melanogaster
Q8IM96	0	unassigned	melanogaster	D. melanogaster
Q8IMA8	1	U-01	melanogaster	D. melanogaster
Q8IMC2	2	U-02	melanogaster	D. melanogaster
Q8IMF8	1	U-01	melanogaster	D. melanogaster
Q8IMI5	1	U-01	melanogaster	D. melanogaster
Q8IMK7	1	U-01	melanogaster	D. melanogaster
Q8IML3	3	U-03	melanogaster	D. melanogaster
Q8IML4	3	U-03	melanogaster	D. melanogaster
Q8IML5	3	U-03	melanogaster	D. melanogaster
Q8IMS2	1	U-01	melanogaster	D. melanogaster
Q8IMT8	1	U-01	melanogaster	D. melanogaster
Q8IMX0	1	U-01	melanogaster	D. melanogaster
Q8IMX7	1	U-01	melanogaster	D. melanogaster
Q8IMZ4	1	U-01	melanogaster	D. melanogaster
Q8IMZ9	1	U-01	melanogaster	D. melanogaster
Q8IN05	1	U-01	melanogaster	D. melanogaster
Q8IN24	3	U-03	melanogaster	D. melanogaster
Q8IN35	3	U-03	melanogaster	D. melanogaster
Q9VJ37	1	U-01	melanogaster	D. melanogaster
Q9VJ43	1	U-01	melanogaster	D. melanogaster
Q9VJ57	1	U-01	melanogaster	D. melanogaster
Q9VJ82	2	U-02	melanogaster	D. melanogaster
Q9VJ83	2	U-02	melanogaster	D. melanogaster
Q9VJ86	1	U-01	melanogaster	D. melanogaster
Q9VJB6	2	U-02	melanogaster	D. melanogaster
Q9VJJ7	1	U-01	melanogaster	D. melanogaster
Q9VJK6	1	U-01	melanogaster	D. melanogaster
Q9VJL6	1	U-01	melanogaster	D. melanogaster
Q9VJN9	2	U-02	melanogaster	D. melanogaster
Q9VJQ5	1	U-01	melanogaster	D. melanogaster
Q9VJS7	0	unassigned	melanogaster	D. melanogaster
Q9VJS8	1	U-01	melanogaster	D. melanogaster
Q9VJV8	1	U-01	melanogaster	D. melanogaster
Q9VJW9	2	U-02	melanogaster	D. melanogaster
Q9VJX9	2	U-02	melanogaster	D. melanogaster
Q9VJY8	1	U-01	melanogaster	D. melanogaster
Q9VJY9	1	U-01	melanogaster	D. melanogaster
Q9VK07	1	U-01	melanogaster	D. melanogaster
Q9VK14	1	U-01	melanogaster	D. melanogaster
Q9VK34	1	U-01	melanogaster	D. melanogaster
Q9VK45	1	U-01	melanogaster	D. melanogaster
Q9VK54	2	U-02	melanogaster	D. melanogaster
Q9VK91	1	U-01	melanogaster	D. melanogaster
Q9VK95	3	U-03	melanogaster	D. melanogaster
Q9VKA0	2	U-02	melanogaster	D. melanogaster
Q9VKA5	3	U-03	melanogaster	D. melanogaster
Q9VKB2	1	U-01	melanogaster	D. melanogaster
Q9VKB3	1	U-01	melanogaster	D. melanogaster
Q9VKB9	1	U-01	melanogaster	D. melanogaster
Q9VKD3	1	U-01	melanogaster	D. melanogaster
Q9VKD6	1	U-01	melanogaster	D. melanogaster
Q9VKD7	1	U-01	melanogaster	D. melanogaster
Q9VKI0	0	unassigned	melanogaster	D. melanogaster
Q9VKJ7	0	unassigned	melanogaster	D. melanogaster
Q9VKJ9	1	U-01	melanogaster	D. melanogaster
Q9VKK1	1	U-01	melanogaster	D. melanogaster
Q9VKK2	1	U-01	melanogaster	D. melanogaster
Q9VKM2	1	U-01	melanogaster	D. melanogaster
Q9VKN7	1	U-01	melanogaster	D. melanogaster
Q9VKQ9	1	U-01	melanogaster	D. melanogaster
Q9VKV5	1	U-01	melanogaster	D. melanogaster
Q9VKV8	1	U-01	melanogaster	D. melanogaster
Q9VKX2	1	U-01	melanogaster	D. melanogaster
Q9VL10	1	U-01	melanogaster	D. melanogaster
Q9VL14	1	U-01	melanogaster	D. melanogaster
Q9VL24	3	U-03	melanogaster	D. melanogaster
Q9VL63	1	U-01	melanogaster	D. melanogaster
Q9VL76	1	U-01	melanogaster	D. melanogaster
Q9VLA1	2	U-02	melanogaster	D. melanogaster
Q9VLA2	1	U-01	melanogaster	D. melanogaster
Q9VLC0	1	U-01	melanogaster	D. melanogaster
Q9VLD6	1	U-01	melanogaster	D. melanogaster
Q9VLD9	1	U-01	melanogaster	D. melanogaster
O61348	1	U-01	melanogaster	D. melanogaster
O61604	1	U-01	melanogaster	D. melanogaster
O76454	1	U-01	melanogaster	D. melanogaster
O76752	1	U-01	melanogaster	D. melanogaster
O76857	1	U-01	melanogaster	D. melanogaster
O76861	1	U-01	melanogaster	D. melanogaster
O76874	1	U-01	melanogaster	D. melanogaster
O76877	1	U-01	melanogaster	D. melanogaster
O76894	1	U-01	melanogaster	D. melanogaster
O76896	2	U-02	melanogaster	D. melanogaster
O76912	1	U-01	melanogaster	D. melanogaster
O76994	1	U-01	melanogaster	D. melanogaster
O77260	0	unassigned	melanogaster	D. melanogaster
O77262	3	U-03	melanogaster	D. melanogaster
O77266	1	U-01	melanogaster	D. melanogaster
O77286	1	U-01	melanogaster	D. melanogaster
O77424	1	U-01	melanogaster	D. melanogaster
O96532	1	U-01	melanogaster	D. melanogaster
O96676	1	U-01	melanogaster	D. melanogaster
O96860	1	U-01	melanogaster	D. melanogaster
O97059	1	U-01	melanogaster	D. melanogaster
O97060	1	U-01	melanogaster	D. melanogaster
O97061	1	U-01	melanogaster	D. melanogaster
O97062	1	U-01	melanogaster	D. melanogaster
O97063	1	U-01	melanogaster	D. melanogaster
O97064	1	U-01	melanogaster	D. melanogaster
O97067	1	U-01	melanogaster	D. melanogaster
O97179	1	U-01	melanogaster	D. melanogaster
O97428	1	U-01	melanogaster	D. melanogaster
O97454	1	U-01	melanogaster	D. melanogaster
P02841	1	U-01	melanogaster	D. melanogaster
P02842	1	U-01	melanogaster	D. melanogaster
P05812	1	U-01	melanogaster	D. melanogaster
P07183	1	U-01	melanogaster	D. melanogaster
P07186	1	U-01	melanogaster	D. melanogaster
P07701	2	U-02	melanogaster	D. melanogaster
P09180	1	U-01	melanogaster	D. melanogaster
P23779	0	unassigned	melanogaster	D. melanogaster
P23938	0	unassigned	melanogaster	D. melanogaster
P36951	1	U-01	melanogaster	D. melanogaster
P40139	0	unassigned	melanogaster	D. melanogaster
P40140	0	unassigned	melanogaster	D. melanogaster
P41093	1	U-01	melanogaster	D. melanogaster
P47947	1	U-01	melanogaster	D. melanogaster
P47948	1	U-01	melanogaster	D. melanogaster
P48149	1	U-01	melanogaster	D. melanogaster
P49963	1	U-01	melanogaster	D. melanogaster
P50882	1	U-01	melanogaster	D. melanogaster
P54185	2	U-02	melanogaster	D. melanogaster
P54195	0	unassigned	melanogaster	D. melanogaster
P56175	1	U-01	melanogaster	D. melanogaster
P82384	0	unassigned	melanogaster	D. melanogaster
P82711	0	unassigned	melanogaster	D. melanogaster
P82713	0	unassigned	melanogaster	D. melanogaster
P83098	1	U-01	melanogaster	D. melanogaster
P83262	1	U-01	melanogaster	D. melanogaster
P83740	3	U-03	melanogaster	D. melanogaster
P91632	1	U-01	melanogaster	D. melanogaster
P91659	3	U-03	melanogaster	D. melanogaster
P91939	0	unassigned	melanogaster	D. melanogaster
P91940	0	unassigned	melanogaster	D. melanogaster
P91941	0	unassigned	melanogaster	D. melanogaster
P91942	0	unassigned	melanogaster	D. melanogaster
P92181	0	unassigned	melanogaster	D. melanogaster
P92194	0	unassigned	melanogaster	D. melanogaster
Q01642	1	U-01	melanogaster	D. melanogaster
Q01643	1	U-01	melanogaster	D. melanogaster
Q01644	1	U-01	melanogaster	D. melanogaster
Q01645	1	U-01	melanogaster	D. melanogaster
Q0E8A7	1	U-01	melanogaster	D. melanogaster
Q0E8A8	1	U-01	melanogaster	D. melanogaster
Q0E8B8	2	U-02	melanogaster	D. melanogaster
Q0E8C5	1	U-01	melanogaster	D. melanogaster
Q0E8C6	1	U-01	melanogaster	D. melanogaster
Q0E8D4	2	U-02	melanogaster	D. melanogaster
Q0E8D7	3	U-03	melanogaster	D. melanogaster
Q0E8E1	3	U-03	melanogaster	D. melanogaster
Q0E8E6	2	U-02	melanogaster	D. melanogaster
Q0E8E9	1	U-01	melanogaster	D. melanogaster
Q0E8F4	1	U-01	melanogaster	D. melanogaster
Q0E8F5	1	U-01	melanogaster	D. melanogaster
Q0E8G5	1	U-01	melanogaster	D. melanogaster
Q0E8H7	3	U-03	melanogaster	D. melanogaster
Q0E8H8	1	U-01	melanogaster	D. melanogaster
Q0E8I0	0	unassigned	melanogaster	D. melanogaster
Q0E8I8	1	U-01	melanogaster	D. melanogaster
Q0E8J2	3	U-03	melanogaster	D. melanogaster
Q0E8K1	1	U-01	melanogaster	D. melanogaster
Q0E8K4	1	U-01	melanogaster	D. melanogaster
Q7KUG2	0	unassigned	melanogaster	D. melanogaster
Q7KUH2	1	U-01	melanogaster	D. melanogaster
Q7KUI0	1	U-01	melanogaster	D. melanogaster
Q7KUI2	1	U-01	melanogaster	D. melanogaster
Q7KUI3	1	U-01	melanogaster	D. melanogaster
Q7KUJ0	2	U-02	melanogaster	D. melanogaster
Q7KUJ4	1	U-01	melanogaster	D. melanogaster
Q7KUJ5	1	U-01	melanogaster	D. melanogaster
Q7KUJ8	1	U-01	melanogaster	D. melanogaster
Q7KUK2	0	unassigned	melanogaster	D. melanogaster
Q7KUK6	1	U-01	melanogaster	D. melanogaster
M9PGB6	1	U-01	melanogaster	D. melanogaster
M9PGC8	1	U-01	melanogaster	D. melanogaster
M9PGD2	2	U-02	melanogaster	D. melanogaster
M9PGR2	2	U-02	melanogaster	D. melanogaster
M9PGT2	0	unassigned	melanogaster	D. melanogaster
M9PGV2	1	U-01	melanogaster	D. melanogaster
M9PGV8	1	U-01	melanogaster	D. melanogaster
M9PGW2	1	U-01	melanogaster	D. melanogaster
M9PGW5	1	U-01	melanogaster	D. melanogaster
M9PGX4	1	U-01	melanogaster	D. melanogaster
M9PGY3	1	U-01	melanogaster	D. melanogaster
M9PH18	2	U-02	melanogaster	D. melanogaster
M9PH27	2	U-02	melanogaster	D. melanogaster
M9PH37	1	U-01	melanogaster	D. melanogaster
M9PH63	1	U-01	melanogaster	D. melanogaster
M9PH72	1	U-01	melanogaster	D. melanogaster
M9PH77	1	U-01	melanogaster	D. melanogaster
M9PHC0	1	U-01	melanogaster	D. melanogaster
M9PHD3	0	unassigned	melanogaster	D. melanogaster
M9PHD6	2	U-02	melanogaster	D. melanogaster
M9PHE1	1	U-01	melanogaster	D. melanogaster
M9PHE4	1	U-01	melanogaster	D. melanogaster
M9PHF7	1	U-01	melanogaster	D. melanogaster
M9PHH9	1	U-01	melanogaster	D. melanogaster
M9PHM9	1	U-01	melanogaster	D. melanogaster
M9PHP0	1	U-01	melanogaster	D. melanogaster
M9PHQ8	1	U-01	melanogaster	D. melanogaster
M9PHT3	2	U-02	melanogaster	D. melanogaster
M9PHV0	1	U-01	melanogaster	D. melanogaster
M9PHV4	1	U-01	melanogaster	D. melanogaster
M9PHX0	1	U-01	melanogaster	D. melanogaster
M9PHY0	3	U-03	melanogaster	D. melanogaster
M9PHY9	1	U-01	melanogaster	D. melanogaster
M9PI13	1	U-01	melanogaster	D. melanogaster
M9PI30	1	U-01	melanogaster	D. melanogaster
M9PI40	1	U-01	melanogaster	D. melanogaster
M9PI68	1	U-01	melanogaster	D. melanogaster
M9PI75	1	U-01	melanogaster	D. melanogaster
M9PI82	1	U-01	melanogaster	D. melanogaster
M9PI84	1	U-01	melanogaster	D. melanogaster
M9PI87	1	U-01	melanogaster	D. melanogaster
M9PI93	1	U-01	melanogaster	D. melanogaster
Q86BM0	1	U-01	melanogaster	D. melanogaster
Q86BM2	3	U-03	melanogaster	D. melanogaster
Q86BM3	3	U-03	melanogaster	D. melanogaster
Q86BM4	3	U-03	melanogaster	D. melanogaster
Q86BM7	1	U-01	melanogaster	D. melanogaster
Q86BM9	1	U-01	melanogaster	D. melanogaster
Q86BQ2	2	U-02	melanogaster	D. melanogaster
Q86BQ4	1	U-01	melanogaster	D. melanogaster
Q86PF4	1	U-01	melanogaster	D. melanogaster
Q8I050	1	U-01	melanogaster	D. melanogaster
Q8I062	0	unassigned	melanogaster	D. melanogaster
Q8I079	1	U-01	melanogaster	D. melanogaster
Q8I099	0	unassigned	melanogaster	D. melanogaster
Q8I0H4	1	U-01	melanogaster	D. melanogaster
Q8I0K2	2	U-02	melanogaster	D. melanogaster
Q8I0L0	1	U-01	melanogaster	D. melanogaster
Q8I0N3	1	U-01	melanogaster	D. melanogaster
Q8I0S2	1	U-01	melanogaster	D. melanogaster
Q8I0S9	1	U-01	melanogaster	D. melanogaster
Q8I0T1	1	U-01	melanogaster	D. melanogaster
Q8I942	1	U-01	melanogaster	D. melanogaster
Q8IM93	1	U-01	melanogaster	D. melanogaster
Q8IMB9	1	U-01	melanogaster	D. melanogaster
Q8IMF0	1	U-01	melanogaster	D. melanogaster
Q8IMF1	3	U-03	melanogaster	D. melanogaster
Q8IMF2	1	U-01	melanogaster	D. melanogaster
Q8IMF3	1	U-01	melanogaster	D. melanogaster
Q8IMG0	1	U-01	melanogaster	D. melanogaster
Q8IMG8	1	U-01	melanogaster	D. melanogaster
Q8IMH6	1	U-01	melanogaster	D. melanogaster
Q8IMH8	2	U-02	melanogaster	D. melanogaster
Q8IMI6	1	U-01	melanogaster	D. melanogaster
Q8IMJ2	1	U-01	melanogaster	D. melanogaster
Q8IMK6	1	U-01	melanogaster	D. melanogaster
Q8IMK8	2	U-02	melanogaster	D. melanogaster
Q8IMM2	1	U-01	melanogaster	D. melanogaster
Q8IMM3	1	U-01	melanogaster	D. melanogaster
Q8IMN2	1	U-01	melanogaster	D. melanogaster
Q8IMN4	1	U-01	melanogaster	D. melanogaster
Q8IMN9	1	U-01	melanogaster	D. melanogaster
Q8IMQ3	0	unassigned	melanogaster	D. melanogaster
Q8IMQ4	1	U-01	melanogaster	D. melanogaster
Q8IMS4	1	U-01	melanogaster	D. melanogaster
Q8IMS5	1	U-01	melanogaster	D. melanogaster
Q8IMT0	1	U-01	melanogaster	D. melanogaster
Q8IMT2	1	U-01	melanogaster	D. melanogaster
Q8IMT3	1	U-01	melanogaster	D. melanogaster
Q8IMT4	1	U-01	melanogaster	D. melanogaster
Q8IMU0	1	U-01	melanogaster	D. melanogaster
Q8IMU1	1	U-01	melanogaster	D. melanogaster
Q8IMU2	2	U-02	melanogaster	D. melanogaster
Q8IMV1	1	U-01	melanogaster	D. melanogaster
Q8IMW8	0	unassigned	melanogaster	D. melanogaster
Q8IN01	0	unassigned	melanogaster	D. melanogaster
Q8IN16	1	U-01	melanogaster	D. melanogaster
Q8IN20	1	U-01	melanogaster	D. melanogaster
Q8IN21	0	unassigned	melanogaster	D. melanogaster
Q8IN27	0	unassigned	melanogaster	D. melanogaster
A1ZB71	0	unassigned	melanogaster	D. melanogaster
A1ZB72	0	unassigned	melanogaster	D. melanogaster
A1ZB84	3	U-03	melanogaster	D. melanogaster
A1ZB86	1	U-01	melanogaster	D. melanogaster
A1ZB88	1	U-01	melanogaster	D. melanogaster
A1ZBA1	1	U-01	melanogaster	D. melanogaster
A1ZBC2	1	U-01	melanogaster	D. melanogaster
A1ZBC7	3	U-03	melanogaster	D. melanogaster
A1ZBC8	3	U-03	melanogaster	D. melanogaster
A1ZBD3	2	U-02	melanogaster	D. melanogaster
A1ZBE8	1	U-01	melanogaster	D. melanogaster
A1ZBF1	1	U-01	melanogaster	D. melanogaster
A1ZBF2	0	unassigned	melanogaster	D. melanogaster
A1ZBF6	1	U-01	melanogaster	D. melanogaster
A1ZBF7	3	U-03	melanogaster	D. melanogaster
A1ZBI6	1	U-01	melanogaster	D. melanogaster
A1ZBI8	1	U-01	melanogaster	D. melanogaster
A1ZBI9	1	U-01	melanogaster	D. melanogaster
A1ZBK9	1	U-01	melanogaster	D. melanogaster
A1ZBM9	0	unassigned	melanogaster	D. melanogaster
A1ZBS7	1	U-01	melanogaster	D. melanogaster
A1ZBU1	0	unassigned	melanogaster	D. melanogaster
A1ZBV7	2	U-02	melanogaster	D. melanogaster
A1ZBX3	1	U-01	melanogaster	D. melanogaster
A1ZBX8	2	U-02	melanogaster	D. melanogaster
M9PG66	1	U-01	melanogaster	D. melanogaster
M9PG76	1	U-01	melanogaster	D. melanogaster
M9PG83	1	U-01	melanogaster	D. melanogaster
M9PGA0	1	U-01	melanogaster	D. melanogaster
M9PGA2	2	U-02	melanogaster	D. melanogaster
M9PGA6	1	U-01	melanogaster	D. melanogaster
M9PGB1	1	U-01	melanogaster	D. melanogaster
M9PGB3	1	U-01	melanogaster	D. melanogaster
M9PGB7	1	U-01	melanogaster	D. melanogaster
M9PGC1	1	U-01	melanogaster	D. melanogaster
M9PGE2	0	unassigned	melanogaster	D. melanogaster
M9PGH1	1	U-01	melanogaster	D. melanogaster
M9PGH5	1	U-01	melanogaster	D. melanogaster
M9PGH6	1	U-01	melanogaster	D. melanogaster
M9PGI0	1	U-01	melanogaster	D. melanogaster
M9PGI3	1	U-01	melanogaster	D. melanogaster
M9PGI4	0	unassigned	melanogaster	D. melanogaster
M9PGI6	1	U-01	melanogaster	D. melanogaster
M9PGJ2	1	U-01	melanogaster	D. melanogaster
M9PGL2	1	U-01	melanogaster	D. melanogaster
M9PGN9	1	U-01	melanogaster	D. melanogaster
M9PGP8	1	U-01	melanogaster	D. melanogaster
M9PGQ8	1	U-01	melanogaster	D. melanogaster
M9PGS9	1	U-01	melanogaster	D. melanogaster
M9PGU2	1	U-01	melanogaster	D. melanogaster
M9PGU6	2	U-02	melanogaster	D. melanogaster
M9PGV0	1	U-01	melanogaster	D. melanogaster
M9PGW0	3	U-03	melanogaster	D. melanogaster
M9PGW1	1	U-01	melanogaster	D. melanogaster
M9PGW8	1	U-01	melanogaster	D. melanogaster
M9PGW9	1	U-01	melanogaster	D. melanogaster
M9PGX7	1	U-01	melanogaster	D. melanogaster
M9PGZ9	1	U-01	melanogaster	D. melanogaster
M9PH04	3	U-03	melanogaster	D. melanogaster
M9PH78	0	unassigned	melanogaster	D. melanogaster
M9PH86	2	U-02	melanogaster	D. melanogaster
M9PH94	1	U-01	melanogaster	D. melanogaster
M9PH99	1	U-01	melanogaster	D. melanogaster
M9PHA0	1	U-01	melanogaster	D. melanogaster
M9PHA4	3	U-03	melanogaster	D. melanogaster
M9PHB1	0	unassigned	melanogaster	D. melanogaster
M9PHC2	2	U-02	melanogaster	D. melanogaster
M9PHG0	1	U-01	melanogaster	D. melanogaster
M9PHG6	0	unassigned	melanogaster	D. melanogaster
M9PHJ0	0	unassigned	melanogaster	D. melanogaster
M9PHJ5	1	U-01	melanogaster	D. melanogaster
M9PHK2	1	U-01	melanogaster	D. melanogaster
M9PHL4	1	U-01	melanogaster	D. melanogaster
M9PHL6	1	U-01	melanogaster	D. melanogaster
M9PHM1	0	unassigned	melanogaster	D. melanogaster
M9PHN9	1	U-01	melanogaster	D. melanogaster
M9PHQ7	1	U-01	melanogaster	D. melanogaster
M9PHR0	1	U-01	melanogaster	D. melanogaster
M9PHR2	0	unassigned	melanogaster	D. melanogaster
M9PHS6	2	U-02	melanogaster	D. melanogaster
M9PHV3	1	U-01	melanogaster	D. melanogaster
M9PHV6	1	U-01	melanogaster	D. melanogaster
M9PHW7	1	U-01	melanogaster	D. melanogaster
M9PHY4	1	U-01	melanogaster	D. melanogaster
M9PHY7	1	U-01	melanogaster	D. melanogaster
M9PHZ3	1	U-01	melanogaster	D. melanogaster
M9PI07	1	U-01	melanogaster	D. melanogaster
M9PI11	0	unassigned	melanogaster	D. melanogaster
M9PI33	1	U-01	melanogaster	D. melanogaster
M9PI51	1	U-01	melanogaster	D. melanogaster
M9PI52	0	unassigned	melanogaster	D. melanogaster
M9PI53	1	U-01	melanogaster	D. melanogaster
M9PI59	0	unassigned	melanogaster	D. melanogaster
M9PI66	1	U-01	melanogaster	D. melanogaster
M9PI70	0	unassigned	melanogaster	D. melanogaster
M9PIB5	1	U-01	melanogaster	D. melanogaster
M9PIC9	1	U-01	melanogaster	D. melanogaster
M9PIG8	1	U-01	melanogaster	D. melanogaster
M9PII7	1	U-01	melanogaster	D. melanogaster
M9PIJ7	1	U-01	melanogaster	D. melanogaster
Q9VTH3	0	unassigned	melanogaster	D. melanogaster
Q9VTH7	2	U-02	melanogaster	D. melanogaster
Q9VTH8	1	U-01	melanogaster	D. melanogaster
Q9VTI0	1	U-01	melanogaster	D. melanogaster
Q9VTI3	1	U-01	melanogaster	D. melanogaster
Q9VTI5	1	U-01	melanogaster	D. melanogaster
Q9VTJ3	1	U-01	melanogaster	D. melanogaster
Q9VTK6	1	U-01	melanogaster	D. melanogaster
Q9VTL0	1	U-01	melanogaster	D. melanogaster
Q9VTL3	3	U-03	melanogaster	D. melanogaster
Q9VTL4	2	U-02	melanogaster	D. melanogaster
Q9VTL8	1	U-01	melanogaster	D. melanogaster
Q9VTL9	3	U-03	melanogaster	D. melanogaster
Q9VTM4	1	U-01	melanogaster	D. melanogaster
Q9VTM9	1	U-01	melanogaster	D. melanogaster
Q9VTN2	1	U-01	melanogaster	D. melanogaster
Q9VTN3	1	U-01	melanogaster	D. melanogaster
Q9VTN7	0	unassigned	melanogaster	D. melanogaster
Q9VTN9	1	U-01	melanogaster	D. melanogaster
Q9VTP1	1	U-01	melanogaster	D. melanogaster
Q9VTP5	1	U-01	melanogaster	D. melanogaster
Q9VTQ1	3	U-03	melanogaster	D. melanogaster
Q9VTR0	2	U-02	melanogaster	D. melanogaster
Q9VTR1	2	U-02	melanogaster	D. melanogaster
Q9VTR2	1	U-01	melanogaster	D. melanogaster
Q9VTR3	2	U-02	melanogaster	D. melanogaster
Q9VTR4	2	U-02	melanogaster	D. melanogaster
Q9VTR7	1	U-01	melanogaster	D. melanogaster
Q9VTR8	2	U-02	melanogaster	D. melanogaster
Q9VTS0	3	U-03	melanogaster	D. melanogaster
Q9VTT2	1	U-01	melanogaster	D. melanogaster
Q9VTT6	0	unassigned	melanogaster	D. melanogaster
Q9VTT9	1	U-01	melanogaster	D. melanogaster
Q9VTU0	1	U-01	melanogaster	D. melanogaster
Q9VTV4	1	U-01	melanogaster	D. melanogaster
Q9VTW0	1	U-01	melanogaster	D. melanogaster
Q9VTW1	1	U-01	melanogaster	D. melanogaster
Q9VTW3	1	U-01	melanogaster	D. melanogaster
Q9VTW5	1	U-01	melanogaster	D. melanogaster
Q9VTX1	1	U-01	melanogaster	D. melanogaster
Q9VTX3	3	U-03	melanogaster	D. melanogaster
Q9VTY5	1	U-01	melanogaster	D. melanogaster
X2JE07	1	U-01	melanogaster	D. melanogaster
X2JE14	1	U-01	melanogaster	D. melanogaster
X2JE21	2	U-02	melanogaster	D. melanogaster
X2JE29	1	U-01	melanogaster	D. melanogaster
X2JE33	1	U-01	melanogaster	D. melanogaster
X2JE60	1	U-01	melanogaster	D. melanogaster
X2JE61	3	U-03	melanogaster	D. melanogaster
X2JE69	1	U-01	melanogaster	D. melanogaster
X2JE77	1	U-01	melanogaster	D. melanogaster
X2JE80	1	U-01	melanogaster	D. melanogaster
X2JE83	1	U-01	melanogaster	D. melanogaster
X2JE93	1	U-01	melanogaster	D. melanogaster
X2JEA7	1	U-01	melanogaster	D. melanogaster
X2JEB1	1	U-01	melanogaster	D. melanogaster
X2JEB6	2	U-02	melanogaster	D. melanogaster
X2JEC4	0	unassigned	melanogaster	D. melanogaster
X2JEC6	1	U-01	melanogaster	D. melanogaster
X2JED0	1	U-01	melanogaster	D. melanogaster
X2JEF3	1	U-01	melanogaster	D. melanogaster
X2JEI9	1	U-01	melanogaster	D. melanogaster
X2JEJ1	1	U-01	melanogaster	D. melanogaster
X2JEK1	2	U-02	melanogaster	D. melanogaster
X2JEK6	1	U-01	melanogaster	D. melanogaster
X2JEK7	1	U-01	melanogaster	D. melanogaster
X2JEL4	1	U-01	melanogaster	D. melanogaster
X2JEM4	1	U-01	melanogaster	D. melanogaster
X2JEN5	1	U-01	melanogaster	D. melanogaster
X2JEN8	1	U-01	melanogaster	D. melanogaster
X2JEP7	1	U-01	melanogaster	D. melanogaster
X2JER0	1	U-01	melanogaster	D. melanogaster
X2JEU5	1	U-01	melanogaster	D. melanogaster
X2JEV9	1	U-01	melanogaster	D. melanogaster
X2JEW2	1	U-01	melanogaster	D. melanogaster
X2JEX4	2	U-02	melanogaster	D. melanogaster
X2JEX7	1	U-01	melanogaster	D. melanogaster
X2JEY9	1	U-01	melanogaster	D. melanogaster
X2JF51	1	U-01	melanogaster	D. melanogaster
X2JFI2	2	U-02	melanogaster	D. melanogaster
X2JFJ0	1	U-01	melanogaster	D. melanogaster
X2JFL7	1	U-01	melanogaster	D. melanogaster
X2JFP6	1	U-01	melanogaster	D. melanogaster
X2JFR0	1	U-01	melanogaster	D. melanogaster
X2JFS5	1	U-01	melanogaster	D. melanogaster
X2JFS7	2	U-02	melanogaster	D. melanogaster
X2JFT2	2	U-02	melanogaster	D. melanogaster
X2JFT8	3	U-03	melanogaster	D. melanogaster
X2JFW6	1	U-01	melanogaster	D. melanogaster
X2JFX5	1	U-01	melanogaster	D. melanogaster
X2JFY0	1	U-01	melanogaster	D. melanogaster
X2JG15	3	U-03	melanogaster	D. melanogaster
X2JG23	1	U-01	melanogaster	D. melanogaster
X2JG37	1	U-01	melanogaster	D. melanogaster
X2JG50	1	U-01	melanogaster	D. melanogaster
X2JGA6	0	unassigned	melanogaster	D. melanogaster
X2JGD7	3	U-03	melanogaster	D. melanogaster
X2JGF5	1	U-01	melanogaster	D. melanogaster
X2JGK6	1	U-01	melanogaster	D. melanogaster
X2JGM9	1	U-01	melanogaster	D. melanogaster
M9PDT5	1	U-01	melanogaster	D. melanogaster
M9PDU4	1	U-01	melanogaster	D. melanogaster
M9PDV1	1	U-01	melanogaster	D. melanogaster
M9PDV6	1	U-01	melanogaster	D. melanogaster
M9PDV9	1	U-01	melanogaster	D. melanogaster
M9PDW5	2	U-02	melanogaster	D. melanogaster
M9PDW6	0	unassigned	melanogaster	D. melanogaster
M9PE03	1	U-01	melanogaster	D. melanogaster
M9PE08	3	U-03	melanogaster	D. melanogaster
M9PE27	1	U-01	melanogaster	D. melanogaster
M9PE28	1	U-01	melanogaster	D. melanogaster
M9PE50	1	U-01	melanogaster	D. melanogaster
M9PE53	1	U-01	melanogaster	D. melanogaster
M9PE66	1	U-01	melanogaster	D. melanogaster
M9PE68	1	U-01	melanogaster	D. melanogaster
M9PE93	0	unassigned	melanogaster	D. melanogaster
M9PE97	2	U-02	melanogaster	D. melanogaster
M9PE98	1	U-01	melanogaster	D. melanogaster
M9PEA6	1	U-01	melanogaster	D. melanogaster
M9PEB2	1	U-01	melanogaster	D. melanogaster
M9PEB8	3	U-03	melanogaster	D. melanogaster
M9PEC1	1	U-01	melanogaster	D. melanogaster
M9PEC5	1	U-01	melanogaster	D. melanogaster
M9PEE2	1	U-01	melanogaster	D. melanogaster
M9PEE7	1	U-01	melanogaster	D. melanogaster
M9PEF1	1	U-01	melanogaster	D. melanogaster
M9PEF7	1	U-01	melanogaster	D. melanogaster
M9PEG5	1	U-01	melanogaster	D. melanogaster
M9PEG9	1	U-01	melanogaster	D. melanogaster
M9PEH2	1	U-01	melanogaster	D. melanogaster
M9PEH9	1	U-01	melanogaster	D. melanogaster
M9PEI8	1	U-01	melanogaster	D. melanogaster
M9PEJ2	1	U-01	melanogaster	D. melanogaster
M9PEJ5	1	U-01	melanogaster	D. melanogaster
M9PEK5	2	U-02	melanogaster	D. melanogaster
M9PEK8	0	unassigned	melanogaster	D. melanogaster
M9PEL1	1	U-01	melanogaster	D. melanogaster
M9PEL7	2	U-02	melanogaster	D. melanogaster
M9PEM7	1	U-01	melanogaster	D. melanogaster
M9PEN1	1	U-01	melanogaster	D. melanogaster
M9PEQ0	1	U-01	melanogaster	D. melanogaster
M9PEQ4	3	U-03	melanogaster	D. melanogaster
M9PES6	3	U-03	melanogaster	D. melanogaster
M9PES8	1	U-01	melanogaster	D. melanogaster
M9PEU0	2	U-02	melanogaster	D. melanogaster
M9PEW1	1	U-01	melanogaster	D. melanogaster
M9PEW5	0	unassigned	melanogaster	D. melanogaster
M9PEX3	1	U-01	melanogaster	D. melanogaster
M9PEX9	1	U-01	melanogaster	D. melanogaster
M9PEY1	1	U-01	melanogaster	D. melanogaster
M9PF01	3	U-03	melanogaster	D. melanogaster
M9PF17	2	U-02	melanogaster	D. melanogaster
M9PF24	1	U-01	melanogaster	D. melanogaster
M9PF43	3	U-03	melanogaster	D. melanogaster
M9PF46	1	U-01	melanogaster	D. melanogaster
M9PF50	3	U-03	melanogaster	D. melanogaster
M9PF68	1	U-01	melanogaster	D. melanogaster
M9PF85	1	U-01	melanogaster	D. melanogaster
M9PFA4	1	U-01	melanogaster	D. melanogaster
M9PFD4	0	unassigned	melanogaster	D. melanogaster
M9PFD7	0	unassigned	melanogaster	D. melanogaster
M9PFF1	1	U-01	melanogaster	D. melanogaster
M9PFF3	1	U-01	melanogaster	D. melanogaster
M9PFG7	1	U-01	melanogaster	D. melanogaster
M9PFJ0	1	U-01	melanogaster	D. melanogaster
M9PFK7	1	U-01	melanogaster	D. melanogaster
M9PFL1	1	U-01	melanogaster	D. melanogaster
M9PFL8	0	unassigned	melanogaster	D. melanogaster
M9PFM5	1	U-01	melanogaster	D. melanogaster
M9PFM6	1	U-01	melanogaster	D. melanogaster
M9PFR0	1	U-01	melanogaster	D. melanogaster
M9PFR7	0	unassigned	melanogaster	D. melanogaster
M9PFR9	1	U-01	melanogaster	D. melanogaster
M9PFS7	1	U-01	melanogaster	D. melanogaster
M9PFT4	3	U-03	melanogaster	D. melanogaster
M9PFU7	1	U-01	melanogaster	D. melanogaster
M9PFV9	1	U-01	melanogaster	D. melanogaster
M9PFW0	1	U-01	melanogaster	D. melanogaster
M9PFZ6	1	U-01	melanogaster	D. melanogaster
M9PG39	0	unassigned	melanogaster	D. melanogaster
M9PG44	1	U-01	melanogaster	D. melanogaster
M9PG62	1	U-01	melanogaster	D. melanogaster
Q9VAN0	1	U-01	melanogaster	D. melanogaster
Q9VAP6	1	U-01	melanogaster	D. melanogaster
Q9VAQ2	2	U-02	melanogaster	D. melanogaster
Q9VAQ3	2	U-02	melanogaster	D. melanogaster
Q9VAQ4	2	U-02	melanogaster	D. melanogaster
Q9VAQ5	1	U-01	melanogaster	D. melanogaster
Q9VAQ7	1	U-01	melanogaster	D. melanogaster
Q9VAR1	1	U-01	melanogaster	D. melanogaster
Q9VAT6	2	U-02	melanogaster	D. melanogaster
Q9VAT7	2	U-02	melanogaster	D. melanogaster
Q9VAT8	2	U-02	melanogaster	D. melanogaster
Q9VAU3	2	U-02	melanogaster	D. melanogaster
Q9VAV6	1	U-01	melanogaster	D. melanogaster
Q9VAW0	0	unassigned	melanogaster	D. melanogaster
Q9VAW2	1	U-01	melanogaster	D. melanogaster
Q9VAW3	1	U-01	melanogaster	D. melanogaster
Q9VAX6	2	U-02	melanogaster	D. melanogaster
Q9VAY6	1	U-01	melanogaster	D. melanogaster
Q8IQK4	1	U-01	melanogaster	D. melanogaster
Q8IQK9	3	U-03	melanogaster	D. melanogaster
Q8IQM1	3	U-03	melanogaster	D. melanogaster
Q8IQM5	1	U-01	melanogaster	D. melanogaster
Q8IQM9	2	U-02	melanogaster	D. melanogaster
Q8IQQ3	1	U-01	melanogaster	D. melanogaster
Q8IQQ6	3	U-03	melanogaster	D. melanogaster
Q8IQQ7	3	U-03	melanogaster	D. melanogaster
Q8IQR7	1	U-01	melanogaster	D. melanogaster
Q8IQS4	2	U-02	melanogaster	D. melanogaster
Q8IQT0	1	U-01	melanogaster	D. melanogaster
Q8IQT4	1	U-01	melanogaster	D. melanogaster
Q8IQU2	1	U-01	melanogaster	D. melanogaster
Q8IQV4	2	U-02	melanogaster	D. melanogaster
Q8IQW4	3	U-03	melanogaster	D. melanogaster
Q8IQX5	1	U-01	melanogaster	D. melanogaster
Q8IQZ6	1	U-01	melanogaster	D. melanogaster
Q8IQZ8	1	U-01	melanogaster	D. melanogaster
Q8IR01	1	U-01	melanogaster	D. melanogaster
Q9VGE4	0	unassigned	melanogaster	D. melanogaster
Q9VGE6	1	U-01	melanogaster	D. melanogaster
Q9VGF5	3	U-03	melanogaster	D. melanogaster
Q9VGF8	1	U-01	melanogaster	D. melanogaster
Q9VGG0	0	unassigned	melanogaster	D. melanogaster
Q9VGG3	1	U-01	melanogaster	D. melanogaster
Q9VGG6	0	unassigned	melanogaster	D. melanogaster
Q9VGH0	1	U-01	melanogaster	D. melanogaster
Q9VGH2	2	U-02	melanogaster	D. melanogaster
Q9VGI1	1	U-01	melanogaster	D. melanogaster
Q9VGJ0	2	U-02	melanogaster	D. melanogaster
Q9VGJ3	1	U-01	melanogaster	D. melanogaster
Q9VGJ7	1	U-01	melanogaster	D. melanogaster
Q9VGJ8	1	U-01	melanogaster	D. melanogaster
Q9VGK1	0	unassigned	melanogaster	D. melanogaster
Q9VGK3	1	U-01	melanogaster	D. melanogaster
Q9VGL9	3	U-03	melanogaster	D. melanogaster
Q9VGM0	3	U-03	melanogaster	D. melanogaster
Q9VGM4	1	U-01	melanogaster	D. melanogaster
Q9VGN6	3	U-03	melanogaster	D. melanogaster
Q9VGP3	3	U-03	melanogaster	D. melanogaster
Q9VGP7	1	U-01	melanogaster	D. melanogaster
Q9VGQ2	3	U-03	melanogaster	D. melanogaster
Q9VGQ3	2	U-02	melanogaster	D. melanogaster
Q9VGQ4	2	U-02	melanogaster	D. melanogaster
Q9VGQ5	0	unassigned	melanogaster	D. melanogaster
Q9VGQ6	0	unassigned	melanogaster	D. melanogaster
Q9VGR0	1	U-01	melanogaster	D. melanogaster
Q9VGR1	0	unassigned	melanogaster	D. melanogaster
Q9VGR2	1	U-01	melanogaster	D. melanogaster
Q9VGR8	0	unassigned	melanogaster	D. melanogaster
Q9VGS8	0	unassigned	melanogaster	D. melanogaster
Q9VGS9	0	unassigned	melanogaster	D. melanogaster
Q9VGT1	0	unassigned	melanogaster	D. melanogaster
Q9VGT2	0	unassigned	melanogaster	D. melanogaster
Q9VGT3	0	unassigned	melanogaster	D. melanogaster
Q9VGT9	3	U-03	melanogaster	D. melanogaster
Q9VGU3	2	U-02	melanogaster	D. melanogaster
Q9VGU4	1	U-01	melanogaster	D. melanogaster
Q9VGU5	1	U-01	melanogaster	D. melanogaster
Q9VGU7	1	U-01	melanogaster	D. melanogaster
Q9VGV5	3	U-03	melanogaster	D. melanogaster
Q9VGV6	3	U-03	melanogaster	D. melanogaster
Q9VGV9	1	U-01	melanogaster	D. melanogaster
Q9VGW0	1	U-01	melanogaster	D. melanogaster
Q9VGW9	1	U-01	melanogaster	D. melanogaster
Q9VGX0	1	U-01	melanogaster	D. melanogaster
Q9VGX6	3	U-03	melanogaster	D. melanogaster
Q9VGX7	3	U-03	melanogaster	D. melanogaster
Q9VGX9	1	U-01	melanogaster	D. melanogaster
Q9VGY2	1	U-01	melanogaster	D. melanogaster
Q9VGY5	1	U-01	melanogaster	D. melanogaster
Q9VGY8	1	U-01	melanogaster	D. melanogaster
Q9VGZ0	0	unassigned	melanogaster	D. melanogaster
Q9VGZ8	1	U-01	melanogaster	D. melanogaster
Q9VH02	3	U-03	melanogaster	D. melanogaster
Q9VH10	1	U-01	melanogaster	D. melanogaster
Q9VH17	2	U-02	melanogaster	D. melanogaster
Q9VH18	0	unassigned	melanogaster	D. melanogaster
Q9VH24	1	U-01	melanogaster	D. melanogaster
Q9VH25	1	U-01	melanogaster	D. melanogaster
Q9VH26	2	U-02	melanogaster	D. melanogaster
Q9VH28	2	U-02	melanogaster	D. melanogaster
Q9VH29	1	U-01	melanogaster	D. melanogaster
Q9VH31	2	U-02	melanogaster	D. melanogaster
Q9VH32	2	U-02	melanogaster	D. melanogaster
Q9VH45	1	U-01	melanogaster	D. melanogaster
Q9VH46	2	U-02	melanogaster	D. melanogaster
Q9VH54	3	U-03	melanogaster	D. melanogaster
Q9VH57	3	U-03	melanogaster	D. melanogaster
Q9VH59	3	U-03	melanogaster	D. melanogaster
Q9VH61	1	U-01	melanogaster	D. melanogaster
Q9VH62	1	U-01	melanogaster	D. melanogaster
Q9VH64	2	U-02	melanogaster	D. melanogaster
Q9VH65	1	U-01	melanogaster	D. melanogaster
Q9VH66	1	U-01	melanogaster	D. melanogaster
Q9VH84	1	U-01	melanogaster	D. melanogaster
Q9VH92	1	U-01	melanogaster	D. melanogaster
Q9VH93	3	U-03	melanogaster	D. melanogaster
Q9VH94	1	U-01	melanogaster	D. melanogaster
Q9VH96	2	U-02	melanogaster	D. melanogaster
Q9W0X7	1	U-01	melanogaster	D. melanogaster
Q9W0X9	3	U-03	melanogaster	D. melanogaster
Q9W100	1	U-01	melanogaster	D. melanogaster
Q9W101	0	unassigned	melanogaster	D. melanogaster
Q9W114	1	U-01	melanogaster	D. melanogaster
Q9W115	1	U-01	melanogaster	D. melanogaster
Q9W126	1	U-01	melanogaster	D. melanogaster
Q9W127	0	unassigned	melanogaster	D. melanogaster
Q9W128	2	U-02	melanogaster	D. melanogaster
Q9W131	1	U-01	melanogaster	D. melanogaster
Q9W134	1	U-01	melanogaster	D. melanogaster
Q9W136	1	U-01	melanogaster	D. melanogaster
Q9W139	1	U-01	melanogaster	D. melanogaster
Q9W142	2	U-02	melanogaster	D. melanogaster
Q9W161	1	U-01	melanogaster	D. melanogaster
Q9W164	1	U-01	melanogaster	D. melanogaster
Q9W165	0	unassigned	melanogaster	D. melanogaster
Q9W166	0	unassigned	melanogaster	D. melanogaster
Q9W170	1	U-01	melanogaster	D. melanogaster
Q9W187	1	U-01	melanogaster	D. melanogaster
Q9W194	1	U-01	melanogaster	D. melanogaster
Q9W195	0	unassigned	melanogaster	D. melanogaster
Q9W1A1	1	U-01	melanogaster	D. melanogaster
Q9W1A6	1	U-01	melanogaster	D. melanogaster
Q9W1C1	1	U-01	melanogaster	D. melanogaster
Q9W1C8	1	U-01	melanogaster	D. melanogaster
Q9W1D9	1	U-01	melanogaster	D. melanogaster
Q9W1E7	1	U-01	melanogaster	D. melanogaster
Q9W1F0	3	U-03	melanogaster	D. melanogaster
Q9W1F2	1	U-01	melanogaster	D. melanogaster
Q9W1G4	1	U-01	melanogaster	D. melanogaster
Q9W1G8	2	U-02	melanogaster	D. melanogaster
Q9W1H2	1	U-01	melanogaster	D. melanogaster
Q9W1J1	1	U-01	melanogaster	D. melanogaster
Q9W1J6	0	unassigned	melanogaster	D. melanogaster
Q9W1J7	1	U-01	melanogaster	D. melanogaster
Q9W1K1	0	unassigned	melanogaster	D. melanogaster
Q9W1K3	0	unassigned	melanogaster	D. melanogaster
Q9W1M5	1	U-01	melanogaster	D. melanogaster
Q9W1N9	1	U-01	melanogaster	D. melanogaster
Q9W1P1	1	U-01	melanogaster	D. melanogaster
Q9W1P5	1	U-01	melanogaster	D. melanogaster
Q9W1Q4	1	U-01	melanogaster	D. melanogaster
Q9W1Q5	1	U-01	melanogaster	D. melanogaster
Q9W1S3	1	U-01	melanogaster	D. melanogaster
Q9W1S7	1	U-01	melanogaster	D. melanogaster
Q9W1S9	1	U-01	melanogaster	D. melanogaster
Q9W1T3	1	U-01	melanogaster	D. melanogaster
Q9W1T5	1	U-01	melanogaster	D. melanogaster
Q9W1U0	0	unassigned	melanogaster	D. melanogaster
Q9W1U2	1	U-01	melanogaster	D. melanogaster
Q9W1U8	1	U-01	melanogaster	D. melanogaster
Q9W1U9	1	U-01	melanogaster	D. melanogaster
Q9W1W4	2	U-02	melanogaster	D. melanogaster
Q9W1W8	0	unassigned	melanogaster	D. melanogaster
Q9W206	1	U-01	melanogaster	D. melanogaster
Q9W225	1	U-01	melanogaster	D. melanogaster
Q9W226	1	U-01	melanogaster	D. melanogaster
Q9W238	1	U-01	melanogaster	D. melanogaster
Q9W242	1	U-01	melanogaster	D. melanogaster
Q9W246	1	U-01	melanogaster	D. melanogaster
Q9W262	1	U-01	melanogaster	D. melanogaster
Q9W286	3	U-03	melanogaster	D. melanogaster
Q9W294	1	U-01	melanogaster	D. melanogaster
Q9W2A4	3	U-03	melanogaster	D. melanogaster
Q9W2B3	3	U-03	melanogaster	D. melanogaster
Q9W2B7	1	U-01	melanogaster	D. melanogaster
Q9W2C4	2	U-02	melanogaster	D. melanogaster
Q9W2C5	2	U-02	melanogaster	D. melanogaster
Q9W2D7	1	U-01	melanogaster	D. melanogaster
Q9W2F1	1	U-01	melanogaster	D. melanogaster
Q9W2F5	1	U-01	melanogaster	D. melanogaster
Q9W2F7	1	U-01	melanogaster	D. melanogaster
Q9W2F8	1	U-01	melanogaster	D. melanogaster
Q9W2H3	2	U-02	melanogaster	D. melanogaster
Q9W2J0	1	U-01	melanogaster	D. melanogaster
Q9W2J5	0	unassigned	melanogaster	D. melanogaster
Q9W2K0	1	U-01	melanogaster	D. melanogaster
Q9W2K4	1	U-01	melanogaster	D. melanogaster
Q9W2K7	1	U-01	melanogaster	D. melanogaster
Q9W2L0	1	U-01	melanogaster	D. melanogaster
Q9W2M4	1	U-01	melanogaster	D. melanogaster
Q9W2P2	2	U-02	melanogaster	D. melanogaster
Q9W2P4	1	U-01	melanogaster	D. melanogaster
Q9W2R1	1	U-01	melanogaster	D. melanogaster
Q9W2R5	1	U-01	melanogaster	D. melanogaster
Q9W2S6	1	U-01	melanogaster	D. melanogaster
Q9W2V1	1	U-01	melanogaster	D. melanogaster
Q9W2V8	1	U-01	melanogaster	D. melanogaster
A0A0B4KI28	1	U-01	melanogaster	D. melanogaster
A0A0B4KI34	1	U-01	melanogaster	D. melanogaster
A0A0B4LEH1	2	U-02	melanogaster	D. melanogaster
A0A0B4LEH9	1	U-01	melanogaster	D. melanogaster
A0A0B4LEI8	1	U-01	melanogaster	D. melanogaster
A0A0B4LEJ6	3	U-03	melanogaster	D. melanogaster
A0A0B4LEX6	2	U-02	melanogaster	D. melanogaster
A0A0B4LEY0	1	U-01	melanogaster	D. melanogaster
A0A0B4LEY5	1	U-01	melanogaster	D. melanogaster
A0A0B4LEZ1	1	U-01	melanogaster	D. melanogaster
A0A0B4LF03	1	U-01	melanogaster	D. melanogaster
A0A0B4KI44	1	U-01	melanogaster	D. melanogaster
A0A0B4KI48	1	U-01	melanogaster	D. melanogaster
A0A0B4KI51	1	U-01	melanogaster	D. melanogaster
A0A0B4KI58	1	U-01	melanogaster	D. melanogaster
A0A0B4KI61	1	U-01	melanogaster	D. melanogaster
A0A0B4KI64	1	U-01	melanogaster	D. melanogaster
A0A0B4LEE2	1	U-01	melanogaster	D. melanogaster
A0A0B4LEE5	0	unassigned	melanogaster	D. melanogaster
A0A0B4LEF8	1	U-01	melanogaster	D. melanogaster
A0A0B4LEH6	2	U-02	melanogaster	D. melanogaster
A0A0B4LEK8	1	U-01	melanogaster	D. melanogaster
A0A0B4LEL6	3	U-03	melanogaster	D. melanogaster
A0A0B4LEM5	3	U-03	melanogaster	D. melanogaster
A0A0B4LEQ8	3	U-03	melanogaster	D. melanogaster
A0A0B4LER7	3	U-03	melanogaster	D. melanogaster
A0A0B4LES3	1	U-01	melanogaster	D. melanogaster
A0A0B4LES9	2	U-02	melanogaster	D. melanogaster
A0A0B4LET7	3	U-03	melanogaster	D. melanogaster
A0A0B4LEU2	0	unassigned	melanogaster	D. melanogaster
A0A0B4LEU9	2	U-02	melanogaster	D. melanogaster
A0A0B4LEW1	1	U-01	melanogaster	D. melanogaster
A0A0B4LEX9	1	U-01	melanogaster	D. melanogaster
A0A0B4LEY6	1	U-01	melanogaster	D. melanogaster
A0A0B4LEY7	3	U-03	melanogaster	D. melanogaster
A0A0B4LEY9	1	U-01	melanogaster	D. melanogaster
A0A0B4LF00	3	U-03	melanogaster	D. melanogaster
A0A0B4LF10	0	unassigned	melanogaster	D. melanogaster
A0A0B4LF29	1	U-01	melanogaster	D. melanogaster
A0A0B4LF36	3	U-03	melanogaster	D. melanogaster
A0A0B4LF38	1	U-01	melanogaster	D. melanogaster
A0A0B4LF41	3	U-03	melanogaster	D. melanogaster
A0A0B4LF49	1	U-01	melanogaster	D. melanogaster
A1ZBM7	0	unassigned	melanogaster	D. melanogaster
A1ZBM8	0	unassigned	melanogaster	D. melanogaster
A1ZBN3	1	U-01	melanogaster	D. melanogaster
A1ZBN5	1	U-01	melanogaster	D. melanogaster
A1ZBP2	1	U-01	melanogaster	D. melanogaster
A1ZBP7	0	unassigned	melanogaster	D. melanogaster
A1ZBP8	2	U-02	melanogaster	D. melanogaster
A1ZBP9	2	U-02	melanogaster	D. melanogaster
A1ZBQ0	0	unassigned	melanogaster	D. melanogaster
A1ZBQ3	0	unassigned	melanogaster	D. melanogaster
A1ZBQ4	0	unassigned	melanogaster	D. melanogaster
A1ZBR5	1	U-01	melanogaster	D. melanogaster
A1ZBS0	1	U-01	melanogaster	D. melanogaster
A1ZBS1	2	U-02	melanogaster	D. melanogaster
A1ZBS3	3	U-03	melanogaster	D. melanogaster
A1ZBU4	3	U-03	melanogaster	D. melanogaster
A1ZBU8	1	U-01	melanogaster	D. melanogaster
A1ZBU9	1	U-01	melanogaster	D. melanogaster
A1ZBV2	2	U-02	melanogaster	D. melanogaster
A1ZBV4	0	unassigned	melanogaster	D. melanogaster
A1ZBV5	1	U-01	melanogaster	D. melanogaster
A1ZBV8	2	U-02	melanogaster	D. melanogaster
A1ZBW5	1	U-01	melanogaster	D. melanogaster
A1ZBX0	1	U-01	melanogaster	D. melanogaster
A1ZBX1	1	U-01	melanogaster	D. melanogaster
A1ZBX2	1	U-01	melanogaster	D. melanogaster
A1ZBX6	2	U-02	melanogaster	D. melanogaster
A1ZBX7	2	U-02	melanogaster	D. melanogaster
A1ZBY4	0	unassigned	melanogaster	D. melanogaster
A1ZBY7	1	U-01	melanogaster	D. melanogaster
A4UZ58	1	U-01	melanogaster	D. melanogaster
A4UZ59	1	U-01	melanogaster	D. melanogaster
A4UZ63	2	U-02	melanogaster	D. melanogaster
A4UZD1	1	U-01	melanogaster	D. melanogaster
A4UZJ1	1	U-01	melanogaster	D. melanogaster
A4UZL2	1	U-01	melanogaster	D. melanogaster
A4UZL8	1	U-01	melanogaster	D. melanogaster
A4UZM2	2	U-02	melanogaster	D. melanogaster
A4V047	1	U-01	melanogaster	D. melanogaster
A4V064	3	U-03	melanogaster	D. melanogaster
A4V073	2	U-02	melanogaster	D. melanogaster
A4V0B2	2	U-02	melanogaster	D. melanogaster
A4V0D4	1	U-01	melanogaster	D. melanogaster
A4V0D7	2	U-02	melanogaster	D. melanogaster
A4V0X6	1	U-01	melanogaster	D. melanogaster
A4V0Z5	2	U-02	melanogaster	D. melanogaster
A4V104	1	U-01	melanogaster	D. melanogaster
A4V141	1	U-01	melanogaster	D. melanogaster
A4V142	1	U-01	melanogaster	D. melanogaster
A4V1N3	1	U-01	melanogaster	D. melanogaster
A4V1N9	0	unassigned	melanogaster	D. melanogaster
A4V1Q0	1	U-01	melanogaster	D. melanogaster
A4V1Q1	1	U-01	melanogaster	D. melanogaster
A4V248	1	U-01	melanogaster	D. melanogaster
A4V271	1	U-01	melanogaster	D. melanogaster
A4V2A4	1	U-01	melanogaster	D. melanogaster
A4V2E1	3	U-03	melanogaster	D. melanogaster
A4V2I0	2	U-02	melanogaster	D. melanogaster
A4V2K7	1	U-01	melanogaster	D. melanogaster
A4V2P5	2	U-02	melanogaster	D. melanogaster
A4V362	3	U-03	melanogaster	D. melanogaster
A4V370	3	U-03	melanogaster	D. melanogaster
A4V383	1	U-01	melanogaster	D. melanogaster
A4V392	3	U-03	melanogaster	D. melanogaster
A4V3G9	1	U-01	melanogaster	D. melanogaster
A4V3H1	1	U-01	melanogaster	D. melanogaster
A4V3I0	1	U-01	melanogaster	D. melanogaster
A4V3L3	1	U-01	melanogaster	D. melanogaster
Q9VH72	1	U-01	melanogaster	D. melanogaster
Q9VH75	1	U-01	melanogaster	D. melanogaster
Q9VH80	1	U-01	melanogaster	D. melanogaster
Q9VH82	1	U-01	melanogaster	D. melanogaster
Q9VHA6	1	U-01	melanogaster	D. melanogaster
Q9VHB4	1	U-01	melanogaster	D. melanogaster
Q9VHF9	3	U-03	melanogaster	D. melanogaster
Q9VHG8	1	U-01	melanogaster	D. melanogaster
Q9VHH1	1	U-01	melanogaster	D. melanogaster
Q9VHH5	1	U-01	melanogaster	D. melanogaster
Q9VHI6	1	U-01	melanogaster	D. melanogaster
Q9VHI8	1	U-01	melanogaster	D. melanogaster
Q9VHK5	1	U-01	melanogaster	D. melanogaster
Q9VHL1	1	U-01	melanogaster	D. melanogaster
Q9VHL9	1	U-01	melanogaster	D. melanogaster
Q9VHM0	1	U-01	melanogaster	D. melanogaster
Q9VHN3	1	U-01	melanogaster	D. melanogaster
Q9VHN4	1	U-01	melanogaster	D. melanogaster
Q9VHS3	1	U-01	melanogaster	D. melanogaster
Q9VHT0	0	unassigned	melanogaster	D. melanogaster
Q9VHT1	0	unassigned	melanogaster	D. melanogaster
Q9VHT6	1	U-01	melanogaster	D. melanogaster
Q9VHT7	1	U-01	melanogaster	D. melanogaster
Q9VHT8	2	U-02	melanogaster	D. melanogaster
Q9VHV2	2	U-02	melanogaster	D. melanogaster
Q9VHV3	2	U-02	melanogaster	D. melanogaster
Q9VHV9	1	U-01	melanogaster	D. melanogaster
Q9VHW0	1	U-01	melanogaster	D. melanogaster
Q9VHX1	1	U-01	melanogaster	D. melanogaster
Q9VHX2	1	U-01	melanogaster	D. melanogaster
Q9VHX5	3	U-03	melanogaster	D. melanogaster
Q9VHX6	1	U-01	melanogaster	D. melanogaster
Q9VHZ7	1	U-01	melanogaster	D. melanogaster
Q9VHZ8	1	U-01	melanogaster	D. melanogaster
Q9VI02	1	U-01	melanogaster	D. melanogaster
Q9VI03	1	U-01	melanogaster	D. melanogaster
Q9VI08	1	U-01	melanogaster	D. melanogaster
Q9VI18	1	U-01	melanogaster	D. melanogaster
Q9VI26	1	U-01	melanogaster	D. melanogaster
Q9VI27	1	U-01	melanogaster	D. melanogaster
Q9VI32	1	U-01	melanogaster	D. melanogaster
Q9VI33	1	U-01	melanogaster	D. melanogaster
Q9VI34	1	U-01	melanogaster	D. melanogaster
Q9VI35	0	unassigned	melanogaster	D. melanogaster
Q9VI39	1	U-01	melanogaster	D. melanogaster
Q9VI40	0	unassigned	melanogaster	D. melanogaster
Q9VI49	1	U-01	melanogaster	D. melanogaster
Q9VI52	1	U-01	melanogaster	D. melanogaster
Q9VI56	1	U-01	melanogaster	D. melanogaster
Q9VI64	1	U-01	melanogaster	D. melanogaster
Q9VI66	1	U-01	melanogaster	D. melanogaster
Q9VI69	1	U-01	melanogaster	D. melanogaster
Q9VI77	1	U-01	melanogaster	D. melanogaster
Q9VI78	3	U-03	melanogaster	D. melanogaster
Q9VI79	3	U-03	melanogaster	D. melanogaster
Q9VI80	1	U-01	melanogaster	D. melanogaster
Q9VI98	1	U-01	melanogaster	D. melanogaster
Q9VIA6	1	U-01	melanogaster	D. melanogaster
Q9VIA7	1	U-01	melanogaster	D. melanogaster
Q9VID7	1	U-01	melanogaster	D. melanogaster
Q9VIG3	1	U-01	melanogaster	D. melanogaster
Q9VIG5	3	U-03	melanogaster	D. melanogaster
Q9VIG6	1	U-01	melanogaster	D. melanogaster
Q9VIH8	2	U-02	melanogaster	D. melanogaster
Q9VII2	1	U-01	melanogaster	D. melanogaster
Q9VIJ1	0	unassigned	melanogaster	D. melanogaster
Q9VIL4	1	U-01	melanogaster	D. melanogaster
Q9VIL5	1	U-01	melanogaster	D. melanogaster
Q9VIL6	1	U-01	melanogaster	D. melanogaster
Q9VIM4	0	unassigned	melanogaster	D. melanogaster
Q9VIN5	3	U-03	melanogaster	D. melanogaster
Q9VIP3	1	U-01	melanogaster	D. melanogaster
Q9VIQ2	1	U-01	melanogaster	D. melanogaster
Q9VIQ5	1	U-01	melanogaster	D. melanogaster
Q9VIQ6	1	U-01	melanogaster	D. melanogaster
Q9VIQ7	1	U-01	melanogaster	D. melanogaster
Q9VIR7	1	U-01	melanogaster	D. melanogaster
Q9VIS5	1	U-01	melanogaster	D. melanogaster
Q9VIT3	1	U-01	melanogaster	D. melanogaster
Q9VIU2	1	U-01	melanogaster	D. melanogaster
Q9VIU3	1	U-01	melanogaster	D. melanogaster
Q9VIU8	1	U-01	melanogaster	D. melanogaster
Q9VIV5	1	U-01	melanogaster	D. melanogaster
Q9VIV8	1	U-01	melanogaster	D. melanogaster
Q9VIV9	1	U-01	melanogaster	D. melanogaster
Q9VIW1	0	unassigned	melanogaster	D. melanogaster
Q9VXA2	1	U-01	melanogaster	D. melanogaster
Q9VXA4	0	unassigned	melanogaster	D. melanogaster
Q9VXA7	1	U-01	melanogaster	D. melanogaster
Q9VXA9	1	U-01	melanogaster	D. melanogaster
Q9VXB1	1	U-01	melanogaster	D. melanogaster
Q9VXB7	3	U-03	melanogaster	D. melanogaster
Q9VXB8	1	U-01	melanogaster	D. melanogaster
Q9VXC2	1	U-01	melanogaster	D. melanogaster
Q9VXD2	1	U-01	melanogaster	D. melanogaster
Q9VXD3	1	U-01	melanogaster	D. melanogaster
Q9VXD4	1	U-01	melanogaster	D. melanogaster
Q9VXD7	1	U-01	melanogaster	D. melanogaster
Q9VXE2	1	U-01	melanogaster	D. melanogaster
Q9VXE4	0	unassigned	melanogaster	D. melanogaster
Q9VSU6	1	U-01	melanogaster	D. melanogaster
Q9VSV2	3	U-03	melanogaster	D. melanogaster
Q9VSV4	2	U-02	melanogaster	D. melanogaster
Q9VSW2	1	U-01	melanogaster	D. melanogaster
Q9VSX2	1	U-01	melanogaster	D. melanogaster
Q9VSX7	1	U-01	melanogaster	D. melanogaster
Q9VSY2	1	U-01	melanogaster	D. melanogaster
Q9VSY6	1	U-01	melanogaster	D. melanogaster
Q9VSZ3	1	U-01	melanogaster	D. melanogaster
Q9VT20	0	unassigned	melanogaster	D. melanogaster
Q9VT23	0	unassigned	melanogaster	D. melanogaster
Q9VT24	0	unassigned	melanogaster	D. melanogaster
Q9VT25	0	unassigned	melanogaster	D. melanogaster
Q9VT27	3	U-03	melanogaster	D. melanogaster
Q9VT32	1	U-01	melanogaster	D. melanogaster
Q9VT50	2	U-02	melanogaster	D. melanogaster
Q9VT60	1	U-01	melanogaster	D. melanogaster
Q9VT67	1	U-01	melanogaster	D. melanogaster
Q9VT69	1	U-01	melanogaster	D. melanogaster
Q9VT76	2	U-02	melanogaster	D. melanogaster
Q9VT83	2	U-02	melanogaster	D. melanogaster
Q9VT88	1	U-01	melanogaster	D. melanogaster
Q9VT90	0	unassigned	melanogaster	D. melanogaster
Q9VT94	1	U-01	melanogaster	D. melanogaster
Q9VTB4	1	U-01	melanogaster	D. melanogaster
Q9VTC1	1	U-01	melanogaster	D. melanogaster
Q9VTC4	1	U-01	melanogaster	D. melanogaster
Q9VTD4	3	U-03	melanogaster	D. melanogaster
Q9VTE1	3	U-03	melanogaster	D. melanogaster
Q9VTE6	1	U-01	melanogaster	D. melanogaster
Q9VTE8	1	U-01	melanogaster	D. melanogaster
Q9VTG0	3	U-03	melanogaster	D. melanogaster
Q9VTI1	3	U-03	melanogaster	D. melanogaster
Q9VTI6	3	U-03	melanogaster	D. melanogaster
Q9VTK7	1	U-01	melanogaster	D. melanogaster
Q9VTL6	1	U-01	melanogaster	D. melanogaster
Q9VTM2	1	U-01	melanogaster	D. melanogaster
Q9VTM3	1	U-01	melanogaster	D. melanogaster
Q9VTM5	1	U-01	melanogaster	D. melanogaster
Q9VTN6	0	unassigned	melanogaster	D. melanogaster
Q9VTP0	2	U-02	melanogaster	D. melanogaster
Q9VTP4	1	U-01	melanogaster	D. melanogaster
Q9VTQ9	1	U-01	melanogaster	D. melanogaster
Q9VTS3	1	U-01	melanogaster	D. melanogaster
Q9VTT3	1	U-01	melanogaster	D. melanogaster
Q9VTU2	3	U-03	melanogaster	D. melanogaster
Q9VTU4	1	U-01	melanogaster	D. melanogaster
Q9VTU8	2	U-02	melanogaster	D. melanogaster
Q9VTV2	0	unassigned	melanogaster	D. melanogaster
Q9VTV6	1	U-01	melanogaster	D. melanogaster
Q9VTV9	1	U-01	melanogaster	D. melanogaster
Q9VTW6	1	U-01	melanogaster	D. melanogaster
Q9VTW8	3	U-03	melanogaster	D. melanogaster
Q9VTX2	1	U-01	melanogaster	D. melanogaster
Q9VTY2	1	U-01	melanogaster	D. melanogaster
Q9VU15	0	unassigned	melanogaster	D. melanogaster
Q9VU19	1	U-01	melanogaster	D. melanogaster
Q9VU22	2	U-02	melanogaster	D. melanogaster
Q9VU24	2	U-02	melanogaster	D. melanogaster
Q9VU27	0	unassigned	melanogaster	D. melanogaster
Q9VU28	1	U-01	melanogaster	D. melanogaster
Q9VU29	1	U-01	melanogaster	D. melanogaster
Q9VU31	1	U-01	melanogaster	D. melanogaster
Q9VU37	3	U-03	melanogaster	D. melanogaster
Q9VU51	2	U-02	melanogaster	D. melanogaster
Q9VU65	1	U-01	melanogaster	D. melanogaster
Q9VU80	1	U-01	melanogaster	D. melanogaster
Q9VU88	1	U-01	melanogaster	D. melanogaster
A0A0B4KFN8	3	U-03	melanogaster	D. melanogaster
A0A0B4KFQ8	2	U-02	melanogaster	D. melanogaster
A0A0B4KFS0	1	U-01	melanogaster	D. melanogaster
A0A0B4KFS1	2	U-02	melanogaster	D. melanogaster
A0A0B4KFS2	1	U-01	melanogaster	D. melanogaster
A0A0B4KFS3	1	U-01	melanogaster	D. melanogaster
A0A0B4KFS5	1	U-01	melanogaster	D. melanogaster
A0A0B4KFT9	1	U-01	melanogaster	D. melanogaster
A0A0B4KFV2	1	U-01	melanogaster	D. melanogaster
A0A0B4KFV9	1	U-01	melanogaster	D. melanogaster
A0A0B4KFX1	0	unassigned	melanogaster	D. melanogaster
A0A0B4KFX4	1	U-01	melanogaster	D. melanogaster
A0A0B4KFX9	1	U-01	melanogaster	D. melanogaster
A0A0B4KFY8	1	U-01	melanogaster	D. melanogaster
A0A0B4KFZ7	3	U-03	melanogaster	D. melanogaster
A0A0B4KG05	0	unassigned	melanogaster	D. melanogaster
A0A0B4KG16	1	U-01	melanogaster	D. melanogaster
A0A0B4KG17	1	U-01	melanogaster	D. melanogaster
A0A0B4KG19	0	unassigned	melanogaster	D. melanogaster
A0A0B4KG21	1	U-01	melanogaster	D. melanogaster
A0A0B4KG25	1	U-01	melanogaster	D. melanogaster
A0A0B4KG29	1	U-01	melanogaster	D. melanogaster
A0A0B4KG30	1	U-01	melanogaster	D. melanogaster
A0A0B4KG32	1	U-01	melanogaster	D. melanogaster
A0A0B4KG37	1	U-01	melanogaster	D. melanogaster
A0A0B4KG40	1	U-01	melanogaster	D. melanogaster
A0A0B4KG53	1	U-01	melanogaster	D. melanogaster
A0A0B4KG60	1	U-01	melanogaster	D. melanogaster
A0A0B4KG65	0	unassigned	melanogaster	D. melanogaster
A0A0B4KG78	1	U-01	melanogaster	D. melanogaster
A0A0B4KG83	1	U-01	melanogaster	D. melanogaster
A0A0B4KG92	0	unassigned	melanogaster	D. melanogaster
Q7KTB4	1	U-01	melanogaster	D. melanogaster
Q7KTD9	1	U-01	melanogaster	D. melanogaster
Q7KTE6	1	U-01	melanogaster	D. melanogaster
Q7KTF6	1	U-01	melanogaster	D. melanogaster
Q7KTG1	1	U-01	melanogaster	D. melanogaster
Q7KTG9	2	U-02	melanogaster	D. melanogaster
Q7KTH1	1	U-01	melanogaster	D. melanogaster
Q7KTH6	1	U-01	melanogaster	D. melanogaster
Q7KTH9	1	U-01	melanogaster	D. melanogaster
Q7KTI2	0	unassigned	melanogaster	D. melanogaster
Q7KTJ6	1	U-01	melanogaster	D. melanogaster
Q7KTJ9	3	U-03	melanogaster	D. melanogaster
Q7KTL3	3	U-03	melanogaster	D. melanogaster
Q9VIW8	1	U-01	melanogaster	D. melanogaster
Q9VIX8	1	U-01	melanogaster	D. melanogaster
Q9VIY0	2	U-02	melanogaster	D. melanogaster
Q9VIY1	1	U-01	melanogaster	D. melanogaster
Q9VIY3	1	U-01	melanogaster	D. melanogaster
Q9VIY5	1	U-01	melanogaster	D. melanogaster
Q9VJ01	1	U-01	melanogaster	D. melanogaster
Q9VJ17	1	U-01	melanogaster	D. melanogaster
Q9VJ22	2	U-02	melanogaster	D. melanogaster
Q9VJ23	1	U-01	melanogaster	D. melanogaster
Q9VJ34	1	U-01	melanogaster	D. melanogaster
Q9VJ40	1	U-01	melanogaster	D. melanogaster
Q9VJ41	0	unassigned	melanogaster	D. melanogaster
Q9VJ42	1	U-01	melanogaster	D. melanogaster
Q9VJ48	1	U-01	melanogaster	D. melanogaster
Q9VJ49	1	U-01	melanogaster	D. melanogaster
Q9VJ53	1	U-01	melanogaster	D. melanogaster
Q9VJ60	1	U-01	melanogaster	D. melanogaster
Q9VJ63	3	U-03	melanogaster	D. melanogaster
Q9VJ64	1	U-01	melanogaster	D. melanogaster
Q9VJ98	1	U-01	melanogaster	D. melanogaster
Q9VJ99	1	U-01	melanogaster	D. melanogaster
Q9VJA0	1	U-01	melanogaster	D. melanogaster
Q9VJA4	1	U-01	melanogaster	D. melanogaster
Q9VJA6	2	U-02	melanogaster	D. melanogaster
Q9VJB2	1	U-01	melanogaster	D. melanogaster
Q9VJB3	1	U-01	melanogaster	D. melanogaster
Q9VJB5	1	U-01	melanogaster	D. melanogaster
Q9VJB9	1	U-01	melanogaster	D. melanogaster
Q9VJC3	1	U-01	melanogaster	D. melanogaster
Q9VJC8	1	U-01	melanogaster	D. melanogaster
Q9VJD8	1	U-01	melanogaster	D. melanogaster
Q9VJE1	0	unassigned	melanogaster	D. melanogaster
Q9VJF5	1	U-01	melanogaster	D. melanogaster
Q9VJF6	1	U-01	melanogaster	D. melanogaster
Q9VJF8	1	U-01	melanogaster	D. melanogaster
Q9VJG8	1	U-01	melanogaster	D. melanogaster
Q9VJK1	1	U-01	melanogaster	D. melanogaster
Q9VJK3	1	U-01	melanogaster	D. melanogaster
Q9VJK5	2	U-02	melanogaster	D. melanogaster
Q9VJK9	1	U-01	melanogaster	D. melanogaster
Q9VJL3	1	U-01	melanogaster	D. melanogaster
Q9VJL8	2	U-02	melanogaster	D. melanogaster
Q9VJM1	0	unassigned	melanogaster	D. melanogaster
Q9VJM3	2	U-02	melanogaster	D. melanogaster
Q9VJM5	1	U-01	melanogaster	D. melanogaster
Q9VJM6	1	U-01	melanogaster	D. melanogaster
Q9VJM8	1	U-01	melanogaster	D. melanogaster
Q9VJN4	1	U-01	melanogaster	D. melanogaster
Q9VJP0	1	U-01	melanogaster	D. melanogaster
Q9VJP4	1	U-01	melanogaster	D. melanogaster
Q9VJP6	1	U-01	melanogaster	D. melanogaster
Q9VJQ0	2	U-02	melanogaster	D. melanogaster
Q9VJR2	1	U-01	melanogaster	D. melanogaster
Q9VJR3	3	U-03	melanogaster	D. melanogaster
Q9VJS1	1	U-01	melanogaster	D. melanogaster
Q9VJU1	2	U-02	melanogaster	D. melanogaster
Q9VJW0	1	U-01	melanogaster	D. melanogaster
Q9VJX1	1	U-01	melanogaster	D. melanogaster
Q9VJX2	1	U-01	melanogaster	D. melanogaster
Q9VJX6	1	U-01	melanogaster	D. melanogaster
Q9VJY0	1	U-01	melanogaster	D. melanogaster
Q9VJY3	1	U-01	melanogaster	D. melanogaster
Q9VJY5	1	U-01	melanogaster	D. melanogaster
Q9VK02	3	U-03	melanogaster	D. melanogaster
Q9VK08	1	U-01	melanogaster	D. melanogaster
Q9VK11	0	unassigned	melanogaster	D. melanogaster
Q9VK15	1	U-01	melanogaster	D. melanogaster
Q9VK17	1	U-01	melanogaster	D. melanogaster
Q9VK18	1	U-01	melanogaster	D. melanogaster
Q9VK20	1	U-01	melanogaster	D. melanogaster
Q9VK23	1	U-01	melanogaster	D. melanogaster
Q9VK29	1	U-01	melanogaster	D. melanogaster
Q9VK38	1	U-01	melanogaster	D. melanogaster
Q9VK39	1	U-01	melanogaster	D. melanogaster
Q9VK49	1	U-01	melanogaster	D. melanogaster
Q9VK55	2	U-02	melanogaster	D. melanogaster
Q9VK58	1	U-01	melanogaster	D. melanogaster
Q9VK59	1	U-01	melanogaster	D. melanogaster
Q9VK60	1	U-01	melanogaster	D. melanogaster
Q9VK61	1	U-01	melanogaster	D. melanogaster
Q9VK63	1	U-01	melanogaster	D. melanogaster
Q9VK65	1	U-01	melanogaster	D. melanogaster
Q9VK76	1	U-01	melanogaster	D. melanogaster
Q9VK81	1	U-01	melanogaster	D. melanogaster
Q9VK83	2	U-02	melanogaster	D. melanogaster
Q9VK88	1	U-01	melanogaster	D. melanogaster
A0A0B4K700	1	U-01	melanogaster	D. melanogaster
A0A0B4K703	1	U-01	melanogaster	D. melanogaster
A0A0B4K707	1	U-01	melanogaster	D. melanogaster
A0A0B4K716	1	U-01	melanogaster	D. melanogaster
A0A0B4K720	2	U-02	melanogaster	D. melanogaster
A0A0B4K725	1	U-01	melanogaster	D. melanogaster
A0A0B4K726	1	U-01	melanogaster	D. melanogaster
A0A0B4K730	1	U-01	melanogaster	D. melanogaster
A0A0B4K732	1	U-01	melanogaster	D. melanogaster
A0A0B4K738	1	U-01	melanogaster	D. melanogaster
A0A0B4K760	2	U-02	melanogaster	D. melanogaster
A0A0B4K775	0	unassigned	melanogaster	D. melanogaster
A0A0B4K782	1	U-01	melanogaster	D. melanogaster
B7YZY1	0	unassigned	melanogaster	D. melanogaster
B7YZY3	0	unassigned	melanogaster	D. melanogaster
B7YZY4	3	U-03	melanogaster	D. melanogaster
B7YZY5	3	U-03	melanogaster	D. melanogaster
B7Z003	1	U-01	melanogaster	D. melanogaster
B7Z028	1	U-01	melanogaster	D. melanogaster
B7Z029	3	U-03	melanogaster	D. melanogaster
B7Z031	2	U-02	melanogaster	D. melanogaster
B7Z048	1	U-01	melanogaster	D. melanogaster
B7Z049	1	U-01	melanogaster	D. melanogaster
B7Z058	1	U-01	melanogaster	D. melanogaster
B7Z066	3	U-03	melanogaster	D. melanogaster
B7Z069	0	unassigned	melanogaster	D. melanogaster
B7Z084	2	U-02	melanogaster	D. melanogaster
B7Z091	0	unassigned	melanogaster	D. melanogaster
B7Z099	3	U-03	melanogaster	D. melanogaster
B7Z0D3	1	U-01	melanogaster	D. melanogaster
B7Z0D4	1	U-01	melanogaster	D. melanogaster
B7Z0D9	2	U-02	melanogaster	D. melanogaster
B7Z0E5	1	U-01	melanogaster	D. melanogaster
B7Z0E6	1	U-01	melanogaster	D. melanogaster
B7Z0E7	1	U-01	melanogaster	D. melanogaster
B7Z0E8	1	U-01	melanogaster	D. melanogaster
B7Z0E9	1	U-01	melanogaster	D. melanogaster
B7Z0F0	1	U-01	melanogaster	D. melanogaster
B7Z0F1	1	U-01	melanogaster	D. melanogaster
B7Z0H1	1	U-01	melanogaster	D. melanogaster
B7Z0K8	0	unassigned	melanogaster	D. melanogaster
B7Z0L5	1	U-01	melanogaster	D. melanogaster
B7Z0M6	1	U-01	melanogaster	D. melanogaster
B7Z0P8	1	U-01	melanogaster	D. melanogaster
B7Z0Q2	1	U-01	melanogaster	D. melanogaster
B7Z0R1	2	U-02	melanogaster	D. melanogaster
B7Z0R2	1	U-01	melanogaster	D. melanogaster
B7Z0S0	1	U-01	melanogaster	D. melanogaster
B7Z0S6	1	U-01	melanogaster	D. melanogaster
B7Z0U8	1	U-01	melanogaster	D. melanogaster
B7Z0V1	1	U-01	melanogaster	D. melanogaster
B7Z0V4	1	U-01	melanogaster	D. melanogaster
B7Z0W9	1	U-01	melanogaster	D. melanogaster
B7Z0X1	1	U-01	melanogaster	D. melanogaster
B7Z0Y2	2	U-02	melanogaster	D. melanogaster
B7Z0Y6	1	U-01	melanogaster	D. melanogaster
B7Z0Z0	1	U-01	melanogaster	D. melanogaster
B7Z114	1	U-01	melanogaster	D. melanogaster
B7Z139	1	U-01	melanogaster	D. melanogaster
C0HJH3	1	U-01	melanogaster	D. melanogaster
C0HKA0	1	U-01	melanogaster	D. melanogaster
C0HKA2	0	unassigned	melanogaster	D. melanogaster
C0HL63	0	unassigned	melanogaster	D. melanogaster
C0HL65	0	unassigned	melanogaster	D. melanogaster
C0MJA0	1	U-01	melanogaster	D. melanogaster
D1YSG4	1	U-01	melanogaster	D. melanogaster
E1JGQ5	1	U-01	melanogaster	D. melanogaster
E1JGQ9	1	U-01	melanogaster	D. melanogaster
E1JGR0	2	U-02	melanogaster	D. melanogaster
E1JGS7	1	U-01	melanogaster	D. melanogaster
E1JGV6	1	U-01	melanogaster	D. melanogaster
E1JGW3	3	U-03	melanogaster	D. melanogaster
E1JGY0	1	U-01	melanogaster	D. melanogaster
E1JGZ4	1	U-01	melanogaster	D. melanogaster
E1JH18	1	U-01	melanogaster	D. melanogaster
E1JH19	2	U-02	melanogaster	D. melanogaster
E1JH28	1	U-01	melanogaster	D. melanogaster
E1JH36	1	U-01	melanogaster	D. melanogaster
E1JH39	1	U-01	melanogaster	D. melanogaster
E1JH47	1	U-01	melanogaster	D. melanogaster
E1JH49	3	U-03	melanogaster	D. melanogaster
E1JH52	1	U-01	melanogaster	D. melanogaster
E1JH68	1	U-01	melanogaster	D. melanogaster
E1JH70	1	U-01	melanogaster	D. melanogaster
E1JH90	1	U-01	melanogaster	D. melanogaster
E1JH91	1	U-01	melanogaster	D. melanogaster
E1JHA3	1	U-01	melanogaster	D. melanogaster
E1JHB1	1	U-01	melanogaster	D. melanogaster
E1JHB2	1	U-01	melanogaster	D. melanogaster
E1JHB4	3	U-03	melanogaster	D. melanogaster
E1JHC8	2	U-02	melanogaster	D. melanogaster
E1JHE1	1	U-01	melanogaster	D. melanogaster
E1JHF1	1	U-01	melanogaster	D. melanogaster
E1JHG6	1	U-01	melanogaster	D. melanogaster
E1JHK1	1	U-01	melanogaster	D. melanogaster
E1JHK3	1	U-01	melanogaster	D. melanogaster
E1JHM3	1	U-01	melanogaster	D. melanogaster
E1JHM4	1	U-01	melanogaster	D. melanogaster
E1JHM7	1	U-01	melanogaster	D. melanogaster
E1JHQ8	2	U-02	melanogaster	D. melanogaster
A0A0B4K7P9	3	U-03	melanogaster	D. melanogaster
A0A0B4K7Q7	1	U-01	melanogaster	D. melanogaster
A0A0B4K7R0	0	unassigned	melanogaster	D. melanogaster
A0A0B4K7U1	1	U-01	melanogaster	D. melanogaster
A0A0B4K7U6	1	U-01	melanogaster	D. melanogaster
A0A0B4K7V3	1	U-01	melanogaster	D. melanogaster
A0A0B4K7V7	3	U-03	melanogaster	D. melanogaster
A0A0B4K7W9	1	U-01	melanogaster	D. melanogaster
A0A0B4K7X0	1	U-01	melanogaster	D. melanogaster
A0A0B4K7X4	2	U-02	melanogaster	D. melanogaster
A0A0B4K7X6	1	U-01	melanogaster	D. melanogaster
A0A0B4K7X8	0	unassigned	melanogaster	D. melanogaster
A0A0B4K7X9	1	U-01	melanogaster	D. melanogaster
A0A0B4K800	0	unassigned	melanogaster	D. melanogaster
A0A0B4K801	1	U-01	melanogaster	D. melanogaster
A0A0B4K802	1	U-01	melanogaster	D. melanogaster
A0A0B4K803	1	U-01	melanogaster	D. melanogaster
A0A0B4K805	2	U-02	melanogaster	D. melanogaster
A0A0B4K806	1	U-01	melanogaster	D. melanogaster
A0A0B4K810	1	U-01	melanogaster	D. melanogaster
A0A0B4K816	3	U-03	melanogaster	D. melanogaster
A0A0B4K817	1	U-01	melanogaster	D. melanogaster
A0A0B4K820	1	U-01	melanogaster	D. melanogaster
A0A0B4K825	1	U-01	melanogaster	D. melanogaster
A0A0B4K829	1	U-01	melanogaster	D. melanogaster
A0A0B4K830	1	U-01	melanogaster	D. melanogaster
A0A0B4K832	1	U-01	melanogaster	D. melanogaster
A0A0B4K834	1	U-01	melanogaster	D. melanogaster
A0A0B4K836	1	U-01	melanogaster	D. melanogaster
A0A0B4K841	1	U-01	melanogaster	D. melanogaster
A0A0B4K848	3	U-03	melanogaster	D. melanogaster
A0A0B4K851	1	U-01	melanogaster	D. melanogaster
A0A0B4K853	1	U-01	melanogaster	D. melanogaster
A0A0B4K855	3	U-03	melanogaster	D. melanogaster
A0A0B4K857	2	U-02	melanogaster	D. melanogaster
A0A0B4K872	1	U-01	melanogaster	D. melanogaster
A0A0B4K877	1	U-01	melanogaster	D. melanogaster
A0A0B4K878	0	unassigned	melanogaster	D. melanogaster
A0A0B4K883	1	U-01	melanogaster	D. melanogaster
A0A0B4K889	3	U-03	melanogaster	D. melanogaster
A1Z7X8	0	unassigned	melanogaster	D. melanogaster
A1Z7Y9	0	unassigned	melanogaster	D. melanogaster
A1Z7Z4	1	U-01	melanogaster	D. melanogaster
A1Z7Z8	1	U-01	melanogaster	D. melanogaster
A1Z801	0	unassigned	melanogaster	D. melanogaster
A1Z806	1	U-01	melanogaster	D. melanogaster
A1Z812	1	U-01	melanogaster	D. melanogaster
A1Z815	1	U-01	melanogaster	D. melanogaster
A1Z822	1	U-01	melanogaster	D. melanogaster
A1Z826	1	U-01	melanogaster	D. melanogaster
A1Z827	1	U-01	melanogaster	D. melanogaster
A1Z831	1	U-01	melanogaster	D. melanogaster
A1Z834	1	U-01	melanogaster	D. melanogaster
A1Z842	1	U-01	melanogaster	D. melanogaster
A1Z846	3	U-03	melanogaster	D. melanogaster
A1Z849	1	U-01	melanogaster	D. melanogaster
A1Z854	0	unassigned	melanogaster	D. melanogaster
A1Z860	1	U-01	melanogaster	D. melanogaster
A1Z861	3	U-03	melanogaster	D. melanogaster
A1Z862	1	U-01	melanogaster	D. melanogaster
A1Z864	0	unassigned	melanogaster	D. melanogaster
A1Z874	1	U-01	melanogaster	D. melanogaster
A1Z884	0	unassigned	melanogaster	D. melanogaster
A1Z885	0	unassigned	melanogaster	D. melanogaster
A1Z886	0	unassigned	melanogaster	D. melanogaster
A1Z887	0	unassigned	melanogaster	D. melanogaster
A1Z8A2	1	U-01	melanogaster	D. melanogaster
A1Z8A7	1	U-01	melanogaster	D. melanogaster
A1Z8A8	1	U-01	melanogaster	D. melanogaster
A1Z8B1	1	U-01	melanogaster	D. melanogaster
A1Z8C1	1	U-01	melanogaster	D. melanogaster
A1Z8C2	1	U-01	melanogaster	D. melanogaster
A1Z8C5	1	U-01	melanogaster	D. melanogaster
A1Z8D4	1	U-01	melanogaster	D. melanogaster
A1Z8D5	1	U-01	melanogaster	D. melanogaster
A1Z8D6	1	U-01	melanogaster	D. melanogaster
A1Z8D8	1	U-01	melanogaster	D. melanogaster
A1Z8D9	0	unassigned	melanogaster	D. melanogaster
A1Z8E5	2	U-02	melanogaster	D. melanogaster
A1Z8F1	1	U-01	melanogaster	D. melanogaster
A1Z8F2	0	unassigned	melanogaster	D. melanogaster
A1Z8F3	1	U-01	melanogaster	D. melanogaster
A1Z8F5	1	U-01	melanogaster	D. melanogaster
A1Z8F9	1	U-01	melanogaster	D. melanogaster
A1Z8G1	1	U-01	melanogaster	D. melanogaster
A1Z8G2	1	U-01	melanogaster	D. melanogaster
A1Z8G3	1	U-01	melanogaster	D. melanogaster
A1Z8G4	1	U-01	melanogaster	D. melanogaster
A1Z8G5	1	U-01	melanogaster	D. melanogaster
A1Z8G6	1	U-01	melanogaster	D. melanogaster
A1Z8G8	1	U-01	melanogaster	D. melanogaster
A1Z8H1	0	unassigned	melanogaster	D. melanogaster
A1Z8H2	1	U-01	melanogaster	D. melanogaster
A1Z8H3	3	U-03	melanogaster	D. melanogaster
A1Z8H5	2	U-02	melanogaster	D. melanogaster
A1Z8I2	0	unassigned	melanogaster	D. melanogaster
A1Z8I4	1	U-01	melanogaster	D. melanogaster
A1Z8I5	1	U-01	melanogaster	D. melanogaster
A1Z8I6	3	U-03	melanogaster	D. melanogaster
A1Z8I7	1	U-01	melanogaster	D. melanogaster
Q7KBL8	1	U-01	melanogaster	D. melanogaster
Q7KIN0	2	U-02	melanogaster	D. melanogaster
Q7KLI1	1	U-01	melanogaster	D. melanogaster
Q7KMJ6	1	U-01	melanogaster	D. melanogaster
Q7KML2	1	U-01	melanogaster	D. melanogaster
Q7KN62	1	U-01	melanogaster	D. melanogaster
Q7KN79	1	U-01	melanogaster	D. melanogaster
Q7KN92	2	U-02	melanogaster	D. melanogaster
Q7KNF5	1	U-01	melanogaster	D. melanogaster
Q7KNM2	1	U-01	melanogaster	D. melanogaster
Q7KPA5	1	U-01	melanogaster	D. melanogaster
Q7KQM6	1	U-01	melanogaster	D. melanogaster
Q7KQP6	2	U-02	melanogaster	D. melanogaster
Q7KQZ4	1	U-01	melanogaster	D. melanogaster
Q7KRS6	1	U-01	melanogaster	D. melanogaster
Q7KRS7	1	U-01	melanogaster	D. melanogaster
Q7KRU8	1	U-01	melanogaster	D. melanogaster
Q7KRW1	1	U-01	melanogaster	D. melanogaster
Q7KRY7	1	U-01	melanogaster	D. melanogaster
Q7KRZ3	1	U-01	melanogaster	D. melanogaster
Q7KS72	1	U-01	melanogaster	D. melanogaster
Q7KS77	1	U-01	melanogaster	D. melanogaster
Q7KSD8	1	U-01	melanogaster	D. melanogaster
Q7KSE4	1	U-01	melanogaster	D. melanogaster
Q7KSJ0	1	U-01	melanogaster	D. melanogaster
Q7KSP6	1	U-01	melanogaster	D. melanogaster
Q7KSQ2	1	U-01	melanogaster	D. melanogaster
Q7KT06	2	U-02	melanogaster	D. melanogaster
Q7KT70	2	U-02	melanogaster	D. melanogaster
Q7KT94	2	U-02	melanogaster	D. melanogaster
Q7KTA0	2	U-02	melanogaster	D. melanogaster
Q7KTC0	1	U-01	melanogaster	D. melanogaster
Q7KTF8	0	unassigned	melanogaster	D. melanogaster
Q7KTG2	2	U-02	melanogaster	D. melanogaster
Q7KTH8	1	U-01	melanogaster	D. melanogaster
Q7KTI7	2	U-02	melanogaster	D. melanogaster
Q7KTI8	2	U-02	melanogaster	D. melanogaster
Q7KTJ7	2	U-02	melanogaster	D. melanogaster
Q7KTN8	1	U-01	melanogaster	D. melanogaster
Q7KTP0	1	U-01	melanogaster	D. melanogaster
Q7KTP1	1	U-01	melanogaster	D. melanogaster
Q7KTS2	1	U-01	melanogaster	D. melanogaster
Q7KTS4	1	U-01	melanogaster	D. melanogaster
Q7KTX7	1	U-01	melanogaster	D. melanogaster
Q7KTX8	1	U-01	melanogaster	D. melanogaster
Q7KTZ2	1	U-01	melanogaster	D. melanogaster
Q7KTZ4	1	U-01	melanogaster	D. melanogaster
Q7KU24	1	U-01	melanogaster	D. melanogaster
Q7KU86	1	U-01	melanogaster	D. melanogaster
Q7KU92	0	unassigned	melanogaster	D. melanogaster
Q7KU95	1	U-01	melanogaster	D. melanogaster
Q7KUA4	1	U-01	melanogaster	D. melanogaster
Q7KUA8	1	U-01	melanogaster	D. melanogaster
Q7KUD4	1	U-01	melanogaster	D. melanogaster
Q7KUD5	1	U-01	melanogaster	D. melanogaster
Q7KUL1	2	U-02	melanogaster	D. melanogaster
Q9VFX1	2	U-02	melanogaster	D. melanogaster
Q9VFX3	1	U-01	melanogaster	D. melanogaster
Q9VG08	2	U-02	melanogaster	D. melanogaster
Q9VG09	2	U-02	melanogaster	D. melanogaster
Q9VG38	1	U-01	melanogaster	D. melanogaster
Q9VG55	1	U-01	melanogaster	D. melanogaster
Q9VGA4	1	U-01	melanogaster	D. melanogaster
Q9VGE3	1	U-01	melanogaster	D. melanogaster
Q9VGE8	1	U-01	melanogaster	D. melanogaster
Q9VGF9	1	U-01	melanogaster	D. melanogaster
Q9VGH1	0	unassigned	melanogaster	D. melanogaster
Q9VGH7	3	U-03	melanogaster	D. melanogaster
Q9VGH9	1	U-01	melanogaster	D. melanogaster
Q9VGI4	1	U-01	melanogaster	D. melanogaster
Q9VGI5	1	U-01	melanogaster	D. melanogaster
Q9VGI8	1	U-01	melanogaster	D. melanogaster
Q9VGK7	1	U-01	melanogaster	D. melanogaster
Q9VGL8	1	U-01	melanogaster	D. melanogaster
Q9VGN7	1	U-01	melanogaster	D. melanogaster
Q9VGP1	1	U-01	melanogaster	D. melanogaster
Q9VGP4	1	U-01	melanogaster	D. melanogaster
Q9VGP6	1	U-01	melanogaster	D. melanogaster
Q9VGU6	1	U-01	melanogaster	D. melanogaster
Q9VGW6	1	U-01	melanogaster	D. melanogaster
Q9VGY6	2	U-02	melanogaster	D. melanogaster
Q9VH01	1	U-01	melanogaster	D. melanogaster
Q9VH07	1	U-01	melanogaster	D. melanogaster
Q9VH08	1	U-01	melanogaster	D. melanogaster
Q9VH14	2	U-02	melanogaster	D. melanogaster
Q9VH19	2	U-02	melanogaster	D. melanogaster
Q9VH36	1	U-01	melanogaster	D. melanogaster
Q9VH58	3	U-03	melanogaster	D. melanogaster
Q9VH70	1	U-01	melanogaster	D. melanogaster
Q9VH89	1	U-01	melanogaster	D. melanogaster
Q9VH90	1	U-01	melanogaster	D. melanogaster
Q9VH95	1	U-01	melanogaster	D. melanogaster
Q9VHB0	1	U-01	melanogaster	D. melanogaster
Q9VHC3	1	U-01	melanogaster	D. melanogaster
Q9VHC5	1	U-01	melanogaster	D. melanogaster
Q9VHC7	1	U-01	melanogaster	D. melanogaster
Q9VHD2	1	U-01	melanogaster	D. melanogaster
Q9VHF6	1	U-01	melanogaster	D. melanogaster
Q9VHG1	1	U-01	melanogaster	D. melanogaster
Q9VHG4	2	U-02	melanogaster	D. melanogaster
E1JIC9	1	U-01	melanogaster	D. melanogaster
E1JIE7	1	U-01	melanogaster	D. melanogaster
E1JIG1	1	U-01	melanogaster	D. melanogaster
E1JIH1	1	U-01	melanogaster	D. melanogaster
E1JIH3	1	U-01	melanogaster	D. melanogaster
E1JIH5	1	U-01	melanogaster	D. melanogaster
E1JIM4	1	U-01	melanogaster	D. melanogaster
E1JIN0	2	U-02	melanogaster	D. melanogaster
E1JIN6	1	U-01	melanogaster	D. melanogaster
E1JIP2	1	U-01	melanogaster	D. melanogaster
E1JIP5	1	U-01	melanogaster	D. melanogaster
E1JIP9	1	U-01	melanogaster	D. melanogaster
E1JIQ1	0	unassigned	melanogaster	D. melanogaster
E1JIQ2	0	unassigned	melanogaster	D. melanogaster
E1JIQ3	0	unassigned	melanogaster	D. melanogaster
E1JIQ5	1	U-01	melanogaster	D. melanogaster
E1JIQ8	1	U-01	melanogaster	D. melanogaster
E1JIS9	1	U-01	melanogaster	D. melanogaster
E1JIT0	1	U-01	melanogaster	D. melanogaster
E1JIT1	1	U-01	melanogaster	D. melanogaster
E1JIT6	3	U-03	melanogaster	D. melanogaster
E1JIU5	1	U-01	melanogaster	D. melanogaster
E1JIV7	1	U-01	melanogaster	D. melanogaster
E1JIV8	2	U-02	melanogaster	D. melanogaster
E1JIW1	1	U-01	melanogaster	D. melanogaster
E1JIW2	1	U-01	melanogaster	D. melanogaster
E1JIX9	2	U-02	melanogaster	D. melanogaster
E1JIZ4	1	U-01	melanogaster	D. melanogaster
E1JIZ5	1	U-01	melanogaster	D. melanogaster
E1JJ04	1	U-01	melanogaster	D. melanogaster
E1JJ13	3	U-03	melanogaster	D. melanogaster
E1JJ17	3	U-03	melanogaster	D. melanogaster
E1JJ18	1	U-01	melanogaster	D. melanogaster
E1JJ21	1	U-01	melanogaster	D. melanogaster
E1JJ32	1	U-01	melanogaster	D. melanogaster
E1JJ33	1	U-01	melanogaster	D. melanogaster
E1JJ35	1	U-01	melanogaster	D. melanogaster
E1JJ37	1	U-01	melanogaster	D. melanogaster
E1JJ41	1	U-01	melanogaster	D. melanogaster
E1JJ66	1	U-01	melanogaster	D. melanogaster
E1JJ75	1	U-01	melanogaster	D. melanogaster
E1JJ76	1	U-01	melanogaster	D. melanogaster
E1JJ98	1	U-01	melanogaster	D. melanogaster
E1JJB8	1	U-01	melanogaster	D. melanogaster
E1JJC3	2	U-02	melanogaster	D. melanogaster
E1JJC5	0	unassigned	melanogaster	D. melanogaster
E1JJD0	1	U-01	melanogaster	D. melanogaster
E1JJE6	0	unassigned	melanogaster	D. melanogaster
E1JJF0	1	U-01	melanogaster	D. melanogaster
E1JJF4	1	U-01	melanogaster	D. melanogaster
E1JJG1	2	U-02	melanogaster	D. melanogaster
E1JJG4	1	U-01	melanogaster	D. melanogaster
E1JJK6	1	U-01	melanogaster	D. melanogaster
E1JJK7	1	U-01	melanogaster	D. melanogaster
E1JJK8	1	U-01	melanogaster	D. melanogaster
E1JJK9	1	U-01	melanogaster	D. melanogaster
E1JJL5	2	U-02	melanogaster	D. melanogaster
E1JJN1	1	U-01	melanogaster	D. melanogaster
E1JJN9	1	U-01	melanogaster	D. melanogaster
E1JJP0	0	unassigned	melanogaster	D. melanogaster
E1JJP4	1	U-01	melanogaster	D. melanogaster
E1JJQ0	1	U-01	melanogaster	D. melanogaster
E1JJQ3	1	U-01	melanogaster	D. melanogaster
E1JJQ4	1	U-01	melanogaster	D. melanogaster
E1JJQ5	0	unassigned	melanogaster	D. melanogaster
E1JJQ9	2	U-02	melanogaster	D. melanogaster
E2QC62	1	U-01	melanogaster	D. melanogaster
E2QC83	0	unassigned	melanogaster	D. melanogaster
E2QC90	1	U-01	melanogaster	D. melanogaster
E2QCA2	1	U-01	melanogaster	D. melanogaster
E2QCC2	3	U-03	melanogaster	D. melanogaster
E2QCD0	1	U-01	melanogaster	D. melanogaster
E2QCH2	1	U-01	melanogaster	D. melanogaster
E2QCI6	1	U-01	melanogaster	D. melanogaster
E2QCJ5	3	U-03	melanogaster	D. melanogaster
Q08694	2	U-02	melanogaster	D. melanogaster
Q0E8D8	2	U-02	melanogaster	D. melanogaster
Q0E8E2	1	U-01	melanogaster	D. melanogaster
Q0E8E7	1	U-01	melanogaster	D. melanogaster
Q0E8F8	1	U-01	melanogaster	D. melanogaster
Q0E8G6	1	U-01	melanogaster	D. melanogaster
Q0E8G9	2	U-02	melanogaster	D. melanogaster
Q0E8I5	1	U-01	melanogaster	D. melanogaster
Q0E8J1	1	U-01	melanogaster	D. melanogaster
Q0E8J3	1	U-01	melanogaster	D. melanogaster
Q0E8J4	1	U-01	melanogaster	D. melanogaster
Q0E8J5	1	U-01	melanogaster	D. melanogaster
Q0E8J6	1	U-01	melanogaster	D. melanogaster
Q0E8K6	1	U-01	melanogaster	D. melanogaster
Q0E8K8	1	U-01	melanogaster	D. melanogaster
Q0E8L0	3	U-03	melanogaster	D. melanogaster
Q0E8N6	2	U-02	melanogaster	D. melanogaster
Q0E8N9	1	U-01	melanogaster	D. melanogaster
Q0E8P0	1	U-01	melanogaster	D. melanogaster
Q0E8V4	2	U-02	melanogaster	D. melanogaster
Q0E8W3	1	U-01	melanogaster	D. melanogaster
Q0E8X5	1	U-01	melanogaster	D. melanogaster
Q0E8X6	1	U-01	melanogaster	D. melanogaster
Q0E931	1	U-01	melanogaster	D. melanogaster
Q0E933	1	U-01	melanogaster	D. melanogaster
Q9VNL6	2	U-02	melanogaster	D. melanogaster
Q9VNM3	1	U-01	melanogaster	D. melanogaster
Q9VNM7	1	U-01	melanogaster	D. melanogaster
Q9VNM9	1	U-01	melanogaster	D. melanogaster
Q9VWL9	1	U-01	melanogaster	D. melanogaster
Q9VWM0	2	U-02	melanogaster	D. melanogaster
Q9VWM1	2	U-02	melanogaster	D. melanogaster
Q9VWM3	1	U-01	melanogaster	D. melanogaster
Q9VWN1	1	U-01	melanogaster	D. melanogaster
Q9VWP2	1	U-01	melanogaster	D. melanogaster
Q9VWP7	0	unassigned	melanogaster	D. melanogaster
Q9VWP8	1	U-01	melanogaster	D. melanogaster
Q9VWP9	1	U-01	melanogaster	D. melanogaster
Q9VWQ3	1	U-01	melanogaster	D. melanogaster
Q9VWR1	1	U-01	melanogaster	D. melanogaster
Q9VWR2	0	unassigned	melanogaster	D. melanogaster
Q9VWR6	2	U-02	melanogaster	D. melanogaster
Q9VWT3	2	U-02	melanogaster	D. melanogaster
Q9VWT5	1	U-01	melanogaster	D. melanogaster
Q9VWU6	1	U-01	melanogaster	D. melanogaster
Q9VWV4	1	U-01	melanogaster	D. melanogaster
Q9VWW1	1	U-01	melanogaster	D. melanogaster
Q9VWX4	3	U-03	melanogaster	D. melanogaster
Q9VWX7	1	U-01	melanogaster	D. melanogaster
Q9VWY8	1	U-01	melanogaster	D. melanogaster
Q9VWZ1	1	U-01	melanogaster	D. melanogaster
Q9VWZ2	3	U-03	melanogaster	D. melanogaster
Q9VX01	2	U-02	melanogaster	D. melanogaster
Q9VX02	3	U-03	melanogaster	D. melanogaster
Q9VX03	1	U-01	melanogaster	D. melanogaster
Q9VX04	2	U-02	melanogaster	D. melanogaster
Q9VX08	1	U-01	melanogaster	D. melanogaster
Q9VX11	2	U-02	melanogaster	D. melanogaster
Q9VX18	1	U-01	melanogaster	D. melanogaster
Q9VX24	1	U-01	melanogaster	D. melanogaster
Q9VX26	1	U-01	melanogaster	D. melanogaster
Q9VX35	1	U-01	melanogaster	D. melanogaster
Q9VX42	1	U-01	melanogaster	D. melanogaster
Q9VX46	2	U-02	melanogaster	D. melanogaster
Q9VX48	1	U-01	melanogaster	D. melanogaster
Q9VX56	1	U-01	melanogaster	D. melanogaster
Q9VX63	1	U-01	melanogaster	D. melanogaster
Q9VX65	1	U-01	melanogaster	D. melanogaster
Q9VX69	2	U-02	melanogaster	D. melanogaster
Q9VX70	2	U-02	melanogaster	D. melanogaster
Q9VX83	3	U-03	melanogaster	D. melanogaster
Q9VX84	3	U-03	melanogaster	D. melanogaster
Q9VX86	2	U-02	melanogaster	D. melanogaster
Q9VX92	1	U-01	melanogaster	D. melanogaster
Q9VX94	0	unassigned	melanogaster	D. melanogaster
Q9VXA3	1	U-01	melanogaster	D. melanogaster
Q9VXA5	2	U-02	melanogaster	D. melanogaster
Q9VXB4	0	unassigned	melanogaster	D. melanogaster
Q9VXB5	1	U-01	melanogaster	D. melanogaster
Q9VXC1	1	U-01	melanogaster	D. melanogaster
Q9VXC4	2	U-02	melanogaster	D. melanogaster
Q9VXC5	0	unassigned	melanogaster	D. melanogaster
Q9VXE7	1	U-01	melanogaster	D. melanogaster
Q9VXF5	3	U-03	melanogaster	D. melanogaster
Q9VXG0	2	U-02	melanogaster	D. melanogaster
Q9VXG5	1	U-01	melanogaster	D. melanogaster
Q9VXI3	0	unassigned	melanogaster	D. melanogaster
Q9VXK1	2	U-02	melanogaster	D. melanogaster
Q9VXK2	1	U-01	melanogaster	D. melanogaster
Q9VXK8	3	U-03	melanogaster	D. melanogaster
Q9VXK9	0	unassigned	melanogaster	D. melanogaster
Q9VXM4	1	U-01	melanogaster	D. melanogaster
Q9VXN0	1	U-01	melanogaster	D. melanogaster
Q9VXN1	1	U-01	melanogaster	D. melanogaster
Q9VXN3	1	U-01	melanogaster	D. melanogaster
Q9VXN8	1	U-01	melanogaster	D. melanogaster
Q9VXP3	1	U-01	melanogaster	D. melanogaster
Q9VXP4	1	U-01	melanogaster	D. melanogaster
Q9VXQ0	1	U-01	melanogaster	D. melanogaster
Q9VXQ6	0	unassigned	melanogaster	D. melanogaster
Q9VXQ7	1	U-01	melanogaster	D. melanogaster
Q9VXR1	3	U-03	melanogaster	D. melanogaster
Q9VXR5	1	U-01	melanogaster	D. melanogaster
Q9VXR6	1	U-01	melanogaster	D. melanogaster
Q9VXR8	1	U-01	melanogaster	D. melanogaster
Q9VXS5	1	U-01	melanogaster	D. melanogaster
Q9VXS6	1	U-01	melanogaster	D. melanogaster
Q9VXS8	2	U-02	melanogaster	D. melanogaster
Q9VXT1	1	U-01	melanogaster	D. melanogaster
Q9VXT2	1	U-01	melanogaster	D. melanogaster
Q9VXT6	1	U-01	melanogaster	D. melanogaster
Q9VXU7	1	U-01	melanogaster	D. melanogaster
Q9VXV0	3	U-03	melanogaster	D. melanogaster
Q9VXV4	3	U-03	melanogaster	D. melanogaster
Q9VXV7	1	U-01	melanogaster	D. melanogaster
Q9VXV8	1	U-01	melanogaster	D. melanogaster
Q9VXV9	2	U-02	melanogaster	D. melanogaster
Q9VXW3	1	U-01	melanogaster	D. melanogaster
Q9VXW4	1	U-01	melanogaster	D. melanogaster
Q9VXW9	1	U-01	melanogaster	D. melanogaster
Q9VXX1	1	U-01	melanogaster	D. melanogaster
Q9VXX6	1	U-01	melanogaster	D. melanogaster
Q9W3X8	1	U-01	melanogaster	D. melanogaster
Q9W3Y0	1	U-01	melanogaster	D. melanogaster
Q9W3Y3	1	U-01	melanogaster	D. melanogaster
P09082	1	U-01	melanogaster	D. melanogaster
P09083	1	U-01	melanogaster	D. melanogaster
P09085	1	U-01	melanogaster	D. melanogaster
P09087	1	U-01	melanogaster	D. melanogaster
P09208	2	U-02	melanogaster	D. melanogaster
P09615	2	U-02	melanogaster	D. melanogaster
P09774	1	U-01	melanogaster	D. melanogaster
P09775	1	U-01	melanogaster	D. melanogaster
P09957	2	U-02	melanogaster	D. melanogaster
P10040	2	U-02	melanogaster	D. melanogaster
P10041	2	U-02	melanogaster	D. melanogaster
P10083	1	U-01	melanogaster	D. melanogaster
P10084	1	U-01	melanogaster	D. melanogaster
P10090	3	U-03	melanogaster	D. melanogaster
P10105	1	U-01	melanogaster	D. melanogaster
P10180	1	U-01	melanogaster	D. melanogaster
P10181	1	U-01	melanogaster	D. melanogaster
P10333	1	U-01	melanogaster	D. melanogaster
P10351	1	U-01	melanogaster	D. melanogaster
Q04499	1	U-01	melanogaster	D. melanogaster
Q04652	1	U-01	melanogaster	D. melanogaster
Q04688	1	U-01	melanogaster	D. melanogaster
Q05192	1	U-01	melanogaster	D. melanogaster
Q05344	1	U-01	melanogaster	D. melanogaster
Q05856	1	U-01	melanogaster	D. melanogaster
Q05913	1	U-01	melanogaster	D. melanogaster
Q06003	0	unassigned	melanogaster	D. melanogaster
Q06453	1	U-01	melanogaster	D. melanogaster
Q07093	1	U-01	melanogaster	D. melanogaster
Q07152	1	U-01	melanogaster	D. melanogaster
Q07171	1	U-01	melanogaster	D. melanogaster
Q07407	2	U-02	melanogaster	D. melanogaster
Q08012	1	U-01	melanogaster	D. melanogaster
Q08473	1	U-01	melanogaster	D. melanogaster
Q08605	1	U-01	melanogaster	D. melanogaster
Q09101	2	U-02	melanogaster	D. melanogaster
Q09103	1	U-01	melanogaster	D. melanogaster
Q09147	2	U-02	melanogaster	D. melanogaster
Q09332	2	U-02	melanogaster	D. melanogaster
Q0E8J0	1	U-01	melanogaster	D. melanogaster
Q0E8N2	1	U-01	melanogaster	D. melanogaster
Q0E8P6	1	U-01	melanogaster	D. melanogaster
Q0E8S4	2	U-02	melanogaster	D. melanogaster
Q0E8S7	1	U-01	melanogaster	D. melanogaster
Q0E8W5	3	U-03	melanogaster	D. melanogaster
Q0E8Y8	1	U-01	melanogaster	D. melanogaster
Q0E917	1	U-01	melanogaster	D. melanogaster
Q0E9C8	1	U-01	melanogaster	D. melanogaster
Q0E9F2	2	U-02	melanogaster	D. melanogaster
Q0E9H5	0	unassigned	melanogaster	D. melanogaster
Q0E9H7	0	unassigned	melanogaster	D. melanogaster
Q0E9H9	0	unassigned	melanogaster	D. melanogaster
Q0E9I0	0	unassigned	melanogaster	D. melanogaster
Q0E9I1	0	unassigned	melanogaster	D. melanogaster
Q0E9I2	0	unassigned	melanogaster	D. melanogaster
Q0E9I3	0	unassigned	melanogaster	D. melanogaster
Q0E9I5	0	unassigned	melanogaster	D. melanogaster
Q0E9I6	0	unassigned	melanogaster	D. melanogaster
Q0E9I7	0	unassigned	melanogaster	D. melanogaster
Q0E9I8	0	unassigned	melanogaster	D. melanogaster
Q0E9I9	0	unassigned	melanogaster	D. melanogaster
Q0E9J1	0	unassigned	melanogaster	D. melanogaster
Q0E9J2	0	unassigned	melanogaster	D. melanogaster
Q0E9J3	0	unassigned	melanogaster	D. melanogaster
Q0E9J4	0	unassigned	melanogaster	D. melanogaster
Q0E9J5	0	unassigned	melanogaster	D. melanogaster
Q0E9J6	0	unassigned	melanogaster	D. melanogaster
Q0E9K0	0	unassigned	melanogaster	D. melanogaster
Q0E9K1	0	unassigned	melanogaster	D. melanogaster
Q0E9K2	0	unassigned	melanogaster	D. melanogaster
Q0E9K3	0	unassigned	melanogaster	D. melanogaster
Q0E9K5	0	unassigned	melanogaster	D. melanogaster
Q0E9K6	0	unassigned	melanogaster	D. melanogaster
Q0E9K8	0	unassigned	melanogaster	D. melanogaster
Q0E9L1	0	unassigned	melanogaster	D. melanogaster
Q0E9L2	0	unassigned	melanogaster	D. melanogaster
Q0E9L3	0	unassigned	melanogaster	D. melanogaster
Q0E9L4	0	unassigned	melanogaster	D. melanogaster
Q0E9L6	0	unassigned	melanogaster	D. melanogaster
Q0E9L7	0	unassigned	melanogaster	D. melanogaster
Q0E9L8	0	unassigned	melanogaster	D. melanogaster
Q0E9L9	0	unassigned	melanogaster	D. melanogaster
Q0E9M0	0	unassigned	melanogaster	D. melanogaster
Q0E9M1	0	unassigned	melanogaster	D. melanogaster
Q0E9M2	0	unassigned	melanogaster	D. melanogaster
Q0E9M3	0	unassigned	melanogaster	D. melanogaster
Q0E9M4	0	unassigned	melanogaster	D. melanogaster
Q0KHQ5	1	U-01	melanogaster	D. melanogaster
Q0KHR3	1	U-01	melanogaster	D. melanogaster
Q0KHU0	1	U-01	melanogaster	D. melanogaster
Q0KHU2	1	U-01	melanogaster	D. melanogaster
Q0KHU5	1	U-01	melanogaster	D. melanogaster
Q0KHV6	1	U-01	melanogaster	D. melanogaster
Q0KHW6	1	U-01	melanogaster	D. melanogaster
Q0KHY3	2	U-02	melanogaster	D. melanogaster
Q0KI03	1	U-01	melanogaster	D. melanogaster
Q0KI34	1	U-01	melanogaster	D. melanogaster
Q0KI50	1	U-01	melanogaster	D. melanogaster
Q0KI58	1	U-01	melanogaster	D. melanogaster
Q0KIF4	2	U-02	melanogaster	D. melanogaster
A0A0B4LFS0	1	U-01	melanogaster	D. melanogaster
A0A0B4LFS9	2	U-02	melanogaster	D. melanogaster
A0A0B4LFU5	1	U-01	melanogaster	D. melanogaster
A0A0B4LFU6	1	U-01	melanogaster	D. melanogaster
A0A0B4LFU7	1	U-01	melanogaster	D. melanogaster
A0A0B4LFW0	1	U-01	melanogaster	D. melanogaster
A0A0B4LFW3	0	unassigned	melanogaster	D. melanogaster
A0A0B4LFW5	1	U-01	melanogaster	D. melanogaster
A0A0B4LFW6	1	U-01	melanogaster	D. melanogaster
A0A0B4LFX0	1	U-01	melanogaster	D. melanogaster
A0A0B4LFZ2	1	U-01	melanogaster	D. melanogaster
A0A0B4LG04	1	U-01	melanogaster	D. melanogaster
A0A0B4LG05	1	U-01	melanogaster	D. melanogaster
A0A0B4LG06	1	U-01	melanogaster	D. melanogaster
A0A0B4LG07	0	unassigned	melanogaster	D. melanogaster
A0A0B4LG10	1	U-01	melanogaster	D. melanogaster
A0A0B4LG13	1	U-01	melanogaster	D. melanogaster
A0A0B4LG18	1	U-01	melanogaster	D. melanogaster
A0A0B4LG19	1	U-01	melanogaster	D. melanogaster
A0A0B4LG21	1	U-01	melanogaster	D. melanogaster
A0A0B4LG26	1	U-01	melanogaster	D. melanogaster
A0A0B4LG29	1	U-01	melanogaster	D. melanogaster
A0A0B4LG38	3	U-03	melanogaster	D. melanogaster
A0A0B4LG42	2	U-02	melanogaster	D. melanogaster
A0A0B4LG43	2	U-02	melanogaster	D. melanogaster
A0A0B4LG55	3	U-03	melanogaster	D. melanogaster
A0A0B4LG58	1	U-01	melanogaster	D. melanogaster
A0A0B4LG59	1	U-01	melanogaster	D. melanogaster
A0A0B4LG67	1	U-01	melanogaster	D. melanogaster
A0A0B4LG72	1	U-01	melanogaster	D. melanogaster
A0A0B4LG85	1	U-01	melanogaster	D. melanogaster
A0A0B4LG88	1	U-01	melanogaster	D. melanogaster
A0A0B4LG91	2	U-02	melanogaster	D. melanogaster
A0A0B4LG93	3	U-03	melanogaster	D. melanogaster
A0A0B4LG94	3	U-03	melanogaster	D. melanogaster
A0A0B4LGA0	1	U-01	melanogaster	D. melanogaster
A0A0B4LGB9	1	U-01	melanogaster	D. melanogaster
A0A0B4LGC1	1	U-01	melanogaster	D. melanogaster
A0A0B4LGC4	1	U-01	melanogaster	D. melanogaster
A0A0B4LGC7	1	U-01	melanogaster	D. melanogaster
A0A0B4LGC8	3	U-03	melanogaster	D. melanogaster
A0A0B4LGE5	1	U-01	melanogaster	D. melanogaster
A0A0B4LGE9	2	U-02	melanogaster	D. melanogaster
A0A0B4LGF0	1	U-01	melanogaster	D. melanogaster
A0A0B4LGF3	2	U-02	melanogaster	D. melanogaster
A0A0B4LGG1	1	U-01	melanogaster	D. melanogaster
A0A0B4LGG4	1	U-01	melanogaster	D. melanogaster
A0A0B4LGG8	1	U-01	melanogaster	D. melanogaster
A0A0B4LGG9	1	U-01	melanogaster	D. melanogaster
A0A0B4LGH8	1	U-01	melanogaster	D. melanogaster
A0A0B4LGI6	2	U-02	melanogaster	D. melanogaster
A0A0B4LGI9	1	U-01	melanogaster	D. melanogaster
A0A0B4LGJ7	3	U-03	melanogaster	D. melanogaster
A0A0B4LGK7	3	U-03	melanogaster	D. melanogaster
A0A0B4LGL5	2	U-02	melanogaster	D. melanogaster
A0A0B4LGL6	2	U-02	melanogaster	D. melanogaster
A0A0B4LGM7	1	U-01	melanogaster	D. melanogaster
A0A0B4LGN7	2	U-02	melanogaster	D. melanogaster
A0A0B4LGP3	2	U-02	melanogaster	D. melanogaster
A0A0B4LGR1	1	U-01	melanogaster	D. melanogaster
A0A0B4LGR6	1	U-01	melanogaster	D. melanogaster
A0A0B4LGS6	1	U-01	melanogaster	D. melanogaster
A0A0B4LGS9	1	U-01	melanogaster	D. melanogaster
A0A0B4LGT5	1	U-01	melanogaster	D. melanogaster
A0A0B4LGT7	1	U-01	melanogaster	D. melanogaster
A0A0B4LGT8	2	U-02	melanogaster	D. melanogaster
A0A0B4LGT9	1	U-01	melanogaster	D. melanogaster
A1ZAM2	1	U-01	melanogaster	D. melanogaster
A1ZAN0	1	U-01	melanogaster	D. melanogaster
A1ZAN2	1	U-01	melanogaster	D. melanogaster
A1ZAP2	2	U-02	melanogaster	D. melanogaster
A1ZAP7	1	U-01	melanogaster	D. melanogaster
A1ZAP9	1	U-01	melanogaster	D. melanogaster
A1ZAQ0	1	U-01	melanogaster	D. melanogaster
A1ZAQ4	1	U-01	melanogaster	D. melanogaster
A1ZAQ7	2	U-02	melanogaster	D. melanogaster
A1ZAR0	1	U-01	melanogaster	D. melanogaster
A1ZAR2	3	U-03	melanogaster	D. melanogaster
A1ZAS2	1	U-01	melanogaster	D. melanogaster
A1ZAS6	1	U-01	melanogaster	D. melanogaster
A1ZAS9	1	U-01	melanogaster	D. melanogaster
A1ZAT3	1	U-01	melanogaster	D. melanogaster
A1ZAT5	1	U-01	melanogaster	D. melanogaster
A1ZAU0	2	U-02	melanogaster	D. melanogaster
A1ZAU5	2	U-02	melanogaster	D. melanogaster
A1ZAU6	1	U-01	melanogaster	D. melanogaster
A1ZAV6	1	U-01	melanogaster	D. melanogaster
A1ZAV9	1	U-01	melanogaster	D. melanogaster
A1ZAW3	1	U-01	melanogaster	D. melanogaster
A1ZAW9	0	unassigned	melanogaster	D. melanogaster
A1ZAX2	1	U-01	melanogaster	D. melanogaster
A1ZAX6	1	U-01	melanogaster	D. melanogaster
A1ZAY2	1	U-01	melanogaster	D. melanogaster
A1ZAY7	1	U-01	melanogaster	D. melanogaster
A1ZAY8	1	U-01	melanogaster	D. melanogaster
A1ZAY9	0	unassigned	melanogaster	D. melanogaster
A1ZAZ2	1	U-01	melanogaster	D. melanogaster
A1ZAZ3	1	U-01	melanogaster	D. melanogaster
A1ZAZ5	2	U-02	melanogaster	D. melanogaster
A1ZAZ7	3	U-03	melanogaster	D. melanogaster
X2JCS2	1	U-01	melanogaster	D. melanogaster
X2JCS6	1	U-01	melanogaster	D. melanogaster
X2JCT5	1	U-01	melanogaster	D. melanogaster
X2JCY4	1	U-01	melanogaster	D. melanogaster
X2JD06	1	U-01	melanogaster	D. melanogaster
X2JD17	3	U-03	melanogaster	D. melanogaster
X2JD30	1	U-01	melanogaster	D. melanogaster
X2JD61	1	U-01	melanogaster	D. melanogaster
X2JD69	1	U-01	melanogaster	D. melanogaster
X2JD70	1	U-01	melanogaster	D. melanogaster
X2JD78	2	U-02	melanogaster	D. melanogaster
X2JD84	1	U-01	melanogaster	D. melanogaster
X2JD93	1	U-01	melanogaster	D. melanogaster
X2JDA8	1	U-01	melanogaster	D. melanogaster
X2JDC1	1	U-01	melanogaster	D. melanogaster
X2JDC2	2	U-02	melanogaster	D. melanogaster
X2JDD7	1	U-01	melanogaster	D. melanogaster
X2JDE5	1	U-01	melanogaster	D. melanogaster
X2JDG0	1	U-01	melanogaster	D. melanogaster
X2JDK3	1	U-01	melanogaster	D. melanogaster
X2JDK7	3	U-03	melanogaster	D. melanogaster
X2JDN6	1	U-01	melanogaster	D. melanogaster
X2JDQ5	1	U-01	melanogaster	D. melanogaster
X2JDS6	2	U-02	melanogaster	D. melanogaster
X2JDV0	1	U-01	melanogaster	D. melanogaster
X2JDV1	1	U-01	melanogaster	D. melanogaster
X2JDV3	1	U-01	melanogaster	D. melanogaster
X2JDV7	2	U-02	melanogaster	D. melanogaster
X2JDW6	2	U-02	melanogaster	D. melanogaster
X2JDY1	0	unassigned	melanogaster	D. melanogaster
X2JE06	1	U-01	melanogaster	D. melanogaster
A0A0B8KQ03	1	U-01	melanogaster	D. melanogaster
A0A0B8KRH5	1	U-01	melanogaster	D. melanogaster
A0A0C4DHB3	1	U-01	melanogaster	D. melanogaster
A0A0C4DHB9	1	U-01	melanogaster	D. melanogaster
A0A0C4DHC3	1	U-01	melanogaster	D. melanogaster
A0A0C4DHC6	1	U-01	melanogaster	D. melanogaster
A0A0C4DHD1	1	U-01	melanogaster	D. melanogaster
A0A0C4DHF3	3	U-03	melanogaster	D. melanogaster
A0A0C4DHF7	1	U-01	melanogaster	D. melanogaster
A0A0C4DHG4	1	U-01	melanogaster	D. melanogaster
A0A0C4DHG7	2	U-02	melanogaster	D. melanogaster
A0A0C4DHH2	2	U-02	melanogaster	D. melanogaster
A0A0C4DHM7	2	U-02	melanogaster	D. melanogaster
A0A0C4DHN0	1	U-01	melanogaster	D. melanogaster
A0A0C4DHN1	2	U-02	melanogaster	D. melanogaster
A0A0C4DHN2	2	U-02	melanogaster	D. melanogaster
A0A0C4DHN3	3	U-03	melanogaster	D. melanogaster
A0A0C4DHN5	2	U-02	melanogaster	D. melanogaster
A0A0C4DHN6	2	U-02	melanogaster	D. melanogaster
A0A0R4YDN3	1	U-01	melanogaster	D. melanogaster
A0A0S0WFE2	3	U-03	melanogaster	D. melanogaster
A0A0S0WGU5	0	unassigned	melanogaster	D. melanogaster
A0A0S0WGX5	1	U-01	melanogaster	D. melanogaster
A0A0S0WGZ3	1	U-01	melanogaster	D. melanogaster
A0A0S0WIC6	2	U-02	melanogaster	D. melanogaster
A0A0S0WJL4	2	U-02	melanogaster	D. melanogaster
A0A0S0WJP9	1	U-01	melanogaster	D. melanogaster
A0A0S0WNE9	1	U-01	melanogaster	D. melanogaster
A0A0S0WNW4	1	U-01	melanogaster	D. melanogaster
A0A0S0WP43	1	U-01	melanogaster	D. melanogaster
A0A0S0X119	1	U-01	melanogaster	D. melanogaster
A0A0S0X126	1	U-01	melanogaster	D. melanogaster
A0A0S0X6T8	1	U-01	melanogaster	D. melanogaster
A0A126GUM4	1	U-01	melanogaster	D. melanogaster
A0A126GUN2	3	U-03	melanogaster	D. melanogaster
A0A126GUP0	1	U-01	melanogaster	D. melanogaster
A0A126GUQ9	1	U-01	melanogaster	D. melanogaster
A0A126GUR1	1	U-01	melanogaster	D. melanogaster
A0A126GUR2	1	U-01	melanogaster	D. melanogaster
A0A126GUS8	1	U-01	melanogaster	D. melanogaster
A0A126GUW2	1	U-01	melanogaster	D. melanogaster
A0A126GUW5	1	U-01	melanogaster	D. melanogaster
A0A126GUX4	1	U-01	melanogaster	D. melanogaster
A0A126GUY7	1	U-01	melanogaster	D. melanogaster
A0A126GUZ1	1	U-01	melanogaster	D. melanogaster
A0A126GUZ5	1	U-01	melanogaster	D. melanogaster
A0A126GUZ9	1	U-01	melanogaster	D. melanogaster
A0A126GV01	1	U-01	melanogaster	D. melanogaster
A0A126GV02	1	U-01	melanogaster	D. melanogaster
A0A126GV05	1	U-01	melanogaster	D. melanogaster
A0A126GV06	1	U-01	melanogaster	D. melanogaster
A0A126GV20	0	unassigned	melanogaster	D. melanogaster
A0A126GV33	1	U-01	melanogaster	D. melanogaster
A0A1L4A1Q7	1	U-01	melanogaster	D. melanogaster
A0A1L4AAD7	2	U-02	melanogaster	D. melanogaster
A0A1L4AAF3	1	U-01	melanogaster	D. melanogaster
A0A1W5PW65	1	U-01	melanogaster	D. melanogaster
A0A1W5PW68	1	U-01	melanogaster	D. melanogaster
A0A1W5PX42	1	U-01	melanogaster	D. melanogaster
A0A1W5PXS3	1	U-01	melanogaster	D. melanogaster
A0A1W5PZ55	1	U-01	melanogaster	D. melanogaster
A0A1W5Q018	1	U-01	melanogaster	D. melanogaster
A0A1W5Q0T5	1	U-01	melanogaster	D. melanogaster
A0A1Z1CGY8	1	U-01	melanogaster	D. melanogaster
A0A1Z1CGZ3	1	U-01	melanogaster	D. melanogaster
A0A1Z1CGZ7	2	U-02	melanogaster	D. melanogaster
A0A1Z1CH01	1	U-01	melanogaster	D. melanogaster
A0A1Z1CH02	1	U-01	melanogaster	D. melanogaster
A0A1Z1CH08	1	U-01	melanogaster	D. melanogaster
A0A0B4LHT4	1	U-01	melanogaster	D. melanogaster
A0A0B4LHV0	0	unassigned	melanogaster	D. melanogaster
A0A0B4LHV4	1	U-01	melanogaster	D. melanogaster
A0A0B4LHX9	0	unassigned	melanogaster	D. melanogaster
A0A0B4LI25	1	U-01	melanogaster	D. melanogaster
A0A0B4LIE3	2	U-02	melanogaster	D. melanogaster
A0A0B4LIK5	1	U-01	melanogaster	D. melanogaster
A0A0B4LIS6	0	unassigned	melanogaster	D. melanogaster
A0A0B4LIT4	0	unassigned	melanogaster	D. melanogaster
A0A0B4LIX2	1	U-01	melanogaster	D. melanogaster
A0A0C4DHA1	1	U-01	melanogaster	D. melanogaster
A0A0C4DHH3	1	U-01	melanogaster	D. melanogaster
A0A0S0WGV5	1	U-01	melanogaster	D. melanogaster
A0A0S0WIA2	1	U-01	melanogaster	D. melanogaster
A0A0S0WNY8	0	unassigned	melanogaster	D. melanogaster
A0A126GUR3	2	U-02	melanogaster	D. melanogaster
A0A126GUR6	1	U-01	melanogaster	D. melanogaster
A0A126GUS1	2	U-02	melanogaster	D. melanogaster
A0A126GUT9	3	U-03	melanogaster	D. melanogaster
A0A126GUV2	1	U-01	melanogaster	D. melanogaster
A0A126GUV7	1	U-01	melanogaster	D. melanogaster
A0A126GV16	0	unassigned	melanogaster	D. melanogaster
A0A1W5PXG3	1	U-01	melanogaster	D. melanogaster
A0A384SX09	1	U-01	melanogaster	D. melanogaster
A0A4D6K0P9	1	U-01	melanogaster	D. melanogaster
A0A4D6K1L3	1	U-01	melanogaster	D. melanogaster
A0A4D6K344	1	U-01	melanogaster	D. melanogaster
A0A4D6K506	1	U-01	melanogaster	D. melanogaster
A0A6F7R657	1	U-01	melanogaster	D. melanogaster
A0A6H2EDS1	1	U-01	melanogaster	D. melanogaster
A0A6H2EEN6	1	U-01	melanogaster	D. melanogaster
A0A6H2EEU7	1	U-01	melanogaster	D. melanogaster
A0A6H2EFD0	1	U-01	melanogaster	D. melanogaster
A0A6H2EFG8	1	U-01	melanogaster	D. melanogaster
A0A6H2EFT7	1	U-01	melanogaster	D. melanogaster
A0A6H2EGC1	0	unassigned	melanogaster	D. melanogaster
A0A6H2EJG3	1	U-01	melanogaster	D. melanogaster
A0A6M3Q6S9	0	unassigned	melanogaster	D. melanogaster
A0A9F2H0Y4	0	unassigned	melanogaster	D. melanogaster
A0A9F2H0Y5	0	unassigned	melanogaster	D. melanogaster
A0A9F2H0Z2	1	U-01	melanogaster	D. melanogaster
A0A9F2H0Z3	1	U-01	melanogaster	D. melanogaster
A0ACM8Q2F6	1	U-01	melanogaster	D. melanogaster
A0ACM8RCZ3	1	U-01	melanogaster	D. melanogaster
A0AQH0	1	U-01	melanogaster	D. melanogaster
A1Z6J2	1	U-01	melanogaster	D. melanogaster
M9PFL9	0	unassigned	melanogaster	D. melanogaster
M9PFM1	1	U-01	melanogaster	D. melanogaster
M9PFM7	1	U-01	melanogaster	D. melanogaster
M9PFM9	0	unassigned	melanogaster	D. melanogaster
M9PFN1	1	U-01	melanogaster	D. melanogaster
M9PFP3	1	U-01	melanogaster	D. melanogaster
M9PFR5	1	U-01	melanogaster	D. melanogaster
M9PFS3	1	U-01	melanogaster	D. melanogaster
M9PFY9	1	U-01	melanogaster	D. melanogaster
M9PG22	1	U-01	melanogaster	D. melanogaster
M9PG29	1	U-01	melanogaster	D. melanogaster
M9PG50	1	U-01	melanogaster	D. melanogaster
M9PG53	3	U-03	melanogaster	D. melanogaster
M9PG93	0	unassigned	melanogaster	D. melanogaster
M9PGG4	1	U-01	melanogaster	D. melanogaster
M9PGH9	1	U-01	melanogaster	D. melanogaster
M9PGI7	1	U-01	melanogaster	D. melanogaster
M9PGK0	1	U-01	melanogaster	D. melanogaster
M9PGM8	1	U-01	melanogaster	D. melanogaster
M9PGS2	1	U-01	melanogaster	D. melanogaster
M9PGV5	1	U-01	melanogaster	D. melanogaster
M9PGW6	1	U-01	melanogaster	D. melanogaster
M9PH08	1	U-01	melanogaster	D. melanogaster
M9PH20	1	U-01	melanogaster	D. melanogaster
M9PH25	1	U-01	melanogaster	D. melanogaster
M9PH52	3	U-03	melanogaster	D. melanogaster
M9PH58	1	U-01	melanogaster	D. melanogaster
M9PHG3	1	U-01	melanogaster	D. melanogaster
M9PHI0	1	U-01	melanogaster	D. melanogaster
M9PHI2	1	U-01	melanogaster	D. melanogaster
M9PHL3	1	U-01	melanogaster	D. melanogaster
M9PHS3	1	U-01	melanogaster	D. melanogaster
M9PHU4	1	U-01	melanogaster	D. melanogaster
M9PHV1	1	U-01	melanogaster	D. melanogaster
M9PHV2	3	U-03	melanogaster	D. melanogaster
M9PHV5	1	U-01	melanogaster	D. melanogaster
M9PHX2	1	U-01	melanogaster	D. melanogaster
M9PHZ5	1	U-01	melanogaster	D. melanogaster
M9PI05	1	U-01	melanogaster	D. melanogaster
M9PI14	1	U-01	melanogaster	D. melanogaster
M9PI37	3	U-03	melanogaster	D. melanogaster
M9PI44	1	U-01	melanogaster	D. melanogaster
M9PI58	1	U-01	melanogaster	D. melanogaster
M9PI73	1	U-01	melanogaster	D. melanogaster
M9PI76	1	U-01	melanogaster	D. melanogaster
M9PIA6	1	U-01	melanogaster	D. melanogaster
M9PID8	3	U-03	melanogaster	D. melanogaster
M9PIG4	2	U-02	melanogaster	D. melanogaster
M9PJB1	1	U-01	melanogaster	D. melanogaster
M9PJC7	1	U-01	melanogaster	D. melanogaster
M9PJE4	1	U-01	melanogaster	D. melanogaster
M9PJN1	1	U-01	melanogaster	D. melanogaster
M9PJN8	1	U-01	melanogaster	D. melanogaster
O01352	1	U-01	melanogaster	D. melanogaster
A0A0B4KF78	3	U-03	melanogaster	D. melanogaster
A0A0B4KF81	1	U-01	melanogaster	D. melanogaster
A0A0B4KF92	1	U-01	melanogaster	D. melanogaster
A0A0B4KF97	1	U-01	melanogaster	D. melanogaster
A0A0B4KF99	1	U-01	melanogaster	D. melanogaster
A0A0B4KFA0	1	U-01	melanogaster	D. melanogaster
A0A0B4KFA7	1	U-01	melanogaster	D. melanogaster
A0A0B4KFB1	2	U-02	melanogaster	D. melanogaster
A0A0B4KFB2	1	U-01	melanogaster	D. melanogaster
A0A0B4KFB3	0	unassigned	melanogaster	D. melanogaster
A0A0B4KFB8	1	U-01	melanogaster	D. melanogaster
A0A0B4KFC9	0	unassigned	melanogaster	D. melanogaster
A0A0B4KFD5	1	U-01	melanogaster	D. melanogaster
A0A0B4KFD6	3	U-03	melanogaster	D. melanogaster
A0A0B4KFD7	0	unassigned	melanogaster	D. melanogaster
A0A0B4KFD8	1	U-01	melanogaster	D. melanogaster
A0A0B4KFE1	1	U-01	melanogaster	D. melanogaster
A0A0B4KFE5	1	U-01	melanogaster	D. melanogaster
A0A0B4KFE6	1	U-01	melanogaster	D. melanogaster
A0A0B4KFE7	1	U-01	melanogaster	D. melanogaster
A0A0B4KFF3	1	U-01	melanogaster	D. melanogaster
A0A0B4KFF4	1	U-01	melanogaster	D. melanogaster
A0A0B4KFF6	1	U-01	melanogaster	D. melanogaster
A0A0B4KFF8	1	U-01	melanogaster	D. melanogaster
A0A0B4KFG3	3	U-03	melanogaster	D. melanogaster
A0A0B4KFG8	2	U-02	melanogaster	D. melanogaster
A0A0B4KFH1	1	U-01	melanogaster	D. melanogaster
A0A0B4KFH2	2	U-02	melanogaster	D. melanogaster
A0A0B4KFH6	3	U-03	melanogaster	D. melanogaster
A0A0B4KFI2	1	U-01	melanogaster	D. melanogaster
A0A0B4KFJ0	1	U-01	melanogaster	D. melanogaster
A0A0B4KFK4	2	U-02	melanogaster	D. melanogaster
A0A0B4KFL9	1	U-01	melanogaster	D. melanogaster
A0A0B4KFM4	1	U-01	melanogaster	D. melanogaster
A0A0B4KFM5	1	U-01	melanogaster	D. melanogaster
A0A0B4KFM8	0	unassigned	melanogaster	D. melanogaster
A0A0B4KFN1	1	U-01	melanogaster	D. melanogaster
A0A6F7UQK0	0	unassigned	melanogaster	D. melanogaster
A0A6H2EDL7	1	U-01	melanogaster	D. melanogaster
A0A6H2EDS4	1	U-01	melanogaster	D. melanogaster
A0A6H2EDT9	1	U-01	melanogaster	D. melanogaster
A0A6H2EEH6	1	U-01	melanogaster	D. melanogaster
A0A6H2EFV6	0	unassigned	melanogaster	D. melanogaster
A0A6H2EG72	2	U-02	melanogaster	D. melanogaster
A0A6H2EG90	1	U-01	melanogaster	D. melanogaster
A0A6I8WFJ4	0	unassigned	melanogaster	D. melanogaster
A0A6J3SKB4	1	U-01	melanogaster	D. melanogaster
A0A6M3Q6Z1	1	U-01	melanogaster	D. melanogaster
A0A6M3Q762	1	U-01	melanogaster	D. melanogaster
A0A6M3Q7F3	1	U-01	melanogaster	D. melanogaster
A0A6M3Q7I6	1	U-01	melanogaster	D. melanogaster
A0A6M3Q7N5	1	U-01	melanogaster	D. melanogaster
A0A6M3Q7V1	0	unassigned	melanogaster	D. melanogaster
A0A6M3Q831	1	U-01	melanogaster	D. melanogaster
A0A6M3Q8E0	1	U-01	melanogaster	D. melanogaster
A0A6M3Q8I0	1	U-01	melanogaster	D. melanogaster
A0A6M3Q8Y2	1	U-01	melanogaster	D. melanogaster
A0A6M3Q951	1	U-01	melanogaster	D. melanogaster
A0A6M3Q9H2	1	U-01	melanogaster	D. melanogaster
A0A6M3Q9J1	1	U-01	melanogaster	D. melanogaster
A0A6M3QGB1	1	U-01	melanogaster	D. melanogaster
A0A6M3QHD0	1	U-01	melanogaster	D. melanogaster
A0A6M3QHJ1	1	U-01	melanogaster	D. melanogaster
A0A9F2GM10	1	U-01	melanogaster	D. melanogaster
A0A9F2GM11	1	U-01	melanogaster	D. melanogaster
A0A9F2H0X1	1	U-01	melanogaster	D. melanogaster
A0A9F2H0X6	1	U-01	melanogaster	D. melanogaster
A0A9F2H0X7	1	U-01	melanogaster	D. melanogaster
A0A9F2H0X8	1	U-01	melanogaster	D. melanogaster
A0A9F2H0Y3	1	U-01	melanogaster	D. melanogaster
A0A9F2H0Y6	0	unassigned	melanogaster	D. melanogaster
A0A9F2H0Y7	1	U-01	melanogaster	D. melanogaster
A0ACA6RZZ5	1	U-01	melanogaster	D. melanogaster
A0ACD4DAN9	1	U-01	melanogaster	D. melanogaster
A0ACD4DAQ7	1	U-01	melanogaster	D. melanogaster
A0ACD4DAR4	0	unassigned	melanogaster	D. melanogaster
A0ACD4DAS1	1	U-01	melanogaster	D. melanogaster
A0ACD4DAS7	2	U-02	melanogaster	D. melanogaster
A0ACD4DAV1	2	U-02	melanogaster	D. melanogaster
A0ACD4DAV3	0	unassigned	melanogaster	D. melanogaster
A0ACD4DAV5	0	unassigned	melanogaster	D. melanogaster
A0ACD4DAV6	0	unassigned	melanogaster	D. melanogaster
A0ACD4DAV7	0	unassigned	melanogaster	D. melanogaster
A0ACD4DAW3	0	unassigned	melanogaster	D. melanogaster
A0ACD4DAW5	0	unassigned	melanogaster	D. melanogaster
A0ACD4DAY5	0	unassigned	melanogaster	D. melanogaster
A0ACD4DAZ1	0	unassigned	melanogaster	D. melanogaster
A0ACD4X2R0	1	U-01	melanogaster	D. melanogaster
A0ACM8PXQ7	0	unassigned	melanogaster	D. melanogaster
A0ACM8PXU3	1	U-01	melanogaster	D. melanogaster
A0ACM8PXV9	2	U-02	melanogaster	D. melanogaster
A0ACM8PXY3	2	U-02	melanogaster	D. melanogaster
A0ACM8PY05	0	unassigned	melanogaster	D. melanogaster
A0ACM8PY35	1	U-01	melanogaster	D. melanogaster
A0ACM8PY36	1	U-01	melanogaster	D. melanogaster
A0ACM8PY41	1	U-01	melanogaster	D. melanogaster
A0ACM8PY75	2	U-02	melanogaster	D. melanogaster
A0ACM8PYB6	2	U-02	melanogaster	D. melanogaster
A0ACM8PYB9	0	unassigned	melanogaster	D. melanogaster
A0ACM8PYD0	1	U-01	melanogaster	D. melanogaster
A1Z9C9	1	U-01	melanogaster	D. melanogaster
A1Z9D0	1	U-01	melanogaster	D. melanogaster
A1Z9E4	1	U-01	melanogaster	D. melanogaster
A1Z9E8	1	U-01	melanogaster	D. melanogaster
A1Z9E9	1	U-01	melanogaster	D. melanogaster
A1Z9F7	1	U-01	melanogaster	D. melanogaster
A1Z9G4	1	U-01	melanogaster	D. melanogaster
A1Z9G7	1	U-01	melanogaster	D. melanogaster
A1Z9G8	1	U-01	melanogaster	D. melanogaster
A1Z9H0	1	U-01	melanogaster	D. melanogaster
A1Z9H1	1	U-01	melanogaster	D. melanogaster
A1Z9H2	1	U-01	melanogaster	D. melanogaster
A1Z9H3	1	U-01	melanogaster	D. melanogaster
A1Z9H7	1	U-01	melanogaster	D. melanogaster
A1Z9I0	0	unassigned	melanogaster	D. melanogaster
A1Z9I2	1	U-01	melanogaster	D. melanogaster
A1Z9I3	1	U-01	melanogaster	D. melanogaster
A1Z9J9	1	U-01	melanogaster	D. melanogaster
A1Z9K1	1	U-01	melanogaster	D. melanogaster
A1Z9K3	1	U-01	melanogaster	D. melanogaster
A1Z9K4	1	U-01	melanogaster	D. melanogaster
A1Z9K5	1	U-01	melanogaster	D. melanogaster
A1Z9K9	3	U-03	melanogaster	D. melanogaster
A1Z9L4	1	U-01	melanogaster	D. melanogaster
A1Z9L8	3	U-03	melanogaster	D. melanogaster
A1Z9M1	3	U-03	melanogaster	D. melanogaster
A1Z9N2	1	U-01	melanogaster	D. melanogaster
A1Z9N4	1	U-01	melanogaster	D. melanogaster
A1Z9P5	1	U-01	melanogaster	D. melanogaster
A1Z9P6	1	U-01	melanogaster	D. melanogaster
A1Z9Q7	1	U-01	melanogaster	D. melanogaster
A1Z9R7	1	U-01	melanogaster	D. melanogaster
A1Z9R9	1	U-01	melanogaster	D. melanogaster
A1Z9S3	1	U-01	melanogaster	D. melanogaster
A1Z9S4	1	U-01	melanogaster	D. melanogaster
A1Z9T0	1	U-01	melanogaster	D. melanogaster
A1Z9T5	0	unassigned	melanogaster	D. melanogaster
A1Z9T6	0	unassigned	melanogaster	D. melanogaster
A1Z9T9	1	U-01	melanogaster	D. melanogaster
A1Z9U0	0	unassigned	melanogaster	D. melanogaster
A1Z9U7	1	U-01	melanogaster	D. melanogaster
A1Z9V4	1	U-01	melanogaster	D. melanogaster
A1Z9V5	1	U-01	melanogaster	D. melanogaster
A1Z9W1	1	U-01	melanogaster	D. melanogaster
A1Z9W2	0	unassigned	melanogaster	D. melanogaster
A1Z9W8	1	U-01	melanogaster	D. melanogaster
A1Z9W9	1	U-01	melanogaster	D. melanogaster
A1Z9X3	1	U-01	melanogaster	D. melanogaster
A1Z9X6	2	U-02	melanogaster	D. melanogaster
E1JIW0	1	U-01	melanogaster	D. melanogaster
E1JIX4	3	U-03	melanogaster	D. melanogaster
E1JIY3	1	U-01	melanogaster	D. melanogaster
E1JIZ7	1	U-01	melanogaster	D. melanogaster
E1JJ15	1	U-01	melanogaster	D. melanogaster
E1JJ48	0	unassigned	melanogaster	D. melanogaster
E1JJ55	1	U-01	melanogaster	D. melanogaster
E1JJ58	1	U-01	melanogaster	D. melanogaster
E1JJ59	1	U-01	melanogaster	D. melanogaster
E1JJ60	1	U-01	melanogaster	D. melanogaster
E1JJ69	1	U-01	melanogaster	D. melanogaster
E1JJ74	1	U-01	melanogaster	D. melanogaster
E1JJ79	1	U-01	melanogaster	D. melanogaster
E1JJ83	1	U-01	melanogaster	D. melanogaster
E1JJ84	1	U-01	melanogaster	D. melanogaster
E1JJ86	1	U-01	melanogaster	D. melanogaster
E1JJ87	1	U-01	melanogaster	D. melanogaster
E1JJ88	1	U-01	melanogaster	D. melanogaster
E1JJ89	2	U-02	melanogaster	D. melanogaster
E1JJ97	1	U-01	melanogaster	D. melanogaster
E1JJB0	1	U-01	melanogaster	D. melanogaster
E1JJF2	2	U-02	melanogaster	D. melanogaster
E1JJH1	1	U-01	melanogaster	D. melanogaster
E1JJH3	1	U-01	melanogaster	D. melanogaster
E1JJI2	0	unassigned	melanogaster	D. melanogaster
E1JJJ9	1	U-01	melanogaster	D. melanogaster
E1JJL6	1	U-01	melanogaster	D. melanogaster
E1JJL8	1	U-01	melanogaster	D. melanogaster
E1JJM1	1	U-01	melanogaster	D. melanogaster
E1JJN0	3	U-03	melanogaster	D. melanogaster
E1JJR1	3	U-03	melanogaster	D. melanogaster
E1JJR5	1	U-01	melanogaster	D. melanogaster
E1JJR7	1	U-01	melanogaster	D. melanogaster
E1JJS0	1	U-01	melanogaster	D. melanogaster
E2QC72	1	U-01	melanogaster	D. melanogaster
E2QC81	1	U-01	melanogaster	D. melanogaster
E2QC93	1	U-01	melanogaster	D. melanogaster
E2QCC0	3	U-03	melanogaster	D. melanogaster
E2QCE0	3	U-03	melanogaster	D. melanogaster
E2QCG0	1	U-01	melanogaster	D. melanogaster
E2QCJ1	1	U-01	melanogaster	D. melanogaster
E2QCK9	1	U-01	melanogaster	D. melanogaster
E2QCL9	0	unassigned	melanogaster	D. melanogaster
E2QCN8	1	U-01	melanogaster	D. melanogaster
E2QCS1	3	U-03	melanogaster	D. melanogaster
E2QCS4	1	U-01	melanogaster	D. melanogaster
E2QCV7	1	U-01	melanogaster	D. melanogaster
E2QCY3	1	U-01	melanogaster	D. melanogaster
E2QCY8	2	U-02	melanogaster	D. melanogaster
E2QCZ2	1	U-01	melanogaster	D. melanogaster
E2QD00	3	U-03	melanogaster	D. melanogaster
E1JJC2	1	U-01	melanogaster	D. melanogaster
E1JJC6	2	U-02	melanogaster	D. melanogaster
E1JJD1	1	U-01	melanogaster	D. melanogaster
E1JJE8	1	U-01	melanogaster	D. melanogaster
E1JJH4	1	U-01	melanogaster	D. melanogaster
E1JJH5	1	U-01	melanogaster	D. melanogaster
E1JJH6	1	U-01	melanogaster	D. melanogaster
E1JJM0	1	U-01	melanogaster	D. melanogaster
E1JJM6	2	U-02	melanogaster	D. melanogaster
E1JJM7	1	U-01	melanogaster	D. melanogaster
E1JJM8	1	U-01	melanogaster	D. melanogaster
E1JJR2	0	unassigned	melanogaster	D. melanogaster
E1JJR3	1	U-01	melanogaster	D. melanogaster
E2QD16	1	U-01	melanogaster	D. melanogaster
E2QD98	1	U-01	melanogaster	D. melanogaster
E9NA96	2	U-02	melanogaster	D. melanogaster
F0JAI6	1	U-01	melanogaster	D. melanogaster
F3YDF1	1	U-01	melanogaster	D. melanogaster
H9XVM0	1	U-01	melanogaster	D. melanogaster
H9XVP2	1	U-01	melanogaster	D. melanogaster
H9XVP3	2	U-02	melanogaster	D. melanogaster
L0MLP2	1	U-01	melanogaster	D. melanogaster
L0MLR4	1	U-01	melanogaster	D. melanogaster
L0MN91	2	U-02	melanogaster	D. melanogaster
L0MNA2	1	U-01	melanogaster	D. melanogaster
L0MPR2	1	U-01	melanogaster	D. melanogaster
L0MPZ1	2	U-02	melanogaster	D. melanogaster
M9MRD1	0	unassigned	melanogaster	D. melanogaster
M9MRD4	1	U-01	melanogaster	D. melanogaster
M9MRD6	0	unassigned	melanogaster	D. melanogaster
M9MRE1	2	U-02	melanogaster	D. melanogaster
M9MRE4	1	U-01	melanogaster	D. melanogaster
M9MRF5	0	unassigned	melanogaster	D. melanogaster
M9MRG5	1	U-01	melanogaster	D. melanogaster
M9MRI2	2	U-02	melanogaster	D. melanogaster
M9MRI4	1	U-01	melanogaster	D. melanogaster
M9MRJ4	0	unassigned	melanogaster	D. melanogaster
M9MRJ8	1	U-01	melanogaster	D. melanogaster
M9MRR4	0	unassigned	melanogaster	D. melanogaster
M9MRS5	0	unassigned	melanogaster	D. melanogaster
M9MRS9	1	U-01	melanogaster	D. melanogaster
M9MRX1	0	unassigned	melanogaster	D. melanogaster
M9MRX4	0	unassigned	melanogaster	D. melanogaster
M9MS19	0	unassigned	melanogaster	D. melanogaster
M9MS40	1	U-01	melanogaster	D. melanogaster
M9MS50	1	U-01	melanogaster	D. melanogaster
M9MS61	0	unassigned	melanogaster	D. melanogaster
M9MS65	0	unassigned	melanogaster	D. melanogaster
M9MS66	0	unassigned	melanogaster	D. melanogaster
M9MS69	0	unassigned	melanogaster	D. melanogaster
M9MS71	0	unassigned	melanogaster	D. melanogaster
M9MS73	0	unassigned	melanogaster	D. melanogaster
M9MS75	0	unassigned	melanogaster	D. melanogaster
M9MS78	0	unassigned	melanogaster	D. melanogaster
M9MS79	0	unassigned	melanogaster	D. melanogaster
M9MS83	0	unassigned	melanogaster	D. melanogaster
M9MS84	0	unassigned	melanogaster	D. melanogaster
M9MS87	0	unassigned	melanogaster	D. melanogaster
M9MS88	0	unassigned	melanogaster	D. melanogaster
M9MS91	0	unassigned	melanogaster	D. melanogaster
M9MS92	0	unassigned	melanogaster	D. melanogaster
M9MS95	0	unassigned	melanogaster	D. melanogaster
M9MS96	0	unassigned	melanogaster	D. melanogaster
M9MSA0	0	unassigned	melanogaster	D. melanogaster
M9MSA3	0	unassigned	melanogaster	D. melanogaster
M9MSB4	0	unassigned	melanogaster	D. melanogaster
M9MSB8	0	unassigned	melanogaster	D. melanogaster
M9MSC3	0	unassigned	melanogaster	D. melanogaster
M9MSC7	0	unassigned	melanogaster	D. melanogaster
M9MSD2	0	unassigned	melanogaster	D. melanogaster
M9MSD5	0	unassigned	melanogaster	D. melanogaster
M9MSD6	0	unassigned	melanogaster	D. melanogaster
M9MSD7	0	unassigned	melanogaster	D. melanogaster
M9MSD8	0	unassigned	melanogaster	D. melanogaster
M9MSE0	0	unassigned	melanogaster	D. melanogaster
M9MSE1	0	unassigned	melanogaster	D. melanogaster
M9MSE2	0	unassigned	melanogaster	D. melanogaster
M9MSE4	0	unassigned	melanogaster	D. melanogaster
M9MSE6	0	unassigned	melanogaster	D. melanogaster
M9MSE7	0	unassigned	melanogaster	D. melanogaster
M9MSE9	0	unassigned	melanogaster	D. melanogaster
M9MSF1	0	unassigned	melanogaster	D. melanogaster
M9MSF2	0	unassigned	melanogaster	D. melanogaster
M9MSG3	1	U-01	melanogaster	D. melanogaster
M9MSG8	3	U-03	melanogaster	D. melanogaster
M9MSK6	0	unassigned	melanogaster	D. melanogaster
P18489	1	U-01	melanogaster	D. melanogaster
P18491	1	U-01	melanogaster	D. melanogaster
P18502	0	unassigned	melanogaster	D. melanogaster
P18537	3	U-03	melanogaster	D. melanogaster
P19018	1	U-01	melanogaster	D. melanogaster
P19107	1	U-01	melanogaster	D. melanogaster
P19109	1	U-01	melanogaster	D. melanogaster
P19334	1	U-01	melanogaster	D. melanogaster
P19339	1	U-01	melanogaster	D. melanogaster
P19351	0	unassigned	melanogaster	D. melanogaster
P20007	1	U-01	melanogaster	D. melanogaster
P20009	1	U-01	melanogaster	D. melanogaster
P20193	1	U-01	melanogaster	D. melanogaster
P20227	1	U-01	melanogaster	D. melanogaster
Q9VY45	1	U-01	melanogaster	D. melanogaster
Q9VY48	1	U-01	melanogaster	D. melanogaster
Q9VY55	1	U-01	melanogaster	D. melanogaster
Q9VY58	1	U-01	melanogaster	D. melanogaster
Q9VY63	1	U-01	melanogaster	D. melanogaster
Q9VY65	3	U-03	melanogaster	D. melanogaster
Q9VY79	1	U-01	melanogaster	D. melanogaster
Q9VY84	0	unassigned	melanogaster	D. melanogaster
Q9VYA4	1	U-01	melanogaster	D. melanogaster
Q9VYB2	1	U-01	melanogaster	D. melanogaster
Q9VYC1	2	U-02	melanogaster	D. melanogaster
Q9VYC9	1	U-01	melanogaster	D. melanogaster
Q9VYD2	3	U-03	melanogaster	D. melanogaster
Q9VYD4	1	U-01	melanogaster	D. melanogaster
Q9VYD6	3	U-03	melanogaster	D. melanogaster
Q9VYE0	1	U-01	melanogaster	D. melanogaster
Q9VYE3	1	U-01	melanogaster	D. melanogaster
Q9VYE9	1	U-01	melanogaster	D. melanogaster
Q9VYG4	0	unassigned	melanogaster	D. melanogaster
Q9VYG5	3	U-03	melanogaster	D. melanogaster
Q9VYG7	3	U-03	melanogaster	D. melanogaster
Q9VYH4	2	U-02	melanogaster	D. melanogaster
Q9VYH6	1	U-01	melanogaster	D. melanogaster
Q9VYH7	2	U-02	melanogaster	D. melanogaster
Q9VYH8	1	U-01	melanogaster	D. melanogaster
Q9VYI1	3	U-03	melanogaster	D. melanogaster
Q9VYI2	1	U-01	melanogaster	D. melanogaster
Q9VYJ1	2	U-02	melanogaster	D. melanogaster
Q9VYJ3	2	U-02	melanogaster	D. melanogaster
Q9VYJ6	1	U-01	melanogaster	D. melanogaster
Q9VYJ7	1	U-01	melanogaster	D. melanogaster
Q9VYK7	1	U-01	melanogaster	D. melanogaster
Q9VYK8	1	U-01	melanogaster	D. melanogaster
Q9VYL0	1	U-01	melanogaster	D. melanogaster
Q9VYL5	3	U-03	melanogaster	D. melanogaster
Q9VYL7	1	U-01	melanogaster	D. melanogaster
Q9VYM0	1	U-01	melanogaster	D. melanogaster
Q9VYM1	1	U-01	melanogaster	D. melanogaster
Q9VYM5	1	U-01	melanogaster	D. melanogaster
Q9VYM7	1	U-01	melanogaster	D. melanogaster
Q9VYM8	1	U-01	melanogaster	D. melanogaster
Q9VYN3	1	U-01	melanogaster	D. melanogaster
Q9VYP6	1	U-01	melanogaster	D. melanogaster
Q9VYR2	2	U-02	melanogaster	D. melanogaster
Q9VYR3	1	U-01	melanogaster	D. melanogaster
Q9VYS0	1	U-01	melanogaster	D. melanogaster
Q9VYS6	1	U-01	melanogaster	D. melanogaster
Q9VYS8	3	U-03	melanogaster	D. melanogaster
Q9VYT0	1	U-01	melanogaster	D. melanogaster
Q9VYT1	1	U-01	melanogaster	D. melanogaster
Q9VYT5	1	U-01	melanogaster	D. melanogaster
Q9VYT8	0	unassigned	melanogaster	D. melanogaster
Q9VYU0	1	U-01	melanogaster	D. melanogaster
Q9VYU7	2	U-02	melanogaster	D. melanogaster
Q9VYU9	1	U-01	melanogaster	D. melanogaster
Q9VYV6	2	U-02	melanogaster	D. melanogaster
Q9VYW4	0	unassigned	melanogaster	D. melanogaster
Q9VYW5	1	U-01	melanogaster	D. melanogaster
Q9VYX0	0	unassigned	melanogaster	D. melanogaster
Q9VYX2	0	unassigned	melanogaster	D. melanogaster
Q9VYX3	3	U-03	melanogaster	D. melanogaster
Q9VYX5	3	U-03	melanogaster	D. melanogaster
Q9VYX8	3	U-03	melanogaster	D. melanogaster
Q9VYY2	1	U-01	melanogaster	D. melanogaster
Q9VYY5	3	U-03	melanogaster	D. melanogaster
Q9VYY7	1	U-01	melanogaster	D. melanogaster
Q9W5C1	1	U-01	melanogaster	D. melanogaster
Q9W5C2	3	U-03	melanogaster	D. melanogaster
Q9W5D6	1	U-01	melanogaster	D. melanogaster
Q9W5G7	1	U-01	melanogaster	D. melanogaster
Q9W5N2	1	U-01	melanogaster	D. melanogaster
Q9W5W4	1	U-01	melanogaster	D. melanogaster
Q9W5W6	1	U-01	melanogaster	D. melanogaster
Q9W5W7	1	U-01	melanogaster	D. melanogaster
Q9W5X5	1	U-01	melanogaster	D. melanogaster
Q9XYZ9	0	unassigned	melanogaster	D. melanogaster
Q9XZ09	1	U-01	melanogaster	D. melanogaster
Q9XZ11	1	U-01	melanogaster	D. melanogaster
Q9XZ32	1	U-01	melanogaster	D. melanogaster
Q9XZS4	1	U-01	melanogaster	D. melanogaster
Q9Y095	1	U-01	melanogaster	D. melanogaster
Q9Y0Z1	1	U-01	melanogaster	D. melanogaster
Q9Y102	0	unassigned	melanogaster	D. melanogaster
Q9Y106	1	U-01	melanogaster	D. melanogaster
Q9Y110	1	U-01	melanogaster	D. melanogaster
Q9Y112	1	U-01	melanogaster	D. melanogaster
Q9Y114	1	U-01	melanogaster	D. melanogaster
Q9Y123	3	U-03	melanogaster	D. melanogaster
Q9Y136	2	U-02	melanogaster	D. melanogaster
Q9Y140	1	U-01	melanogaster	D. melanogaster
Q9Y141	2	U-02	melanogaster	D. melanogaster
Q9Y143	0	unassigned	melanogaster	D. melanogaster
Q9Y163	3	U-03	melanogaster	D. melanogaster
Q9Y171	3	U-03	melanogaster	D. melanogaster
R4GRV6	3	U-03	melanogaster	D. melanogaster
R9PY17	1	U-01	melanogaster	D. melanogaster
R9PY22	2	U-02	melanogaster	D. melanogaster
R9PY26	1	U-01	melanogaster	D. melanogaster
R9PY34	1	U-01	melanogaster	D. melanogaster
R9PY35	0	unassigned	melanogaster	D. melanogaster
A8JNT4	0	unassigned	melanogaster	D. melanogaster
A8JNT5	0	unassigned	melanogaster	D. melanogaster
A8JNT6	0	unassigned	melanogaster	D. melanogaster
A8JNU2	1	U-01	melanogaster	D. melanogaster
A8JNU6	1	U-01	melanogaster	D. melanogaster
A8JNW4	1	U-01	melanogaster	D. melanogaster
A8JNX1	1	U-01	melanogaster	D. melanogaster
A8JQT4	3	U-03	melanogaster	D. melanogaster
A8JQV7	1	U-01	melanogaster	D. melanogaster
A8JQX3	1	U-01	melanogaster	D. melanogaster
A8JR05	1	U-01	melanogaster	D. melanogaster
A8JR10	1	U-01	melanogaster	D. melanogaster
A8JR46	1	U-01	melanogaster	D. melanogaster
A8JRF7	1	U-01	melanogaster	D. melanogaster
A8JRI1	1	U-01	melanogaster	D. melanogaster
A8JTM7	2	U-02	melanogaster	D. melanogaster
A8JUP7	1	U-01	melanogaster	D. melanogaster
A8JUP8	3	U-03	melanogaster	D. melanogaster
A8JUV0	1	U-01	melanogaster	D. melanogaster
A8JUV4	1	U-01	melanogaster	D. melanogaster
P25932	1	U-01	melanogaster	D. melanogaster
P25992	1	U-01	melanogaster	D. melanogaster
P26016	2	U-02	melanogaster	D. melanogaster
P26017	1	U-01	melanogaster	D. melanogaster
P26019	1	U-01	melanogaster	D. melanogaster
P26675	1	U-01	melanogaster	D. melanogaster
P26686	1	U-01	melanogaster	D. melanogaster
P27398	1	U-01	melanogaster	D. melanogaster
P27619	1	U-01	melanogaster	D. melanogaster
P27864	1	U-01	melanogaster	D. melanogaster
P28166	1	U-01	melanogaster	D. melanogaster
P28285	1	U-01	melanogaster	D. melanogaster
P28286	3	U-03	melanogaster	D. melanogaster
P28668	1	U-01	melanogaster	D. melanogaster
P29349	1	U-01	melanogaster	D. melanogaster
P29503	1	U-01	melanogaster	D. melanogaster
P29555	1	U-01	melanogaster	D. melanogaster
P29613	1	U-01	melanogaster	D. melanogaster
P29617	1	U-01	melanogaster	D. melanogaster
P29673	1	U-01	melanogaster	D. melanogaster
P29829	1	U-01	melanogaster	D. melanogaster
P29993	1	U-01	melanogaster	D. melanogaster
P30052	1	U-01	melanogaster	D. melanogaster
P30430	2	U-02	melanogaster	D. melanogaster
P30432	2	U-02	melanogaster	D. melanogaster
P30974	3	U-03	melanogaster	D. melanogaster
P30975	3	U-03	melanogaster	D. melanogaster
P31007	0	unassigned	melanogaster	D. melanogaster
P31369	1	U-01	melanogaster	D. melanogaster
P32023	1	U-01	melanogaster	D. melanogaster
P32030	1	U-01	melanogaster	D. melanogaster
P32392	1	U-01	melanogaster	D. melanogaster
P32870	1	U-01	melanogaster	D. melanogaster
P33085	3	U-03	melanogaster	D. melanogaster
P33244	1	U-01	melanogaster	D. melanogaster
P33450	2	U-02	melanogaster	D. melanogaster
P34021	1	U-01	melanogaster	D. melanogaster
P34082	2	U-02	melanogaster	D. melanogaster
P34739	1	U-01	melanogaster	D. melanogaster
P35220	1	U-01	melanogaster	D. melanogaster
P35600	1	U-01	melanogaster	D. melanogaster
P35832	1	U-01	melanogaster	D. melanogaster
P35875	1	U-01	melanogaster	D. melanogaster
P35992	2	U-02	melanogaster	D. melanogaster
P36188	1	U-01	melanogaster	D. melanogaster
P36872	1	U-01	melanogaster	D. melanogaster
P36975	1	U-01	melanogaster	D. melanogaster
P37276	1	U-01	melanogaster	D. melanogaster
P38040	1	U-01	melanogaster	D. melanogaster
P38979	1	U-01	melanogaster	D. melanogaster
P39205	1	U-01	melanogaster	D. melanogaster
P39572	1	U-01	melanogaster	D. melanogaster
P39768	1	U-01	melanogaster	D. melanogaster
P40301	1	U-01	melanogaster	D. melanogaster
P40417	1	U-01	melanogaster	D. melanogaster
P40421	1	U-01	melanogaster	D. melanogaster
P40688	1	U-01	melanogaster	D. melanogaster
P40791	1	U-01	melanogaster	D. melanogaster
P40792	1	U-01	melanogaster	D. melanogaster
P40793	1	U-01	melanogaster	D. melanogaster
P40797	1	U-01	melanogaster	D. melanogaster
P40809	1	U-01	melanogaster	D. melanogaster
P40946	1	U-01	melanogaster	D. melanogaster
Q8MLZ7	2	U-02	melanogaster	D. melanogaster
Q8MM24	2	U-02	melanogaster	D. melanogaster
Q8MPP0	1	U-01	melanogaster	D. melanogaster
Q8MPP3	2	U-02	melanogaster	D. melanogaster
Q8MQW8	1	U-01	melanogaster	D. melanogaster
Q8MQX9	1	U-01	melanogaster	D. melanogaster
Q8MRC9	2	U-02	melanogaster	D. melanogaster
Q8MRW5	1	U-01	melanogaster	D. melanogaster
Q8MS59	1	U-01	melanogaster	D. melanogaster
Q8MSU4	1	U-01	melanogaster	D. melanogaster
Q8MSV2	1	U-01	melanogaster	D. melanogaster
Q8MSX1	1	U-01	melanogaster	D. melanogaster
Q8MT06	1	U-01	melanogaster	D. melanogaster
Q8MT36	1	U-01	melanogaster	D. melanogaster
Q8MUJ1	2	U-02	melanogaster	D. melanogaster
Q8MVS5	2	U-02	melanogaster	D. melanogaster
Q8MYL1	1	U-01	melanogaster	D. melanogaster
A0ACM8QBH8	3	U-03	melanogaster	D. melanogaster
A0ACM8QBI0	2	U-02	melanogaster	D. melanogaster
A0ACM8QBI1	3	U-03	melanogaster	D. melanogaster
A0ACM8QC12	1	U-01	melanogaster	D. melanogaster
A0ACM8QHF0	1	U-01	melanogaster	D. melanogaster
A0ACM8QHF1	1	U-01	melanogaster	D. melanogaster
A0ACM8QIE4	2	U-02	melanogaster	D. melanogaster
A0ACM8QJP6	1	U-01	melanogaster	D. melanogaster
A1Z6E5	1	U-01	melanogaster	D. melanogaster
A1Z6F8	1	U-01	melanogaster	D. melanogaster
A1Z6G4	3	U-03	melanogaster	D. melanogaster
A1Z6G9	1	U-01	melanogaster	D. melanogaster
A1Z6J6	1	U-01	melanogaster	D. melanogaster
A1Z6J9	1	U-01	melanogaster	D. melanogaster
A1Z6K1	1	U-01	melanogaster	D. melanogaster
A1Z6K2	1	U-01	melanogaster	D. melanogaster
A1Z6K4	2	U-02	melanogaster	D. melanogaster
A1Z6K6	1	U-01	melanogaster	D. melanogaster
A1Z6K8	0	unassigned	melanogaster	D. melanogaster
A1Z6K9	0	unassigned	melanogaster	D. melanogaster
A1Z6L4	1	U-01	melanogaster	D. melanogaster
A1Z6L8	0	unassigned	melanogaster	D. melanogaster
A1Z6M7	1	U-01	melanogaster	D. melanogaster
A1Z6N3	1	U-01	melanogaster	D. melanogaster
A1Z6N5	1	U-01	melanogaster	D. melanogaster
A1Z6P5	1	U-01	melanogaster	D. melanogaster
A1Z6P6	1	U-01	melanogaster	D. melanogaster
A1Z6P9	1	U-01	melanogaster	D. melanogaster
A1Z6Q2	1	U-01	melanogaster	D. melanogaster
A1Z6Q3	3	U-03	melanogaster	D. melanogaster
A1Z6R3	0	unassigned	melanogaster	D. melanogaster
A1Z6R4	0	unassigned	melanogaster	D. melanogaster
A1Z6S3	0	unassigned	melanogaster	D. melanogaster
A1Z6S9	1	U-01	melanogaster	D. melanogaster
A1Z6T0	1	U-01	melanogaster	D. melanogaster
E1JH66	3	U-03	melanogaster	D. melanogaster
E1JH69	1	U-01	melanogaster	D. melanogaster
E1JH72	2	U-02	melanogaster	D. melanogaster
E1JH74	0	unassigned	melanogaster	D. melanogaster
E1JH75	1	U-01	melanogaster	D. melanogaster
E1JH94	2	U-02	melanogaster	D. melanogaster
E1JH99	2	U-02	melanogaster	D. melanogaster
E1JHB3	2	U-02	melanogaster	D. melanogaster
E1JHF6	2	U-02	melanogaster	D. melanogaster
E1JHF7	2	U-02	melanogaster	D. melanogaster
E1JHF8	2	U-02	melanogaster	D. melanogaster
E1JHF9	1	U-01	melanogaster	D. melanogaster
E1JHG0	1	U-01	melanogaster	D. melanogaster
E1JHG1	1	U-01	melanogaster	D. melanogaster
E1JHG4	1	U-01	melanogaster	D. melanogaster
E1JHG8	1	U-01	melanogaster	D. melanogaster
E1JHH0	0	unassigned	melanogaster	D. melanogaster
E1JHH2	0	unassigned	melanogaster	D. melanogaster
E1JHH4	3	U-03	melanogaster	D. melanogaster
E1JHI4	1	U-01	melanogaster	D. melanogaster
E1JHI8	1	U-01	melanogaster	D. melanogaster
E1JHJ2	1	U-01	melanogaster	D. melanogaster
E1JHJ7	1	U-01	melanogaster	D. melanogaster
E1JHK5	1	U-01	melanogaster	D. melanogaster
E1JHL2	1	U-01	melanogaster	D. melanogaster
E1JHL4	1	U-01	melanogaster	D. melanogaster
E1JHM2	1	U-01	melanogaster	D. melanogaster
E1JHM5	1	U-01	melanogaster	D. melanogaster
E1JHM6	1	U-01	melanogaster	D. melanogaster
E1JHN0	1	U-01	melanogaster	D. melanogaster
E1JHP6	1	U-01	melanogaster	D. melanogaster
E1JHR1	1	U-01	melanogaster	D. melanogaster
E1JHR4	2	U-02	melanogaster	D. melanogaster
E1JHR7	2	U-02	melanogaster	D. melanogaster
E1JHR8	2	U-02	melanogaster	D. melanogaster
E1JHS0	2	U-02	melanogaster	D. melanogaster
E1JHS1	2	U-02	melanogaster	D. melanogaster
E1JHS2	2	U-02	melanogaster	D. melanogaster
E1JHS3	2	U-02	melanogaster	D. melanogaster
E1JHS5	2	U-02	melanogaster	D. melanogaster
E1JHS6	2	U-02	melanogaster	D. melanogaster
E1JHS7	2	U-02	melanogaster	D. melanogaster
E1JHU4	1	U-01	melanogaster	D. melanogaster
E1JHU9	2	U-02	melanogaster	D. melanogaster
E1JHY2	1	U-01	melanogaster	D. melanogaster
E1JHY3	1	U-01	melanogaster	D. melanogaster
E1JHY4	1	U-01	melanogaster	D. melanogaster
E1JHZ6	1	U-01	melanogaster	D. melanogaster
E1JHZ7	1	U-01	melanogaster	D. melanogaster
E1JI01	1	U-01	melanogaster	D. melanogaster
E1JI06	3	U-03	melanogaster	D. melanogaster
E1JI07	2	U-02	melanogaster	D. melanogaster
E1JI10	2	U-02	melanogaster	D. melanogaster
E1JI18	3	U-03	melanogaster	D. melanogaster
E1JI24	1	U-01	melanogaster	D. melanogaster
E1JI28	1	U-01	melanogaster	D. melanogaster
E1JI30	1	U-01	melanogaster	D. melanogaster
E1JI34	1	U-01	melanogaster	D. melanogaster
E1JI53	3	U-03	melanogaster	D. melanogaster
E1JI56	0	unassigned	melanogaster	D. melanogaster
E1JI67	1	U-01	melanogaster	D. melanogaster
E1JI68	1	U-01	melanogaster	D. melanogaster
E1JI69	1	U-01	melanogaster	D. melanogaster
E1JI70	1	U-01	melanogaster	D. melanogaster
E1JI75	1	U-01	melanogaster	D. melanogaster
Q9V3V0	1	U-01	melanogaster	D. melanogaster
Q9V3V3	1	U-01	melanogaster	D. melanogaster
Q9V3V6	1	U-01	melanogaster	D. melanogaster
Q9V3V7	1	U-01	melanogaster	D. melanogaster
Q9V3W7	1	U-01	melanogaster	D. melanogaster
Q9V3X4	3	U-03	melanogaster	D. melanogaster
Q9V3Y8	1	U-01	melanogaster	D. melanogaster
Q9V3Z1	1	U-01	melanogaster	D. melanogaster
Q9V3Z2	2	U-02	melanogaster	D. melanogaster
Q9V410	1	U-01	melanogaster	D. melanogaster
Q9V422	2	U-02	melanogaster	D. melanogaster
Q9V429	1	U-01	melanogaster	D. melanogaster
Q9V438	1	U-01	melanogaster	D. melanogaster
Q9V444	1	U-01	melanogaster	D. melanogaster
Q9V452	1	U-01	melanogaster	D. melanogaster
Q9V455	1	U-01	melanogaster	D. melanogaster
Q9V460	1	U-01	melanogaster	D. melanogaster
Q9V461	1	U-01	melanogaster	D. melanogaster
Q9V463	1	U-01	melanogaster	D. melanogaster
Q9V466	1	U-01	melanogaster	D. melanogaster
Q9V475	1	U-01	melanogaster	D. melanogaster
Q9V477	2	U-02	melanogaster	D. melanogaster
Q9V483	1	U-01	melanogaster	D. melanogaster
Q9V491	2	U-02	melanogaster	D. melanogaster
Q9V492	3	U-03	melanogaster	D. melanogaster
Q9V4C4	0	unassigned	melanogaster	D. melanogaster
Q9V4C8	1	U-01	melanogaster	D. melanogaster
Q9V4D4	1	U-01	melanogaster	D. melanogaster
Q9V4E5	2	U-02	melanogaster	D. melanogaster
Q9V4F4	2	U-02	melanogaster	D. melanogaster
Q9V4F9	1	U-01	melanogaster	D. melanogaster
Q9V4K2	0	unassigned	melanogaster	D. melanogaster
Q9V4M2	0	unassigned	melanogaster	D. melanogaster
Q9V4P1	1	U-01	melanogaster	D. melanogaster
Q9V4S8	1	U-01	melanogaster	D. melanogaster
Q9V4X2	0	unassigned	melanogaster	D. melanogaster
Q9V4Z9	1	U-01	melanogaster	D. melanogaster
Q9V521	2	U-02	melanogaster	D. melanogaster
Q9V535	1	U-01	melanogaster	D. melanogaster
Q9V576	3	U-03	melanogaster	D. melanogaster
Q9V5C6	1	U-01	melanogaster	D. melanogaster
Q9V5M3	1	U-01	melanogaster	D. melanogaster
Q9V5M6	1	U-01	melanogaster	D. melanogaster
Q9V5N8	2	U-02	melanogaster	D. melanogaster
Q9V629	1	U-01	melanogaster	D. melanogaster
Q9V6G5	1	U-01	melanogaster	D. melanogaster
Q9V6K3	2	U-02	melanogaster	D. melanogaster
Q9V6L9	1	U-01	melanogaster	D. melanogaster
Q9V6Q2	1	U-01	melanogaster	D. melanogaster
Q9V6U8	1	U-01	melanogaster	D. melanogaster
Q9V6U9	1	U-01	melanogaster	D. melanogaster
Q9V719	1	U-01	melanogaster	D. melanogaster
Q9V727	1	U-01	melanogaster	D. melanogaster
Q9V785	1	U-01	melanogaster	D. melanogaster
Q9V7A4	2	U-02	melanogaster	D. melanogaster
Q9V7H4	2	U-02	melanogaster	D. melanogaster
Q9V7P1	1	U-01	melanogaster	D. melanogaster
Q9V7W1	3	U-03	melanogaster	D. melanogaster
Q9V7Y2	1	U-01	melanogaster	D. melanogaster
Q9V8F5	1	U-01	melanogaster	D. melanogaster
Q9V8K2	1	U-01	melanogaster	D. melanogaster
Q9V8R9	1	U-01	melanogaster	D. melanogaster
Q9V8W3	1	U-01	melanogaster	D. melanogaster
Q9V9J3	1	U-01	melanogaster	D. melanogaster
Q9VZY2	1	U-01	melanogaster	D. melanogaster
Q9VZZ4	2	U-02	melanogaster	D. melanogaster
Q9VZZ9	1	U-01	melanogaster	D. melanogaster
Q9W002	0	unassigned	melanogaster	D. melanogaster
Q9W027	3	U-03	melanogaster	D. melanogaster
Q9W032	1	U-01	melanogaster	D. melanogaster
Q9W056	3	U-03	melanogaster	D. melanogaster
Q9W060	1	U-01	melanogaster	D. melanogaster
Q9W074	1	U-01	melanogaster	D. melanogaster
Q9W088	1	U-01	melanogaster	D. melanogaster
Q9W0C1	1	U-01	melanogaster	D. melanogaster
Q9W0E3	1	U-01	melanogaster	D. melanogaster
Q9W0F8	3	U-03	melanogaster	D. melanogaster
Q9W0G1	1	U-01	melanogaster	D. melanogaster
Q9W0H3	1	U-01	melanogaster	D. melanogaster
Q9W0H8	2	U-02	melanogaster	D. melanogaster
Q9W0K0	1	U-01	melanogaster	D. melanogaster
Q9W0K2	1	U-01	melanogaster	D. melanogaster
Q9W0K4	1	U-01	melanogaster	D. melanogaster
Q9W0K7	1	U-01	melanogaster	D. melanogaster
Q9W0M1	0	unassigned	melanogaster	D. melanogaster
Q9W0M3	1	U-01	melanogaster	D. melanogaster
Q9W0P2	1	U-01	melanogaster	D. melanogaster
Q9W0P8	1	U-01	melanogaster	D. melanogaster
Q9W0R3	1	U-01	melanogaster	D. melanogaster
Q9W0R8	1	U-01	melanogaster	D. melanogaster
Q9W0S7	1	U-01	melanogaster	D. melanogaster
Q9W0S8	1	U-01	melanogaster	D. melanogaster
Q9W0S9	1	U-01	melanogaster	D. melanogaster
Q9W0T5	1	U-01	melanogaster	D. melanogaster
Q9W0W6	1	U-01	melanogaster	D. melanogaster
Q9W0Y6	1	U-01	melanogaster	D. melanogaster
Q9W133	1	U-01	melanogaster	D. melanogaster
Q9W148	1	U-01	melanogaster	D. melanogaster
Q9W157	1	U-01	melanogaster	D. melanogaster
Q9W179	1	U-01	melanogaster	D. melanogaster
A0A0B4LHA1	0	unassigned	melanogaster	D. melanogaster
A0A0B4LHA6	1	U-01	melanogaster	D. melanogaster
A0A0B4LHB4	1	U-01	melanogaster	D. melanogaster
A0A0B4LHC1	1	U-01	melanogaster	D. melanogaster
A0A0B4LHD1	0	unassigned	melanogaster	D. melanogaster
A0A0B4LHE6	1	U-01	melanogaster	D. melanogaster
A0A0B4LHF0	1	U-01	melanogaster	D. melanogaster
A0A0B4LHF8	1	U-01	melanogaster	D. melanogaster
A0A0B4LHG2	1	U-01	melanogaster	D. melanogaster
A0A0B4LHG8	1	U-01	melanogaster	D. melanogaster
A0A0B4LHH2	0	unassigned	melanogaster	D. melanogaster
A0A0B4LHI3	1	U-01	melanogaster	D. melanogaster
A0A0B4LHJ7	1	U-01	melanogaster	D. melanogaster
A0A0B4LHK8	3	U-03	melanogaster	D. melanogaster
A0A0B4LHL0	1	U-01	melanogaster	D. melanogaster
A0A0B4LHL9	2	U-02	melanogaster	D. melanogaster
A0A0B4LHM3	2	U-02	melanogaster	D. melanogaster
A0A0B4LHM9	0	unassigned	melanogaster	D. melanogaster
A0A0B4LHN0	1	U-01	melanogaster	D. melanogaster
A0A0B4LHN1	1	U-01	melanogaster	D. melanogaster
A0A0B4LHP4	1	U-01	melanogaster	D. melanogaster
A0A0B4LHR2	1	U-01	melanogaster	D. melanogaster
A0A0B4LHR8	1	U-01	melanogaster	D. melanogaster
A0A0B4LHS7	3	U-03	melanogaster	D. melanogaster
A0A0B4LHS9	1	U-01	melanogaster	D. melanogaster
A0A0B4LHV6	1	U-01	melanogaster	D. melanogaster
A0A0B4LHV8	1	U-01	melanogaster	D. melanogaster
A0A0B4LHW6	2	U-02	melanogaster	D. melanogaster
A0A0B4LHW8	1	U-01	melanogaster	D. melanogaster
A0A0B4LHX0	2	U-02	melanogaster	D. melanogaster
A0A0B4LHX1	1	U-01	melanogaster	D. melanogaster
A0A0B4LHX8	2	U-02	melanogaster	D. melanogaster
A0A0B4LHY0	0	unassigned	melanogaster	D. melanogaster
A0A0B4LHY2	3	U-03	melanogaster	D. melanogaster
A0A0B4LHY3	2	U-02	melanogaster	D. melanogaster
A0A0B4LHZ3	0	unassigned	melanogaster	D. melanogaster
A0A0B4LHZ4	2	U-02	melanogaster	D. melanogaster
A0A0B4LI11	1	U-01	melanogaster	D. melanogaster
A0A0B4LI27	1	U-01	melanogaster	D. melanogaster
A0A0B4LI92	1	U-01	melanogaster	D. melanogaster
A0A0B4LIA2	0	unassigned	melanogaster	D. melanogaster
A0A0B4LIA7	1	U-01	melanogaster	D. melanogaster
A0A0B4LIC4	1	U-01	melanogaster	D. melanogaster
A0A0B4LID2	1	U-01	melanogaster	D. melanogaster
A0A0B4LID7	1	U-01	melanogaster	D. melanogaster
A0A0B4LIF3	1	U-01	melanogaster	D. melanogaster
A0A0B4LIH0	1	U-01	melanogaster	D. melanogaster
A0A0B4LIM4	2	U-02	melanogaster	D. melanogaster
A0A0B4LIQ1	1	U-01	melanogaster	D. melanogaster
A0A0B4LIR4	3	U-03	melanogaster	D. melanogaster
A0A0B4LIU0	1	U-01	melanogaster	D. melanogaster
A0A0C4DH99	1	U-01	melanogaster	D. melanogaster
A0A0C4DHA8	1	U-01	melanogaster	D. melanogaster
A0A0C4DHA9	1	U-01	melanogaster	D. melanogaster
A0A0C4DHB6	2	U-02	melanogaster	D. melanogaster
A0A0C4DHB8	1	U-01	melanogaster	D. melanogaster
A0A0C4DHC2	1	U-01	melanogaster	D. melanogaster
A0A0C4DHD4	1	U-01	melanogaster	D. melanogaster
A0A0C4DHD5	1	U-01	melanogaster	D. melanogaster
B7Z010	1	U-01	melanogaster	D. melanogaster
B7Z011	1	U-01	melanogaster	D. melanogaster
B7Z012	1	U-01	melanogaster	D. melanogaster
B7Z013	1	U-01	melanogaster	D. melanogaster
B7Z014	1	U-01	melanogaster	D. melanogaster
B7Z027	2	U-02	melanogaster	D. melanogaster
B7Z030	2	U-02	melanogaster	D. melanogaster
B7Z051	1	U-01	melanogaster	D. melanogaster
B7Z055	1	U-01	melanogaster	D. melanogaster
B7Z061	1	U-01	melanogaster	D. melanogaster
B7Z062	1	U-01	melanogaster	D. melanogaster
B7Z063	0	unassigned	melanogaster	D. melanogaster
B7Z086	1	U-01	melanogaster	D. melanogaster
B7Z087	1	U-01	melanogaster	D. melanogaster
B7Z088	1	U-01	melanogaster	D. melanogaster
B7Z092	1	U-01	melanogaster	D. melanogaster
B7Z095	1	U-01	melanogaster	D. melanogaster
B7Z097	1	U-01	melanogaster	D. melanogaster
B7Z098	1	U-01	melanogaster	D. melanogaster
B7Z0A3	1	U-01	melanogaster	D. melanogaster
B7Z0A9	1	U-01	melanogaster	D. melanogaster
B7Z0B0	1	U-01	melanogaster	D. melanogaster
B7Z0B1	1	U-01	melanogaster	D. melanogaster
B7Z0B2	2	U-02	melanogaster	D. melanogaster
B7Z0B3	2	U-02	melanogaster	D. melanogaster
B7Z0D7	1	U-01	melanogaster	D. melanogaster
B7Z0G0	1	U-01	melanogaster	D. melanogaster
B7Z0G3	1	U-01	melanogaster	D. melanogaster
B7Z0G4	3	U-03	melanogaster	D. melanogaster
B7Z0H3	1	U-01	melanogaster	D. melanogaster
B7Z0I0	3	U-03	melanogaster	D. melanogaster
B7Z0I2	1	U-01	melanogaster	D. melanogaster
B7Z0I8	1	U-01	melanogaster	D. melanogaster
B7Z0J0	0	unassigned	melanogaster	D. melanogaster
B7Z0J1	1	U-01	melanogaster	D. melanogaster
B7Z0J4	1	U-01	melanogaster	D. melanogaster
B7Z0L0	2	U-02	melanogaster	D. melanogaster
B7Z0L1	2	U-02	melanogaster	D. melanogaster
B7Z0L2	1	U-01	melanogaster	D. melanogaster
B7Z0L3	0	unassigned	melanogaster	D. melanogaster
B7Z0M0	1	U-01	melanogaster	D. melanogaster
Q9VME0	1	U-01	melanogaster	D. melanogaster
Q9VME1	0	unassigned	melanogaster	D. melanogaster
Q9VMF0	1	U-01	melanogaster	D. melanogaster
Q9VMF1	1	U-01	melanogaster	D. melanogaster
Q9VMF5	1	U-01	melanogaster	D. melanogaster
Q9VMF9	1	U-01	melanogaster	D. melanogaster
Q9VMG6	1	U-01	melanogaster	D. melanogaster
Q9VMG8	1	U-01	melanogaster	D. melanogaster
Q9VMH9	1	U-01	melanogaster	D. melanogaster
Q9VMI0	1	U-01	melanogaster	D. melanogaster
Q9VMJ2	1	U-01	melanogaster	D. melanogaster
Q9VMK2	1	U-01	melanogaster	D. melanogaster
Q9VMK7	1	U-01	melanogaster	D. melanogaster
Q9VML5	1	U-01	melanogaster	D. melanogaster
Q9VMM4	1	U-01	melanogaster	D. melanogaster
Q9VMN0	1	U-01	melanogaster	D. melanogaster
Q9VMN1	2	U-02	melanogaster	D. melanogaster
Q9VMN2	3	U-03	melanogaster	D. melanogaster
Q9VMP0	1	U-01	melanogaster	D. melanogaster
Q9VMP2	1	U-01	melanogaster	D. melanogaster
Q9VMP7	1	U-01	melanogaster	D. melanogaster
Q9VMP8	1	U-01	melanogaster	D. melanogaster
Q9VMQ2	2	U-02	melanogaster	D. melanogaster
Q9VMT4	1	U-01	melanogaster	D. melanogaster
Q9VMU1	1	U-01	melanogaster	D. melanogaster
Q9VMU7	1	U-01	melanogaster	D. melanogaster
Q9VMX2	1	U-01	melanogaster	D. melanogaster
Q9VMY3	1	U-01	melanogaster	D. melanogaster
Q9VMY7	1	U-01	melanogaster	D. melanogaster
Q9VMZ9	2	U-02	melanogaster	D. melanogaster
Q9VN06	2	U-02	melanogaster	D. melanogaster
Q9VN28	1	U-01	melanogaster	D. melanogaster
Q9VN36	1	U-01	melanogaster	D. melanogaster
Q9VN39	1	U-01	melanogaster	D. melanogaster
Q9VN63	1	U-01	melanogaster	D. melanogaster
Q9VN64	1	U-01	melanogaster	D. melanogaster
Q9VN65	1	U-01	melanogaster	D. melanogaster
Q9VN71	0	unassigned	melanogaster	D. melanogaster
Q9VN74	2	U-02	melanogaster	D. melanogaster
Q9VN78	1	U-01	melanogaster	D. melanogaster
Q9VN80	1	U-01	melanogaster	D. melanogaster
Q9VNA4	1	U-01	melanogaster	D. melanogaster
Q9VNB1	1	U-01	melanogaster	D. melanogaster
Q9VNB2	1	U-01	melanogaster	D. melanogaster
Q9VNC0	1	U-01	melanogaster	D. melanogaster
Q9VNC9	1	U-01	melanogaster	D. melanogaster
Q9VND4	1	U-01	melanogaster	D. melanogaster
Q9VNF3	1	U-01	melanogaster	D. melanogaster
Q9VNG4	1	U-01	melanogaster	D. melanogaster
Q9VNH7	1	U-01	melanogaster	D. melanogaster
Q9VNI5	1	U-01	melanogaster	D. melanogaster
Q9VNJ3	1	U-01	melanogaster	D. melanogaster
Q9VNK1	1	U-01	melanogaster	D. melanogaster
Q9VNK8	1	U-01	melanogaster	D. melanogaster
Q9VNL8	1	U-01	melanogaster	D. melanogaster
Q9VNM2	1	U-01	melanogaster	D. melanogaster
Q9VNM4	1	U-01	melanogaster	D. melanogaster
Q9VNM5	1	U-01	melanogaster	D. melanogaster
Q9VNM6	1	U-01	melanogaster	D. melanogaster
Q9VNM8	1	U-01	melanogaster	D. melanogaster
Q9VNN3	1	U-01	melanogaster	D. melanogaster
Q9VNN5	1	U-01	melanogaster	D. melanogaster
Q9VNN8	1	U-01	melanogaster	D. melanogaster
Q9VNN9	1	U-01	melanogaster	D. melanogaster
Q9VNP6	1	U-01	melanogaster	D. melanogaster
Q9VNQ5	1	U-01	melanogaster	D. melanogaster
Q9VNQ6	1	U-01	melanogaster	D. melanogaster
Q9VNR1	1	U-01	melanogaster	D. melanogaster
Q9VNR6	1	U-01	melanogaster	D. melanogaster
Q9VNR8	3	U-03	melanogaster	D. melanogaster
Q9VNR9	1	U-01	melanogaster	D. melanogaster
Q9VNS1	1	U-01	melanogaster	D. melanogaster
Q9VNS3	1	U-01	melanogaster	D. melanogaster
Q9VNS5	0	unassigned	melanogaster	D. melanogaster
Q9VNS8	0	unassigned	melanogaster	D. melanogaster
Q9VNS9	0	unassigned	melanogaster	D. melanogaster
Q9VNT0	0	unassigned	melanogaster	D. melanogaster
Q9VNT6	1	U-01	melanogaster	D. melanogaster
Q9VNU3	1	U-01	melanogaster	D. melanogaster
Q9VNW0	1	U-01	melanogaster	D. melanogaster
Q9VNW1	1	U-01	melanogaster	D. melanogaster
Q9VNW2	1	U-01	melanogaster	D. melanogaster
Q9VNX3	1	U-01	melanogaster	D. melanogaster
Q9VNX9	1	U-01	melanogaster	D. melanogaster
Q9VNY1	1	U-01	melanogaster	D. melanogaster
Q9VNY5	1	U-01	melanogaster	D. melanogaster
Q9VNY6	1	U-01	melanogaster	D. melanogaster
Q9VNY7	1	U-01	melanogaster	D. melanogaster
Q9VNY8	1	U-01	melanogaster	D. melanogaster
Q9VNY9	1	U-01	melanogaster	D. melanogaster
Q9VNZ1	1	U-01	melanogaster	D. melanogaster
Q9VNZ2	1	U-01	melanogaster	D. melanogaster
Q9W0Q8	1	U-01	melanogaster	D. melanogaster
Q9W0Q9	1	U-01	melanogaster	D. melanogaster
Q9W0R2	0	unassigned	melanogaster	D. melanogaster
Q9W0T6	1	U-01	melanogaster	D. melanogaster
Q9W0T9	1	U-01	melanogaster	D. melanogaster
Q9W0U4	1	U-01	melanogaster	D. melanogaster
Q9W0V4	1	U-01	melanogaster	D. melanogaster
Q9W0V5	1	U-01	melanogaster	D. melanogaster
Q9VRI9	0	unassigned	melanogaster	D. melanogaster
Q9VRL0	3	U-03	melanogaster	D. melanogaster
Q9VRL2	1	U-01	melanogaster	D. melanogaster
Q9VRL8	1	U-01	melanogaster	D. melanogaster
Q9VRM6	1	U-01	melanogaster	D. melanogaster
Q9VRN2	3	U-03	melanogaster	D. melanogaster
Q9VRN4	1	U-01	melanogaster	D. melanogaster
Q9VRN6	0	unassigned	melanogaster	D. melanogaster
Q9VRS3	0	unassigned	melanogaster	D. melanogaster
Q9VRS4	0	unassigned	melanogaster	D. melanogaster
Q9VRS5	2	U-02	melanogaster	D. melanogaster
Q9VRS6	0	unassigned	melanogaster	D. melanogaster
Q9VRS7	0	unassigned	melanogaster	D. melanogaster
Q9VRS8	0	unassigned	melanogaster	D. melanogaster
Q9VRS9	0	unassigned	melanogaster	D. melanogaster
Q9VRT1	2	U-02	melanogaster	D. melanogaster
Q9VRT2	0	unassigned	melanogaster	D. melanogaster
Q9VRT7	1	U-01	melanogaster	D. melanogaster
Q9VRU0	0	unassigned	melanogaster	D. melanogaster
Q9VRU1	1	U-01	melanogaster	D. melanogaster
Q9VRU2	2	U-02	melanogaster	D. melanogaster
Q9VRV4	0	unassigned	melanogaster	D. melanogaster
Q9VRV7	1	U-01	melanogaster	D. melanogaster
Q9VRX7	1	U-01	melanogaster	D. melanogaster
Q9VRY0	1	U-01	melanogaster	D. melanogaster
Q9VRY6	1	U-01	melanogaster	D. melanogaster
Q9VRY7	1	U-01	melanogaster	D. melanogaster
Q9VRZ1	1	U-01	melanogaster	D. melanogaster
Q9VS25	0	unassigned	melanogaster	D. melanogaster
Q9VS36	1	U-01	melanogaster	D. melanogaster
Q9VS41	1	U-01	melanogaster	D. melanogaster
Q9VS46	1	U-01	melanogaster	D. melanogaster
Q9VS51	3	U-03	melanogaster	D. melanogaster
Q9VS54	1	U-01	melanogaster	D. melanogaster
Q9VS77	3	U-03	melanogaster	D. melanogaster
Q9VS79	0	unassigned	melanogaster	D. melanogaster
Q9VS82	1	U-01	melanogaster	D. melanogaster
Q9VS83	1	U-01	melanogaster	D. melanogaster
Q9VS84	2	U-02	melanogaster	D. melanogaster
Q9VS86	0	unassigned	melanogaster	D. melanogaster
Q9VS87	0	unassigned	melanogaster	D. melanogaster
Q9VS91	1	U-01	melanogaster	D. melanogaster
Q9VSA5	1	U-01	melanogaster	D. melanogaster
Q9VSB6	1	U-01	melanogaster	D. melanogaster
Q9VSC2	1	U-01	melanogaster	D. melanogaster
Q9VSC6	1	U-01	melanogaster	D. melanogaster
Q9VSD7	1	U-01	melanogaster	D. melanogaster
Q9VSE7	3	U-03	melanogaster	D. melanogaster
Q9VSE8	1	U-01	melanogaster	D. melanogaster
A0A0B4KH76	1	U-01	melanogaster	D. melanogaster
A0A0B4KH80	2	U-02	melanogaster	D. melanogaster
A0A0B4KH84	1	U-01	melanogaster	D. melanogaster
A0A0B4KH90	0	unassigned	melanogaster	D. melanogaster
A0A0B4KHA5	2	U-02	melanogaster	D. melanogaster
A0A0B4KHA8	1	U-01	melanogaster	D. melanogaster
A0A0B4KHB5	1	U-01	melanogaster	D. melanogaster
A0A0B4KHC0	1	U-01	melanogaster	D. melanogaster
A0A0B4KHC6	2	U-02	melanogaster	D. melanogaster
A0A0B4KHD3	3	U-03	melanogaster	D. melanogaster
A0A0B4KHD4	3	U-03	melanogaster	D. melanogaster
A0A0B4KHD5	2	U-02	melanogaster	D. melanogaster
A0A0B4KHF1	1	U-01	melanogaster	D. melanogaster
A0A0B4KHF4	3	U-03	melanogaster	D. melanogaster
A0A0B4KHG9	1	U-01	melanogaster	D. melanogaster
A0A0B4KHH4	2	U-02	melanogaster	D. melanogaster
A0A0B4KHH9	1	U-01	melanogaster	D. melanogaster
A0A0B4KHI9	2	U-02	melanogaster	D. melanogaster
A0A0B4KHJ7	1	U-01	melanogaster	D. melanogaster
A0A0B4KHK7	1	U-01	melanogaster	D. melanogaster
A0A0B4KHK8	3	U-03	melanogaster	D. melanogaster
A0A0B4KHM3	1	U-01	melanogaster	D. melanogaster
A0A0B4KHN4	1	U-01	melanogaster	D. melanogaster
A0A0B4KHN6	2	U-02	melanogaster	D. melanogaster
A0A0B4KHN9	1	U-01	melanogaster	D. melanogaster
A0A0B4KHP8	1	U-01	melanogaster	D. melanogaster
A0A0B4KHQ5	1	U-01	melanogaster	D. melanogaster
A0A0B4KHQ6	3	U-03	melanogaster	D. melanogaster
A0A0B4KHR6	1	U-01	melanogaster	D. melanogaster
A0A0B4KHS4	3	U-03	melanogaster	D. melanogaster
A0A0B4KHT9	1	U-01	melanogaster	D. melanogaster
A0A0B4KHU1	1	U-01	melanogaster	D. melanogaster
A0A0B4KHU6	1	U-01	melanogaster	D. melanogaster
A0A0B4KHV2	2	U-02	melanogaster	D. melanogaster
A0A0B4KHV6	1	U-01	melanogaster	D. melanogaster
A0A0B4KHW3	3	U-03	melanogaster	D. melanogaster
A0A0B4KHW4	3	U-03	melanogaster	D. melanogaster
A0A0B4KHY0	1	U-01	melanogaster	D. melanogaster
A0A0B4KHY5	1	U-01	melanogaster	D. melanogaster
A0A0B4KHY8	1	U-01	melanogaster	D. melanogaster
A0A0B4KHZ0	1	U-01	melanogaster	D. melanogaster
A0A0B4KHZ3	1	U-01	melanogaster	D. melanogaster
A0A0B4KHZ5	1	U-01	melanogaster	D. melanogaster
A0A0B4KHZ9	1	U-01	melanogaster	D. melanogaster
A0A0B4KI00	3	U-03	melanogaster	D. melanogaster
A0A0B4KI11	1	U-01	melanogaster	D. melanogaster
A0A0B4KI20	1	U-01	melanogaster	D. melanogaster
A0A0B4KI23	1	U-01	melanogaster	D. melanogaster
A0A0B4KI24	1	U-01	melanogaster	D. melanogaster
A0A0B4KI30	3	U-03	melanogaster	D. melanogaster
A0A0B4KI43	1	U-01	melanogaster	D. melanogaster
Q6IGL6	2	U-02	melanogaster	D. melanogaster
Q6IGL8	1	U-01	melanogaster	D. melanogaster
Q6IGM3	1	U-01	melanogaster	D. melanogaster
Q6IGP4	1	U-01	melanogaster	D. melanogaster
Q6IGP5	1	U-01	melanogaster	D. melanogaster
Q6IGP6	1	U-01	melanogaster	D. melanogaster
Q6IGU9	1	U-01	melanogaster	D. melanogaster
Q6IGX8	1	U-01	melanogaster	D. melanogaster
Q6IGY0	1	U-01	melanogaster	D. melanogaster
Q6IGZ9	1	U-01	melanogaster	D. melanogaster
Q6IH01	1	U-01	melanogaster	D. melanogaster
Q6IH25	1	U-01	melanogaster	D. melanogaster
Q6IH48	1	U-01	melanogaster	D. melanogaster
Q6IH99	1	U-01	melanogaster	D. melanogaster
Q6IHA3	1	U-01	melanogaster	D. melanogaster
Q6IHC3	0	unassigned	melanogaster	D. melanogaster
Q6IHC8	1	U-01	melanogaster	D. melanogaster
Q6IHC9	1	U-01	melanogaster	D. melanogaster
Q6IHH7	1	U-01	melanogaster	D. melanogaster
Q6IHI1	1	U-01	melanogaster	D. melanogaster
Q6IHK5	1	U-01	melanogaster	D. melanogaster
Q6IHK7	1	U-01	melanogaster	D. melanogaster
Q6IHN1	1	U-01	melanogaster	D. melanogaster
Q6IHP9	1	U-01	melanogaster	D. melanogaster
Q6IHR8	1	U-01	melanogaster	D. melanogaster
Q6IHT7	1	U-01	melanogaster	D. melanogaster
Q6IHY4	1	U-01	melanogaster	D. melanogaster
Q6II39	1	U-01	melanogaster	D. melanogaster
Q6II41	1	U-01	melanogaster	D. melanogaster
Q6II68	1	U-01	melanogaster	D. melanogaster
Q6III4	0	unassigned	melanogaster	D. melanogaster
Q6IIJ8	1	U-01	melanogaster	D. melanogaster
Q6IIQ6	1	U-01	melanogaster	D. melanogaster
Q6IJ01	1	U-01	melanogaster	D. melanogaster
Q6IJ53	1	U-01	melanogaster	D. melanogaster
Q6IJ72	0	unassigned	melanogaster	D. melanogaster
Q6IJ85	1	U-01	melanogaster	D. melanogaster
Q6IJE6	1	U-01	melanogaster	D. melanogaster
Q6IJE8	1	U-01	melanogaster	D. melanogaster
Q6IJF3	1	U-01	melanogaster	D. melanogaster
Q6IJL2	1	U-01	melanogaster	D. melanogaster
Q6IJR5	1	U-01	melanogaster	D. melanogaster
Q6IJW6	1	U-01	melanogaster	D. melanogaster
Q6IK18	0	unassigned	melanogaster	D. melanogaster
Q6IK96	1	U-01	melanogaster	D. melanogaster
Q6IKC0	1	U-01	melanogaster	D. melanogaster
Q6IKE6	1	U-01	melanogaster	D. melanogaster
Q6IKG0	1	U-01	melanogaster	D. melanogaster
Q6IL18	0	unassigned	melanogaster	D. melanogaster
Q6IL42	0	unassigned	melanogaster	D. melanogaster
Q6IL43	1	U-01	melanogaster	D. melanogaster
Q6IL75	1	U-01	melanogaster	D. melanogaster
Q6ILA6	1	U-01	melanogaster	D. melanogaster
Q6ILD5	1	U-01	melanogaster	D. melanogaster
Q6ILD8	1	U-01	melanogaster	D. melanogaster
Q6ILN6	3	U-03	melanogaster	D. melanogaster
Q6ILV1	1	U-01	melanogaster	D. melanogaster
Q6ILW3	1	U-01	melanogaster	D. melanogaster
Q6ILZ2	3	U-03	melanogaster	D. melanogaster
Q6ILZ3	1	U-01	melanogaster	D. melanogaster
Q6IM52	1	U-01	melanogaster	D. melanogaster
Q75G43	1	U-01	melanogaster	D. melanogaster
Q76NQ8	1	U-01	melanogaster	D. melanogaster
Q7JRP4	1	U-01	melanogaster	D. melanogaster
Q7K6T9	1	U-01	melanogaster	D. melanogaster
Q7KQM8	1	U-01	melanogaster	D. melanogaster
Q7KQP1	1	U-01	melanogaster	D. melanogaster
Q7KQP2	1	U-01	melanogaster	D. melanogaster
Q7KQP4	2	U-02	melanogaster	D. melanogaster
Q7KRS5	1	U-01	melanogaster	D. melanogaster
Q7KRT0	3	U-03	melanogaster	D. melanogaster
Q7KRT2	1	U-01	melanogaster	D. melanogaster
Q7KRT6	1	U-01	melanogaster	D. melanogaster
Q7KRT9	0	unassigned	melanogaster	D. melanogaster
Q7KRU9	1	U-01	melanogaster	D. melanogaster
Q7KRW2	1	U-01	melanogaster	D. melanogaster
Q7KRW7	1	U-01	melanogaster	D. melanogaster
Q7KRX3	1	U-01	melanogaster	D. melanogaster
Q7KRX6	2	U-02	melanogaster	D. melanogaster
Q7KRY3	1	U-01	melanogaster	D. melanogaster
Q7KRZ1	2	U-02	melanogaster	D. melanogaster
Q7KRZ2	1	U-01	melanogaster	D. melanogaster
Q7KRZ5	3	U-03	melanogaster	D. melanogaster
Q7KRZ7	1	U-01	melanogaster	D. melanogaster
Q7KRZ8	1	U-01	melanogaster	D. melanogaster
Q7KRZ9	1	U-01	melanogaster	D. melanogaster
Q7KS01	1	U-01	melanogaster	D. melanogaster
Q7KS14	1	U-01	melanogaster	D. melanogaster
Q7KS18	1	U-01	melanogaster	D. melanogaster
Q7KS20	1	U-01	melanogaster	D. melanogaster
Q9VGW4	1	U-01	melanogaster	D. melanogaster
Q9VGW5	1	U-01	melanogaster	D. melanogaster
Q9VGY0	3	U-03	melanogaster	D. melanogaster
Q9VGY1	1	U-01	melanogaster	D. melanogaster
Q9VGY3	1	U-01	melanogaster	D. melanogaster
Q9VGZ4	1	U-01	melanogaster	D. melanogaster
Q9VH00	1	U-01	melanogaster	D. melanogaster
Q9VH13	1	U-01	melanogaster	D. melanogaster
Q9VH37	2	U-02	melanogaster	D. melanogaster
Q9VH63	1	U-01	melanogaster	D. melanogaster
Q8IMI2	2	U-02	melanogaster	D. melanogaster
Q8IMJ7	1	U-01	melanogaster	D. melanogaster
Q8IMK0	2	U-02	melanogaster	D. melanogaster
Q8IML0	2	U-02	melanogaster	D. melanogaster
Q8IMM9	1	U-01	melanogaster	D. melanogaster
Q8IMN5	0	unassigned	melanogaster	D. melanogaster
Q8IMN6	0	unassigned	melanogaster	D. melanogaster
Q8IMQ2	2	U-02	melanogaster	D. melanogaster
Q8IMQ6	0	unassigned	melanogaster	D. melanogaster
Q8IMR3	1	U-01	melanogaster	D. melanogaster
Q8IMR4	1	U-01	melanogaster	D. melanogaster
Q8IMU3	1	U-01	melanogaster	D. melanogaster
Q8IMU4	1	U-01	melanogaster	D. melanogaster
Q8IMV6	1	U-01	melanogaster	D. melanogaster
Q8IMW5	1	U-01	melanogaster	D. melanogaster
Q8IMY1	1	U-01	melanogaster	D. melanogaster
Q8IMY4	2	U-02	melanogaster	D. melanogaster
Q8IMY7	1	U-01	melanogaster	D. melanogaster
Q8IMZ5	0	unassigned	melanogaster	D. melanogaster
Q8IN02	1	U-01	melanogaster	D. melanogaster
Q8IN22	0	unassigned	melanogaster	D. melanogaster
Q8IN23	0	unassigned	melanogaster	D. melanogaster
Q8IN25	2	U-02	melanogaster	D. melanogaster
Q8IN70	2	U-02	melanogaster	D. melanogaster
Q8INA1	0	unassigned	melanogaster	D. melanogaster
Q8INC3	1	U-01	melanogaster	D. melanogaster
Q8IND5	1	U-01	melanogaster	D. melanogaster
Q8INF2	1	U-01	melanogaster	D. melanogaster
Q8INF6	1	U-01	melanogaster	D. melanogaster
Q8ING0	2	U-02	melanogaster	D. melanogaster
Q8INH5	2	U-02	melanogaster	D. melanogaster
Q8INH7	1	U-01	melanogaster	D. melanogaster
Q8INJ3	3	U-03	melanogaster	D. melanogaster
Q8INK2	1	U-01	melanogaster	D. melanogaster
Q8INM9	0	unassigned	melanogaster	D. melanogaster
Q8INR0	1	U-01	melanogaster	D. melanogaster
Q8INS9	0	unassigned	melanogaster	D. melanogaster
Q8INT1	1	U-01	melanogaster	D. melanogaster
Q8INT5	1	U-01	melanogaster	D. melanogaster
Q8INX3	1	U-01	melanogaster	D. melanogaster
Q8INX7	2	U-02	melanogaster	D. melanogaster
Q8INY4	1	U-01	melanogaster	D. melanogaster
Q8INZ2	0	unassigned	melanogaster	D. melanogaster
Q8IP11	1	U-01	melanogaster	D. melanogaster
Q8IP22	2	U-02	melanogaster	D. melanogaster
Q8IP31	2	U-02	melanogaster	D. melanogaster
Q8IP48	3	U-03	melanogaster	D. melanogaster
Q8IP58	2	U-02	melanogaster	D. melanogaster
Q8IP67	1	U-01	melanogaster	D. melanogaster
Q8IP77	1	U-01	melanogaster	D. melanogaster
Q8IP97	1	U-01	melanogaster	D. melanogaster
Q8IP99	1	U-01	melanogaster	D. melanogaster
Q8IPC3	1	U-01	melanogaster	D. melanogaster
Q8IPF3	1	U-01	melanogaster	D. melanogaster
Q8IPG4	3	U-03	melanogaster	D. melanogaster
Q8IPH0	1	U-01	melanogaster	D. melanogaster
Q8IPH3	3	U-03	melanogaster	D. melanogaster
Q8IPJ4	3	U-03	melanogaster	D. melanogaster
Q8IPJ7	1	U-01	melanogaster	D. melanogaster
Q8IPJ9	1	U-01	melanogaster	D. melanogaster
Q8IPL8	3	U-03	melanogaster	D. melanogaster
Q8IPN6	1	U-01	melanogaster	D. melanogaster
Q8IPT2	1	U-01	melanogaster	D. melanogaster
Q8IPT6	0	unassigned	melanogaster	D. melanogaster
Q8IPU1	1	U-01	melanogaster	D. melanogaster
Q8IPU3	1	U-01	melanogaster	D. melanogaster
Q8IPU5	0	unassigned	melanogaster	D. melanogaster
Q8IPV7	1	U-01	melanogaster	D. melanogaster
Q8IPW3	1	U-01	melanogaster	D. melanogaster
Q8IPY7	0	unassigned	melanogaster	D. melanogaster
Q8IPY9	2	U-02	melanogaster	D. melanogaster
Q8IPZ0	1	U-01	melanogaster	D. melanogaster
Q8IPZ6	2	U-02	melanogaster	D. melanogaster
Q8IPZ7	1	U-01	melanogaster	D. melanogaster
Q8IQ00	2	U-02	melanogaster	D. melanogaster
Q8IQ05	1	U-01	melanogaster	D. melanogaster
Q8IQ10	0	unassigned	melanogaster	D. melanogaster
Q8IQ51	0	unassigned	melanogaster	D. melanogaster
Q9VSE9	1	U-01	melanogaster	D. melanogaster
Q9VSF4	1	U-01	melanogaster	D. melanogaster
Q9VSG8	1	U-01	melanogaster	D. melanogaster
Q9VSH0	1	U-01	melanogaster	D. melanogaster
Q9VSH4	1	U-01	melanogaster	D. melanogaster
Q9VSI3	2	U-02	melanogaster	D. melanogaster
Q9VSJ1	0	unassigned	melanogaster	D. melanogaster
Q9VSJ2	0	unassigned	melanogaster	D. melanogaster
Q9VSJ5	1	U-01	melanogaster	D. melanogaster
Q9VSK1	2	U-02	melanogaster	D. melanogaster
Q9VSL4	0	unassigned	melanogaster	D. melanogaster
Q9VSL9	1	U-01	melanogaster	D. melanogaster
Q9VSM7	1	U-01	melanogaster	D. melanogaster
Q9VSM8	1	U-01	melanogaster	D. melanogaster
Q9VSM9	1	U-01	melanogaster	D. melanogaster
Q9VSN7	1	U-01	melanogaster	D. melanogaster
Q9VSR5	1	U-01	melanogaster	D. melanogaster
Q9VSS2	1	U-01	melanogaster	D. melanogaster
Q9VSS9	1	U-01	melanogaster	D. melanogaster
Q9VST0	1	U-01	melanogaster	D. melanogaster
Q9VST4	1	U-01	melanogaster	D. melanogaster
Q9VST9	2	U-02	melanogaster	D. melanogaster
A0A0B4KHB3	0	unassigned	melanogaster	D. melanogaster
A0A0B4KHB8	3	U-03	melanogaster	D. melanogaster
A0A0B4KHC1	1	U-01	melanogaster	D. melanogaster
A0A0B4KHC7	2	U-02	melanogaster	D. melanogaster
A0A0B4KHD9	0	unassigned	melanogaster	D. melanogaster
A0A0B4KHE1	1	U-01	melanogaster	D. melanogaster
A0A0B4KHE8	1	U-01	melanogaster	D. melanogaster
A0A0B4KHF5	1	U-01	melanogaster	D. melanogaster
A0A0B4KHI6	1	U-01	melanogaster	D. melanogaster
A0A0B4KHJ3	1	U-01	melanogaster	D. melanogaster
A0A0B4KHJ6	1	U-01	melanogaster	D. melanogaster
A0A0B4KHL3	1	U-01	melanogaster	D. melanogaster
A0A0B4KHM0	1	U-01	melanogaster	D. melanogaster
A0A0B4KHP0	0	unassigned	melanogaster	D. melanogaster
A0A0B4KHR1	0	unassigned	melanogaster	D. melanogaster
A0A0B4KHS5	0	unassigned	melanogaster	D. melanogaster
A0A0B4KHT8	1	U-01	melanogaster	D. melanogaster
A0A0B4KHU4	2	U-02	melanogaster	D. melanogaster
A0A0B4KHU8	0	unassigned	melanogaster	D. melanogaster
A0A0B4KHV9	0	unassigned	melanogaster	D. melanogaster
A0A0B4KHW7	1	U-01	melanogaster	D. melanogaster
A0A0B4KHX2	1	U-01	melanogaster	D. melanogaster
A0A0B4KHX6	1	U-01	melanogaster	D. melanogaster
A0A0B4KHX8	0	unassigned	melanogaster	D. melanogaster
A0A0B4KHX9	1	U-01	melanogaster	D. melanogaster
A8DYZ9	0	unassigned	melanogaster	D. melanogaster
A8DZ00	0	unassigned	melanogaster	D. melanogaster
A8DZ11	1	U-01	melanogaster	D. melanogaster
A8DZ13	1	U-01	melanogaster	D. melanogaster
A8DZ22	1	U-01	melanogaster	D. melanogaster
A8JLS6	1	U-01	melanogaster	D. melanogaster
A8JNG7	1	U-01	melanogaster	D. melanogaster
A8JNG8	2	U-02	melanogaster	D. melanogaster
A8JNH3	1	U-01	melanogaster	D. melanogaster
A8JNH4	1	U-01	melanogaster	D. melanogaster
A8JNH5	1	U-01	melanogaster	D. melanogaster
A8JNJ3	3	U-03	melanogaster	D. melanogaster
A8JNJ9	1	U-01	melanogaster	D. melanogaster
A8JNL0	1	U-01	melanogaster	D. melanogaster
A8JNL1	1	U-01	melanogaster	D. melanogaster
A8JNL3	1	U-01	melanogaster	D. melanogaster
A8JNL8	1	U-01	melanogaster	D. melanogaster
A8JNQ7	3	U-03	melanogaster	D. melanogaster
A8JNR7	2	U-02	melanogaster	D. melanogaster
A8JNR8	1	U-01	melanogaster	D. melanogaster
A8JNS2	2	U-02	melanogaster	D. melanogaster
A8JNS3	2	U-02	melanogaster	D. melanogaster
A8JNT3	2	U-02	melanogaster	D. melanogaster
A8JNU9	1	U-01	melanogaster	D. melanogaster
A8JNV1	1	U-01	melanogaster	D. melanogaster
A8JNV2	1	U-01	melanogaster	D. melanogaster
A8JNV6	2	U-02	melanogaster	D. melanogaster
A8JNW0	1	U-01	melanogaster	D. melanogaster
A8JNW1	1	U-01	melanogaster	D. melanogaster
A8JQS3	1	U-01	melanogaster	D. melanogaster
A8JQT0	1	U-01	melanogaster	D. melanogaster
A8JQT2	1	U-01	melanogaster	D. melanogaster
A8JQT7	1	U-01	melanogaster	D. melanogaster
A8JQT9	1	U-01	melanogaster	D. melanogaster
A8JQU2	1	U-01	melanogaster	D. melanogaster
A8JQV0	1	U-01	melanogaster	D. melanogaster
A8JQV5	1	U-01	melanogaster	D. melanogaster
A8JQW5	2	U-02	melanogaster	D. melanogaster
A8JQW7	1	U-01	melanogaster	D. melanogaster
A8JQW9	0	unassigned	melanogaster	D. melanogaster
A8JQY6	3	U-03	melanogaster	D. melanogaster
A8JQY8	3	U-03	melanogaster	D. melanogaster
A8JQZ0	1	U-01	melanogaster	D. melanogaster
A8JQZ1	1	U-01	melanogaster	D. melanogaster
A8JQZ6	1	U-01	melanogaster	D. melanogaster
A8JQZ7	1	U-01	melanogaster	D. melanogaster
A8JQZ8	1	U-01	melanogaster	D. melanogaster
A8JR12	0	unassigned	melanogaster	D. melanogaster
A8JR17	1	U-01	melanogaster	D. melanogaster
A8JR18	1	U-01	melanogaster	D. melanogaster
A8JR20	0	unassigned	melanogaster	D. melanogaster
A8JR22	3	U-03	melanogaster	D. melanogaster
A8JR23	3	U-03	melanogaster	D. melanogaster
A8JR30	2	U-02	melanogaster	D. melanogaster
A8JR33	2	U-02	melanogaster	D. melanogaster
A8JR34	2	U-02	melanogaster	D. melanogaster
A8JR38	1	U-01	melanogaster	D. melanogaster
A8JR52	1	U-01	melanogaster	D. melanogaster
A8JR57	1	U-01	melanogaster	D. melanogaster
A8JR60	1	U-01	melanogaster	D. melanogaster
A8JR84	1	U-01	melanogaster	D. melanogaster
A8JRD6	2	U-02	melanogaster	D. melanogaster
A8JRF8	1	U-01	melanogaster	D. melanogaster
A8JRF9	1	U-01	melanogaster	D. melanogaster
A8JRG5	1	U-01	melanogaster	D. melanogaster
A8JRH0	1	U-01	melanogaster	D. melanogaster
A8JRH2	3	U-03	melanogaster	D. melanogaster
A8JRH4	3	U-03	melanogaster	D. melanogaster
A8JRH5	3	U-03	melanogaster	D. melanogaster
A8JRH8	1	U-01	melanogaster	D. melanogaster
A8JUM3	1	U-01	melanogaster	D. melanogaster
A8JUN7	0	unassigned	melanogaster	D. melanogaster
A8JUP0	2	U-02	melanogaster	D. melanogaster
A8JUP2	1	U-01	melanogaster	D. melanogaster
A8JUS8	1	U-01	melanogaster	D. melanogaster
Q8INK3	1	U-01	melanogaster	D. melanogaster
Q8INL2	1	U-01	melanogaster	D. melanogaster
Q8INM3	1	U-01	melanogaster	D. melanogaster
Q8INQ6	0	unassigned	melanogaster	D. melanogaster
Q8INT6	1	U-01	melanogaster	D. melanogaster
Q8INV7	1	U-01	melanogaster	D. melanogaster
Q8IP68	1	U-01	melanogaster	D. melanogaster
Q8IP78	1	U-01	melanogaster	D. melanogaster
Q8IP94	1	U-01	melanogaster	D. melanogaster
Q8IPA1	1	U-01	melanogaster	D. melanogaster
Q8IPB1	1	U-01	melanogaster	D. melanogaster
Q8IPB7	2	U-02	melanogaster	D. melanogaster
Q8IPB9	1	U-01	melanogaster	D. melanogaster
Q8IPE2	0	unassigned	melanogaster	D. melanogaster
Q8IPH4	2	U-02	melanogaster	D. melanogaster
Q8IPH5	2	U-02	melanogaster	D. melanogaster
Q8IPH6	1	U-01	melanogaster	D. melanogaster
Q8IPH7	1	U-01	melanogaster	D. melanogaster
Q8IPH8	1	U-01	melanogaster	D. melanogaster
Q8IPI3	3	U-03	melanogaster	D. melanogaster
X2JFR6	1	U-01	melanogaster	D. melanogaster
X2JFU0	1	U-01	melanogaster	D. melanogaster
X2JFZ3	1	U-01	melanogaster	D. melanogaster
X2JG22	1	U-01	melanogaster	D. melanogaster
X2JG90	1	U-01	melanogaster	D. melanogaster
X2JGC3	0	unassigned	melanogaster	D. melanogaster
X2JHT0	1	U-01	melanogaster	D. melanogaster
X2JIJ6	1	U-01	melanogaster	D. melanogaster
X2JJU0	1	U-01	melanogaster	D. melanogaster
X2JKD2	1	U-01	melanogaster	D. melanogaster
X2JKM9	1	U-01	melanogaster	D. melanogaster
A0A021WZA4	3	U-03	melanogaster	D. melanogaster
A0A0B4J3Z7	1	U-01	melanogaster	D. melanogaster
A0A0B4J3Z9	1	U-01	melanogaster	D. melanogaster
A0A0B4J400	1	U-01	melanogaster	D. melanogaster
A0A0B4JCS5	2	U-02	melanogaster	D. melanogaster
A0A0B4JCT2	2	U-02	melanogaster	D. melanogaster
A0A0B4JCT6	1	U-01	melanogaster	D. melanogaster
A0A0B4JCU4	3	U-03	melanogaster	D. melanogaster
A0A0B4JCV3	1	U-01	melanogaster	D. melanogaster
A0A0B4JCZ0	1	U-01	melanogaster	D. melanogaster
A0A0B4JD15	1	U-01	melanogaster	D. melanogaster
A0A0B4JD38	1	U-01	melanogaster	D. melanogaster
A0A0B4JD40	1	U-01	melanogaster	D. melanogaster
A0A0B4JD44	1	U-01	melanogaster	D. melanogaster
A0A0B4JD45	1	U-01	melanogaster	D. melanogaster
A0A0B4JD52	1	U-01	melanogaster	D. melanogaster
A0A0B4JD54	1	U-01	melanogaster	D. melanogaster
A0A0B4JD55	1	U-01	melanogaster	D. melanogaster
A0A0B4JD77	1	U-01	melanogaster	D. melanogaster
A0A0B4JD87	1	U-01	melanogaster	D. melanogaster
A0A0B4JDC2	1	U-01	melanogaster	D. melanogaster
A0A0B4JDC6	1	U-01	melanogaster	D. melanogaster
A0A0B4JDD0	0	unassigned	melanogaster	D. melanogaster
A0A0B4JDD2	1	U-01	melanogaster	D. melanogaster
A0A0B4JDF4	1	U-01	melanogaster	D. melanogaster
A0A0B4K5Z5	1	U-01	melanogaster	D. melanogaster
A0A0B4K603	1	U-01	melanogaster	D. melanogaster
A0A0B4K612	1	U-01	melanogaster	D. melanogaster
A0A0B4K614	1	U-01	melanogaster	D. melanogaster
A0A0B4K621	1	U-01	melanogaster	D. melanogaster
A0A0B4K629	1	U-01	melanogaster	D. melanogaster
A0A0B4K633	0	unassigned	melanogaster	D. melanogaster
A0A0B4K634	1	U-01	melanogaster	D. melanogaster
A0A0B4K648	1	U-01	melanogaster	D. melanogaster
A0A0B4K653	1	U-01	melanogaster	D. melanogaster
A0A0B4K656	1	U-01	melanogaster	D. melanogaster
A0A0B4K664	1	U-01	melanogaster	D. melanogaster
A0A0B4K687	2	U-02	melanogaster	D. melanogaster
A0A0B4K691	2	U-02	melanogaster	D. melanogaster
A0A0B4K6B6	1	U-01	melanogaster	D. melanogaster
A0A0B4K6D5	1	U-01	melanogaster	D. melanogaster
A0A0B4K6D8	1	U-01	melanogaster	D. melanogaster
A0A0B4K6F9	1	U-01	melanogaster	D. melanogaster
A0A0B4K6G3	1	U-01	melanogaster	D. melanogaster
A0A0B4K6H8	1	U-01	melanogaster	D. melanogaster
A0A0B4K6J1	1	U-01	melanogaster	D. melanogaster
A0A0B4K6J3	1	U-01	melanogaster	D. melanogaster
A0A0B4K6K0	2	U-02	melanogaster	D. melanogaster
A0A0B4K6K3	3	U-03	melanogaster	D. melanogaster
A0A0B4K6K9	1	U-01	melanogaster	D. melanogaster
A0A0B4K6L1	1	U-01	melanogaster	D. melanogaster
A0A0B4K6L4	1	U-01	melanogaster	D. melanogaster
A0A0B4K6L5	3	U-03	melanogaster	D. melanogaster
A0A0B4K6N2	1	U-01	melanogaster	D. melanogaster
A0A0B4K6N4	1	U-01	melanogaster	D. melanogaster
A0A0B4K6N6	1	U-01	melanogaster	D. melanogaster
A0A0B4K6P1	1	U-01	melanogaster	D. melanogaster
A0A0B4K6P8	2	U-02	melanogaster	D. melanogaster
A0A0B4K6Q5	1	U-01	melanogaster	D. melanogaster
A0A0B4K6R3	1	U-01	melanogaster	D. melanogaster
A0A0B4K6U0	1	U-01	melanogaster	D. melanogaster
A0A0B4K6U6	1	U-01	melanogaster	D. melanogaster
A0A0B4K6V8	1	U-01	melanogaster	D. melanogaster
A0A0B4K6W0	1	U-01	melanogaster	D. melanogaster
A0A0B4K6W1	0	unassigned	melanogaster	D. melanogaster
A0A0B4K6W2	1	U-01	melanogaster	D. melanogaster
A0A0B4K6W3	1	U-01	melanogaster	D. melanogaster
A0A0B4K6W5	1	U-01	melanogaster	D. melanogaster
A0A0B4K6X6	1	U-01	melanogaster	D. melanogaster
Q9VRW1	1	U-01	melanogaster	D. melanogaster
Q9VRW4	1	U-01	melanogaster	D. melanogaster
Q9VRW5	2	U-02	melanogaster	D. melanogaster
Q9VRX0	0	unassigned	melanogaster	D. melanogaster
Q9VRY2	1	U-01	melanogaster	D. melanogaster
Q9VRY3	1	U-01	melanogaster	D. melanogaster
Q9VRY5	1	U-01	melanogaster	D. melanogaster
Q9VRZ3	2	U-02	melanogaster	D. melanogaster
Q9VRZ4	1	U-01	melanogaster	D. melanogaster
Q9VRZ7	1	U-01	melanogaster	D. melanogaster
Q9VS00	1	U-01	melanogaster	D. melanogaster
Q9VS02	2	U-02	melanogaster	D. melanogaster
Q9VS10	1	U-01	melanogaster	D. melanogaster
Q9VS11	2	U-02	melanogaster	D. melanogaster
Q9VS19	1	U-01	melanogaster	D. melanogaster
Q9VS34	1	U-01	melanogaster	D. melanogaster
Q9VS57	1	U-01	melanogaster	D. melanogaster
Q9VS63	2	U-02	melanogaster	D. melanogaster
Q9VS64	2	U-02	melanogaster	D. melanogaster
Q9VS65	2	U-02	melanogaster	D. melanogaster
Q9VS66	2	U-02	melanogaster	D. melanogaster
Q9VS67	2	U-02	melanogaster	D. melanogaster
Q9VS78	0	unassigned	melanogaster	D. melanogaster
Q9VS80	2	U-02	melanogaster	D. melanogaster
Q9VS89	2	U-02	melanogaster	D. melanogaster
Q9VS90	1	U-01	melanogaster	D. melanogaster
Q9VSA9	1	U-01	melanogaster	D. melanogaster
Q9VSB2	1	U-01	melanogaster	D. melanogaster
Q9VSB8	1	U-01	melanogaster	D. melanogaster
Q9VSC1	1	U-01	melanogaster	D. melanogaster
Q9VSC4	1	U-01	melanogaster	D. melanogaster
Q9VSC5	1	U-01	melanogaster	D. melanogaster
Q9VSC9	2	U-02	melanogaster	D. melanogaster
Q9VSD3	1	U-01	melanogaster	D. melanogaster
Q9VSE3	1	U-01	melanogaster	D. melanogaster
Q9VSH1	1	U-01	melanogaster	D. melanogaster
Q9VSH5	1	U-01	melanogaster	D. melanogaster
Q9VSH7	1	U-01	melanogaster	D. melanogaster
Q9VSH9	1	U-01	melanogaster	D. melanogaster
Q9VSI1	1	U-01	melanogaster	D. melanogaster
Q9VSI2	1	U-01	melanogaster	D. melanogaster
Q9VSK6	1	U-01	melanogaster	D. melanogaster
Q9VSL0	1	U-01	melanogaster	D. melanogaster
Q9VSL1	1	U-01	melanogaster	D. melanogaster
A0A0B4K6U2	1	U-01	melanogaster	D. melanogaster
A0A0B4K6U8	1	U-01	melanogaster	D. melanogaster
A0A0B4K6U9	1	U-01	melanogaster	D. melanogaster
A0A0B4K6V3	2	U-02	melanogaster	D. melanogaster
A0A0B4K6V7	1	U-01	melanogaster	D. melanogaster
A0A0B4K6W7	3	U-03	melanogaster	D. melanogaster
A0A0B4K6X0	2	U-02	melanogaster	D. melanogaster
A0A0B4K6X1	1	U-01	melanogaster	D. melanogaster
A0A0B4K6X5	1	U-01	melanogaster	D. melanogaster
A0A0B4K6X7	1	U-01	melanogaster	D. melanogaster
A0A0B4K6X8	0	unassigned	melanogaster	D. melanogaster
A0A0B4K6Y1	1	U-01	melanogaster	D. melanogaster
A0A0B4K6Y3	3	U-03	melanogaster	D. melanogaster
A0A0B4K6Z5	0	unassigned	melanogaster	D. melanogaster
A0A0B4K721	3	U-03	melanogaster	D. melanogaster
A0A0B4K743	0	unassigned	melanogaster	D. melanogaster
A0A0B4K746	1	U-01	melanogaster	D. melanogaster
A0A0B4K755	2	U-02	melanogaster	D. melanogaster
A0A0B4K757	1	U-01	melanogaster	D. melanogaster
A0A0B4K759	1	U-01	melanogaster	D. melanogaster
A0A0B4K763	2	U-02	melanogaster	D. melanogaster
A0A0B4K764	1	U-01	melanogaster	D. melanogaster
A0A0B4K769	0	unassigned	melanogaster	D. melanogaster
A0A0B4K776	0	unassigned	melanogaster	D. melanogaster
A0A0B4K779	1	U-01	melanogaster	D. melanogaster
A0A0B4K780	1	U-01	melanogaster	D. melanogaster
A0A0B4K792	1	U-01	melanogaster	D. melanogaster
A0A0B4K793	3	U-03	melanogaster	D. melanogaster
A0A0B4K794	1	U-01	melanogaster	D. melanogaster
A0A0B4K7A1	1	U-01	melanogaster	D. melanogaster
A0A0B4K7A8	0	unassigned	melanogaster	D. melanogaster
A0A0B4K7B4	1	U-01	melanogaster	D. melanogaster
A0A0B4K7B8	1	U-01	melanogaster	D. melanogaster
A0A0B4K7C6	1	U-01	melanogaster	D. melanogaster
A0A0B4K7C7	1	U-01	melanogaster	D. melanogaster
A0A0B4K7C9	1	U-01	melanogaster	D. melanogaster
A0A0B4K7E5	0	unassigned	melanogaster	D. melanogaster
A0A0B4K7E6	1	U-01	melanogaster	D. melanogaster
A0A0B4K7E8	1	U-01	melanogaster	D. melanogaster
A0A0B4K7E9	1	U-01	melanogaster	D. melanogaster
A0A0B4K7F5	3	U-03	melanogaster	D. melanogaster
A0A0B4K7H2	1	U-01	melanogaster	D. melanogaster
A0A0B4K7H3	0	unassigned	melanogaster	D. melanogaster
A0A0B4K7I1	1	U-01	melanogaster	D. melanogaster
A0A0B4K7I7	1	U-01	melanogaster	D. melanogaster
A0A0B4K7I9	1	U-01	melanogaster	D. melanogaster
A0A0B4K7J1	3	U-03	melanogaster	D. melanogaster
A0A0B4K7J6	2	U-02	melanogaster	D. melanogaster
A0A0B4K7J7	1	U-01	melanogaster	D. melanogaster
A0A0B4K7J8	3	U-03	melanogaster	D. melanogaster
A0A0B4K7K5	3	U-03	melanogaster	D. melanogaster
A0A0B4K7K8	1	U-01	melanogaster	D. melanogaster
A0A0B4K7L9	1	U-01	melanogaster	D. melanogaster
A0A0B4K7M8	2	U-02	melanogaster	D. melanogaster
A0A0B4K7N7	1	U-01	melanogaster	D. melanogaster
A0A0B4K7P2	3	U-03	melanogaster	D. melanogaster
Q9VHH2	1	U-01	melanogaster	D. melanogaster
Q9VHI1	1	U-01	melanogaster	D. melanogaster
Q9VHJ4	1	U-01	melanogaster	D. melanogaster
Q9VHJ6	1	U-01	melanogaster	D. melanogaster
Q9VHK1	0	unassigned	melanogaster	D. melanogaster
Q9VHK3	1	U-01	melanogaster	D. melanogaster
Q9VHM6	0	unassigned	melanogaster	D. melanogaster
Q9VHP0	1	U-01	melanogaster	D. melanogaster
Q9VHQ7	0	unassigned	melanogaster	D. melanogaster
Q9VHR6	1	U-01	melanogaster	D. melanogaster
Q9VHR8	1	U-01	melanogaster	D. melanogaster
Q9VHS8	1	U-01	melanogaster	D. melanogaster
Q9VHV1	1	U-01	melanogaster	D. melanogaster
Q9VHV8	1	U-01	melanogaster	D. melanogaster
Q9VI04	1	U-01	melanogaster	D. melanogaster
Q9VI10	1	U-01	melanogaster	D. melanogaster
Q9VI13	1	U-01	melanogaster	D. melanogaster
Q9VI20	1	U-01	melanogaster	D. melanogaster
Q9VI72	1	U-01	melanogaster	D. melanogaster
Q9VI75	1	U-01	melanogaster	D. melanogaster
Q9VI93	1	U-01	melanogaster	D. melanogaster
Q9VIA5	0	unassigned	melanogaster	D. melanogaster
Q9VIC7	2	U-02	melanogaster	D. melanogaster
Q9VID3	1	U-01	melanogaster	D. melanogaster
Q9VIE6	1	U-01	melanogaster	D. melanogaster
Q9VIE7	1	U-01	melanogaster	D. melanogaster
Q9VIE8	1	U-01	melanogaster	D. melanogaster
Q9VIF1	1	U-01	melanogaster	D. melanogaster
Q9VIF6	1	U-01	melanogaster	D. melanogaster
Q9VIH7	1	U-01	melanogaster	D. melanogaster
Q9VII1	2	U-02	melanogaster	D. melanogaster
Q9VII3	2	U-02	melanogaster	D. melanogaster
Q9VIK2	3	U-03	melanogaster	D. melanogaster
Q9VIL0	1	U-01	melanogaster	D. melanogaster
Q9VIP0	1	U-01	melanogaster	D. melanogaster
Q9VIP4	1	U-01	melanogaster	D. melanogaster
Q9VIP8	1	U-01	melanogaster	D. melanogaster
Q9VIP9	1	U-01	melanogaster	D. melanogaster
Q9VIQ0	1	U-01	melanogaster	D. melanogaster
Q9VIQ8	3	U-03	melanogaster	D. melanogaster
Q9VIQ9	1	U-01	melanogaster	D. melanogaster
Q9VIT0	1	U-01	melanogaster	D. melanogaster
Q9VIV6	1	U-01	melanogaster	D. melanogaster
Q9VIW3	1	U-01	melanogaster	D. melanogaster
Q9VIW6	1	U-01	melanogaster	D. melanogaster
Q9VJ14	1	U-01	melanogaster	D. melanogaster
Q9XZS8	1	U-01	melanogaster	D. melanogaster
Q9XZT7	1	U-01	melanogaster	D. melanogaster
Q9XZU0	1	U-01	melanogaster	D. melanogaster
Q9Y091	1	U-01	melanogaster	D. melanogaster
Q9Y0A7	1	U-01	melanogaster	D. melanogaster
Q9Y0E4	1	U-01	melanogaster	D. melanogaster
Q9Y0I1	1	U-01	melanogaster	D. melanogaster
Q9Y0S9	1	U-01	melanogaster	D. melanogaster
Q9Y117	2	U-02	melanogaster	D. melanogaster
Q9Y118	1	U-01	melanogaster	D. melanogaster
Q9Y128	1	U-01	melanogaster	D. melanogaster
Q9Y133	3	U-03	melanogaster	D. melanogaster
Q9Y162	1	U-01	melanogaster	D. melanogaster
Q9Y166	3	U-03	melanogaster	D. melanogaster
Q9Y169	2	U-02	melanogaster	D. melanogaster
Q9Y1B2	1	U-01	melanogaster	D. melanogaster
Q9Y1T2	1	U-01	melanogaster	D. melanogaster
R9PY25	0	unassigned	melanogaster	D. melanogaster
R9PY40	2	U-02	melanogaster	D. melanogaster
X2J4C1	1	U-01	melanogaster	D. melanogaster
X2J5A2	1	U-01	melanogaster	D. melanogaster
X2J5L4	1	U-01	melanogaster	D. melanogaster
X2J5X6	1	U-01	melanogaster	D. melanogaster
X2J674	1	U-01	melanogaster	D. melanogaster
X2J8G9	1	U-01	melanogaster	D. melanogaster
X2J8L2	2	U-02	melanogaster	D. melanogaster
X2J979	1	U-01	melanogaster	D. melanogaster
X2J9E1	1	U-01	melanogaster	D. melanogaster
X2JAB1	1	U-01	melanogaster	D. melanogaster
X2JAC7	2	U-02	melanogaster	D. melanogaster
X2JAF4	2	U-02	melanogaster	D. melanogaster
X2JAH4	0	unassigned	melanogaster	D. melanogaster
X2JAI1	1	U-01	melanogaster	D. melanogaster
X2JAI4	1	U-01	melanogaster	D. melanogaster
X2JAU0	2	U-02	melanogaster	D. melanogaster
X2JAU8	1	U-01	melanogaster	D. melanogaster
X2JAZ3	1	U-01	melanogaster	D. melanogaster
X2JB48	1	U-01	melanogaster	D. melanogaster
X2JBS2	1	U-01	melanogaster	D. melanogaster
X2JC49	0	unassigned	melanogaster	D. melanogaster
X2JC83	1	U-01	melanogaster	D. melanogaster
X2JCB3	1	U-01	melanogaster	D. melanogaster
X2JCE8	2	U-02	melanogaster	D. melanogaster
X2JCI0	2	U-02	melanogaster	D. melanogaster
X2JCI2	1	U-01	melanogaster	D. melanogaster
X2JCM1	1	U-01	melanogaster	D. melanogaster
X2JCP8	1	U-01	melanogaster	D. melanogaster
X2JD89	2	U-02	melanogaster	D. melanogaster
X2JDK9	2	U-02	melanogaster	D. melanogaster
X2JDM5	1	U-01	melanogaster	D. melanogaster
X2JDP4	1	U-01	melanogaster	D. melanogaster
X2JDW0	2	U-02	melanogaster	D. melanogaster
X2JDY7	1	U-01	melanogaster	D. melanogaster
X2JDY8	1	U-01	melanogaster	D. melanogaster
A0A0B4K833	1	U-01	melanogaster	D. melanogaster
A0A0B4K838	1	U-01	melanogaster	D. melanogaster
A0A0B4K840	1	U-01	melanogaster	D. melanogaster
A0A0B4K842	1	U-01	melanogaster	D. melanogaster
A0A0B4K847	1	U-01	melanogaster	D. melanogaster
A0A0B4K852	1	U-01	melanogaster	D. melanogaster
A0A0B4K863	0	unassigned	melanogaster	D. melanogaster
A0A0B4K870	1	U-01	melanogaster	D. melanogaster
A0A0B4K874	1	U-01	melanogaster	D. melanogaster
A0A0B4K876	1	U-01	melanogaster	D. melanogaster
A0A0B4K880	0	unassigned	melanogaster	D. melanogaster
A0A0B4K882	1	U-01	melanogaster	D. melanogaster
A0A0B4K884	1	U-01	melanogaster	D. melanogaster
A0A0B4K897	1	U-01	melanogaster	D. melanogaster
A0A0B4K8A1	1	U-01	melanogaster	D. melanogaster
A0A0B4K8A2	1	U-01	melanogaster	D. melanogaster
A0A0B4K8A5	1	U-01	melanogaster	D. melanogaster
A0A0B4K8A6	0	unassigned	melanogaster	D. melanogaster
A0A0B4K8A8	1	U-01	melanogaster	D. melanogaster
A0A0B4K8B7	3	U-03	melanogaster	D. melanogaster
A0A0B4KEC2	1	U-01	melanogaster	D. melanogaster
A0A0B4KEC3	1	U-01	melanogaster	D. melanogaster
A0A0B4KEC5	1	U-01	melanogaster	D. melanogaster
A0A0B4KED6	2	U-02	melanogaster	D. melanogaster
A0A0B4KED7	1	U-01	melanogaster	D. melanogaster
A0A0B4KED8	3	U-03	melanogaster	D. melanogaster
A0A0B4KEE1	1	U-01	melanogaster	D. melanogaster
A0A0B4KEE5	1	U-01	melanogaster	D. melanogaster
A0A0B4KEF3	0	unassigned	melanogaster	D. melanogaster
A0A0B4KEF9	1	U-01	melanogaster	D. melanogaster
A0A0B4KEG1	1	U-01	melanogaster	D. melanogaster
A0A0B4KEG2	3	U-03	melanogaster	D. melanogaster
A0A0B4KEG7	0	unassigned	melanogaster	D. melanogaster
A0A0B4KEH5	1	U-01	melanogaster	D. melanogaster
A0A0B4KEH8	1	U-01	melanogaster	D. melanogaster
A0A0B4KEI1	3	U-03	melanogaster	D. melanogaster
A0A0B4KEI5	1	U-01	melanogaster	D. melanogaster
A0A0B4KEI8	1	U-01	melanogaster	D. melanogaster
A0A0B4KEJ1	3	U-03	melanogaster	D. melanogaster
A0ACM8PZ18	1	U-01	melanogaster	D. melanogaster
A0ACM8PZ27	1	U-01	melanogaster	D. melanogaster
A0ACM8PZ60	1	U-01	melanogaster	D. melanogaster
A0ACM8PZ64	3	U-03	melanogaster	D. melanogaster
A0ACM8PZ70	1	U-01	melanogaster	D. melanogaster
A0ACM8PZ77	0	unassigned	melanogaster	D. melanogaster
A0ACM8PZ92	0	unassigned	melanogaster	D. melanogaster
A0ACM8PZ93	0	unassigned	melanogaster	D. melanogaster
A0ACM8PZ94	1	U-01	melanogaster	D. melanogaster
A0ACM8PZB2	3	U-03	melanogaster	D. melanogaster
A0ACM8PZC0	1	U-01	melanogaster	D. melanogaster
A0ACM8PZC4	1	U-01	melanogaster	D. melanogaster
A0ACM8PZC6	1	U-01	melanogaster	D. melanogaster
A0ACM8Q165	1	U-01	melanogaster	D. melanogaster
A0ACM8Q176	2	U-02	melanogaster	D. melanogaster
A0ACM8Q2F4	0	unassigned	melanogaster	D. melanogaster
A0ACM8Q2F8	1	U-01	melanogaster	D. melanogaster
A0ACM8Q2G3	0	unassigned	melanogaster	D. melanogaster
A0ACM8Q2G5	1	U-01	melanogaster	D. melanogaster
A0ACM8Q420	1	U-01	melanogaster	D. melanogaster
A0ACM8Q422	2	U-02	melanogaster	D. melanogaster
A0ACM8Q597	1	U-01	melanogaster	D. melanogaster
A0ACM8Q6D9	1	U-01	melanogaster	D. melanogaster
A0ACM8Q6Z5	0	unassigned	melanogaster	D. melanogaster
A0ACM8Q7N2	1	U-01	melanogaster	D. melanogaster
A0ACM8Q7N9	2	U-02	melanogaster	D. melanogaster
A0ACM8Q800	2	U-02	melanogaster	D. melanogaster
A0ACM8Q8H9	3	U-03	melanogaster	D. melanogaster
A0ACM8Q8I0	2	U-02	melanogaster	D. melanogaster
A0ACM8QAR4	3	U-03	melanogaster	D. melanogaster
A0ACM8QB62	1	U-01	melanogaster	D. melanogaster
A0ACM8QBT9	0	unassigned	melanogaster	D. melanogaster
A0ACM8QCN6	1	U-01	melanogaster	D. melanogaster
A0ZWY4	1	U-01	melanogaster	D. melanogaster
A1A708	1	U-01	melanogaster	D. melanogaster
A1Z6D6	0	unassigned	melanogaster	D. melanogaster
A1Z6E3	1	U-01	melanogaster	D. melanogaster
A1Z6E6	1	U-01	melanogaster	D. melanogaster
A1Z6E7	1	U-01	melanogaster	D. melanogaster
A1Z6E8	1	U-01	melanogaster	D. melanogaster
A1Z6F0	1	U-01	melanogaster	D. melanogaster
A1Z6F9	1	U-01	melanogaster	D. melanogaster
A1Z6G1	0	unassigned	melanogaster	D. melanogaster
A1Z6G6	1	U-01	melanogaster	D. melanogaster
A1Z6H4	1	U-01	melanogaster	D. melanogaster
A1Z6H5	1	U-01	melanogaster	D. melanogaster
A1Z6H6	1	U-01	melanogaster	D. melanogaster
A1Z6I3	1	U-01	melanogaster	D. melanogaster
A1Z6I6	3	U-03	melanogaster	D. melanogaster
A1Z6K3	2	U-02	melanogaster	D. melanogaster
A1Z6K5	3	U-03	melanogaster	D. melanogaster
A1Z6L0	1	U-01	melanogaster	D. melanogaster
A1Z6M1	1	U-01	melanogaster	D. melanogaster
A1Z6M3	0	unassigned	melanogaster	D. melanogaster
A1Z6M4	1	U-01	melanogaster	D. melanogaster
A1Z6N9	3	U-03	melanogaster	D. melanogaster
A1Z6P2	0	unassigned	melanogaster	D. melanogaster
A1Z6P7	1	U-01	melanogaster	D. melanogaster
A1Z6Q5	0	unassigned	melanogaster	D. melanogaster
A1Z6Q7	0	unassigned	melanogaster	D. melanogaster
A1Z6R0	0	unassigned	melanogaster	D. melanogaster
M9PBI0	2	U-02	melanogaster	D. melanogaster
M9PBI8	1	U-01	melanogaster	D. melanogaster
M9PBK6	0	unassigned	melanogaster	D. melanogaster
M9PBK8	1	U-01	melanogaster	D. melanogaster
M9PBM2	1	U-01	melanogaster	D. melanogaster
M9PBM9	1	U-01	melanogaster	D. melanogaster
M9PBN3	1	U-01	melanogaster	D. melanogaster
M9PBN8	1	U-01	melanogaster	D. melanogaster
M9PBT0	1	U-01	melanogaster	D. melanogaster
M9PBU4	1	U-01	melanogaster	D. melanogaster
M9PBV6	1	U-01	melanogaster	D. melanogaster
M9PBV9	1	U-01	melanogaster	D. melanogaster
M9PBW8	1	U-01	melanogaster	D. melanogaster
M9PBX6	1	U-01	melanogaster	D. melanogaster
M9PBY0	1	U-01	melanogaster	D. melanogaster
M9PBZ7	1	U-01	melanogaster	D. melanogaster
M9PC09	1	U-01	melanogaster	D. melanogaster
M9PC26	1	U-01	melanogaster	D. melanogaster
M9PC37	0	unassigned	melanogaster	D. melanogaster
M9PC42	1	U-01	melanogaster	D. melanogaster
M9PC52	1	U-01	melanogaster	D. melanogaster
M9PC53	1	U-01	melanogaster	D. melanogaster
M9PC61	2	U-02	melanogaster	D. melanogaster
M9PC63	1	U-01	melanogaster	D. melanogaster
M9PC71	1	U-01	melanogaster	D. melanogaster
M9PC82	1	U-01	melanogaster	D. melanogaster
M9PC87	3	U-03	melanogaster	D. melanogaster
M9PC96	1	U-01	melanogaster	D. melanogaster
M9PCB0	1	U-01	melanogaster	D. melanogaster
M9PCB8	1	U-01	melanogaster	D. melanogaster
M9PCB9	1	U-01	melanogaster	D. melanogaster
M9PCC2	1	U-01	melanogaster	D. melanogaster
M9PCC8	1	U-01	melanogaster	D. melanogaster
M9PCC9	1	U-01	melanogaster	D. melanogaster
M9PCD3	1	U-01	melanogaster	D. melanogaster
M9PCD6	1	U-01	melanogaster	D. melanogaster
M9PCE1	0	unassigned	melanogaster	D. melanogaster
M9PCE3	0	unassigned	melanogaster	D. melanogaster
M9PCG6	2	U-02	melanogaster	D. melanogaster
M9PCH5	1	U-01	melanogaster	D. melanogaster
M9PCH7	1	U-01	melanogaster	D. melanogaster
M9PCH8	1	U-01	melanogaster	D. melanogaster
M9PCI3	2	U-02	melanogaster	D. melanogaster
M9PCI9	1	U-01	melanogaster	D. melanogaster
M9PCK1	1	U-01	melanogaster	D. melanogaster
M9PCK4	1	U-01	melanogaster	D. melanogaster
M9PCL5	1	U-01	melanogaster	D. melanogaster
M9PCM0	2	U-02	melanogaster	D. melanogaster
M9PCM2	1	U-01	melanogaster	D. melanogaster
M9PCN2	1	U-01	melanogaster	D. melanogaster
M9PCR0	1	U-01	melanogaster	D. melanogaster
M9PCR1	1	U-01	melanogaster	D. melanogaster
M9PCR4	1	U-01	melanogaster	D. melanogaster
M9PCS5	0	unassigned	melanogaster	D. melanogaster
M9PCS7	1	U-01	melanogaster	D. melanogaster
M9PCS8	1	U-01	melanogaster	D. melanogaster
M9PCT0	3	U-03	melanogaster	D. melanogaster
M9PCT6	1	U-01	melanogaster	D. melanogaster
M9PCT9	1	U-01	melanogaster	D. melanogaster
M9PCU3	1	U-01	melanogaster	D. melanogaster
M9PCV0	1	U-01	melanogaster	D. melanogaster
M9PCW1	1	U-01	melanogaster	D. melanogaster
M9PCW4	1	U-01	melanogaster	D. melanogaster
M9PCY6	1	U-01	melanogaster	D. melanogaster
M9PCY7	1	U-01	melanogaster	D. melanogaster
M9PCZ2	1	U-01	melanogaster	D. melanogaster
M9PCZ4	1	U-01	melanogaster	D. melanogaster
M9PCZ8	0	unassigned	melanogaster	D. melanogaster
M9PD01	3	U-03	melanogaster	D. melanogaster
M9PD03	1	U-01	melanogaster	D. melanogaster
M9PD14	1	U-01	melanogaster	D. melanogaster
M9PD20	1	U-01	melanogaster	D. melanogaster
M9PD24	2	U-02	melanogaster	D. melanogaster
M9PD37	0	unassigned	melanogaster	D. melanogaster
M9PD43	1	U-01	melanogaster	D. melanogaster
M9PD55	0	unassigned	melanogaster	D. melanogaster
M9PD58	2	U-02	melanogaster	D. melanogaster
M9PD66	1	U-01	melanogaster	D. melanogaster
M9PD79	1	U-01	melanogaster	D. melanogaster
M9PI97	1	U-01	melanogaster	D. melanogaster
M9PIA7	3	U-03	melanogaster	D. melanogaster
M9PID3	1	U-01	melanogaster	D. melanogaster
M9PID5	1	U-01	melanogaster	D. melanogaster
M9PIF1	1	U-01	melanogaster	D. melanogaster
M9PIG0	1	U-01	melanogaster	D. melanogaster
M9PIK6	0	unassigned	melanogaster	D. melanogaster
M9PIM3	2	U-02	melanogaster	D. melanogaster
M9PIM6	1	U-01	melanogaster	D. melanogaster
M9PIW5	1	U-01	melanogaster	D. melanogaster
M9PIY5	1	U-01	melanogaster	D. melanogaster
M9PJ39	1	U-01	melanogaster	D. melanogaster
M9PJG5	1	U-01	melanogaster	D. melanogaster
M9PJH6	3	U-03	melanogaster	D. melanogaster
M9PJJ5	1	U-01	melanogaster	D. melanogaster
M9PJN6	1	U-01	melanogaster	D. melanogaster
M9PJP0	1	U-01	melanogaster	D. melanogaster
M9PJP8	1	U-01	melanogaster	D. melanogaster
M9PJR1	1	U-01	melanogaster	D. melanogaster
N1NVF4	1	U-01	melanogaster	D. melanogaster
O46070	1	U-01	melanogaster	D. melanogaster
M9PCF1	3	U-03	melanogaster	D. melanogaster
M9PCF6	1	U-01	melanogaster	D. melanogaster
M9PCJ7	1	U-01	melanogaster	D. melanogaster
M9PCL9	1	U-01	melanogaster	D. melanogaster
M9PCQ1	1	U-01	melanogaster	D. melanogaster
M9PCU0	1	U-01	melanogaster	D. melanogaster
M9PCX3	0	unassigned	melanogaster	D. melanogaster
M9PCY3	0	unassigned	melanogaster	D. melanogaster
M9PD06	1	U-01	melanogaster	D. melanogaster
M9PD22	1	U-01	melanogaster	D. melanogaster
M9PD49	1	U-01	melanogaster	D. melanogaster
M9PD54	3	U-03	melanogaster	D. melanogaster
M9PD76	0	unassigned	melanogaster	D. melanogaster
M9PD84	1	U-01	melanogaster	D. melanogaster
M9PD87	0	unassigned	melanogaster	D. melanogaster
M9PD94	0	unassigned	melanogaster	D. melanogaster
M9PDC9	0	unassigned	melanogaster	D. melanogaster
M9PDF7	0	unassigned	melanogaster	D. melanogaster
M9PDH1	1	U-01	melanogaster	D. melanogaster
M9PDR2	1	U-01	melanogaster	D. melanogaster
M9PDR3	0	unassigned	melanogaster	D. melanogaster
M9PDU8	3	U-03	melanogaster	D. melanogaster
M9PDY5	0	unassigned	melanogaster	D. melanogaster
M9PDZ5	1	U-01	melanogaster	D. melanogaster
M9PE02	1	U-01	melanogaster	D. melanogaster
M9PE12	1	U-01	melanogaster	D. melanogaster
M9PE19	1	U-01	melanogaster	D. melanogaster
M9PE32	1	U-01	melanogaster	D. melanogaster
M9PE40	1	U-01	melanogaster	D. melanogaster
M9PE54	1	U-01	melanogaster	D. melanogaster
M9PE55	0	unassigned	melanogaster	D. melanogaster
M9PED5	0	unassigned	melanogaster	D. melanogaster
M9PEG0	0	unassigned	melanogaster	D. melanogaster
M9PEK9	2	U-02	melanogaster	D. melanogaster
M9PEL4	3	U-03	melanogaster	D. melanogaster
M9PEL6	1	U-01	melanogaster	D. melanogaster
M9PEP3	1	U-01	melanogaster	D. melanogaster
M9PES1	1	U-01	melanogaster	D. melanogaster
M9PET3	1	U-01	melanogaster	D. melanogaster
M9PET9	1	U-01	melanogaster	D. melanogaster
M9PEV8	3	U-03	melanogaster	D. melanogaster
M9PEX1	1	U-01	melanogaster	D. melanogaster
M9PEX4	1	U-01	melanogaster	D. melanogaster
M9PEY7	1	U-01	melanogaster	D. melanogaster
M9PF12	1	U-01	melanogaster	D. melanogaster
M9PF14	1	U-01	melanogaster	D. melanogaster
M9PF42	1	U-01	melanogaster	D. melanogaster
M9PF56	1	U-01	melanogaster	D. melanogaster
M9PF79	1	U-01	melanogaster	D. melanogaster
M9PFB2	1	U-01	melanogaster	D. melanogaster
M9PFD8	0	unassigned	melanogaster	D. melanogaster
M9PFE3	1	U-01	melanogaster	D. melanogaster
M9PFF9	1	U-01	melanogaster	D. melanogaster
M9PFG3	1	U-01	melanogaster	D. melanogaster
M9PFI0	1	U-01	melanogaster	D. melanogaster
M9PFK2	1	U-01	melanogaster	D. melanogaster
M9PFL2	1	U-01	melanogaster	D. melanogaster
Q8IPK0	1	U-01	melanogaster	D. melanogaster
Q8IPN8	1	U-01	melanogaster	D. melanogaster
Q8IPN9	1	U-01	melanogaster	D. melanogaster
Q8IPY3	1	U-01	melanogaster	D. melanogaster
Q8IPZ1	0	unassigned	melanogaster	D. melanogaster
Q8IPZ2	0	unassigned	melanogaster	D. melanogaster
Q8IQ79	2	U-02	melanogaster	D. melanogaster
Q8IQ98	1	U-01	melanogaster	D. melanogaster
Q8IQ99	1	U-01	melanogaster	D. melanogaster
Q8IQA2	1	U-01	melanogaster	D. melanogaster
Q8IQB8	2	U-02	melanogaster	D. melanogaster
Q8IQC5	1	U-01	melanogaster	D. melanogaster
Q8IQH0	2	U-02	melanogaster	D. melanogaster
Q8IQR5	1	U-01	melanogaster	D. melanogaster
Q8IQS9	3	U-03	melanogaster	D. melanogaster
Q8IQV9	1	U-01	melanogaster	D. melanogaster
Q8IR39	1	U-01	melanogaster	D. melanogaster
Q8IR48	3	U-03	melanogaster	D. melanogaster
Q8IRH4	1	U-01	melanogaster	D. melanogaster
Q8IRM6	1	U-01	melanogaster	D. melanogaster
Q8IRM7	1	U-01	melanogaster	D. melanogaster
Q8IRR5	1	U-01	melanogaster	D. melanogaster
Q8IRS0	2	U-02	melanogaster	D. melanogaster
Q8MLQ0	1	U-01	melanogaster	D. melanogaster
Q8MLQ5	3	U-03	melanogaster	D. melanogaster
Q8MLT6	1	U-01	melanogaster	D. melanogaster
Q8MLW8	2	U-02	melanogaster	D. melanogaster
Q8MR31	1	U-01	melanogaster	D. melanogaster
Q8MR37	1	U-01	melanogaster	D. melanogaster
Q8MSG8	1	U-01	melanogaster	D. melanogaster
Q8MSU3	2	U-02	melanogaster	D. melanogaster
Q8MSW4	1	U-01	melanogaster	D. melanogaster
Q8SWR2	0	unassigned	melanogaster	D. melanogaster
Q8SWR3	3	U-03	melanogaster	D. melanogaster
Q8SXD4	1	U-01	melanogaster	D. melanogaster
Q8SYG2	1	U-01	melanogaster	D. melanogaster
Q8SYK4	1	U-01	melanogaster	D. melanogaster
Q8SZ63	0	unassigned	melanogaster	D. melanogaster
Q8SZA8	1	U-01	melanogaster	D. melanogaster
Q8T0R7	2	U-02	melanogaster	D. melanogaster
Q8T3L6	1	U-01	melanogaster	D. melanogaster
Q8T3X9	1	U-01	melanogaster	D. melanogaster
Q8T8S1	1	U-01	melanogaster	D. melanogaster
Q8IRL5	1	U-01	melanogaster	D. melanogaster
Q8IRM1	1	U-01	melanogaster	D. melanogaster
Q8IRM2	2	U-02	melanogaster	D. melanogaster
Q8IRM9	0	unassigned	melanogaster	D. melanogaster
Q8IRN0	1	U-01	melanogaster	D. melanogaster
Q8IRQ5	1	U-01	melanogaster	D. melanogaster
Q8IRQ6	1	U-01	melanogaster	D. melanogaster
Q8IRR0	1	U-01	melanogaster	D. melanogaster
Q8IRR2	1	U-01	melanogaster	D. melanogaster
Q8IRT1	3	U-03	melanogaster	D. melanogaster
Q8IRT6	1	U-01	melanogaster	D. melanogaster
Q8IRU1	3	U-03	melanogaster	D. melanogaster
Q8IRV4	1	U-01	melanogaster	D. melanogaster
Q8IRZ0	2	U-02	melanogaster	D. melanogaster
Q8IRZ3	1	U-01	melanogaster	D. melanogaster
Q8MKJ4	2	U-02	melanogaster	D. melanogaster
Q8MKK0	2	U-02	melanogaster	D. melanogaster
Q8MLN5	0	unassigned	melanogaster	D. melanogaster
Q8MLN7	0	unassigned	melanogaster	D. melanogaster
Q8MLP8	1	U-01	melanogaster	D. melanogaster
Q8MLQ3	1	U-01	melanogaster	D. melanogaster
Q8MLQ7	3	U-03	melanogaster	D. melanogaster
Q8MLQ8	3	U-03	melanogaster	D. melanogaster
Q8MLR6	2	U-02	melanogaster	D. melanogaster
Q8MLS1	1	U-01	melanogaster	D. melanogaster
Q8MLV3	1	U-01	melanogaster	D. melanogaster
Q8MLV6	1	U-01	melanogaster	D. melanogaster
Q8MLW4	1	U-01	melanogaster	D. melanogaster
Q8MMC4	1	U-01	melanogaster	D. melanogaster
Q8MMC6	1	U-01	melanogaster	D. melanogaster
Q8MMD0	1	U-01	melanogaster	D. melanogaster
Q8MMD6	3	U-03	melanogaster	D. melanogaster
Q8MMD7	1	U-01	melanogaster	D. melanogaster
Q8MME0	1	U-01	melanogaster	D. melanogaster
Q8MME9	1	U-01	melanogaster	D. melanogaster
Q8MQI6	1	U-01	melanogaster	D. melanogaster
Q8MRQ4	3	U-03	melanogaster	D. melanogaster
Q8MS27	1	U-01	melanogaster	D. melanogaster
Q8SXT3	2	U-02	melanogaster	D. melanogaster
Q8SXX4	1	U-01	melanogaster	D. melanogaster
Q8SY72	1	U-01	melanogaster	D. melanogaster
Q8SY96	1	U-01	melanogaster	D. melanogaster
Q8SYS7	1	U-01	melanogaster	D. melanogaster
Q8T088	1	U-01	melanogaster	D. melanogaster
Q94913	1	U-01	melanogaster	D. melanogaster
Q94915	1	U-01	melanogaster	D. melanogaster
Q95RN0	1	U-01	melanogaster	D. melanogaster
Q95SK3	1	U-01	melanogaster	D. melanogaster
Q95TN1	1	U-01	melanogaster	D. melanogaster
Q9GQN0	1	U-01	melanogaster	D. melanogaster
Q9I7C6	0	unassigned	melanogaster	D. melanogaster
Q9VF72	1	U-01	melanogaster	D. melanogaster
Q9VF73	0	unassigned	melanogaster	D. melanogaster
Q9VF86	1	U-01	melanogaster	D. melanogaster
Q9VF89	1	U-01	melanogaster	D. melanogaster
Q9VF92	1	U-01	melanogaster	D. melanogaster
Q9VF93	1	U-01	melanogaster	D. melanogaster
Q9VF98	3	U-03	melanogaster	D. melanogaster
Q9VFA2	3	U-03	melanogaster	D. melanogaster
Q9VFA8	1	U-01	melanogaster	D. melanogaster
Q9VFB2	1	U-01	melanogaster	D. melanogaster
Q9VFB6	1	U-01	melanogaster	D. melanogaster
Q9VFB9	0	unassigned	melanogaster	D. melanogaster
Q9VFC1	2	U-02	melanogaster	D. melanogaster
Q9VFC7	0	unassigned	melanogaster	D. melanogaster
Q9VFD3	1	U-01	melanogaster	D. melanogaster
Q9VFD6	2	U-02	melanogaster	D. melanogaster
Q9VFE0	1	U-01	melanogaster	D. melanogaster
Q9VFE6	1	U-01	melanogaster	D. melanogaster
Q9VFE8	1	U-01	melanogaster	D. melanogaster
Q9VFE9	1	U-01	melanogaster	D. melanogaster
Q9VFG0	3	U-03	melanogaster	D. melanogaster
Q9VFG4	1	U-01	melanogaster	D. melanogaster
Q9VFG7	3	U-03	melanogaster	D. melanogaster
Q9VFH2	1	U-01	melanogaster	D. melanogaster
Q9VFH4	1	U-01	melanogaster	D. melanogaster
Q9VFH6	1	U-01	melanogaster	D. melanogaster
Q9VFJ0	0	unassigned	melanogaster	D. melanogaster
Q9VFJ1	1	U-01	melanogaster	D. melanogaster
Q9VFK4	1	U-01	melanogaster	D. melanogaster
Q9VFM4	1	U-01	melanogaster	D. melanogaster
Q9VFN5	1	U-01	melanogaster	D. melanogaster
Q9VFN9	1	U-01	melanogaster	D. melanogaster
Q9VFP0	1	U-01	melanogaster	D. melanogaster
Q9VFP1	0	unassigned	melanogaster	D. melanogaster
Q9VFP5	1	U-01	melanogaster	D. melanogaster
Q9VFP6	1	U-01	melanogaster	D. melanogaster
Q9VFP8	1	U-01	melanogaster	D. melanogaster
Q9VFQ3	1	U-01	melanogaster	D. melanogaster
Q9VFQ4	0	unassigned	melanogaster	D. melanogaster
Q9VFQ9	1	U-01	melanogaster	D. melanogaster
Q9VFR2	1	U-01	melanogaster	D. melanogaster
Q9VFS4	1	U-01	melanogaster	D. melanogaster
Q9VFU0	1	U-01	melanogaster	D. melanogaster
Q9VFV0	0	unassigned	melanogaster	D. melanogaster
Q9VFV9	1	U-01	melanogaster	D. melanogaster
Q9VFX2	1	U-01	melanogaster	D. melanogaster
Q9VFX5	3	U-03	melanogaster	D. melanogaster
Q9VFX6	1	U-01	melanogaster	D. melanogaster
Q9VFX8	1	U-01	melanogaster	D. melanogaster
A1ZBT4	1	U-01	melanogaster	D. melanogaster
A1ZBT6	1	U-01	melanogaster	D. melanogaster
A1ZBT7	1	U-01	melanogaster	D. melanogaster
A1ZBT8	1	U-01	melanogaster	D. melanogaster
A1ZBT9	1	U-01	melanogaster	D. melanogaster
A1ZBU0	1	U-01	melanogaster	D. melanogaster
A1ZBU6	1	U-01	melanogaster	D. melanogaster
A1ZBU7	1	U-01	melanogaster	D. melanogaster
A1ZBV0	1	U-01	melanogaster	D. melanogaster
A1ZBV1	1	U-01	melanogaster	D. melanogaster
A1ZBV3	1	U-01	melanogaster	D. melanogaster
A1ZBV9	1	U-01	melanogaster	D. melanogaster
A1ZBW6	1	U-01	melanogaster	D. melanogaster
A1ZBX9	0	unassigned	melanogaster	D. melanogaster
A1ZBY2	1	U-01	melanogaster	D. melanogaster
A1ZBY5	1	U-01	melanogaster	D. melanogaster
A4UZ98	1	U-01	melanogaster	D. melanogaster
A4UZF6	1	U-01	melanogaster	D. melanogaster
M9PD91	0	unassigned	melanogaster	D. melanogaster
M9PD96	1	U-01	melanogaster	D. melanogaster
M9PDA5	0	unassigned	melanogaster	D. melanogaster
M9PDB7	1	U-01	melanogaster	D. melanogaster
M9PDC1	1	U-01	melanogaster	D. melanogaster
M9PDC4	1	U-01	melanogaster	D. melanogaster
M9PDC8	1	U-01	melanogaster	D. melanogaster
M9PDD2	1	U-01	melanogaster	D. melanogaster
M9PDE1	1	U-01	melanogaster	D. melanogaster
M9PDE2	1	U-01	melanogaster	D. melanogaster
M9PDH8	1	U-01	melanogaster	D. melanogaster
M9PDI2	1	U-01	melanogaster	D. melanogaster
M9PDI7	3	U-03	melanogaster	D. melanogaster
M9PDK1	1	U-01	melanogaster	D. melanogaster
M9PDK6	1	U-01	melanogaster	D. melanogaster
M9PDL3	1	U-01	melanogaster	D. melanogaster
M9PDL5	1	U-01	melanogaster	D. melanogaster
M9PDN0	2	U-02	melanogaster	D. melanogaster
M9PDN3	1	U-01	melanogaster	D. melanogaster
M9PDN5	1	U-01	melanogaster	D. melanogaster
M9PDQ9	1	U-01	melanogaster	D. melanogaster
M9PDS0	1	U-01	melanogaster	D. melanogaster
M9PDW9	1	U-01	melanogaster	D. melanogaster
M9PDX2	1	U-01	melanogaster	D. melanogaster
M9PDX3	1	U-01	melanogaster	D. melanogaster
M9PDX4	1	U-01	melanogaster	D. melanogaster
M9PDX7	1	U-01	melanogaster	D. melanogaster
M9PDY1	0	unassigned	melanogaster	D. melanogaster
M9PE05	1	U-01	melanogaster	D. melanogaster
M9PE13	1	U-01	melanogaster	D. melanogaster
M9PE17	1	U-01	melanogaster	D. melanogaster
M9PE29	1	U-01	melanogaster	D. melanogaster
M9PE61	1	U-01	melanogaster	D. melanogaster
M9PE63	0	unassigned	melanogaster	D. melanogaster
M9PE69	0	unassigned	melanogaster	D. melanogaster
M9PE82	1	U-01	melanogaster	D. melanogaster
M9PE95	1	U-01	melanogaster	D. melanogaster
M9PE96	1	U-01	melanogaster	D. melanogaster
M9PEA1	1	U-01	melanogaster	D. melanogaster
M9PEA4	1	U-01	melanogaster	D. melanogaster
M9PEA7	1	U-01	melanogaster	D. melanogaster
M9PEB0	1	U-01	melanogaster	D. melanogaster
M9PEB1	1	U-01	melanogaster	D. melanogaster
M9PEB9	0	unassigned	melanogaster	D. melanogaster
M9PED1	1	U-01	melanogaster	D. melanogaster
M9PED4	1	U-01	melanogaster	D. melanogaster
M9PED9	1	U-01	melanogaster	D. melanogaster
M9PEE5	1	U-01	melanogaster	D. melanogaster
M9PEE6	3	U-03	melanogaster	D. melanogaster
M9PEF0	1	U-01	melanogaster	D. melanogaster
M9PEG1	1	U-01	melanogaster	D. melanogaster
M9PEG2	3	U-03	melanogaster	D. melanogaster
M9PEG4	1	U-01	melanogaster	D. melanogaster
M9PEG8	1	U-01	melanogaster	D. melanogaster
M9PEH1	1	U-01	melanogaster	D. melanogaster
M9PEI3	1	U-01	melanogaster	D. melanogaster
M9PEJ0	2	U-02	melanogaster	D. melanogaster
M9PEJ6	1	U-01	melanogaster	D. melanogaster
M9PEK4	1	U-01	melanogaster	D. melanogaster
M9PEL5	1	U-01	melanogaster	D. melanogaster
M9PEN6	1	U-01	melanogaster	D. melanogaster
M9PEN9	1	U-01	melanogaster	D. melanogaster
M9PEP4	1	U-01	melanogaster	D. melanogaster
M9PER3	1	U-01	melanogaster	D. melanogaster
M9PES3	2	U-02	melanogaster	D. melanogaster
M9PET5	3	U-03	melanogaster	D. melanogaster
M9PET7	1	U-01	melanogaster	D. melanogaster
M9PEU2	1	U-01	melanogaster	D. melanogaster
M9PEV5	3	U-03	melanogaster	D. melanogaster
M9PEV6	1	U-01	melanogaster	D. melanogaster
M9PEW2	1	U-01	melanogaster	D. melanogaster
M9PEW8	1	U-01	melanogaster	D. melanogaster
M9PEY2	1	U-01	melanogaster	D. melanogaster
M9PEY3	1	U-01	melanogaster	D. melanogaster
M9PEY8	1	U-01	melanogaster	D. melanogaster
M9PEY9	1	U-01	melanogaster	D. melanogaster
M9PEZ0	1	U-01	melanogaster	D. melanogaster
M9PEZ3	1	U-01	melanogaster	D. melanogaster
M9PEZ7	1	U-01	melanogaster	D. melanogaster
M9PF07	1	U-01	melanogaster	D. melanogaster
M9PF08	1	U-01	melanogaster	D. melanogaster
M9PF23	1	U-01	melanogaster	D. melanogaster
O02649	1	U-01	melanogaster	D. melanogaster
O16043	0	unassigned	melanogaster	D. melanogaster
O16129	1	U-01	melanogaster	D. melanogaster
O16797	1	U-01	melanogaster	D. melanogaster
O16810	1	U-01	melanogaster	D. melanogaster
O18408	2	U-02	melanogaster	D. melanogaster
O46048	1	U-01	melanogaster	D. melanogaster
O46077	0	unassigned	melanogaster	D. melanogaster
O46098	1	U-01	melanogaster	D. melanogaster
O46101	3	U-03	melanogaster	D. melanogaster
O46197	2	U-02	melanogaster	D. melanogaster
O46308	1	U-01	melanogaster	D. melanogaster
O61305	1	U-01	melanogaster	D. melanogaster
O61380	1	U-01	melanogaster	D. melanogaster
O61613	1	U-01	melanogaster	D. melanogaster
O62526	3	U-03	melanogaster	D. melanogaster
O62530	1	U-01	melanogaster	D. melanogaster
O76464	1	U-01	melanogaster	D. melanogaster
O76513	1	U-01	melanogaster	D. melanogaster
O76521	1	U-01	melanogaster	D. melanogaster
O76865	3	U-03	melanogaster	D. melanogaster
O76876	1	U-01	melanogaster	D. melanogaster
O76892	1	U-01	melanogaster	D. melanogaster
O76901	1	U-01	melanogaster	D. melanogaster
O76904	2	U-02	melanogaster	D. melanogaster
O76928	1	U-01	melanogaster	D. melanogaster
O77425	1	U-01	melanogaster	D. melanogaster
O77438	3	U-03	melanogaster	D. melanogaster
O96692	1	U-01	melanogaster	D. melanogaster
O96880	1	U-01	melanogaster	D. melanogaster
O97066	3	U-03	melanogaster	D. melanogaster
O97132	3	U-03	melanogaster	D. melanogaster
Q9VC94	1	U-01	melanogaster	D. melanogaster
Q9VC96	1	U-01	melanogaster	D. melanogaster
Q9VC99	1	U-01	melanogaster	D. melanogaster
Q9VCA5	1	U-01	melanogaster	D. melanogaster
Q9VCB8	1	U-01	melanogaster	D. melanogaster
Q9VCE0	1	U-01	melanogaster	D. melanogaster
Q9VCJ4	2	U-02	melanogaster	D. melanogaster
Q9VCK0	1	U-01	melanogaster	D. melanogaster
Q9VCK1	2	U-02	melanogaster	D. melanogaster
Q9VCN6	1	U-01	melanogaster	D. melanogaster
Q9VCQ0	1	U-01	melanogaster	D. melanogaster
Q9VCS7	3	U-03	melanogaster	D. melanogaster
Q9VCS8	0	unassigned	melanogaster	D. melanogaster
Q9VCU6	1	U-01	melanogaster	D. melanogaster
Q9VCW0	1	U-01	melanogaster	D. melanogaster
Q9VCW2	2	U-02	melanogaster	D. melanogaster
Q9VCW7	1	U-01	melanogaster	D. melanogaster
Q9VD72	1	U-01	melanogaster	D. melanogaster
Q9VD76	0	unassigned	melanogaster	D. melanogaster
Q9VDA2	1	U-01	melanogaster	D. melanogaster
Q9VDC4	3	U-03	melanogaster	D. melanogaster
Q9VDC9	1	U-01	melanogaster	D. melanogaster
Q9VDE5	1	U-01	melanogaster	D. melanogaster
Q9VDH4	1	U-01	melanogaster	D. melanogaster
Q9VDH6	2	U-02	melanogaster	D. melanogaster
Q9VDK5	1	U-01	melanogaster	D. melanogaster
Q9VDK6	1	U-01	melanogaster	D. melanogaster
Q9VDL7	3	U-03	melanogaster	D. melanogaster
Q9VDR1	1	U-01	melanogaster	D. melanogaster
Q9VDR6	2	U-02	melanogaster	D. melanogaster
Q9VDS3	0	unassigned	melanogaster	D. melanogaster
Q9VDT6	1	U-01	melanogaster	D. melanogaster
Q9VDU7	1	U-01	melanogaster	D. melanogaster
Q9VDV3	1	U-01	melanogaster	D. melanogaster
Q9VDW7	1	U-01	melanogaster	D. melanogaster
Q9VE00	0	unassigned	melanogaster	D. melanogaster
Q9VE04	1	U-01	melanogaster	D. melanogaster
Q9VE17	1	U-01	melanogaster	D. melanogaster
Q9VE18	1	U-01	melanogaster	D. melanogaster
Q9VE34	1	U-01	melanogaster	D. melanogaster
Q9VE50	1	U-01	melanogaster	D. melanogaster
Q9VE51	1	U-01	melanogaster	D. melanogaster
Q9VE91	1	U-01	melanogaster	D. melanogaster
Q9VEA1	1	U-01	melanogaster	D. melanogaster
Q9VEB4	1	U-01	melanogaster	D. melanogaster
Q9VEB9	1	U-01	melanogaster	D. melanogaster
Q9VEC5	1	U-01	melanogaster	D. melanogaster
Q9VED3	1	U-01	melanogaster	D. melanogaster
Q9VEE5	1	U-01	melanogaster	D. melanogaster
Q9VEG4	0	unassigned	melanogaster	D. melanogaster
Q9VEG5	1	U-01	melanogaster	D. melanogaster
Q9VEL2	1	U-01	melanogaster	D. melanogaster
Q9VEN3	0	unassigned	melanogaster	D. melanogaster
Q9VEN5	1	U-01	melanogaster	D. melanogaster
Q9VEN9	1	U-01	melanogaster	D. melanogaster
Q9VEP9	0	unassigned	melanogaster	D. melanogaster
Q9VEV1	1	U-01	melanogaster	D. melanogaster
Q9VF04	1	U-01	melanogaster	D. melanogaster
Q9VF10	1	U-01	melanogaster	D. melanogaster
Q9VF17	1	U-01	melanogaster	D. melanogaster
Q9VF25	1	U-01	melanogaster	D. melanogaster
Q9VF53	1	U-01	melanogaster	D. melanogaster
Q9VF59	1	U-01	melanogaster	D. melanogaster
Q9VF66	1	U-01	melanogaster	D. melanogaster
Q9VF80	1	U-01	melanogaster	D. melanogaster
Q9VF81	3	U-03	melanogaster	D. melanogaster
Q9VF82	1	U-01	melanogaster	D. melanogaster
Q9VF85	1	U-01	melanogaster	D. melanogaster
Q27364	1	U-01	melanogaster	D. melanogaster
Q27377	2	U-02	melanogaster	D. melanogaster
Q27411	1	U-01	melanogaster	D. melanogaster
Q27421	0	unassigned	melanogaster	D. melanogaster
Q2MGK5	1	U-01	melanogaster	D. melanogaster
Q2MGL8	0	unassigned	melanogaster	D. melanogaster
Q2MGL9	0	unassigned	melanogaster	D. melanogaster
Q2MGM0	0	unassigned	melanogaster	D. melanogaster
Q2MGM3	1	U-01	melanogaster	D. melanogaster
Q2MGM5	1	U-01	melanogaster	D. melanogaster
Q2MGN5	2	U-02	melanogaster	D. melanogaster
Q2MGP0	1	U-01	melanogaster	D. melanogaster
Q2PDM2	1	U-01	melanogaster	D. melanogaster
Q2PDP5	2	U-02	melanogaster	D. melanogaster
Q2PDP6	1	U-01	melanogaster	D. melanogaster
Q2PDQ7	2	U-02	melanogaster	D. melanogaster
Q2PDT6	0	unassigned	melanogaster	D. melanogaster
Q2PDU9	2	U-02	melanogaster	D. melanogaster
Q2PDV0	1	U-01	melanogaster	D. melanogaster
Q2PDV8	1	U-01	melanogaster	D. melanogaster
Q2PDV9	1	U-01	melanogaster	D. melanogaster
Q2PDW1	2	U-02	melanogaster	D. melanogaster
Q2PDW5	2	U-02	melanogaster	D. melanogaster
Q2PDX0	0	unassigned	melanogaster	D. melanogaster
Q2PDX1	0	unassigned	melanogaster	D. melanogaster
Q2PDY3	3	U-03	melanogaster	D. melanogaster
Q2PDY6	2	U-02	melanogaster	D. melanogaster
Q2PDY7	2	U-02	melanogaster	D. melanogaster
Q2PDY8	2	U-02	melanogaster	D. melanogaster
Q2PDZ4	2	U-02	melanogaster	D. melanogaster
Q2PDZ5	1	U-01	melanogaster	D. melanogaster
Q2PE02	1	U-01	melanogaster	D. melanogaster
Q2PE11	2	U-02	melanogaster	D. melanogaster
Q2PE16	1	U-01	melanogaster	D. melanogaster
Q2PE19	2	U-02	melanogaster	D. melanogaster
Q2PE24	1	U-01	melanogaster	D. melanogaster
Q2PE29	1	U-01	melanogaster	D. melanogaster
Q4AB30	1	U-01	melanogaster	D. melanogaster
Q4LDP7	1	U-01	melanogaster	D. melanogaster
Q4V5I9	1	U-01	melanogaster	D. melanogaster
Q59DP3	1	U-01	melanogaster	D. melanogaster
Q59DP4	1	U-01	melanogaster	D. melanogaster
Q59DP6	1	U-01	melanogaster	D. melanogaster
Q59DT2	3	U-03	melanogaster	D. melanogaster
Q59DT6	1	U-01	melanogaster	D. melanogaster
Q59DV6	1	U-01	melanogaster	D. melanogaster
Q59DX0	1	U-01	melanogaster	D. melanogaster
Q59DX1	1	U-01	melanogaster	D. melanogaster
Q59DX6	2	U-02	melanogaster	D. melanogaster
Q59DY8	1	U-01	melanogaster	D. melanogaster
Q59DZ9	1	U-01	melanogaster	D. melanogaster
Q59E00	1	U-01	melanogaster	D. melanogaster
Q59E05	0	unassigned	melanogaster	D. melanogaster
Q59E08	0	unassigned	melanogaster	D. melanogaster
Q59E22	1	U-01	melanogaster	D. melanogaster
Q59E29	1	U-01	melanogaster	D. melanogaster
Q59E30	1	U-01	melanogaster	D. melanogaster
Q59E33	1	U-01	melanogaster	D. melanogaster
Q59E40	2	U-02	melanogaster	D. melanogaster
Q59E43	3	U-03	melanogaster	D. melanogaster
Q5BI42	2	U-02	melanogaster	D. melanogaster
Q5LJP5	1	U-01	melanogaster	D. melanogaster
Q5LJQ4	1	U-01	melanogaster	D. melanogaster
Q5LJR2	3	U-03	melanogaster	D. melanogaster
Q5LJT3	1	U-01	melanogaster	D. melanogaster
Q5LJU3	3	U-03	melanogaster	D. melanogaster
Q5LJU7	1	U-01	melanogaster	D. melanogaster
Q5LJU9	1	U-01	melanogaster	D. melanogaster
Q5LJV9	1	U-01	melanogaster	D. melanogaster
Q5LJX7	3	U-03	melanogaster	D. melanogaster
Q5LJY0	3	U-03	melanogaster	D. melanogaster
Q6GUR9	1	U-01	melanogaster	D. melanogaster
Q6GUT7	1	U-01	melanogaster	D. melanogaster
Q6GV06	2	U-02	melanogaster	D. melanogaster
Q6IG91	1	U-01	melanogaster	D. melanogaster
Q6IGA5	2	U-02	melanogaster	D. melanogaster
Q6IGM9	1	U-01	melanogaster	D. melanogaster
Q6IGN6	3	U-03	melanogaster	D. melanogaster
Q6IGS3	2	U-02	melanogaster	D. melanogaster
Q6IHY5	3	U-03	melanogaster	D. melanogaster
Q6II06	3	U-03	melanogaster	D. melanogaster
Q6IIA4	1	U-01	melanogaster	D. melanogaster
Q6IIF2	1	U-01	melanogaster	D. melanogaster
Q6IKI1	1	U-01	melanogaster	D. melanogaster
Q6IL46	2	U-02	melanogaster	D. melanogaster
Q9V445	2	U-02	melanogaster	D. melanogaster
Q9V449	1	U-01	melanogaster	D. melanogaster
Q9V453	1	U-01	melanogaster	D. melanogaster
Q9V474	1	U-01	melanogaster	D. melanogaster
Q9V480	1	U-01	melanogaster	D. melanogaster
Q9V481	1	U-01	melanogaster	D. melanogaster
Q9V4B8	2	U-02	melanogaster	D. melanogaster
Q9V4C1	1	U-01	melanogaster	D. melanogaster
Q9V4C2	1	U-01	melanogaster	D. melanogaster
Q9V4C6	3	U-03	melanogaster	D. melanogaster
Q9V4F3	1	U-01	melanogaster	D. melanogaster
Q9V4I0	0	unassigned	melanogaster	D. melanogaster
Q9V4I1	0	unassigned	melanogaster	D. melanogaster
Q9V4Q0	3	U-03	melanogaster	D. melanogaster
Q9V4T3	0	unassigned	melanogaster	D. melanogaster
Q4ABH6	0	unassigned	melanogaster	D. melanogaster
Q4ABH7	0	unassigned	melanogaster	D. melanogaster
Q4ABH8	0	unassigned	melanogaster	D. melanogaster
Q4ABH9	0	unassigned	melanogaster	D. melanogaster
Q4ABI0	0	unassigned	melanogaster	D. melanogaster
Q4ABI1	0	unassigned	melanogaster	D. melanogaster
Q4ABI3	0	unassigned	melanogaster	D. melanogaster
Q4ABI4	0	unassigned	melanogaster	D. melanogaster
Q4ABI5	3	U-03	melanogaster	D. melanogaster
Q4ABI6	0	unassigned	melanogaster	D. melanogaster
Q4ABI7	0	unassigned	melanogaster	D. melanogaster
Q4ABI8	0	unassigned	melanogaster	D. melanogaster
Q4ABJ0	0	unassigned	melanogaster	D. melanogaster
Q4ABJ1	0	unassigned	melanogaster	D. melanogaster
Q4ABJ2	0	unassigned	melanogaster	D. melanogaster
Q4ABJ3	0	unassigned	melanogaster	D. melanogaster
Q4ABJ4	0	unassigned	melanogaster	D. melanogaster
Q4ABJ5	0	unassigned	melanogaster	D. melanogaster
Q4ABJ6	0	unassigned	melanogaster	D. melanogaster
Q4ABJ8	0	unassigned	melanogaster	D. melanogaster
Q4ABJ9	1	U-01	melanogaster	D. melanogaster
Q4ABK1	0	unassigned	melanogaster	D. melanogaster
Q4ABK2	0	unassigned	melanogaster	D. melanogaster
Q4ABK3	1	U-01	melanogaster	D. melanogaster
Q59DT1	1	U-01	melanogaster	D. melanogaster
Q59DW1	2	U-02	melanogaster	D. melanogaster
Q59DY1	1	U-01	melanogaster	D. melanogaster
Q59DY2	1	U-01	melanogaster	D. melanogaster
Q59DY3	1	U-01	melanogaster	D. melanogaster
Q59DY4	2	U-02	melanogaster	D. melanogaster
Q59E01	1	U-01	melanogaster	D. melanogaster
Q59E06	2	U-02	melanogaster	D. melanogaster
Q59E07	1	U-01	melanogaster	D. melanogaster
Q59E32	1	U-01	melanogaster	D. melanogaster
Q59E54	0	unassigned	melanogaster	D. melanogaster
Q59E57	1	U-01	melanogaster	D. melanogaster
Q59E78	1	U-01	melanogaster	D. melanogaster
Q5LJP9	1	U-01	melanogaster	D. melanogaster
Q5LJQ3	1	U-01	melanogaster	D. melanogaster
Q5LJQ9	2	U-02	melanogaster	D. melanogaster
Q5LJR0	1	U-01	melanogaster	D. melanogaster
Q5LJT0	0	unassigned	melanogaster	D. melanogaster
Q5LJT1	1	U-01	melanogaster	D. melanogaster
Q5LJX4	1	U-01	melanogaster	D. melanogaster
Q5LJX5	1	U-01	melanogaster	D. melanogaster
Q6IG37	1	U-01	melanogaster	D. melanogaster
Q9V3C6	1	U-01	melanogaster	D. melanogaster
Q9V3D7	1	U-01	melanogaster	D. melanogaster
Q9V3E0	1	U-01	melanogaster	D. melanogaster
Q9V3G9	1	U-01	melanogaster	D. melanogaster
Q9V3H6	0	unassigned	melanogaster	D. melanogaster
Q9V3I0	2	U-02	melanogaster	D. melanogaster
Q9V3K5	0	unassigned	melanogaster	D. melanogaster
Q9V3M2	1	U-01	melanogaster	D. melanogaster
Q9V3P4	0	unassigned	melanogaster	D. melanogaster
Q9V3T7	2	U-02	melanogaster	D. melanogaster
Q9V3U5	0	unassigned	melanogaster	D. melanogaster
Q9V3U7	1	U-01	melanogaster	D. melanogaster
Q9V3V1	1	U-01	melanogaster	D. melanogaster
Q9V401	0	unassigned	melanogaster	D. melanogaster
Q9V404	1	U-01	melanogaster	D. melanogaster
Q9V451	1	U-01	melanogaster	D. melanogaster
Q9V457	1	U-01	melanogaster	D. melanogaster
Q9V458	1	U-01	melanogaster	D. melanogaster
Q9V459	1	U-01	melanogaster	D. melanogaster
Q9V493	1	U-01	melanogaster	D. melanogaster
Q9V7A7	1	U-01	melanogaster	D. melanogaster
Q9V9P2	1	U-01	melanogaster	D. melanogaster
Q9V9P6	1	U-01	melanogaster	D. melanogaster
Q9V9P7	2	U-02	melanogaster	D. melanogaster
Q9V9P8	1	U-01	melanogaster	D. melanogaster
Q9V9P9	1	U-01	melanogaster	D. melanogaster
Q9V9Q1	2	U-02	melanogaster	D. melanogaster
Q9V9R1	1	U-01	melanogaster	D. melanogaster
Q9V9T1	1	U-01	melanogaster	D. melanogaster
Q9V9U6	1	U-01	melanogaster	D. melanogaster
Q9V9V4	0	unassigned	melanogaster	D. melanogaster
Q9V9Z4	1	U-01	melanogaster	D. melanogaster
Q9V9Z5	1	U-01	melanogaster	D. melanogaster
Q9V9Z6	1	U-01	melanogaster	D. melanogaster
Q9V9Z8	1	U-01	melanogaster	D. melanogaster
Q9VA15	0	unassigned	melanogaster	D. melanogaster
Q9VA23	1	U-01	melanogaster	D. melanogaster
Q9VA24	1	U-01	melanogaster	D. melanogaster
Q9VA25	1	U-01	melanogaster	D. melanogaster
Q9VA30	1	U-01	melanogaster	D. melanogaster
Q9VA31	1	U-01	melanogaster	D. melanogaster
Q9VA34	1	U-01	melanogaster	D. melanogaster
Q9VA43	1	U-01	melanogaster	D. melanogaster
Q9VA51	1	U-01	melanogaster	D. melanogaster
Q9VA80	1	U-01	melanogaster	D. melanogaster
Q9VA82	1	U-01	melanogaster	D. melanogaster
Q9VA85	1	U-01	melanogaster	D. melanogaster
Q9VA96	1	U-01	melanogaster	D. melanogaster
Q9VAA1	1	U-01	melanogaster	D. melanogaster
Q9VAC9	1	U-01	melanogaster	D. melanogaster
Q9VAD3	1	U-01	melanogaster	D. melanogaster
Q9VAD5	1	U-01	melanogaster	D. melanogaster
Q9VAD7	1	U-01	melanogaster	D. melanogaster
Q9VAE6	0	unassigned	melanogaster	D. melanogaster
A0A021WW32	1	U-01	melanogaster	D. melanogaster
A0A023GRW4	2	U-02	melanogaster	D. melanogaster
A0A0B4JCQ5	1	U-01	melanogaster	D. melanogaster
A0A0B4JCQ7	1	U-01	melanogaster	D. melanogaster
A0A0B4JCS1	1	U-01	melanogaster	D. melanogaster
A0A0B4JCU1	1	U-01	melanogaster	D. melanogaster
A0A0B4JCU7	2	U-02	melanogaster	D. melanogaster
A0A0B4JCV4	1	U-01	melanogaster	D. melanogaster
A0A0B4JCZ4	1	U-01	melanogaster	D. melanogaster
A0A0B4JD00	1	U-01	melanogaster	D. melanogaster
A0A0B4JD03	1	U-01	melanogaster	D. melanogaster
A0A0B4JD07	1	U-01	melanogaster	D. melanogaster
A0A0B4JD26	1	U-01	melanogaster	D. melanogaster
A0A0B4JD27	1	U-01	melanogaster	D. melanogaster
A0A0B4JD31	1	U-01	melanogaster	D. melanogaster
A0A0B4JD53	2	U-02	melanogaster	D. melanogaster
A0A0B4JD57	0	unassigned	melanogaster	D. melanogaster
A0A0B4JD64	1	U-01	melanogaster	D. melanogaster
A0A0B4JD78	1	U-01	melanogaster	D. melanogaster
A0A0B4JD82	0	unassigned	melanogaster	D. melanogaster
A0A0B4JD95	0	unassigned	melanogaster	D. melanogaster
A0A0B4JD97	1	U-01	melanogaster	D. melanogaster
A0A0B4JDA0	1	U-01	melanogaster	D. melanogaster
A0A0B4K5Z8	1	U-01	melanogaster	D. melanogaster
A0A0B4K602	1	U-01	melanogaster	D. melanogaster
A0A0B4K630	1	U-01	melanogaster	D. melanogaster
A0A0B4K657	1	U-01	melanogaster	D. melanogaster
A0A0B4K661	0	unassigned	melanogaster	D. melanogaster
A0A0B4K692	2	U-02	melanogaster	D. melanogaster
A0A0B4K697	0	unassigned	melanogaster	D. melanogaster
A0A0B4K6B8	0	unassigned	melanogaster	D. melanogaster
A0A0B4K6C7	1	U-01	melanogaster	D. melanogaster
A0A0B4K6G8	1	U-01	melanogaster	D. melanogaster
A0A0B4K6I7	1	U-01	melanogaster	D. melanogaster
A0A0B4K6K8	1	U-01	melanogaster	D. melanogaster
A0A0B4K6M2	1	U-01	melanogaster	D. melanogaster
A0A0B4K6P4	1	U-01	melanogaster	D. melanogaster
A0A0B4K6Q6	1	U-01	melanogaster	D. melanogaster
A0A0B4K6Q9	0	unassigned	melanogaster	D. melanogaster
A0A0B4K6R4	0	unassigned	melanogaster	D. melanogaster
A0A0B4K6R8	0	unassigned	melanogaster	D. melanogaster
A0A0B4K6R9	0	unassigned	melanogaster	D. melanogaster
A0A0B4K6S2	0	unassigned	melanogaster	D. melanogaster
A0A0B4K6T4	1	U-01	melanogaster	D. melanogaster
A0A0B4K6T9	1	U-01	melanogaster	D. melanogaster
A0A0B4K6U3	1	U-01	melanogaster	D. melanogaster
A0A0B4K6V0	0	unassigned	melanogaster	D. melanogaster
A0A0B4K6W9	1	U-01	melanogaster	D. melanogaster
A0A0B4K6X2	2	U-02	melanogaster	D. melanogaster
A0A0B4K6Y7	1	U-01	melanogaster	D. melanogaster
A0A0B4K6Y8	0	unassigned	melanogaster	D. melanogaster
A0A0B4K6Y9	0	unassigned	melanogaster	D. melanogaster
A0A0B4K6Z0	1	U-01	melanogaster	D. melanogaster
A0A0B4K6Z1	1	U-01	melanogaster	D. melanogaster
A0A0B4K6Z3	0	unassigned	melanogaster	D. melanogaster
A0A0B4K6Z4	1	U-01	melanogaster	D. melanogaster
A0A0B4K6Z8	0	unassigned	melanogaster	D. melanogaster
A0A0B4K718	0	unassigned	melanogaster	D. melanogaster
A0A0B4K727	1	U-01	melanogaster	D. melanogaster
A0A0B4K765	0	unassigned	melanogaster	D. melanogaster
A0A0B4K767	1	U-01	melanogaster	D. melanogaster
A0A0B4K774	1	U-01	melanogaster	D. melanogaster
A0A0B4K788	0	unassigned	melanogaster	D. melanogaster
A0A0B4K7A5	1	U-01	melanogaster	D. melanogaster
A0A0B4K7A6	0	unassigned	melanogaster	D. melanogaster
A0A0B4K7C4	0	unassigned	melanogaster	D. melanogaster
A0A0B4K7C5	1	U-01	melanogaster	D. melanogaster
A0A0B4K7D4	1	U-01	melanogaster	D. melanogaster
A0A0B4K7H5	2	U-02	melanogaster	D. melanogaster
A0A0B4K7H7	0	unassigned	melanogaster	D. melanogaster
A0A0B4K7H9	0	unassigned	melanogaster	D. melanogaster
A0A0B4K7I3	0	unassigned	melanogaster	D. melanogaster
A0A0B4K7I5	0	unassigned	melanogaster	D. melanogaster
A0A0B4K7J2	1	U-01	melanogaster	D. melanogaster
A0A0B4K7J3	1	U-01	melanogaster	D. melanogaster
A0A0B4K7K9	0	unassigned	melanogaster	D. melanogaster
A0A0B4K7P1	1	U-01	melanogaster	D. melanogaster
A0A0B4K7P8	0	unassigned	melanogaster	D. melanogaster
A0A0B4K7Q3	1	U-01	melanogaster	D. melanogaster
A0A0B4K7Q4	0	unassigned	melanogaster	D. melanogaster
A0A0B4K7Q6	1	U-01	melanogaster	D. melanogaster
A0A0B4K7R8	2	U-02	melanogaster	D. melanogaster
A0A0B4K7T4	0	unassigned	melanogaster	D. melanogaster
A0A0B4K7T5	0	unassigned	melanogaster	D. melanogaster
A0A0B4K7T6	0	unassigned	melanogaster	D. melanogaster
A0A0B4K7T7	1	U-01	melanogaster	D. melanogaster
A0A0B4K7T8	0	unassigned	melanogaster	D. melanogaster
A0A0B4K7V8	0	unassigned	melanogaster	D. melanogaster
A0A0B4K7Y9	0	unassigned	melanogaster	D. melanogaster
A0A0B4K7Z3	1	U-01	melanogaster	D. melanogaster
A0A0B4K823	0	unassigned	melanogaster	D. melanogaster
A0A0B4K824	0	unassigned	melanogaster	D. melanogaster
E1JIR4	1	U-01	melanogaster	D. melanogaster
E1JIT7	1	U-01	melanogaster	D. melanogaster
E1JJ46	3	U-03	melanogaster	D. melanogaster
E1JJ62	1	U-01	melanogaster	D. melanogaster
E1JJ72	1	U-01	melanogaster	D. melanogaster
E1JJA4	1	U-01	melanogaster	D. melanogaster
E1JJA5	1	U-01	melanogaster	D. melanogaster
E1JJC0	2	U-02	melanogaster	D. melanogaster
Q9VAP3	3	U-03	melanogaster	D. melanogaster
Q9VAQ9	2	U-02	melanogaster	D. melanogaster
Q9VAR0	1	U-01	melanogaster	D. melanogaster
Q9VAR7	2	U-02	melanogaster	D. melanogaster
Q9VAS0	2	U-02	melanogaster	D. melanogaster
Q9VAS1	2	U-02	melanogaster	D. melanogaster
Q9VAS2	2	U-02	melanogaster	D. melanogaster
Q9VAS3	3	U-03	melanogaster	D. melanogaster
Q9VAS4	2	U-02	melanogaster	D. melanogaster
Q9VAT1	1	U-01	melanogaster	D. melanogaster
Q9VAT2	1	U-01	melanogaster	D. melanogaster
Q9VAT5	0	unassigned	melanogaster	D. melanogaster
Q9VAU4	2	U-02	melanogaster	D. melanogaster
Q9VAU9	1	U-01	melanogaster	D. melanogaster
Q9VAV2	1	U-01	melanogaster	D. melanogaster
Q9VAV8	2	U-02	melanogaster	D. melanogaster
Q9VAW7	1	U-01	melanogaster	D. melanogaster
Q9VAW8	0	unassigned	melanogaster	D. melanogaster
Q9VAX3	1	U-01	melanogaster	D. melanogaster
Q9VAX9	1	U-01	melanogaster	D. melanogaster
Q9VAY0	2	U-02	melanogaster	D. melanogaster
Q9VAY4	1	U-01	melanogaster	D. melanogaster
Q9VAY7	1	U-01	melanogaster	D. melanogaster
Q9VAY9	1	U-01	melanogaster	D. melanogaster
Q9VAZ0	1	U-01	melanogaster	D. melanogaster
Q9VB02	0	unassigned	melanogaster	D. melanogaster
Q9VB06	1	U-01	melanogaster	D. melanogaster
Q9VB10	1	U-01	melanogaster	D. melanogaster
Q9VB18	1	U-01	melanogaster	D. melanogaster
Q9VB21	2	U-02	melanogaster	D. melanogaster
Q9VB24	3	U-03	melanogaster	D. melanogaster
Q9VB28	1	U-01	melanogaster	D. melanogaster
Q9VB29	1	U-01	melanogaster	D. melanogaster
Q9VB31	0	unassigned	melanogaster	D. melanogaster
Q9VB32	3	U-03	melanogaster	D. melanogaster
Q9VB49	1	U-01	melanogaster	D. melanogaster
Q9VB51	1	U-01	melanogaster	D. melanogaster
Q9VB55	1	U-01	melanogaster	D. melanogaster
Q9VB58	1	U-01	melanogaster	D. melanogaster
Q9VB59	1	U-01	melanogaster	D. melanogaster
Q9VB61	3	U-03	melanogaster	D. melanogaster
Q9VB73	3	U-03	melanogaster	D. melanogaster
Q9VB77	0	unassigned	melanogaster	D. melanogaster
Q9VB79	0	unassigned	melanogaster	D. melanogaster
Q9VB81	1	U-01	melanogaster	D. melanogaster
Q9VB86	1	U-01	melanogaster	D. melanogaster
Q9VB88	2	U-02	melanogaster	D. melanogaster
Q9VB89	2	U-02	melanogaster	D. melanogaster
Q9VB90	2	U-02	melanogaster	D. melanogaster
Q9VB91	2	U-02	melanogaster	D. melanogaster
Q9VB92	2	U-02	melanogaster	D. melanogaster
Q9VB93	2	U-02	melanogaster	D. melanogaster
Q9VB94	1	U-01	melanogaster	D. melanogaster
Q9VB95	1	U-01	melanogaster	D. melanogaster
Q9VB96	1	U-01	melanogaster	D. melanogaster
Q9VB99	3	U-03	melanogaster	D. melanogaster
Q9VBA0	1	U-01	melanogaster	D. melanogaster
Q9VBA1	1	U-01	melanogaster	D. melanogaster
Q9VBA3	2	U-02	melanogaster	D. melanogaster
Q9VBA5	0	unassigned	melanogaster	D. melanogaster
Q9VBC0	2	U-02	melanogaster	D. melanogaster
Q9VBC8	1	U-01	melanogaster	D. melanogaster
Q9VBC9	2	U-02	melanogaster	D. melanogaster
Q9VBD0	1	U-01	melanogaster	D. melanogaster
Q9VBD2	1	U-01	melanogaster	D. melanogaster
Q9VBD3	0	unassigned	melanogaster	D. melanogaster
Q9VBD4	1	U-01	melanogaster	D. melanogaster
Q9VBD5	1	U-01	melanogaster	D. melanogaster
Q9VBD6	1	U-01	melanogaster	D. melanogaster
Q9VBD7	1	U-01	melanogaster	D. melanogaster
Q9VBD8	1	U-01	melanogaster	D. melanogaster
Q9VBE0	1	U-01	melanogaster	D. melanogaster
Q9VBE1	1	U-01	melanogaster	D. melanogaster
Q9VBE2	1	U-01	melanogaster	D. melanogaster
Q9VBE6	1	U-01	melanogaster	D. melanogaster
Q9VBF0	1	U-01	melanogaster	D. melanogaster
Q9VBF5	1	U-01	melanogaster	D. melanogaster
Q9VL61	3	U-03	melanogaster	D. melanogaster
Q9VL65	1	U-01	melanogaster	D. melanogaster
Q9VL69	1	U-01	melanogaster	D. melanogaster
Q9VL73	1	U-01	melanogaster	D. melanogaster
Q9VL75	1	U-01	melanogaster	D. melanogaster
Q9VL77	1	U-01	melanogaster	D. melanogaster
Q9VL87	2	U-02	melanogaster	D. melanogaster
Q9VL88	2	U-02	melanogaster	D. melanogaster
Q9VLA4	2	U-02	melanogaster	D. melanogaster
Q9VLA6	1	U-01	melanogaster	D. melanogaster
Q9VLB1	1	U-01	melanogaster	D. melanogaster
Q9VLB9	1	U-01	melanogaster	D. melanogaster
Q9VLE4	1	U-01	melanogaster	D. melanogaster
Q9VLF2	1	U-01	melanogaster	D. melanogaster
Q9VLG0	1	U-01	melanogaster	D. melanogaster
Q9VLG9	1	U-01	melanogaster	D. melanogaster
Q9VLH0	3	U-03	melanogaster	D. melanogaster
Q9VLH1	3	U-03	melanogaster	D. melanogaster
Q9VLH9	2	U-02	melanogaster	D. melanogaster
Q9VLI0	2	U-02	melanogaster	D. melanogaster
Q9VLI1	2	U-02	melanogaster	D. melanogaster
Q9VLI2	2	U-02	melanogaster	D. melanogaster
Q9VLI6	1	U-01	melanogaster	D. melanogaster
Q9VWT7	2	U-02	melanogaster	D. melanogaster
Q9VWT8	2	U-02	melanogaster	D. melanogaster
Q9VWU0	2	U-02	melanogaster	D. melanogaster
Q9VWU7	1	U-01	melanogaster	D. melanogaster
Q9VWU8	1	U-01	melanogaster	D. melanogaster
Q9VWW2	1	U-01	melanogaster	D. melanogaster
Q9VWW3	1	U-01	melanogaster	D. melanogaster
Q9VWX1	1	U-01	melanogaster	D. melanogaster
Q9VWX6	1	U-01	melanogaster	D. melanogaster
Q9VWX9	1	U-01	melanogaster	D. melanogaster
Q9VWY5	1	U-01	melanogaster	D. melanogaster
Q9VWZ4	1	U-01	melanogaster	D. melanogaster
Q9VWZ8	1	U-01	melanogaster	D. melanogaster
Q9VX05	0	unassigned	melanogaster	D. melanogaster
Q9VX17	3	U-03	melanogaster	D. melanogaster
Q9VX19	1	U-01	melanogaster	D. melanogaster
Q9VX29	3	U-03	melanogaster	D. melanogaster
Q9VX38	1	U-01	melanogaster	D. melanogaster
Q9VX43	1	U-01	melanogaster	D. melanogaster
Q9VX49	1	U-01	melanogaster	D. melanogaster
Q9VX50	1	U-01	melanogaster	D. melanogaster
Q9VX52	1	U-01	melanogaster	D. melanogaster
Q9VX57	1	U-01	melanogaster	D. melanogaster
Q9VX58	1	U-01	melanogaster	D. melanogaster
Q9VX62	1	U-01	melanogaster	D. melanogaster
Q9VX67	1	U-01	melanogaster	D. melanogaster
Q9VX71	1	U-01	melanogaster	D. melanogaster
Q9VX72	1	U-01	melanogaster	D. melanogaster
Q9VX73	1	U-01	melanogaster	D. melanogaster
Q9VX85	1	U-01	melanogaster	D. melanogaster
Q9VX87	1	U-01	melanogaster	D. melanogaster
Q9VX93	1	U-01	melanogaster	D. melanogaster
Q9VX96	0	unassigned	melanogaster	D. melanogaster
Q9VX97	2	U-02	melanogaster	D. melanogaster
A1ZAK1	1	U-01	melanogaster	D. melanogaster
A1ZAN6	1	U-01	melanogaster	D. melanogaster
A1ZAN7	1	U-01	melanogaster	D. melanogaster
A1ZAQ9	1	U-01	melanogaster	D. melanogaster
A1ZAU8	1	U-01	melanogaster	D. melanogaster
A1ZAW0	1	U-01	melanogaster	D. melanogaster
A1ZAY1	1	U-01	melanogaster	D. melanogaster
A1ZB11	2	U-02	melanogaster	D. melanogaster
A1ZB29	1	U-01	melanogaster	D. melanogaster
A1ZB51	1	U-01	melanogaster	D. melanogaster
A1ZBC4	1	U-01	melanogaster	D. melanogaster
A1ZBD6	1	U-01	melanogaster	D. melanogaster
A1ZBH7	1	U-01	melanogaster	D. melanogaster
A1ZBH8	1	U-01	melanogaster	D. melanogaster
A1ZBJ2	1	U-01	melanogaster	D. melanogaster
A1ZBL0	1	U-01	melanogaster	D. melanogaster
A1ZBL4	1	U-01	melanogaster	D. melanogaster
A1ZBL5	1	U-01	melanogaster	D. melanogaster
A1ZBL6	1	U-01	melanogaster	D. melanogaster
A1ZBL7	0	unassigned	melanogaster	D. melanogaster
A1ZBR2	2	U-02	melanogaster	D. melanogaster
A1ZBW7	1	U-01	melanogaster	D. melanogaster
A2VEI2	1	U-01	melanogaster	D. melanogaster
A2VEY9	1	U-01	melanogaster	D. melanogaster
A4UZ51	1	U-01	melanogaster	D. melanogaster
A4UZ54	1	U-01	melanogaster	D. melanogaster
A4UZC9	1	U-01	melanogaster	D. melanogaster
A4UZI0	1	U-01	melanogaster	D. melanogaster
A4UZQ0	1	U-01	melanogaster	D. melanogaster
A4UZU8	0	unassigned	melanogaster	D. melanogaster
A4V0X0	1	U-01	melanogaster	D. melanogaster
A4V133	1	U-01	melanogaster	D. melanogaster
A4V134	1	U-01	melanogaster	D. melanogaster
A4V166	1	U-01	melanogaster	D. melanogaster
A4V2Z1	1	U-01	melanogaster	D. melanogaster
A4V304	1	U-01	melanogaster	D. melanogaster
A4V3W1	1	U-01	melanogaster	D. melanogaster
A4V3W2	1	U-01	melanogaster	D. melanogaster
A4V4J0	1	U-01	melanogaster	D. melanogaster
A4VCL2	2	U-02	melanogaster	D. melanogaster
A8DY76	1	U-01	melanogaster	D. melanogaster
A8DYA3	1	U-01	melanogaster	D. melanogaster
A8DYE2	1	U-01	melanogaster	D. melanogaster
A8DYG9	1	U-01	melanogaster	D. melanogaster
A8DYJ2	1	U-01	melanogaster	D. melanogaster
A8DYL3	1	U-01	melanogaster	D. melanogaster
A8DYP0	1	U-01	melanogaster	D. melanogaster
A8DYP7	1	U-01	melanogaster	D. melanogaster
A8DYU9	1	U-01	melanogaster	D. melanogaster
A8DYV6	1	U-01	melanogaster	D. melanogaster
A8DYY6	1	U-01	melanogaster	D. melanogaster
A8DYZ8	1	U-01	melanogaster	D. melanogaster
A8DZ02	2	U-02	melanogaster	D. melanogaster
A8DZ03	2	U-02	melanogaster	D. melanogaster
A8JNH2	1	U-01	melanogaster	D. melanogaster
A8JNJ6	0	unassigned	melanogaster	D. melanogaster
A8JNK4	1	U-01	melanogaster	D. melanogaster
A8JNM4	1	U-01	melanogaster	D. melanogaster
A8JNM5	0	unassigned	melanogaster	D. melanogaster
A8JNM6	0	unassigned	melanogaster	D. melanogaster
A8JNM7	0	unassigned	melanogaster	D. melanogaster
A8JNN0	1	U-01	melanogaster	D. melanogaster
A8JNN2	1	U-01	melanogaster	D. melanogaster
A8JNN3	1	U-01	melanogaster	D. melanogaster
A8JNQ4	1	U-01	melanogaster	D. melanogaster
A8JNQ5	1	U-01	melanogaster	D. melanogaster
A0A0C4DHG0	1	U-01	melanogaster	D. melanogaster
A0A0C4DHM8	2	U-02	melanogaster	D. melanogaster
A0A0C4DHM9	0	unassigned	melanogaster	D. melanogaster
A0A0C4DHN4	2	U-02	melanogaster	D. melanogaster
A0A0C4DHN7	3	U-03	melanogaster	D. melanogaster
A0A0R4STL4	1	U-01	melanogaster	D. melanogaster
A0A0S0WGR0	3	U-03	melanogaster	D. melanogaster
A0A0S0WGS4	3	U-03	melanogaster	D. melanogaster
A0A0S0WGS6	1	U-01	melanogaster	D. melanogaster
A0A0S0WGV8	1	U-01	melanogaster	D. melanogaster
A0A0S0WGW8	1	U-01	melanogaster	D. melanogaster
A0A0S0WGX2	3	U-03	melanogaster	D. melanogaster
A0A0S0WH03	1	U-01	melanogaster	D. melanogaster
A0A0S0WH10	1	U-01	melanogaster	D. melanogaster
A0A0S0WMK2	2	U-02	melanogaster	D. melanogaster
A0A0S0WNG8	1	U-01	melanogaster	D. melanogaster
A0A0S0WNI0	1	U-01	melanogaster	D. melanogaster
A0A0S0WNT6	1	U-01	melanogaster	D. melanogaster
A0A0S0WNZ2	1	U-01	melanogaster	D. melanogaster
A0A0S0X0Z7	3	U-03	melanogaster	D. melanogaster
A0A0S0X7U5	1	U-01	melanogaster	D. melanogaster
A0A0T7B3Z6	1	U-01	melanogaster	D. melanogaster
A0A0U1QT60	0	unassigned	melanogaster	D. melanogaster
A0A126GUL5	1	U-01	melanogaster	D. melanogaster
A0A126GUM8	1	U-01	melanogaster	D. melanogaster
A0A126GUP1	1	U-01	melanogaster	D. melanogaster
A0A126GUQ1	1	U-01	melanogaster	D. melanogaster
A0A126GUQ3	1	U-01	melanogaster	D. melanogaster
A0A126GUQ4	1	U-01	melanogaster	D. melanogaster
A0A126GUQ5	1	U-01	melanogaster	D. melanogaster
A0A126GUR5	1	U-01	melanogaster	D. melanogaster
A0A126GUR9	1	U-01	melanogaster	D. melanogaster
A0A126GUT1	1	U-01	melanogaster	D. melanogaster
A0A126GUT7	1	U-01	melanogaster	D. melanogaster
A0A126GUU0	1	U-01	melanogaster	D. melanogaster
A0A126GUV0	0	unassigned	melanogaster	D. melanogaster
A0A126GUZ8	2	U-02	melanogaster	D. melanogaster
A0A126GV09	2	U-02	melanogaster	D. melanogaster
A0A126GV12	1	U-01	melanogaster	D. melanogaster
A0A126GV23	1	U-01	melanogaster	D. melanogaster
A0A126GV25	0	unassigned	melanogaster	D. melanogaster
A0A126GV26	1	U-01	melanogaster	D. melanogaster
A0A140SRF8	3	U-03	melanogaster	D. melanogaster
A0A1L4AAC2	2	U-02	melanogaster	D. melanogaster
A0A1L4AAD6	1	U-01	melanogaster	D. melanogaster
A0A1W5PVN5	1	U-01	melanogaster	D. melanogaster
A0A1W5PW03	1	U-01	melanogaster	D. melanogaster
A0A1W5PXH3	1	U-01	melanogaster	D. melanogaster
A0A1W5Q009	1	U-01	melanogaster	D. melanogaster
A0A1Z1CGX2	1	U-01	melanogaster	D. melanogaster
A0A1Z1CGY3	1	U-01	melanogaster	D. melanogaster
A0A1Z1CK50	1	U-01	melanogaster	D. melanogaster
A0A1Z1CSK9	1	U-01	melanogaster	D. melanogaster
A0A2U8U141	2	U-02	melanogaster	D. melanogaster
A0A2U8U1P3	0	unassigned	melanogaster	D. melanogaster
A0A384SX96	2	U-02	melanogaster	D. melanogaster
A0A384TM68	2	U-02	melanogaster	D. melanogaster
A0A384ZD34	1	U-01	melanogaster	D. melanogaster
A0A499NPJ3	1	U-01	melanogaster	D. melanogaster
A0A4D6K1B2	1	U-01	melanogaster	D. melanogaster
A0A4D6K1Y5	1	U-01	melanogaster	D. melanogaster
A0A4D6K1Z7	1	U-01	melanogaster	D. melanogaster
A0A4D6K216	2	U-02	melanogaster	D. melanogaster
A0A4D6K2J4	1	U-01	melanogaster	D. melanogaster
A0A4D6K3P4	1	U-01	melanogaster	D. melanogaster
A0A4D6K3U9	3	U-03	melanogaster	D. melanogaster
A0A4D6K4U6	1	U-01	melanogaster	D. melanogaster
A0A4D6K4X7	3	U-03	melanogaster	D. melanogaster
A0A4D6K595	1	U-01	melanogaster	D. melanogaster
A0A4D6K5D6	2	U-02	melanogaster	D. melanogaster
A0A4D6K5P9	3	U-03	melanogaster	D. melanogaster
A0A4D6K632	1	U-01	melanogaster	D. melanogaster
A0A4P7VJP0	3	U-03	melanogaster	D. melanogaster
A0A6F7S5S7	1	U-01	melanogaster	D. melanogaster
A8DYH3	1	U-01	melanogaster	D. melanogaster
A8DYH6	3	U-03	melanogaster	D. melanogaster
A8DYI2	1	U-01	melanogaster	D. melanogaster
A8DYI6	1	U-01	melanogaster	D. melanogaster
A8DYI7	1	U-01	melanogaster	D. melanogaster
A8DYI9	1	U-01	melanogaster	D. melanogaster
A8DYJ0	1	U-01	melanogaster	D. melanogaster
A8DYJ1	1	U-01	melanogaster	D. melanogaster
A8DYJ3	1	U-01	melanogaster	D. melanogaster
A8DYJ6	2	U-02	melanogaster	D. melanogaster
A8DYJ7	2	U-02	melanogaster	D. melanogaster
A8DYK1	1	U-01	melanogaster	D. melanogaster
A8DYK2	0	unassigned	melanogaster	D. melanogaster
A8DYK5	1	U-01	melanogaster	D. melanogaster
A8DYK6	1	U-01	melanogaster	D. melanogaster
A8DYM2	1	U-01	melanogaster	D. melanogaster
A8DYM6	1	U-01	melanogaster	D. melanogaster
A8DYM8	1	U-01	melanogaster	D. melanogaster
A8DYP2	2	U-02	melanogaster	D. melanogaster
A8DYR2	2	U-02	melanogaster	D. melanogaster
A8DYR3	2	U-02	melanogaster	D. melanogaster
A8DYR8	1	U-01	melanogaster	D. melanogaster
A8DYT1	1	U-01	melanogaster	D. melanogaster
A8DYT2	1	U-01	melanogaster	D. melanogaster
A8DYT3	1	U-01	melanogaster	D. melanogaster
A8DYT7	2	U-02	melanogaster	D. melanogaster
Q7KVY8	0	unassigned	melanogaster	D. melanogaster
Q7KW22	1	U-01	melanogaster	D. melanogaster
Q7KW26	1	U-01	melanogaster	D. melanogaster
Q7KW27	1	U-01	melanogaster	D. melanogaster
Q7KW40	3	U-03	melanogaster	D. melanogaster
Q7KWG5	1	U-01	melanogaster	D. melanogaster
Q7KWH0	1	U-01	melanogaster	D. melanogaster
Q7PL72	1	U-01	melanogaster	D. melanogaster
Q7PL73	1	U-01	melanogaster	D. melanogaster
Q7PLK1	1	U-01	melanogaster	D. melanogaster
Q7PLS1	1	U-01	melanogaster	D. melanogaster
Q7PLV6	2	U-02	melanogaster	D. melanogaster
Q7PLW5	1	U-01	melanogaster	D. melanogaster
Q7Z2C5	1	U-01	melanogaster	D. melanogaster
Q86B82	0	unassigned	melanogaster	D. melanogaster
Q86B83	1	U-01	melanogaster	D. melanogaster
Q86B98	1	U-01	melanogaster	D. melanogaster
Q86BA6	1	U-01	melanogaster	D. melanogaster
Q86BA8	1	U-01	melanogaster	D. melanogaster
Q86BB0	1	U-01	melanogaster	D. melanogaster
Q86BB1	1	U-01	melanogaster	D. melanogaster
Q86BB7	1	U-01	melanogaster	D. melanogaster
Q86BG3	1	U-01	melanogaster	D. melanogaster
Q86BG6	1	U-01	melanogaster	D. melanogaster
Q86BG8	1	U-01	melanogaster	D. melanogaster
Q86BI1	1	U-01	melanogaster	D. melanogaster
Q86BI5	1	U-01	melanogaster	D. melanogaster
Q86BI7	1	U-01	melanogaster	D. melanogaster
Q86BL8	2	U-02	melanogaster	D. melanogaster
Q86BL9	2	U-02	melanogaster	D. melanogaster
Q9VKG3	1	U-01	melanogaster	D. melanogaster
Q9VKG4	1	U-01	melanogaster	D. melanogaster
Q9VKH4	1	U-01	melanogaster	D. melanogaster
Q9VKH5	1	U-01	melanogaster	D. melanogaster
Q9VKI2	1	U-01	melanogaster	D. melanogaster
Q9VKK3	2	U-02	melanogaster	D. melanogaster
Q9VKK4	1	U-01	melanogaster	D. melanogaster
Q9VKK6	1	U-01	melanogaster	D. melanogaster
Q9VKK9	1	U-01	melanogaster	D. melanogaster
Q9VKM0	1	U-01	melanogaster	D. melanogaster
Q9VKM5	1	U-01	melanogaster	D. melanogaster
Q9VKM9	1	U-01	melanogaster	D. melanogaster
Q9VKN2	1	U-01	melanogaster	D. melanogaster
Q9VKN4	3	U-03	melanogaster	D. melanogaster
Q9VKN5	1	U-01	melanogaster	D. melanogaster
Q9VKN9	1	U-01	melanogaster	D. melanogaster
Q9VKP5	1	U-01	melanogaster	D. melanogaster
Q9VKQ2	1	U-01	melanogaster	D. melanogaster
Q9VKQ5	1	U-01	melanogaster	D. melanogaster
Q9VKR7	1	U-01	melanogaster	D. melanogaster
Q9VKR9	1	U-01	melanogaster	D. melanogaster
Q9VKS1	1	U-01	melanogaster	D. melanogaster
Q9VKS2	1	U-01	melanogaster	D. melanogaster
Q9VKS3	1	U-01	melanogaster	D. melanogaster
Q9VKS4	1	U-01	melanogaster	D. melanogaster
Q9VKS7	1	U-01	melanogaster	D. melanogaster
Q9VKT4	1	U-01	melanogaster	D. melanogaster
Q9VKU2	3	U-03	melanogaster	D. melanogaster
Q9VKU4	1	U-01	melanogaster	D. melanogaster
Q9VKV6	1	U-01	melanogaster	D. melanogaster
Q9VKX6	2	U-02	melanogaster	D. melanogaster
Q9VKZ6	1	U-01	melanogaster	D. melanogaster
Q9VKZ9	3	U-03	melanogaster	D. melanogaster
Q9VL03	1	U-01	melanogaster	D. melanogaster
Q9VL26	1	U-01	melanogaster	D. melanogaster
Q9VL33	1	U-01	melanogaster	D. melanogaster
Q9VL37	0	unassigned	melanogaster	D. melanogaster
Q9VL44	2	U-02	melanogaster	D. melanogaster
Q9VL46	1	U-01	melanogaster	D. melanogaster
Q9VL47	1	U-01	melanogaster	D. melanogaster
Q9VL48	1	U-01	melanogaster	D. melanogaster
Q9VL56	3	U-03	melanogaster	D. melanogaster
Q9VL57	1	U-01	melanogaster	D. melanogaster
Q9VL81	1	U-01	melanogaster	D. melanogaster
Q9VL93	1	U-01	melanogaster	D. melanogaster
Q9VL94	1	U-01	melanogaster	D. melanogaster
Q9VLA3	2	U-02	melanogaster	D. melanogaster
Q9VLB0	1	U-01	melanogaster	D. melanogaster
Q9VLB2	0	unassigned	melanogaster	D. melanogaster
Q9VLB4	1	U-01	melanogaster	D. melanogaster
Q9VLC4	1	U-01	melanogaster	D. melanogaster
Q9VLC8	1	U-01	melanogaster	D. melanogaster
Q9VLC9	1	U-01	melanogaster	D. melanogaster
Q9VLD1	1	U-01	melanogaster	D. melanogaster
Q9VLE1	1	U-01	melanogaster	D. melanogaster
Q9VLE7	1	U-01	melanogaster	D. melanogaster
Q9VLF4	2	U-02	melanogaster	D. melanogaster
Q9VLF6	1	U-01	melanogaster	D. melanogaster
Q9VLF7	3	U-03	melanogaster	D. melanogaster
Q9VLF8	3	U-03	melanogaster	D. melanogaster
Q9VLG1	3	U-03	melanogaster	D. melanogaster
Q9VLG2	1	U-01	melanogaster	D. melanogaster
Q9VLG3	2	U-02	melanogaster	D. melanogaster
Q9VLG5	2	U-02	melanogaster	D. melanogaster
Q9VLG6	2	U-02	melanogaster	D. melanogaster
Q9VLH5	3	U-03	melanogaster	D. melanogaster
Q9VLH6	3	U-03	melanogaster	D. melanogaster
Q9VLI3	3	U-03	melanogaster	D. melanogaster
Q9VLJ2	2	U-02	melanogaster	D. melanogaster
Q9VLJ4	1	U-01	melanogaster	D. melanogaster
Q9VB14	1	U-01	melanogaster	D. melanogaster
Q9VB20	2	U-02	melanogaster	D. melanogaster
Q9VB26	0	unassigned	melanogaster	D. melanogaster
Q9VB30	0	unassigned	melanogaster	D. melanogaster
Q9VB35	2	U-02	melanogaster	D. melanogaster
Q9VB47	1	U-01	melanogaster	D. melanogaster
Q9VB64	1	U-01	melanogaster	D. melanogaster
Q9VB66	2	U-02	melanogaster	D. melanogaster
Q9VB69	1	U-01	melanogaster	D. melanogaster
Q9VB70	1	U-01	melanogaster	D. melanogaster
Q9VB76	2	U-02	melanogaster	D. melanogaster
Q9VB98	1	U-01	melanogaster	D. melanogaster
Q9VBA8	1	U-01	melanogaster	D. melanogaster
Q9VBC5	1	U-01	melanogaster	D. melanogaster
Q9VBE5	2	U-02	melanogaster	D. melanogaster
Q9VBF9	1	U-01	melanogaster	D. melanogaster
Q9VBG1	1	U-01	melanogaster	D. melanogaster
Q9VBG4	1	U-01	melanogaster	D. melanogaster
Q9VBG5	2	U-02	melanogaster	D. melanogaster
Q9VBH7	1	U-01	melanogaster	D. melanogaster
Q9VBH8	1	U-01	melanogaster	D. melanogaster
Q9VBK1	3	U-03	melanogaster	D. melanogaster
Q9VBK7	2	U-02	melanogaster	D. melanogaster
Q9VBL6	0	unassigned	melanogaster	D. melanogaster
Q9VBL7	1	U-01	melanogaster	D. melanogaster
Q9VBN0	2	U-02	melanogaster	D. melanogaster
Q9VBN1	2	U-02	melanogaster	D. melanogaster
Q9VBN2	2	U-02	melanogaster	D. melanogaster
Q9VBN5	1	U-01	melanogaster	D. melanogaster
Q9VBN7	3	U-03	melanogaster	D. melanogaster
Q9VBP2	1	U-01	melanogaster	D. melanogaster
Q9VBP5	1	U-01	melanogaster	D. melanogaster
Q9VBP6	1	U-01	melanogaster	D. melanogaster
Q9VBR1	1	U-01	melanogaster	D. melanogaster
Q9VBU5	1	U-01	melanogaster	D. melanogaster
Q9VBU8	1	U-01	melanogaster	D. melanogaster
Q9VBU9	1	U-01	melanogaster	D. melanogaster
Q9VBV5	1	U-01	melanogaster	D. melanogaster
Q9VBV6	2	U-02	melanogaster	D. melanogaster
Q9VBW0	1	U-01	melanogaster	D. melanogaster
Q9VBX5	1	U-01	melanogaster	D. melanogaster
Q9VBY3	2	U-02	melanogaster	D. melanogaster
Q9VBZ6	1	U-01	melanogaster	D. melanogaster
Q9VC07	1	U-01	melanogaster	D. melanogaster
Q9VC08	1	U-01	melanogaster	D. melanogaster
Q9VC26	1	U-01	melanogaster	D. melanogaster
Q9VC30	2	U-02	melanogaster	D. melanogaster
Q9VC31	1	U-01	melanogaster	D. melanogaster
Q9VC32	1	U-01	melanogaster	D. melanogaster
Q9VC35	3	U-03	melanogaster	D. melanogaster
Q9VC41	2	U-02	melanogaster	D. melanogaster
Q9VC48	1	U-01	melanogaster	D. melanogaster
Q9VC52	1	U-01	melanogaster	D. melanogaster
Q9VC65	1	U-01	melanogaster	D. melanogaster
Q9VCC2	2	U-02	melanogaster	D. melanogaster
Q9VCC4	1	U-01	melanogaster	D. melanogaster
Q9VCC6	1	U-01	melanogaster	D. melanogaster
Q9VCC7	2	U-02	melanogaster	D. melanogaster
Q9VCD0	1	U-01	melanogaster	D. melanogaster
Q9VCD1	0	unassigned	melanogaster	D. melanogaster
Q9VCE3	1	U-01	melanogaster	D. melanogaster
Q9VCF2	1	U-01	melanogaster	D. melanogaster
Q9VCF4	1	U-01	melanogaster	D. melanogaster
Q9VCG4	1	U-01	melanogaster	D. melanogaster
Q9VCG6	1	U-01	melanogaster	D. melanogaster
Q9VCH1	1	U-01	melanogaster	D. melanogaster
Q9VCH8	1	U-01	melanogaster	D. melanogaster
Q9VCI0	1	U-01	melanogaster	D. melanogaster
Q9VCI5	3	U-03	melanogaster	D. melanogaster
Q9VCJ0	2	U-02	melanogaster	D. melanogaster
Q9VCJ9	2	U-02	melanogaster	D. melanogaster
Q9VCK2	2	U-02	melanogaster	D. melanogaster
Q9VCL7	1	U-01	melanogaster	D. melanogaster
Q9VCL9	1	U-01	melanogaster	D. melanogaster
Q9VCN3	1	U-01	melanogaster	D. melanogaster
Q9VCQ3	1	U-01	melanogaster	D. melanogaster
Q9W117	1	U-01	melanogaster	D. melanogaster
Q9W141	3	U-03	melanogaster	D. melanogaster
Q9W145	1	U-01	melanogaster	D. melanogaster
Q9W147	1	U-01	melanogaster	D. melanogaster
Q9W149	1	U-01	melanogaster	D. melanogaster
Q9W151	3	U-03	melanogaster	D. melanogaster
Q9W158	0	unassigned	melanogaster	D. melanogaster
Q9W173	1	U-01	melanogaster	D. melanogaster
Q9W174	2	U-02	melanogaster	D. melanogaster
Q9W185	1	U-01	melanogaster	D. melanogaster
Q9W196	1	U-01	melanogaster	D. melanogaster
Q9W1A2	1	U-01	melanogaster	D. melanogaster
Q9W1A7	2	U-02	melanogaster	D. melanogaster
Q9W1B5	3	U-03	melanogaster	D. melanogaster
Q9W1D1	2	U-02	melanogaster	D. melanogaster
Q9W1E4	1	U-01	melanogaster	D. melanogaster
Q9W1E8	1	U-01	melanogaster	D. melanogaster
Q9W1E9	1	U-01	melanogaster	D. melanogaster
Q9W1F6	1	U-01	melanogaster	D. melanogaster
Q9W1G0	1	U-01	melanogaster	D. melanogaster
Q9W1H8	1	U-01	melanogaster	D. melanogaster
Q9W1H9	1	U-01	melanogaster	D. melanogaster
Q9W1I6	1	U-01	melanogaster	D. melanogaster
Q9W1I7	1	U-01	melanogaster	D. melanogaster
A0A0B4K6S3	2	U-02	melanogaster	D. melanogaster
A0A0B4K6S5	1	U-01	melanogaster	D. melanogaster
A0A0B4K6S7	1	U-01	melanogaster	D. melanogaster
A1Z6U0	0	unassigned	melanogaster	D. melanogaster
A1Z6U2	3	U-03	melanogaster	D. melanogaster
A1Z6U3	3	U-03	melanogaster	D. melanogaster
A1Z6U6	0	unassigned	melanogaster	D. melanogaster
A1Z6U7	3	U-03	melanogaster	D. melanogaster
A1Z6U8	3	U-03	melanogaster	D. melanogaster
A1Z6U9	3	U-03	melanogaster	D. melanogaster
A1Z6V6	2	U-02	melanogaster	D. melanogaster
A1Z6V9	1	U-01	melanogaster	D. melanogaster
A1Z6W0	1	U-01	melanogaster	D. melanogaster
A1Z6W1	1	U-01	melanogaster	D. melanogaster
A1Z6W2	1	U-01	melanogaster	D. melanogaster
A1Z6X0	1	U-01	melanogaster	D. melanogaster
A1Z6Y1	1	U-01	melanogaster	D. melanogaster
A1Z6Y2	1	U-01	melanogaster	D. melanogaster
A1Z6Y3	1	U-01	melanogaster	D. melanogaster
A1Z6Y4	1	U-01	melanogaster	D. melanogaster
A1Z6Y9	1	U-01	melanogaster	D. melanogaster
A1Z6Z0	2	U-02	melanogaster	D. melanogaster
A1Z715	0	unassigned	melanogaster	D. melanogaster
A1Z723	1	U-01	melanogaster	D. melanogaster
A1Z731	1	U-01	melanogaster	D. melanogaster
A1Z733	3	U-03	melanogaster	D. melanogaster
A1Z735	1	U-01	melanogaster	D. melanogaster
A1Z736	1	U-01	melanogaster	D. melanogaster
A1Z741	1	U-01	melanogaster	D. melanogaster
A1Z742	1	U-01	melanogaster	D. melanogaster
A1Z748	1	U-01	melanogaster	D. melanogaster
A1Z752	1	U-01	melanogaster	D. melanogaster
A1Z755	1	U-01	melanogaster	D. melanogaster
A1Z764	0	unassigned	melanogaster	D. melanogaster
A1Z765	0	unassigned	melanogaster	D. melanogaster
A1Z772	1	U-01	melanogaster	D. melanogaster
A1Z776	1	U-01	melanogaster	D. melanogaster
A1Z789	1	U-01	melanogaster	D. melanogaster
A1Z790	2	U-02	melanogaster	D. melanogaster
A1Z791	1	U-01	melanogaster	D. melanogaster
A1Z792	1	U-01	melanogaster	D. melanogaster
A1Z793	1	U-01	melanogaster	D. melanogaster
A1Z798	3	U-03	melanogaster	D. melanogaster
A1Z799	3	U-03	melanogaster	D. melanogaster
A1Z7A0	3	U-03	melanogaster	D. melanogaster
A1Z7B8	1	U-01	melanogaster	D. melanogaster
A1Z7C0	1	U-01	melanogaster	D. melanogaster
A1Z7C3	1	U-01	melanogaster	D. melanogaster
A1Z7C6	1	U-01	melanogaster	D. melanogaster
A1Z7C7	1	U-01	melanogaster	D. melanogaster
A1Z7C8	1	U-01	melanogaster	D. melanogaster
A1Z7C9	1	U-01	melanogaster	D. melanogaster
A1Z7D0	1	U-01	melanogaster	D. melanogaster
A1Z7D5	0	unassigned	melanogaster	D. melanogaster
A1Z7D6	1	U-01	melanogaster	D. melanogaster
A1Z7D7	0	unassigned	melanogaster	D. melanogaster
A1Z7D8	0	unassigned	melanogaster	D. melanogaster
A1Z7D9	0	unassigned	melanogaster	D. melanogaster
A1Z7E0	0	unassigned	melanogaster	D. melanogaster
A1Z7E1	1	U-01	melanogaster	D. melanogaster
A1Z7E4	0	unassigned	melanogaster	D. melanogaster
A1Z7E5	0	unassigned	melanogaster	D. melanogaster
A1Z7E7	3	U-03	melanogaster	D. melanogaster
A1Z7G2	1	U-01	melanogaster	D. melanogaster
A1Z7G5	0	unassigned	melanogaster	D. melanogaster
A1Z7H9	1	U-01	melanogaster	D. melanogaster
A1Z7I2	3	U-03	melanogaster	D. melanogaster
A1Z7I3	3	U-03	melanogaster	D. melanogaster
A1Z7I4	3	U-03	melanogaster	D. melanogaster
A1Z7I5	1	U-01	melanogaster	D. melanogaster
A1Z7I6	1	U-01	melanogaster	D. melanogaster
A1Z7J0	1	U-01	melanogaster	D. melanogaster
A1Z7J3	1	U-01	melanogaster	D. melanogaster
A1Z7J4	1	U-01	melanogaster	D. melanogaster
A1Z7J9	1	U-01	melanogaster	D. melanogaster
A1Z7K3	1	U-01	melanogaster	D. melanogaster
A1Z7K4	1	U-01	melanogaster	D. melanogaster
A1Z7K7	3	U-03	melanogaster	D. melanogaster
A1Z7L0	1	U-01	melanogaster	D. melanogaster
A1Z7L4	1	U-01	melanogaster	D. melanogaster
A1Z7L5	1	U-01	melanogaster	D. melanogaster
A1Z7L6	1	U-01	melanogaster	D. melanogaster
A1Z7M0	2	U-02	melanogaster	D. melanogaster
A1Z7M6	3	U-03	melanogaster	D. melanogaster
A1Z7N0	1	U-01	melanogaster	D. melanogaster
A1Z7N4	1	U-01	melanogaster	D. melanogaster
A1Z7N6	1	U-01	melanogaster	D. melanogaster
A1Z7N8	1	U-01	melanogaster	D. melanogaster
A1Z7R0	1	U-01	melanogaster	D. melanogaster
A1Z7R5	3	U-03	melanogaster	D. melanogaster
A1Z7T5	1	U-01	melanogaster	D. melanogaster
A1Z7T9	1	U-01	melanogaster	D. melanogaster
A1Z7U0	1	U-01	melanogaster	D. melanogaster
A1Z7U1	1	U-01	melanogaster	D. melanogaster
A1Z7U5	1	U-01	melanogaster	D. melanogaster
A1Z7U7	0	unassigned	melanogaster	D. melanogaster
A1Z7U8	0	unassigned	melanogaster	D. melanogaster
A1Z7V3	1	U-01	melanogaster	D. melanogaster
A1Z7X2	1	U-01	melanogaster	D. melanogaster
A1Z7X4	0	unassigned	melanogaster	D. melanogaster
A0A126GUQ2	3	U-03	melanogaster	D. melanogaster
A0A126GUS4	1	U-01	melanogaster	D. melanogaster
A0A126GUS5	1	U-01	melanogaster	D. melanogaster
A0A126GUS6	1	U-01	melanogaster	D. melanogaster
A0A126GUU7	1	U-01	melanogaster	D. melanogaster
A0A126GV03	1	U-01	melanogaster	D. melanogaster
A0A1Z1CN92	1	U-01	melanogaster	D. melanogaster
A0A2U8U0I3	2	U-02	melanogaster	D. melanogaster
A0A384TNV9	1	U-01	melanogaster	D. melanogaster
A0A384ZCM4	1	U-01	melanogaster	D. melanogaster
A0A4D6K1E7	0	unassigned	melanogaster	D. melanogaster
A0A4D6K426	1	U-01	melanogaster	D. melanogaster
A0A4D6K5H4	1	U-01	melanogaster	D. melanogaster
A0A4D6K5M0	0	unassigned	melanogaster	D. melanogaster
A0A4D6K616	1	U-01	melanogaster	D. melanogaster
A0A4P7V9T9	1	U-01	melanogaster	D. melanogaster
A0A4P7VA97	1	U-01	melanogaster	D. melanogaster
A0A4P7VAW6	1	U-01	melanogaster	D. melanogaster
A0A6F7RXE0	2	U-02	melanogaster	D. melanogaster
A0A6F7SG83	1	U-01	melanogaster	D. melanogaster
A0A6F7U5U6	1	U-01	melanogaster	D. melanogaster
A0A6H2EDN5	1	U-01	melanogaster	D. melanogaster
A0A6H2EDU2	0	unassigned	melanogaster	D. melanogaster
A0A6H2EE76	1	U-01	melanogaster	D. melanogaster
A0A6H2EES5	1	U-01	melanogaster	D. melanogaster
A0A6H2EFI6	1	U-01	melanogaster	D. melanogaster
A0A6H2EG35	1	U-01	melanogaster	D. melanogaster
A0A6M3Q6L8	1	U-01	melanogaster	D. melanogaster
A0A6M3Q790	1	U-01	melanogaster	D. melanogaster
A0A6M3Q7M2	1	U-01	melanogaster	D. melanogaster
A0A6M3Q7U2	1	U-01	melanogaster	D. melanogaster
A0A6M3Q913	1	U-01	melanogaster	D. melanogaster
A0A6M3Q9L5	1	U-01	melanogaster	D. melanogaster
A0A6M3QAK8	1	U-01	melanogaster	D. melanogaster
A0A6M3QGN9	0	unassigned	melanogaster	D. melanogaster
A0A6M3QH40	1	U-01	melanogaster	D. melanogaster
A0A9F2H0X2	1	U-01	melanogaster	D. melanogaster
A0A9F2H0X3	2	U-02	melanogaster	D. melanogaster
A0A9F2H0X5	1	U-01	melanogaster	D. melanogaster
A0A9F2H0Z0	1	U-01	melanogaster	D. melanogaster
A0ACA7MLL1	1	U-01	melanogaster	D. melanogaster
A0ACD4DAB9	0	unassigned	melanogaster	D. melanogaster
A0ACD4DAC0	0	unassigned	melanogaster	D. melanogaster
A0ACD4DAM2	0	unassigned	melanogaster	D. melanogaster
A0ACD4DAM9	1	U-01	melanogaster	D. melanogaster
A0ACD4DAP0	0	unassigned	melanogaster	D. melanogaster
A0ACD4DAP4	1	U-01	melanogaster	D. melanogaster
A0ACD4DAP5	1	U-01	melanogaster	D. melanogaster
A0ACD4DAP6	0	unassigned	melanogaster	D. melanogaster
A0ACD4DAQ0	1	U-01	melanogaster	D. melanogaster
A0ACD4DAR0	1	U-01	melanogaster	D. melanogaster
A0ACD4DAR2	1	U-01	melanogaster	D. melanogaster
A0ACD4DAT4	1	U-01	melanogaster	D. melanogaster
A0ACD4DAU0	0	unassigned	melanogaster	D. melanogaster
A0ACD4DAV4	1	U-01	melanogaster	D. melanogaster
A0ACD4DBC9	1	U-01	melanogaster	D. melanogaster
A0ACD4X2K0	1	U-01	melanogaster	D. melanogaster
A0ACM8PYD4	1	U-01	melanogaster	D. melanogaster
A0ACM8PYJ1	2	U-02	melanogaster	D. melanogaster
A0ACM8PZ20	3	U-03	melanogaster	D. melanogaster
A0ACM8Q2G0	0	unassigned	melanogaster	D. melanogaster
A0ACM8QHR8	2	U-02	melanogaster	D. melanogaster
A0ACM8QJU5	1	U-01	melanogaster	D. melanogaster
A1YK02	1	U-01	melanogaster	D. melanogaster
A1Z6F4	2	U-02	melanogaster	D. melanogaster
A1Z6F6	2	U-02	melanogaster	D. melanogaster
A1Z6H0	3	U-03	melanogaster	D. melanogaster
A1Z6H9	2	U-02	melanogaster	D. melanogaster
A1Z6K7	1	U-01	melanogaster	D. melanogaster
A1Z6L1	1	U-01	melanogaster	D. melanogaster
A1Z6M8	2	U-02	melanogaster	D. melanogaster
A1Z6P0	3	U-03	melanogaster	D. melanogaster
A1Z6P4	1	U-01	melanogaster	D. melanogaster
A1Z6Q1	1	U-01	melanogaster	D. melanogaster
M9PBE5	1	U-01	melanogaster	D. melanogaster
M9PBE8	1	U-01	melanogaster	D. melanogaster
M9PBG9	1	U-01	melanogaster	D. melanogaster
M9PBH6	1	U-01	melanogaster	D. melanogaster
M9PBJ2	1	U-01	melanogaster	D. melanogaster
M9PBJ8	1	U-01	melanogaster	D. melanogaster
M9PBK1	2	U-02	melanogaster	D. melanogaster
M9PBM1	0	unassigned	melanogaster	D. melanogaster
M9PBM3	1	U-01	melanogaster	D. melanogaster
M9PBN1	1	U-01	melanogaster	D. melanogaster
M9PBN6	0	unassigned	melanogaster	D. melanogaster
M9PBN7	1	U-01	melanogaster	D. melanogaster
M9PBN9	1	U-01	melanogaster	D. melanogaster
M9PBQ4	1	U-01	melanogaster	D. melanogaster
M9PBR2	1	U-01	melanogaster	D. melanogaster
M9PBS9	1	U-01	melanogaster	D. melanogaster
M9PBT2	0	unassigned	melanogaster	D. melanogaster
M9PBU3	1	U-01	melanogaster	D. melanogaster
M9PBV2	2	U-02	melanogaster	D. melanogaster
M9PBV5	1	U-01	melanogaster	D. melanogaster
M9PBW0	1	U-01	melanogaster	D. melanogaster
M9PBY2	1	U-01	melanogaster	D. melanogaster
M9PBZ3	1	U-01	melanogaster	D. melanogaster
M9PC12	1	U-01	melanogaster	D. melanogaster
M9PC18	1	U-01	melanogaster	D. melanogaster
M9PC22	0	unassigned	melanogaster	D. melanogaster
Q9VR55	3	U-03	melanogaster	D. melanogaster
Q9W2N5	1	U-01	melanogaster	D. melanogaster
Q9W2N6	1	U-01	melanogaster	D. melanogaster
Q9W2N8	1	U-01	melanogaster	D. melanogaster
Q9W2P8	1	U-01	melanogaster	D. melanogaster
Q9W2Q2	2	U-02	melanogaster	D. melanogaster
Q9W2R0	2	U-02	melanogaster	D. melanogaster
Q9W2R2	1	U-01	melanogaster	D. melanogaster
Q9W2R9	1	U-01	melanogaster	D. melanogaster
Q9W2S7	2	U-02	melanogaster	D. melanogaster
Q9W2S9	1	U-01	melanogaster	D. melanogaster
Q9W2T1	1	U-01	melanogaster	D. melanogaster
Q9W2T3	1	U-01	melanogaster	D. melanogaster
Q9W2T5	0	unassigned	melanogaster	D. melanogaster
Q9W2U2	1	U-01	melanogaster	D. melanogaster
Q9W2U5	1	U-01	melanogaster	D. melanogaster
Q9W2U6	0	unassigned	melanogaster	D. melanogaster
Q9W2U7	1	U-01	melanogaster	D. melanogaster
Q9W2U8	3	U-03	melanogaster	D. melanogaster
Q9W2V2	1	U-01	melanogaster	D. melanogaster
Q9W2V3	1	U-01	melanogaster	D. melanogaster
Q9W2V9	2	U-02	melanogaster	D. melanogaster
Q9W2W2	0	unassigned	melanogaster	D. melanogaster
Q9W2X1	1	U-01	melanogaster	D. melanogaster
Q9W2X2	1	U-01	melanogaster	D. melanogaster
Q9W2X5	1	U-01	melanogaster	D. melanogaster
Q9W2X8	1	U-01	melanogaster	D. melanogaster
Q9W2Y4	1	U-01	melanogaster	D. melanogaster
Q9W2Y8	2	U-02	melanogaster	D. melanogaster
Q9W2Z6	1	U-01	melanogaster	D. melanogaster
Q9W2Z7	1	U-01	melanogaster	D. melanogaster
Q9W2Z8	1	U-01	melanogaster	D. melanogaster
Q9W300	1	U-01	melanogaster	D. melanogaster
Q9W301	2	U-02	melanogaster	D. melanogaster
Q9W302	2	U-02	melanogaster	D. melanogaster
Q9W304	2	U-02	melanogaster	D. melanogaster
Q9W308	1	U-01	melanogaster	D. melanogaster
Q9W316	1	U-01	melanogaster	D. melanogaster
Q9W322	3	U-03	melanogaster	D. melanogaster
Q9W325	1	U-01	melanogaster	D. melanogaster
Q9W337	1	U-01	melanogaster	D. melanogaster
Q9W347	1	U-01	melanogaster	D. melanogaster
Q9W350	1	U-01	melanogaster	D. melanogaster
Q9W366	1	U-01	melanogaster	D. melanogaster
Q9W372	2	U-02	melanogaster	D. melanogaster
Q9W373	1	U-01	melanogaster	D. melanogaster
Q9W376	1	U-01	melanogaster	D. melanogaster
Q9W381	0	unassigned	melanogaster	D. melanogaster
Q9W393	0	unassigned	melanogaster	D. melanogaster
Q9W394	1	U-01	melanogaster	D. melanogaster
Q9W397	1	U-01	melanogaster	D. melanogaster
Q9W3B2	1	U-01	melanogaster	D. melanogaster
Q9W3C0	1	U-01	melanogaster	D. melanogaster
Q9W3C2	1	U-01	melanogaster	D. melanogaster
Q9W3C6	1	U-01	melanogaster	D. melanogaster
Q9W3C8	2	U-02	melanogaster	D. melanogaster
Q9W3C9	1	U-01	melanogaster	D. melanogaster
Q9W3D8	2	U-02	melanogaster	D. melanogaster
Q9W3E3	3	U-03	melanogaster	D. melanogaster
Q9W3E7	1	U-01	melanogaster	D. melanogaster
Q9W3E8	1	U-01	melanogaster	D. melanogaster
Q9W3F6	1	U-01	melanogaster	D. melanogaster
Q9W3G1	1	U-01	melanogaster	D. melanogaster
Q9W3G8	1	U-01	melanogaster	D. melanogaster
Q9W3G9	1	U-01	melanogaster	D. melanogaster
Q9W3H0	2	U-02	melanogaster	D. melanogaster
Q9W3H4	1	U-01	melanogaster	D. melanogaster
Q9W3I6	3	U-03	melanogaster	D. melanogaster
Q9W3J1	1	U-01	melanogaster	D. melanogaster
Q9W3J2	0	unassigned	melanogaster	D. melanogaster
Q9W3J4	0	unassigned	melanogaster	D. melanogaster
Q9W3J8	1	U-01	melanogaster	D. melanogaster
Q9W3J9	1	U-01	melanogaster	D. melanogaster
Q9W3K3	1	U-01	melanogaster	D. melanogaster
Q9W3K6	1	U-01	melanogaster	D. melanogaster
Q9W3L0	1	U-01	melanogaster	D. melanogaster
Q9W3L5	1	U-01	melanogaster	D. melanogaster
Q9W3M6	1	U-01	melanogaster	D. melanogaster
Q9W3N2	2	U-02	melanogaster	D. melanogaster
Q9W3P0	0	unassigned	melanogaster	D. melanogaster
Q9W3P2	0	unassigned	melanogaster	D. melanogaster
Q9W3P4	0	unassigned	melanogaster	D. melanogaster
Q9W3P5	0	unassigned	melanogaster	D. melanogaster
Q9W3P7	1	U-01	melanogaster	D. melanogaster
Q9W3P8	0	unassigned	melanogaster	D. melanogaster
Q9W3Q4	1	U-01	melanogaster	D. melanogaster
Q9W3R0	3	U-03	melanogaster	D. melanogaster
Q9W3S4	1	U-01	melanogaster	D. melanogaster
Q9W3S5	3	U-03	melanogaster	D. melanogaster
Q9W3S8	3	U-03	melanogaster	D. melanogaster
Q9W3T0	1	U-01	melanogaster	D. melanogaster
Q9W3T2	1	U-01	melanogaster	D. melanogaster
Q9W3T3	0	unassigned	melanogaster	D. melanogaster
Q9W3U0	1	U-01	melanogaster	D. melanogaster
Q9W3U7	1	U-01	melanogaster	D. melanogaster
Q9W3V7	1	U-01	melanogaster	D. melanogaster
Q9W3W7	3	U-03	melanogaster	D. melanogaster
Q9W3X0	1	U-01	melanogaster	D. melanogaster
Q9W3X3	1	U-01	melanogaster	D. melanogaster
Q9W3X5	1	U-01	melanogaster	D. melanogaster
Q4ABE7	2	U-02	melanogaster	D. melanogaster
Q4ABE8	2	U-02	melanogaster	D. melanogaster
Q4ABE9	2	U-02	melanogaster	D. melanogaster
Q4ABF0	2	U-02	melanogaster	D. melanogaster
Q4LBB6	1	U-01	melanogaster	D. melanogaster
Q4V4I9	1	U-01	melanogaster	D. melanogaster
Q4V5A3	1	U-01	melanogaster	D. melanogaster
Q4V622	3	U-03	melanogaster	D. melanogaster
Q4Z8K6	1	U-01	melanogaster	D. melanogaster
Q59DN7	0	unassigned	melanogaster	D. melanogaster
Q59DN8	1	U-01	melanogaster	D. melanogaster
Q59DN9	1	U-01	melanogaster	D. melanogaster
Q59DP0	0	unassigned	melanogaster	D. melanogaster
Q59DQ4	2	U-02	melanogaster	D. melanogaster
Q59DT9	1	U-01	melanogaster	D. melanogaster
Q59DW9	1	U-01	melanogaster	D. melanogaster
Q59DX2	1	U-01	melanogaster	D. melanogaster
Q59DX8	1	U-01	melanogaster	D. melanogaster
Q59DY9	1	U-01	melanogaster	D. melanogaster
Q59DZ0	1	U-01	melanogaster	D. melanogaster
Q59DZ3	2	U-02	melanogaster	D. melanogaster
Q59E27	1	U-01	melanogaster	D. melanogaster
Q59E36	1	U-01	melanogaster	D. melanogaster
Q59E38	1	U-01	melanogaster	D. melanogaster
Q59E49	1	U-01	melanogaster	D. melanogaster
Q59E50	3	U-03	melanogaster	D. melanogaster
Q59E51	3	U-03	melanogaster	D. melanogaster
Q59E52	3	U-03	melanogaster	D. melanogaster
Q59E53	3	U-03	melanogaster	D. melanogaster
Q59E55	1	U-01	melanogaster	D. melanogaster
Q59E61	0	unassigned	melanogaster	D. melanogaster
Q5BI31	1	U-01	melanogaster	D. melanogaster
Q5EAK6	1	U-01	melanogaster	D. melanogaster
Q5LJZ2	1	U-01	melanogaster	D. melanogaster
Q5U117	1	U-01	melanogaster	D. melanogaster
Q6AWJ9	2	U-02	melanogaster	D. melanogaster
Q6AWN0	1	U-01	melanogaster	D. melanogaster
Q6IDD9	1	U-01	melanogaster	D. melanogaster
Q6IGX9	1	U-01	melanogaster	D. melanogaster
Q6NN55	3	U-03	melanogaster	D. melanogaster
Q6NNF2	1	U-01	melanogaster	D. melanogaster
Q6NP91	3	U-03	melanogaster	D. melanogaster
Q6WV17	2	U-02	melanogaster	D. melanogaster
Q6WV19	2	U-02	melanogaster	D. melanogaster
Q6WV20	2	U-02	melanogaster	D. melanogaster
Q709R6	1	U-01	melanogaster	D. melanogaster
Q70PY2	2	U-02	melanogaster	D. melanogaster
Q76NQ1	1	U-01	melanogaster	D. melanogaster
Q9VMG0	1	U-01	melanogaster	D. melanogaster
Q9VMH0	1	U-01	melanogaster	D. melanogaster
Q9VMH2	1	U-01	melanogaster	D. melanogaster
Q9VMI9	1	U-01	melanogaster	D. melanogaster
Q9VMK3	1	U-01	melanogaster	D. melanogaster
Q9VML1	1	U-01	melanogaster	D. melanogaster
Q9VML2	1	U-01	melanogaster	D. melanogaster
Q9VMM6	2	U-02	melanogaster	D. melanogaster
Q9VMM8	2	U-02	melanogaster	D. melanogaster
Q9VMN5	1	U-01	melanogaster	D. melanogaster
Q9VMP3	2	U-02	melanogaster	D. melanogaster
Q9VMP4	2	U-02	melanogaster	D. melanogaster
Q9VMQ4	1	U-01	melanogaster	D. melanogaster
Q9VMQ7	1	U-01	melanogaster	D. melanogaster
Q9VMR2	1	U-01	melanogaster	D. melanogaster
Q9VMR4	1	U-01	melanogaster	D. melanogaster
Q9VMU8	3	U-03	melanogaster	D. melanogaster
Q9VMV5	0	unassigned	melanogaster	D. melanogaster
Q9VMW9	1	U-01	melanogaster	D. melanogaster
Q9VMX6	1	U-01	melanogaster	D. melanogaster
Q9VMY8	1	U-01	melanogaster	D. melanogaster
Q9VMY9	1	U-01	melanogaster	D. melanogaster
Q9VN03	1	U-01	melanogaster	D. melanogaster
Q9VN10	1	U-01	melanogaster	D. melanogaster
Q9VN14	2	U-02	melanogaster	D. melanogaster
Q9VN25	1	U-01	melanogaster	D. melanogaster
Q9VN38	3	U-03	melanogaster	D. melanogaster
Q9VN51	1	U-01	melanogaster	D. melanogaster
Q9VN60	1	U-01	melanogaster	D. melanogaster
Q9VN82	1	U-01	melanogaster	D. melanogaster
Q9VN89	1	U-01	melanogaster	D. melanogaster
Q9VN91	1	U-01	melanogaster	D. melanogaster
Q9VNB5	0	unassigned	melanogaster	D. melanogaster
Q9VND0	1	U-01	melanogaster	D. melanogaster
Q9VND3	1	U-01	melanogaster	D. melanogaster
Q9VND8	1	U-01	melanogaster	D. melanogaster
Q9VNE2	1	U-01	melanogaster	D. melanogaster
Q9VNE4	0	unassigned	melanogaster	D. melanogaster
Q9VNF8	1	U-01	melanogaster	D. melanogaster
Q9VNG6	1	U-01	melanogaster	D. melanogaster
Q9VNH6	1	U-01	melanogaster	D. melanogaster
Q9VNI0	1	U-01	melanogaster	D. melanogaster
Q9VNI3	1	U-01	melanogaster	D. melanogaster
Q9VNJ0	1	U-01	melanogaster	D. melanogaster
Q9VNJ5	3	U-03	melanogaster	D. melanogaster
Q9VNM1	3	U-03	melanogaster	D. melanogaster
Q9VNR7	1	U-01	melanogaster	D. melanogaster
Q9VNX1	1	U-01	melanogaster	D. melanogaster
Q9VP20	1	U-01	melanogaster	D. melanogaster
Q9VP57	1	U-01	melanogaster	D. melanogaster
Q9VP95	0	unassigned	melanogaster	D. melanogaster
Q9VPD3	3	U-03	melanogaster	D. melanogaster
A8JUT2	1	U-01	melanogaster	D. melanogaster
A8JUU7	1	U-01	melanogaster	D. melanogaster
A8JUW4	1	U-01	melanogaster	D. melanogaster
A8JUZ6	1	U-01	melanogaster	D. melanogaster
A8JUZ9	0	unassigned	melanogaster	D. melanogaster
A8JV02	0	unassigned	melanogaster	D. melanogaster
A8JV13	1	U-01	melanogaster	D. melanogaster
A8JV15	1	U-01	melanogaster	D. melanogaster
A8JV30	1	U-01	melanogaster	D. melanogaster
A8QHW8	1	U-01	melanogaster	D. melanogaster
A8QI20	1	U-01	melanogaster	D. melanogaster
A8QIA9	1	U-01	melanogaster	D. melanogaster
A8Y4U4	1	U-01	melanogaster	D. melanogaster
A8Y4U7	2	U-02	melanogaster	D. melanogaster
A8Y5B0	1	U-01	melanogaster	D. melanogaster
B7YZD7	0	unassigned	melanogaster	D. melanogaster
B7YZF1	1	U-01	melanogaster	D. melanogaster
B7YZH0	3	U-03	melanogaster	D. melanogaster
Q7KS21	2	U-02	melanogaster	D. melanogaster
Q7KS23	2	U-02	melanogaster	D. melanogaster
Q7KS25	2	U-02	melanogaster	D. melanogaster
Q7KS33	1	U-01	melanogaster	D. melanogaster
Q7KS37	1	U-01	melanogaster	D. melanogaster
Q7KS42	1	U-01	melanogaster	D. melanogaster
Q7KS44	3	U-03	melanogaster	D. melanogaster
Q7KS47	0	unassigned	melanogaster	D. melanogaster
Q7KS49	0	unassigned	melanogaster	D. melanogaster
Q7KS66	0	unassigned	melanogaster	D. melanogaster
Q7KS67	1	U-01	melanogaster	D. melanogaster
Q7KS71	1	U-01	melanogaster	D. melanogaster
Q7KS91	1	U-01	melanogaster	D. melanogaster
Q7KS93	0	unassigned	melanogaster	D. melanogaster
Q7KS96	1	U-01	melanogaster	D. melanogaster
Q7KS98	2	U-02	melanogaster	D. melanogaster
Q7KSA2	1	U-01	melanogaster	D. melanogaster
Q7KSA4	1	U-01	melanogaster	D. melanogaster
Q7KSA5	1	U-01	melanogaster	D. melanogaster
Q7KSB4	2	U-02	melanogaster	D. melanogaster
Q7KSC0	1	U-01	melanogaster	D. melanogaster
Q7KSC6	1	U-01	melanogaster	D. melanogaster
Q7KSE0	1	U-01	melanogaster	D. melanogaster
Q7KSE3	1	U-01	melanogaster	D. melanogaster
Q7KSE6	0	unassigned	melanogaster	D. melanogaster
Q7KSF1	3	U-03	melanogaster	D. melanogaster
Q7KSF2	1	U-01	melanogaster	D. melanogaster
Q7KSF6	1	U-01	melanogaster	D. melanogaster
Q7KSG1	1	U-01	melanogaster	D. melanogaster
Q7KSG2	1	U-01	melanogaster	D. melanogaster
Q7KSG6	1	U-01	melanogaster	D. melanogaster
Q7KSG7	1	U-01	melanogaster	D. melanogaster
Q7KSG9	3	U-03	melanogaster	D. melanogaster
Q7KSH2	1	U-01	melanogaster	D. melanogaster
Q7KSH5	2	U-02	melanogaster	D. melanogaster
Q7KSI3	1	U-01	melanogaster	D. melanogaster
Q7KSI5	3	U-03	melanogaster	D. melanogaster
Q7KSI8	1	U-01	melanogaster	D. melanogaster
Q7KSJ3	0	unassigned	melanogaster	D. melanogaster
Q7KSK7	1	U-01	melanogaster	D. melanogaster
Q7KSK8	1	U-01	melanogaster	D. melanogaster
Q7KSP2	1	U-01	melanogaster	D. melanogaster
Q7KSQ1	1	U-01	melanogaster	D. melanogaster
Q7KSQ8	1	U-01	melanogaster	D. melanogaster
Q7KSR2	3	U-03	melanogaster	D. melanogaster
Q7KSR3	1	U-01	melanogaster	D. melanogaster
Q7KSU3	1	U-01	melanogaster	D. melanogaster
Q7KSU4	1	U-01	melanogaster	D. melanogaster
Q7KSU5	1	U-01	melanogaster	D. melanogaster
Q7KSU7	1	U-01	melanogaster	D. melanogaster
Q7KSV2	1	U-01	melanogaster	D. melanogaster
Q7KSV6	0	unassigned	melanogaster	D. melanogaster
Q7KSW1	1	U-01	melanogaster	D. melanogaster
Q7KSW6	1	U-01	melanogaster	D. melanogaster
Q7KSW8	1	U-01	melanogaster	D. melanogaster
Q7KSX8	1	U-01	melanogaster	D. melanogaster
Q7KSX9	1	U-01	melanogaster	D. melanogaster
Q7KSZ3	3	U-03	melanogaster	D. melanogaster
Q7KSZ4	1	U-01	melanogaster	D. melanogaster
Q7KT08	1	U-01	melanogaster	D. melanogaster
Q7KT15	1	U-01	melanogaster	D. melanogaster
Q7KT17	1	U-01	melanogaster	D. melanogaster
Q7KT20	2	U-02	melanogaster	D. melanogaster
Q7KT21	1	U-01	melanogaster	D. melanogaster
Q7KT25	1	U-01	melanogaster	D. melanogaster
Q7KT36	0	unassigned	melanogaster	D. melanogaster
Q7KT37	1	U-01	melanogaster	D. melanogaster
Q7KT46	1	U-01	melanogaster	D. melanogaster
Q7KT47	0	unassigned	melanogaster	D. melanogaster
Q7KT49	1	U-01	melanogaster	D. melanogaster
Q7KT55	1	U-01	melanogaster	D. melanogaster
Q7KT58	2	U-02	melanogaster	D. melanogaster
Q7KT60	1	U-01	melanogaster	D. melanogaster
Q7KT62	1	U-01	melanogaster	D. melanogaster
Q7KT67	1	U-01	melanogaster	D. melanogaster
Q7KT68	1	U-01	melanogaster	D. melanogaster
Q7KT81	1	U-01	melanogaster	D. melanogaster
Q7KT99	1	U-01	melanogaster	D. melanogaster
Q7KTA2	0	unassigned	melanogaster	D. melanogaster
Q7KTA3	1	U-01	melanogaster	D. melanogaster
Q7KTA5	1	U-01	melanogaster	D. melanogaster
Q7KTA7	1	U-01	melanogaster	D. melanogaster
E1JHR5	1	U-01	melanogaster	D. melanogaster
E1JHT0	2	U-02	melanogaster	D. melanogaster
Q7KT86	1	U-01	melanogaster	D. melanogaster
Q7KT95	0	unassigned	melanogaster	D. melanogaster
Q7KTA9	0	unassigned	melanogaster	D. melanogaster
Q7KTD6	1	U-01	melanogaster	D. melanogaster
Q7KTG4	3	U-03	melanogaster	D. melanogaster
Q7KTG5	1	U-01	melanogaster	D. melanogaster
Q7KTI0	0	unassigned	melanogaster	D. melanogaster
Q7KTJ2	1	U-01	melanogaster	D. melanogaster
Q7KTK1	2	U-02	melanogaster	D. melanogaster
Q7KTK9	1	U-01	melanogaster	D. melanogaster
Q7KTL6	3	U-03	melanogaster	D. melanogaster
Q7KTR8	1	U-01	melanogaster	D. melanogaster
Q7KTT4	1	U-01	melanogaster	D. melanogaster
Q7KTV7	1	U-01	melanogaster	D. melanogaster
Q7KTW5	1	U-01	melanogaster	D. melanogaster
Q7KTW9	1	U-01	melanogaster	D. melanogaster
Q7KTY9	1	U-01	melanogaster	D. melanogaster
Q7KU01	1	U-01	melanogaster	D. melanogaster
Q7KU30	1	U-01	melanogaster	D. melanogaster
Q7KU55	3	U-03	melanogaster	D. melanogaster
Q7KU56	3	U-03	melanogaster	D. melanogaster
Q7KU78	1	U-01	melanogaster	D. melanogaster
Q7KU87	1	U-01	melanogaster	D. melanogaster
Q7KU88	1	U-01	melanogaster	D. melanogaster
Q7KU89	1	U-01	melanogaster	D. melanogaster
Q7KU90	1	U-01	melanogaster	D. melanogaster
Q7KU93	1	U-01	melanogaster	D. melanogaster
Q7KU97	1	U-01	melanogaster	D. melanogaster
Q7KUB3	1	U-01	melanogaster	D. melanogaster
Q7KUC2	1	U-01	melanogaster	D. melanogaster
Q7KUD6	3	U-03	melanogaster	D. melanogaster
Q7KUH5	1	U-01	melanogaster	D. melanogaster
Q7KUM8	1	U-01	melanogaster	D. melanogaster
Q7KUN2	1	U-01	melanogaster	D. melanogaster
Q7KUP3	1	U-01	melanogaster	D. melanogaster
Q7KUQ6	0	unassigned	melanogaster	D. melanogaster
Q7KUT8	1	U-01	melanogaster	D. melanogaster
Q7KUU5	1	U-01	melanogaster	D. melanogaster
Q7KUX5	1	U-01	melanogaster	D. melanogaster
Q7KUX7	1	U-01	melanogaster	D. melanogaster
Q7KUZ1	1	U-01	melanogaster	D. melanogaster
Q7KUZ2	1	U-01	melanogaster	D. melanogaster
Q7KV27	1	U-01	melanogaster	D. melanogaster
Q7KV53	0	unassigned	melanogaster	D. melanogaster
Q7KV66	1	U-01	melanogaster	D. melanogaster
Q7KV76	0	unassigned	melanogaster	D. melanogaster
Q7KV83	1	U-01	melanogaster	D. melanogaster
Q7KV91	1	U-01	melanogaster	D. melanogaster
Q7KV92	1	U-01	melanogaster	D. melanogaster
Q7KV94	1	U-01	melanogaster	D. melanogaster
Q7KV95	1	U-01	melanogaster	D. melanogaster
Q7KVA7	1	U-01	melanogaster	D. melanogaster
Q7KVF5	2	U-02	melanogaster	D. melanogaster
Q7KVH5	3	U-03	melanogaster	D. melanogaster
Q7KVH7	1	U-01	melanogaster	D. melanogaster
Q7KVM2	1	U-01	melanogaster	D. melanogaster
Q7KVM5	1	U-01	melanogaster	D. melanogaster
Q7KVM8	2	U-02	melanogaster	D. melanogaster
Q7KVP4	1	U-01	melanogaster	D. melanogaster
Q7KVQ7	3	U-03	melanogaster	D. melanogaster
Q7KVR5	1	U-01	melanogaster	D. melanogaster
Q7KVU2	1	U-01	melanogaster	D. melanogaster
Q7KVX0	1	U-01	melanogaster	D. melanogaster
Q7KW08	1	U-01	melanogaster	D. melanogaster
Q7KW13	2	U-02	melanogaster	D. melanogaster
Q7KW39	1	U-01	melanogaster	D. melanogaster
Q7KW41	1	U-01	melanogaster	D. melanogaster
Q7PL91	3	U-03	melanogaster	D. melanogaster
Q7PLC6	1	U-01	melanogaster	D. melanogaster
Q7PLI7	1	U-01	melanogaster	D. melanogaster
Q7PLL1	1	U-01	melanogaster	D. melanogaster
Q7PLL3	1	U-01	melanogaster	D. melanogaster
Q7PLP4	1	U-01	melanogaster	D. melanogaster
Q7YZH1	1	U-01	melanogaster	D. melanogaster
Q86B48	1	U-01	melanogaster	D. melanogaster
Q86B49	1	U-01	melanogaster	D. melanogaster
Q86B53	1	U-01	melanogaster	D. melanogaster
Q86B54	3	U-03	melanogaster	D. melanogaster
Q86B77	2	U-02	melanogaster	D. melanogaster
Q86B94	2	U-02	melanogaster	D. melanogaster
Q86B95	2	U-02	melanogaster	D. melanogaster
Q86B96	2	U-02	melanogaster	D. melanogaster
Q86B97	2	U-02	melanogaster	D. melanogaster
Q86BI8	1	U-01	melanogaster	D. melanogaster
Q86BM5	1	U-01	melanogaster	D. melanogaster
Q86BP1	1	U-01	melanogaster	D. melanogaster
Q86BR6	1	U-01	melanogaster	D. melanogaster
Q86BR7	1	U-01	melanogaster	D. melanogaster
Q86BR8	1	U-01	melanogaster	D. melanogaster
Q9VNE7	1	U-01	melanogaster	D. melanogaster
Q9VNG7	1	U-01	melanogaster	D. melanogaster
Q9VNG9	1	U-01	melanogaster	D. melanogaster
Q9VNH5	1	U-01	melanogaster	D. melanogaster
Q9VNI8	1	U-01	melanogaster	D. melanogaster
Q9VNI9	1	U-01	melanogaster	D. melanogaster
Q9VNK6	2	U-02	melanogaster	D. melanogaster
Q9VNK9	0	unassigned	melanogaster	D. melanogaster
Q9VNP2	2	U-02	melanogaster	D. melanogaster
M9ND71	1	U-01	melanogaster	D. melanogaster
M9ND72	1	U-01	melanogaster	D. melanogaster
M9ND73	1	U-01	melanogaster	D. melanogaster
M9ND75	1	U-01	melanogaster	D. melanogaster
M9ND84	2	U-02	melanogaster	D. melanogaster
M9ND85	1	U-01	melanogaster	D. melanogaster
M9ND86	1	U-01	melanogaster	D. melanogaster
M9NDA6	1	U-01	melanogaster	D. melanogaster
M9NDB4	1	U-01	melanogaster	D. melanogaster
M9NDB5	0	unassigned	melanogaster	D. melanogaster
M9NDC4	1	U-01	melanogaster	D. melanogaster
M9NDC9	1	U-01	melanogaster	D. melanogaster
M9NDD9	2	U-02	melanogaster	D. melanogaster
M9NDG1	3	U-03	melanogaster	D. melanogaster
M9NDG5	1	U-01	melanogaster	D. melanogaster
M9NDG6	1	U-01	melanogaster	D. melanogaster
M9NDG7	1	U-01	melanogaster	D. melanogaster
M9NDG8	1	U-01	melanogaster	D. melanogaster
M9NDH7	1	U-01	melanogaster	D. melanogaster
M9NDH9	1	U-01	melanogaster	D. melanogaster
M9NDJ0	1	U-01	melanogaster	D. melanogaster
M9NDK0	1	U-01	melanogaster	D. melanogaster
M9NDK7	1	U-01	melanogaster	D. melanogaster
M9NDM6	1	U-01	melanogaster	D. melanogaster
M9NDN4	1	U-01	melanogaster	D. melanogaster
M9NDP0	1	U-01	melanogaster	D. melanogaster
M9NDP2	3	U-03	melanogaster	D. melanogaster
M9NDP3	1	U-01	melanogaster	D. melanogaster
M9NDQ5	2	U-02	melanogaster	D. melanogaster
M9NDR2	1	U-01	melanogaster	D. melanogaster
M9NDR9	1	U-01	melanogaster	D. melanogaster
M9NDS5	1	U-01	melanogaster	D. melanogaster
M9NDT0	0	unassigned	melanogaster	D. melanogaster
M9NDT2	2	U-02	melanogaster	D. melanogaster
M9NDT5	1	U-01	melanogaster	D. melanogaster
M9NDV5	3	U-03	melanogaster	D. melanogaster
M9NDV6	0	unassigned	melanogaster	D. melanogaster
M9NDW1	1	U-01	melanogaster	D. melanogaster
M9NDW2	1	U-01	melanogaster	D. melanogaster
M9NDX6	1	U-01	melanogaster	D. melanogaster
M9NDY2	1	U-01	melanogaster	D. melanogaster
M9NDY4	3	U-03	melanogaster	D. melanogaster
M9NDY6	1	U-01	melanogaster	D. melanogaster
M9NDY9	2	U-02	melanogaster	D. melanogaster
M9NE04	1	U-01	melanogaster	D. melanogaster
M9NE07	1	U-01	melanogaster	D. melanogaster
M9NE09	1	U-01	melanogaster	D. melanogaster
M9NE32	1	U-01	melanogaster	D. melanogaster
M9NE47	1	U-01	melanogaster	D. melanogaster
M9NE52	1	U-01	melanogaster	D. melanogaster
M9NE59	0	unassigned	melanogaster	D. melanogaster
M9NE65	1	U-01	melanogaster	D. melanogaster
M9NE70	1	U-01	melanogaster	D. melanogaster
M9NE71	0	unassigned	melanogaster	D. melanogaster
M9NE73	1	U-01	melanogaster	D. melanogaster
M9NE79	2	U-02	melanogaster	D. melanogaster
M9NE86	2	U-02	melanogaster	D. melanogaster
M9NE87	1	U-01	melanogaster	D. melanogaster
Q6ILC6	2	U-02	melanogaster	D. melanogaster
Q70VI1	0	unassigned	melanogaster	D. melanogaster
Q76NP9	1	U-01	melanogaster	D. melanogaster
Q76NQ2	3	U-03	melanogaster	D. melanogaster
Q7JUR6	1	U-01	melanogaster	D. melanogaster
Q7JVR7	1	U-01	melanogaster	D. melanogaster
Q7JW12	3	U-03	melanogaster	D. melanogaster
Q7JWG9	1	U-01	melanogaster	D. melanogaster
Q7JWR9	1	U-01	melanogaster	D. melanogaster
Q7JZM8	1	U-01	melanogaster	D. melanogaster
Q7K0F0	1	U-01	melanogaster	D. melanogaster
Q7K3B9	1	U-01	melanogaster	D. melanogaster
Q7K486	1	U-01	melanogaster	D. melanogaster
Q7KI49	3	U-03	melanogaster	D. melanogaster
Q7KNA0	1	U-01	melanogaster	D. melanogaster
Q7KQN4	1	U-01	melanogaster	D. melanogaster
Q7KQN6	3	U-03	melanogaster	D. melanogaster
Q7KQP3	1	U-01	melanogaster	D. melanogaster
Q7KQQ0	2	U-02	melanogaster	D. melanogaster
Q7KR04	1	U-01	melanogaster	D. melanogaster
Q7KRT4	1	U-01	melanogaster	D. melanogaster
Q7KRT5	1	U-01	melanogaster	D. melanogaster
Q7KRT7	3	U-03	melanogaster	D. melanogaster
Q7KRU0	1	U-01	melanogaster	D. melanogaster
Q7KRU1	1	U-01	melanogaster	D. melanogaster
Q7KRU2	2	U-02	melanogaster	D. melanogaster
Q7KRU3	2	U-02	melanogaster	D. melanogaster
Q7KRV5	1	U-01	melanogaster	D. melanogaster
Q7KRV9	1	U-01	melanogaster	D. melanogaster
Q7KRX8	1	U-01	melanogaster	D. melanogaster
Q7KRY5	2	U-02	melanogaster	D. melanogaster
Q7KS02	1	U-01	melanogaster	D. melanogaster
Q7KS09	3	U-03	melanogaster	D. melanogaster
Q7KS11	1	U-01	melanogaster	D. melanogaster
Q7KS12	1	U-01	melanogaster	D. melanogaster
Q7KS26	1	U-01	melanogaster	D. melanogaster
Q7KS30	1	U-01	melanogaster	D. melanogaster
Q7KS38	1	U-01	melanogaster	D. melanogaster
Q7KS40	3	U-03	melanogaster	D. melanogaster
Q7KS43	2	U-02	melanogaster	D. melanogaster
Q7KS50	1	U-01	melanogaster	D. melanogaster
Q7KS53	1	U-01	melanogaster	D. melanogaster
Q9VQ80	1	U-01	melanogaster	D. melanogaster
Q9VQ88	3	U-03	melanogaster	D. melanogaster
Q9VQA5	1	U-01	melanogaster	D. melanogaster
Q9VQA7	2	U-02	melanogaster	D. melanogaster
Q9VQA8	1	U-01	melanogaster	D. melanogaster
Q9VQB9	1	U-01	melanogaster	D. melanogaster
Q9VQE1	1	U-01	melanogaster	D. melanogaster
Q9VQG6	1	U-01	melanogaster	D. melanogaster
Q9VQH3	2	U-02	melanogaster	D. melanogaster
Q9VQI4	1	U-01	melanogaster	D. melanogaster
Q9VQL0	0	unassigned	melanogaster	D. melanogaster
Q9VQL2	1	U-01	melanogaster	D. melanogaster
Q9VQL5	1	U-01	melanogaster	D. melanogaster
Q9VQN1	1	U-01	melanogaster	D. melanogaster
Q9VQN2	1	U-01	melanogaster	D. melanogaster
Q9VQN6	3	U-03	melanogaster	D. melanogaster
Q9VQN9	3	U-03	melanogaster	D. melanogaster
Q9VQP1	3	U-03	melanogaster	D. melanogaster
Q9VQP2	3	U-03	melanogaster	D. melanogaster
Q9VQP5	1	U-01	melanogaster	D. melanogaster
Q9VQQ3	1	U-01	melanogaster	D. melanogaster
Q9VQQ4	1	U-01	melanogaster	D. melanogaster
Q9VQR0	0	unassigned	melanogaster	D. melanogaster
Q9VQR5	1	U-01	melanogaster	D. melanogaster
Q9VQS1	0	unassigned	melanogaster	D. melanogaster
Q9VQS3	2	U-02	melanogaster	D. melanogaster
A0ACD4DAU3	2	U-02	melanogaster	D. melanogaster
A0ACD4DAU7	2	U-02	melanogaster	D. melanogaster
A0ACD4DAV0	1	U-01	melanogaster	D. melanogaster
A0ACM8PZ17	3	U-03	melanogaster	D. melanogaster
A0ACM8PZ74	1	U-01	melanogaster	D. melanogaster
A0ACM8PZ75	1	U-01	melanogaster	D. melanogaster
A1Z6H7	2	U-02	melanogaster	D. melanogaster
A1Z6I7	1	U-01	melanogaster	D. melanogaster
A1Z6I9	1	U-01	melanogaster	D. melanogaster
A1Z6L9	1	U-01	melanogaster	D. melanogaster
A1Z6M2	1	U-01	melanogaster	D. melanogaster
A1Z6N4	1	U-01	melanogaster	D. melanogaster
A1Z6P3	0	unassigned	melanogaster	D. melanogaster
A1Z6S7	1	U-01	melanogaster	D. melanogaster
A1Z6W3	1	U-01	melanogaster	D. melanogaster
A1Z6X1	0	unassigned	melanogaster	D. melanogaster
A1Z6X2	0	unassigned	melanogaster	D. melanogaster
A1Z6X3	0	unassigned	melanogaster	D. melanogaster
A1Z6Z8	1	U-01	melanogaster	D. melanogaster
A1Z6Z9	1	U-01	melanogaster	D. melanogaster
A1Z700	1	U-01	melanogaster	D. melanogaster
A1Z746	1	U-01	melanogaster	D. melanogaster
A1Z7A6	1	U-01	melanogaster	D. melanogaster
A1Z7A8	1	U-01	melanogaster	D. melanogaster
A1Z7G7	2	U-02	melanogaster	D. melanogaster
A1Z7H3	1	U-01	melanogaster	D. melanogaster
A1Z7J1	2	U-02	melanogaster	D. melanogaster
A1Z7K9	1	U-01	melanogaster	D. melanogaster
A1Z7L8	1	U-01	melanogaster	D. melanogaster
A1Z7N9	0	unassigned	melanogaster	D. melanogaster
A1Z7P7	1	U-01	melanogaster	D. melanogaster
A1Z7P8	1	U-01	melanogaster	D. melanogaster
A1Z7P9	1	U-01	melanogaster	D. melanogaster
A1Z7Q1	1	U-01	melanogaster	D. melanogaster
A1Z7S2	1	U-01	melanogaster	D. melanogaster
A1Z7S3	1	U-01	melanogaster	D. melanogaster
A1Z7T0	1	U-01	melanogaster	D. melanogaster
A1Z7T1	1	U-01	melanogaster	D. melanogaster
A1Z7T2	1	U-01	melanogaster	D. melanogaster
A1Z7T3	1	U-01	melanogaster	D. melanogaster
A1Z7Y7	1	U-01	melanogaster	D. melanogaster
A1Z7Z9	0	unassigned	melanogaster	D. melanogaster
A1Z877	2	U-02	melanogaster	D. melanogaster
A1Z898	1	U-01	melanogaster	D. melanogaster
A1Z8A4	1	U-01	melanogaster	D. melanogaster
A1Z8D0	1	U-01	melanogaster	D. melanogaster
A1Z8F4	1	U-01	melanogaster	D. melanogaster
A1Z8N1	3	U-03	melanogaster	D. melanogaster
A1Z8R8	3	U-03	melanogaster	D. melanogaster
A1Z8W8	1	U-01	melanogaster	D. melanogaster
A1Z8X3	1	U-01	melanogaster	D. melanogaster
A1Z920	2	U-02	melanogaster	D. melanogaster
A1Z921	2	U-02	melanogaster	D. melanogaster
A1Z927	1	U-01	melanogaster	D. melanogaster
A1Z928	1	U-01	melanogaster	D. melanogaster
A1Z987	1	U-01	melanogaster	D. melanogaster
A1Z995	1	U-01	melanogaster	D. melanogaster
A1Z9D7	2	U-02	melanogaster	D. melanogaster
A1Z9E2	1	U-01	melanogaster	D. melanogaster
A1Z9G2	1	U-01	melanogaster	D. melanogaster
A1Z9I5	1	U-01	melanogaster	D. melanogaster
A1Z9I8	0	unassigned	melanogaster	D. melanogaster
A1Z9I9	0	unassigned	melanogaster	D. melanogaster
A1Z9J0	0	unassigned	melanogaster	D. melanogaster
A1Z9J1	0	unassigned	melanogaster	D. melanogaster
A1Z9J2	0	unassigned	melanogaster	D. melanogaster
A1Z9J3	1	U-01	melanogaster	D. melanogaster
A1Z9J4	1	U-01	melanogaster	D. melanogaster
A1Z9K8	1	U-01	melanogaster	D. melanogaster
A1Z9L3	1	U-01	melanogaster	D. melanogaster
A1Z9M6	3	U-03	melanogaster	D. melanogaster
A1Z9N0	1	U-01	melanogaster	D. melanogaster
A1Z9N7	1	U-01	melanogaster	D. melanogaster
A1Z9N8	1	U-01	melanogaster	D. melanogaster
Q9VXK6	1	U-01	melanogaster	D. melanogaster
Q9VXK7	1	U-01	melanogaster	D. melanogaster
Q9VXL0	0	unassigned	melanogaster	D. melanogaster
Q9VXL1	2	U-02	melanogaster	D. melanogaster
Q9VXL4	1	U-01	melanogaster	D. melanogaster
Q9VXM5	1	U-01	melanogaster	D. melanogaster
Q9VXN4	1	U-01	melanogaster	D. melanogaster
Q9VXN5	1	U-01	melanogaster	D. melanogaster
Q9VXP5	1	U-01	melanogaster	D. melanogaster
Q9VXP8	0	unassigned	melanogaster	D. melanogaster
Q9VXQ3	1	U-01	melanogaster	D. melanogaster
Q9VXQ5	1	U-01	melanogaster	D. melanogaster
Q9VXR3	0	unassigned	melanogaster	D. melanogaster
Q9VXT3	1	U-01	melanogaster	D. melanogaster
Q9VXT4	1	U-01	melanogaster	D. melanogaster
Q9VXT8	1	U-01	melanogaster	D. melanogaster
Q9VXV3	1	U-01	melanogaster	D. melanogaster
Q9VXW2	1	U-01	melanogaster	D. melanogaster
Q9VXY5	1	U-01	melanogaster	D. melanogaster
Q9VXY9	2	U-02	melanogaster	D. melanogaster
Q9VXZ0	1	U-01	melanogaster	D. melanogaster
Q9VXZ8	1	U-01	melanogaster	D. melanogaster
Q9VY01	2	U-02	melanogaster	D. melanogaster
Q9VY26	3	U-03	melanogaster	D. melanogaster
Q9VY33	2	U-02	melanogaster	D. melanogaster
Q9VY46	1	U-01	melanogaster	D. melanogaster
Q9VY47	1	U-01	melanogaster	D. melanogaster
Q9VY83	1	U-01	melanogaster	D. melanogaster
Q9VY86	2	U-02	melanogaster	D. melanogaster
Q9VY91	1	U-01	melanogaster	D. melanogaster
Q9VY93	1	U-01	melanogaster	D. melanogaster
Q9VY97	1	U-01	melanogaster	D. melanogaster
Q9VY98	1	U-01	melanogaster	D. melanogaster
Q9VYD8	1	U-01	melanogaster	D. melanogaster
Q9VYE1	1	U-01	melanogaster	D. melanogaster
Q9VYF2	2	U-02	melanogaster	D. melanogaster
Q9VYG3	3	U-03	melanogaster	D. melanogaster
Q9VYH1	0	unassigned	melanogaster	D. melanogaster
Q9VYH2	2	U-02	melanogaster	D. melanogaster
Q9VYH9	3	U-03	melanogaster	D. melanogaster
Q9VYI6	1	U-01	melanogaster	D. melanogaster
Q9VYJ4	1	U-01	melanogaster	D. melanogaster
Q9VYJ5	1	U-01	melanogaster	D. melanogaster
Q9VYK5	1	U-01	melanogaster	D. melanogaster
Q9VYK6	1	U-01	melanogaster	D. melanogaster
A0A0B4K7A3	1	U-01	melanogaster	D. melanogaster
A0A0B4K7A7	2	U-02	melanogaster	D. melanogaster
A0A0B4K7B0	1	U-01	melanogaster	D. melanogaster
A0A0B4K7B3	3	U-03	melanogaster	D. melanogaster
A0A0B4K7B6	1	U-01	melanogaster	D. melanogaster
A0A0B4K7C1	1	U-01	melanogaster	D. melanogaster
A0A0B4K7C8	0	unassigned	melanogaster	D. melanogaster
A0A0B4K7D0	1	U-01	melanogaster	D. melanogaster
A0A0B4K7D1	1	U-01	melanogaster	D. melanogaster
A0A0B4K7D8	1	U-01	melanogaster	D. melanogaster
A0A0B4K7D9	1	U-01	melanogaster	D. melanogaster
A0A0B4K7E2	1	U-01	melanogaster	D. melanogaster
A0A0B4K7G1	0	unassigned	melanogaster	D. melanogaster
A0A0B4K7G2	1	U-01	melanogaster	D. melanogaster
A0A0B4K7G4	0	unassigned	melanogaster	D. melanogaster
A0A0B4K7G6	1	U-01	melanogaster	D. melanogaster
A0A0B4K7H0	1	U-01	melanogaster	D. melanogaster
A0A0B4K7H1	0	unassigned	melanogaster	D. melanogaster
A0A0B4K7H6	1	U-01	melanogaster	D. melanogaster
A0A0B4K7H8	1	U-01	melanogaster	D. melanogaster
A0A0B4K7I0	1	U-01	melanogaster	D. melanogaster
A0A0B4K7I2	1	U-01	melanogaster	D. melanogaster
A0A0B4K7I4	2	U-02	melanogaster	D. melanogaster
A0A0B4K7I6	1	U-01	melanogaster	D. melanogaster
A0A0B4K7K4	1	U-01	melanogaster	D. melanogaster
A0A0B4K7K7	3	U-03	melanogaster	D. melanogaster
A0A0B4K7L4	3	U-03	melanogaster	D. melanogaster
A0A0B4K7L8	2	U-02	melanogaster	D. melanogaster
A0A0B4K7M5	1	U-01	melanogaster	D. melanogaster
A0A0B4K7N2	1	U-01	melanogaster	D. melanogaster
A0A0B4K7N3	2	U-02	melanogaster	D. melanogaster
A0A0B4K7N9	0	unassigned	melanogaster	D. melanogaster
A0A0B4K7P3	2	U-02	melanogaster	D. melanogaster
A0A0B4K7P6	1	U-01	melanogaster	D. melanogaster
A0A0B4K7Q9	1	U-01	melanogaster	D. melanogaster
A0A0B4K7R1	1	U-01	melanogaster	D. melanogaster
A0A0B4K7R2	1	U-01	melanogaster	D. melanogaster
A0A0B4K7R5	1	U-01	melanogaster	D. melanogaster
A0A0B4K7S1	1	U-01	melanogaster	D. melanogaster
A0A0B4K7S8	1	U-01	melanogaster	D. melanogaster
A0A0B4K7T3	2	U-02	melanogaster	D. melanogaster
A0A0B4K7U2	1	U-01	melanogaster	D. melanogaster
A0A0B4K7U5	0	unassigned	melanogaster	D. melanogaster
A0A0B4K7U7	1	U-01	melanogaster	D. melanogaster
A0A0B4K7V2	3	U-03	melanogaster	D. melanogaster
A0A0B4K7W3	1	U-01	melanogaster	D. melanogaster
A0A0B4K7W6	1	U-01	melanogaster	D. melanogaster
A0A0B4K7W7	1	U-01	melanogaster	D. melanogaster
A0A0B4K7X5	1	U-01	melanogaster	D. melanogaster
A0A0B4K7Z1	2	U-02	melanogaster	D. melanogaster
A0A0B4K7Z5	1	U-01	melanogaster	D. melanogaster
A0A0B4K7Z6	1	U-01	melanogaster	D. melanogaster
A0A0B4K807	1	U-01	melanogaster	D. melanogaster
A0A0B4K808	1	U-01	melanogaster	D. melanogaster
A0A0B4K819	0	unassigned	melanogaster	D. melanogaster
A0A0B4LED6	1	U-01	melanogaster	D. melanogaster
A0A0B4LEF3	2	U-02	melanogaster	D. melanogaster
A0A0B4LEG9	3	U-03	melanogaster	D. melanogaster
A0A0B4LEH4	1	U-01	melanogaster	D. melanogaster
A0A0B4LEI2	1	U-01	melanogaster	D. melanogaster
A0A0B4LEK2	1	U-01	melanogaster	D. melanogaster
A0A0B4LEP6	0	unassigned	melanogaster	D. melanogaster
A0A0B4LEQ5	1	U-01	melanogaster	D. melanogaster
A0A0B4LET5	2	U-02	melanogaster	D. melanogaster
A0A0B4LEU6	1	U-01	melanogaster	D. melanogaster
A0A0B4LEV0	1	U-01	melanogaster	D. melanogaster
A0A0B4LEV4	3	U-03	melanogaster	D. melanogaster
A0A0B4LEV7	3	U-03	melanogaster	D. melanogaster
A0A0B4LEV8	1	U-01	melanogaster	D. melanogaster
A0A0B4LEW3	1	U-01	melanogaster	D. melanogaster
A0A0B4LEX2	1	U-01	melanogaster	D. melanogaster
A0A0B4LEX3	1	U-01	melanogaster	D. melanogaster
A0A0B4LEY8	1	U-01	melanogaster	D. melanogaster
A0A0B4LEZ9	1	U-01	melanogaster	D. melanogaster
A0A0B4LF08	1	U-01	melanogaster	D. melanogaster
A0A0B4LF13	1	U-01	melanogaster	D. melanogaster
A0A0B4LF17	2	U-02	melanogaster	D. melanogaster
A0A0B4LF18	0	unassigned	melanogaster	D. melanogaster
A0A0B4LF27	0	unassigned	melanogaster	D. melanogaster
A0A0B4LF35	1	U-01	melanogaster	D. melanogaster
A0A0B4LF39	0	unassigned	melanogaster	D. melanogaster
A0A0B4LF40	1	U-01	melanogaster	D. melanogaster
A0A0B4LF42	3	U-03	melanogaster	D. melanogaster
A0A0B4LF43	1	U-01	melanogaster	D. melanogaster
A0A0B4LF44	0	unassigned	melanogaster	D. melanogaster
A0A0B4LF48	3	U-03	melanogaster	D. melanogaster
A0A0B4LF62	1	U-01	melanogaster	D. melanogaster
A0A0B4LF63	1	U-01	melanogaster	D. melanogaster
A0A0B4LF67	1	U-01	melanogaster	D. melanogaster
A0A0B4LF84	1	U-01	melanogaster	D. melanogaster
A0A0B4LF86	2	U-02	melanogaster	D. melanogaster
A0A0B4LF90	0	unassigned	melanogaster	D. melanogaster
A0A0B4LFA8	1	U-01	melanogaster	D. melanogaster
A0A0B4LFB9	2	U-02	melanogaster	D. melanogaster
A0A0B4LFC4	2	U-02	melanogaster	D. melanogaster
A0A0B4LFE1	1	U-01	melanogaster	D. melanogaster
A0A0B4LFE2	1	U-01	melanogaster	D. melanogaster
A0A0B4LFF6	2	U-02	melanogaster	D. melanogaster
A0A0B4LFF7	1	U-01	melanogaster	D. melanogaster
A0A0B4LFG2	1	U-01	melanogaster	D. melanogaster
A0A0B4LFG5	1	U-01	melanogaster	D. melanogaster
A0A0B4LFG8	0	unassigned	melanogaster	D. melanogaster
A0A0B4LFI9	1	U-01	melanogaster	D. melanogaster
A0A0B4LFL0	1	U-01	melanogaster	D. melanogaster
A0A0B4LFN2	1	U-01	melanogaster	D. melanogaster
A0A0B4LFP0	1	U-01	melanogaster	D. melanogaster
A0A0B4LFP2	1	U-01	melanogaster	D. melanogaster
A0A0B4LFP5	3	U-03	melanogaster	D. melanogaster
A0A0B4LFP9	1	U-01	melanogaster	D. melanogaster
A0A0B4LFQ5	1	U-01	melanogaster	D. melanogaster
A0A0B4LFQ7	1	U-01	melanogaster	D. melanogaster
A0A0B4LFR0	1	U-01	melanogaster	D. melanogaster
A0A0B4LFR5	1	U-01	melanogaster	D. melanogaster
A0A0B4LFS1	1	U-01	melanogaster	D. melanogaster
A0A0B4LFS8	0	unassigned	melanogaster	D. melanogaster
A0A0B4LFT1	1	U-01	melanogaster	D. melanogaster
A0A0B4LFU0	3	U-03	melanogaster	D. melanogaster
A0A0B4LFV5	0	unassigned	melanogaster	D. melanogaster
A0A0B4LFV7	2	U-02	melanogaster	D. melanogaster
A0A0B4LFW7	1	U-01	melanogaster	D. melanogaster
A0A0B4LFY6	1	U-01	melanogaster	D. melanogaster
A0A0B4LFY7	1	U-01	melanogaster	D. melanogaster
A0A0B4LFZ0	1	U-01	melanogaster	D. melanogaster
A0A0B4LFZ1	0	unassigned	melanogaster	D. melanogaster
A0A0B4LG03	1	U-01	melanogaster	D. melanogaster
A0A0B4LG11	1	U-01	melanogaster	D. melanogaster
A0A0B4LG12	1	U-01	melanogaster	D. melanogaster
A0A0B4LG16	1	U-01	melanogaster	D. melanogaster
A0A0B4LG17	0	unassigned	melanogaster	D. melanogaster
A0A0B4LG22	3	U-03	melanogaster	D. melanogaster
A0A0B4LG35	3	U-03	melanogaster	D. melanogaster
A0A0B4LG45	1	U-01	melanogaster	D. melanogaster
A0A0B4LG48	1	U-01	melanogaster	D. melanogaster
A0A0B4LG65	1	U-01	melanogaster	D. melanogaster
A0A0B4LG74	1	U-01	melanogaster	D. melanogaster
A0A0B4LG82	1	U-01	melanogaster	D. melanogaster
A0A0B4LG83	1	U-01	melanogaster	D. melanogaster
A0A0B4LG86	1	U-01	melanogaster	D. melanogaster
A0A0B4LG89	1	U-01	melanogaster	D. melanogaster
A0A0B4LG95	1	U-01	melanogaster	D. melanogaster
A0A0B4LG97	1	U-01	melanogaster	D. melanogaster
A1Z9X7	0	unassigned	melanogaster	D. melanogaster
A1Z9X8	1	U-01	melanogaster	D. melanogaster
A1Z9Y0	0	unassigned	melanogaster	D. melanogaster
A1Z9Y1	0	unassigned	melanogaster	D. melanogaster
A1Z9Y4	1	U-01	melanogaster	D. melanogaster
A1Z9Y6	1	U-01	melanogaster	D. melanogaster
A1Z9Y8	0	unassigned	melanogaster	D. melanogaster
A1Z9Z0	1	U-01	melanogaster	D. melanogaster
A1Z9Z1	1	U-01	melanogaster	D. melanogaster
A1Z9Z6	1	U-01	melanogaster	D. melanogaster
A1Z9Z8	1	U-01	melanogaster	D. melanogaster
A1Z9Z9	1	U-01	melanogaster	D. melanogaster
A1ZA00	1	U-01	melanogaster	D. melanogaster
A1ZA08	3	U-03	melanogaster	D. melanogaster
A0A0B4KG43	1	U-01	melanogaster	D. melanogaster
A0A0B4KG50	1	U-01	melanogaster	D. melanogaster
A0A0B4KG66	1	U-01	melanogaster	D. melanogaster
A0A0B4KG68	0	unassigned	melanogaster	D. melanogaster
A0A0B4KGB9	1	U-01	melanogaster	D. melanogaster
A0A0B4KGE1	1	U-01	melanogaster	D. melanogaster
A0A0B4KGE8	1	U-01	melanogaster	D. melanogaster
A0A0B4KGG5	1	U-01	melanogaster	D. melanogaster
A0A0B4KGG8	1	U-01	melanogaster	D. melanogaster
A0A0B4KGH0	1	U-01	melanogaster	D. melanogaster
A0A0B4KGI6	1	U-01	melanogaster	D. melanogaster
A0A0B4KGI7	1	U-01	melanogaster	D. melanogaster
A0A0B4KGN1	1	U-01	melanogaster	D. melanogaster
A0A0B4KGP1	1	U-01	melanogaster	D. melanogaster
A0A0B4KGP6	1	U-01	melanogaster	D. melanogaster
A0A0B4KGR9	1	U-01	melanogaster	D. melanogaster
A0A0B4KGT0	1	U-01	melanogaster	D. melanogaster
A0A0B4KGX7	1	U-01	melanogaster	D. melanogaster
A0A0B4KGY6	1	U-01	melanogaster	D. melanogaster
A0A0B4KGY9	1	U-01	melanogaster	D. melanogaster
A0A0B4KGZ0	1	U-01	melanogaster	D. melanogaster
A0A0B4KH10	1	U-01	melanogaster	D. melanogaster
A0A0B4KH16	1	U-01	melanogaster	D. melanogaster
A0A0B4KH28	1	U-01	melanogaster	D. melanogaster
A0A0B4KH36	1	U-01	melanogaster	D. melanogaster
A0A0B4KH38	2	U-02	melanogaster	D. melanogaster
A0A0B4KH51	1	U-01	melanogaster	D. melanogaster
A0A0B4KH68	2	U-02	melanogaster	D. melanogaster
A0A0B4KHB9	1	U-01	melanogaster	D. melanogaster
A0A0B4KHE2	1	U-01	melanogaster	D. melanogaster
A0A0B4KHF0	1	U-01	melanogaster	D. melanogaster
A0A0B4KHI4	1	U-01	melanogaster	D. melanogaster
A0A0B4KHJ8	1	U-01	melanogaster	D. melanogaster
A0A0B4KHP7	1	U-01	melanogaster	D. melanogaster
A0A0B4KHR4	1	U-01	melanogaster	D. melanogaster
A0A0B4KHS1	2	U-02	melanogaster	D. melanogaster
A0A0B4KHS3	0	unassigned	melanogaster	D. melanogaster
A0A0B4KHS7	1	U-01	melanogaster	D. melanogaster
A0A0B4KHT3	1	U-01	melanogaster	D. melanogaster
A0A0B4KHV4	1	U-01	melanogaster	D. melanogaster
A0A0B4KHX4	1	U-01	melanogaster	D. melanogaster
A0A0B4KHX7	1	U-01	melanogaster	D. melanogaster
A0A0B4KI27	1	U-01	melanogaster	D. melanogaster
O97422	2	U-02	melanogaster	D. melanogaster
P00334	0	unassigned	melanogaster	D. melanogaster
P00528	1	U-01	melanogaster	D. melanogaster
P00967	1	U-01	melanogaster	D. melanogaster
P02255	0	unassigned	melanogaster	D. melanogaster
P02283	1	U-01	melanogaster	D. melanogaster
P02299	1	U-01	melanogaster	D. melanogaster
P02572	1	U-01	melanogaster	D. melanogaster
P02828	1	U-01	melanogaster	D. melanogaster
P02835	1	U-01	melanogaster	D. melanogaster
P02836	1	U-01	melanogaster	D. melanogaster
P04052	1	U-01	melanogaster	D. melanogaster
P04388	1	U-01	melanogaster	D. melanogaster
P04412	2	U-02	melanogaster	D. melanogaster
P04755	0	unassigned	melanogaster	D. melanogaster
P04950	3	U-03	melanogaster	D. melanogaster
P05031	1	U-01	melanogaster	D. melanogaster
P05084	1	U-01	melanogaster	D. melanogaster
P05130	1	U-01	melanogaster	D. melanogaster
P05205	1	U-01	melanogaster	D. melanogaster
P05623	1	U-01	melanogaster	D. melanogaster
P05661	0	unassigned	melanogaster	D. melanogaster
P05709	1	U-01	melanogaster	D. melanogaster
P06002	3	U-03	melanogaster	D. melanogaster
P06602	1	U-01	melanogaster	D. melanogaster
P06603	1	U-01	melanogaster	D. melanogaster
P06604	1	U-01	melanogaster	D. melanogaster
P06605	1	U-01	melanogaster	D. melanogaster
P06606	1	U-01	melanogaster	D. melanogaster
P06754	0	unassigned	melanogaster	D. melanogaster
P07140	2	U-02	melanogaster	D. melanogaster
P07207	2	U-02	melanogaster	D. melanogaster
P07486	1	U-01	melanogaster	D. melanogaster
P07548	1	U-01	melanogaster	D. melanogaster
P07663	1	U-01	melanogaster	D. melanogaster
P07664	0	unassigned	melanogaster	D. melanogaster
P07668	1	U-01	melanogaster	D. melanogaster
P07713	2	U-02	melanogaster	D. melanogaster
P08044	1	U-01	melanogaster	D. melanogaster
P08099	3	U-03	melanogaster	D. melanogaster
P08120	0	unassigned	melanogaster	D. melanogaster
P08144	1	U-01	melanogaster	D. melanogaster
P08155	1	U-01	melanogaster	D. melanogaster
P08181	1	U-01	melanogaster	D. melanogaster
P08255	3	U-03	melanogaster	D. melanogaster
P08510	1	U-01	melanogaster	D. melanogaster
P08630	1	U-01	melanogaster	D. melanogaster
P08646	1	U-01	melanogaster	D. melanogaster
P08761	1	U-01	melanogaster	D. melanogaster
P08841	1	U-01	melanogaster	D. melanogaster
P08879	1	U-01	melanogaster	D. melanogaster
P08928	1	U-01	melanogaster	D. melanogaster
P08953	2	U-02	melanogaster	D. melanogaster
P08985	1	U-01	melanogaster	D. melanogaster
P09040	1	U-01	melanogaster	D. melanogaster
P09052	1	U-01	melanogaster	D. melanogaster
P09081	1	U-01	melanogaster	D. melanogaster
Q9Y149	1	U-01	melanogaster	D. melanogaster
Q9Y150	0	unassigned	melanogaster	D. melanogaster
Q9Y156	2	U-02	melanogaster	D. melanogaster
Q9Y165	1	U-01	melanogaster	D. melanogaster
Q9Y170	1	U-01	melanogaster	D. melanogaster
Q9Y1A7	3	U-03	melanogaster	D. melanogaster
R9PY16	1	U-01	melanogaster	D. melanogaster
R9PY18	1	U-01	melanogaster	D. melanogaster
R9PY21	1	U-01	melanogaster	D. melanogaster
R9PY33	1	U-01	melanogaster	D. melanogaster
R9PY39	1	U-01	melanogaster	D. melanogaster
R9PY42	3	U-03	melanogaster	D. melanogaster
R9Q794	1	U-01	melanogaster	D. melanogaster
X2BZJ7	1	U-01	melanogaster	D. melanogaster
X2J488	2	U-02	melanogaster	D. melanogaster
X2J5N3	1	U-01	melanogaster	D. melanogaster
X2J5P0	0	unassigned	melanogaster	D. melanogaster
X2J5R5	3	U-03	melanogaster	D. melanogaster
X2J5T3	1	U-01	melanogaster	D. melanogaster
X2J6K6	2	U-02	melanogaster	D. melanogaster
X2J6N7	2	U-02	melanogaster	D. melanogaster
X2J6P6	1	U-01	melanogaster	D. melanogaster
X2J6Q6	3	U-03	melanogaster	D. melanogaster
X2J6S0	1	U-01	melanogaster	D. melanogaster
X2J709	1	U-01	melanogaster	D. melanogaster
X2J771	3	U-03	melanogaster	D. melanogaster
X2J847	1	U-01	melanogaster	D. melanogaster
X2J8F5	2	U-02	melanogaster	D. melanogaster
X2J8L3	1	U-01	melanogaster	D. melanogaster
X2J8Q0	0	unassigned	melanogaster	D. melanogaster
X2J8V5	1	U-01	melanogaster	D. melanogaster
X2J8X6	1	U-01	melanogaster	D. melanogaster
X2J8Z1	1	U-01	melanogaster	D. melanogaster
X2J909	2	U-02	melanogaster	D. melanogaster
X2J950	1	U-01	melanogaster	D. melanogaster
X2J962	2	U-02	melanogaster	D. melanogaster
X2J9A4	1	U-01	melanogaster	D. melanogaster
X2J9E8	2	U-02	melanogaster	D. melanogaster
X2J9F2	1	U-01	melanogaster	D. melanogaster
X2J9M9	0	unassigned	melanogaster	D. melanogaster
X2J9T8	1	U-01	melanogaster	D. melanogaster
X2J9V9	1	U-01	melanogaster	D. melanogaster
X2J9W1	1	U-01	melanogaster	D. melanogaster
X2J9X1	1	U-01	melanogaster	D. melanogaster
X2J9Y4	1	U-01	melanogaster	D. melanogaster
X2J9Z8	0	unassigned	melanogaster	D. melanogaster
X2JA05	1	U-01	melanogaster	D. melanogaster
X2JA11	3	U-03	melanogaster	D. melanogaster
X2JA13	0	unassigned	melanogaster	D. melanogaster
X2JA14	1	U-01	melanogaster	D. melanogaster
X2JA38	0	unassigned	melanogaster	D. melanogaster
X2JA43	1	U-01	melanogaster	D. melanogaster
X2JA84	1	U-01	melanogaster	D. melanogaster
X2JAA1	3	U-03	melanogaster	D. melanogaster
X2JAA8	1	U-01	melanogaster	D. melanogaster
X2JAB9	1	U-01	melanogaster	D. melanogaster
X2JAD3	1	U-01	melanogaster	D. melanogaster
X2JAE6	3	U-03	melanogaster	D. melanogaster
X2JAI2	1	U-01	melanogaster	D. melanogaster
X2JAM4	1	U-01	melanogaster	D. melanogaster
X2JAP2	0	unassigned	melanogaster	D. melanogaster
X2JAQ0	2	U-02	melanogaster	D. melanogaster
X2JAR2	2	U-02	melanogaster	D. melanogaster
X2JAT7	2	U-02	melanogaster	D. melanogaster
X2JAW6	2	U-02	melanogaster	D. melanogaster
X2JAZ6	1	U-01	melanogaster	D. melanogaster
X2JB25	2	U-02	melanogaster	D. melanogaster
X2JBF3	1	U-01	melanogaster	D. melanogaster
X2JBI2	2	U-02	melanogaster	D. melanogaster
X2JBP9	0	unassigned	melanogaster	D. melanogaster
X2JBV9	3	U-03	melanogaster	D. melanogaster
X2JC00	1	U-01	melanogaster	D. melanogaster
X2JC06	1	U-01	melanogaster	D. melanogaster
X2JC16	0	unassigned	melanogaster	D. melanogaster
X2JC30	1	U-01	melanogaster	D. melanogaster
X2JC35	1	U-01	melanogaster	D. melanogaster
A0A0B4LF68	1	U-01	melanogaster	D. melanogaster
A0A0B4LF70	1	U-01	melanogaster	D. melanogaster
A0A0B4LF74	1	U-01	melanogaster	D. melanogaster
A0A0B4LF94	1	U-01	melanogaster	D. melanogaster
A0A0B4LFA6	1	U-01	melanogaster	D. melanogaster
A0A0B4LFC0	1	U-01	melanogaster	D. melanogaster
A0A0B4LFC1	1	U-01	melanogaster	D. melanogaster
A0A0B4LFC7	1	U-01	melanogaster	D. melanogaster
A0A0B4LFC9	2	U-02	melanogaster	D. melanogaster
A0A0B4LFD0	1	U-01	melanogaster	D. melanogaster
A0A0B4LFE8	0	unassigned	melanogaster	D. melanogaster
A0A0B4LFH2	1	U-01	melanogaster	D. melanogaster
A0A0B4LFH4	1	U-01	melanogaster	D. melanogaster
A0A0B4LFI4	2	U-02	melanogaster	D. melanogaster
A0A0B4LFJ8	1	U-01	melanogaster	D. melanogaster
A0A0B4LFK0	3	U-03	melanogaster	D. melanogaster
A0A0B4LFL3	1	U-01	melanogaster	D. melanogaster
A0A0B4LFL6	1	U-01	melanogaster	D. melanogaster
A0A0B4LFL9	2	U-02	melanogaster	D. melanogaster
A0A0B4LFM0	1	U-01	melanogaster	D. melanogaster
A0A0B4LFM5	3	U-03	melanogaster	D. melanogaster
A0A0B4LFN7	1	U-01	melanogaster	D. melanogaster
A0A0B4LFP3	3	U-03	melanogaster	D. melanogaster
A0A0B4LFP4	1	U-01	melanogaster	D. melanogaster
A0A1Z1CH10	1	U-01	melanogaster	D. melanogaster
A0A1Z1CH16	1	U-01	melanogaster	D. melanogaster
A0A1Z1CH22	1	U-01	melanogaster	D. melanogaster
A0A1Z1CH25	1	U-01	melanogaster	D. melanogaster
A0A1Z1CK60	1	U-01	melanogaster	D. melanogaster
A0A1Z1CLY5	1	U-01	melanogaster	D. melanogaster
A0A1Z1CN75	1	U-01	melanogaster	D. melanogaster
A0A1Z1CN86	2	U-02	melanogaster	D. melanogaster
A0A1Z1CSL7	1	U-01	melanogaster	D. melanogaster
A0A2U8U1T7	1	U-01	melanogaster	D. melanogaster
A0A384QTM4	0	unassigned	melanogaster	D. melanogaster
A0A384SX97	1	U-01	melanogaster	D. melanogaster
A0A384SYE0	1	U-01	melanogaster	D. melanogaster
A0A384TLR6	1	U-01	melanogaster	D. melanogaster
A0A384TPA0	1	U-01	melanogaster	D. melanogaster
A0A384TRA6	0	unassigned	melanogaster	D. melanogaster
A0A384TTL1	3	U-03	melanogaster	D. melanogaster
A0A4D6K327	1	U-01	melanogaster	D. melanogaster
A0A4D6K4B0	1	U-01	melanogaster	D. melanogaster
A0A4D6K4K3	1	U-01	melanogaster	D. melanogaster
A0A4P1SAA7	1	U-01	melanogaster	D. melanogaster
A1ZAZ8	1	U-01	melanogaster	D. melanogaster
A1ZB06	1	U-01	melanogaster	D. melanogaster
A1ZB09	1	U-01	melanogaster	D. melanogaster
A1ZB10	1	U-01	melanogaster	D. melanogaster
A1ZB12	0	unassigned	melanogaster	D. melanogaster
A1ZB13	0	unassigned	melanogaster	D. melanogaster
A1ZB17	2	U-02	melanogaster	D. melanogaster
A1ZB18	1	U-01	melanogaster	D. melanogaster
A1ZB19	1	U-01	melanogaster	D. melanogaster
A1ZB20	2	U-02	melanogaster	D. melanogaster
A1ZB21	2	U-02	melanogaster	D. melanogaster
A1ZB23	2	U-02	melanogaster	D. melanogaster
A1ZB24	1	U-01	melanogaster	D. melanogaster
A1ZB25	1	U-01	melanogaster	D. melanogaster
A1ZB26	2	U-02	melanogaster	D. melanogaster
A1ZB33	0	unassigned	melanogaster	D. melanogaster
A1ZB37	1	U-01	melanogaster	D. melanogaster
A1ZB38	1	U-01	melanogaster	D. melanogaster
A1ZB43	1	U-01	melanogaster	D. melanogaster
A1ZB44	1	U-01	melanogaster	D. melanogaster
A1ZB45	1	U-01	melanogaster	D. melanogaster
A1ZB49	1	U-01	melanogaster	D. melanogaster
A1ZB53	0	unassigned	melanogaster	D. melanogaster
A1ZB54	0	unassigned	melanogaster	D. melanogaster
A1ZB55	0	unassigned	melanogaster	D. melanogaster
A1ZB56	0	unassigned	melanogaster	D. melanogaster
A1ZB57	0	unassigned	melanogaster	D. melanogaster
A1ZB58	0	unassigned	melanogaster	D. melanogaster
A1ZB78	0	unassigned	melanogaster	D. melanogaster
A1ZB81	0	unassigned	melanogaster	D. melanogaster
A1ZBA4	1	U-01	melanogaster	D. melanogaster
A1ZBA6	1	U-01	melanogaster	D. melanogaster
A1ZBA7	1	U-01	melanogaster	D. melanogaster
A1ZBB5	0	unassigned	melanogaster	D. melanogaster
A1ZBB6	1	U-01	melanogaster	D. melanogaster
A1ZBC3	1	U-01	melanogaster	D. melanogaster
A1ZBE3	1	U-01	melanogaster	D. melanogaster
A1ZBE6	0	unassigned	melanogaster	D. melanogaster
A1ZBE7	3	U-03	melanogaster	D. melanogaster
A1ZBF9	1	U-01	melanogaster	D. melanogaster
A1ZBG2	1	U-01	melanogaster	D. melanogaster
A1ZBG6	1	U-01	melanogaster	D. melanogaster
A1ZBH2	1	U-01	melanogaster	D. melanogaster
A1ZBH6	1	U-01	melanogaster	D. melanogaster
A1ZBI1	0	unassigned	melanogaster	D. melanogaster
A1ZBI2	0	unassigned	melanogaster	D. melanogaster
A1ZBI3	1	U-01	melanogaster	D. melanogaster
A1ZBI5	1	U-01	melanogaster	D. melanogaster
A1ZBJ0	1	U-01	melanogaster	D. melanogaster
A1ZBJ3	1	U-01	melanogaster	D. melanogaster
A1ZBJ4	1	U-01	melanogaster	D. melanogaster
A1ZBJ7	2	U-02	melanogaster	D. melanogaster
A1ZBJ9	0	unassigned	melanogaster	D. melanogaster
A1ZBK2	0	unassigned	melanogaster	D. melanogaster
A1ZBK5	0	unassigned	melanogaster	D. melanogaster
A1ZBM5	1	U-01	melanogaster	D. melanogaster
A1ZBN7	1	U-01	melanogaster	D. melanogaster
A1ZBN8	1	U-01	melanogaster	D. melanogaster
A1ZBP0	1	U-01	melanogaster	D. melanogaster
A1ZBP1	1	U-01	melanogaster	D. melanogaster
A1ZBP3	1	U-01	melanogaster	D. melanogaster
A1ZBP4	1	U-01	melanogaster	D. melanogaster
A1ZBP5	1	U-01	melanogaster	D. melanogaster
A1ZBP6	1	U-01	melanogaster	D. melanogaster
A1ZBQ1	2	U-02	melanogaster	D. melanogaster
A1ZBQ2	1	U-01	melanogaster	D. melanogaster
A1ZBQ7	1	U-01	melanogaster	D. melanogaster
A1ZBQ9	1	U-01	melanogaster	D. melanogaster
A1ZBR1	1	U-01	melanogaster	D. melanogaster
A1ZBR3	1	U-01	melanogaster	D. melanogaster
A1ZBR6	1	U-01	melanogaster	D. melanogaster
A1ZBR8	2	U-02	melanogaster	D. melanogaster
A1ZBR9	1	U-01	melanogaster	D. melanogaster
A1ZBS5	3	U-03	melanogaster	D. melanogaster
A1ZBS6	1	U-01	melanogaster	D. melanogaster
A1ZBT0	1	U-01	melanogaster	D. melanogaster
A1ZBT1	1	U-01	melanogaster	D. melanogaster
A1ZBT2	1	U-01	melanogaster	D. melanogaster
A1ZBT3	1	U-01	melanogaster	D. melanogaster
Q9BIS2	1	U-01	melanogaster	D. melanogaster
Q9GQF1	1	U-01	melanogaster	D. melanogaster
Q9GQN5	1	U-01	melanogaster	D. melanogaster
Q9GQQ0	3	U-03	melanogaster	D. melanogaster
Q9GSR1	1	U-01	melanogaster	D. melanogaster
Q9GYU8	1	U-01	melanogaster	D. melanogaster
Q9GYV5	0	unassigned	melanogaster	D. melanogaster
Q9I7F7	1	U-01	melanogaster	D. melanogaster
Q9I7H9	1	U-01	melanogaster	D. melanogaster
Q9I7K0	1	U-01	melanogaster	D. melanogaster
Q9I7K5	1	U-01	melanogaster	D. melanogaster
Q9I7K6	1	U-01	melanogaster	D. melanogaster
Q9I7P4	3	U-03	melanogaster	D. melanogaster
Q9I7U4	0	unassigned	melanogaster	D. melanogaster
Q9I7X6	1	U-01	melanogaster	D. melanogaster
Q9N2M8	1	U-01	melanogaster	D. melanogaster
Q9N658	0	unassigned	melanogaster	D. melanogaster
Q9NB71	1	U-01	melanogaster	D. melanogaster
Q9NBD7	1	U-01	melanogaster	D. melanogaster
Q9NBK5	1	U-01	melanogaster	D. melanogaster
Q9NDJ2	1	U-01	melanogaster	D. melanogaster
Q9NF31	1	U-01	melanogaster	D. melanogaster
Q9NFT7	1	U-01	melanogaster	D. melanogaster
Q9NFU0	1	U-01	melanogaster	D. melanogaster
Q9NFZ3	1	U-01	melanogaster	D. melanogaster
Q9NG98	1	U-01	melanogaster	D. melanogaster
Q9NGX9	0	unassigned	melanogaster	D. melanogaster
Q9NHA8	2	U-02	melanogaster	D. melanogaster
Q9NHB0	2	U-02	melanogaster	D. melanogaster
Q9NHD5	1	U-01	melanogaster	D. melanogaster
Q9NHE5	1	U-01	melanogaster	D. melanogaster
Q9NHV9	1	U-01	melanogaster	D. melanogaster
Q9NHX0	1	U-01	melanogaster	D. melanogaster
Q9NI63	1	U-01	melanogaster	D. melanogaster
Q9NII1	1	U-01	melanogaster	D. melanogaster
Q9NIP6	1	U-01	melanogaster	D. melanogaster
Q9NIR3	1	U-01	melanogaster	D. melanogaster
Q9NIV1	1	U-01	melanogaster	D. melanogaster
Q9NJG9	1	U-01	melanogaster	D. melanogaster
Q9NJH0	1	U-01	melanogaster	D. melanogaster
Q9NK54	1	U-01	melanogaster	D. melanogaster
Q9NKV0	1	U-01	melanogaster	D. melanogaster
Q9TVQ5	1	U-01	melanogaster	D. melanogaster
Q9U1H0	1	U-01	melanogaster	D. melanogaster
Q9U1H9	1	U-01	melanogaster	D. melanogaster
Q9U1K1	1	U-01	melanogaster	D. melanogaster
Q9U3V9	1	U-01	melanogaster	D. melanogaster
Q9U405	0	unassigned	melanogaster	D. melanogaster
Q9U4G1	2	U-02	melanogaster	D. melanogaster
Q9U5L1	1	U-01	melanogaster	D. melanogaster
Q9U6A0	0	unassigned	melanogaster	D. melanogaster
Q9U6M0	1	U-01	melanogaster	D. melanogaster
Q9U6Y9	1	U-01	melanogaster	D. melanogaster
Q9U7D8	1	U-01	melanogaster	D. melanogaster
Q9U915	1	U-01	melanogaster	D. melanogaster
Q9U969	1	U-01	melanogaster	D. melanogaster
Q9UAS6	1	U-01	melanogaster	D. melanogaster
Q9V333	1	U-01	melanogaster	D. melanogaster
Q9V393	1	U-01	melanogaster	D. melanogaster
Q9V3A4	3	U-03	melanogaster	D. melanogaster
Q9V3A7	1	U-01	melanogaster	D. melanogaster
Q9V3B4	1	U-01	melanogaster	D. melanogaster
Q9V3C0	1	U-01	melanogaster	D. melanogaster
Q9V3C4	1	U-01	melanogaster	D. melanogaster
Q9V3C5	1	U-01	melanogaster	D. melanogaster
Q9V3C8	1	U-01	melanogaster	D. melanogaster
Q9V3D5	1	U-01	melanogaster	D. melanogaster
Q9V3F2	1	U-01	melanogaster	D. melanogaster
Q9V3H2	1	U-01	melanogaster	D. melanogaster
Q9V3H5	1	U-01	melanogaster	D. melanogaster
Q9V3H7	2	U-02	melanogaster	D. melanogaster
Q9V3H8	1	U-01	melanogaster	D. melanogaster
Q9V3I2	1	U-01	melanogaster	D. melanogaster
Q9V3I8	1	U-01	melanogaster	D. melanogaster
Q9VQK4	2	U-02	melanogaster	D. melanogaster
Q9VQL6	1	U-01	melanogaster	D. melanogaster
Q9VQL7	1	U-01	melanogaster	D. melanogaster
Q9VQM4	1	U-01	melanogaster	D. melanogaster
Q9VQQ0	1	U-01	melanogaster	D. melanogaster
Q9VQQ9	1	U-01	melanogaster	D. melanogaster
Q9VQS6	1	U-01	melanogaster	D. melanogaster
Q9VQW7	2	U-02	melanogaster	D. melanogaster
Q9VQZ6	1	U-01	melanogaster	D. melanogaster
Q9VR05	0	unassigned	melanogaster	D. melanogaster
Q9VR09	1	U-01	melanogaster	D. melanogaster
Q9VR17	1	U-01	melanogaster	D. melanogaster
Q9VR35	1	U-01	melanogaster	D. melanogaster
Q9VR38	1	U-01	melanogaster	D. melanogaster
Q9VR52	1	U-01	melanogaster	D. melanogaster
Q9VR53	1	U-01	melanogaster	D. melanogaster
Q9VR56	1	U-01	melanogaster	D. melanogaster
Q9VR59	1	U-01	melanogaster	D. melanogaster
Q9VR61	1	U-01	melanogaster	D. melanogaster
Q9VR90	1	U-01	melanogaster	D. melanogaster
Q9VR99	1	U-01	melanogaster	D. melanogaster
Q9VRC9	2	U-02	melanogaster	D. melanogaster
Q9VRG7	1	U-01	melanogaster	D. melanogaster
Q9VRI0	1	U-01	melanogaster	D. melanogaster
Q9VRJ0	1	U-01	melanogaster	D. melanogaster
Q9VRJ2	3	U-03	melanogaster	D. melanogaster
Q9VZP3	1	U-01	melanogaster	D. melanogaster
Q9VZP8	2	U-02	melanogaster	D. melanogaster
Q9VZS1	1	U-01	melanogaster	D. melanogaster
Q9VZS3	1	U-01	melanogaster	D. melanogaster
Q9VZS6	1	U-01	melanogaster	D. melanogaster
Q9VZS9	0	unassigned	melanogaster	D. melanogaster
Q9VZT0	0	unassigned	melanogaster	D. melanogaster
Q9VZU1	1	U-01	melanogaster	D. melanogaster
Q9VZU8	1	U-01	melanogaster	D. melanogaster
Q9VZV3	1	U-01	melanogaster	D. melanogaster
Q9VZW7	1	U-01	melanogaster	D. melanogaster
Q9VZW8	0	unassigned	melanogaster	D. melanogaster
Q9VZY3	1	U-01	melanogaster	D. melanogaster
Q9W003	1	U-01	melanogaster	D. melanogaster
Q9W004	1	U-01	melanogaster	D. melanogaster
Q9W023	3	U-03	melanogaster	D. melanogaster
Q9W038	3	U-03	melanogaster	D. melanogaster
Q9W040	1	U-01	melanogaster	D. melanogaster
Q9W053	1	U-01	melanogaster	D. melanogaster
Q9W064	1	U-01	melanogaster	D. melanogaster
Q9W095	1	U-01	melanogaster	D. melanogaster
Q9W096	3	U-03	melanogaster	D. melanogaster
Q9W0A7	1	U-01	melanogaster	D. melanogaster
Q9W0B3	1	U-01	melanogaster	D. melanogaster
Q9W0C5	3	U-03	melanogaster	D. melanogaster
Q9W0D8	1	U-01	melanogaster	D. melanogaster
Q9W0D9	1	U-01	melanogaster	D. melanogaster
Q9W0E2	1	U-01	melanogaster	D. melanogaster
Q9W0E4	1	U-01	melanogaster	D. melanogaster
Q9W0E8	1	U-01	melanogaster	D. melanogaster
Q9W0F1	3	U-03	melanogaster	D. melanogaster
Q9W0F6	2	U-02	melanogaster	D. melanogaster
Q9W0G4	1	U-01	melanogaster	D. melanogaster
Q9W0G6	1	U-01	melanogaster	D. melanogaster
Q9W0J2	1	U-01	melanogaster	D. melanogaster
Q9W0L4	2	U-02	melanogaster	D. melanogaster
Q9W0L7	1	U-01	melanogaster	D. melanogaster
Q9W0N9	1	U-01	melanogaster	D. melanogaster
Q9W0P9	1	U-01	melanogaster	D. melanogaster
Q9W0Q0	1	U-01	melanogaster	D. melanogaster
Q9W0Q2	1	U-01	melanogaster	D. melanogaster
Q9W0R0	1	U-01	melanogaster	D. melanogaster
Q9W0R5	3	U-03	melanogaster	D. melanogaster
Q9W0R6	3	U-03	melanogaster	D. melanogaster
Q9W0S2	1	U-01	melanogaster	D. melanogaster
Q9W0S3	1	U-01	melanogaster	D. melanogaster
Q9W0S5	1	U-01	melanogaster	D. melanogaster
Q9W0T7	1	U-01	melanogaster	D. melanogaster
Q9W0Y1	1	U-01	melanogaster	D. melanogaster
Q9W0Z7	0	unassigned	melanogaster	D. melanogaster
Q9W107	1	U-01	melanogaster	D. melanogaster
A0A0B4KEJ4	1	U-01	melanogaster	D. melanogaster
A0A0B4KEJ7	1	U-01	melanogaster	D. melanogaster
A0A0B4KEJ8	3	U-03	melanogaster	D. melanogaster
A0A0B4KEK3	3	U-03	melanogaster	D. melanogaster
A0A0B4KEK7	1	U-01	melanogaster	D. melanogaster
A0A0B4KEL0	1	U-01	melanogaster	D. melanogaster
A0A0B4KEL2	1	U-01	melanogaster	D. melanogaster
A0A0B4KEL4	0	unassigned	melanogaster	D. melanogaster
A0A0B4KEL6	1	U-01	melanogaster	D. melanogaster
A0A0B4KEM3	1	U-01	melanogaster	D. melanogaster
A0A0B4KEM6	0	unassigned	melanogaster	D. melanogaster
A0A0B4KEN6	3	U-03	melanogaster	D. melanogaster
A0A0B4KEN8	1	U-01	melanogaster	D. melanogaster
A0A0B4KEP0	1	U-01	melanogaster	D. melanogaster
A0A0B4KEP1	1	U-01	melanogaster	D. melanogaster
A0A0B4KEP2	3	U-03	melanogaster	D. melanogaster
A0A0B4KEQ6	3	U-03	melanogaster	D. melanogaster
A0A0B4KEQ9	3	U-03	melanogaster	D. melanogaster
A0A0B4KER8	1	U-01	melanogaster	D. melanogaster
A0A0B4KET0	1	U-01	melanogaster	D. melanogaster
A0A0B4KET4	3	U-03	melanogaster	D. melanogaster
A0A0B4KEU4	1	U-01	melanogaster	D. melanogaster
A0A0B4KEU5	1	U-01	melanogaster	D. melanogaster
A0A0B4KEU7	3	U-03	melanogaster	D. melanogaster
A0A0B4KEU8	0	unassigned	melanogaster	D. melanogaster
A0A0B4KEV6	1	U-01	melanogaster	D. melanogaster
A0A0B4KEV9	1	U-01	melanogaster	D. melanogaster
A0A0B4KEW2	1	U-01	melanogaster	D. melanogaster
A0A0B4KEW5	1	U-01	melanogaster	D. melanogaster
A0A0B4KEW7	1	U-01	melanogaster	D. melanogaster
A0A0B4KEW8	1	U-01	melanogaster	D. melanogaster
A0A0B4KEX0	1	U-01	melanogaster	D. melanogaster
A0A0B4KEX9	1	U-01	melanogaster	D. melanogaster
A0A0B4KEY1	3	U-03	melanogaster	D. melanogaster
A0A0B4KEY8	1	U-01	melanogaster	D. melanogaster
A0A0B4KEZ1	1	U-01	melanogaster	D. melanogaster
A0A0B4KEZ2	1	U-01	melanogaster	D. melanogaster
A0A0B4KEZ3	2	U-02	melanogaster	D. melanogaster
A0A0B4KF02	1	U-01	melanogaster	D. melanogaster
A0A0B4KF04	1	U-01	melanogaster	D. melanogaster
A0A0B4KF10	0	unassigned	melanogaster	D. melanogaster
A0A0B4KF18	3	U-03	melanogaster	D. melanogaster
A0A0B4KF22	0	unassigned	melanogaster	D. melanogaster
A0A0B4KF23	1	U-01	melanogaster	D. melanogaster
A0A0B4KF34	1	U-01	melanogaster	D. melanogaster
A0A0B4KF48	1	U-01	melanogaster	D. melanogaster
A0A0B4KF54	1	U-01	melanogaster	D. melanogaster
A0A0B4KF58	1	U-01	melanogaster	D. melanogaster
A0A0B4KF77	1	U-01	melanogaster	D. melanogaster
A0A0B4KF07	3	U-03	melanogaster	D. melanogaster
A0A0B4KF09	1	U-01	melanogaster	D. melanogaster
A0A0B4KF13	1	U-01	melanogaster	D. melanogaster
A0A0B4KF24	1	U-01	melanogaster	D. melanogaster
A0A0B4KF31	1	U-01	melanogaster	D. melanogaster
A0A0B4KF37	1	U-01	melanogaster	D. melanogaster
A0A0B4KF39	1	U-01	melanogaster	D. melanogaster
A0A0B4KF41	1	U-01	melanogaster	D. melanogaster
A0A0B4KF49	1	U-01	melanogaster	D. melanogaster
A0A0B4KF52	1	U-01	melanogaster	D. melanogaster
A0A0B4KF64	0	unassigned	melanogaster	D. melanogaster
A0A0B4KF71	1	U-01	melanogaster	D. melanogaster
A0A0B4KF72	1	U-01	melanogaster	D. melanogaster
A0A0B4KF75	0	unassigned	melanogaster	D. melanogaster
A0A0B4KF79	1	U-01	melanogaster	D. melanogaster
A0A0B4KF80	2	U-02	melanogaster	D. melanogaster
A0A0B4KF89	1	U-01	melanogaster	D. melanogaster
A0A0B4KFA3	1	U-01	melanogaster	D. melanogaster
A0A0B4KFA8	3	U-03	melanogaster	D. melanogaster
A0A0B4KFB0	3	U-03	melanogaster	D. melanogaster
A0A0B4KFB9	1	U-01	melanogaster	D. melanogaster
A0A0B4KFC2	1	U-01	melanogaster	D. melanogaster
A0A0B4KFD0	1	U-01	melanogaster	D. melanogaster
A0A0B4KFD3	1	U-01	melanogaster	D. melanogaster
A0A0B4KFD9	1	U-01	melanogaster	D. melanogaster
A0A0B4KFG1	3	U-03	melanogaster	D. melanogaster
A0A0B4KFG4	1	U-01	melanogaster	D. melanogaster
A0A0B4KFG7	1	U-01	melanogaster	D. melanogaster
A0A0B4KFH3	1	U-01	melanogaster	D. melanogaster
A0A0B4KFH7	0	unassigned	melanogaster	D. melanogaster
A0A0B4KFH9	2	U-02	melanogaster	D. melanogaster
A0A0B4KFI9	3	U-03	melanogaster	D. melanogaster
A0A0B4KFJ3	1	U-01	melanogaster	D. melanogaster
A0A0B4KFJ9	2	U-02	melanogaster	D. melanogaster
A0A0B4KFK5	1	U-01	melanogaster	D. melanogaster
A0A0B4KFK6	3	U-03	melanogaster	D. melanogaster
A0A0B4KFL0	1	U-01	melanogaster	D. melanogaster
A0A0B4KFL1	1	U-01	melanogaster	D. melanogaster
A0A0B4KFL5	3	U-03	melanogaster	D. melanogaster
A0A0B4KFL6	1	U-01	melanogaster	D. melanogaster
A0A0B4KFL7	1	U-01	melanogaster	D. melanogaster
A0A0B4KFM9	1	U-01	melanogaster	D. melanogaster
A0A0B4KFP1	2	U-02	melanogaster	D. melanogaster
A0A0B4KFP8	1	U-01	melanogaster	D. melanogaster
A0A0B4KFQ7	1	U-01	melanogaster	D. melanogaster
A0A0B4KFQ9	1	U-01	melanogaster	D. melanogaster
A0A0B4KFR0	1	U-01	melanogaster	D. melanogaster
A0A0B4KFR1	1	U-01	melanogaster	D. melanogaster
A0A0B4KFR9	1	U-01	melanogaster	D. melanogaster
A0A0B4KFS6	1	U-01	melanogaster	D. melanogaster
A0A0B4KFS9	1	U-01	melanogaster	D. melanogaster
A0A0B4KFT1	1	U-01	melanogaster	D. melanogaster
A0A0B4KFU4	1	U-01	melanogaster	D. melanogaster
A0A0B4KFU8	1	U-01	melanogaster	D. melanogaster
A1Z8Z1	0	unassigned	melanogaster	D. melanogaster
A1Z8Z2	0	unassigned	melanogaster	D. melanogaster
A1Z8Z3	0	unassigned	melanogaster	D. melanogaster
A1Z8Z4	0	unassigned	melanogaster	D. melanogaster
A1Z8Z5	0	unassigned	melanogaster	D. melanogaster
A1Z8Z6	0	unassigned	melanogaster	D. melanogaster
A1Z8Z8	1	U-01	melanogaster	D. melanogaster
A1Z8Z9	1	U-01	melanogaster	D. melanogaster
A1Z900	1	U-01	melanogaster	D. melanogaster
A1Z902	1	U-01	melanogaster	D. melanogaster
A1Z917	1	U-01	melanogaster	D. melanogaster
A1Z918	1	U-01	melanogaster	D. melanogaster
A1Z919	1	U-01	melanogaster	D. melanogaster
A1Z922	0	unassigned	melanogaster	D. melanogaster
A1Z923	1	U-01	melanogaster	D. melanogaster
A1Z924	0	unassigned	melanogaster	D. melanogaster
A1Z931	0	unassigned	melanogaster	D. melanogaster
A1Z946	2	U-02	melanogaster	D. melanogaster
A1Z948	1	U-01	melanogaster	D. melanogaster
A1Z951	1	U-01	melanogaster	D. melanogaster
A1Z956	1	U-01	melanogaster	D. melanogaster
A1Z958	2	U-02	melanogaster	D. melanogaster
A1Z960	0	unassigned	melanogaster	D. melanogaster
A1Z964	3	U-03	melanogaster	D. melanogaster
A1Z972	1	U-01	melanogaster	D. melanogaster
A1Z973	1	U-01	melanogaster	D. melanogaster
A1Z975	1	U-01	melanogaster	D. melanogaster
A1Z976	1	U-01	melanogaster	D. melanogaster
A1Z977	0	unassigned	melanogaster	D. melanogaster
A1Z978	0	unassigned	melanogaster	D. melanogaster
A1Z979	0	unassigned	melanogaster	D. melanogaster
A1Z983	2	U-02	melanogaster	D. melanogaster
A1Z984	1	U-01	melanogaster	D. melanogaster
A1Z993	0	unassigned	melanogaster	D. melanogaster
A1Z994	1	U-01	melanogaster	D. melanogaster
A1Z998	3	U-03	melanogaster	D. melanogaster
A1Z9A1	3	U-03	melanogaster	D. melanogaster
A1Z9A2	1	U-01	melanogaster	D. melanogaster
A1Z9B1	1	U-01	melanogaster	D. melanogaster
A1Z9B3	1	U-01	melanogaster	D. melanogaster
A1Z9B4	1	U-01	melanogaster	D. melanogaster
A1Z9B5	1	U-01	melanogaster	D. melanogaster
A1Z9B8	2	U-02	melanogaster	D. melanogaster
A1Z9B9	2	U-02	melanogaster	D. melanogaster
A1Z9C0	1	U-01	melanogaster	D. melanogaster
A1Z9C1	1	U-01	melanogaster	D. melanogaster
A0A0B4LGT4	1	U-01	melanogaster	D. melanogaster
A0A0B4LGW1	1	U-01	melanogaster	D. melanogaster
A0A0B4LGX5	1	U-01	melanogaster	D. melanogaster
A0A0B4LGX6	1	U-01	melanogaster	D. melanogaster
A0A0B4LGZ5	1	U-01	melanogaster	D. melanogaster
A0A0B4LH09	1	U-01	melanogaster	D. melanogaster
A0A0B4LH20	1	U-01	melanogaster	D. melanogaster
A0A0B4LH50	1	U-01	melanogaster	D. melanogaster
A0A0B4LH64	1	U-01	melanogaster	D. melanogaster
A0A0B4LH73	1	U-01	melanogaster	D. melanogaster
A0A0B4LH78	1	U-01	melanogaster	D. melanogaster
A0A0B4LH87	1	U-01	melanogaster	D. melanogaster
A0A0B4LH91	1	U-01	melanogaster	D. melanogaster
A0A0B4LHB3	3	U-03	melanogaster	D. melanogaster
A0A0B4LHB7	0	unassigned	melanogaster	D. melanogaster
A0A0B4LHB8	1	U-01	melanogaster	D. melanogaster
A0A0B4LHB9	0	unassigned	melanogaster	D. melanogaster
A0A0B4LHC9	1	U-01	melanogaster	D. melanogaster
A0A0B4LHE7	1	U-01	melanogaster	D. melanogaster
A0A0B4LHF7	1	U-01	melanogaster	D. melanogaster
A0A0B4LHH1	1	U-01	melanogaster	D. melanogaster
A0A0B4LHJ6	3	U-03	melanogaster	D. melanogaster
A0A0B4LHK4	1	U-01	melanogaster	D. melanogaster
A0A0B4LHL7	1	U-01	melanogaster	D. melanogaster
A0A0B4LHM7	2	U-02	melanogaster	D. melanogaster
A0A0B4LHR7	1	U-01	melanogaster	D. melanogaster
A0A0B4LHS0	1	U-01	melanogaster	D. melanogaster
A0A0B4LHS8	1	U-01	melanogaster	D. melanogaster
A0A0B4LHT3	3	U-03	melanogaster	D. melanogaster
A0A0B4LHT6	3	U-03	melanogaster	D. melanogaster
A0A0B4LHU2	2	U-02	melanogaster	D. melanogaster
A0A0B4LHU7	1	U-01	melanogaster	D. melanogaster
A0A0B4LHW2	2	U-02	melanogaster	D. melanogaster
A0A0B4LHW4	1	U-01	melanogaster	D. melanogaster
A0A0B4LHZ6	1	U-01	melanogaster	D. melanogaster
A0A0B4LI09	2	U-02	melanogaster	D. melanogaster
A0A0B4LID6	0	unassigned	melanogaster	D. melanogaster
A0A0B4LIE8	3	U-03	melanogaster	D. melanogaster
A0A0B4LIJ0	1	U-01	melanogaster	D. melanogaster
A0A0B4LIP5	1	U-01	melanogaster	D. melanogaster
A0A0B4LJ24	1	U-01	melanogaster	D. melanogaster
A0A0B7PL88	1	U-01	melanogaster	D. melanogaster
A0A0C4DHA4	1	U-01	melanogaster	D. melanogaster
A0A0C4DHB5	1	U-01	melanogaster	D. melanogaster
A0A0C4DHB7	1	U-01	melanogaster	D. melanogaster
A0A0C4DHC0	1	U-01	melanogaster	D. melanogaster
A0A0C4DHE3	1	U-01	melanogaster	D. melanogaster
A0A0C4DHE7	1	U-01	melanogaster	D. melanogaster
A0A0C4DHF5	1	U-01	melanogaster	D. melanogaster
A0A0C4DHF9	3	U-03	melanogaster	D. melanogaster
A0A0C4DHG1	1	U-01	melanogaster	D. melanogaster
A0A0C4DHG5	1	U-01	melanogaster	D. melanogaster
A0A0C4FEI8	1	U-01	melanogaster	D. melanogaster
A0A0R4YI50	1	U-01	melanogaster	D. melanogaster
A0A0S0WFC5	1	U-01	melanogaster	D. melanogaster
A0A0S0WFC8	3	U-03	melanogaster	D. melanogaster
A0A0S0WGQ9	3	U-03	melanogaster	D. melanogaster
A0A0S0WGZ0	1	U-01	melanogaster	D. melanogaster
A0A0S0WIF3	2	U-02	melanogaster	D. melanogaster
A0A0S0WIJ8	1	U-01	melanogaster	D. melanogaster
A0A0S0WJJ4	2	U-02	melanogaster	D. melanogaster
A0A0S0WMR4	2	U-02	melanogaster	D. melanogaster
A0A0S0WNN6	1	U-01	melanogaster	D. melanogaster
A0A0S0X7W8	1	U-01	melanogaster	D. melanogaster
A0A0S0X7Z4	1	U-01	melanogaster	D. melanogaster
A0A0S0X8K7	1	U-01	melanogaster	D. melanogaster
A0A126GUN0	1	U-01	melanogaster	D. melanogaster
A0A126GUN4	1	U-01	melanogaster	D. melanogaster
A0A126GUN6	1	U-01	melanogaster	D. melanogaster
M9NDU7	0	unassigned	melanogaster	D. melanogaster
M9NDW3	1	U-01	melanogaster	D. melanogaster
M9NDW9	2	U-02	melanogaster	D. melanogaster
M9NDX7	1	U-01	melanogaster	D. melanogaster
M9NDX8	1	U-01	melanogaster	D. melanogaster
M9NDY0	1	U-01	melanogaster	D. melanogaster
M9NE05	2	U-02	melanogaster	D. melanogaster
M9NE13	0	unassigned	melanogaster	D. melanogaster
M9NE19	1	U-01	melanogaster	D. melanogaster
M9NE22	0	unassigned	melanogaster	D. melanogaster
M9NE25	1	U-01	melanogaster	D. melanogaster
M9NE33	0	unassigned	melanogaster	D. melanogaster
M9NE35	2	U-02	melanogaster	D. melanogaster
M9NE36	2	U-02	melanogaster	D. melanogaster
M9NE37	1	U-01	melanogaster	D. melanogaster
M9NE38	1	U-01	melanogaster	D. melanogaster
M9NE68	1	U-01	melanogaster	D. melanogaster
M9NE76	2	U-02	melanogaster	D. melanogaster
M9NE80	1	U-01	melanogaster	D. melanogaster
M9NEA5	1	U-01	melanogaster	D. melanogaster
M9NEA6	1	U-01	melanogaster	D. melanogaster
M9NEB0	0	unassigned	melanogaster	D. melanogaster
M9NEC7	0	unassigned	melanogaster	D. melanogaster
M9NEG2	1	U-01	melanogaster	D. melanogaster
M9NEH8	1	U-01	melanogaster	D. melanogaster
M9NEH9	1	U-01	melanogaster	D. melanogaster
M9NEJ4	1	U-01	melanogaster	D. melanogaster
M9NEK4	1	U-01	melanogaster	D. melanogaster
M9NEL1	1	U-01	melanogaster	D. melanogaster
M9NEL5	1	U-01	melanogaster	D. melanogaster
M9NEM2	0	unassigned	melanogaster	D. melanogaster
Q7KUK9	2	U-02	melanogaster	D. melanogaster
Q7KUL8	0	unassigned	melanogaster	D. melanogaster
Q7KUM2	2	U-02	melanogaster	D. melanogaster
Q7KUM9	1	U-01	melanogaster	D. melanogaster
Q7KUN0	3	U-03	melanogaster	D. melanogaster
Q7KUN4	2	U-02	melanogaster	D. melanogaster
Q7KUN6	1	U-01	melanogaster	D. melanogaster
Q7KUP5	2	U-02	melanogaster	D. melanogaster
Q7KUP9	1	U-01	melanogaster	D. melanogaster
Q7KUQ3	2	U-02	melanogaster	D. melanogaster
Q7KUQ9	3	U-03	melanogaster	D. melanogaster
Q7KUR3	0	unassigned	melanogaster	D. melanogaster
Q7KUR6	3	U-03	melanogaster	D. melanogaster
Q7KUS2	1	U-01	melanogaster	D. melanogaster
Q7KUS3	1	U-01	melanogaster	D. melanogaster
Q7KUS9	1	U-01	melanogaster	D. melanogaster
Q7KUT5	1	U-01	melanogaster	D. melanogaster
Q7KUU2	1	U-01	melanogaster	D. melanogaster
Q7KUU7	1	U-01	melanogaster	D. melanogaster
Q7KUV5	1	U-01	melanogaster	D. melanogaster
Q7KUW6	1	U-01	melanogaster	D. melanogaster
Q7KUX3	1	U-01	melanogaster	D. melanogaster
Q7KUX6	1	U-01	melanogaster	D. melanogaster
Q7KUY7	2	U-02	melanogaster	D. melanogaster
Q7KUZ9	2	U-02	melanogaster	D. melanogaster
Q7KV02	3	U-03	melanogaster	D. melanogaster
Q7KV07	2	U-02	melanogaster	D. melanogaster
Q7KV18	1	U-01	melanogaster	D. melanogaster
Q7KV24	2	U-02	melanogaster	D. melanogaster
Q7KV25	0	unassigned	melanogaster	D. melanogaster
Q7KV31	1	U-01	melanogaster	D. melanogaster
Q7KV33	1	U-01	melanogaster	D. melanogaster
Q7KV49	2	U-02	melanogaster	D. melanogaster
Q7KV71	2	U-02	melanogaster	D. melanogaster
Q7KV77	1	U-01	melanogaster	D. melanogaster
Q7KV78	1	U-01	melanogaster	D. melanogaster
Q7KV84	1	U-01	melanogaster	D. melanogaster
Q7KV85	1	U-01	melanogaster	D. melanogaster
Q7KV98	1	U-01	melanogaster	D. melanogaster
Q7KV99	3	U-03	melanogaster	D. melanogaster
Q7KVA6	1	U-01	melanogaster	D. melanogaster
Q7KVB0	1	U-01	melanogaster	D. melanogaster
Q7KVB1	3	U-03	melanogaster	D. melanogaster
Q7KVB6	3	U-03	melanogaster	D. melanogaster
Q7KVB7	1	U-01	melanogaster	D. melanogaster
Q7KVC2	1	U-01	melanogaster	D. melanogaster
Q7KVD5	1	U-01	melanogaster	D. melanogaster
Q7KVE7	1	U-01	melanogaster	D. melanogaster
Q7KVE9	1	U-01	melanogaster	D. melanogaster
Q7KVF1	2	U-02	melanogaster	D. melanogaster
Q7KVG0	1	U-01	melanogaster	D. melanogaster
Q7KVG5	1	U-01	melanogaster	D. melanogaster
Q7KVG8	1	U-01	melanogaster	D. melanogaster
Q7KVH2	1	U-01	melanogaster	D. melanogaster
Q7KVH6	3	U-03	melanogaster	D. melanogaster
Q7KVK0	1	U-01	melanogaster	D. melanogaster
Q7KVK8	1	U-01	melanogaster	D. melanogaster
Q7KVL1	1	U-01	melanogaster	D. melanogaster
Q7KVL5	3	U-03	melanogaster	D. melanogaster
Q7KVM1	2	U-02	melanogaster	D. melanogaster
Q7KVM3	2	U-02	melanogaster	D. melanogaster
Q7KVM7	2	U-02	melanogaster	D. melanogaster
Q7KVM9	1	U-01	melanogaster	D. melanogaster
Q7KVN1	1	U-01	melanogaster	D. melanogaster
Q7KVN6	1	U-01	melanogaster	D. melanogaster
Q7KVN8	1	U-01	melanogaster	D. melanogaster
Q7KVN9	1	U-01	melanogaster	D. melanogaster
Q7KVQ8	3	U-03	melanogaster	D. melanogaster
Q7KVS0	1	U-01	melanogaster	D. melanogaster
Q7KVT0	1	U-01	melanogaster	D. melanogaster
Q7KVU4	1	U-01	melanogaster	D. melanogaster
Q7KVU5	1	U-01	melanogaster	D. melanogaster
Q7KVU9	1	U-01	melanogaster	D. melanogaster
Q7KVW2	1	U-01	melanogaster	D. melanogaster
Q7KVX6	1	U-01	melanogaster	D. melanogaster
Q7KVZ1	2	U-02	melanogaster	D. melanogaster
Q7KW14	1	U-01	melanogaster	D. melanogaster
Q7KW15	1	U-01	melanogaster	D. melanogaster
Q7KW16	1	U-01	melanogaster	D. melanogaster
Q9VAC2	3	U-03	melanogaster	D. melanogaster
Q9VAC7	1	U-01	melanogaster	D. melanogaster
Q9VAD1	2	U-02	melanogaster	D. melanogaster
Q9VAE4	0	unassigned	melanogaster	D. melanogaster
Q9VAF2	1	U-01	melanogaster	D. melanogaster
Q9VAG2	2	U-02	melanogaster	D. melanogaster
Q9VAH2	1	U-01	melanogaster	D. melanogaster
Q9VAH3	1	U-01	melanogaster	D. melanogaster
Q9VAH7	1	U-01	melanogaster	D. melanogaster
Q9VAI4	1	U-01	melanogaster	D. melanogaster
Q9VAI7	2	U-02	melanogaster	D. melanogaster
Q9VAI8	1	U-01	melanogaster	D. melanogaster
Q9VAI9	0	unassigned	melanogaster	D. melanogaster
Q9VAJ0	3	U-03	melanogaster	D. melanogaster
Q9VAJ6	2	U-02	melanogaster	D. melanogaster
Q9VAJ7	2	U-02	melanogaster	D. melanogaster
Q9VAL1	1	U-01	melanogaster	D. melanogaster
Q9VAN4	3	U-03	melanogaster	D. melanogaster
Q9VAN9	3	U-03	melanogaster	D. melanogaster
Q9VAP0	2	U-02	melanogaster	D. melanogaster
Q9VAP1	1	U-01	melanogaster	D. melanogaster
Q8IN59	1	U-01	melanogaster	D. melanogaster
Q8IN65	1	U-01	melanogaster	D. melanogaster
Q8IN66	1	U-01	melanogaster	D. melanogaster
Q8IN69	2	U-02	melanogaster	D. melanogaster
Q8IN72	1	U-01	melanogaster	D. melanogaster
Q8IN97	2	U-02	melanogaster	D. melanogaster
Q8INA5	1	U-01	melanogaster	D. melanogaster
Q8INB4	1	U-01	melanogaster	D. melanogaster
Q8INB5	1	U-01	melanogaster	D. melanogaster
Q8INB8	1	U-01	melanogaster	D. melanogaster
Q8INC0	1	U-01	melanogaster	D. melanogaster
Q8INC7	1	U-01	melanogaster	D. melanogaster
Q8INC8	1	U-01	melanogaster	D. melanogaster
Q8IND4	1	U-01	melanogaster	D. melanogaster
Q8IND7	2	U-02	melanogaster	D. melanogaster
Q8INF1	0	unassigned	melanogaster	D. melanogaster
Q8ING1	1	U-01	melanogaster	D. melanogaster
Q8ING2	1	U-01	melanogaster	D. melanogaster
Q8INH2	1	U-01	melanogaster	D. melanogaster
Q8INH9	1	U-01	melanogaster	D. melanogaster
Q8INI2	1	U-01	melanogaster	D. melanogaster
Q8INI3	1	U-01	melanogaster	D. melanogaster
Q8INL4	1	U-01	melanogaster	D. melanogaster
Q8INM1	1	U-01	melanogaster	D. melanogaster
Q8INM2	1	U-01	melanogaster	D. melanogaster
Q8INM8	1	U-01	melanogaster	D. melanogaster
Q8INN3	1	U-01	melanogaster	D. melanogaster
Q8INP8	1	U-01	melanogaster	D. melanogaster
Q8INR2	1	U-01	melanogaster	D. melanogaster
Q8INS6	1	U-01	melanogaster	D. melanogaster
Q8INT0	1	U-01	melanogaster	D. melanogaster
Q8INT9	1	U-01	melanogaster	D. melanogaster
Q8INU9	1	U-01	melanogaster	D. melanogaster
Q8INV0	1	U-01	melanogaster	D. melanogaster
Q8INW1	1	U-01	melanogaster	D. melanogaster
Q8INW8	1	U-01	melanogaster	D. melanogaster
Q8INX1	1	U-01	melanogaster	D. melanogaster
Q8INX2	1	U-01	melanogaster	D. melanogaster
Q8INX6	2	U-02	melanogaster	D. melanogaster
Q9VEY4	1	U-01	melanogaster	D. melanogaster
Q9VEZ2	1	U-01	melanogaster	D. melanogaster
Q9VEZ7	0	unassigned	melanogaster	D. melanogaster
Q9VF05	1	U-01	melanogaster	D. melanogaster
Q9VF06	1	U-01	melanogaster	D. melanogaster
Q9VF09	1	U-01	melanogaster	D. melanogaster
Q9VF18	1	U-01	melanogaster	D. melanogaster
Q9VF19	1	U-01	melanogaster	D. melanogaster
Q9VF31	3	U-03	melanogaster	D. melanogaster
Q9VF43	3	U-03	melanogaster	D. melanogaster
Q9VF46	2	U-02	melanogaster	D. melanogaster
Q9VF68	1	U-01	melanogaster	D. melanogaster
Q9VF71	1	U-01	melanogaster	D. melanogaster
Q9VF83	1	U-01	melanogaster	D. melanogaster
Q9VF91	2	U-02	melanogaster	D. melanogaster
Q9VF94	2	U-02	melanogaster	D. melanogaster
Q9VFC6	1	U-01	melanogaster	D. melanogaster
Q9VFC9	1	U-01	melanogaster	D. melanogaster
Q9VFD0	1	U-01	melanogaster	D. melanogaster
Q9VFD1	2	U-02	melanogaster	D. melanogaster
Q9VFE1	1	U-01	melanogaster	D. melanogaster
Q9VFF2	1	U-01	melanogaster	D. melanogaster
Q9VFF6	1	U-01	melanogaster	D. melanogaster
Q9VFG1	3	U-03	melanogaster	D. melanogaster
Q9VFG2	3	U-03	melanogaster	D. melanogaster
Q9VFH8	1	U-01	melanogaster	D. melanogaster
Q9VFI3	0	unassigned	melanogaster	D. melanogaster
Q9VFI4	0	unassigned	melanogaster	D. melanogaster
Q9VFI5	0	unassigned	melanogaster	D. melanogaster
Q9VFI6	0	unassigned	melanogaster	D. melanogaster
Q9VFK5	1	U-01	melanogaster	D. melanogaster
Q9VFL2	0	unassigned	melanogaster	D. melanogaster
Q9VFL3	0	unassigned	melanogaster	D. melanogaster
Q9VFL4	0	unassigned	melanogaster	D. melanogaster
Q9VFL7	2	U-02	melanogaster	D. melanogaster
Q9VFL8	1	U-01	melanogaster	D. melanogaster
Q9VFL9	1	U-01	melanogaster	D. melanogaster
Q9VFM2	1	U-01	melanogaster	D. melanogaster
Q9VFM5	1	U-01	melanogaster	D. melanogaster
Q9VFM6	1	U-01	melanogaster	D. melanogaster
Q9VFN1	1	U-01	melanogaster	D. melanogaster
Q9VFP7	1	U-01	melanogaster	D. melanogaster
Q9VFP9	1	U-01	melanogaster	D. melanogaster
Q9VFR0	1	U-01	melanogaster	D. melanogaster
Q9VFR4	1	U-01	melanogaster	D. melanogaster
Q9VFT7	1	U-01	melanogaster	D. melanogaster
Q9VFT9	1	U-01	melanogaster	D. melanogaster
Q9VFU1	1	U-01	melanogaster	D. melanogaster
Q9VFU2	1	U-01	melanogaster	D. melanogaster
Q9VFU3	1	U-01	melanogaster	D. melanogaster
Q9VFU4	1	U-01	melanogaster	D. melanogaster
Q9VFV1	2	U-02	melanogaster	D. melanogaster
Q9VFV2	2	U-02	melanogaster	D. melanogaster
Q9VFV3	2	U-02	melanogaster	D. melanogaster
Q9VFV5	0	unassigned	melanogaster	D. melanogaster
Q9VFV6	0	unassigned	melanogaster	D. melanogaster
Q9VFV8	1	U-01	melanogaster	D. melanogaster
Q9VFW3	0	unassigned	melanogaster	D. melanogaster
Q9VFX4	1	U-01	melanogaster	D. melanogaster
Q9VFX9	3	U-03	melanogaster	D. melanogaster
Q9VFY4	1	U-01	melanogaster	D. melanogaster
M9PJM6	0	unassigned	melanogaster	D. melanogaster
M9PJM7	1	U-01	melanogaster	D. melanogaster
M9PJM8	1	U-01	melanogaster	D. melanogaster
M9PJQ3	1	U-01	melanogaster	D. melanogaster
M9PJQ4	0	unassigned	melanogaster	D. melanogaster
M9PJQ5	1	U-01	melanogaster	D. melanogaster
O01666	1	U-01	melanogaster	D. melanogaster
O02195	1	U-01	melanogaster	D. melanogaster
O17444	3	U-03	melanogaster	D. melanogaster
O18373	1	U-01	melanogaster	D. melanogaster
Q9VCQ7	1	U-01	melanogaster	D. melanogaster
Q9VCS9	0	unassigned	melanogaster	D. melanogaster
Q9VCT4	2	U-02	melanogaster	D. melanogaster
Q9VCU4	2	U-02	melanogaster	D. melanogaster
Q9VCU5	1	U-01	melanogaster	D. melanogaster
Q9VCV0	1	U-01	melanogaster	D. melanogaster
Q9VCW3	1	U-01	melanogaster	D. melanogaster
Q9VCX4	1	U-01	melanogaster	D. melanogaster
Q9VCY5	3	U-03	melanogaster	D. melanogaster
Q9VCY6	3	U-03	melanogaster	D. melanogaster
Q9VD09	1	U-01	melanogaster	D. melanogaster
Q9VD20	1	U-01	melanogaster	D. melanogaster
Q9VD23	1	U-01	melanogaster	D. melanogaster
Q9VD55	1	U-01	melanogaster	D. melanogaster
Q9VD58	1	U-01	melanogaster	D. melanogaster
Q9VD60	1	U-01	melanogaster	D. melanogaster
Q9VD61	2	U-02	melanogaster	D. melanogaster
Q9VD62	2	U-02	melanogaster	D. melanogaster
Q9VD64	1	U-01	melanogaster	D. melanogaster
Q9VD74	0	unassigned	melanogaster	D. melanogaster
Q9VD81	1	U-01	melanogaster	D. melanogaster
Q9VD82	1	U-01	melanogaster	D. melanogaster
Q9VD85	2	U-02	melanogaster	D. melanogaster
Q9VD92	1	U-01	melanogaster	D. melanogaster
Q9VDC2	1	U-01	melanogaster	D. melanogaster
Q9VDC3	1	U-01	melanogaster	D. melanogaster
Q9VDD0	1	U-01	melanogaster	D. melanogaster
Q9VDD7	3	U-03	melanogaster	D. melanogaster
Q9VDE9	1	U-01	melanogaster	D. melanogaster
Q9VDG0	1	U-01	melanogaster	D. melanogaster
Q9VDG4	2	U-02	melanogaster	D. melanogaster
Q9VDH2	2	U-02	melanogaster	D. melanogaster
Q9VDK7	1	U-01	melanogaster	D. melanogaster
Q9VDL2	1	U-01	melanogaster	D. melanogaster
Q9VDM1	0	unassigned	melanogaster	D. melanogaster
Q9VDM3	3	U-03	melanogaster	D. melanogaster
Q9VDM6	1	U-01	melanogaster	D. melanogaster
Q9VDM7	1	U-01	melanogaster	D. melanogaster
Q9VDN3	0	unassigned	melanogaster	D. melanogaster
Q9VDP5	1	U-01	melanogaster	D. melanogaster
Q9VDP7	1	U-01	melanogaster	D. melanogaster
Q9VDP8	1	U-01	melanogaster	D. melanogaster
Q9VDQ3	0	unassigned	melanogaster	D. melanogaster
Q9VDQ4	0	unassigned	melanogaster	D. melanogaster
Q9VDS6	1	U-01	melanogaster	D. melanogaster
Q9VDT1	1	U-01	melanogaster	D. melanogaster
Q9VDU8	1	U-01	melanogaster	D. melanogaster
Q9VDY9	2	U-02	melanogaster	D. melanogaster
Q9VDZ1	1	U-01	melanogaster	D. melanogaster
Q9VDZ4	1	U-01	melanogaster	D. melanogaster
Q9VDZ7	1	U-01	melanogaster	D. melanogaster
Q9VDZ8	1	U-01	melanogaster	D. melanogaster
Q9VE09	1	U-01	melanogaster	D. melanogaster
Q9VE23	1	U-01	melanogaster	D. melanogaster
Q9VE46	3	U-03	melanogaster	D. melanogaster
Q9VE55	1	U-01	melanogaster	D. melanogaster
Q9VE58	1	U-01	melanogaster	D. melanogaster
Q9VE75	3	U-03	melanogaster	D. melanogaster
Q9VE77	3	U-03	melanogaster	D. melanogaster
Q9VEB3	1	U-01	melanogaster	D. melanogaster
Q9VED8	2	U-02	melanogaster	D. melanogaster
Q9VEF0	0	unassigned	melanogaster	D. melanogaster
Q9VEF1	0	unassigned	melanogaster	D. melanogaster
Q9VEF5	1	U-01	melanogaster	D. melanogaster
Q9VEJ1	1	U-01	melanogaster	D. melanogaster
Q9VEJ3	1	U-01	melanogaster	D. melanogaster
Q9VEJ4	1	U-01	melanogaster	D. melanogaster
Q9VEJ5	2	U-02	melanogaster	D. melanogaster
Q9VEJ9	2	U-02	melanogaster	D. melanogaster
Q9VEK3	2	U-02	melanogaster	D. melanogaster
Q9VEK4	2	U-02	melanogaster	D. melanogaster
Q9VEK5	2	U-02	melanogaster	D. melanogaster
Q9VEK8	1	U-01	melanogaster	D. melanogaster
Q9VEL7	2	U-02	melanogaster	D. melanogaster
Q9VEM5	0	unassigned	melanogaster	D. melanogaster
Q9VEM6	0	unassigned	melanogaster	D. melanogaster
Q9VEM7	0	unassigned	melanogaster	D. melanogaster
Q9VEM8	0	unassigned	melanogaster	D. melanogaster
Q9VEM9	0	unassigned	melanogaster	D. melanogaster
Q9VEN0	0	unassigned	melanogaster	D. melanogaster
Q9VEN2	1	U-01	melanogaster	D. melanogaster
Q9VEP0	1	U-01	melanogaster	D. melanogaster
Q9VEP6	1	U-01	melanogaster	D. melanogaster
Q9VEP8	2	U-02	melanogaster	D. melanogaster
Q9VET9	1	U-01	melanogaster	D. melanogaster
Q9VEU0	0	unassigned	melanogaster	D. melanogaster
Q9VEU1	2	U-02	melanogaster	D. melanogaster
Q9VEU2	3	U-03	melanogaster	D. melanogaster
Q9VEV7	1	U-01	melanogaster	D. melanogaster
Q9VEW6	1	U-01	melanogaster	D. melanogaster
X2JGZ5	0	unassigned	melanogaster	D. melanogaster
X2JHP2	1	U-01	melanogaster	D. melanogaster
X2JHQ0	3	U-03	melanogaster	D. melanogaster
X2JI07	1	U-01	melanogaster	D. melanogaster
X2JI38	1	U-01	melanogaster	D. melanogaster
X2JI83	1	U-01	melanogaster	D. melanogaster
X2JIB5	1	U-01	melanogaster	D. melanogaster
X2JIE0	1	U-01	melanogaster	D. melanogaster
X2JIH1	1	U-01	melanogaster	D. melanogaster
X2JIL6	1	U-01	melanogaster	D. melanogaster
X2JIN0	0	unassigned	melanogaster	D. melanogaster
X2JIQ5	1	U-01	melanogaster	D. melanogaster
X2JJ32	1	U-01	melanogaster	D. melanogaster
X2JJ95	1	U-01	melanogaster	D. melanogaster
X2JJG0	1	U-01	melanogaster	D. melanogaster
X2JJP5	1	U-01	melanogaster	D. melanogaster
X2JK43	1	U-01	melanogaster	D. melanogaster
X2JKF2	1	U-01	melanogaster	D. melanogaster
X2JKN6	1	U-01	melanogaster	D. melanogaster
X2JKS9	1	U-01	melanogaster	D. melanogaster
X2JKT7	2	U-02	melanogaster	D. melanogaster
X2JKZ0	1	U-01	melanogaster	D. melanogaster
X2JL00	1	U-01	melanogaster	D. melanogaster
X2JL40	1	U-01	melanogaster	D. melanogaster
X2JL49	1	U-01	melanogaster	D. melanogaster
X2JL88	1	U-01	melanogaster	D. melanogaster
X2JLB5	1	U-01	melanogaster	D. melanogaster
X2JLL7	3	U-03	melanogaster	D. melanogaster
X2JLM6	1	U-01	melanogaster	D. melanogaster
A0A021WW64	1	U-01	melanogaster	D. melanogaster
A0A023GPM0	3	U-03	melanogaster	D. melanogaster
A0A023GQ84	3	U-03	melanogaster	D. melanogaster
A0A0B4J406	3	U-03	melanogaster	D. melanogaster
A0A0B4JCQ3	3	U-03	melanogaster	D. melanogaster
A0A0B4JCR3	1	U-01	melanogaster	D. melanogaster
A0A0B4JCR4	1	U-01	melanogaster	D. melanogaster
A0A0B4JCR6	1	U-01	melanogaster	D. melanogaster
A0ACM8PYF9	1	U-01	melanogaster	D. melanogaster
A0ACM8PYG3	1	U-01	melanogaster	D. melanogaster
A0ACM8PYG9	1	U-01	melanogaster	D. melanogaster
A0ACM8PYH6	2	U-02	melanogaster	D. melanogaster
A0ACM8PYI2	1	U-01	melanogaster	D. melanogaster
A0ACM8PYI4	1	U-01	melanogaster	D. melanogaster
A0ACM8PYI8	1	U-01	melanogaster	D. melanogaster
A0ACM8PYK4	1	U-01	melanogaster	D. melanogaster
A0ACM8PYK9	1	U-01	melanogaster	D. melanogaster
A0ACM8PYL3	2	U-02	melanogaster	D. melanogaster
A0ACM8PYL4	1	U-01	melanogaster	D. melanogaster
A0ACM8PYL5	1	U-01	melanogaster	D. melanogaster
A0ACM8PYM1	2	U-02	melanogaster	D. melanogaster
A0ACM8PYM6	1	U-01	melanogaster	D. melanogaster
A0ACM8PYM9	1	U-01	melanogaster	D. melanogaster
A0ACM8PYN1	1	U-01	melanogaster	D. melanogaster
A0ACM8PYN9	1	U-01	melanogaster	D. melanogaster
A0ACM8PYU9	1	U-01	melanogaster	D. melanogaster
A0ACM8PYY5	1	U-01	melanogaster	D. melanogaster
A0ACM8PYZ1	1	U-01	melanogaster	D. melanogaster
A0ACM8PYZ2	1	U-01	melanogaster	D. melanogaster
A0ACM8PYZ5	1	U-01	melanogaster	D. melanogaster
A0ACM8PYZ6	1	U-01	melanogaster	D. melanogaster
A0ACM8PYZ7	1	U-01	melanogaster	D. melanogaster
A0ACM8PZ05	2	U-02	melanogaster	D. melanogaster
A0ACM8PZ21	2	U-02	melanogaster	D. melanogaster
A0ACM8PZ23	3	U-03	melanogaster	D. melanogaster
A0ACM8PZ40	1	U-01	melanogaster	D. melanogaster
A0ACM8PZ43	1	U-01	melanogaster	D. melanogaster
A0ACM8PZ52	1	U-01	melanogaster	D. melanogaster
A0ACM8PZ57	2	U-02	melanogaster	D. melanogaster
A0ACM8PZ71	1	U-01	melanogaster	D. melanogaster
A0ACM8PZ90	1	U-01	melanogaster	D. melanogaster
A0ACM8PZB4	1	U-01	melanogaster	D. melanogaster
A0ACM8PZB5	1	U-01	melanogaster	D. melanogaster
A0ACM8PZB7	0	unassigned	melanogaster	D. melanogaster
A0ACM8PZB8	1	U-01	melanogaster	D. melanogaster
A0ACM8PZC3	3	U-03	melanogaster	D. melanogaster
A0ACM8PZD2	1	U-01	melanogaster	D. melanogaster
A0ACM8PZE1	1	U-01	melanogaster	D. melanogaster
A0ACM8PZE6	1	U-01	melanogaster	D. melanogaster
A0ACM8PZI1	1	U-01	melanogaster	D. melanogaster
A0ACM8Q162	1	U-01	melanogaster	D. melanogaster
A0ACM8Q163	1	U-01	melanogaster	D. melanogaster
A0ACM8Q164	1	U-01	melanogaster	D. melanogaster
A0ACM8Q187	1	U-01	melanogaster	D. melanogaster
A0ACM8Q2G1	1	U-01	melanogaster	D. melanogaster
A0ACM8Q2G2	1	U-01	melanogaster	D. melanogaster
A0ACM8Q2G4	1	U-01	melanogaster	D. melanogaster
A0ACM8Q7N1	1	U-01	melanogaster	D. melanogaster
A0ACM8Q7N5	3	U-03	melanogaster	D. melanogaster
A0ACM8Q7N6	1	U-01	melanogaster	D. melanogaster
A0ACM8Q7N7	3	U-03	melanogaster	D. melanogaster
A0ACM8Q7N8	1	U-01	melanogaster	D. melanogaster
A0ACM8Q967	1	U-01	melanogaster	D. melanogaster
A0ACM8Q9F9	1	U-01	melanogaster	D. melanogaster
A0ACM8Q9P3	1	U-01	melanogaster	D. melanogaster
A0ACM8QA64	3	U-03	melanogaster	D. melanogaster
A0ACM8QAN7	3	U-03	melanogaster	D. melanogaster
A0ACM8QAR2	0	unassigned	melanogaster	D. melanogaster
A0ACM8QAR3	3	U-03	melanogaster	D. melanogaster
A0ACM8QB46	1	U-01	melanogaster	D. melanogaster
A0ACM8QBH5	1	U-01	melanogaster	D. melanogaster
P36958	1	U-01	melanogaster	D. melanogaster
P37161	2	U-02	melanogaster	D. melanogaster
P40304	1	U-01	melanogaster	D. melanogaster
P40320	1	U-01	melanogaster	D. melanogaster
P40657	1	U-01	melanogaster	D. melanogaster
P40794	1	U-01	melanogaster	D. melanogaster
P40796	1	U-01	melanogaster	D. melanogaster
P40798	1	U-01	melanogaster	D. melanogaster
P41094	1	U-01	melanogaster	D. melanogaster
P41375	0	unassigned	melanogaster	D. melanogaster
P41900	1	U-01	melanogaster	D. melanogaster
P42570	1	U-01	melanogaster	D. melanogaster
P45884	1	U-01	melanogaster	D. melanogaster
P45890	1	U-01	melanogaster	D. melanogaster
P45891	1	U-01	melanogaster	D. melanogaster
Q9VP40	1	U-01	melanogaster	D. melanogaster
Q9VP61	1	U-01	melanogaster	D. melanogaster
Q9VP65	1	U-01	melanogaster	D. melanogaster
Q9VP80	1	U-01	melanogaster	D. melanogaster
Q9VPA7	1	U-01	melanogaster	D. melanogaster
Q9VPB8	1	U-01	melanogaster	D. melanogaster
Q9VPD5	1	U-01	melanogaster	D. melanogaster
Q9VPH8	1	U-01	melanogaster	D. melanogaster
Q9VPI2	0	unassigned	melanogaster	D. melanogaster
Q9VPN2	2	U-02	melanogaster	D. melanogaster
Q9VPQ8	3	U-03	melanogaster	D. melanogaster
Q9VPR6	1	U-01	melanogaster	D. melanogaster
Q9VPS7	0	unassigned	melanogaster	D. melanogaster
Q9VPT8	1	U-01	melanogaster	D. melanogaster
Q9VPW1	1	U-01	melanogaster	D. melanogaster
Q9VPY0	1	U-01	melanogaster	D. melanogaster
Q9VQ26	1	U-01	melanogaster	D. melanogaster
Q9VQ29	1	U-01	melanogaster	D. melanogaster
Q9VQ37	3	U-03	melanogaster	D. melanogaster
Q9VQ78	1	U-01	melanogaster	D. melanogaster
Q9VQ94	1	U-01	melanogaster	D. melanogaster
Q9VQB3	1	U-01	melanogaster	D. melanogaster
Q9VQB4	1	U-01	melanogaster	D. melanogaster
Q9VQD8	1	U-01	melanogaster	D. melanogaster
Q9VQE9	3	U-03	melanogaster	D. melanogaster
Q9VQF8	1	U-01	melanogaster	D. melanogaster
Q9VQG4	3	U-03	melanogaster	D. melanogaster
Q9VQI7	1	U-01	melanogaster	D. melanogaster
Q9VQJ0	1	U-01	melanogaster	D. melanogaster
Q9VQL8	0	unassigned	melanogaster	D. melanogaster
Q9VQM0	1	U-01	melanogaster	D. melanogaster
Q9VQR3	1	U-01	melanogaster	D. melanogaster
Q9VQS7	1	U-01	melanogaster	D. melanogaster
Q9VQV7	1	U-01	melanogaster	D. melanogaster
Q9VQY9	1	U-01	melanogaster	D. melanogaster
Q9VR34	3	U-03	melanogaster	D. melanogaster
Q9VR40	2	U-02	melanogaster	D. melanogaster
Q9VR79	2	U-02	melanogaster	D. melanogaster
Q9VR91	1	U-01	melanogaster	D. melanogaster
Q9VRD6	1	U-01	melanogaster	D. melanogaster
Q9VRD9	1	U-01	melanogaster	D. melanogaster
Q9VRF2	0	unassigned	melanogaster	D. melanogaster
Q9VRJ1	1	U-01	melanogaster	D. melanogaster
Q9VRM0	3	U-03	melanogaster	D. melanogaster
Q9VRM3	3	U-03	melanogaster	D. melanogaster
Q9VRN3	0	unassigned	melanogaster	D. melanogaster
Q9VRP4	1	U-01	melanogaster	D. melanogaster
Q9VRV8	1	U-01	melanogaster	D. melanogaster
Q9VRX3	1	U-01	melanogaster	D. melanogaster
Q9VRY4	1	U-01	melanogaster	D. melanogaster
Q9VS01	1	U-01	melanogaster	D. melanogaster
Q9VS33	1	U-01	melanogaster	D. melanogaster
Q9VS37	1	U-01	melanogaster	D. melanogaster
Q9VS38	1	U-01	melanogaster	D. melanogaster
Q9VS50	1	U-01	melanogaster	D. melanogaster
Q9VS55	0	unassigned	melanogaster	D. melanogaster
Q9VS71	2	U-02	melanogaster	D. melanogaster
Q9VS73	2	U-02	melanogaster	D. melanogaster
Q9VSC3	2	U-02	melanogaster	D. melanogaster
Q9VSF0	1	U-01	melanogaster	D. melanogaster
Q9VSG1	1	U-01	melanogaster	D. melanogaster
Q9VSH8	3	U-03	melanogaster	D. melanogaster
Q9VSJ6	1	U-01	melanogaster	D. melanogaster
Q9VSJ8	1	U-01	melanogaster	D. melanogaster
Q9VSK8	1	U-01	melanogaster	D. melanogaster
Q9VSK9	1	U-01	melanogaster	D. melanogaster
Q9VSL5	0	unassigned	melanogaster	D. melanogaster
Q9VSM6	1	U-01	melanogaster	D. melanogaster
Q9VSN9	1	U-01	melanogaster	D. melanogaster
Q9VST2	1	U-01	melanogaster	D. melanogaster
Q9VSU7	1	U-01	melanogaster	D. melanogaster
Q9VSW1	1	U-01	melanogaster	D. melanogaster
Q9VSY4	1	U-01	melanogaster	D. melanogaster
Q9VSY7	1	U-01	melanogaster	D. melanogaster
Q9VSY9	1	U-01	melanogaster	D. melanogaster
Q9VT08	0	unassigned	melanogaster	D. melanogaster
Q9VT37	0	unassigned	melanogaster	D. melanogaster
Q9VT52	0	unassigned	melanogaster	D. melanogaster
Q9VT53	2	U-02	melanogaster	D. melanogaster
Q9VT91	1	U-01	melanogaster	D. melanogaster
Q9VTD3	1	U-01	melanogaster	D. melanogaster
Q9VTE0	1	U-01	melanogaster	D. melanogaster
Q9VTF9	1	U-01	melanogaster	D. melanogaster
Q9VTH4	1	U-01	melanogaster	D. melanogaster
Q9VTI8	1	U-01	melanogaster	D. melanogaster
Q9VH99	0	unassigned	melanogaster	D. melanogaster
Q9VHA1	1	U-01	melanogaster	D. melanogaster
Q9VHA2	1	U-01	melanogaster	D. melanogaster
Q9VHA4	0	unassigned	melanogaster	D. melanogaster
Q9VHA5	2	U-02	melanogaster	D. melanogaster
Q9VHA8	1	U-01	melanogaster	D. melanogaster
Q9VHA9	0	unassigned	melanogaster	D. melanogaster
Q9VHB1	3	U-03	melanogaster	D. melanogaster
Q9VHB2	3	U-03	melanogaster	D. melanogaster
Q9VHB9	1	U-01	melanogaster	D. melanogaster
Q9VHC0	0	unassigned	melanogaster	D. melanogaster
Q9VHC2	1	U-01	melanogaster	D. melanogaster
Q9VHC8	1	U-01	melanogaster	D. melanogaster
Q9VHE3	1	U-01	melanogaster	D. melanogaster
Q9VHE4	1	U-01	melanogaster	D. melanogaster
Q9VHF2	1	U-01	melanogaster	D. melanogaster
Q9VVG1	1	U-01	melanogaster	D. melanogaster
Q9VVG3	3	U-03	melanogaster	D. melanogaster
Q9VVG5	3	U-03	melanogaster	D. melanogaster
Q9VVH0	1	U-01	melanogaster	D. melanogaster
Q9VVH5	3	U-03	melanogaster	D. melanogaster
Q9VVJ0	3	U-03	melanogaster	D. melanogaster
Q9VVJ9	3	U-03	melanogaster	D. melanogaster
Q9VVK3	2	U-02	melanogaster	D. melanogaster
Q9VVK4	1	U-01	melanogaster	D. melanogaster
Q9VVL5	1	U-01	melanogaster	D. melanogaster
Q9VVM1	2	U-02	melanogaster	D. melanogaster
Q9VVM4	2	U-02	melanogaster	D. melanogaster
Q9VVN2	1	U-01	melanogaster	D. melanogaster
Q9VVN6	0	unassigned	melanogaster	D. melanogaster
Q9VVN7	2	U-02	melanogaster	D. melanogaster
Q9VVP0	1	U-01	melanogaster	D. melanogaster
Q9VVP4	1	U-01	melanogaster	D. melanogaster
Q9VVP8	1	U-01	melanogaster	D. melanogaster
Q9VVP9	1	U-01	melanogaster	D. melanogaster
Q9VVQ4	2	U-02	melanogaster	D. melanogaster
Q9VVQ9	2	U-02	melanogaster	D. melanogaster
Q9VVS1	3	U-03	melanogaster	D. melanogaster
Q9VVS2	1	U-01	melanogaster	D. melanogaster
Q9VVT6	1	U-01	melanogaster	D. melanogaster
Q9VVU4	1	U-01	melanogaster	D. melanogaster
Q9VVU8	1	U-01	melanogaster	D. melanogaster
Q9VVV0	2	U-02	melanogaster	D. melanogaster
Q9VVV2	3	U-03	melanogaster	D. melanogaster
Q9VVV4	2	U-02	melanogaster	D. melanogaster
Q9VVV5	1	U-01	melanogaster	D. melanogaster
Q9VVV6	1	U-01	melanogaster	D. melanogaster
Q9VVW2	2	U-02	melanogaster	D. melanogaster
Q9VVW7	2	U-02	melanogaster	D. melanogaster
Q9VVX4	1	U-01	melanogaster	D. melanogaster
Q9VVX9	2	U-02	melanogaster	D. melanogaster
Q9VVY7	2	U-02	melanogaster	D. melanogaster
Q9VW00	2	U-02	melanogaster	D. melanogaster
Q9VW01	2	U-02	melanogaster	D. melanogaster
Q9VW02	1	U-01	melanogaster	D. melanogaster
Q9VW03	1	U-01	melanogaster	D. melanogaster
Q9VW13	1	U-01	melanogaster	D. melanogaster
Q9VW21	3	U-03	melanogaster	D. melanogaster
Q9VW22	1	U-01	melanogaster	D. melanogaster
Q9VW36	1	U-01	melanogaster	D. melanogaster
Q9VW42	0	unassigned	melanogaster	D. melanogaster
Q9VW43	0	unassigned	melanogaster	D. melanogaster
Q9VW56	1	U-01	melanogaster	D. melanogaster
Q9VW59	1	U-01	melanogaster	D. melanogaster
Q9VW66	1	U-01	melanogaster	D. melanogaster
Q9VW70	1	U-01	melanogaster	D. melanogaster
Q9VW76	1	U-01	melanogaster	D. melanogaster
Q9VW81	2	U-02	melanogaster	D. melanogaster
Q9VW82	1	U-01	melanogaster	D. melanogaster
Q9VW84	1	U-01	melanogaster	D. melanogaster
Q9VW90	2	U-02	melanogaster	D. melanogaster
Q9VW91	2	U-02	melanogaster	D. melanogaster
Q9VW92	2	U-02	melanogaster	D. melanogaster
Q9VW93	2	U-02	melanogaster	D. melanogaster
Q9VW95	2	U-02	melanogaster	D. melanogaster
Q9VWA0	1	U-01	melanogaster	D. melanogaster
Q9VWA6	0	unassigned	melanogaster	D. melanogaster
Q9VWB4	2	U-02	melanogaster	D. melanogaster
Q9VWC0	1	U-01	melanogaster	D. melanogaster
Q9VWC3	1	U-01	melanogaster	D. melanogaster
Q9VWC4	1	U-01	melanogaster	D. melanogaster
Q9VWC5	1	U-01	melanogaster	D. melanogaster
Q9VWD3	3	U-03	melanogaster	D. melanogaster
Q9VWD4	1	U-01	melanogaster	D. melanogaster
Q9VWD5	1	U-01	melanogaster	D. melanogaster
Q9VWE1	2	U-02	melanogaster	D. melanogaster
Q9VWE7	1	U-01	melanogaster	D. melanogaster
Q9VWE8	1	U-01	melanogaster	D. melanogaster
Q9VWF0	1	U-01	melanogaster	D. melanogaster
Q9VWF3	1	U-01	melanogaster	D. melanogaster
Q9VWF8	1	U-01	melanogaster	D. melanogaster
Q9VWG1	1	U-01	melanogaster	D. melanogaster
Q9VWG2	1	U-01	melanogaster	D. melanogaster
Q9VWG4	3	U-03	melanogaster	D. melanogaster
Q9VWG6	3	U-03	melanogaster	D. melanogaster
Q9VWH1	1	U-01	melanogaster	D. melanogaster
Q9VWH9	1	U-01	melanogaster	D. melanogaster
Q9VWI3	1	U-01	melanogaster	D. melanogaster
Q9VWI5	1	U-01	melanogaster	D. melanogaster
Q9VWI6	2	U-02	melanogaster	D. melanogaster
E1JI50	0	unassigned	melanogaster	D. melanogaster
E1JI51	2	U-02	melanogaster	D. melanogaster
E1JI52	0	unassigned	melanogaster	D. melanogaster
E1JI93	2	U-02	melanogaster	D. melanogaster
E1JID8	2	U-02	melanogaster	D. melanogaster
E1JID9	0	unassigned	melanogaster	D. melanogaster
E1JIE0	0	unassigned	melanogaster	D. melanogaster
E1JIE1	0	unassigned	melanogaster	D. melanogaster
E1JIE2	0	unassigned	melanogaster	D. melanogaster
E1JIE3	0	unassigned	melanogaster	D. melanogaster
E1JIG3	1	U-01	melanogaster	D. melanogaster
E1JIH8	1	U-01	melanogaster	D. melanogaster
E1JII9	0	unassigned	melanogaster	D. melanogaster
E1JIJ5	1	U-01	melanogaster	D. melanogaster
Q9VGQ1	1	U-01	melanogaster	D. melanogaster
Q9VGS1	3	U-03	melanogaster	D. melanogaster
Q9VGT0	0	unassigned	melanogaster	D. melanogaster
Q9VGV8	1	U-01	melanogaster	D. melanogaster
Q9VGW1	2	U-02	melanogaster	D. melanogaster
Q9VGW7	1	U-01	melanogaster	D. melanogaster
Q9VGZ3	1	U-01	melanogaster	D. melanogaster
Q9VH23	2	U-02	melanogaster	D. melanogaster
Q9VH38	1	U-01	melanogaster	D. melanogaster
Q9VH60	1	U-01	melanogaster	D. melanogaster
Q9VH71	1	U-01	melanogaster	D. melanogaster
Q9VH76	1	U-01	melanogaster	D. melanogaster
Q9VH98	1	U-01	melanogaster	D. melanogaster
Q9VHB5	1	U-01	melanogaster	D. melanogaster
Q9VHB7	1	U-01	melanogaster	D. melanogaster
Q9VHD3	1	U-01	melanogaster	D. melanogaster
Q9VHI4	1	U-01	melanogaster	D. melanogaster
Q9VHI7	1	U-01	melanogaster	D. melanogaster
Q9VHK6	1	U-01	melanogaster	D. melanogaster
Q9VHL2	1	U-01	melanogaster	D. melanogaster
Q9VHM3	0	unassigned	melanogaster	D. melanogaster
Q9VHP9	1	U-01	melanogaster	D. melanogaster
Q9VHQ8	2	U-02	melanogaster	D. melanogaster
Q9VHR2	1	U-01	melanogaster	D. melanogaster
Q9VHS7	3	U-03	melanogaster	D. melanogaster
Q9VHT4	3	U-03	melanogaster	D. melanogaster
Q9VHW1	1	U-01	melanogaster	D. melanogaster
Q9VHW4	1	U-01	melanogaster	D. melanogaster
Q9VHX0	1	U-01	melanogaster	D. melanogaster
Q9VHX7	3	U-03	melanogaster	D. melanogaster
Q9VHY7	1	U-01	melanogaster	D. melanogaster
Q9VI24	0	unassigned	melanogaster	D. melanogaster
Q9VIB5	1	U-01	melanogaster	D. melanogaster
Q9VIC6	1	U-01	melanogaster	D. melanogaster
Q9VID4	1	U-01	melanogaster	D. melanogaster
Q9VIF3	1	U-01	melanogaster	D. melanogaster
Q9VIH0	1	U-01	melanogaster	D. melanogaster
Q9VIH1	1	U-01	melanogaster	D. melanogaster
Q9VIH3	0	unassigned	melanogaster	D. melanogaster
Q9VIN1	1	U-01	melanogaster	D. melanogaster
Q9VIP2	1	U-01	melanogaster	D. melanogaster
Q9VIP7	3	U-03	melanogaster	D. melanogaster
Q9VIR2	1	U-01	melanogaster	D. melanogaster
Q9VIU7	1	U-01	melanogaster	D. melanogaster
Q9VIV2	1	U-01	melanogaster	D. melanogaster
Q9VIW0	1	U-01	melanogaster	D. melanogaster
Q9VIW7	1	U-01	melanogaster	D. melanogaster
Q9VIZ0	1	U-01	melanogaster	D. melanogaster
Q9VJ12	1	U-01	melanogaster	D. melanogaster
Q9VJ19	1	U-01	melanogaster	D. melanogaster
Q9VJ25	0	unassigned	melanogaster	D. melanogaster
Q9VJ30	1	U-01	melanogaster	D. melanogaster
Q9VJ73	1	U-01	melanogaster	D. melanogaster
Q9VJ74	1	U-01	melanogaster	D. melanogaster
Q9VJ90	1	U-01	melanogaster	D. melanogaster
Q9VJ94	1	U-01	melanogaster	D. melanogaster
Q9VJA1	1	U-01	melanogaster	D. melanogaster
Q9VJG0	1	U-01	melanogaster	D. melanogaster
Q9VJJ0	1	U-01	melanogaster	D. melanogaster
Q9VJK8	1	U-01	melanogaster	D. melanogaster
Q9VJP2	1	U-01	melanogaster	D. melanogaster
Q9VJQ4	1	U-01	melanogaster	D. melanogaster
Q9VJQ7	3	U-03	melanogaster	D. melanogaster
Q9VJW1	1	U-01	melanogaster	D. melanogaster
Q9VK06	1	U-01	melanogaster	D. melanogaster
Q9VK19	1	U-01	melanogaster	D. melanogaster
Q9VK27	2	U-02	melanogaster	D. melanogaster
Q9VK44	1	U-01	melanogaster	D. melanogaster
Q9VK50	3	U-03	melanogaster	D. melanogaster
Q9VK56	1	U-01	melanogaster	D. melanogaster
Q9VK89	1	U-01	melanogaster	D. melanogaster
Q9VK96	1	U-01	melanogaster	D. melanogaster
Q9VKC9	3	U-03	melanogaster	D. melanogaster
Q9VKH3	1	U-01	melanogaster	D. melanogaster
Q9VKH6	2	U-02	melanogaster	D. melanogaster
Q9VKH9	0	unassigned	melanogaster	D. melanogaster
Q9VKI3	1	U-01	melanogaster	D. melanogaster
Q9VKJ8	2	U-02	melanogaster	D. melanogaster
Q9VKK5	1	U-01	melanogaster	D. melanogaster
Q9VKU1	1	U-01	melanogaster	D. melanogaster
Q9VKU7	1	U-01	melanogaster	D. melanogaster
Q9VKU8	1	U-01	melanogaster	D. melanogaster
Q9VKV1	2	U-02	melanogaster	D. melanogaster
Q9VKW2	1	U-01	melanogaster	D. melanogaster
Q9VKW8	1	U-01	melanogaster	D. melanogaster
A0A126GUP7	1	U-01	melanogaster	D. melanogaster
M9NHB6	1	U-01	melanogaster	D. melanogaster
M9NHC5	1	U-01	melanogaster	D. melanogaster
M9NHD5	1	U-01	melanogaster	D. melanogaster
M9PAY2	1	U-01	melanogaster	D. melanogaster
M9PAY4	1	U-01	melanogaster	D. melanogaster
M9PB06	1	U-01	melanogaster	D. melanogaster
M9PB19	1	U-01	melanogaster	D. melanogaster
M9PB26	2	U-02	melanogaster	D. melanogaster
M9PB35	1	U-01	melanogaster	D. melanogaster
M9PB37	1	U-01	melanogaster	D. melanogaster
M9PB42	0	unassigned	melanogaster	D. melanogaster
M9PB64	1	U-01	melanogaster	D. melanogaster
M9PB65	1	U-01	melanogaster	D. melanogaster
M9PB67	1	U-01	melanogaster	D. melanogaster
M9PB71	1	U-01	melanogaster	D. melanogaster
M9PB72	1	U-01	melanogaster	D. melanogaster
M9PB82	1	U-01	melanogaster	D. melanogaster
Q7KT29	3	U-03	melanogaster	D. melanogaster
Q7KT34	1	U-01	melanogaster	D. melanogaster
Q7KT39	2	U-02	melanogaster	D. melanogaster
Q7KT45	1	U-01	melanogaster	D. melanogaster
Q7KT50	2	U-02	melanogaster	D. melanogaster
Q7KT57	1	U-01	melanogaster	D. melanogaster
Q7KT71	2	U-02	melanogaster	D. melanogaster
Q7KT73	2	U-02	melanogaster	D. melanogaster
Q7KT76	1	U-01	melanogaster	D. melanogaster
Q7KT77	1	U-01	melanogaster	D. melanogaster
Q7KT79	1	U-01	melanogaster	D. melanogaster
Q7KT80	2	U-02	melanogaster	D. melanogaster
Q7KT82	1	U-01	melanogaster	D. melanogaster
Q7KT85	1	U-01	melanogaster	D. melanogaster
Q7KTA1	2	U-02	melanogaster	D. melanogaster
Q7KTB0	0	unassigned	melanogaster	D. melanogaster
Q7KTB2	1	U-01	melanogaster	D. melanogaster
Q7KTB3	1	U-01	melanogaster	D. melanogaster
Q7KTB6	2	U-02	melanogaster	D. melanogaster
Q7KTE0	0	unassigned	melanogaster	D. melanogaster
Q7KTE1	0	unassigned	melanogaster	D. melanogaster
Q7KTE2	0	unassigned	melanogaster	D. melanogaster
Q7KTE3	0	unassigned	melanogaster	D. melanogaster
Q7KTE7	1	U-01	melanogaster	D. melanogaster
Q7KTE8	1	U-01	melanogaster	D. melanogaster
Q7KTF0	1	U-01	melanogaster	D. melanogaster
Q7KTF1	3	U-03	melanogaster	D. melanogaster
Q7KTG0	1	U-01	melanogaster	D. melanogaster
Q7KTH0	1	U-01	melanogaster	D. melanogaster
Q7KTI1	3	U-03	melanogaster	D. melanogaster
Q7KTI5	1	U-01	melanogaster	D. melanogaster
Q7KTI6	1	U-01	melanogaster	D. melanogaster
Q7KTJ1	3	U-03	melanogaster	D. melanogaster
Q7KTJ8	3	U-03	melanogaster	D. melanogaster
Q7KTL1	1	U-01	melanogaster	D. melanogaster
Q7KTM0	1	U-01	melanogaster	D. melanogaster
Q7KTM1	1	U-01	melanogaster	D. melanogaster
Q7KTM5	3	U-03	melanogaster	D. melanogaster
Q7KTM9	1	U-01	melanogaster	D. melanogaster
Q7KTN0	1	U-01	melanogaster	D. melanogaster
Q7KTP6	1	U-01	melanogaster	D. melanogaster
Q7KTP9	1	U-01	melanogaster	D. melanogaster
Q7KTQ6	1	U-01	melanogaster	D. melanogaster
Q7KTQ9	2	U-02	melanogaster	D. melanogaster
Q7KTR1	1	U-01	melanogaster	D. melanogaster
Q7KTR5	1	U-01	melanogaster	D. melanogaster
Q7KTT8	2	U-02	melanogaster	D. melanogaster
Q7KTU1	1	U-01	melanogaster	D. melanogaster
Q7KTU3	1	U-01	melanogaster	D. melanogaster
Q7KTU8	1	U-01	melanogaster	D. melanogaster
Q7KTV1	1	U-01	melanogaster	D. melanogaster
Q7KTV2	3	U-03	melanogaster	D. melanogaster
Q7KTV4	1	U-01	melanogaster	D. melanogaster
Q7KTV5	0	unassigned	melanogaster	D. melanogaster
Q7KTV6	1	U-01	melanogaster	D. melanogaster
Q7KTV8	0	unassigned	melanogaster	D. melanogaster
Q7KTV9	1	U-01	melanogaster	D. melanogaster
Q7KTW3	1	U-01	melanogaster	D. melanogaster
Q7KTW7	3	U-03	melanogaster	D. melanogaster
Q7KTX9	0	unassigned	melanogaster	D. melanogaster
Q7KTY4	2	U-02	melanogaster	D. melanogaster
Q7KTY5	1	U-01	melanogaster	D. melanogaster
Q7KU07	2	U-02	melanogaster	D. melanogaster
Q7KU09	1	U-01	melanogaster	D. melanogaster
Q7KU10	3	U-03	melanogaster	D. melanogaster
Q7KU18	1	U-01	melanogaster	D. melanogaster
Q7KU19	1	U-01	melanogaster	D. melanogaster
Q7KU32	3	U-03	melanogaster	D. melanogaster
Q7KU34	1	U-01	melanogaster	D. melanogaster
Q7KU38	1	U-01	melanogaster	D. melanogaster
Q7KU42	1	U-01	melanogaster	D. melanogaster
Q7KU43	1	U-01	melanogaster	D. melanogaster
Q7KU48	1	U-01	melanogaster	D. melanogaster
Q7KU64	1	U-01	melanogaster	D. melanogaster
Q7KU73	1	U-01	melanogaster	D. melanogaster
Q7KU75	1	U-01	melanogaster	D. melanogaster
Q7KU81	1	U-01	melanogaster	D. melanogaster
Q7KU82	1	U-01	melanogaster	D. melanogaster
Q7KUB5	1	U-01	melanogaster	D. melanogaster
Q7KUB6	1	U-01	melanogaster	D. melanogaster
Q7KUB7	3	U-03	melanogaster	D. melanogaster
Q7KUC9	1	U-01	melanogaster	D. melanogaster
Q7KUD2	1	U-01	melanogaster	D. melanogaster
A4V110	1	U-01	melanogaster	D. melanogaster
A4V1Z5	1	U-01	melanogaster	D. melanogaster
A4V201	1	U-01	melanogaster	D. melanogaster
A4V2F2	1	U-01	melanogaster	D. melanogaster
A4V2I6	1	U-01	melanogaster	D. melanogaster
A4V2U8	1	U-01	melanogaster	D. melanogaster
A4V364	1	U-01	melanogaster	D. melanogaster
A4V3J5	1	U-01	melanogaster	D. melanogaster
A4V3J6	1	U-01	melanogaster	D. melanogaster
A4V3J9	1	U-01	melanogaster	D. melanogaster
A4V448	1	U-01	melanogaster	D. melanogaster
A4V4F5	1	U-01	melanogaster	D. melanogaster
A8DWJ8	3	U-03	melanogaster	D. melanogaster
A8DY50	1	U-01	melanogaster	D. melanogaster
A8DY81	1	U-01	melanogaster	D. melanogaster
A8DY91	1	U-01	melanogaster	D. melanogaster
A8DY93	1	U-01	melanogaster	D. melanogaster
A8DYC4	1	U-01	melanogaster	D. melanogaster
A8DYL7	1	U-01	melanogaster	D. melanogaster
A8DYU0	0	unassigned	melanogaster	D. melanogaster
A8DZ19	1	U-01	melanogaster	D. melanogaster
A8DZ20	1	U-01	melanogaster	D. melanogaster
A8DZ29	1	U-01	melanogaster	D. melanogaster
Q9V3N2	0	unassigned	melanogaster	D. melanogaster
Q9V3N4	1	U-01	melanogaster	D. melanogaster
Q9V3N6	3	U-03	melanogaster	D. melanogaster
Q9V3P3	1	U-01	melanogaster	D. melanogaster
Q9V3Q2	0	unassigned	melanogaster	D. melanogaster
Q9V3U6	2	U-02	melanogaster	D. melanogaster
Q9V3V2	1	U-01	melanogaster	D. melanogaster
Q9V3W6	3	U-03	melanogaster	D. melanogaster
Q9V3Y0	1	U-01	melanogaster	D. melanogaster
Q9V400	1	U-01	melanogaster	D. melanogaster
Q9V405	1	U-01	melanogaster	D. melanogaster
Q9V406	1	U-01	melanogaster	D. melanogaster
Q9V424	1	U-01	melanogaster	D. melanogaster
Q9V435	0	unassigned	melanogaster	D. melanogaster
Q9V439	1	U-01	melanogaster	D. melanogaster
Q9V470	1	U-01	melanogaster	D. melanogaster
Q9V471	3	U-03	melanogaster	D. melanogaster
Q9V490	1	U-01	melanogaster	D. melanogaster
Q9V4C7	1	U-01	melanogaster	D. melanogaster
Q9V4D8	1	U-01	melanogaster	D. melanogaster
Q9V4D9	1	U-01	melanogaster	D. melanogaster
Q9V4E7	3	U-03	melanogaster	D. melanogaster
Q9V4Q8	1	U-01	melanogaster	D. melanogaster
Q9V5P6	1	U-01	melanogaster	D. melanogaster
Q9V6A9	0	unassigned	melanogaster	D. melanogaster
Q9V6B9	1	U-01	melanogaster	D. melanogaster
Q9V751	1	U-01	melanogaster	D. melanogaster
Q9V778	1	U-01	melanogaster	D. melanogaster
Q9V7U0	1	U-01	melanogaster	D. melanogaster
Q9V8I2	1	U-01	melanogaster	D. melanogaster
Q9V9A7	1	U-01	melanogaster	D. melanogaster
Q9V9I2	0	unassigned	melanogaster	D. melanogaster
Q9V9M6	1	U-01	melanogaster	D. melanogaster
Q9V9Q6	1	U-01	melanogaster	D. melanogaster
Q9V9R6	1	U-01	melanogaster	D. melanogaster
Q9V9S8	1	U-01	melanogaster	D. melanogaster
Q9V9T9	2	U-02	melanogaster	D. melanogaster
Q9V9U4	1	U-01	melanogaster	D. melanogaster
Q9V9V7	1	U-01	melanogaster	D. melanogaster
Q9V9X8	1	U-01	melanogaster	D. melanogaster
Q9V9Z3	1	U-01	melanogaster	D. melanogaster
Q9VA09	1	U-01	melanogaster	D. melanogaster
Q9VA18	1	U-01	melanogaster	D. melanogaster
Q9VA35	1	U-01	melanogaster	D. melanogaster
Q9VA63	2	U-02	melanogaster	D. melanogaster
Q9VAA2	3	U-03	melanogaster	D. melanogaster
Q9VAD6	1	U-01	melanogaster	D. melanogaster
Q9VAF7	1	U-01	melanogaster	D. melanogaster
Q9VAG5	1	U-01	melanogaster	D. melanogaster
Q9VAI2	2	U-02	melanogaster	D. melanogaster
Q9VAK8	1	U-01	melanogaster	D. melanogaster
Q9VAL0	3	U-03	melanogaster	D. melanogaster
Q9VAL5	2	U-02	melanogaster	D. melanogaster
Q9VAL7	1	U-01	melanogaster	D. melanogaster
Q9VAM5	1	U-01	melanogaster	D. melanogaster
Q9VAM9	1	U-01	melanogaster	D. melanogaster
Q9VAN7	1	U-01	melanogaster	D. melanogaster
Q9VAP8	2	U-02	melanogaster	D. melanogaster
Q9VAQ1	1	U-01	melanogaster	D. melanogaster
Q9VAR6	2	U-02	melanogaster	D. melanogaster
Q9VAU2	2	U-02	melanogaster	D. melanogaster
Q9VAW1	1	U-01	melanogaster	D. melanogaster
Q9VAX7	1	U-01	melanogaster	D. melanogaster
Q9VAX8	1	U-01	melanogaster	D. melanogaster
Q9VAY3	3	U-03	melanogaster	D. melanogaster
Q9VAZ1	1	U-01	melanogaster	D. melanogaster
Q9VAZ3	0	unassigned	melanogaster	D. melanogaster
Q9VB11	0	unassigned	melanogaster	D. melanogaster
Q9VB13	0	unassigned	melanogaster	D. melanogaster
Q9VB74	1	U-01	melanogaster	D. melanogaster
Q9VB75	3	U-03	melanogaster	D. melanogaster
Q9VB78	1	U-01	melanogaster	D. melanogaster
Q9VBC4	1	U-01	melanogaster	D. melanogaster
Q9VBI1	1	U-01	melanogaster	D. melanogaster
Q9VBI3	1	U-01	melanogaster	D. melanogaster
Q9VBL5	2	U-02	melanogaster	D. melanogaster
Q9VBP0	0	unassigned	melanogaster	D. melanogaster
Q9VJI4	2	U-02	melanogaster	D. melanogaster
Q9VJI5	2	U-02	melanogaster	D. melanogaster
Q9VJI6	1	U-01	melanogaster	D. melanogaster
Q9VJI8	2	U-02	melanogaster	D. melanogaster
Q9VJJ1	1	U-01	melanogaster	D. melanogaster
Q9VJJ8	1	U-01	melanogaster	D. melanogaster
Q9VJJ9	1	U-01	melanogaster	D. melanogaster
Q9VJK4	1	U-01	melanogaster	D. melanogaster
Q9VJL5	1	U-01	melanogaster	D. melanogaster
Q9VJL9	1	U-01	melanogaster	D. melanogaster
Q9VJM2	1	U-01	melanogaster	D. melanogaster
Q9VJM9	2	U-02	melanogaster	D. melanogaster
Q9VJN2	2	U-02	melanogaster	D. melanogaster
Q9VJN8	2	U-02	melanogaster	D. melanogaster
Q9VJP1	3	U-03	melanogaster	D. melanogaster
Q9VJP9	1	U-01	melanogaster	D. melanogaster
Q9VJQ3	2	U-02	melanogaster	D. melanogaster
Q9VJR1	1	U-01	melanogaster	D. melanogaster
Q9VJR8	2	U-02	melanogaster	D. melanogaster
Q9VJS0	2	U-02	melanogaster	D. melanogaster
Q9VJS5	1	U-01	melanogaster	D. melanogaster
Q9VJS6	1	U-01	melanogaster	D. melanogaster
Q9VJT3	1	U-01	melanogaster	D. melanogaster
Q9VJT4	1	U-01	melanogaster	D. melanogaster
Q9VJU2	2	U-02	melanogaster	D. melanogaster
Q9VJU4	2	U-02	melanogaster	D. melanogaster
Q9VJU6	2	U-02	melanogaster	D. melanogaster
Q9VJU8	2	U-02	melanogaster	D. melanogaster
Q9VJU9	2	U-02	melanogaster	D. melanogaster
Q9VJV2	2	U-02	melanogaster	D. melanogaster
Q9VJW5	1	U-01	melanogaster	D. melanogaster
Q9VJW7	0	unassigned	melanogaster	D. melanogaster
Q9W070	2	U-02	melanogaster	D. melanogaster
Q9W072	1	U-01	melanogaster	D. melanogaster
Q9W076	1	U-01	melanogaster	D. melanogaster
Q9W077	1	U-01	melanogaster	D. melanogaster
Q9W078	1	U-01	melanogaster	D. melanogaster
Q9W079	2	U-02	melanogaster	D. melanogaster
Q9W080	1	U-01	melanogaster	D. melanogaster
Q9W086	1	U-01	melanogaster	D. melanogaster
Q9W091	1	U-01	melanogaster	D. melanogaster
Q9W0A6	1	U-01	melanogaster	D. melanogaster
Q9W0A9	1	U-01	melanogaster	D. melanogaster
Q9W0B0	1	U-01	melanogaster	D. melanogaster
Q9W0B2	3	U-03	melanogaster	D. melanogaster
Q9W0C4	3	U-03	melanogaster	D. melanogaster
Q9W0C7	1	U-01	melanogaster	D. melanogaster
Q9W0D2	1	U-01	melanogaster	D. melanogaster
Q9W0D6	1	U-01	melanogaster	D. melanogaster
Q9W0E1	1	U-01	melanogaster	D. melanogaster
Q9W0F0	1	U-01	melanogaster	D. melanogaster
Q9W0F4	1	U-01	melanogaster	D. melanogaster
Q9W0F7	2	U-02	melanogaster	D. melanogaster
Q9W0F9	1	U-01	melanogaster	D. melanogaster
Q9W0H2	1	U-01	melanogaster	D. melanogaster
Q9W0H6	1	U-01	melanogaster	D. melanogaster
Q9W0I1	1	U-01	melanogaster	D. melanogaster
Q9W0I3	0	unassigned	melanogaster	D. melanogaster
Q9W0J9	1	U-01	melanogaster	D. melanogaster
Q9W0L9	2	U-02	melanogaster	D. melanogaster
Q9W0M0	1	U-01	melanogaster	D. melanogaster
Q9W0M4	1	U-01	melanogaster	D. melanogaster
Q9W0N1	1	U-01	melanogaster	D. melanogaster
Q9W0N4	1	U-01	melanogaster	D. melanogaster
Q9W0N7	1	U-01	melanogaster	D. melanogaster
Q9W0N8	2	U-02	melanogaster	D. melanogaster
Q9W0Q3	1	U-01	melanogaster	D. melanogaster
Q9W0R7	1	U-01	melanogaster	D. melanogaster
Q9W0S0	1	U-01	melanogaster	D. melanogaster
Q9W0S4	1	U-01	melanogaster	D. melanogaster
Q9W0S6	1	U-01	melanogaster	D. melanogaster
Q9W0U6	2	U-02	melanogaster	D. melanogaster
Q9W0V0	0	unassigned	melanogaster	D. melanogaster
Q9W0X1	2	U-02	melanogaster	D. melanogaster
Q9W0X2	1	U-01	melanogaster	D. melanogaster
Q9W0X3	1	U-01	melanogaster	D. melanogaster
Q9W0X5	1	U-01	melanogaster	D. melanogaster
Q9W0X8	1	U-01	melanogaster	D. melanogaster
Q9W0Y0	2	U-02	melanogaster	D. melanogaster
Q9W0Y5	1	U-01	melanogaster	D. melanogaster
Q9W0Z1	2	U-02	melanogaster	D. melanogaster
Q9W0Z4	1	U-01	melanogaster	D. melanogaster
Q9W0Z5	1	U-01	melanogaster	D. melanogaster
Q9W106	1	U-01	melanogaster	D. melanogaster
Q9W108	1	U-01	melanogaster	D. melanogaster
Q9W112	1	U-01	melanogaster	D. melanogaster
Q9W116	2	U-02	melanogaster	D. melanogaster
Q9W124	1	U-01	melanogaster	D. melanogaster
Q9W129	2	U-02	melanogaster	D. melanogaster
Q9W130	0	unassigned	melanogaster	D. melanogaster
Q9W135	1	U-01	melanogaster	D. melanogaster
Q9W137	0	unassigned	melanogaster	D. melanogaster
Q9W140	1	U-01	melanogaster	D. melanogaster
Q9W143	1	U-01	melanogaster	D. melanogaster
Q9W144	0	unassigned	melanogaster	D. melanogaster
Q9W152	1	U-01	melanogaster	D. melanogaster
Q9W155	0	unassigned	melanogaster	D. melanogaster
Q9W167	3	U-03	melanogaster	D. melanogaster
Q9W168	1	U-01	melanogaster	D. melanogaster
Q9W171	1	U-01	melanogaster	D. melanogaster
A0A0B4K7H4	1	U-01	melanogaster	D. melanogaster
A0A0B4K7J4	2	U-02	melanogaster	D. melanogaster
A0A0B4K7K0	1	U-01	melanogaster	D. melanogaster
A0A0B4K7L1	1	U-01	melanogaster	D. melanogaster
A0A0B4K7M0	1	U-01	melanogaster	D. melanogaster
A0A0B4K7N0	1	U-01	melanogaster	D. melanogaster
A0A0B4K7P4	2	U-02	melanogaster	D. melanogaster
A0A0B4K7Q0	1	U-01	melanogaster	D. melanogaster
A0A0B4K7S6	1	U-01	melanogaster	D. melanogaster
A0A0B4K7T1	1	U-01	melanogaster	D. melanogaster
A0A0B4K7U9	1	U-01	melanogaster	D. melanogaster
A0A0B4K7W1	1	U-01	melanogaster	D. melanogaster
A0A0B4K7X1	1	U-01	melanogaster	D. melanogaster
A0A0B4K7Y0	1	U-01	melanogaster	D. melanogaster
A0A0B4K7Y4	3	U-03	melanogaster	D. melanogaster
A0A0B4K7Z0	1	U-01	melanogaster	D. melanogaster
A0A0B4K812	1	U-01	melanogaster	D. melanogaster
A0A0B4K822	1	U-01	melanogaster	D. melanogaster
A0A0B4K826	1	U-01	melanogaster	D. melanogaster
A0A0B4K837	1	U-01	melanogaster	D. melanogaster
A0A0B4KED3	0	unassigned	melanogaster	D. melanogaster
A0A0B4KED9	1	U-01	melanogaster	D. melanogaster
A0A0B4KEE8	1	U-01	melanogaster	D. melanogaster
A0A0B4KEH0	1	U-01	melanogaster	D. melanogaster
A0A0B4KEH2	1	U-01	melanogaster	D. melanogaster
A0A0B4KEI9	1	U-01	melanogaster	D. melanogaster
A0A0B4KEK0	1	U-01	melanogaster	D. melanogaster
A0A0B4KEK1	1	U-01	melanogaster	D. melanogaster
A0A0B4KEM1	1	U-01	melanogaster	D. melanogaster
A0A0B4KEN5	3	U-03	melanogaster	D. melanogaster
A0A0B4KEP9	1	U-01	melanogaster	D. melanogaster
A0A0B4KER9	2	U-02	melanogaster	D. melanogaster
Q7KTD2	1	U-01	melanogaster	D. melanogaster
Q7KTF7	0	unassigned	melanogaster	D. melanogaster
Q7KTF9	0	unassigned	melanogaster	D. melanogaster
Q7KTG6	1	U-01	melanogaster	D. melanogaster
Q7KTJ0	2	U-02	melanogaster	D. melanogaster
Q7KTN9	1	U-01	melanogaster	D. melanogaster
Q7KTP4	3	U-03	melanogaster	D. melanogaster
Q7KTR6	1	U-01	melanogaster	D. melanogaster
Q7KTX2	1	U-01	melanogaster	D. melanogaster
Q7KU08	2	U-02	melanogaster	D. melanogaster
Q7KU96	1	U-01	melanogaster	D. melanogaster
Q7KUB0	1	U-01	melanogaster	D. melanogaster
Q7KUK1	0	unassigned	melanogaster	D. melanogaster
Q7KUK7	1	U-01	melanogaster	D. melanogaster
Q7KUZ5	1	U-01	melanogaster	D. melanogaster
Q7KV03	1	U-01	melanogaster	D. melanogaster
Q7KV12	1	U-01	melanogaster	D. melanogaster
Q7KVE5	1	U-01	melanogaster	D. melanogaster
Q7KVJ6	1	U-01	melanogaster	D. melanogaster
Q7KVQ0	1	U-01	melanogaster	D. melanogaster
Q7KVR1	1	U-01	melanogaster	D. melanogaster
Q7KVR7	1	U-01	melanogaster	D. melanogaster
Q7KVX1	1	U-01	melanogaster	D. melanogaster
Q7KVY2	1	U-01	melanogaster	D. melanogaster
Q7KVY9	1	U-01	melanogaster	D. melanogaster
Q7KW02	1	U-01	melanogaster	D. melanogaster
Q7KW09	1	U-01	melanogaster	D. melanogaster
Q7M3J6	3	U-03	melanogaster	D. melanogaster
Q7PL81	1	U-01	melanogaster	D. melanogaster
Q7PL82	1	U-01	melanogaster	D. melanogaster
Q7PL95	1	U-01	melanogaster	D. melanogaster
Q7PLE6	1	U-01	melanogaster	D. melanogaster
Q7PLE8	1	U-01	melanogaster	D. melanogaster
Q7PLS8	1	U-01	melanogaster	D. melanogaster
Q7YTY6	0	unassigned	melanogaster	D. melanogaster
Q868T3	3	U-03	melanogaster	D. melanogaster
Q86B44	1	U-01	melanogaster	D. melanogaster
Q86B47	1	U-01	melanogaster	D. melanogaster
Q86B59	1	U-01	melanogaster	D. melanogaster
Q86BF9	2	U-02	melanogaster	D. melanogaster
Q86BH1	0	unassigned	melanogaster	D. melanogaster
Q86BP0	1	U-01	melanogaster	D. melanogaster
Q86BS0	1	U-01	melanogaster	D. melanogaster
Q86BS6	1	U-01	melanogaster	D. melanogaster
Q86CW5	1	U-01	melanogaster	D. melanogaster
Q86LG1	2	U-02	melanogaster	D. melanogaster
Q8I0B7	1	U-01	melanogaster	D. melanogaster
Q8I0D8	0	unassigned	melanogaster	D. melanogaster
Q8I0I5	1	U-01	melanogaster	D. melanogaster
Q8IA43	2	U-02	melanogaster	D. melanogaster
Q8IFW4	1	U-01	melanogaster	D. melanogaster
Q8IH00	1	U-01	melanogaster	D. melanogaster
Q8IMC1	3	U-03	melanogaster	D. melanogaster
Q8IML9	1	U-01	melanogaster	D. melanogaster
Q8IMR0	2	U-02	melanogaster	D. melanogaster
Q8IMR1	2	U-02	melanogaster	D. melanogaster
Q8IMW2	1	U-01	melanogaster	D. melanogaster
Q8IMX4	1	U-01	melanogaster	D. melanogaster
Q8IMX8	1	U-01	melanogaster	D. melanogaster
Q8IMY3	2	U-02	melanogaster	D. melanogaster
Q8IMZ2	1	U-01	melanogaster	D. melanogaster
Q8IMZ3	1	U-01	melanogaster	D. melanogaster
Q8IN06	1	U-01	melanogaster	D. melanogaster
Q8IN41	1	U-01	melanogaster	D. melanogaster
Q8IN42	1	U-01	melanogaster	D. melanogaster
Q8IN43	1	U-01	melanogaster	D. melanogaster
Q8IN91	1	U-01	melanogaster	D. melanogaster
Q8INJ6	1	U-01	melanogaster	D. melanogaster
Q9VEL5	1	U-01	melanogaster	D. melanogaster
Q9VEL9	1	U-01	melanogaster	D. melanogaster
Q9VEM1	1	U-01	melanogaster	D. melanogaster
Q9VEM4	1	U-01	melanogaster	D. melanogaster
Q9VEN6	1	U-01	melanogaster	D. melanogaster
Q9VEP3	2	U-02	melanogaster	D. melanogaster
Q9VEQ0	1	U-01	melanogaster	D. melanogaster
Q9VEQ1	1	U-01	melanogaster	D. melanogaster
Q9VEQ2	1	U-01	melanogaster	D. melanogaster
Q9VEQ5	1	U-01	melanogaster	D. melanogaster
Q9VEQ6	1	U-01	melanogaster	D. melanogaster
Q9VER8	1	U-01	melanogaster	D. melanogaster
Q9VES0	1	U-01	melanogaster	D. melanogaster
Q9VES3	2	U-02	melanogaster	D. melanogaster
Q9VES4	1	U-01	melanogaster	D. melanogaster
Q9VES5	1	U-01	melanogaster	D. melanogaster
Q9VES6	1	U-01	melanogaster	D. melanogaster
Q9VES7	1	U-01	melanogaster	D. melanogaster
Q9VES8	1	U-01	melanogaster	D. melanogaster
Q9VES9	3	U-03	melanogaster	D. melanogaster
Q9VET1	2	U-02	melanogaster	D. melanogaster
Q9VET2	2	U-02	melanogaster	D. melanogaster
Q9VEU9	3	U-03	melanogaster	D. melanogaster
Q9VEV2	1	U-01	melanogaster	D. melanogaster
Q9VEV3	1	U-01	melanogaster	D. melanogaster
Q9VEV5	1	U-01	melanogaster	D. melanogaster
Q9VEW1	1	U-01	melanogaster	D. melanogaster
Q9VEW2	1	U-01	melanogaster	D. melanogaster
Q9VEW3	3	U-03	melanogaster	D. melanogaster
Q9VEY1	3	U-03	melanogaster	D. melanogaster
Q9VEY2	3	U-03	melanogaster	D. melanogaster
Q9VEY3	1	U-01	melanogaster	D. melanogaster
Q9VEY9	2	U-02	melanogaster	D. melanogaster
Q9VEZ4	1	U-01	melanogaster	D. melanogaster
Q9VEZ6	0	unassigned	melanogaster	D. melanogaster
Q9VF11	2	U-02	melanogaster	D. melanogaster
Q9VF12	0	unassigned	melanogaster	D. melanogaster
Q9VF16	0	unassigned	melanogaster	D. melanogaster
Q9VF34	2	U-02	melanogaster	D. melanogaster
Q9VF37	0	unassigned	melanogaster	D. melanogaster
Q9VF40	1	U-01	melanogaster	D. melanogaster
Q9VF41	1	U-01	melanogaster	D. melanogaster
Q9VF44	1	U-01	melanogaster	D. melanogaster
Q9VF45	3	U-03	melanogaster	D. melanogaster
Q9VF65	3	U-03	melanogaster	D. melanogaster
Q9VF70	1	U-01	melanogaster	D. melanogaster
Q9VR58	1	U-01	melanogaster	D. melanogaster
Q9VR60	1	U-01	melanogaster	D. melanogaster
Q9VR64	1	U-01	melanogaster	D. melanogaster
Q9VR69	2	U-02	melanogaster	D. melanogaster
Q9VR83	2	U-02	melanogaster	D. melanogaster
Q9VR89	1	U-01	melanogaster	D. melanogaster
Q9VR93	3	U-03	melanogaster	D. melanogaster
Q9VR96	2	U-02	melanogaster	D. melanogaster
Q9VRA0	1	U-01	melanogaster	D. melanogaster
Q9VRA1	1	U-01	melanogaster	D. melanogaster
Q9VRA6	1	U-01	melanogaster	D. melanogaster
Q9VRA7	1	U-01	melanogaster	D. melanogaster
Q9VRA9	1	U-01	melanogaster	D. melanogaster
Q9VRC1	3	U-03	melanogaster	D. melanogaster
Q9VRC5	1	U-01	melanogaster	D. melanogaster
Q9VRD4	1	U-01	melanogaster	D. melanogaster
Q9VRE2	3	U-03	melanogaster	D. melanogaster
Q9VRE4	3	U-03	melanogaster	D. melanogaster
Q9VRF5	3	U-03	melanogaster	D. melanogaster
Q9VRF6	3	U-03	melanogaster	D. melanogaster
Q9VRF7	1	U-01	melanogaster	D. melanogaster
Q9VRF8	1	U-01	melanogaster	D. melanogaster
Q9VRG3	3	U-03	melanogaster	D. melanogaster
Q9VRG4	3	U-03	melanogaster	D. melanogaster
Q9VRG5	3	U-03	melanogaster	D. melanogaster
Q9VRG8	1	U-01	melanogaster	D. melanogaster
Q9VRI6	0	unassigned	melanogaster	D. melanogaster
Q9VRI8	0	unassigned	melanogaster	D. melanogaster
Q9VRJ3	1	U-01	melanogaster	D. melanogaster
Q9VRJ4	1	U-01	melanogaster	D. melanogaster
Q9VRJ5	1	U-01	melanogaster	D. melanogaster
Q9VRJ7	1	U-01	melanogaster	D. melanogaster
Q9VRJ8	3	U-03	melanogaster	D. melanogaster
Q9VRL3	1	U-01	melanogaster	D. melanogaster
Q9VRL7	1	U-01	melanogaster	D. melanogaster
Q9VRM8	2	U-02	melanogaster	D. melanogaster
Q9VRM9	2	U-02	melanogaster	D. melanogaster
Q9VRN1	3	U-03	melanogaster	D. melanogaster
Q9VRP3	1	U-01	melanogaster	D. melanogaster
Q9VRQ1	1	U-01	melanogaster	D. melanogaster
Q9VRQ4	1	U-01	melanogaster	D. melanogaster
Q9VRR0	3	U-03	melanogaster	D. melanogaster
Q9VRR3	1	U-01	melanogaster	D. melanogaster
Q9VRR4	1	U-01	melanogaster	D. melanogaster
Q9VRS0	1	U-01	melanogaster	D. melanogaster
Q9VRS2	1	U-01	melanogaster	D. melanogaster
Q9VRT4	3	U-03	melanogaster	D. melanogaster
Q9VRU7	1	U-01	melanogaster	D. melanogaster
Q9VRU9	1	U-01	melanogaster	D. melanogaster
Q9VRV0	1	U-01	melanogaster	D. melanogaster
Q9VRV2	1	U-01	melanogaster	D. melanogaster
Q9VRV5	0	unassigned	melanogaster	D. melanogaster
Q9VRV6	0	unassigned	melanogaster	D. melanogaster
Q9VRV9	1	U-01	melanogaster	D. melanogaster
X2JE09	2	U-02	melanogaster	D. melanogaster
X2JE15	1	U-01	melanogaster	D. melanogaster
X2JE30	2	U-02	melanogaster	D. melanogaster
X2JE40	1	U-01	melanogaster	D. melanogaster
X2JE74	1	U-01	melanogaster	D. melanogaster
X2JEE0	1	U-01	melanogaster	D. melanogaster
X2JEM2	1	U-01	melanogaster	D. melanogaster
X2JEW5	1	U-01	melanogaster	D. melanogaster
X2JF59	1	U-01	melanogaster	D. melanogaster
X2JF73	0	unassigned	melanogaster	D. melanogaster
X2JFE8	0	unassigned	melanogaster	D. melanogaster
X2JFG0	1	U-01	melanogaster	D. melanogaster
X2JFM3	0	unassigned	melanogaster	D. melanogaster
X2JFU8	1	U-01	melanogaster	D. melanogaster
X2JGD3	0	unassigned	melanogaster	D. melanogaster
X2JGR4	1	U-01	melanogaster	D. melanogaster
X2JIZ6	1	U-01	melanogaster	D. melanogaster
X2JJA8	1	U-01	melanogaster	D. melanogaster
X2JJV1	1	U-01	melanogaster	D. melanogaster
X2JKQ0	0	unassigned	melanogaster	D. melanogaster
X2JKQ8	1	U-01	melanogaster	D. melanogaster
X2JL29	2	U-02	melanogaster	D. melanogaster
A0A023GPM5	1	U-01	melanogaster	D. melanogaster
A0A023GPY8	1	U-01	melanogaster	D. melanogaster
A0A023GQ97	2	U-02	melanogaster	D. melanogaster
A0A0B4JCQ4	1	U-01	melanogaster	D. melanogaster
A0A0B4JCS7	1	U-01	melanogaster	D. melanogaster
A0A0B4JCU3	1	U-01	melanogaster	D. melanogaster
A0A0B4JCV6	1	U-01	melanogaster	D. melanogaster
A0A0B4JCW4	1	U-01	melanogaster	D. melanogaster
A0A0B4JCW5	1	U-01	melanogaster	D. melanogaster
A0A0B4JCX2	1	U-01	melanogaster	D. melanogaster
A0A0B4JCZ2	1	U-01	melanogaster	D. melanogaster
A0A0B4JCZ8	1	U-01	melanogaster	D. melanogaster
A0A0B4JD02	1	U-01	melanogaster	D. melanogaster
P48375	1	U-01	melanogaster	D. melanogaster
P48592	1	U-01	melanogaster	D. melanogaster
P48605	1	U-01	melanogaster	D. melanogaster
P48613	2	U-02	melanogaster	D. melanogaster
P49258	1	U-01	melanogaster	D. melanogaster
P49846	1	U-01	melanogaster	D. melanogaster
P52029	1	U-01	melanogaster	D. melanogaster
P52302	1	U-01	melanogaster	D. melanogaster
P54269	1	U-01	melanogaster	D. melanogaster
P54356	2	U-02	melanogaster	D. melanogaster
P54357	1	U-01	melanogaster	D. melanogaster
P54366	1	U-01	melanogaster	D. melanogaster
P58956	0	unassigned	melanogaster	D. melanogaster
P58958	0	unassigned	melanogaster	D. melanogaster
P58959	0	unassigned	melanogaster	D. melanogaster
P61857	1	U-01	melanogaster	D. melanogaster
P80455	1	U-01	melanogaster	D. melanogaster
P81912	0	unassigned	melanogaster	D. melanogaster
P81915	0	unassigned	melanogaster	D. melanogaster
P81918	0	unassigned	melanogaster	D. melanogaster
P81919	0	unassigned	melanogaster	D. melanogaster
P81921	0	unassigned	melanogaster	D. melanogaster
P81922	0	unassigned	melanogaster	D. melanogaster
P81923	0	unassigned	melanogaster	D. melanogaster
P82891	1	U-01	melanogaster	D. melanogaster
P83099	1	U-01	melanogaster	D. melanogaster
P83102	1	U-01	melanogaster	D. melanogaster
P83294	0	unassigned	melanogaster	D. melanogaster
P83297	0	unassigned	melanogaster	D. melanogaster
P91623	1	U-01	melanogaster	D. melanogaster
P91660	3	U-03	melanogaster	D. melanogaster
Q01637	1	U-01	melanogaster	D. melanogaster
Q04787	1	U-01	melanogaster	D. melanogaster
Q05337	1	U-01	melanogaster	D. melanogaster
Q05547	1	U-01	melanogaster	D. melanogaster
Q05825	1	U-01	melanogaster	D. melanogaster
Q06849	1	U-01	melanogaster	D. melanogaster
Q07553	1	U-01	melanogaster	D. melanogaster
Q08832	0	unassigned	melanogaster	D. melanogaster
Q0E8C8	2	U-02	melanogaster	D. melanogaster
Q0E8E8	3	U-03	melanogaster	D. melanogaster
Q0E8F0	2	U-02	melanogaster	D. melanogaster
Q0E8F2	3	U-03	melanogaster	D. melanogaster
Q0E8G1	1	U-01	melanogaster	D. melanogaster
Q0E8R6	1	U-01	melanogaster	D. melanogaster
Q0E8U3	0	unassigned	melanogaster	D. melanogaster
Q0E8Y1	1	U-01	melanogaster	D. melanogaster
Q0E908	1	U-01	melanogaster	D. melanogaster
Q0E940	1	U-01	melanogaster	D. melanogaster
Q0E951	1	U-01	melanogaster	D. melanogaster
Q0E961	1	U-01	melanogaster	D. melanogaster
Q0E993	1	U-01	melanogaster	D. melanogaster
Q0E9E0	2	U-02	melanogaster	D. melanogaster
Q0E9E2	1	U-01	melanogaster	D. melanogaster
Q0E9G3	1	U-01	melanogaster	D. melanogaster
Q0KHR2	1	U-01	melanogaster	D. melanogaster
Q0KHR7	1	U-01	melanogaster	D. melanogaster
Q0KHS0	1	U-01	melanogaster	D. melanogaster
Q0KHT7	1	U-01	melanogaster	D. melanogaster
Q0KHX8	1	U-01	melanogaster	D. melanogaster
Q0KI42	2	U-02	melanogaster	D. melanogaster
Q0KI68	1	U-01	melanogaster	D. melanogaster
Q0KI98	1	U-01	melanogaster	D. melanogaster
Q0KIB3	1	U-01	melanogaster	D. melanogaster
Q0KIB9	1	U-01	melanogaster	D. melanogaster
A1Z6R2	0	unassigned	melanogaster	D. melanogaster
A1Z6R7	1	U-01	melanogaster	D. melanogaster
A1Z6S1	0	unassigned	melanogaster	D. melanogaster
A1Z6S2	0	unassigned	melanogaster	D. melanogaster
A1Z6T1	3	U-03	melanogaster	D. melanogaster
A1Z6T2	0	unassigned	melanogaster	D. melanogaster
A1Z6T3	0	unassigned	melanogaster	D. melanogaster
A1Z6T5	0	unassigned	melanogaster	D. melanogaster
A1Z6T6	3	U-03	melanogaster	D. melanogaster
A1Z6T7	3	U-03	melanogaster	D. melanogaster
A1Z6T8	3	U-03	melanogaster	D. melanogaster
A1Z6U4	3	U-03	melanogaster	D. melanogaster
A1Z6V3	0	unassigned	melanogaster	D. melanogaster
A1Z6V7	2	U-02	melanogaster	D. melanogaster
A1Z6W6	1	U-01	melanogaster	D. melanogaster
A1Z6W8	1	U-01	melanogaster	D. melanogaster
A1Z6W9	1	U-01	melanogaster	D. melanogaster
A1Z6Y6	2	U-02	melanogaster	D. melanogaster
A1Z6Z1	1	U-01	melanogaster	D. melanogaster
A1Z6Z3	1	U-01	melanogaster	D. melanogaster
A1Z6Z7	1	U-01	melanogaster	D. melanogaster
A1Z701	1	U-01	melanogaster	D. melanogaster
A1Z705	3	U-03	melanogaster	D. melanogaster
A1Z716	1	U-01	melanogaster	D. melanogaster
A1Z718	1	U-01	melanogaster	D. melanogaster
A1Z719	1	U-01	melanogaster	D. melanogaster
A1Z720	1	U-01	melanogaster	D. melanogaster
A1Z721	1	U-01	melanogaster	D. melanogaster
A1Z722	1	U-01	melanogaster	D. melanogaster
A1Z726	0	unassigned	melanogaster	D. melanogaster
A1Z727	1	U-01	melanogaster	D. melanogaster
A1Z730	1	U-01	melanogaster	D. melanogaster
D1FYT3	0	unassigned	melanogaster	D. melanogaster
E1JGK5	1	U-01	melanogaster	D. melanogaster
E1JGK6	1	U-01	melanogaster	D. melanogaster
E1JGK7	1	U-01	melanogaster	D. melanogaster
E1JGL2	1	U-01	melanogaster	D. melanogaster
E1JGL5	0	unassigned	melanogaster	D. melanogaster
E1JGL7	1	U-01	melanogaster	D. melanogaster
E1JGL8	1	U-01	melanogaster	D. melanogaster
E1JGM0	1	U-01	melanogaster	D. melanogaster
E1JGM3	0	unassigned	melanogaster	D. melanogaster
E1JGN9	1	U-01	melanogaster	D. melanogaster
E1JGP2	0	unassigned	melanogaster	D. melanogaster
E1JGP3	0	unassigned	melanogaster	D. melanogaster
E1JGP4	0	unassigned	melanogaster	D. melanogaster
E1JGP5	0	unassigned	melanogaster	D. melanogaster
E1JGP6	0	unassigned	melanogaster	D. melanogaster
E1JGP7	0	unassigned	melanogaster	D. melanogaster
E1JGP8	0	unassigned	melanogaster	D. melanogaster
E1JGP9	0	unassigned	melanogaster	D. melanogaster
E1JGQ0	0	unassigned	melanogaster	D. melanogaster
E1JGQ1	0	unassigned	melanogaster	D. melanogaster
E1JGQ3	1	U-01	melanogaster	D. melanogaster
E1JGQ4	1	U-01	melanogaster	D. melanogaster
E1JGR4	1	U-01	melanogaster	D. melanogaster
E1JGT3	1	U-01	melanogaster	D. melanogaster
E1JGV0	1	U-01	melanogaster	D. melanogaster
E1JGW7	3	U-03	melanogaster	D. melanogaster
E1JGX3	1	U-01	melanogaster	D. melanogaster
E1JGX9	1	U-01	melanogaster	D. melanogaster
E1JGY3	2	U-02	melanogaster	D. melanogaster
E1JGY5	0	unassigned	melanogaster	D. melanogaster
E1JGY6	0	unassigned	melanogaster	D. melanogaster
E1JGY7	0	unassigned	melanogaster	D. melanogaster
E1JGZ7	1	U-01	melanogaster	D. melanogaster
E1JGZ8	1	U-01	melanogaster	D. melanogaster
E1JGZ9	1	U-01	melanogaster	D. melanogaster
E1JH01	1	U-01	melanogaster	D. melanogaster
E1JH02	1	U-01	melanogaster	D. melanogaster
E1JH09	2	U-02	melanogaster	D. melanogaster
E1JH10	0	unassigned	melanogaster	D. melanogaster
E1JH21	2	U-02	melanogaster	D. melanogaster
E1JH24	1	U-01	melanogaster	D. melanogaster
E1JH27	1	U-01	melanogaster	D. melanogaster
E1JH31	1	U-01	melanogaster	D. melanogaster
E1JH40	1	U-01	melanogaster	D. melanogaster
E1JH46	1	U-01	melanogaster	D. melanogaster
E1JH51	1	U-01	melanogaster	D. melanogaster
E1JH55	3	U-03	melanogaster	D. melanogaster
E1JH57	1	U-01	melanogaster	D. melanogaster
E1JH59	1	U-01	melanogaster	D. melanogaster
E1JH60	1	U-01	melanogaster	D. melanogaster
E1JH76	1	U-01	melanogaster	D. melanogaster
E1JH78	1	U-01	melanogaster	D. melanogaster
E1JH79	1	U-01	melanogaster	D. melanogaster
E1JH80	1	U-01	melanogaster	D. melanogaster
E1JH82	1	U-01	melanogaster	D. melanogaster
E1JH83	1	U-01	melanogaster	D. melanogaster
E1JH87	1	U-01	melanogaster	D. melanogaster
E1JHA2	2	U-02	melanogaster	D. melanogaster
E1JHC2	1	U-01	melanogaster	D. melanogaster
E1JHE3	2	U-02	melanogaster	D. melanogaster
E1JHE5	1	U-01	melanogaster	D. melanogaster
E1JHE6	1	U-01	melanogaster	D. melanogaster
E1JHG2	2	U-02	melanogaster	D. melanogaster
E1JHG3	2	U-02	melanogaster	D. melanogaster
E1JHH7	3	U-03	melanogaster	D. melanogaster
E1JHI7	1	U-01	melanogaster	D. melanogaster
E1JHJ9	0	unassigned	melanogaster	D. melanogaster
A1ZA20	1	U-01	melanogaster	D. melanogaster
A1ZA21	1	U-01	melanogaster	D. melanogaster
A1ZA24	0	unassigned	melanogaster	D. melanogaster
A1ZA25	0	unassigned	melanogaster	D. melanogaster
A1ZA27	1	U-01	melanogaster	D. melanogaster
A1ZA43	0	unassigned	melanogaster	D. melanogaster
A1ZA45	1	U-01	melanogaster	D. melanogaster
A1ZA59	0	unassigned	melanogaster	D. melanogaster
A1ZA60	2	U-02	melanogaster	D. melanogaster
A1ZA65	1	U-01	melanogaster	D. melanogaster
A1ZA71	1	U-01	melanogaster	D. melanogaster
A1ZA76	3	U-03	melanogaster	D. melanogaster
A1ZA80	0	unassigned	melanogaster	D. melanogaster
A1ZA85	1	U-01	melanogaster	D. melanogaster
A1ZA86	2	U-02	melanogaster	D. melanogaster
A1ZA88	1	U-01	melanogaster	D. melanogaster
A1ZA99	1	U-01	melanogaster	D. melanogaster
A1ZAA7	1	U-01	melanogaster	D. melanogaster
A1ZAA9	1	U-01	melanogaster	D. melanogaster
A1ZAB0	1	U-01	melanogaster	D. melanogaster
A1ZAB7	1	U-01	melanogaster	D. melanogaster
A1ZAB9	3	U-03	melanogaster	D. melanogaster
A1ZAC1	1	U-01	melanogaster	D. melanogaster
A1ZAC3	1	U-01	melanogaster	D. melanogaster
A1ZAC5	1	U-01	melanogaster	D. melanogaster
A1ZAC9	1	U-01	melanogaster	D. melanogaster
A1ZAD0	1	U-01	melanogaster	D. melanogaster
A1ZAD1	1	U-01	melanogaster	D. melanogaster
A1ZAD2	1	U-01	melanogaster	D. melanogaster
A1ZAD3	1	U-01	melanogaster	D. melanogaster
A1ZAD4	1	U-01	melanogaster	D. melanogaster
A1ZAD5	1	U-01	melanogaster	D. melanogaster
A1ZAD6	1	U-01	melanogaster	D. melanogaster
A1ZAE4	0	unassigned	melanogaster	D. melanogaster
A1ZAE7	0	unassigned	melanogaster	D. melanogaster
A1ZAF3	0	unassigned	melanogaster	D. melanogaster
A1ZAF4	1	U-01	melanogaster	D. melanogaster
A1ZAG1	1	U-01	melanogaster	D. melanogaster
A1ZAG2	0	unassigned	melanogaster	D. melanogaster
A1ZAG3	0	unassigned	melanogaster	D. melanogaster
A1ZAG7	1	U-01	melanogaster	D. melanogaster
A1ZAH0	1	U-01	melanogaster	D. melanogaster
A1ZAI0	1	U-01	melanogaster	D. melanogaster
A1ZAI4	1	U-01	melanogaster	D. melanogaster
A1ZAI8	1	U-01	melanogaster	D. melanogaster
A1ZAJ3	2	U-02	melanogaster	D. melanogaster
A1ZAJ4	3	U-03	melanogaster	D. melanogaster
A1ZAJ6	1	U-01	melanogaster	D. melanogaster
A1ZAJ7	1	U-01	melanogaster	D. melanogaster
A1ZAL8	1	U-01	melanogaster	D. melanogaster
A1ZAM9	1	U-01	melanogaster	D. melanogaster
A1ZAN1	1	U-01	melanogaster	D. melanogaster
A1ZAN9	1	U-01	melanogaster	D. melanogaster
A1ZAP0	1	U-01	melanogaster	D. melanogaster
A1ZAP1	1	U-01	melanogaster	D. melanogaster
A1ZAP5	1	U-01	melanogaster	D. melanogaster
A1ZAQ1	1	U-01	melanogaster	D. melanogaster
A1ZAQ2	1	U-01	melanogaster	D. melanogaster
A1ZAQ5	1	U-01	melanogaster	D. melanogaster
A1ZAQ6	1	U-01	melanogaster	D. melanogaster
A1ZAR1	1	U-01	melanogaster	D. melanogaster
A1ZAR3	1	U-01	melanogaster	D. melanogaster
A1ZAR4	1	U-01	melanogaster	D. melanogaster
A1ZAR5	1	U-01	melanogaster	D. melanogaster
A1ZAR6	1	U-01	melanogaster	D. melanogaster
A1ZAR7	1	U-01	melanogaster	D. melanogaster
A1ZAR9	0	unassigned	melanogaster	D. melanogaster
A1ZAS1	1	U-01	melanogaster	D. melanogaster
A1ZAS7	1	U-01	melanogaster	D. melanogaster
A1ZAT0	1	U-01	melanogaster	D. melanogaster
A1ZAT4	1	U-01	melanogaster	D. melanogaster
A1ZAT8	1	U-01	melanogaster	D. melanogaster
A1ZAU7	1	U-01	melanogaster	D. melanogaster
A1ZAV5	1	U-01	melanogaster	D. melanogaster
A1ZAW1	3	U-03	melanogaster	D. melanogaster
A1ZAW6	1	U-01	melanogaster	D. melanogaster
A1ZAX3	1	U-01	melanogaster	D. melanogaster
A1ZAX4	1	U-01	melanogaster	D. melanogaster
A1ZAX7	2	U-02	melanogaster	D. melanogaster
A1ZAY0	1	U-01	melanogaster	D. melanogaster
A1ZAY4	2	U-02	melanogaster	D. melanogaster
A1ZAY6	1	U-01	melanogaster	D. melanogaster
A1ZAZ0	1	U-01	melanogaster	D. melanogaster
A1ZAZ1	3	U-03	melanogaster	D. melanogaster
A1ZAZ6	1	U-01	melanogaster	D. melanogaster
M9PB07	1	U-01	melanogaster	D. melanogaster
M9PB11	1	U-01	melanogaster	D. melanogaster
M9PB20	0	unassigned	melanogaster	D. melanogaster
M9PB25	1	U-01	melanogaster	D. melanogaster
M9PB45	1	U-01	melanogaster	D. melanogaster
M9PB51	1	U-01	melanogaster	D. melanogaster
M9PB66	1	U-01	melanogaster	D. melanogaster
M9PB85	1	U-01	melanogaster	D. melanogaster
M9PB89	1	U-01	melanogaster	D. melanogaster
M9PB90	1	U-01	melanogaster	D. melanogaster
M9PBB0	1	U-01	melanogaster	D. melanogaster
M9PBB7	1	U-01	melanogaster	D. melanogaster
M9PBD0	1	U-01	melanogaster	D. melanogaster
M9PBE3	1	U-01	melanogaster	D. melanogaster
M9PBF3	1	U-01	melanogaster	D. melanogaster
Q9W3H8	1	U-01	melanogaster	D. melanogaster
Q9W3I9	1	U-01	melanogaster	D. melanogaster
Q9W3M3	0	unassigned	melanogaster	D. melanogaster
Q9W3N0	1	U-01	melanogaster	D. melanogaster
Q9W3N6	1	U-01	melanogaster	D. melanogaster
Q9W3N8	1	U-01	melanogaster	D. melanogaster
Q9W3R7	1	U-01	melanogaster	D. melanogaster
Q9W3T7	2	U-02	melanogaster	D. melanogaster
Q9W3U1	1	U-01	melanogaster	D. melanogaster
Q9W3W0	1	U-01	melanogaster	D. melanogaster
Q9W3W1	1	U-01	melanogaster	D. melanogaster
Q9W3W5	2	U-02	melanogaster	D. melanogaster
Q9W3Y1	1	U-01	melanogaster	D. melanogaster
Q9W3Z3	1	U-01	melanogaster	D. melanogaster
Q9W413	1	U-01	melanogaster	D. melanogaster
Q9W414	1	U-01	melanogaster	D. melanogaster
Q9W415	1	U-01	melanogaster	D. melanogaster
Q9W423	3	U-03	melanogaster	D. melanogaster
Q9W436	2	U-02	melanogaster	D. melanogaster
Q9W437	1	U-01	melanogaster	D. melanogaster
Q9W485	1	U-01	melanogaster	D. melanogaster
Q9W497	0	unassigned	melanogaster	D. melanogaster
Q9W4C5	3	U-03	melanogaster	D. melanogaster
Q9W4E2	1	U-01	melanogaster	D. melanogaster
Q9W4F5	2	U-02	melanogaster	D. melanogaster
Q9W4H9	1	U-01	melanogaster	D. melanogaster
Q9W4J1	1	U-01	melanogaster	D. melanogaster
Q9W4K1	1	U-01	melanogaster	D. melanogaster
Q9W4M8	1	U-01	melanogaster	D. melanogaster
Q9W4M9	1	U-01	melanogaster	D. melanogaster
Q9W4N8	1	U-01	melanogaster	D. melanogaster
Q9W4Q7	1	U-01	melanogaster	D. melanogaster
Q9W4S9	1	U-01	melanogaster	D. melanogaster
Q9W4T9	2	U-02	melanogaster	D. melanogaster
Q9W4V9	0	unassigned	melanogaster	D. melanogaster
Q9W4X4	1	U-01	melanogaster	D. melanogaster
Q9W4X9	1	U-01	melanogaster	D. melanogaster
Q9W4Y2	3	U-03	melanogaster	D. melanogaster
Q9W4Y3	2	U-02	melanogaster	D. melanogaster
Q9W4Y4	2	U-02	melanogaster	D. melanogaster
Q9W539	1	U-01	melanogaster	D. melanogaster
Q9W542	1	U-01	melanogaster	D. melanogaster
Q9W552	1	U-01	melanogaster	D. melanogaster
Q9W555	1	U-01	melanogaster	D. melanogaster
Q9W572	1	U-01	melanogaster	D. melanogaster
Q9W581	2	U-02	melanogaster	D. melanogaster
Q9W589	2	U-02	melanogaster	D. melanogaster
Q9W596	1	U-01	melanogaster	D. melanogaster
Q9W5A5	3	U-03	melanogaster	D. melanogaster
Q9W5X0	1	U-01	melanogaster	D. melanogaster
Q9XTP7	1	U-01	melanogaster	D. melanogaster
Q9XYF4	1	U-01	melanogaster	D. melanogaster
Q9XYM0	1	U-01	melanogaster	D. melanogaster
Q9XYM5	1	U-01	melanogaster	D. melanogaster
Q9XYP7	1	U-01	melanogaster	D. melanogaster
Q9XYP8	1	U-01	melanogaster	D. melanogaster
Q9XYU0	1	U-01	melanogaster	D. melanogaster
Q9XYU1	1	U-01	melanogaster	D. melanogaster
Q9XYZ4	1	U-01	melanogaster	D. melanogaster
Q9XYZ5	1	U-01	melanogaster	D. melanogaster
Q9XZ06	1	U-01	melanogaster	D. melanogaster
Q9XZ08	2	U-02	melanogaster	D. melanogaster
Q9XZ10	3	U-03	melanogaster	D. melanogaster
Q9XZ25	1	U-01	melanogaster	D. melanogaster
Q9XZ29	1	U-01	melanogaster	D. melanogaster
Q9XZ34	1	U-01	melanogaster	D. melanogaster
Q9XZ56	1	U-01	melanogaster	D. melanogaster
Q9XZ58	1	U-01	melanogaster	D. melanogaster
Q9XZ61	1	U-01	melanogaster	D. melanogaster
Q9XZ63	1	U-01	melanogaster	D. melanogaster
M9NF51	1	U-01	melanogaster	D. melanogaster
M9NF67	1	U-01	melanogaster	D. melanogaster
M9NFB1	0	unassigned	melanogaster	D. melanogaster
M9NFB8	0	unassigned	melanogaster	D. melanogaster
M9NFH8	1	U-01	melanogaster	D. melanogaster
M9NFI9	1	U-01	melanogaster	D. melanogaster
M9NFL1	1	U-01	melanogaster	D. melanogaster
M9NFP7	1	U-01	melanogaster	D. melanogaster
M9NFR3	1	U-01	melanogaster	D. melanogaster
M9NG70	1	U-01	melanogaster	D. melanogaster
M9NGY0	1	U-01	melanogaster	D. melanogaster
M9NHG0	1	U-01	melanogaster	D. melanogaster
M9PAY7	1	U-01	melanogaster	D. melanogaster
M9PB54	1	U-01	melanogaster	D. melanogaster
M9PB57	1	U-01	melanogaster	D. melanogaster
M9PBG5	1	U-01	melanogaster	D. melanogaster
M9PBJ1	1	U-01	melanogaster	D. melanogaster
M9PBK5	1	U-01	melanogaster	D. melanogaster
M9PBR0	1	U-01	melanogaster	D. melanogaster
M9PBU9	2	U-02	melanogaster	D. melanogaster
M9PBV1	1	U-01	melanogaster	D. melanogaster
M9PBV3	1	U-01	melanogaster	D. melanogaster
M9PBW7	0	unassigned	melanogaster	D. melanogaster
M9PBZ1	3	U-03	melanogaster	D. melanogaster
M9PBZ2	1	U-01	melanogaster	D. melanogaster
M9PC13	0	unassigned	melanogaster	D. melanogaster
M9PC89	1	U-01	melanogaster	D. melanogaster
M9PC90	1	U-01	melanogaster	D. melanogaster
M9PCB7	1	U-01	melanogaster	D. melanogaster
M9PCE5	2	U-02	melanogaster	D. melanogaster
L0MLM5	1	U-01	melanogaster	D. melanogaster
L0MLN1	1	U-01	melanogaster	D. melanogaster
L0MLN8	1	U-01	melanogaster	D. melanogaster
L0MN60	1	U-01	melanogaster	D. melanogaster
L0MN72	1	U-01	melanogaster	D. melanogaster
L0MPN2	1	U-01	melanogaster	D. melanogaster
L0MPN7	1	U-01	melanogaster	D. melanogaster
L0MPQ0	1	U-01	melanogaster	D. melanogaster
L0MPW8	1	U-01	melanogaster	D. melanogaster
L0MPX5	1	U-01	melanogaster	D. melanogaster
L7ED64	1	U-01	melanogaster	D. melanogaster
M0QVX8	2	U-02	melanogaster	D. melanogaster
M9MRD3	0	unassigned	melanogaster	D. melanogaster
M9MRD7	1	U-01	melanogaster	D. melanogaster
M9MRE3	1	U-01	melanogaster	D. melanogaster
M9MRF2	1	U-01	melanogaster	D. melanogaster
M9MRF4	1	U-01	melanogaster	D. melanogaster
M9MRG0	0	unassigned	melanogaster	D. melanogaster
M9MRG6	1	U-01	melanogaster	D. melanogaster
M9MRH6	1	U-01	melanogaster	D. melanogaster
M9MRI1	2	U-02	melanogaster	D. melanogaster
M9MRJ1	1	U-01	melanogaster	D. melanogaster
M9MRJ2	2	U-02	melanogaster	D. melanogaster
M9MRL0	1	U-01	melanogaster	D. melanogaster
M9MRM3	2	U-02	melanogaster	D. melanogaster
M9MRM4	1	U-01	melanogaster	D. melanogaster
M9MRN5	1	U-01	melanogaster	D. melanogaster
M9MRN8	2	U-02	melanogaster	D. melanogaster
M9MRP4	1	U-01	melanogaster	D. melanogaster
M9MRP5	1	U-01	melanogaster	D. melanogaster
M9MRP8	1	U-01	melanogaster	D. melanogaster
M9MRQ1	1	U-01	melanogaster	D. melanogaster
M9MRR9	1	U-01	melanogaster	D. melanogaster
M9MRS2	1	U-01	melanogaster	D. melanogaster
M9MRT1	2	U-02	melanogaster	D. melanogaster
M9MRU6	1	U-01	melanogaster	D. melanogaster
M9MRU9	1	U-01	melanogaster	D. melanogaster
M9MRV3	0	unassigned	melanogaster	D. melanogaster
M9MRV7	1	U-01	melanogaster	D. melanogaster
M9MRW0	1	U-01	melanogaster	D. melanogaster
M9MRW4	1	U-01	melanogaster	D. melanogaster
M9MRX0	1	U-01	melanogaster	D. melanogaster
M9MRX5	1	U-01	melanogaster	D. melanogaster
M9MRX8	1	U-01	melanogaster	D. melanogaster
M9MRZ4	1	U-01	melanogaster	D. melanogaster
M9MRZ7	1	U-01	melanogaster	D. melanogaster
M9MS02	1	U-01	melanogaster	D. melanogaster
M9MS04	1	U-01	melanogaster	D. melanogaster
M9MS07	2	U-02	melanogaster	D. melanogaster
M9MS11	2	U-02	melanogaster	D. melanogaster
M9MS14	3	U-03	melanogaster	D. melanogaster
M9MS17	0	unassigned	melanogaster	D. melanogaster
M9MS35	1	U-01	melanogaster	D. melanogaster
M9MS41	1	U-01	melanogaster	D. melanogaster
M9MS45	1	U-01	melanogaster	D. melanogaster
M9MS47	1	U-01	melanogaster	D. melanogaster
M9MS57	1	U-01	melanogaster	D. melanogaster
M9MS86	1	U-01	melanogaster	D. melanogaster
Q0E8K5	1	U-01	melanogaster	D. melanogaster
Q0E8M3	1	U-01	melanogaster	D. melanogaster
Q0E8N3	2	U-02	melanogaster	D. melanogaster
Q0E8P5	2	U-02	melanogaster	D. melanogaster
Q0E8Q0	1	U-01	melanogaster	D. melanogaster
Q0E8Q1	1	U-01	melanogaster	D. melanogaster
Q0E8Q7	3	U-03	melanogaster	D. melanogaster
Q0E8R1	1	U-01	melanogaster	D. melanogaster
Q0E8R2	1	U-01	melanogaster	D. melanogaster
Q0E8R3	1	U-01	melanogaster	D. melanogaster
Q0E8R8	3	U-03	melanogaster	D. melanogaster
Q0E8S0	1	U-01	melanogaster	D. melanogaster
Q0E8S1	1	U-01	melanogaster	D. melanogaster
Q0E8T1	2	U-02	melanogaster	D. melanogaster
Q0E8T6	0	unassigned	melanogaster	D. melanogaster
Q0E8T7	1	U-01	melanogaster	D. melanogaster
Q0E8T8	1	U-01	melanogaster	D. melanogaster
Q0E8U2	3	U-03	melanogaster	D. melanogaster
Q0E8U4	1	U-01	melanogaster	D. melanogaster
Q0E8U6	1	U-01	melanogaster	D. melanogaster
Q0E8U7	1	U-01	melanogaster	D. melanogaster
Q0E8V2	1	U-01	melanogaster	D. melanogaster
Q0E8V6	2	U-02	melanogaster	D. melanogaster
Q0E8V7	1	U-01	melanogaster	D. melanogaster
Q0E8W0	1	U-01	melanogaster	D. melanogaster
Q0E8W1	1	U-01	melanogaster	D. melanogaster
Q0E8W6	1	U-01	melanogaster	D. melanogaster
Q0E8X7	3	U-03	melanogaster	D. melanogaster
Q0E8X8	1	U-01	melanogaster	D. melanogaster
Q0E8Y5	2	U-02	melanogaster	D. melanogaster
Q0E8Y6	2	U-02	melanogaster	D. melanogaster
Q0E8Y9	1	U-01	melanogaster	D. melanogaster
Q0E8Z7	1	U-01	melanogaster	D. melanogaster
Q0E8Z9	3	U-03	melanogaster	D. melanogaster
Q0E901	1	U-01	melanogaster	D. melanogaster
Q0E905	3	U-03	melanogaster	D. melanogaster
Q0E914	1	U-01	melanogaster	D. melanogaster
Q0E919	1	U-01	melanogaster	D. melanogaster
Q0E922	1	U-01	melanogaster	D. melanogaster
Q0E924	1	U-01	melanogaster	D. melanogaster
Q0E930	1	U-01	melanogaster	D. melanogaster
Q0E938	1	U-01	melanogaster	D. melanogaster
Q9VEW0	1	U-01	melanogaster	D. melanogaster
Q9VEW5	1	U-01	melanogaster	D. melanogaster
Q9VEW7	3	U-03	melanogaster	D. melanogaster
Q9VEW8	3	U-03	melanogaster	D. melanogaster
Q9VEW9	3	U-03	melanogaster	D. melanogaster
Q9VEX4	1	U-01	melanogaster	D. melanogaster
Q9VUC9	2	U-02	melanogaster	D. melanogaster
Q9VUD8	1	U-01	melanogaster	D. melanogaster
Q9VUE1	1	U-01	melanogaster	D. melanogaster
Q9VUE4	1	U-01	melanogaster	D. melanogaster
Q9VUE9	1	U-01	melanogaster	D. melanogaster
Q9VUG5	1	U-01	melanogaster	D. melanogaster
Q9VUG6	1	U-01	melanogaster	D. melanogaster
Q9VUH0	1	U-01	melanogaster	D. melanogaster
Q9VUI7	1	U-01	melanogaster	D. melanogaster
Q9VUI8	1	U-01	melanogaster	D. melanogaster
Q9VUJ7	1	U-01	melanogaster	D. melanogaster
Q9VUJ8	0	unassigned	melanogaster	D. melanogaster
Q9VUJ9	1	U-01	melanogaster	D. melanogaster
Q9VUK0	1	U-01	melanogaster	D. melanogaster
Q9VUK2	1	U-01	melanogaster	D. melanogaster
Q9VUL5	1	U-01	melanogaster	D. melanogaster
Q9VUL6	1	U-01	melanogaster	D. melanogaster
Q9VUN5	1	U-01	melanogaster	D. melanogaster
Q9VUP0	1	U-01	melanogaster	D. melanogaster
Q9VUP6	1	U-01	melanogaster	D. melanogaster
Q9VUP8	2	U-02	melanogaster	D. melanogaster
Q9VUQ1	1	U-01	melanogaster	D. melanogaster
Q9VUR8	1	U-01	melanogaster	D. melanogaster
Q9VUS1	1	U-01	melanogaster	D. melanogaster
Q9VUU1	1	U-01	melanogaster	D. melanogaster
Q9VUV8	1	U-01	melanogaster	D. melanogaster
Q9VUW0	1	U-01	melanogaster	D. melanogaster
Q9VUZ4	1	U-01	melanogaster	D. melanogaster
Q9VUZ6	1	U-01	melanogaster	D. melanogaster
Q9VV01	1	U-01	melanogaster	D. melanogaster
Q9VV02	1	U-01	melanogaster	D. melanogaster
Q9VV03	1	U-01	melanogaster	D. melanogaster
Q9VV06	1	U-01	melanogaster	D. melanogaster
Q9VV08	0	unassigned	melanogaster	D. melanogaster
Q9VV09	2	U-02	melanogaster	D. melanogaster
Q9VV10	0	unassigned	melanogaster	D. melanogaster
Q9VV11	0	unassigned	melanogaster	D. melanogaster
Q9VV12	0	unassigned	melanogaster	D. melanogaster
Q9VV13	1	U-01	melanogaster	D. melanogaster
Q9VV14	1	U-01	melanogaster	D. melanogaster
Q9VV17	1	U-01	melanogaster	D. melanogaster
Q9VV18	1	U-01	melanogaster	D. melanogaster
Q9VV19	1	U-01	melanogaster	D. melanogaster
Q9VV20	1	U-01	melanogaster	D. melanogaster
Q9VV21	1	U-01	melanogaster	D. melanogaster
Q9VV22	1	U-01	melanogaster	D. melanogaster
Q9VV23	1	U-01	melanogaster	D. melanogaster
Q9VV24	1	U-01	melanogaster	D. melanogaster
Q9VV25	1	U-01	melanogaster	D. melanogaster
Q9VV26	1	U-01	melanogaster	D. melanogaster
Q9VV27	1	U-01	melanogaster	D. melanogaster
Q9VV29	1	U-01	melanogaster	D. melanogaster
Q9VV30	1	U-01	melanogaster	D. melanogaster
Q9VV31	1	U-01	melanogaster	D. melanogaster
Q9VV32	1	U-01	melanogaster	D. melanogaster
Q9VV33	1	U-01	melanogaster	D. melanogaster
Q9VV35	1	U-01	melanogaster	D. melanogaster
Q9VV37	1	U-01	melanogaster	D. melanogaster
Q9VV45	1	U-01	melanogaster	D. melanogaster
Q9VV55	1	U-01	melanogaster	D. melanogaster
Q9VV70	1	U-01	melanogaster	D. melanogaster
Q9VV71	1	U-01	melanogaster	D. melanogaster
Q9VV94	1	U-01	melanogaster	D. melanogaster
Q9VV95	1	U-01	melanogaster	D. melanogaster
Q9VVA5	1	U-01	melanogaster	D. melanogaster
Q9VVB4	1	U-01	melanogaster	D. melanogaster
Q9VVC0	1	U-01	melanogaster	D. melanogaster
Q9VVC1	1	U-01	melanogaster	D. melanogaster
Q9VVC2	2	U-02	melanogaster	D. melanogaster
Q9VVC7	1	U-01	melanogaster	D. melanogaster
Q9VVD3	1	U-01	melanogaster	D. melanogaster
Q9VVE7	1	U-01	melanogaster	D. melanogaster
Q9VVE8	1	U-01	melanogaster	D. melanogaster
Q9VVE9	1	U-01	melanogaster	D. melanogaster
Q9VVF1	1	U-01	melanogaster	D. melanogaster
Q9VVF2	1	U-01	melanogaster	D. melanogaster
Q9VVF4	1	U-01	melanogaster	D. melanogaster
Q9VVF5	1	U-01	melanogaster	D. melanogaster
Q9VVF8	1	U-01	melanogaster	D. melanogaster
Q9VVG2	1	U-01	melanogaster	D. melanogaster
Q9VVG9	1	U-01	melanogaster	D. melanogaster
Q9VVH2	1	U-01	melanogaster	D. melanogaster
Q9VVH6	0	unassigned	melanogaster	D. melanogaster
Q9VVH8	1	U-01	melanogaster	D. melanogaster
Q9VVK1	1	U-01	melanogaster	D. melanogaster
Q9VVK2	1	U-01	melanogaster	D. melanogaster
Q9VVK9	1	U-01	melanogaster	D. melanogaster
Q9VVM2	2	U-02	melanogaster	D. melanogaster
Q9VVM3	2	U-02	melanogaster	D. melanogaster
Q9VVM7	1	U-01	melanogaster	D. melanogaster
Q9VVM8	1	U-01	melanogaster	D. melanogaster
Q9VVN1	0	unassigned	melanogaster	D. melanogaster
Q9VVN9	2	U-02	melanogaster	D. melanogaster
Q9VVP2	2	U-02	melanogaster	D. melanogaster
Q9VFB7	1	U-01	melanogaster	D. melanogaster
Q9VFE3	3	U-03	melanogaster	D. melanogaster
Q9VFF0	1	U-01	melanogaster	D. melanogaster
Q9VFG5	1	U-01	melanogaster	D. melanogaster
Q9VFS8	1	U-01	melanogaster	D. melanogaster
Q9VFS9	3	U-03	melanogaster	D. melanogaster
Q9VFW6	3	U-03	melanogaster	D. melanogaster
Q9VG31	1	U-01	melanogaster	D. melanogaster
Q9VG42	1	U-01	melanogaster	D. melanogaster
Q9VG51	1	U-01	melanogaster	D. melanogaster
Q9VG58	1	U-01	melanogaster	D. melanogaster
Q9VG74	1	U-01	melanogaster	D. melanogaster
Q9VG76	1	U-01	melanogaster	D. melanogaster
Q9VG92	0	unassigned	melanogaster	D. melanogaster
Q9VG93	0	unassigned	melanogaster	D. melanogaster
Q9VG94	0	unassigned	melanogaster	D. melanogaster
Q9VG95	0	unassigned	melanogaster	D. melanogaster
Q9VG96	0	unassigned	melanogaster	D. melanogaster
Q9VG98	0	unassigned	melanogaster	D. melanogaster
Q9VGD4	1	U-01	melanogaster	D. melanogaster
Q9VGE2	1	U-01	melanogaster	D. melanogaster
Q9VGG9	1	U-01	melanogaster	D. melanogaster
Q9VGH5	1	U-01	melanogaster	D. melanogaster
Q9VGI0	0	unassigned	melanogaster	D. melanogaster
Q9VGJ9	0	unassigned	melanogaster	D. melanogaster
Q9VGM1	3	U-03	melanogaster	D. melanogaster
A0A0B4K7A9	2	U-02	melanogaster	D. melanogaster
A0A0B4K7G3	1	U-01	melanogaster	D. melanogaster
A0A0B4K7G9	1	U-01	melanogaster	D. melanogaster
A0A0B4K7I8	3	U-03	melanogaster	D. melanogaster
A0A0B4K7L0	1	U-01	melanogaster	D. melanogaster
A0A0B4K7L3	1	U-01	melanogaster	D. melanogaster
A0A0B4K7M9	1	U-01	melanogaster	D. melanogaster
A0A0B4K7N1	2	U-02	melanogaster	D. melanogaster
A0A0B4K7Q5	1	U-01	melanogaster	D. melanogaster
A0A0B4K7R6	1	U-01	melanogaster	D. melanogaster
A0A0B4K7S0	1	U-01	melanogaster	D. melanogaster
A0A0B4K7S3	1	U-01	melanogaster	D. melanogaster
A0A0B4K7U0	1	U-01	melanogaster	D. melanogaster
A0A0B4K7U3	1	U-01	melanogaster	D. melanogaster
A0A0B4K7U4	1	U-01	melanogaster	D. melanogaster
A0A0B4K7V4	3	U-03	melanogaster	D. melanogaster
A0A0B4K7V5	1	U-01	melanogaster	D. melanogaster
A0A0B4K7Y7	1	U-01	melanogaster	D. melanogaster
A0A0B4K813	1	U-01	melanogaster	D. melanogaster
A0A0B4K814	3	U-03	melanogaster	D. melanogaster
A0A0B4K835	1	U-01	melanogaster	D. melanogaster
A0A0B4K859	1	U-01	melanogaster	D. melanogaster
A0A0B4K862	1	U-01	melanogaster	D. melanogaster
A0A0B4K864	0	unassigned	melanogaster	D. melanogaster
A0A0B4K875	2	U-02	melanogaster	D. melanogaster
A0A0B4K885	0	unassigned	melanogaster	D. melanogaster
A0A0B4K887	3	U-03	melanogaster	D. melanogaster
A0A0B4K8B2	1	U-01	melanogaster	D. melanogaster
A0A0B4KEC4	0	unassigned	melanogaster	D. melanogaster
A0A0B4KEE7	1	U-01	melanogaster	D. melanogaster
A0A0B4KEG0	1	U-01	melanogaster	D. melanogaster
A0A0B4KEH3	1	U-01	melanogaster	D. melanogaster
A0A0B4KEH7	1	U-01	melanogaster	D. melanogaster
A0A0B4KEI0	1	U-01	melanogaster	D. melanogaster
A0A0B4KEJ6	1	U-01	melanogaster	D. melanogaster
A0A0B4KEL5	1	U-01	melanogaster	D. melanogaster
A0A0B4KEP8	2	U-02	melanogaster	D. melanogaster
A0A0B4KEQ0	1	U-01	melanogaster	D. melanogaster
A0A0B4KEQ1	1	U-01	melanogaster	D. melanogaster
A0A0B4KEQ3	1	U-01	melanogaster	D. melanogaster
A0A0B4KER3	1	U-01	melanogaster	D. melanogaster
A0A0B4KER6	0	unassigned	melanogaster	D. melanogaster
A0A0B4KET3	1	U-01	melanogaster	D. melanogaster
A0A0B4KET5	1	U-01	melanogaster	D. melanogaster
A0A0B4KEW3	0	unassigned	melanogaster	D. melanogaster
A0A0B4KEX6	1	U-01	melanogaster	D. melanogaster
A0A0B4KEX8	1	U-01	melanogaster	D. melanogaster
A0A0B4KEY3	1	U-01	melanogaster	D. melanogaster
A0A0B4KEY4	1	U-01	melanogaster	D. melanogaster
A0A0B4KEY5	1	U-01	melanogaster	D. melanogaster
A0A0B4KEY6	1	U-01	melanogaster	D. melanogaster
A0A0B4KEZ9	1	U-01	melanogaster	D. melanogaster
A0A0B4KF05	1	U-01	melanogaster	D. melanogaster
A0A0B4KF25	0	unassigned	melanogaster	D. melanogaster
A0A0B4KF27	1	U-01	melanogaster	D. melanogaster
A0A0B4KF30	2	U-02	melanogaster	D. melanogaster
A0A0B4KF40	2	U-02	melanogaster	D. melanogaster
A0A0B4KF63	1	U-01	melanogaster	D. melanogaster
A0A0B4KF65	3	U-03	melanogaster	D. melanogaster
A0A0B4KF73	1	U-01	melanogaster	D. melanogaster
A0A0B4KF76	1	U-01	melanogaster	D. melanogaster
A0A0B4KF87	1	U-01	melanogaster	D. melanogaster
A0A0B4KF98	1	U-01	melanogaster	D. melanogaster
A0A0B4KFA2	1	U-01	melanogaster	D. melanogaster
A0A0B4KFA4	1	U-01	melanogaster	D. melanogaster
A0A0B4KFA6	2	U-02	melanogaster	D. melanogaster
A0A0B4KFB7	1	U-01	melanogaster	D. melanogaster
A0A0B4KFD2	1	U-01	melanogaster	D. melanogaster
A0A0B4KFE9	0	unassigned	melanogaster	D. melanogaster
A0A0B4KFF0	1	U-01	melanogaster	D. melanogaster
A0A0B4KFF1	1	U-01	melanogaster	D. melanogaster
A0A0B4KFF2	2	U-02	melanogaster	D. melanogaster
A0A0B4KFG2	1	U-01	melanogaster	D. melanogaster
A0A0B4KFH8	3	U-03	melanogaster	D. melanogaster
Q9VK35	1	U-01	melanogaster	D. melanogaster
Q9VK40	1	U-01	melanogaster	D. melanogaster
Q9VK43	1	U-01	melanogaster	D. melanogaster
Q9VK57	1	U-01	melanogaster	D. melanogaster
Q9VK62	3	U-03	melanogaster	D. melanogaster
Q9VK64	3	U-03	melanogaster	D. melanogaster
Q9VK67	1	U-01	melanogaster	D. melanogaster
Q9VK72	2	U-02	melanogaster	D. melanogaster
Q9VK90	1	U-01	melanogaster	D. melanogaster
Q9VK99	2	U-02	melanogaster	D. melanogaster
Q9VKA1	2	U-02	melanogaster	D. melanogaster
Q9VKA7	1	U-01	melanogaster	D. melanogaster
Q9VKB4	1	U-01	melanogaster	D. melanogaster
Q9VKB8	1	U-01	melanogaster	D. melanogaster
Q9VKC1	1	U-01	melanogaster	D. melanogaster
Q9VKC3	2	U-02	melanogaster	D. melanogaster
Q9VKC4	0	unassigned	melanogaster	D. melanogaster
Q9VKC5	1	U-01	melanogaster	D. melanogaster
Q9VKC7	2	U-02	melanogaster	D. melanogaster
Q9VKD0	1	U-01	melanogaster	D. melanogaster
Q9VKD8	1	U-01	melanogaster	D. melanogaster
Q9VKD9	2	U-02	melanogaster	D. melanogaster
Q9VKE6	2	U-02	melanogaster	D. melanogaster
Q9VKE7	2	U-02	melanogaster	D. melanogaster
Q9VKF6	3	U-03	melanogaster	D. melanogaster
Q9VKG1	2	U-02	melanogaster	D. melanogaster
Q9VKG2	2	U-02	melanogaster	D. melanogaster
Q9VKG5	1	U-01	melanogaster	D. melanogaster
Q9VKG6	0	unassigned	melanogaster	D. melanogaster
Q9VKI5	1	U-01	melanogaster	D. melanogaster
Q9VKI8	1	U-01	melanogaster	D. melanogaster
Q9VKL8	2	U-02	melanogaster	D. melanogaster
Q9VKL9	0	unassigned	melanogaster	D. melanogaster
Q9VKM8	1	U-01	melanogaster	D. melanogaster
Q9VKN6	1	U-01	melanogaster	D. melanogaster
Q9VKP3	1	U-01	melanogaster	D. melanogaster
Q9VKQ0	1	U-01	melanogaster	D. melanogaster
Q9VKQ6	1	U-01	melanogaster	D. melanogaster
Q9VKQ7	1	U-01	melanogaster	D. melanogaster
Q9VKQ8	3	U-03	melanogaster	D. melanogaster
Q9VKR1	1	U-01	melanogaster	D. melanogaster
Q9VKR2	1	U-01	melanogaster	D. melanogaster
Q9VKR3	2	U-02	melanogaster	D. melanogaster
Q9VKR8	1	U-01	melanogaster	D. melanogaster
Q9VKS5	2	U-02	melanogaster	D. melanogaster
Q9VKS9	2	U-02	melanogaster	D. melanogaster
Q9VKT2	2	U-02	melanogaster	D. melanogaster
Q9VKT7	2	U-02	melanogaster	D. melanogaster
Q9VKT8	2	U-02	melanogaster	D. melanogaster
Q9VKT9	2	U-02	melanogaster	D. melanogaster
Q9VKU0	1	U-01	melanogaster	D. melanogaster
Q9VKU5	1	U-01	melanogaster	D. melanogaster
Q9VKV2	2	U-02	melanogaster	D. melanogaster
Q9VKV4	1	U-01	melanogaster	D. melanogaster
Q9VKW1	1	U-01	melanogaster	D. melanogaster
Q9VKY0	1	U-01	melanogaster	D. melanogaster
Q9VKY7	1	U-01	melanogaster	D. melanogaster
Q9VKZ0	1	U-01	melanogaster	D. melanogaster
Q9VKZ1	3	U-03	melanogaster	D. melanogaster
Q9VKZ7	2	U-02	melanogaster	D. melanogaster
Q9VL11	1	U-01	melanogaster	D. melanogaster
Q9VL13	1	U-01	melanogaster	D. melanogaster
Q9VL16	3	U-03	melanogaster	D. melanogaster
Q9VL20	1	U-01	melanogaster	D. melanogaster
Q9VL21	1	U-01	melanogaster	D. melanogaster
Q9VL27	2	U-02	melanogaster	D. melanogaster
Q9VL28	1	U-01	melanogaster	D. melanogaster
Q9VL29	1	U-01	melanogaster	D. melanogaster
Q9VL31	1	U-01	melanogaster	D. melanogaster
Q9VL41	1	U-01	melanogaster	D. melanogaster
Q9VL58	1	U-01	melanogaster	D. melanogaster
Q9VL60	1	U-01	melanogaster	D. melanogaster
Q9VU13	2	U-02	melanogaster	D. melanogaster
Q9VU16	1	U-01	melanogaster	D. melanogaster
Q9VU20	3	U-03	melanogaster	D. melanogaster
Q9VU33	1	U-01	melanogaster	D. melanogaster
Q9VU34	1	U-01	melanogaster	D. melanogaster
Q9VU35	1	U-01	melanogaster	D. melanogaster
Q9VU36	1	U-01	melanogaster	D. melanogaster
Q9VU49	1	U-01	melanogaster	D. melanogaster
Q9VU59	1	U-01	melanogaster	D. melanogaster
Q9VU67	1	U-01	melanogaster	D. melanogaster
Q9VU72	2	U-02	melanogaster	D. melanogaster
Q9VU74	2	U-02	melanogaster	D. melanogaster
Q9VU76	1	U-01	melanogaster	D. melanogaster
Q9VU82	1	U-01	melanogaster	D. melanogaster
Q9VU83	1	U-01	melanogaster	D. melanogaster
Q9VU85	1	U-01	melanogaster	D. melanogaster
Q9VU92	1	U-01	melanogaster	D. melanogaster
Q9VU95	1	U-01	melanogaster	D. melanogaster
Q9VUA0	1	U-01	melanogaster	D. melanogaster
Q9VUA5	1	U-01	melanogaster	D. melanogaster
Q9VUB1	1	U-01	melanogaster	D. melanogaster
Q9VUB3	0	unassigned	melanogaster	D. melanogaster
Q9VUB9	1	U-01	melanogaster	D. melanogaster
Q9VUC3	1	U-01	melanogaster	D. melanogaster
Q9VUD3	1	U-01	melanogaster	D. melanogaster
Q9VUD9	1	U-01	melanogaster	D. melanogaster
Q9VUE3	1	U-01	melanogaster	D. melanogaster
Q9VUG3	1	U-01	melanogaster	D. melanogaster
Q9VAE7	1	U-01	melanogaster	D. melanogaster
Q9VAF3	1	U-01	melanogaster	D. melanogaster
Q9VAI3	1	U-01	melanogaster	D. melanogaster
Q9VAK0	1	U-01	melanogaster	D. melanogaster
Q9VAK2	2	U-02	melanogaster	D. melanogaster
Q9VAK3	2	U-02	melanogaster	D. melanogaster
Q9VAK7	1	U-01	melanogaster	D. melanogaster
Q9VAL2	1	U-01	melanogaster	D. melanogaster
Q9VAL8	1	U-01	melanogaster	D. melanogaster
Q9VAN1	2	U-02	melanogaster	D. melanogaster
Q9VAN8	1	U-01	melanogaster	D. melanogaster
Q9VAR2	0	unassigned	melanogaster	D. melanogaster
Q9VAU5	1	U-01	melanogaster	D. melanogaster
Q9VAU6	0	unassigned	melanogaster	D. melanogaster
Q9VAW6	1	U-01	melanogaster	D. melanogaster
Q9VAZ2	3	U-03	melanogaster	D. melanogaster
Q9VB07	1	U-01	melanogaster	D. melanogaster
Q9VB09	1	U-01	melanogaster	D. melanogaster
Q9VB17	1	U-01	melanogaster	D. melanogaster
Q9VB27	0	unassigned	melanogaster	D. melanogaster
Q9VB40	1	U-01	melanogaster	D. melanogaster
Q9VB43	1	U-01	melanogaster	D. melanogaster
Q9VB45	2	U-02	melanogaster	D. melanogaster
Q9VB48	1	U-01	melanogaster	D. melanogaster
Q9VB53	1	U-01	melanogaster	D. melanogaster
Q9VB54	1	U-01	melanogaster	D. melanogaster
Q9VB71	0	unassigned	melanogaster	D. melanogaster
Q9VB72	0	unassigned	melanogaster	D. melanogaster
Q9VB80	0	unassigned	melanogaster	D. melanogaster
Q9VB83	1	U-01	melanogaster	D. melanogaster
Q9VB97	1	U-01	melanogaster	D. melanogaster
Q9VBA2	1	U-01	melanogaster	D. melanogaster
Q9VBA6	1	U-01	melanogaster	D. melanogaster
Q9VBC1	2	U-02	melanogaster	D. melanogaster
Q9VBC2	2	U-02	melanogaster	D. melanogaster
Q9VBC3	2	U-02	melanogaster	D. melanogaster
Q9VBC6	1	U-01	melanogaster	D. melanogaster
Q9VBE7	3	U-03	melanogaster	D. melanogaster
Q9VBE8	0	unassigned	melanogaster	D. melanogaster
Q9VBF3	2	U-02	melanogaster	D. melanogaster
Q9VBG7	1	U-01	melanogaster	D. melanogaster
Q9VSK4	1	U-01	melanogaster	D. melanogaster
Q9VSM5	3	U-03	melanogaster	D. melanogaster
Q9VSN5	1	U-01	melanogaster	D. melanogaster
Q9VSP0	1	U-01	melanogaster	D. melanogaster
Q9VSP7	1	U-01	melanogaster	D. melanogaster
Q9VSP8	1	U-01	melanogaster	D. melanogaster
Q9VSP9	1	U-01	melanogaster	D. melanogaster
Q9VSQ2	2	U-02	melanogaster	D. melanogaster
Q9VSQ3	2	U-02	melanogaster	D. melanogaster
Q9VSR6	2	U-02	melanogaster	D. melanogaster
Q9VSR8	1	U-01	melanogaster	D. melanogaster
Q9VSS3	1	U-01	melanogaster	D. melanogaster
Q9VSS4	1	U-01	melanogaster	D. melanogaster
Q9VSS7	0	unassigned	melanogaster	D. melanogaster
Q9VST1	1	U-01	melanogaster	D. melanogaster
Q9VST7	1	U-01	melanogaster	D. melanogaster
Q9VSU3	1	U-01	melanogaster	D. melanogaster
Q9VSW3	1	U-01	melanogaster	D. melanogaster
Q9VSY1	1	U-01	melanogaster	D. melanogaster
Q9VSY3	0	unassigned	melanogaster	D. melanogaster
Q9VSZ0	1	U-01	melanogaster	D. melanogaster
Q9VSZ4	1	U-01	melanogaster	D. melanogaster
Q9VSZ5	1	U-01	melanogaster	D. melanogaster
Q9VT16	1	U-01	melanogaster	D. melanogaster
Q9VT38	1	U-01	melanogaster	D. melanogaster
Q9VT39	1	U-01	melanogaster	D. melanogaster
Q9VT44	2	U-02	melanogaster	D. melanogaster
Q9VT61	1	U-01	melanogaster	D. melanogaster
Q9VT66	1	U-01	melanogaster	D. melanogaster
Q9VT73	1	U-01	melanogaster	D. melanogaster
Q9VT78	3	U-03	melanogaster	D. melanogaster
Q9VT79	3	U-03	melanogaster	D. melanogaster
Q9VT84	2	U-02	melanogaster	D. melanogaster
Q9VT87	1	U-01	melanogaster	D. melanogaster
Q9VT89	2	U-02	melanogaster	D. melanogaster
Q9VT96	1	U-01	melanogaster	D. melanogaster
Q9VT97	1	U-01	melanogaster	D. melanogaster
Q9VTA1	3	U-03	melanogaster	D. melanogaster
Q9VTA5	1	U-01	melanogaster	D. melanogaster
Q9VTA7	1	U-01	melanogaster	D. melanogaster
Q9VTA8	1	U-01	melanogaster	D. melanogaster
Q9VTB0	1	U-01	melanogaster	D. melanogaster
Q9VTC3	1	U-01	melanogaster	D. melanogaster
Q9VTD2	1	U-01	melanogaster	D. melanogaster
Q9VTE7	1	U-01	melanogaster	D. melanogaster
Q9VTF1	0	unassigned	melanogaster	D. melanogaster
Q9VTF2	0	unassigned	melanogaster	D. melanogaster
Q9VTF3	0	unassigned	melanogaster	D. melanogaster
Q9VTH2	1	U-01	melanogaster	D. melanogaster
Q9VTH5	1	U-01	melanogaster	D. melanogaster
Q9VTH9	1	U-01	melanogaster	D. melanogaster
Q9VTI2	2	U-02	melanogaster	D. melanogaster
Q9VTJ5	1	U-01	melanogaster	D. melanogaster
Q9VTK5	1	U-01	melanogaster	D. melanogaster
Q9VTM1	1	U-01	melanogaster	D. melanogaster
Q9VTM7	2	U-02	melanogaster	D. melanogaster
Q9VTN4	1	U-01	melanogaster	D. melanogaster
Q9VTP8	1	U-01	melanogaster	D. melanogaster
Q9VTQ2	1	U-01	melanogaster	D. melanogaster
