id	cluster_id	cluster_name	select	label
A0AB39ZQD3	1	U-01	suzukii	D. suzukii
A0AB39ZQD6	0	unassigned	suzukii	D. suzukii
A0AB39ZQE4	1	U-01	suzukii	D. suzukii
A0AB39ZQF2	1	U-01	suzukii	D. suzukii
A0AB39ZQI9	1	U-01	suzukii	D. suzukii
A0AB39ZQJ3	1	U-01	suzukii	D. suzukii
A0AB39ZQK1	1	U-01	suzukii	D. suzukii
A0AB39ZQM3	1	U-01	suzukii	D. suzukii
A0AB39ZQQ5	1	U-01	suzukii	D. suzukii
A0AB39ZQT7	2	U-02	suzukii	D. suzukii
A0AB39ZQU1	1	U-01	suzukii	D. suzukii
A0AB39ZQU8	1	U-01	suzukii	D. suzukii
A0AB39ZQX1	1	U-01	suzukii	D. suzukii
A0AB39ZQX2	1	U-01	suzukii	D. suzukii
A0AB39ZQY1	1	U-01	suzukii	D. suzukii
A0AB39ZR18	1	U-01	suzukii	D. suzukii
A0AB39ZR39	1	U-01	suzukii	D. suzukii
A0AB39ZR47	3	U-03	suzukii	D. suzukii
A0AB39ZR54	1	U-01	suzukii	D. suzukii
A0AB39ZR71	2	U-02	suzukii	D. suzukii
A0AB39ZRC1	1	U-01	suzukii	D. suzukii
A0AB39ZRK6	1	U-01	suzukii	D. suzukii
A0AB39ZRW1	2	U-02	suzukii	D. suzukii
A0AB39ZS43	2	U-02	suzukii	D. suzukii
A0AB39ZS57	1	U-01	suzukii	D. suzukii
A0AB39ZS65	0	unassigned	suzukii	D. suzukii
A0AB39ZS83	1	U-01	suzukii	D. suzukii
A0AB39ZS87	1	U-01	suzukii	D. suzukii
A0AB39ZSB3	1	U-01	suzukii	D. suzukii
A0AB39ZSG8	1	U-01	suzukii	D. suzukii
A0AB39ZSG9	1	U-01	suzukii	D. suzukii
A0AB39ZSI2	1	U-01	suzukii	D. suzukii
A0AB39ZSI6	1	U-01	suzukii	D. suzukii
A0AB39ZSK1	1	U-01	suzukii	D. suzukii
A0AB39ZSK2	1	U-01	suzukii	D. suzukii
A0AB39ZSK4	1	U-01	suzukii	D. suzukii
A0AB39ZSL9	1	U-01	suzukii	D. suzukii
A0AB39ZSP6	1	U-01	suzukii	D. suzukii
A0AB39ZSQ3	2	U-02	suzukii	D. suzukii
A0AB39ZSR8	1	U-01	suzukii	D. suzukii
A0AB39ZSS8	1	U-01	suzukii	D. suzukii
A0AB39ZST9	0	unassigned	suzukii	D. suzukii
A0AB39ZSU6	0	unassigned	suzukii	D. suzukii
A0AB39ZSZ1	0	unassigned	suzukii	D. suzukii
A0AB39ZSZ4	1	U-01	suzukii	D. suzukii
A0AB39ZT16	1	U-01	suzukii	D. suzukii
A0AB39ZT33	0	unassigned	suzukii	D. suzukii
A0AB39ZT79	1	U-01	suzukii	D. suzukii
A0AB39ZTJ7	1	U-01	suzukii	D. suzukii
A0AB39ZTP2	1	U-01	suzukii	D. suzukii
A0AB39ZTQ3	1	U-01	suzukii	D. suzukii
A0AB39ZTR5	1	U-01	suzukii	D. suzukii
A0AB39ZTW6	2	U-02	suzukii	D. suzukii
A0AB39ZTY6	1	U-01	suzukii	D. suzukii
A0AB39ZU00	1	U-01	suzukii	D. suzukii
A0AB39ZU28	2	U-02	suzukii	D. suzukii
A0AB39ZU42	1	U-01	suzukii	D. suzukii
A0AB39ZU51	3	U-03	suzukii	D. suzukii
A0AB39ZU57	3	U-03	suzukii	D. suzukii
A0AB39ZU58	2	U-02	suzukii	D. suzukii
A0AB39ZU66	3	U-03	suzukii	D. suzukii
A0AB39ZU68	1	U-01	suzukii	D. suzukii
A0AB39ZU72	1	U-01	suzukii	D. suzukii
A0AB39ZU73	1	U-01	suzukii	D. suzukii
A0AB39ZU80	2	U-02	suzukii	D. suzukii
A0AB39ZU83	2	U-02	suzukii	D. suzukii
A0AB39ZU85	2	U-02	suzukii	D. suzukii
A0AB39ZU86	2	U-02	suzukii	D. suzukii
A0AB39ZU90	1	U-01	suzukii	D. suzukii
A0AB39ZUA7	3	U-03	suzukii	D. suzukii
A0AB39ZUB7	1	U-01	suzukii	D. suzukii
A0AB39ZUC0	1	U-01	suzukii	D. suzukii
A0AB39ZUC4	2	U-02	suzukii	D. suzukii
A0AB39ZUD5	2	U-02	suzukii	D. suzukii
A0AB39ZUD7	3	U-03	suzukii	D. suzukii
A0AB39ZUE0	2	U-02	suzukii	D. suzukii
A0AB39ZUE3	3	U-03	suzukii	D. suzukii
A0AB39ZUE6	2	U-02	suzukii	D. suzukii
A0AB39ZUE7	2	U-02	suzukii	D. suzukii
A0AB39ZUF9	1	U-01	suzukii	D. suzukii
A0AB39ZUI1	2	U-02	suzukii	D. suzukii
A0AB39ZUJ8	2	U-02	suzukii	D. suzukii
A0AB39ZUK4	1	U-01	suzukii	D. suzukii
A0AB39ZUK6	1	U-01	suzukii	D. suzukii
A0AB39ZUL2	1	U-01	suzukii	D. suzukii
A0AB39ZUL4	3	U-03	suzukii	D. suzukii
A0AB39ZUL5	0	unassigned	suzukii	D. suzukii
A0AB40A5U9	1	U-01	suzukii	D. suzukii
A0AB40A5V4	1	U-01	suzukii	D. suzukii
A0AB40A5V5	1	U-01	suzukii	D. suzukii
A0AB40A5W2	0	unassigned	suzukii	D. suzukii
A0AB40A5X3	0	unassigned	suzukii	D. suzukii
A0AB40A5X7	1	U-01	suzukii	D. suzukii
A0AB40A5Y0	1	U-01	suzukii	D. suzukii
A0AB40A5Y5	1	U-01	suzukii	D. suzukii
A0AB40A5Z2	2	U-02	suzukii	D. suzukii
A0AB40A606	0	unassigned	suzukii	D. suzukii
A0AB40A613	1	U-01	suzukii	D. suzukii
A0AB40A614	3	U-03	suzukii	D. suzukii
A0AB40A631	0	unassigned	suzukii	D. suzukii
A0AB39Z9S0	0	unassigned	suzukii	D. suzukii
A0AB39Z9S4	1	U-01	suzukii	D. suzukii
A0AB39Z9S9	1	U-01	suzukii	D. suzukii
A0AB39Z9T4	3	U-03	suzukii	D. suzukii
A0AB39Z9T5	0	unassigned	suzukii	D. suzukii
A0AB39Z9T7	1	U-01	suzukii	D. suzukii
A0AB39Z9U2	1	U-01	suzukii	D. suzukii
A0AB39Z9U5	1	U-01	suzukii	D. suzukii
A0AB39Z9U6	2	U-02	suzukii	D. suzukii
A0AB39Z9U7	1	U-01	suzukii	D. suzukii
A0AB39Z9U8	2	U-02	suzukii	D. suzukii
A0AB39Z9U9	2	U-02	suzukii	D. suzukii
A0AB39Z9V0	0	unassigned	suzukii	D. suzukii
A0AB39Z9V1	0	unassigned	suzukii	D. suzukii
A0AB39Z9V5	1	U-01	suzukii	D. suzukii
A0AB39Z9W3	3	U-03	suzukii	D. suzukii
A0AB39Z9W6	0	unassigned	suzukii	D. suzukii
A0AB39Z9W8	1	U-01	suzukii	D. suzukii
A0AB39Z9W9	1	U-01	suzukii	D. suzukii
A0AB39Z9X3	1	U-01	suzukii	D. suzukii
A0AB39Z9X5	1	U-01	suzukii	D. suzukii
A0AB39Z9Y1	0	unassigned	suzukii	D. suzukii
A0AB39Z9Y2	0	unassigned	suzukii	D. suzukii
A0AB39Z9Y7	1	U-01	suzukii	D. suzukii
A0AB39Z9Z1	1	U-01	suzukii	D. suzukii
A0AB39Z9Z3	3	U-03	suzukii	D. suzukii
A0AB39Z9Z7	1	U-01	suzukii	D. suzukii
A0AB39Z9Z8	3	U-03	suzukii	D. suzukii
A0AB39Z9Z9	2	U-02	suzukii	D. suzukii
A0AB39ZA02	1	U-01	suzukii	D. suzukii
A0AB39ZA10	1	U-01	suzukii	D. suzukii
A0AB39ZA12	1	U-01	suzukii	D. suzukii
A0AB39ZA13	1	U-01	suzukii	D. suzukii
A0AB39ZA14	0	unassigned	suzukii	D. suzukii
A0AB39ZA19	2	U-02	suzukii	D. suzukii
A0AB39ZA20	1	U-01	suzukii	D. suzukii
A0AB39ZA22	1	U-01	suzukii	D. suzukii
A0AB39ZA25	2	U-02	suzukii	D. suzukii
A0AB39ZA28	1	U-01	suzukii	D. suzukii
A0AB39ZA29	2	U-02	suzukii	D. suzukii
A0AB39ZA33	1	U-01	suzukii	D. suzukii
A0AB39ZA38	2	U-02	suzukii	D. suzukii
A0AB39ZA39	1	U-01	suzukii	D. suzukii
A0AB39ZA42	1	U-01	suzukii	D. suzukii
A0AB39ZA44	1	U-01	suzukii	D. suzukii
A0AB39ZA51	2	U-02	suzukii	D. suzukii
A0AB39ZA67	2	U-02	suzukii	D. suzukii
A0AB39ZA71	2	U-02	suzukii	D. suzukii
A0AB39ZA72	1	U-01	suzukii	D. suzukii
A0AB39ZA73	1	U-01	suzukii	D. suzukii
A0AB39ZA77	3	U-03	suzukii	D. suzukii
A0AB39ZA78	1	U-01	suzukii	D. suzukii
A0AB39ZA79	1	U-01	suzukii	D. suzukii
A0AB39ZA80	2	U-02	suzukii	D. suzukii
A0AB39ZA82	1	U-01	suzukii	D. suzukii
A0AB39ZA90	1	U-01	suzukii	D. suzukii
A0AB39ZA91	1	U-01	suzukii	D. suzukii
A0AB39ZAA1	1	U-01	suzukii	D. suzukii
A0AB39ZAA5	1	U-01	suzukii	D. suzukii
A0AB39ZAA6	1	U-01	suzukii	D. suzukii
A0AB39ZAA7	1	U-01	suzukii	D. suzukii
A0AB39ZAA8	1	U-01	suzukii	D. suzukii
A0AB39ZAA9	1	U-01	suzukii	D. suzukii
A0AB39ZAB2	3	U-03	suzukii	D. suzukii
A0AB39ZAB4	2	U-02	suzukii	D. suzukii
A0AB39ZAB5	3	U-03	suzukii	D. suzukii
A0AB39ZAC6	2	U-02	suzukii	D. suzukii
A0AB39ZAC7	1	U-01	suzukii	D. suzukii
A0AB39ZAC8	2	U-02	suzukii	D. suzukii
A0AB39ZAC9	3	U-03	suzukii	D. suzukii
A0AB39ZER8	2	U-02	suzukii	D. suzukii
A0AB39ZES5	3	U-03	suzukii	D. suzukii
A0AB39ZES6	2	U-02	suzukii	D. suzukii
A0AB39ZES8	0	unassigned	suzukii	D. suzukii
A0AB39ZET3	1	U-01	suzukii	D. suzukii
A0AB39ZET5	1	U-01	suzukii	D. suzukii
A0AB39ZET8	1	U-01	suzukii	D. suzukii
A0AB39ZEU2	1	U-01	suzukii	D. suzukii
A0AB39ZEU3	1	U-01	suzukii	D. suzukii
A0AB39ZEU9	1	U-01	suzukii	D. suzukii
A0AB39ZEV2	1	U-01	suzukii	D. suzukii
A0AB39ZEV3	1	U-01	suzukii	D. suzukii
A0AB39ZEV4	1	U-01	suzukii	D. suzukii
A0AB39ZEV6	1	U-01	suzukii	D. suzukii
A0AB39ZEV8	1	U-01	suzukii	D. suzukii
A0AB39ZEW1	0	unassigned	suzukii	D. suzukii
A0AB39ZEW3	1	U-01	suzukii	D. suzukii
A0AB39ZEW4	1	U-01	suzukii	D. suzukii
A0AB39ZEW5	1	U-01	suzukii	D. suzukii
A0AB39ZEW7	1	U-01	suzukii	D. suzukii
A0AB39ZEW9	1	U-01	suzukii	D. suzukii
A0AB39ZEX1	1	U-01	suzukii	D. suzukii
A0AB39ZEX2	0	unassigned	suzukii	D. suzukii
A0AB39ZEX3	1	U-01	suzukii	D. suzukii
A0AB39ZEX4	1	U-01	suzukii	D. suzukii
A0AB39ZEX7	1	U-01	suzukii	D. suzukii
A0AB39ZEX8	0	unassigned	suzukii	D. suzukii
A0AB39ZEY4	0	unassigned	suzukii	D. suzukii
A0AB39ZEY7	1	U-01	suzukii	D. suzukii
A0AB39ZEZ4	1	U-01	suzukii	D. suzukii
A0AB39ZWR4	0	unassigned	suzukii	D. suzukii
A0AB39ZWR5	2	U-02	suzukii	D. suzukii
A0AB39ZWS6	1	U-01	suzukii	D. suzukii
A0AB39ZWS9	1	U-01	suzukii	D. suzukii
A0AB39ZWT0	1	U-01	suzukii	D. suzukii
A0AB39ZWT1	1	U-01	suzukii	D. suzukii
A0AB39ZWT2	1	U-01	suzukii	D. suzukii
A0AB39ZWT3	2	U-02	suzukii	D. suzukii
A0AB39ZWT5	1	U-01	suzukii	D. suzukii
A0AB39ZWU0	2	U-02	suzukii	D. suzukii
A0AB39ZWU1	1	U-01	suzukii	D. suzukii
A0AB39ZWU2	1	U-01	suzukii	D. suzukii
A0AB39ZWU5	1	U-01	suzukii	D. suzukii
A0AB39ZWU6	1	U-01	suzukii	D. suzukii
A0AB39ZWU7	2	U-02	suzukii	D. suzukii
A0AB39ZWV0	1	U-01	suzukii	D. suzukii
A0AB39ZWV2	2	U-02	suzukii	D. suzukii
A0AB39ZWV4	1	U-01	suzukii	D. suzukii
A0AB39ZWV5	2	U-02	suzukii	D. suzukii
A0AB39ZWV9	1	U-01	suzukii	D. suzukii
A0AB39ZWW0	3	U-03	suzukii	D. suzukii
A0AB39ZWW1	1	U-01	suzukii	D. suzukii
A0AB39ZWW2	3	U-03	suzukii	D. suzukii
A0AB39ZWW5	1	U-01	suzukii	D. suzukii
A0AB39ZWW6	0	unassigned	suzukii	D. suzukii
A0AB39ZWW9	1	U-01	suzukii	D. suzukii
A0AB39ZWX0	1	U-01	suzukii	D. suzukii
A0AB39ZWX3	1	U-01	suzukii	D. suzukii
A0AB39ZWX6	1	U-01	suzukii	D. suzukii
A0AB39ZWX7	1	U-01	suzukii	D. suzukii
A0AB39ZWY0	1	U-01	suzukii	D. suzukii
A0AB39ZWY3	1	U-01	suzukii	D. suzukii
A0AB39ZWZ4	2	U-02	suzukii	D. suzukii
A0AB39ZWZ5	3	U-03	suzukii	D. suzukii
A0AB39ZWZ7	1	U-01	suzukii	D. suzukii
A0AB39ZWZ8	1	U-01	suzukii	D. suzukii
A0AB39ZX01	1	U-01	suzukii	D. suzukii
A0AB39ZX03	2	U-02	suzukii	D. suzukii
A0AB39ZX04	1	U-01	suzukii	D. suzukii
A0AB39ZX08	1	U-01	suzukii	D. suzukii
A0AB39ZX09	1	U-01	suzukii	D. suzukii
A0AB39ZX13	3	U-03	suzukii	D. suzukii
A0AB39ZX17	3	U-03	suzukii	D. suzukii
A0AB39ZX20	1	U-01	suzukii	D. suzukii
A0AB39ZX23	1	U-01	suzukii	D. suzukii
A0AB39ZX24	2	U-02	suzukii	D. suzukii
A0AB39ZX25	1	U-01	suzukii	D. suzukii
A0AB39ZX26	1	U-01	suzukii	D. suzukii
A0AB39ZX29	2	U-02	suzukii	D. suzukii
A0AB39ZX31	1	U-01	suzukii	D. suzukii
A0AB39ZX33	1	U-01	suzukii	D. suzukii
A0AB39ZX40	1	U-01	suzukii	D. suzukii
A0AB39ZX44	1	U-01	suzukii	D. suzukii
A0AB39ZX45	1	U-01	suzukii	D. suzukii
A0AB40A0C9	1	U-01	suzukii	D. suzukii
A0AB40A0D6	1	U-01	suzukii	D. suzukii
A0AB40A0D7	0	unassigned	suzukii	D. suzukii
A0AB40A0F4	3	U-03	suzukii	D. suzukii
A0AB40A0F5	0	unassigned	suzukii	D. suzukii
A0AB40A0F7	0	unassigned	suzukii	D. suzukii
A0AB40A0G2	2	U-02	suzukii	D. suzukii
A0AB40A0G3	1	U-01	suzukii	D. suzukii
A0AB40A0G9	0	unassigned	suzukii	D. suzukii
A0AB40A0H0	2	U-02	suzukii	D. suzukii
A0AB40A0H1	2	U-02	suzukii	D. suzukii
A0AB40A0H3	0	unassigned	suzukii	D. suzukii
A0AB40A0H5	1	U-01	suzukii	D. suzukii
A0AB40A0I4	1	U-01	suzukii	D. suzukii
A0AB40A0I6	0	unassigned	suzukii	D. suzukii
A0AB40A0I8	1	U-01	suzukii	D. suzukii
A0AB40A0J1	0	unassigned	suzukii	D. suzukii
A0AB40A0J4	0	unassigned	suzukii	D. suzukii
A0AB40A0J6	0	unassigned	suzukii	D. suzukii
A0AB40A0J7	0	unassigned	suzukii	D. suzukii
A0AB40A0J8	0	unassigned	suzukii	D. suzukii
A0AB40A0K0	1	U-01	suzukii	D. suzukii
A0AB40A0K2	0	unassigned	suzukii	D. suzukii
A0AB40A0K5	1	U-01	suzukii	D. suzukii
A0AB40A0L1	1	U-01	suzukii	D. suzukii
A0AB40A0L4	0	unassigned	suzukii	D. suzukii
A0AB40A0L6	0	unassigned	suzukii	D. suzukii
A0AB40A0L7	0	unassigned	suzukii	D. suzukii
A0AB40A0M1	1	U-01	suzukii	D. suzukii
A0AB40A0M3	2	U-02	suzukii	D. suzukii
A0AB40A0M5	1	U-01	suzukii	D. suzukii
A0AB40A0M6	1	U-01	suzukii	D. suzukii
A0AB40A0M7	1	U-01	suzukii	D. suzukii
A0AB40A0M9	2	U-02	suzukii	D. suzukii
A0AB40A0N2	1	U-01	suzukii	D. suzukii
A0AB40A0N3	1	U-01	suzukii	D. suzukii
A0AB40A0N4	2	U-02	suzukii	D. suzukii
A0AB40A0N5	0	unassigned	suzukii	D. suzukii
A0AB40A0N7	0	unassigned	suzukii	D. suzukii
A0AB40A0N8	1	U-01	suzukii	D. suzukii
A0AB40A0P0	1	U-01	suzukii	D. suzukii
A0AB40A0P5	0	unassigned	suzukii	D. suzukii
A0AB40A0P7	1	U-01	suzukii	D. suzukii
A0AB40A0Q0	2	U-02	suzukii	D. suzukii
A0AB40A0Q1	2	U-02	suzukii	D. suzukii
A0AB40A0R0	1	U-01	suzukii	D. suzukii
A0ABM4TRA8	0	unassigned	suzukii	D. suzukii
A0ABM4TRB1	0	unassigned	suzukii	D. suzukii
A0ABM4TRB2	0	unassigned	suzukii	D. suzukii
A0ABM4TRB3	0	unassigned	suzukii	D. suzukii
A0ABM4TRB6	0	unassigned	suzukii	D. suzukii
A0ABM4TRB8	0	unassigned	suzukii	D. suzukii
A0ABM4TRC0	0	unassigned	suzukii	D. suzukii
A0ABM4TRD1	1	U-01	suzukii	D. suzukii
A0ABM4TRD4	0	unassigned	suzukii	D. suzukii
A0ABM4TRD5	1	U-01	suzukii	D. suzukii
A0ABM4TRE8	1	U-01	suzukii	D. suzukii
A0ABM4TRF2	1	U-01	suzukii	D. suzukii
A0ABM4TRF5	2	U-02	suzukii	D. suzukii
A0ABM4TRF6	2	U-02	suzukii	D. suzukii
A0ABM4TRF9	1	U-01	suzukii	D. suzukii
A0ABM4TRG0	0	unassigned	suzukii	D. suzukii
A0ABM4TRG2	1	U-01	suzukii	D. suzukii
A0ABM4TRG6	0	unassigned	suzukii	D. suzukii
A0ABM4TRH4	1	U-01	suzukii	D. suzukii
A0ABM4TRI0	3	U-03	suzukii	D. suzukii
A0ABM4TRI4	1	U-01	suzukii	D. suzukii
A0ABM4TRI6	2	U-02	suzukii	D. suzukii
A0ABM4TRI8	1	U-01	suzukii	D. suzukii
A0ABM4TRI9	1	U-01	suzukii	D. suzukii
A0ABM4TRJ1	2	U-02	suzukii	D. suzukii
A0ABM4TRJ6	1	U-01	suzukii	D. suzukii
A0AB39YW47	2	U-02	suzukii	D. suzukii
A0AB39YW48	1	U-01	suzukii	D. suzukii
A0AB39YW50	1	U-01	suzukii	D. suzukii
A0AB39YW51	0	unassigned	suzukii	D. suzukii
A0AB39YW52	1	U-01	suzukii	D. suzukii
A0AB39YW54	1	U-01	suzukii	D. suzukii
A0AB39YW55	1	U-01	suzukii	D. suzukii
A0AB39YW56	2	U-02	suzukii	D. suzukii
A0AB39YW57	1	U-01	suzukii	D. suzukii
A0AB39YW60	1	U-01	suzukii	D. suzukii
A0AB39YW61	1	U-01	suzukii	D. suzukii
A0AB39YW63	1	U-01	suzukii	D. suzukii
A0AB39YW64	1	U-01	suzukii	D. suzukii
A0AB39YW66	1	U-01	suzukii	D. suzukii
A0AB39YW67	2	U-02	suzukii	D. suzukii
A0AB39YW68	1	U-01	suzukii	D. suzukii
A0AB39YW72	1	U-01	suzukii	D. suzukii
A0AB39YW75	1	U-01	suzukii	D. suzukii
A0AB39YW76	0	unassigned	suzukii	D. suzukii
A0AB39YW77	1	U-01	suzukii	D. suzukii
A0AB39YW78	1	U-01	suzukii	D. suzukii
A0AB39YW79	1	U-01	suzukii	D. suzukii
A0AB39YW80	1	U-01	suzukii	D. suzukii
A0AB39YW81	1	U-01	suzukii	D. suzukii
A0AB39YW82	1	U-01	suzukii	D. suzukii
A0AB39YW84	0	unassigned	suzukii	D. suzukii
A0AB39YW86	1	U-01	suzukii	D. suzukii
A0AB39YW88	1	U-01	suzukii	D. suzukii
A0AB39YW89	1	U-01	suzukii	D. suzukii
A0AB39YW91	1	U-01	suzukii	D. suzukii
A0AB39YW92	1	U-01	suzukii	D. suzukii
A0AB39YW94	3	U-03	suzukii	D. suzukii
A0AB39YW95	1	U-01	suzukii	D. suzukii
A0AB39YW96	1	U-01	suzukii	D. suzukii
A0AB39YW97	1	U-01	suzukii	D. suzukii
A0AB39YW98	1	U-01	suzukii	D. suzukii
A0AB39YW99	1	U-01	suzukii	D. suzukii
A0AB39YWA0	1	U-01	suzukii	D. suzukii
A0AB39YWA4	1	U-01	suzukii	D. suzukii
A0AB39YWA5	1	U-01	suzukii	D. suzukii
A0AB39YWB1	0	unassigned	suzukii	D. suzukii
A0AB39YWB2	1	U-01	suzukii	D. suzukii
A0AB39YWB3	2	U-02	suzukii	D. suzukii
A0AB39YWB4	2	U-02	suzukii	D. suzukii
A0AB39YWB7	1	U-01	suzukii	D. suzukii
A0AB39YWB9	1	U-01	suzukii	D. suzukii
A0AB39YWC1	1	U-01	suzukii	D. suzukii
A0AB39YWC4	1	U-01	suzukii	D. suzukii
A0AB39YWC9	1	U-01	suzukii	D. suzukii
A0AB39YWD1	3	U-03	suzukii	D. suzukii
A0AB39YWD4	1	U-01	suzukii	D. suzukii
A0AB39YWD5	3	U-03	suzukii	D. suzukii
A0AB39YWD6	1	U-01	suzukii	D. suzukii
A0AB39YWD8	3	U-03	suzukii	D. suzukii
A0AB39YWD9	1	U-01	suzukii	D. suzukii
A0AB39YWE3	3	U-03	suzukii	D. suzukii
A0AB39YWE5	1	U-01	suzukii	D. suzukii
A0AB39YWE7	1	U-01	suzukii	D. suzukii
A0AB39YWE8	1	U-01	suzukii	D. suzukii
A0AB39YWE9	1	U-01	suzukii	D. suzukii
A0AB39YWF1	1	U-01	suzukii	D. suzukii
A0AB39YWF2	2	U-02	suzukii	D. suzukii
A0AB39YWF3	1	U-01	suzukii	D. suzukii
A0AB39YWF7	0	unassigned	suzukii	D. suzukii
A0AB39YWF8	1	U-01	suzukii	D. suzukii
A0AB39YWF9	1	U-01	suzukii	D. suzukii
A0AB39YWG2	1	U-01	suzukii	D. suzukii
A0AB39YWG3	1	U-01	suzukii	D. suzukii
A0AB39YWG4	3	U-03	suzukii	D. suzukii
A0AB39YWG5	1	U-01	suzukii	D. suzukii
A0AB39YWG7	1	U-01	suzukii	D. suzukii
A0AB39YWG8	1	U-01	suzukii	D. suzukii
A0AB39YWG9	1	U-01	suzukii	D. suzukii
A0AB39YWH3	1	U-01	suzukii	D. suzukii
A0AB39ZI61	1	U-01	suzukii	D. suzukii
A0AB39ZI63	1	U-01	suzukii	D. suzukii
A0AB39ZI64	1	U-01	suzukii	D. suzukii
A0AB39ZI65	3	U-03	suzukii	D. suzukii
A0AB39ZI66	3	U-03	suzukii	D. suzukii
A0AB39ZI69	1	U-01	suzukii	D. suzukii
A0AB39ZI70	2	U-02	suzukii	D. suzukii
A0AB39ZI71	3	U-03	suzukii	D. suzukii
A0AB39ZI72	1	U-01	suzukii	D. suzukii
A0AB39ZI73	2	U-02	suzukii	D. suzukii
A0AB39ZI74	1	U-01	suzukii	D. suzukii
A0AB39ZKK3	1	U-01	suzukii	D. suzukii
A0AB39ZKK4	1	U-01	suzukii	D. suzukii
A0AB39ZKK5	0	unassigned	suzukii	D. suzukii
A0AB39ZKL3	1	U-01	suzukii	D. suzukii
A0AB39ZKL4	1	U-01	suzukii	D. suzukii
A0AB39ZKL5	1	U-01	suzukii	D. suzukii
A0AB39ZKL7	1	U-01	suzukii	D. suzukii
A0AB39ZKL8	1	U-01	suzukii	D. suzukii
A0AB39ZKM5	1	U-01	suzukii	D. suzukii
A0AB39ZKM6	1	U-01	suzukii	D. suzukii
A0AB39ZKM9	1	U-01	suzukii	D. suzukii
A0AB39ZKN0	1	U-01	suzukii	D. suzukii
A0AB39ZKN1	1	U-01	suzukii	D. suzukii
A0AB39ZKN4	1	U-01	suzukii	D. suzukii
A0AB39ZKN7	3	U-03	suzukii	D. suzukii
A0AB39ZKN9	1	U-01	suzukii	D. suzukii
A0AB39ZKP1	1	U-01	suzukii	D. suzukii
A0AB39ZKP2	1	U-01	suzukii	D. suzukii
A0AB39ZKP5	1	U-01	suzukii	D. suzukii
A0AB39ZKP9	1	U-01	suzukii	D. suzukii
A0AB39ZKQ0	0	unassigned	suzukii	D. suzukii
A0AB39ZKQ5	1	U-01	suzukii	D. suzukii
A0AB39ZKQ7	2	U-02	suzukii	D. suzukii
A0AB39ZKR2	0	unassigned	suzukii	D. suzukii
A0AB39ZKR3	1	U-01	suzukii	D. suzukii
A0AB39ZKR5	1	U-01	suzukii	D. suzukii
A0AB39ZKR7	1	U-01	suzukii	D. suzukii
A0AB39ZKR8	1	U-01	suzukii	D. suzukii
A0AB39ZKR9	1	U-01	suzukii	D. suzukii
A0AB39ZKS0	1	U-01	suzukii	D. suzukii
A0AB39ZKS1	0	unassigned	suzukii	D. suzukii
A0AB39ZKS3	1	U-01	suzukii	D. suzukii
A0AB39ZKS6	1	U-01	suzukii	D. suzukii
A0AB39ZKS9	0	unassigned	suzukii	D. suzukii
A0AB39ZKT1	1	U-01	suzukii	D. suzukii
A0AB39ZKT2	1	U-01	suzukii	D. suzukii
A0AB39ZKT5	1	U-01	suzukii	D. suzukii
A0AB39ZKT8	0	unassigned	suzukii	D. suzukii
A0AB39ZKU0	1	U-01	suzukii	D. suzukii
A0AB39ZKU1	1	U-01	suzukii	D. suzukii
A0AB39ZKU2	0	unassigned	suzukii	D. suzukii
A0AB39ZKU3	1	U-01	suzukii	D. suzukii
A0AB39ZKU4	1	U-01	suzukii	D. suzukii
A0AB39ZKU5	1	U-01	suzukii	D. suzukii
A0AB39ZKU7	1	U-01	suzukii	D. suzukii
A0AB39ZKV2	1	U-01	suzukii	D. suzukii
A0AB39ZKV8	2	U-02	suzukii	D. suzukii
A0AB39ZKV9	0	unassigned	suzukii	D. suzukii
A0AB39ZKW0	1	U-01	suzukii	D. suzukii
A0AB39ZKW2	1	U-01	suzukii	D. suzukii
A0AB39ZKW3	3	U-03	suzukii	D. suzukii
A0AB39ZKW8	1	U-01	suzukii	D. suzukii
A0AB39ZKX0	0	unassigned	suzukii	D. suzukii
A0AB39ZKX1	1	U-01	suzukii	D. suzukii
A0AB39ZKX2	0	unassigned	suzukii	D. suzukii
A0AB39ZKX6	1	U-01	suzukii	D. suzukii
A0AB39ZKY0	1	U-01	suzukii	D. suzukii
A0AB39ZKY1	0	unassigned	suzukii	D. suzukii
A0AB39ZKY3	2	U-02	suzukii	D. suzukii
A0AB39ZKY5	2	U-02	suzukii	D. suzukii
A0AB39ZKY7	2	U-02	suzukii	D. suzukii
A0AB39ZKY8	1	U-01	suzukii	D. suzukii
A0AB39ZKZ5	1	U-01	suzukii	D. suzukii
A0AB39ZKZ7	2	U-02	suzukii	D. suzukii
A0AB39ZL00	0	unassigned	suzukii	D. suzukii
A0AB39ZL01	1	U-01	suzukii	D. suzukii
A0AB39ZL02	1	U-01	suzukii	D. suzukii
A0AB39ZL03	2	U-02	suzukii	D. suzukii
A0AB39ZL05	1	U-01	suzukii	D. suzukii
A0AB39ZL08	0	unassigned	suzukii	D. suzukii
A0AB39ZL09	1	U-01	suzukii	D. suzukii
A0AB39ZL10	2	U-02	suzukii	D. suzukii
A0AB39ZL11	0	unassigned	suzukii	D. suzukii
A0AB39ZL13	1	U-01	suzukii	D. suzukii
A0AB39ZL14	1	U-01	suzukii	D. suzukii
A0AB39ZL15	2	U-02	suzukii	D. suzukii
A0AB39ZL18	0	unassigned	suzukii	D. suzukii
A0AB39ZL19	0	unassigned	suzukii	D. suzukii
A0AB39ZL20	0	unassigned	suzukii	D. suzukii
A0AB39ZL22	1	U-01	suzukii	D. suzukii
A0AB39ZL23	1	U-01	suzukii	D. suzukii
A0AB39ZL26	1	U-01	suzukii	D. suzukii
A0AB39ZL27	1	U-01	suzukii	D. suzukii
A0AB39ZL28	1	U-01	suzukii	D. suzukii
A0AB39ZL30	1	U-01	suzukii	D. suzukii
A0AB39ZL31	2	U-02	suzukii	D. suzukii
A0AB39ZL32	0	unassigned	suzukii	D. suzukii
A0AB39ZL35	1	U-01	suzukii	D. suzukii
A0AB39ZL37	1	U-01	suzukii	D. suzukii
A0AB40A604	1	U-01	suzukii	D. suzukii
A0AB40A605	3	U-03	suzukii	D. suzukii
A0AB40A607	1	U-01	suzukii	D. suzukii
A0AB40A609	1	U-01	suzukii	D. suzukii
A0AB40A612	3	U-03	suzukii	D. suzukii
A0AB40A618	3	U-03	suzukii	D. suzukii
A0AB40A622	3	U-03	suzukii	D. suzukii
A0AB40A624	0	unassigned	suzukii	D. suzukii
A0AB40A626	1	U-01	suzukii	D. suzukii
A0AB40A627	1	U-01	suzukii	D. suzukii
A0AB40A628	1	U-01	suzukii	D. suzukii
A0AB40A633	3	U-03	suzukii	D. suzukii
A0AB40A636	1	U-01	suzukii	D. suzukii
A0AB40A642	1	U-01	suzukii	D. suzukii
A0AB40A644	1	U-01	suzukii	D. suzukii
A0AB40A645	1	U-01	suzukii	D. suzukii
A0AB40A647	3	U-03	suzukii	D. suzukii
A0AB40A652	1	U-01	suzukii	D. suzukii
A0AB40A653	0	unassigned	suzukii	D. suzukii
A0AB40A663	1	U-01	suzukii	D. suzukii
A0AB40A668	1	U-01	suzukii	D. suzukii
A0AB40A669	1	U-01	suzukii	D. suzukii
A0AB40A676	1	U-01	suzukii	D. suzukii
A0AB40A680	1	U-01	suzukii	D. suzukii
A0AB40A682	2	U-02	suzukii	D. suzukii
A0AB40A683	1	U-01	suzukii	D. suzukii
A0AB40A686	1	U-01	suzukii	D. suzukii
A0AB40A689	1	U-01	suzukii	D. suzukii
A0AB40A691	1	U-01	suzukii	D. suzukii
A0AB40A693	1	U-01	suzukii	D. suzukii
A0AB40A694	1	U-01	suzukii	D. suzukii
A0AB40A695	1	U-01	suzukii	D. suzukii
A0AB40A697	1	U-01	suzukii	D. suzukii
A0AB40A6A0	1	U-01	suzukii	D. suzukii
A0AB40A6A3	1	U-01	suzukii	D. suzukii
A0AB40A6A6	0	unassigned	suzukii	D. suzukii
A0AB40A6A7	1	U-01	suzukii	D. suzukii
A0AB40A6A8	1	U-01	suzukii	D. suzukii
A0AB40A6A9	1	U-01	suzukii	D. suzukii
A0AB40A6B1	1	U-01	suzukii	D. suzukii
A0AB40A6B4	1	U-01	suzukii	D. suzukii
A0AB40A6C2	1	U-01	suzukii	D. suzukii
A0AB40A6C7	1	U-01	suzukii	D. suzukii
A0AB40A6C8	1	U-01	suzukii	D. suzukii
A0AB40A6C9	1	U-01	suzukii	D. suzukii
A0AB40A6D3	2	U-02	suzukii	D. suzukii
A0AB40A6D7	1	U-01	suzukii	D. suzukii
A0AB40A6D9	0	unassigned	suzukii	D. suzukii
A0AB40A6E1	3	U-03	suzukii	D. suzukii
A0AB40A6E7	1	U-01	suzukii	D. suzukii
A0AB40A6F0	0	unassigned	suzukii	D. suzukii
A0AB40A6F1	2	U-02	suzukii	D. suzukii
A0AB40A6F4	1	U-01	suzukii	D. suzukii
A0AB40A6F5	1	U-01	suzukii	D. suzukii
A0AB40A6F6	1	U-01	suzukii	D. suzukii
A0AB40A6F7	2	U-02	suzukii	D. suzukii
A0AB40A6F8	2	U-02	suzukii	D. suzukii
A0AB40A6F9	0	unassigned	suzukii	D. suzukii
A0AB40A6G3	2	U-02	suzukii	D. suzukii
A0AB40A6G8	0	unassigned	suzukii	D. suzukii
A0AB40A6G9	2	U-02	suzukii	D. suzukii
A0AB40A6H0	0	unassigned	suzukii	D. suzukii
A0AB40A6H2	2	U-02	suzukii	D. suzukii
A0AB40A6H3	2	U-02	suzukii	D. suzukii
A0AB40A6H5	0	unassigned	suzukii	D. suzukii
A0AB40A6H7	0	unassigned	suzukii	D. suzukii
A0AB40A6H8	1	U-01	suzukii	D. suzukii
A0AB40A6H9	0	unassigned	suzukii	D. suzukii
A0AB40A6I0	0	unassigned	suzukii	D. suzukii
A0AB40A6I2	1	U-01	suzukii	D. suzukii
A0AB40A6I3	2	U-02	suzukii	D. suzukii
A0AB40A6I4	0	unassigned	suzukii	D. suzukii
A0AB40A6I6	1	U-01	suzukii	D. suzukii
A0AB40A6I7	0	unassigned	suzukii	D. suzukii
A0AB40A6I8	2	U-02	suzukii	D. suzukii
A0AB40A6J0	3	U-03	suzukii	D. suzukii
A0AB40A6J2	3	U-03	suzukii	D. suzukii
A0AB40A6J3	1	U-01	suzukii	D. suzukii
A0AB40A6J4	0	unassigned	suzukii	D. suzukii
A0AB40A6J9	1	U-01	suzukii	D. suzukii
A0AB40A6K0	3	U-03	suzukii	D. suzukii
A0AB40A6K2	0	unassigned	suzukii	D. suzukii
A0AB40A6K3	0	unassigned	suzukii	D. suzukii
A0AB40A6K4	0	unassigned	suzukii	D. suzukii
A0AB40A6K5	0	unassigned	suzukii	D. suzukii
A0AB40A6K7	0	unassigned	suzukii	D. suzukii
A0AB40A6K9	0	unassigned	suzukii	D. suzukii
A0AB40A6L0	1	U-01	suzukii	D. suzukii
A0AB40A6L2	1	U-01	suzukii	D. suzukii
A0AB40A6L4	0	unassigned	suzukii	D. suzukii
A0AB40A6L5	0	unassigned	suzukii	D. suzukii
A0AB40A6L6	1	U-01	suzukii	D. suzukii
A0AB40A6L7	3	U-03	suzukii	D. suzukii
A0AB40A998	2	U-02	suzukii	D. suzukii
A0AB40A9A1	1	U-01	suzukii	D. suzukii
A0AB40A9A3	1	U-01	suzukii	D. suzukii
A0AB40A9A4	1	U-01	suzukii	D. suzukii
A0AB40A9A6	1	U-01	suzukii	D. suzukii
A0AB40A9A7	1	U-01	suzukii	D. suzukii
A0AB40A9A8	0	unassigned	suzukii	D. suzukii
A0ABM4TQ48	0	unassigned	suzukii	D. suzukii
A0ABM4TQ59	0	unassigned	suzukii	D. suzukii
A0ABM4TQ61	1	U-01	suzukii	D. suzukii
A0ABM4TQ62	3	U-03	suzukii	D. suzukii
A0ABM4TQ63	0	unassigned	suzukii	D. suzukii
A0ABM4TQ67	0	unassigned	suzukii	D. suzukii
A0ABM4TQ68	0	unassigned	suzukii	D. suzukii
A0ABM4TQ69	0	unassigned	suzukii	D. suzukii
A0ABM4TQ70	0	unassigned	suzukii	D. suzukii
A0ABM4TQ71	0	unassigned	suzukii	D. suzukii
A0ABM4TQ72	0	unassigned	suzukii	D. suzukii
A0ABM4TQ73	1	U-01	suzukii	D. suzukii
A0ABM4TQ74	1	U-01	suzukii	D. suzukii
A0ABM4TQ75	3	U-03	suzukii	D. suzukii
A0ABM4TQ76	0	unassigned	suzukii	D. suzukii
A0ABM4TQ77	0	unassigned	suzukii	D. suzukii
A0ABM4TQ78	1	U-01	suzukii	D. suzukii
A0ABM4TQ79	1	U-01	suzukii	D. suzukii
A0ABM4TQ81	0	unassigned	suzukii	D. suzukii
A0ABM4TQ82	0	unassigned	suzukii	D. suzukii
A0ABM4TQ83	1	U-01	suzukii	D. suzukii
A0ABM4TQ95	3	U-03	suzukii	D. suzukii
A0ABM4TQA4	1	U-01	suzukii	D. suzukii
A0ABM4TQA6	1	U-01	suzukii	D. suzukii
A0ABM4TQA8	1	U-01	suzukii	D. suzukii
A0ABM4TQA9	1	U-01	suzukii	D. suzukii
A0ABM4TQB1	0	unassigned	suzukii	D. suzukii
A0ABM4TQB2	1	U-01	suzukii	D. suzukii
A0ABM4TQB3	1	U-01	suzukii	D. suzukii
A0ABM4TQB4	1	U-01	suzukii	D. suzukii
A0ABM4TQB6	2	U-02	suzukii	D. suzukii
A0ABM4TQB7	0	unassigned	suzukii	D. suzukii
A0ABM4TQC8	1	U-01	suzukii	D. suzukii
A0ABM4TQD1	1	U-01	suzukii	D. suzukii
A0ABM4TQD6	1	U-01	suzukii	D. suzukii
A0ABM4TQD7	0	unassigned	suzukii	D. suzukii
A0ABM4TQD9	1	U-01	suzukii	D. suzukii
A0ABM4TQE0	1	U-01	suzukii	D. suzukii
A0ABM4TQE1	0	unassigned	suzukii	D. suzukii
A0ABM4TQE2	1	U-01	suzukii	D. suzukii
A0ABM4TQE3	1	U-01	suzukii	D. suzukii
A0ABM4TQE7	0	unassigned	suzukii	D. suzukii
A0ABM4TQE8	1	U-01	suzukii	D. suzukii
A0ABM4TQF0	0	unassigned	suzukii	D. suzukii
A0ABM4TQF1	0	unassigned	suzukii	D. suzukii
A0ABM4TQF2	0	unassigned	suzukii	D. suzukii
A0ABM4TQF4	1	U-01	suzukii	D. suzukii
A0ABM4TQF7	0	unassigned	suzukii	D. suzukii
A0ABM4TQF8	1	U-01	suzukii	D. suzukii
A0ABM4TQG2	1	U-01	suzukii	D. suzukii
A0ABM4TQG4	1	U-01	suzukii	D. suzukii
A0ABM4TQG5	1	U-01	suzukii	D. suzukii
A0ABM4TQG6	1	U-01	suzukii	D. suzukii
A0ABM4TQG7	1	U-01	suzukii	D. suzukii
A0ABM4TQG8	1	U-01	suzukii	D. suzukii
A0ABM4TQH0	2	U-02	suzukii	D. suzukii
A0ABM4TQH1	2	U-02	suzukii	D. suzukii
A0ABM4TQH5	1	U-01	suzukii	D. suzukii
A0ABM4TQH7	1	U-01	suzukii	D. suzukii
A0ABM4TQI2	1	U-01	suzukii	D. suzukii
A0ABM4TQI4	2	U-02	suzukii	D. suzukii
A0ABM4TQI5	1	U-01	suzukii	D. suzukii
A0ABM4TQI8	2	U-02	suzukii	D. suzukii
A0ABM4TQI9	1	U-01	suzukii	D. suzukii
A0ABM4TQJ0	1	U-01	suzukii	D. suzukii
A0ABM4TQJ1	2	U-02	suzukii	D. suzukii
A0ABM4TQJ2	0	unassigned	suzukii	D. suzukii
A0ABM4TQJ4	0	unassigned	suzukii	D. suzukii
A0ABM4TQJ8	1	U-01	suzukii	D. suzukii
A0ABM4TT19	1	U-01	suzukii	D. suzukii
A0ABM4TT22	2	U-02	suzukii	D. suzukii
A0ABM4TT24	0	unassigned	suzukii	D. suzukii
A0ABM4TT27	1	U-01	suzukii	D. suzukii
A0ABM4TT31	1	U-01	suzukii	D. suzukii
A0ABM4TT49	1	U-01	suzukii	D. suzukii
A0ABM4TT52	1	U-01	suzukii	D. suzukii
A0ABM4TT54	1	U-01	suzukii	D. suzukii
A0ABM4TT63	0	unassigned	suzukii	D. suzukii
A0ABM4TT65	1	U-01	suzukii	D. suzukii
A0ABM4TT67	0	unassigned	suzukii	D. suzukii
A0ABM4TT68	1	U-01	suzukii	D. suzukii
A0ABM4TT71	1	U-01	suzukii	D. suzukii
A0ABM4TT76	0	unassigned	suzukii	D. suzukii
A0ABM4TT77	1	U-01	suzukii	D. suzukii
A0ABM4TT78	1	U-01	suzukii	D. suzukii
A0ABM4TT82	1	U-01	suzukii	D. suzukii
A0ABM4TT83	1	U-01	suzukii	D. suzukii
A0ABM4TT84	1	U-01	suzukii	D. suzukii
A0ABM4TT87	1	U-01	suzukii	D. suzukii
A0ABM4TT90	1	U-01	suzukii	D. suzukii
A0ABM4TT91	1	U-01	suzukii	D. suzukii
A0ABM4TT92	1	U-01	suzukii	D. suzukii
A0ABM4TT94	0	unassigned	suzukii	D. suzukii
A0ABM4TT95	1	U-01	suzukii	D. suzukii
A0ABM4TT96	0	unassigned	suzukii	D. suzukii
A0ABM4TT97	1	U-01	suzukii	D. suzukii
A0ABM4TTA0	1	U-01	suzukii	D. suzukii
A0ABM4TTA1	0	unassigned	suzukii	D. suzukii
A0ABM4TTA3	1	U-01	suzukii	D. suzukii
A0ABM4TTA4	0	unassigned	suzukii	D. suzukii
A0AB39YXS5	2	U-02	suzukii	D. suzukii
A0AB39YXS9	0	unassigned	suzukii	D. suzukii
A0AB39YXT8	1	U-01	suzukii	D. suzukii
A0AB39YXU3	1	U-01	suzukii	D. suzukii
A0AB39YXU7	0	unassigned	suzukii	D. suzukii
A0AB39YXU9	3	U-03	suzukii	D. suzukii
A0AB39YXV1	1	U-01	suzukii	D. suzukii
A0AB39YXV4	1	U-01	suzukii	D. suzukii
A0AB39YXW1	0	unassigned	suzukii	D. suzukii
A0AB39YXW2	0	unassigned	suzukii	D. suzukii
A0AB39YXW5	1	U-01	suzukii	D. suzukii
A0AB39YXW6	1	U-01	suzukii	D. suzukii
A0AB39YXX1	2	U-02	suzukii	D. suzukii
A0AB39YXX5	3	U-03	suzukii	D. suzukii
A0AB39YXX8	2	U-02	suzukii	D. suzukii
A0AB39YXY0	1	U-01	suzukii	D. suzukii
A0AB39YXY1	1	U-01	suzukii	D. suzukii
A0AB39YXY3	1	U-01	suzukii	D. suzukii
A0AB39YXY7	1	U-01	suzukii	D. suzukii
A0AB39YXZ9	1	U-01	suzukii	D. suzukii
A0AB39YY00	2	U-02	suzukii	D. suzukii
A0AB39YY01	1	U-01	suzukii	D. suzukii
A0AB39YY03	1	U-01	suzukii	D. suzukii
A0AB39Z572	1	U-01	suzukii	D. suzukii
A0AB39Z573	1	U-01	suzukii	D. suzukii
A0AB39Z574	1	U-01	suzukii	D. suzukii
A0AB39Z575	1	U-01	suzukii	D. suzukii
A0AB39Z576	1	U-01	suzukii	D. suzukii
A0AB39Z578	1	U-01	suzukii	D. suzukii
A0AB39Z579	1	U-01	suzukii	D. suzukii
A0AB39Z592	1	U-01	suzukii	D. suzukii
A0AB39Z597	1	U-01	suzukii	D. suzukii
A0AB39Z5A6	1	U-01	suzukii	D. suzukii
A0AB39Z5A8	1	U-01	suzukii	D. suzukii
A0AB39Z5B0	1	U-01	suzukii	D. suzukii
A0AB39Z5B3	1	U-01	suzukii	D. suzukii
A0AB39Z5B9	1	U-01	suzukii	D. suzukii
A0AB39Z5D0	3	U-03	suzukii	D. suzukii
A0AB39Z5D8	1	U-01	suzukii	D. suzukii
A0AB39Z5D9	2	U-02	suzukii	D. suzukii
A0AB39Z5E0	1	U-01	suzukii	D. suzukii
A0AB39Z5E8	1	U-01	suzukii	D. suzukii
A0AB39Z5F0	1	U-01	suzukii	D. suzukii
A0AB39Z5F1	1	U-01	suzukii	D. suzukii
A0AB39Z5G0	1	U-01	suzukii	D. suzukii
A0AB39Z5G6	1	U-01	suzukii	D. suzukii
A0AB39Z5H1	1	U-01	suzukii	D. suzukii
A0AB39Z5H2	2	U-02	suzukii	D. suzukii
A0AB39Z5H6	0	unassigned	suzukii	D. suzukii
A0AB39Z5H7	2	U-02	suzukii	D. suzukii
A0AB39Z5H9	0	unassigned	suzukii	D. suzukii
A0AB39Z5I0	3	U-03	suzukii	D. suzukii
A0AB39Z5I4	0	unassigned	suzukii	D. suzukii
A0AB39Z5I6	1	U-01	suzukii	D. suzukii
A0AB39Z5I7	2	U-02	suzukii	D. suzukii
A0AB39Z5J5	1	U-01	suzukii	D. suzukii
A0AB39Z5K1	1	U-01	suzukii	D. suzukii
A0AB39Z5K3	1	U-01	suzukii	D. suzukii
A0AB39Z5L1	2	U-02	suzukii	D. suzukii
A0AB39Z5L9	1	U-01	suzukii	D. suzukii
A0AB39Z5M0	1	U-01	suzukii	D. suzukii
A0AB39Z5M1	1	U-01	suzukii	D. suzukii
A0AB39Z5M2	2	U-02	suzukii	D. suzukii
A0AB39Z5M3	1	U-01	suzukii	D. suzukii
A0AB39Z5M5	1	U-01	suzukii	D. suzukii
A0AB39Z5M6	1	U-01	suzukii	D. suzukii
A0AB39Z5N0	1	U-01	suzukii	D. suzukii
A0AB39Z5P1	0	unassigned	suzukii	D. suzukii
A0AB39Z5P4	2	U-02	suzukii	D. suzukii
A0AB39Z5P7	1	U-01	suzukii	D. suzukii
A0AB39Z5P8	1	U-01	suzukii	D. suzukii
A0AB39Z5P9	1	U-01	suzukii	D. suzukii
A0AB39Z5Q0	0	unassigned	suzukii	D. suzukii
A0AB39Z5Q2	1	U-01	suzukii	D. suzukii
A0AB39Z5R0	3	U-03	suzukii	D. suzukii
A0AB39Z5R1	1	U-01	suzukii	D. suzukii
A0AB39Z5R4	2	U-02	suzukii	D. suzukii
A0AB39Z5R5	1	U-01	suzukii	D. suzukii
A0AB39Z5R8	1	U-01	suzukii	D. suzukii
A0AB39Z5S4	1	U-01	suzukii	D. suzukii
A0AB39Z5S6	1	U-01	suzukii	D. suzukii
A0AB39Z5T4	3	U-03	suzukii	D. suzukii
A0AB39Z5T6	1	U-01	suzukii	D. suzukii
A0AB39Z5T7	1	U-01	suzukii	D. suzukii
A0AB39Z5T9	2	U-02	suzukii	D. suzukii
A0AB39Z5U1	1	U-01	suzukii	D. suzukii
A0AB39Z5U5	1	U-01	suzukii	D. suzukii
A0AB39Z5U8	2	U-02	suzukii	D. suzukii
A0AB39Z5U9	1	U-01	suzukii	D. suzukii
A0AB39Z5V0	1	U-01	suzukii	D. suzukii
A0AB39Z5W0	1	U-01	suzukii	D. suzukii
A0AB39Z5W4	0	unassigned	suzukii	D. suzukii
A0AB39Z5W5	0	unassigned	suzukii	D. suzukii
A0AB39Z5W7	1	U-01	suzukii	D. suzukii
A0AB39Z5W9	1	U-01	suzukii	D. suzukii
A0AB39Z5X0	1	U-01	suzukii	D. suzukii
A0AB39Z5X8	3	U-03	suzukii	D. suzukii
A0AB39Z5Y4	2	U-02	suzukii	D. suzukii
A0AB39Z5Z1	1	U-01	suzukii	D. suzukii
A0AB39Z5Z8	1	U-01	suzukii	D. suzukii
A0AB40DK20	1	U-01	suzukii	D. suzukii
A0AB40DK27	0	unassigned	suzukii	D. suzukii
A0AB40DK28	1	U-01	suzukii	D. suzukii
A0AB40DK43	0	unassigned	suzukii	D. suzukii
A0AB40DK58	1	U-01	suzukii	D. suzukii
A0AB40DK72	1	U-01	suzukii	D. suzukii
A0AB40DK89	1	U-01	suzukii	D. suzukii
A0AB40DKA0	1	U-01	suzukii	D. suzukii
A0AB40DKA4	0	unassigned	suzukii	D. suzukii
A0AB40DKB8	1	U-01	suzukii	D. suzukii
A0AB40DKD1	1	U-01	suzukii	D. suzukii
A0AB40DKD5	1	U-01	suzukii	D. suzukii
A0AB40DKE5	1	U-01	suzukii	D. suzukii
A0AB40DKF1	3	U-03	suzukii	D. suzukii
A0AB40DKG5	1	U-01	suzukii	D. suzukii
A0AB40DKG7	0	unassigned	suzukii	D. suzukii
A0AB40DKH7	1	U-01	suzukii	D. suzukii
A0AB40DKH9	2	U-02	suzukii	D. suzukii
A0AB40DKI2	0	unassigned	suzukii	D. suzukii
A0AB40DKI8	0	unassigned	suzukii	D. suzukii
A0AB40DKJ4	0	unassigned	suzukii	D. suzukii
A0AB40DKJ7	1	U-01	suzukii	D. suzukii
A0AB40DKJ8	0	unassigned	suzukii	D. suzukii
A0AB40DKK1	0	unassigned	suzukii	D. suzukii
A0AB40DKK7	1	U-01	suzukii	D. suzukii
A0AB40DKK9	0	unassigned	suzukii	D. suzukii
A0AB40DKL4	0	unassigned	suzukii	D. suzukii
A0AB40DKL5	0	unassigned	suzukii	D. suzukii
A0AB40DKL9	0	unassigned	suzukii	D. suzukii
A0AB40DKM4	0	unassigned	suzukii	D. suzukii
A0AB40DKM5	0	unassigned	suzukii	D. suzukii
A0AB40DKN0	1	U-01	suzukii	D. suzukii
A0AB40DKN4	0	unassigned	suzukii	D. suzukii
A0AB40DKN8	1	U-01	suzukii	D. suzukii
A0AB40DKP6	0	unassigned	suzukii	D. suzukii
A0AB40DKQ2	0	unassigned	suzukii	D. suzukii
A0AB40DKQ3	1	U-01	suzukii	D. suzukii
A0AB40DKR7	0	unassigned	suzukii	D. suzukii
A0AB40DKS1	0	unassigned	suzukii	D. suzukii
A0AB40DKS9	0	unassigned	suzukii	D. suzukii
A0AB40DKT6	1	U-01	suzukii	D. suzukii
A0AB40DKU5	1	U-01	suzukii	D. suzukii
A0AB40DKW0	1	U-01	suzukii	D. suzukii
A0AB40DKX0	1	U-01	suzukii	D. suzukii
A0AB40DKX4	0	unassigned	suzukii	D. suzukii
A0AB40DKY4	0	unassigned	suzukii	D. suzukii
A0AB40DKY5	2	U-02	suzukii	D. suzukii
A0AB40DKY6	0	unassigned	suzukii	D. suzukii
A0AB40DKZ1	0	unassigned	suzukii	D. suzukii
A0AB40DKZ3	1	U-01	suzukii	D. suzukii
A0AB40DKZ6	0	unassigned	suzukii	D. suzukii
A0AB40DL02	0	unassigned	suzukii	D. suzukii
A0AB40DL09	1	U-01	suzukii	D. suzukii
A0AB40DL21	0	unassigned	suzukii	D. suzukii
A0AB40DL22	0	unassigned	suzukii	D. suzukii
A0AB40DL24	1	U-01	suzukii	D. suzukii
A0AB40DL28	2	U-02	suzukii	D. suzukii
A0AB40DL36	1	U-01	suzukii	D. suzukii
A0AB40DL37	3	U-03	suzukii	D. suzukii
A0AB40DL46	1	U-01	suzukii	D. suzukii
A0AB40DL63	1	U-01	suzukii	D. suzukii
A0AB40DL68	1	U-01	suzukii	D. suzukii
A0AB40DL76	1	U-01	suzukii	D. suzukii
A0AB40DL84	0	unassigned	suzukii	D. suzukii
A0AB40DL90	0	unassigned	suzukii	D. suzukii
A0AB40DL94	0	unassigned	suzukii	D. suzukii
A0AB40DL96	1	U-01	suzukii	D. suzukii
A0AB40DLA5	1	U-01	suzukii	D. suzukii
A0AB40DLA8	2	U-02	suzukii	D. suzukii
A0AB40DLA9	0	unassigned	suzukii	D. suzukii
A0AB40DLB2	0	unassigned	suzukii	D. suzukii
A0AB40DLC5	0	unassigned	suzukii	D. suzukii
A0AB40DLC6	1	U-01	suzukii	D. suzukii
A0AB40DLD1	1	U-01	suzukii	D. suzukii
A0AB40DLD6	0	unassigned	suzukii	D. suzukii
A0AB40DLE3	1	U-01	suzukii	D. suzukii
A0AB40DLE9	1	U-01	suzukii	D. suzukii
A0AB40DLF8	1	U-01	suzukii	D. suzukii
A0AB40DLG1	0	unassigned	suzukii	D. suzukii
A0AB40DLH7	1	U-01	suzukii	D. suzukii
A0AB40DLH9	2	U-02	suzukii	D. suzukii
A0AB40DLJ2	2	U-02	suzukii	D. suzukii
A0AB40DLL2	1	U-01	suzukii	D. suzukii
A0AB40DLL4	0	unassigned	suzukii	D. suzukii
A0AB40DLL9	1	U-01	suzukii	D. suzukii
A0AB40DLM0	1	U-01	suzukii	D. suzukii
A0AB40DLN6	0	unassigned	suzukii	D. suzukii
A0AB40DLP4	2	U-02	suzukii	D. suzukii
A0ABM4TSQ8	3	U-03	suzukii	D. suzukii
A0ABM4TSR0	2	U-02	suzukii	D. suzukii
A0ABM4TSS4	1	U-01	suzukii	D. suzukii
A0ABM4TSS6	1	U-01	suzukii	D. suzukii
A0ABM4TSS8	3	U-03	suzukii	D. suzukii
A0ABM4TST2	1	U-01	suzukii	D. suzukii
A0ABM4TST3	1	U-01	suzukii	D. suzukii
A0ABM4TSU5	0	unassigned	suzukii	D. suzukii
A0ABM4TSV4	1	U-01	suzukii	D. suzukii
A0ABM4TSV7	1	U-01	suzukii	D. suzukii
A0ABM4TSV9	0	unassigned	suzukii	D. suzukii
A0ABM4TSW0	0	unassigned	suzukii	D. suzukii
A0AB40ABM8	1	U-01	suzukii	D. suzukii
A0AB40ABM9	1	U-01	suzukii	D. suzukii
A0AB40ABN0	3	U-03	suzukii	D. suzukii
A0AB40ABN3	1	U-01	suzukii	D. suzukii
A0AB40ABN4	1	U-01	suzukii	D. suzukii
A0AB40ABN7	1	U-01	suzukii	D. suzukii
A0AB40ABN9	1	U-01	suzukii	D. suzukii
A0AB40ABP0	1	U-01	suzukii	D. suzukii
A0AB40ABP2	2	U-02	suzukii	D. suzukii
A0AB40ABP4	1	U-01	suzukii	D. suzukii
A0AB40ABQ6	2	U-02	suzukii	D. suzukii
A0AB40ABQ8	1	U-01	suzukii	D. suzukii
A0AB40ABR0	1	U-01	suzukii	D. suzukii
A0AB40ABR1	1	U-01	suzukii	D. suzukii
A0AB40ABR3	2	U-02	suzukii	D. suzukii
A0AB40ABR5	2	U-02	suzukii	D. suzukii
A0AB40ABR6	3	U-03	suzukii	D. suzukii
A0AB40ABR8	3	U-03	suzukii	D. suzukii
A0AB40ABS1	1	U-01	suzukii	D. suzukii
A0AB40ABS2	1	U-01	suzukii	D. suzukii
A0AB40ABS7	2	U-02	suzukii	D. suzukii
A0AB40ABS8	0	unassigned	suzukii	D. suzukii
A0AB40ABS9	2	U-02	suzukii	D. suzukii
A0AB40ABT4	1	U-01	suzukii	D. suzukii
A0AB40ABU1	1	U-01	suzukii	D. suzukii
A0AB40ABU2	2	U-02	suzukii	D. suzukii
A0AB40ABU5	0	unassigned	suzukii	D. suzukii
A0AB40ABU6	1	U-01	suzukii	D. suzukii
A0AB40ABU7	1	U-01	suzukii	D. suzukii
A0AB40ABU8	3	U-03	suzukii	D. suzukii
A0AB40ABU9	3	U-03	suzukii	D. suzukii
A0AB40ABV3	1	U-01	suzukii	D. suzukii
A0AB40ABW0	3	U-03	suzukii	D. suzukii
A0AB40ABW2	3	U-03	suzukii	D. suzukii
A0AB40ABW7	1	U-01	suzukii	D. suzukii
A0AB40ABW8	1	U-01	suzukii	D. suzukii
A0AB40ABW9	3	U-03	suzukii	D. suzukii
A0AB40ABX3	1	U-01	suzukii	D. suzukii
A0AB40ABY2	2	U-02	suzukii	D. suzukii
A0AB40ABY4	1	U-01	suzukii	D. suzukii
A0AB40ABY6	1	U-01	suzukii	D. suzukii
A0AB40ABY8	0	unassigned	suzukii	D. suzukii
A0AB40ABY9	1	U-01	suzukii	D. suzukii
A0AB40ABZ0	1	U-01	suzukii	D. suzukii
A0AB40ABZ3	1	U-01	suzukii	D. suzukii
A0AB40ABZ5	1	U-01	suzukii	D. suzukii
A0AB40ABZ6	3	U-03	suzukii	D. suzukii
A0AB40ABZ7	3	U-03	suzukii	D. suzukii
A0AB40ABZ8	2	U-02	suzukii	D. suzukii
A0AB40AC02	1	U-01	suzukii	D. suzukii
A0AB40AC04	1	U-01	suzukii	D. suzukii
A0AB40AC10	1	U-01	suzukii	D. suzukii
A0AB40AC12	1	U-01	suzukii	D. suzukii
A0AB40AC13	3	U-03	suzukii	D. suzukii
A0AB40AC14	1	U-01	suzukii	D. suzukii
A0AB40AC15	2	U-02	suzukii	D. suzukii
A0AB40AC17	1	U-01	suzukii	D. suzukii
A0AB40AC18	2	U-02	suzukii	D. suzukii
A0AB40AC25	1	U-01	suzukii	D. suzukii
A0AB40AC26	1	U-01	suzukii	D. suzukii
A0AB40AC28	0	unassigned	suzukii	D. suzukii
A0AB40AC32	1	U-01	suzukii	D. suzukii
A0AB40AC33	1	U-01	suzukii	D. suzukii
A0AB40AC36	1	U-01	suzukii	D. suzukii
A0AB40D9U8	1	U-01	suzukii	D. suzukii
A0AB40D9U9	1	U-01	suzukii	D. suzukii
A0AB40D9V1	1	U-01	suzukii	D. suzukii
A0AB40D9V6	3	U-03	suzukii	D. suzukii
A0AB40D9W8	1	U-01	suzukii	D. suzukii
A0AB40D9X1	1	U-01	suzukii	D. suzukii
A0AB40D9Y2	1	U-01	suzukii	D. suzukii
A0AB40D9Y3	1	U-01	suzukii	D. suzukii
A0AB40D9Y5	1	U-01	suzukii	D. suzukii
A0AB40D9Y6	0	unassigned	suzukii	D. suzukii
A0AB40D9Z1	1	U-01	suzukii	D. suzukii
A0AB40D9Z3	1	U-01	suzukii	D. suzukii
A0AB40D9Z8	1	U-01	suzukii	D. suzukii
A0AB40DA00	1	U-01	suzukii	D. suzukii
A0AB40DA12	1	U-01	suzukii	D. suzukii
A0AB40DA17	3	U-03	suzukii	D. suzukii
A0AB40DA19	1	U-01	suzukii	D. suzukii
A0AB40DA24	3	U-03	suzukii	D. suzukii
A0AB40DA29	1	U-01	suzukii	D. suzukii
A0AB40DA30	2	U-02	suzukii	D. suzukii
A0AB40DA31	0	unassigned	suzukii	D. suzukii
A0AB40DA32	1	U-01	suzukii	D. suzukii
A0AB40DA34	0	unassigned	suzukii	D. suzukii
A0AB40DA41	0	unassigned	suzukii	D. suzukii
A0AB40DA42	1	U-01	suzukii	D. suzukii
A0AB40DA43	0	unassigned	suzukii	D. suzukii
A0AB40DA48	0	unassigned	suzukii	D. suzukii
A0AB40DA49	1	U-01	suzukii	D. suzukii
A0AB40DA55	1	U-01	suzukii	D. suzukii
A0AB40DA58	1	U-01	suzukii	D. suzukii
A0AB40DA60	1	U-01	suzukii	D. suzukii
A0AB40DA62	0	unassigned	suzukii	D. suzukii
A0AB40DA63	1	U-01	suzukii	D. suzukii
A0AB40DA65	0	unassigned	suzukii	D. suzukii
A0AB40DA74	0	unassigned	suzukii	D. suzukii
A0AB40DA77	1	U-01	suzukii	D. suzukii
A0AB40DFM3	2	U-02	suzukii	D. suzukii
A0AB40DFM6	1	U-01	suzukii	D. suzukii
A0AB40DFS1	1	U-01	suzukii	D. suzukii
A0AB40DFS4	0	unassigned	suzukii	D. suzukii
A0AB40DFT7	1	U-01	suzukii	D. suzukii
A0AB40DFU2	2	U-02	suzukii	D. suzukii
A0AB40DFU3	1	U-01	suzukii	D. suzukii
A0AB40DFU9	1	U-01	suzukii	D. suzukii
A0AB40DFV5	2	U-02	suzukii	D. suzukii
A0AB40DFW2	1	U-01	suzukii	D. suzukii
A0AB40DFW4	1	U-01	suzukii	D. suzukii
A0AB40DG33	0	unassigned	suzukii	D. suzukii
A0AB40DG35	0	unassigned	suzukii	D. suzukii
A0AB40DG59	1	U-01	suzukii	D. suzukii
A0AB40DG65	1	U-01	suzukii	D. suzukii
A0AB40DG67	0	unassigned	suzukii	D. suzukii
A0AB40DG89	0	unassigned	suzukii	D. suzukii
A0AB40DGA6	1	U-01	suzukii	D. suzukii
A0AB40DGB1	1	U-01	suzukii	D. suzukii
A0AB40DGB2	1	U-01	suzukii	D. suzukii
A0AB40DGH2	1	U-01	suzukii	D. suzukii
A0AB40DGN0	1	U-01	suzukii	D. suzukii
A0AB40DGW9	1	U-01	suzukii	D. suzukii
A0AB40DGY3	2	U-02	suzukii	D. suzukii
A0AB40DGY4	2	U-02	suzukii	D. suzukii
A0AB40DGZ7	0	unassigned	suzukii	D. suzukii
A0AB40DH05	0	unassigned	suzukii	D. suzukii
A0AB40DH20	1	U-01	suzukii	D. suzukii
A0AB40DH61	1	U-01	suzukii	D. suzukii
A0AB40DH74	0	unassigned	suzukii	D. suzukii
A0AB40DH92	0	unassigned	suzukii	D. suzukii
A0AB40DHA3	1	U-01	suzukii	D. suzukii
A0AB40DHB8	1	U-01	suzukii	D. suzukii
A0AB40DHE9	0	unassigned	suzukii	D. suzukii
A0AB40DHG3	0	unassigned	suzukii	D. suzukii
A0AB40DHK9	1	U-01	suzukii	D. suzukii
A0AB40DHU0	1	U-01	suzukii	D. suzukii
A0AB40DHX0	1	U-01	suzukii	D. suzukii
A0AB40DHX3	1	U-01	suzukii	D. suzukii
A0AB40DHZ3	1	U-01	suzukii	D. suzukii
A0AB40DI14	1	U-01	suzukii	D. suzukii
A0AB40DI18	0	unassigned	suzukii	D. suzukii
A0AB40DI53	1	U-01	suzukii	D. suzukii
A0AB40DI67	1	U-01	suzukii	D. suzukii
A0AB40DI80	1	U-01	suzukii	D. suzukii
A0AB39YY04	1	U-01	suzukii	D. suzukii
A0AB39YY05	2	U-02	suzukii	D. suzukii
A0AB39YY07	2	U-02	suzukii	D. suzukii
A0AB39YY09	2	U-02	suzukii	D. suzukii
A0AB39YY18	1	U-01	suzukii	D. suzukii
A0AB39YY21	0	unassigned	suzukii	D. suzukii
A0AB39YY22	2	U-02	suzukii	D. suzukii
A0AB39YY25	0	unassigned	suzukii	D. suzukii
A0AB39YY28	1	U-01	suzukii	D. suzukii
A0AB39YY30	1	U-01	suzukii	D. suzukii
A0AB39YY33	0	unassigned	suzukii	D. suzukii
A0AB39YY35	1	U-01	suzukii	D. suzukii
A0AB39YY39	2	U-02	suzukii	D. suzukii
A0AB39YY44	0	unassigned	suzukii	D. suzukii
A0AB39YY53	0	unassigned	suzukii	D. suzukii
A0AB39YY54	0	unassigned	suzukii	D. suzukii
A0AB39YY55	0	unassigned	suzukii	D. suzukii
A0AB39YY60	2	U-02	suzukii	D. suzukii
A0AB39YY63	2	U-02	suzukii	D. suzukii
A0AB39YY65	1	U-01	suzukii	D. suzukii
A0AB39YY67	1	U-01	suzukii	D. suzukii
A0AB39YY72	0	unassigned	suzukii	D. suzukii
A0AB39YY76	0	unassigned	suzukii	D. suzukii
A0AB39YY78	1	U-01	suzukii	D. suzukii
A0AB39YY79	1	U-01	suzukii	D. suzukii
A0AB39YY80	2	U-02	suzukii	D. suzukii
A0AB39YY85	0	unassigned	suzukii	D. suzukii
A0AB39YY88	1	U-01	suzukii	D. suzukii
A0AB39YY91	3	U-03	suzukii	D. suzukii
A0AB39YY92	1	U-01	suzukii	D. suzukii
A0AB39YY94	1	U-01	suzukii	D. suzukii
A0AB39YY96	1	U-01	suzukii	D. suzukii
A0AB39YY98	1	U-01	suzukii	D. suzukii
A0AB39YY99	1	U-01	suzukii	D. suzukii
A0AB39YYA0	3	U-03	suzukii	D. suzukii
A0AB39YYA3	2	U-02	suzukii	D. suzukii
A0AB39YYA7	1	U-01	suzukii	D. suzukii
A0AB39YYA9	1	U-01	suzukii	D. suzukii
A0AB39YYB1	2	U-02	suzukii	D. suzukii
A0AB39YYB2	0	unassigned	suzukii	D. suzukii
A0AB39YYB3	1	U-01	suzukii	D. suzukii
A0AB39YYB7	1	U-01	suzukii	D. suzukii
A0AB39YYC2	3	U-03	suzukii	D. suzukii
A0AB39YYC4	1	U-01	suzukii	D. suzukii
A0AB39YYC8	0	unassigned	suzukii	D. suzukii
A0AB39YYD0	0	unassigned	suzukii	D. suzukii
A0AB39YYD1	1	U-01	suzukii	D. suzukii
A0AB39YYD5	3	U-03	suzukii	D. suzukii
A0AB39YYD6	2	U-02	suzukii	D. suzukii
A0AB39YYD9	0	unassigned	suzukii	D. suzukii
A0AB39YYE0	1	U-01	suzukii	D. suzukii
A0AB39YYF0	1	U-01	suzukii	D. suzukii
A0AB39YYF1	1	U-01	suzukii	D. suzukii
A0AB39YYF6	3	U-03	suzukii	D. suzukii
A0AB39YYG3	0	unassigned	suzukii	D. suzukii
A0AB40A6U5	1	U-01	suzukii	D. suzukii
A0AB40A6V1	1	U-01	suzukii	D. suzukii
A0AB40A6V5	1	U-01	suzukii	D. suzukii
A0AB40A6W1	1	U-01	suzukii	D. suzukii
A0AB40A6W6	0	unassigned	suzukii	D. suzukii
A0AB40A6X5	1	U-01	suzukii	D. suzukii
A0AB40A6Y4	3	U-03	suzukii	D. suzukii
A0AB40A6Y5	3	U-03	suzukii	D. suzukii
A0AB40A6Y8	3	U-03	suzukii	D. suzukii
A0AB40A6Y9	1	U-01	suzukii	D. suzukii
A0AB40A6Z0	3	U-03	suzukii	D. suzukii
A0AB40A6Z3	3	U-03	suzukii	D. suzukii
A0AB40A701	2	U-02	suzukii	D. suzukii
A0AB40A704	1	U-01	suzukii	D. suzukii
A0AB40A705	1	U-01	suzukii	D. suzukii
A0AB40A718	1	U-01	suzukii	D. suzukii
A0AB40A723	1	U-01	suzukii	D. suzukii
A0AB40A725	1	U-01	suzukii	D. suzukii
A0AB40A728	2	U-02	suzukii	D. suzukii
A0AB40A731	1	U-01	suzukii	D. suzukii
A0AB40A733	3	U-03	suzukii	D. suzukii
A0AB40A747	3	U-03	suzukii	D. suzukii
A0AB40A748	1	U-01	suzukii	D. suzukii
A0AB40A750	1	U-01	suzukii	D. suzukii
A0AB40A753	1	U-01	suzukii	D. suzukii
A0AB40A754	1	U-01	suzukii	D. suzukii
A0AB40AC39	0	unassigned	suzukii	D. suzukii
A0AB40AC45	2	U-02	suzukii	D. suzukii
A0AB40AC47	1	U-01	suzukii	D. suzukii
A0AB40AC60	2	U-02	suzukii	D. suzukii
A0AB40AC82	2	U-02	suzukii	D. suzukii
A0AB40AC86	1	U-01	suzukii	D. suzukii
A0AB40AC97	1	U-01	suzukii	D. suzukii
A0AB40ACA0	0	unassigned	suzukii	D. suzukii
A0AB40ACA1	1	U-01	suzukii	D. suzukii
A0AB40ACA2	1	U-01	suzukii	D. suzukii
A0AB40ACA6	1	U-01	suzukii	D. suzukii
A0AB40ACB3	1	U-01	suzukii	D. suzukii
A0AB40ACB6	0	unassigned	suzukii	D. suzukii
A0AB40ACB8	1	U-01	suzukii	D. suzukii
A0AB40ACC0	1	U-01	suzukii	D. suzukii
A0AB40ACC2	1	U-01	suzukii	D. suzukii
A0AB40ACC3	1	U-01	suzukii	D. suzukii
A0AB40ACC8	2	U-02	suzukii	D. suzukii
A0AB40ACD0	1	U-01	suzukii	D. suzukii
A0AB40ACD3	1	U-01	suzukii	D. suzukii
A0AB40ACD7	1	U-01	suzukii	D. suzukii
A0AB40ACD8	1	U-01	suzukii	D. suzukii
A0AB40ACD9	2	U-02	suzukii	D. suzukii
A0AB40ACE2	1	U-01	suzukii	D. suzukii
A0AB40ACE5	1	U-01	suzukii	D. suzukii
A0AB40ACF8	1	U-01	suzukii	D. suzukii
A0AB40ACH1	2	U-02	suzukii	D. suzukii
A0AB40ACH7	1	U-01	suzukii	D. suzukii
A0AB40ACI0	3	U-03	suzukii	D. suzukii
A0AB40ACI6	1	U-01	suzukii	D. suzukii
A0AB40ACK3	3	U-03	suzukii	D. suzukii
A0AB40ACK7	1	U-01	suzukii	D. suzukii
A0AB40ACK9	3	U-03	suzukii	D. suzukii
A0AB40ACL7	1	U-01	suzukii	D. suzukii
A0AB40ACM5	1	U-01	suzukii	D. suzukii
A0AB40ACM6	1	U-01	suzukii	D. suzukii
A0AB40ACM8	0	unassigned	suzukii	D. suzukii
A0AB40ACN1	0	unassigned	suzukii	D. suzukii
A0AB40ACN8	1	U-01	suzukii	D. suzukii
A0AB40ACP0	1	U-01	suzukii	D. suzukii
A0AB40ACP9	0	unassigned	suzukii	D. suzukii
A0AB40ACQ0	1	U-01	suzukii	D. suzukii
A0AB40ACQ2	1	U-01	suzukii	D. suzukii
A0AB40ACQ3	1	U-01	suzukii	D. suzukii
A0AB40ACR3	0	unassigned	suzukii	D. suzukii
A0AB40ACR4	3	U-03	suzukii	D. suzukii
A0AB40ACR5	0	unassigned	suzukii	D. suzukii
A0AB40ACR6	1	U-01	suzukii	D. suzukii
A0AB40ACR7	1	U-01	suzukii	D. suzukii
A0AB40ACS4	2	U-02	suzukii	D. suzukii
A0AB40ACS8	1	U-01	suzukii	D. suzukii
A0AB40ACS9	0	unassigned	suzukii	D. suzukii
A0AB40ACT1	1	U-01	suzukii	D. suzukii
A0AB40ACT8	1	U-01	suzukii	D. suzukii
A0AB40ACU0	1	U-01	suzukii	D. suzukii
A0AB40ACU8	1	U-01	suzukii	D. suzukii
A0AB40ACV0	0	unassigned	suzukii	D. suzukii
A0AB40ACV4	0	unassigned	suzukii	D. suzukii
A0AB40ACV5	0	unassigned	suzukii	D. suzukii
A0AB40ACV7	0	unassigned	suzukii	D. suzukii
A0AB40ACW0	0	unassigned	suzukii	D. suzukii
A0AB40ACW5	1	U-01	suzukii	D. suzukii
A0AB40ACX1	1	U-01	suzukii	D. suzukii
A0AB40ACX8	1	U-01	suzukii	D. suzukii
A0AB40ACY2	1	U-01	suzukii	D. suzukii
A0AB40ACY3	3	U-03	suzukii	D. suzukii
A0AB40ACY5	0	unassigned	suzukii	D. suzukii
A0AB40ACY7	1	U-01	suzukii	D. suzukii
A0AB40ACY8	0	unassigned	suzukii	D. suzukii
A0AB40ACZ0	1	U-01	suzukii	D. suzukii
A0AB40ACZ4	1	U-01	suzukii	D. suzukii
A0AB40ACZ7	1	U-01	suzukii	D. suzukii
A0AB40AD07	1	U-01	suzukii	D. suzukii
A0AB40AD09	1	U-01	suzukii	D. suzukii
A0AB39Z1S7	1	U-01	suzukii	D. suzukii
A0AB39Z1T0	0	unassigned	suzukii	D. suzukii
A0AB39Z1T1	2	U-02	suzukii	D. suzukii
A0AB39Z1T4	2	U-02	suzukii	D. suzukii
A0AB39Z1T7	1	U-01	suzukii	D. suzukii
A0AB39Z1U0	1	U-01	suzukii	D. suzukii
A0AB39Z5C5	2	U-02	suzukii	D. suzukii
A0AB39Z5C6	1	U-01	suzukii	D. suzukii
A0AB39Z5C7	1	U-01	suzukii	D. suzukii
A0AB39Z5C8	1	U-01	suzukii	D. suzukii
A0AB39Z5C9	1	U-01	suzukii	D. suzukii
A0AB39Z5D1	1	U-01	suzukii	D. suzukii
A0AB39Z5D5	0	unassigned	suzukii	D. suzukii
A0AB39Z5E2	0	unassigned	suzukii	D. suzukii
A0AB39Z5E4	0	unassigned	suzukii	D. suzukii
A0AB39Z5E6	2	U-02	suzukii	D. suzukii
A0AB39Z5E7	0	unassigned	suzukii	D. suzukii
A0AB39Z5E9	1	U-01	suzukii	D. suzukii
A0AB39Z5F2	1	U-01	suzukii	D. suzukii
A0AB39Z5F4	1	U-01	suzukii	D. suzukii
A0AB39Z5F5	1	U-01	suzukii	D. suzukii
A0AB39Z5F7	1	U-01	suzukii	D. suzukii
A0AB39Z5G1	1	U-01	suzukii	D. suzukii
A0AB39Z5G2	1	U-01	suzukii	D. suzukii
A0AB39Z5G3	2	U-02	suzukii	D. suzukii
A0AB39Z5G8	2	U-02	suzukii	D. suzukii
A0AB39Z5H0	1	U-01	suzukii	D. suzukii
A0AB39Z5H3	1	U-01	suzukii	D. suzukii
A0AB39Z5H5	0	unassigned	suzukii	D. suzukii
A0AB39Z5I1	0	unassigned	suzukii	D. suzukii
A0AB39Z5I2	0	unassigned	suzukii	D. suzukii
A0AB39Z5I3	1	U-01	suzukii	D. suzukii
A0AB39Z5J0	0	unassigned	suzukii	D. suzukii
A0AB39Z5J3	0	unassigned	suzukii	D. suzukii
A0AB39Z5J4	1	U-01	suzukii	D. suzukii
A0AB39Z5J6	0	unassigned	suzukii	D. suzukii
A0AB39Z5J9	1	U-01	suzukii	D. suzukii
A0AB39Z5K0	0	unassigned	suzukii	D. suzukii
A0AB39Z5K2	1	U-01	suzukii	D. suzukii
A0AB39Z5K4	1	U-01	suzukii	D. suzukii
A0AB39Z5K5	0	unassigned	suzukii	D. suzukii
A0AB39Z5K7	1	U-01	suzukii	D. suzukii
A0AB39Z5K8	1	U-01	suzukii	D. suzukii
A0AB39Z5K9	1	U-01	suzukii	D. suzukii
A0AB39Z5L0	1	U-01	suzukii	D. suzukii
A0AB39Z5L2	1	U-01	suzukii	D. suzukii
A0AB39Z5L3	1	U-01	suzukii	D. suzukii
A0AB39Z5L4	0	unassigned	suzukii	D. suzukii
A0AB39Z5L6	2	U-02	suzukii	D. suzukii
A0AB39Z5L7	1	U-01	suzukii	D. suzukii
A0AB39Z5L8	0	unassigned	suzukii	D. suzukii
A0AB39Z5M7	1	U-01	suzukii	D. suzukii
A0AB39Z5M8	0	unassigned	suzukii	D. suzukii
A0AB39Z5M9	1	U-01	suzukii	D. suzukii
A0AB39Z5N1	1	U-01	suzukii	D. suzukii
A0AB39Z5N2	1	U-01	suzukii	D. suzukii
A0AB39Z5N3	3	U-03	suzukii	D. suzukii
A0AB39Z5N4	0	unassigned	suzukii	D. suzukii
A0AB39Z5N5	1	U-01	suzukii	D. suzukii
A0AB39Z5N6	0	unassigned	suzukii	D. suzukii
A0AB39Z5P0	1	U-01	suzukii	D. suzukii
A0AB39Z5P2	0	unassigned	suzukii	D. suzukii
A0AB39Z5P5	3	U-03	suzukii	D. suzukii
A0AB39Z5Q1	1	U-01	suzukii	D. suzukii
A0AB39Z5Q4	1	U-01	suzukii	D. suzukii
A0AB39Z5Q7	1	U-01	suzukii	D. suzukii
A0AB39Z5Q8	3	U-03	suzukii	D. suzukii
A0AB39Z5R2	1	U-01	suzukii	D. suzukii
A0AB39Z5R6	3	U-03	suzukii	D. suzukii
A0AB39Z5R7	1	U-01	suzukii	D. suzukii
A0AB39Z5R9	1	U-01	suzukii	D. suzukii
A0AB39Z5S1	1	U-01	suzukii	D. suzukii
A0AB39Z5S2	1	U-01	suzukii	D. suzukii
A0AB39Z5S3	0	unassigned	suzukii	D. suzukii
A0AB39Z5S7	1	U-01	suzukii	D. suzukii
A0AB39Z5T0	1	U-01	suzukii	D. suzukii
A0AB39Z5T1	0	unassigned	suzukii	D. suzukii
A0AB39Z5T2	1	U-01	suzukii	D. suzukii
A0AB39Z5T3	1	U-01	suzukii	D. suzukii
A0AB39Z5T5	2	U-02	suzukii	D. suzukii
A0AB39Z5T8	1	U-01	suzukii	D. suzukii
A0AB39Z5U0	1	U-01	suzukii	D. suzukii
A0AB39Z5U2	1	U-01	suzukii	D. suzukii
A0AB39Z5U3	1	U-01	suzukii	D. suzukii
A0AB39Z5U4	1	U-01	suzukii	D. suzukii
A0AB39Z5U6	0	unassigned	suzukii	D. suzukii
A0AB39Z5V1	1	U-01	suzukii	D. suzukii
A0AB39Z5V2	1	U-01	suzukii	D. suzukii
A0AB39Z5V3	1	U-01	suzukii	D. suzukii
A0AB39Z5V4	1	U-01	suzukii	D. suzukii
A0AB39Z5V7	1	U-01	suzukii	D. suzukii
A0AB39Z5V8	1	U-01	suzukii	D. suzukii
A0AB39Z5W2	1	U-01	suzukii	D. suzukii
A0AB39Z5W3	1	U-01	suzukii	D. suzukii
A0AB39Z5W8	1	U-01	suzukii	D. suzukii
A0AB39Z5X2	1	U-01	suzukii	D. suzukii
A0AB39Z5X5	1	U-01	suzukii	D. suzukii
A0AB39Z5X6	1	U-01	suzukii	D. suzukii
A0AB39Z5X7	1	U-01	suzukii	D. suzukii
A0AB39Z5X9	1	U-01	suzukii	D. suzukii
A0AB39ZYZ5	1	U-01	suzukii	D. suzukii
A0AB39ZYZ8	1	U-01	suzukii	D. suzukii
A0AB39ZZ00	3	U-03	suzukii	D. suzukii
A0AB39ZZ02	0	unassigned	suzukii	D. suzukii
A0AB39ZZ05	3	U-03	suzukii	D. suzukii
A0AB39ZZ06	2	U-02	suzukii	D. suzukii
A0AB39ZZ07	0	unassigned	suzukii	D. suzukii
A0AB39ZZ09	3	U-03	suzukii	D. suzukii
A0AB39ZZ12	1	U-01	suzukii	D. suzukii
A0AB39ZZ14	1	U-01	suzukii	D. suzukii
A0AB39ZZ15	1	U-01	suzukii	D. suzukii
A0AB39ZZ16	1	U-01	suzukii	D. suzukii
A0AB39ZZ18	1	U-01	suzukii	D. suzukii
A0AB39ZZ20	2	U-02	suzukii	D. suzukii
A0AB39ZZ37	1	U-01	suzukii	D. suzukii
A0AB39ZZ39	1	U-01	suzukii	D. suzukii
A0AB39ZZ40	0	unassigned	suzukii	D. suzukii
A0AB39ZZ43	1	U-01	suzukii	D. suzukii
A0AB39ZZ45	1	U-01	suzukii	D. suzukii
A0AB39ZZ51	2	U-02	suzukii	D. suzukii
A0AB39ZZ53	2	U-02	suzukii	D. suzukii
A0AB39ZZ54	1	U-01	suzukii	D. suzukii
A0AB39ZZ58	1	U-01	suzukii	D. suzukii
A0AB39ZZ59	1	U-01	suzukii	D. suzukii
A0AB39ZZ62	1	U-01	suzukii	D. suzukii
A0AB39ZZ64	1	U-01	suzukii	D. suzukii
A0AB39ZZ66	1	U-01	suzukii	D. suzukii
A0AB39ZZ68	1	U-01	suzukii	D. suzukii
A0AB39ZZ72	1	U-01	suzukii	D. suzukii
A0AB39ZZ73	1	U-01	suzukii	D. suzukii
A0AB39ZZ74	1	U-01	suzukii	D. suzukii
A0AB39ZZ77	1	U-01	suzukii	D. suzukii
A0AB39ZZ79	3	U-03	suzukii	D. suzukii
A0AB39ZZ81	1	U-01	suzukii	D. suzukii
A0AB39ZZ82	2	U-02	suzukii	D. suzukii
A0AB39ZZ83	1	U-01	suzukii	D. suzukii
A0AB39ZZ84	1	U-01	suzukii	D. suzukii
A0AB39ZZ85	1	U-01	suzukii	D. suzukii
A0AB39ZZ86	0	unassigned	suzukii	D. suzukii
A0AB39ZZ88	2	U-02	suzukii	D. suzukii
A0AB39ZZ91	1	U-01	suzukii	D. suzukii
A0AB39ZZ96	3	U-03	suzukii	D. suzukii
A0AB39ZZ97	1	U-01	suzukii	D. suzukii
A0AB39ZZ98	1	U-01	suzukii	D. suzukii
A0AB39ZZ99	1	U-01	suzukii	D. suzukii
A0AB39ZZA1	1	U-01	suzukii	D. suzukii
A0AB39ZZA2	1	U-01	suzukii	D. suzukii
A0AB39ZZA3	1	U-01	suzukii	D. suzukii
A0AB39ZZA5	1	U-01	suzukii	D. suzukii
A0AB39ZZA6	1	U-01	suzukii	D. suzukii
A0AB39ZZA7	1	U-01	suzukii	D. suzukii
A0AB39ZZB2	1	U-01	suzukii	D. suzukii
A0AB39ZZB4	2	U-02	suzukii	D. suzukii
A0AB39ZZB8	1	U-01	suzukii	D. suzukii
A0AB39ZZB9	1	U-01	suzukii	D. suzukii
A0AB39ZZC2	1	U-01	suzukii	D. suzukii
A0AB39ZZC4	1	U-01	suzukii	D. suzukii
A0AB39ZZC5	1	U-01	suzukii	D. suzukii
A0AB39ZZC6	0	unassigned	suzukii	D. suzukii
A0AB39ZZC8	1	U-01	suzukii	D. suzukii
A0AB39ZZD1	1	U-01	suzukii	D. suzukii
A0AB39ZZD2	1	U-01	suzukii	D. suzukii
A0AB39ZZD3	2	U-02	suzukii	D. suzukii
A0AB39ZZD5	1	U-01	suzukii	D. suzukii
A0AB39ZZD7	1	U-01	suzukii	D. suzukii
A0AB39ZZD8	1	U-01	suzukii	D. suzukii
A0AB39ZZE0	0	unassigned	suzukii	D. suzukii
A0AB39ZZE2	1	U-01	suzukii	D. suzukii
A0AB39ZZE4	1	U-01	suzukii	D. suzukii
A0AB39ZZF0	1	U-01	suzukii	D. suzukii
A0AB39ZZF2	0	unassigned	suzukii	D. suzukii
A0AB39ZZF4	1	U-01	suzukii	D. suzukii
A0AB40A325	0	unassigned	suzukii	D. suzukii
A0AB40A326	1	U-01	suzukii	D. suzukii
A0AB40A327	1	U-01	suzukii	D. suzukii
A0AB40A333	1	U-01	suzukii	D. suzukii
A0AB40A336	1	U-01	suzukii	D. suzukii
A0AB40A340	1	U-01	suzukii	D. suzukii
A0AB40A346	1	U-01	suzukii	D. suzukii
A0AB40A347	1	U-01	suzukii	D. suzukii
A0AB40A350	0	unassigned	suzukii	D. suzukii
A0AB40A363	1	U-01	suzukii	D. suzukii
A0AB40A366	1	U-01	suzukii	D. suzukii
A0AB40A369	1	U-01	suzukii	D. suzukii
A0AB40A371	0	unassigned	suzukii	D. suzukii
A0AB40A380	1	U-01	suzukii	D. suzukii
A0AB40A382	1	U-01	suzukii	D. suzukii
A0AB40A393	1	U-01	suzukii	D. suzukii
A0AB40A394	1	U-01	suzukii	D. suzukii
A0AB40A3A8	1	U-01	suzukii	D. suzukii
A0AB40A3A9	1	U-01	suzukii	D. suzukii
A0AB40A3B1	1	U-01	suzukii	D. suzukii
A0AB40A3B6	0	unassigned	suzukii	D. suzukii
A0AB40A3B7	0	unassigned	suzukii	D. suzukii
A0AB40A3B9	1	U-01	suzukii	D. suzukii
A0AB40A3C3	2	U-02	suzukii	D. suzukii
A0AB40A3C4	0	unassigned	suzukii	D. suzukii
A0AB40A3C7	0	unassigned	suzukii	D. suzukii
A0AB40A3C8	1	U-01	suzukii	D. suzukii
A0AB40A3C9	1	U-01	suzukii	D. suzukii
A0ABM4TNI5	0	unassigned	suzukii	D. suzukii
A0ABM4TNI6	1	U-01	suzukii	D. suzukii
A0ABM4TNI7	1	U-01	suzukii	D. suzukii
A0ABM4TNI8	0	unassigned	suzukii	D. suzukii
A0ABM4TNI9	0	unassigned	suzukii	D. suzukii
A0ABM4TNJ0	0	unassigned	suzukii	D. suzukii
A0ABM4TNJ1	1	U-01	suzukii	D. suzukii
A0ABM4TNJ4	1	U-01	suzukii	D. suzukii
A0ABM4TNJ5	0	unassigned	suzukii	D. suzukii
A0ABM4TNJ6	0	unassigned	suzukii	D. suzukii
A0ABM4TNJ7	1	U-01	suzukii	D. suzukii
A0ABM4TNJ8	0	unassigned	suzukii	D. suzukii
A0ABM4TNJ9	0	unassigned	suzukii	D. suzukii
A0ABM4TNK0	1	U-01	suzukii	D. suzukii
A0ABM4TNK1	0	unassigned	suzukii	D. suzukii
A0ABM4TNK2	0	unassigned	suzukii	D. suzukii
A0ABM4TNK3	0	unassigned	suzukii	D. suzukii
A0ABM4TNK6	1	U-01	suzukii	D. suzukii
A0ABM4TNK7	1	U-01	suzukii	D. suzukii
A0ABM4TNK8	0	unassigned	suzukii	D. suzukii
A0ABM4TNK9	0	unassigned	suzukii	D. suzukii
A0ABM4TNL2	0	unassigned	suzukii	D. suzukii
A0ABM4TNL3	0	unassigned	suzukii	D. suzukii
A0ABM4TNL4	0	unassigned	suzukii	D. suzukii
A0ABM4TNL5	3	U-03	suzukii	D. suzukii
A0ABM4TNL6	1	U-01	suzukii	D. suzukii
A0ABM4TNL7	0	unassigned	suzukii	D. suzukii
A0ABM4TNL8	0	unassigned	suzukii	D. suzukii
A0ABM4TNM0	0	unassigned	suzukii	D. suzukii
A0ABM4TNM2	0	unassigned	suzukii	D. suzukii
A0ABM4TNM4	0	unassigned	suzukii	D. suzukii
A0ABM4TNM5	0	unassigned	suzukii	D. suzukii
A0ABM4TNM8	0	unassigned	suzukii	D. suzukii
A0ABM4TNN0	1	U-01	suzukii	D. suzukii
A0ABM4TNN1	0	unassigned	suzukii	D. suzukii
A0ABM4TNN3	0	unassigned	suzukii	D. suzukii
A0ABM4TNN4	0	unassigned	suzukii	D. suzukii
A0ABM4TNN5	1	U-01	suzukii	D. suzukii
A0ABM4TNN6	0	unassigned	suzukii	D. suzukii
A0ABM4TNN7	0	unassigned	suzukii	D. suzukii
A0ABM4TNN8	0	unassigned	suzukii	D. suzukii
A0ABM4TNP1	0	unassigned	suzukii	D. suzukii
A0ABM4TNP3	0	unassigned	suzukii	D. suzukii
A0ABM4TNP4	1	U-01	suzukii	D. suzukii
A0ABM4TNP5	0	unassigned	suzukii	D. suzukii
A0ABM4TNP6	0	unassigned	suzukii	D. suzukii
A0ABM4TNP7	0	unassigned	suzukii	D. suzukii
A0ABM4TNP8	0	unassigned	suzukii	D. suzukii
A0ABM4TNP9	0	unassigned	suzukii	D. suzukii
A0ABM4TNQ0	0	unassigned	suzukii	D. suzukii
A0ABM4TNQ1	1	U-01	suzukii	D. suzukii
A0ABM4TNQ2	0	unassigned	suzukii	D. suzukii
A0ABM4TTU7	1	U-01	suzukii	D. suzukii
A0ABM4TTU9	1	U-01	suzukii	D. suzukii
A0ABM4TTV4	1	U-01	suzukii	D. suzukii
A0ABM4TTV5	1	U-01	suzukii	D. suzukii
A0ABM4TTV6	1	U-01	suzukii	D. suzukii
A0ABM4TTV7	1	U-01	suzukii	D. suzukii
A0ABM4TTV8	1	U-01	suzukii	D. suzukii
A0ABM4TTV9	1	U-01	suzukii	D. suzukii
A0ABM4TTW1	1	U-01	suzukii	D. suzukii
A0ABM4TTW9	1	U-01	suzukii	D. suzukii
A0ABM4TTX0	1	U-01	suzukii	D. suzukii
A0ABM4TTX1	1	U-01	suzukii	D. suzukii
A0ABM4TTX7	0	unassigned	suzukii	D. suzukii
A0ABM4TTY8	1	U-01	suzukii	D. suzukii
A0ABM4TTZ0	1	U-01	suzukii	D. suzukii
A0ABM4TU05	1	U-01	suzukii	D. suzukii
A0ABM4TU06	1	U-01	suzukii	D. suzukii
A0ABM4TU14	1	U-01	suzukii	D. suzukii
A0ABM4TU21	1	U-01	suzukii	D. suzukii
A0ABM4TU22	1	U-01	suzukii	D. suzukii
A0ABM4TU24	1	U-01	suzukii	D. suzukii
A0ABM4TU29	0	unassigned	suzukii	D. suzukii
A0ABM4TU32	0	unassigned	suzukii	D. suzukii
A0ABM4TU34	0	unassigned	suzukii	D. suzukii
A0ABM4TU38	0	unassigned	suzukii	D. suzukii
A0ABM4TU41	0	unassigned	suzukii	D. suzukii
A0ABM4TU46	0	unassigned	suzukii	D. suzukii
A0ABM4TU48	1	U-01	suzukii	D. suzukii
A0ABM4TU51	1	U-01	suzukii	D. suzukii
A0ABM4TU54	0	unassigned	suzukii	D. suzukii
A0ABM4TU58	0	unassigned	suzukii	D. suzukii
A0ABM4TU59	1	U-01	suzukii	D. suzukii
A0ABM4TU64	1	U-01	suzukii	D. suzukii
A0ABM4TU65	1	U-01	suzukii	D. suzukii
A0ABM4TU68	1	U-01	suzukii	D. suzukii
A0ABM4TU70	1	U-01	suzukii	D. suzukii
A0ABM4TU72	1	U-01	suzukii	D. suzukii
A0ABM4TU73	0	unassigned	suzukii	D. suzukii
A0ABM4TU75	1	U-01	suzukii	D. suzukii
A0ABM4TU76	2	U-02	suzukii	D. suzukii
A0ABM4TU77	0	unassigned	suzukii	D. suzukii
A0ABM4TU79	2	U-02	suzukii	D. suzukii
A0ABM4TU80	0	unassigned	suzukii	D. suzukii
A0ABM4TU82	1	U-01	suzukii	D. suzukii
A0ABM4TU83	0	unassigned	suzukii	D. suzukii
A0ABM4TU85	0	unassigned	suzukii	D. suzukii
A0ABM4TU86	1	U-01	suzukii	D. suzukii
A0ABM4TU87	1	U-01	suzukii	D. suzukii
A0AB39ZEK2	2	U-02	suzukii	D. suzukii
A0AB39ZEK8	1	U-01	suzukii	D. suzukii
A0AB39ZEL1	2	U-02	suzukii	D. suzukii
A0AB39ZEL5	1	U-01	suzukii	D. suzukii
A0AB39ZEL6	1	U-01	suzukii	D. suzukii
A0AB39ZEL7	1	U-01	suzukii	D. suzukii
A0AB39ZEL8	0	unassigned	suzukii	D. suzukii
A0AB39ZEM1	1	U-01	suzukii	D. suzukii
A0AB39ZEM7	0	unassigned	suzukii	D. suzukii
A0AB39ZEM8	1	U-01	suzukii	D. suzukii
A0AB39ZEN0	1	U-01	suzukii	D. suzukii
A0AB39ZEN5	1	U-01	suzukii	D. suzukii
A0AB39ZEN6	1	U-01	suzukii	D. suzukii
A0AB39ZEN8	2	U-02	suzukii	D. suzukii
A0AB39ZEP2	1	U-01	suzukii	D. suzukii
A0AB39ZEP4	0	unassigned	suzukii	D. suzukii
A0AB39ZEP6	1	U-01	suzukii	D. suzukii
A0AB39ZEQ0	1	U-01	suzukii	D. suzukii
A0AB39ZEQ1	0	unassigned	suzukii	D. suzukii
A0AB39ZEQ5	1	U-01	suzukii	D. suzukii
A0AB39ZER1	0	unassigned	suzukii	D. suzukii
A0AB39ZER2	1	U-01	suzukii	D. suzukii
A0AB39ZER6	0	unassigned	suzukii	D. suzukii
A0AB39ZLS5	1	U-01	suzukii	D. suzukii
A0AB39ZLS7	2	U-02	suzukii	D. suzukii
A0AB39ZLT2	1	U-01	suzukii	D. suzukii
A0AB39ZLU4	1	U-01	suzukii	D. suzukii
A0AB39ZLU7	1	U-01	suzukii	D. suzukii
A0AB39ZLV1	1	U-01	suzukii	D. suzukii
A0AB39ZLV4	3	U-03	suzukii	D. suzukii
A0AB39ZLV7	1	U-01	suzukii	D. suzukii
A0AB39ZLW1	1	U-01	suzukii	D. suzukii
A0AB39ZLW3	2	U-02	suzukii	D. suzukii
A0AB39ZLW5	1	U-01	suzukii	D. suzukii
A0AB39ZLX3	0	unassigned	suzukii	D. suzukii
A0AB39ZLX6	2	U-02	suzukii	D. suzukii
A0AB39ZLX9	1	U-01	suzukii	D. suzukii
A0AB39ZLY3	1	U-01	suzukii	D. suzukii
A0AB39ZLY4	1	U-01	suzukii	D. suzukii
A0AB39ZLY8	3	U-03	suzukii	D. suzukii
A0AB39ZLY9	1	U-01	suzukii	D. suzukii
A0AB39ZLZ6	1	U-01	suzukii	D. suzukii
A0AB39ZLZ8	1	U-01	suzukii	D. suzukii
A0AB39ZM00	0	unassigned	suzukii	D. suzukii
A0AB39ZM01	1	U-01	suzukii	D. suzukii
A0AB39ZM04	1	U-01	suzukii	D. suzukii
A0AB39ZM05	1	U-01	suzukii	D. suzukii
A0AB39ZM13	1	U-01	suzukii	D. suzukii
A0AB39ZM14	1	U-01	suzukii	D. suzukii
A0AB39ZM15	2	U-02	suzukii	D. suzukii
A0AB39ZM18	1	U-01	suzukii	D. suzukii
A0AB39ZM19	1	U-01	suzukii	D. suzukii
A0AB39ZM21	1	U-01	suzukii	D. suzukii
A0AB39ZM22	1	U-01	suzukii	D. suzukii
A0AB39ZM24	2	U-02	suzukii	D. suzukii
A0AB39ZM26	1	U-01	suzukii	D. suzukii
A0AB39ZM28	1	U-01	suzukii	D. suzukii
A0AB39ZM29	1	U-01	suzukii	D. suzukii
A0AB39ZM30	2	U-02	suzukii	D. suzukii
A0AB39ZM32	1	U-01	suzukii	D. suzukii
A0AB39ZM35	1	U-01	suzukii	D. suzukii
A0AB39ZM36	1	U-01	suzukii	D. suzukii
A0AB39ZM37	2	U-02	suzukii	D. suzukii
A0AB39ZM46	0	unassigned	suzukii	D. suzukii
A0AB39ZM49	1	U-01	suzukii	D. suzukii
A0AB39ZM50	1	U-01	suzukii	D. suzukii
A0AB39ZM52	1	U-01	suzukii	D. suzukii
A0AB39ZM66	1	U-01	suzukii	D. suzukii
A0AB39ZM68	1	U-01	suzukii	D. suzukii
A0AB39ZM78	1	U-01	suzukii	D. suzukii
A0AB39ZM79	0	unassigned	suzukii	D. suzukii
A0AB39ZM80	1	U-01	suzukii	D. suzukii
A0AB39ZM87	1	U-01	suzukii	D. suzukii
A0AB39ZM90	2	U-02	suzukii	D. suzukii
A0AB39ZM91	1	U-01	suzukii	D. suzukii
A0AB39ZM92	3	U-03	suzukii	D. suzukii
A0AB39ZM95	1	U-01	suzukii	D. suzukii
A0AB39ZM96	1	U-01	suzukii	D. suzukii
A0AB39ZM98	1	U-01	suzukii	D. suzukii
A0AB39ZMA1	0	unassigned	suzukii	D. suzukii
A0AB39ZMA3	1	U-01	suzukii	D. suzukii
A0AB39ZMA4	1	U-01	suzukii	D. suzukii
A0AB39ZMA6	1	U-01	suzukii	D. suzukii
A0AB39ZMB1	1	U-01	suzukii	D. suzukii
A0AB39ZMB3	0	unassigned	suzukii	D. suzukii
A0AB39ZMC3	1	U-01	suzukii	D. suzukii
A0AB39ZMC7	1	U-01	suzukii	D. suzukii
A0AB39ZMC8	2	U-02	suzukii	D. suzukii
A0AB39ZMD0	1	U-01	suzukii	D. suzukii
A0AB39ZMD7	3	U-03	suzukii	D. suzukii
A0AB39ZME0	1	U-01	suzukii	D. suzukii
A0AB39ZME1	0	unassigned	suzukii	D. suzukii
A0AB39ZME6	1	U-01	suzukii	D. suzukii
A0AB39ZME9	1	U-01	suzukii	D. suzukii
A0AB39ZMF2	2	U-02	suzukii	D. suzukii
A0AB39ZMF6	1	U-01	suzukii	D. suzukii
A0AB39ZMF7	0	unassigned	suzukii	D. suzukii
A0AB39ZMF8	1	U-01	suzukii	D. suzukii
A0AB39ZMG3	1	U-01	suzukii	D. suzukii
A0AB39ZMG5	1	U-01	suzukii	D. suzukii
A0AB40DFQ3	2	U-02	suzukii	D. suzukii
A0AB40DFQ6	2	U-02	suzukii	D. suzukii
A0AB40DFQ8	2	U-02	suzukii	D. suzukii
A0AB40DFR6	0	unassigned	suzukii	D. suzukii
A0ABM4TRJ8	1	U-01	suzukii	D. suzukii
A0ABM4TRJ9	1	U-01	suzukii	D. suzukii
A0ABM4TRK0	3	U-03	suzukii	D. suzukii
A0ABM4TRK1	3	U-03	suzukii	D. suzukii
A0ABM4TRK5	1	U-01	suzukii	D. suzukii
A0ABM4TRK6	1	U-01	suzukii	D. suzukii
A0ABM4TRK7	1	U-01	suzukii	D. suzukii
A0ABM4TRL0	1	U-01	suzukii	D. suzukii
A0ABM4TRL1	2	U-02	suzukii	D. suzukii
A0ABM4TRL2	1	U-01	suzukii	D. suzukii
A0ABM4TRL7	0	unassigned	suzukii	D. suzukii
A0ABM4TRL9	1	U-01	suzukii	D. suzukii
A0ABM4TRN5	1	U-01	suzukii	D. suzukii
A0ABM4TRQ0	0	unassigned	suzukii	D. suzukii
A0ABM4TRR5	2	U-02	suzukii	D. suzukii
A0ABM4TRR7	2	U-02	suzukii	D. suzukii
A0ABM4TRS5	2	U-02	suzukii	D. suzukii
A0ABM4TRS6	2	U-02	suzukii	D. suzukii
A0ABM4TRT8	1	U-01	suzukii	D. suzukii
A0ABM4TRU5	2	U-02	suzukii	D. suzukii
A0ABM4TRV6	1	U-01	suzukii	D. suzukii
A0ABM4TRW6	1	U-01	suzukii	D. suzukii
A0ABM4TRW8	2	U-02	suzukii	D. suzukii
A0ABM4TRW9	0	unassigned	suzukii	D. suzukii
A0ABM4TRY7	2	U-02	suzukii	D. suzukii
A0ABM4TRZ6	0	unassigned	suzukii	D. suzukii
A0ABM4TRZ8	0	unassigned	suzukii	D. suzukii
A0ABM4TS01	1	U-01	suzukii	D. suzukii
A0ABM4TS05	0	unassigned	suzukii	D. suzukii
A0ABM4TS12	1	U-01	suzukii	D. suzukii
A0ABM4TS14	1	U-01	suzukii	D. suzukii
A0ABM4TS16	1	U-01	suzukii	D. suzukii
A0ABM4TS18	1	U-01	suzukii	D. suzukii
A0ABM4TS19	2	U-02	suzukii	D. suzukii
A0ABM4TS21	0	unassigned	suzukii	D. suzukii
A0ABM4TS24	1	U-01	suzukii	D. suzukii
A0ABM4TS25	1	U-01	suzukii	D. suzukii
A0ABM4TS29	1	U-01	suzukii	D. suzukii
A0ABM4TS36	0	unassigned	suzukii	D. suzukii
A0ABM4TS37	1	U-01	suzukii	D. suzukii
A0ABM4TS41	1	U-01	suzukii	D. suzukii
A0ABM4TS55	1	U-01	suzukii	D. suzukii
A0ABM4TS56	0	unassigned	suzukii	D. suzukii
A0ABM4TS59	1	U-01	suzukii	D. suzukii
A0ABM4TS78	2	U-02	suzukii	D. suzukii
A0ABM4TS89	0	unassigned	suzukii	D. suzukii
A0ABM4TS90	1	U-01	suzukii	D. suzukii
A0ABM4TS96	2	U-02	suzukii	D. suzukii
A0ABM4TS97	1	U-01	suzukii	D. suzukii
A0ABM4TSA4	1	U-01	suzukii	D. suzukii
A0ABM4TSB2	1	U-01	suzukii	D. suzukii
A0ABM4TSB5	1	U-01	suzukii	D. suzukii
A0ABM4TSB6	0	unassigned	suzukii	D. suzukii
A0ABM4TSB8	1	U-01	suzukii	D. suzukii
A0ABM4TSB9	0	unassigned	suzukii	D. suzukii
A0ABM4TSC0	1	U-01	suzukii	D. suzukii
A0ABM4TSC9	1	U-01	suzukii	D. suzukii
A0ABM4TSD0	1	U-01	suzukii	D. suzukii
A0ABM4TSD2	1	U-01	suzukii	D. suzukii
A0ABM4TSE5	1	U-01	suzukii	D. suzukii
A0ABM4TSE7	1	U-01	suzukii	D. suzukii
A0ABM4TSF4	1	U-01	suzukii	D. suzukii
A0ABM4TSH6	0	unassigned	suzukii	D. suzukii
A0ABM4TSI7	0	unassigned	suzukii	D. suzukii
A0ABM4TSJ1	1	U-01	suzukii	D. suzukii
A0ABM4TSJ2	0	unassigned	suzukii	D. suzukii
A0ABM4TSJ9	0	unassigned	suzukii	D. suzukii
A0ABM4TSK0	0	unassigned	suzukii	D. suzukii
A0ABM4TSK1	0	unassigned	suzukii	D. suzukii
A0ABM4TSK2	0	unassigned	suzukii	D. suzukii
A0ABM4TSK3	0	unassigned	suzukii	D. suzukii
A0ABM4TSK5	0	unassigned	suzukii	D. suzukii
A0ABM4TSK6	2	U-02	suzukii	D. suzukii
A0ABM4TSK8	0	unassigned	suzukii	D. suzukii
A0ABM4TSK9	0	unassigned	suzukii	D. suzukii
A0ABM4TSL0	0	unassigned	suzukii	D. suzukii
A0ABM4TSL1	0	unassigned	suzukii	D. suzukii
A0ABM4TSL2	0	unassigned	suzukii	D. suzukii
A0ABM4TSL3	0	unassigned	suzukii	D. suzukii
A0ABM4TSL5	3	U-03	suzukii	D. suzukii
A0ABM4TSL6	0	unassigned	suzukii	D. suzukii
A0ABM4TSL7	0	unassigned	suzukii	D. suzukii
A0ABM4TSL9	0	unassigned	suzukii	D. suzukii
A0ABM4TSM3	1	U-01	suzukii	D. suzukii
A0ABM4TSM6	3	U-03	suzukii	D. suzukii
A0ABM4TSM8	1	U-01	suzukii	D. suzukii
A0ABM4TSM9	1	U-01	suzukii	D. suzukii
A0ABM4TSN1	1	U-01	suzukii	D. suzukii
A0ABM4TSN2	1	U-01	suzukii	D. suzukii
A0ABM4TSN5	1	U-01	suzukii	D. suzukii
A0ABM4TSN6	1	U-01	suzukii	D. suzukii
A0ABM4TSN7	1	U-01	suzukii	D. suzukii
A0ABM4TSP7	1	U-01	suzukii	D. suzukii
A0ABM4TSP8	1	U-01	suzukii	D. suzukii
A0ABM4TSQ3	1	U-01	suzukii	D. suzukii
A0ABM4TSQ4	0	unassigned	suzukii	D. suzukii
A0AB40A054	0	unassigned	suzukii	D. suzukii
A0AB40A057	2	U-02	suzukii	D. suzukii
A0AB40A062	1	U-01	suzukii	D. suzukii
A0AB40A064	0	unassigned	suzukii	D. suzukii
A0AB40A067	1	U-01	suzukii	D. suzukii
A0AB40A068	1	U-01	suzukii	D. suzukii
A0AB40A069	1	U-01	suzukii	D. suzukii
A0AB40A070	0	unassigned	suzukii	D. suzukii
A0AB40A075	2	U-02	suzukii	D. suzukii
A0AB40A076	1	U-01	suzukii	D. suzukii
A0AB40A077	1	U-01	suzukii	D. suzukii
A0AB40A078	0	unassigned	suzukii	D. suzukii
A0AB40A080	1	U-01	suzukii	D. suzukii
A0AB40A087	1	U-01	suzukii	D. suzukii
A0AB40A088	1	U-01	suzukii	D. suzukii
A0AB40A089	1	U-01	suzukii	D. suzukii
A0AB40A090	1	U-01	suzukii	D. suzukii
A0AB40A091	1	U-01	suzukii	D. suzukii
A0AB40A094	1	U-01	suzukii	D. suzukii
A0AB40A0A0	2	U-02	suzukii	D. suzukii
A0AB40A0A2	0	unassigned	suzukii	D. suzukii
A0AB40A0A4	1	U-01	suzukii	D. suzukii
A0AB40A0A5	1	U-01	suzukii	D. suzukii
A0AB40A0B0	1	U-01	suzukii	D. suzukii
A0AB40A0B6	1	U-01	suzukii	D. suzukii
A0AB40A0B8	1	U-01	suzukii	D. suzukii
A0AB40A0C1	0	unassigned	suzukii	D. suzukii
A0AB40A0C2	0	unassigned	suzukii	D. suzukii
A0AB40A0C4	1	U-01	suzukii	D. suzukii
A0AB40A0C5	1	U-01	suzukii	D. suzukii
A0AB40A0C6	1	U-01	suzukii	D. suzukii
A0AB40A0C7	1	U-01	suzukii	D. suzukii
A0AB40A0D0	1	U-01	suzukii	D. suzukii
A0AB40A0D3	1	U-01	suzukii	D. suzukii
A0AB40A0D4	1	U-01	suzukii	D. suzukii
A0AB40A0D8	1	U-01	suzukii	D. suzukii
A0AB40A0E0	1	U-01	suzukii	D. suzukii
A0AB40A0E1	1	U-01	suzukii	D. suzukii
A0AB40A0E2	0	unassigned	suzukii	D. suzukii
A0AB40A0E4	1	U-01	suzukii	D. suzukii
A0AB40A0E8	1	U-01	suzukii	D. suzukii
A0AB40A0E9	1	U-01	suzukii	D. suzukii
A0AB40A0F2	1	U-01	suzukii	D. suzukii
A0AB40A0F3	0	unassigned	suzukii	D. suzukii
A0AB40A0F8	1	U-01	suzukii	D. suzukii
A0AB40A0F9	1	U-01	suzukii	D. suzukii
A0AB40A0G0	1	U-01	suzukii	D. suzukii
A0AB40A0G1	0	unassigned	suzukii	D. suzukii
A0AB40A0G4	1	U-01	suzukii	D. suzukii
A0AB40A0G7	1	U-01	suzukii	D. suzukii
A0AB40A0G8	0	unassigned	suzukii	D. suzukii
A0AB40A0H7	1	U-01	suzukii	D. suzukii
A0AB40A0H9	1	U-01	suzukii	D. suzukii
A0AB40A0I1	0	unassigned	suzukii	D. suzukii
A0AB40A0I2	1	U-01	suzukii	D. suzukii
A0AB40A0I9	3	U-03	suzukii	D. suzukii
A0AB40A0J0	1	U-01	suzukii	D. suzukii
A0AB40A0J3	1	U-01	suzukii	D. suzukii
A0AB40A0K3	1	U-01	suzukii	D. suzukii
A0AB40A0K4	1	U-01	suzukii	D. suzukii
A0AB40A0K7	1	U-01	suzukii	D. suzukii
A0AB40A0K8	1	U-01	suzukii	D. suzukii
A0AB40A0L0	1	U-01	suzukii	D. suzukii
A0AB40A0L2	0	unassigned	suzukii	D. suzukii
A0AB40A0L3	1	U-01	suzukii	D. suzukii
A0AB40A0L8	1	U-01	suzukii	D. suzukii
A0AB40A0L9	1	U-01	suzukii	D. suzukii
A0AB40A0M2	2	U-02	suzukii	D. suzukii
A0AB40A0N0	0	unassigned	suzukii	D. suzukii
A0AB40A0N9	2	U-02	suzukii	D. suzukii
A0AB40A0P6	1	U-01	suzukii	D. suzukii
A0AB40A0P9	1	U-01	suzukii	D. suzukii
A0AB40A0Q3	1	U-01	suzukii	D. suzukii
A0AB40A0Q4	0	unassigned	suzukii	D. suzukii
A0AB40A0Q8	1	U-01	suzukii	D. suzukii
A0AB40A0Q9	1	U-01	suzukii	D. suzukii
A0AB40A0R2	1	U-01	suzukii	D. suzukii
A0AB40A0R5	1	U-01	suzukii	D. suzukii
A0AB40A0R9	2	U-02	suzukii	D. suzukii
A0AB40A0S5	1	U-01	suzukii	D. suzukii
A0AB40A0S6	0	unassigned	suzukii	D. suzukii
A0AB40A0T0	1	U-01	suzukii	D. suzukii
A0AB40A0T1	2	U-02	suzukii	D. suzukii
A0AB40A0T2	0	unassigned	suzukii	D. suzukii
A0AB40A0U1	2	U-02	suzukii	D. suzukii
A0AB40A0U3	1	U-01	suzukii	D. suzukii
A0AB40A760	1	U-01	suzukii	D. suzukii
A0AB40A761	1	U-01	suzukii	D. suzukii
A0AB40A763	1	U-01	suzukii	D. suzukii
A0AB40A767	1	U-01	suzukii	D. suzukii
A0AB40A769	1	U-01	suzukii	D. suzukii
A0AB40A772	1	U-01	suzukii	D. suzukii
A0AB40A776	1	U-01	suzukii	D. suzukii
A0AB40A777	0	unassigned	suzukii	D. suzukii
A0AB40A779	0	unassigned	suzukii	D. suzukii
A0AB40A782	0	unassigned	suzukii	D. suzukii
A0AB40A783	0	unassigned	suzukii	D. suzukii
A0AB40A788	0	unassigned	suzukii	D. suzukii
A0AB40A790	1	U-01	suzukii	D. suzukii
A0AB40A791	0	unassigned	suzukii	D. suzukii
A0AB39Z081	1	U-01	suzukii	D. suzukii
A0AB39Z082	2	U-02	suzukii	D. suzukii
A0AB39Z092	1	U-01	suzukii	D. suzukii
A0AB39Z095	1	U-01	suzukii	D. suzukii
A0AB39Z0A1	0	unassigned	suzukii	D. suzukii
A0AB39Z0A2	1	U-01	suzukii	D. suzukii
A0AB39Z0A7	1	U-01	suzukii	D. suzukii
A0AB39Z0A9	1	U-01	suzukii	D. suzukii
A0AB39Z0B1	1	U-01	suzukii	D. suzukii
A0AB39Z0B8	1	U-01	suzukii	D. suzukii
A0AB39Z0C0	2	U-02	suzukii	D. suzukii
A0AB39Z0C2	1	U-01	suzukii	D. suzukii
A0AB39Z0C5	1	U-01	suzukii	D. suzukii
A0AB39Z0D2	0	unassigned	suzukii	D. suzukii
A0AB39Z0D3	2	U-02	suzukii	D. suzukii
A0AB39Z0D6	1	U-01	suzukii	D. suzukii
A0AB39Z0D9	3	U-03	suzukii	D. suzukii
A0AB39Z0E6	1	U-01	suzukii	D. suzukii
A0AB39Z0E7	3	U-03	suzukii	D. suzukii
A0AB39Z0E9	1	U-01	suzukii	D. suzukii
A0AB39Z0F4	1	U-01	suzukii	D. suzukii
A0AB39Z0F6	1	U-01	suzukii	D. suzukii
A0AB39Z0F7	1	U-01	suzukii	D. suzukii
A0AB39Z0F9	1	U-01	suzukii	D. suzukii
A0AB39Z0G3	0	unassigned	suzukii	D. suzukii
A0AB39Z0G9	2	U-02	suzukii	D. suzukii
A0AB39Z0H0	3	U-03	suzukii	D. suzukii
A0AB39Z0H7	2	U-02	suzukii	D. suzukii
A0AB39Z0H8	2	U-02	suzukii	D. suzukii
A0AB39Z0I6	1	U-01	suzukii	D. suzukii
A0AB39Z0J2	1	U-01	suzukii	D. suzukii
A0AB39Z0J3	1	U-01	suzukii	D. suzukii
A0AB39Z0J6	3	U-03	suzukii	D. suzukii
A0AB39Z0J9	1	U-01	suzukii	D. suzukii
A0AB39Z0K0	0	unassigned	suzukii	D. suzukii
A0AB39Z0K2	1	U-01	suzukii	D. suzukii
A0AB39Z0K3	0	unassigned	suzukii	D. suzukii
A0AB39Z0K6	1	U-01	suzukii	D. suzukii
A0AB39Z0K7	1	U-01	suzukii	D. suzukii
A0AB39Z0L0	1	U-01	suzukii	D. suzukii
A0AB39Z0L2	1	U-01	suzukii	D. suzukii
A0AB39Z0L3	1	U-01	suzukii	D. suzukii
A0AB39Z0L6	1	U-01	suzukii	D. suzukii
A0AB39Z0L9	1	U-01	suzukii	D. suzukii
A0AB39Z0M3	1	U-01	suzukii	D. suzukii
A0AB39Z0M7	1	U-01	suzukii	D. suzukii
A0AB39Z0N0	1	U-01	suzukii	D. suzukii
A0AB39Z0N1	3	U-03	suzukii	D. suzukii
A0AB39Z0N3	0	unassigned	suzukii	D. suzukii
A0AB39Z0N4	1	U-01	suzukii	D. suzukii
A0AB39Z0N7	1	U-01	suzukii	D. suzukii
A0AB39Z0P4	1	U-01	suzukii	D. suzukii
A0AB39Z0P6	1	U-01	suzukii	D. suzukii
A0AB39Z0Q1	1	U-01	suzukii	D. suzukii
A0AB39Z0Q8	1	U-01	suzukii	D. suzukii
A0AB39Z0R1	1	U-01	suzukii	D. suzukii
A0AB39Z0R4	1	U-01	suzukii	D. suzukii
A0AB39Z0R7	1	U-01	suzukii	D. suzukii
A0AB39Z6X6	1	U-01	suzukii	D. suzukii
A0AB39Z6X9	1	U-01	suzukii	D. suzukii
A0AB39Z6Y0	0	unassigned	suzukii	D. suzukii
A0AB39Z6Y9	1	U-01	suzukii	D. suzukii
A0AB39Z6Z3	1	U-01	suzukii	D. suzukii
A0AB39Z6Z5	1	U-01	suzukii	D. suzukii
A0AB39Z6Z7	1	U-01	suzukii	D. suzukii
A0AB39Z6Z8	1	U-01	suzukii	D. suzukii
A0AB39Z700	0	unassigned	suzukii	D. suzukii
A0AB39Z701	1	U-01	suzukii	D. suzukii
A0AB39Z706	1	U-01	suzukii	D. suzukii
A0AB39Z716	1	U-01	suzukii	D. suzukii
A0AB39Z720	2	U-02	suzukii	D. suzukii
A0AB39Z725	1	U-01	suzukii	D. suzukii
A0AB39Z726	0	unassigned	suzukii	D. suzukii
A0AB39Z727	1	U-01	suzukii	D. suzukii
A0AB39Z729	2	U-02	suzukii	D. suzukii
A0AB39Z730	0	unassigned	suzukii	D. suzukii
A0AB39Z735	2	U-02	suzukii	D. suzukii
A0AB39Z736	2	U-02	suzukii	D. suzukii
A0AB39Z738	1	U-01	suzukii	D. suzukii
A0AB39Z743	1	U-01	suzukii	D. suzukii
A0AB39Z746	2	U-02	suzukii	D. suzukii
A0AB39Z747	1	U-01	suzukii	D. suzukii
A0AB39Z750	2	U-02	suzukii	D. suzukii
A0AB39Z751	2	U-02	suzukii	D. suzukii
A0AB39Z752	0	unassigned	suzukii	D. suzukii
A0AB39Z753	2	U-02	suzukii	D. suzukii
A0AB39Z754	1	U-01	suzukii	D. suzukii
A0AB39Z755	0	unassigned	suzukii	D. suzukii
A0AB39Z757	1	U-01	suzukii	D. suzukii
A0AB39Z768	1	U-01	suzukii	D. suzukii
A0AB39Z774	1	U-01	suzukii	D. suzukii
A0AB39Z779	1	U-01	suzukii	D. suzukii
A0AB39Z783	1	U-01	suzukii	D. suzukii
A0AB39Z789	2	U-02	suzukii	D. suzukii
A0AB39Z792	1	U-01	suzukii	D. suzukii
A0AB39Z793	1	U-01	suzukii	D. suzukii
A0AB39Z794	0	unassigned	suzukii	D. suzukii
A0AB39Z795	1	U-01	suzukii	D. suzukii
A0AB39Z796	2	U-02	suzukii	D. suzukii
A0AB39Z797	1	U-01	suzukii	D. suzukii
A0AB39ZXF4	3	U-03	suzukii	D. suzukii
A0AB39ZXF8	2	U-02	suzukii	D. suzukii
A0AB39ZXG3	2	U-02	suzukii	D. suzukii
A0AB39ZXG4	2	U-02	suzukii	D. suzukii
A0AB39ZXG5	1	U-01	suzukii	D. suzukii
A0AB39ZXG6	1	U-01	suzukii	D. suzukii
A0AB39ZXG7	1	U-01	suzukii	D. suzukii
A0AB39ZXH3	1	U-01	suzukii	D. suzukii
A0AB39ZXH4	0	unassigned	suzukii	D. suzukii
A0AB39ZXH6	1	U-01	suzukii	D. suzukii
A0AB39ZXI1	1	U-01	suzukii	D. suzukii
A0AB39ZXI2	2	U-02	suzukii	D. suzukii
A0AB39ZXI7	1	U-01	suzukii	D. suzukii
A0AB39ZXI9	1	U-01	suzukii	D. suzukii
A0AB39ZXJ0	2	U-02	suzukii	D. suzukii
A0AB39ZXJ4	1	U-01	suzukii	D. suzukii
A0AB39ZXJ8	1	U-01	suzukii	D. suzukii
A0AB39ZXK0	3	U-03	suzukii	D. suzukii
A0AB39ZXK3	1	U-01	suzukii	D. suzukii
A0AB39ZXK7	1	U-01	suzukii	D. suzukii
A0AB39ZXL0	1	U-01	suzukii	D. suzukii
A0AB39ZXL3	1	U-01	suzukii	D. suzukii
A0AB39ZXL5	1	U-01	suzukii	D. suzukii
A0AB39ZXL9	0	unassigned	suzukii	D. suzukii
A0AB39ZXM0	2	U-02	suzukii	D. suzukii
A0AB39ZXM1	1	U-01	suzukii	D. suzukii
A0AB39ZXM2	1	U-01	suzukii	D. suzukii
A0AB39ZXM3	1	U-01	suzukii	D. suzukii
A0AB39ZXM6	3	U-03	suzukii	D. suzukii
A0AB39ZXM9	0	unassigned	suzukii	D. suzukii
A0AB39ZXN2	1	U-01	suzukii	D. suzukii
A0AB39ZXN4	1	U-01	suzukii	D. suzukii
A0AB39ZXN5	1	U-01	suzukii	D. suzukii
A0AB39ZXN6	2	U-02	suzukii	D. suzukii
A0AB39ZXN7	1	U-01	suzukii	D. suzukii
A0AB39ZXN9	3	U-03	suzukii	D. suzukii
A0AB39ZXP1	1	U-01	suzukii	D. suzukii
A0AB39ZXP2	1	U-01	suzukii	D. suzukii
A0AB39ZXP6	1	U-01	suzukii	D. suzukii
A0AB39ZXP8	1	U-01	suzukii	D. suzukii
A0AB39ZXQ1	1	U-01	suzukii	D. suzukii
A0AB39ZXQ4	1	U-01	suzukii	D. suzukii
A0AB39ZXQ5	3	U-03	suzukii	D. suzukii
A0AB39ZXQ6	1	U-01	suzukii	D. suzukii
A0AB39ZXQ7	0	unassigned	suzukii	D. suzukii
A0AB39ZXR4	1	U-01	suzukii	D. suzukii
A0AB39ZXR7	1	U-01	suzukii	D. suzukii
A0AB39ZXS0	3	U-03	suzukii	D. suzukii
A0AB39ZXS5	1	U-01	suzukii	D. suzukii
A0AB39ZXS7	1	U-01	suzukii	D. suzukii
A0AB40A455	2	U-02	suzukii	D. suzukii
A0AB40A457	2	U-02	suzukii	D. suzukii
A0AB40A459	1	U-01	suzukii	D. suzukii
A0AB40A463	1	U-01	suzukii	D. suzukii
A0AB40A465	0	unassigned	suzukii	D. suzukii
A0AB40A466	0	unassigned	suzukii	D. suzukii
A0AB40A470	1	U-01	suzukii	D. suzukii
A0AB40A474	1	U-01	suzukii	D. suzukii
A0AB40A478	1	U-01	suzukii	D. suzukii
A0AB40A479	1	U-01	suzukii	D. suzukii
A0AB40A480	0	unassigned	suzukii	D. suzukii
A0AB40A481	0	unassigned	suzukii	D. suzukii
A0AB40A483	1	U-01	suzukii	D. suzukii
A0AB40A484	1	U-01	suzukii	D. suzukii
A0AB40A485	1	U-01	suzukii	D. suzukii
A0AB40A486	1	U-01	suzukii	D. suzukii
A0AB40A489	2	U-02	suzukii	D. suzukii
A0AB40A491	1	U-01	suzukii	D. suzukii
A0AB40A492	0	unassigned	suzukii	D. suzukii
A0AB40A494	1	U-01	suzukii	D. suzukii
A0AB40A499	1	U-01	suzukii	D. suzukii
A0AB40A4A0	1	U-01	suzukii	D. suzukii
A0AB40A4A3	1	U-01	suzukii	D. suzukii
A0AB40A4A4	1	U-01	suzukii	D. suzukii
A0AB40A4A5	3	U-03	suzukii	D. suzukii
A0AB40A4A7	1	U-01	suzukii	D. suzukii
A0AB40A4A9	1	U-01	suzukii	D. suzukii
A0AB40A4B2	0	unassigned	suzukii	D. suzukii
A0AB40A4B3	2	U-02	suzukii	D. suzukii
A0AB40A4B4	3	U-03	suzukii	D. suzukii
A0AB40A4B5	2	U-02	suzukii	D. suzukii
A0AB40A4B7	1	U-01	suzukii	D. suzukii
A0AB40A4B8	2	U-02	suzukii	D. suzukii
A0AB40A4C9	1	U-01	suzukii	D. suzukii
A0AB40A4D1	1	U-01	suzukii	D. suzukii
A0AB40A4D5	1	U-01	suzukii	D. suzukii
A0AB40A4E1	1	U-01	suzukii	D. suzukii
A0AB40A4E6	0	unassigned	suzukii	D. suzukii
A0AB40A4E7	1	U-01	suzukii	D. suzukii
A0AB40A4E9	0	unassigned	suzukii	D. suzukii
A0AB40A4F1	1	U-01	suzukii	D. suzukii
A0AB40A4F3	0	unassigned	suzukii	D. suzukii
A0AB40A4F5	1	U-01	suzukii	D. suzukii
A0AB40A4F6	0	unassigned	suzukii	D. suzukii
A0AB40A4F7	1	U-01	suzukii	D. suzukii
A0AB40A4F8	0	unassigned	suzukii	D. suzukii
A0AB40A4G3	1	U-01	suzukii	D. suzukii
A0AB40A4G7	0	unassigned	suzukii	D. suzukii
A0AB40A4H2	0	unassigned	suzukii	D. suzukii
A0AB40A4H3	1	U-01	suzukii	D. suzukii
A0AB39Z723	1	U-01	suzukii	D. suzukii
A0AB39Z732	0	unassigned	suzukii	D. suzukii
A0AB39Z733	1	U-01	suzukii	D. suzukii
A0AB39Z734	2	U-02	suzukii	D. suzukii
A0AB39Z741	1	U-01	suzukii	D. suzukii
A0AB39Z744	2	U-02	suzukii	D. suzukii
A0AB39Z748	0	unassigned	suzukii	D. suzukii
A0AB39Z749	1	U-01	suzukii	D. suzukii
A0AB39Z756	1	U-01	suzukii	D. suzukii
A0AB39Z759	1	U-01	suzukii	D. suzukii
A0AB39Z760	1	U-01	suzukii	D. suzukii
A0AB39Z763	1	U-01	suzukii	D. suzukii
A0AB39Z765	1	U-01	suzukii	D. suzukii
A0AB39Z771	2	U-02	suzukii	D. suzukii
A0AB39Z772	1	U-01	suzukii	D. suzukii
A0AB39Z773	1	U-01	suzukii	D. suzukii
A0AB39Z775	1	U-01	suzukii	D. suzukii
A0AB39Z776	1	U-01	suzukii	D. suzukii
A0AB39Z777	1	U-01	suzukii	D. suzukii
A0AB39Z778	1	U-01	suzukii	D. suzukii
A0AB39ZBD7	1	U-01	suzukii	D. suzukii
A0AB39ZBD8	1	U-01	suzukii	D. suzukii
A0AB39ZBE0	1	U-01	suzukii	D. suzukii
A0AB39ZBE1	1	U-01	suzukii	D. suzukii
A0AB39ZBE2	1	U-01	suzukii	D. suzukii
A0AB39ZBE3	1	U-01	suzukii	D. suzukii
A0AB39ZBE6	1	U-01	suzukii	D. suzukii
A0AB39ZBE7	2	U-02	suzukii	D. suzukii
A0AB39ZBE8	1	U-01	suzukii	D. suzukii
A0AB39ZBF1	1	U-01	suzukii	D. suzukii
A0AB39ZBF2	1	U-01	suzukii	D. suzukii
A0AB39ZBF5	1	U-01	suzukii	D. suzukii
A0AB39ZBF6	1	U-01	suzukii	D. suzukii
A0AB39ZBF7	1	U-01	suzukii	D. suzukii
A0AB39ZBG0	1	U-01	suzukii	D. suzukii
A0AB39ZBG2	1	U-01	suzukii	D. suzukii
A0AB39ZBG3	1	U-01	suzukii	D. suzukii
A0AB39ZBG5	1	U-01	suzukii	D. suzukii
A0AB39ZBG7	1	U-01	suzukii	D. suzukii
A0AB39ZBG9	1	U-01	suzukii	D. suzukii
A0AB39ZBH1	2	U-02	suzukii	D. suzukii
A0AB39ZBH3	1	U-01	suzukii	D. suzukii
A0AB39ZBH6	1	U-01	suzukii	D. suzukii
A0AB39ZBH8	1	U-01	suzukii	D. suzukii
A0AB39ZBH9	3	U-03	suzukii	D. suzukii
A0AB39ZBI1	1	U-01	suzukii	D. suzukii
A0AB39ZBI3	1	U-01	suzukii	D. suzukii
A0AB39ZBI4	1	U-01	suzukii	D. suzukii
A0AB39ZBI5	1	U-01	suzukii	D. suzukii
A0AB39ZBI6	1	U-01	suzukii	D. suzukii
A0AB39ZBI7	1	U-01	suzukii	D. suzukii
A0AB39ZBJ2	1	U-01	suzukii	D. suzukii
A0AB39ZBJ5	1	U-01	suzukii	D. suzukii
A0AB39ZBJ9	1	U-01	suzukii	D. suzukii
A0AB39ZBK2	1	U-01	suzukii	D. suzukii
A0AB39ZBK3	0	unassigned	suzukii	D. suzukii
A0AB39ZBK4	1	U-01	suzukii	D. suzukii
A0AB39ZBK6	2	U-02	suzukii	D. suzukii
A0AB39ZBL0	1	U-01	suzukii	D. suzukii
A0AB39ZBL2	1	U-01	suzukii	D. suzukii
A0AB39ZBL3	1	U-01	suzukii	D. suzukii
A0AB39ZBL4	1	U-01	suzukii	D. suzukii
A0AB39ZBL8	1	U-01	suzukii	D. suzukii
A0AB39ZBL9	1	U-01	suzukii	D. suzukii
A0AB39ZBM1	1	U-01	suzukii	D. suzukii
A0AB39ZBM7	0	unassigned	suzukii	D. suzukii
A0AB39ZBM9	1	U-01	suzukii	D. suzukii
A0AB39ZBN1	1	U-01	suzukii	D. suzukii
A0AB39ZBN2	1	U-01	suzukii	D. suzukii
A0AB39ZBN3	1	U-01	suzukii	D. suzukii
A0AB39ZBN6	1	U-01	suzukii	D. suzukii
A0AB39ZBN7	0	unassigned	suzukii	D. suzukii
A0AB39ZBN8	1	U-01	suzukii	D. suzukii
A0AB39ZBN9	1	U-01	suzukii	D. suzukii
A0AB39ZBP0	1	U-01	suzukii	D. suzukii
A0AB39ZBP3	1	U-01	suzukii	D. suzukii
A0AB39ZBP5	1	U-01	suzukii	D. suzukii
A0AB39ZBP7	1	U-01	suzukii	D. suzukii
A0AB39ZBQ3	1	U-01	suzukii	D. suzukii
A0AB39ZBQ4	1	U-01	suzukii	D. suzukii
A0AB39ZBQ6	1	U-01	suzukii	D. suzukii
A0AB39ZBQ8	2	U-02	suzukii	D. suzukii
A0AB39ZBR1	1	U-01	suzukii	D. suzukii
A0AB39ZBR2	1	U-01	suzukii	D. suzukii
A0AB39ZBR5	1	U-01	suzukii	D. suzukii
A0AB39ZBR9	1	U-01	suzukii	D. suzukii
A0AB39ZBS0	2	U-02	suzukii	D. suzukii
A0AB39ZBS1	1	U-01	suzukii	D. suzukii
A0AB39ZBS5	3	U-03	suzukii	D. suzukii
A0AB39ZBS6	1	U-01	suzukii	D. suzukii
A0AB39ZBS7	1	U-01	suzukii	D. suzukii
A0AB39ZBT0	1	U-01	suzukii	D. suzukii
A0AB39ZBT2	1	U-01	suzukii	D. suzukii
A0AB39ZBT4	3	U-03	suzukii	D. suzukii
A0AB39ZBT5	1	U-01	suzukii	D. suzukii
A0AB39ZBT8	1	U-01	suzukii	D. suzukii
A0AB39ZBU2	1	U-01	suzukii	D. suzukii
A0AB39ZBU3	3	U-03	suzukii	D. suzukii
A0AB39ZBU6	1	U-01	suzukii	D. suzukii
A0AB39ZBU8	1	U-01	suzukii	D. suzukii
A0AB40A5Z1	1	U-01	suzukii	D. suzukii
A0AB40A9Y1	1	U-01	suzukii	D. suzukii
A0AB40A9Y3	2	U-02	suzukii	D. suzukii
A0AB40A9Y7	1	U-01	suzukii	D. suzukii
A0AB40A9Z0	1	U-01	suzukii	D. suzukii
A0AB40A9Z2	2	U-02	suzukii	D. suzukii
A0AB40A9Z3	1	U-01	suzukii	D. suzukii
A0AB40A9Z5	1	U-01	suzukii	D. suzukii
A0AB40A9Z7	0	unassigned	suzukii	D. suzukii
A0AB40AA00	1	U-01	suzukii	D. suzukii
A0AB40AA01	1	U-01	suzukii	D. suzukii
A0AB40AA02	1	U-01	suzukii	D. suzukii
A0AB40AA03	1	U-01	suzukii	D. suzukii
A0AB40AA15	2	U-02	suzukii	D. suzukii
A0AB40AA19	1	U-01	suzukii	D. suzukii
A0AB40AA22	3	U-03	suzukii	D. suzukii
A0AB40AA26	2	U-02	suzukii	D. suzukii
A0AB40AA28	1	U-01	suzukii	D. suzukii
A0AB40AA29	0	unassigned	suzukii	D. suzukii
A0AB40AA31	1	U-01	suzukii	D. suzukii
A0AB40AA38	2	U-02	suzukii	D. suzukii
A0AB40AA40	2	U-02	suzukii	D. suzukii
A0AB40AA42	2	U-02	suzukii	D. suzukii
A0AB40AA44	1	U-01	suzukii	D. suzukii
A0AB40AA45	2	U-02	suzukii	D. suzukii
A0AB40AA48	1	U-01	suzukii	D. suzukii
A0AB40AA49	0	unassigned	suzukii	D. suzukii
A0AB40AA50	1	U-01	suzukii	D. suzukii
A0AB40AA52	2	U-02	suzukii	D. suzukii
A0AB40AA54	1	U-01	suzukii	D. suzukii
A0AB40AA55	1	U-01	suzukii	D. suzukii
A0AB40AA62	2	U-02	suzukii	D. suzukii
A0AB40AA63	1	U-01	suzukii	D. suzukii
A0AB40AA71	1	U-01	suzukii	D. suzukii
A0AB40AA73	1	U-01	suzukii	D. suzukii
A0AB40AA74	1	U-01	suzukii	D. suzukii
A0AB40AA75	1	U-01	suzukii	D. suzukii
A0AB40AA77	0	unassigned	suzukii	D. suzukii
A0AB40AA78	1	U-01	suzukii	D. suzukii
A0AB40AA80	1	U-01	suzukii	D. suzukii
A0AB40AA85	1	U-01	suzukii	D. suzukii
A0AB40AA87	1	U-01	suzukii	D. suzukii
A0AB40AA88	0	unassigned	suzukii	D. suzukii
A0AB40AA89	2	U-02	suzukii	D. suzukii
A0AB40AA98	1	U-01	suzukii	D. suzukii
A0AB40AA99	1	U-01	suzukii	D. suzukii
A0AB40AAA0	1	U-01	suzukii	D. suzukii
A0AB40AAA1	0	unassigned	suzukii	D. suzukii
A0AB40AAA8	1	U-01	suzukii	D. suzukii
A0AB40AAB0	1	U-01	suzukii	D. suzukii
A0AB40AAB6	1	U-01	suzukii	D. suzukii
A0AB40AAB7	0	unassigned	suzukii	D. suzukii
A0AB40AAB8	1	U-01	suzukii	D. suzukii
A0AB40AAB9	1	U-01	suzukii	D. suzukii
A0AB40AAC1	1	U-01	suzukii	D. suzukii
A0AB40AAC3	1	U-01	suzukii	D. suzukii
A0AB40AAC7	3	U-03	suzukii	D. suzukii
A0AB40AAD1	2	U-02	suzukii	D. suzukii
A0AB40AAD3	0	unassigned	suzukii	D. suzukii
A0AB40AAD4	1	U-01	suzukii	D. suzukii
A0AB40AAD9	1	U-01	suzukii	D. suzukii
A0AB40AAE0	2	U-02	suzukii	D. suzukii
A0AB40AAE4	1	U-01	suzukii	D. suzukii
A0AB40AAE8	1	U-01	suzukii	D. suzukii
A0AB40AAE9	1	U-01	suzukii	D. suzukii
A0AB40AAF1	2	U-02	suzukii	D. suzukii
A0AB40AAF7	0	unassigned	suzukii	D. suzukii
A0AB40AAF9	3	U-03	suzukii	D. suzukii
A0AB40AAG3	1	U-01	suzukii	D. suzukii
A0AB40AAG4	1	U-01	suzukii	D. suzukii
A0AB40AAG8	0	unassigned	suzukii	D. suzukii
A0AB40AAH2	1	U-01	suzukii	D. suzukii
A0AB40AAH8	0	unassigned	suzukii	D. suzukii
A0AB40AAI1	1	U-01	suzukii	D. suzukii
A0AB40AAI5	1	U-01	suzukii	D. suzukii
A0AB40AAJ1	1	U-01	suzukii	D. suzukii
A0AB40AAJ6	1	U-01	suzukii	D. suzukii
A0AB40AAJ8	3	U-03	suzukii	D. suzukii
A0AB40AAJ9	1	U-01	suzukii	D. suzukii
A0AB40AAK1	1	U-01	suzukii	D. suzukii
A0AB40AAK7	0	unassigned	suzukii	D. suzukii
A0AB40AAL4	1	U-01	suzukii	D. suzukii
A0AB40AAL7	2	U-02	suzukii	D. suzukii
A0AB40AAL9	1	U-01	suzukii	D. suzukii
A0AB40AAM0	1	U-01	suzukii	D. suzukii
A0AB40AAM2	1	U-01	suzukii	D. suzukii
A0AB40AAM4	0	unassigned	suzukii	D. suzukii
A0AB40AAM5	1	U-01	suzukii	D. suzukii
A0AB40AAM6	1	U-01	suzukii	D. suzukii
A0AB40AAM9	0	unassigned	suzukii	D. suzukii
A0AB40AAN5	1	U-01	suzukii	D. suzukii
A0AB40AAP8	1	U-01	suzukii	D. suzukii
A0AB40AAQ2	2	U-02	suzukii	D. suzukii
A0AB40AAQ4	1	U-01	suzukii	D. suzukii
A0AB40AAQ6	1	U-01	suzukii	D. suzukii
A0AB40AAQ7	1	U-01	suzukii	D. suzukii
A0AB40AAQ8	1	U-01	suzukii	D. suzukii
A0AB40D632	1	U-01	suzukii	D. suzukii
A0AB40D637	1	U-01	suzukii	D. suzukii
A0AB40D645	0	unassigned	suzukii	D. suzukii
A0AB39ZZD9	1	U-01	suzukii	D. suzukii
A0AB39ZZE5	1	U-01	suzukii	D. suzukii
A0AB39ZZF6	1	U-01	suzukii	D. suzukii
A0AB39ZZG6	2	U-02	suzukii	D. suzukii
A0AB39ZZH6	2	U-02	suzukii	D. suzukii
A0AB39ZZI4	1	U-01	suzukii	D. suzukii
A0AB39ZZK3	2	U-02	suzukii	D. suzukii
A0AB39ZZN5	1	U-01	suzukii	D. suzukii
A0AB39ZZS7	0	unassigned	suzukii	D. suzukii
A0AB39ZZX7	0	unassigned	suzukii	D. suzukii
A0AB39ZZX9	0	unassigned	suzukii	D. suzukii
A0AB39ZZY6	1	U-01	suzukii	D. suzukii
A0AB39ZZY7	2	U-02	suzukii	D. suzukii
A0AB39ZZZ6	0	unassigned	suzukii	D. suzukii
A0AB40A004	1	U-01	suzukii	D. suzukii
A0AB40A006	0	unassigned	suzukii	D. suzukii
A0AB40A015	0	unassigned	suzukii	D. suzukii
A0AB40A023	0	unassigned	suzukii	D. suzukii
A0AB40A030	0	unassigned	suzukii	D. suzukii
A0AB40A035	0	unassigned	suzukii	D. suzukii
A0AB40A038	1	U-01	suzukii	D. suzukii
A0AB40A051	2	U-02	suzukii	D. suzukii
A0AB40A052	0	unassigned	suzukii	D. suzukii
A0AB40A058	0	unassigned	suzukii	D. suzukii
A0AB40A061	0	unassigned	suzukii	D. suzukii
A0AB40A066	2	U-02	suzukii	D. suzukii
A0AB40A072	0	unassigned	suzukii	D. suzukii
A0AB40A074	0	unassigned	suzukii	D. suzukii
A0AB40A086	0	unassigned	suzukii	D. suzukii
A0AB40A097	2	U-02	suzukii	D. suzukii
A0AB40A0M0	0	unassigned	suzukii	D. suzukii
A0AB40A0M8	0	unassigned	suzukii	D. suzukii
A0AB40A0S4	1	U-01	suzukii	D. suzukii
A0AB40A0U2	2	U-02	suzukii	D. suzukii
A0AB40A0Y4	1	U-01	suzukii	D. suzukii
A0AB40A0Y7	0	unassigned	suzukii	D. suzukii
A0AB40A0Y8	0	unassigned	suzukii	D. suzukii
A0AB40A143	1	U-01	suzukii	D. suzukii
A0AB40A183	2	U-02	suzukii	D. suzukii
A0AB40A1F2	1	U-01	suzukii	D. suzukii
A0AB40A1H4	1	U-01	suzukii	D. suzukii
A0AB40A1I5	2	U-02	suzukii	D. suzukii
A0AB40A1L6	0	unassigned	suzukii	D. suzukii
A0AB40A1P7	0	unassigned	suzukii	D. suzukii
A0AB40A1R7	0	unassigned	suzukii	D. suzukii
A0AB40A1U0	1	U-01	suzukii	D. suzukii
A0AB40A1W5	1	U-01	suzukii	D. suzukii
A0AB40A1X9	1	U-01	suzukii	D. suzukii
A0AB40A1Y2	3	U-03	suzukii	D. suzukii
A0AB40A209	1	U-01	suzukii	D. suzukii
A0AB40A283	3	U-03	suzukii	D. suzukii
A0AB40A2B0	1	U-01	suzukii	D. suzukii
A0AB40A2B7	1	U-01	suzukii	D. suzukii
A0AB40A2E5	1	U-01	suzukii	D. suzukii
A0AB40A2F4	0	unassigned	suzukii	D. suzukii
A0AB40A2H1	1	U-01	suzukii	D. suzukii
A0AB40A2I0	0	unassigned	suzukii	D. suzukii
A0AB40A2I6	1	U-01	suzukii	D. suzukii
A0AB40A2I9	0	unassigned	suzukii	D. suzukii
A0AB40A2J9	1	U-01	suzukii	D. suzukii
A0AB40A2K6	0	unassigned	suzukii	D. suzukii
A0AB40A2K8	1	U-01	suzukii	D. suzukii
A0AB40A2L0	1	U-01	suzukii	D. suzukii
A0AB40A2L6	1	U-01	suzukii	D. suzukii
A0AB40A2M1	0	unassigned	suzukii	D. suzukii
A0AB40A2M6	1	U-01	suzukii	D. suzukii
A0AB40A2N7	0	unassigned	suzukii	D. suzukii
A0AB40A2P3	1	U-01	suzukii	D. suzukii
A0AB40A2P4	1	U-01	suzukii	D. suzukii
A0AB40A2P8	0	unassigned	suzukii	D. suzukii
A0AB40A2Q0	1	U-01	suzukii	D. suzukii
A0AB40A2Q8	0	unassigned	suzukii	D. suzukii
A0AB40A2R0	1	U-01	suzukii	D. suzukii
A0AB40A2R3	0	unassigned	suzukii	D. suzukii
A0AB40A2R4	0	unassigned	suzukii	D. suzukii
A0ABM4TU25	2	U-02	suzukii	D. suzukii
A0ABM4TU30	2	U-02	suzukii	D. suzukii
A0ABM4TU44	2	U-02	suzukii	D. suzukii
A0ABM4TUA7	2	U-02	suzukii	D. suzukii
A0ABM4TUB0	1	U-01	suzukii	D. suzukii
A0ABM4TUB1	1	U-01	suzukii	D. suzukii
A0ABM4TUI9	1	U-01	suzukii	D. suzukii
A0ABM4TUJ2	1	U-01	suzukii	D. suzukii
A0ABM4TUJ5	1	U-01	suzukii	D. suzukii
A0ABM4TUJ8	1	U-01	suzukii	D. suzukii
A0ABM4TUL2	1	U-01	suzukii	D. suzukii
A0ABM4TUL4	1	U-01	suzukii	D. suzukii
A0ABM4TUP1	1	U-01	suzukii	D. suzukii
A0ABM4TUR1	1	U-01	suzukii	D. suzukii
A0ABM4TUS1	3	U-03	suzukii	D. suzukii
A0ABM4TUS9	3	U-03	suzukii	D. suzukii
A0ABM4TUT5	1	U-01	suzukii	D. suzukii
A0ABM4TUT9	3	U-03	suzukii	D. suzukii
A0ABM4TV00	1	U-01	suzukii	D. suzukii
A0ABM4TV03	1	U-01	suzukii	D. suzukii
A0ABM4TV05	1	U-01	suzukii	D. suzukii
A0ABM4TV23	1	U-01	suzukii	D. suzukii
A0ABM4TV78	1	U-01	suzukii	D. suzukii
A0ABM4TV83	1	U-01	suzukii	D. suzukii
A0ABM4TV85	1	U-01	suzukii	D. suzukii
A0AB39Z4I3	1	U-01	suzukii	D. suzukii
A0AB39Z4I5	1	U-01	suzukii	D. suzukii
A0AB39Z4I6	1	U-01	suzukii	D. suzukii
A0AB39Z4I8	1	U-01	suzukii	D. suzukii
A0AB39Z4I9	1	U-01	suzukii	D. suzukii
A0AB39Z4J0	1	U-01	suzukii	D. suzukii
A0AB39Z4J2	1	U-01	suzukii	D. suzukii
A0AB39Z4J3	3	U-03	suzukii	D. suzukii
A0AB39Z4J5	1	U-01	suzukii	D. suzukii
A0AB39Z4J6	1	U-01	suzukii	D. suzukii
A0AB39Z4J8	3	U-03	suzukii	D. suzukii
A0AB39Z4K0	1	U-01	suzukii	D. suzukii
A0AB39Z4K2	3	U-03	suzukii	D. suzukii
A0AB39Z4K3	1	U-01	suzukii	D. suzukii
A0AB39Z4K4	1	U-01	suzukii	D. suzukii
A0AB39Z4K5	0	unassigned	suzukii	D. suzukii
A0AB39Z4L0	1	U-01	suzukii	D. suzukii
A0AB39Z4L5	1	U-01	suzukii	D. suzukii
A0AB39Z4L6	1	U-01	suzukii	D. suzukii
A0AB39Z4M1	1	U-01	suzukii	D. suzukii
A0AB39Z4M3	1	U-01	suzukii	D. suzukii
A0AB39Z4M5	1	U-01	suzukii	D. suzukii
A0AB39Z4M6	1	U-01	suzukii	D. suzukii
A0AB39Z4M7	1	U-01	suzukii	D. suzukii
A0AB39Z4M8	1	U-01	suzukii	D. suzukii
A0AB39Z4N7	1	U-01	suzukii	D. suzukii
A0AB39Z4N9	2	U-02	suzukii	D. suzukii
A0AB39Z4P0	1	U-01	suzukii	D. suzukii
A0AB39Z4P4	1	U-01	suzukii	D. suzukii
A0AB39Z4P5	1	U-01	suzukii	D. suzukii
A0AB39Z4P8	1	U-01	suzukii	D. suzukii
A0AB39Z4Q0	2	U-02	suzukii	D. suzukii
A0AB39Z4Q1	0	unassigned	suzukii	D. suzukii
A0AB39Z4Q2	2	U-02	suzukii	D. suzukii
A0AB39Z4Q5	0	unassigned	suzukii	D. suzukii
A0AB39Z4Q6	1	U-01	suzukii	D. suzukii
A0AB39Z4Q8	1	U-01	suzukii	D. suzukii
A0AB39Z4Q9	1	U-01	suzukii	D. suzukii
A0AB39Z4R2	1	U-01	suzukii	D. suzukii
A0AB39Z4R5	1	U-01	suzukii	D. suzukii
A0AB39Z4R6	1	U-01	suzukii	D. suzukii
A0AB39Z4R7	1	U-01	suzukii	D. suzukii
A0AB39Z4R9	1	U-01	suzukii	D. suzukii
A0AB39Z4S0	1	U-01	suzukii	D. suzukii
A0AB39Z4S1	2	U-02	suzukii	D. suzukii
A0AB39Z4S3	1	U-01	suzukii	D. suzukii
A0AB39Z4S4	1	U-01	suzukii	D. suzukii
A0AB39Z4S6	1	U-01	suzukii	D. suzukii
A0AB39ZA89	1	U-01	suzukii	D. suzukii
A0AB39ZA92	1	U-01	suzukii	D. suzukii
A0AB39ZA93	1	U-01	suzukii	D. suzukii
A0AB39ZA95	1	U-01	suzukii	D. suzukii
A0AB39ZA96	1	U-01	suzukii	D. suzukii
A0AB39ZA97	3	U-03	suzukii	D. suzukii
A0AB39ZA98	1	U-01	suzukii	D. suzukii
A0AB39ZA99	0	unassigned	suzukii	D. suzukii
A0AB39ZAA0	3	U-03	suzukii	D. suzukii
A0AB39ZAA3	1	U-01	suzukii	D. suzukii
A0AB39ZAA4	3	U-03	suzukii	D. suzukii
A0AB39ZAB0	1	U-01	suzukii	D. suzukii
A0AB39ZAB1	1	U-01	suzukii	D. suzukii
A0AB39ZAB3	1	U-01	suzukii	D. suzukii
A0AB39ZAB6	1	U-01	suzukii	D. suzukii
A0AB39ZAB7	1	U-01	suzukii	D. suzukii
A0AB39ZAB8	0	unassigned	suzukii	D. suzukii
A0AB39ZAB9	1	U-01	suzukii	D. suzukii
A0AB39ZAC0	1	U-01	suzukii	D. suzukii
A0AB39ZAC1	1	U-01	suzukii	D. suzukii
A0AB39ZAC2	1	U-01	suzukii	D. suzukii
A0AB39ZAC3	1	U-01	suzukii	D. suzukii
A0AB39ZAC5	1	U-01	suzukii	D. suzukii
A0AB39ZAD1	1	U-01	suzukii	D. suzukii
A0AB39ZAD2	1	U-01	suzukii	D. suzukii
A0AB39ZAD4	3	U-03	suzukii	D. suzukii
A0AB39ZAD6	0	unassigned	suzukii	D. suzukii
A0AB39ZAD8	2	U-02	suzukii	D. suzukii
A0AB39ZAD9	1	U-01	suzukii	D. suzukii
A0AB39ZAE2	1	U-01	suzukii	D. suzukii
A0AB39ZAE5	1	U-01	suzukii	D. suzukii
A0AB39ZAE7	1	U-01	suzukii	D. suzukii
A0AB39ZAE9	1	U-01	suzukii	D. suzukii
A0AB39ZAF0	1	U-01	suzukii	D. suzukii
A0AB39ZAF2	1	U-01	suzukii	D. suzukii
A0AB39ZAF6	1	U-01	suzukii	D. suzukii
A0AB39ZAF8	1	U-01	suzukii	D. suzukii
A0AB39ZAG4	0	unassigned	suzukii	D. suzukii
A0AB39ZAG6	0	unassigned	suzukii	D. suzukii
A0AB39ZAG7	1	U-01	suzukii	D. suzukii
A0AB39ZAG8	1	U-01	suzukii	D. suzukii
A0AB39ZAH0	0	unassigned	suzukii	D. suzukii
A0AB39ZAH1	1	U-01	suzukii	D. suzukii
A0AB39ZAH2	1	U-01	suzukii	D. suzukii
A0AB39ZAH5	1	U-01	suzukii	D. suzukii
A0AB39ZAH9	1	U-01	suzukii	D. suzukii
A0AB39ZAI0	1	U-01	suzukii	D. suzukii
A0AB39ZAI2	0	unassigned	suzukii	D. suzukii
A0AB39ZAI3	1	U-01	suzukii	D. suzukii
A0AB39ZAI7	1	U-01	suzukii	D. suzukii
A0AB39ZAI9	1	U-01	suzukii	D. suzukii
A0AB39ZAJ3	1	U-01	suzukii	D. suzukii
A0AB39ZUM8	1	U-01	suzukii	D. suzukii
A0AB39ZUN1	1	U-01	suzukii	D. suzukii
A0AB39ZUN2	1	U-01	suzukii	D. suzukii
A0AB39ZUN4	1	U-01	suzukii	D. suzukii
A0AB39ZUN6	1	U-01	suzukii	D. suzukii
A0AB39ZUN9	3	U-03	suzukii	D. suzukii
A0AB39ZUP1	1	U-01	suzukii	D. suzukii
A0AB39ZUP2	0	unassigned	suzukii	D. suzukii
A0AB39ZUP3	1	U-01	suzukii	D. suzukii
A0AB39ZUP5	3	U-03	suzukii	D. suzukii
A0AB39ZUP7	1	U-01	suzukii	D. suzukii
A0AB39ZUP8	1	U-01	suzukii	D. suzukii
A0AB39ZUQ0	2	U-02	suzukii	D. suzukii
A0AB39ZUQ2	3	U-03	suzukii	D. suzukii
A0AB39ZUQ3	1	U-01	suzukii	D. suzukii
A0AB39ZUQ8	1	U-01	suzukii	D. suzukii
A0AB39ZUQ9	1	U-01	suzukii	D. suzukii
A0AB39ZUR1	1	U-01	suzukii	D. suzukii
A0AB39ZUR3	0	unassigned	suzukii	D. suzukii
A0AB39ZUR4	0	unassigned	suzukii	D. suzukii
A0AB39ZUR5	1	U-01	suzukii	D. suzukii
A0AB39ZUR7	0	unassigned	suzukii	D. suzukii
A0AB39ZUR8	1	U-01	suzukii	D. suzukii
A0AB39ZUS0	1	U-01	suzukii	D. suzukii
A0AB39ZUS3	1	U-01	suzukii	D. suzukii
A0AB39ZUS4	0	unassigned	suzukii	D. suzukii
A0AB39ZUS9	0	unassigned	suzukii	D. suzukii
A0AB39ZUT1	1	U-01	suzukii	D. suzukii
A0AB39ZUT2	1	U-01	suzukii	D. suzukii
A0AB39ZUT3	3	U-03	suzukii	D. suzukii
A0AB39ZUT4	1	U-01	suzukii	D. suzukii
A0AB39ZUT9	3	U-03	suzukii	D. suzukii
A0AB39ZUU1	1	U-01	suzukii	D. suzukii
A0AB39ZUU2	1	U-01	suzukii	D. suzukii
A0AB39ZUU3	3	U-03	suzukii	D. suzukii
A0AB39ZUU4	1	U-01	suzukii	D. suzukii
A0AB39ZUU5	1	U-01	suzukii	D. suzukii
A0AB39ZUU8	0	unassigned	suzukii	D. suzukii
A0AB39ZUV1	1	U-01	suzukii	D. suzukii
A0AB39ZUV3	1	U-01	suzukii	D. suzukii
A0AB39ZUV6	1	U-01	suzukii	D. suzukii
A0AB39ZUV7	1	U-01	suzukii	D. suzukii
A0AB40A0U9	1	U-01	suzukii	D. suzukii
A0AB40A0V3	1	U-01	suzukii	D. suzukii
A0AB40A0V8	1	U-01	suzukii	D. suzukii
A0AB40A0W2	1	U-01	suzukii	D. suzukii
A0AB40A0W4	1	U-01	suzukii	D. suzukii
A0AB40A0W5	1	U-01	suzukii	D. suzukii
A0AB40A0X1	1	U-01	suzukii	D. suzukii
A0AB40A0X5	1	U-01	suzukii	D. suzukii
A0AB40A0Z2	1	U-01	suzukii	D. suzukii
A0AB40A0Z4	1	U-01	suzukii	D. suzukii
A0AB40A0Z7	1	U-01	suzukii	D. suzukii
A0AB40A0Z8	1	U-01	suzukii	D. suzukii
A0AB40A0Z9	1	U-01	suzukii	D. suzukii
A0AB40A103	2	U-02	suzukii	D. suzukii
A0AB40A107	1	U-01	suzukii	D. suzukii
A0AB40A112	1	U-01	suzukii	D. suzukii
A0AB40A113	1	U-01	suzukii	D. suzukii
A0AB40A114	0	unassigned	suzukii	D. suzukii
A0AB40A116	1	U-01	suzukii	D. suzukii
A0AB40A117	1	U-01	suzukii	D. suzukii
A0AB40A118	0	unassigned	suzukii	D. suzukii
A0AB40A120	1	U-01	suzukii	D. suzukii
A0AB40A121	0	unassigned	suzukii	D. suzukii
A0AB40A123	1	U-01	suzukii	D. suzukii
A0AB40A125	0	unassigned	suzukii	D. suzukii
A0AB40A126	1	U-01	suzukii	D. suzukii
A0AB40A129	1	U-01	suzukii	D. suzukii
A0AB40A132	1	U-01	suzukii	D. suzukii
A0AB40A134	1	U-01	suzukii	D. suzukii
A0AB40A136	1	U-01	suzukii	D. suzukii
A0AB40A139	0	unassigned	suzukii	D. suzukii
A0AB40A140	1	U-01	suzukii	D. suzukii
A0AB40A145	1	U-01	suzukii	D. suzukii
A0AB40A147	1	U-01	suzukii	D. suzukii
A0AB40A148	1	U-01	suzukii	D. suzukii
A0AB40A149	1	U-01	suzukii	D. suzukii
A0AB40A152	1	U-01	suzukii	D. suzukii
A0AB40A153	2	U-02	suzukii	D. suzukii
A0AB40A155	1	U-01	suzukii	D. suzukii
A0AB40A160	3	U-03	suzukii	D. suzukii
A0AB40A161	1	U-01	suzukii	D. suzukii
A0AB40A166	0	unassigned	suzukii	D. suzukii
A0AB40A170	1	U-01	suzukii	D. suzukii
A0AB40A174	1	U-01	suzukii	D. suzukii
A0AB40A178	1	U-01	suzukii	D. suzukii
A0AB40A182	1	U-01	suzukii	D. suzukii
A0AB40A184	1	U-01	suzukii	D. suzukii
A0AB40A188	1	U-01	suzukii	D. suzukii
A0AB40A190	0	unassigned	suzukii	D. suzukii
A0AB40A193	1	U-01	suzukii	D. suzukii
A0AB40A195	1	U-01	suzukii	D. suzukii
A0AB40A1A0	1	U-01	suzukii	D. suzukii
A0AB40A1A3	1	U-01	suzukii	D. suzukii
A0AB40A1A4	1	U-01	suzukii	D. suzukii
A0AB40A1A6	0	unassigned	suzukii	D. suzukii
A0AB40A1A7	0	unassigned	suzukii	D. suzukii
A0AB40A1B1	1	U-01	suzukii	D. suzukii
A0AB40A1B2	1	U-01	suzukii	D. suzukii
A0AB39YWY1	1	U-01	suzukii	D. suzukii
A0AB39YWY6	1	U-01	suzukii	D. suzukii
A0AB39YWZ1	1	U-01	suzukii	D. suzukii
A0AB39YWZ3	0	unassigned	suzukii	D. suzukii
A0AB39YWZ8	3	U-03	suzukii	D. suzukii
A0AB39YX02	1	U-01	suzukii	D. suzukii
A0AB39YX03	1	U-01	suzukii	D. suzukii
A0AB39YX06	2	U-02	suzukii	D. suzukii
A0AB39YX12	1	U-01	suzukii	D. suzukii
A0AB39YX13	1	U-01	suzukii	D. suzukii
A0AB39YX14	1	U-01	suzukii	D. suzukii
A0AB39YX15	1	U-01	suzukii	D. suzukii
A0AB39YX20	1	U-01	suzukii	D. suzukii
A0AB39YX21	1	U-01	suzukii	D. suzukii
A0AB39YX22	1	U-01	suzukii	D. suzukii
A0AB39YX25	0	unassigned	suzukii	D. suzukii
A0AB39YX30	1	U-01	suzukii	D. suzukii
A0AB39Z0R8	2	U-02	suzukii	D. suzukii
A0AB39Z0R9	1	U-01	suzukii	D. suzukii
A0AB39Z0S0	1	U-01	suzukii	D. suzukii
A0AB39Z0S5	1	U-01	suzukii	D. suzukii
A0AB39Z0S6	1	U-01	suzukii	D. suzukii
A0AB39Z0S8	0	unassigned	suzukii	D. suzukii
A0AB39Z0T1	1	U-01	suzukii	D. suzukii
A0AB39Z0T3	1	U-01	suzukii	D. suzukii
A0AB39Z0T6	0	unassigned	suzukii	D. suzukii
A0AB39Z0T7	2	U-02	suzukii	D. suzukii
A0AB39Z0U1	0	unassigned	suzukii	D. suzukii
A0AB39Z0U5	0	unassigned	suzukii	D. suzukii
A0AB39Z0V0	1	U-01	suzukii	D. suzukii
A0AB39Z0V5	1	U-01	suzukii	D. suzukii
A0AB39Z0W0	0	unassigned	suzukii	D. suzukii
A0AB39Z0W1	1	U-01	suzukii	D. suzukii
A0AB39Z0W2	3	U-03	suzukii	D. suzukii
A0AB39Z0W4	1	U-01	suzukii	D. suzukii
A0AB39Z0W5	1	U-01	suzukii	D. suzukii
A0AB39Z0W7	1	U-01	suzukii	D. suzukii
A0AB39Z0X2	1	U-01	suzukii	D. suzukii
A0AB39Z0Y0	1	U-01	suzukii	D. suzukii
A0AB39Z0Y2	1	U-01	suzukii	D. suzukii
A0AB39Z0Y3	1	U-01	suzukii	D. suzukii
A0AB39Z0Y5	2	U-02	suzukii	D. suzukii
A0AB39Z0Y8	3	U-03	suzukii	D. suzukii
A0AB39Z0Y9	2	U-02	suzukii	D. suzukii
A0AB39Z0Z3	1	U-01	suzukii	D. suzukii
A0AB39Z0Z8	1	U-01	suzukii	D. suzukii
A0AB39Z103	2	U-02	suzukii	D. suzukii
A0AB39Z113	2	U-02	suzukii	D. suzukii
A0AB39Z114	1	U-01	suzukii	D. suzukii
A0AB39Z117	0	unassigned	suzukii	D. suzukii
A0AB39Z118	1	U-01	suzukii	D. suzukii
A0AB39Z120	0	unassigned	suzukii	D. suzukii
A0AB39Z124	1	U-01	suzukii	D. suzukii
A0AB39Z130	1	U-01	suzukii	D. suzukii
A0AB39Z132	1	U-01	suzukii	D. suzukii
A0AB39Z134	0	unassigned	suzukii	D. suzukii
A0AB39Z135	1	U-01	suzukii	D. suzukii
A0AB39Z136	1	U-01	suzukii	D. suzukii
A0AB39Z139	1	U-01	suzukii	D. suzukii
A0AB39Z141	1	U-01	suzukii	D. suzukii
A0AB39Z143	1	U-01	suzukii	D. suzukii
A0AB39Z144	2	U-02	suzukii	D. suzukii
A0AB39Z145	1	U-01	suzukii	D. suzukii
A0AB39Z151	1	U-01	suzukii	D. suzukii
A0AB39Z152	1	U-01	suzukii	D. suzukii
A0AB39Z154	2	U-02	suzukii	D. suzukii
A0AB39Z155	3	U-03	suzukii	D. suzukii
A0AB39Z162	1	U-01	suzukii	D. suzukii
A0AB39Z165	2	U-02	suzukii	D. suzukii
A0AB39Z166	0	unassigned	suzukii	D. suzukii
A0AB39Z168	1	U-01	suzukii	D. suzukii
A0AB39Z170	1	U-01	suzukii	D. suzukii
A0AB39Z174	2	U-02	suzukii	D. suzukii
A0AB39Z178	0	unassigned	suzukii	D. suzukii
A0AB39Z179	1	U-01	suzukii	D. suzukii
A0AB39Z180	0	unassigned	suzukii	D. suzukii
A0AB39Z182	2	U-02	suzukii	D. suzukii
A0AB39Z183	1	U-01	suzukii	D. suzukii
A0AB39Z186	3	U-03	suzukii	D. suzukii
A0AB39Z187	3	U-03	suzukii	D. suzukii
A0AB39Z189	0	unassigned	suzukii	D. suzukii
A0AB39Z192	1	U-01	suzukii	D. suzukii
A0AB39Z195	1	U-01	suzukii	D. suzukii
A0AB39Z197	1	U-01	suzukii	D. suzukii
A0AB39Z1A2	1	U-01	suzukii	D. suzukii
A0AB39Z1A3	1	U-01	suzukii	D. suzukii
A0AB39Z1A4	1	U-01	suzukii	D. suzukii
A0AB39Z1B6	1	U-01	suzukii	D. suzukii
A0AB39Z1C2	1	U-01	suzukii	D. suzukii
A0AB39Z1C4	1	U-01	suzukii	D. suzukii
A0AB39Z1D1	1	U-01	suzukii	D. suzukii
A0AB39Z1D8	1	U-01	suzukii	D. suzukii
A0AB39Z1E1	1	U-01	suzukii	D. suzukii
A0AB39Z1F0	1	U-01	suzukii	D. suzukii
A0AB39Z1F1	1	U-01	suzukii	D. suzukii
A0AB39Z1F3	1	U-01	suzukii	D. suzukii
A0AB39Z1F4	2	U-02	suzukii	D. suzukii
A0AB39Z1F8	3	U-03	suzukii	D. suzukii
A0AB39Z1F9	1	U-01	suzukii	D. suzukii
A0AB39Z1G0	1	U-01	suzukii	D. suzukii
A0AB40A8N3	0	unassigned	suzukii	D. suzukii
A0AB40A8N5	2	U-02	suzukii	D. suzukii
A0AB40A8N7	2	U-02	suzukii	D. suzukii
A0AB40A8Q2	1	U-01	suzukii	D. suzukii
A0AB40A8Q3	1	U-01	suzukii	D. suzukii
A0AB40A8R6	1	U-01	suzukii	D. suzukii
A0AB40A8R9	1	U-01	suzukii	D. suzukii
A0AB40A8S3	1	U-01	suzukii	D. suzukii
A0AB40A8S6	1	U-01	suzukii	D. suzukii
A0AB40A8S8	2	U-02	suzukii	D. suzukii
A0AB40A8T0	1	U-01	suzukii	D. suzukii
A0AB40A8T2	1	U-01	suzukii	D. suzukii
A0AB40A8T3	1	U-01	suzukii	D. suzukii
A0AB40A8U4	1	U-01	suzukii	D. suzukii
A0AB40A8U7	1	U-01	suzukii	D. suzukii
A0AB40A8V9	1	U-01	suzukii	D. suzukii
A0AB40A8W2	1	U-01	suzukii	D. suzukii
A0AB40A8W5	1	U-01	suzukii	D. suzukii
A0AB40A8W6	2	U-02	suzukii	D. suzukii
A0AB40A8X2	1	U-01	suzukii	D. suzukii
A0AB40A8X4	0	unassigned	suzukii	D. suzukii
A0AB40A8X6	1	U-01	suzukii	D. suzukii
A0AB40A8X7	2	U-02	suzukii	D. suzukii
A0AB40A8Y1	1	U-01	suzukii	D. suzukii
A0AB40A8Y2	1	U-01	suzukii	D. suzukii
A0AB40A8Y8	0	unassigned	suzukii	D. suzukii
A0AB40A8Z2	2	U-02	suzukii	D. suzukii
A0AB40A8Z3	1	U-01	suzukii	D. suzukii
A0AB40A901	0	unassigned	suzukii	D. suzukii
A0AB40A906	2	U-02	suzukii	D. suzukii
A0AB40A907	0	unassigned	suzukii	D. suzukii
A0AB40A908	0	unassigned	suzukii	D. suzukii
A0AB40A915	0	unassigned	suzukii	D. suzukii
A0AB40A922	1	U-01	suzukii	D. suzukii
A0AB40A923	0	unassigned	suzukii	D. suzukii
A0AB40A925	0	unassigned	suzukii	D. suzukii
A0AB40A927	1	U-01	suzukii	D. suzukii
A0AB40A929	2	U-02	suzukii	D. suzukii
A0AB40A936	1	U-01	suzukii	D. suzukii
A0AB40A939	0	unassigned	suzukii	D. suzukii
A0AB40A940	2	U-02	suzukii	D. suzukii
A0AB40A943	1	U-01	suzukii	D. suzukii
A0AB40A950	1	U-01	suzukii	D. suzukii
A0AB40A951	1	U-01	suzukii	D. suzukii
A0AB40A958	1	U-01	suzukii	D. suzukii
A0AB40A961	1	U-01	suzukii	D. suzukii
A0AB40A962	1	U-01	suzukii	D. suzukii
A0AB40A968	1	U-01	suzukii	D. suzukii
A0AB40A969	0	unassigned	suzukii	D. suzukii
A0AB40A971	1	U-01	suzukii	D. suzukii
A0AB40A972	1	U-01	suzukii	D. suzukii
A0AB40A973	2	U-02	suzukii	D. suzukii
A0AB40A978	1	U-01	suzukii	D. suzukii
A0AB40A982	1	U-01	suzukii	D. suzukii
A0AB40A984	1	U-01	suzukii	D. suzukii
A0AB40A989	1	U-01	suzukii	D. suzukii
A0AB40A990	1	U-01	suzukii	D. suzukii
A0AB40A994	1	U-01	suzukii	D. suzukii
A0AB40A999	1	U-01	suzukii	D. suzukii
A0AB40A9A0	1	U-01	suzukii	D. suzukii
A0AB40A9A2	3	U-03	suzukii	D. suzukii
A0AB40A9B2	1	U-01	suzukii	D. suzukii
A0AB40A9B3	1	U-01	suzukii	D. suzukii
A0AB40A9B5	1	U-01	suzukii	D. suzukii
A0AB40A9B6	2	U-02	suzukii	D. suzukii
A0AB40A9B8	1	U-01	suzukii	D. suzukii
A0AB40A9C4	2	U-02	suzukii	D. suzukii
A0AB40A9C6	1	U-01	suzukii	D. suzukii
A0AB40A9C7	1	U-01	suzukii	D. suzukii
A0AB40A9C8	1	U-01	suzukii	D. suzukii
A0AB40A9D4	1	U-01	suzukii	D. suzukii
A0AB40A9D7	1	U-01	suzukii	D. suzukii
A0AB40A9D9	1	U-01	suzukii	D. suzukii
A0AB40A9E3	1	U-01	suzukii	D. suzukii
A0AB40A9E7	1	U-01	suzukii	D. suzukii
A0AB40A9E8	2	U-02	suzukii	D. suzukii
A0AB40A9E9	1	U-01	suzukii	D. suzukii
A0AB40A9F2	2	U-02	suzukii	D. suzukii
A0AB40A9F3	2	U-02	suzukii	D. suzukii
A0AB40A9F5	1	U-01	suzukii	D. suzukii
A0AB40A9F8	1	U-01	suzukii	D. suzukii
A0AB40A9G0	0	unassigned	suzukii	D. suzukii
A0AB40A9G1	0	unassigned	suzukii	D. suzukii
A0AB40A9G3	1	U-01	suzukii	D. suzukii
A0AB40A9G5	0	unassigned	suzukii	D. suzukii
A0AB40A9G9	1	U-01	suzukii	D. suzukii
A0AB40A9H0	1	U-01	suzukii	D. suzukii
A0AB40A9H9	0	unassigned	suzukii	D. suzukii
A0AB40A9I7	1	U-01	suzukii	D. suzukii
A0AB40A9I9	0	unassigned	suzukii	D. suzukii
A0AB40A9J1	2	U-02	suzukii	D. suzukii
A0AB40A9J3	1	U-01	suzukii	D. suzukii
A0AB40A9J5	1	U-01	suzukii	D. suzukii
A0AB40A9J6	1	U-01	suzukii	D. suzukii
A0AB40A9J7	1	U-01	suzukii	D. suzukii
A0AB40D9E5	1	U-01	suzukii	D. suzukii
A0AB40D9E8	2	U-02	suzukii	D. suzukii
A0AB40D9F6	0	unassigned	suzukii	D. suzukii
A0AB40D9F7	3	U-03	suzukii	D. suzukii
A0AB40D9G6	1	U-01	suzukii	D. suzukii
A0AB39Z2V8	1	U-01	suzukii	D. suzukii
A0AB39Z2W2	1	U-01	suzukii	D. suzukii
A0AB39Z2W5	1	U-01	suzukii	D. suzukii
A0AB39Z2W7	1	U-01	suzukii	D. suzukii
A0AB39Z2W8	2	U-02	suzukii	D. suzukii
A0AB39Z2X1	2	U-02	suzukii	D. suzukii
A0AB39Z2X5	2	U-02	suzukii	D. suzukii
A0AB39Z2Y2	1	U-01	suzukii	D. suzukii
A0AB39Z2Y4	1	U-01	suzukii	D. suzukii
A0AB39Z2Y7	1	U-01	suzukii	D. suzukii
A0AB39Z2Y8	3	U-03	suzukii	D. suzukii
A0AB39Z2Z0	0	unassigned	suzukii	D. suzukii
A0AB39Z2Z1	2	U-02	suzukii	D. suzukii
A0AB39Z2Z6	2	U-02	suzukii	D. suzukii
A0AB39Z2Z7	1	U-01	suzukii	D. suzukii
A0AB39Z2Z9	0	unassigned	suzukii	D. suzukii
A0AB39Z300	2	U-02	suzukii	D. suzukii
A0AB39Z303	1	U-01	suzukii	D. suzukii
A0AB39Z306	1	U-01	suzukii	D. suzukii
A0AB39Z307	1	U-01	suzukii	D. suzukii
A0AB39Z308	3	U-03	suzukii	D. suzukii
A0AB39Z311	1	U-01	suzukii	D. suzukii
A0AB39Z313	1	U-01	suzukii	D. suzukii
A0AB39Z314	1	U-01	suzukii	D. suzukii
A0AB39Z318	1	U-01	suzukii	D. suzukii
A0AB39Z322	1	U-01	suzukii	D. suzukii
A0AB39Z327	1	U-01	suzukii	D. suzukii
A0AB39Z330	0	unassigned	suzukii	D. suzukii
A0AB39Z331	1	U-01	suzukii	D. suzukii
A0AB39Z332	1	U-01	suzukii	D. suzukii
A0AB39Z339	1	U-01	suzukii	D. suzukii
A0AB39Z340	2	U-02	suzukii	D. suzukii
A0AB39Z342	1	U-01	suzukii	D. suzukii
A0AB39Z344	2	U-02	suzukii	D. suzukii
A0AB39Z346	0	unassigned	suzukii	D. suzukii
A0AB39Z351	1	U-01	suzukii	D. suzukii
A0AB39Z353	1	U-01	suzukii	D. suzukii
A0AB39Z354	0	unassigned	suzukii	D. suzukii
A0AB39Z355	2	U-02	suzukii	D. suzukii
A0AB39Z356	1	U-01	suzukii	D. suzukii
A0AB39Z358	3	U-03	suzukii	D. suzukii
A0AB39Z360	1	U-01	suzukii	D. suzukii
A0AB39Z361	1	U-01	suzukii	D. suzukii
A0AB39Z364	1	U-01	suzukii	D. suzukii
A0AB39Z365	0	unassigned	suzukii	D. suzukii
A0AB39Z369	1	U-01	suzukii	D. suzukii
A0AB39Z371	2	U-02	suzukii	D. suzukii
A0AB39Z372	1	U-01	suzukii	D. suzukii
A0AB39Z375	1	U-01	suzukii	D. suzukii
A0AB39Z377	2	U-02	suzukii	D. suzukii
A0AB39Z379	1	U-01	suzukii	D. suzukii
A0AB39Z381	1	U-01	suzukii	D. suzukii
A0AB39Z382	1	U-01	suzukii	D. suzukii
A0AB39Z384	1	U-01	suzukii	D. suzukii
A0AB39Z387	2	U-02	suzukii	D. suzukii
A0AB39Z388	1	U-01	suzukii	D. suzukii
A0AB39Z389	1	U-01	suzukii	D. suzukii
A0AB39Z391	1	U-01	suzukii	D. suzukii
A0AB39Z394	3	U-03	suzukii	D. suzukii
A0AB39Z395	1	U-01	suzukii	D. suzukii
A0AB39Z396	0	unassigned	suzukii	D. suzukii
A0AB39Z397	1	U-01	suzukii	D. suzukii
A0AB39Z3A2	1	U-01	suzukii	D. suzukii
A0AB39Z3A3	1	U-01	suzukii	D. suzukii
A0AB39Z3A5	1	U-01	suzukii	D. suzukii
A0AB39Z3A7	0	unassigned	suzukii	D. suzukii
A0AB39Z3A8	1	U-01	suzukii	D. suzukii
A0AB39Z3A9	2	U-02	suzukii	D. suzukii
A0AB39Z3B1	1	U-01	suzukii	D. suzukii
A0AB39Z3B3	1	U-01	suzukii	D. suzukii
A0AB39Z3B4	1	U-01	suzukii	D. suzukii
A0AB39Z3B6	1	U-01	suzukii	D. suzukii
A0AB39Z3B9	1	U-01	suzukii	D. suzukii
A0AB39Z3C2	1	U-01	suzukii	D. suzukii
A0AB39Z3C3	1	U-01	suzukii	D. suzukii
A0AB39Z3C6	3	U-03	suzukii	D. suzukii
A0AB39Z3C7	0	unassigned	suzukii	D. suzukii
A0AB39Z3C9	1	U-01	suzukii	D. suzukii
A0AB39Z3D0	2	U-02	suzukii	D. suzukii
A0AB39Z3D2	1	U-01	suzukii	D. suzukii
A0AB39Z3D4	1	U-01	suzukii	D. suzukii
A0AB39Z3D6	1	U-01	suzukii	D. suzukii
A0AB39Z3E0	0	unassigned	suzukii	D. suzukii
A0AB39Z3E1	0	unassigned	suzukii	D. suzukii
A0AB39Z3E3	1	U-01	suzukii	D. suzukii
A0AB39Z780	2	U-02	suzukii	D. suzukii
A0AB39Z781	1	U-01	suzukii	D. suzukii
A0AB39Z782	2	U-02	suzukii	D. suzukii
A0AB39Z785	1	U-01	suzukii	D. suzukii
A0AB39Z786	1	U-01	suzukii	D. suzukii
A0AB39Z790	1	U-01	suzukii	D. suzukii
A0AB39Z791	1	U-01	suzukii	D. suzukii
A0AB39Z7A1	2	U-02	suzukii	D. suzukii
A0AB39Z7A3	3	U-03	suzukii	D. suzukii
A0AB39Z7A7	2	U-02	suzukii	D. suzukii
A0AB39Z7B1	2	U-02	suzukii	D. suzukii
A0AB39Z7B4	1	U-01	suzukii	D. suzukii
A0AB39Z7B6	2	U-02	suzukii	D. suzukii
A0AB39Z7B9	1	U-01	suzukii	D. suzukii
A0AB39Z7C0	1	U-01	suzukii	D. suzukii
A0AB39ZSE6	0	unassigned	suzukii	D. suzukii
A0AB39ZSE7	0	unassigned	suzukii	D. suzukii
A0AB39ZSE8	2	U-02	suzukii	D. suzukii
A0AB39ZSF0	0	unassigned	suzukii	D. suzukii
A0AB39ZSF6	1	U-01	suzukii	D. suzukii
A0AB39ZSF7	1	U-01	suzukii	D. suzukii
A0AB39ZSG3	2	U-02	suzukii	D. suzukii
A0AB39ZSG4	3	U-03	suzukii	D. suzukii
A0AB39ZSG7	1	U-01	suzukii	D. suzukii
A0AB39ZSH1	1	U-01	suzukii	D. suzukii
A0AB39ZSH2	1	U-01	suzukii	D. suzukii
A0AB39ZSH5	1	U-01	suzukii	D. suzukii
A0AB39ZSH8	1	U-01	suzukii	D. suzukii
A0AB39ZSI0	0	unassigned	suzukii	D. suzukii
A0AB39ZSI1	1	U-01	suzukii	D. suzukii
A0AB39ZSI8	2	U-02	suzukii	D. suzukii
A0AB39ZSI9	2	U-02	suzukii	D. suzukii
A0AB39ZSJ0	0	unassigned	suzukii	D. suzukii
A0AB39ZSJ3	1	U-01	suzukii	D. suzukii
A0AB39ZSJ9	2	U-02	suzukii	D. suzukii
A0AB39ZSK5	2	U-02	suzukii	D. suzukii
A0AB39ZSK6	1	U-01	suzukii	D. suzukii
A0AB39ZSK8	0	unassigned	suzukii	D. suzukii
A0AB39ZSK9	1	U-01	suzukii	D. suzukii
A0AB39ZSL1	3	U-03	suzukii	D. suzukii
A0AB39ZSL4	0	unassigned	suzukii	D. suzukii
A0AB39ZSL5	1	U-01	suzukii	D. suzukii
A0AB39ZSL7	1	U-01	suzukii	D. suzukii
A0AB39ZSM5	2	U-02	suzukii	D. suzukii
A0AB39ZSM8	1	U-01	suzukii	D. suzukii
A0AB39ZSN0	1	U-01	suzukii	D. suzukii
A0AB39ZSN1	1	U-01	suzukii	D. suzukii
A0AB39ZSN8	1	U-01	suzukii	D. suzukii
A0AB39ZSN9	1	U-01	suzukii	D. suzukii
A0AB39ZSP1	2	U-02	suzukii	D. suzukii
A0AB39ZSP4	0	unassigned	suzukii	D. suzukii
A0AB39ZSP5	1	U-01	suzukii	D. suzukii
A0AB39ZSQ0	1	U-01	suzukii	D. suzukii
A0AB39ZSQ6	2	U-02	suzukii	D. suzukii
A0AB39ZSQ9	1	U-01	suzukii	D. suzukii
A0AB39ZSR0	1	U-01	suzukii	D. suzukii
A0AB39ZSR2	0	unassigned	suzukii	D. suzukii
A0AB39ZSR4	2	U-02	suzukii	D. suzukii
A0AB39ZSR5	2	U-02	suzukii	D. suzukii
A0AB39ZSR6	2	U-02	suzukii	D. suzukii
A0AB39ZSR7	1	U-01	suzukii	D. suzukii
A0AB39ZSR9	1	U-01	suzukii	D. suzukii
A0AB39ZSS2	1	U-01	suzukii	D. suzukii
A0AB39ZSS6	1	U-01	suzukii	D. suzukii
A0AB39ZSS7	2	U-02	suzukii	D. suzukii
A0AB39ZST1	1	U-01	suzukii	D. suzukii
A0AB39ZST6	1	U-01	suzukii	D. suzukii
A0AB39ZST7	1	U-01	suzukii	D. suzukii
A0AB39ZSU0	1	U-01	suzukii	D. suzukii
A0AB39ZSU3	1	U-01	suzukii	D. suzukii
A0AB39ZSU5	1	U-01	suzukii	D. suzukii
A0AB39ZSU8	1	U-01	suzukii	D. suzukii
A0AB39ZSU9	1	U-01	suzukii	D. suzukii
A0AB39ZSV1	1	U-01	suzukii	D. suzukii
A0AB39ZSX0	1	U-01	suzukii	D. suzukii
A0AB39ZSX6	1	U-01	suzukii	D. suzukii
A0AB39ZSX9	1	U-01	suzukii	D. suzukii
A0AB39ZSY0	1	U-01	suzukii	D. suzukii
A0AB39ZSY2	3	U-03	suzukii	D. suzukii
A0AB39ZSY7	1	U-01	suzukii	D. suzukii
A0AB39ZSY8	1	U-01	suzukii	D. suzukii
A0AB39ZSZ0	1	U-01	suzukii	D. suzukii
A0AB39ZSZ3	1	U-01	suzukii	D. suzukii
A0AB39ZSZ6	1	U-01	suzukii	D. suzukii
A0AB39ZSZ8	1	U-01	suzukii	D. suzukii
A0AB39ZT01	1	U-01	suzukii	D. suzukii
A0AB39ZWQ2	0	unassigned	suzukii	D. suzukii
A0AB39ZWQ3	2	U-02	suzukii	D. suzukii
A0AB39ZWQ4	1	U-01	suzukii	D. suzukii
A0AB39ZWQ8	1	U-01	suzukii	D. suzukii
A0AB39ZWQ9	1	U-01	suzukii	D. suzukii
A0AB39ZWR0	1	U-01	suzukii	D. suzukii
A0AB39ZWR1	1	U-01	suzukii	D. suzukii
A0AB39ZWR7	1	U-01	suzukii	D. suzukii
A0AB39ZWS0	1	U-01	suzukii	D. suzukii
A0AB39ZWS1	0	unassigned	suzukii	D. suzukii
A0AB39ZWS2	1	U-01	suzukii	D. suzukii
A0AB39ZWS4	1	U-01	suzukii	D. suzukii
A0AB39ZWS8	1	U-01	suzukii	D. suzukii
A0AB39ZWU3	1	U-01	suzukii	D. suzukii
A0AB39ZWU8	2	U-02	suzukii	D. suzukii
A0AB39ZWV1	1	U-01	suzukii	D. suzukii
A0AB39ZWV3	2	U-02	suzukii	D. suzukii
A0AB39ZWV6	0	unassigned	suzukii	D. suzukii
A0AB39ZWV7	1	U-01	suzukii	D. suzukii
A0AB39ZWV8	1	U-01	suzukii	D. suzukii
A0AB39ZWW3	1	U-01	suzukii	D. suzukii
A0AB39ZWW4	1	U-01	suzukii	D. suzukii
A0AB39ZWW7	1	U-01	suzukii	D. suzukii
A0AB39ZWW8	1	U-01	suzukii	D. suzukii
A0AB39ZWX1	1	U-01	suzukii	D. suzukii
A0AB39ZWX2	1	U-01	suzukii	D. suzukii
A0AB39ZWX4	1	U-01	suzukii	D. suzukii
A0AB39ZWX5	1	U-01	suzukii	D. suzukii
A0AB39ZWX8	1	U-01	suzukii	D. suzukii
A0AB40DLS2	1	U-01	suzukii	D. suzukii
A0AB40DLT9	3	U-03	suzukii	D. suzukii
A0AB40DLV2	1	U-01	suzukii	D. suzukii
A0AB40DLV5	1	U-01	suzukii	D. suzukii
A0AB40DLV7	0	unassigned	suzukii	D. suzukii
A0AB40DLW1	2	U-02	suzukii	D. suzukii
A0AB40DLX3	1	U-01	suzukii	D. suzukii
A0AB40DLX6	0	unassigned	suzukii	D. suzukii
A0AB40DLY3	0	unassigned	suzukii	D. suzukii
A0AB40DLZ6	1	U-01	suzukii	D. suzukii
A0AB40DLZ9	1	U-01	suzukii	D. suzukii
A0AB40DM09	1	U-01	suzukii	D. suzukii
A0AB40DM13	1	U-01	suzukii	D. suzukii
A0AB40DM16	1	U-01	suzukii	D. suzukii
A0AB40DM18	1	U-01	suzukii	D. suzukii
A0AB40DM22	0	unassigned	suzukii	D. suzukii
A0AB40DM25	1	U-01	suzukii	D. suzukii
A0AB40DM32	1	U-01	suzukii	D. suzukii
A0AB40DM34	1	U-01	suzukii	D. suzukii
A0AB40DM40	0	unassigned	suzukii	D. suzukii
A0AB40DM60	0	unassigned	suzukii	D. suzukii
A0AB40DM62	1	U-01	suzukii	D. suzukii
A0AB40DM69	1	U-01	suzukii	D. suzukii
A0AB40DM73	0	unassigned	suzukii	D. suzukii
A0AB40DM76	1	U-01	suzukii	D. suzukii
A0AB40DM77	1	U-01	suzukii	D. suzukii
A0AB40DM84	1	U-01	suzukii	D. suzukii
A0AB40DM87	1	U-01	suzukii	D. suzukii
A0AB40DM91	3	U-03	suzukii	D. suzukii
A0AB40DM92	1	U-01	suzukii	D. suzukii
A0AB40DM94	1	U-01	suzukii	D. suzukii
A0AB40DM95	0	unassigned	suzukii	D. suzukii
A0AB40DM96	2	U-02	suzukii	D. suzukii
A0AB40DMA6	1	U-01	suzukii	D. suzukii
A0AB40DMA8	1	U-01	suzukii	D. suzukii
A0AB40DMB1	1	U-01	suzukii	D. suzukii
A0AB40DMB2	1	U-01	suzukii	D. suzukii
A0AB40DMB6	1	U-01	suzukii	D. suzukii
A0AB40DMC6	1	U-01	suzukii	D. suzukii
A0AB40DME3	1	U-01	suzukii	D. suzukii
A0AB40DME5	1	U-01	suzukii	D. suzukii
A0AB40DME7	0	unassigned	suzukii	D. suzukii
A0AB40DMF0	1	U-01	suzukii	D. suzukii
A0AB40DMF1	0	unassigned	suzukii	D. suzukii
A0ABM4TMM1	1	U-01	suzukii	D. suzukii
A0ABM4TMM2	1	U-01	suzukii	D. suzukii
A0ABM4TMM6	3	U-03	suzukii	D. suzukii
A0ABM4TMM8	0	unassigned	suzukii	D. suzukii
A0ABM4TMM9	1	U-01	suzukii	D. suzukii
A0ABM4TMN5	1	U-01	suzukii	D. suzukii
A0ABM4TMP3	1	U-01	suzukii	D. suzukii
A0ABM4TMP4	0	unassigned	suzukii	D. suzukii
A0ABM4TMP7	1	U-01	suzukii	D. suzukii
A0ABM4TMQ4	1	U-01	suzukii	D. suzukii
A0ABM4TMR0	1	U-01	suzukii	D. suzukii
A0ABM4TMR2	1	U-01	suzukii	D. suzukii
A0ABM4TMR6	1	U-01	suzukii	D. suzukii
A0ABM4TMR7	1	U-01	suzukii	D. suzukii
A0ABM4TMR9	1	U-01	suzukii	D. suzukii
A0ABM4TMS1	1	U-01	suzukii	D. suzukii
A0ABM4TMS2	1	U-01	suzukii	D. suzukii
A0ABM4TMS8	1	U-01	suzukii	D. suzukii
A0ABM4TMS9	1	U-01	suzukii	D. suzukii
A0ABM4TMT3	1	U-01	suzukii	D. suzukii
A0ABM4TMT5	1	U-01	suzukii	D. suzukii
A0ABM4TMT8	1	U-01	suzukii	D. suzukii
A0ABM4TMU0	0	unassigned	suzukii	D. suzukii
A0ABM4TMU3	2	U-02	suzukii	D. suzukii
A0ABM4TMU5	0	unassigned	suzukii	D. suzukii
A0ABM4TMU8	1	U-01	suzukii	D. suzukii
A0ABM4TMV1	1	U-01	suzukii	D. suzukii
A0ABM4TMV2	0	unassigned	suzukii	D. suzukii
A0ABM4TMV4	1	U-01	suzukii	D. suzukii
A0ABM4TMV9	1	U-01	suzukii	D. suzukii
A0ABM4TMW8	1	U-01	suzukii	D. suzukii
A0ABM4TMX1	0	unassigned	suzukii	D. suzukii
A0ABM4TMX4	1	U-01	suzukii	D. suzukii
A0ABM4TMX7	0	unassigned	suzukii	D. suzukii
A0ABM4TMX8	1	U-01	suzukii	D. suzukii
A0ABM4TMY7	1	U-01	suzukii	D. suzukii
A0ABM4TMZ0	1	U-01	suzukii	D. suzukii
A0ABM4TMZ3	2	U-02	suzukii	D. suzukii
A0ABM4TN01	1	U-01	suzukii	D. suzukii
A0ABM4TN02	0	unassigned	suzukii	D. suzukii
A0ABM4TN09	1	U-01	suzukii	D. suzukii
A0ABM4TN10	1	U-01	suzukii	D. suzukii
A0ABM4TN12	0	unassigned	suzukii	D. suzukii
A0ABM4TN14	0	unassigned	suzukii	D. suzukii
A0ABM4TN17	0	unassigned	suzukii	D. suzukii
A0ABM4TN21	0	unassigned	suzukii	D. suzukii
A0ABM4TN22	1	U-01	suzukii	D. suzukii
A0ABM4TN27	1	U-01	suzukii	D. suzukii
A0ABM4TN30	0	unassigned	suzukii	D. suzukii
A0ABM4TN38	1	U-01	suzukii	D. suzukii
A0ABM4TN39	1	U-01	suzukii	D. suzukii
A0ABM4TN41	1	U-01	suzukii	D. suzukii
A0ABM4TN43	1	U-01	suzukii	D. suzukii
A0ABM4TN50	2	U-02	suzukii	D. suzukii
A0ABM4TN56	0	unassigned	suzukii	D. suzukii
A0ABM4TN58	0	unassigned	suzukii	D. suzukii
A0AB40A7S8	1	U-01	suzukii	D. suzukii
A0AB40A7S9	1	U-01	suzukii	D. suzukii
A0AB40A7T5	1	U-01	suzukii	D. suzukii
A0AB40A7T7	2	U-02	suzukii	D. suzukii
A0AB40A7U1	0	unassigned	suzukii	D. suzukii
A0AB40A7U2	1	U-01	suzukii	D. suzukii
A0AB40A7U4	1	U-01	suzukii	D. suzukii
A0AB40A7U6	1	U-01	suzukii	D. suzukii
A0AB40A7U7	1	U-01	suzukii	D. suzukii
A0AB40A7V2	1	U-01	suzukii	D. suzukii
A0AB40A7V6	1	U-01	suzukii	D. suzukii
A0AB40A7V7	3	U-03	suzukii	D. suzukii
A0AB40A7W2	1	U-01	suzukii	D. suzukii
A0AB40A7W3	1	U-01	suzukii	D. suzukii
A0AB40A7W4	2	U-02	suzukii	D. suzukii
A0AB40A7W7	1	U-01	suzukii	D. suzukii
A0AB40A7W8	2	U-02	suzukii	D. suzukii
A0AB40D5P3	1	U-01	suzukii	D. suzukii
A0AB40D5P4	1	U-01	suzukii	D. suzukii
A0AB40D5Q0	1	U-01	suzukii	D. suzukii
A0AB40D5S2	0	unassigned	suzukii	D. suzukii
A0AB40D5S7	3	U-03	suzukii	D. suzukii
A0AB40D5T5	1	U-01	suzukii	D. suzukii
A0AB40D5U3	1	U-01	suzukii	D. suzukii
A0AB40D5U4	0	unassigned	suzukii	D. suzukii
A0AB40D5U5	1	U-01	suzukii	D. suzukii
A0AB40D5V7	1	U-01	suzukii	D. suzukii
A0AB40D5V8	0	unassigned	suzukii	D. suzukii
A0AB40D5W7	0	unassigned	suzukii	D. suzukii
A0AB40D5X2	1	U-01	suzukii	D. suzukii
A0AB40D5X5	0	unassigned	suzukii	D. suzukii
A0AB40D5Y3	3	U-03	suzukii	D. suzukii
A0AB40D5Y7	0	unassigned	suzukii	D. suzukii
A0AB40D601	1	U-01	suzukii	D. suzukii
A0AB40D619	0	unassigned	suzukii	D. suzukii
A0AB40D620	1	U-01	suzukii	D. suzukii
A0AB40D624	1	U-01	suzukii	D. suzukii
A0AB40D627	0	unassigned	suzukii	D. suzukii
A0AB40D628	0	unassigned	suzukii	D. suzukii
A0AB40D636	0	unassigned	suzukii	D. suzukii
A0AB40D648	1	U-01	suzukii	D. suzukii
A0AB40D651	1	U-01	suzukii	D. suzukii
A0AB40D653	1	U-01	suzukii	D. suzukii
A0AB40D658	1	U-01	suzukii	D. suzukii
A0AB40D663	2	U-02	suzukii	D. suzukii
A0AB40D668	2	U-02	suzukii	D. suzukii
A0AB40D670	1	U-01	suzukii	D. suzukii
A0AB40D671	1	U-01	suzukii	D. suzukii
A0AB40D694	1	U-01	suzukii	D. suzukii
A0AB40D6A4	1	U-01	suzukii	D. suzukii
A0AB40D6B1	3	U-03	suzukii	D. suzukii
A0AB40D6B2	1	U-01	suzukii	D. suzukii
A0AB40D6B9	0	unassigned	suzukii	D. suzukii
A0AB40D6C5	1	U-01	suzukii	D. suzukii
A0AB40D6C7	1	U-01	suzukii	D. suzukii
A0AB40D6E1	1	U-01	suzukii	D. suzukii
A0AB40D6E3	1	U-01	suzukii	D. suzukii
A0AB40D6F5	0	unassigned	suzukii	D. suzukii
A0AB40D6G2	1	U-01	suzukii	D. suzukii
A0AB40D6G3	1	U-01	suzukii	D. suzukii
A0AB40D6H2	0	unassigned	suzukii	D. suzukii
A0AB40D6H5	0	unassigned	suzukii	D. suzukii
A0AB40D6I2	0	unassigned	suzukii	D. suzukii
A0AB40D6I5	0	unassigned	suzukii	D. suzukii
A0AB40D6I6	0	unassigned	suzukii	D. suzukii
A0AB40D6K6	0	unassigned	suzukii	D. suzukii
A0AB40D6L1	1	U-01	suzukii	D. suzukii
A0AB40D6L3	1	U-01	suzukii	D. suzukii
A0AB40D6M8	1	U-01	suzukii	D. suzukii
A0AB40D6N3	1	U-01	suzukii	D. suzukii
A0AB40D6N9	0	unassigned	suzukii	D. suzukii
A0AB40D6P8	0	unassigned	suzukii	D. suzukii
A0AB40D6Q3	1	U-01	suzukii	D. suzukii
A0AB40D6Q7	3	U-03	suzukii	D. suzukii
A0AB40D6R3	0	unassigned	suzukii	D. suzukii
A0AB40D6R5	0	unassigned	suzukii	D. suzukii
A0AB40D6R9	1	U-01	suzukii	D. suzukii
A0AB40D6S3	3	U-03	suzukii	D. suzukii
A0AB40D6S4	3	U-03	suzukii	D. suzukii
A0AB40D6T4	1	U-01	suzukii	D. suzukii
A0AB40D6U6	1	U-01	suzukii	D. suzukii
A0AB40D6V7	0	unassigned	suzukii	D. suzukii
A0AB40D6X5	1	U-01	suzukii	D. suzukii
A0AB40D6Y5	1	U-01	suzukii	D. suzukii
A0AB40D6Y7	1	U-01	suzukii	D. suzukii
A0AB40D6Z8	0	unassigned	suzukii	D. suzukii
A0AB40D6Z9	3	U-03	suzukii	D. suzukii
A0AB40D704	0	unassigned	suzukii	D. suzukii
A0AB40D708	1	U-01	suzukii	D. suzukii
A0AB40D743	1	U-01	suzukii	D. suzukii
A0AB40D754	2	U-02	suzukii	D. suzukii
A0AB40D770	1	U-01	suzukii	D. suzukii
A0AB40D774	0	unassigned	suzukii	D. suzukii
A0AB40D776	1	U-01	suzukii	D. suzukii
A0AB40D783	1	U-01	suzukii	D. suzukii
A0AB40D786	0	unassigned	suzukii	D. suzukii
A0AB40D788	0	unassigned	suzukii	D. suzukii
A0AB40D791	0	unassigned	suzukii	D. suzukii
A0AB40D794	1	U-01	suzukii	D. suzukii
A0AB40D7A0	1	U-01	suzukii	D. suzukii
A0AB39ZQ62	1	U-01	suzukii	D. suzukii
A0AB39ZQ63	0	unassigned	suzukii	D. suzukii
A0AB39ZQ66	2	U-02	suzukii	D. suzukii
A0AB39ZQ67	1	U-01	suzukii	D. suzukii
A0AB39ZQ68	1	U-01	suzukii	D. suzukii
A0AB39ZQ69	1	U-01	suzukii	D. suzukii
A0AB39ZQ78	1	U-01	suzukii	D. suzukii
A0AB39ZQ79	0	unassigned	suzukii	D. suzukii
A0AB39ZQ88	3	U-03	suzukii	D. suzukii
A0AB39ZQ91	0	unassigned	suzukii	D. suzukii
A0AB39ZQ93	0	unassigned	suzukii	D. suzukii
A0AB39ZQ96	0	unassigned	suzukii	D. suzukii
A0AB39ZQ97	0	unassigned	suzukii	D. suzukii
A0AB39ZQA2	1	U-01	suzukii	D. suzukii
A0AB39ZQA4	1	U-01	suzukii	D. suzukii
A0AB39ZQA7	1	U-01	suzukii	D. suzukii
A0AB39ZQB0	1	U-01	suzukii	D. suzukii
A0AB39ZQB1	1	U-01	suzukii	D. suzukii
A0AB39ZQB2	0	unassigned	suzukii	D. suzukii
A0AB39ZQB5	1	U-01	suzukii	D. suzukii
A0AB39ZQB6	0	unassigned	suzukii	D. suzukii
A0AB39ZQB9	0	unassigned	suzukii	D. suzukii
A0AB39ZQC1	1	U-01	suzukii	D. suzukii
A0AB39ZQC6	1	U-01	suzukii	D. suzukii
A0AB39ZQC7	1	U-01	suzukii	D. suzukii
A0AB39ZQC8	1	U-01	suzukii	D. suzukii
A0AB39ZQC9	0	unassigned	suzukii	D. suzukii
A0AB39ZQD0	0	unassigned	suzukii	D. suzukii
A0AB39ZQD2	1	U-01	suzukii	D. suzukii
A0AB39ZQD4	1	U-01	suzukii	D. suzukii
A0AB39ZQD8	0	unassigned	suzukii	D. suzukii
A0AB39ZQE7	1	U-01	suzukii	D. suzukii
A0AB39ZQF0	1	U-01	suzukii	D. suzukii
A0AB39ZQF3	2	U-02	suzukii	D. suzukii
A0AB39ZQF5	1	U-01	suzukii	D. suzukii
A0AB39ZQF6	1	U-01	suzukii	D. suzukii
A0AB39ZQF7	0	unassigned	suzukii	D. suzukii
A0AB39ZQF8	0	unassigned	suzukii	D. suzukii
A0AB39ZQG1	2	U-02	suzukii	D. suzukii
A0AB39ZQG2	2	U-02	suzukii	D. suzukii
A0AB39ZQG3	1	U-01	suzukii	D. suzukii
A0AB39ZQG4	0	unassigned	suzukii	D. suzukii
A0AB39ZQG5	2	U-02	suzukii	D. suzukii
A0AB39ZQG8	0	unassigned	suzukii	D. suzukii
A0AB39ZQG9	1	U-01	suzukii	D. suzukii
A0AB39ZQH0	1	U-01	suzukii	D. suzukii
A0AB39ZQH2	1	U-01	suzukii	D. suzukii
A0AB39ZQH3	1	U-01	suzukii	D. suzukii
A0AB39ZQH5	0	unassigned	suzukii	D. suzukii
A0AB39ZQH6	1	U-01	suzukii	D. suzukii
A0AB39ZQI5	1	U-01	suzukii	D. suzukii
A0AB39ZQI7	1	U-01	suzukii	D. suzukii
A0AB39ZQJ2	1	U-01	suzukii	D. suzukii
A0AB39ZQJ5	1	U-01	suzukii	D. suzukii
A0AB39ZQJ6	0	unassigned	suzukii	D. suzukii
A0AB39ZQJ8	0	unassigned	suzukii	D. suzukii
A0AB39ZQK0	1	U-01	suzukii	D. suzukii
A0AB39ZQK2	1	U-01	suzukii	D. suzukii
A0AB39ZQK6	1	U-01	suzukii	D. suzukii
A0AB39ZQK7	1	U-01	suzukii	D. suzukii
A0AB39ZQK8	2	U-02	suzukii	D. suzukii
A0AB39ZQL1	0	unassigned	suzukii	D. suzukii
A0AB39ZQL2	1	U-01	suzukii	D. suzukii
A0AB39ZQL4	1	U-01	suzukii	D. suzukii
A0AB39ZQL5	0	unassigned	suzukii	D. suzukii
A0AB39ZQL6	0	unassigned	suzukii	D. suzukii
A0AB39ZQL7	1	U-01	suzukii	D. suzukii
A0AB39ZQM0	1	U-01	suzukii	D. suzukii
A0AB39ZQM1	1	U-01	suzukii	D. suzukii
A0AB39ZQM4	0	unassigned	suzukii	D. suzukii
A0AB39ZQM5	1	U-01	suzukii	D. suzukii
A0AB39ZQM6	0	unassigned	suzukii	D. suzukii
A0AB39ZQM8	1	U-01	suzukii	D. suzukii
A0AB39ZQN1	1	U-01	suzukii	D. suzukii
A0AB39ZQN2	1	U-01	suzukii	D. suzukii
A0AB39ZQN3	1	U-01	suzukii	D. suzukii
A0AB39ZQN8	0	unassigned	suzukii	D. suzukii
A0AB39ZQP3	1	U-01	suzukii	D. suzukii
A0AB39ZQP5	0	unassigned	suzukii	D. suzukii
A0AB39ZQP6	1	U-01	suzukii	D. suzukii
A0AB39ZQP9	1	U-01	suzukii	D. suzukii
A0AB39ZQQ1	1	U-01	suzukii	D. suzukii
A0AB39ZQQ2	1	U-01	suzukii	D. suzukii
A0AB39ZQQ3	0	unassigned	suzukii	D. suzukii
A0AB39ZQQ4	1	U-01	suzukii	D. suzukii
A0AB39ZQQ7	1	U-01	suzukii	D. suzukii
A0AB39ZQR0	1	U-01	suzukii	D. suzukii
A0AB39ZQR6	1	U-01	suzukii	D. suzukii
A0AB39ZQR7	1	U-01	suzukii	D. suzukii
A0AB39ZQR8	1	U-01	suzukii	D. suzukii
A0AB39ZQR9	1	U-01	suzukii	D. suzukii
A0AB39ZQS1	0	unassigned	suzukii	D. suzukii
A0AB39ZW55	1	U-01	suzukii	D. suzukii
A0AB39ZW56	1	U-01	suzukii	D. suzukii
A0AB39ZW57	1	U-01	suzukii	D. suzukii
A0AB39ZW59	1	U-01	suzukii	D. suzukii
A0AB39ZW63	1	U-01	suzukii	D. suzukii
A0AB39ZW66	1	U-01	suzukii	D. suzukii
A0AB39ZW67	1	U-01	suzukii	D. suzukii
A0AB39ZW69	1	U-01	suzukii	D. suzukii
A0ABM4TRB9	1	U-01	suzukii	D. suzukii
A0ABM4TRC1	1	U-01	suzukii	D. suzukii
A0ABM4TRC2	1	U-01	suzukii	D. suzukii
A0ABM4TRC3	1	U-01	suzukii	D. suzukii
A0ABM4TRC8	0	unassigned	suzukii	D. suzukii
A0ABM4TRD0	1	U-01	suzukii	D. suzukii
A0ABM4TRD7	0	unassigned	suzukii	D. suzukii
A0ABM4TRD9	1	U-01	suzukii	D. suzukii
A0ABM4TRE1	0	unassigned	suzukii	D. suzukii
A0ABM4TRE3	1	U-01	suzukii	D. suzukii
A0ABM4TRE5	3	U-03	suzukii	D. suzukii
A0ABM4TRE7	1	U-01	suzukii	D. suzukii
A0ABM4TRE9	0	unassigned	suzukii	D. suzukii
A0ABM4TRF1	1	U-01	suzukii	D. suzukii
A0ABM4TRG3	1	U-01	suzukii	D. suzukii
A0ABM4TRG7	0	unassigned	suzukii	D. suzukii
A0ABM4TRG9	0	unassigned	suzukii	D. suzukii
A0ABM4TRH0	0	unassigned	suzukii	D. suzukii
A0ABM4TRH3	0	unassigned	suzukii	D. suzukii
A0ABM4TRH5	1	U-01	suzukii	D. suzukii
A0ABM4TRH6	0	unassigned	suzukii	D. suzukii
A0ABM4TRH7	2	U-02	suzukii	D. suzukii
A0ABM4TRH9	2	U-02	suzukii	D. suzukii
A0ABM4TRI3	0	unassigned	suzukii	D. suzukii
A0ABM4TRI5	0	unassigned	suzukii	D. suzukii
A0ABM4TRJ4	1	U-01	suzukii	D. suzukii
A0ABM4TRJ7	1	U-01	suzukii	D. suzukii
A0ABM4TRK3	0	unassigned	suzukii	D. suzukii
A0ABM4TRK8	1	U-01	suzukii	D. suzukii
A0ABM4TRK9	1	U-01	suzukii	D. suzukii
A0ABM4TRL5	1	U-01	suzukii	D. suzukii
A0ABM4TRL6	1	U-01	suzukii	D. suzukii
A0ABM4TRM2	0	unassigned	suzukii	D. suzukii
A0ABM4TRM3	1	U-01	suzukii	D. suzukii
A0ABM4TRM4	0	unassigned	suzukii	D. suzukii
A0ABM4TRM6	0	unassigned	suzukii	D. suzukii
A0ABM4TRN1	1	U-01	suzukii	D. suzukii
A0ABM4TRN3	1	U-01	suzukii	D. suzukii
A0ABM4TRN4	1	U-01	suzukii	D. suzukii
A0ABM4TRN7	1	U-01	suzukii	D. suzukii
A0ABM4TRP0	0	unassigned	suzukii	D. suzukii
A0ABM4TRP1	2	U-02	suzukii	D. suzukii
A0ABM4TRP3	1	U-01	suzukii	D. suzukii
A0ABM4TRP4	1	U-01	suzukii	D. suzukii
A0ABM4TRP6	1	U-01	suzukii	D. suzukii
A0ABM4TRP7	1	U-01	suzukii	D. suzukii
A0ABM4TRP8	1	U-01	suzukii	D. suzukii
A0ABM4TRP9	1	U-01	suzukii	D. suzukii
A0ABM4TRQ1	0	unassigned	suzukii	D. suzukii
A0ABM4TRQ3	0	unassigned	suzukii	D. suzukii
A0ABM4TRQ5	0	unassigned	suzukii	D. suzukii
A0ABM4TRQ9	0	unassigned	suzukii	D. suzukii
A0ABM4TRR0	1	U-01	suzukii	D. suzukii
A0ABM4TRR1	1	U-01	suzukii	D. suzukii
A0ABM4TRR2	1	U-01	suzukii	D. suzukii
A0ABM4TRR3	1	U-01	suzukii	D. suzukii
A0ABM4TRR4	2	U-02	suzukii	D. suzukii
A0ABM4TRR8	1	U-01	suzukii	D. suzukii
A0ABM4TRR9	2	U-02	suzukii	D. suzukii
A0ABM4TRS0	1	U-01	suzukii	D. suzukii
A0ABM4TRS1	1	U-01	suzukii	D. suzukii
A0ABM4TRS2	1	U-01	suzukii	D. suzukii
A0ABM4TRS4	0	unassigned	suzukii	D. suzukii
A0ABM4TRS9	0	unassigned	suzukii	D. suzukii
A0ABM4TRT1	0	unassigned	suzukii	D. suzukii
A0ABM4TRT4	0	unassigned	suzukii	D. suzukii
A0ABM4TRT9	2	U-02	suzukii	D. suzukii
A0ABM4TRU0	1	U-01	suzukii	D. suzukii
A0ABM4TRU2	1	U-01	suzukii	D. suzukii
A0ABM4TRU3	0	unassigned	suzukii	D. suzukii
A0ABM4TRU4	0	unassigned	suzukii	D. suzukii
A0ABM4TRU6	0	unassigned	suzukii	D. suzukii
A0ABM4TXF2	1	U-01	suzukii	D. suzukii
A0ABM4TXF3	0	unassigned	suzukii	D. suzukii
A0ABM4TXF4	0	unassigned	suzukii	D. suzukii
A0ABM4TXF5	0	unassigned	suzukii	D. suzukii
A0ABM4TXF6	0	unassigned	suzukii	D. suzukii
A0ABM4TXF8	0	unassigned	suzukii	D. suzukii
A0ABM4TXF9	0	unassigned	suzukii	D. suzukii
A0ABM4TXG0	1	U-01	suzukii	D. suzukii
A0ABM4TXG1	1	U-01	suzukii	D. suzukii
A0ABM4TXG2	0	unassigned	suzukii	D. suzukii
A0ABM4TXG3	0	unassigned	suzukii	D. suzukii
A0ABM4TXG4	0	unassigned	suzukii	D. suzukii
A0ABM4TXG5	1	U-01	suzukii	D. suzukii
A0ABM4TXG8	0	unassigned	suzukii	D. suzukii
A0ABM4TXH0	1	U-01	suzukii	D. suzukii
A0ABM4TXH1	0	unassigned	suzukii	D. suzukii
A0ABM4TXH2	1	U-01	suzukii	D. suzukii
A0ABM4TXH3	0	unassigned	suzukii	D. suzukii
A0ABM4TXH4	0	unassigned	suzukii	D. suzukii
A0ABM4TXH5	0	unassigned	suzukii	D. suzukii
A0ABM4TXH7	0	unassigned	suzukii	D. suzukii
A0ABM4TXH8	0	unassigned	suzukii	D. suzukii
A0ABM4TXH9	1	U-01	suzukii	D. suzukii
A0ABM4TXI0	0	unassigned	suzukii	D. suzukii
A0ABM4TXI1	1	U-01	suzukii	D. suzukii
A0ABM4TXI2	0	unassigned	suzukii	D. suzukii
A0ABM4TXI4	0	unassigned	suzukii	D. suzukii
A0ABM4TXI5	1	U-01	suzukii	D. suzukii
A0AB39Z453	1	U-01	suzukii	D. suzukii
A0AB39Z4A2	1	U-01	suzukii	D. suzukii
A0AB39Z4B9	2	U-02	suzukii	D. suzukii
A0AB39Z4D3	0	unassigned	suzukii	D. suzukii
A0AB39Z4D9	1	U-01	suzukii	D. suzukii
A0AB39Z4F0	2	U-02	suzukii	D. suzukii
A0AB39Z4F1	1	U-01	suzukii	D. suzukii
A0AB39Z4H3	1	U-01	suzukii	D. suzukii
A0AB39Z4K9	0	unassigned	suzukii	D. suzukii
A0AB39Z4L2	0	unassigned	suzukii	D. suzukii
A0AB39Z4L3	0	unassigned	suzukii	D. suzukii
A0AB39Z4L7	0	unassigned	suzukii	D. suzukii
A0AB39Z4L9	0	unassigned	suzukii	D. suzukii
A0AB39Z4M0	0	unassigned	suzukii	D. suzukii
A0AB39Z4M9	0	unassigned	suzukii	D. suzukii
A0AB39Z4N0	0	unassigned	suzukii	D. suzukii
A0AB39Z4N3	0	unassigned	suzukii	D. suzukii
A0AB39Z4N5	0	unassigned	suzukii	D. suzukii
A0AB39Z4N6	0	unassigned	suzukii	D. suzukii
A0AB39Z4N8	0	unassigned	suzukii	D. suzukii
A0AB39Z4P7	0	unassigned	suzukii	D. suzukii
A0AB39Z4P9	0	unassigned	suzukii	D. suzukii
A0AB39Z4Q7	0	unassigned	suzukii	D. suzukii
A0AB39Z4R4	0	unassigned	suzukii	D. suzukii
A0AB39Z4S5	0	unassigned	suzukii	D. suzukii
A0AB39Z4U7	0	unassigned	suzukii	D. suzukii
A0AB39Z4V2	2	U-02	suzukii	D. suzukii
A0AB39Z4X5	0	unassigned	suzukii	D. suzukii
A0AB39Z4Z0	0	unassigned	suzukii	D. suzukii
A0AB39Z4Z7	1	U-01	suzukii	D. suzukii
A0AB39Z513	1	U-01	suzukii	D. suzukii
A0AB39Z523	1	U-01	suzukii	D. suzukii
A0AB39Z539	0	unassigned	suzukii	D. suzukii
A0AB39Z551	1	U-01	suzukii	D. suzukii
A0AB39Z559	2	U-02	suzukii	D. suzukii
A0AB39Z581	1	U-01	suzukii	D. suzukii
A0AB39Z586	1	U-01	suzukii	D. suzukii
A0AB39Z591	2	U-02	suzukii	D. suzukii
A0AB39Z5C1	1	U-01	suzukii	D. suzukii
A0AB39Z5D2	1	U-01	suzukii	D. suzukii
A0AB39Z5D4	1	U-01	suzukii	D. suzukii
A0AB39Z5F6	3	U-03	suzukii	D. suzukii
A0AB39Z5G9	2	U-02	suzukii	D. suzukii
A0AB39Z5I8	1	U-01	suzukii	D. suzukii
A0AB39Z5M4	1	U-01	suzukii	D. suzukii
A0AB39Z5R3	1	U-01	suzukii	D. suzukii
A0AB39Z5S0	1	U-01	suzukii	D. suzukii
A0AB39Z5Y8	1	U-01	suzukii	D. suzukii
A0AB39Z5Z2	1	U-01	suzukii	D. suzukii
A0AB39Z5Z6	1	U-01	suzukii	D. suzukii
A0AB39Z612	1	U-01	suzukii	D. suzukii
A0AB39Z615	1	U-01	suzukii	D. suzukii
A0AB39Z623	1	U-01	suzukii	D. suzukii
A0AB39Z632	1	U-01	suzukii	D. suzukii
A0AB39Z636	1	U-01	suzukii	D. suzukii
A0AB39Z686	0	unassigned	suzukii	D. suzukii
A0AB39Z6B7	1	U-01	suzukii	D. suzukii
A0AB39Z6D0	1	U-01	suzukii	D. suzukii
A0AB39Z6E9	1	U-01	suzukii	D. suzukii
A0AB39Z6F2	1	U-01	suzukii	D. suzukii
A0AB39Z6F5	1	U-01	suzukii	D. suzukii
A0AB39Z6P0	1	U-01	suzukii	D. suzukii
A0AB39Z6P8	2	U-02	suzukii	D. suzukii
A0AB39Z6Q6	0	unassigned	suzukii	D. suzukii
A0AB39Z6S8	1	U-01	suzukii	D. suzukii
A0AB39Z6U2	0	unassigned	suzukii	D. suzukii
A0AB39Z6V3	3	U-03	suzukii	D. suzukii
A0AB39Z6W4	1	U-01	suzukii	D. suzukii
A0AB39Z6W6	2	U-02	suzukii	D. suzukii
A0AB39Z6W9	2	U-02	suzukii	D. suzukii
A0AB39Z6X0	2	U-02	suzukii	D. suzukii
A0AB39Z6Y2	2	U-02	suzukii	D. suzukii
A0AB39Z6Y4	1	U-01	suzukii	D. suzukii
A0AB39Z6Y5	1	U-01	suzukii	D. suzukii
A0AB39Z6Z1	0	unassigned	suzukii	D. suzukii
A0AB39Z703	2	U-02	suzukii	D. suzukii
A0AB39Z705	1	U-01	suzukii	D. suzukii
A0AB39Z710	1	U-01	suzukii	D. suzukii
A0AB39Z713	0	unassigned	suzukii	D. suzukii
A0AB39Z714	0	unassigned	suzukii	D. suzukii
A0AB39Z715	1	U-01	suzukii	D. suzukii
A0AB39Z719	0	unassigned	suzukii	D. suzukii
A0AB39Z731	1	U-01	suzukii	D. suzukii
A0AB39Z737	1	U-01	suzukii	D. suzukii
A0AB39Z740	1	U-01	suzukii	D. suzukii
A0AB39Z761	1	U-01	suzukii	D. suzukii
A0AB39Z764	1	U-01	suzukii	D. suzukii
A0AB39Z769	1	U-01	suzukii	D. suzukii
A0AB39Z784	1	U-01	suzukii	D. suzukii
A0AB39Z787	1	U-01	suzukii	D. suzukii
A0AB39Z7A5	0	unassigned	suzukii	D. suzukii
A0AB39Z7A9	1	U-01	suzukii	D. suzukii
A0AB39Z7C3	2	U-02	suzukii	D. suzukii
A0AB39ZC30	1	U-01	suzukii	D. suzukii
A0AB39ZC32	1	U-01	suzukii	D. suzukii
A0AB39ZC82	1	U-01	suzukii	D. suzukii
A0AB39ZCC5	1	U-01	suzukii	D. suzukii
A0AB39ZCH5	1	U-01	suzukii	D. suzukii
A0AB39ZCK9	1	U-01	suzukii	D. suzukii
A0AB39ZCN0	1	U-01	suzukii	D. suzukii
A0ABM4TTC5	1	U-01	suzukii	D. suzukii
A0ABM4TTC6	0	unassigned	suzukii	D. suzukii
A0ABM4TTC7	0	unassigned	suzukii	D. suzukii
A0ABM4TTC8	0	unassigned	suzukii	D. suzukii
A0ABM4TTC9	0	unassigned	suzukii	D. suzukii
A0ABM4TTD0	0	unassigned	suzukii	D. suzukii
A0ABM4TTD1	1	U-01	suzukii	D. suzukii
A0ABM4TTD2	0	unassigned	suzukii	D. suzukii
A0ABM4TTD3	0	unassigned	suzukii	D. suzukii
A0ABM4TTD4	2	U-02	suzukii	D. suzukii
A0ABM4TTD6	0	unassigned	suzukii	D. suzukii
A0ABM4TTD7	0	unassigned	suzukii	D. suzukii
A0ABM4TTD8	0	unassigned	suzukii	D. suzukii
A0ABM4TTD9	0	unassigned	suzukii	D. suzukii
A0ABM4TTE0	0	unassigned	suzukii	D. suzukii
A0ABM4TTE1	0	unassigned	suzukii	D. suzukii
A0ABM4TTE2	0	unassigned	suzukii	D. suzukii
A0ABM4TTE3	0	unassigned	suzukii	D. suzukii
A0ABM4TTE4	0	unassigned	suzukii	D. suzukii
A0ABM4TTE5	0	unassigned	suzukii	D. suzukii
A0ABM4TTE6	0	unassigned	suzukii	D. suzukii
A0ABM4TTE7	0	unassigned	suzukii	D. suzukii
A0ABM4TTE8	1	U-01	suzukii	D. suzukii
A0ABM4TTE9	0	unassigned	suzukii	D. suzukii
A0ABM4TTF0	1	U-01	suzukii	D. suzukii
A0ABM4TTF1	0	unassigned	suzukii	D. suzukii
A0ABM4TTF2	0	unassigned	suzukii	D. suzukii
A0ABM4TTF3	0	unassigned	suzukii	D. suzukii
A0ABM4TTF4	0	unassigned	suzukii	D. suzukii
A0ABM4TTF7	0	unassigned	suzukii	D. suzukii
A0ABM4TTF9	0	unassigned	suzukii	D. suzukii
A0ABM4TTG1	0	unassigned	suzukii	D. suzukii
A0ABM4TTG2	0	unassigned	suzukii	D. suzukii
A0ABM4TTH3	0	unassigned	suzukii	D. suzukii
A0ABM4TTH6	0	unassigned	suzukii	D. suzukii
A0ABM4TTL4	1	U-01	suzukii	D. suzukii
A0ABM4TTQ4	2	U-02	suzukii	D. suzukii
A0ABM4TTQ5	1	U-01	suzukii	D. suzukii
A0ABM4TTR3	1	U-01	suzukii	D. suzukii
A0ABM4TTR9	1	U-01	suzukii	D. suzukii
A0ABM4TTU5	1	U-01	suzukii	D. suzukii
A0ABM4TTW2	2	U-02	suzukii	D. suzukii
A0ABM4TTW3	2	U-02	suzukii	D. suzukii
A0ABM4TTW6	2	U-02	suzukii	D. suzukii
A0ABM4TTW7	2	U-02	suzukii	D. suzukii
A0ABM4TTX2	2	U-02	suzukii	D. suzukii
A0ABM4TTX3	2	U-02	suzukii	D. suzukii
A0ABM4TTX4	2	U-02	suzukii	D. suzukii
A0ABM4TTX8	2	U-02	suzukii	D. suzukii
A0ABM4TTX9	2	U-02	suzukii	D. suzukii
A0ABM4TTY0	2	U-02	suzukii	D. suzukii
A0ABM4TTY1	2	U-02	suzukii	D. suzukii
A0ABM4TTY2	2	U-02	suzukii	D. suzukii
A0ABM4TTY3	2	U-02	suzukii	D. suzukii
A0ABM4TTY4	2	U-02	suzukii	D. suzukii
A0ABM4TTY5	2	U-02	suzukii	D. suzukii
A0ABM4TTY6	2	U-02	suzukii	D. suzukii
A0ABM4TTY7	2	U-02	suzukii	D. suzukii
A0ABM4TTZ1	2	U-02	suzukii	D. suzukii
A0ABM4TTZ2	2	U-02	suzukii	D. suzukii
A0ABM4TTZ4	2	U-02	suzukii	D. suzukii
A0ABM4TTZ5	2	U-02	suzukii	D. suzukii
A0ABM4TTZ6	2	U-02	suzukii	D. suzukii
A0ABM4TTZ7	2	U-02	suzukii	D. suzukii
A0ABM4TTZ9	2	U-02	suzukii	D. suzukii
A0ABM4TU00	2	U-02	suzukii	D. suzukii
A0ABM4TU01	2	U-02	suzukii	D. suzukii
A0ABM4TU02	2	U-02	suzukii	D. suzukii
A0ABM4TU04	2	U-02	suzukii	D. suzukii
A0ABM4TU07	2	U-02	suzukii	D. suzukii
A0ABM4TU08	2	U-02	suzukii	D. suzukii
A0ABM4TU10	2	U-02	suzukii	D. suzukii
A0ABM4TU11	2	U-02	suzukii	D. suzukii
A0ABM4TU13	2	U-02	suzukii	D. suzukii
A0ABM4TU15	2	U-02	suzukii	D. suzukii
A0AB39YYY6	1	U-01	suzukii	D. suzukii
A0AB39YYY8	1	U-01	suzukii	D. suzukii
A0AB39YYZ3	1	U-01	suzukii	D. suzukii
A0AB39YYZ4	0	unassigned	suzukii	D. suzukii
A0AB39YYZ5	1	U-01	suzukii	D. suzukii
A0AB39YYZ8	3	U-03	suzukii	D. suzukii
A0AB39YZ01	1	U-01	suzukii	D. suzukii
A0AB39YZ02	1	U-01	suzukii	D. suzukii
A0AB39YZ05	2	U-02	suzukii	D. suzukii
A0AB39YZ06	1	U-01	suzukii	D. suzukii
A0AB39YZ07	1	U-01	suzukii	D. suzukii
A0AB39YZ14	0	unassigned	suzukii	D. suzukii
A0AB39YZ16	2	U-02	suzukii	D. suzukii
A0AB39YZ20	0	unassigned	suzukii	D. suzukii
A0AB39YZ24	1	U-01	suzukii	D. suzukii
A0AB39YZ30	1	U-01	suzukii	D. suzukii
A0AB39YZ37	1	U-01	suzukii	D. suzukii
A0AB39YZ44	1	U-01	suzukii	D. suzukii
A0AB39YZ47	3	U-03	suzukii	D. suzukii
A0AB39YZ55	1	U-01	suzukii	D. suzukii
A0AB39YZ56	1	U-01	suzukii	D. suzukii
A0AB39YZ58	1	U-01	suzukii	D. suzukii
A0AB39YZ61	1	U-01	suzukii	D. suzukii
A0AB39YZ62	1	U-01	suzukii	D. suzukii
A0AB39YZ63	1	U-01	suzukii	D. suzukii
A0AB39Z8G3	1	U-01	suzukii	D. suzukii
A0AB39Z8G5	1	U-01	suzukii	D. suzukii
A0AB39Z8G8	2	U-02	suzukii	D. suzukii
A0AB39Z8H5	1	U-01	suzukii	D. suzukii
A0AB39Z8H6	1	U-01	suzukii	D. suzukii
A0AB39Z8H9	1	U-01	suzukii	D. suzukii
A0AB39Z8I0	2	U-02	suzukii	D. suzukii
A0AB39Z8I4	2	U-02	suzukii	D. suzukii
A0AB39Z8I7	1	U-01	suzukii	D. suzukii
A0AB39Z8I8	1	U-01	suzukii	D. suzukii
A0AB39Z8I9	1	U-01	suzukii	D. suzukii
A0AB39Z8J0	1	U-01	suzukii	D. suzukii
A0AB39Z8J1	0	unassigned	suzukii	D. suzukii
A0AB39Z8J3	1	U-01	suzukii	D. suzukii
A0AB39Z8J4	1	U-01	suzukii	D. suzukii
A0AB39Z8J9	1	U-01	suzukii	D. suzukii
A0AB39Z8K0	0	unassigned	suzukii	D. suzukii
A0AB39ZBX9	1	U-01	suzukii	D. suzukii
A0AB39ZBY2	2	U-02	suzukii	D. suzukii
A0AB39ZBY3	1	U-01	suzukii	D. suzukii
A0AB39ZBY4	1	U-01	suzukii	D. suzukii
A0AB39ZBY5	1	U-01	suzukii	D. suzukii
A0AB39ZBY6	1	U-01	suzukii	D. suzukii
A0AB39ZBY7	2	U-02	suzukii	D. suzukii
A0AB39ZBZ0	1	U-01	suzukii	D. suzukii
A0AB39ZBZ3	1	U-01	suzukii	D. suzukii
A0AB39ZBZ4	2	U-02	suzukii	D. suzukii
A0AB39ZBZ8	1	U-01	suzukii	D. suzukii
A0AB39ZC02	1	U-01	suzukii	D. suzukii
A0AB39ZC03	2	U-02	suzukii	D. suzukii
A0AB39ZC09	0	unassigned	suzukii	D. suzukii
A0AB39ZC11	1	U-01	suzukii	D. suzukii
A0AB39ZC12	1	U-01	suzukii	D. suzukii
A0AB39ZC13	1	U-01	suzukii	D. suzukii
A0AB39ZC18	1	U-01	suzukii	D. suzukii
A0AB39ZC20	1	U-01	suzukii	D. suzukii
A0AB39ZC21	0	unassigned	suzukii	D. suzukii
A0AB39ZC22	1	U-01	suzukii	D. suzukii
A0AB39ZC23	1	U-01	suzukii	D. suzukii
A0AB39ZC25	1	U-01	suzukii	D. suzukii
A0AB39ZC26	0	unassigned	suzukii	D. suzukii
A0AB39ZC27	1	U-01	suzukii	D. suzukii
A0AB39ZC29	1	U-01	suzukii	D. suzukii
A0AB39ZC31	3	U-03	suzukii	D. suzukii
A0AB39ZC33	1	U-01	suzukii	D. suzukii
A0AB39ZC35	1	U-01	suzukii	D. suzukii
A0AB39ZC37	1	U-01	suzukii	D. suzukii
A0AB39ZC38	1	U-01	suzukii	D. suzukii
A0AB39ZC39	2	U-02	suzukii	D. suzukii
A0AB39ZC40	1	U-01	suzukii	D. suzukii
A0AB39ZC41	1	U-01	suzukii	D. suzukii
A0AB39ZC42	0	unassigned	suzukii	D. suzukii
A0AB39ZC44	1	U-01	suzukii	D. suzukii
A0AB39ZC47	0	unassigned	suzukii	D. suzukii
A0AB39ZC51	1	U-01	suzukii	D. suzukii
A0AB39ZC53	1	U-01	suzukii	D. suzukii
A0AB39ZC54	3	U-03	suzukii	D. suzukii
A0AB39ZC55	1	U-01	suzukii	D. suzukii
A0AB39ZC56	1	U-01	suzukii	D. suzukii
A0AB39ZC59	1	U-01	suzukii	D. suzukii
A0AB39ZC60	0	unassigned	suzukii	D. suzukii
A0AB39ZC61	1	U-01	suzukii	D. suzukii
A0AB39ZC62	1	U-01	suzukii	D. suzukii
A0AB39ZC63	1	U-01	suzukii	D. suzukii
A0AB39ZC70	0	unassigned	suzukii	D. suzukii
A0AB39ZC77	1	U-01	suzukii	D. suzukii
A0AB39ZC81	1	U-01	suzukii	D. suzukii
A0AB39ZC83	1	U-01	suzukii	D. suzukii
A0AB39ZC84	1	U-01	suzukii	D. suzukii
A0AB39ZC85	2	U-02	suzukii	D. suzukii
A0AB39ZC87	1	U-01	suzukii	D. suzukii
A0AB39ZC88	1	U-01	suzukii	D. suzukii
A0AB39ZC95	1	U-01	suzukii	D. suzukii
A0AB39ZC96	2	U-02	suzukii	D. suzukii
A0AB39ZC97	1	U-01	suzukii	D. suzukii
A0AB39ZCA0	1	U-01	suzukii	D. suzukii
A0AB39ZCA4	1	U-01	suzukii	D. suzukii
A0AB39ZCA5	1	U-01	suzukii	D. suzukii
A0AB39ZCA6	0	unassigned	suzukii	D. suzukii
A0AB39ZCA7	3	U-03	suzukii	D. suzukii
A0AB39ZCB1	1	U-01	suzukii	D. suzukii
A0AB39ZCB4	0	unassigned	suzukii	D. suzukii
A0AB39ZCB6	1	U-01	suzukii	D. suzukii
A0AB39ZCC3	2	U-02	suzukii	D. suzukii
A0AB39ZCC7	1	U-01	suzukii	D. suzukii
A0AB39ZCC8	1	U-01	suzukii	D. suzukii
A0AB39ZCD1	1	U-01	suzukii	D. suzukii
A0AB39ZCD3	0	unassigned	suzukii	D. suzukii
A0AB39ZCD4	1	U-01	suzukii	D. suzukii
A0AB39ZCD5	1	U-01	suzukii	D. suzukii
A0AB39ZCD6	1	U-01	suzukii	D. suzukii
A0AB39ZCE0	1	U-01	suzukii	D. suzukii
A0AB39ZCE1	0	unassigned	suzukii	D. suzukii
A0AB39ZCE2	0	unassigned	suzukii	D. suzukii
A0AB39ZCE3	1	U-01	suzukii	D. suzukii
A0AB39ZCE4	1	U-01	suzukii	D. suzukii
A0AB39ZCE7	2	U-02	suzukii	D. suzukii
A0AB39ZCE8	1	U-01	suzukii	D. suzukii
A0AB39ZCE9	1	U-01	suzukii	D. suzukii
A0AB39ZCF0	1	U-01	suzukii	D. suzukii
A0AB39ZRS4	1	U-01	suzukii	D. suzukii
A0AB39ZRS5	0	unassigned	suzukii	D. suzukii
A0AB39ZVD9	1	U-01	suzukii	D. suzukii
A0AB39ZVE0	3	U-03	suzukii	D. suzukii
A0AB39ZVE1	1	U-01	suzukii	D. suzukii
A0AB39ZVE2	0	unassigned	suzukii	D. suzukii
A0AB39ZVE3	1	U-01	suzukii	D. suzukii
A0AB39ZVE7	2	U-02	suzukii	D. suzukii
A0AB39ZVF2	1	U-01	suzukii	D. suzukii
A0AB39ZVF5	1	U-01	suzukii	D. suzukii
A0AB39ZVF6	1	U-01	suzukii	D. suzukii
A0AB39ZVG0	1	U-01	suzukii	D. suzukii
A0AB39ZVG1	1	U-01	suzukii	D. suzukii
A0AB39ZVG3	1	U-01	suzukii	D. suzukii
A0AB39ZVG4	3	U-03	suzukii	D. suzukii
A0AB39ZVG7	1	U-01	suzukii	D. suzukii
A0AB39ZVG8	2	U-02	suzukii	D. suzukii
A0AB39ZVH0	0	unassigned	suzukii	D. suzukii
A0AB39ZVH1	1	U-01	suzukii	D. suzukii
A0AB39ZVH2	1	U-01	suzukii	D. suzukii
A0AB39ZVH5	1	U-01	suzukii	D. suzukii
A0AB39ZVH6	1	U-01	suzukii	D. suzukii
A0AB39ZVH9	1	U-01	suzukii	D. suzukii
A0AB39ZVI9	1	U-01	suzukii	D. suzukii
A0AB39ZVJ1	1	U-01	suzukii	D. suzukii
A0AB39ZVJ5	1	U-01	suzukii	D. suzukii
A0AB39ZVJ6	1	U-01	suzukii	D. suzukii
A0AB39ZVJ7	1	U-01	suzukii	D. suzukii
A0AB39ZVJ9	1	U-01	suzukii	D. suzukii
A0AB39ZVK1	1	U-01	suzukii	D. suzukii
A0AB39ZVK3	1	U-01	suzukii	D. suzukii
A0AB39ZVK4	1	U-01	suzukii	D. suzukii
A0AB39ZVK5	3	U-03	suzukii	D. suzukii
A0AB39ZVL1	1	U-01	suzukii	D. suzukii
A0AB39ZVL3	1	U-01	suzukii	D. suzukii
A0AB39ZVL4	3	U-03	suzukii	D. suzukii
A0AB39ZVL9	1	U-01	suzukii	D. suzukii
A0AB39ZVM0	3	U-03	suzukii	D. suzukii
A0AB39ZVM6	1	U-01	suzukii	D. suzukii
A0AB39ZVM7	1	U-01	suzukii	D. suzukii
A0AB39ZVM9	1	U-01	suzukii	D. suzukii
A0AB39ZVN3	1	U-01	suzukii	D. suzukii
A0AB39ZVN4	1	U-01	suzukii	D. suzukii
A0AB39ZVP1	1	U-01	suzukii	D. suzukii
A0AB39ZVP3	1	U-01	suzukii	D. suzukii
A0AB39ZVQ2	1	U-01	suzukii	D. suzukii
A0AB39ZVQ4	1	U-01	suzukii	D. suzukii
A0AB39ZVQ6	1	U-01	suzukii	D. suzukii
A0AB39ZVQ9	1	U-01	suzukii	D. suzukii
A0AB39ZVR1	1	U-01	suzukii	D. suzukii
A0AB39ZVR5	1	U-01	suzukii	D. suzukii
A0AB39ZVR7	1	U-01	suzukii	D. suzukii
A0AB39ZVS0	1	U-01	suzukii	D. suzukii
A0AB39ZVS3	1	U-01	suzukii	D. suzukii
A0AB39ZVS4	1	U-01	suzukii	D. suzukii
A0AB39ZVS7	1	U-01	suzukii	D. suzukii
A0AB39ZVT2	1	U-01	suzukii	D. suzukii
A0AB39ZVT8	1	U-01	suzukii	D. suzukii
A0AB39ZVT9	1	U-01	suzukii	D. suzukii
A0AB39ZVU0	2	U-02	suzukii	D. suzukii
A0AB39ZVU1	1	U-01	suzukii	D. suzukii
A0AB39ZVU5	1	U-01	suzukii	D. suzukii
A0AB39ZVV0	3	U-03	suzukii	D. suzukii
A0AB39ZVV2	1	U-01	suzukii	D. suzukii
A0AB39ZVV4	0	unassigned	suzukii	D. suzukii
A0AB39ZVV6	1	U-01	suzukii	D. suzukii
A0AB39ZVV7	1	U-01	suzukii	D. suzukii
A0AB39ZVW5	1	U-01	suzukii	D. suzukii
A0AB39ZVW6	1	U-01	suzukii	D. suzukii
A0AB39ZVW7	0	unassigned	suzukii	D. suzukii
A0AB39ZVX2	1	U-01	suzukii	D. suzukii
A0AB39ZVX8	1	U-01	suzukii	D. suzukii
A0AB39ZVX9	1	U-01	suzukii	D. suzukii
A0AB39ZVY3	1	U-01	suzukii	D. suzukii
A0AB39ZVY8	1	U-01	suzukii	D. suzukii
A0AB39ZVZ0	1	U-01	suzukii	D. suzukii
A0AB39ZVZ3	0	unassigned	suzukii	D. suzukii
A0AB39ZVZ4	1	U-01	suzukii	D. suzukii
A0AB39ZVZ5	3	U-03	suzukii	D. suzukii
A0AB39ZVZ7	1	U-01	suzukii	D. suzukii
A0AB39ZVZ8	1	U-01	suzukii	D. suzukii
A0AB39ZW03	1	U-01	suzukii	D. suzukii
A0AB39ZW04	1	U-01	suzukii	D. suzukii
A0AB39ZW05	0	unassigned	suzukii	D. suzukii
A0AB39ZW10	0	unassigned	suzukii	D. suzukii
A0AB39ZW13	1	U-01	suzukii	D. suzukii
A0AB39ZW15	0	unassigned	suzukii	D. suzukii
A0AB39ZW16	1	U-01	suzukii	D. suzukii
A0AB39ZW18	1	U-01	suzukii	D. suzukii
A0AB39ZW20	2	U-02	suzukii	D. suzukii
A0AB39ZW23	1	U-01	suzukii	D. suzukii
A0AB39ZW25	1	U-01	suzukii	D. suzukii
A0AB39ZW32	1	U-01	suzukii	D. suzukii
A0AB39ZW33	1	U-01	suzukii	D. suzukii
A0AB39ZW34	1	U-01	suzukii	D. suzukii
A0AB39ZW38	0	unassigned	suzukii	D. suzukii
A0AB39ZW39	1	U-01	suzukii	D. suzukii
A0AB39ZW45	1	U-01	suzukii	D. suzukii
A0AB39ZW51	1	U-01	suzukii	D. suzukii
A0AB39ZW54	2	U-02	suzukii	D. suzukii
A0AB40D805	1	U-01	suzukii	D. suzukii
A0AB40D806	0	unassigned	suzukii	D. suzukii
A0AB40D812	3	U-03	suzukii	D. suzukii
A0AB40D814	2	U-02	suzukii	D. suzukii
A0AB40D822	1	U-01	suzukii	D. suzukii
A0AB40D827	1	U-01	suzukii	D. suzukii
A0AB40D829	1	U-01	suzukii	D. suzukii
A0AB40D834	0	unassigned	suzukii	D. suzukii
A0AB40D835	2	U-02	suzukii	D. suzukii
A0AB40D838	1	U-01	suzukii	D. suzukii
A0AB40D842	2	U-02	suzukii	D. suzukii
A0AB40D843	2	U-02	suzukii	D. suzukii
A0AB40D844	2	U-02	suzukii	D. suzukii
A0AB40D845	1	U-01	suzukii	D. suzukii
A0AB40D847	1	U-01	suzukii	D. suzukii
A0AB40D858	0	unassigned	suzukii	D. suzukii
A0AB40D861	0	unassigned	suzukii	D. suzukii
A0AB40D862	0	unassigned	suzukii	D. suzukii
A0AB40D863	1	U-01	suzukii	D. suzukii
A0AB40D866	1	U-01	suzukii	D. suzukii
A0AB40D869	1	U-01	suzukii	D. suzukii
A0AB40D871	1	U-01	suzukii	D. suzukii
A0AB40D872	0	unassigned	suzukii	D. suzukii
A0AB40D879	2	U-02	suzukii	D. suzukii
A0AB40D880	1	U-01	suzukii	D. suzukii
A0AB40D881	1	U-01	suzukii	D. suzukii
A0AB40D886	2	U-02	suzukii	D. suzukii
A0AB40D894	1	U-01	suzukii	D. suzukii
A0AB40D896	2	U-02	suzukii	D. suzukii
A0AB40D8A1	1	U-01	suzukii	D. suzukii
A0AB40D8A4	1	U-01	suzukii	D. suzukii
A0AB40D8A7	1	U-01	suzukii	D. suzukii
A0AB40D8A9	1	U-01	suzukii	D. suzukii
A0AB40D8B1	1	U-01	suzukii	D. suzukii
A0AB40D8B2	1	U-01	suzukii	D. suzukii
A0AB40D8B3	1	U-01	suzukii	D. suzukii
A0AB40D8C2	1	U-01	suzukii	D. suzukii
A0AB40D8C4	1	U-01	suzukii	D. suzukii
A0AB40D8D1	1	U-01	suzukii	D. suzukii
A0AB40D8D3	2	U-02	suzukii	D. suzukii
A0AB40D8D7	2	U-02	suzukii	D. suzukii
A0AB40D8E0	1	U-01	suzukii	D. suzukii
A0AB40D8E2	2	U-02	suzukii	D. suzukii
A0AB40D8F1	1	U-01	suzukii	D. suzukii
A0AB40D8G2	1	U-01	suzukii	D. suzukii
A0AB40D8G3	1	U-01	suzukii	D. suzukii
A0AB40D8G7	1	U-01	suzukii	D. suzukii
A0AB40D8G8	1	U-01	suzukii	D. suzukii
A0AB40D8G9	1	U-01	suzukii	D. suzukii
A0AB40D8H1	1	U-01	suzukii	D. suzukii
A0AB40D8I0	1	U-01	suzukii	D. suzukii
A0AB40D8I1	1	U-01	suzukii	D. suzukii
A0AB40D8I2	1	U-01	suzukii	D. suzukii
A0AB40D8I4	0	unassigned	suzukii	D. suzukii
A0AB40D8I9	1	U-01	suzukii	D. suzukii
A0AB40D8J3	1	U-01	suzukii	D. suzukii
A0AB40D8J4	0	unassigned	suzukii	D. suzukii
A0AB40D8J5	0	unassigned	suzukii	D. suzukii
A0AB40D8J6	0	unassigned	suzukii	D. suzukii
A0AB40D8J7	0	unassigned	suzukii	D. suzukii
A0AB40D8J8	1	U-01	suzukii	D. suzukii
A0AB40D8J9	1	U-01	suzukii	D. suzukii
A0AB40D8K1	1	U-01	suzukii	D. suzukii
A0AB40D8K3	1	U-01	suzukii	D. suzukii
A0AB40D8L2	2	U-02	suzukii	D. suzukii
A0AB40D8L3	0	unassigned	suzukii	D. suzukii
A0AB40D8L6	3	U-03	suzukii	D. suzukii
A0AB40D8M0	0	unassigned	suzukii	D. suzukii
A0AB40D8M2	1	U-01	suzukii	D. suzukii
A0AB40D8M4	1	U-01	suzukii	D. suzukii
A0AB40D8M8	1	U-01	suzukii	D. suzukii
A0AB40D8N0	1	U-01	suzukii	D. suzukii
A0AB40D8N8	1	U-01	suzukii	D. suzukii
A0AB40D8P1	1	U-01	suzukii	D. suzukii
A0AB40D8P9	0	unassigned	suzukii	D. suzukii
A0AB40D8Q7	1	U-01	suzukii	D. suzukii
A0AB40D8R5	0	unassigned	suzukii	D. suzukii
A0AB40D8R9	0	unassigned	suzukii	D. suzukii
A0AB40D8S3	1	U-01	suzukii	D. suzukii
A0AB40D8S7	2	U-02	suzukii	D. suzukii
A0AB40D8S9	1	U-01	suzukii	D. suzukii
A0AB40D8T7	1	U-01	suzukii	D. suzukii
A0AB40DD07	1	U-01	suzukii	D. suzukii
A0AB40DD22	0	unassigned	suzukii	D. suzukii
A0AB40DD25	0	unassigned	suzukii	D. suzukii
A0AB40DD27	3	U-03	suzukii	D. suzukii
A0AB40DD40	1	U-01	suzukii	D. suzukii
A0AB40DD45	0	unassigned	suzukii	D. suzukii
A0AB40DD47	1	U-01	suzukii	D. suzukii
A0AB40DD54	1	U-01	suzukii	D. suzukii
A0AB40DD58	1	U-01	suzukii	D. suzukii
A0AB40DD60	0	unassigned	suzukii	D. suzukii
A0AB40DD64	1	U-01	suzukii	D. suzukii
A0AB40DD67	0	unassigned	suzukii	D. suzukii
A0AB40DD72	1	U-01	suzukii	D. suzukii
A0AB40DD80	2	U-02	suzukii	D. suzukii
A0AB40DD82	0	unassigned	suzukii	D. suzukii
A0AB40DD91	1	U-01	suzukii	D. suzukii
A0AB40DD96	0	unassigned	suzukii	D. suzukii
A0AB40DD98	0	unassigned	suzukii	D. suzukii
A0ABM4TYD5	0	unassigned	suzukii	D. suzukii
A0ABM4TYD6	0	unassigned	suzukii	D. suzukii
A0ABM4TYD7	0	unassigned	suzukii	D. suzukii
A0ABM4TYD8	0	unassigned	suzukii	D. suzukii
A0ABM4TYD9	0	unassigned	suzukii	D. suzukii
A0ABM4TYE0	0	unassigned	suzukii	D. suzukii
A0ABM4TYE1	0	unassigned	suzukii	D. suzukii
A0ABM4TYE2	0	unassigned	suzukii	D. suzukii
A0ABM4TYE3	1	U-01	suzukii	D. suzukii
A0ABM4TYE5	0	unassigned	suzukii	D. suzukii
A0ABM4TYE6	0	unassigned	suzukii	D. suzukii
A0ABM4TYE7	0	unassigned	suzukii	D. suzukii
A0ABM4TYF0	0	unassigned	suzukii	D. suzukii
A0ABM4TYF1	1	U-01	suzukii	D. suzukii
A0ABM4TYF2	0	unassigned	suzukii	D. suzukii
A0ABM4TYF3	0	unassigned	suzukii	D. suzukii
A0ABM4TYF4	1	U-01	suzukii	D. suzukii
A0ABM4TYF5	0	unassigned	suzukii	D. suzukii
A0ABM4TYF6	0	unassigned	suzukii	D. suzukii
A0ABM4TYF7	0	unassigned	suzukii	D. suzukii
A0ABM4TYF8	0	unassigned	suzukii	D. suzukii
A0ABM4TYF9	0	unassigned	suzukii	D. suzukii
A0ABM4TYG1	0	unassigned	suzukii	D. suzukii
A0ABM4TYG2	0	unassigned	suzukii	D. suzukii
A0ABM4TYG4	0	unassigned	suzukii	D. suzukii
A0ABM4TYG6	0	unassigned	suzukii	D. suzukii
A0ABM4TYG8	0	unassigned	suzukii	D. suzukii
A0ABM4TYH0	0	unassigned	suzukii	D. suzukii
A0ABM4TYH1	0	unassigned	suzukii	D. suzukii
A0ABM4TYH2	0	unassigned	suzukii	D. suzukii
A0ABM4TYH3	0	unassigned	suzukii	D. suzukii
A0ABM4TYH5	1	U-01	suzukii	D. suzukii
A0ABM4TYH6	0	unassigned	suzukii	D. suzukii
A0ABM4TYH7	0	unassigned	suzukii	D. suzukii
A0ABM4TYH9	0	unassigned	suzukii	D. suzukii
A0ABM4TYI0	0	unassigned	suzukii	D. suzukii
A0ABM4TYI1	0	unassigned	suzukii	D. suzukii
A0ABM4TYI3	0	unassigned	suzukii	D. suzukii
A0ABM4TYI4	1	U-01	suzukii	D. suzukii
A0ABM4TYI5	0	unassigned	suzukii	D. suzukii
A0ABM4TYI6	0	unassigned	suzukii	D. suzukii
A0ABM4TYI7	0	unassigned	suzukii	D. suzukii
A0ABM4TYI8	0	unassigned	suzukii	D. suzukii
A0ABM4TYI9	0	unassigned	suzukii	D. suzukii
A0ABM4TYJ0	0	unassigned	suzukii	D. suzukii
A0ABM4TYJ1	0	unassigned	suzukii	D. suzukii
A0ABM4TYJ2	0	unassigned	suzukii	D. suzukii
A0ABM4TYJ3	0	unassigned	suzukii	D. suzukii
A0ABM4TYJ4	0	unassigned	suzukii	D. suzukii
A0ABM4TYJ5	0	unassigned	suzukii	D. suzukii
A0ABM4TYJ7	1	U-01	suzukii	D. suzukii
A0ABM4TYJ8	0	unassigned	suzukii	D. suzukii
A0ABM4TYJ9	0	unassigned	suzukii	D. suzukii
A0ABM4TYK0	0	unassigned	suzukii	D. suzukii
A0ABM4TYK1	2	U-02	suzukii	D. suzukii
A0ABM4TZX3	1	U-01	suzukii	D. suzukii
A0ABM4TZX5	1	U-01	suzukii	D. suzukii
A0ABM4TZX6	0	unassigned	suzukii	D. suzukii
A0ABM4TZX7	1	U-01	suzukii	D. suzukii
A0ABM4TZX8	0	unassigned	suzukii	D. suzukii
A0ABM4TZX9	0	unassigned	suzukii	D. suzukii
A0ABM4TZY1	1	U-01	suzukii	D. suzukii
A0ABM4TZY4	1	U-01	suzukii	D. suzukii
A0ABM4TZY5	0	unassigned	suzukii	D. suzukii
A0ABM4TZY7	0	unassigned	suzukii	D. suzukii
A0ABM4TZY8	0	unassigned	suzukii	D. suzukii
A0ABM4TZY9	0	unassigned	suzukii	D. suzukii
A0ABM4TZZ0	0	unassigned	suzukii	D. suzukii
A0ABM4TZZ1	0	unassigned	suzukii	D. suzukii
A0ABM4TZZ2	1	U-01	suzukii	D. suzukii
A0ABM4TZZ4	0	unassigned	suzukii	D. suzukii
A0ABM4TZZ5	1	U-01	suzukii	D. suzukii
A0ABM4TZZ6	0	unassigned	suzukii	D. suzukii
A0ABM4TZZ8	0	unassigned	suzukii	D. suzukii
A0ABM4U000	1	U-01	suzukii	D. suzukii
A0ABM4U002	1	U-01	suzukii	D. suzukii
A0ABM4U004	1	U-01	suzukii	D. suzukii
A0ABM4U005	0	unassigned	suzukii	D. suzukii
A0ABM4U006	1	U-01	suzukii	D. suzukii
A0ABM4U007	1	U-01	suzukii	D. suzukii
A0ABM4U008	1	U-01	suzukii	D. suzukii
A0ABM4U009	1	U-01	suzukii	D. suzukii
A0ABM4U013	1	U-01	suzukii	D. suzukii
A0ABM4U017	0	unassigned	suzukii	D. suzukii
A0ABM4U018	1	U-01	suzukii	D. suzukii
A0ABM4U019	0	unassigned	suzukii	D. suzukii
A0ABM4U020	0	unassigned	suzukii	D. suzukii
A0ABM4U021	0	unassigned	suzukii	D. suzukii
A0ABM4U022	0	unassigned	suzukii	D. suzukii
A0ABM4U023	0	unassigned	suzukii	D. suzukii
A0ABM4U024	0	unassigned	suzukii	D. suzukii
A0ABM4U027	0	unassigned	suzukii	D. suzukii
A0ABM4U029	1	U-01	suzukii	D. suzukii
A0ABM4U030	1	U-01	suzukii	D. suzukii
A0ABM4U031	0	unassigned	suzukii	D. suzukii
A0ABM4U035	0	unassigned	suzukii	D. suzukii
A0ABM4U036	0	unassigned	suzukii	D. suzukii
A0ABM4U040	1	U-01	suzukii	D. suzukii
A0ABM4U041	1	U-01	suzukii	D. suzukii
A0ABM4U042	0	unassigned	suzukii	D. suzukii
A0AB39Z609	3	U-03	suzukii	D. suzukii
A0AB39Z611	1	U-01	suzukii	D. suzukii
A0AB39Z613	1	U-01	suzukii	D. suzukii
A0AB39Z617	1	U-01	suzukii	D. suzukii
A0AB39Z618	1	U-01	suzukii	D. suzukii
A0AB39Z626	1	U-01	suzukii	D. suzukii
A0AB39Z627	1	U-01	suzukii	D. suzukii
A0AB39Z628	0	unassigned	suzukii	D. suzukii
A0AB39Z630	1	U-01	suzukii	D. suzukii
A0AB39Z633	1	U-01	suzukii	D. suzukii
A0AB39Z639	1	U-01	suzukii	D. suzukii
A0AB39Z644	1	U-01	suzukii	D. suzukii
A0AB39Z646	1	U-01	suzukii	D. suzukii
A0AB39Z647	1	U-01	suzukii	D. suzukii
A0AB39Z649	1	U-01	suzukii	D. suzukii
A0AB39Z650	1	U-01	suzukii	D. suzukii
A0AB39Z654	1	U-01	suzukii	D. suzukii
A0AB39Z655	1	U-01	suzukii	D. suzukii
A0AB39Z658	3	U-03	suzukii	D. suzukii
A0AB39ZC28	1	U-01	suzukii	D. suzukii
A0AB39ZC34	1	U-01	suzukii	D. suzukii
A0AB39ZC36	1	U-01	suzukii	D. suzukii
A0AB39ZC45	3	U-03	suzukii	D. suzukii
A0AB39ZC46	1	U-01	suzukii	D. suzukii
A0AB39ZC49	1	U-01	suzukii	D. suzukii
A0AB39ZC50	1	U-01	suzukii	D. suzukii
A0AB39ZC52	1	U-01	suzukii	D. suzukii
A0AB39ZC57	1	U-01	suzukii	D. suzukii
A0AB39ZC58	0	unassigned	suzukii	D. suzukii
A0AB39ZC65	1	U-01	suzukii	D. suzukii
A0AB39ZC66	1	U-01	suzukii	D. suzukii
A0AB39ZC67	1	U-01	suzukii	D. suzukii
A0AB39ZC69	1	U-01	suzukii	D. suzukii
A0AB39ZC71	0	unassigned	suzukii	D. suzukii
A0AB39ZC73	1	U-01	suzukii	D. suzukii
A0AB39ZC74	1	U-01	suzukii	D. suzukii
A0AB39ZC75	3	U-03	suzukii	D. suzukii
A0AB39ZC76	1	U-01	suzukii	D. suzukii
A0AB39ZC78	1	U-01	suzukii	D. suzukii
A0AB39ZC92	1	U-01	suzukii	D. suzukii
A0AB39ZC93	1	U-01	suzukii	D. suzukii
A0AB39ZC94	1	U-01	suzukii	D. suzukii
A0AB39ZC98	2	U-02	suzukii	D. suzukii
A0AB39ZC99	1	U-01	suzukii	D. suzukii
A0AB39ZCA1	3	U-03	suzukii	D. suzukii
A0AB39ZCA3	1	U-01	suzukii	D. suzukii
A0AB39ZCA8	1	U-01	suzukii	D. suzukii
A0AB39ZCA9	1	U-01	suzukii	D. suzukii
A0AB39ZCB0	1	U-01	suzukii	D. suzukii
A0AB39ZCB2	1	U-01	suzukii	D. suzukii
A0AB39ZCB3	3	U-03	suzukii	D. suzukii
A0AB39ZCB7	1	U-01	suzukii	D. suzukii
A0AB39ZCB8	1	U-01	suzukii	D. suzukii
A0AB39ZCB9	1	U-01	suzukii	D. suzukii
A0AB39ZCC0	1	U-01	suzukii	D. suzukii
A0AB39ZCC1	2	U-02	suzukii	D. suzukii
A0AB39ZCC2	2	U-02	suzukii	D. suzukii
A0AB39ZCC4	1	U-01	suzukii	D. suzukii
A0AB39ZCC6	1	U-01	suzukii	D. suzukii
A0AB39ZCC9	0	unassigned	suzukii	D. suzukii
A0AB39ZCD0	3	U-03	suzukii	D. suzukii
A0AB39ZCD2	1	U-01	suzukii	D. suzukii
A0AB39ZCD7	1	U-01	suzukii	D. suzukii
A0AB39ZCD8	2	U-02	suzukii	D. suzukii
A0AB39ZCD9	0	unassigned	suzukii	D. suzukii
A0AB39ZCE5	1	U-01	suzukii	D. suzukii
A0AB39ZCF2	1	U-01	suzukii	D. suzukii
A0AB39ZCF6	2	U-02	suzukii	D. suzukii
A0AB39ZCG1	1	U-01	suzukii	D. suzukii
A0AB39ZCG3	1	U-01	suzukii	D. suzukii
A0AB39ZCG4	0	unassigned	suzukii	D. suzukii
A0AB39ZCH6	1	U-01	suzukii	D. suzukii
A0AB39ZCI5	1	U-01	suzukii	D. suzukii
A0AB39ZCI8	2	U-02	suzukii	D. suzukii
A0AB39ZCI9	2	U-02	suzukii	D. suzukii
A0AB39ZCJ6	2	U-02	suzukii	D. suzukii
A0AB39ZCJ7	1	U-01	suzukii	D. suzukii
A0AB39ZCK2	2	U-02	suzukii	D. suzukii
A0AB39ZCK3	1	U-01	suzukii	D. suzukii
A0AB39ZCK4	1	U-01	suzukii	D. suzukii
A0AB39ZCK5	1	U-01	suzukii	D. suzukii
A0AB39ZCL1	1	U-01	suzukii	D. suzukii
A0AB39ZCL4	1	U-01	suzukii	D. suzukii
A0AB39ZCL7	1	U-01	suzukii	D. suzukii
A0AB39ZCL8	3	U-03	suzukii	D. suzukii
A0AB39ZCM0	1	U-01	suzukii	D. suzukii
A0AB39ZCM6	1	U-01	suzukii	D. suzukii
A0AB39ZCM7	1	U-01	suzukii	D. suzukii
A0AB39ZCM8	1	U-01	suzukii	D. suzukii
A0AB39ZCN7	2	U-02	suzukii	D. suzukii
A0AB39ZCN8	1	U-01	suzukii	D. suzukii
A0AB39ZCN9	1	U-01	suzukii	D. suzukii
A0AB39ZCP1	1	U-01	suzukii	D. suzukii
A0AB39ZCP2	1	U-01	suzukii	D. suzukii
A0AB39ZCP3	1	U-01	suzukii	D. suzukii
A0AB39ZCP9	1	U-01	suzukii	D. suzukii
A0AB39ZCQ3	1	U-01	suzukii	D. suzukii
A0AB39ZCQ5	0	unassigned	suzukii	D. suzukii
A0AB39ZCQ6	1	U-01	suzukii	D. suzukii
A0AB39ZCQ7	3	U-03	suzukii	D. suzukii
A0ABM4TSW2	0	unassigned	suzukii	D. suzukii
A0ABM4TSX0	0	unassigned	suzukii	D. suzukii
A0ABM4TSY4	0	unassigned	suzukii	D. suzukii
A0ABM4TSY7	1	U-01	suzukii	D. suzukii
A0ABM4TSY9	1	U-01	suzukii	D. suzukii
A0ABM4TSZ0	3	U-03	suzukii	D. suzukii
A0ABM4TSZ3	1	U-01	suzukii	D. suzukii
A0ABM4TSZ9	1	U-01	suzukii	D. suzukii
A0ABM4TT00	1	U-01	suzukii	D. suzukii
A0ABM4TT08	0	unassigned	suzukii	D. suzukii
A0ABM4TT13	0	unassigned	suzukii	D. suzukii
A0ABM4TT14	1	U-01	suzukii	D. suzukii
A0ABM4TT20	1	U-01	suzukii	D. suzukii
A0ABM4TT28	1	U-01	suzukii	D. suzukii
A0ABM4TT29	0	unassigned	suzukii	D. suzukii
A0ABM4TT35	1	U-01	suzukii	D. suzukii
A0ABM4TT41	1	U-01	suzukii	D. suzukii
A0ABM4TT47	0	unassigned	suzukii	D. suzukii
A0ABM4TT51	1	U-01	suzukii	D. suzukii
A0ABM4TT55	1	U-01	suzukii	D. suzukii
A0ABM4TT57	1	U-01	suzukii	D. suzukii
A0ABM4TT58	1	U-01	suzukii	D. suzukii
A0ABM4TT59	1	U-01	suzukii	D. suzukii
A0ABM4TT60	0	unassigned	suzukii	D. suzukii
A0ABM4TT64	1	U-01	suzukii	D. suzukii
A0ABM4TT74	1	U-01	suzukii	D. suzukii
A0ABM4TT85	0	unassigned	suzukii	D. suzukii
A0ABM4TT93	1	U-01	suzukii	D. suzukii
A0ABM4TT98	1	U-01	suzukii	D. suzukii
A0ABM4TT99	1	U-01	suzukii	D. suzukii
A0ABM4TTA5	1	U-01	suzukii	D. suzukii
A0ABM4TTA6	1	U-01	suzukii	D. suzukii
A0ABM4TTA9	1	U-01	suzukii	D. suzukii
A0ABM4TTB4	1	U-01	suzukii	D. suzukii
A0ABM4TTB7	1	U-01	suzukii	D. suzukii
A0ABM4TTC0	1	U-01	suzukii	D. suzukii
A0ABM4TTF5	1	U-01	suzukii	D. suzukii
A0ABM4TTF6	0	unassigned	suzukii	D. suzukii
A0ABM4TTG0	1	U-01	suzukii	D. suzukii
A0ABM4TTG3	1	U-01	suzukii	D. suzukii
A0ABM4TTG4	1	U-01	suzukii	D. suzukii
A0ABM4TTG5	1	U-01	suzukii	D. suzukii
A0ABM4TTG6	1	U-01	suzukii	D. suzukii
A0ABM4TTG7	1	U-01	suzukii	D. suzukii
A0ABM4TTG8	1	U-01	suzukii	D. suzukii
A0ABM4TTH4	0	unassigned	suzukii	D. suzukii
A0ABM4TTH8	0	unassigned	suzukii	D. suzukii
A0ABM4TTI4	1	U-01	suzukii	D. suzukii
A0ABM4TTI7	1	U-01	suzukii	D. suzukii
A0ABM4TTI8	1	U-01	suzukii	D. suzukii
A0ABM4TTJ0	0	unassigned	suzukii	D. suzukii
A0ABM4TTJ1	0	unassigned	suzukii	D. suzukii
A0ABM4TTJ5	1	U-01	suzukii	D. suzukii
A0ABM4TTK1	1	U-01	suzukii	D. suzukii
A0ABM4TTK3	1	U-01	suzukii	D. suzukii
A0ABM4TTL1	1	U-01	suzukii	D. suzukii
A0ABM4TTM0	1	U-01	suzukii	D. suzukii
A0ABM4TTM3	2	U-02	suzukii	D. suzukii
A0ABM4TTM9	1	U-01	suzukii	D. suzukii
A0ABM4TTN0	3	U-03	suzukii	D. suzukii
A0ABM4TTN8	0	unassigned	suzukii	D. suzukii
A0ABM4TTP4	1	U-01	suzukii	D. suzukii
A0ABM4TTR2	1	U-01	suzukii	D. suzukii
A0ABM4TTR5	2	U-02	suzukii	D. suzukii
A0ABM4TTS0	0	unassigned	suzukii	D. suzukii
A0ABM4TTS4	2	U-02	suzukii	D. suzukii
A0ABM4TTT0	1	U-01	suzukii	D. suzukii
A0ABM4TTT4	0	unassigned	suzukii	D. suzukii
A0ABM4TTT5	1	U-01	suzukii	D. suzukii
A0ABM4TTU0	2	U-02	suzukii	D. suzukii
A0ABM4TTU1	1	U-01	suzukii	D. suzukii
A0ABM4TTU3	1	U-01	suzukii	D. suzukii
A0ABM4TTU8	1	U-01	suzukii	D. suzukii
A0ABM4TTV1	1	U-01	suzukii	D. suzukii
A0ABM4TTW8	1	U-01	suzukii	D. suzukii
A0ABM4TTX5	1	U-01	suzukii	D. suzukii
A0ABM4TU16	1	U-01	suzukii	D. suzukii
A0ABM4TU17	0	unassigned	suzukii	D. suzukii
A0ABM4TU18	0	unassigned	suzukii	D. suzukii
A0ABM4TU23	1	U-01	suzukii	D. suzukii
A0ABM4TU28	0	unassigned	suzukii	D. suzukii
A0ABM4TU31	0	unassigned	suzukii	D. suzukii
A0ABM4TU35	0	unassigned	suzukii	D. suzukii
A0AB39YYJ4	1	U-01	suzukii	D. suzukii
A0AB39YYJ7	1	U-01	suzukii	D. suzukii
A0AB39YYJ9	1	U-01	suzukii	D. suzukii
A0AB39YYK0	1	U-01	suzukii	D. suzukii
A0AB39YYK1	1	U-01	suzukii	D. suzukii
A0AB39YYK5	2	U-02	suzukii	D. suzukii
A0AB39YYK6	1	U-01	suzukii	D. suzukii
A0AB39YYK7	1	U-01	suzukii	D. suzukii
A0AB39YYL0	0	unassigned	suzukii	D. suzukii
A0AB39YYL3	0	unassigned	suzukii	D. suzukii
A0AB39YYL5	1	U-01	suzukii	D. suzukii
A0AB39YYL7	1	U-01	suzukii	D. suzukii
A0AB39YYL9	1	U-01	suzukii	D. suzukii
A0AB39YYM1	1	U-01	suzukii	D. suzukii
A0AB39YYM3	3	U-03	suzukii	D. suzukii
A0AB39YYM5	1	U-01	suzukii	D. suzukii
A0AB39YYM6	3	U-03	suzukii	D. suzukii
A0AB40A4Y2	1	U-01	suzukii	D. suzukii
A0AB40A4Y3	1	U-01	suzukii	D. suzukii
A0AB40A4Y4	1	U-01	suzukii	D. suzukii
A0AB40A4Y5	2	U-02	suzukii	D. suzukii
A0AB40A4Y7	2	U-02	suzukii	D. suzukii
A0AB40A4Y9	2	U-02	suzukii	D. suzukii
A0AB40A4Z0	0	unassigned	suzukii	D. suzukii
A0AB40A4Z1	0	unassigned	suzukii	D. suzukii
A0AB40A4Z3	1	U-01	suzukii	D. suzukii
A0AB40A4Z4	3	U-03	suzukii	D. suzukii
A0AB40A4Z6	1	U-01	suzukii	D. suzukii
A0AB40A4Z9	1	U-01	suzukii	D. suzukii
A0AB40A501	1	U-01	suzukii	D. suzukii
A0AB40A503	1	U-01	suzukii	D. suzukii
A0AB40A506	3	U-03	suzukii	D. suzukii
A0AB40A508	1	U-01	suzukii	D. suzukii
A0AB40A509	1	U-01	suzukii	D. suzukii
A0AB40A511	1	U-01	suzukii	D. suzukii
A0AB40A515	1	U-01	suzukii	D. suzukii
A0AB40A516	1	U-01	suzukii	D. suzukii
A0AB40A518	2	U-02	suzukii	D. suzukii
A0AB40A523	0	unassigned	suzukii	D. suzukii
A0AB40A525	1	U-01	suzukii	D. suzukii
A0AB40A526	1	U-01	suzukii	D. suzukii
A0AB40A528	3	U-03	suzukii	D. suzukii
A0AB40A532	1	U-01	suzukii	D. suzukii
A0AB40A533	1	U-01	suzukii	D. suzukii
A0AB40A534	0	unassigned	suzukii	D. suzukii
A0AB40A535	1	U-01	suzukii	D. suzukii
A0AB40A538	1	U-01	suzukii	D. suzukii
A0AB40A540	1	U-01	suzukii	D. suzukii
A0AB40A543	2	U-02	suzukii	D. suzukii
A0AB40A548	2	U-02	suzukii	D. suzukii
A0AB40A549	2	U-02	suzukii	D. suzukii
A0AB40A550	1	U-01	suzukii	D. suzukii
A0AB40A552	1	U-01	suzukii	D. suzukii
A0AB40A553	1	U-01	suzukii	D. suzukii
A0AB40A554	1	U-01	suzukii	D. suzukii
A0AB40A556	1	U-01	suzukii	D. suzukii
A0AB40A559	3	U-03	suzukii	D. suzukii
A0AB40A560	0	unassigned	suzukii	D. suzukii
A0AB40A563	1	U-01	suzukii	D. suzukii
A0AB40A564	1	U-01	suzukii	D. suzukii
A0AB40A565	2	U-02	suzukii	D. suzukii
A0AB40A568	1	U-01	suzukii	D. suzukii
A0AB40A569	1	U-01	suzukii	D. suzukii
A0AB40A572	1	U-01	suzukii	D. suzukii
A0AB40A573	1	U-01	suzukii	D. suzukii
A0AB40A575	1	U-01	suzukii	D. suzukii
A0AB40A576	2	U-02	suzukii	D. suzukii
A0AB40A577	1	U-01	suzukii	D. suzukii
A0AB40A578	1	U-01	suzukii	D. suzukii
A0AB40A579	2	U-02	suzukii	D. suzukii
A0AB40A581	1	U-01	suzukii	D. suzukii
A0AB40A582	1	U-01	suzukii	D. suzukii
A0AB40A583	1	U-01	suzukii	D. suzukii
A0AB40A584	1	U-01	suzukii	D. suzukii
A0AB40A586	2	U-02	suzukii	D. suzukii
A0AB40A588	1	U-01	suzukii	D. suzukii
A0AB40A589	0	unassigned	suzukii	D. suzukii
A0AB40A595	1	U-01	suzukii	D. suzukii
A0AB40A597	1	U-01	suzukii	D. suzukii
A0AB40A598	1	U-01	suzukii	D. suzukii
A0AB40A599	1	U-01	suzukii	D. suzukii
A0AB40A5A1	1	U-01	suzukii	D. suzukii
A0AB40A5A3	0	unassigned	suzukii	D. suzukii
A0AB40A5A4	1	U-01	suzukii	D. suzukii
A0AB40A5B2	0	unassigned	suzukii	D. suzukii
A0AB40ABE2	0	unassigned	suzukii	D. suzukii
A0AB40ABE5	1	U-01	suzukii	D. suzukii
A0AB40ABF3	1	U-01	suzukii	D. suzukii
A0AB40ABF4	1	U-01	suzukii	D. suzukii
A0AB40ABG0	3	U-03	suzukii	D. suzukii
A0AB40ABG2	1	U-01	suzukii	D. suzukii
A0AB40ABG3	1	U-01	suzukii	D. suzukii
A0AB40ABG8	1	U-01	suzukii	D. suzukii
A0AB40ABH2	0	unassigned	suzukii	D. suzukii
A0AB40ABH5	1	U-01	suzukii	D. suzukii
A0AB40ABH7	1	U-01	suzukii	D. suzukii
A0AB40ABH8	1	U-01	suzukii	D. suzukii
A0AB40ABH9	1	U-01	suzukii	D. suzukii
A0AB40ABI0	1	U-01	suzukii	D. suzukii
A0AB40ABI2	3	U-03	suzukii	D. suzukii
A0AB40ABI3	1	U-01	suzukii	D. suzukii
A0AB40ABI4	1	U-01	suzukii	D. suzukii
A0AB40ABI7	1	U-01	suzukii	D. suzukii
A0AB40ABI9	1	U-01	suzukii	D. suzukii
A0AB40ABJ7	1	U-01	suzukii	D. suzukii
A0AB40ABK1	0	unassigned	suzukii	D. suzukii
A0AB40ABK2	1	U-01	suzukii	D. suzukii
A0AB40ABK5	3	U-03	suzukii	D. suzukii
A0AB40ABK9	1	U-01	suzukii	D. suzukii
A0AB40ABL0	1	U-01	suzukii	D. suzukii
A0AB40ABL6	1	U-01	suzukii	D. suzukii
A0AB40ABL7	1	U-01	suzukii	D. suzukii
A0AB40ABL9	1	U-01	suzukii	D. suzukii
A0AB40ABM0	1	U-01	suzukii	D. suzukii
A0AB40ABM1	1	U-01	suzukii	D. suzukii
A0AB40ABM4	1	U-01	suzukii	D. suzukii
A0AB40ABM6	1	U-01	suzukii	D. suzukii
A0AB39Z0H6	3	U-03	suzukii	D. suzukii
A0AB39Z0J0	2	U-02	suzukii	D. suzukii
A0AB39Z0M9	1	U-01	suzukii	D. suzukii
A0AB39Z0P1	1	U-01	suzukii	D. suzukii
A0AB39Z0Q9	1	U-01	suzukii	D. suzukii
A0AB39Z0R0	1	U-01	suzukii	D. suzukii
A0AB39Z0R2	1	U-01	suzukii	D. suzukii
A0AB39Z0T8	1	U-01	suzukii	D. suzukii
A0AB39Z0X7	1	U-01	suzukii	D. suzukii
A0AB39Z0Y6	0	unassigned	suzukii	D. suzukii
A0AB39Z0Z2	2	U-02	suzukii	D. suzukii
A0AB39Z106	0	unassigned	suzukii	D. suzukii
A0AB39Z131	2	U-02	suzukii	D. suzukii
A0AB39Z161	1	U-01	suzukii	D. suzukii
A0AB39Z1A6	1	U-01	suzukii	D. suzukii
A0AB39Z1B0	1	U-01	suzukii	D. suzukii
A0AB39Z1B4	1	U-01	suzukii	D. suzukii
A0AB39Z1C1	1	U-01	suzukii	D. suzukii
A0AB39Z1D0	1	U-01	suzukii	D. suzukii
A0AB39Z1F2	1	U-01	suzukii	D. suzukii
A0AB39Z1Q0	1	U-01	suzukii	D. suzukii
A0AB39Z217	1	U-01	suzukii	D. suzukii
A0AB39Z218	1	U-01	suzukii	D. suzukii
A0AB39Z221	3	U-03	suzukii	D. suzukii
A0AB39Z222	1	U-01	suzukii	D. suzukii
A0AB39Z254	1	U-01	suzukii	D. suzukii
A0AB39Z275	1	U-01	suzukii	D. suzukii
A0AB39Z297	3	U-03	suzukii	D. suzukii
A0AB39Z2A4	1	U-01	suzukii	D. suzukii
A0AB39Z2A8	1	U-01	suzukii	D. suzukii
A0AB39Z2D6	2	U-02	suzukii	D. suzukii
A0AB39Z2Q0	1	U-01	suzukii	D. suzukii
A0AB39Z2S3	1	U-01	suzukii	D. suzukii
A0AB39Z2T0	2	U-02	suzukii	D. suzukii
A0AB39Z2T9	0	unassigned	suzukii	D. suzukii
A0AB39Z2Y6	1	U-01	suzukii	D. suzukii
A0AB39Z2Z3	1	U-01	suzukii	D. suzukii
A0AB39Z345	1	U-01	suzukii	D. suzukii
A0AB39Z350	1	U-01	suzukii	D. suzukii
A0AB39Z373	3	U-03	suzukii	D. suzukii
A0AB39Z376	1	U-01	suzukii	D. suzukii
A0AB39Z386	2	U-02	suzukii	D. suzukii
A0AB39Z390	1	U-01	suzukii	D. suzukii
A0AB39Z3C4	2	U-02	suzukii	D. suzukii
A0AB39Z3M0	2	U-02	suzukii	D. suzukii
A0AB39Z3M4	2	U-02	suzukii	D. suzukii
A0AB39Z3R1	2	U-02	suzukii	D. suzukii
A0AB39Z3V2	1	U-01	suzukii	D. suzukii
A0AB40DCE7	1	U-01	suzukii	D. suzukii
A0AB40DCF3	1	U-01	suzukii	D. suzukii
A0AB40DCF5	0	unassigned	suzukii	D. suzukii
A0AB40DCG2	1	U-01	suzukii	D. suzukii
A0AB40DCG6	1	U-01	suzukii	D. suzukii
A0AB40DCK3	1	U-01	suzukii	D. suzukii
A0AB40DCL8	0	unassigned	suzukii	D. suzukii
A0AB40DCX1	0	unassigned	suzukii	D. suzukii
A0AB40DCX2	1	U-01	suzukii	D. suzukii
A0AB40DCX6	0	unassigned	suzukii	D. suzukii
A0AB40DD19	1	U-01	suzukii	D. suzukii
A0AB40DD28	1	U-01	suzukii	D. suzukii
A0AB40DD36	1	U-01	suzukii	D. suzukii
A0AB40DD53	1	U-01	suzukii	D. suzukii
A0AB40DD56	0	unassigned	suzukii	D. suzukii
A0AB40DDA1	1	U-01	suzukii	D. suzukii
A0AB40DDB5	0	unassigned	suzukii	D. suzukii
A0AB40DDC8	2	U-02	suzukii	D. suzukii
A0AB40DDE7	1	U-01	suzukii	D. suzukii
A0AB40DDG0	1	U-01	suzukii	D. suzukii
A0AB40DDH0	1	U-01	suzukii	D. suzukii
A0AB40DDJ6	1	U-01	suzukii	D. suzukii
A0AB40DDK9	1	U-01	suzukii	D. suzukii
A0AB40DDP1	2	U-02	suzukii	D. suzukii
A0AB40DDQ7	0	unassigned	suzukii	D. suzukii
A0AB40DDR1	0	unassigned	suzukii	D. suzukii
A0AB40DDR6	0	unassigned	suzukii	D. suzukii
A0AB40DDT3	1	U-01	suzukii	D. suzukii
A0AB40DDV7	2	U-02	suzukii	D. suzukii
A0AB40DDX0	0	unassigned	suzukii	D. suzukii
A0AB40DDX3	1	U-01	suzukii	D. suzukii
A0AB40DDY4	1	U-01	suzukii	D. suzukii
A0AB40DE10	1	U-01	suzukii	D. suzukii
A0AB40DE11	1	U-01	suzukii	D. suzukii
A0AB40DE88	0	unassigned	suzukii	D. suzukii
A0AB40DEB8	0	unassigned	suzukii	D. suzukii
A0AB40DED2	0	unassigned	suzukii	D. suzukii
A0AB40DEK6	0	unassigned	suzukii	D. suzukii
A0AB40DEQ9	0	unassigned	suzukii	D. suzukii
A0AB40DEV7	1	U-01	suzukii	D. suzukii
A0AB40DEW8	1	U-01	suzukii	D. suzukii
A0AB40DF28	1	U-01	suzukii	D. suzukii
A0AB40DF39	0	unassigned	suzukii	D. suzukii
A0AB40DF56	1	U-01	suzukii	D. suzukii
A0AB40DF92	2	U-02	suzukii	D. suzukii
A0AB40DFA4	2	U-02	suzukii	D. suzukii
A0AB40DFB6	1	U-01	suzukii	D. suzukii
A0AB40DFC1	1	U-01	suzukii	D. suzukii
A0AB40DFC6	0	unassigned	suzukii	D. suzukii
A0AB40DFF9	0	unassigned	suzukii	D. suzukii
A0AB40DFK1	1	U-01	suzukii	D. suzukii
A0AB40DFL8	2	U-02	suzukii	D. suzukii
A0AB39ZU71	2	U-02	suzukii	D. suzukii
A0AB39ZU75	2	U-02	suzukii	D. suzukii
A0AB39ZU78	1	U-01	suzukii	D. suzukii
A0AB39ZU79	2	U-02	suzukii	D. suzukii
A0AB39ZU87	1	U-01	suzukii	D. suzukii
A0AB39ZU96	1	U-01	suzukii	D. suzukii
A0AB39ZU97	1	U-01	suzukii	D. suzukii
A0AB39ZUA3	0	unassigned	suzukii	D. suzukii
A0AB39ZUA6	1	U-01	suzukii	D. suzukii
A0AB39ZUA8	1	U-01	suzukii	D. suzukii
A0AB39ZUB0	1	U-01	suzukii	D. suzukii
A0AB39ZUB1	1	U-01	suzukii	D. suzukii
A0AB39ZUB2	1	U-01	suzukii	D. suzukii
A0AB39ZUB5	1	U-01	suzukii	D. suzukii
A0AB39ZUC2	1	U-01	suzukii	D. suzukii
A0AB39ZUC3	0	unassigned	suzukii	D. suzukii
A0AB39ZUC5	1	U-01	suzukii	D. suzukii
A0AB39ZUC6	1	U-01	suzukii	D. suzukii
A0AB39ZUC7	1	U-01	suzukii	D. suzukii
A0AB39ZUD0	1	U-01	suzukii	D. suzukii
A0AB39ZUD1	2	U-02	suzukii	D. suzukii
A0AB39ZUD6	1	U-01	suzukii	D. suzukii
A0AB39ZUD8	1	U-01	suzukii	D. suzukii
A0AB39ZUF1	1	U-01	suzukii	D. suzukii
A0AB39ZUF6	1	U-01	suzukii	D. suzukii
A0AB39ZUF7	1	U-01	suzukii	D. suzukii
A0AB39ZUG0	3	U-03	suzukii	D. suzukii
A0AB39ZUG2	1	U-01	suzukii	D. suzukii
A0AB39ZUG4	1	U-01	suzukii	D. suzukii
A0AB39ZUG6	1	U-01	suzukii	D. suzukii
A0AB39ZUG8	1	U-01	suzukii	D. suzukii
A0AB39ZYM0	1	U-01	suzukii	D. suzukii
A0AB39ZYM2	1	U-01	suzukii	D. suzukii
A0AB39ZYM3	0	unassigned	suzukii	D. suzukii
A0AB39ZYM5	1	U-01	suzukii	D. suzukii
A0AB39ZYN0	1	U-01	suzukii	D. suzukii
A0AB39ZYN1	1	U-01	suzukii	D. suzukii
A0AB39ZYN4	1	U-01	suzukii	D. suzukii
A0AB39ZYN5	0	unassigned	suzukii	D. suzukii
A0AB39ZYP2	1	U-01	suzukii	D. suzukii
A0AB39ZYP3	1	U-01	suzukii	D. suzukii
A0AB39ZYP4	1	U-01	suzukii	D. suzukii
A0AB39ZYP8	1	U-01	suzukii	D. suzukii
A0AB39ZYP9	1	U-01	suzukii	D. suzukii
A0AB39ZYQ0	1	U-01	suzukii	D. suzukii
A0AB39ZYQ1	2	U-02	suzukii	D. suzukii
A0AB39ZYQ2	2	U-02	suzukii	D. suzukii
A0AB39ZYQ4	1	U-01	suzukii	D. suzukii
A0AB39ZYQ5	1	U-01	suzukii	D. suzukii
A0AB39ZYQ7	3	U-03	suzukii	D. suzukii
A0AB39ZYR2	1	U-01	suzukii	D. suzukii
A0AB39ZYR6	1	U-01	suzukii	D. suzukii
A0AB39ZYR7	1	U-01	suzukii	D. suzukii
A0AB39ZYS2	1	U-01	suzukii	D. suzukii
A0AB39ZYS3	1	U-01	suzukii	D. suzukii
A0AB39ZYS7	1	U-01	suzukii	D. suzukii
A0AB39ZYS8	1	U-01	suzukii	D. suzukii
A0AB39ZYT1	1	U-01	suzukii	D. suzukii
A0AB39ZYT3	0	unassigned	suzukii	D. suzukii
A0AB39ZYT4	1	U-01	suzukii	D. suzukii
A0AB39ZYT5	0	unassigned	suzukii	D. suzukii
A0AB39ZYT9	0	unassigned	suzukii	D. suzukii
A0AB39ZYU1	1	U-01	suzukii	D. suzukii
A0AB39ZYU5	1	U-01	suzukii	D. suzukii
A0AB39ZYU6	3	U-03	suzukii	D. suzukii
A0AB39ZYU8	1	U-01	suzukii	D. suzukii
A0AB39ZYV2	1	U-01	suzukii	D. suzukii
A0AB39ZYV6	0	unassigned	suzukii	D. suzukii
A0AB39ZYV9	1	U-01	suzukii	D. suzukii
A0AB39ZYW2	2	U-02	suzukii	D. suzukii
A0AB39ZYW5	0	unassigned	suzukii	D. suzukii
A0AB39ZYW6	1	U-01	suzukii	D. suzukii
A0AB39ZYW8	1	U-01	suzukii	D. suzukii
A0AB39ZYW9	0	unassigned	suzukii	D. suzukii
A0AB39ZYX0	1	U-01	suzukii	D. suzukii
A0AB39ZYX1	3	U-03	suzukii	D. suzukii
A0AB39ZYX2	1	U-01	suzukii	D. suzukii
A0AB39ZYX3	1	U-01	suzukii	D. suzukii
A0AB39ZYY0	2	U-02	suzukii	D. suzukii
A0AB39ZYY2	1	U-01	suzukii	D. suzukii
A0AB39ZYY3	1	U-01	suzukii	D. suzukii
A0AB39ZYY7	2	U-02	suzukii	D. suzukii
A0AB39ZYY9	3	U-03	suzukii	D. suzukii
A0AB39ZYZ1	3	U-03	suzukii	D. suzukii
A0AB39ZYZ6	0	unassigned	suzukii	D. suzukii
A0AB39ZYZ7	1	U-01	suzukii	D. suzukii
A0AB39ZZ01	1	U-01	suzukii	D. suzukii
A0AB39ZZ11	0	unassigned	suzukii	D. suzukii
A0AB39ZZ13	0	unassigned	suzukii	D. suzukii
A0AB39ZZ22	1	U-01	suzukii	D. suzukii
A0AB39ZZ23	2	U-02	suzukii	D. suzukii
A0AB39ZZ24	1	U-01	suzukii	D. suzukii
A0AB39ZZ27	0	unassigned	suzukii	D. suzukii
A0AB39ZZ28	1	U-01	suzukii	D. suzukii
A0AB39ZZ29	1	U-01	suzukii	D. suzukii
A0AB39ZZ31	3	U-03	suzukii	D. suzukii
A0AB39ZZ33	1	U-01	suzukii	D. suzukii
A0AB39ZZ34	1	U-01	suzukii	D. suzukii
A0AB39ZZ35	0	unassigned	suzukii	D. suzukii
A0AB39ZZ36	2	U-02	suzukii	D. suzukii
A0ABM4TVM8	0	unassigned	suzukii	D. suzukii
A0ABM4TVM9	0	unassigned	suzukii	D. suzukii
A0ABM4TVP7	1	U-01	suzukii	D. suzukii
A0ABM4TVS1	0	unassigned	suzukii	D. suzukii
A0ABM4TVS3	0	unassigned	suzukii	D. suzukii
A0ABM4TVV5	0	unassigned	suzukii	D. suzukii
A0ABM4TVW1	0	unassigned	suzukii	D. suzukii
A0ABM4TVW2	0	unassigned	suzukii	D. suzukii
A0ABM4TVX9	1	U-01	suzukii	D. suzukii
A0AB39YWM8	1	U-01	suzukii	D. suzukii
A0AB39YWN3	1	U-01	suzukii	D. suzukii
A0AB39YWN7	1	U-01	suzukii	D. suzukii
A0AB39YWN9	2	U-02	suzukii	D. suzukii
A0AB39YWP6	1	U-01	suzukii	D. suzukii
A0AB39YWP7	1	U-01	suzukii	D. suzukii
A0AB39YWQ3	1	U-01	suzukii	D. suzukii
A0AB39YWQ4	1	U-01	suzukii	D. suzukii
A0AB39YWQ5	2	U-02	suzukii	D. suzukii
A0AB39YWQ6	3	U-03	suzukii	D. suzukii
A0AB39YWQ7	1	U-01	suzukii	D. suzukii
A0AB39YWQ9	1	U-01	suzukii	D. suzukii
A0AB39YWR3	1	U-01	suzukii	D. suzukii
A0AB39YWR6	3	U-03	suzukii	D. suzukii
A0AB39YWR7	1	U-01	suzukii	D. suzukii
A0AB39YWR9	1	U-01	suzukii	D. suzukii
A0AB39YWS0	3	U-03	suzukii	D. suzukii
A0AB39YWS1	1	U-01	suzukii	D. suzukii
A0AB39YWS2	2	U-02	suzukii	D. suzukii
A0AB39YWS5	1	U-01	suzukii	D. suzukii
A0AB39YWS6	1	U-01	suzukii	D. suzukii
A0AB39YWS7	0	unassigned	suzukii	D. suzukii
A0AB39YWT0	1	U-01	suzukii	D. suzukii
A0AB39YWT1	2	U-02	suzukii	D. suzukii
A0AB39YWT2	1	U-01	suzukii	D. suzukii
A0AB39YWT3	1	U-01	suzukii	D. suzukii
A0AB39YWT5	1	U-01	suzukii	D. suzukii
A0AB39YWT6	1	U-01	suzukii	D. suzukii
A0AB39YWT7	1	U-01	suzukii	D. suzukii
A0AB39YWT8	1	U-01	suzukii	D. suzukii
A0AB39YWU1	1	U-01	suzukii	D. suzukii
A0AB39YWU4	1	U-01	suzukii	D. suzukii
A0AB39YWU8	1	U-01	suzukii	D. suzukii
A0AB39YWU9	3	U-03	suzukii	D. suzukii
A0AB39YWV6	1	U-01	suzukii	D. suzukii
A0AB39YWV9	1	U-01	suzukii	D. suzukii
A0AB39YWW1	2	U-02	suzukii	D. suzukii
A0AB39YWW3	2	U-02	suzukii	D. suzukii
A0AB39YWW4	2	U-02	suzukii	D. suzukii
A0AB39YWW7	1	U-01	suzukii	D. suzukii
A0AB39YWW8	1	U-01	suzukii	D. suzukii
A0AB39YWX1	1	U-01	suzukii	D. suzukii
A0AB39YWX4	1	U-01	suzukii	D. suzukii
A0AB39YWX6	1	U-01	suzukii	D. suzukii
A0AB39YWX8	1	U-01	suzukii	D. suzukii
A0AB39YWY2	1	U-01	suzukii	D. suzukii
A0AB39YWY3	1	U-01	suzukii	D. suzukii
A0AB39YWY4	1	U-01	suzukii	D. suzukii
A0AB39YWY5	1	U-01	suzukii	D. suzukii
A0AB39YWY7	1	U-01	suzukii	D. suzukii
A0AB39YWY8	1	U-01	suzukii	D. suzukii
A0AB39YWY9	1	U-01	suzukii	D. suzukii
A0AB39YWZ0	1	U-01	suzukii	D. suzukii
A0AB39YWZ2	1	U-01	suzukii	D. suzukii
A0AB39YWZ4	1	U-01	suzukii	D. suzukii
A0AB39YWZ5	1	U-01	suzukii	D. suzukii
A0AB39YWZ7	1	U-01	suzukii	D. suzukii
A0AB39YX01	1	U-01	suzukii	D. suzukii
A0AB39YX05	1	U-01	suzukii	D. suzukii
A0AB39YX07	1	U-01	suzukii	D. suzukii
A0AB39YX08	1	U-01	suzukii	D. suzukii
A0AB39YX09	1	U-01	suzukii	D. suzukii
A0AB39YX11	1	U-01	suzukii	D. suzukii
A0AB39YX16	1	U-01	suzukii	D. suzukii
A0AB39YX17	1	U-01	suzukii	D. suzukii
A0AB39YX18	0	unassigned	suzukii	D. suzukii
A0AB39YX19	1	U-01	suzukii	D. suzukii
A0AB39YX23	2	U-02	suzukii	D. suzukii
A0AB39YX24	1	U-01	suzukii	D. suzukii
A0AB39YX29	2	U-02	suzukii	D. suzukii
A0AB39YX31	1	U-01	suzukii	D. suzukii
A0AB39YX32	1	U-01	suzukii	D. suzukii
A0AB39YX33	1	U-01	suzukii	D. suzukii
A0AB39YX34	1	U-01	suzukii	D. suzukii
A0AB39YX35	3	U-03	suzukii	D. suzukii
A0AB39YX36	1	U-01	suzukii	D. suzukii
A0AB39YX38	2	U-02	suzukii	D. suzukii
A0AB39YX39	1	U-01	suzukii	D. suzukii
A0AB39YX40	1	U-01	suzukii	D. suzukii
A0AB39YX41	1	U-01	suzukii	D. suzukii
A0AB39YX43	1	U-01	suzukii	D. suzukii
A0AB39YX44	1	U-01	suzukii	D. suzukii
A0AB39YX47	1	U-01	suzukii	D. suzukii
A0AB39YX48	1	U-01	suzukii	D. suzukii
A0AB39YX49	1	U-01	suzukii	D. suzukii
A0AB39YX51	2	U-02	suzukii	D. suzukii
A0AB39YX53	1	U-01	suzukii	D. suzukii
A0AB39YX56	1	U-01	suzukii	D. suzukii
A0AB39YX60	0	unassigned	suzukii	D. suzukii
A0AB39YX63	1	U-01	suzukii	D. suzukii
A0AB39YX65	1	U-01	suzukii	D. suzukii
A0AB39ZCJ1	1	U-01	suzukii	D. suzukii
A0AB39ZCJ2	1	U-01	suzukii	D. suzukii
A0AB39ZCJ3	1	U-01	suzukii	D. suzukii
A0AB39ZCJ4	2	U-02	suzukii	D. suzukii
A0AB39ZCJ5	1	U-01	suzukii	D. suzukii
A0AB39ZCJ8	1	U-01	suzukii	D. suzukii
A0AB39ZCJ9	1	U-01	suzukii	D. suzukii
A0AB39ZCK0	1	U-01	suzukii	D. suzukii
A0AB39ZCK1	1	U-01	suzukii	D. suzukii
A0AB39ZCK6	1	U-01	suzukii	D. suzukii
A0AB39ZCK7	3	U-03	suzukii	D. suzukii
A0AB39ZCL0	0	unassigned	suzukii	D. suzukii
A0AB39ZCL5	1	U-01	suzukii	D. suzukii
A0AB39ZCL6	1	U-01	suzukii	D. suzukii
A0AB39ZCL9	0	unassigned	suzukii	D. suzukii
A0AB39ZCM1	2	U-02	suzukii	D. suzukii
A0AB39ZCM2	2	U-02	suzukii	D. suzukii
A0AB39ZCM3	1	U-01	suzukii	D. suzukii
A0AB39ZCM4	1	U-01	suzukii	D. suzukii
A0AB39ZCM5	1	U-01	suzukii	D. suzukii
A0AB39ZCM9	1	U-01	suzukii	D. suzukii
A0AB39ZCN1	1	U-01	suzukii	D. suzukii
A0AB39ZCN2	1	U-01	suzukii	D. suzukii
A0AB39ZCN3	1	U-01	suzukii	D. suzukii
A0AB39ZCN4	0	unassigned	suzukii	D. suzukii
A0AB39ZCN6	1	U-01	suzukii	D. suzukii
A0AB39ZCP0	1	U-01	suzukii	D. suzukii
A0AB39ZCP4	1	U-01	suzukii	D. suzukii
A0AB39ZCP5	0	unassigned	suzukii	D. suzukii
A0AB39ZCP6	1	U-01	suzukii	D. suzukii
A0AB39ZCP7	0	unassigned	suzukii	D. suzukii
A0AB39ZCP8	1	U-01	suzukii	D. suzukii
A0AB39ZCQ0	1	U-01	suzukii	D. suzukii
A0AB39ZCQ1	1	U-01	suzukii	D. suzukii
A0AB39ZCQ2	0	unassigned	suzukii	D. suzukii
A0AB39ZCQ4	3	U-03	suzukii	D. suzukii
A0AB39ZCQ8	1	U-01	suzukii	D. suzukii
A0AB39ZCR6	1	U-01	suzukii	D. suzukii
A0AB39ZCR7	1	U-01	suzukii	D. suzukii
A0AB39ZCS0	1	U-01	suzukii	D. suzukii
A0AB39ZCS1	0	unassigned	suzukii	D. suzukii
A0AB39ZCS2	1	U-01	suzukii	D. suzukii
A0AB39ZCS3	1	U-01	suzukii	D. suzukii
A0AB39ZCS5	1	U-01	suzukii	D. suzukii
A0AB39ZCS7	1	U-01	suzukii	D. suzukii
A0AB39ZCT0	1	U-01	suzukii	D. suzukii
A0AB39ZCT1	1	U-01	suzukii	D. suzukii
A0AB39ZCT2	1	U-01	suzukii	D. suzukii
A0AB39ZCT7	1	U-01	suzukii	D. suzukii
A0AB39ZCT8	0	unassigned	suzukii	D. suzukii
A0AB39ZCT9	0	unassigned	suzukii	D. suzukii
A0AB39ZCU0	1	U-01	suzukii	D. suzukii
A0AB39ZCU1	1	U-01	suzukii	D. suzukii
A0AB39ZCU2	1	U-01	suzukii	D. suzukii
A0AB39ZCU3	3	U-03	suzukii	D. suzukii
A0AB39ZCU5	1	U-01	suzukii	D. suzukii
A0AB39ZCU6	1	U-01	suzukii	D. suzukii
A0AB39ZCU8	0	unassigned	suzukii	D. suzukii
A0AB39ZCV1	1	U-01	suzukii	D. suzukii
A0AB39ZCV2	0	unassigned	suzukii	D. suzukii
A0AB39ZCV8	1	U-01	suzukii	D. suzukii
A0AB39ZCW1	1	U-01	suzukii	D. suzukii
A0AB39ZCW3	1	U-01	suzukii	D. suzukii
A0AB39ZCW4	1	U-01	suzukii	D. suzukii
A0AB39ZCW6	1	U-01	suzukii	D. suzukii
A0AB39ZCW8	1	U-01	suzukii	D. suzukii
A0AB39ZCW9	1	U-01	suzukii	D. suzukii
A0AB39ZCX1	0	unassigned	suzukii	D. suzukii
A0AB39ZCX2	1	U-01	suzukii	D. suzukii
A0AB39ZCX3	2	U-02	suzukii	D. suzukii
A0AB39ZCX7	1	U-01	suzukii	D. suzukii
A0AB39ZCX9	1	U-01	suzukii	D. suzukii
A0AB39ZCY1	1	U-01	suzukii	D. suzukii
A0AB39ZCY5	1	U-01	suzukii	D. suzukii
A0AB39ZCZ0	2	U-02	suzukii	D. suzukii
A0AB39ZCZ1	1	U-01	suzukii	D. suzukii
A0AB39ZCZ3	2	U-02	suzukii	D. suzukii
A0AB39ZCZ4	1	U-01	suzukii	D. suzukii
A0AB39ZCZ5	1	U-01	suzukii	D. suzukii
A0AB39ZCZ9	1	U-01	suzukii	D. suzukii
A0AB39ZD01	1	U-01	suzukii	D. suzukii
A0AB39ZD02	1	U-01	suzukii	D. suzukii
A0AB39ZD03	1	U-01	suzukii	D. suzukii
A0AB39ZD04	1	U-01	suzukii	D. suzukii
A0AB39ZD05	3	U-03	suzukii	D. suzukii
A0AB39ZD07	1	U-01	suzukii	D. suzukii
A0AB39ZD09	1	U-01	suzukii	D. suzukii
A0AB39ZD12	1	U-01	suzukii	D. suzukii
A0AB39ZD13	0	unassigned	suzukii	D. suzukii
A0AB39ZD16	1	U-01	suzukii	D. suzukii
A0AB39ZD18	1	U-01	suzukii	D. suzukii
A0AB39ZEK7	1	U-01	suzukii	D. suzukii
A0AB39ZEK9	1	U-01	suzukii	D. suzukii
A0AB39ZEL2	1	U-01	suzukii	D. suzukii
A0AB39ZEL4	1	U-01	suzukii	D. suzukii
A0AB39ZEL9	1	U-01	suzukii	D. suzukii
A0AB39ZEM0	1	U-01	suzukii	D. suzukii
A0AB39ZEM2	1	U-01	suzukii	D. suzukii
A0AB39ZEM5	1	U-01	suzukii	D. suzukii
A0AB39ZEM6	1	U-01	suzukii	D. suzukii
A0AB39ZQW6	1	U-01	suzukii	D. suzukii
A0AB39ZQW7	1	U-01	suzukii	D. suzukii
A0AB39ZQW8	0	unassigned	suzukii	D. suzukii
A0AB39ZQX3	1	U-01	suzukii	D. suzukii
A0AB39ZQX4	0	unassigned	suzukii	D. suzukii
A0AB39ZQX5	1	U-01	suzukii	D. suzukii
A0AB39ZQY0	1	U-01	suzukii	D. suzukii
A0AB39ZQY6	1	U-01	suzukii	D. suzukii
A0AB39ZQZ2	1	U-01	suzukii	D. suzukii
A0AB39ZQZ3	3	U-03	suzukii	D. suzukii
A0AB39ZQZ6	1	U-01	suzukii	D. suzukii
A0AB39ZQZ8	1	U-01	suzukii	D. suzukii
A0AB39ZQZ9	1	U-01	suzukii	D. suzukii
A0AB39ZR02	1	U-01	suzukii	D. suzukii
A0AB39ZR03	1	U-01	suzukii	D. suzukii
A0AB39ZR05	1	U-01	suzukii	D. suzukii
A0AB39ZR06	1	U-01	suzukii	D. suzukii
A0AB39ZR07	1	U-01	suzukii	D. suzukii
A0AB39ZR08	1	U-01	suzukii	D. suzukii
A0AB39ZR12	1	U-01	suzukii	D. suzukii
A0AB39ZR14	1	U-01	suzukii	D. suzukii
A0AB39ZR17	1	U-01	suzukii	D. suzukii
A0AB39ZR20	1	U-01	suzukii	D. suzukii
A0AB39ZR21	3	U-03	suzukii	D. suzukii
A0AB39ZR22	1	U-01	suzukii	D. suzukii
A0AB39ZR23	2	U-02	suzukii	D. suzukii
A0AB39ZR24	1	U-01	suzukii	D. suzukii
A0AB39ZR26	0	unassigned	suzukii	D. suzukii
A0AB39ZR27	1	U-01	suzukii	D. suzukii
A0AB39ZR30	0	unassigned	suzukii	D. suzukii
A0AB39ZR31	3	U-03	suzukii	D. suzukii
A0AB39ZR32	1	U-01	suzukii	D. suzukii
A0AB39ZR33	1	U-01	suzukii	D. suzukii
A0AB39ZR34	1	U-01	suzukii	D. suzukii
A0AB39ZR37	1	U-01	suzukii	D. suzukii
A0AB39ZR38	1	U-01	suzukii	D. suzukii
A0AB39ZR41	1	U-01	suzukii	D. suzukii
A0AB39ZR42	1	U-01	suzukii	D. suzukii
A0AB39ZR43	0	unassigned	suzukii	D. suzukii
A0AB39ZR45	1	U-01	suzukii	D. suzukii
A0AB39ZR48	1	U-01	suzukii	D. suzukii
A0AB39ZR49	1	U-01	suzukii	D. suzukii
A0AB39ZR51	1	U-01	suzukii	D. suzukii
A0AB39ZR52	1	U-01	suzukii	D. suzukii
A0AB39ZR53	1	U-01	suzukii	D. suzukii
A0AB39ZR57	1	U-01	suzukii	D. suzukii
A0AB39ZR58	1	U-01	suzukii	D. suzukii
A0AB39ZR60	1	U-01	suzukii	D. suzukii
A0AB39ZR61	1	U-01	suzukii	D. suzukii
A0AB39ZR64	0	unassigned	suzukii	D. suzukii
A0AB39ZR66	1	U-01	suzukii	D. suzukii
A0AB39ZR67	1	U-01	suzukii	D. suzukii
A0AB39ZR68	1	U-01	suzukii	D. suzukii
A0AB39ZR70	0	unassigned	suzukii	D. suzukii
A0AB39ZR72	1	U-01	suzukii	D. suzukii
A0AB39ZR75	1	U-01	suzukii	D. suzukii
A0AB39ZR76	1	U-01	suzukii	D. suzukii
A0AB39ZR78	1	U-01	suzukii	D. suzukii
A0AB39ZR81	0	unassigned	suzukii	D. suzukii
A0AB39ZR82	1	U-01	suzukii	D. suzukii
A0AB39ZR83	2	U-02	suzukii	D. suzukii
A0AB39ZR85	1	U-01	suzukii	D. suzukii
A0AB39ZR86	0	unassigned	suzukii	D. suzukii
A0AB39ZR87	1	U-01	suzukii	D. suzukii
A0AB39ZR88	2	U-02	suzukii	D. suzukii
A0AB39ZR95	1	U-01	suzukii	D. suzukii
A0AB39ZR96	1	U-01	suzukii	D. suzukii
A0AB39ZR97	1	U-01	suzukii	D. suzukii
A0AB39ZRA0	1	U-01	suzukii	D. suzukii
A0AB39ZRA2	0	unassigned	suzukii	D. suzukii
A0AB39ZRA3	1	U-01	suzukii	D. suzukii
A0AB39ZRA4	0	unassigned	suzukii	D. suzukii
A0AB39ZRA5	0	unassigned	suzukii	D. suzukii
A0AB39ZRA6	1	U-01	suzukii	D. suzukii
A0AB39ZRA7	0	unassigned	suzukii	D. suzukii
A0AB39ZRA8	2	U-02	suzukii	D. suzukii
A0AB39ZRB2	1	U-01	suzukii	D. suzukii
A0AB39ZRB4	2	U-02	suzukii	D. suzukii
A0AB39ZUV8	3	U-03	suzukii	D. suzukii
A0AB39ZUV9	1	U-01	suzukii	D. suzukii
A0AB39ZUW1	3	U-03	suzukii	D. suzukii
A0AB39ZUW2	1	U-01	suzukii	D. suzukii
A0AB39ZUW6	1	U-01	suzukii	D. suzukii
A0AB39ZUW8	1	U-01	suzukii	D. suzukii
A0AB39ZUX0	1	U-01	suzukii	D. suzukii
A0AB39ZUX2	1	U-01	suzukii	D. suzukii
A0AB39ZUX3	1	U-01	suzukii	D. suzukii
A0AB39ZUX4	0	unassigned	suzukii	D. suzukii
A0AB39ZUX6	1	U-01	suzukii	D. suzukii
A0AB39ZUX8	0	unassigned	suzukii	D. suzukii
A0AB39ZUX9	3	U-03	suzukii	D. suzukii
A0AB39ZUY1	2	U-02	suzukii	D. suzukii
A0AB39ZUY2	1	U-01	suzukii	D. suzukii
A0AB39ZUY4	1	U-01	suzukii	D. suzukii
A0AB39ZUY5	2	U-02	suzukii	D. suzukii
A0AB39ZUY7	3	U-03	suzukii	D. suzukii
A0AB39ZUY8	1	U-01	suzukii	D. suzukii
A0AB39ZUY9	1	U-01	suzukii	D. suzukii
A0AB39ZUZ2	1	U-01	suzukii	D. suzukii
A0AB39ZUZ5	1	U-01	suzukii	D. suzukii
A0AB40AD08	1	U-01	suzukii	D. suzukii
A0AB40AD12	1	U-01	suzukii	D. suzukii
A0AB40AD16	1	U-01	suzukii	D. suzukii
A0AB40AD20	1	U-01	suzukii	D. suzukii
A0AB40AD23	1	U-01	suzukii	D. suzukii
A0AB40AD25	1	U-01	suzukii	D. suzukii
A0AB40AD31	1	U-01	suzukii	D. suzukii
A0AB40AD33	1	U-01	suzukii	D. suzukii
A0AB40AD35	1	U-01	suzukii	D. suzukii
A0AB40AD41	1	U-01	suzukii	D. suzukii
A0AB40AD42	2	U-02	suzukii	D. suzukii
A0AB40AD43	1	U-01	suzukii	D. suzukii
A0AB40AD51	1	U-01	suzukii	D. suzukii
A0AB40AD73	0	unassigned	suzukii	D. suzukii
A0AB40AD74	1	U-01	suzukii	D. suzukii
A0AB40AD80	1	U-01	suzukii	D. suzukii
A0AB40AD83	1	U-01	suzukii	D. suzukii
A0AB40AD88	1	U-01	suzukii	D. suzukii
A0AB40AD90	1	U-01	suzukii	D. suzukii
A0AB40AD94	1	U-01	suzukii	D. suzukii
A0AB40AD95	3	U-03	suzukii	D. suzukii
A0AB40AD96	1	U-01	suzukii	D. suzukii
A0AB40ADA1	1	U-01	suzukii	D. suzukii
A0AB40ADA2	1	U-01	suzukii	D. suzukii
A0AB40ADA5	1	U-01	suzukii	D. suzukii
A0AB40ADA7	0	unassigned	suzukii	D. suzukii
A0AB40ADA9	1	U-01	suzukii	D. suzukii
A0AB40ADB2	1	U-01	suzukii	D. suzukii
A0AB40ADB6	1	U-01	suzukii	D. suzukii
A0AB40ADB7	1	U-01	suzukii	D. suzukii
A0AB40ADC3	1	U-01	suzukii	D. suzukii
A0AB40ADC7	1	U-01	suzukii	D. suzukii
A0AB40ADC8	1	U-01	suzukii	D. suzukii
A0AB40ADD1	1	U-01	suzukii	D. suzukii
A0AB40ADD2	1	U-01	suzukii	D. suzukii
A0AB40ADD6	1	U-01	suzukii	D. suzukii
A0AB40ADD9	1	U-01	suzukii	D. suzukii
A0AB40ADE0	1	U-01	suzukii	D. suzukii
A0AB40ADE4	1	U-01	suzukii	D. suzukii
A0AB40ADF1	1	U-01	suzukii	D. suzukii
A0AB40ADF2	1	U-01	suzukii	D. suzukii
A0AB40ADF7	0	unassigned	suzukii	D. suzukii
A0AB40ADG0	1	U-01	suzukii	D. suzukii
A0AB40ADG1	3	U-03	suzukii	D. suzukii
A0AB40ADG2	1	U-01	suzukii	D. suzukii
A0AB40ADG5	1	U-01	suzukii	D. suzukii
A0AB40ADG6	1	U-01	suzukii	D. suzukii
A0AB40ADH9	0	unassigned	suzukii	D. suzukii
A0AB40ADI0	0	unassigned	suzukii	D. suzukii
A0AB40ADI1	1	U-01	suzukii	D. suzukii
A0AB40ADI2	1	U-01	suzukii	D. suzukii
A0AB40ADI4	1	U-01	suzukii	D. suzukii
A0AB40ADI5	1	U-01	suzukii	D. suzukii
A0AB40ADI6	1	U-01	suzukii	D. suzukii
A0AB40ADJ3	1	U-01	suzukii	D. suzukii
A0AB40ADJ6	1	U-01	suzukii	D. suzukii
A0AB40ADJ9	1	U-01	suzukii	D. suzukii
A0AB40ADK3	1	U-01	suzukii	D. suzukii
A0AB40ADK5	1	U-01	suzukii	D. suzukii
A0AB40ADL6	1	U-01	suzukii	D. suzukii
A0AB40ADL7	1	U-01	suzukii	D. suzukii
A0AB40ADM0	1	U-01	suzukii	D. suzukii
A0AB40ADM1	1	U-01	suzukii	D. suzukii
A0AB40D8U2	1	U-01	suzukii	D. suzukii
A0AB40D8U3	2	U-02	suzukii	D. suzukii
A0AB40D8V4	1	U-01	suzukii	D. suzukii
A0AB40D8V6	1	U-01	suzukii	D. suzukii
A0AB40D8V7	1	U-01	suzukii	D. suzukii
A0AB40D8V9	1	U-01	suzukii	D. suzukii
A0AB40D8X1	1	U-01	suzukii	D. suzukii
A0AB40D8Y1	1	U-01	suzukii	D. suzukii
A0AB40D8Y8	0	unassigned	suzukii	D. suzukii
A0AB40D8Z1	1	U-01	suzukii	D. suzukii
A0AB40D8Z3	1	U-01	suzukii	D. suzukii
A0AB40D8Z5	1	U-01	suzukii	D. suzukii
A0AB40D900	1	U-01	suzukii	D. suzukii
A0AB40D905	1	U-01	suzukii	D. suzukii
A0AB40D911	1	U-01	suzukii	D. suzukii
A0AB40D912	0	unassigned	suzukii	D. suzukii
A0AB40D913	1	U-01	suzukii	D. suzukii
A0AB40D921	2	U-02	suzukii	D. suzukii
A0AB40D927	2	U-02	suzukii	D. suzukii
A0AB40D928	2	U-02	suzukii	D. suzukii
A0AB40D937	1	U-01	suzukii	D. suzukii
A0AB40D943	1	U-01	suzukii	D. suzukii
A0AB40D950	1	U-01	suzukii	D. suzukii
A0AB40D959	1	U-01	suzukii	D. suzukii
A0AB40D962	0	unassigned	suzukii	D. suzukii
A0AB40D964	1	U-01	suzukii	D. suzukii
A0AB40D968	1	U-01	suzukii	D. suzukii
A0AB40D971	2	U-02	suzukii	D. suzukii
A0AB40D972	0	unassigned	suzukii	D. suzukii
A0AB40D975	0	unassigned	suzukii	D. suzukii
A0AB40D978	1	U-01	suzukii	D. suzukii
A0AB40D980	0	unassigned	suzukii	D. suzukii
A0AB40D983	0	unassigned	suzukii	D. suzukii
A0AB40D984	2	U-02	suzukii	D. suzukii
A0AB40D987	1	U-01	suzukii	D. suzukii
A0AB40D992	1	U-01	suzukii	D. suzukii
A0AB40D994	1	U-01	suzukii	D. suzukii
A0AB39Z6Q3	1	U-01	suzukii	D. suzukii
A0AB39Z6Q7	1	U-01	suzukii	D. suzukii
A0AB39Z6Q8	1	U-01	suzukii	D. suzukii
A0AB39Z6R0	1	U-01	suzukii	D. suzukii
A0AB39Z6R1	1	U-01	suzukii	D. suzukii
A0AB39Z6R3	0	unassigned	suzukii	D. suzukii
A0AB39Z6R4	1	U-01	suzukii	D. suzukii
A0AB39Z6R8	1	U-01	suzukii	D. suzukii
A0AB39Z6S0	1	U-01	suzukii	D. suzukii
A0AB39Z6S1	1	U-01	suzukii	D. suzukii
A0AB39Z6S3	1	U-01	suzukii	D. suzukii
A0AB39Z6S6	1	U-01	suzukii	D. suzukii
A0AB39Z6T5	1	U-01	suzukii	D. suzukii
A0AB39Z6T6	2	U-02	suzukii	D. suzukii
A0AB39Z6T7	1	U-01	suzukii	D. suzukii
A0AB39Z6U3	1	U-01	suzukii	D. suzukii
A0AB39Z6U4	1	U-01	suzukii	D. suzukii
A0AB39Z6U5	1	U-01	suzukii	D. suzukii
A0AB39Z6U8	1	U-01	suzukii	D. suzukii
A0AB39Z6U9	1	U-01	suzukii	D. suzukii
A0AB39Z6V6	1	U-01	suzukii	D. suzukii
A0AB39Z6V8	1	U-01	suzukii	D. suzukii
A0AB39Z6V9	3	U-03	suzukii	D. suzukii
A0AB39Z6W0	1	U-01	suzukii	D. suzukii
A0AB39Z6W2	1	U-01	suzukii	D. suzukii
A0AB39Z6W5	1	U-01	suzukii	D. suzukii
A0AB39Z6X1	1	U-01	suzukii	D. suzukii
A0AB39Z6X5	1	U-01	suzukii	D. suzukii
A0AB39ZDW6	0	unassigned	suzukii	D. suzukii
A0AB39ZDX1	1	U-01	suzukii	D. suzukii
A0AB39ZDY3	1	U-01	suzukii	D. suzukii
A0AB39ZDY8	1	U-01	suzukii	D. suzukii
A0AB39ZDZ1	1	U-01	suzukii	D. suzukii
A0AB39ZDZ3	2	U-02	suzukii	D. suzukii
A0AB39ZDZ6	1	U-01	suzukii	D. suzukii
A0AB39ZDZ9	0	unassigned	suzukii	D. suzukii
A0AB39ZE02	0	unassigned	suzukii	D. suzukii
A0AB39ZE04	1	U-01	suzukii	D. suzukii
A0AB39ZE07	1	U-01	suzukii	D. suzukii
A0AB39ZE10	1	U-01	suzukii	D. suzukii
A0AB39ZE11	0	unassigned	suzukii	D. suzukii
A0AB39ZE14	0	unassigned	suzukii	D. suzukii
A0AB39ZE17	1	U-01	suzukii	D. suzukii
A0AB39ZE22	1	U-01	suzukii	D. suzukii
A0AB39ZE30	1	U-01	suzukii	D. suzukii
A0AB39ZE31	1	U-01	suzukii	D. suzukii
A0AB39ZE38	1	U-01	suzukii	D. suzukii
A0AB39ZE44	1	U-01	suzukii	D. suzukii
A0AB39ZE45	0	unassigned	suzukii	D. suzukii
A0AB39ZE50	3	U-03	suzukii	D. suzukii
A0AB39ZE51	1	U-01	suzukii	D. suzukii
A0AB39ZE52	3	U-03	suzukii	D. suzukii
A0AB39ZE56	3	U-03	suzukii	D. suzukii
A0AB39ZE58	1	U-01	suzukii	D. suzukii
A0AB39ZE59	1	U-01	suzukii	D. suzukii
A0AB39ZE61	1	U-01	suzukii	D. suzukii
A0AB39ZE62	3	U-03	suzukii	D. suzukii
A0AB39ZE64	2	U-02	suzukii	D. suzukii
A0AB39ZE67	1	U-01	suzukii	D. suzukii
A0AB39ZE68	2	U-02	suzukii	D. suzukii
A0AB39ZE70	1	U-01	suzukii	D. suzukii
A0AB39ZE74	2	U-02	suzukii	D. suzukii
A0AB39ZE84	1	U-01	suzukii	D. suzukii
A0AB39ZE91	1	U-01	suzukii	D. suzukii
A0AB39ZE92	1	U-01	suzukii	D. suzukii
A0AB39ZE94	1	U-01	suzukii	D. suzukii
A0AB39ZE96	1	U-01	suzukii	D. suzukii
A0AB39ZEA5	1	U-01	suzukii	D. suzukii
A0AB39ZEA6	3	U-03	suzukii	D. suzukii
A0AB39ZEA7	1	U-01	suzukii	D. suzukii
A0AB39ZEB4	1	U-01	suzukii	D. suzukii
A0AB39ZEB7	3	U-03	suzukii	D. suzukii
A0AB39ZEC2	1	U-01	suzukii	D. suzukii
A0AB39ZEC3	3	U-03	suzukii	D. suzukii
A0AB39ZEC9	2	U-02	suzukii	D. suzukii
A0AB39ZED2	1	U-01	suzukii	D. suzukii
A0AB39ZED4	1	U-01	suzukii	D. suzukii
A0AB39ZED6	1	U-01	suzukii	D. suzukii
A0AB39ZED7	2	U-02	suzukii	D. suzukii
A0AB39ZED8	1	U-01	suzukii	D. suzukii
A0AB39ZEE5	1	U-01	suzukii	D. suzukii
A0AB39ZEE6	1	U-01	suzukii	D. suzukii
A0AB39ZEF0	1	U-01	suzukii	D. suzukii
A0AB39ZEF1	0	unassigned	suzukii	D. suzukii
A0AB39ZEF2	1	U-01	suzukii	D. suzukii
A0AB39ZEF3	2	U-02	suzukii	D. suzukii
A0AB39ZEF5	1	U-01	suzukii	D. suzukii
A0AB39ZEF6	1	U-01	suzukii	D. suzukii
A0AB39ZEF9	2	U-02	suzukii	D. suzukii
A0AB39ZEG0	1	U-01	suzukii	D. suzukii
A0AB39ZEG7	1	U-01	suzukii	D. suzukii
A0AB39ZEG9	1	U-01	suzukii	D. suzukii
A0AB39ZEH4	0	unassigned	suzukii	D. suzukii
A0AB39ZEH5	1	U-01	suzukii	D. suzukii
A0AB39ZEH6	1	U-01	suzukii	D. suzukii
A0AB39ZEI2	1	U-01	suzukii	D. suzukii
A0AB39ZEI8	1	U-01	suzukii	D. suzukii
A0AB39ZEJ1	1	U-01	suzukii	D. suzukii
A0AB39ZEJ4	1	U-01	suzukii	D. suzukii
A0AB39ZEJ9	1	U-01	suzukii	D. suzukii
A0AB40AE93	1	U-01	suzukii	D. suzukii
A0AB40AE94	0	unassigned	suzukii	D. suzukii
A0AB40AE99	1	U-01	suzukii	D. suzukii
A0AB40AEA3	0	unassigned	suzukii	D. suzukii
A0AB40AEA4	2	U-02	suzukii	D. suzukii
A0AB40AEB4	2	U-02	suzukii	D. suzukii
A0AB40AEB8	2	U-02	suzukii	D. suzukii
A0AB40AEC0	0	unassigned	suzukii	D. suzukii
A0AB40AEC3	0	unassigned	suzukii	D. suzukii
A0AB40DEL9	1	U-01	suzukii	D. suzukii
A0AB40DEM3	1	U-01	suzukii	D. suzukii
A0AB40DEN1	0	unassigned	suzukii	D. suzukii
A0AB40DEN6	0	unassigned	suzukii	D. suzukii
A0AB40DEP2	0	unassigned	suzukii	D. suzukii
A0AB40DEP7	0	unassigned	suzukii	D. suzukii
A0AB40DEP9	0	unassigned	suzukii	D. suzukii
A0AB40DEQ0	0	unassigned	suzukii	D. suzukii
A0AB40DEQ1	1	U-01	suzukii	D. suzukii
A0AB40DEQ3	0	unassigned	suzukii	D. suzukii
A0AB40DEQ4	1	U-01	suzukii	D. suzukii
A0AB40DER1	1	U-01	suzukii	D. suzukii
A0AB40DER5	1	U-01	suzukii	D. suzukii
A0AB40DES2	1	U-01	suzukii	D. suzukii
A0AB40DES8	1	U-01	suzukii	D. suzukii
A0AB40DES9	1	U-01	suzukii	D. suzukii
A0AB40DET0	1	U-01	suzukii	D. suzukii
A0AB40DET2	0	unassigned	suzukii	D. suzukii
A0AB40DET7	1	U-01	suzukii	D. suzukii
A0AB40DEU1	1	U-01	suzukii	D. suzukii
A0AB40DEU2	1	U-01	suzukii	D. suzukii
A0AB40DEU3	0	unassigned	suzukii	D. suzukii
A0AB40DEU6	1	U-01	suzukii	D. suzukii
A0AB40DEU7	0	unassigned	suzukii	D. suzukii
A0AB40DEU9	1	U-01	suzukii	D. suzukii
A0AB40DEV1	0	unassigned	suzukii	D. suzukii
A0AB40DEV3	3	U-03	suzukii	D. suzukii
A0AB40DEW4	2	U-02	suzukii	D. suzukii
A0AB40DEW5	2	U-02	suzukii	D. suzukii
A0AB40DEW7	1	U-01	suzukii	D. suzukii
A0AB40DEX3	0	unassigned	suzukii	D. suzukii
A0AB40DEX5	0	unassigned	suzukii	D. suzukii
A0AB40DEX6	1	U-01	suzukii	D. suzukii
A0AB40DEX7	3	U-03	suzukii	D. suzukii
A0AB40DEY8	1	U-01	suzukii	D. suzukii
A0AB40DEY9	1	U-01	suzukii	D. suzukii
A0AB40DEZ5	0	unassigned	suzukii	D. suzukii
A0AB40DF00	1	U-01	suzukii	D. suzukii
A0AB40DF02	1	U-01	suzukii	D. suzukii
A0AB40DF04	1	U-01	suzukii	D. suzukii
A0AB40DF05	1	U-01	suzukii	D. suzukii
A0AB40DF07	0	unassigned	suzukii	D. suzukii
A0AB40DF17	1	U-01	suzukii	D. suzukii
A0AB40DF21	3	U-03	suzukii	D. suzukii
A0AB40DF26	1	U-01	suzukii	D. suzukii
A0AB40DF29	1	U-01	suzukii	D. suzukii
A0AB40DF30	1	U-01	suzukii	D. suzukii
A0AB40DF34	1	U-01	suzukii	D. suzukii
A0AB40DF35	2	U-02	suzukii	D. suzukii
A0AB40DF48	1	U-01	suzukii	D. suzukii
A0AB40DF49	1	U-01	suzukii	D. suzukii
A0AB40DF54	2	U-02	suzukii	D. suzukii
A0AB40DF57	1	U-01	suzukii	D. suzukii
A0AB40DF60	2	U-02	suzukii	D. suzukii
A0AB40DF62	0	unassigned	suzukii	D. suzukii
A0AB40DF66	1	U-01	suzukii	D. suzukii
A0AB40DF76	0	unassigned	suzukii	D. suzukii
A0AB40DF77	1	U-01	suzukii	D. suzukii
A0AB40DF79	1	U-01	suzukii	D. suzukii
A0AB40DF80	1	U-01	suzukii	D. suzukii
A0AB40DF82	1	U-01	suzukii	D. suzukii
A0AB40DF87	1	U-01	suzukii	D. suzukii
A0AB40DF89	2	U-02	suzukii	D. suzukii
A0AB40DF95	1	U-01	suzukii	D. suzukii
A0AB40DF98	1	U-01	suzukii	D. suzukii
A0AB40DFA3	1	U-01	suzukii	D. suzukii
A0AB40DFA6	2	U-02	suzukii	D. suzukii
A0AB40DFA9	1	U-01	suzukii	D. suzukii
A0AB40DFB4	1	U-01	suzukii	D. suzukii
A0AB40DFE4	1	U-01	suzukii	D. suzukii
A0AB40DFE5	1	U-01	suzukii	D. suzukii
A0AB40DFE9	0	unassigned	suzukii	D. suzukii
A0AB40DFF3	1	U-01	suzukii	D. suzukii
A0AB40DFF5	1	U-01	suzukii	D. suzukii
A0AB40DFH9	1	U-01	suzukii	D. suzukii
A0AB40DFI2	0	unassigned	suzukii	D. suzukii
A0AB40DFI3	1	U-01	suzukii	D. suzukii
A0AB40DFJ0	1	U-01	suzukii	D. suzukii
A0AB40DFK0	2	U-02	suzukii	D. suzukii
A0AB40DFK3	3	U-03	suzukii	D. suzukii
A0AB40DFK6	1	U-01	suzukii	D. suzukii
A0AB40DFK7	2	U-02	suzukii	D. suzukii
A0AB40DFK8	1	U-01	suzukii	D. suzukii
A0AB40DFL0	1	U-01	suzukii	D. suzukii
A0AB40DFL3	1	U-01	suzukii	D. suzukii
A0AB40DFM5	1	U-01	suzukii	D. suzukii
A0AB40DFN3	0	unassigned	suzukii	D. suzukii
A0AB40DFN4	2	U-02	suzukii	D. suzukii
A0AB40DFN6	1	U-01	suzukii	D. suzukii
A0AB40DFN7	0	unassigned	suzukii	D. suzukii
A0AB40DFP1	1	U-01	suzukii	D. suzukii
A0AB39ZT24	1	U-01	suzukii	D. suzukii
A0AB39ZT25	1	U-01	suzukii	D. suzukii
A0AB39ZT26	3	U-03	suzukii	D. suzukii
A0AB39ZT28	1	U-01	suzukii	D. suzukii
A0AB39ZT29	1	U-01	suzukii	D. suzukii
A0AB39ZT30	1	U-01	suzukii	D. suzukii
A0AB39ZT31	1	U-01	suzukii	D. suzukii
A0AB39ZT34	1	U-01	suzukii	D. suzukii
A0AB39ZT35	0	unassigned	suzukii	D. suzukii
A0AB39ZT36	2	U-02	suzukii	D. suzukii
A0AB39ZT38	2	U-02	suzukii	D. suzukii
A0AB39ZT40	1	U-01	suzukii	D. suzukii
A0AB39ZT41	1	U-01	suzukii	D. suzukii
A0AB39ZT43	1	U-01	suzukii	D. suzukii
A0AB39ZT44	1	U-01	suzukii	D. suzukii
A0AB39ZT45	1	U-01	suzukii	D. suzukii
A0AB39ZT46	0	unassigned	suzukii	D. suzukii
A0AB39ZT49	1	U-01	suzukii	D. suzukii
A0AB39ZT51	1	U-01	suzukii	D. suzukii
A0AB39ZT52	1	U-01	suzukii	D. suzukii
A0AB39ZT57	1	U-01	suzukii	D. suzukii
A0AB39ZT59	1	U-01	suzukii	D. suzukii
A0AB39ZT60	1	U-01	suzukii	D. suzukii
A0AB39ZT61	1	U-01	suzukii	D. suzukii
A0AB39ZT68	1	U-01	suzukii	D. suzukii
A0AB39ZT69	1	U-01	suzukii	D. suzukii
A0AB39ZT71	2	U-02	suzukii	D. suzukii
A0AB39ZT73	3	U-03	suzukii	D. suzukii
A0AB39ZT74	1	U-01	suzukii	D. suzukii
A0AB39ZT75	3	U-03	suzukii	D. suzukii
A0AB39ZT76	1	U-01	suzukii	D. suzukii
A0AB39ZT77	1	U-01	suzukii	D. suzukii
A0AB39ZT78	1	U-01	suzukii	D. suzukii
A0AB39ZT83	1	U-01	suzukii	D. suzukii
A0AB39ZT87	1	U-01	suzukii	D. suzukii
A0AB39ZT90	3	U-03	suzukii	D. suzukii
A0AB39ZT91	3	U-03	suzukii	D. suzukii
A0AB39ZT92	1	U-01	suzukii	D. suzukii
A0AB39ZT93	1	U-01	suzukii	D. suzukii
A0AB39ZT96	1	U-01	suzukii	D. suzukii
A0AB39ZT98	3	U-03	suzukii	D. suzukii
A0AB39ZT99	1	U-01	suzukii	D. suzukii
A0AB39ZTA1	0	unassigned	suzukii	D. suzukii
A0AB39ZTA2	0	unassigned	suzukii	D. suzukii
A0AB39ZTA9	1	U-01	suzukii	D. suzukii
A0AB39ZTB3	0	unassigned	suzukii	D. suzukii
A0AB39ZTB6	1	U-01	suzukii	D. suzukii
A0AB39ZTB9	1	U-01	suzukii	D. suzukii
A0AB39ZTC0	0	unassigned	suzukii	D. suzukii
A0AB39ZTC1	1	U-01	suzukii	D. suzukii
A0AB39ZTC3	1	U-01	suzukii	D. suzukii
A0AB39ZTC9	3	U-03	suzukii	D. suzukii
A0AB39ZTD0	1	U-01	suzukii	D. suzukii
A0AB39ZTD1	1	U-01	suzukii	D. suzukii
A0AB39ZTD4	0	unassigned	suzukii	D. suzukii
A0AB39ZTD5	1	U-01	suzukii	D. suzukii
A0AB39ZTE0	2	U-02	suzukii	D. suzukii
A0AB39ZTE3	0	unassigned	suzukii	D. suzukii
A0AB39ZTE4	1	U-01	suzukii	D. suzukii
A0AB39ZTE6	2	U-02	suzukii	D. suzukii
A0AB39ZTF2	1	U-01	suzukii	D. suzukii
A0AB39ZTF5	0	unassigned	suzukii	D. suzukii
A0AB39ZTF6	2	U-02	suzukii	D. suzukii
A0AB39ZTF7	0	unassigned	suzukii	D. suzukii
A0AB39ZTF8	1	U-01	suzukii	D. suzukii
A0AB39ZTG0	1	U-01	suzukii	D. suzukii
A0AB39ZTG1	1	U-01	suzukii	D. suzukii
A0AB39ZTG3	1	U-01	suzukii	D. suzukii
A0AB39ZTG4	0	unassigned	suzukii	D. suzukii
A0AB39ZTG5	1	U-01	suzukii	D. suzukii
A0AB39ZTG7	0	unassigned	suzukii	D. suzukii
A0AB39ZTG8	1	U-01	suzukii	D. suzukii
A0AB39ZTH3	0	unassigned	suzukii	D. suzukii
A0AB39ZTH6	0	unassigned	suzukii	D. suzukii
A0AB39ZTH9	0	unassigned	suzukii	D. suzukii
A0AB39ZTI1	2	U-02	suzukii	D. suzukii
A0AB39ZTI3	3	U-03	suzukii	D. suzukii
A0AB39ZTI4	1	U-01	suzukii	D. suzukii
A0AB39ZTI5	1	U-01	suzukii	D. suzukii
A0AB39ZTI6	0	unassigned	suzukii	D. suzukii
A0AB39ZTI7	0	unassigned	suzukii	D. suzukii
A0AB39ZTJ0	1	U-01	suzukii	D. suzukii
A0AB39ZTJ2	1	U-01	suzukii	D. suzukii
A0AB39ZTJ5	0	unassigned	suzukii	D. suzukii
A0AB39ZTJ9	1	U-01	suzukii	D. suzukii
A0AB39ZTK1	1	U-01	suzukii	D. suzukii
A0AB39ZTK3	1	U-01	suzukii	D. suzukii
A0AB39ZTK6	1	U-01	suzukii	D. suzukii
A0AB39ZTK7	0	unassigned	suzukii	D. suzukii
A0AB40A021	1	U-01	suzukii	D. suzukii
A0AB40A026	1	U-01	suzukii	D. suzukii
A0AB40A036	1	U-01	suzukii	D. suzukii
A0AB40A039	1	U-01	suzukii	D. suzukii
A0AB40A040	0	unassigned	suzukii	D. suzukii
A0AB40A041	1	U-01	suzukii	D. suzukii
A0AB40A043	0	unassigned	suzukii	D. suzukii
A0AB40A044	1	U-01	suzukii	D. suzukii
A0AB40A048	1	U-01	suzukii	D. suzukii
A0AB40A049	1	U-01	suzukii	D. suzukii
A0AB40A050	1	U-01	suzukii	D. suzukii
A0ABM4TX66	0	unassigned	suzukii	D. suzukii
A0ABM4TX67	1	U-01	suzukii	D. suzukii
A0ABM4TX69	0	unassigned	suzukii	D. suzukii
A0ABM4TX72	2	U-02	suzukii	D. suzukii
A0ABM4TX73	2	U-02	suzukii	D. suzukii
A0ABM4TX74	1	U-01	suzukii	D. suzukii
A0ABM4TX75	2	U-02	suzukii	D. suzukii
A0ABM4TX76	0	unassigned	suzukii	D. suzukii
A0ABM4TX77	2	U-02	suzukii	D. suzukii
A0ABM4TX78	2	U-02	suzukii	D. suzukii
A0ABM4TX79	0	unassigned	suzukii	D. suzukii
A0ABM4TX80	1	U-01	suzukii	D. suzukii
A0ABM4TX81	1	U-01	suzukii	D. suzukii
A0ABM4TX82	2	U-02	suzukii	D. suzukii
A0ABM4TX83	1	U-01	suzukii	D. suzukii
A0ABM4TX85	2	U-02	suzukii	D. suzukii
A0ABM4TX87	1	U-01	suzukii	D. suzukii
A0ABM4TX89	1	U-01	suzukii	D. suzukii
A0ABM4TX90	1	U-01	suzukii	D. suzukii
A0ABM4TX91	0	unassigned	suzukii	D. suzukii
A0ABM4TX93	0	unassigned	suzukii	D. suzukii
A0ABM4TX94	0	unassigned	suzukii	D. suzukii
A0ABM4TX95	2	U-02	suzukii	D. suzukii
A0ABM4TX96	0	unassigned	suzukii	D. suzukii
A0ABM4TX97	0	unassigned	suzukii	D. suzukii
A0ABM4TX98	1	U-01	suzukii	D. suzukii
A0ABM4TXA0	0	unassigned	suzukii	D. suzukii
A0ABM4TXA1	0	unassigned	suzukii	D. suzukii
A0ABM4TXA2	1	U-01	suzukii	D. suzukii
A0ABM4TXA3	0	unassigned	suzukii	D. suzukii
A0ABM4TXA4	1	U-01	suzukii	D. suzukii
A0ABM4TXA5	1	U-01	suzukii	D. suzukii
A0ABM4TXA6	0	unassigned	suzukii	D. suzukii
A0ABM4TXA8	0	unassigned	suzukii	D. suzukii
A0ABM4TXA9	1	U-01	suzukii	D. suzukii
A0ABM4TXB0	0	unassigned	suzukii	D. suzukii
A0ABM4TXB1	0	unassigned	suzukii	D. suzukii
A0ABM4TXB2	0	unassigned	suzukii	D. suzukii
A0ABM4TXB4	0	unassigned	suzukii	D. suzukii
A0ABM4TXB5	0	unassigned	suzukii	D. suzukii
A0ABM4TXB6	0	unassigned	suzukii	D. suzukii
A0ABM4TXB7	0	unassigned	suzukii	D. suzukii
A0ABM4TXB8	0	unassigned	suzukii	D. suzukii
A0ABM4TXB9	0	unassigned	suzukii	D. suzukii
A0ABM4TXC0	1	U-01	suzukii	D. suzukii
A0ABM4TXC1	0	unassigned	suzukii	D. suzukii
A0ABM4TXC2	0	unassigned	suzukii	D. suzukii
A0ABM4TXC3	1	U-01	suzukii	D. suzukii
A0ABM4TXC4	0	unassigned	suzukii	D. suzukii
A0ABM4TXC5	0	unassigned	suzukii	D. suzukii
A0ABM4TXC6	1	U-01	suzukii	D. suzukii
A0ABM4TXC7	0	unassigned	suzukii	D. suzukii
A0ABM4TXC8	0	unassigned	suzukii	D. suzukii
A0ABM4TXC9	0	unassigned	suzukii	D. suzukii
A0ABM4TXD0	0	unassigned	suzukii	D. suzukii
A0ABM4TXD1	1	U-01	suzukii	D. suzukii
A0ABM4TXD2	0	unassigned	suzukii	D. suzukii
A0ABM4TXD3	1	U-01	suzukii	D. suzukii
A0ABM4TXD4	1	U-01	suzukii	D. suzukii
A0ABM4TXD5	0	unassigned	suzukii	D. suzukii
A0ABM4TXD6	0	unassigned	suzukii	D. suzukii
A0ABM4TXD8	0	unassigned	suzukii	D. suzukii
A0ABM4TXE0	1	U-01	suzukii	D. suzukii
A0ABM4TXE1	0	unassigned	suzukii	D. suzukii
A0ABM4TXE2	0	unassigned	suzukii	D. suzukii
A0ABM4TXE3	0	unassigned	suzukii	D. suzukii
A0ABM4TXE6	1	U-01	suzukii	D. suzukii
A0ABM4TXE7	1	U-01	suzukii	D. suzukii
A0ABM4TXE8	1	U-01	suzukii	D. suzukii
A0ABM4TXE9	0	unassigned	suzukii	D. suzukii
A0ABM4TXF0	0	unassigned	suzukii	D. suzukii
A0AB40D9Y7	2	U-02	suzukii	D. suzukii
A0AB40DAT6	1	U-01	suzukii	D. suzukii
A0AB40DBA6	2	U-02	suzukii	D. suzukii
A0AB40DBQ8	2	U-02	suzukii	D. suzukii
A0AB40DC53	1	U-01	suzukii	D. suzukii
A0AB40DCD3	1	U-01	suzukii	D. suzukii
A0AB40DEA1	1	U-01	suzukii	D. suzukii
A0AB40DEB6	1	U-01	suzukii	D. suzukii
A0AB40DF64	1	U-01	suzukii	D. suzukii
A0AB40DFC9	2	U-02	suzukii	D. suzukii
A0AB40DH35	1	U-01	suzukii	D. suzukii
A0AB40DH68	1	U-01	suzukii	D. suzukii
A0AB40DHP8	1	U-01	suzukii	D. suzukii
A0AB40DI23	1	U-01	suzukii	D. suzukii
A0AB40DJ57	1	U-01	suzukii	D. suzukii
A0AB40DJF5	2	U-02	suzukii	D. suzukii
A0AB40DJJ9	0	unassigned	suzukii	D. suzukii
A0AB40DK90	1	U-01	suzukii	D. suzukii
A0AB40DKV3	1	U-01	suzukii	D. suzukii
A0AB40DMH4	1	U-01	suzukii	D. suzukii
A0AB40DMV0	2	U-02	suzukii	D. suzukii
A0AB40DN06	1	U-01	suzukii	D. suzukii
A0AB40DNH4	1	U-01	suzukii	D. suzukii
A0ABM4TKY0	0	unassigned	suzukii	D. suzukii
A0ABM4TMK5	1	U-01	suzukii	D. suzukii
A0ABM4TPE4	2	U-02	suzukii	D. suzukii
A0ABM4TPE5	2	U-02	suzukii	D. suzukii
A0ABM4TPF0	2	U-02	suzukii	D. suzukii
A0ABM4TPF8	2	U-02	suzukii	D. suzukii
A0AB39ZQL9	1	U-01	suzukii	D. suzukii
A0AB39ZQM2	3	U-03	suzukii	D. suzukii
A0AB39ZQM9	1	U-01	suzukii	D. suzukii
A0AB39ZQN0	1	U-01	suzukii	D. suzukii
A0AB39ZQN4	2	U-02	suzukii	D. suzukii
A0AB39ZQN5	1	U-01	suzukii	D. suzukii
A0AB39ZQN6	1	U-01	suzukii	D. suzukii
A0AB39ZQN7	1	U-01	suzukii	D. suzukii
A0AB39ZQN9	1	U-01	suzukii	D. suzukii
A0AB39ZQP0	1	U-01	suzukii	D. suzukii
A0AB39ZQP1	1	U-01	suzukii	D. suzukii
A0AB39ZQP7	1	U-01	suzukii	D. suzukii
A0AB39ZQP8	1	U-01	suzukii	D. suzukii
A0AB39ZQQ0	1	U-01	suzukii	D. suzukii
A0AB39ZQQ6	1	U-01	suzukii	D. suzukii
A0AB39ZQQ9	1	U-01	suzukii	D. suzukii
A0AB39ZQR2	1	U-01	suzukii	D. suzukii
A0AB39ZQR3	1	U-01	suzukii	D. suzukii
A0AB39ZQR4	1	U-01	suzukii	D. suzukii
A0AB39ZQS0	1	U-01	suzukii	D. suzukii
A0AB39ZQS2	2	U-02	suzukii	D. suzukii
A0AB39ZQS3	1	U-01	suzukii	D. suzukii
A0AB39ZQS4	3	U-03	suzukii	D. suzukii
A0AB39ZQS6	1	U-01	suzukii	D. suzukii
A0AB39ZQS9	3	U-03	suzukii	D. suzukii
A0AB39ZQT6	3	U-03	suzukii	D. suzukii
A0AB39ZQT8	0	unassigned	suzukii	D. suzukii
A0AB39ZQU0	1	U-01	suzukii	D. suzukii
A0AB39ZQU4	1	U-01	suzukii	D. suzukii
A0AB39ZQU6	1	U-01	suzukii	D. suzukii
A0AB39ZQU7	1	U-01	suzukii	D. suzukii
A0AB39ZQV2	3	U-03	suzukii	D. suzukii
A0AB39ZQV5	1	U-01	suzukii	D. suzukii
A0AB39ZQV6	1	U-01	suzukii	D. suzukii
A0AB39ZQW1	1	U-01	suzukii	D. suzukii
A0AB39ZQW3	1	U-01	suzukii	D. suzukii
A0AB39ZQW5	2	U-02	suzukii	D. suzukii
A0AB39ZQW9	1	U-01	suzukii	D. suzukii
A0AB39ZQX6	1	U-01	suzukii	D. suzukii
A0AB39ZQX8	2	U-02	suzukii	D. suzukii
A0AB39ZQY4	2	U-02	suzukii	D. suzukii
A0AB39ZQY5	1	U-01	suzukii	D. suzukii
A0AB39ZQY7	1	U-01	suzukii	D. suzukii
A0AB39ZQY8	1	U-01	suzukii	D. suzukii
A0AB39ZQY9	2	U-02	suzukii	D. suzukii
A0AB39ZQZ0	1	U-01	suzukii	D. suzukii
A0AB39ZQZ1	1	U-01	suzukii	D. suzukii
A0AB39ZQZ4	1	U-01	suzukii	D. suzukii
A0AB39ZQZ5	1	U-01	suzukii	D. suzukii
A0AB39ZQZ7	2	U-02	suzukii	D. suzukii
A0AB39ZR00	0	unassigned	suzukii	D. suzukii
A0AB39ZR04	1	U-01	suzukii	D. suzukii
A0AB39ZR11	1	U-01	suzukii	D. suzukii
A0AB39ZX46	1	U-01	suzukii	D. suzukii
A0AB39ZX47	1	U-01	suzukii	D. suzukii
A0AB39ZX49	2	U-02	suzukii	D. suzukii
A0AB39ZX51	1	U-01	suzukii	D. suzukii
A0AB39ZX52	3	U-03	suzukii	D. suzukii
A0AB39ZX53	1	U-01	suzukii	D. suzukii
A0AB39ZX55	1	U-01	suzukii	D. suzukii
A0AB39ZX56	1	U-01	suzukii	D. suzukii
A0AB39ZX58	1	U-01	suzukii	D. suzukii
A0AB39ZX59	2	U-02	suzukii	D. suzukii
A0AB39ZX60	1	U-01	suzukii	D. suzukii
A0AB39ZX65	1	U-01	suzukii	D. suzukii
A0AB39ZX67	0	unassigned	suzukii	D. suzukii
A0AB39ZX69	1	U-01	suzukii	D. suzukii
A0AB39ZX70	2	U-02	suzukii	D. suzukii
A0AB39ZX75	1	U-01	suzukii	D. suzukii
A0AB39ZX76	3	U-03	suzukii	D. suzukii
A0AB39ZX77	1	U-01	suzukii	D. suzukii
A0AB39ZX80	1	U-01	suzukii	D. suzukii
A0AB39ZX81	1	U-01	suzukii	D. suzukii
A0AB39ZX82	1	U-01	suzukii	D. suzukii
A0AB39ZX83	1	U-01	suzukii	D. suzukii
A0AB39ZX88	1	U-01	suzukii	D. suzukii
A0AB39ZX90	1	U-01	suzukii	D. suzukii
A0AB39ZX91	1	U-01	suzukii	D. suzukii
A0AB39ZX92	2	U-02	suzukii	D. suzukii
A0AB39ZX96	1	U-01	suzukii	D. suzukii
A0AB39ZX98	0	unassigned	suzukii	D. suzukii
A0AB39ZX99	1	U-01	suzukii	D. suzukii
A0AB39ZXA1	1	U-01	suzukii	D. suzukii
A0AB39ZXA2	2	U-02	suzukii	D. suzukii
A0AB39ZXA3	1	U-01	suzukii	D. suzukii
A0AB39ZXA6	3	U-03	suzukii	D. suzukii
A0AB39ZXA8	1	U-01	suzukii	D. suzukii
A0AB39ZXB9	1	U-01	suzukii	D. suzukii
A0AB39ZXC1	1	U-01	suzukii	D. suzukii
A0AB39ZXC5	2	U-02	suzukii	D. suzukii
A0AB39ZXD2	1	U-01	suzukii	D. suzukii
A0AB39ZXD5	1	U-01	suzukii	D. suzukii
A0AB39ZXD7	3	U-03	suzukii	D. suzukii
A0AB39ZXE3	2	U-02	suzukii	D. suzukii
A0AB39ZXE4	1	U-01	suzukii	D. suzukii
A0AB39ZXE5	0	unassigned	suzukii	D. suzukii
A0AB39ZXE6	1	U-01	suzukii	D. suzukii
A0AB39ZXE7	2	U-02	suzukii	D. suzukii
A0AB39ZXF1	1	U-01	suzukii	D. suzukii
A0AB39ZXF3	1	U-01	suzukii	D. suzukii
A0ABM4TZB1	3	U-03	suzukii	D. suzukii
A0ABM4TZB3	1	U-01	suzukii	D. suzukii
A0ABM4TZB4	3	U-03	suzukii	D. suzukii
A0ABM4TZB5	3	U-03	suzukii	D. suzukii
A0ABM4TZC0	1	U-01	suzukii	D. suzukii
A0ABM4TZC1	1	U-01	suzukii	D. suzukii
A0ABM4TZC9	3	U-03	suzukii	D. suzukii
A0ABM4TZE2	3	U-03	suzukii	D. suzukii
A0ABM4TZE5	3	U-03	suzukii	D. suzukii
A0ABM4TZF1	0	unassigned	suzukii	D. suzukii
A0ABM4TZF4	0	unassigned	suzukii	D. suzukii
A0ABM4TZF9	0	unassigned	suzukii	D. suzukii
A0ABM4TZH0	1	U-01	suzukii	D. suzukii
A0ABM4TZH3	0	unassigned	suzukii	D. suzukii
A0ABM4TZH5	1	U-01	suzukii	D. suzukii
A0ABM4TZH9	1	U-01	suzukii	D. suzukii
A0ABM4TZI4	2	U-02	suzukii	D. suzukii
A0ABM4TZJ2	0	unassigned	suzukii	D. suzukii
A0ABM4TZK4	0	unassigned	suzukii	D. suzukii
A0ABM4TZK6	0	unassigned	suzukii	D. suzukii
A0ABM4TZK8	1	U-01	suzukii	D. suzukii
A0ABM4TZL0	1	U-01	suzukii	D. suzukii
A0ABM4TZL1	0	unassigned	suzukii	D. suzukii
A0ABM4TZN1	1	U-01	suzukii	D. suzukii
A0ABM4TZP1	0	unassigned	suzukii	D. suzukii
A0ABM4TZQ8	1	U-01	suzukii	D. suzukii
A0ABM4TZS4	0	unassigned	suzukii	D. suzukii
A0ABM4TZS6	0	unassigned	suzukii	D. suzukii
A0AB39Z044	1	U-01	suzukii	D. suzukii
A0AB39Z045	1	U-01	suzukii	D. suzukii
A0AB39Z047	0	unassigned	suzukii	D. suzukii
A0AB39Z048	0	unassigned	suzukii	D. suzukii
A0AB39Z050	1	U-01	suzukii	D. suzukii
A0AB39Z055	1	U-01	suzukii	D. suzukii
A0AB39Z056	0	unassigned	suzukii	D. suzukii
A0AB39Z058	1	U-01	suzukii	D. suzukii
A0AB39Z059	2	U-02	suzukii	D. suzukii
A0AB39Z060	0	unassigned	suzukii	D. suzukii
A0AB39Z061	1	U-01	suzukii	D. suzukii
A0AB39Z063	1	U-01	suzukii	D. suzukii
A0AB39Z064	1	U-01	suzukii	D. suzukii
A0AB39Z065	3	U-03	suzukii	D. suzukii
A0AB39Z066	2	U-02	suzukii	D. suzukii
A0AB39Z067	1	U-01	suzukii	D. suzukii
A0AB39Z069	3	U-03	suzukii	D. suzukii
A0AB39Z072	1	U-01	suzukii	D. suzukii
A0AB39Z075	2	U-02	suzukii	D. suzukii
A0AB39Z076	2	U-02	suzukii	D. suzukii
A0AB39Z080	1	U-01	suzukii	D. suzukii
A0AB39Z083	1	U-01	suzukii	D. suzukii
A0AB39Z084	1	U-01	suzukii	D. suzukii
A0AB39Z086	1	U-01	suzukii	D. suzukii
A0AB39Z087	0	unassigned	suzukii	D. suzukii
A0AB39Z088	2	U-02	suzukii	D. suzukii
A0AB39Z090	1	U-01	suzukii	D. suzukii
A0AB39Z093	1	U-01	suzukii	D. suzukii
A0AB39Z094	1	U-01	suzukii	D. suzukii
A0AB39Z096	1	U-01	suzukii	D. suzukii
A0AB39Z097	3	U-03	suzukii	D. suzukii
A0AB39Z098	1	U-01	suzukii	D. suzukii
A0AB39Z099	1	U-01	suzukii	D. suzukii
A0AB39Z0A0	1	U-01	suzukii	D. suzukii
A0AB39Z0A3	1	U-01	suzukii	D. suzukii
A0AB39Z0A4	1	U-01	suzukii	D. suzukii
A0AB39Z0A5	1	U-01	suzukii	D. suzukii
A0AB39Z0A6	1	U-01	suzukii	D. suzukii
A0AB39Z0B3	2	U-02	suzukii	D. suzukii
A0AB39Z0B4	1	U-01	suzukii	D. suzukii
A0AB39Z0B5	1	U-01	suzukii	D. suzukii
A0AB39Z0B9	1	U-01	suzukii	D. suzukii
A0AB39Z0C1	1	U-01	suzukii	D. suzukii
A0AB39Z0C3	3	U-03	suzukii	D. suzukii
A0AB39Z0C6	1	U-01	suzukii	D. suzukii
A0AB39Z0C9	1	U-01	suzukii	D. suzukii
A0AB39Z0D1	1	U-01	suzukii	D. suzukii
A0AB39Z0D4	1	U-01	suzukii	D. suzukii
A0AB39Z0D5	1	U-01	suzukii	D. suzukii
A0AB39Z0E0	1	U-01	suzukii	D. suzukii
A0AB39Z0E1	0	unassigned	suzukii	D. suzukii
A0AB39Z0E5	2	U-02	suzukii	D. suzukii
A0AB39Z0F0	2	U-02	suzukii	D. suzukii
A0AB39Z0F1	1	U-01	suzukii	D. suzukii
A0AB39Z0F2	3	U-03	suzukii	D. suzukii
A0AB39Z0F3	3	U-03	suzukii	D. suzukii
A0AB39Z0F5	1	U-01	suzukii	D. suzukii
A0AB39Z0G0	1	U-01	suzukii	D. suzukii
A0AB39Z0G2	1	U-01	suzukii	D. suzukii
A0AB39Z0G4	1	U-01	suzukii	D. suzukii
A0AB39Z0G5	0	unassigned	suzukii	D. suzukii
A0AB39Z0G7	1	U-01	suzukii	D. suzukii
A0AB39Z0G8	2	U-02	suzukii	D. suzukii
A0AB39Z0H1	1	U-01	suzukii	D. suzukii
A0AB39Z0H2	1	U-01	suzukii	D. suzukii
A0AB39Z0H3	1	U-01	suzukii	D. suzukii
A0AB39Z0H4	1	U-01	suzukii	D. suzukii
A0AB39Z0H5	2	U-02	suzukii	D. suzukii
A0AB39Z0H9	1	U-01	suzukii	D. suzukii
A0AB39Z0I0	0	unassigned	suzukii	D. suzukii
A0AB39Z0I2	1	U-01	suzukii	D. suzukii
A0AB39Z0I3	2	U-02	suzukii	D. suzukii
A0AB39ZFU6	1	U-01	suzukii	D. suzukii
A0AB39ZFU7	3	U-03	suzukii	D. suzukii
A0AB39ZFV1	1	U-01	suzukii	D. suzukii
A0AB39ZFV2	1	U-01	suzukii	D. suzukii
A0AB39ZFV4	1	U-01	suzukii	D. suzukii
A0AB39ZFV6	0	unassigned	suzukii	D. suzukii
A0AB39ZFV7	2	U-02	suzukii	D. suzukii
A0AB39ZFW2	1	U-01	suzukii	D. suzukii
A0AB39ZFW6	1	U-01	suzukii	D. suzukii
A0AB39ZFX0	1	U-01	suzukii	D. suzukii
A0AB39ZFX2	1	U-01	suzukii	D. suzukii
A0AB39ZFX3	1	U-01	suzukii	D. suzukii
A0AB39ZFX4	1	U-01	suzukii	D. suzukii
A0AB39ZFX5	1	U-01	suzukii	D. suzukii
A0AB39ZJC5	1	U-01	suzukii	D. suzukii
A0AB39ZJC6	1	U-01	suzukii	D. suzukii
A0AB39ZJC7	1	U-01	suzukii	D. suzukii
A0AB39ZJC9	0	unassigned	suzukii	D. suzukii
A0AB39ZJD1	1	U-01	suzukii	D. suzukii
A0AB39ZJD2	1	U-01	suzukii	D. suzukii
A0AB39ZJD4	2	U-02	suzukii	D. suzukii
A0AB39ZJD5	3	U-03	suzukii	D. suzukii
A0AB39ZJD8	1	U-01	suzukii	D. suzukii
A0AB39ZJD9	1	U-01	suzukii	D. suzukii
A0AB39ZJE0	1	U-01	suzukii	D. suzukii
A0AB39ZJE2	3	U-03	suzukii	D. suzukii
A0AB39ZJE7	1	U-01	suzukii	D. suzukii
A0AB39ZJE9	1	U-01	suzukii	D. suzukii
A0AB39ZJF0	1	U-01	suzukii	D. suzukii
A0AB39ZJF1	1	U-01	suzukii	D. suzukii
A0AB39ZJF2	1	U-01	suzukii	D. suzukii
A0AB39ZJF4	1	U-01	suzukii	D. suzukii
A0AB39ZJF6	0	unassigned	suzukii	D. suzukii
A0AB39ZJF8	1	U-01	suzukii	D. suzukii
A0AB39ZJF9	1	U-01	suzukii	D. suzukii
A0AB39ZJG0	1	U-01	suzukii	D. suzukii
A0AB39ZJG1	1	U-01	suzukii	D. suzukii
A0AB39ZJG2	0	unassigned	suzukii	D. suzukii
A0AB39ZJG4	1	U-01	suzukii	D. suzukii
A0AB39ZJG5	1	U-01	suzukii	D. suzukii
A0AB39ZJG7	1	U-01	suzukii	D. suzukii
A0AB39ZJG9	0	unassigned	suzukii	D. suzukii
A0AB39ZJH0	1	U-01	suzukii	D. suzukii
A0AB39ZJH8	3	U-03	suzukii	D. suzukii
A0AB39ZJI2	0	unassigned	suzukii	D. suzukii
A0AB39ZJI5	2	U-02	suzukii	D. suzukii
A0AB39ZJI6	1	U-01	suzukii	D. suzukii
A0AB39ZJI8	1	U-01	suzukii	D. suzukii
A0AB39ZJK3	1	U-01	suzukii	D. suzukii
A0AB39ZJK5	0	unassigned	suzukii	D. suzukii
A0AB39ZJK6	1	U-01	suzukii	D. suzukii
A0AB39ZJK8	1	U-01	suzukii	D. suzukii
A0AB39ZJK9	0	unassigned	suzukii	D. suzukii
A0AB39ZJL1	3	U-03	suzukii	D. suzukii
A0AB39ZJL2	1	U-01	suzukii	D. suzukii
A0AB39ZJL3	1	U-01	suzukii	D. suzukii
A0AB39ZJL6	1	U-01	suzukii	D. suzukii
A0AB39ZJM1	0	unassigned	suzukii	D. suzukii
A0AB39ZJM3	0	unassigned	suzukii	D. suzukii
A0AB39ZJM6	1	U-01	suzukii	D. suzukii
A0AB39ZJM7	1	U-01	suzukii	D. suzukii
A0AB39ZJN1	1	U-01	suzukii	D. suzukii
A0AB39ZJN2	1	U-01	suzukii	D. suzukii
A0AB39ZJN4	1	U-01	suzukii	D. suzukii
A0AB39ZJN5	1	U-01	suzukii	D. suzukii
A0AB39ZJN7	2	U-02	suzukii	D. suzukii
A0AB39ZJN8	3	U-03	suzukii	D. suzukii
A0AB39ZJN9	1	U-01	suzukii	D. suzukii
A0AB39ZJP0	1	U-01	suzukii	D. suzukii
A0AB39ZJP1	1	U-01	suzukii	D. suzukii
A0AB39ZJP6	1	U-01	suzukii	D. suzukii
A0AB39ZJP7	2	U-02	suzukii	D. suzukii
A0AB39ZJP9	2	U-02	suzukii	D. suzukii
A0AB39ZJQ0	3	U-03	suzukii	D. suzukii
A0AB39ZJQ7	2	U-02	suzukii	D. suzukii
A0AB39ZJR0	1	U-01	suzukii	D. suzukii
A0AB39ZJR1	1	U-01	suzukii	D. suzukii
A0AB39ZJR2	3	U-03	suzukii	D. suzukii
A0AB39ZJR4	2	U-02	suzukii	D. suzukii
A0AB39ZJR5	1	U-01	suzukii	D. suzukii
A0AB39ZJR7	1	U-01	suzukii	D. suzukii
A0AB39ZJS2	1	U-01	suzukii	D. suzukii
A0AB39ZJS9	1	U-01	suzukii	D. suzukii
A0AB39ZJT0	1	U-01	suzukii	D. suzukii
A0AB39ZJT1	1	U-01	suzukii	D. suzukii
A0AB39ZJT3	3	U-03	suzukii	D. suzukii
A0AB39ZJT4	1	U-01	suzukii	D. suzukii
A0AB39ZJT5	1	U-01	suzukii	D. suzukii
A0AB39ZJT6	2	U-02	suzukii	D. suzukii
A0AB39ZJV0	1	U-01	suzukii	D. suzukii
A0AB39ZJV3	1	U-01	suzukii	D. suzukii
A0AB39ZJV6	1	U-01	suzukii	D. suzukii
A0AB39ZJV7	1	U-01	suzukii	D. suzukii
A0AB39ZJW0	1	U-01	suzukii	D. suzukii
A0AB39ZJW1	1	U-01	suzukii	D. suzukii
A0AB39ZJW4	2	U-02	suzukii	D. suzukii
A0AB39ZJW9	1	U-01	suzukii	D. suzukii
A0AB39ZJX0	1	U-01	suzukii	D. suzukii
A0AB39ZJX3	1	U-01	suzukii	D. suzukii
A0AB39ZJX6	1	U-01	suzukii	D. suzukii
A0ABM4TSF1	1	U-01	suzukii	D. suzukii
A0ABM4TSF2	1	U-01	suzukii	D. suzukii
A0ABM4TSF5	1	U-01	suzukii	D. suzukii
A0ABM4TSF6	1	U-01	suzukii	D. suzukii
A0ABM4TSF8	1	U-01	suzukii	D. suzukii
A0ABM4TSG0	0	unassigned	suzukii	D. suzukii
A0ABM4TSG2	1	U-01	suzukii	D. suzukii
A0ABM4TSG3	1	U-01	suzukii	D. suzukii
A0ABM4TSG4	0	unassigned	suzukii	D. suzukii
A0ABM4TSG5	1	U-01	suzukii	D. suzukii
A0ABM4TSG6	1	U-01	suzukii	D. suzukii
A0ABM4TSG7	1	U-01	suzukii	D. suzukii
A0ABM4TSG8	1	U-01	suzukii	D. suzukii
A0ABM4TSG9	1	U-01	suzukii	D. suzukii
A0ABM4TSH0	1	U-01	suzukii	D. suzukii
A0ABM4TSH1	1	U-01	suzukii	D. suzukii
A0ABM4TSH2	1	U-01	suzukii	D. suzukii
A0ABM4TSH3	1	U-01	suzukii	D. suzukii
A0ABM4TSH4	1	U-01	suzukii	D. suzukii
A0ABM4TSH5	1	U-01	suzukii	D. suzukii
A0ABM4TSH7	1	U-01	suzukii	D. suzukii
A0ABM4TSH8	1	U-01	suzukii	D. suzukii
A0ABM4TSH9	1	U-01	suzukii	D. suzukii
A0ABM4TSI0	1	U-01	suzukii	D. suzukii
A0ABM4TSI1	1	U-01	suzukii	D. suzukii
A0ABM4TSI2	1	U-01	suzukii	D. suzukii
A0ABM4TSI3	1	U-01	suzukii	D. suzukii
A0ABM4TSI4	2	U-02	suzukii	D. suzukii
A0ABM4TSI5	1	U-01	suzukii	D. suzukii
A0ABM4TSI6	1	U-01	suzukii	D. suzukii
A0ABM4TSI8	1	U-01	suzukii	D. suzukii
A0ABM4TSJ0	0	unassigned	suzukii	D. suzukii
A0ABM4TSJ3	1	U-01	suzukii	D. suzukii
A0ABM4TSJ4	1	U-01	suzukii	D. suzukii
A0ABM4TSJ7	1	U-01	suzukii	D. suzukii
A0ABM4TSJ8	1	U-01	suzukii	D. suzukii
A0ABM4TSK4	1	U-01	suzukii	D. suzukii
A0ABM4TSK7	1	U-01	suzukii	D. suzukii
A0ABM4TSL4	1	U-01	suzukii	D. suzukii
A0ABM4TSL8	1	U-01	suzukii	D. suzukii
A0ABM4TSM1	0	unassigned	suzukii	D. suzukii
A0ABM4TSM2	1	U-01	suzukii	D. suzukii
A0ABM4TSM4	1	U-01	suzukii	D. suzukii
A0ABM4TSM5	2	U-02	suzukii	D. suzukii
A0ABM4TSN4	3	U-03	suzukii	D. suzukii
A0ABM4TSN8	1	U-01	suzukii	D. suzukii
A0ABM4TSN9	0	unassigned	suzukii	D. suzukii
A0ABM4TSP0	0	unassigned	suzukii	D. suzukii
A0ABM4TSP2	1	U-01	suzukii	D. suzukii
A0ABM4TSP5	1	U-01	suzukii	D. suzukii
A0ABM4TSQ9	3	U-03	suzukii	D. suzukii
A0ABM4TSR5	0	unassigned	suzukii	D. suzukii
A0ABM4TSR7	1	U-01	suzukii	D. suzukii
A0ABM4TSR9	1	U-01	suzukii	D. suzukii
A0ABM4TSS0	2	U-02	suzukii	D. suzukii
A0ABM4TSS1	1	U-01	suzukii	D. suzukii
A0ABM4TSS3	1	U-01	suzukii	D. suzukii
A0ABM4TSS5	3	U-03	suzukii	D. suzukii
A0ABM4TSS7	1	U-01	suzukii	D. suzukii
A0ABM4TST0	1	U-01	suzukii	D. suzukii
A0ABM4TST1	1	U-01	suzukii	D. suzukii
A0ABM4TST5	1	U-01	suzukii	D. suzukii
A0ABM4TST6	1	U-01	suzukii	D. suzukii
A0ABM4TSU0	1	U-01	suzukii	D. suzukii
A0ABM4TSU1	1	U-01	suzukii	D. suzukii
A0ABM4TSU2	1	U-01	suzukii	D. suzukii
A0ABM4TSU3	0	unassigned	suzukii	D. suzukii
A0ABM4TSU4	3	U-03	suzukii	D. suzukii
A0ABM4TSU6	1	U-01	suzukii	D. suzukii
A0ABM4TSU8	1	U-01	suzukii	D. suzukii
A0ABM4TSV0	1	U-01	suzukii	D. suzukii
A0ABM4TSV3	1	U-01	suzukii	D. suzukii
A0ABM4TSV5	0	unassigned	suzukii	D. suzukii
A0ABM4TSV8	1	U-01	suzukii	D. suzukii
A0ABM4TSW8	3	U-03	suzukii	D. suzukii
A0ABM4TSX1	1	U-01	suzukii	D. suzukii
A0ABM4TSX6	1	U-01	suzukii	D. suzukii
A0ABM4TSY8	0	unassigned	suzukii	D. suzukii
A0ABM4TSZ4	1	U-01	suzukii	D. suzukii
A0ABM4TSZ7	0	unassigned	suzukii	D. suzukii
A0ABM4TSZ8	0	unassigned	suzukii	D. suzukii
A0ABM4TT02	1	U-01	suzukii	D. suzukii
A0ABM4TT03	1	U-01	suzukii	D. suzukii
A0ABM4TT06	0	unassigned	suzukii	D. suzukii
A0ABM4TT07	1	U-01	suzukii	D. suzukii
A0ABM4TT11	0	unassigned	suzukii	D. suzukii
A0ABM4TT12	2	U-02	suzukii	D. suzukii
A0ABM4TT17	0	unassigned	suzukii	D. suzukii
A0ABM4TXS3	1	U-01	suzukii	D. suzukii
A0ABM4TXS5	0	unassigned	suzukii	D. suzukii
A0ABM4TXS7	0	unassigned	suzukii	D. suzukii
A0ABM4TXS8	0	unassigned	suzukii	D. suzukii
A0ABM4TXS9	0	unassigned	suzukii	D. suzukii
A0ABM4TXT0	0	unassigned	suzukii	D. suzukii
A0ABM4TXT1	0	unassigned	suzukii	D. suzukii
A0ABM4TXT2	0	unassigned	suzukii	D. suzukii
A0ABM4TXT3	0	unassigned	suzukii	D. suzukii
A0ABM4TXT4	0	unassigned	suzukii	D. suzukii
A0ABM4TXT5	0	unassigned	suzukii	D. suzukii
A0ABM4TXT6	0	unassigned	suzukii	D. suzukii
A0AB39Z1T2	0	unassigned	suzukii	D. suzukii
A0AB39Z1T6	2	U-02	suzukii	D. suzukii
A0AB39Z1T8	3	U-03	suzukii	D. suzukii
A0AB39Z1T9	1	U-01	suzukii	D. suzukii
A0AB39Z1U2	1	U-01	suzukii	D. suzukii
A0AB39Z1U9	3	U-03	suzukii	D. suzukii
A0AB39Z1V6	1	U-01	suzukii	D. suzukii
A0AB39Z1V7	1	U-01	suzukii	D. suzukii
A0AB39Z1W1	1	U-01	suzukii	D. suzukii
A0AB39Z1W4	1	U-01	suzukii	D. suzukii
A0AB39Z1W5	1	U-01	suzukii	D. suzukii
A0AB39Z1W8	1	U-01	suzukii	D. suzukii
A0AB39Z1X1	2	U-02	suzukii	D. suzukii
A0AB39Z1X3	2	U-02	suzukii	D. suzukii
A0AB39Z1X6	1	U-01	suzukii	D. suzukii
A0AB39Z1X7	3	U-03	suzukii	D. suzukii
A0AB39Z1Y7	1	U-01	suzukii	D. suzukii
A0AB39Z1Y8	2	U-02	suzukii	D. suzukii
A0AB39Z1Y9	1	U-01	suzukii	D. suzukii
A0AB39Z1Z2	2	U-02	suzukii	D. suzukii
A0AB39Z1Z3	1	U-01	suzukii	D. suzukii
A0AB39Z1Z6	1	U-01	suzukii	D. suzukii
A0AB39Z1Z7	1	U-01	suzukii	D. suzukii
A0AB39Z201	1	U-01	suzukii	D. suzukii
A0AB39Z203	2	U-02	suzukii	D. suzukii
A0AB39Z204	2	U-02	suzukii	D. suzukii
A0AB39Z205	1	U-01	suzukii	D. suzukii
A0AB39Z214	3	U-03	suzukii	D. suzukii
A0AB39Z220	1	U-01	suzukii	D. suzukii
A0AB39Z223	3	U-03	suzukii	D. suzukii
A0AB39Z225	1	U-01	suzukii	D. suzukii
A0AB39Z226	1	U-01	suzukii	D. suzukii
A0AB39Z233	1	U-01	suzukii	D. suzukii
A0AB39Z244	1	U-01	suzukii	D. suzukii
A0AB39Z245	1	U-01	suzukii	D. suzukii
A0AB39Z253	1	U-01	suzukii	D. suzukii
A0AB39Z259	1	U-01	suzukii	D. suzukii
A0AB39Z262	1	U-01	suzukii	D. suzukii
A0AB39Z271	1	U-01	suzukii	D. suzukii
A0AB39Z277	1	U-01	suzukii	D. suzukii
A0AB39Z282	2	U-02	suzukii	D. suzukii
A0AB39Z283	1	U-01	suzukii	D. suzukii
A0AB39Z284	3	U-03	suzukii	D. suzukii
A0AB39Z287	1	U-01	suzukii	D. suzukii
A0AB39Z289	1	U-01	suzukii	D. suzukii
A0AB39Z293	1	U-01	suzukii	D. suzukii
A0AB39Z295	1	U-01	suzukii	D. suzukii
A0AB39Z2A0	1	U-01	suzukii	D. suzukii
A0AB39Z2A3	1	U-01	suzukii	D. suzukii
A0AB39Z2B4	2	U-02	suzukii	D. suzukii
A0AB39Z2B7	0	unassigned	suzukii	D. suzukii
A0AB39Z2B9	1	U-01	suzukii	D. suzukii
A0AB39Z2C0	1	U-01	suzukii	D. suzukii
A0AB39Z2C1	3	U-03	suzukii	D. suzukii
A0AB39Z2C2	2	U-02	suzukii	D. suzukii
A0AB39Z2D1	2	U-02	suzukii	D. suzukii
A0AB39Z2D2	2	U-02	suzukii	D. suzukii
A0AB39Z2D3	2	U-02	suzukii	D. suzukii
A0AB39Z2D8	2	U-02	suzukii	D. suzukii
A0AB39Z2E3	3	U-03	suzukii	D. suzukii
A0AB39Z2E6	1	U-01	suzukii	D. suzukii
A0AB39Z2F0	1	U-01	suzukii	D. suzukii
A0AB39Z2F2	1	U-01	suzukii	D. suzukii
A0AB39Z2F7	1	U-01	suzukii	D. suzukii
A0AB39Z2F9	1	U-01	suzukii	D. suzukii
A0AB39Z2G1	3	U-03	suzukii	D. suzukii
A0AB39Z2G2	2	U-02	suzukii	D. suzukii
A0AB39Z2G4	2	U-02	suzukii	D. suzukii
A0AB39Z2G5	2	U-02	suzukii	D. suzukii
A0AB39Z2H5	1	U-01	suzukii	D. suzukii
A0AB39ZAD3	1	U-01	suzukii	D. suzukii
A0AB39ZAD5	2	U-02	suzukii	D. suzukii
A0AB39ZAD7	1	U-01	suzukii	D. suzukii
A0AB39ZAE0	1	U-01	suzukii	D. suzukii
A0AB39ZAE3	0	unassigned	suzukii	D. suzukii
A0AB39ZAE4	1	U-01	suzukii	D. suzukii
A0AB39ZAE8	2	U-02	suzukii	D. suzukii
A0AB39ZAF3	1	U-01	suzukii	D. suzukii
A0AB39ZAF4	2	U-02	suzukii	D. suzukii
A0AB39ZAG0	0	unassigned	suzukii	D. suzukii
A0AB39ZAG1	1	U-01	suzukii	D. suzukii
A0AB39ZAG2	1	U-01	suzukii	D. suzukii
A0AB39ZAG9	1	U-01	suzukii	D. suzukii
A0AB39ZAH4	2	U-02	suzukii	D. suzukii
A0AB39ZAH6	1	U-01	suzukii	D. suzukii
A0AB39ZAH7	1	U-01	suzukii	D. suzukii
A0AB39ZAI1	1	U-01	suzukii	D. suzukii
A0AB39ZAI4	1	U-01	suzukii	D. suzukii
A0AB39ZAI5	2	U-02	suzukii	D. suzukii
A0AB39ZAI6	1	U-01	suzukii	D. suzukii
A0AB39ZAI8	2	U-02	suzukii	D. suzukii
A0AB39ZAJ0	1	U-01	suzukii	D. suzukii
A0AB39ZAJ1	1	U-01	suzukii	D. suzukii
A0AB39ZAJ2	2	U-02	suzukii	D. suzukii
A0AB39ZAJ9	1	U-01	suzukii	D. suzukii
A0AB39ZAK0	1	U-01	suzukii	D. suzukii
A0AB39ZAK1	1	U-01	suzukii	D. suzukii
A0AB39ZAK2	0	unassigned	suzukii	D. suzukii
A0AB39ZAK6	1	U-01	suzukii	D. suzukii
A0AB39ZAK7	1	U-01	suzukii	D. suzukii
A0AB40ABK6	2	U-02	suzukii	D. suzukii
A0AB40ABK7	3	U-03	suzukii	D. suzukii
A0AB40ABK8	0	unassigned	suzukii	D. suzukii
A0AB40ABL3	3	U-03	suzukii	D. suzukii
A0AB40ABL4	1	U-01	suzukii	D. suzukii
A0AB40ABM2	1	U-01	suzukii	D. suzukii
A0AB40ABM5	1	U-01	suzukii	D. suzukii
A0AB40ABN6	0	unassigned	suzukii	D. suzukii
A0AB40ABP1	3	U-03	suzukii	D. suzukii
A0AB40ABP6	3	U-03	suzukii	D. suzukii
A0AB40ABP8	2	U-02	suzukii	D. suzukii
A0AB40ABP9	0	unassigned	suzukii	D. suzukii
A0AB40ABQ1	2	U-02	suzukii	D. suzukii
A0AB40ABQ2	2	U-02	suzukii	D. suzukii
A0AB40ABQ3	3	U-03	suzukii	D. suzukii
A0AB40ABQ9	2	U-02	suzukii	D. suzukii
A0AB40ABR7	1	U-01	suzukii	D. suzukii
A0AB40ABS4	1	U-01	suzukii	D. suzukii
A0AB40ABT0	1	U-01	suzukii	D. suzukii
A0AB40ABT1	2	U-02	suzukii	D. suzukii
A0AB40ABT5	2	U-02	suzukii	D. suzukii
A0AB40ABT6	1	U-01	suzukii	D. suzukii
A0AB40ABT7	1	U-01	suzukii	D. suzukii
A0AB40ABT8	2	U-02	suzukii	D. suzukii
A0AB40ABU3	1	U-01	suzukii	D. suzukii
A0AB40ABV0	1	U-01	suzukii	D. suzukii
A0AB40ABV2	1	U-01	suzukii	D. suzukii
A0AB40ABV4	1	U-01	suzukii	D. suzukii
A0AB40ABV7	1	U-01	suzukii	D. suzukii
A0AB40ABV8	1	U-01	suzukii	D. suzukii
A0AB40ABV9	2	U-02	suzukii	D. suzukii
A0AB40ABW1	1	U-01	suzukii	D. suzukii
A0AB40ABW4	2	U-02	suzukii	D. suzukii
A0AB40ABX1	3	U-03	suzukii	D. suzukii
A0AB40ABX4	1	U-01	suzukii	D. suzukii
A0AB40ABX6	1	U-01	suzukii	D. suzukii
A0AB40ABX8	2	U-02	suzukii	D. suzukii
A0AB40ABY3	2	U-02	suzukii	D. suzukii
A0AB40ABZ1	2	U-02	suzukii	D. suzukii
A0AB40ABZ4	3	U-03	suzukii	D. suzukii
A0AB40ABZ9	1	U-01	suzukii	D. suzukii
A0AB40AC05	0	unassigned	suzukii	D. suzukii
A0AB40AC06	2	U-02	suzukii	D. suzukii
A0AB40AC07	2	U-02	suzukii	D. suzukii
A0AB40AC08	2	U-02	suzukii	D. suzukii
A0AB40AC09	1	U-01	suzukii	D. suzukii
A0AB40AC16	2	U-02	suzukii	D. suzukii
A0AB40AC19	2	U-02	suzukii	D. suzukii
A0AB40AC27	2	U-02	suzukii	D. suzukii
A0AB40AC29	1	U-01	suzukii	D. suzukii
A0AB40AC34	1	U-01	suzukii	D. suzukii
A0AB40AC35	0	unassigned	suzukii	D. suzukii
A0AB40AC37	1	U-01	suzukii	D. suzukii
A0AB40DDE3	1	U-01	suzukii	D. suzukii
A0AB40DDE5	1	U-01	suzukii	D. suzukii
A0AB40DDE8	3	U-03	suzukii	D. suzukii
A0AB40DDF2	1	U-01	suzukii	D. suzukii
A0AB40DDF3	1	U-01	suzukii	D. suzukii
A0AB40DDG2	2	U-02	suzukii	D. suzukii
A0AB40DDG7	1	U-01	suzukii	D. suzukii
A0AB40DDG8	0	unassigned	suzukii	D. suzukii
A0AB40DDH6	1	U-01	suzukii	D. suzukii
A0AB40DDH7	0	unassigned	suzukii	D. suzukii
A0AB40DDH9	1	U-01	suzukii	D. suzukii
A0AB40DDI0	1	U-01	suzukii	D. suzukii
A0AB40DDI5	1	U-01	suzukii	D. suzukii
A0AB40DDI6	1	U-01	suzukii	D. suzukii
A0AB40DDI8	1	U-01	suzukii	D. suzukii
A0AB40DDJ0	1	U-01	suzukii	D. suzukii
A0AB40DDJ9	0	unassigned	suzukii	D. suzukii
A0AB40DDK4	1	U-01	suzukii	D. suzukii
A0AB40DDK5	1	U-01	suzukii	D. suzukii
A0AB40DDM2	1	U-01	suzukii	D. suzukii
A0AB40DDN6	3	U-03	suzukii	D. suzukii
A0AB40DDP8	1	U-01	suzukii	D. suzukii
A0AB40DDQ1	0	unassigned	suzukii	D. suzukii
A0AB40DDQ4	1	U-01	suzukii	D. suzukii
A0AB40DDQ6	0	unassigned	suzukii	D. suzukii
A0AB40DDR0	1	U-01	suzukii	D. suzukii
A0AB40DDR3	1	U-01	suzukii	D. suzukii
A0AB40DDR7	1	U-01	suzukii	D. suzukii
A0AB40DDS4	1	U-01	suzukii	D. suzukii
A0AB40DDS8	3	U-03	suzukii	D. suzukii
A0AB40DDT4	2	U-02	suzukii	D. suzukii
A0AB40DDT7	1	U-01	suzukii	D. suzukii
A0AB40DDT8	3	U-03	suzukii	D. suzukii
A0AB40DDU1	1	U-01	suzukii	D. suzukii
A0AB40DDU3	2	U-02	suzukii	D. suzukii
A0AB40DDU6	0	unassigned	suzukii	D. suzukii
A0AB40DDV0	1	U-01	suzukii	D. suzukii
A0AB40DDV2	1	U-01	suzukii	D. suzukii
A0AB40DDV3	1	U-01	suzukii	D. suzukii
A0AB40DDV4	2	U-02	suzukii	D. suzukii
A0AB40DDV8	0	unassigned	suzukii	D. suzukii
A0AB40DDW1	1	U-01	suzukii	D. suzukii
A0AB40DDX1	1	U-01	suzukii	D. suzukii
A0AB40DDX7	1	U-01	suzukii	D. suzukii
A0AB40DDY6	1	U-01	suzukii	D. suzukii
A0AB40DDZ3	1	U-01	suzukii	D. suzukii
A0AB40DDZ4	0	unassigned	suzukii	D. suzukii
A0AB39ZNS3	2	U-02	suzukii	D. suzukii
A0AB39ZNS4	1	U-01	suzukii	D. suzukii
A0AB39ZNS5	1	U-01	suzukii	D. suzukii
A0AB39ZNS7	1	U-01	suzukii	D. suzukii
A0AB39ZNS8	1	U-01	suzukii	D. suzukii
A0AB39ZNT2	1	U-01	suzukii	D. suzukii
A0AB39ZNT4	1	U-01	suzukii	D. suzukii
A0AB39ZNT5	1	U-01	suzukii	D. suzukii
A0AB39ZNT6	1	U-01	suzukii	D. suzukii
A0AB39ZNT9	1	U-01	suzukii	D. suzukii
A0AB39ZNU0	1	U-01	suzukii	D. suzukii
A0AB39ZNU1	1	U-01	suzukii	D. suzukii
A0AB39ZNU2	1	U-01	suzukii	D. suzukii
A0AB39ZNU3	1	U-01	suzukii	D. suzukii
A0AB39ZNU5	1	U-01	suzukii	D. suzukii
A0AB39ZNU9	1	U-01	suzukii	D. suzukii
A0AB39ZNV0	1	U-01	suzukii	D. suzukii
A0AB39ZNV3	2	U-02	suzukii	D. suzukii
A0AB39ZNV4	0	unassigned	suzukii	D. suzukii
A0AB39ZNV6	1	U-01	suzukii	D. suzukii
A0AB39ZNW1	1	U-01	suzukii	D. suzukii
A0AB39ZNW2	0	unassigned	suzukii	D. suzukii
A0AB39ZNW3	2	U-02	suzukii	D. suzukii
A0AB39ZNW7	1	U-01	suzukii	D. suzukii
A0AB39ZNW9	0	unassigned	suzukii	D. suzukii
A0AB39ZNX1	0	unassigned	suzukii	D. suzukii
A0AB39ZNX3	1	U-01	suzukii	D. suzukii
A0AB39ZNX6	1	U-01	suzukii	D. suzukii
A0AB39ZNX7	1	U-01	suzukii	D. suzukii
A0AB39ZNY0	1	U-01	suzukii	D. suzukii
A0AB39ZNY2	2	U-02	suzukii	D. suzukii
A0AB39ZNY4	1	U-01	suzukii	D. suzukii
A0AB39ZNY5	0	unassigned	suzukii	D. suzukii
A0AB39ZNY6	1	U-01	suzukii	D. suzukii
A0AB39ZNY9	1	U-01	suzukii	D. suzukii
A0AB39ZNZ2	3	U-03	suzukii	D. suzukii
A0AB39ZNZ3	2	U-02	suzukii	D. suzukii
A0AB39ZNZ7	1	U-01	suzukii	D. suzukii
A0AB39ZNZ9	1	U-01	suzukii	D. suzukii
A0AB39ZP00	1	U-01	suzukii	D. suzukii
A0AB39ZP01	1	U-01	suzukii	D. suzukii
A0AB39ZP06	0	unassigned	suzukii	D. suzukii
A0AB39ZU89	1	U-01	suzukii	D. suzukii
A0AB39ZU91	1	U-01	suzukii	D. suzukii
A0AB39ZU92	0	unassigned	suzukii	D. suzukii
A0AB39ZU94	1	U-01	suzukii	D. suzukii
A0AB39ZU95	0	unassigned	suzukii	D. suzukii
A0AB39ZU98	1	U-01	suzukii	D. suzukii
A0AB39ZUA0	1	U-01	suzukii	D. suzukii
A0AB39ZUA2	1	U-01	suzukii	D. suzukii
A0AB39ZUA9	1	U-01	suzukii	D. suzukii
A0AB39ZUB3	3	U-03	suzukii	D. suzukii
A0AB39ZUB4	3	U-03	suzukii	D. suzukii
A0AB39ZUB6	1	U-01	suzukii	D. suzukii
A0AB39ZUB8	1	U-01	suzukii	D. suzukii
A0AB39ZUB9	1	U-01	suzukii	D. suzukii
A0AB39ZUC1	1	U-01	suzukii	D. suzukii
A0AB39ZUC8	1	U-01	suzukii	D. suzukii
A0AB39ZUC9	2	U-02	suzukii	D. suzukii
A0AB39ZUD3	1	U-01	suzukii	D. suzukii
A0AB39ZUD9	1	U-01	suzukii	D. suzukii
A0AB39ZUE4	1	U-01	suzukii	D. suzukii
A0AB39ZUE5	1	U-01	suzukii	D. suzukii
A0AB39ZUE9	1	U-01	suzukii	D. suzukii
A0AB39ZUF0	2	U-02	suzukii	D. suzukii
A0AB39ZUF2	1	U-01	suzukii	D. suzukii
A0AB39ZUF3	1	U-01	suzukii	D. suzukii
A0AB39ZUF4	1	U-01	suzukii	D. suzukii
A0AB39ZUF5	3	U-03	suzukii	D. suzukii
A0AB39ZUF8	1	U-01	suzukii	D. suzukii
A0AB39ZUG1	2	U-02	suzukii	D. suzukii
A0AB39ZUG3	1	U-01	suzukii	D. suzukii
A0AB39ZUG5	2	U-02	suzukii	D. suzukii
A0AB39ZUG7	1	U-01	suzukii	D. suzukii
A0AB39ZUH2	1	U-01	suzukii	D. suzukii
A0AB39ZUH3	1	U-01	suzukii	D. suzukii
A0AB39ZUH5	1	U-01	suzukii	D. suzukii
A0AB39ZUH6	1	U-01	suzukii	D. suzukii
A0AB39ZUI0	1	U-01	suzukii	D. suzukii
A0AB39ZUI2	1	U-01	suzukii	D. suzukii
A0AB39ZUI5	2	U-02	suzukii	D. suzukii
A0AB39ZUI7	2	U-02	suzukii	D. suzukii
A0AB39ZUI9	1	U-01	suzukii	D. suzukii
A0AB39ZUJ1	0	unassigned	suzukii	D. suzukii
A0AB39ZUJ3	1	U-01	suzukii	D. suzukii
A0AB39ZUJ4	3	U-03	suzukii	D. suzukii
A0AB39ZUJ5	1	U-01	suzukii	D. suzukii
A0AB39ZUJ6	1	U-01	suzukii	D. suzukii
A0AB39ZUJ7	1	U-01	suzukii	D. suzukii
A0AB39ZUJ9	3	U-03	suzukii	D. suzukii
A0AB39ZUK0	1	U-01	suzukii	D. suzukii
A0AB39ZUK1	1	U-01	suzukii	D. suzukii
A0AB39ZUK2	1	U-01	suzukii	D. suzukii
A0AB39ZUK5	1	U-01	suzukii	D. suzukii
A0AB39ZUL0	1	U-01	suzukii	D. suzukii
A0AB39ZUL1	1	U-01	suzukii	D. suzukii
A0AB39ZUL9	1	U-01	suzukii	D. suzukii
A0AB39ZUM0	1	U-01	suzukii	D. suzukii
A0AB39ZUM4	3	U-03	suzukii	D. suzukii
A0AB39ZUM7	1	U-01	suzukii	D. suzukii
A0ABM4TPT0	0	unassigned	suzukii	D. suzukii
A0ABM4TPT2	0	unassigned	suzukii	D. suzukii
A0ABM4TPT3	1	U-01	suzukii	D. suzukii
A0ABM4TPT4	1	U-01	suzukii	D. suzukii
A0ABM4TPU1	0	unassigned	suzukii	D. suzukii
A0ABM4TPU8	1	U-01	suzukii	D. suzukii
A0ABM4TPV0	1	U-01	suzukii	D. suzukii
A0ABM4TPV2	0	unassigned	suzukii	D. suzukii
A0ABM4TPV4	1	U-01	suzukii	D. suzukii
A0ABM4TPV5	3	U-03	suzukii	D. suzukii
A0ABM4TPV6	1	U-01	suzukii	D. suzukii
A0ABM4TPV7	1	U-01	suzukii	D. suzukii
A0ABM4TPV8	1	U-01	suzukii	D. suzukii
A0ABM4TPW2	1	U-01	suzukii	D. suzukii
A0ABM4TPW4	2	U-02	suzukii	D. suzukii
A0ABM4TPW6	1	U-01	suzukii	D. suzukii
A0ABM4TPW7	0	unassigned	suzukii	D. suzukii
A0ABM4TPW9	1	U-01	suzukii	D. suzukii
A0ABM4TPX4	1	U-01	suzukii	D. suzukii
A0ABM4TPX5	1	U-01	suzukii	D. suzukii
A0ABM4TPX7	2	U-02	suzukii	D. suzukii
A0ABM4TPY0	0	unassigned	suzukii	D. suzukii
A0ABM4TPY1	1	U-01	suzukii	D. suzukii
A0ABM4TV36	1	U-01	suzukii	D. suzukii
A0ABM4TV37	1	U-01	suzukii	D. suzukii
A0ABM4TV39	0	unassigned	suzukii	D. suzukii
A0ABM4TV41	0	unassigned	suzukii	D. suzukii
A0ABM4TV43	2	U-02	suzukii	D. suzukii
A0ABM4TV44	1	U-01	suzukii	D. suzukii
A0ABM4TV45	1	U-01	suzukii	D. suzukii
A0ABM4TV46	0	unassigned	suzukii	D. suzukii
A0ABM4TV47	1	U-01	suzukii	D. suzukii
A0ABM4TV49	1	U-01	suzukii	D. suzukii
A0ABM4TV51	2	U-02	suzukii	D. suzukii
A0ABM4TV53	0	unassigned	suzukii	D. suzukii
A0ABM4TV54	1	U-01	suzukii	D. suzukii
A0ABM4TV56	1	U-01	suzukii	D. suzukii
A0ABM4TV57	0	unassigned	suzukii	D. suzukii
A0ABM4TV59	1	U-01	suzukii	D. suzukii
A0ABM4TV60	3	U-03	suzukii	D. suzukii
A0ABM4TV61	1	U-01	suzukii	D. suzukii
A0ABM4TV63	1	U-01	suzukii	D. suzukii
A0ABM4TV68	1	U-01	suzukii	D. suzukii
A0ABM4TV69	0	unassigned	suzukii	D. suzukii
A0ABM4TV76	1	U-01	suzukii	D. suzukii
A0ABM4TV77	1	U-01	suzukii	D. suzukii
A0ABM4TV81	1	U-01	suzukii	D. suzukii
A0ABM4TV82	1	U-01	suzukii	D. suzukii
A0ABM4TV84	1	U-01	suzukii	D. suzukii
A0ABM4TV86	1	U-01	suzukii	D. suzukii
A0ABM4TV87	1	U-01	suzukii	D. suzukii
A0ABM4TV88	0	unassigned	suzukii	D. suzukii
A0ABM4TV90	1	U-01	suzukii	D. suzukii
A0ABM4TV91	1	U-01	suzukii	D. suzukii
A0ABM4TV93	1	U-01	suzukii	D. suzukii
A0ABM4TV94	1	U-01	suzukii	D. suzukii
A0ABM4TV96	1	U-01	suzukii	D. suzukii
A0ABM4TV99	1	U-01	suzukii	D. suzukii
A0ABM4TVA3	1	U-01	suzukii	D. suzukii
A0ABM4TVA6	1	U-01	suzukii	D. suzukii
A0ABM4TVB0	1	U-01	suzukii	D. suzukii
A0ABM4TVB6	2	U-02	suzukii	D. suzukii
A0ABM4TVB8	1	U-01	suzukii	D. suzukii
A0ABM4TVB9	1	U-01	suzukii	D. suzukii
A0ABM4TVC9	0	unassigned	suzukii	D. suzukii
A0ABM4TVD2	1	U-01	suzukii	D. suzukii
A0ABM4TVD4	1	U-01	suzukii	D. suzukii
A0ABM4TVE2	3	U-03	suzukii	D. suzukii
A0ABM4TVE3	1	U-01	suzukii	D. suzukii
A0ABM4TVF0	1	U-01	suzukii	D. suzukii
A0ABM4TVF2	2	U-02	suzukii	D. suzukii
A0ABM4TVG1	1	U-01	suzukii	D. suzukii
A0ABM4TVG8	1	U-01	suzukii	D. suzukii
A0ABM4TVH4	1	U-01	suzukii	D. suzukii
A0ABM4TVH6	1	U-01	suzukii	D. suzukii
A0ABM4TVH7	1	U-01	suzukii	D. suzukii
A0ABM4TVI5	1	U-01	suzukii	D. suzukii
A0ABM4TVI6	0	unassigned	suzukii	D. suzukii
A0ABM4TVI7	1	U-01	suzukii	D. suzukii
A0ABM4TVI9	1	U-01	suzukii	D. suzukii
A0ABM4TVJ0	0	unassigned	suzukii	D. suzukii
A0ABM4TVJ1	0	unassigned	suzukii	D. suzukii
A0ABM4TVJ2	0	unassigned	suzukii	D. suzukii
A0ABM4TVJ7	1	U-01	suzukii	D. suzukii
A0ABM4TVJ8	1	U-01	suzukii	D. suzukii
A0ABM4TVJ9	0	unassigned	suzukii	D. suzukii
A0ABM4TVK2	0	unassigned	suzukii	D. suzukii
A0ABM4TVK3	1	U-01	suzukii	D. suzukii
A0ABM4TVK5	0	unassigned	suzukii	D. suzukii
A0ABM4TVK6	1	U-01	suzukii	D. suzukii
A0ABM4TVK8	0	unassigned	suzukii	D. suzukii
A0ABM4TVK9	0	unassigned	suzukii	D. suzukii
A0ABM4TVL1	0	unassigned	suzukii	D. suzukii
A0ABM4TVL2	0	unassigned	suzukii	D. suzukii
A0ABM4TVL3	1	U-01	suzukii	D. suzukii
A0ABM4TVL4	1	U-01	suzukii	D. suzukii
A0ABM4TVL5	1	U-01	suzukii	D. suzukii
A0ABM4TVL6	0	unassigned	suzukii	D. suzukii
A0ABM4TVL8	0	unassigned	suzukii	D. suzukii
A0ABM4TVL9	0	unassigned	suzukii	D. suzukii
A0AB39ZP84	3	U-03	suzukii	D. suzukii
A0AB39ZP86	3	U-03	suzukii	D. suzukii
A0AB39ZP87	1	U-01	suzukii	D. suzukii
A0AB39ZP89	1	U-01	suzukii	D. suzukii
A0AB39ZP90	1	U-01	suzukii	D. suzukii
A0AB39ZP96	3	U-03	suzukii	D. suzukii
A0AB39ZP97	2	U-02	suzukii	D. suzukii
A0AB39ZP98	1	U-01	suzukii	D. suzukii
A0AB39ZPA4	0	unassigned	suzukii	D. suzukii
A0AB39ZPA7	0	unassigned	suzukii	D. suzukii
A0AB39ZPA8	2	U-02	suzukii	D. suzukii
A0AB39ZUH0	1	U-01	suzukii	D. suzukii
A0AB39ZUH1	1	U-01	suzukii	D. suzukii
A0AB39ZUH4	1	U-01	suzukii	D. suzukii
A0AB39ZUH8	1	U-01	suzukii	D. suzukii
A0AB39ZUI3	2	U-02	suzukii	D. suzukii
A0AB39ZUI4	2	U-02	suzukii	D. suzukii
A0AB39ZUI6	1	U-01	suzukii	D. suzukii
A0AB39ZUJ0	0	unassigned	suzukii	D. suzukii
A0AB39ZUJ2	0	unassigned	suzukii	D. suzukii
A0AB39ZUK7	2	U-02	suzukii	D. suzukii
A0AB39ZUK9	3	U-03	suzukii	D. suzukii
A0AB39ZUL3	1	U-01	suzukii	D. suzukii
A0AB39ZUM1	1	U-01	suzukii	D. suzukii
A0AB39ZUM2	3	U-03	suzukii	D. suzukii
A0AB39ZUM3	1	U-01	suzukii	D. suzukii
A0AB39ZUM5	1	U-01	suzukii	D. suzukii
A0AB39ZUM9	1	U-01	suzukii	D. suzukii
A0AB39ZUN3	1	U-01	suzukii	D. suzukii
A0AB39ZUN5	1	U-01	suzukii	D. suzukii
A0AB39ZUN7	1	U-01	suzukii	D. suzukii
A0AB39ZUN8	2	U-02	suzukii	D. suzukii
A0AB39ZUP4	1	U-01	suzukii	D. suzukii
A0AB39ZUQ1	3	U-03	suzukii	D. suzukii
A0AB39ZUQ7	3	U-03	suzukii	D. suzukii
A0AB39ZUR0	1	U-01	suzukii	D. suzukii
A0AB39ZUR2	1	U-01	suzukii	D. suzukii
A0AB39ZUS1	1	U-01	suzukii	D. suzukii
A0AB39ZUS2	1	U-01	suzukii	D. suzukii
A0AB39ZUS6	1	U-01	suzukii	D. suzukii
A0AB39ZUS7	2	U-02	suzukii	D. suzukii
A0AB39ZUS8	1	U-01	suzukii	D. suzukii
A0AB39ZUT0	1	U-01	suzukii	D. suzukii
A0AB39ZUT7	1	U-01	suzukii	D. suzukii
A0AB39ZUT8	1	U-01	suzukii	D. suzukii
A0AB39ZUU0	1	U-01	suzukii	D. suzukii
A0AB39ZUU6	1	U-01	suzukii	D. suzukii
A0AB39ZUU7	1	U-01	suzukii	D. suzukii
A0AB39ZUV0	1	U-01	suzukii	D. suzukii
A0AB39ZUV4	1	U-01	suzukii	D. suzukii
A0AB39ZUW3	1	U-01	suzukii	D. suzukii
A0AB39ZUW4	1	U-01	suzukii	D. suzukii
A0AB39ZUW5	2	U-02	suzukii	D. suzukii
A0AB39ZUW7	1	U-01	suzukii	D. suzukii
A0AB39ZUX1	2	U-02	suzukii	D. suzukii
A0AB39ZUX5	1	U-01	suzukii	D. suzukii
A0AB39ZUZ1	0	unassigned	suzukii	D. suzukii
A0AB39ZUZ3	1	U-01	suzukii	D. suzukii
A0AB39ZV00	1	U-01	suzukii	D. suzukii
A0AB39ZV06	2	U-02	suzukii	D. suzukii
A0AB39ZV08	1	U-01	suzukii	D. suzukii
A0AB39ZV18	1	U-01	suzukii	D. suzukii
A0AB39ZV23	1	U-01	suzukii	D. suzukii
A0AB39ZV31	2	U-02	suzukii	D. suzukii
A0AB39ZV33	1	U-01	suzukii	D. suzukii
A0AB39ZV34	1	U-01	suzukii	D. suzukii
A0AB39ZV35	1	U-01	suzukii	D. suzukii
A0AB39ZV38	1	U-01	suzukii	D. suzukii
A0AB39ZV41	1	U-01	suzukii	D. suzukii
A0AB39ZV49	1	U-01	suzukii	D. suzukii
A0AB39ZV51	2	U-02	suzukii	D. suzukii
A0AB39ZV62	1	U-01	suzukii	D. suzukii
A0AB39ZV65	1	U-01	suzukii	D. suzukii
A0AB39ZV68	1	U-01	suzukii	D. suzukii
A0AB39ZV73	1	U-01	suzukii	D. suzukii
A0AB39ZV74	1	U-01	suzukii	D. suzukii
A0AB39ZV75	3	U-03	suzukii	D. suzukii
A0AB39ZV76	1	U-01	suzukii	D. suzukii
A0AB39ZV80	1	U-01	suzukii	D. suzukii
A0AB39ZV90	0	unassigned	suzukii	D. suzukii
A0AB39ZV98	1	U-01	suzukii	D. suzukii
A0AB39ZV99	1	U-01	suzukii	D. suzukii
A0AB39ZVA0	1	U-01	suzukii	D. suzukii
A0AB39ZVA3	1	U-01	suzukii	D. suzukii
A0AB39ZVA9	1	U-01	suzukii	D. suzukii
A0AB39ZVB0	0	unassigned	suzukii	D. suzukii
A0AB39ZVB3	2	U-02	suzukii	D. suzukii
A0AB39ZVC2	3	U-03	suzukii	D. suzukii
A0AB39ZVC3	1	U-01	suzukii	D. suzukii
A0AB39ZVC4	1	U-01	suzukii	D. suzukii
A0AB39ZVC5	0	unassigned	suzukii	D. suzukii
A0AB39ZVC7	1	U-01	suzukii	D. suzukii
A0AB39ZVD0	1	U-01	suzukii	D. suzukii
A0AB39ZVD2	1	U-01	suzukii	D. suzukii
A0AB39ZVD6	1	U-01	suzukii	D. suzukii
A0AB39ZVF0	1	U-01	suzukii	D. suzukii
A0AB39ZVF3	2	U-02	suzukii	D. suzukii
A0AB39ZVG9	1	U-01	suzukii	D. suzukii
A0AB39ZVH3	2	U-02	suzukii	D. suzukii
A0AB39ZVH4	0	unassigned	suzukii	D. suzukii
A0ABM4TZZ7	0	unassigned	suzukii	D. suzukii
A0ABM4U003	1	U-01	suzukii	D. suzukii
A0ABM4U012	1	U-01	suzukii	D. suzukii
A0ABM4U014	1	U-01	suzukii	D. suzukii
A0ABM4U032	1	U-01	suzukii	D. suzukii
A0ABM4U034	1	U-01	suzukii	D. suzukii
A0ABM4U038	3	U-03	suzukii	D. suzukii
A0ABM4U045	3	U-03	suzukii	D. suzukii
A0ABM4U048	0	unassigned	suzukii	D. suzukii
A0ABM4U051	3	U-03	suzukii	D. suzukii
A0ABM4U052	3	U-03	suzukii	D. suzukii
A0ABM4U053	3	U-03	suzukii	D. suzukii
A0ABM4U054	3	U-03	suzukii	D. suzukii
A0ABM4U062	3	U-03	suzukii	D. suzukii
A0ABM4U072	3	U-03	suzukii	D. suzukii
A0ABM4U074	3	U-03	suzukii	D. suzukii
A0ABM4U078	3	U-03	suzukii	D. suzukii
A0ABM4U079	3	U-03	suzukii	D. suzukii
A0ABM4U080	0	unassigned	suzukii	D. suzukii
A0ABM4U087	2	U-02	suzukii	D. suzukii
A0ABM4U089	3	U-03	suzukii	D. suzukii
A0ABM4U092	2	U-02	suzukii	D. suzukii
A0ABM4U0A5	1	U-01	suzukii	D. suzukii
A0ABM4U0A7	1	U-01	suzukii	D. suzukii
A0ABM4U0B2	2	U-02	suzukii	D. suzukii
A0ABM4U0B4	2	U-02	suzukii	D. suzukii
A0ABM4U0B7	2	U-02	suzukii	D. suzukii
A0ABM4U0B8	0	unassigned	suzukii	D. suzukii
A0ABM4U0C0	2	U-02	suzukii	D. suzukii
A0ABM4U0C3	0	unassigned	suzukii	D. suzukii
A0ABM4U0C4	0	unassigned	suzukii	D. suzukii
A0ABM4U0C8	0	unassigned	suzukii	D. suzukii
A0ABM4U0C9	0	unassigned	suzukii	D. suzukii
A0ABM4U0D0	2	U-02	suzukii	D. suzukii
A0ABM4U0D1	0	unassigned	suzukii	D. suzukii
A0ABM4U0D2	2	U-02	suzukii	D. suzukii
A0ABM4U0D3	0	unassigned	suzukii	D. suzukii
A0ABM4U0D5	0	unassigned	suzukii	D. suzukii
A0ABM4U0D6	1	U-01	suzukii	D. suzukii
A0ABM4U0D7	0	unassigned	suzukii	D. suzukii
A0ABM4U0D8	0	unassigned	suzukii	D. suzukii
A0ABM4U0D9	1	U-01	suzukii	D. suzukii
A0ABM4U0E0	0	unassigned	suzukii	D. suzukii
A0ABM4U0E1	0	unassigned	suzukii	D. suzukii
A0ABM4U0E2	1	U-01	suzukii	D. suzukii
A0ABM4U0E3	0	unassigned	suzukii	D. suzukii
A0ABM4U0E9	0	unassigned	suzukii	D. suzukii
A0ABM4U0F0	0	unassigned	suzukii	D. suzukii
A0ABM4U0F1	0	unassigned	suzukii	D. suzukii
A0ABM4U0F2	0	unassigned	suzukii	D. suzukii
A0ABM4U0F3	0	unassigned	suzukii	D. suzukii
A0ABM4U0F4	0	unassigned	suzukii	D. suzukii
A0ABM4U0F5	0	unassigned	suzukii	D. suzukii
A0ABM4U0F8	0	unassigned	suzukii	D. suzukii
A0ABM4U0F9	0	unassigned	suzukii	D. suzukii
A0ABM4U0H0	0	unassigned	suzukii	D. suzukii
A0ABM5GT40	0	unassigned	suzukii	D. suzukii
A0ABM5GT48	0	unassigned	suzukii	D. suzukii
A0ABM5GT50	0	unassigned	suzukii	D. suzukii
A0ABM5GT53	0	unassigned	suzukii	D. suzukii
A0ABM5GT55	0	unassigned	suzukii	D. suzukii
A0ABM5GT57	0	unassigned	suzukii	D. suzukii
A0AB39YW14	1	U-01	suzukii	D. suzukii
A0AB39YW15	2	U-02	suzukii	D. suzukii
A0AB39YW16	1	U-01	suzukii	D. suzukii
A0AB39YW17	1	U-01	suzukii	D. suzukii
A0AB39YW19	2	U-02	suzukii	D. suzukii
A0AB39YW21	2	U-02	suzukii	D. suzukii
A0AB39YW22	1	U-01	suzukii	D. suzukii
A0AB39YW23	0	unassigned	suzukii	D. suzukii
A0AB39YW25	0	unassigned	suzukii	D. suzukii
A0AB39YW26	1	U-01	suzukii	D. suzukii
A0AB39YW27	0	unassigned	suzukii	D. suzukii
A0AB39YW30	1	U-01	suzukii	D. suzukii
A0AB39YW32	1	U-01	suzukii	D. suzukii
A0AB39YW33	1	U-01	suzukii	D. suzukii
A0AB39YW34	1	U-01	suzukii	D. suzukii
A0AB39YW35	3	U-03	suzukii	D. suzukii
A0AB39YW36	1	U-01	suzukii	D. suzukii
A0AB39YW37	1	U-01	suzukii	D. suzukii
A0AB39YW38	1	U-01	suzukii	D. suzukii
A0AB39YW39	1	U-01	suzukii	D. suzukii
A0AB39YW40	1	U-01	suzukii	D. suzukii
A0AB39YW41	2	U-02	suzukii	D. suzukii
A0AB39YW42	1	U-01	suzukii	D. suzukii
A0AB39YW43	2	U-02	suzukii	D. suzukii
A0AB39YZJ8	1	U-01	suzukii	D. suzukii
A0AB39YZK1	1	U-01	suzukii	D. suzukii
A0AB39YZK3	1	U-01	suzukii	D. suzukii
A0AB39YZK5	1	U-01	suzukii	D. suzukii
A0AB39YZK7	1	U-01	suzukii	D. suzukii
A0AB39YZL0	1	U-01	suzukii	D. suzukii
A0AB39YZL1	0	unassigned	suzukii	D. suzukii
A0AB39YZL2	1	U-01	suzukii	D. suzukii
A0AB39YZL3	1	U-01	suzukii	D. suzukii
A0AB39YZL4	1	U-01	suzukii	D. suzukii
A0AB39YZL7	1	U-01	suzukii	D. suzukii
A0AB39YZM0	1	U-01	suzukii	D. suzukii
A0AB39YZM1	1	U-01	suzukii	D. suzukii
A0AB39YZM2	1	U-01	suzukii	D. suzukii
A0ABM4TYX1	1	U-01	suzukii	D. suzukii
A0ABM4TYX2	0	unassigned	suzukii	D. suzukii
A0ABM4TYX3	0	unassigned	suzukii	D. suzukii
A0ABM4TYX4	1	U-01	suzukii	D. suzukii
A0ABM4TYX7	2	U-02	suzukii	D. suzukii
A0ABM4TYX9	1	U-01	suzukii	D. suzukii
A0ABM4TYY3	0	unassigned	suzukii	D. suzukii
A0ABM4TYY5	0	unassigned	suzukii	D. suzukii
A0ABM4TYY6	0	unassigned	suzukii	D. suzukii
A0ABM4TYY7	0	unassigned	suzukii	D. suzukii
A0ABM4TYY8	1	U-01	suzukii	D. suzukii
A0ABM4TYY9	0	unassigned	suzukii	D. suzukii
A0ABM4TYZ1	1	U-01	suzukii	D. suzukii
A0ABM4TYZ6	1	U-01	suzukii	D. suzukii
A0ABM4TYZ7	0	unassigned	suzukii	D. suzukii
A0ABM4TYZ8	0	unassigned	suzukii	D. suzukii
A0ABM4TYZ9	1	U-01	suzukii	D. suzukii
A0ABM4TZ00	0	unassigned	suzukii	D. suzukii
A0ABM4TZ01	1	U-01	suzukii	D. suzukii
A0ABM4TZ03	1	U-01	suzukii	D. suzukii
A0ABM4TZ04	0	unassigned	suzukii	D. suzukii
A0ABM4TZ07	1	U-01	suzukii	D. suzukii
A0ABM4TZ08	1	U-01	suzukii	D. suzukii
A0ABM4TZ09	1	U-01	suzukii	D. suzukii
A0ABM4TZ10	0	unassigned	suzukii	D. suzukii
A0ABM4TZ14	1	U-01	suzukii	D. suzukii
A0ABM4TZ15	1	U-01	suzukii	D. suzukii
A0AB40D4V8	0	unassigned	suzukii	D. suzukii
A0AB40D4W3	0	unassigned	suzukii	D. suzukii
A0AB40D4X3	1	U-01	suzukii	D. suzukii
A0AB40D4X8	0	unassigned	suzukii	D. suzukii
A0AB40D503	1	U-01	suzukii	D. suzukii
A0AB40D561	0	unassigned	suzukii	D. suzukii
A0AB40D5A7	0	unassigned	suzukii	D. suzukii
A0AB40D5E2	1	U-01	suzukii	D. suzukii
A0AB40D5P8	0	unassigned	suzukii	D. suzukii
A0AB40D5R2	1	U-01	suzukii	D. suzukii
A0AB40D5V3	0	unassigned	suzukii	D. suzukii
A0AB40D689	1	U-01	suzukii	D. suzukii
A0AB40D6B3	2	U-02	suzukii	D. suzukii
A0AB40D6C8	1	U-01	suzukii	D. suzukii
A0AB40D6F0	1	U-01	suzukii	D. suzukii
A0AB40D6F4	1	U-01	suzukii	D. suzukii
A0AB40D6H3	1	U-01	suzukii	D. suzukii
A0AB40D6K9	0	unassigned	suzukii	D. suzukii
A0AB40D6W8	0	unassigned	suzukii	D. suzukii
A0AB40D706	1	U-01	suzukii	D. suzukii
A0AB40D711	1	U-01	suzukii	D. suzukii
A0AB40D738	1	U-01	suzukii	D. suzukii
A0AB40D751	1	U-01	suzukii	D. suzukii
A0AB40D7D1	0	unassigned	suzukii	D. suzukii
A0AB40D7D7	0	unassigned	suzukii	D. suzukii
A0AB40D7K9	2	U-02	suzukii	D. suzukii
A0AB40D7L0	1	U-01	suzukii	D. suzukii
A0AB40D7Q8	1	U-01	suzukii	D. suzukii
A0AB40D7V5	0	unassigned	suzukii	D. suzukii
A0AB40D849	0	unassigned	suzukii	D. suzukii
A0AB40D854	1	U-01	suzukii	D. suzukii
A0AB40D8A6	0	unassigned	suzukii	D. suzukii
A0AB40D8C0	1	U-01	suzukii	D. suzukii
A0AB40D8C3	0	unassigned	suzukii	D. suzukii
A0AB40D8J0	1	U-01	suzukii	D. suzukii
A0AB40D8L0	1	U-01	suzukii	D. suzukii
A0AB40D8R6	3	U-03	suzukii	D. suzukii
A0AB40D8U9	0	unassigned	suzukii	D. suzukii
A0AB40D8X0	1	U-01	suzukii	D. suzukii
A0AB40D8Y0	1	U-01	suzukii	D. suzukii
A0AB40D8Z9	1	U-01	suzukii	D. suzukii
A0AB40D907	2	U-02	suzukii	D. suzukii
A0AB40D909	0	unassigned	suzukii	D. suzukii
A0AB40D942	1	U-01	suzukii	D. suzukii
A0AB40D9A3	0	unassigned	suzukii	D. suzukii
A0AB40D9B3	2	U-02	suzukii	D. suzukii
A0AB40D9D9	0	unassigned	suzukii	D. suzukii
A0AB40D9E2	0	unassigned	suzukii	D. suzukii
A0AB40D9H5	1	U-01	suzukii	D. suzukii
A0AB40D9I4	0	unassigned	suzukii	D. suzukii
A0AB40D9M3	1	U-01	suzukii	D. suzukii
A0AB40D9M8	2	U-02	suzukii	D. suzukii
A0AB40D9N4	0	unassigned	suzukii	D. suzukii
A0AB40D9S4	1	U-01	suzukii	D. suzukii
A0AB40D9V8	2	U-02	suzukii	D. suzukii
A0AB40D9X9	1	U-01	suzukii	D. suzukii
A0AB40DA05	1	U-01	suzukii	D. suzukii
A0AB40DA14	0	unassigned	suzukii	D. suzukii
A0AB40DA44	0	unassigned	suzukii	D. suzukii
A0AB40DA54	1	U-01	suzukii	D. suzukii
A0AB40DA57	1	U-01	suzukii	D. suzukii
A0AB40DA89	1	U-01	suzukii	D. suzukii
A0AB40DA93	0	unassigned	suzukii	D. suzukii
A0AB40DA96	1	U-01	suzukii	D. suzukii
A0AB40DAB2	0	unassigned	suzukii	D. suzukii
A0AB40DAB4	0	unassigned	suzukii	D. suzukii
A0AB40DAC5	0	unassigned	suzukii	D. suzukii
A0AB40DAF4	0	unassigned	suzukii	D. suzukii
A0AB40DAG4	0	unassigned	suzukii	D. suzukii
A0AB40DAI4	1	U-01	suzukii	D. suzukii
A0AB40DAI9	0	unassigned	suzukii	D. suzukii
A0AB40DAK6	1	U-01	suzukii	D. suzukii
A0AB40DAL8	2	U-02	suzukii	D. suzukii
A0AB39Z1A8	1	U-01	suzukii	D. suzukii
A0AB39Z5Y2	1	U-01	suzukii	D. suzukii
A0AB39Z5Y3	1	U-01	suzukii	D. suzukii
A0AB39Z5Y6	1	U-01	suzukii	D. suzukii
A0AB39Z5Z0	1	U-01	suzukii	D. suzukii
A0AB39Z5Z3	1	U-01	suzukii	D. suzukii
A0AB39Z5Z4	1	U-01	suzukii	D. suzukii
A0AB39Z5Z7	1	U-01	suzukii	D. suzukii
A0AB39Z5Z9	2	U-02	suzukii	D. suzukii
A0AB39Z600	0	unassigned	suzukii	D. suzukii
A0AB39Z601	0	unassigned	suzukii	D. suzukii
A0AB39Z602	1	U-01	suzukii	D. suzukii
A0AB39Z604	1	U-01	suzukii	D. suzukii
A0AB39Z605	1	U-01	suzukii	D. suzukii
A0AB39Z606	0	unassigned	suzukii	D. suzukii
A0AB39Z607	0	unassigned	suzukii	D. suzukii
A0AB39Z608	1	U-01	suzukii	D. suzukii
A0AB39Z610	1	U-01	suzukii	D. suzukii
A0AB39Z614	1	U-01	suzukii	D. suzukii
A0AB39Z619	1	U-01	suzukii	D. suzukii
A0AB39Z620	1	U-01	suzukii	D. suzukii
A0AB39Z621	1	U-01	suzukii	D. suzukii
A0AB39Z622	1	U-01	suzukii	D. suzukii
A0AB39Z624	0	unassigned	suzukii	D. suzukii
A0AB39Z629	1	U-01	suzukii	D. suzukii
A0AB39Z634	1	U-01	suzukii	D. suzukii
A0AB39Z635	1	U-01	suzukii	D. suzukii
A0AB39Z638	2	U-02	suzukii	D. suzukii
A0AB39Z641	1	U-01	suzukii	D. suzukii
A0AB39Z642	3	U-03	suzukii	D. suzukii
A0AB39Z645	1	U-01	suzukii	D. suzukii
A0AB39Z648	1	U-01	suzukii	D. suzukii
A0AB39Z652	1	U-01	suzukii	D. suzukii
A0AB39Z653	1	U-01	suzukii	D. suzukii
A0AB39Z656	1	U-01	suzukii	D. suzukii
A0AB39Z657	1	U-01	suzukii	D. suzukii
A0AB39Z660	2	U-02	suzukii	D. suzukii
A0AB39Z662	1	U-01	suzukii	D. suzukii
A0AB39Z663	1	U-01	suzukii	D. suzukii
A0AB39Z667	1	U-01	suzukii	D. suzukii
A0AB39Z669	1	U-01	suzukii	D. suzukii
A0AB39Z671	1	U-01	suzukii	D. suzukii
A0AB39Z672	3	U-03	suzukii	D. suzukii
A0AB39Z674	1	U-01	suzukii	D. suzukii
A0AB39Z675	0	unassigned	suzukii	D. suzukii
A0AB39Z676	1	U-01	suzukii	D. suzukii
A0AB39Z677	0	unassigned	suzukii	D. suzukii
A0AB39Z680	1	U-01	suzukii	D. suzukii
A0AB39Z683	1	U-01	suzukii	D. suzukii
A0AB39Z684	1	U-01	suzukii	D. suzukii
A0AB39Z685	1	U-01	suzukii	D. suzukii
A0AB39Z687	1	U-01	suzukii	D. suzukii
A0AB39Z690	1	U-01	suzukii	D. suzukii
A0AB39Z692	3	U-03	suzukii	D. suzukii
A0AB39Z693	1	U-01	suzukii	D. suzukii
A0AB39Z696	1	U-01	suzukii	D. suzukii
A0AB39Z697	1	U-01	suzukii	D. suzukii
A0AB39Z698	1	U-01	suzukii	D. suzukii
A0AB39Z6A1	1	U-01	suzukii	D. suzukii
A0AB39Z6A4	1	U-01	suzukii	D. suzukii
A0AB39Z6A8	1	U-01	suzukii	D. suzukii
A0AB39Z6A9	1	U-01	suzukii	D. suzukii
A0AB39Z6B0	3	U-03	suzukii	D. suzukii
A0AB39Z6B2	1	U-01	suzukii	D. suzukii
A0AB39Z6B3	1	U-01	suzukii	D. suzukii
A0AB39Z6B6	3	U-03	suzukii	D. suzukii
A0AB39Z6B8	3	U-03	suzukii	D. suzukii
A0AB39Z6B9	1	U-01	suzukii	D. suzukii
A0AB39Z6C1	1	U-01	suzukii	D. suzukii
A0AB39Z6C4	1	U-01	suzukii	D. suzukii
A0AB39Z6C7	0	unassigned	suzukii	D. suzukii
A0AB39Z6D4	1	U-01	suzukii	D. suzukii
A0AB39Z6D5	1	U-01	suzukii	D. suzukii
A0AB39Z6D7	1	U-01	suzukii	D. suzukii
A0AB39Z6D9	1	U-01	suzukii	D. suzukii
A0AB39Z6E3	0	unassigned	suzukii	D. suzukii
A0AB39Z6E4	0	unassigned	suzukii	D. suzukii
A0AB39Z6E5	1	U-01	suzukii	D. suzukii
A0AB39Z6E7	1	U-01	suzukii	D. suzukii
A0AB39Z6F0	1	U-01	suzukii	D. suzukii
A0AB39Z6F1	1	U-01	suzukii	D. suzukii
A0AB39Z6F3	1	U-01	suzukii	D. suzukii
A0AB39Z6F4	1	U-01	suzukii	D. suzukii
A0AB39Z6F6	1	U-01	suzukii	D. suzukii
A0AB39Z6F8	2	U-02	suzukii	D. suzukii
A0AB39Z6G2	1	U-01	suzukii	D. suzukii
A0AB39Z6G3	1	U-01	suzukii	D. suzukii
A0AB39Z6G4	1	U-01	suzukii	D. suzukii
A0AB39Z6G5	1	U-01	suzukii	D. suzukii
A0AB39Z6G7	1	U-01	suzukii	D. suzukii
A0AB39Z6H2	3	U-03	suzukii	D. suzukii
A0AB39Z6H5	1	U-01	suzukii	D. suzukii
A0AB39Z6H6	1	U-01	suzukii	D. suzukii
A0AB39Z6H8	0	unassigned	suzukii	D. suzukii
A0AB39Z6H9	1	U-01	suzukii	D. suzukii
A0AB39Z6I0	1	U-01	suzukii	D. suzukii
A0AB39Z6I6	3	U-03	suzukii	D. suzukii
A0AB39ZD19	1	U-01	suzukii	D. suzukii
A0AB39ZD21	1	U-01	suzukii	D. suzukii
A0AB39ZD23	1	U-01	suzukii	D. suzukii
A0AB40DB52	1	U-01	suzukii	D. suzukii
A0AB40DB53	1	U-01	suzukii	D. suzukii
A0AB40DB54	1	U-01	suzukii	D. suzukii
A0AB40DB55	0	unassigned	suzukii	D. suzukii
A0AB40DB58	1	U-01	suzukii	D. suzukii
A0AB40DB60	0	unassigned	suzukii	D. suzukii
A0AB40DB63	1	U-01	suzukii	D. suzukii
A0AB40DB65	1	U-01	suzukii	D. suzukii
A0AB40DB69	0	unassigned	suzukii	D. suzukii
A0AB40DB71	1	U-01	suzukii	D. suzukii
A0AB40DB74	0	unassigned	suzukii	D. suzukii
A0AB40DB75	1	U-01	suzukii	D. suzukii
A0AB40DB83	0	unassigned	suzukii	D. suzukii
A0AB40DB85	1	U-01	suzukii	D. suzukii
A0AB40DB86	1	U-01	suzukii	D. suzukii
A0AB40DB88	2	U-02	suzukii	D. suzukii
A0AB40DB89	1	U-01	suzukii	D. suzukii
A0AB40DB99	1	U-01	suzukii	D. suzukii
A0AB40DBA1	1	U-01	suzukii	D. suzukii
A0AB40DBA4	1	U-01	suzukii	D. suzukii
A0AB40DBA8	0	unassigned	suzukii	D. suzukii
A0AB40DBB0	1	U-01	suzukii	D. suzukii
A0AB40DBB3	1	U-01	suzukii	D. suzukii
A0AB40DBB4	1	U-01	suzukii	D. suzukii
A0AB40DBB5	1	U-01	suzukii	D. suzukii
A0AB40DBB9	2	U-02	suzukii	D. suzukii
A0AB40DBC3	1	U-01	suzukii	D. suzukii
A0AB40DBC7	1	U-01	suzukii	D. suzukii
A0AB40DBD4	1	U-01	suzukii	D. suzukii
A0AB40DBD6	1	U-01	suzukii	D. suzukii
A0AB40DBD9	1	U-01	suzukii	D. suzukii
A0AB40DBE6	0	unassigned	suzukii	D. suzukii
A0AB40DBE7	0	unassigned	suzukii	D. suzukii
A0AB40DBE9	1	U-01	suzukii	D. suzukii
A0AB40DBF1	1	U-01	suzukii	D. suzukii
A0AB40DBF3	2	U-02	suzukii	D. suzukii
A0AB40DBF7	1	U-01	suzukii	D. suzukii
A0AB40DBF9	1	U-01	suzukii	D. suzukii
A0AB40DBG9	1	U-01	suzukii	D. suzukii
A0AB40DBH3	1	U-01	suzukii	D. suzukii
A0AB40DBI1	1	U-01	suzukii	D. suzukii
A0AB40DBI5	0	unassigned	suzukii	D. suzukii
A0AB40DBI9	1	U-01	suzukii	D. suzukii
A0AB40DBJ0	1	U-01	suzukii	D. suzukii
A0AB40DBJ5	1	U-01	suzukii	D. suzukii
A0AB40DBJ7	1	U-01	suzukii	D. suzukii
A0AB40DBJ8	1	U-01	suzukii	D. suzukii
A0AB40DBK1	3	U-03	suzukii	D. suzukii
A0AB40DBK5	1	U-01	suzukii	D. suzukii
A0AB40DBK7	1	U-01	suzukii	D. suzukii
A0AB40DBL1	1	U-01	suzukii	D. suzukii
A0AB40DBL6	1	U-01	suzukii	D. suzukii
A0AB40DBM3	2	U-02	suzukii	D. suzukii
A0AB40DBM5	0	unassigned	suzukii	D. suzukii
A0AB40DBM7	1	U-01	suzukii	D. suzukii
A0AB40DBN2	0	unassigned	suzukii	D. suzukii
A0AB40DBN4	0	unassigned	suzukii	D. suzukii
A0AB40DBN5	1	U-01	suzukii	D. suzukii
A0AB40DBN6	2	U-02	suzukii	D. suzukii
A0AB40DBQ0	1	U-01	suzukii	D. suzukii
A0AB40DBQ1	1	U-01	suzukii	D. suzukii
A0AB40DBQ3	1	U-01	suzukii	D. suzukii
A0AB40DBR1	1	U-01	suzukii	D. suzukii
A0AB40DBR6	2	U-02	suzukii	D. suzukii
A0AB40DBS2	0	unassigned	suzukii	D. suzukii
A0AB40DBS4	0	unassigned	suzukii	D. suzukii
A0AB40DBS5	0	unassigned	suzukii	D. suzukii
A0AB40DBT4	1	U-01	suzukii	D. suzukii
A0AB40DBT7	0	unassigned	suzukii	D. suzukii
A0AB40DBT8	2	U-02	suzukii	D. suzukii
A0AB40DBU0	1	U-01	suzukii	D. suzukii
A0AB40DBU3	1	U-01	suzukii	D. suzukii
A0AB40DBU4	1	U-01	suzukii	D. suzukii
A0AB40DBU6	2	U-02	suzukii	D. suzukii
A0AB40DBV5	0	unassigned	suzukii	D. suzukii
A0AB40DBV6	1	U-01	suzukii	D. suzukii
A0AB40DBW0	1	U-01	suzukii	D. suzukii
A0AB40DBX0	2	U-02	suzukii	D. suzukii
A0AB40DBX1	1	U-01	suzukii	D. suzukii
A0AB40DBX6	1	U-01	suzukii	D. suzukii
A0AB40DBY2	3	U-03	suzukii	D. suzukii
A0AB40DMF8	1	U-01	suzukii	D. suzukii
A0AB40DMF9	0	unassigned	suzukii	D. suzukii
A0AB40DMG6	1	U-01	suzukii	D. suzukii
A0AB40DMH6	1	U-01	suzukii	D. suzukii
A0AB40DMH9	1	U-01	suzukii	D. suzukii
A0AB40DMI1	2	U-02	suzukii	D. suzukii
A0AB40DMJ4	2	U-02	suzukii	D. suzukii
A0AB40DMJ5	1	U-01	suzukii	D. suzukii
A0AB40DMJ6	3	U-03	suzukii	D. suzukii
A0AB40DMJ8	1	U-01	suzukii	D. suzukii
A0AB40DMK4	2	U-02	suzukii	D. suzukii
A0AB40DML8	1	U-01	suzukii	D. suzukii
A0AB40DML9	1	U-01	suzukii	D. suzukii
A0AB40DMP1	0	unassigned	suzukii	D. suzukii
A0AB40DMP2	1	U-01	suzukii	D. suzukii
A0AB40DMP3	0	unassigned	suzukii	D. suzukii
A0AB40DMQ3	1	U-01	suzukii	D. suzukii
A0AB40DMQ7	1	U-01	suzukii	D. suzukii
A0AB40DMR7	1	U-01	suzukii	D. suzukii
A0AB40A1W7	0	unassigned	suzukii	D. suzukii
A0AB40A1W9	1	U-01	suzukii	D. suzukii
A0AB40A1X0	1	U-01	suzukii	D. suzukii
A0AB40A1X3	2	U-02	suzukii	D. suzukii
A0AB40A1X6	0	unassigned	suzukii	D. suzukii
A0AB40A1X7	2	U-02	suzukii	D. suzukii
A0AB40A1Y0	1	U-01	suzukii	D. suzukii
A0AB40A1Y4	1	U-01	suzukii	D. suzukii
A0AB40A1Y6	1	U-01	suzukii	D. suzukii
A0AB40A1Y9	1	U-01	suzukii	D. suzukii
A0AB40A1Z0	0	unassigned	suzukii	D. suzukii
A0AB40A1Z2	3	U-03	suzukii	D. suzukii
A0AB40A1Z5	1	U-01	suzukii	D. suzukii
A0AB40A1Z9	1	U-01	suzukii	D. suzukii
A0AB40A202	1	U-01	suzukii	D. suzukii
A0AB40A210	1	U-01	suzukii	D. suzukii
A0AB40A211	2	U-02	suzukii	D. suzukii
A0AB40A213	1	U-01	suzukii	D. suzukii
A0AB40A215	0	unassigned	suzukii	D. suzukii
A0AB40A221	1	U-01	suzukii	D. suzukii
A0AB40A223	0	unassigned	suzukii	D. suzukii
A0AB40A225	1	U-01	suzukii	D. suzukii
A0AB40A230	1	U-01	suzukii	D. suzukii
A0AB40A233	2	U-02	suzukii	D. suzukii
A0AB40A235	0	unassigned	suzukii	D. suzukii
A0AB40A236	2	U-02	suzukii	D. suzukii
A0AB40A237	1	U-01	suzukii	D. suzukii
A0AB40A238	0	unassigned	suzukii	D. suzukii
A0AB40A241	1	U-01	suzukii	D. suzukii
A0AB40A248	1	U-01	suzukii	D. suzukii
A0AB40A249	1	U-01	suzukii	D. suzukii
A0AB40A250	0	unassigned	suzukii	D. suzukii
A0AB40A254	1	U-01	suzukii	D. suzukii
A0AB40A256	3	U-03	suzukii	D. suzukii
A0AB40A257	0	unassigned	suzukii	D. suzukii
A0AB40A260	0	unassigned	suzukii	D. suzukii
A0AB40A266	0	unassigned	suzukii	D. suzukii
A0AB40A267	0	unassigned	suzukii	D. suzukii
A0AB40A271	2	U-02	suzukii	D. suzukii
A0AB40A272	1	U-01	suzukii	D. suzukii
A0AB40A274	1	U-01	suzukii	D. suzukii
A0AB40A275	1	U-01	suzukii	D. suzukii
A0AB40A279	1	U-01	suzukii	D. suzukii
A0AB40A280	3	U-03	suzukii	D. suzukii
A0AB40A287	0	unassigned	suzukii	D. suzukii
A0AB40A289	0	unassigned	suzukii	D. suzukii
A0AB40A292	1	U-01	suzukii	D. suzukii
A0AB40A293	1	U-01	suzukii	D. suzukii
A0AB40A295	1	U-01	suzukii	D. suzukii
A0AB40A296	1	U-01	suzukii	D. suzukii
A0AB40A298	1	U-01	suzukii	D. suzukii
A0AB40A2A1	3	U-03	suzukii	D. suzukii
A0AB40A2A4	1	U-01	suzukii	D. suzukii
A0AB40A2A5	0	unassigned	suzukii	D. suzukii
A0AB40A2A7	1	U-01	suzukii	D. suzukii
A0AB40A2B4	1	U-01	suzukii	D. suzukii
A0AB40A2B8	1	U-01	suzukii	D. suzukii
A0AB40A2B9	0	unassigned	suzukii	D. suzukii
A0AB40A2C2	0	unassigned	suzukii	D. suzukii
A0AB40A2C4	1	U-01	suzukii	D. suzukii
A0AB40A2C5	0	unassigned	suzukii	D. suzukii
A0AB40A2C6	0	unassigned	suzukii	D. suzukii
A0AB40A2C7	1	U-01	suzukii	D. suzukii
A0AB40A2D0	0	unassigned	suzukii	D. suzukii
A0AB40A2D1	1	U-01	suzukii	D. suzukii
A0AB40A6L9	0	unassigned	suzukii	D. suzukii
A0AB40A6M0	1	U-01	suzukii	D. suzukii
A0AB40A6M5	0	unassigned	suzukii	D. suzukii
A0AB40A6M6	1	U-01	suzukii	D. suzukii
A0AB40A6M8	1	U-01	suzukii	D. suzukii
A0AB40A6M9	3	U-03	suzukii	D. suzukii
A0AB40A6N0	1	U-01	suzukii	D. suzukii
A0AB40A6N2	2	U-02	suzukii	D. suzukii
A0AB40A6N3	0	unassigned	suzukii	D. suzukii
A0AB40A6N4	0	unassigned	suzukii	D. suzukii
A0AB40A6N6	1	U-01	suzukii	D. suzukii
A0AB40A6P0	0	unassigned	suzukii	D. suzukii
A0AB40A6P1	2	U-02	suzukii	D. suzukii
A0AB40A6P2	0	unassigned	suzukii	D. suzukii
A0AB40A6P5	0	unassigned	suzukii	D. suzukii
A0AB40A6P8	2	U-02	suzukii	D. suzukii
A0AB40A6P9	0	unassigned	suzukii	D. suzukii
A0AB40A6Q0	1	U-01	suzukii	D. suzukii
A0AB40A6Q1	1	U-01	suzukii	D. suzukii
A0AB40A6Q5	0	unassigned	suzukii	D. suzukii
A0AB40A6Q6	1	U-01	suzukii	D. suzukii
A0AB40A6Q7	3	U-03	suzukii	D. suzukii
A0AB40A6Q8	3	U-03	suzukii	D. suzukii
A0AB40A6R0	2	U-02	suzukii	D. suzukii
A0AB40A6R1	1	U-01	suzukii	D. suzukii
A0AB40A6R2	0	unassigned	suzukii	D. suzukii
A0AB40A6R4	3	U-03	suzukii	D. suzukii
A0AB40A6R7	1	U-01	suzukii	D. suzukii
A0AB40A6S3	0	unassigned	suzukii	D. suzukii
A0AB40A6S4	1	U-01	suzukii	D. suzukii
A0AB40A6S8	1	U-01	suzukii	D. suzukii
A0AB40A6S9	1	U-01	suzukii	D. suzukii
A0AB40A6T0	1	U-01	suzukii	D. suzukii
A0AB40A6T3	3	U-03	suzukii	D. suzukii
A0AB40A6T6	2	U-02	suzukii	D. suzukii
A0ABM4TN59	1	U-01	suzukii	D. suzukii
A0ABM4TN60	1	U-01	suzukii	D. suzukii
A0ABM4TN61	1	U-01	suzukii	D. suzukii
A0ABM4TN63	1	U-01	suzukii	D. suzukii
A0ABM4TN64	3	U-03	suzukii	D. suzukii
A0ABM4TN66	2	U-02	suzukii	D. suzukii
A0ABM4TN68	3	U-03	suzukii	D. suzukii
A0ABM4TN71	1	U-01	suzukii	D. suzukii
A0ABM4TN75	1	U-01	suzukii	D. suzukii
A0ABM4TN78	1	U-01	suzukii	D. suzukii
A0ABM4TN79	1	U-01	suzukii	D. suzukii
A0ABM4TN80	2	U-02	suzukii	D. suzukii
A0ABM4TN89	3	U-03	suzukii	D. suzukii
A0ABM4TN90	0	unassigned	suzukii	D. suzukii
A0ABM4TN91	0	unassigned	suzukii	D. suzukii
A0ABM4TN92	0	unassigned	suzukii	D. suzukii
A0ABM4TN93	1	U-01	suzukii	D. suzukii
A0ABM4TN94	0	unassigned	suzukii	D. suzukii
A0ABM4TN95	0	unassigned	suzukii	D. suzukii
A0ABM4TN96	0	unassigned	suzukii	D. suzukii
A0ABM4TN97	0	unassigned	suzukii	D. suzukii
A0ABM4TN99	1	U-01	suzukii	D. suzukii
A0ABM4TNA0	0	unassigned	suzukii	D. suzukii
A0ABM4TNA1	0	unassigned	suzukii	D. suzukii
A0ABM4TNA2	0	unassigned	suzukii	D. suzukii
A0ABM4TNA3	0	unassigned	suzukii	D. suzukii
A0ABM4TNA4	0	unassigned	suzukii	D. suzukii
A0ABM4TNA5	0	unassigned	suzukii	D. suzukii
A0ABM4TNA8	1	U-01	suzukii	D. suzukii
A0ABM4TNB1	0	unassigned	suzukii	D. suzukii
A0ABM4TNB2	0	unassigned	suzukii	D. suzukii
A0ABM4TNB3	0	unassigned	suzukii	D. suzukii
A0ABM4TNB4	1	U-01	suzukii	D. suzukii
A0ABM4TNB5	0	unassigned	suzukii	D. suzukii
A0ABM4TNB6	1	U-01	suzukii	D. suzukii
A0ABM4TNB7	0	unassigned	suzukii	D. suzukii
A0ABM4TNB9	0	unassigned	suzukii	D. suzukii
A0ABM4TNC0	1	U-01	suzukii	D. suzukii
A0ABM4TRU8	1	U-01	suzukii	D. suzukii
A0ABM4TRV0	0	unassigned	suzukii	D. suzukii
A0ABM4TRV2	1	U-01	suzukii	D. suzukii
A0ABM4TRV3	1	U-01	suzukii	D. suzukii
A0ABM4TRV4	0	unassigned	suzukii	D. suzukii
A0ABM4TRV5	0	unassigned	suzukii	D. suzukii
A0ABM4TRV7	1	U-01	suzukii	D. suzukii
A0ABM4TRV8	0	unassigned	suzukii	D. suzukii
A0ABM4TRV9	1	U-01	suzukii	D. suzukii
A0ABM4TRW0	0	unassigned	suzukii	D. suzukii
A0ABM4TRW1	1	U-01	suzukii	D. suzukii
A0ABM4TRW2	0	unassigned	suzukii	D. suzukii
A0ABM4TRW3	0	unassigned	suzukii	D. suzukii
A0ABM4TRW4	0	unassigned	suzukii	D. suzukii
A0ABM4TRW5	1	U-01	suzukii	D. suzukii
A0ABM4TRX0	0	unassigned	suzukii	D. suzukii
A0ABM4TRX1	1	U-01	suzukii	D. suzukii
A0ABM4TRX2	0	unassigned	suzukii	D. suzukii
A0ABM4TRX3	2	U-02	suzukii	D. suzukii
A0ABM4TRX4	1	U-01	suzukii	D. suzukii
A0ABM4TRX5	1	U-01	suzukii	D. suzukii
A0ABM4TRX6	1	U-01	suzukii	D. suzukii
A0ABM4TRX7	1	U-01	suzukii	D. suzukii
A0ABM4TRX8	1	U-01	suzukii	D. suzukii
A0ABM4TRX9	0	unassigned	suzukii	D. suzukii
A0ABM4TRY0	1	U-01	suzukii	D. suzukii
A0ABM4TRY2	2	U-02	suzukii	D. suzukii
A0ABM4TRY5	1	U-01	suzukii	D. suzukii
A0ABM4TRY9	1	U-01	suzukii	D. suzukii
A0ABM4TRZ2	1	U-01	suzukii	D. suzukii
A0ABM4TRZ3	1	U-01	suzukii	D. suzukii
A0ABM4TRZ9	1	U-01	suzukii	D. suzukii
A0ABM4TS00	1	U-01	suzukii	D. suzukii
A0ABM4TS02	0	unassigned	suzukii	D. suzukii
A0ABM4TS03	1	U-01	suzukii	D. suzukii
A0ABM4TS04	1	U-01	suzukii	D. suzukii
A0ABM4TS06	1	U-01	suzukii	D. suzukii
A0ABM4TS08	1	U-01	suzukii	D. suzukii
A0ABM4TS09	2	U-02	suzukii	D. suzukii
A0ABM4TS11	1	U-01	suzukii	D. suzukii
A0ABM4TS13	2	U-02	suzukii	D. suzukii
A0ABM4TS15	0	unassigned	suzukii	D. suzukii
A0ABM4TS17	1	U-01	suzukii	D. suzukii
A0ABM4TS27	1	U-01	suzukii	D. suzukii
A0ABM4TS28	1	U-01	suzukii	D. suzukii
A0ABM4TS30	1	U-01	suzukii	D. suzukii
A0ABM4TS31	1	U-01	suzukii	D. suzukii
A0ABM4TS39	0	unassigned	suzukii	D. suzukii
A0ABM4TS40	1	U-01	suzukii	D. suzukii
A0ABM4TS43	2	U-02	suzukii	D. suzukii
A0ABM4TS47	1	U-01	suzukii	D. suzukii
A0ABM4TS50	0	unassigned	suzukii	D. suzukii
A0ABM4TS54	1	U-01	suzukii	D. suzukii
A0ABM4TS58	1	U-01	suzukii	D. suzukii
A0ABM4TS60	2	U-02	suzukii	D. suzukii
A0ABM4TS61	1	U-01	suzukii	D. suzukii
A0ABM4TS62	2	U-02	suzukii	D. suzukii
A0ABM4TS64	0	unassigned	suzukii	D. suzukii
A0ABM4TS65	0	unassigned	suzukii	D. suzukii
A0ABM4TS66	0	unassigned	suzukii	D. suzukii
A0ABM4TS67	1	U-01	suzukii	D. suzukii
A0ABM4TS69	0	unassigned	suzukii	D. suzukii
A0AB39ZQ19	1	U-01	suzukii	D. suzukii
A0AB39ZQ21	0	unassigned	suzukii	D. suzukii
A0AB39ZQ23	3	U-03	suzukii	D. suzukii
A0AB39ZQ25	1	U-01	suzukii	D. suzukii
A0AB39ZQ30	1	U-01	suzukii	D. suzukii
A0AB39ZQ32	0	unassigned	suzukii	D. suzukii
A0AB39ZQ38	0	unassigned	suzukii	D. suzukii
A0AB39ZQ44	0	unassigned	suzukii	D. suzukii
A0AB39ZQ47	3	U-03	suzukii	D. suzukii
A0AB39ZQ48	1	U-01	suzukii	D. suzukii
A0AB39ZQ49	1	U-01	suzukii	D. suzukii
A0AB39ZQ64	1	U-01	suzukii	D. suzukii
A0AB39ZQ65	1	U-01	suzukii	D. suzukii
A0AB39ZQ71	1	U-01	suzukii	D. suzukii
A0AB39ZQ72	1	U-01	suzukii	D. suzukii
A0AB39ZQ73	0	unassigned	suzukii	D. suzukii
A0AB39ZQ74	3	U-03	suzukii	D. suzukii
A0AB39ZQ76	1	U-01	suzukii	D. suzukii
A0AB39ZQ77	0	unassigned	suzukii	D. suzukii
A0AB39ZQ80	1	U-01	suzukii	D. suzukii
A0AB39ZQ81	3	U-03	suzukii	D. suzukii
A0AB39ZQ85	1	U-01	suzukii	D. suzukii
A0AB39ZQ86	2	U-02	suzukii	D. suzukii
A0AB39ZQ89	0	unassigned	suzukii	D. suzukii
A0AB39ZXT2	1	U-01	suzukii	D. suzukii
A0AB39ZXT3	1	U-01	suzukii	D. suzukii
A0AB39ZXU2	1	U-01	suzukii	D. suzukii
A0AB39ZXU3	1	U-01	suzukii	D. suzukii
A0AB39ZXU7	1	U-01	suzukii	D. suzukii
A0AB39ZXU8	1	U-01	suzukii	D. suzukii
A0AB39ZXV1	2	U-02	suzukii	D. suzukii
A0AB39ZXV2	1	U-01	suzukii	D. suzukii
A0AB39ZXV3	1	U-01	suzukii	D. suzukii
A0AB39ZXV4	1	U-01	suzukii	D. suzukii
A0AB39ZXV7	1	U-01	suzukii	D. suzukii
A0AB39ZXV8	1	U-01	suzukii	D. suzukii
A0AB39ZXV9	1	U-01	suzukii	D. suzukii
A0AB39ZXW1	1	U-01	suzukii	D. suzukii
A0AB39ZXW3	2	U-02	suzukii	D. suzukii
A0AB39ZXW5	1	U-01	suzukii	D. suzukii
A0AB39ZXW7	1	U-01	suzukii	D. suzukii
A0AB39ZXW8	1	U-01	suzukii	D. suzukii
A0AB39ZXX0	1	U-01	suzukii	D. suzukii
A0AB39ZXX8	1	U-01	suzukii	D. suzukii
A0AB39ZXX9	1	U-01	suzukii	D. suzukii
A0AB39ZXY1	1	U-01	suzukii	D. suzukii
A0AB39ZXY2	2	U-02	suzukii	D. suzukii
A0AB39ZXZ0	1	U-01	suzukii	D. suzukii
A0AB39ZXZ6	3	U-03	suzukii	D. suzukii
A0AB39ZXZ8	2	U-02	suzukii	D. suzukii
A0AB39ZXZ9	1	U-01	suzukii	D. suzukii
A0AB39ZY00	1	U-01	suzukii	D. suzukii
A0AB39ZY01	1	U-01	suzukii	D. suzukii
A0AB39ZY03	1	U-01	suzukii	D. suzukii
A0AB39ZY07	1	U-01	suzukii	D. suzukii
A0AB39ZY11	1	U-01	suzukii	D. suzukii
A0AB39ZY16	1	U-01	suzukii	D. suzukii
A0AB39ZY19	1	U-01	suzukii	D. suzukii
A0AB39ZY27	1	U-01	suzukii	D. suzukii
A0AB39ZY28	2	U-02	suzukii	D. suzukii
A0AB39ZY30	1	U-01	suzukii	D. suzukii
A0AB39ZY31	2	U-02	suzukii	D. suzukii
A0AB39ZY33	1	U-01	suzukii	D. suzukii
A0AB39ZY36	1	U-01	suzukii	D. suzukii
A0AB39ZY37	2	U-02	suzukii	D. suzukii
A0AB39ZY39	1	U-01	suzukii	D. suzukii
A0AB39ZY46	1	U-01	suzukii	D. suzukii
A0AB39ZY49	1	U-01	suzukii	D. suzukii
A0AB39ZY50	1	U-01	suzukii	D. suzukii
A0AB39ZY54	1	U-01	suzukii	D. suzukii
A0AB39ZY56	2	U-02	suzukii	D. suzukii
A0AB39ZY60	1	U-01	suzukii	D. suzukii
A0AB39ZY68	1	U-01	suzukii	D. suzukii
A0AB39ZY74	1	U-01	suzukii	D. suzukii
A0AB39ZY76	1	U-01	suzukii	D. suzukii
A0AB39ZY81	1	U-01	suzukii	D. suzukii
A0AB39ZY87	1	U-01	suzukii	D. suzukii
A0AB39ZY95	1	U-01	suzukii	D. suzukii
A0AB39ZYB2	2	U-02	suzukii	D. suzukii
A0AB39ZYB3	1	U-01	suzukii	D. suzukii
A0AB39ZYB4	2	U-02	suzukii	D. suzukii
A0AB39ZYB5	1	U-01	suzukii	D. suzukii
A0AB39ZYB8	1	U-01	suzukii	D. suzukii
A0AB39ZYC1	1	U-01	suzukii	D. suzukii
A0AB39ZYC3	1	U-01	suzukii	D. suzukii
A0AB39ZYC4	0	unassigned	suzukii	D. suzukii
A0AB39ZYC5	1	U-01	suzukii	D. suzukii
A0AB39ZYC9	2	U-02	suzukii	D. suzukii
A0AB39ZYD3	1	U-01	suzukii	D. suzukii
A0AB39ZYD4	1	U-01	suzukii	D. suzukii
A0AB39ZYD5	1	U-01	suzukii	D. suzukii
A0AB39ZYE3	1	U-01	suzukii	D. suzukii
A0AB39ZYE6	2	U-02	suzukii	D. suzukii
A0AB39ZYE7	2	U-02	suzukii	D. suzukii
A0AB39ZYF0	1	U-01	suzukii	D. suzukii
A0AB39ZYF3	1	U-01	suzukii	D. suzukii
A0AB39ZYF5	1	U-01	suzukii	D. suzukii
A0AB39ZYF7	1	U-01	suzukii	D. suzukii
A0AB39ZYF9	1	U-01	suzukii	D. suzukii
A0AB39ZYG6	1	U-01	suzukii	D. suzukii
A0ABM4TXV4	1	U-01	suzukii	D. suzukii
A0ABM4TXV9	0	unassigned	suzukii	D. suzukii
A0ABM4TXW2	0	unassigned	suzukii	D. suzukii
A0AB39Z0P0	1	U-01	suzukii	D. suzukii
A0AB39Z0P2	1	U-01	suzukii	D. suzukii
A0AB39Z0P3	1	U-01	suzukii	D. suzukii
A0AB39Z0P7	1	U-01	suzukii	D. suzukii
A0AB39Z0P8	3	U-03	suzukii	D. suzukii
A0AB39Z0P9	1	U-01	suzukii	D. suzukii
A0AB39Z0Q0	2	U-02	suzukii	D. suzukii
A0AB39Z0Q2	0	unassigned	suzukii	D. suzukii
A0AB39Z0Q4	3	U-03	suzukii	D. suzukii
A0AB39Z0Q5	2	U-02	suzukii	D. suzukii
A0AB39Z0Q6	1	U-01	suzukii	D. suzukii
A0AB39Z0Q7	1	U-01	suzukii	D. suzukii
A0AB39Z0R3	1	U-01	suzukii	D. suzukii
A0AB39Z0R5	1	U-01	suzukii	D. suzukii
A0AB39Z0R6	1	U-01	suzukii	D. suzukii
A0AB39Z0S4	1	U-01	suzukii	D. suzukii
A0AB39Z0S7	1	U-01	suzukii	D. suzukii
A0AB39Z0S9	1	U-01	suzukii	D. suzukii
A0AB39Z0T0	1	U-01	suzukii	D. suzukii
A0AB39Z0T4	1	U-01	suzukii	D. suzukii
A0AB39Z0T5	1	U-01	suzukii	D. suzukii
A0AB39Z0T9	1	U-01	suzukii	D. suzukii
A0AB39Z0U0	1	U-01	suzukii	D. suzukii
A0AB39Z0U3	0	unassigned	suzukii	D. suzukii
A0AB39Z0U4	1	U-01	suzukii	D. suzukii
A0AB39Z0U6	1	U-01	suzukii	D. suzukii
A0AB39Z0U7	1	U-01	suzukii	D. suzukii
A0AB39Z0U8	1	U-01	suzukii	D. suzukii
A0AB39Z0U9	1	U-01	suzukii	D. suzukii
A0AB39Z0V1	1	U-01	suzukii	D. suzukii
A0AB39Z0V2	1	U-01	suzukii	D. suzukii
A0AB39Z0V3	1	U-01	suzukii	D. suzukii
A0AB39Z0V4	1	U-01	suzukii	D. suzukii
A0AB39Z0V6	1	U-01	suzukii	D. suzukii
A0AB39Z0V7	1	U-01	suzukii	D. suzukii
A0AB39Z0V8	1	U-01	suzukii	D. suzukii
A0AB39Z0V9	1	U-01	suzukii	D. suzukii
A0AB39Z0W3	1	U-01	suzukii	D. suzukii
A0AB39Z0W6	0	unassigned	suzukii	D. suzukii
A0AB39Z0W8	1	U-01	suzukii	D. suzukii
A0AB39Z0W9	1	U-01	suzukii	D. suzukii
A0AB39Z0X0	2	U-02	suzukii	D. suzukii
A0AB39Z0X1	1	U-01	suzukii	D. suzukii
A0AB39Z0X4	3	U-03	suzukii	D. suzukii
A0AB39Z0X8	1	U-01	suzukii	D. suzukii
A0AB39Z0X9	2	U-02	suzukii	D. suzukii
A0AB39Z0Y4	3	U-03	suzukii	D. suzukii
A0AB39Z0Z0	1	U-01	suzukii	D. suzukii
A0AB39Z0Z1	2	U-02	suzukii	D. suzukii
A0AB39Z0Z4	1	U-01	suzukii	D. suzukii
A0AB39Z0Z5	0	unassigned	suzukii	D. suzukii
A0AB39Z0Z6	1	U-01	suzukii	D. suzukii
A0AB39Z0Z7	1	U-01	suzukii	D. suzukii
A0AB39Z100	0	unassigned	suzukii	D. suzukii
A0AB39Z102	1	U-01	suzukii	D. suzukii
A0AB39Z104	1	U-01	suzukii	D. suzukii
A0AB39Z105	1	U-01	suzukii	D. suzukii
A0AB39Z107	1	U-01	suzukii	D. suzukii
A0AB39Z108	1	U-01	suzukii	D. suzukii
A0AB39Z110	1	U-01	suzukii	D. suzukii
A0AB39Z111	1	U-01	suzukii	D. suzukii
A0AB39Z112	2	U-02	suzukii	D. suzukii
A0AB39Z116	1	U-01	suzukii	D. suzukii
A0AB39Z119	1	U-01	suzukii	D. suzukii
A0AB39Z121	1	U-01	suzukii	D. suzukii
A0AB39Z123	1	U-01	suzukii	D. suzukii
A0AB39Z126	1	U-01	suzukii	D. suzukii
A0AB39Z127	1	U-01	suzukii	D. suzukii
A0AB39Z128	1	U-01	suzukii	D. suzukii
A0AB39Z137	1	U-01	suzukii	D. suzukii
A0AB39Z138	1	U-01	suzukii	D. suzukii
A0AB39Z140	1	U-01	suzukii	D. suzukii
A0AB39Z147	1	U-01	suzukii	D. suzukii
A0AB39Z148	1	U-01	suzukii	D. suzukii
A0AB39Z150	1	U-01	suzukii	D. suzukii
A0AB39Z153	0	unassigned	suzukii	D. suzukii
A0AB39Z156	1	U-01	suzukii	D. suzukii
A0AB39Z157	3	U-03	suzukii	D. suzukii
A0AB39Z160	1	U-01	suzukii	D. suzukii
A0AB39Z163	0	unassigned	suzukii	D. suzukii
A0AB39Z164	0	unassigned	suzukii	D. suzukii
A0AB39Z171	1	U-01	suzukii	D. suzukii
A0AB39Z176	1	U-01	suzukii	D. suzukii
A0AB39Z177	1	U-01	suzukii	D. suzukii
A0AB39Z181	2	U-02	suzukii	D. suzukii
A0AB39Z184	2	U-02	suzukii	D. suzukii
A0AB39Z188	1	U-01	suzukii	D. suzukii
A0AB39Z190	2	U-02	suzukii	D. suzukii
A0AB39Z191	1	U-01	suzukii	D. suzukii
A0AB39Z193	1	U-01	suzukii	D. suzukii
A0AB39Z194	1	U-01	suzukii	D. suzukii
A0AB39Z196	1	U-01	suzukii	D. suzukii
A0AB39Z198	1	U-01	suzukii	D. suzukii
A0AB39Z199	1	U-01	suzukii	D. suzukii
A0AB39Z1A0	1	U-01	suzukii	D. suzukii
A0AB39Z1A1	1	U-01	suzukii	D. suzukii
A0AB39Z1A7	1	U-01	suzukii	D. suzukii
A0AB40AC65	3	U-03	suzukii	D. suzukii
A0AB40AC73	1	U-01	suzukii	D. suzukii
A0AB40AC75	1	U-01	suzukii	D. suzukii
A0AB40AC76	1	U-01	suzukii	D. suzukii
A0AB40AC77	1	U-01	suzukii	D. suzukii
A0AB40AC78	1	U-01	suzukii	D. suzukii
A0AB40AC80	1	U-01	suzukii	D. suzukii
A0AB40AC85	1	U-01	suzukii	D. suzukii
A0AB40AC89	1	U-01	suzukii	D. suzukii
A0AB40AC91	2	U-02	suzukii	D. suzukii
A0AB40AC93	1	U-01	suzukii	D. suzukii
A0AB40AC95	1	U-01	suzukii	D. suzukii
A0AB40AC96	0	unassigned	suzukii	D. suzukii
A0AB40AC98	0	unassigned	suzukii	D. suzukii
A0AB40ACA5	2	U-02	suzukii	D. suzukii
A0AB40ACA7	1	U-01	suzukii	D. suzukii
A0AB40ACB0	1	U-01	suzukii	D. suzukii
A0AB40ACB2	1	U-01	suzukii	D. suzukii
A0AB40ACB4	1	U-01	suzukii	D. suzukii
A0AB40ACB5	2	U-02	suzukii	D. suzukii
A0AB40ACB7	1	U-01	suzukii	D. suzukii
A0AB40ACC1	0	unassigned	suzukii	D. suzukii
A0AB40ACC4	1	U-01	suzukii	D. suzukii
A0AB40ACC7	1	U-01	suzukii	D. suzukii
A0AB40ACC9	3	U-03	suzukii	D. suzukii
A0AB40ACE1	1	U-01	suzukii	D. suzukii
A0AB40ACE8	0	unassigned	suzukii	D. suzukii
A0AB40ACE9	1	U-01	suzukii	D. suzukii
A0AB40ACF1	1	U-01	suzukii	D. suzukii
A0AB40ACF2	1	U-01	suzukii	D. suzukii
A0AB40ACF4	1	U-01	suzukii	D. suzukii
A0AB40ACF5	1	U-01	suzukii	D. suzukii
A0AB40ACF7	0	unassigned	suzukii	D. suzukii
A0AB40ACG2	1	U-01	suzukii	D. suzukii
A0AB40ACG3	1	U-01	suzukii	D. suzukii
A0AB40ACG5	1	U-01	suzukii	D. suzukii
A0AB40ACG6	1	U-01	suzukii	D. suzukii
A0AB40ACG9	1	U-01	suzukii	D. suzukii
A0AB40ACH0	1	U-01	suzukii	D. suzukii
A0AB40ACH3	1	U-01	suzukii	D. suzukii
A0AB40ACH6	0	unassigned	suzukii	D. suzukii
A0AB40ACI1	0	unassigned	suzukii	D. suzukii
A0AB40ACI3	1	U-01	suzukii	D. suzukii
A0AB40ACI5	1	U-01	suzukii	D. suzukii
A0AB40ACI7	1	U-01	suzukii	D. suzukii
A0AB40ACI8	1	U-01	suzukii	D. suzukii
A0AB40ACI9	1	U-01	suzukii	D. suzukii
A0AB40ACJ0	1	U-01	suzukii	D. suzukii
A0AB40ACJ2	1	U-01	suzukii	D. suzukii
A0AB40ACJ3	0	unassigned	suzukii	D. suzukii
A0AB40ACJ4	1	U-01	suzukii	D. suzukii
A0AB40ACJ5	1	U-01	suzukii	D. suzukii
A0AB40ACJ6	0	unassigned	suzukii	D. suzukii
A0AB40ACJ7	1	U-01	suzukii	D. suzukii
A0AB40ACJ8	2	U-02	suzukii	D. suzukii
A0AB40ACJ9	1	U-01	suzukii	D. suzukii
A0AB40ACK0	1	U-01	suzukii	D. suzukii
A0AB40ACK1	1	U-01	suzukii	D. suzukii
A0AB40ACK5	1	U-01	suzukii	D. suzukii
A0AB40ACK8	2	U-02	suzukii	D. suzukii
A0AB40ACL2	0	unassigned	suzukii	D. suzukii
A0AB40ACL3	3	U-03	suzukii	D. suzukii
A0AB40ACM9	1	U-01	suzukii	D. suzukii
A0AB40ACN2	1	U-01	suzukii	D. suzukii
A0AB40ACN3	1	U-01	suzukii	D. suzukii
A0AB40ACN4	1	U-01	suzukii	D. suzukii
A0AB40ACN5	0	unassigned	suzukii	D. suzukii
A0AB40ACN6	0	unassigned	suzukii	D. suzukii
A0AB40ACN7	1	U-01	suzukii	D. suzukii
A0AB40ACN9	1	U-01	suzukii	D. suzukii
A0AB40ACP3	3	U-03	suzukii	D. suzukii
A0AB40ACP4	1	U-01	suzukii	D. suzukii
A0AB40ACP7	2	U-02	suzukii	D. suzukii
A0AB40ACQ1	1	U-01	suzukii	D. suzukii
A0AB40ACQ4	1	U-01	suzukii	D. suzukii
A0AB40ACQ5	1	U-01	suzukii	D. suzukii
A0AB40ACQ7	1	U-01	suzukii	D. suzukii
A0AB40ACQ8	1	U-01	suzukii	D. suzukii
A0AB40ACR1	3	U-03	suzukii	D. suzukii
A0AB40ACR9	1	U-01	suzukii	D. suzukii
A0AB40ACS0	1	U-01	suzukii	D. suzukii
A0AB40ACS1	1	U-01	suzukii	D. suzukii
A0AB40ACS2	1	U-01	suzukii	D. suzukii
A0AB40ACS3	3	U-03	suzukii	D. suzukii
A0AB40ACS7	0	unassigned	suzukii	D. suzukii
A0AB40DAZ8	1	U-01	suzukii	D. suzukii
A0AB40DAZ9	3	U-03	suzukii	D. suzukii
A0AB40DB00	1	U-01	suzukii	D. suzukii
A0AB40DB07	1	U-01	suzukii	D. suzukii
A0AB40DB09	1	U-01	suzukii	D. suzukii
A0AB40DB14	1	U-01	suzukii	D. suzukii
A0AB40DB18	3	U-03	suzukii	D. suzukii
A0AB40DB21	0	unassigned	suzukii	D. suzukii
A0AB40DB30	1	U-01	suzukii	D. suzukii
A0AB40DB31	1	U-01	suzukii	D. suzukii
A0AB40DB34	0	unassigned	suzukii	D. suzukii
A0AB40DB37	0	unassigned	suzukii	D. suzukii
A0AB40DB38	1	U-01	suzukii	D. suzukii
A0AB40DB46	0	unassigned	suzukii	D. suzukii
A0AB40DB51	0	unassigned	suzukii	D. suzukii
A0AB39ZCS4	1	U-01	suzukii	D. suzukii
A0AB39ZCS6	1	U-01	suzukii	D. suzukii
A0AB39ZCW0	1	U-01	suzukii	D. suzukii
A0AB39ZCY4	1	U-01	suzukii	D. suzukii
A0AB39ZD17	1	U-01	suzukii	D. suzukii
A0AB39ZD20	1	U-01	suzukii	D. suzukii
A0AB39ZD32	1	U-01	suzukii	D. suzukii
A0AB39ZD69	1	U-01	suzukii	D. suzukii
A0AB39ZD92	1	U-01	suzukii	D. suzukii
A0AB39ZDG3	1	U-01	suzukii	D. suzukii
A0AB39ZDM0	1	U-01	suzukii	D. suzukii
A0AB39ZDM9	1	U-01	suzukii	D. suzukii
A0AB39ZDW1	1	U-01	suzukii	D. suzukii
A0AB39ZDX0	1	U-01	suzukii	D. suzukii
A0AB39ZE16	1	U-01	suzukii	D. suzukii
A0AB39ZE35	1	U-01	suzukii	D. suzukii
A0AB39ZE40	1	U-01	suzukii	D. suzukii
A0AB39ZE54	0	unassigned	suzukii	D. suzukii
A0AB39ZE66	2	U-02	suzukii	D. suzukii
A0AB39ZE71	1	U-01	suzukii	D. suzukii
A0AB39ZE76	2	U-02	suzukii	D. suzukii
A0AB39ZE83	1	U-01	suzukii	D. suzukii
A0AB39ZEC0	2	U-02	suzukii	D. suzukii
A0AB39ZEE7	1	U-01	suzukii	D. suzukii
A0AB39ZEH8	1	U-01	suzukii	D. suzukii
A0AB39ZEI4	2	U-02	suzukii	D. suzukii
A0AB39ZEI9	1	U-01	suzukii	D. suzukii
A0AB39ZEJ2	2	U-02	suzukii	D. suzukii
A0AB39ZEN3	2	U-02	suzukii	D. suzukii
A0AB39ZEN7	1	U-01	suzukii	D. suzukii
A0AB39ZEN9	2	U-02	suzukii	D. suzukii
A0AB39ZEP0	1	U-01	suzukii	D. suzukii
A0AB39ZES0	2	U-02	suzukii	D. suzukii
A0AB39ZET1	1	U-01	suzukii	D. suzukii
A0AB39ZET9	1	U-01	suzukii	D. suzukii
A0AB39ZEU4	1	U-01	suzukii	D. suzukii
A0AB39ZEX6	2	U-02	suzukii	D. suzukii
A0AB39ZEY5	2	U-02	suzukii	D. suzukii
A0AB39ZEY6	1	U-01	suzukii	D. suzukii
A0AB39ZEZ9	1	U-01	suzukii	D. suzukii
A0AB39ZF05	1	U-01	suzukii	D. suzukii
A0AB39ZF55	2	U-02	suzukii	D. suzukii
A0AB39ZF59	0	unassigned	suzukii	D. suzukii
A0AB39ZF96	1	U-01	suzukii	D. suzukii
A0AB39ZFC1	1	U-01	suzukii	D. suzukii
A0AB39ZFE4	1	U-01	suzukii	D. suzukii
A0AB39ZFE8	1	U-01	suzukii	D. suzukii
A0AB39ZFH4	1	U-01	suzukii	D. suzukii
A0AB39ZFI2	0	unassigned	suzukii	D. suzukii
A0AB39ZFJ6	1	U-01	suzukii	D. suzukii
A0AB39ZFJ9	0	unassigned	suzukii	D. suzukii
A0AB39ZFK6	1	U-01	suzukii	D. suzukii
A0AB39ZFN1	3	U-03	suzukii	D. suzukii
A0AB39ZFN5	1	U-01	suzukii	D. suzukii
A0AB39ZFQ9	2	U-02	suzukii	D. suzukii
A0AB39ZFT9	1	U-01	suzukii	D. suzukii
A0AB39ZFU1	1	U-01	suzukii	D. suzukii
A0AB39ZFW3	1	U-01	suzukii	D. suzukii
A0AB39ZFW7	1	U-01	suzukii	D. suzukii
A0AB39ZFX6	1	U-01	suzukii	D. suzukii
A0AB39ZG23	1	U-01	suzukii	D. suzukii
A0AB39ZG34	1	U-01	suzukii	D. suzukii
A0AB39ZG64	1	U-01	suzukii	D. suzukii
A0AB39ZG68	1	U-01	suzukii	D. suzukii
A0AB39ZG74	1	U-01	suzukii	D. suzukii
A0AB39ZG79	1	U-01	suzukii	D. suzukii
A0AB39ZG90	3	U-03	suzukii	D. suzukii
A0AB39ZG93	1	U-01	suzukii	D. suzukii
A0AB39ZG99	1	U-01	suzukii	D. suzukii
A0AB39ZGB7	1	U-01	suzukii	D. suzukii
A0AB39ZGC4	1	U-01	suzukii	D. suzukii
A0AB39ZGC9	1	U-01	suzukii	D. suzukii
A0AB39ZGF2	1	U-01	suzukii	D. suzukii
A0AB39ZGF6	1	U-01	suzukii	D. suzukii
A0AB39ZGJ9	1	U-01	suzukii	D. suzukii
A0AB39ZGL8	1	U-01	suzukii	D. suzukii
A0AB39ZGQ0	1	U-01	suzukii	D. suzukii
A0AB39ZGW0	1	U-01	suzukii	D. suzukii
A0AB39ZGW5	1	U-01	suzukii	D. suzukii
A0AB39ZGY7	1	U-01	suzukii	D. suzukii
A0AB39ZGY9	1	U-01	suzukii	D. suzukii
A0AB39ZH06	1	U-01	suzukii	D. suzukii
A0AB39ZH09	1	U-01	suzukii	D. suzukii
A0AB39ZH23	1	U-01	suzukii	D. suzukii
A0AB39ZH40	1	U-01	suzukii	D. suzukii
A0AB39ZH49	1	U-01	suzukii	D. suzukii
A0AB39ZH81	1	U-01	suzukii	D. suzukii
A0AB39ZH88	0	unassigned	suzukii	D. suzukii
A0AB39ZPX4	1	U-01	suzukii	D. suzukii
A0AB39ZPX7	1	U-01	suzukii	D. suzukii
A0AB39ZPY0	1	U-01	suzukii	D. suzukii
A0AB39ZQ16	3	U-03	suzukii	D. suzukii
A0AB39ZQ29	1	U-01	suzukii	D. suzukii
A0AB39ZQ37	1	U-01	suzukii	D. suzukii
A0AB39ZQ39	1	U-01	suzukii	D. suzukii
A0AB39ZQ46	1	U-01	suzukii	D. suzukii
A0AB39ZQ83	1	U-01	suzukii	D. suzukii
A0AB39ZQ92	1	U-01	suzukii	D. suzukii
A0AB39ZQ99	1	U-01	suzukii	D. suzukii
A0AB39ZQD1	1	U-01	suzukii	D. suzukii
A0AB40A386	0	unassigned	suzukii	D. suzukii
A0AB40A3B8	1	U-01	suzukii	D. suzukii
A0AB40A3D0	1	U-01	suzukii	D. suzukii
A0AB40A3D1	0	unassigned	suzukii	D. suzukii
A0AB40A3F9	1	U-01	suzukii	D. suzukii
A0AB40A3G6	1	U-01	suzukii	D. suzukii
A0AB40A3H0	0	unassigned	suzukii	D. suzukii
A0AB40A3H7	1	U-01	suzukii	D. suzukii
A0AB40A3H8	0	unassigned	suzukii	D. suzukii
A0AB40A3I2	1	U-01	suzukii	D. suzukii
A0AB40A3I3	1	U-01	suzukii	D. suzukii
A0AB40A3I4	0	unassigned	suzukii	D. suzukii
A0AB40A3I7	1	U-01	suzukii	D. suzukii
A0AB40A3J2	0	unassigned	suzukii	D. suzukii
A0AB40A3L0	0	unassigned	suzukii	D. suzukii
A0AB40A3L7	1	U-01	suzukii	D. suzukii
A0AB40A3M3	1	U-01	suzukii	D. suzukii
A0AB40A3M9	0	unassigned	suzukii	D. suzukii
A0AB40A3N6	0	unassigned	suzukii	D. suzukii
A0AB40A3P7	0	unassigned	suzukii	D. suzukii
A0AB40A3P9	0	unassigned	suzukii	D. suzukii
A0AB40A3Q1	1	U-01	suzukii	D. suzukii
A0AB40A3R7	1	U-01	suzukii	D. suzukii
A0AB40A3S8	0	unassigned	suzukii	D. suzukii
A0AB40A3T3	0	unassigned	suzukii	D. suzukii
A0AB40A3T5	1	U-01	suzukii	D. suzukii
A0AB40A3T7	1	U-01	suzukii	D. suzukii
A0AB40A3U1	0	unassigned	suzukii	D. suzukii
A0AB40A3U7	1	U-01	suzukii	D. suzukii
A0AB40A3U8	1	U-01	suzukii	D. suzukii
A0AB40A3V2	2	U-02	suzukii	D. suzukii
A0AB40A3V4	1	U-01	suzukii	D. suzukii
A0AB40A3X4	1	U-01	suzukii	D. suzukii
A0AB40A3X5	1	U-01	suzukii	D. suzukii
A0AB40A3X6	1	U-01	suzukii	D. suzukii
A0AB40A3Y7	1	U-01	suzukii	D. suzukii
A0AB40A3Y8	1	U-01	suzukii	D. suzukii
A0AB40A3Z0	1	U-01	suzukii	D. suzukii
A0AB40A3Z1	1	U-01	suzukii	D. suzukii
A0AB40A3Z3	1	U-01	suzukii	D. suzukii
A0AB40A404	0	unassigned	suzukii	D. suzukii
A0AB40A410	1	U-01	suzukii	D. suzukii
A0AB40A412	1	U-01	suzukii	D. suzukii
A0AB40A427	1	U-01	suzukii	D. suzukii
A0AB40A446	0	unassigned	suzukii	D. suzukii
A0AB40A451	2	U-02	suzukii	D. suzukii
A0AB40A462	2	U-02	suzukii	D. suzukii
A0AB40A471	1	U-01	suzukii	D. suzukii
A0AB40A476	0	unassigned	suzukii	D. suzukii
A0AB40A4A8	0	unassigned	suzukii	D. suzukii
A0AB40A4C3	1	U-01	suzukii	D. suzukii
A0AB40A4E3	1	U-01	suzukii	D. suzukii
A0AB40A4I0	2	U-02	suzukii	D. suzukii
A0AB40A4K0	1	U-01	suzukii	D. suzukii
A0AB40A4L8	1	U-01	suzukii	D. suzukii
A0AB40A4N0	1	U-01	suzukii	D. suzukii
A0AB40A4R2	1	U-01	suzukii	D. suzukii
A0AB40A4R3	1	U-01	suzukii	D. suzukii
A0AB40A4S0	1	U-01	suzukii	D. suzukii
A0AB40A4S7	1	U-01	suzukii	D. suzukii
A0AB40A4U8	1	U-01	suzukii	D. suzukii
A0AB40A4V2	3	U-03	suzukii	D. suzukii
A0AB40A4W9	1	U-01	suzukii	D. suzukii
A0AB40A514	1	U-01	suzukii	D. suzukii
A0AB40A531	2	U-02	suzukii	D. suzukii
A0AB40A574	2	U-02	suzukii	D. suzukii
A0AB40A5C2	1	U-01	suzukii	D. suzukii
A0AB40A5C9	1	U-01	suzukii	D. suzukii
A0AB40A5G9	1	U-01	suzukii	D. suzukii
A0AB40A5H4	1	U-01	suzukii	D. suzukii
A0AB40A5H5	1	U-01	suzukii	D. suzukii
A0AB40A5J6	1	U-01	suzukii	D. suzukii
A0AB40A5L2	1	U-01	suzukii	D. suzukii
A0AB40A5L3	1	U-01	suzukii	D. suzukii
A0AB40A5N8	1	U-01	suzukii	D. suzukii
A0AB40A5S3	1	U-01	suzukii	D. suzukii
A0AB40A5T5	1	U-01	suzukii	D. suzukii
A0AB40A5U0	0	unassigned	suzukii	D. suzukii
A0ABM4TSX2	0	unassigned	suzukii	D. suzukii
A0ABM4TSX3	0	unassigned	suzukii	D. suzukii
A0ABM4TT33	1	U-01	suzukii	D. suzukii
A0ABM4TT34	0	unassigned	suzukii	D. suzukii
A0ABM4TT39	0	unassigned	suzukii	D. suzukii
A0ABM4TT40	1	U-01	suzukii	D. suzukii
A0ABM4TT42	0	unassigned	suzukii	D. suzukii
A0ABM4TT43	0	unassigned	suzukii	D. suzukii
A0ABM4TT44	0	unassigned	suzukii	D. suzukii
A0ABM4TT45	1	U-01	suzukii	D. suzukii
A0ABM4TT46	3	U-03	suzukii	D. suzukii
A0ABM4TT48	1	U-01	suzukii	D. suzukii
A0ABM4TT56	1	U-01	suzukii	D. suzukii
A0ABM4TT62	2	U-02	suzukii	D. suzukii
A0ABM4TT69	0	unassigned	suzukii	D. suzukii
A0ABM4TT75	1	U-01	suzukii	D. suzukii
A0ABM4TTA8	1	U-01	suzukii	D. suzukii
A0ABM4TTB9	0	unassigned	suzukii	D. suzukii
A0ABM4TTC1	1	U-01	suzukii	D. suzukii
A0ABM4TTC2	0	unassigned	suzukii	D. suzukii
A0ABM4TTC3	0	unassigned	suzukii	D. suzukii
A0ABM4TTC4	0	unassigned	suzukii	D. suzukii
A0AB40AEU0	2	U-02	suzukii	D. suzukii
A0AB40AEU8	0	unassigned	suzukii	D. suzukii
A0AB40AEV0	1	U-01	suzukii	D. suzukii
A0AB40AEV1	1	U-01	suzukii	D. suzukii
A0AB40AEV8	1	U-01	suzukii	D. suzukii
A0AB40AEV9	0	unassigned	suzukii	D. suzukii
A0AB40AEW1	1	U-01	suzukii	D. suzukii
A0AB40AEW2	1	U-01	suzukii	D. suzukii
A0AB40AEW3	1	U-01	suzukii	D. suzukii
A0AB40AEW8	1	U-01	suzukii	D. suzukii
A0AB40AEY4	3	U-03	suzukii	D. suzukii
A0AB40AEZ3	1	U-01	suzukii	D. suzukii
A0AB40AEZ7	1	U-01	suzukii	D. suzukii
A0AB40AEZ9	1	U-01	suzukii	D. suzukii
A0AB40AF04	1	U-01	suzukii	D. suzukii
A0AB40AF07	1	U-01	suzukii	D. suzukii
A0AB40AF12	1	U-01	suzukii	D. suzukii
A0AB40AF14	1	U-01	suzukii	D. suzukii
A0AB40AF16	2	U-02	suzukii	D. suzukii
A0AB40AF17	1	U-01	suzukii	D. suzukii
A0AB40AF21	1	U-01	suzukii	D. suzukii
A0AB40AF26	1	U-01	suzukii	D. suzukii
A0AB40AF27	1	U-01	suzukii	D. suzukii
A0AB40AF35	1	U-01	suzukii	D. suzukii
A0AB40AF39	0	unassigned	suzukii	D. suzukii
A0AB40AF41	1	U-01	suzukii	D. suzukii
A0AB40AF43	1	U-01	suzukii	D. suzukii
A0AB40AF51	1	U-01	suzukii	D. suzukii
A0AB40AF52	1	U-01	suzukii	D. suzukii
A0AB40AF57	1	U-01	suzukii	D. suzukii
A0AB40AF58	1	U-01	suzukii	D. suzukii
A0AB40AF69	1	U-01	suzukii	D. suzukii
A0AB40AF71	1	U-01	suzukii	D. suzukii
A0AB40AF72	1	U-01	suzukii	D. suzukii
A0AB40AF78	2	U-02	suzukii	D. suzukii
A0AB40AF80	1	U-01	suzukii	D. suzukii
A0AB40AF81	1	U-01	suzukii	D. suzukii
A0AB40AF96	1	U-01	suzukii	D. suzukii
A0AB40AF97	1	U-01	suzukii	D. suzukii
A0AB40DC86	1	U-01	suzukii	D. suzukii
A0AB40DC93	1	U-01	suzukii	D. suzukii
A0AB40DC97	1	U-01	suzukii	D. suzukii
A0AB40DC98	0	unassigned	suzukii	D. suzukii
A0AB40DC99	1	U-01	suzukii	D. suzukii
A0AB40DCA3	1	U-01	suzukii	D. suzukii
A0AB40DCA5	1	U-01	suzukii	D. suzukii
A0AB40DCA6	1	U-01	suzukii	D. suzukii
A0AB40DCB1	3	U-03	suzukii	D. suzukii
A0AB40DCC2	1	U-01	suzukii	D. suzukii
A0AB40DCC3	1	U-01	suzukii	D. suzukii
A0AB40DCC5	0	unassigned	suzukii	D. suzukii
A0AB40DCC6	1	U-01	suzukii	D. suzukii
A0AB40DCE6	1	U-01	suzukii	D. suzukii
A0AB40DCF1	1	U-01	suzukii	D. suzukii
A0AB40DCG1	1	U-01	suzukii	D. suzukii
A0AB40DCG4	1	U-01	suzukii	D. suzukii
A0AB40DCG5	1	U-01	suzukii	D. suzukii
A0AB40DCG9	0	unassigned	suzukii	D. suzukii
A0AB40DCH1	1	U-01	suzukii	D. suzukii
A0AB40DCH4	1	U-01	suzukii	D. suzukii
A0AB40DCH9	1	U-01	suzukii	D. suzukii
A0AB40DCI0	1	U-01	suzukii	D. suzukii
A0AB40DCJ4	2	U-02	suzukii	D. suzukii
A0AB40DCJ5	3	U-03	suzukii	D. suzukii
A0AB40DCK0	3	U-03	suzukii	D. suzukii
A0AB40DCK1	3	U-03	suzukii	D. suzukii
A0AB40DCK5	2	U-02	suzukii	D. suzukii
A0AB40DCK8	2	U-02	suzukii	D. suzukii
A0AB40DCL1	1	U-01	suzukii	D. suzukii
A0AB40DCL9	1	U-01	suzukii	D. suzukii
A0AB40DCM1	2	U-02	suzukii	D. suzukii
A0AB40DCM5	0	unassigned	suzukii	D. suzukii
A0AB40DCM9	2	U-02	suzukii	D. suzukii
A0AB40DCN4	1	U-01	suzukii	D. suzukii
A0AB40DCN5	0	unassigned	suzukii	D. suzukii
A0AB40DCQ2	2	U-02	suzukii	D. suzukii
A0AB40DCQ3	2	U-02	suzukii	D. suzukii
A0AB40DCQ5	2	U-02	suzukii	D. suzukii
A0AB40DCR2	0	unassigned	suzukii	D. suzukii
A0AB40DCR8	2	U-02	suzukii	D. suzukii
A0AB40DCS0	2	U-02	suzukii	D. suzukii
A0AB40DCS3	0	unassigned	suzukii	D. suzukii
A0AB40DCS7	1	U-01	suzukii	D. suzukii
A0AB40DCT0	1	U-01	suzukii	D. suzukii
A0AB40DCT1	1	U-01	suzukii	D. suzukii
A0AB40DCT2	1	U-01	suzukii	D. suzukii
A0AB40DCT5	1	U-01	suzukii	D. suzukii
A0AB40DCT6	3	U-03	suzukii	D. suzukii
A0AB40DCT9	2	U-02	suzukii	D. suzukii
A0AB40DCU1	1	U-01	suzukii	D. suzukii
A0AB40DCU2	3	U-03	suzukii	D. suzukii
A0AB40DCV7	1	U-01	suzukii	D. suzukii
A0AB40DCV8	1	U-01	suzukii	D. suzukii
A0AB40DCV9	1	U-01	suzukii	D. suzukii
A0AB40DCW1	1	U-01	suzukii	D. suzukii
A0AB40DCW5	1	U-01	suzukii	D. suzukii
A0AB40DCW6	2	U-02	suzukii	D. suzukii
A0AB40DCY0	1	U-01	suzukii	D. suzukii
A0AB40DCY3	1	U-01	suzukii	D. suzukii
A0AB40DCY7	1	U-01	suzukii	D. suzukii
A0AB39Z269	1	U-01	suzukii	D. suzukii
A0AB39Z270	2	U-02	suzukii	D. suzukii
A0AB39Z272	1	U-01	suzukii	D. suzukii
A0AB39Z273	1	U-01	suzukii	D. suzukii
A0AB39Z274	0	unassigned	suzukii	D. suzukii
A0AB39Z276	2	U-02	suzukii	D. suzukii
A0AB39Z278	1	U-01	suzukii	D. suzukii
A0AB39Z279	1	U-01	suzukii	D. suzukii
A0AB39Z280	1	U-01	suzukii	D. suzukii
A0AB39Z281	1	U-01	suzukii	D. suzukii
A0AB39Z288	1	U-01	suzukii	D. suzukii
A0AB39Z291	1	U-01	suzukii	D. suzukii
A0AB39Z292	2	U-02	suzukii	D. suzukii
A0AB39Z294	1	U-01	suzukii	D. suzukii
A0AB39Z296	1	U-01	suzukii	D. suzukii
A0AB39Z298	2	U-02	suzukii	D. suzukii
A0AB39Z299	1	U-01	suzukii	D. suzukii
A0AB39Z2A1	1	U-01	suzukii	D. suzukii
A0AB39Z2A2	3	U-03	suzukii	D. suzukii
A0AB39Z2A6	1	U-01	suzukii	D. suzukii
A0AB39Z4S7	1	U-01	suzukii	D. suzukii
A0AB39Z4S8	0	unassigned	suzukii	D. suzukii
A0AB39Z4T0	0	unassigned	suzukii	D. suzukii
A0AB39Z4T1	1	U-01	suzukii	D. suzukii
A0AB39Z4T2	1	U-01	suzukii	D. suzukii
A0AB39Z4T3	1	U-01	suzukii	D. suzukii
A0AB39Z4T4	1	U-01	suzukii	D. suzukii
A0AB39Z4T5	1	U-01	suzukii	D. suzukii
A0AB39Z4T6	1	U-01	suzukii	D. suzukii
A0AB39Z4T7	2	U-02	suzukii	D. suzukii
A0AB39Z4T8	1	U-01	suzukii	D. suzukii
A0AB39Z4T9	2	U-02	suzukii	D. suzukii
A0AB39Z4U0	1	U-01	suzukii	D. suzukii
A0AB39Z4U1	0	unassigned	suzukii	D. suzukii
A0AB39Z4U2	1	U-01	suzukii	D. suzukii
A0AB39Z4U4	1	U-01	suzukii	D. suzukii
A0AB39Z4U5	1	U-01	suzukii	D. suzukii
A0AB39Z4U8	1	U-01	suzukii	D. suzukii
A0AB39Z4U9	1	U-01	suzukii	D. suzukii
A0AB39Z4V0	2	U-02	suzukii	D. suzukii
A0AB39Z4V1	1	U-01	suzukii	D. suzukii
A0AB39Z4V3	0	unassigned	suzukii	D. suzukii
A0AB39Z4V5	1	U-01	suzukii	D. suzukii
A0AB39Z4V7	1	U-01	suzukii	D. suzukii
A0AB39Z4V8	1	U-01	suzukii	D. suzukii
A0AB39Z4V9	1	U-01	suzukii	D. suzukii
A0AB39Z4W0	1	U-01	suzukii	D. suzukii
A0AB39Z4W1	0	unassigned	suzukii	D. suzukii
A0AB39Z4W2	0	unassigned	suzukii	D. suzukii
A0AB39Z4W6	0	unassigned	suzukii	D. suzukii
A0AB39Z4W7	1	U-01	suzukii	D. suzukii
A0AB39Z4W9	1	U-01	suzukii	D. suzukii
A0AB39Z4X2	1	U-01	suzukii	D. suzukii
A0AB39Z4X3	2	U-02	suzukii	D. suzukii
A0AB39Z4X4	1	U-01	suzukii	D. suzukii
A0AB39Z4X6	2	U-02	suzukii	D. suzukii
A0AB39Z4X7	1	U-01	suzukii	D. suzukii
A0AB39Z4X8	1	U-01	suzukii	D. suzukii
A0AB39Z4X9	3	U-03	suzukii	D. suzukii
A0AB39Z4Y1	1	U-01	suzukii	D. suzukii
A0AB39Z4Y2	1	U-01	suzukii	D. suzukii
A0AB39Z4Y4	1	U-01	suzukii	D. suzukii
A0AB39Z4Y5	1	U-01	suzukii	D. suzukii
A0AB39Z4Y7	2	U-02	suzukii	D. suzukii
A0AB39Z4Y9	1	U-01	suzukii	D. suzukii
A0AB39Z4Z2	1	U-01	suzukii	D. suzukii
A0AB39Z4Z6	1	U-01	suzukii	D. suzukii
A0AB39Z4Z8	1	U-01	suzukii	D. suzukii
A0AB39Z4Z9	1	U-01	suzukii	D. suzukii
A0AB39Z501	1	U-01	suzukii	D. suzukii
A0AB39Z502	1	U-01	suzukii	D. suzukii
A0AB39Z504	1	U-01	suzukii	D. suzukii
A0AB39Z505	0	unassigned	suzukii	D. suzukii
A0AB39Z506	1	U-01	suzukii	D. suzukii
A0AB39Z512	1	U-01	suzukii	D. suzukii
A0AB39Z515	1	U-01	suzukii	D. suzukii
A0AB39Z516	2	U-02	suzukii	D. suzukii
A0AB39Z517	1	U-01	suzukii	D. suzukii
A0AB39Z521	0	unassigned	suzukii	D. suzukii
A0AB39Z524	1	U-01	suzukii	D. suzukii
A0AB39Z528	1	U-01	suzukii	D. suzukii
A0AB39Z537	1	U-01	suzukii	D. suzukii
A0AB39Z542	2	U-02	suzukii	D. suzukii
A0AB39Z544	1	U-01	suzukii	D. suzukii
A0AB39Z547	1	U-01	suzukii	D. suzukii
A0AB39Z550	1	U-01	suzukii	D. suzukii
A0AB39Z556	1	U-01	suzukii	D. suzukii
A0AB39Z558	1	U-01	suzukii	D. suzukii
A0AB39Z568	0	unassigned	suzukii	D. suzukii
A0AB39Z577	0	unassigned	suzukii	D. suzukii
A0AB39Z580	0	unassigned	suzukii	D. suzukii
A0AB39Z584	1	U-01	suzukii	D. suzukii
A0AB39Z585	1	U-01	suzukii	D. suzukii
A0AB39Z587	1	U-01	suzukii	D. suzukii
A0AB39Z588	1	U-01	suzukii	D. suzukii
A0AB39Z589	1	U-01	suzukii	D. suzukii
A0AB39Z590	1	U-01	suzukii	D. suzukii
A0AB39Z593	1	U-01	suzukii	D. suzukii
A0AB39Z594	3	U-03	suzukii	D. suzukii
A0AB39Z595	1	U-01	suzukii	D. suzukii
A0AB39ZDX6	1	U-01	suzukii	D. suzukii
A0AB39ZDX7	1	U-01	suzukii	D. suzukii
A0AB39ZDX9	3	U-03	suzukii	D. suzukii
A0AB39ZDY0	3	U-03	suzukii	D. suzukii
A0AB39ZDY1	1	U-01	suzukii	D. suzukii
A0AB39ZDY2	1	U-01	suzukii	D. suzukii
A0AB39ZDY4	2	U-02	suzukii	D. suzukii
A0AB39ZDY6	1	U-01	suzukii	D. suzukii
A0AB39ZDY7	1	U-01	suzukii	D. suzukii
A0AB39ZDY9	1	U-01	suzukii	D. suzukii
A0AB39ZDZ0	2	U-02	suzukii	D. suzukii
A0AB39ZDZ5	3	U-03	suzukii	D. suzukii
A0AB39ZE00	1	U-01	suzukii	D. suzukii
A0AB39ZHM0	2	U-02	suzukii	D. suzukii
A0AB39ZHM3	1	U-01	suzukii	D. suzukii
A0AB39ZHM6	1	U-01	suzukii	D. suzukii
A0AB39ZHM7	1	U-01	suzukii	D. suzukii
A0AB39ZHM8	2	U-02	suzukii	D. suzukii
A0AB39ZHN0	3	U-03	suzukii	D. suzukii
A0AB39ZHN1	1	U-01	suzukii	D. suzukii
A0AB39ZHN3	1	U-01	suzukii	D. suzukii
A0AB39ZHN6	2	U-02	suzukii	D. suzukii
A0AB39ZHP3	1	U-01	suzukii	D. suzukii
A0AB39ZHP8	1	U-01	suzukii	D. suzukii
A0AB39ZHQ0	3	U-03	suzukii	D. suzukii
A0AB39ZHQ6	1	U-01	suzukii	D. suzukii
A0AB39ZHQ9	1	U-01	suzukii	D. suzukii
A0AB39ZHR1	0	unassigned	suzukii	D. suzukii
A0AB39ZHR2	2	U-02	suzukii	D. suzukii
A0AB39ZHR5	1	U-01	suzukii	D. suzukii
A0AB39ZHR6	1	U-01	suzukii	D. suzukii
A0AB39ZHS3	1	U-01	suzukii	D. suzukii
A0AB39ZHS5	0	unassigned	suzukii	D. suzukii
A0AB39ZHS6	1	U-01	suzukii	D. suzukii
A0AB39ZHS9	2	U-02	suzukii	D. suzukii
A0AB39ZHT0	1	U-01	suzukii	D. suzukii
A0AB39ZHT2	1	U-01	suzukii	D. suzukii
A0AB39ZHT3	3	U-03	suzukii	D. suzukii
A0AB39ZHT5	2	U-02	suzukii	D. suzukii
A0AB39ZHT6	1	U-01	suzukii	D. suzukii
A0AB39ZHT9	1	U-01	suzukii	D. suzukii
A0AB39ZHU1	1	U-01	suzukii	D. suzukii
A0AB39ZHU4	1	U-01	suzukii	D. suzukii
A0AB39ZHU8	3	U-03	suzukii	D. suzukii
A0AB39ZHV0	1	U-01	suzukii	D. suzukii
A0AB39ZHV1	1	U-01	suzukii	D. suzukii
A0AB39ZHV2	1	U-01	suzukii	D. suzukii
A0AB39ZHV6	1	U-01	suzukii	D. suzukii
A0AB39ZHV7	1	U-01	suzukii	D. suzukii
A0AB39ZHW3	1	U-01	suzukii	D. suzukii
A0AB39ZHW5	1	U-01	suzukii	D. suzukii
A0AB39ZHW8	1	U-01	suzukii	D. suzukii
A0AB39ZHW9	3	U-03	suzukii	D. suzukii
A0AB39ZHX1	1	U-01	suzukii	D. suzukii
A0AB39ZHX3	1	U-01	suzukii	D. suzukii
A0AB39ZHX4	3	U-03	suzukii	D. suzukii
A0AB39ZHX6	1	U-01	suzukii	D. suzukii
A0AB39ZHX8	0	unassigned	suzukii	D. suzukii
A0AB39ZHX9	1	U-01	suzukii	D. suzukii
A0AB39ZHY1	3	U-03	suzukii	D. suzukii
A0AB39ZHY3	1	U-01	suzukii	D. suzukii
A0AB39ZHY4	2	U-02	suzukii	D. suzukii
A0AB39ZHY5	1	U-01	suzukii	D. suzukii
A0AB39ZHY8	1	U-01	suzukii	D. suzukii
A0AB39ZHY9	2	U-02	suzukii	D. suzukii
A0AB39ZHZ1	1	U-01	suzukii	D. suzukii
A0AB39ZHZ2	1	U-01	suzukii	D. suzukii
A0AB39ZHZ3	1	U-01	suzukii	D. suzukii
A0AB39ZHZ4	0	unassigned	suzukii	D. suzukii
A0AB39ZHZ8	3	U-03	suzukii	D. suzukii
A0AB39ZHZ9	1	U-01	suzukii	D. suzukii
A0AB39ZI00	1	U-01	suzukii	D. suzukii
A0AB39ZI02	0	unassigned	suzukii	D. suzukii
A0AB39ZI06	1	U-01	suzukii	D. suzukii
A0AB39ZI08	1	U-01	suzukii	D. suzukii
A0AB39ZI09	1	U-01	suzukii	D. suzukii
A0AB39ZI10	1	U-01	suzukii	D. suzukii
A0AB39ZI12	1	U-01	suzukii	D. suzukii
A0AB39ZI13	3	U-03	suzukii	D. suzukii
A0AB39ZI14	3	U-03	suzukii	D. suzukii
A0AB39ZI15	1	U-01	suzukii	D. suzukii
A0AB39ZI16	3	U-03	suzukii	D. suzukii
A0AB39ZI19	2	U-02	suzukii	D. suzukii
A0AB39ZI24	1	U-01	suzukii	D. suzukii
A0AB39ZI25	0	unassigned	suzukii	D. suzukii
A0AB39ZI28	1	U-01	suzukii	D. suzukii
A0AB39ZI35	0	unassigned	suzukii	D. suzukii
A0AB39ZI36	0	unassigned	suzukii	D. suzukii
A0AB39ZI38	1	U-01	suzukii	D. suzukii
A0AB39ZI40	1	U-01	suzukii	D. suzukii
A0AB39ZI41	1	U-01	suzukii	D. suzukii
A0AB39ZI42	1	U-01	suzukii	D. suzukii
A0AB39ZI44	1	U-01	suzukii	D. suzukii
A0AB39ZI45	1	U-01	suzukii	D. suzukii
A0AB39ZI49	1	U-01	suzukii	D. suzukii
A0AB39ZI52	0	unassigned	suzukii	D. suzukii
A0AB39ZI54	0	unassigned	suzukii	D. suzukii
A0AB39ZI58	1	U-01	suzukii	D. suzukii
A0AB39ZI59	1	U-01	suzukii	D. suzukii
A0AB39ZI60	1	U-01	suzukii	D. suzukii
A0AB40A2E0	0	unassigned	suzukii	D. suzukii
A0AB40A2E7	0	unassigned	suzukii	D. suzukii
A0AB40A2E8	1	U-01	suzukii	D. suzukii
A0AB40A2F0	1	U-01	suzukii	D. suzukii
A0AB40A2F1	0	unassigned	suzukii	D. suzukii
A0AB40A2F2	3	U-03	suzukii	D. suzukii
A0AB40A2F3	1	U-01	suzukii	D. suzukii
A0AB40A2F5	1	U-01	suzukii	D. suzukii
A0AB40A2F7	1	U-01	suzukii	D. suzukii
A0AB40A2G0	1	U-01	suzukii	D. suzukii
A0AB40A2G1	1	U-01	suzukii	D. suzukii
A0AB40A2G7	1	U-01	suzukii	D. suzukii
A0AB40A2G8	0	unassigned	suzukii	D. suzukii
A0AB40A2H0	1	U-01	suzukii	D. suzukii
A0AB40A2H3	0	unassigned	suzukii	D. suzukii
A0AB40A2H4	0	unassigned	suzukii	D. suzukii
A0AB40A2H6	2	U-02	suzukii	D. suzukii
A0AB40A2H8	0	unassigned	suzukii	D. suzukii
A0AB40A2I1	0	unassigned	suzukii	D. suzukii
A0AB40A2I5	0	unassigned	suzukii	D. suzukii
A0AB40A2I8	0	unassigned	suzukii	D. suzukii
A0AB40A2J1	0	unassigned	suzukii	D. suzukii
A0AB40A2J4	1	U-01	suzukii	D. suzukii
A0AB40A2J6	1	U-01	suzukii	D. suzukii
A0AB40A2J7	1	U-01	suzukii	D. suzukii
A0AB40A2J8	1	U-01	suzukii	D. suzukii
A0AB40A2K0	0	unassigned	suzukii	D. suzukii
A0AB40A2K1	0	unassigned	suzukii	D. suzukii
A0AB40A2K3	1	U-01	suzukii	D. suzukii
A0AB40A2K4	1	U-01	suzukii	D. suzukii
A0AB40A2K7	0	unassigned	suzukii	D. suzukii
A0AB40A2K9	1	U-01	suzukii	D. suzukii
A0AB40A2L3	2	U-02	suzukii	D. suzukii
A0AB40A2L5	1	U-01	suzukii	D. suzukii
A0AB40A2M2	1	U-01	suzukii	D. suzukii
A0AB40A2M4	1	U-01	suzukii	D. suzukii
A0AB40A2M9	2	U-02	suzukii	D. suzukii
A0AB40A2N2	1	U-01	suzukii	D. suzukii
A0AB40A2N3	1	U-01	suzukii	D. suzukii
A0AB40A2N5	0	unassigned	suzukii	D. suzukii
A0AB40A2N8	1	U-01	suzukii	D. suzukii
A0AB40A2N9	1	U-01	suzukii	D. suzukii
A0AB40A2P0	1	U-01	suzukii	D. suzukii
A0AB40A2P2	1	U-01	suzukii	D. suzukii
A0AB40A2P5	1	U-01	suzukii	D. suzukii
A0AB40A2P7	3	U-03	suzukii	D. suzukii
A0AB40A2Q1	0	unassigned	suzukii	D. suzukii
A0AB40A2Q3	1	U-01	suzukii	D. suzukii
A0AB40A2Q5	1	U-01	suzukii	D. suzukii
A0AB40A2Q6	1	U-01	suzukii	D. suzukii
A0AB40A2Q7	1	U-01	suzukii	D. suzukii
A0AB40A2Q9	2	U-02	suzukii	D. suzukii
A0AB40A2R1	2	U-02	suzukii	D. suzukii
A0AB40A2R6	1	U-01	suzukii	D. suzukii
A0AB40A2R7	1	U-01	suzukii	D. suzukii
A0AB40A2R8	2	U-02	suzukii	D. suzukii
A0AB40A2S1	1	U-01	suzukii	D. suzukii
A0AB40A2S6	2	U-02	suzukii	D. suzukii
A0AB40A2S7	1	U-01	suzukii	D. suzukii
A0AB40A2S8	1	U-01	suzukii	D. suzukii
A0AB40A2S9	0	unassigned	suzukii	D. suzukii
A0AB40A2T0	1	U-01	suzukii	D. suzukii
A0AB40A2T5	2	U-02	suzukii	D. suzukii
A0AB40A2T7	1	U-01	suzukii	D. suzukii
A0AB40A2T9	0	unassigned	suzukii	D. suzukii
A0AB40A2U0	1	U-01	suzukii	D. suzukii
A0AB40A2U4	0	unassigned	suzukii	D. suzukii
A0AB40A2U6	1	U-01	suzukii	D. suzukii
A0AB40A2V5	1	U-01	suzukii	D. suzukii
A0AB40A2V7	1	U-01	suzukii	D. suzukii
A0AB40A2W1	1	U-01	suzukii	D. suzukii
A0AB40A2W3	0	unassigned	suzukii	D. suzukii
A0AB40A2W6	3	U-03	suzukii	D. suzukii
A0AB40A2W9	0	unassigned	suzukii	D. suzukii
A0AB40A2X0	1	U-01	suzukii	D. suzukii
A0AB40A2X1	0	unassigned	suzukii	D. suzukii
A0AB40A2X2	2	U-02	suzukii	D. suzukii
A0AB40A2X4	2	U-02	suzukii	D. suzukii
A0AB40A2X7	1	U-01	suzukii	D. suzukii
A0AB40A2Y0	0	unassigned	suzukii	D. suzukii
A0AB40A2Y1	1	U-01	suzukii	D. suzukii
A0AB40A2Y5	2	U-02	suzukii	D. suzukii
A0AB40A2Z0	2	U-02	suzukii	D. suzukii
A0AB40A2Z7	1	U-01	suzukii	D. suzukii
A0AB40A301	1	U-01	suzukii	D. suzukii
A0AB40A302	0	unassigned	suzukii	D. suzukii
A0AB40A305	2	U-02	suzukii	D. suzukii
A0AB40A306	1	U-01	suzukii	D. suzukii
A0AB40A308	1	U-01	suzukii	D. suzukii
A0AB40A309	1	U-01	suzukii	D. suzukii
A0AB40A310	0	unassigned	suzukii	D. suzukii
A0AB40A311	1	U-01	suzukii	D. suzukii
A0AB40A315	0	unassigned	suzukii	D. suzukii
A0AB40A317	1	U-01	suzukii	D. suzukii
A0AB40A324	1	U-01	suzukii	D. suzukii
A0AB40A5Z4	1	U-01	suzukii	D. suzukii
A0AB40A5Z5	2	U-02	suzukii	D. suzukii
A0AB40A5Z7	1	U-01	suzukii	D. suzukii
A0AB40A602	1	U-01	suzukii	D. suzukii
A0AB40A603	1	U-01	suzukii	D. suzukii
A0AB40DH84	1	U-01	suzukii	D. suzukii
A0AB40DH85	1	U-01	suzukii	D. suzukii
A0AB40DH91	1	U-01	suzukii	D. suzukii
A0AB40DH98	0	unassigned	suzukii	D. suzukii
A0AB40DHA0	1	U-01	suzukii	D. suzukii
A0AB40DHA6	1	U-01	suzukii	D. suzukii
A0AB40DHB0	2	U-02	suzukii	D. suzukii
A0AB40DHB9	3	U-03	suzukii	D. suzukii
A0AB40DHC0	1	U-01	suzukii	D. suzukii
A0AB40DHC1	2	U-02	suzukii	D. suzukii
A0AB40DHC3	0	unassigned	suzukii	D. suzukii
A0AB40DHC5	1	U-01	suzukii	D. suzukii
A0AB40DHC6	1	U-01	suzukii	D. suzukii
A0AB40DHC7	1	U-01	suzukii	D. suzukii
A0AB40DHD0	0	unassigned	suzukii	D. suzukii
A0AB40DHD2	2	U-02	suzukii	D. suzukii
A0AB40DHE2	1	U-01	suzukii	D. suzukii
A0AB40DHE4	0	unassigned	suzukii	D. suzukii
A0AB40DHE8	1	U-01	suzukii	D. suzukii
A0AB40DHF4	1	U-01	suzukii	D. suzukii
A0AB40DHF6	2	U-02	suzukii	D. suzukii
A0AB40DHF7	1	U-01	suzukii	D. suzukii
A0AB40DHG5	1	U-01	suzukii	D. suzukii
A0AB40DHH9	2	U-02	suzukii	D. suzukii
A0AB40DHI1	1	U-01	suzukii	D. suzukii
A0AB40DHI2	0	unassigned	suzukii	D. suzukii
A0AB40DHI3	1	U-01	suzukii	D. suzukii
A0AB40DHI5	1	U-01	suzukii	D. suzukii
A0AB40DHI7	2	U-02	suzukii	D. suzukii
A0AB40DHI8	1	U-01	suzukii	D. suzukii
A0AB40DHJ0	2	U-02	suzukii	D. suzukii
A0AB40DHJ4	0	unassigned	suzukii	D. suzukii
A0AB40DHJ6	1	U-01	suzukii	D. suzukii
A0AB40DHJ8	0	unassigned	suzukii	D. suzukii
A0AB40DHK1	1	U-01	suzukii	D. suzukii
A0AB40DHK5	2	U-02	suzukii	D. suzukii
A0AB40DHK7	1	U-01	suzukii	D. suzukii
A0AB40DHL2	1	U-01	suzukii	D. suzukii
A0AB40DHL3	1	U-01	suzukii	D. suzukii
A0AB40DHL5	0	unassigned	suzukii	D. suzukii
A0AB40DHM3	3	U-03	suzukii	D. suzukii
A0AB40DHM4	1	U-01	suzukii	D. suzukii
A0AB40DHM6	1	U-01	suzukii	D. suzukii
A0AB40DHM7	1	U-01	suzukii	D. suzukii
A0AB40DHN1	1	U-01	suzukii	D. suzukii
A0AB40DHN2	1	U-01	suzukii	D. suzukii
A0AB40DHN3	3	U-03	suzukii	D. suzukii
A0AB40DHN6	1	U-01	suzukii	D. suzukii
A0AB40DHN7	1	U-01	suzukii	D. suzukii
A0AB40DHP9	1	U-01	suzukii	D. suzukii
A0AB40DHQ2	1	U-01	suzukii	D. suzukii
A0AB40DHQ3	3	U-03	suzukii	D. suzukii
A0AB40DHQ9	3	U-03	suzukii	D. suzukii
A0AB40DHR4	1	U-01	suzukii	D. suzukii
A0AB40DHR5	1	U-01	suzukii	D. suzukii
A0AB40DHR9	1	U-01	suzukii	D. suzukii
A0AB40DHS1	1	U-01	suzukii	D. suzukii
A0AB40DHS5	1	U-01	suzukii	D. suzukii
A0AB40DHS6	2	U-02	suzukii	D. suzukii
A0AB40DHS8	1	U-01	suzukii	D. suzukii
A0AB40DHS9	1	U-01	suzukii	D. suzukii
A0AB40DHT8	1	U-01	suzukii	D. suzukii
A0AB40DHT9	1	U-01	suzukii	D. suzukii
A0AB40DHU6	1	U-01	suzukii	D. suzukii
A0AB40DHU8	1	U-01	suzukii	D. suzukii
A0AB40DHU9	1	U-01	suzukii	D. suzukii
A0AB40DHV0	1	U-01	suzukii	D. suzukii
A0AB40DHV1	0	unassigned	suzukii	D. suzukii
A0AB40DHV3	2	U-02	suzukii	D. suzukii
A0AB40DHV4	1	U-01	suzukii	D. suzukii
A0AB40DHV8	1	U-01	suzukii	D. suzukii
A0AB40DHW1	1	U-01	suzukii	D. suzukii
A0AB40DHW4	1	U-01	suzukii	D. suzukii
A0AB40DHW7	0	unassigned	suzukii	D. suzukii
A0ABM4TKN2	1	U-01	suzukii	D. suzukii
A0ABM4TKN8	0	unassigned	suzukii	D. suzukii
A0ABM4TKN9	1	U-01	suzukii	D. suzukii
A0ABM4TKP1	1	U-01	suzukii	D. suzukii
A0ABM4TKQ5	0	unassigned	suzukii	D. suzukii
A0ABM4TKU3	0	unassigned	suzukii	D. suzukii
A0ABM4TKW9	0	unassigned	suzukii	D. suzukii
A0ABM4TKX5	0	unassigned	suzukii	D. suzukii
A0ABM4TL07	1	U-01	suzukii	D. suzukii
A0ABM4TL24	0	unassigned	suzukii	D. suzukii
A0ABM4TL26	1	U-01	suzukii	D. suzukii
A0ABM4TL36	2	U-02	suzukii	D. suzukii
A0ABM4TL41	1	U-01	suzukii	D. suzukii
A0ABM4TL42	1	U-01	suzukii	D. suzukii
A0ABM4TL48	1	U-01	suzukii	D. suzukii
A0ABM4TL51	3	U-03	suzukii	D. suzukii
A0ABM4TL54	1	U-01	suzukii	D. suzukii
A0ABM4TL55	1	U-01	suzukii	D. suzukii
A0ABM4TL56	0	unassigned	suzukii	D. suzukii
A0ABM4TL62	0	unassigned	suzukii	D. suzukii
A0ABM4TL68	1	U-01	suzukii	D. suzukii
A0ABM4TL69	1	U-01	suzukii	D. suzukii
A0ABM4TL72	1	U-01	suzukii	D. suzukii
A0ABM4TL73	1	U-01	suzukii	D. suzukii
A0ABM4TL78	0	unassigned	suzukii	D. suzukii
A0ABM4TL79	1	U-01	suzukii	D. suzukii
A0ABM4U044	1	U-01	suzukii	D. suzukii
A0ABM4U047	0	unassigned	suzukii	D. suzukii
A0ABM4U049	0	unassigned	suzukii	D. suzukii
A0ABM4U050	1	U-01	suzukii	D. suzukii
A0ABM4U055	0	unassigned	suzukii	D. suzukii
A0ABM4U057	0	unassigned	suzukii	D. suzukii
A0ABM4U059	0	unassigned	suzukii	D. suzukii
A0ABM4U060	1	U-01	suzukii	D. suzukii
A0ABM4U061	0	unassigned	suzukii	D. suzukii
A0ABM4U063	1	U-01	suzukii	D. suzukii
A0ABM4U064	1	U-01	suzukii	D. suzukii
A0ABM4U066	1	U-01	suzukii	D. suzukii
A0ABM4U067	3	U-03	suzukii	D. suzukii
A0ABM4U068	1	U-01	suzukii	D. suzukii
A0ABM4U071	1	U-01	suzukii	D. suzukii
A0ABM4U073	0	unassigned	suzukii	D. suzukii
A0ABM4U075	0	unassigned	suzukii	D. suzukii
A0ABM4U077	2	U-02	suzukii	D. suzukii
A0ABM4U083	1	U-01	suzukii	D. suzukii
A0ABM4U084	1	U-01	suzukii	D. suzukii
A0ABM4U085	1	U-01	suzukii	D. suzukii
A0ABM4U086	1	U-01	suzukii	D. suzukii
A0ABM4U091	1	U-01	suzukii	D. suzukii
A0ABM4U093	2	U-02	suzukii	D. suzukii
A0ABM4U094	1	U-01	suzukii	D. suzukii
A0ABM4U097	0	unassigned	suzukii	D. suzukii
A0ABM4U0A1	3	U-03	suzukii	D. suzukii
A0ABM4U0A4	1	U-01	suzukii	D. suzukii
A0ABM4U0A8	3	U-03	suzukii	D. suzukii
A0ABM4U0A9	1	U-01	suzukii	D. suzukii
A0ABM4U0B0	1	U-01	suzukii	D. suzukii
A0ABM4U0B1	2	U-02	suzukii	D. suzukii
A0ABM4U0B5	2	U-02	suzukii	D. suzukii
A0ABM4U0B6	1	U-01	suzukii	D. suzukii
A0ABM4U0C5	0	unassigned	suzukii	D. suzukii
A0ABM4U0C6	2	U-02	suzukii	D. suzukii
A0ABM4U0C7	1	U-01	suzukii	D. suzukii
A0ABM4U0E6	1	U-01	suzukii	D. suzukii
A0ABM4U0E7	0	unassigned	suzukii	D. suzukii
A0ABM4U0E8	1	U-01	suzukii	D. suzukii
A0ACM8RG36	1	U-01	suzukii	D. suzukii
Q26313	1	U-01	suzukii	D. suzukii
W6FTD8	1	U-01	suzukii	D. suzukii
A0AB39Z7E4	1	U-01	suzukii	D. suzukii
A0AB39Z7E5	1	U-01	suzukii	D. suzukii
A0AB39Z7F8	1	U-01	suzukii	D. suzukii
A0AB39Z7M4	1	U-01	suzukii	D. suzukii
A0AB39Z7P7	1	U-01	suzukii	D. suzukii
A0AB39Z7P9	1	U-01	suzukii	D. suzukii
A0AB39Z7Q5	2	U-02	suzukii	D. suzukii
A0AB39Z7R6	1	U-01	suzukii	D. suzukii
A0AB39Z7W4	2	U-02	suzukii	D. suzukii
A0AB39Z7X8	2	U-02	suzukii	D. suzukii
A0AB39Z7Y0	1	U-01	suzukii	D. suzukii
A0AB39Z7Z6	1	U-01	suzukii	D. suzukii
A0AB39Z824	1	U-01	suzukii	D. suzukii
A0AB39Z863	1	U-01	suzukii	D. suzukii
A0AB39Z873	1	U-01	suzukii	D. suzukii
A0AB39Z875	3	U-03	suzukii	D. suzukii
A0AB39Z893	1	U-01	suzukii	D. suzukii
A0AB39Z896	1	U-01	suzukii	D. suzukii
A0AB39Z8A0	1	U-01	suzukii	D. suzukii
A0AB39Z8A9	1	U-01	suzukii	D. suzukii
A0AB39Z8B8	1	U-01	suzukii	D. suzukii
A0AB39Z8E9	1	U-01	suzukii	D. suzukii
A0AB39Z8L6	1	U-01	suzukii	D. suzukii
A0AB39Z8R9	1	U-01	suzukii	D. suzukii
A0AB39Z8T1	1	U-01	suzukii	D. suzukii
A0AB39Z8T8	1	U-01	suzukii	D. suzukii
A0AB39Z8U7	1	U-01	suzukii	D. suzukii
A0AB39Z8V6	2	U-02	suzukii	D. suzukii
A0AB39Z903	2	U-02	suzukii	D. suzukii
A0AB39Z907	1	U-01	suzukii	D. suzukii
A0AB39Z912	1	U-01	suzukii	D. suzukii
A0AB39Z916	1	U-01	suzukii	D. suzukii
A0AB39Z920	1	U-01	suzukii	D. suzukii
A0AB39Z938	2	U-02	suzukii	D. suzukii
A0AB39Z9D1	1	U-01	suzukii	D. suzukii
A0AB39Z9E4	1	U-01	suzukii	D. suzukii
A0AB39Z9P5	1	U-01	suzukii	D. suzukii
A0AB39Z9S8	1	U-01	suzukii	D. suzukii
A0AB39Z9T3	2	U-02	suzukii	D. suzukii
A0AB39Z9T9	2	U-02	suzukii	D. suzukii
A0AB39Z9V9	2	U-02	suzukii	D. suzukii
A0AB39Z9W2	2	U-02	suzukii	D. suzukii
A0AB39Z9Y6	2	U-02	suzukii	D. suzukii
A0AB39ZA00	1	U-01	suzukii	D. suzukii
A0AB39ZA27	1	U-01	suzukii	D. suzukii
A0AB39ZA53	2	U-02	suzukii	D. suzukii
A0AB39ZA81	2	U-02	suzukii	D. suzukii
A0AB39ZA88	1	U-01	suzukii	D. suzukii
A0AB39ZA94	1	U-01	suzukii	D. suzukii
A0AB39ZAA2	1	U-01	suzukii	D. suzukii
A0AB39ZAC4	0	unassigned	suzukii	D. suzukii
A0AB39ZAE6	1	U-01	suzukii	D. suzukii
A0AB39ZAF5	1	U-01	suzukii	D. suzukii
A0AB39ZAF7	1	U-01	suzukii	D. suzukii
A0AB39ZAF9	2	U-02	suzukii	D. suzukii
A0AB39ZAG3	1	U-01	suzukii	D. suzukii
A0AB39ZAG5	3	U-03	suzukii	D. suzukii
A0AB39ZJU7	1	U-01	suzukii	D. suzukii
A0AB39ZJU9	3	U-03	suzukii	D. suzukii
A0AB39ZJV1	1	U-01	suzukii	D. suzukii
A0AB39ZJV2	1	U-01	suzukii	D. suzukii
A0AB39ZJV5	1	U-01	suzukii	D. suzukii
A0AB39ZJV8	1	U-01	suzukii	D. suzukii
A0AB39ZJW5	1	U-01	suzukii	D. suzukii
A0AB39ZJW6	1	U-01	suzukii	D. suzukii
A0AB39ZJW8	1	U-01	suzukii	D. suzukii
A0AB39ZJX4	1	U-01	suzukii	D. suzukii
A0AB39ZJX5	1	U-01	suzukii	D. suzukii
A0AB39ZJX7	1	U-01	suzukii	D. suzukii
A0AB39ZJY7	1	U-01	suzukii	D. suzukii
A0AB39ZJY8	1	U-01	suzukii	D. suzukii
A0AB39ZRY0	1	U-01	suzukii	D. suzukii
A0AB39ZRZ3	2	U-02	suzukii	D. suzukii
A0AB39ZRZ4	3	U-03	suzukii	D. suzukii
A0AB39ZRZ9	1	U-01	suzukii	D. suzukii
A0AB39ZS05	1	U-01	suzukii	D. suzukii
A0AB39ZS14	1	U-01	suzukii	D. suzukii
A0AB39ZS15	1	U-01	suzukii	D. suzukii
A0AB39ZS17	1	U-01	suzukii	D. suzukii
A0AB39ZS18	1	U-01	suzukii	D. suzukii
A0AB39ZS19	3	U-03	suzukii	D. suzukii
A0AB39ZS23	1	U-01	suzukii	D. suzukii
A0AB39ZS26	1	U-01	suzukii	D. suzukii
A0AB39ZS30	1	U-01	suzukii	D. suzukii
A0AB39ZS36	1	U-01	suzukii	D. suzukii
A0AB39ZS39	3	U-03	suzukii	D. suzukii
A0AB39ZS42	1	U-01	suzukii	D. suzukii
A0AB39ZS49	1	U-01	suzukii	D. suzukii
A0AB39ZS55	1	U-01	suzukii	D. suzukii
A0AB39ZS62	1	U-01	suzukii	D. suzukii
A0AB39ZS64	1	U-01	suzukii	D. suzukii
A0AB39ZS68	1	U-01	suzukii	D. suzukii
A0AB39ZS71	1	U-01	suzukii	D. suzukii
A0AB39ZS72	1	U-01	suzukii	D. suzukii
A0AB39ZS73	1	U-01	suzukii	D. suzukii
A0AB39ZS77	1	U-01	suzukii	D. suzukii
A0AB39ZS82	1	U-01	suzukii	D. suzukii
A0AB39ZS89	1	U-01	suzukii	D. suzukii
A0AB39ZS98	0	unassigned	suzukii	D. suzukii
A0AB39ZSA4	2	U-02	suzukii	D. suzukii
A0AB39ZSA5	3	U-03	suzukii	D. suzukii
A0AB39ZSA8	2	U-02	suzukii	D. suzukii
A0AB39ZSB7	2	U-02	suzukii	D. suzukii
A0AB39ZSB9	3	U-03	suzukii	D. suzukii
A0AB39ZSC0	1	U-01	suzukii	D. suzukii
A0AB39ZSC1	1	U-01	suzukii	D. suzukii
A0AB39ZSC5	2	U-02	suzukii	D. suzukii
A0AB39ZSC6	1	U-01	suzukii	D. suzukii
A0AB39ZSC8	0	unassigned	suzukii	D. suzukii
A0AB39ZSD3	0	unassigned	suzukii	D. suzukii
A0AB39ZSD6	1	U-01	suzukii	D. suzukii
A0AB39ZSD7	1	U-01	suzukii	D. suzukii
A0AB39ZSE0	2	U-02	suzukii	D. suzukii
A0AB39ZSE4	0	unassigned	suzukii	D. suzukii
A0AB39ZSE5	1	U-01	suzukii	D. suzukii
A0AB39ZSF1	1	U-01	suzukii	D. suzukii
A0AB39ZSF2	1	U-01	suzukii	D. suzukii
A0AB39ZSF3	1	U-01	suzukii	D. suzukii
A0AB39ZSF8	1	U-01	suzukii	D. suzukii
A0AB39ZSF9	1	U-01	suzukii	D. suzukii
A0AB39ZSG0	3	U-03	suzukii	D. suzukii
A0AB39ZSG1	1	U-01	suzukii	D. suzukii
A0AB39ZSH0	1	U-01	suzukii	D. suzukii
A0AB39ZSH3	1	U-01	suzukii	D. suzukii
A0AB39ZSH4	1	U-01	suzukii	D. suzukii
A0AB39ZSH7	2	U-02	suzukii	D. suzukii
A0AB39ZSI3	1	U-01	suzukii	D. suzukii
A0AB39ZSI4	1	U-01	suzukii	D. suzukii
A0AB39ZSJ1	2	U-02	suzukii	D. suzukii
A0AB39ZSJ4	1	U-01	suzukii	D. suzukii
A0AB39ZSJ5	1	U-01	suzukii	D. suzukii
A0AB39ZSK0	2	U-02	suzukii	D. suzukii
A0AB39ZSK3	1	U-01	suzukii	D. suzukii
A0AB39ZSK7	1	U-01	suzukii	D. suzukii
A0AB39ZSL0	0	unassigned	suzukii	D. suzukii
A0AB39ZSL2	2	U-02	suzukii	D. suzukii
A0AB39ZSL3	1	U-01	suzukii	D. suzukii
A0AB39ZSL8	1	U-01	suzukii	D. suzukii
A0AB39ZSM0	1	U-01	suzukii	D. suzukii
A0AB39ZSM1	2	U-02	suzukii	D. suzukii
A0AB39ZSM2	0	unassigned	suzukii	D. suzukii
A0AB39ZSM3	1	U-01	suzukii	D. suzukii
A0AB39ZSM7	2	U-02	suzukii	D. suzukii
A0AB39ZSM9	2	U-02	suzukii	D. suzukii
A0AB39ZSN2	1	U-01	suzukii	D. suzukii
A0AB39ZSN3	1	U-01	suzukii	D. suzukii
A0AB39ZSN4	1	U-01	suzukii	D. suzukii
A0AB39ZSN5	1	U-01	suzukii	D. suzukii
A0AB39ZSN6	2	U-02	suzukii	D. suzukii
A0AB39ZSP2	1	U-01	suzukii	D. suzukii
A0AB39ZSQ1	2	U-02	suzukii	D. suzukii
A0AB39ZSQ4	1	U-01	suzukii	D. suzukii
A0AB39ZSQ5	1	U-01	suzukii	D. suzukii
A0AB39ZSQ7	1	U-01	suzukii	D. suzukii
A0AB39ZSR3	1	U-01	suzukii	D. suzukii
A0AB39ZSS0	0	unassigned	suzukii	D. suzukii
A0AB39ZSS1	1	U-01	suzukii	D. suzukii
A0AB39YYM8	1	U-01	suzukii	D. suzukii
A0AB39YYM9	1	U-01	suzukii	D. suzukii
A0AB39YYN0	1	U-01	suzukii	D. suzukii
A0AB39YYN1	1	U-01	suzukii	D. suzukii
A0AB39YYN3	1	U-01	suzukii	D. suzukii
A0AB39YYN4	1	U-01	suzukii	D. suzukii
A0AB39YYN5	0	unassigned	suzukii	D. suzukii
A0AB39YYN7	1	U-01	suzukii	D. suzukii
A0AB39YYN8	1	U-01	suzukii	D. suzukii
A0AB39YYN9	1	U-01	suzukii	D. suzukii
A0AB39YYP1	1	U-01	suzukii	D. suzukii
A0AB39YYP2	1	U-01	suzukii	D. suzukii
A0AB39YYP6	2	U-02	suzukii	D. suzukii
A0AB39YYP7	2	U-02	suzukii	D. suzukii
A0AB39YYQ0	2	U-02	suzukii	D. suzukii
A0AB39YYQ1	1	U-01	suzukii	D. suzukii
A0AB39YYQ3	1	U-01	suzukii	D. suzukii
A0AB39YYQ5	1	U-01	suzukii	D. suzukii
A0AB39YYQ9	1	U-01	suzukii	D. suzukii
A0AB39YYR0	1	U-01	suzukii	D. suzukii
A0AB39YYR2	2	U-02	suzukii	D. suzukii
A0AB39YYR4	1	U-01	suzukii	D. suzukii
A0AB39YYR5	1	U-01	suzukii	D. suzukii
A0AB39YYR6	1	U-01	suzukii	D. suzukii
A0AB39YYR8	1	U-01	suzukii	D. suzukii
A0AB39YYS2	1	U-01	suzukii	D. suzukii
A0AB39YYS3	1	U-01	suzukii	D. suzukii
A0AB39YYS4	1	U-01	suzukii	D. suzukii
A0AB39YYS5	1	U-01	suzukii	D. suzukii
A0AB39YYS7	2	U-02	suzukii	D. suzukii
A0AB39YYT0	1	U-01	suzukii	D. suzukii
A0AB39YYT1	1	U-01	suzukii	D. suzukii
A0AB39YYT3	2	U-02	suzukii	D. suzukii
A0AB39YYT4	1	U-01	suzukii	D. suzukii
A0AB39YYT5	2	U-02	suzukii	D. suzukii
A0AB39YYT6	1	U-01	suzukii	D. suzukii
A0AB39YYT7	2	U-02	suzukii	D. suzukii
A0AB39YYT9	1	U-01	suzukii	D. suzukii
A0AB39YYU0	1	U-01	suzukii	D. suzukii
A0AB39YYU1	1	U-01	suzukii	D. suzukii
A0AB39YYU2	1	U-01	suzukii	D. suzukii
A0AB39YYU3	1	U-01	suzukii	D. suzukii
A0AB39YYU4	1	U-01	suzukii	D. suzukii
A0AB39YYU5	1	U-01	suzukii	D. suzukii
A0AB39YYU6	1	U-01	suzukii	D. suzukii
A0AB39YYU7	1	U-01	suzukii	D. suzukii
A0AB39YYU8	2	U-02	suzukii	D. suzukii
A0AB39YYU9	2	U-02	suzukii	D. suzukii
A0AB39YYV0	1	U-01	suzukii	D. suzukii
A0AB39YYV1	2	U-02	suzukii	D. suzukii
A0AB39YYV2	1	U-01	suzukii	D. suzukii
A0AB39YYV3	1	U-01	suzukii	D. suzukii
A0AB39YYV4	1	U-01	suzukii	D. suzukii
A0AB39YYV5	1	U-01	suzukii	D. suzukii
A0AB39YYV6	1	U-01	suzukii	D. suzukii
A0AB39YYV9	1	U-01	suzukii	D. suzukii
A0AB39YYW0	1	U-01	suzukii	D. suzukii
A0AB39YYW1	1	U-01	suzukii	D. suzukii
A0AB39YYW2	2	U-02	suzukii	D. suzukii
A0AB39YYW4	1	U-01	suzukii	D. suzukii
A0AB39YYW5	1	U-01	suzukii	D. suzukii
A0AB39YYW6	1	U-01	suzukii	D. suzukii
A0AB39YYW7	1	U-01	suzukii	D. suzukii
A0AB39YYW9	2	U-02	suzukii	D. suzukii
A0AB39YYX1	2	U-02	suzukii	D. suzukii
A0AB39YYX2	1	U-01	suzukii	D. suzukii
A0AB39YYX3	2	U-02	suzukii	D. suzukii
A0AB39YYX4	1	U-01	suzukii	D. suzukii
A0AB39YYX5	1	U-01	suzukii	D. suzukii
A0AB39YYX6	1	U-01	suzukii	D. suzukii
A0AB39YYX7	1	U-01	suzukii	D. suzukii
A0AB39YYX9	1	U-01	suzukii	D. suzukii
A0AB39YYY0	1	U-01	suzukii	D. suzukii
A0AB39YYY1	0	unassigned	suzukii	D. suzukii
A0AB39YYY3	1	U-01	suzukii	D. suzukii
A0AB39YYY4	1	U-01	suzukii	D. suzukii
A0AB39YYY5	0	unassigned	suzukii	D. suzukii
A0AB39YYY7	1	U-01	suzukii	D. suzukii
A0AB39YYY9	1	U-01	suzukii	D. suzukii
A0AB39YYZ0	1	U-01	suzukii	D. suzukii
A0AB39YYZ1	0	unassigned	suzukii	D. suzukii
A0AB39YYZ6	1	U-01	suzukii	D. suzukii
A0AB39Z3E5	0	unassigned	suzukii	D. suzukii
A0AB39Z3E8	1	U-01	suzukii	D. suzukii
A0AB39Z3F0	1	U-01	suzukii	D. suzukii
A0AB39Z3F2	1	U-01	suzukii	D. suzukii
A0AB39Z3F4	2	U-02	suzukii	D. suzukii
A0AB39Z3F8	1	U-01	suzukii	D. suzukii
A0AB39Z3G2	1	U-01	suzukii	D. suzukii
A0AB39Z3G3	1	U-01	suzukii	D. suzukii
A0AB39Z3G4	1	U-01	suzukii	D. suzukii
A0AB39Z3G5	1	U-01	suzukii	D. suzukii
A0AB39Z3G6	2	U-02	suzukii	D. suzukii
A0AB39Z3G9	1	U-01	suzukii	D. suzukii
A0AB39Z3H2	1	U-01	suzukii	D. suzukii
A0AB39Z3H6	1	U-01	suzukii	D. suzukii
A0AB39Z3H9	1	U-01	suzukii	D. suzukii
A0AB39Z3I3	1	U-01	suzukii	D. suzukii
A0AB39Z3I5	1	U-01	suzukii	D. suzukii
A0AB39Z3I6	0	unassigned	suzukii	D. suzukii
A0AB39ZG29	1	U-01	suzukii	D. suzukii
A0AB39ZG30	1	U-01	suzukii	D. suzukii
A0AB39ZG33	1	U-01	suzukii	D. suzukii
A0AB39ZG36	0	unassigned	suzukii	D. suzukii
A0AB39ZG37	1	U-01	suzukii	D. suzukii
A0AB39ZG38	1	U-01	suzukii	D. suzukii
A0AB39ZG39	1	U-01	suzukii	D. suzukii
A0AB39ZG41	1	U-01	suzukii	D. suzukii
A0AB39ZG45	1	U-01	suzukii	D. suzukii
A0AB39ZG47	2	U-02	suzukii	D. suzukii
A0AB39ZG51	1	U-01	suzukii	D. suzukii
A0AB39ZG52	1	U-01	suzukii	D. suzukii
A0AB39ZG53	1	U-01	suzukii	D. suzukii
A0AB39ZG54	1	U-01	suzukii	D. suzukii
A0AB39ZG55	1	U-01	suzukii	D. suzukii
A0AB39ZG57	2	U-02	suzukii	D. suzukii
A0AB39ZG58	1	U-01	suzukii	D. suzukii
A0AB39ZG59	1	U-01	suzukii	D. suzukii
A0AB39ZG60	1	U-01	suzukii	D. suzukii
A0AB39ZG61	2	U-02	suzukii	D. suzukii
A0AB39ZG63	1	U-01	suzukii	D. suzukii
A0AB39ZG66	1	U-01	suzukii	D. suzukii
A0AB39ZG71	1	U-01	suzukii	D. suzukii
A0AB39ZG77	1	U-01	suzukii	D. suzukii
A0AB39ZG78	1	U-01	suzukii	D. suzukii
A0AB39ZG80	2	U-02	suzukii	D. suzukii
A0AB39ZG82	1	U-01	suzukii	D. suzukii
A0AB39ZG83	1	U-01	suzukii	D. suzukii
A0AB39ZG84	1	U-01	suzukii	D. suzukii
A0AB39ZG85	1	U-01	suzukii	D. suzukii
A0AB39ZG87	1	U-01	suzukii	D. suzukii
A0AB39ZG89	1	U-01	suzukii	D. suzukii
A0AB39ZG91	1	U-01	suzukii	D. suzukii
A0AB39ZG97	2	U-02	suzukii	D. suzukii
A0AB39ZG98	2	U-02	suzukii	D. suzukii
A0AB39ZGA1	0	unassigned	suzukii	D. suzukii
A0AB39ZGA3	1	U-01	suzukii	D. suzukii
A0AB39ZGA4	1	U-01	suzukii	D. suzukii
A0AB39ZGA7	1	U-01	suzukii	D. suzukii
A0AB39ZGA8	1	U-01	suzukii	D. suzukii
A0AB39ZGA9	1	U-01	suzukii	D. suzukii
A0AB39ZGB1	0	unassigned	suzukii	D. suzukii
A0AB39ZGB2	1	U-01	suzukii	D. suzukii
A0AB39ZGB3	1	U-01	suzukii	D. suzukii
A0AB39ZGB4	0	unassigned	suzukii	D. suzukii
A0AB39ZGB6	1	U-01	suzukii	D. suzukii
A0AB39ZGB9	1	U-01	suzukii	D. suzukii
A0AB39ZGC0	1	U-01	suzukii	D. suzukii
A0AB39ZGC1	1	U-01	suzukii	D. suzukii
A0AB39ZGC2	0	unassigned	suzukii	D. suzukii
A0AB39ZGC3	1	U-01	suzukii	D. suzukii
A0AB39ZGC7	2	U-02	suzukii	D. suzukii
A0AB39ZGD0	0	unassigned	suzukii	D. suzukii
A0AB39ZGD2	1	U-01	suzukii	D. suzukii
A0AB39ZGD3	0	unassigned	suzukii	D. suzukii
A0AB39ZGD7	1	U-01	suzukii	D. suzukii
A0AB39ZGD8	1	U-01	suzukii	D. suzukii
A0AB39ZGE0	0	unassigned	suzukii	D. suzukii
A0AB39ZGE3	1	U-01	suzukii	D. suzukii
A0AB39ZGE5	1	U-01	suzukii	D. suzukii
A0AB39ZGE6	1	U-01	suzukii	D. suzukii
A0AB39ZGE7	1	U-01	suzukii	D. suzukii
A0AB39ZGF0	1	U-01	suzukii	D. suzukii
A0AB39ZGF3	1	U-01	suzukii	D. suzukii
A0AB39ZGF4	2	U-02	suzukii	D. suzukii
A0AB39ZGF7	1	U-01	suzukii	D. suzukii
A0AB39ZGG1	1	U-01	suzukii	D. suzukii
A0AB39ZGG2	1	U-01	suzukii	D. suzukii
A0AB39ZGG3	1	U-01	suzukii	D. suzukii
A0AB39ZGG4	0	unassigned	suzukii	D. suzukii
A0AB39ZGG6	1	U-01	suzukii	D. suzukii
A0AB39ZGG9	2	U-02	suzukii	D. suzukii
A0AB39ZGH1	1	U-01	suzukii	D. suzukii
A0AB39ZGH3	2	U-02	suzukii	D. suzukii
A0AB39ZGH4	0	unassigned	suzukii	D. suzukii
A0AB39ZGH6	1	U-01	suzukii	D. suzukii
A0AB39ZGH7	0	unassigned	suzukii	D. suzukii
A0AB39ZL49	0	unassigned	suzukii	D. suzukii
A0AB39ZL50	1	U-01	suzukii	D. suzukii
A0AB39ZL51	2	U-02	suzukii	D. suzukii
A0AB39ZL52	3	U-03	suzukii	D. suzukii
A0AB39ZL53	2	U-02	suzukii	D. suzukii
A0AB39ZL55	2	U-02	suzukii	D. suzukii
A0AB39ZL56	0	unassigned	suzukii	D. suzukii
A0AB39ZL58	2	U-02	suzukii	D. suzukii
A0AB39ZL59	1	U-01	suzukii	D. suzukii
A0AB39ZL61	1	U-01	suzukii	D. suzukii
A0AB39ZL71	1	U-01	suzukii	D. suzukii
A0AB39ZL72	1	U-01	suzukii	D. suzukii
A0AB39ZL73	0	unassigned	suzukii	D. suzukii
A0AB39ZL74	1	U-01	suzukii	D. suzukii
A0AB39ZL75	1	U-01	suzukii	D. suzukii
A0AB39ZL77	1	U-01	suzukii	D. suzukii
A0AB39ZL79	1	U-01	suzukii	D. suzukii
A0AB39ZL80	1	U-01	suzukii	D. suzukii
A0AB39ZL83	1	U-01	suzukii	D. suzukii
A0AB39ZL86	1	U-01	suzukii	D. suzukii
A0AB39ZL87	1	U-01	suzukii	D. suzukii
A0AB39ZL91	2	U-02	suzukii	D. suzukii
A0AB39ZL92	1	U-01	suzukii	D. suzukii
A0ABM4TNV9	0	unassigned	suzukii	D. suzukii
A0ABM4TNW0	0	unassigned	suzukii	D. suzukii
A0ABM4TNW1	1	U-01	suzukii	D. suzukii
A0ABM4TNW3	0	unassigned	suzukii	D. suzukii
A0ABM4TNW5	1	U-01	suzukii	D. suzukii
A0ABM4TNW7	1	U-01	suzukii	D. suzukii
A0ABM4TNW9	2	U-02	suzukii	D. suzukii
A0ABM4TNX2	1	U-01	suzukii	D. suzukii
A0ABM4TNX3	2	U-02	suzukii	D. suzukii
A0ABM4TNX5	1	U-01	suzukii	D. suzukii
A0ABM4TNX6	1	U-01	suzukii	D. suzukii
A0ABM4TNX9	1	U-01	suzukii	D. suzukii
A0ABM4TNY4	1	U-01	suzukii	D. suzukii
A0ABM4TNY5	2	U-02	suzukii	D. suzukii
A0ABM4TNY6	1	U-01	suzukii	D. suzukii
A0ABM4TNY7	1	U-01	suzukii	D. suzukii
A0ABM4TNY9	1	U-01	suzukii	D. suzukii
A0ABM4TNZ0	1	U-01	suzukii	D. suzukii
A0ABM4TNZ4	1	U-01	suzukii	D. suzukii
A0ABM4TNZ5	1	U-01	suzukii	D. suzukii
A0ABM4TNZ6	1	U-01	suzukii	D. suzukii
A0ABM4TP00	1	U-01	suzukii	D. suzukii
A0ABM4TP01	1	U-01	suzukii	D. suzukii
A0ABM4TP02	1	U-01	suzukii	D. suzukii
A0ABM4TP04	1	U-01	suzukii	D. suzukii
A0ABM4TP05	2	U-02	suzukii	D. suzukii
A0ABM4TP06	1	U-01	suzukii	D. suzukii
A0ABM4TP12	1	U-01	suzukii	D. suzukii
A0ABM4TP13	1	U-01	suzukii	D. suzukii
A0ABM4TP14	1	U-01	suzukii	D. suzukii
A0ABM4TP15	1	U-01	suzukii	D. suzukii
A0ABM4TP24	0	unassigned	suzukii	D. suzukii
A0ABM4TP25	1	U-01	suzukii	D. suzukii
A0ABM4TP28	2	U-02	suzukii	D. suzukii
A0ABM4TP29	1	U-01	suzukii	D. suzukii
A0ABM4TP31	1	U-01	suzukii	D. suzukii
A0ABM4TP36	1	U-01	suzukii	D. suzukii
A0ABM4TP39	1	U-01	suzukii	D. suzukii
A0ABM4TP40	3	U-03	suzukii	D. suzukii
A0ABM4TP42	1	U-01	suzukii	D. suzukii
A0ABM4TP43	1	U-01	suzukii	D. suzukii
A0ABM4TP45	1	U-01	suzukii	D. suzukii
A0ABM4TP55	2	U-02	suzukii	D. suzukii
A0ABM4TP57	1	U-01	suzukii	D. suzukii
A0ABM4TP58	1	U-01	suzukii	D. suzukii
A0ABM4TP59	0	unassigned	suzukii	D. suzukii
A0ABM4TP63	0	unassigned	suzukii	D. suzukii
A0ABM4TP66	1	U-01	suzukii	D. suzukii
A0ABM4TP68	1	U-01	suzukii	D. suzukii
A0ABM4TP76	0	unassigned	suzukii	D. suzukii
A0ABM4TP80	1	U-01	suzukii	D. suzukii
A0ABM4TP87	1	U-01	suzukii	D. suzukii
A0ABM4TP95	2	U-02	suzukii	D. suzukii
A0ABM4TPA0	2	U-02	suzukii	D. suzukii
A0ABM4TPA4	1	U-01	suzukii	D. suzukii
A0ABM4TUK4	1	U-01	suzukii	D. suzukii
A0ABM4TUK8	1	U-01	suzukii	D. suzukii
A0ABM4TUK9	1	U-01	suzukii	D. suzukii
A0ABM4TUL0	1	U-01	suzukii	D. suzukii
A0ABM4TUL1	1	U-01	suzukii	D. suzukii
A0ABM4TUL8	0	unassigned	suzukii	D. suzukii
A0ABM4TUM0	1	U-01	suzukii	D. suzukii
A0ABM4TUM2	0	unassigned	suzukii	D. suzukii
A0ABM4TUM4	1	U-01	suzukii	D. suzukii
A0ABM4TUM5	0	unassigned	suzukii	D. suzukii
A0ABM4TUM7	0	unassigned	suzukii	D. suzukii
A0ABM4TUM8	1	U-01	suzukii	D. suzukii
A0ABM4TUM9	1	U-01	suzukii	D. suzukii
A0ABM4TUN1	1	U-01	suzukii	D. suzukii
A0ABM4TUN2	0	unassigned	suzukii	D. suzukii
A0ABM4TUN5	1	U-01	suzukii	D. suzukii
A0ABM4TUN7	1	U-01	suzukii	D. suzukii
A0ABM4TUN8	1	U-01	suzukii	D. suzukii
A0ABM4TUN9	1	U-01	suzukii	D. suzukii
A0ABM4TUP0	1	U-01	suzukii	D. suzukii
A0ABM4TUP3	0	unassigned	suzukii	D. suzukii
A0ABM4TUP4	0	unassigned	suzukii	D. suzukii
A0ABM4TUP5	1	U-01	suzukii	D. suzukii
A0ABM4TUP6	0	unassigned	suzukii	D. suzukii
A0ABM4TUP7	0	unassigned	suzukii	D. suzukii
A0ABM4TUQ0	0	unassigned	suzukii	D. suzukii
A0ABM4TUQ1	1	U-01	suzukii	D. suzukii
A0ABM4TUQ3	0	unassigned	suzukii	D. suzukii
A0ABM4TUQ5	0	unassigned	suzukii	D. suzukii
A0ABM4TUQ6	1	U-01	suzukii	D. suzukii
A0ABM4TUQ7	0	unassigned	suzukii	D. suzukii
A0ABM4TUQ9	0	unassigned	suzukii	D. suzukii
A0ABM4TUR3	1	U-01	suzukii	D. suzukii
A0ABM4TUR5	1	U-01	suzukii	D. suzukii
A0ABM4TUR6	0	unassigned	suzukii	D. suzukii
A0ABM4TUR8	1	U-01	suzukii	D. suzukii
A0ABM4TUR9	1	U-01	suzukii	D. suzukii
A0ABM4TUS2	1	U-01	suzukii	D. suzukii
A0ABM4TUS4	0	unassigned	suzukii	D. suzukii
A0ABM4TUS5	2	U-02	suzukii	D. suzukii
A0ABM4TUS7	0	unassigned	suzukii	D. suzukii
A0ABM4TUS8	1	U-01	suzukii	D. suzukii
A0ABM4TUT1	1	U-01	suzukii	D. suzukii
A0ABM4TUT4	1	U-01	suzukii	D. suzukii
A0ABM4TUT6	0	unassigned	suzukii	D. suzukii
A0AB39YYG6	1	U-01	suzukii	D. suzukii
A0AB39YYG9	0	unassigned	suzukii	D. suzukii
A0AB39YYH3	0	unassigned	suzukii	D. suzukii
A0AB39YYH5	3	U-03	suzukii	D. suzukii
A0AB39YYH6	1	U-01	suzukii	D. suzukii
A0AB39YYH7	3	U-03	suzukii	D. suzukii
A0AB39YYI2	3	U-03	suzukii	D. suzukii
A0AB39YYI3	1	U-01	suzukii	D. suzukii
A0AB39YYI4	1	U-01	suzukii	D. suzukii
A0AB39YYI5	1	U-01	suzukii	D. suzukii
A0AB39YYI8	3	U-03	suzukii	D. suzukii
A0AB39YYJ0	1	U-01	suzukii	D. suzukii
A0AB39YYJ6	1	U-01	suzukii	D. suzukii
A0AB39YYJ8	1	U-01	suzukii	D. suzukii
A0AB39YYK9	1	U-01	suzukii	D. suzukii
A0AB39YYL2	1	U-01	suzukii	D. suzukii
A0AB39YYL4	2	U-02	suzukii	D. suzukii
A0AB39YYL6	0	unassigned	suzukii	D. suzukii
A0AB39YYL8	1	U-01	suzukii	D. suzukii
A0AB39YYM0	1	U-01	suzukii	D. suzukii
A0AB39YYM2	1	U-01	suzukii	D. suzukii
A0AB39YYM4	1	U-01	suzukii	D. suzukii
A0AB39YYM7	3	U-03	suzukii	D. suzukii
A0AB39YYN2	1	U-01	suzukii	D. suzukii
A0AB39YYP0	1	U-01	suzukii	D. suzukii
A0AB39YYP3	0	unassigned	suzukii	D. suzukii
A0AB39YYP4	1	U-01	suzukii	D. suzukii
A0AB39YYP8	1	U-01	suzukii	D. suzukii
A0AB39YYQ7	1	U-01	suzukii	D. suzukii
A0AB39YYQ8	0	unassigned	suzukii	D. suzukii
A0AB39YYR3	1	U-01	suzukii	D. suzukii
A0AB39YYR7	1	U-01	suzukii	D. suzukii
A0AB39YYR9	1	U-01	suzukii	D. suzukii
A0AB39YYS0	2	U-02	suzukii	D. suzukii
A0AB39YYS1	0	unassigned	suzukii	D. suzukii
A0AB39YYS6	1	U-01	suzukii	D. suzukii
A0AB39YYS8	1	U-01	suzukii	D. suzukii
A0AB39YYS9	1	U-01	suzukii	D. suzukii
A0AB39YYT2	1	U-01	suzukii	D. suzukii
A0AB39YYV8	1	U-01	suzukii	D. suzukii
A0AB39YYW3	1	U-01	suzukii	D. suzukii
A0AB39YYW8	1	U-01	suzukii	D. suzukii
A0AB39YYX0	1	U-01	suzukii	D. suzukii
A0AB39YYY2	1	U-01	suzukii	D. suzukii
A0AB39Z459	3	U-03	suzukii	D. suzukii
A0AB39Z462	0	unassigned	suzukii	D. suzukii
A0AB39Z470	3	U-03	suzukii	D. suzukii
A0AB39Z472	1	U-01	suzukii	D. suzukii
A0AB39Z495	1	U-01	suzukii	D. suzukii
A0AB39Z497	3	U-03	suzukii	D. suzukii
A0AB39Z4A0	1	U-01	suzukii	D. suzukii
A0AB39Z4A3	2	U-02	suzukii	D. suzukii
A0AB39Z4B5	1	U-01	suzukii	D. suzukii
A0AB39Z4B6	1	U-01	suzukii	D. suzukii
A0AB39Z4C0	1	U-01	suzukii	D. suzukii
A0AB39Z4C2	1	U-01	suzukii	D. suzukii
A0AB39Z4C7	2	U-02	suzukii	D. suzukii
A0AB39Z4C8	1	U-01	suzukii	D. suzukii
A0AB39Z4D4	1	U-01	suzukii	D. suzukii
A0AB39Z4D8	2	U-02	suzukii	D. suzukii
A0AB39Z4E2	1	U-01	suzukii	D. suzukii
A0AB39Z4E3	2	U-02	suzukii	D. suzukii
A0AB39Z4E4	1	U-01	suzukii	D. suzukii
A0AB39Z4E7	1	U-01	suzukii	D. suzukii
A0AB39Z4F6	2	U-02	suzukii	D. suzukii
A0AB39Z4F8	1	U-01	suzukii	D. suzukii
A0AB39Z4G0	1	U-01	suzukii	D. suzukii
A0AB39Z4G7	1	U-01	suzukii	D. suzukii
A0AB39Z4G9	1	U-01	suzukii	D. suzukii
A0AB39Z4H4	0	unassigned	suzukii	D. suzukii
A0AB39Z4H7	1	U-01	suzukii	D. suzukii
A0AB39Z4I4	2	U-02	suzukii	D. suzukii
A0AB39Z4I7	2	U-02	suzukii	D. suzukii
A0AB39Z4J1	0	unassigned	suzukii	D. suzukii
A0AB39Z4J7	1	U-01	suzukii	D. suzukii
A0AB39Z4J9	0	unassigned	suzukii	D. suzukii
A0AB39Z4K1	1	U-01	suzukii	D. suzukii
A0AB39Z4K7	2	U-02	suzukii	D. suzukii
A0AB39Z4L1	2	U-02	suzukii	D. suzukii
A0AB39Z4M2	0	unassigned	suzukii	D. suzukii
A0AB39Z4M4	0	unassigned	suzukii	D. suzukii
A0AB39Z4N1	0	unassigned	suzukii	D. suzukii
A0AB39Z4P2	0	unassigned	suzukii	D. suzukii
A0AB39Z4P3	2	U-02	suzukii	D. suzukii
A0AB39Z4Q3	1	U-01	suzukii	D. suzukii
A0AB39Z4Q4	1	U-01	suzukii	D. suzukii
A0AB39Z4R0	0	unassigned	suzukii	D. suzukii
A0AB39Z4R1	2	U-02	suzukii	D. suzukii
A0AB39Z4R8	0	unassigned	suzukii	D. suzukii
A0AB39Z4U3	1	U-01	suzukii	D. suzukii
A0AB39Z4U6	1	U-01	suzukii	D. suzukii
A0AB39Z4V4	1	U-01	suzukii	D. suzukii
A0AB39Z4V6	1	U-01	suzukii	D. suzukii
A0AB39Z4W3	0	unassigned	suzukii	D. suzukii
A0AB39Z4W4	0	unassigned	suzukii	D. suzukii
A0AB39Z4W5	2	U-02	suzukii	D. suzukii
A0AB39Z4W8	1	U-01	suzukii	D. suzukii
A0AB39Z4X0	0	unassigned	suzukii	D. suzukii
A0AB39Z4Y0	0	unassigned	suzukii	D. suzukii
A0AB39Z4Y3	1	U-01	suzukii	D. suzukii
A0AB39ZZ38	3	U-03	suzukii	D. suzukii
A0AB39ZZ42	2	U-02	suzukii	D. suzukii
A0AB39ZZ48	3	U-03	suzukii	D. suzukii
A0AB39ZZ49	3	U-03	suzukii	D. suzukii
A0AB39ZZ50	1	U-01	suzukii	D. suzukii
A0AB39ZZ52	1	U-01	suzukii	D. suzukii
A0AB39ZZ55	1	U-01	suzukii	D. suzukii
A0AB39ZZ56	1	U-01	suzukii	D. suzukii
A0AB39ZZ61	1	U-01	suzukii	D. suzukii
A0AB39ZZ65	1	U-01	suzukii	D. suzukii
A0AB39ZZ67	1	U-01	suzukii	D. suzukii
A0AB39ZZ69	1	U-01	suzukii	D. suzukii
A0AB39ZZ70	2	U-02	suzukii	D. suzukii
A0AB39ZZ80	1	U-01	suzukii	D. suzukii
A0AB39ZZ87	1	U-01	suzukii	D. suzukii
A0AB39ZZ89	1	U-01	suzukii	D. suzukii
A0AB39ZZ90	3	U-03	suzukii	D. suzukii
A0AB39ZZ92	1	U-01	suzukii	D. suzukii
A0AB39ZZ93	1	U-01	suzukii	D. suzukii
A0AB39ZZ94	2	U-02	suzukii	D. suzukii
A0AB39ZZ95	0	unassigned	suzukii	D. suzukii
A0AB39ZZA0	1	U-01	suzukii	D. suzukii
A0AB39ZZA4	3	U-03	suzukii	D. suzukii
A0AB39ZZA8	1	U-01	suzukii	D. suzukii
A0AB39ZZA9	3	U-03	suzukii	D. suzukii
A0AB39ZZB5	0	unassigned	suzukii	D. suzukii
A0AB39ZZB7	1	U-01	suzukii	D. suzukii
A0AB39ZZC0	1	U-01	suzukii	D. suzukii
A0AB40A620	1	U-01	suzukii	D. suzukii
A0AB40A623	0	unassigned	suzukii	D. suzukii
A0AB40A625	3	U-03	suzukii	D. suzukii
A0AB40A632	3	U-03	suzukii	D. suzukii
A0AB40A638	1	U-01	suzukii	D. suzukii
A0AB40A640	1	U-01	suzukii	D. suzukii
A0AB40A641	1	U-01	suzukii	D. suzukii
A0AB40A643	1	U-01	suzukii	D. suzukii
A0AB40A648	1	U-01	suzukii	D. suzukii
A0AB40A650	0	unassigned	suzukii	D. suzukii
A0AB40A651	1	U-01	suzukii	D. suzukii
A0AB40A655	0	unassigned	suzukii	D. suzukii
A0AB40A661	1	U-01	suzukii	D. suzukii
A0AB40A665	1	U-01	suzukii	D. suzukii
A0AB40A666	1	U-01	suzukii	D. suzukii
A0AB40A671	1	U-01	suzukii	D. suzukii
A0AB40A672	1	U-01	suzukii	D. suzukii
A0AB40A673	1	U-01	suzukii	D. suzukii
A0AB40A674	1	U-01	suzukii	D. suzukii
A0AB40A679	1	U-01	suzukii	D. suzukii
A0AB40A685	1	U-01	suzukii	D. suzukii
A0AB40A6A4	2	U-02	suzukii	D. suzukii
A0AB40A6B0	1	U-01	suzukii	D. suzukii
A0AB40A6B2	1	U-01	suzukii	D. suzukii
A0AB40A6B3	1	U-01	suzukii	D. suzukii
A0AB40A6B5	0	unassigned	suzukii	D. suzukii
A0AB40A6B6	3	U-03	suzukii	D. suzukii
A0AB40A6B7	1	U-01	suzukii	D. suzukii
A0AB40A6B9	1	U-01	suzukii	D. suzukii
A0AB40A6C0	1	U-01	suzukii	D. suzukii
A0AB40A6C1	1	U-01	suzukii	D. suzukii
A0AB40A6C4	1	U-01	suzukii	D. suzukii
A0AB40A6C5	1	U-01	suzukii	D. suzukii
A0AB40A6D0	1	U-01	suzukii	D. suzukii
A0AB40A6D2	1	U-01	suzukii	D. suzukii
A0AB40A6D8	1	U-01	suzukii	D. suzukii
A0AB40A6E9	1	U-01	suzukii	D. suzukii
A0AB40A6F2	1	U-01	suzukii	D. suzukii
A0AB40A6F3	1	U-01	suzukii	D. suzukii
A0AB40A6G0	1	U-01	suzukii	D. suzukii
A0AB40A6G1	1	U-01	suzukii	D. suzukii
A0AB40A6G2	1	U-01	suzukii	D. suzukii
A0AB40A6G5	1	U-01	suzukii	D. suzukii
A0AB40A6G6	2	U-02	suzukii	D. suzukii
A0AB40A6G7	1	U-01	suzukii	D. suzukii
A0AB40A6H1	1	U-01	suzukii	D. suzukii
A0AB40A6H4	1	U-01	suzukii	D. suzukii
A0AB40A6H6	1	U-01	suzukii	D. suzukii
A0AB40A6I1	3	U-03	suzukii	D. suzukii
A0AB40A6J5	1	U-01	suzukii	D. suzukii
A0AB40A6J8	1	U-01	suzukii	D. suzukii
A0AB40A6K1	1	U-01	suzukii	D. suzukii
A0AB40A6L3	1	U-01	suzukii	D. suzukii
A0AB40A6M2	1	U-01	suzukii	D. suzukii
A0AB40A6M3	1	U-01	suzukii	D. suzukii
A0AB40A6N5	1	U-01	suzukii	D. suzukii
A0AB40A6N7	0	unassigned	suzukii	D. suzukii
A0AB40A6P3	1	U-01	suzukii	D. suzukii
A0AB40A6P6	1	U-01	suzukii	D. suzukii
A0AB40A6P7	1	U-01	suzukii	D. suzukii
A0AB40A6Q2	1	U-01	suzukii	D. suzukii
A0AB40A6Q4	1	U-01	suzukii	D. suzukii
A0AB40A6Q9	1	U-01	suzukii	D. suzukii
A0AB40A6R3	1	U-01	suzukii	D. suzukii
A0AB40A6S0	2	U-02	suzukii	D. suzukii
A0AB40A6S1	1	U-01	suzukii	D. suzukii
A0AB40A6S5	0	unassigned	suzukii	D. suzukii
A0AB40A6S6	1	U-01	suzukii	D. suzukii
A0AB40A6T4	1	U-01	suzukii	D. suzukii
A0AB40A6U0	1	U-01	suzukii	D. suzukii
A0AB40A6U1	0	unassigned	suzukii	D. suzukii
A0AB40A6U3	3	U-03	suzukii	D. suzukii
A0ABM4TM58	1	U-01	suzukii	D. suzukii
A0ABM4TM66	1	U-01	suzukii	D. suzukii
A0ABM4TM67	1	U-01	suzukii	D. suzukii
A0ABM4TM68	2	U-02	suzukii	D. suzukii
A0ABM4TM77	1	U-01	suzukii	D. suzukii
A0ABM4TM83	2	U-02	suzukii	D. suzukii
A0ABM4TM84	2	U-02	suzukii	D. suzukii
A0ABM4TM86	2	U-02	suzukii	D. suzukii
A0ABM4TM87	2	U-02	suzukii	D. suzukii
A0ABM4TM89	1	U-01	suzukii	D. suzukii
A0ABM4TMA5	1	U-01	suzukii	D. suzukii
A0ABM4TMA7	2	U-02	suzukii	D. suzukii
A0ABM4TU40	1	U-01	suzukii	D. suzukii
A0ABM4TU47	0	unassigned	suzukii	D. suzukii
A0ABM4TU50	1	U-01	suzukii	D. suzukii
A0ABM4TU56	1	U-01	suzukii	D. suzukii
A0ABM4TU60	0	unassigned	suzukii	D. suzukii
A0ABM4TU74	0	unassigned	suzukii	D. suzukii
A0ABM4TU84	0	unassigned	suzukii	D. suzukii
A0ABM4TU89	2	U-02	suzukii	D. suzukii
A0ABM4TU90	0	unassigned	suzukii	D. suzukii
A0ABM4TU93	0	unassigned	suzukii	D. suzukii
A0ABM4TU94	0	unassigned	suzukii	D. suzukii
A0ABM4TU96	0	unassigned	suzukii	D. suzukii
A0ABM4TU98	0	unassigned	suzukii	D. suzukii
A0ABM4TUA0	0	unassigned	suzukii	D. suzukii
A0ABM4TUD1	1	U-01	suzukii	D. suzukii
A0ABM4TUH3	1	U-01	suzukii	D. suzukii
A0ABM4TUJ7	1	U-01	suzukii	D. suzukii
A0ABM4TUJ9	0	unassigned	suzukii	D. suzukii
A0ABM4TUL3	1	U-01	suzukii	D. suzukii
A0ABM4TUL5	2	U-02	suzukii	D. suzukii
A0ABM4TUM1	1	U-01	suzukii	D. suzukii
A0ABM4TUM3	1	U-01	suzukii	D. suzukii
A0ABM4TUN3	1	U-01	suzukii	D. suzukii
A0ABM4TUN4	1	U-01	suzukii	D. suzukii
A0ABM4TUQ4	0	unassigned	suzukii	D. suzukii
A0ABM4TUQ8	0	unassigned	suzukii	D. suzukii
A0ABM4TUR0	0	unassigned	suzukii	D. suzukii
A0ABM4TUR2	0	unassigned	suzukii	D. suzukii
A0ABM4TUR4	0	unassigned	suzukii	D. suzukii
A0ABM4TUT2	2	U-02	suzukii	D. suzukii
A0ABM4TUU0	0	unassigned	suzukii	D. suzukii
A0ABM4TUU1	1	U-01	suzukii	D. suzukii
A0ABM4TUV3	1	U-01	suzukii	D. suzukii
A0ABM4TUV5	1	U-01	suzukii	D. suzukii
A0ABM4TUV8	1	U-01	suzukii	D. suzukii
A0ABM4TUX9	0	unassigned	suzukii	D. suzukii
A0ABM4TUY5	1	U-01	suzukii	D. suzukii
A0ABM4TUZ1	1	U-01	suzukii	D. suzukii
A0ABM4TV01	1	U-01	suzukii	D. suzukii
A0ABM4TV04	1	U-01	suzukii	D. suzukii
A0ABM4TV06	1	U-01	suzukii	D. suzukii
A0ABM4TV10	1	U-01	suzukii	D. suzukii
A0ABM4TV21	1	U-01	suzukii	D. suzukii
A0ABM4TV29	1	U-01	suzukii	D. suzukii
A0ABM4TV34	1	U-01	suzukii	D. suzukii
A0ABM4TV52	1	U-01	suzukii	D. suzukii
A0ABM4TV58	1	U-01	suzukii	D. suzukii
A0ABM4TV65	1	U-01	suzukii	D. suzukii
A0ABM4TV70	1	U-01	suzukii	D. suzukii
A0ABM4TV71	1	U-01	suzukii	D. suzukii
A0ABM4TV75	1	U-01	suzukii	D. suzukii
A0ABM4TV80	1	U-01	suzukii	D. suzukii
A0ABM4TV89	0	unassigned	suzukii	D. suzukii
A0ABM4TV95	2	U-02	suzukii	D. suzukii
A0ABM4TV97	0	unassigned	suzukii	D. suzukii
A0ABM4TV98	1	U-01	suzukii	D. suzukii
A0ABM4TVA2	1	U-01	suzukii	D. suzukii
A0ABM4TVA7	0	unassigned	suzukii	D. suzukii
A0ABM4TVA8	0	unassigned	suzukii	D. suzukii
A0ABM4TVB3	1	U-01	suzukii	D. suzukii
A0ABM4TVC0	1	U-01	suzukii	D. suzukii
A0ABM4TVC1	0	unassigned	suzukii	D. suzukii
A0ABM4TVC4	0	unassigned	suzukii	D. suzukii
A0ABM4TVC6	0	unassigned	suzukii	D. suzukii
A0ABM4TVC7	0	unassigned	suzukii	D. suzukii
A0ABM4TVC8	0	unassigned	suzukii	D. suzukii
A0ABM4TVD0	0	unassigned	suzukii	D. suzukii
A0ABM4TVD1	1	U-01	suzukii	D. suzukii
A0ABM4TVD3	0	unassigned	suzukii	D. suzukii
A0ABM4TVD6	0	unassigned	suzukii	D. suzukii
A0ABM4TVD9	1	U-01	suzukii	D. suzukii
A0ABM4TVE0	0	unassigned	suzukii	D. suzukii
A0ABM4TVE1	1	U-01	suzukii	D. suzukii
A0ABM4TVE7	0	unassigned	suzukii	D. suzukii
A0ABM4TVE8	2	U-02	suzukii	D. suzukii
A0ABM4TVF3	2	U-02	suzukii	D. suzukii
A0ABM4TVF4	2	U-02	suzukii	D. suzukii
A0ABM4TVF5	1	U-01	suzukii	D. suzukii
A0ABM4TVF7	2	U-02	suzukii	D. suzukii
A0ABM4TVF9	1	U-01	suzukii	D. suzukii
A0ABM4TVG3	2	U-02	suzukii	D. suzukii
A0ABM4TVG4	2	U-02	suzukii	D. suzukii
A0ABM4TVG5	2	U-02	suzukii	D. suzukii
A0ABM4TVH8	1	U-01	suzukii	D. suzukii
A0ABM4TVI2	3	U-03	suzukii	D. suzukii
A0ABM4TVJ6	3	U-03	suzukii	D. suzukii
A0ABM4TVK7	1	U-01	suzukii	D. suzukii
A0ABM4TVM6	0	unassigned	suzukii	D. suzukii
A0AB39ZK42	1	U-01	suzukii	D. suzukii
A0AB39ZK43	1	U-01	suzukii	D. suzukii
A0AB39ZK46	1	U-01	suzukii	D. suzukii
A0AB39ZK47	1	U-01	suzukii	D. suzukii
A0AB39ZK48	1	U-01	suzukii	D. suzukii
A0AB39ZK49	1	U-01	suzukii	D. suzukii
A0AB39ZK54	2	U-02	suzukii	D. suzukii
A0AB39ZK55	3	U-03	suzukii	D. suzukii
A0AB39ZK56	1	U-01	suzukii	D. suzukii
A0AB39ZK58	1	U-01	suzukii	D. suzukii
A0AB39ZK60	3	U-03	suzukii	D. suzukii
A0AB39ZK61	1	U-01	suzukii	D. suzukii
A0AB39ZK62	1	U-01	suzukii	D. suzukii
A0AB39ZK65	1	U-01	suzukii	D. suzukii
A0AB39ZK66	1	U-01	suzukii	D. suzukii
A0AB39ZK67	1	U-01	suzukii	D. suzukii
A0AB39ZK69	2	U-02	suzukii	D. suzukii
A0AB39ZK75	1	U-01	suzukii	D. suzukii
A0AB39ZK76	1	U-01	suzukii	D. suzukii
A0AB39ZK82	1	U-01	suzukii	D. suzukii
A0AB39ZK85	1	U-01	suzukii	D. suzukii
A0AB39ZK86	2	U-02	suzukii	D. suzukii
A0AB39ZK87	1	U-01	suzukii	D. suzukii
A0AB39ZK89	1	U-01	suzukii	D. suzukii
A0AB39ZK90	1	U-01	suzukii	D. suzukii
A0AB39ZK91	1	U-01	suzukii	D. suzukii
A0AB39ZK92	3	U-03	suzukii	D. suzukii
A0AB39ZK93	1	U-01	suzukii	D. suzukii
A0AB39ZK98	1	U-01	suzukii	D. suzukii
A0AB39ZK99	2	U-02	suzukii	D. suzukii
A0AB39ZKA2	1	U-01	suzukii	D. suzukii
A0AB39ZKA6	3	U-03	suzukii	D. suzukii
A0AB39ZKA7	1	U-01	suzukii	D. suzukii
A0AB39ZKB2	1	U-01	suzukii	D. suzukii
A0AB39ZKB3	1	U-01	suzukii	D. suzukii
A0AB39ZKB4	2	U-02	suzukii	D. suzukii
A0AB39ZKB5	1	U-01	suzukii	D. suzukii
A0AB39ZKB6	3	U-03	suzukii	D. suzukii
A0AB39ZKB7	3	U-03	suzukii	D. suzukii
A0AB39ZKB9	3	U-03	suzukii	D. suzukii
A0AB39ZKC1	1	U-01	suzukii	D. suzukii
A0AB39ZKC3	3	U-03	suzukii	D. suzukii
A0AB39ZKC4	1	U-01	suzukii	D. suzukii
A0AB39ZKC5	1	U-01	suzukii	D. suzukii
A0AB39ZKC6	3	U-03	suzukii	D. suzukii
A0AB39ZKC9	1	U-01	suzukii	D. suzukii
A0AB39ZKD1	1	U-01	suzukii	D. suzukii
A0AB39ZKD3	3	U-03	suzukii	D. suzukii
A0AB39ZKD4	1	U-01	suzukii	D. suzukii
A0AB39ZKE0	1	U-01	suzukii	D. suzukii
A0AB39ZKE1	1	U-01	suzukii	D. suzukii
A0AB39ZKE2	2	U-02	suzukii	D. suzukii
A0AB39ZKE3	1	U-01	suzukii	D. suzukii
A0AB39ZKE6	1	U-01	suzukii	D. suzukii
A0AB39ZKE8	1	U-01	suzukii	D. suzukii
A0AB39ZKF4	0	unassigned	suzukii	D. suzukii
A0AB39ZKF5	1	U-01	suzukii	D. suzukii
A0AB39ZKF6	1	U-01	suzukii	D. suzukii
A0AB39ZKF8	3	U-03	suzukii	D. suzukii
A0AB39ZKF9	1	U-01	suzukii	D. suzukii
A0AB39ZKG0	2	U-02	suzukii	D. suzukii
A0AB39ZKG3	1	U-01	suzukii	D. suzukii
A0AB39ZKG4	0	unassigned	suzukii	D. suzukii
A0AB39ZKG5	1	U-01	suzukii	D. suzukii
A0AB39ZKG6	0	unassigned	suzukii	D. suzukii
A0AB39ZKH0	0	unassigned	suzukii	D. suzukii
A0AB39ZKH1	0	unassigned	suzukii	D. suzukii
A0AB39ZKH5	0	unassigned	suzukii	D. suzukii
A0AB39ZKH7	1	U-01	suzukii	D. suzukii
A0AB39ZKI0	1	U-01	suzukii	D. suzukii
A0AB39ZKI2	1	U-01	suzukii	D. suzukii
A0AB39ZKI4	1	U-01	suzukii	D. suzukii
A0AB39ZKI5	0	unassigned	suzukii	D. suzukii
A0AB39ZKI9	1	U-01	suzukii	D. suzukii
A0AB39ZKJ2	2	U-02	suzukii	D. suzukii
A0AB39ZKJ3	0	unassigned	suzukii	D. suzukii
A0AB39ZKJ4	1	U-01	suzukii	D. suzukii
A0AB39ZKJ6	0	unassigned	suzukii	D. suzukii
A0AB39ZKJ7	3	U-03	suzukii	D. suzukii
A0AB39ZKJ8	1	U-01	suzukii	D. suzukii
A0AB39ZKJ9	1	U-01	suzukii	D. suzukii
A0AB39ZKK0	1	U-01	suzukii	D. suzukii
A0AB39ZKK1	0	unassigned	suzukii	D. suzukii
A0AB39ZKK2	1	U-01	suzukii	D. suzukii
A0AB39ZMS9	1	U-01	suzukii	D. suzukii
A0AB39ZMT0	1	U-01	suzukii	D. suzukii
A0AB39ZMT2	3	U-03	suzukii	D. suzukii
A0AB39ZMT8	2	U-02	suzukii	D. suzukii
A0AB39ZMU0	1	U-01	suzukii	D. suzukii
A0AB39ZMU4	1	U-01	suzukii	D. suzukii
A0AB39ZMU5	1	U-01	suzukii	D. suzukii
A0AB39ZMU6	1	U-01	suzukii	D. suzukii
A0AB39ZMU7	1	U-01	suzukii	D. suzukii
A0AB39ZMV1	1	U-01	suzukii	D. suzukii
A0AB39ZMV3	1	U-01	suzukii	D. suzukii
A0AB39ZMV9	1	U-01	suzukii	D. suzukii
A0AB39ZMW6	1	U-01	suzukii	D. suzukii
A0AB39ZMW8	1	U-01	suzukii	D. suzukii
A0AB39ZMX2	0	unassigned	suzukii	D. suzukii
A0AB39ZMX8	1	U-01	suzukii	D. suzukii
A0AB40A863	1	U-01	suzukii	D. suzukii
A0AB40A865	1	U-01	suzukii	D. suzukii
A0AB40A866	2	U-02	suzukii	D. suzukii
A0AB40A868	3	U-03	suzukii	D. suzukii
A0AB40A871	2	U-02	suzukii	D. suzukii
A0AB40A872	1	U-01	suzukii	D. suzukii
A0AB40A875	1	U-01	suzukii	D. suzukii
A0AB40A879	1	U-01	suzukii	D. suzukii
A0AB40A880	0	unassigned	suzukii	D. suzukii
A0AB40A886	1	U-01	suzukii	D. suzukii
A0AB40A888	1	U-01	suzukii	D. suzukii
A0AB40A890	1	U-01	suzukii	D. suzukii
A0AB40A899	1	U-01	suzukii	D. suzukii
A0AB40A8A0	1	U-01	suzukii	D. suzukii
A0AB40A8A1	1	U-01	suzukii	D. suzukii
A0AB40A8A2	1	U-01	suzukii	D. suzukii
A0AB40A8A3	1	U-01	suzukii	D. suzukii
A0AB40A8A4	3	U-03	suzukii	D. suzukii
A0AB40A8A5	1	U-01	suzukii	D. suzukii
A0AB40A8A7	1	U-01	suzukii	D. suzukii
A0AB40A8A8	1	U-01	suzukii	D. suzukii
A0AB40A8A9	1	U-01	suzukii	D. suzukii
A0AB40A8B2	0	unassigned	suzukii	D. suzukii
A0AB40A8B5	2	U-02	suzukii	D. suzukii
A0AB40A8B6	1	U-01	suzukii	D. suzukii
A0AB40A8B8	3	U-03	suzukii	D. suzukii
A0AB40A8C2	0	unassigned	suzukii	D. suzukii
A0AB40A8C3	3	U-03	suzukii	D. suzukii
A0AB40A8C5	1	U-01	suzukii	D. suzukii
A0AB40A8C7	2	U-02	suzukii	D. suzukii
A0AB40A8C9	1	U-01	suzukii	D. suzukii
A0AB40A8D0	1	U-01	suzukii	D. suzukii
A0AB40A8D1	1	U-01	suzukii	D. suzukii
A0AB40A8D2	1	U-01	suzukii	D. suzukii
A0AB40A8D4	1	U-01	suzukii	D. suzukii
A0AB40A8D6	1	U-01	suzukii	D. suzukii
A0AB40A8D7	1	U-01	suzukii	D. suzukii
A0AB40A8D9	2	U-02	suzukii	D. suzukii
A0AB40A8E0	1	U-01	suzukii	D. suzukii
A0AB40A8E6	1	U-01	suzukii	D. suzukii
A0AB40A8E8	1	U-01	suzukii	D. suzukii
A0AB40A8F1	0	unassigned	suzukii	D. suzukii
A0AB40A8F3	1	U-01	suzukii	D. suzukii
A0AB40A8F5	1	U-01	suzukii	D. suzukii
A0AB40A8G2	1	U-01	suzukii	D. suzukii
A0AB40A8G5	1	U-01	suzukii	D. suzukii
A0AB40A8G9	1	U-01	suzukii	D. suzukii
A0AB40A8H0	3	U-03	suzukii	D. suzukii
A0AB40A8H1	0	unassigned	suzukii	D. suzukii
A0AB40A8H2	0	unassigned	suzukii	D. suzukii
A0AB40A8H4	1	U-01	suzukii	D. suzukii
A0AB40A8H7	1	U-01	suzukii	D. suzukii
A0AB40A8I1	1	U-01	suzukii	D. suzukii
A0AB40A8I4	1	U-01	suzukii	D. suzukii
A0AB40A8I6	1	U-01	suzukii	D. suzukii
A0AB40A8I8	1	U-01	suzukii	D. suzukii
A0AB40A8I9	1	U-01	suzukii	D. suzukii
A0AB40A8J1	3	U-03	suzukii	D. suzukii
A0AB40A8J6	1	U-01	suzukii	D. suzukii
A0AB40A8J7	1	U-01	suzukii	D. suzukii
A0AB40A8J8	1	U-01	suzukii	D. suzukii
A0AB40A8J9	1	U-01	suzukii	D. suzukii
A0AB40A8K7	3	U-03	suzukii	D. suzukii
A0AB40A8L0	1	U-01	suzukii	D. suzukii
A0AB40ACT0	1	U-01	suzukii	D. suzukii
A0AB40ACT2	1	U-01	suzukii	D. suzukii
A0AB40ACT3	1	U-01	suzukii	D. suzukii
A0AB40ACT4	3	U-03	suzukii	D. suzukii
A0AB40ACT7	1	U-01	suzukii	D. suzukii
A0AB40ACT9	0	unassigned	suzukii	D. suzukii
A0AB40ACU1	1	U-01	suzukii	D. suzukii
A0AB40ACU3	1	U-01	suzukii	D. suzukii
A0AB40ACU4	1	U-01	suzukii	D. suzukii
A0AB40ACU5	0	unassigned	suzukii	D. suzukii
A0AB40ACU9	1	U-01	suzukii	D. suzukii
A0AB40ACV2	0	unassigned	suzukii	D. suzukii
A0AB40ACV3	0	unassigned	suzukii	D. suzukii
A0AB40ACV6	2	U-02	suzukii	D. suzukii
A0AB40ACV8	1	U-01	suzukii	D. suzukii
A0AB40ACV9	0	unassigned	suzukii	D. suzukii
A0AB40ACW1	1	U-01	suzukii	D. suzukii
A0AB40ACW7	1	U-01	suzukii	D. suzukii
A0AB40ACW8	1	U-01	suzukii	D. suzukii
A0AB40ACW9	0	unassigned	suzukii	D. suzukii
A0AB40ACX0	1	U-01	suzukii	D. suzukii
A0AB40ACX2	1	U-01	suzukii	D. suzukii
A0AB40ACX5	1	U-01	suzukii	D. suzukii
A0AB40ACX9	0	unassigned	suzukii	D. suzukii
A0AB40ACY0	1	U-01	suzukii	D. suzukii
A0AB40ACY4	0	unassigned	suzukii	D. suzukii
A0AB40ACY6	1	U-01	suzukii	D. suzukii
A0AB40ACY9	0	unassigned	suzukii	D. suzukii
A0AB40ACZ2	1	U-01	suzukii	D. suzukii
A0AB40ACZ3	1	U-01	suzukii	D. suzukii
A0AB40ACZ5	1	U-01	suzukii	D. suzukii
A0AB40ACZ6	1	U-01	suzukii	D. suzukii
A0AB40AD01	1	U-01	suzukii	D. suzukii
A0AB40AD02	1	U-01	suzukii	D. suzukii
A0AB40AD04	1	U-01	suzukii	D. suzukii
A0AB40AD05	1	U-01	suzukii	D. suzukii
A0ABM4TWW3	1	U-01	suzukii	D. suzukii
A0ABM4TWW4	0	unassigned	suzukii	D. suzukii
A0ABM4TWW5	0	unassigned	suzukii	D. suzukii
A0ABM4TWW7	0	unassigned	suzukii	D. suzukii
A0ABM4TWW8	0	unassigned	suzukii	D. suzukii
A0ABM4TWX2	0	unassigned	suzukii	D. suzukii
A0ABM4TWX4	0	unassigned	suzukii	D. suzukii
A0ABM4TWX5	1	U-01	suzukii	D. suzukii
A0ABM4TWX6	0	unassigned	suzukii	D. suzukii
A0ABM4TWX7	0	unassigned	suzukii	D. suzukii
A0ABM4TWX8	0	unassigned	suzukii	D. suzukii
A0ABM4TWY3	0	unassigned	suzukii	D. suzukii
A0ABM4TWY4	0	unassigned	suzukii	D. suzukii
A0ABM4TWY5	0	unassigned	suzukii	D. suzukii
A0ABM4TWY6	1	U-01	suzukii	D. suzukii
A0ABM4TWY9	1	U-01	suzukii	D. suzukii
A0ABM4TWZ0	0	unassigned	suzukii	D. suzukii
A0ABM4TWZ1	0	unassigned	suzukii	D. suzukii
A0ABM4TWZ2	0	unassigned	suzukii	D. suzukii
A0ABM4TWZ3	1	U-01	suzukii	D. suzukii
A0ABM4TWZ5	1	U-01	suzukii	D. suzukii
A0ABM4TWZ6	0	unassigned	suzukii	D. suzukii
A0ABM4TX00	0	unassigned	suzukii	D. suzukii
A0ABM4TX01	1	U-01	suzukii	D. suzukii
A0ABM4TX03	1	U-01	suzukii	D. suzukii
A0ABM4TX04	1	U-01	suzukii	D. suzukii
A0ABM4TX05	1	U-01	suzukii	D. suzukii
A0ABM4TX07	0	unassigned	suzukii	D. suzukii
A0ABM4TX08	1	U-01	suzukii	D. suzukii
A0ABM4TX10	1	U-01	suzukii	D. suzukii
A0ABM4TX11	1	U-01	suzukii	D. suzukii
A0ABM4TX12	1	U-01	suzukii	D. suzukii
A0ABM4TX13	2	U-02	suzukii	D. suzukii
A0ABM4TX16	1	U-01	suzukii	D. suzukii
A0ABM4TX17	1	U-01	suzukii	D. suzukii
A0ABM4TX18	0	unassigned	suzukii	D. suzukii
A0ABM4TX19	1	U-01	suzukii	D. suzukii
A0ABM4TX21	0	unassigned	suzukii	D. suzukii
A0ABM4TX23	1	U-01	suzukii	D. suzukii
A0ABM4TX24	0	unassigned	suzukii	D. suzukii
A0ABM4TZ16	2	U-02	suzukii	D. suzukii
A0ABM4TZ17	2	U-02	suzukii	D. suzukii
A0ABM4TZ20	0	unassigned	suzukii	D. suzukii
A0ABM4TZ21	2	U-02	suzukii	D. suzukii
A0ABM4TZ22	0	unassigned	suzukii	D. suzukii
A0ABM4TZ23	3	U-03	suzukii	D. suzukii
A0ABM4TZ24	0	unassigned	suzukii	D. suzukii
A0ABM4TZ25	1	U-01	suzukii	D. suzukii
A0ABM4TZ26	0	unassigned	suzukii	D. suzukii
A0ABM4TZ27	2	U-02	suzukii	D. suzukii
A0ABM4TZ28	1	U-01	suzukii	D. suzukii
A0ABM4TZ29	1	U-01	suzukii	D. suzukii
A0ABM4TZ31	1	U-01	suzukii	D. suzukii
A0ABM4TZ34	1	U-01	suzukii	D. suzukii
A0ABM4TZ35	1	U-01	suzukii	D. suzukii
A0ABM4TZ36	1	U-01	suzukii	D. suzukii
A0ABM4TZ38	1	U-01	suzukii	D. suzukii
A0ABM4TZ40	1	U-01	suzukii	D. suzukii
A0ABM4TZ42	0	unassigned	suzukii	D. suzukii
A0ABM4TZ43	0	unassigned	suzukii	D. suzukii
A0ABM4TZ44	0	unassigned	suzukii	D. suzukii
A0ABM4TZ45	1	U-01	suzukii	D. suzukii
A0ABM4TZ46	1	U-01	suzukii	D. suzukii
A0ABM4TZ47	1	U-01	suzukii	D. suzukii
A0ABM4TZ48	2	U-02	suzukii	D. suzukii
A0ABM4TZ49	2	U-02	suzukii	D. suzukii
A0ABM4TZ50	2	U-02	suzukii	D. suzukii
A0ABM4TZ51	0	unassigned	suzukii	D. suzukii
A0ABM4TZ52	1	U-01	suzukii	D. suzukii
A0ABM4TZ54	0	unassigned	suzukii	D. suzukii
A0ABM4TZ56	0	unassigned	suzukii	D. suzukii
A0ABM4TZ59	1	U-01	suzukii	D. suzukii
A0ABM4TZ60	0	unassigned	suzukii	D. suzukii
A0ABM4TZ61	0	unassigned	suzukii	D. suzukii
A0ABM4TZ65	1	U-01	suzukii	D. suzukii
A0ABM4TZ66	1	U-01	suzukii	D. suzukii
A0ABM4TZ67	1	U-01	suzukii	D. suzukii
A0ABM4TZ68	1	U-01	suzukii	D. suzukii
A0ABM4TZ69	0	unassigned	suzukii	D. suzukii
A0ABM4TZ71	0	unassigned	suzukii	D. suzukii
A0ABM4TZ73	1	U-01	suzukii	D. suzukii
A0ABM4TZ76	1	U-01	suzukii	D. suzukii
A0ABM4TZ77	0	unassigned	suzukii	D. suzukii
A0ABM4TZ79	0	unassigned	suzukii	D. suzukii
A0ABM4TZ81	0	unassigned	suzukii	D. suzukii
A0ABM4TZ83	0	unassigned	suzukii	D. suzukii
A0ABM4TZ84	0	unassigned	suzukii	D. suzukii
A0ABM4TZ85	0	unassigned	suzukii	D. suzukii
A0ABM4TZ87	1	U-01	suzukii	D. suzukii
A0ABM4TZ88	1	U-01	suzukii	D. suzukii
A0ABM4TZ89	0	unassigned	suzukii	D. suzukii
A0ABM4TZ90	1	U-01	suzukii	D. suzukii
A0ABM4TZ91	1	U-01	suzukii	D. suzukii
A0ABM4TZ92	3	U-03	suzukii	D. suzukii
A0ABM4TZ94	1	U-01	suzukii	D. suzukii
A0ABM4TZ95	0	unassigned	suzukii	D. suzukii
A0ABM4TZ96	0	unassigned	suzukii	D. suzukii
A0ABM4TZ97	1	U-01	suzukii	D. suzukii
A0ABM4TZ98	1	U-01	suzukii	D. suzukii
A0ABM4TZ99	1	U-01	suzukii	D. suzukii
A0AB39ZW93	2	U-02	suzukii	D. suzukii
A0AB39ZW94	1	U-01	suzukii	D. suzukii
A0AB39ZW95	2	U-02	suzukii	D. suzukii
A0AB39ZW96	0	unassigned	suzukii	D. suzukii
A0AB39ZW97	1	U-01	suzukii	D. suzukii
A0AB39ZW98	2	U-02	suzukii	D. suzukii
A0AB39ZWA2	1	U-01	suzukii	D. suzukii
A0AB39ZWA3	2	U-02	suzukii	D. suzukii
A0AB39ZWA6	2	U-02	suzukii	D. suzukii
A0AB39ZWA7	2	U-02	suzukii	D. suzukii
A0AB39ZWA8	1	U-01	suzukii	D. suzukii
A0AB39ZWA9	1	U-01	suzukii	D. suzukii
A0AB39ZWB0	1	U-01	suzukii	D. suzukii
A0AB39ZWB2	1	U-01	suzukii	D. suzukii
A0AB39ZWB4	1	U-01	suzukii	D. suzukii
A0AB40A338	0	unassigned	suzukii	D. suzukii
A0AB40A339	1	U-01	suzukii	D. suzukii
A0AB40A342	1	U-01	suzukii	D. suzukii
A0AB40A352	1	U-01	suzukii	D. suzukii
A0AB40A354	1	U-01	suzukii	D. suzukii
A0AB40A356	1	U-01	suzukii	D. suzukii
A0AB40A360	1	U-01	suzukii	D. suzukii
A0AB40A361	1	U-01	suzukii	D. suzukii
A0AB40A362	1	U-01	suzukii	D. suzukii
A0AB40A367	1	U-01	suzukii	D. suzukii
A0AB40A379	1	U-01	suzukii	D. suzukii
A0AB40A383	3	U-03	suzukii	D. suzukii
A0AB40A385	3	U-03	suzukii	D. suzukii
A0AB40A387	2	U-02	suzukii	D. suzukii
A0AB40A389	1	U-01	suzukii	D. suzukii
A0AB40A390	2	U-02	suzukii	D. suzukii
A0AB40A392	2	U-02	suzukii	D. suzukii
A0AB40A395	2	U-02	suzukii	D. suzukii
A0AB40A396	1	U-01	suzukii	D. suzukii
A0AB40A397	2	U-02	suzukii	D. suzukii
A0AB40A399	1	U-01	suzukii	D. suzukii
A0AB40A3A2	0	unassigned	suzukii	D. suzukii
A0AB40A3A5	2	U-02	suzukii	D. suzukii
A0AB40A3A6	1	U-01	suzukii	D. suzukii
A0AB40A3B5	1	U-01	suzukii	D. suzukii
A0AB40A3C2	1	U-01	suzukii	D. suzukii
A0AB40A3D2	1	U-01	suzukii	D. suzukii
A0AB40A3D7	0	unassigned	suzukii	D. suzukii
A0AB40A3D8	1	U-01	suzukii	D. suzukii
A0AB40A3E0	2	U-02	suzukii	D. suzukii
A0AB40A3E1	1	U-01	suzukii	D. suzukii
A0AB40A3E2	1	U-01	suzukii	D. suzukii
A0AB40A3E6	2	U-02	suzukii	D. suzukii
A0AB40A3E9	1	U-01	suzukii	D. suzukii
A0AB40A3F1	2	U-02	suzukii	D. suzukii
A0AB40A3F6	0	unassigned	suzukii	D. suzukii
A0AB40A3F7	0	unassigned	suzukii	D. suzukii
A0AB40A3G3	1	U-01	suzukii	D. suzukii
A0AB40A3G4	2	U-02	suzukii	D. suzukii
A0AB40A3G5	1	U-01	suzukii	D. suzukii
A0AB40A3I5	1	U-01	suzukii	D. suzukii
A0AB40A3I8	0	unassigned	suzukii	D. suzukii
A0AB40A3I9	0	unassigned	suzukii	D. suzukii
A0AB40A3J3	0	unassigned	suzukii	D. suzukii
A0AB40A3J8	1	U-01	suzukii	D. suzukii
A0AB40A3K5	0	unassigned	suzukii	D. suzukii
A0AB40A3K6	1	U-01	suzukii	D. suzukii
A0AB40A3K7	1	U-01	suzukii	D. suzukii
A0AB40A3L3	1	U-01	suzukii	D. suzukii
A0AB40A3L4	1	U-01	suzukii	D. suzukii
A0AB40A3L9	1	U-01	suzukii	D. suzukii
A0AB40A3M1	3	U-03	suzukii	D. suzukii
A0AB40A3M2	3	U-03	suzukii	D. suzukii
A0AB40A3M8	1	U-01	suzukii	D. suzukii
A0AB40A3N0	2	U-02	suzukii	D. suzukii
A0AB40A3N1	2	U-02	suzukii	D. suzukii
A0AB40A3P2	1	U-01	suzukii	D. suzukii
A0AB40A3Q3	1	U-01	suzukii	D. suzukii
A0AB40A3Q4	1	U-01	suzukii	D. suzukii
A0AB40A3Q5	0	unassigned	suzukii	D. suzukii
A0AB40A3Q9	1	U-01	suzukii	D. suzukii
A0AB40A3S1	1	U-01	suzukii	D. suzukii
A0AB40A3S5	1	U-01	suzukii	D. suzukii
A0AB40A3S9	2	U-02	suzukii	D. suzukii
A0AB40A3T0	2	U-02	suzukii	D. suzukii
A0AB40A3T9	1	U-01	suzukii	D. suzukii
A0AB40A3U0	1	U-01	suzukii	D. suzukii
A0AB40A3U6	1	U-01	suzukii	D. suzukii
A0AB40A3V5	1	U-01	suzukii	D. suzukii
A0AB40A3V6	2	U-02	suzukii	D. suzukii
A0AB40A3V9	3	U-03	suzukii	D. suzukii
A0AB40A3W5	1	U-01	suzukii	D. suzukii
A0AB40A3W7	2	U-02	suzukii	D. suzukii
A0AB40A3W8	1	U-01	suzukii	D. suzukii
A0AB40A3X1	1	U-01	suzukii	D. suzukii
A0AB40A3Y0	1	U-01	suzukii	D. suzukii
A0AB40A3Z4	1	U-01	suzukii	D. suzukii
A0AB40A3Z6	1	U-01	suzukii	D. suzukii
A0AB40A3Z7	2	U-02	suzukii	D. suzukii
A0AB40A3Z9	2	U-02	suzukii	D. suzukii
A0AB40A403	0	unassigned	suzukii	D. suzukii
A0AB40A408	1	U-01	suzukii	D. suzukii
A0AB40A413	1	U-01	suzukii	D. suzukii
A0AB40A416	0	unassigned	suzukii	D. suzukii
A0AB40A417	1	U-01	suzukii	D. suzukii
A0AB39Z9Q5	1	U-01	suzukii	D. suzukii
A0AB39Z9Q6	1	U-01	suzukii	D. suzukii
A0AB39Z9Q7	1	U-01	suzukii	D. suzukii
A0AB39Z9Q8	1	U-01	suzukii	D. suzukii
A0AB39Z9R1	1	U-01	suzukii	D. suzukii
A0AB39Z9R2	0	unassigned	suzukii	D. suzukii
A0AB39Z9R4	1	U-01	suzukii	D. suzukii
A0AB39Z9R6	1	U-01	suzukii	D. suzukii
A0AB39Z9R7	3	U-03	suzukii	D. suzukii
A0AB39Z9R8	1	U-01	suzukii	D. suzukii
A0AB39Z9S1	1	U-01	suzukii	D. suzukii
A0AB39Z9S2	1	U-01	suzukii	D. suzukii
A0AB39Z9S3	1	U-01	suzukii	D. suzukii
A0AB39Z9S5	0	unassigned	suzukii	D. suzukii
A0AB39Z9S6	1	U-01	suzukii	D. suzukii
A0AB39Z9S7	1	U-01	suzukii	D. suzukii
A0AB39Z9T0	2	U-02	suzukii	D. suzukii
A0AB39Z9T1	1	U-01	suzukii	D. suzukii
A0AB39Z9T2	1	U-01	suzukii	D. suzukii
A0AB39Z9T6	1	U-01	suzukii	D. suzukii
A0AB39Z9T8	1	U-01	suzukii	D. suzukii
A0AB39Z9U1	2	U-02	suzukii	D. suzukii
A0AB39Z9U3	1	U-01	suzukii	D. suzukii
A0AB39Z9U4	1	U-01	suzukii	D. suzukii
A0AB39Z9V2	1	U-01	suzukii	D. suzukii
A0AB39Z9V3	0	unassigned	suzukii	D. suzukii
A0AB39Z9V4	1	U-01	suzukii	D. suzukii
A0AB39Z9V6	1	U-01	suzukii	D. suzukii
A0AB39Z9V7	1	U-01	suzukii	D. suzukii
A0AB39Z9V8	1	U-01	suzukii	D. suzukii
A0AB39Z9W0	1	U-01	suzukii	D. suzukii
A0AB39Z9W5	1	U-01	suzukii	D. suzukii
A0AB39Z9X1	1	U-01	suzukii	D. suzukii
A0AB39Z9X2	1	U-01	suzukii	D. suzukii
A0AB39Z9X4	1	U-01	suzukii	D. suzukii
A0AB39Z9X6	1	U-01	suzukii	D. suzukii
A0AB39Z9X8	0	unassigned	suzukii	D. suzukii
A0AB39Z9X9	2	U-02	suzukii	D. suzukii
A0AB39Z9Y3	1	U-01	suzukii	D. suzukii
A0AB39Z9Y4	1	U-01	suzukii	D. suzukii
A0AB39Z9Y5	1	U-01	suzukii	D. suzukii
A0AB39Z9Y8	1	U-01	suzukii	D. suzukii
A0AB39Z9Y9	0	unassigned	suzukii	D. suzukii
A0AB39Z9Z2	1	U-01	suzukii	D. suzukii
A0AB39Z9Z4	1	U-01	suzukii	D. suzukii
A0AB39Z9Z5	0	unassigned	suzukii	D. suzukii
A0AB39ZA01	1	U-01	suzukii	D. suzukii
A0AB39ZA03	1	U-01	suzukii	D. suzukii
A0AB39ZA04	0	unassigned	suzukii	D. suzukii
A0AB39ZA05	1	U-01	suzukii	D. suzukii
A0AB39ZA06	2	U-02	suzukii	D. suzukii
A0AB39ZA07	1	U-01	suzukii	D. suzukii
A0AB39ZA08	2	U-02	suzukii	D. suzukii
A0AB39ZA09	1	U-01	suzukii	D. suzukii
A0AB39ZA11	2	U-02	suzukii	D. suzukii
A0AB39ZA16	1	U-01	suzukii	D. suzukii
A0AB39ZA17	1	U-01	suzukii	D. suzukii
A0AB39ZA18	2	U-02	suzukii	D. suzukii
A0AB39ZA23	1	U-01	suzukii	D. suzukii
A0AB39ZA24	2	U-02	suzukii	D. suzukii
A0AB39ZA26	1	U-01	suzukii	D. suzukii
A0AB39ZA30	1	U-01	suzukii	D. suzukii
A0AB39ZA31	2	U-02	suzukii	D. suzukii
A0AB39ZA32	1	U-01	suzukii	D. suzukii
A0AB39ZA34	1	U-01	suzukii	D. suzukii
A0AB39ZA35	0	unassigned	suzukii	D. suzukii
A0AB39ZA37	3	U-03	suzukii	D. suzukii
A0AB39ZA40	1	U-01	suzukii	D. suzukii
A0AB39ZA43	1	U-01	suzukii	D. suzukii
A0AB39ZA46	1	U-01	suzukii	D. suzukii
A0AB39ZA47	1	U-01	suzukii	D. suzukii
A0AB39ZA48	1	U-01	suzukii	D. suzukii
A0AB39ZA49	1	U-01	suzukii	D. suzukii
A0AB39ZA50	1	U-01	suzukii	D. suzukii
A0AB39ZA52	2	U-02	suzukii	D. suzukii
A0AB39ZA54	2	U-02	suzukii	D. suzukii
A0AB39ZA55	1	U-01	suzukii	D. suzukii
A0AB39ZA57	1	U-01	suzukii	D. suzukii
A0AB39ZA58	1	U-01	suzukii	D. suzukii
A0AB39ZA59	3	U-03	suzukii	D. suzukii
A0AB39ZA60	1	U-01	suzukii	D. suzukii
A0AB39ZA61	1	U-01	suzukii	D. suzukii
A0AB39ZA62	2	U-02	suzukii	D. suzukii
A0AB39ZA64	1	U-01	suzukii	D. suzukii
A0AB39ZA65	1	U-01	suzukii	D. suzukii
A0AB39ZA66	1	U-01	suzukii	D. suzukii
A0AB39ZA68	1	U-01	suzukii	D. suzukii
A0AB39ZA69	1	U-01	suzukii	D. suzukii
A0AB39ZA74	1	U-01	suzukii	D. suzukii
A0AB39ZA76	0	unassigned	suzukii	D. suzukii
A0AB39ZA83	1	U-01	suzukii	D. suzukii
A0AB39ZA84	1	U-01	suzukii	D. suzukii
A0AB39ZA85	0	unassigned	suzukii	D. suzukii
A0AB39ZA86	1	U-01	suzukii	D. suzukii
A0AB39ZGH8	1	U-01	suzukii	D. suzukii
A0AB39ZGI1	1	U-01	suzukii	D. suzukii
A0AB39ZGI3	1	U-01	suzukii	D. suzukii
A0AB39ZGI5	1	U-01	suzukii	D. suzukii
A0AB39ZGI8	0	unassigned	suzukii	D. suzukii
A0AB39ZGJ1	1	U-01	suzukii	D. suzukii
A0AB40DI32	1	U-01	suzukii	D. suzukii
A0AB40DI33	0	unassigned	suzukii	D. suzukii
A0AB40DI34	1	U-01	suzukii	D. suzukii
A0AB40DI40	1	U-01	suzukii	D. suzukii
A0AB40DI43	1	U-01	suzukii	D. suzukii
A0AB40DI46	1	U-01	suzukii	D. suzukii
A0AB40DI48	1	U-01	suzukii	D. suzukii
A0AB40DI49	3	U-03	suzukii	D. suzukii
A0AB40DI50	0	unassigned	suzukii	D. suzukii
A0AB40DI54	3	U-03	suzukii	D. suzukii
A0AB40DI58	1	U-01	suzukii	D. suzukii
A0AB40DI60	1	U-01	suzukii	D. suzukii
A0AB40DI65	1	U-01	suzukii	D. suzukii
A0AB40DI76	1	U-01	suzukii	D. suzukii
A0AB40DI81	1	U-01	suzukii	D. suzukii
A0AB40DI87	0	unassigned	suzukii	D. suzukii
A0AB40DI90	1	U-01	suzukii	D. suzukii
A0AB40DI95	1	U-01	suzukii	D. suzukii
A0AB40DI96	3	U-03	suzukii	D. suzukii
A0AB40DIA3	1	U-01	suzukii	D. suzukii
A0AB40DIA4	1	U-01	suzukii	D. suzukii
A0AB40DIA6	0	unassigned	suzukii	D. suzukii
A0AB40DIA7	2	U-02	suzukii	D. suzukii
A0AB40DIA8	1	U-01	suzukii	D. suzukii
A0AB40DIB3	0	unassigned	suzukii	D. suzukii
A0AB40DIC1	0	unassigned	suzukii	D. suzukii
A0AB40DIC2	1	U-01	suzukii	D. suzukii
A0AB40DIC3	2	U-02	suzukii	D. suzukii
A0AB40DIC8	1	U-01	suzukii	D. suzukii
A0AB40DID0	1	U-01	suzukii	D. suzukii
A0AB40DID3	1	U-01	suzukii	D. suzukii
A0AB40DID6	1	U-01	suzukii	D. suzukii
A0AB40DIE0	1	U-01	suzukii	D. suzukii
A0AB40DIE3	1	U-01	suzukii	D. suzukii
A0AB40DIE8	1	U-01	suzukii	D. suzukii
A0AB40DIF1	1	U-01	suzukii	D. suzukii
A0AB40DIF4	0	unassigned	suzukii	D. suzukii
A0AB40DIF5	3	U-03	suzukii	D. suzukii
A0AB40DIF6	1	U-01	suzukii	D. suzukii
A0AB40DIG4	1	U-01	suzukii	D. suzukii
A0AB40DIG7	1	U-01	suzukii	D. suzukii
A0AB40DIH0	0	unassigned	suzukii	D. suzukii
A0AB40DIH2	1	U-01	suzukii	D. suzukii
A0AB40DIH3	1	U-01	suzukii	D. suzukii
A0AB40DIH4	1	U-01	suzukii	D. suzukii
A0AB40DIH5	1	U-01	suzukii	D. suzukii
A0AB40DIH7	1	U-01	suzukii	D. suzukii
A0AB40DIH8	1	U-01	suzukii	D. suzukii
A0AB40DII0	0	unassigned	suzukii	D. suzukii
A0AB40DII8	0	unassigned	suzukii	D. suzukii
A0AB40DIJ0	0	unassigned	suzukii	D. suzukii
A0AB40DIJ3	0	unassigned	suzukii	D. suzukii
A0AB40DIJ8	0	unassigned	suzukii	D. suzukii
A0AB40DIK0	3	U-03	suzukii	D. suzukii
A0AB40DIK1	1	U-01	suzukii	D. suzukii
A0AB40DIK3	3	U-03	suzukii	D. suzukii
A0AB40DIK4	0	unassigned	suzukii	D. suzukii
A0AB40DIK6	2	U-02	suzukii	D. suzukii
A0AB40DIK8	1	U-01	suzukii	D. suzukii
A0AB40DIL0	1	U-01	suzukii	D. suzukii
A0AB40DIL1	1	U-01	suzukii	D. suzukii
A0AB40DIL6	2	U-02	suzukii	D. suzukii
A0AB40DIL7	1	U-01	suzukii	D. suzukii
A0AB40DIM2	0	unassigned	suzukii	D. suzukii
A0AB40DIM3	1	U-01	suzukii	D. suzukii
A0AB40DIN9	2	U-02	suzukii	D. suzukii
A0AB40DIP1	1	U-01	suzukii	D. suzukii
A0AB40DIP5	1	U-01	suzukii	D. suzukii
A0AB40DIP9	1	U-01	suzukii	D. suzukii
A0AB40DIQ1	3	U-03	suzukii	D. suzukii
A0AB40DIQ2	1	U-01	suzukii	D. suzukii
A0AB40DIQ5	1	U-01	suzukii	D. suzukii
A0AB40DIR0	1	U-01	suzukii	D. suzukii
A0AB40DIR5	1	U-01	suzukii	D. suzukii
A0AB40DIR8	1	U-01	suzukii	D. suzukii
A0AB40DIS3	1	U-01	suzukii	D. suzukii
A0ABM4TQK1	0	unassigned	suzukii	D. suzukii
A0ABM4TQK3	0	unassigned	suzukii	D. suzukii
A0ABM4TQK5	1	U-01	suzukii	D. suzukii
A0ABM4TQK6	0	unassigned	suzukii	D. suzukii
A0ABM4TQK7	3	U-03	suzukii	D. suzukii
A0ABM4TQK8	0	unassigned	suzukii	D. suzukii
A0ABM4TQL1	1	U-01	suzukii	D. suzukii
A0ABM4TQL2	1	U-01	suzukii	D. suzukii
A0ABM4TQL4	1	U-01	suzukii	D. suzukii
A0ABM4TQL5	1	U-01	suzukii	D. suzukii
A0ABM4TQL6	1	U-01	suzukii	D. suzukii
A0ABM4TQL7	1	U-01	suzukii	D. suzukii
A0ABM4TQM2	1	U-01	suzukii	D. suzukii
A0ABM4TQM6	1	U-01	suzukii	D. suzukii
A0ABM4TQM7	0	unassigned	suzukii	D. suzukii
A0ABM4TQM8	1	U-01	suzukii	D. suzukii
A0ABM4TQM9	1	U-01	suzukii	D. suzukii
A0ABM4TQN0	1	U-01	suzukii	D. suzukii
A0ABM4TQN1	1	U-01	suzukii	D. suzukii
A0ABM4TQN2	1	U-01	suzukii	D. suzukii
A0ABM4TQN9	1	U-01	suzukii	D. suzukii
A0ABM4TQP1	1	U-01	suzukii	D. suzukii
A0ABM4TQP2	1	U-01	suzukii	D. suzukii
A0ABM4TQP4	1	U-01	suzukii	D. suzukii
A0AB39ZD94	0	unassigned	suzukii	D. suzukii
A0AB39ZD95	1	U-01	suzukii	D. suzukii
A0AB39ZD96	1	U-01	suzukii	D. suzukii
A0AB39ZD99	1	U-01	suzukii	D. suzukii
A0AB39ZDA4	1	U-01	suzukii	D. suzukii
A0AB39ZDA6	1	U-01	suzukii	D. suzukii
A0AB39ZDA8	2	U-02	suzukii	D. suzukii
A0AB39ZDA9	2	U-02	suzukii	D. suzukii
A0AB39ZDB3	1	U-01	suzukii	D. suzukii
A0AB39ZDB4	2	U-02	suzukii	D. suzukii
A0AB39ZDB6	1	U-01	suzukii	D. suzukii
A0AB39ZDB7	1	U-01	suzukii	D. suzukii
A0AB39ZDC3	3	U-03	suzukii	D. suzukii
A0AB39ZDC7	1	U-01	suzukii	D. suzukii
A0AB39ZDD1	1	U-01	suzukii	D. suzukii
A0AB39ZDD2	0	unassigned	suzukii	D. suzukii
A0AB39ZDD7	1	U-01	suzukii	D. suzukii
A0AB39ZDD9	1	U-01	suzukii	D. suzukii
A0AB39ZDE0	1	U-01	suzukii	D. suzukii
A0AB39ZDE3	2	U-02	suzukii	D. suzukii
A0AB39ZDF5	1	U-01	suzukii	D. suzukii
A0AB39ZDF8	2	U-02	suzukii	D. suzukii
A0AB39ZDG0	1	U-01	suzukii	D. suzukii
A0AB39ZDG4	1	U-01	suzukii	D. suzukii
A0AB39ZDG5	1	U-01	suzukii	D. suzukii
A0AB39ZDG7	1	U-01	suzukii	D. suzukii
A0AB39ZDH2	0	unassigned	suzukii	D. suzukii
A0AB39ZDH3	1	U-01	suzukii	D. suzukii
A0AB39ZDH5	2	U-02	suzukii	D. suzukii
A0AB39ZDI1	1	U-01	suzukii	D. suzukii
A0AB39ZDI9	1	U-01	suzukii	D. suzukii
A0AB39ZDJ4	0	unassigned	suzukii	D. suzukii
A0AB39ZDJ5	2	U-02	suzukii	D. suzukii
A0AB39ZDK4	1	U-01	suzukii	D. suzukii
A0AB39ZDK9	1	U-01	suzukii	D. suzukii
A0AB39ZDL7	1	U-01	suzukii	D. suzukii
A0AB39ZDM1	1	U-01	suzukii	D. suzukii
A0AB39ZDN3	1	U-01	suzukii	D. suzukii
A0AB39ZDN4	1	U-01	suzukii	D. suzukii
A0AB39ZDP5	1	U-01	suzukii	D. suzukii
A0AB39ZDP9	1	U-01	suzukii	D. suzukii
A0AB39ZDQ7	0	unassigned	suzukii	D. suzukii
A0AB39ZDR3	1	U-01	suzukii	D. suzukii
A0AB39ZDR4	1	U-01	suzukii	D. suzukii
A0AB39ZDR5	3	U-03	suzukii	D. suzukii
A0AB39ZDS1	1	U-01	suzukii	D. suzukii
A0AB39ZDS7	1	U-01	suzukii	D. suzukii
A0AB39ZDT3	1	U-01	suzukii	D. suzukii
A0AB39ZDT9	1	U-01	suzukii	D. suzukii
A0AB39ZDU2	2	U-02	suzukii	D. suzukii
A0AB39ZDU4	2	U-02	suzukii	D. suzukii
A0AB39ZDU9	0	unassigned	suzukii	D. suzukii
A0AB39ZDV0	3	U-03	suzukii	D. suzukii
A0AB39ZDV7	2	U-02	suzukii	D. suzukii
A0AB39ZDW3	2	U-02	suzukii	D. suzukii
A0AB39ZJZ3	1	U-01	suzukii	D. suzukii
A0AB39ZJZ6	1	U-01	suzukii	D. suzukii
A0AB39ZJZ7	1	U-01	suzukii	D. suzukii
A0AB39ZJZ8	1	U-01	suzukii	D. suzukii
A0AB39ZJZ9	1	U-01	suzukii	D. suzukii
A0AB39ZK02	3	U-03	suzukii	D. suzukii
A0AB39ZK04	3	U-03	suzukii	D. suzukii
A0AB39ZK12	1	U-01	suzukii	D. suzukii
A0AB39ZK15	1	U-01	suzukii	D. suzukii
A0AB39ZK19	1	U-01	suzukii	D. suzukii
A0AB39ZK21	1	U-01	suzukii	D. suzukii
A0AB39ZK23	1	U-01	suzukii	D. suzukii
A0AB39ZK30	2	U-02	suzukii	D. suzukii
A0AB39ZK31	1	U-01	suzukii	D. suzukii
A0AB39ZK35	1	U-01	suzukii	D. suzukii
A0AB39ZK37	2	U-02	suzukii	D. suzukii
A0AB39ZK38	3	U-03	suzukii	D. suzukii
A0AB39ZK44	1	U-01	suzukii	D. suzukii
A0AB39ZK45	1	U-01	suzukii	D. suzukii
A0AB39ZK50	2	U-02	suzukii	D. suzukii
A0AB39ZK52	1	U-01	suzukii	D. suzukii
A0AB39ZK57	1	U-01	suzukii	D. suzukii
A0AB39ZK63	1	U-01	suzukii	D. suzukii
A0AB39ZK68	1	U-01	suzukii	D. suzukii
A0AB39ZK70	1	U-01	suzukii	D. suzukii
A0AB39ZK71	2	U-02	suzukii	D. suzukii
A0AB39ZK73	1	U-01	suzukii	D. suzukii
A0AB39ZK80	2	U-02	suzukii	D. suzukii
A0AB39ZK83	2	U-02	suzukii	D. suzukii
A0AB39ZK84	1	U-01	suzukii	D. suzukii
A0AB39ZK88	1	U-01	suzukii	D. suzukii
A0AB39ZK94	1	U-01	suzukii	D. suzukii
A0AB39ZK96	1	U-01	suzukii	D. suzukii
A0AB39ZK97	1	U-01	suzukii	D. suzukii
A0AB39ZKA0	1	U-01	suzukii	D. suzukii
A0AB39ZKA3	0	unassigned	suzukii	D. suzukii
A0AB39ZKA9	1	U-01	suzukii	D. suzukii
A0AB39ZKB8	1	U-01	suzukii	D. suzukii
A0AB39ZKC0	1	U-01	suzukii	D. suzukii
A0AB39ZKC7	0	unassigned	suzukii	D. suzukii
A0AB39ZKC8	1	U-01	suzukii	D. suzukii
A0AB39ZKD0	1	U-01	suzukii	D. suzukii
A0AB39ZKD6	1	U-01	suzukii	D. suzukii
A0AB39ZKD7	1	U-01	suzukii	D. suzukii
A0AB39ZKD8	0	unassigned	suzukii	D. suzukii
A0AB40AA07	1	U-01	suzukii	D. suzukii
A0AB40AA08	3	U-03	suzukii	D. suzukii
A0AB40AA09	1	U-01	suzukii	D. suzukii
A0AB40AA10	1	U-01	suzukii	D. suzukii
A0AB40AA11	2	U-02	suzukii	D. suzukii
A0AB40AA13	2	U-02	suzukii	D. suzukii
A0AB40AA16	2	U-02	suzukii	D. suzukii
A0AB40AA18	1	U-01	suzukii	D. suzukii
A0AB40AA20	1	U-01	suzukii	D. suzukii
A0AB40AA21	2	U-02	suzukii	D. suzukii
A0AB40AA23	3	U-03	suzukii	D. suzukii
A0AB40AA24	1	U-01	suzukii	D. suzukii
A0AB40AA25	1	U-01	suzukii	D. suzukii
A0AB40AA27	1	U-01	suzukii	D. suzukii
A0AB40AA32	3	U-03	suzukii	D. suzukii
A0AB40AA34	1	U-01	suzukii	D. suzukii
A0AB40AA37	1	U-01	suzukii	D. suzukii
A0AB40AA41	1	U-01	suzukii	D. suzukii
A0AB40AA46	3	U-03	suzukii	D. suzukii
A0AB40AA47	1	U-01	suzukii	D. suzukii
A0AB40AA51	1	U-01	suzukii	D. suzukii
A0AB40AA57	2	U-02	suzukii	D. suzukii
A0AB40AA60	2	U-02	suzukii	D. suzukii
A0AB40AA61	3	U-03	suzukii	D. suzukii
A0AB40AA67	1	U-01	suzukii	D. suzukii
A0AB40AA69	1	U-01	suzukii	D. suzukii
A0AB40AA70	1	U-01	suzukii	D. suzukii
A0AB40AA81	1	U-01	suzukii	D. suzukii
A0AB40AA82	1	U-01	suzukii	D. suzukii
A0AB40AA83	2	U-02	suzukii	D. suzukii
A0AB40AA84	1	U-01	suzukii	D. suzukii
A0AB40AA94	1	U-01	suzukii	D. suzukii
A0AB40AA97	2	U-02	suzukii	D. suzukii
A0AB40AAA2	3	U-03	suzukii	D. suzukii
A0AB40AAA4	2	U-02	suzukii	D. suzukii
A0AB40AAA5	1	U-01	suzukii	D. suzukii
A0AB40AAA9	1	U-01	suzukii	D. suzukii
A0AB40AAB1	0	unassigned	suzukii	D. suzukii
A0AB40AAB3	2	U-02	suzukii	D. suzukii
A0AB40AAB4	1	U-01	suzukii	D. suzukii
A0AB40AAB5	1	U-01	suzukii	D. suzukii
A0AB40AAC0	2	U-02	suzukii	D. suzukii
A0AB40AAC4	1	U-01	suzukii	D. suzukii
A0AB40AAC5	1	U-01	suzukii	D. suzukii
A0AB40D7H2	1	U-01	suzukii	D. suzukii
A0AB40D7H6	0	unassigned	suzukii	D. suzukii
A0AB40D7I7	1	U-01	suzukii	D. suzukii
A0AB40D7J3	1	U-01	suzukii	D. suzukii
A0AB40D7J4	1	U-01	suzukii	D. suzukii
A0AB40D7K5	1	U-01	suzukii	D. suzukii
A0AB40D7K7	0	unassigned	suzukii	D. suzukii
A0AB40D7L2	1	U-01	suzukii	D. suzukii
A0AB40D7L3	1	U-01	suzukii	D. suzukii
A0AB40D7M2	1	U-01	suzukii	D. suzukii
A0AB40D7Q6	0	unassigned	suzukii	D. suzukii
A0AB40D7Q9	1	U-01	suzukii	D. suzukii
A0AB40D7R8	0	unassigned	suzukii	D. suzukii
A0AB40D7S3	3	U-03	suzukii	D. suzukii
A0AB40D7S9	0	unassigned	suzukii	D. suzukii
A0AB40D7T0	1	U-01	suzukii	D. suzukii
A0AB40D7T1	3	U-03	suzukii	D. suzukii
A0AB40D7T3	1	U-01	suzukii	D. suzukii
A0AB40D7W0	2	U-02	suzukii	D. suzukii
A0AB40D7X7	0	unassigned	suzukii	D. suzukii
A0AB40D7Y5	1	U-01	suzukii	D. suzukii
A0AB40D7Y7	1	U-01	suzukii	D. suzukii
A0AB40D7Y9	1	U-01	suzukii	D. suzukii
A0AB40D7Z0	2	U-02	suzukii	D. suzukii
A0AB40D7Z6	1	U-01	suzukii	D. suzukii
A0AB40D803	3	U-03	suzukii	D. suzukii
A0AB40D807	1	U-01	suzukii	D. suzukii
A0AB40D815	1	U-01	suzukii	D. suzukii
A0AB40D819	3	U-03	suzukii	D. suzukii
A0AB40D820	1	U-01	suzukii	D. suzukii
A0AB40D823	0	unassigned	suzukii	D. suzukii
A0AB40D828	1	U-01	suzukii	D. suzukii
A0AB40D832	2	U-02	suzukii	D. suzukii
A0AB40D836	2	U-02	suzukii	D. suzukii
A0AB40D840	3	U-03	suzukii	D. suzukii
A0AB40D859	1	U-01	suzukii	D. suzukii
A0AB40D887	1	U-01	suzukii	D. suzukii
A0AB40D888	0	unassigned	suzukii	D. suzukii
A0AB40D889	1	U-01	suzukii	D. suzukii
A0AB40D895	3	U-03	suzukii	D. suzukii
A0AB40D8B6	1	U-01	suzukii	D. suzukii
A0AB40D8B8	1	U-01	suzukii	D. suzukii
A0AB40D8C9	0	unassigned	suzukii	D. suzukii
A0AB40D8D0	1	U-01	suzukii	D. suzukii
A0AB40D8E9	3	U-03	suzukii	D. suzukii
A0AB40D8F4	1	U-01	suzukii	D. suzukii
A0AB40D8F6	0	unassigned	suzukii	D. suzukii
A0AB40D8G4	1	U-01	suzukii	D. suzukii
A0AB40D8H0	1	U-01	suzukii	D. suzukii
A0AB40D8H7	1	U-01	suzukii	D. suzukii
A0AB40D8J2	1	U-01	suzukii	D. suzukii
A0AB40D8L4	1	U-01	suzukii	D. suzukii
A0AB40D8M7	1	U-01	suzukii	D. suzukii
A0AB40D8N1	3	U-03	suzukii	D. suzukii
A0AB40D8N6	0	unassigned	suzukii	D. suzukii
A0AB40D8N7	1	U-01	suzukii	D. suzukii
A0AB39Z0I4	0	unassigned	suzukii	D. suzukii
A0AB39Z0I5	2	U-02	suzukii	D. suzukii
A0AB39Z0I7	1	U-01	suzukii	D. suzukii
A0AB39Z0I8	1	U-01	suzukii	D. suzukii
A0AB39Z0I9	1	U-01	suzukii	D. suzukii
A0AB39Z0J1	1	U-01	suzukii	D. suzukii
A0AB39Z0J4	3	U-03	suzukii	D. suzukii
A0AB39Z0J5	1	U-01	suzukii	D. suzukii
A0AB39Z0J7	0	unassigned	suzukii	D. suzukii
A0AB39Z0J8	0	unassigned	suzukii	D. suzukii
A0AB39Z0K1	0	unassigned	suzukii	D. suzukii
A0AB39Z0K4	3	U-03	suzukii	D. suzukii
A0AB39Z0K5	2	U-02	suzukii	D. suzukii
A0AB39Z0K8	3	U-03	suzukii	D. suzukii
A0AB39Z0L1	3	U-03	suzukii	D. suzukii
A0AB39Z0L4	1	U-01	suzukii	D. suzukii
A0AB39Z0L5	1	U-01	suzukii	D. suzukii
A0AB39Z0L7	1	U-01	suzukii	D. suzukii
A0AB39Z0L8	1	U-01	suzukii	D. suzukii
A0AB39Z0M1	0	unassigned	suzukii	D. suzukii
A0AB39Z0M4	1	U-01	suzukii	D. suzukii
A0AB39Z0M5	2	U-02	suzukii	D. suzukii
A0AB39Z0M6	1	U-01	suzukii	D. suzukii
A0AB39Z0N2	1	U-01	suzukii	D. suzukii
A0AB39Z0N5	1	U-01	suzukii	D. suzukii
A0AB39Z0N6	0	unassigned	suzukii	D. suzukii
A0AB39Z0N8	1	U-01	suzukii	D. suzukii
A0AB39Z0N9	0	unassigned	suzukii	D. suzukii
A0AB39Z2A7	3	U-03	suzukii	D. suzukii
A0AB39Z2A9	3	U-03	suzukii	D. suzukii
A0AB39Z2B0	1	U-01	suzukii	D. suzukii
A0AB39Z2B1	1	U-01	suzukii	D. suzukii
A0AB39Z2B2	1	U-01	suzukii	D. suzukii
A0AB39Z2B3	1	U-01	suzukii	D. suzukii
A0AB39Z2B6	0	unassigned	suzukii	D. suzukii
A0AB39Z2B8	1	U-01	suzukii	D. suzukii
A0AB39Z2C3	1	U-01	suzukii	D. suzukii
A0AB39Z2C4	1	U-01	suzukii	D. suzukii
A0AB39Z2C5	1	U-01	suzukii	D. suzukii
A0AB39Z2C6	3	U-03	suzukii	D. suzukii
A0AB39Z2C7	1	U-01	suzukii	D. suzukii
A0AB39Z2C8	1	U-01	suzukii	D. suzukii
A0AB39Z2D0	1	U-01	suzukii	D. suzukii
A0AB39Z2D4	1	U-01	suzukii	D. suzukii
A0AB39Z2D5	1	U-01	suzukii	D. suzukii
A0AB39Z2D7	1	U-01	suzukii	D. suzukii
A0AB39Z2D9	1	U-01	suzukii	D. suzukii
A0AB39Z2E0	2	U-02	suzukii	D. suzukii
A0AB39Z2E4	1	U-01	suzukii	D. suzukii
A0AB39Z2E5	1	U-01	suzukii	D. suzukii
A0AB39Z2E7	1	U-01	suzukii	D. suzukii
A0AB39Z2E9	0	unassigned	suzukii	D. suzukii
A0AB39Z2F1	2	U-02	suzukii	D. suzukii
A0AB39Z2F3	2	U-02	suzukii	D. suzukii
A0AB39Z2F4	1	U-01	suzukii	D. suzukii
A0AB39Z2F5	3	U-03	suzukii	D. suzukii
A0AB39Z2F6	0	unassigned	suzukii	D. suzukii
A0AB39Z2F8	1	U-01	suzukii	D. suzukii
A0AB39Z2G0	2	U-02	suzukii	D. suzukii
A0AB39Z2G6	2	U-02	suzukii	D. suzukii
A0AB39Z2G7	0	unassigned	suzukii	D. suzukii
A0AB39Z2G8	0	unassigned	suzukii	D. suzukii
A0AB39Z2G9	1	U-01	suzukii	D. suzukii
A0AB39Z2H0	2	U-02	suzukii	D. suzukii
A0AB39Z2H1	2	U-02	suzukii	D. suzukii
A0AB39Z2H2	1	U-01	suzukii	D. suzukii
A0AB39Z2H4	1	U-01	suzukii	D. suzukii
A0AB39Z2H7	1	U-01	suzukii	D. suzukii
A0AB39Z2H8	1	U-01	suzukii	D. suzukii
A0AB39Z2H9	2	U-02	suzukii	D. suzukii
A0AB39Z2I2	1	U-01	suzukii	D. suzukii
A0AB39Z2I3	0	unassigned	suzukii	D. suzukii
A0AB39Z2I4	2	U-02	suzukii	D. suzukii
A0AB39Z2I6	0	unassigned	suzukii	D. suzukii
A0AB39Z2I7	1	U-01	suzukii	D. suzukii
A0AB39Z2I9	1	U-01	suzukii	D. suzukii
A0AB39Z2J0	1	U-01	suzukii	D. suzukii
A0AB39Z2J2	0	unassigned	suzukii	D. suzukii
A0AB39Z2J3	1	U-01	suzukii	D. suzukii
A0AB39Z2J4	2	U-02	suzukii	D. suzukii
A0AB39Z2J5	1	U-01	suzukii	D. suzukii
A0AB39Z2J6	0	unassigned	suzukii	D. suzukii
A0AB39Z2J7	1	U-01	suzukii	D. suzukii
A0AB39Z2K0	0	unassigned	suzukii	D. suzukii
A0AB39Z2K1	1	U-01	suzukii	D. suzukii
A0AB39Z2K2	0	unassigned	suzukii	D. suzukii
A0AB39Z2K3	3	U-03	suzukii	D. suzukii
A0AB39Z2K4	0	unassigned	suzukii	D. suzukii
A0AB39Z2K5	2	U-02	suzukii	D. suzukii
A0AB39Z2K6	0	unassigned	suzukii	D. suzukii
A0AB39Z2L0	0	unassigned	suzukii	D. suzukii
A0AB39Z2L1	0	unassigned	suzukii	D. suzukii
A0AB39Z2L2	0	unassigned	suzukii	D. suzukii
A0AB39Z2L3	1	U-01	suzukii	D. suzukii
A0AB39Z2L8	1	U-01	suzukii	D. suzukii
A0AB39Z2L9	2	U-02	suzukii	D. suzukii
A0AB39Z2M1	0	unassigned	suzukii	D. suzukii
A0AB39Z2M4	1	U-01	suzukii	D. suzukii
A0AB39Z2M5	1	U-01	suzukii	D. suzukii
A0AB39Z2M6	1	U-01	suzukii	D. suzukii
A0AB39ZPH7	0	unassigned	suzukii	D. suzukii
A0AB39ZPI1	1	U-01	suzukii	D. suzukii
A0AB39ZPI4	1	U-01	suzukii	D. suzukii
A0AB39ZPI5	1	U-01	suzukii	D. suzukii
A0AB39ZPI6	1	U-01	suzukii	D. suzukii
A0AB39ZPI8	3	U-03	suzukii	D. suzukii
A0AB39ZPI9	1	U-01	suzukii	D. suzukii
A0AB39ZPJ2	1	U-01	suzukii	D. suzukii
A0AB39ZPJ5	1	U-01	suzukii	D. suzukii
A0AB39ZTL1	1	U-01	suzukii	D. suzukii
A0AB39ZTL2	1	U-01	suzukii	D. suzukii
A0AB39ZTL4	3	U-03	suzukii	D. suzukii
A0AB39ZTL5	2	U-02	suzukii	D. suzukii
A0AB39ZTM0	1	U-01	suzukii	D. suzukii
A0AB39ZTM8	1	U-01	suzukii	D. suzukii
A0AB39ZTM9	1	U-01	suzukii	D. suzukii
A0AB39ZTN0	1	U-01	suzukii	D. suzukii
A0AB39ZTN1	1	U-01	suzukii	D. suzukii
A0AB39ZTN2	3	U-03	suzukii	D. suzukii
A0AB39ZTN3	1	U-01	suzukii	D. suzukii
A0AB39ZTN7	1	U-01	suzukii	D. suzukii
A0AB39ZTQ0	2	U-02	suzukii	D. suzukii
A0AB39ZTQ1	1	U-01	suzukii	D. suzukii
A0AB39ZTQ7	2	U-02	suzukii	D. suzukii
A0AB39ZTQ9	1	U-01	suzukii	D. suzukii
A0AB39ZTR0	1	U-01	suzukii	D. suzukii
A0AB39ZTR1	1	U-01	suzukii	D. suzukii
A0AB39ZTR2	2	U-02	suzukii	D. suzukii
A0AB39ZTR3	1	U-01	suzukii	D. suzukii
A0AB39ZTR7	1	U-01	suzukii	D. suzukii
A0AB39ZTR8	2	U-02	suzukii	D. suzukii
A0AB39ZTR9	1	U-01	suzukii	D. suzukii
A0AB39ZTS0	3	U-03	suzukii	D. suzukii
A0AB39ZTS2	3	U-03	suzukii	D. suzukii
A0AB39ZTS8	1	U-01	suzukii	D. suzukii
A0AB39ZTS9	1	U-01	suzukii	D. suzukii
A0AB39ZTT1	1	U-01	suzukii	D. suzukii
A0AB39ZTT2	1	U-01	suzukii	D. suzukii
A0AB39ZTT4	1	U-01	suzukii	D. suzukii
A0AB39ZTT8	1	U-01	suzukii	D. suzukii
A0AB39ZTT9	1	U-01	suzukii	D. suzukii
A0AB39ZTU0	1	U-01	suzukii	D. suzukii
A0AB39ZTU2	1	U-01	suzukii	D. suzukii
A0AB39ZTU4	1	U-01	suzukii	D. suzukii
A0AB39ZTU5	2	U-02	suzukii	D. suzukii
A0AB39ZTV0	1	U-01	suzukii	D. suzukii
A0AB39ZTV2	0	unassigned	suzukii	D. suzukii
A0AB39ZTV3	0	unassigned	suzukii	D. suzukii
A0AB39ZTV6	1	U-01	suzukii	D. suzukii
A0AB39ZTV7	1	U-01	suzukii	D. suzukii
A0AB39ZTV8	1	U-01	suzukii	D. suzukii
A0AB39ZTV9	0	unassigned	suzukii	D. suzukii
A0AB39ZTW0	3	U-03	suzukii	D. suzukii
A0AB39ZTW3	2	U-02	suzukii	D. suzukii
A0AB39ZTW4	1	U-01	suzukii	D. suzukii
A0AB39ZTW5	0	unassigned	suzukii	D. suzukii
A0AB39ZTW9	1	U-01	suzukii	D. suzukii
A0AB39ZTX0	1	U-01	suzukii	D. suzukii
A0AB39ZTX1	1	U-01	suzukii	D. suzukii
A0AB39ZTX4	3	U-03	suzukii	D. suzukii
A0AB39ZTX5	0	unassigned	suzukii	D. suzukii
A0AB39ZTX6	1	U-01	suzukii	D. suzukii
A0AB39ZTX8	1	U-01	suzukii	D. suzukii
A0AB39ZTX9	1	U-01	suzukii	D. suzukii
A0AB39ZTY0	1	U-01	suzukii	D. suzukii
A0AB39ZTY3	1	U-01	suzukii	D. suzukii
A0AB39ZTY4	1	U-01	suzukii	D. suzukii
A0AB39ZTY5	3	U-03	suzukii	D. suzukii
A0AB39ZTY9	0	unassigned	suzukii	D. suzukii
A0AB39ZTZ0	0	unassigned	suzukii	D. suzukii
A0AB39ZTZ1	1	U-01	suzukii	D. suzukii
A0AB39ZTZ2	1	U-01	suzukii	D. suzukii
A0AB39ZTZ3	3	U-03	suzukii	D. suzukii
A0AB39ZTZ4	1	U-01	suzukii	D. suzukii
A0AB39ZTZ5	1	U-01	suzukii	D. suzukii
A0AB39ZTZ7	1	U-01	suzukii	D. suzukii
A0AB39ZTZ9	2	U-02	suzukii	D. suzukii
A0AB39ZU01	0	unassigned	suzukii	D. suzukii
A0AB39ZU06	1	U-01	suzukii	D. suzukii
A0AB39ZU07	1	U-01	suzukii	D. suzukii
A0AB39ZU08	1	U-01	suzukii	D. suzukii
A0AB39ZU11	1	U-01	suzukii	D. suzukii
A0AB39ZU12	1	U-01	suzukii	D. suzukii
A0AB39ZU14	1	U-01	suzukii	D. suzukii
A0AB39ZU16	1	U-01	suzukii	D. suzukii
A0AB39ZU17	1	U-01	suzukii	D. suzukii
A0AB39ZU20	1	U-01	suzukii	D. suzukii
A0AB39ZU23	1	U-01	suzukii	D. suzukii
A0AB39ZU24	1	U-01	suzukii	D. suzukii
A0AB39ZU26	1	U-01	suzukii	D. suzukii
A0AB39ZU29	1	U-01	suzukii	D. suzukii
A0AB39ZU31	1	U-01	suzukii	D. suzukii
A0AB39ZU33	3	U-03	suzukii	D. suzukii
A0AB39ZU35	1	U-01	suzukii	D. suzukii
A0AB39ZU37	1	U-01	suzukii	D. suzukii
A0AB39ZU40	1	U-01	suzukii	D. suzukii
A0AB39ZU46	2	U-02	suzukii	D. suzukii
A0AB39ZU47	1	U-01	suzukii	D. suzukii
A0AB39ZU50	1	U-01	suzukii	D. suzukii
A0AB39ZU59	1	U-01	suzukii	D. suzukii
A0ABM4TLN8	1	U-01	suzukii	D. suzukii
A0ABM4TLN9	1	U-01	suzukii	D. suzukii
A0ABM4TLP0	1	U-01	suzukii	D. suzukii
A0ABM4TLP1	1	U-01	suzukii	D. suzukii
A0ABM4TLP4	1	U-01	suzukii	D. suzukii
A0ABM4TLP5	1	U-01	suzukii	D. suzukii
A0ABM4TLP7	1	U-01	suzukii	D. suzukii
A0ABM4TLP8	1	U-01	suzukii	D. suzukii
A0ABM4TLP9	1	U-01	suzukii	D. suzukii
A0ABM4TLQ2	1	U-01	suzukii	D. suzukii
A0ABM4TLQ3	1	U-01	suzukii	D. suzukii
A0ABM4TLQ6	1	U-01	suzukii	D. suzukii
A0ABM4TLQ7	2	U-02	suzukii	D. suzukii
A0ABM4TLR2	1	U-01	suzukii	D. suzukii
A0ABM4TLR3	1	U-01	suzukii	D. suzukii
A0ABM4TLR6	1	U-01	suzukii	D. suzukii
A0ABM4TLS1	1	U-01	suzukii	D. suzukii
A0ABM4TLT5	1	U-01	suzukii	D. suzukii
A0ABM4TLT6	1	U-01	suzukii	D. suzukii
A0ABM4TLU4	1	U-01	suzukii	D. suzukii
A0ABM4TLU8	1	U-01	suzukii	D. suzukii
A0ABM4TLV0	3	U-03	suzukii	D. suzukii
A0ABM4TLV2	2	U-02	suzukii	D. suzukii
A0ABM4TLV4	1	U-01	suzukii	D. suzukii
A0ABM4TLV6	1	U-01	suzukii	D. suzukii
A0ABM4TLV7	1	U-01	suzukii	D. suzukii
A0ABM4TLV9	1	U-01	suzukii	D. suzukii
A0ABM4TLW0	1	U-01	suzukii	D. suzukii
A0ABM4TLW1	1	U-01	suzukii	D. suzukii
A0ABM4TLW2	0	unassigned	suzukii	D. suzukii
A0ABM4TLW3	0	unassigned	suzukii	D. suzukii
A0ABM4TLW7	1	U-01	suzukii	D. suzukii
A0ABM4TLW9	1	U-01	suzukii	D. suzukii
A0ABM4TLX0	1	U-01	suzukii	D. suzukii
A0ABM4TLX3	1	U-01	suzukii	D. suzukii
A0ABM4TLX4	1	U-01	suzukii	D. suzukii
A0ABM4TLX5	0	unassigned	suzukii	D. suzukii
A0ABM4TLX7	1	U-01	suzukii	D. suzukii
A0ABM4TLX8	1	U-01	suzukii	D. suzukii
A0ABM4TLY0	1	U-01	suzukii	D. suzukii
A0ABM4TLY1	3	U-03	suzukii	D. suzukii
A0ABM4TLY3	1	U-01	suzukii	D. suzukii
A0ABM4TLY6	1	U-01	suzukii	D. suzukii
A0ABM4TLZ2	1	U-01	suzukii	D. suzukii
A0ABM4TM18	1	U-01	suzukii	D. suzukii
A0ABM4TM20	1	U-01	suzukii	D. suzukii
A0ABM4TM22	3	U-03	suzukii	D. suzukii
A0ABM4TM26	1	U-01	suzukii	D. suzukii
A0ABM4TM28	1	U-01	suzukii	D. suzukii
A0ABM4TM33	2	U-02	suzukii	D. suzukii
A0ABM4TM34	0	unassigned	suzukii	D. suzukii
A0ABM4TM37	1	U-01	suzukii	D. suzukii
A0ABM4TM39	1	U-01	suzukii	D. suzukii
A0ABM4TM46	1	U-01	suzukii	D. suzukii
A0ABM4TM52	1	U-01	suzukii	D. suzukii
A0ABM4TM55	1	U-01	suzukii	D. suzukii
A0ABM4TM56	3	U-03	suzukii	D. suzukii
A0ABM4TM64	3	U-03	suzukii	D. suzukii
A0ABM4TM65	1	U-01	suzukii	D. suzukii
A0ABM4TM69	1	U-01	suzukii	D. suzukii
A0ABM4TM70	1	U-01	suzukii	D. suzukii
A0ABM4TM73	1	U-01	suzukii	D. suzukii
A0ABM4TM74	1	U-01	suzukii	D. suzukii
A0ABM4TM78	0	unassigned	suzukii	D. suzukii
A0ABM4TM80	1	U-01	suzukii	D. suzukii
A0ABM4TM88	1	U-01	suzukii	D. suzukii
A0ABM4TM90	0	unassigned	suzukii	D. suzukii
A0ABM4TM91	1	U-01	suzukii	D. suzukii
A0ABM4TM92	1	U-01	suzukii	D. suzukii
A0ABM4TM95	0	unassigned	suzukii	D. suzukii
A0ABM4TM96	0	unassigned	suzukii	D. suzukii
A0ABM4TM98	1	U-01	suzukii	D. suzukii
A0ABM4TM99	2	U-02	suzukii	D. suzukii
A0ABM4TMA0	0	unassigned	suzukii	D. suzukii
A0ABM4TMA1	0	unassigned	suzukii	D. suzukii
A0ABM4TMA2	0	unassigned	suzukii	D. suzukii
A0ABM4TMA3	1	U-01	suzukii	D. suzukii
A0ABM4TMA8	1	U-01	suzukii	D. suzukii
A0ABM4TMH1	0	unassigned	suzukii	D. suzukii
A0ABM4TMH3	1	U-01	suzukii	D. suzukii
A0ABM4TMH8	1	U-01	suzukii	D. suzukii
A0ABM4TMJ9	1	U-01	suzukii	D. suzukii
A0ABM4TMK0	1	U-01	suzukii	D. suzukii
A0ABM4TMK3	1	U-01	suzukii	D. suzukii
A0ABM4TMK4	1	U-01	suzukii	D. suzukii
A0ABM4TMK8	1	U-01	suzukii	D. suzukii
A0ABM4TML5	1	U-01	suzukii	D. suzukii
A0ABM4TML6	2	U-02	suzukii	D. suzukii
A0ABM4TML9	1	U-01	suzukii	D. suzukii
A0ABM4TSD5	2	U-02	suzukii	D. suzukii
A0ABM4TSD6	0	unassigned	suzukii	D. suzukii
A0ABM4TSD7	1	U-01	suzukii	D. suzukii
A0ABM4TSD8	1	U-01	suzukii	D. suzukii
A0ABM4TSD9	1	U-01	suzukii	D. suzukii
A0ABM4TSE1	1	U-01	suzukii	D. suzukii
A0ABM4TSE2	2	U-02	suzukii	D. suzukii
A0ABM4TSE3	1	U-01	suzukii	D. suzukii
A0ABM4TSE8	1	U-01	suzukii	D. suzukii
A0ABM4TSE9	1	U-01	suzukii	D. suzukii
A0ABM4TSF0	1	U-01	suzukii	D. suzukii
A0ABM4TVB7	1	U-01	suzukii	D. suzukii
A0ABM4TVD5	1	U-01	suzukii	D. suzukii
A0ABM4TVE6	0	unassigned	suzukii	D. suzukii
A0ABM4TVE9	0	unassigned	suzukii	D. suzukii
A0ABM4TVF8	1	U-01	suzukii	D. suzukii
A0ABM4TVG6	0	unassigned	suzukii	D. suzukii
A0ABM4TVI4	0	unassigned	suzukii	D. suzukii
A0ABM4TVX5	1	U-01	suzukii	D. suzukii
A0ABM4TW46	0	unassigned	suzukii	D. suzukii
A0ABM4TW57	1	U-01	suzukii	D. suzukii
A0ABM4TW72	1	U-01	suzukii	D. suzukii
A0ABM4TW89	1	U-01	suzukii	D. suzukii
A0ABM4TWC5	1	U-01	suzukii	D. suzukii
A0ABM4TWJ4	1	U-01	suzukii	D. suzukii
A0ABM4TWJ5	1	U-01	suzukii	D. suzukii
A0ABM4TWJ7	1	U-01	suzukii	D. suzukii
A0ABM4TWJ8	1	U-01	suzukii	D. suzukii
A0ABM4TWJ9	1	U-01	suzukii	D. suzukii
A0ABM4TWK2	1	U-01	suzukii	D. suzukii
A0ABM4TWK4	1	U-01	suzukii	D. suzukii
A0ABM4TWK5	1	U-01	suzukii	D. suzukii
A0ABM4TWK7	1	U-01	suzukii	D. suzukii
A0ABM4TWK8	1	U-01	suzukii	D. suzukii
A0ABM4TWL0	1	U-01	suzukii	D. suzukii
A0ABM4TWL8	1	U-01	suzukii	D. suzukii
A0ABM4TWM2	1	U-01	suzukii	D. suzukii
A0ABM4TWP4	1	U-01	suzukii	D. suzukii
A0ABM4TX29	2	U-02	suzukii	D. suzukii
A0ABM4TX92	1	U-01	suzukii	D. suzukii
A0ABM4TY62	1	U-01	suzukii	D. suzukii
A0ABM4TYR7	1	U-01	suzukii	D. suzukii
A0ABM4TYS5	1	U-01	suzukii	D. suzukii
A0ABM4TYS6	1	U-01	suzukii	D. suzukii
A0ABM4TYT0	0	unassigned	suzukii	D. suzukii
A0ABM4TYU0	1	U-01	suzukii	D. suzukii
A0ABM4TYU8	0	unassigned	suzukii	D. suzukii
A0ABM4TYW3	1	U-01	suzukii	D. suzukii
A0ABM4TYZ0	1	U-01	suzukii	D. suzukii
A0ABM4TZ02	1	U-01	suzukii	D. suzukii
A0ABM4TZ13	1	U-01	suzukii	D. suzukii
A0ABM4TZH1	1	U-01	suzukii	D. suzukii
A0ABM4TZI9	1	U-01	suzukii	D. suzukii
A0ABM4TZK9	1	U-01	suzukii	D. suzukii
A0ABM5GT56	0	unassigned	suzukii	D. suzukii
A0A1B2G3H9	0	unassigned	suzukii	D. suzukii
A0A1B2G3I3	0	unassigned	suzukii	D. suzukii
A0A1B2G3I4	0	unassigned	suzukii	D. suzukii
A0A1B2G3I5	0	unassigned	suzukii	D. suzukii
A0A1B2G3I9	0	unassigned	suzukii	D. suzukii
A0A1B2G3J4	0	unassigned	suzukii	D. suzukii
A0AB39YW18	1	U-01	suzukii	D. suzukii
A0AB39YW20	3	U-03	suzukii	D. suzukii
A0AB39YW24	0	unassigned	suzukii	D. suzukii
A0AB39YW29	0	unassigned	suzukii	D. suzukii
A0AB39YW31	1	U-01	suzukii	D. suzukii
A0AB39YW45	1	U-01	suzukii	D. suzukii
A0AB39YW46	1	U-01	suzukii	D. suzukii
A0AB39YW49	1	U-01	suzukii	D. suzukii
A0AB39YW53	1	U-01	suzukii	D. suzukii
A0AB39YW59	1	U-01	suzukii	D. suzukii
A0AB39YW62	1	U-01	suzukii	D. suzukii
A0AB39YW65	1	U-01	suzukii	D. suzukii
A0AB39YW70	1	U-01	suzukii	D. suzukii
A0AB39YW73	1	U-01	suzukii	D. suzukii
A0AB39YW74	1	U-01	suzukii	D. suzukii
A0AB39YW83	1	U-01	suzukii	D. suzukii
A0AB39YW87	0	unassigned	suzukii	D. suzukii
A0AB39YW90	0	unassigned	suzukii	D. suzukii
A0AB39YWA6	1	U-01	suzukii	D. suzukii
A0AB39YWA9	2	U-02	suzukii	D. suzukii
A0AB39YWB0	1	U-01	suzukii	D. suzukii
A0AB39YWB5	1	U-01	suzukii	D. suzukii
A0AB39YWB6	2	U-02	suzukii	D. suzukii
A0AB39Z1K7	2	U-02	suzukii	D. suzukii
A0AB39Z1L5	3	U-03	suzukii	D. suzukii
A0AB39Z1L8	2	U-02	suzukii	D. suzukii
A0AB39Z1M1	2	U-02	suzukii	D. suzukii
A0AB39Z1M3	2	U-02	suzukii	D. suzukii
A0AB39Z1M4	1	U-01	suzukii	D. suzukii
A0AB39Z1M6	1	U-01	suzukii	D. suzukii
A0AB39Z1M9	1	U-01	suzukii	D. suzukii
A0AB39Z1N0	1	U-01	suzukii	D. suzukii
A0AB39Z1N1	3	U-03	suzukii	D. suzukii
A0AB39Z1N4	3	U-03	suzukii	D. suzukii
A0AB39Z1N6	1	U-01	suzukii	D. suzukii
A0AB39Z1N7	1	U-01	suzukii	D. suzukii
A0AB39Z1P1	1	U-01	suzukii	D. suzukii
A0AB39Z1P3	1	U-01	suzukii	D. suzukii
A0AB39Z1P4	3	U-03	suzukii	D. suzukii
A0AB39Z1P5	1	U-01	suzukii	D. suzukii
A0AB39Z1P6	3	U-03	suzukii	D. suzukii
A0AB39Z1Q2	1	U-01	suzukii	D. suzukii
A0AB39Z1Q3	1	U-01	suzukii	D. suzukii
A0AB39Z1Q8	1	U-01	suzukii	D. suzukii
A0AB39Z1R4	1	U-01	suzukii	D. suzukii
A0AB39Z1R5	2	U-02	suzukii	D. suzukii
A0AB39Z1R6	1	U-01	suzukii	D. suzukii
A0AB39Z1S3	2	U-02	suzukii	D. suzukii
A0AB39Z1S8	2	U-02	suzukii	D. suzukii
A0AB39Z1S9	1	U-01	suzukii	D. suzukii
A0AB40DDZ6	1	U-01	suzukii	D. suzukii
A0AB40DE01	0	unassigned	suzukii	D. suzukii
A0AB40DE02	2	U-02	suzukii	D. suzukii
A0AB40DE08	1	U-01	suzukii	D. suzukii
A0AB40DE14	1	U-01	suzukii	D. suzukii
A0AB40DE18	1	U-01	suzukii	D. suzukii
A0AB40DE22	1	U-01	suzukii	D. suzukii
A0AB40DE25	1	U-01	suzukii	D. suzukii
A0AB40DE27	1	U-01	suzukii	D. suzukii
A0AB40DE33	0	unassigned	suzukii	D. suzukii
A0AB40DE45	3	U-03	suzukii	D. suzukii
A0AB40DE68	1	U-01	suzukii	D. suzukii
A0AB40DE69	1	U-01	suzukii	D. suzukii
A0AB40DE72	2	U-02	suzukii	D. suzukii
A0AB40DE73	1	U-01	suzukii	D. suzukii
A0AB40DE78	1	U-01	suzukii	D. suzukii
A0AB40DE81	0	unassigned	suzukii	D. suzukii
A0AB40DE92	1	U-01	suzukii	D. suzukii
A0AB40DE94	1	U-01	suzukii	D. suzukii
A0AB40DE95	1	U-01	suzukii	D. suzukii
A0AB40DE97	1	U-01	suzukii	D. suzukii
A0AB40DEB0	0	unassigned	suzukii	D. suzukii
A0AB40DEB1	2	U-02	suzukii	D. suzukii
A0AB40DEB5	1	U-01	suzukii	D. suzukii
A0AB40DEC2	1	U-01	suzukii	D. suzukii
A0AB40DEC5	1	U-01	suzukii	D. suzukii
A0AB40DED1	1	U-01	suzukii	D. suzukii
A0AB40DED9	0	unassigned	suzukii	D. suzukii
A0AB40DEE2	0	unassigned	suzukii	D. suzukii
A0AB40DEE3	1	U-01	suzukii	D. suzukii
A0AB40DEE5	0	unassigned	suzukii	D. suzukii
A0AB40DEF4	1	U-01	suzukii	D. suzukii
A0AB40DEF7	0	unassigned	suzukii	D. suzukii
A0AB40DEG1	0	unassigned	suzukii	D. suzukii
A0AB40DEG4	1	U-01	suzukii	D. suzukii
A0AB40DEH0	0	unassigned	suzukii	D. suzukii
A0AB40DEH4	1	U-01	suzukii	D. suzukii
A0AB40DEH6	1	U-01	suzukii	D. suzukii
A0AB40DEH8	1	U-01	suzukii	D. suzukii
A0AB40DEI1	0	unassigned	suzukii	D. suzukii
A0AB40DEI2	0	unassigned	suzukii	D. suzukii
A0AB40DEI7	0	unassigned	suzukii	D. suzukii
A0AB40DEI9	1	U-01	suzukii	D. suzukii
A0AB40DEJ0	1	U-01	suzukii	D. suzukii
A0AB40DEJ2	1	U-01	suzukii	D. suzukii
A0AB40DEJ4	1	U-01	suzukii	D. suzukii
A0AB40DEJ8	1	U-01	suzukii	D. suzukii
A0AB40DEK7	1	U-01	suzukii	D. suzukii
A0AB40DEL0	3	U-03	suzukii	D. suzukii
A0AB40DEL1	1	U-01	suzukii	D. suzukii
A0AB40DEL2	2	U-02	suzukii	D. suzukii
A0ABM4TP09	2	U-02	suzukii	D. suzukii
A0ABM4TP10	1	U-01	suzukii	D. suzukii
A0ABM4TP17	2	U-02	suzukii	D. suzukii
A0ABM4TP21	1	U-01	suzukii	D. suzukii
A0ABM4TP22	1	U-01	suzukii	D. suzukii
A0ABM4TP23	2	U-02	suzukii	D. suzukii
A0ABM4TP27	2	U-02	suzukii	D. suzukii
A0ABM4TP34	0	unassigned	suzukii	D. suzukii
A0ABM4TP35	0	unassigned	suzukii	D. suzukii
A0ABM4TP37	2	U-02	suzukii	D. suzukii
A0ABM4TP38	2	U-02	suzukii	D. suzukii
A0ABM4TP44	1	U-01	suzukii	D. suzukii
A0ABM4TP46	1	U-01	suzukii	D. suzukii
A0ABM4TP54	2	U-02	suzukii	D. suzukii
A0ABM4TP62	1	U-01	suzukii	D. suzukii
A0ABM4TP65	1	U-01	suzukii	D. suzukii
A0ABM4TP70	2	U-02	suzukii	D. suzukii
A0ABM4TP72	1	U-01	suzukii	D. suzukii
A0ABM4TP74	0	unassigned	suzukii	D. suzukii
A0ABM4TP75	1	U-01	suzukii	D. suzukii
A0ABM4TP81	1	U-01	suzukii	D. suzukii
A0ABM4TP82	2	U-02	suzukii	D. suzukii
A0ABM4TP86	2	U-02	suzukii	D. suzukii
A0ABM4TP90	1	U-01	suzukii	D. suzukii
A0ABM4TP91	1	U-01	suzukii	D. suzukii
A0ABM4TP92	2	U-02	suzukii	D. suzukii
A0ABM4TP94	2	U-02	suzukii	D. suzukii
A0ABM4TP96	1	U-01	suzukii	D. suzukii
A0ABM4TPA8	1	U-01	suzukii	D. suzukii
A0ABM4TPB0	1	U-01	suzukii	D. suzukii
A0ABM4TPB5	1	U-01	suzukii	D. suzukii
A0ABM4TPB9	0	unassigned	suzukii	D. suzukii
A0ABM4TPC1	2	U-02	suzukii	D. suzukii
A0ABM4TPC2	3	U-03	suzukii	D. suzukii
A0ABM4TPC6	1	U-01	suzukii	D. suzukii
A0ABM4TPE2	1	U-01	suzukii	D. suzukii
A0ABM4TPE3	1	U-01	suzukii	D. suzukii
A0ABM4TPE9	1	U-01	suzukii	D. suzukii
A0ABM4TPF3	2	U-02	suzukii	D. suzukii
A0ABM4TPF4	2	U-02	suzukii	D. suzukii
A0ABM4TPF6	1	U-01	suzukii	D. suzukii
A0ABM4TPG2	1	U-01	suzukii	D. suzukii
A0ABM4TPG3	1	U-01	suzukii	D. suzukii
A0ABM4TPG8	1	U-01	suzukii	D. suzukii
A0ABM4TPH3	1	U-01	suzukii	D. suzukii
A0ABM4TPH4	1	U-01	suzukii	D. suzukii
A0ABM4TPH6	0	unassigned	suzukii	D. suzukii
A0ABM4TPI3	1	U-01	suzukii	D. suzukii
A0ABM4TPJ0	0	unassigned	suzukii	D. suzukii
A0AB40A1B5	2	U-02	suzukii	D. suzukii
A0AB40A1C0	1	U-01	suzukii	D. suzukii
A0AB40A1C1	1	U-01	suzukii	D. suzukii
A0AB40A1C2	0	unassigned	suzukii	D. suzukii
A0AB40A1C4	1	U-01	suzukii	D. suzukii
A0AB40A1C5	1	U-01	suzukii	D. suzukii
A0AB40A1C6	1	U-01	suzukii	D. suzukii
A0AB40A1C8	1	U-01	suzukii	D. suzukii
A0AB40A1D1	2	U-02	suzukii	D. suzukii
A0AB40A1D5	1	U-01	suzukii	D. suzukii
A0AB40A1D6	1	U-01	suzukii	D. suzukii
A0AB40A1D8	1	U-01	suzukii	D. suzukii
A0AB40A1E0	1	U-01	suzukii	D. suzukii
A0AB40A1E5	1	U-01	suzukii	D. suzukii
A0AB40A1E7	1	U-01	suzukii	D. suzukii
A0AB40A1E8	1	U-01	suzukii	D. suzukii
A0AB40A1E9	1	U-01	suzukii	D. suzukii
A0AB40A1F1	1	U-01	suzukii	D. suzukii
A0AB40A1F9	1	U-01	suzukii	D. suzukii
A0AB40A1G1	0	unassigned	suzukii	D. suzukii
A0AB40A1H1	2	U-02	suzukii	D. suzukii
A0AB40A1H7	0	unassigned	suzukii	D. suzukii
A0AB40A1H8	1	U-01	suzukii	D. suzukii
A0AB40A1J1	0	unassigned	suzukii	D. suzukii
A0AB40A1J4	0	unassigned	suzukii	D. suzukii
A0AB40A1J6	0	unassigned	suzukii	D. suzukii
A0AB40A1J9	1	U-01	suzukii	D. suzukii
A0AB40A1K5	0	unassigned	suzukii	D. suzukii
A0AB40A1K6	0	unassigned	suzukii	D. suzukii
A0AB40A1K7	0	unassigned	suzukii	D. suzukii
A0AB40A1L0	0	unassigned	suzukii	D. suzukii
A0AB40A1L5	1	U-01	suzukii	D. suzukii
A0AB40A1L8	1	U-01	suzukii	D. suzukii
A0AB40A1M1	0	unassigned	suzukii	D. suzukii
A0AB40A1M6	1	U-01	suzukii	D. suzukii
A0AB40A1M7	0	unassigned	suzukii	D. suzukii
A0AB40A1N4	1	U-01	suzukii	D. suzukii
A0AB40A8L2	2	U-02	suzukii	D. suzukii
A0AB40A8L3	2	U-02	suzukii	D. suzukii
A0AB40A8L6	1	U-01	suzukii	D. suzukii
A0AB40A8L7	1	U-01	suzukii	D. suzukii
A0AB40A8M6	1	U-01	suzukii	D. suzukii
A0AB40A8M7	1	U-01	suzukii	D. suzukii
A0AB40A8M9	1	U-01	suzukii	D. suzukii
A0AB40A8N6	1	U-01	suzukii	D. suzukii
A0AB40A8N8	1	U-01	suzukii	D. suzukii
A0AB40A8N9	3	U-03	suzukii	D. suzukii
A0AB40A8P0	0	unassigned	suzukii	D. suzukii
A0AB40A8P2	1	U-01	suzukii	D. suzukii
A0AB40A8P3	1	U-01	suzukii	D. suzukii
A0AB40A8P7	1	U-01	suzukii	D. suzukii
A0AB40A8P8	1	U-01	suzukii	D. suzukii
A0AB40A8Q0	1	U-01	suzukii	D. suzukii
A0AB40A8Q1	1	U-01	suzukii	D. suzukii
A0AB40A8Q4	0	unassigned	suzukii	D. suzukii
A0AB40A8Q7	1	U-01	suzukii	D. suzukii
A0AB40A8Q8	3	U-03	suzukii	D. suzukii
A0AB40A8R0	1	U-01	suzukii	D. suzukii
A0AB40A8R7	1	U-01	suzukii	D. suzukii
A0AB40A8S4	1	U-01	suzukii	D. suzukii
A0AB40A8S5	0	unassigned	suzukii	D. suzukii
A0AB40A8T1	1	U-01	suzukii	D. suzukii
A0AB40A8T4	1	U-01	suzukii	D. suzukii
A0AB40A8T5	1	U-01	suzukii	D. suzukii
A0AB40A8T6	1	U-01	suzukii	D. suzukii
A0AB40A8T9	3	U-03	suzukii	D. suzukii
A0AB40A8U2	1	U-01	suzukii	D. suzukii
A0AB40A8U8	1	U-01	suzukii	D. suzukii
A0AB40A8V2	1	U-01	suzukii	D. suzukii
A0AB40A8V3	3	U-03	suzukii	D. suzukii
A0AB40A8V4	1	U-01	suzukii	D. suzukii
A0AB40A8V5	1	U-01	suzukii	D. suzukii
A0AB40A8V8	0	unassigned	suzukii	D. suzukii
A0AB40A8W4	1	U-01	suzukii	D. suzukii
A0AB40A8W7	1	U-01	suzukii	D. suzukii
A0AB40A8W8	1	U-01	suzukii	D. suzukii
A0AB40A8W9	1	U-01	suzukii	D. suzukii
A0AB40A8X0	1	U-01	suzukii	D. suzukii
A0AB40A8X3	1	U-01	suzukii	D. suzukii
A0AB40A8X9	1	U-01	suzukii	D. suzukii
A0AB40A8Y0	1	U-01	suzukii	D. suzukii
A0AB40A8Y4	2	U-02	suzukii	D. suzukii
A0AB40A8Y5	1	U-01	suzukii	D. suzukii
A0AB40A8Y6	1	U-01	suzukii	D. suzukii
A0AB40A8Y7	1	U-01	suzukii	D. suzukii
A0AB40A8Y9	1	U-01	suzukii	D. suzukii
A0AB40A8Z0	1	U-01	suzukii	D. suzukii
A0AB40A8Z1	2	U-02	suzukii	D. suzukii
A0AB40A8Z5	1	U-01	suzukii	D. suzukii
A0AB40A8Z7	1	U-01	suzukii	D. suzukii
A0AB40A8Z9	1	U-01	suzukii	D. suzukii
A0AB40A902	1	U-01	suzukii	D. suzukii
A0AB40A903	1	U-01	suzukii	D. suzukii
A0AB40A909	1	U-01	suzukii	D. suzukii
A0AB40A910	1	U-01	suzukii	D. suzukii
A0AB40A911	1	U-01	suzukii	D. suzukii
A0AB40A912	1	U-01	suzukii	D. suzukii
A0AB40A914	1	U-01	suzukii	D. suzukii
A0AB40A917	1	U-01	suzukii	D. suzukii
A0AB40A919	1	U-01	suzukii	D. suzukii
A0AB40ABP7	1	U-01	suzukii	D. suzukii
A0AB40ABQ0	2	U-02	suzukii	D. suzukii
A0AB40ABS0	0	unassigned	suzukii	D. suzukii
A0AB40ABW3	1	U-01	suzukii	D. suzukii
A0AB40ABX9	3	U-03	suzukii	D. suzukii
A0AB40ABY1	2	U-02	suzukii	D. suzukii
A0AB40AC11	0	unassigned	suzukii	D. suzukii
A0AB40AC38	1	U-01	suzukii	D. suzukii
A0AB40AC58	0	unassigned	suzukii	D. suzukii
A0AB40AC61	1	U-01	suzukii	D. suzukii
A0AB40AC62	1	U-01	suzukii	D. suzukii
A0AB40AC66	0	unassigned	suzukii	D. suzukii
A0AB40AC67	1	U-01	suzukii	D. suzukii
A0AB40AC71	1	U-01	suzukii	D. suzukii
A0AB40AC90	1	U-01	suzukii	D. suzukii
A0AB40ACA3	1	U-01	suzukii	D. suzukii
A0AB40ACD1	1	U-01	suzukii	D. suzukii
A0AB40ACD2	1	U-01	suzukii	D. suzukii
A0AB39YWB8	1	U-01	suzukii	D. suzukii
A0AB39YWC2	1	U-01	suzukii	D. suzukii
A0AB39YWC3	1	U-01	suzukii	D. suzukii
A0AB39YWC5	2	U-02	suzukii	D. suzukii
A0AB39YWC8	0	unassigned	suzukii	D. suzukii
A0AB39YWD2	0	unassigned	suzukii	D. suzukii
A0AB39YWD7	0	unassigned	suzukii	D. suzukii
A0AB39YWE0	1	U-01	suzukii	D. suzukii
A0AB39YWE1	1	U-01	suzukii	D. suzukii
A0AB39YWE2	0	unassigned	suzukii	D. suzukii
A0AB39YWE4	1	U-01	suzukii	D. suzukii
A0AB39YWE6	0	unassigned	suzukii	D. suzukii
A0AB39YWF4	1	U-01	suzukii	D. suzukii
A0AB39YWF6	1	U-01	suzukii	D. suzukii
A0AB39YWG0	1	U-01	suzukii	D. suzukii
A0AB39YWH0	1	U-01	suzukii	D. suzukii
A0AB39YWH1	1	U-01	suzukii	D. suzukii
A0AB39YWH2	1	U-01	suzukii	D. suzukii
A0AB39YWH6	1	U-01	suzukii	D. suzukii
A0AB39YWH9	1	U-01	suzukii	D. suzukii
A0AB39YWI1	1	U-01	suzukii	D. suzukii
A0AB39YWI3	1	U-01	suzukii	D. suzukii
A0AB39YWI8	0	unassigned	suzukii	D. suzukii
A0AB39YWI9	1	U-01	suzukii	D. suzukii
A0AB39YWJ1	1	U-01	suzukii	D. suzukii
A0AB39YWJ2	1	U-01	suzukii	D. suzukii
A0AB39YWJ4	0	unassigned	suzukii	D. suzukii
A0AB39YWJ6	2	U-02	suzukii	D. suzukii
A0AB39YWJ7	0	unassigned	suzukii	D. suzukii
A0AB39YWJ9	1	U-01	suzukii	D. suzukii
A0AB39YWK0	0	unassigned	suzukii	D. suzukii
A0AB39YWK6	1	U-01	suzukii	D. suzukii
A0AB39YWL0	1	U-01	suzukii	D. suzukii
A0AB39YWL1	1	U-01	suzukii	D. suzukii
A0AB39YWL2	1	U-01	suzukii	D. suzukii
A0AB39YWL3	1	U-01	suzukii	D. suzukii
A0AB39YWL6	1	U-01	suzukii	D. suzukii
A0AB39YWL8	1	U-01	suzukii	D. suzukii
A0AB39YWM6	1	U-01	suzukii	D. suzukii
A0AB39YWN2	0	unassigned	suzukii	D. suzukii
A0AB39YWN5	0	unassigned	suzukii	D. suzukii
A0AB39YWN6	0	unassigned	suzukii	D. suzukii
A0AB39YWN8	1	U-01	suzukii	D. suzukii
A0AB39YWP0	2	U-02	suzukii	D. suzukii
A0AB39YWP2	1	U-01	suzukii	D. suzukii
A0AB39YWP3	2	U-02	suzukii	D. suzukii
A0AB39YWP4	1	U-01	suzukii	D. suzukii
A0AB39YWP5	0	unassigned	suzukii	D. suzukii
A0AB39YWP8	1	U-01	suzukii	D. suzukii
A0AB39YWP9	0	unassigned	suzukii	D. suzukii
A0AB39YWQ0	0	unassigned	suzukii	D. suzukii
A0AB39YWR0	2	U-02	suzukii	D. suzukii
A0AB39YWR1	0	unassigned	suzukii	D. suzukii
A0AB39YWR4	1	U-01	suzukii	D. suzukii
A0AB39YWR5	1	U-01	suzukii	D. suzukii
A0AB39YWR8	1	U-01	suzukii	D. suzukii
A0AB39YWS4	1	U-01	suzukii	D. suzukii
A0AB39YWS8	1	U-01	suzukii	D. suzukii
A0AB39YWT4	2	U-02	suzukii	D. suzukii
A0AB39YWT9	1	U-01	suzukii	D. suzukii
A0AB39YWU0	1	U-01	suzukii	D. suzukii
A0AB39YWU5	1	U-01	suzukii	D. suzukii
A0AB39YWU6	1	U-01	suzukii	D. suzukii
A0AB39YWU7	1	U-01	suzukii	D. suzukii
A0AB39YWV0	1	U-01	suzukii	D. suzukii
A0AB39YWV1	0	unassigned	suzukii	D. suzukii
A0AB39YWV2	1	U-01	suzukii	D. suzukii
A0AB39YWV3	1	U-01	suzukii	D. suzukii
A0AB39YWV4	1	U-01	suzukii	D. suzukii
A0AB39YWV5	0	unassigned	suzukii	D. suzukii
A0AB39YWV7	1	U-01	suzukii	D. suzukii
A0AB39YWV8	1	U-01	suzukii	D. suzukii
A0AB39YWW0	1	U-01	suzukii	D. suzukii
A0AB39YWW2	1	U-01	suzukii	D. suzukii
A0AB39YWW9	1	U-01	suzukii	D. suzukii
A0AB39YWX0	1	U-01	suzukii	D. suzukii
A0AB39YWX2	2	U-02	suzukii	D. suzukii
A0AB39YWX3	0	unassigned	suzukii	D. suzukii
A0AB39YWX5	1	U-01	suzukii	D. suzukii
A0AB39YWX7	2	U-02	suzukii	D. suzukii
A0AB39YWX9	1	U-01	suzukii	D. suzukii
A0AB39YWY0	1	U-01	suzukii	D. suzukii
A0AB40D9G9	1	U-01	suzukii	D. suzukii
A0AB40D9H0	3	U-03	suzukii	D. suzukii
A0AB40D9H1	1	U-01	suzukii	D. suzukii
A0AB40D9H2	0	unassigned	suzukii	D. suzukii
A0AB40D9H8	0	unassigned	suzukii	D. suzukii
A0AB40D9I2	2	U-02	suzukii	D. suzukii
A0AB40D9I5	2	U-02	suzukii	D. suzukii
A0AB40D9I6	1	U-01	suzukii	D. suzukii
A0AB40D9I7	1	U-01	suzukii	D. suzukii
A0AB40D9J4	0	unassigned	suzukii	D. suzukii
A0AB40D9K0	1	U-01	suzukii	D. suzukii
A0AB40D9K8	1	U-01	suzukii	D. suzukii
A0AB40D9L6	1	U-01	suzukii	D. suzukii
A0AB40D9M1	1	U-01	suzukii	D. suzukii
A0AB40D9M6	0	unassigned	suzukii	D. suzukii
A0AB40D9N0	1	U-01	suzukii	D. suzukii
A0AB40D9N1	0	unassigned	suzukii	D. suzukii
A0AB40D9P4	0	unassigned	suzukii	D. suzukii
A0AB40D9P5	0	unassigned	suzukii	D. suzukii
A0AB40D9Q3	0	unassigned	suzukii	D. suzukii
A0AB40D9Q7	0	unassigned	suzukii	D. suzukii
A0AB40D9Q8	1	U-01	suzukii	D. suzukii
A0AB40D9Q9	1	U-01	suzukii	D. suzukii
A0AB40D9R5	2	U-02	suzukii	D. suzukii
A0AB40D9S9	0	unassigned	suzukii	D. suzukii
A0AB40D9T0	0	unassigned	suzukii	D. suzukii
A0AB40D9T3	3	U-03	suzukii	D. suzukii
A0AB40D9U3	0	unassigned	suzukii	D. suzukii
A0AB40D9V2	0	unassigned	suzukii	D. suzukii
A0AB40D9V3	0	unassigned	suzukii	D. suzukii
A0AB40D9W1	3	U-03	suzukii	D. suzukii
A0AB40D9W4	0	unassigned	suzukii	D. suzukii
A0AB40D9X4	0	unassigned	suzukii	D. suzukii
A0AB40D9X5	2	U-02	suzukii	D. suzukii
A0AB40D9X6	0	unassigned	suzukii	D. suzukii
A0AB40D9X7	0	unassigned	suzukii	D. suzukii
A0AB40D9Y0	0	unassigned	suzukii	D. suzukii
A0AB40D9Y8	0	unassigned	suzukii	D. suzukii
A0AB40D9Z2	0	unassigned	suzukii	D. suzukii
A0AB40D9Z4	3	U-03	suzukii	D. suzukii
A0AB40D9Z5	1	U-01	suzukii	D. suzukii
A0AB40D9Z9	0	unassigned	suzukii	D. suzukii
A0AB40DA01	1	U-01	suzukii	D. suzukii
A0AB40DA07	1	U-01	suzukii	D. suzukii
A0AB40DA10	1	U-01	suzukii	D. suzukii
A0AB40DA13	1	U-01	suzukii	D. suzukii
A0AB40DA20	0	unassigned	suzukii	D. suzukii
A0AB40DA21	1	U-01	suzukii	D. suzukii
A0AB40DA25	1	U-01	suzukii	D. suzukii
A0AB40DA26	1	U-01	suzukii	D. suzukii
A0AB40DA27	1	U-01	suzukii	D. suzukii
A0AB40DA28	1	U-01	suzukii	D. suzukii
A0AB40DA35	1	U-01	suzukii	D. suzukii
A0AB40DA45	1	U-01	suzukii	D. suzukii
A0AB40DA50	0	unassigned	suzukii	D. suzukii
A0AB40DA66	0	unassigned	suzukii	D. suzukii
A0AB40DA70	2	U-02	suzukii	D. suzukii
A0AB40DA76	1	U-01	suzukii	D. suzukii
A0AB40DA79	0	unassigned	suzukii	D. suzukii
A0AB40DA80	0	unassigned	suzukii	D. suzukii
A0AB40DA85	1	U-01	suzukii	D. suzukii
A0AB40DA92	2	U-02	suzukii	D. suzukii
A0AB40DA94	2	U-02	suzukii	D. suzukii
A0AB40DA97	0	unassigned	suzukii	D. suzukii
A0AB40DAA2	1	U-01	suzukii	D. suzukii
A0AB40DAA3	1	U-01	suzukii	D. suzukii
A0AB40DAA4	3	U-03	suzukii	D. suzukii
A0AB40DAA5	0	unassigned	suzukii	D. suzukii
A0AB40DAB6	2	U-02	suzukii	D. suzukii
A0AB40DAB9	1	U-01	suzukii	D. suzukii
A0AB40DAC6	1	U-01	suzukii	D. suzukii
A0AB40DAC9	0	unassigned	suzukii	D. suzukii
A0AB40DAD2	1	U-01	suzukii	D. suzukii
A0AB40DAF1	0	unassigned	suzukii	D. suzukii
A0AB40DAF3	0	unassigned	suzukii	D. suzukii
A0AB40DAG6	0	unassigned	suzukii	D. suzukii
A0AB40DAH6	1	U-01	suzukii	D. suzukii
A0AB40DAI0	1	U-01	suzukii	D. suzukii
A0AB40DAI7	0	unassigned	suzukii	D. suzukii
A0AB40DAI8	2	U-02	suzukii	D. suzukii
A0AB40DAJ2	1	U-01	suzukii	D. suzukii
A0AB40DAK2	0	unassigned	suzukii	D. suzukii
A0AB40DAK4	3	U-03	suzukii	D. suzukii
A0AB40DAL1	3	U-03	suzukii	D. suzukii
A0AB40DAM0	2	U-02	suzukii	D. suzukii
A0AB40DAN5	0	unassigned	suzukii	D. suzukii
A0AB40DAN6	0	unassigned	suzukii	D. suzukii
A0AB40DAN8	2	U-02	suzukii	D. suzukii
A0AB40DAP2	1	U-01	suzukii	D. suzukii
A0AB40DAP3	0	unassigned	suzukii	D. suzukii
A0AB40DAQ0	1	U-01	suzukii	D. suzukii
A0AB40DAQ3	1	U-01	suzukii	D. suzukii
A0AB40DAR3	0	unassigned	suzukii	D. suzukii
A0AB40DAS4	1	U-01	suzukii	D. suzukii
A0AB40DIG6	0	unassigned	suzukii	D. suzukii
A0AB40DIG9	2	U-02	suzukii	D. suzukii
A0AB40DII1	1	U-01	suzukii	D. suzukii
A0AB40DIJ9	1	U-01	suzukii	D. suzukii
A0AB40DIL5	1	U-01	suzukii	D. suzukii
A0AB40DIM1	1	U-01	suzukii	D. suzukii
A0AB39ZAX3	1	U-01	suzukii	D. suzukii
A0AB39ZAX4	1	U-01	suzukii	D. suzukii
A0AB39ZAX7	1	U-01	suzukii	D. suzukii
A0AB39ZAX9	1	U-01	suzukii	D. suzukii
A0AB39ZAY0	0	unassigned	suzukii	D. suzukii
A0AB39ZAY4	1	U-01	suzukii	D. suzukii
A0AB39ZAY5	2	U-02	suzukii	D. suzukii
A0AB39ZAY9	1	U-01	suzukii	D. suzukii
A0AB39ZAZ3	1	U-01	suzukii	D. suzukii
A0AB39ZAZ5	0	unassigned	suzukii	D. suzukii
A0AB39ZAZ7	1	U-01	suzukii	D. suzukii
A0AB39ZAZ8	0	unassigned	suzukii	D. suzukii
A0AB39ZAZ9	1	U-01	suzukii	D. suzukii
A0AB39ZB01	1	U-01	suzukii	D. suzukii
A0AB39ZB03	1	U-01	suzukii	D. suzukii
A0AB39ZB05	0	unassigned	suzukii	D. suzukii
A0AB39ZB09	1	U-01	suzukii	D. suzukii
A0AB39ZB14	1	U-01	suzukii	D. suzukii
A0AB39ZB15	1	U-01	suzukii	D. suzukii
A0AB39ZB17	2	U-02	suzukii	D. suzukii
A0AB39ZB20	2	U-02	suzukii	D. suzukii
A0AB39ZB22	2	U-02	suzukii	D. suzukii
A0AB39ZB23	1	U-01	suzukii	D. suzukii
A0AB39ZB24	1	U-01	suzukii	D. suzukii
A0AB39ZB25	2	U-02	suzukii	D. suzukii
A0AB39ZB26	2	U-02	suzukii	D. suzukii
A0AB39ZB30	2	U-02	suzukii	D. suzukii
A0AB39ZB31	1	U-01	suzukii	D. suzukii
A0AB39ZB34	1	U-01	suzukii	D. suzukii
A0AB39ZB35	0	unassigned	suzukii	D. suzukii
A0AB39ZB36	2	U-02	suzukii	D. suzukii
A0AB39ZB37	0	unassigned	suzukii	D. suzukii
A0AB39ZB38	1	U-01	suzukii	D. suzukii
A0AB39ZB39	1	U-01	suzukii	D. suzukii
A0AB39ZB40	1	U-01	suzukii	D. suzukii
A0AB39ZB41	1	U-01	suzukii	D. suzukii
A0AB39ZB42	0	unassigned	suzukii	D. suzukii
A0AB39ZB43	0	unassigned	suzukii	D. suzukii
A0AB39ZB45	1	U-01	suzukii	D. suzukii
A0AB39ZB46	1	U-01	suzukii	D. suzukii
A0AB39ZB47	1	U-01	suzukii	D. suzukii
A0AB39ZB49	1	U-01	suzukii	D. suzukii
A0AB39ZB50	2	U-02	suzukii	D. suzukii
A0AB39ZB51	1	U-01	suzukii	D. suzukii
A0AB39ZB52	1	U-01	suzukii	D. suzukii
A0AB39ZB53	1	U-01	suzukii	D. suzukii
A0AB39ZB54	1	U-01	suzukii	D. suzukii
A0AB39ZB55	0	unassigned	suzukii	D. suzukii
A0AB39ZB57	1	U-01	suzukii	D. suzukii
A0AB39ZB59	1	U-01	suzukii	D. suzukii
A0AB39ZB61	1	U-01	suzukii	D. suzukii
A0AB39ZB62	0	unassigned	suzukii	D. suzukii
A0AB39ZB63	1	U-01	suzukii	D. suzukii
A0AB39ZB64	1	U-01	suzukii	D. suzukii
A0AB39ZB67	1	U-01	suzukii	D. suzukii
A0AB39ZB68	1	U-01	suzukii	D. suzukii
A0AB39ZB70	1	U-01	suzukii	D. suzukii
A0AB39ZB73	1	U-01	suzukii	D. suzukii
A0AB39ZB75	1	U-01	suzukii	D. suzukii
A0AB39ZB77	1	U-01	suzukii	D. suzukii
A0AB39ZB79	1	U-01	suzukii	D. suzukii
A0AB39ZB84	0	unassigned	suzukii	D. suzukii
A0AB39ZB85	1	U-01	suzukii	D. suzukii
A0AB39ZB89	1	U-01	suzukii	D. suzukii
A0AB39ZB90	1	U-01	suzukii	D. suzukii
A0AB39ZB92	2	U-02	suzukii	D. suzukii
A0AB39ZB94	1	U-01	suzukii	D. suzukii
A0AB39ZB96	0	unassigned	suzukii	D. suzukii
A0AB39ZB99	2	U-02	suzukii	D. suzukii
A0AB39ZBA3	0	unassigned	suzukii	D. suzukii
A0AB39ZBA4	2	U-02	suzukii	D. suzukii
A0AB39ZBA9	1	U-01	suzukii	D. suzukii
A0AB39ZBB3	2	U-02	suzukii	D. suzukii
A0AB39ZBB4	2	U-02	suzukii	D. suzukii
A0AB39ZBB5	1	U-01	suzukii	D. suzukii
A0AB39ZBB8	1	U-01	suzukii	D. suzukii
A0AB39ZBC2	1	U-01	suzukii	D. suzukii
A0AB39ZBC6	1	U-01	suzukii	D. suzukii
A0AB39ZBC7	1	U-01	suzukii	D. suzukii
A0AB39ZBC9	2	U-02	suzukii	D. suzukii
A0AB39ZBD1	2	U-02	suzukii	D. suzukii
A0AB39ZBD5	1	U-01	suzukii	D. suzukii
A0AB39ZE01	1	U-01	suzukii	D. suzukii
A0AB39ZE03	2	U-02	suzukii	D. suzukii
A0AB39ZE05	1	U-01	suzukii	D. suzukii
A0AB39ZE06	1	U-01	suzukii	D. suzukii
A0AB39ZE09	1	U-01	suzukii	D. suzukii
A0AB39ZE13	1	U-01	suzukii	D. suzukii
A0AB39ZE15	1	U-01	suzukii	D. suzukii
A0AB39ZE18	2	U-02	suzukii	D. suzukii
A0AB39ZE19	1	U-01	suzukii	D. suzukii
A0AB39ZE20	1	U-01	suzukii	D. suzukii
A0AB39ZE21	1	U-01	suzukii	D. suzukii
A0AB39ZE23	1	U-01	suzukii	D. suzukii
A0AB39ZE24	1	U-01	suzukii	D. suzukii
A0AB39ZE25	1	U-01	suzukii	D. suzukii
A0AB39ZE28	1	U-01	suzukii	D. suzukii
A0AB39ZE29	1	U-01	suzukii	D. suzukii
A0AB39ZE32	1	U-01	suzukii	D. suzukii
A0AB39ZE33	2	U-02	suzukii	D. suzukii
A0AB39ZWX9	1	U-01	suzukii	D. suzukii
A0AB39ZWY2	1	U-01	suzukii	D. suzukii
A0AB39ZWY4	0	unassigned	suzukii	D. suzukii
A0AB39ZWY5	1	U-01	suzukii	D. suzukii
A0AB39ZWY6	1	U-01	suzukii	D. suzukii
A0AB39ZWY7	1	U-01	suzukii	D. suzukii
A0AB39ZWY9	1	U-01	suzukii	D. suzukii
A0AB39ZWZ0	1	U-01	suzukii	D. suzukii
A0AB39ZWZ2	1	U-01	suzukii	D. suzukii
A0AB39ZWZ3	1	U-01	suzukii	D. suzukii
A0AB39ZWZ6	1	U-01	suzukii	D. suzukii
A0AB39ZWZ9	1	U-01	suzukii	D. suzukii
A0AB39ZX02	1	U-01	suzukii	D. suzukii
A0AB39ZX05	1	U-01	suzukii	D. suzukii
A0AB39ZX06	1	U-01	suzukii	D. suzukii
A0AB39ZX12	1	U-01	suzukii	D. suzukii
A0AB39ZX15	1	U-01	suzukii	D. suzukii
A0AB39ZX21	2	U-02	suzukii	D. suzukii
A0AB39ZX22	1	U-01	suzukii	D. suzukii
A0AB39ZX27	1	U-01	suzukii	D. suzukii
A0AB39ZX30	3	U-03	suzukii	D. suzukii
A0AB39ZX35	1	U-01	suzukii	D. suzukii
A0AB39ZX36	1	U-01	suzukii	D. suzukii
A0AB39ZX39	1	U-01	suzukii	D. suzukii
A0AB39ZX42	1	U-01	suzukii	D. suzukii
A0AB39ZX43	1	U-01	suzukii	D. suzukii
A0AB39ZX48	1	U-01	suzukii	D. suzukii
A0AB39ZX50	1	U-01	suzukii	D. suzukii
A0AB39ZX57	1	U-01	suzukii	D. suzukii
A0AB39ZX62	1	U-01	suzukii	D. suzukii
A0AB39ZX63	3	U-03	suzukii	D. suzukii
A0AB39ZX64	1	U-01	suzukii	D. suzukii
A0AB39ZX68	1	U-01	suzukii	D. suzukii
A0AB39ZX71	0	unassigned	suzukii	D. suzukii
A0AB39ZX78	2	U-02	suzukii	D. suzukii
A0AB39ZX79	1	U-01	suzukii	D. suzukii
A0AB39ZX84	0	unassigned	suzukii	D. suzukii
A0AB39ZX94	0	unassigned	suzukii	D. suzukii
A0AB39ZX95	1	U-01	suzukii	D. suzukii
A0AB39ZX97	0	unassigned	suzukii	D. suzukii
A0AB39ZXA0	1	U-01	suzukii	D. suzukii
A0AB39ZXA4	3	U-03	suzukii	D. suzukii
A0AB39ZXA5	3	U-03	suzukii	D. suzukii
A0AB39ZXA7	1	U-01	suzukii	D. suzukii
A0AB39ZXA9	0	unassigned	suzukii	D. suzukii
A0AB39ZXB0	1	U-01	suzukii	D. suzukii
A0AB39ZXB2	2	U-02	suzukii	D. suzukii
A0AB39ZXB3	1	U-01	suzukii	D. suzukii
A0AB39ZXB4	2	U-02	suzukii	D. suzukii
A0AB39ZXB6	2	U-02	suzukii	D. suzukii
A0AB39ZXB8	1	U-01	suzukii	D. suzukii
A0AB39ZXC0	0	unassigned	suzukii	D. suzukii
A0AB39ZXC3	0	unassigned	suzukii	D. suzukii
A0AB39ZXC4	0	unassigned	suzukii	D. suzukii
A0AB39ZXC9	1	U-01	suzukii	D. suzukii
A0AB39ZXD0	1	U-01	suzukii	D. suzukii
A0AB39ZXD1	1	U-01	suzukii	D. suzukii
A0AB39ZXD3	1	U-01	suzukii	D. suzukii
A0AB39ZXD6	1	U-01	suzukii	D. suzukii
A0AB39ZXD8	0	unassigned	suzukii	D. suzukii
A0AB39ZXD9	1	U-01	suzukii	D. suzukii
A0AB39ZXE0	0	unassigned	suzukii	D. suzukii
A0AB39ZXE1	1	U-01	suzukii	D. suzukii
A0AB39ZXE8	1	U-01	suzukii	D. suzukii
A0AB39ZXF5	1	U-01	suzukii	D. suzukii
A0AB39ZXF6	0	unassigned	suzukii	D. suzukii
A0AB39ZXF7	1	U-01	suzukii	D. suzukii
A0AB39ZXF9	1	U-01	suzukii	D. suzukii
A0AB40A1N6	0	unassigned	suzukii	D. suzukii
A0AB40A1P1	1	U-01	suzukii	D. suzukii
A0AB40A1P2	1	U-01	suzukii	D. suzukii
A0AB40A1P6	0	unassigned	suzukii	D. suzukii
A0AB40A1Q5	2	U-02	suzukii	D. suzukii
A0AB40A1Q6	1	U-01	suzukii	D. suzukii
A0AB40A1R2	2	U-02	suzukii	D. suzukii
A0AB40A1R3	0	unassigned	suzukii	D. suzukii
A0AB40A1R4	0	unassigned	suzukii	D. suzukii
A0AB40A1R5	1	U-01	suzukii	D. suzukii
A0AB40A1R6	2	U-02	suzukii	D. suzukii
A0AB40A1R8	1	U-01	suzukii	D. suzukii
A0AB40A1S3	1	U-01	suzukii	D. suzukii
A0AB40A1S4	1	U-01	suzukii	D. suzukii
A0AB40A1S8	2	U-02	suzukii	D. suzukii
A0AB40A1T0	1	U-01	suzukii	D. suzukii
A0AB40A1T4	1	U-01	suzukii	D. suzukii
A0AB40A1T5	1	U-01	suzukii	D. suzukii
A0AB40A1T7	1	U-01	suzukii	D. suzukii
A0AB40A1T8	1	U-01	suzukii	D. suzukii
A0AB40A1U1	1	U-01	suzukii	D. suzukii
A0AB40A1U2	1	U-01	suzukii	D. suzukii
A0AB40A1U3	0	unassigned	suzukii	D. suzukii
A0AB40A1U4	3	U-03	suzukii	D. suzukii
A0AB40A1U9	0	unassigned	suzukii	D. suzukii
A0AB40A1V0	1	U-01	suzukii	D. suzukii
A0AB40A1V1	1	U-01	suzukii	D. suzukii
A0AB40A1V2	1	U-01	suzukii	D. suzukii
A0AB40A1V3	1	U-01	suzukii	D. suzukii
A0AB40A1V5	3	U-03	suzukii	D. suzukii
A0AB40A1V6	1	U-01	suzukii	D. suzukii
A0AB40A1W2	1	U-01	suzukii	D. suzukii
A0AB39Z8T4	1	U-01	suzukii	D. suzukii
A0AB39Z8T9	1	U-01	suzukii	D. suzukii
A0AB39Z8U3	2	U-02	suzukii	D. suzukii
A0AB39Z8U8	0	unassigned	suzukii	D. suzukii
A0AB39Z8U9	1	U-01	suzukii	D. suzukii
A0AB39Z8V1	1	U-01	suzukii	D. suzukii
A0AB39Z8V3	1	U-01	suzukii	D. suzukii
A0AB39Z8W1	3	U-03	suzukii	D. suzukii
A0AB39Z8W2	1	U-01	suzukii	D. suzukii
A0AB39Z8W3	1	U-01	suzukii	D. suzukii
A0AB39Z8W4	1	U-01	suzukii	D. suzukii
A0AB39Z8W6	1	U-01	suzukii	D. suzukii
A0AB39Z8W8	1	U-01	suzukii	D. suzukii
A0AB39Z8X0	0	unassigned	suzukii	D. suzukii
A0AB39Z8X3	1	U-01	suzukii	D. suzukii
A0AB39Z8X4	3	U-03	suzukii	D. suzukii
A0AB39Z8X6	1	U-01	suzukii	D. suzukii
A0AB39Z8X9	1	U-01	suzukii	D. suzukii
A0AB39Z8Y3	1	U-01	suzukii	D. suzukii
A0AB39Z8Y5	1	U-01	suzukii	D. suzukii
A0AB39Z8Z1	1	U-01	suzukii	D. suzukii
A0AB39Z8Z2	1	U-01	suzukii	D. suzukii
A0AB39Z8Z5	0	unassigned	suzukii	D. suzukii
A0AB39Z900	1	U-01	suzukii	D. suzukii
A0AB39Z905	2	U-02	suzukii	D. suzukii
A0AB39Z908	0	unassigned	suzukii	D. suzukii
A0AB39Z910	1	U-01	suzukii	D. suzukii
A0AB39Z919	1	U-01	suzukii	D. suzukii
A0AB39Z924	1	U-01	suzukii	D. suzukii
A0AB39Z926	1	U-01	suzukii	D. suzukii
A0AB39Z927	3	U-03	suzukii	D. suzukii
A0AB39Z930	1	U-01	suzukii	D. suzukii
A0AB39Z937	2	U-02	suzukii	D. suzukii
A0AB39Z939	1	U-01	suzukii	D. suzukii
A0AB39Z940	1	U-01	suzukii	D. suzukii
A0AB39Z941	1	U-01	suzukii	D. suzukii
A0AB39Z943	1	U-01	suzukii	D. suzukii
A0AB39Z946	1	U-01	suzukii	D. suzukii
A0AB39Z948	1	U-01	suzukii	D. suzukii
A0AB39Z953	1	U-01	suzukii	D. suzukii
A0AB39Z956	1	U-01	suzukii	D. suzukii
A0AB39Z957	1	U-01	suzukii	D. suzukii
A0AB39Z959	1	U-01	suzukii	D. suzukii
A0AB39Z960	2	U-02	suzukii	D. suzukii
A0AB39Z964	1	U-01	suzukii	D. suzukii
A0AB39Z966	1	U-01	suzukii	D. suzukii
A0AB39Z969	1	U-01	suzukii	D. suzukii
A0AB39Z971	1	U-01	suzukii	D. suzukii
A0AB39Z972	1	U-01	suzukii	D. suzukii
A0AB39Z974	1	U-01	suzukii	D. suzukii
A0AB39Z976	1	U-01	suzukii	D. suzukii
A0AB39Z980	1	U-01	suzukii	D. suzukii
A0AB39Z983	2	U-02	suzukii	D. suzukii
A0AB39Z984	1	U-01	suzukii	D. suzukii
A0AB39Z986	1	U-01	suzukii	D. suzukii
A0AB39Z987	1	U-01	suzukii	D. suzukii
A0AB39Z989	1	U-01	suzukii	D. suzukii
A0AB39Z991	1	U-01	suzukii	D. suzukii
A0AB39Z992	1	U-01	suzukii	D. suzukii
A0AB39Z995	0	unassigned	suzukii	D. suzukii
A0AB39Z9A2	2	U-02	suzukii	D. suzukii
A0AB39Z9A4	1	U-01	suzukii	D. suzukii
A0AB39Z9B1	1	U-01	suzukii	D. suzukii
A0AB39Z9B7	3	U-03	suzukii	D. suzukii
A0AB39Z9B8	2	U-02	suzukii	D. suzukii
A0AB39Z9C4	1	U-01	suzukii	D. suzukii
A0AB39Z9C7	1	U-01	suzukii	D. suzukii
A0AB39Z9C8	1	U-01	suzukii	D. suzukii
A0AB39Z9C9	1	U-01	suzukii	D. suzukii
A0AB39Z9D5	1	U-01	suzukii	D. suzukii
A0AB39Z9D9	1	U-01	suzukii	D. suzukii
A0AB39Z9E0	1	U-01	suzukii	D. suzukii
A0AB39Z9E1	1	U-01	suzukii	D. suzukii
A0AB39Z9E7	1	U-01	suzukii	D. suzukii
A0AB39Z9E8	0	unassigned	suzukii	D. suzukii
A0AB39Z9F0	1	U-01	suzukii	D. suzukii
A0AB39Z9F3	3	U-03	suzukii	D. suzukii
A0AB39Z9F4	1	U-01	suzukii	D. suzukii
A0AB39Z9G2	1	U-01	suzukii	D. suzukii
A0AB39Z9G5	1	U-01	suzukii	D. suzukii
A0AB39Z9G6	1	U-01	suzukii	D. suzukii
A0AB39ZFH3	1	U-01	suzukii	D. suzukii
A0AB39ZFH5	1	U-01	suzukii	D. suzukii
A0AB39ZFI1	1	U-01	suzukii	D. suzukii
A0AB39ZFI4	3	U-03	suzukii	D. suzukii
A0AB39ZFI6	1	U-01	suzukii	D. suzukii
A0AB39ZFI8	0	unassigned	suzukii	D. suzukii
A0AB39ZFI9	1	U-01	suzukii	D. suzukii
A0AB39ZFJ0	1	U-01	suzukii	D. suzukii
A0AB39ZFJ3	0	unassigned	suzukii	D. suzukii
A0AB39ZFK0	1	U-01	suzukii	D. suzukii
A0AB39ZFK3	0	unassigned	suzukii	D. suzukii
A0AB39ZFK7	1	U-01	suzukii	D. suzukii
A0AB39ZFK8	1	U-01	suzukii	D. suzukii
A0AB39ZFL0	1	U-01	suzukii	D. suzukii
A0AB39ZFL2	1	U-01	suzukii	D. suzukii
A0AB39ZFL5	1	U-01	suzukii	D. suzukii
A0AB39ZFL8	1	U-01	suzukii	D. suzukii
A0AB39ZFM0	0	unassigned	suzukii	D. suzukii
A0AB39ZFM1	3	U-03	suzukii	D. suzukii
A0AB39YZ64	1	U-01	suzukii	D. suzukii
A0AB39YZ68	1	U-01	suzukii	D. suzukii
A0AB39YZ69	1	U-01	suzukii	D. suzukii
A0AB39YZ79	1	U-01	suzukii	D. suzukii
A0AB39YZ82	0	unassigned	suzukii	D. suzukii
A0AB39YZ83	1	U-01	suzukii	D. suzukii
A0AB39YZ86	2	U-02	suzukii	D. suzukii
A0AB39YZ87	1	U-01	suzukii	D. suzukii
A0AB39YZ90	2	U-02	suzukii	D. suzukii
A0AB39YZ91	1	U-01	suzukii	D. suzukii
A0AB39YZ95	2	U-02	suzukii	D. suzukii
A0AB39YZ99	3	U-03	suzukii	D. suzukii
A0AB39YZA0	0	unassigned	suzukii	D. suzukii
A0AB39YZA1	1	U-01	suzukii	D. suzukii
A0AB39YZA3	1	U-01	suzukii	D. suzukii
A0AB39YZA5	1	U-01	suzukii	D. suzukii
A0AB39YZB0	1	U-01	suzukii	D. suzukii
A0AB39YZB1	1	U-01	suzukii	D. suzukii
A0AB39YZB8	0	unassigned	suzukii	D. suzukii
A0AB39YZB9	3	U-03	suzukii	D. suzukii
A0AB39YZC0	1	U-01	suzukii	D. suzukii
A0AB39YZC5	2	U-02	suzukii	D. suzukii
A0AB39YZC6	1	U-01	suzukii	D. suzukii
A0AB39YZC9	1	U-01	suzukii	D. suzukii
A0AB39YZD0	1	U-01	suzukii	D. suzukii
A0AB39YZD4	2	U-02	suzukii	D. suzukii
A0AB39YZD8	1	U-01	suzukii	D. suzukii
A0AB39YZE3	3	U-03	suzukii	D. suzukii
A0AB39YZE4	1	U-01	suzukii	D. suzukii
A0AB39YZE7	1	U-01	suzukii	D. suzukii
A0AB39YZE9	1	U-01	suzukii	D. suzukii
A0AB39YZF0	1	U-01	suzukii	D. suzukii
A0AB39YZF3	0	unassigned	suzukii	D. suzukii
A0AB39YZF5	1	U-01	suzukii	D. suzukii
A0AB39YZF7	1	U-01	suzukii	D. suzukii
A0AB39YZF8	1	U-01	suzukii	D. suzukii
A0AB39YZF9	0	unassigned	suzukii	D. suzukii
A0AB39YZG2	1	U-01	suzukii	D. suzukii
A0AB39YZG3	1	U-01	suzukii	D. suzukii
A0AB39YZG6	2	U-02	suzukii	D. suzukii
A0AB39YZG7	1	U-01	suzukii	D. suzukii
A0AB39YZG9	1	U-01	suzukii	D. suzukii
A0AB39YZH4	2	U-02	suzukii	D. suzukii
A0AB39YZI0	1	U-01	suzukii	D. suzukii
A0AB39YZI1	1	U-01	suzukii	D. suzukii
A0AB39YZI3	1	U-01	suzukii	D. suzukii
A0AB39YZI5	1	U-01	suzukii	D. suzukii
A0AB39YZI6	1	U-01	suzukii	D. suzukii
A0AB39YZI7	1	U-01	suzukii	D. suzukii
A0AB39YZI8	1	U-01	suzukii	D. suzukii
A0AB39YZJ3	1	U-01	suzukii	D. suzukii
A0AB39YZJ4	1	U-01	suzukii	D. suzukii
A0AB39YZJ7	1	U-01	suzukii	D. suzukii
A0AB39YZJ9	0	unassigned	suzukii	D. suzukii
A0AB39YZK0	1	U-01	suzukii	D. suzukii
A0AB39YZK2	2	U-02	suzukii	D. suzukii
A0AB39YZK4	1	U-01	suzukii	D. suzukii
A0AB39YZK6	1	U-01	suzukii	D. suzukii
A0AB39YZK8	3	U-03	suzukii	D. suzukii
A0AB39YZM3	2	U-02	suzukii	D. suzukii
A0AB39YZN1	1	U-01	suzukii	D. suzukii
A0AB39YZN2	1	U-01	suzukii	D. suzukii
A0AB39YZP7	1	U-01	suzukii	D. suzukii
A0AB39YZQ0	2	U-02	suzukii	D. suzukii
A0AB39YZQ4	3	U-03	suzukii	D. suzukii
A0AB39YZR0	3	U-03	suzukii	D. suzukii
A0AB39YZR2	2	U-02	suzukii	D. suzukii
A0AB39YZS0	1	U-01	suzukii	D. suzukii
A0AB39YZS4	0	unassigned	suzukii	D. suzukii
A0AB39YZS5	3	U-03	suzukii	D. suzukii
A0AB39YZS7	2	U-02	suzukii	D. suzukii
A0AB39YZT2	1	U-01	suzukii	D. suzukii
A0AB39Z3A1	2	U-02	suzukii	D. suzukii
A0AB39Z3A4	1	U-01	suzukii	D. suzukii
A0AB39Z3A6	3	U-03	suzukii	D. suzukii
A0AB39Z3B2	2	U-02	suzukii	D. suzukii
A0AB39Z3B5	1	U-01	suzukii	D. suzukii
A0AB39Z3B7	1	U-01	suzukii	D. suzukii
A0AB39Z3B8	1	U-01	suzukii	D. suzukii
A0AB39Z3C0	1	U-01	suzukii	D. suzukii
A0AB39Z3C1	1	U-01	suzukii	D. suzukii
A0AB39Z3C5	3	U-03	suzukii	D. suzukii
A0AB39Z3C8	1	U-01	suzukii	D. suzukii
A0AB39Z3D1	3	U-03	suzukii	D. suzukii
A0AB39Z3D5	1	U-01	suzukii	D. suzukii
A0AB39Z3D7	2	U-02	suzukii	D. suzukii
A0AB39Z3D8	1	U-01	suzukii	D. suzukii
A0AB39Z3E2	1	U-01	suzukii	D. suzukii
A0AB39Z3E4	2	U-02	suzukii	D. suzukii
A0AB39Z3E7	1	U-01	suzukii	D. suzukii
A0AB39Z3E9	2	U-02	suzukii	D. suzukii
A0AB39Z3F1	2	U-02	suzukii	D. suzukii
A0AB39Z3F3	1	U-01	suzukii	D. suzukii
A0AB39Z3F5	1	U-01	suzukii	D. suzukii
A0AB39Z3F6	2	U-02	suzukii	D. suzukii
A0AB39Z3F7	0	unassigned	suzukii	D. suzukii
A0AB39Z3F9	3	U-03	suzukii	D. suzukii
A0AB39Z3G0	2	U-02	suzukii	D. suzukii
A0AB39Z3G1	1	U-01	suzukii	D. suzukii
A0AB39Z3G7	3	U-03	suzukii	D. suzukii
A0AB40A0R1	0	unassigned	suzukii	D. suzukii
A0AB40A0R7	0	unassigned	suzukii	D. suzukii
A0AB40A0R8	1	U-01	suzukii	D. suzukii
A0AB40A0S0	1	U-01	suzukii	D. suzukii
A0AB40A0S1	1	U-01	suzukii	D. suzukii
A0AB40A0S3	0	unassigned	suzukii	D. suzukii
A0AB40A0S9	1	U-01	suzukii	D. suzukii
A0AB40A0T3	2	U-02	suzukii	D. suzukii
A0AB40A0T4	1	U-01	suzukii	D. suzukii
A0AB40A0U0	1	U-01	suzukii	D. suzukii
A0AB40A0U5	1	U-01	suzukii	D. suzukii
A0AB40A0V0	1	U-01	suzukii	D. suzukii
A0AB40A0V1	2	U-02	suzukii	D. suzukii
A0AB40A0V2	1	U-01	suzukii	D. suzukii
A0AB40A0V4	1	U-01	suzukii	D. suzukii
A0AB40A0V7	1	U-01	suzukii	D. suzukii
A0AB40A0V9	3	U-03	suzukii	D. suzukii
A0AB40A0W0	1	U-01	suzukii	D. suzukii
A0AB40A0W3	1	U-01	suzukii	D. suzukii
A0AB40A0W6	0	unassigned	suzukii	D. suzukii
A0AB40A0W9	1	U-01	suzukii	D. suzukii
A0AB40A0X0	0	unassigned	suzukii	D. suzukii
A0AB40A0X4	1	U-01	suzukii	D. suzukii
A0AB40A0X7	1	U-01	suzukii	D. suzukii
A0AB40A0X8	0	unassigned	suzukii	D. suzukii
A0AB40A0Y2	1	U-01	suzukii	D. suzukii
A0AB40A0Y3	1	U-01	suzukii	D. suzukii
A0AB40A0Y5	1	U-01	suzukii	D. suzukii
A0AB40A0Y6	2	U-02	suzukii	D. suzukii
A0AB40A0Y9	1	U-01	suzukii	D. suzukii
A0AB40A0Z1	1	U-01	suzukii	D. suzukii
A0AB40A0Z3	1	U-01	suzukii	D. suzukii
A0AB40A0Z5	1	U-01	suzukii	D. suzukii
A0AB40A100	1	U-01	suzukii	D. suzukii
A0AB40A102	1	U-01	suzukii	D. suzukii
A0AB40A104	1	U-01	suzukii	D. suzukii
A0AB40A106	1	U-01	suzukii	D. suzukii
A0AB40A108	1	U-01	suzukii	D. suzukii
A0AB40A109	1	U-01	suzukii	D. suzukii
A0AB40A119	1	U-01	suzukii	D. suzukii
A0AB40A122	1	U-01	suzukii	D. suzukii
A0AB40A124	1	U-01	suzukii	D. suzukii
A0AB40A130	1	U-01	suzukii	D. suzukii
A0AB40A142	0	unassigned	suzukii	D. suzukii
A0AB40A144	1	U-01	suzukii	D. suzukii
A0AB40A150	1	U-01	suzukii	D. suzukii
A0AB40A151	1	U-01	suzukii	D. suzukii
A0AB40A154	1	U-01	suzukii	D. suzukii
A0AB40A159	0	unassigned	suzukii	D. suzukii
A0AB40A164	3	U-03	suzukii	D. suzukii
A0AB40A4Z7	0	unassigned	suzukii	D. suzukii
A0AB40A500	1	U-01	suzukii	D. suzukii
A0AB40A504	1	U-01	suzukii	D. suzukii
A0AB40A513	1	U-01	suzukii	D. suzukii
A0AB40A520	1	U-01	suzukii	D. suzukii
A0AB40A522	3	U-03	suzukii	D. suzukii
A0AB40A524	2	U-02	suzukii	D. suzukii
A0AB40A527	2	U-02	suzukii	D. suzukii
A0AB40A530	1	U-01	suzukii	D. suzukii
A0AB40A541	1	U-01	suzukii	D. suzukii
A0AB40A542	1	U-01	suzukii	D. suzukii
A0AB40A544	1	U-01	suzukii	D. suzukii
A0AB40A545	0	unassigned	suzukii	D. suzukii
A0AB40A551	1	U-01	suzukii	D. suzukii
A0AB40A555	1	U-01	suzukii	D. suzukii
A0AB40A557	1	U-01	suzukii	D. suzukii
A0AB40A558	2	U-02	suzukii	D. suzukii
A0AB40A561	1	U-01	suzukii	D. suzukii
A0AB40A562	1	U-01	suzukii	D. suzukii
A0AB40A566	2	U-02	suzukii	D. suzukii
A0AB40A567	1	U-01	suzukii	D. suzukii
A0AB40A580	1	U-01	suzukii	D. suzukii
A0AB40A585	1	U-01	suzukii	D. suzukii
A0AB40A590	1	U-01	suzukii	D. suzukii
A0AB40A593	0	unassigned	suzukii	D. suzukii
A0AB40A594	1	U-01	suzukii	D. suzukii
A0AB40A596	1	U-01	suzukii	D. suzukii
A0AB40A5A0	0	unassigned	suzukii	D. suzukii
A0AB40A5A2	3	U-03	suzukii	D. suzukii
A0AB40A5A5	1	U-01	suzukii	D. suzukii
A0AB40A5A7	0	unassigned	suzukii	D. suzukii
A0AB40A5A9	1	U-01	suzukii	D. suzukii
A0AB40A5B0	3	U-03	suzukii	D. suzukii
A0AB40A5B1	1	U-01	suzukii	D. suzukii
A0AB40A5B3	1	U-01	suzukii	D. suzukii
A0AB40A5B5	2	U-02	suzukii	D. suzukii
A0AB40A5B7	0	unassigned	suzukii	D. suzukii
A0AB40A5C0	2	U-02	suzukii	D. suzukii
A0AB40A5C1	2	U-02	suzukii	D. suzukii
A0AB40A5C3	1	U-01	suzukii	D. suzukii
A0AB40A5C5	2	U-02	suzukii	D. suzukii
A0AB40A5D2	3	U-03	suzukii	D. suzukii
A0AB40A5E2	0	unassigned	suzukii	D. suzukii
A0AB40A5E9	1	U-01	suzukii	D. suzukii
A0AB40A5F0	3	U-03	suzukii	D. suzukii
A0AB40A5F4	0	unassigned	suzukii	D. suzukii
A0AB40A5F9	1	U-01	suzukii	D. suzukii
A0AB40A5G7	1	U-01	suzukii	D. suzukii
A0AB40A5H1	0	unassigned	suzukii	D. suzukii
A0AB40A5I6	1	U-01	suzukii	D. suzukii
A0ABM4TKW1	0	unassigned	suzukii	D. suzukii
A0ABM4TL03	0	unassigned	suzukii	D. suzukii
A0ABM4TL05	0	unassigned	suzukii	D. suzukii
A0ABM4TL13	1	U-01	suzukii	D. suzukii
A0ABM4TL16	0	unassigned	suzukii	D. suzukii
A0ABM4TL17	0	unassigned	suzukii	D. suzukii
A0ABM4TL18	1	U-01	suzukii	D. suzukii
A0ABM4TL19	1	U-01	suzukii	D. suzukii
A0ABM4TL21	1	U-01	suzukii	D. suzukii
A0ABM4TL22	1	U-01	suzukii	D. suzukii
A0ABM4TL23	2	U-02	suzukii	D. suzukii
A0ABM4TL25	1	U-01	suzukii	D. suzukii
A0ABM4TL27	1	U-01	suzukii	D. suzukii
A0ABM4TL30	1	U-01	suzukii	D. suzukii
A0ABM4TL31	1	U-01	suzukii	D. suzukii
A0ABM4TL33	2	U-02	suzukii	D. suzukii
A0ABM4TL44	1	U-01	suzukii	D. suzukii
A0ABM4TL46	1	U-01	suzukii	D. suzukii
A0ABM4TL47	1	U-01	suzukii	D. suzukii
A0ABM4TL59	1	U-01	suzukii	D. suzukii
A0ABM4TL60	1	U-01	suzukii	D. suzukii
A0ABM4TL64	0	unassigned	suzukii	D. suzukii
A0ABM4TL65	2	U-02	suzukii	D. suzukii
A0ABM4TL75	1	U-01	suzukii	D. suzukii
A0ABM4TL76	1	U-01	suzukii	D. suzukii
A0ABM4TL82	2	U-02	suzukii	D. suzukii
A0ABM4TLA0	1	U-01	suzukii	D. suzukii
A0ABM4TLA1	0	unassigned	suzukii	D. suzukii
A0ABM4TLA4	1	U-01	suzukii	D. suzukii
A0ABM4TLB0	1	U-01	suzukii	D. suzukii
A0ABM4TQC6	1	U-01	suzukii	D. suzukii
A0ABM4TQC9	0	unassigned	suzukii	D. suzukii
A0ABM4TQD2	2	U-02	suzukii	D. suzukii
A0ABM4TQD3	3	U-03	suzukii	D. suzukii
A0ABM4TQD4	0	unassigned	suzukii	D. suzukii
A0ABM4TQD8	1	U-01	suzukii	D. suzukii
A0ABM4TQE5	2	U-02	suzukii	D. suzukii
A0ABM4TQF3	1	U-01	suzukii	D. suzukii
A0ABM4TQF5	1	U-01	suzukii	D. suzukii
A0ABM4TQG0	1	U-01	suzukii	D. suzukii
A0ABM4TQH2	1	U-01	suzukii	D. suzukii
A0ABM4TQH3	1	U-01	suzukii	D. suzukii
A0ABM4TQH4	1	U-01	suzukii	D. suzukii
A0ABM4TQH8	2	U-02	suzukii	D. suzukii
A0ABM4TQI3	1	U-01	suzukii	D. suzukii
A0ABM4TQK9	1	U-01	suzukii	D. suzukii
A0ABM4TQL3	1	U-01	suzukii	D. suzukii
A0ABM4TQL9	1	U-01	suzukii	D. suzukii
A0ABM4TQM1	1	U-01	suzukii	D. suzukii
A0ABM4TQM5	1	U-01	suzukii	D. suzukii
A0ABM4TQR2	1	U-01	suzukii	D. suzukii
A0ABM4TQR3	1	U-01	suzukii	D. suzukii
A0ABM4TQT1	0	unassigned	suzukii	D. suzukii
A0ABM4TQT6	0	unassigned	suzukii	D. suzukii
A0ABM4TQT7	1	U-01	suzukii	D. suzukii
A0ABM4TQU3	1	U-01	suzukii	D. suzukii
A0ABM4TQU4	1	U-01	suzukii	D. suzukii
A0ABM4TQU5	1	U-01	suzukii	D. suzukii
A0ABM4TQU7	1	U-01	suzukii	D. suzukii
A0ABM4TQV1	1	U-01	suzukii	D. suzukii
A0ABM4TQV2	1	U-01	suzukii	D. suzukii
A0ABM4TQV6	1	U-01	suzukii	D. suzukii
A0ABM4TQV8	1	U-01	suzukii	D. suzukii
A0ABM4TQV9	1	U-01	suzukii	D. suzukii
A0ABM4TQW0	1	U-01	suzukii	D. suzukii
A0ABM4TQW1	1	U-01	suzukii	D. suzukii
A0ABM4TQW2	1	U-01	suzukii	D. suzukii
A0ABM4TQX4	1	U-01	suzukii	D. suzukii
A0ABM4TQY5	0	unassigned	suzukii	D. suzukii
A0ABM4TQY9	1	U-01	suzukii	D. suzukii
A0ABM4TQZ0	0	unassigned	suzukii	D. suzukii
A0ABM4TQZ7	0	unassigned	suzukii	D. suzukii
A0ABM4TQZ8	2	U-02	suzukii	D. suzukii
A0ABM4TR00	1	U-01	suzukii	D. suzukii
A0ABM4TR20	1	U-01	suzukii	D. suzukii
A0ABM4TR22	1	U-01	suzukii	D. suzukii
A0ABM4TR25	0	unassigned	suzukii	D. suzukii
A0ABM4TR26	1	U-01	suzukii	D. suzukii
A0ABM4TR32	1	U-01	suzukii	D. suzukii
A0ABM4TR35	3	U-03	suzukii	D. suzukii
A0ABM4TR37	2	U-02	suzukii	D. suzukii
A0ABM4TR46	0	unassigned	suzukii	D. suzukii
A0ABM4TR50	1	U-01	suzukii	D. suzukii
A0ABM4TR56	1	U-01	suzukii	D. suzukii
A0ABM4TR65	1	U-01	suzukii	D. suzukii
A0ABM4TR70	3	U-03	suzukii	D. suzukii
A0ABM4TR77	2	U-02	suzukii	D. suzukii
A0ABM4TR81	1	U-01	suzukii	D. suzukii
A0ABM4TR92	0	unassigned	suzukii	D. suzukii
A0ABM4TR93	0	unassigned	suzukii	D. suzukii
A0ABM4TR94	0	unassigned	suzukii	D. suzukii
A0ABM4TR95	0	unassigned	suzukii	D. suzukii
A0ABM4TR96	0	unassigned	suzukii	D. suzukii
A0ABM4TRA0	0	unassigned	suzukii	D. suzukii
A0ABM4TRA1	0	unassigned	suzukii	D. suzukii
A0ABM4TRA2	0	unassigned	suzukii	D. suzukii
A0ABM4TRA4	2	U-02	suzukii	D. suzukii
A0ABM4TRA5	0	unassigned	suzukii	D. suzukii
A0ABM4TRA6	0	unassigned	suzukii	D. suzukii
A0ABM4TRA7	0	unassigned	suzukii	D. suzukii
A0AB39Z0D0	0	unassigned	suzukii	D. suzukii
A0AB39Z1R9	1	U-01	suzukii	D. suzukii
A0AB39Z8F9	1	U-01	suzukii	D. suzukii
A0AB39ZAS1	1	U-01	suzukii	D. suzukii
A0AB39ZB07	1	U-01	suzukii	D. suzukii
A0AB39ZI87	3	U-03	suzukii	D. suzukii
A0AB39ZJ37	1	U-01	suzukii	D. suzukii
A0AB39ZLD4	1	U-01	suzukii	D. suzukii
A0AB39ZTG2	3	U-03	suzukii	D. suzukii
A0AB39ZVB4	2	U-02	suzukii	D. suzukii
A0AB39ZWB8	1	U-01	suzukii	D. suzukii
A0AB39ZZE7	1	U-01	suzukii	D. suzukii
A0AB40A5I0	2	U-02	suzukii	D. suzukii
A0AB40A6T1	2	U-02	suzukii	D. suzukii
A0AB40A7U8	1	U-01	suzukii	D. suzukii
A0AB40ABU0	2	U-02	suzukii	D. suzukii
A0AB40AC83	2	U-02	suzukii	D. suzukii
A0AB40AEA0	1	U-01	suzukii	D. suzukii
A0AB40D9V0	1	U-01	suzukii	D. suzukii
A0AB40DA52	1	U-01	suzukii	D. suzukii
A0AB40DAS0	1	U-01	suzukii	D. suzukii
A0AB40DGL5	1	U-01	suzukii	D. suzukii
A0ABM4TKF4	0	unassigned	suzukii	D. suzukii
A0ABM4TKY8	0	unassigned	suzukii	D. suzukii
A0ABM4TN08	0	unassigned	suzukii	D. suzukii
A0ABM4TS23	1	U-01	suzukii	D. suzukii
A0ABM4TUW8	0	unassigned	suzukii	D. suzukii
A0AB39YXG3	1	U-01	suzukii	D. suzukii
A0AB39YY86	1	U-01	suzukii	D. suzukii
A0AB39YZ74	1	U-01	suzukii	D. suzukii
A0AB39YZP6	3	U-03	suzukii	D. suzukii
A0AB39Z007	1	U-01	suzukii	D. suzukii
A0AB39Z0E8	1	U-01	suzukii	D. suzukii
A0AB39Z213	1	U-01	suzukii	D. suzukii
A0AB39Z5F3	1	U-01	suzukii	D. suzukii
A0AB39Z5F8	1	U-01	suzukii	D. suzukii
A0AB39Z5G5	1	U-01	suzukii	D. suzukii
A0AB39Z5H4	1	U-01	suzukii	D. suzukii
A0AB39Z5I5	1	U-01	suzukii	D. suzukii
A0AB39Z5I9	1	U-01	suzukii	D. suzukii
A0AB39Z5J1	1	U-01	suzukii	D. suzukii
A0AB39Z5J2	1	U-01	suzukii	D. suzukii
A0AB39Z5J8	1	U-01	suzukii	D. suzukii
A0AB39Z5Q3	1	U-01	suzukii	D. suzukii
A0AB39Z711	2	U-02	suzukii	D. suzukii
A0AB39Z7B3	1	U-01	suzukii	D. suzukii
A0AB39Z7E9	1	U-01	suzukii	D. suzukii
A0AB39Z7G7	1	U-01	suzukii	D. suzukii
A0AB39Z7L2	1	U-01	suzukii	D. suzukii
A0AB39ZA15	2	U-02	suzukii	D. suzukii
A0AB39ZC79	0	unassigned	suzukii	D. suzukii
A0AB39ZCA2	1	U-01	suzukii	D. suzukii
A0AB39ZGM6	0	unassigned	suzukii	D. suzukii
A0AB39ZH99	1	U-01	suzukii	D. suzukii
A0AB39ZHE5	1	U-01	suzukii	D. suzukii
A0AB39ZIZ8	0	unassigned	suzukii	D. suzukii
A0AB39ZKB0	1	U-01	suzukii	D. suzukii
A0AB39ZMF5	1	U-01	suzukii	D. suzukii
A0AB39ZMV4	1	U-01	suzukii	D. suzukii
A0AB39ZQ84	2	U-02	suzukii	D. suzukii
A0AB39ZQJ7	1	U-01	suzukii	D. suzukii
A0AB39ZSF4	2	U-02	suzukii	D. suzukii
A0AB39ZSP9	1	U-01	suzukii	D. suzukii
A0AB39ZTF9	1	U-01	suzukii	D. suzukii
A0AB39ZW48	1	U-01	suzukii	D. suzukii
A0AB39ZW58	1	U-01	suzukii	D. suzukii
A0AB39ZWS5	1	U-01	suzukii	D. suzukii
A0AB39ZXW0	1	U-01	suzukii	D. suzukii
A0AB39ZY61	1	U-01	suzukii	D. suzukii
A0AB39ZYF4	1	U-01	suzukii	D. suzukii
A0AB39ZYI0	3	U-03	suzukii	D. suzukii
A0AB39ZYS6	1	U-01	suzukii	D. suzukii
A0AB39ZYV4	1	U-01	suzukii	D. suzukii
A0AB39ZYX6	1	U-01	suzukii	D. suzukii
A0AB39ZYX9	1	U-01	suzukii	D. suzukii
A0AB40A3X7	2	U-02	suzukii	D. suzukii
A0AB40A5E0	2	U-02	suzukii	D. suzukii
A0AB40A660	1	U-01	suzukii	D. suzukii
A0AB40A670	1	U-01	suzukii	D. suzukii
A0AB40A8S9	1	U-01	suzukii	D. suzukii
A0AB40AA58	2	U-02	suzukii	D. suzukii
A0AB40AC59	2	U-02	suzukii	D. suzukii
A0AB40ACA4	2	U-02	suzukii	D. suzukii
A0AB40ADH3	2	U-02	suzukii	D. suzukii
A0AB40AEB6	1	U-01	suzukii	D. suzukii
A0AB40AED4	1	U-01	suzukii	D. suzukii
A0AB40AF37	1	U-01	suzukii	D. suzukii
A0AB40AF44	1	U-01	suzukii	D. suzukii
A0AB40AFA8	0	unassigned	suzukii	D. suzukii
A0AB40AFB5	0	unassigned	suzukii	D. suzukii
A0AB40AFB6	0	unassigned	suzukii	D. suzukii
A0AB40AFE0	0	unassigned	suzukii	D. suzukii
A0AB40D6V4	1	U-01	suzukii	D. suzukii
A0AB40D6Y8	1	U-01	suzukii	D. suzukii
A0AB40D741	1	U-01	suzukii	D. suzukii
A0AB40D7J5	1	U-01	suzukii	D. suzukii
A0AB40D8T8	1	U-01	suzukii	D. suzukii
A0AB39Z3W6	2	U-02	suzukii	D. suzukii
A0AB39Z411	1	U-01	suzukii	D. suzukii
A0AB39Z423	1	U-01	suzukii	D. suzukii
A0AB39ZEZ7	1	U-01	suzukii	D. suzukii
A0AB39ZEZ8	0	unassigned	suzukii	D. suzukii
A0AB39ZF00	1	U-01	suzukii	D. suzukii
A0AB39ZF01	1	U-01	suzukii	D. suzukii
A0AB39ZF02	1	U-01	suzukii	D. suzukii
A0AB39ZF04	1	U-01	suzukii	D. suzukii
A0AB39ZF10	1	U-01	suzukii	D. suzukii
A0AB39ZF11	1	U-01	suzukii	D. suzukii
A0AB39ZF12	1	U-01	suzukii	D. suzukii
A0AB39ZF14	1	U-01	suzukii	D. suzukii
A0AB39ZF16	1	U-01	suzukii	D. suzukii
A0AB39ZF18	1	U-01	suzukii	D. suzukii
A0AB39ZF21	3	U-03	suzukii	D. suzukii
A0AB39ZF23	0	unassigned	suzukii	D. suzukii
A0AB39ZF27	1	U-01	suzukii	D. suzukii
A0AB39ZF29	2	U-02	suzukii	D. suzukii
A0AB39ZF31	2	U-02	suzukii	D. suzukii
A0AB39ZF33	1	U-01	suzukii	D. suzukii
A0AB39ZF35	2	U-02	suzukii	D. suzukii
A0AB39ZF37	3	U-03	suzukii	D. suzukii
A0AB39ZF38	1	U-01	suzukii	D. suzukii
A0AB39ZF39	1	U-01	suzukii	D. suzukii
A0AB39ZF41	0	unassigned	suzukii	D. suzukii
A0AB39ZF42	1	U-01	suzukii	D. suzukii
A0AB39ZF44	1	U-01	suzukii	D. suzukii
A0AB39ZF49	1	U-01	suzukii	D. suzukii
A0AB39ZF50	3	U-03	suzukii	D. suzukii
A0AB39ZF54	0	unassigned	suzukii	D. suzukii
A0AB39ZF62	1	U-01	suzukii	D. suzukii
A0AB39ZF66	1	U-01	suzukii	D. suzukii
A0AB39ZF73	1	U-01	suzukii	D. suzukii
A0AB39ZF74	1	U-01	suzukii	D. suzukii
A0AB39ZF77	1	U-01	suzukii	D. suzukii
A0AB39ZF81	1	U-01	suzukii	D. suzukii
A0AB39ZF82	1	U-01	suzukii	D. suzukii
A0AB39ZF88	1	U-01	suzukii	D. suzukii
A0AB39ZF90	1	U-01	suzukii	D. suzukii
A0AB39ZF91	0	unassigned	suzukii	D. suzukii
A0AB39ZF92	2	U-02	suzukii	D. suzukii
A0AB39ZF94	1	U-01	suzukii	D. suzukii
A0AB39ZF98	2	U-02	suzukii	D. suzukii
A0AB39ZFA0	1	U-01	suzukii	D. suzukii
A0AB39ZFA4	1	U-01	suzukii	D. suzukii
A0AB39ZFA6	1	U-01	suzukii	D. suzukii
A0AB39ZFA7	1	U-01	suzukii	D. suzukii
A0AB39ZFA8	1	U-01	suzukii	D. suzukii
A0AB39ZFA9	1	U-01	suzukii	D. suzukii
A0AB39ZFB8	1	U-01	suzukii	D. suzukii
A0AB39ZFC2	1	U-01	suzukii	D. suzukii
A0AB39ZFC4	0	unassigned	suzukii	D. suzukii
A0AB39ZFD6	0	unassigned	suzukii	D. suzukii
A0AB39ZFE1	1	U-01	suzukii	D. suzukii
A0AB39ZFF0	1	U-01	suzukii	D. suzukii
A0AB39ZFF1	1	U-01	suzukii	D. suzukii
A0AB39ZFF2	1	U-01	suzukii	D. suzukii
A0AB39ZFF5	1	U-01	suzukii	D. suzukii
A0AB39ZFF6	1	U-01	suzukii	D. suzukii
A0AB39ZFF7	1	U-01	suzukii	D. suzukii
A0AB39ZFG0	3	U-03	suzukii	D. suzukii
A0AB39ZFG2	3	U-03	suzukii	D. suzukii
A0AB39ZFG5	1	U-01	suzukii	D. suzukii
A0AB39ZFG7	1	U-01	suzukii	D. suzukii
A0AB39ZFG9	0	unassigned	suzukii	D. suzukii
A0AB39ZFH0	1	U-01	suzukii	D. suzukii
A0AB39ZFH1	1	U-01	suzukii	D. suzukii
A0AB39ZKV0	0	unassigned	suzukii	D. suzukii
A0AB39ZKV1	1	U-01	suzukii	D. suzukii
A0AB39ZKV3	1	U-01	suzukii	D. suzukii
A0AB39ZKV4	1	U-01	suzukii	D. suzukii
A0AB39ZKV5	1	U-01	suzukii	D. suzukii
A0AB39ZKV7	1	U-01	suzukii	D. suzukii
A0AB39ZKW4	3	U-03	suzukii	D. suzukii
A0AB39ZKW6	1	U-01	suzukii	D. suzukii
A0AB39ZKW7	0	unassigned	suzukii	D. suzukii
A0AB39ZKX3	1	U-01	suzukii	D. suzukii
A0AB39ZKX4	2	U-02	suzukii	D. suzukii
A0AB39ZKX5	3	U-03	suzukii	D. suzukii
A0AB39ZKY4	1	U-01	suzukii	D. suzukii
A0AB39ZKY6	3	U-03	suzukii	D. suzukii
A0AB39ZKY9	1	U-01	suzukii	D. suzukii
A0AB39ZKZ0	1	U-01	suzukii	D. suzukii
A0AB39ZKZ1	2	U-02	suzukii	D. suzukii
A0AB39ZKZ2	1	U-01	suzukii	D. suzukii
A0AB39ZKZ3	1	U-01	suzukii	D. suzukii
A0AB39ZKZ4	1	U-01	suzukii	D. suzukii
A0AB39ZKZ6	1	U-01	suzukii	D. suzukii
A0AB39ZL04	1	U-01	suzukii	D. suzukii
A0AB39ZL06	1	U-01	suzukii	D. suzukii
A0AB39ZL07	1	U-01	suzukii	D. suzukii
A0AB39ZL12	3	U-03	suzukii	D. suzukii
A0AB39ZL17	2	U-02	suzukii	D. suzukii
A0AB39ZL21	1	U-01	suzukii	D. suzukii
A0AB39ZL24	1	U-01	suzukii	D. suzukii
A0AB39ZL29	1	U-01	suzukii	D. suzukii
A0AB39ZL33	1	U-01	suzukii	D. suzukii
A0AB39ZL34	1	U-01	suzukii	D. suzukii
A0AB39ZL36	1	U-01	suzukii	D. suzukii
A0AB39ZL38	1	U-01	suzukii	D. suzukii
A0AB39ZL41	1	U-01	suzukii	D. suzukii
A0AB39ZL42	1	U-01	suzukii	D. suzukii
A0AB40A5I7	0	unassigned	suzukii	D. suzukii
A0AB40A5I8	2	U-02	suzukii	D. suzukii
A0AB40A5J5	1	U-01	suzukii	D. suzukii
A0AB40A5J8	1	U-01	suzukii	D. suzukii
A0AB40A5J9	2	U-02	suzukii	D. suzukii
A0AB40A5K4	1	U-01	suzukii	D. suzukii
A0AB40A5K7	0	unassigned	suzukii	D. suzukii
A0AB40A5L1	1	U-01	suzukii	D. suzukii
A0AB40A5L5	1	U-01	suzukii	D. suzukii
A0AB40A5L6	0	unassigned	suzukii	D. suzukii
A0AB40A5L8	1	U-01	suzukii	D. suzukii
A0AB40A5M0	0	unassigned	suzukii	D. suzukii
A0AB40A5M2	1	U-01	suzukii	D. suzukii
A0AB40A5M4	1	U-01	suzukii	D. suzukii
A0AB40A5P0	1	U-01	suzukii	D. suzukii
A0AB40A5Q1	3	U-03	suzukii	D. suzukii
A0AB40A5Q2	2	U-02	suzukii	D. suzukii
A0AB40A5Q7	1	U-01	suzukii	D. suzukii
A0AB40A5Q9	1	U-01	suzukii	D. suzukii
A0AB40A5R1	3	U-03	suzukii	D. suzukii
A0AB40A5R3	0	unassigned	suzukii	D. suzukii
A0AB40A5R5	1	U-01	suzukii	D. suzukii
A0AB40A5R8	1	U-01	suzukii	D. suzukii
A0AB40A5S6	2	U-02	suzukii	D. suzukii
A0AB40A5S8	1	U-01	suzukii	D. suzukii
A0AB40A5T2	1	U-01	suzukii	D. suzukii
A0AB40A5T7	2	U-02	suzukii	D. suzukii
A0AB40A5U8	1	U-01	suzukii	D. suzukii
A0AB40A5V0	0	unassigned	suzukii	D. suzukii
A0AB40A5V7	0	unassigned	suzukii	D. suzukii
A0AB40A5V8	1	U-01	suzukii	D. suzukii
A0AB40A5W4	2	U-02	suzukii	D. suzukii
A0AB40A5W8	1	U-01	suzukii	D. suzukii
A0AB40A5X0	1	U-01	suzukii	D. suzukii
A0AB40A5X1	1	U-01	suzukii	D. suzukii
A0AB40A5Y1	2	U-02	suzukii	D. suzukii
A0AB40A5Y8	0	unassigned	suzukii	D. suzukii
A0AB40A5Z3	1	U-01	suzukii	D. suzukii
A0AB40A5Z8	1	U-01	suzukii	D. suzukii
A0AB40A5Z9	1	U-01	suzukii	D. suzukii
A0AB40A600	0	unassigned	suzukii	D. suzukii
A0AB40A601	0	unassigned	suzukii	D. suzukii
A0AB40A608	1	U-01	suzukii	D. suzukii
A0AB40A610	3	U-03	suzukii	D. suzukii
A0AB40A611	1	U-01	suzukii	D. suzukii
A0AB40A619	1	U-01	suzukii	D. suzukii
A0AB40AAC9	1	U-01	suzukii	D. suzukii
A0AB40AAD0	1	U-01	suzukii	D. suzukii
A0AB40AAD2	3	U-03	suzukii	D. suzukii
A0AB40AAD6	1	U-01	suzukii	D. suzukii
A0AB40AAE1	3	U-03	suzukii	D. suzukii
A0AB40AAE2	3	U-03	suzukii	D. suzukii
A0AB40AAE3	3	U-03	suzukii	D. suzukii
A0AB40AAF0	0	unassigned	suzukii	D. suzukii
A0AB40AAF2	0	unassigned	suzukii	D. suzukii
A0AB40AAF3	0	unassigned	suzukii	D. suzukii
A0AB40AAF4	2	U-02	suzukii	D. suzukii
A0AB40AAF5	1	U-01	suzukii	D. suzukii
A0AB40AAG0	2	U-02	suzukii	D. suzukii
A0AB40AAG2	0	unassigned	suzukii	D. suzukii
A0AB40AAG9	1	U-01	suzukii	D. suzukii
A0AB40AAH6	1	U-01	suzukii	D. suzukii
A0AB40AAH9	1	U-01	suzukii	D. suzukii
A0AB40AAI4	1	U-01	suzukii	D. suzukii
A0AB40AAJ3	1	U-01	suzukii	D. suzukii
A0AB40AAJ4	1	U-01	suzukii	D. suzukii
A0AB40AAK0	1	U-01	suzukii	D. suzukii
A0AB40AAK3	1	U-01	suzukii	D. suzukii
A0AB40AAK5	1	U-01	suzukii	D. suzukii
A0AB40AAK9	2	U-02	suzukii	D. suzukii
A0AB40AAL2	1	U-01	suzukii	D. suzukii
A0AB40AAL3	1	U-01	suzukii	D. suzukii
A0AB40AAL5	1	U-01	suzukii	D. suzukii
A0AB40AAM1	1	U-01	suzukii	D. suzukii
A0AB40AAM3	1	U-01	suzukii	D. suzukii
A0AB40AAM7	1	U-01	suzukii	D. suzukii
A0AB40AAM8	1	U-01	suzukii	D. suzukii
A0AB40AAN1	1	U-01	suzukii	D. suzukii
A0AB40AAN2	1	U-01	suzukii	D. suzukii
A0AB40AAN3	1	U-01	suzukii	D. suzukii
A0AB40AAN4	1	U-01	suzukii	D. suzukii
A0AB40AAN6	1	U-01	suzukii	D. suzukii
A0AB40AAN7	1	U-01	suzukii	D. suzukii
A0AB40AAN8	1	U-01	suzukii	D. suzukii
A0AB40AAN9	1	U-01	suzukii	D. suzukii
A0AB40AAP0	1	U-01	suzukii	D. suzukii
A0AB40AAP1	1	U-01	suzukii	D. suzukii
A0AB40AAP2	3	U-03	suzukii	D. suzukii
A0AB40AAP3	2	U-02	suzukii	D. suzukii
A0AB40AAP4	1	U-01	suzukii	D. suzukii
A0AB40AAP6	1	U-01	suzukii	D. suzukii
A0AB40AAP7	1	U-01	suzukii	D. suzukii
A0AB40AAQ1	3	U-03	suzukii	D. suzukii
A0AB40AAQ3	1	U-01	suzukii	D. suzukii
A0AB40AAQ5	1	U-01	suzukii	D. suzukii
A0AB40AAR0	1	U-01	suzukii	D. suzukii
A0AB40AAR1	1	U-01	suzukii	D. suzukii
A0AB40AAR3	0	unassigned	suzukii	D. suzukii
A0AB40AAS4	2	U-02	suzukii	D. suzukii
A0AB40AAS5	1	U-01	suzukii	D. suzukii
A0AB39YZF1	1	U-01	suzukii	D. suzukii
A0AB39YZF2	0	unassigned	suzukii	D. suzukii
A0AB39YZF4	1	U-01	suzukii	D. suzukii
A0AB39YZG0	1	U-01	suzukii	D. suzukii
A0AB39YZG1	1	U-01	suzukii	D. suzukii
A0AB39YZG4	1	U-01	suzukii	D. suzukii
A0AB39YZG5	2	U-02	suzukii	D. suzukii
A0AB39YZG8	1	U-01	suzukii	D. suzukii
A0AB39YZH1	2	U-02	suzukii	D. suzukii
A0AB39YZH2	1	U-01	suzukii	D. suzukii
A0AB39YZH3	2	U-02	suzukii	D. suzukii
A0AB39YZH5	1	U-01	suzukii	D. suzukii
A0AB39YZH6	1	U-01	suzukii	D. suzukii
A0AB39YZH7	3	U-03	suzukii	D. suzukii
A0AB39YZH9	1	U-01	suzukii	D. suzukii
A0AB39YZI2	2	U-02	suzukii	D. suzukii
A0AB39YZI4	0	unassigned	suzukii	D. suzukii
A0AB39YZI9	1	U-01	suzukii	D. suzukii
A0AB39YZJ0	1	U-01	suzukii	D. suzukii
A0AB39YZJ1	2	U-02	suzukii	D. suzukii
A0AB39YZJ2	1	U-01	suzukii	D. suzukii
A0AB39YZJ6	1	U-01	suzukii	D. suzukii
A0AB39Z1U1	0	unassigned	suzukii	D. suzukii
A0AB39Z1U3	1	U-01	suzukii	D. suzukii
A0AB39Z1U4	1	U-01	suzukii	D. suzukii
A0AB39Z1U5	1	U-01	suzukii	D. suzukii
A0AB39Z1U6	1	U-01	suzukii	D. suzukii
A0AB39Z1U7	3	U-03	suzukii	D. suzukii
A0AB39Z1U8	1	U-01	suzukii	D. suzukii
A0AB39Z1V0	1	U-01	suzukii	D. suzukii
A0AB39Z1V1	2	U-02	suzukii	D. suzukii
A0AB39Z1V2	2	U-02	suzukii	D. suzukii
A0AB39Z1V3	1	U-01	suzukii	D. suzukii
A0AB39Z1V4	1	U-01	suzukii	D. suzukii
A0AB39Z1V5	1	U-01	suzukii	D. suzukii
A0AB39Z1V8	2	U-02	suzukii	D. suzukii
A0AB39Z1V9	2	U-02	suzukii	D. suzukii
A0AB39Z1W0	1	U-01	suzukii	D. suzukii
A0AB39Z1W2	3	U-03	suzukii	D. suzukii
A0AB39Z1W3	0	unassigned	suzukii	D. suzukii
A0AB39Z1W6	2	U-02	suzukii	D. suzukii
A0AB39Z1W7	1	U-01	suzukii	D. suzukii
A0AB39Z1W9	1	U-01	suzukii	D. suzukii
A0AB39Z1X0	0	unassigned	suzukii	D. suzukii
A0AB39Z1X2	1	U-01	suzukii	D. suzukii
A0AB39Z1X4	0	unassigned	suzukii	D. suzukii
A0AB39Z1X5	0	unassigned	suzukii	D. suzukii
A0AB39Z1X8	3	U-03	suzukii	D. suzukii
A0AB39Z1X9	3	U-03	suzukii	D. suzukii
A0AB39Z1Y1	1	U-01	suzukii	D. suzukii
A0AB39Z1Y2	1	U-01	suzukii	D. suzukii
A0AB39Z1Y3	1	U-01	suzukii	D. suzukii
A0AB39Z1Y4	3	U-03	suzukii	D. suzukii
A0AB39Z1Y5	1	U-01	suzukii	D. suzukii
A0AB39Z1Y6	0	unassigned	suzukii	D. suzukii
A0AB39Z1Z1	1	U-01	suzukii	D. suzukii
A0AB39Z1Z4	1	U-01	suzukii	D. suzukii
A0AB39Z1Z5	1	U-01	suzukii	D. suzukii
A0AB39Z1Z8	3	U-03	suzukii	D. suzukii
A0AB39Z200	0	unassigned	suzukii	D. suzukii
A0AB39Z202	2	U-02	suzukii	D. suzukii
A0AB39Z207	1	U-01	suzukii	D. suzukii
A0AB39Z208	3	U-03	suzukii	D. suzukii
A0AB39Z210	1	U-01	suzukii	D. suzukii
A0AB39Z211	0	unassigned	suzukii	D. suzukii
A0AB39Z212	1	U-01	suzukii	D. suzukii
A0AB39Z215	1	U-01	suzukii	D. suzukii
A0AB39Z216	1	U-01	suzukii	D. suzukii
A0AB39Z219	1	U-01	suzukii	D. suzukii
A0AB39Z227	1	U-01	suzukii	D. suzukii
A0AB39Z228	2	U-02	suzukii	D. suzukii
A0AB39Z229	1	U-01	suzukii	D. suzukii
A0AB39Z230	1	U-01	suzukii	D. suzukii
A0AB39Z231	0	unassigned	suzukii	D. suzukii
A0AB39Z232	1	U-01	suzukii	D. suzukii
A0AB39Z234	1	U-01	suzukii	D. suzukii
A0AB39Z235	3	U-03	suzukii	D. suzukii
A0AB39Z236	1	U-01	suzukii	D. suzukii
A0AB39Z237	2	U-02	suzukii	D. suzukii
A0AB39Z238	1	U-01	suzukii	D. suzukii
A0AB39Z239	1	U-01	suzukii	D. suzukii
A0AB39Z240	0	unassigned	suzukii	D. suzukii
A0AB39Z241	1	U-01	suzukii	D. suzukii
A0AB39Z243	1	U-01	suzukii	D. suzukii
A0AB39Z246	1	U-01	suzukii	D. suzukii
A0AB39Z247	2	U-02	suzukii	D. suzukii
A0AB39Z248	2	U-02	suzukii	D. suzukii
A0AB39Z249	1	U-01	suzukii	D. suzukii
A0AB39Z250	2	U-02	suzukii	D. suzukii
A0AB39Z251	1	U-01	suzukii	D. suzukii
A0AB39Z252	1	U-01	suzukii	D. suzukii
A0AB39Z255	1	U-01	suzukii	D. suzukii
A0AB39Z256	1	U-01	suzukii	D. suzukii
A0AB39Z257	1	U-01	suzukii	D. suzukii
A0AB39Z258	1	U-01	suzukii	D. suzukii
A0AB39Z260	1	U-01	suzukii	D. suzukii
A0AB39Z261	1	U-01	suzukii	D. suzukii
A0AB39Z263	1	U-01	suzukii	D. suzukii
A0AB39Z264	3	U-03	suzukii	D. suzukii
A0AB39Z266	1	U-01	suzukii	D. suzukii
A0AB39ZCF1	1	U-01	suzukii	D. suzukii
A0AB39ZCF3	0	unassigned	suzukii	D. suzukii
A0AB39ZCF5	1	U-01	suzukii	D. suzukii
A0AB39ZCF7	1	U-01	suzukii	D. suzukii
A0AB39ZCF8	1	U-01	suzukii	D. suzukii
A0AB39ZCF9	1	U-01	suzukii	D. suzukii
A0AB39ZCG2	1	U-01	suzukii	D. suzukii
A0AB39ZCG5	0	unassigned	suzukii	D. suzukii
A0AB39ZCG6	1	U-01	suzukii	D. suzukii
A0AB39ZCG8	1	U-01	suzukii	D. suzukii
A0AB39ZCH0	0	unassigned	suzukii	D. suzukii
A0AB39ZCH1	1	U-01	suzukii	D. suzukii
A0AB39ZCH3	0	unassigned	suzukii	D. suzukii
A0AB39ZCH4	0	unassigned	suzukii	D. suzukii
A0AB39ZCH8	1	U-01	suzukii	D. suzukii
A0AB39ZDJ1	1	U-01	suzukii	D. suzukii
A0AB39ZDJ2	1	U-01	suzukii	D. suzukii
A0AB39ZDJ6	0	unassigned	suzukii	D. suzukii
A0AB39ZDJ7	1	U-01	suzukii	D. suzukii
A0AB39ZDJ8	1	U-01	suzukii	D. suzukii
A0AB39ZDJ9	2	U-02	suzukii	D. suzukii
A0AB39ZDK0	1	U-01	suzukii	D. suzukii
A0AB39ZDK1	1	U-01	suzukii	D. suzukii
A0AB39ZDK2	3	U-03	suzukii	D. suzukii
A0AB39ZDK3	1	U-01	suzukii	D. suzukii
A0AB39ZDK5	1	U-01	suzukii	D. suzukii
A0AB39ZDK6	0	unassigned	suzukii	D. suzukii
A0AB39ZDK7	1	U-01	suzukii	D. suzukii
A0AB39ZDK8	1	U-01	suzukii	D. suzukii
A0AB39ZDL1	1	U-01	suzukii	D. suzukii
A0AB39ZDL3	2	U-02	suzukii	D. suzukii
A0AB39ZDL4	1	U-01	suzukii	D. suzukii
A0AB39ZDL5	0	unassigned	suzukii	D. suzukii
A0AB39ZDL6	2	U-02	suzukii	D. suzukii
A0AB39ZDL8	0	unassigned	suzukii	D. suzukii
A0AB39ZDM2	0	unassigned	suzukii	D. suzukii
A0AB39ZDM4	1	U-01	suzukii	D. suzukii
A0AB39ZDM5	1	U-01	suzukii	D. suzukii
A0AB39ZDM6	0	unassigned	suzukii	D. suzukii
A0AB39ZDM7	1	U-01	suzukii	D. suzukii
A0AB39ZDM8	2	U-02	suzukii	D. suzukii
A0AB39ZDN0	1	U-01	suzukii	D. suzukii
A0AB39ZDN1	1	U-01	suzukii	D. suzukii
A0AB39ZDN5	1	U-01	suzukii	D. suzukii
A0AB39ZDN6	1	U-01	suzukii	D. suzukii
A0AB39ZDN7	2	U-02	suzukii	D. suzukii
A0AB39ZDN8	1	U-01	suzukii	D. suzukii
A0AB39ZDN9	1	U-01	suzukii	D. suzukii
A0AB39ZDP0	1	U-01	suzukii	D. suzukii
A0AB39ZDP1	1	U-01	suzukii	D. suzukii
A0AB39ZDP2	3	U-03	suzukii	D. suzukii
A0AB39ZDP3	1	U-01	suzukii	D. suzukii
A0AB39ZDP4	1	U-01	suzukii	D. suzukii
A0AB39ZDP6	1	U-01	suzukii	D. suzukii
A0AB39ZDP7	0	unassigned	suzukii	D. suzukii
A0AB39ZDP8	1	U-01	suzukii	D. suzukii
A0AB39ZDQ1	2	U-02	suzukii	D. suzukii
A0AB39ZDQ4	1	U-01	suzukii	D. suzukii
A0AB39ZDQ5	1	U-01	suzukii	D. suzukii
A0AB39ZDQ6	1	U-01	suzukii	D. suzukii
A0AB39ZDQ9	1	U-01	suzukii	D. suzukii
A0AB39ZDR0	0	unassigned	suzukii	D. suzukii
A0AB39ZDR1	1	U-01	suzukii	D. suzukii
A0AB39ZDR2	1	U-01	suzukii	D. suzukii
A0AB39ZDR6	1	U-01	suzukii	D. suzukii
A0AB39ZDR7	1	U-01	suzukii	D. suzukii
A0AB39ZDR9	1	U-01	suzukii	D. suzukii
A0AB39ZDS0	1	U-01	suzukii	D. suzukii
A0AB39ZDS2	1	U-01	suzukii	D. suzukii
A0AB39ZDS3	1	U-01	suzukii	D. suzukii
A0AB39ZDS6	1	U-01	suzukii	D. suzukii
A0AB39ZDS8	1	U-01	suzukii	D. suzukii
A0AB39ZDS9	1	U-01	suzukii	D. suzukii
A0AB39ZDT1	1	U-01	suzukii	D. suzukii
A0AB39ZDT2	0	unassigned	suzukii	D. suzukii
A0AB39ZDT5	1	U-01	suzukii	D. suzukii
A0AB39ZDT7	1	U-01	suzukii	D. suzukii
A0AB39ZDT8	2	U-02	suzukii	D. suzukii
A0AB39ZDU0	0	unassigned	suzukii	D. suzukii
A0AB39ZDU1	1	U-01	suzukii	D. suzukii
A0AB39ZDU3	0	unassigned	suzukii	D. suzukii
A0AB39ZDU5	1	U-01	suzukii	D. suzukii
A0AB39ZDU6	2	U-02	suzukii	D. suzukii
A0AB39ZDU7	1	U-01	suzukii	D. suzukii
A0AB39ZDU8	1	U-01	suzukii	D. suzukii
A0AB39ZDV1	0	unassigned	suzukii	D. suzukii
A0AB39ZDV2	1	U-01	suzukii	D. suzukii
A0AB39ZDV3	1	U-01	suzukii	D. suzukii
A0AB39ZDV4	2	U-02	suzukii	D. suzukii
A0AB39ZDV5	1	U-01	suzukii	D. suzukii
A0AB39ZDV6	1	U-01	suzukii	D. suzukii
A0AB39ZDV9	1	U-01	suzukii	D. suzukii
A0AB39ZDW0	1	U-01	suzukii	D. suzukii
A0AB39ZDW5	1	U-01	suzukii	D. suzukii
A0AB39ZDW7	1	U-01	suzukii	D. suzukii
A0AB39ZDW8	1	U-01	suzukii	D. suzukii
A0AB39ZDW9	2	U-02	suzukii	D. suzukii
A0AB39ZDX2	1	U-01	suzukii	D. suzukii
A0AB39ZDX3	0	unassigned	suzukii	D. suzukii
A0AB39ZDX5	1	U-01	suzukii	D. suzukii
A0AB39ZY53	1	U-01	suzukii	D. suzukii
A0AB39ZY57	1	U-01	suzukii	D. suzukii
A0AB39ZY58	0	unassigned	suzukii	D. suzukii
A0AB39ZY59	1	U-01	suzukii	D. suzukii
A0AB39ZY63	3	U-03	suzukii	D. suzukii
A0AB39ZY64	1	U-01	suzukii	D. suzukii
A0AB39ZY65	1	U-01	suzukii	D. suzukii
A0AB39ZY67	1	U-01	suzukii	D. suzukii
A0AB39ZY69	3	U-03	suzukii	D. suzukii
A0AB39ZY70	1	U-01	suzukii	D. suzukii
A0AB39ZY73	1	U-01	suzukii	D. suzukii
A0AB39ZY75	1	U-01	suzukii	D. suzukii
A0AB39ZY77	3	U-03	suzukii	D. suzukii
A0AB39ZY80	1	U-01	suzukii	D. suzukii
A0AB39ZY82	1	U-01	suzukii	D. suzukii
A0AB39ZY83	0	unassigned	suzukii	D. suzukii
A0AB39ZY84	1	U-01	suzukii	D. suzukii
A0AB39ZY86	2	U-02	suzukii	D. suzukii
A0AB39ZY89	0	unassigned	suzukii	D. suzukii
A0AB39ZY90	1	U-01	suzukii	D. suzukii
A0AB39ZY91	3	U-03	suzukii	D. suzukii
A0AB39ZY92	1	U-01	suzukii	D. suzukii
A0AB39ZY93	1	U-01	suzukii	D. suzukii
A0AB39ZY94	1	U-01	suzukii	D. suzukii
A0AB39ZY96	1	U-01	suzukii	D. suzukii
A0AB39ZY98	1	U-01	suzukii	D. suzukii
A0AB39ZY99	2	U-02	suzukii	D. suzukii
A0AB39ZYA0	1	U-01	suzukii	D. suzukii
A0AB39ZYA1	1	U-01	suzukii	D. suzukii
A0AB39ZYA3	1	U-01	suzukii	D. suzukii
A0AB39ZYA4	3	U-03	suzukii	D. suzukii
A0AB39ZYA6	1	U-01	suzukii	D. suzukii
A0AB39ZYA8	1	U-01	suzukii	D. suzukii
A0AB39ZYA9	0	unassigned	suzukii	D. suzukii
A0AB39ZYB1	3	U-03	suzukii	D. suzukii
A0AB39ZYB7	1	U-01	suzukii	D. suzukii
A0AB39ZYB9	1	U-01	suzukii	D. suzukii
A0AB39ZYC0	3	U-03	suzukii	D. suzukii
A0AB39ZYC2	1	U-01	suzukii	D. suzukii
A0AB39ZYC8	3	U-03	suzukii	D. suzukii
A0AB39ZYD0	1	U-01	suzukii	D. suzukii
A0AB39ZYD1	1	U-01	suzukii	D. suzukii
A0AB39ZYD6	1	U-01	suzukii	D. suzukii
A0AB39ZYD7	1	U-01	suzukii	D. suzukii
A0AB39ZYD8	1	U-01	suzukii	D. suzukii
A0AB39ZYD9	1	U-01	suzukii	D. suzukii
A0AB39ZYE0	1	U-01	suzukii	D. suzukii
A0AB39ZYE1	1	U-01	suzukii	D. suzukii
A0AB39ZYE2	1	U-01	suzukii	D. suzukii
A0AB39ZYE4	1	U-01	suzukii	D. suzukii
A0AB39ZYF1	1	U-01	suzukii	D. suzukii
A0AB39ZYF2	1	U-01	suzukii	D. suzukii
A0AB39ZYF6	1	U-01	suzukii	D. suzukii
A0AB39ZYF8	1	U-01	suzukii	D. suzukii
A0AB39ZYG0	0	unassigned	suzukii	D. suzukii
A0AB39ZYG2	1	U-01	suzukii	D. suzukii
A0AB39ZYG4	0	unassigned	suzukii	D. suzukii
A0AB39ZYG5	2	U-02	suzukii	D. suzukii
A0AB39ZYH4	2	U-02	suzukii	D. suzukii
A0AB39ZYH5	1	U-01	suzukii	D. suzukii
A0AB39ZYH7	1	U-01	suzukii	D. suzukii
A0AB39ZYH8	1	U-01	suzukii	D. suzukii
A0AB39ZYH9	1	U-01	suzukii	D. suzukii
A0AB39ZYI2	1	U-01	suzukii	D. suzukii
A0AB39ZYI5	1	U-01	suzukii	D. suzukii
A0AB39ZYI8	1	U-01	suzukii	D. suzukii
A0AB39ZYJ1	1	U-01	suzukii	D. suzukii
A0AB39ZYJ3	1	U-01	suzukii	D. suzukii
A0AB39ZYJ5	3	U-03	suzukii	D. suzukii
A0AB39ZYJ6	1	U-01	suzukii	D. suzukii
A0AB39ZYK0	1	U-01	suzukii	D. suzukii
A0AB39ZYK1	2	U-02	suzukii	D. suzukii
A0AB39ZYK4	2	U-02	suzukii	D. suzukii
A0AB39ZYK6	1	U-01	suzukii	D. suzukii
A0AB39ZYK7	2	U-02	suzukii	D. suzukii
A0AB39ZYL0	1	U-01	suzukii	D. suzukii
A0AB39ZYL4	1	U-01	suzukii	D. suzukii
A0AB39ZYL8	1	U-01	suzukii	D. suzukii
A0AB39ZYM4	3	U-03	suzukii	D. suzukii
A0AB39ZYM6	1	U-01	suzukii	D. suzukii
A0AB39ZYM7	1	U-01	suzukii	D. suzukii
A0AB39ZYM8	1	U-01	suzukii	D. suzukii
A0AB39ZYN2	1	U-01	suzukii	D. suzukii
A0AB39ZYN3	1	U-01	suzukii	D. suzukii
A0AB39ZYN6	1	U-01	suzukii	D. suzukii
A0AB39ZYN7	2	U-02	suzukii	D. suzukii
A0AB39ZYN8	3	U-03	suzukii	D. suzukii
A0AB39ZYN9	0	unassigned	suzukii	D. suzukii
A0AB39ZYP0	1	U-01	suzukii	D. suzukii
A0AB39ZYP1	2	U-02	suzukii	D. suzukii
A0AB39ZYP5	1	U-01	suzukii	D. suzukii
A0AB39ZYQ3	1	U-01	suzukii	D. suzukii
A0AB39ZYQ8	1	U-01	suzukii	D. suzukii
A0AB39ZYQ9	1	U-01	suzukii	D. suzukii
A0AB39ZYR0	1	U-01	suzukii	D. suzukii
A0AB39ZYR5	1	U-01	suzukii	D. suzukii
A0AB39ZYS1	0	unassigned	suzukii	D. suzukii
A0AB39ZYS4	1	U-01	suzukii	D. suzukii
A0AB40A2D2	1	U-01	suzukii	D. suzukii
A0AB40A2D7	1	U-01	suzukii	D. suzukii
A0AB40DDA2	1	U-01	suzukii	D. suzukii
A0AB40DDA6	1	U-01	suzukii	D. suzukii
A0AB40DDA8	1	U-01	suzukii	D. suzukii
A0AB40DDB1	1	U-01	suzukii	D. suzukii
A0AB40DDB7	1	U-01	suzukii	D. suzukii
A0AB40DDC3	1	U-01	suzukii	D. suzukii
A0AB40DDC4	1	U-01	suzukii	D. suzukii
A0AB40DDC7	2	U-02	suzukii	D. suzukii
A0AB40DDD1	1	U-01	suzukii	D. suzukii
A0AB40DDE0	1	U-01	suzukii	D. suzukii
A0AB40DDE2	1	U-01	suzukii	D. suzukii
A0AB40DDE6	1	U-01	suzukii	D. suzukii
A0AB40DDF0	2	U-02	suzukii	D. suzukii
A0AB40DDF1	1	U-01	suzukii	D. suzukii
A0AB40DDG3	1	U-01	suzukii	D. suzukii
A0AB40DDG5	1	U-01	suzukii	D. suzukii
A0AB40DDG6	1	U-01	suzukii	D. suzukii
A0AB40DDH2	1	U-01	suzukii	D. suzukii
A0AB40DDH3	1	U-01	suzukii	D. suzukii
A0AB40DDH4	1	U-01	suzukii	D. suzukii
A0AB40DDH5	1	U-01	suzukii	D. suzukii
A0AB40DDH8	1	U-01	suzukii	D. suzukii
A0AB40DDI2	1	U-01	suzukii	D. suzukii
A0AB40DDI3	2	U-02	suzukii	D. suzukii
A0AB40DDI4	1	U-01	suzukii	D. suzukii
A0AB40DDJ8	0	unassigned	suzukii	D. suzukii
A0AB40DDK6	1	U-01	suzukii	D. suzukii
A0AB40DDK7	1	U-01	suzukii	D. suzukii
A0AB40DDL0	1	U-01	suzukii	D. suzukii
A0AB40DDL2	3	U-03	suzukii	D. suzukii
A0AB40DDL3	3	U-03	suzukii	D. suzukii
A0AB40DDL5	2	U-02	suzukii	D. suzukii
A0AB40DDM0	1	U-01	suzukii	D. suzukii
A0AB40DDM7	0	unassigned	suzukii	D. suzukii
A0AB40DDN0	1	U-01	suzukii	D. suzukii
A0AB40DDN1	0	unassigned	suzukii	D. suzukii
A0AB40DDN2	1	U-01	suzukii	D. suzukii
A0AB40DDN4	1	U-01	suzukii	D. suzukii
A0AB40DDP4	2	U-02	suzukii	D. suzukii
A0AB40DDP7	2	U-02	suzukii	D. suzukii
A0AB40DDP9	0	unassigned	suzukii	D. suzukii
A0AB40DDQ3	1	U-01	suzukii	D. suzukii
A0AB40DDQ5	2	U-02	suzukii	D. suzukii
A0AB40DDQ9	1	U-01	suzukii	D. suzukii
A0AB40DDR2	3	U-03	suzukii	D. suzukii
A0AB40DDR5	1	U-01	suzukii	D. suzukii
A0AB40DDR9	1	U-01	suzukii	D. suzukii
A0AB40DDS3	3	U-03	suzukii	D. suzukii
A0AB40DDT2	1	U-01	suzukii	D. suzukii
A0AB40DDT5	1	U-01	suzukii	D. suzukii
A0AB40DDU2	1	U-01	suzukii	D. suzukii
A0AB40DDU5	2	U-02	suzukii	D. suzukii
A0AB40DDV1	1	U-01	suzukii	D. suzukii
A0AB40DDV6	1	U-01	suzukii	D. suzukii
A0AB40DDW0	1	U-01	suzukii	D. suzukii
A0AB40DDW4	1	U-01	suzukii	D. suzukii
A0AB40DDW6	1	U-01	suzukii	D. suzukii
A0AB40DDX6	1	U-01	suzukii	D. suzukii
A0AB40DDX9	2	U-02	suzukii	D. suzukii
A0AB40DDY1	0	unassigned	suzukii	D. suzukii
A0AB40DDY7	1	U-01	suzukii	D. suzukii
A0AB40DDY9	1	U-01	suzukii	D. suzukii
A0AB40DDZ0	1	U-01	suzukii	D. suzukii
A0AB40DDZ1	3	U-03	suzukii	D. suzukii
A0AB40DDZ2	0	unassigned	suzukii	D. suzukii
A0AB40DDZ8	1	U-01	suzukii	D. suzukii
A0AB40DDZ9	1	U-01	suzukii	D. suzukii
A0AB40DE04	1	U-01	suzukii	D. suzukii
A0AB40DE06	0	unassigned	suzukii	D. suzukii
A0AB40DE15	1	U-01	suzukii	D. suzukii
A0AB40DE16	1	U-01	suzukii	D. suzukii
A0AB40DE26	1	U-01	suzukii	D. suzukii
A0AB40DE28	1	U-01	suzukii	D. suzukii
A0AB40DE29	1	U-01	suzukii	D. suzukii
A0AB40DE31	1	U-01	suzukii	D. suzukii
A0AB40DE32	2	U-02	suzukii	D. suzukii
A0AB40DE35	1	U-01	suzukii	D. suzukii
A0AB40DE36	0	unassigned	suzukii	D. suzukii
A0AB40DH21	0	unassigned	suzukii	D. suzukii
A0AB40DH23	2	U-02	suzukii	D. suzukii
A0AB40DH25	3	U-03	suzukii	D. suzukii
A0AB40DH27	1	U-01	suzukii	D. suzukii
A0AB40DH32	0	unassigned	suzukii	D. suzukii
A0AB40DH33	1	U-01	suzukii	D. suzukii
A0AB40DH44	2	U-02	suzukii	D. suzukii
A0AB40DH45	1	U-01	suzukii	D. suzukii
A0AB40DH46	0	unassigned	suzukii	D. suzukii
A0AB40DH47	1	U-01	suzukii	D. suzukii
A0AB40DH48	1	U-01	suzukii	D. suzukii
A0AB40DH52	1	U-01	suzukii	D. suzukii
A0AB40DH57	1	U-01	suzukii	D. suzukii
A0AB40DH63	0	unassigned	suzukii	D. suzukii
A0AB40DH64	1	U-01	suzukii	D. suzukii
A0AB40DH69	1	U-01	suzukii	D. suzukii
A0AB40DH70	1	U-01	suzukii	D. suzukii
A0AB40DH71	1	U-01	suzukii	D. suzukii
A0AB40DH75	1	U-01	suzukii	D. suzukii
A0AB40DH79	1	U-01	suzukii	D. suzukii
A0AB40DH82	1	U-01	suzukii	D. suzukii
A0AB40DH83	1	U-01	suzukii	D. suzukii
A0AB39ZAJ8	1	U-01	suzukii	D. suzukii
A0AB39ZAK3	1	U-01	suzukii	D. suzukii
A0AB39ZAL7	1	U-01	suzukii	D. suzukii
A0AB39ZAR4	2	U-02	suzukii	D. suzukii
A0AB39ZAT4	1	U-01	suzukii	D. suzukii
A0AB39ZAT8	1	U-01	suzukii	D. suzukii
A0AB39ZAT9	1	U-01	suzukii	D. suzukii
A0AB39ZAU4	1	U-01	suzukii	D. suzukii
A0AB39ZAX6	1	U-01	suzukii	D. suzukii
A0AB39ZAX8	1	U-01	suzukii	D. suzukii
A0AB39ZAY1	1	U-01	suzukii	D. suzukii
A0AB39ZAY7	2	U-02	suzukii	D. suzukii
A0AB39ZAZ4	1	U-01	suzukii	D. suzukii
A0AB39ZB29	2	U-02	suzukii	D. suzukii
A0AB39ZBD0	1	U-01	suzukii	D. suzukii
A0AB39ZBE5	2	U-02	suzukii	D. suzukii
A0AB39ZBF9	1	U-01	suzukii	D. suzukii
A0AB39ZBG4	1	U-01	suzukii	D. suzukii
A0AB39ZBG6	1	U-01	suzukii	D. suzukii
A0AB39ZBH2	1	U-01	suzukii	D. suzukii
A0AB39ZBI2	3	U-03	suzukii	D. suzukii
A0AB39ZBI8	2	U-02	suzukii	D. suzukii
A0AB39ZBK7	2	U-02	suzukii	D. suzukii
A0AB39ZBK8	0	unassigned	suzukii	D. suzukii
A0AB39ZBL6	1	U-01	suzukii	D. suzukii
A0AB39ZBM3	1	U-01	suzukii	D. suzukii
A0AB39ZBM6	1	U-01	suzukii	D. suzukii
A0AB39ZBN4	1	U-01	suzukii	D. suzukii
A0AB39ZBN5	2	U-02	suzukii	D. suzukii
A0AB39ZBP6	1	U-01	suzukii	D. suzukii
A0AB39ZBR3	1	U-01	suzukii	D. suzukii
A0AB39ZBS2	1	U-01	suzukii	D. suzukii
A0AB39ZBX4	1	U-01	suzukii	D. suzukii
A0AB39ZBZ5	1	U-01	suzukii	D. suzukii
A0AB39ZBZ9	1	U-01	suzukii	D. suzukii
A0AB39ZC15	1	U-01	suzukii	D. suzukii
A0AB39ZHC7	1	U-01	suzukii	D. suzukii
A0AB39ZHF1	1	U-01	suzukii	D. suzukii
A0AB39ZHF4	1	U-01	suzukii	D. suzukii
A0AB39ZHG5	1	U-01	suzukii	D. suzukii
A0AB39ZHH6	1	U-01	suzukii	D. suzukii
A0AB39ZHI2	1	U-01	suzukii	D. suzukii
A0AB39ZHJ3	1	U-01	suzukii	D. suzukii
A0AB39ZHJ4	3	U-03	suzukii	D. suzukii
A0AB39ZHL4	1	U-01	suzukii	D. suzukii
A0AB39ZHM2	0	unassigned	suzukii	D. suzukii
A0AB39ZHQ4	0	unassigned	suzukii	D. suzukii
A0AB39ZHR9	3	U-03	suzukii	D. suzukii
A0AB39ZHT8	1	U-01	suzukii	D. suzukii
A0AB39ZHU0	0	unassigned	suzukii	D. suzukii
A0AB39ZHU3	1	U-01	suzukii	D. suzukii
A0AB39ZHU5	3	U-03	suzukii	D. suzukii
A0AB39ZHU7	0	unassigned	suzukii	D. suzukii
A0AB39ZHV5	0	unassigned	suzukii	D. suzukii
A0AB39ZHW1	0	unassigned	suzukii	D. suzukii
A0AB39ZHW4	3	U-03	suzukii	D. suzukii
A0AB39ZHX2	1	U-01	suzukii	D. suzukii
A0AB39ZHX5	0	unassigned	suzukii	D. suzukii
A0AB39ZHY6	0	unassigned	suzukii	D. suzukii
A0AB39ZHZ5	1	U-01	suzukii	D. suzukii
A0AB39ZI01	0	unassigned	suzukii	D. suzukii
A0AB39ZI03	0	unassigned	suzukii	D. suzukii
A0AB39ZI11	0	unassigned	suzukii	D. suzukii
A0AB39ZI17	1	U-01	suzukii	D. suzukii
A0AB39ZI18	1	U-01	suzukii	D. suzukii
A0AB39ZI23	1	U-01	suzukii	D. suzukii
A0AB39ZI37	1	U-01	suzukii	D. suzukii
A0AB39ZI39	1	U-01	suzukii	D. suzukii
A0AB39ZI51	0	unassigned	suzukii	D. suzukii
A0AB39ZI76	1	U-01	suzukii	D. suzukii
A0AB39ZI90	0	unassigned	suzukii	D. suzukii
A0AB39ZIA4	1	U-01	suzukii	D. suzukii
A0AB39ZIC7	0	unassigned	suzukii	D. suzukii
A0AB39ZIE0	0	unassigned	suzukii	D. suzukii
A0AB39ZIF9	0	unassigned	suzukii	D. suzukii
A0AB39ZIH7	2	U-02	suzukii	D. suzukii
A0AB39ZIJ7	1	U-01	suzukii	D. suzukii
A0AB39ZIK1	2	U-02	suzukii	D. suzukii
A0AB39ZIL2	1	U-01	suzukii	D. suzukii
A0AB39ZIM8	1	U-01	suzukii	D. suzukii
A0AB39ZIN4	1	U-01	suzukii	D. suzukii
A0AB39ZIR2	1	U-01	suzukii	D. suzukii
A0AB39ZIR5	1	U-01	suzukii	D. suzukii
A0AB39ZIT6	1	U-01	suzukii	D. suzukii
A0AB39ZIY1	1	U-01	suzukii	D. suzukii
A0AB39ZIY5	2	U-02	suzukii	D. suzukii
A0AB39ZJ09	1	U-01	suzukii	D. suzukii
A0AB39ZJ23	1	U-01	suzukii	D. suzukii
A0AB39ZJ47	1	U-01	suzukii	D. suzukii
A0AB39ZJ55	1	U-01	suzukii	D. suzukii
A0AB39ZJ63	1	U-01	suzukii	D. suzukii
A0AB39ZJ94	1	U-01	suzukii	D. suzukii
A0AB39ZJA9	1	U-01	suzukii	D. suzukii
A0AB39ZJE6	0	unassigned	suzukii	D. suzukii
A0AB39ZJJ5	1	U-01	suzukii	D. suzukii
A0AB39ZJJ6	1	U-01	suzukii	D. suzukii
A0AB39ZJJ9	1	U-01	suzukii	D. suzukii
A0AB39ZJK4	0	unassigned	suzukii	D. suzukii
A0AB39ZJK7	1	U-01	suzukii	D. suzukii
A0AB39ZJN0	0	unassigned	suzukii	D. suzukii
A0AB39ZSS3	1	U-01	suzukii	D. suzukii
A0AB39ZSS4	1	U-01	suzukii	D. suzukii
A0AB39ZSS5	2	U-02	suzukii	D. suzukii
A0AB39ZSS9	1	U-01	suzukii	D. suzukii
A0AB39ZST2	1	U-01	suzukii	D. suzukii
A0AB39ZST3	1	U-01	suzukii	D. suzukii
A0AB39ZST8	1	U-01	suzukii	D. suzukii
A0AB39ZSU1	2	U-02	suzukii	D. suzukii
A0AB39ZSU2	1	U-01	suzukii	D. suzukii
A0AB39ZSU7	1	U-01	suzukii	D. suzukii
A0AB39ZSV4	1	U-01	suzukii	D. suzukii
A0AB39ZZC3	3	U-03	suzukii	D. suzukii
A0AB39ZZD6	1	U-01	suzukii	D. suzukii
A0AB39ZZE3	1	U-01	suzukii	D. suzukii
A0AB39ZZE9	1	U-01	suzukii	D. suzukii
A0AB39ZZF1	2	U-02	suzukii	D. suzukii
A0AB39ZZF3	3	U-03	suzukii	D. suzukii
A0AB39ZZF7	2	U-02	suzukii	D. suzukii
A0AB39ZZF8	3	U-03	suzukii	D. suzukii
A0AB39ZZG4	1	U-01	suzukii	D. suzukii
A0AB39ZZG8	2	U-02	suzukii	D. suzukii
A0AB39ZZH0	0	unassigned	suzukii	D. suzukii
A0AB39ZZH1	1	U-01	suzukii	D. suzukii
A0AB39ZZH3	3	U-03	suzukii	D. suzukii
A0AB39ZZH5	1	U-01	suzukii	D. suzukii
A0AB39ZZH8	0	unassigned	suzukii	D. suzukii
A0AB39ZZI1	1	U-01	suzukii	D. suzukii
A0AB39ZZI3	1	U-01	suzukii	D. suzukii
A0AB39ZZI6	0	unassigned	suzukii	D. suzukii
A0AB39ZZI7	1	U-01	suzukii	D. suzukii
A0AB39ZZJ2	2	U-02	suzukii	D. suzukii
A0AB39ZZJ5	2	U-02	suzukii	D. suzukii
A0AB39ZZJ7	0	unassigned	suzukii	D. suzukii
A0AB39ZZK1	1	U-01	suzukii	D. suzukii
A0AB39ZZK4	1	U-01	suzukii	D. suzukii
A0AB39ZZK5	1	U-01	suzukii	D. suzukii
A0AB39ZZK9	1	U-01	suzukii	D. suzukii
A0AB39ZZL1	1	U-01	suzukii	D. suzukii
A0AB39ZZL4	0	unassigned	suzukii	D. suzukii
A0AB39ZZL5	1	U-01	suzukii	D. suzukii
A0AB39ZZM1	3	U-03	suzukii	D. suzukii
A0AB39ZZM2	3	U-03	suzukii	D. suzukii
A0AB39ZZM4	1	U-01	suzukii	D. suzukii
A0AB39ZZM5	1	U-01	suzukii	D. suzukii
A0AB39ZZM6	1	U-01	suzukii	D. suzukii
A0AB39ZZM8	1	U-01	suzukii	D. suzukii
A0AB39ZZN2	1	U-01	suzukii	D. suzukii
A0AB39ZZN8	1	U-01	suzukii	D. suzukii
A0AB39ZZQ2	1	U-01	suzukii	D. suzukii
A0AB39ZZQ4	3	U-03	suzukii	D. suzukii
A0AB39ZZQ5	1	U-01	suzukii	D. suzukii
A0AB39ZZQ8	3	U-03	suzukii	D. suzukii
A0AB39ZZR7	1	U-01	suzukii	D. suzukii
A0AB39ZZR9	1	U-01	suzukii	D. suzukii
A0AB39ZZS1	0	unassigned	suzukii	D. suzukii
A0AB39ZZS2	2	U-02	suzukii	D. suzukii
A0AB39ZZS3	2	U-02	suzukii	D. suzukii
A0AB39ZZS5	3	U-03	suzukii	D. suzukii
A0AB39ZZT2	1	U-01	suzukii	D. suzukii
A0AB39ZZT5	2	U-02	suzukii	D. suzukii
A0AB39ZZT8	1	U-01	suzukii	D. suzukii
A0AB39ZZU3	1	U-01	suzukii	D. suzukii
A0AB39ZZU5	1	U-01	suzukii	D. suzukii
A0AB39ZZU6	1	U-01	suzukii	D. suzukii
A0AB39ZZU8	1	U-01	suzukii	D. suzukii
A0AB39ZZV0	1	U-01	suzukii	D. suzukii
A0AB39ZZV4	1	U-01	suzukii	D. suzukii
A0AB39ZZV6	2	U-02	suzukii	D. suzukii
A0AB39ZZV7	1	U-01	suzukii	D. suzukii
A0AB39ZZV8	3	U-03	suzukii	D. suzukii
A0AB39ZZW2	3	U-03	suzukii	D. suzukii
A0AB39ZZW3	1	U-01	suzukii	D. suzukii
A0AB39ZZX3	0	unassigned	suzukii	D. suzukii
A0AB39ZZX5	1	U-01	suzukii	D. suzukii
A0AB39ZZX6	2	U-02	suzukii	D. suzukii
A0AB39ZZZ0	1	U-01	suzukii	D. suzukii
A0AB39ZZZ1	1	U-01	suzukii	D. suzukii
A0AB39ZZZ2	2	U-02	suzukii	D. suzukii
A0AB39ZZZ4	1	U-01	suzukii	D. suzukii
A0AB39ZZZ5	1	U-01	suzukii	D. suzukii
A0AB40A002	1	U-01	suzukii	D. suzukii
A0AB40A003	3	U-03	suzukii	D. suzukii
A0AB40A008	1	U-01	suzukii	D. suzukii
A0AB40A016	0	unassigned	suzukii	D. suzukii
A0AB40A017	1	U-01	suzukii	D. suzukii
A0AB40A025	2	U-02	suzukii	D. suzukii
A0AB40A029	2	U-02	suzukii	D. suzukii
A0AB40A032	2	U-02	suzukii	D. suzukii
A0AB40A033	1	U-01	suzukii	D. suzukii
A0AB40A053	0	unassigned	suzukii	D. suzukii
A0AB40A056	0	unassigned	suzukii	D. suzukii
A0AB40A082	1	U-01	suzukii	D. suzukii
A0AB40A084	0	unassigned	suzukii	D. suzukii
A0AB40A092	2	U-02	suzukii	D. suzukii
A0AB40A096	1	U-01	suzukii	D. suzukii
A0AB40A098	1	U-01	suzukii	D. suzukii
A0AB40A099	1	U-01	suzukii	D. suzukii
A0AB40A0A1	1	U-01	suzukii	D. suzukii
A0AB40A0A3	0	unassigned	suzukii	D. suzukii
A0AB40A0A6	1	U-01	suzukii	D. suzukii
A0AB39Z9A0	0	unassigned	suzukii	D. suzukii
A0AB39Z9A3	1	U-01	suzukii	D. suzukii
A0AB39Z9A6	0	unassigned	suzukii	D. suzukii
A0AB39Z9A7	1	U-01	suzukii	D. suzukii
A0AB39Z9A8	1	U-01	suzukii	D. suzukii
A0AB39Z9A9	1	U-01	suzukii	D. suzukii
A0AB39Z9B0	0	unassigned	suzukii	D. suzukii
A0AB39Z9B2	1	U-01	suzukii	D. suzukii
A0AB39Z9B4	1	U-01	suzukii	D. suzukii
A0AB39Z9B5	1	U-01	suzukii	D. suzukii
A0AB39Z9B9	1	U-01	suzukii	D. suzukii
A0AB39Z9C0	1	U-01	suzukii	D. suzukii
A0AB39Z9C2	1	U-01	suzukii	D. suzukii
A0AB39Z9C3	1	U-01	suzukii	D. suzukii
A0AB39Z9D0	1	U-01	suzukii	D. suzukii
A0AB39Z9D3	1	U-01	suzukii	D. suzukii
A0AB39Z9D4	1	U-01	suzukii	D. suzukii
A0AB39Z9D7	1	U-01	suzukii	D. suzukii
A0AB39Z9D8	1	U-01	suzukii	D. suzukii
A0AB39Z9E3	3	U-03	suzukii	D. suzukii
A0AB39Z9E5	1	U-01	suzukii	D. suzukii
A0AB39Z9E6	2	U-02	suzukii	D. suzukii
A0AB39Z9E9	1	U-01	suzukii	D. suzukii
A0AB39Z9F1	1	U-01	suzukii	D. suzukii
A0AB39Z9F2	1	U-01	suzukii	D. suzukii
A0AB39Z9F5	1	U-01	suzukii	D. suzukii
A0AB39Z9F6	1	U-01	suzukii	D. suzukii
A0AB39Z9F7	1	U-01	suzukii	D. suzukii
A0AB39Z9F8	1	U-01	suzukii	D. suzukii
A0AB39Z9G0	0	unassigned	suzukii	D. suzukii
A0AB39Z9G1	1	U-01	suzukii	D. suzukii
A0AB39Z9G3	3	U-03	suzukii	D. suzukii
A0AB39Z9G4	1	U-01	suzukii	D. suzukii
A0AB39Z9G7	1	U-01	suzukii	D. suzukii
A0AB39Z9H0	1	U-01	suzukii	D. suzukii
A0AB39Z9H1	1	U-01	suzukii	D. suzukii
A0AB39Z9H3	1	U-01	suzukii	D. suzukii
A0AB39Z9H4	1	U-01	suzukii	D. suzukii
A0AB39Z9H9	1	U-01	suzukii	D. suzukii
A0AB39Z9I0	1	U-01	suzukii	D. suzukii
A0AB39Z9I1	1	U-01	suzukii	D. suzukii
A0AB39Z9I4	1	U-01	suzukii	D. suzukii
A0AB39Z9I6	1	U-01	suzukii	D. suzukii
A0AB39Z9I7	1	U-01	suzukii	D. suzukii
A0AB39Z9I9	1	U-01	suzukii	D. suzukii
A0AB39Z9J0	1	U-01	suzukii	D. suzukii
A0AB39Z9J3	1	U-01	suzukii	D. suzukii
A0AB39Z9J4	2	U-02	suzukii	D. suzukii
A0AB39Z9J5	0	unassigned	suzukii	D. suzukii
A0AB39Z9J6	3	U-03	suzukii	D. suzukii
A0AB39Z9J8	1	U-01	suzukii	D. suzukii
A0AB39Z9K0	1	U-01	suzukii	D. suzukii
A0AB39Z9K1	1	U-01	suzukii	D. suzukii
A0AB39Z9K2	1	U-01	suzukii	D. suzukii
A0AB39Z9K5	1	U-01	suzukii	D. suzukii
A0AB39Z9K6	2	U-02	suzukii	D. suzukii
A0AB39Z9K7	1	U-01	suzukii	D. suzukii
A0AB39Z9L0	1	U-01	suzukii	D. suzukii
A0AB39Z9L3	1	U-01	suzukii	D. suzukii
A0AB39Z9L4	1	U-01	suzukii	D. suzukii
A0AB39Z9L7	1	U-01	suzukii	D. suzukii
A0AB39Z9L8	1	U-01	suzukii	D. suzukii
A0AB39Z9L9	1	U-01	suzukii	D. suzukii
A0AB39Z9M1	1	U-01	suzukii	D. suzukii
A0AB39Z9M3	1	U-01	suzukii	D. suzukii
A0AB39Z9M4	1	U-01	suzukii	D. suzukii
A0AB39Z9M5	2	U-02	suzukii	D. suzukii
A0AB39Z9M6	3	U-03	suzukii	D. suzukii
A0AB39Z9M7	1	U-01	suzukii	D. suzukii
A0AB39Z9N2	3	U-03	suzukii	D. suzukii
A0AB39Z9N3	0	unassigned	suzukii	D. suzukii
A0AB39Z9N4	1	U-01	suzukii	D. suzukii
A0AB39Z9N5	1	U-01	suzukii	D. suzukii
A0AB39Z9N7	1	U-01	suzukii	D. suzukii
A0AB39Z9P1	2	U-02	suzukii	D. suzukii
A0AB39Z9P2	1	U-01	suzukii	D. suzukii
A0AB39Z9P4	3	U-03	suzukii	D. suzukii
A0AB39ZFX7	0	unassigned	suzukii	D. suzukii
A0AB39ZFX9	1	U-01	suzukii	D. suzukii
A0AB39ZFY1	1	U-01	suzukii	D. suzukii
A0AB39ZFY2	1	U-01	suzukii	D. suzukii
A0AB39ZFY3	1	U-01	suzukii	D. suzukii
A0AB39ZFY8	1	U-01	suzukii	D. suzukii
A0AB39ZFZ1	1	U-01	suzukii	D. suzukii
A0AB39ZFZ2	1	U-01	suzukii	D. suzukii
A0AB39ZFZ3	2	U-02	suzukii	D. suzukii
A0AB39ZFZ5	1	U-01	suzukii	D. suzukii
A0AB39ZFZ6	1	U-01	suzukii	D. suzukii
A0AB39ZFZ8	1	U-01	suzukii	D. suzukii
A0AB39ZG02	2	U-02	suzukii	D. suzukii
A0AB39ZG03	1	U-01	suzukii	D. suzukii
A0AB39ZG05	1	U-01	suzukii	D. suzukii
A0AB39ZG06	1	U-01	suzukii	D. suzukii
A0AB39ZG08	2	U-02	suzukii	D. suzukii
A0AB39ZG09	1	U-01	suzukii	D. suzukii
A0AB39ZG10	1	U-01	suzukii	D. suzukii
A0AB39ZG14	0	unassigned	suzukii	D. suzukii
A0AB39ZG15	1	U-01	suzukii	D. suzukii
A0AB39ZG21	1	U-01	suzukii	D. suzukii
A0AB39ZG24	1	U-01	suzukii	D. suzukii
A0AB40DA83	1	U-01	suzukii	D. suzukii
A0AB40DA86	1	U-01	suzukii	D. suzukii
A0AB40DA87	3	U-03	suzukii	D. suzukii
A0AB40DA90	1	U-01	suzukii	D. suzukii
A0AB40DA98	1	U-01	suzukii	D. suzukii
A0AB40DA99	1	U-01	suzukii	D. suzukii
A0AB40DAA6	0	unassigned	suzukii	D. suzukii
A0AB40DAB5	2	U-02	suzukii	D. suzukii
A0AB40DAB8	0	unassigned	suzukii	D. suzukii
A0AB40DAD1	1	U-01	suzukii	D. suzukii
A0AB40DAD3	1	U-01	suzukii	D. suzukii
A0AB40DAD5	1	U-01	suzukii	D. suzukii
A0AB40DAD8	0	unassigned	suzukii	D. suzukii
A0AB40DAE1	1	U-01	suzukii	D. suzukii
A0AB40DAE2	1	U-01	suzukii	D. suzukii
A0AB40DAE3	1	U-01	suzukii	D. suzukii
A0AB40DAE4	1	U-01	suzukii	D. suzukii
A0AB40DAE6	0	unassigned	suzukii	D. suzukii
A0AB40DAE8	2	U-02	suzukii	D. suzukii
A0AB40DAF5	2	U-02	suzukii	D. suzukii
A0AB40DAH0	1	U-01	suzukii	D. suzukii
A0AB40DAH1	0	unassigned	suzukii	D. suzukii
A0AB40DAH2	1	U-01	suzukii	D. suzukii
A0AB40DAI3	2	U-02	suzukii	D. suzukii
A0AB40DAI6	2	U-02	suzukii	D. suzukii
A0AB40DAJ0	1	U-01	suzukii	D. suzukii
A0AB40DAJ6	1	U-01	suzukii	D. suzukii
A0AB40DAJ7	0	unassigned	suzukii	D. suzukii
A0AB40DAK3	1	U-01	suzukii	D. suzukii
A0AB40DAK9	0	unassigned	suzukii	D. suzukii
A0AB40DAL2	1	U-01	suzukii	D. suzukii
A0AB40DAL9	0	unassigned	suzukii	D. suzukii
A0AB40DAM3	1	U-01	suzukii	D. suzukii
A0AB40DAM9	1	U-01	suzukii	D. suzukii
A0AB40DAN7	3	U-03	suzukii	D. suzukii
A0AB40DAQ1	0	unassigned	suzukii	D. suzukii
A0AB40DAQ6	1	U-01	suzukii	D. suzukii
A0AB40DAQ7	1	U-01	suzukii	D. suzukii
A0AB40DAR2	1	U-01	suzukii	D. suzukii
A0AB40DAR4	1	U-01	suzukii	D. suzukii
A0AB40DAR6	1	U-01	suzukii	D. suzukii
A0AB40DAR9	1	U-01	suzukii	D. suzukii
A0AB40DAS1	0	unassigned	suzukii	D. suzukii
A0AB40DAS2	0	unassigned	suzukii	D. suzukii
A0AB40DAS3	1	U-01	suzukii	D. suzukii
A0AB40DAS6	1	U-01	suzukii	D. suzukii
A0AB40DAT1	1	U-01	suzukii	D. suzukii
A0AB40DAT2	3	U-03	suzukii	D. suzukii
A0AB40DAT3	2	U-02	suzukii	D. suzukii
A0AB40DAU0	1	U-01	suzukii	D. suzukii
A0AB40DAU3	0	unassigned	suzukii	D. suzukii
A0AB40DAV6	3	U-03	suzukii	D. suzukii
A0AB40DAV9	1	U-01	suzukii	D. suzukii
A0AB40DAW3	1	U-01	suzukii	D. suzukii
A0AB40DAX2	1	U-01	suzukii	D. suzukii
A0AB40DAY2	1	U-01	suzukii	D. suzukii
A0AB40DAY3	0	unassigned	suzukii	D. suzukii
A0AB40DAY9	1	U-01	suzukii	D. suzukii
A0AB40DAZ0	1	U-01	suzukii	D. suzukii
A0AB40DAZ2	0	unassigned	suzukii	D. suzukii
A0AB40DAZ4	0	unassigned	suzukii	D. suzukii
A0AB40DAZ7	1	U-01	suzukii	D. suzukii
A0AB40DIS4	2	U-02	suzukii	D. suzukii
A0AB40DIT1	3	U-03	suzukii	D. suzukii
A0AB40DIT2	1	U-01	suzukii	D. suzukii
A0AB40DIU3	1	U-01	suzukii	D. suzukii
A0AB40DIU5	1	U-01	suzukii	D. suzukii
A0AB40DIU6	1	U-01	suzukii	D. suzukii
A0AB40DIU7	1	U-01	suzukii	D. suzukii
A0AB40DIV4	1	U-01	suzukii	D. suzukii
A0AB40DIV5	1	U-01	suzukii	D. suzukii
A0AB40DIV8	1	U-01	suzukii	D. suzukii
A0AB40DIW0	1	U-01	suzukii	D. suzukii
A0AB40DIW2	1	U-01	suzukii	D. suzukii
A0AB40DIW5	3	U-03	suzukii	D. suzukii
A0AB40DIW8	1	U-01	suzukii	D. suzukii
A0AB40DIW9	1	U-01	suzukii	D. suzukii
A0AB40DIY1	0	unassigned	suzukii	D. suzukii
A0AB40DIY3	1	U-01	suzukii	D. suzukii
A0AB40DIZ1	1	U-01	suzukii	D. suzukii
A0AB40DIZ3	1	U-01	suzukii	D. suzukii
A0AB40DJ07	1	U-01	suzukii	D. suzukii
A0AB40DJ10	1	U-01	suzukii	D. suzukii
A0AB40DJ12	0	unassigned	suzukii	D. suzukii
A0AB40DJ18	1	U-01	suzukii	D. suzukii
A0AB40DJ19	0	unassigned	suzukii	D. suzukii
A0AB40DJ20	1	U-01	suzukii	D. suzukii
A0AB40DJ21	1	U-01	suzukii	D. suzukii
A0AB40DJ33	1	U-01	suzukii	D. suzukii
A0AB40DJ35	1	U-01	suzukii	D. suzukii
A0AB40DJ37	1	U-01	suzukii	D. suzukii
A0AB40DJ56	0	unassigned	suzukii	D. suzukii
A0AB40DJ66	1	U-01	suzukii	D. suzukii
A0AB40DJ76	1	U-01	suzukii	D. suzukii
A0AB40DJ81	1	U-01	suzukii	D. suzukii
A0AB40DJ85	3	U-03	suzukii	D. suzukii
A0AB40DJ90	1	U-01	suzukii	D. suzukii
A0AB40DJ93	0	unassigned	suzukii	D. suzukii
A0AB40DJA2	1	U-01	suzukii	D. suzukii
A0AB40DJA7	1	U-01	suzukii	D. suzukii
A0AB39ZHN9	0	unassigned	suzukii	D. suzukii
A0AB39ZHP5	1	U-01	suzukii	D. suzukii
A0AB39ZHP9	2	U-02	suzukii	D. suzukii
A0AB39ZHQ1	1	U-01	suzukii	D. suzukii
A0AB39ZHQ2	1	U-01	suzukii	D. suzukii
A0AB39ZHQ7	1	U-01	suzukii	D. suzukii
A0AB39ZHR0	0	unassigned	suzukii	D. suzukii
A0AB39ZHR3	1	U-01	suzukii	D. suzukii
A0AB39ZHR7	2	U-02	suzukii	D. suzukii
A0AB39ZHS4	2	U-02	suzukii	D. suzukii
A0AB39ZHS7	1	U-01	suzukii	D. suzukii
A0AB39ZHT4	1	U-01	suzukii	D. suzukii
A0AB39ZHT7	0	unassigned	suzukii	D. suzukii
A0AB39ZHU2	1	U-01	suzukii	D. suzukii
A0AB39ZHU6	1	U-01	suzukii	D. suzukii
A0AB39ZHU9	2	U-02	suzukii	D. suzukii
A0AB39ZHV3	1	U-01	suzukii	D. suzukii
A0AB39ZHV4	1	U-01	suzukii	D. suzukii
A0AB39ZHV8	1	U-01	suzukii	D. suzukii
A0AB39ZHV9	1	U-01	suzukii	D. suzukii
A0AB39ZHW0	0	unassigned	suzukii	D. suzukii
A0AB39ZHW2	2	U-02	suzukii	D. suzukii
A0AB39ZHW6	1	U-01	suzukii	D. suzukii
A0AB39ZHW7	3	U-03	suzukii	D. suzukii
A0AB39ZHX0	1	U-01	suzukii	D. suzukii
A0AB39ZHX7	0	unassigned	suzukii	D. suzukii
A0AB39ZHY0	2	U-02	suzukii	D. suzukii
A0AB39ZHY2	1	U-01	suzukii	D. suzukii
A0AB39ZHZ0	3	U-03	suzukii	D. suzukii
A0AB39ZHZ7	1	U-01	suzukii	D. suzukii
A0AB39ZI04	1	U-01	suzukii	D. suzukii
A0AB39ZI05	1	U-01	suzukii	D. suzukii
A0AB39ZI07	1	U-01	suzukii	D. suzukii
A0AB39ZI20	1	U-01	suzukii	D. suzukii
A0AB39ZI21	3	U-03	suzukii	D. suzukii
A0AB39ZI29	1	U-01	suzukii	D. suzukii
A0AB39ZI30	3	U-03	suzukii	D. suzukii
A0AB39ZI31	1	U-01	suzukii	D. suzukii
A0AB39ZMM8	2	U-02	suzukii	D. suzukii
A0AB39ZMM9	0	unassigned	suzukii	D. suzukii
A0AB39ZMN1	1	U-01	suzukii	D. suzukii
A0AB39ZMN4	3	U-03	suzukii	D. suzukii
A0AB39ZMN6	1	U-01	suzukii	D. suzukii
A0AB39ZMN7	2	U-02	suzukii	D. suzukii
A0AB39ZMN9	1	U-01	suzukii	D. suzukii
A0AB39ZMP1	0	unassigned	suzukii	D. suzukii
A0AB39ZMP3	1	U-01	suzukii	D. suzukii
A0AB39ZMP6	0	unassigned	suzukii	D. suzukii
A0AB39ZMP8	0	unassigned	suzukii	D. suzukii
A0AB39ZMP9	1	U-01	suzukii	D. suzukii
A0AB39ZMQ8	1	U-01	suzukii	D. suzukii
A0AB39ZMR2	2	U-02	suzukii	D. suzukii
A0AB39ZMR3	1	U-01	suzukii	D. suzukii
A0AB39ZMR7	1	U-01	suzukii	D. suzukii
A0AB39ZMS2	1	U-01	suzukii	D. suzukii
A0AB39ZMS4	1	U-01	suzukii	D. suzukii
A0AB39ZMS6	1	U-01	suzukii	D. suzukii
A0AB39ZMS7	1	U-01	suzukii	D. suzukii
A0AB39ZMT1	1	U-01	suzukii	D. suzukii
A0AB39ZMT3	1	U-01	suzukii	D. suzukii
A0AB39ZMT5	1	U-01	suzukii	D. suzukii
A0AB39ZMU1	1	U-01	suzukii	D. suzukii
A0AB39ZMU2	0	unassigned	suzukii	D. suzukii
A0AB39ZMU3	1	U-01	suzukii	D. suzukii
A0AB39ZMU8	1	U-01	suzukii	D. suzukii
A0AB39ZMV0	1	U-01	suzukii	D. suzukii
A0AB39ZMV6	0	unassigned	suzukii	D. suzukii
A0AB39ZMV8	1	U-01	suzukii	D. suzukii
A0AB39ZMW2	2	U-02	suzukii	D. suzukii
A0AB39ZMW3	2	U-02	suzukii	D. suzukii
A0AB39ZMW4	1	U-01	suzukii	D. suzukii
A0AB39ZMW5	1	U-01	suzukii	D. suzukii
A0AB39ZMW7	1	U-01	suzukii	D. suzukii
A0AB39ZMW9	1	U-01	suzukii	D. suzukii
A0AB39ZMX1	1	U-01	suzukii	D. suzukii
A0AB39ZMX3	0	unassigned	suzukii	D. suzukii
A0AB39ZMX5	1	U-01	suzukii	D. suzukii
A0AB39ZMX6	1	U-01	suzukii	D. suzukii
A0AB39ZMY2	0	unassigned	suzukii	D. suzukii
A0AB39ZMY6	1	U-01	suzukii	D. suzukii
A0AB39ZMY8	2	U-02	suzukii	D. suzukii
A0AB39ZMY9	1	U-01	suzukii	D. suzukii
A0AB39ZMZ0	1	U-01	suzukii	D. suzukii
A0AB39ZMZ2	1	U-01	suzukii	D. suzukii
A0AB39ZMZ3	2	U-02	suzukii	D. suzukii
A0AB39ZMZ5	1	U-01	suzukii	D. suzukii
A0AB39ZMZ7	2	U-02	suzukii	D. suzukii
A0AB39ZMZ8	1	U-01	suzukii	D. suzukii
A0AB39ZN00	2	U-02	suzukii	D. suzukii
A0AB39ZN11	2	U-02	suzukii	D. suzukii
A0AB39ZN12	1	U-01	suzukii	D. suzukii
A0AB39ZN13	0	unassigned	suzukii	D. suzukii
A0AB39ZN14	1	U-01	suzukii	D. suzukii
A0AB39ZN18	1	U-01	suzukii	D. suzukii
A0AB39ZN19	0	unassigned	suzukii	D. suzukii
A0AB39ZN21	2	U-02	suzukii	D. suzukii
A0AB39ZN23	1	U-01	suzukii	D. suzukii
A0AB39ZN26	1	U-01	suzukii	D. suzukii
A0AB39ZN33	1	U-01	suzukii	D. suzukii
A0AB39ZN46	3	U-03	suzukii	D. suzukii
A0AB40DGZ5	0	unassigned	suzukii	D. suzukii
A0AB40DGZ8	1	U-01	suzukii	D. suzukii
A0AB40DH00	0	unassigned	suzukii	D. suzukii
A0AB40DH02	2	U-02	suzukii	D. suzukii
A0AB40DH06	1	U-01	suzukii	D. suzukii
A0AB40DH11	0	unassigned	suzukii	D. suzukii
A0AB40DH13	1	U-01	suzukii	D. suzukii
A0AB40DH14	0	unassigned	suzukii	D. suzukii
A0AB40DH18	2	U-02	suzukii	D. suzukii
A0AB40DH19	1	U-01	suzukii	D. suzukii
A0AB40DH30	0	unassigned	suzukii	D. suzukii
A0AB40DH36	1	U-01	suzukii	D. suzukii
A0AB40DH37	1	U-01	suzukii	D. suzukii
A0AB40DH38	0	unassigned	suzukii	D. suzukii
A0AB40DH40	1	U-01	suzukii	D. suzukii
A0AB40DH51	1	U-01	suzukii	D. suzukii
A0ABM4TLB1	1	U-01	suzukii	D. suzukii
A0ABM4TLB3	1	U-01	suzukii	D. suzukii
A0ABM4TLC7	2	U-02	suzukii	D. suzukii
A0ABM4TLD2	0	unassigned	suzukii	D. suzukii
A0ABM4TLD7	0	unassigned	suzukii	D. suzukii
A0ABM4TLF1	1	U-01	suzukii	D. suzukii
A0ABM4TLF5	2	U-02	suzukii	D. suzukii
A0ABM4TLF7	0	unassigned	suzukii	D. suzukii
A0ABM4TLG1	0	unassigned	suzukii	D. suzukii
A0ABM4TLG2	2	U-02	suzukii	D. suzukii
A0ABM4TLG4	2	U-02	suzukii	D. suzukii
A0ABM4TLG5	2	U-02	suzukii	D. suzukii
A0ABM4TLG8	0	unassigned	suzukii	D. suzukii
A0ABM4TLG9	0	unassigned	suzukii	D. suzukii
A0ABM4TLI0	0	unassigned	suzukii	D. suzukii
A0ABM4TLI2	0	unassigned	suzukii	D. suzukii
A0ABM4TLK4	1	U-01	suzukii	D. suzukii
A0ABM4TLL8	2	U-02	suzukii	D. suzukii
A0ABM4TLM1	0	unassigned	suzukii	D. suzukii
A0ABM4TLM2	3	U-03	suzukii	D. suzukii
A0ABM4TLM4	2	U-02	suzukii	D. suzukii
A0ABM4TLN1	2	U-02	suzukii	D. suzukii
A0ABM4TLN7	0	unassigned	suzukii	D. suzukii
A0ABM4TLP2	1	U-01	suzukii	D. suzukii
A0ABM4TLQ4	0	unassigned	suzukii	D. suzukii
A0ABM4TLQ8	0	unassigned	suzukii	D. suzukii
A0ABM4TLR5	1	U-01	suzukii	D. suzukii
A0ABM4TLS4	1	U-01	suzukii	D. suzukii
A0ABM4TLS6	1	U-01	suzukii	D. suzukii
A0ABM4TLT0	1	U-01	suzukii	D. suzukii
A0ABM4TLT3	2	U-02	suzukii	D. suzukii
A0ABM4TLT7	1	U-01	suzukii	D. suzukii
A0ABM4TLT8	1	U-01	suzukii	D. suzukii
A0ABM4TLU0	1	U-01	suzukii	D. suzukii
A0ABM4TLU1	1	U-01	suzukii	D. suzukii
A0ABM4TLU2	1	U-01	suzukii	D. suzukii
A0ABM4TLU3	1	U-01	suzukii	D. suzukii
A0ABM4TLU6	1	U-01	suzukii	D. suzukii
A0ABM4TLV1	1	U-01	suzukii	D. suzukii
A0ABM4TLV3	1	U-01	suzukii	D. suzukii
A0ABM4TLW4	3	U-03	suzukii	D. suzukii
A0ABM4TLW5	3	U-03	suzukii	D. suzukii
A0ABM4TLW6	2	U-02	suzukii	D. suzukii
A0ABM4TLX1	3	U-03	suzukii	D. suzukii
A0ABM4TLY2	0	unassigned	suzukii	D. suzukii
A0ABM4TLY5	0	unassigned	suzukii	D. suzukii
A0ABM4TLY7	0	unassigned	suzukii	D. suzukii
A0ABM4TLY8	0	unassigned	suzukii	D. suzukii
A0ABM4TLY9	0	unassigned	suzukii	D. suzukii
A0ABM4TLZ0	0	unassigned	suzukii	D. suzukii
A0ABM4TLZ1	0	unassigned	suzukii	D. suzukii
A0ABM4TLZ3	0	unassigned	suzukii	D. suzukii
A0ABM4TLZ4	0	unassigned	suzukii	D. suzukii
A0ABM4TLZ5	0	unassigned	suzukii	D. suzukii
A0ABM4TLZ6	0	unassigned	suzukii	D. suzukii
A0ABM4TLZ7	0	unassigned	suzukii	D. suzukii
A0ABM4TLZ8	0	unassigned	suzukii	D. suzukii
A0ABM4TLZ9	0	unassigned	suzukii	D. suzukii
A0ABM4TM00	0	unassigned	suzukii	D. suzukii
A0ABM4TM01	0	unassigned	suzukii	D. suzukii
A0ABM4TM02	0	unassigned	suzukii	D. suzukii
A0ABM4TM04	0	unassigned	suzukii	D. suzukii
A0ABM4TM05	0	unassigned	suzukii	D. suzukii
A0ABM4TM06	0	unassigned	suzukii	D. suzukii
A0ABM4TM07	0	unassigned	suzukii	D. suzukii
A0ABM4TM08	0	unassigned	suzukii	D. suzukii
A0ABM4TM09	0	unassigned	suzukii	D. suzukii
A0ABM4TM10	0	unassigned	suzukii	D. suzukii
A0ABM4TM11	0	unassigned	suzukii	D. suzukii
A0ABM4TM12	0	unassigned	suzukii	D. suzukii
A0ABM4TM13	0	unassigned	suzukii	D. suzukii
A0ABM4TM14	0	unassigned	suzukii	D. suzukii
A0ABM4TM15	0	unassigned	suzukii	D. suzukii
A0ABM4TM17	0	unassigned	suzukii	D. suzukii
A0ABM4TM19	0	unassigned	suzukii	D. suzukii
A0ABM4TM24	0	unassigned	suzukii	D. suzukii
A0ABM4TM29	1	U-01	suzukii	D. suzukii
A0ABM4TM41	1	U-01	suzukii	D. suzukii
A0ABM4TM45	1	U-01	suzukii	D. suzukii
A0ABM4TM48	1	U-01	suzukii	D. suzukii
A0ABM4TM50	1	U-01	suzukii	D. suzukii
A0ABM4TM53	1	U-01	suzukii	D. suzukii
A0ABM4TM54	1	U-01	suzukii	D. suzukii
A0ABM4TM57	1	U-01	suzukii	D. suzukii
A0AB40DKH6	2	U-02	suzukii	D. suzukii
A0AB40DKH8	1	U-01	suzukii	D. suzukii
A0AB40DKI0	1	U-01	suzukii	D. suzukii
A0AB40DKI1	1	U-01	suzukii	D. suzukii
A0AB40DKI3	0	unassigned	suzukii	D. suzukii
A0AB40DKJ0	1	U-01	suzukii	D. suzukii
A0AB40DKJ1	1	U-01	suzukii	D. suzukii
A0AB40DKJ6	2	U-02	suzukii	D. suzukii
A0AB40DKK0	0	unassigned	suzukii	D. suzukii
A0AB40DKK2	0	unassigned	suzukii	D. suzukii
A0AB40DKK8	0	unassigned	suzukii	D. suzukii
A0AB40DKL1	1	U-01	suzukii	D. suzukii
A0AB40DKL7	0	unassigned	suzukii	D. suzukii
A0AB40DKL8	3	U-03	suzukii	D. suzukii
A0AB40DKM2	1	U-01	suzukii	D. suzukii
A0AB40DKM9	1	U-01	suzukii	D. suzukii
A0AB40DKN1	2	U-02	suzukii	D. suzukii
A0AB40DKP4	1	U-01	suzukii	D. suzukii
A0AB40DKP5	1	U-01	suzukii	D. suzukii
A0AB40DKP8	3	U-03	suzukii	D. suzukii
A0AB40DKQ4	1	U-01	suzukii	D. suzukii
A0AB40DKQ6	0	unassigned	suzukii	D. suzukii
A0AB40DKR0	1	U-01	suzukii	D. suzukii
A0AB40DKR2	1	U-01	suzukii	D. suzukii
A0AB40DKR4	1	U-01	suzukii	D. suzukii
A0AB40DKR5	0	unassigned	suzukii	D. suzukii
A0AB40DKR9	2	U-02	suzukii	D. suzukii
A0AB40DKS7	1	U-01	suzukii	D. suzukii
A0AB40DKS8	0	unassigned	suzukii	D. suzukii
A0AB40DKT0	1	U-01	suzukii	D. suzukii
A0AB40DKT1	0	unassigned	suzukii	D. suzukii
A0AB40DKT7	1	U-01	suzukii	D. suzukii
A0AB40DKU0	0	unassigned	suzukii	D. suzukii
A0AB40DKU4	1	U-01	suzukii	D. suzukii
A0AB40DKV8	1	U-01	suzukii	D. suzukii
A0AB40DKW1	3	U-03	suzukii	D. suzukii
A0AB40DKW6	0	unassigned	suzukii	D. suzukii
A0AB40DKX2	1	U-01	suzukii	D. suzukii
A0AB40DKX5	1	U-01	suzukii	D. suzukii
A0AB40DKX7	1	U-01	suzukii	D. suzukii
A0AB40DKY1	3	U-03	suzukii	D. suzukii
A0AB40DKY3	1	U-01	suzukii	D. suzukii
A0AB40DKZ5	1	U-01	suzukii	D. suzukii
A0AB40DKZ9	3	U-03	suzukii	D. suzukii
A0AB40DL01	1	U-01	suzukii	D. suzukii
A0AB40DL03	1	U-01	suzukii	D. suzukii
A0AB40DL06	1	U-01	suzukii	D. suzukii
A0AB40DL07	1	U-01	suzukii	D. suzukii
A0AB40DL16	1	U-01	suzukii	D. suzukii
A0AB40DL23	0	unassigned	suzukii	D. suzukii
A0AB40DL25	1	U-01	suzukii	D. suzukii
A0AB40DL26	1	U-01	suzukii	D. suzukii
A0AB40DL31	1	U-01	suzukii	D. suzukii
A0ABM4TNC1	0	unassigned	suzukii	D. suzukii
A0ABM4TNC2	2	U-02	suzukii	D. suzukii
A0ABM4TNC4	0	unassigned	suzukii	D. suzukii
A0ABM4TNC5	0	unassigned	suzukii	D. suzukii
A0ABM4TNC7	0	unassigned	suzukii	D. suzukii
A0ABM4TNC8	1	U-01	suzukii	D. suzukii
A0ABM4TNC9	1	U-01	suzukii	D. suzukii
A0ABM4TND0	1	U-01	suzukii	D. suzukii
A0ABM4TND1	0	unassigned	suzukii	D. suzukii
A0ABM4TND2	0	unassigned	suzukii	D. suzukii
A0ABM4TND3	0	unassigned	suzukii	D. suzukii
A0ABM4TND5	0	unassigned	suzukii	D. suzukii
A0ABM4TND7	0	unassigned	suzukii	D. suzukii
A0ABM4TNE0	0	unassigned	suzukii	D. suzukii
A0ABM4TNE1	0	unassigned	suzukii	D. suzukii
A0ABM4TNE3	0	unassigned	suzukii	D. suzukii
A0ABM4TNE5	0	unassigned	suzukii	D. suzukii
A0ABM4TNE8	0	unassigned	suzukii	D. suzukii
A0ABM4TNE9	0	unassigned	suzukii	D. suzukii
A0ABM4TNF0	0	unassigned	suzukii	D. suzukii
A0ABM4TNF1	0	unassigned	suzukii	D. suzukii
A0ABM4TNF2	0	unassigned	suzukii	D. suzukii
A0ABM4TNF3	1	U-01	suzukii	D. suzukii
A0ABM4TNF4	0	unassigned	suzukii	D. suzukii
A0ABM4TNF6	0	unassigned	suzukii	D. suzukii
A0ABM4TNF7	0	unassigned	suzukii	D. suzukii
A0ABM4TNF9	0	unassigned	suzukii	D. suzukii
A0ABM4TNG0	0	unassigned	suzukii	D. suzukii
A0ABM4TNG1	0	unassigned	suzukii	D. suzukii
A0ABM4TNG3	1	U-01	suzukii	D. suzukii
A0ABM4TNG4	0	unassigned	suzukii	D. suzukii
A0ABM4TNG5	0	unassigned	suzukii	D. suzukii
A0ABM4TNG7	0	unassigned	suzukii	D. suzukii
A0ABM4TNG8	0	unassigned	suzukii	D. suzukii
A0ABM4TNG9	1	U-01	suzukii	D. suzukii
A0ABM4TNH0	0	unassigned	suzukii	D. suzukii
A0ABM4TNH2	0	unassigned	suzukii	D. suzukii
A0ABM4TNH3	0	unassigned	suzukii	D. suzukii
A0ABM4TNH4	0	unassigned	suzukii	D. suzukii
A0ABM4TNH5	0	unassigned	suzukii	D. suzukii
A0ABM4TNH6	1	U-01	suzukii	D. suzukii
A0ABM4TNH7	0	unassigned	suzukii	D. suzukii
A0ABM4TNH8	0	unassigned	suzukii	D. suzukii
A0ABM4TNH9	0	unassigned	suzukii	D. suzukii
A0ABM4TNI0	0	unassigned	suzukii	D. suzukii
A0ABM4TNI2	1	U-01	suzukii	D. suzukii
A0ABM4TNI4	1	U-01	suzukii	D. suzukii
A0AB39ZWK7	1	U-01	suzukii	D. suzukii
A0AB39ZWL0	3	U-03	suzukii	D. suzukii
A0AB39ZWN8	3	U-03	suzukii	D. suzukii
A0AB39ZWR2	2	U-02	suzukii	D. suzukii
A0AB39ZWR6	2	U-02	suzukii	D. suzukii
A0AB39ZWR8	1	U-01	suzukii	D. suzukii
A0AB39ZWT7	2	U-02	suzukii	D. suzukii
A0AB39ZWT8	1	U-01	suzukii	D. suzukii
A0AB39ZWU4	1	U-01	suzukii	D. suzukii
A0AB39ZWZ1	1	U-01	suzukii	D. suzukii
A0AB39ZX18	1	U-01	suzukii	D. suzukii
A0AB39ZX34	3	U-03	suzukii	D. suzukii
A0AB39ZX61	1	U-01	suzukii	D. suzukii
A0AB39ZX73	1	U-01	suzukii	D. suzukii
A0AB39ZX93	1	U-01	suzukii	D. suzukii
A0AB39ZXB1	1	U-01	suzukii	D. suzukii
A0AB39ZXC8	1	U-01	suzukii	D. suzukii
A0AB39ZXE9	2	U-02	suzukii	D. suzukii
A0AB39ZXH7	1	U-01	suzukii	D. suzukii
A0AB39ZXJ2	1	U-01	suzukii	D. suzukii
A0AB39ZXM8	1	U-01	suzukii	D. suzukii
A0AB39ZXN8	1	U-01	suzukii	D. suzukii
A0AB39ZXQ9	3	U-03	suzukii	D. suzukii
A0AB39ZXR1	2	U-02	suzukii	D. suzukii
A0AB39ZXS4	1	U-01	suzukii	D. suzukii
A0AB39ZXU1	3	U-03	suzukii	D. suzukii
A0AB39ZXU5	1	U-01	suzukii	D. suzukii
A0AB39ZXW4	0	unassigned	suzukii	D. suzukii
A0AB39ZXW6	2	U-02	suzukii	D. suzukii
A0AB39ZXY5	1	U-01	suzukii	D. suzukii
A0AB39ZY02	1	U-01	suzukii	D. suzukii
A0AB39ZY14	1	U-01	suzukii	D. suzukii
A0AB39ZY85	1	U-01	suzukii	D. suzukii
A0AB39ZYB0	1	U-01	suzukii	D. suzukii
A0ABM4TLI6	0	unassigned	suzukii	D. suzukii
A0ABM4TLQ5	1	U-01	suzukii	D. suzukii
A0ABM4TLQ9	0	unassigned	suzukii	D. suzukii
A0ABM4TLR4	0	unassigned	suzukii	D. suzukii
A0ABM4TLR7	0	unassigned	suzukii	D. suzukii
A0ABM4TLR8	0	unassigned	suzukii	D. suzukii
A0ABM4TLR9	0	unassigned	suzukii	D. suzukii
A0ABM4TLS2	0	unassigned	suzukii	D. suzukii
A0ABM4TLS8	0	unassigned	suzukii	D. suzukii
A0ABM4TLT1	0	unassigned	suzukii	D. suzukii
A0ABM4TLT9	0	unassigned	suzukii	D. suzukii
A0ABM4TLX9	0	unassigned	suzukii	D. suzukii
A0ABM4TM16	3	U-03	suzukii	D. suzukii
A0ABM4TM31	1	U-01	suzukii	D. suzukii
A0ABM4TM35	1	U-01	suzukii	D. suzukii
A0ABM4TM36	1	U-01	suzukii	D. suzukii
A0ABM4TM38	1	U-01	suzukii	D. suzukii
A0ABM4TM43	1	U-01	suzukii	D. suzukii
A0ABM4TM44	1	U-01	suzukii	D. suzukii
A0ABM4TM62	1	U-01	suzukii	D. suzukii
A0ABM4TM76	2	U-02	suzukii	D. suzukii
A0ABM4TML2	2	U-02	suzukii	D. suzukii
A0ABM4TML8	2	U-02	suzukii	D. suzukii
A0ABM4TMN0	2	U-02	suzukii	D. suzukii
A0ABM4TMR3	1	U-01	suzukii	D. suzukii
A0ABM4TMR5	1	U-01	suzukii	D. suzukii
A0ABM4TMR8	1	U-01	suzukii	D. suzukii
A0ABM4TMV3	0	unassigned	suzukii	D. suzukii
A0ABM4TNM6	1	U-01	suzukii	D. suzukii
A0ABM4TNM9	1	U-01	suzukii	D. suzukii
A0ABM4TNQ5	1	U-01	suzukii	D. suzukii
A0ABM4TNU1	1	U-01	suzukii	D. suzukii
A0ABM4TNY8	1	U-01	suzukii	D. suzukii
A0ABM4TNZ1	0	unassigned	suzukii	D. suzukii
A0ABM4TP26	2	U-02	suzukii	D. suzukii
A0ABM4TP30	2	U-02	suzukii	D. suzukii
A0ABM4TP52	1	U-01	suzukii	D. suzukii
A0ABM4TP73	1	U-01	suzukii	D. suzukii
A0ABM4TPA3	2	U-02	suzukii	D. suzukii
A0ABM4TPB7	2	U-02	suzukii	D. suzukii
A0ABM4TPW1	1	U-01	suzukii	D. suzukii
A0ABM4TPW3	1	U-01	suzukii	D. suzukii
A0ABM4TPW8	1	U-01	suzukii	D. suzukii
A0ABM4TPX0	1	U-01	suzukii	D. suzukii
A0ABM4TPX1	1	U-01	suzukii	D. suzukii
A0ABM4TPX2	1	U-01	suzukii	D. suzukii
A0ABM4TPX3	1	U-01	suzukii	D. suzukii
A0ABM4TPX8	1	U-01	suzukii	D. suzukii
A0ABM4TPX9	1	U-01	suzukii	D. suzukii
A0ABM4TQ33	1	U-01	suzukii	D. suzukii
A0ABM4TQ87	0	unassigned	suzukii	D. suzukii
A0ABM4TQ88	0	unassigned	suzukii	D. suzukii
A0ABM4TQ89	0	unassigned	suzukii	D. suzukii
A0ABM4TQ91	0	unassigned	suzukii	D. suzukii
A0ABM4TQ92	0	unassigned	suzukii	D. suzukii
A0ABM4TQ93	0	unassigned	suzukii	D. suzukii
A0ABM4TQ96	0	unassigned	suzukii	D. suzukii
A0ABM4TQ97	0	unassigned	suzukii	D. suzukii
A0ABM4TQ99	0	unassigned	suzukii	D. suzukii
A0ABM4TQA5	1	U-01	suzukii	D. suzukii
A0ABM4TQB0	1	U-01	suzukii	D. suzukii
A0ABM4TQC3	1	U-01	suzukii	D. suzukii
A0ABM4TQE6	2	U-02	suzukii	D. suzukii
A0ABM4TQG1	1	U-01	suzukii	D. suzukii
A0ABM4TQS6	2	U-02	suzukii	D. suzukii
A0ABM4TQS8	0	unassigned	suzukii	D. suzukii
A0AB39ZLP4	1	U-01	suzukii	D. suzukii
A0AB39ZLP5	1	U-01	suzukii	D. suzukii
A0AB39ZLP6	1	U-01	suzukii	D. suzukii
A0AB39ZLP7	1	U-01	suzukii	D. suzukii
A0AB39ZLP9	1	U-01	suzukii	D. suzukii
A0AB39ZLQ0	1	U-01	suzukii	D. suzukii
A0AB39ZLQ1	1	U-01	suzukii	D. suzukii
A0AB39ZLQ3	1	U-01	suzukii	D. suzukii
A0AB39ZLQ5	1	U-01	suzukii	D. suzukii
A0AB39ZLQ6	1	U-01	suzukii	D. suzukii
A0AB39ZLQ8	1	U-01	suzukii	D. suzukii
A0AB39ZLR0	1	U-01	suzukii	D. suzukii
A0AB39ZLR2	1	U-01	suzukii	D. suzukii
A0AB39ZLR3	1	U-01	suzukii	D. suzukii
A0AB39ZLR5	1	U-01	suzukii	D. suzukii
A0AB39ZLR8	1	U-01	suzukii	D. suzukii
A0AB39ZLS0	1	U-01	suzukii	D. suzukii
A0AB39ZLS1	0	unassigned	suzukii	D. suzukii
A0AB39ZLS6	1	U-01	suzukii	D. suzukii
A0AB39ZLS8	0	unassigned	suzukii	D. suzukii
A0AB39ZLS9	2	U-02	suzukii	D. suzukii
A0AB39ZLT1	1	U-01	suzukii	D. suzukii
A0AB39ZLT3	1	U-01	suzukii	D. suzukii
A0AB39ZLT5	1	U-01	suzukii	D. suzukii
A0AB39ZLT6	0	unassigned	suzukii	D. suzukii
A0AB39ZLT7	1	U-01	suzukii	D. suzukii
A0AB39ZLT9	1	U-01	suzukii	D. suzukii
A0AB39ZLU0	1	U-01	suzukii	D. suzukii
A0AB39ZLU2	3	U-03	suzukii	D. suzukii
A0AB39ZLU3	1	U-01	suzukii	D. suzukii
A0AB39ZLU5	2	U-02	suzukii	D. suzukii
A0AB39ZLU6	0	unassigned	suzukii	D. suzukii
A0AB39ZLU8	0	unassigned	suzukii	D. suzukii
A0AB39ZLU9	1	U-01	suzukii	D. suzukii
A0AB39ZLV0	0	unassigned	suzukii	D. suzukii
A0AB39ZLV2	1	U-01	suzukii	D. suzukii
A0AB39ZLV3	1	U-01	suzukii	D. suzukii
A0AB39ZLV5	2	U-02	suzukii	D. suzukii
A0AB39ZLV6	1	U-01	suzukii	D. suzukii
A0AB39ZLW0	1	U-01	suzukii	D. suzukii
A0AB39ZLW2	1	U-01	suzukii	D. suzukii
A0AB39ZLW4	2	U-02	suzukii	D. suzukii
A0AB39ZLW6	1	U-01	suzukii	D. suzukii
A0AB39ZLW7	3	U-03	suzukii	D. suzukii
A0AB39ZLW8	1	U-01	suzukii	D. suzukii
A0AB39ZLW9	1	U-01	suzukii	D. suzukii
A0AB39ZLX1	1	U-01	suzukii	D. suzukii
A0AB39ZLX2	1	U-01	suzukii	D. suzukii
A0AB39ZLX4	0	unassigned	suzukii	D. suzukii
A0AB39ZLX5	0	unassigned	suzukii	D. suzukii
A0AB39ZLX7	3	U-03	suzukii	D. suzukii
A0AB39ZLX8	1	U-01	suzukii	D. suzukii
A0AB39ZLY1	1	U-01	suzukii	D. suzukii
A0AB39ZLY2	1	U-01	suzukii	D. suzukii
A0AB39ZLY6	1	U-01	suzukii	D. suzukii
A0AB39ZLY7	1	U-01	suzukii	D. suzukii
A0AB39ZLZ1	1	U-01	suzukii	D. suzukii
A0AB39ZLZ2	1	U-01	suzukii	D. suzukii
A0AB39ZLZ3	2	U-02	suzukii	D. suzukii
A0AB39ZLZ4	1	U-01	suzukii	D. suzukii
A0AB39ZLZ5	1	U-01	suzukii	D. suzukii
A0AB39ZLZ7	1	U-01	suzukii	D. suzukii
A0AB39ZLZ9	1	U-01	suzukii	D. suzukii
A0AB39ZM03	1	U-01	suzukii	D. suzukii
A0AB39ZM06	1	U-01	suzukii	D. suzukii
A0AB39ZM07	1	U-01	suzukii	D. suzukii
A0AB39ZM09	1	U-01	suzukii	D. suzukii
A0AB39ZM10	1	U-01	suzukii	D. suzukii
A0AB39ZM11	2	U-02	suzukii	D. suzukii
A0AB39ZM12	1	U-01	suzukii	D. suzukii
A0AB39ZM16	1	U-01	suzukii	D. suzukii
A0AB39ZM17	1	U-01	suzukii	D. suzukii
A0AB39ZM20	1	U-01	suzukii	D. suzukii
A0AB39ZM23	3	U-03	suzukii	D. suzukii
A0AB39ZM25	0	unassigned	suzukii	D. suzukii
A0AB39ZM27	1	U-01	suzukii	D. suzukii
A0AB39ZM31	1	U-01	suzukii	D. suzukii
A0AB39ZM33	0	unassigned	suzukii	D. suzukii
A0AB39ZM34	1	U-01	suzukii	D. suzukii
A0AB39ZM38	1	U-01	suzukii	D. suzukii
A0AB39ZM39	1	U-01	suzukii	D. suzukii
A0AB39ZM40	1	U-01	suzukii	D. suzukii
A0AB39ZM42	1	U-01	suzukii	D. suzukii
A0AB39ZM44	2	U-02	suzukii	D. suzukii
A0AB39ZM45	1	U-01	suzukii	D. suzukii
A0AB39ZM47	1	U-01	suzukii	D. suzukii
A0AB39ZM48	1	U-01	suzukii	D. suzukii
A0AB39ZM51	1	U-01	suzukii	D. suzukii
A0AB39ZM53	1	U-01	suzukii	D. suzukii
A0AB39ZM55	1	U-01	suzukii	D. suzukii
A0AB39ZT05	1	U-01	suzukii	D. suzukii
A0AB39ZT07	1	U-01	suzukii	D. suzukii
A0AB39ZT08	1	U-01	suzukii	D. suzukii
A0AB39ZT09	1	U-01	suzukii	D. suzukii
A0AB39ZT10	1	U-01	suzukii	D. suzukii
A0AB39ZT12	1	U-01	suzukii	D. suzukii
A0AB39ZT13	0	unassigned	suzukii	D. suzukii
A0AB39ZT14	1	U-01	suzukii	D. suzukii
A0AB39ZT18	2	U-02	suzukii	D. suzukii
A0AB39ZT22	1	U-01	suzukii	D. suzukii
A0ABM4TPF9	2	U-02	suzukii	D. suzukii
A0ABM4TS68	3	U-03	suzukii	D. suzukii
A0ABM4TVH3	1	U-01	suzukii	D. suzukii
A0ABM4TVI1	1	U-01	suzukii	D. suzukii
A0ABM4TVJ4	1	U-01	suzukii	D. suzukii
A0ABM4TY41	1	U-01	suzukii	D. suzukii
A0ABM4TY47	1	U-01	suzukii	D. suzukii
A0AB39YW58	1	U-01	suzukii	D. suzukii
A0AB39YW85	1	U-01	suzukii	D. suzukii
A0AB39YWA7	0	unassigned	suzukii	D. suzukii
A0AB39YWA8	1	U-01	suzukii	D. suzukii
A0AB39YWC0	1	U-01	suzukii	D. suzukii
A0AB39YWC7	2	U-02	suzukii	D. suzukii
A0AB39YWD0	1	U-01	suzukii	D. suzukii
A0AB39YWD3	2	U-02	suzukii	D. suzukii
A0AB39YWF0	1	U-01	suzukii	D. suzukii
A0AB39YWG1	1	U-01	suzukii	D. suzukii
A0AB39YWH5	1	U-01	suzukii	D. suzukii
A0AB39YWK2	1	U-01	suzukii	D. suzukii
A0AB39YWM0	1	U-01	suzukii	D. suzukii
A0AB39YWM7	1	U-01	suzukii	D. suzukii
A0AB39YWN1	1	U-01	suzukii	D. suzukii
A0AB39YWQ1	3	U-03	suzukii	D. suzukii
A0AB39YWQ2	0	unassigned	suzukii	D. suzukii
A0AB39YWS3	1	U-01	suzukii	D. suzukii
A0AB39YWU2	0	unassigned	suzukii	D. suzukii
A0AB39YX28	1	U-01	suzukii	D. suzukii
A0AB39YX37	1	U-01	suzukii	D. suzukii
A0AB39YX42	1	U-01	suzukii	D. suzukii
A0AB39YX55	1	U-01	suzukii	D. suzukii
A0AB39YX57	1	U-01	suzukii	D. suzukii
A0AB39YX71	1	U-01	suzukii	D. suzukii
A0AB39YXA9	1	U-01	suzukii	D. suzukii
A0AB39YXB0	1	U-01	suzukii	D. suzukii
A0AB39YXC2	1	U-01	suzukii	D. suzukii
A0AB39YXD4	1	U-01	suzukii	D. suzukii
A0AB39YXE7	1	U-01	suzukii	D. suzukii
A0AB39YXF0	2	U-02	suzukii	D. suzukii
A0AB39YXF1	1	U-01	suzukii	D. suzukii
A0AB39YXF9	1	U-01	suzukii	D. suzukii
A0AB39YXG7	1	U-01	suzukii	D. suzukii
A0AB39YXH3	1	U-01	suzukii	D. suzukii
A0AB39YXJ1	1	U-01	suzukii	D. suzukii
A0AB39YXJ3	2	U-02	suzukii	D. suzukii
A0AB39YXL4	1	U-01	suzukii	D. suzukii
A0AB39YXM2	0	unassigned	suzukii	D. suzukii
A0AB39YXQ5	1	U-01	suzukii	D. suzukii
A0AB39YXS8	1	U-01	suzukii	D. suzukii
A0AB39YXT6	3	U-03	suzukii	D. suzukii
A0AB39YXV5	0	unassigned	suzukii	D. suzukii
A0AB39YXW4	0	unassigned	suzukii	D. suzukii
A0AB39YXX2	0	unassigned	suzukii	D. suzukii
A0AB39YXX7	0	unassigned	suzukii	D. suzukii
A0AB39YXZ5	2	U-02	suzukii	D. suzukii
A0AB39YY29	1	U-01	suzukii	D. suzukii
A0AB39YY32	1	U-01	suzukii	D. suzukii
A0AB39YY34	1	U-01	suzukii	D. suzukii
A0AB39YY36	1	U-01	suzukii	D. suzukii
A0AB39YY38	1	U-01	suzukii	D. suzukii
A0AB39YY43	1	U-01	suzukii	D. suzukii
A0AB39YY50	0	unassigned	suzukii	D. suzukii
A0AB39YY56	2	U-02	suzukii	D. suzukii
A0AB39YY58	1	U-01	suzukii	D. suzukii
A0AB39YY66	1	U-01	suzukii	D. suzukii
A0AB39YY82	2	U-02	suzukii	D. suzukii
A0AB39YYA1	2	U-02	suzukii	D. suzukii
A0AB39YYC3	1	U-01	suzukii	D. suzukii
A0AB40DI88	3	U-03	suzukii	D. suzukii
A0AB40DIB7	3	U-03	suzukii	D. suzukii
A0AB40DIG0	1	U-01	suzukii	D. suzukii
A0AB40DIH6	1	U-01	suzukii	D. suzukii
A0AB40DII7	1	U-01	suzukii	D. suzukii
A0AB40DIQ4	1	U-01	suzukii	D. suzukii
A0AB40DIT5	1	U-01	suzukii	D. suzukii
A0AB40DIV0	1	U-01	suzukii	D. suzukii
A0AB40DIW6	0	unassigned	suzukii	D. suzukii
A0AB40DIX5	1	U-01	suzukii	D. suzukii
A0AB40DIY6	1	U-01	suzukii	D. suzukii
A0AB40DJ03	0	unassigned	suzukii	D. suzukii
A0AB40DJ22	1	U-01	suzukii	D. suzukii
A0AB40DJ41	1	U-01	suzukii	D. suzukii
A0AB40DJ46	1	U-01	suzukii	D. suzukii
A0AB40DJ55	1	U-01	suzukii	D. suzukii
A0AB40DJB7	0	unassigned	suzukii	D. suzukii
A0AB40DJE2	1	U-01	suzukii	D. suzukii
A0AB40DJG2	1	U-01	suzukii	D. suzukii
A0AB40DJI9	2	U-02	suzukii	D. suzukii
A0AB40DJK1	2	U-02	suzukii	D. suzukii
A0AB40DJP5	2	U-02	suzukii	D. suzukii
A0AB40DJS6	1	U-01	suzukii	D. suzukii
A0AB40DJT9	1	U-01	suzukii	D. suzukii
A0AB40DJY6	1	U-01	suzukii	D. suzukii
A0AB40DJY8	0	unassigned	suzukii	D. suzukii
A0AB40DK44	1	U-01	suzukii	D. suzukii
A0AB40DK45	2	U-02	suzukii	D. suzukii
A0AB40DKG8	2	U-02	suzukii	D. suzukii
A0AB40DKI6	0	unassigned	suzukii	D. suzukii
A0AB40DKP7	0	unassigned	suzukii	D. suzukii
A0AB40DKS4	0	unassigned	suzukii	D. suzukii
A0AB40DKT5	0	unassigned	suzukii	D. suzukii
A0AB40D8Q0	0	unassigned	suzukii	D. suzukii
A0AB40D8Q9	0	unassigned	suzukii	D. suzukii
A0AB40D8T1	0	unassigned	suzukii	D. suzukii
A0AB40D8T5	1	U-01	suzukii	D. suzukii
A0AB40D8T6	2	U-02	suzukii	D. suzukii
A0AB40D8V8	1	U-01	suzukii	D. suzukii
A0AB40D8W9	0	unassigned	suzukii	D. suzukii
A0AB40D8Y2	0	unassigned	suzukii	D. suzukii
A0AB40D8Z4	0	unassigned	suzukii	D. suzukii
A0AB40D8Z6	3	U-03	suzukii	D. suzukii
A0AB40D902	0	unassigned	suzukii	D. suzukii
A0AB40D908	1	U-01	suzukii	D. suzukii
A0AB40D915	2	U-02	suzukii	D. suzukii
A0AB40D916	2	U-02	suzukii	D. suzukii
A0AB40D918	1	U-01	suzukii	D. suzukii
A0AB40D919	1	U-01	suzukii	D. suzukii
A0AB40D930	1	U-01	suzukii	D. suzukii
A0AB40D935	0	unassigned	suzukii	D. suzukii
A0AB40D955	1	U-01	suzukii	D. suzukii
A0AB40D957	0	unassigned	suzukii	D. suzukii
A0AB40D958	0	unassigned	suzukii	D. suzukii
A0AB40D960	2	U-02	suzukii	D. suzukii
A0AB40D961	1	U-01	suzukii	D. suzukii
A0AB40D967	3	U-03	suzukii	D. suzukii
A0AB40D974	1	U-01	suzukii	D. suzukii
A0AB40D979	0	unassigned	suzukii	D. suzukii
A0AB40D990	1	U-01	suzukii	D. suzukii
A0AB40D993	0	unassigned	suzukii	D. suzukii
A0AB40D9A0	1	U-01	suzukii	D. suzukii
A0AB40D9A2	1	U-01	suzukii	D. suzukii
A0AB40D9B1	1	U-01	suzukii	D. suzukii
A0AB40D9C0	3	U-03	suzukii	D. suzukii
A0AB40D9C1	1	U-01	suzukii	D. suzukii
A0AB40D9C2	0	unassigned	suzukii	D. suzukii
A0AB40D9C5	2	U-02	suzukii	D. suzukii
A0AB40D9D2	1	U-01	suzukii	D. suzukii
A0AB40D9D5	0	unassigned	suzukii	D. suzukii
A0AB40D9D8	1	U-01	suzukii	D. suzukii
A0AB40DH56	1	U-01	suzukii	D. suzukii
A0AB40DH73	2	U-02	suzukii	D. suzukii
A0AB40DH77	1	U-01	suzukii	D. suzukii
A0AB40DH81	1	U-01	suzukii	D. suzukii
A0AB40DH87	1	U-01	suzukii	D. suzukii
A0AB40DH90	1	U-01	suzukii	D. suzukii
A0AB40DH94	2	U-02	suzukii	D. suzukii
A0AB40DH95	0	unassigned	suzukii	D. suzukii
A0AB40DHA2	1	U-01	suzukii	D. suzukii
A0AB40DHA4	0	unassigned	suzukii	D. suzukii
A0AB40DHA8	1	U-01	suzukii	D. suzukii
A0AB40DHA9	1	U-01	suzukii	D. suzukii
A0AB40DHB2	1	U-01	suzukii	D. suzukii
A0AB40DHB3	1	U-01	suzukii	D. suzukii
A0AB40DHC4	1	U-01	suzukii	D. suzukii
A0AB40DHD3	1	U-01	suzukii	D. suzukii
A0AB40DHE1	2	U-02	suzukii	D. suzukii
A0AB40DHE3	0	unassigned	suzukii	D. suzukii
A0AB40DHE5	0	unassigned	suzukii	D. suzukii
A0AB40DHE6	1	U-01	suzukii	D. suzukii
A0AB40DHG0	0	unassigned	suzukii	D. suzukii
A0AB40DHG4	0	unassigned	suzukii	D. suzukii
A0AB40DHG6	1	U-01	suzukii	D. suzukii
A0AB40DHG7	0	unassigned	suzukii	D. suzukii
A0AB40DHH2	1	U-01	suzukii	D. suzukii
A0AB40DHH5	0	unassigned	suzukii	D. suzukii
A0AB40DHH6	0	unassigned	suzukii	D. suzukii
A0AB40DHI6	0	unassigned	suzukii	D. suzukii
A0AB40DHJ3	0	unassigned	suzukii	D. suzukii
A0AB40DHJ7	1	U-01	suzukii	D. suzukii
A0AB40DHK0	1	U-01	suzukii	D. suzukii
A0AB40DHK3	1	U-01	suzukii	D. suzukii
A0AB40DHK8	1	U-01	suzukii	D. suzukii
A0AB40DHL1	0	unassigned	suzukii	D. suzukii
A0AB40DHL8	1	U-01	suzukii	D. suzukii
A0AB40DHM1	1	U-01	suzukii	D. suzukii
A0AB40DHN4	1	U-01	suzukii	D. suzukii
A0AB40DHP2	1	U-01	suzukii	D. suzukii
A0AB40DHP3	1	U-01	suzukii	D. suzukii
A0AB40DHP6	3	U-03	suzukii	D. suzukii
A0AB40DHP7	3	U-03	suzukii	D. suzukii
A0AB40DHQ5	0	unassigned	suzukii	D. suzukii
A0AB40DHQ8	0	unassigned	suzukii	D. suzukii
A0AB40DHR2	1	U-01	suzukii	D. suzukii
A0AB40DHR3	1	U-01	suzukii	D. suzukii
A0AB40DHR7	1	U-01	suzukii	D. suzukii
A0AB40DHR8	2	U-02	suzukii	D. suzukii
A0AB40DHT0	2	U-02	suzukii	D. suzukii
A0AB40DHT5	0	unassigned	suzukii	D. suzukii
A0AB40DHT6	1	U-01	suzukii	D. suzukii
A0AB40DHT7	0	unassigned	suzukii	D. suzukii
A0AB40DHU2	2	U-02	suzukii	D. suzukii
A0AB40DHV5	1	U-01	suzukii	D. suzukii
A0AB40DHV7	1	U-01	suzukii	D. suzukii
A0AB40DHW3	1	U-01	suzukii	D. suzukii
A0AB40DHX2	1	U-01	suzukii	D. suzukii
A0AB40DHX4	0	unassigned	suzukii	D. suzukii
A0AB40DHX6	1	U-01	suzukii	D. suzukii
A0AB40DHY3	3	U-03	suzukii	D. suzukii
A0AB40DHY5	1	U-01	suzukii	D. suzukii
A0AB40DHZ0	1	U-01	suzukii	D. suzukii
A0AB40DHZ1	1	U-01	suzukii	D. suzukii
A0AB39ZJX8	1	U-01	suzukii	D. suzukii
A0AB39ZJX9	1	U-01	suzukii	D. suzukii
A0AB39ZJY0	1	U-01	suzukii	D. suzukii
A0AB39ZJY1	1	U-01	suzukii	D. suzukii
A0AB39ZJY2	1	U-01	suzukii	D. suzukii
A0AB39ZJY5	1	U-01	suzukii	D. suzukii
A0AB39ZJY9	1	U-01	suzukii	D. suzukii
A0AB39ZJZ0	1	U-01	suzukii	D. suzukii
A0AB39ZJZ2	0	unassigned	suzukii	D. suzukii
A0AB39ZK00	0	unassigned	suzukii	D. suzukii
A0AB39ZK01	3	U-03	suzukii	D. suzukii
A0AB39ZK05	1	U-01	suzukii	D. suzukii
A0AB39ZP08	1	U-01	suzukii	D. suzukii
A0AB39ZP10	1	U-01	suzukii	D. suzukii
A0AB39ZP12	3	U-03	suzukii	D. suzukii
A0AB39ZP15	1	U-01	suzukii	D. suzukii
A0AB39ZP16	1	U-01	suzukii	D. suzukii
A0AB39ZP17	1	U-01	suzukii	D. suzukii
A0AB39ZP21	1	U-01	suzukii	D. suzukii
A0AB39ZP22	1	U-01	suzukii	D. suzukii
A0AB39ZP25	1	U-01	suzukii	D. suzukii
A0AB39ZP27	1	U-01	suzukii	D. suzukii
A0AB39ZP28	1	U-01	suzukii	D. suzukii
A0AB39ZP29	1	U-01	suzukii	D. suzukii
A0AB39ZP33	2	U-02	suzukii	D. suzukii
A0AB39ZP36	2	U-02	suzukii	D. suzukii
A0AB39ZP37	1	U-01	suzukii	D. suzukii
A0AB39ZP39	0	unassigned	suzukii	D. suzukii
A0AB39ZP40	1	U-01	suzukii	D. suzukii
A0AB39ZP41	0	unassigned	suzukii	D. suzukii
A0AB39ZP42	0	unassigned	suzukii	D. suzukii
A0AB39ZP43	1	U-01	suzukii	D. suzukii
A0AB39ZP44	1	U-01	suzukii	D. suzukii
A0AB39ZP45	3	U-03	suzukii	D. suzukii
A0AB39ZP46	0	unassigned	suzukii	D. suzukii
A0AB39ZP47	0	unassigned	suzukii	D. suzukii
A0AB39ZP48	1	U-01	suzukii	D. suzukii
A0AB39ZP51	2	U-02	suzukii	D. suzukii
A0AB39ZP53	1	U-01	suzukii	D. suzukii
A0AB39ZP57	1	U-01	suzukii	D. suzukii
A0AB39ZP60	1	U-01	suzukii	D. suzukii
A0AB39ZP63	1	U-01	suzukii	D. suzukii
A0AB39ZP64	2	U-02	suzukii	D. suzukii
A0AB39ZP68	1	U-01	suzukii	D. suzukii
A0AB39ZP69	1	U-01	suzukii	D. suzukii
A0AB39ZP71	1	U-01	suzukii	D. suzukii
A0AB39ZP72	1	U-01	suzukii	D. suzukii
A0AB39ZP77	1	U-01	suzukii	D. suzukii
A0AB39ZP78	1	U-01	suzukii	D. suzukii
A0AB39ZP80	3	U-03	suzukii	D. suzukii
A0AB39ZP85	1	U-01	suzukii	D. suzukii
A0AB39ZP88	1	U-01	suzukii	D. suzukii
A0AB39ZP91	1	U-01	suzukii	D. suzukii
A0AB39ZP93	1	U-01	suzukii	D. suzukii
A0AB39ZP94	3	U-03	suzukii	D. suzukii
A0AB39ZP95	0	unassigned	suzukii	D. suzukii
A0AB39ZP99	1	U-01	suzukii	D. suzukii
A0AB39ZPA0	3	U-03	suzukii	D. suzukii
A0AB39ZPA2	1	U-01	suzukii	D. suzukii
A0AB39ZPA5	1	U-01	suzukii	D. suzukii
A0AB39ZPA6	1	U-01	suzukii	D. suzukii
A0AB39ZPA9	1	U-01	suzukii	D. suzukii
A0AB39ZPB2	0	unassigned	suzukii	D. suzukii
A0AB39ZPB3	3	U-03	suzukii	D. suzukii
A0AB39ZPB6	1	U-01	suzukii	D. suzukii
A0AB39ZPB7	0	unassigned	suzukii	D. suzukii
A0AB39ZPB8	0	unassigned	suzukii	D. suzukii
A0AB39ZPB9	1	U-01	suzukii	D. suzukii
A0AB39ZPC1	1	U-01	suzukii	D. suzukii
A0AB39ZPC3	1	U-01	suzukii	D. suzukii
A0AB39ZPC4	1	U-01	suzukii	D. suzukii
A0AB39ZPC8	2	U-02	suzukii	D. suzukii
A0AB39ZPD0	1	U-01	suzukii	D. suzukii
A0AB39ZPD1	1	U-01	suzukii	D. suzukii
A0AB39ZPD2	1	U-01	suzukii	D. suzukii
A0AB39ZPD4	1	U-01	suzukii	D. suzukii
A0AB39ZPD7	1	U-01	suzukii	D. suzukii
A0AB39ZPD8	1	U-01	suzukii	D. suzukii
A0AB39ZPD9	2	U-02	suzukii	D. suzukii
A0AB39ZPE0	0	unassigned	suzukii	D. suzukii
A0AB39ZPE4	1	U-01	suzukii	D. suzukii
A0AB39ZPE7	2	U-02	suzukii	D. suzukii
A0AB39ZPE8	1	U-01	suzukii	D. suzukii
A0AB39ZPF0	0	unassigned	suzukii	D. suzukii
A0AB39ZPF4	1	U-01	suzukii	D. suzukii
A0AB39ZPF5	1	U-01	suzukii	D. suzukii
A0AB39ZPF6	1	U-01	suzukii	D. suzukii
A0AB39ZPF8	0	unassigned	suzukii	D. suzukii
A0AB39ZPF9	1	U-01	suzukii	D. suzukii
A0AB39ZPG0	1	U-01	suzukii	D. suzukii
A0AB39ZPG1	0	unassigned	suzukii	D. suzukii
A0AB39ZPG3	0	unassigned	suzukii	D. suzukii
A0AB39ZPG5	1	U-01	suzukii	D. suzukii
A0AB39ZPG6	1	U-01	suzukii	D. suzukii
A0AB39ZPG7	0	unassigned	suzukii	D. suzukii
A0AB39ZPG8	1	U-01	suzukii	D. suzukii
A0AB39ZPH1	1	U-01	suzukii	D. suzukii
A0AB39ZPH2	1	U-01	suzukii	D. suzukii
A0AB39ZPH3	1	U-01	suzukii	D. suzukii
A0AB39ZPH6	2	U-02	suzukii	D. suzukii
A0AB40DFA8	1	U-01	suzukii	D. suzukii
A0AB40DFB0	1	U-01	suzukii	D. suzukii
A0AB40DFB5	1	U-01	suzukii	D. suzukii
A0AB40DFC5	1	U-01	suzukii	D. suzukii
A0AB40DFD2	3	U-03	suzukii	D. suzukii
A0AB40DFD3	1	U-01	suzukii	D. suzukii
A0AB40DFD7	1	U-01	suzukii	D. suzukii
A0AB40DFE2	1	U-01	suzukii	D. suzukii
A0AB40DFE6	1	U-01	suzukii	D. suzukii
A0AB40DFE7	1	U-01	suzukii	D. suzukii
A0AB40DFF2	1	U-01	suzukii	D. suzukii
A0AB40DFF6	2	U-02	suzukii	D. suzukii
A0AB40DFG1	1	U-01	suzukii	D. suzukii
A0AB40DFG2	2	U-02	suzukii	D. suzukii
A0AB40DFG3	1	U-01	suzukii	D. suzukii
A0AB40DFG5	0	unassigned	suzukii	D. suzukii
A0AB40DFG6	1	U-01	suzukii	D. suzukii
A0AB40DFH0	1	U-01	suzukii	D. suzukii
A0AB40DFH4	1	U-01	suzukii	D. suzukii
A0AB40DFH5	1	U-01	suzukii	D. suzukii
A0AB40DFH6	1	U-01	suzukii	D. suzukii
A0AB40DFH8	1	U-01	suzukii	D. suzukii
A0AB40DFI0	1	U-01	suzukii	D. suzukii
A0AB40DFI1	1	U-01	suzukii	D. suzukii
A0AB40DFI4	1	U-01	suzukii	D. suzukii
A0AB40DFI6	0	unassigned	suzukii	D. suzukii
A0AB40DFI7	3	U-03	suzukii	D. suzukii
A0AB40DFI8	1	U-01	suzukii	D. suzukii
A0AB40DFI9	2	U-02	suzukii	D. suzukii
A0AB40DFJ3	1	U-01	suzukii	D. suzukii
A0AB40DFJ4	2	U-02	suzukii	D. suzukii
A0AB40DFJ5	1	U-01	suzukii	D. suzukii
A0AB40DFJ9	1	U-01	suzukii	D. suzukii
A0AB40DFK2	3	U-03	suzukii	D. suzukii
A0AB40DFK4	1	U-01	suzukii	D. suzukii
A0AB40DFL4	1	U-01	suzukii	D. suzukii
A0AB40DFL6	1	U-01	suzukii	D. suzukii
A0AB40DFL7	1	U-01	suzukii	D. suzukii
A0AB40DFL9	1	U-01	suzukii	D. suzukii
A0AB40DFM2	1	U-01	suzukii	D. suzukii
A0AB40DFM4	1	U-01	suzukii	D. suzukii
A0AB40DFM7	1	U-01	suzukii	D. suzukii
A0AB40DFN0	1	U-01	suzukii	D. suzukii
A0AB40DFN2	1	U-01	suzukii	D. suzukii
A0AB40DFN8	1	U-01	suzukii	D. suzukii
A0AB40DFN9	0	unassigned	suzukii	D. suzukii
A0AB40DFP0	0	unassigned	suzukii	D. suzukii
A0AB40DFP2	1	U-01	suzukii	D. suzukii
A0AB40DFP3	1	U-01	suzukii	D. suzukii
A0AB40DFP5	1	U-01	suzukii	D. suzukii
A0AB40DFP6	0	unassigned	suzukii	D. suzukii
A0AB40DFQ5	1	U-01	suzukii	D. suzukii
A0AB40DFR3	0	unassigned	suzukii	D. suzukii
A0AB40DFR8	0	unassigned	suzukii	D. suzukii
A0AB40DFS0	0	unassigned	suzukii	D. suzukii
A0AB40DFS6	0	unassigned	suzukii	D. suzukii
A0AB40DFS7	1	U-01	suzukii	D. suzukii
A0AB40DFS8	1	U-01	suzukii	D. suzukii
A0AB40DFT0	1	U-01	suzukii	D. suzukii
A0AB40DFT1	1	U-01	suzukii	D. suzukii
A0AB40DFT2	1	U-01	suzukii	D. suzukii
A0AB40DFT3	0	unassigned	suzukii	D. suzukii
A0AB40DFT5	0	unassigned	suzukii	D. suzukii
A0AB40DFT8	1	U-01	suzukii	D. suzukii
A0AB40DFT9	0	unassigned	suzukii	D. suzukii
A0AB40DFU5	1	U-01	suzukii	D. suzukii
A0AB40DFU7	1	U-01	suzukii	D. suzukii
A0AB40DFV4	0	unassigned	suzukii	D. suzukii
A0AB40DFV9	1	U-01	suzukii	D. suzukii
A0AB40DFW1	1	U-01	suzukii	D. suzukii
A0AB40DFW8	0	unassigned	suzukii	D. suzukii
A0AB40DFW9	0	unassigned	suzukii	D. suzukii
A0AB40DFX2	2	U-02	suzukii	D. suzukii
A0AB40DFX3	1	U-01	suzukii	D. suzukii
A0AB40DFX6	1	U-01	suzukii	D. suzukii
A0AB40DFX7	1	U-01	suzukii	D. suzukii
A0AB40DFY1	1	U-01	suzukii	D. suzukii
A0AB40DFY5	0	unassigned	suzukii	D. suzukii
A0AB40DFY7	2	U-02	suzukii	D. suzukii
A0AB40DFY9	1	U-01	suzukii	D. suzukii
A0AB40DFZ5	1	U-01	suzukii	D. suzukii
A0AB40DG01	1	U-01	suzukii	D. suzukii
A0AB40DG02	0	unassigned	suzukii	D. suzukii
A0AB40DG04	1	U-01	suzukii	D. suzukii
A0AB40DG07	1	U-01	suzukii	D. suzukii
A0AB40DG10	1	U-01	suzukii	D. suzukii
A0AB40DG15	2	U-02	suzukii	D. suzukii
A0AB40DG16	1	U-01	suzukii	D. suzukii
A0AB40DG18	0	unassigned	suzukii	D. suzukii
A0AB40DG19	0	unassigned	suzukii	D. suzukii
A0AB40DG21	0	unassigned	suzukii	D. suzukii
A0ABM4TLM7	1	U-01	suzukii	D. suzukii
A0ABM4TLM8	2	U-02	suzukii	D. suzukii
A0ABM4TLM9	2	U-02	suzukii	D. suzukii
A0ABM4TLN0	1	U-01	suzukii	D. suzukii
A0ABM4TLN2	1	U-01	suzukii	D. suzukii
A0ABM4TLN3	1	U-01	suzukii	D. suzukii
A0ABM4TLN4	1	U-01	suzukii	D. suzukii
A0ABM4TLN5	1	U-01	suzukii	D. suzukii
A0ABM4TLN6	1	U-01	suzukii	D. suzukii
A0AB39ZT64	1	U-01	suzukii	D. suzukii
A0AB39ZT65	1	U-01	suzukii	D. suzukii
A0AB39ZT66	1	U-01	suzukii	D. suzukii
A0AB39ZT70	1	U-01	suzukii	D. suzukii
A0AB39ZT72	1	U-01	suzukii	D. suzukii
A0AB39ZT80	3	U-03	suzukii	D. suzukii
A0AB39ZT81	1	U-01	suzukii	D. suzukii
A0AB39ZT84	1	U-01	suzukii	D. suzukii
A0AB39ZT86	1	U-01	suzukii	D. suzukii
A0AB39ZT88	0	unassigned	suzukii	D. suzukii
A0AB39ZT89	2	U-02	suzukii	D. suzukii
A0AB39ZT95	1	U-01	suzukii	D. suzukii
A0AB39ZTA3	1	U-01	suzukii	D. suzukii
A0AB39ZTA4	3	U-03	suzukii	D. suzukii
A0AB39ZTA6	2	U-02	suzukii	D. suzukii
A0AB39ZTA7	1	U-01	suzukii	D. suzukii
A0AB39ZTA8	1	U-01	suzukii	D. suzukii
A0AB39ZTB0	1	U-01	suzukii	D. suzukii
A0AB39ZTB1	1	U-01	suzukii	D. suzukii
A0AB39ZTB2	0	unassigned	suzukii	D. suzukii
A0AB39ZTB4	1	U-01	suzukii	D. suzukii
A0AB39ZTB5	1	U-01	suzukii	D. suzukii
A0AB39ZTB8	1	U-01	suzukii	D. suzukii
A0AB39ZTC2	1	U-01	suzukii	D. suzukii
A0AB39ZTD2	3	U-03	suzukii	D. suzukii
A0AB39ZTD3	1	U-01	suzukii	D. suzukii
A0AB39ZTD7	1	U-01	suzukii	D. suzukii
A0AB39ZTD8	1	U-01	suzukii	D. suzukii
A0AB39ZTD9	0	unassigned	suzukii	D. suzukii
A0AB39ZTE1	2	U-02	suzukii	D. suzukii
A0AB39ZTE2	0	unassigned	suzukii	D. suzukii
A0AB39ZTE5	1	U-01	suzukii	D. suzukii
A0AB39ZTE7	1	U-01	suzukii	D. suzukii
A0AB39ZTE8	0	unassigned	suzukii	D. suzukii
A0AB39ZTE9	1	U-01	suzukii	D. suzukii
A0AB39ZTF1	1	U-01	suzukii	D. suzukii
A0AB39ZTF3	1	U-01	suzukii	D. suzukii
A0AB39ZTF4	1	U-01	suzukii	D. suzukii
A0AB39ZTG6	0	unassigned	suzukii	D. suzukii
A0AB39ZTG9	1	U-01	suzukii	D. suzukii
A0AB39ZTH1	1	U-01	suzukii	D. suzukii
A0AB39ZTH7	2	U-02	suzukii	D. suzukii
A0AB39ZTI2	2	U-02	suzukii	D. suzukii
A0AB39ZTI9	2	U-02	suzukii	D. suzukii
A0AB39ZTJ1	0	unassigned	suzukii	D. suzukii
A0AB39ZTJ3	1	U-01	suzukii	D. suzukii
A0AB39ZTJ4	1	U-01	suzukii	D. suzukii
A0AB39ZTJ6	0	unassigned	suzukii	D. suzukii
A0AB39ZTJ8	3	U-03	suzukii	D. suzukii
A0AB39ZTK2	0	unassigned	suzukii	D. suzukii
A0AB39ZTK4	0	unassigned	suzukii	D. suzukii
A0AB39ZTK8	1	U-01	suzukii	D. suzukii
A0AB39ZTK9	2	U-02	suzukii	D. suzukii
A0AB39ZTL0	0	unassigned	suzukii	D. suzukii
A0AB39ZTL3	0	unassigned	suzukii	D. suzukii
A0AB39ZTL6	1	U-01	suzukii	D. suzukii
A0AB39ZTL7	0	unassigned	suzukii	D. suzukii
A0AB39ZTL9	1	U-01	suzukii	D. suzukii
A0AB39ZTM1	0	unassigned	suzukii	D. suzukii
A0AB39ZTM2	0	unassigned	suzukii	D. suzukii
A0AB39ZTM3	1	U-01	suzukii	D. suzukii
A0AB39ZTM4	1	U-01	suzukii	D. suzukii
A0AB39ZTM6	2	U-02	suzukii	D. suzukii
A0AB39ZTM7	0	unassigned	suzukii	D. suzukii
A0AB40A228	1	U-01	suzukii	D. suzukii
A0AB40A231	0	unassigned	suzukii	D. suzukii
A0AB40A232	0	unassigned	suzukii	D. suzukii
A0AB40A242	1	U-01	suzukii	D. suzukii
A0AB40A243	0	unassigned	suzukii	D. suzukii
A0AB40A245	2	U-02	suzukii	D. suzukii
A0AB40A247	1	U-01	suzukii	D. suzukii
A0AB40A252	0	unassigned	suzukii	D. suzukii
A0AB40A255	1	U-01	suzukii	D. suzukii
A0AB40A258	1	U-01	suzukii	D. suzukii
A0AB40A261	0	unassigned	suzukii	D. suzukii
A0AB40A262	0	unassigned	suzukii	D. suzukii
A0AB40A269	1	U-01	suzukii	D. suzukii
A0AB40A278	1	U-01	suzukii	D. suzukii
A0AB40A281	1	U-01	suzukii	D. suzukii
A0AB40A282	1	U-01	suzukii	D. suzukii
A0AB40A284	2	U-02	suzukii	D. suzukii
A0AB40A285	1	U-01	suzukii	D. suzukii
A0AB40A286	1	U-01	suzukii	D. suzukii
A0AB40A290	1	U-01	suzukii	D. suzukii
A0AB40A299	0	unassigned	suzukii	D. suzukii
A0AB40A2A0	1	U-01	suzukii	D. suzukii
A0AB40A2B1	1	U-01	suzukii	D. suzukii
A0AB40A2B2	1	U-01	suzukii	D. suzukii
A0AB40A2B3	3	U-03	suzukii	D. suzukii
A0AB40A2B6	1	U-01	suzukii	D. suzukii
A0AB40A2C1	1	U-01	suzukii	D. suzukii
A0AB40A2C8	0	unassigned	suzukii	D. suzukii
A0AB40A2D3	1	U-01	suzukii	D. suzukii
A0AB40A2D4	1	U-01	suzukii	D. suzukii
A0AB40A2D5	1	U-01	suzukii	D. suzukii
A0AB40A2D6	2	U-02	suzukii	D. suzukii
A0AB40A2D8	1	U-01	suzukii	D. suzukii
A0AB40A2D9	2	U-02	suzukii	D. suzukii
A0AB40A2E2	1	U-01	suzukii	D. suzukii
A0AB40A2E4	1	U-01	suzukii	D. suzukii
A0AB39ZAJ4	1	U-01	suzukii	D. suzukii
A0AB39ZAJ5	0	unassigned	suzukii	D. suzukii
A0AB39ZAJ6	1	U-01	suzukii	D. suzukii
A0AB39ZAJ7	1	U-01	suzukii	D. suzukii
A0AB39ZAK4	1	U-01	suzukii	D. suzukii
A0AB39ZAK5	1	U-01	suzukii	D. suzukii
A0AB39ZAK9	1	U-01	suzukii	D. suzukii
A0AB39ZAL0	1	U-01	suzukii	D. suzukii
A0AB39ZAL2	1	U-01	suzukii	D. suzukii
A0AB39ZAL4	1	U-01	suzukii	D. suzukii
A0AB39ZAM3	1	U-01	suzukii	D. suzukii
A0AB39ZAM4	1	U-01	suzukii	D. suzukii
A0AB39ZAM5	1	U-01	suzukii	D. suzukii
A0AB39ZAM7	1	U-01	suzukii	D. suzukii
A0AB39ZAN0	1	U-01	suzukii	D. suzukii
A0AB39ZAN1	2	U-02	suzukii	D. suzukii
A0AB39ZAN4	1	U-01	suzukii	D. suzukii
A0AB39ZAN5	1	U-01	suzukii	D. suzukii
A0AB39ZAN7	1	U-01	suzukii	D. suzukii
A0AB39ZAN8	3	U-03	suzukii	D. suzukii
A0AB39ZAN9	1	U-01	suzukii	D. suzukii
A0AB39ZAP0	1	U-01	suzukii	D. suzukii
A0AB39ZAP1	1	U-01	suzukii	D. suzukii
A0AB39ZAP3	1	U-01	suzukii	D. suzukii
A0AB39ZAP4	1	U-01	suzukii	D. suzukii
A0AB39ZAP6	1	U-01	suzukii	D. suzukii
A0AB39ZAP8	1	U-01	suzukii	D. suzukii
A0AB39ZAP9	1	U-01	suzukii	D. suzukii
A0AB39ZAQ0	1	U-01	suzukii	D. suzukii
A0AB39ZAQ1	1	U-01	suzukii	D. suzukii
A0AB39ZAQ2	3	U-03	suzukii	D. suzukii
A0AB39ZAQ4	0	unassigned	suzukii	D. suzukii
A0AB39ZAQ5	1	U-01	suzukii	D. suzukii
A0AB39ZAQ6	1	U-01	suzukii	D. suzukii
A0AB39ZAQ7	1	U-01	suzukii	D. suzukii
A0AB39ZAR0	1	U-01	suzukii	D. suzukii
A0AB39ZAR1	1	U-01	suzukii	D. suzukii
A0AB39ZAR3	1	U-01	suzukii	D. suzukii
A0AB39ZAR7	1	U-01	suzukii	D. suzukii
A0AB39ZAS0	1	U-01	suzukii	D. suzukii
A0AB39ZAS3	0	unassigned	suzukii	D. suzukii
A0AB39ZAS4	0	unassigned	suzukii	D. suzukii
A0AB39ZAS6	0	unassigned	suzukii	D. suzukii
A0AB39ZAS7	1	U-01	suzukii	D. suzukii
A0AB39ZAS8	1	U-01	suzukii	D. suzukii
A0AB39ZAS9	1	U-01	suzukii	D. suzukii
A0AB39ZAT2	1	U-01	suzukii	D. suzukii
A0AB39ZAT3	1	U-01	suzukii	D. suzukii
A0AB39ZH33	0	unassigned	suzukii	D. suzukii
A0AB39ZH34	1	U-01	suzukii	D. suzukii
A0AB39ZH38	2	U-02	suzukii	D. suzukii
A0AB39ZH42	1	U-01	suzukii	D. suzukii
A0AB39ZH45	0	unassigned	suzukii	D. suzukii
A0AB39ZH47	1	U-01	suzukii	D. suzukii
A0AB39ZH48	2	U-02	suzukii	D. suzukii
A0AB39ZH51	0	unassigned	suzukii	D. suzukii
A0AB39ZH52	2	U-02	suzukii	D. suzukii
A0AB39ZH53	0	unassigned	suzukii	D. suzukii
A0AB39ZH54	0	unassigned	suzukii	D. suzukii
A0AB39ZH57	1	U-01	suzukii	D. suzukii
A0AB39ZH59	2	U-02	suzukii	D. suzukii
A0AB39ZH60	0	unassigned	suzukii	D. suzukii
A0AB39ZH61	1	U-01	suzukii	D. suzukii
A0AB39ZH62	1	U-01	suzukii	D. suzukii
A0AB39ZH64	2	U-02	suzukii	D. suzukii
A0AB39ZH66	1	U-01	suzukii	D. suzukii
A0AB39ZH68	1	U-01	suzukii	D. suzukii
A0AB39ZH69	0	unassigned	suzukii	D. suzukii
A0AB39ZH71	1	U-01	suzukii	D. suzukii
A0AB39ZH73	1	U-01	suzukii	D. suzukii
A0AB39ZH74	1	U-01	suzukii	D. suzukii
A0AB39ZH75	1	U-01	suzukii	D. suzukii
A0AB39ZH76	0	unassigned	suzukii	D. suzukii
A0AB39ZH77	1	U-01	suzukii	D. suzukii
A0AB39ZH78	2	U-02	suzukii	D. suzukii
A0AB39ZH79	1	U-01	suzukii	D. suzukii
A0AB39ZH80	1	U-01	suzukii	D. suzukii
A0AB39ZH82	1	U-01	suzukii	D. suzukii
A0AB39ZH83	1	U-01	suzukii	D. suzukii
A0AB39ZH85	1	U-01	suzukii	D. suzukii
A0AB39ZH89	0	unassigned	suzukii	D. suzukii
A0AB39ZH92	0	unassigned	suzukii	D. suzukii
A0AB39ZH94	1	U-01	suzukii	D. suzukii
A0AB39ZH97	1	U-01	suzukii	D. suzukii
A0AB39ZHA2	1	U-01	suzukii	D. suzukii
A0AB39ZHA4	3	U-03	suzukii	D. suzukii
A0AB39ZHA6	1	U-01	suzukii	D. suzukii
A0AB39ZHA8	1	U-01	suzukii	D. suzukii
A0AB39ZHA9	1	U-01	suzukii	D. suzukii
A0AB39ZHB0	1	U-01	suzukii	D. suzukii
A0AB39ZHB2	3	U-03	suzukii	D. suzukii
A0AB39ZHB3	1	U-01	suzukii	D. suzukii
A0AB39ZHB4	1	U-01	suzukii	D. suzukii
A0AB39ZHB5	1	U-01	suzukii	D. suzukii
A0AB39ZHB6	1	U-01	suzukii	D. suzukii
A0AB39ZHB7	0	unassigned	suzukii	D. suzukii
A0AB39ZHB8	1	U-01	suzukii	D. suzukii
A0AB39ZHC0	1	U-01	suzukii	D. suzukii
A0AB39ZHC2	1	U-01	suzukii	D. suzukii
A0AB39ZHC5	0	unassigned	suzukii	D. suzukii
A0AB40AFM4	1	U-01	suzukii	D. suzukii
A0AB40AFM5	1	U-01	suzukii	D. suzukii
A0AB40AFM8	0	unassigned	suzukii	D. suzukii
A0AB40AFM9	2	U-02	suzukii	D. suzukii
A0AB40AFN0	0	unassigned	suzukii	D. suzukii
A0AB40AFN1	1	U-01	suzukii	D. suzukii
A0AB40AFN3	1	U-01	suzukii	D. suzukii
A0AB40AFN8	1	U-01	suzukii	D. suzukii
A0AB40AFN9	0	unassigned	suzukii	D. suzukii
A0AB40AFP5	1	U-01	suzukii	D. suzukii
A0AB40AFP6	1	U-01	suzukii	D. suzukii
A0AB40AFP7	1	U-01	suzukii	D. suzukii
A0AB40AFQ5	1	U-01	suzukii	D. suzukii
A0AB40AFR8	2	U-02	suzukii	D. suzukii
A0AB40AFS7	1	U-01	suzukii	D. suzukii
A0AB40AFT1	0	unassigned	suzukii	D. suzukii
A0AB40AFU2	1	U-01	suzukii	D. suzukii
A0AB40AFX1	1	U-01	suzukii	D. suzukii
A0AB40AG95	2	U-02	suzukii	D. suzukii
A0AB40AGF4	1	U-01	suzukii	D. suzukii
A0AB40AGS4	2	U-02	suzukii	D. suzukii
A0AB40AH57	1	U-01	suzukii	D. suzukii
A0AB40D3E5	1	U-01	suzukii	D. suzukii
A0AB40D3J2	1	U-01	suzukii	D. suzukii
A0AB40D3J8	0	unassigned	suzukii	D. suzukii
A0AB40D3L9	1	U-01	suzukii	D. suzukii
A0AB40D3N0	1	U-01	suzukii	D. suzukii
A0AB40DG32	1	U-01	suzukii	D. suzukii
A0AB40DG37	3	U-03	suzukii	D. suzukii
A0AB40DG38	1	U-01	suzukii	D. suzukii
A0AB40DG39	0	unassigned	suzukii	D. suzukii
A0AB40DG44	1	U-01	suzukii	D. suzukii
A0AB40DG52	1	U-01	suzukii	D. suzukii
A0AB40DG54	0	unassigned	suzukii	D. suzukii
A0AB40DG55	1	U-01	suzukii	D. suzukii
A0AB40DG56	0	unassigned	suzukii	D. suzukii
A0AB40DG57	1	U-01	suzukii	D. suzukii
A0AB40DG58	1	U-01	suzukii	D. suzukii
A0AB40DG61	1	U-01	suzukii	D. suzukii
A0AB40DG62	2	U-02	suzukii	D. suzukii
A0AB40DG63	3	U-03	suzukii	D. suzukii
A0AB40DG64	0	unassigned	suzukii	D. suzukii
A0AB40DG66	1	U-01	suzukii	D. suzukii
A0AB40DG72	1	U-01	suzukii	D. suzukii
A0AB40DG73	1	U-01	suzukii	D. suzukii
A0AB40DG75	0	unassigned	suzukii	D. suzukii
A0AB40DG76	1	U-01	suzukii	D. suzukii
A0AB40DG80	1	U-01	suzukii	D. suzukii
A0AB40DG83	1	U-01	suzukii	D. suzukii
A0AB40DG86	1	U-01	suzukii	D. suzukii
A0AB40DG90	0	unassigned	suzukii	D. suzukii
A0AB40DG92	1	U-01	suzukii	D. suzukii
A0AB40DG93	0	unassigned	suzukii	D. suzukii
A0AB40DG96	1	U-01	suzukii	D. suzukii
A0AB40DGA0	1	U-01	suzukii	D. suzukii
A0AB40DGA2	1	U-01	suzukii	D. suzukii
A0AB40DGA8	1	U-01	suzukii	D. suzukii
A0AB40DGB0	1	U-01	suzukii	D. suzukii
A0AB40DGB4	0	unassigned	suzukii	D. suzukii
A0AB40DGC0	1	U-01	suzukii	D. suzukii
A0AB40DGC1	1	U-01	suzukii	D. suzukii
A0AB40DGC3	1	U-01	suzukii	D. suzukii
A0AB40DGC5	1	U-01	suzukii	D. suzukii
A0AB40DGD1	1	U-01	suzukii	D. suzukii
A0AB40DGE1	0	unassigned	suzukii	D. suzukii
A0AB40DGE3	1	U-01	suzukii	D. suzukii
A0AB40DGE4	0	unassigned	suzukii	D. suzukii
A0AB40DGE7	1	U-01	suzukii	D. suzukii
A0AB40DGE8	1	U-01	suzukii	D. suzukii
A0AB40DGF7	0	unassigned	suzukii	D. suzukii
A0AB40DGF8	1	U-01	suzukii	D. suzukii
A0AB40DGG2	1	U-01	suzukii	D. suzukii
A0AB40DGG6	1	U-01	suzukii	D. suzukii
A0AB40DGG8	1	U-01	suzukii	D. suzukii
A0AB40DGG9	1	U-01	suzukii	D. suzukii
A0AB40DGH3	1	U-01	suzukii	D. suzukii
A0AB40DGH6	0	unassigned	suzukii	D. suzukii
A0AB40DGH7	1	U-01	suzukii	D. suzukii
A0AB40DGI1	1	U-01	suzukii	D. suzukii
A0AB40DGI3	2	U-02	suzukii	D. suzukii
A0AB40DGI5	1	U-01	suzukii	D. suzukii
A0AB40DGI9	1	U-01	suzukii	D. suzukii
A0AB40DGJ0	1	U-01	suzukii	D. suzukii
A0AB40DGJ1	3	U-03	suzukii	D. suzukii
A0AB40DGJ2	1	U-01	suzukii	D. suzukii
A0AB40DGJ6	1	U-01	suzukii	D. suzukii
A0AB40DGJ7	1	U-01	suzukii	D. suzukii
A0AB40DGJ8	1	U-01	suzukii	D. suzukii
A0AB40DGK3	1	U-01	suzukii	D. suzukii
A0AB40DGL6	1	U-01	suzukii	D. suzukii
A0AB40DGM2	1	U-01	suzukii	D. suzukii
A0AB40DGM5	2	U-02	suzukii	D. suzukii
A0AB40DGN3	1	U-01	suzukii	D. suzukii
A0AB40DGN7	1	U-01	suzukii	D. suzukii
A0AB40DGP1	1	U-01	suzukii	D. suzukii
A0AB40DGP5	1	U-01	suzukii	D. suzukii
A0AB40DGP8	1	U-01	suzukii	D. suzukii
A0AB40DGP9	2	U-02	suzukii	D. suzukii
A0AB40DGQ3	2	U-02	suzukii	D. suzukii
A0AB40DGQ5	1	U-01	suzukii	D. suzukii
A0AB39Z8I5	1	U-01	suzukii	D. suzukii
A0AB39Z8J5	2	U-02	suzukii	D. suzukii
A0AB39Z8J7	1	U-01	suzukii	D. suzukii
A0AB39Z8J8	1	U-01	suzukii	D. suzukii
A0AB39Z8K3	1	U-01	suzukii	D. suzukii
A0AB39Z8L8	1	U-01	suzukii	D. suzukii
A0AB39Z8L9	3	U-03	suzukii	D. suzukii
A0AB39Z8M4	1	U-01	suzukii	D. suzukii
A0AB39Z8M5	0	unassigned	suzukii	D. suzukii
A0AB39Z8M7	0	unassigned	suzukii	D. suzukii
A0AB39Z8N0	1	U-01	suzukii	D. suzukii
A0AB39Z8N1	1	U-01	suzukii	D. suzukii
A0AB39Z8N6	0	unassigned	suzukii	D. suzukii
A0AB39Z8N7	1	U-01	suzukii	D. suzukii
A0AB39ZGB0	2	U-02	suzukii	D. suzukii
A0AB39ZGB5	2	U-02	suzukii	D. suzukii
A0AB39ZGB8	1	U-01	suzukii	D. suzukii
A0AB39ZGC5	1	U-01	suzukii	D. suzukii
A0AB39ZGC6	1	U-01	suzukii	D. suzukii
A0AB39ZGC8	1	U-01	suzukii	D. suzukii
A0AB39ZGD4	1	U-01	suzukii	D. suzukii
A0AB39ZGD5	1	U-01	suzukii	D. suzukii
A0AB39ZGD6	1	U-01	suzukii	D. suzukii
A0AB39ZGD9	1	U-01	suzukii	D. suzukii
A0AB39ZGE1	1	U-01	suzukii	D. suzukii
A0AB39ZGE4	1	U-01	suzukii	D. suzukii
A0AB39ZGF5	1	U-01	suzukii	D. suzukii
A0AB39ZGF8	2	U-02	suzukii	D. suzukii
A0AB39ZGF9	0	unassigned	suzukii	D. suzukii
A0AB39ZGG5	1	U-01	suzukii	D. suzukii
A0AB39ZGG8	3	U-03	suzukii	D. suzukii
A0AB39ZGH0	3	U-03	suzukii	D. suzukii
A0AB39ZGH2	1	U-01	suzukii	D. suzukii
A0AB39ZGH5	1	U-01	suzukii	D. suzukii
A0AB39ZGH9	1	U-01	suzukii	D. suzukii
A0AB39ZGI0	1	U-01	suzukii	D. suzukii
A0AB39ZGI4	1	U-01	suzukii	D. suzukii
A0AB39ZGI6	1	U-01	suzukii	D. suzukii
A0AB39ZGI7	0	unassigned	suzukii	D. suzukii
A0AB39ZGI9	0	unassigned	suzukii	D. suzukii
A0AB39ZGJ0	2	U-02	suzukii	D. suzukii
A0AB39ZGK3	1	U-01	suzukii	D. suzukii
A0AB39ZGK4	1	U-01	suzukii	D. suzukii
A0AB39ZGK6	1	U-01	suzukii	D. suzukii
A0AB39ZGK8	1	U-01	suzukii	D. suzukii
A0AB39ZGL2	1	U-01	suzukii	D. suzukii
A0AB39ZGL4	1	U-01	suzukii	D. suzukii
A0AB39ZGM0	3	U-03	suzukii	D. suzukii
A0AB39ZGM1	1	U-01	suzukii	D. suzukii
A0AB39ZGM7	1	U-01	suzukii	D. suzukii
A0AB39ZGN0	3	U-03	suzukii	D. suzukii
A0AB39ZGN2	2	U-02	suzukii	D. suzukii
A0AB39ZGN3	0	unassigned	suzukii	D. suzukii
A0AB39ZGP0	3	U-03	suzukii	D. suzukii
A0AB39ZGP3	1	U-01	suzukii	D. suzukii
A0AB39ZGP6	1	U-01	suzukii	D. suzukii
A0AB39ZGP7	1	U-01	suzukii	D. suzukii
A0AB39ZGP9	1	U-01	suzukii	D. suzukii
A0AB39ZGQ1	1	U-01	suzukii	D. suzukii
A0AB39ZGQ6	1	U-01	suzukii	D. suzukii
A0AB39ZGQ7	1	U-01	suzukii	D. suzukii
A0AB39ZGQ9	1	U-01	suzukii	D. suzukii
A0AB39ZGR1	1	U-01	suzukii	D. suzukii
A0AB39ZGR3	1	U-01	suzukii	D. suzukii
A0AB39ZGR4	1	U-01	suzukii	D. suzukii
A0AB39ZGR5	2	U-02	suzukii	D. suzukii
A0AB39ZGR7	1	U-01	suzukii	D. suzukii
A0AB39ZGS1	1	U-01	suzukii	D. suzukii
A0AB39ZGS3	1	U-01	suzukii	D. suzukii
A0AB39ZGS4	2	U-02	suzukii	D. suzukii
A0AB39ZGS9	1	U-01	suzukii	D. suzukii
A0AB39ZGT2	1	U-01	suzukii	D. suzukii
A0AB39ZGT4	1	U-01	suzukii	D. suzukii
A0AB39ZGT6	2	U-02	suzukii	D. suzukii
A0AB39ZGT8	2	U-02	suzukii	D. suzukii
A0AB39ZGT9	2	U-02	suzukii	D. suzukii
A0AB39ZGU5	1	U-01	suzukii	D. suzukii
A0AB39ZGV1	1	U-01	suzukii	D. suzukii
A0AB39ZGV3	2	U-02	suzukii	D. suzukii
A0AB39ZGV5	1	U-01	suzukii	D. suzukii
A0AB39ZGV6	1	U-01	suzukii	D. suzukii
A0AB39ZGV7	2	U-02	suzukii	D. suzukii
A0AB39ZGV9	1	U-01	suzukii	D. suzukii
A0AB39ZGW1	1	U-01	suzukii	D. suzukii
A0AB39ZGX3	1	U-01	suzukii	D. suzukii
A0AB39ZGX7	1	U-01	suzukii	D. suzukii
A0AB39ZGX9	2	U-02	suzukii	D. suzukii
A0AB39ZGY0	1	U-01	suzukii	D. suzukii
A0AB39ZGY1	1	U-01	suzukii	D. suzukii
A0AB39ZGY2	2	U-02	suzukii	D. suzukii
A0AB39ZGY6	1	U-01	suzukii	D. suzukii
A0AB39ZGY8	0	unassigned	suzukii	D. suzukii
A0AB39ZGZ5	1	U-01	suzukii	D. suzukii
A0AB39ZH00	1	U-01	suzukii	D. suzukii
A0AB39ZH02	1	U-01	suzukii	D. suzukii
A0AB39ZH07	1	U-01	suzukii	D. suzukii
A0AB39ZH08	1	U-01	suzukii	D. suzukii
A0AB39ZH11	0	unassigned	suzukii	D. suzukii
A0AB39ZH13	3	U-03	suzukii	D. suzukii
A0AB39ZH14	1	U-01	suzukii	D. suzukii
A0ABM4TMW2	0	unassigned	suzukii	D. suzukii
A0ABM4TMW4	1	U-01	suzukii	D. suzukii
A0ABM4TMX6	0	unassigned	suzukii	D. suzukii
A0ABM4TMY1	0	unassigned	suzukii	D. suzukii
A0ABM4TMY3	0	unassigned	suzukii	D. suzukii
A0ABM4TMY4	1	U-01	suzukii	D. suzukii
A0ABM4TMY5	0	unassigned	suzukii	D. suzukii
A0ABM4TMY6	0	unassigned	suzukii	D. suzukii
A0ABM4TMY9	0	unassigned	suzukii	D. suzukii
A0ABM4TMZ2	0	unassigned	suzukii	D. suzukii
A0ABM4TMZ4	1	U-01	suzukii	D. suzukii
A0ABM4TMZ5	0	unassigned	suzukii	D. suzukii
A0ABM4TMZ6	0	unassigned	suzukii	D. suzukii
A0ABM4TMZ7	0	unassigned	suzukii	D. suzukii
A0ABM4TMZ8	0	unassigned	suzukii	D. suzukii
A0ABM4TMZ9	0	unassigned	suzukii	D. suzukii
A0ABM4TN00	0	unassigned	suzukii	D. suzukii
A0ABM4TN03	1	U-01	suzukii	D. suzukii
A0ABM4TN04	2	U-02	suzukii	D. suzukii
A0ABM4TN06	2	U-02	suzukii	D. suzukii
A0ABM4TN07	2	U-02	suzukii	D. suzukii
A0ABM4TN11	2	U-02	suzukii	D. suzukii
A0ABM4TN15	2	U-02	suzukii	D. suzukii
A0ABM4TN16	1	U-01	suzukii	D. suzukii
A0ABM4TN18	1	U-01	suzukii	D. suzukii
A0ABM4TN20	3	U-03	suzukii	D. suzukii
A0ABM4TN26	0	unassigned	suzukii	D. suzukii
A0ABM4TN29	0	unassigned	suzukii	D. suzukii
A0ABM4TN32	2	U-02	suzukii	D. suzukii
A0ABM4TN36	1	U-01	suzukii	D. suzukii
A0ABM4TN40	0	unassigned	suzukii	D. suzukii
A0ABM4TN46	1	U-01	suzukii	D. suzukii
A0ABM4TN47	1	U-01	suzukii	D. suzukii
A0ABM4TN55	1	U-01	suzukii	D. suzukii
A0ABM4TN62	1	U-01	suzukii	D. suzukii
A0ABM4TN69	1	U-01	suzukii	D. suzukii
A0ABM4TN72	1	U-01	suzukii	D. suzukii
A0ABM4TN82	0	unassigned	suzukii	D. suzukii
A0ABM4TN87	0	unassigned	suzukii	D. suzukii
A0ABM4TN98	0	unassigned	suzukii	D. suzukii
A0ABM4TNA6	0	unassigned	suzukii	D. suzukii
A0ABM4TNB0	0	unassigned	suzukii	D. suzukii
A0ABM4TNB8	0	unassigned	suzukii	D. suzukii
A0ABM4TNC3	0	unassigned	suzukii	D. suzukii
A0ABM4TNC6	0	unassigned	suzukii	D. suzukii
A0ABM4TND4	0	unassigned	suzukii	D. suzukii
A0ABM4TND6	0	unassigned	suzukii	D. suzukii
A0ABM4TND8	0	unassigned	suzukii	D. suzukii
A0ABM4TND9	1	U-01	suzukii	D. suzukii
A0ABM4TNE2	1	U-01	suzukii	D. suzukii
A0ABM4TNE4	0	unassigned	suzukii	D. suzukii
A0ABM4TNE6	0	unassigned	suzukii	D. suzukii
A0ABM4TNE7	0	unassigned	suzukii	D. suzukii
A0ABM4TNF5	0	unassigned	suzukii	D. suzukii
A0ABM4TNF8	0	unassigned	suzukii	D. suzukii
A0ABM4TNG2	0	unassigned	suzukii	D. suzukii
A0ABM4TNH1	1	U-01	suzukii	D. suzukii
A0ABM4TNI1	0	unassigned	suzukii	D. suzukii
A0ABM4TNI3	0	unassigned	suzukii	D. suzukii
A0ABM4TNJ2	0	unassigned	suzukii	D. suzukii
A0ABM4TNJ3	0	unassigned	suzukii	D. suzukii
A0ABM4TNK5	0	unassigned	suzukii	D. suzukii
A0ABM4TNL0	0	unassigned	suzukii	D. suzukii
A0ABM4TNL9	2	U-02	suzukii	D. suzukii
A0ABM4TNM3	1	U-01	suzukii	D. suzukii
A0ABM4TNM7	0	unassigned	suzukii	D. suzukii
A0ABM4TNN2	0	unassigned	suzukii	D. suzukii
A0ABM4TNQ6	1	U-01	suzukii	D. suzukii
A0ABM4TNQ9	0	unassigned	suzukii	D. suzukii
A0ABM4TNS0	1	U-01	suzukii	D. suzukii
A0ABM4TNS3	1	U-01	suzukii	D. suzukii
A0ABM4TNS9	2	U-02	suzukii	D. suzukii
A0ABM4TNT0	1	U-01	suzukii	D. suzukii
A0ABM4TNT3	2	U-02	suzukii	D. suzukii
A0ABM4TNT4	0	unassigned	suzukii	D. suzukii
A0ABM4TNT7	0	unassigned	suzukii	D. suzukii
A0ABM4TNT8	2	U-02	suzukii	D. suzukii
A0ABM4TNT9	2	U-02	suzukii	D. suzukii
A0ABM4TNV2	1	U-01	suzukii	D. suzukii
A0ABM4TNW2	0	unassigned	suzukii	D. suzukii
A0ABM4TNX0	0	unassigned	suzukii	D. suzukii
A0ABM4TNX4	3	U-03	suzukii	D. suzukii
A0ABM4TNY1	1	U-01	suzukii	D. suzukii
A0ABM4TNY2	1	U-01	suzukii	D. suzukii
A0ABM4TNY3	1	U-01	suzukii	D. suzukii
A0ABM4TP03	1	U-01	suzukii	D. suzukii
A0ABM4TP08	1	U-01	suzukii	D. suzukii
A0ABM4TZS8	1	U-01	suzukii	D. suzukii
A0ABM4TZU3	0	unassigned	suzukii	D. suzukii
A0ABM4TZV1	0	unassigned	suzukii	D. suzukii
A0ABM4TZV5	1	U-01	suzukii	D. suzukii
A0ABM4TZW0	0	unassigned	suzukii	D. suzukii
A0ABM4TZW2	1	U-01	suzukii	D. suzukii
A0ABM4TZW6	1	U-01	suzukii	D. suzukii
A0ABM4TZW8	1	U-01	suzukii	D. suzukii
A0ABM4TZX4	1	U-01	suzukii	D. suzukii
A0ABM4TZY0	1	U-01	suzukii	D. suzukii
A0ABM4TZY2	3	U-03	suzukii	D. suzukii
A0ABM4TZY3	1	U-01	suzukii	D. suzukii
A0ABM4TZY6	1	U-01	suzukii	D. suzukii
A0AB39ZIX3	2	U-02	suzukii	D. suzukii
A0AB39ZIX5	0	unassigned	suzukii	D. suzukii
A0AB39ZIX9	1	U-01	suzukii	D. suzukii
A0AB39ZIY0	1	U-01	suzukii	D. suzukii
A0AB39ZIY2	1	U-01	suzukii	D. suzukii
A0AB39ZIY3	2	U-02	suzukii	D. suzukii
A0AB39ZIY7	1	U-01	suzukii	D. suzukii
A0AB39ZIY9	1	U-01	suzukii	D. suzukii
A0AB39ZIZ1	1	U-01	suzukii	D. suzukii
A0AB39ZIZ2	1	U-01	suzukii	D. suzukii
A0AB39ZIZ3	2	U-02	suzukii	D. suzukii
A0AB39ZIZ4	1	U-01	suzukii	D. suzukii
A0AB39ZIZ5	2	U-02	suzukii	D. suzukii
A0AB39ZIZ6	1	U-01	suzukii	D. suzukii
A0AB39ZIZ7	0	unassigned	suzukii	D. suzukii
A0AB39ZJ02	1	U-01	suzukii	D. suzukii
A0AB39ZJ04	1	U-01	suzukii	D. suzukii
A0AB39ZJ05	1	U-01	suzukii	D. suzukii
A0AB39ZJ06	1	U-01	suzukii	D. suzukii
A0AB39ZJ07	1	U-01	suzukii	D. suzukii
A0AB39ZJ08	1	U-01	suzukii	D. suzukii
A0AB39ZJ11	1	U-01	suzukii	D. suzukii
A0AB39ZJ16	1	U-01	suzukii	D. suzukii
A0AB39ZJ19	1	U-01	suzukii	D. suzukii
A0AB39ZJ21	2	U-02	suzukii	D. suzukii
A0AB39ZJ22	1	U-01	suzukii	D. suzukii
A0AB39ZJ25	2	U-02	suzukii	D. suzukii
A0AB39ZJ26	2	U-02	suzukii	D. suzukii
A0AB39ZJ27	1	U-01	suzukii	D. suzukii
A0AB39ZJ28	1	U-01	suzukii	D. suzukii
A0AB39ZJ29	1	U-01	suzukii	D. suzukii
A0AB39ZJ30	2	U-02	suzukii	D. suzukii
A0AB39ZJ31	1	U-01	suzukii	D. suzukii
A0AB39ZJ32	1	U-01	suzukii	D. suzukii
A0AB39ZJ34	1	U-01	suzukii	D. suzukii
A0AB39ZJ36	3	U-03	suzukii	D. suzukii
A0AB39ZJ38	1	U-01	suzukii	D. suzukii
A0AB39ZJ40	1	U-01	suzukii	D. suzukii
A0AB39ZJ41	0	unassigned	suzukii	D. suzukii
A0AB39ZJ42	1	U-01	suzukii	D. suzukii
A0AB39ZJ43	1	U-01	suzukii	D. suzukii
A0AB39ZJ44	1	U-01	suzukii	D. suzukii
A0AB39ZJ48	1	U-01	suzukii	D. suzukii
A0AB39ZJ51	1	U-01	suzukii	D. suzukii
A0AB39ZJ54	0	unassigned	suzukii	D. suzukii
A0AB39ZJ56	1	U-01	suzukii	D. suzukii
A0AB39ZJ58	1	U-01	suzukii	D. suzukii
A0AB39ZJ59	2	U-02	suzukii	D. suzukii
A0AB39ZJ61	1	U-01	suzukii	D. suzukii
A0AB39ZJ62	1	U-01	suzukii	D. suzukii
A0AB39ZJ65	3	U-03	suzukii	D. suzukii
A0AB39ZJ67	1	U-01	suzukii	D. suzukii
A0AB39ZJ69	1	U-01	suzukii	D. suzukii
A0AB39ZJ70	1	U-01	suzukii	D. suzukii
A0AB39ZJ71	2	U-02	suzukii	D. suzukii
A0AB39ZJ72	1	U-01	suzukii	D. suzukii
A0AB39ZJ73	1	U-01	suzukii	D. suzukii
A0AB39ZJ74	3	U-03	suzukii	D. suzukii
A0AB39ZJ76	1	U-01	suzukii	D. suzukii
A0AB39ZJ80	1	U-01	suzukii	D. suzukii
A0AB39ZJ82	1	U-01	suzukii	D. suzukii
A0AB39ZJ84	1	U-01	suzukii	D. suzukii
A0AB39ZJ85	0	unassigned	suzukii	D. suzukii
A0AB39ZJ86	1	U-01	suzukii	D. suzukii
A0AB39ZJ92	1	U-01	suzukii	D. suzukii
A0AB39ZJ93	1	U-01	suzukii	D. suzukii
A0AB39ZJ97	1	U-01	suzukii	D. suzukii
A0AB39ZJ99	3	U-03	suzukii	D. suzukii
A0AB39ZJA1	0	unassigned	suzukii	D. suzukii
A0AB39ZJA2	1	U-01	suzukii	D. suzukii
A0AB39ZJA3	1	U-01	suzukii	D. suzukii
A0AB39ZJA5	1	U-01	suzukii	D. suzukii
A0AB39ZJA6	3	U-03	suzukii	D. suzukii
A0AB39ZJA7	1	U-01	suzukii	D. suzukii
A0AB39ZJA8	3	U-03	suzukii	D. suzukii
A0AB39ZJB0	3	U-03	suzukii	D. suzukii
A0AB39ZJB5	2	U-02	suzukii	D. suzukii
A0AB39ZJB9	1	U-01	suzukii	D. suzukii
A0AB39ZJC3	1	U-01	suzukii	D. suzukii
A0AB39ZM57	1	U-01	suzukii	D. suzukii
A0AB39ZM58	1	U-01	suzukii	D. suzukii
A0AB39ZM59	1	U-01	suzukii	D. suzukii
A0AB39ZM61	1	U-01	suzukii	D. suzukii
A0AB39ZM63	1	U-01	suzukii	D. suzukii
A0AB39ZM64	1	U-01	suzukii	D. suzukii
A0AB39ZM65	1	U-01	suzukii	D. suzukii
A0AB39ZM69	1	U-01	suzukii	D. suzukii
A0AB39ZM70	1	U-01	suzukii	D. suzukii
A0AB39ZM71	1	U-01	suzukii	D. suzukii
A0AB39ZM72	1	U-01	suzukii	D. suzukii
A0AB39ZM73	2	U-02	suzukii	D. suzukii
A0AB39ZM74	1	U-01	suzukii	D. suzukii
A0AB39ZM75	1	U-01	suzukii	D. suzukii
A0AB39ZM76	1	U-01	suzukii	D. suzukii
A0AB39ZM77	1	U-01	suzukii	D. suzukii
A0AB39ZM81	1	U-01	suzukii	D. suzukii
A0AB39ZM82	1	U-01	suzukii	D. suzukii
A0AB39ZM83	1	U-01	suzukii	D. suzukii
A0AB39ZM88	1	U-01	suzukii	D. suzukii
A0AB39ZM93	1	U-01	suzukii	D. suzukii
A0AB40AEQ3	1	U-01	suzukii	D. suzukii
A0AB40AEQ5	1	U-01	suzukii	D. suzukii
A0AB40AEQ6	1	U-01	suzukii	D. suzukii
A0AB40AEQ9	1	U-01	suzukii	D. suzukii
A0AB40AER0	1	U-01	suzukii	D. suzukii
A0AB40AER1	1	U-01	suzukii	D. suzukii
A0AB40AER6	1	U-01	suzukii	D. suzukii
A0AB40AER7	1	U-01	suzukii	D. suzukii
A0AB40AES0	1	U-01	suzukii	D. suzukii
A0AB40AET0	1	U-01	suzukii	D. suzukii
A0AB40AET2	1	U-01	suzukii	D. suzukii
A0AB40AET3	1	U-01	suzukii	D. suzukii
A0AB40AET4	1	U-01	suzukii	D. suzukii
A0AB40AET6	1	U-01	suzukii	D. suzukii
A0AB40AEU4	1	U-01	suzukii	D. suzukii
A0AB40AEU6	0	unassigned	suzukii	D. suzukii
A0AB40AEU7	1	U-01	suzukii	D. suzukii
A0AB40AEV7	1	U-01	suzukii	D. suzukii
A0AB40AEW6	1	U-01	suzukii	D. suzukii
A0AB40AEW7	1	U-01	suzukii	D. suzukii
A0AB40AEX0	1	U-01	suzukii	D. suzukii
A0AB40AEX1	0	unassigned	suzukii	D. suzukii
A0AB40AEX5	1	U-01	suzukii	D. suzukii
A0AB40AEX6	0	unassigned	suzukii	D. suzukii
A0AB40AEX7	1	U-01	suzukii	D. suzukii
A0AB40AEX8	0	unassigned	suzukii	D. suzukii
A0AB40AEX9	1	U-01	suzukii	D. suzukii
A0AB40AEY0	1	U-01	suzukii	D. suzukii
A0AB40AEY1	1	U-01	suzukii	D. suzukii
A0AB40AEY2	1	U-01	suzukii	D. suzukii
A0AB40AEY3	0	unassigned	suzukii	D. suzukii
A0AB40AEY7	1	U-01	suzukii	D. suzukii
A0AB40AEY8	0	unassigned	suzukii	D. suzukii
A0AB40AEZ1	0	unassigned	suzukii	D. suzukii
A0AB40AEZ4	0	unassigned	suzukii	D. suzukii
A0AB40AEZ8	1	U-01	suzukii	D. suzukii
A0AB40AF01	0	unassigned	suzukii	D. suzukii
A0AB40AF02	0	unassigned	suzukii	D. suzukii
A0AB40AF03	0	unassigned	suzukii	D. suzukii
A0AB40AF09	0	unassigned	suzukii	D. suzukii
A0AB40AF15	0	unassigned	suzukii	D. suzukii
A0AB40AF20	0	unassigned	suzukii	D. suzukii
A0AB40AF22	1	U-01	suzukii	D. suzukii
A0AB40AF23	1	U-01	suzukii	D. suzukii
A0AB40AF30	1	U-01	suzukii	D. suzukii
A0AB40AF31	1	U-01	suzukii	D. suzukii
A0AB40AF38	1	U-01	suzukii	D. suzukii
A0AB40AF40	1	U-01	suzukii	D. suzukii
A0AB40AF42	1	U-01	suzukii	D. suzukii
A0AB40AF45	1	U-01	suzukii	D. suzukii
A0AB40AF46	1	U-01	suzukii	D. suzukii
A0AB40AF49	1	U-01	suzukii	D. suzukii
A0AB40AF50	1	U-01	suzukii	D. suzukii
A0AB40AF53	1	U-01	suzukii	D. suzukii
A0AB40DBY3	0	unassigned	suzukii	D. suzukii
A0AB40DBY4	1	U-01	suzukii	D. suzukii
A0AB40DBZ1	1	U-01	suzukii	D. suzukii
A0AB40DC02	1	U-01	suzukii	D. suzukii
A0AB40DC07	2	U-02	suzukii	D. suzukii
A0AB40DC20	2	U-02	suzukii	D. suzukii
A0AB40DC24	1	U-01	suzukii	D. suzukii
A0AB40DC33	0	unassigned	suzukii	D. suzukii
A0AB40DC35	0	unassigned	suzukii	D. suzukii
A0AB40DC37	1	U-01	suzukii	D. suzukii
A0AB40DC39	1	U-01	suzukii	D. suzukii
A0AB40DC40	1	U-01	suzukii	D. suzukii
A0AB40DC44	0	unassigned	suzukii	D. suzukii
A0AB40DC49	1	U-01	suzukii	D. suzukii
A0AB40DC55	1	U-01	suzukii	D. suzukii
A0AB40DC60	0	unassigned	suzukii	D. suzukii
A0AB40DC63	0	unassigned	suzukii	D. suzukii
A0AB40DC72	1	U-01	suzukii	D. suzukii
A0AB40DC74	1	U-01	suzukii	D. suzukii
A0AB40DC75	1	U-01	suzukii	D. suzukii
A0AB40DC83	0	unassigned	suzukii	D. suzukii
A0AB40DC84	2	U-02	suzukii	D. suzukii
A0AB40DC90	0	unassigned	suzukii	D. suzukii
A0AB40DC92	0	unassigned	suzukii	D. suzukii
A0AB40DC94	0	unassigned	suzukii	D. suzukii
A0AB40DC95	0	unassigned	suzukii	D. suzukii
A0AB40DCA4	3	U-03	suzukii	D. suzukii
A0AB40DCA9	0	unassigned	suzukii	D. suzukii
A0AB40DCB5	1	U-01	suzukii	D. suzukii
A0AB40DCB7	3	U-03	suzukii	D. suzukii
A0AB40DCD2	0	unassigned	suzukii	D. suzukii
A0AB40DCD4	2	U-02	suzukii	D. suzukii
A0AB40DCD5	1	U-01	suzukii	D. suzukii
A0AB40DCD6	1	U-01	suzukii	D. suzukii
A0AB40DCD7	1	U-01	suzukii	D. suzukii
A0AB40DCD8	0	unassigned	suzukii	D. suzukii
A0AB40DCD9	1	U-01	suzukii	D. suzukii
A0AB40DCE0	1	U-01	suzukii	D. suzukii
A0AB40DCE3	0	unassigned	suzukii	D. suzukii
A0AB40DCE4	1	U-01	suzukii	D. suzukii
A0AB40DCE9	0	unassigned	suzukii	D. suzukii
A0AB40DCF7	0	unassigned	suzukii	D. suzukii
A0AB40DCG8	0	unassigned	suzukii	D. suzukii
A0AB40DCI6	1	U-01	suzukii	D. suzukii
A0AB40DCL0	0	unassigned	suzukii	D. suzukii
A0AB40DCL4	1	U-01	suzukii	D. suzukii
A0AB40DAM1	0	unassigned	suzukii	D. suzukii
A0AB40DAM4	0	unassigned	suzukii	D. suzukii
A0AB40DAP9	1	U-01	suzukii	D. suzukii
A0AB40DAW5	1	U-01	suzukii	D. suzukii
A0AB40DAX3	1	U-01	suzukii	D. suzukii
A0AB40DB93	3	U-03	suzukii	D. suzukii
A0AB40DBC4	1	U-01	suzukii	D. suzukii
A0AB40DBH2	1	U-01	suzukii	D. suzukii
A0AB40DBI0	1	U-01	suzukii	D. suzukii
A0AB40DBI4	0	unassigned	suzukii	D. suzukii
A0AB40DBL8	0	unassigned	suzukii	D. suzukii
A0AB40DBN0	1	U-01	suzukii	D. suzukii
A0AB40DBP4	0	unassigned	suzukii	D. suzukii
A0AB40DBQ4	1	U-01	suzukii	D. suzukii
A0AB40DBR4	0	unassigned	suzukii	D. suzukii
A0AB40DBT6	1	U-01	suzukii	D. suzukii
A0AB40DBW9	1	U-01	suzukii	D. suzukii
A0AB40DBZ6	1	U-01	suzukii	D. suzukii
A0AB40DBZ7	0	unassigned	suzukii	D. suzukii
A0AB40DC12	1	U-01	suzukii	D. suzukii
A0AB40DC15	0	unassigned	suzukii	D. suzukii
A0AB40DC64	1	U-01	suzukii	D. suzukii
A0AB40DCA1	1	U-01	suzukii	D. suzukii
A0AB40DCA7	1	U-01	suzukii	D. suzukii
A0AB40DCB2	0	unassigned	suzukii	D. suzukii
A0AB39ZPB0	1	U-01	suzukii	D. suzukii
A0AB39ZPB1	1	U-01	suzukii	D. suzukii
A0AB39ZPC0	3	U-03	suzukii	D. suzukii
A0AB39ZPC2	2	U-02	suzukii	D. suzukii
A0AB39ZPC5	0	unassigned	suzukii	D. suzukii
A0AB39ZPD5	0	unassigned	suzukii	D. suzukii
A0AB39ZPD6	1	U-01	suzukii	D. suzukii
A0AB39ZPE1	1	U-01	suzukii	D. suzukii
A0AB39ZPE2	3	U-03	suzukii	D. suzukii
A0AB39ZPE3	1	U-01	suzukii	D. suzukii
A0AB39ZPE5	1	U-01	suzukii	D. suzukii
A0AB39ZPE6	1	U-01	suzukii	D. suzukii
A0AB39ZPF3	0	unassigned	suzukii	D. suzukii
A0AB39ZPG4	1	U-01	suzukii	D. suzukii
A0AB39ZPH0	2	U-02	suzukii	D. suzukii
A0AB39ZPH4	1	U-01	suzukii	D. suzukii
A0AB39ZPH8	1	U-01	suzukii	D. suzukii
A0AB39ZPH9	1	U-01	suzukii	D. suzukii
A0AB39ZPI2	2	U-02	suzukii	D. suzukii
A0AB39ZPI3	1	U-01	suzukii	D. suzukii
A0AB39ZPJ3	2	U-02	suzukii	D. suzukii
A0AB39ZPJ4	1	U-01	suzukii	D. suzukii
A0AB39ZPK2	0	unassigned	suzukii	D. suzukii
A0AB39ZPK3	1	U-01	suzukii	D. suzukii
A0AB39ZPL2	1	U-01	suzukii	D. suzukii
A0AB39ZPL7	1	U-01	suzukii	D. suzukii
A0AB39ZPM3	0	unassigned	suzukii	D. suzukii
A0AB39ZPM4	2	U-02	suzukii	D. suzukii
A0AB39ZPM5	0	unassigned	suzukii	D. suzukii
A0AB39ZPM6	1	U-01	suzukii	D. suzukii
A0AB39ZPM8	0	unassigned	suzukii	D. suzukii
A0AB39ZPN4	1	U-01	suzukii	D. suzukii
A0AB39ZPN9	0	unassigned	suzukii	D. suzukii
A0AB39ZPP5	0	unassigned	suzukii	D. suzukii
A0AB39ZPQ0	1	U-01	suzukii	D. suzukii
A0AB39ZPQ2	1	U-01	suzukii	D. suzukii
A0AB39ZPQ3	1	U-01	suzukii	D. suzukii
A0AB39ZPQ5	2	U-02	suzukii	D. suzukii
A0AB39ZPQ9	2	U-02	suzukii	D. suzukii
A0AB39ZPR1	1	U-01	suzukii	D. suzukii
A0AB39ZPR6	0	unassigned	suzukii	D. suzukii
A0AB39ZPR7	1	U-01	suzukii	D. suzukii
A0AB39ZPS0	0	unassigned	suzukii	D. suzukii
A0AB39ZPS1	0	unassigned	suzukii	D. suzukii
A0AB39ZPS2	0	unassigned	suzukii	D. suzukii
A0AB39ZPT2	0	unassigned	suzukii	D. suzukii
A0AB39ZPT3	0	unassigned	suzukii	D. suzukii
A0AB39ZPT6	1	U-01	suzukii	D. suzukii
A0AB39ZPT7	1	U-01	suzukii	D. suzukii
A0AB39ZPT8	2	U-02	suzukii	D. suzukii
A0AB39ZPU3	2	U-02	suzukii	D. suzukii
A0AB39ZPU4	0	unassigned	suzukii	D. suzukii
A0AB39ZPU8	2	U-02	suzukii	D. suzukii
A0AB39ZPU9	0	unassigned	suzukii	D. suzukii
A0AB39ZPV1	0	unassigned	suzukii	D. suzukii
A0AB39ZPV4	1	U-01	suzukii	D. suzukii
A0AB39ZPV5	0	unassigned	suzukii	D. suzukii
A0AB39ZPV9	0	unassigned	suzukii	D. suzukii
A0AB39ZPW1	1	U-01	suzukii	D. suzukii
A0AB39ZPW3	0	unassigned	suzukii	D. suzukii
A0AB39ZPW8	0	unassigned	suzukii	D. suzukii
A0AB39ZPX0	0	unassigned	suzukii	D. suzukii
A0AB39ZPX5	1	U-01	suzukii	D. suzukii
A0AB39ZPX9	1	U-01	suzukii	D. suzukii
A0AB39ZPY1	1	U-01	suzukii	D. suzukii
A0AB39ZPY2	3	U-03	suzukii	D. suzukii
A0AB39ZPY6	0	unassigned	suzukii	D. suzukii
A0AB39ZPY7	1	U-01	suzukii	D. suzukii
A0AB39ZPZ0	1	U-01	suzukii	D. suzukii
A0AB39ZPZ4	0	unassigned	suzukii	D. suzukii
A0AB39ZPZ5	3	U-03	suzukii	D. suzukii
A0AB39ZQ02	0	unassigned	suzukii	D. suzukii
A0AB39ZQ07	0	unassigned	suzukii	D. suzukii
A0AB39ZQ08	1	U-01	suzukii	D. suzukii
A0AB39ZQ18	1	U-01	suzukii	D. suzukii
A0AB39ZI82	1	U-01	suzukii	D. suzukii
A0AB39ZI84	0	unassigned	suzukii	D. suzukii
A0AB39ZI93	1	U-01	suzukii	D. suzukii
A0AB39ZI95	1	U-01	suzukii	D. suzukii
A0AB39ZI96	2	U-02	suzukii	D. suzukii
A0AB39ZI97	0	unassigned	suzukii	D. suzukii
A0AB39ZI98	0	unassigned	suzukii	D. suzukii
A0AB39ZI99	1	U-01	suzukii	D. suzukii
A0AB39ZIA0	1	U-01	suzukii	D. suzukii
A0AB39ZIA5	1	U-01	suzukii	D. suzukii
A0AB39ZIA6	1	U-01	suzukii	D. suzukii
A0AB39ZIA7	1	U-01	suzukii	D. suzukii
A0AB39ZIA9	1	U-01	suzukii	D. suzukii
A0AB39ZIB1	3	U-03	suzukii	D. suzukii
A0AB39ZIB4	3	U-03	suzukii	D. suzukii
A0AB39ZIB8	1	U-01	suzukii	D. suzukii
A0AB39ZIC3	1	U-01	suzukii	D. suzukii
A0AB39ZIC6	1	U-01	suzukii	D. suzukii
A0AB39ZIC8	1	U-01	suzukii	D. suzukii
A0AB39ZID1	1	U-01	suzukii	D. suzukii
A0AB39ZID3	1	U-01	suzukii	D. suzukii
A0AB39ZID4	0	unassigned	suzukii	D. suzukii
A0AB39ZID7	1	U-01	suzukii	D. suzukii
A0AB39ZID9	1	U-01	suzukii	D. suzukii
A0AB39ZIE5	2	U-02	suzukii	D. suzukii
A0AB39ZIE8	0	unassigned	suzukii	D. suzukii
A0AB39ZIE9	1	U-01	suzukii	D. suzukii
A0AB39ZIF0	2	U-02	suzukii	D. suzukii
A0AB39ZIF1	2	U-02	suzukii	D. suzukii
A0AB39ZIF7	0	unassigned	suzukii	D. suzukii
A0AB39ZIG1	1	U-01	suzukii	D. suzukii
A0AB39ZIG4	1	U-01	suzukii	D. suzukii
A0AB39ZIG7	1	U-01	suzukii	D. suzukii
A0AB39ZIG9	1	U-01	suzukii	D. suzukii
A0AB39ZIH0	1	U-01	suzukii	D. suzukii
A0AB39ZIH2	1	U-01	suzukii	D. suzukii
A0AB39ZIH4	3	U-03	suzukii	D. suzukii
A0AB39ZIH8	1	U-01	suzukii	D. suzukii
A0AB39ZII0	2	U-02	suzukii	D. suzukii
A0AB39ZII2	1	U-01	suzukii	D. suzukii
A0AB39ZII3	1	U-01	suzukii	D. suzukii
A0AB39ZII7	3	U-03	suzukii	D. suzukii
A0AB39ZII9	1	U-01	suzukii	D. suzukii
A0AB39ZIJ1	0	unassigned	suzukii	D. suzukii
A0AB39ZIJ2	1	U-01	suzukii	D. suzukii
A0AB39ZIJ4	1	U-01	suzukii	D. suzukii
A0AB39ZIJ5	1	U-01	suzukii	D. suzukii
A0AB39ZIJ6	1	U-01	suzukii	D. suzukii
A0AB39ZIJ8	3	U-03	suzukii	D. suzukii
A0AB39ZIJ9	1	U-01	suzukii	D. suzukii
A0AB39ZIK0	1	U-01	suzukii	D. suzukii
A0AB39ZIK3	3	U-03	suzukii	D. suzukii
A0AB39ZIK4	1	U-01	suzukii	D. suzukii
A0AB39ZIK7	1	U-01	suzukii	D. suzukii
A0AB39ZIL5	1	U-01	suzukii	D. suzukii
A0AB39ZIL6	1	U-01	suzukii	D. suzukii
A0AB39ZIL7	1	U-01	suzukii	D. suzukii
A0AB39ZIL8	1	U-01	suzukii	D. suzukii
A0AB39ZIL9	2	U-02	suzukii	D. suzukii
A0AB39ZIM0	1	U-01	suzukii	D. suzukii
A0AB39ZIM1	1	U-01	suzukii	D. suzukii
A0AB39ZIM2	1	U-01	suzukii	D. suzukii
A0AB39ZIM5	0	unassigned	suzukii	D. suzukii
A0AB39ZIM6	1	U-01	suzukii	D. suzukii
A0AB39ZIN0	1	U-01	suzukii	D. suzukii
A0AB39ZIN3	1	U-01	suzukii	D. suzukii
A0AB39ZIN5	2	U-02	suzukii	D. suzukii
A0AB39ZIN7	2	U-02	suzukii	D. suzukii
A0AB39ZIN8	1	U-01	suzukii	D. suzukii
A0AB39ZIN9	1	U-01	suzukii	D. suzukii
A0AB39ZIP0	2	U-02	suzukii	D. suzukii
A0AB39ZIP2	1	U-01	suzukii	D. suzukii
A0AB39ZIP5	3	U-03	suzukii	D. suzukii
A0AB39ZIP6	1	U-01	suzukii	D. suzukii
A0AB39ZIQ0	1	U-01	suzukii	D. suzukii
A0AB39ZIQ2	1	U-01	suzukii	D. suzukii
A0AB39ZIQ6	1	U-01	suzukii	D. suzukii
A0AB39ZIQ9	1	U-01	suzukii	D. suzukii
A0AB39ZIR0	1	U-01	suzukii	D. suzukii
A0AB39ZIR3	0	unassigned	suzukii	D. suzukii
A0AB39ZIR4	1	U-01	suzukii	D. suzukii
A0AB39ZIR8	2	U-02	suzukii	D. suzukii
A0AB39ZIR9	1	U-01	suzukii	D. suzukii
A0AB39ZIS4	1	U-01	suzukii	D. suzukii
A0AB39ZIS5	1	U-01	suzukii	D. suzukii
A0AB39ZIS6	0	unassigned	suzukii	D. suzukii
A0AB39ZIS8	1	U-01	suzukii	D. suzukii
A0AB39ZIT1	0	unassigned	suzukii	D. suzukii
A0AB39ZIT2	1	U-01	suzukii	D. suzukii
A0AB39ZIT3	2	U-02	suzukii	D. suzukii
A0AB39ZIT5	1	U-01	suzukii	D. suzukii
A0AB39ZIT7	0	unassigned	suzukii	D. suzukii
A0AB39ZIT8	0	unassigned	suzukii	D. suzukii
A0AB39ZIT9	3	U-03	suzukii	D. suzukii
A0AB39ZIU0	1	U-01	suzukii	D. suzukii
A0AB39ZIU1	1	U-01	suzukii	D. suzukii
A0AB39ZQ54	0	unassigned	suzukii	D. suzukii
A0AB39ZQ56	1	U-01	suzukii	D. suzukii
A0AB39ZQ57	1	U-01	suzukii	D. suzukii
A0AB39ZQ59	1	U-01	suzukii	D. suzukii
A0AB40A635	0	unassigned	suzukii	D. suzukii
A0AB40A637	1	U-01	suzukii	D. suzukii
A0AB40A646	0	unassigned	suzukii	D. suzukii
A0AB40A654	1	U-01	suzukii	D. suzukii
A0AB40A656	0	unassigned	suzukii	D. suzukii
A0AB40A657	0	unassigned	suzukii	D. suzukii
A0AB40A658	0	unassigned	suzukii	D. suzukii
A0AB40A662	0	unassigned	suzukii	D. suzukii
A0AB40A677	1	U-01	suzukii	D. suzukii
A0AB40A681	1	U-01	suzukii	D. suzukii
A0AB40A690	1	U-01	suzukii	D. suzukii
A0AB40A6A5	2	U-02	suzukii	D. suzukii
A0AB40A6E6	3	U-03	suzukii	D. suzukii
A0AB40A6K8	2	U-02	suzukii	D. suzukii
A0AB40A6L1	1	U-01	suzukii	D. suzukii
A0AB40A6L8	1	U-01	suzukii	D. suzukii
A0AB40A6M4	1	U-01	suzukii	D. suzukii
A0AB40A6N8	0	unassigned	suzukii	D. suzukii
A0AB40A6Q3	0	unassigned	suzukii	D. suzukii
A0AB40A6R8	2	U-02	suzukii	D. suzukii
A0AB40A6S7	0	unassigned	suzukii	D. suzukii
A0AB40A6U2	0	unassigned	suzukii	D. suzukii
A0AB40A6U4	0	unassigned	suzukii	D. suzukii
A0AB40A6U8	1	U-01	suzukii	D. suzukii
A0AB40A6W3	0	unassigned	suzukii	D. suzukii
A0AB40A6X4	0	unassigned	suzukii	D. suzukii
A0AB40A6Y0	1	U-01	suzukii	D. suzukii
A0AB40A6Z1	1	U-01	suzukii	D. suzukii
A0AB40A6Z6	2	U-02	suzukii	D. suzukii
A0AB40A729	1	U-01	suzukii	D. suzukii
A0AB40A773	2	U-02	suzukii	D. suzukii
A0AB40A786	0	unassigned	suzukii	D. suzukii
A0AB40A792	0	unassigned	suzukii	D. suzukii
A0AB40A7A6	0	unassigned	suzukii	D. suzukii
A0AB40A7A9	2	U-02	suzukii	D. suzukii
A0AB40A7B6	0	unassigned	suzukii	D. suzukii
A0AB40A7D5	1	U-01	suzukii	D. suzukii
A0AB40A7E4	1	U-01	suzukii	D. suzukii
A0AB40A7E8	0	unassigned	suzukii	D. suzukii
A0AB40A7E9	0	unassigned	suzukii	D. suzukii
A0AB40A7F7	0	unassigned	suzukii	D. suzukii
A0AB40A7G6	1	U-01	suzukii	D. suzukii
A0AB40A7H5	0	unassigned	suzukii	D. suzukii
A0AB40A7I1	1	U-01	suzukii	D. suzukii
A0AB40A7K0	1	U-01	suzukii	D. suzukii
A0AB40A7M4	1	U-01	suzukii	D. suzukii
A0AB40A7M7	3	U-03	suzukii	D. suzukii
A0AB40A7M8	1	U-01	suzukii	D. suzukii
A0AB40A7P9	2	U-02	suzukii	D. suzukii
A0AB40A7T9	2	U-02	suzukii	D. suzukii
A0AB40A7U3	1	U-01	suzukii	D. suzukii
A0AB40A7U5	2	U-02	suzukii	D. suzukii
A0AB40A7Y5	1	U-01	suzukii	D. suzukii
A0AB40A7Z9	0	unassigned	suzukii	D. suzukii
A0AB40A843	1	U-01	suzukii	D. suzukii
A0AB40A885	3	U-03	suzukii	D. suzukii
A0AB40A8C8	1	U-01	suzukii	D. suzukii
A0AB40A8D5	1	U-01	suzukii	D. suzukii
A0AB40A8F2	1	U-01	suzukii	D. suzukii
A0AB40A8H8	0	unassigned	suzukii	D. suzukii
A0AB40A8L4	2	U-02	suzukii	D. suzukii
A0AB40A8M2	1	U-01	suzukii	D. suzukii
A0AB40A8M3	1	U-01	suzukii	D. suzukii
A0AB40A8P4	2	U-02	suzukii	D. suzukii
A0AB40A8P6	0	unassigned	suzukii	D. suzukii
A0AB40A8Q5	0	unassigned	suzukii	D. suzukii
A0AB40A8Q6	2	U-02	suzukii	D. suzukii
A0AB40A8R5	0	unassigned	suzukii	D. suzukii
A0AB40A8R8	2	U-02	suzukii	D. suzukii
A0AB40A8S0	0	unassigned	suzukii	D. suzukii
A0AB40A8T8	2	U-02	suzukii	D. suzukii
A0AB40A8U0	1	U-01	suzukii	D. suzukii
A0AB40A8U1	1	U-01	suzukii	D. suzukii
A0AB40A8U6	0	unassigned	suzukii	D. suzukii
A0AB40A8U9	0	unassigned	suzukii	D. suzukii
A0AB40A8V1	0	unassigned	suzukii	D. suzukii
A0AB40A8V6	0	unassigned	suzukii	D. suzukii
A0AB40A8W1	2	U-02	suzukii	D. suzukii
A0AB40A8W3	0	unassigned	suzukii	D. suzukii
A0AB40A904	1	U-01	suzukii	D. suzukii
A0AB40A913	1	U-01	suzukii	D. suzukii
A0AB40A926	2	U-02	suzukii	D. suzukii
A0AB39Z2H6	1	U-01	suzukii	D. suzukii
A0AB39Z2I0	3	U-03	suzukii	D. suzukii
A0AB39Z2I1	0	unassigned	suzukii	D. suzukii
A0AB39Z2I5	1	U-01	suzukii	D. suzukii
A0AB39Z2I8	2	U-02	suzukii	D. suzukii
A0AB39Z2J1	2	U-02	suzukii	D. suzukii
A0AB39Z2J8	0	unassigned	suzukii	D. suzukii
A0AB39Z2K7	2	U-02	suzukii	D. suzukii
A0AB39Z2K8	1	U-01	suzukii	D. suzukii
A0AB39Z2L4	1	U-01	suzukii	D. suzukii
A0AB39Z2L5	1	U-01	suzukii	D. suzukii
A0AB39Z2L7	0	unassigned	suzukii	D. suzukii
A0AB39Z2M0	1	U-01	suzukii	D. suzukii
A0AB39Z2M2	2	U-02	suzukii	D. suzukii
A0AB39Z2M3	1	U-01	suzukii	D. suzukii
A0AB39Z2M8	1	U-01	suzukii	D. suzukii
A0AB39Z2N2	3	U-03	suzukii	D. suzukii
A0AB39Z2N3	1	U-01	suzukii	D. suzukii
A0AB39Z3H0	1	U-01	suzukii	D. suzukii
A0AB39Z3H1	1	U-01	suzukii	D. suzukii
A0AB39Z3H4	1	U-01	suzukii	D. suzukii
A0AB39Z3H5	1	U-01	suzukii	D. suzukii
A0AB39Z3H7	1	U-01	suzukii	D. suzukii
A0AB39Z3H8	1	U-01	suzukii	D. suzukii
A0AB39Z3I1	1	U-01	suzukii	D. suzukii
A0AB39Z3I2	1	U-01	suzukii	D. suzukii
A0AB39Z3I4	1	U-01	suzukii	D. suzukii
A0AB39Z3I7	1	U-01	suzukii	D. suzukii
A0AB39Z3J3	1	U-01	suzukii	D. suzukii
A0AB39Z3J6	1	U-01	suzukii	D. suzukii
A0AB39Z3J8	1	U-01	suzukii	D. suzukii
A0AB39Z3K0	2	U-02	suzukii	D. suzukii
A0AB39Z3K1	0	unassigned	suzukii	D. suzukii
A0AB39Z3K2	2	U-02	suzukii	D. suzukii
A0AB39Z3K5	1	U-01	suzukii	D. suzukii
A0AB39Z3K7	1	U-01	suzukii	D. suzukii
A0AB39Z3L1	1	U-01	suzukii	D. suzukii
A0AB39Z3L2	1	U-01	suzukii	D. suzukii
A0AB39Z3L3	1	U-01	suzukii	D. suzukii
A0AB39Z3L4	3	U-03	suzukii	D. suzukii
A0AB39Z3L6	1	U-01	suzukii	D. suzukii
A0AB39Z3L7	1	U-01	suzukii	D. suzukii
A0AB39Z3M5	2	U-02	suzukii	D. suzukii
A0AB39Z3M8	0	unassigned	suzukii	D. suzukii
A0AB39Z3N1	1	U-01	suzukii	D. suzukii
A0AB39Z3N3	1	U-01	suzukii	D. suzukii
A0AB39Z3N9	2	U-02	suzukii	D. suzukii
A0AB39Z3P4	3	U-03	suzukii	D. suzukii
A0AB39Z3P5	1	U-01	suzukii	D. suzukii
A0AB39Z3P8	1	U-01	suzukii	D. suzukii
A0AB39Z3R5	1	U-01	suzukii	D. suzukii
A0AB39Z3S5	2	U-02	suzukii	D. suzukii
A0AB39Z3S6	2	U-02	suzukii	D. suzukii
A0AB39Z3S8	0	unassigned	suzukii	D. suzukii
A0AB39Z3T2	0	unassigned	suzukii	D. suzukii
A0AB39Z3T3	1	U-01	suzukii	D. suzukii
A0AB39Z3T4	2	U-02	suzukii	D. suzukii
A0AB39Z3T7	0	unassigned	suzukii	D. suzukii
A0AB39Z3T8	1	U-01	suzukii	D. suzukii
A0AB39Z3U4	2	U-02	suzukii	D. suzukii
A0AB39Z3U5	2	U-02	suzukii	D. suzukii
A0AB39Z3V3	2	U-02	suzukii	D. suzukii
A0AB39Z3V4	1	U-01	suzukii	D. suzukii
A0AB39Z3V7	1	U-01	suzukii	D. suzukii
A0AB39Z3V8	1	U-01	suzukii	D. suzukii
A0AB39Z3W5	1	U-01	suzukii	D. suzukii
A0AB39Z3X1	1	U-01	suzukii	D. suzukii
A0AB39Z3X6	2	U-02	suzukii	D. suzukii
A0AB39Z3X8	1	U-01	suzukii	D. suzukii
A0AB39Z3X9	2	U-02	suzukii	D. suzukii
A0AB39Z3Y1	1	U-01	suzukii	D. suzukii
A0AB39Z3Y8	1	U-01	suzukii	D. suzukii
A0AB39Z3Z0	1	U-01	suzukii	D. suzukii
A0AB39Z3Z1	1	U-01	suzukii	D. suzukii
A0AB39Z3Z5	1	U-01	suzukii	D. suzukii
A0AB39Z401	2	U-02	suzukii	D. suzukii
A0AB39Z402	0	unassigned	suzukii	D. suzukii
A0AB39Z405	1	U-01	suzukii	D. suzukii
A0AB39Z408	1	U-01	suzukii	D. suzukii
A0AB39Z409	1	U-01	suzukii	D. suzukii
A0AB39Z415	0	unassigned	suzukii	D. suzukii
A0AB39Z417	0	unassigned	suzukii	D. suzukii
A0AB39Z418	2	U-02	suzukii	D. suzukii
A0AB39Z420	1	U-01	suzukii	D. suzukii
A0AB39Z431	1	U-01	suzukii	D. suzukii
A0AB39Z433	1	U-01	suzukii	D. suzukii
A0AB39Z436	0	unassigned	suzukii	D. suzukii
A0AB39Z439	2	U-02	suzukii	D. suzukii
A0AB39Z450	2	U-02	suzukii	D. suzukii
A0AB39Z9G8	1	U-01	suzukii	D. suzukii
A0AB39Z9H2	3	U-03	suzukii	D. suzukii
A0AB39Z9H5	3	U-03	suzukii	D. suzukii
A0AB39Z9H6	1	U-01	suzukii	D. suzukii
A0AB39Z9H7	2	U-02	suzukii	D. suzukii
A0AB39Z9H8	2	U-02	suzukii	D. suzukii
A0AB39Z9I2	3	U-03	suzukii	D. suzukii
A0AB39Z9I3	1	U-01	suzukii	D. suzukii
A0AB39Z9I5	2	U-02	suzukii	D. suzukii
A0AB39Z9I8	2	U-02	suzukii	D. suzukii
A0AB39Z9J1	1	U-01	suzukii	D. suzukii
A0AB39Z9J9	1	U-01	suzukii	D. suzukii
A0AB39Z9K4	1	U-01	suzukii	D. suzukii
A0AB39Z9K8	1	U-01	suzukii	D. suzukii
A0AB39Z9K9	1	U-01	suzukii	D. suzukii
A0AB39Z9L2	1	U-01	suzukii	D. suzukii
A0AB39Z9L5	1	U-01	suzukii	D. suzukii
A0AB39Z9M8	1	U-01	suzukii	D. suzukii
A0AB39Z9M9	1	U-01	suzukii	D. suzukii
A0AB39Z9N0	1	U-01	suzukii	D. suzukii
A0AB39Z9N1	2	U-02	suzukii	D. suzukii
A0AB39Z9N6	1	U-01	suzukii	D. suzukii
A0AB39Z9N9	1	U-01	suzukii	D. suzukii
A0AB39Z9P0	1	U-01	suzukii	D. suzukii
A0AB39Z9P3	1	U-01	suzukii	D. suzukii
A0AB39Z9Q4	1	U-01	suzukii	D. suzukii
A0AB39Z9Q9	1	U-01	suzukii	D. suzukii
A0AB39Z9R0	3	U-03	suzukii	D. suzukii
A0AB39Z9R3	1	U-01	suzukii	D. suzukii
A0AB39ZRG8	1	U-01	suzukii	D. suzukii
A0AB39ZRH1	1	U-01	suzukii	D. suzukii
A0AB39ZRH3	2	U-02	suzukii	D. suzukii
A0AB39ZRH4	1	U-01	suzukii	D. suzukii
A0AB39ZRH6	1	U-01	suzukii	D. suzukii
A0AB39ZRH9	2	U-02	suzukii	D. suzukii
A0AB39ZRI4	1	U-01	suzukii	D. suzukii
A0AB39ZRI6	1	U-01	suzukii	D. suzukii
A0AB39ZRI8	0	unassigned	suzukii	D. suzukii
A0AB39ZRI9	3	U-03	suzukii	D. suzukii
A0AB39ZRJ1	1	U-01	suzukii	D. suzukii
A0AB39ZRJ3	1	U-01	suzukii	D. suzukii
A0AB39ZRJ6	1	U-01	suzukii	D. suzukii
A0AB39ZRJ7	2	U-02	suzukii	D. suzukii
A0AB39ZRK0	3	U-03	suzukii	D. suzukii
A0AB39ZRK1	1	U-01	suzukii	D. suzukii
A0AB39ZRK2	1	U-01	suzukii	D. suzukii
A0AB39ZRK7	1	U-01	suzukii	D. suzukii
A0AB39ZRK8	1	U-01	suzukii	D. suzukii
A0AB39ZRL0	2	U-02	suzukii	D. suzukii
A0AB39ZRL3	1	U-01	suzukii	D. suzukii
A0AB39ZRL4	1	U-01	suzukii	D. suzukii
A0AB39ZRM2	1	U-01	suzukii	D. suzukii
A0AB39ZRM5	1	U-01	suzukii	D. suzukii
A0AB39ZRM8	1	U-01	suzukii	D. suzukii
A0AB39ZRM9	1	U-01	suzukii	D. suzukii
A0AB39ZRN1	1	U-01	suzukii	D. suzukii
A0AB39ZRN2	1	U-01	suzukii	D. suzukii
A0AB39ZRN4	2	U-02	suzukii	D. suzukii
A0AB39ZRN6	1	U-01	suzukii	D. suzukii
A0AB39ZRN8	1	U-01	suzukii	D. suzukii
A0AB39ZRP1	0	unassigned	suzukii	D. suzukii
A0AB39ZRP2	1	U-01	suzukii	D. suzukii
A0AB39ZRP3	1	U-01	suzukii	D. suzukii
A0AB39ZRP5	1	U-01	suzukii	D. suzukii
A0AB39ZRP7	3	U-03	suzukii	D. suzukii
A0AB39ZRP8	1	U-01	suzukii	D. suzukii
A0AB39ZRP9	1	U-01	suzukii	D. suzukii
A0AB39ZRR0	1	U-01	suzukii	D. suzukii
A0AB39ZRR3	2	U-02	suzukii	D. suzukii
A0AB39ZRR8	2	U-02	suzukii	D. suzukii
A0AB39ZRR9	1	U-01	suzukii	D. suzukii
A0AB39ZRS1	1	U-01	suzukii	D. suzukii
A0AB39ZRS6	1	U-01	suzukii	D. suzukii
A0AB39ZRS7	1	U-01	suzukii	D. suzukii
A0AB39ZRS9	1	U-01	suzukii	D. suzukii
A0AB39ZRU6	2	U-02	suzukii	D. suzukii
A0AB39ZRU7	3	U-03	suzukii	D. suzukii
A0AB39ZRV4	1	U-01	suzukii	D. suzukii
A0AB39ZRV6	2	U-02	suzukii	D. suzukii
A0AB39ZRV9	2	U-02	suzukii	D. suzukii
A0AB39ZRW3	2	U-02	suzukii	D. suzukii
A0AB39ZRW5	1	U-01	suzukii	D. suzukii
A0AB39ZRW7	0	unassigned	suzukii	D. suzukii
A0AB39ZRW8	2	U-02	suzukii	D. suzukii
A0AB39ZRX1	2	U-02	suzukii	D. suzukii
A0AB39ZRX2	2	U-02	suzukii	D. suzukii
A0AB39ZRX5	1	U-01	suzukii	D. suzukii
A0AB39ZRX6	2	U-02	suzukii	D. suzukii
A0AB39ZRX8	1	U-01	suzukii	D. suzukii
A0AB39ZWC6	2	U-02	suzukii	D. suzukii
A0AB39ZWC9	1	U-01	suzukii	D. suzukii
A0AB39ZWD4	1	U-01	suzukii	D. suzukii
A0AB39ZWD5	1	U-01	suzukii	D. suzukii
A0AB39ZWD7	1	U-01	suzukii	D. suzukii
A0AB39ZWD9	1	U-01	suzukii	D. suzukii
A0AB39ZWE0	2	U-02	suzukii	D. suzukii
A0AB39ZWE2	3	U-03	suzukii	D. suzukii
A0AB39ZWE8	2	U-02	suzukii	D. suzukii
A0AB39ZWE9	1	U-01	suzukii	D. suzukii
A0AB39ZWF0	1	U-01	suzukii	D. suzukii
A0AB39ZWF2	2	U-02	suzukii	D. suzukii
A0AB39ZWF5	1	U-01	suzukii	D. suzukii
A0AB39ZWF9	1	U-01	suzukii	D. suzukii
A0AB39ZWG2	1	U-01	suzukii	D. suzukii
A0AB39ZWG6	1	U-01	suzukii	D. suzukii
A0AB39ZWG9	3	U-03	suzukii	D. suzukii
A0AB39ZWH7	2	U-02	suzukii	D. suzukii
A0AB39ZWH8	1	U-01	suzukii	D. suzukii
A0AB39ZWI4	1	U-01	suzukii	D. suzukii
A0AB39ZWI6	1	U-01	suzukii	D. suzukii
A0AB39ZWI7	1	U-01	suzukii	D. suzukii
A0AB39ZWI9	1	U-01	suzukii	D. suzukii
A0AB39ZWJ1	1	U-01	suzukii	D. suzukii
A0AB39ZWJ5	1	U-01	suzukii	D. suzukii
A0AB39ZWJ9	1	U-01	suzukii	D. suzukii
A0AB39ZWK1	1	U-01	suzukii	D. suzukii
A0AB39ZWL7	1	U-01	suzukii	D. suzukii
A0AB39ZWM1	1	U-01	suzukii	D. suzukii
A0AB39ZWM4	1	U-01	suzukii	D. suzukii
A0AB39ZWN2	1	U-01	suzukii	D. suzukii
A0AB39ZWN3	1	U-01	suzukii	D. suzukii
A0AB39ZWN9	1	U-01	suzukii	D. suzukii
A0AB39ZWP2	1	U-01	suzukii	D. suzukii
A0AB39ZWP3	1	U-01	suzukii	D. suzukii
A0AB39ZWP6	1	U-01	suzukii	D. suzukii
A0AB39ZWQ1	2	U-02	suzukii	D. suzukii
A0AB39ZWQ5	3	U-03	suzukii	D. suzukii
A0AB39ZWQ7	3	U-03	suzukii	D. suzukii
A0AB39ZWR3	1	U-01	suzukii	D. suzukii
A0AB40DCZ4	1	U-01	suzukii	D. suzukii
A0AB40DD01	1	U-01	suzukii	D. suzukii
A0AB40DD04	0	unassigned	suzukii	D. suzukii
A0AB40DD15	0	unassigned	suzukii	D. suzukii
A0AB40DD26	0	unassigned	suzukii	D. suzukii
A0AB40DD29	0	unassigned	suzukii	D. suzukii
A0AB40DD34	1	U-01	suzukii	D. suzukii
A0AB40DD44	1	U-01	suzukii	D. suzukii
A0AB40DD46	1	U-01	suzukii	D. suzukii
A0AB40DD51	1	U-01	suzukii	D. suzukii
A0AB40DD52	1	U-01	suzukii	D. suzukii
A0AB40DD55	1	U-01	suzukii	D. suzukii
A0AB40DD57	1	U-01	suzukii	D. suzukii
A0AB40DD62	1	U-01	suzukii	D. suzukii
A0AB40DD70	3	U-03	suzukii	D. suzukii
A0AB40DD71	1	U-01	suzukii	D. suzukii
A0AB40DD75	0	unassigned	suzukii	D. suzukii
A0AB40DD78	3	U-03	suzukii	D. suzukii
A0AB40DD79	1	U-01	suzukii	D. suzukii
A0AB40DD81	0	unassigned	suzukii	D. suzukii
A0AB40DD83	3	U-03	suzukii	D. suzukii
A0AB40DD87	1	U-01	suzukii	D. suzukii
A0AB40DD88	1	U-01	suzukii	D. suzukii
A0AB40DD90	1	U-01	suzukii	D. suzukii
A0AB40DD92	1	U-01	suzukii	D. suzukii
A0AB40DD95	0	unassigned	suzukii	D. suzukii
A0AB40DD97	2	U-02	suzukii	D. suzukii
A0AB40DD99	1	U-01	suzukii	D. suzukii
A0AB40DDA0	1	U-01	suzukii	D. suzukii
A0AB40DDB9	1	U-01	suzukii	D. suzukii
A0AB40DDC1	0	unassigned	suzukii	D. suzukii
A0AB40DDC2	2	U-02	suzukii	D. suzukii
A0AB40DDD5	1	U-01	suzukii	D. suzukii
A0AB40DDD8	1	U-01	suzukii	D. suzukii
A0ABM4TK53	0	unassigned	suzukii	D. suzukii
A0ABM4TK57	0	unassigned	suzukii	D. suzukii
A0ABM4TK59	0	unassigned	suzukii	D. suzukii
A0ABM4TK61	0	unassigned	suzukii	D. suzukii
A0ABM4TK62	1	U-01	suzukii	D. suzukii
A0ABM4TK63	0	unassigned	suzukii	D. suzukii
A0ABM4TK64	0	unassigned	suzukii	D. suzukii
A0ABM4TK65	0	unassigned	suzukii	D. suzukii
A0ABM4TK66	1	U-01	suzukii	D. suzukii
A0ABM4TK67	0	unassigned	suzukii	D. suzukii
A0ABM4TK68	0	unassigned	suzukii	D. suzukii
A0ABM4TK69	0	unassigned	suzukii	D. suzukii
A0ABM4TK70	0	unassigned	suzukii	D. suzukii
A0ABM4TK71	0	unassigned	suzukii	D. suzukii
A0ABM4TK79	1	U-01	suzukii	D. suzukii
A0ABM4TK81	1	U-01	suzukii	D. suzukii
A0ABM4TK82	1	U-01	suzukii	D. suzukii
A0ABM4TK83	1	U-01	suzukii	D. suzukii
A0ABM4TK85	1	U-01	suzukii	D. suzukii
A0ABM4TK89	1	U-01	suzukii	D. suzukii
A0ABM4TK96	0	unassigned	suzukii	D. suzukii
A0ABM4TK97	0	unassigned	suzukii	D. suzukii
A0ABM4TK99	0	unassigned	suzukii	D. suzukii
A0ABM4TKA1	3	U-03	suzukii	D. suzukii
A0ABM4TKA3	0	unassigned	suzukii	D. suzukii
A0ABM4TKA5	0	unassigned	suzukii	D. suzukii
A0ABM4TKA6	0	unassigned	suzukii	D. suzukii
A0ABM4TKA7	0	unassigned	suzukii	D. suzukii
A0ABM4TKA9	0	unassigned	suzukii	D. suzukii
A0ABM4TKB1	0	unassigned	suzukii	D. suzukii
A0ABM4TKB2	0	unassigned	suzukii	D. suzukii
A0ABM4TKB3	0	unassigned	suzukii	D. suzukii
A0ABM4TKB4	0	unassigned	suzukii	D. suzukii
A0ABM4TKB7	0	unassigned	suzukii	D. suzukii
A0ABM4TKB8	0	unassigned	suzukii	D. suzukii
A0ABM4TKB9	0	unassigned	suzukii	D. suzukii
A0ABM4TKC0	0	unassigned	suzukii	D. suzukii
A0ABM4TKC1	0	unassigned	suzukii	D. suzukii
A0ABM4TKC2	0	unassigned	suzukii	D. suzukii
A0ABM4TKC3	0	unassigned	suzukii	D. suzukii
A0ABM4TKC5	0	unassigned	suzukii	D. suzukii
A0ABM4TKC6	0	unassigned	suzukii	D. suzukii
A0ABM4TKC7	0	unassigned	suzukii	D. suzukii
A0ABM4TKD0	0	unassigned	suzukii	D. suzukii
A0ABM4TKD1	0	unassigned	suzukii	D. suzukii
A0ABM4TKD8	0	unassigned	suzukii	D. suzukii
A0ABM4TKF1	0	unassigned	suzukii	D. suzukii
A0ABM4TKF2	0	unassigned	suzukii	D. suzukii
A0ABM4TKG3	0	unassigned	suzukii	D. suzukii
A0ABM4TKH1	0	unassigned	suzukii	D. suzukii
A0ABM4TKH5	0	unassigned	suzukii	D. suzukii
A0ABM4TKH6	0	unassigned	suzukii	D. suzukii
A0ABM4TKH7	0	unassigned	suzukii	D. suzukii
A0ABM4TKH9	0	unassigned	suzukii	D. suzukii
A0ABM4TKI2	0	unassigned	suzukii	D. suzukii
A0ABM4TKI3	0	unassigned	suzukii	D. suzukii
A0ABM4TKI4	0	unassigned	suzukii	D. suzukii
A0ABM4TKI9	0	unassigned	suzukii	D. suzukii
A0ABM4TKJ3	0	unassigned	suzukii	D. suzukii
A0ABM4TKK5	1	U-01	suzukii	D. suzukii
A0ABM4TKM1	2	U-02	suzukii	D. suzukii
A0ABM4TKN6	0	unassigned	suzukii	D. suzukii
A0ABM4TKP2	0	unassigned	suzukii	D. suzukii
A0ABM4TKP8	0	unassigned	suzukii	D. suzukii
A0ABM4TKT9	0	unassigned	suzukii	D. suzukii
A0ABM4TKV6	0	unassigned	suzukii	D. suzukii
A0ABM4TL80	1	U-01	suzukii	D. suzukii
A0ABM4TL83	1	U-01	suzukii	D. suzukii
A0ABM4TL85	1	U-01	suzukii	D. suzukii
A0ABM4TL89	0	unassigned	suzukii	D. suzukii
A0ABM4TL91	0	unassigned	suzukii	D. suzukii
A0ABM4TL93	1	U-01	suzukii	D. suzukii
A0ABM4TL94	1	U-01	suzukii	D. suzukii
A0ABM4TL95	1	U-01	suzukii	D. suzukii
A0ABM4TL96	2	U-02	suzukii	D. suzukii
A0ABM4TL99	1	U-01	suzukii	D. suzukii
A0ABM4TLA3	3	U-03	suzukii	D. suzukii
A0ABM4TLA5	1	U-01	suzukii	D. suzukii
A0ABM4TLA7	3	U-03	suzukii	D. suzukii
A0ABM4TLA9	3	U-03	suzukii	D. suzukii
A0ABM4TLB2	1	U-01	suzukii	D. suzukii
A0ABM4TLB4	1	U-01	suzukii	D. suzukii
A0ABM4TLB6	0	unassigned	suzukii	D. suzukii
A0ABM4TLB7	0	unassigned	suzukii	D. suzukii
A0ABM4TLB8	3	U-03	suzukii	D. suzukii
A0ABM4TLB9	0	unassigned	suzukii	D. suzukii
A0ABM4TLC0	0	unassigned	suzukii	D. suzukii
A0ABM4TLC2	1	U-01	suzukii	D. suzukii
A0ABM4TLC3	1	U-01	suzukii	D. suzukii
A0ABM4TLC4	1	U-01	suzukii	D. suzukii
A0ABM4TLC5	1	U-01	suzukii	D. suzukii
A0ABM4TLC6	1	U-01	suzukii	D. suzukii
A0ABM4TLC8	1	U-01	suzukii	D. suzukii
A0ABM4TLC9	1	U-01	suzukii	D. suzukii
A0ABM4TLD1	2	U-02	suzukii	D. suzukii
A0ABM4TLD3	1	U-01	suzukii	D. suzukii
A0ABM4TLD4	1	U-01	suzukii	D. suzukii
A0ABM4TLD5	0	unassigned	suzukii	D. suzukii
A0ABM4TLD8	0	unassigned	suzukii	D. suzukii
A0ABM4TLD9	1	U-01	suzukii	D. suzukii
A0ABM4TLE0	1	U-01	suzukii	D. suzukii
A0ABM4TLE1	1	U-01	suzukii	D. suzukii
A0ABM4TLE2	0	unassigned	suzukii	D. suzukii
A0ABM4TLE3	1	U-01	suzukii	D. suzukii
A0ABM4TLE5	0	unassigned	suzukii	D. suzukii
A0ABM4TLE6	1	U-01	suzukii	D. suzukii
A0ABM4TLF0	1	U-01	suzukii	D. suzukii
A0ABM4TLF2	1	U-01	suzukii	D. suzukii
A0ABM4TLF3	0	unassigned	suzukii	D. suzukii
A0ABM4TLF4	0	unassigned	suzukii	D. suzukii
A0ABM4TLF6	1	U-01	suzukii	D. suzukii
A0ABM4TLF8	0	unassigned	suzukii	D. suzukii
A0ABM4TLF9	0	unassigned	suzukii	D. suzukii
A0ABM4TLG0	1	U-01	suzukii	D. suzukii
A0ABM4TLG3	1	U-01	suzukii	D. suzukii
A0ABM4TLH3	1	U-01	suzukii	D. suzukii
A0ABM4TLI7	0	unassigned	suzukii	D. suzukii
A0ABM4TLI8	1	U-01	suzukii	D. suzukii
A0ABM4TLI9	1	U-01	suzukii	D. suzukii
A0ABM4TLJ0	1	U-01	suzukii	D. suzukii
A0ABM4TLJ3	2	U-02	suzukii	D. suzukii
A0ABM4TLJ4	1	U-01	suzukii	D. suzukii
A0ABM4TLJ5	1	U-01	suzukii	D. suzukii
A0ABM4TLJ8	1	U-01	suzukii	D. suzukii
A0ABM4TLJ9	3	U-03	suzukii	D. suzukii
A0ABM4TLK1	1	U-01	suzukii	D. suzukii
A0ABM4TLK2	1	U-01	suzukii	D. suzukii
A0ABM4TLK3	1	U-01	suzukii	D. suzukii
A0ABM4TLK5	1	U-01	suzukii	D. suzukii
A0ABM4TLK8	0	unassigned	suzukii	D. suzukii
A0ABM4TLK9	1	U-01	suzukii	D. suzukii
A0ABM4TLL3	0	unassigned	suzukii	D. suzukii
A0ABM4TLL4	2	U-02	suzukii	D. suzukii
A0ABM4TLL5	2	U-02	suzukii	D. suzukii
A0ABM4TLL6	1	U-01	suzukii	D. suzukii
A0ABM4TLL9	1	U-01	suzukii	D. suzukii
A0ABM4TLM0	1	U-01	suzukii	D. suzukii
A0ABM4TLM3	2	U-02	suzukii	D. suzukii
A0ABM4TLM5	1	U-01	suzukii	D. suzukii
A0ABM4TPY3	1	U-01	suzukii	D. suzukii
A0ABM4TPY4	2	U-02	suzukii	D. suzukii
A0ABM4TPY5	2	U-02	suzukii	D. suzukii
A0ABM4TPY8	0	unassigned	suzukii	D. suzukii
A0ABM4TPZ1	2	U-02	suzukii	D. suzukii
A0ABM4TPZ2	1	U-01	suzukii	D. suzukii
A0ABM4TPZ4	1	U-01	suzukii	D. suzukii
A0ABM4TPZ6	1	U-01	suzukii	D. suzukii
A0ABM4TPZ7	1	U-01	suzukii	D. suzukii
A0ABM4TPZ8	1	U-01	suzukii	D. suzukii
A0ABM4TQ00	0	unassigned	suzukii	D. suzukii
A0ABM4TQ01	1	U-01	suzukii	D. suzukii
A0ABM4TQ02	1	U-01	suzukii	D. suzukii
A0ABM4TQ12	3	U-03	suzukii	D. suzukii
A0ABM4TQ16	0	unassigned	suzukii	D. suzukii
A0ABM4TQ17	0	unassigned	suzukii	D. suzukii
A0ABM4TQ18	1	U-01	suzukii	D. suzukii
A0ABM4TQ19	1	U-01	suzukii	D. suzukii
A0ABM4TQ20	1	U-01	suzukii	D. suzukii
A0ABM4TQ24	1	U-01	suzukii	D. suzukii
A0ABM4TQ28	1	U-01	suzukii	D. suzukii
A0ABM4TQ30	0	unassigned	suzukii	D. suzukii
A0ABM4TQ31	0	unassigned	suzukii	D. suzukii
A0ABM4TQ39	2	U-02	suzukii	D. suzukii
A0ABM4TQ40	0	unassigned	suzukii	D. suzukii
A0ABM4TQ41	0	unassigned	suzukii	D. suzukii
A0ABM4TQ46	0	unassigned	suzukii	D. suzukii
A0AB39ZJR8	1	U-01	suzukii	D. suzukii
A0AB39ZJS0	1	U-01	suzukii	D. suzukii
A0AB39ZJS1	1	U-01	suzukii	D. suzukii
A0AB39ZJS6	1	U-01	suzukii	D. suzukii
A0AB39ZJT9	1	U-01	suzukii	D. suzukii
A0AB39ZJU1	1	U-01	suzukii	D. suzukii
A0AB39ZJU8	1	U-01	suzukii	D. suzukii
A0AB39ZJW2	2	U-02	suzukii	D. suzukii
A0AB39ZJW3	1	U-01	suzukii	D. suzukii
A0AB39ZJY3	1	U-01	suzukii	D. suzukii
A0AB39ZK03	1	U-01	suzukii	D. suzukii
A0AB39ZK07	1	U-01	suzukii	D. suzukii
A0AB39ZK08	1	U-01	suzukii	D. suzukii
A0AB39ZK10	1	U-01	suzukii	D. suzukii
A0AB39ZK13	1	U-01	suzukii	D. suzukii
A0AB39ZK14	1	U-01	suzukii	D. suzukii
A0AB39ZK27	2	U-02	suzukii	D. suzukii
A0AB39ZK33	0	unassigned	suzukii	D. suzukii
A0AB39ZK51	1	U-01	suzukii	D. suzukii
A0AB39ZK53	1	U-01	suzukii	D. suzukii
A0AB39ZK64	1	U-01	suzukii	D. suzukii
A0AB39ZK72	1	U-01	suzukii	D. suzukii
A0AB39ZK77	1	U-01	suzukii	D. suzukii
A0AB39ZK78	1	U-01	suzukii	D. suzukii
A0AB39ZK79	1	U-01	suzukii	D. suzukii
A0AB39ZKA1	0	unassigned	suzukii	D. suzukii
A0AB39ZKA4	1	U-01	suzukii	D. suzukii
A0AB39ZKG8	1	U-01	suzukii	D. suzukii
A0AB39ZKG9	1	U-01	suzukii	D. suzukii
A0AB39ZKH3	2	U-02	suzukii	D. suzukii
A0AB39ZKI1	1	U-01	suzukii	D. suzukii
A0AB39ZKI3	1	U-01	suzukii	D. suzukii
A0AB39ZKL0	1	U-01	suzukii	D. suzukii
A0AB39ZKM1	1	U-01	suzukii	D. suzukii
A0AB40ACD5	1	U-01	suzukii	D. suzukii
A0AB40ACE6	1	U-01	suzukii	D. suzukii
A0AB40ACF0	1	U-01	suzukii	D. suzukii
A0AB40ACG4	1	U-01	suzukii	D. suzukii
A0AB40ACH5	2	U-02	suzukii	D. suzukii
A0AB40ACR2	2	U-02	suzukii	D. suzukii
A0AB40ACW4	2	U-02	suzukii	D. suzukii
A0AB40AD00	2	U-02	suzukii	D. suzukii
A0AB40AD11	2	U-02	suzukii	D. suzukii
A0AB40AD18	1	U-01	suzukii	D. suzukii
A0AB40AD21	1	U-01	suzukii	D. suzukii
A0AB40AD27	1	U-01	suzukii	D. suzukii
A0AB40AD29	1	U-01	suzukii	D. suzukii
A0AB40AD30	1	U-01	suzukii	D. suzukii
A0AB40AD34	1	U-01	suzukii	D. suzukii
A0AB40AD36	0	unassigned	suzukii	D. suzukii
A0AB40AD37	1	U-01	suzukii	D. suzukii
A0AB40AD45	0	unassigned	suzukii	D. suzukii
A0AB40AD48	1	U-01	suzukii	D. suzukii
A0AB40AD53	1	U-01	suzukii	D. suzukii
A0AB40AD54	1	U-01	suzukii	D. suzukii
A0AB40AD56	1	U-01	suzukii	D. suzukii
A0AB40AD60	2	U-02	suzukii	D. suzukii
A0AB40AD63	1	U-01	suzukii	D. suzukii
A0AB40AD64	3	U-03	suzukii	D. suzukii
A0AB40AD66	0	unassigned	suzukii	D. suzukii
A0AB40AD71	1	U-01	suzukii	D. suzukii
A0AB40AD75	0	unassigned	suzukii	D. suzukii
A0AB40AD81	1	U-01	suzukii	D. suzukii
A0AB40AD89	1	U-01	suzukii	D. suzukii
A0AB40AD98	1	U-01	suzukii	D. suzukii
A0AB40ADA0	1	U-01	suzukii	D. suzukii
A0AB40ADB0	1	U-01	suzukii	D. suzukii
A0AB40ADB4	1	U-01	suzukii	D. suzukii
A0AB40ADB5	0	unassigned	suzukii	D. suzukii
A0AB40ADB8	1	U-01	suzukii	D. suzukii
A0AB40ADB9	1	U-01	suzukii	D. suzukii
A0AB40ADC0	1	U-01	suzukii	D. suzukii
A0AB40ADC2	1	U-01	suzukii	D. suzukii
A0AB40ADC5	1	U-01	suzukii	D. suzukii
A0AB40ADC6	1	U-01	suzukii	D. suzukii
A0AB40ADC9	1	U-01	suzukii	D. suzukii
A0AB40ADE1	1	U-01	suzukii	D. suzukii
A0AB40ADE2	1	U-01	suzukii	D. suzukii
A0AB40ADE6	1	U-01	suzukii	D. suzukii
A0AB40ADF4	2	U-02	suzukii	D. suzukii
A0AB40ADF5	1	U-01	suzukii	D. suzukii
A0AB40ADJ1	2	U-02	suzukii	D. suzukii
A0AB40ADJ4	0	unassigned	suzukii	D. suzukii
A0AB40ADJ7	1	U-01	suzukii	D. suzukii
A0AB40ADK0	1	U-01	suzukii	D. suzukii
A0AB40ADK6	1	U-01	suzukii	D. suzukii
A0AB40ADK8	1	U-01	suzukii	D. suzukii
A0AB40ADK9	1	U-01	suzukii	D. suzukii
A0AB40ADL0	0	unassigned	suzukii	D. suzukii
A0AB40ADL3	1	U-01	suzukii	D. suzukii
A0AB40ADL4	1	U-01	suzukii	D. suzukii
A0AB40ADP8	1	U-01	suzukii	D. suzukii
A0AB40ADQ0	1	U-01	suzukii	D. suzukii
A0AB40ADU8	1	U-01	suzukii	D. suzukii
A0AB40ADV5	1	U-01	suzukii	D. suzukii
A0AB40ADX8	1	U-01	suzukii	D. suzukii
A0AB40AE02	1	U-01	suzukii	D. suzukii
A0AB40AE13	1	U-01	suzukii	D. suzukii
A0AB40AE14	1	U-01	suzukii	D. suzukii
A0AB40AE18	1	U-01	suzukii	D. suzukii
A0AB40AFB8	1	U-01	suzukii	D. suzukii
A0AB40AFC1	1	U-01	suzukii	D. suzukii
A0AB40AFF3	1	U-01	suzukii	D. suzukii
A0AB40AFF5	1	U-01	suzukii	D. suzukii
A0AB40AFF7	0	unassigned	suzukii	D. suzukii
A0AB40AFG2	0	unassigned	suzukii	D. suzukii
A0AB40AFG5	1	U-01	suzukii	D. suzukii
A0AB40AFG9	1	U-01	suzukii	D. suzukii
A0AB40AFI2	1	U-01	suzukii	D. suzukii
A0AB40AFI3	1	U-01	suzukii	D. suzukii
A0AB40AFJ0	0	unassigned	suzukii	D. suzukii
A0AB40AFJ5	1	U-01	suzukii	D. suzukii
A0AB40AFM1	1	U-01	suzukii	D. suzukii
A0AB40AFN4	1	U-01	suzukii	D. suzukii
A0AB40AFN6	2	U-02	suzukii	D. suzukii
A0AB40AFQ1	1	U-01	suzukii	D. suzukii
A0AB40AFQ2	1	U-01	suzukii	D. suzukii
A0AB40AFQ4	1	U-01	suzukii	D. suzukii
A0AB40AFS0	1	U-01	suzukii	D. suzukii
A0AB40AFS1	1	U-01	suzukii	D. suzukii
A0AB40AFU1	1	U-01	suzukii	D. suzukii
A0AB40AFU8	1	U-01	suzukii	D. suzukii
A0AB40AFV6	1	U-01	suzukii	D. suzukii
A0AB40AFZ4	0	unassigned	suzukii	D. suzukii
A0AB40AG65	2	U-02	suzukii	D. suzukii
A0AB40AGB0	1	U-01	suzukii	D. suzukii
A0AB40AGL2	1	U-01	suzukii	D. suzukii
A0AB40AGV4	1	U-01	suzukii	D. suzukii
A0AB40AH85	1	U-01	suzukii	D. suzukii
A0AB40AHA1	1	U-01	suzukii	D. suzukii
A0AB40D3H4	3	U-03	suzukii	D. suzukii
A0AB40D3N2	0	unassigned	suzukii	D. suzukii
A0AB40D3N4	3	U-03	suzukii	D. suzukii
A0AB40D3Q5	3	U-03	suzukii	D. suzukii
A0AB40D3Q9	0	unassigned	suzukii	D. suzukii
A0AB40D3R3	2	U-02	suzukii	D. suzukii
A0AB40D3R4	3	U-03	suzukii	D. suzukii
A0AB40D3S2	2	U-02	suzukii	D. suzukii
A0AB40D3X2	1	U-01	suzukii	D. suzukii
A0AB40D3Y5	1	U-01	suzukii	D. suzukii
A0AB40D3Y6	0	unassigned	suzukii	D. suzukii
A0AB40D400	1	U-01	suzukii	D. suzukii
A0AB40D403	1	U-01	suzukii	D. suzukii
A0AB40D491	1	U-01	suzukii	D. suzukii
A0AB40D4A2	2	U-02	suzukii	D. suzukii
A0AB40D4A4	0	unassigned	suzukii	D. suzukii
A0AB40D4B9	2	U-02	suzukii	D. suzukii
A0AB40D4D3	1	U-01	suzukii	D. suzukii
A0AB40D4F7	0	unassigned	suzukii	D. suzukii
A0AB40D4H2	1	U-01	suzukii	D. suzukii
A0AB40D4J1	0	unassigned	suzukii	D. suzukii
A0AB40D4J8	0	unassigned	suzukii	D. suzukii
A0AB40D4K0	0	unassigned	suzukii	D. suzukii
A0AB40D4N9	1	U-01	suzukii	D. suzukii
A0AB40D4P1	2	U-02	suzukii	D. suzukii
A0AB40D4Q0	1	U-01	suzukii	D. suzukii
A0AB40D4T3	0	unassigned	suzukii	D. suzukii
A0AB40D4U6	1	U-01	suzukii	D. suzukii
A0AB40D4W8	0	unassigned	suzukii	D. suzukii
A0AB40D4Y2	1	U-01	suzukii	D. suzukii
A0AB40D4Y3	3	U-03	suzukii	D. suzukii
A0AB40D4Y9	0	unassigned	suzukii	D. suzukii
A0AB40D4Z2	0	unassigned	suzukii	D. suzukii
A0AB40D4Z5	0	unassigned	suzukii	D. suzukii
A0AB40D512	2	U-02	suzukii	D. suzukii
A0AB40D514	2	U-02	suzukii	D. suzukii
A0AB40D528	1	U-01	suzukii	D. suzukii
A0AB40D536	1	U-01	suzukii	D. suzukii
A0AB40D537	1	U-01	suzukii	D. suzukii
A0AB40D549	2	U-02	suzukii	D. suzukii
A0AB40D555	0	unassigned	suzukii	D. suzukii
A0AB40D569	0	unassigned	suzukii	D. suzukii
A0AB40D571	1	U-01	suzukii	D. suzukii
A0AB40D599	0	unassigned	suzukii	D. suzukii
A0AB40D5B2	3	U-03	suzukii	D. suzukii
A0AB40D5C3	3	U-03	suzukii	D. suzukii
A0AB40D5C5	2	U-02	suzukii	D. suzukii
A0AB40D5D4	1	U-01	suzukii	D. suzukii
A0AB40D5E5	0	unassigned	suzukii	D. suzukii
A0AB40D5E6	1	U-01	suzukii	D. suzukii
A0AB40D5G1	3	U-03	suzukii	D. suzukii
A0AB40D5G4	1	U-01	suzukii	D. suzukii
A0AB40D5G5	1	U-01	suzukii	D. suzukii
A0AB40D5H8	3	U-03	suzukii	D. suzukii
A0AB40D5I2	3	U-03	suzukii	D. suzukii
A0AB40D5I5	2	U-02	suzukii	D. suzukii
A0AB40D5J5	1	U-01	suzukii	D. suzukii
A0AB40D5L4	1	U-01	suzukii	D. suzukii
A0AB40D5L8	3	U-03	suzukii	D. suzukii
A0AB40D5M0	1	U-01	suzukii	D. suzukii
A0AB40D5N2	1	U-01	suzukii	D. suzukii
A0AB40D5N6	1	U-01	suzukii	D. suzukii
A0AB40D5P1	0	unassigned	suzukii	D. suzukii
A0AB40DJY4	2	U-02	suzukii	D. suzukii
A0AB40DJZ0	0	unassigned	suzukii	D. suzukii
A0AB40DJZ2	0	unassigned	suzukii	D. suzukii
A0AB40DJZ3	1	U-01	suzukii	D. suzukii
A0AB40DJZ7	0	unassigned	suzukii	D. suzukii
A0AB40DK09	0	unassigned	suzukii	D. suzukii
A0AB40DK12	1	U-01	suzukii	D. suzukii
A0AB39ZXN0	2	U-02	suzukii	D. suzukii
A0AB39ZXN3	0	unassigned	suzukii	D. suzukii
A0AB39ZXP0	1	U-01	suzukii	D. suzukii
A0AB39ZXP3	2	U-02	suzukii	D. suzukii
A0AB39ZXP4	3	U-03	suzukii	D. suzukii
A0AB39ZXP5	0	unassigned	suzukii	D. suzukii
A0AB39ZXP7	1	U-01	suzukii	D. suzukii
A0AB39ZXQ0	2	U-02	suzukii	D. suzukii
A0AB39ZXQ2	1	U-01	suzukii	D. suzukii
A0AB39ZXQ3	1	U-01	suzukii	D. suzukii
A0AB39ZXQ8	1	U-01	suzukii	D. suzukii
A0AB39ZXR0	1	U-01	suzukii	D. suzukii
A0AB39ZXR3	3	U-03	suzukii	D. suzukii
A0AB39ZXR5	1	U-01	suzukii	D. suzukii
A0AB39ZXR6	0	unassigned	suzukii	D. suzukii
A0AB39ZXS1	1	U-01	suzukii	D. suzukii
A0AB39ZXS6	1	U-01	suzukii	D. suzukii
A0AB39ZXS8	1	U-01	suzukii	D. suzukii
A0AB39ZXS9	1	U-01	suzukii	D. suzukii
A0AB39ZXT0	1	U-01	suzukii	D. suzukii
A0AB39ZXT1	1	U-01	suzukii	D. suzukii
A0AB39ZXT4	1	U-01	suzukii	D. suzukii
A0AB39ZXT5	2	U-02	suzukii	D. suzukii
A0AB39ZXT6	1	U-01	suzukii	D. suzukii
A0AB39ZXT7	1	U-01	suzukii	D. suzukii
A0AB39ZXT8	1	U-01	suzukii	D. suzukii
A0AB39ZXT9	1	U-01	suzukii	D. suzukii
A0AB39ZXU4	1	U-01	suzukii	D. suzukii
A0AB39ZXU6	1	U-01	suzukii	D. suzukii
A0AB39ZXU9	1	U-01	suzukii	D. suzukii
A0AB39ZXV0	2	U-02	suzukii	D. suzukii
A0AB39ZXV5	2	U-02	suzukii	D. suzukii
A0AB39ZXV6	0	unassigned	suzukii	D. suzukii
A0AB39ZXW9	1	U-01	suzukii	D. suzukii
A0AB39ZXX1	1	U-01	suzukii	D. suzukii
A0AB39ZXX2	1	U-01	suzukii	D. suzukii
A0AB39ZXX4	1	U-01	suzukii	D. suzukii
A0AB39ZXX5	1	U-01	suzukii	D. suzukii
A0AB39ZXX6	1	U-01	suzukii	D. suzukii
A0AB39ZXY0	1	U-01	suzukii	D. suzukii
A0AB39ZXY4	1	U-01	suzukii	D. suzukii
A0AB39ZXY6	1	U-01	suzukii	D. suzukii
A0AB39ZXY7	1	U-01	suzukii	D. suzukii
A0AB39ZXY8	0	unassigned	suzukii	D. suzukii
A0AB39ZXY9	1	U-01	suzukii	D. suzukii
A0AB39ZXZ1	1	U-01	suzukii	D. suzukii
A0AB39ZXZ2	1	U-01	suzukii	D. suzukii
A0AB39ZXZ3	1	U-01	suzukii	D. suzukii
A0AB39ZXZ5	1	U-01	suzukii	D. suzukii
A0AB39ZXZ7	1	U-01	suzukii	D. suzukii
A0AB39ZY04	1	U-01	suzukii	D. suzukii
A0AB39ZY05	1	U-01	suzukii	D. suzukii
A0AB39ZY10	1	U-01	suzukii	D. suzukii
A0AB39ZY12	1	U-01	suzukii	D. suzukii
A0AB39ZY13	1	U-01	suzukii	D. suzukii
A0AB39ZY15	1	U-01	suzukii	D. suzukii
A0AB39ZY20	0	unassigned	suzukii	D. suzukii
A0AB39ZY21	0	unassigned	suzukii	D. suzukii
A0AB39ZY22	1	U-01	suzukii	D. suzukii
A0AB39ZY24	1	U-01	suzukii	D. suzukii
A0AB39ZY25	1	U-01	suzukii	D. suzukii
A0AB39ZY29	0	unassigned	suzukii	D. suzukii
A0AB39ZY32	2	U-02	suzukii	D. suzukii
A0AB39ZY38	3	U-03	suzukii	D. suzukii
A0AB39ZY40	1	U-01	suzukii	D. suzukii
A0AB39ZY41	1	U-01	suzukii	D. suzukii
A0AB39ZY42	1	U-01	suzukii	D. suzukii
A0AB39ZY43	1	U-01	suzukii	D. suzukii
A0AB39ZY44	1	U-01	suzukii	D. suzukii
A0AB39ZY51	1	U-01	suzukii	D. suzukii
A0AB39ZY52	1	U-01	suzukii	D. suzukii
A0AB40A4P5	1	U-01	suzukii	D. suzukii
A0AB40A4P6	3	U-03	suzukii	D. suzukii
A0AB40A4Q1	1	U-01	suzukii	D. suzukii
A0AB40A4Q3	1	U-01	suzukii	D. suzukii
A0AB40A4Q4	1	U-01	suzukii	D. suzukii
A0AB40A4Q5	0	unassigned	suzukii	D. suzukii
A0AB40A4Q7	1	U-01	suzukii	D. suzukii
A0AB40A4Q8	1	U-01	suzukii	D. suzukii
A0AB40A4R1	1	U-01	suzukii	D. suzukii
A0AB40A4R4	1	U-01	suzukii	D. suzukii
A0AB40A4R7	1	U-01	suzukii	D. suzukii
A0AB40A4S1	1	U-01	suzukii	D. suzukii
A0AB40A4S2	0	unassigned	suzukii	D. suzukii
A0AB40A4S5	1	U-01	suzukii	D. suzukii
A0AB40A4S6	1	U-01	suzukii	D. suzukii
A0AB40A4S9	2	U-02	suzukii	D. suzukii
A0AB40A4T7	2	U-02	suzukii	D. suzukii
A0AB40A4U1	1	U-01	suzukii	D. suzukii
A0AB40A4U2	1	U-01	suzukii	D. suzukii
A0AB40A4U4	0	unassigned	suzukii	D. suzukii
A0AB40A4U6	1	U-01	suzukii	D. suzukii
A0AB40A4U7	1	U-01	suzukii	D. suzukii
A0AB40A4V0	1	U-01	suzukii	D. suzukii
A0AB40A4V6	1	U-01	suzukii	D. suzukii
A0AB40A4V7	1	U-01	suzukii	D. suzukii
A0AB40A4W3	1	U-01	suzukii	D. suzukii
A0AB40A4X3	2	U-02	suzukii	D. suzukii
A0AB40A4X9	1	U-01	suzukii	D. suzukii
A0AB40A4Y0	1	U-01	suzukii	D. suzukii
A0ABM4TZN3	1	U-01	suzukii	D. suzukii
A0ABM4TZN4	1	U-01	suzukii	D. suzukii
A0ABM4TZN8	0	unassigned	suzukii	D. suzukii
A0ABM4TZP2	0	unassigned	suzukii	D. suzukii
A0ABM4TZP3	1	U-01	suzukii	D. suzukii
A0ABM4TZP4	1	U-01	suzukii	D. suzukii
A0ABM4TZP5	0	unassigned	suzukii	D. suzukii
A0ABM4TZP7	0	unassigned	suzukii	D. suzukii
A0ABM4TZP9	1	U-01	suzukii	D. suzukii
A0ABM4TZQ0	1	U-01	suzukii	D. suzukii
A0ABM4TZQ2	0	unassigned	suzukii	D. suzukii
A0ABM4TZQ3	0	unassigned	suzukii	D. suzukii
A0ABM4TZQ4	0	unassigned	suzukii	D. suzukii
A0ABM4TZQ5	0	unassigned	suzukii	D. suzukii
A0ABM4TZQ6	0	unassigned	suzukii	D. suzukii
A0ABM4TZQ7	1	U-01	suzukii	D. suzukii
A0ABM4TZQ9	1	U-01	suzukii	D. suzukii
A0ABM4TZR0	1	U-01	suzukii	D. suzukii
A0ABM4TZR3	0	unassigned	suzukii	D. suzukii
A0ABM4TZR4	0	unassigned	suzukii	D. suzukii
A0ABM4TZR6	1	U-01	suzukii	D. suzukii
A0ABM4TZR9	0	unassigned	suzukii	D. suzukii
A0ABM4TZS3	0	unassigned	suzukii	D. suzukii
A0ABM4TZS5	0	unassigned	suzukii	D. suzukii
A0ABM4TZS7	0	unassigned	suzukii	D. suzukii
A0ABM4TZT0	1	U-01	suzukii	D. suzukii
A0ABM4TZT1	0	unassigned	suzukii	D. suzukii
A0ABM4TZT5	0	unassigned	suzukii	D. suzukii
A0ABM4TZT6	1	U-01	suzukii	D. suzukii
A0ABM4TZT7	0	unassigned	suzukii	D. suzukii
A0ABM4TZT9	0	unassigned	suzukii	D. suzukii
A0ABM4TZU1	0	unassigned	suzukii	D. suzukii
A0ABM4TZU2	0	unassigned	suzukii	D. suzukii
A0ABM4TZU4	0	unassigned	suzukii	D. suzukii
A0ABM4TZU7	0	unassigned	suzukii	D. suzukii
A0ABM4TZU8	0	unassigned	suzukii	D. suzukii
A0ABM4TZU9	0	unassigned	suzukii	D. suzukii
A0ABM4TZV0	0	unassigned	suzukii	D. suzukii
A0ABM4TZV2	0	unassigned	suzukii	D. suzukii
A0ABM4TZV3	0	unassigned	suzukii	D. suzukii
A0ABM4TZV4	0	unassigned	suzukii	D. suzukii
A0ABM4TZV6	0	unassigned	suzukii	D. suzukii
A0ABM4TZV7	0	unassigned	suzukii	D. suzukii
A0ABM4TZV8	0	unassigned	suzukii	D. suzukii
A0ABM4TZV9	1	U-01	suzukii	D. suzukii
A0ABM4TZW1	1	U-01	suzukii	D. suzukii
A0ABM4TZW7	1	U-01	suzukii	D. suzukii
A0ABM4TZW9	0	unassigned	suzukii	D. suzukii
A0ABM4TZX0	0	unassigned	suzukii	D. suzukii
A0ABM4TZX2	0	unassigned	suzukii	D. suzukii
A0AB39YYD3	1	U-01	suzukii	D. suzukii
A0AB39YYF3	0	unassigned	suzukii	D. suzukii
A0AB39YYN6	1	U-01	suzukii	D. suzukii
A0AB39YYQ2	2	U-02	suzukii	D. suzukii
A0AB39YYT8	1	U-01	suzukii	D. suzukii
A0AB39YYX8	0	unassigned	suzukii	D. suzukii
A0AB39YZ38	1	U-01	suzukii	D. suzukii
A0AB39YZ39	0	unassigned	suzukii	D. suzukii
A0AB39YZ46	1	U-01	suzukii	D. suzukii
A0AB39YZ52	0	unassigned	suzukii	D. suzukii
A0AB39YZB3	1	U-01	suzukii	D. suzukii
A0AB39YZJ5	1	U-01	suzukii	D. suzukii
A0AB39YZK9	2	U-02	suzukii	D. suzukii
A0AB39YZL5	2	U-02	suzukii	D. suzukii
A0AB39YZL9	3	U-03	suzukii	D. suzukii
A0AB39YZP8	1	U-01	suzukii	D. suzukii
A0AB39YZQ1	1	U-01	suzukii	D. suzukii
A0AB39YZQ7	1	U-01	suzukii	D. suzukii
A0AB39YZR6	2	U-02	suzukii	D. suzukii
A0AB39YZS3	1	U-01	suzukii	D. suzukii
A0AB39YZU7	1	U-01	suzukii	D. suzukii
A0AB39YZV1	1	U-01	suzukii	D. suzukii
A0AB39YZW6	1	U-01	suzukii	D. suzukii
A0AB39YZX3	1	U-01	suzukii	D. suzukii
A0AB39YZX4	1	U-01	suzukii	D. suzukii
A0AB39YZY5	1	U-01	suzukii	D. suzukii
A0AB39YZZ2	2	U-02	suzukii	D. suzukii
A0AB39YZZ6	1	U-01	suzukii	D. suzukii
A0AB39Z002	1	U-01	suzukii	D. suzukii
A0AB39Z006	1	U-01	suzukii	D. suzukii
A0AB39Z014	2	U-02	suzukii	D. suzukii
A0AB39Z017	1	U-01	suzukii	D. suzukii
A0AB39Z025	2	U-02	suzukii	D. suzukii
A0AB39Z049	1	U-01	suzukii	D. suzukii
A0AB39Z051	1	U-01	suzukii	D. suzukii
A0AB39Z073	3	U-03	suzukii	D. suzukii
A0AB39Z074	1	U-01	suzukii	D. suzukii
A0AB39Z089	1	U-01	suzukii	D. suzukii
A0AB39Z091	1	U-01	suzukii	D. suzukii
A0AB39Z0A8	1	U-01	suzukii	D. suzukii
A0AB39Z0B0	1	U-01	suzukii	D. suzukii
A0AB39Z0B2	1	U-01	suzukii	D. suzukii
A0AB39Z0B6	3	U-03	suzukii	D. suzukii
A0AB39Z0B7	1	U-01	suzukii	D. suzukii
A0AB39Z0C8	1	U-01	suzukii	D. suzukii
A0AB39Z0D7	1	U-01	suzukii	D. suzukii
A0AB39Z0D8	1	U-01	suzukii	D. suzukii
A0AB39Z0E4	3	U-03	suzukii	D. suzukii
A0AB39Z0G1	2	U-02	suzukii	D. suzukii
A0AB39Z0G6	1	U-01	suzukii	D. suzukii
A0AB39ZBQ5	3	U-03	suzukii	D. suzukii
A0AB39ZBQ7	1	U-01	suzukii	D. suzukii
A0AB39ZBQ9	1	U-01	suzukii	D. suzukii
A0AB39ZBR4	2	U-02	suzukii	D. suzukii
A0AB39ZBR6	2	U-02	suzukii	D. suzukii
A0AB39ZBR8	1	U-01	suzukii	D. suzukii
A0AB39ZBS3	3	U-03	suzukii	D. suzukii
A0AB39ZBS8	1	U-01	suzukii	D. suzukii
A0AB39ZBS9	2	U-02	suzukii	D. suzukii
A0AB39ZBT1	1	U-01	suzukii	D. suzukii
A0AB39ZBT3	1	U-01	suzukii	D. suzukii
A0AB39ZBT6	2	U-02	suzukii	D. suzukii
A0AB39ZBT7	1	U-01	suzukii	D. suzukii
A0AB39ZBT9	1	U-01	suzukii	D. suzukii
A0AB39ZBU0	1	U-01	suzukii	D. suzukii
A0AB39ZBU4	1	U-01	suzukii	D. suzukii
A0AB39ZBU5	0	unassigned	suzukii	D. suzukii
A0AB39ZBV1	2	U-02	suzukii	D. suzukii
A0AB39ZBV2	3	U-03	suzukii	D. suzukii
A0AB39ZBV3	3	U-03	suzukii	D. suzukii
A0AB39ZBW0	1	U-01	suzukii	D. suzukii
A0AB39ZBW9	1	U-01	suzukii	D. suzukii
A0AB39ZBX3	1	U-01	suzukii	D. suzukii
A0AB39ZBX6	1	U-01	suzukii	D. suzukii
A0AB39ZBY0	2	U-02	suzukii	D. suzukii
A0AB39ZBY9	1	U-01	suzukii	D. suzukii
A0AB39ZBZ1	3	U-03	suzukii	D. suzukii
A0AB39ZBZ2	1	U-01	suzukii	D. suzukii
A0AB39ZBZ7	1	U-01	suzukii	D. suzukii
A0AB39ZC00	1	U-01	suzukii	D. suzukii
A0AB39ZC01	1	U-01	suzukii	D. suzukii
A0AB39ZC04	2	U-02	suzukii	D. suzukii
A0AB39ZC06	1	U-01	suzukii	D. suzukii
A0AB39ZC07	1	U-01	suzukii	D. suzukii
A0AB39ZC08	2	U-02	suzukii	D. suzukii
A0AB39ZC10	1	U-01	suzukii	D. suzukii
A0AB39ZC14	1	U-01	suzukii	D. suzukii
A0AB39ZC19	1	U-01	suzukii	D. suzukii
A0AB39ZC24	2	U-02	suzukii	D. suzukii
A0AB39ZH46	1	U-01	suzukii	D. suzukii
A0AB39ZH50	2	U-02	suzukii	D. suzukii
A0AB39ZH55	1	U-01	suzukii	D. suzukii
A0AB39ZH56	1	U-01	suzukii	D. suzukii
A0AB39ZH58	1	U-01	suzukii	D. suzukii
A0AB39ZH63	1	U-01	suzukii	D. suzukii
A0AB39ZH67	1	U-01	suzukii	D. suzukii
A0AB39ZH70	1	U-01	suzukii	D. suzukii
A0AB39ZH84	1	U-01	suzukii	D. suzukii
A0AB39ZH86	1	U-01	suzukii	D. suzukii
A0AB39ZH87	0	unassigned	suzukii	D. suzukii
A0AB39ZH90	1	U-01	suzukii	D. suzukii
A0AB39ZH91	1	U-01	suzukii	D. suzukii
A0AB39ZH93	1	U-01	suzukii	D. suzukii
A0AB39ZH95	0	unassigned	suzukii	D. suzukii
A0AB39ZH96	2	U-02	suzukii	D. suzukii
A0AB39ZHA0	1	U-01	suzukii	D. suzukii
A0AB39ZHA5	1	U-01	suzukii	D. suzukii
A0AB39ZHA7	2	U-02	suzukii	D. suzukii
A0AB39ZHB1	1	U-01	suzukii	D. suzukii
A0AB39ZHB9	1	U-01	suzukii	D. suzukii
A0AB39ZHC1	1	U-01	suzukii	D. suzukii
A0AB39ZHC3	1	U-01	suzukii	D. suzukii
A0AB39ZHC4	1	U-01	suzukii	D. suzukii
A0AB39ZHD2	1	U-01	suzukii	D. suzukii
A0AB39ZHD3	1	U-01	suzukii	D. suzukii
A0AB39ZHD4	1	U-01	suzukii	D. suzukii
A0AB39ZHD6	1	U-01	suzukii	D. suzukii
A0AB39ZHD9	1	U-01	suzukii	D. suzukii
A0AB39ZHE7	1	U-01	suzukii	D. suzukii
A0AB39ZHF0	1	U-01	suzukii	D. suzukii
A0AB39ZHF5	1	U-01	suzukii	D. suzukii
A0AB39ZHG3	1	U-01	suzukii	D. suzukii
A0AB39ZHG4	1	U-01	suzukii	D. suzukii
A0AB39ZHG7	2	U-02	suzukii	D. suzukii
A0AB39ZHH1	0	unassigned	suzukii	D. suzukii
A0AB39ZHH2	0	unassigned	suzukii	D. suzukii
A0AB39ZHH3	0	unassigned	suzukii	D. suzukii
A0AB39ZHH8	1	U-01	suzukii	D. suzukii
A0AB39ZHI0	2	U-02	suzukii	D. suzukii
A0AB39ZHI1	1	U-01	suzukii	D. suzukii
A0AB39ZHI3	2	U-02	suzukii	D. suzukii
A0AB39ZHI8	3	U-03	suzukii	D. suzukii
A0AB39ZHJ6	1	U-01	suzukii	D. suzukii
A0AB39ZHJ9	1	U-01	suzukii	D. suzukii
A0AB39ZHK0	1	U-01	suzukii	D. suzukii
A0AB39ZHK2	1	U-01	suzukii	D. suzukii
A0AB39ZHK3	1	U-01	suzukii	D. suzukii
A0AB39ZHK4	1	U-01	suzukii	D. suzukii
A0AB39ZHK6	0	unassigned	suzukii	D. suzukii
A0AB39ZHL3	2	U-02	suzukii	D. suzukii
A0AB39ZHL7	0	unassigned	suzukii	D. suzukii
A0AB39ZHL8	1	U-01	suzukii	D. suzukii
A0AB39ZHL9	2	U-02	suzukii	D. suzukii
A0AB39ZHM1	3	U-03	suzukii	D. suzukii
A0AB39ZHM4	3	U-03	suzukii	D. suzukii
A0AB39ZHM5	1	U-01	suzukii	D. suzukii
A0AB39ZHN2	1	U-01	suzukii	D. suzukii
A0AB39ZHN4	1	U-01	suzukii	D. suzukii
A0AB39ZHN5	0	unassigned	suzukii	D. suzukii
A0AB39ZHN7	1	U-01	suzukii	D. suzukii
A0AB40DBY1	1	U-01	suzukii	D. suzukii
A0AB40DBZ2	1	U-01	suzukii	D. suzukii
A0AB40DBZ3	0	unassigned	suzukii	D. suzukii
A0AB40DBZ5	1	U-01	suzukii	D. suzukii
A0AB40DC05	1	U-01	suzukii	D. suzukii
A0AB40DC06	1	U-01	suzukii	D. suzukii
A0AB40DC18	0	unassigned	suzukii	D. suzukii
A0AB40DC19	1	U-01	suzukii	D. suzukii
A0AB40DC25	0	unassigned	suzukii	D. suzukii
A0AB40DC31	1	U-01	suzukii	D. suzukii
A0AB40DC41	1	U-01	suzukii	D. suzukii
A0AB40DC43	1	U-01	suzukii	D. suzukii
A0AB40DC52	1	U-01	suzukii	D. suzukii
A0AB40DC54	1	U-01	suzukii	D. suzukii
A0AB40DC58	3	U-03	suzukii	D. suzukii
A0AB40DC61	3	U-03	suzukii	D. suzukii
A0AB40DC62	3	U-03	suzukii	D. suzukii
A0AB40DC70	3	U-03	suzukii	D. suzukii
A0AB40DC71	3	U-03	suzukii	D. suzukii
A0AB40DC73	1	U-01	suzukii	D. suzukii
A0AB40DC76	1	U-01	suzukii	D. suzukii
A0AB40DFR7	1	U-01	suzukii	D. suzukii
A0AB40DFR9	1	U-01	suzukii	D. suzukii
A0AB40DFS3	1	U-01	suzukii	D. suzukii
A0AB40DFS9	1	U-01	suzukii	D. suzukii
A0AB40DFT4	1	U-01	suzukii	D. suzukii
A0AB40DFT6	1	U-01	suzukii	D. suzukii
A0AB40DFU0	1	U-01	suzukii	D. suzukii
A0AB40DFU4	0	unassigned	suzukii	D. suzukii
A0AB40DFV2	1	U-01	suzukii	D. suzukii
A0AB40DFV8	0	unassigned	suzukii	D. suzukii
A0AB40DFW3	1	U-01	suzukii	D. suzukii
A0AB40DFW6	1	U-01	suzukii	D. suzukii
A0AB40DFY2	0	unassigned	suzukii	D. suzukii
A0AB40DFY6	1	U-01	suzukii	D. suzukii
A0AB40DFZ8	1	U-01	suzukii	D. suzukii
A0AB40DG06	1	U-01	suzukii	D. suzukii
A0AB40DG09	1	U-01	suzukii	D. suzukii
A0AB40DG20	1	U-01	suzukii	D. suzukii
A0AB40DG22	2	U-02	suzukii	D. suzukii
A0AB40DG24	2	U-02	suzukii	D. suzukii
A0AB40DG26	1	U-01	suzukii	D. suzukii
A0AB40DG31	1	U-01	suzukii	D. suzukii
A0AB40DG47	1	U-01	suzukii	D. suzukii
A0AB40DG51	0	unassigned	suzukii	D. suzukii
A0AB40DG53	1	U-01	suzukii	D. suzukii
A0AB40DG69	2	U-02	suzukii	D. suzukii
A0AB40DG71	1	U-01	suzukii	D. suzukii
A0AB40DG74	1	U-01	suzukii	D. suzukii
A0AB40DG82	1	U-01	suzukii	D. suzukii
A0AB40DG85	1	U-01	suzukii	D. suzukii
A0AB40DG98	3	U-03	suzukii	D. suzukii
A0AB40DGA1	2	U-02	suzukii	D. suzukii
A0AB40DGA3	1	U-01	suzukii	D. suzukii
A0AB40DGA4	1	U-01	suzukii	D. suzukii
A0AB40DGB3	1	U-01	suzukii	D. suzukii
A0AB40DGB6	3	U-03	suzukii	D. suzukii
A0AB40DGB8	0	unassigned	suzukii	D. suzukii
A0AB40DGB9	1	U-01	suzukii	D. suzukii
A0AB40DGC6	1	U-01	suzukii	D. suzukii
A0AB40DGD9	1	U-01	suzukii	D. suzukii
A0AB40DGF2	1	U-01	suzukii	D. suzukii
A0AB40DGG4	0	unassigned	suzukii	D. suzukii
A0AB40DGH5	3	U-03	suzukii	D. suzukii
A0AB40DGH9	1	U-01	suzukii	D. suzukii
A0AB40DGI7	0	unassigned	suzukii	D. suzukii
A0AB40DGI8	0	unassigned	suzukii	D. suzukii
A0AB40DGJ9	1	U-01	suzukii	D. suzukii
A0AB40DGK4	1	U-01	suzukii	D. suzukii
A0AB40DGL3	1	U-01	suzukii	D. suzukii
A0AB40DGM3	1	U-01	suzukii	D. suzukii
A0AB40DGM6	0	unassigned	suzukii	D. suzukii
A0AB40DGM7	1	U-01	suzukii	D. suzukii
A0AB40DGN2	0	unassigned	suzukii	D. suzukii
A0AB40DGN5	1	U-01	suzukii	D. suzukii
A0AB40DGN6	0	unassigned	suzukii	D. suzukii
A0AB40DGN8	2	U-02	suzukii	D. suzukii
A0AB40DGP3	1	U-01	suzukii	D. suzukii
A0AB40DGP4	0	unassigned	suzukii	D. suzukii
A0AB40DGP6	1	U-01	suzukii	D. suzukii
A0AB40DGP7	2	U-02	suzukii	D. suzukii
A0AB40DGQ0	1	U-01	suzukii	D. suzukii
A0AB40DGQ1	1	U-01	suzukii	D. suzukii
A0AB40DGQ6	1	U-01	suzukii	D. suzukii
A0AB40DGQ8	1	U-01	suzukii	D. suzukii
A0AB40DGS2	1	U-01	suzukii	D. suzukii
A0AB40DGT0	2	U-02	suzukii	D. suzukii
A0AB40DGT1	1	U-01	suzukii	D. suzukii
A0AB40DGT7	1	U-01	suzukii	D. suzukii
A0AB40DGT8	1	U-01	suzukii	D. suzukii
A0AB40DGT9	0	unassigned	suzukii	D. suzukii
A0AB40DGU0	0	unassigned	suzukii	D. suzukii
A0AB40DGU6	0	unassigned	suzukii	D. suzukii
A0AB40DGV3	0	unassigned	suzukii	D. suzukii
A0AB40DGW4	0	unassigned	suzukii	D. suzukii
A0AB40DGW7	1	U-01	suzukii	D. suzukii
A0AB40DGX4	1	U-01	suzukii	D. suzukii
A0AB40DGY5	0	unassigned	suzukii	D. suzukii
A0AB40DGY7	1	U-01	suzukii	D. suzukii
A0AB40DGY9	1	U-01	suzukii	D. suzukii
A0AB39ZEN1	1	U-01	suzukii	D. suzukii
A0AB39ZEP3	1	U-01	suzukii	D. suzukii
A0AB39ZEP7	1	U-01	suzukii	D. suzukii
A0AB39ZEP8	1	U-01	suzukii	D. suzukii
A0AB39ZEP9	3	U-03	suzukii	D. suzukii
A0AB39ZEQ2	0	unassigned	suzukii	D. suzukii
A0AB39ZEQ3	1	U-01	suzukii	D. suzukii
A0AB39ZEQ4	1	U-01	suzukii	D. suzukii
A0AB39ZEQ6	1	U-01	suzukii	D. suzukii
A0AB39ZEQ7	3	U-03	suzukii	D. suzukii
A0AB39ZEQ8	1	U-01	suzukii	D. suzukii
A0AB39ZER3	0	unassigned	suzukii	D. suzukii
A0AB39ZER4	0	unassigned	suzukii	D. suzukii
A0AB39ZER5	1	U-01	suzukii	D. suzukii
A0AB39ZER7	1	U-01	suzukii	D. suzukii
A0AB39ZER9	1	U-01	suzukii	D. suzukii
A0AB39ZES1	1	U-01	suzukii	D. suzukii
A0AB39ZES3	1	U-01	suzukii	D. suzukii
A0AB39ZES4	1	U-01	suzukii	D. suzukii
A0AB39ZET0	1	U-01	suzukii	D. suzukii
A0AB39ZET2	1	U-01	suzukii	D. suzukii
A0AB39ZET4	1	U-01	suzukii	D. suzukii
A0AB39ZET6	1	U-01	suzukii	D. suzukii
A0AB39ZET7	1	U-01	suzukii	D. suzukii
A0AB39ZEU6	1	U-01	suzukii	D. suzukii
A0AB39ZEU8	1	U-01	suzukii	D. suzukii
A0AB39ZEV1	1	U-01	suzukii	D. suzukii
A0AB39ZEV5	2	U-02	suzukii	D. suzukii
A0AB39ZEV7	1	U-01	suzukii	D. suzukii
A0AB39ZEW0	1	U-01	suzukii	D. suzukii
A0AB39ZEW2	2	U-02	suzukii	D. suzukii
A0AB39ZEW6	1	U-01	suzukii	D. suzukii
A0AB39ZEX0	1	U-01	suzukii	D. suzukii
A0AB39ZEX5	1	U-01	suzukii	D. suzukii
A0AB39ZEX9	1	U-01	suzukii	D. suzukii
A0AB39ZEY0	1	U-01	suzukii	D. suzukii
A0AB39ZEY1	1	U-01	suzukii	D. suzukii
A0AB39ZEY2	1	U-01	suzukii	D. suzukii
A0AB39ZEY3	2	U-02	suzukii	D. suzukii
A0AB39ZEY8	1	U-01	suzukii	D. suzukii
A0AB39ZEY9	2	U-02	suzukii	D. suzukii
A0AB39ZEZ0	1	U-01	suzukii	D. suzukii
A0AB39ZEZ2	0	unassigned	suzukii	D. suzukii
A0AB39ZEZ3	1	U-01	suzukii	D. suzukii
A0AB39ZEZ5	1	U-01	suzukii	D. suzukii
A0AB39ZF03	1	U-01	suzukii	D. suzukii
A0AB39ZF06	1	U-01	suzukii	D. suzukii
A0AB39ZF07	0	unassigned	suzukii	D. suzukii
A0AB39ZF08	1	U-01	suzukii	D. suzukii
A0AB39ZF13	1	U-01	suzukii	D. suzukii
A0AB39ZF15	1	U-01	suzukii	D. suzukii
A0AB39ZF17	1	U-01	suzukii	D. suzukii
A0AB39ZF19	1	U-01	suzukii	D. suzukii
A0AB39ZF20	1	U-01	suzukii	D. suzukii
A0AB39ZF22	1	U-01	suzukii	D. suzukii
A0AB39ZF24	2	U-02	suzukii	D. suzukii
A0AB39ZF25	1	U-01	suzukii	D. suzukii
A0AB39ZF26	1	U-01	suzukii	D. suzukii
A0AB39ZF32	3	U-03	suzukii	D. suzukii
A0AB39ZF34	1	U-01	suzukii	D. suzukii
A0AB39ZF40	0	unassigned	suzukii	D. suzukii
A0AB39ZF47	1	U-01	suzukii	D. suzukii
A0AB39ZF51	1	U-01	suzukii	D. suzukii
A0AB39ZF52	1	U-01	suzukii	D. suzukii
A0AB39ZF60	0	unassigned	suzukii	D. suzukii
A0AB39ZF61	1	U-01	suzukii	D. suzukii
A0AB39ZF63	3	U-03	suzukii	D. suzukii
A0AB39ZF64	2	U-02	suzukii	D. suzukii
A0AB39ZF65	2	U-02	suzukii	D. suzukii
A0AB39ZF67	2	U-02	suzukii	D. suzukii
A0AB39ZF70	1	U-01	suzukii	D. suzukii
A0AB39ZF72	1	U-01	suzukii	D. suzukii
A0AB39ZF75	1	U-01	suzukii	D. suzukii
A0AB39ZF76	2	U-02	suzukii	D. suzukii
A0AB39ZF79	1	U-01	suzukii	D. suzukii
A0AB39ZF80	1	U-01	suzukii	D. suzukii
A0AB39ZF83	2	U-02	suzukii	D. suzukii
A0AB39ZF84	1	U-01	suzukii	D. suzukii
A0AB39ZF85	1	U-01	suzukii	D. suzukii
A0AB39ZF86	1	U-01	suzukii	D. suzukii
A0AB39ZF87	1	U-01	suzukii	D. suzukii
A0AB39ZF93	0	unassigned	suzukii	D. suzukii
A0AB39ZF97	2	U-02	suzukii	D. suzukii
A0AB39ZF99	1	U-01	suzukii	D. suzukii
A0AB39ZFA1	1	U-01	suzukii	D. suzukii
A0AB39ZFA3	2	U-02	suzukii	D. suzukii
A0AB39ZK06	3	U-03	suzukii	D. suzukii
A0AB39ZK17	1	U-01	suzukii	D. suzukii
A0AB39ZK18	3	U-03	suzukii	D. suzukii
A0AB39ZK20	1	U-01	suzukii	D. suzukii
A0AB39ZK24	1	U-01	suzukii	D. suzukii
A0AB39ZK25	1	U-01	suzukii	D. suzukii
A0AB39ZK26	1	U-01	suzukii	D. suzukii
A0AB39ZK28	1	U-01	suzukii	D. suzukii
A0AB39ZK29	2	U-02	suzukii	D. suzukii
A0AB39ZK34	1	U-01	suzukii	D. suzukii
A0AB39ZK36	1	U-01	suzukii	D. suzukii
A0AB39ZK39	0	unassigned	suzukii	D. suzukii
A0AB39ZK40	1	U-01	suzukii	D. suzukii
A0AB39ZK41	3	U-03	suzukii	D. suzukii
A0AB40A3D5	1	U-01	suzukii	D. suzukii
A0AB40A3D6	1	U-01	suzukii	D. suzukii
A0AB40A3D9	1	U-01	suzukii	D. suzukii
A0AB40A3E3	1	U-01	suzukii	D. suzukii
A0AB40A3E4	1	U-01	suzukii	D. suzukii
A0AB40A3E5	0	unassigned	suzukii	D. suzukii
A0AB40A3E8	0	unassigned	suzukii	D. suzukii
A0AB40A3F0	1	U-01	suzukii	D. suzukii
A0AB40A3F2	1	U-01	suzukii	D. suzukii
A0AB40A3F3	0	unassigned	suzukii	D. suzukii
A0AB40A3F4	0	unassigned	suzukii	D. suzukii
A0AB40A3G0	1	U-01	suzukii	D. suzukii
A0AB40A3G1	0	unassigned	suzukii	D. suzukii
A0AB40A3G7	3	U-03	suzukii	D. suzukii
A0AB40A3G8	2	U-02	suzukii	D. suzukii
A0AB40A3G9	1	U-01	suzukii	D. suzukii
A0AB40A3H2	0	unassigned	suzukii	D. suzukii
A0AB40A3H4	3	U-03	suzukii	D. suzukii
A0AB40A3H5	3	U-03	suzukii	D. suzukii
A0AB40A3H6	1	U-01	suzukii	D. suzukii
A0AB40A3H9	0	unassigned	suzukii	D. suzukii
A0AB40A3I0	0	unassigned	suzukii	D. suzukii
A0AB40A3I1	3	U-03	suzukii	D. suzukii
A0AB40A3I6	1	U-01	suzukii	D. suzukii
A0AB40A3J5	0	unassigned	suzukii	D. suzukii
A0AB40A3J6	0	unassigned	suzukii	D. suzukii
A0AB40A3J7	0	unassigned	suzukii	D. suzukii
A0AB40A3K0	1	U-01	suzukii	D. suzukii
A0AB40A3K1	0	unassigned	suzukii	D. suzukii
A0AB40A3K2	0	unassigned	suzukii	D. suzukii
A0AB40A3K4	0	unassigned	suzukii	D. suzukii
A0AB40A3K8	1	U-01	suzukii	D. suzukii
A0AB40A3L1	0	unassigned	suzukii	D. suzukii
A0AB40A3L5	1	U-01	suzukii	D. suzukii
A0AB40A3L6	1	U-01	suzukii	D. suzukii
A0AB40A3L8	1	U-01	suzukii	D. suzukii
A0AB40A3M6	1	U-01	suzukii	D. suzukii
A0AB40A3N2	1	U-01	suzukii	D. suzukii
A0AB40A3N3	1	U-01	suzukii	D. suzukii
A0AB40A3N4	1	U-01	suzukii	D. suzukii
A0AB40A3N7	3	U-03	suzukii	D. suzukii
A0AB40A3N8	0	unassigned	suzukii	D. suzukii
A0AB40A3P1	0	unassigned	suzukii	D. suzukii
A0AB40A3P3	0	unassigned	suzukii	D. suzukii
A0AB40A3P4	1	U-01	suzukii	D. suzukii
A0AB40A3P8	0	unassigned	suzukii	D. suzukii
A0AB40A3Q2	1	U-01	suzukii	D. suzukii
A0AB40A3Q7	3	U-03	suzukii	D. suzukii
A0AB40A3R2	1	U-01	suzukii	D. suzukii
A0AB40A3R3	3	U-03	suzukii	D. suzukii
A0AB40A3R4	1	U-01	suzukii	D. suzukii
A0AB40A3R5	1	U-01	suzukii	D. suzukii
A0AB40A3R6	1	U-01	suzukii	D. suzukii
A0AB40A3R8	0	unassigned	suzukii	D. suzukii
A0AB40A3S0	1	U-01	suzukii	D. suzukii
A0AB40A3S2	1	U-01	suzukii	D. suzukii
A0AB40A3S3	1	U-01	suzukii	D. suzukii
A0AB40A3S4	1	U-01	suzukii	D. suzukii
A0AB40A3S6	0	unassigned	suzukii	D. suzukii
A0AB40A3T2	1	U-01	suzukii	D. suzukii
A0AB40A3T4	1	U-01	suzukii	D. suzukii
A0AB40A3T6	1	U-01	suzukii	D. suzukii
A0AB40A3T8	1	U-01	suzukii	D. suzukii
A0AB40A3U2	1	U-01	suzukii	D. suzukii
A0AB40A3U5	1	U-01	suzukii	D. suzukii
A0AB40A3U9	0	unassigned	suzukii	D. suzukii
A0AB40A3V0	1	U-01	suzukii	D. suzukii
A0AB40A3V1	1	U-01	suzukii	D. suzukii
A0AB40A3V3	1	U-01	suzukii	D. suzukii
A0AB40A3V7	1	U-01	suzukii	D. suzukii
A0AB40A7Y9	0	unassigned	suzukii	D. suzukii
A0AB40A7Z5	1	U-01	suzukii	D. suzukii
A0AB40A801	1	U-01	suzukii	D. suzukii
A0AB40A802	1	U-01	suzukii	D. suzukii
A0AB40A804	2	U-02	suzukii	D. suzukii
A0AB40A805	1	U-01	suzukii	D. suzukii
A0AB40A807	3	U-03	suzukii	D. suzukii
A0AB40A811	2	U-02	suzukii	D. suzukii
A0AB40A814	1	U-01	suzukii	D. suzukii
A0AB40A817	1	U-01	suzukii	D. suzukii
A0AB40A819	1	U-01	suzukii	D. suzukii
A0AB40A827	0	unassigned	suzukii	D. suzukii
A0AB40A829	1	U-01	suzukii	D. suzukii
A0AB40A830	1	U-01	suzukii	D. suzukii
A0AB40A831	1	U-01	suzukii	D. suzukii
A0AB40A834	1	U-01	suzukii	D. suzukii
A0AB40A835	1	U-01	suzukii	D. suzukii
A0AB40A836	1	U-01	suzukii	D. suzukii
A0AB40A838	1	U-01	suzukii	D. suzukii
A0AB40A840	1	U-01	suzukii	D. suzukii
A0AB40A842	1	U-01	suzukii	D. suzukii
A0AB40A849	1	U-01	suzukii	D. suzukii
A0AB40A850	1	U-01	suzukii	D. suzukii
A0AB40A851	2	U-02	suzukii	D. suzukii
A0AB40A853	1	U-01	suzukii	D. suzukii
A0AB40A856	1	U-01	suzukii	D. suzukii
A0AB40A858	1	U-01	suzukii	D. suzukii
A0AB40A859	0	unassigned	suzukii	D. suzukii
A0AB40A861	1	U-01	suzukii	D. suzukii
A0AB40A862	0	unassigned	suzukii	D. suzukii
A0ABM4TU88	1	U-01	suzukii	D. suzukii
A0ABM4TU91	0	unassigned	suzukii	D. suzukii
A0ABM4TU92	1	U-01	suzukii	D. suzukii
A0ABM4TU95	1	U-01	suzukii	D. suzukii
A0ABM4TUA1	3	U-03	suzukii	D. suzukii
A0ABM4TUA2	3	U-03	suzukii	D. suzukii
A0ABM4TUA3	1	U-01	suzukii	D. suzukii
A0ABM4TUA4	1	U-01	suzukii	D. suzukii
A0ABM4TUB4	3	U-03	suzukii	D. suzukii
A0ABM4TUB5	0	unassigned	suzukii	D. suzukii
A0ABM4TUB6	0	unassigned	suzukii	D. suzukii
A0ABM4TUB7	1	U-01	suzukii	D. suzukii
A0ABM4TUB8	2	U-02	suzukii	D. suzukii
A0ABM4TUC0	1	U-01	suzukii	D. suzukii
A0ABM4TUC1	1	U-01	suzukii	D. suzukii
A0ABM4TUC3	1	U-01	suzukii	D. suzukii
A0ABM4TUC5	1	U-01	suzukii	D. suzukii
A0ABM4TUC9	1	U-01	suzukii	D. suzukii
A0ABM4TUD0	1	U-01	suzukii	D. suzukii
A0ABM4TUD4	1	U-01	suzukii	D. suzukii
A0ABM4TUD5	1	U-01	suzukii	D. suzukii
A0ABM4TUE3	1	U-01	suzukii	D. suzukii
A0ABM4TUE5	0	unassigned	suzukii	D. suzukii
A0ABM4TUE6	0	unassigned	suzukii	D. suzukii
A0ABM4TUE7	0	unassigned	suzukii	D. suzukii
A0ABM4TUE9	0	unassigned	suzukii	D. suzukii
A0ABM4TUF0	0	unassigned	suzukii	D. suzukii
A0ABM4TUF2	1	U-01	suzukii	D. suzukii
A0ABM4TUF3	0	unassigned	suzukii	D. suzukii
A0ABM4TUF7	0	unassigned	suzukii	D. suzukii
A0ABM4TUG0	1	U-01	suzukii	D. suzukii
A0ABM4TUG2	1	U-01	suzukii	D. suzukii
A0ABM4TUG4	0	unassigned	suzukii	D. suzukii
A0ABM4TUG7	1	U-01	suzukii	D. suzukii
A0ABM4TUH0	1	U-01	suzukii	D. suzukii
A0ABM4TUH1	0	unassigned	suzukii	D. suzukii
A0ABM4TUH2	0	unassigned	suzukii	D. suzukii
A0ABM4TUH5	1	U-01	suzukii	D. suzukii
A0ABM4TUH6	1	U-01	suzukii	D. suzukii
A0ABM4TUH9	1	U-01	suzukii	D. suzukii
A0ABM4TUI2	1	U-01	suzukii	D. suzukii
A0ABM4TUI4	1	U-01	suzukii	D. suzukii
A0ABM4TUI7	1	U-01	suzukii	D. suzukii
A0ABM4TUI8	1	U-01	suzukii	D. suzukii
A0ABM4TUJ1	2	U-02	suzukii	D. suzukii
A0ABM4TUJ3	1	U-01	suzukii	D. suzukii
A0ABM4TUJ4	0	unassigned	suzukii	D. suzukii
A0ABM4TUJ6	0	unassigned	suzukii	D. suzukii
A0ABM4TWN1	3	U-03	suzukii	D. suzukii
A0ABM4TWN3	3	U-03	suzukii	D. suzukii
A0ABM4TWN4	1	U-01	suzukii	D. suzukii
A0ABM4TWN5	1	U-01	suzukii	D. suzukii
A0ABM4TWN7	1	U-01	suzukii	D. suzukii
A0ABM4TWP0	1	U-01	suzukii	D. suzukii
A0ABM4TWP1	1	U-01	suzukii	D. suzukii
A0ABM4TWP2	1	U-01	suzukii	D. suzukii
A0ABM4TWP5	1	U-01	suzukii	D. suzukii
A0ABM4TWP7	0	unassigned	suzukii	D. suzukii
A0ABM4TWQ0	1	U-01	suzukii	D. suzukii
A0ABM4TWQ1	1	U-01	suzukii	D. suzukii
A0ABM4TWQ2	3	U-03	suzukii	D. suzukii
A0ABM4TWQ3	1	U-01	suzukii	D. suzukii
A0ABM4TWQ4	1	U-01	suzukii	D. suzukii
A0ABM4TWQ5	1	U-01	suzukii	D. suzukii
A0ABM4TWQ8	1	U-01	suzukii	D. suzukii
A0ABM4TWQ9	1	U-01	suzukii	D. suzukii
A0ABM4TWR1	0	unassigned	suzukii	D. suzukii
A0ABM4TWR2	1	U-01	suzukii	D. suzukii
A0ABM4TWR3	1	U-01	suzukii	D. suzukii
A0ABM4TWR4	0	unassigned	suzukii	D. suzukii
A0ABM4TWR5	1	U-01	suzukii	D. suzukii
A0ABM4TWR6	1	U-01	suzukii	D. suzukii
A0ABM4TWR7	0	unassigned	suzukii	D. suzukii
A0ABM4TWR9	1	U-01	suzukii	D. suzukii
A0ABM4TWS0	0	unassigned	suzukii	D. suzukii
A0ABM4TWS1	1	U-01	suzukii	D. suzukii
A0ABM4TWS3	3	U-03	suzukii	D. suzukii
A0ABM4TWS6	0	unassigned	suzukii	D. suzukii
A0ABM4TWS9	3	U-03	suzukii	D. suzukii
A0ABM4TWT2	1	U-01	suzukii	D. suzukii
A0ABM4TWT3	1	U-01	suzukii	D. suzukii
A0ABM4TWT4	1	U-01	suzukii	D. suzukii
A0ABM4TWT5	1	U-01	suzukii	D. suzukii
A0ABM4TWT6	1	U-01	suzukii	D. suzukii
A0ABM4TWT7	1	U-01	suzukii	D. suzukii
A0ABM4TWT8	1	U-01	suzukii	D. suzukii
A0ABM4TWT9	1	U-01	suzukii	D. suzukii
A0ABM4TWU0	1	U-01	suzukii	D. suzukii
A0ABM4TWU2	1	U-01	suzukii	D. suzukii
A0ABM4TWU3	1	U-01	suzukii	D. suzukii
A0ABM4TWU4	1	U-01	suzukii	D. suzukii
A0ABM4TWU6	1	U-01	suzukii	D. suzukii
A0ABM4TWU8	1	U-01	suzukii	D. suzukii
A0ABM4TWV0	0	unassigned	suzukii	D. suzukii
A0ABM4TWV1	0	unassigned	suzukii	D. suzukii
A0ABM4TWV3	1	U-01	suzukii	D. suzukii
A0ABM4TWV4	1	U-01	suzukii	D. suzukii
A0ABM4TWV6	0	unassigned	suzukii	D. suzukii
A0ABM4TWV8	0	unassigned	suzukii	D. suzukii
A0ABM4TWW2	0	unassigned	suzukii	D. suzukii
A0AB39ZMG9	2	U-02	suzukii	D. suzukii
A0AB39ZMH3	2	U-02	suzukii	D. suzukii
A0AB39ZMH5	1	U-01	suzukii	D. suzukii
A0AB39ZMH8	1	U-01	suzukii	D. suzukii
A0AB39ZMI1	1	U-01	suzukii	D. suzukii
A0AB39ZMI2	1	U-01	suzukii	D. suzukii
A0AB39ZMI4	1	U-01	suzukii	D. suzukii
A0AB39ZMI5	1	U-01	suzukii	D. suzukii
A0AB39ZMI7	1	U-01	suzukii	D. suzukii
A0AB39ZMJ2	1	U-01	suzukii	D. suzukii
A0AB39ZMJ3	1	U-01	suzukii	D. suzukii
A0AB39ZMJ4	1	U-01	suzukii	D. suzukii
A0AB39ZMJ6	1	U-01	suzukii	D. suzukii
A0AB39ZMJ7	1	U-01	suzukii	D. suzukii
A0AB39ZMJ8	1	U-01	suzukii	D. suzukii
A0AB39ZML3	1	U-01	suzukii	D. suzukii
A0AB39ZML4	1	U-01	suzukii	D. suzukii
A0AB39ZML8	1	U-01	suzukii	D. suzukii
A0AB39ZMM2	0	unassigned	suzukii	D. suzukii
A0AB39ZMM5	2	U-02	suzukii	D. suzukii
A0AB39ZMM7	1	U-01	suzukii	D. suzukii
A0AB39ZVK7	1	U-01	suzukii	D. suzukii
A0AB39ZVK8	0	unassigned	suzukii	D. suzukii
A0AB39ZVK9	2	U-02	suzukii	D. suzukii
A0AB39ZVL5	1	U-01	suzukii	D. suzukii
A0AB39ZVL8	1	U-01	suzukii	D. suzukii
A0AB39ZVM4	1	U-01	suzukii	D. suzukii
A0AB39ZVM8	1	U-01	suzukii	D. suzukii
A0AB39ZVN0	1	U-01	suzukii	D. suzukii
A0AB39ZVN1	1	U-01	suzukii	D. suzukii
A0AB39ZVN7	1	U-01	suzukii	D. suzukii
A0AB39ZVP0	3	U-03	suzukii	D. suzukii
A0AB39ZVP2	1	U-01	suzukii	D. suzukii
A0AB39ZVP7	1	U-01	suzukii	D. suzukii
A0AB39ZVQ0	1	U-01	suzukii	D. suzukii
A0AB39ZVQ3	1	U-01	suzukii	D. suzukii
A0AB39ZVR0	1	U-01	suzukii	D. suzukii
A0AB39ZVR4	2	U-02	suzukii	D. suzukii
A0AB39ZVR6	1	U-01	suzukii	D. suzukii
A0AB39ZVR9	1	U-01	suzukii	D. suzukii
A0AB39ZVT0	1	U-01	suzukii	D. suzukii
A0AB39ZVT1	1	U-01	suzukii	D. suzukii
A0AB39ZVU2	1	U-01	suzukii	D. suzukii
A0AB39ZVU4	1	U-01	suzukii	D. suzukii
A0AB39ZVU8	0	unassigned	suzukii	D. suzukii
A0AB39ZVV3	1	U-01	suzukii	D. suzukii
A0AB39ZVV5	0	unassigned	suzukii	D. suzukii
A0AB39ZVV8	1	U-01	suzukii	D. suzukii
A0AB39ZVV9	1	U-01	suzukii	D. suzukii
A0AB39ZVW0	1	U-01	suzukii	D. suzukii
A0AB39ZVW1	1	U-01	suzukii	D. suzukii
A0AB39ZVW3	3	U-03	suzukii	D. suzukii
A0AB39ZVW9	1	U-01	suzukii	D. suzukii
A0AB39ZVX6	0	unassigned	suzukii	D. suzukii
A0AB39ZVX7	1	U-01	suzukii	D. suzukii
A0AB39ZVY0	1	U-01	suzukii	D. suzukii
A0AB39ZVY1	1	U-01	suzukii	D. suzukii
A0AB39ZVY2	1	U-01	suzukii	D. suzukii
A0AB39ZVY4	3	U-03	suzukii	D. suzukii
A0AB39ZVY5	1	U-01	suzukii	D. suzukii
A0AB39ZVY6	1	U-01	suzukii	D. suzukii
A0AB39ZVY7	1	U-01	suzukii	D. suzukii
A0AB39ZVY9	1	U-01	suzukii	D. suzukii
A0AB39ZVZ6	2	U-02	suzukii	D. suzukii
A0AB39ZVZ9	2	U-02	suzukii	D. suzukii
A0AB39ZW01	1	U-01	suzukii	D. suzukii
A0AB39ZW02	3	U-03	suzukii	D. suzukii
A0AB39ZW08	1	U-01	suzukii	D. suzukii
A0AB39ZW09	1	U-01	suzukii	D. suzukii
A0AB39ZW17	1	U-01	suzukii	D. suzukii
A0AB39ZW19	1	U-01	suzukii	D. suzukii
A0AB39ZW22	1	U-01	suzukii	D. suzukii
A0AB39ZW26	1	U-01	suzukii	D. suzukii
A0AB39ZW28	2	U-02	suzukii	D. suzukii
A0AB39ZW30	1	U-01	suzukii	D. suzukii
A0AB39ZW31	2	U-02	suzukii	D. suzukii
A0AB39ZW35	0	unassigned	suzukii	D. suzukii
A0AB39ZW36	0	unassigned	suzukii	D. suzukii
A0AB39ZW40	3	U-03	suzukii	D. suzukii
A0AB39ZW41	2	U-02	suzukii	D. suzukii
A0AB39ZW42	1	U-01	suzukii	D. suzukii
A0AB39ZW44	1	U-01	suzukii	D. suzukii
A0AB39ZW46	1	U-01	suzukii	D. suzukii
A0AB39ZW50	1	U-01	suzukii	D. suzukii
A0AB39ZW52	1	U-01	suzukii	D. suzukii
A0AB39ZW53	1	U-01	suzukii	D. suzukii
A0AB39ZW60	1	U-01	suzukii	D. suzukii
A0AB39ZW61	1	U-01	suzukii	D. suzukii
A0AB39ZW64	1	U-01	suzukii	D. suzukii
A0AB39ZW68	2	U-02	suzukii	D. suzukii
A0AB39ZW70	1	U-01	suzukii	D. suzukii
A0AB39ZW72	1	U-01	suzukii	D. suzukii
A0AB39ZW74	0	unassigned	suzukii	D. suzukii
A0AB39ZW75	1	U-01	suzukii	D. suzukii
A0AB39ZW79	0	unassigned	suzukii	D. suzukii
A0AB39ZW83	2	U-02	suzukii	D. suzukii
A0AB39ZW84	1	U-01	suzukii	D. suzukii
A0AB39ZW85	1	U-01	suzukii	D. suzukii
A0AB39ZW86	1	U-01	suzukii	D. suzukii
A0AB39ZW88	1	U-01	suzukii	D. suzukii
A0AB39Z3W9	2	U-02	suzukii	D. suzukii
A0AB39Z3X0	1	U-01	suzukii	D. suzukii
A0AB39Z3X2	1	U-01	suzukii	D. suzukii
A0AB39Z3X3	1	U-01	suzukii	D. suzukii
A0AB39Z3X4	1	U-01	suzukii	D. suzukii
A0AB39Z3X5	3	U-03	suzukii	D. suzukii
A0AB39Z3X7	2	U-02	suzukii	D. suzukii
A0AB39Z3Y0	1	U-01	suzukii	D. suzukii
A0AB39Z3Y2	1	U-01	suzukii	D. suzukii
A0AB39Z3Y3	1	U-01	suzukii	D. suzukii
A0AB39Z3Y4	1	U-01	suzukii	D. suzukii
A0AB39Z3Y5	1	U-01	suzukii	D. suzukii
A0AB39Z3Y6	1	U-01	suzukii	D. suzukii
A0AB39Z3Y7	1	U-01	suzukii	D. suzukii
A0AB39Z3Y9	1	U-01	suzukii	D. suzukii
A0AB39Z3Z2	1	U-01	suzukii	D. suzukii
A0AB39Z3Z3	0	unassigned	suzukii	D. suzukii
A0AB39Z3Z4	1	U-01	suzukii	D. suzukii
A0AB39Z3Z6	0	unassigned	suzukii	D. suzukii
A0AB39Z3Z7	1	U-01	suzukii	D. suzukii
A0AB39Z3Z8	0	unassigned	suzukii	D. suzukii
A0AB39Z3Z9	1	U-01	suzukii	D. suzukii
A0AB39Z400	1	U-01	suzukii	D. suzukii
A0AB39Z403	1	U-01	suzukii	D. suzukii
A0AB39Z404	1	U-01	suzukii	D. suzukii
A0AB39Z406	1	U-01	suzukii	D. suzukii
A0AB39Z407	1	U-01	suzukii	D. suzukii
A0AB39Z410	3	U-03	suzukii	D. suzukii
A0AB39Z412	1	U-01	suzukii	D. suzukii
A0AB39Z413	1	U-01	suzukii	D. suzukii
A0AB39Z414	1	U-01	suzukii	D. suzukii
A0AB39Z416	1	U-01	suzukii	D. suzukii
A0AB39Z419	1	U-01	suzukii	D. suzukii
A0AB39Z421	1	U-01	suzukii	D. suzukii
A0AB39Z422	1	U-01	suzukii	D. suzukii
A0AB39Z424	0	unassigned	suzukii	D. suzukii
A0AB39Z425	3	U-03	suzukii	D. suzukii
A0AB39Z426	1	U-01	suzukii	D. suzukii
A0AB39Z427	1	U-01	suzukii	D. suzukii
A0AB39Z428	1	U-01	suzukii	D. suzukii
A0AB39Z429	1	U-01	suzukii	D. suzukii
A0AB39Z430	1	U-01	suzukii	D. suzukii
A0AB39Z432	1	U-01	suzukii	D. suzukii
A0AB39Z434	1	U-01	suzukii	D. suzukii
A0AB39Z435	1	U-01	suzukii	D. suzukii
A0AB39Z437	2	U-02	suzukii	D. suzukii
A0AB39Z438	3	U-03	suzukii	D. suzukii
A0AB39Z440	1	U-01	suzukii	D. suzukii
A0AB39Z441	1	U-01	suzukii	D. suzukii
A0AB39Z442	0	unassigned	suzukii	D. suzukii
A0AB39Z443	1	U-01	suzukii	D. suzukii
A0AB39Z444	1	U-01	suzukii	D. suzukii
A0AB39Z445	1	U-01	suzukii	D. suzukii
A0AB39Z446	1	U-01	suzukii	D. suzukii
A0AB39Z447	1	U-01	suzukii	D. suzukii
A0AB39Z448	1	U-01	suzukii	D. suzukii
A0AB39Z449	1	U-01	suzukii	D. suzukii
A0AB39Z451	0	unassigned	suzukii	D. suzukii
A0AB39Z452	1	U-01	suzukii	D. suzukii
A0AB39Z454	0	unassigned	suzukii	D. suzukii
A0AB39Z455	1	U-01	suzukii	D. suzukii
A0AB39Z456	0	unassigned	suzukii	D. suzukii
A0AB39Z457	1	U-01	suzukii	D. suzukii
A0AB39Z458	1	U-01	suzukii	D. suzukii
A0AB39Z460	1	U-01	suzukii	D. suzukii
A0AB39Z463	1	U-01	suzukii	D. suzukii
A0AB39Z464	0	unassigned	suzukii	D. suzukii
A0AB39Z465	1	U-01	suzukii	D. suzukii
A0AB39Z466	1	U-01	suzukii	D. suzukii
A0AB39Z467	1	U-01	suzukii	D. suzukii
A0AB39Z468	0	unassigned	suzukii	D. suzukii
A0AB39Z469	1	U-01	suzukii	D. suzukii
A0AB39Z471	2	U-02	suzukii	D. suzukii
A0AB39Z474	0	unassigned	suzukii	D. suzukii
A0AB39Z475	1	U-01	suzukii	D. suzukii
A0AB39Z476	3	U-03	suzukii	D. suzukii
A0AB39Z477	3	U-03	suzukii	D. suzukii
A0AB39Z478	1	U-01	suzukii	D. suzukii
A0AB39Z479	1	U-01	suzukii	D. suzukii
A0AB39Z481	0	unassigned	suzukii	D. suzukii
A0AB39Z482	1	U-01	suzukii	D. suzukii
A0AB39Z483	1	U-01	suzukii	D. suzukii
A0AB39Z484	2	U-02	suzukii	D. suzukii
A0AB39Z485	1	U-01	suzukii	D. suzukii
A0AB39Z486	1	U-01	suzukii	D. suzukii
A0AB39Z487	1	U-01	suzukii	D. suzukii
A0AB39Z488	1	U-01	suzukii	D. suzukii
A0AB39Z489	0	unassigned	suzukii	D. suzukii
A0AB39Z491	1	U-01	suzukii	D. suzukii
A0AB39Z492	1	U-01	suzukii	D. suzukii
A0AB39Z493	1	U-01	suzukii	D. suzukii
A0AB39Z494	2	U-02	suzukii	D. suzukii
A0AB39Z496	2	U-02	suzukii	D. suzukii
A0AB39Z498	1	U-01	suzukii	D. suzukii
A0AB39Z499	1	U-01	suzukii	D. suzukii
A0AB39Z9P6	1	U-01	suzukii	D. suzukii
A0AB39Z9P7	1	U-01	suzukii	D. suzukii
A0AB39Z9Q0	1	U-01	suzukii	D. suzukii
A0AB39Z9Q1	1	U-01	suzukii	D. suzukii
A0AB39Z9Q2	1	U-01	suzukii	D. suzukii
A0AB40D464	0	unassigned	suzukii	D. suzukii
A0AB40D474	0	unassigned	suzukii	D. suzukii
A0AB40D481	0	unassigned	suzukii	D. suzukii
A0AB40D484	1	U-01	suzukii	D. suzukii
A0AB40D4A3	1	U-01	suzukii	D. suzukii
A0AB40D4A8	0	unassigned	suzukii	D. suzukii
A0AB40D4A9	0	unassigned	suzukii	D. suzukii
A0AB40D4B3	0	unassigned	suzukii	D. suzukii
A0AB40D4B6	0	unassigned	suzukii	D. suzukii
A0AB40D4B7	1	U-01	suzukii	D. suzukii
A0AB40D4D1	1	U-01	suzukii	D. suzukii
A0AB40D4D2	1	U-01	suzukii	D. suzukii
A0AB40D4D4	1	U-01	suzukii	D. suzukii
A0AB40D4E0	1	U-01	suzukii	D. suzukii
A0AB40D4E4	1	U-01	suzukii	D. suzukii
A0AB40D4E7	1	U-01	suzukii	D. suzukii
A0AB40D4F0	0	unassigned	suzukii	D. suzukii
A0AB40D4G2	1	U-01	suzukii	D. suzukii
A0AB40D4H1	1	U-01	suzukii	D. suzukii
A0AB40D4I1	1	U-01	suzukii	D. suzukii
A0AB40D4J5	1	U-01	suzukii	D. suzukii
A0AB40D4J6	1	U-01	suzukii	D. suzukii
A0AB40D4K8	0	unassigned	suzukii	D. suzukii
A0AB40D4M9	0	unassigned	suzukii	D. suzukii
A0AB40D4P0	0	unassigned	suzukii	D. suzukii
A0AB40D4P4	0	unassigned	suzukii	D. suzukii
A0AB40D4Q2	1	U-01	suzukii	D. suzukii
A0AB40D4R7	0	unassigned	suzukii	D. suzukii
A0AB40D4S1	0	unassigned	suzukii	D. suzukii
A0AB40D4S6	0	unassigned	suzukii	D. suzukii
A0AB40D4V0	2	U-02	suzukii	D. suzukii
A0AB40D4V1	1	U-01	suzukii	D. suzukii
A0AB40D4V3	1	U-01	suzukii	D. suzukii
A0AB40D4V7	0	unassigned	suzukii	D. suzukii
A0AB40D500	1	U-01	suzukii	D. suzukii
A0AB40D507	1	U-01	suzukii	D. suzukii
A0AB40D510	1	U-01	suzukii	D. suzukii
A0AB40D521	1	U-01	suzukii	D. suzukii
A0AB40D540	0	unassigned	suzukii	D. suzukii
A0AB40D542	3	U-03	suzukii	D. suzukii
A0AB40D570	0	unassigned	suzukii	D. suzukii
A0AB40D573	0	unassigned	suzukii	D. suzukii
A0AB40D583	1	U-01	suzukii	D. suzukii
A0AB40D588	1	U-01	suzukii	D. suzukii
A0AB40D593	1	U-01	suzukii	D. suzukii
A0AB40D5A2	1	U-01	suzukii	D. suzukii
A0AB40D5A3	0	unassigned	suzukii	D. suzukii
A0AB40D5A4	2	U-02	suzukii	D. suzukii
A0AB40D5B6	3	U-03	suzukii	D. suzukii
A0AB40D5B9	1	U-01	suzukii	D. suzukii
A0AB40D5C8	1	U-01	suzukii	D. suzukii
A0AB40D5D5	0	unassigned	suzukii	D. suzukii
A0AB40D5E0	1	U-01	suzukii	D. suzukii
A0AB40D5E1	1	U-01	suzukii	D. suzukii
A0AB40D5G0	1	U-01	suzukii	D. suzukii
A0AB40D5I0	1	U-01	suzukii	D. suzukii
A0AB40D5I9	0	unassigned	suzukii	D. suzukii
A0AB40D5K0	1	U-01	suzukii	D. suzukii
A0AB40D5K6	1	U-01	suzukii	D. suzukii
A0AB40D5K8	0	unassigned	suzukii	D. suzukii
A0AB40D5L7	0	unassigned	suzukii	D. suzukii
A0AB40D5M7	0	unassigned	suzukii	D. suzukii
A0AB40D5N8	1	U-01	suzukii	D. suzukii
A0AB40D5P9	1	U-01	suzukii	D. suzukii
A0AB40D5Q4	1	U-01	suzukii	D. suzukii
A0AB40D5Q7	0	unassigned	suzukii	D. suzukii
A0AB40D5R0	1	U-01	suzukii	D. suzukii
A0AB40D5S6	1	U-01	suzukii	D. suzukii
A0AB40D5T1	1	U-01	suzukii	D. suzukii
A0AB40D5T9	0	unassigned	suzukii	D. suzukii
A0AB40D5U6	0	unassigned	suzukii	D. suzukii
A0AB40D5V2	2	U-02	suzukii	D. suzukii
A0AB40D5V6	0	unassigned	suzukii	D. suzukii
A0AB40D5W2	0	unassigned	suzukii	D. suzukii
A0AB40D5X4	1	U-01	suzukii	D. suzukii
A0AB40D5X6	1	U-01	suzukii	D. suzukii
A0AB40D5Z9	2	U-02	suzukii	D. suzukii
A0AB40D603	1	U-01	suzukii	D. suzukii
A0AB40D605	0	unassigned	suzukii	D. suzukii
A0AB40D607	1	U-01	suzukii	D. suzukii
A0AB40D616	1	U-01	suzukii	D. suzukii
A0AB40D626	1	U-01	suzukii	D. suzukii
A0AB40DHX1	0	unassigned	suzukii	D. suzukii
A0AB40DHX5	1	U-01	suzukii	D. suzukii
A0AB40DHY6	1	U-01	suzukii	D. suzukii
A0AB40DHY7	0	unassigned	suzukii	D. suzukii
A0AB40DHY9	1	U-01	suzukii	D. suzukii
A0AB40DHZ4	1	U-01	suzukii	D. suzukii
A0AB40DHZ8	1	U-01	suzukii	D. suzukii
A0AB40DI00	1	U-01	suzukii	D. suzukii
A0AB40DI04	1	U-01	suzukii	D. suzukii
A0AB40DI06	1	U-01	suzukii	D. suzukii
A0AB40DI09	3	U-03	suzukii	D. suzukii
A0AB40DI11	1	U-01	suzukii	D. suzukii
A0AB40DI15	1	U-01	suzukii	D. suzukii
A0AB40DI20	1	U-01	suzukii	D. suzukii
A0AB40DI21	1	U-01	suzukii	D. suzukii
A0AB40DI25	1	U-01	suzukii	D. suzukii
A0AB40DI28	1	U-01	suzukii	D. suzukii
A0AB40DI29	1	U-01	suzukii	D. suzukii
A0AB40DKV6	1	U-01	suzukii	D. suzukii
A0AB40DKY7	3	U-03	suzukii	D. suzukii
A0AB40DL04	0	unassigned	suzukii	D. suzukii
A0AB40DL05	1	U-01	suzukii	D. suzukii
A0AB40DL33	2	U-02	suzukii	D. suzukii
A0AB40DL42	1	U-01	suzukii	D. suzukii
A0AB40DL55	1	U-01	suzukii	D. suzukii
A0AB40DL75	1	U-01	suzukii	D. suzukii
A0AB40DLB3	1	U-01	suzukii	D. suzukii
A0AB40DLB5	1	U-01	suzukii	D. suzukii
A0AB40DLG2	1	U-01	suzukii	D. suzukii
A0AB40DLH0	1	U-01	suzukii	D. suzukii
A0AB40DLH1	0	unassigned	suzukii	D. suzukii
A0AB40DLJ4	1	U-01	suzukii	D. suzukii
A0AB40DLK0	1	U-01	suzukii	D. suzukii
A0AB40DLM6	1	U-01	suzukii	D. suzukii
A0AB40DLN5	1	U-01	suzukii	D. suzukii
A0AB40DLR3	2	U-02	suzukii	D. suzukii
A0AB40DLV1	2	U-02	suzukii	D. suzukii
A0AB40DLW6	0	unassigned	suzukii	D. suzukii
A0AB40DM28	1	U-01	suzukii	D. suzukii
A0AB40DM85	1	U-01	suzukii	D. suzukii
A0AB40DM99	1	U-01	suzukii	D. suzukii
A0AB40DMA5	1	U-01	suzukii	D. suzukii
A0AB40DMB4	1	U-01	suzukii	D. suzukii
A0AB40DMB5	1	U-01	suzukii	D. suzukii
A0AB40DMG8	0	unassigned	suzukii	D. suzukii
A0AB40DMI8	2	U-02	suzukii	D. suzukii
A0AB40DML1	3	U-03	suzukii	D. suzukii
A0AB40DMM9	1	U-01	suzukii	D. suzukii
A0AB40DMP7	0	unassigned	suzukii	D. suzukii
A0AB40DMQ0	0	unassigned	suzukii	D. suzukii
A0AB40DMQ1	1	U-01	suzukii	D. suzukii
A0AB40DMR2	0	unassigned	suzukii	D. suzukii
A0AB40DMR9	0	unassigned	suzukii	D. suzukii
A0AB40DMS1	1	U-01	suzukii	D. suzukii
A0AB40DMV9	0	unassigned	suzukii	D. suzukii
A0AB40DMZ5	1	U-01	suzukii	D. suzukii
A0AB40DN28	1	U-01	suzukii	D. suzukii
A0AB40DN36	3	U-03	suzukii	D. suzukii
A0AB40DN40	1	U-01	suzukii	D. suzukii
A0AB40DN54	1	U-01	suzukii	D. suzukii
A0AB40DNC8	1	U-01	suzukii	D. suzukii
A0AB40DND2	2	U-02	suzukii	D. suzukii
A0AB40DND5	1	U-01	suzukii	D. suzukii
A0ABM4TK76	1	U-01	suzukii	D. suzukii
A0ABM4TK84	2	U-02	suzukii	D. suzukii
A0ABM4TKA0	1	U-01	suzukii	D. suzukii
A0ABM4TKE4	0	unassigned	suzukii	D. suzukii
A0ABM4TKK0	2	U-02	suzukii	D. suzukii
A0ABM4TL70	1	U-01	suzukii	D. suzukii
A0ABM4TL74	1	U-01	suzukii	D. suzukii
A0ABM4TL84	1	U-01	suzukii	D. suzukii
A0ABM4TLC1	2	U-02	suzukii	D. suzukii
A0ABM4TLG6	2	U-02	suzukii	D. suzukii
A0ABM4TLH5	0	unassigned	suzukii	D. suzukii
A0ABM4TLH6	0	unassigned	suzukii	D. suzukii
A0ABM4TLH7	0	unassigned	suzukii	D. suzukii
A0ABM4TLI1	0	unassigned	suzukii	D. suzukii
A0ABM4TLI3	0	unassigned	suzukii	D. suzukii
A0ABM4TLI4	0	unassigned	suzukii	D. suzukii
A0ABM4TLI5	0	unassigned	suzukii	D. suzukii
A0AB39YZT5	0	unassigned	suzukii	D. suzukii
A0AB39YZT7	1	U-01	suzukii	D. suzukii
A0AB39YZU3	1	U-01	suzukii	D. suzukii
A0AB39YZU4	1	U-01	suzukii	D. suzukii
A0AB39YZU8	1	U-01	suzukii	D. suzukii
A0AB39YZV4	2	U-02	suzukii	D. suzukii
A0AB39YZV5	1	U-01	suzukii	D. suzukii
A0AB39YZV6	1	U-01	suzukii	D. suzukii
A0AB39YZV7	1	U-01	suzukii	D. suzukii
A0AB39YZW9	1	U-01	suzukii	D. suzukii
A0AB39YZX8	1	U-01	suzukii	D. suzukii
A0AB39YZX9	1	U-01	suzukii	D. suzukii
A0AB39YZY0	1	U-01	suzukii	D. suzukii
A0AB39YZY2	1	U-01	suzukii	D. suzukii
A0AB39YZY4	2	U-02	suzukii	D. suzukii
A0AB39YZY7	1	U-01	suzukii	D. suzukii
A0AB39YZZ1	1	U-01	suzukii	D. suzukii
A0AB39YZZ7	1	U-01	suzukii	D. suzukii
A0AB39YZZ8	1	U-01	suzukii	D. suzukii
A0AB39YZZ9	1	U-01	suzukii	D. suzukii
A0AB39Z001	1	U-01	suzukii	D. suzukii
A0AB39Z008	1	U-01	suzukii	D. suzukii
A0AB39Z011	1	U-01	suzukii	D. suzukii
A0AB39Z012	1	U-01	suzukii	D. suzukii
A0AB39Z016	1	U-01	suzukii	D. suzukii
A0AB39Z018	2	U-02	suzukii	D. suzukii
A0AB39Z021	2	U-02	suzukii	D. suzukii
A0AB39Z023	1	U-01	suzukii	D. suzukii
A0AB39Z033	1	U-01	suzukii	D. suzukii
A0AB39Z046	1	U-01	suzukii	D. suzukii
A0AB39Z052	1	U-01	suzukii	D. suzukii
A0AB39Z054	1	U-01	suzukii	D. suzukii
A0AB39Z062	2	U-02	suzukii	D. suzukii
A0AB39Z068	1	U-01	suzukii	D. suzukii
A0AB39Z070	2	U-02	suzukii	D. suzukii
A0AB39Z071	1	U-01	suzukii	D. suzukii
A0AB39Z078	1	U-01	suzukii	D. suzukii
A0AB39Z079	2	U-02	suzukii	D. suzukii
A0AB40DHZ5	1	U-01	suzukii	D. suzukii
A0AB40DI01	0	unassigned	suzukii	D. suzukii
A0AB40DI05	1	U-01	suzukii	D. suzukii
A0AB40DI12	0	unassigned	suzukii	D. suzukii
A0AB40DI17	1	U-01	suzukii	D. suzukii
A0AB40DI24	0	unassigned	suzukii	D. suzukii
A0AB40DI27	1	U-01	suzukii	D. suzukii
A0AB40DI30	1	U-01	suzukii	D. suzukii
A0AB40DI31	0	unassigned	suzukii	D. suzukii
A0AB40DI39	1	U-01	suzukii	D. suzukii
A0AB40DI51	0	unassigned	suzukii	D. suzukii
A0AB40DI55	3	U-03	suzukii	D. suzukii
A0AB40DI59	1	U-01	suzukii	D. suzukii
A0AB40DI70	0	unassigned	suzukii	D. suzukii
A0AB40DI72	2	U-02	suzukii	D. suzukii
A0AB40DI77	2	U-02	suzukii	D. suzukii
A0AB40DI82	0	unassigned	suzukii	D. suzukii
A0AB40DI86	1	U-01	suzukii	D. suzukii
A0AB40DI89	3	U-03	suzukii	D. suzukii
A0AB40DI93	2	U-02	suzukii	D. suzukii
A0AB40DI94	1	U-01	suzukii	D. suzukii
A0AB40DI97	1	U-01	suzukii	D. suzukii
A0AB40DI99	1	U-01	suzukii	D. suzukii
A0AB40DIA0	1	U-01	suzukii	D. suzukii
A0AB40DIA5	1	U-01	suzukii	D. suzukii
A0AB40DIB2	1	U-01	suzukii	D. suzukii
A0AB40DIB4	2	U-02	suzukii	D. suzukii
A0AB40DIC4	1	U-01	suzukii	D. suzukii
A0AB40DIC6	0	unassigned	suzukii	D. suzukii
A0AB40DID4	1	U-01	suzukii	D. suzukii
A0AB40DIF3	1	U-01	suzukii	D. suzukii
A0AB40DIG3	2	U-02	suzukii	D. suzukii
A0ABM4TMA9	1	U-01	suzukii	D. suzukii
A0ABM4TMB0	2	U-02	suzukii	D. suzukii
A0ABM4TMB1	1	U-01	suzukii	D. suzukii
A0ABM4TMB2	2	U-02	suzukii	D. suzukii
A0ABM4TMB5	1	U-01	suzukii	D. suzukii
A0ABM4TMB6	1	U-01	suzukii	D. suzukii
A0ABM4TMB7	1	U-01	suzukii	D. suzukii
A0ABM4TMC0	0	unassigned	suzukii	D. suzukii
A0ABM4TMC1	1	U-01	suzukii	D. suzukii
A0ABM4TMC2	0	unassigned	suzukii	D. suzukii
A0ABM4TMC4	0	unassigned	suzukii	D. suzukii
A0ABM4TMC5	0	unassigned	suzukii	D. suzukii
A0ABM4TMC8	0	unassigned	suzukii	D. suzukii
A0ABM4TMC9	0	unassigned	suzukii	D. suzukii
A0ABM4TMD0	0	unassigned	suzukii	D. suzukii
A0ABM4TMD1	0	unassigned	suzukii	D. suzukii
A0ABM4TMD2	0	unassigned	suzukii	D. suzukii
A0ABM4TMD3	0	unassigned	suzukii	D. suzukii
A0ABM4TMD4	0	unassigned	suzukii	D. suzukii
A0ABM4TMD5	0	unassigned	suzukii	D. suzukii
A0ABM4TMD6	0	unassigned	suzukii	D. suzukii
A0ABM4TMD7	0	unassigned	suzukii	D. suzukii
A0ABM4TMD8	0	unassigned	suzukii	D. suzukii
A0ABM4TMD9	0	unassigned	suzukii	D. suzukii
A0ABM4TME0	0	unassigned	suzukii	D. suzukii
A0ABM4TME1	0	unassigned	suzukii	D. suzukii
A0ABM4TME2	0	unassigned	suzukii	D. suzukii
A0ABM4TME3	0	unassigned	suzukii	D. suzukii
A0ABM4TME4	0	unassigned	suzukii	D. suzukii
A0ABM4TME5	0	unassigned	suzukii	D. suzukii
A0ABM4TME6	0	unassigned	suzukii	D. suzukii
A0ABM4TME7	0	unassigned	suzukii	D. suzukii
A0ABM4TME8	0	unassigned	suzukii	D. suzukii
A0ABM4TME9	0	unassigned	suzukii	D. suzukii
A0ABM4TMF0	0	unassigned	suzukii	D. suzukii
A0ABM4TMF1	0	unassigned	suzukii	D. suzukii
A0ABM4TMF2	0	unassigned	suzukii	D. suzukii
A0ABM4TMF3	0	unassigned	suzukii	D. suzukii
A0ABM4TMF4	0	unassigned	suzukii	D. suzukii
A0ABM4TMF5	0	unassigned	suzukii	D. suzukii
A0ABM4TMF6	0	unassigned	suzukii	D. suzukii
A0ABM4TMF7	0	unassigned	suzukii	D. suzukii
A0ABM4TMF8	0	unassigned	suzukii	D. suzukii
A0ABM4TMF9	0	unassigned	suzukii	D. suzukii
A0ABM4TMG0	0	unassigned	suzukii	D. suzukii
A0ABM4TMG1	0	unassigned	suzukii	D. suzukii
A0ABM4TMG2	0	unassigned	suzukii	D. suzukii
A0ABM4TMG3	0	unassigned	suzukii	D. suzukii
A0ABM4TMG4	0	unassigned	suzukii	D. suzukii
A0ABM4TMG5	0	unassigned	suzukii	D. suzukii
A0ABM4TMG6	0	unassigned	suzukii	D. suzukii
A0ABM4TMG7	0	unassigned	suzukii	D. suzukii
A0ABM4TMG8	0	unassigned	suzukii	D. suzukii
A0ABM4TMG9	0	unassigned	suzukii	D. suzukii
A0ABM4TMH0	0	unassigned	suzukii	D. suzukii
A0ABM4TMH2	0	unassigned	suzukii	D. suzukii
A0ABM4TMH7	0	unassigned	suzukii	D. suzukii
A0ABM4TMI2	0	unassigned	suzukii	D. suzukii
A0ABM4TMI4	0	unassigned	suzukii	D. suzukii
A0ABM4TMI5	0	unassigned	suzukii	D. suzukii
A0ABM4TMI6	1	U-01	suzukii	D. suzukii
A0ABM4TMI7	0	unassigned	suzukii	D. suzukii
A0ABM4TMI8	0	unassigned	suzukii	D. suzukii
A0ABM4TMI9	0	unassigned	suzukii	D. suzukii
A0ABM4TMJ0	0	unassigned	suzukii	D. suzukii
A0ABM4TMJ1	0	unassigned	suzukii	D. suzukii
A0ABM4TMJ2	0	unassigned	suzukii	D. suzukii
A0ABM4TMJ3	0	unassigned	suzukii	D. suzukii
A0AB39ZU61	1	U-01	suzukii	D. suzukii
A0AB39ZU65	1	U-01	suzukii	D. suzukii
A0AB39ZU70	1	U-01	suzukii	D. suzukii
A0AB39ZU74	1	U-01	suzukii	D. suzukii
A0AB39ZU76	3	U-03	suzukii	D. suzukii
A0AB39ZU77	1	U-01	suzukii	D. suzukii
A0AB39ZU81	1	U-01	suzukii	D. suzukii
A0AB39ZU82	1	U-01	suzukii	D. suzukii
A0AB39ZU88	3	U-03	suzukii	D. suzukii
A0AB39ZZF5	1	U-01	suzukii	D. suzukii
A0AB39ZZG0	0	unassigned	suzukii	D. suzukii
A0AB39ZZG1	1	U-01	suzukii	D. suzukii
A0AB39ZZG3	1	U-01	suzukii	D. suzukii
A0AB39ZZG5	1	U-01	suzukii	D. suzukii
A0AB39ZZG7	0	unassigned	suzukii	D. suzukii
A0AB39ZZG9	2	U-02	suzukii	D. suzukii
A0AB39ZZH2	1	U-01	suzukii	D. suzukii
A0AB39ZZH4	1	U-01	suzukii	D. suzukii
A0AB39ZZH7	1	U-01	suzukii	D. suzukii
A0AB39ZZH9	2	U-02	suzukii	D. suzukii
A0AB39ZZI0	1	U-01	suzukii	D. suzukii
A0AB39ZZI2	1	U-01	suzukii	D. suzukii
A0AB39ZZI8	2	U-02	suzukii	D. suzukii
A0AB39ZZI9	1	U-01	suzukii	D. suzukii
A0AB39ZZJ0	1	U-01	suzukii	D. suzukii
A0AB39ZZJ1	0	unassigned	suzukii	D. suzukii
A0AB39ZZJ3	1	U-01	suzukii	D. suzukii
A0AB39ZZJ4	1	U-01	suzukii	D. suzukii
A0AB39ZZJ6	1	U-01	suzukii	D. suzukii
A0AB39ZZJ8	1	U-01	suzukii	D. suzukii
A0AB39ZZJ9	1	U-01	suzukii	D. suzukii
A0AB39ZZK0	1	U-01	suzukii	D. suzukii
A0AB39ZZK2	2	U-02	suzukii	D. suzukii
A0AB39ZZK6	0	unassigned	suzukii	D. suzukii
A0AB39ZZK7	2	U-02	suzukii	D. suzukii
A0AB39ZZK8	0	unassigned	suzukii	D. suzukii
A0AB39ZZL2	1	U-01	suzukii	D. suzukii
A0AB39ZZL3	1	U-01	suzukii	D. suzukii
A0AB39ZZL6	1	U-01	suzukii	D. suzukii
A0AB39ZZL7	1	U-01	suzukii	D. suzukii
A0AB39ZZL8	0	unassigned	suzukii	D. suzukii
A0AB39ZZL9	0	unassigned	suzukii	D. suzukii
A0AB39ZZM3	1	U-01	suzukii	D. suzukii
A0AB39ZZM7	1	U-01	suzukii	D. suzukii
A0AB39ZZM9	3	U-03	suzukii	D. suzukii
A0AB39ZZN1	1	U-01	suzukii	D. suzukii
A0AB39ZZN4	1	U-01	suzukii	D. suzukii
A0AB39ZZN7	1	U-01	suzukii	D. suzukii
A0AB39ZZP0	0	unassigned	suzukii	D. suzukii
A0AB39ZZP1	0	unassigned	suzukii	D. suzukii
A0AB39ZZP2	1	U-01	suzukii	D. suzukii
A0AB39ZZP3	1	U-01	suzukii	D. suzukii
A0AB39ZZP4	1	U-01	suzukii	D. suzukii
A0AB39ZZP5	1	U-01	suzukii	D. suzukii
A0AB39ZZP8	1	U-01	suzukii	D. suzukii
A0AB39ZZP9	1	U-01	suzukii	D. suzukii
A0AB39ZZQ0	0	unassigned	suzukii	D. suzukii
A0AB39ZZQ1	1	U-01	suzukii	D. suzukii
A0AB39ZZQ3	1	U-01	suzukii	D. suzukii
A0AB39ZZQ7	1	U-01	suzukii	D. suzukii
A0AB39ZZR0	0	unassigned	suzukii	D. suzukii
A0AB39ZZR1	2	U-02	suzukii	D. suzukii
A0AB39ZZR2	3	U-03	suzukii	D. suzukii
A0AB39ZZR3	3	U-03	suzukii	D. suzukii
A0AB39ZZR4	1	U-01	suzukii	D. suzukii
A0AB39ZZR5	1	U-01	suzukii	D. suzukii
A0AB39ZZR6	1	U-01	suzukii	D. suzukii
A0AB39ZZS4	1	U-01	suzukii	D. suzukii
A0AB39ZZS6	1	U-01	suzukii	D. suzukii
A0AB39ZZS8	1	U-01	suzukii	D. suzukii
A0AB39ZZT0	0	unassigned	suzukii	D. suzukii
A0AB39ZZT1	1	U-01	suzukii	D. suzukii
A0AB39ZZT3	1	U-01	suzukii	D. suzukii
A0AB39ZZT4	1	U-01	suzukii	D. suzukii
A0AB39ZZT7	3	U-03	suzukii	D. suzukii
A0AB39ZZU0	0	unassigned	suzukii	D. suzukii
A0AB39ZZU1	1	U-01	suzukii	D. suzukii
A0AB39ZZU2	1	U-01	suzukii	D. suzukii
A0AB39ZZU4	3	U-03	suzukii	D. suzukii
A0AB39ZZU9	1	U-01	suzukii	D. suzukii
A0AB39ZZV1	0	unassigned	suzukii	D. suzukii
A0AB39ZZV2	1	U-01	suzukii	D. suzukii
A0AB39ZZV5	0	unassigned	suzukii	D. suzukii
A0AB39ZZV9	1	U-01	suzukii	D. suzukii
A0AB39ZZW0	0	unassigned	suzukii	D. suzukii
A0AB39ZZW4	1	U-01	suzukii	D. suzukii
A0AB39ZZW5	0	unassigned	suzukii	D. suzukii
A0AB39ZZW6	3	U-03	suzukii	D. suzukii
A0AB39ZZW7	1	U-01	suzukii	D. suzukii
A0AB39ZZW9	0	unassigned	suzukii	D. suzukii
A0AB39ZZX0	1	U-01	suzukii	D. suzukii
A0AB39ZZX8	1	U-01	suzukii	D. suzukii
A0AB39ZZY3	1	U-01	suzukii	D. suzukii
A0AB39ZZY4	1	U-01	suzukii	D. suzukii
A0AB39ZZY5	1	U-01	suzukii	D. suzukii
A0AB39ZZZ7	1	U-01	suzukii	D. suzukii
A0AB40A000	1	U-01	suzukii	D. suzukii
A0AB40A001	1	U-01	suzukii	D. suzukii
A0AB40A005	1	U-01	suzukii	D. suzukii
A0AB40A007	0	unassigned	suzukii	D. suzukii
A0ABM4TXT8	0	unassigned	suzukii	D. suzukii
A0ABM4TXT9	0	unassigned	suzukii	D. suzukii
A0ABM4TXU0	0	unassigned	suzukii	D. suzukii
A0ABM4TXU1	1	U-01	suzukii	D. suzukii
A0ABM4TXU2	0	unassigned	suzukii	D. suzukii
A0ABM4TXU3	1	U-01	suzukii	D. suzukii
A0ABM4TXU4	0	unassigned	suzukii	D. suzukii
A0ABM4TXU6	0	unassigned	suzukii	D. suzukii
A0ABM4TXU8	1	U-01	suzukii	D. suzukii
A0ABM4TXU9	0	unassigned	suzukii	D. suzukii
A0ABM4TXV0	1	U-01	suzukii	D. suzukii
A0ABM4TXV1	1	U-01	suzukii	D. suzukii
A0ABM4TXV2	0	unassigned	suzukii	D. suzukii
A0ABM4TXV3	1	U-01	suzukii	D. suzukii
A0ABM4TXV6	1	U-01	suzukii	D. suzukii
A0ABM4TXV7	0	unassigned	suzukii	D. suzukii
A0ABM4TXV8	1	U-01	suzukii	D. suzukii
A0ABM4TXW0	0	unassigned	suzukii	D. suzukii
A0ABM4TXW1	0	unassigned	suzukii	D. suzukii
A0ABM4TXW3	3	U-03	suzukii	D. suzukii
A0ABM4TXW4	1	U-01	suzukii	D. suzukii
A0ABM4TXW5	0	unassigned	suzukii	D. suzukii
A0ABM4TXW6	3	U-03	suzukii	D. suzukii
A0ABM4TXW8	0	unassigned	suzukii	D. suzukii
A0ABM4TXW9	0	unassigned	suzukii	D. suzukii
A0ABM4TXX0	3	U-03	suzukii	D. suzukii
A0ABM4TXX2	3	U-03	suzukii	D. suzukii
A0ABM4TXX5	1	U-01	suzukii	D. suzukii
A0ABM4TXX7	1	U-01	suzukii	D. suzukii
A0ABM4TXX8	3	U-03	suzukii	D. suzukii
A0ABM4TXX9	1	U-01	suzukii	D. suzukii
A0ABM4TXY1	1	U-01	suzukii	D. suzukii
A0ABM4TXY2	3	U-03	suzukii	D. suzukii
A0ABM4TXY3	1	U-01	suzukii	D. suzukii
A0ABM4TXY4	1	U-01	suzukii	D. suzukii
A0ABM4TXY6	1	U-01	suzukii	D. suzukii
A0ABM4TXY7	1	U-01	suzukii	D. suzukii
A0ABM4TXY8	1	U-01	suzukii	D. suzukii
A0ABM4TXZ0	1	U-01	suzukii	D. suzukii
A0ABM4TXZ1	1	U-01	suzukii	D. suzukii
A0ABM4TXZ2	0	unassigned	suzukii	D. suzukii
A0ABM4TXZ3	0	unassigned	suzukii	D. suzukii
A0ABM4TXZ4	0	unassigned	suzukii	D. suzukii
A0ABM4TXZ6	0	unassigned	suzukii	D. suzukii
A0ABM4TXZ7	1	U-01	suzukii	D. suzukii
A0ABM4TXZ8	0	unassigned	suzukii	D. suzukii
A0ABM4TXZ9	1	U-01	suzukii	D. suzukii
A0ABM4TY05	1	U-01	suzukii	D. suzukii
A0ABM4TY08	1	U-01	suzukii	D. suzukii
A0ABM4TY11	0	unassigned	suzukii	D. suzukii
A0ABM4TY12	0	unassigned	suzukii	D. suzukii
A0ABM4TY13	1	U-01	suzukii	D. suzukii
A0ABM4TY16	1	U-01	suzukii	D. suzukii
A0ABM4TY17	1	U-01	suzukii	D. suzukii
A0ABM4TY19	1	U-01	suzukii	D. suzukii
A0ABM4TY20	1	U-01	suzukii	D. suzukii
A0ABM4TY21	0	unassigned	suzukii	D. suzukii
A0ABM4TY27	1	U-01	suzukii	D. suzukii
A0ABM4TY30	1	U-01	suzukii	D. suzukii
A0ABM4TY31	1	U-01	suzukii	D. suzukii
A0ABM4TY32	1	U-01	suzukii	D. suzukii
A0ABM4TY37	3	U-03	suzukii	D. suzukii
A0ABM4TY39	1	U-01	suzukii	D. suzukii
A0ABM4TY40	1	U-01	suzukii	D. suzukii
A0ABM4TY43	1	U-01	suzukii	D. suzukii
A0ABM4TY45	1	U-01	suzukii	D. suzukii
A0ABM4TY49	1	U-01	suzukii	D. suzukii
A0ABM4TY50	1	U-01	suzukii	D. suzukii
A0ABM4TY51	1	U-01	suzukii	D. suzukii
A0ABM4TY52	1	U-01	suzukii	D. suzukii
A0ABM4TY54	1	U-01	suzukii	D. suzukii
A0ABM4TY59	1	U-01	suzukii	D. suzukii
A0ABM4TY60	0	unassigned	suzukii	D. suzukii
A0ABM4TY63	1	U-01	suzukii	D. suzukii
A0ABM4TY64	0	unassigned	suzukii	D. suzukii
A0ABM4TY65	2	U-02	suzukii	D. suzukii
A0ABM4TY71	1	U-01	suzukii	D. suzukii
A0ABM4TY73	1	U-01	suzukii	D. suzukii
A0ABM4TY74	0	unassigned	suzukii	D. suzukii
A0ABM4TY75	1	U-01	suzukii	D. suzukii
A0ABM4TY77	1	U-01	suzukii	D. suzukii
A0AB39ZKP0	0	unassigned	suzukii	D. suzukii
A0AB39ZKR6	1	U-01	suzukii	D. suzukii
A0AB39ZKS5	0	unassigned	suzukii	D. suzukii
A0AB39ZKX8	1	U-01	suzukii	D. suzukii
A0AB39ZL16	1	U-01	suzukii	D. suzukii
A0AB39ZL64	2	U-02	suzukii	D. suzukii
A0AB39ZL67	2	U-02	suzukii	D. suzukii
A0AB39ZL68	0	unassigned	suzukii	D. suzukii
A0AB39ZL69	1	U-01	suzukii	D. suzukii
A0AB39ZLA6	1	U-01	suzukii	D. suzukii
A0AB39ZLC1	1	U-01	suzukii	D. suzukii
A0AB39ZLD1	2	U-02	suzukii	D. suzukii
A0AB39ZLF6	1	U-01	suzukii	D. suzukii
A0AB39ZLG6	1	U-01	suzukii	D. suzukii
A0AB39ZLJ9	1	U-01	suzukii	D. suzukii
A0AB39ZLQ9	1	U-01	suzukii	D. suzukii
A0AB39ZLR1	2	U-02	suzukii	D. suzukii
A0AB39ZLS4	1	U-01	suzukii	D. suzukii
A0AB39ZLU1	1	U-01	suzukii	D. suzukii
A0AB39ZIE1	1	U-01	suzukii	D. suzukii
A0AB39ZIE2	1	U-01	suzukii	D. suzukii
A0AB39ZIE3	1	U-01	suzukii	D. suzukii
A0AB39ZIE6	3	U-03	suzukii	D. suzukii
A0AB39ZIE7	1	U-01	suzukii	D. suzukii
A0AB39ZIF2	1	U-01	suzukii	D. suzukii
A0AB39ZIF3	1	U-01	suzukii	D. suzukii
A0AB39ZIF5	2	U-02	suzukii	D. suzukii
A0AB39ZIF6	2	U-02	suzukii	D. suzukii
A0AB39ZIF8	1	U-01	suzukii	D. suzukii
A0AB39ZIG0	1	U-01	suzukii	D. suzukii
A0AB39ZIG2	1	U-01	suzukii	D. suzukii
A0AB39ZIG3	1	U-01	suzukii	D. suzukii
A0AB39ZIH1	1	U-01	suzukii	D. suzukii
A0AB39ZIH3	1	U-01	suzukii	D. suzukii
A0AB39ZIH6	1	U-01	suzukii	D. suzukii
A0AB39ZII1	2	U-02	suzukii	D. suzukii
A0AB39ZII5	2	U-02	suzukii	D. suzukii
A0AB39ZII6	2	U-02	suzukii	D. suzukii
A0AB39ZII8	1	U-01	suzukii	D. suzukii
A0AB39ZIJ0	1	U-01	suzukii	D. suzukii
A0AB39ZIK2	0	unassigned	suzukii	D. suzukii
A0AB39ZIK5	1	U-01	suzukii	D. suzukii
A0AB39ZIK6	0	unassigned	suzukii	D. suzukii
A0AB39ZIK8	1	U-01	suzukii	D. suzukii
A0AB39ZIL0	2	U-02	suzukii	D. suzukii
A0AB39ZIL3	1	U-01	suzukii	D. suzukii
A0AB39ZIM3	1	U-01	suzukii	D. suzukii
A0AB39ZIM4	1	U-01	suzukii	D. suzukii
A0AB39ZIM7	3	U-03	suzukii	D. suzukii
A0AB39ZIM9	1	U-01	suzukii	D. suzukii
A0AB39ZIN1	1	U-01	suzukii	D. suzukii
A0AB39ZIN2	2	U-02	suzukii	D. suzukii
A0AB39ZIP3	1	U-01	suzukii	D. suzukii
A0AB39ZIP4	2	U-02	suzukii	D. suzukii
A0AB39ZIP8	1	U-01	suzukii	D. suzukii
A0AB39ZIP9	1	U-01	suzukii	D. suzukii
A0AB39ZIQ1	1	U-01	suzukii	D. suzukii
A0AB39ZIQ3	2	U-02	suzukii	D. suzukii
A0AB39ZIQ5	1	U-01	suzukii	D. suzukii
A0AB39ZIQ8	1	U-01	suzukii	D. suzukii
A0AB39ZIR1	1	U-01	suzukii	D. suzukii
A0AB39ZIR6	2	U-02	suzukii	D. suzukii
A0AB39ZIR7	1	U-01	suzukii	D. suzukii
A0AB39ZIS0	2	U-02	suzukii	D. suzukii
A0AB39ZIS1	2	U-02	suzukii	D. suzukii
A0AB39ZIS7	1	U-01	suzukii	D. suzukii
A0AB39ZIT0	1	U-01	suzukii	D. suzukii
A0AB39ZIU2	1	U-01	suzukii	D. suzukii
A0AB39ZIU5	2	U-02	suzukii	D. suzukii
A0AB39ZIU8	1	U-01	suzukii	D. suzukii
A0AB39ZIV0	1	U-01	suzukii	D. suzukii
A0AB39ZIV5	0	unassigned	suzukii	D. suzukii
A0AB39ZIV6	1	U-01	suzukii	D. suzukii
A0AB39ZIW3	1	U-01	suzukii	D. suzukii
A0AB39ZIW4	0	unassigned	suzukii	D. suzukii
A0AB39ZIW9	2	U-02	suzukii	D. suzukii
A0AB39ZIX7	2	U-02	suzukii	D. suzukii
A0AB39ZIX8	2	U-02	suzukii	D. suzukii
A0AB39ZIY4	2	U-02	suzukii	D. suzukii
A0AB39ZIY6	1	U-01	suzukii	D. suzukii
A0AB39ZIZ0	1	U-01	suzukii	D. suzukii
A0AB39ZIZ9	1	U-01	suzukii	D. suzukii
A0AB39ZJ00	1	U-01	suzukii	D. suzukii
A0AB39ZJ10	1	U-01	suzukii	D. suzukii
A0AB39ZJ12	1	U-01	suzukii	D. suzukii
A0AB39ZSV6	1	U-01	suzukii	D. suzukii
A0AB39ZSV7	1	U-01	suzukii	D. suzukii
A0AB39ZSV8	1	U-01	suzukii	D. suzukii
A0AB39ZSW0	1	U-01	suzukii	D. suzukii
A0AB39ZSW2	1	U-01	suzukii	D. suzukii
A0AB39ZSW3	3	U-03	suzukii	D. suzukii
A0AB39ZSW4	1	U-01	suzukii	D. suzukii
A0AB39ZSW5	1	U-01	suzukii	D. suzukii
A0AB39ZSW8	3	U-03	suzukii	D. suzukii
A0AB39ZSX2	1	U-01	suzukii	D. suzukii
A0AB39ZSX3	1	U-01	suzukii	D. suzukii
A0AB39ZSX5	1	U-01	suzukii	D. suzukii
A0AB39ZSX7	3	U-03	suzukii	D. suzukii
A0AB39ZSX8	1	U-01	suzukii	D. suzukii
A0AB39ZSY1	1	U-01	suzukii	D. suzukii
A0AB39ZSY3	0	unassigned	suzukii	D. suzukii
A0AB39ZSY9	1	U-01	suzukii	D. suzukii
A0AB39ZSZ2	1	U-01	suzukii	D. suzukii
A0AB39ZSZ5	1	U-01	suzukii	D. suzukii
A0AB39ZT02	1	U-01	suzukii	D. suzukii
A0AB39ZT03	3	U-03	suzukii	D. suzukii
A0AB39ZT04	3	U-03	suzukii	D. suzukii
A0AB39ZT06	1	U-01	suzukii	D. suzukii
A0AB39ZT17	1	U-01	suzukii	D. suzukii
A0AB39ZT23	0	unassigned	suzukii	D. suzukii
A0AB39ZT27	1	U-01	suzukii	D. suzukii
A0AB39ZT37	1	U-01	suzukii	D. suzukii
A0AB39ZT39	1	U-01	suzukii	D. suzukii
A0AB39ZT42	1	U-01	suzukii	D. suzukii
A0AB39ZT47	2	U-02	suzukii	D. suzukii
A0AB39ZT50	1	U-01	suzukii	D. suzukii
A0AB39ZT56	2	U-02	suzukii	D. suzukii
A0AB39ZT58	1	U-01	suzukii	D. suzukii
A0AB39ZT62	2	U-02	suzukii	D. suzukii
A0ABM4TPJ2	0	unassigned	suzukii	D. suzukii
A0ABM4TPJ3	0	unassigned	suzukii	D. suzukii
A0ABM4TPJ4	1	U-01	suzukii	D. suzukii
A0ABM4TPJ6	0	unassigned	suzukii	D. suzukii
A0ABM4TPJ7	0	unassigned	suzukii	D. suzukii
A0ABM4TPK0	0	unassigned	suzukii	D. suzukii
A0ABM4TPK2	0	unassigned	suzukii	D. suzukii
A0ABM4TPK4	0	unassigned	suzukii	D. suzukii
A0ABM4TPL5	2	U-02	suzukii	D. suzukii
A0ABM4TPP4	1	U-01	suzukii	D. suzukii
A0ABM4TPP5	1	U-01	suzukii	D. suzukii
A0ABM4TPP9	1	U-01	suzukii	D. suzukii
A0ABM4TPQ2	0	unassigned	suzukii	D. suzukii
A0ABM4TPQ5	1	U-01	suzukii	D. suzukii
A0ABM4TPQ7	1	U-01	suzukii	D. suzukii
A0ABM4TPQ8	1	U-01	suzukii	D. suzukii
A0ABM4TPR4	1	U-01	suzukii	D. suzukii
A0ABM4TPR7	1	U-01	suzukii	D. suzukii
A0ABM4TPS0	2	U-02	suzukii	D. suzukii
A0ABM4TPS5	1	U-01	suzukii	D. suzukii
A0ABM4TPS7	0	unassigned	suzukii	D. suzukii
A0ABM4TPZ0	1	U-01	suzukii	D. suzukii
A0ABM4TQ11	2	U-02	suzukii	D. suzukii
A0ABM4TQ13	1	U-01	suzukii	D. suzukii
A0ABM4TQ23	1	U-01	suzukii	D. suzukii
A0ABM4TQ42	1	U-01	suzukii	D. suzukii
A0ABM4TQ45	1	U-01	suzukii	D. suzukii
A0ABM4TQ47	1	U-01	suzukii	D. suzukii
A0ABM4TQ49	1	U-01	suzukii	D. suzukii
A0ABM4TQ50	1	U-01	suzukii	D. suzukii
A0ABM4TQ51	1	U-01	suzukii	D. suzukii
A0ABM4TQ52	1	U-01	suzukii	D. suzukii
A0ABM4TQ53	1	U-01	suzukii	D. suzukii
A0ABM4TQ54	1	U-01	suzukii	D. suzukii
A0ABM4TQ55	1	U-01	suzukii	D. suzukii
A0ABM4TQ57	1	U-01	suzukii	D. suzukii
A0ABM4TQ60	1	U-01	suzukii	D. suzukii
A0ABM4TQ65	1	U-01	suzukii	D. suzukii
A0ABM4TQ66	1	U-01	suzukii	D. suzukii
A0ABM4TQ84	2	U-02	suzukii	D. suzukii
A0ABM4TQ85	1	U-01	suzukii	D. suzukii
A0ABM4TQ86	1	U-01	suzukii	D. suzukii
A0ABM4TQ90	0	unassigned	suzukii	D. suzukii
A0ABM4TQ94	0	unassigned	suzukii	D. suzukii
A0ABM4TQA0	2	U-02	suzukii	D. suzukii
A0ABM4TQA1	1	U-01	suzukii	D. suzukii
A0ABM4TQB8	0	unassigned	suzukii	D. suzukii
A0ABM4TQB9	0	unassigned	suzukii	D. suzukii
A0ABM4TQC0	1	U-01	suzukii	D. suzukii
A0ABM4TQC1	0	unassigned	suzukii	D. suzukii
A0AB39YX84	1	U-01	suzukii	D. suzukii
A0AB39YX85	0	unassigned	suzukii	D. suzukii
A0AB39YX87	0	unassigned	suzukii	D. suzukii
A0AB39YX89	1	U-01	suzukii	D. suzukii
A0AB39YX91	0	unassigned	suzukii	D. suzukii
A0AB39YX93	0	unassigned	suzukii	D. suzukii
A0AB39YX96	2	U-02	suzukii	D. suzukii
A0AB39YX97	1	U-01	suzukii	D. suzukii
A0AB39YX99	1	U-01	suzukii	D. suzukii
A0AB39YXA0	1	U-01	suzukii	D. suzukii
A0AB39YXA3	1	U-01	suzukii	D. suzukii
A0AB39YXA4	1	U-01	suzukii	D. suzukii
A0AB39YXA5	2	U-02	suzukii	D. suzukii
A0AB39YXA7	0	unassigned	suzukii	D. suzukii
A0AB39YXB1	1	U-01	suzukii	D. suzukii
A0AB39YXB3	1	U-01	suzukii	D. suzukii
A0AB39YXB4	1	U-01	suzukii	D. suzukii
A0AB39YXB8	2	U-02	suzukii	D. suzukii
A0AB39YXB9	1	U-01	suzukii	D. suzukii
A0AB39YXC0	3	U-03	suzukii	D. suzukii
A0AB39YXC5	1	U-01	suzukii	D. suzukii
A0AB39YXC6	1	U-01	suzukii	D. suzukii
A0AB39YXC8	2	U-02	suzukii	D. suzukii
A0AB39YXD0	1	U-01	suzukii	D. suzukii
A0AB39YXD3	2	U-02	suzukii	D. suzukii
A0AB39YXD7	0	unassigned	suzukii	D. suzukii
A0AB39YXD8	1	U-01	suzukii	D. suzukii
A0AB39YXD9	1	U-01	suzukii	D. suzukii
A0AB39YXE1	1	U-01	suzukii	D. suzukii
A0AB39YXE5	3	U-03	suzukii	D. suzukii
A0AB39YXE6	1	U-01	suzukii	D. suzukii
A0AB39YXF2	0	unassigned	suzukii	D. suzukii
A0AB39YXF3	1	U-01	suzukii	D. suzukii
A0AB39YXF4	2	U-02	suzukii	D. suzukii
A0AB39YXF5	3	U-03	suzukii	D. suzukii
A0AB39YXF6	1	U-01	suzukii	D. suzukii
A0AB39YXF8	1	U-01	suzukii	D. suzukii
A0AB39YXG1	1	U-01	suzukii	D. suzukii
A0AB39YXG2	1	U-01	suzukii	D. suzukii
A0AB39YXG5	1	U-01	suzukii	D. suzukii
A0AB39YXG8	0	unassigned	suzukii	D. suzukii
A0AB39YXH2	1	U-01	suzukii	D. suzukii
A0AB39YXH4	1	U-01	suzukii	D. suzukii
A0AB39YXH5	1	U-01	suzukii	D. suzukii
A0AB39YXH6	1	U-01	suzukii	D. suzukii
A0AB39YXH7	1	U-01	suzukii	D. suzukii
A0AB39YXH8	1	U-01	suzukii	D. suzukii
A0AB39YXI3	1	U-01	suzukii	D. suzukii
A0AB39YXI4	1	U-01	suzukii	D. suzukii
A0AB39YXI5	0	unassigned	suzukii	D. suzukii
A0ABM4TVM0	0	unassigned	suzukii	D. suzukii
A0ABM4TVM1	0	unassigned	suzukii	D. suzukii
A0ABM4TVM2	0	unassigned	suzukii	D. suzukii
A0ABM4TVM4	0	unassigned	suzukii	D. suzukii
A0ABM4TVM5	0	unassigned	suzukii	D. suzukii
A0ABM4TVM7	0	unassigned	suzukii	D. suzukii
A0ABM4TVN0	0	unassigned	suzukii	D. suzukii
A0ABM4TVN1	1	U-01	suzukii	D. suzukii
A0ABM4TVN2	0	unassigned	suzukii	D. suzukii
A0ABM4TVN3	1	U-01	suzukii	D. suzukii
A0ABM4TVN4	1	U-01	suzukii	D. suzukii
A0ABM4TVN5	1	U-01	suzukii	D. suzukii
A0ABM4TVN6	1	U-01	suzukii	D. suzukii
A0ABM4TVN8	1	U-01	suzukii	D. suzukii
A0ABM4TVN9	1	U-01	suzukii	D. suzukii
A0ABM4TVP0	0	unassigned	suzukii	D. suzukii
A0ABM4TVP1	1	U-01	suzukii	D. suzukii
A0ABM4TVP2	1	U-01	suzukii	D. suzukii
A0ABM4TVP3	1	U-01	suzukii	D. suzukii
A0ABM4TVP4	1	U-01	suzukii	D. suzukii
A0ABM4TVP5	1	U-01	suzukii	D. suzukii
A0AB40A937	1	U-01	suzukii	D. suzukii
A0AB40A954	1	U-01	suzukii	D. suzukii
A0AB40A981	1	U-01	suzukii	D. suzukii
A0AB40A996	1	U-01	suzukii	D. suzukii
A0AB40A9A5	0	unassigned	suzukii	D. suzukii
A0AB40A9A9	1	U-01	suzukii	D. suzukii
A0AB40A9C1	1	U-01	suzukii	D. suzukii
A0AB40A9C3	2	U-02	suzukii	D. suzukii
A0AB40A9D6	1	U-01	suzukii	D. suzukii
A0AB40A9E6	1	U-01	suzukii	D. suzukii
A0AB40A9F0	0	unassigned	suzukii	D. suzukii
A0AB40A9F9	2	U-02	suzukii	D. suzukii
A0AB40A9H2	2	U-02	suzukii	D. suzukii
A0AB40A9H3	2	U-02	suzukii	D. suzukii
A0AB40A9H4	2	U-02	suzukii	D. suzukii
A0AB40A9I0	1	U-01	suzukii	D. suzukii
A0AB40A9P8	1	U-01	suzukii	D. suzukii
A0AB40A9R1	0	unassigned	suzukii	D. suzukii
A0AB40A9W1	1	U-01	suzukii	D. suzukii
A0AB40A9Z8	3	U-03	suzukii	D. suzukii
A0AB40AA17	1	U-01	suzukii	D. suzukii
A0AB40AA39	2	U-02	suzukii	D. suzukii
A0AB40AA53	1	U-01	suzukii	D. suzukii
A0AB40AA66	2	U-02	suzukii	D. suzukii
A0AB40AA86	1	U-01	suzukii	D. suzukii
A0AB40AAA6	1	U-01	suzukii	D. suzukii
A0AB40AAC6	1	U-01	suzukii	D. suzukii
A0AB40AAD5	1	U-01	suzukii	D. suzukii
A0AB40AAE5	1	U-01	suzukii	D. suzukii
A0AB40AAF6	0	unassigned	suzukii	D. suzukii
A0AB40AAF8	1	U-01	suzukii	D. suzukii
A0AB40AAG1	0	unassigned	suzukii	D. suzukii
A0AB40AAG6	0	unassigned	suzukii	D. suzukii
A0AB40AAH0	1	U-01	suzukii	D. suzukii
A0AB40AAH1	0	unassigned	suzukii	D. suzukii
A0AB40AAH3	1	U-01	suzukii	D. suzukii
A0AB40AAH4	0	unassigned	suzukii	D. suzukii
A0AB40AAH7	0	unassigned	suzukii	D. suzukii
A0AB40AAI0	1	U-01	suzukii	D. suzukii
A0AB40AAI2	1	U-01	suzukii	D. suzukii
A0AB40AAI3	2	U-02	suzukii	D. suzukii
A0AB40AAI6	1	U-01	suzukii	D. suzukii
A0AB40AAI7	1	U-01	suzukii	D. suzukii
A0AB40AAI9	0	unassigned	suzukii	D. suzukii
A0AB40AAJ0	0	unassigned	suzukii	D. suzukii
A0AB40AAJ2	0	unassigned	suzukii	D. suzukii
A0AB40AAJ5	0	unassigned	suzukii	D. suzukii
A0AB40AAJ7	0	unassigned	suzukii	D. suzukii
A0AB40AAK2	0	unassigned	suzukii	D. suzukii
A0AB40AAK4	0	unassigned	suzukii	D. suzukii
A0AB40AAK6	0	unassigned	suzukii	D. suzukii
A0AB40AAL1	0	unassigned	suzukii	D. suzukii
A0AB40AAL6	0	unassigned	suzukii	D. suzukii
A0AB40AAL8	1	U-01	suzukii	D. suzukii
A0AB40AAR8	2	U-02	suzukii	D. suzukii
A0AB40AAT4	1	U-01	suzukii	D. suzukii
A0AB40AAT9	0	unassigned	suzukii	D. suzukii
A0AB40AAU8	1	U-01	suzukii	D. suzukii
A0AB40AAW0	1	U-01	suzukii	D. suzukii
A0AB40AAW7	1	U-01	suzukii	D. suzukii
A0AB40AAX2	1	U-01	suzukii	D. suzukii
A0AB40AAX8	0	unassigned	suzukii	D. suzukii
A0AB40AAY4	1	U-01	suzukii	D. suzukii
A0AB40AAY7	1	U-01	suzukii	D. suzukii
A0AB40AAZ3	0	unassigned	suzukii	D. suzukii
A0AB40AAZ6	1	U-01	suzukii	D. suzukii
A0AB40AB18	2	U-02	suzukii	D. suzukii
A0AB40AB23	1	U-01	suzukii	D. suzukii
A0AB40AB49	1	U-01	suzukii	D. suzukii
A0AB40AB61	0	unassigned	suzukii	D. suzukii
A0AB40AB66	0	unassigned	suzukii	D. suzukii
A0AB40AB74	2	U-02	suzukii	D. suzukii
A0AB40ABB4	1	U-01	suzukii	D. suzukii
A0AB40ABB8	1	U-01	suzukii	D. suzukii
A0AB40ABD8	1	U-01	suzukii	D. suzukii
A0AB40ABG4	2	U-02	suzukii	D. suzukii
A0AB40ABK3	1	U-01	suzukii	D. suzukii
A0AB40ABL8	1	U-01	suzukii	D. suzukii
A0AB40ABN2	2	U-02	suzukii	D. suzukii
A0AB39ZVH7	1	U-01	suzukii	D. suzukii
A0AB39ZVI0	1	U-01	suzukii	D. suzukii
A0AB39ZVI2	1	U-01	suzukii	D. suzukii
A0AB39ZVI5	1	U-01	suzukii	D. suzukii
A0AB39ZVI6	1	U-01	suzukii	D. suzukii
A0AB39ZVI8	1	U-01	suzukii	D. suzukii
A0AB40A165	1	U-01	suzukii	D. suzukii
A0AB40A167	1	U-01	suzukii	D. suzukii
A0AB40A169	0	unassigned	suzukii	D. suzukii
A0AB40A171	0	unassigned	suzukii	D. suzukii
A0AB40A172	1	U-01	suzukii	D. suzukii
A0AB40A175	0	unassigned	suzukii	D. suzukii
A0AB40A177	0	unassigned	suzukii	D. suzukii
A0AB40A181	1	U-01	suzukii	D. suzukii
A0AB40A186	0	unassigned	suzukii	D. suzukii
A0AB40A191	1	U-01	suzukii	D. suzukii
A0AB40A194	1	U-01	suzukii	D. suzukii
A0AB40A197	1	U-01	suzukii	D. suzukii
A0AB40A198	0	unassigned	suzukii	D. suzukii
A0AB40A1A1	0	unassigned	suzukii	D. suzukii
A0AB40A1A5	1	U-01	suzukii	D. suzukii
A0AB40A1A9	0	unassigned	suzukii	D. suzukii
A0AB40A1B7	0	unassigned	suzukii	D. suzukii
A0AB40A1B8	1	U-01	suzukii	D. suzukii
A0AB40A1B9	1	U-01	suzukii	D. suzukii
A0AB40A1D0	1	U-01	suzukii	D. suzukii
A0AB40A1D3	0	unassigned	suzukii	D. suzukii
A0AB40A1D4	1	U-01	suzukii	D. suzukii
A0AB40A1D7	1	U-01	suzukii	D. suzukii
A0AB40A1E2	1	U-01	suzukii	D. suzukii
A0AB40A1E3	1	U-01	suzukii	D. suzukii
A0AB40A1E4	1	U-01	suzukii	D. suzukii
A0AB40A1F0	1	U-01	suzukii	D. suzukii
A0AB40A1F3	1	U-01	suzukii	D. suzukii
A0AB40A1F6	2	U-02	suzukii	D. suzukii
A0AB40A1F8	1	U-01	suzukii	D. suzukii
A0AB40A1G4	0	unassigned	suzukii	D. suzukii
A0AB40A1G6	2	U-02	suzukii	D. suzukii
A0AB40A1G7	1	U-01	suzukii	D. suzukii
A0AB40A1G9	1	U-01	suzukii	D. suzukii
A0AB40A1H9	3	U-03	suzukii	D. suzukii
A0AB40A1I2	1	U-01	suzukii	D. suzukii
A0AB40A1I3	1	U-01	suzukii	D. suzukii
A0AB40A1I7	1	U-01	suzukii	D. suzukii
A0AB40A1I9	1	U-01	suzukii	D. suzukii
A0AB40A1J2	1	U-01	suzukii	D. suzukii
A0AB40A1J7	1	U-01	suzukii	D. suzukii
A0AB40A1K1	1	U-01	suzukii	D. suzukii
A0AB40A1K2	1	U-01	suzukii	D. suzukii
A0AB40A1K4	0	unassigned	suzukii	D. suzukii
A0AB40A1K8	1	U-01	suzukii	D. suzukii
A0AB40A1L1	1	U-01	suzukii	D. suzukii
A0AB40A1L7	2	U-02	suzukii	D. suzukii
A0AB40A1M2	1	U-01	suzukii	D. suzukii
A0AB40A1M9	1	U-01	suzukii	D. suzukii
A0AB40A1N3	1	U-01	suzukii	D. suzukii
A0AB40A1N5	1	U-01	suzukii	D. suzukii
A0AB40A1N8	2	U-02	suzukii	D. suzukii
A0AB40A1N9	3	U-03	suzukii	D. suzukii
A0AB40A1P0	2	U-02	suzukii	D. suzukii
A0AB40A1P8	0	unassigned	suzukii	D. suzukii
A0AB40A1P9	1	U-01	suzukii	D. suzukii
A0AB40A1Q1	1	U-01	suzukii	D. suzukii
A0AB40A1Q2	0	unassigned	suzukii	D. suzukii
A0AB40A1Q8	0	unassigned	suzukii	D. suzukii
A0AB40A1Q9	1	U-01	suzukii	D. suzukii
A0AB40A1R1	1	U-01	suzukii	D. suzukii
A0AB40A1S2	1	U-01	suzukii	D. suzukii
A0AB40A1T1	3	U-03	suzukii	D. suzukii
A0AB40A1T2	0	unassigned	suzukii	D. suzukii
A0AB40A1T9	0	unassigned	suzukii	D. suzukii
A0AB40A1U5	0	unassigned	suzukii	D. suzukii
A0AB40A1U6	1	U-01	suzukii	D. suzukii
A0AB40A1U8	0	unassigned	suzukii	D. suzukii
A0AB40A1V9	0	unassigned	suzukii	D. suzukii
A0AB40A1W0	0	unassigned	suzukii	D. suzukii
A0AB40A1W1	2	U-02	suzukii	D. suzukii
A0AB40A1W3	0	unassigned	suzukii	D. suzukii
A0AB40A1W4	1	U-01	suzukii	D. suzukii
A0AB40A1X2	0	unassigned	suzukii	D. suzukii
A0AB40A1X4	1	U-01	suzukii	D. suzukii
A0AB40A1Y7	1	U-01	suzukii	D. suzukii
A0AB40A1Z1	0	unassigned	suzukii	D. suzukii
A0AB40A1Z3	0	unassigned	suzukii	D. suzukii
A0AB40A1Z4	3	U-03	suzukii	D. suzukii
A0AB40A1Z6	0	unassigned	suzukii	D. suzukii
A0AB40A1Z7	0	unassigned	suzukii	D. suzukii
A0AB40A200	1	U-01	suzukii	D. suzukii
A0AB40A201	1	U-01	suzukii	D. suzukii
A0AB40A204	1	U-01	suzukii	D. suzukii
A0AB40A205	1	U-01	suzukii	D. suzukii
A0AB40A206	1	U-01	suzukii	D. suzukii
A0AB40A207	1	U-01	suzukii	D. suzukii
A0AB40A208	1	U-01	suzukii	D. suzukii
A0AB40A212	0	unassigned	suzukii	D. suzukii
A0AB40A214	0	unassigned	suzukii	D. suzukii
A0AB40A216	0	unassigned	suzukii	D. suzukii
A0AB40A218	0	unassigned	suzukii	D. suzukii
A0AB40A219	1	U-01	suzukii	D. suzukii
A0AB40A8N1	1	U-01	suzukii	D. suzukii
A0AB39Z7C1	1	U-01	suzukii	D. suzukii
A0AB39Z7C2	1	U-01	suzukii	D. suzukii
A0AB39Z7C4	1	U-01	suzukii	D. suzukii
A0AB39Z7C7	1	U-01	suzukii	D. suzukii
A0AB39Z7C8	1	U-01	suzukii	D. suzukii
A0AB39Z7C9	1	U-01	suzukii	D. suzukii
A0AB39Z7D0	1	U-01	suzukii	D. suzukii
A0AB39Z7D2	1	U-01	suzukii	D. suzukii
A0AB39Z7D5	1	U-01	suzukii	D. suzukii
A0AB39Z7D6	3	U-03	suzukii	D. suzukii
A0AB39Z7D8	1	U-01	suzukii	D. suzukii
A0AB39Z7D9	1	U-01	suzukii	D. suzukii
A0AB39Z7E0	2	U-02	suzukii	D. suzukii
A0AB39Z7E2	3	U-03	suzukii	D. suzukii
A0AB39Z7E8	1	U-01	suzukii	D. suzukii
A0AB39Z7F1	1	U-01	suzukii	D. suzukii
A0AB39Z7F2	1	U-01	suzukii	D. suzukii
A0AB39Z7F4	1	U-01	suzukii	D. suzukii
A0AB39Z7F6	1	U-01	suzukii	D. suzukii
A0AB39Z7F7	3	U-03	suzukii	D. suzukii
A0AB39Z7G0	1	U-01	suzukii	D. suzukii
A0AB39Z7G2	3	U-03	suzukii	D. suzukii
A0AB39Z7G3	1	U-01	suzukii	D. suzukii
A0AB39Z7G6	1	U-01	suzukii	D. suzukii
A0AB39Z7G8	2	U-02	suzukii	D. suzukii
A0AB39Z7G9	1	U-01	suzukii	D. suzukii
A0AB39Z7H1	0	unassigned	suzukii	D. suzukii
A0AB39Z7H2	0	unassigned	suzukii	D. suzukii
A0AB39Z7H3	1	U-01	suzukii	D. suzukii
A0AB39Z7H8	1	U-01	suzukii	D. suzukii
A0AB39Z7H9	1	U-01	suzukii	D. suzukii
A0AB39Z7I0	0	unassigned	suzukii	D. suzukii
A0AB39Z7I1	1	U-01	suzukii	D. suzukii
A0AB39Z7I2	1	U-01	suzukii	D. suzukii
A0AB39Z7I3	3	U-03	suzukii	D. suzukii
A0AB39Z7I6	0	unassigned	suzukii	D. suzukii
A0AB39Z7I9	1	U-01	suzukii	D. suzukii
A0AB39Z7J2	1	U-01	suzukii	D. suzukii
A0AB39Z7J3	3	U-03	suzukii	D. suzukii
A0AB39Z7J5	0	unassigned	suzukii	D. suzukii
A0AB39Z7J6	1	U-01	suzukii	D. suzukii
A0AB39Z7J8	1	U-01	suzukii	D. suzukii
A0AB39Z7K0	1	U-01	suzukii	D. suzukii
A0AB39Z7K2	1	U-01	suzukii	D. suzukii
A0AB39Z7K3	1	U-01	suzukii	D. suzukii
A0AB39Z7K5	0	unassigned	suzukii	D. suzukii
A0AB39Z7K7	1	U-01	suzukii	D. suzukii
A0AB39Z7K9	1	U-01	suzukii	D. suzukii
A0AB39Z7L1	1	U-01	suzukii	D. suzukii
A0AB39Z7L4	1	U-01	suzukii	D. suzukii
A0AB39Z7L7	1	U-01	suzukii	D. suzukii
A0AB39Z7L8	1	U-01	suzukii	D. suzukii
A0AB39Z7M0	1	U-01	suzukii	D. suzukii
A0AB39Z7M6	1	U-01	suzukii	D. suzukii
A0AB39Z7N1	2	U-02	suzukii	D. suzukii
A0AB39Z7N3	0	unassigned	suzukii	D. suzukii
A0AB39Z7N4	1	U-01	suzukii	D. suzukii
A0AB39Z7N5	1	U-01	suzukii	D. suzukii
A0AB39Z7N9	1	U-01	suzukii	D. suzukii
A0AB39Z7P0	1	U-01	suzukii	D. suzukii
A0AB39Z7P4	1	U-01	suzukii	D. suzukii
A0AB39Z7P5	0	unassigned	suzukii	D. suzukii
A0AB39Z7P8	1	U-01	suzukii	D. suzukii
A0AB39Z7Q1	2	U-02	suzukii	D. suzukii
A0AB39Z7Q6	1	U-01	suzukii	D. suzukii
A0AB39Z7Q7	1	U-01	suzukii	D. suzukii
A0AB39Z7R0	1	U-01	suzukii	D. suzukii
A0AB39Z7R2	1	U-01	suzukii	D. suzukii
A0AB39Z7R7	0	unassigned	suzukii	D. suzukii
A0AB39Z7R9	0	unassigned	suzukii	D. suzukii
A0AB39Z7S4	1	U-01	suzukii	D. suzukii
A0AB39Z7S9	1	U-01	suzukii	D. suzukii
A0AB39Z7U3	1	U-01	suzukii	D. suzukii
A0AB39Z7U7	0	unassigned	suzukii	D. suzukii
A0AB39Z7U8	0	unassigned	suzukii	D. suzukii
A0AB39Z7U9	0	unassigned	suzukii	D. suzukii
A0AB39Z7V3	1	U-01	suzukii	D. suzukii
A0AB39Z7V4	1	U-01	suzukii	D. suzukii
A0AB39Z7W1	3	U-03	suzukii	D. suzukii
A0AB39Z7W3	1	U-01	suzukii	D. suzukii
A0AB39Z7W6	1	U-01	suzukii	D. suzukii
A0AB39Z7X4	1	U-01	suzukii	D. suzukii
A0AB39Z7X5	1	U-01	suzukii	D. suzukii
A0AB39ZAU0	1	U-01	suzukii	D. suzukii
A0AB39ZAU5	1	U-01	suzukii	D. suzukii
A0AB39ZAU8	1	U-01	suzukii	D. suzukii
A0AB39ZAU9	1	U-01	suzukii	D. suzukii
A0AB39ZAV0	1	U-01	suzukii	D. suzukii
A0AB39ZAV2	0	unassigned	suzukii	D. suzukii
A0AB39ZAV4	1	U-01	suzukii	D. suzukii
A0AB39ZAV7	1	U-01	suzukii	D. suzukii
A0AB39ZAW1	3	U-03	suzukii	D. suzukii
A0AB39ZAW3	1	U-01	suzukii	D. suzukii
A0AB39ZAW4	1	U-01	suzukii	D. suzukii
A0AB39ZAW6	0	unassigned	suzukii	D. suzukii
A0AB39ZAW8	1	U-01	suzukii	D. suzukii
A0AB39ZAW9	1	U-01	suzukii	D. suzukii
A0AB39ZAX0	2	U-02	suzukii	D. suzukii
A0AB39ZAX1	0	unassigned	suzukii	D. suzukii
A0AB39ZAX2	1	U-01	suzukii	D. suzukii
A0AB40A6T7	0	unassigned	suzukii	D. suzukii
A0AB40A6T8	1	U-01	suzukii	D. suzukii
A0AB40A6T9	1	U-01	suzukii	D. suzukii
A0AB40A6U6	1	U-01	suzukii	D. suzukii
A0AB40A6U9	1	U-01	suzukii	D. suzukii
A0AB40A6V0	1	U-01	suzukii	D. suzukii
A0AB40A6V2	0	unassigned	suzukii	D. suzukii
A0AB40A6V6	1	U-01	suzukii	D. suzukii
A0AB40A6V7	1	U-01	suzukii	D. suzukii
A0AB40A6V9	0	unassigned	suzukii	D. suzukii
A0AB40A6W0	2	U-02	suzukii	D. suzukii
A0AB40A6W2	1	U-01	suzukii	D. suzukii
A0AB40A6W4	1	U-01	suzukii	D. suzukii
A0AB40A6W5	1	U-01	suzukii	D. suzukii
A0AB40A6W7	0	unassigned	suzukii	D. suzukii
A0AB40A6W8	1	U-01	suzukii	D. suzukii
A0AB40A6X0	1	U-01	suzukii	D. suzukii
A0AB40A6X1	0	unassigned	suzukii	D. suzukii
A0AB40A6X2	2	U-02	suzukii	D. suzukii
A0AB40A6X3	1	U-01	suzukii	D. suzukii
A0AB40A6X6	1	U-01	suzukii	D. suzukii
A0AB40A6X7	1	U-01	suzukii	D. suzukii
A0AB40A6X8	1	U-01	suzukii	D. suzukii
A0AB40A6Y3	1	U-01	suzukii	D. suzukii
A0AB40A6Y6	2	U-02	suzukii	D. suzukii
A0AB40A6Y7	1	U-01	suzukii	D. suzukii
A0AB40A6Z2	1	U-01	suzukii	D. suzukii
A0AB40A6Z4	1	U-01	suzukii	D. suzukii
A0AB40A6Z5	1	U-01	suzukii	D. suzukii
A0AB40A6Z7	1	U-01	suzukii	D. suzukii
A0AB40A6Z8	1	U-01	suzukii	D. suzukii
A0AB40A6Z9	2	U-02	suzukii	D. suzukii
A0AB40A700	1	U-01	suzukii	D. suzukii
A0AB40A702	2	U-02	suzukii	D. suzukii
A0AB40A703	2	U-02	suzukii	D. suzukii
A0AB40A706	1	U-01	suzukii	D. suzukii
A0AB40A707	0	unassigned	suzukii	D. suzukii
A0AB40A708	3	U-03	suzukii	D. suzukii
A0AB40A710	0	unassigned	suzukii	D. suzukii
A0AB40A711	1	U-01	suzukii	D. suzukii
A0AB40A712	1	U-01	suzukii	D. suzukii
A0AB40A714	1	U-01	suzukii	D. suzukii
A0AB40A715	1	U-01	suzukii	D. suzukii
A0AB40A717	1	U-01	suzukii	D. suzukii
A0AB40A719	1	U-01	suzukii	D. suzukii
A0AB40A720	0	unassigned	suzukii	D. suzukii
A0AB40A721	1	U-01	suzukii	D. suzukii
A0AB40A724	0	unassigned	suzukii	D. suzukii
A0AB40A726	1	U-01	suzukii	D. suzukii
A0AB40A727	1	U-01	suzukii	D. suzukii
A0AB40A730	1	U-01	suzukii	D. suzukii
A0AB40A732	1	U-01	suzukii	D. suzukii
A0AB40A734	1	U-01	suzukii	D. suzukii
A0AB40A735	3	U-03	suzukii	D. suzukii
A0AB40A737	1	U-01	suzukii	D. suzukii
A0AB40A739	1	U-01	suzukii	D. suzukii
A0AB40A740	3	U-03	suzukii	D. suzukii
A0AB40A741	1	U-01	suzukii	D. suzukii
A0AB40A743	0	unassigned	suzukii	D. suzukii
A0AB40A744	0	unassigned	suzukii	D. suzukii
A0AB40A745	1	U-01	suzukii	D. suzukii
A0AB40A756	2	U-02	suzukii	D. suzukii
A0AB40A758	0	unassigned	suzukii	D. suzukii
A0AB40AAQ9	1	U-01	suzukii	D. suzukii
A0AB40AAR4	1	U-01	suzukii	D. suzukii
A0AB40AAR5	1	U-01	suzukii	D. suzukii
A0AB40AAR6	1	U-01	suzukii	D. suzukii
A0AB40AAR9	0	unassigned	suzukii	D. suzukii
A0AB40AAS0	1	U-01	suzukii	D. suzukii
A0AB40AAS3	1	U-01	suzukii	D. suzukii
A0AB40AAS6	1	U-01	suzukii	D. suzukii
A0AB40AAS7	1	U-01	suzukii	D. suzukii
A0AB40AAS8	1	U-01	suzukii	D. suzukii
A0AB40AAT7	1	U-01	suzukii	D. suzukii
A0AB40AAU0	1	U-01	suzukii	D. suzukii
A0AB40AAV8	0	unassigned	suzukii	D. suzukii
A0AB40AAV9	0	unassigned	suzukii	D. suzukii
A0AB40AAW4	2	U-02	suzukii	D. suzukii
A0AB40AAW5	1	U-01	suzukii	D. suzukii
A0AB40AAW8	1	U-01	suzukii	D. suzukii
A0AB40AAW9	1	U-01	suzukii	D. suzukii
A0AB40AAX1	1	U-01	suzukii	D. suzukii
A0AB40AAX3	0	unassigned	suzukii	D. suzukii
A0AB40AAX4	1	U-01	suzukii	D. suzukii
A0AB40AAX7	1	U-01	suzukii	D. suzukii
A0AB40AAX9	1	U-01	suzukii	D. suzukii
A0AB40AAY0	1	U-01	suzukii	D. suzukii
A0AB40AAY1	1	U-01	suzukii	D. suzukii
A0AB40AAY8	1	U-01	suzukii	D. suzukii
A0AB40AAY9	1	U-01	suzukii	D. suzukii
A0AB40AAZ0	0	unassigned	suzukii	D. suzukii
A0AB40AAZ4	1	U-01	suzukii	D. suzukii
A0AB40AAZ5	1	U-01	suzukii	D. suzukii
A0AB40AAZ7	1	U-01	suzukii	D. suzukii
A0AB40AAZ9	3	U-03	suzukii	D. suzukii
A0AB40AB00	1	U-01	suzukii	D. suzukii
A0AB40AB02	1	U-01	suzukii	D. suzukii
A0AB40AB04	1	U-01	suzukii	D. suzukii
A0AB40AB05	1	U-01	suzukii	D. suzukii
A0AB40AB06	1	U-01	suzukii	D. suzukii
A0ABM4TS70	0	unassigned	suzukii	D. suzukii
A0ABM4TS71	0	unassigned	suzukii	D. suzukii
A0ABM4TS72	0	unassigned	suzukii	D. suzukii
A0ABM4TS73	0	unassigned	suzukii	D. suzukii
A0ABM4TS74	0	unassigned	suzukii	D. suzukii
A0ABM4TS76	0	unassigned	suzukii	D. suzukii
A0ABM4TS79	1	U-01	suzukii	D. suzukii
A0ABM4TS80	0	unassigned	suzukii	D. suzukii
A0ABM4TS81	0	unassigned	suzukii	D. suzukii
A0ABM4TS82	0	unassigned	suzukii	D. suzukii
A0ABM4TS83	0	unassigned	suzukii	D. suzukii
A0ABM4TS84	0	unassigned	suzukii	D. suzukii
A0ABM4TS85	1	U-01	suzukii	D. suzukii
A0ABM4TS86	0	unassigned	suzukii	D. suzukii
A0ABM4TS87	1	U-01	suzukii	D. suzukii
A0ABM4TS88	0	unassigned	suzukii	D. suzukii
A0ABM4TS92	0	unassigned	suzukii	D. suzukii
A0ABM4TS93	0	unassigned	suzukii	D. suzukii
A0ABM4TS94	1	U-01	suzukii	D. suzukii
A0ABM4TS95	1	U-01	suzukii	D. suzukii
A0ABM4TS98	0	unassigned	suzukii	D. suzukii
A0ABM4TSA0	1	U-01	suzukii	D. suzukii
A0ABM4TSA1	1	U-01	suzukii	D. suzukii
A0ABM4TSA6	1	U-01	suzukii	D. suzukii
A0ABM4TSA7	1	U-01	suzukii	D. suzukii
A0ABM4TSA8	0	unassigned	suzukii	D. suzukii
A0ABM4TSB0	0	unassigned	suzukii	D. suzukii
A0ABM4TSB1	0	unassigned	suzukii	D. suzukii
A0ABM4TSB3	1	U-01	suzukii	D. suzukii
A0ABM4TSB7	1	U-01	suzukii	D. suzukii
A0ABM4TSC1	0	unassigned	suzukii	D. suzukii
A0ABM4TSC4	1	U-01	suzukii	D. suzukii
A0ABM4TSC8	0	unassigned	suzukii	D. suzukii
A0ABM4TSD4	1	U-01	suzukii	D. suzukii
A0ABM4TW38	1	U-01	suzukii	D. suzukii
A0ABM4TW39	1	U-01	suzukii	D. suzukii
A0ABM4TW41	1	U-01	suzukii	D. suzukii
A0ABM4TW42	0	unassigned	suzukii	D. suzukii
A0ABM4TW43	1	U-01	suzukii	D. suzukii
A0ABM4TW47	0	unassigned	suzukii	D. suzukii
A0ABM4TW48	0	unassigned	suzukii	D. suzukii
A0ABM4TW50	0	unassigned	suzukii	D. suzukii
A0ABM4TW51	1	U-01	suzukii	D. suzukii
A0ABM4TW52	1	U-01	suzukii	D. suzukii
A0ABM4TW55	0	unassigned	suzukii	D. suzukii
A0ABM4TW56	1	U-01	suzukii	D. suzukii
A0ABM4TW61	1	U-01	suzukii	D. suzukii
A0ABM4TW63	0	unassigned	suzukii	D. suzukii
A0ABM4TW64	1	U-01	suzukii	D. suzukii
A0ABM4TW66	0	unassigned	suzukii	D. suzukii
A0ABM4TW67	0	unassigned	suzukii	D. suzukii
A0ABM4TW69	1	U-01	suzukii	D. suzukii
A0ABM4TW70	1	U-01	suzukii	D. suzukii
A0ABM4TW71	1	U-01	suzukii	D. suzukii
A0ABM4TW73	0	unassigned	suzukii	D. suzukii
A0ABM4TW74	0	unassigned	suzukii	D. suzukii
A0ABM4TW75	2	U-02	suzukii	D. suzukii
A0ABM4TW76	1	U-01	suzukii	D. suzukii
A0ABM4TW77	0	unassigned	suzukii	D. suzukii
A0ABM4TW78	1	U-01	suzukii	D. suzukii
A0ABM4TW80	2	U-02	suzukii	D. suzukii
A0ABM4TW86	0	unassigned	suzukii	D. suzukii
A0ABM4TW87	1	U-01	suzukii	D. suzukii
A0ABM4TW88	1	U-01	suzukii	D. suzukii
A0ABM4TW92	0	unassigned	suzukii	D. suzukii
A0ABM4TW93	0	unassigned	suzukii	D. suzukii
A0ABM4TW94	1	U-01	suzukii	D. suzukii
A0ABM4TW95	0	unassigned	suzukii	D. suzukii
A0ABM4TW96	0	unassigned	suzukii	D. suzukii
A0ABM4TW99	0	unassigned	suzukii	D. suzukii
A0ABM4TWA0	0	unassigned	suzukii	D. suzukii
A0ABM4TWA1	0	unassigned	suzukii	D. suzukii
A0ABM4TWA2	0	unassigned	suzukii	D. suzukii
A0ABM4TWA3	1	U-01	suzukii	D. suzukii
A0ABM4TWA4	0	unassigned	suzukii	D. suzukii
A0ABM4TWA5	1	U-01	suzukii	D. suzukii
A0ABM4TWA6	0	unassigned	suzukii	D. suzukii
A0ABM4TWA7	1	U-01	suzukii	D. suzukii
A0ABM4TWA8	1	U-01	suzukii	D. suzukii
A0ABM4TWA9	2	U-02	suzukii	D. suzukii
A0ABM4TWB2	1	U-01	suzukii	D. suzukii
A0ABM4TWB3	1	U-01	suzukii	D. suzukii
A0ABM4TWB4	0	unassigned	suzukii	D. suzukii
A0ABM4TWB5	1	U-01	suzukii	D. suzukii
A0ABM4TWB7	1	U-01	suzukii	D. suzukii
A0ABM4TWB8	0	unassigned	suzukii	D. suzukii
A0ABM4TWC0	1	U-01	suzukii	D. suzukii
A0ABM4TWC9	0	unassigned	suzukii	D. suzukii
A0ABM4TWD0	1	U-01	suzukii	D. suzukii
A0ABM4TWD3	0	unassigned	suzukii	D. suzukii
A0ABM4TWE1	1	U-01	suzukii	D. suzukii
A0ABM4TWF0	0	unassigned	suzukii	D. suzukii
A0ABM4TWF1	1	U-01	suzukii	D. suzukii
A0ABM4TWF2	1	U-01	suzukii	D. suzukii
A0ABM4TWF5	1	U-01	suzukii	D. suzukii
A0ABM4TWF7	1	U-01	suzukii	D. suzukii
A0ABM4TWG3	0	unassigned	suzukii	D. suzukii
A0ABM4TWG4	1	U-01	suzukii	D. suzukii
A0ABM4TWG5	0	unassigned	suzukii	D. suzukii
A0ABM4TWG7	1	U-01	suzukii	D. suzukii
A0AB39ZYG8	1	U-01	suzukii	D. suzukii
A0AB39ZYG9	0	unassigned	suzukii	D. suzukii
A0AB39ZYH0	1	U-01	suzukii	D. suzukii
A0AB39ZYH1	1	U-01	suzukii	D. suzukii
A0AB39ZYH2	3	U-03	suzukii	D. suzukii
A0AB39ZYH3	2	U-02	suzukii	D. suzukii
A0AB39ZYH6	1	U-01	suzukii	D. suzukii
A0AB39ZYI1	1	U-01	suzukii	D. suzukii
A0AB39ZYI3	2	U-02	suzukii	D. suzukii
A0AB39ZYI4	1	U-01	suzukii	D. suzukii
A0AB39ZYI6	1	U-01	suzukii	D. suzukii
A0AB39ZYI7	2	U-02	suzukii	D. suzukii
A0AB39ZYI9	1	U-01	suzukii	D. suzukii
A0AB39ZYJ2	1	U-01	suzukii	D. suzukii
A0AB39ZYJ4	1	U-01	suzukii	D. suzukii
A0AB39ZYJ7	1	U-01	suzukii	D. suzukii
A0AB39ZYJ8	1	U-01	suzukii	D. suzukii
A0AB39ZYK3	1	U-01	suzukii	D. suzukii
A0AB39ZYK9	0	unassigned	suzukii	D. suzukii
A0AB39ZYL2	2	U-02	suzukii	D. suzukii
A0AB39ZYL6	1	U-01	suzukii	D. suzukii
A0AB39ZYL7	0	unassigned	suzukii	D. suzukii
A0AB39ZYL9	1	U-01	suzukii	D. suzukii
A0AB40A755	1	U-01	suzukii	D. suzukii
A0AB40A759	1	U-01	suzukii	D. suzukii
A0AB40A762	0	unassigned	suzukii	D. suzukii
A0AB40A768	1	U-01	suzukii	D. suzukii
A0AB40A770	1	U-01	suzukii	D. suzukii
A0AB40A771	2	U-02	suzukii	D. suzukii
A0AB40A778	1	U-01	suzukii	D. suzukii
A0AB40A780	0	unassigned	suzukii	D. suzukii
A0AB40A781	1	U-01	suzukii	D. suzukii
A0AB40A785	3	U-03	suzukii	D. suzukii
A0AB40A796	3	U-03	suzukii	D. suzukii
A0AB40A798	1	U-01	suzukii	D. suzukii
A0AB40A7A4	2	U-02	suzukii	D. suzukii
A0AB40A7A7	1	U-01	suzukii	D. suzukii
A0AB40A7B2	0	unassigned	suzukii	D. suzukii
A0AB40A7C0	1	U-01	suzukii	D. suzukii
A0AB40A7C1	1	U-01	suzukii	D. suzukii
A0AB40A7C3	2	U-02	suzukii	D. suzukii
A0AB40A7C7	1	U-01	suzukii	D. suzukii
A0AB40A7D1	0	unassigned	suzukii	D. suzukii
A0AB40A7D3	1	U-01	suzukii	D. suzukii
A0AB40A7D6	1	U-01	suzukii	D. suzukii
A0AB40A7D8	1	U-01	suzukii	D. suzukii
A0AB40A7E1	1	U-01	suzukii	D. suzukii
A0AB40A7E3	1	U-01	suzukii	D. suzukii
A0AB40A7E6	3	U-03	suzukii	D. suzukii
A0AB40A7F0	2	U-02	suzukii	D. suzukii
A0AB40A7F3	1	U-01	suzukii	D. suzukii
A0AB40A7F5	2	U-02	suzukii	D. suzukii
A0AB40A7F6	0	unassigned	suzukii	D. suzukii
A0AB40A7G0	1	U-01	suzukii	D. suzukii
A0AB40A7G3	0	unassigned	suzukii	D. suzukii
A0AB40A7G4	1	U-01	suzukii	D. suzukii
A0AB40A7G8	1	U-01	suzukii	D. suzukii
A0AB40A7H1	1	U-01	suzukii	D. suzukii
A0AB40A7H6	1	U-01	suzukii	D. suzukii
A0AB40A7H7	0	unassigned	suzukii	D. suzukii
A0AB40A7I0	1	U-01	suzukii	D. suzukii
A0AB40A7I5	1	U-01	suzukii	D. suzukii
A0AB40A7I6	1	U-01	suzukii	D. suzukii
A0AB40A7I8	1	U-01	suzukii	D. suzukii
A0AB40A7I9	1	U-01	suzukii	D. suzukii
A0AB40A7J1	0	unassigned	suzukii	D. suzukii
A0AB40A7J3	1	U-01	suzukii	D. suzukii
A0AB40A7J4	0	unassigned	suzukii	D. suzukii
A0AB40A7J6	1	U-01	suzukii	D. suzukii
A0AB40A7K1	1	U-01	suzukii	D. suzukii
A0AB40A7K6	3	U-03	suzukii	D. suzukii
A0AB40A7K7	0	unassigned	suzukii	D. suzukii
A0AB40A7L2	1	U-01	suzukii	D. suzukii
A0AB40A7L6	1	U-01	suzukii	D. suzukii
A0AB40A7L7	3	U-03	suzukii	D. suzukii
A0AB40A7M0	1	U-01	suzukii	D. suzukii
A0AB40A7M2	1	U-01	suzukii	D. suzukii
A0AB40A7M3	0	unassigned	suzukii	D. suzukii
A0AB40A7M6	0	unassigned	suzukii	D. suzukii
A0AB40A7N2	1	U-01	suzukii	D. suzukii
A0AB40A7N7	1	U-01	suzukii	D. suzukii
A0AB40A7P0	2	U-02	suzukii	D. suzukii
A0AB40A7P4	1	U-01	suzukii	D. suzukii
A0AB40A7P7	1	U-01	suzukii	D. suzukii
A0AB40A7Q1	1	U-01	suzukii	D. suzukii
A0AB40A7Q2	0	unassigned	suzukii	D. suzukii
A0AB40A7Q4	1	U-01	suzukii	D. suzukii
A0AB40A7Q6	1	U-01	suzukii	D. suzukii
A0AB40A7Q7	1	U-01	suzukii	D. suzukii
A0AB40A7R1	1	U-01	suzukii	D. suzukii
A0AB40A7R4	1	U-01	suzukii	D. suzukii
A0AB40A7R5	1	U-01	suzukii	D. suzukii
A0AB40A7R6	1	U-01	suzukii	D. suzukii
A0AB40A7R7	1	U-01	suzukii	D. suzukii
A0AB40A7R8	0	unassigned	suzukii	D. suzukii
A0AB40A7S1	1	U-01	suzukii	D. suzukii
A0AB40A7S2	0	unassigned	suzukii	D. suzukii
A0AB40A7S3	2	U-02	suzukii	D. suzukii
A0AB40A7S4	3	U-03	suzukii	D. suzukii
A0AB40A7S7	1	U-01	suzukii	D. suzukii
A0AB39ZD24	1	U-01	suzukii	D. suzukii
A0AB39ZD27	1	U-01	suzukii	D. suzukii
A0AB39ZD28	1	U-01	suzukii	D. suzukii
A0AB39ZD29	2	U-02	suzukii	D. suzukii
A0AB39ZD31	3	U-03	suzukii	D. suzukii
A0AB39ZD36	1	U-01	suzukii	D. suzukii
A0AB39ZD39	2	U-02	suzukii	D. suzukii
A0AB39ZD41	1	U-01	suzukii	D. suzukii
A0AB39ZD43	1	U-01	suzukii	D. suzukii
A0AB39ZD44	1	U-01	suzukii	D. suzukii
A0AB39ZD47	1	U-01	suzukii	D. suzukii
A0AB39ZD48	1	U-01	suzukii	D. suzukii
A0AB39ZD49	2	U-02	suzukii	D. suzukii
A0AB39ZD50	1	U-01	suzukii	D. suzukii
A0AB39ZD51	2	U-02	suzukii	D. suzukii
A0AB39ZD54	1	U-01	suzukii	D. suzukii
A0AB39ZD57	1	U-01	suzukii	D. suzukii
A0AB39ZD60	1	U-01	suzukii	D. suzukii
A0AB39ZD61	1	U-01	suzukii	D. suzukii
A0AB39ZD63	1	U-01	suzukii	D. suzukii
A0AB39ZD65	1	U-01	suzukii	D. suzukii
A0AB39ZD66	1	U-01	suzukii	D. suzukii
A0AB39ZD68	1	U-01	suzukii	D. suzukii
A0AB39ZD70	1	U-01	suzukii	D. suzukii
A0AB39ZD71	1	U-01	suzukii	D. suzukii
A0AB39ZD73	1	U-01	suzukii	D. suzukii
A0AB39ZD74	2	U-02	suzukii	D. suzukii
A0AB39ZD77	1	U-01	suzukii	D. suzukii
A0AB39ZD78	1	U-01	suzukii	D. suzukii
A0AB39ZD79	1	U-01	suzukii	D. suzukii
A0AB39ZD80	0	unassigned	suzukii	D. suzukii
A0AB39ZD82	1	U-01	suzukii	D. suzukii
A0AB39ZD84	1	U-01	suzukii	D. suzukii
A0AB39ZD85	1	U-01	suzukii	D. suzukii
A0AB39ZD87	1	U-01	suzukii	D. suzukii
A0AB39ZD89	1	U-01	suzukii	D. suzukii
A0AB39ZD91	1	U-01	suzukii	D. suzukii
A0AB39ZD97	1	U-01	suzukii	D. suzukii
A0AB39ZD98	1	U-01	suzukii	D. suzukii
A0AB39ZDA0	0	unassigned	suzukii	D. suzukii
A0AB39ZDA2	1	U-01	suzukii	D. suzukii
A0AB39ZDA3	2	U-02	suzukii	D. suzukii
A0AB39ZDA5	2	U-02	suzukii	D. suzukii
A0AB39ZDA7	2	U-02	suzukii	D. suzukii
A0AB39ZDB0	1	U-01	suzukii	D. suzukii
A0AB39ZDB1	1	U-01	suzukii	D. suzukii
A0AB39ZDB2	1	U-01	suzukii	D. suzukii
A0AB39ZDB5	1	U-01	suzukii	D. suzukii
A0AB39ZDB8	1	U-01	suzukii	D. suzukii
A0AB39ZDB9	1	U-01	suzukii	D. suzukii
A0AB39ZDC0	1	U-01	suzukii	D. suzukii
A0AB39ZDC1	1	U-01	suzukii	D. suzukii
A0AB39ZDC2	1	U-01	suzukii	D. suzukii
A0AB39ZDC4	2	U-02	suzukii	D. suzukii
A0AB39ZDC5	1	U-01	suzukii	D. suzukii
A0AB39ZDC6	1	U-01	suzukii	D. suzukii
A0AB39ZDC8	1	U-01	suzukii	D. suzukii
A0AB39ZDC9	0	unassigned	suzukii	D. suzukii
A0AB39ZDD0	1	U-01	suzukii	D. suzukii
A0AB39ZDD3	1	U-01	suzukii	D. suzukii
A0AB39ZDD4	2	U-02	suzukii	D. suzukii
A0AB39ZDD5	1	U-01	suzukii	D. suzukii
A0AB39ZDD8	2	U-02	suzukii	D. suzukii
A0AB39ZDE1	1	U-01	suzukii	D. suzukii
A0AB39ZDE2	1	U-01	suzukii	D. suzukii
A0AB39ZDE4	1	U-01	suzukii	D. suzukii
A0AB39ZDE5	1	U-01	suzukii	D. suzukii
A0AB39ZDE6	0	unassigned	suzukii	D. suzukii
A0AB39ZDE7	0	unassigned	suzukii	D. suzukii
A0AB39ZDE8	0	unassigned	suzukii	D. suzukii
A0AB39ZDE9	1	U-01	suzukii	D. suzukii
A0AB39ZDF0	1	U-01	suzukii	D. suzukii
A0AB39ZDF1	0	unassigned	suzukii	D. suzukii
A0AB39ZDF2	1	U-01	suzukii	D. suzukii
A0AB39ZDF6	0	unassigned	suzukii	D. suzukii
A0AB39ZDF7	3	U-03	suzukii	D. suzukii
A0AB39ZDF9	1	U-01	suzukii	D. suzukii
A0AB39ZDG2	1	U-01	suzukii	D. suzukii
A0AB39ZDG6	0	unassigned	suzukii	D. suzukii
A0AB39ZDG8	1	U-01	suzukii	D. suzukii
A0AB39ZDG9	1	U-01	suzukii	D. suzukii
A0AB39ZDH0	1	U-01	suzukii	D. suzukii
A0AB39ZDH1	1	U-01	suzukii	D. suzukii
A0AB39ZDH4	1	U-01	suzukii	D. suzukii
A0AB39ZDH6	1	U-01	suzukii	D. suzukii
A0AB39ZDH7	1	U-01	suzukii	D. suzukii
A0AB39ZDH8	1	U-01	suzukii	D. suzukii
A0AB39ZDH9	1	U-01	suzukii	D. suzukii
A0AB39ZDI0	2	U-02	suzukii	D. suzukii
A0AB39ZDI2	2	U-02	suzukii	D. suzukii
A0AB39ZDI3	1	U-01	suzukii	D. suzukii
A0AB39ZDI4	1	U-01	suzukii	D. suzukii
A0AB39ZDI5	1	U-01	suzukii	D. suzukii
A0AB39ZDI6	0	unassigned	suzukii	D. suzukii
A0AB39ZDI7	1	U-01	suzukii	D. suzukii
A0AB39ZDI8	1	U-01	suzukii	D. suzukii
A0AB39ZI75	1	U-01	suzukii	D. suzukii
A0AB39ZI78	1	U-01	suzukii	D. suzukii
A0AB39ZI79	1	U-01	suzukii	D. suzukii
A0AB39ZI80	1	U-01	suzukii	D. suzukii
A0AB40DMS2	0	unassigned	suzukii	D. suzukii
A0AB40DMS8	2	U-02	suzukii	D. suzukii
A0AB40DMT0	1	U-01	suzukii	D. suzukii
A0AB40DMT1	2	U-02	suzukii	D. suzukii
A0AB40DMT3	0	unassigned	suzukii	D. suzukii
A0AB40DMT6	1	U-01	suzukii	D. suzukii
A0AB40DMT7	1	U-01	suzukii	D. suzukii
A0AB40DMU3	2	U-02	suzukii	D. suzukii
A0AB40DMU7	1	U-01	suzukii	D. suzukii
A0AB40DMV2	1	U-01	suzukii	D. suzukii
A0AB40DMW8	0	unassigned	suzukii	D. suzukii
A0AB40DMX9	1	U-01	suzukii	D. suzukii
A0AB40DMY2	0	unassigned	suzukii	D. suzukii
A0AB40DMY6	1	U-01	suzukii	D. suzukii
A0AB40DMY9	1	U-01	suzukii	D. suzukii
A0AB40DMZ3	0	unassigned	suzukii	D. suzukii
A0AB40DN10	0	unassigned	suzukii	D. suzukii
A0AB40DN20	1	U-01	suzukii	D. suzukii
A0AB40DN21	1	U-01	suzukii	D. suzukii
A0AB40DN22	1	U-01	suzukii	D. suzukii
A0AB40DN25	0	unassigned	suzukii	D. suzukii
A0AB40DN26	0	unassigned	suzukii	D. suzukii
A0AB40DN38	1	U-01	suzukii	D. suzukii
A0AB40DN77	0	unassigned	suzukii	D. suzukii
A0AB40DN88	0	unassigned	suzukii	D. suzukii
A0AB40DN89	1	U-01	suzukii	D. suzukii
A0AB40DN92	0	unassigned	suzukii	D. suzukii
A0AB40DN95	1	U-01	suzukii	D. suzukii
A0AB40DN96	1	U-01	suzukii	D. suzukii
A0AB40DNA2	1	U-01	suzukii	D. suzukii
A0AB40DNA6	0	unassigned	suzukii	D. suzukii
A0AB40DNA7	0	unassigned	suzukii	D. suzukii
A0AB40DNB4	0	unassigned	suzukii	D. suzukii
A0AB40DNC1	1	U-01	suzukii	D. suzukii
A0AB40DNC5	1	U-01	suzukii	D. suzukii
A0AB40DNC7	1	U-01	suzukii	D. suzukii
A0AB40DND9	0	unassigned	suzukii	D. suzukii
A0AB40DNE4	1	U-01	suzukii	D. suzukii
A0AB40DNE6	3	U-03	suzukii	D. suzukii
A0AB40DNG3	1	U-01	suzukii	D. suzukii
A0AB40DNG4	1	U-01	suzukii	D. suzukii
A0AB40DNG9	3	U-03	suzukii	D. suzukii
A0AB40DNI4	2	U-02	suzukii	D. suzukii
A0ABM4TK78	1	U-01	suzukii	D. suzukii
A0ABM4TK80	1	U-01	suzukii	D. suzukii
A0ABM4TK88	0	unassigned	suzukii	D. suzukii
A0ABM4TK90	0	unassigned	suzukii	D. suzukii
A0ABM4TK92	0	unassigned	suzukii	D. suzukii
A0ABM4TK93	0	unassigned	suzukii	D. suzukii
A0ABM4TK94	0	unassigned	suzukii	D. suzukii
A0ABM4TK95	0	unassigned	suzukii	D. suzukii
A0ABM4TK98	1	U-01	suzukii	D. suzukii
A0ABM4TKA2	0	unassigned	suzukii	D. suzukii
A0ABM4TKI6	2	U-02	suzukii	D. suzukii
A0ABM4TKJ0	1	U-01	suzukii	D. suzukii
A0ABM4TKJ6	1	U-01	suzukii	D. suzukii
A0ABM4TKJ7	1	U-01	suzukii	D. suzukii
A0ABM4TKJ8	0	unassigned	suzukii	D. suzukii
A0ABM4TKJ9	1	U-01	suzukii	D. suzukii
A0ABM4TKK1	1	U-01	suzukii	D. suzukii
A0ABM4TKK3	0	unassigned	suzukii	D. suzukii
A0ABM4TKK6	1	U-01	suzukii	D. suzukii
A0ABM4TKK8	1	U-01	suzukii	D. suzukii
A0ABM4TKK9	1	U-01	suzukii	D. suzukii
A0ABM4TKL2	0	unassigned	suzukii	D. suzukii
A0ABM4TKL4	1	U-01	suzukii	D. suzukii
A0ABM4TKL5	0	unassigned	suzukii	D. suzukii
A0ABM4TKL6	1	U-01	suzukii	D. suzukii
A0ABM4TKL7	1	U-01	suzukii	D. suzukii
A0ABM4TKL8	1	U-01	suzukii	D. suzukii
A0ABM4TKL9	0	unassigned	suzukii	D. suzukii
A0ABM4TKM2	1	U-01	suzukii	D. suzukii
A0ABM4TKM4	1	U-01	suzukii	D. suzukii
A0ABM4TKM5	1	U-01	suzukii	D. suzukii
A0ABM4TKM7	1	U-01	suzukii	D. suzukii
A0ABM4TKN0	0	unassigned	suzukii	D. suzukii
A0ABM4TKN1	1	U-01	suzukii	D. suzukii
A0ABM4TR61	1	U-01	suzukii	D. suzukii
A0ABM4TR63	1	U-01	suzukii	D. suzukii
A0ABM4TR64	1	U-01	suzukii	D. suzukii
A0ABM4TR66	1	U-01	suzukii	D. suzukii
A0ABM4TR68	1	U-01	suzukii	D. suzukii
A0ABM4TR69	1	U-01	suzukii	D. suzukii
A0ABM4TR71	1	U-01	suzukii	D. suzukii
A0ABM4TR72	1	U-01	suzukii	D. suzukii
A0ABM4TR73	1	U-01	suzukii	D. suzukii
A0ABM4TR79	1	U-01	suzukii	D. suzukii
A0ABM4TR80	1	U-01	suzukii	D. suzukii
A0ABM4TR82	0	unassigned	suzukii	D. suzukii
A0ABM4TR84	2	U-02	suzukii	D. suzukii
A0ABM4TR85	1	U-01	suzukii	D. suzukii
A0ABM4TR86	1	U-01	suzukii	D. suzukii
A0ABM4TR88	1	U-01	suzukii	D. suzukii
A0ABM4TR89	1	U-01	suzukii	D. suzukii
A0ABM4TR90	1	U-01	suzukii	D. suzukii
A0ABM4TR91	2	U-02	suzukii	D. suzukii
A0ABM4TR97	1	U-01	suzukii	D. suzukii
A0ABM4TR98	1	U-01	suzukii	D. suzukii
A0ABM4TR99	1	U-01	suzukii	D. suzukii
A0ABM4TRB5	3	U-03	suzukii	D. suzukii
A0AB39Z2N6	0	unassigned	suzukii	D. suzukii
A0AB39Z2N8	2	U-02	suzukii	D. suzukii
A0AB39Z2N9	1	U-01	suzukii	D. suzukii
A0AB39Z2P3	2	U-02	suzukii	D. suzukii
A0AB39Z2P7	2	U-02	suzukii	D. suzukii
A0AB39Z2P8	1	U-01	suzukii	D. suzukii
A0AB39Z2Q1	3	U-03	suzukii	D. suzukii
A0AB39Z2Q8	1	U-01	suzukii	D. suzukii
A0AB39Z2Q9	1	U-01	suzukii	D. suzukii
A0AB39Z2R1	0	unassigned	suzukii	D. suzukii
A0AB39Z2R9	1	U-01	suzukii	D. suzukii
A0AB39Z2S0	1	U-01	suzukii	D. suzukii
A0AB39Z2S2	2	U-02	suzukii	D. suzukii
A0AB39Z2S9	1	U-01	suzukii	D. suzukii
A0AB39Z2T1	0	unassigned	suzukii	D. suzukii
A0AB39Z2T2	1	U-01	suzukii	D. suzukii
A0AB39Z2T4	0	unassigned	suzukii	D. suzukii
A0AB39Z2T7	1	U-01	suzukii	D. suzukii
A0AB39Z2T8	0	unassigned	suzukii	D. suzukii
A0AB39Z2U0	3	U-03	suzukii	D. suzukii
A0AB39Z2U5	1	U-01	suzukii	D. suzukii
A0AB39Z2U6	1	U-01	suzukii	D. suzukii
A0AB39Z2U9	1	U-01	suzukii	D. suzukii
A0AB39Z2V4	1	U-01	suzukii	D. suzukii
A0AB39Z2V7	1	U-01	suzukii	D. suzukii
A0AB39Z2W0	0	unassigned	suzukii	D. suzukii
A0AB39Z2W1	1	U-01	suzukii	D. suzukii
A0AB39Z2W4	1	U-01	suzukii	D. suzukii
A0AB39Z2W6	1	U-01	suzukii	D. suzukii
A0AB39Z2W9	1	U-01	suzukii	D. suzukii
A0AB39Z2X0	2	U-02	suzukii	D. suzukii
A0AB39Z2X2	1	U-01	suzukii	D. suzukii
A0AB39Z2X3	0	unassigned	suzukii	D. suzukii
A0AB39Z2X6	1	U-01	suzukii	D. suzukii
A0AB39Z2X8	2	U-02	suzukii	D. suzukii
A0AB39Z2Y1	1	U-01	suzukii	D. suzukii
A0AB39Z2Y3	1	U-01	suzukii	D. suzukii
A0AB39Z2Y9	2	U-02	suzukii	D. suzukii
A0AB39Z2Z2	1	U-01	suzukii	D. suzukii
A0AB39Z2Z4	1	U-01	suzukii	D. suzukii
A0AB39Z2Z5	1	U-01	suzukii	D. suzukii
A0AB39Z2Z8	1	U-01	suzukii	D. suzukii
A0AB39Z302	2	U-02	suzukii	D. suzukii
A0AB39Z304	1	U-01	suzukii	D. suzukii
A0AB39Z305	1	U-01	suzukii	D. suzukii
A0AB39Z309	1	U-01	suzukii	D. suzukii
A0AB39Z310	1	U-01	suzukii	D. suzukii
A0AB39Z312	1	U-01	suzukii	D. suzukii
A0AB39Z315	1	U-01	suzukii	D. suzukii
A0AB39Z316	1	U-01	suzukii	D. suzukii
A0AB39Z317	1	U-01	suzukii	D. suzukii
A0AB39Z320	0	unassigned	suzukii	D. suzukii
A0AB39Z321	1	U-01	suzukii	D. suzukii
A0AB39Z323	1	U-01	suzukii	D. suzukii
A0AB39Z324	1	U-01	suzukii	D. suzukii
A0AB39Z325	1	U-01	suzukii	D. suzukii
A0AB39Z326	1	U-01	suzukii	D. suzukii
A0AB39Z328	1	U-01	suzukii	D. suzukii
A0AB39Z333	1	U-01	suzukii	D. suzukii
A0AB39Z334	2	U-02	suzukii	D. suzukii
A0AB39Z335	3	U-03	suzukii	D. suzukii
A0AB39Z336	1	U-01	suzukii	D. suzukii
A0AB39Z337	2	U-02	suzukii	D. suzukii
A0AB39Z338	3	U-03	suzukii	D. suzukii
A0AB39Z343	1	U-01	suzukii	D. suzukii
A0AB39Z347	1	U-01	suzukii	D. suzukii
A0AB39Z349	1	U-01	suzukii	D. suzukii
A0AB39Z352	1	U-01	suzukii	D. suzukii
A0AB39Z357	2	U-02	suzukii	D. suzukii
A0AB39Z359	1	U-01	suzukii	D. suzukii
A0AB39Z362	1	U-01	suzukii	D. suzukii
A0AB39Z363	1	U-01	suzukii	D. suzukii
A0AB39Z368	1	U-01	suzukii	D. suzukii
A0AB39Z370	1	U-01	suzukii	D. suzukii
A0AB39Z374	1	U-01	suzukii	D. suzukii
A0AB39Z378	1	U-01	suzukii	D. suzukii
A0AB39Z383	1	U-01	suzukii	D. suzukii
A0AB39Z385	1	U-01	suzukii	D. suzukii
A0AB39Z393	3	U-03	suzukii	D. suzukii
A0AB39Z398	1	U-01	suzukii	D. suzukii
A0AB39Z399	1	U-01	suzukii	D. suzukii
A0AB39Z3A0	1	U-01	suzukii	D. suzukii
A0AB39Z8P1	1	U-01	suzukii	D. suzukii
A0AB39Z8P2	2	U-02	suzukii	D. suzukii
A0AB39Z8P3	1	U-01	suzukii	D. suzukii
A0AB39Z8P4	1	U-01	suzukii	D. suzukii
A0AB39Z8P5	1	U-01	suzukii	D. suzukii
A0AB39Z8P7	1	U-01	suzukii	D. suzukii
A0AB39Z8Q8	1	U-01	suzukii	D. suzukii
A0AB39Z8Q9	1	U-01	suzukii	D. suzukii
A0AB39Z8R0	2	U-02	suzukii	D. suzukii
A0AB39Z8R1	1	U-01	suzukii	D. suzukii
A0AB39Z8R5	1	U-01	suzukii	D. suzukii
A0AB39Z8R7	0	unassigned	suzukii	D. suzukii
A0AB39Z8R8	0	unassigned	suzukii	D. suzukii
A0AB39Z8S2	1	U-01	suzukii	D. suzukii
A0AB39Z8S3	1	U-01	suzukii	D. suzukii
A0AB39Z8S7	2	U-02	suzukii	D. suzukii
A0AB39Z8S8	1	U-01	suzukii	D. suzukii
A0AB39Z8S9	1	U-01	suzukii	D. suzukii
A0AB39ZFM4	1	U-01	suzukii	D. suzukii
A0AB39ZFM7	1	U-01	suzukii	D. suzukii
A0AB39ZFM9	0	unassigned	suzukii	D. suzukii
A0AB39ZFN3	1	U-01	suzukii	D. suzukii
A0AB39ZFN6	1	U-01	suzukii	D. suzukii
A0AB39ZFP1	1	U-01	suzukii	D. suzukii
A0AB39ZFP5	2	U-02	suzukii	D. suzukii
A0AB39ZFP7	1	U-01	suzukii	D. suzukii
A0AB39ZFP8	1	U-01	suzukii	D. suzukii
A0AB39ZFP9	1	U-01	suzukii	D. suzukii
A0AB39ZFQ0	1	U-01	suzukii	D. suzukii
A0AB39ZFQ4	0	unassigned	suzukii	D. suzukii
A0AB39ZFQ8	0	unassigned	suzukii	D. suzukii
A0AB39ZFR4	1	U-01	suzukii	D. suzukii
A0AB39ZFR9	1	U-01	suzukii	D. suzukii
A0AB39ZFS4	2	U-02	suzukii	D. suzukii
A0AB39ZFS6	1	U-01	suzukii	D. suzukii
A0AB39ZFS7	3	U-03	suzukii	D. suzukii
A0AB39ZFS8	1	U-01	suzukii	D. suzukii
A0AB39ZFS9	1	U-01	suzukii	D. suzukii
A0AB39ZFT1	1	U-01	suzukii	D. suzukii
A0AB39ZFT3	1	U-01	suzukii	D. suzukii
A0AB39ZFT8	1	U-01	suzukii	D. suzukii
A0AB39ZFU4	1	U-01	suzukii	D. suzukii
A0AB39ZFU8	2	U-02	suzukii	D. suzukii
A0AB39ZFV0	1	U-01	suzukii	D. suzukii
A0AB39ZFV3	1	U-01	suzukii	D. suzukii
A0AB39ZFV5	3	U-03	suzukii	D. suzukii
A0AB39ZFV8	2	U-02	suzukii	D. suzukii
A0AB39ZFV9	1	U-01	suzukii	D. suzukii
A0AB39ZFW1	2	U-02	suzukii	D. suzukii
A0AB39ZFW4	0	unassigned	suzukii	D. suzukii
A0AB39ZFW5	1	U-01	suzukii	D. suzukii
A0AB39ZFX1	2	U-02	suzukii	D. suzukii
A0AB39ZFX8	1	U-01	suzukii	D. suzukii
A0AB39ZFY0	1	U-01	suzukii	D. suzukii
A0AB39ZFY4	1	U-01	suzukii	D. suzukii
A0AB39ZFY5	1	U-01	suzukii	D. suzukii
A0AB39ZFY6	1	U-01	suzukii	D. suzukii
A0AB39ZFY7	1	U-01	suzukii	D. suzukii
A0AB39ZFY9	1	U-01	suzukii	D. suzukii
A0AB39ZFZ4	1	U-01	suzukii	D. suzukii
A0AB39ZFZ7	1	U-01	suzukii	D. suzukii
A0AB39ZFZ9	1	U-01	suzukii	D. suzukii
A0AB39ZG00	0	unassigned	suzukii	D. suzukii
A0AB39ZG01	1	U-01	suzukii	D. suzukii
A0AB39ZG04	0	unassigned	suzukii	D. suzukii
A0AB39ZG07	2	U-02	suzukii	D. suzukii
A0AB39ZG12	1	U-01	suzukii	D. suzukii
A0AB39ZG13	1	U-01	suzukii	D. suzukii
A0AB39ZG16	1	U-01	suzukii	D. suzukii
A0AB39ZG17	1	U-01	suzukii	D. suzukii
A0AB39ZG18	1	U-01	suzukii	D. suzukii
A0AB39ZG19	1	U-01	suzukii	D. suzukii
A0AB39ZG20	1	U-01	suzukii	D. suzukii
A0AB39ZG22	1	U-01	suzukii	D. suzukii
A0AB39ZG26	0	unassigned	suzukii	D. suzukii
A0AB39ZG27	2	U-02	suzukii	D. suzukii
A0AB39ZG31	1	U-01	suzukii	D. suzukii
A0AB39ZG32	1	U-01	suzukii	D. suzukii
A0AB39ZG35	1	U-01	suzukii	D. suzukii
A0AB39ZG40	1	U-01	suzukii	D. suzukii
A0AB39ZG44	2	U-02	suzukii	D. suzukii
A0AB39ZG46	1	U-01	suzukii	D. suzukii
A0AB39ZG48	1	U-01	suzukii	D. suzukii
A0AB39ZG49	1	U-01	suzukii	D. suzukii
A0AB39ZG50	1	U-01	suzukii	D. suzukii
A0AB39ZG56	1	U-01	suzukii	D. suzukii
A0AB39ZG65	1	U-01	suzukii	D. suzukii
A0AB39ZG69	1	U-01	suzukii	D. suzukii
A0AB39ZG70	1	U-01	suzukii	D. suzukii
A0AB39ZG73	1	U-01	suzukii	D. suzukii
A0AB39ZG75	1	U-01	suzukii	D. suzukii
A0AB39ZG76	1	U-01	suzukii	D. suzukii
A0AB39ZG81	1	U-01	suzukii	D. suzukii
A0AB39ZG86	2	U-02	suzukii	D. suzukii
A0AB39ZG95	1	U-01	suzukii	D. suzukii
A0AB39ZGA2	1	U-01	suzukii	D. suzukii
A0AB39ZGA5	2	U-02	suzukii	D. suzukii
A0AB40A2V2	1	U-01	suzukii	D. suzukii
A0AB40A2V3	3	U-03	suzukii	D. suzukii
A0AB40A2X8	1	U-01	suzukii	D. suzukii
A0AB40A2Y8	1	U-01	suzukii	D. suzukii
A0AB40A307	1	U-01	suzukii	D. suzukii
A0AB40A312	0	unassigned	suzukii	D. suzukii
A0AB40A313	1	U-01	suzukii	D. suzukii
A0AB40A319	1	U-01	suzukii	D. suzukii
A0AB40A320	1	U-01	suzukii	D. suzukii
A0AB40A323	0	unassigned	suzukii	D. suzukii
A0AB40A331	1	U-01	suzukii	D. suzukii
A0AB40A357	1	U-01	suzukii	D. suzukii
A0AB40A359	1	U-01	suzukii	D. suzukii
A0AB40A365	1	U-01	suzukii	D. suzukii
A0AB40A372	2	U-02	suzukii	D. suzukii
A0AB40A373	1	U-01	suzukii	D. suzukii
A0AB40A374	1	U-01	suzukii	D. suzukii
A0AB40A375	1	U-01	suzukii	D. suzukii
A0AB40A376	1	U-01	suzukii	D. suzukii
A0AB40A377	1	U-01	suzukii	D. suzukii
A0AB40A381	2	U-02	suzukii	D. suzukii
A0AB39ZL48	3	U-03	suzukii	D. suzukii
A0AB39ZL54	0	unassigned	suzukii	D. suzukii
A0AB39ZL57	1	U-01	suzukii	D. suzukii
A0AB39ZL60	1	U-01	suzukii	D. suzukii
A0AB39ZL62	1	U-01	suzukii	D. suzukii
A0AB39ZL63	1	U-01	suzukii	D. suzukii
A0AB39ZL66	2	U-02	suzukii	D. suzukii
A0AB39ZL70	1	U-01	suzukii	D. suzukii
A0AB39ZL76	2	U-02	suzukii	D. suzukii
A0AB39ZL78	1	U-01	suzukii	D. suzukii
A0AB39ZL81	1	U-01	suzukii	D. suzukii
A0AB39ZL82	3	U-03	suzukii	D. suzukii
A0AB39ZL84	1	U-01	suzukii	D. suzukii
A0AB39ZL88	1	U-01	suzukii	D. suzukii
A0AB39ZL89	0	unassigned	suzukii	D. suzukii
A0AB39ZL90	1	U-01	suzukii	D. suzukii
A0AB39ZL94	2	U-02	suzukii	D. suzukii
A0AB39ZL97	1	U-01	suzukii	D. suzukii
A0AB39ZL99	1	U-01	suzukii	D. suzukii
A0AB39ZLA1	1	U-01	suzukii	D. suzukii
A0AB39ZLA7	1	U-01	suzukii	D. suzukii
A0AB39ZLA9	1	U-01	suzukii	D. suzukii
A0AB39ZLB9	0	unassigned	suzukii	D. suzukii
A0AB39ZLC0	1	U-01	suzukii	D. suzukii
A0AB39ZLC7	3	U-03	suzukii	D. suzukii
A0AB39ZLD2	1	U-01	suzukii	D. suzukii
A0AB39ZLD3	1	U-01	suzukii	D. suzukii
A0AB39ZLD9	1	U-01	suzukii	D. suzukii
A0AB39ZLE0	2	U-02	suzukii	D. suzukii
A0AB39ZLE4	1	U-01	suzukii	D. suzukii
A0AB39ZLE7	1	U-01	suzukii	D. suzukii
A0AB39ZLE8	1	U-01	suzukii	D. suzukii
A0AB39ZLG1	2	U-02	suzukii	D. suzukii
A0AB39ZLG3	3	U-03	suzukii	D. suzukii
A0AB39ZLG5	1	U-01	suzukii	D. suzukii
A0AB39ZLH2	2	U-02	suzukii	D. suzukii
A0AB39ZLH6	3	U-03	suzukii	D. suzukii
A0AB39ZLI7	1	U-01	suzukii	D. suzukii
A0AB39ZLI9	1	U-01	suzukii	D. suzukii
A0AB39ZLJ0	1	U-01	suzukii	D. suzukii
A0AB39ZLJ2	1	U-01	suzukii	D. suzukii
A0AB39ZLK1	1	U-01	suzukii	D. suzukii
A0AB39ZLK2	1	U-01	suzukii	D. suzukii
A0AB39ZLK5	0	unassigned	suzukii	D. suzukii
A0AB39ZLK8	1	U-01	suzukii	D. suzukii
A0AB39ZLL0	1	U-01	suzukii	D. suzukii
A0AB39ZLL4	2	U-02	suzukii	D. suzukii
A0AB39ZLL6	3	U-03	suzukii	D. suzukii
A0AB39ZLM0	1	U-01	suzukii	D. suzukii
A0AB39ZLM2	1	U-01	suzukii	D. suzukii
A0AB39ZLM5	1	U-01	suzukii	D. suzukii
A0AB39ZLN1	0	unassigned	suzukii	D. suzukii
A0AB39ZLN4	2	U-02	suzukii	D. suzukii
A0AB39ZLN6	3	U-03	suzukii	D. suzukii
A0AB39ZLP8	1	U-01	suzukii	D. suzukii
A0AB39ZLQ4	2	U-02	suzukii	D. suzukii
A0AB39ZLQ7	1	U-01	suzukii	D. suzukii
A0AB39ZLR4	1	U-01	suzukii	D. suzukii
A0AB39ZLR6	2	U-02	suzukii	D. suzukii
A0AB39ZLR7	1	U-01	suzukii	D. suzukii
A0AB39ZLR9	1	U-01	suzukii	D. suzukii
A0AB39ZLS2	3	U-03	suzukii	D. suzukii
A0AB39ZR13	0	unassigned	suzukii	D. suzukii
A0AB39ZR15	1	U-01	suzukii	D. suzukii
A0AB39ZR16	0	unassigned	suzukii	D. suzukii
A0AB39ZR19	1	U-01	suzukii	D. suzukii
A0AB39ZR25	1	U-01	suzukii	D. suzukii
A0AB39ZR28	2	U-02	suzukii	D. suzukii
A0AB39ZR29	1	U-01	suzukii	D. suzukii
A0AB39ZR36	1	U-01	suzukii	D. suzukii
A0AB39ZR40	2	U-02	suzukii	D. suzukii
A0AB39ZR44	1	U-01	suzukii	D. suzukii
A0AB39ZR46	1	U-01	suzukii	D. suzukii
A0AB39ZR50	1	U-01	suzukii	D. suzukii
A0AB39ZR55	1	U-01	suzukii	D. suzukii
A0AB39ZR59	1	U-01	suzukii	D. suzukii
A0AB39ZR65	1	U-01	suzukii	D. suzukii
A0AB39ZR69	1	U-01	suzukii	D. suzukii
A0AB39ZR73	2	U-02	suzukii	D. suzukii
A0AB39ZR74	1	U-01	suzukii	D. suzukii
A0AB39ZR79	1	U-01	suzukii	D. suzukii
A0AB39ZR80	1	U-01	suzukii	D. suzukii
A0AB39ZR84	1	U-01	suzukii	D. suzukii
A0AB39ZR91	2	U-02	suzukii	D. suzukii
A0AB39ZR92	1	U-01	suzukii	D. suzukii
A0AB39ZR93	2	U-02	suzukii	D. suzukii
A0AB39ZR94	1	U-01	suzukii	D. suzukii
A0AB39ZR98	1	U-01	suzukii	D. suzukii
A0AB39ZRA1	1	U-01	suzukii	D. suzukii
A0AB39ZRA9	1	U-01	suzukii	D. suzukii
A0AB39ZRB0	1	U-01	suzukii	D. suzukii
A0AB39ZRB1	1	U-01	suzukii	D. suzukii
A0AB39ZRB3	1	U-01	suzukii	D. suzukii
A0AB39ZRB9	1	U-01	suzukii	D. suzukii
A0AB39ZRD9	0	unassigned	suzukii	D. suzukii
A0AB39ZRE4	1	U-01	suzukii	D. suzukii
A0AB39ZRE5	1	U-01	suzukii	D. suzukii
A0AB39ZRF2	2	U-02	suzukii	D. suzukii
A0AB39ZRF8	1	U-01	suzukii	D. suzukii
A0AB39ZRG1	1	U-01	suzukii	D. suzukii
A0AB40AAS9	1	U-01	suzukii	D. suzukii
A0AB40AAT0	1	U-01	suzukii	D. suzukii
A0AB40AAT2	1	U-01	suzukii	D. suzukii
A0AB40AAT3	1	U-01	suzukii	D. suzukii
A0AB40AAT5	1	U-01	suzukii	D. suzukii
A0AB40AAU4	1	U-01	suzukii	D. suzukii
A0AB40AAU5	1	U-01	suzukii	D. suzukii
A0AB40AAV0	1	U-01	suzukii	D. suzukii
A0AB40AAV1	1	U-01	suzukii	D. suzukii
A0AB40AAV2	1	U-01	suzukii	D. suzukii
A0AB40AAV3	2	U-02	suzukii	D. suzukii
A0AB40AAV5	1	U-01	suzukii	D. suzukii
A0AB40AAV7	1	U-01	suzukii	D. suzukii
A0AB40AAW1	2	U-02	suzukii	D. suzukii
A0AB40AAW2	0	unassigned	suzukii	D. suzukii
A0AB40AAW3	1	U-01	suzukii	D. suzukii
A0AB40AAX5	1	U-01	suzukii	D. suzukii
A0AB40AAX6	1	U-01	suzukii	D. suzukii
A0AB40AAY5	1	U-01	suzukii	D. suzukii
A0AB40AAY6	1	U-01	suzukii	D. suzukii
A0AB40AAZ2	1	U-01	suzukii	D. suzukii
A0AB40AAZ8	1	U-01	suzukii	D. suzukii
A0AB40AB01	1	U-01	suzukii	D. suzukii
A0AB40AB08	1	U-01	suzukii	D. suzukii
A0AB40AB09	1	U-01	suzukii	D. suzukii
A0AB40AB20	1	U-01	suzukii	D. suzukii
A0AB40AB21	1	U-01	suzukii	D. suzukii
A0AB40AB22	1	U-01	suzukii	D. suzukii
A0AB40AB29	1	U-01	suzukii	D. suzukii
A0AB40AB34	1	U-01	suzukii	D. suzukii
A0AB40AB37	1	U-01	suzukii	D. suzukii
A0AB40AB42	1	U-01	suzukii	D. suzukii
A0AB40AB43	1	U-01	suzukii	D. suzukii
A0AB40AB48	3	U-03	suzukii	D. suzukii
A0AB40AB50	0	unassigned	suzukii	D. suzukii
A0AB40AB59	1	U-01	suzukii	D. suzukii
A0AB40AB64	1	U-01	suzukii	D. suzukii
A0AB40AB67	0	unassigned	suzukii	D. suzukii
A0AB40AB68	2	U-02	suzukii	D. suzukii
A0AB40AB78	1	U-01	suzukii	D. suzukii
A0AB40AB79	2	U-02	suzukii	D. suzukii
A0AB40AB86	1	U-01	suzukii	D. suzukii
A0AB40AB89	0	unassigned	suzukii	D. suzukii
A0AB40AB91	3	U-03	suzukii	D. suzukii
A0AB40AEC4	1	U-01	suzukii	D. suzukii
A0AB40AEC6	0	unassigned	suzukii	D. suzukii
A0AB40AED0	0	unassigned	suzukii	D. suzukii
A0AB40AED7	2	U-02	suzukii	D. suzukii
A0AB40AEE5	0	unassigned	suzukii	D. suzukii
A0AB40AEE6	0	unassigned	suzukii	D. suzukii
A0AB40AEE7	0	unassigned	suzukii	D. suzukii
A0AB40AEF1	0	unassigned	suzukii	D. suzukii
A0AB40AEF5	0	unassigned	suzukii	D. suzukii
A0AB40AEF8	1	U-01	suzukii	D. suzukii
A0AB40AEG1	0	unassigned	suzukii	D. suzukii
A0AB40AEG3	3	U-03	suzukii	D. suzukii
A0AB40AEG7	1	U-01	suzukii	D. suzukii
A0AB40AEH7	1	U-01	suzukii	D. suzukii
A0AB40AEH8	1	U-01	suzukii	D. suzukii
A0AB40AEH9	1	U-01	suzukii	D. suzukii
A0AB40AEI0	0	unassigned	suzukii	D. suzukii
A0AB40AEI1	0	unassigned	suzukii	D. suzukii
A0AB40AEI4	1	U-01	suzukii	D. suzukii
A0AB40AEI9	0	unassigned	suzukii	D. suzukii
A0AB40AEJ8	1	U-01	suzukii	D. suzukii
A0AB40AEJ9	1	U-01	suzukii	D. suzukii
A0AB40AEK0	0	unassigned	suzukii	D. suzukii
A0AB40AEK1	0	unassigned	suzukii	D. suzukii
A0AB40AEK2	0	unassigned	suzukii	D. suzukii
A0AB40AEK4	1	U-01	suzukii	D. suzukii
A0AB40AEK8	0	unassigned	suzukii	D. suzukii
A0AB40AEL2	0	unassigned	suzukii	D. suzukii
A0AB40AEL7	0	unassigned	suzukii	D. suzukii
A0AB40AEL8	2	U-02	suzukii	D. suzukii
A0AB40AEM0	0	unassigned	suzukii	D. suzukii
A0AB40AEM1	0	unassigned	suzukii	D. suzukii
A0AB40AEM3	0	unassigned	suzukii	D. suzukii
A0AB40AEM4	0	unassigned	suzukii	D. suzukii
A0AB40AEM8	0	unassigned	suzukii	D. suzukii
A0AB40AEM9	0	unassigned	suzukii	D. suzukii
A0AB40AEN0	1	U-01	suzukii	D. suzukii
A0AB40AEN1	1	U-01	suzukii	D. suzukii
A0AB40AEN2	1	U-01	suzukii	D. suzukii
A0AB40AEN7	0	unassigned	suzukii	D. suzukii
A0AB40AEN9	0	unassigned	suzukii	D. suzukii
A0AB40AEP0	1	U-01	suzukii	D. suzukii
A0AB40AEP1	0	unassigned	suzukii	D. suzukii
A0AB40AEP4	2	U-02	suzukii	D. suzukii
A0AB40AEP8	0	unassigned	suzukii	D. suzukii
A0AB40AEQ2	0	unassigned	suzukii	D. suzukii
A0AB40AEQ7	0	unassigned	suzukii	D. suzukii
A0AB40AEQ8	0	unassigned	suzukii	D. suzukii
A0AB40AER5	0	unassigned	suzukii	D. suzukii
A0AB40AES6	1	U-01	suzukii	D. suzukii
A0AB40AES7	0	unassigned	suzukii	D. suzukii
A0AB40AES8	0	unassigned	suzukii	D. suzukii
A0AB40AES9	0	unassigned	suzukii	D. suzukii
A0AB40AET1	0	unassigned	suzukii	D. suzukii
A0AB40AET7	0	unassigned	suzukii	D. suzukii
A0AB40AET9	1	U-01	suzukii	D. suzukii
A0AB39Z596	1	U-01	suzukii	D. suzukii
A0AB39Z598	1	U-01	suzukii	D. suzukii
A0AB39Z599	0	unassigned	suzukii	D. suzukii
A0AB39Z5A0	1	U-01	suzukii	D. suzukii
A0AB39Z5A1	1	U-01	suzukii	D. suzukii
A0AB39Z5A2	1	U-01	suzukii	D. suzukii
A0AB39Z5A3	1	U-01	suzukii	D. suzukii
A0AB39Z5A4	1	U-01	suzukii	D. suzukii
A0AB39Z5A5	1	U-01	suzukii	D. suzukii
A0AB39Z5A9	1	U-01	suzukii	D. suzukii
A0AB39Z5B2	1	U-01	suzukii	D. suzukii
A0AB39Z5B4	1	U-01	suzukii	D. suzukii
A0AB39Z5B5	1	U-01	suzukii	D. suzukii
A0AB39Z5B6	1	U-01	suzukii	D. suzukii
A0AB39Z5B7	1	U-01	suzukii	D. suzukii
A0AB39Z5B8	0	unassigned	suzukii	D. suzukii
A0AB39Z5C0	1	U-01	suzukii	D. suzukii
A0AB39Z5C2	1	U-01	suzukii	D. suzukii
A0AB39Z5C3	1	U-01	suzukii	D. suzukii
A0AB39Z5C4	1	U-01	suzukii	D. suzukii
A0AB39Z7X9	3	U-03	suzukii	D. suzukii
A0AB39Z7Y1	1	U-01	suzukii	D. suzukii
A0AB39Z7Y2	1	U-01	suzukii	D. suzukii
A0AB39Z7Y3	0	unassigned	suzukii	D. suzukii
A0AB39Z7Y5	3	U-03	suzukii	D. suzukii
A0AB39Z7Y7	1	U-01	suzukii	D. suzukii
A0AB39Z7Z0	1	U-01	suzukii	D. suzukii
A0AB39Z7Z2	1	U-01	suzukii	D. suzukii
A0AB39Z803	3	U-03	suzukii	D. suzukii
A0AB39Z807	2	U-02	suzukii	D. suzukii
A0AB39Z809	1	U-01	suzukii	D. suzukii
A0AB39Z810	0	unassigned	suzukii	D. suzukii
A0AB39Z813	1	U-01	suzukii	D. suzukii
A0AB39Z814	1	U-01	suzukii	D. suzukii
A0AB39Z815	3	U-03	suzukii	D. suzukii
A0AB39Z818	1	U-01	suzukii	D. suzukii
A0AB39Z822	1	U-01	suzukii	D. suzukii
A0AB39Z823	1	U-01	suzukii	D. suzukii
A0AB39Z828	1	U-01	suzukii	D. suzukii
A0AB39Z829	1	U-01	suzukii	D. suzukii
A0AB39Z831	3	U-03	suzukii	D. suzukii
A0AB39Z833	2	U-02	suzukii	D. suzukii
A0AB39Z834	2	U-02	suzukii	D. suzukii
A0AB39Z835	1	U-01	suzukii	D. suzukii
A0AB39Z837	1	U-01	suzukii	D. suzukii
A0AB39Z838	2	U-02	suzukii	D. suzukii
A0AB39Z839	1	U-01	suzukii	D. suzukii
A0AB39Z841	1	U-01	suzukii	D. suzukii
A0AB39Z842	1	U-01	suzukii	D. suzukii
A0AB39Z844	1	U-01	suzukii	D. suzukii
A0AB39Z849	2	U-02	suzukii	D. suzukii
A0AB39Z850	1	U-01	suzukii	D. suzukii
A0AB39Z852	1	U-01	suzukii	D. suzukii
A0AB39Z853	1	U-01	suzukii	D. suzukii
A0AB39Z854	1	U-01	suzukii	D. suzukii
A0AB39Z856	1	U-01	suzukii	D. suzukii
A0AB39Z857	1	U-01	suzukii	D. suzukii
A0AB39Z861	1	U-01	suzukii	D. suzukii
A0AB39Z862	0	unassigned	suzukii	D. suzukii
A0AB39Z864	1	U-01	suzukii	D. suzukii
A0AB39Z865	1	U-01	suzukii	D. suzukii
A0AB39Z868	1	U-01	suzukii	D. suzukii
A0AB39Z870	1	U-01	suzukii	D. suzukii
A0AB39Z883	0	unassigned	suzukii	D. suzukii
A0AB39Z884	1	U-01	suzukii	D. suzukii
A0AB39Z887	2	U-02	suzukii	D. suzukii
A0AB39Z888	1	U-01	suzukii	D. suzukii
A0AB39Z889	1	U-01	suzukii	D. suzukii
A0AB39Z890	1	U-01	suzukii	D. suzukii
A0AB39Z894	1	U-01	suzukii	D. suzukii
A0AB39Z897	3	U-03	suzukii	D. suzukii
A0AB39Z899	1	U-01	suzukii	D. suzukii
A0AB39Z8A2	1	U-01	suzukii	D. suzukii
A0AB39Z8A4	1	U-01	suzukii	D. suzukii
A0AB39Z8A6	1	U-01	suzukii	D. suzukii
A0AB39Z8B3	1	U-01	suzukii	D. suzukii
A0AB39Z8B4	0	unassigned	suzukii	D. suzukii
A0AB39Z8B6	2	U-02	suzukii	D. suzukii
A0AB39Z8B7	1	U-01	suzukii	D. suzukii
A0AB39Z8B9	1	U-01	suzukii	D. suzukii
A0AB39Z8C1	1	U-01	suzukii	D. suzukii
A0AB39Z8C2	1	U-01	suzukii	D. suzukii
A0AB39Z8C3	0	unassigned	suzukii	D. suzukii
A0AB39Z8C4	1	U-01	suzukii	D. suzukii
A0AB39Z8C7	3	U-03	suzukii	D. suzukii
A0AB39Z8C8	1	U-01	suzukii	D. suzukii
A0AB39Z8D1	1	U-01	suzukii	D. suzukii
A0AB39Z8D5	0	unassigned	suzukii	D. suzukii
A0AB39Z8D7	1	U-01	suzukii	D. suzukii
A0AB39Z8E0	1	U-01	suzukii	D. suzukii
A0AB39Z8E1	0	unassigned	suzukii	D. suzukii
A0AB39Z8E5	1	U-01	suzukii	D. suzukii
A0AB39Z8E6	1	U-01	suzukii	D. suzukii
A0AB39Z8E7	1	U-01	suzukii	D. suzukii
A0AB39Z8F0	1	U-01	suzukii	D. suzukii
A0AB39Z8F2	3	U-03	suzukii	D. suzukii
A0AB39Z8F6	0	unassigned	suzukii	D. suzukii
A0AB39Z8F8	1	U-01	suzukii	D. suzukii
A0AB39Z8G0	1	U-01	suzukii	D. suzukii
A0AB39Z8G2	1	U-01	suzukii	D. suzukii
A0AB39ZQ45	1	U-01	suzukii	D. suzukii
A0AB39ZQ50	1	U-01	suzukii	D. suzukii
A0AB39ZQ52	1	U-01	suzukii	D. suzukii
A0AB39ZQ53	1	U-01	suzukii	D. suzukii
A0AB39ZRB5	2	U-02	suzukii	D. suzukii
A0AB39ZRB6	1	U-01	suzukii	D. suzukii
A0AB39ZRB7	0	unassigned	suzukii	D. suzukii
A0AB39ZRB8	0	unassigned	suzukii	D. suzukii
A0AB39ZRC0	1	U-01	suzukii	D. suzukii
A0AB39ZRC3	0	unassigned	suzukii	D. suzukii
A0AB39ZRC4	1	U-01	suzukii	D. suzukii
A0AB39ZRC5	1	U-01	suzukii	D. suzukii
A0AB39ZRC7	0	unassigned	suzukii	D. suzukii
A0AB39ZRC8	1	U-01	suzukii	D. suzukii
A0AB39ZRC9	2	U-02	suzukii	D. suzukii
A0AB39ZRD0	2	U-02	suzukii	D. suzukii
A0AB39ZRD1	2	U-02	suzukii	D. suzukii
A0AB39ZRD2	2	U-02	suzukii	D. suzukii
A0AB39ZRD3	3	U-03	suzukii	D. suzukii
A0AB39ZRD4	1	U-01	suzukii	D. suzukii
A0AB39ZRD5	1	U-01	suzukii	D. suzukii
A0AB39ZRD6	2	U-02	suzukii	D. suzukii
A0AB39ZRD7	2	U-02	suzukii	D. suzukii
A0AB39ZRE0	2	U-02	suzukii	D. suzukii
A0AB39ZRE1	0	unassigned	suzukii	D. suzukii
A0AB39ZRE2	1	U-01	suzukii	D. suzukii
A0AB39ZRE3	0	unassigned	suzukii	D. suzukii
A0AB39ZRE6	1	U-01	suzukii	D. suzukii
A0AB39ZRE7	0	unassigned	suzukii	D. suzukii
A0AB39ZRE8	1	U-01	suzukii	D. suzukii
A0AB39ZRE9	1	U-01	suzukii	D. suzukii
A0AB39ZRF0	1	U-01	suzukii	D. suzukii
A0AB39ZRF3	2	U-02	suzukii	D. suzukii
A0AB39ZRF4	3	U-03	suzukii	D. suzukii
A0AB39ZRF5	1	U-01	suzukii	D. suzukii
A0AB39ZRF6	1	U-01	suzukii	D. suzukii
A0AB39ZRF7	2	U-02	suzukii	D. suzukii
A0AB39ZRF9	1	U-01	suzukii	D. suzukii
A0AB39ZRG0	1	U-01	suzukii	D. suzukii
A0AB39ZRG2	1	U-01	suzukii	D. suzukii
A0AB39ZRG3	1	U-01	suzukii	D. suzukii
A0AB39ZRG4	1	U-01	suzukii	D. suzukii
A0AB39ZRG5	1	U-01	suzukii	D. suzukii
A0AB39ZRG6	0	unassigned	suzukii	D. suzukii
A0AB39ZRG7	0	unassigned	suzukii	D. suzukii
A0AB39ZRG9	1	U-01	suzukii	D. suzukii
A0AB39ZRH0	1	U-01	suzukii	D. suzukii
A0AB39ZRH2	1	U-01	suzukii	D. suzukii
A0AB39ZRH5	2	U-02	suzukii	D. suzukii
A0AB39ZRH7	1	U-01	suzukii	D. suzukii
A0AB39ZRH8	0	unassigned	suzukii	D. suzukii
A0AB39ZRI0	3	U-03	suzukii	D. suzukii
A0AB39ZRI1	1	U-01	suzukii	D. suzukii
A0AB39ZRI2	2	U-02	suzukii	D. suzukii
A0AB39ZRI3	1	U-01	suzukii	D. suzukii
A0AB39ZRI5	0	unassigned	suzukii	D. suzukii
A0AB39ZRJ0	0	unassigned	suzukii	D. suzukii
A0AB39ZRJ2	0	unassigned	suzukii	D. suzukii
A0AB39ZRJ4	3	U-03	suzukii	D. suzukii
A0AB39ZRJ9	1	U-01	suzukii	D. suzukii
A0AB39ZRK3	2	U-02	suzukii	D. suzukii
A0AB39ZRK4	1	U-01	suzukii	D. suzukii
A0AB39ZRK5	1	U-01	suzukii	D. suzukii
A0AB39ZRK9	1	U-01	suzukii	D. suzukii
A0AB39ZRL1	1	U-01	suzukii	D. suzukii
A0AB39ZRL2	1	U-01	suzukii	D. suzukii
A0AB39ZRL5	3	U-03	suzukii	D. suzukii
A0AB39ZRL6	1	U-01	suzukii	D. suzukii
A0AB39ZRL7	0	unassigned	suzukii	D. suzukii
A0AB39ZRL9	1	U-01	suzukii	D. suzukii
A0AB39ZRM0	2	U-02	suzukii	D. suzukii
A0AB39ZRM1	1	U-01	suzukii	D. suzukii
A0AB39ZRM3	0	unassigned	suzukii	D. suzukii
A0AB39ZRM4	1	U-01	suzukii	D. suzukii
A0AB39ZRM6	1	U-01	suzukii	D. suzukii
A0AB39ZRM7	1	U-01	suzukii	D. suzukii
A0AB39ZRN0	1	U-01	suzukii	D. suzukii
A0AB39ZRN3	1	U-01	suzukii	D. suzukii
A0AB39ZRN5	1	U-01	suzukii	D. suzukii
A0AB39ZRN7	1	U-01	suzukii	D. suzukii
A0AB39ZRN9	1	U-01	suzukii	D. suzukii
A0AB39ZRP4	1	U-01	suzukii	D. suzukii
A0AB39ZRP6	0	unassigned	suzukii	D. suzukii
A0AB39ZRQ0	1	U-01	suzukii	D. suzukii
A0AB39ZRQ1	1	U-01	suzukii	D. suzukii
A0AB39ZRQ2	1	U-01	suzukii	D. suzukii
A0AB39ZRQ3	1	U-01	suzukii	D. suzukii
A0AB39ZRQ4	0	unassigned	suzukii	D. suzukii
A0AB39ZRQ5	1	U-01	suzukii	D. suzukii
A0AB39ZRQ7	2	U-02	suzukii	D. suzukii
A0AB39ZRQ8	1	U-01	suzukii	D. suzukii
A0AB39ZRQ9	1	U-01	suzukii	D. suzukii
A0AB39ZRR1	1	U-01	suzukii	D. suzukii
A0AB39ZRR4	1	U-01	suzukii	D. suzukii
A0AB39ZRR5	3	U-03	suzukii	D. suzukii
A0AB39ZRR6	1	U-01	suzukii	D. suzukii
A0AB39ZRR7	1	U-01	suzukii	D. suzukii
A0AB39ZRS0	1	U-01	suzukii	D. suzukii
A0AB39ZRS2	1	U-01	suzukii	D. suzukii
A0AB39ZRS3	1	U-01	suzukii	D. suzukii
A0AB40ADP5	1	U-01	suzukii	D. suzukii
A0AB40ADP7	1	U-01	suzukii	D. suzukii
A0AB40ADP9	1	U-01	suzukii	D. suzukii
A0AB40ADQ1	1	U-01	suzukii	D. suzukii
A0AB40ADQ3	1	U-01	suzukii	D. suzukii
A0AB40ADQ6	1	U-01	suzukii	D. suzukii
A0AB40ADQ8	1	U-01	suzukii	D. suzukii
A0AB40ADR2	1	U-01	suzukii	D. suzukii
A0AB40ADR5	1	U-01	suzukii	D. suzukii
A0AB40ADR8	1	U-01	suzukii	D. suzukii
A0AB40ADS0	1	U-01	suzukii	D. suzukii
A0AB40ADS5	1	U-01	suzukii	D. suzukii
A0AB40ADS6	1	U-01	suzukii	D. suzukii
A0AB40ADS8	1	U-01	suzukii	D. suzukii
A0AB40ADT0	1	U-01	suzukii	D. suzukii
A0AB40ADT1	1	U-01	suzukii	D. suzukii
A0AB40ADT2	1	U-01	suzukii	D. suzukii
A0AB40ADT3	1	U-01	suzukii	D. suzukii
A0AB40ADT4	1	U-01	suzukii	D. suzukii
A0AB40ADT7	0	unassigned	suzukii	D. suzukii
A0AB40ADU3	1	U-01	suzukii	D. suzukii
A0AB40ADU4	1	U-01	suzukii	D. suzukii
A0AB40ADU5	1	U-01	suzukii	D. suzukii
A0AB40ADU7	1	U-01	suzukii	D. suzukii
A0AB40ADV2	1	U-01	suzukii	D. suzukii
A0AB40ADV8	1	U-01	suzukii	D. suzukii
A0AB40ADV9	1	U-01	suzukii	D. suzukii
A0AB40ADW2	1	U-01	suzukii	D. suzukii
A0AB40ADW3	1	U-01	suzukii	D. suzukii
A0AB40ADW4	0	unassigned	suzukii	D. suzukii
A0AB40ADX2	1	U-01	suzukii	D. suzukii
A0AB40ADX5	1	U-01	suzukii	D. suzukii
A0AB40ADX7	0	unassigned	suzukii	D. suzukii
A0AB40ADY1	1	U-01	suzukii	D. suzukii
A0AB40ADY2	1	U-01	suzukii	D. suzukii
A0AB40ADY5	0	unassigned	suzukii	D. suzukii
A0AB40ADY6	0	unassigned	suzukii	D. suzukii
A0AB40ADY8	1	U-01	suzukii	D. suzukii
A0AB40ADZ1	1	U-01	suzukii	D. suzukii
A0AB40ADZ3	1	U-01	suzukii	D. suzukii
A0AB40ADZ4	3	U-03	suzukii	D. suzukii
A0AB40ADZ6	1	U-01	suzukii	D. suzukii
A0AB40ADZ7	1	U-01	suzukii	D. suzukii
A0AB40AE00	1	U-01	suzukii	D. suzukii
A0AB40AE01	1	U-01	suzukii	D. suzukii
A0AB40AE06	3	U-03	suzukii	D. suzukii
A0AB40AE08	0	unassigned	suzukii	D. suzukii
A0AB40AE09	1	U-01	suzukii	D. suzukii
A0AB40AE10	1	U-01	suzukii	D. suzukii
A0AB40AE15	1	U-01	suzukii	D. suzukii
A0AB40AE22	1	U-01	suzukii	D. suzukii
A0AB40AE29	1	U-01	suzukii	D. suzukii
A0AB40AE33	1	U-01	suzukii	D. suzukii
A0AB40AE35	1	U-01	suzukii	D. suzukii
A0AB40AE37	1	U-01	suzukii	D. suzukii
A0AB40AE38	1	U-01	suzukii	D. suzukii
A0AB40AE39	0	unassigned	suzukii	D. suzukii
A0AB40AE42	1	U-01	suzukii	D. suzukii
A0AB40AE46	1	U-01	suzukii	D. suzukii
A0AB40AE48	1	U-01	suzukii	D. suzukii
A0AB40AE49	0	unassigned	suzukii	D. suzukii
A0AB40AE51	1	U-01	suzukii	D. suzukii
A0AB40AE55	1	U-01	suzukii	D. suzukii
A0AB40AE58	1	U-01	suzukii	D. suzukii
A0AB40AE61	1	U-01	suzukii	D. suzukii
A0AB40AE62	1	U-01	suzukii	D. suzukii
A0AB40AE65	1	U-01	suzukii	D. suzukii
A0AB40AE70	1	U-01	suzukii	D. suzukii
A0AB40AE72	0	unassigned	suzukii	D. suzukii
A0AB40AE73	1	U-01	suzukii	D. suzukii
A0AB40AE80	1	U-01	suzukii	D. suzukii
A0AB40AE82	1	U-01	suzukii	D. suzukii
A0AB40AE88	1	U-01	suzukii	D. suzukii
A0AB40AE91	1	U-01	suzukii	D. suzukii
A0AB40AE92	2	U-02	suzukii	D. suzukii
A0AB40AE96	1	U-01	suzukii	D. suzukii
A0AB40AEA1	1	U-01	suzukii	D. suzukii
A0AB40AEA2	1	U-01	suzukii	D. suzukii
A0AB40AEA6	1	U-01	suzukii	D. suzukii
A0AB40AEB1	1	U-01	suzukii	D. suzukii
A0AB40AEB2	1	U-01	suzukii	D. suzukii
A0AB40AEB3	1	U-01	suzukii	D. suzukii
A0AB40AEB5	1	U-01	suzukii	D. suzukii
A0AB40AEB7	1	U-01	suzukii	D. suzukii
A0AB40AEB9	1	U-01	suzukii	D. suzukii
A0AB40AEC7	1	U-01	suzukii	D. suzukii
A0AB40AEC9	1	U-01	suzukii	D. suzukii
A0AB40AED2	0	unassigned	suzukii	D. suzukii
A0AB40AED3	1	U-01	suzukii	D. suzukii
A0AB40D7V4	0	unassigned	suzukii	D. suzukii
A0AB40D7W1	0	unassigned	suzukii	D. suzukii
A0AB40D7X3	1	U-01	suzukii	D. suzukii
A0AB40D7X5	1	U-01	suzukii	D. suzukii
A0AB40D7X8	0	unassigned	suzukii	D. suzukii
A0AB40D7Y1	1	U-01	suzukii	D. suzukii
A0AB40D7Y6	0	unassigned	suzukii	D. suzukii
A0AB40D7Y8	1	U-01	suzukii	D. suzukii
A0AB40D7Z4	0	unassigned	suzukii	D. suzukii
A0AB40D7Z5	1	U-01	suzukii	D. suzukii
A0AB40D801	2	U-02	suzukii	D. suzukii
A0ABM4TVU6	1	U-01	suzukii	D. suzukii
A0ABM4TVV0	0	unassigned	suzukii	D. suzukii
A0ABM4TVV3	1	U-01	suzukii	D. suzukii
A0ABM4TVV9	1	U-01	suzukii	D. suzukii
A0ABM4TVW6	0	unassigned	suzukii	D. suzukii
A0ABM4TVW8	0	unassigned	suzukii	D. suzukii
A0ABM4TVX0	0	unassigned	suzukii	D. suzukii
A0ABM4TVX3	0	unassigned	suzukii	D. suzukii
A0ABM4TVX6	0	unassigned	suzukii	D. suzukii
A0ABM4TVX7	0	unassigned	suzukii	D. suzukii
A0ABM4TVX8	0	unassigned	suzukii	D. suzukii
A0ABM4TVY1	0	unassigned	suzukii	D. suzukii
A0ABM4TVY2	0	unassigned	suzukii	D. suzukii
A0ABM4TVY4	0	unassigned	suzukii	D. suzukii
A0ABM4TVY5	0	unassigned	suzukii	D. suzukii
A0ABM4TVY6	0	unassigned	suzukii	D. suzukii
A0ABM4TVY8	0	unassigned	suzukii	D. suzukii
A0ABM4TVY9	0	unassigned	suzukii	D. suzukii
A0ABM4TVZ0	0	unassigned	suzukii	D. suzukii
A0ABM4TVZ1	1	U-01	suzukii	D. suzukii
A0ABM4TVZ2	1	U-01	suzukii	D. suzukii
A0ABM4TVZ3	0	unassigned	suzukii	D. suzukii
A0ABM4TVZ4	1	U-01	suzukii	D. suzukii
A0ABM4TVZ5	0	unassigned	suzukii	D. suzukii
A0ABM4TVZ7	1	U-01	suzukii	D. suzukii
A0ABM4TVZ8	0	unassigned	suzukii	D. suzukii
A0ABM4TVZ9	0	unassigned	suzukii	D. suzukii
A0ABM4TW00	0	unassigned	suzukii	D. suzukii
A0ABM4TW01	0	unassigned	suzukii	D. suzukii
A0ABM4TW02	0	unassigned	suzukii	D. suzukii
A0ABM4TW03	1	U-01	suzukii	D. suzukii
A0ABM4TW06	1	U-01	suzukii	D. suzukii
A0ABM4TW07	1	U-01	suzukii	D. suzukii
A0ABM4TW08	0	unassigned	suzukii	D. suzukii
A0ABM4TW09	0	unassigned	suzukii	D. suzukii
A0ABM4TW10	0	unassigned	suzukii	D. suzukii
A0ABM4TW12	0	unassigned	suzukii	D. suzukii
A0ABM4TW13	0	unassigned	suzukii	D. suzukii
A0ABM4TW14	1	U-01	suzukii	D. suzukii
A0ABM4TW16	0	unassigned	suzukii	D. suzukii
A0ABM4TW17	0	unassigned	suzukii	D. suzukii
A0ABM4TW18	1	U-01	suzukii	D. suzukii
A0ABM4TW19	0	unassigned	suzukii	D. suzukii
A0ABM4TW20	0	unassigned	suzukii	D. suzukii
A0ABM4TW21	0	unassigned	suzukii	D. suzukii
A0ABM4TW24	0	unassigned	suzukii	D. suzukii
A0ABM4TW25	1	U-01	suzukii	D. suzukii
A0ABM4TW26	0	unassigned	suzukii	D. suzukii
A0ABM4TW27	0	unassigned	suzukii	D. suzukii
A0ABM4TW28	0	unassigned	suzukii	D. suzukii
A0ABM4TW29	0	unassigned	suzukii	D. suzukii
A0ABM4TW30	0	unassigned	suzukii	D. suzukii
A0ABM4TW31	0	unassigned	suzukii	D. suzukii
A0ABM4TW32	0	unassigned	suzukii	D. suzukii
A0ABM4TW33	1	U-01	suzukii	D. suzukii
A0ABM4TW34	0	unassigned	suzukii	D. suzukii
A0ABM4TW35	0	unassigned	suzukii	D. suzukii
A0ABM4TW36	0	unassigned	suzukii	D. suzukii
A0ABM4TW37	0	unassigned	suzukii	D. suzukii
A0ABM4TY78	0	unassigned	suzukii	D. suzukii
A0ABM4TY84	1	U-01	suzukii	D. suzukii
A0ABM4TY85	1	U-01	suzukii	D. suzukii
A0ABM4TY86	3	U-03	suzukii	D. suzukii
A0ABM4TY87	1	U-01	suzukii	D. suzukii
A0ABM4TY88	2	U-02	suzukii	D. suzukii
A0ABM4TY91	0	unassigned	suzukii	D. suzukii
A0ABM4TY93	1	U-01	suzukii	D. suzukii
A0ABM4TY94	1	U-01	suzukii	D. suzukii
A0ABM4TY95	0	unassigned	suzukii	D. suzukii
A0ABM4TY96	1	U-01	suzukii	D. suzukii
A0ABM4TY98	0	unassigned	suzukii	D. suzukii
A0ABM4TY99	1	U-01	suzukii	D. suzukii
A0ABM4TYA0	0	unassigned	suzukii	D. suzukii
A0ABM4TYA1	1	U-01	suzukii	D. suzukii
A0ABM4TYA3	0	unassigned	suzukii	D. suzukii
A0ABM4TYA4	1	U-01	suzukii	D. suzukii
A0ABM4TYA5	1	U-01	suzukii	D. suzukii
A0ABM4TYA6	1	U-01	suzukii	D. suzukii
A0ABM4TYA7	1	U-01	suzukii	D. suzukii
A0ABM4TYB0	1	U-01	suzukii	D. suzukii
A0ABM4TYB1	0	unassigned	suzukii	D. suzukii
A0ABM4TYB2	1	U-01	suzukii	D. suzukii
A0ABM4TYB3	2	U-02	suzukii	D. suzukii
A0ABM4TYB4	1	U-01	suzukii	D. suzukii
A0ABM4TYB5	1	U-01	suzukii	D. suzukii
A0ABM4TYB6	1	U-01	suzukii	D. suzukii
A0ABM4TYB7	0	unassigned	suzukii	D. suzukii
A0ABM4TYC0	1	U-01	suzukii	D. suzukii
A0ABM4TYC1	1	U-01	suzukii	D. suzukii
A0ABM4TYC2	1	U-01	suzukii	D. suzukii
A0ABM4TYC3	0	unassigned	suzukii	D. suzukii
A0ABM4TYC4	0	unassigned	suzukii	D. suzukii
A0ABM4TYC6	0	unassigned	suzukii	D. suzukii
A0ABM4TYC7	0	unassigned	suzukii	D. suzukii
A0ABM4TYC8	1	U-01	suzukii	D. suzukii
A0ABM4TYD0	1	U-01	suzukii	D. suzukii
A0ABM4TYD1	0	unassigned	suzukii	D. suzukii
A0ABM4TYD2	0	unassigned	suzukii	D. suzukii
A0ABM4TYD3	0	unassigned	suzukii	D. suzukii
A0ABM4TYD4	1	U-01	suzukii	D. suzukii
A0AB39ZCR0	1	U-01	suzukii	D. suzukii
A0AB39ZCR1	1	U-01	suzukii	D. suzukii
A0AB39ZCR3	1	U-01	suzukii	D. suzukii
A0AB39ZCR4	1	U-01	suzukii	D. suzukii
A0AB39ZCR5	1	U-01	suzukii	D. suzukii
A0AB39ZCR8	2	U-02	suzukii	D. suzukii
A0AB39ZCR9	0	unassigned	suzukii	D. suzukii
A0AB39ZCS8	1	U-01	suzukii	D. suzukii
A0AB39ZCT3	1	U-01	suzukii	D. suzukii
A0AB39ZCT4	2	U-02	suzukii	D. suzukii
A0AB39ZCU9	1	U-01	suzukii	D. suzukii
A0AB39ZCV3	1	U-01	suzukii	D. suzukii
A0AB39ZCV5	1	U-01	suzukii	D. suzukii
A0AB39ZCV6	3	U-03	suzukii	D. suzukii
A0AB39ZCV9	0	unassigned	suzukii	D. suzukii
A0AB39ZCW5	0	unassigned	suzukii	D. suzukii
A0AB39ZCX4	3	U-03	suzukii	D. suzukii
A0AB39ZJ13	1	U-01	suzukii	D. suzukii
A0AB39ZJ17	1	U-01	suzukii	D. suzukii
A0AB39ZJ18	1	U-01	suzukii	D. suzukii
A0AB39ZJ20	2	U-02	suzukii	D. suzukii
A0AB39ZJ24	0	unassigned	suzukii	D. suzukii
A0AB39ZJ33	1	U-01	suzukii	D. suzukii
A0AB39ZJ35	1	U-01	suzukii	D. suzukii
A0AB39ZJ45	1	U-01	suzukii	D. suzukii
A0AB39ZJ46	3	U-03	suzukii	D. suzukii
A0AB39ZJ50	1	U-01	suzukii	D. suzukii
A0AB39ZJ52	1	U-01	suzukii	D. suzukii
A0AB39ZJ53	1	U-01	suzukii	D. suzukii
A0AB39ZJ57	1	U-01	suzukii	D. suzukii
A0AB39ZJ60	1	U-01	suzukii	D. suzukii
A0AB39ZJ66	2	U-02	suzukii	D. suzukii
A0AB39ZJ68	0	unassigned	suzukii	D. suzukii
A0AB39ZJ77	1	U-01	suzukii	D. suzukii
A0AB39ZJ78	1	U-01	suzukii	D. suzukii
A0AB39ZJ79	1	U-01	suzukii	D. suzukii
A0AB39ZJ81	2	U-02	suzukii	D. suzukii
A0AB39ZJ89	1	U-01	suzukii	D. suzukii
A0AB39ZJ91	0	unassigned	suzukii	D. suzukii
A0AB39ZJ96	2	U-02	suzukii	D. suzukii
A0AB39ZJ98	1	U-01	suzukii	D. suzukii
A0AB39ZJA0	1	U-01	suzukii	D. suzukii
A0AB39ZJB2	1	U-01	suzukii	D. suzukii
A0AB39ZJB3	3	U-03	suzukii	D. suzukii
A0AB39ZJB4	1	U-01	suzukii	D. suzukii
A0AB39ZJB6	1	U-01	suzukii	D. suzukii
A0AB39ZJB7	2	U-02	suzukii	D. suzukii
A0AB39ZJB8	1	U-01	suzukii	D. suzukii
A0AB39ZJC0	1	U-01	suzukii	D. suzukii
A0AB39ZJC1	2	U-02	suzukii	D. suzukii
A0AB39ZJC2	0	unassigned	suzukii	D. suzukii
A0AB39ZJC8	1	U-01	suzukii	D. suzukii
A0AB39ZJD0	2	U-02	suzukii	D. suzukii
A0AB39ZJE1	1	U-01	suzukii	D. suzukii
A0AB39ZJE3	2	U-02	suzukii	D. suzukii
A0AB39ZJE5	1	U-01	suzukii	D. suzukii
A0AB39ZJF5	1	U-01	suzukii	D. suzukii
A0AB39ZJF7	1	U-01	suzukii	D. suzukii
A0AB39ZJG3	1	U-01	suzukii	D. suzukii
A0AB39ZJH2	1	U-01	suzukii	D. suzukii
A0AB39ZJH5	3	U-03	suzukii	D. suzukii
A0AB39ZJH7	1	U-01	suzukii	D. suzukii
A0AB39ZJH9	0	unassigned	suzukii	D. suzukii
A0AB39ZJI1	1	U-01	suzukii	D. suzukii
A0AB39ZJI3	1	U-01	suzukii	D. suzukii
A0AB39ZJI4	3	U-03	suzukii	D. suzukii
A0AB39ZJI7	1	U-01	suzukii	D. suzukii
A0AB39ZJJ3	2	U-02	suzukii	D. suzukii
A0AB39ZJJ4	0	unassigned	suzukii	D. suzukii
A0AB39ZJJ8	1	U-01	suzukii	D. suzukii
A0AB39ZJK0	1	U-01	suzukii	D. suzukii
A0AB39ZJK2	1	U-01	suzukii	D. suzukii
A0AB39ZJL0	3	U-03	suzukii	D. suzukii
A0AB39ZJL4	1	U-01	suzukii	D. suzukii
A0AB39ZJL5	2	U-02	suzukii	D. suzukii
A0AB39ZJL7	1	U-01	suzukii	D. suzukii
A0AB39ZJL9	1	U-01	suzukii	D. suzukii
A0AB39ZJM0	1	U-01	suzukii	D. suzukii
A0AB39ZJM2	1	U-01	suzukii	D. suzukii
A0AB39ZJM5	0	unassigned	suzukii	D. suzukii
A0AB39ZJM8	1	U-01	suzukii	D. suzukii
A0AB39ZJM9	1	U-01	suzukii	D. suzukii
A0AB39ZJN6	1	U-01	suzukii	D. suzukii
A0AB39ZJP2	1	U-01	suzukii	D. suzukii
A0AB39ZJP4	0	unassigned	suzukii	D. suzukii
A0AB39ZJP8	1	U-01	suzukii	D. suzukii
A0AB39ZJQ4	1	U-01	suzukii	D. suzukii
A0AB39ZJQ8	3	U-03	suzukii	D. suzukii
A0AB39ZJQ9	1	U-01	suzukii	D. suzukii
A0AB39ZJR6	0	unassigned	suzukii	D. suzukii
A0AB39ZJR9	2	U-02	suzukii	D. suzukii
A0AB39ZJS3	1	U-01	suzukii	D. suzukii
A0AB39ZJS4	1	U-01	suzukii	D. suzukii
A0AB39ZJS5	2	U-02	suzukii	D. suzukii
A0AB39ZJS8	1	U-01	suzukii	D. suzukii
A0AB39ZJT2	2	U-02	suzukii	D. suzukii
A0AB39ZJT7	1	U-01	suzukii	D. suzukii
A0AB39ZJU0	2	U-02	suzukii	D. suzukii
A0AB39ZJU2	1	U-01	suzukii	D. suzukii
A0AB39ZJU4	2	U-02	suzukii	D. suzukii
A0AB40A0B2	2	U-02	suzukii	D. suzukii
A0AB40A0B5	0	unassigned	suzukii	D. suzukii
A0AB40A0B7	1	U-01	suzukii	D. suzukii
A0AB40A0B9	2	U-02	suzukii	D. suzukii
A0AB40A0C0	2	U-02	suzukii	D. suzukii
A0AB40A0C8	1	U-01	suzukii	D. suzukii
A0AB40A7X3	1	U-01	suzukii	D. suzukii
A0AB40A7X5	1	U-01	suzukii	D. suzukii
A0AB40A7X6	0	unassigned	suzukii	D. suzukii
A0AB40A7X7	1	U-01	suzukii	D. suzukii
A0AB40A7X8	2	U-02	suzukii	D. suzukii
A0AB40A7X9	3	U-03	suzukii	D. suzukii
A0AB40A7Y3	1	U-01	suzukii	D. suzukii
A0AB40A7Y4	1	U-01	suzukii	D. suzukii
A0AB40A7Y7	1	U-01	suzukii	D. suzukii
A0AB40A7Z0	2	U-02	suzukii	D. suzukii
A0AB40A7Z1	0	unassigned	suzukii	D. suzukii
A0AB40A7Z2	1	U-01	suzukii	D. suzukii
A0AB40A7Z3	2	U-02	suzukii	D. suzukii
A0AB40A7Z6	2	U-02	suzukii	D. suzukii
A0AB40A7Z7	0	unassigned	suzukii	D. suzukii
A0AB40A7Z8	1	U-01	suzukii	D. suzukii
A0AB40A800	1	U-01	suzukii	D. suzukii
A0AB40A803	1	U-01	suzukii	D. suzukii
A0AB40A806	1	U-01	suzukii	D. suzukii
A0AB40A808	1	U-01	suzukii	D. suzukii
A0AB40A809	0	unassigned	suzukii	D. suzukii
A0AB40A810	1	U-01	suzukii	D. suzukii
A0AB40A812	3	U-03	suzukii	D. suzukii
A0AB40A813	1	U-01	suzukii	D. suzukii
A0AB40A815	1	U-01	suzukii	D. suzukii
A0AB40A816	1	U-01	suzukii	D. suzukii
A0AB40A820	1	U-01	suzukii	D. suzukii
A0AB40A822	1	U-01	suzukii	D. suzukii
A0AB40A823	1	U-01	suzukii	D. suzukii
A0AB40A825	1	U-01	suzukii	D. suzukii
A0AB40A826	2	U-02	suzukii	D. suzukii
A0AB40A828	1	U-01	suzukii	D. suzukii
A0AB40A832	0	unassigned	suzukii	D. suzukii
A0AB40A839	1	U-01	suzukii	D. suzukii
A0AB40A841	1	U-01	suzukii	D. suzukii
A0AB40A845	1	U-01	suzukii	D. suzukii
A0AB40A846	1	U-01	suzukii	D. suzukii
A0AB40A847	3	U-03	suzukii	D. suzukii
A0AB40A852	1	U-01	suzukii	D. suzukii
A0AB40A854	1	U-01	suzukii	D. suzukii
A0AB40A855	1	U-01	suzukii	D. suzukii
A0AB40A857	1	U-01	suzukii	D. suzukii
A0AB40A860	1	U-01	suzukii	D. suzukii
A0AB40A864	0	unassigned	suzukii	D. suzukii
A0AB40A867	0	unassigned	suzukii	D. suzukii
A0AB40A870	2	U-02	suzukii	D. suzukii
A0AB40A873	1	U-01	suzukii	D. suzukii
A0AB40A874	2	U-02	suzukii	D. suzukii
A0AB40A877	1	U-01	suzukii	D. suzukii
A0AB40A878	1	U-01	suzukii	D. suzukii
A0AB40A881	0	unassigned	suzukii	D. suzukii
A0AB40A882	1	U-01	suzukii	D. suzukii
A0AB40A884	0	unassigned	suzukii	D. suzukii
A0AB40A891	1	U-01	suzukii	D. suzukii
A0AB40A892	1	U-01	suzukii	D. suzukii
A0AB40A893	3	U-03	suzukii	D. suzukii
A0AB40A894	1	U-01	suzukii	D. suzukii
A0AB40A895	1	U-01	suzukii	D. suzukii
A0AB40A8A6	1	U-01	suzukii	D. suzukii
A0AB40A8B1	3	U-03	suzukii	D. suzukii
A0AB40A8B3	2	U-02	suzukii	D. suzukii
A0AB40A8B4	1	U-01	suzukii	D. suzukii
A0AB40A8B7	2	U-02	suzukii	D. suzukii
A0AB40A8C0	1	U-01	suzukii	D. suzukii
A0AB40A8C1	0	unassigned	suzukii	D. suzukii
A0AB40A8D8	1	U-01	suzukii	D. suzukii
A0AB40A8E1	1	U-01	suzukii	D. suzukii
A0AB40A8E3	1	U-01	suzukii	D. suzukii
A0AB40A8E9	2	U-02	suzukii	D. suzukii
A0AB40A8F0	1	U-01	suzukii	D. suzukii
A0AB40A8F6	1	U-01	suzukii	D. suzukii
A0AB40A8F7	1	U-01	suzukii	D. suzukii
A0AB40A8F8	1	U-01	suzukii	D. suzukii
A0AB40A8G0	1	U-01	suzukii	D. suzukii
A0AB40A8G1	2	U-02	suzukii	D. suzukii
A0AB40A8G4	1	U-01	suzukii	D. suzukii
A0AB40A8G7	1	U-01	suzukii	D. suzukii
A0AB40A8H3	0	unassigned	suzukii	D. suzukii
A0AB40A8H5	2	U-02	suzukii	D. suzukii
A0AB40A8H6	1	U-01	suzukii	D. suzukii
A0AB40A8H9	1	U-01	suzukii	D. suzukii
A0AB40A8I3	1	U-01	suzukii	D. suzukii
A0AB40A8I5	2	U-02	suzukii	D. suzukii
A0AB40A8J4	3	U-03	suzukii	D. suzukii
A0AB40A8K0	1	U-01	suzukii	D. suzukii
A0AB40A8K5	2	U-02	suzukii	D. suzukii
A0AB40A8K6	1	U-01	suzukii	D. suzukii
A0AB40A8L1	1	U-01	suzukii	D. suzukii
A0AB40A8L8	1	U-01	suzukii	D. suzukii
A0AB40A8M1	1	U-01	suzukii	D. suzukii
A0AB40A8N0	1	U-01	suzukii	D. suzukii
A0AB40AF98	1	U-01	suzukii	D. suzukii
A0AB40AF99	0	unassigned	suzukii	D. suzukii
A0AB40AFA3	2	U-02	suzukii	D. suzukii
A0AB39ZL93	1	U-01	suzukii	D. suzukii
A0AB39ZL95	1	U-01	suzukii	D. suzukii
A0AB39ZL96	1	U-01	suzukii	D. suzukii
A0AB39ZL98	1	U-01	suzukii	D. suzukii
A0AB39ZLA0	1	U-01	suzukii	D. suzukii
A0AB39ZLA2	1	U-01	suzukii	D. suzukii
A0AB39ZLA3	1	U-01	suzukii	D. suzukii
A0AB39ZLA4	1	U-01	suzukii	D. suzukii
A0AB39ZLA5	1	U-01	suzukii	D. suzukii
A0AB39ZLA8	1	U-01	suzukii	D. suzukii
A0AB39ZLB0	1	U-01	suzukii	D. suzukii
A0AB39ZLB1	1	U-01	suzukii	D. suzukii
A0AB39ZLB2	0	unassigned	suzukii	D. suzukii
A0AB39ZLB4	0	unassigned	suzukii	D. suzukii
A0AB39ZLB5	2	U-02	suzukii	D. suzukii
A0AB39ZLB8	1	U-01	suzukii	D. suzukii
A0AB39ZLC2	1	U-01	suzukii	D. suzukii
A0AB39ZLC3	1	U-01	suzukii	D. suzukii
A0AB39ZLC4	1	U-01	suzukii	D. suzukii
A0AB39ZLC5	2	U-02	suzukii	D. suzukii
A0AB39ZLC6	1	U-01	suzukii	D. suzukii
A0AB39ZLC8	2	U-02	suzukii	D. suzukii
A0AB39ZLD0	1	U-01	suzukii	D. suzukii
A0AB39ZLD6	1	U-01	suzukii	D. suzukii
A0AB39ZLD7	1	U-01	suzukii	D. suzukii
A0AB39ZLD8	0	unassigned	suzukii	D. suzukii
A0AB39ZLE1	3	U-03	suzukii	D. suzukii
A0AB39ZLE3	1	U-01	suzukii	D. suzukii
A0AB39ZLE9	1	U-01	suzukii	D. suzukii
A0AB39ZLF0	1	U-01	suzukii	D. suzukii
A0AB39ZLF1	1	U-01	suzukii	D. suzukii
A0AB39ZLF2	1	U-01	suzukii	D. suzukii
A0AB39ZLF3	1	U-01	suzukii	D. suzukii
A0AB39ZLF4	1	U-01	suzukii	D. suzukii
A0AB39ZLF8	2	U-02	suzukii	D. suzukii
A0AB39ZLF9	1	U-01	suzukii	D. suzukii
A0AB39ZLG0	1	U-01	suzukii	D. suzukii
A0AB39ZLG2	1	U-01	suzukii	D. suzukii
A0AB39ZLG7	2	U-02	suzukii	D. suzukii
A0AB39ZLG8	1	U-01	suzukii	D. suzukii
A0AB39ZLG9	2	U-02	suzukii	D. suzukii
A0AB39ZLH0	2	U-02	suzukii	D. suzukii
A0AB39ZLH3	1	U-01	suzukii	D. suzukii
A0AB39ZLH5	1	U-01	suzukii	D. suzukii
A0AB39ZLH9	0	unassigned	suzukii	D. suzukii
A0AB39ZLI0	1	U-01	suzukii	D. suzukii
A0AB39ZLI1	1	U-01	suzukii	D. suzukii
A0AB39ZLI2	1	U-01	suzukii	D. suzukii
A0AB39ZLI4	1	U-01	suzukii	D. suzukii
A0AB39ZLI5	0	unassigned	suzukii	D. suzukii
A0AB39ZLI6	1	U-01	suzukii	D. suzukii
A0AB39ZLI8	1	U-01	suzukii	D. suzukii
A0AB39ZLJ1	1	U-01	suzukii	D. suzukii
A0AB39ZLJ3	1	U-01	suzukii	D. suzukii
A0AB39ZLJ4	1	U-01	suzukii	D. suzukii
A0AB39ZLJ5	1	U-01	suzukii	D. suzukii
A0AB39ZLJ6	1	U-01	suzukii	D. suzukii
A0AB39ZLJ7	3	U-03	suzukii	D. suzukii
A0AB39ZLJ8	2	U-02	suzukii	D. suzukii
A0AB39ZLK0	1	U-01	suzukii	D. suzukii
A0AB39ZLK3	1	U-01	suzukii	D. suzukii
A0AB39ZLK6	1	U-01	suzukii	D. suzukii
A0AB39ZLK7	1	U-01	suzukii	D. suzukii
A0AB39ZLK9	0	unassigned	suzukii	D. suzukii
A0AB39ZLL1	2	U-02	suzukii	D. suzukii
A0AB39ZLL2	1	U-01	suzukii	D. suzukii
A0AB39ZLL3	1	U-01	suzukii	D. suzukii
A0AB39ZLL5	1	U-01	suzukii	D. suzukii
A0AB39ZLL7	1	U-01	suzukii	D. suzukii
A0AB39ZLL8	2	U-02	suzukii	D. suzukii
A0AB39ZLL9	3	U-03	suzukii	D. suzukii
A0AB39ZLM3	1	U-01	suzukii	D. suzukii
A0AB39ZLM4	0	unassigned	suzukii	D. suzukii
A0AB39ZLM6	2	U-02	suzukii	D. suzukii
A0AB39ZRS8	1	U-01	suzukii	D. suzukii
A0AB39ZRT2	1	U-01	suzukii	D. suzukii
A0AB39ZRT4	1	U-01	suzukii	D. suzukii
A0AB39ZRT5	3	U-03	suzukii	D. suzukii
A0AB39ZRT6	1	U-01	suzukii	D. suzukii
A0AB39ZRT7	2	U-02	suzukii	D. suzukii
A0AB39ZRT8	1	U-01	suzukii	D. suzukii
A0AB39ZRT9	2	U-02	suzukii	D. suzukii
A0AB39ZRU0	3	U-03	suzukii	D. suzukii
A0AB39ZRU1	1	U-01	suzukii	D. suzukii
A0AB39ZRU2	0	unassigned	suzukii	D. suzukii
A0AB39ZRU4	1	U-01	suzukii	D. suzukii
A0AB39ZRU5	1	U-01	suzukii	D. suzukii
A0AB39ZRU9	3	U-03	suzukii	D. suzukii
A0AB39ZRV1	2	U-02	suzukii	D. suzukii
A0AB39ZRV2	0	unassigned	suzukii	D. suzukii
A0AB39ZRV3	1	U-01	suzukii	D. suzukii
A0AB39ZRV5	0	unassigned	suzukii	D. suzukii
A0AB39ZRV7	0	unassigned	suzukii	D. suzukii
A0AB39ZRV8	3	U-03	suzukii	D. suzukii
A0AB39ZRW0	0	unassigned	suzukii	D. suzukii
A0AB39ZRW2	0	unassigned	suzukii	D. suzukii
A0AB39ZRW4	0	unassigned	suzukii	D. suzukii
A0AB39ZRW6	1	U-01	suzukii	D. suzukii
A0AB39ZRW9	1	U-01	suzukii	D. suzukii
A0AB39ZRX0	1	U-01	suzukii	D. suzukii
A0AB40DJB9	1	U-01	suzukii	D. suzukii
A0AB40DJC1	1	U-01	suzukii	D. suzukii
A0AB40DJC4	1	U-01	suzukii	D. suzukii
A0AB40DJC5	1	U-01	suzukii	D. suzukii
A0AB40DJD1	1	U-01	suzukii	D. suzukii
A0AB40DJD2	1	U-01	suzukii	D. suzukii
A0AB40DJD6	1	U-01	suzukii	D. suzukii
A0AB40DJD8	1	U-01	suzukii	D. suzukii
A0AB40DJE1	1	U-01	suzukii	D. suzukii
A0AB40DJE4	1	U-01	suzukii	D. suzukii
A0AB40DJE9	1	U-01	suzukii	D. suzukii
A0AB40DJF2	3	U-03	suzukii	D. suzukii
A0AB40DJF6	1	U-01	suzukii	D. suzukii
A0AB40DJF8	2	U-02	suzukii	D. suzukii
A0AB40DJG4	1	U-01	suzukii	D. suzukii
A0AB40DJH4	0	unassigned	suzukii	D. suzukii
A0AB40DJH8	1	U-01	suzukii	D. suzukii
A0AB40DJH9	1	U-01	suzukii	D. suzukii
A0AB40DJI6	1	U-01	suzukii	D. suzukii
A0AB40DJI8	1	U-01	suzukii	D. suzukii
A0AB40DJJ3	1	U-01	suzukii	D. suzukii
A0AB40DJJ5	1	U-01	suzukii	D. suzukii
A0AB40DJJ8	0	unassigned	suzukii	D. suzukii
A0AB40DJK2	0	unassigned	suzukii	D. suzukii
A0AB40DJK5	1	U-01	suzukii	D. suzukii
A0AB40DJK8	1	U-01	suzukii	D. suzukii
A0AB40DJM2	0	unassigned	suzukii	D. suzukii
A0AB40DJM3	1	U-01	suzukii	D. suzukii
A0AB40DJM4	0	unassigned	suzukii	D. suzukii
A0AB40DJM6	0	unassigned	suzukii	D. suzukii
A0AB40DJN0	1	U-01	suzukii	D. suzukii
A0AB40DJN1	1	U-01	suzukii	D. suzukii
A0AB40DJN5	1	U-01	suzukii	D. suzukii
A0AB40DJN7	1	U-01	suzukii	D. suzukii
A0AB40DJN8	1	U-01	suzukii	D. suzukii
A0AB40DJP0	0	unassigned	suzukii	D. suzukii
A0AB40DJP6	1	U-01	suzukii	D. suzukii
A0AB40DJQ0	1	U-01	suzukii	D. suzukii
A0AB40DJQ3	1	U-01	suzukii	D. suzukii
A0AB40DJR3	1	U-01	suzukii	D. suzukii
A0AB40DJR6	1	U-01	suzukii	D. suzukii
A0AB40DJS3	0	unassigned	suzukii	D. suzukii
A0AB40DJS4	2	U-02	suzukii	D. suzukii
A0AB40DJT3	1	U-01	suzukii	D. suzukii
A0AB40DJT5	1	U-01	suzukii	D. suzukii
A0AB40DJU2	1	U-01	suzukii	D. suzukii
A0AB40DJU3	1	U-01	suzukii	D. suzukii
A0AB40DJV1	1	U-01	suzukii	D. suzukii
A0AB40DJV2	0	unassigned	suzukii	D. suzukii
A0AB40DJV5	0	unassigned	suzukii	D. suzukii
A0AB40DJV8	3	U-03	suzukii	D. suzukii
A0AB40DJV9	1	U-01	suzukii	D. suzukii
A0AB40DJW0	1	U-01	suzukii	D. suzukii
A0AB40DJW1	0	unassigned	suzukii	D. suzukii
A0AB40DJX9	1	U-01	suzukii	D. suzukii
A0AB40DJY3	0	unassigned	suzukii	D. suzukii
A0AB40DJY7	0	unassigned	suzukii	D. suzukii
A0AB40DJZ4	1	U-01	suzukii	D. suzukii
A0AB40DJZ6	0	unassigned	suzukii	D. suzukii
A0ABM4TNQ3	0	unassigned	suzukii	D. suzukii
A0ABM4TNQ4	0	unassigned	suzukii	D. suzukii
A0ABM4TNQ7	0	unassigned	suzukii	D. suzukii
A0ABM4TNQ8	1	U-01	suzukii	D. suzukii
A0ABM4TNR0	0	unassigned	suzukii	D. suzukii
A0ABM4TNR1	1	U-01	suzukii	D. suzukii
A0ABM4TNR2	1	U-01	suzukii	D. suzukii
A0ABM4TNR3	0	unassigned	suzukii	D. suzukii
A0ABM4TNR4	1	U-01	suzukii	D. suzukii
A0ABM4TNR5	0	unassigned	suzukii	D. suzukii
A0ABM4TNR6	1	U-01	suzukii	D. suzukii
A0ABM4TNR7	0	unassigned	suzukii	D. suzukii
A0ABM4TNR8	0	unassigned	suzukii	D. suzukii
A0ABM4TNR9	1	U-01	suzukii	D. suzukii
A0ABM4TNS1	0	unassigned	suzukii	D. suzukii
A0ABM4TNS2	1	U-01	suzukii	D. suzukii
A0ABM4TNS4	0	unassigned	suzukii	D. suzukii
A0ABM4TNS5	0	unassigned	suzukii	D. suzukii
A0ABM4TNS6	0	unassigned	suzukii	D. suzukii
A0ABM4TNS7	1	U-01	suzukii	D. suzukii
A0ABM4TNS8	1	U-01	suzukii	D. suzukii
A0ABM4TNT1	0	unassigned	suzukii	D. suzukii
A0ABM4TNT2	1	U-01	suzukii	D. suzukii
A0ABM4TNT5	1	U-01	suzukii	D. suzukii
A0ABM4TNT6	1	U-01	suzukii	D. suzukii
A0ABM4TNU0	1	U-01	suzukii	D. suzukii
A0ABM4TNU2	1	U-01	suzukii	D. suzukii
A0ABM4TNU3	1	U-01	suzukii	D. suzukii
A0ABM4TNU4	1	U-01	suzukii	D. suzukii
A0ABM4TNU5	1	U-01	suzukii	D. suzukii
A0ABM4TNU6	0	unassigned	suzukii	D. suzukii
A0ABM4TNU7	1	U-01	suzukii	D. suzukii
A0ABM4TNU8	2	U-02	suzukii	D. suzukii
A0ABM4TNU9	0	unassigned	suzukii	D. suzukii
A0ABM4TNV0	0	unassigned	suzukii	D. suzukii
A0ABM4TNV1	1	U-01	suzukii	D. suzukii
A0ABM4TNV3	0	unassigned	suzukii	D. suzukii
A0ABM4TNV4	1	U-01	suzukii	D. suzukii
A0ABM4TNV5	1	U-01	suzukii	D. suzukii
A0ABM4TNV7	1	U-01	suzukii	D. suzukii
A0ABM4TNV8	2	U-02	suzukii	D. suzukii
A0AB39Z4Y6	3	U-03	suzukii	D. suzukii
A0AB39Z4Y8	1	U-01	suzukii	D. suzukii
A0AB39Z4Z1	0	unassigned	suzukii	D. suzukii
A0AB39Z4Z4	1	U-01	suzukii	D. suzukii
A0AB39Z4Z5	0	unassigned	suzukii	D. suzukii
A0AB39Z500	3	U-03	suzukii	D. suzukii
A0AB39Z507	1	U-01	suzukii	D. suzukii
A0AB39Z508	1	U-01	suzukii	D. suzukii
A0AB39Z510	1	U-01	suzukii	D. suzukii
A0AB39Z511	1	U-01	suzukii	D. suzukii
A0AB39Z514	0	unassigned	suzukii	D. suzukii
A0AB39Z518	1	U-01	suzukii	D. suzukii
A0AB39Z520	1	U-01	suzukii	D. suzukii
A0AB39Z525	1	U-01	suzukii	D. suzukii
A0AB39Z526	1	U-01	suzukii	D. suzukii
A0AB39Z527	1	U-01	suzukii	D. suzukii
A0AB39Z529	1	U-01	suzukii	D. suzukii
A0AB39Z530	1	U-01	suzukii	D. suzukii
A0AB39Z531	0	unassigned	suzukii	D. suzukii
A0AB39Z532	1	U-01	suzukii	D. suzukii
A0AB39Z533	1	U-01	suzukii	D. suzukii
A0AB39Z534	1	U-01	suzukii	D. suzukii
A0AB39Z535	1	U-01	suzukii	D. suzukii
A0AB39Z536	1	U-01	suzukii	D. suzukii
A0AB39Z540	1	U-01	suzukii	D. suzukii
A0AB39Z541	1	U-01	suzukii	D. suzukii
A0AB39Z543	1	U-01	suzukii	D. suzukii
A0AB39Z545	1	U-01	suzukii	D. suzukii
A0AB39Z549	1	U-01	suzukii	D. suzukii
A0AB39Z553	1	U-01	suzukii	D. suzukii
A0AB39Z554	0	unassigned	suzukii	D. suzukii
A0AB39Z555	1	U-01	suzukii	D. suzukii
A0AB39Z557	1	U-01	suzukii	D. suzukii
A0AB39Z560	1	U-01	suzukii	D. suzukii
A0AB39Z562	1	U-01	suzukii	D. suzukii
A0AB39Z563	1	U-01	suzukii	D. suzukii
A0AB39Z564	1	U-01	suzukii	D. suzukii
A0AB39Z565	1	U-01	suzukii	D. suzukii
A0AB39Z566	1	U-01	suzukii	D. suzukii
A0AB39Z569	1	U-01	suzukii	D. suzukii
A0AB39Z570	1	U-01	suzukii	D. suzukii
A0AB39ZB82	2	U-02	suzukii	D. suzukii
A0AB39ZB83	1	U-01	suzukii	D. suzukii
A0AB39ZB86	2	U-02	suzukii	D. suzukii
A0AB39ZB87	1	U-01	suzukii	D. suzukii
A0AB39ZB91	1	U-01	suzukii	D. suzukii
A0AB39ZB95	1	U-01	suzukii	D. suzukii
A0AB39ZB97	1	U-01	suzukii	D. suzukii
A0AB39ZB98	1	U-01	suzukii	D. suzukii
A0AB39ZBA0	2	U-02	suzukii	D. suzukii
A0AB39ZBA1	1	U-01	suzukii	D. suzukii
A0AB39ZBA2	1	U-01	suzukii	D. suzukii
A0AB39ZBA5	1	U-01	suzukii	D. suzukii
A0AB39ZBA6	1	U-01	suzukii	D. suzukii
A0AB39ZBA7	1	U-01	suzukii	D. suzukii
A0AB39ZBA8	1	U-01	suzukii	D. suzukii
A0AB39ZBB0	1	U-01	suzukii	D. suzukii
A0AB39ZBB1	1	U-01	suzukii	D. suzukii
A0AB39ZBB2	1	U-01	suzukii	D. suzukii
A0AB39ZBB6	1	U-01	suzukii	D. suzukii
A0AB39ZBB7	1	U-01	suzukii	D. suzukii
A0AB39ZBB9	1	U-01	suzukii	D. suzukii
A0AB39ZBC0	1	U-01	suzukii	D. suzukii
A0AB39ZBC1	1	U-01	suzukii	D. suzukii
A0AB39ZBC3	2	U-02	suzukii	D. suzukii
A0AB39ZBC4	3	U-03	suzukii	D. suzukii
A0AB39ZBC5	1	U-01	suzukii	D. suzukii
A0AB39ZBD3	1	U-01	suzukii	D. suzukii
A0AB39ZBD4	1	U-01	suzukii	D. suzukii
A0AB39ZBD6	2	U-02	suzukii	D. suzukii
A0AB39ZBD9	2	U-02	suzukii	D. suzukii
A0AB39ZBE4	3	U-03	suzukii	D. suzukii
A0AB39ZBE9	1	U-01	suzukii	D. suzukii
A0AB39ZBF3	1	U-01	suzukii	D. suzukii
A0AB39ZBF4	2	U-02	suzukii	D. suzukii
A0AB39ZBF8	1	U-01	suzukii	D. suzukii
A0AB39ZBG1	1	U-01	suzukii	D. suzukii
A0AB39ZBH0	1	U-01	suzukii	D. suzukii
A0AB39ZBH4	0	unassigned	suzukii	D. suzukii
A0AB39ZBH5	2	U-02	suzukii	D. suzukii
A0AB39ZBH7	3	U-03	suzukii	D. suzukii
A0AB39ZBI9	1	U-01	suzukii	D. suzukii
A0AB39ZBJ3	3	U-03	suzukii	D. suzukii
A0AB39ZBJ4	0	unassigned	suzukii	D. suzukii
A0AB39ZBJ6	3	U-03	suzukii	D. suzukii
A0AB39ZBJ7	0	unassigned	suzukii	D. suzukii
A0AB39ZBJ8	1	U-01	suzukii	D. suzukii
A0AB39ZBK1	2	U-02	suzukii	D. suzukii
A0AB39ZBK5	0	unassigned	suzukii	D. suzukii
A0AB39ZBL5	1	U-01	suzukii	D. suzukii
A0AB39ZBL7	1	U-01	suzukii	D. suzukii
A0AB39ZBM2	1	U-01	suzukii	D. suzukii
A0AB39ZBM4	1	U-01	suzukii	D. suzukii
A0AB39ZBM5	2	U-02	suzukii	D. suzukii
A0AB39ZBN0	0	unassigned	suzukii	D. suzukii
A0AB39ZBP1	2	U-02	suzukii	D. suzukii
A0AB39ZBP4	1	U-01	suzukii	D. suzukii
A0AB39ZBP9	1	U-01	suzukii	D. suzukii
A0AB39ZBQ1	1	U-01	suzukii	D. suzukii
A0AB39ZBQ2	1	U-01	suzukii	D. suzukii
A0AB40AD10	1	U-01	suzukii	D. suzukii
A0AB40AD13	1	U-01	suzukii	D. suzukii
A0AB40AD14	1	U-01	suzukii	D. suzukii
A0AB40AD17	1	U-01	suzukii	D. suzukii
A0AB40AD22	1	U-01	suzukii	D. suzukii
A0AB40AD24	3	U-03	suzukii	D. suzukii
A0AB40AD26	1	U-01	suzukii	D. suzukii
A0AB40AD32	1	U-01	suzukii	D. suzukii
A0AB40AD38	1	U-01	suzukii	D. suzukii
A0AB40AD40	1	U-01	suzukii	D. suzukii
A0AB40AD46	2	U-02	suzukii	D. suzukii
A0AB40AD47	1	U-01	suzukii	D. suzukii
A0AB40AD55	2	U-02	suzukii	D. suzukii
A0AB40AD58	2	U-02	suzukii	D. suzukii
A0AB40AD59	2	U-02	suzukii	D. suzukii
A0AB40AD61	1	U-01	suzukii	D. suzukii
A0AB40AD69	1	U-01	suzukii	D. suzukii
A0AB40AD70	1	U-01	suzukii	D. suzukii
A0AB40AD72	2	U-02	suzukii	D. suzukii
A0AB40AD76	1	U-01	suzukii	D. suzukii
A0AB40AD78	2	U-02	suzukii	D. suzukii
A0AB40AD79	1	U-01	suzukii	D. suzukii
A0AB40DAS8	2	U-02	suzukii	D. suzukii
A0AB40DAS9	0	unassigned	suzukii	D. suzukii
A0AB40DAU1	1	U-01	suzukii	D. suzukii
A0AB40DAU7	1	U-01	suzukii	D. suzukii
A0AB40DAU9	1	U-01	suzukii	D. suzukii
A0AB40DAV0	1	U-01	suzukii	D. suzukii
A0AB40DAV2	1	U-01	suzukii	D. suzukii
A0AB40DAV3	1	U-01	suzukii	D. suzukii
A0AB40DAW2	1	U-01	suzukii	D. suzukii
A0AB40DAW8	0	unassigned	suzukii	D. suzukii
A0AB40DAX0	1	U-01	suzukii	D. suzukii
A0AB40DAX6	1	U-01	suzukii	D. suzukii
A0AB40DAX9	1	U-01	suzukii	D. suzukii
A0AB40DAY1	1	U-01	suzukii	D. suzukii
A0AB40DAY6	1	U-01	suzukii	D. suzukii
A0AB40DAY8	0	unassigned	suzukii	D. suzukii
A0AB40DAZ3	0	unassigned	suzukii	D. suzukii
A0AB40DB04	1	U-01	suzukii	D. suzukii
A0AB40DB11	0	unassigned	suzukii	D. suzukii
A0AB40DB13	1	U-01	suzukii	D. suzukii
A0AB40DB17	0	unassigned	suzukii	D. suzukii
A0AB40DB24	0	unassigned	suzukii	D. suzukii
A0AB40DB26	1	U-01	suzukii	D. suzukii
A0AB40DB27	1	U-01	suzukii	D. suzukii
A0AB40DB28	1	U-01	suzukii	D. suzukii
A0AB40DB32	1	U-01	suzukii	D. suzukii
A0AB40DB43	0	unassigned	suzukii	D. suzukii
A0AB40DB44	3	U-03	suzukii	D. suzukii
A0AB40DB45	2	U-02	suzukii	D. suzukii
A0AB40DB49	2	U-02	suzukii	D. suzukii
A0AB40DB56	1	U-01	suzukii	D. suzukii
A0AB40DB57	1	U-01	suzukii	D. suzukii
A0AB40DB64	1	U-01	suzukii	D. suzukii
A0AB40DB66	2	U-02	suzukii	D. suzukii
A0AB40DB72	0	unassigned	suzukii	D. suzukii
A0AB40DB82	2	U-02	suzukii	D. suzukii
A0AB40DB91	1	U-01	suzukii	D. suzukii
A0AB40DB96	3	U-03	suzukii	D. suzukii
A0AB40DBA9	1	U-01	suzukii	D. suzukii
A0AB40DBB1	1	U-01	suzukii	D. suzukii
A0AB40DBB2	1	U-01	suzukii	D. suzukii
A0AB40DBB7	1	U-01	suzukii	D. suzukii
A0AB40DBC0	1	U-01	suzukii	D. suzukii
A0AB40DBC8	1	U-01	suzukii	D. suzukii
A0AB40DBD0	1	U-01	suzukii	D. suzukii
A0AB40DBD5	1	U-01	suzukii	D. suzukii
A0AB40DBE0	0	unassigned	suzukii	D. suzukii
A0AB40DBE1	2	U-02	suzukii	D. suzukii
A0AB40DBE5	1	U-01	suzukii	D. suzukii
A0AB40DBF6	1	U-01	suzukii	D. suzukii
A0AB40DBG1	3	U-03	suzukii	D. suzukii
A0AB40DBG6	1	U-01	suzukii	D. suzukii
A0AB40DBH7	1	U-01	suzukii	D. suzukii
A0AB40DBI2	0	unassigned	suzukii	D. suzukii
A0AB40DBJ1	1	U-01	suzukii	D. suzukii
A0AB40DBJ2	0	unassigned	suzukii	D. suzukii
A0AB40DBJ4	1	U-01	suzukii	D. suzukii
A0AB40DBK6	2	U-02	suzukii	D. suzukii
A0AB40DBL3	1	U-01	suzukii	D. suzukii
A0AB40DBL4	0	unassigned	suzukii	D. suzukii
A0AB40DBM0	0	unassigned	suzukii	D. suzukii
A0AB40DBM9	1	U-01	suzukii	D. suzukii
A0AB40DBN1	1	U-01	suzukii	D. suzukii
A0AB40DBP0	1	U-01	suzukii	D. suzukii
A0AB40DBP3	0	unassigned	suzukii	D. suzukii
A0AB40DBQ5	1	U-01	suzukii	D. suzukii
A0AB40DBR5	1	U-01	suzukii	D. suzukii
A0AB40DBR9	2	U-02	suzukii	D. suzukii
A0AB40DBS3	1	U-01	suzukii	D. suzukii
A0AB40DBT3	0	unassigned	suzukii	D. suzukii
A0AB40DBV1	1	U-01	suzukii	D. suzukii
A0AB40DBV3	2	U-02	suzukii	D. suzukii
A0AB40DBV8	1	U-01	suzukii	D. suzukii
A0AB40DBW2	1	U-01	suzukii	D. suzukii
A0AB40DBW3	1	U-01	suzukii	D. suzukii
A0AB40DBW5	1	U-01	suzukii	D. suzukii
A0AB40DBX7	1	U-01	suzukii	D. suzukii
A0AB40DBX8	1	U-01	suzukii	D. suzukii
A0AB39Z5Y0	1	U-01	suzukii	D. suzukii
A0AB39Z8K1	2	U-02	suzukii	D. suzukii
A0AB39Z8K2	1	U-01	suzukii	D. suzukii
A0AB39Z8K4	1	U-01	suzukii	D. suzukii
A0AB39Z8K5	1	U-01	suzukii	D. suzukii
A0AB39Z8K6	1	U-01	suzukii	D. suzukii
A0AB39Z8K7	1	U-01	suzukii	D. suzukii
A0AB39Z8K8	1	U-01	suzukii	D. suzukii
A0AB39Z8L0	1	U-01	suzukii	D. suzukii
A0AB39Z8L1	1	U-01	suzukii	D. suzukii
A0AB39Z8L3	1	U-01	suzukii	D. suzukii
A0AB39Z8L4	0	unassigned	suzukii	D. suzukii
A0AB39Z8M0	1	U-01	suzukii	D. suzukii
A0AB39Z8M1	1	U-01	suzukii	D. suzukii
A0AB39Z8M2	1	U-01	suzukii	D. suzukii
A0AB39Z8M3	1	U-01	suzukii	D. suzukii
A0AB39Z8M6	1	U-01	suzukii	D. suzukii
A0AB39Z8M8	2	U-02	suzukii	D. suzukii
A0AB39Z8N2	1	U-01	suzukii	D. suzukii
A0AB39Z8N3	2	U-02	suzukii	D. suzukii
A0AB39Z8N8	1	U-01	suzukii	D. suzukii
A0AB39Z8N9	1	U-01	suzukii	D. suzukii
A0AB39Z8P6	2	U-02	suzukii	D. suzukii
A0AB39Z8Q0	1	U-01	suzukii	D. suzukii
A0AB39Z8Q1	2	U-02	suzukii	D. suzukii
A0AB39Z8Q2	1	U-01	suzukii	D. suzukii
A0AB39Z8Q3	1	U-01	suzukii	D. suzukii
A0AB39Z8Q4	1	U-01	suzukii	D. suzukii
A0AB39Z8Q5	3	U-03	suzukii	D. suzukii
A0AB39Z8Q6	1	U-01	suzukii	D. suzukii
A0AB39Z8Q7	3	U-03	suzukii	D. suzukii
A0AB39Z8R2	1	U-01	suzukii	D. suzukii
A0AB39Z8R4	1	U-01	suzukii	D. suzukii
A0AB39Z8R6	1	U-01	suzukii	D. suzukii
A0AB39Z8S0	0	unassigned	suzukii	D. suzukii
A0AB39Z8S1	1	U-01	suzukii	D. suzukii
A0AB39Z8S4	0	unassigned	suzukii	D. suzukii
A0AB39Z8S5	3	U-03	suzukii	D. suzukii
A0AB39Z8S6	1	U-01	suzukii	D. suzukii
A0AB39Z8T0	1	U-01	suzukii	D. suzukii
A0AB39Z8T5	1	U-01	suzukii	D. suzukii
A0AB39Z8T6	1	U-01	suzukii	D. suzukii
A0AB39Z8T7	3	U-03	suzukii	D. suzukii
A0AB39Z8U1	0	unassigned	suzukii	D. suzukii
A0AB39Z8U2	1	U-01	suzukii	D. suzukii
A0AB39Z8U4	2	U-02	suzukii	D. suzukii
A0AB39Z8U5	3	U-03	suzukii	D. suzukii
A0AB39Z8U6	2	U-02	suzukii	D. suzukii
A0AB39Z8V0	1	U-01	suzukii	D. suzukii
A0AB39Z8V4	3	U-03	suzukii	D. suzukii
A0AB39Z8V5	1	U-01	suzukii	D. suzukii
A0AB39Z8V9	1	U-01	suzukii	D. suzukii
A0AB39Z8W7	1	U-01	suzukii	D. suzukii
A0AB39Z8W9	0	unassigned	suzukii	D. suzukii
A0AB39Z8X1	1	U-01	suzukii	D. suzukii
A0AB39Z8X2	1	U-01	suzukii	D. suzukii
A0AB39Z8X8	1	U-01	suzukii	D. suzukii
A0AB39Z8Y0	1	U-01	suzukii	D. suzukii
A0AB39Z8Y1	1	U-01	suzukii	D. suzukii
A0AB39Z8Y2	1	U-01	suzukii	D. suzukii
A0AB39Z8Y4	1	U-01	suzukii	D. suzukii
A0AB39Z8Y6	1	U-01	suzukii	D. suzukii
A0AB39Z8Y8	1	U-01	suzukii	D. suzukii
A0AB39Z8Y9	0	unassigned	suzukii	D. suzukii
A0AB39Z8Z0	1	U-01	suzukii	D. suzukii
A0AB39Z8Z3	2	U-02	suzukii	D. suzukii
A0AB39Z8Z4	1	U-01	suzukii	D. suzukii
A0AB39Z8Z7	1	U-01	suzukii	D. suzukii
A0AB39Z8Z8	1	U-01	suzukii	D. suzukii
A0AB39Z8Z9	1	U-01	suzukii	D. suzukii
A0AB39Z901	1	U-01	suzukii	D. suzukii
A0AB39Z906	1	U-01	suzukii	D. suzukii
A0AB39Z913	1	U-01	suzukii	D. suzukii
A0AB39Z914	1	U-01	suzukii	D. suzukii
A0AB39Z915	1	U-01	suzukii	D. suzukii
A0AB39Z917	1	U-01	suzukii	D. suzukii
A0AB39Z918	0	unassigned	suzukii	D. suzukii
A0AB39Z922	1	U-01	suzukii	D. suzukii
A0AB39Z923	2	U-02	suzukii	D. suzukii
A0AB39Z925	1	U-01	suzukii	D. suzukii
A0AB39Z929	1	U-01	suzukii	D. suzukii
A0AB39Z931	1	U-01	suzukii	D. suzukii
A0AB39Z932	2	U-02	suzukii	D. suzukii
A0AB39Z933	1	U-01	suzukii	D. suzukii
A0AB39Z934	0	unassigned	suzukii	D. suzukii
A0AB39Z935	0	unassigned	suzukii	D. suzukii
A0AB39Z936	0	unassigned	suzukii	D. suzukii
A0AB39Z944	0	unassigned	suzukii	D. suzukii
A0AB39Z945	1	U-01	suzukii	D. suzukii
A0AB39Z947	1	U-01	suzukii	D. suzukii
A0AB39Z949	1	U-01	suzukii	D. suzukii
A0AB39Z950	1	U-01	suzukii	D. suzukii
A0AB39Z952	1	U-01	suzukii	D. suzukii
A0AB39Z954	1	U-01	suzukii	D. suzukii
A0AB39Z958	0	unassigned	suzukii	D. suzukii
A0AB39ZCI0	1	U-01	suzukii	D. suzukii
A0AB39ZCI1	1	U-01	suzukii	D. suzukii
A0AB39ZCI3	1	U-01	suzukii	D. suzukii
A0AB39ZCI4	1	U-01	suzukii	D. suzukii
A0AB39ZCI7	1	U-01	suzukii	D. suzukii
A0AB39ZUZ6	0	unassigned	suzukii	D. suzukii
A0AB39ZUZ7	1	U-01	suzukii	D. suzukii
A0AB39ZUZ8	1	U-01	suzukii	D. suzukii
A0AB39ZUZ9	1	U-01	suzukii	D. suzukii
A0AB39ZV03	1	U-01	suzukii	D. suzukii
A0AB39ZV04	3	U-03	suzukii	D. suzukii
A0AB39ZV05	1	U-01	suzukii	D. suzukii
A0AB39ZV07	1	U-01	suzukii	D. suzukii
A0AB39ZV09	2	U-02	suzukii	D. suzukii
A0AB39ZV10	1	U-01	suzukii	D. suzukii
A0AB39ZV11	3	U-03	suzukii	D. suzukii
A0AB39ZV13	1	U-01	suzukii	D. suzukii
A0AB39ZV15	1	U-01	suzukii	D. suzukii
A0AB39ZV16	1	U-01	suzukii	D. suzukii
A0AB39ZV17	0	unassigned	suzukii	D. suzukii
A0AB39ZV19	1	U-01	suzukii	D. suzukii
A0AB39ZV20	2	U-02	suzukii	D. suzukii
A0AB39ZV21	3	U-03	suzukii	D. suzukii
A0AB39ZV22	0	unassigned	suzukii	D. suzukii
A0AB39ZV24	1	U-01	suzukii	D. suzukii
A0AB39ZV25	1	U-01	suzukii	D. suzukii
A0AB39ZV26	2	U-02	suzukii	D. suzukii
A0AB39ZV27	3	U-03	suzukii	D. suzukii
A0AB39ZV29	0	unassigned	suzukii	D. suzukii
A0AB39ZV32	1	U-01	suzukii	D. suzukii
A0AB39ZV36	0	unassigned	suzukii	D. suzukii
A0AB39ZV37	1	U-01	suzukii	D. suzukii
A0AB39ZV39	1	U-01	suzukii	D. suzukii
A0AB39ZV42	1	U-01	suzukii	D. suzukii
A0AB39ZV45	1	U-01	suzukii	D. suzukii
A0AB39ZV47	2	U-02	suzukii	D. suzukii
A0AB39ZV52	1	U-01	suzukii	D. suzukii
A0AB39ZV54	0	unassigned	suzukii	D. suzukii
A0AB39ZV55	1	U-01	suzukii	D. suzukii
A0AB39ZV56	2	U-02	suzukii	D. suzukii
A0AB39ZV57	1	U-01	suzukii	D. suzukii
A0AB39ZV58	1	U-01	suzukii	D. suzukii
A0AB39ZV59	2	U-02	suzukii	D. suzukii
A0AB39ZV60	1	U-01	suzukii	D. suzukii
A0AB39ZV61	1	U-01	suzukii	D. suzukii
A0AB39ZV63	1	U-01	suzukii	D. suzukii
A0AB39ZV64	1	U-01	suzukii	D. suzukii
A0AB39ZV67	0	unassigned	suzukii	D. suzukii
A0AB39ZV70	0	unassigned	suzukii	D. suzukii
A0AB39ZV71	1	U-01	suzukii	D. suzukii
A0AB39ZV72	1	U-01	suzukii	D. suzukii
A0AB39ZV77	1	U-01	suzukii	D. suzukii
A0AB39ZV79	0	unassigned	suzukii	D. suzukii
A0AB39ZV83	1	U-01	suzukii	D. suzukii
A0AB39ZV84	1	U-01	suzukii	D. suzukii
A0AB39ZV85	1	U-01	suzukii	D. suzukii
A0AB39ZV87	0	unassigned	suzukii	D. suzukii
A0AB39ZV88	1	U-01	suzukii	D. suzukii
A0AB39ZV89	0	unassigned	suzukii	D. suzukii
A0AB39ZV92	1	U-01	suzukii	D. suzukii
A0AB39ZV94	1	U-01	suzukii	D. suzukii
A0AB39ZV95	1	U-01	suzukii	D. suzukii
A0AB39ZV96	1	U-01	suzukii	D. suzukii
A0AB39ZVA1	1	U-01	suzukii	D. suzukii
A0AB39ZVA2	1	U-01	suzukii	D. suzukii
A0AB39ZVA4	1	U-01	suzukii	D. suzukii
A0AB39ZVA5	1	U-01	suzukii	D. suzukii
A0AB39ZVA7	1	U-01	suzukii	D. suzukii
A0AB39ZVA8	1	U-01	suzukii	D. suzukii
A0AB39ZVB2	1	U-01	suzukii	D. suzukii
A0AB39ZVB5	2	U-02	suzukii	D. suzukii
A0AB39ZVB8	1	U-01	suzukii	D. suzukii
A0AB39ZVB9	0	unassigned	suzukii	D. suzukii
A0AB39ZVC1	1	U-01	suzukii	D. suzukii
A0AB39ZVC6	1	U-01	suzukii	D. suzukii
A0AB39ZVC8	1	U-01	suzukii	D. suzukii
A0AB39ZVC9	2	U-02	suzukii	D. suzukii
A0AB39ZVD1	1	U-01	suzukii	D. suzukii
A0AB39ZVD3	1	U-01	suzukii	D. suzukii
A0AB39ZVD4	1	U-01	suzukii	D. suzukii
A0AB39ZVD8	1	U-01	suzukii	D. suzukii
A0AB39ZYS5	1	U-01	suzukii	D. suzukii
A0AB39ZYT0	0	unassigned	suzukii	D. suzukii
A0AB39ZYT2	1	U-01	suzukii	D. suzukii
A0AB39ZYT6	1	U-01	suzukii	D. suzukii
A0AB39ZYT7	1	U-01	suzukii	D. suzukii
A0AB39ZYT8	2	U-02	suzukii	D. suzukii
A0AB39ZYU0	1	U-01	suzukii	D. suzukii
A0AB39ZYU2	1	U-01	suzukii	D. suzukii
A0AB39ZYU3	0	unassigned	suzukii	D. suzukii
A0AB39ZYU4	1	U-01	suzukii	D. suzukii
A0AB39ZYU7	1	U-01	suzukii	D. suzukii
A0AB39ZYV0	1	U-01	suzukii	D. suzukii
A0AB39ZYV1	1	U-01	suzukii	D. suzukii
A0AB39ZYV3	1	U-01	suzukii	D. suzukii
A0AB39ZYV5	3	U-03	suzukii	D. suzukii
A0AB39ZYV7	1	U-01	suzukii	D. suzukii
A0AB39ZYV8	1	U-01	suzukii	D. suzukii
A0AB39ZYW7	1	U-01	suzukii	D. suzukii
A0AB39ZYX4	1	U-01	suzukii	D. suzukii
A0AB39ZYY5	1	U-01	suzukii	D. suzukii
A0AB39ZYY6	1	U-01	suzukii	D. suzukii
A0AB39ZYZ0	1	U-01	suzukii	D. suzukii
A0AB39ZYZ2	1	U-01	suzukii	D. suzukii
A0AB39ZYZ4	1	U-01	suzukii	D. suzukii
A0AB40D998	1	U-01	suzukii	D. suzukii
A0AB40D999	0	unassigned	suzukii	D. suzukii
A0AB40D9A5	1	U-01	suzukii	D. suzukii
A0AB40D9A7	1	U-01	suzukii	D. suzukii
A0AB40D9B2	1	U-01	suzukii	D. suzukii
A0AB40D9B6	0	unassigned	suzukii	D. suzukii
A0AB40D9B7	1	U-01	suzukii	D. suzukii
A0AB40D9C3	0	unassigned	suzukii	D. suzukii
A0AB40D9C7	1	U-01	suzukii	D. suzukii
A0AB40D9D0	1	U-01	suzukii	D. suzukii
A0AB40D9D1	0	unassigned	suzukii	D. suzukii
A0AB40D9E0	0	unassigned	suzukii	D. suzukii
A0AB40D9E3	1	U-01	suzukii	D. suzukii
A0AB40D9E4	1	U-01	suzukii	D. suzukii
A0AB40D9F2	0	unassigned	suzukii	D. suzukii
A0AB40D9F3	1	U-01	suzukii	D. suzukii
A0AB40D9F4	1	U-01	suzukii	D. suzukii
A0AB40D9F8	0	unassigned	suzukii	D. suzukii
A0AB40D9G0	0	unassigned	suzukii	D. suzukii
A0AB40D9G2	1	U-01	suzukii	D. suzukii
A0AB40D9G4	1	U-01	suzukii	D. suzukii
A0AB40D9G5	1	U-01	suzukii	D. suzukii
A0AB40D9H3	0	unassigned	suzukii	D. suzukii
A0AB40D9H6	1	U-01	suzukii	D. suzukii
A0AB40D9I8	1	U-01	suzukii	D. suzukii
A0AB40D9J2	1	U-01	suzukii	D. suzukii
A0AB40D9J5	1	U-01	suzukii	D. suzukii
A0AB40D9J6	1	U-01	suzukii	D. suzukii
A0AB40D9K4	1	U-01	suzukii	D. suzukii
A0AB40D9K5	0	unassigned	suzukii	D. suzukii
A0AB40D9K6	0	unassigned	suzukii	D. suzukii
A0AB40D9K7	1	U-01	suzukii	D. suzukii
A0AB40D9K9	0	unassigned	suzukii	D. suzukii
A0AB40D9L0	0	unassigned	suzukii	D. suzukii
A0AB40D9L1	1	U-01	suzukii	D. suzukii
A0AB40D9L2	1	U-01	suzukii	D. suzukii
A0AB40D9M0	1	U-01	suzukii	D. suzukii
A0AB40D9N2	1	U-01	suzukii	D. suzukii
A0AB40D9P0	0	unassigned	suzukii	D. suzukii
A0AB40D9P3	1	U-01	suzukii	D. suzukii
A0AB40D9P6	1	U-01	suzukii	D. suzukii
A0AB40D9P8	2	U-02	suzukii	D. suzukii
A0AB40D9Q0	1	U-01	suzukii	D. suzukii
A0AB40D9R0	1	U-01	suzukii	D. suzukii
A0AB40D9R2	2	U-02	suzukii	D. suzukii
A0AB40D9R6	1	U-01	suzukii	D. suzukii
A0AB40D9R7	1	U-01	suzukii	D. suzukii
A0AB40D9S1	1	U-01	suzukii	D. suzukii
A0AB40D9S3	1	U-01	suzukii	D. suzukii
A0AB40D9S5	1	U-01	suzukii	D. suzukii
A0AB40D9S7	0	unassigned	suzukii	D. suzukii
A0AB40D9T1	1	U-01	suzukii	D. suzukii
A0AB40D9T2	1	U-01	suzukii	D. suzukii
A0AB40D9T4	0	unassigned	suzukii	D. suzukii
A0AB40D9T5	1	U-01	suzukii	D. suzukii
A0AB40D9T7	1	U-01	suzukii	D. suzukii
A0AB40D9U0	2	U-02	suzukii	D. suzukii
A0AB40D9U2	0	unassigned	suzukii	D. suzukii
A0AB40D9U4	1	U-01	suzukii	D. suzukii
A0AB40D9U6	0	unassigned	suzukii	D. suzukii
A0AB40D9U7	0	unassigned	suzukii	D. suzukii
A0AB40DE37	2	U-02	suzukii	D. suzukii
A0AB40DE46	1	U-01	suzukii	D. suzukii
A0AB40DE47	2	U-02	suzukii	D. suzukii
A0AB40DE52	1	U-01	suzukii	D. suzukii
A0AB40DE53	1	U-01	suzukii	D. suzukii
A0AB40DE57	1	U-01	suzukii	D. suzukii
A0AB40DE59	2	U-02	suzukii	D. suzukii
A0AB40DE60	1	U-01	suzukii	D. suzukii
A0AB40DE62	1	U-01	suzukii	D. suzukii
A0AB40DE67	1	U-01	suzukii	D. suzukii
A0AB40DE83	1	U-01	suzukii	D. suzukii
A0AB40DE93	1	U-01	suzukii	D. suzukii
A0AB40DEA2	1	U-01	suzukii	D. suzukii
A0AB40DEA5	1	U-01	suzukii	D. suzukii
A0AB40DEA8	1	U-01	suzukii	D. suzukii
A0AB40DEB7	1	U-01	suzukii	D. suzukii
A0AB40DEC0	0	unassigned	suzukii	D. suzukii
A0AB40DEC3	1	U-01	suzukii	D. suzukii
A0AB40DED3	1	U-01	suzukii	D. suzukii
A0AB40DED6	0	unassigned	suzukii	D. suzukii
A0AB40DED7	1	U-01	suzukii	D. suzukii
A0AB40DEF1	1	U-01	suzukii	D. suzukii
A0AB40DEF2	0	unassigned	suzukii	D. suzukii
A0AB40DEG0	1	U-01	suzukii	D. suzukii
A0AB40DEG2	1	U-01	suzukii	D. suzukii
A0AB40DEG6	1	U-01	suzukii	D. suzukii
A0AB40DEH1	0	unassigned	suzukii	D. suzukii
A0AB40DEH2	1	U-01	suzukii	D. suzukii
A0AB40DEI0	1	U-01	suzukii	D. suzukii
A0AB40DEI3	0	unassigned	suzukii	D. suzukii
A0AB40DEI4	1	U-01	suzukii	D. suzukii
A0AB40DEI8	1	U-01	suzukii	D. suzukii
A0AB40DEJ3	1	U-01	suzukii	D. suzukii
A0AB40DEJ6	1	U-01	suzukii	D. suzukii
A0AB40DEJ7	1	U-01	suzukii	D. suzukii
A0AB40DEK0	1	U-01	suzukii	D. suzukii
A0AB40DEK5	0	unassigned	suzukii	D. suzukii
A0AB40DEK9	1	U-01	suzukii	D. suzukii
A0AB40DEL5	1	U-01	suzukii	D. suzukii
A0ABM4TZA4	3	U-03	suzukii	D. suzukii
A0ABM4TZA5	1	U-01	suzukii	D. suzukii
A0ABM4TZA9	0	unassigned	suzukii	D. suzukii
A0ABM4TZB2	1	U-01	suzukii	D. suzukii
A0ABM4TZB7	1	U-01	suzukii	D. suzukii
A0ABM4TZB8	0	unassigned	suzukii	D. suzukii
A0ABM4TZB9	1	U-01	suzukii	D. suzukii
A0ABM4TZC2	0	unassigned	suzukii	D. suzukii
A0ABM4TZC4	1	U-01	suzukii	D. suzukii
A0ABM4TZC5	1	U-01	suzukii	D. suzukii
A0ABM4TZC8	3	U-03	suzukii	D. suzukii
A0ABM4TZD0	1	U-01	suzukii	D. suzukii
A0ABM4TZD1	0	unassigned	suzukii	D. suzukii
A0ABM4TZD2	2	U-02	suzukii	D. suzukii
A0ABM4TZD3	0	unassigned	suzukii	D. suzukii
A0ABM4TZD5	0	unassigned	suzukii	D. suzukii
A0ABM4TZD6	0	unassigned	suzukii	D. suzukii
A0ABM4TZD7	0	unassigned	suzukii	D. suzukii
A0ABM4TZD8	1	U-01	suzukii	D. suzukii
A0ABM4TZD9	0	unassigned	suzukii	D. suzukii
A0ABM4TZE0	0	unassigned	suzukii	D. suzukii
A0ABM4TZE1	0	unassigned	suzukii	D. suzukii
A0ABM4TZE3	0	unassigned	suzukii	D. suzukii
A0ABM4TZE4	1	U-01	suzukii	D. suzukii
A0ABM4TZE6	1	U-01	suzukii	D. suzukii
A0ABM4TZE7	1	U-01	suzukii	D. suzukii
A0ABM4TZE9	0	unassigned	suzukii	D. suzukii
A0ABM4TZF0	0	unassigned	suzukii	D. suzukii
A0ABM4TZF2	1	U-01	suzukii	D. suzukii
A0ABM4TZF3	0	unassigned	suzukii	D. suzukii
A0ABM4TZF5	0	unassigned	suzukii	D. suzukii
A0ABM4TZF6	1	U-01	suzukii	D. suzukii
A0ABM4TZF7	1	U-01	suzukii	D. suzukii
A0ABM4TZF8	1	U-01	suzukii	D. suzukii
A0ABM4TZG2	0	unassigned	suzukii	D. suzukii
A0ABM4TZG3	0	unassigned	suzukii	D. suzukii
A0ABM4TZG4	0	unassigned	suzukii	D. suzukii
A0ABM4TZG5	1	U-01	suzukii	D. suzukii
A0AB39ZUL6	3	U-03	suzukii	D. suzukii
A0AB39ZUL7	1	U-01	suzukii	D. suzukii
A0AB39ZUL8	1	U-01	suzukii	D. suzukii
A0AB39ZUN0	1	U-01	suzukii	D. suzukii
A0AB39ZUQ4	1	U-01	suzukii	D. suzukii
A0AB39ZUQ6	1	U-01	suzukii	D. suzukii
A0AB39ZUR9	1	U-01	suzukii	D. suzukii
A0AB39ZUS5	1	U-01	suzukii	D. suzukii
A0AB39ZUV5	0	unassigned	suzukii	D. suzukii
A0AB39ZUX7	1	U-01	suzukii	D. suzukii
A0AB39ZUY6	3	U-03	suzukii	D. suzukii
A0AB39ZUZ0	1	U-01	suzukii	D. suzukii
A0AB39ZUZ4	0	unassigned	suzukii	D. suzukii
A0AB39ZV01	1	U-01	suzukii	D. suzukii
A0AB39ZV30	1	U-01	suzukii	D. suzukii
A0AB39ZV40	3	U-03	suzukii	D. suzukii
A0AB39ZV43	1	U-01	suzukii	D. suzukii
A0AB39ZV50	1	U-01	suzukii	D. suzukii
A0AB39ZV86	1	U-01	suzukii	D. suzukii
A0AB39ZVB1	1	U-01	suzukii	D. suzukii
A0AB39ZVB6	1	U-01	suzukii	D. suzukii
A0AB39ZVD5	1	U-01	suzukii	D. suzukii
A0AB39ZVD7	1	U-01	suzukii	D. suzukii
A0AB39ZVE5	1	U-01	suzukii	D. suzukii
A0AB39ZVE9	2	U-02	suzukii	D. suzukii
A0AB39ZVF1	2	U-02	suzukii	D. suzukii
A0AB39ZVF4	1	U-01	suzukii	D. suzukii
A0AB39ZVG5	1	U-01	suzukii	D. suzukii
A0AB39ZVG6	1	U-01	suzukii	D. suzukii
A0AB39ZVJ0	1	U-01	suzukii	D. suzukii
A0AB39ZVJ3	1	U-01	suzukii	D. suzukii
A0AB39ZVK6	1	U-01	suzukii	D. suzukii
A0AB39ZVM1	1	U-01	suzukii	D. suzukii
A0AB39ZVM5	1	U-01	suzukii	D. suzukii
A0AB39ZVN2	1	U-01	suzukii	D. suzukii
A0AB39ZVN6	1	U-01	suzukii	D. suzukii
A0AB39ZVN8	1	U-01	suzukii	D. suzukii
A0AB39ZVN9	1	U-01	suzukii	D. suzukii
A0AB39ZVP4	3	U-03	suzukii	D. suzukii
A0AB39ZVP6	1	U-01	suzukii	D. suzukii
A0AB39ZVP8	1	U-01	suzukii	D. suzukii
A0AB39ZVR3	1	U-01	suzukii	D. suzukii
A0AB39ZVS8	1	U-01	suzukii	D. suzukii
A0AB39ZVT4	1	U-01	suzukii	D. suzukii
A0AB39ZVU6	1	U-01	suzukii	D. suzukii
A0AB39ZVU9	1	U-01	suzukii	D. suzukii
A0AB39ZVV1	1	U-01	suzukii	D. suzukii
A0AB39ZVW4	1	U-01	suzukii	D. suzukii
A0AB39ZVX0	1	U-01	suzukii	D. suzukii
A0AB39ZVX1	1	U-01	suzukii	D. suzukii
A0AB39ZVX3	1	U-01	suzukii	D. suzukii
A0AB39ZVX4	1	U-01	suzukii	D. suzukii
A0AB39ZW00	2	U-02	suzukii	D. suzukii
A0AB39ZW06	1	U-01	suzukii	D. suzukii
A0AB39ZW21	1	U-01	suzukii	D. suzukii
A0AB39ZW47	1	U-01	suzukii	D. suzukii
A0AB39ZW49	2	U-02	suzukii	D. suzukii
A0AB39ZWB3	1	U-01	suzukii	D. suzukii
A0AB39ZWB9	3	U-03	suzukii	D. suzukii
A0AB39ZWC4	1	U-01	suzukii	D. suzukii
A0AB39ZWC8	0	unassigned	suzukii	D. suzukii
A0AB39ZWJ2	0	unassigned	suzukii	D. suzukii
A0AB40A421	1	U-01	suzukii	D. suzukii
A0AB40A423	1	U-01	suzukii	D. suzukii
A0AB40A429	1	U-01	suzukii	D. suzukii
A0AB40A433	1	U-01	suzukii	D. suzukii
A0AB40A434	1	U-01	suzukii	D. suzukii
A0AB40A436	1	U-01	suzukii	D. suzukii
A0AB40A437	1	U-01	suzukii	D. suzukii
A0AB40A440	1	U-01	suzukii	D. suzukii
A0AB40A441	1	U-01	suzukii	D. suzukii
A0AB40A445	0	unassigned	suzukii	D. suzukii
A0AB40A449	1	U-01	suzukii	D. suzukii
A0AB40AD91	1	U-01	suzukii	D. suzukii
A0AB40AD92	1	U-01	suzukii	D. suzukii
A0AB40AD93	1	U-01	suzukii	D. suzukii
A0AB40AD97	0	unassigned	suzukii	D. suzukii
A0AB40ADA6	1	U-01	suzukii	D. suzukii
A0AB40ADA8	1	U-01	suzukii	D. suzukii
A0AB40ADB3	1	U-01	suzukii	D. suzukii
A0AB40ADC4	1	U-01	suzukii	D. suzukii
A0AB40ADD3	0	unassigned	suzukii	D. suzukii
A0AB40ADD5	0	unassigned	suzukii	D. suzukii
A0AB40ADD7	1	U-01	suzukii	D. suzukii
A0AB40ADD8	1	U-01	suzukii	D. suzukii
A0AB40ADE3	1	U-01	suzukii	D. suzukii
A0AB40ADE5	0	unassigned	suzukii	D. suzukii
A0AB40ADE9	1	U-01	suzukii	D. suzukii
A0AB40ADF3	1	U-01	suzukii	D. suzukii
A0AB40ADG4	1	U-01	suzukii	D. suzukii
A0AB40ADG9	1	U-01	suzukii	D. suzukii
A0AB40ADH1	1	U-01	suzukii	D. suzukii
A0AB40ADH6	2	U-02	suzukii	D. suzukii
A0AB40ADI7	1	U-01	suzukii	D. suzukii
A0AB40ADI8	1	U-01	suzukii	D. suzukii
A0AB40ADJ2	0	unassigned	suzukii	D. suzukii
A0AB40ADJ5	0	unassigned	suzukii	D. suzukii
A0AB40ADJ8	2	U-02	suzukii	D. suzukii
A0AB40ADK1	1	U-01	suzukii	D. suzukii
A0AB40ADL1	0	unassigned	suzukii	D. suzukii
A0AB40ADP4	1	U-01	suzukii	D. suzukii
A0AB40ADQ2	3	U-03	suzukii	D. suzukii
A0AB40ADQ4	1	U-01	suzukii	D. suzukii
A0AB40ADQ5	1	U-01	suzukii	D. suzukii
A0AB40ADR1	1	U-01	suzukii	D. suzukii
A0AB40ADR3	1	U-01	suzukii	D. suzukii
A0AB40ADR4	1	U-01	suzukii	D. suzukii
A0AB40ADR9	1	U-01	suzukii	D. suzukii
A0AB40ADS1	0	unassigned	suzukii	D. suzukii
A0AB40ADS2	0	unassigned	suzukii	D. suzukii
A0AB40ADS4	1	U-01	suzukii	D. suzukii
A0AB40ADS7	1	U-01	suzukii	D. suzukii
A0AB40ADT6	1	U-01	suzukii	D. suzukii
A0AB40ADU2	0	unassigned	suzukii	D. suzukii
A0AB40ADV0	1	U-01	suzukii	D. suzukii
A0AB40ADV1	3	U-03	suzukii	D. suzukii
A0AB40ADV3	0	unassigned	suzukii	D. suzukii
A0AB40ADV4	0	unassigned	suzukii	D. suzukii
A0AB40ADV6	0	unassigned	suzukii	D. suzukii
A0AB40ADV7	0	unassigned	suzukii	D. suzukii
A0AB40ADW1	0	unassigned	suzukii	D. suzukii
A0AB40ADW5	1	U-01	suzukii	D. suzukii
A0AB40ADW7	1	U-01	suzukii	D. suzukii
A0AB40ADX0	0	unassigned	suzukii	D. suzukii
A0AB40ADX1	1	U-01	suzukii	D. suzukii
A0AB40ADX4	1	U-01	suzukii	D. suzukii
A0AB40ADX6	1	U-01	suzukii	D. suzukii
A0AB40ADY0	1	U-01	suzukii	D. suzukii
A0AB40ADY4	1	U-01	suzukii	D. suzukii
A0AB40ADY9	1	U-01	suzukii	D. suzukii
A0AB40ADZ8	1	U-01	suzukii	D. suzukii
A0AB40ADZ9	1	U-01	suzukii	D. suzukii
A0AB40AE03	1	U-01	suzukii	D. suzukii
A0AB40AE11	1	U-01	suzukii	D. suzukii
A0AB40AE16	1	U-01	suzukii	D. suzukii
A0AB40AE17	1	U-01	suzukii	D. suzukii
A0AB40AE19	1	U-01	suzukii	D. suzukii
A0AB40AE23	1	U-01	suzukii	D. suzukii
A0AB40AE24	1	U-01	suzukii	D. suzukii
A0AB40AE26	1	U-01	suzukii	D. suzukii
A0AB40AE27	1	U-01	suzukii	D. suzukii
A0AB40AE28	1	U-01	suzukii	D. suzukii
A0AB40AE34	1	U-01	suzukii	D. suzukii
A0AB40AE44	1	U-01	suzukii	D. suzukii
A0AB40AE45	1	U-01	suzukii	D. suzukii
A0AB40AE53	2	U-02	suzukii	D. suzukii
A0AB40AE54	2	U-02	suzukii	D. suzukii
A0AB40AE56	1	U-01	suzukii	D. suzukii
A0AB40AE57	1	U-01	suzukii	D. suzukii
A0AB40AE59	3	U-03	suzukii	D. suzukii
A0AB40AE63	2	U-02	suzukii	D. suzukii
A0AB40AE64	0	unassigned	suzukii	D. suzukii
A0AB40AE66	1	U-01	suzukii	D. suzukii
A0AB40AE67	2	U-02	suzukii	D. suzukii
A0AB40AE68	1	U-01	suzukii	D. suzukii
A0AB40AE69	1	U-01	suzukii	D. suzukii
A0AB40AE71	1	U-01	suzukii	D. suzukii
A0AB40AE78	1	U-01	suzukii	D. suzukii
A0AB40AE84	1	U-01	suzukii	D. suzukii
A0AB40AE86	1	U-01	suzukii	D. suzukii
A0AB40AE87	1	U-01	suzukii	D. suzukii
A0AB40AE89	0	unassigned	suzukii	D. suzukii
A0AB39ZGJ2	1	U-01	suzukii	D. suzukii
A0AB39ZGJ3	1	U-01	suzukii	D. suzukii
A0AB39ZGJ5	1	U-01	suzukii	D. suzukii
A0AB39ZGJ6	1	U-01	suzukii	D. suzukii
A0AB39ZGJ7	1	U-01	suzukii	D. suzukii
A0AB39ZGK0	1	U-01	suzukii	D. suzukii
A0AB39ZGK1	1	U-01	suzukii	D. suzukii
A0AB39ZGK2	1	U-01	suzukii	D. suzukii
A0AB39ZGK5	2	U-02	suzukii	D. suzukii
A0AB39ZGK7	1	U-01	suzukii	D. suzukii
A0AB39ZGK9	0	unassigned	suzukii	D. suzukii
A0AB39ZGL0	1	U-01	suzukii	D. suzukii
A0AB39ZGL1	1	U-01	suzukii	D. suzukii
A0AB39ZGL5	3	U-03	suzukii	D. suzukii
A0AB39ZGL7	1	U-01	suzukii	D. suzukii
A0AB39ZGL9	0	unassigned	suzukii	D. suzukii
A0AB39ZGM2	1	U-01	suzukii	D. suzukii
A0AB39ZGM3	1	U-01	suzukii	D. suzukii
A0AB39ZGM8	0	unassigned	suzukii	D. suzukii
A0AB39ZGM9	1	U-01	suzukii	D. suzukii
A0AB39ZGN1	1	U-01	suzukii	D. suzukii
A0AB39ZGN4	1	U-01	suzukii	D. suzukii
A0AB39ZGN5	2	U-02	suzukii	D. suzukii
A0AB39ZGN6	1	U-01	suzukii	D. suzukii
A0AB39ZGN7	1	U-01	suzukii	D. suzukii
A0AB39ZGP1	3	U-03	suzukii	D. suzukii
A0AB39ZGP2	1	U-01	suzukii	D. suzukii
A0AB39ZGP5	1	U-01	suzukii	D. suzukii
A0AB39ZGP8	1	U-01	suzukii	D. suzukii
A0AB39ZGQ2	2	U-02	suzukii	D. suzukii
A0AB39ZGQ3	1	U-01	suzukii	D. suzukii
A0AB39ZGQ4	1	U-01	suzukii	D. suzukii
A0AB39ZGQ5	1	U-01	suzukii	D. suzukii
A0AB39ZGQ8	1	U-01	suzukii	D. suzukii
A0AB39ZGR0	0	unassigned	suzukii	D. suzukii
A0AB39ZGR2	1	U-01	suzukii	D. suzukii
A0AB39ZGR8	1	U-01	suzukii	D. suzukii
A0AB39ZGR9	1	U-01	suzukii	D. suzukii
A0AB39ZGS0	1	U-01	suzukii	D. suzukii
A0AB39ZGS2	1	U-01	suzukii	D. suzukii
A0AB39ZGS5	0	unassigned	suzukii	D. suzukii
A0AB39ZGS6	1	U-01	suzukii	D. suzukii
A0AB39ZGS7	0	unassigned	suzukii	D. suzukii
A0AB39ZGS8	1	U-01	suzukii	D. suzukii
A0AB39ZGT0	3	U-03	suzukii	D. suzukii
A0AB39ZGT3	1	U-01	suzukii	D. suzukii
A0AB39ZGT5	1	U-01	suzukii	D. suzukii
A0AB39ZGT7	3	U-03	suzukii	D. suzukii
A0AB39ZGU0	1	U-01	suzukii	D. suzukii
A0AB39ZGU2	1	U-01	suzukii	D. suzukii
A0AB39ZGU3	1	U-01	suzukii	D. suzukii
A0AB39ZGU4	1	U-01	suzukii	D. suzukii
A0AB39ZGU6	0	unassigned	suzukii	D. suzukii
A0AB39ZGU7	3	U-03	suzukii	D. suzukii
A0AB39ZGU8	1	U-01	suzukii	D. suzukii
A0AB39ZGV0	0	unassigned	suzukii	D. suzukii
A0AB39ZGV2	2	U-02	suzukii	D. suzukii
A0AB39ZGV4	1	U-01	suzukii	D. suzukii
A0AB39ZGW2	1	U-01	suzukii	D. suzukii
A0AB39ZGW4	2	U-02	suzukii	D. suzukii
A0AB39ZGW6	1	U-01	suzukii	D. suzukii
A0AB39ZGW8	1	U-01	suzukii	D. suzukii
A0AB39ZGW9	1	U-01	suzukii	D. suzukii
A0AB39ZGX0	1	U-01	suzukii	D. suzukii
A0AB39ZGX1	1	U-01	suzukii	D. suzukii
A0AB39ZGX2	0	unassigned	suzukii	D. suzukii
A0AB39ZGX5	1	U-01	suzukii	D. suzukii
A0AB39ZGX6	1	U-01	suzukii	D. suzukii
A0AB39ZGY3	0	unassigned	suzukii	D. suzukii
A0AB39ZGZ0	3	U-03	suzukii	D. suzukii
A0AB39ZGZ1	1	U-01	suzukii	D. suzukii
A0AB39ZGZ2	1	U-01	suzukii	D. suzukii
A0AB39ZGZ3	1	U-01	suzukii	D. suzukii
A0AB39ZGZ4	1	U-01	suzukii	D. suzukii
A0AB39ZGZ6	1	U-01	suzukii	D. suzukii
A0AB39ZGZ7	1	U-01	suzukii	D. suzukii
A0AB39ZGZ8	1	U-01	suzukii	D. suzukii
A0AB39ZGZ9	1	U-01	suzukii	D. suzukii
A0AB39ZH01	1	U-01	suzukii	D. suzukii
A0AB39ZH03	1	U-01	suzukii	D. suzukii
A0AB39ZH05	1	U-01	suzukii	D. suzukii
A0AB39ZH12	1	U-01	suzukii	D. suzukii
A0AB39ZH17	1	U-01	suzukii	D. suzukii
A0AB39ZH18	1	U-01	suzukii	D. suzukii
A0AB39ZH20	1	U-01	suzukii	D. suzukii
A0AB39ZH22	1	U-01	suzukii	D. suzukii
A0AB39ZH24	1	U-01	suzukii	D. suzukii
A0AB39ZH25	1	U-01	suzukii	D. suzukii
A0AB39ZH26	1	U-01	suzukii	D. suzukii
A0AB39ZH31	1	U-01	suzukii	D. suzukii
A0AB39ZH32	0	unassigned	suzukii	D. suzukii
A0AB39ZLM7	0	unassigned	suzukii	D. suzukii
A0AB39ZLM8	1	U-01	suzukii	D. suzukii
A0AB39ZLN0	1	U-01	suzukii	D. suzukii
A0AB39ZLN2	1	U-01	suzukii	D. suzukii
A0AB39ZLN5	0	unassigned	suzukii	D. suzukii
A0AB39ZLN7	1	U-01	suzukii	D. suzukii
A0AB39ZLN8	1	U-01	suzukii	D. suzukii
A0AB39ZLP0	1	U-01	suzukii	D. suzukii
A0AB39ZLP1	1	U-01	suzukii	D. suzukii
A0ABM4TQP7	1	U-01	suzukii	D. suzukii
A0ABM4TQQ4	1	U-01	suzukii	D. suzukii
A0ABM4TQQ7	1	U-01	suzukii	D. suzukii
A0ABM4TQQ8	1	U-01	suzukii	D. suzukii
A0ABM4TQQ9	1	U-01	suzukii	D. suzukii
A0ABM4TQR4	1	U-01	suzukii	D. suzukii
A0ABM4TQR6	0	unassigned	suzukii	D. suzukii
A0ABM4TQR7	1	U-01	suzukii	D. suzukii
A0ABM4TQS0	1	U-01	suzukii	D. suzukii
A0ABM4TQS1	1	U-01	suzukii	D. suzukii
A0ABM4TQS2	1	U-01	suzukii	D. suzukii
A0ABM4TQS3	1	U-01	suzukii	D. suzukii
A0ABM4TQS5	1	U-01	suzukii	D. suzukii
A0ABM4TQS7	1	U-01	suzukii	D. suzukii
A0ABM4TQT2	1	U-01	suzukii	D. suzukii
A0ABM4TQT4	1	U-01	suzukii	D. suzukii
A0ABM4TQU1	3	U-03	suzukii	D. suzukii
A0ABM4TQU2	3	U-03	suzukii	D. suzukii
A0ABM4TQU9	1	U-01	suzukii	D. suzukii
A0ABM4TQV0	3	U-03	suzukii	D. suzukii
A0ABM4TQV3	1	U-01	suzukii	D. suzukii
A0ABM4TQV4	1	U-01	suzukii	D. suzukii
A0ABM4TQW3	1	U-01	suzukii	D. suzukii
A0ABM4TQW4	1	U-01	suzukii	D. suzukii
A0ABM4TQW5	1	U-01	suzukii	D. suzukii
A0ABM4TQW6	1	U-01	suzukii	D. suzukii
A0ABM4TQW7	0	unassigned	suzukii	D. suzukii
A0ABM4TQW9	0	unassigned	suzukii	D. suzukii
A0ABM4TQX0	0	unassigned	suzukii	D. suzukii
A0ABM4TQX1	1	U-01	suzukii	D. suzukii
A0ABM4TQX2	1	U-01	suzukii	D. suzukii
A0ABM4TQX6	0	unassigned	suzukii	D. suzukii
A0ABM4TQX9	2	U-02	suzukii	D. suzukii
A0ABM4TQY1	0	unassigned	suzukii	D. suzukii
A0ABM4TQY2	0	unassigned	suzukii	D. suzukii
A0ABM4TQY6	1	U-01	suzukii	D. suzukii
A0ABM4TQZ1	2	U-02	suzukii	D. suzukii
A0ABM4TQZ2	1	U-01	suzukii	D. suzukii
A0ABM4TQZ3	1	U-01	suzukii	D. suzukii
A0ABM4TQZ4	1	U-01	suzukii	D. suzukii
A0ABM4TQZ9	0	unassigned	suzukii	D. suzukii
A0ABM4TR02	1	U-01	suzukii	D. suzukii
A0ABM4TR03	1	U-01	suzukii	D. suzukii
A0ABM4TR06	1	U-01	suzukii	D. suzukii
A0ABM4TR07	1	U-01	suzukii	D. suzukii
A0ABM4TR09	0	unassigned	suzukii	D. suzukii
A0ABM4TR10	1	U-01	suzukii	D. suzukii
A0ABM4TR11	1	U-01	suzukii	D. suzukii
A0ABM4TR12	0	unassigned	suzukii	D. suzukii
A0ABM4TR14	0	unassigned	suzukii	D. suzukii
A0ABM4TR15	1	U-01	suzukii	D. suzukii
A0ABM4TR16	0	unassigned	suzukii	D. suzukii
A0ABM4TR17	0	unassigned	suzukii	D. suzukii
A0ABM4TR18	1	U-01	suzukii	D. suzukii
A0ABM4TR19	1	U-01	suzukii	D. suzukii
A0ABM4TR24	1	U-01	suzukii	D. suzukii
A0ABM4TR28	1	U-01	suzukii	D. suzukii
A0ABM4TR34	1	U-01	suzukii	D. suzukii
A0ABM4TR38	1	U-01	suzukii	D. suzukii
A0ABM4TR39	1	U-01	suzukii	D. suzukii
A0ABM4TR40	0	unassigned	suzukii	D. suzukii
A0ABM4TR41	1	U-01	suzukii	D. suzukii
A0ABM4TR42	1	U-01	suzukii	D. suzukii
A0ABM4TR47	1	U-01	suzukii	D. suzukii
A0ABM4TR51	0	unassigned	suzukii	D. suzukii
A0ABM4TR52	1	U-01	suzukii	D. suzukii
A0ABM4TR53	1	U-01	suzukii	D. suzukii
A0ABM4TR54	1	U-01	suzukii	D. suzukii
A0ABM4TR55	1	U-01	suzukii	D. suzukii
A0ABM4TR58	1	U-01	suzukii	D. suzukii
A0ABM4TR59	1	U-01	suzukii	D. suzukii
A0ABM4TR60	1	U-01	suzukii	D. suzukii
A0ABM4TX25	0	unassigned	suzukii	D. suzukii
A0ABM4TX27	1	U-01	suzukii	D. suzukii
A0ABM4TX28	1	U-01	suzukii	D. suzukii
A0ABM4TX30	1	U-01	suzukii	D. suzukii
A0ABM4TX31	1	U-01	suzukii	D. suzukii
A0ABM4TX32	0	unassigned	suzukii	D. suzukii
A0ABM4TX33	1	U-01	suzukii	D. suzukii
A0ABM4TX34	1	U-01	suzukii	D. suzukii
A0ABM4TX35	0	unassigned	suzukii	D. suzukii
A0ABM4TX38	0	unassigned	suzukii	D. suzukii
A0ABM4TX39	1	U-01	suzukii	D. suzukii
A0ABM4TX40	0	unassigned	suzukii	D. suzukii
A0ABM4TX41	1	U-01	suzukii	D. suzukii
A0ABM4TX42	0	unassigned	suzukii	D. suzukii
A0ABM4TX43	1	U-01	suzukii	D. suzukii
A0ABM4TX44	1	U-01	suzukii	D. suzukii
A0ABM4TX45	1	U-01	suzukii	D. suzukii
A0ABM4TX47	0	unassigned	suzukii	D. suzukii
A0ABM4TX48	0	unassigned	suzukii	D. suzukii
A0ABM4TX49	1	U-01	suzukii	D. suzukii
A0ABM4TX53	1	U-01	suzukii	D. suzukii
A0ABM4TX54	0	unassigned	suzukii	D. suzukii
A0ABM4TX55	2	U-02	suzukii	D. suzukii
A0ABM4TX59	0	unassigned	suzukii	D. suzukii
A0ABM4TX61	2	U-02	suzukii	D. suzukii
A0ABM4TX63	2	U-02	suzukii	D. suzukii
A0ABM4TX64	2	U-02	suzukii	D. suzukii
A0ABM4TX65	2	U-02	suzukii	D. suzukii
A0AB39ZKD9	2	U-02	suzukii	D. suzukii
A0AB39ZKE4	1	U-01	suzukii	D. suzukii
A0AB39ZKE5	1	U-01	suzukii	D. suzukii
A0AB39ZKE7	1	U-01	suzukii	D. suzukii
A0AB39ZKE9	1	U-01	suzukii	D. suzukii
A0AB39ZKF0	2	U-02	suzukii	D. suzukii
A0AB39ZKF2	2	U-02	suzukii	D. suzukii
A0AB39ZKF3	2	U-02	suzukii	D. suzukii
A0AB39ZKF7	1	U-01	suzukii	D. suzukii
A0AB39ZKG1	2	U-02	suzukii	D. suzukii
A0AB39ZKH2	2	U-02	suzukii	D. suzukii
A0AB39ZKH4	1	U-01	suzukii	D. suzukii
A0AB39ZKH6	0	unassigned	suzukii	D. suzukii
A0AB39ZKI8	1	U-01	suzukii	D. suzukii
A0AB39ZKJ0	1	U-01	suzukii	D. suzukii
A0AB39ZKJ1	2	U-02	suzukii	D. suzukii
A0AB39ZKJ5	1	U-01	suzukii	D. suzukii
A0AB39ZKK6	1	U-01	suzukii	D. suzukii
A0AB39ZKK7	1	U-01	suzukii	D. suzukii
A0AB39ZKK8	0	unassigned	suzukii	D. suzukii
A0AB39ZKK9	2	U-02	suzukii	D. suzukii
A0AB39ZKL1	0	unassigned	suzukii	D. suzukii
A0AB39ZKL6	0	unassigned	suzukii	D. suzukii
A0AB39ZKL9	1	U-01	suzukii	D. suzukii
A0AB39ZKM0	0	unassigned	suzukii	D. suzukii
A0AB39ZKM2	2	U-02	suzukii	D. suzukii
A0AB39ZKM3	0	unassigned	suzukii	D. suzukii
A0AB39ZKM4	1	U-01	suzukii	D. suzukii
A0AB39ZKN2	2	U-02	suzukii	D. suzukii
A0AB39ZKN3	1	U-01	suzukii	D. suzukii
A0AB39ZKN5	1	U-01	suzukii	D. suzukii
A0AB39ZKN6	3	U-03	suzukii	D. suzukii
A0AB39ZKN8	1	U-01	suzukii	D. suzukii
A0AB39ZKP4	3	U-03	suzukii	D. suzukii
A0AB39ZKP6	1	U-01	suzukii	D. suzukii
A0AB39ZKP7	3	U-03	suzukii	D. suzukii
A0AB39ZKP8	1	U-01	suzukii	D. suzukii
A0AB39ZKQ4	2	U-02	suzukii	D. suzukii
A0AB39ZKQ6	1	U-01	suzukii	D. suzukii
A0AB39ZKQ9	2	U-02	suzukii	D. suzukii
A0AB39ZKR0	1	U-01	suzukii	D. suzukii
A0AB39ZKR1	1	U-01	suzukii	D. suzukii
A0AB39ZKR4	1	U-01	suzukii	D. suzukii
A0AB39ZKS2	0	unassigned	suzukii	D. suzukii
A0AB39ZKS4	1	U-01	suzukii	D. suzukii
A0AB39ZKS8	3	U-03	suzukii	D. suzukii
A0AB39ZKT0	3	U-03	suzukii	D. suzukii
A0AB39ZKT3	1	U-01	suzukii	D. suzukii
A0AB39ZKT4	1	U-01	suzukii	D. suzukii
A0AB39ZKT6	1	U-01	suzukii	D. suzukii
A0AB39ZKT7	3	U-03	suzukii	D. suzukii
A0AB39ZKU6	3	U-03	suzukii	D. suzukii
A0AB39ZKU8	1	U-01	suzukii	D. suzukii
A0AB39ZKU9	0	unassigned	suzukii	D. suzukii
A0AB39ZQ94	0	unassigned	suzukii	D. suzukii
A0AB39ZQ98	0	unassigned	suzukii	D. suzukii
A0AB39ZQA3	0	unassigned	suzukii	D. suzukii
A0AB39ZQA5	1	U-01	suzukii	D. suzukii
A0AB39ZQA6	2	U-02	suzukii	D. suzukii
A0AB39ZQA8	1	U-01	suzukii	D. suzukii
A0AB39ZQB4	0	unassigned	suzukii	D. suzukii
A0AB39ZQB7	1	U-01	suzukii	D. suzukii
A0AB39ZQC0	1	U-01	suzukii	D. suzukii
A0AB39ZQC2	1	U-01	suzukii	D. suzukii
A0AB39ZQC3	1	U-01	suzukii	D. suzukii
A0AB39ZQC4	1	U-01	suzukii	D. suzukii
A0AB39ZQC5	1	U-01	suzukii	D. suzukii
A0AB39ZQD5	1	U-01	suzukii	D. suzukii
A0AB39ZQD7	3	U-03	suzukii	D. suzukii
A0AB39ZQE1	1	U-01	suzukii	D. suzukii
A0AB39ZQE2	1	U-01	suzukii	D. suzukii
A0AB39ZQE3	1	U-01	suzukii	D. suzukii
A0AB39ZQE5	1	U-01	suzukii	D. suzukii
A0AB39ZQE6	3	U-03	suzukii	D. suzukii
A0AB39ZQE8	0	unassigned	suzukii	D. suzukii
A0AB39ZQE9	2	U-02	suzukii	D. suzukii
A0AB39ZQF1	2	U-02	suzukii	D. suzukii
A0AB39ZQF4	1	U-01	suzukii	D. suzukii
A0AB39ZQF9	0	unassigned	suzukii	D. suzukii
A0AB39ZQG0	3	U-03	suzukii	D. suzukii
A0AB39ZQG6	1	U-01	suzukii	D. suzukii
A0AB39ZQG7	1	U-01	suzukii	D. suzukii
A0AB39ZQH1	1	U-01	suzukii	D. suzukii
A0AB39ZQH7	1	U-01	suzukii	D. suzukii
A0AB39ZQH9	2	U-02	suzukii	D. suzukii
A0AB39ZQI0	1	U-01	suzukii	D. suzukii
A0AB39ZQI1	3	U-03	suzukii	D. suzukii
A0AB39ZQI2	0	unassigned	suzukii	D. suzukii
A0AB39ZQI4	0	unassigned	suzukii	D. suzukii
A0AB39ZQI6	3	U-03	suzukii	D. suzukii
A0AB39ZQI8	0	unassigned	suzukii	D. suzukii
A0AB39ZQJ0	1	U-01	suzukii	D. suzukii
A0AB39ZQJ1	1	U-01	suzukii	D. suzukii
A0AB39ZQJ4	1	U-01	suzukii	D. suzukii
A0AB39ZQJ9	1	U-01	suzukii	D. suzukii
A0AB39ZQK3	3	U-03	suzukii	D. suzukii
A0AB39ZQK4	1	U-01	suzukii	D. suzukii
A0AB39ZQK5	1	U-01	suzukii	D. suzukii
A0AB39ZQK9	1	U-01	suzukii	D. suzukii
A0AB39ZQL8	1	U-01	suzukii	D. suzukii
A0ABM4TMJ4	0	unassigned	suzukii	D. suzukii
A0ABM4TMJ6	0	unassigned	suzukii	D. suzukii
A0ABM4TMJ7	0	unassigned	suzukii	D. suzukii
A0ABM4TMJ8	2	U-02	suzukii	D. suzukii
A0ABM4TMK2	0	unassigned	suzukii	D. suzukii
A0ABM4TMK6	2	U-02	suzukii	D. suzukii
A0ABM4TMK9	2	U-02	suzukii	D. suzukii
A0ABM4TML0	0	unassigned	suzukii	D. suzukii
A0ABM4TML1	1	U-01	suzukii	D. suzukii
A0ABM4TML4	0	unassigned	suzukii	D. suzukii
A0ABM4TML7	2	U-02	suzukii	D. suzukii
A0ABM4TMM4	2	U-02	suzukii	D. suzukii
A0ABM4TMM5	0	unassigned	suzukii	D. suzukii
A0ABM4TMM7	2	U-02	suzukii	D. suzukii
A0ABM4TMN2	1	U-01	suzukii	D. suzukii
A0ABM4TMN3	1	U-01	suzukii	D. suzukii
A0ABM4TMN4	2	U-02	suzukii	D. suzukii
A0ABM4TMN6	1	U-01	suzukii	D. suzukii
A0ABM4TMN7	1	U-01	suzukii	D. suzukii
A0ABM4TMN8	1	U-01	suzukii	D. suzukii
A0ABM4TMP1	1	U-01	suzukii	D. suzukii
A0ABM4TMP6	0	unassigned	suzukii	D. suzukii
A0ABM4TMP9	1	U-01	suzukii	D. suzukii
A0ABM4TMQ0	1	U-01	suzukii	D. suzukii
A0ABM4TMQ1	1	U-01	suzukii	D. suzukii
A0ABM4TMQ3	1	U-01	suzukii	D. suzukii
A0ABM4TMQ5	0	unassigned	suzukii	D. suzukii
A0ABM4TMQ6	0	unassigned	suzukii	D. suzukii
A0ABM4TMQ7	1	U-01	suzukii	D. suzukii
A0ABM4TMR1	1	U-01	suzukii	D. suzukii
A0ABM4TMS3	0	unassigned	suzukii	D. suzukii
A0ABM4TXW7	1	U-01	suzukii	D. suzukii
A0ABM4TXY5	1	U-01	suzukii	D. suzukii
A0ABM4TXZ5	1	U-01	suzukii	D. suzukii
A0ABM4TY01	0	unassigned	suzukii	D. suzukii
A0ABM4TY06	1	U-01	suzukii	D. suzukii
A0ABM4TY09	1	U-01	suzukii	D. suzukii
A0ABM4TY10	1	U-01	suzukii	D. suzukii
A0ABM4TY14	0	unassigned	suzukii	D. suzukii
A0ABM4TY15	0	unassigned	suzukii	D. suzukii
A0ABM4TY24	0	unassigned	suzukii	D. suzukii
A0ABM4TY35	1	U-01	suzukii	D. suzukii
A0ABM4TY38	1	U-01	suzukii	D. suzukii
A0ABM4TY42	1	U-01	suzukii	D. suzukii
A0ABM4TY69	1	U-01	suzukii	D. suzukii
A0ABM4TY72	1	U-01	suzukii	D. suzukii
A0ABM4TY80	1	U-01	suzukii	D. suzukii
A0ABM4TY97	1	U-01	suzukii	D. suzukii
A0ABM4TYA2	1	U-01	suzukii	D. suzukii
A0ABM4TYC9	0	unassigned	suzukii	D. suzukii
A0ABM4TYE4	0	unassigned	suzukii	D. suzukii
A0ABM4TYE8	1	U-01	suzukii	D. suzukii
A0ABM4TYE9	0	unassigned	suzukii	D. suzukii
A0ABM4TYG0	1	U-01	suzukii	D. suzukii
A0ABM4TYG5	0	unassigned	suzukii	D. suzukii
A0ABM4TYG9	1	U-01	suzukii	D. suzukii
A0ABM4TYI2	0	unassigned	suzukii	D. suzukii
A0ABM4TYK3	0	unassigned	suzukii	D. suzukii
A0ABM4TYL1	1	U-01	suzukii	D. suzukii
A0ABM4TYL4	0	unassigned	suzukii	D. suzukii
A0ABM4TYL8	0	unassigned	suzukii	D. suzukii
A0ABM4TYM4	0	unassigned	suzukii	D. suzukii
A0ABM4TYM5	0	unassigned	suzukii	D. suzukii
A0ABM4TYM9	1	U-01	suzukii	D. suzukii
A0ABM4TYN0	1	U-01	suzukii	D. suzukii
A0ABM4TYN3	1	U-01	suzukii	D. suzukii
A0ABM4TYN5	1	U-01	suzukii	D. suzukii
A0ABM4TYN6	1	U-01	suzukii	D. suzukii
A0ABM4TYN8	0	unassigned	suzukii	D. suzukii
A0ABM4TYN9	1	U-01	suzukii	D. suzukii
A0ABM4TYP6	0	unassigned	suzukii	D. suzukii
A0ABM4TYP7	0	unassigned	suzukii	D. suzukii
A0ABM4TYQ6	0	unassigned	suzukii	D. suzukii
A0ABM4TYS8	2	U-02	suzukii	D. suzukii
A0ABM4TYT9	0	unassigned	suzukii	D. suzukii
A0ABM4TYW8	0	unassigned	suzukii	D. suzukii
A0ABM4TYX6	1	U-01	suzukii	D. suzukii
A0ABM4TYY2	0	unassigned	suzukii	D. suzukii
A0ABM4TYY4	0	unassigned	suzukii	D. suzukii
A0ABM4TYZ2	0	unassigned	suzukii	D. suzukii
A0ABM4TYZ3	0	unassigned	suzukii	D. suzukii
A0ABM4TZ06	1	U-01	suzukii	D. suzukii
A0ABM4TZ37	1	U-01	suzukii	D. suzukii
A0ABM4TZ53	0	unassigned	suzukii	D. suzukii
A0ABM4TZ55	0	unassigned	suzukii	D. suzukii
A0ABM4TZ57	0	unassigned	suzukii	D. suzukii
A0ABM4TZ63	1	U-01	suzukii	D. suzukii
A0ABM4TZ70	0	unassigned	suzukii	D. suzukii
A0ABM4TZ72	1	U-01	suzukii	D. suzukii
A0ABM4TZ74	0	unassigned	suzukii	D. suzukii
A0ABM4TZ75	0	unassigned	suzukii	D. suzukii
A0ABM4TZ78	1	U-01	suzukii	D. suzukii
A0ABM4TZ80	1	U-01	suzukii	D. suzukii
A0ABM4TZ82	1	U-01	suzukii	D. suzukii
A0ABM4TZ86	0	unassigned	suzukii	D. suzukii
A0ABM4TZ93	0	unassigned	suzukii	D. suzukii
A0ABM4TZA0	1	U-01	suzukii	D. suzukii
A0ABM4TZA3	3	U-03	suzukii	D. suzukii
A0ABM4TZA6	1	U-01	suzukii	D. suzukii
A0ABM4TZB0	1	U-01	suzukii	D. suzukii
A0AB39ZBU9	1	U-01	suzukii	D. suzukii
A0AB39ZBV0	1	U-01	suzukii	D. suzukii
A0AB39ZBV5	1	U-01	suzukii	D. suzukii
A0AB39ZBV6	1	U-01	suzukii	D. suzukii
A0AB39ZBV7	1	U-01	suzukii	D. suzukii
A0AB39ZBW1	1	U-01	suzukii	D. suzukii
A0AB39ZBW2	3	U-03	suzukii	D. suzukii
A0AB39ZBW3	1	U-01	suzukii	D. suzukii
A0AB39ZBW4	1	U-01	suzukii	D. suzukii
A0AB39ZBW5	3	U-03	suzukii	D. suzukii
A0AB39ZBW7	1	U-01	suzukii	D. suzukii
A0AB39ZBW8	1	U-01	suzukii	D. suzukii
A0AB39ZBX0	2	U-02	suzukii	D. suzukii
A0AB39ZBX1	0	unassigned	suzukii	D. suzukii
A0AB39ZBX2	1	U-01	suzukii	D. suzukii
A0AB39ZBX7	1	U-01	suzukii	D. suzukii
A0AB39ZBX8	1	U-01	suzukii	D. suzukii
A0AB39ZFA5	1	U-01	suzukii	D. suzukii
A0AB39ZFB0	1	U-01	suzukii	D. suzukii
A0AB39ZFB1	1	U-01	suzukii	D. suzukii
A0AB39ZFB2	1	U-01	suzukii	D. suzukii
A0AB39ZFB3	1	U-01	suzukii	D. suzukii
A0AB39ZFB4	1	U-01	suzukii	D. suzukii
A0AB39ZFB7	1	U-01	suzukii	D. suzukii
A0AB39ZFB9	1	U-01	suzukii	D. suzukii
A0AB39ZFC0	1	U-01	suzukii	D. suzukii
A0AB39ZFC5	3	U-03	suzukii	D. suzukii
A0AB39ZFC6	1	U-01	suzukii	D. suzukii
A0AB39ZFC7	1	U-01	suzukii	D. suzukii
A0AB39ZFC8	1	U-01	suzukii	D. suzukii
A0AB39ZFD1	1	U-01	suzukii	D. suzukii
A0AB39ZFD2	1	U-01	suzukii	D. suzukii
A0AB39ZFD4	1	U-01	suzukii	D. suzukii
A0AB39ZFD5	1	U-01	suzukii	D. suzukii
A0AB39ZFD7	1	U-01	suzukii	D. suzukii
A0AB39ZFD9	0	unassigned	suzukii	D. suzukii
A0AB39ZFE2	1	U-01	suzukii	D. suzukii
A0AB39ZFE3	0	unassigned	suzukii	D. suzukii
A0AB39ZFE5	1	U-01	suzukii	D. suzukii
A0AB39ZFE6	0	unassigned	suzukii	D. suzukii
A0AB39ZFE7	1	U-01	suzukii	D. suzukii
A0AB39ZFE9	1	U-01	suzukii	D. suzukii
A0AB39ZFF3	1	U-01	suzukii	D. suzukii
A0AB39ZFF8	0	unassigned	suzukii	D. suzukii
A0AB39ZFF9	0	unassigned	suzukii	D. suzukii
A0AB39ZFG3	1	U-01	suzukii	D. suzukii
A0AB39ZFG4	1	U-01	suzukii	D. suzukii
A0AB39ZFG6	0	unassigned	suzukii	D. suzukii
A0AB39ZFG8	0	unassigned	suzukii	D. suzukii
A0AB39ZFH6	0	unassigned	suzukii	D. suzukii
A0AB39ZFH8	2	U-02	suzukii	D. suzukii
A0AB39ZFH9	1	U-01	suzukii	D. suzukii
A0AB39ZFI0	0	unassigned	suzukii	D. suzukii
A0AB39ZFI5	1	U-01	suzukii	D. suzukii
A0AB39ZFI7	1	U-01	suzukii	D. suzukii
A0AB39ZFJ1	1	U-01	suzukii	D. suzukii
A0AB39ZFJ2	1	U-01	suzukii	D. suzukii
A0AB39ZFJ7	1	U-01	suzukii	D. suzukii
A0AB39ZFK1	1	U-01	suzukii	D. suzukii
A0AB39ZFK2	1	U-01	suzukii	D. suzukii
A0AB39ZFK4	1	U-01	suzukii	D. suzukii
A0AB39ZFK5	3	U-03	suzukii	D. suzukii
A0AB39ZFL1	1	U-01	suzukii	D. suzukii
A0AB39ZFL3	1	U-01	suzukii	D. suzukii
A0AB39ZFL4	1	U-01	suzukii	D. suzukii
A0AB39ZFL6	3	U-03	suzukii	D. suzukii
A0AB39ZFL7	1	U-01	suzukii	D. suzukii
A0AB39ZFM2	1	U-01	suzukii	D. suzukii
A0AB39ZFM5	1	U-01	suzukii	D. suzukii
A0AB39ZFM6	1	U-01	suzukii	D. suzukii
A0AB39ZFM8	1	U-01	suzukii	D. suzukii
A0AB39ZFN0	1	U-01	suzukii	D. suzukii
A0AB39ZFN4	1	U-01	suzukii	D. suzukii
A0AB39ZFN7	1	U-01	suzukii	D. suzukii
A0AB39ZFN8	1	U-01	suzukii	D. suzukii
A0AB39ZFN9	1	U-01	suzukii	D. suzukii
A0AB39ZFP2	1	U-01	suzukii	D. suzukii
A0AB39ZFP3	3	U-03	suzukii	D. suzukii
A0AB39ZFP6	0	unassigned	suzukii	D. suzukii
A0AB39ZFQ1	1	U-01	suzukii	D. suzukii
A0AB39ZFQ3	1	U-01	suzukii	D. suzukii
A0AB39ZFQ7	0	unassigned	suzukii	D. suzukii
A0AB39ZFR1	1	U-01	suzukii	D. suzukii
A0AB39ZFR2	1	U-01	suzukii	D. suzukii
A0AB39ZFR5	1	U-01	suzukii	D. suzukii
A0AB39ZFR6	1	U-01	suzukii	D. suzukii
A0AB39ZFR7	1	U-01	suzukii	D. suzukii
A0AB39ZFR8	0	unassigned	suzukii	D. suzukii
A0AB39ZFS0	0	unassigned	suzukii	D. suzukii
A0AB39ZFS1	1	U-01	suzukii	D. suzukii
A0AB39ZFS2	1	U-01	suzukii	D. suzukii
A0AB39ZFS3	3	U-03	suzukii	D. suzukii
A0AB39ZFT2	1	U-01	suzukii	D. suzukii
A0AB39ZFT4	1	U-01	suzukii	D. suzukii
A0AB39ZFT6	1	U-01	suzukii	D. suzukii
A0AB39ZFT7	1	U-01	suzukii	D. suzukii
A0AB39ZFU0	1	U-01	suzukii	D. suzukii
A0AB39ZFU2	1	U-01	suzukii	D. suzukii
A0AB39ZFU3	2	U-02	suzukii	D. suzukii
A0AB39ZFU5	1	U-01	suzukii	D. suzukii
A0AB40D656	1	U-01	suzukii	D. suzukii
A0AB40D674	0	unassigned	suzukii	D. suzukii
A0AB40D680	0	unassigned	suzukii	D. suzukii
A0AB40D688	1	U-01	suzukii	D. suzukii
A0AB40D698	0	unassigned	suzukii	D. suzukii
A0AB40D699	1	U-01	suzukii	D. suzukii
A0AB40D6A8	1	U-01	suzukii	D. suzukii
A0AB40D6C9	1	U-01	suzukii	D. suzukii
A0AB40D6D5	1	U-01	suzukii	D. suzukii
A0AB40D6D7	1	U-01	suzukii	D. suzukii
A0AB40D6E9	1	U-01	suzukii	D. suzukii
A0AB40D6F8	0	unassigned	suzukii	D. suzukii
A0AB40D6G7	1	U-01	suzukii	D. suzukii
A0AB40D6G8	1	U-01	suzukii	D. suzukii
A0AB40D6G9	0	unassigned	suzukii	D. suzukii
A0AB40D6H6	1	U-01	suzukii	D. suzukii
A0AB40D6I1	1	U-01	suzukii	D. suzukii
A0AB40D6J1	1	U-01	suzukii	D. suzukii
A0AB40D6J8	1	U-01	suzukii	D. suzukii
A0AB40D6K1	1	U-01	suzukii	D. suzukii
A0AB40D6K3	1	U-01	suzukii	D. suzukii
A0AB40D6L4	1	U-01	suzukii	D. suzukii
A0AB40D6M4	0	unassigned	suzukii	D. suzukii
A0AB40D6M9	1	U-01	suzukii	D. suzukii
A0AB40D6N4	1	U-01	suzukii	D. suzukii
A0AB40D6P1	1	U-01	suzukii	D. suzukii
A0AB40D6P2	1	U-01	suzukii	D. suzukii
A0AB40D6P3	0	unassigned	suzukii	D. suzukii
A0AB40D6P5	1	U-01	suzukii	D. suzukii
A0AB40D6Q4	1	U-01	suzukii	D. suzukii
A0AB40D6S7	1	U-01	suzukii	D. suzukii
A0AB40D6T2	1	U-01	suzukii	D. suzukii
A0AB40D6T6	1	U-01	suzukii	D. suzukii
A0AB40D6T7	1	U-01	suzukii	D. suzukii
A0AB40D6U0	1	U-01	suzukii	D. suzukii
A0AB40D6V3	1	U-01	suzukii	D. suzukii
A0AB40D6W6	2	U-02	suzukii	D. suzukii
A0AB40D6X0	3	U-03	suzukii	D. suzukii
A0AB40D6X4	0	unassigned	suzukii	D. suzukii
A0AB40D6Y0	1	U-01	suzukii	D. suzukii
A0AB40D6Y1	1	U-01	suzukii	D. suzukii
A0AB40D705	0	unassigned	suzukii	D. suzukii
A0AB40D715	1	U-01	suzukii	D. suzukii
A0AB40D717	1	U-01	suzukii	D. suzukii
A0AB40D719	1	U-01	suzukii	D. suzukii
A0AB40D720	0	unassigned	suzukii	D. suzukii
A0AB40D726	1	U-01	suzukii	D. suzukii
A0AB40D727	1	U-01	suzukii	D. suzukii
A0AB40D732	1	U-01	suzukii	D. suzukii
A0AB40D736	1	U-01	suzukii	D. suzukii
A0AB40D737	1	U-01	suzukii	D. suzukii
A0AB40D749	1	U-01	suzukii	D. suzukii
A0AB40D759	0	unassigned	suzukii	D. suzukii
A0AB40D760	0	unassigned	suzukii	D. suzukii
A0AB40D789	1	U-01	suzukii	D. suzukii
A0AB40D793	1	U-01	suzukii	D. suzukii
A0AB40D7A3	1	U-01	suzukii	D. suzukii
A0AB40D7A5	1	U-01	suzukii	D. suzukii
A0AB40D7B6	1	U-01	suzukii	D. suzukii
A0AB40D7C5	1	U-01	suzukii	D. suzukii
A0AB40D7C8	1	U-01	suzukii	D. suzukii
A0AB40D7C9	1	U-01	suzukii	D. suzukii
A0AB40D7D4	1	U-01	suzukii	D. suzukii
A0AB40D7E4	1	U-01	suzukii	D. suzukii
A0AB40D7E5	1	U-01	suzukii	D. suzukii
A0AB40D7E6	0	unassigned	suzukii	D. suzukii
A0AB40D7F7	1	U-01	suzukii	D. suzukii
A0AB40D7G4	1	U-01	suzukii	D. suzukii
A0AB40D7G8	0	unassigned	suzukii	D. suzukii
A0AB40D7G9	0	unassigned	suzukii	D. suzukii
A0AB40D7I3	1	U-01	suzukii	D. suzukii
A0AB40D7J1	2	U-02	suzukii	D. suzukii
A0AB40D7J2	0	unassigned	suzukii	D. suzukii
A0AB40D7J7	0	unassigned	suzukii	D. suzukii
A0AB40D7J9	1	U-01	suzukii	D. suzukii
A0AB40D7K2	1	U-01	suzukii	D. suzukii
A0AB40D7K3	1	U-01	suzukii	D. suzukii
A0AB40D7M1	1	U-01	suzukii	D. suzukii
A0AB40D7N0	1	U-01	suzukii	D. suzukii
A0AB40D7N3	1	U-01	suzukii	D. suzukii
A0AB40D7P2	1	U-01	suzukii	D. suzukii
A0AB40D7P8	0	unassigned	suzukii	D. suzukii
A0AB40D7Q1	1	U-01	suzukii	D. suzukii
A0AB40D7Q2	1	U-01	suzukii	D. suzukii
A0AB40D7Q3	0	unassigned	suzukii	D. suzukii
A0AB40D7Q4	1	U-01	suzukii	D. suzukii
A0AB40D7Q5	1	U-01	suzukii	D. suzukii
A0AB40D7R5	1	U-01	suzukii	D. suzukii
A0AB40D7S0	1	U-01	suzukii	D. suzukii
A0AB40D7T2	1	U-01	suzukii	D. suzukii
A0AB40D7T5	1	U-01	suzukii	D. suzukii
A0AB40D7T9	1	U-01	suzukii	D. suzukii
A0AB40D7U5	2	U-02	suzukii	D. suzukii
A0AB40D7V2	1	U-01	suzukii	D. suzukii
A0AB40DF88	1	U-01	suzukii	D. suzukii
A0AB40DF96	0	unassigned	suzukii	D. suzukii
A0AB40DFA0	0	unassigned	suzukii	D. suzukii
A0AB40DFA1	1	U-01	suzukii	D. suzukii
A0AB40DFA2	1	U-01	suzukii	D. suzukii
A0AB40DFA7	1	U-01	suzukii	D. suzukii
A0AB39ZAK8	1	U-01	suzukii	D. suzukii
A0AB39ZAL1	1	U-01	suzukii	D. suzukii
A0AB39ZAL3	0	unassigned	suzukii	D. suzukii
A0AB39ZAL5	0	unassigned	suzukii	D. suzukii
A0AB39ZAL8	1	U-01	suzukii	D. suzukii
A0AB39ZAL9	0	unassigned	suzukii	D. suzukii
A0AB39ZAM0	1	U-01	suzukii	D. suzukii
A0AB39ZAM1	3	U-03	suzukii	D. suzukii
A0AB39ZAM2	1	U-01	suzukii	D. suzukii
A0AB39ZAM6	1	U-01	suzukii	D. suzukii
A0AB39ZAM9	1	U-01	suzukii	D. suzukii
A0AB39ZAN2	1	U-01	suzukii	D. suzukii
A0AB39ZAN3	0	unassigned	suzukii	D. suzukii
A0AB39ZAN6	1	U-01	suzukii	D. suzukii
A0AB39ZAP2	0	unassigned	suzukii	D. suzukii
A0AB39ZAP7	0	unassigned	suzukii	D. suzukii
A0AB39ZAQ8	1	U-01	suzukii	D. suzukii
A0AB39ZAR2	1	U-01	suzukii	D. suzukii
A0AB39ZAR5	0	unassigned	suzukii	D. suzukii
A0AB39ZAR6	0	unassigned	suzukii	D. suzukii
A0AB39ZAR8	1	U-01	suzukii	D. suzukii
A0AB39ZAR9	0	unassigned	suzukii	D. suzukii
A0AB39ZAS2	1	U-01	suzukii	D. suzukii
A0AB39ZAT1	0	unassigned	suzukii	D. suzukii
A0AB39ZAT6	1	U-01	suzukii	D. suzukii
A0AB39ZAT7	2	U-02	suzukii	D. suzukii
A0AB39ZAU1	0	unassigned	suzukii	D. suzukii
A0AB39ZAU2	1	U-01	suzukii	D. suzukii
A0AB39ZAU7	2	U-02	suzukii	D. suzukii
A0AB39ZAV1	1	U-01	suzukii	D. suzukii
A0AB39ZAV5	1	U-01	suzukii	D. suzukii
A0AB39ZAV6	1	U-01	suzukii	D. suzukii
A0AB39ZAV9	1	U-01	suzukii	D. suzukii
A0AB39ZAW2	2	U-02	suzukii	D. suzukii
A0AB39ZAW5	0	unassigned	suzukii	D. suzukii
A0AB39ZAW7	1	U-01	suzukii	D. suzukii
A0AB39ZAX5	0	unassigned	suzukii	D. suzukii
A0AB39ZAY2	1	U-01	suzukii	D. suzukii
A0AB39ZAY3	3	U-03	suzukii	D. suzukii
A0AB39ZAY6	1	U-01	suzukii	D. suzukii
A0AB39ZAY8	1	U-01	suzukii	D. suzukii
A0AB39ZAZ0	1	U-01	suzukii	D. suzukii
A0AB39ZAZ1	1	U-01	suzukii	D. suzukii
A0AB39ZAZ2	1	U-01	suzukii	D. suzukii
A0AB39ZAZ6	1	U-01	suzukii	D. suzukii
A0AB39ZB02	1	U-01	suzukii	D. suzukii
A0AB39ZB04	1	U-01	suzukii	D. suzukii
A0AB39ZB08	1	U-01	suzukii	D. suzukii
A0AB39ZB10	0	unassigned	suzukii	D. suzukii
A0AB39ZB12	2	U-02	suzukii	D. suzukii
A0AB39ZB13	1	U-01	suzukii	D. suzukii
A0AB39ZB16	1	U-01	suzukii	D. suzukii
A0AB39ZB18	1	U-01	suzukii	D. suzukii
A0AB39ZB21	1	U-01	suzukii	D. suzukii
A0AB39ZB27	1	U-01	suzukii	D. suzukii
A0AB39ZB28	1	U-01	suzukii	D. suzukii
A0AB39ZB32	1	U-01	suzukii	D. suzukii
A0AB39ZB33	1	U-01	suzukii	D. suzukii
A0AB39ZB44	1	U-01	suzukii	D. suzukii
A0AB39ZB48	1	U-01	suzukii	D. suzukii
A0AB39ZB58	1	U-01	suzukii	D. suzukii
A0AB39ZB65	1	U-01	suzukii	D. suzukii
A0AB39ZB69	1	U-01	suzukii	D. suzukii
A0AB39ZB71	0	unassigned	suzukii	D. suzukii
A0AB39ZB72	1	U-01	suzukii	D. suzukii
A0AB39ZB74	1	U-01	suzukii	D. suzukii
A0AB39ZB78	2	U-02	suzukii	D. suzukii
A0AB39ZB80	1	U-01	suzukii	D. suzukii
A0AB39ZI32	1	U-01	suzukii	D. suzukii
A0AB39ZI33	3	U-03	suzukii	D. suzukii
A0AB39ZI34	1	U-01	suzukii	D. suzukii
A0AB39ZI43	1	U-01	suzukii	D. suzukii
A0AB39ZI46	1	U-01	suzukii	D. suzukii
A0AB39ZI48	1	U-01	suzukii	D. suzukii
A0AB39ZI53	1	U-01	suzukii	D. suzukii
A0AB39ZI56	2	U-02	suzukii	D. suzukii
A0AB39ZI57	1	U-01	suzukii	D. suzukii
A0AB39ZI62	1	U-01	suzukii	D. suzukii
A0AB39ZI68	1	U-01	suzukii	D. suzukii
A0AB39ZI81	2	U-02	suzukii	D. suzukii
A0AB39ZI83	2	U-02	suzukii	D. suzukii
A0AB39ZI86	1	U-01	suzukii	D. suzukii
A0AB39ZI88	2	U-02	suzukii	D. suzukii
A0AB39ZIA3	1	U-01	suzukii	D. suzukii
A0AB39ZIA8	1	U-01	suzukii	D. suzukii
A0AB39ZIB0	1	U-01	suzukii	D. suzukii
A0AB39ZIB2	1	U-01	suzukii	D. suzukii
A0AB39ZIB3	0	unassigned	suzukii	D. suzukii
A0AB39ZIB5	1	U-01	suzukii	D. suzukii
A0AB39ZIB6	2	U-02	suzukii	D. suzukii
A0AB39ZIB7	1	U-01	suzukii	D. suzukii
A0AB39ZIB9	1	U-01	suzukii	D. suzukii
A0AB39ZIC0	1	U-01	suzukii	D. suzukii
A0AB39ZIC1	1	U-01	suzukii	D. suzukii
A0AB39ZIC4	2	U-02	suzukii	D. suzukii
A0AB39ZIC5	1	U-01	suzukii	D. suzukii
A0AB39ZIC9	1	U-01	suzukii	D. suzukii
A0AB39ZID0	1	U-01	suzukii	D. suzukii
A0AB39ZID2	3	U-03	suzukii	D. suzukii
A0AB39ZID6	1	U-01	suzukii	D. suzukii
A0AB39YXI6	1	U-01	suzukii	D. suzukii
A0AB39YXJ0	1	U-01	suzukii	D. suzukii
A0AB39YXJ2	1	U-01	suzukii	D. suzukii
A0AB39YXJ4	2	U-02	suzukii	D. suzukii
A0AB39YXJ5	1	U-01	suzukii	D. suzukii
A0AB39YXJ6	1	U-01	suzukii	D. suzukii
A0AB39YXJ7	1	U-01	suzukii	D. suzukii
A0AB39YXK2	1	U-01	suzukii	D. suzukii
A0AB39YXK6	2	U-02	suzukii	D. suzukii
A0AB39YXK7	1	U-01	suzukii	D. suzukii
A0AB39YXL0	1	U-01	suzukii	D. suzukii
A0AB39YXL1	3	U-03	suzukii	D. suzukii
A0AB39YXL3	1	U-01	suzukii	D. suzukii
A0AB39YXL6	1	U-01	suzukii	D. suzukii
A0AB39YXL7	1	U-01	suzukii	D. suzukii
A0AB39YXM0	2	U-02	suzukii	D. suzukii
A0AB39YXM3	1	U-01	suzukii	D. suzukii
A0AB39YXM4	2	U-02	suzukii	D. suzukii
A0AB39YXM5	2	U-02	suzukii	D. suzukii
A0AB39YXM9	1	U-01	suzukii	D. suzukii
A0AB39YXN0	0	unassigned	suzukii	D. suzukii
A0AB39YXN1	1	U-01	suzukii	D. suzukii
A0AB39YXN4	1	U-01	suzukii	D. suzukii
A0AB39YXN6	1	U-01	suzukii	D. suzukii
A0AB39YXP2	2	U-02	suzukii	D. suzukii
A0AB39YXP4	1	U-01	suzukii	D. suzukii
A0AB39YXP5	2	U-02	suzukii	D. suzukii
A0AB39YXP6	1	U-01	suzukii	D. suzukii
A0AB39YXP8	1	U-01	suzukii	D. suzukii
A0AB39YXQ1	1	U-01	suzukii	D. suzukii
A0AB39YXQ6	1	U-01	suzukii	D. suzukii
A0AB39YXQ9	1	U-01	suzukii	D. suzukii
A0AB39YXR2	1	U-01	suzukii	D. suzukii
A0AB39YXR3	2	U-02	suzukii	D. suzukii
A0AB39YXR4	1	U-01	suzukii	D. suzukii
A0AB39YXR5	2	U-02	suzukii	D. suzukii
A0AB39YXR7	1	U-01	suzukii	D. suzukii
A0AB39YXS0	0	unassigned	suzukii	D. suzukii
A0AB39YXS2	2	U-02	suzukii	D. suzukii
A0AB39YXS3	1	U-01	suzukii	D. suzukii
A0AB39YXS4	1	U-01	suzukii	D. suzukii
A0AB39YXS6	1	U-01	suzukii	D. suzukii
A0AB39YXT0	0	unassigned	suzukii	D. suzukii
A0AB39YXT2	2	U-02	suzukii	D. suzukii
A0AB39YXT4	2	U-02	suzukii	D. suzukii
A0AB39YXT9	0	unassigned	suzukii	D. suzukii
A0AB39YXU1	1	U-01	suzukii	D. suzukii
A0AB39YXU2	1	U-01	suzukii	D. suzukii
A0AB39YXU4	1	U-01	suzukii	D. suzukii
A0AB39YXU5	2	U-02	suzukii	D. suzukii
A0AB39Z4A1	2	U-02	suzukii	D. suzukii
A0AB39Z4A5	1	U-01	suzukii	D. suzukii
A0AB39Z4A6	1	U-01	suzukii	D. suzukii
A0AB39Z4A7	1	U-01	suzukii	D. suzukii
A0AB39Z4A8	2	U-02	suzukii	D. suzukii
A0AB39Z4A9	2	U-02	suzukii	D. suzukii
A0AB39Z4B0	0	unassigned	suzukii	D. suzukii
A0AB39Z4B1	1	U-01	suzukii	D. suzukii
A0AB39Z4B2	1	U-01	suzukii	D. suzukii
A0AB39Z4B3	1	U-01	suzukii	D. suzukii
A0AB39Z4B7	1	U-01	suzukii	D. suzukii
A0AB39Z4B8	1	U-01	suzukii	D. suzukii
A0AB39Z4C1	1	U-01	suzukii	D. suzukii
A0AB39Z4C4	2	U-02	suzukii	D. suzukii
A0AB39Z4C5	1	U-01	suzukii	D. suzukii
A0AB39Z4C6	1	U-01	suzukii	D. suzukii
A0AB39Z4C9	1	U-01	suzukii	D. suzukii
A0AB39Z4D0	0	unassigned	suzukii	D. suzukii
A0AB39Z4D1	3	U-03	suzukii	D. suzukii
A0AB39Z4D2	1	U-01	suzukii	D. suzukii
A0AB39Z4D6	1	U-01	suzukii	D. suzukii
A0AB39Z4D7	0	unassigned	suzukii	D. suzukii
A0AB39Z4E0	1	U-01	suzukii	D. suzukii
A0AB39Z4E1	0	unassigned	suzukii	D. suzukii
A0AB39Z4E5	1	U-01	suzukii	D. suzukii
A0AB39Z4E6	1	U-01	suzukii	D. suzukii
A0AB39Z4E8	1	U-01	suzukii	D. suzukii
A0AB39Z4E9	1	U-01	suzukii	D. suzukii
A0AB39Z4F2	1	U-01	suzukii	D. suzukii
A0AB39Z4F3	1	U-01	suzukii	D. suzukii
A0AB39Z4F4	1	U-01	suzukii	D. suzukii
A0AB39Z4F5	1	U-01	suzukii	D. suzukii
A0AB39Z4F7	1	U-01	suzukii	D. suzukii
A0AB39Z4G1	1	U-01	suzukii	D. suzukii
A0AB39Z4G2	1	U-01	suzukii	D. suzukii
A0AB39Z4G3	1	U-01	suzukii	D. suzukii
A0AB39Z4G4	2	U-02	suzukii	D. suzukii
A0AB39Z4G5	1	U-01	suzukii	D. suzukii
A0AB39Z4G6	1	U-01	suzukii	D. suzukii
A0AB39Z4G8	1	U-01	suzukii	D. suzukii
A0AB39Z4H0	1	U-01	suzukii	D. suzukii
A0AB39Z4H1	1	U-01	suzukii	D. suzukii
A0AB39Z4H2	1	U-01	suzukii	D. suzukii
A0AB39Z4H5	1	U-01	suzukii	D. suzukii
A0AB39Z4H6	2	U-02	suzukii	D. suzukii
A0AB39Z4H8	1	U-01	suzukii	D. suzukii
A0AB39Z4H9	1	U-01	suzukii	D. suzukii
A0AB39Z4I0	1	U-01	suzukii	D. suzukii
A0AB39Z4I1	1	U-01	suzukii	D. suzukii
A0AB39Z4I2	1	U-01	suzukii	D. suzukii
A0AB39ZHC6	2	U-02	suzukii	D. suzukii
A0AB39ZHC9	0	unassigned	suzukii	D. suzukii
A0AB39ZHD0	1	U-01	suzukii	D. suzukii
A0AB39ZHD1	1	U-01	suzukii	D. suzukii
A0AB39ZHD5	1	U-01	suzukii	D. suzukii
A0AB39ZHD7	3	U-03	suzukii	D. suzukii
A0AB39ZHD8	2	U-02	suzukii	D. suzukii
A0AB39ZHE0	1	U-01	suzukii	D. suzukii
A0AB39ZHE2	1	U-01	suzukii	D. suzukii
A0AB39ZHE4	1	U-01	suzukii	D. suzukii
A0AB39ZHE6	1	U-01	suzukii	D. suzukii
A0AB39ZHE8	1	U-01	suzukii	D. suzukii
A0AB39ZHE9	1	U-01	suzukii	D. suzukii
A0AB39ZHF2	1	U-01	suzukii	D. suzukii
A0AB39ZHF3	1	U-01	suzukii	D. suzukii
A0AB39ZHF6	1	U-01	suzukii	D. suzukii
A0AB39ZHF8	1	U-01	suzukii	D. suzukii
A0AB39ZHF9	1	U-01	suzukii	D. suzukii
A0AB39ZHG0	1	U-01	suzukii	D. suzukii
A0AB39ZHG1	0	unassigned	suzukii	D. suzukii
A0AB39ZHG2	1	U-01	suzukii	D. suzukii
A0AB39ZHG6	1	U-01	suzukii	D. suzukii
A0AB39ZHG8	1	U-01	suzukii	D. suzukii
A0AB39ZHH0	1	U-01	suzukii	D. suzukii
A0AB39ZHH4	1	U-01	suzukii	D. suzukii
A0AB39ZHH5	1	U-01	suzukii	D. suzukii
A0AB39ZHH7	1	U-01	suzukii	D. suzukii
A0AB39ZHH9	0	unassigned	suzukii	D. suzukii
A0AB39ZHI4	1	U-01	suzukii	D. suzukii
A0AB39ZHI5	3	U-03	suzukii	D. suzukii
A0AB39ZHI6	1	U-01	suzukii	D. suzukii
A0AB39ZHI7	1	U-01	suzukii	D. suzukii
A0AB39ZHJ0	2	U-02	suzukii	D. suzukii
A0AB39ZHJ1	0	unassigned	suzukii	D. suzukii
A0AB39ZHJ2	0	unassigned	suzukii	D. suzukii
A0AB39ZHJ5	1	U-01	suzukii	D. suzukii
A0AB39ZHJ7	1	U-01	suzukii	D. suzukii
A0AB39ZHK1	0	unassigned	suzukii	D. suzukii
A0AB39ZHK5	1	U-01	suzukii	D. suzukii
A0AB39ZHK7	3	U-03	suzukii	D. suzukii
A0AB39ZHK8	0	unassigned	suzukii	D. suzukii
A0AB39ZHK9	3	U-03	suzukii	D. suzukii
A0AB39ZHL0	1	U-01	suzukii	D. suzukii
A0AB39ZHL1	1	U-01	suzukii	D. suzukii
A0AB39ZHL6	1	U-01	suzukii	D. suzukii
A0AB39ZNF8	1	U-01	suzukii	D. suzukii
A0AB39ZNF9	1	U-01	suzukii	D. suzukii
A0AB39ZNG0	1	U-01	suzukii	D. suzukii
A0AB39ZNH0	1	U-01	suzukii	D. suzukii
A0AB39ZNH1	1	U-01	suzukii	D. suzukii
A0AB39ZNH2	1	U-01	suzukii	D. suzukii
A0AB39ZNH3	1	U-01	suzukii	D. suzukii
A0AB39ZNH4	3	U-03	suzukii	D. suzukii
A0AB39ZNH5	1	U-01	suzukii	D. suzukii
A0AB39ZNH6	1	U-01	suzukii	D. suzukii
A0AB39ZNH7	1	U-01	suzukii	D. suzukii
A0AB39ZNH8	1	U-01	suzukii	D. suzukii
A0AB39ZNH9	0	unassigned	suzukii	D. suzukii
A0AB39ZNI0	1	U-01	suzukii	D. suzukii
A0AB39ZNI1	1	U-01	suzukii	D. suzukii
A0AB39ZNI2	1	U-01	suzukii	D. suzukii
A0AB39ZNI3	2	U-02	suzukii	D. suzukii
A0AB39ZNI4	2	U-02	suzukii	D. suzukii
A0AB39ZNI5	1	U-01	suzukii	D. suzukii
A0AB39ZNI9	1	U-01	suzukii	D. suzukii
A0AB39ZNJ0	1	U-01	suzukii	D. suzukii
A0AB39ZNJ2	1	U-01	suzukii	D. suzukii
A0AB39ZNJ5	0	unassigned	suzukii	D. suzukii
A0AB39ZNJ6	0	unassigned	suzukii	D. suzukii
A0AB39ZNJ9	1	U-01	suzukii	D. suzukii
A0AB39ZNK3	1	U-01	suzukii	D. suzukii
A0AB39ZNK4	1	U-01	suzukii	D. suzukii
A0AB39ZNL1	1	U-01	suzukii	D. suzukii
A0AB39ZNL3	1	U-01	suzukii	D. suzukii
A0AB39ZNL4	2	U-02	suzukii	D. suzukii
A0AB39ZNL9	1	U-01	suzukii	D. suzukii
A0AB39ZNM1	1	U-01	suzukii	D. suzukii
A0AB39ZNM2	1	U-01	suzukii	D. suzukii
A0AB39ZNM3	3	U-03	suzukii	D. suzukii
A0AB39ZNM4	1	U-01	suzukii	D. suzukii
A0AB39ZNM7	2	U-02	suzukii	D. suzukii
A0AB39ZNM9	0	unassigned	suzukii	D. suzukii
A0AB39ZNN0	1	U-01	suzukii	D. suzukii
A0AB39ZNN3	1	U-01	suzukii	D. suzukii
A0AB39ZNN4	2	U-02	suzukii	D. suzukii
A0AB39ZNN5	1	U-01	suzukii	D. suzukii
A0AB39ZNN6	1	U-01	suzukii	D. suzukii
A0AB39ZNP0	1	U-01	suzukii	D. suzukii
A0AB39ZNP5	1	U-01	suzukii	D. suzukii
A0AB39ZNP8	1	U-01	suzukii	D. suzukii
A0AB39ZNP9	1	U-01	suzukii	D. suzukii
A0AB39ZNQ0	1	U-01	suzukii	D. suzukii
A0AB39ZNQ2	3	U-03	suzukii	D. suzukii
A0AB39ZNQ5	1	U-01	suzukii	D. suzukii
A0AB39ZNQ7	1	U-01	suzukii	D. suzukii
A0AB39ZNQ9	1	U-01	suzukii	D. suzukii
A0AB39ZNR2	3	U-03	suzukii	D. suzukii
A0AB39ZNR3	1	U-01	suzukii	D. suzukii
A0AB39ZNR8	0	unassigned	suzukii	D. suzukii
A0AB39ZNR9	1	U-01	suzukii	D. suzukii
A0AB40DGQ7	1	U-01	suzukii	D. suzukii
A0AB40DGR0	1	U-01	suzukii	D. suzukii
A0AB40DGR1	2	U-02	suzukii	D. suzukii
A0AB40DGR5	1	U-01	suzukii	D. suzukii
A0AB40DGR7	1	U-01	suzukii	D. suzukii
A0AB40DGS7	1	U-01	suzukii	D. suzukii
A0AB40DGT5	1	U-01	suzukii	D. suzukii
A0AB40DGT6	1	U-01	suzukii	D. suzukii
A0AB40DGU1	1	U-01	suzukii	D. suzukii
A0AB40DGU3	1	U-01	suzukii	D. suzukii
A0AB40DGV0	0	unassigned	suzukii	D. suzukii
A0AB40DGV2	1	U-01	suzukii	D. suzukii
A0AB40DGV5	1	U-01	suzukii	D. suzukii
A0AB40DGX0	1	U-01	suzukii	D. suzukii
A0AB40DGX7	1	U-01	suzukii	D. suzukii
A0AB40DGX9	1	U-01	suzukii	D. suzukii
A0AB40DGY0	1	U-01	suzukii	D. suzukii
A0AB40DGY1	1	U-01	suzukii	D. suzukii
A0AB40DGY2	1	U-01	suzukii	D. suzukii
A0AB40DGY8	1	U-01	suzukii	D. suzukii
A0AB40DGZ2	1	U-01	suzukii	D. suzukii
A0AB40DH01	1	U-01	suzukii	D. suzukii
A0AB40DH08	0	unassigned	suzukii	D. suzukii
A0AB40DH09	1	U-01	suzukii	D. suzukii
A0AB40DH15	1	U-01	suzukii	D. suzukii
A0AB40DH17	0	unassigned	suzukii	D. suzukii
A0ABM4TPA6	1	U-01	suzukii	D. suzukii
A0ABM4TPA9	1	U-01	suzukii	D. suzukii
A0ABM4TPB3	2	U-02	suzukii	D. suzukii
A0ABM4TPB4	1	U-01	suzukii	D. suzukii
A0ABM4TPC0	1	U-01	suzukii	D. suzukii
A0ABM4TPC3	1	U-01	suzukii	D. suzukii
A0ABM4TPC9	1	U-01	suzukii	D. suzukii
A0ABM4TPD0	1	U-01	suzukii	D. suzukii
A0ABM4TPD2	1	U-01	suzukii	D. suzukii
A0ABM4TPD8	1	U-01	suzukii	D. suzukii
A0ABM4TPD9	1	U-01	suzukii	D. suzukii
A0ABM4TPE1	1	U-01	suzukii	D. suzukii
A0ABM4TPE7	1	U-01	suzukii	D. suzukii
A0ABM4TPE8	1	U-01	suzukii	D. suzukii
A0ABM4TPF2	2	U-02	suzukii	D. suzukii
A0ABM4TPF5	2	U-02	suzukii	D. suzukii
A0ABM4TPF7	1	U-01	suzukii	D. suzukii
A0ABM4TPG0	1	U-01	suzukii	D. suzukii
A0ABM4TPG1	0	unassigned	suzukii	D. suzukii
A0ABM4TPG4	1	U-01	suzukii	D. suzukii
A0ABM4TPG9	1	U-01	suzukii	D. suzukii
A0ABM4TPH0	0	unassigned	suzukii	D. suzukii
A0ABM4TPH1	1	U-01	suzukii	D. suzukii
A0ABM4TPH2	1	U-01	suzukii	D. suzukii
A0ABM4TPH5	1	U-01	suzukii	D. suzukii
A0ABM4TPH7	1	U-01	suzukii	D. suzukii
A0ABM4TPI0	1	U-01	suzukii	D. suzukii
A0ABM4TPI1	1	U-01	suzukii	D. suzukii
A0ABM4TPI2	1	U-01	suzukii	D. suzukii
A0ABM4TPI4	1	U-01	suzukii	D. suzukii
A0ABM4TPI6	0	unassigned	suzukii	D. suzukii
A0ABM4TPI7	0	unassigned	suzukii	D. suzukii
A0ABM4TPI9	0	unassigned	suzukii	D. suzukii
A0ABM4TPJ8	0	unassigned	suzukii	D. suzukii
A0ABM4TPJ9	1	U-01	suzukii	D. suzukii
A0ABM4TPK1	1	U-01	suzukii	D. suzukii
A0ABM4TPK3	3	U-03	suzukii	D. suzukii
A0ABM4TPK8	2	U-02	suzukii	D. suzukii
A0ABM4TPK9	2	U-02	suzukii	D. suzukii
A0ABM4TPL0	1	U-01	suzukii	D. suzukii
A0ABM4TPL1	1	U-01	suzukii	D. suzukii
A0ABM4TPL7	1	U-01	suzukii	D. suzukii
A0ABM4TPL9	2	U-02	suzukii	D. suzukii
A0ABM4TPM0	1	U-01	suzukii	D. suzukii
A0ABM4TPM1	1	U-01	suzukii	D. suzukii
A0ABM4TPM3	1	U-01	suzukii	D. suzukii
A0ABM4TPM4	1	U-01	suzukii	D. suzukii
A0ABM4TPM5	1	U-01	suzukii	D. suzukii
A0ABM4TPM6	1	U-01	suzukii	D. suzukii
A0ABM4TPN0	1	U-01	suzukii	D. suzukii
A0ABM4TPN1	1	U-01	suzukii	D. suzukii
A0ABM4TPN2	1	U-01	suzukii	D. suzukii
A0ABM4TPN3	1	U-01	suzukii	D. suzukii
A0ABM4TPN4	1	U-01	suzukii	D. suzukii
A0ABM4TPN5	1	U-01	suzukii	D. suzukii
A0ABM4TPN6	1	U-01	suzukii	D. suzukii
A0ABM4TPN9	1	U-01	suzukii	D. suzukii
A0ABM4TPP0	1	U-01	suzukii	D. suzukii
A0ABM4TPP1	1	U-01	suzukii	D. suzukii
A0ABM4TPP2	1	U-01	suzukii	D. suzukii
A0ABM4TPP7	1	U-01	suzukii	D. suzukii
A0ABM4TPP8	1	U-01	suzukii	D. suzukii
A0ABM4TPQ0	0	unassigned	suzukii	D. suzukii
A0ABM4TPQ9	1	U-01	suzukii	D. suzukii
A0ABM4TPR0	1	U-01	suzukii	D. suzukii
A0ABM4TPR1	3	U-03	suzukii	D. suzukii
A0ABM4TPR5	1	U-01	suzukii	D. suzukii
A0ABM4TPR6	1	U-01	suzukii	D. suzukii
A0ABM4TPR8	2	U-02	suzukii	D. suzukii
A0ABM4TPR9	0	unassigned	suzukii	D. suzukii
A0ABM4TPS2	1	U-01	suzukii	D. suzukii
A0ABM4TPS3	2	U-02	suzukii	D. suzukii
A0ABM4TPS6	0	unassigned	suzukii	D. suzukii
A0ABM4TPS8	1	U-01	suzukii	D. suzukii
A0AB39ZH15	1	U-01	suzukii	D. suzukii
A0AB39ZH16	2	U-02	suzukii	D. suzukii
A0AB39ZH19	1	U-01	suzukii	D. suzukii
A0AB39ZH27	1	U-01	suzukii	D. suzukii
A0AB39ZH28	1	U-01	suzukii	D. suzukii
A0AB39ZH29	2	U-02	suzukii	D. suzukii
A0AB39ZH30	1	U-01	suzukii	D. suzukii
A0AB39ZH35	1	U-01	suzukii	D. suzukii
A0AB39ZH36	0	unassigned	suzukii	D. suzukii
A0AB39ZH37	1	U-01	suzukii	D. suzukii
A0AB39ZH41	3	U-03	suzukii	D. suzukii
A0AB39ZH43	1	U-01	suzukii	D. suzukii
A0AB39ZH44	1	U-01	suzukii	D. suzukii
A0AB39ZNF0	1	U-01	suzukii	D. suzukii
A0AB39ZNG1	1	U-01	suzukii	D. suzukii
A0AB39ZNG3	1	U-01	suzukii	D. suzukii
A0AB39ZNG5	0	unassigned	suzukii	D. suzukii
A0AB39ZNI6	1	U-01	suzukii	D. suzukii
A0AB39ZNI7	1	U-01	suzukii	D. suzukii
A0AB39ZNI8	2	U-02	suzukii	D. suzukii
A0AB39ZNJ1	1	U-01	suzukii	D. suzukii
A0AB39ZNJ3	2	U-02	suzukii	D. suzukii
A0AB39ZNJ7	3	U-03	suzukii	D. suzukii
A0AB39ZNK1	1	U-01	suzukii	D. suzukii
A0AB39ZNK5	3	U-03	suzukii	D. suzukii
A0AB39ZNK8	1	U-01	suzukii	D. suzukii
A0AB39ZNK9	1	U-01	suzukii	D. suzukii
A0AB39ZNL0	3	U-03	suzukii	D. suzukii
A0AB39ZNL2	1	U-01	suzukii	D. suzukii
A0AB39ZNL5	2	U-02	suzukii	D. suzukii
A0AB39ZNL6	1	U-01	suzukii	D. suzukii
A0AB39ZNM0	1	U-01	suzukii	D. suzukii
A0AB39ZNM5	2	U-02	suzukii	D. suzukii
A0AB39ZNM6	1	U-01	suzukii	D. suzukii
A0AB39ZNN1	3	U-03	suzukii	D. suzukii
A0AB39ZNN2	1	U-01	suzukii	D. suzukii
A0AB39ZNN7	1	U-01	suzukii	D. suzukii
A0AB39ZNN8	3	U-03	suzukii	D. suzukii
A0AB39ZNP2	1	U-01	suzukii	D. suzukii
A0AB39ZNP4	2	U-02	suzukii	D. suzukii
A0AB39ZNP7	3	U-03	suzukii	D. suzukii
A0AB39ZNQ1	2	U-02	suzukii	D. suzukii
A0AB39ZNQ3	2	U-02	suzukii	D. suzukii
A0AB39ZNQ6	1	U-01	suzukii	D. suzukii
A0AB39ZNR0	0	unassigned	suzukii	D. suzukii
A0AB39ZNR1	1	U-01	suzukii	D. suzukii
A0AB39ZNR4	2	U-02	suzukii	D. suzukii
A0AB39ZNR5	0	unassigned	suzukii	D. suzukii
A0AB39ZNR6	1	U-01	suzukii	D. suzukii
A0AB39ZNR7	1	U-01	suzukii	D. suzukii
A0AB39ZNS0	3	U-03	suzukii	D. suzukii
A0AB39ZNS1	3	U-03	suzukii	D. suzukii
A0AB39ZNS9	1	U-01	suzukii	D. suzukii
A0AB39ZNT0	1	U-01	suzukii	D. suzukii
A0AB39ZNT3	2	U-02	suzukii	D. suzukii
A0AB39ZNU8	2	U-02	suzukii	D. suzukii
A0AB39ZNV1	1	U-01	suzukii	D. suzukii
A0AB39ZNV2	2	U-02	suzukii	D. suzukii
A0AB39ZNW0	1	U-01	suzukii	D. suzukii
A0AB39ZNW4	2	U-02	suzukii	D. suzukii
A0AB39ZNW5	1	U-01	suzukii	D. suzukii
A0AB39ZNX0	1	U-01	suzukii	D. suzukii
A0AB39ZNX4	3	U-03	suzukii	D. suzukii
A0AB39ZNX5	3	U-03	suzukii	D. suzukii
A0AB39ZNX8	0	unassigned	suzukii	D. suzukii
A0AB39ZNX9	2	U-02	suzukii	D. suzukii
A0AB39ZNY3	1	U-01	suzukii	D. suzukii
A0AB39ZNY7	1	U-01	suzukii	D. suzukii
A0AB39ZNY8	0	unassigned	suzukii	D. suzukii
A0AB39ZNZ0	2	U-02	suzukii	D. suzukii
A0AB39ZNZ1	1	U-01	suzukii	D. suzukii
A0AB39ZNZ4	1	U-01	suzukii	D. suzukii
A0AB39ZNZ6	1	U-01	suzukii	D. suzukii
A0AB39ZNZ8	3	U-03	suzukii	D. suzukii
A0AB39ZP02	2	U-02	suzukii	D. suzukii
A0AB39ZP04	2	U-02	suzukii	D. suzukii
A0AB39ZP07	1	U-01	suzukii	D. suzukii
A0AB39ZP09	3	U-03	suzukii	D. suzukii
A0AB39ZP20	1	U-01	suzukii	D. suzukii
A0AB39ZP24	3	U-03	suzukii	D. suzukii
A0AB39ZP31	2	U-02	suzukii	D. suzukii
A0AB39ZP34	1	U-01	suzukii	D. suzukii
A0AB39ZP35	0	unassigned	suzukii	D. suzukii
A0AB39ZP38	1	U-01	suzukii	D. suzukii
A0AB39ZP49	1	U-01	suzukii	D. suzukii
A0AB39ZP50	1	U-01	suzukii	D. suzukii
A0AB39ZP52	1	U-01	suzukii	D. suzukii
A0AB39ZP54	1	U-01	suzukii	D. suzukii
A0AB39ZP55	2	U-02	suzukii	D. suzukii
A0AB39ZP56	1	U-01	suzukii	D. suzukii
A0AB39ZP61	0	unassigned	suzukii	D. suzukii
A0AB39ZP62	0	unassigned	suzukii	D. suzukii
A0AB39ZP65	0	unassigned	suzukii	D. suzukii
A0AB39ZP66	0	unassigned	suzukii	D. suzukii
A0AB39ZP67	2	U-02	suzukii	D. suzukii
A0AB39ZP75	3	U-03	suzukii	D. suzukii
A0AB39ZP76	1	U-01	suzukii	D. suzukii
A0AB39ZP79	1	U-01	suzukii	D. suzukii
A0AB39ZP81	3	U-03	suzukii	D. suzukii
A0AB39ZP82	1	U-01	suzukii	D. suzukii
A0AB39YZM4	2	U-02	suzukii	D. suzukii
A0AB39YZM5	0	unassigned	suzukii	D. suzukii
A0AB39YZM6	1	U-01	suzukii	D. suzukii
A0AB39YZM7	1	U-01	suzukii	D. suzukii
A0AB39YZM8	1	U-01	suzukii	D. suzukii
A0AB39YZM9	3	U-03	suzukii	D. suzukii
A0AB39YZN0	1	U-01	suzukii	D. suzukii
A0AB39YZN3	1	U-01	suzukii	D. suzukii
A0AB39YZN4	1	U-01	suzukii	D. suzukii
A0AB39YZN8	2	U-02	suzukii	D. suzukii
A0AB39YZP0	1	U-01	suzukii	D. suzukii
A0AB39YZP3	2	U-02	suzukii	D. suzukii
A0AB39YZP4	2	U-02	suzukii	D. suzukii
A0AB39YZP5	2	U-02	suzukii	D. suzukii
A0AB39YZP9	2	U-02	suzukii	D. suzukii
A0AB39YZQ2	1	U-01	suzukii	D. suzukii
A0AB39YZQ3	1	U-01	suzukii	D. suzukii
A0AB39YZQ5	1	U-01	suzukii	D. suzukii
A0AB39YZQ6	2	U-02	suzukii	D. suzukii
A0AB39YZQ8	1	U-01	suzukii	D. suzukii
A0AB39YZQ9	0	unassigned	suzukii	D. suzukii
A0AB39YZR1	1	U-01	suzukii	D. suzukii
A0AB39YZR3	2	U-02	suzukii	D. suzukii
A0AB39YZR4	0	unassigned	suzukii	D. suzukii
A0AB39YZR5	3	U-03	suzukii	D. suzukii
A0AB39YZR7	1	U-01	suzukii	D. suzukii
A0AB39YZR8	1	U-01	suzukii	D. suzukii
A0AB39YZR9	1	U-01	suzukii	D. suzukii
A0AB39YZS1	2	U-02	suzukii	D. suzukii
A0AB39YZS6	2	U-02	suzukii	D. suzukii
A0AB39YZS8	1	U-01	suzukii	D. suzukii
A0AB39YZS9	2	U-02	suzukii	D. suzukii
A0AB39YZT0	1	U-01	suzukii	D. suzukii
A0AB39YZT1	1	U-01	suzukii	D. suzukii
A0AB39YZT3	1	U-01	suzukii	D. suzukii
A0AB39YZT6	1	U-01	suzukii	D. suzukii
A0AB39YZT8	2	U-02	suzukii	D. suzukii
A0AB39YZT9	1	U-01	suzukii	D. suzukii
A0AB39YZU0	2	U-02	suzukii	D. suzukii
A0AB39YZU1	1	U-01	suzukii	D. suzukii
A0AB39YZU2	1	U-01	suzukii	D. suzukii
A0AB39YZU5	1	U-01	suzukii	D. suzukii
A0AB39YZU9	1	U-01	suzukii	D. suzukii
A0AB39YZV2	1	U-01	suzukii	D. suzukii
A0AB39YZV9	2	U-02	suzukii	D. suzukii
A0AB39YZW0	2	U-02	suzukii	D. suzukii
A0AB39YZW1	1	U-01	suzukii	D. suzukii
A0AB39YZW3	1	U-01	suzukii	D. suzukii
A0AB39YZW5	2	U-02	suzukii	D. suzukii
A0AB39YZW7	1	U-01	suzukii	D. suzukii
A0AB39YZW8	3	U-03	suzukii	D. suzukii
A0AB39YZX0	3	U-03	suzukii	D. suzukii
A0AB39YZX1	1	U-01	suzukii	D. suzukii
A0AB39YZX6	1	U-01	suzukii	D. suzukii
A0AB39YZX7	1	U-01	suzukii	D. suzukii
A0AB39YZY1	3	U-03	suzukii	D. suzukii
A0AB39YZY6	1	U-01	suzukii	D. suzukii
A0AB39YZY8	0	unassigned	suzukii	D. suzukii
A0AB39YZY9	1	U-01	suzukii	D. suzukii
A0AB39YZZ3	1	U-01	suzukii	D. suzukii
A0AB39YZZ5	1	U-01	suzukii	D. suzukii
A0AB39Z000	1	U-01	suzukii	D. suzukii
A0AB39Z003	0	unassigned	suzukii	D. suzukii
A0AB39Z004	1	U-01	suzukii	D. suzukii
A0AB39Z005	2	U-02	suzukii	D. suzukii
A0AB39Z009	1	U-01	suzukii	D. suzukii
A0AB39Z010	1	U-01	suzukii	D. suzukii
A0AB39Z013	2	U-02	suzukii	D. suzukii
A0AB39Z015	1	U-01	suzukii	D. suzukii
A0AB39Z019	1	U-01	suzukii	D. suzukii
A0AB39Z020	1	U-01	suzukii	D. suzukii
A0AB39Z022	1	U-01	suzukii	D. suzukii
A0AB39Z024	1	U-01	suzukii	D. suzukii
A0AB39Z027	1	U-01	suzukii	D. suzukii
A0AB39Z028	2	U-02	suzukii	D. suzukii
A0AB39Z029	1	U-01	suzukii	D. suzukii
A0AB39Z032	0	unassigned	suzukii	D. suzukii
A0AB39Z034	0	unassigned	suzukii	D. suzukii
A0AB39Z035	1	U-01	suzukii	D. suzukii
A0AB39Z036	1	U-01	suzukii	D. suzukii
A0AB39Z037	2	U-02	suzukii	D. suzukii
A0AB39Z038	1	U-01	suzukii	D. suzukii
A0AB39Z039	1	U-01	suzukii	D. suzukii
A0AB39Z041	0	unassigned	suzukii	D. suzukii
A0AB39Z042	0	unassigned	suzukii	D. suzukii
A0AB39Z043	1	U-01	suzukii	D. suzukii
A0AB39Z2R8	0	unassigned	suzukii	D. suzukii
A0AB39Z2S1	1	U-01	suzukii	D. suzukii
A0AB39Z2S4	2	U-02	suzukii	D. suzukii
A0AB39Z2S5	1	U-01	suzukii	D. suzukii
A0AB39Z2S6	1	U-01	suzukii	D. suzukii
A0AB39Z2S8	2	U-02	suzukii	D. suzukii
A0AB39Z2T5	1	U-01	suzukii	D. suzukii
A0AB39Z2U1	1	U-01	suzukii	D. suzukii
A0AB39Z2U2	0	unassigned	suzukii	D. suzukii
A0AB39Z2U3	2	U-02	suzukii	D. suzukii
A0AB39Z2U4	2	U-02	suzukii	D. suzukii
A0AB39Z2V0	2	U-02	suzukii	D. suzukii
A0AB39Z2V1	1	U-01	suzukii	D. suzukii
A0AB39Z2V6	2	U-02	suzukii	D. suzukii
A0AB39ZE36	1	U-01	suzukii	D. suzukii
A0AB39ZE37	1	U-01	suzukii	D. suzukii
A0AB39ZE39	1	U-01	suzukii	D. suzukii
A0AB39ZE41	2	U-02	suzukii	D. suzukii
A0AB39ZE42	1	U-01	suzukii	D. suzukii
A0AB39ZE46	1	U-01	suzukii	D. suzukii
A0AB39ZE47	0	unassigned	suzukii	D. suzukii
A0AB39ZE48	1	U-01	suzukii	D. suzukii
A0AB39ZE49	1	U-01	suzukii	D. suzukii
A0AB39ZE53	1	U-01	suzukii	D. suzukii
A0AB39ZE55	1	U-01	suzukii	D. suzukii
A0AB39ZE57	0	unassigned	suzukii	D. suzukii
A0AB39ZE63	1	U-01	suzukii	D. suzukii
A0AB39ZE65	3	U-03	suzukii	D. suzukii
A0AB39ZE75	1	U-01	suzukii	D. suzukii
A0AB39ZE77	2	U-02	suzukii	D. suzukii
A0AB39ZE78	1	U-01	suzukii	D. suzukii
A0AB39ZE81	1	U-01	suzukii	D. suzukii
A0AB39ZE82	0	unassigned	suzukii	D. suzukii
A0AB39ZE85	1	U-01	suzukii	D. suzukii
A0AB39ZE87	1	U-01	suzukii	D. suzukii
A0AB39ZE88	1	U-01	suzukii	D. suzukii
A0AB39ZE89	0	unassigned	suzukii	D. suzukii
A0AB39ZE90	1	U-01	suzukii	D. suzukii
A0AB39ZE93	1	U-01	suzukii	D. suzukii
A0AB39ZE95	2	U-02	suzukii	D. suzukii
A0AB39ZE97	1	U-01	suzukii	D. suzukii
A0AB39ZE98	1	U-01	suzukii	D. suzukii
A0AB39ZE99	1	U-01	suzukii	D. suzukii
A0AB39ZEA0	1	U-01	suzukii	D. suzukii
A0AB39ZEA2	1	U-01	suzukii	D. suzukii
A0AB39ZEA3	1	U-01	suzukii	D. suzukii
A0AB39ZEA4	2	U-02	suzukii	D. suzukii
A0AB39ZEA8	1	U-01	suzukii	D. suzukii
A0AB39ZEB0	1	U-01	suzukii	D. suzukii
A0AB39ZEB2	1	U-01	suzukii	D. suzukii
A0AB39ZEB3	1	U-01	suzukii	D. suzukii
A0AB39ZEB5	2	U-02	suzukii	D. suzukii
A0AB39ZEB6	1	U-01	suzukii	D. suzukii
A0AB39ZEB8	1	U-01	suzukii	D. suzukii
A0AB39ZEB9	0	unassigned	suzukii	D. suzukii
A0AB39ZEC1	0	unassigned	suzukii	D. suzukii
A0AB39ZEC5	3	U-03	suzukii	D. suzukii
A0AB39ZEC7	1	U-01	suzukii	D. suzukii
A0AB39ZEC8	0	unassigned	suzukii	D. suzukii
A0AB39ZED0	1	U-01	suzukii	D. suzukii
A0AB39ZED3	1	U-01	suzukii	D. suzukii
A0AB39ZED5	1	U-01	suzukii	D. suzukii
A0AB39ZED9	1	U-01	suzukii	D. suzukii
A0AB39ZEE0	1	U-01	suzukii	D. suzukii
A0AB39ZEE2	1	U-01	suzukii	D. suzukii
A0AB39ZEE3	1	U-01	suzukii	D. suzukii
A0AB39ZEE4	0	unassigned	suzukii	D. suzukii
A0AB39ZEE8	1	U-01	suzukii	D. suzukii
A0AB39ZEE9	0	unassigned	suzukii	D. suzukii
A0AB39ZEF7	1	U-01	suzukii	D. suzukii
A0AB39ZEF8	1	U-01	suzukii	D. suzukii
A0AB39ZEG2	1	U-01	suzukii	D. suzukii
A0AB39ZEG3	1	U-01	suzukii	D. suzukii
A0AB39ZEG4	1	U-01	suzukii	D. suzukii
A0AB39ZEG5	1	U-01	suzukii	D. suzukii
A0AB39ZEG6	0	unassigned	suzukii	D. suzukii
A0AB39ZEG8	1	U-01	suzukii	D. suzukii
A0AB39ZEH0	3	U-03	suzukii	D. suzukii
A0AB39ZEH3	1	U-01	suzukii	D. suzukii
A0AB39ZEH7	1	U-01	suzukii	D. suzukii
A0AB39ZEI0	2	U-02	suzukii	D. suzukii
A0AB39ZEI1	1	U-01	suzukii	D. suzukii
A0AB39ZEI5	1	U-01	suzukii	D. suzukii
A0AB39ZEI6	1	U-01	suzukii	D. suzukii
A0AB39ZEI7	1	U-01	suzukii	D. suzukii
A0AB39ZEJ0	1	U-01	suzukii	D. suzukii
A0AB39ZEJ5	1	U-01	suzukii	D. suzukii
A0AB39ZEJ6	1	U-01	suzukii	D. suzukii
A0AB39ZEJ7	1	U-01	suzukii	D. suzukii
A0AB39ZEJ8	1	U-01	suzukii	D. suzukii
A0AB39ZEK0	3	U-03	suzukii	D. suzukii
A0AB39ZEK1	1	U-01	suzukii	D. suzukii
A0AB39ZEK3	1	U-01	suzukii	D. suzukii
A0AB39ZEK4	1	U-01	suzukii	D. suzukii
A0AB39ZEK5	1	U-01	suzukii	D. suzukii
A0AB39ZIU4	1	U-01	suzukii	D. suzukii
A0AB39ZIU6	1	U-01	suzukii	D. suzukii
A0AB39ZIU7	1	U-01	suzukii	D. suzukii
A0AB39ZIU9	2	U-02	suzukii	D. suzukii
A0AB39ZIV1	1	U-01	suzukii	D. suzukii
A0AB39ZIV2	3	U-03	suzukii	D. suzukii
A0AB39ZIV3	1	U-01	suzukii	D. suzukii
A0AB39ZIV4	1	U-01	suzukii	D. suzukii
A0AB39ZIV7	1	U-01	suzukii	D. suzukii
A0AB39ZIV8	1	U-01	suzukii	D. suzukii
A0AB39ZIW0	1	U-01	suzukii	D. suzukii
A0AB39ZIW1	1	U-01	suzukii	D. suzukii
A0AB39ZIW5	1	U-01	suzukii	D. suzukii
A0AB39ZIW6	1	U-01	suzukii	D. suzukii
A0AB39ZIW7	1	U-01	suzukii	D. suzukii
A0AB39ZIW8	1	U-01	suzukii	D. suzukii
A0AB39ZIX0	2	U-02	suzukii	D. suzukii
A0AB39ZIX1	1	U-01	suzukii	D. suzukii
A0AB39ZIX2	3	U-03	suzukii	D. suzukii
A0AB40AB10	1	U-01	suzukii	D. suzukii
A0AB40AB11	2	U-02	suzukii	D. suzukii
A0AB40AB12	0	unassigned	suzukii	D. suzukii
A0AB40AB16	1	U-01	suzukii	D. suzukii
A0AB40AB17	3	U-03	suzukii	D. suzukii
A0AB40AB24	1	U-01	suzukii	D. suzukii
A0AB40AB25	1	U-01	suzukii	D. suzukii
A0AB40AB27	1	U-01	suzukii	D. suzukii
A0AB40AB28	1	U-01	suzukii	D. suzukii
A0AB40AB30	1	U-01	suzukii	D. suzukii
A0AB40AB31	1	U-01	suzukii	D. suzukii
A0AB40AB32	1	U-01	suzukii	D. suzukii
A0AB40AB35	1	U-01	suzukii	D. suzukii
A0AB40AB38	1	U-01	suzukii	D. suzukii
A0AB40AB39	1	U-01	suzukii	D. suzukii
A0AB40AB40	1	U-01	suzukii	D. suzukii
A0AB40AB44	3	U-03	suzukii	D. suzukii
A0AB40AB45	1	U-01	suzukii	D. suzukii
A0AB40AB46	1	U-01	suzukii	D. suzukii
A0AB40AB47	1	U-01	suzukii	D. suzukii
A0AB40AB51	1	U-01	suzukii	D. suzukii
A0AB40AB53	0	unassigned	suzukii	D. suzukii
A0AB40AB54	1	U-01	suzukii	D. suzukii
A0AB40AB55	1	U-01	suzukii	D. suzukii
A0AB40AB56	1	U-01	suzukii	D. suzukii
A0AB40AB58	3	U-03	suzukii	D. suzukii
A0AB40AB60	1	U-01	suzukii	D. suzukii
A0AB40AB62	1	U-01	suzukii	D. suzukii
A0AB40AB65	1	U-01	suzukii	D. suzukii
A0AB40AB70	0	unassigned	suzukii	D. suzukii
A0AB40AB71	2	U-02	suzukii	D. suzukii
A0AB40AB72	1	U-01	suzukii	D. suzukii
A0AB40AB73	1	U-01	suzukii	D. suzukii
A0AB40AB75	0	unassigned	suzukii	D. suzukii
A0AB40AB76	1	U-01	suzukii	D. suzukii
A0AB40AB80	1	U-01	suzukii	D. suzukii
A0AB40AB81	1	U-01	suzukii	D. suzukii
A0AB40AB83	1	U-01	suzukii	D. suzukii
A0AB40AB84	1	U-01	suzukii	D. suzukii
A0AB40AB85	1	U-01	suzukii	D. suzukii
A0AB40AB87	0	unassigned	suzukii	D. suzukii
A0AB40AB88	1	U-01	suzukii	D. suzukii
A0AB40AB93	1	U-01	suzukii	D. suzukii
A0AB40AB98	1	U-01	suzukii	D. suzukii
A0AB40AB99	2	U-02	suzukii	D. suzukii
A0AB40ABA0	3	U-03	suzukii	D. suzukii
A0AB40ABA1	0	unassigned	suzukii	D. suzukii
A0AB40ABA3	1	U-01	suzukii	D. suzukii
A0AB40ABA5	0	unassigned	suzukii	D. suzukii
A0AB40ABA6	1	U-01	suzukii	D. suzukii
A0AB40ABA9	1	U-01	suzukii	D. suzukii
A0AB40ABB7	1	U-01	suzukii	D. suzukii
A0AB40ABC1	1	U-01	suzukii	D. suzukii
A0AB40ABC5	1	U-01	suzukii	D. suzukii
A0AB40ABC9	0	unassigned	suzukii	D. suzukii
A0AB40ABD0	0	unassigned	suzukii	D. suzukii
A0AB40ABD2	1	U-01	suzukii	D. suzukii
A0AB40ABD7	1	U-01	suzukii	D. suzukii
A0AB40AED5	1	U-01	suzukii	D. suzukii
A0AB40AED9	1	U-01	suzukii	D. suzukii
A0AB40AEE0	1	U-01	suzukii	D. suzukii
A0AB40AEE2	1	U-01	suzukii	D. suzukii
A0AB40AEE4	0	unassigned	suzukii	D. suzukii
A0AB40AEE8	1	U-01	suzukii	D. suzukii
A0AB40AEF2	1	U-01	suzukii	D. suzukii
A0AB40AEF3	1	U-01	suzukii	D. suzukii
A0AB40AEF4	0	unassigned	suzukii	D. suzukii
A0AB40AEG0	0	unassigned	suzukii	D. suzukii
A0AB40AEG5	1	U-01	suzukii	D. suzukii
A0AB40AEG8	1	U-01	suzukii	D. suzukii
A0AB40AEH3	1	U-01	suzukii	D. suzukii
A0AB40AEH4	1	U-01	suzukii	D. suzukii
A0AB40AEH5	1	U-01	suzukii	D. suzukii
A0AB40AEH6	1	U-01	suzukii	D. suzukii
A0AB40AEI3	1	U-01	suzukii	D. suzukii
A0AB40AEI5	1	U-01	suzukii	D. suzukii
A0AB40AEI6	0	unassigned	suzukii	D. suzukii
A0AB40AEI8	1	U-01	suzukii	D. suzukii
A0AB40AEJ0	1	U-01	suzukii	D. suzukii
A0AB40AEJ1	1	U-01	suzukii	D. suzukii
A0AB40AEJ2	1	U-01	suzukii	D. suzukii
A0AB40AEJ3	1	U-01	suzukii	D. suzukii
A0AB40AEJ4	1	U-01	suzukii	D. suzukii
A0AB40AEJ6	1	U-01	suzukii	D. suzukii
A0AB40AEJ7	1	U-01	suzukii	D. suzukii
A0AB40AEK3	1	U-01	suzukii	D. suzukii
A0AB40AEK6	1	U-01	suzukii	D. suzukii
A0AB40AEL1	1	U-01	suzukii	D. suzukii
A0AB40AEL4	1	U-01	suzukii	D. suzukii
A0AB40AEL5	0	unassigned	suzukii	D. suzukii
A0AB40AEL6	1	U-01	suzukii	D. suzukii
A0AB40AEM2	1	U-01	suzukii	D. suzukii
A0AB40AEM5	1	U-01	suzukii	D. suzukii
A0AB40AEM6	0	unassigned	suzukii	D. suzukii
A0AB40AEN4	1	U-01	suzukii	D. suzukii
A0AB40AEN5	1	U-01	suzukii	D. suzukii
A0AB40AEN8	1	U-01	suzukii	D. suzukii
A0AB40AEP2	1	U-01	suzukii	D. suzukii
A0AB40AEP5	1	U-01	suzukii	D. suzukii
A0AB40AEQ0	1	U-01	suzukii	D. suzukii
A0ABM4TWG8	1	U-01	suzukii	D. suzukii
A0ABM4TWG9	1	U-01	suzukii	D. suzukii
A0ABM4TWH0	1	U-01	suzukii	D. suzukii
A0ABM4TWH3	1	U-01	suzukii	D. suzukii
A0ABM4TWH4	0	unassigned	suzukii	D. suzukii
A0ABM4TWH6	0	unassigned	suzukii	D. suzukii
A0ABM4TWH7	0	unassigned	suzukii	D. suzukii
A0ABM4TWH9	1	U-01	suzukii	D. suzukii
A0ABM4TWI0	1	U-01	suzukii	D. suzukii
A0ABM4TWI6	0	unassigned	suzukii	D. suzukii
A0ABM4TWI8	0	unassigned	suzukii	D. suzukii
A0ABM4TWJ2	1	U-01	suzukii	D. suzukii
A0ABM4TWJ6	0	unassigned	suzukii	D. suzukii
A0ABM4TWK1	1	U-01	suzukii	D. suzukii
A0ABM4TWK3	0	unassigned	suzukii	D. suzukii
A0ABM4TWL1	3	U-03	suzukii	D. suzukii
A0ABM4TWL2	3	U-03	suzukii	D. suzukii
A0ABM4TWL3	1	U-01	suzukii	D. suzukii
A0ABM4TWL5	1	U-01	suzukii	D. suzukii
A0ABM4TWL6	1	U-01	suzukii	D. suzukii
A0ABM4TWL7	1	U-01	suzukii	D. suzukii
A0ABM4TWM0	3	U-03	suzukii	D. suzukii
A0ABM4TWM1	0	unassigned	suzukii	D. suzukii
A0ABM4TWM3	3	U-03	suzukii	D. suzukii
A0ABM4TWM5	1	U-01	suzukii	D. suzukii
A0ABM4TWM6	1	U-01	suzukii	D. suzukii
A0ABM4TWM7	1	U-01	suzukii	D. suzukii
A0ABM4TWM8	3	U-03	suzukii	D. suzukii
A0ABM4TWM9	1	U-01	suzukii	D. suzukii
A0ABM4TYK2	0	unassigned	suzukii	D. suzukii
A0ABM4TYK4	0	unassigned	suzukii	D. suzukii
A0ABM4TYK5	0	unassigned	suzukii	D. suzukii
A0ABM4TYK6	0	unassigned	suzukii	D. suzukii
A0ABM4TYK7	0	unassigned	suzukii	D. suzukii
A0ABM4TYK8	0	unassigned	suzukii	D. suzukii
A0ABM4TYK9	0	unassigned	suzukii	D. suzukii
A0ABM4TYL0	0	unassigned	suzukii	D. suzukii
A0ABM4TYL2	0	unassigned	suzukii	D. suzukii
A0ABM4TYL3	0	unassigned	suzukii	D. suzukii
A0ABM4TYL5	1	U-01	suzukii	D. suzukii
A0ABM4TYL6	1	U-01	suzukii	D. suzukii
A0ABM4TYL7	1	U-01	suzukii	D. suzukii
A0ABM4TYL9	1	U-01	suzukii	D. suzukii
A0ABM4TYM0	1	U-01	suzukii	D. suzukii
A0ABM4TYM1	0	unassigned	suzukii	D. suzukii
A0ABM4TYM2	0	unassigned	suzukii	D. suzukii
A0ABM4TYM3	0	unassigned	suzukii	D. suzukii
A0ABM4TYM6	0	unassigned	suzukii	D. suzukii
A0ABM4TYM7	0	unassigned	suzukii	D. suzukii
A0ABM4TYM8	0	unassigned	suzukii	D. suzukii
A0ABM4TYN1	1	U-01	suzukii	D. suzukii
A0ABM4TYN2	1	U-01	suzukii	D. suzukii
A0ABM4TYN4	1	U-01	suzukii	D. suzukii
A0ABM4TYN7	0	unassigned	suzukii	D. suzukii
A0ABM4TYP1	1	U-01	suzukii	D. suzukii
A0ABM4TYP3	1	U-01	suzukii	D. suzukii
A0ABM4TYP4	0	unassigned	suzukii	D. suzukii
A0ABM4TYP5	1	U-01	suzukii	D. suzukii
A0ABM4TYP9	1	U-01	suzukii	D. suzukii
A0ABM4TYQ0	1	U-01	suzukii	D. suzukii
A0ABM4TYQ1	0	unassigned	suzukii	D. suzukii
A0ABM4TYQ3	1	U-01	suzukii	D. suzukii
A0ABM4TYQ4	1	U-01	suzukii	D. suzukii
A0ABM4TYQ5	2	U-02	suzukii	D. suzukii
A0ABM4TYQ8	0	unassigned	suzukii	D. suzukii
A0ABM4TYQ9	0	unassigned	suzukii	D. suzukii
A0ABM4TYR0	0	unassigned	suzukii	D. suzukii
A0ABM4TYR1	0	unassigned	suzukii	D. suzukii
A0ABM4TYR2	0	unassigned	suzukii	D. suzukii
A0ABM4TYR3	0	unassigned	suzukii	D. suzukii
A0ABM4TYR6	1	U-01	suzukii	D. suzukii
A0ABM4TYR8	0	unassigned	suzukii	D. suzukii
A0ABM4TYR9	1	U-01	suzukii	D. suzukii
A0ABM4TYS2	0	unassigned	suzukii	D. suzukii
A0ABM4TYS7	0	unassigned	suzukii	D. suzukii
A0ABM4TYS9	0	unassigned	suzukii	D. suzukii
A0ABM4TYT1	0	unassigned	suzukii	D. suzukii
A0ABM4TYT2	1	U-01	suzukii	D. suzukii
A0ABM4TYT3	0	unassigned	suzukii	D. suzukii
A0ABM4TYT5	1	U-01	suzukii	D. suzukii
A0ABM4TYT6	0	unassigned	suzukii	D. suzukii
A0ABM4TYT7	1	U-01	suzukii	D. suzukii
A0ABM4TYU1	1	U-01	suzukii	D. suzukii
A0ABM4TYU3	0	unassigned	suzukii	D. suzukii
A0ABM4TYU5	1	U-01	suzukii	D. suzukii
A0ABM4TYU7	1	U-01	suzukii	D. suzukii
A0ABM4TYU9	0	unassigned	suzukii	D. suzukii
A0ABM4TYV0	0	unassigned	suzukii	D. suzukii
A0ABM4TYV1	0	unassigned	suzukii	D. suzukii
A0ABM4TYV3	0	unassigned	suzukii	D. suzukii
A0ABM4TYV4	0	unassigned	suzukii	D. suzukii
A0ABM4TYV7	1	U-01	suzukii	D. suzukii
A0ABM4TYV8	1	U-01	suzukii	D. suzukii
A0ABM4TYW1	0	unassigned	suzukii	D. suzukii
A0ABM4TYW2	1	U-01	suzukii	D. suzukii
A0ABM4TYW4	1	U-01	suzukii	D. suzukii
A0ABM4TYW5	1	U-01	suzukii	D. suzukii
A0ABM4TYW6	0	unassigned	suzukii	D. suzukii
A0ABM4TYW7	1	U-01	suzukii	D. suzukii
A0ABM4TYX0	0	unassigned	suzukii	D. suzukii
A0AB40DNE0	1	U-01	suzukii	D. suzukii
A0AB40DNE3	1	U-01	suzukii	D. suzukii
A0AB40DNH8	0	unassigned	suzukii	D. suzukii
A0AB40DNH9	0	unassigned	suzukii	D. suzukii
A0AB40DNI3	1	U-01	suzukii	D. suzukii
A0AB40DNI8	1	U-01	suzukii	D. suzukii
A0ABM4TVY0	2	U-02	suzukii	D. suzukii
A0ABM4TVY3	0	unassigned	suzukii	D. suzukii
A0ABM4TVZ6	0	unassigned	suzukii	D. suzukii
A0ABM4TW04	0	unassigned	suzukii	D. suzukii
A0ABM4TW11	1	U-01	suzukii	D. suzukii
A0ABM4TW15	0	unassigned	suzukii	D. suzukii
A0ABM4TW22	1	U-01	suzukii	D. suzukii
A0ABM4TW44	1	U-01	suzukii	D. suzukii
A0ABM4TW53	0	unassigned	suzukii	D. suzukii
A0ABM4TW54	0	unassigned	suzukii	D. suzukii
A0ABM4TW58	1	U-01	suzukii	D. suzukii
A0ABM4TW60	1	U-01	suzukii	D. suzukii
A0ABM4TW62	1	U-01	suzukii	D. suzukii
A0ABM4TW65	1	U-01	suzukii	D. suzukii
A0ABM4TW68	1	U-01	suzukii	D. suzukii
A0ABM4TW79	1	U-01	suzukii	D. suzukii
A0ABM4TW82	1	U-01	suzukii	D. suzukii
A0ABM4TW83	0	unassigned	suzukii	D. suzukii
A0ABM4TW85	1	U-01	suzukii	D. suzukii
A0ABM4TW90	1	U-01	suzukii	D. suzukii
A0ABM4TW91	0	unassigned	suzukii	D. suzukii
A0ABM4TW97	1	U-01	suzukii	D. suzukii
A0ABM4TW98	0	unassigned	suzukii	D. suzukii
A0ABM4TWB6	1	U-01	suzukii	D. suzukii
A0ABM4TWB9	0	unassigned	suzukii	D. suzukii
A0ABM4TWD1	1	U-01	suzukii	D. suzukii
A0ABM4TWD4	1	U-01	suzukii	D. suzukii
A0ABM4TWD6	1	U-01	suzukii	D. suzukii
A0ABM4TWD8	0	unassigned	suzukii	D. suzukii
A0ABM4TWD9	1	U-01	suzukii	D. suzukii
A0ABM4TWE0	1	U-01	suzukii	D. suzukii
A0ABM4TWE2	1	U-01	suzukii	D. suzukii
A0ABM4TWE3	1	U-01	suzukii	D. suzukii
A0ABM4TWE4	1	U-01	suzukii	D. suzukii
A0ABM4TWE6	1	U-01	suzukii	D. suzukii
A0ABM4TWE8	1	U-01	suzukii	D. suzukii
A0ABM4TWE9	1	U-01	suzukii	D. suzukii
A0ABM4TWF3	1	U-01	suzukii	D. suzukii
A0ABM4TWF6	1	U-01	suzukii	D. suzukii
A0ABM4TWF8	1	U-01	suzukii	D. suzukii
A0ABM4TWF9	1	U-01	suzukii	D. suzukii
A0ABM4TWG0	1	U-01	suzukii	D. suzukii
A0ABM4TWG2	2	U-02	suzukii	D. suzukii
A0ABM4TWG6	1	U-01	suzukii	D. suzukii
A0ABM4TWH2	2	U-02	suzukii	D. suzukii
A0ABM4TWH5	1	U-01	suzukii	D. suzukii
A0ABM4TWN2	1	U-01	suzukii	D. suzukii
A0ABM4TWP8	0	unassigned	suzukii	D. suzukii
A0ABM4TWS2	1	U-01	suzukii	D. suzukii
A0ABM4TWU7	0	unassigned	suzukii	D. suzukii
A0ABM4TWV5	0	unassigned	suzukii	D. suzukii
A0ABM4TWW1	1	U-01	suzukii	D. suzukii
A0ABM4TWW6	1	U-01	suzukii	D. suzukii
A0ABM4TWW9	1	U-01	suzukii	D. suzukii
A0ABM4TWX3	0	unassigned	suzukii	D. suzukii
A0ABM4TWY1	0	unassigned	suzukii	D. suzukii
A0ABM4TWZ4	1	U-01	suzukii	D. suzukii
A0ABM4TWZ8	0	unassigned	suzukii	D. suzukii
A0ABM4TX02	0	unassigned	suzukii	D. suzukii
A0ABM4TX09	0	unassigned	suzukii	D. suzukii
A0ABM4TX14	1	U-01	suzukii	D. suzukii
A0ABM4TX20	0	unassigned	suzukii	D. suzukii
A0ABM4TX26	0	unassigned	suzukii	D. suzukii
A0ABM4TX46	1	U-01	suzukii	D. suzukii
A0ABM4TX50	1	U-01	suzukii	D. suzukii
A0ABM4TX52	0	unassigned	suzukii	D. suzukii
A0ABM4TX88	1	U-01	suzukii	D. suzukii
A0ABM4TX99	1	U-01	suzukii	D. suzukii
A0ABM4TXA7	0	unassigned	suzukii	D. suzukii
A0ABM4TXD7	0	unassigned	suzukii	D. suzukii
A0ABM4TXD9	0	unassigned	suzukii	D. suzukii
A0ABM4TXE4	0	unassigned	suzukii	D. suzukii
A0ABM4TXE5	0	unassigned	suzukii	D. suzukii
A0ABM4TXF1	0	unassigned	suzukii	D. suzukii
A0ABM4TXF7	1	U-01	suzukii	D. suzukii
A0ABM4TXG6	0	unassigned	suzukii	D. suzukii
A0ABM4TXG7	1	U-01	suzukii	D. suzukii
A0ABM4TXG9	0	unassigned	suzukii	D. suzukii
A0ABM4TXH6	0	unassigned	suzukii	D. suzukii
A0ABM4TXI3	0	unassigned	suzukii	D. suzukii
A0ABM4TXK1	1	U-01	suzukii	D. suzukii
A0ABM4TXK5	0	unassigned	suzukii	D. suzukii
A0ABM4TXK6	1	U-01	suzukii	D. suzukii
A0ABM4TXL1	0	unassigned	suzukii	D. suzukii
A0ABM4TXL6	0	unassigned	suzukii	D. suzukii
A0ABM4TXL7	0	unassigned	suzukii	D. suzukii
A0ABM4TXM8	0	unassigned	suzukii	D. suzukii
A0ABM4TXN6	0	unassigned	suzukii	D. suzukii
A0ABM4TXN7	0	unassigned	suzukii	D. suzukii
A0ABM4TXP5	0	unassigned	suzukii	D. suzukii
A0ABM4TXQ8	0	unassigned	suzukii	D. suzukii
A0ABM4TXQ9	1	U-01	suzukii	D. suzukii
A0ABM4TXS4	0	unassigned	suzukii	D. suzukii
A0ABM4TXU5	0	unassigned	suzukii	D. suzukii
A0AB39ZW71	1	U-01	suzukii	D. suzukii
A0AB39ZW73	1	U-01	suzukii	D. suzukii
A0AB39ZW76	1	U-01	suzukii	D. suzukii
A0AB39ZW77	2	U-02	suzukii	D. suzukii
A0AB39ZW78	2	U-02	suzukii	D. suzukii
A0AB39ZW80	1	U-01	suzukii	D. suzukii
A0AB39ZW81	3	U-03	suzukii	D. suzukii
A0AB39ZW82	2	U-02	suzukii	D. suzukii
A0AB39ZW87	0	unassigned	suzukii	D. suzukii
A0AB39ZW89	1	U-01	suzukii	D. suzukii
A0AB39ZW90	1	U-01	suzukii	D. suzukii
A0AB39ZW91	1	U-01	suzukii	D. suzukii
A0AB39ZW92	1	U-01	suzukii	D. suzukii
A0AB39ZW99	2	U-02	suzukii	D. suzukii
A0AB39ZWA0	1	U-01	suzukii	D. suzukii
A0AB39ZWA4	2	U-02	suzukii	D. suzukii
A0AB39ZWA5	3	U-03	suzukii	D. suzukii
A0AB39ZWB6	1	U-01	suzukii	D. suzukii
A0AB39ZWB7	1	U-01	suzukii	D. suzukii
A0AB39ZWC0	1	U-01	suzukii	D. suzukii
A0AB39ZWC2	2	U-02	suzukii	D. suzukii
A0AB39ZWC5	1	U-01	suzukii	D. suzukii
A0AB39ZWC7	2	U-02	suzukii	D. suzukii
A0AB39ZWD1	0	unassigned	suzukii	D. suzukii
A0AB39ZWD3	1	U-01	suzukii	D. suzukii
A0AB39ZWD6	1	U-01	suzukii	D. suzukii
A0AB39ZWD8	1	U-01	suzukii	D. suzukii
A0AB39ZWE3	1	U-01	suzukii	D. suzukii
A0AB39ZWE4	3	U-03	suzukii	D. suzukii
A0AB39ZWE5	0	unassigned	suzukii	D. suzukii
A0AB39ZWE6	1	U-01	suzukii	D. suzukii
A0AB39ZWE7	1	U-01	suzukii	D. suzukii
A0AB39ZWF1	1	U-01	suzukii	D. suzukii
A0AB39ZWF3	2	U-02	suzukii	D. suzukii
A0AB39ZWF6	3	U-03	suzukii	D. suzukii
A0AB39ZWF7	1	U-01	suzukii	D. suzukii
A0AB39ZWG0	1	U-01	suzukii	D. suzukii
A0AB39ZWG1	1	U-01	suzukii	D. suzukii
A0AB39ZWG3	1	U-01	suzukii	D. suzukii
A0AB39ZWG4	1	U-01	suzukii	D. suzukii
A0AB39ZWG7	3	U-03	suzukii	D. suzukii
A0AB39ZWG8	1	U-01	suzukii	D. suzukii
A0AB39ZWH0	3	U-03	suzukii	D. suzukii
A0AB39ZWH1	1	U-01	suzukii	D. suzukii
A0AB39ZWH2	1	U-01	suzukii	D. suzukii
A0AB39ZWH3	3	U-03	suzukii	D. suzukii
A0AB39ZWH4	1	U-01	suzukii	D. suzukii
A0AB39ZWH5	1	U-01	suzukii	D. suzukii
A0AB39ZWH6	1	U-01	suzukii	D. suzukii
A0AB39ZWH9	1	U-01	suzukii	D. suzukii
A0AB39ZWI0	3	U-03	suzukii	D. suzukii
A0AB39ZWI1	1	U-01	suzukii	D. suzukii
A0AB39ZWI2	2	U-02	suzukii	D. suzukii
A0AB39ZWI3	1	U-01	suzukii	D. suzukii
A0AB39ZWI5	2	U-02	suzukii	D. suzukii
A0AB39ZWI8	0	unassigned	suzukii	D. suzukii
A0AB39ZWJ3	1	U-01	suzukii	D. suzukii
A0AB39ZWJ4	1	U-01	suzukii	D. suzukii
A0AB39ZWJ6	1	U-01	suzukii	D. suzukii
A0AB39ZWJ8	0	unassigned	suzukii	D. suzukii
A0AB39ZWK0	1	U-01	suzukii	D. suzukii
A0AB39ZWK2	2	U-02	suzukii	D. suzukii
A0AB39ZWK3	1	U-01	suzukii	D. suzukii
A0AB39ZWK4	0	unassigned	suzukii	D. suzukii
A0AB39ZWK6	1	U-01	suzukii	D. suzukii
A0AB39ZWK8	1	U-01	suzukii	D. suzukii
A0AB39ZWK9	1	U-01	suzukii	D. suzukii
A0AB39ZWL1	0	unassigned	suzukii	D. suzukii
A0AB39ZWL2	1	U-01	suzukii	D. suzukii
A0AB39ZWL3	1	U-01	suzukii	D. suzukii
A0AB39ZWL4	1	U-01	suzukii	D. suzukii
A0AB39ZWL8	2	U-02	suzukii	D. suzukii
A0AB39ZWL9	1	U-01	suzukii	D. suzukii
A0AB39ZWM2	2	U-02	suzukii	D. suzukii
A0AB39ZWM3	0	unassigned	suzukii	D. suzukii
A0AB39ZWM5	1	U-01	suzukii	D. suzukii
A0AB39ZWM8	1	U-01	suzukii	D. suzukii
A0AB39ZWN0	3	U-03	suzukii	D. suzukii
A0AB39ZWN1	1	U-01	suzukii	D. suzukii
A0AB39ZWN4	3	U-03	suzukii	D. suzukii
A0AB39ZWN5	0	unassigned	suzukii	D. suzukii
A0AB39ZWN6	1	U-01	suzukii	D. suzukii
A0AB39ZWN7	1	U-01	suzukii	D. suzukii
A0AB39ZWP0	1	U-01	suzukii	D. suzukii
A0AB39ZWP1	1	U-01	suzukii	D. suzukii
A0AB39ZWP4	1	U-01	suzukii	D. suzukii
A0AB39ZWP5	2	U-02	suzukii	D. suzukii
A0AB39ZWP7	1	U-01	suzukii	D. suzukii
A0AB39ZWP8	0	unassigned	suzukii	D. suzukii
A0AB39ZWP9	1	U-01	suzukii	D. suzukii
A0AB39ZWQ0	2	U-02	suzukii	D. suzukii
A0AB40A3W0	1	U-01	suzukii	D. suzukii
A0AB40A3W1	1	U-01	suzukii	D. suzukii
A0AB40A3W2	1	U-01	suzukii	D. suzukii
A0AB40A3W6	1	U-01	suzukii	D. suzukii
A0AB40A3X0	1	U-01	suzukii	D. suzukii
A0AB40A3X2	1	U-01	suzukii	D. suzukii
A0AB40A3X9	1	U-01	suzukii	D. suzukii
A0AB40A3Y1	1	U-01	suzukii	D. suzukii
A0AB40A3Y3	0	unassigned	suzukii	D. suzukii
A0ABM4TXI6	0	unassigned	suzukii	D. suzukii
A0ABM4TXI7	0	unassigned	suzukii	D. suzukii
A0ABM4TXI8	0	unassigned	suzukii	D. suzukii
A0ABM4TXI9	0	unassigned	suzukii	D. suzukii
A0ABM4TXJ0	0	unassigned	suzukii	D. suzukii
A0ABM4TXJ1	0	unassigned	suzukii	D. suzukii
A0ABM4TXJ2	1	U-01	suzukii	D. suzukii
A0ABM4TXJ3	0	unassigned	suzukii	D. suzukii
A0ABM4TXJ4	0	unassigned	suzukii	D. suzukii
A0ABM4TXJ5	1	U-01	suzukii	D. suzukii
A0ABM4TXJ6	1	U-01	suzukii	D. suzukii
A0ABM4TXJ7	0	unassigned	suzukii	D. suzukii
A0ABM4TXJ8	0	unassigned	suzukii	D. suzukii
A0ABM4TXJ9	0	unassigned	suzukii	D. suzukii
A0ABM4TXK0	0	unassigned	suzukii	D. suzukii
A0ABM4TXK2	0	unassigned	suzukii	D. suzukii
A0ABM4TXK3	1	U-01	suzukii	D. suzukii
A0ABM4TXK4	0	unassigned	suzukii	D. suzukii
A0ABM4TXK7	1	U-01	suzukii	D. suzukii
A0ABM4TXK8	0	unassigned	suzukii	D. suzukii
A0ABM4TXK9	0	unassigned	suzukii	D. suzukii
A0ABM4TXL0	0	unassigned	suzukii	D. suzukii
A0ABM4TXL2	0	unassigned	suzukii	D. suzukii
A0ABM4TXL3	0	unassigned	suzukii	D. suzukii
A0ABM4TXL4	0	unassigned	suzukii	D. suzukii
A0ABM4TXL5	0	unassigned	suzukii	D. suzukii
A0ABM4TXL8	0	unassigned	suzukii	D. suzukii
A0ABM4TXL9	0	unassigned	suzukii	D. suzukii
A0ABM4TXM0	0	unassigned	suzukii	D. suzukii
A0ABM4TXM1	0	unassigned	suzukii	D. suzukii
A0ABM4TXM2	0	unassigned	suzukii	D. suzukii
A0ABM4TXM3	0	unassigned	suzukii	D. suzukii
A0ABM4TXM4	0	unassigned	suzukii	D. suzukii
A0ABM4TXM5	0	unassigned	suzukii	D. suzukii
A0ABM4TXM6	0	unassigned	suzukii	D. suzukii
A0ABM4TXM7	0	unassigned	suzukii	D. suzukii
A0ABM4TXM9	0	unassigned	suzukii	D. suzukii
A0ABM4TXN0	0	unassigned	suzukii	D. suzukii
A0ABM4TXN1	0	unassigned	suzukii	D. suzukii
A0ABM4TXN2	0	unassigned	suzukii	D. suzukii
A0ABM4TXN3	0	unassigned	suzukii	D. suzukii
A0ABM4TXN4	1	U-01	suzukii	D. suzukii
A0ABM4TXN5	0	unassigned	suzukii	D. suzukii
A0ABM4TXN8	0	unassigned	suzukii	D. suzukii
A0ABM4TXN9	0	unassigned	suzukii	D. suzukii
A0ABM4TXP0	0	unassigned	suzukii	D. suzukii
A0ABM4TXP1	0	unassigned	suzukii	D. suzukii
A0ABM4TXP2	0	unassigned	suzukii	D. suzukii
A0ABM4TXP3	1	U-01	suzukii	D. suzukii
A0ABM4TXP4	0	unassigned	suzukii	D. suzukii
A0ABM4TXP6	0	unassigned	suzukii	D. suzukii
A0ABM4TXP7	0	unassigned	suzukii	D. suzukii
A0ABM4TXP8	0	unassigned	suzukii	D. suzukii
A0ABM4TXP9	0	unassigned	suzukii	D. suzukii
A0ABM4TXQ0	0	unassigned	suzukii	D. suzukii
A0ABM4TXQ1	0	unassigned	suzukii	D. suzukii
A0ABM4TXQ3	0	unassigned	suzukii	D. suzukii
A0ABM4TXQ4	1	U-01	suzukii	D. suzukii
A0ABM4TXQ5	0	unassigned	suzukii	D. suzukii
A0ABM4TXQ7	0	unassigned	suzukii	D. suzukii
A0ABM4TXR0	1	U-01	suzukii	D. suzukii
A0ABM4TXR2	1	U-01	suzukii	D. suzukii
A0ABM4TXR3	0	unassigned	suzukii	D. suzukii
A0ABM4TXR4	0	unassigned	suzukii	D. suzukii
A0ABM4TXR5	0	unassigned	suzukii	D. suzukii
A0ABM4TXR6	0	unassigned	suzukii	D. suzukii
A0ABM4TXR7	0	unassigned	suzukii	D. suzukii
A0ABM4TXR8	0	unassigned	suzukii	D. suzukii
A0ABM4TXR9	0	unassigned	suzukii	D. suzukii
A0ABM4TXS0	0	unassigned	suzukii	D. suzukii
A0ABM4TXS1	0	unassigned	suzukii	D. suzukii
A0ABM4TXS2	0	unassigned	suzukii	D. suzukii
A0AB39YWH4	2	U-02	suzukii	D. suzukii
A0AB39YWH7	1	U-01	suzukii	D. suzukii
A0AB39YWH8	0	unassigned	suzukii	D. suzukii
A0AB39YWI0	1	U-01	suzukii	D. suzukii
A0AB39YWI4	1	U-01	suzukii	D. suzukii
A0AB39YWI6	1	U-01	suzukii	D. suzukii
A0AB39YWJ0	1	U-01	suzukii	D. suzukii
A0AB39YWJ5	1	U-01	suzukii	D. suzukii
A0AB39YWJ8	1	U-01	suzukii	D. suzukii
A0AB39YWK1	2	U-02	suzukii	D. suzukii
A0AB39YWK4	1	U-01	suzukii	D. suzukii
A0AB39YWK5	1	U-01	suzukii	D. suzukii
A0AB39YWK7	3	U-03	suzukii	D. suzukii
A0AB39YWK8	2	U-02	suzukii	D. suzukii
A0AB39YWK9	1	U-01	suzukii	D. suzukii
A0AB39YWL4	2	U-02	suzukii	D. suzukii
A0AB39YWL5	1	U-01	suzukii	D. suzukii
A0AB39YWL7	0	unassigned	suzukii	D. suzukii
A0AB39YWL9	1	U-01	suzukii	D. suzukii
A0AB39YWM1	1	U-01	suzukii	D. suzukii
A0AB39YWM2	1	U-01	suzukii	D. suzukii
A0AB39YWM3	1	U-01	suzukii	D. suzukii
A0AB39YWM5	1	U-01	suzukii	D. suzukii
A0AB39YYZ7	1	U-01	suzukii	D. suzukii
A0AB39YYZ9	1	U-01	suzukii	D. suzukii
A0AB39YZ00	1	U-01	suzukii	D. suzukii
A0AB39YZ03	1	U-01	suzukii	D. suzukii
A0AB39YZ09	1	U-01	suzukii	D. suzukii
A0AB39YZ10	1	U-01	suzukii	D. suzukii
A0AB39YZ12	2	U-02	suzukii	D. suzukii
A0AB39YZ13	1	U-01	suzukii	D. suzukii
A0AB39YZ15	0	unassigned	suzukii	D. suzukii
A0AB39YZ19	1	U-01	suzukii	D. suzukii
A0AB39YZ21	1	U-01	suzukii	D. suzukii
A0AB39YZ22	1	U-01	suzukii	D. suzukii
A0AB39YZ23	0	unassigned	suzukii	D. suzukii
A0AB39YZ26	1	U-01	suzukii	D. suzukii
A0AB39YZ27	1	U-01	suzukii	D. suzukii
A0AB39YZ28	1	U-01	suzukii	D. suzukii
A0AB39YZ29	2	U-02	suzukii	D. suzukii
A0AB39YZ31	1	U-01	suzukii	D. suzukii
A0AB39YZ32	0	unassigned	suzukii	D. suzukii
A0AB39YZ33	1	U-01	suzukii	D. suzukii
A0AB39YZ34	1	U-01	suzukii	D. suzukii
A0AB39YZ36	1	U-01	suzukii	D. suzukii
A0AB39YZ40	3	U-03	suzukii	D. suzukii
A0AB39YZ41	1	U-01	suzukii	D. suzukii
A0AB39YZ42	1	U-01	suzukii	D. suzukii
A0AB39YZ45	0	unassigned	suzukii	D. suzukii
A0AB39YZ48	0	unassigned	suzukii	D. suzukii
A0AB39YZ49	0	unassigned	suzukii	D. suzukii
A0AB39YZ53	0	unassigned	suzukii	D. suzukii
A0AB39YZ54	1	U-01	suzukii	D. suzukii
A0AB39YZ57	1	U-01	suzukii	D. suzukii
A0AB39YZ60	0	unassigned	suzukii	D. suzukii
A0AB39YZ65	1	U-01	suzukii	D. suzukii
A0AB39YZ66	1	U-01	suzukii	D. suzukii
A0AB39YZ67	1	U-01	suzukii	D. suzukii
A0AB39YZ70	1	U-01	suzukii	D. suzukii
A0AB39YZ71	1	U-01	suzukii	D. suzukii
A0AB39YZ72	1	U-01	suzukii	D. suzukii
A0AB39YZ73	2	U-02	suzukii	D. suzukii
A0AB39YZ75	1	U-01	suzukii	D. suzukii
A0AB39YZ76	1	U-01	suzukii	D. suzukii
A0AB39YZ78	1	U-01	suzukii	D. suzukii
A0AB39YZ80	1	U-01	suzukii	D. suzukii
A0AB39YZ84	0	unassigned	suzukii	D. suzukii
A0AB39YZ85	1	U-01	suzukii	D. suzukii
A0AB39YZ88	1	U-01	suzukii	D. suzukii
A0AB39YZ89	1	U-01	suzukii	D. suzukii
A0AB39YZ92	0	unassigned	suzukii	D. suzukii
A0AB39YZ93	0	unassigned	suzukii	D. suzukii
A0AB39YZ94	1	U-01	suzukii	D. suzukii
A0AB39YZ96	2	U-02	suzukii	D. suzukii
A0AB39YZ97	1	U-01	suzukii	D. suzukii
A0AB39YZ98	0	unassigned	suzukii	D. suzukii
A0AB39YZA2	1	U-01	suzukii	D. suzukii
A0AB39YZA4	1	U-01	suzukii	D. suzukii
A0AB39YZA6	1	U-01	suzukii	D. suzukii
A0AB39YZA8	1	U-01	suzukii	D. suzukii
A0AB39YZA9	1	U-01	suzukii	D. suzukii
A0AB39YZB2	1	U-01	suzukii	D. suzukii
A0AB39YZB4	2	U-02	suzukii	D. suzukii
A0AB39YZB5	1	U-01	suzukii	D. suzukii
A0AB39YZB6	1	U-01	suzukii	D. suzukii
A0AB39YZC1	1	U-01	suzukii	D. suzukii
A0AB39YZC2	1	U-01	suzukii	D. suzukii
A0AB39YZC3	1	U-01	suzukii	D. suzukii
A0AB39YZC4	2	U-02	suzukii	D. suzukii
A0AB39YZC7	1	U-01	suzukii	D. suzukii
A0AB39YZD2	1	U-01	suzukii	D. suzukii
A0AB39YZD5	1	U-01	suzukii	D. suzukii
A0AB39YZD6	1	U-01	suzukii	D. suzukii
A0AB39YZD7	3	U-03	suzukii	D. suzukii
A0AB39YZD9	0	unassigned	suzukii	D. suzukii
A0AB39YZE0	0	unassigned	suzukii	D. suzukii
A0AB39YZE1	2	U-02	suzukii	D. suzukii
A0AB39YZE2	0	unassigned	suzukii	D. suzukii
A0AB39YZE5	1	U-01	suzukii	D. suzukii
A0AB39YZE8	2	U-02	suzukii	D. suzukii
A0AB39ZL39	1	U-01	suzukii	D. suzukii
A0AB39ZL40	1	U-01	suzukii	D. suzukii
A0AB39ZL43	1	U-01	suzukii	D. suzukii
A0AB39ZL44	2	U-02	suzukii	D. suzukii
A0AB39ZL45	2	U-02	suzukii	D. suzukii
A0AB39ZL46	1	U-01	suzukii	D. suzukii
A0AB39ZL47	1	U-01	suzukii	D. suzukii
A0AB39ZPJ7	1	U-01	suzukii	D. suzukii
A0AB39ZPJ9	1	U-01	suzukii	D. suzukii
A0AB39ZPK0	3	U-03	suzukii	D. suzukii
A0AB39ZPK1	1	U-01	suzukii	D. suzukii
A0AB39ZPK4	1	U-01	suzukii	D. suzukii
A0AB39ZPK5	1	U-01	suzukii	D. suzukii
A0AB39ZPK6	0	unassigned	suzukii	D. suzukii
A0AB39ZPK7	0	unassigned	suzukii	D. suzukii
A0AB39ZPK8	1	U-01	suzukii	D. suzukii
A0AB39ZPL0	0	unassigned	suzukii	D. suzukii
A0AB39ZPL1	1	U-01	suzukii	D. suzukii
A0AB39ZPL3	1	U-01	suzukii	D. suzukii
A0AB39ZPL5	1	U-01	suzukii	D. suzukii
A0AB39ZPL6	0	unassigned	suzukii	D. suzukii
A0AB39ZPL8	1	U-01	suzukii	D. suzukii
A0AB39ZPL9	0	unassigned	suzukii	D. suzukii
A0AB39ZPM2	1	U-01	suzukii	D. suzukii
A0AB39ZPM7	1	U-01	suzukii	D. suzukii
A0AB39ZPN0	1	U-01	suzukii	D. suzukii
A0AB39ZPN1	0	unassigned	suzukii	D. suzukii
A0AB39ZPN3	0	unassigned	suzukii	D. suzukii
A0AB39ZPN5	1	U-01	suzukii	D. suzukii
A0AB39ZPN7	1	U-01	suzukii	D. suzukii
A0AB39ZPP0	1	U-01	suzukii	D. suzukii
A0AB39ZPP2	0	unassigned	suzukii	D. suzukii
A0AB39ZPP3	1	U-01	suzukii	D. suzukii
A0AB39ZPP6	1	U-01	suzukii	D. suzukii
A0AB39ZPP7	1	U-01	suzukii	D. suzukii
A0AB39ZPP8	0	unassigned	suzukii	D. suzukii
A0AB39ZPP9	0	unassigned	suzukii	D. suzukii
A0AB39ZPQ1	1	U-01	suzukii	D. suzukii
A0AB39ZPQ4	1	U-01	suzukii	D. suzukii
A0AB39ZPQ7	1	U-01	suzukii	D. suzukii
A0AB39ZPQ8	1	U-01	suzukii	D. suzukii
A0AB39ZPR3	1	U-01	suzukii	D. suzukii
A0AB39ZPR4	0	unassigned	suzukii	D. suzukii
A0AB39ZPR5	1	U-01	suzukii	D. suzukii
A0AB39ZPR9	1	U-01	suzukii	D. suzukii
A0AB39ZPS3	1	U-01	suzukii	D. suzukii
A0AB39ZPS5	1	U-01	suzukii	D. suzukii
A0AB39ZPS6	1	U-01	suzukii	D. suzukii
A0AB39ZPS7	3	U-03	suzukii	D. suzukii
A0AB39ZPS8	1	U-01	suzukii	D. suzukii
A0AB39ZPT1	0	unassigned	suzukii	D. suzukii
A0AB39ZPT4	1	U-01	suzukii	D. suzukii
A0AB39ZPT5	1	U-01	suzukii	D. suzukii
A0AB39ZPT9	0	unassigned	suzukii	D. suzukii
A0AB39ZPU1	1	U-01	suzukii	D. suzukii
A0AB39ZPU2	3	U-03	suzukii	D. suzukii
A0AB39ZPU5	0	unassigned	suzukii	D. suzukii
A0AB39ZPU6	3	U-03	suzukii	D. suzukii
A0AB39ZPV0	1	U-01	suzukii	D. suzukii
A0AB39ZPV2	1	U-01	suzukii	D. suzukii
A0AB39ZPV6	1	U-01	suzukii	D. suzukii
A0AB39ZPV7	1	U-01	suzukii	D. suzukii
A0AB39ZPV8	1	U-01	suzukii	D. suzukii
A0AB39ZPW0	0	unassigned	suzukii	D. suzukii
A0AB39ZPW2	1	U-01	suzukii	D. suzukii
A0AB39ZPW5	1	U-01	suzukii	D. suzukii
A0AB39ZPX2	1	U-01	suzukii	D. suzukii
A0AB39ZPX3	1	U-01	suzukii	D. suzukii
A0AB39ZPX6	0	unassigned	suzukii	D. suzukii
A0AB39ZPX8	1	U-01	suzukii	D. suzukii
A0AB39ZPY3	1	U-01	suzukii	D. suzukii
A0AB39ZPY4	1	U-01	suzukii	D. suzukii
A0AB39ZPY5	1	U-01	suzukii	D. suzukii
A0AB39ZPY8	1	U-01	suzukii	D. suzukii
A0AB39ZPY9	1	U-01	suzukii	D. suzukii
A0AB39ZPZ3	0	unassigned	suzukii	D. suzukii
A0AB39ZPZ6	1	U-01	suzukii	D. suzukii
A0AB39ZPZ7	0	unassigned	suzukii	D. suzukii
A0AB39ZPZ8	1	U-01	suzukii	D. suzukii
A0AB39ZPZ9	1	U-01	suzukii	D. suzukii
A0AB39ZQ00	0	unassigned	suzukii	D. suzukii
A0AB39ZQ01	1	U-01	suzukii	D. suzukii
A0AB39ZQ03	1	U-01	suzukii	D. suzukii
A0AB39ZQ04	1	U-01	suzukii	D. suzukii
A0AB39ZQ05	0	unassigned	suzukii	D. suzukii
A0AB39ZQ06	1	U-01	suzukii	D. suzukii
A0AB39ZQ09	1	U-01	suzukii	D. suzukii
A0AB39ZQ10	0	unassigned	suzukii	D. suzukii
A0AB39ZQ15	0	unassigned	suzukii	D. suzukii
A0AB39ZQ17	0	unassigned	suzukii	D. suzukii
A0AB39ZQ20	1	U-01	suzukii	D. suzukii
A0AB39ZQ22	1	U-01	suzukii	D. suzukii
A0AB39ZQ24	1	U-01	suzukii	D. suzukii
A0AB39ZQ26	1	U-01	suzukii	D. suzukii
A0AB39ZQ34	1	U-01	suzukii	D. suzukii
A0AB39ZQ35	3	U-03	suzukii	D. suzukii
A0AB39ZQ36	1	U-01	suzukii	D. suzukii
A0AB39ZQ40	1	U-01	suzukii	D. suzukii
A0AB39ZQ42	1	U-01	suzukii	D. suzukii
A0AB39ZQ43	1	U-01	suzukii	D. suzukii
A0AB40A9B0	0	unassigned	suzukii	D. suzukii
A0AB40A9B4	1	U-01	suzukii	D. suzukii
A0AB40A9B7	1	U-01	suzukii	D. suzukii
A0AB40A9B9	1	U-01	suzukii	D. suzukii
A0AB40A9C0	2	U-02	suzukii	D. suzukii
A0AB40A9C2	1	U-01	suzukii	D. suzukii
A0AB40A9C5	1	U-01	suzukii	D. suzukii
A0AB40A9D0	1	U-01	suzukii	D. suzukii
A0AB40A9D2	1	U-01	suzukii	D. suzukii
A0AB40A9D3	1	U-01	suzukii	D. suzukii
A0AB40A9D8	1	U-01	suzukii	D. suzukii
A0AB40A9E0	1	U-01	suzukii	D. suzukii
A0AB40A9E1	1	U-01	suzukii	D. suzukii
A0AB40A9E4	1	U-01	suzukii	D. suzukii
A0AB40A9F4	1	U-01	suzukii	D. suzukii
A0AB40A9F7	1	U-01	suzukii	D. suzukii
A0AB40A9G2	1	U-01	suzukii	D. suzukii
A0AB40A9G4	1	U-01	suzukii	D. suzukii
A0AB40A9H1	1	U-01	suzukii	D. suzukii
A0AB40A9H5	1	U-01	suzukii	D. suzukii
A0AB40A9H7	2	U-02	suzukii	D. suzukii
A0AB40A9I1	1	U-01	suzukii	D. suzukii
A0AB40A9I2	1	U-01	suzukii	D. suzukii
A0AB40A9I3	2	U-02	suzukii	D. suzukii
A0AB40A9I4	1	U-01	suzukii	D. suzukii
A0AB40A9I5	0	unassigned	suzukii	D. suzukii
A0AB40A9I6	0	unassigned	suzukii	D. suzukii
A0AB40A9I8	1	U-01	suzukii	D. suzukii
A0AB40A9J0	2	U-02	suzukii	D. suzukii
A0AB40A9J2	1	U-01	suzukii	D. suzukii
A0AB40A9J9	1	U-01	suzukii	D. suzukii
A0AB40A9K1	1	U-01	suzukii	D. suzukii
A0AB40A9K2	1	U-01	suzukii	D. suzukii
A0AB40A9K3	1	U-01	suzukii	D. suzukii
A0AB40A9K4	1	U-01	suzukii	D. suzukii
A0AB40A9K5	1	U-01	suzukii	D. suzukii
A0AB40A9K6	1	U-01	suzukii	D. suzukii
A0AB40A9K7	0	unassigned	suzukii	D. suzukii
A0AB40A9K9	1	U-01	suzukii	D. suzukii
A0AB40A9L1	1	U-01	suzukii	D. suzukii
A0AB40A9L2	1	U-01	suzukii	D. suzukii
A0AB40A9L5	1	U-01	suzukii	D. suzukii
A0AB40A9L8	1	U-01	suzukii	D. suzukii
A0AB40A9M3	1	U-01	suzukii	D. suzukii
A0AB40A9M7	1	U-01	suzukii	D. suzukii
A0AB40A9M8	1	U-01	suzukii	D. suzukii
A0AB40A9M9	1	U-01	suzukii	D. suzukii
A0AB40A9N1	1	U-01	suzukii	D. suzukii
A0AB40A9N2	1	U-01	suzukii	D. suzukii
A0AB40A9N4	1	U-01	suzukii	D. suzukii
A0AB40A9N5	3	U-03	suzukii	D. suzukii
A0AB40A9N6	1	U-01	suzukii	D. suzukii
A0AB40A9N7	1	U-01	suzukii	D. suzukii
A0AB40A9N8	1	U-01	suzukii	D. suzukii
A0AB40A9N9	1	U-01	suzukii	D. suzukii
A0AB40A9P2	1	U-01	suzukii	D. suzukii
A0AB40A9P4	1	U-01	suzukii	D. suzukii
A0AB40A9P5	1	U-01	suzukii	D. suzukii
A0AB40A9P6	1	U-01	suzukii	D. suzukii
A0AB40A9P9	1	U-01	suzukii	D. suzukii
A0AB40A9Q2	1	U-01	suzukii	D. suzukii
A0AB40A9Q3	1	U-01	suzukii	D. suzukii
A0AB40A9Q5	2	U-02	suzukii	D. suzukii
A0AB40A9Q6	2	U-02	suzukii	D. suzukii
A0AB40A9R0	1	U-01	suzukii	D. suzukii
A0AB40A9R2	1	U-01	suzukii	D. suzukii
A0AB40A9R6	2	U-02	suzukii	D. suzukii
A0AB40A9R8	1	U-01	suzukii	D. suzukii
A0AB40A9R9	1	U-01	suzukii	D. suzukii
A0AB40A9S0	1	U-01	suzukii	D. suzukii
A0AB40A9S4	2	U-02	suzukii	D. suzukii
A0AB40A9S7	1	U-01	suzukii	D. suzukii
A0AB40A9S8	1	U-01	suzukii	D. suzukii
A0AB40A9T3	1	U-01	suzukii	D. suzukii
A0AB40A9T5	2	U-02	suzukii	D. suzukii
A0AB40A9T9	3	U-03	suzukii	D. suzukii
A0AB40A9U2	1	U-01	suzukii	D. suzukii
A0AB40A9U7	1	U-01	suzukii	D. suzukii
A0AB40A9V1	1	U-01	suzukii	D. suzukii
A0AB40A9V4	1	U-01	suzukii	D. suzukii
A0AB40A9V6	1	U-01	suzukii	D. suzukii
A0AB40A9V8	3	U-03	suzukii	D. suzukii
A0AB40A9V9	1	U-01	suzukii	D. suzukii
A0AB40A9W2	0	unassigned	suzukii	D. suzukii
A0AB40A9W8	1	U-01	suzukii	D. suzukii
A0AB40A9X0	1	U-01	suzukii	D. suzukii
A0AB40A9X2	2	U-02	suzukii	D. suzukii
A0AB40A9X3	1	U-01	suzukii	D. suzukii
A0AB40A9X6	1	U-01	suzukii	D. suzukii
A0AB40A9X8	1	U-01	suzukii	D. suzukii
A0AB40A9Y0	0	unassigned	suzukii	D. suzukii
A0AB40ADM2	1	U-01	suzukii	D. suzukii
A0AB40ADM3	1	U-01	suzukii	D. suzukii
A0AB40ADM4	1	U-01	suzukii	D. suzukii
A0AB40ADM5	1	U-01	suzukii	D. suzukii
A0AB40ADM8	1	U-01	suzukii	D. suzukii
A0AB40ADM9	1	U-01	suzukii	D. suzukii
A0AB40ADN0	1	U-01	suzukii	D. suzukii
A0AB40ADN6	1	U-01	suzukii	D. suzukii
A0AB40ADN7	1	U-01	suzukii	D. suzukii
A0ABM4TTB0	0	unassigned	suzukii	D. suzukii
A0ABM4TTB1	1	U-01	suzukii	D. suzukii
A0ABM4TTB2	0	unassigned	suzukii	D. suzukii
A0ABM4TTB3	0	unassigned	suzukii	D. suzukii
A0ABM4TTB5	0	unassigned	suzukii	D. suzukii
A0ABM4TTB8	0	unassigned	suzukii	D. suzukii
A0ABM4TTD5	3	U-03	suzukii	D. suzukii
A0ABM4TTF8	1	U-01	suzukii	D. suzukii
A0ABM4TTH0	1	U-01	suzukii	D. suzukii
A0ABM4TTH1	1	U-01	suzukii	D. suzukii
A0ABM4TTH5	1	U-01	suzukii	D. suzukii
A0ABM4TTH7	2	U-02	suzukii	D. suzukii
A0ABM4TTH9	0	unassigned	suzukii	D. suzukii
A0ABM4TTI0	1	U-01	suzukii	D. suzukii
A0ABM4TTI1	1	U-01	suzukii	D. suzukii
A0ABM4TTI2	1	U-01	suzukii	D. suzukii
A0ABM4TTI3	1	U-01	suzukii	D. suzukii
A0ABM4TTI5	1	U-01	suzukii	D. suzukii
A0ABM4TTI6	1	U-01	suzukii	D. suzukii
A0ABM4TTI9	1	U-01	suzukii	D. suzukii
A0ABM4TTJ2	1	U-01	suzukii	D. suzukii
A0ABM4TTJ9	1	U-01	suzukii	D. suzukii
A0ABM4TTK5	1	U-01	suzukii	D. suzukii
A0ABM4TTK6	1	U-01	suzukii	D. suzukii
A0ABM4TTL0	1	U-01	suzukii	D. suzukii
A0ABM4TTL3	1	U-01	suzukii	D. suzukii
A0ABM4TTL5	1	U-01	suzukii	D. suzukii
A0ABM4TTM1	3	U-03	suzukii	D. suzukii
A0ABM4TTM2	0	unassigned	suzukii	D. suzukii
A0ABM4TTM4	1	U-01	suzukii	D. suzukii
A0ABM4TTM6	1	U-01	suzukii	D. suzukii
A0ABM4TTN2	1	U-01	suzukii	D. suzukii
A0ABM4TTN3	1	U-01	suzukii	D. suzukii
A0ABM4TTN5	1	U-01	suzukii	D. suzukii
A0ABM4TTN6	0	unassigned	suzukii	D. suzukii
A0ABM4TTN7	1	U-01	suzukii	D. suzukii
A0ABM4TTN9	1	U-01	suzukii	D. suzukii
A0ABM4TTP0	0	unassigned	suzukii	D. suzukii
A0ABM4TTP1	1	U-01	suzukii	D. suzukii
A0ABM4TTP2	1	U-01	suzukii	D. suzukii
A0ABM4TTP5	1	U-01	suzukii	D. suzukii
A0ABM4TTP6	0	unassigned	suzukii	D. suzukii
A0ABM4TTQ0	1	U-01	suzukii	D. suzukii
A0ABM4TTQ1	1	U-01	suzukii	D. suzukii
A0ABM4TTQ6	1	U-01	suzukii	D. suzukii
A0ABM4TTQ7	0	unassigned	suzukii	D. suzukii
A0ABM4TTQ9	1	U-01	suzukii	D. suzukii
A0ABM4TTR8	0	unassigned	suzukii	D. suzukii
A0ABM4TTS1	1	U-01	suzukii	D. suzukii
A0ABM4TTS3	1	U-01	suzukii	D. suzukii
A0ABM4TTS5	1	U-01	suzukii	D. suzukii
A0ABM4TTS6	1	U-01	suzukii	D. suzukii
A0ABM4TTS7	1	U-01	suzukii	D. suzukii
A0ABM4TTS8	1	U-01	suzukii	D. suzukii
A0ABM4TTS9	1	U-01	suzukii	D. suzukii
A0ABM4TTT1	3	U-03	suzukii	D. suzukii
A0ABM4TTT2	2	U-02	suzukii	D. suzukii
A0ABM4TTT6	1	U-01	suzukii	D. suzukii
A0ABM4TTT7	1	U-01	suzukii	D. suzukii
A0ABM4TTT9	1	U-01	suzukii	D. suzukii
A0ABM4TTU4	1	U-01	suzukii	D. suzukii
A0ABM4TTU6	2	U-02	suzukii	D. suzukii
A0ABM4TVP6	1	U-01	suzukii	D. suzukii
A0ABM4TVP8	1	U-01	suzukii	D. suzukii
A0ABM4TVP9	1	U-01	suzukii	D. suzukii
A0ABM4TVQ0	1	U-01	suzukii	D. suzukii
A0ABM4TVQ1	1	U-01	suzukii	D. suzukii
A0ABM4TVQ2	1	U-01	suzukii	D. suzukii
A0ABM4TVQ3	1	U-01	suzukii	D. suzukii
A0ABM4TVQ4	1	U-01	suzukii	D. suzukii
A0ABM4TVQ5	1	U-01	suzukii	D. suzukii
A0ABM4TVQ6	0	unassigned	suzukii	D. suzukii
A0ABM4TVQ8	1	U-01	suzukii	D. suzukii
A0ABM4TVR0	1	U-01	suzukii	D. suzukii
A0ABM4TVR1	1	U-01	suzukii	D. suzukii
A0ABM4TVR2	1	U-01	suzukii	D. suzukii
A0ABM4TVR3	1	U-01	suzukii	D. suzukii
A0ABM4TVR4	1	U-01	suzukii	D. suzukii
A0ABM4TVR5	0	unassigned	suzukii	D. suzukii
A0ABM4TVR6	0	unassigned	suzukii	D. suzukii
A0ABM4TVR7	0	unassigned	suzukii	D. suzukii
A0ABM4TVR8	0	unassigned	suzukii	D. suzukii
A0ABM4TVR9	0	unassigned	suzukii	D. suzukii
A0ABM4TVS0	1	U-01	suzukii	D. suzukii
A0ABM4TVS2	1	U-01	suzukii	D. suzukii
A0ABM4TVS5	0	unassigned	suzukii	D. suzukii
A0ABM4TVS6	1	U-01	suzukii	D. suzukii
A0ABM4TVS7	0	unassigned	suzukii	D. suzukii
A0ABM4TVS8	0	unassigned	suzukii	D. suzukii
A0ABM4TVS9	0	unassigned	suzukii	D. suzukii
A0ABM4TVT1	1	U-01	suzukii	D. suzukii
A0ABM4TVT2	0	unassigned	suzukii	D. suzukii
A0ABM4TVT3	0	unassigned	suzukii	D. suzukii
A0ABM4TVT6	0	unassigned	suzukii	D. suzukii
A0ABM4TVT7	1	U-01	suzukii	D. suzukii
A0ABM4TVT8	0	unassigned	suzukii	D. suzukii
A0ABM4TVT9	1	U-01	suzukii	D. suzukii
A0ABM4TVU1	0	unassigned	suzukii	D. suzukii
A0ABM4TVU2	1	U-01	suzukii	D. suzukii
A0ABM4TVU5	1	U-01	suzukii	D. suzukii
A0AB40AE20	1	U-01	suzukii	D. suzukii
A0AB40AE40	1	U-01	suzukii	D. suzukii
A0AB40AE47	1	U-01	suzukii	D. suzukii
A0AB40AE97	1	U-01	suzukii	D. suzukii
A0AB40AED6	1	U-01	suzukii	D. suzukii
A0AB40AEF6	1	U-01	suzukii	D. suzukii
A0AB40AEF7	1	U-01	suzukii	D. suzukii
A0AB40AEG4	1	U-01	suzukii	D. suzukii
A0AB40AEK7	1	U-01	suzukii	D. suzukii
A0AB40AEL9	1	U-01	suzukii	D. suzukii
A0AB40AER9	1	U-01	suzukii	D. suzukii
A0AB40AEU3	1	U-01	suzukii	D. suzukii
A0AB40AEV4	1	U-01	suzukii	D. suzukii
A0AB40AEV5	0	unassigned	suzukii	D. suzukii
A0AB40AEV6	0	unassigned	suzukii	D. suzukii
A0AB40AEZ5	0	unassigned	suzukii	D. suzukii
A0AB40AF32	0	unassigned	suzukii	D. suzukii
A0AB40AF33	2	U-02	suzukii	D. suzukii
A0AB40AF48	1	U-01	suzukii	D. suzukii
A0AB40AF91	1	U-01	suzukii	D. suzukii
A0AB40AFC7	1	U-01	suzukii	D. suzukii
A0AB40AFK5	1	U-01	suzukii	D. suzukii
A0AB40AFQ7	2	U-02	suzukii	D. suzukii
A0AB40AG29	2	U-02	suzukii	D. suzukii
A0AB40D408	0	unassigned	suzukii	D. suzukii
A0AB40D411	0	unassigned	suzukii	D. suzukii
A0AB40D443	0	unassigned	suzukii	D. suzukii
A0AB40D448	1	U-01	suzukii	D. suzukii
A0AB40D459	1	U-01	suzukii	D. suzukii
A0AB40D4N3	3	U-03	suzukii	D. suzukii
A0AB40D4Q9	0	unassigned	suzukii	D. suzukii
A0AB40D4T6	0	unassigned	suzukii	D. suzukii
A0AB39YX45	1	U-01	suzukii	D. suzukii
A0AB39YX46	1	U-01	suzukii	D. suzukii
A0AB39YX50	1	U-01	suzukii	D. suzukii
A0AB39YX52	0	unassigned	suzukii	D. suzukii
A0AB39YX54	1	U-01	suzukii	D. suzukii
A0AB39YX58	1	U-01	suzukii	D. suzukii
A0AB39YX59	3	U-03	suzukii	D. suzukii
A0AB39YX62	0	unassigned	suzukii	D. suzukii
A0AB39YX64	1	U-01	suzukii	D. suzukii
A0AB39YX67	1	U-01	suzukii	D. suzukii
A0AB39YX70	1	U-01	suzukii	D. suzukii
A0AB39YX74	1	U-01	suzukii	D. suzukii
A0AB39YX76	1	U-01	suzukii	D. suzukii
A0AB39YX77	1	U-01	suzukii	D. suzukii
A0AB39YX79	0	unassigned	suzukii	D. suzukii
A0AB39YX81	3	U-03	suzukii	D. suzukii
A0AB39YX88	0	unassigned	suzukii	D. suzukii
A0AB39YX90	0	unassigned	suzukii	D. suzukii
A0AB39YX92	1	U-01	suzukii	D. suzukii
A0AB39YX95	1	U-01	suzukii	D. suzukii
A0AB39YX98	2	U-02	suzukii	D. suzukii
A0AB39YXA1	0	unassigned	suzukii	D. suzukii
A0AB39YXA2	1	U-01	suzukii	D. suzukii
A0AB39YXA6	1	U-01	suzukii	D. suzukii
A0AB39YXB2	1	U-01	suzukii	D. suzukii
A0AB39YXB5	3	U-03	suzukii	D. suzukii
A0AB39YXB7	1	U-01	suzukii	D. suzukii
A0AB39YXC1	1	U-01	suzukii	D. suzukii
A0AB39YXC3	1	U-01	suzukii	D. suzukii
A0AB39YXD1	1	U-01	suzukii	D. suzukii
A0AB39YXD6	0	unassigned	suzukii	D. suzukii
A0AB39YXE4	2	U-02	suzukii	D. suzukii
A0AB39YXE8	1	U-01	suzukii	D. suzukii
A0AB39YXE9	2	U-02	suzukii	D. suzukii
A0AB39YXG0	1	U-01	suzukii	D. suzukii
A0AB39YXG4	1	U-01	suzukii	D. suzukii
A0AB39YXH0	1	U-01	suzukii	D. suzukii
A0AB39YXH1	1	U-01	suzukii	D. suzukii
A0AB39YXH9	1	U-01	suzukii	D. suzukii
A0AB39YXI2	1	U-01	suzukii	D. suzukii
A0AB39YXI8	1	U-01	suzukii	D. suzukii
A0AB39YXI9	1	U-01	suzukii	D. suzukii
A0AB39YXJ8	2	U-02	suzukii	D. suzukii
A0AB39YXJ9	1	U-01	suzukii	D. suzukii
A0AB39YXK0	1	U-01	suzukii	D. suzukii
A0AB39YXK1	1	U-01	suzukii	D. suzukii
A0AB39YXK4	1	U-01	suzukii	D. suzukii
A0AB39YXK5	1	U-01	suzukii	D. suzukii
A0AB39YXK8	1	U-01	suzukii	D. suzukii
A0AB39YXK9	1	U-01	suzukii	D. suzukii
A0AB39YXL2	1	U-01	suzukii	D. suzukii
A0AB39YXL8	1	U-01	suzukii	D. suzukii
A0AB39YXL9	0	unassigned	suzukii	D. suzukii
A0AB39YXM1	1	U-01	suzukii	D. suzukii
A0AB39YXM8	1	U-01	suzukii	D. suzukii
A0AB39YXN2	2	U-02	suzukii	D. suzukii
A0AB39YXN5	2	U-02	suzukii	D. suzukii
A0AB39YXN7	1	U-01	suzukii	D. suzukii
A0AB39YXN9	1	U-01	suzukii	D. suzukii
A0AB39YXP0	1	U-01	suzukii	D. suzukii
A0AB39YXP3	1	U-01	suzukii	D. suzukii
A0AB39YXP7	3	U-03	suzukii	D. suzukii
A0AB39YXP9	1	U-01	suzukii	D. suzukii
A0AB39YXQ2	0	unassigned	suzukii	D. suzukii
A0AB39YXQ4	1	U-01	suzukii	D. suzukii
A0AB39YXQ8	3	U-03	suzukii	D. suzukii
A0AB39YXR1	1	U-01	suzukii	D. suzukii
A0AB39YXR6	2	U-02	suzukii	D. suzukii
A0AB39Z3I8	1	U-01	suzukii	D. suzukii
A0AB39Z3I9	1	U-01	suzukii	D. suzukii
A0AB39Z3J0	1	U-01	suzukii	D. suzukii
A0AB39Z3J1	1	U-01	suzukii	D. suzukii
A0AB39Z3J2	1	U-01	suzukii	D. suzukii
A0AB39Z3J4	2	U-02	suzukii	D. suzukii
A0AB39Z3J5	1	U-01	suzukii	D. suzukii
A0AB39Z3J7	1	U-01	suzukii	D. suzukii
A0AB39Z3J9	1	U-01	suzukii	D. suzukii
A0AB39Z3K3	1	U-01	suzukii	D. suzukii
A0AB39Z3K4	1	U-01	suzukii	D. suzukii
A0AB39Z3K6	0	unassigned	suzukii	D. suzukii
A0AB39Z3K8	0	unassigned	suzukii	D. suzukii
A0AB39Z3K9	2	U-02	suzukii	D. suzukii
A0AB39Z3L0	1	U-01	suzukii	D. suzukii
A0AB39Z3L5	1	U-01	suzukii	D. suzukii
A0AB39Z3L8	1	U-01	suzukii	D. suzukii
A0AB39Z3L9	1	U-01	suzukii	D. suzukii
A0AB39Z3M1	2	U-02	suzukii	D. suzukii
A0AB39Z3M2	2	U-02	suzukii	D. suzukii
A0AB39Z3M3	1	U-01	suzukii	D. suzukii
A0AB39Z3M6	1	U-01	suzukii	D. suzukii
A0AB39Z3M7	1	U-01	suzukii	D. suzukii
A0AB39Z3M9	1	U-01	suzukii	D. suzukii
A0AB39Z3N0	1	U-01	suzukii	D. suzukii
A0AB39Z3N2	3	U-03	suzukii	D. suzukii
A0AB39Z3N5	1	U-01	suzukii	D. suzukii
A0AB39Z3N6	3	U-03	suzukii	D. suzukii
A0AB39Z3N7	2	U-02	suzukii	D. suzukii
A0AB39Z3N8	1	U-01	suzukii	D. suzukii
A0AB39Z3P0	1	U-01	suzukii	D. suzukii
A0AB39Z3P1	1	U-01	suzukii	D. suzukii
A0AB39Z3P2	1	U-01	suzukii	D. suzukii
A0AB39Z3P3	3	U-03	suzukii	D. suzukii
A0AB39Z3P6	2	U-02	suzukii	D. suzukii
A0AB39Z3P7	1	U-01	suzukii	D. suzukii
A0AB39Z3P9	1	U-01	suzukii	D. suzukii
A0AB39Z3Q0	1	U-01	suzukii	D. suzukii
A0AB39Z3Q1	1	U-01	suzukii	D. suzukii
A0AB39Z3Q2	1	U-01	suzukii	D. suzukii
A0AB39Z3Q3	3	U-03	suzukii	D. suzukii
A0AB39Z3Q4	1	U-01	suzukii	D. suzukii
A0AB39Z3Q5	1	U-01	suzukii	D. suzukii
A0AB39Z3Q6	2	U-02	suzukii	D. suzukii
A0AB39Z3Q7	2	U-02	suzukii	D. suzukii
A0AB39Z3Q8	1	U-01	suzukii	D. suzukii
A0AB39Z3Q9	1	U-01	suzukii	D. suzukii
A0AB39Z3R0	3	U-03	suzukii	D. suzukii
A0AB39Z3R2	1	U-01	suzukii	D. suzukii
A0AB39Z3R3	1	U-01	suzukii	D. suzukii
A0AB39Z3R4	1	U-01	suzukii	D. suzukii
A0AB39Z3R6	1	U-01	suzukii	D. suzukii
A0AB39Z3R7	1	U-01	suzukii	D. suzukii
A0AB39Z3R8	1	U-01	suzukii	D. suzukii
A0AB39Z3R9	1	U-01	suzukii	D. suzukii
A0AB39Z3S0	2	U-02	suzukii	D. suzukii
A0AB39Z3S1	1	U-01	suzukii	D. suzukii
A0AB39Z3S4	1	U-01	suzukii	D. suzukii
A0AB39Z3S7	1	U-01	suzukii	D. suzukii
A0AB39Z3S9	1	U-01	suzukii	D. suzukii
A0AB39Z3T0	1	U-01	suzukii	D. suzukii
A0AB39Z3T1	1	U-01	suzukii	D. suzukii
A0AB39Z3T5	1	U-01	suzukii	D. suzukii
A0AB39Z3T6	1	U-01	suzukii	D. suzukii
A0AB39Z3T9	1	U-01	suzukii	D. suzukii
A0AB39Z3U0	1	U-01	suzukii	D. suzukii
A0AB39Z3U1	1	U-01	suzukii	D. suzukii
A0AB39Z3U2	1	U-01	suzukii	D. suzukii
A0AB39Z3U3	1	U-01	suzukii	D. suzukii
A0AB39Z3U7	1	U-01	suzukii	D. suzukii
A0AB39Z3U8	1	U-01	suzukii	D. suzukii
A0AB39Z3U9	0	unassigned	suzukii	D. suzukii
A0AB39Z3V0	1	U-01	suzukii	D. suzukii
A0AB39Z3V1	2	U-02	suzukii	D. suzukii
A0AB39Z3V5	3	U-03	suzukii	D. suzukii
A0AB39Z3V6	1	U-01	suzukii	D. suzukii
A0AB39Z3W0	1	U-01	suzukii	D. suzukii
A0AB39Z3W1	1	U-01	suzukii	D. suzukii
A0AB39Z961	1	U-01	suzukii	D. suzukii
A0AB39Z962	1	U-01	suzukii	D. suzukii
A0AB39Z963	1	U-01	suzukii	D. suzukii
A0AB39Z965	1	U-01	suzukii	D. suzukii
A0AB39Z967	1	U-01	suzukii	D. suzukii
A0AB39Z968	1	U-01	suzukii	D. suzukii
A0AB39Z970	1	U-01	suzukii	D. suzukii
A0AB39Z973	1	U-01	suzukii	D. suzukii
A0AB39Z975	1	U-01	suzukii	D. suzukii
A0AB39Z977	1	U-01	suzukii	D. suzukii
A0AB39Z978	1	U-01	suzukii	D. suzukii
A0AB39Z979	3	U-03	suzukii	D. suzukii
A0AB39Z981	1	U-01	suzukii	D. suzukii
A0AB39Z982	1	U-01	suzukii	D. suzukii
A0AB39Z985	1	U-01	suzukii	D. suzukii
A0AB39Z988	1	U-01	suzukii	D. suzukii
A0AB39Z993	2	U-02	suzukii	D. suzukii
A0AB39Z994	1	U-01	suzukii	D. suzukii
A0AB39Z996	1	U-01	suzukii	D. suzukii
A0AB39Z997	1	U-01	suzukii	D. suzukii
A0AB39Z998	1	U-01	suzukii	D. suzukii
A0AB39Z999	1	U-01	suzukii	D. suzukii
A0AB39ZRX3	1	U-01	suzukii	D. suzukii
A0AB39ZRX4	1	U-01	suzukii	D. suzukii
A0AB39ZRY1	1	U-01	suzukii	D. suzukii
A0AB39ZRY3	0	unassigned	suzukii	D. suzukii
A0AB39ZRY4	1	U-01	suzukii	D. suzukii
A0AB39ZRY5	1	U-01	suzukii	D. suzukii
A0AB39ZRY6	2	U-02	suzukii	D. suzukii
A0AB39ZRY7	1	U-01	suzukii	D. suzukii
A0AB39ZRY8	1	U-01	suzukii	D. suzukii
A0AB39ZRZ0	1	U-01	suzukii	D. suzukii
A0AB39ZRZ1	3	U-03	suzukii	D. suzukii
A0AB39ZRZ2	2	U-02	suzukii	D. suzukii
A0AB39ZRZ5	1	U-01	suzukii	D. suzukii
A0AB39ZRZ6	0	unassigned	suzukii	D. suzukii
A0AB39ZRZ7	1	U-01	suzukii	D. suzukii
A0AB39ZS00	3	U-03	suzukii	D. suzukii
A0AB39ZS03	1	U-01	suzukii	D. suzukii
A0AB39ZS04	1	U-01	suzukii	D. suzukii
A0AB39ZS06	1	U-01	suzukii	D. suzukii
A0AB39ZS07	1	U-01	suzukii	D. suzukii
A0AB39ZS08	1	U-01	suzukii	D. suzukii
A0AB39ZS09	2	U-02	suzukii	D. suzukii
A0AB39ZS10	1	U-01	suzukii	D. suzukii
A0AB39ZS11	1	U-01	suzukii	D. suzukii
A0AB39ZS12	1	U-01	suzukii	D. suzukii
A0AB39ZS13	1	U-01	suzukii	D. suzukii
A0AB39ZS16	1	U-01	suzukii	D. suzukii
A0AB39ZS20	1	U-01	suzukii	D. suzukii
A0AB39ZS21	1	U-01	suzukii	D. suzukii
A0AB39ZS22	0	unassigned	suzukii	D. suzukii
A0AB39ZS24	1	U-01	suzukii	D. suzukii
A0AB39ZS25	1	U-01	suzukii	D. suzukii
A0AB39ZS27	1	U-01	suzukii	D. suzukii
A0AB39ZS28	1	U-01	suzukii	D. suzukii
A0AB39ZS29	1	U-01	suzukii	D. suzukii
A0AB39ZS32	1	U-01	suzukii	D. suzukii
A0AB39ZS33	2	U-02	suzukii	D. suzukii
A0AB39ZS34	1	U-01	suzukii	D. suzukii
A0AB39ZS35	1	U-01	suzukii	D. suzukii
A0AB39ZS37	1	U-01	suzukii	D. suzukii
A0AB39ZS38	1	U-01	suzukii	D. suzukii
A0AB39ZS40	1	U-01	suzukii	D. suzukii
A0AB39ZS41	1	U-01	suzukii	D. suzukii
A0AB39ZS45	1	U-01	suzukii	D. suzukii
A0AB39ZS46	1	U-01	suzukii	D. suzukii
A0AB39ZS47	0	unassigned	suzukii	D. suzukii
A0AB39ZS48	1	U-01	suzukii	D. suzukii
A0AB39ZS50	1	U-01	suzukii	D. suzukii
A0AB39ZS52	1	U-01	suzukii	D. suzukii
A0AB39ZS53	1	U-01	suzukii	D. suzukii
A0AB39ZS54	1	U-01	suzukii	D. suzukii
A0AB39ZS58	1	U-01	suzukii	D. suzukii
A0AB39ZS59	1	U-01	suzukii	D. suzukii
A0AB39ZS60	1	U-01	suzukii	D. suzukii
A0AB39ZS61	1	U-01	suzukii	D. suzukii
A0AB39ZS63	1	U-01	suzukii	D. suzukii
A0AB39ZS66	1	U-01	suzukii	D. suzukii
A0AB39ZS67	1	U-01	suzukii	D. suzukii
A0AB39ZS69	1	U-01	suzukii	D. suzukii
A0AB39ZS70	1	U-01	suzukii	D. suzukii
A0AB39ZS75	1	U-01	suzukii	D. suzukii
A0AB39ZS76	1	U-01	suzukii	D. suzukii
A0AB39ZS78	1	U-01	suzukii	D. suzukii
A0AB39ZS79	2	U-02	suzukii	D. suzukii
A0AB39ZS80	3	U-03	suzukii	D. suzukii
A0AB39ZS81	1	U-01	suzukii	D. suzukii
A0AB39ZS84	1	U-01	suzukii	D. suzukii
A0AB39ZS85	1	U-01	suzukii	D. suzukii
A0AB39ZS86	1	U-01	suzukii	D. suzukii
A0AB39ZS88	1	U-01	suzukii	D. suzukii
A0AB39ZS91	1	U-01	suzukii	D. suzukii
A0AB39ZS92	0	unassigned	suzukii	D. suzukii
A0AB39ZS93	0	unassigned	suzukii	D. suzukii
A0AB39ZS96	1	U-01	suzukii	D. suzukii
A0AB39ZXG1	1	U-01	suzukii	D. suzukii
A0AB39ZXG8	2	U-02	suzukii	D. suzukii
A0AB39ZXH0	1	U-01	suzukii	D. suzukii
A0AB39ZXH1	1	U-01	suzukii	D. suzukii
A0AB39ZXH8	1	U-01	suzukii	D. suzukii
A0AB39ZXH9	1	U-01	suzukii	D. suzukii
A0AB39ZXI0	0	unassigned	suzukii	D. suzukii
A0AB39ZXI6	3	U-03	suzukii	D. suzukii
A0AB39ZXI8	1	U-01	suzukii	D. suzukii
A0AB39ZXJ5	0	unassigned	suzukii	D. suzukii
A0AB39ZXJ6	1	U-01	suzukii	D. suzukii
A0AB39ZXJ7	1	U-01	suzukii	D. suzukii
A0AB39ZXJ9	1	U-01	suzukii	D. suzukii
A0AB39ZXK1	0	unassigned	suzukii	D. suzukii
A0AB39ZXK2	1	U-01	suzukii	D. suzukii
A0AB39ZXK4	1	U-01	suzukii	D. suzukii
A0AB39ZXK5	1	U-01	suzukii	D. suzukii
A0AB39ZXK6	2	U-02	suzukii	D. suzukii
A0AB39ZXK8	1	U-01	suzukii	D. suzukii
A0AB39ZXL1	2	U-02	suzukii	D. suzukii
A0AB39ZXL6	1	U-01	suzukii	D. suzukii
A0AB39ZXL7	1	U-01	suzukii	D. suzukii
A0AB39ZXL8	0	unassigned	suzukii	D. suzukii
A0AB39ZXM4	0	unassigned	suzukii	D. suzukii
A0AB39ZXM5	0	unassigned	suzukii	D. suzukii
A0AB39ZXM7	1	U-01	suzukii	D. suzukii
A0ABM4TUT7	0	unassigned	suzukii	D. suzukii
A0ABM4TUU2	1	U-01	suzukii	D. suzukii
A0ABM4TUU4	1	U-01	suzukii	D. suzukii
A0ABM4TUU5	0	unassigned	suzukii	D. suzukii
A0ABM4TUU7	0	unassigned	suzukii	D. suzukii
A0ABM4TUU8	1	U-01	suzukii	D. suzukii
A0ABM4TUU9	1	U-01	suzukii	D. suzukii
A0ABM4TUV4	0	unassigned	suzukii	D. suzukii
A0ABM4TUV6	1	U-01	suzukii	D. suzukii
A0ABM4TUV7	1	U-01	suzukii	D. suzukii
A0ABM4TUW0	1	U-01	suzukii	D. suzukii
A0ABM4TUW3	1	U-01	suzukii	D. suzukii
A0ABM4TUW4	1	U-01	suzukii	D. suzukii
A0ABM4TUW6	1	U-01	suzukii	D. suzukii
A0ABM4TUW7	1	U-01	suzukii	D. suzukii
A0ABM4TUW9	1	U-01	suzukii	D. suzukii
A0ABM4TUX0	1	U-01	suzukii	D. suzukii
A0ABM4TUX1	1	U-01	suzukii	D. suzukii
A0ABM4TUX2	0	unassigned	suzukii	D. suzukii
A0ABM4TUX3	1	U-01	suzukii	D. suzukii
A0ABM4TUX4	2	U-02	suzukii	D. suzukii
A0ABM4TUX5	1	U-01	suzukii	D. suzukii
A0ABM4TUX6	1	U-01	suzukii	D. suzukii
A0ABM4TUX7	1	U-01	suzukii	D. suzukii
A0ABM4TUY0	1	U-01	suzukii	D. suzukii
A0ABM4TUY1	1	U-01	suzukii	D. suzukii
A0ABM4TUY2	1	U-01	suzukii	D. suzukii
A0ABM4TUY4	1	U-01	suzukii	D. suzukii
A0ABM4TUY6	1	U-01	suzukii	D. suzukii
A0ABM4TUY7	1	U-01	suzukii	D. suzukii
A0ABM4TUY8	1	U-01	suzukii	D. suzukii
A0ABM4TUZ0	1	U-01	suzukii	D. suzukii
A0ABM4TUZ2	3	U-03	suzukii	D. suzukii
A0ABM4TUZ3	1	U-01	suzukii	D. suzukii
A0ABM4TUZ8	1	U-01	suzukii	D. suzukii
A0ABM4TUZ9	1	U-01	suzukii	D. suzukii
A0ABM4TV02	1	U-01	suzukii	D. suzukii
A0ABM4TV07	1	U-01	suzukii	D. suzukii
A0ABM4TV12	0	unassigned	suzukii	D. suzukii
A0ABM4TV13	1	U-01	suzukii	D. suzukii
A0ABM4TV14	1	U-01	suzukii	D. suzukii
A0ABM4TV15	0	unassigned	suzukii	D. suzukii
A0ABM4TV18	1	U-01	suzukii	D. suzukii
A0ABM4TV19	0	unassigned	suzukii	D. suzukii
A0ABM4TV20	1	U-01	suzukii	D. suzukii
A0ABM4TV22	1	U-01	suzukii	D. suzukii
A0ABM4TV27	1	U-01	suzukii	D. suzukii
A0ABM4TV28	1	U-01	suzukii	D. suzukii
A0ABM4TV30	0	unassigned	suzukii	D. suzukii
A0ABM4TV31	1	U-01	suzukii	D. suzukii
A0ABM4TV35	1	U-01	suzukii	D. suzukii
A0ABM4TZG7	1	U-01	suzukii	D. suzukii
A0ABM4TZG8	0	unassigned	suzukii	D. suzukii
A0ABM4TZG9	1	U-01	suzukii	D. suzukii
A0ABM4TZH2	1	U-01	suzukii	D. suzukii
A0ABM4TZH4	0	unassigned	suzukii	D. suzukii
A0ABM4TZH6	0	unassigned	suzukii	D. suzukii
A0ABM4TZH7	0	unassigned	suzukii	D. suzukii
A0ABM4TZH8	1	U-01	suzukii	D. suzukii
A0ABM4TZI0	0	unassigned	suzukii	D. suzukii
A0ABM4TZI1	0	unassigned	suzukii	D. suzukii
A0ABM4TZI2	0	unassigned	suzukii	D. suzukii
A0ABM4TZI3	0	unassigned	suzukii	D. suzukii
A0ABM4TZI5	0	unassigned	suzukii	D. suzukii
A0ABM4TZI6	1	U-01	suzukii	D. suzukii
A0ABM4TZI7	1	U-01	suzukii	D. suzukii
A0ABM4TZI8	0	unassigned	suzukii	D. suzukii
A0ABM4TZJ0	0	unassigned	suzukii	D. suzukii
A0ABM4TZJ1	1	U-01	suzukii	D. suzukii
A0ABM4TZJ3	0	unassigned	suzukii	D. suzukii
A0ABM4TZJ4	0	unassigned	suzukii	D. suzukii
A0ABM4TZJ5	1	U-01	suzukii	D. suzukii
A0ABM4TZJ6	0	unassigned	suzukii	D. suzukii
A0ABM4TZJ7	0	unassigned	suzukii	D. suzukii
A0ABM4TZJ8	0	unassigned	suzukii	D. suzukii
A0ABM4TZJ9	0	unassigned	suzukii	D. suzukii
A0ABM4TZK0	1	U-01	suzukii	D. suzukii
A0ABM4TZK1	1	U-01	suzukii	D. suzukii
A0ABM4TZK2	1	U-01	suzukii	D. suzukii
A0ABM4TZK3	0	unassigned	suzukii	D. suzukii
A0ABM4TZK5	0	unassigned	suzukii	D. suzukii
A0ABM4TZK7	0	unassigned	suzukii	D. suzukii
A0ABM4TZL2	1	U-01	suzukii	D. suzukii
A0ABM4TZL3	0	unassigned	suzukii	D. suzukii
A0ABM4TZL4	0	unassigned	suzukii	D. suzukii
A0ABM4TZL5	1	U-01	suzukii	D. suzukii
A0ABM4TZL6	1	U-01	suzukii	D. suzukii
A0ABM4TZL7	0	unassigned	suzukii	D. suzukii
A0ABM4TZL8	0	unassigned	suzukii	D. suzukii
A0ABM4TZL9	0	unassigned	suzukii	D. suzukii
A0ABM4TZM0	1	U-01	suzukii	D. suzukii
A0ABM4TZM1	0	unassigned	suzukii	D. suzukii
A0ABM4TZM2	0	unassigned	suzukii	D. suzukii
A0ABM4TZM3	0	unassigned	suzukii	D. suzukii
A0ABM4TZM4	1	U-01	suzukii	D. suzukii
A0ABM4TZM5	0	unassigned	suzukii	D. suzukii
A0ABM4TZM6	0	unassigned	suzukii	D. suzukii
A0ABM4TZM7	0	unassigned	suzukii	D. suzukii
A0ABM4TZM9	1	U-01	suzukii	D. suzukii
A0ABM4TZN0	1	U-01	suzukii	D. suzukii
A0AB39ZN54	1	U-01	suzukii	D. suzukii
A0AB39ZN55	0	unassigned	suzukii	D. suzukii
A0AB39ZN60	1	U-01	suzukii	D. suzukii
A0AB39ZN69	1	U-01	suzukii	D. suzukii
A0AB39ZN73	1	U-01	suzukii	D. suzukii
A0AB39ZN76	1	U-01	suzukii	D. suzukii
A0AB39ZN77	1	U-01	suzukii	D. suzukii
A0AB39ZN79	1	U-01	suzukii	D. suzukii
A0AB39ZN81	1	U-01	suzukii	D. suzukii
A0AB39ZN82	1	U-01	suzukii	D. suzukii
A0AB39ZN85	0	unassigned	suzukii	D. suzukii
A0AB39ZN86	1	U-01	suzukii	D. suzukii
A0AB39ZN87	1	U-01	suzukii	D. suzukii
A0AB39ZN88	2	U-02	suzukii	D. suzukii
A0AB39ZN93	1	U-01	suzukii	D. suzukii
A0AB39ZN94	3	U-03	suzukii	D. suzukii
A0AB39ZN95	1	U-01	suzukii	D. suzukii
A0AB39ZN99	0	unassigned	suzukii	D. suzukii
A0AB39ZNA0	3	U-03	suzukii	D. suzukii
A0AB39ZNA3	1	U-01	suzukii	D. suzukii
A0AB39ZNA8	1	U-01	suzukii	D. suzukii
A0AB39ZNB3	1	U-01	suzukii	D. suzukii
A0AB39ZNC0	2	U-02	suzukii	D. suzukii
A0AB39ZNC1	1	U-01	suzukii	D. suzukii
A0AB39ZNC2	2	U-02	suzukii	D. suzukii
A0AB39ZNC3	1	U-01	suzukii	D. suzukii
A0AB39ZNC5	3	U-03	suzukii	D. suzukii
A0AB39ZNC9	1	U-01	suzukii	D. suzukii
A0AB39ZND0	2	U-02	suzukii	D. suzukii
A0AB39ZND3	1	U-01	suzukii	D. suzukii
A0AB39ZND5	1	U-01	suzukii	D. suzukii
A0AB39ZNE2	1	U-01	suzukii	D. suzukii
A0AB39ZNE3	1	U-01	suzukii	D. suzukii
A0AB39ZNE5	3	U-03	suzukii	D. suzukii
A0AB39ZNE8	1	U-01	suzukii	D. suzukii
A0AB39ZTN4	1	U-01	suzukii	D. suzukii
A0AB39ZTN5	2	U-02	suzukii	D. suzukii
A0AB39ZTN8	2	U-02	suzukii	D. suzukii
A0AB39ZTP0	3	U-03	suzukii	D. suzukii
A0AB39ZTP1	2	U-02	suzukii	D. suzukii
A0AB39ZTP3	1	U-01	suzukii	D. suzukii
A0AB39ZTP4	1	U-01	suzukii	D. suzukii
A0AB39ZTP6	1	U-01	suzukii	D. suzukii
A0AB39ZTP7	0	unassigned	suzukii	D. suzukii
A0AB39ZTP8	0	unassigned	suzukii	D. suzukii
A0AB39ZTP9	0	unassigned	suzukii	D. suzukii
A0AB39ZTQ2	1	U-01	suzukii	D. suzukii
A0AB39ZTQ5	0	unassigned	suzukii	D. suzukii
A0AB39ZTR4	0	unassigned	suzukii	D. suzukii
A0AB39ZTR6	1	U-01	suzukii	D. suzukii
A0AB39ZTS1	1	U-01	suzukii	D. suzukii
A0AB39ZTS3	0	unassigned	suzukii	D. suzukii
A0AB39ZTS4	1	U-01	suzukii	D. suzukii
A0AB39ZTS5	1	U-01	suzukii	D. suzukii
A0AB39ZTS6	2	U-02	suzukii	D. suzukii
A0AB39ZTS7	1	U-01	suzukii	D. suzukii
A0AB39ZTT0	0	unassigned	suzukii	D. suzukii
A0AB39ZTT5	1	U-01	suzukii	D. suzukii
A0AB39ZTT6	2	U-02	suzukii	D. suzukii
A0AB39ZTT7	2	U-02	suzukii	D. suzukii
A0AB39ZTU1	1	U-01	suzukii	D. suzukii
A0AB39ZTU3	2	U-02	suzukii	D. suzukii
A0AB39ZTU6	0	unassigned	suzukii	D. suzukii
A0AB39ZTU7	2	U-02	suzukii	D. suzukii
A0AB39ZTU8	1	U-01	suzukii	D. suzukii
A0AB39ZTV1	2	U-02	suzukii	D. suzukii
A0AB39ZTV5	1	U-01	suzukii	D. suzukii
A0AB39ZTW1	1	U-01	suzukii	D. suzukii
A0AB39ZTW2	0	unassigned	suzukii	D. suzukii
A0AB39ZTW7	1	U-01	suzukii	D. suzukii
A0AB39ZTW8	1	U-01	suzukii	D. suzukii
A0AB39ZTX3	0	unassigned	suzukii	D. suzukii
A0AB39ZTY1	2	U-02	suzukii	D. suzukii
A0AB39ZTZ6	1	U-01	suzukii	D. suzukii
A0AB39ZTZ8	1	U-01	suzukii	D. suzukii
A0AB39ZU03	0	unassigned	suzukii	D. suzukii
A0AB39ZU04	1	U-01	suzukii	D. suzukii
A0AB39ZU05	1	U-01	suzukii	D. suzukii
A0AB39ZU10	1	U-01	suzukii	D. suzukii
A0AB39ZU13	1	U-01	suzukii	D. suzukii
A0AB39ZU18	0	unassigned	suzukii	D. suzukii
A0AB39ZU19	1	U-01	suzukii	D. suzukii
A0AB39ZU21	0	unassigned	suzukii	D. suzukii
A0AB39ZU22	1	U-01	suzukii	D. suzukii
A0AB39ZU25	3	U-03	suzukii	D. suzukii
A0AB39ZU30	1	U-01	suzukii	D. suzukii
A0AB39ZU32	1	U-01	suzukii	D. suzukii
A0AB39ZU36	1	U-01	suzukii	D. suzukii
A0AB39ZU38	1	U-01	suzukii	D. suzukii
A0AB39ZU41	2	U-02	suzukii	D. suzukii
A0AB39ZU44	1	U-01	suzukii	D. suzukii
A0AB39ZU48	1	U-01	suzukii	D. suzukii
A0AB39ZU49	1	U-01	suzukii	D. suzukii
A0AB39ZU52	1	U-01	suzukii	D. suzukii
A0AB39ZU54	3	U-03	suzukii	D. suzukii
A0AB39ZU56	3	U-03	suzukii	D. suzukii
A0AB39ZU60	0	unassigned	suzukii	D. suzukii
A0AB39ZU62	1	U-01	suzukii	D. suzukii
A0AB39ZU67	2	U-02	suzukii	D. suzukii
A0AB39ZU69	1	U-01	suzukii	D. suzukii
A0AB39YX68	1	U-01	suzukii	D. suzukii
A0AB39YX69	1	U-01	suzukii	D. suzukii
A0AB39YX72	1	U-01	suzukii	D. suzukii
A0AB39YX75	1	U-01	suzukii	D. suzukii
A0AB39YX78	1	U-01	suzukii	D. suzukii
A0AB39YX82	1	U-01	suzukii	D. suzukii
A0AB39YX83	3	U-03	suzukii	D. suzukii
A0AB39Z1A9	1	U-01	suzukii	D. suzukii
A0AB39Z1B1	3	U-03	suzukii	D. suzukii
A0AB39Z1B2	1	U-01	suzukii	D. suzukii
A0AB39Z1B3	1	U-01	suzukii	D. suzukii
A0AB39Z1B5	1	U-01	suzukii	D. suzukii
A0AB39Z1B7	1	U-01	suzukii	D. suzukii
A0AB39Z1B8	1	U-01	suzukii	D. suzukii
A0AB39Z1C0	0	unassigned	suzukii	D. suzukii
A0AB39Z1C3	1	U-01	suzukii	D. suzukii
A0AB39Z1C5	0	unassigned	suzukii	D. suzukii
A0AB39Z1C7	1	U-01	suzukii	D. suzukii
A0AB39Z1C8	1	U-01	suzukii	D. suzukii
A0AB39Z1D2	1	U-01	suzukii	D. suzukii
A0AB39Z1D3	0	unassigned	suzukii	D. suzukii
A0AB39Z1D4	3	U-03	suzukii	D. suzukii
A0AB39Z1D5	1	U-01	suzukii	D. suzukii
A0AB39Z1D6	1	U-01	suzukii	D. suzukii
A0AB39Z1D7	1	U-01	suzukii	D. suzukii
A0AB39Z1D9	1	U-01	suzukii	D. suzukii
A0AB39Z1E0	1	U-01	suzukii	D. suzukii
A0AB39Z1E2	0	unassigned	suzukii	D. suzukii
A0AB39Z1E3	0	unassigned	suzukii	D. suzukii
A0AB39Z1E4	2	U-02	suzukii	D. suzukii
A0AB39Z1E5	0	unassigned	suzukii	D. suzukii
A0AB39Z1E6	1	U-01	suzukii	D. suzukii
A0AB39Z1E7	1	U-01	suzukii	D. suzukii
A0AB39Z1E8	0	unassigned	suzukii	D. suzukii
A0AB39Z1E9	1	U-01	suzukii	D. suzukii
A0AB39Z1F5	2	U-02	suzukii	D. suzukii
A0AB39Z1F6	1	U-01	suzukii	D. suzukii
A0AB39Z1F7	1	U-01	suzukii	D. suzukii
A0AB39Z1G1	0	unassigned	suzukii	D. suzukii
A0AB39Z1G3	1	U-01	suzukii	D. suzukii
A0AB39Z1G6	0	unassigned	suzukii	D. suzukii
A0AB39Z1G7	1	U-01	suzukii	D. suzukii
A0AB39Z1G8	0	unassigned	suzukii	D. suzukii
A0AB39Z1G9	1	U-01	suzukii	D. suzukii
A0AB39Z1H3	2	U-02	suzukii	D. suzukii
A0AB39Z1H4	0	unassigned	suzukii	D. suzukii
A0AB39Z1H5	1	U-01	suzukii	D. suzukii
A0AB39Z1H8	2	U-02	suzukii	D. suzukii
A0AB39Z1I3	0	unassigned	suzukii	D. suzukii
A0AB39Z1I4	1	U-01	suzukii	D. suzukii
A0AB39Z1I6	1	U-01	suzukii	D. suzukii
A0AB39Z1I9	1	U-01	suzukii	D. suzukii
A0AB39Z1J0	1	U-01	suzukii	D. suzukii
A0AB39Z1J1	1	U-01	suzukii	D. suzukii
A0AB39Z1J2	1	U-01	suzukii	D. suzukii
A0AB39Z1J3	1	U-01	suzukii	D. suzukii
A0AB39Z1J4	1	U-01	suzukii	D. suzukii
A0AB39Z1J6	2	U-02	suzukii	D. suzukii
A0AB39Z1J7	1	U-01	suzukii	D. suzukii
A0AB39Z1K0	1	U-01	suzukii	D. suzukii
A0AB39Z1K1	0	unassigned	suzukii	D. suzukii
A0AB39Z1K2	1	U-01	suzukii	D. suzukii
A0AB39Z1K4	1	U-01	suzukii	D. suzukii
A0AB39Z1K6	0	unassigned	suzukii	D. suzukii
A0AB39Z1K8	0	unassigned	suzukii	D. suzukii
A0AB39Z1K9	1	U-01	suzukii	D. suzukii
A0AB39Z1L0	1	U-01	suzukii	D. suzukii
A0AB39Z1L1	1	U-01	suzukii	D. suzukii
A0AB39Z1L2	2	U-02	suzukii	D. suzukii
A0AB39Z1L4	1	U-01	suzukii	D. suzukii
A0AB39Z1L7	1	U-01	suzukii	D. suzukii
A0AB39Z1L9	1	U-01	suzukii	D. suzukii
A0AB39Z1M0	0	unassigned	suzukii	D. suzukii
A0AB39Z1M5	1	U-01	suzukii	D. suzukii
A0AB39Z1M7	0	unassigned	suzukii	D. suzukii
A0AB39Z1N2	1	U-01	suzukii	D. suzukii
A0AB39Z1N3	1	U-01	suzukii	D. suzukii
A0AB39Z1N5	1	U-01	suzukii	D. suzukii
A0AB39Z1N8	1	U-01	suzukii	D. suzukii
A0AB39Z1N9	2	U-02	suzukii	D. suzukii
A0AB39Z1P0	1	U-01	suzukii	D. suzukii
A0AB39Z1P2	1	U-01	suzukii	D. suzukii
A0AB39Z1P7	0	unassigned	suzukii	D. suzukii
A0AB39Z1P8	1	U-01	suzukii	D. suzukii
A0AB39Z1Q1	1	U-01	suzukii	D. suzukii
A0AB39Z1Q5	1	U-01	suzukii	D. suzukii
A0AB39Z1Q6	1	U-01	suzukii	D. suzukii
A0AB39Z1Q7	1	U-01	suzukii	D. suzukii
A0AB39Z1Q9	2	U-02	suzukii	D. suzukii
A0AB39Z1R0	2	U-02	suzukii	D. suzukii
A0AB39Z1R1	1	U-01	suzukii	D. suzukii
A0AB39Z1R3	0	unassigned	suzukii	D. suzukii
A0AB39Z1R7	1	U-01	suzukii	D. suzukii
A0AB39Z1R8	2	U-02	suzukii	D. suzukii
A0AB39Z1S0	1	U-01	suzukii	D. suzukii
A0AB39Z1S1	1	U-01	suzukii	D. suzukii
A0AB39Z1S2	0	unassigned	suzukii	D. suzukii
A0AB39Z1S4	2	U-02	suzukii	D. suzukii
A0AB39Z1S5	1	U-01	suzukii	D. suzukii
A0AB39Z1S6	1	U-01	suzukii	D. suzukii
A0AB39ZMX9	1	U-01	suzukii	D. suzukii
A0AB39ZMY3	1	U-01	suzukii	D. suzukii
A0AB39ZMY4	1	U-01	suzukii	D. suzukii
A0AB39ZMZ4	0	unassigned	suzukii	D. suzukii
A0AB39ZMZ6	1	U-01	suzukii	D. suzukii
A0AB39ZN01	3	U-03	suzukii	D. suzukii
A0AB39ZN02	1	U-01	suzukii	D. suzukii
A0AB39ZN03	3	U-03	suzukii	D. suzukii
A0AB39ZN04	1	U-01	suzukii	D. suzukii
A0AB39ZN05	1	U-01	suzukii	D. suzukii
A0AB39ZN07	1	U-01	suzukii	D. suzukii
A0AB39ZN08	1	U-01	suzukii	D. suzukii
A0AB39ZN09	0	unassigned	suzukii	D. suzukii
A0AB39ZN10	1	U-01	suzukii	D. suzukii
A0AB39ZN15	1	U-01	suzukii	D. suzukii
A0AB39ZN16	1	U-01	suzukii	D. suzukii
A0AB39ZN17	1	U-01	suzukii	D. suzukii
A0AB39ZN20	1	U-01	suzukii	D. suzukii
A0AB39ZN25	1	U-01	suzukii	D. suzukii
A0AB39ZN27	1	U-01	suzukii	D. suzukii
A0AB39ZN29	3	U-03	suzukii	D. suzukii
A0AB39ZN34	0	unassigned	suzukii	D. suzukii
A0AB39ZN35	1	U-01	suzukii	D. suzukii
A0AB39ZN36	1	U-01	suzukii	D. suzukii
A0AB39ZN38	1	U-01	suzukii	D. suzukii
A0AB39ZN39	1	U-01	suzukii	D. suzukii
A0AB39ZN42	1	U-01	suzukii	D. suzukii
A0AB39ZN43	3	U-03	suzukii	D. suzukii
A0AB39ZN45	1	U-01	suzukii	D. suzukii
A0AB39ZN49	1	U-01	suzukii	D. suzukii
A0AB39ZN50	1	U-01	suzukii	D. suzukii
A0AB39ZN52	3	U-03	suzukii	D. suzukii
A0AB39ZN53	0	unassigned	suzukii	D. suzukii
A0AB39ZN56	1	U-01	suzukii	D. suzukii
A0AB39ZN58	1	U-01	suzukii	D. suzukii
A0AB39ZN59	1	U-01	suzukii	D. suzukii
A0AB39ZN62	1	U-01	suzukii	D. suzukii
A0AB39ZN63	3	U-03	suzukii	D. suzukii
A0AB39ZN65	1	U-01	suzukii	D. suzukii
A0AB39ZN66	1	U-01	suzukii	D. suzukii
A0AB39ZN68	1	U-01	suzukii	D. suzukii
A0AB39ZN70	1	U-01	suzukii	D. suzukii
A0AB39ZN72	1	U-01	suzukii	D. suzukii
A0AB39ZN74	1	U-01	suzukii	D. suzukii
A0AB39ZN80	1	U-01	suzukii	D. suzukii
A0AB39ZN89	1	U-01	suzukii	D. suzukii
A0AB39ZN92	1	U-01	suzukii	D. suzukii
A0AB39ZN96	1	U-01	suzukii	D. suzukii
A0AB39ZN97	2	U-02	suzukii	D. suzukii
A0AB39ZNA1	3	U-03	suzukii	D. suzukii
A0AB39ZNA4	0	unassigned	suzukii	D. suzukii
A0AB39ZNA6	1	U-01	suzukii	D. suzukii
A0AB39ZNA7	2	U-02	suzukii	D. suzukii
A0AB39ZNA9	1	U-01	suzukii	D. suzukii
A0AB39ZNB0	3	U-03	suzukii	D. suzukii
A0AB39ZNB2	1	U-01	suzukii	D. suzukii
A0AB39ZNB4	1	U-01	suzukii	D. suzukii
A0AB39ZNB5	0	unassigned	suzukii	D. suzukii
A0AB39ZNB6	1	U-01	suzukii	D. suzukii
A0AB39ZNB7	1	U-01	suzukii	D. suzukii
A0AB39ZNB8	1	U-01	suzukii	D. suzukii
A0AB39ZNC4	1	U-01	suzukii	D. suzukii
A0AB39ZNC6	0	unassigned	suzukii	D. suzukii
A0AB39ZNC7	1	U-01	suzukii	D. suzukii
A0AB39ZNC8	1	U-01	suzukii	D. suzukii
A0AB39ZND1	1	U-01	suzukii	D. suzukii
A0AB39ZND2	1	U-01	suzukii	D. suzukii
A0AB39ZND4	1	U-01	suzukii	D. suzukii
A0AB39ZND7	1	U-01	suzukii	D. suzukii
A0AB39ZND8	0	unassigned	suzukii	D. suzukii
A0AB39ZND9	0	unassigned	suzukii	D. suzukii
A0AB39ZNE0	1	U-01	suzukii	D. suzukii
A0AB39ZNE1	1	U-01	suzukii	D. suzukii
A0AB39ZNE7	1	U-01	suzukii	D. suzukii
A0AB39ZNF1	1	U-01	suzukii	D. suzukii
A0AB39ZNF2	1	U-01	suzukii	D. suzukii
A0AB39ZNF3	1	U-01	suzukii	D. suzukii
A0AB39ZNF4	0	unassigned	suzukii	D. suzukii
A0AB39ZNF5	1	U-01	suzukii	D. suzukii
A0AB39ZNF6	1	U-01	suzukii	D. suzukii
A0AB39ZNF7	2	U-02	suzukii	D. suzukii
A0AB39ZQS7	1	U-01	suzukii	D. suzukii
A0AB39ZQS8	1	U-01	suzukii	D. suzukii
A0AB39ZQT0	3	U-03	suzukii	D. suzukii
A0AB39ZQT1	1	U-01	suzukii	D. suzukii
A0AB39ZQT2	0	unassigned	suzukii	D. suzukii
A0AB39ZQT3	1	U-01	suzukii	D. suzukii
A0AB39ZQT4	1	U-01	suzukii	D. suzukii
A0AB39ZQT9	2	U-02	suzukii	D. suzukii
A0AB39ZQU5	1	U-01	suzukii	D. suzukii
A0AB39ZQU9	0	unassigned	suzukii	D. suzukii
A0AB39ZQV0	1	U-01	suzukii	D. suzukii
A0AB39ZQV1	2	U-02	suzukii	D. suzukii
A0AB39ZQV3	2	U-02	suzukii	D. suzukii
A0AB39ZQV4	0	unassigned	suzukii	D. suzukii
A0AB39ZQV7	0	unassigned	suzukii	D. suzukii
A0AB39ZQV8	1	U-01	suzukii	D. suzukii
A0AB39ZQW0	1	U-01	suzukii	D. suzukii
A0AB39ZQW2	1	U-01	suzukii	D. suzukii
A0AB39ZQW4	1	U-01	suzukii	D. suzukii
A0AB40DEL8	0	unassigned	suzukii	D. suzukii
A0AB40DEM6	0	unassigned	suzukii	D. suzukii
A0AB40DEM9	1	U-01	suzukii	D. suzukii
A0AB40DEN3	1	U-01	suzukii	D. suzukii
A0AB40DEN9	1	U-01	suzukii	D. suzukii
A0AB40DEP0	1	U-01	suzukii	D. suzukii
A0AB40DEP3	1	U-01	suzukii	D. suzukii
A0AB40DEP4	1	U-01	suzukii	D. suzukii
A0AB40DEP8	2	U-02	suzukii	D. suzukii
A0AB40DEQ5	1	U-01	suzukii	D. suzukii
A0AB40DEQ7	1	U-01	suzukii	D. suzukii
A0AB40DER6	1	U-01	suzukii	D. suzukii
A0AB40DES0	1	U-01	suzukii	D. suzukii
A0AB40DES3	1	U-01	suzukii	D. suzukii
A0AB40DES4	1	U-01	suzukii	D. suzukii
A0AB40DET1	2	U-02	suzukii	D. suzukii
A0AB40DET4	1	U-01	suzukii	D. suzukii
A0AB40DEU8	1	U-01	suzukii	D. suzukii
A0AB40DEV0	1	U-01	suzukii	D. suzukii
A0AB40DEV2	1	U-01	suzukii	D. suzukii
A0AB40DEV4	1	U-01	suzukii	D. suzukii
A0AB40DEV5	1	U-01	suzukii	D. suzukii
A0AB40DEV8	1	U-01	suzukii	D. suzukii
A0AB40DEV9	1	U-01	suzukii	D. suzukii
A0AB40DEW0	1	U-01	suzukii	D. suzukii
A0AB40DEW2	1	U-01	suzukii	D. suzukii
A0AB40DEW6	1	U-01	suzukii	D. suzukii
A0AB40DEW9	1	U-01	suzukii	D. suzukii
A0AB40DEY2	1	U-01	suzukii	D. suzukii
A0AB40DEY3	0	unassigned	suzukii	D. suzukii
A0AB40DEZ1	1	U-01	suzukii	D. suzukii
A0AB40DEZ8	0	unassigned	suzukii	D. suzukii
A0AB40DEZ9	0	unassigned	suzukii	D. suzukii
A0AB40DF01	0	unassigned	suzukii	D. suzukii
A0AB40DF14	1	U-01	suzukii	D. suzukii
A0AB40DF19	1	U-01	suzukii	D. suzukii
A0AB40DF22	1	U-01	suzukii	D. suzukii
A0AB40DF27	0	unassigned	suzukii	D. suzukii
A0AB40DF32	1	U-01	suzukii	D. suzukii
A0AB40DF33	0	unassigned	suzukii	D. suzukii
A0AB40DF38	1	U-01	suzukii	D. suzukii
A0AB40DF41	1	U-01	suzukii	D. suzukii
A0AB40DF43	1	U-01	suzukii	D. suzukii
A0AB40DF46	2	U-02	suzukii	D. suzukii
A0AB40DF47	1	U-01	suzukii	D. suzukii
A0AB40DF51	1	U-01	suzukii	D. suzukii
A0AB40DF53	1	U-01	suzukii	D. suzukii
A0AB40DF58	0	unassigned	suzukii	D. suzukii
A0AB40DF59	0	unassigned	suzukii	D. suzukii
A0AB40DF61	2	U-02	suzukii	D. suzukii
A0AB40DF65	0	unassigned	suzukii	D. suzukii
A0AB40DF67	3	U-03	suzukii	D. suzukii
A0AB40DF72	1	U-01	suzukii	D. suzukii
A0AB40DF75	0	unassigned	suzukii	D. suzukii
A0AB40DF78	1	U-01	suzukii	D. suzukii
A0AB40DJZ8	1	U-01	suzukii	D. suzukii
A0AB40DJZ9	0	unassigned	suzukii	D. suzukii
A0AB40DK04	1	U-01	suzukii	D. suzukii
A0AB40DK06	1	U-01	suzukii	D. suzukii
A0AB40DK14	0	unassigned	suzukii	D. suzukii
A0AB40DK18	1	U-01	suzukii	D. suzukii
A0AB40DK21	1	U-01	suzukii	D. suzukii
A0AB40DK31	1	U-01	suzukii	D. suzukii
A0AB40DK34	1	U-01	suzukii	D. suzukii
A0AB40DK35	0	unassigned	suzukii	D. suzukii
A0AB40DK37	1	U-01	suzukii	D. suzukii
A0AB40DK42	1	U-01	suzukii	D. suzukii
A0AB40DK47	1	U-01	suzukii	D. suzukii
A0AB40DK57	0	unassigned	suzukii	D. suzukii
A0AB40DK61	1	U-01	suzukii	D. suzukii
A0AB40DK65	0	unassigned	suzukii	D. suzukii
A0AB40DK66	0	unassigned	suzukii	D. suzukii
A0AB40DK67	1	U-01	suzukii	D. suzukii
A0AB40DK70	1	U-01	suzukii	D. suzukii
A0AB40DK79	2	U-02	suzukii	D. suzukii
A0AB40DK87	1	U-01	suzukii	D. suzukii
A0AB40DK88	1	U-01	suzukii	D. suzukii
A0AB40DKA5	1	U-01	suzukii	D. suzukii
A0AB40DKA6	0	unassigned	suzukii	D. suzukii
A0AB40DKA8	1	U-01	suzukii	D. suzukii
A0AB40DKB2	1	U-01	suzukii	D. suzukii
A0AB40DKB7	1	U-01	suzukii	D. suzukii
A0AB40DKB9	1	U-01	suzukii	D. suzukii
A0AB40DKC2	0	unassigned	suzukii	D. suzukii
A0AB40DKC3	1	U-01	suzukii	D. suzukii
A0AB40DKC6	0	unassigned	suzukii	D. suzukii
A0AB40DKC7	0	unassigned	suzukii	D. suzukii
A0AB40DKD0	1	U-01	suzukii	D. suzukii
A0AB40DKD2	1	U-01	suzukii	D. suzukii
A0AB40DKD6	1	U-01	suzukii	D. suzukii
A0AB40DKE2	1	U-01	suzukii	D. suzukii
A0AB40DKE3	0	unassigned	suzukii	D. suzukii
A0AB40DKE8	1	U-01	suzukii	D. suzukii
A0AB40DKF2	1	U-01	suzukii	D. suzukii
A0AB40DKF3	0	unassigned	suzukii	D. suzukii
A0AB40DKF4	1	U-01	suzukii	D. suzukii
A0AB40DKG0	0	unassigned	suzukii	D. suzukii
A0AB40DKH0	1	U-01	suzukii	D. suzukii
A0AB40DKH1	1	U-01	suzukii	D. suzukii
A0AB40DKH5	1	U-01	suzukii	D. suzukii
A0ABM4TQS9	2	U-02	suzukii	D. suzukii
A0ABM4TQT0	2	U-02	suzukii	D. suzukii
A0ABM4TQT3	2	U-02	suzukii	D. suzukii
A0ABM4TQT5	2	U-02	suzukii	D. suzukii
A0ABM4TQT8	2	U-02	suzukii	D. suzukii
A0ABM4TQT9	2	U-02	suzukii	D. suzukii
A0ABM4TQX5	1	U-01	suzukii	D. suzukii
A0ABM4TR08	2	U-02	suzukii	D. suzukii
A0ABM4TRF4	0	unassigned	suzukii	D. suzukii
A0ABM4TRK2	1	U-01	suzukii	D. suzukii
A0ABM4TRM0	2	U-02	suzukii	D. suzukii
A0ABM4TRM7	2	U-02	suzukii	D. suzukii
A0ABM4TRN9	2	U-02	suzukii	D. suzukii
A0ABM4TRS7	2	U-02	suzukii	D. suzukii
A0ABM4TS07	1	U-01	suzukii	D. suzukii
A0ABM4TS20	1	U-01	suzukii	D. suzukii
A0ABM4TS44	1	U-01	suzukii	D. suzukii
A0ABM4TSE4	1	U-01	suzukii	D. suzukii
A0ABM4TSP1	2	U-02	suzukii	D. suzukii
A0ABM4TSP4	0	unassigned	suzukii	D. suzukii
A0ABM4TSV1	0	unassigned	suzukii	D. suzukii
A0ABM4TSV2	0	unassigned	suzukii	D. suzukii
A0ABM4TSV6	0	unassigned	suzukii	D. suzukii
A0ABM4TSW1	0	unassigned	suzukii	D. suzukii
A0ABM4TSW3	0	unassigned	suzukii	D. suzukii
A0ABM4TSW5	1	U-01	suzukii	D. suzukii
A0ABM4TSW6	0	unassigned	suzukii	D. suzukii
A0ABM4TSW7	0	unassigned	suzukii	D. suzukii
A0AB39Z659	1	U-01	suzukii	D. suzukii
A0AB39Z665	1	U-01	suzukii	D. suzukii
A0AB39Z666	1	U-01	suzukii	D. suzukii
A0AB39Z668	1	U-01	suzukii	D. suzukii
A0AB39Z670	2	U-02	suzukii	D. suzukii
A0AB39Z673	1	U-01	suzukii	D. suzukii
A0AB39Z678	1	U-01	suzukii	D. suzukii
A0AB39Z679	2	U-02	suzukii	D. suzukii
A0AB39Z682	2	U-02	suzukii	D. suzukii
A0AB39Z689	2	U-02	suzukii	D. suzukii
A0AB39Z694	2	U-02	suzukii	D. suzukii
A0AB39Z695	3	U-03	suzukii	D. suzukii
A0AB39Z699	1	U-01	suzukii	D. suzukii
A0AB39Z6A0	3	U-03	suzukii	D. suzukii
A0AB39Z6A2	2	U-02	suzukii	D. suzukii
A0AB39Z6A3	2	U-02	suzukii	D. suzukii
A0AB39Z6A5	3	U-03	suzukii	D. suzukii
A0AB39Z6A6	1	U-01	suzukii	D. suzukii
A0AB39Z6A7	2	U-02	suzukii	D. suzukii
A0AB39Z6B4	0	unassigned	suzukii	D. suzukii
A0AB39Z6B5	1	U-01	suzukii	D. suzukii
A0AB39Z6C0	2	U-02	suzukii	D. suzukii
A0AB39Z6C2	0	unassigned	suzukii	D. suzukii
A0AB39Z6C5	1	U-01	suzukii	D. suzukii
A0AB39Z6C8	1	U-01	suzukii	D. suzukii
A0AB39Z6C9	2	U-02	suzukii	D. suzukii
A0AB39Z6D1	1	U-01	suzukii	D. suzukii
A0AB39Z6D2	1	U-01	suzukii	D. suzukii
A0AB39Z6D3	1	U-01	suzukii	D. suzukii
A0AB39Z6D6	1	U-01	suzukii	D. suzukii
A0AB39Z6E0	1	U-01	suzukii	D. suzukii
A0AB39Z6E2	1	U-01	suzukii	D. suzukii
A0AB39Z6E6	1	U-01	suzukii	D. suzukii
A0AB39Z6E8	1	U-01	suzukii	D. suzukii
A0AB39Z6F9	1	U-01	suzukii	D. suzukii
A0AB39Z6G0	2	U-02	suzukii	D. suzukii
A0AB39Z6G6	1	U-01	suzukii	D. suzukii
A0AB39Z6G8	1	U-01	suzukii	D. suzukii
A0AB39Z6G9	1	U-01	suzukii	D. suzukii
A0AB39Z6H1	1	U-01	suzukii	D. suzukii
A0AB39Z6H4	1	U-01	suzukii	D. suzukii
A0AB39Z6I1	1	U-01	suzukii	D. suzukii
A0AB39Z6I2	1	U-01	suzukii	D. suzukii
A0AB39Z6I3	2	U-02	suzukii	D. suzukii
A0AB39Z6I4	2	U-02	suzukii	D. suzukii
A0AB39Z6I5	1	U-01	suzukii	D. suzukii
A0AB39Z6I8	1	U-01	suzukii	D. suzukii
A0AB39Z6J5	2	U-02	suzukii	D. suzukii
A0AB39Z6J6	1	U-01	suzukii	D. suzukii
A0AB39Z6J8	2	U-02	suzukii	D. suzukii
A0AB39Z6K1	1	U-01	suzukii	D. suzukii
A0AB39Z6K3	1	U-01	suzukii	D. suzukii
A0AB39Z6K4	1	U-01	suzukii	D. suzukii
A0AB39Z6K9	1	U-01	suzukii	D. suzukii
A0AB39Z6L1	1	U-01	suzukii	D. suzukii
A0AB39Z6L2	2	U-02	suzukii	D. suzukii
A0AB39Z6L3	1	U-01	suzukii	D. suzukii
A0AB39Z6L4	1	U-01	suzukii	D. suzukii
A0AB39Z6L5	1	U-01	suzukii	D. suzukii
A0AB39Z6L7	1	U-01	suzukii	D. suzukii
A0AB39Z6L9	0	unassigned	suzukii	D. suzukii
A0AB39Z6M0	2	U-02	suzukii	D. suzukii
A0AB39Z6M7	1	U-01	suzukii	D. suzukii
A0AB39Z6M8	1	U-01	suzukii	D. suzukii
A0AB39Z6N2	1	U-01	suzukii	D. suzukii
A0AB39Z6N3	1	U-01	suzukii	D. suzukii
A0AB39Z6N7	1	U-01	suzukii	D. suzukii
A0AB39Z6N9	1	U-01	suzukii	D. suzukii
A0AB39Z6P4	1	U-01	suzukii	D. suzukii
A0AB39Z6P6	1	U-01	suzukii	D. suzukii
A0AB39Z6P9	1	U-01	suzukii	D. suzukii
A0AB39Z6Q2	2	U-02	suzukii	D. suzukii
A0ABM4TSQ5	1	U-01	suzukii	D. suzukii
A0AB39YXU8	0	unassigned	suzukii	D. suzukii
A0AB39YXV0	1	U-01	suzukii	D. suzukii
A0AB39YXV3	1	U-01	suzukii	D. suzukii
A0AB39YXV7	2	U-02	suzukii	D. suzukii
A0AB39YXV8	3	U-03	suzukii	D. suzukii
A0AB39YXW3	0	unassigned	suzukii	D. suzukii
A0AB39YXW7	1	U-01	suzukii	D. suzukii
A0AB39YXW8	1	U-01	suzukii	D. suzukii
A0AB39YXX0	0	unassigned	suzukii	D. suzukii
A0AB39YXX3	1	U-01	suzukii	D. suzukii
A0AB39YXX6	1	U-01	suzukii	D. suzukii
A0AB39YXX9	2	U-02	suzukii	D. suzukii
A0AB39YXY4	1	U-01	suzukii	D. suzukii
A0AB39YXY5	1	U-01	suzukii	D. suzukii
A0AB39YXY9	1	U-01	suzukii	D. suzukii
A0AB39YXZ0	3	U-03	suzukii	D. suzukii
A0AB39YXZ3	1	U-01	suzukii	D. suzukii
A0AB39YXZ4	1	U-01	suzukii	D. suzukii
A0AB39YXZ6	1	U-01	suzukii	D. suzukii
A0AB39YXZ7	1	U-01	suzukii	D. suzukii
A0AB39YXZ8	1	U-01	suzukii	D. suzukii
A0AB39YY02	1	U-01	suzukii	D. suzukii
A0AB39YY06	1	U-01	suzukii	D. suzukii
A0AB39YY08	1	U-01	suzukii	D. suzukii
A0AB39YY11	1	U-01	suzukii	D. suzukii
A0AB39YY13	1	U-01	suzukii	D. suzukii
A0AB39YY15	0	unassigned	suzukii	D. suzukii
A0AB39YY16	1	U-01	suzukii	D. suzukii
A0AB39YY19	3	U-03	suzukii	D. suzukii
A0AB39YY23	1	U-01	suzukii	D. suzukii
A0AB39YY24	3	U-03	suzukii	D. suzukii
A0AB39YY26	1	U-01	suzukii	D. suzukii
A0AB39YY27	1	U-01	suzukii	D. suzukii
A0AB39YY42	2	U-02	suzukii	D. suzukii
A0AB39YY45	1	U-01	suzukii	D. suzukii
A0AB39YY46	1	U-01	suzukii	D. suzukii
A0AB39YY47	1	U-01	suzukii	D. suzukii
A0AB39YY49	1	U-01	suzukii	D. suzukii
A0AB39YY51	3	U-03	suzukii	D. suzukii
A0AB39YY52	1	U-01	suzukii	D. suzukii
A0AB39YY57	1	U-01	suzukii	D. suzukii
A0AB39YY61	1	U-01	suzukii	D. suzukii
A0AB39YY62	1	U-01	suzukii	D. suzukii
A0AB39YY64	0	unassigned	suzukii	D. suzukii
A0AB39YY68	1	U-01	suzukii	D. suzukii
A0AB39YY69	1	U-01	suzukii	D. suzukii
A0AB39YY70	1	U-01	suzukii	D. suzukii
A0AB39YY73	1	U-01	suzukii	D. suzukii
A0AB39YY81	1	U-01	suzukii	D. suzukii
A0AB39YY83	1	U-01	suzukii	D. suzukii
A0AB39YY89	0	unassigned	suzukii	D. suzukii
A0AB39YY90	1	U-01	suzukii	D. suzukii
A0AB39YY93	1	U-01	suzukii	D. suzukii
A0AB39YY95	1	U-01	suzukii	D. suzukii
A0AB39YY97	1	U-01	suzukii	D. suzukii
A0AB39YYA5	1	U-01	suzukii	D. suzukii
A0AB39YYA6	3	U-03	suzukii	D. suzukii
A0AB39YYB0	1	U-01	suzukii	D. suzukii
A0AB39YYB5	3	U-03	suzukii	D. suzukii
A0AB39YYB8	1	U-01	suzukii	D. suzukii
A0AB39YYB9	1	U-01	suzukii	D. suzukii
A0AB39YYC1	0	unassigned	suzukii	D. suzukii
A0AB39YYC5	1	U-01	suzukii	D. suzukii
A0AB39YYC6	1	U-01	suzukii	D. suzukii
A0AB39YYC7	1	U-01	suzukii	D. suzukii
A0AB39YYC9	1	U-01	suzukii	D. suzukii
A0AB39YYD2	1	U-01	suzukii	D. suzukii
A0AB39YYD4	1	U-01	suzukii	D. suzukii
A0AB39YYD7	1	U-01	suzukii	D. suzukii
A0AB39YYD8	2	U-02	suzukii	D. suzukii
A0AB39YYE3	1	U-01	suzukii	D. suzukii
A0AB39YYE4	2	U-02	suzukii	D. suzukii
A0AB39YYE5	0	unassigned	suzukii	D. suzukii
A0AB39YYE7	1	U-01	suzukii	D. suzukii
A0AB39YYE8	1	U-01	suzukii	D. suzukii
A0AB39YYF2	1	U-01	suzukii	D. suzukii
A0AB39YYF5	1	U-01	suzukii	D. suzukii
A0AB39YYF7	3	U-03	suzukii	D. suzukii
A0AB39YYF8	3	U-03	suzukii	D. suzukii
A0AB39YYG0	1	U-01	suzukii	D. suzukii
A0AB39YYG2	1	U-01	suzukii	D. suzukii
A0AB39YYG7	3	U-03	suzukii	D. suzukii
A0AB39YYG8	0	unassigned	suzukii	D. suzukii
A0AB39YYH0	2	U-02	suzukii	D. suzukii
A0AB39YYH1	1	U-01	suzukii	D. suzukii
A0AB39YYH2	1	U-01	suzukii	D. suzukii
A0AB39YYH4	0	unassigned	suzukii	D. suzukii
A0AB39YYH8	1	U-01	suzukii	D. suzukii
A0AB39YYH9	1	U-01	suzukii	D. suzukii
A0AB39YYI1	1	U-01	suzukii	D. suzukii
A0AB39YYI6	0	unassigned	suzukii	D. suzukii
A0AB39YYI9	0	unassigned	suzukii	D. suzukii
A0AB39YYJ1	3	U-03	suzukii	D. suzukii
A0AB39YYJ2	3	U-03	suzukii	D. suzukii
A0AB39YYJ3	1	U-01	suzukii	D. suzukii
A0AB39Z3W3	1	U-01	suzukii	D. suzukii
A0AB39Z3W4	2	U-02	suzukii	D. suzukii
A0AB39Z3W7	1	U-01	suzukii	D. suzukii
A0AB39Z3W8	1	U-01	suzukii	D. suzukii
A0AB40A795	1	U-01	suzukii	D. suzukii
A0AB40A797	1	U-01	suzukii	D. suzukii
A0AB40A799	2	U-02	suzukii	D. suzukii
A0AB40A7A2	1	U-01	suzukii	D. suzukii
A0AB40A7A3	1	U-01	suzukii	D. suzukii
A0AB40A7B0	1	U-01	suzukii	D. suzukii
A0AB40A7B1	1	U-01	suzukii	D. suzukii
A0AB40A7B4	1	U-01	suzukii	D. suzukii
A0AB40A7B7	1	U-01	suzukii	D. suzukii
A0AB40A7B8	1	U-01	suzukii	D. suzukii
A0AB40A7C2	1	U-01	suzukii	D. suzukii
A0AB40A7C4	2	U-02	suzukii	D. suzukii
A0AB40A7C5	1	U-01	suzukii	D. suzukii
A0AB40A7C8	3	U-03	suzukii	D. suzukii
A0AB40A7C9	1	U-01	suzukii	D. suzukii
A0AB40A7D0	1	U-01	suzukii	D. suzukii
A0AB40A7D4	0	unassigned	suzukii	D. suzukii
A0AB40A7D7	1	U-01	suzukii	D. suzukii
A0AB40A7E2	1	U-01	suzukii	D. suzukii
A0AB40A7E5	0	unassigned	suzukii	D. suzukii
A0AB40A7E7	2	U-02	suzukii	D. suzukii
A0AB40A7F1	0	unassigned	suzukii	D. suzukii
A0AB40A7F2	1	U-01	suzukii	D. suzukii
A0AB40A7F4	1	U-01	suzukii	D. suzukii
A0AB40A7F9	0	unassigned	suzukii	D. suzukii
A0AB40A7G1	0	unassigned	suzukii	D. suzukii
A0AB40A7G2	3	U-03	suzukii	D. suzukii
A0AB40A7G5	1	U-01	suzukii	D. suzukii
A0AB40A7G7	1	U-01	suzukii	D. suzukii
A0AB40A7H0	1	U-01	suzukii	D. suzukii
A0AB40A7H2	1	U-01	suzukii	D. suzukii
A0AB40A7H3	1	U-01	suzukii	D. suzukii
A0AB40A7H9	1	U-01	suzukii	D. suzukii
A0AB40A7I2	1	U-01	suzukii	D. suzukii
A0AB40A7I3	1	U-01	suzukii	D. suzukii
A0AB40A7J5	1	U-01	suzukii	D. suzukii
A0AB40A7J7	1	U-01	suzukii	D. suzukii
A0AB40A7J8	1	U-01	suzukii	D. suzukii
A0AB40A7J9	0	unassigned	suzukii	D. suzukii
A0AB40A7K4	1	U-01	suzukii	D. suzukii
A0AB40A7K5	1	U-01	suzukii	D. suzukii
A0AB40A7K9	0	unassigned	suzukii	D. suzukii
A0AB40A7L0	1	U-01	suzukii	D. suzukii
A0AB40A7L1	3	U-03	suzukii	D. suzukii
A0AB40A7L3	1	U-01	suzukii	D. suzukii
A0AB40A7L4	1	U-01	suzukii	D. suzukii
A0AB40A7L5	1	U-01	suzukii	D. suzukii
A0AB40A7M1	1	U-01	suzukii	D. suzukii
A0AB40A7M5	1	U-01	suzukii	D. suzukii
A0AB40A7M9	0	unassigned	suzukii	D. suzukii
A0AB40A7N0	1	U-01	suzukii	D. suzukii
A0AB40A7N4	1	U-01	suzukii	D. suzukii
A0AB40A7N5	1	U-01	suzukii	D. suzukii
A0AB40A7N6	1	U-01	suzukii	D. suzukii
A0AB40A7P2	1	U-01	suzukii	D. suzukii
A0AB40A7P3	1	U-01	suzukii	D. suzukii
A0AB40A7P5	1	U-01	suzukii	D. suzukii
A0AB40A7P6	2	U-02	suzukii	D. suzukii
A0AB40A7Q0	1	U-01	suzukii	D. suzukii
A0AB40A7Q3	2	U-02	suzukii	D. suzukii
A0AB40A7Q5	0	unassigned	suzukii	D. suzukii
A0AB40A7Q8	1	U-01	suzukii	D. suzukii
A0AB40A7R0	2	U-02	suzukii	D. suzukii
A0AB40A7R2	1	U-01	suzukii	D. suzukii
A0AB40A7R3	0	unassigned	suzukii	D. suzukii
A0AB40A7R9	1	U-01	suzukii	D. suzukii
A0AB40A7S5	1	U-01	suzukii	D. suzukii
A0AB40A7S6	2	U-02	suzukii	D. suzukii
A0AB40A7T0	1	U-01	suzukii	D. suzukii
A0AB40A7T1	0	unassigned	suzukii	D. suzukii
A0AB40A7T2	1	U-01	suzukii	D. suzukii
A0AB40A7T3	1	U-01	suzukii	D. suzukii
A0AB40A7T8	0	unassigned	suzukii	D. suzukii
A0AB40A7U0	1	U-01	suzukii	D. suzukii
A0AB40A7V1	1	U-01	suzukii	D. suzukii
A0AB40A7V3	3	U-03	suzukii	D. suzukii
A0AB40A7V5	1	U-01	suzukii	D. suzukii
A0AB40A7V8	1	U-01	suzukii	D. suzukii
A0AB40A7V9	0	unassigned	suzukii	D. suzukii
A0AB40A7W5	1	U-01	suzukii	D. suzukii
A0AB40A7W6	2	U-02	suzukii	D. suzukii
A0AB40A7X1	1	U-01	suzukii	D. suzukii
A0AB40A7Y2	1	U-01	suzukii	D. suzukii
A0AB40D3P4	1	U-01	suzukii	D. suzukii
A0AB40D3P6	1	U-01	suzukii	D. suzukii
A0AB40D3P9	1	U-01	suzukii	D. suzukii
A0AB40D3Q6	1	U-01	suzukii	D. suzukii
A0AB40D3T6	1	U-01	suzukii	D. suzukii
A0AB40D3W0	1	U-01	suzukii	D. suzukii
A0AB40D3W6	3	U-03	suzukii	D. suzukii
A0AB40D3X4	1	U-01	suzukii	D. suzukii
A0AB40D3X9	1	U-01	suzukii	D. suzukii
A0AB40D3Y4	0	unassigned	suzukii	D. suzukii
A0AB40D3Y8	0	unassigned	suzukii	D. suzukii
A0AB40D3Z8	1	U-01	suzukii	D. suzukii
A0AB40D401	3	U-03	suzukii	D. suzukii
A0AB40D404	1	U-01	suzukii	D. suzukii
A0AB40D433	1	U-01	suzukii	D. suzukii
A0AB40D435	2	U-02	suzukii	D. suzukii
A0AB40D444	0	unassigned	suzukii	D. suzukii
A0AB39Z798	3	U-03	suzukii	D. suzukii
A0AB39Z7A0	1	U-01	suzukii	D. suzukii
A0AB39Z7A2	1	U-01	suzukii	D. suzukii
A0AB39Z7A4	1	U-01	suzukii	D. suzukii
A0AB39Z7A8	1	U-01	suzukii	D. suzukii
A0AB39Z7B0	1	U-01	suzukii	D. suzukii
A0AB39Z7B2	1	U-01	suzukii	D. suzukii
A0AB39Z7C5	2	U-02	suzukii	D. suzukii
A0AB39Z7C6	1	U-01	suzukii	D. suzukii
A0AB39Z7D1	1	U-01	suzukii	D. suzukii
A0AB39Z7D4	1	U-01	suzukii	D. suzukii
A0AB39Z7D7	1	U-01	suzukii	D. suzukii
A0AB39Z7E6	1	U-01	suzukii	D. suzukii
A0AB39Z7E7	2	U-02	suzukii	D. suzukii
A0AB39Z7F3	2	U-02	suzukii	D. suzukii
A0AB39Z7F5	1	U-01	suzukii	D. suzukii
A0AB39Z7G5	1	U-01	suzukii	D. suzukii
A0AB39Z7H5	2	U-02	suzukii	D. suzukii
A0AB39Z7H6	1	U-01	suzukii	D. suzukii
A0AB39Z7H7	2	U-02	suzukii	D. suzukii
A0AB39Z7I4	2	U-02	suzukii	D. suzukii
A0AB39Z7I5	1	U-01	suzukii	D. suzukii
A0AB39Z7I8	0	unassigned	suzukii	D. suzukii
A0AB39Z7J1	1	U-01	suzukii	D. suzukii
A0AB39Z7J4	1	U-01	suzukii	D. suzukii
A0AB39Z7J7	2	U-02	suzukii	D. suzukii
A0AB39Z7K1	1	U-01	suzukii	D. suzukii
A0AB39Z7L0	2	U-02	suzukii	D. suzukii
A0AB39Z7L5	1	U-01	suzukii	D. suzukii
A0AB39Z7L9	1	U-01	suzukii	D. suzukii
A0AB39Z7M1	1	U-01	suzukii	D. suzukii
A0AB39Z7M5	3	U-03	suzukii	D. suzukii
A0AB39Z7M7	1	U-01	suzukii	D. suzukii
A0AB39Z7M8	1	U-01	suzukii	D. suzukii
A0AB39Z7M9	1	U-01	suzukii	D. suzukii
A0AB39Z7N2	1	U-01	suzukii	D. suzukii
A0AB39Z7N6	0	unassigned	suzukii	D. suzukii
A0AB39Z7N8	1	U-01	suzukii	D. suzukii
A0AB39Z7P1	1	U-01	suzukii	D. suzukii
A0AB39Z7P2	2	U-02	suzukii	D. suzukii
A0AB39Z7P3	1	U-01	suzukii	D. suzukii
A0AB39Z7P6	1	U-01	suzukii	D. suzukii
A0AB39Z7Q0	1	U-01	suzukii	D. suzukii
A0AB39Z7Q2	2	U-02	suzukii	D. suzukii
A0AB39Z7Q3	1	U-01	suzukii	D. suzukii
A0AB39Z7Q8	1	U-01	suzukii	D. suzukii
A0AB39Z7Q9	3	U-03	suzukii	D. suzukii
A0AB39Z7R1	1	U-01	suzukii	D. suzukii
A0AB39Z7R3	1	U-01	suzukii	D. suzukii
A0AB39Z7R4	3	U-03	suzukii	D. suzukii
A0AB39Z7R5	3	U-03	suzukii	D. suzukii
A0AB39Z7R8	1	U-01	suzukii	D. suzukii
A0AB39Z7S0	1	U-01	suzukii	D. suzukii
A0AB39Z7S5	1	U-01	suzukii	D. suzukii
A0AB39Z7S6	3	U-03	suzukii	D. suzukii
A0AB39Z7S7	0	unassigned	suzukii	D. suzukii
A0AB39Z7S8	1	U-01	suzukii	D. suzukii
A0AB39Z7T0	1	U-01	suzukii	D. suzukii
A0AB39ZCX5	1	U-01	suzukii	D. suzukii
A0AB39ZCX6	1	U-01	suzukii	D. suzukii
A0AB39ZCX8	1	U-01	suzukii	D. suzukii
A0AB39ZCY0	1	U-01	suzukii	D. suzukii
A0AB39ZCY2	1	U-01	suzukii	D. suzukii
A0AB39ZCY3	1	U-01	suzukii	D. suzukii
A0AB39ZCY6	1	U-01	suzukii	D. suzukii
A0AB39ZCY8	2	U-02	suzukii	D. suzukii
A0AB39ZCZ2	1	U-01	suzukii	D. suzukii
A0AB39ZCZ6	1	U-01	suzukii	D. suzukii
A0AB39ZCZ7	1	U-01	suzukii	D. suzukii
A0AB39ZCZ8	1	U-01	suzukii	D. suzukii
A0AB39ZD00	1	U-01	suzukii	D. suzukii
A0AB39ZD06	1	U-01	suzukii	D. suzukii
A0AB39ZD11	1	U-01	suzukii	D. suzukii
A0AB39ZD15	1	U-01	suzukii	D. suzukii
A0AB39ZD22	1	U-01	suzukii	D. suzukii
A0AB39ZD25	1	U-01	suzukii	D. suzukii
A0AB39ZD26	1	U-01	suzukii	D. suzukii
A0AB39ZD30	0	unassigned	suzukii	D. suzukii
A0AB39ZD33	2	U-02	suzukii	D. suzukii
A0AB39ZD34	3	U-03	suzukii	D. suzukii
A0AB39ZD35	2	U-02	suzukii	D. suzukii
A0AB39ZD38	3	U-03	suzukii	D. suzukii
A0AB39ZD40	1	U-01	suzukii	D. suzukii
A0AB39ZD45	3	U-03	suzukii	D. suzukii
A0AB39ZD46	1	U-01	suzukii	D. suzukii
A0AB39ZD52	2	U-02	suzukii	D. suzukii
A0AB39ZD53	3	U-03	suzukii	D. suzukii
A0AB39ZD58	3	U-03	suzukii	D. suzukii
A0AB39ZD59	1	U-01	suzukii	D. suzukii
A0AB39ZD62	1	U-01	suzukii	D. suzukii
A0AB39ZD64	1	U-01	suzukii	D. suzukii
A0AB39ZD67	0	unassigned	suzukii	D. suzukii
A0AB39ZD72	1	U-01	suzukii	D. suzukii
A0AB39ZD75	2	U-02	suzukii	D. suzukii
A0AB39ZD76	1	U-01	suzukii	D. suzukii
A0AB39ZD81	1	U-01	suzukii	D. suzukii
A0AB39ZD83	1	U-01	suzukii	D. suzukii
A0AB39ZD86	3	U-03	suzukii	D. suzukii
A0AB39ZD90	1	U-01	suzukii	D. suzukii
A0AB39ZD93	1	U-01	suzukii	D. suzukii
A0AB40A4H8	1	U-01	suzukii	D. suzukii
A0AB40A4I7	1	U-01	suzukii	D. suzukii
A0AB40A4J0	0	unassigned	suzukii	D. suzukii
A0AB40A4J2	2	U-02	suzukii	D. suzukii
A0AB40A4J3	0	unassigned	suzukii	D. suzukii
A0AB40A4J5	3	U-03	suzukii	D. suzukii
A0AB40A4J6	0	unassigned	suzukii	D. suzukii
A0AB40A4K3	0	unassigned	suzukii	D. suzukii
A0AB40A4L0	1	U-01	suzukii	D. suzukii
A0AB40A4L4	1	U-01	suzukii	D. suzukii
A0AB40A4L7	2	U-02	suzukii	D. suzukii
A0AB40A4M1	1	U-01	suzukii	D. suzukii
A0AB40A4M3	1	U-01	suzukii	D. suzukii
A0AB40A4M6	1	U-01	suzukii	D. suzukii
A0AB40A4M7	1	U-01	suzukii	D. suzukii
A0AB40A4M9	2	U-02	suzukii	D. suzukii
A0AB40A4N2	1	U-01	suzukii	D. suzukii
A0AB40A4N4	2	U-02	suzukii	D. suzukii
A0AB40A4P3	1	U-01	suzukii	D. suzukii
A0AB40A4P7	1	U-01	suzukii	D. suzukii
A0AB40A4Q2	2	U-02	suzukii	D. suzukii
A0AB40A4Q9	0	unassigned	suzukii	D. suzukii
A0AB40A4R0	1	U-01	suzukii	D. suzukii
A0AB40A4R5	1	U-01	suzukii	D. suzukii
A0AB40A4R8	1	U-01	suzukii	D. suzukii
A0AB40A4R9	2	U-02	suzukii	D. suzukii
A0AB40A4S3	1	U-01	suzukii	D. suzukii
A0AB40A4S4	1	U-01	suzukii	D. suzukii
A0AB40A4T3	1	U-01	suzukii	D. suzukii
A0AB40A4T4	1	U-01	suzukii	D. suzukii
A0AB40A4T5	1	U-01	suzukii	D. suzukii
A0AB40A4T6	1	U-01	suzukii	D. suzukii
A0AB40A4U0	1	U-01	suzukii	D. suzukii
A0AB40A4U5	1	U-01	suzukii	D. suzukii
A0AB40A4U9	1	U-01	suzukii	D. suzukii
A0AB40A4V5	0	unassigned	suzukii	D. suzukii
A0AB40A4V8	2	U-02	suzukii	D. suzukii
A0AB40A4W0	1	U-01	suzukii	D. suzukii
A0AB40A4W7	2	U-02	suzukii	D. suzukii
A0AB40A4W8	3	U-03	suzukii	D. suzukii
A0AB40A4X4	1	U-01	suzukii	D. suzukii
A0AB40A4X5	0	unassigned	suzukii	D. suzukii
A0AB40A4X7	1	U-01	suzukii	D. suzukii
A0AB40A4X8	1	U-01	suzukii	D. suzukii
A0AB40A4Y1	2	U-02	suzukii	D. suzukii
A0AB40A4Y6	1	U-01	suzukii	D. suzukii
A0AB40A4Y8	2	U-02	suzukii	D. suzukii
A0AB40A4Z2	0	unassigned	suzukii	D. suzukii
A0AB40A9K0	1	U-01	suzukii	D. suzukii
A0AB40A9K8	1	U-01	suzukii	D. suzukii
A0AB40A9L3	1	U-01	suzukii	D. suzukii
A0AB40A9L4	1	U-01	suzukii	D. suzukii
A0AB40A9M0	1	U-01	suzukii	D. suzukii
A0AB40A9M1	1	U-01	suzukii	D. suzukii
A0AB40A9M2	0	unassigned	suzukii	D. suzukii
A0AB40A9M4	1	U-01	suzukii	D. suzukii
A0AB40A9M6	1	U-01	suzukii	D. suzukii
A0AB40A9N0	2	U-02	suzukii	D. suzukii
A0AB40A9N3	1	U-01	suzukii	D. suzukii
A0AB40A9P1	0	unassigned	suzukii	D. suzukii
A0AB40A9P3	2	U-02	suzukii	D. suzukii
A0AB40A9P7	1	U-01	suzukii	D. suzukii
A0AB40A9Q0	2	U-02	suzukii	D. suzukii
A0AB40A9Q8	1	U-01	suzukii	D. suzukii
A0AB40A9Q9	1	U-01	suzukii	D. suzukii
A0AB40A9R4	1	U-01	suzukii	D. suzukii
A0AB40A9S1	3	U-03	suzukii	D. suzukii
A0AB40A9S3	1	U-01	suzukii	D. suzukii
A0AB40A9S6	0	unassigned	suzukii	D. suzukii
A0AB40A9S9	1	U-01	suzukii	D. suzukii
A0AB40A9T2	1	U-01	suzukii	D. suzukii
A0AB40A9T4	1	U-01	suzukii	D. suzukii
A0AB40A9T6	2	U-02	suzukii	D. suzukii
A0AB40A9T7	1	U-01	suzukii	D. suzukii
A0AB40A9T8	1	U-01	suzukii	D. suzukii
A0AB40A9U1	0	unassigned	suzukii	D. suzukii
A0AB40A9U3	1	U-01	suzukii	D. suzukii
A0AB40A9U4	2	U-02	suzukii	D. suzukii
A0AB40A9U5	1	U-01	suzukii	D. suzukii
A0AB40A9U8	2	U-02	suzukii	D. suzukii
A0AB40A9U9	0	unassigned	suzukii	D. suzukii
A0AB40A9V0	2	U-02	suzukii	D. suzukii
A0AB40A9V3	2	U-02	suzukii	D. suzukii
A0AB40A9W0	1	U-01	suzukii	D. suzukii
A0AB40A9W4	1	U-01	suzukii	D. suzukii
A0AB40A9W5	1	U-01	suzukii	D. suzukii
A0AB40A9W7	0	unassigned	suzukii	D. suzukii
A0AB40A9X1	2	U-02	suzukii	D. suzukii
A0AB40A9X4	2	U-02	suzukii	D. suzukii
A0AB40A9X7	1	U-01	suzukii	D. suzukii
A0AB40A9X9	1	U-01	suzukii	D. suzukii
A0AB40A9Y2	1	U-01	suzukii	D. suzukii
A0AB40A9Y5	1	U-01	suzukii	D. suzukii
A0AB40A9Y6	0	unassigned	suzukii	D. suzukii
A0AB40A9Y8	2	U-02	suzukii	D. suzukii
A0AB40A9Y9	2	U-02	suzukii	D. suzukii
A0AB40A9Z4	1	U-01	suzukii	D. suzukii
A0AB40A9Z6	1	U-01	suzukii	D. suzukii
A0AB40A9Z9	2	U-02	suzukii	D. suzukii
A0AB40AA06	2	U-02	suzukii	D. suzukii
A0AB39Z2M7	1	U-01	suzukii	D. suzukii
A0AB39Z2M9	2	U-02	suzukii	D. suzukii
A0AB39Z2N0	1	U-01	suzukii	D. suzukii
A0AB39Z2N1	1	U-01	suzukii	D. suzukii
A0AB39Z2N4	2	U-02	suzukii	D. suzukii
A0AB39Z2N5	1	U-01	suzukii	D. suzukii
A0AB39Z2N7	2	U-02	suzukii	D. suzukii
A0AB39Z2P0	2	U-02	suzukii	D. suzukii
A0AB39Z2P1	0	unassigned	suzukii	D. suzukii
A0AB39Z2P2	1	U-01	suzukii	D. suzukii
A0AB39Z2P4	1	U-01	suzukii	D. suzukii
A0AB39Z2P5	1	U-01	suzukii	D. suzukii
A0AB39Z2P6	0	unassigned	suzukii	D. suzukii
A0AB39Z2P9	0	unassigned	suzukii	D. suzukii
A0AB39Z2Q2	1	U-01	suzukii	D. suzukii
A0AB39Z2Q3	1	U-01	suzukii	D. suzukii
A0AB39Z2Q4	1	U-01	suzukii	D. suzukii
A0AB39Z2Q5	0	unassigned	suzukii	D. suzukii
A0AB39Z2Q6	0	unassigned	suzukii	D. suzukii
A0AB39Z2Q7	1	U-01	suzukii	D. suzukii
A0AB39Z2R0	2	U-02	suzukii	D. suzukii
A0AB39Z2R2	1	U-01	suzukii	D. suzukii
A0AB39Z2R4	1	U-01	suzukii	D. suzukii
A0AB39Z2R5	1	U-01	suzukii	D. suzukii
A0AB39Z2R6	1	U-01	suzukii	D. suzukii
A0AB39Z2R7	2	U-02	suzukii	D. suzukii
A0AB39Z6I7	0	unassigned	suzukii	D. suzukii
A0AB39Z6I9	1	U-01	suzukii	D. suzukii
A0AB39Z6J1	0	unassigned	suzukii	D. suzukii
A0AB39Z6J2	1	U-01	suzukii	D. suzukii
A0AB39Z6J3	1	U-01	suzukii	D. suzukii
A0AB39Z6J4	3	U-03	suzukii	D. suzukii
A0AB39Z6J7	1	U-01	suzukii	D. suzukii
A0AB39Z6J9	1	U-01	suzukii	D. suzukii
A0AB39Z6K0	1	U-01	suzukii	D. suzukii
A0AB39Z6K2	1	U-01	suzukii	D. suzukii
A0AB39Z6K5	1	U-01	suzukii	D. suzukii
A0AB39Z6K6	1	U-01	suzukii	D. suzukii
A0AB39Z6K7	1	U-01	suzukii	D. suzukii
A0AB39Z6K8	1	U-01	suzukii	D. suzukii
A0AB39Z6L0	1	U-01	suzukii	D. suzukii
A0AB39Z6L6	2	U-02	suzukii	D. suzukii
A0AB39Z6M1	1	U-01	suzukii	D. suzukii
A0AB39Z6M2	1	U-01	suzukii	D. suzukii
A0AB39Z6M3	1	U-01	suzukii	D. suzukii
A0AB39Z6M4	1	U-01	suzukii	D. suzukii
A0AB39Z6M5	1	U-01	suzukii	D. suzukii
A0AB39Z6M6	1	U-01	suzukii	D. suzukii
A0AB39Z6M9	1	U-01	suzukii	D. suzukii
A0AB39Z6N1	1	U-01	suzukii	D. suzukii
A0AB39Z6N4	1	U-01	suzukii	D. suzukii
A0AB39Z6N5	1	U-01	suzukii	D. suzukii
A0AB39Z6P1	1	U-01	suzukii	D. suzukii
A0AB39Z6P2	1	U-01	suzukii	D. suzukii
A0AB39Z6P3	1	U-01	suzukii	D. suzukii
A0AB39Z6Q0	1	U-01	suzukii	D. suzukii
A0AB39Z6Q1	0	unassigned	suzukii	D. suzukii
A0AB39Z6Q4	1	U-01	suzukii	D. suzukii
A0AB39Z6Q9	2	U-02	suzukii	D. suzukii
A0AB39Z6R2	1	U-01	suzukii	D. suzukii
A0AB39Z6R5	1	U-01	suzukii	D. suzukii
A0AB39Z6R7	1	U-01	suzukii	D. suzukii
A0AB39Z6S2	1	U-01	suzukii	D. suzukii
A0AB39Z6S4	1	U-01	suzukii	D. suzukii
A0AB39Z6S5	1	U-01	suzukii	D. suzukii
A0AB39Z6S7	0	unassigned	suzukii	D. suzukii
A0AB39Z6S9	1	U-01	suzukii	D. suzukii
A0AB39Z6T0	1	U-01	suzukii	D. suzukii
A0AB39Z6T3	1	U-01	suzukii	D. suzukii
A0AB39Z6T4	1	U-01	suzukii	D. suzukii
A0AB39Z6T9	2	U-02	suzukii	D. suzukii
A0AB39Z6U1	1	U-01	suzukii	D. suzukii
A0AB39Z6U6	2	U-02	suzukii	D. suzukii
A0AB39Z6U7	0	unassigned	suzukii	D. suzukii
A0AB39Z6V1	1	U-01	suzukii	D. suzukii
A0AB39Z6V2	1	U-01	suzukii	D. suzukii
A0AB39Z6V5	1	U-01	suzukii	D. suzukii
A0AB39Z6V7	3	U-03	suzukii	D. suzukii
A0AB39Z6W1	0	unassigned	suzukii	D. suzukii
A0AB39Z6W7	3	U-03	suzukii	D. suzukii
A0AB39Z6W8	2	U-02	suzukii	D. suzukii
A0AB39Z6X2	1	U-01	suzukii	D. suzukii
A0AB39Z6X3	0	unassigned	suzukii	D. suzukii
A0AB39Z6X4	0	unassigned	suzukii	D. suzukii
A0AB39Z6X7	1	U-01	suzukii	D. suzukii
A0AB39Z6Y1	1	U-01	suzukii	D. suzukii
A0AB39Z6Y3	1	U-01	suzukii	D. suzukii
A0AB39Z6Y6	1	U-01	suzukii	D. suzukii
A0AB39Z6Y7	1	U-01	suzukii	D. suzukii
A0AB39Z6Y8	1	U-01	suzukii	D. suzukii
A0AB39Z6Z0	1	U-01	suzukii	D. suzukii
A0AB39Z6Z2	0	unassigned	suzukii	D. suzukii
A0AB39Z702	1	U-01	suzukii	D. suzukii
A0AB39Z704	1	U-01	suzukii	D. suzukii
A0AB39Z707	1	U-01	suzukii	D. suzukii
A0AB39Z708	1	U-01	suzukii	D. suzukii
A0AB39Z712	1	U-01	suzukii	D. suzukii
A0AB39Z717	1	U-01	suzukii	D. suzukii
A0AB39Z718	1	U-01	suzukii	D. suzukii
A0AB39Z721	1	U-01	suzukii	D. suzukii
A0AB40A010	0	unassigned	suzukii	D. suzukii
A0AB40A013	1	U-01	suzukii	D. suzukii
A0AB40A014	1	U-01	suzukii	D. suzukii
A0AB40A018	1	U-01	suzukii	D. suzukii
A0AB40A019	1	U-01	suzukii	D. suzukii
A0AB40A020	1	U-01	suzukii	D. suzukii
A0AB40A5B9	0	unassigned	suzukii	D. suzukii
A0AB40A5C4	3	U-03	suzukii	D. suzukii
A0AB40A5C7	0	unassigned	suzukii	D. suzukii
A0AB40A5C8	0	unassigned	suzukii	D. suzukii
A0AB40A5D1	3	U-03	suzukii	D. suzukii
A0AB40A5D3	1	U-01	suzukii	D. suzukii
A0AB40A5D5	2	U-02	suzukii	D. suzukii
A0AB40A5D9	2	U-02	suzukii	D. suzukii
A0AB40A5E1	1	U-01	suzukii	D. suzukii
A0AB40A5E3	2	U-02	suzukii	D. suzukii
A0AB40A5E7	1	U-01	suzukii	D. suzukii
A0AB40A5E8	1	U-01	suzukii	D. suzukii
A0AB40A5F3	1	U-01	suzukii	D. suzukii
A0AB40A5F5	0	unassigned	suzukii	D. suzukii
A0AB40A5F6	1	U-01	suzukii	D. suzukii
A0AB40A5F7	0	unassigned	suzukii	D. suzukii
A0AB40A5F8	1	U-01	suzukii	D. suzukii
A0AB40A5G0	1	U-01	suzukii	D. suzukii
A0AB40A5G3	0	unassigned	suzukii	D. suzukii
A0AB40A5G5	1	U-01	suzukii	D. suzukii
A0AB40A5G6	1	U-01	suzukii	D. suzukii
A0AB40A5H0	3	U-03	suzukii	D. suzukii
A0AB40A5H2	1	U-01	suzukii	D. suzukii
A0AB40A5H3	0	unassigned	suzukii	D. suzukii
A0AB40A5H8	0	unassigned	suzukii	D. suzukii
A0AB40A5I1	1	U-01	suzukii	D. suzukii
A0AB40A5I2	1	U-01	suzukii	D. suzukii
A0AB40A5I3	0	unassigned	suzukii	D. suzukii
A0AB40A5I5	1	U-01	suzukii	D. suzukii
A0AB40A5J0	3	U-03	suzukii	D. suzukii
A0AB40A5J1	2	U-02	suzukii	D. suzukii
A0AB40A5J2	1	U-01	suzukii	D. suzukii
A0AB40A5J4	1	U-01	suzukii	D. suzukii
A0AB40A5K1	1	U-01	suzukii	D. suzukii
A0AB40A5K3	1	U-01	suzukii	D. suzukii
A0AB40A5K6	1	U-01	suzukii	D. suzukii
A0AB40A5K8	0	unassigned	suzukii	D. suzukii
A0AB40A5K9	0	unassigned	suzukii	D. suzukii
A0AB40A5L0	0	unassigned	suzukii	D. suzukii
A0AB40A5L9	0	unassigned	suzukii	D. suzukii
A0AB40A5M1	1	U-01	suzukii	D. suzukii
A0AB40A5M3	2	U-02	suzukii	D. suzukii
A0AB40A5M5	0	unassigned	suzukii	D. suzukii
A0AB40A5M6	0	unassigned	suzukii	D. suzukii
A0AB40A5M7	2	U-02	suzukii	D. suzukii
A0AB40A5M8	1	U-01	suzukii	D. suzukii
A0AB40A5N0	0	unassigned	suzukii	D. suzukii
A0AB40A5N1	3	U-03	suzukii	D. suzukii
A0AB40A5N2	1	U-01	suzukii	D. suzukii
A0AB40A5N5	1	U-01	suzukii	D. suzukii
A0AB40A5N7	1	U-01	suzukii	D. suzukii
A0AB40A5N9	2	U-02	suzukii	D. suzukii
A0AB40A5P1	1	U-01	suzukii	D. suzukii
A0AB40A5P3	1	U-01	suzukii	D. suzukii
A0AB40A5P4	1	U-01	suzukii	D. suzukii
A0AB40A5P5	2	U-02	suzukii	D. suzukii
A0AB40A5P8	2	U-02	suzukii	D. suzukii
A0AB40A5P9	1	U-01	suzukii	D. suzukii
A0AB40A5Q3	0	unassigned	suzukii	D. suzukii
A0AB40A5Q5	1	U-01	suzukii	D. suzukii
A0AB40A5Q8	1	U-01	suzukii	D. suzukii
A0AB40A5R0	1	U-01	suzukii	D. suzukii
A0AB40A5R2	1	U-01	suzukii	D. suzukii
A0AB40A5R4	1	U-01	suzukii	D. suzukii
A0AB40A5R6	1	U-01	suzukii	D. suzukii
A0AB40A5R7	1	U-01	suzukii	D. suzukii
A0AB40A5R9	2	U-02	suzukii	D. suzukii
A0AB40A5S0	1	U-01	suzukii	D. suzukii
A0AB40A5S1	1	U-01	suzukii	D. suzukii
A0AB40A5S7	0	unassigned	suzukii	D. suzukii
A0AB40A5T0	1	U-01	suzukii	D. suzukii
A0AB40A5T1	1	U-01	suzukii	D. suzukii
A0AB40A5T3	1	U-01	suzukii	D. suzukii
A0AB40A5T6	1	U-01	suzukii	D. suzukii
A0AB40A5T8	1	U-01	suzukii	D. suzukii
A0AB40A5T9	1	U-01	suzukii	D. suzukii
A0AB40A5U1	1	U-01	suzukii	D. suzukii
A0AB40A5U5	1	U-01	suzukii	D. suzukii
A0AB40A5U6	1	U-01	suzukii	D. suzukii
A0AB40A5U7	1	U-01	suzukii	D. suzukii
A0AB40A5V6	0	unassigned	suzukii	D. suzukii
A0AB40A5V9	1	U-01	suzukii	D. suzukii
A0AB40A5W0	1	U-01	suzukii	D. suzukii
A0AB40A5W3	0	unassigned	suzukii	D. suzukii
A0AB40A5W9	3	U-03	suzukii	D. suzukii
A0AB40A5X2	1	U-01	suzukii	D. suzukii
A0AB40A5X5	2	U-02	suzukii	D. suzukii
A0AB40A5X6	1	U-01	suzukii	D. suzukii
A0AB40A5X8	2	U-02	suzukii	D. suzukii
A0AB40A5Y3	0	unassigned	suzukii	D. suzukii
A0AB40A5Y4	1	U-01	suzukii	D. suzukii
A0AB40A5Y6	1	U-01	suzukii	D. suzukii
A0AB40A5Y9	1	U-01	suzukii	D. suzukii
A0AB40A5Z0	1	U-01	suzukii	D. suzukii
A0AB39ZLV9	2	U-02	suzukii	D. suzukii
A0AB39ZLY0	1	U-01	suzukii	D. suzukii
A0AB39ZM02	1	U-01	suzukii	D. suzukii
A0AB39ZM08	1	U-01	suzukii	D. suzukii
A0AB39ZM43	1	U-01	suzukii	D. suzukii
A0AB39ZM54	1	U-01	suzukii	D. suzukii
A0AB39ZM62	1	U-01	suzukii	D. suzukii
A0AB39ZM84	1	U-01	suzukii	D. suzukii
A0AB39ZM86	0	unassigned	suzukii	D. suzukii
A0AB39ZM89	1	U-01	suzukii	D. suzukii
A0AB39ZMB2	1	U-01	suzukii	D. suzukii
A0AB39ZMC5	2	U-02	suzukii	D. suzukii
A0AB39ZMC9	1	U-01	suzukii	D. suzukii
A0AB39ZMD8	1	U-01	suzukii	D. suzukii
A0AB39ZMD9	0	unassigned	suzukii	D. suzukii
A0AB39ZME4	1	U-01	suzukii	D. suzukii
A0AB39ZMG2	1	U-01	suzukii	D. suzukii
A0AB39ZMH7	1	U-01	suzukii	D. suzukii
A0AB39ZMK4	1	U-01	suzukii	D. suzukii
A0AB39ZML2	1	U-01	suzukii	D. suzukii
A0AB39ZML5	1	U-01	suzukii	D. suzukii
A0AB39ZMP2	1	U-01	suzukii	D. suzukii
A0AB39ZMQ3	1	U-01	suzukii	D. suzukii
A0AB39ZMQ4	1	U-01	suzukii	D. suzukii
A0AB39ZMR1	1	U-01	suzukii	D. suzukii
A0AB39ZMR5	1	U-01	suzukii	D. suzukii
A0AB39ZMR9	1	U-01	suzukii	D. suzukii
A0AB39ZMS8	1	U-01	suzukii	D. suzukii
A0AB39ZMT9	1	U-01	suzukii	D. suzukii
A0AB39ZMU9	1	U-01	suzukii	D. suzukii
A0AB39ZMV7	2	U-02	suzukii	D. suzukii
A0AB39ZMX4	1	U-01	suzukii	D. suzukii
A0AB39ZMY0	1	U-01	suzukii	D. suzukii
A0AB39ZMY5	1	U-01	suzukii	D. suzukii
A0AB39ZMY7	1	U-01	suzukii	D. suzukii
A0AB39ZMZ9	1	U-01	suzukii	D. suzukii
A0AB39ZN22	1	U-01	suzukii	D. suzukii
A0AB39ZN28	1	U-01	suzukii	D. suzukii
A0AB39ZN31	1	U-01	suzukii	D. suzukii
A0AB39ZN84	0	unassigned	suzukii	D. suzukii
A0AB39ZN91	1	U-01	suzukii	D. suzukii
A0AB39ZND6	1	U-01	suzukii	D. suzukii
A0AB39ZNE4	1	U-01	suzukii	D. suzukii
A0AB39ZNG8	1	U-01	suzukii	D. suzukii
A0AB39ZNK0	2	U-02	suzukii	D. suzukii
A0AB39ZNK7	1	U-01	suzukii	D. suzukii
A0AB39ZNL7	1	U-01	suzukii	D. suzukii
A0AB39ZNN9	1	U-01	suzukii	D. suzukii
A0AB39ZNP6	0	unassigned	suzukii	D. suzukii
A0AB39ZNQ4	1	U-01	suzukii	D. suzukii
A0AB39ZNQ8	1	U-01	suzukii	D. suzukii
A0AB39ZNS6	1	U-01	suzukii	D. suzukii
A0AB39ZNT7	1	U-01	suzukii	D. suzukii
A0AB39ZNT8	1	U-01	suzukii	D. suzukii
A0AB39ZNU6	1	U-01	suzukii	D. suzukii
A0AB39ZNU7	1	U-01	suzukii	D. suzukii
A0AB39ZNV7	2	U-02	suzukii	D. suzukii
A0AB39ZNW6	1	U-01	suzukii	D. suzukii
A0AB39ZP13	1	U-01	suzukii	D. suzukii
A0AB39ZP14	2	U-02	suzukii	D. suzukii
A0AB39ZP23	1	U-01	suzukii	D. suzukii
A0AB39ZP92	2	U-02	suzukii	D. suzukii
A0AB39ZPA3	1	U-01	suzukii	D. suzukii
A0AB39ZPB4	1	U-01	suzukii	D. suzukii
A0AB39ZPB5	1	U-01	suzukii	D. suzukii
A0AB39ZPC7	2	U-02	suzukii	D. suzukii
A0AB39ZPC9	1	U-01	suzukii	D. suzukii
A0AB39ZPD3	0	unassigned	suzukii	D. suzukii
A0AB39ZPG2	1	U-01	suzukii	D. suzukii
A0AB39ZPI0	2	U-02	suzukii	D. suzukii
A0AB39ZPJ1	1	U-01	suzukii	D. suzukii
A0AB39ZPK9	1	U-01	suzukii	D. suzukii
A0AB39ZPN2	1	U-01	suzukii	D. suzukii
A0AB39ZPN6	1	U-01	suzukii	D. suzukii
A0AB39ZPQ6	1	U-01	suzukii	D. suzukii
A0AB39ZPR0	1	U-01	suzukii	D. suzukii
A0AB39ZPW4	1	U-01	suzukii	D. suzukii
A0AB39ZPW6	1	U-01	suzukii	D. suzukii
A0AB39ZYC6	2	U-02	suzukii	D. suzukii
A0AB39ZYE8	1	U-01	suzukii	D. suzukii
A0AB39ZYE9	1	U-01	suzukii	D. suzukii
A0AB39ZYG1	1	U-01	suzukii	D. suzukii
A0AB39ZYG3	1	U-01	suzukii	D. suzukii
A0AB39ZYG7	1	U-01	suzukii	D. suzukii
A0AB39ZYJ0	2	U-02	suzukii	D. suzukii
A0AB39ZYR9	1	U-01	suzukii	D. suzukii
A0AB39ZYW1	1	U-01	suzukii	D. suzukii
A0AB39ZYX5	1	U-01	suzukii	D. suzukii
A0AB39ZYX7	1	U-01	suzukii	D. suzukii
A0AB39ZYX8	1	U-01	suzukii	D. suzukii
A0AB39ZYY1	1	U-01	suzukii	D. suzukii
A0AB39ZYY4	1	U-01	suzukii	D. suzukii
A0AB39ZZ03	1	U-01	suzukii	D. suzukii
A0AB39ZZ46	1	U-01	suzukii	D. suzukii
A0AB39ZZ76	1	U-01	suzukii	D. suzukii
A0AB39ZZB0	1	U-01	suzukii	D. suzukii
A0AB39ZZB1	1	U-01	suzukii	D. suzukii
A0AB39ZZB6	0	unassigned	suzukii	D. suzukii
A0AB39ZZD0	1	U-01	suzukii	D. suzukii
A0AB39ZZD4	0	unassigned	suzukii	D. suzukii
A0AB40A2E6	1	U-01	suzukii	D. suzukii
A0AB40A2E9	0	unassigned	suzukii	D. suzukii
A0AB40A2F6	1	U-01	suzukii	D. suzukii
A0AB40A2F9	3	U-03	suzukii	D. suzukii
A0AB40A2G2	1	U-01	suzukii	D. suzukii
A0AB40A2G3	0	unassigned	suzukii	D. suzukii
A0AB40A2G6	1	U-01	suzukii	D. suzukii
A0AB40A2H2	1	U-01	suzukii	D. suzukii
A0AB40A2H7	2	U-02	suzukii	D. suzukii
A0AB40A2H9	1	U-01	suzukii	D. suzukii
A0AB40A2I3	0	unassigned	suzukii	D. suzukii
A0AB40A2J0	1	U-01	suzukii	D. suzukii
A0AB40A2K2	1	U-01	suzukii	D. suzukii
A0AB40A2L1	1	U-01	suzukii	D. suzukii
A0AB40A2L2	0	unassigned	suzukii	D. suzukii
A0AB40A2L7	1	U-01	suzukii	D. suzukii
A0AB40A2L9	1	U-01	suzukii	D. suzukii
A0AB40A2M0	1	U-01	suzukii	D. suzukii
A0AB40A2M3	1	U-01	suzukii	D. suzukii
A0AB40A2N0	1	U-01	suzukii	D. suzukii
A0AB40A2N1	1	U-01	suzukii	D. suzukii
A0AB40A2N6	3	U-03	suzukii	D. suzukii
A0AB40A2P9	1	U-01	suzukii	D. suzukii
A0AB40A2Q2	1	U-01	suzukii	D. suzukii
A0AB40A2R2	1	U-01	suzukii	D. suzukii
A0AB40A2S2	2	U-02	suzukii	D. suzukii
A0AB40A2S3	2	U-02	suzukii	D. suzukii
A0AB40A2T1	3	U-03	suzukii	D. suzukii
A0AB40A2T2	1	U-01	suzukii	D. suzukii
A0AB40A2T4	0	unassigned	suzukii	D. suzukii
A0AB40A2T6	1	U-01	suzukii	D. suzukii
A0AB40A2T8	0	unassigned	suzukii	D. suzukii
A0AB40A2U2	0	unassigned	suzukii	D. suzukii
A0AB40A2U5	1	U-01	suzukii	D. suzukii
A0AB40A2U8	1	U-01	suzukii	D. suzukii
A0AB40A2V0	1	U-01	suzukii	D. suzukii
A0AB40A2W2	1	U-01	suzukii	D. suzukii
A0AB40A2W8	2	U-02	suzukii	D. suzukii
A0AB40A2Y3	1	U-01	suzukii	D. suzukii
A0AB40A2Y6	1	U-01	suzukii	D. suzukii
A0AB40A2Y7	1	U-01	suzukii	D. suzukii
A0AB40A2Y9	1	U-01	suzukii	D. suzukii
A0AB40A2Z4	1	U-01	suzukii	D. suzukii
A0AB40A2Z8	0	unassigned	suzukii	D. suzukii
A0AB40A2Z9	1	U-01	suzukii	D. suzukii
A0AB40A300	0	unassigned	suzukii	D. suzukii
A0AB40A303	1	U-01	suzukii	D. suzukii
A0AB40A304	1	U-01	suzukii	D. suzukii
A0AB40A314	1	U-01	suzukii	D. suzukii
A0AB40A318	1	U-01	suzukii	D. suzukii
A0AB40A321	1	U-01	suzukii	D. suzukii
A0AB40A322	3	U-03	suzukii	D. suzukii
A0AB40A328	1	U-01	suzukii	D. suzukii
A0AB40A330	2	U-02	suzukii	D. suzukii
A0AB40A332	1	U-01	suzukii	D. suzukii
A0AB40A335	1	U-01	suzukii	D. suzukii
A0AB40A337	1	U-01	suzukii	D. suzukii
A0AB40AB92	1	U-01	suzukii	D. suzukii
A0AB40AB94	1	U-01	suzukii	D. suzukii
A0AB40AB95	1	U-01	suzukii	D. suzukii
A0AB40ABA2	1	U-01	suzukii	D. suzukii
A0AB40ABA7	1	U-01	suzukii	D. suzukii
A0AB40ABB1	3	U-03	suzukii	D. suzukii
A0AB40ABB2	0	unassigned	suzukii	D. suzukii
A0AB40ABB5	1	U-01	suzukii	D. suzukii
A0AB40ABB9	1	U-01	suzukii	D. suzukii
A0AB40ABC0	2	U-02	suzukii	D. suzukii
A0AB40ABC2	1	U-01	suzukii	D. suzukii
A0AB40ABC3	2	U-02	suzukii	D. suzukii
A0AB40ABC4	1	U-01	suzukii	D. suzukii
A0AB40ABC7	1	U-01	suzukii	D. suzukii
A0AB40ABC8	1	U-01	suzukii	D. suzukii
A0AB40ABD1	3	U-03	suzukii	D. suzukii
A0AB40ABD3	1	U-01	suzukii	D. suzukii
A0AB40ABD4	1	U-01	suzukii	D. suzukii
A0AB40ABD5	2	U-02	suzukii	D. suzukii
A0AB40ABD6	1	U-01	suzukii	D. suzukii
A0AB40ABD9	1	U-01	suzukii	D. suzukii
A0AB40ABE1	2	U-02	suzukii	D. suzukii
A0AB40ABE3	1	U-01	suzukii	D. suzukii
A0AB40ABE4	1	U-01	suzukii	D. suzukii
A0AB40ABE6	1	U-01	suzukii	D. suzukii
A0AB40ABE7	2	U-02	suzukii	D. suzukii
A0AB40ABE9	2	U-02	suzukii	D. suzukii
A0AB40ABF1	1	U-01	suzukii	D. suzukii
A0AB40ABF5	1	U-01	suzukii	D. suzukii
A0AB40ABF6	1	U-01	suzukii	D. suzukii
A0AB40ABF7	1	U-01	suzukii	D. suzukii
A0AB40ABF8	1	U-01	suzukii	D. suzukii
A0AB40ABG1	0	unassigned	suzukii	D. suzukii
A0AB40ABG5	1	U-01	suzukii	D. suzukii
A0AB40ABG6	0	unassigned	suzukii	D. suzukii
A0AB40ABG7	1	U-01	suzukii	D. suzukii
A0AB40ABH3	1	U-01	suzukii	D. suzukii
A0AB40ABI5	1	U-01	suzukii	D. suzukii
A0AB40ABI8	2	U-02	suzukii	D. suzukii
A0AB40ABJ1	0	unassigned	suzukii	D. suzukii
A0AB40ABJ2	2	U-02	suzukii	D. suzukii
A0AB40ABJ6	2	U-02	suzukii	D. suzukii
A0AB40ABK4	2	U-02	suzukii	D. suzukii
A0AB40A921	0	unassigned	suzukii	D. suzukii
A0AB40A924	1	U-01	suzukii	D. suzukii
A0AB40A931	1	U-01	suzukii	D. suzukii
A0AB40A932	1	U-01	suzukii	D. suzukii
A0AB40A933	1	U-01	suzukii	D. suzukii
A0AB40A934	1	U-01	suzukii	D. suzukii
A0AB40A935	1	U-01	suzukii	D. suzukii
A0AB40A938	0	unassigned	suzukii	D. suzukii
A0AB40A941	1	U-01	suzukii	D. suzukii
A0AB40A942	1	U-01	suzukii	D. suzukii
A0AB40A944	1	U-01	suzukii	D. suzukii
A0AB40A946	1	U-01	suzukii	D. suzukii
A0AB40A947	1	U-01	suzukii	D. suzukii
A0AB40A948	0	unassigned	suzukii	D. suzukii
A0AB40A949	0	unassigned	suzukii	D. suzukii
A0AB40A952	1	U-01	suzukii	D. suzukii
A0AB40A953	1	U-01	suzukii	D. suzukii
A0AB40A957	1	U-01	suzukii	D. suzukii
A0AB40A960	1	U-01	suzukii	D. suzukii
A0AB40A965	1	U-01	suzukii	D. suzukii
A0AB40A967	2	U-02	suzukii	D. suzukii
A0AB40A975	1	U-01	suzukii	D. suzukii
A0AB40A976	1	U-01	suzukii	D. suzukii
A0AB40A977	1	U-01	suzukii	D. suzukii
A0AB40A979	0	unassigned	suzukii	D. suzukii
A0AB40A983	0	unassigned	suzukii	D. suzukii
A0AB40A986	1	U-01	suzukii	D. suzukii
A0AB40A987	0	unassigned	suzukii	D. suzukii
A0AB40A988	1	U-01	suzukii	D. suzukii
A0AB40A991	2	U-02	suzukii	D. suzukii
A0AB40A992	2	U-02	suzukii	D. suzukii
A0AB40A993	1	U-01	suzukii	D. suzukii
A0AB40A997	1	U-01	suzukii	D. suzukii
A0AB40AF61	1	U-01	suzukii	D. suzukii
A0AB40AF62	1	U-01	suzukii	D. suzukii
A0AB40AF64	1	U-01	suzukii	D. suzukii
A0AB40AF65	1	U-01	suzukii	D. suzukii
A0AB40AF67	1	U-01	suzukii	D. suzukii
A0AB40AF68	1	U-01	suzukii	D. suzukii
A0AB40AF70	1	U-01	suzukii	D. suzukii
A0AB40AF76	1	U-01	suzukii	D. suzukii
A0AB40AF77	1	U-01	suzukii	D. suzukii
A0AB40AF79	1	U-01	suzukii	D. suzukii
A0AB40AF83	1	U-01	suzukii	D. suzukii
A0AB40AF86	1	U-01	suzukii	D. suzukii
A0AB40AF88	1	U-01	suzukii	D. suzukii
A0AB40AF93	1	U-01	suzukii	D. suzukii
A0AB40AF94	0	unassigned	suzukii	D. suzukii
A0AB40AFA1	1	U-01	suzukii	D. suzukii
A0AB40AFA4	1	U-01	suzukii	D. suzukii
A0AB40AFA5	1	U-01	suzukii	D. suzukii
A0AB40AFA6	0	unassigned	suzukii	D. suzukii
A0AB40AFA7	1	U-01	suzukii	D. suzukii
A0AB40AFB1	1	U-01	suzukii	D. suzukii
A0AB40AFB3	1	U-01	suzukii	D. suzukii
A0AB40AFB4	1	U-01	suzukii	D. suzukii
A0AB40AFB7	1	U-01	suzukii	D. suzukii
A0AB40AFC3	1	U-01	suzukii	D. suzukii
A0AB40AFC4	1	U-01	suzukii	D. suzukii
A0AB40AFC6	1	U-01	suzukii	D. suzukii
A0AB40AFD0	2	U-02	suzukii	D. suzukii
A0AB40AFD2	1	U-01	suzukii	D. suzukii
A0AB40AFD4	2	U-02	suzukii	D. suzukii
A0AB40AFD6	0	unassigned	suzukii	D. suzukii
A0AB40AFD8	2	U-02	suzukii	D. suzukii
A0AB40AFE1	1	U-01	suzukii	D. suzukii
A0AB40AFE2	1	U-01	suzukii	D. suzukii
A0AB40AFE9	1	U-01	suzukii	D. suzukii
A0AB40AFF0	2	U-02	suzukii	D. suzukii
A0AB40AFF2	1	U-01	suzukii	D. suzukii
A0AB40AFF4	1	U-01	suzukii	D. suzukii
A0AB40AFF8	1	U-01	suzukii	D. suzukii
A0AB40AFF9	1	U-01	suzukii	D. suzukii
A0AB40AFG0	0	unassigned	suzukii	D. suzukii
A0AB40AFG4	2	U-02	suzukii	D. suzukii
A0AB40AFG6	2	U-02	suzukii	D. suzukii
A0AB40AFG7	3	U-03	suzukii	D. suzukii
A0AB40AFH0	1	U-01	suzukii	D. suzukii
A0AB40AFH1	1	U-01	suzukii	D. suzukii
A0AB40AFH3	1	U-01	suzukii	D. suzukii
A0AB40AFH7	1	U-01	suzukii	D. suzukii
A0AB40AFI4	1	U-01	suzukii	D. suzukii
A0AB40AFI7	2	U-02	suzukii	D. suzukii
A0AB40AFI9	1	U-01	suzukii	D. suzukii
A0AB40AFJ2	1	U-01	suzukii	D. suzukii
A0AB40AFJ3	0	unassigned	suzukii	D. suzukii
A0AB40AFJ7	1	U-01	suzukii	D. suzukii
A0AB40AFK0	2	U-02	suzukii	D. suzukii
A0AB40AFK2	1	U-01	suzukii	D. suzukii
A0AB40AFK3	0	unassigned	suzukii	D. suzukii
A0AB40AFK4	1	U-01	suzukii	D. suzukii
A0AB40AFK8	1	U-01	suzukii	D. suzukii
A0AB40AFK9	0	unassigned	suzukii	D. suzukii
A0AB40AFL2	1	U-01	suzukii	D. suzukii
A0AB40AFL3	1	U-01	suzukii	D. suzukii
A0AB40AFL4	1	U-01	suzukii	D. suzukii
A0AB40AFL6	1	U-01	suzukii	D. suzukii
A0AB40AFL7	1	U-01	suzukii	D. suzukii
A0AB40AFL9	1	U-01	suzukii	D. suzukii
A0AB40AFM2	0	unassigned	suzukii	D. suzukii
A0AB39Z1G2	1	U-01	suzukii	D. suzukii
A0AB39Z1G4	1	U-01	suzukii	D. suzukii
A0AB39Z1H0	1	U-01	suzukii	D. suzukii
A0AB39Z1H2	1	U-01	suzukii	D. suzukii
A0AB39Z1H6	1	U-01	suzukii	D. suzukii
A0AB39Z1H7	1	U-01	suzukii	D. suzukii
A0AB39Z1H9	1	U-01	suzukii	D. suzukii
A0AB39Z1I0	3	U-03	suzukii	D. suzukii
A0AB39Z1I1	3	U-03	suzukii	D. suzukii
A0AB39Z1I2	1	U-01	suzukii	D. suzukii
A0AB39Z1I7	1	U-01	suzukii	D. suzukii
A0AB39Z1I8	3	U-03	suzukii	D. suzukii
A0AB39Z1J5	1	U-01	suzukii	D. suzukii
A0AB39Z1J9	1	U-01	suzukii	D. suzukii
A0AB39Z1K3	1	U-01	suzukii	D. suzukii
A0AB39Z7T1	3	U-03	suzukii	D. suzukii
A0AB39Z7T2	1	U-01	suzukii	D. suzukii
A0AB39Z7T7	1	U-01	suzukii	D. suzukii
A0AB39Z7T9	1	U-01	suzukii	D. suzukii
A0AB39Z7U0	1	U-01	suzukii	D. suzukii
A0AB39Z7U1	1	U-01	suzukii	D. suzukii
A0AB39Z7U2	1	U-01	suzukii	D. suzukii
A0AB39Z7U4	1	U-01	suzukii	D. suzukii
A0AB39Z7U5	3	U-03	suzukii	D. suzukii
A0AB39Z7V1	1	U-01	suzukii	D. suzukii
A0AB39Z7V6	1	U-01	suzukii	D. suzukii
A0AB39Z7V7	0	unassigned	suzukii	D. suzukii
A0AB39Z7V8	1	U-01	suzukii	D. suzukii
A0AB39Z7V9	1	U-01	suzukii	D. suzukii
A0AB39Z7W2	1	U-01	suzukii	D. suzukii
A0AB39Z7W8	2	U-02	suzukii	D. suzukii
A0AB39Z7X0	1	U-01	suzukii	D. suzukii
A0AB39Z7X1	1	U-01	suzukii	D. suzukii
A0AB39Z7X2	1	U-01	suzukii	D. suzukii
A0AB39Z7X3	3	U-03	suzukii	D. suzukii
A0AB39Z7X6	1	U-01	suzukii	D. suzukii
A0AB39Z7Y4	3	U-03	suzukii	D. suzukii
A0AB39Z7Z1	2	U-02	suzukii	D. suzukii
A0AB39Z7Z3	1	U-01	suzukii	D. suzukii
A0AB39Z7Z4	1	U-01	suzukii	D. suzukii
A0AB39Z7Z7	1	U-01	suzukii	D. suzukii
A0AB39Z7Z8	1	U-01	suzukii	D. suzukii
A0AB39Z801	1	U-01	suzukii	D. suzukii
A0AB39Z802	1	U-01	suzukii	D. suzukii
A0AB39Z805	2	U-02	suzukii	D. suzukii
A0AB39Z806	1	U-01	suzukii	D. suzukii
A0AB39Z808	1	U-01	suzukii	D. suzukii
A0AB39Z812	1	U-01	suzukii	D. suzukii
A0AB39Z816	0	unassigned	suzukii	D. suzukii
A0AB39Z819	1	U-01	suzukii	D. suzukii
A0AB39Z825	2	U-02	suzukii	D. suzukii
A0AB39Z826	3	U-03	suzukii	D. suzukii
A0AB39Z827	0	unassigned	suzukii	D. suzukii
A0AB39Z832	3	U-03	suzukii	D. suzukii
A0AB39Z836	1	U-01	suzukii	D. suzukii
A0AB39Z840	1	U-01	suzukii	D. suzukii
A0AB39Z843	1	U-01	suzukii	D. suzukii
A0AB39Z847	1	U-01	suzukii	D. suzukii
A0AB39Z848	1	U-01	suzukii	D. suzukii
A0AB39Z858	3	U-03	suzukii	D. suzukii
A0AB39Z859	2	U-02	suzukii	D. suzukii
A0AB39Z860	0	unassigned	suzukii	D. suzukii
A0AB39Z866	1	U-01	suzukii	D. suzukii
A0AB39Z871	0	unassigned	suzukii	D. suzukii
A0AB39Z876	1	U-01	suzukii	D. suzukii
A0AB39Z879	1	U-01	suzukii	D. suzukii
A0AB39Z880	1	U-01	suzukii	D. suzukii
A0AB39Z881	1	U-01	suzukii	D. suzukii
A0AB39Z882	3	U-03	suzukii	D. suzukii
A0AB39Z892	0	unassigned	suzukii	D. suzukii
A0AB39Z895	2	U-02	suzukii	D. suzukii
A0AB39Z898	1	U-01	suzukii	D. suzukii
A0AB39Z8A1	1	U-01	suzukii	D. suzukii
A0AB39Z8A3	1	U-01	suzukii	D. suzukii
A0AB39Z8A5	1	U-01	suzukii	D. suzukii
A0AB39Z8A7	2	U-02	suzukii	D. suzukii
A0AB39Z8A8	1	U-01	suzukii	D. suzukii
A0AB39Z8B0	0	unassigned	suzukii	D. suzukii
A0AB39Z8B2	0	unassigned	suzukii	D. suzukii
A0AB39Z8C0	3	U-03	suzukii	D. suzukii
A0AB39Z8C6	1	U-01	suzukii	D. suzukii
A0AB39Z8C9	2	U-02	suzukii	D. suzukii
A0AB39Z8D0	1	U-01	suzukii	D. suzukii
A0AB39Z8D2	1	U-01	suzukii	D. suzukii
A0AB39Z8D4	1	U-01	suzukii	D. suzukii
A0AB39Z8D8	0	unassigned	suzukii	D. suzukii
A0AB39Z8D9	1	U-01	suzukii	D. suzukii
A0AB39Z8E2	3	U-03	suzukii	D. suzukii
A0AB39Z8E4	1	U-01	suzukii	D. suzukii
A0AB39Z8E8	3	U-03	suzukii	D. suzukii
A0AB39Z8F1	2	U-02	suzukii	D. suzukii
A0AB39Z8F3	0	unassigned	suzukii	D. suzukii
A0AB39Z8G9	1	U-01	suzukii	D. suzukii
A0AB39Z8H1	0	unassigned	suzukii	D. suzukii
A0AB39Z8H2	2	U-02	suzukii	D. suzukii
A0AB39Z8H4	1	U-01	suzukii	D. suzukii
A0AB39Z8H7	0	unassigned	suzukii	D. suzukii
A0AB39Z8H8	1	U-01	suzukii	D. suzukii
A0AB39Z8I2	2	U-02	suzukii	D. suzukii
A0AB39Z8I3	0	unassigned	suzukii	D. suzukii
A0AB40DIN4	1	U-01	suzukii	D. suzukii
A0AB40DIN5	1	U-01	suzukii	D. suzukii
A0AB40DIP2	1	U-01	suzukii	D. suzukii
A0AB40DIP3	1	U-01	suzukii	D. suzukii
A0AB40DIQ7	1	U-01	suzukii	D. suzukii
A0AB40DIQ8	1	U-01	suzukii	D. suzukii
A0AB40DIR1	1	U-01	suzukii	D. suzukii
A0AB40DIR2	2	U-02	suzukii	D. suzukii
A0AB40DIR3	0	unassigned	suzukii	D. suzukii
A0AB40DIR6	1	U-01	suzukii	D. suzukii
A0AB40DIS5	2	U-02	suzukii	D. suzukii
A0AB40DIS6	1	U-01	suzukii	D. suzukii
A0AB40DIS9	1	U-01	suzukii	D. suzukii
A0AB40DIT0	1	U-01	suzukii	D. suzukii
A0AB40DIT4	1	U-01	suzukii	D. suzukii
A0AB40DIT8	0	unassigned	suzukii	D. suzukii
A0AB40DIU0	1	U-01	suzukii	D. suzukii
A0AB40DIV9	2	U-02	suzukii	D. suzukii
A0AB40DIW1	2	U-02	suzukii	D. suzukii
A0AB40DIW4	1	U-01	suzukii	D. suzukii
A0AB40DIX1	0	unassigned	suzukii	D. suzukii
A0AB40DIX2	2	U-02	suzukii	D. suzukii
A0AB40DIY0	2	U-02	suzukii	D. suzukii
A0AB40DIY5	1	U-01	suzukii	D. suzukii
A0AB40DIZ2	1	U-01	suzukii	D. suzukii
A0AB40DJ01	1	U-01	suzukii	D. suzukii
A0AB40DJ02	1	U-01	suzukii	D. suzukii
A0AB40DJ04	2	U-02	suzukii	D. suzukii
A0AB40DJ09	1	U-01	suzukii	D. suzukii
A0AB40DJ15	0	unassigned	suzukii	D. suzukii
A0AB40DJ16	3	U-03	suzukii	D. suzukii
A0AB40DJ17	1	U-01	suzukii	D. suzukii
A0AB40DJ26	1	U-01	suzukii	D. suzukii
A0AB40DJ30	2	U-02	suzukii	D. suzukii
A0AB40DJ32	1	U-01	suzukii	D. suzukii
A0AB40DJ39	1	U-01	suzukii	D. suzukii
A0AB40DJ47	1	U-01	suzukii	D. suzukii
A0AB40DJ51	1	U-01	suzukii	D. suzukii
A0AB40DJ52	1	U-01	suzukii	D. suzukii
A0AB40DJ53	1	U-01	suzukii	D. suzukii
A0AB40DJ60	1	U-01	suzukii	D. suzukii
A0AB40DJ64	0	unassigned	suzukii	D. suzukii
A0AB40DJ68	2	U-02	suzukii	D. suzukii
A0AB40DJ69	1	U-01	suzukii	D. suzukii
A0AB40DJ71	1	U-01	suzukii	D. suzukii
A0AB40DJ78	1	U-01	suzukii	D. suzukii
A0AB40DJ80	1	U-01	suzukii	D. suzukii
A0AB40DJ83	1	U-01	suzukii	D. suzukii
A0AB40DJ87	2	U-02	suzukii	D. suzukii
A0AB40DJ89	1	U-01	suzukii	D. suzukii
A0AB40DJ92	0	unassigned	suzukii	D. suzukii
A0AB40DJ95	1	U-01	suzukii	D. suzukii
A0AB40DJA8	1	U-01	suzukii	D. suzukii
A0AB40DJB0	2	U-02	suzukii	D. suzukii
A0AB40DJB1	1	U-01	suzukii	D. suzukii
A0AB40DJB2	1	U-01	suzukii	D. suzukii
A0AB40DJB8	1	U-01	suzukii	D. suzukii
A0AB40DJC0	1	U-01	suzukii	D. suzukii
A0AB40DJC3	1	U-01	suzukii	D. suzukii
A0AB40DJC7	0	unassigned	suzukii	D. suzukii
A0AB40DJD4	0	unassigned	suzukii	D. suzukii
A0AB40DJD7	1	U-01	suzukii	D. suzukii
A0AB40DJE0	1	U-01	suzukii	D. suzukii
A0AB40DJE6	1	U-01	suzukii	D. suzukii
A0AB40DJE7	1	U-01	suzukii	D. suzukii
A0AB40DJF0	0	unassigned	suzukii	D. suzukii
A0AB40DJH2	0	unassigned	suzukii	D. suzukii
A0AB40DJI2	1	U-01	suzukii	D. suzukii
A0AB40DJI3	0	unassigned	suzukii	D. suzukii
A0AB40DJI5	2	U-02	suzukii	D. suzukii
A0AB40DJJ6	2	U-02	suzukii	D. suzukii
A0AB40DJK0	2	U-02	suzukii	D. suzukii
A0AB40DJM1	0	unassigned	suzukii	D. suzukii
A0AB40DJM7	1	U-01	suzukii	D. suzukii
A0AB40DJM9	1	U-01	suzukii	D. suzukii
A0AB40DJQ2	1	U-01	suzukii	D. suzukii
A0AB40DJQ4	1	U-01	suzukii	D. suzukii
A0AB40DJQ7	1	U-01	suzukii	D. suzukii
A0AB40DJR2	1	U-01	suzukii	D. suzukii
A0AB40DJR4	1	U-01	suzukii	D. suzukii
A0AB40DJR7	1	U-01	suzukii	D. suzukii
A0AB40DJR8	1	U-01	suzukii	D. suzukii
A0AB40DJU1	1	U-01	suzukii	D. suzukii
A0AB40DJU4	3	U-03	suzukii	D. suzukii
A0AB40DJU5	0	unassigned	suzukii	D. suzukii
A0AB40DJU8	2	U-02	suzukii	D. suzukii
A0AB40DJU9	2	U-02	suzukii	D. suzukii
A0AB40DJW9	2	U-02	suzukii	D. suzukii
A0AB40DJX5	1	U-01	suzukii	D. suzukii
A0ABM4TMS4	1	U-01	suzukii	D. suzukii
A0ABM4TMS5	1	U-01	suzukii	D. suzukii
A0ABM4TMT2	0	unassigned	suzukii	D. suzukii
A0ABM4TMT9	0	unassigned	suzukii	D. suzukii
A0ABM4TMU2	0	unassigned	suzukii	D. suzukii
A0ABM4TMU4	0	unassigned	suzukii	D. suzukii
A0ABM4TMV5	0	unassigned	suzukii	D. suzukii
A0ABM4TMV6	1	U-01	suzukii	D. suzukii
A0ABM4TMV8	1	U-01	suzukii	D. suzukii
A0ABM4TMW0	0	unassigned	suzukii	D. suzukii
A0ABM4TMW1	0	unassigned	suzukii	D. suzukii
A0AB39ZM94	3	U-03	suzukii	D. suzukii
A0AB39ZM99	1	U-01	suzukii	D. suzukii
A0AB39ZMA0	1	U-01	suzukii	D. suzukii
A0AB39ZMA2	1	U-01	suzukii	D. suzukii
A0AB39ZMA5	2	U-02	suzukii	D. suzukii
A0AB39ZMA8	1	U-01	suzukii	D. suzukii
A0AB39ZMA9	1	U-01	suzukii	D. suzukii
A0AB39ZMB0	1	U-01	suzukii	D. suzukii
A0AB39ZMB4	0	unassigned	suzukii	D. suzukii
A0AB39ZMB6	1	U-01	suzukii	D. suzukii
A0AB39ZMB7	1	U-01	suzukii	D. suzukii
A0AB39ZMB9	1	U-01	suzukii	D. suzukii
A0AB39ZMC0	1	U-01	suzukii	D. suzukii
A0AB39ZMC1	1	U-01	suzukii	D. suzukii
A0AB39ZMC2	1	U-01	suzukii	D. suzukii
A0AB39ZMC4	1	U-01	suzukii	D. suzukii
A0AB39ZMC6	1	U-01	suzukii	D. suzukii
A0AB39ZMD1	0	unassigned	suzukii	D. suzukii
A0AB39ZMD2	1	U-01	suzukii	D. suzukii
A0AB39ZMD3	0	unassigned	suzukii	D. suzukii
A0AB39ZMD6	1	U-01	suzukii	D. suzukii
A0AB39ZME2	1	U-01	suzukii	D. suzukii
A0AB39ZME3	1	U-01	suzukii	D. suzukii
A0AB39ZME5	1	U-01	suzukii	D. suzukii
A0AB39ZME7	2	U-02	suzukii	D. suzukii
A0AB39ZME8	1	U-01	suzukii	D. suzukii
A0AB39ZMF1	1	U-01	suzukii	D. suzukii
A0AB39ZMF4	1	U-01	suzukii	D. suzukii
A0AB39ZMF9	1	U-01	suzukii	D. suzukii
A0AB39ZMG1	1	U-01	suzukii	D. suzukii
A0AB39ZMG4	1	U-01	suzukii	D. suzukii
A0AB39ZMG6	1	U-01	suzukii	D. suzukii
A0AB39ZMG7	1	U-01	suzukii	D. suzukii
A0AB39ZMG8	1	U-01	suzukii	D. suzukii
A0AB39ZMH0	1	U-01	suzukii	D. suzukii
A0AB39ZMH1	1	U-01	suzukii	D. suzukii
A0AB39ZMH4	1	U-01	suzukii	D. suzukii
A0AB39ZMH6	1	U-01	suzukii	D. suzukii
A0AB39ZMH9	1	U-01	suzukii	D. suzukii
A0AB39ZMI3	1	U-01	suzukii	D. suzukii
A0AB39ZMI6	0	unassigned	suzukii	D. suzukii
A0AB39ZMI9	3	U-03	suzukii	D. suzukii
A0AB39ZMJ1	1	U-01	suzukii	D. suzukii
A0AB39ZMJ5	2	U-02	suzukii	D. suzukii
A0AB39ZMK1	1	U-01	suzukii	D. suzukii
A0AB39ZMK2	1	U-01	suzukii	D. suzukii
A0AB39ZMK3	1	U-01	suzukii	D. suzukii
A0AB39ZMK5	1	U-01	suzukii	D. suzukii
A0AB39ZMK6	1	U-01	suzukii	D. suzukii
A0AB39ZMK7	1	U-01	suzukii	D. suzukii
A0AB39ZMK8	2	U-02	suzukii	D. suzukii
A0AB39ZML0	1	U-01	suzukii	D. suzukii
A0AB39ZML6	1	U-01	suzukii	D. suzukii
A0AB39ZML7	1	U-01	suzukii	D. suzukii
A0AB39ZML9	1	U-01	suzukii	D. suzukii
A0AB39ZMM1	0	unassigned	suzukii	D. suzukii
A0AB39ZMM3	1	U-01	suzukii	D. suzukii
A0AB39ZMM4	1	U-01	suzukii	D. suzukii
A0AB39ZMN2	3	U-03	suzukii	D. suzukii
A0AB39ZMN3	3	U-03	suzukii	D. suzukii
A0AB39ZMN5	1	U-01	suzukii	D. suzukii
A0AB39ZMN8	1	U-01	suzukii	D. suzukii
A0AB39ZMP4	1	U-01	suzukii	D. suzukii
A0AB39ZMP5	1	U-01	suzukii	D. suzukii
A0AB39ZMP7	1	U-01	suzukii	D. suzukii
A0AB39ZMQ0	1	U-01	suzukii	D. suzukii
A0AB39ZMQ1	1	U-01	suzukii	D. suzukii
A0AB39ZMQ2	1	U-01	suzukii	D. suzukii
A0AB39ZMQ5	0	unassigned	suzukii	D. suzukii
A0AB39ZMQ6	1	U-01	suzukii	D. suzukii
A0AB39ZMQ7	1	U-01	suzukii	D. suzukii
A0AB39ZMQ9	1	U-01	suzukii	D. suzukii
A0AB39ZMR6	1	U-01	suzukii	D. suzukii
A0AB39ZMR8	1	U-01	suzukii	D. suzukii
A0AB39ZMS0	1	U-01	suzukii	D. suzukii
A0AB39ZMS1	3	U-03	suzukii	D. suzukii
A0AB39ZSA1	3	U-03	suzukii	D. suzukii
A0AB39ZSA2	0	unassigned	suzukii	D. suzukii
A0AB39ZSA3	1	U-01	suzukii	D. suzukii
A0AB39ZSA6	1	U-01	suzukii	D. suzukii
A0AB39ZSB0	1	U-01	suzukii	D. suzukii
A0AB39ZSB1	1	U-01	suzukii	D. suzukii
A0AB39ZSB4	3	U-03	suzukii	D. suzukii
A0AB39ZSB5	1	U-01	suzukii	D. suzukii
A0AB39ZSB6	1	U-01	suzukii	D. suzukii
A0AB39ZSB8	2	U-02	suzukii	D. suzukii
A0AB39ZSC2	1	U-01	suzukii	D. suzukii
A0AB39ZSC3	1	U-01	suzukii	D. suzukii
A0AB39ZSC4	1	U-01	suzukii	D. suzukii
A0AB39ZSC7	1	U-01	suzukii	D. suzukii
A0AB39ZSC9	1	U-01	suzukii	D. suzukii
A0AB39ZSD0	1	U-01	suzukii	D. suzukii
A0AB39ZSD1	1	U-01	suzukii	D. suzukii
A0AB39ZSD2	1	U-01	suzukii	D. suzukii
A0AB39ZSD5	1	U-01	suzukii	D. suzukii
A0AB39ZSD8	1	U-01	suzukii	D. suzukii
A0AB39ZSD9	1	U-01	suzukii	D. suzukii
A0AB39ZSE1	2	U-02	suzukii	D. suzukii
A0AB39ZSE2	1	U-01	suzukii	D. suzukii
A0AB39ZSE3	2	U-02	suzukii	D. suzukii
A0AB40DCL6	1	U-01	suzukii	D. suzukii
A0AB40DCM2	0	unassigned	suzukii	D. suzukii
A0AB40DCM3	0	unassigned	suzukii	D. suzukii
A0AB40DCM4	1	U-01	suzukii	D. suzukii
A0AB40DCM7	1	U-01	suzukii	D. suzukii
A0AB40DCN3	1	U-01	suzukii	D. suzukii
A0AB40DCN9	1	U-01	suzukii	D. suzukii
A0AB40DCP1	1	U-01	suzukii	D. suzukii
A0AB40DCP2	1	U-01	suzukii	D. suzukii
A0AB40DCP6	2	U-02	suzukii	D. suzukii
A0AB40DCP7	1	U-01	suzukii	D. suzukii
A0AB40DCQ0	0	unassigned	suzukii	D. suzukii
A0AB40DCQ7	1	U-01	suzukii	D. suzukii
A0AB40DCR3	1	U-01	suzukii	D. suzukii
A0AB40DCR5	0	unassigned	suzukii	D. suzukii
A0AB40DCR6	0	unassigned	suzukii	D. suzukii
A0AB40DCR7	2	U-02	suzukii	D. suzukii
A0AB40DCS2	1	U-01	suzukii	D. suzukii
A0AB40DCS4	1	U-01	suzukii	D. suzukii
A0AB40DCS6	1	U-01	suzukii	D. suzukii
A0AB40DCS8	0	unassigned	suzukii	D. suzukii
A0AB40DCT7	1	U-01	suzukii	D. suzukii
A0AB40DCU4	2	U-02	suzukii	D. suzukii
A0AB40DCU7	1	U-01	suzukii	D. suzukii
A0AB40DCU9	1	U-01	suzukii	D. suzukii
A0AB40DCV0	1	U-01	suzukii	D. suzukii
A0AB40DCV4	1	U-01	suzukii	D. suzukii
A0AB40DCV6	1	U-01	suzukii	D. suzukii
A0AB40DCW2	1	U-01	suzukii	D. suzukii
A0AB40DCW3	0	unassigned	suzukii	D. suzukii
A0AB40DCW4	0	unassigned	suzukii	D. suzukii
A0AB40DCW7	1	U-01	suzukii	D. suzukii
A0AB40DCX0	0	unassigned	suzukii	D. suzukii
A0AB40DCX4	0	unassigned	suzukii	D. suzukii
A0AB40DCX5	1	U-01	suzukii	D. suzukii
A0AB40DCX7	1	U-01	suzukii	D. suzukii
A0AB40DCY2	0	unassigned	suzukii	D. suzukii
A0AB40DCY6	1	U-01	suzukii	D. suzukii
A0AB40DCZ0	0	unassigned	suzukii	D. suzukii
A0AB40DCZ2	0	unassigned	suzukii	D. suzukii
A0AB40DCZ3	1	U-01	suzukii	D. suzukii
A0AB40DCZ5	1	U-01	suzukii	D. suzukii
A0AB40DCZ8	1	U-01	suzukii	D. suzukii
A0AB40DCZ9	1	U-01	suzukii	D. suzukii
A0AB40DD00	1	U-01	suzukii	D. suzukii
A0AB40DD02	1	U-01	suzukii	D. suzukii
A0AB40DD03	1	U-01	suzukii	D. suzukii
A0AB40DD05	1	U-01	suzukii	D. suzukii
A0AB40DL32	1	U-01	suzukii	D. suzukii
A0AB40DL38	0	unassigned	suzukii	D. suzukii
A0AB40DL41	0	unassigned	suzukii	D. suzukii
A0AB40DL45	0	unassigned	suzukii	D. suzukii
A0AB40DL53	1	U-01	suzukii	D. suzukii
A0AB40DL54	2	U-02	suzukii	D. suzukii
A0AB40DL58	1	U-01	suzukii	D. suzukii
A0AB40DL79	1	U-01	suzukii	D. suzukii
A0AB40DL81	2	U-02	suzukii	D. suzukii
A0AB40DL87	1	U-01	suzukii	D. suzukii
A0AB40DL89	1	U-01	suzukii	D. suzukii
A0AB40DL97	1	U-01	suzukii	D. suzukii
A0AB40DLA0	3	U-03	suzukii	D. suzukii
A0AB40DLB0	0	unassigned	suzukii	D. suzukii
A0AB40DLB1	1	U-01	suzukii	D. suzukii
A0AB40DLC1	1	U-01	suzukii	D. suzukii
A0AB40DLC4	1	U-01	suzukii	D. suzukii
A0AB40DLC7	1	U-01	suzukii	D. suzukii
A0AB40DLC9	0	unassigned	suzukii	D. suzukii
A0AB40DLD3	1	U-01	suzukii	D. suzukii
A0AB40DLD8	1	U-01	suzukii	D. suzukii
A0AB40DLE0	0	unassigned	suzukii	D. suzukii
A0AB40DLF2	1	U-01	suzukii	D. suzukii
A0AB40DLF4	0	unassigned	suzukii	D. suzukii
A0AB40DLG0	3	U-03	suzukii	D. suzukii
A0AB40DLG3	1	U-01	suzukii	D. suzukii
A0AB40DLH8	1	U-01	suzukii	D. suzukii
A0AB40DLI0	1	U-01	suzukii	D. suzukii
A0AB40DLI8	1	U-01	suzukii	D. suzukii
A0AB40DLI9	1	U-01	suzukii	D. suzukii
A0AB40DLJ1	1	U-01	suzukii	D. suzukii
A0AB40DLJ6	3	U-03	suzukii	D. suzukii
A0AB40DLJ7	1	U-01	suzukii	D. suzukii
A0AB40DLK2	1	U-01	suzukii	D. suzukii
A0AB40DLK4	1	U-01	suzukii	D. suzukii
A0AB40DLK6	1	U-01	suzukii	D. suzukii
A0AB40DLK9	1	U-01	suzukii	D. suzukii
A0AB40DLL1	1	U-01	suzukii	D. suzukii
A0AB40DLL6	1	U-01	suzukii	D. suzukii
A0AB40DLL7	1	U-01	suzukii	D. suzukii
A0AB40DLM3	0	unassigned	suzukii	D. suzukii
A0AB40DLM5	1	U-01	suzukii	D. suzukii
A0AB40DLM7	1	U-01	suzukii	D. suzukii
A0AB40DLN1	2	U-02	suzukii	D. suzukii
A0AB40DLN2	1	U-01	suzukii	D. suzukii
A0AB40DLP3	1	U-01	suzukii	D. suzukii
A0AB40DLP6	1	U-01	suzukii	D. suzukii
A0AB40DLQ0	1	U-01	suzukii	D. suzukii
A0AB40DLQ1	1	U-01	suzukii	D. suzukii
A0AB40DLQ7	0	unassigned	suzukii	D. suzukii
A0AB40DLR2	0	unassigned	suzukii	D. suzukii
A0AB40DLR8	1	U-01	suzukii	D. suzukii
A0AB40D7A8	3	U-03	suzukii	D. suzukii
A0AB40D7B0	1	U-01	suzukii	D. suzukii
A0AB40D7B1	0	unassigned	suzukii	D. suzukii
A0AB40D7B7	1	U-01	suzukii	D. suzukii
A0AB40D7C6	0	unassigned	suzukii	D. suzukii
A0AB40D7D6	1	U-01	suzukii	D. suzukii
A0AB40D7E9	0	unassigned	suzukii	D. suzukii
A0AB40D7F2	1	U-01	suzukii	D. suzukii
A0AB40D7F6	0	unassigned	suzukii	D. suzukii
A0AB40D7G2	1	U-01	suzukii	D. suzukii
A0AB40D7G3	1	U-01	suzukii	D. suzukii
A0AB40D7H1	2	U-02	suzukii	D. suzukii
A0AB40DLP5	0	unassigned	suzukii	D. suzukii
A0AB40DLP8	1	U-01	suzukii	D. suzukii
A0AB40DLQ3	1	U-01	suzukii	D. suzukii
A0AB40DLQ8	1	U-01	suzukii	D. suzukii
A0AB40DLW4	1	U-01	suzukii	D. suzukii
A0AB40DLX4	1	U-01	suzukii	D. suzukii
A0AB40DLY1	0	unassigned	suzukii	D. suzukii
A0AB40DM04	1	U-01	suzukii	D. suzukii
A0AB40DM05	0	unassigned	suzukii	D. suzukii
A0AB40DM19	1	U-01	suzukii	D. suzukii
A0AB40DM20	1	U-01	suzukii	D. suzukii
A0AB40DM26	1	U-01	suzukii	D. suzukii
A0AB40DM30	1	U-01	suzukii	D. suzukii
A0AB40DM47	2	U-02	suzukii	D. suzukii
A0AB40DM50	0	unassigned	suzukii	D. suzukii
A0AB40DM52	2	U-02	suzukii	D. suzukii
A0AB40DM54	1	U-01	suzukii	D. suzukii
A0AB40DM55	2	U-02	suzukii	D. suzukii
A0AB40DM57	1	U-01	suzukii	D. suzukii
A0AB40DM63	0	unassigned	suzukii	D. suzukii
A0AB40DM66	0	unassigned	suzukii	D. suzukii
A0AB40DM70	2	U-02	suzukii	D. suzukii
A0AB40DM71	1	U-01	suzukii	D. suzukii
A0AB40DM72	0	unassigned	suzukii	D. suzukii
A0AB40DM79	1	U-01	suzukii	D. suzukii
A0AB40DMC1	1	U-01	suzukii	D. suzukii
A0AB40DMC2	1	U-01	suzukii	D. suzukii
A0AB40DMC3	0	unassigned	suzukii	D. suzukii
A0AB40DMD4	1	U-01	suzukii	D. suzukii
A0AB40DMD8	1	U-01	suzukii	D. suzukii
A0AB40DME8	1	U-01	suzukii	D. suzukii
A0AB40DMG5	1	U-01	suzukii	D. suzukii
A0AB40DMI3	1	U-01	suzukii	D. suzukii
A0AB40DMJ0	0	unassigned	suzukii	D. suzukii
A0AB40DMJ7	0	unassigned	suzukii	D. suzukii
A0AB40DMK0	0	unassigned	suzukii	D. suzukii
A0AB40DMK3	2	U-02	suzukii	D. suzukii
A0AB40DMK5	0	unassigned	suzukii	D. suzukii
A0AB40DMK7	0	unassigned	suzukii	D. suzukii
A0AB40DMK9	0	unassigned	suzukii	D. suzukii
A0AB40DML0	0	unassigned	suzukii	D. suzukii
A0AB40DML2	0	unassigned	suzukii	D. suzukii
A0AB40DMM1	1	U-01	suzukii	D. suzukii
A0AB40DMM3	1	U-01	suzukii	D. suzukii
A0AB40DMP0	0	unassigned	suzukii	D. suzukii
A0AB40DMQ8	1	U-01	suzukii	D. suzukii
A0AB40DMR0	0	unassigned	suzukii	D. suzukii
A0AB40DMR6	0	unassigned	suzukii	D. suzukii
A0AB40DMS4	0	unassigned	suzukii	D. suzukii
A0AB40DMS9	1	U-01	suzukii	D. suzukii
A0AB40DMU0	1	U-01	suzukii	D. suzukii
A0AB40DMU8	1	U-01	suzukii	D. suzukii
A0AB40DMV1	1	U-01	suzukii	D. suzukii
A0AB40DMV3	1	U-01	suzukii	D. suzukii
A0AB40DMW0	1	U-01	suzukii	D. suzukii
A0AB40DMW1	2	U-02	suzukii	D. suzukii
A0AB40DMW2	1	U-01	suzukii	D. suzukii
A0AB40DMW3	0	unassigned	suzukii	D. suzukii
A0AB40DMW7	1	U-01	suzukii	D. suzukii
A0AB40DMX1	2	U-02	suzukii	D. suzukii
A0AB40DMY3	1	U-01	suzukii	D. suzukii
A0AB40DMY4	0	unassigned	suzukii	D. suzukii
A0AB40DMY7	1	U-01	suzukii	D. suzukii
A0AB40DMZ1	0	unassigned	suzukii	D. suzukii
A0AB40DMZ6	0	unassigned	suzukii	D. suzukii
A0AB40DMZ9	2	U-02	suzukii	D. suzukii
A0AB40DN01	0	unassigned	suzukii	D. suzukii
A0AB40DN04	0	unassigned	suzukii	D. suzukii
A0AB40DN11	0	unassigned	suzukii	D. suzukii
A0AB40DN17	1	U-01	suzukii	D. suzukii
A0AB40DN23	1	U-01	suzukii	D. suzukii
A0AB40DN29	1	U-01	suzukii	D. suzukii
A0AB40DN33	0	unassigned	suzukii	D. suzukii
A0AB40DN41	1	U-01	suzukii	D. suzukii
A0AB40DN49	1	U-01	suzukii	D. suzukii
A0AB40DN63	1	U-01	suzukii	D. suzukii
A0AB40DN72	0	unassigned	suzukii	D. suzukii
A0AB40DN73	1	U-01	suzukii	D. suzukii
A0AB40DN75	0	unassigned	suzukii	D. suzukii
A0AB40DN79	0	unassigned	suzukii	D. suzukii
A0AB40DN80	1	U-01	suzukii	D. suzukii
A0AB40DN82	1	U-01	suzukii	D. suzukii
A0AB40DN98	2	U-02	suzukii	D. suzukii
A0AB40DNB3	1	U-01	suzukii	D. suzukii
A0AB40DNB6	0	unassigned	suzukii	D. suzukii
A0AB40DNB7	0	unassigned	suzukii	D. suzukii
A0AB40DNC0	0	unassigned	suzukii	D. suzukii
A0AB40DND7	0	unassigned	suzukii	D. suzukii
A0AB40A3Y4	3	U-03	suzukii	D. suzukii
A0AB40A3Y5	0	unassigned	suzukii	D. suzukii
A0AB40A3Y9	1	U-01	suzukii	D. suzukii
A0AB40A3Z2	0	unassigned	suzukii	D. suzukii
A0AB40A3Z5	1	U-01	suzukii	D. suzukii
A0AB40A400	1	U-01	suzukii	D. suzukii
A0AB40A402	3	U-03	suzukii	D. suzukii
A0AB40A407	1	U-01	suzukii	D. suzukii
A0AB40A411	1	U-01	suzukii	D. suzukii
A0AB40A414	0	unassigned	suzukii	D. suzukii
A0AB40A418	1	U-01	suzukii	D. suzukii
A0AB40A420	1	U-01	suzukii	D. suzukii
A0AB40A424	0	unassigned	suzukii	D. suzukii
A0AB40A425	1	U-01	suzukii	D. suzukii
A0AB40A430	1	U-01	suzukii	D. suzukii
A0AB40A431	1	U-01	suzukii	D. suzukii
A0AB40A432	1	U-01	suzukii	D. suzukii
A0AB40A435	1	U-01	suzukii	D. suzukii
A0AB40A439	2	U-02	suzukii	D. suzukii
A0AB40A442	1	U-01	suzukii	D. suzukii
A0AB40A443	1	U-01	suzukii	D. suzukii
A0AB40A450	1	U-01	suzukii	D. suzukii
A0AB40A453	1	U-01	suzukii	D. suzukii
A0AB40A461	1	U-01	suzukii	D. suzukii
A0AB40A473	1	U-01	suzukii	D. suzukii
A0AB40A482	2	U-02	suzukii	D. suzukii
A0AB40A493	3	U-03	suzukii	D. suzukii
A0AB40A495	2	U-02	suzukii	D. suzukii
A0AB40A4A2	1	U-01	suzukii	D. suzukii
A0AB40A4B0	1	U-01	suzukii	D. suzukii
A0AB40A4B1	1	U-01	suzukii	D. suzukii
A0AB40A4B6	0	unassigned	suzukii	D. suzukii
A0AB40A4B9	0	unassigned	suzukii	D. suzukii
A0AB40A4C2	0	unassigned	suzukii	D. suzukii
A0AB40A4C4	0	unassigned	suzukii	D. suzukii
A0AB40A4C5	3	U-03	suzukii	D. suzukii
A0AB40A4C6	1	U-01	suzukii	D. suzukii
A0AB40A4C7	0	unassigned	suzukii	D. suzukii
A0AB40A4D2	0	unassigned	suzukii	D. suzukii
A0AB40A4D7	2	U-02	suzukii	D. suzukii
A0AB40A4D8	1	U-01	suzukii	D. suzukii
A0AB40A4D9	3	U-03	suzukii	D. suzukii
A0AB40A4E0	1	U-01	suzukii	D. suzukii
A0AB40A4E2	1	U-01	suzukii	D. suzukii
A0AB40A4E4	0	unassigned	suzukii	D. suzukii
A0AB40A4E8	1	U-01	suzukii	D. suzukii
A0AB40A4F2	1	U-01	suzukii	D. suzukii
A0AB40A4F4	1	U-01	suzukii	D. suzukii
A0AB40A4G0	2	U-02	suzukii	D. suzukii
A0AB40A4G2	2	U-02	suzukii	D. suzukii
A0AB40A4G4	1	U-01	suzukii	D. suzukii
A0AB40A4G5	1	U-01	suzukii	D. suzukii
A0AB40A4G6	1	U-01	suzukii	D. suzukii
A0AB40A4G8	1	U-01	suzukii	D. suzukii
A0AB40A4G9	0	unassigned	suzukii	D. suzukii
A0AB40A4H1	1	U-01	suzukii	D. suzukii
A0AB40A4H4	2	U-02	suzukii	D. suzukii
A0AB40A4H5	0	unassigned	suzukii	D. suzukii
A0AB40A4H6	2	U-02	suzukii	D. suzukii
A0AB40A4H9	0	unassigned	suzukii	D. suzukii
A0AB40A4I2	2	U-02	suzukii	D. suzukii
A0AB40A4I3	0	unassigned	suzukii	D. suzukii
A0AB40A4I4	2	U-02	suzukii	D. suzukii
A0AB40A4I6	0	unassigned	suzukii	D. suzukii
A0AB40A4I8	0	unassigned	suzukii	D. suzukii
A0AB40A4I9	0	unassigned	suzukii	D. suzukii
A0AB40A4J1	1	U-01	suzukii	D. suzukii
A0AB40A4J7	2	U-02	suzukii	D. suzukii
A0AB40A4J8	1	U-01	suzukii	D. suzukii
A0AB40A4J9	1	U-01	suzukii	D. suzukii
A0AB40A4K2	3	U-03	suzukii	D. suzukii
A0AB40A4K4	1	U-01	suzukii	D. suzukii
A0AB40A4K5	0	unassigned	suzukii	D. suzukii
A0AB40A4K6	1	U-01	suzukii	D. suzukii
A0AB40A4K7	0	unassigned	suzukii	D. suzukii
A0AB40A4K8	0	unassigned	suzukii	D. suzukii
A0AB40A4L1	1	U-01	suzukii	D. suzukii
A0AB40A4L9	0	unassigned	suzukii	D. suzukii
A0AB40A4M4	0	unassigned	suzukii	D. suzukii
A0AB40A4M5	1	U-01	suzukii	D. suzukii
A0AB40A4N1	1	U-01	suzukii	D. suzukii
A0AB40A4N3	1	U-01	suzukii	D. suzukii
A0AB40A4N7	1	U-01	suzukii	D. suzukii
A0AB40A4N8	1	U-01	suzukii	D. suzukii
A0AB40A4P0	1	U-01	suzukii	D. suzukii
A0AB40A4P1	3	U-03	suzukii	D. suzukii
A0AB40A4P2	1	U-01	suzukii	D. suzukii
A0AB40AC40	1	U-01	suzukii	D. suzukii
A0AB40AC41	1	U-01	suzukii	D. suzukii
A0AB40AC42	1	U-01	suzukii	D. suzukii
A0AB40AC43	1	U-01	suzukii	D. suzukii
A0AB40AC44	1	U-01	suzukii	D. suzukii
A0AB40AC46	2	U-02	suzukii	D. suzukii
A0AB40AC48	1	U-01	suzukii	D. suzukii
A0AB40AC49	2	U-02	suzukii	D. suzukii
A0AB40AC50	1	U-01	suzukii	D. suzukii
A0AB40AC52	1	U-01	suzukii	D. suzukii
A0AB40AC55	1	U-01	suzukii	D. suzukii
A0AB40AC56	1	U-01	suzukii	D. suzukii
A0AB40AC64	0	unassigned	suzukii	D. suzukii
